2015.04.10 03:00:03.571,8.75103,8.75497,1.60,1.60
2015.04.10 03:00:06.236,8.75083,8.75697,1.60,1.60
2015.04.10 03:00:06.388,8.75083,8.75697,1.98,1.60
2015.04.10 03:00:06.593,8.75083,8.75697,1.60,1.60
2015.04.10 03:00:06.694,8.75083,8.75697,2.35,1.60
2015.04.10 03:00:07.001,8.75174,8.75786,1.68,1.60
2015.04.10 03:00:07.506,8.75187,8.75786,1.75,1.60
2015.04.10 03:00:07.608,8.75187,8.75786,1.00,1.60
2015.04.10 03:00:07.659,8.75443,8.75827,1.60,1.60
2015.04.10 03:00:07.760,8.75223,8.75837,1.98,1.60
2015.04.10 03:00:08.385,8.75343,8.7595,1.60,1.30
2015.04.10 03:00:08.436,8.75343,8.75957,1.60,1.60
2015.04.10 03:00:08.640,8.75434,8.76046,1.60,1.60
2015.04.10 03:00:08.944,8.75434,8.7604,1.60,1.00
2015.04.10 03:00:09.199,8.75434,8.76046,1.60,1.60
2015.04.10 03:00:09.790,8.75434,8.75991,1.60,1.00
2015.04.10 03:00:10.194,8.75434,8.76015,1.60,1.00
2015.04.10 03:00:10.345,8.75434,8.76046,1.60,1.60
2015.04.10 03:00:10.713,8.75543,8.76108,1.60,1.00
2015.04.10 03:00:11.027,8.75543,8.76091,1.60,1.00
2015.04.10 03:00:11.329,8.75543,8.76111,1.60,1.00
2015.04.10 03:00:11.430,8.75543,8.76128,1.60,1.30
2015.04.10 03:00:11.481,8.75497,8.76128,1.00,1.30
2015.04.10 03:00:11.633,8.75484,8.76073,1.00,1.00
2015.04.10 03:00:11.734,8.75439,8.76051,1.00,1.00
2015.04.10 03:00:11.835,8.7534,8.76118,1.00,1.00
2015.04.10 03:00:11.886,8.75337,8.76118,1.00,1.00
2015.04.10 03:00:13.026,8.75283,8.75667,1.68,1.60
2015.04.10 03:00:13.077,8.75283,8.75667,1.60,1.60
2015.04.10 03:00:13.607,8.75163,8.75547,1.60,1.60
2015.04.10 03:00:34.302,8.75163,8.75547,1.60,1.68
2015.04.10 03:00:34.454,8.75163,8.75547,1.60,1.60
2015.04.10 03:00:46.811,8.75063,8.75457,1.60,1.60
2015.04.10 03:00:54.315,8.75013,8.75397,1.60,1.60
2015.04.10 03:01:22.358,8.75053,8.75437,1.60,1.60
2015.04.10 03:01:28.259,8.75093,8.75477,1.60,1.60
2015.04.10 03:01:37.815,8.75134,8.75516,1.60,1.60
2015.04.10 03:01:41.319,8.75134,8.75516,1.68,1.60
2015.04.10 03:01:41.572,8.75183,8.75567,1.60,1.60
2015.04.10 03:01:44.619,8.75183,8.75567,1.60,1.68
2015.04.10 03:01:44.922,8.75183,8.75567,1.60,1.98
2015.04.10 03:01:45.547,8.75183,8.75567,1.60,1.60
2015.04.10 03:01:46.458,8.75183,8.75567,1.60,1.68
2015.04.10 03:01:47.243,8.75183,8.75567,1.60,1.60
2015.04.10 03:01:48.138,8.75183,8.75567,1.60,1.98
2015.04.10 03:01:48.447,8.75183,8.75567,1.60,1.98
2015.04.10 03:01:48.564,8.75183,8.75567,1.60,1.98
2015.04.10 03:01:49.037,8.75183,8.75567,1.60,1.60
2015.04.10 03:01:50.539,8.75183,8.75567,1.60,1.68
2015.04.10 03:01:51.561,8.75183,8.75567,1.60,1.60
2015.04.10 03:01:52.529,8.75183,8.75567,1.60,1.68
2015.04.10 03:01:53.030,8.75183,8.75567,1.60,1.60
2015.04.10 03:01:55.307,8.75183,8.75567,1.98,1.60
2015.04.10 03:01:56.248,8.75183,8.75567,1.68,1.60
2015.04.10 03:01:56.475,8.75183,8.75567,1.68,1.60
2015.04.10 03:01:57.556,8.75183,8.75567,1.60,1.60
2015.04.10 03:01:59.949,8.75273,8.75667,1.60,1.60
2015.04.10 03:02:02.098,8.75273,8.75667,1.60,1.68
2015.04.10 03:02:02.542,8.75273,8.75667,1.60,1.98
2015.04.10 03:02:03.066,8.75273,8.75667,1.60,1.98
2015.04.10 03:02:03.117,8.75273,8.75667,1.60,1.60
2015.04.10 03:02:04.165,8.75273,8.75887,1.60,1.60
2015.04.10 03:02:04.620,8.75273,8.75887,1.68,1.60
2015.04.10 03:02:04.973,8.75273,8.75887,2.35,1.60
2015.04.10 03:02:05.175,8.75454,8.75887,1.30,1.60
2015.04.10 03:02:05.276,8.75273,8.75887,2.35,1.60
2015.04.10 03:02:05.379,8.75273,8.75887,2.35,1.60
2015.04.10 03:02:05.581,8.75495,8.76027,1.30,1.60
2015.04.10 03:02:05.632,8.75495,8.76027,1.67,1.60
2015.04.10 03:02:05.733,8.75495,8.76027,1.30,1.60
2015.04.10 03:02:05.834,8.75428,8.76027,1.30,1.60
2015.04.10 03:02:05.884,8.75448,8.76027,1.30,1.60
2015.04.10 03:02:06.229,8.75553,8.76167,1.60,1.60
2015.04.10 03:02:06.450,8.75643,8.76257,1.60,1.60
2015.04.10 03:02:06.753,8.75514,8.7611,1.60,1.00
2015.04.10 03:02:06.905,8.75514,8.76124,1.60,1.00
2015.04.10 03:02:07.006,8.75514,8.76075,1.60,1.00
2015.04.10 03:02:07.460,8.75514,8.76093,1.60,1.00
2015.04.10 03:02:07.562,8.75514,8.76126,1.60,1.60
2015.04.10 03:02:07.713,8.75561,8.76126,1.30,1.60
2015.04.10 03:02:07.865,8.75514,8.76126,1.60,1.60
2015.04.10 03:02:08.536,8.75594,8.7613,1.60,1.00
2015.04.10 03:02:08.688,8.75594,8.76157,1.60,1.00
2015.04.10 03:02:09.008,8.75594,8.76139,1.60,1.00
2015.04.10 03:02:09.893,8.75594,8.76092,1.60,1.00
2015.04.10 03:02:09.994,8.75594,8.76113,1.60,1.00
2015.04.10 03:02:10.095,8.75623,8.7615,1.60,1.00
2015.04.10 03:02:10.196,8.75623,8.76105,1.60,1.00
2015.04.10 03:02:10.449,8.75623,8.76148,1.60,1.00
2015.04.10 03:02:10.550,8.75623,8.76057,1.60,1.00
2015.04.10 03:02:10.651,8.75493,8.76057,1.60,1.00
2015.04.10 03:02:10.753,8.75503,8.75887,1.60,1.60
2015.04.10 03:02:10.854,8.75333,8.75947,2.35,1.60
2015.04.10 03:02:10.955,8.75423,8.76037,1.60,1.60
2015.04.10 03:02:11.157,8.75533,8.76039,1.60,1.00
2015.04.10 03:02:11.379,8.75533,8.76047,1.60,1.00
2015.04.10 03:02:11.480,8.75533,8.76147,1.60,1.60
2015.04.10 03:02:12.367,8.75483,8.76097,1.60,1.60
2015.04.10 03:02:15.107,8.75483,8.76097,1.60,2.35
2015.04.10 03:02:15.733,8.75483,8.76097,1.60,1.60
2015.04.10 03:02:15.785,8.75483,8.76097,1.60,2.35
2015.04.10 03:02:16.383,8.75483,8.76097,1.60,1.60
2015.04.10 03:02:16.602,8.75573,8.75957,1.60,1.60
2015.04.10 03:02:17.849,8.75573,8.75957,1.60,1.68
2015.04.10 03:02:18.178,8.75573,8.75957,1.60,2.35
2015.04.10 03:02:18.621,8.75573,8.75957,1.60,2.35
2015.04.10 03:02:18.843,8.75573,8.75957,1.60,1.98
2015.04.10 03:02:19.049,8.75573,8.75957,1.60,1.60
2015.04.10 03:02:19.790,8.75573,8.75957,1.60,1.68
2015.04.10 03:02:20.093,8.75573,8.75957,1.60,1.98
2015.04.10 03:02:20.447,8.75573,8.75957,1.60,2.35
2015.04.10 03:02:21.140,8.75573,8.75954,1.60,1.12
2015.04.10 03:02:21.981,8.75453,8.75847,1.60,1.60
2015.04.10 03:02:22.339,8.75453,8.75847,1.60,1.98
2015.04.10 03:02:22.807,8.75453,8.75847,1.60,2.35
2015.04.10 03:02:23.016,8.75453,8.75847,1.60,1.98
2015.04.10 03:02:23.321,8.75453,8.75847,1.60,1.60
2015.04.10 03:02:23.995,8.75453,8.75847,1.60,1.68
2015.04.10 03:02:24.297,8.75453,8.75847,1.60,2.35
2015.04.10 03:02:25.535,8.75453,8.75847,1.60,2.35
2015.04.10 03:02:26.367,8.75453,8.75847,1.60,1.60
2015.04.10 03:02:27.279,8.75453,8.75847,1.60,1.98
2015.04.10 03:02:27.582,8.75453,8.75847,1.60,2.35
2015.04.10 03:02:28.272,8.75453,8.75847,1.60,1.98
2015.04.10 03:02:28.524,8.75453,8.75847,1.60,1.60
2015.04.10 03:02:29.839,8.75453,8.75847,1.60,1.68
2015.04.10 03:02:30.041,8.75453,8.75847,1.60,1.60
2015.04.10 03:02:31.039,8.75453,8.75847,1.60,2.35
2015.04.10 03:02:31.197,8.75373,8.75767,1.60,1.68
2015.04.10 03:02:31.248,8.75373,8.75767,1.60,1.98
2015.04.10 03:02:31.818,8.75373,8.75767,1.60,1.60
2015.04.10 03:02:33.020,8.75373,8.75767,1.60,1.68
2015.04.10 03:02:34.259,8.75373,8.75767,1.60,1.60
2015.04.10 03:02:34.789,8.75373,8.75767,1.60,1.68
2015.04.10 03:02:35.092,8.75373,8.75767,1.60,2.35
2015.04.10 03:02:35.394,8.75373,8.75767,1.60,2.35
2015.04.10 03:02:35.546,8.75373,8.75767,1.60,2.35
2015.04.10 03:02:35.748,8.75373,8.75767,1.60,1.68
2015.04.10 03:02:35.950,8.75283,8.75667,1.60,1.60
2015.04.10 03:02:38.561,8.75283,8.75667,1.60,2.35
2015.04.10 03:02:38.715,8.75283,8.75667,1.60,1.68
2015.04.10 03:02:39.071,8.75283,8.75667,1.60,1.98
2015.04.10 03:02:39.272,8.75283,8.75667,1.60,1.68
2015.04.10 03:02:40.011,8.75303,8.75697,1.60,1.98
2015.04.10 03:02:40.400,8.75303,8.75697,1.60,2.35
2015.04.10 03:02:40.839,8.75303,8.75697,1.60,2.73
2015.04.10 03:02:41.188,8.75303,8.75697,1.60,2.35
2015.04.10 03:02:41.239,8.75303,8.75697,1.60,1.98
2015.04.10 03:02:41.831,8.75303,8.75697,1.60,2.35
2015.04.10 03:02:42.346,8.75303,8.75697,1.60,2.35
2015.04.10 03:02:42.570,8.75303,8.75697,1.60,2.35
2015.04.10 03:02:43.016,8.75303,8.75697,1.60,2.35
2015.04.10 03:02:45.669,8.75303,8.75697,1.60,2.35
2015.04.10 03:02:46.370,8.75303,8.75697,1.60,2.35
2015.04.10 03:02:46.542,8.75303,8.75697,1.60,1.68
2015.04.10 03:02:47.006,8.75303,8.75697,1.60,1.98
2015.04.10 03:02:47.748,8.75303,8.75697,1.60,2.35
2015.04.10 03:02:48.068,8.75303,8.75697,1.60,2.35
2015.04.10 03:02:48.748,8.75303,8.75697,1.60,1.98
2015.04.10 03:02:49.216,8.75193,8.75577,1.60,1.60
2015.04.10 03:02:50.650,8.75193,8.75577,1.60,1.98
2015.04.10 03:02:51.067,8.75193,8.75577,1.60,1.60
2015.04.10 03:02:52.236,8.75193,8.75577,1.60,1.68
2015.04.10 03:02:53.226,8.75193,8.75577,1.60,1.60
2015.04.10 03:02:55.472,8.75193,8.75577,1.68,1.60
2015.04.10 03:02:55.573,8.75193,8.75577,1.60,1.60
2015.04.10 03:03:02.716,8.75193,8.75577,1.60,1.98
2015.04.10 03:03:03.247,8.75193,8.75577,1.60,2.35
2015.04.10 03:03:03.456,8.75193,8.75577,1.60,1.98
2015.04.10 03:03:04.016,8.75193,8.75577,1.60,1.68
2015.04.10 03:03:05.022,8.75193,8.75577,1.60,2.35
2015.04.10 03:03:05.297,8.75103,8.75487,1.60,1.60
2015.04.10 03:03:09.748,8.75103,8.75487,1.68,1.60
2015.04.10 03:03:10.362,8.75233,8.75617,1.60,1.60
2015.04.10 03:03:12.065,8.75233,8.75617,1.60,1.98
2015.04.10 03:03:12.306,8.75233,8.75617,1.60,1.68
2015.04.10 03:03:12.508,8.75233,8.75617,1.60,1.98
2015.04.10 03:03:13.253,8.75233,8.75617,1.60,2.35
2015.04.10 03:03:13.836,8.75233,8.75608,1.60,1.75
2015.04.10 03:03:14.873,8.75103,8.75497,1.60,1.98
2015.04.10 03:03:22.561,8.75103,8.75497,1.60,1.60
2015.04.10 03:03:27.937,8.75143,8.75527,1.60,1.98
2015.04.10 03:04:05.746,8.75143,8.75527,1.60,1.60
2015.04.10 03:04:07.848,8.75143,8.75527,1.60,1.98
2015.04.10 03:04:08.514,8.75143,8.75527,1.60,1.60
2015.04.10 03:04:08.820,8.75143,8.75527,2.35,1.60
2015.04.10 03:04:09.022,8.75143,8.75527,1.60,1.60
2015.04.10 03:04:11.813,8.75143,8.75527,2.35,1.60
2015.04.10 03:04:12.205,8.75143,8.75527,2.35,1.60
2015.04.10 03:04:12.585,8.75143,8.75527,1.60,1.60
2015.04.10 03:04:16.317,8.75143,8.75527,1.68,1.60
2015.04.10 03:04:16.519,8.75143,8.75527,1.60,1.60
2015.04.10 03:04:18.490,8.75143,8.75527,1.68,1.60
2015.04.10 03:04:19.288,8.75143,8.75527,1.60,1.60
2015.04.10 03:04:20.590,8.75143,8.75527,1.98,1.60
2015.04.10 03:04:21.583,8.75143,8.75527,2.35,1.60
2015.04.10 03:04:22.033,8.75143,8.75527,1.68,1.60
2015.04.10 03:04:22.134,8.75143,8.75527,1.60,1.60
2015.04.10 03:04:27.943,8.75043,8.75597,1.00,1.75
2015.04.10 03:04:28.055,8.75053,8.7559,1.00,1.37
2015.04.10 03:04:28.307,8.75053,8.75606,1.82,1.37
2015.04.10 03:04:28.822,8.75053,8.75707,1.37,1.75
2015.04.10 03:04:29.167,8.75053,8.75708,1.75,1.75
2015.04.10 03:04:29.524,8.75053,8.75708,1.75,1.75
2015.04.10 03:04:29.855,8.75053,8.756,1.37,1.37
2015.04.10 03:04:31.354,8.75083,8.75597,1.00,1.12
2015.04.10 03:04:31.774,8.75083,8.75612,1.37,1.82
2015.04.10 03:04:32.027,8.75071,8.75777,1.50,1.75
2015.04.10 03:04:32.128,8.75071,8.75777,1.75,1.75
2015.04.10 03:04:32.179,8.75071,8.75777,1.75,1.75
2015.04.10 03:04:32.280,8.75071,8.75777,1.00,1.75
2015.04.10 03:04:32.381,8.75071,8.75812,1.00,1.75
2015.04.10 03:04:32.434,8.75071,8.75812,1.00,1.75
2015.04.10 03:04:32.535,8.75071,8.75797,1.00,1.00
2015.04.10 03:04:32.636,8.75071,8.75817,1.00,1.00
2015.04.10 03:04:32.687,8.75071,8.75797,1.00,1.00
2015.04.10 03:04:32.888,8.75071,8.75827,1.00,1.00
2015.04.10 03:04:32.989,8.75071,8.75789,1.00,1.00
2015.04.10 03:04:33.241,8.7506,8.75817,1.07,1.00
2015.04.10 03:04:33.292,8.7506,8.75746,1.07,1.00
2015.04.10 03:04:33.674,8.75273,8.75844,1.60,1.30
2015.04.10 03:04:33.725,8.75273,8.75887,1.60,1.60
2015.04.10 03:04:33.984,8.75384,8.75887,1.30,1.60
2015.04.10 03:04:34.136,8.75273,8.75887,1.68,1.60
2015.04.10 03:04:34.388,8.75383,8.75997,1.60,1.60
2015.04.10 03:04:34.540,8.75383,8.75997,1.98,1.60
2015.04.10 03:04:34.846,8.75433,8.75997,1.75,1.60
2015.04.10 03:04:35.340,8.75693,8.76087,1.60,1.60
2015.04.10 03:04:35.492,8.75442,8.75987,2.05,1.60
2015.04.10 03:04:35.543,8.75373,8.75987,2.35,1.60
2015.04.10 03:04:35.644,8.75373,8.75987,1.60,1.60
2015.04.10 03:04:35.846,8.75593,8.75977,1.60,1.60
2015.04.10 03:04:36.256,8.75423,8.76037,1.60,1.60
2015.04.10 03:04:36.610,8.75427,8.76037,1.30,1.60
2015.04.10 03:04:36.912,8.75593,8.76207,1.60,1.60
2015.04.10 03:04:38.274,8.75454,8.76066,1.60,1.60
2015.04.10 03:04:38.601,8.75507,8.76066,1.30,1.60
2015.04.10 03:04:38.803,8.75454,8.76066,1.60,1.60
2015.04.10 03:04:39.736,8.75624,8.76236,1.60,1.60
2015.04.10 03:04:40.578,8.75463,8.76077,1.60,1.60
2015.04.10 03:04:40.836,8.75591,8.76077,1.30,1.60
2015.04.10 03:04:40.989,8.75463,8.76077,1.60,1.60
2015.04.10 03:04:41.344,8.75553,8.76167,1.60,1.60
2015.04.10 03:04:42.310,8.75673,8.76067,1.60,1.60
2015.04.10 03:04:42.411,8.7557,8.76037,1.30,1.60
2015.04.10 03:04:42.512,8.75423,8.76037,1.60,1.60
2015.04.10 03:04:43.402,8.75593,8.75977,1.60,1.60
2015.04.10 03:04:43.654,8.75343,8.75957,1.68,1.60
2015.04.10 03:04:44.009,8.75343,8.75957,1.60,1.60
2015.04.10 03:04:44.111,8.75343,8.75957,1.98,1.60
2015.04.10 03:04:44.514,8.75523,8.76137,1.60,1.60
2015.04.10 03:04:44.868,8.75633,8.76247,1.60,1.60
2015.04.10 03:04:45.272,8.75513,8.76127,1.60,1.60
2015.04.10 03:04:45.654,8.75552,8.76127,1.30,1.60
2015.04.10 03:04:45.915,8.75513,8.76127,2.35,1.60
2015.04.10 03:04:45.966,8.75546,8.76127,1.00,1.60
2015.04.10 03:04:46.169,8.75733,8.76347,1.60,1.60
2015.04.10 03:04:46.269,8.75713,8.76097,1.60,1.60
2015.04.10 03:04:46.522,8.75543,8.76157,1.60,1.60
2015.04.10 03:04:48.204,8.75543,8.76152,1.60,1.30
2015.04.10 03:04:48.305,8.75543,8.76157,1.60,1.60
2015.04.10 03:04:48.784,8.75423,8.76037,1.60,1.60
2015.04.10 03:04:49.212,8.755,8.76037,1.30,1.60
2015.04.10 03:04:49.313,8.75455,8.76037,1.00,1.60
2015.04.10 03:04:49.364,8.75463,8.76077,1.60,1.60
2015.04.10 03:04:49.415,8.75472,8.76077,1.00,1.60
2015.04.10 03:04:49.466,8.75583,8.76197,1.60,1.60
2015.04.10 03:04:49.779,8.75683,8.76297,1.60,1.60
2015.04.10 03:04:50.330,8.75543,8.76157,1.60,1.60
2015.04.10 03:04:52.120,8.75463,8.76077,1.60,1.60
2015.04.10 03:04:52.434,8.75593,8.76207,1.60,1.60
2015.04.10 03:04:55.840,8.75627,8.76207,1.30,1.60
2015.04.10 03:04:55.941,8.75593,8.76207,1.60,1.60
2015.04.10 03:04:56.497,8.75793,8.76177,1.60,1.60
2015.04.10 03:04:56.842,8.75643,8.76027,1.60,1.60
2015.04.10 03:04:56.944,8.7552,8.76007,1.30,1.60
2015.04.10 03:04:57.146,8.75473,8.76066,1.50,1.60
2015.04.10 03:04:57.247,8.75521,8.76066,1.30,1.60
2015.04.10 03:04:57.399,8.75623,8.76237,1.60,1.60
2015.04.10 03:04:57.449,8.75761,8.76237,1.30,1.60
2015.04.10 03:04:57.550,8.75623,8.76237,1.60,1.60
2015.04.10 03:04:57.954,8.75691,8.76237,1.30,1.60
2015.04.10 03:04:58.272,8.75517,8.76117,1.30,1.60
2015.04.10 03:04:58.474,8.75517,8.76296,1.30,1.00
2015.04.10 03:04:58.752,8.75373,8.76352,2.35,1.00
2015.04.10 03:04:58.853,8.75373,8.76387,2.35,1.00
2015.04.10 03:04:59.023,8.75383,8.76375,1.75,1.00
2015.04.10 03:04:59.525,8.75683,8.76297,1.60,1.60
2015.04.10 03:05:00.267,8.75683,8.76217,1.60,1.00
2015.04.10 03:05:00.594,8.75763,8.76157,1.60,1.60
2015.04.10 03:05:01.286,8.75763,8.76157,1.60,1.98
2015.04.10 03:05:01.488,8.75763,8.76157,1.60,1.98
2015.04.10 03:05:02.232,8.75673,8.76057,1.60,1.60
2015.04.10 03:05:04.491,8.75673,8.76057,1.60,1.98
2015.04.10 03:05:04.807,8.75673,8.76057,1.60,2.35
2015.04.10 03:05:05.110,8.75673,8.75991,1.60,1.12
2015.04.10 03:05:05.211,8.75553,8.75947,1.60,1.98
2015.04.10 03:05:05.262,8.75553,8.75947,1.60,2.35
2015.04.10 03:05:06.221,8.75553,8.75947,1.60,2.35
2015.04.10 03:05:06.473,8.75553,8.75947,1.60,2.35
2015.04.10 03:05:06.815,8.75553,8.75947,1.60,2.35
2015.04.10 03:05:06.985,8.75553,8.75947,1.60,1.68
2015.04.10 03:05:07.545,8.75553,8.75947,1.60,2.35
2015.04.10 03:05:07.801,8.75553,8.75947,1.60,2.35
2015.04.10 03:05:08.402,8.75473,8.75867,1.60,1.68
2015.04.10 03:05:08.787,8.75473,8.75867,1.60,2.35
2015.04.10 03:05:09.320,8.75373,8.75757,1.60,1.68
2015.04.10 03:05:10.300,8.75373,8.75757,1.60,1.60
2015.04.10 03:05:12.737,8.75373,8.75757,2.35,1.60
2015.04.10 03:05:12.788,8.75473,8.75867,1.60,1.60
2015.04.10 03:05:13.041,8.75473,8.75867,1.68,1.60
2015.04.10 03:05:13.486,8.75473,8.75867,1.60,1.60
2015.04.10 03:05:16.797,8.75473,8.75867,1.60,1.68
2015.04.10 03:05:17.005,8.75473,8.75867,1.60,1.60
2015.04.10 03:05:17.214,8.75473,8.75867,1.60,1.98
2015.04.10 03:05:17.714,8.75393,8.75777,1.60,1.60
2015.04.10 03:05:18.018,8.75393,8.75777,1.60,2.35
2015.04.10 03:05:18.220,8.75413,8.75777,1.00,1.60
2015.04.10 03:05:18.422,8.75393,8.75777,1.60,1.60
2015.04.10 03:05:18.574,8.75393,8.75777,1.60,2.35
2015.04.10 03:05:18.775,8.75393,8.75777,1.60,1.68
2015.04.10 03:05:19.748,8.75393,8.75777,1.60,2.35
2015.04.10 03:05:20.000,8.75393,8.75777,1.60,1.68
2015.04.10 03:05:20.184,8.75393,8.75777,1.60,1.60
2015.04.10 03:05:20.751,8.75393,8.75777,1.60,1.68
2015.04.10 03:05:21.231,8.75393,8.75777,1.60,2.35
2015.04.10 03:05:21.332,8.75393,8.75777,1.60,2.35
2015.04.10 03:05:21.945,8.75393,8.75777,1.60,2.35
2015.04.10 03:05:22.277,8.75393,8.75777,1.60,2.35
2015.04.10 03:05:22.755,8.75393,8.75777,1.60,1.68
2015.04.10 03:05:22.957,8.75393,8.75777,1.60,1.60
2015.04.10 03:05:24.386,8.75393,8.75777,1.60,1.68
2015.04.10 03:05:24.487,8.75393,8.75777,1.60,1.60
2015.04.10 03:05:28.354,8.75393,8.75777,1.98,1.60
2015.04.10 03:05:28.765,8.75393,8.75777,1.60,1.60
2015.04.10 03:05:32.982,8.75393,8.75777,1.68,1.60
2015.04.10 03:05:33.284,8.75393,8.75777,1.68,1.60
2015.04.10 03:05:33.386,8.75393,8.75777,1.60,1.60
2015.04.10 03:05:36.260,8.75393,8.75777,1.68,1.60
2015.04.10 03:05:36.766,8.75393,8.75777,1.68,1.60
2015.04.10 03:05:37.095,8.75393,8.75777,1.68,1.60
2015.04.10 03:05:37.792,8.75393,8.75777,1.60,1.60
2015.04.10 03:05:38.615,8.75398,8.75777,1.00,1.60
2015.04.10 03:05:38.817,8.75393,8.75777,1.68,1.60
2015.04.10 03:05:38.918,8.75393,8.75777,2.35,1.60
2015.04.10 03:05:39.033,8.75393,8.75777,1.98,1.60
2015.04.10 03:05:41.002,8.75393,8.75777,1.68,1.60
2015.04.10 03:05:41.204,8.75393,8.75777,1.60,1.60
2015.04.10 03:05:57.236,8.75423,8.75807,1.60,1.60
2015.04.10 03:05:58.328,8.75504,8.75896,1.60,1.60
2015.04.10 03:06:17.092,8.75504,8.75896,1.60,1.98
2015.04.10 03:06:17.417,8.75504,8.75896,1.60,2.35
2015.04.10 03:06:18.226,8.75504,8.75896,1.60,1.60
2015.04.10 03:06:19.193,8.75504,8.75896,1.60,1.98
2015.04.10 03:06:20.185,8.75504,8.75896,1.60,2.35
2015.04.10 03:06:20.304,8.75403,8.75797,1.60,1.60
2015.04.10 03:06:21.268,8.75403,8.75797,1.60,1.98
2015.04.10 03:06:21.574,8.75403,8.75797,1.60,2.35
2015.04.10 03:06:21.961,8.75403,8.75797,1.60,1.60
2015.04.10 03:06:23.263,8.75403,8.75797,1.60,1.98
2015.04.10 03:06:23.746,8.75403,8.75797,1.60,1.98
2015.04.10 03:06:24.154,8.75403,8.75781,1.60,1.12
2015.04.10 03:06:24.722,8.75403,8.75797,1.60,2.43
2015.04.10 03:06:25.097,8.75403,8.75797,1.60,1.68
2015.04.10 03:06:25.148,8.75403,8.75797,1.60,1.60
2015.04.10 03:06:26.714,8.75403,8.75797,1.60,1.98
2015.04.10 03:06:29.042,8.75403,8.75797,1.60,1.60
2015.04.10 03:06:30.303,8.75403,8.75797,1.60,1.68
2015.04.10 03:06:31.237,8.75403,8.75797,1.60,1.60
2015.04.10 03:06:31.623,8.75403,8.75797,1.60,1.68
2015.04.10 03:06:35.913,8.75403,8.75797,1.60,1.60
2015.04.10 03:06:36.386,8.75403,8.75797,1.68,1.60
2015.04.10 03:06:36.898,8.75403,8.75797,1.60,1.60
2015.04.10 03:06:37.354,8.75403,8.75797,1.60,2.35
2015.04.10 03:06:37.666,8.75403,8.75797,1.60,2.73
2015.04.10 03:06:38.083,8.75403,8.7577,1.60,1.00
2015.04.10 03:06:38.443,8.75403,8.75797,1.60,2.43
2015.04.10 03:06:38.696,8.75403,8.75787,1.60,1.12
2015.04.10 03:06:38.783,8.75333,8.75707,1.00,1.60
2015.04.10 03:06:38.845,8.75343,8.75707,1.00,1.60
2015.04.10 03:06:39.067,8.75323,8.75707,2.35,1.60
2015.04.10 03:06:39.168,8.75333,8.75707,1.00,1.60
2015.04.10 03:06:39.542,8.75336,8.75707,1.00,1.60
2015.04.10 03:06:39.872,8.75342,8.75707,1.00,1.60
2015.04.10 03:06:40.374,8.75323,8.75707,2.35,1.60
2015.04.10 03:06:41.240,8.75353,8.75707,1.00,1.60
2015.04.10 03:06:41.291,8.75343,8.75707,1.00,1.60
2015.04.10 03:06:41.626,8.75338,8.75707,1.00,1.60
2015.04.10 03:06:42.673,8.75329,8.75707,1.00,1.60
2015.04.10 03:06:42.904,8.75327,8.75707,1.00,1.60
2015.04.10 03:06:43.593,8.75343,8.75707,1.00,1.60
2015.04.10 03:06:43.823,8.75327,8.75707,1.00,1.60
2015.04.10 03:06:43.874,8.75325,8.75707,1.00,1.60
2015.04.10 03:06:44.373,8.75333,8.75707,1.00,1.60
2015.04.10 03:06:44.771,8.75343,8.75707,1.00,1.60
2015.04.10 03:06:45.133,8.75353,8.75707,1.00,1.60
2015.04.10 03:06:45.816,8.75343,8.75707,1.00,1.60
2015.04.10 03:06:46.873,8.75333,8.75707,1.00,1.60
2015.04.10 03:06:47.470,8.75333,8.75707,1.75,1.60
2015.04.10 03:06:47.793,8.75363,8.75707,1.00,1.60
2015.04.10 03:06:48.316,8.75364,8.75707,1.00,1.60
2015.04.10 03:06:48.893,8.75363,8.75707,1.00,1.60
2015.04.10 03:06:49.873,8.75323,8.75707,2.35,1.60
2015.04.10 03:06:50.628,8.75343,8.75707,1.00,1.60
2015.04.10 03:06:50.873,8.75323,8.75707,1.60,1.60
2015.04.10 03:06:51.079,8.75363,8.75707,1.00,1.60
2015.04.10 03:06:51.823,8.75343,8.75707,1.00,1.60
2015.04.10 03:06:52.075,8.75333,8.75707,1.00,1.60
2015.04.10 03:06:53.833,8.75344,8.75707,1.00,1.60
2015.04.10 03:06:54.059,8.75323,8.75707,1.98,1.60
2015.04.10 03:06:54.362,8.75343,8.75707,1.00,1.60
2015.04.10 03:06:55.174,8.75353,8.75737,1.60,1.60
2015.04.10 03:06:56.913,8.75363,8.75737,1.00,1.60
2015.04.10 03:06:57.103,8.75353,8.75737,1.60,1.60
2015.04.10 03:06:57.405,8.75353,8.75737,3.48,1.60
2015.04.10 03:06:57.507,8.75353,8.75737,2.35,1.60
2015.04.10 03:06:58.787,8.75353,8.75737,3.48,1.60
2015.04.10 03:06:59.039,8.75413,8.75797,1.60,1.60
2015.04.10 03:07:00.336,8.75433,8.75797,1.00,1.60
2015.04.10 03:07:01.222,8.75413,8.75797,2.35,1.60
2015.04.10 03:07:01.396,8.75433,8.75797,1.00,1.60
2015.04.10 03:07:01.616,8.75423,8.75797,1.00,1.60
2015.04.10 03:07:03.076,8.75433,8.75797,1.00,1.60
2015.04.10 03:07:03.843,8.75413,8.75797,2.35,1.60
2015.04.10 03:07:05.481,8.75433,8.75797,1.00,1.60
2015.04.10 03:07:06.151,8.75413,8.75797,2.35,1.60
2015.04.10 03:07:06.373,8.75424,8.75797,1.00,1.60
2015.04.10 03:07:06.884,8.75423,8.75797,1.00,1.60
2015.04.10 03:07:07.154,8.75413,8.75797,2.35,1.60
2015.04.10 03:07:07.958,8.75413,8.75797,1.60,2.35
2015.04.10 03:07:08.583,8.75413,8.75797,1.60,1.60
2015.04.10 03:07:09.114,8.75433,8.75797,1.00,1.60
2015.04.10 03:07:09.348,8.75413,8.75797,1.60,1.60
2015.04.10 03:07:09.550,8.75433,8.75797,1.00,1.60
2015.04.10 03:07:10.893,8.75424,8.75797,1.00,1.60
2015.04.10 03:07:10.999,8.75433,8.75797,1.00,1.60
2015.04.10 03:07:11.050,8.75453,8.75847,1.60,1.60
2015.04.10 03:07:18.053,8.75433,8.75807,1.00,1.60
2015.04.10 03:07:18.430,8.75453,8.75807,1.00,1.60
2015.04.10 03:07:19.132,8.75443,8.75807,1.00,1.60
2015.04.10 03:07:19.767,8.75444,8.75807,1.00,1.60
2015.04.10 03:07:20.352,8.75433,8.75807,1.00,1.60
2015.04.10 03:07:20.554,8.75443,8.75807,1.00,1.60
2015.04.10 03:07:20.983,8.75453,8.75807,1.00,1.60
2015.04.10 03:07:22.293,8.75443,8.75807,1.00,1.60
2015.04.10 03:07:22.845,8.75453,8.75807,1.00,1.60
2015.04.10 03:07:23.288,8.75433,8.75807,1.00,1.60
2015.04.10 03:07:24.396,8.75453,8.75807,1.00,1.60
2015.04.10 03:07:25.110,8.75414,8.75807,1.00,1.60
2015.04.10 03:07:25.404,8.75423,8.75807,1.00,1.68
2015.04.10 03:07:25.606,8.75413,8.75807,2.35,1.68
2015.04.10 03:07:26.036,8.75433,8.75807,1.00,1.60
2015.04.10 03:07:26.405,8.75453,8.75807,1.00,1.60
2015.04.10 03:07:26.613,8.75433,8.75807,1.00,1.60
2015.04.10 03:07:26.765,8.75433,8.75807,1.00,1.68
2015.04.10 03:07:27.352,8.75443,8.75807,1.00,1.68
2015.04.10 03:07:27.579,8.75434,8.75807,1.00,1.68
2015.04.10 03:07:27.733,8.75434,8.75807,1.00,1.60
2015.04.10 03:07:28.382,8.75453,8.75807,1.00,1.60
2015.04.10 03:07:28.584,8.75443,8.75807,1.00,1.60
2015.04.10 03:07:29.467,8.75423,8.75807,1.00,1.60
2015.04.10 03:07:29.688,8.75413,8.75807,2.35,1.60
2015.04.10 03:07:30.189,8.75413,8.75807,1.60,1.68
2015.04.10 03:07:31.132,8.75413,8.75807,1.60,1.60
2015.04.10 03:07:31.493,8.75413,8.75807,1.68,1.60
2015.04.10 03:07:31.796,8.75423,8.75807,1.00,1.60
2015.04.10 03:07:32.332,8.75414,8.75807,1.00,1.60
2015.04.10 03:07:32.837,8.75413,8.75807,1.60,2.35
2015.04.10 03:07:33.373,8.75414,8.75807,1.00,1.60
2015.04.10 03:07:34.407,8.75413,8.75807,2.35,1.60
2015.04.10 03:07:34.660,8.75423,8.75807,1.00,1.60
2015.04.10 03:07:35.101,8.75413,8.75807,2.35,1.60
2015.04.10 03:07:36.085,8.75423,8.75807,1.00,1.60
2015.04.10 03:07:37.332,8.75413,8.75807,2.35,1.60
2015.04.10 03:08:18.185,8.75403,8.75837,1.00,1.00
2015.04.10 03:08:19.636,8.75403,8.75847,1.00,1.50
2015.04.10 03:08:19.686,8.75403,8.75847,1.00,1.87
2015.04.10 03:08:20.608,8.75413,8.75847,1.00,1.37
2015.04.10 03:08:21.363,8.75413,8.75847,1.00,1.00
2015.04.10 03:08:23.717,8.75403,8.75847,1.00,1.87
2015.04.10 03:08:38.690,8.75403,8.75847,1.00,1.75
2015.04.10 03:08:38.791,8.75393,8.75827,1.00,1.75
2015.04.10 03:08:38.892,8.75343,8.75777,1.07,1.00
2015.04.10 03:08:39.043,8.75383,8.75777,1.60,2.35
2015.04.10 03:08:48.056,8.75383,8.75777,1.60,2.35
2015.04.10 03:08:52.660,8.75383,8.75777,1.60,1.60
2015.04.10 03:08:54.001,8.75383,8.75767,1.60,1.00
2015.04.10 03:08:57.101,8.75383,8.75774,1.60,1.12
2015.04.10 03:09:00.881,8.75383,8.75777,2.35,1.60
2015.04.10 03:09:00.983,8.75393,8.75777,1.00,1.60
2015.04.10 03:09:02.636,8.75423,8.75777,1.00,1.60
2015.04.10 03:09:02.788,8.75423,8.75817,2.35,1.60
2015.04.10 03:09:09.579,8.75453,8.75817,1.00,1.60
2015.04.10 03:09:09.882,8.75434,8.75817,1.00,1.60
2015.04.10 03:09:10.090,8.75423,8.75817,2.35,1.60
2015.04.10 03:09:10.253,8.75423,8.75817,1.60,1.60
2015.04.10 03:09:11.022,8.75423,8.75817,2.35,1.60
2015.04.10 03:09:11.330,8.75433,8.75817,1.75,1.60
2015.04.10 03:09:12.000,8.75423,8.75817,3.10,1.60
2015.04.10 03:09:12.231,8.75433,8.75817,1.07,1.60
2015.04.10 03:09:12.484,8.75423,8.75817,2.35,1.60
2015.04.10 03:09:12.629,8.75433,8.75817,1.00,1.60
2015.04.10 03:09:12.870,8.75423,8.75817,2.35,1.60
2015.04.10 03:09:27.499,8.75423,8.75809,1.60,1.00
2015.04.10 03:09:27.900,8.75374,8.75757,1.00,1.60
2015.04.10 03:09:28.021,8.75363,8.75757,2.35,1.60
2015.04.10 03:09:30.537,8.75284,8.75676,1.60,1.60
2015.04.10 03:09:30.872,8.75293,8.75676,1.00,1.60
2015.04.10 03:09:33.743,8.75284,8.75676,1.60,1.60
2015.04.10 03:09:38.389,8.75293,8.75676,1.00,1.60
2015.04.10 03:09:41.550,8.75303,8.75676,1.00,1.60
2015.04.10 03:09:41.893,8.75313,8.75676,1.00,1.60
2015.04.10 03:09:42.704,8.75293,8.75676,1.00,1.60
2015.04.10 03:09:42.895,8.75284,8.75676,1.68,1.60
2015.04.10 03:09:43.020,8.75284,8.75676,1.60,1.60
2015.04.10 03:09:43.900,8.75293,8.75676,1.00,1.60
2015.04.10 03:09:44.129,8.75284,8.75676,1.60,1.60
2015.04.10 03:09:44.863,8.75293,8.75676,1.00,1.60
2015.04.10 03:09:45.101,8.75284,8.75676,1.60,1.60
2015.04.10 03:09:45.252,8.75284,8.75676,1.68,1.60
2015.04.10 03:09:45.555,8.75313,8.75676,1.00,1.60
2015.04.10 03:09:45.656,8.75303,8.75676,1.07,1.60
2015.04.10 03:09:46.442,8.75284,8.75676,1.60,1.60
2015.04.10 03:09:47.385,8.75333,8.75676,1.00,1.60
2015.04.10 03:09:47.980,8.75333,8.75676,1.07,1.60
2015.04.10 03:09:48.520,8.75323,8.75676,1.07,1.60
2015.04.10 03:09:49.217,8.75323,8.75676,1.00,1.60
2015.04.10 03:09:49.370,8.75293,8.75676,1.07,1.60
2015.04.10 03:09:49.522,8.75293,8.75676,1.75,1.60
2015.04.10 03:09:49.824,8.75303,8.75676,1.75,1.60
2015.04.10 03:09:50.482,8.75333,8.75676,1.75,1.60
2015.04.10 03:09:50.533,8.75333,8.75676,1.07,1.60
2015.04.10 03:09:50.735,8.75333,8.75676,1.00,1.60
2015.04.10 03:09:50.837,8.75323,8.75676,1.00,1.60
2015.04.10 03:09:51.355,8.75313,8.75676,1.00,1.60
2015.04.10 03:09:52.350,8.75284,8.75676,1.60,1.60
2015.04.10 03:09:52.502,8.75284,8.75676,1.98,1.60
2015.04.10 03:09:52.704,8.75284,8.75676,1.68,1.60
2015.04.10 03:09:52.957,8.75284,8.75676,1.60,1.60
2015.04.10 03:09:53.007,8.75284,8.75676,2.35,1.60
2015.04.10 03:09:53.108,8.75284,8.75676,1.60,1.60
2015.04.10 03:09:53.260,8.75417,8.75676,1.00,1.60
2015.04.10 03:09:53.917,8.75417,8.75676,1.75,1.60
2015.04.10 03:09:54.020,8.75417,8.75676,1.00,1.60
2015.04.10 03:09:54.879,8.75484,8.76096,1.60,1.60
2015.04.10 03:09:54.932,8.75484,8.76096,2.35,1.60
2015.04.10 03:09:55.033,8.75484,8.76096,1.60,1.60
2015.04.10 03:09:55.428,8.75512,8.76096,1.30,1.60
2015.04.10 03:09:55.681,8.75543,8.76157,1.98,1.60
2015.04.10 03:09:55.934,8.75543,8.76157,1.60,1.60
2015.04.10 03:09:56.157,8.75543,8.76141,1.60,1.00
2015.04.10 03:09:56.499,8.75543,8.76131,1.60,1.00
2015.04.10 03:09:56.811,8.75623,8.76017,1.98,1.60
2015.04.10 03:09:57.114,8.75623,8.76017,2.35,1.60
2015.04.10 03:09:57.339,8.75593,8.76207,1.60,1.60
2015.04.10 03:09:57.794,8.75593,8.76194,1.60,1.00
2015.04.10 03:09:58.299,8.75593,8.76207,1.60,1.60
2015.04.10 03:09:58.349,8.75593,8.76207,2.35,1.60
2015.04.10 03:09:58.555,8.75593,8.76207,1.60,1.60
2015.04.10 03:09:58.657,8.75593,8.76207,1.98,1.60
2015.04.10 03:09:59.077,8.75593,8.76207,2.35,1.60
2015.04.10 03:09:59.128,8.75593,8.76207,2.35,1.60
2015.04.10 03:09:59.532,8.75593,8.76207,2.35,1.60
2015.04.10 03:09:59.633,8.75593,8.76207,1.60,1.60
2015.04.10 03:09:59.684,8.75553,8.75947,1.98,1.60
2015.04.10 03:10:00.080,8.75553,8.75947,1.68,1.60
2015.04.10 03:10:00.231,8.75464,8.75797,1.75,1.60
2015.04.10 03:10:00.534,8.75403,8.75797,1.60,1.60
2015.04.10 03:10:00.635,8.75323,8.75947,1.60,1.00
2015.04.10 03:10:00.736,8.75335,8.75947,1.00,1.00
2015.04.10 03:10:01.040,8.75402,8.75897,2.05,1.00
2015.04.10 03:10:01.192,8.75503,8.76033,1.30,1.00
2015.04.10 03:10:01.293,8.75453,8.76123,1.37,1.00
2015.04.10 03:10:01.400,8.75433,8.76249,1.75,1.30
2015.04.10 03:10:01.573,8.75482,8.76377,1.75,1.00
2015.04.10 03:10:01.623,8.75713,8.76327,1.60,1.60
2015.04.10 03:10:01.941,8.75583,8.76197,1.60,2.35
2015.04.10 03:10:02.779,8.75483,8.76097,1.98,1.60
2015.04.10 03:10:03.082,8.75694,8.76086,1.60,1.60
2015.04.10 03:10:03.183,8.75643,8.76257,1.98,1.60
2015.04.10 03:10:03.382,8.75643,8.76257,1.60,1.60
2015.04.10 03:10:03.433,8.75723,8.76337,1.60,2.58
2015.04.10 03:10:03.814,8.75723,8.76334,1.60,1.00
2015.04.10 03:10:03.864,8.75633,8.76247,1.60,1.60
2015.04.10 03:10:04.084,8.75633,8.76247,2.35,1.60
2015.04.10 03:10:04.185,8.75633,8.76247,1.60,2.35
2015.04.10 03:10:04.300,8.75633,8.76245,1.60,1.00
2015.04.10 03:10:04.684,8.75604,8.75996,1.60,1.60
2015.04.10 03:10:04.836,8.75743,8.76147,1.60,1.00
2015.04.10 03:10:04.937,8.75743,8.76185,1.60,1.00
2015.04.10 03:10:05.039,8.75633,8.76017,1.98,1.60
2015.04.10 03:10:05.140,8.75633,8.76017,1.60,1.60
2015.04.10 03:10:05.243,8.75633,8.76017,1.68,1.60
2015.04.10 03:10:05.294,8.75583,8.76197,2.35,1.60
2015.04.10 03:10:05.353,8.75583,8.76197,1.60,1.60
2015.04.10 03:10:05.606,8.75703,8.76317,1.60,1.60
2015.04.10 03:10:05.707,8.75543,8.76167,1.68,1.60
2015.04.10 03:10:05.858,8.75578,8.76167,1.30,1.60
2015.04.10 03:10:06.174,8.75591,8.76167,2.05,1.60
2015.04.10 03:10:06.276,8.75543,8.76167,1.98,1.60
2015.04.10 03:10:07.220,8.75543,8.76167,2.35,1.60
2015.04.10 03:10:07.271,8.75546,8.76167,1.07,1.60
2015.04.10 03:10:07.594,8.75543,8.76167,1.60,1.60
2015.04.10 03:10:07.696,8.75663,8.76047,1.60,1.60
2015.04.10 03:10:07.898,8.75623,8.76237,1.60,1.60
2015.04.10 03:10:08.004,8.75623,8.76237,1.68,1.60
2015.04.10 03:10:08.106,8.75623,8.76237,1.60,1.60
2015.04.10 03:10:08.365,8.75763,8.76377,1.60,1.60
2015.04.10 03:10:08.693,8.75763,8.76268,1.60,1.00
2015.04.10 03:10:08.896,8.75583,8.76197,2.35,1.60
2015.04.10 03:10:08.984,8.75583,8.76197,2.35,1.60
2015.04.10 03:10:09.094,8.75583,8.76197,2.35,1.60
2015.04.10 03:10:09.246,8.75583,8.76197,2.35,1.60
2015.04.10 03:10:09.347,8.75583,8.76197,1.98,1.60
2015.04.10 03:10:09.458,8.75583,8.76197,1.60,1.60
2015.04.10 03:10:09.559,8.75733,8.76127,1.60,1.60
2015.04.10 03:10:09.660,8.75573,8.76187,1.60,1.60
2015.04.10 03:10:10.549,8.75573,8.75967,2.35,1.60
2015.04.10 03:10:10.663,8.75573,8.75967,2.35,1.60
2015.04.10 03:10:10.764,8.75573,8.75967,1.60,1.60
2015.04.10 03:10:11.215,8.75673,8.76057,1.60,1.60
2015.04.10 03:10:12.091,8.75553,8.76167,1.98,1.60
2015.04.10 03:10:12.193,8.75553,8.76167,1.60,1.60
2015.04.10 03:10:12.549,8.75753,8.76147,1.60,1.60
2015.04.10 03:10:12.652,8.75713,8.76327,1.60,1.60
2015.04.10 03:10:12.703,8.75713,8.7623,1.60,1.00
2015.04.10 03:10:12.855,8.75543,8.76157,1.60,1.60
2015.04.10 03:10:12.956,8.75543,8.76157,1.68,1.60
2015.04.10 03:10:13.274,8.75543,8.76157,1.60,1.60
2015.04.10 03:10:13.627,8.75543,8.76157,1.98,1.60
2015.04.10 03:10:13.755,8.75543,8.76157,1.60,1.60
2015.04.10 03:10:13.869,8.75623,8.76017,1.60,1.60
2015.04.10 03:10:14.175,8.75453,8.76067,1.68,1.60
2015.04.10 03:10:14.809,8.75583,8.76197,1.60,1.60
2015.04.10 03:10:15.177,8.75583,8.76197,2.35,1.60
2015.04.10 03:10:15.278,8.75583,8.76197,1.60,1.60
2015.04.10 03:10:15.480,8.75583,8.76197,2.35,1.60
2015.04.10 03:10:15.583,8.75583,8.76197,1.60,1.60
2015.04.10 03:10:15.962,8.75583,8.76197,2.35,1.60
2015.04.10 03:10:16.179,8.75583,8.76197,1.60,1.60
2015.04.10 03:10:16.684,8.75583,8.76197,2.35,2.35
2015.04.10 03:10:16.936,8.75584,8.76197,2.05,1.60
2015.04.10 03:10:17.037,8.75583,8.76197,2.35,1.60
2015.04.10 03:10:17.138,8.75583,8.76197,1.60,1.60
2015.04.10 03:10:17.290,8.75673,8.76287,1.60,1.60
2015.04.10 03:10:17.594,8.75673,8.76216,1.60,1.30
2015.04.10 03:10:17.696,8.75673,8.7623,1.60,1.00
2015.04.10 03:10:17.747,8.75673,8.76147,1.60,1.00
2015.04.10 03:10:17.951,8.75593,8.76097,1.60,1.00
2015.04.10 03:10:18.154,8.75673,8.76097,1.68,1.00
2015.04.10 03:10:18.265,8.75673,8.76273,2.35,1.00
2015.04.10 03:10:18.317,8.75673,8.76188,2.35,1.00
2015.04.10 03:10:18.368,8.75473,8.76087,2.35,1.60
2015.04.10 03:10:18.470,8.75512,8.76087,2.05,1.60
2015.04.10 03:10:19.350,8.7549,8.76087,1.30,1.60
2015.04.10 03:10:19.451,8.75473,8.76087,2.35,1.60
2015.04.10 03:10:19.553,8.75623,8.76237,1.98,1.60
2015.04.10 03:10:19.655,8.75623,8.76237,2.35,1.60
2015.04.10 03:10:19.807,8.75623,8.76237,1.60,1.60
2015.04.10 03:10:19.908,8.75623,8.76237,2.35,2.35
2015.04.10 03:10:20.211,8.7575,8.76237,1.30,1.60
2015.04.10 03:10:20.262,8.75673,8.76057,1.98,1.60
2015.04.10 03:10:20.366,8.75754,8.76146,1.98,1.60
2015.04.10 03:10:20.774,8.75754,8.76146,1.60,1.60
2015.04.10 03:10:20.876,8.75773,8.76387,1.60,1.60
2015.04.10 03:10:20.927,8.75773,8.7638,1.60,1.30
2015.04.10 03:10:21.028,8.75773,8.76387,1.60,1.60
2015.04.10 03:10:21.186,8.75773,8.76373,1.60,1.30
2015.04.10 03:10:21.489,8.75773,8.76197,1.68,1.00
2015.04.10 03:10:21.641,8.75773,8.76197,1.60,1.00
2015.04.10 03:10:21.691,8.75673,8.76057,1.60,1.60
2015.04.10 03:10:21.895,8.75863,8.76257,1.60,1.60
2015.04.10 03:10:22.198,8.75753,8.76304,1.60,1.00
2015.04.10 03:10:22.299,8.75753,8.76263,1.60,1.00
2015.04.10 03:10:22.450,8.75588,8.76197,2.05,1.00
2015.04.10 03:10:22.501,8.75608,8.76254,2.05,1.00
2015.04.10 03:10:22.552,8.75608,8.76254,2.05,1.00
2015.04.10 03:10:22.804,8.75806,8.76436,1.30,1.00
2015.04.10 03:10:22.855,8.75806,8.76363,1.30,1.00
2015.04.10 03:10:22.905,8.75543,8.76363,1.75,1.00
2015.04.10 03:10:22.956,8.75543,8.76407,1.75,1.30
2015.04.10 03:10:23.007,8.75523,8.76388,3.10,1.30
2015.04.10 03:10:23.310,8.75673,8.76287,1.60,1.60
2015.04.10 03:10:23.927,8.75673,8.76287,1.98,1.60
2015.04.10 03:10:24.081,8.75673,8.76287,1.68,1.60
2015.04.10 03:10:24.182,8.75773,8.76359,1.60,1.30
2015.04.10 03:10:24.233,8.75773,8.76387,1.60,1.60
2015.04.10 03:10:24.838,8.75703,8.76097,1.68,1.60
2015.04.10 03:10:24.940,8.75703,8.76097,1.60,1.60
2015.04.10 03:10:24.991,8.75603,8.76217,1.68,1.60
2015.04.10 03:10:25.092,8.75603,8.76217,2.35,1.60
2015.04.10 03:10:25.153,8.75603,8.76217,1.98,1.60
2015.04.10 03:10:25.507,8.75603,8.76217,2.35,1.60
2015.04.10 03:10:25.810,8.75603,8.76217,2.35,1.60
2015.04.10 03:10:25.860,8.75603,8.76217,2.35,1.60
2015.04.10 03:10:25.962,8.75773,8.76167,1.60,1.60
2015.04.10 03:10:26.164,8.75653,8.76267,1.60,1.60
2015.04.10 03:10:26.266,8.75653,8.76267,1.98,1.60
2015.04.10 03:10:26.942,8.75653,8.76197,1.60,1.00
2015.04.10 03:10:26.993,8.75603,8.76217,1.68,1.60
2015.04.10 03:10:27.044,8.75603,8.76217,1.60,1.60
2015.04.10 03:10:27.400,8.75603,8.76217,1.68,1.60
2015.04.10 03:10:27.501,8.75603,8.76217,1.68,1.60
2015.04.10 03:10:27.725,8.75603,8.76217,2.35,1.60
2015.04.10 03:10:28.001,8.75603,8.76217,2.35,1.60
2015.04.10 03:10:28.052,8.75603,8.76217,1.60,1.60
2015.04.10 03:10:28.305,8.75603,8.76197,1.60,1.00
2015.04.10 03:10:28.565,8.75603,8.76217,1.60,1.60
2015.04.10 03:10:28.818,8.75473,8.76087,2.35,1.60
2015.04.10 03:10:28.919,8.75473,8.76087,2.35,1.60
2015.04.10 03:10:29.121,8.75473,8.76087,2.35,1.60
2015.04.10 03:10:29.423,8.75723,8.76117,1.60,1.60
2015.04.10 03:10:29.728,8.75723,8.76117,1.98,1.60
2015.04.10 03:10:29.930,8.75723,8.76117,1.60,1.60
2015.04.10 03:10:30.132,8.75503,8.76117,1.98,1.60
2015.04.10 03:10:30.334,8.75723,8.76117,1.60,1.60
2015.04.10 03:10:31.424,8.75613,8.76216,1.60,1.30
2015.04.10 03:10:31.528,8.75613,8.76227,1.60,1.60
2015.04.10 03:10:31.832,8.75613,8.76197,1.60,1.00
2015.04.10 03:10:32.135,8.75453,8.76067,2.35,1.60
2015.04.10 03:10:32.237,8.75453,8.76067,1.98,1.60
2015.04.10 03:10:32.462,8.75453,8.76067,2.35,1.60
2015.04.10 03:10:32.766,8.75649,8.76067,2.05,1.60
2015.04.10 03:10:32.867,8.75453,8.76067,2.35,1.60
2015.04.10 03:10:33.076,8.75567,8.76067,1.67,1.60
2015.04.10 03:10:33.430,8.75743,8.76137,1.60,1.60
2015.04.10 03:10:33.683,8.75538,8.76309,1.67,1.30
2015.04.10 03:10:33.734,8.75558,8.76576,1.37,1.60
2015.04.10 03:10:33.784,8.75558,8.76473,1.37,1.30
2015.04.10 03:10:34.087,8.75541,8.76286,1.75,1.30
2015.04.10 03:10:34.138,8.75541,8.76558,1.75,1.00
2015.04.10 03:10:34.189,8.75541,8.76317,1.75,1.30
2015.04.10 03:10:34.290,8.75503,8.76297,1.75,1.30
2015.04.10 03:10:34.442,8.75443,8.76297,1.75,1.30
2015.04.10 03:10:34.544,8.75404,8.76406,2.35,1.00
2015.04.10 03:10:34.646,8.75663,8.76277,1.60,1.60
2015.04.10 03:10:35.128,8.75443,8.76057,2.35,1.60
2015.04.10 03:10:35.384,8.75443,8.76057,1.98,1.60
2015.04.10 03:10:35.435,8.75663,8.76047,1.60,1.60
2015.04.10 03:10:35.536,8.75523,8.76137,1.60,1.60
2015.04.10 03:10:35.637,8.75523,8.76137,2.35,1.60
2015.04.10 03:10:35.839,8.75613,8.76227,1.60,1.60
2015.04.10 03:10:36.860,8.75523,8.76137,1.60,1.60
2015.04.10 03:10:37.163,8.75523,8.76137,2.35,1.60
2015.04.10 03:10:37.365,8.75583,8.76137,2.05,1.60
2015.04.10 03:10:37.516,8.75583,8.76137,2.05,1.60
2015.04.10 03:10:37.844,8.75789,8.76297,1.67,1.60
2015.04.10 03:10:38.046,8.75683,8.76297,1.60,1.60
2015.04.10 03:10:38.147,8.75683,8.76297,2.35,1.60
2015.04.10 03:10:38.253,8.75683,8.76297,1.68,1.60
2015.04.10 03:10:38.456,8.75683,8.76283,1.68,1.00
2015.04.10 03:10:39.041,8.75683,8.76207,1.60,1.00
2015.04.10 03:10:39.093,8.75533,8.76147,1.60,1.68
2015.04.10 03:10:39.144,8.75443,8.76057,2.35,1.60
2015.04.10 03:10:39.453,8.75443,8.76057,1.60,1.60
2015.04.10 03:10:40.060,8.75563,8.76177,1.60,1.60
2015.04.10 03:10:40.363,8.75663,8.76277,1.98,1.60
2015.04.10 03:10:40.565,8.75663,8.76277,1.60,1.60
2015.04.10 03:10:40.616,8.75663,8.76216,1.60,1.30
2015.04.10 03:10:40.767,8.75663,8.76277,1.60,1.60
2015.04.10 03:10:41.223,8.75733,8.76127,1.60,1.60
2015.04.10 03:10:41.682,8.75573,8.75967,1.60,1.60
2015.04.10 03:10:42.139,8.75473,8.75867,1.68,1.60
2015.04.10 03:10:42.442,8.75473,8.75867,1.68,1.60
2015.04.10 03:10:42.544,8.75473,8.75867,1.60,1.60
2015.04.10 03:10:43.653,8.75443,8.76044,1.60,1.30
2015.04.10 03:10:43.705,8.75443,8.76057,1.60,1.60
2015.04.10 03:10:43.908,8.75543,8.76157,1.60,1.60
2015.04.10 03:10:44.342,8.75551,8.76157,1.67,1.60
2015.04.10 03:10:44.648,8.75543,8.76157,2.35,1.60
2015.04.10 03:10:44.749,8.75543,8.76157,2.35,1.60
2015.04.10 03:10:45.094,8.75543,8.76157,2.35,1.60
2015.04.10 03:10:45.208,8.75543,8.76157,1.68,1.60
2015.04.10 03:10:45.513,8.75543,8.76157,1.60,1.60
2015.04.10 03:10:46.626,8.75543,8.76157,2.35,1.60
2015.04.10 03:10:46.934,8.75543,8.76157,2.35,1.60
2015.04.10 03:10:47.263,8.75543,8.76157,2.35,1.60
2015.04.10 03:10:47.414,8.75543,8.76157,1.68,1.60
2015.04.10 03:10:47.854,8.75683,8.76297,1.60,1.60
2015.04.10 03:10:48.056,8.75683,8.76263,1.60,1.30
2015.04.10 03:10:48.242,8.75683,8.76297,1.60,1.60
2015.04.10 03:10:48.394,8.75543,8.76157,1.60,1.60
2015.04.10 03:10:49.166,8.75543,8.76157,1.98,1.60
2015.04.10 03:10:49.267,8.75543,8.76157,1.60,1.60
2015.04.10 03:10:49.520,8.75833,8.76217,1.60,1.60
2015.04.10 03:10:49.623,8.75693,8.76087,1.60,1.60
2015.04.10 03:10:49.876,8.75543,8.76167,2.35,1.60
2015.04.10 03:10:49.927,8.75543,8.76167,1.60,1.60
2015.04.10 03:10:49.978,8.75463,8.76077,1.98,1.60
2015.04.10 03:10:50.280,8.75463,8.76077,2.35,1.60
2015.04.10 03:10:50.583,8.75463,8.76077,3.10,1.60
2015.04.10 03:10:50.684,8.75463,8.76077,2.35,1.60
2015.04.10 03:10:50.993,8.75633,8.76247,2.35,1.60
2015.04.10 03:10:51.520,8.75633,8.76247,1.60,1.60
2015.04.10 03:10:51.571,8.75633,8.76247,1.98,1.60
2015.04.10 03:10:51.672,8.75633,8.76247,1.60,1.60
2015.04.10 03:10:51.996,8.75633,8.76247,1.98,1.60
2015.04.10 03:10:52.262,8.75443,8.76315,2.35,1.30
2015.04.10 03:10:52.312,8.75443,8.76176,2.35,1.00
2015.04.10 03:10:52.413,8.75443,8.76197,2.35,1.00
2015.04.10 03:10:52.464,8.75443,8.76187,2.35,1.00
2015.04.10 03:10:52.767,8.75443,8.76057,2.35,1.60
2015.04.10 03:10:53.016,8.75508,8.76057,1.67,1.60
2015.04.10 03:10:53.093,8.75508,8.76057,1.37,1.60
2015.04.10 03:10:53.366,8.75613,8.76227,1.60,1.60
2015.04.10 03:10:53.467,8.75483,8.76097,2.35,1.60
2015.04.10 03:10:53.568,8.75483,8.76097,1.98,1.60
2015.04.10 03:10:53.669,8.75483,8.76097,2.35,1.60
2015.04.10 03:10:53.770,8.75483,8.76097,1.60,1.60
2015.04.10 03:10:53.871,8.75483,8.76097,2.35,1.60
2015.04.10 03:10:54.174,8.75483,8.76097,2.35,1.60
2015.04.10 03:10:54.326,8.75483,8.76097,2.35,1.60
2015.04.10 03:10:54.413,8.75483,8.76097,1.68,1.60
2015.04.10 03:10:54.564,8.75515,8.76097,1.30,1.60
2015.04.10 03:10:54.665,8.75495,8.76097,1.37,1.60
2015.04.10 03:10:54.867,8.75504,8.76097,1.30,1.60
2015.04.10 03:10:54.918,8.75543,8.76167,1.60,1.60
2015.04.10 03:10:56.022,8.75684,8.76296,2.35,1.60
2015.04.10 03:10:56.283,8.75684,8.76296,1.60,1.60
2015.04.10 03:10:56.553,8.75684,8.76225,1.60,1.30
2015.04.10 03:10:56.654,8.75684,8.76245,1.60,1.30
2015.04.10 03:10:56.705,8.75684,8.76296,1.60,1.60
2015.04.10 03:10:56.907,8.75583,8.76197,1.60,1.60
2015.04.10 03:10:57.008,8.75412,8.76233,1.75,1.30
2015.04.10 03:10:57.179,8.75412,8.76253,1.75,1.30
2015.04.10 03:10:57.230,8.75412,8.76384,1.75,1.00
2015.04.10 03:10:57.331,8.75512,8.76319,2.05,1.00
2015.04.10 03:10:57.653,8.75412,8.76253,1.75,1.30
2015.04.10 03:10:57.704,8.75412,8.76317,1.75,1.00
2015.04.10 03:10:57.930,8.75412,8.76327,1.75,1.00
2015.04.10 03:10:57.981,8.75563,8.76177,1.60,1.60
2015.04.10 03:10:58.531,8.75412,8.76215,1.75,1.30
2015.04.10 03:10:58.703,8.75412,8.76477,1.07,1.60
2015.04.10 03:10:58.812,8.75412,8.76477,1.75,1.60
2015.04.10 03:10:59.115,8.75754,8.76366,1.98,1.60
2015.04.10 03:10:59.267,8.75754,8.76366,1.60,1.60
2015.04.10 03:10:59.473,8.75754,8.76335,1.60,1.30
2015.04.10 03:10:59.725,8.75614,8.76226,1.60,1.60
2015.04.10 03:11:00.011,8.75614,8.76226,2.35,1.60
2015.04.10 03:11:00.062,8.75614,8.76226,1.60,1.60
2015.04.10 03:11:00.463,8.75614,8.76226,2.35,1.60
2015.04.10 03:11:00.514,8.75416,8.76507,2.05,1.00
2015.04.10 03:11:00.632,8.75483,8.76514,1.75,1.30
2015.04.10 03:11:00.683,8.75483,8.76514,1.75,1.30
2015.04.10 03:11:00.987,8.75412,8.76345,1.75,1.30
2015.04.10 03:11:01.038,8.75412,8.76502,1.75,1.30
2015.04.10 03:11:01.287,8.75412,8.76417,1.75,1.00
2015.04.10 03:11:01.388,8.75412,8.76417,1.75,1.00
2015.04.10 03:11:01.439,8.75412,8.76502,1.75,1.30
2015.04.10 03:11:01.490,8.75566,8.76506,1.37,1.00
2015.04.10 03:11:01.541,8.75673,8.76287,1.60,1.60
2015.04.10 03:11:02.238,8.75673,8.76287,2.35,1.60
2015.04.10 03:11:02.339,8.75673,8.76287,1.60,1.60
2015.04.10 03:11:02.934,8.75418,8.76305,1.75,1.30
2015.04.10 03:11:03.090,8.75445,8.76325,1.75,1.30
2015.04.10 03:11:03.144,8.75445,8.76495,1.75,1.30
2015.04.10 03:11:03.195,8.75445,8.76325,1.75,1.30
2015.04.10 03:11:03.347,8.75421,8.76497,2.05,1.00
2015.04.10 03:11:03.398,8.75418,8.76278,1.75,1.30
2015.04.10 03:11:03.894,8.75464,8.76497,2.05,1.00
2015.04.10 03:11:03.947,8.75543,8.76157,2.35,1.60
2015.04.10 03:11:04.345,8.75543,8.76157,2.35,1.60
2015.04.10 03:11:04.446,8.75693,8.76317,2.35,1.60
2015.04.10 03:11:04.547,8.75693,8.76317,1.60,1.60
2015.04.10 03:11:04.700,8.75573,8.76187,1.98,1.60
2015.04.10 03:11:05.003,8.75573,8.76187,1.98,1.60
2015.04.10 03:11:05.312,8.75573,8.76187,2.35,1.60
2015.04.10 03:11:05.362,8.75623,8.76237,2.35,1.60
2015.04.10 03:11:05.464,8.75623,8.76237,2.35,1.60
2015.04.10 03:11:05.634,8.75623,8.76237,2.35,1.60
2015.04.10 03:11:05.685,8.75713,8.76327,2.35,1.60
2015.04.10 03:11:06.189,8.75713,8.7629,1.60,1.30
2015.04.10 03:11:06.341,8.75713,8.76275,1.60,1.00
2015.04.10 03:11:06.644,8.75563,8.76177,1.68,1.60
2015.04.10 03:11:06.745,8.75563,8.76129,1.68,1.30
2015.04.10 03:11:06.896,8.75563,8.76177,1.68,1.68
2015.04.10 03:11:06.947,8.75563,8.76156,1.68,1.30
2015.04.10 03:11:07.250,8.75563,8.76137,1.68,1.30
2015.04.10 03:11:07.553,8.75563,8.76137,2.35,1.30
2015.04.10 03:11:08.537,8.75563,8.76177,1.60,1.60
2015.04.10 03:11:08.802,8.75654,8.76266,1.60,1.60
2015.04.10 03:11:09.951,8.75654,8.76187,1.60,1.30
2015.04.10 03:11:10.103,8.75654,8.76266,1.60,1.60
2015.04.10 03:11:10.406,8.7546,8.76557,2.05,1.30
2015.04.10 03:11:10.457,8.7546,8.76386,2.05,1.30
2015.04.10 03:11:10.609,8.75483,8.76581,2.05,1.30
2015.04.10 03:11:10.660,8.75483,8.76417,2.05,1.30
2015.04.10 03:11:10.813,8.75427,8.76397,1.75,1.30
2015.04.10 03:11:10.864,8.75513,8.7625,2.35,1.30
2015.04.10 03:11:11.015,8.75513,8.76402,2.35,1.30
2015.04.10 03:11:11.066,8.75513,8.76402,2.35,1.30
2015.04.10 03:11:11.268,8.75513,8.76402,2.35,1.30
2015.04.10 03:11:11.369,8.75513,8.76402,2.35,1.30
2015.04.10 03:11:11.419,8.75633,8.76247,1.60,1.60
2015.04.10 03:11:11.760,8.75553,8.76167,1.98,1.60
2015.04.10 03:11:12.065,8.75553,8.76167,2.35,1.60
2015.04.10 03:11:12.436,8.75633,8.76247,1.68,1.60
2015.04.10 03:11:12.487,8.75633,8.76247,1.60,1.60
2015.04.10 03:11:12.539,8.75427,8.76279,1.75,1.30
2015.04.10 03:11:12.590,8.75486,8.76519,2.05,1.00
2015.04.10 03:11:12.709,8.75427,8.76374,1.75,1.30
2015.04.10 03:11:12.816,8.75533,8.76453,1.75,1.00
2015.04.10 03:11:13.119,8.75496,8.76454,2.05,1.00
2015.04.10 03:11:13.170,8.75496,8.76281,2.05,1.30
2015.04.10 03:11:13.372,8.75363,8.7626,2.35,1.30
2015.04.10 03:11:13.423,8.75381,8.76477,2.05,1.30
2015.04.10 03:11:13.473,8.75381,8.76318,2.05,1.30
2015.04.10 03:11:13.776,8.75633,8.76247,1.60,1.60
2015.04.10 03:11:14.079,8.75633,8.762,1.60,1.30
2015.04.10 03:11:14.130,8.75633,8.76247,1.60,1.60
2015.04.10 03:11:14.433,8.75633,8.76247,1.98,1.60
2015.04.10 03:11:14.485,8.75499,8.76258,2.05,1.30
2015.04.10 03:11:14.535,8.75413,8.76237,2.35,1.30
2015.04.10 03:11:14.586,8.75661,8.76237,1.30,1.30
2015.04.10 03:11:14.637,8.75681,8.76569,1.30,1.00
2015.04.10 03:11:14.688,8.75681,8.76504,1.30,1.00
2015.04.10 03:11:14.789,8.75443,8.76504,1.75,1.00
2015.04.10 03:11:14.840,8.75441,8.76486,2.05,1.00
2015.04.10 03:11:15.143,8.75493,8.76487,1.75,1.00
2015.04.10 03:11:15.244,8.75843,8.76457,1.60,1.60
2015.04.10 03:11:15.346,8.75843,8.76457,1.98,1.60
2015.04.10 03:11:15.447,8.75843,8.76457,1.60,1.60
2015.04.10 03:11:15.549,8.75843,8.76457,1.68,1.60
2015.04.10 03:11:16.127,8.75843,8.76457,1.60,1.60
2015.04.10 03:11:16.178,8.75735,8.7635,0.75,1.30
2015.04.10 03:11:16.229,8.75393,8.7635,2.35,1.30
2015.04.10 03:11:16.331,8.75393,8.7618,2.35,1.30
2015.04.10 03:11:16.432,8.75393,8.7644,2.35,1.30
2015.04.10 03:11:16.533,8.75582,8.76467,2.05,1.00
2015.04.10 03:11:16.837,8.75509,8.76377,2.05,1.00
2015.04.10 03:11:16.888,8.75509,8.76377,2.05,1.00
2015.04.10 03:11:16.939,8.75483,8.7638,1.75,1.00
2015.04.10 03:11:16.990,8.75483,8.76387,1.75,1.00
2015.04.10 03:11:17.091,8.75473,8.76377,1.75,1.00
2015.04.10 03:11:17.141,8.75623,8.76237,1.98,1.60
2015.04.10 03:11:17.344,8.75403,8.76412,2.35,1.30
2015.04.10 03:11:17.394,8.75403,8.76233,2.35,1.30
2015.04.10 03:11:17.447,8.75403,8.76233,2.35,1.30
2015.04.10 03:11:17.599,8.75403,8.76412,2.35,1.30
2015.04.10 03:11:17.801,8.75403,8.76212,2.35,1.30
2015.04.10 03:11:17.953,8.75403,8.76212,2.35,1.30
2015.04.10 03:11:18.004,8.75403,8.76468,2.35,1.30
2015.04.10 03:11:18.208,8.75403,8.76266,2.35,1.30
2015.04.10 03:11:18.415,8.75403,8.76454,2.35,1.30
2015.04.10 03:11:18.516,8.75403,8.76454,2.35,1.30
2015.04.10 03:11:18.619,8.75403,8.76454,2.35,1.30
2015.04.10 03:11:18.823,8.75403,8.76228,2.35,1.30
2015.04.10 03:11:18.975,8.75452,8.76228,1.75,1.30
2015.04.10 03:11:19.145,8.75552,8.76437,2.05,1.00
2015.04.10 03:11:19.246,8.75452,8.76447,1.75,1.00
2015.04.10 03:11:19.297,8.75549,8.76447,1.05,1.00
2015.04.10 03:11:19.398,8.75452,8.76341,1.75,1.30
2015.04.10 03:11:19.499,8.75483,8.76497,2.05,1.00
2015.04.10 03:11:19.600,8.75452,8.76368,1.75,1.30
2015.04.10 03:11:20.515,8.75803,8.76417,1.60,1.60
2015.04.10 03:11:20.567,8.75548,8.76446,2.05,1.00
2015.04.10 03:11:20.618,8.75548,8.76381,2.05,1.00
2015.04.10 03:11:20.719,8.75613,8.76227,1.60,1.60
2015.04.10 03:11:20.820,8.75613,8.76227,2.35,1.60
2015.04.10 03:11:21.033,8.75613,8.76227,1.68,1.60
2015.04.10 03:11:21.188,8.75613,8.76227,2.35,1.60
2015.04.10 03:11:21.491,8.75793,8.76381,1.60,1.30
2015.04.10 03:11:21.542,8.75483,8.76381,1.75,1.30
2015.04.10 03:11:21.643,8.75585,8.76497,2.05,1.00
2015.04.10 03:11:21.745,8.75613,8.76227,2.35,1.60
2015.04.10 03:11:22.051,8.75613,8.76227,2.35,1.60
2015.04.10 03:11:22.152,8.75613,8.76227,1.98,1.60
2015.04.10 03:11:22.304,8.75713,8.76327,1.60,1.60
2015.04.10 03:11:22.355,8.75713,8.76327,2.35,1.60
2015.04.10 03:11:22.508,8.75713,8.76327,1.60,1.60
2015.04.10 03:11:22.760,8.75513,8.76127,2.35,1.60
2015.04.10 03:11:23.063,8.75513,8.76127,2.35,1.60
2015.04.10 03:11:23.164,8.75513,8.76127,2.35,1.60
2015.04.10 03:11:23.316,8.75663,8.76246,2.35,1.30
2015.04.10 03:11:23.366,8.75663,8.76246,2.35,1.30
2015.04.10 03:11:23.417,8.75663,8.76277,2.35,1.60
2015.04.10 03:11:23.468,8.75663,8.76277,1.60,1.60
2015.04.10 03:11:23.519,8.75793,8.76407,1.60,1.60
2015.04.10 03:11:23.821,8.75684,8.76296,1.60,1.60
2015.04.10 03:11:23.872,8.75452,8.76435,1.75,1.30
2015.04.10 03:11:24.002,8.75452,8.76435,1.75,1.30
2015.04.10 03:11:24.305,8.75485,8.76258,1.75,1.30
2015.04.10 03:11:24.356,8.75485,8.7644,1.75,1.30
2015.04.10 03:11:24.407,8.75509,8.7646,2.05,1.30
2015.04.10 03:11:24.508,8.75509,8.76507,2.05,1.60
2015.04.10 03:11:24.559,8.75509,8.76507,2.05,1.60
2015.04.10 03:11:24.861,8.75833,8.76398,1.60,1.30
2015.04.10 03:11:25.115,8.75713,8.76327,1.68,1.60
2015.04.10 03:11:25.322,8.75713,8.76327,2.35,1.60
2015.04.10 03:11:25.675,8.75713,8.76327,1.60,1.60
2015.04.10 03:11:25.726,8.75593,8.76207,2.35,1.60
2015.04.10 03:11:26.028,8.75593,8.76207,1.60,1.60
2015.04.10 03:11:26.129,8.75593,8.76207,2.35,1.60
2015.04.10 03:11:26.454,8.75593,8.76207,2.35,1.60
2015.04.10 03:11:26.660,8.75593,8.76201,1.98,1.30
2015.04.10 03:11:26.711,8.75593,8.76207,1.98,1.60
2015.04.10 03:11:26.762,8.75593,8.76207,2.35,1.60
2015.04.10 03:11:27.014,8.75593,8.76207,2.35,1.60
2015.04.10 03:11:27.166,8.75713,8.763,1.60,1.30
2015.04.10 03:11:27.216,8.75713,8.7628,1.60,1.30
2015.04.10 03:11:27.368,8.75593,8.76207,1.60,1.60
2015.04.10 03:11:27.522,8.75593,8.76207,2.35,1.60
2015.04.10 03:11:27.774,8.75593,8.76207,1.60,1.60
2015.04.10 03:11:28.251,8.75593,8.76207,1.98,1.60
2015.04.10 03:11:28.303,8.75593,8.76207,1.60,1.60
2015.04.10 03:11:28.462,8.75513,8.76127,1.68,1.60
2015.04.10 03:11:28.765,8.75653,8.76267,1.60,1.60
2015.04.10 03:11:28.966,8.75653,8.76267,2.35,1.60
2015.04.10 03:11:29.269,8.75653,8.76267,2.35,1.60
2015.04.10 03:11:29.471,8.75773,8.76387,1.68,1.60
2015.04.10 03:11:29.795,8.75653,8.76267,2.35,1.60
2015.04.10 03:11:29.845,8.75653,8.7625,1.98,1.30
2015.04.10 03:11:29.946,8.75653,8.76267,1.60,1.60
2015.04.10 03:11:30.148,8.75653,8.76255,1.68,1.30
2015.04.10 03:11:30.249,8.75653,8.76267,1.68,1.60
2015.04.10 03:11:30.300,8.75653,8.76267,2.35,1.60
2015.04.10 03:11:30.552,8.75653,8.76267,2.35,1.60
2015.04.10 03:11:30.603,8.75653,8.76267,1.60,1.60
2015.04.10 03:11:31.053,8.75653,8.76267,2.35,1.60
2015.04.10 03:11:31.368,8.7549,8.76337,1.75,1.30
2015.04.10 03:11:31.419,8.7549,8.76528,1.75,1.30
2015.04.10 03:11:31.470,8.7549,8.7637,1.75,1.30
2015.04.10 03:11:31.722,8.75543,8.7635,2.35,1.30
2015.04.10 03:11:32.881,8.75773,8.76337,2.35,1.30
2015.04.10 03:11:32.932,8.75773,8.76317,1.68,1.30
2015.04.10 03:11:33.033,8.75773,8.76317,2.35,1.30
2015.04.10 03:11:33.134,8.75773,8.76387,1.60,1.60
2015.04.10 03:11:33.494,8.75773,8.76387,2.35,1.60
2015.04.10 03:11:33.596,8.75773,8.76371,1.98,1.30
2015.04.10 03:11:33.697,8.75773,8.76371,2.35,1.30
2015.04.10 03:11:33.798,8.75773,8.76371,1.98,1.30
2015.04.10 03:11:34.145,8.75773,8.76371,2.35,1.30
2015.04.10 03:11:34.246,8.75643,8.76267,1.98,1.60
2015.04.10 03:11:34.499,8.75643,8.76267,2.35,1.60
2015.04.10 03:11:34.601,8.75643,8.76267,1.60,1.60
2015.04.10 03:11:34.702,8.75643,8.76267,2.35,1.60
2015.04.10 03:11:34.904,8.75643,8.76267,1.60,1.60
2015.04.10 03:11:35.160,8.75643,8.76267,2.35,1.60
2015.04.10 03:11:35.262,8.75453,8.76295,2.35,1.30
2015.04.10 03:11:35.363,8.75453,8.76483,2.35,1.30
2015.04.10 03:11:35.693,8.75453,8.76483,2.35,1.30
2015.04.10 03:11:35.996,8.75493,8.76337,2.25,1.30
2015.04.10 03:11:36.299,8.75513,8.76257,1.75,1.00
2015.04.10 03:11:36.350,8.75513,8.76257,1.75,1.37
2015.04.10 03:11:36.400,8.75583,8.76197,2.35,1.60
2015.04.10 03:11:36.703,8.75583,8.76197,2.35,1.60
2015.04.10 03:11:37.015,8.75583,8.76197,2.35,1.60
2015.04.10 03:11:37.117,8.75583,8.76197,2.35,1.60
2015.04.10 03:11:37.447,8.75583,8.76124,1.68,1.30
2015.04.10 03:11:37.548,8.75583,8.76197,1.60,1.60
2015.04.10 03:11:37.598,8.75583,8.76182,1.60,1.30
2015.04.10 03:11:37.750,8.75583,8.76197,1.60,1.60
2015.04.10 03:11:38.419,8.75583,8.76197,2.35,1.60
2015.04.10 03:11:38.672,8.75583,8.76197,1.68,1.60
2015.04.10 03:11:38.874,8.75609,8.76197,1.30,1.60
2015.04.10 03:11:39.204,8.75583,8.76197,2.35,1.60
2015.04.10 03:11:39.305,8.75583,8.76197,2.35,1.60
2015.04.10 03:11:39.567,8.75763,8.76377,1.60,1.60
2015.04.10 03:11:39.870,8.75763,8.76377,1.68,1.60
2015.04.10 03:11:40.173,8.75763,8.76297,1.60,1.30
2015.04.10 03:11:40.656,8.75573,8.76187,2.35,1.60
2015.04.10 03:11:40.858,8.75573,8.76187,2.35,1.60
2015.04.10 03:11:40.909,8.75653,8.76267,1.60,1.60
2015.04.10 03:11:40.959,8.75653,8.76267,2.35,1.60
2015.04.10 03:11:41.238,8.75843,8.76457,1.60,1.60
2015.04.10 03:11:41.340,8.7561,8.76657,2.05,1.60
2015.04.10 03:11:41.390,8.7561,8.76657,2.05,2.35
2015.04.10 03:11:41.693,8.75542,8.76344,2.05,1.30
2015.04.10 03:11:41.745,8.75542,8.76447,2.05,1.00
2015.04.10 03:11:41.796,8.75542,8.76436,2.05,1.00
2015.04.10 03:11:42.139,8.75532,8.7643,2.05,1.30
2015.04.10 03:11:42.189,8.75532,8.76417,2.05,1.00
2015.04.10 03:11:42.492,8.75723,8.76337,1.60,1.60
2015.04.10 03:11:42.824,8.75593,8.76207,1.98,1.60
2015.04.10 03:11:43.077,8.75593,8.76207,1.60,1.60
2015.04.10 03:11:43.279,8.75593,8.76207,2.35,1.60
2015.04.10 03:11:43.581,8.75593,8.76207,2.35,1.60
2015.04.10 03:11:43.632,8.75593,8.76207,1.98,1.60
2015.04.10 03:11:43.834,8.75593,8.76207,2.35,1.60
2015.04.10 03:11:43.884,8.75783,8.76397,1.60,1.60
2015.04.10 03:11:43.935,8.75783,8.76397,1.68,1.60
2015.04.10 03:11:44.036,8.75783,8.76397,1.60,1.60
2015.04.10 03:11:45.087,8.75663,8.76264,2.35,1.30
2015.04.10 03:11:45.188,8.75663,8.76277,2.35,1.60
2015.04.10 03:11:45.802,8.75663,8.76277,2.35,1.60
2015.04.10 03:11:45.953,8.75763,8.76358,2.35,1.30
2015.04.10 03:11:46.004,8.75763,8.76358,1.60,1.30
2015.04.10 03:11:46.055,8.75493,8.76358,2.35,1.30
2015.04.10 03:11:46.157,8.75493,8.76378,2.35,1.30
2015.04.10 03:11:46.208,8.75493,8.76533,2.35,1.30
2015.04.10 03:11:46.382,8.75636,8.76552,2.05,1.30
2015.04.10 03:11:46.433,8.75636,8.76604,2.05,1.00
2015.04.10 03:11:46.486,8.75616,8.76367,2.05,1.30
2015.04.10 03:11:46.587,8.75596,8.76387,2.05,1.30
2015.04.10 03:11:46.688,8.75576,8.76288,2.05,1.30
2015.04.10 03:11:47.042,8.75493,8.76288,2.35,1.30
2015.04.10 03:11:47.143,8.75493,8.76452,2.35,1.30
2015.04.10 03:11:47.294,8.75552,8.76472,2.05,1.30
2015.04.10 03:11:47.345,8.75552,8.76592,2.05,1.00
2015.04.10 03:11:47.396,8.75531,8.76471,2.05,1.30
2015.04.10 03:11:47.699,8.75493,8.76417,2.35,1.30
2015.04.10 03:11:48.022,8.75493,8.76417,2.35,1.30
2015.04.10 03:11:48.235,8.75493,8.76417,2.35,1.30
2015.04.10 03:11:48.650,8.75493,8.76417,2.35,1.30
2015.04.10 03:11:48.981,8.75493,8.76417,2.35,1.30
2015.04.10 03:11:49.083,8.75493,8.76417,2.35,1.30
2015.04.10 03:11:49.133,8.75753,8.76367,1.68,1.60
2015.04.10 03:11:49.439,8.75604,8.76206,2.35,1.30
2015.04.10 03:11:49.489,8.75604,8.76216,2.35,1.60
2015.04.10 03:11:49.540,8.75604,8.76216,2.35,1.60
2015.04.10 03:11:49.641,8.75604,8.76216,2.35,1.60
2015.04.10 03:11:49.692,8.75413,8.76367,2.35,1.00
2015.04.10 03:11:49.743,8.75764,8.76417,0.75,1.00
2015.04.10 03:11:49.895,8.75413,8.76313,2.35,1.30
2015.04.10 03:11:49.997,8.7544,8.76333,2.05,1.30
2015.04.10 03:11:50.048,8.7544,8.76538,2.05,1.30
2015.04.10 03:11:50.098,8.7544,8.76538,2.05,1.30
2015.04.10 03:11:50.412,8.75413,8.76491,2.35,1.30
2015.04.10 03:11:50.922,8.75443,8.76491,1.75,1.30
2015.04.10 03:11:51.225,8.75693,8.76307,1.60,1.60
2015.04.10 03:11:51.966,8.75693,8.763,1.60,1.30
2015.04.10 03:11:52.269,8.75693,8.76307,1.68,1.60
2015.04.10 03:11:52.782,8.75693,8.76307,2.35,1.60
2015.04.10 03:11:53.046,8.75653,8.76267,2.35,1.60
2015.04.10 03:11:53.399,8.75653,8.76267,2.35,1.60
2015.04.10 03:11:53.501,8.75653,8.76267,1.60,1.60
2015.04.10 03:11:53.703,8.75653,8.76267,2.35,1.60
2015.04.10 03:11:54.006,8.75544,8.76147,2.05,1.60
2015.04.10 03:11:54.056,8.75544,8.76147,2.05,1.60
2015.04.10 03:11:54.158,8.75533,8.76147,2.35,1.60
2015.04.10 03:11:54.259,8.75533,8.76147,2.35,1.60
2015.04.10 03:11:54.410,8.75533,8.76147,2.35,1.60
2015.04.10 03:11:54.512,8.75533,8.76147,1.98,1.60
2015.04.10 03:11:54.713,8.75533,8.76147,2.35,1.60
2015.04.10 03:11:54.814,8.75533,8.76147,2.35,1.60
2015.04.10 03:11:54.915,8.75533,8.76147,2.35,1.60
2015.04.10 03:11:55.183,8.75693,8.76307,2.35,1.60
2015.04.10 03:11:55.352,8.75693,8.76307,2.35,1.60
2015.04.10 03:11:55.718,8.75693,8.76307,2.35,1.60
2015.04.10 03:11:56.128,8.75693,8.76304,1.60,1.30
2015.04.10 03:11:56.179,8.75693,8.76285,1.60,1.30
2015.04.10 03:11:57.204,8.75583,8.76197,2.35,1.60
2015.04.10 03:11:57.406,8.75583,8.76197,1.60,1.60
2015.04.10 03:11:57.558,8.75583,8.76197,2.35,1.60
2015.04.10 03:11:57.857,8.75683,8.76297,1.60,1.60
2015.04.10 03:11:57.907,8.75683,8.76297,2.35,1.60
2015.04.10 03:11:57.959,8.75854,8.76457,1.98,1.00
2015.04.10 03:11:58.010,8.75854,8.76457,1.60,1.00
2015.04.10 03:11:58.061,8.75854,8.76466,1.60,1.60
2015.04.10 03:11:58.212,8.75854,8.76466,2.35,1.60
2015.04.10 03:11:58.264,8.75943,8.76557,1.60,1.60
2015.04.10 03:11:58.365,8.75793,8.76407,2.35,1.60
2015.04.10 03:11:58.467,8.75793,8.76394,1.60,1.30
2015.04.10 03:11:58.518,8.75793,8.76374,1.60,1.30
2015.04.10 03:11:58.620,8.75553,8.76374,2.35,1.30
2015.04.10 03:11:58.771,8.75553,8.76374,2.35,1.30
2015.04.10 03:11:58.911,8.75633,8.76247,1.68,1.60
2015.04.10 03:11:59.132,8.75633,8.76247,1.68,1.60
2015.04.10 03:11:59.569,8.75633,8.76247,2.35,1.60
2015.04.10 03:12:00.568,8.75633,8.76247,1.68,1.60
2015.04.10 03:12:00.814,8.75743,8.76357,1.60,1.60
2015.04.10 03:12:00.915,8.75743,8.76342,1.60,1.30
2015.04.10 03:12:01.016,8.75743,8.76357,1.60,1.60
2015.04.10 03:12:01.218,8.75743,8.76348,1.60,1.30
2015.04.10 03:12:01.522,8.75743,8.76348,2.35,1.30
2015.04.10 03:12:01.632,8.75743,8.76348,1.60,1.30
2015.04.10 03:12:01.701,8.75743,8.76357,1.60,1.60
2015.04.10 03:12:01.802,8.75743,8.76354,1.60,1.30
2015.04.10 03:12:01.903,8.75743,8.76357,1.60,1.60
2015.04.10 03:12:02.005,8.75743,8.76354,1.60,1.30
2015.04.10 03:12:02.207,8.75743,8.76357,1.60,1.60
2015.04.10 03:12:02.258,8.75643,8.76267,2.35,1.60
2015.04.10 03:12:02.510,8.75833,8.76447,1.60,1.60
2015.04.10 03:12:02.561,8.75833,8.76344,1.60,1.30
2015.04.10 03:12:03.019,8.75833,8.76324,2.35,1.30
2015.04.10 03:12:03.070,8.75833,8.76427,1.60,1.00
2015.04.10 03:12:03.172,8.75833,8.7637,1.60,1.30
2015.04.10 03:12:03.323,8.75833,8.76447,1.60,2.35
2015.04.10 03:12:03.374,8.75833,8.76408,1.60,1.30
2015.04.10 03:12:03.677,8.75753,8.76367,2.35,1.60
2015.04.10 03:12:03.828,8.75753,8.76367,1.60,1.60
2015.04.10 03:12:04.282,8.75753,8.76367,2.35,1.60
2015.04.10 03:12:04.874,8.75753,8.76363,1.68,1.30
2015.04.10 03:12:04.925,8.75753,8.76367,2.35,1.60
2015.04.10 03:12:05.228,8.75753,8.76363,2.35,1.30
2015.04.10 03:12:05.279,8.75753,8.76363,1.98,1.30
2015.04.10 03:12:05.430,8.75753,8.76367,1.98,1.60
2015.04.10 03:12:05.812,8.75753,8.76367,1.60,1.60
2015.04.10 03:12:06.021,8.75753,8.76367,2.35,1.60
2015.04.10 03:12:06.281,8.75843,8.76457,1.60,1.60
2015.04.10 03:12:06.382,8.75843,8.76457,1.98,1.60
2015.04.10 03:12:06.742,8.75843,8.76447,2.35,1.00
2015.04.10 03:12:07.081,8.75693,8.76307,2.35,1.60
2015.04.10 03:12:07.132,8.75693,8.76307,1.98,1.60
2015.04.10 03:12:07.788,8.75693,8.76307,2.35,1.60
2015.04.10 03:12:08.096,8.75693,8.76307,2.35,1.60
2015.04.10 03:12:09.162,8.75793,8.76407,2.35,1.60
2015.04.10 03:12:09.214,8.75793,8.76365,1.60,1.30
2015.04.10 03:12:09.265,8.75793,8.76407,1.60,1.60
2015.04.10 03:12:09.692,8.75793,8.76365,1.60,1.30
2015.04.10 03:12:09.742,8.75793,8.76385,1.60,1.30
2015.04.10 03:12:09.793,8.75793,8.76407,1.98,1.60
2015.04.10 03:12:10.095,8.75793,8.76407,2.35,1.60
2015.04.10 03:12:10.251,8.75793,8.76407,2.35,1.60
2015.04.10 03:12:10.425,8.75793,8.76407,2.35,1.60
2015.04.10 03:12:10.576,8.75793,8.76368,2.35,1.30
2015.04.10 03:12:10.678,8.75793,8.76407,2.35,1.60
2015.04.10 03:12:10.784,8.75793,8.76362,2.35,1.30
2015.04.10 03:12:10.886,8.75793,8.76362,2.35,1.30
2015.04.10 03:12:10.950,8.75793,8.76382,2.35,1.30
2015.04.10 03:12:11.001,8.75793,8.76407,2.35,1.60
2015.04.10 03:12:11.342,8.75793,8.76407,2.35,1.60
2015.04.10 03:12:11.554,8.75793,8.76407,1.98,1.60
2015.04.10 03:12:11.938,8.75953,8.76506,1.60,1.30
2015.04.10 03:12:12.221,8.75863,8.76477,1.60,1.60
2015.04.10 03:12:12.331,8.75652,8.76502,1.75,1.00
2015.04.10 03:12:12.382,8.75652,8.76397,1.75,1.00
2015.04.10 03:12:12.432,8.75652,8.76397,1.75,1.00
2015.04.10 03:12:12.757,8.75652,8.76506,1.75,1.30
2015.04.10 03:12:12.808,8.75652,8.76547,1.75,1.00
2015.04.10 03:12:12.858,8.75643,8.76424,2.35,1.30
2015.04.10 03:12:13.161,8.75774,8.76386,2.35,1.60
2015.04.10 03:12:13.422,8.75553,8.76368,2.35,1.30
2015.04.10 03:12:13.473,8.75553,8.76447,2.35,1.00
2015.04.10 03:12:13.523,8.75553,8.76447,2.35,1.00
2015.04.10 03:12:13.860,8.75553,8.76422,2.35,1.30
2015.04.10 03:12:14.547,8.75813,8.76422,1.60,1.30
2015.04.10 03:12:15.008,8.75813,8.76427,1.60,1.60
2015.04.10 03:12:15.059,8.75813,8.76401,1.60,1.30
2015.04.10 03:12:15.343,8.75693,8.76307,1.60,1.60
2015.04.10 03:12:15.508,8.75693,8.76307,2.35,1.60
2015.04.10 03:12:15.847,8.75693,8.76307,2.35,1.60
2015.04.10 03:12:15.948,8.75693,8.76307,1.68,1.60
2015.04.10 03:12:16.274,8.75693,8.76307,2.35,1.60
2015.04.10 03:12:16.397,8.75693,8.76307,1.60,1.60
2015.04.10 03:12:16.962,8.75643,8.76267,1.98,1.60
2015.04.10 03:12:17.266,8.75643,8.76267,2.35,1.60
2015.04.10 03:12:17.418,8.75563,8.76509,2.35,1.30
2015.04.10 03:12:18.304,8.75563,8.76337,2.35,1.30
2015.04.10 03:12:18.354,8.75563,8.76337,2.35,1.30
2015.04.10 03:12:18.405,8.75793,8.76407,1.60,1.60
2015.04.10 03:12:18.708,8.75673,8.76287,1.68,1.60
2015.04.10 03:12:19.011,8.75536,8.76302,1.75,1.30
2015.04.10 03:12:19.112,8.75536,8.76463,1.75,1.30
2015.04.10 03:12:19.265,8.75536,8.76307,1.75,1.30
2015.04.10 03:12:19.517,8.75536,8.76454,1.75,1.30
2015.04.10 03:12:19.675,8.75536,8.76454,1.75,1.30
2015.04.10 03:12:20.007,8.75833,8.76447,2.35,1.60
2015.04.10 03:12:20.462,8.75833,8.76447,1.60,2.35
2015.04.10 03:12:20.513,8.75713,8.76327,1.68,1.60
2015.04.10 03:12:21.410,8.75713,8.76327,1.98,1.60
2015.04.10 03:12:21.714,8.75713,8.76327,2.35,1.60
2015.04.10 03:12:21.764,8.75713,8.76327,2.35,1.60
2015.04.10 03:12:21.815,8.75573,8.764,2.35,1.30
2015.04.10 03:12:21.866,8.75573,8.764,2.35,1.30
2015.04.10 03:12:22.017,8.75573,8.76467,2.35,1.00
2015.04.10 03:12:22.118,8.75573,8.76442,2.35,1.30
2015.04.10 03:12:22.462,8.75573,8.76442,2.35,1.30
2015.04.10 03:12:22.764,8.75573,8.76442,2.35,1.30
2015.04.10 03:12:23.067,8.75783,8.76397,2.35,1.60
2015.04.10 03:12:23.319,8.75783,8.76397,1.60,1.60
2015.04.10 03:12:23.471,8.75573,8.76598,2.35,1.30
2015.04.10 03:12:23.622,8.75573,8.76589,2.35,1.00
2015.04.10 03:12:23.972,8.75653,8.76267,2.35,1.60
2015.04.10 03:12:24.182,8.75653,8.76267,2.35,1.60
2015.04.10 03:12:24.434,8.75653,8.76267,2.35,1.60
2015.04.10 03:12:24.766,8.75773,8.76387,2.35,1.60
2015.04.10 03:12:24.987,8.75773,8.76387,2.35,1.60
2015.04.10 03:12:25.470,8.75823,8.7643,2.35,1.30
2015.04.10 03:12:25.521,8.75823,8.76437,1.60,1.60
2015.04.10 03:12:25.622,8.75823,8.76373,1.60,1.00
2015.04.10 03:12:25.673,8.75563,8.76373,1.75,1.00
2015.04.10 03:12:25.723,8.75563,8.76346,1.75,1.00
2015.04.10 03:12:26.091,8.75553,8.76346,2.35,1.00
2015.04.10 03:12:26.142,8.75553,8.7627,2.35,1.30
2015.04.10 03:12:26.193,8.75747,8.76533,1.30,1.00
2015.04.10 03:12:26.302,8.75553,8.76503,2.35,1.30
2015.04.10 03:12:26.412,8.75553,8.76503,2.35,1.30
2015.04.10 03:12:26.514,8.75553,8.76503,2.35,1.30
2015.04.10 03:12:26.725,8.75575,8.76507,2.05,1.00
2015.04.10 03:12:26.826,8.75575,8.76626,2.05,1.00
2015.04.10 03:12:26.927,8.75575,8.76617,2.05,1.00
2015.04.10 03:12:27.402,8.75623,8.76607,2.35,1.00
2015.04.10 03:12:27.727,8.75623,8.76483,2.35,1.30
2015.04.10 03:12:27.921,8.75623,8.76483,2.35,1.30
2015.04.10 03:12:28.027,8.75623,8.76701,2.35,1.30
2015.04.10 03:12:28.128,8.75623,8.76476,2.35,1.30
2015.04.10 03:12:28.280,8.75546,8.76476,1.75,1.30
2015.04.10 03:12:28.432,8.75584,8.76527,2.05,1.00
2015.04.10 03:12:28.482,8.75584,8.76473,2.05,1.30
2015.04.10 03:12:29.096,8.75546,8.7636,1.75,1.30
2015.04.10 03:12:29.147,8.75546,8.76339,1.75,1.30
2015.04.10 03:12:29.248,8.75546,8.76339,1.75,1.30
2015.04.10 03:12:29.350,8.75723,8.76337,1.60,1.60
2015.04.10 03:12:29.603,8.75723,8.76337,2.35,1.60
2015.04.10 03:12:29.821,8.75546,8.76397,1.75,1.00
2015.04.10 03:12:29.931,8.75646,8.76396,2.05,1.00
2015.04.10 03:12:30.234,8.75527,8.76327,1.75,1.30
2015.04.10 03:12:30.487,8.75527,8.76412,1.75,1.30
2015.04.10 03:12:30.811,8.75723,8.76337,2.35,1.60
2015.04.10 03:12:31.185,8.75823,8.76437,2.35,1.60
2015.04.10 03:12:31.437,8.75823,8.76437,1.68,1.60
2015.04.10 03:12:31.488,8.75853,8.76467,1.60,1.60
2015.04.10 03:12:31.539,8.75853,8.76404,1.60,1.30
2015.04.10 03:12:31.690,8.75723,8.76347,2.35,1.60
2015.04.10 03:12:32.204,8.75723,8.76347,2.35,1.60
2015.04.10 03:12:32.355,8.75723,8.76347,1.60,1.60
2015.04.10 03:12:32.557,8.75723,8.76347,1.98,1.60
2015.04.10 03:12:33.486,8.75723,8.76347,2.35,1.60
2015.04.10 03:12:34.044,8.75723,8.76347,2.35,1.60
2015.04.10 03:12:34.146,8.75563,8.76465,1.75,1.30
2015.04.10 03:12:34.344,8.75563,8.76447,1.75,1.00
2015.04.10 03:12:34.647,8.75553,8.76465,1.75,1.30
2015.04.10 03:12:34.698,8.75527,8.76465,1.75,1.30
2015.04.10 03:12:35.101,8.75814,8.76426,1.98,1.60
2015.04.10 03:12:35.342,8.75814,8.76426,1.60,1.60
2015.04.10 03:12:35.596,8.75814,8.76425,1.98,1.30
2015.04.10 03:12:35.671,8.75814,8.76425,1.60,1.30
2015.04.10 03:12:35.793,8.75703,8.76317,1.98,1.60
2015.04.10 03:12:35.894,8.75549,8.76425,1.75,1.30
2015.04.10 03:12:36.221,8.75549,8.76425,1.75,1.30
2015.04.10 03:12:37.131,8.75823,8.76437,2.35,1.60
2015.04.10 03:12:37.234,8.75823,8.7642,1.60,1.30
2015.04.10 03:12:37.436,8.75703,8.76317,1.60,1.98
2015.04.10 03:12:38.210,8.75703,8.76224,1.68,1.30
2015.04.10 03:12:38.513,8.75703,8.76197,1.60,1.50
2015.04.10 03:12:38.664,8.75573,8.76147,1.60,1.00
2015.04.10 03:12:38.801,8.75573,8.76187,1.60,1.60
2015.04.10 03:12:38.902,8.75676,8.76187,1.30,1.60
2015.04.10 03:12:39.205,8.75583,8.76297,1.98,1.00
2015.04.10 03:12:39.306,8.75583,8.7634,2.35,1.30
2015.04.10 03:12:39.357,8.75583,8.76383,2.35,1.00
2015.04.10 03:12:39.408,8.75583,8.76425,2.35,1.00
2015.04.10 03:12:39.509,8.75583,8.76322,2.35,1.30
2015.04.10 03:12:39.660,8.75583,8.76583,2.35,1.30
2015.04.10 03:12:40.071,8.75583,8.76583,2.35,1.30
2015.04.10 03:12:40.323,8.75583,8.76583,2.35,1.30
2015.04.10 03:12:41.081,8.75823,8.7641,1.60,1.30
2015.04.10 03:12:41.132,8.75753,8.76349,1.60,1.30
2015.04.10 03:12:41.233,8.75513,8.76518,2.35,1.30
2015.04.10 03:12:41.284,8.75513,8.76395,2.35,1.00
2015.04.10 03:12:41.587,8.75633,8.76247,2.35,1.60
2015.04.10 03:12:41.739,8.75633,8.76247,1.98,1.60
2015.04.10 03:12:41.941,8.75824,8.76436,1.60,1.60
2015.04.10 03:12:42.093,8.75824,8.76436,1.98,1.60
2015.04.10 03:12:42.361,8.75903,8.76517,1.60,1.60
2015.04.10 03:12:42.513,8.75903,8.76417,1.60,1.30
2015.04.10 03:12:42.726,8.75803,8.76397,1.60,1.30
2015.04.10 03:12:42.777,8.75803,8.76417,1.60,1.60
2015.04.10 03:12:43.030,8.75713,8.76337,2.35,1.60
2015.04.10 03:12:43.081,8.75713,8.76337,1.68,1.60
2015.04.10 03:12:43.356,8.75473,8.76267,2.35,1.30
2015.04.10 03:12:43.558,8.75495,8.76454,1.75,1.30
2015.04.10 03:12:43.659,8.75548,8.76597,2.05,1.00
2015.04.10 03:12:43.710,8.75548,8.76597,2.05,1.00
2015.04.10 03:12:44.012,8.7555,8.76647,2.05,1.60
2015.04.10 03:12:44.315,8.75653,8.76491,2.35,1.30
2015.04.10 03:12:44.581,8.75653,8.76491,1.98,1.30
2015.04.10 03:12:45.506,8.75674,8.76286,1.68,1.60
2015.04.10 03:12:45.841,8.75674,8.76286,2.35,1.60
2015.04.10 03:12:45.892,8.75495,8.76309,1.75,1.30
2015.04.10 03:12:45.993,8.75548,8.76528,2.05,1.00
2015.04.10 03:12:46.044,8.75548,8.76495,2.05,1.30
2015.04.10 03:12:46.196,8.75548,8.76636,2.05,1.60
2015.04.10 03:12:46.247,8.75548,8.76636,2.05,1.60
2015.04.10 03:12:46.550,8.75527,8.76474,2.05,1.30
2015.04.10 03:12:46.603,8.75547,8.7657,2.05,1.00
2015.04.10 03:12:46.758,8.75573,8.76464,1.75,1.30
2015.04.10 03:12:47.061,8.75495,8.76501,1.75,1.30
2015.04.10 03:12:47.213,8.75495,8.76487,1.75,1.00
2015.04.10 03:12:47.515,8.75693,8.76307,1.68,1.60
2015.04.10 03:12:47.852,8.75693,8.76241,1.68,1.30
2015.04.10 03:12:48.004,8.75693,8.76307,1.68,1.60
2015.04.10 03:12:48.105,8.75693,8.76298,1.60,1.30
2015.04.10 03:12:48.206,8.75693,8.76307,1.60,1.60
2015.04.10 03:12:48.307,8.75693,8.76305,1.60,1.30
2015.04.10 03:12:48.611,8.75693,8.7628,1.60,1.30
2015.04.10 03:12:48.805,8.75693,8.76307,1.60,1.60
2015.04.10 03:12:49.007,8.75693,8.76307,1.98,1.60
2015.04.10 03:12:49.109,8.75693,8.76297,1.60,1.30
2015.04.10 03:12:49.291,8.75523,8.76297,2.35,1.30
2015.04.10 03:12:49.393,8.75523,8.76497,2.35,1.30
2015.04.10 03:12:49.444,8.75523,8.76332,2.35,1.30
2015.04.10 03:12:49.596,8.75523,8.76529,2.35,1.00
2015.04.10 03:12:49.647,8.75523,8.76517,2.35,1.00
2015.04.10 03:12:49.970,8.75523,8.76347,2.35,1.50
2015.04.10 03:12:50.366,8.75583,8.76197,2.35,1.60
2015.04.10 03:12:50.417,8.75583,8.76197,1.68,1.60
2015.04.10 03:12:50.518,8.75713,8.76337,1.60,1.60
2015.04.10 03:12:51.489,8.75713,8.76295,1.60,1.30
2015.04.10 03:12:51.816,8.75713,8.76315,1.60,1.30
2015.04.10 03:12:51.917,8.75713,8.76337,1.60,1.60
2015.04.10 03:12:52.523,8.75713,8.76319,1.60,1.30
2015.04.10 03:12:52.624,8.75713,8.76337,1.60,1.60
2015.04.10 03:12:53.609,8.75623,8.76397,2.35,1.00
2015.04.10 03:12:53.838,8.75714,8.76498,2.35,1.30
2015.04.10 03:12:53.990,8.75625,8.76509,2.05,1.00
2015.04.10 03:12:54.091,8.75605,8.76539,2.05,1.30
2015.04.10 03:12:54.293,8.75849,8.76539,0.75,1.30
2015.04.10 03:12:54.495,8.75646,8.76379,2.05,1.30
2015.04.10 03:12:54.547,8.75646,8.76487,2.05,1.00
2015.04.10 03:12:54.597,8.75646,8.76487,2.05,1.00
2015.04.10 03:12:54.701,8.75646,8.76467,2.05,1.00
2015.04.10 03:12:54.824,8.75646,8.76588,2.05,1.00
2015.04.10 03:12:54.875,8.75646,8.76597,2.05,1.50
2015.04.10 03:12:54.925,8.75743,8.76357,1.60,1.60
2015.04.10 03:12:55.026,8.75873,8.76497,1.60,1.60
2015.04.10 03:12:55.178,8.75873,8.76497,1.68,1.60
2015.04.10 03:12:55.682,8.75747,8.76648,2.05,1.00
2015.04.10 03:12:55.733,8.75728,8.76541,2.05,1.30
2015.04.10 03:12:56.036,8.75627,8.76647,2.05,1.00
2015.04.10 03:12:56.137,8.75604,8.7654,2.35,1.30
2015.04.10 03:12:56.389,8.75604,8.7654,2.35,1.30
2015.04.10 03:12:56.440,8.75604,8.76648,2.35,1.00
2015.04.10 03:12:56.490,8.75604,8.76648,2.35,1.00
2015.04.10 03:12:56.743,8.75604,8.76596,2.35,1.30
2015.04.10 03:12:56.793,8.75604,8.76596,2.35,1.30
2015.04.10 03:12:57.688,8.75923,8.76537,1.60,1.60
2015.04.10 03:12:57.991,8.75843,8.76457,2.35,1.60
2015.04.10 03:12:58.042,8.75843,8.76457,1.60,1.60
2015.04.10 03:12:58.144,8.75843,8.76457,1.68,1.60
2015.04.10 03:12:59.122,8.75843,8.76457,1.60,1.60
2015.04.10 03:12:59.223,8.75843,8.76457,1.68,1.60
2015.04.10 03:12:59.325,8.75843,8.76457,1.60,1.60
2015.04.10 03:12:59.788,8.75843,8.76457,2.35,1.60
2015.04.10 03:13:00.090,8.75893,8.76507,1.68,2.35
2015.04.10 03:13:00.343,8.75893,8.76507,1.60,1.60
2015.04.10 03:13:00.444,8.75893,8.76507,1.68,1.60
2015.04.10 03:13:00.545,8.75533,8.76565,2.35,1.30
2015.04.10 03:13:00.647,8.75639,8.76596,2.05,1.50
2015.04.10 03:13:00.748,8.75533,8.76549,2.35,1.30
2015.04.10 03:13:01.062,8.75533,8.76549,2.35,1.30
2015.04.10 03:13:01.322,8.75533,8.76549,2.35,1.30
2015.04.10 03:13:01.424,8.75533,8.76359,2.35,1.30
2015.04.10 03:13:01.625,8.75763,8.76377,1.68,1.60
2015.04.10 03:13:01.727,8.75805,8.76377,1.30,1.60
2015.04.10 03:13:01.944,8.75873,8.76497,1.60,1.60
2015.04.10 03:13:01.995,8.75873,8.76497,1.98,1.60
2015.04.10 03:13:02.096,8.75873,8.76497,1.60,1.60
2015.04.10 03:13:02.271,8.75873,8.76371,1.60,1.30
2015.04.10 03:13:02.428,8.75873,8.76391,1.60,1.30
2015.04.10 03:13:02.479,8.75873,8.76497,1.60,1.60
2015.04.10 03:13:02.630,8.75873,8.76451,1.98,1.30
2015.04.10 03:13:02.932,8.75873,8.76432,1.98,1.30
2015.04.10 03:13:02.983,8.75873,8.76497,1.98,1.60
2015.04.10 03:13:03.034,8.75873,8.76483,1.98,1.30
2015.04.10 03:13:03.352,8.75764,8.76376,2.35,1.60
2015.04.10 03:13:03.403,8.75521,8.76483,1.75,1.30
2015.04.10 03:13:03.554,8.75599,8.76447,2.05,1.00
2015.04.10 03:13:03.676,8.75521,8.76497,1.75,1.00
2015.04.10 03:13:03.871,8.75521,8.7636,1.75,1.30
2015.04.10 03:13:03.981,8.75521,8.7636,1.75,1.30
2015.04.10 03:13:04.185,8.75521,8.76554,1.75,1.30
2015.04.10 03:13:04.350,8.75521,8.76377,1.75,1.30
2015.04.10 03:13:04.452,8.75582,8.76397,2.05,1.30
2015.04.10 03:13:04.502,8.75823,8.76437,1.60,1.60
2015.04.10 03:13:04.806,8.75613,8.76465,2.35,1.30
2015.04.10 03:13:04.856,8.75613,8.76465,2.35,1.30
2015.04.10 03:13:04.957,8.75613,8.76579,2.35,1.00
2015.04.10 03:13:05.453,8.75613,8.76514,2.35,1.00
2015.04.10 03:13:05.705,8.75613,8.76493,2.35,1.30
2015.04.10 03:13:05.756,8.75613,8.76648,2.35,1.00
2015.04.10 03:13:05.907,8.75813,8.76427,1.60,1.60
2015.04.10 03:13:06.160,8.75593,8.76624,2.35,1.30
2015.04.10 03:13:06.362,8.75593,8.76444,2.35,1.30
2015.04.10 03:13:06.494,8.75593,8.76493,2.35,1.30
2015.04.10 03:13:06.657,8.75593,8.76547,3.10,1.00
2015.04.10 03:13:06.758,8.75593,8.76455,3.10,1.30
2015.04.10 03:13:06.961,8.75593,8.76455,2.35,1.30
2015.04.10 03:13:07.062,8.75607,8.76584,2.05,1.00
2015.04.10 03:13:07.163,8.75593,8.76479,2.35,1.30
2015.04.10 03:13:07.483,8.75773,8.76387,2.35,1.60
2015.04.10 03:13:07.610,8.75773,8.76387,2.35,1.60
2015.04.10 03:13:07.913,8.75773,8.76387,1.68,1.60
2015.04.10 03:13:08.165,8.75773,8.76387,1.60,1.60
2015.04.10 03:13:08.381,8.75773,8.76387,2.35,1.60
2015.04.10 03:13:08.482,8.75773,8.76387,1.60,1.60
2015.04.10 03:13:08.919,8.75773,8.76387,2.35,1.60
2015.04.10 03:13:09.819,8.75613,8.76577,2.35,1.30
2015.04.10 03:13:09.870,8.75613,8.76577,2.35,1.30
2015.04.10 03:13:10.325,8.75613,8.76577,2.35,1.30
2015.04.10 03:13:10.426,8.75773,8.76387,1.68,1.60
2015.04.10 03:13:10.577,8.75773,8.76387,1.60,1.60
2015.04.10 03:13:10.779,8.75773,8.76387,1.98,1.60
2015.04.10 03:13:11.082,8.75533,8.76585,2.35,1.00
2015.04.10 03:13:11.133,8.75533,8.76624,2.35,1.30
2015.04.10 03:13:11.335,8.75553,8.76624,1.75,1.30
2015.04.10 03:13:11.386,8.75718,8.76648,2.05,1.00
2015.04.10 03:13:11.538,8.76003,8.76617,1.60,1.60
2015.04.10 03:13:11.639,8.75643,8.76517,2.35,1.30
2015.04.10 03:13:11.690,8.75643,8.76517,2.35,1.30
2015.04.10 03:13:11.817,8.75643,8.76648,2.35,1.00
2015.04.10 03:13:11.868,8.75643,8.76516,2.35,1.30
2015.04.10 03:13:12.019,8.7574,8.76562,2.05,1.00
2015.04.10 03:13:12.121,8.75643,8.76562,2.35,1.00
2015.04.10 03:13:12.222,8.75643,8.76541,2.35,1.00
2015.04.10 03:13:12.531,8.75643,8.76517,2.35,1.00
2015.04.10 03:13:12.582,8.75795,8.76591,1.30,1.30
2015.04.10 03:13:12.633,8.75853,8.76467,1.60,1.60
2015.04.10 03:13:12.835,8.75774,8.76648,2.05,1.00
2015.04.10 03:13:12.987,8.76023,8.76519,1.60,1.30
2015.04.10 03:13:13.088,8.75644,8.76519,2.35,1.30
2015.04.10 03:13:13.189,8.75681,8.76539,2.05,1.30
2015.04.10 03:13:13.269,8.75681,8.76648,2.05,1.00
2015.04.10 03:13:13.491,8.7566,8.7648,2.05,1.30
2015.04.10 03:13:13.642,8.75644,8.7648,2.35,1.30
2015.04.10 03:13:13.844,8.75644,8.7648,2.35,1.30
2015.04.10 03:13:13.895,8.75644,8.76501,2.35,1.30
2015.04.10 03:13:13.971,8.75644,8.76617,2.35,1.00
2015.04.10 03:13:14.122,8.7557,8.76637,2.05,1.60
2015.04.10 03:13:14.294,8.75703,8.76506,1.75,1.30
2015.04.10 03:13:14.596,8.75573,8.76571,2.35,1.30
2015.04.10 03:13:14.647,8.75573,8.76571,2.35,1.30
2015.04.10 03:13:14.989,8.75663,8.76571,2.35,1.30
2015.04.10 03:13:15.091,8.75796,8.7653,1.37,1.30
2015.04.10 03:13:15.192,8.75776,8.76551,2.05,1.30
2015.04.10 03:13:15.753,8.75663,8.76551,2.35,1.30
2015.04.10 03:13:15.804,8.75883,8.76497,1.60,1.60
2015.04.10 03:13:16.172,8.75883,8.76497,1.98,1.60
2015.04.10 03:13:16.402,8.75883,8.76497,1.60,1.60
2015.04.10 03:13:16.604,8.75883,8.76497,1.68,1.60
2015.04.10 03:13:17.450,8.75883,8.76497,1.68,1.60
2015.04.10 03:13:17.757,8.75753,8.76367,1.98,1.60
2015.04.10 03:13:18.062,8.75753,8.76367,2.35,1.60
2015.04.10 03:13:18.164,8.75753,8.76367,2.35,1.60
2015.04.10 03:13:18.366,8.75753,8.76367,1.60,1.60
2015.04.10 03:13:18.618,8.75753,8.76367,2.35,1.60
2015.04.10 03:13:18.932,8.75753,8.76367,2.35,1.60
2015.04.10 03:13:19.033,8.75753,8.76367,1.60,1.60
2015.04.10 03:13:19.252,8.75753,8.76367,2.35,1.60
2015.04.10 03:13:19.353,8.75753,8.76367,1.68,1.60
2015.04.10 03:13:19.583,8.75753,8.76367,2.35,1.60
2015.04.10 03:13:20.124,8.75672,8.76567,2.05,1.00
2015.04.10 03:13:20.175,8.75672,8.76648,2.05,1.00
2015.04.10 03:13:20.226,8.75513,8.7654,2.35,1.30
2015.04.10 03:13:20.539,8.75843,8.76467,1.60,1.60
2015.04.10 03:13:20.845,8.75843,8.76373,1.60,1.30
2015.04.10 03:13:20.971,8.75693,8.76307,1.98,1.60
2015.04.10 03:13:22.060,8.75743,8.76357,2.35,1.60
2015.04.10 03:13:22.464,8.75743,8.76357,1.60,1.60
2015.04.10 03:13:22.571,8.75743,8.76357,2.35,1.60
2015.04.10 03:13:22.880,8.75743,8.76357,2.35,1.60
2015.04.10 03:13:22.997,8.75743,8.76357,2.35,1.60
2015.04.10 03:13:23.199,8.75883,8.76497,1.60,1.60
2015.04.10 03:13:23.409,8.75883,8.76414,1.60,1.30
2015.04.10 03:13:23.561,8.75883,8.76497,1.60,1.60
2015.04.10 03:13:23.662,8.75727,8.76648,1.67,1.00
2015.04.10 03:13:23.763,8.75727,8.76648,2.05,1.00
2015.04.10 03:13:24.100,8.75603,8.76469,2.35,1.30
2015.04.10 03:13:24.151,8.75603,8.76647,2.35,1.00
2015.04.10 03:13:24.252,8.75603,8.76504,2.35,1.30
2015.04.10 03:13:24.605,8.75753,8.76367,2.35,1.60
2015.04.10 03:13:25.888,8.75753,8.76367,2.35,1.60
2015.04.10 03:13:26.058,8.75753,8.76367,1.68,1.60
2015.04.10 03:13:26.159,8.75516,8.76476,1.75,1.30
2015.04.10 03:13:26.310,8.75516,8.76476,1.75,1.30
2015.04.10 03:13:26.411,8.75484,8.76476,2.35,1.30
2015.04.10 03:13:26.681,8.75547,8.76564,2.05,1.00
2015.04.10 03:13:26.735,8.75547,8.76564,2.05,1.00
2015.04.10 03:13:27.037,8.75547,8.76557,2.05,1.00
2015.04.10 03:13:27.088,8.75547,8.76599,2.05,1.00
2015.04.10 03:13:27.139,8.75853,8.76477,1.68,1.60
2015.04.10 03:13:27.458,8.75853,8.76477,1.60,1.60
2015.04.10 03:13:27.660,8.75853,8.76469,1.60,1.30
2015.04.10 03:13:27.861,8.75853,8.76477,1.60,1.60
2015.04.10 03:13:27.912,8.75853,8.76386,1.60,1.30
2015.04.10 03:13:28.064,8.75723,8.76337,1.68,1.60
2015.04.10 03:13:28.165,8.75633,8.76247,2.35,1.60
2015.04.10 03:13:28.518,8.75633,8.76247,2.35,1.60
2015.04.10 03:13:28.720,8.75633,8.76247,1.98,1.60
2015.04.10 03:13:29.143,8.75753,8.76367,2.35,1.60
2015.04.10 03:13:29.872,8.75753,8.76367,1.98,1.60
2015.04.10 03:13:29.923,8.75753,8.76367,2.35,1.60
2015.04.10 03:13:30.025,8.75753,8.76367,1.68,1.60
2015.04.10 03:13:30.127,8.75664,8.76276,2.35,1.60
2015.04.10 03:13:30.430,8.75674,8.76276,2.05,1.60
2015.04.10 03:13:30.481,8.75664,8.76276,2.35,1.60
2015.04.10 03:13:30.784,8.75664,8.76276,2.35,1.60
2015.04.10 03:13:30.936,8.75682,8.76276,1.37,1.60
2015.04.10 03:13:30.987,8.75753,8.76367,1.60,1.60
2015.04.10 03:13:31.140,8.75753,8.76367,1.98,1.60
2015.04.10 03:13:31.446,8.75753,8.76367,1.98,1.60
2015.04.10 03:13:31.550,8.75753,8.76367,1.60,1.60
2015.04.10 03:13:31.601,8.75753,8.76347,1.60,1.00
2015.04.10 03:13:31.753,8.75663,8.76447,2.35,1.00
2015.04.10 03:13:31.854,8.75663,8.76366,2.35,1.30
2015.04.10 03:13:32.106,8.75691,8.76597,2.05,1.00
2015.04.10 03:13:32.258,8.75728,8.76613,2.05,1.00
2015.04.10 03:13:32.308,8.75728,8.76641,2.05,1.00
2015.04.10 03:13:32.359,8.75613,8.76482,2.35,1.30
2015.04.10 03:13:32.471,8.75613,8.76482,2.35,1.30
2015.04.10 03:13:32.572,8.75498,8.76482,1.75,1.30
2015.04.10 03:13:32.673,8.75641,8.76613,2.05,1.00
2015.04.10 03:13:32.723,8.75641,8.76552,2.05,1.30
2015.04.10 03:13:32.875,8.75498,8.76532,1.75,1.30
2015.04.10 03:13:33.077,8.75498,8.76494,1.75,1.00
2015.04.10 03:13:33.379,8.75498,8.76494,1.75,1.00
2015.04.10 03:13:34.446,8.75683,8.76297,2.35,1.60
2015.04.10 03:13:34.700,8.75683,8.76297,1.68,1.60
2015.04.10 03:13:34.751,8.75763,8.76377,1.60,1.60
2015.04.10 03:13:34.961,8.75763,8.76377,2.35,1.60
2015.04.10 03:13:35.177,8.75893,8.76507,1.60,1.60
2015.04.10 03:13:35.853,8.75893,8.76421,1.60,1.30
2015.04.10 03:13:36.004,8.75893,8.76507,1.60,1.60
2015.04.10 03:13:36.055,8.75753,8.76367,1.60,1.60
2015.04.10 03:13:36.380,8.75753,8.76367,1.98,1.60
2015.04.10 03:13:36.531,8.75753,8.76367,1.60,1.60
2015.04.10 03:13:36.733,8.75753,8.76367,2.35,1.60
2015.04.10 03:13:36.834,8.75684,8.76447,2.35,1.00
2015.04.10 03:13:37.087,8.75684,8.76446,1.98,1.00
2015.04.10 03:13:37.188,8.75684,8.76447,2.35,1.00
2015.04.10 03:13:37.239,8.75684,8.76475,2.35,1.30
2015.04.10 03:13:37.340,8.75684,8.76475,1.68,1.30
2015.04.10 03:13:37.390,8.75684,8.76495,2.35,1.30
2015.04.10 03:13:37.441,8.75684,8.76526,2.35,1.00
2015.04.10 03:13:37.492,8.75684,8.76434,2.35,1.30
2015.04.10 03:13:37.593,8.75684,8.76454,2.35,1.30
2015.04.10 03:13:37.644,8.75684,8.76499,1.98,1.00
2015.04.10 03:13:37.694,8.75684,8.76488,1.98,1.30
2015.04.10 03:13:37.997,8.75733,8.76347,1.60,1.60
2015.04.10 03:13:38.250,8.75493,8.76491,2.35,1.30
2015.04.10 03:13:38.301,8.75661,8.76511,2.05,1.30
2015.04.10 03:13:38.402,8.75661,8.76566,2.05,1.00
2015.04.10 03:13:38.736,8.75661,8.76557,2.05,1.00
2015.04.10 03:13:38.911,8.75661,8.76576,2.05,1.00
2015.04.10 03:13:39.091,8.75641,8.76486,2.05,1.30
2015.04.10 03:13:39.141,8.75493,8.76486,2.35,1.30
2015.04.10 03:13:39.459,8.75773,8.76387,1.60,1.60
2015.04.10 03:13:39.812,8.75773,8.76387,1.98,1.60
2015.04.10 03:13:40.066,8.75773,8.76387,1.60,1.60
2015.04.10 03:13:40.873,8.75773,8.76345,1.60,1.30
2015.04.10 03:13:41.024,8.75443,8.76345,1.75,1.30
2015.04.10 03:13:41.076,8.75443,8.76365,1.75,1.30
2015.04.10 03:13:41.135,8.75443,8.76533,1.75,1.30
2015.04.10 03:13:41.495,8.75493,8.76533,1.75,1.30
2015.04.10 03:13:42.280,8.75703,8.76317,1.68,1.60
2015.04.10 03:13:42.330,8.75903,8.76517,1.60,1.60
2015.04.10 03:13:42.496,8.75903,8.76508,1.60,1.30
2015.04.10 03:13:42.653,8.75833,8.76447,1.60,1.60
2015.04.10 03:13:42.754,8.75503,8.76507,2.35,1.00
2015.04.10 03:13:43.224,8.75596,8.76517,2.05,1.00
2015.04.10 03:13:43.325,8.75525,8.76527,1.75,1.30
2015.04.10 03:13:43.549,8.75525,8.76527,1.75,1.30
2015.04.10 03:13:43.853,8.75673,8.76287,1.98,1.60
2015.04.10 03:13:44.155,8.75814,8.76287,1.37,1.60
2015.04.10 03:13:44.206,8.75673,8.76287,1.98,1.60
2015.04.10 03:13:44.408,8.75873,8.76487,1.60,1.60
2015.04.10 03:13:44.459,8.75873,8.76487,1.68,1.60
2015.04.10 03:13:44.560,8.75873,8.76487,1.60,1.60
2015.04.10 03:13:44.762,8.75553,8.76419,2.35,1.30
2015.04.10 03:13:44.814,8.75553,8.76399,2.35,1.30
2015.04.10 03:13:45.016,8.75573,8.76608,1.75,1.30
2015.04.10 03:13:45.170,8.75553,8.76463,2.35,1.30
2015.04.10 03:13:45.322,8.75553,8.76579,2.35,1.00
2015.04.10 03:13:45.423,8.75553,8.7658,2.35,1.00
2015.04.10 03:13:45.474,8.75553,8.76567,2.35,1.00
2015.04.10 03:13:45.776,8.75784,8.76396,1.68,1.60
2015.04.10 03:13:46.605,8.75713,8.76327,1.98,1.60
2015.04.10 03:13:46.910,8.75713,8.76327,2.35,1.60
2015.04.10 03:13:46.961,8.75713,8.76327,1.98,1.60
2015.04.10 03:13:47.063,8.75713,8.76327,2.35,1.60
2015.04.10 03:13:47.215,8.75713,8.76327,1.98,1.60
2015.04.10 03:13:47.419,8.75713,8.76327,1.60,1.60
2015.04.10 03:13:47.521,8.75713,8.76327,1.98,1.60
2015.04.10 03:13:47.725,8.75713,8.76327,1.60,1.60
2015.04.10 03:13:47.827,8.75498,8.76557,1.75,1.00
2015.04.10 03:13:47.878,8.75498,8.76391,1.75,1.30
2015.04.10 03:13:48.031,8.75498,8.76541,1.75,1.30
2015.04.10 03:13:48.191,8.75498,8.76541,1.75,1.30
2015.04.10 03:13:48.521,8.75498,8.76541,1.75,1.30
2015.04.10 03:13:48.824,8.75876,8.76477,1.30,1.60
2015.04.10 03:13:48.977,8.75743,8.76357,1.60,1.60
2015.04.10 03:13:49.380,8.75743,8.76357,1.98,1.60
2015.04.10 03:13:49.483,8.75544,8.76628,1.75,1.30
2015.04.10 03:13:49.735,8.7553,8.76585,2.05,1.00
2015.04.10 03:13:50.039,8.75504,8.76432,2.35,1.30
2015.04.10 03:13:50.493,8.75803,8.76417,1.60,1.60
2015.04.10 03:13:50.796,8.75803,8.764,1.60,1.30
2015.04.10 03:13:50.998,8.75803,8.76417,1.60,1.60
2015.04.10 03:13:51.251,8.75803,8.76417,1.98,1.60
2015.04.10 03:13:51.686,8.75933,8.76547,1.60,1.60
2015.04.10 03:13:52.693,8.75933,8.76459,1.60,1.30
2015.04.10 03:13:52.896,8.75933,8.76547,1.60,1.60
2015.04.10 03:13:53.201,8.75933,8.76469,1.60,1.30
2015.04.10 03:13:53.255,8.75793,8.76407,1.60,1.60
2015.04.10 03:13:53.309,8.75683,8.76297,1.68,1.60
2015.04.10 03:13:53.612,8.75683,8.76297,2.35,1.60
2015.04.10 03:13:53.897,8.75683,8.76297,1.60,1.60
2015.04.10 03:13:54.493,8.75683,8.76297,1.68,1.60
2015.04.10 03:13:54.802,8.75683,8.76297,2.35,1.60
2015.04.10 03:13:55.004,8.75683,8.76297,1.98,1.60
2015.04.10 03:13:55.402,8.75764,8.76376,1.60,1.60
2015.04.10 03:13:55.553,8.75764,8.76376,2.35,1.60
2015.04.10 03:13:55.655,8.75933,8.76525,1.60,1.30
2015.04.10 03:13:55.756,8.75833,8.76447,1.98,1.60
2015.04.10 03:13:56.065,8.75703,8.76327,2.35,1.60
2015.04.10 03:13:56.304,8.75793,8.76407,2.35,1.60
2015.04.10 03:13:56.657,8.75793,8.76407,1.60,1.60
2015.04.10 03:13:57.059,8.75553,8.76597,2.35,1.30
2015.04.10 03:13:57.110,8.75696,8.76648,2.05,1.00
2015.04.10 03:13:57.414,8.75603,8.76567,1.75,1.30
2015.04.10 03:13:57.951,8.75633,8.76567,1.75,1.30
2015.04.10 03:13:58.039,8.75903,8.76517,1.60,1.60
2015.04.10 03:13:58.839,8.75783,8.76397,1.60,1.60
2015.04.10 03:13:58.941,8.75513,8.76567,2.35,1.30
2015.04.10 03:13:59.316,8.75513,8.76539,3.10,1.00
2015.04.10 03:13:59.670,8.75513,8.76567,2.35,1.30
2015.04.10 03:13:59.721,8.75513,8.76567,2.35,1.30
2015.04.10 03:14:00.066,8.75703,8.76317,2.35,1.60
2015.04.10 03:14:00.168,8.75703,8.76317,1.60,1.60
2015.04.10 03:14:00.370,8.75703,8.76317,1.98,1.60
2015.04.10 03:14:00.673,8.75703,8.76317,2.35,1.60
2015.04.10 03:14:00.724,8.75703,8.76317,1.68,1.60
2015.04.10 03:14:00.926,8.75703,8.76317,1.60,1.60
2015.04.10 03:14:01.078,8.75703,8.76317,2.35,1.60
2015.04.10 03:14:01.381,8.75784,8.76374,1.60,1.30
2015.04.10 03:14:01.432,8.75784,8.76394,1.60,1.30
2015.04.10 03:14:01.483,8.75784,8.76396,1.60,1.60
2015.04.10 03:14:01.533,8.75784,8.76364,1.60,1.30
2015.04.10 03:14:01.584,8.75443,8.76364,2.35,1.30
2015.04.10 03:14:01.635,8.75472,8.76384,2.05,1.30
2015.04.10 03:14:01.686,8.75472,8.7657,2.05,1.30
2015.04.10 03:14:01.852,8.75452,8.76393,2.05,1.30
2015.04.10 03:14:01.953,8.75619,8.76413,1.67,1.30
2015.04.10 03:14:02.004,8.75619,8.76617,1.67,1.60
2015.04.10 03:14:02.156,8.75599,8.7653,2.05,1.30
2015.04.10 03:14:02.257,8.75443,8.7653,2.35,1.30
2015.04.10 03:14:02.358,8.75513,8.7653,1.75,1.30
2015.04.10 03:14:02.516,8.75654,8.76551,2.05,1.30
2015.04.10 03:14:02.566,8.75823,8.76437,1.60,1.60
2015.04.10 03:14:03.050,8.75581,8.76569,2.05,1.30
2015.04.10 03:14:03.103,8.75513,8.7646,2.35,1.30
2015.04.10 03:14:03.154,8.75513,8.7646,2.35,1.30
2015.04.10 03:14:03.255,8.75601,8.7648,1.67,1.30
2015.04.10 03:14:03.306,8.75601,8.76439,1.67,1.00
2015.04.10 03:14:03.608,8.75513,8.76447,2.35,1.50
2015.04.10 03:14:03.709,8.75513,8.76356,2.35,1.30
2015.04.10 03:14:03.760,8.75513,8.76376,2.35,1.30
2015.04.10 03:14:03.811,8.75513,8.76417,2.35,1.00
2015.04.10 03:14:03.912,8.75622,8.76565,2.05,1.00
2015.04.10 03:14:03.979,8.75693,8.76307,2.35,1.60
2015.04.10 03:14:04.283,8.75693,8.76307,2.35,1.60
2015.04.10 03:14:04.333,8.75843,8.7645,1.60,1.30
2015.04.10 03:14:04.435,8.75843,8.76457,1.60,1.60
2015.04.10 03:14:04.636,8.75843,8.7645,1.60,1.30
2015.04.10 03:14:04.687,8.75743,8.76357,1.60,1.60
2015.04.10 03:14:04.889,8.75873,8.7645,1.60,1.30
2015.04.10 03:14:04.940,8.75873,8.7647,1.60,1.30
2015.04.10 03:14:05.041,8.75693,8.76307,1.60,1.60
2015.04.10 03:14:06.478,8.75693,8.76307,2.35,1.60
2015.04.10 03:14:06.790,8.75693,8.76307,2.35,1.60
2015.04.10 03:14:06.992,8.75693,8.76307,2.35,1.60
2015.04.10 03:14:07.194,8.75693,8.76307,1.98,1.60
2015.04.10 03:14:07.346,8.75693,8.76307,2.35,1.60
2015.04.10 03:14:07.450,8.75693,8.76307,1.60,1.60
2015.04.10 03:14:10.853,8.75622,8.76648,1.67,1.00
2015.04.10 03:14:10.904,8.75593,8.76578,2.35,1.30
2015.04.10 03:14:11.708,8.75624,8.76577,2.35,1.00
2015.04.10 03:14:12.012,8.75843,8.76467,1.98,1.60
2015.04.10 03:14:12.265,8.75843,8.76438,1.60,1.30
2015.04.10 03:14:12.366,8.75843,8.76443,1.60,1.30
2015.04.10 03:14:12.722,8.75843,8.76443,1.68,1.30
2015.04.10 03:14:12.773,8.75843,8.76463,1.68,1.30
2015.04.10 03:14:12.874,8.75843,8.76467,1.68,1.60
2015.04.10 03:14:12.925,8.75843,8.76467,1.60,1.60
2015.04.10 03:14:13.374,8.75883,8.76277,1.60,1.60
2015.04.10 03:14:13.576,8.75783,8.76397,1.60,1.60
2015.04.10 03:14:13.728,8.75783,8.76397,2.35,1.60
2015.04.10 03:14:13.930,8.75783,8.76397,1.60,1.60
2015.04.10 03:14:14.031,8.75783,8.76397,1.68,1.60
2015.04.10 03:14:14.368,8.75783,8.76397,2.35,1.60
2015.04.10 03:14:14.748,8.75783,8.76397,1.60,1.60
2015.04.10 03:14:14.900,8.75783,8.76397,2.35,1.60
2015.04.10 03:14:15.109,8.75783,8.76397,1.68,1.60
2015.04.10 03:14:15.362,8.75783,8.76397,2.35,1.60
2015.04.10 03:14:15.463,8.75783,8.76319,1.60,1.00
2015.04.10 03:14:15.514,8.75783,8.76306,1.60,1.00
2015.04.10 03:14:15.817,8.75783,8.76159,1.60,1.75
2015.04.10 03:14:15.867,8.75603,8.75997,1.60,1.60
2015.04.10 03:14:16.800,8.75603,8.75997,1.60,1.68
2015.04.10 03:14:17.129,8.75603,8.75997,1.60,1.98
2015.04.10 03:14:17.459,8.75603,8.75997,1.60,1.98
2015.04.10 03:14:17.661,8.75603,8.75997,1.60,1.60
2015.04.10 03:14:17.762,8.75483,8.75877,2.43,1.60
2015.04.10 03:14:18.066,8.75483,8.75877,2.73,1.60
2015.04.10 03:14:18.556,8.75483,8.75877,1.68,1.60
2015.04.10 03:14:19.430,8.75483,8.75877,2.73,1.60
2015.04.10 03:14:19.751,8.75483,8.75877,2.35,1.60
2015.04.10 03:14:25.150,8.75483,8.75877,1.60,1.68
2015.04.10 03:14:25.619,8.75483,8.75877,1.60,1.68
2015.04.10 03:14:26.252,8.75483,8.75877,1.60,1.60
2015.04.10 03:14:27.191,8.75433,8.75787,1.00,1.60
2015.04.10 03:14:27.573,8.75443,8.75787,1.00,1.60
2015.04.10 03:14:28.350,8.75413,8.75787,1.00,1.60
2015.04.10 03:14:28.653,8.75423,8.75787,1.00,1.60
2015.04.10 03:14:30.589,8.75413,8.75787,1.50,1.60
2015.04.10 03:14:31.331,8.75414,8.75787,1.00,1.60
2015.04.10 03:14:32.406,8.75413,8.75787,1.00,1.60
2015.04.10 03:14:33.404,8.75423,8.75787,1.00,1.60
2015.04.10 03:14:35.011,8.75413,8.75787,1.00,1.60
2015.04.10 03:14:38.109,8.75423,8.75787,1.00,1.60
2015.04.10 03:14:38.210,8.75493,8.75877,1.60,1.60
2015.04.10 03:14:47.187,8.75493,8.75877,1.60,1.68
2015.04.10 03:14:47.490,8.75493,8.75877,1.60,1.60
2015.04.10 03:14:54.865,8.75583,8.75977,1.60,1.60
2015.04.10 03:14:56.139,8.75583,8.75977,1.60,1.68
2015.04.10 03:14:57.467,8.75583,8.75977,1.60,1.60
2015.04.10 03:14:59.158,8.75583,8.75977,1.60,1.68
2015.04.10 03:14:59.262,8.75583,8.75977,1.60,1.60
2015.04.10 03:15:00.682,8.75583,8.75977,1.60,1.98
2015.04.10 03:15:01.662,8.75583,8.75977,1.60,1.60
2015.04.10 03:15:04.756,8.75583,8.75977,1.60,1.68
2015.04.10 03:15:06.293,8.75583,8.75977,1.60,1.60
2015.04.10 03:15:06.960,8.75583,8.75977,1.60,1.68
2015.04.10 03:15:08.134,8.75583,8.75977,1.60,1.68
2015.04.10 03:15:11.657,8.75583,8.75977,1.60,1.68
2015.04.10 03:15:13.081,8.75483,8.75877,1.60,1.60
2015.04.10 03:15:13.979,8.75483,8.75877,1.68,1.60
2015.04.10 03:15:14.194,8.75483,8.75877,1.60,1.60
2015.04.10 03:15:57.548,8.75483,8.75877,1.68,1.60
2015.04.10 03:16:13.064,8.75408,8.76042,1.75,1.12
2015.04.10 03:16:24.835,8.75408,8.76042,1.37,1.12
2015.04.10 03:16:27.784,8.75514,8.75906,1.60,1.60
2015.04.10 03:16:27.987,8.75563,8.75957,1.60,1.60
2015.04.10 03:16:45.480,8.75513,8.75907,1.60,1.60
2015.04.10 03:16:52.194,8.75563,8.75957,1.60,1.60
2015.04.10 03:16:57.226,8.75593,8.75987,1.60,1.60
2015.04.10 03:17:01.202,8.75553,8.75947,1.60,1.60
2015.04.10 03:17:01.737,8.75493,8.75877,1.60,1.60
2015.04.10 03:17:09.765,8.75543,8.75927,1.60,1.60
2015.04.10 03:17:14.862,8.75563,8.75957,1.60,1.60
2015.04.10 03:17:49.004,8.75563,8.75957,1.60,1.68
2015.04.10 03:17:49.383,8.75563,8.75957,1.60,1.60
2015.04.10 03:18:14.851,8.75438,8.76077,1.12,1.75
2015.04.10 03:18:21.657,8.75438,8.76057,1.12,1.75
2015.04.10 03:18:22.302,8.75425,8.76037,1.07,1.75
2015.04.10 03:18:22.403,8.75533,8.75917,1.60,1.60
2015.04.10 03:18:22.709,8.75533,8.75917,1.60,1.68
2015.04.10 03:18:33.767,8.75533,8.75917,1.60,1.60
2015.04.10 03:18:34.723,8.75533,8.75917,1.60,1.68
2015.04.10 03:19:00.950,8.75533,8.75917,1.60,1.60
2015.04.10 03:19:02.092,8.75533,8.75917,1.60,1.68
2015.04.10 03:19:02.396,8.75533,8.75917,1.60,1.98
2015.04.10 03:19:02.923,8.75533,8.75917,1.60,1.60
2015.04.10 03:19:03.994,8.75533,8.75917,1.60,1.98
2015.04.10 03:19:04.494,8.75493,8.75877,1.60,1.60
2015.04.10 03:19:06.717,8.75443,8.75827,1.60,1.60
2015.04.10 03:19:10.726,8.75443,8.75827,1.60,1.98
2015.04.10 03:19:11.504,8.75443,8.75827,1.60,1.60
2015.04.10 03:19:19.397,8.75443,8.75827,1.60,1.68
2015.04.10 03:19:20.751,8.75443,8.75827,1.60,1.60
2015.04.10 03:19:21.972,8.75443,8.75827,1.60,1.68
2015.04.10 03:19:22.711,8.75443,8.75827,1.60,1.60
2015.04.10 03:19:23.852,8.75473,8.75867,1.60,1.60
2015.04.10 03:19:24.447,8.75473,8.75867,1.60,1.98
2015.04.10 03:19:27.210,8.75473,8.75867,1.60,1.60
2015.04.10 03:19:28.432,8.75473,8.75867,1.60,1.68
2015.04.10 03:19:37.233,8.75473,8.75867,1.60,1.60
2015.04.10 03:19:42.621,8.75473,8.75867,1.60,1.98
2015.04.10 03:19:58.833,8.75443,8.75827,1.60,1.60
2015.04.10 03:20:35.904,8.75413,8.75797,1.60,1.60
2015.04.10 03:20:44.654,8.75413,8.75797,1.60,1.68
2015.04.10 03:20:45.761,8.75413,8.75797,1.60,1.60
2015.04.10 03:20:49.471,8.75413,8.75797,1.60,1.68
2015.04.10 03:20:49.721,8.75413,8.75797,1.60,1.60
2015.04.10 03:21:27.607,8.75363,8.75747,1.60,1.60
2015.04.10 03:21:28.743,8.75323,8.75707,1.60,1.60
2015.04.10 03:21:34.640,8.75353,8.75737,1.60,1.60
2015.04.10 03:21:38.606,8.75313,8.75697,1.60,1.60
2015.04.10 03:21:42.511,8.75313,8.75697,1.60,1.68
2015.04.10 03:21:42.713,8.75313,8.75697,1.60,1.60
2015.04.10 03:22:13.591,8.75364,8.75756,1.60,1.60
2015.04.10 03:22:14.794,8.75403,8.75787,1.60,1.60
2015.04.10 03:22:22.028,8.75403,8.75787,1.60,1.68
2015.04.10 03:22:22.180,8.75354,8.75736,1.60,1.60
2015.04.10 03:22:24.130,8.75324,8.75706,1.60,1.60
2015.04.10 03:22:38.306,8.75324,8.75706,1.60,1.68
2015.04.10 03:22:38.619,8.75324,8.75706,1.60,1.60
2015.04.10 03:22:40.809,8.75273,8.75667,1.60,1.60
2015.04.10 03:22:41.729,8.75233,8.75627,1.60,1.60
2015.04.10 03:23:10.740,8.75233,8.75627,1.68,1.60
2015.04.10 03:23:11.192,8.75233,8.75627,1.68,1.60
2015.04.10 03:23:11.412,8.75233,8.75627,1.60,1.60
2015.04.10 03:23:23.141,8.75233,8.75627,1.60,1.68
2015.04.10 03:23:24.162,8.75233,8.75627,1.60,1.60
2015.04.10 03:23:25.621,8.75183,8.75577,1.60,1.60
2015.04.10 03:23:42.731,8.75183,8.75577,1.68,1.60
2015.04.10 03:23:42.858,8.75183,8.75577,1.60,1.60
2015.04.10 03:23:44.697,8.75183,8.75577,1.68,1.60
2015.04.10 03:23:44.950,8.75183,8.75577,1.60,1.60
2015.04.10 03:23:47.070,8.75143,8.75537,1.60,1.60
2015.04.10 03:24:03.968,8.75145,8.75537,1.00,1.60
2015.04.10 03:24:05.068,8.75143,8.75537,1.60,1.60
2015.04.10 03:24:38.632,8.75153,8.75537,1.00,1.60
2015.04.10 03:24:38.683,8.75203,8.75597,1.60,1.60
2015.04.10 03:24:47.215,8.75203,8.75597,1.68,1.60
2015.04.10 03:24:47.417,8.75203,8.75597,1.60,1.60
2015.04.10 03:24:48.133,8.75233,8.75627,1.60,1.60
2015.04.10 03:24:57.736,8.75233,8.75627,1.68,1.60
2015.04.10 03:24:57.989,8.75233,8.75627,2.43,1.60
2015.04.10 03:24:58.286,8.75233,8.75627,2.35,1.60
2015.04.10 03:24:58.827,8.75243,8.75627,1.00,1.60
2015.04.10 03:24:59.079,8.75233,8.75627,1.60,1.60
2015.04.10 03:25:08.640,8.75243,8.75627,1.00,1.60
2015.04.10 03:25:09.057,8.75233,8.75627,2.35,1.60
2015.04.10 03:25:09.178,8.75273,8.75657,1.60,1.60
2015.04.10 03:25:38.439,8.75273,8.75657,1.60,1.68
2015.04.10 03:25:39.242,8.75273,8.75657,1.60,1.60
2015.04.10 03:25:47.063,8.75273,8.75657,1.60,1.68
2015.04.10 03:25:48.713,8.75273,8.75657,1.60,1.60
2015.04.10 03:26:08.087,8.75233,8.75627,1.60,1.60
2015.04.10 03:27:08.128,8.75143,8.75709,1.87,1.12
2015.04.10 03:27:08.358,8.75143,8.75709,1.87,1.12
2015.04.10 03:27:08.475,8.75143,8.75717,2.25,1.12
2015.04.10 03:27:16.187,8.75148,8.75717,1.37,1.12
2015.04.10 03:27:16.440,8.75148,8.75704,1.12,1.12
2015.04.10 03:27:16.541,8.75183,8.75577,1.60,1.60
2015.04.10 03:27:44.329,8.75154,8.75546,1.60,1.60
2015.04.10 03:27:45.016,8.75154,8.75546,1.60,1.98
2015.04.10 03:27:47.961,8.75123,8.75507,1.60,1.60
2015.04.10 03:27:48.075,8.75123,8.75507,1.60,1.98
2015.04.10 03:27:59.774,8.75123,8.75507,1.60,1.60
2015.04.10 03:28:01.274,8.75123,8.75507,1.60,1.98
2015.04.10 03:28:01.950,8.75123,8.75507,1.60,1.60
2015.04.10 03:28:04.501,8.75023,8.75417,1.68,1.60
2015.04.10 03:28:05.124,8.75023,8.75417,1.60,1.60
2015.04.10 03:28:05.834,8.75023,8.75417,1.60,2.35
2015.04.10 03:28:06.185,8.75023,8.75377,1.60,1.12
2015.04.10 03:28:06.774,8.75023,8.75417,1.60,1.68
2015.04.10 03:28:07.027,8.75023,8.75417,1.60,1.60
2015.04.10 03:28:07.233,8.75023,8.75417,1.68,1.60
2015.04.10 03:28:08.570,8.75023,8.75417,1.68,2.35
2015.04.10 03:28:08.621,8.75023,8.75415,1.60,1.75
2015.04.10 03:28:09.097,8.75023,8.75386,1.60,1.50
2015.04.10 03:28:10.765,8.75023,8.75417,1.60,2.73
2015.04.10 03:28:11.527,8.75023,8.75413,1.60,1.82
2015.04.10 03:28:11.831,8.75023,8.75374,1.60,1.20
2015.04.10 03:28:12.198,8.75023,8.75374,1.60,1.50
2015.04.10 03:28:13.074,8.75023,8.75407,1.60,1.37
2015.04.10 03:28:14.050,8.75023,8.75376,1.60,1.37
2015.04.10 03:28:14.915,8.74993,8.75387,1.60,1.98
2015.04.10 03:28:15.247,8.74993,8.75387,1.60,1.68
2015.04.10 03:28:15.373,8.74993,8.75387,1.60,1.98
2015.04.10 03:28:17.113,8.74993,8.75357,1.60,1.12
2015.04.10 03:28:18.012,8.74993,8.75387,1.60,1.68
2015.04.10 03:28:18.542,8.74993,8.75387,1.60,2.43
2015.04.10 03:28:18.872,8.74993,8.7536,1.60,1.00
2015.04.10 03:28:18.983,8.74993,8.7536,1.60,1.75
2015.04.10 03:28:21.204,8.74993,8.75376,1.60,1.75
2015.04.10 03:28:21.513,8.74993,8.75383,1.60,1.37
2015.04.10 03:28:23.289,8.74993,8.75387,1.60,1.68
2015.04.10 03:28:24.292,8.74993,8.75385,1.60,1.37
2015.04.10 03:28:25.282,8.74993,8.75353,1.60,1.75
2015.04.10 03:28:27.269,8.74993,8.75382,1.60,1.37
2015.04.10 03:28:27.471,8.74993,8.75387,1.60,1.68
2015.04.10 03:28:27.896,8.74993,8.75362,1.60,1.82
2015.04.10 03:28:28.824,8.74993,8.75358,1.60,1.00
2015.04.10 03:28:29.237,8.74993,8.75358,1.60,1.37
2015.04.10 03:28:30.247,8.74993,8.7536,1.60,1.00
2015.04.10 03:28:30.298,8.74993,8.75341,1.60,1.00
2015.04.10 03:28:30.618,8.74993,8.75334,1.60,1.00
2015.04.10 03:28:31.330,8.74993,8.75327,1.60,1.00
2015.04.10 03:28:31.666,8.74993,8.75317,1.60,1.75
2015.04.10 03:28:32.863,8.74993,8.75387,1.60,1.60
2015.04.10 03:28:32.954,8.74993,8.75387,1.98,1.60
2015.04.10 03:28:33.357,8.74993,8.7535,1.98,1.00
2015.04.10 03:28:33.522,8.74993,8.7535,1.60,1.00
2015.04.10 03:28:33.573,8.74993,8.75347,1.60,1.00
2015.04.10 03:28:33.893,8.74993,8.75347,1.60,1.75
2015.04.10 03:28:34.204,8.74993,8.75343,1.60,1.12
2015.04.10 03:28:35.281,8.74993,8.75354,1.60,1.00
2015.04.10 03:28:35.382,8.74993,8.75348,1.60,1.00
2015.04.10 03:28:35.443,8.74993,8.75387,1.60,1.60
2015.04.10 03:28:35.704,8.74993,8.75387,1.68,1.60
2015.04.10 03:28:36.224,8.74993,8.7535,1.68,1.00
2015.04.10 03:28:36.275,8.74993,8.7535,1.60,1.00
2015.04.10 03:28:36.326,8.74993,8.7535,1.60,1.75
2015.04.10 03:28:36.730,8.74993,8.75345,1.60,1.12
2015.04.10 03:28:37.506,8.74993,8.75344,1.60,1.00
2015.04.10 03:28:37.559,8.74993,8.75341,1.60,1.00
2015.04.10 03:28:38.053,8.74993,8.75327,1.60,1.12
2015.04.10 03:28:45.420,8.74993,8.7532,1.60,1.12
2015.04.10 03:28:45.748,8.74993,8.75314,1.60,1.12
2015.04.10 03:28:59.039,8.74993,8.75327,1.60,2.25
2015.04.10 03:28:59.544,8.74993,8.75283,1.60,1.12
2015.04.10 03:28:59.685,8.74943,8.75283,1.60,1.12
2015.04.10 03:28:59.736,8.74943,8.75305,1.60,1.12
2015.04.10 03:28:59.837,8.74943,8.75299,1.60,1.75
2015.04.10 03:29:04.710,8.74943,8.75299,1.60,1.75
2015.04.10 03:29:06.946,8.74943,8.75289,1.60,1.75
2015.04.10 03:29:07.273,8.74943,8.75289,1.60,1.37
2015.04.10 03:29:17.081,8.74943,8.75301,1.60,1.12
2015.04.10 03:29:17.408,8.74943,8.75276,1.60,1.12
2015.04.10 03:29:23.223,8.74943,8.75291,1.60,1.37
2015.04.10 03:29:26.998,8.74943,8.75291,1.60,1.37
2015.04.10 03:29:39.943,8.74983,8.75325,1.60,1.12
2015.04.10 03:29:40.500,8.74983,8.75307,1.60,1.00
2015.04.10 03:29:40.602,8.74983,8.75317,1.60,1.10
2015.04.10 03:29:41.317,8.74983,8.75317,1.60,1.37
2015.04.10 03:29:45.689,8.74983,8.75307,1.60,1.00
2015.04.10 03:29:51.095,8.74983,8.75316,1.60,1.37
2015.04.10 03:29:51.803,8.74983,8.75327,1.60,1.07
2015.04.10 03:29:51.933,8.75013,8.75327,1.60,1.07
2015.04.10 03:30:00.732,8.75013,8.75337,1.60,1.00
2015.04.10 03:30:01.004,8.75013,8.75347,1.60,1.37
2015.04.10 03:30:01.324,8.75013,8.75337,1.60,1.00
2015.04.10 03:30:03.050,8.75013,8.75337,1.60,1.75
2015.04.10 03:30:03.305,8.74984,8.7533,1.60,1.12
2015.04.10 03:30:03.356,8.74984,8.75277,1.60,1.00
2015.04.10 03:30:07.617,8.74984,8.75287,1.60,1.00
2015.04.10 03:30:15.224,8.74984,8.75297,1.60,1.37
2015.04.10 03:30:21.282,8.74984,8.75287,1.60,1.00
2015.04.10 03:30:23.991,8.74984,8.75257,1.60,1.00
2015.04.10 03:30:24.093,8.74933,8.75257,1.60,1.07
2015.04.10 03:30:24.396,8.74933,8.75277,1.60,1.00
2015.04.10 03:30:24.543,8.74933,8.75257,1.60,1.00
2015.04.10 03:30:24.949,8.74933,8.75267,1.60,1.07
2015.04.10 03:30:25.596,8.74933,8.75277,1.60,1.00
2015.04.10 03:30:25.647,8.74933,8.75257,1.60,1.00
2015.04.10 03:30:35.778,8.74933,8.75267,1.60,1.37
2015.04.10 03:30:37.691,8.74933,8.75277,1.60,1.00
2015.04.10 03:30:37.852,8.74933,8.75327,1.60,2.35
2015.04.10 03:30:38.054,8.74933,8.75327,1.68,2.35
2015.04.10 03:30:38.155,8.74933,8.75327,1.68,2.35
2015.04.10 03:30:38.256,8.74933,8.75327,1.98,2.35
2015.04.10 03:30:38.492,8.74933,8.75327,1.98,2.35
2015.04.10 03:30:39.140,8.74933,8.75327,1.98,1.98
2015.04.10 03:30:39.933,8.74934,8.75327,1.37,1.60
2015.04.10 03:30:40.035,8.74934,8.75327,1.00,1.60
2015.04.10 03:30:40.136,8.74933,8.75327,1.60,2.35
2015.04.10 03:30:41.069,8.74933,8.75309,1.60,1.12
2015.04.10 03:30:41.843,8.74933,8.75309,1.60,1.12
2015.04.10 03:30:41.995,8.74933,8.75313,1.60,1.37
2015.04.10 03:30:42.253,8.74933,8.75327,1.60,2.35
2015.04.10 03:30:42.354,8.74933,8.75327,1.60,2.35
2015.04.10 03:30:42.864,8.74933,8.75327,1.60,2.35
2015.04.10 03:30:43.218,8.74933,8.75327,1.60,2.43
2015.04.10 03:30:43.984,8.74933,8.75317,1.60,1.12
2015.04.10 03:30:59.722,8.74933,8.75287,1.60,1.12
2015.04.10 03:31:01.231,8.74933,8.75247,1.60,1.75
2015.04.10 03:31:13.112,8.74913,8.75237,1.60,1.37
2015.04.10 03:31:23.451,8.74913,8.75227,1.60,1.75
2015.04.10 03:31:29.281,8.74913,8.75236,1.60,1.07
2015.04.10 03:31:43.306,8.74913,8.75207,1.60,1.37
2015.04.10 03:31:43.472,8.74863,8.75177,1.60,1.00
2015.04.10 03:31:43.582,8.74863,8.75177,1.60,1.37
2015.04.10 03:31:44.398,8.74863,8.75147,1.60,1.00
2015.04.10 03:31:44.713,8.74863,8.75137,1.60,1.00
2015.04.10 03:31:44.833,8.74863,8.75147,1.60,1.00
2015.04.10 03:31:45.452,8.74813,8.75147,1.60,1.00
2015.04.10 03:31:46.998,8.74813,8.75157,1.60,1.07
2015.04.10 03:32:07.596,8.74813,8.75176,1.60,1.00
2015.04.10 03:32:07.647,8.74853,8.75207,1.00,2.35
2015.04.10 03:32:07.992,8.74893,8.75227,1.60,1.00
2015.04.10 03:32:20.040,8.74893,8.75227,1.60,1.75
2015.04.10 03:32:20.243,8.74863,8.75204,1.60,1.75
2015.04.10 03:32:20.294,8.74863,8.75167,1.60,1.00
2015.04.10 03:32:25.451,8.74863,8.75166,1.60,1.00
2015.04.10 03:32:35.252,8.74863,8.75167,1.60,1.00
2015.04.10 03:32:35.594,8.74863,8.75157,1.60,1.00
2015.04.10 03:32:36.282,8.74833,8.75157,1.60,1.00
2015.04.10 03:32:41.151,8.74833,8.75147,1.60,1.00
2015.04.10 03:32:47.228,8.74833,8.75157,1.60,1.00
2015.04.10 03:32:47.641,8.74833,8.75147,1.60,1.00
2015.04.10 03:32:50.645,8.74833,8.75157,1.60,1.00
2015.04.10 03:32:53.051,8.74833,8.75147,1.60,1.00
2015.04.10 03:32:53.167,8.74833,8.75157,1.60,1.00
2015.04.10 03:32:58.412,8.74833,8.75097,1.60,1.00
2015.04.10 03:32:59.228,8.74693,8.74957,1.60,1.00
2015.04.10 03:32:59.431,8.74693,8.74967,1.60,1.00
2015.04.10 03:33:00.029,8.74613,8.74967,1.00,2.35
2015.04.10 03:33:00.441,8.74613,8.74947,1.00,1.00
2015.04.10 03:33:00.790,8.74613,8.74947,1.00,1.75
2015.04.10 03:33:01.361,8.74613,8.74927,1.00,1.00
2015.04.10 03:33:01.687,8.74613,8.74887,1.00,2.35
2015.04.10 03:33:02.009,8.74613,8.74837,1.00,1.00
2015.04.10 03:33:02.440,8.74613,8.74847,1.00,1.37
2015.04.10 03:33:02.830,8.74613,8.74848,1.00,1.75
2015.04.10 03:33:03.133,8.74613,8.74816,1.00,1.00
2015.04.10 03:33:03.234,8.74493,8.74817,2.35,1.00
2015.04.10 03:33:03.335,8.74473,8.74787,1.00,1.60
2015.04.10 03:33:03.386,8.74403,8.74787,1.60,1.60
2015.04.10 03:33:03.797,8.74403,8.74779,2.35,1.00
2015.04.10 03:33:04.275,8.74423,8.74787,1.00,2.35
2015.04.10 03:33:04.617,8.74577,8.74787,1.00,2.35
2015.04.10 03:33:04.731,8.74577,8.74787,1.00,1.60
2015.04.10 03:33:04.839,8.74423,8.74787,1.00,1.60
2015.04.10 03:33:04.890,8.7456,8.74787,2.00,1.60
2015.04.10 03:33:04.991,8.74577,8.74787,1.00,1.60
2015.04.10 03:33:05.521,8.74498,8.74787,1.00,1.60
2015.04.10 03:33:05.572,8.74498,8.74787,1.00,1.98
2015.04.10 03:33:05.881,8.74577,8.74787,1.00,1.60
2015.04.10 03:33:05.932,8.74439,8.74787,1.00,1.60
2015.04.10 03:33:06.033,8.74574,8.74787,1.00,1.60
2015.04.10 03:33:07.376,8.74574,8.74757,1.00,1.50
2015.04.10 03:33:07.870,8.74574,8.74727,1.00,1.00
2015.04.10 03:33:08.266,8.74574,8.74717,1.00,1.00
2015.04.10 03:33:08.423,8.74422,8.74717,1.00,1.00
2015.04.10 03:33:08.525,8.74564,8.74687,1.00,1.60
2015.04.10 03:33:08.727,8.74363,8.74687,1.12,1.60
2015.04.10 03:33:08.879,8.74568,8.74687,1.00,1.60
2015.04.10 03:33:08.931,8.7441,8.74687,1.00,1.60
2015.04.10 03:33:09.032,8.74371,8.74687,1.00,1.60
2015.04.10 03:33:09.133,8.74353,8.74687,1.00,1.60
2015.04.10 03:33:09.235,8.74569,8.74687,1.00,1.60
2015.04.10 03:33:09.336,8.74557,8.74687,1.00,1.60
2015.04.10 03:33:09.437,8.7441,8.74687,1.37,1.60
2015.04.10 03:33:09.488,8.74522,8.74687,1.05,1.60
2015.04.10 03:33:09.589,8.74394,8.74687,1.00,1.60
2015.04.10 03:33:09.686,8.74353,8.74687,1.00,1.60
2015.04.10 03:33:09.737,8.74553,8.74687,1.00,1.60
2015.04.10 03:33:09.838,8.74353,8.74687,1.00,1.60
2015.04.10 03:33:09.939,8.74554,8.74687,1.00,1.60
2015.04.10 03:33:10.042,8.74363,8.74687,1.00,1.60
2015.04.10 03:33:10.093,8.74494,8.74687,1.08,1.60
2015.04.10 03:33:10.194,8.74454,8.74687,1.48,1.60
2015.04.10 03:33:10.295,8.74363,8.74687,1.00,1.60
2015.04.10 03:33:10.346,8.74567,8.74687,1.00,1.60
2015.04.10 03:33:10.447,8.74499,8.74687,1.69,1.60
2015.04.10 03:33:11.454,8.74547,8.74687,1.00,1.60
2015.04.10 03:33:11.657,8.74364,8.74687,1.52,1.60
2015.04.10 03:33:11.708,8.74364,8.74687,1.00,1.60
2015.04.10 03:33:11.759,8.7457,8.74687,1.00,1.60
2015.04.10 03:33:11.861,8.74393,8.74687,1.00,1.60
2015.04.10 03:33:11.913,8.74526,8.74687,1.67,1.60
2015.04.10 03:33:12.217,8.74549,8.74687,1.00,1.60
2015.04.10 03:33:12.370,8.74363,8.74687,1.00,1.60
2015.04.10 03:33:12.421,8.74526,8.74687,1.40,1.60
2015.04.10 03:33:12.687,8.74363,8.74687,1.00,1.60
2015.04.10 03:33:12.738,8.74373,8.74687,1.00,1.60
2015.04.10 03:33:18.218,8.74383,8.74687,1.95,1.60
2015.04.10 03:33:18.319,8.74373,8.74687,1.00,1.60
2015.04.10 03:33:20.310,8.74383,8.74687,1.00,1.60
2015.04.10 03:33:20.862,8.74363,8.74687,1.00,1.60
2015.04.10 03:33:21.312,8.74353,8.74687,1.00,1.60
2015.04.10 03:33:22.315,8.74363,8.74687,1.00,1.60
2015.04.10 03:33:23.760,8.74353,8.74687,1.00,1.60
2015.04.10 03:33:24.169,8.74343,8.74687,1.00,1.60
2015.04.10 03:33:24.270,8.74353,8.74687,1.00,1.60
2015.04.10 03:33:25.381,8.74344,8.74687,1.00,1.60
2015.04.10 03:33:26.369,8.74353,8.74687,1.00,1.60
2015.04.10 03:33:26.691,8.74363,8.74687,1.00,1.60
2015.04.10 03:33:27.025,8.74373,8.74687,1.00,1.60
2015.04.10 03:33:34.237,8.74384,8.74687,1.00,1.60
2015.04.10 03:33:34.591,8.74423,8.74747,1.00,1.60
2015.04.10 03:33:34.909,8.74443,8.74747,1.00,1.60
2015.04.10 03:33:35.732,8.74453,8.74747,1.00,1.60
2015.04.10 03:33:38.219,8.74453,8.74776,1.00,1.60
2015.04.10 03:33:42.829,8.74443,8.74776,1.00,1.60
2015.04.10 03:33:56.466,8.74433,8.74776,1.00,1.60
2015.04.10 03:34:00.091,8.74413,8.74776,1.00,1.60
2015.04.10 03:34:07.382,8.74404,8.74776,1.00,1.60
2015.04.10 03:34:07.600,8.74413,8.74776,1.00,1.60
2015.04.10 03:34:08.490,8.74403,8.74776,1.00,1.60
2015.04.10 03:34:09.430,8.74393,8.74776,1.00,1.60
2015.04.10 03:34:09.593,8.74393,8.74767,1.00,1.00
2015.04.10 03:34:09.949,8.74364,8.74727,1.00,1.60
2015.04.10 03:34:10.267,8.74383,8.74727,1.00,1.60
2015.04.10 03:34:10.421,8.74373,8.74727,1.00,1.60
2015.04.10 03:34:12.122,8.74363,8.74727,1.00,1.60
2015.04.10 03:34:21.989,8.74383,8.74727,1.00,1.60
2015.04.10 03:34:22.297,8.74403,8.74727,1.00,1.60
2015.04.10 03:34:23.179,8.74413,8.74727,1.00,1.60
2015.04.10 03:34:24.153,8.74413,8.74767,1.00,1.60
2015.04.10 03:34:40.273,8.74403,8.74767,1.00,1.60
2015.04.10 03:34:40.374,8.74373,8.74716,1.00,1.60
2015.04.10 03:34:40.487,8.74353,8.74716,1.00,1.60
2015.04.10 03:34:41.045,8.74334,8.74716,1.60,1.60
2015.04.10 03:34:41.490,8.74333,8.74667,1.00,1.60
2015.04.10 03:34:44.097,8.74324,8.74667,1.00,1.60
2015.04.10 03:34:48.412,8.74323,8.74667,1.00,1.60
2015.04.10 03:35:07.855,8.74333,8.74667,1.00,1.60
2015.04.10 03:35:15.430,8.74343,8.74667,1.00,1.60
2015.04.10 03:35:25.818,8.74353,8.74667,1.00,1.60
2015.04.10 03:35:31.798,8.74363,8.74667,1.00,1.60
2015.04.10 03:35:36.359,8.74333,8.74667,1.00,1.60
2015.04.10 03:35:37.216,8.74353,8.74667,1.00,1.60
2015.04.10 03:35:38.436,8.74363,8.74667,1.00,1.60
2015.04.10 03:35:38.995,8.74373,8.74667,1.00,1.60
2015.04.10 03:35:41.634,8.74373,8.74737,1.00,1.00
2015.04.10 03:35:42.269,8.74363,8.74737,1.00,1.00
2015.04.10 03:35:45.133,8.74353,8.74727,1.00,1.00
2015.04.10 03:35:45.394,8.74343,8.74727,1.00,1.00
2015.04.10 03:35:48.506,8.74343,8.74717,1.00,1.00
2015.04.10 03:35:49.241,8.74354,8.74727,1.00,1.00
2015.04.10 03:35:49.638,8.74363,8.74727,1.00,1.00
2015.04.10 03:35:52.755,8.74343,8.74717,1.00,1.00
2015.04.10 03:35:53.311,8.74333,8.74717,1.00,1.00
2015.04.10 03:35:54.266,8.74333,8.74707,1.00,1.00
2015.04.10 03:35:56.382,8.74333,8.74697,1.00,1.00
2015.04.10 03:36:09.769,8.74323,8.74697,1.00,1.00
2015.04.10 03:36:11.180,8.74323,8.74686,1.00,1.00
2015.04.10 03:36:11.231,8.74313,8.74686,1.00,1.00
2015.04.10 03:36:11.382,8.74313,8.74687,1.00,1.75
2015.04.10 03:36:11.713,8.74293,8.74636,1.00,1.60
2015.04.10 03:36:11.864,8.74273,8.74636,1.00,1.60
2015.04.10 03:36:13.854,8.74253,8.74636,1.00,1.60
2015.04.10 03:36:13.956,8.74263,8.74636,1.00,1.60
2015.04.10 03:36:14.258,8.74263,8.74607,1.00,1.60
2015.04.10 03:36:16.388,8.74273,8.74607,1.00,1.60
2015.04.10 03:36:18.375,8.74263,8.74607,1.00,1.60
2015.04.10 03:36:26.708,8.74273,8.74607,1.00,1.60
2015.04.10 03:36:27.011,8.74334,8.74657,1.00,1.60
2015.04.10 03:36:27.330,8.74373,8.74657,1.00,1.60
2015.04.10 03:36:27.641,8.74383,8.74657,1.00,1.60
2015.04.10 03:36:27.849,8.74393,8.74716,1.00,1.60
2015.04.10 03:36:28.029,8.74383,8.74716,1.00,1.60
2015.04.10 03:36:28.281,8.74373,8.74716,1.00,1.60
2015.04.10 03:36:28.599,8.74343,8.74716,1.00,1.60
2015.04.10 03:36:29.598,8.74343,8.74687,1.00,1.60
2015.04.10 03:36:36.943,8.74383,8.74687,1.00,1.60
2015.04.10 03:36:40.127,8.74393,8.74687,1.00,1.60
2015.04.10 03:36:49.502,8.74403,8.74687,1.00,1.60
2015.04.10 03:36:49.653,8.74433,8.74727,1.00,1.60
2015.04.10 03:36:50.166,8.74413,8.74727,1.00,1.60
2015.04.10 03:36:53.127,8.74403,8.74727,1.00,1.60
2015.04.10 03:36:53.347,8.74383,8.74727,1.00,1.60
2015.04.10 03:36:57.946,8.74374,8.74727,1.00,1.60
2015.04.10 03:36:58.081,8.74403,8.74727,1.00,1.60
2015.04.10 03:37:03.806,8.74373,8.74727,1.00,1.60
2015.04.10 03:37:03.907,8.74363,8.74727,1.00,1.60
2015.04.10 03:37:04.437,8.74373,8.74727,1.00,1.60
2015.04.10 03:37:06.191,8.74363,8.74727,1.00,1.60
2015.04.10 03:37:06.342,8.74353,8.74727,1.00,1.60
2015.04.10 03:37:06.761,8.74353,8.74687,1.00,1.60
2015.04.10 03:37:06.813,8.74333,8.74687,1.00,1.60
2015.04.10 03:37:11.702,8.74323,8.74687,1.00,1.60
2015.04.10 03:37:11.905,8.74323,8.74687,1.00,2.73
2015.04.10 03:37:11.955,8.74303,8.74687,1.00,2.73
2015.04.10 03:37:13.227,8.74303,8.74636,1.00,1.60
2015.04.10 03:37:13.530,8.74353,8.74636,1.00,1.60
2015.04.10 03:37:14.366,8.74353,8.74687,1.00,1.60
2015.04.10 03:37:14.467,8.74333,8.74687,1.00,1.60
2015.04.10 03:37:17.788,8.74323,8.74687,1.00,1.60
2015.04.10 03:37:29.839,8.74333,8.74687,1.00,1.60
2015.04.10 03:37:30.841,8.74323,8.74687,1.00,1.60
2015.04.10 03:37:31.512,8.74313,8.74637,1.00,1.60
2015.04.10 03:37:45.153,8.74303,8.74637,1.00,1.60
2015.04.10 03:37:55.577,8.74293,8.74637,1.00,1.60
2015.04.10 03:38:08.581,8.74303,8.74637,1.00,1.60
2015.04.10 03:38:28.399,8.74313,8.74637,1.00,1.60
2015.04.10 03:38:28.706,8.74333,8.74637,1.00,1.60
2015.04.10 03:38:31.216,8.74343,8.74637,1.00,1.60
2015.04.10 03:38:31.556,8.74343,8.74707,1.00,1.00
2015.04.10 03:38:31.657,8.74333,8.74707,1.00,1.00
2015.04.10 03:38:37.677,8.74333,8.74714,1.00,1.07
2015.04.10 03:38:39.388,8.74333,8.74707,1.00,1.00
2015.04.10 03:38:46.784,8.74333,8.74714,1.00,1.07
2015.04.10 03:38:54.428,8.74333,8.74707,1.00,1.00
2015.04.10 03:39:00.625,8.74333,8.74667,1.00,1.60
2015.04.10 03:39:01.783,8.74323,8.74667,1.00,1.60
2015.04.10 03:39:14.377,8.74333,8.74667,1.00,1.60
2015.04.10 03:39:15.107,8.74353,8.74667,1.00,1.60
2015.04.10 03:39:15.259,8.74353,8.74707,1.00,1.60
2015.04.10 03:39:15.360,8.74393,8.74707,1.00,1.60
2015.04.10 03:39:15.411,8.74393,8.74747,1.00,1.60
2015.04.10 03:39:15.462,8.74463,8.74747,1.00,1.60
2015.04.10 03:39:15.615,8.74463,8.74776,1.00,1.60
2015.04.10 03:39:15.666,8.74493,8.74776,1.00,1.60
2015.04.10 03:39:18.110,8.74513,8.74776,1.00,1.60
2015.04.10 03:39:18.161,8.74513,8.74837,1.00,1.60
2015.04.10 03:39:18.314,8.74483,8.74837,1.00,1.60
2015.04.10 03:39:18.536,8.74473,8.74837,1.00,1.60
2015.04.10 03:39:19.425,8.74473,8.74837,1.00,1.98
2015.04.10 03:39:19.475,8.74473,8.74797,1.00,1.60
2015.04.10 03:39:19.846,8.74483,8.74797,1.00,1.60
2015.04.10 03:39:27.536,8.74473,8.74797,1.00,1.60
2015.04.10 03:39:31.070,8.74483,8.74797,1.00,1.60
2015.04.10 03:39:33.616,8.74493,8.74797,1.00,1.60
2015.04.10 03:39:33.920,8.74523,8.74797,1.00,1.60
2015.04.10 03:39:34.394,8.74523,8.74827,1.00,1.60
2015.04.10 03:39:34.817,8.74533,8.74827,1.00,1.60
2015.04.10 03:39:35.244,8.74543,8.74827,1.00,1.60
2015.04.10 03:39:36.045,8.74543,8.74856,1.00,1.60
2015.04.10 03:39:42.634,8.74533,8.74856,1.00,1.60
2015.04.10 03:39:45.686,8.74543,8.74856,1.00,1.60
2015.04.10 03:39:45.915,8.74534,8.74856,1.00,1.60
2015.04.10 03:39:56.385,8.74553,8.74856,1.00,1.60
2015.04.10 03:39:56.587,8.74493,8.74856,1.00,1.60
2015.04.10 03:39:56.739,8.74494,8.74827,1.00,1.60
2015.04.10 03:39:56.940,8.74443,8.74787,1.00,1.60
2015.04.10 03:39:57.142,8.74433,8.74787,1.00,1.60
2015.04.10 03:39:57.980,8.74423,8.74787,1.00,1.60
2015.04.10 03:39:58.359,8.74413,8.74787,1.00,1.60
2015.04.10 03:39:59.103,8.74423,8.74787,1.00,1.60
2015.04.10 03:39:59.563,8.74433,8.74787,1.00,1.60
2015.04.10 03:39:59.885,8.74423,8.74787,1.00,1.60
2015.04.10 03:40:00.204,8.74433,8.74787,1.00,1.60
2015.04.10 03:40:04.393,8.74413,8.74787,1.00,1.60
2015.04.10 03:40:04.647,8.74393,8.74787,2.35,1.60
2015.04.10 03:40:04.754,8.74393,8.74747,1.00,1.60
2015.04.10 03:40:06.126,8.74404,8.74747,1.00,1.60
2015.04.10 03:40:13.416,8.74413,8.74747,1.00,1.60
2015.04.10 03:40:21.437,8.74393,8.74747,1.00,1.60
2015.04.10 03:40:34.634,8.74403,8.74747,1.00,1.60
2015.04.10 03:40:46.780,8.74393,8.74747,1.00,1.60
2015.04.10 03:40:48.198,8.74404,8.74747,1.00,1.60
2015.04.10 03:40:52.594,8.74413,8.74747,1.00,1.60
2015.04.10 03:41:02.627,8.74423,8.74747,1.00,1.60
2015.04.10 03:41:04.957,8.74423,8.74796,1.00,1.50
2015.04.10 03:41:13.185,8.74423,8.74797,1.00,1.50
2015.04.10 03:41:13.372,8.74433,8.74797,1.00,1.00
2015.04.10 03:41:14.540,8.74453,8.74797,1.00,1.00
2015.04.10 03:41:15.133,8.74464,8.74797,1.00,1.00
2015.04.10 03:41:15.183,8.74464,8.74816,1.00,1.00
2015.04.10 03:41:15.353,8.74453,8.74816,1.00,1.00
2015.04.10 03:41:16.223,8.74453,8.74797,1.00,1.00
2015.04.10 03:41:17.112,8.74463,8.74797,1.00,1.00
2015.04.10 03:41:17.177,8.74463,8.74817,1.00,1.00
2015.04.10 03:41:17.328,8.74443,8.74817,1.00,1.00
2015.04.10 03:41:17.974,8.74453,8.74817,1.00,1.00
2015.04.10 03:41:18.024,8.74453,8.74827,1.00,1.07
2015.04.10 03:41:18.080,8.74453,8.74817,1.00,1.00
2015.04.10 03:41:20.671,8.74443,8.74817,1.00,1.00
2015.04.10 03:41:23.890,8.74443,8.74807,1.00,1.00
2015.04.10 03:41:25.124,8.74453,8.74807,1.00,1.00
2015.04.10 03:41:26.763,8.74433,8.74807,1.00,1.00
2015.04.10 03:41:27.209,8.74433,8.74797,1.00,1.00
2015.04.10 03:41:29.399,8.74433,8.74807,1.00,1.00
2015.04.10 03:41:40.311,8.74433,8.74817,1.00,1.00
2015.04.10 03:41:48.142,8.74424,8.74807,1.00,1.00
2015.04.10 03:41:48.368,8.74413,8.74807,1.00,1.00
2015.04.10 03:41:48.872,8.74403,8.74807,1.00,1.00
2015.04.10 03:41:49.902,8.74413,8.74807,1.00,1.00
2015.04.10 03:41:50.810,8.74403,8.74807,1.00,1.00
2015.04.10 03:41:51.292,8.74413,8.74807,1.00,1.00
2015.04.10 03:41:51.841,8.74403,8.74807,1.00,1.00
2015.04.10 03:41:52.333,8.74403,8.74797,1.00,1.00
2015.04.10 03:41:52.435,8.74393,8.74797,1.00,1.00
2015.04.10 03:41:53.874,8.74393,8.74797,1.00,1.75
2015.04.10 03:41:55.612,8.74403,8.74797,1.00,1.75
2015.04.10 03:41:56.132,8.74393,8.74797,1.00,1.75
2015.04.10 03:41:57.122,8.74403,8.74797,1.00,1.75
2015.04.10 03:41:57.562,8.74393,8.74797,1.00,1.75
2015.04.10 03:41:58.898,8.74404,8.74797,1.00,1.00
2015.04.10 03:41:59.363,8.74413,8.74797,1.00,1.00
2015.04.10 03:41:59.666,8.74433,8.74798,1.00,1.00
2015.04.10 03:41:59.768,8.74433,8.74847,1.00,1.37
2015.04.10 03:41:59.819,8.74433,8.74797,1.00,1.60
2015.04.10 03:42:00.123,8.74483,8.74797,1.00,1.60
2015.04.10 03:42:00.404,8.74503,8.74857,1.00,1.60
2015.04.10 03:42:04.271,8.74533,8.74857,1.00,1.60
2015.04.10 03:42:04.574,8.74553,8.74897,1.00,1.60
2015.04.10 03:42:04.726,8.74543,8.74897,1.00,1.60
2015.04.10 03:42:04.827,8.74523,8.74897,1.00,1.60
2015.04.10 03:42:05.090,8.74533,8.74897,1.00,1.60
2015.04.10 03:42:05.458,8.74524,8.74897,1.00,1.60
2015.04.10 03:42:05.870,8.74524,8.74867,1.00,1.60
2015.04.10 03:42:09.332,8.74533,8.74867,1.00,1.60
2015.04.10 03:42:10.448,8.74523,8.74867,1.00,1.60
2015.04.10 03:42:11.110,8.74533,8.74867,1.00,1.60
2015.04.10 03:42:11.531,8.74523,8.74867,1.00,1.60
2015.04.10 03:42:12.521,8.74533,8.74867,1.00,1.60
2015.04.10 03:42:13.090,8.74524,8.74867,1.00,1.60
2015.04.10 03:42:14.748,8.74523,8.74867,1.00,1.60
2015.04.10 03:42:15.601,8.74533,8.74867,1.00,1.60
2015.04.10 03:42:15.932,8.74553,8.74867,1.00,1.60
2015.04.10 03:42:16.060,8.74543,8.74867,1.00,1.60
2015.04.10 03:42:17.031,8.74553,8.74867,1.00,1.60
2015.04.10 03:42:17.581,8.74543,8.74867,1.00,1.60
2015.04.10 03:42:18.571,8.74553,8.74867,1.00,1.60
2015.04.10 03:42:19.121,8.74544,8.74867,1.00,1.60
2015.04.10 03:42:19.424,8.74544,8.74907,1.00,1.60
2015.04.10 03:42:19.475,8.74573,8.74907,1.00,1.60
2015.04.10 03:42:20.564,8.74563,8.74907,1.00,1.60
2015.04.10 03:42:21.541,8.74573,8.74907,1.00,1.60
2015.04.10 03:42:22.592,8.74563,8.74907,1.00,1.60
2015.04.10 03:42:23.784,8.74554,8.74907,1.00,1.60
2015.04.10 03:42:23.885,8.74523,8.74907,2.35,1.60
2015.04.10 03:42:24.103,8.74533,8.74907,1.00,1.60
2015.04.10 03:42:24.435,8.74573,8.74907,1.00,1.60
2015.04.10 03:42:25.175,8.74563,8.74907,1.00,1.60
2015.04.10 03:42:30.599,8.74573,8.74907,1.00,1.60
2015.04.10 03:42:32.272,8.74573,8.74907,1.00,1.98
2015.04.10 03:42:32.373,8.74563,8.74907,1.00,1.98
2015.04.10 03:42:32.475,8.74543,8.74907,1.00,1.98
2015.04.10 03:42:32.525,8.74543,8.74877,1.00,1.60
2015.04.10 03:42:32.576,8.74494,8.74877,1.00,2.35
2015.04.10 03:42:32.678,8.74483,8.74869,1.60,1.75
2015.04.10 03:42:32.728,8.74473,8.74816,1.00,1.60
2015.04.10 03:42:32.779,8.74443,8.74816,1.00,1.60
2015.04.10 03:42:32.830,8.74443,8.74787,1.00,1.60
2015.04.10 03:42:33.032,8.74423,8.74787,1.00,1.60
2015.04.10 03:42:39.361,8.74413,8.74787,1.00,1.60
2015.04.10 03:42:39.623,8.74433,8.74787,1.00,1.60
2015.04.10 03:42:42.132,8.74443,8.74787,1.00,1.60
2015.04.10 03:42:42.331,8.74423,8.74787,1.00,1.60
2015.04.10 03:42:43.327,8.74433,8.74787,1.00,1.60
2015.04.10 03:42:43.871,8.74423,8.74787,1.00,1.60
2015.04.10 03:42:44.891,8.74444,8.74787,1.00,1.60
2015.04.10 03:42:45.002,8.74423,8.74787,1.00,1.60
2015.04.10 03:42:45.318,8.74413,8.74787,1.00,1.60
2015.04.10 03:42:45.553,8.74403,8.74787,1.00,1.60
2015.04.10 03:42:47.022,8.74414,8.74787,1.00,1.60
2015.04.10 03:42:47.401,8.74393,8.74787,2.35,1.60
2015.04.10 03:42:48.270,8.74403,8.74787,1.00,2.35
2015.04.10 03:42:49.151,8.74393,8.74787,2.35,2.35
2015.04.10 03:42:50.143,8.74403,8.74787,1.00,1.60
2015.04.10 03:42:53.023,8.74413,8.74787,1.00,1.60
2015.04.10 03:43:04.800,8.74403,8.74787,1.00,1.60
2015.04.10 03:43:17.530,8.74413,8.74787,1.00,2.35
2015.04.10 03:43:18.080,8.74393,8.74787,2.35,1.60
2015.04.10 03:43:19.070,8.74414,8.74787,1.00,2.35
2015.04.10 03:43:19.642,8.74393,8.74787,2.35,2.35
2015.04.10 03:43:20.611,8.74403,8.74787,1.00,2.35
2015.04.10 03:43:21.052,8.74393,8.74787,2.35,1.60
2015.04.10 03:43:22.040,8.74404,8.74787,1.00,2.35
2015.04.10 03:43:23.010,8.74393,8.74777,2.35,1.00
2015.04.10 03:43:23.580,8.74403,8.74777,1.00,1.00
2015.04.10 03:43:23.681,8.74403,8.74787,1.00,2.35
2015.04.10 03:43:25.304,8.74403,8.74786,1.00,1.00
2015.04.10 03:43:28.259,8.74403,8.74787,1.00,2.35
2015.04.10 03:43:32.885,8.74403,8.74797,1.00,1.37
2015.04.10 03:43:35.109,8.74403,8.74797,1.00,1.00
2015.04.10 03:43:38.084,8.74403,8.74797,1.00,1.37
2015.04.10 03:43:50.561,8.74413,8.74797,1.00,1.37
2015.04.10 03:43:51.334,8.74403,8.74797,1.00,1.37
2015.04.10 03:43:52.110,8.74413,8.74797,1.00,1.37
2015.04.10 03:44:05.826,8.74403,8.74797,1.00,1.37
2015.04.10 03:44:05.891,8.74403,8.74797,1.00,1.00
2015.04.10 03:44:06.042,8.74413,8.74797,1.00,1.00
2015.04.10 03:44:07.111,8.74413,8.74807,1.00,1.00
2015.04.10 03:44:07.162,8.74423,8.74807,1.00,1.00
2015.04.10 03:44:07.411,8.74423,8.74817,1.00,1.00
2015.04.10 03:44:08.413,8.74423,8.74807,1.00,1.00
2015.04.10 03:44:08.524,8.74423,8.74817,1.00,1.00
2015.04.10 03:44:08.575,8.74433,8.74817,1.00,1.00
2015.04.10 03:44:08.625,8.74433,8.74827,1.00,1.00
2015.04.10 03:44:08.726,8.74453,8.74857,1.00,1.37
2015.04.10 03:44:08.777,8.74453,8.74857,1.00,1.00
2015.04.10 03:44:08.828,8.74483,8.74877,1.00,1.07
2015.04.10 03:44:09.222,8.74483,8.74827,1.00,1.60
2015.04.10 03:44:23.529,8.74493,8.74827,1.00,1.60
2015.04.10 03:44:24.079,8.74473,8.74827,1.00,1.60
2015.04.10 03:44:25.090,8.74493,8.74827,1.00,1.60
2015.04.10 03:44:25.619,8.74473,8.74827,1.00,1.60
2015.04.10 03:44:27.281,8.74483,8.74827,1.00,1.60
2015.04.10 03:44:34.309,8.74493,8.74827,1.00,1.60
2015.04.10 03:44:35.080,8.74503,8.74827,1.00,1.60
2015.04.10 03:44:37.832,8.74493,8.74827,1.00,1.60
2015.04.10 03:44:40.251,8.74503,8.74827,1.00,1.60
2015.04.10 03:44:42.231,8.74493,8.74827,1.00,1.60
2015.04.10 03:44:43.548,8.74483,8.74827,1.00,1.60
2015.04.10 03:44:59.279,8.74493,8.74827,1.00,1.60
2015.04.10 03:45:09.324,8.74493,8.74887,1.00,1.75
2015.04.10 03:45:13.568,8.74493,8.74887,1.00,1.75
2015.04.10 03:45:30.850,8.74483,8.74867,1.00,1.75
2015.04.10 03:45:31.077,8.74473,8.74867,1.00,1.75
2015.04.10 03:45:32.078,8.74494,8.74857,1.00,1.37
2015.04.10 03:45:32.128,8.74494,8.74857,1.00,1.00
2015.04.10 03:45:32.179,8.74494,8.74867,1.00,1.00
2015.04.10 03:45:32.608,8.74473,8.74867,1.00,1.00
2015.04.10 03:45:32.659,8.74473,8.74847,1.00,1.00
2015.04.10 03:45:33.598,8.74483,8.74847,1.00,1.00
2015.04.10 03:45:34.154,8.74483,8.74837,1.00,1.00
2015.04.10 03:45:35.080,8.74413,8.74767,1.00,1.60
2015.04.10 03:45:36.810,8.74403,8.74767,1.00,1.60
2015.04.10 03:45:40.349,8.74413,8.74767,1.00,1.60
2015.04.10 03:45:40.450,8.74403,8.74767,1.00,1.60
2015.04.10 03:45:50.582,8.74393,8.74767,1.00,1.60
2015.04.10 03:45:52.593,8.74393,8.74757,1.00,1.00
2015.04.10 03:45:53.437,8.74393,8.74767,1.00,2.35
2015.04.10 03:46:01.450,8.74393,8.74757,1.00,1.00
2015.04.10 03:46:05.321,8.74393,8.74767,1.00,2.35
2015.04.10 03:46:11.100,8.74393,8.74727,1.00,1.60
2015.04.10 03:46:13.437,8.74383,8.74727,1.00,1.60
2015.04.10 03:46:13.539,8.74363,8.74727,1.07,1.60
2015.04.10 03:46:13.590,8.74363,8.74677,1.07,1.60
2015.04.10 03:46:13.640,8.74363,8.74677,1.00,1.60
2015.04.10 03:46:13.691,8.74333,8.74677,1.00,1.60
2015.04.10 03:46:14.414,8.74334,8.74677,1.00,1.60
2015.04.10 03:46:21.830,8.74333,8.74677,1.00,1.60
2015.04.10 03:46:24.009,8.74313,8.74677,1.00,1.60
2015.04.10 03:46:29.168,8.74313,8.74676,1.00,1.00
2015.04.10 03:46:30.322,8.74303,8.74676,1.00,1.00
2015.04.10 03:46:32.675,8.74303,8.74677,1.00,1.60
2015.04.10 03:46:36.568,8.74313,8.74677,1.00,1.60
2015.04.10 03:46:48.002,8.74313,8.74676,1.00,1.00
2015.04.10 03:46:48.255,8.74293,8.74667,1.60,1.00
2015.04.10 03:46:48.356,8.74253,8.74617,1.00,1.60
2015.04.10 03:46:48.695,8.74263,8.74617,1.00,1.60
2015.04.10 03:46:48.796,8.74253,8.74617,1.00,1.60
2015.04.10 03:46:49.904,8.74273,8.74617,1.00,1.60
2015.04.10 03:46:50.429,8.74263,8.74617,1.00,1.60
2015.04.10 03:46:50.792,8.74253,8.74617,1.00,1.60
2015.04.10 03:46:51.343,8.74254,8.74617,1.00,1.60
2015.04.10 03:46:53.070,8.74243,8.74617,1.00,2.35
2015.04.10 03:46:54.138,8.74243,8.74607,1.00,1.00
2015.04.10 03:46:55.075,8.74253,8.74607,1.00,1.00
2015.04.10 03:46:56.618,8.74243,8.74607,1.00,1.00
2015.04.10 03:46:56.669,8.74243,8.74597,1.00,1.00
2015.04.10 03:46:58.231,8.74243,8.74616,1.00,1.00
2015.04.10 03:47:07.144,8.74243,8.74617,1.00,2.35
2015.04.10 03:47:09.787,8.74253,8.74617,1.00,2.35
2015.04.10 03:47:20.615,8.74263,8.74617,1.00,1.60
2015.04.10 03:47:29.806,8.74253,8.74617,1.00,1.60
2015.04.10 03:47:42.364,8.74283,8.74617,1.00,1.60
2015.04.10 03:47:42.617,8.74303,8.74656,1.00,1.60
2015.04.10 03:47:42.718,8.74313,8.74656,1.00,1.60
2015.04.10 03:47:48.655,8.74333,8.74656,1.00,1.60
2015.04.10 03:48:02.853,8.74323,8.74656,1.00,1.60
2015.04.10 03:48:03.034,8.74333,8.74656,1.00,1.60
2015.04.10 03:48:17.450,8.74343,8.74656,1.00,1.60
2015.04.10 03:48:21.626,8.74334,8.74656,1.00,1.60
2015.04.10 03:48:21.949,8.74323,8.74656,1.00,1.60
2015.04.10 03:48:42.663,8.74323,8.74697,1.00,1.00
2015.04.10 03:48:48.614,8.74323,8.74707,1.00,1.00
2015.04.10 03:49:01.917,8.74324,8.74707,1.00,1.00
2015.04.10 03:49:02.232,8.74313,8.74707,1.00,1.00
2015.04.10 03:49:02.283,8.74313,8.74697,1.00,1.00
2015.04.10 03:49:02.434,8.74293,8.74687,1.00,1.00
2015.04.10 03:49:02.646,8.74303,8.74687,1.00,1.00
2015.04.10 03:49:02.991,8.74313,8.74687,1.00,1.00
2015.04.10 03:49:03.346,8.74323,8.74687,1.00,1.00
2015.04.10 03:49:04.357,8.74353,8.74707,1.00,1.00
2015.04.10 03:49:07.305,8.74354,8.74707,1.00,1.00
2015.04.10 03:49:07.356,8.74354,8.74717,1.00,1.00
2015.04.10 03:49:07.708,8.74343,8.74717,1.00,1.00
2015.04.10 03:49:28.933,8.74343,8.74727,1.00,1.37
2015.04.10 03:49:29.544,8.74343,8.74727,1.00,1.00
2015.04.10 03:49:38.747,8.74343,8.74717,1.00,1.00
2015.04.10 03:49:38.848,8.74293,8.74707,1.00,1.37
2015.04.10 03:49:38.903,8.74293,8.74687,1.00,1.00
2015.04.10 03:49:38.954,8.74253,8.74687,1.07,1.00
2015.04.10 03:49:39.004,8.74253,8.74607,1.00,1.60
2015.04.10 03:49:39.207,8.74243,8.74607,1.00,1.60
2015.04.10 03:49:40.377,8.74253,8.74607,1.00,1.60
2015.04.10 03:49:56.888,8.74263,8.74607,1.00,1.60
2015.04.10 03:49:57.243,8.74273,8.74607,1.00,1.60
2015.04.10 03:50:06.565,8.74263,8.74607,1.00,1.60
2015.04.10 03:50:15.136,8.74253,8.74607,1.00,1.60
2015.04.10 03:50:23.399,8.74263,8.74607,1.00,1.60
2015.04.10 03:50:25.256,8.74253,8.74607,1.00,1.60
2015.04.10 03:50:29.128,8.74243,8.74607,1.00,1.60
2015.04.10 03:50:31.668,8.74253,8.74607,1.00,1.60
2015.04.10 03:50:36.593,8.74243,8.74607,1.00,1.60
2015.04.10 03:50:39.088,8.74243,8.74637,1.00,1.00
2015.04.10 03:50:41.338,8.74253,8.74636,1.00,1.00
2015.04.10 03:50:41.544,8.74253,8.74647,1.00,1.00
2015.04.10 03:50:46.954,8.74253,8.74637,1.00,1.00
2015.04.10 03:50:47.474,8.74253,8.74557,1.00,1.60
2015.04.10 03:50:52.910,8.74243,8.74557,1.00,1.60
2015.04.10 03:50:53.112,8.74213,8.74557,1.00,1.60
2015.04.10 03:50:53.575,8.74203,8.74557,1.00,1.60
2015.04.10 03:50:56.983,8.74193,8.74557,1.00,1.60
2015.04.10 03:50:57.185,8.74193,8.74527,1.00,1.60
2015.04.10 03:51:07.735,8.74203,8.74527,1.00,1.60
2015.04.10 03:51:08.095,8.74213,8.74527,1.00,1.60
2015.04.10 03:51:10.499,8.74223,8.74527,1.00,1.60
2015.04.10 03:51:11.114,8.74233,8.74527,1.00,1.60
2015.04.10 03:51:11.165,8.74223,8.74527,1.00,1.60
2015.04.10 03:51:11.343,8.74213,8.74527,1.00,1.60
2015.04.10 03:51:11.696,8.74223,8.74527,1.00,1.60
2015.04.10 03:51:19.489,8.74233,8.74527,1.00,1.60
2015.04.10 03:51:20.155,8.74233,8.74547,1.00,1.60
2015.04.10 03:51:23.265,8.74243,8.74547,1.00,1.60
2015.04.10 03:51:23.366,8.74233,8.74547,1.00,1.60
2015.04.10 03:51:32.820,8.74223,8.74547,1.00,1.60
2015.04.10 03:51:32.921,8.74183,8.74547,1.37,1.60
2015.04.10 03:51:32.972,8.74183,8.74547,1.00,1.60
2015.04.10 03:51:33.142,8.74183,8.74497,1.00,1.60
2015.04.10 03:51:38.516,8.74173,8.74497,1.07,1.60
2015.04.10 03:51:44.565,8.74183,8.74497,1.00,1.60
2015.04.10 03:51:47.680,8.74163,8.74497,1.07,1.60
2015.04.10 03:51:50.857,8.74183,8.74497,1.00,1.60
2015.04.10 03:51:50.984,8.74183,8.74527,1.00,1.60
2015.04.10 03:51:51.186,8.74163,8.74527,1.07,1.60
2015.04.10 03:51:52.774,8.74163,8.74487,1.07,1.60
2015.04.10 03:52:08.454,8.74193,8.74487,1.00,1.60
2015.04.10 03:52:08.657,8.74164,8.74487,1.07,1.60
2015.04.10 03:52:52.874,8.74173,8.74547,1.07,1.00
2015.04.10 03:52:53.112,8.74173,8.74557,1.07,1.00
2015.04.10 03:52:56.959,8.74173,8.74547,1.07,1.00
2015.04.10 03:52:57.497,8.74173,8.74537,1.07,1.00
2015.04.10 03:53:12.586,8.74164,8.74537,1.00,1.00
2015.04.10 03:53:14.142,8.74173,8.74537,1.00,1.00
2015.04.10 03:53:30.424,8.74183,8.74537,1.00,1.00
2015.04.10 03:53:32.292,8.74173,8.74537,1.00,1.00
2015.04.10 03:53:52.554,8.74183,8.74537,1.00,1.00
2015.04.10 03:54:07.914,8.74183,8.74527,1.00,1.00
2015.04.10 03:54:08.015,8.74183,8.74537,1.00,1.00
2015.04.10 03:54:08.226,8.74183,8.74527,1.00,1.00
2015.04.10 03:54:08.377,8.74133,8.74527,1.00,1.00
2015.04.10 03:54:08.428,8.74133,8.74517,1.00,1.00
2015.04.10 03:54:08.754,8.74123,8.74436,1.00,1.60
2015.04.10 03:54:08.862,8.74113,8.74436,1.00,1.60
2015.04.10 03:54:09.063,8.74103,8.74436,1.00,1.60
2015.04.10 03:54:09.515,8.74093,8.74436,1.00,1.60
2015.04.10 03:54:11.571,8.74093,8.74407,1.00,1.60
2015.04.10 03:54:12.355,8.74103,8.74407,1.00,1.60
2015.04.10 03:54:13.674,8.74113,8.74407,1.00,1.60
2015.04.10 03:54:37.634,8.74103,8.74407,1.00,1.60
2015.04.10 03:54:37.786,8.74093,8.74407,1.00,1.60
2015.04.10 03:54:41.150,8.74103,8.74407,1.00,1.60
2015.04.10 03:54:50.548,8.74073,8.74407,1.00,1.60
2015.04.10 03:54:50.649,8.74043,8.74407,1.07,1.60
2015.04.10 03:54:50.700,8.74043,8.74367,1.07,1.60
2015.04.10 03:54:50.751,8.74024,8.74367,1.00,1.60
2015.04.10 03:54:50.852,8.74033,8.74367,1.00,1.60
2015.04.10 03:55:06.932,8.74013,8.74367,1.00,1.60
2015.04.10 03:55:07.554,8.74023,8.74367,1.00,1.60
2015.04.10 03:55:08.669,8.74013,8.74367,1.00,1.60
2015.04.10 03:55:12.090,8.74003,8.74367,1.00,1.60
2015.04.10 03:55:12.655,8.74023,8.74367,1.00,1.60
2015.04.10 03:55:12.980,8.74023,8.74337,1.00,1.60
2015.04.10 03:55:13.433,8.74013,8.74337,1.00,1.60
2015.04.10 03:55:25.950,8.74023,8.74337,1.00,1.60
2015.04.10 03:55:42.863,8.74013,8.74337,1.00,1.60
2015.04.10 03:55:51.926,8.74023,8.74337,1.00,1.60
2015.04.10 03:55:52.077,8.74053,8.74387,1.00,1.60
2015.04.10 03:55:52.128,8.74083,8.74387,1.00,1.60
2015.04.10 03:55:53.152,8.74103,8.74387,1.00,1.60
2015.04.10 03:55:53.279,8.74103,8.74427,1.00,1.60
2015.04.10 03:55:54.193,8.74133,8.74427,1.00,1.60
2015.04.10 03:55:54.345,8.74123,8.74427,1.00,1.60
2015.04.10 03:55:54.660,8.74113,8.74427,1.00,1.60
2015.04.10 03:56:02.573,8.74123,8.74427,1.00,1.60
2015.04.10 03:56:03.362,8.74113,8.74427,1.00,1.60
2015.04.10 03:56:09.420,8.74124,8.74427,1.00,1.60
2015.04.10 03:56:41.543,8.74143,8.74427,1.00,1.60
2015.04.10 03:56:43.142,8.74123,8.74427,1.00,1.60
2015.04.10 03:56:43.361,8.74143,8.74427,1.00,1.60
2015.04.10 03:56:53.478,8.74143,8.74497,1.00,1.00
2015.04.10 03:56:55.620,8.74133,8.74497,1.00,1.00
2015.04.10 03:56:56.231,8.74143,8.74497,1.00,1.00
2015.04.10 03:57:01.237,8.74143,8.74506,1.00,1.00
2015.04.10 03:57:03.127,8.74143,8.74497,1.00,1.00
2015.04.10 03:57:04.958,8.74163,8.74537,1.00,1.00
2015.04.10 03:57:05.911,8.74223,8.74507,1.00,1.60
2015.04.10 03:57:06.131,8.74213,8.74507,1.00,1.60
2015.04.10 03:57:06.282,8.74223,8.74507,1.00,1.60
2015.04.10 03:57:06.814,8.74233,8.74507,1.00,1.60
2015.04.10 03:57:11.303,8.74213,8.74507,1.00,1.60
2015.04.10 03:57:11.555,8.74203,8.74507,1.00,1.60
2015.04.10 03:57:16.155,8.74193,8.74507,1.00,1.60
2015.04.10 03:57:16.256,8.7418,8.74507,1.07,1.60
2015.04.10 03:57:16.408,8.74153,8.74507,1.00,1.60
2015.04.10 03:57:16.458,8.74233,8.74567,1.60,1.00
2015.04.10 03:57:18.090,8.74193,8.74557,1.60,1.00
2015.04.10 03:57:18.269,8.74193,8.74566,1.60,1.00
2015.04.10 03:57:18.770,8.74193,8.74567,2.35,1.00
2015.04.10 03:57:18.871,8.74193,8.74577,2.35,2.35
2015.04.10 03:57:19.220,8.74203,8.74577,1.00,2.35
2015.04.10 03:57:19.649,8.74223,8.74577,1.60,1.00
2015.04.10 03:57:21.679,8.74223,8.74567,1.60,1.00
2015.04.10 03:57:22.009,8.74223,8.74557,1.60,1.00
2015.04.10 03:57:22.414,8.74183,8.74557,1.60,1.00
2015.04.10 03:57:24.282,8.74183,8.74546,1.60,1.00
2015.04.10 03:57:25.283,8.74183,8.74547,1.60,1.00
2015.04.10 03:57:32.899,8.74183,8.74526,1.60,1.00
2015.04.10 03:57:33.439,8.74183,8.74536,1.60,1.37
2015.04.10 03:57:38.906,8.74183,8.74547,1.60,1.00
2015.04.10 03:57:39.008,8.74213,8.74557,1.60,1.12
2015.04.10 03:57:39.773,8.74213,8.74567,1.60,1.00
2015.04.10 03:57:40.938,8.74213,8.74557,1.60,1.00
2015.04.10 03:57:41.109,8.74213,8.74567,1.60,1.00
2015.04.10 03:57:43.412,8.74213,8.74557,1.60,1.00
2015.04.10 03:57:45.718,8.74213,8.74547,1.60,1.00
2015.04.10 03:57:46.659,8.74213,8.74556,1.60,1.00
2015.04.10 03:58:01.736,8.74213,8.74547,1.60,1.00
2015.04.10 03:58:02.639,8.74213,8.74546,1.60,1.00
2015.04.10 03:58:03.346,8.74213,8.74537,1.60,1.00
2015.04.10 03:58:03.676,8.74213,8.74527,1.60,1.00
2015.04.10 03:58:09.018,8.74183,8.74527,1.60,1.00
2015.04.10 03:58:12.158,8.74183,8.74517,1.60,1.00
2015.04.10 03:58:12.478,8.74183,8.74507,1.60,1.00
2015.04.10 03:58:18.159,8.74183,8.74496,1.60,1.00
2015.04.10 03:58:25.768,8.74183,8.74507,1.60,1.00
2015.04.10 03:58:33.418,8.74183,8.74517,1.60,1.00
2015.04.10 03:58:47.698,8.74183,8.74516,1.60,1.00
2015.04.10 03:58:48.314,8.74183,8.74517,1.60,1.00
2015.04.10 03:58:49.009,8.74183,8.74526,1.60,1.00
2015.04.10 03:58:53.407,8.74183,8.74527,1.60,1.00
2015.04.10 03:59:09.209,8.74173,8.74527,1.00,1.00
2015.04.10 03:59:14.388,8.74163,8.74527,1.00,1.00
2015.04.10 03:59:14.901,8.74163,8.74527,1.00,1.75
2015.04.10 03:59:15.228,8.74163,8.74517,1.00,1.00
2015.04.10 03:59:17.446,8.74163,8.74507,1.00,1.00
2015.04.10 03:59:18.248,8.74143,8.74507,1.00,1.00
2015.04.10 03:59:18.299,8.74143,8.74497,1.00,1.00
2015.04.10 03:59:19.393,8.74153,8.74487,1.00,1.00
2015.04.10 03:59:20.186,8.74153,8.74497,1.00,1.00
2015.04.10 03:59:20.558,8.74153,8.74487,1.00,1.00
2015.04.10 03:59:22.409,8.74153,8.74497,1.00,1.00
2015.04.10 03:59:22.462,8.74153,8.74486,1.00,1.00
2015.04.10 03:59:24.666,8.74153,8.74477,1.00,1.00
2015.04.10 03:59:24.767,8.74143,8.74477,1.00,1.00
2015.04.10 03:59:25.524,8.74153,8.74477,1.00,1.00
2015.04.10 03:59:25.777,8.74153,8.74487,1.00,1.00
2015.04.10 03:59:39.322,8.74153,8.74497,1.00,1.00
2015.04.10 03:59:40.203,8.74153,8.74487,1.00,1.00
2015.04.10 03:59:40.510,8.74153,8.74497,1.00,1.00
2015.04.10 03:59:40.724,8.74153,8.74507,1.00,1.00
2015.04.10 03:59:40.790,8.74173,8.74507,1.00,1.00
2015.04.10 03:59:41.108,8.74173,8.74517,1.00,1.37
2015.04.10 03:59:41.348,8.74163,8.74517,1.00,1.37
2015.04.10 03:59:41.408,8.74163,8.74507,1.00,1.00
2015.04.10 03:59:42.647,8.74163,8.74497,1.00,1.00
2015.04.10 03:59:43.931,8.74163,8.74507,1.00,1.00
2015.04.10 03:59:47.453,8.74163,8.74496,1.00,1.00
2015.04.10 03:59:49.243,8.74163,8.74507,1.00,1.00
2015.04.10 03:59:51.409,8.74163,8.74517,1.00,1.37
2015.04.10 03:59:57.507,8.74173,8.74527,1.00,1.75
2015.04.10 03:59:58.083,8.74173,8.74537,1.00,1.00
2015.04.10 03:59:58.185,8.74173,8.74557,1.00,1.75
2015.04.10 03:59:58.286,8.74203,8.74567,1.00,1.75
2015.04.10 03:59:59.236,8.74223,8.74567,1.60,1.75
