2009.06.01 06:00:02.063,7.5515,7.5585,1.60,1.00
2009.06.01 06:00:02.243,7.55125,7.5585,1.60,1.00
2009.06.01 06:00:02.913,7.55025,7.5577,1.60,1.00
2009.06.01 06:00:03.603,7.5508,7.5587,1.60,1.00
2009.06.01 06:00:03.953,7.55105,7.5587,1.60,1.00
2009.06.01 06:00:05.362,7.55125,7.5577,1.60,1.00
2009.06.01 06:00:05.523,7.5507,7.5577,1.60,1.00
2009.06.01 06:00:05.752,7.55045,7.5577,1.60,1.00
2009.06.01 06:00:06.092,7.551,7.5577,1.60,1.00
2009.06.01 06:00:06.212,7.551,7.5587,1.60,1.00
2009.06.01 06:00:06.432,7.55125,7.5587,1.60,1.00
2009.06.01 06:00:13.130,7.55125,7.5581,1.60,1.00
2009.06.01 06:00:13.710,7.5513,7.5581,1.60,1.00
2009.06.01 06:00:14.001,7.55175,7.5581,1.60,1.00
2009.06.01 06:00:15.041,7.5527,7.5586,1.40,1.00
2009.06.01 06:00:15.330,7.55185,7.5586,1.60,1.00
2009.06.01 06:00:15.560,7.55275,7.5586,1.40,1.00
2009.06.01 06:00:15.910,7.55275,7.5586,2.20,1.00
2009.06.01 06:00:17.849,7.55295,7.5586,3.80,1.00
2009.06.01 06:00:18.189,7.5542,7.5586,1.40,1.00
2009.06.01 06:00:23.808,7.5541,7.5584,1.40,1.00
2009.06.01 06:00:36.395,7.55335,7.5581,1.00,1.00
2009.06.01 06:00:36.745,7.55285,7.5581,2.20,1.00
2009.06.01 06:00:57.060,7.55315,7.5581,1.40,1.00
2009.06.01 06:00:57.580,7.55315,7.5581,2.20,1.00
2009.06.01 06:01:01.469,7.55315,7.5581,1.00,1.00
2009.06.01 06:01:01.639,7.5526,7.5581,2.20,1.00
2009.06.01 06:01:01.799,7.5526,7.5581,1.00,1.00
2009.06.01 06:01:02.019,7.5524,7.5581,1.40,1.00
2009.06.01 06:01:07.347,7.55305,7.5581,1.40,1.00
2009.06.01 06:01:07.797,7.55305,7.5581,2.20,1.00
2009.06.01 06:01:16.755,7.5539,7.557,1.40,1.00
2009.06.01 06:01:16.975,7.55395,7.557,1.00,1.00
2009.06.01 06:01:18.735,7.55405,7.5566,1.40,1.00
2009.06.01 06:01:18.975,7.55405,7.5566,2.20,1.00
2009.06.01 06:01:20.484,7.55415,7.5566,1.40,1.00
2009.06.01 06:01:20.654,7.55415,7.5566,2.20,1.00
2009.06.01 06:01:20.884,7.55415,7.5561,1.00,1.00
2009.06.01 06:01:21.224,7.55305,7.5585,1.40,1.00
2009.06.01 06:01:21.444,7.55275,7.5585,2.20,1.00
2009.06.01 06:01:23.883,7.55255,7.5581,1.00,1.00
2009.06.01 06:01:24.243,7.5519,7.5573,2.20,1.00
2009.06.01 06:01:25.983,7.5527,7.5583,1.40,1.00
2009.06.01 06:01:26.273,7.5527,7.5583,2.20,1.00
2009.06.01 06:01:35.900,7.55305,7.5581,1.00,1.00
2009.06.01 06:01:42.459,7.5534,7.5581,1.40,1.00
2009.06.01 06:01:42.699,7.5534,7.5584,2.20,1.00
2009.06.01 06:01:43.449,7.55295,7.5581,2.20,1.00
2009.06.01 06:01:47.388,7.5531,7.5573,1.40,1.00
2009.06.01 06:01:47.558,7.5531,7.5573,2.20,1.00
2009.06.01 06:01:49.627,7.55315,7.5571,1.40,1.00
2009.06.01 06:01:54.026,7.5535,7.5571,2.20,1.00
2009.06.01 06:01:56.006,7.5535,7.5571,1.00,1.00
2009.06.01 06:01:56.346,7.55315,7.5571,2.20,1.00
2009.06.01 06:01:57.085,7.55315,7.5571,1.00,1.00
2009.06.01 06:01:57.885,7.55305,7.5574,1.00,1.00
2009.06.01 06:02:05.363,7.55305,7.5581,1.00,1.00
2009.06.01 06:02:42.395,7.5546,7.5596,1.40,1.00
2009.06.01 06:02:42.805,7.5546,7.5596,2.20,1.00
2009.06.01 06:02:43.215,7.5547,7.5596,1.40,1.00
2009.06.01 06:02:43.514,7.5547,7.5596,2.20,1.00
2009.06.01 06:02:48.243,7.5551,7.5601,1.40,1.00
2009.06.01 06:02:48.604,7.5551,7.5601,2.20,1.00
2009.06.01 06:02:50.783,7.5556,7.5606,1.40,1.00
2009.06.01 06:02:51.083,7.5556,7.5606,2.20,1.00
2009.06.01 06:02:56.242,7.55465,7.5601,2.20,1.00
2009.06.01 06:02:57.571,7.55465,7.5596,2.20,1.00
2009.06.01 06:02:59.601,7.55525,7.5606,1.40,1.00
2009.06.01 06:02:59.781,7.55525,7.5606,2.20,1.00
2009.06.01 06:03:00.291,7.55525,7.5606,1.00,1.00
2009.06.01 06:03:00.411,7.55525,7.5603,1.00,1.00
2009.06.01 06:03:00.530,7.555,7.5603,2.20,1.00
2009.06.01 06:03:01.220,7.5552,7.5604,1.00,1.00
2009.06.01 06:03:01.680,7.55565,7.5606,2.20,1.00
2009.06.01 06:03:03.010,7.5557,7.5609,1.40,1.00
2009.06.01 06:03:04.490,7.55575,7.5609,1.00,1.00
2009.06.01 06:03:04.719,7.55575,7.5606,2.20,1.00
2009.06.01 06:03:05.989,7.55575,7.5606,1.00,1.00
2009.06.01 06:03:06.109,7.55575,7.5601,1.00,1.00
2009.06.01 06:03:06.219,7.55525,7.5601,2.20,1.00
2009.06.01 06:03:09.308,7.55525,7.5601,1.00,1.00
2009.06.01 06:03:09.518,7.55515,7.5604,2.20,1.00
2009.06.01 06:03:09.628,7.55565,7.5604,2.20,1.00
2009.06.01 06:03:09.918,7.55565,7.5606,2.20,1.00
2009.06.01 06:03:14.217,7.5549,7.5606,1.40,1.00
2009.06.01 06:03:14.667,7.5547,7.5601,2.20,1.00
2009.06.01 06:03:18.086,7.5547,7.5606,2.20,1.00
2009.06.01 06:03:22.735,7.5547,7.5606,1.00,1.00
2009.06.01 06:03:22.845,7.5547,7.5601,1.00,1.00
2009.06.01 06:03:23.135,7.5546,7.5601,1.00,1.00
2009.06.01 06:03:23.465,7.5546,7.5606,1.00,1.00
2009.06.01 06:03:31.643,7.55465,7.5606,1.40,1.00
2009.06.01 06:03:31.983,7.55465,7.5601,1.40,1.00
2009.06.01 06:03:32.333,7.5546,7.5606,2.20,1.00
2009.06.01 06:03:37.262,7.5546,7.5601,2.20,1.00
2009.06.01 06:03:37.462,7.55465,7.5601,1.40,1.00
2009.06.01 06:03:37.681,7.55465,7.5606,1.40,1.00
2009.06.01 06:03:37.732,7.5546,7.5606,2.20,1.00
2009.06.01 06:03:50.529,7.55535,7.5606,1.40,1.00
2009.06.01 06:03:50.708,7.55535,7.5611,2.20,1.00
2009.06.01 06:03:54.337,7.55445,7.5606,1.00,1.00
2009.06.01 06:03:54.677,7.5549,7.5606,1.40,1.00
2009.06.01 06:03:54.847,7.5549,7.5606,2.20,1.00
2009.06.01 06:04:00.876,7.5554,7.5611,1.40,1.00
2009.06.01 06:04:01.046,7.5556,7.5611,1.40,1.00
2009.06.01 06:04:01.216,7.5556,7.5611,2.20,1.00
2009.06.01 06:04:03.095,7.55585,7.5606,1.40,1.00
2009.06.01 06:04:03.205,7.55585,7.5611,1.40,1.00
2009.06.01 06:04:03.665,7.5552,7.5606,1.00,1.00
2009.06.01 06:04:13.333,7.55565,7.5606,1.40,1.00
2009.06.01 06:04:13.513,7.55565,7.5611,1.40,1.00
2009.06.01 06:04:13.853,7.55565,7.5611,2.20,1.00
2009.06.01 06:04:25.560,7.55575,7.5611,1.40,1.00
2009.06.01 06:04:25.730,7.55575,7.5611,2.20,1.00
2009.06.01 06:04:34.148,7.55575,7.5611,1.00,1.00
2009.06.01 06:04:42.226,7.55645,7.5611,1.40,1.00
2009.06.01 06:04:42.456,7.55645,7.5623,2.20,1.00
2009.06.01 06:04:42.916,7.55645,7.5618,1.00,1.00
2009.06.01 06:04:43.036,7.55605,7.5618,2.20,1.00
2009.06.01 06:04:45.765,7.55625,7.5616,1.00,1.00
2009.06.01 06:04:45.965,7.55665,7.5616,1.40,1.00
2009.06.01 06:04:46.085,7.55665,7.5616,2.20,1.00
2009.06.01 06:04:46.255,7.55665,7.5621,2.20,1.00
2009.06.01 06:04:46.375,7.55665,7.5621,1.40,1.00
2009.06.01 06:04:46.485,7.55555,7.5616,2.20,1.00
2009.06.01 06:04:48.025,7.55645,7.5621,2.20,1.00
2009.06.01 06:04:48.315,7.55675,7.5621,1.40,1.00
2009.06.01 06:04:48.434,7.55675,7.5616,1.40,1.00
2009.06.01 06:04:50.394,7.55685,7.5616,1.00,1.00
2009.06.01 06:04:50.514,7.55685,7.5621,1.00,1.00
2009.06.01 06:04:50.694,7.5567,7.5621,1.00,1.00
2009.06.01 06:04:51.044,7.5561,7.5616,1.40,1.00
2009.06.01 06:04:51.324,7.55575,7.5616,2.20,1.00
2009.06.01 06:04:52.004,7.55575,7.5611,1.00,1.00
2009.06.01 06:04:53.623,7.5564,7.5616,1.40,1.00
2009.06.01 06:04:53.853,7.5564,7.5621,1.40,1.00
2009.06.01 06:04:54.093,7.55565,7.5616,2.20,1.00
2009.06.01 06:04:55.253,7.55645,7.5621,2.20,1.00
2009.06.01 06:04:55.433,7.55645,7.5621,1.00,1.00
2009.06.01 06:04:55.653,7.556,7.5616,1.40,1.00
2009.06.01 06:04:55.883,7.556,7.5616,2.20,1.00
2009.06.01 06:04:56.352,7.5563,7.5616,2.20,1.00
2009.06.01 06:04:57.162,7.5563,7.5616,1.00,1.00
2009.06.01 06:04:57.622,7.55625,7.5616,1.40,1.00
2009.06.01 06:04:58.202,7.5567,7.5621,2.20,1.00
2009.06.01 06:05:00.381,7.5555,7.5621,2.20,1.00
2009.06.01 06:05:00.602,7.5562,7.5621,1.40,1.00
2009.06.01 06:05:00.712,7.5555,7.5613,2.20,1.00
2009.06.01 06:05:04.251,7.55615,7.5616,1.40,1.00
2009.06.01 06:05:04.581,7.55615,7.5616,2.20,1.00
2009.06.01 06:05:09.100,7.5562,7.5616,1.40,1.00
2009.06.01 06:05:09.459,7.5567,7.5621,1.40,1.00
2009.06.01 06:05:09.809,7.5567,7.5621,2.20,1.00
2009.06.01 06:05:11.639,7.5564,7.5621,1.40,1.00
2009.06.01 06:05:11.979,7.55575,7.5616,2.20,1.00
2009.06.01 06:05:12.999,7.55575,7.5616,1.00,1.00
2009.06.01 06:05:13.228,7.55575,7.5611,1.00,1.00
2009.06.01 06:05:13.509,7.55565,7.5616,2.20,1.00
2009.06.01 06:05:16.058,7.5563,7.5616,2.20,1.00
2009.06.01 06:05:19.437,7.5563,7.5611,1.00,1.00
2009.06.01 06:05:19.607,7.5557,7.5611,2.20,1.00
2009.06.01 06:05:24.266,7.55615,7.5616,2.20,1.00
2009.06.01 06:05:25.935,7.55615,7.5616,1.00,1.00
2009.06.01 06:05:26.105,7.5559,7.5616,1.40,1.00
2009.06.01 06:05:26.455,7.5557,7.5611,2.20,1.00
2009.06.01 06:05:40.122,7.5557,7.5616,2.20,1.00
2009.06.01 06:05:40.172,7.5557,7.5616,1.00,1.00
2009.06.01 06:05:41.561,7.5557,7.5616,2.20,1.00
2009.06.01 06:05:41.742,7.5557,7.5611,2.20,1.00
2009.06.01 06:05:44.691,7.5557,7.5604,1.00,1.00
2009.06.01 06:05:45.141,7.555,7.5606,1.40,1.00
2009.06.01 06:05:45.361,7.55515,7.5606,1.00,1.00
2009.06.01 06:05:45.591,7.55515,7.5606,2.20,1.00
2009.06.01 06:05:56.938,7.5547,7.5606,1.40,1.00
2009.06.01 06:05:57.178,7.5547,7.5598,1.40,1.00
2009.06.01 06:05:57.408,7.55465,7.5598,1.00,1.00
2009.06.01 06:05:57.528,7.55465,7.5608,1.00,1.00
2009.06.01 06:05:57.808,7.55455,7.5608,2.20,1.00
2009.06.01 06:05:58.088,7.55455,7.5603,2.20,1.00
2009.06.01 06:05:58.378,7.55465,7.5608,1.40,1.00
2009.06.01 06:05:58.828,7.55465,7.5601,1.40,1.00
2009.06.01 06:06:00.767,7.5551,7.5601,1.40,1.00
2009.06.01 06:06:00.997,7.5551,7.5601,2.20,1.00
2009.06.01 06:06:02.347,7.5551,7.5604,2.20,1.20
2009.06.01 06:06:04.616,7.5551,7.5604,2.20,1.00
2009.06.01 06:06:04.736,7.55515,7.5604,1.40,1.00
2009.06.01 06:06:13.544,7.5551,7.5602,1.40,1.00
2009.06.01 06:06:13.884,7.5551,7.5603,2.20,1.00
2009.06.01 06:06:35.328,7.5551,7.5605,2.20,1.00
2009.06.01 06:06:58.073,7.5552,7.5606,1.40,1.00
2009.06.01 06:06:58.243,7.5552,7.5606,2.20,1.00
2009.06.01 06:07:01.512,7.5552,7.5606,1.00,1.00
2009.06.01 06:07:01.562,7.5552,7.5601,1.00,1.00
2009.06.01 06:07:01.622,7.5546,7.5601,2.20,1.00
2009.06.01 06:07:06.151,7.5556,7.5611,1.40,1.00
2009.06.01 06:07:06.431,7.5556,7.5611,2.20,1.00
2009.06.01 06:07:34.994,7.5567,7.5616,1.40,1.00
2009.06.01 06:07:35.104,7.5567,7.5618,1.40,1.00
2009.06.01 06:07:35.284,7.5567,7.5619,2.20,1.00
2009.06.01 06:07:35.404,7.5567,7.5616,2.20,1.00
2009.06.01 06:07:35.564,7.5562,7.5616,1.00,1.00
2009.06.01 06:07:35.764,7.5564,7.5619,1.40,1.00
2009.06.01 06:07:37.844,7.5567,7.5619,2.20,1.00
2009.06.01 06:07:38.294,7.5567,7.562,2.20,1.00
2009.06.01 06:07:48.711,7.5569,7.5622,1.40,1.00
2009.06.01 06:07:51.821,7.5574,7.5622,1.40,1.00
2009.06.01 06:07:52.120,7.5574,7.5623,1.40,1.00
2009.06.01 06:07:54.120,7.5574,7.5629,1.40,1.00
2009.06.01 06:07:55.669,7.55775,7.5631,1.40,1.00
2009.06.01 06:07:55.839,7.55775,7.5631,2.20,1.00
2009.06.01 06:08:03.907,7.5578,7.5631,1.60,1.00
2009.06.01 06:08:04.087,7.5587,7.5631,1.40,1.00
2009.06.01 06:08:04.197,7.5592,7.5631,1.40,1.00
2009.06.01 06:08:04.487,7.5592,7.5631,2.20,1.00
2009.06.01 06:08:18.034,7.56,7.5641,2.20,1.00
2009.06.01 06:08:27.002,7.5599,7.5641,1.40,1.00
2009.06.01 06:08:27.242,7.56,7.5641,1.40,1.00
2009.06.01 06:08:27.362,7.56005,7.5636,1.40,1.00
2009.06.01 06:08:27.532,7.56005,7.5636,2.20,1.00
2009.06.01 06:08:27.702,7.56045,7.5636,1.40,1.00
2009.06.01 06:08:27.932,7.56045,7.5646,1.40,1.00
2009.06.01 06:08:28.162,7.56045,7.5638,1.00,1.00
2009.06.01 06:08:28.331,7.5601,7.5643,1.00,1.00
2009.06.01 06:08:29.991,7.5601,7.5644,2.20,1.00
2009.06.01 06:08:30.281,7.56,7.5641,1.00,1.00
2009.06.01 06:08:30.691,7.5595,7.5641,1.00,1.00
2009.06.01 06:08:31.821,7.5596,7.5641,1.40,1.00
2009.06.01 06:08:31.991,7.56,7.5641,1.00,1.00
2009.06.01 06:08:35.799,7.56005,7.5636,1.00,1.00
2009.06.01 06:08:38.019,7.55945,7.5636,1.00,1.00
2009.06.01 06:08:39.499,7.55945,7.5631,1.00,1.00
2009.06.01 06:08:43.058,7.55985,7.5631,1.00,1.00
2009.06.01 06:08:43.118,7.55985,7.5636,1.00,1.00
2009.06.01 06:08:46.337,7.5574,7.5636,4.80,1.00
2009.06.01 06:08:46.457,7.5572,7.5636,1.00,1.00
2009.06.01 06:08:48.906,7.5578,7.5631,1.00,1.00
2009.06.01 06:08:49.256,7.55765,7.5636,1.00,1.00
2009.06.01 06:08:50.946,7.5578,7.5631,1.00,1.00
2009.06.01 06:08:51.506,7.5572,7.5631,1.00,1.00
2009.06.01 06:08:54.015,7.5572,7.5629,1.00,1.00
2009.06.01 06:08:55.185,7.5572,7.5631,1.00,1.00
2009.06.01 06:08:55.925,7.5572,7.5629,1.00,1.00
2009.06.01 06:09:00.044,7.5566,7.5626,1.00,1.00
2009.06.01 06:09:00.224,7.55625,7.5626,1.40,1.00
2009.06.01 06:09:01.303,7.55615,7.5621,1.40,1.00
2009.06.01 06:09:02.403,7.55655,7.5621,1.00,1.00
2009.06.01 06:09:02.523,7.55655,7.5624,1.00,1.00
2009.06.01 06:09:03.973,7.55655,7.5621,1.00,1.00
2009.06.01 06:09:04.153,7.5561,7.5621,1.00,1.00
2009.06.01 06:09:04.433,7.55655,7.5624,1.00,1.00
2009.06.01 06:09:05.632,7.55655,7.5621,1.00,1.00
2009.06.01 06:09:05.802,7.5561,7.5621,1.00,1.00
2009.06.01 06:09:06.072,7.5561,7.5619,1.00,1.00
2009.06.01 06:09:06.342,7.5561,7.5621,1.00,1.00
2009.06.01 06:09:07.502,7.55615,7.5621,1.40,1.00
2009.06.01 06:09:07.732,7.55615,7.5626,1.40,1.00
2009.06.01 06:09:07.952,7.55655,7.5626,1.00,1.00
2009.06.01 06:09:09.352,7.5561,7.5621,1.00,1.00
2009.06.01 06:09:09.582,7.55655,7.5626,1.00,1.00
2009.06.01 06:09:09.862,7.55655,7.5621,1.00,1.00
2009.06.01 06:09:10.082,7.55615,7.5621,1.00,1.00
2009.06.01 06:09:10.191,7.55605,7.5621,1.00,1.00
2009.06.01 06:09:11.701,7.55655,7.5626,1.00,1.00
2009.06.01 06:09:11.821,7.55655,7.5621,1.00,1.00
2009.06.01 06:09:11.931,7.55615,7.5621,1.40,1.00
2009.06.01 06:09:12.561,7.5561,7.5621,1.00,1.00
2009.06.01 06:09:15.930,7.5561,7.5624,1.00,1.00
2009.06.01 06:09:27.027,7.55655,7.5624,1.00,1.00
2009.06.01 06:09:27.147,7.55665,7.5624,1.00,1.00
2009.06.01 06:09:29.687,7.55665,7.5624,2.20,1.00
2009.06.01 06:09:31.256,7.55665,7.5626,2.20,1.00
2009.06.01 06:09:31.436,7.55685,7.5626,1.40,1.00
2009.06.01 06:09:32.806,7.5568,7.5626,2.20,1.00
2009.06.01 06:09:32.986,7.5568,7.5621,2.20,1.00
2009.06.01 06:09:33.346,7.5568,7.5626,2.20,1.00
2009.06.01 06:09:33.466,7.55685,7.5626,1.40,1.00
2009.06.01 06:09:39.584,7.55705,7.5631,1.40,1.00
2009.06.01 06:09:41.124,7.55735,7.5631,1.40,1.00
2009.06.01 06:09:42.313,7.5572,7.5631,1.40,1.00
2009.06.01 06:09:42.594,7.5572,7.5631,2.20,1.00
2009.06.01 06:09:42.934,7.5576,7.5631,1.40,1.00
2009.06.01 06:09:43.044,7.5576,7.5636,1.40,1.00
2009.06.01 06:09:46.443,7.5581,7.5636,1.40,1.00
2009.06.01 06:09:46.553,7.5581,7.5636,2.20,1.00
2009.06.01 06:09:46.773,7.5581,7.5641,2.20,1.00
2009.06.01 06:10:00.699,7.5581,7.5641,1.00,1.00
2009.06.01 06:10:04.998,7.5581,7.5641,2.20,1.00
2009.06.01 06:10:05.118,7.5582,7.5641,1.00,1.00
2009.06.01 06:10:09.707,7.5587,7.5646,1.00,1.00
2009.06.01 06:10:10.047,7.5583,7.5641,1.40,1.00
2009.06.01 06:10:10.397,7.5587,7.5646,1.00,1.00
2009.06.01 06:10:10.517,7.5588,7.5646,1.40,1.00
2009.06.01 06:10:10.737,7.5592,7.5646,1.00,1.00
2009.06.01 06:10:10.907,7.55965,7.5646,1.00,1.00
2009.06.01 06:10:11.267,7.55965,7.5658,1.00,1.00
2009.06.01 06:10:11.677,7.55975,7.5658,1.00,1.00
2009.06.01 06:10:11.907,7.5593,7.5658,1.00,1.00
2009.06.01 06:10:12.196,7.5593,7.5653,1.00,1.00
2009.06.01 06:10:12.666,7.55895,7.5651,1.40,1.00
2009.06.01 06:10:13.116,7.55895,7.5656,1.40,1.00
2009.06.01 06:10:13.616,7.55865,7.5648,1.40,1.00
2009.06.01 06:10:13.946,7.559,7.5661,1.40,1.00
2009.06.01 06:10:14.286,7.559,7.5648,1.40,1.00
2009.06.01 06:10:15.405,7.5594,7.5646,1.40,1.00
2009.06.01 06:10:15.706,7.5594,7.5651,1.40,1.00
2009.06.01 06:10:16.725,7.55965,7.5661,1.40,1.00
2009.06.01 06:10:17.005,7.5598,7.5661,1.00,1.00
2009.06.01 06:10:18.815,7.5598,7.5656,1.00,1.00
2009.06.01 06:10:19.035,7.5599,7.5656,1.00,1.00
2009.06.01 06:10:19.904,7.5598,7.5659,1.00,1.00
2009.06.01 06:10:21.524,7.5599,7.5659,1.40,1.00
2009.06.01 06:10:21.694,7.5603,7.5661,1.00,1.00
2009.06.01 06:10:22.804,7.5603,7.5663,1.00,1.00
2009.06.01 06:10:24.724,7.56,7.5663,1.40,1.00
2009.06.01 06:10:25.073,7.5606,7.5659,1.00,1.00
2009.06.01 06:10:25.304,7.5596,7.5659,1.00,1.00
2009.06.01 06:10:37.190,7.5598,7.5653,1.00,1.00
2009.06.01 06:10:37.360,7.56,7.5653,1.00,1.00
2009.06.01 06:10:37.600,7.55935,7.5653,1.00,1.00
2009.06.01 06:10:38.300,7.55935,7.5661,1.40,1.00
2009.06.01 06:10:47.218,7.55945,7.5659,1.40,1.00
2009.06.01 06:10:48.248,7.55965,7.5659,1.40,1.00
2009.06.01 06:10:48.468,7.55965,7.5653,1.40,1.00
2009.06.01 06:10:48.638,7.55965,7.5658,1.40,1.00
2009.06.01 06:10:48.758,7.5593,7.5653,1.00,1.00
2009.06.01 06:10:57.715,7.5599,7.5654,1.40,1.00
2009.06.01 06:10:57.835,7.56,7.5654,1.00,1.00
2009.06.01 06:11:00.385,7.56,7.5654,2.20,1.00
2009.06.01 06:11:08.583,7.55825,7.5641,2.20,1.00
2009.06.01 06:11:08.813,7.5582,7.5636,2.20,1.00
2009.06.01 06:11:10.403,7.55885,7.5641,1.40,1.00
2009.06.01 06:11:10.643,7.55885,7.5641,1.00,1.00
2009.06.01 06:11:10.992,7.5584,7.5636,2.20,1.00
2009.06.01 06:11:12.212,7.55885,7.5641,2.20,1.00
2009.06.01 06:11:12.882,7.55885,7.5636,1.00,1.00
2009.06.01 06:11:13.222,7.55845,7.5636,1.40,1.00
2009.06.01 06:11:16.121,7.55855,7.5631,1.40,1.00
2009.06.01 06:11:16.351,7.5579,7.5631,2.20,1.00
2009.06.01 06:11:16.981,7.5582,7.5631,1.40,1.00
2009.06.01 06:11:17.322,7.55825,7.5631,1.00,1.00
2009.06.01 06:11:17.550,7.5583,7.5636,1.40,1.00
2009.06.01 06:11:20.190,7.5584,7.5636,1.40,1.00
2009.06.01 06:11:20.550,7.5584,7.5636,2.20,1.00
2009.06.01 06:11:22.289,7.55845,7.5636,1.40,1.00
2009.06.01 06:11:32.947,7.5584,7.5636,1.00,1.00
2009.06.01 06:11:33.177,7.5584,7.5631,1.00,1.00
2009.06.01 06:11:33.458,7.5583,7.5631,2.20,1.00
2009.06.01 06:11:33.807,7.5583,7.5636,1.00,1.00
2009.06.01 06:11:34.167,7.5571,7.5628,2.20,1.00
2009.06.01 06:11:34.467,7.5572,7.5628,1.00,1.00
2009.06.01 06:11:34.817,7.5576,7.5633,1.40,1.00
2009.06.01 06:11:35.206,7.5574,7.5626,1.00,1.00
2009.06.01 06:11:36.306,7.55775,7.5626,1.40,1.00
2009.06.01 06:11:36.486,7.5574,7.5631,3.80,1.00
2009.06.01 06:11:36.716,7.5574,7.5626,1.00,1.00
2009.06.01 06:11:37.856,7.558,7.5626,1.40,1.00
2009.06.01 06:11:38.076,7.558,7.5638,1.00,1.00
2009.06.01 06:11:38.306,7.5572,7.5633,3.00,1.00
2009.06.01 06:11:38.715,7.5581,7.5633,2.20,1.00
2009.06.01 06:11:39.065,7.5581,7.5638,2.20,1.00
2009.06.01 06:11:44.874,7.5579,7.5631,1.40,1.00
2009.06.01 06:11:45.274,7.55835,7.5636,2.20,1.00
2009.06.01 06:11:46.534,7.55835,7.5636,1.00,1.00
2009.06.01 06:11:46.744,7.55835,7.5631,1.40,1.00
2009.06.01 06:11:46.914,7.55835,7.5631,2.20,1.00
2009.06.01 06:11:47.154,7.5579,7.5631,1.40,1.00
2009.06.01 06:11:48.523,7.55835,7.5636,1.40,1.00
2009.06.01 06:11:48.633,7.55835,7.5636,2.20,1.00
2009.06.01 06:11:55.161,7.55835,7.5631,2.20,1.00
2009.06.01 06:11:55.332,7.55835,7.5631,1.00,1.00
2009.06.01 06:11:55.502,7.55785,7.5631,2.20,1.00
2009.06.01 06:11:55.681,7.5579,7.5631,1.40,1.00
2009.06.01 06:11:57.551,7.5579,7.5631,1.40,1.00
2009.06.01 06:12:00.660,7.5579,7.5636,1.40,1.00
2009.06.01 06:12:00.830,7.5579,7.5631,1.40,1.00
2009.06.01 06:12:01.060,7.55785,7.5631,1.00,1.00
2009.06.01 06:12:01.290,7.5574,7.5631,1.40,1.00
2009.06.01 06:12:06.949,7.55715,7.5631,1.40,1.00
2009.06.01 06:12:07.179,7.5569,7.5631,2.20,1.00
2009.06.01 06:12:07.689,7.5569,7.5623,1.00,1.00
2009.06.01 06:12:11.068,7.5569,7.5621,2.20,1.00
2009.06.01 06:12:11.908,7.5569,7.5616,1.00,1.00
2009.06.01 06:12:12.208,7.5563,7.5621,1.00,1.00
2009.06.01 06:12:12.727,7.5563,7.5616,1.00,1.00
2009.06.01 06:12:13.118,7.5563,7.5621,1.00,1.00
2009.06.01 06:12:14.047,7.55675,7.5621,1.40,1.00
2009.06.01 06:12:14.277,7.55675,7.5626,2.20,1.00
2009.06.01 06:12:14.637,7.55675,7.5626,2.20,1.20
2009.06.01 06:12:15.047,7.55675,7.5625,2.20,1.00
2009.06.01 06:12:15.397,7.55675,7.5626,2.20,1.00
2009.06.01 06:12:22.905,7.5573,7.5626,2.20,1.00
2009.06.01 06:12:23.105,7.5573,7.5631,2.20,1.00
2009.06.01 06:12:23.385,7.55735,7.5631,1.40,1.00
2009.06.01 06:12:23.445,7.5573,7.5626,1.00,1.00
2009.06.01 06:12:23.835,7.5568,7.5626,2.20,1.00
2009.06.01 06:12:26.524,7.5568,7.5621,2.20,1.00
2009.06.01 06:12:27.454,7.55725,7.5626,2.20,1.00
2009.06.01 06:12:27.744,7.55725,7.5626,1.00,1.00
2009.06.01 06:12:28.154,7.5568,7.5621,2.20,1.00
2009.06.01 06:12:29.313,7.55725,7.5626,2.20,1.00
2009.06.01 06:12:30.403,7.5573,7.5626,1.40,1.00
2009.06.01 06:12:30.913,7.5578,7.5631,1.40,1.00
2009.06.01 06:12:31.203,7.5578,7.5631,2.20,1.00
2009.06.01 06:12:32.853,7.5578,7.5626,2.20,1.00
2009.06.01 06:12:32.973,7.558,7.5626,1.00,1.00
2009.06.01 06:12:33.273,7.55665,7.5621,2.20,1.00
2009.06.01 06:12:34.022,7.55705,7.5624,2.20,1.00
2009.06.01 06:12:35.302,7.55725,7.5626,2.20,1.00
2009.06.01 06:12:38.751,7.55725,7.5626,1.00,1.00
2009.06.01 06:12:38.921,7.55725,7.5621,1.00,1.00
2009.06.01 06:12:39.141,7.55685,7.5621,2.20,1.00
2009.06.01 06:12:41.450,7.55725,7.5621,1.40,1.00
2009.06.01 06:12:41.630,7.55725,7.5626,2.20,1.00
2009.06.01 06:12:43.630,7.55725,7.5621,1.00,1.00
2009.06.01 06:12:43.750,7.55685,7.5621,2.20,1.00
2009.06.01 06:12:44.609,7.55685,7.5621,1.00,1.00
2009.06.01 06:12:44.950,7.55675,7.5621,2.20,1.00
2009.06.01 06:12:47.099,7.55685,7.5621,1.40,1.00
2009.06.01 06:12:51.398,7.5571,7.5621,1.40,1.00
2009.06.01 06:12:51.448,7.5571,7.5621,2.20,1.00
2009.06.01 06:12:51.848,7.5571,7.5621,1.00,1.00
2009.06.01 06:12:52.298,7.5571,7.5626,1.00,1.00
2009.06.01 06:12:52.408,7.5569,7.5626,1.40,1.00
2009.06.01 06:12:52.708,7.5567,7.5621,2.20,1.00
2009.06.01 06:13:05.555,7.5567,7.5619,2.20,1.00
2009.06.01 06:13:10.983,7.5566,7.5614,1.40,1.00
2009.06.01 06:13:11.263,7.5566,7.5619,1.00,1.00
2009.06.01 06:13:11.483,7.55615,7.5616,2.20,1.00
2009.06.01 06:13:11.604,7.5562,7.5614,1.40,1.00
2009.06.01 06:13:14.233,7.5549,7.5608,2.20,1.00
2009.06.01 06:13:14.553,7.55445,7.5608,1.00,1.00
2009.06.01 06:13:14.842,7.5539,7.5603,1.00,1.00
2009.06.01 06:13:15.172,7.5537,7.5601,1.40,1.00
2009.06.01 06:13:15.882,7.5534,7.5594,1.40,1.00
2009.06.01 06:13:16.292,7.5542,7.5594,1.40,1.00
2009.06.01 06:13:16.572,7.5542,7.5596,1.00,1.00
2009.06.01 06:13:16.902,7.5539,7.5596,1.40,1.00
2009.06.01 06:13:17.202,7.5532,7.5594,1.40,1.00
2009.06.01 06:13:18.581,7.55365,7.5591,1.40,1.00
2009.06.01 06:13:22.181,7.55395,7.5591,1.40,1.00
2009.06.01 06:13:22.521,7.554,7.5591,1.00,1.00
2009.06.01 06:13:24.310,7.554,7.5596,1.00,1.00
2009.06.01 06:13:24.920,7.5546,7.5601,1.40,1.00
2009.06.01 06:13:25.260,7.5551,7.5601,2.20,1.20
2009.06.01 06:13:26.659,7.555,7.5601,2.20,1.20
2009.06.01 06:13:27.430,7.555,7.5601,1.00,1.20
2009.06.01 06:13:27.599,7.55455,7.5601,2.20,1.20
2009.06.01 06:13:27.889,7.5546,7.5601,1.40,1.20
2009.06.01 06:13:28.119,7.5546,7.5596,1.40,1.00
2009.06.01 06:13:31.288,7.55455,7.5596,1.00,1.00
2009.06.01 06:13:31.399,7.554,7.5596,2.20,1.00
2009.06.01 06:13:31.788,7.5541,7.5596,1.00,1.00
2009.06.01 06:13:31.848,7.5541,7.5596,2.20,1.00
2009.06.01 06:13:32.848,7.55415,7.5596,1.40,1.00
2009.06.01 06:13:33.238,7.5541,7.5591,2.20,1.00
2009.06.01 06:13:33.418,7.5541,7.5596,2.20,1.00
2009.06.01 06:13:34.738,7.5546,7.5596,2.20,1.00
2009.06.01 06:13:36.687,7.55465,7.5596,1.40,1.00
2009.06.01 06:13:36.857,7.55465,7.5601,1.40,1.00
2009.06.01 06:13:38.977,7.5547,7.5596,1.40,1.00
2009.06.01 06:13:39.157,7.5547,7.5596,2.20,1.00
2009.06.01 06:13:41.326,7.5547,7.5601,1.00,1.00
2009.06.01 06:13:41.686,7.5549,7.5601,1.40,1.00
2009.06.01 06:13:41.806,7.5551,7.5601,1.00,1.00
2009.06.01 06:13:42.026,7.5551,7.5601,2.20,1.00
2009.06.01 06:13:43.855,7.5551,7.5601,1.00,1.00
2009.06.01 06:13:44.775,7.5551,7.5601,2.20,1.00
2009.06.01 06:13:49.554,7.5551,7.5601,1.00,1.00
2009.06.01 06:13:52.573,7.55505,7.5601,1.40,1.00
2009.06.01 06:13:52.693,7.555,7.5601,1.00,1.00
2009.06.01 06:13:52.803,7.5549,7.5601,1.40,1.00
2009.06.01 06:13:52.863,7.55455,7.5601,2.20,1.00
2009.06.01 06:13:53.104,7.5546,7.5601,1.40,1.00
2009.06.01 06:13:53.223,7.5546,7.5596,1.40,1.00
2009.06.01 06:13:54.233,7.55455,7.5591,1.00,1.00
2009.06.01 06:13:54.573,7.55405,7.5591,1.40,1.00
2009.06.01 06:13:55.023,7.554,7.5591,1.00,1.00
2009.06.01 06:13:55.373,7.5535,7.5586,1.40,1.00
2009.06.01 06:13:55.833,7.5535,7.557,1.40,1.00
2009.06.01 06:13:56.182,7.55385,7.557,2.20,1.00
2009.06.01 06:14:01.591,7.55385,7.5566,1.00,1.00
2009.06.01 06:14:01.771,7.55325,7.5566,2.20,1.00
2009.06.01 06:14:08.040,7.55385,7.5566,1.40,1.00
2009.06.01 06:14:08.270,7.55385,7.5566,2.20,1.00
2009.06.01 06:14:16.248,7.55385,7.5566,1.00,1.00
2009.06.01 06:14:16.487,7.55345,7.5561,2.20,1.00
2009.06.01 06:14:19.537,7.55285,7.5561,2.20,1.00
2009.06.01 06:14:21.307,7.55285,7.5561,1.00,1.00
2009.06.01 06:14:21.586,7.55235,7.5561,2.20,1.00
2009.06.01 06:14:25.815,7.55235,7.5556,2.20,1.00
2009.06.01 06:14:26.285,7.55235,7.5556,1.40,1.00
2009.06.01 06:14:27.155,7.5527,7.5556,1.40,1.00
2009.06.01 06:14:27.435,7.5527,7.5556,2.20,1.00
2009.06.01 06:14:30.264,7.5527,7.5561,2.20,1.00
2009.06.01 06:14:30.424,7.5532,7.5561,1.40,1.00
2009.06.01 06:14:30.594,7.5532,7.5561,1.00,1.00
2009.06.01 06:14:30.814,7.55285,7.5561,2.20,1.00
2009.06.01 06:14:30.994,7.5529,7.5561,1.40,1.00
2009.06.01 06:14:31.254,7.5529,7.5556,1.40,1.00
2009.06.01 06:14:32.004,7.55285,7.5561,2.20,1.00
2009.06.01 06:14:32.234,7.55335,7.5561,1.40,1.00
2009.06.01 06:14:32.464,7.5533,7.5561,1.00,1.00
2009.06.01 06:14:32.744,7.55285,7.5561,2.20,1.00
2009.06.01 06:14:33.034,7.55335,7.5556,1.40,1.00
2009.06.01 06:14:33.154,7.5534,7.5561,1.00,1.00
2009.06.01 06:14:37.512,7.55095,7.5561,2.20,1.00
2009.06.01 06:14:41.861,7.55135,7.5561,1.00,1.00
2009.06.01 06:14:44.261,7.55085,7.5556,1.40,1.00
2009.06.01 06:14:44.541,7.55085,7.5559,2.20,1.00
2009.06.01 06:14:54.398,7.5513,7.5561,1.40,1.00
2009.06.01 06:14:54.629,7.55135,7.5561,1.00,1.00
2009.06.01 06:14:58.957,7.5503,7.5553,2.20,1.00
2009.06.01 06:14:59.079,7.5503,7.5553,1.00,1.00
2009.06.01 06:14:59.137,7.5496,7.5551,2.20,1.00
2009.06.01 06:14:59.367,7.54965,7.5551,1.40,1.00
2009.06.01 06:14:59.478,7.54965,7.5548,1.40,1.00
2009.06.01 06:15:01.507,7.54985,7.5549,1.40,1.00
2009.06.01 06:15:01.677,7.5498,7.5549,2.20,1.00
2009.06.01 06:15:03.696,7.55015,7.5546,1.40,1.00
2009.06.01 06:15:04.016,7.55015,7.5549,1.40,1.00
2009.06.01 06:15:04.186,7.5503,7.5551,1.40,1.00
2009.06.01 06:15:04.406,7.55035,7.5554,2.20,1.00
2009.06.01 06:15:04.576,7.55085,7.5554,1.40,1.00
2009.06.01 06:15:04.856,7.55085,7.5554,2.20,1.00
2009.06.01 06:15:05.266,7.55085,7.5556,2.20,1.00
2009.06.01 06:15:06.396,7.55135,7.5556,1.40,1.00
2009.06.01 06:15:06.736,7.55135,7.5561,2.20,1.00
2009.06.01 06:15:07.036,7.5509,7.5561,2.20,1.00
2009.06.01 06:15:07.335,7.55135,7.5561,2.20,1.00
2009.06.01 06:15:07.735,7.55135,7.5561,1.00,1.00
2009.06.01 06:15:07.955,7.5509,7.5561,2.20,1.00
2009.06.01 06:15:08.515,7.55135,7.5556,1.40,1.00
2009.06.01 06:15:08.745,7.55185,7.5561,1.40,1.00
2009.06.01 06:15:09.045,7.55185,7.5566,1.40,1.00
2009.06.01 06:15:09.495,7.5514,7.5566,3.80,1.00
2009.06.01 06:15:09.795,7.55095,7.5564,2.20,1.00
2009.06.01 06:15:10.265,7.5514,7.5564,2.20,1.00
2009.06.01 06:15:10.554,7.5514,7.5564,1.00,1.20
2009.06.01 06:15:10.894,7.5509,7.5564,2.20,1.20
2009.06.01 06:15:11.134,7.5509,7.5563,2.20,1.00
2009.06.01 06:15:11.305,7.5509,7.5561,2.20,1.00
2009.06.01 06:15:11.714,7.5514,7.5561,1.40,1.00
2009.06.01 06:15:12.124,7.55185,7.556,1.40,1.00
2009.06.01 06:15:12.484,7.55185,7.556,2.20,1.00
2009.06.01 06:15:13.234,7.55215,7.556,1.40,1.00
2009.06.01 06:15:13.464,7.5507,7.556,2.20,1.00
2009.06.01 06:15:16.833,7.5509,7.556,3.80,1.00
2009.06.01 06:15:17.133,7.55135,7.556,1.40,1.00
2009.06.01 06:15:17.243,7.55135,7.556,1.00,1.00
2009.06.01 06:15:17.583,7.5509,7.556,2.20,1.00
2009.06.01 06:15:18.103,7.55135,7.556,1.40,1.00
2009.06.01 06:15:18.263,7.55135,7.556,2.20,1.00
2009.06.01 06:15:18.563,7.55135,7.556,1.00,1.00
2009.06.01 06:15:18.892,7.5509,7.556,2.20,1.00
2009.06.01 06:15:20.402,7.55135,7.5561,2.20,1.20
2009.06.01 06:15:26.051,7.5514,7.5561,1.40,1.00
2009.06.01 06:15:26.581,7.55145,7.5561,1.40,1.20
2009.06.01 06:15:26.741,7.55145,7.5561,2.20,1.20
2009.06.01 06:15:26.921,7.55145,7.5561,2.20,1.00
2009.06.01 06:15:30.729,7.55145,7.5561,1.00,1.00
2009.06.01 06:15:31.110,7.55145,7.5563,1.00,1.00
2009.06.01 06:15:31.610,7.55145,7.5563,2.20,1.00
2009.06.01 06:15:32.010,7.55145,7.5561,2.20,1.00
2009.06.01 06:15:32.239,7.55145,7.5564,1.00,1.00
2009.06.01 06:15:32.519,7.55145,7.5564,2.20,1.00
2009.06.01 06:15:32.859,7.55145,7.5561,2.20,1.00
2009.06.01 06:15:50.855,7.55135,7.5561,1.00,1.00
2009.06.01 06:15:51.295,7.5508,7.5561,1.00,1.00
2009.06.01 06:15:51.635,7.5508,7.5561,2.20,1.00
2009.06.01 06:15:51.695,7.5508,7.5556,2.20,1.00
2009.06.01 06:15:53.764,7.5496,7.5554,1.00,1.00
2009.06.01 06:15:54.174,7.5496,7.5549,1.00,1.00
2009.06.01 06:15:55.584,7.5498,7.5554,1.00,1.00
2009.06.01 06:15:55.824,7.5497,7.5554,1.00,1.00
2009.06.01 06:15:56.813,7.54975,7.5554,1.40,1.00
2009.06.01 06:15:57.093,7.54975,7.5554,2.20,1.00
2009.06.01 06:15:59.173,7.54985,7.5549,1.40,1.00
2009.06.01 06:15:59.573,7.55025,7.5551,2.20,1.00
2009.06.01 06:16:10.720,7.55035,7.5556,1.40,1.00
2009.06.01 06:16:14.679,7.5504,7.5556,1.40,1.00
2009.06.01 06:16:14.919,7.5504,7.5551,1.40,1.00
2009.06.01 06:16:14.979,7.5504,7.5551,2.20,1.00
2009.06.01 06:16:15.449,7.5504,7.5556,1.00,1.00
2009.06.01 06:16:16.729,7.5504,7.5556,2.20,1.00
2009.06.01 06:16:17.009,7.55085,7.5556,1.40,1.00
2009.06.01 06:16:17.068,7.55085,7.5556,2.20,1.00
2009.06.01 06:16:20.648,7.55085,7.5556,1.00,1.00
2009.06.01 06:16:20.828,7.55035,7.5556,2.20,1.00
2009.06.01 06:16:21.857,7.5504,7.5551,1.40,1.00
2009.06.01 06:16:25.257,7.5504,7.5556,1.40,1.00
2009.06.01 06:16:25.596,7.5504,7.5551,1.40,1.00
2009.06.01 06:16:27.046,7.5504,7.5549,1.40,1.00
2009.06.01 06:16:27.446,7.55035,7.5549,1.00,1.00
2009.06.01 06:16:27.616,7.5498,7.5549,2.20,1.00
2009.06.01 06:16:31.195,7.5503,7.5551,1.40,1.00
2009.06.01 06:16:31.485,7.5503,7.5551,2.20,1.00
2009.06.01 06:16:32.045,7.55035,7.5551,1.40,1.00
2009.06.01 06:16:32.215,7.5504,7.5551,1.40,1.00
2009.06.01 06:16:32.445,7.5504,7.5551,2.20,1.00
2009.06.01 06:16:32.785,7.54915,7.5546,2.20,1.00
2009.06.01 06:16:33.175,7.54895,7.5546,1.40,1.00
2009.06.01 06:16:33.514,7.55,7.5551,1.40,1.00
2009.06.01 06:16:33.844,7.5497,7.5551,1.40,1.00
2009.06.01 06:16:34.024,7.5497,7.5556,1.40,1.00
2009.06.01 06:16:34.244,7.549,7.5548,1.00,1.00
2009.06.01 06:16:34.594,7.5492,7.5553,1.00,1.00
2009.06.01 06:16:34.944,7.54955,7.5553,2.20,1.00
2009.06.01 06:16:43.322,7.5489,7.5563,1.40,1.00
2009.06.01 06:16:45.432,7.5494,7.5566,1.40,1.00
2009.06.01 06:16:47.341,7.5489,7.5561,1.40,1.00
2009.06.01 06:16:51.090,7.5486,7.5561,1.40,1.00
2009.06.01 06:16:52.850,7.5484,7.5556,1.40,1.00
2009.06.01 06:16:54.949,7.5486,7.5561,1.40,1.00
2009.06.01 06:16:56.119,7.5489,7.5561,1.40,1.00
2009.06.01 06:16:58.918,7.5484,7.5556,1.40,1.00
2009.06.01 06:17:03.058,7.5486,7.5561,1.40,1.00
2009.06.01 06:17:03.237,7.5486,7.5561,1.40,1.20
2009.06.01 06:17:04.087,7.5484,7.5556,1.40,1.00
2009.06.01 06:17:11.515,7.54855,7.5556,1.40,1.00
2009.06.01 06:17:11.745,7.5489,7.5559,1.40,1.00
2009.06.01 06:17:12.135,7.5486,7.5559,1.40,1.00
2009.06.01 06:17:12.715,7.5489,7.5559,1.40,1.00
2009.06.01 06:17:13.295,7.549,7.5559,1.40,1.00
2009.06.01 06:17:20.313,7.5489,7.556,1.40,1.00
2009.06.01 06:17:21.463,7.5489,7.5561,1.40,1.20
2009.06.01 06:17:25.242,7.54865,7.5559,1.40,1.00
2009.06.01 06:17:25.522,7.5484,7.5556,2.20,1.00
2009.06.01 06:17:25.742,7.5483,7.5551,1.40,1.00
2009.06.01 06:17:30.871,7.54875,7.5556,1.40,1.00
2009.06.01 06:17:34.750,7.54855,7.5556,1.40,1.00
2009.06.01 06:17:35.080,7.54855,7.5551,1.40,1.00
2009.06.01 06:17:37.339,7.54875,7.5551,1.40,1.00
2009.06.01 06:17:37.449,7.54875,7.5556,1.40,1.00
2009.06.01 06:17:41.768,7.54855,7.5551,1.40,1.00
2009.06.01 06:17:43.568,7.5482,7.5546,1.40,1.00
2009.06.01 06:17:43.688,7.5478,7.5544,1.40,1.00
2009.06.01 06:17:45.817,7.54765,7.5544,1.40,1.00
2009.06.01 06:17:45.997,7.54765,7.5541,1.40,1.00
2009.06.01 06:17:46.267,7.54725,7.5541,1.40,1.00
2009.06.01 06:17:46.497,7.54725,7.5539,1.40,1.00
2009.06.01 06:17:48.117,7.54695,7.5536,1.00,1.00
2009.06.01 06:17:48.347,7.54675,7.5536,1.40,1.00
2009.06.01 06:17:49.066,7.5469,7.5536,1.40,1.00
2009.06.01 06:17:49.347,7.54675,7.5534,1.40,1.00
2009.06.01 06:17:52.406,7.54675,7.5528,1.40,1.00
2009.06.01 06:17:52.686,7.5464,7.5523,1.00,1.00
2009.06.01 06:17:52.906,7.54515,7.5523,1.40,1.00
2009.06.01 06:17:53.196,7.5449,7.5521,1.40,1.00
2009.06.01 06:17:53.995,7.5453,7.5519,1.40,1.00
2009.06.01 06:17:54.295,7.5453,7.5521,1.40,1.00
2009.06.01 06:17:54.865,7.54515,7.5516,1.40,1.00
2009.06.01 06:17:55.135,7.545,7.5508,1.40,1.00
2009.06.01 06:17:55.485,7.545,7.5508,2.20,1.00
2009.06.01 06:17:56.874,7.545,7.5511,2.20,1.00
2009.06.01 06:17:57.095,7.5453,7.5511,1.40,1.00
2009.06.01 06:17:57.504,7.5454,7.5511,2.20,1.00
2009.06.01 06:17:57.944,7.5459,7.5516,1.40,1.00
2009.06.01 06:17:58.114,7.5459,7.5519,1.40,1.00
2009.06.01 06:17:58.464,7.5459,7.5519,2.20,1.00
2009.06.01 06:17:58.884,7.5461,7.5521,1.40,1.00
2009.06.01 06:17:59.914,7.5461,7.5526,1.40,1.00
2009.06.01 06:18:00.313,7.546,7.5526,1.00,1.00
2009.06.01 06:18:01.034,7.546,7.5521,1.00,1.00
2009.06.01 06:18:01.373,7.546,7.5519,1.00,1.00
2009.06.01 06:18:01.594,7.5461,7.5526,1.00,1.00
2009.06.01 06:18:01.894,7.54595,7.5526,1.00,1.00
2009.06.01 06:18:05.003,7.54595,7.5519,1.00,1.00
2009.06.01 06:18:05.283,7.54595,7.5526,1.00,1.00
2009.06.01 06:18:09.421,7.54675,7.5531,1.00,1.00
2009.06.01 06:18:14.290,7.54705,7.5531,1.00,1.00
2009.06.01 06:18:14.630,7.54715,7.5531,1.40,1.00
2009.06.01 06:18:14.850,7.54755,7.5536,1.00,1.00
2009.06.01 06:18:20.099,7.5506,7.5536,1.00,1.00
2009.06.01 06:18:20.209,7.5506,7.5536,2.40,1.00
2009.06.01 06:18:23.248,7.551,7.5536,1.00,1.00
2009.06.01 06:18:23.298,7.54715,7.5536,1.00,1.00
2009.06.01 06:18:24.468,7.5477,7.5536,1.40,1.00
2009.06.01 06:18:24.588,7.5481,7.5541,1.00,1.00
2009.06.01 06:18:29.667,7.5484,7.5543,1.40,1.00
2009.06.01 06:18:29.777,7.5485,7.5543,1.00,1.00
2009.06.01 06:18:30.236,7.5486,7.5543,1.00,1.00
2009.06.01 06:18:31.096,7.5486,7.5544,1.00,1.00
2009.06.01 06:18:32.586,7.54875,7.5544,1.00,1.00
2009.06.01 06:18:39.994,7.54875,7.5545,1.00,1.00
2009.06.01 06:18:42.193,7.5488,7.5545,1.40,1.00
2009.06.01 06:18:42.423,7.54915,7.5546,1.00,1.00
2009.06.01 06:18:51.421,7.54915,7.5547,1.00,1.00
2009.06.01 06:18:53.551,7.5499,7.5547,1.40,1.00
2009.06.01 06:18:53.831,7.5499,7.5548,1.40,1.00
2009.06.01 06:18:55.910,7.5494,7.5548,1.40,1.00
2009.06.01 06:18:56.070,7.5494,7.5549,1.40,1.00
2009.06.01 06:18:58.889,7.5494,7.5556,1.40,1.00
2009.06.01 06:19:03.768,7.5494,7.5559,1.40,1.00
2009.06.01 06:19:04.058,7.5494,7.5556,1.40,1.00
2009.06.01 06:19:04.468,7.5494,7.5559,1.40,1.00
2009.06.01 06:19:08.087,7.5499,7.5561,1.40,1.00
2009.06.01 06:19:08.378,7.5494,7.5556,1.40,1.00
2009.06.01 06:19:08.937,7.5494,7.5554,1.40,1.00
2009.06.01 06:19:09.387,7.5494,7.5556,1.40,1.00
2009.06.01 06:19:10.097,7.5489,7.5551,1.40,1.00
2009.06.01 06:19:10.657,7.5486,7.5551,1.40,1.00
2009.06.01 06:19:10.937,7.5492,7.5556,1.40,1.00
2009.06.01 06:19:11.447,7.5487,7.5551,1.40,1.00
2009.06.01 06:19:11.666,7.5492,7.5556,1.40,1.00
2009.06.01 06:19:12.416,7.5484,7.5551,1.40,1.00
2009.06.01 06:19:12.716,7.5492,7.5556,1.40,1.00
2009.06.01 06:19:13.116,7.5482,7.5548,1.40,1.00
2009.06.01 06:19:14.736,7.5486,7.5548,1.40,1.00
2009.06.01 06:19:14.946,7.5486,7.5551,1.40,1.00
2009.06.01 06:19:16.855,7.5484,7.5546,1.40,1.00
2009.06.01 06:19:19.423,7.5479,7.5541,1.40,1.00
2009.06.01 06:19:26.891,7.5474,7.5536,1.40,1.00
2009.06.01 06:19:28.950,7.5479,7.5541,1.40,1.00
2009.06.01 06:19:29.530,7.5479,7.5538,1.40,1.00
2009.06.01 06:19:29.690,7.5474,7.5534,1.40,1.00
2009.06.01 06:19:31.779,7.5474,7.5536,1.40,1.00
2009.06.01 06:19:32.459,7.5474,7.5536,1.40,1.20
2009.06.01 06:19:33.199,7.5469,7.5536,1.40,1.20
2009.06.01 06:19:33.379,7.5477,7.5536,1.40,1.00
2009.06.01 06:19:33.939,7.5464,7.5536,1.60,1.20
2009.06.01 06:19:34.118,7.5467,7.5536,1.40,1.20
2009.06.01 06:19:38.068,7.5469,7.5536,1.40,1.00
2009.06.01 06:19:38.238,7.5474,7.5536,1.40,1.00
2009.06.01 06:19:38.908,7.5462,7.5536,3.00,1.00
2009.06.01 06:19:39.027,7.5467,7.5536,1.40,1.00
2009.06.01 06:19:40.417,7.5474,7.5536,1.40,1.00
2009.06.01 06:19:41.207,7.5469,7.5536,1.40,1.00
2009.06.01 06:19:41.437,7.54695,7.5536,1.40,1.00
2009.06.01 06:19:41.717,7.5477,7.5538,1.40,1.20
2009.06.01 06:19:41.957,7.5462,7.5536,1.40,1.00
2009.06.01 06:19:44.276,7.54625,7.5531,1.40,1.00
2009.06.01 06:19:45.306,7.5466,7.5536,1.40,1.00
2009.06.01 06:19:46.336,7.5466,7.5531,1.40,1.00
2009.06.01 06:19:47.595,7.5459,7.5526,1.40,1.00
2009.06.01 06:19:51.914,7.5452,7.5526,1.40,1.00
2009.06.01 06:19:52.145,7.5452,7.552,1.40,1.00
2009.06.01 06:19:52.484,7.54485,7.5516,1.40,1.00
2009.06.01 06:19:54.454,7.5446,7.5515,1.40,1.00
2009.06.01 06:19:55.484,7.54485,7.5516,1.40,1.00
2009.06.01 06:19:56.833,7.54485,7.5515,1.40,1.00
2009.06.01 06:19:57.053,7.5446,7.5515,1.40,1.00
2009.06.01 06:19:57.173,7.5443,7.5515,1.40,1.00
2009.06.01 06:19:57.393,7.5443,7.5511,1.40,1.00
2009.06.01 06:19:59.213,7.5445,7.5515,1.40,1.00
2009.06.01 06:20:02.022,7.5443,7.5511,1.40,1.00
2009.06.01 06:20:02.562,7.5441,7.5511,1.40,1.00
2009.06.01 06:20:04.121,7.5436,7.5504,1.40,1.00
2009.06.01 06:20:04.642,7.54375,7.5504,1.40,1.00
2009.06.01 06:20:04.862,7.544,7.5506,1.40,1.00
2009.06.01 06:20:05.102,7.5443,7.551,1.40,1.00
2009.06.01 06:20:05.341,7.5443,7.5511,1.40,1.00
2009.06.01 06:20:06.521,7.5441,7.5511,1.40,1.00
2009.06.01 06:20:09.340,7.5436,7.5504,1.40,1.00
2009.06.01 06:20:11.180,7.54375,7.5506,1.40,1.00
2009.06.01 06:20:11.510,7.54375,7.5511,1.40,1.00
2009.06.01 06:20:11.670,7.5438,7.5506,1.40,1.00
2009.06.01 06:20:12.429,7.544,7.5511,1.40,1.00
2009.06.01 06:20:17.898,7.5443,7.5511,1.40,1.00
2009.06.01 06:20:18.229,7.5445,7.5511,1.40,1.00
2009.06.01 06:20:18.398,7.5445,7.5516,1.40,1.00
2009.06.01 06:20:18.628,7.54485,7.5516,1.40,1.00
2009.06.01 06:20:18.898,7.5446,7.5516,1.40,1.00
2009.06.01 06:20:19.468,7.54435,7.5511,1.40,1.00
2009.06.01 06:20:20.608,7.54455,7.5516,1.40,1.00
2009.06.01 06:20:22.188,7.5448,7.5516,1.40,1.00
2009.06.01 06:20:23.497,7.54465,7.5516,1.40,1.00
2009.06.01 06:20:23.727,7.54465,7.5511,1.40,1.00
2009.06.01 06:20:23.846,7.54415,7.5511,1.40,1.00
2009.06.01 06:20:26.586,7.5443,7.5511,1.40,1.00
2009.06.01 06:20:30.476,7.5445,7.5511,1.40,1.00
2009.06.01 06:20:30.825,7.5445,7.5514,1.40,1.00
2009.06.01 06:20:31.105,7.5443,7.5511,1.40,1.00
2009.06.01 06:20:31.375,7.5441,7.5511,1.40,1.00
2009.06.01 06:20:38.253,7.5441,7.5514,1.40,1.00
2009.06.01 06:20:38.433,7.5445,7.5514,1.40,1.00
2009.06.01 06:20:40.333,7.5441,7.5511,1.40,1.00
2009.06.01 06:20:44.592,7.5438,7.5511,1.40,1.00
2009.06.01 06:20:44.992,7.544,7.5506,1.40,1.00
2009.06.01 06:20:45.332,7.5443,7.5511,1.40,1.00
2009.06.01 06:20:46.252,7.5441,7.5511,1.40,1.00
2009.06.01 06:20:47.951,7.5438,7.5511,1.40,1.00
2009.06.01 06:20:48.121,7.5438,7.5506,1.40,1.00
2009.06.01 06:20:49.590,7.54355,7.5506,1.40,1.00
2009.06.01 06:20:49.990,7.54325,7.5506,1.40,1.00
2009.06.01 06:20:50.341,7.54325,7.5501,1.40,1.00
2009.06.01 06:20:52.040,7.54305,7.5501,1.40,1.00
2009.06.01 06:20:52.270,7.54305,7.5499,1.40,1.00
2009.06.01 06:20:54.839,7.54305,7.5501,1.40,1.00
2009.06.01 06:20:55.279,7.54305,7.5499,1.40,1.00
2009.06.01 06:20:55.849,7.54285,7.5496,1.40,1.00
2009.06.01 06:20:56.189,7.54285,7.5499,1.40,1.00
2009.06.01 06:20:57.329,7.54285,7.5501,1.40,1.00
2009.06.01 06:21:00.948,7.54275,7.5501,1.40,1.00
2009.06.01 06:21:01.128,7.54275,7.5496,1.40,1.00
2009.06.01 06:21:01.288,7.54245,7.5496,1.40,1.00
2009.06.01 06:21:03.367,7.54265,7.5496,1.40,1.00
2009.06.01 06:21:04.067,7.54285,7.5496,1.40,1.00
2009.06.01 06:21:04.187,7.54285,7.5501,1.40,1.00
2009.06.01 06:21:04.527,7.54315,7.5501,1.40,1.00
2009.06.01 06:21:06.486,7.54295,7.5501,1.40,1.00
2009.06.01 06:21:06.876,7.54295,7.5504,1.40,1.00
2009.06.01 06:21:07.566,7.54295,7.55185,1.40,1.20
2009.06.01 06:21:07.856,7.54295,7.5523,1.40,1.00
2009.06.01 06:21:09.016,7.5429,7.5521,1.40,1.00
2009.06.01 06:21:09.246,7.5429,7.5516,1.40,1.00
2009.06.01 06:21:09.356,7.54245,7.5516,1.40,1.00
2009.06.01 06:21:11.415,7.54245,7.5482,1.40,1.60
2009.06.01 06:21:11.595,7.54295,7.5482,1.40,1.60
2009.06.01 06:21:11.715,7.54295,7.5456,1.40,1.00
2009.06.01 06:21:11.875,7.54295,7.5456,2.20,1.00
2009.06.01 06:21:12.055,7.54195,7.5454,2.20,1.00
2009.06.01 06:21:12.715,7.54195,7.5438,2.20,1.00
2009.06.01 06:21:13.535,7.5422,7.5438,1.40,1.00
2009.06.01 06:21:13.715,7.5422,7.5443,1.40,1.00
2009.06.01 06:21:13.895,7.54255,7.5441,1.40,1.00
2009.06.01 06:21:14.055,7.54255,7.5441,2.20,1.00
2009.06.01 06:21:14.225,7.54255,7.5441,1.00,1.00
2009.06.01 06:21:14.584,7.54225,7.5441,2.20,1.00
2009.06.01 06:21:15.214,7.54225,7.5441,1.00,1.00
2009.06.01 06:21:15.484,7.54155,7.5446,2.20,1.00
2009.06.01 06:21:17.514,7.5411,7.5461,1.40,1.00
2009.06.01 06:21:17.634,7.5416,7.5475,1.40,1.00
2009.06.01 06:21:17.974,7.5416,7.54975,1.40,1.60
2009.06.01 06:21:18.144,7.54095,7.5451,1.40,1.00
2009.06.01 06:21:18.313,7.54195,7.5456,1.40,1.00
2009.06.01 06:21:18.534,7.54205,7.5456,1.00,1.00
2009.06.01 06:21:18.704,7.54205,7.5456,2.20,1.00
2009.06.01 06:21:19.663,7.54225,7.5446,1.00,1.00
2009.06.01 06:21:19.943,7.5415,7.5458,2.20,1.00
2009.06.01 06:21:21.343,7.5417,7.5456,1.00,1.00
2009.06.01 06:21:21.573,7.5414,7.5478,1.40,1.00
2009.06.01 06:21:21.853,7.5414,7.551,1.40,1.60
2009.06.01 06:21:22.703,7.5404,7.5515,3.00,3.20
2009.06.01 06:21:22.992,7.5404,7.5511,3.00,3.60
2009.06.01 06:21:23.282,7.5404,7.5511,3.00,2.00
2009.06.01 06:21:23.563,7.5417,7.551,1.40,1.00
2009.06.01 06:21:24.252,7.5417,7.5509,1.40,1.60
2009.06.01 06:21:24.602,7.5414,7.5485,1.40,1.00
2009.06.01 06:21:25.572,7.5402,7.548,3.00,1.00
2009.06.01 06:21:25.792,7.5407,7.5476,1.40,1.00
2009.06.01 06:21:27.641,7.541,7.5476,1.60,1.00
2009.06.01 06:21:27.761,7.541,7.5476,2.40,1.00
2009.06.01 06:21:28.421,7.5414,7.5476,1.40,1.00
2009.06.01 06:21:29.321,7.5414,7.5481,1.40,1.00
2009.06.01 06:21:29.491,7.5414,7.5476,1.40,1.00
2009.06.01 06:21:29.611,7.5414,7.5481,1.40,1.00
2009.06.01 06:21:31.011,7.54265,7.5481,1.60,1.00
2009.06.01 06:21:31.231,7.5445,7.5484,1.40,1.00
2009.06.01 06:21:32.850,7.5449,7.5486,1.40,1.00
2009.06.01 06:21:33.400,7.5449,7.5491,1.40,1.00
2009.06.01 06:21:33.690,7.5439,7.5491,1.60,1.00
2009.06.01 06:21:33.980,7.5455,7.5496,1.40,1.00
2009.06.01 06:21:34.790,7.5425,7.5494,1.40,1.00
2009.06.01 06:21:36.439,7.5424,7.5489,1.40,1.00
2009.06.01 06:21:36.779,7.5428,7.546,1.00,1.00
2009.06.01 06:21:37.409,7.5428,7.5463,1.00,1.00
2009.06.01 06:21:37.589,7.54325,7.5463,1.00,1.00
2009.06.01 06:21:39.319,7.54325,7.5461,1.00,1.00
2009.06.01 06:21:39.488,7.5428,7.5461,1.00,1.00
2009.06.01 06:21:40.858,7.5433,7.5466,1.00,1.00
2009.06.01 06:21:41.248,7.5433,7.5461,1.00,1.00
2009.06.01 06:21:41.588,7.541,7.5461,2.20,1.00
2009.06.01 06:21:41.878,7.541,7.5461,1.40,1.00
2009.06.01 06:21:41.998,7.5415,7.5466,1.40,1.00
2009.06.01 06:21:42.468,7.5414,7.5466,1.00,1.00
2009.06.01 06:21:42.818,7.5419,7.5466,3.80,1.00
2009.06.01 06:21:43.118,7.5424,7.5466,1.00,1.00
2009.06.01 06:21:43.558,7.5424,7.5471,1.00,1.00
2009.06.01 06:21:43.788,7.5419,7.5471,2.20,1.00
2009.06.01 06:21:44.437,7.5419,7.5466,2.20,1.00
2009.06.01 06:21:45.547,7.54195,7.5466,1.00,1.00
2009.06.01 06:21:45.787,7.5424,7.5471,1.40,1.00
2009.06.01 06:21:46.147,7.5419,7.5466,2.20,1.00
2009.06.01 06:21:50.326,7.5424,7.5471,2.20,1.00
2009.06.01 06:21:53.065,7.5424,7.5466,1.00,1.00
2009.06.01 06:21:53.295,7.5419,7.5466,2.20,1.00
2009.06.01 06:21:54.375,7.5408,7.5461,2.40,1.00
2009.06.01 06:21:54.655,7.5408,7.5456,2.40,1.00
2009.06.01 06:21:54.995,7.5408,7.5461,2.40,1.00
2009.06.01 06:21:55.625,7.5414,7.5461,1.40,1.00
2009.06.01 06:21:56.304,7.5414,7.5466,1.40,1.00
2009.06.01 06:22:00.993,7.5432,7.5471,1.60,1.00
2009.06.01 06:22:02.153,7.5433,7.5471,1.60,1.00
2009.06.01 06:22:03.293,7.5436,7.5471,1.60,1.00
2009.06.01 06:22:04.242,7.543,7.5466,1.80,1.00
2009.06.01 06:22:04.632,7.54125,7.5466,1.00,1.00
2009.06.01 06:22:05.292,7.5417,7.5466,1.40,1.00
2009.06.01 06:22:05.402,7.5417,7.5466,2.20,1.00
2009.06.01 06:22:08.082,7.5429,7.5468,1.60,1.00
2009.06.01 06:22:10.631,7.5436,7.5469,1.60,1.00
2009.06.01 06:22:12.121,7.54255,7.5466,1.00,1.00
2009.06.01 06:22:12.241,7.54175,7.5466,1.00,1.00
2009.06.01 06:22:16.749,7.5419,7.5466,1.40,1.00
2009.06.01 06:22:16.980,7.5408,7.5461,2.40,1.00
2009.06.01 06:22:17.380,7.5408,7.5456,2.40,1.00
2009.06.01 06:22:17.559,7.54085,7.5456,1.40,1.00
2009.06.01 06:22:17.729,7.5412,7.5461,1.40,1.00
2009.06.01 06:22:17.989,7.541,7.5456,2.40,1.00
2009.06.01 06:22:18.639,7.5414,7.5461,2.20,1.00
2009.06.01 06:22:19.459,7.5415,7.5448,1.00,1.00
2009.06.01 06:22:33.085,7.5415,7.5446,1.00,1.00
2009.06.01 06:22:34.475,7.54205,7.5449,1.40,1.00
2009.06.01 06:22:34.805,7.54205,7.5451,1.40,1.00
2009.06.01 06:22:38.204,7.5421,7.5449,2.20,1.00
2009.06.01 06:22:38.425,7.5425,7.5454,1.40,1.00
2009.06.01 06:22:38.604,7.5425,7.5452,2.20,1.00
2009.06.01 06:22:38.824,7.54305,7.5452,1.40,1.00
2009.06.01 06:22:38.994,7.54305,7.5452,2.20,1.00
2009.06.01 06:22:39.554,7.54305,7.5452,1.00,1.00
2009.06.01 06:22:39.914,7.54355,7.5456,1.40,1.00
2009.06.01 06:22:40.254,7.54355,7.5461,1.00,1.00
2009.06.01 06:22:40.594,7.54315,7.5461,2.20,1.00
2009.06.01 06:22:41.983,7.5426,7.5456,2.20,1.00
2009.06.01 06:22:42.273,7.5421,7.5456,2.20,1.00
2009.06.01 06:22:43.583,7.5421,7.5461,1.00,1.00
2009.06.01 06:22:43.813,7.54195,7.5461,2.20,1.00
2009.06.01 06:22:44.503,7.54255,7.5461,1.40,1.00
2009.06.01 06:22:45.013,7.54255,7.5461,2.20,1.00
2009.06.01 06:22:45.183,7.5426,7.5461,1.40,1.00
2009.06.01 06:22:45.422,7.5426,7.5456,1.40,1.00
2009.06.01 06:22:45.832,7.5426,7.5461,1.40,1.00
2009.06.01 06:22:46.192,7.54255,7.5456,2.20,1.00
2009.06.01 06:22:46.353,7.54255,7.5461,2.20,1.00
2009.06.01 06:22:47.882,7.54255,7.5456,2.20,1.00
2009.06.01 06:22:48.002,7.54265,7.5456,1.40,1.00
2009.06.01 06:22:48.642,7.54255,7.5456,2.20,1.00
2009.06.01 06:22:48.932,7.54255,7.5461,2.20,1.00
2009.06.01 06:22:49.801,7.5426,7.5478,1.40,1.00
2009.06.01 06:22:50.072,7.5426,7.5483,1.40,1.00
2009.06.01 06:22:51.011,7.5424,7.5476,1.40,1.00
2009.06.01 06:22:54.670,7.54245,7.5476,1.00,1.00
2009.06.01 06:22:54.890,7.5424,7.5476,1.40,1.00
2009.06.01 06:22:56.390,7.5428,7.5476,1.40,1.00
2009.06.01 06:22:56.730,7.5429,7.5479,1.40,1.00
2009.06.01 06:23:00.159,7.54295,7.5458,1.00,1.00
2009.06.01 06:23:03.488,7.5431,7.5454,1.40,1.00
2009.06.01 06:23:03.658,7.5431,7.5456,2.20,1.00
2009.06.01 06:23:03.998,7.5431,7.5454,2.20,1.00
2009.06.01 06:23:09.567,7.5431,7.5454,1.00,1.00
2009.06.01 06:23:09.777,7.54255,7.5448,2.20,1.00
2009.06.01 06:23:10.696,7.54255,7.5448,1.00,1.00
2009.06.01 06:23:11.046,7.5422,7.5441,2.20,1.00
2009.06.01 06:23:11.276,7.54195,7.5441,2.20,1.00
2009.06.01 06:23:11.557,7.5421,7.5441,1.40,1.00
2009.06.01 06:23:11.846,7.5422,7.5446,1.00,1.00
2009.06.01 06:23:12.126,7.5422,7.5446,2.20,1.00
2009.06.01 06:23:13.576,7.5424,7.5446,2.20,1.00
2009.06.01 06:23:14.256,7.5424,7.5446,1.00,1.00
2009.06.01 06:23:14.536,7.5424,7.5441,1.00,1.00
2009.06.01 06:23:14.716,7.542,7.5441,2.20,1.00
2009.06.01 06:23:19.984,7.5423,7.5449,2.20,1.00
2009.06.01 06:23:20.624,7.5427,7.5443,1.40,1.00
2009.06.01 06:23:21.024,7.5427,7.5449,1.00,1.00
2009.06.01 06:23:21.704,7.5422,7.5447,2.20,1.00
2009.06.01 06:23:21.924,7.5422,7.5447,1.00,1.00
2009.06.01 06:23:22.214,7.5422,7.5441,1.00,1.00
2009.06.01 06:23:22.554,7.5427,7.5453,2.20,1.00
2009.06.01 06:23:23.063,7.5427,7.5453,1.40,1.00
2009.06.01 06:23:23.423,7.5423,7.5448,1.00,1.00
2009.06.01 06:23:23.994,7.5408,7.5441,2.40,1.00
2009.06.01 06:23:26.063,7.541,7.5446,2.40,1.00
2009.06.01 06:23:26.283,7.541,7.5441,2.40,1.00
2009.06.01 06:23:27.133,7.541,7.5433,2.40,1.00
2009.06.01 06:23:30.092,7.541,7.5426,2.40,1.00
2009.06.01 06:23:30.322,7.541,7.5431,2.40,1.00
2009.06.01 06:23:30.552,7.541,7.5426,2.40,1.00
2009.06.01 06:23:32.571,7.541,7.5424,1.60,1.00
2009.06.01 06:23:32.742,7.539,7.5424,1.40,1.00
2009.06.01 06:23:32.921,7.53875,7.5418,1.00,1.00
2009.06.01 06:23:33.091,7.5377,7.5413,3.00,1.00
2009.06.01 06:23:33.441,7.5374,7.5413,1.60,1.00
2009.06.01 06:23:33.791,7.5378,7.5403,1.00,1.00
2009.06.01 06:23:35.670,7.5378,7.5396,1.00,1.00
2009.06.01 06:23:37.680,7.5378,7.538,1.00,1.00
2009.06.01 06:23:38.070,7.5378,7.5411,1.00,1.60
2009.06.01 06:23:38.300,7.53725,7.5411,1.00,1.60
2009.06.01 06:23:38.640,7.53725,7.5383,1.00,1.00
2009.06.01 06:23:38.930,7.53745,7.5383,1.00,1.00
2009.06.01 06:23:39.860,7.53715,7.5411,1.00,1.60
2009.06.01 06:23:40.149,7.5355,7.5408,1.00,1.60
2009.06.01 06:23:40.489,7.5355,7.5403,1.00,1.60
2009.06.01 06:23:40.779,7.5343,7.5373,1.00,1.00
2009.06.01 06:23:41.579,7.5345,7.538,1.00,1.00
2009.06.01 06:23:42.550,7.53475,7.5376,1.40,1.00
2009.06.01 06:23:42.839,7.53525,7.5381,1.00,1.00
2009.06.01 06:23:45.138,7.5351,7.5381,1.00,1.00
2009.06.01 06:23:49.337,7.5351,7.5384,1.00,1.00
2009.06.01 06:23:53.256,7.5351,7.5381,1.00,1.00
2009.06.01 06:23:54.586,7.5351,7.5386,1.00,1.00
2009.06.01 06:24:00.094,7.53525,7.5386,1.40,1.00
2009.06.01 06:24:00.495,7.5356,7.5386,1.00,1.00
2009.06.01 06:24:00.934,7.5356,7.5389,1.00,1.00
2009.06.01 06:24:03.904,7.5356,7.5386,1.00,1.00
2009.06.01 06:24:04.184,7.53515,7.5386,1.00,1.00
2009.06.01 06:24:04.464,7.53515,7.5384,1.00,1.00
2009.06.01 06:24:04.814,7.53515,7.5386,1.00,1.00
2009.06.01 06:24:12.492,7.53515,7.5381,1.00,1.00
2009.06.01 06:24:16.011,7.5351,7.5381,1.00,1.00
2009.06.01 06:24:16.701,7.5352,7.5381,1.00,1.00
2009.06.01 06:24:19.390,7.5352,7.5376,1.00,1.00
2009.06.01 06:24:19.560,7.5346,7.5376,1.00,1.00
2009.06.01 06:24:19.790,7.53425,7.5376,1.40,1.00
2009.06.01 06:24:20.060,7.5346,7.5363,1.00,1.00
2009.06.01 06:24:20.290,7.53435,7.5363,1.00,1.00
2009.06.01 06:24:22.419,7.53415,7.5356,1.00,1.00
2009.06.01 06:24:28.858,7.53385,7.5356,1.00,1.00
2009.06.01 06:24:29.148,7.53385,7.5351,1.00,1.00
2009.06.01 06:24:29.318,7.5336,7.5351,1.00,1.00
2009.06.01 06:24:31.437,7.53385,7.5351,1.00,1.00
2009.06.01 06:24:31.787,7.53385,7.5356,1.00,1.00
2009.06.01 06:24:32.777,7.5336,7.5351,1.00,1.00
2009.06.01 06:24:33.337,7.5336,7.5356,1.00,1.00
2009.06.01 06:24:34.806,7.53335,7.5356,1.00,1.00
2009.06.01 06:24:34.986,7.53335,7.5351,1.00,1.00
2009.06.01 06:24:36.496,7.53335,7.5346,1.00,1.00
2009.06.01 06:24:36.786,7.5331,7.5346,1.00,1.00
2009.06.01 06:24:37.485,7.5331,7.5339,1.00,1.00
2009.06.01 06:24:37.765,7.53205,7.5339,1.00,1.00
2009.06.01 06:24:41.065,7.5319,7.5334,1.00,1.00
2009.06.01 06:24:41.415,7.53225,7.5339,1.00,1.00
2009.06.01 06:24:42.674,7.53225,7.5333,1.00,1.00
2009.06.01 06:24:42.894,7.53155,7.5328,1.00,1.00
2009.06.01 06:24:43.184,7.53115,7.5328,1.00,1.00
2009.06.01 06:24:44.564,7.53125,7.535,1.40,1.00
2009.06.01 06:24:44.914,7.5318,7.535,1.00,1.00
2009.06.01 06:24:46.994,7.53135,7.5346,1.00,1.00
2009.06.01 06:24:47.163,7.5318,7.5346,1.00,1.00
2009.06.01 06:24:47.683,7.5318,7.5344,1.00,1.00
2009.06.01 06:24:47.843,7.53135,7.5346,1.00,1.00
2009.06.01 06:24:48.023,7.53135,7.5344,1.00,1.00
2009.06.01 06:24:48.303,7.53085,7.5344,1.00,1.00
2009.06.01 06:24:48.593,7.53085,7.5341,1.00,1.00
2009.06.01 06:24:48.933,7.53095,7.5341,1.00,1.00
2009.06.01 06:24:49.833,7.531,7.5341,1.40,1.00
2009.06.01 06:24:50.003,7.5314,7.5341,1.00,1.00
2009.06.01 06:24:50.283,7.5314,7.5346,1.00,1.00
2009.06.01 06:24:53.362,7.5314,7.5344,1.00,1.00
2009.06.01 06:24:59.071,7.5314,7.5338,1.00,1.00
2009.06.01 06:24:59.301,7.53095,7.5343,1.00,1.00
2009.06.01 06:24:59.650,7.53085,7.5343,1.00,1.00
2009.06.01 06:25:00.120,7.53045,7.5333,1.00,1.00
2009.06.01 06:25:00.420,7.53045,7.5328,1.00,1.00
2009.06.01 06:25:00.690,7.5299,7.5333,1.00,1.00
2009.06.01 06:25:00.920,7.5298,7.5331,1.00,1.00
2009.06.01 06:25:01.391,7.5298,7.5331,1.00,1.00
2009.06.01 06:25:01.800,7.5303,7.5334,1.00,1.00
2009.06.01 06:25:02.030,7.5303,7.5334,2.20,1.00
2009.06.01 06:25:02.570,7.5303,7.5331,1.00,1.00
2009.06.01 06:25:02.740,7.5298,7.5331,2.20,1.00
2009.06.01 06:25:03.079,7.5298,7.5329,2.20,1.00
2009.06.01 06:25:03.419,7.5298,7.5331,2.20,1.00
2009.06.01 06:25:04.049,7.52985,7.5329,1.40,1.00
2009.06.01 06:25:04.509,7.5298,7.5329,2.20,1.00
2009.06.01 06:25:04.679,7.5303,7.5334,2.20,1.00
2009.06.01 06:25:05.029,7.5303,7.5334,1.00,1.00
2009.06.01 06:25:05.269,7.52985,7.5334,1.40,1.00
2009.06.01 06:25:05.539,7.52985,7.5329,1.40,1.00
2009.06.01 06:25:05.859,7.5298,7.5321,1.00,1.00
2009.06.01 06:25:06.199,7.53035,7.5328,2.20,1.00
2009.06.01 06:25:06.589,7.53035,7.5333,2.20,1.00
2009.06.01 06:25:06.929,7.53035,7.5326,1.00,1.00
2009.06.01 06:25:07.158,7.53035,7.5326,2.20,1.00
2009.06.01 06:25:07.459,7.5306,7.5331,1.40,1.00
2009.06.01 06:25:07.809,7.5306,7.5331,2.20,1.00
2009.06.01 06:25:08.158,7.5309,7.5331,1.40,1.00
2009.06.01 06:25:08.508,7.5309,7.5331,2.20,1.00
2009.06.01 06:25:08.918,7.5309,7.5326,1.00,1.00
2009.06.01 06:25:09.278,7.52975,7.5326,2.20,1.00
2009.06.01 06:25:09.728,7.53035,7.5326,2.20,1.00
2009.06.01 06:25:10.128,7.53035,7.5331,2.20,1.00
2009.06.01 06:25:10.528,7.5302,7.5326,2.20,1.00
2009.06.01 06:25:10.877,7.5302,7.5321,1.00,1.00
2009.06.01 06:25:11.107,7.53005,7.5326,1.40,1.00
2009.06.01 06:25:11.377,7.5307,7.5331,1.40,1.00
2009.06.01 06:25:11.718,7.53055,7.5331,2.20,1.00
2009.06.01 06:25:12.177,7.53075,7.5331,1.40,1.00
2009.06.01 06:25:12.527,7.53075,7.5336,2.20,1.00
2009.06.01 06:25:13.647,7.53105,7.5336,1.40,1.00
2009.06.01 06:25:14.037,7.5313,7.5341,2.20,1.00
2009.06.01 06:25:14.427,7.5313,7.5341,1.40,1.00
2009.06.01 06:25:14.717,7.5313,7.5341,2.20,1.00
2009.06.01 06:25:15.286,7.5313,7.5339,2.20,1.00
2009.06.01 06:25:16.906,7.5313,7.5339,1.00,1.00
2009.06.01 06:25:17.146,7.5312,7.5339,2.20,1.00
2009.06.01 06:25:17.486,7.5312,7.5336,2.20,1.00
2009.06.01 06:25:28.134,7.5313,7.5341,1.00,1.00
2009.06.01 06:25:36.462,7.5313,7.5336,1.00,1.00
2009.06.01 06:25:36.692,7.5309,7.5336,1.00,1.00
2009.06.01 06:25:40.840,7.5309,7.5336,2.20,1.00
2009.06.01 06:25:41.080,7.53105,7.5336,1.00,1.00
2009.06.01 06:25:42.020,7.53105,7.534,1.00,1.00
2009.06.01 06:25:42.200,7.5313,7.534,1.00,1.00
2009.06.01 06:25:42.880,7.5316,7.534,2.20,1.00
2009.06.01 06:25:43.050,7.5318,7.5346,1.00,1.00
2009.06.01 06:25:45.599,7.53195,7.5346,1.40,1.00
2009.06.01 06:25:45.769,7.5321,7.5351,1.40,1.00
2009.06.01 06:25:46.179,7.5323,7.5346,1.00,1.00
2009.06.01 06:25:46.639,7.5323,7.5351,1.00,1.00
2009.06.01 06:25:47.269,7.5324,7.5354,1.40,1.20
2009.06.01 06:25:47.439,7.53255,7.5354,1.00,1.20
2009.06.01 06:25:49.648,7.5331,7.5354,1.00,1.20
2009.06.01 06:25:49.878,7.5329,7.5354,2.20,1.00
2009.06.01 06:25:53.477,7.5331,7.5354,1.00,1.00
2009.06.01 06:25:54.317,7.53295,7.5354,1.60,1.00
2009.06.01 06:25:54.887,7.53375,7.5368,1.00,1.00
2009.06.01 06:25:55.167,7.53375,7.5368,1.00,1.20
2009.06.01 06:25:56.787,7.53395,7.5366,1.00,1.00
2009.06.01 06:25:58.946,7.5341,7.5371,1.40,1.20
2009.06.01 06:25:59.056,7.5342,7.5371,1.00,1.00
2009.06.01 06:25:59.446,7.5344,7.5371,1.40,1.00
2009.06.01 06:25:59.786,7.5345,7.5371,1.00,1.00
2009.06.01 06:26:02.515,7.5343,7.5371,1.00,1.00
2009.06.01 06:26:02.636,7.534,7.5366,1.00,1.00
2009.06.01 06:26:08.684,7.53375,7.5366,1.00,1.00
2009.06.01 06:26:09.244,7.53395,7.5366,1.00,1.00
2009.06.01 06:26:09.753,7.53375,7.5366,1.00,1.00
2009.06.01 06:26:10.153,7.53355,7.5358,1.00,1.00
2009.06.01 06:26:10.203,7.53355,7.5358,2.20,1.00
2009.06.01 06:26:10.913,7.5339,7.5368,1.00,1.00
2009.06.01 06:26:12.193,7.53375,7.5361,1.00,1.00
2009.06.01 06:26:12.583,7.53375,7.5364,1.00,1.00
2009.06.01 06:26:12.813,7.53395,7.5364,1.00,1.00
2009.06.01 06:26:20.241,7.5334,7.5361,2.20,1.00
2009.06.01 06:26:28.699,7.53335,7.5351,1.40,1.00
2009.06.01 06:26:28.869,7.53335,7.5356,2.20,1.00
2009.06.01 06:26:31.278,7.53335,7.5356,1.00,1.00
2009.06.01 06:26:31.398,7.5331,7.5351,2.20,1.00
2009.06.01 06:26:32.948,7.5331,7.5356,2.20,1.00
2009.06.01 06:26:33.168,7.5331,7.5356,1.00,1.00
2009.06.01 06:26:33.288,7.5329,7.5351,2.20,1.00
2009.06.01 06:26:35.727,7.5329,7.5351,1.00,1.00
2009.06.01 06:26:36.067,7.5326,7.5346,2.20,1.00
2009.06.01 06:26:36.357,7.53325,7.5358,2.20,1.00
2009.06.01 06:26:37.796,7.53325,7.5351,2.20,1.00
2009.06.01 06:26:38.067,7.53325,7.5351,1.00,1.00
2009.06.01 06:26:38.297,7.5329,7.5351,2.20,1.00
2009.06.01 06:26:42.946,7.5329,7.5351,1.00,1.00
2009.06.01 06:26:43.235,7.5326,7.5346,2.20,1.00
2009.06.01 06:26:43.795,7.5326,7.5344,1.00,1.00
2009.06.01 06:26:44.025,7.53235,7.5344,2.20,1.00
2009.06.01 06:26:46.945,7.5326,7.5344,1.40,1.00
2009.06.01 06:26:47.225,7.5326,7.5346,1.40,1.00
2009.06.01 06:26:47.394,7.5326,7.5339,1.00,1.00
2009.06.01 06:26:47.564,7.5319,7.5339,2.20,1.00
2009.06.01 06:26:48.064,7.53225,7.5346,2.20,1.00
2009.06.01 06:26:49.104,7.53275,7.5351,2.20,1.00
2009.06.01 06:26:49.444,7.5331,7.5351,2.20,1.00
2009.06.01 06:27:04.760,7.5331,7.5356,2.20,1.00
2009.06.01 06:27:04.950,7.53365,7.5356,1.40,1.00
2009.06.01 06:27:05.310,7.53365,7.5356,2.20,1.00
2009.06.01 06:27:12.418,7.53365,7.5361,2.20,1.00
2009.06.01 06:27:12.629,7.53365,7.5356,2.20,1.00
2009.06.01 06:27:17.377,7.53365,7.5356,1.00,1.00
2009.06.01 06:27:17.487,7.53345,7.5356,2.20,1.00
2009.06.01 06:27:20.666,7.53365,7.5356,2.20,1.00
2009.06.01 06:27:26.735,7.53365,7.5356,1.00,1.00
2009.06.01 06:27:27.075,7.5333,7.5356,1.40,1.00
2009.06.01 06:27:27.525,7.5333,7.5356,2.20,1.00
2009.06.01 06:27:31.694,7.5333,7.5356,1.00,1.00
2009.06.01 06:27:32.084,7.53315,7.5356,2.20,1.00
2009.06.01 06:27:32.424,7.53315,7.5351,2.20,1.00
2009.06.01 06:27:36.713,7.5338,7.5354,1.40,1.00
2009.06.01 06:27:36.892,7.5338,7.5354,1.00,1.00
2009.06.01 06:27:37.003,7.53345,7.5354,2.20,1.00
2009.06.01 06:27:37.872,7.53345,7.5356,2.20,1.00
2009.06.01 06:27:38.562,7.53295,7.5356,2.20,1.00
2009.06.01 06:27:38.902,7.53295,7.5351,2.20,1.00
2009.06.01 06:27:39.722,7.5331,7.5351,2.20,1.00
2009.06.01 06:27:42.261,7.5319,7.5343,3.20,1.00
2009.06.01 06:27:42.561,7.5319,7.5358,1.60,1.00
2009.06.01 06:27:42.901,7.53185,7.5353,2.20,1.00
2009.06.01 06:27:43.361,7.53205,7.5358,1.00,1.00
2009.06.01 06:27:43.631,7.53185,7.5356,2.20,1.00
2009.06.01 06:27:43.911,7.53205,7.5343,1.40,1.00
2009.06.01 06:27:44.191,7.53205,7.5343,2.20,1.00
2009.06.01 06:27:44.541,7.53265,7.5343,1.40,1.00
2009.06.01 06:27:44.891,7.53305,7.5348,2.20,1.00
2009.06.01 06:27:45.241,7.53195,7.5341,1.40,1.00
2009.06.01 06:27:45.570,7.53205,7.5346,1.00,1.00
2009.06.01 06:27:45.960,7.53205,7.5346,2.20,1.00
2009.06.01 06:27:47.950,7.53225,7.5346,1.00,1.00
2009.06.01 06:27:48.220,7.5322,7.5341,1.40,1.00
2009.06.01 06:27:48.380,7.5323,7.5346,1.00,1.00
2009.06.01 06:27:48.730,7.5323,7.5351,1.00,1.00
2009.06.01 06:27:48.900,7.53225,7.5341,1.40,1.00
2009.06.01 06:27:49.280,7.53225,7.5348,2.20,1.00
2009.06.01 06:27:49.629,7.5322,7.5348,1.40,1.00
2009.06.01 06:27:49.960,7.5323,7.5346,1.00,1.00
2009.06.01 06:27:50.259,7.5327,7.5346,1.40,1.00
2009.06.01 06:27:50.559,7.5331,7.5351,1.40,1.00
2009.06.01 06:27:50.959,7.5331,7.5351,2.20,1.00
2009.06.01 06:27:52.389,7.5331,7.5351,1.40,1.00
2009.06.01 06:27:52.868,7.5329,7.5351,2.20,1.00
2009.06.01 06:27:53.609,7.5333,7.5351,1.40,1.00
2009.06.01 06:27:53.778,7.5333,7.5356,1.40,1.00
2009.06.01 06:27:54.008,7.5333,7.5356,2.20,1.00
2009.06.01 06:27:55.728,7.5329,7.5356,1.00,1.00
2009.06.01 06:27:55.908,7.5329,7.5354,1.00,1.00
2009.06.01 06:27:56.258,7.5327,7.5354,1.40,1.00
2009.06.01 06:27:56.608,7.53285,7.5356,1.00,1.00
2009.06.01 06:27:56.938,7.53285,7.5356,2.20,1.00
2009.06.01 06:27:57.337,7.5331,7.5356,2.20,1.00
2009.06.01 06:27:59.337,7.5331,7.5351,1.00,1.00
2009.06.01 06:27:59.507,7.53295,7.5351,2.20,1.00
2009.06.01 06:28:00.157,7.5331,7.5351,1.40,1.00
2009.06.01 06:28:00.377,7.5331,7.5356,2.20,1.00
2009.06.01 06:28:02.886,7.5333,7.5356,1.40,1.00
2009.06.01 06:28:02.996,7.5333,7.5356,2.20,1.00
2009.06.01 06:28:04.776,7.53365,7.5361,1.40,1.00
2009.06.01 06:28:04.956,7.53365,7.5361,2.20,1.00
2009.06.01 06:28:05.136,7.53385,7.5364,2.20,1.00
2009.06.01 06:28:05.426,7.53385,7.5361,1.00,1.00
2009.06.01 06:28:05.766,7.53365,7.5361,2.20,1.00
2009.06.01 06:28:06.435,7.53345,7.5361,2.20,1.00
2009.06.01 06:28:07.575,7.5338,7.5364,1.40,1.00
2009.06.01 06:28:07.835,7.5338,7.5364,2.20,1.00
2009.06.01 06:28:10.604,7.5338,7.5361,1.00,1.00
2009.06.01 06:28:10.824,7.53345,7.5361,2.20,1.00
2009.06.01 06:28:11.884,7.53365,7.5361,1.40,1.00
2009.06.01 06:28:12.504,7.53385,7.5361,1.40,1.00
2009.06.01 06:28:12.784,7.53385,7.5364,2.20,1.00
2009.06.01 06:28:13.144,7.53385,7.5362,2.20,1.00
2009.06.01 06:28:14.303,7.5342,7.5366,1.40,1.00
2009.06.01 06:28:14.554,7.5342,7.5366,2.20,1.00
2009.06.01 06:28:16.403,7.5344,7.5367,1.40,1.00
2009.06.01 06:28:16.693,7.5344,7.5367,2.20,1.00
2009.06.01 06:28:17.773,7.53455,7.5367,1.40,1.00
2009.06.01 06:28:17.892,7.53455,7.5367,2.20,1.00
2009.06.01 06:28:18.182,7.53455,7.5369,2.20,1.00
2009.06.01 06:28:18.582,7.5349,7.5369,1.40,1.00
2009.06.01 06:28:18.743,7.5349,7.5369,2.20,1.00
2009.06.01 06:28:19.492,7.53525,7.5369,1.40,1.00
2009.06.01 06:28:19.782,7.53545,7.5369,1.40,1.00
2009.06.01 06:28:20.132,7.53545,7.5369,2.20,1.00
2009.06.01 06:28:20.902,7.53545,7.5369,1.00,1.00
2009.06.01 06:28:23.981,7.5356,7.5369,1.40,1.00
2009.06.01 06:28:24.091,7.5356,7.5369,3.00,1.00
2009.06.01 06:28:24.281,7.53595,7.5385,1.00,1.00
2009.06.01 06:28:27.001,7.5361,7.5393,1.40,1.00
2009.06.01 06:28:27.280,7.5365,7.5385,1.00,1.00
2009.06.01 06:28:27.510,7.5366,7.5393,1.00,1.00
2009.06.01 06:28:27.860,7.5366,7.5393,1.60,1.00
2009.06.01 06:28:28.210,7.5366,7.5393,1.00,1.00
2009.06.01 06:28:28.490,7.5368,7.5393,1.00,1.00
2009.06.01 06:28:29.440,7.5368,7.5389,1.00,1.00
2009.06.01 06:28:29.770,7.53665,7.5389,1.00,1.00
2009.06.01 06:28:30.110,7.53665,7.5391,1.00,1.00
2009.06.01 06:28:30.219,7.53685,7.5391,1.00,1.00
2009.06.01 06:28:32.419,7.53685,7.5389,1.00,1.00
2009.06.01 06:28:32.589,7.53665,7.5389,1.00,1.00
2009.06.01 06:28:33.689,7.53665,7.5386,1.00,1.00
2009.06.01 06:28:33.969,7.53635,7.5386,1.00,1.00
2009.06.01 06:28:35.648,7.5361,7.5383,1.00,1.00
2009.06.01 06:28:42.537,7.53615,7.5386,1.40,1.00
2009.06.01 06:28:42.826,7.5365,7.5389,1.00,1.00
2009.06.01 06:28:44.896,7.53665,7.5394,1.40,1.00
2009.06.01 06:28:45.076,7.537,7.5394,1.00,1.00
2009.06.01 06:28:45.196,7.537,7.5391,1.00,1.00
2009.06.01 06:28:45.436,7.53685,7.5391,1.00,1.00
2009.06.01 06:28:45.946,7.53665,7.5391,1.00,1.00
2009.06.01 06:28:46.766,7.5361,7.5386,1.00,1.00
2009.06.01 06:28:47.625,7.5363,7.5386,1.00,1.00
2009.06.01 06:28:52.344,7.5359,7.5386,1.00,1.00
2009.06.01 06:28:55.653,7.53555,7.5381,1.00,1.00
2009.06.01 06:28:57.073,7.5357,7.5386,1.00,1.00
2009.06.01 06:28:58.683,7.53595,7.5386,1.40,1.00
2009.06.01 06:28:58.913,7.5356,7.5389,1.60,1.00
2009.06.01 06:28:59.352,7.5356,7.5383,1.00,1.00
2009.06.01 06:28:59.572,7.5356,7.5388,1.00,1.00
2009.06.01 06:28:59.792,7.5357,7.5388,1.00,1.00
2009.06.01 06:29:04.022,7.5359,7.5383,1.40,1.00
2009.06.01 06:29:04.261,7.53625,7.5386,1.00,1.00
2009.06.01 06:29:08.410,7.53625,7.5389,1.00,1.00
2009.06.01 06:29:08.650,7.53645,7.5389,1.00,1.00
2009.06.01 06:29:10.260,7.53635,7.5386,1.00,1.00
2009.06.01 06:29:13.819,7.5365,7.5386,1.00,1.00
2009.06.01 06:29:13.979,7.5365,7.5389,1.00,1.00
2009.06.01 06:29:14.099,7.5365,7.5386,1.00,1.00
2009.06.01 06:29:14.559,7.5361,7.5386,1.00,1.00
2009.06.01 06:29:14.789,7.53595,7.5381,1.00,1.00
2009.06.01 06:29:15.079,7.53595,7.5376,1.00,1.00
2009.06.01 06:29:15.429,7.53525,7.5376,1.00,1.00
2009.06.01 06:29:16.179,7.53505,7.5378,1.00,1.00
2009.06.01 06:29:16.578,7.53505,7.5373,1.00,1.00
2009.06.01 06:29:17.098,7.53505,7.5367,1.00,1.00
2009.06.01 06:29:17.378,7.5349,7.5367,1.00,1.00
2009.06.01 06:29:17.658,7.5349,7.5366,1.00,1.00
2009.06.01 06:29:17.998,7.5342,7.5366,1.00,1.00
2009.06.01 06:29:18.348,7.53395,7.5362,1.00,1.00
2009.06.01 06:29:21.117,7.53395,7.5362,2.20,1.00
2009.06.01 06:29:24.457,7.5342,7.5366,2.20,1.00
2009.06.01 06:29:24.627,7.5344,7.5366,1.40,1.00
2009.06.01 06:29:24.856,7.5344,7.5367,1.40,1.00
2009.06.01 06:29:25.026,7.5347,7.5367,1.40,1.00
2009.06.01 06:29:25.376,7.5347,7.537,2.20,1.00
2009.06.01 06:29:25.726,7.5347,7.5369,2.20,1.00
2009.06.01 06:29:30.155,7.53495,7.5369,1.40,1.00
2009.06.01 06:29:30.505,7.53495,7.5369,2.20,1.00
2009.06.01 06:29:30.735,7.53495,7.537,2.20,1.00
2009.06.01 06:29:33.424,7.53525,7.537,1.40,1.00
2009.06.01 06:29:33.584,7.53525,7.5371,2.20,1.00
2009.06.01 06:29:36.374,7.5341,7.5371,1.60,1.00
2009.06.01 06:29:37.403,7.5341,7.5388,1.60,1.00
2009.06.01 06:29:37.873,7.5343,7.5378,1.60,1.00
2009.06.01 06:29:42.532,7.5343,7.5388,1.60,1.00
2009.06.01 06:29:44.692,7.5343,7.5381,1.60,1.00
2009.06.01 06:29:44.862,7.5343,7.5386,1.60,1.00
2009.06.01 06:29:50.350,7.5343,7.5381,1.60,1.00
2009.06.01 06:29:50.980,7.5345,7.5381,1.60,1.00
2009.06.01 06:29:51.150,7.5348,7.5381,1.60,1.00
2009.06.01 06:30:11.046,7.5361,7.5397,1.60,1.00
2009.06.01 06:30:14.824,7.5361,7.5396,1.60,1.00
2009.06.01 06:30:15.184,7.5367,7.5396,1.40,1.00
2009.06.01 06:30:15.304,7.5354,7.5392,1.60,1.00
2009.06.01 06:30:17.064,7.5363,7.5392,1.60,1.00
2009.06.01 06:30:17.234,7.5372,7.5392,1.40,1.00
2009.06.01 06:30:19.663,7.5379,7.5397,1.40,1.00
2009.06.01 06:30:29.701,7.5361,7.5393,3.00,1.00
2009.06.01 06:30:29.761,7.5369,7.5393,1.40,1.00
2009.06.01 06:30:29.821,7.53435,7.5393,1.60,1.00
2009.06.01 06:30:29.881,7.5341,7.5378,1.60,1.60
2009.06.01 06:30:32.880,7.5319,7.5342,1.40,1.00
2009.06.01 06:30:33.040,7.5319,7.5345,1.40,1.60
2009.06.01 06:30:33.210,7.5319,7.5346,1.40,1.60
2009.06.01 06:30:33.480,7.5337,7.5348,1.60,1.00
2009.06.01 06:30:33.710,7.5337,7.5363,1.60,1.60
2009.06.01 06:30:33.880,7.5337,7.5363,3.00,1.60
2009.06.01 06:30:34.170,7.535,7.5414,1.40,1.00
2009.06.01 06:30:39.658,7.5354,7.5411,1.40,1.00
2009.06.01 06:30:39.828,7.5362,7.5397,1.40,1.60
2009.06.01 06:30:40.218,7.5362,7.5454,1.40,1.60
2009.06.01 06:30:40.828,7.5362,7.5506,1.40,1.00
2009.06.01 06:30:41.348,7.5364,7.5451,1.40,1.60
2009.06.01 06:30:41.518,7.5371,7.5466,3.00,1.60
2009.06.01 06:30:43.217,7.5371,7.5458,3.00,1.60
2009.06.01 06:30:45.427,7.5374,7.5451,1.40,1.00
2009.06.01 06:30:45.767,7.5374,7.543,1.40,1.60
2009.06.01 06:30:46.786,7.5374,7.5426,1.40,1.60
2009.06.01 06:30:47.536,7.5374,7.5427,1.40,1.60
2009.06.01 06:30:49.336,7.5364,7.5427,1.60,1.60
2009.06.01 06:30:49.446,7.5377,7.5429,1.40,1.60
2009.06.01 06:30:49.776,7.5372,7.5429,1.40,1.60
2009.06.01 06:30:49.886,7.5372,7.5426,1.40,1.60
2009.06.01 06:30:55.254,7.5374,7.5427,1.40,1.60
2009.06.01 06:30:56.294,7.5374,7.5426,1.40,1.60
2009.06.01 06:30:56.924,7.5416,7.544,1.40,1.60
2009.06.01 06:30:57.214,7.5384,7.5449,4.80,1.00
2009.06.01 06:30:57.624,7.5364,7.544,1.40,1.60
2009.06.01 06:30:57.904,7.5369,7.5443,1.40,1.60
2009.06.01 06:31:02.923,7.5384,7.545,1.40,1.60
2009.06.01 06:31:03.543,7.5384,7.5447,1.40,1.60
2009.06.01 06:31:05.012,7.5379,7.5447,1.40,1.60
2009.06.01 06:31:05.352,7.5379,7.5441,1.40,1.60
2009.06.01 06:31:06.352,7.5379,7.5431,1.40,1.60
2009.06.01 06:31:10.181,7.5379,7.5424,1.40,1.60
2009.06.01 06:31:10.581,7.5364,7.5424,1.60,1.60
2009.06.01 06:31:10.741,7.5372,7.5424,1.40,1.60
2009.06.01 06:31:10.801,7.5372,7.542,1.40,1.60
2009.06.01 06:31:16.230,7.5391,7.5414,1.40,2.00
2009.06.01 06:31:16.579,7.5391,7.5414,1.40,1.00
2009.06.01 06:31:16.919,7.5391,7.541,1.40,1.00
2009.06.01 06:31:18.769,7.539,7.541,1.00,1.00
2009.06.01 06:31:19.059,7.53725,7.5411,2.20,1.60
2009.06.01 06:31:19.269,7.53725,7.5411,1.00,1.60
2009.06.01 06:31:19.499,7.53725,7.5415,1.40,1.60
2009.06.01 06:31:20.199,7.53745,7.544,1.40,1.00
2009.06.01 06:31:20.939,7.5377,7.544,1.40,1.00
2009.06.01 06:31:21.208,7.5378,7.5419,1.00,1.60
2009.06.01 06:31:21.448,7.5378,7.5419,1.00,2.00
2009.06.01 06:31:21.698,7.5378,7.5419,2.20,2.00
2009.06.01 06:31:23.278,7.5378,7.5415,1.00,2.00
2009.06.01 06:31:23.508,7.53525,7.5397,2.20,1.60
2009.06.01 06:31:23.738,7.53525,7.5397,1.00,1.60
2009.06.01 06:31:24.188,7.5345,7.5394,1.40,1.60
2009.06.01 06:31:24.458,7.53455,7.5394,1.40,1.60
2009.06.01 06:31:25.018,7.53495,7.5393,1.40,2.00
2009.06.01 06:31:25.257,7.5354,7.5393,1.40,1.00
2009.06.01 06:31:25.537,7.5354,7.5393,2.20,1.00
2009.06.01 06:31:26.867,7.53585,7.5393,1.40,1.00
2009.06.01 06:31:27.218,7.5359,7.5394,1.40,1.00
2009.06.01 06:31:27.497,7.5359,7.5393,1.40,1.00
2009.06.01 06:31:27.727,7.53585,7.5393,1.00,1.00
2009.06.01 06:31:28.027,7.5356,7.5393,2.20,1.60
2009.06.01 06:31:28.706,7.53615,7.5393,2.20,1.60
2009.06.01 06:31:28.996,7.53615,7.5398,2.20,1.00
2009.06.01 06:31:30.036,7.5362,7.5398,1.40,1.00
2009.06.01 06:31:30.216,7.53615,7.5397,1.00,1.60
2009.06.01 06:31:30.336,7.53555,7.5397,2.20,1.60
2009.06.01 06:31:30.566,7.53555,7.5394,1.00,1.60
2009.06.01 06:31:30.736,7.53595,7.5396,1.40,1.60
2009.06.01 06:31:31.086,7.53545,7.5399,2.20,1.60
2009.06.01 06:31:31.606,7.53545,7.5425,2.20,1.00
2009.06.01 06:31:32.756,7.53545,7.5419,2.20,1.00
2009.06.01 06:31:32.935,7.5355,7.5419,1.40,1.00
2009.06.01 06:31:33.335,7.5355,7.5409,1.40,1.60
2009.06.01 06:31:36.375,7.5355,7.5406,1.40,1.60
2009.06.01 06:31:37.134,7.53545,7.5406,1.00,1.60
2009.06.01 06:31:37.474,7.535,7.5401,1.40,1.60
2009.06.01 06:31:38.564,7.53495,7.5401,1.00,1.60
2009.06.01 06:31:38.794,7.53395,7.5394,2.20,1.60
2009.06.01 06:31:44.193,7.53435,7.5391,2.20,1.60
2009.06.01 06:31:44.513,7.53435,7.5402,2.20,2.00
2009.06.01 06:31:44.853,7.53355,7.5398,1.40,1.60
2009.06.01 06:31:45.203,7.5339,7.5398,1.40,1.60
2009.06.01 06:31:45.603,7.53395,7.54,1.40,1.60
2009.06.01 06:31:46.003,7.53415,7.5425,1.40,1.00
2009.06.01 06:31:46.302,7.5346,7.5425,1.40,1.00
2009.06.01 06:31:46.652,7.5346,7.5425,2.20,1.00
2009.06.01 06:31:46.992,7.53485,7.5401,1.00,2.00
2009.06.01 06:31:47.292,7.5342,7.5425,2.20,1.00
2009.06.01 06:31:47.692,7.53415,7.5425,1.40,1.00
2009.06.01 06:31:47.972,7.5346,7.5407,2.20,2.00
2009.06.01 06:31:48.272,7.5346,7.5406,2.20,2.00
2009.06.01 06:31:48.562,7.53425,7.5406,1.40,2.00
2009.06.01 06:31:48.942,7.53425,7.5402,1.40,1.60
2009.06.01 06:31:50.671,7.53425,7.5395,2.20,1.60
2009.06.01 06:31:52.091,7.53425,7.5395,1.00,1.60
2009.06.01 06:31:53.531,7.53425,7.5415,1.00,1.00
2009.06.01 06:31:53.830,7.539,7.5415,1.60,1.00
2009.06.01 06:31:56.630,7.54,7.5412,1.60,1.00
2009.06.01 06:31:57.280,7.54,7.5411,1.60,1.00
2009.06.01 06:32:01.689,7.54,7.5409,1.60,1.00
2009.06.01 06:32:02.128,7.54,7.5411,1.60,1.00
2009.06.01 06:32:02.919,7.54,7.5407,1.60,1.00
2009.06.01 06:32:03.338,7.54,7.5406,1.60,1.00
2009.06.01 06:32:03.908,7.54,7.5411,1.60,1.00
2009.06.01 06:32:04.378,7.54,7.5406,1.60,1.00
2009.06.01 06:32:05.818,7.54,7.5411,1.60,1.00
2009.06.01 06:32:07.098,7.54,7.5403,1.60,1.00
2009.06.01 06:32:11.297,7.5351,7.5396,2.40,1.00
2009.06.01 06:32:11.526,7.54,7.54085,1.60,1.90
2009.06.01 06:32:11.747,7.54,7.54105,1.60,1.00
2009.06.01 06:32:14.965,7.5301,7.5421,1.00,4.80
2009.06.01 06:32:15.145,7.5324,7.5395,1.60,1.00
2009.06.01 06:32:15.325,7.5301,7.5395,1.00,1.00
2009.06.01 06:32:15.495,7.5321,7.5395,1.60,1.00
2009.06.01 06:32:15.775,7.5321,7.5398,1.60,1.00
2009.06.01 06:32:15.955,7.53,7.5398,1.00,1.00
2009.06.01 06:32:17.045,7.5341,7.5396,1.60,1.00
2009.06.01 06:32:17.225,7.53205,7.5396,1.00,1.00
2009.06.01 06:32:18.414,7.5321,7.5396,1.40,1.00
2009.06.01 06:32:18.574,7.53085,7.5373,1.00,1.00
2009.06.01 06:32:18.734,7.5325,7.5373,1.60,1.00
2009.06.01 06:32:21.384,7.53065,7.5369,1.00,1.00
2009.06.01 06:32:21.544,7.53075,7.5369,1.40,1.00
2009.06.01 06:32:21.904,7.53115,7.5374,1.00,1.00
2009.06.01 06:32:22.253,7.5307,7.5374,1.00,1.00
2009.06.01 06:32:24.363,7.5316,7.5374,1.00,1.00
2009.06.01 06:32:25.363,7.5316,7.5379,1.00,1.00
2009.06.01 06:32:25.543,7.53165,7.538,1.40,1.00
2009.06.01 06:32:26.043,7.5321,7.5379,1.00,1.00
2009.06.01 06:32:26.283,7.53165,7.5379,1.00,1.00
2009.06.01 06:32:27.642,7.5321,7.538,1.00,1.00
2009.06.01 06:32:32.591,7.5318,7.538,1.60,1.00
2009.06.01 06:32:32.821,7.53245,7.538,1.40,1.00
2009.06.01 06:32:32.941,7.5329,7.5381,1.40,1.00
2009.06.01 06:32:38.420,7.53285,7.5381,1.00,1.00
2009.06.01 06:32:38.770,7.53305,7.5381,1.00,1.00
2009.06.01 06:32:38.939,7.53305,7.5376,1.00,1.00
2009.06.01 06:32:39.159,7.53245,7.5376,1.00,1.00
2009.06.01 06:32:40.399,7.5326,7.5381,1.40,1.00
2009.06.01 06:32:40.629,7.53275,7.5381,1.00,1.00
2009.06.01 06:32:42.039,7.5324,7.5376,2.20,1.00
2009.06.01 06:32:49.177,7.5326,7.5381,1.40,1.00
2009.06.01 06:32:49.237,7.53275,7.5381,1.00,1.00
2009.06.01 06:32:49.637,7.53275,7.5376,1.00,1.00
2009.06.01 06:32:49.747,7.5324,7.5376,2.20,1.00
2009.06.01 06:32:50.097,7.5326,7.5381,1.40,1.00
2009.06.01 06:32:50.337,7.53275,7.5381,1.00,1.00
2009.06.01 06:32:52.586,7.5329,7.5381,1.40,1.00
2009.06.01 06:32:56.455,7.5329,7.5381,3.00,1.00
2009.06.01 06:32:56.896,7.5331,7.5386,1.40,1.00
2009.06.01 06:33:03.774,7.5324,7.5385,3.00,1.00
2009.06.01 06:33:04.044,7.53235,7.538,2.20,1.00
2009.06.01 06:33:04.213,7.5324,7.5385,1.40,1.00
2009.06.01 06:33:04.953,7.53285,7.5385,1.00,1.00
2009.06.01 06:33:05.223,7.53245,7.538,1.00,1.00
2009.06.01 06:33:05.523,7.53245,7.5385,1.00,1.00
2009.06.01 06:33:06.343,7.53245,7.5385,1.00,1.80
2009.06.01 06:33:06.723,7.53245,7.5385,1.00,1.00
2009.06.01 06:33:15.991,7.53245,7.538,1.00,1.00
2009.06.01 06:33:17.190,7.53275,7.5381,1.40,1.00
2009.06.01 06:33:18.980,7.5324,7.5381,1.40,1.00
2009.06.01 06:33:19.360,7.53215,7.5376,2.20,1.00
2009.06.01 06:33:34.126,7.5319,7.5378,1.40,1.00
2009.06.01 06:33:40.635,7.5319,7.5381,1.40,1.00
2009.06.01 06:33:41.764,7.5319,7.5376,1.40,1.00
2009.06.01 06:33:42.104,7.5319,7.5381,1.40,1.00
2009.06.01 06:33:56.871,7.5319,7.5376,1.40,1.00
2009.06.01 06:33:57.201,7.5319,7.5381,1.40,1.00
2009.06.01 06:34:02.030,7.53165,7.5379,2.20,1.00
2009.06.01 06:34:02.369,7.5314,7.5373,1.40,1.00
2009.06.01 06:34:05.279,7.53125,7.537,2.20,1.00
2009.06.01 06:34:05.689,7.53125,7.5365,1.00,1.00
2009.06.01 06:34:05.918,7.5309,7.537,1.40,1.00
2009.06.01 06:34:12.417,7.5314,7.5371,1.40,1.00
2009.06.01 06:34:16.776,7.53125,7.5365,1.00,1.00
2009.06.01 06:34:17.006,7.53065,7.5365,1.00,1.00
2009.06.01 06:34:17.356,7.5309,7.537,1.40,1.00
2009.06.01 06:34:19.425,7.53075,7.537,1.60,1.00
2009.06.01 06:34:19.595,7.5319,7.537,1.60,1.00
2009.06.01 06:34:19.705,7.5319,7.5371,3.00,1.00
2009.06.01 06:34:19.885,7.5327,7.5369,1.40,1.00
2009.06.01 06:34:21.535,7.5319,7.5371,3.00,1.00
2009.06.01 06:34:21.705,7.5319,7.5371,4.60,1.00
2009.06.01 06:34:21.875,7.5321,7.5371,1.60,1.00
2009.06.01 06:34:22.055,7.5332,7.5376,1.40,1.00
2009.06.01 06:34:22.215,7.5319,7.5371,4.60,1.00
2009.06.01 06:34:38.441,7.5319,7.5371,3.00,1.00
2009.06.01 06:34:38.561,7.5319,7.5371,4.60,1.00
2009.06.01 06:34:38.951,7.5327,7.5369,1.40,1.00
2009.06.01 06:34:41.280,7.5316,7.5366,1.60,1.00
2009.06.01 06:34:41.560,7.5327,7.5369,1.40,1.00
2009.06.01 06:34:41.840,7.5322,7.5364,1.40,1.00
2009.06.01 06:34:45.319,7.5319,7.5361,1.40,1.00
2009.06.01 06:34:45.989,7.5319,7.5356,1.40,1.00
2009.06.01 06:34:46.169,7.5319,7.5361,1.40,1.00
2009.06.01 06:34:53.297,7.5319,7.5356,1.40,1.00
2009.06.01 06:34:53.407,7.5319,7.5359,1.40,1.00
2009.06.01 06:34:54.027,7.5313,7.5359,1.60,1.00
2009.06.01 06:34:54.267,7.5322,7.5365,1.40,1.00
2009.06.01 06:34:54.547,7.5314,7.5366,1.60,1.00
2009.06.01 06:34:54.777,7.5327,7.5364,1.40,1.00
2009.06.01 06:34:55.107,7.5327,7.5371,1.40,1.00
2009.06.01 06:34:58.376,7.5334,7.5376,1.40,1.00
2009.06.01 06:35:00.995,7.5339,7.5376,1.40,1.00
2009.06.01 06:35:01.335,7.5334,7.5376,1.40,1.00
2009.06.01 06:35:01.625,7.5339,7.5376,1.40,1.00
2009.06.01 06:35:01.975,7.5334,7.5376,1.40,1.00
2009.06.01 06:35:06.364,7.5339,7.5381,1.40,1.00
2009.06.01 06:35:06.724,7.5339,7.5381,1.40,1.40
2009.06.01 06:35:07.084,7.5339,7.5381,1.40,1.00
2009.06.01 06:35:07.644,7.5334,7.5376,1.40,1.00
2009.06.01 06:35:09.073,7.5319,7.5371,4.60,1.00
2009.06.01 06:35:09.913,7.5332,7.5376,1.40,1.00
2009.06.01 06:35:10.143,7.5332,7.5375,1.40,1.00
2009.06.01 06:35:10.263,7.5332,7.5376,1.40,1.00
2009.06.01 06:35:13.482,7.5339,7.5381,1.40,1.00
2009.06.01 06:35:13.693,7.5347,7.5373,1.60,1.00
2009.06.01 06:35:13.913,7.534,7.5378,1.60,1.00
2009.06.01 06:35:14.132,7.5332,7.5378,1.40,1.00
2009.06.01 06:35:14.352,7.5343,7.5378,1.60,1.00
2009.06.01 06:35:15.132,7.5343,7.5371,1.60,1.00
2009.06.01 06:35:15.362,7.534,7.5371,1.60,1.00
2009.06.01 06:35:16.332,7.5317,7.5371,3.00,1.00
2009.06.01 06:35:16.452,7.5336,7.537,1.60,1.00
2009.06.01 06:35:17.021,7.5332,7.537,1.60,1.00
2009.06.01 06:35:18.741,7.5333,7.537,1.60,1.00
2009.06.01 06:35:19.021,7.5331,7.5365,1.60,1.00
2009.06.01 06:35:20.611,7.5329,7.5365,1.60,1.00
2009.06.01 06:35:21.001,7.533,7.5365,1.60,1.00
2009.06.01 06:35:21.281,7.533,7.5359,1.60,1.00
2009.06.01 06:35:21.400,7.5305,7.5359,1.40,1.00
2009.06.01 06:35:21.581,7.5322,7.5365,1.60,1.00
2009.06.01 06:35:21.930,7.5327,7.5365,1.60,1.00
2009.06.01 06:35:22.310,7.5327,7.5365,1.60,1.40
2009.06.01 06:35:23.140,7.5332,7.5365,1.60,1.40
2009.06.01 06:35:23.660,7.5332,7.5365,1.60,1.00
2009.06.01 06:35:25.460,7.5337,7.5365,1.60,1.00
2009.06.01 06:35:25.859,7.5336,7.5365,1.60,1.00
2009.06.01 06:35:39.006,7.5342,7.5371,1.60,1.00
2009.06.01 06:35:39.296,7.5344,7.5383,1.60,1.00
2009.06.01 06:35:39.916,7.5346,7.5383,1.60,1.00
2009.06.01 06:35:40.306,7.5346,7.5378,1.60,1.00
2009.06.01 06:35:40.646,7.5325,7.5376,1.40,1.00
2009.06.01 06:35:48.474,7.5341,7.5381,1.60,1.00
2009.06.01 06:35:48.594,7.5344,7.5381,1.60,1.00
2009.06.01 06:35:48.884,7.5346,7.5381,1.60,1.00
2009.06.01 06:35:49.364,7.5325,7.5381,1.40,1.00
2009.06.01 06:35:49.704,7.5325,7.5376,1.40,1.00
2009.06.01 06:35:49.874,7.5338,7.5376,1.60,1.00
2009.06.01 06:35:50.333,7.5337,7.5376,1.60,1.00
2009.06.01 06:35:54.322,7.5339,7.5376,1.60,1.00
2009.06.01 06:35:55.202,7.5342,7.5376,1.60,1.00
2009.06.01 06:35:55.423,7.5341,7.5376,1.60,1.00
2009.06.01 06:35:57.232,7.5345,7.5381,1.60,1.00
2009.06.01 06:35:57.582,7.5344,7.5381,1.60,1.00
2009.06.01 06:36:00.761,7.5329,7.5381,1.60,1.00
2009.06.01 06:36:01.751,7.5326,7.5376,1.60,1.00
2009.06.01 06:36:02.101,7.5328,7.5381,1.60,1.00
2009.06.01 06:36:02.490,7.5324,7.5381,1.40,1.00
2009.06.01 06:36:02.821,7.5329,7.5381,1.60,1.00
2009.06.01 06:36:06.340,7.5332,7.5381,1.60,1.00
2009.06.01 06:36:06.859,7.5333,7.5381,1.60,1.00
2009.06.01 06:36:07.039,7.5343,7.5381,1.60,1.00
2009.06.01 06:36:07.929,7.5344,7.5381,1.60,1.00
2009.06.01 06:36:09.319,7.5346,7.5376,1.60,1.00
2009.06.01 06:36:09.599,7.5342,7.5376,1.60,1.00
2009.06.01 06:36:09.999,7.5327,7.5376,1.40,1.00
2009.06.01 06:36:10.579,7.5341,7.5376,1.60,1.00
2009.06.01 06:36:11.859,7.5343,7.5381,1.60,1.00
2009.06.01 06:36:12.118,7.5345,7.5376,1.60,1.00
2009.06.01 06:36:12.508,7.5347,7.5381,1.60,1.00
2009.06.01 06:36:13.198,7.5343,7.5376,1.60,1.00
2009.06.01 06:36:17.687,7.5342,7.5376,1.60,1.00
2009.06.01 06:36:52.933,7.5329,7.5364,1.40,1.60
2009.06.01 06:37:00.621,7.5329,7.5366,1.40,1.60
2009.06.01 06:37:06.620,7.5329,7.5363,1.40,1.60
2009.06.01 06:37:06.859,7.5329,7.5365,1.40,1.60
2009.06.01 06:37:16.187,7.5334,7.5368,1.40,1.60
2009.06.01 06:37:16.358,7.5329,7.5361,1.40,1.60
2009.06.01 06:37:16.477,7.5308,7.5333,9.60,1.00
2009.06.01 06:37:16.837,7.53,7.5333,1.40,1.00
2009.06.01 06:37:17.567,7.5317,7.5346,1.40,1.60
2009.06.01 06:37:17.897,7.5317,7.538,1.60,1.00
2009.06.01 06:37:18.317,7.5312,7.538,1.40,1.00
2009.06.01 06:37:18.597,7.5327,7.538,1.40,1.00
2009.06.01 06:37:21.596,7.5319,7.5376,1.60,1.00
2009.06.01 06:37:21.816,7.5332,7.5379,1.40,1.00
2009.06.01 06:37:22.466,7.5337,7.5386,1.40,1.00
2009.06.01 06:37:24.125,7.5334,7.5381,1.40,1.00
2009.06.01 06:37:28.075,7.5339,7.5386,1.40,1.00
2009.06.01 06:37:28.304,7.5324,7.5381,1.60,1.00
2009.06.01 06:37:28.524,7.5337,7.5386,1.40,1.00
2009.06.01 06:37:28.755,7.5332,7.5381,1.40,1.00
2009.06.01 06:37:29.154,7.5329,7.5381,1.60,1.00
2009.06.01 06:37:29.274,7.5342,7.5381,1.40,1.00
2009.06.01 06:37:30.434,7.5339,7.5381,1.40,1.00
2009.06.01 06:37:31.004,7.5344,7.5381,1.40,1.00
2009.06.01 06:37:33.293,7.5339,7.5381,1.40,1.00
2009.06.01 06:37:33.463,7.5329,7.5381,1.60,1.00
2009.06.01 06:37:33.683,7.5342,7.5381,1.40,1.00
2009.06.01 06:37:33.853,7.5337,7.538,1.40,1.00
2009.06.01 06:37:34.023,7.5337,7.5376,1.40,1.00
2009.06.01 06:37:35.403,7.5334,7.5376,1.40,1.00
2009.06.01 06:37:38.272,7.5339,7.5381,1.40,1.00
2009.06.01 06:37:38.662,7.5339,7.5376,1.40,1.00
2009.06.01 06:37:38.842,7.5339,7.5381,1.40,1.00
2009.06.01 06:37:43.251,7.5339,7.5376,1.40,1.00
2009.06.01 06:37:43.531,7.5334,7.5376,1.40,1.00
2009.06.01 06:37:43.711,7.5339,7.5376,1.40,1.00
2009.06.01 06:37:43.931,7.5339,7.5381,1.40,1.00
2009.06.01 06:37:44.171,7.5339,7.5376,1.40,1.00
2009.06.01 06:37:44.391,7.5339,7.5381,1.40,1.00
2009.06.01 06:37:46.210,7.5344,7.5386,1.40,1.00
2009.06.01 06:37:47.200,7.5339,7.5381,1.40,1.00
2009.06.01 06:37:57.757,7.5329,7.5376,1.60,1.00
2009.06.01 06:37:57.927,7.5329,7.5381,3.00,1.00
2009.06.01 06:37:58.318,7.5329,7.5376,1.60,1.00
2009.06.01 06:37:58.437,7.5337,7.5376,1.40,1.00
2009.06.01 06:37:58.767,7.5329,7.5381,3.00,1.00
2009.06.01 06:38:03.376,7.5339,7.5381,1.40,1.00
2009.06.01 06:38:06.865,7.5339,7.5376,1.40,1.00
2009.06.01 06:38:07.225,7.5341,7.5381,1.40,1.00
2009.06.01 06:38:08.745,7.5339,7.5376,1.40,1.00
2009.06.01 06:38:09.085,7.5344,7.538,1.40,1.00
2009.06.01 06:38:09.315,7.5344,7.5381,1.40,1.00
2009.06.01 06:38:09.435,7.5349,7.5384,1.40,1.00
2009.06.01 06:38:09.894,7.5339,7.5381,1.40,1.00
2009.06.01 06:38:11.024,7.5339,7.5381,1.40,1.00
2009.06.01 06:38:13.064,7.5339,7.5376,1.40,1.00
2009.06.01 06:38:21.571,7.5322,7.5364,1.40,1.00
2009.06.01 06:38:21.792,7.5314,7.5364,1.60,1.00
2009.06.01 06:38:21.972,7.5314,7.5369,3.00,1.00
2009.06.01 06:38:22.272,7.5314,7.5364,3.00,1.00
2009.06.01 06:38:22.561,7.5314,7.5369,3.00,1.00
2009.06.01 06:38:22.901,7.5327,7.5365,1.40,1.00
2009.06.01 06:38:23.241,7.5327,7.537,1.40,1.00
2009.06.01 06:38:25.741,7.5328,7.537,1.60,1.00
2009.06.01 06:38:25.861,7.5329,7.5371,1.40,1.00
2009.06.01 06:38:26.251,7.5329,7.5375,1.40,1.00
2009.06.01 06:38:26.361,7.5332,7.5375,1.60,1.00
2009.06.01 06:38:28.120,7.5332,7.5371,1.60,1.00
2009.06.01 06:38:28.350,7.5329,7.5371,1.40,1.00
2009.06.01 06:38:29.890,7.5329,7.5373,1.40,1.00
2009.06.01 06:38:30.180,7.5331,7.5375,1.60,1.00
2009.06.01 06:38:30.299,7.533,7.5375,1.60,1.00
2009.06.01 06:38:32.439,7.5329,7.5371,1.40,1.00
2009.06.01 06:38:53.144,7.5331,7.5375,1.60,1.00
2009.06.01 06:38:53.324,7.533,7.5375,1.60,1.00
2009.06.01 06:38:55.573,7.533,7.5371,1.60,1.00
2009.06.01 06:38:56.073,7.5329,7.5371,1.40,1.00
2009.06.01 06:39:01.152,7.5327,7.5365,1.60,1.00
2009.06.01 06:39:01.452,7.5324,7.5365,1.40,1.00
2009.06.01 06:39:01.852,7.5312,7.5365,3.00,1.00
2009.06.01 06:39:02.082,7.5321,7.537,1.60,1.00
2009.06.01 06:39:02.312,7.5319,7.537,1.60,1.00
2009.06.01 06:39:03.541,7.5324,7.537,1.40,1.00
2009.06.01 06:39:03.771,7.5325,7.537,1.60,1.00
2009.06.01 06:39:05.551,7.5325,7.5365,1.60,1.00
2009.06.01 06:39:05.781,7.5324,7.5365,1.40,1.00
2009.06.01 06:39:12.000,7.532,7.5365,1.60,1.00
2009.06.01 06:39:12.229,7.5324,7.5365,1.40,1.00
2009.06.01 06:39:13.349,7.5324,7.537,1.60,1.00
2009.06.01 06:39:14.889,7.5324,7.5363,1.60,1.00
2009.06.01 06:39:15.119,7.5319,7.5367,1.40,1.00
2009.06.01 06:39:15.299,7.5324,7.5367,1.40,1.00
2009.06.01 06:39:15.709,7.5323,7.5371,1.60,1.00
2009.06.01 06:39:15.949,7.5319,7.537,1.40,1.00
2009.06.01 06:39:16.408,7.5321,7.537,1.60,1.00
2009.06.01 06:39:17.818,7.5321,7.5365,1.60,1.00
2009.06.01 06:39:18.048,7.532,7.5365,1.60,1.00
2009.06.01 06:39:18.438,7.5321,7.5365,1.60,1.00
2009.06.01 06:39:19.028,7.5321,7.536,1.60,1.00
2009.06.01 06:39:19.328,7.5319,7.536,1.40,1.00
2009.06.01 06:39:20.127,7.5304,7.536,1.60,1.00
2009.06.01 06:39:20.308,7.5302,7.536,3.00,1.00
2009.06.01 06:39:20.468,7.5302,7.5359,3.00,1.00
2009.06.01 06:39:22.507,7.5315,7.5364,1.60,1.00
2009.06.01 06:39:22.727,7.5317,7.5364,1.40,1.00
2009.06.01 06:39:22.907,7.5317,7.5364,3.00,1.00
2009.06.01 06:39:23.137,7.5317,7.5364,1.60,1.00
2009.06.01 06:39:24.087,7.5319,7.5364,3.00,1.00
2009.06.01 06:39:24.377,7.532,7.5365,1.60,1.20
2009.06.01 06:39:24.897,7.5319,7.5365,1.40,1.20
2009.06.01 06:39:25.067,7.532,7.5365,1.60,1.20
2009.06.01 06:39:25.366,7.5319,7.5365,1.40,1.00
2009.06.01 06:39:25.906,7.5324,7.5365,1.40,1.00
2009.06.01 06:39:32.094,7.5319,7.536,1.40,1.00
2009.06.01 06:39:33.364,7.5324,7.536,1.40,1.00
2009.06.01 06:39:33.664,7.5324,7.5365,1.40,1.00
2009.06.01 06:39:36.114,7.5322,7.5365,1.60,1.00
2009.06.01 06:39:36.354,7.5319,7.536,1.40,1.00
2009.06.01 06:39:36.754,7.5319,7.5365,1.40,1.00
2009.06.01 06:39:36.813,7.5321,7.5365,1.60,1.00
2009.06.01 06:39:37.683,7.5324,7.5365,1.40,1.00
2009.06.01 06:39:39.653,7.5324,7.537,1.40,1.00
2009.06.01 06:39:39.773,7.5329,7.5371,1.40,1.00
2009.06.01 06:39:40.243,7.5328,7.537,1.60,1.20
2009.06.01 06:39:40.533,7.5328,7.5369,1.60,1.00
2009.06.01 06:39:40.762,7.5334,7.5367,1.40,1.00
2009.06.01 06:39:40.992,7.5334,7.5366,1.40,1.00
2009.06.01 06:39:41.402,7.5334,7.5364,3.00,1.00
2009.06.01 06:39:41.903,7.5324,7.5384,1.40,1.00
2009.06.01 06:39:42.302,7.5327,7.5379,1.40,1.00
2009.06.01 06:39:42.742,7.5326,7.5379,1.60,1.00
2009.06.01 06:39:43.082,7.533,7.5375,1.60,1.00
2009.06.01 06:39:47.131,7.5332,7.5376,1.40,1.00
2009.06.01 06:39:47.601,7.5334,7.5379,1.60,1.00
2009.06.01 06:39:47.841,7.5333,7.5379,1.60,1.00
2009.06.01 06:39:49.280,7.5335,7.5376,1.60,1.00
2009.06.01 06:39:49.611,7.5334,7.5376,1.40,1.00
2009.06.01 06:39:51.120,7.5334,7.538,1.40,1.00
2009.06.01 06:39:51.410,7.5335,7.538,1.60,1.00
2009.06.01 06:39:51.700,7.5333,7.5376,1.60,1.00
2009.06.01 06:39:51.930,7.5332,7.5375,1.60,1.00
2009.06.01 06:39:52.160,7.5334,7.5376,1.40,1.00
2009.06.01 06:39:52.390,7.5333,7.5375,1.60,1.00
2009.06.01 06:39:52.730,7.5319,7.5376,1.60,1.00
2009.06.01 06:39:53.020,7.5329,7.5375,1.60,1.00
2009.06.01 06:39:53.309,7.533,7.5375,1.60,1.00
2009.06.01 06:39:53.929,7.5319,7.538,3.00,1.00
2009.06.01 06:39:54.499,7.5332,7.5381,1.40,1.00
2009.06.01 06:39:54.779,7.5333,7.538,1.60,1.00
2009.06.01 06:39:55.229,7.5333,7.5376,1.60,1.00
2009.06.01 06:39:55.409,7.5332,7.5376,1.40,1.00
2009.06.01 06:39:58.288,7.5334,7.5376,3.00,1.00
2009.06.01 06:39:58.789,7.5334,7.5376,1.40,1.00
2009.06.01 06:39:59.138,7.5333,7.5371,1.60,1.00
2009.06.01 06:39:59.298,7.5329,7.5371,1.40,1.00
2009.06.01 06:40:01.318,7.5329,7.5375,1.40,1.00
2009.06.01 06:40:01.488,7.5331,7.5375,1.60,1.00
2009.06.01 06:40:01.768,7.5333,7.5371,1.60,1.00
2009.06.01 06:40:01.947,7.5334,7.5381,1.40,1.00
2009.06.01 06:40:02.167,7.5334,7.5382,1.40,1.00
2009.06.01 06:40:02.337,7.5335,7.5382,1.60,1.00
2009.06.01 06:40:04.267,7.5334,7.538,1.40,1.00
2009.06.01 06:40:04.327,7.5331,7.5373,1.60,1.00
2009.06.01 06:40:04.497,7.5329,7.5373,1.40,1.00
2009.06.01 06:40:10.326,7.5319,7.5361,1.40,1.00
2009.06.01 06:40:10.725,7.5319,7.536,1.40,1.00
2009.06.01 06:40:12.365,7.5321,7.5365,1.60,1.00
2009.06.01 06:40:14.274,7.532,7.5365,1.60,1.00
2009.06.01 06:40:15.084,7.5324,7.5365,1.40,1.00
2009.06.01 06:40:15.194,7.532,7.5365,1.60,1.00
2009.06.01 06:40:15.394,7.5322,7.5365,1.60,1.00
2009.06.01 06:40:15.504,7.532,7.5365,1.60,1.00
2009.06.01 06:40:15.674,7.5324,7.5365,1.40,1.00
2009.06.01 06:40:16.424,7.5324,7.5366,1.40,1.00
2009.06.01 06:40:16.714,7.5324,7.537,1.40,1.00
2009.06.01 06:40:16.934,7.5324,7.537,1.60,1.00
2009.06.01 06:40:17.174,7.5323,7.537,1.60,1.00
2009.06.01 06:40:17.464,7.5321,7.5365,1.60,1.00
2009.06.01 06:40:18.853,7.5324,7.5365,1.40,1.00
2009.06.01 06:40:19.313,7.5323,7.5365,1.60,1.00
2009.06.01 06:40:19.543,7.532,7.5365,1.60,1.00
2009.06.01 06:40:19.933,7.5321,7.5365,1.60,1.00
2009.06.01 06:40:24.012,7.5316,7.5365,1.60,1.00
2009.06.01 06:40:24.172,7.5316,7.5366,3.00,1.00
2009.06.01 06:40:24.572,7.5316,7.5366,3.00,1.20
2009.06.01 06:40:24.852,7.5316,7.5365,3.00,1.00
2009.06.01 06:40:25.022,7.5327,7.5365,1.40,1.00
2009.06.01 06:40:25.532,7.5314,7.5365,3.00,1.00
2009.06.01 06:40:27.211,7.5327,7.5365,1.40,1.00
2009.06.01 06:40:27.651,7.5314,7.5365,3.00,1.00
2009.06.01 06:40:29.111,7.5327,7.5365,1.40,1.00
2009.06.01 06:40:30.281,7.5316,7.5365,1.60,1.00
2009.06.01 06:40:30.511,7.5314,7.5365,3.00,1.00
2009.06.01 06:40:31.030,7.5324,7.5366,1.40,1.20
2009.06.01 06:40:31.271,7.5322,7.5364,1.40,1.00
2009.06.01 06:40:34.840,7.5322,7.5358,1.60,1.00
2009.06.01 06:40:35.079,7.5319,7.5358,1.40,1.00
2009.06.01 06:40:35.249,7.5319,7.5363,1.40,1.00
2009.06.01 06:40:35.360,7.5319,7.5363,3.00,1.00
2009.06.01 06:40:37.869,7.5306,7.5353,1.60,1.00
2009.06.01 06:40:38.149,7.5312,7.5353,1.40,1.00
2009.06.01 06:40:38.429,7.5312,7.5358,1.40,1.00
2009.06.01 06:40:38.769,7.5312,7.5358,3.00,1.00
2009.06.01 06:40:39.848,7.5315,7.5356,1.60,1.00
2009.06.01 06:40:40.368,7.5316,7.5356,1.60,1.00
2009.06.01 06:40:40.548,7.5316,7.5351,1.60,1.00
2009.06.01 06:40:40.948,7.5314,7.5351,1.40,1.00
2009.06.01 06:40:45.367,7.5309,7.5346,1.40,1.00
2009.06.01 06:40:45.537,7.5309,7.5351,1.40,1.00
2009.06.01 06:40:46.007,7.5309,7.5346,1.40,1.00
2009.06.01 06:40:46.917,7.5309,7.5346,3.00,1.00
2009.06.01 06:40:47.207,7.5309,7.5351,3.00,1.00
2009.06.01 06:40:47.437,7.5309,7.5346,3.00,1.00
2009.06.01 06:40:47.786,7.5309,7.5346,1.40,1.00
2009.06.01 06:40:49.626,7.5308,7.5346,1.60,1.00
2009.06.01 06:40:49.836,7.5306,7.5341,1.60,1.00
2009.06.01 06:40:50.006,7.5304,7.5341,3.00,1.00
2009.06.01 06:40:50.406,7.5304,7.5341,1.40,1.00
2009.06.01 06:40:52.225,7.5299,7.5341,3.00,1.00
2009.06.01 06:40:52.495,7.5304,7.5341,1.40,1.00
2009.06.01 06:40:54.385,7.5304,7.5344,1.40,1.00
2009.06.01 06:40:54.835,7.5304,7.5341,1.40,1.00
2009.06.01 06:40:55.335,7.5301,7.5341,1.60,1.00
2009.06.01 06:40:55.625,7.5299,7.5336,3.00,1.00
2009.06.01 06:40:56.084,7.5294,7.5331,1.40,1.00
2009.06.01 06:40:56.414,7.5282,7.5331,3.00,1.00
2009.06.01 06:40:56.764,7.5292,7.5336,1.40,1.00
2009.06.01 06:40:57.124,7.5292,7.5341,1.40,1.00
2009.06.01 06:40:57.474,7.5292,7.5354,1.40,1.00
2009.06.01 06:40:58.114,7.5284,7.5354,1.60,1.00
2009.06.01 06:40:58.394,7.5305,7.5359,1.60,1.20
2009.06.01 06:40:58.974,7.5306,7.5355,1.60,1.00
2009.06.01 06:40:59.424,7.5303,7.5352,1.60,1.20
2009.06.01 06:41:00.343,7.5307,7.5352,1.60,1.00
2009.06.01 06:41:00.573,7.5309,7.5352,1.60,1.00
2009.06.01 06:41:00.963,7.531,7.5351,1.60,1.00
2009.06.01 06:41:01.313,7.531,7.5348,1.60,1.00
2009.06.01 06:41:01.653,7.5309,7.5346,1.60,1.00
2009.06.01 06:41:01.943,7.5309,7.5345,1.60,1.00
2009.06.01 06:41:02.703,7.5311,7.5345,1.60,1.00
2009.06.01 06:41:05.432,7.531,7.5346,1.60,1.00
2009.06.01 06:41:05.492,7.5307,7.5346,1.60,1.00
2009.06.01 06:41:05.722,7.5306,7.5346,1.60,1.00
2009.06.01 06:41:06.422,7.5292,7.5352,1.40,1.00
2009.06.01 06:41:07.392,7.5292,7.5342,1.40,1.60
2009.06.01 06:41:07.952,7.5294,7.534,1.40,1.60
2009.06.01 06:41:08.232,7.5294,7.5339,1.40,1.60
2009.06.01 06:41:08.591,7.5294,7.534,1.40,1.60
2009.06.01 06:41:08.941,7.5294,7.5337,1.40,1.60
2009.06.01 06:41:09.291,7.5294,7.534,1.40,1.60
2009.06.01 06:41:09.931,7.5299,7.534,1.40,1.60
2009.06.01 06:41:10.111,7.5289,7.5345,1.60,1.60
2009.06.01 06:41:10.401,7.5302,7.5347,1.40,1.60
2009.06.01 06:41:10.691,7.5297,7.5347,1.40,1.60
2009.06.01 06:41:11.031,7.5302,7.5346,1.40,1.60
2009.06.01 06:41:11.251,7.5302,7.5347,1.40,1.60
2009.06.01 06:41:13.240,7.5304,7.5364,1.40,1.00
2009.06.01 06:41:17.269,7.5304,7.5352,1.40,1.60
2009.06.01 06:41:30.306,7.5299,7.535,1.40,1.60
2009.06.01 06:41:30.536,7.5299,7.5345,1.40,1.60
2009.06.01 06:41:33.515,7.5299,7.5359,1.40,1.60
2009.06.01 06:41:35.275,7.5299,7.53575,1.40,1.00
2009.06.01 06:41:36.005,7.5293,7.53575,1.60,1.00
2009.06.01 06:41:46.562,7.5301,7.53615,1.60,1.00
2009.06.01 06:41:46.672,7.5312,7.53615,1.40,1.00
2009.06.01 06:41:46.902,7.5312,7.5363,1.40,1.60
2009.06.01 06:41:48.422,7.5314,7.5366,1.40,1.60
2009.06.01 06:41:52.341,7.5314,7.5361,1.40,1.60
2009.06.01 06:41:52.791,7.5309,7.5364,1.40,1.00
2009.06.01 06:41:53.191,7.5314,7.5366,1.40,1.00
2009.06.01 06:41:53.541,7.5314,7.5363,1.40,1.60
2009.06.01 06:41:55.380,7.5314,7.535,1.40,1.00
2009.06.01 06:42:03.818,7.5314,7.537,1.40,2.40
2009.06.01 06:42:22.644,7.5319,7.5372,1.40,1.00
2009.06.01 06:42:24.953,7.5324,7.5376,1.40,1.00
2009.06.01 06:42:30.212,7.5319,7.5373,1.40,1.00
2009.06.01 06:42:32.141,7.5306,7.5366,1.60,1.00
2009.06.01 06:42:32.241,7.5312,7.5366,1.40,1.00
2009.06.01 06:42:32.471,7.5312,7.5371,1.40,1.00
2009.06.01 06:42:32.722,7.5312,7.5366,1.40,1.00
2009.06.01 06:42:34.621,7.5314,7.5371,1.40,1.00
2009.06.01 06:42:35.191,7.5309,7.5364,1.40,1.00
2009.06.01 06:42:35.411,7.5314,7.5373,1.40,1.00
2009.06.01 06:42:37.610,7.5314,7.5366,1.40,1.00
2009.06.01 06:42:41.170,7.5314,7.5368,1.40,1.00
2009.06.01 06:42:43.788,7.5319,7.5368,1.40,1.00
2009.06.01 06:42:43.968,7.5319,7.5371,1.40,1.00
2009.06.01 06:42:44.129,7.5314,7.5368,1.40,1.00
2009.06.01 06:42:44.418,7.5319,7.5371,1.40,1.00
2009.06.01 06:42:45.808,7.5314,7.5368,1.40,1.00
2009.06.01 06:42:48.957,7.5314,7.5371,1.40,1.00
2009.06.01 06:42:49.257,7.5314,7.5368,1.40,1.00
2009.06.01 06:42:49.857,7.5319,7.5371,1.40,1.00
2009.06.01 06:42:50.357,7.5319,7.5373,1.40,1.00
2009.06.01 06:42:55.736,7.5324,7.53775,1.40,1.00
2009.06.01 06:43:01.724,7.5319,7.5373,1.40,1.00
2009.06.01 06:43:02.704,7.5324,7.5376,1.40,1.00
2009.06.01 06:43:03.814,7.5319,7.5373,1.40,1.00
2009.06.01 06:43:06.153,7.5324,7.5373,1.40,1.00
2009.06.01 06:43:06.323,7.5319,7.5373,1.40,1.00
2009.06.01 06:43:06.483,7.5324,7.5376,1.40,1.00
2009.06.01 06:43:11.162,7.5324,7.5378,1.40,1.00
2009.06.01 06:43:11.732,7.5324,7.5376,1.40,1.00
2009.06.01 06:43:12.262,7.5307,7.5373,3.00,1.00
2009.06.01 06:43:15.791,7.5322,7.5376,1.40,1.00
2009.06.01 06:43:17.640,7.5319,7.5373,1.40,1.00
2009.06.01 06:43:18.090,7.5324,7.5376,1.40,1.00
2009.06.01 06:43:18.840,7.5324,7.5378,1.40,1.00
2009.06.01 06:43:21.979,7.5329,7.5378,1.40,1.00
2009.06.01 06:43:22.229,7.5329,7.5381,1.40,1.00
2009.06.01 06:43:22.409,7.5329,7.5381,1.40,1.00
2009.06.01 06:43:22.749,7.5329,7.5381,1.40,1.00
2009.06.01 06:43:23.469,7.5329,7.537,1.40,1.60
2009.06.01 06:43:24.199,7.5324,7.537,1.40,1.60
2009.06.01 06:43:24.539,7.5329,7.5367,1.40,1.60
2009.06.01 06:43:24.838,7.5329,7.5383,1.40,1.00
2009.06.01 06:43:26.448,7.5329,7.5369,1.40,1.60
2009.06.01 06:43:26.848,7.5329,7.537,1.40,1.60
2009.06.01 06:43:29.907,7.5329,7.5367,1.40,1.60
2009.06.01 06:43:34.527,7.5324,7.5369,1.40,1.60
2009.06.01 06:43:34.586,7.5329,7.5367,1.40,1.60
2009.06.01 06:43:35.636,7.5329,7.537,1.40,1.60
2009.06.01 06:43:35.976,7.5329,7.5369,1.40,1.60
2009.06.01 06:43:39.095,7.5329,7.5367,1.40,1.60
2009.06.01 06:43:39.335,7.5329,7.5365,1.40,1.60
2009.06.01 06:43:39.505,7.5329,7.5367,1.40,1.60
2009.06.01 06:43:39.805,7.5329,7.5383,1.40,1.00
2009.06.01 06:43:40.265,7.5324,7.538,1.40,1.00
2009.06.01 06:43:40.435,7.5324,7.5367,1.40,1.60
2009.06.01 06:43:42.364,7.5324,7.5364,1.40,1.60
2009.06.01 06:43:52.052,7.5331,7.5367,1.40,1.60
2009.06.01 06:43:53.582,7.5329,7.5367,1.40,1.60
2009.06.01 06:43:55.251,7.5329,7.5368,1.40,1.60
2009.06.01 06:43:55.891,7.5329,7.5367,1.40,1.60
2009.06.01 06:43:57.750,7.5329,7.5368,1.40,1.60
2009.06.01 06:44:04.779,7.5329,7.5383,1.40,2.40
2009.06.01 06:44:05.339,7.5329,7.5382,1.40,1.60
2009.06.01 06:44:11.817,7.5329,7.5381,1.40,2.40
2009.06.01 06:44:22.485,7.5329,7.5381,1.40,1.60
2009.06.01 06:44:22.665,7.5329,7.5382,1.40,1.60
2009.06.01 06:44:25.374,7.5319,7.5382,1.40,1.60
2009.06.01 06:44:25.494,7.5319,7.5379,1.40,1.60
2009.06.01 06:44:28.883,7.5311,7.5368,1.00,1.60
2009.06.01 06:44:29.233,7.5307,7.5363,2.20,1.60
2009.06.01 06:44:29.623,7.5307,7.5363,1.00,1.60
2009.06.01 06:44:30.023,7.5307,7.5365,1.00,1.60
2009.06.01 06:44:30.363,7.5307,7.5366,1.00,1.60
2009.06.01 06:44:31.002,7.5307,7.5363,1.00,1.60
2009.06.01 06:44:31.223,7.5307,7.5365,1.00,1.60
2009.06.01 06:44:32.103,7.5307,7.5365,2.20,1.60
2009.06.01 06:44:32.282,7.5307,7.5363,1.00,1.60
2009.06.01 06:44:32.502,7.5307,7.5365,1.00,1.60
2009.06.01 06:44:33.142,7.5307,7.5366,2.20,1.60
2009.06.01 06:44:33.472,7.5307,7.5363,2.20,1.60
2009.06.01 06:44:43.750,7.5307,7.5363,1.00,1.60
2009.06.01 06:44:44.039,7.5307,7.5365,1.00,1.60
2009.06.01 06:44:44.210,7.5307,7.5366,1.00,1.60
2009.06.01 06:44:46.129,7.5307,7.5366,2.20,1.60
2009.06.01 06:44:46.309,7.5307,7.5363,2.20,1.60
2009.06.01 06:44:48.948,7.5307,7.5362,2.20,1.60
2009.06.01 06:44:50.358,7.5307,7.5362,1.00,1.60
2009.06.01 06:44:50.758,7.53015,7.536,1.40,1.60
2009.06.01 06:44:51.198,7.5301,7.5357,1.00,1.60
2009.06.01 06:44:51.418,7.5301,7.5361,2.20,1.60
2009.06.01 06:44:51.718,7.5301,7.5363,2.20,1.60
2009.06.01 06:44:51.948,7.5302,7.5363,1.00,1.60
2009.06.01 06:44:52.168,7.5302,7.5357,1.00,2.00
2009.06.01 06:44:52.398,7.5301,7.5357,2.20,1.00
2009.06.01 06:44:52.637,7.5301,7.5383,2.20,1.00
2009.06.01 06:44:52.867,7.5301,7.5365,2.20,1.60
2009.06.01 06:44:53.497,7.5306,7.5368,2.20,1.60
2009.06.01 06:44:53.857,7.5307,7.5368,1.40,2.00
2009.06.01 06:44:54.207,7.5307,7.5364,1.40,1.00
2009.06.01 06:44:54.547,7.5307,7.5364,2.20,1.00
2009.06.01 06:44:59.036,7.5315,7.5365,1.60,1.00
2009.06.01 06:45:00.885,7.5317,7.5366,1.60,1.00
2009.06.01 06:45:01.105,7.5312,7.5366,1.60,1.00
2009.06.01 06:45:02.785,7.5311,7.5367,1.60,1.00
2009.06.01 06:45:03.545,7.5312,7.5367,1.60,1.00
2009.06.01 06:45:04.525,7.5307,7.5367,1.60,1.00
2009.06.01 06:45:04.585,7.5307,7.5366,1.60,1.00
2009.06.01 06:45:05.394,7.5307,7.5364,1.60,1.00
2009.06.01 06:45:05.794,7.5306,7.5366,1.60,1.00
2009.06.01 06:45:06.384,7.5307,7.5366,1.60,1.00
2009.06.01 06:45:07.434,7.5305,7.5366,1.60,1.00
2009.06.01 06:45:08.453,7.5308,7.5366,1.60,1.00
2009.06.01 06:45:10.373,7.5308,7.5369,1.60,1.00
2009.06.01 06:45:10.783,7.5309,7.5369,1.60,1.00
2009.06.01 06:45:11.243,7.531,7.5369,1.60,1.00
2009.06.01 06:45:13.942,7.531,7.5371,1.60,1.00
2009.06.01 06:45:14.332,7.5317,7.5371,1.60,1.00
2009.06.01 06:45:14.732,7.5316,7.5371,1.60,1.00
2009.06.01 06:45:15.112,7.5316,7.5369,1.60,1.00
2009.06.01 06:45:15.292,7.5315,7.5369,1.60,1.00
2009.06.01 06:45:16.791,7.5316,7.5371,1.60,1.00
2009.06.01 06:45:19.381,7.5317,7.5371,1.60,1.00
2009.06.01 06:45:23.930,7.5316,7.5371,1.60,1.00
2009.06.01 06:45:28.999,7.5316,7.5366,1.60,1.00
2009.06.01 06:45:29.339,7.531,7.5366,1.60,1.00
2009.06.01 06:45:29.728,7.5287,7.5366,1.40,1.00
2009.06.01 06:45:30.239,7.5317,7.5364,1.60,1.00
2009.06.01 06:45:33.018,7.5321,7.5371,1.60,1.00
2009.06.01 06:45:33.128,7.5328,7.5364,1.60,1.00
2009.06.01 06:45:33.537,7.52865,7.5366,1.00,1.00
2009.06.01 06:45:37.247,7.5325,7.5366,1.60,1.00
2009.06.01 06:45:37.587,7.5325,7.5369,1.60,1.00
2009.06.01 06:45:37.946,7.5326,7.5369,1.60,1.00
2009.06.01 06:45:38.346,7.5327,7.5369,1.60,1.00
2009.06.01 06:45:39.116,7.5327,7.5371,1.60,1.00
2009.06.01 06:45:39.406,7.5333,7.5371,1.60,1.00
2009.06.01 06:45:39.886,7.5332,7.5371,1.60,1.00
2009.06.01 06:45:40.856,7.5331,7.5371,1.60,1.00
2009.06.01 06:45:41.136,7.5331,7.5366,1.60,1.00
2009.06.01 06:45:41.306,7.5329,7.5366,1.60,1.00
2009.06.01 06:45:41.536,7.5327,7.5366,1.60,1.00
2009.06.01 06:45:41.756,7.5328,7.5366,1.60,1.00
2009.06.01 06:45:42.446,7.5328,7.5371,1.60,1.00
2009.06.01 06:45:42.795,7.5331,7.5371,1.60,1.00
2009.06.01 06:45:44.855,7.533,7.5371,1.60,1.00
2009.06.01 06:45:45.485,7.5329,7.5371,1.60,1.00
2009.06.01 06:45:50.724,7.5334,7.5371,1.60,1.00
2009.06.01 06:45:50.933,7.5332,7.5371,1.60,1.00
2009.06.01 06:45:51.283,7.5329,7.5366,1.60,1.00
2009.06.01 06:45:51.523,7.5327,7.5366,1.60,1.00
2009.06.01 06:45:51.763,7.5328,7.5366,1.60,1.00
2009.06.01 06:45:52.733,7.5328,7.5371,1.60,1.00
2009.06.01 06:45:52.973,7.5331,7.5371,1.60,1.20
2009.06.01 06:45:53.203,7.5331,7.537,1.60,1.00
2009.06.01 06:45:59.751,7.5335,7.537,1.60,1.00
2009.06.01 06:46:00.141,7.5335,7.5371,1.60,1.20
2009.06.01 06:46:01.451,7.5334,7.5371,1.60,1.20
2009.06.01 06:46:02.740,7.5335,7.5371,1.60,1.00
2009.06.01 06:46:03.720,7.5334,7.5371,1.60,1.00
2009.06.01 06:46:04.420,7.5337,7.5372,1.60,1.00
2009.06.01 06:46:04.770,7.5336,7.5373,1.60,1.00
2009.06.01 06:46:05.530,7.531,7.5379,1.40,1.00
2009.06.01 06:46:05.820,7.5337,7.5379,1.60,1.00
2009.06.01 06:46:06.659,7.5336,7.5379,1.60,1.00
2009.06.01 06:46:08.429,7.534,7.5373,1.60,1.00
2009.06.01 06:46:08.659,7.5335,7.5378,1.60,1.00
2009.06.01 06:46:09.059,7.5338,7.5381,1.60,1.00
2009.06.01 06:46:09.459,7.531,7.5376,1.40,1.00
2009.06.01 06:46:10.678,7.5331,7.5376,1.60,1.00
2009.06.01 06:46:10.909,7.5334,7.5376,1.60,1.00
2009.06.01 06:46:11.538,7.5334,7.5379,1.60,1.00
2009.06.01 06:46:11.759,7.534,7.5379,1.60,1.00
2009.06.01 06:46:23.126,7.534,7.5373,1.60,1.00
2009.06.01 06:46:23.236,7.5334,7.5373,1.60,1.00
2009.06.01 06:46:29.344,7.5335,7.5371,1.60,1.00
2009.06.01 06:46:34.633,7.5335,7.5376,1.60,1.00
2009.06.01 06:46:34.803,7.5338,7.5376,1.60,1.00
2009.06.01 06:46:39.142,7.534,7.5379,1.60,1.00
2009.06.01 06:46:52.079,7.5314,7.5381,1.40,1.00
2009.06.01 06:46:52.379,7.5337,7.5381,1.60,1.00
2009.06.01 06:46:52.769,7.5337,7.5378,1.60,1.00
2009.06.01 06:46:53.168,7.5331,7.5371,1.60,1.00
2009.06.01 06:46:54.068,7.5333,7.5371,1.60,1.00
2009.06.01 06:46:54.408,7.53,7.5371,1.40,1.00
2009.06.01 06:46:55.298,7.5328,7.5371,1.60,1.00
2009.06.01 06:46:55.568,7.5325,7.5371,1.60,1.00
2009.06.01 06:46:55.977,7.5327,7.5371,1.60,1.00
2009.06.01 06:46:57.037,7.5332,7.5371,1.60,1.00
2009.06.01 06:46:57.607,7.5332,7.5376,1.60,1.00
2009.06.01 06:46:58.287,7.5335,7.5371,1.60,1.00
2009.06.01 06:46:58.647,7.5331,7.5371,1.60,1.00
2009.06.01 06:46:59.427,7.5335,7.5371,1.60,1.00
2009.06.01 06:46:59.827,7.5305,7.5371,1.40,1.00
2009.06.01 06:47:01.166,7.5304,7.5371,1.40,1.00
2009.06.01 06:47:01.402,7.5327,7.5371,1.60,1.00
2009.06.01 06:47:01.886,7.5325,7.5371,1.60,1.00
2009.06.01 06:47:02.416,7.5328,7.5371,1.60,1.00
2009.06.01 06:47:07.855,7.5329,7.5371,1.60,1.00
2009.06.01 06:47:08.375,7.5331,7.5371,1.60,1.00
2009.06.01 06:47:08.735,7.5329,7.5371,1.60,1.00
2009.06.01 06:47:09.264,7.5328,7.5371,1.60,1.00
2009.06.01 06:47:14.483,7.5329,7.5366,1.60,1.00
2009.06.01 06:47:21.401,7.5328,7.5361,1.60,1.00
2009.06.01 06:47:21.672,7.5324,7.5361,1.60,1.00
2009.06.01 06:47:23.201,7.5321,7.5361,1.60,1.00
2009.06.01 06:47:23.622,7.5319,7.5356,1.60,1.00
2009.06.01 06:47:23.961,7.532,7.5361,1.60,1.00
2009.06.01 06:47:24.481,7.5321,7.5361,1.60,1.00
2009.06.01 06:47:24.701,7.5319,7.5356,1.60,1.00
2009.06.01 06:47:25.061,7.5321,7.5361,1.60,1.00
2009.06.01 06:47:25.391,7.532,7.5359,1.60,1.00
2009.06.01 06:47:26.440,7.532,7.5359,1.60,1.20
2009.06.01 06:47:27.770,7.5321,7.5359,1.60,1.20
2009.06.01 06:47:29.410,7.5297,7.5359,4.60,1.00
2009.06.01 06:47:29.699,7.5323,7.5359,1.60,1.00
2009.06.01 06:47:29.989,7.5323,7.536,1.60,1.00
2009.06.01 06:47:31.099,7.5325,7.536,1.60,1.00
2009.06.01 06:47:31.279,7.5324,7.536,1.60,1.00
2009.06.01 06:47:31.789,7.5326,7.5361,1.60,1.20
2009.06.01 06:47:36.848,7.5324,7.5361,1.60,1.00
2009.06.01 06:47:37.178,7.5324,7.5356,1.60,1.00
2009.06.01 06:47:37.288,7.5321,7.5356,1.60,1.00
2009.06.01 06:47:40.887,7.5321,7.5359,1.60,1.00
2009.06.01 06:47:41.067,7.5322,7.5359,1.60,1.00
2009.06.01 06:47:44.806,7.5322,7.5356,1.60,1.00
2009.06.01 06:47:45.126,7.5317,7.5351,1.60,1.00
2009.06.01 06:47:45.356,7.5318,7.5351,1.60,1.00
2009.06.01 06:47:47.166,7.5321,7.5351,1.60,1.00
2009.06.01 06:47:47.465,7.5314,7.5351,1.60,1.00
2009.06.01 06:47:47.636,7.5314,7.5354,1.60,1.00
2009.06.01 06:47:47.696,7.5314,7.5351,1.60,1.00
2009.06.01 06:47:48.415,7.5292,7.5346,1.40,1.00
2009.06.01 06:47:49.355,7.5282,7.5346,3.00,1.00
2009.06.01 06:47:49.695,7.5304,7.5346,1.60,1.00
2009.06.01 06:47:50.454,7.5302,7.5341,1.60,1.00
2009.06.01 06:47:50.844,7.5289,7.5341,1.40,1.00
2009.06.01 06:47:51.294,7.5279,7.5341,3.00,1.00
2009.06.01 06:47:51.524,7.5279,7.5341,1.60,1.00
2009.06.01 06:47:51.754,7.5299,7.5341,1.60,1.00
2009.06.01 06:47:52.964,7.5302,7.5336,1.60,1.00
2009.06.01 06:47:54.823,7.5301,7.5336,1.60,1.00
2009.06.01 06:47:55.063,7.5298,7.5336,1.60,1.00
2009.06.01 06:47:55.573,7.5301,7.5336,1.60,1.00
2009.06.01 06:47:57.003,7.5304,7.5338,1.60,1.00
2009.06.01 06:47:57.533,7.5292,7.5348,1.40,1.00
2009.06.01 06:47:58.642,7.5291,7.5341,1.40,1.00
2009.06.01 06:47:58.882,7.5303,7.5346,1.60,1.20
2009.06.01 06:47:59.173,7.5303,7.5344,1.60,1.00
2009.06.01 06:47:59.402,7.5304,7.5343,1.60,1.00
2009.06.01 06:48:01.832,7.5309,7.5343,1.60,1.00
2009.06.01 06:48:02.412,7.531,7.5343,1.60,1.00
2009.06.01 06:48:03.492,7.5312,7.5343,1.60,1.00
2009.06.01 06:48:05.001,7.5315,7.5343,1.60,1.00
2009.06.01 06:48:05.391,7.5317,7.5343,1.60,1.00
2009.06.01 06:48:05.501,7.5314,7.5343,1.60,1.00
2009.06.01 06:48:05.841,7.5315,7.5343,1.60,1.00
2009.06.01 06:48:09.150,7.5312,7.5346,1.60,1.00
2009.06.01 06:48:09.600,7.5314,7.5351,1.60,1.00
2009.06.01 06:48:09.890,7.5315,7.5351,1.60,1.00
2009.06.01 06:48:10.140,7.5317,7.5351,1.60,1.00
2009.06.01 06:48:10.420,7.5316,7.5351,1.60,1.00
2009.06.01 06:48:12.029,7.5314,7.5351,1.60,1.00
2009.06.01 06:48:12.199,7.5315,7.5351,1.60,1.00
2009.06.01 06:48:20.007,7.5317,7.5351,1.60,1.00
2009.06.01 06:48:20.287,7.5315,7.5351,1.60,1.00
2009.06.01 06:48:20.897,7.5315,7.5346,1.60,1.00
2009.06.01 06:48:21.007,7.5312,7.5346,1.60,1.00
2009.06.01 06:48:21.267,7.5313,7.5346,1.60,1.00
2009.06.01 06:48:21.617,7.5292,7.5346,1.40,1.00
2009.06.01 06:48:21.787,7.529,7.5348,1.40,1.00
2009.06.01 06:48:22.127,7.529,7.5351,1.40,1.00
2009.06.01 06:48:22.477,7.5313,7.5351,1.60,1.00
2009.06.01 06:48:22.827,7.5312,7.5351,1.60,1.00
2009.06.01 06:48:23.227,7.5312,7.5346,1.60,1.00
2009.06.01 06:48:23.526,7.529,7.5346,1.40,1.00
2009.06.01 06:48:24.916,7.5307,7.5346,1.60,1.00
2009.06.01 06:48:25.716,7.5308,7.5346,1.60,1.00
2009.06.01 06:48:27.716,7.5308,7.5346,1.60,1.00
2009.06.01 06:48:29.625,7.5308,7.5338,1.60,1.00
2009.06.01 06:48:29.855,7.5308,7.5343,1.60,1.00
2009.06.01 06:48:30.095,7.5306,7.5343,1.60,1.00
2009.06.01 06:48:30.265,7.5303,7.5343,1.60,1.00
2009.06.01 06:48:31.685,7.5303,7.5339,1.60,1.00
2009.06.01 06:48:32.185,7.5301,7.5336,1.60,1.00
2009.06.01 06:48:32.355,7.5297,7.5336,1.60,1.00
2009.06.01 06:48:32.935,7.5282,7.5336,1.40,1.00
2009.06.01 06:48:34.384,7.5298,7.5336,1.60,1.00
2009.06.01 06:48:35.724,7.5298,7.5336,1.60,1.00
2009.06.01 06:48:35.894,7.5298,7.5331,1.60,1.00
2009.06.01 06:48:36.004,7.5296,7.5331,1.60,1.00
2009.06.01 06:48:36.184,7.5296,7.5335,1.60,1.00
2009.06.01 06:48:36.304,7.5297,7.5334,1.60,1.00
2009.06.01 06:48:36.523,7.5297,7.5331,1.60,1.00
2009.06.01 06:48:36.584,7.5275,7.5331,1.40,1.00
2009.06.01 06:48:39.593,7.5291,7.5331,1.60,1.00
2009.06.01 06:48:39.823,7.5292,7.5331,1.60,1.00
2009.06.01 06:48:40.923,7.5295,7.5331,1.60,1.00
2009.06.01 06:48:41.143,7.5295,7.5331,1.60,1.00
2009.06.01 06:48:41.362,7.5296,7.5329,1.60,1.00
2009.06.01 06:48:41.592,7.5298,7.5327,1.60,1.00
2009.06.01 06:48:41.762,7.5282,7.5338,1.40,1.00
2009.06.01 06:48:42.282,7.5296,7.5338,1.60,1.00
2009.06.01 06:48:42.852,7.5297,7.5336,1.60,1.00
2009.06.01 06:48:43.192,7.5294,7.5331,1.60,1.00
2009.06.01 06:48:43.982,7.5295,7.5331,1.60,1.00
2009.06.01 06:48:45.042,7.5295,7.5336,1.60,1.00
2009.06.01 06:48:45.541,7.5297,7.5336,1.60,1.00
2009.06.01 06:48:46.361,7.5299,7.5336,1.60,1.00
2009.06.01 06:48:47.361,7.5297,7.5336,1.60,1.00
2009.06.01 06:48:50.230,7.5299,7.5336,1.60,1.00
2009.06.01 06:48:51.780,7.5296,7.5331,1.60,1.00
2009.06.01 06:48:52.820,7.5275,7.5331,1.40,1.00
2009.06.01 06:48:53.160,7.528,7.5332,1.40,1.00
2009.06.01 06:48:53.449,7.5295,7.5332,1.60,1.00
2009.06.01 06:48:53.789,7.5297,7.5332,1.60,1.00
2009.06.01 06:48:54.139,7.5298,7.5332,1.60,1.00
2009.06.01 06:48:54.539,7.5299,7.5332,1.60,1.00
2009.06.01 06:48:57.608,7.5301,7.5333,1.60,1.00
2009.06.01 06:48:57.878,7.5302,7.5333,1.60,1.00
2009.06.01 06:48:59.088,7.5301,7.5333,1.60,1.00
2009.06.01 06:48:59.938,7.5302,7.5334,1.60,1.00
2009.06.01 06:49:01.817,7.528,7.5336,1.40,1.00
2009.06.01 06:49:05.806,7.5289,7.5341,1.40,1.00
2009.06.01 06:49:06.096,7.5302,7.5341,1.60,1.00
2009.06.01 06:49:06.276,7.5301,7.5341,1.60,1.00
2009.06.01 06:49:07.176,7.5303,7.5333,1.60,1.00
2009.06.01 06:49:07.416,7.5296,7.5333,1.60,1.00
2009.06.01 06:49:07.736,7.5301,7.5336,1.60,1.00
2009.06.01 06:49:07.906,7.5299,7.5334,1.60,1.00
2009.06.01 06:49:11.035,7.5299,7.5331,1.60,1.00
2009.06.01 06:49:11.435,7.5296,7.5331,1.60,1.00
2009.06.01 06:49:12.815,7.5296,7.5333,1.60,1.00
2009.06.01 06:49:13.105,7.5301,7.5333,1.60,1.00
2009.06.01 06:49:13.455,7.5299,7.5333,1.60,1.00
2009.06.01 06:49:13.794,7.5304,7.5334,1.60,1.00
2009.06.01 06:49:14.194,7.5277,7.5334,3.00,1.00
2009.06.01 06:49:14.524,7.5297,7.5334,1.60,1.00
2009.06.01 06:49:14.884,7.5295,7.5331,1.60,1.00
2009.06.01 06:49:15.224,7.5292,7.5331,1.60,1.00
2009.06.01 06:49:15.584,7.5296,7.5334,1.60,1.00
2009.06.01 06:49:15.804,7.5297,7.5335,1.60,1.00
2009.06.01 06:49:16.324,7.5282,7.5336,1.40,1.00
2009.06.01 06:49:17.774,7.5297,7.5336,1.60,1.00
2009.06.01 06:49:19.253,7.528,7.5336,1.40,1.00
2009.06.01 06:49:20.843,7.5298,7.5336,1.60,1.00
2009.06.01 06:49:21.962,7.5301,7.5336,1.60,1.00
2009.06.01 06:49:24.472,7.5297,7.5339,1.60,1.00
2009.06.01 06:49:24.802,7.5295,7.5339,1.60,1.00
2009.06.01 06:49:30.870,7.5284,7.5338,1.40,1.00
2009.06.01 06:49:31.221,7.5294,7.5331,1.60,1.00
2009.06.01 06:49:34.049,7.5275,7.5331,1.40,1.00
2009.06.01 06:49:35.789,7.5284,7.5336,1.40,1.00
2009.06.01 06:49:36.069,7.5296,7.5336,1.60,1.00
2009.06.01 06:49:38.129,7.5298,7.5331,1.60,1.00
2009.06.01 06:49:38.478,7.5296,7.5331,1.60,1.00
2009.06.01 06:49:39.408,7.5275,7.5331,1.40,1.00
2009.06.01 06:49:39.758,7.5293,7.5336,1.60,1.00
2009.06.01 06:49:43.947,7.5301,7.5336,1.60,1.00
2009.06.01 06:49:44.347,7.5297,7.5336,1.60,1.00
2009.06.01 06:49:44.577,7.5297,7.5336,1.60,1.20
2009.06.01 06:49:45.317,7.5301,7.5334,1.60,1.00
2009.06.01 06:49:45.607,7.5298,7.5336,1.60,1.00
2009.06.01 06:49:45.907,7.5297,7.5331,1.60,1.00
2009.06.01 06:49:46.147,7.5298,7.5334,1.60,1.00
2009.06.01 06:49:46.427,7.5297,7.5333,1.60,1.00
2009.06.01 06:49:46.716,7.5297,7.5332,1.60,1.00
2009.06.01 06:49:47.426,7.5275,7.5332,1.40,1.00
2009.06.01 06:49:48.786,7.5284,7.5332,1.40,1.00
2009.06.01 06:49:49.716,7.5284,7.5336,1.40,1.00
2009.06.01 06:49:51.465,7.5279,7.5334,2.20,1.00
2009.06.01 06:49:51.526,7.5292,7.5334,1.60,1.00
2009.06.01 06:49:51.755,7.5293,7.5334,1.60,1.00
2009.06.01 06:49:53.885,7.5297,7.5336,1.60,1.00
2009.06.01 06:49:54.125,7.5301,7.5336,1.60,1.00
2009.06.01 06:49:54.415,7.528,7.5336,1.40,1.00
2009.06.01 06:49:55.604,7.5279,7.5334,2.20,1.00
2009.06.01 06:49:55.825,7.5279,7.5334,1.40,1.00
2009.06.01 06:49:56.284,7.5293,7.5331,1.60,1.00
2009.06.01 06:49:57.044,7.527,7.5326,1.40,1.00
2009.06.01 06:49:57.314,7.5275,7.5331,1.40,1.00
2009.06.01 06:49:58.064,7.5274,7.5326,1.40,1.00
2009.06.01 06:49:58.694,7.5279,7.5331,1.40,1.00
2009.06.01 06:49:59.443,7.5292,7.5331,1.60,1.00
2009.06.01 06:49:59.803,7.5275,7.5331,1.40,1.00
2009.06.01 06:50:00.723,7.528,7.5336,1.40,1.00
2009.06.01 06:50:01.863,7.5279,7.5331,1.40,1.00
2009.06.01 06:50:02.663,7.5284,7.5336,1.40,1.00
2009.06.01 06:50:04.083,7.5279,7.5322,1.40,1.60
2009.06.01 06:50:04.492,7.5284,7.534,1.40,1.00
2009.06.01 06:50:08.272,7.5299,7.5331,1.40,1.00
2009.06.01 06:50:13.490,7.5299,7.5326,1.40,1.00
2009.06.01 06:50:13.780,7.5294,7.5326,1.40,1.00
2009.06.01 06:50:16.129,7.5299,7.5331,1.40,1.00
2009.06.01 06:50:23.888,7.5298,7.5329,1.60,1.00
2009.06.01 06:50:24.127,7.5307,7.5329,1.40,1.00
2009.06.01 06:50:24.407,7.5307,7.5336,1.40,1.00
2009.06.01 06:50:25.487,7.5303,7.53405,1.60,1.00
2009.06.01 06:50:25.607,7.5303,7.5341,1.60,1.00
2009.06.01 06:50:26.007,7.5301,7.5336,1.60,1.00
2009.06.01 06:50:26.397,7.5291,7.5329,1.60,1.00
2009.06.01 06:50:26.627,7.5294,7.5329,1.60,1.00
2009.06.01 06:50:26.907,7.5297,7.5326,1.40,1.00
2009.06.01 06:50:27.537,7.5296,7.5336,1.60,1.00
2009.06.01 06:50:28.566,7.5301,7.5331,1.40,1.00
2009.06.01 06:50:28.846,7.52795,7.5324,1.20,1.00
2009.06.01 06:50:29.076,7.527,7.5355,1.40,1.00
2009.06.01 06:50:29.297,7.5297,7.5355,1.60,1.00
2009.06.01 06:50:29.516,7.531,7.5358,1.40,1.00
2009.06.01 06:50:30.096,7.5302,7.536,3.00,1.00
2009.06.01 06:50:31.076,7.5324,7.5368,1.60,1.00
2009.06.01 06:50:31.766,7.5332,7.5368,1.40,1.00
2009.06.01 06:50:32.045,7.533,7.5363,1.40,1.00
2009.06.01 06:50:32.656,7.5302,7.5356,3.00,1.00
2009.06.01 06:50:32.936,7.5305,7.5351,1.40,1.00
2009.06.01 06:50:33.285,7.5317,7.5363,1.60,1.00
2009.06.01 06:50:34.315,7.5347,7.5385,1.60,1.00
2009.06.01 06:50:34.665,7.5347,7.539,1.60,1.00
2009.06.01 06:50:35.025,7.5349,7.5395,1.60,1.00
2009.06.01 06:50:35.435,7.5362,7.5385,1.40,1.00
2009.06.01 06:50:35.545,7.5351,7.5378,1.60,1.00
2009.06.01 06:50:35.835,7.52935,7.5378,1.60,1.00
2009.06.01 06:50:36.055,7.5308,7.5378,1.60,1.00
2009.06.01 06:50:36.415,7.5319,7.5383,1.40,1.00
2009.06.01 06:50:36.854,7.5342,7.5373,1.60,1.00
2009.06.01 06:50:37.205,7.5344,7.5388,1.60,1.00
2009.06.01 06:50:37.554,7.5342,7.5388,3.00,1.00
2009.06.01 06:50:37.774,7.5342,7.5383,1.60,1.00
2009.06.01 06:50:38.004,7.5346,7.5381,1.60,1.00
2009.06.01 06:50:38.184,7.5348,7.5381,1.60,1.00
2009.06.01 06:50:38.584,7.5357,7.5386,1.40,1.00
2009.06.01 06:50:39.424,7.5349,7.5386,1.60,1.00
2009.06.01 06:50:39.764,7.5365,7.54295,1.40,1.00
2009.06.01 06:50:40.054,7.5409,7.54295,1.40,1.00
2009.06.01 06:50:40.454,7.5409,7.546,1.40,1.00
2009.06.01 06:50:41.223,7.5351,7.5453,4.80,1.00
2009.06.01 06:50:41.503,7.5324,7.5449,1.40,1.00
2009.06.01 06:50:42.653,7.5379,7.5456,1.40,1.00
2009.06.01 06:50:43.583,7.5381,7.5456,1.40,1.00
2009.06.01 06:50:44.043,7.5389,7.5456,3.00,1.00
2009.06.01 06:50:44.383,7.5382,7.5448,8.00,1.00
2009.06.01 06:50:44.733,7.5349,7.54425,4.80,8.00
2009.06.01 06:50:45.023,7.52645,7.544,1.40,4.80
2009.06.01 06:50:45.762,7.52635,7.5437,1.40,4.80
2009.06.01 06:50:46.122,7.52835,7.5435,1.40,4.80
2009.06.01 06:50:46.522,7.52835,7.5434,1.40,4.80
2009.06.01 06:50:46.742,7.52855,7.5434,1.40,4.80
2009.06.01 06:50:47.202,7.52855,7.5436,1.40,4.80
2009.06.01 06:50:48.402,7.52855,7.5434,1.40,4.80
2009.06.01 06:50:48.692,7.5282,7.5434,1.40,4.80
2009.06.01 06:50:50.421,7.5282,7.5438,1.40,4.80
2009.06.01 06:50:50.651,7.5282,7.5441,1.40,5.60
2009.06.01 06:50:52.980,7.52825,7.5441,1.40,5.60
2009.06.01 06:50:53.610,7.52825,7.5441,1.40,1.00
2009.06.01 06:50:54.920,7.53435,7.5441,1.40,1.00
2009.06.01 06:50:55.630,7.53445,7.5441,1.40,1.00
2009.06.01 06:50:55.750,7.53445,7.5444,1.40,5.60
2009.06.01 06:50:55.920,7.53445,7.5441,1.40,1.00
2009.06.01 06:50:56.090,7.53635,7.5441,1.40,1.00
2009.06.01 06:50:58.289,7.5366,7.5444,1.40,1.00
2009.06.01 06:50:59.949,7.53645,7.5446,1.40,4.80
2009.06.01 06:51:00.179,7.53645,7.5451,1.40,1.00
2009.06.01 06:51:01.468,7.53625,7.5449,1.40,1.00
2009.06.01 06:51:08.127,7.53625,7.5449,1.40,1.00
2009.06.01 06:51:08.547,7.53645,7.5451,1.40,1.00
2009.06.01 06:51:09.817,7.53625,7.5449,1.40,1.00
2009.06.01 06:51:10.796,7.53625,7.5446,1.40,1.00
2009.06.01 06:51:12.166,7.5359,7.5444,1.40,1.00
2009.06.01 06:51:13.136,7.5357,7.5441,1.40,1.00
2009.06.01 06:51:14.066,7.5359,7.5444,1.40,1.00
2009.06.01 06:51:15.625,7.5359,7.5441,1.40,1.00
2009.06.01 06:51:15.965,7.5357,7.5441,1.40,1.00
2009.06.01 06:51:18.495,7.5359,7.5441,1.40,1.00
2009.06.01 06:51:18.614,7.5359,7.5446,1.40,1.00
2009.06.01 06:51:20.244,7.53615,7.5446,1.40,1.00
2009.06.01 06:51:20.574,7.53615,7.5441,1.40,1.00
2009.06.01 06:51:20.844,7.5359,7.5441,1.40,1.00
2009.06.01 06:51:20.964,7.5359,7.5446,1.40,1.00
2009.06.01 06:51:21.904,7.53615,7.5446,1.40,1.00
2009.06.01 06:51:24.703,7.53645,7.5446,1.40,1.00
2009.06.01 06:51:25.043,7.53645,7.5451,1.40,1.00
2009.06.01 06:51:25.213,7.53625,7.5451,1.40,1.00
2009.06.01 06:51:26.073,7.53645,7.5451,1.40,1.00
2009.06.01 06:51:26.372,7.53645,7.5446,1.40,1.00
2009.06.01 06:51:26.712,7.53575,7.5441,1.40,1.00
2009.06.01 06:51:31.781,7.53575,7.5444,1.40,1.00
2009.06.01 06:51:32.171,7.53575,7.5441,1.40,1.00
2009.06.01 06:51:32.341,7.5352,7.5441,1.40,1.00
2009.06.01 06:51:32.571,7.5352,7.5436,1.40,1.00
2009.06.01 06:51:36.820,7.5347,7.5431,1.40,1.00
2009.06.01 06:51:38.660,7.53325,7.541,1.00,1.00
2009.06.01 06:51:39.060,7.5321,7.5405,1.00,1.00
2009.06.01 06:51:41.529,7.5323,7.5396,1.00,1.00
2009.06.01 06:51:41.689,7.5318,7.5396,1.00,1.00
2009.06.01 06:51:41.979,7.5318,7.5388,1.00,1.00
2009.06.01 06:51:42.259,7.5305,7.5388,1.00,1.00
2009.06.01 06:51:43.688,7.5312,7.5389,1.00,1.00
2009.06.01 06:51:43.968,7.5307,7.5386,1.00,1.00
2009.06.01 06:51:44.248,7.5311,7.5386,1.40,1.00
2009.06.01 06:51:44.528,7.53125,7.5389,1.00,1.00
2009.06.01 06:51:44.868,7.53125,7.5391,1.00,1.00
2009.06.01 06:51:45.918,7.53135,7.5391,1.40,1.00
2009.06.01 06:51:46.088,7.53175,7.5391,1.00,1.00
2009.06.01 06:51:46.438,7.53175,7.5396,1.00,1.00
2009.06.01 06:51:47.907,7.53175,7.5391,1.00,1.00
2009.06.01 06:51:48.087,7.5313,7.5391,1.00,1.00
2009.06.01 06:51:48.358,7.53135,7.5391,1.40,1.00
2009.06.01 06:51:48.807,7.5317,7.5396,2.20,1.00
2009.06.01 06:51:51.146,7.5319,7.5391,1.00,1.00
2009.06.01 06:51:51.597,7.53085,7.5391,1.40,1.00
2009.06.01 06:51:51.776,7.53085,7.5383,1.40,1.00
2009.06.01 06:51:52.016,7.5307,7.5383,1.40,1.00
2009.06.01 06:51:55.006,7.53075,7.5381,1.40,1.00
2009.06.01 06:51:55.185,7.5304,7.5376,1.40,1.00
2009.06.01 06:51:57.035,7.53035,7.5376,1.40,1.00
2009.06.01 06:51:59.065,7.5302,7.5374,1.40,1.00
2009.06.01 06:51:59.585,7.52985,7.5374,1.40,1.00
2009.06.01 06:51:59.985,7.52985,7.5371,1.40,1.00
2009.06.01 06:52:00.734,7.53005,7.5371,1.40,1.00
2009.06.01 06:52:01.154,7.5297,7.5371,1.40,1.00
2009.06.01 06:52:01.324,7.5293,7.5366,1.40,1.00
2009.06.01 06:52:02.764,7.52915,7.5361,1.40,1.00
2009.06.01 06:52:03.794,7.5288,7.5361,1.40,1.00
2009.06.01 06:52:06.553,7.52825,7.5361,1.40,1.00
2009.06.01 06:52:06.893,7.52825,7.5354,1.40,1.00
2009.06.01 06:52:07.193,7.52845,7.5354,1.40,1.00
2009.06.01 06:52:07.643,7.52865,7.5361,1.40,1.00
2009.06.01 06:52:08.163,7.52845,7.5361,1.40,1.00
2009.06.01 06:52:08.972,7.52825,7.5353,1.40,1.00
2009.06.01 06:52:09.322,7.52775,7.5353,1.40,1.00
2009.06.01 06:52:11.892,7.528,7.5351,1.40,1.00
2009.06.01 06:52:12.301,7.528,7.5354,1.40,1.00
2009.06.01 06:52:12.462,7.528,7.5356,1.40,1.00
2009.06.01 06:52:12.631,7.52775,7.5356,1.40,1.00
2009.06.01 06:52:12.981,7.528,7.5356,1.40,1.00
2009.06.01 06:52:13.881,7.52775,7.5354,1.40,1.00
2009.06.01 06:52:15.171,7.52755,7.5351,1.40,1.00
2009.06.01 06:52:16.141,7.52775,7.5354,1.40,1.00
2009.06.01 06:52:17.450,7.5276,7.5354,1.40,1.00
2009.06.01 06:52:18.150,7.52785,7.5356,1.40,1.00
2009.06.01 06:52:18.380,7.52795,7.5361,1.40,1.00
2009.06.01 06:52:18.730,7.52795,7.5356,1.40,1.00
2009.06.01 06:52:19.250,7.52815,7.5356,1.40,1.00
2009.06.01 06:52:19.590,7.52815,7.5361,1.40,1.00
2009.06.01 06:52:20.679,7.52795,7.5356,1.40,1.00
2009.06.01 06:52:21.579,7.52795,7.5361,1.40,1.00
2009.06.01 06:52:21.919,7.52795,7.5356,1.40,1.00
2009.06.01 06:52:22.759,7.52815,7.5361,1.40,1.00
2009.06.01 06:52:23.049,7.52835,7.5361,1.40,1.00
2009.06.01 06:52:25.098,7.5287,7.5366,1.40,1.00
2009.06.01 06:52:25.378,7.5287,7.5361,1.40,1.00
2009.06.01 06:52:25.708,7.5287,7.5366,1.40,1.00
2009.06.01 06:52:26.458,7.5285,7.5366,1.40,1.00
2009.06.01 06:52:27.318,7.52885,7.5371,1.40,1.00
2009.06.01 06:52:28.417,7.52905,7.5371,1.40,1.00
2009.06.01 06:52:28.648,7.52905,7.5374,1.40,1.20
2009.06.01 06:52:29.917,7.5286,7.5368,1.40,1.00
2009.06.01 06:52:31.967,7.5283,7.5366,1.40,1.00
2009.06.01 06:52:32.596,7.5281,7.5361,1.40,1.00
2009.06.01 06:52:33.786,7.5283,7.5361,1.40,1.00
2009.06.01 06:52:34.017,7.5283,7.5366,1.40,1.00
2009.06.01 06:52:34.346,7.5285,7.5366,1.40,1.00
2009.06.01 06:52:35.156,7.5283,7.5366,1.40,1.00
2009.06.01 06:52:38.565,7.5285,7.5366,1.40,1.00
2009.06.01 06:52:40.045,7.5283,7.5366,1.40,1.00
2009.06.01 06:52:41.934,7.529,7.5376,1.40,1.00
2009.06.01 06:52:42.224,7.52885,7.5376,1.40,1.00
2009.06.01 06:52:42.384,7.52885,7.5373,1.40,1.00
2009.06.01 06:52:46.193,7.52885,7.5366,1.40,1.00
2009.06.01 06:52:46.413,7.52885,7.5371,1.40,1.00
2009.06.01 06:52:47.633,7.52905,7.5371,1.40,1.00
2009.06.01 06:52:47.923,7.52905,7.5374,1.40,1.00
2009.06.01 06:52:48.543,7.52895,7.5374,1.40,1.00
2009.06.01 06:52:48.833,7.52895,7.5371,1.40,1.00
2009.06.01 06:52:49.122,7.52905,7.5371,1.40,1.00
2009.06.01 06:52:49.462,7.52905,7.5374,1.40,1.00
2009.06.01 06:52:53.771,7.5289,7.5368,1.40,1.00
2009.06.01 06:52:57.631,7.5292,7.5371,1.40,1.00
2009.06.01 06:52:58.160,7.5294,7.5371,1.40,1.00
2009.06.01 06:53:01.260,7.5294,7.5366,1.40,1.00
2009.06.01 06:53:01.561,7.529,7.5366,1.40,1.00
2009.06.01 06:53:01.740,7.52865,7.5364,1.40,1.00
2009.06.01 06:53:02.329,7.5289,7.5366,1.40,1.00
2009.06.01 06:53:02.669,7.5285,7.5361,1.40,1.00
2009.06.01 06:53:04.889,7.52815,7.5361,1.40,1.00
2009.06.01 06:53:05.229,7.52795,7.5356,1.40,1.00
2009.06.01 06:53:05.469,7.5274,7.5351,1.40,1.00
2009.06.01 06:53:07.298,7.5269,7.5346,1.40,1.00
2009.06.01 06:53:08.138,7.5271,7.5346,1.40,1.00
2009.06.01 06:53:08.658,7.52685,7.5346,1.40,1.00
2009.06.01 06:53:09.018,7.52655,7.5344,1.40,1.00
2009.06.01 06:53:09.408,7.52655,7.5346,1.40,1.00
2009.06.01 06:53:09.767,7.52675,7.5346,1.40,1.00
2009.06.01 06:53:10.107,7.5271,7.5349,1.40,1.00
2009.06.01 06:53:10.438,7.5271,7.5351,1.40,1.00
2009.06.01 06:53:10.737,7.52685,7.5346,1.40,1.00
2009.06.01 06:53:11.517,7.52705,7.5349,1.40,1.00
2009.06.01 06:53:11.807,7.52705,7.5351,1.40,1.00
2009.06.01 06:53:12.097,7.5273,7.5351,1.40,1.00
2009.06.01 06:53:13.417,7.5271,7.5351,1.40,1.00
2009.06.01 06:53:13.757,7.5271,7.5349,1.40,1.00
2009.06.01 06:53:14.816,7.52685,7.5346,1.40,1.00
2009.06.01 06:53:15.956,7.52665,7.5346,1.40,1.00
2009.06.01 06:53:16.436,7.5268,7.5346,1.40,1.00
2009.06.01 06:53:16.906,7.5266,7.5346,1.40,1.00
2009.06.01 06:53:18.506,7.52605,7.5338,1.40,1.00
2009.06.01 06:53:22.005,7.52605,7.5331,1.40,1.00
2009.06.01 06:53:22.175,7.52555,7.5331,1.40,1.00
2009.06.01 06:53:23.695,7.52535,7.5331,1.40,1.00
2009.06.01 06:53:24.094,7.52545,7.5331,1.40,1.00
2009.06.01 06:53:24.854,7.5253,7.5331,1.40,1.00
2009.06.01 06:53:25.194,7.5248,7.5331,1.40,1.00
2009.06.01 06:53:25.544,7.52495,7.5326,1.40,1.00
2009.06.01 06:53:26.874,7.52425,7.5321,1.40,1.00
2009.06.01 06:53:29.143,7.5244,7.5321,1.40,1.00
2009.06.01 06:53:32.342,7.5241,7.5316,1.40,1.00
2009.06.01 06:53:32.632,7.5237,7.5316,1.40,1.00
2009.06.01 06:53:34.302,7.5237,7.5332,1.40,1.00
2009.06.01 06:53:34.652,7.5221,7.53,1.40,1.00
2009.06.01 06:53:35.051,7.52235,7.53,1.40,1.00
2009.06.01 06:53:35.422,7.52275,7.531,1.40,1.00
2009.06.01 06:53:35.771,7.52325,7.5317,1.40,1.00
2009.06.01 06:53:36.001,7.52355,7.5317,1.40,1.00
2009.06.01 06:53:36.571,7.52365,7.5317,1.40,1.00
2009.06.01 06:53:37.121,7.5241,7.5321,1.40,1.00
2009.06.01 06:53:37.471,7.5241,7.5315,1.40,1.00
2009.06.01 06:53:37.761,7.5239,7.5315,1.40,1.00
2009.06.01 06:53:38.721,7.524,7.5315,1.40,1.00
2009.06.01 06:53:39.461,7.52335,7.5315,1.40,1.00
2009.06.01 06:53:39.851,7.52355,7.5315,1.40,1.00
2009.06.01 06:53:40.150,7.5234,7.5311,1.40,1.00
2009.06.01 06:53:40.880,7.5234,7.5314,1.40,1.00
2009.06.01 06:53:41.160,7.5237,7.5314,1.40,1.00
2009.06.01 06:53:42.360,7.5217,7.53,1.40,1.00
2009.06.01 06:53:42.740,7.5215,7.53,1.40,1.00
2009.06.01 06:53:43.619,7.5216,7.5296,1.40,1.00
2009.06.01 06:53:43.850,7.5216,7.5291,1.40,1.00
2009.06.01 06:53:44.139,7.5217,7.5296,1.40,1.00
2009.06.01 06:53:44.469,7.5214,7.5291,1.40,1.00
2009.06.01 06:53:44.959,7.5215,7.5291,1.40,1.00
2009.06.01 06:53:45.529,7.5216,7.5291,1.40,1.00
2009.06.01 06:53:45.869,7.5217,7.5291,1.40,1.00
2009.06.01 06:53:46.229,7.5221,7.5296,1.40,1.00
2009.06.01 06:53:46.759,7.5221,7.5291,1.40,1.00
2009.06.01 06:53:46.989,7.52145,7.5291,1.40,1.00
2009.06.01 06:53:48.189,7.5212,7.5286,1.40,1.00
2009.06.01 06:53:48.418,7.52055,7.5281,1.40,1.00
2009.06.01 06:53:50.118,7.5184,7.5265,1.40,1.00
2009.06.01 06:53:50.468,7.51785,7.5265,1.40,1.00
2009.06.01 06:53:50.758,7.5175,7.526,1.40,1.00
2009.06.01 06:53:51.178,7.51855,7.5256,1.40,1.00
2009.06.01 06:53:51.468,7.51855,7.5261,1.40,1.00
2009.06.01 06:53:51.758,7.51855,7.5264,1.40,1.00
2009.06.01 06:53:52.107,7.5186,7.5261,1.40,1.00
2009.06.01 06:53:52.457,7.51875,7.5261,1.40,1.00
2009.06.01 06:53:53.257,7.51915,7.5264,1.40,1.00
2009.06.01 06:53:53.547,7.51915,7.5265,1.40,1.00
2009.06.01 06:53:54.187,7.51895,7.5265,1.40,1.00
2009.06.01 06:53:54.537,7.51905,7.5265,1.40,1.00
2009.06.01 06:53:54.887,7.51895,7.5265,1.40,1.00
2009.06.01 06:53:55.577,7.51915,7.5265,1.40,1.00
2009.06.01 06:53:55.917,7.51915,7.5266,1.40,1.00
2009.06.01 06:53:58.456,7.51895,7.5266,1.40,1.20
2009.06.01 06:53:58.636,7.51895,7.5266,1.40,1.20
2009.06.01 06:53:59.616,7.51915,7.5266,1.40,1.00
2009.06.01 06:53:59.966,7.51915,7.5266,1.40,1.00
2009.06.01 06:54:00.325,7.51915,7.5269,1.40,1.00
2009.06.01 06:54:00.755,7.51875,7.5266,1.40,1.00
2009.06.01 06:54:01.375,7.51875,7.5261,1.40,1.00
2009.06.01 06:54:02.015,7.51895,7.5261,1.40,1.00
2009.06.01 06:54:02.355,7.51895,7.5266,1.40,1.00
2009.06.01 06:54:02.655,7.51915,7.5266,1.40,1.00
2009.06.01 06:54:03.235,7.51925,7.5266,1.40,1.00
2009.06.01 06:54:04.044,7.51905,7.5266,1.40,1.00
2009.06.01 06:54:08.044,7.51905,7.5271,1.40,1.00
2009.06.01 06:54:08.334,7.51905,7.5274,1.40,4.80
2009.06.01 06:54:08.683,7.51925,7.5276,1.40,1.00
2009.06.01 06:54:12.643,7.51975,7.5286,1.40,1.00
2009.06.01 06:54:13.342,7.51975,7.5283,1.40,1.00
2009.06.01 06:54:13.572,7.51995,7.5283,1.40,1.00
2009.06.01 06:54:13.792,7.51995,7.5284,1.40,1.00
2009.06.01 06:54:14.192,7.5203,7.5286,1.40,1.00
2009.06.01 06:54:14.542,7.5205,7.5291,1.40,1.20
2009.06.01 06:54:14.882,7.5205,7.5291,1.40,1.00
2009.06.01 06:54:18.011,7.5208,7.5291,1.40,1.00
2009.06.01 06:54:18.341,7.5208,7.5296,1.40,1.00
2009.06.01 06:54:18.501,7.521,7.5291,1.40,1.00
2009.06.01 06:54:19.091,7.52115,7.5291,1.40,1.00
2009.06.01 06:54:19.491,7.521,7.5291,1.40,1.00
2009.06.01 06:54:19.831,7.52115,7.5291,1.40,1.00
2009.06.01 06:54:20.251,7.52115,7.5286,1.40,1.00
2009.06.01 06:54:20.691,7.52095,7.5286,1.40,1.00
2009.06.01 06:54:22.780,7.52045,7.52855,1.40,8.00
2009.06.01 06:54:23.000,7.52045,7.5281,1.40,1.00
2009.06.01 06:54:23.510,7.52085,7.5284,1.40,1.00
2009.06.01 06:54:24.030,7.52085,7.5286,1.40,1.00
2009.06.01 06:54:24.660,7.52085,7.5281,1.40,1.00
2009.06.01 06:54:24.999,7.52065,7.5286,1.40,1.00
2009.06.01 06:54:25.349,7.52065,7.5281,1.40,1.00
2009.06.01 06:54:27.969,7.52145,7.5286,1.40,1.00
2009.06.01 06:54:28.269,7.52145,7.529,1.40,4.80
2009.06.01 06:54:28.619,7.52145,7.5291,1.40,1.00
2009.06.01 06:54:30.008,7.5215,7.5291,1.40,1.00
2009.06.01 06:54:32.098,7.5217,7.5291,1.40,1.00
2009.06.01 06:54:32.378,7.5215,7.5291,1.40,1.00
2009.06.01 06:54:34.457,7.52115,7.5291,1.40,1.00
2009.06.01 06:54:34.757,7.52115,7.5286,1.40,1.00
2009.06.01 06:54:35.567,7.5215,7.5291,1.40,1.00
2009.06.01 06:54:36.077,7.52115,7.5286,1.40,1.00
2009.06.01 06:54:40.895,7.52135,7.5291,1.40,1.00
2009.06.01 06:54:41.645,7.5217,7.5291,1.40,1.00
2009.06.01 06:54:42.165,7.5213,7.5286,1.40,1.00
2009.06.01 06:54:42.635,7.5213,7.5291,1.40,1.00
2009.06.01 06:54:42.925,7.5217,7.5291,1.40,1.00
2009.06.01 06:54:44.665,7.5215,7.5291,1.40,1.00
2009.06.01 06:54:47.764,7.5219,7.5291,1.40,1.00
2009.06.01 06:54:47.994,7.5219,7.5253,1.40,1.60
2009.06.01 06:54:48.334,7.5219,7.5252,1.40,1.60
2009.06.01 06:54:48.794,7.5219,7.5252,1.40,1.00
2009.06.01 06:54:49.144,7.5224,7.5242,1.40,1.00
2009.06.01 06:54:49.494,7.52275,7.5241,1.40,1.00
2009.06.01 06:54:50.214,7.52255,7.5241,1.40,1.00
2009.06.01 06:54:51.703,7.52275,7.5241,1.40,1.00
2009.06.01 06:54:51.883,7.52255,7.5241,1.40,1.00
2009.06.01 06:54:53.993,7.52275,7.5241,1.40,1.00
2009.06.01 06:54:54.732,7.52295,7.5241,1.40,1.00
2009.06.01 06:54:55.092,7.52295,7.5255,1.40,1.00
2009.06.01 06:54:55.472,7.52275,7.5311,1.40,1.00
2009.06.01 06:54:55.832,7.52275,7.5277,1.40,1.60
2009.06.01 06:54:56.072,7.52255,7.5277,1.40,1.60
2009.06.01 06:54:56.302,7.52255,7.5276,1.40,1.60
2009.06.01 06:54:56.522,7.52225,7.5266,1.40,1.60
2009.06.01 06:54:56.982,7.52225,7.53,1.40,1.00
2009.06.01 06:54:57.562,7.52225,7.5267,1.40,1.60
2009.06.01 06:54:58.062,7.52245,7.5267,1.40,1.60
2009.06.01 06:54:58.352,7.52245,7.5267,1.40,1.60
2009.06.01 06:54:58.581,7.5222,7.5263,1.40,1.60
2009.06.01 06:54:58.812,7.5222,7.5263,1.40,1.60
2009.06.01 06:55:00.431,7.52245,7.5263,1.40,1.60
2009.06.01 06:55:00.791,7.52245,7.5263,1.40,1.60
2009.06.01 06:55:01.411,7.5222,7.5263,1.40,1.60
2009.06.01 06:55:01.691,7.5222,7.5263,1.40,1.60
2009.06.01 06:55:02.201,7.5222,7.5262,1.40,1.60
2009.06.01 06:55:02.880,7.52245,7.5262,1.40,1.60
2009.06.01 06:55:03.050,7.52245,7.5264,1.40,1.60
2009.06.01 06:55:03.350,7.52245,7.5263,1.40,1.60
2009.06.01 06:55:03.520,7.52245,7.5256,1.40,1.60
2009.06.01 06:55:03.860,7.52245,7.5256,1.40,1.60
2009.06.01 06:55:05.010,7.52275,7.5254,1.40,1.60
2009.06.01 06:55:05.290,7.52275,7.5254,1.40,1.00
2009.06.01 06:55:05.710,7.52295,7.5255,1.40,1.00
2009.06.01 06:55:06.160,7.52275,7.526,1.40,1.60
2009.06.01 06:55:06.480,7.52275,7.5259,1.40,1.60
2009.06.01 06:55:06.709,7.52295,7.5259,1.40,1.60
2009.06.01 06:55:07.129,7.52295,7.5259,1.40,1.00
2009.06.01 06:55:07.359,7.52295,7.5259,1.40,1.60
2009.06.01 06:55:07.649,7.52275,7.5259,1.40,1.60
2009.06.01 06:55:07.819,7.52275,7.5259,1.40,1.60
2009.06.01 06:55:08.159,7.52275,7.526,1.40,1.60
2009.06.01 06:55:08.339,7.52255,7.5311,1.40,1.00
2009.06.01 06:55:08.789,7.52255,7.5264,1.40,1.60
2009.06.01 06:55:09.359,7.52255,7.5263,1.40,1.60
2009.06.01 06:55:10.838,7.52255,7.5254,1.40,1.60
2009.06.01 06:55:11.598,7.52255,7.5255,1.40,1.60
2009.06.01 06:55:11.988,7.52255,7.5256,1.40,1.60
2009.06.01 06:55:12.328,7.52255,7.5255,1.40,1.60
2009.06.01 06:55:13.048,7.5222,7.5255,1.40,1.60
2009.06.01 06:55:13.228,7.52245,7.5254,1.40,1.60
2009.06.01 06:55:13.568,7.52245,7.5255,1.40,1.60
2009.06.01 06:55:13.908,7.52205,7.5248,1.40,1.00
2009.06.01 06:55:14.288,7.5217,7.5301,1.40,1.00
2009.06.01 06:55:14.638,7.5217,7.526,1.40,1.60
2009.06.01 06:55:15.028,7.5219,7.5259,1.40,1.60
2009.06.01 06:55:15.499,7.52245,7.5262,1.40,1.60
2009.06.01 06:55:15.957,7.52245,7.5256,1.40,1.60
2009.06.01 06:55:16.547,7.5227,7.5256,1.40,1.60
2009.06.01 06:55:16.827,7.5227,7.5259,1.40,1.00
2009.06.01 06:55:17.127,7.52255,7.5255,1.40,1.60
2009.06.01 06:55:17.307,7.52275,7.5256,1.40,1.00
2009.06.01 06:55:18.027,7.52255,7.5254,1.40,1.00
2009.06.01 06:55:21.566,7.52275,7.5254,1.40,1.00
2009.06.01 06:55:22.056,7.52345,7.5254,1.40,1.00
2009.06.01 06:55:24.565,7.5233,7.5254,1.40,1.00
2009.06.01 06:55:25.015,7.5233,7.5264,1.40,1.60
2009.06.01 06:55:25.415,7.52255,7.5316,1.40,1.00
2009.06.01 06:55:25.695,7.52255,7.5279,1.40,1.00
2009.06.01 06:55:27.205,7.52255,7.5267,1.40,1.00
2009.06.01 06:55:27.874,7.52275,7.5267,1.40,1.00
2009.06.01 06:55:28.954,7.52205,7.5267,1.40,1.00
2009.06.01 06:55:29.294,7.52205,7.5298,1.40,1.00
2009.06.01 06:55:29.984,7.52205,7.5268,1.40,1.60
2009.06.01 06:55:31.184,7.5222,7.5264,1.40,1.60
2009.06.01 06:55:31.524,7.5222,7.5264,1.40,1.00
2009.06.01 06:55:31.864,7.52245,7.5264,1.40,1.00
2009.06.01 06:55:32.163,7.52245,7.5265,1.40,1.00
2009.06.01 06:55:33.473,7.52275,7.5265,1.40,1.00
2009.06.01 06:55:33.703,7.52295,7.5265,1.40,1.00
2009.06.01 06:55:33.993,7.52295,7.5264,1.40,1.00
2009.06.01 06:55:35.523,7.5233,7.5264,1.40,1.00
2009.06.01 06:55:35.913,7.5233,7.5316,1.40,1.00
2009.06.01 06:55:36.552,7.5233,7.5319,1.40,1.00
2009.06.01 06:55:36.782,7.5236,7.5319,1.40,1.00
2009.06.01 06:55:37.062,7.524,7.5285,1.40,1.00
2009.06.01 06:55:37.752,7.524,7.5287,1.40,1.00
2009.06.01 06:55:39.432,7.5245,7.5283,1.40,1.00
2009.06.01 06:55:39.762,7.5245,7.5289,1.40,1.60
2009.06.01 06:55:40.151,7.52435,7.5323,1.40,1.00
2009.06.01 06:55:40.481,7.52455,7.5292,1.40,1.60
2009.06.01 06:55:40.721,7.52455,7.5279,1.40,1.60
2009.06.01 06:55:41.401,7.52435,7.5279,1.40,1.60
2009.06.01 06:55:41.921,7.52435,7.5273,1.40,1.60
2009.06.01 06:55:42.191,7.52415,7.5271,1.40,1.60
2009.06.01 06:55:42.521,7.52365,7.5321,1.40,1.00
2009.06.01 06:55:42.861,7.52365,7.5275,1.40,1.60
2009.06.01 06:55:43.211,7.524,7.5275,1.40,1.60
2009.06.01 06:55:43.601,7.524,7.5326,1.40,1.00
2009.06.01 06:55:44.010,7.5245,7.5283,1.40,1.60
2009.06.01 06:55:44.431,7.5245,7.5283,1.40,1.00
2009.06.01 06:55:44.840,7.52485,7.5283,1.40,1.00
2009.06.01 06:55:45.180,7.52535,7.5273,1.40,1.00
2009.06.01 06:55:45.570,7.5252,7.5336,1.40,1.00
2009.06.01 06:55:45.910,7.5252,7.5292,1.40,1.60
2009.06.01 06:55:48.319,7.5256,7.5282,1.40,1.00
2009.06.01 06:55:49.499,7.5254,7.5282,1.40,1.00
2009.06.01 06:55:49.899,7.5252,7.5282,1.40,1.60
2009.06.01 06:55:50.229,7.5252,7.5336,1.40,1.00
2009.06.01 06:55:50.629,7.5252,7.5292,1.40,1.60
2009.06.01 06:55:50.909,7.5252,7.5296,1.40,1.60
2009.06.01 06:55:51.249,7.5256,7.5336,1.40,1.00
2009.06.01 06:55:51.799,7.5252,7.5336,1.40,1.00
2009.06.01 06:55:52.088,7.5252,7.5292,1.40,1.60
2009.06.01 06:55:52.369,7.5252,7.5336,1.40,1.00
2009.06.01 06:55:52.609,7.5249,7.5336,1.40,1.00
2009.06.01 06:55:53.708,7.5249,7.5289,1.40,1.60
2009.06.01 06:55:54.398,7.52465,7.5289,1.40,1.60
2009.06.01 06:55:54.758,7.52505,7.528,1.40,1.60
2009.06.01 06:55:55.447,7.52505,7.528,1.40,1.00
2009.06.01 06:55:56.347,7.5254,7.528,1.40,1.00
2009.06.01 06:55:58.377,7.5252,7.528,1.40,1.00
2009.06.01 06:55:58.547,7.5252,7.5279,1.40,1.00
2009.06.01 06:56:00.077,7.5247,7.5279,1.40,1.00
2009.06.01 06:56:00.426,7.5247,7.5331,1.40,1.00
2009.06.01 06:56:00.767,7.5244,7.5285,1.40,1.60
2009.06.01 06:56:01.116,7.5244,7.5329,1.40,1.00
2009.06.01 06:56:01.466,7.5244,7.5284,1.40,1.60
2009.06.01 06:56:01.986,7.52415,7.5284,1.40,1.60
2009.06.01 06:56:02.436,7.52415,7.5281,1.40,1.60
2009.06.01 06:56:02.606,7.52365,7.5276,1.40,1.60
2009.06.01 06:56:02.906,7.5233,7.531,1.40,1.00
2009.06.01 06:56:03.236,7.5235,7.5271,1.40,1.60
2009.06.01 06:56:04.816,7.5238,7.5267,1.40,1.00
2009.06.01 06:56:05.165,7.52405,7.5267,1.40,1.00
2009.06.01 06:56:07.625,7.5243,7.5267,1.40,1.00
2009.06.01 06:56:08.204,7.5243,7.5268,1.40,1.00
2009.06.01 06:56:11.794,7.52455,7.5268,1.40,1.00
2009.06.01 06:56:14.533,7.52485,7.5268,1.40,1.00
2009.06.01 06:56:15.753,7.52465,7.5268,1.40,1.00
2009.06.01 06:56:16.502,7.52485,7.5268,1.40,1.00
2009.06.01 06:56:16.953,7.5251,7.5268,1.40,1.00
2009.06.01 06:56:19.152,7.525,7.5268,1.40,1.00
2009.06.01 06:56:20.672,7.5239,7.5268,1.40,1.00
2009.06.01 06:56:21.261,7.52355,7.5268,1.40,1.00
2009.06.01 06:56:21.491,7.5238,7.5268,1.40,1.00
2009.06.01 06:56:22.091,7.5235,7.5268,1.40,1.00
2009.06.01 06:56:22.442,7.5235,7.5264,1.40,1.60
2009.06.01 06:56:22.961,7.5239,7.5268,1.40,1.00
2009.06.01 06:56:23.191,7.5242,7.5268,1.40,1.00
2009.06.01 06:56:24.071,7.524,7.5268,1.40,1.00
2009.06.01 06:56:24.761,7.52375,7.5269,1.40,1.60
2009.06.01 06:56:25.270,7.5209,7.5264,1.00,1.00
2009.06.01 06:56:25.610,7.5173,7.525,1.00,1.00
2009.06.01 06:56:26.000,7.5173,7.5237,1.00,1.00
2009.06.01 06:56:26.870,7.5181,7.5233,1.00,1.00
2009.06.01 06:56:28.200,7.51785,7.5233,1.00,1.00
2009.06.01 06:56:28.320,7.5176,7.5233,1.00,1.00
2009.06.01 06:56:28.610,7.51815,7.5233,1.00,1.00
2009.06.01 06:56:29.280,7.51825,7.5233,1.00,1.00
2009.06.01 06:56:29.889,7.51775,7.5233,1.00,1.00
2009.06.01 06:56:30.219,7.51835,7.5233,1.00,1.00
2009.06.01 06:56:30.969,7.51745,7.5231,1.00,1.00
2009.06.01 06:56:33.378,7.51765,7.5229,1.00,1.60
2009.06.01 06:56:33.718,7.51765,7.5229,1.00,1.00
2009.06.01 06:56:34.458,7.51725,7.5229,1.00,1.00
2009.06.01 06:56:34.798,7.51705,7.5222,1.00,1.00
2009.06.01 06:56:35.148,7.51715,7.5222,1.00,1.00
2009.06.01 06:56:36.208,7.51715,7.521,1.00,1.00
2009.06.01 06:56:36.438,7.5164,7.521,1.40,1.00
2009.06.01 06:56:36.738,7.5159,7.5205,1.40,1.00
2009.06.01 06:56:37.018,7.5154,7.5205,1.40,1.00
2009.06.01 06:56:37.368,7.5159,7.5201,1.40,1.00
2009.06.01 06:56:37.888,7.5159,7.5204,1.40,1.00
2009.06.01 06:56:38.357,7.5154,7.5201,1.40,1.00
2009.06.01 06:56:40.697,7.5159,7.5202,1.40,1.00
2009.06.01 06:56:41.327,7.5159,7.5201,1.40,1.00
2009.06.01 06:56:41.677,7.5137,7.5196,1.60,1.00
2009.06.01 06:56:42.016,7.5145,7.5196,1.40,1.00
2009.06.01 06:56:43.196,7.5144,7.5191,1.40,1.00
2009.06.01 06:56:43.486,7.5141,7.5186,1.40,1.00
2009.06.01 06:56:45.766,7.5136,7.519,1.60,1.60
2009.06.01 06:56:46.006,7.5136,7.5191,3.00,2.40
2009.06.01 06:56:46.236,7.5136,7.5191,3.00,1.00
2009.06.01 06:56:46.575,7.5147,7.5196,1.40,1.00
2009.06.01 06:56:46.846,7.5139,7.5201,1.60,1.00
2009.06.01 06:56:47.085,7.5152,7.5201,1.40,1.00
2009.06.01 06:56:47.396,7.5157,7.5206,1.40,1.00
2009.06.01 06:56:47.675,7.5152,7.5201,1.40,1.00
2009.06.01 06:56:47.915,7.5152,7.52,1.40,1.60
2009.06.01 06:56:48.305,7.5154,7.5204,1.40,1.60
2009.06.01 06:56:48.715,7.5154,7.5201,1.40,1.00
2009.06.01 06:56:49.185,7.5151,7.5196,1.40,1.00
2009.06.01 06:56:49.525,7.5139,7.5196,3.00,2.40
2009.06.01 06:56:49.875,7.5152,7.5201,1.40,1.00
2009.06.01 06:56:50.174,7.5147,7.5196,1.40,1.00
2009.06.01 06:56:50.864,7.5147,7.5194,1.40,1.60
2009.06.01 06:56:51.214,7.5149,7.5184,1.40,1.60
2009.06.01 06:56:51.554,7.5146,7.5184,1.40,1.60
2009.06.01 06:56:51.914,7.5144,7.5182,1.40,1.60
2009.06.01 06:56:52.314,7.5144,7.5177,1.40,1.60
2009.06.01 06:56:52.844,7.5144,7.5193,1.40,1.00
2009.06.01 06:56:53.994,7.5144,7.5179,1.40,1.60
2009.06.01 06:56:55.203,7.5139,7.5177,1.40,1.60
2009.06.01 06:56:55.625,7.5139,7.5172,1.40,1.60
2009.06.01 06:56:55.973,7.5139,7.5171,1.40,1.60
2009.06.01 06:56:57.943,7.5134,7.5171,1.40,1.60
2009.06.01 06:56:58.223,7.5134,7.5169,1.40,2.00
2009.06.01 06:56:58.453,7.5129,7.5167,1.40,1.60
2009.06.01 06:56:58.682,7.5129,7.5163,1.40,1.60
2009.06.01 06:56:58.912,7.5134,7.5163,1.40,1.60
2009.06.01 06:56:59.483,7.5129,7.5167,1.40,1.60
2009.06.01 06:56:59.952,7.5124,7.5159,1.40,1.60
2009.06.01 06:57:01.162,7.5124,7.5155,1.40,1.60
2009.06.01 06:57:01.802,7.5112,7.5149,1.40,1.60
2009.06.01 06:57:02.672,7.5099,7.5148,3.00,1.60
2009.06.01 06:57:02.972,7.5112,7.5143,1.40,1.60
2009.06.01 06:57:03.201,7.5112,7.5147,1.40,2.00
2009.06.01 06:57:03.431,7.5112,7.5163,1.40,1.00
2009.06.01 06:57:04.312,7.5123,7.5163,1.60,1.00
2009.06.01 06:57:04.651,7.5097,7.5161,3.00,1.00
2009.06.01 06:57:05.001,7.5118,7.5161,1.60,1.00
2009.06.01 06:57:05.781,7.5119,7.5148,1.60,1.00
2009.06.01 06:57:06.121,7.5095,7.5148,1.40,1.00
2009.06.01 06:57:07.900,7.5109,7.5146,1.60,1.00
2009.06.01 06:57:08.710,7.5087,7.5146,3.20,1.00
2009.06.01 06:57:08.890,7.5109,7.5187,1.60,6.40
2009.06.01 06:57:09.220,7.5134,7.5185,1.60,1.00
2009.06.01 06:57:09.680,7.5105,7.5188,1.40,1.00
2009.06.01 06:57:10.140,7.5136,7.5184,1.60,1.00
2009.06.01 06:57:10.500,7.5125,7.518,1.60,1.00
2009.06.01 06:57:10.799,7.5122,7.518,1.60,1.20
2009.06.01 06:57:13.889,7.5119,7.51825,1.60,1.00
2009.06.01 06:57:14.229,7.5118,7.5182,1.60,1.00
2009.06.01 06:57:14.918,7.5119,7.5182,1.60,1.00
2009.06.01 06:57:15.748,7.5119,7.5182,3.00,1.00
2009.06.01 06:57:16.038,7.5123,7.5182,1.60,1.00
2009.06.01 06:57:17.508,7.5124,7.5183,1.60,1.00
2009.06.01 06:57:18.268,7.5127,7.5183,1.60,1.00
2009.06.01 06:57:19.517,7.5123,7.5184,1.60,1.00
2009.06.01 06:57:20.197,7.5119,7.5184,3.00,1.00
2009.06.01 06:57:20.547,7.5119,7.5188,1.40,1.00
2009.06.01 06:57:21.817,7.5119,7.5188,3.00,1.20
2009.06.01 06:57:22.177,7.5119,7.5188,3.00,1.00
2009.06.01 06:57:22.407,7.5124,7.5188,1.40,1.00
2009.06.01 06:57:22.687,7.5127,7.5188,1.60,1.00
2009.06.01 06:57:23.027,7.5126,7.5188,1.60,1.00
2009.06.01 06:57:23.676,7.5114,7.51845,1.60,1.00
2009.06.01 06:57:23.916,7.5114,7.5184,1.60,1.00
2009.06.01 06:57:24.096,7.5102,7.5198,1.40,1.00
2009.06.01 06:57:25.186,7.5115,7.5189,1.60,1.60
2009.06.01 06:57:25.866,7.5116,7.519,1.60,2.00
2009.06.01 06:57:26.596,7.5115,7.5185,1.60,2.00
2009.06.01 06:57:26.876,7.5113,7.5183,1.60,2.00
2009.06.01 06:57:27.556,7.512,7.5183,1.60,1.00
2009.06.01 06:57:27.735,7.5121,7.5193,1.60,1.60
2009.06.01 06:57:28.136,7.5121,7.5193,1.60,2.00
2009.06.01 06:57:28.685,7.5121,7.5168,1.60,1.00
2009.06.01 06:57:29.025,7.5095,7.5168,1.40,1.00
2009.06.01 06:57:29.385,7.5095,7.5165,1.40,1.00
2009.06.01 06:57:30.005,7.5097,7.5161,1.60,1.00
2009.06.01 06:57:30.335,7.5102,7.5164,1.60,1.00
2009.06.01 06:57:32.474,7.5104,7.5166,1.40,1.00
2009.06.01 06:57:32.864,7.5094,7.518,1.60,2.40
2009.06.01 06:57:33.024,7.5097,7.5166,1.40,1.00
2009.06.01 06:57:33.504,7.5107,7.51965,1.40,1.00
2009.06.01 06:57:33.914,7.5121,7.51965,1.60,1.00
2009.06.01 06:57:34.964,7.5123,7.51885,1.60,1.00
2009.06.01 06:57:35.364,7.512,7.5187,1.60,1.00
2009.06.01 06:57:35.984,7.5119,7.5187,1.60,1.00
2009.06.01 06:57:36.903,7.512,7.519,1.60,1.80
2009.06.01 06:57:37.643,7.5123,7.51925,1.60,1.00
2009.06.01 06:57:38.013,7.5123,7.5193,1.60,1.60
2009.06.01 06:57:38.353,7.5124,7.5194,1.60,1.60
2009.06.01 06:57:38.623,7.5125,7.5195,1.60,1.60
2009.06.01 06:57:39.563,7.5103,7.5181,1.60,1.60
2009.06.01 06:57:40.472,7.5099,7.5177,1.60,1.60
2009.06.01 06:57:40.812,7.5102,7.5172,1.60,1.60
2009.06.01 06:57:41.092,7.5082,7.5172,1.60,1.60
2009.06.01 06:57:41.332,7.5103,7.5177,1.60,1.60
2009.06.01 06:57:41.922,7.5101,7.5174,1.60,1.00
2009.06.01 06:57:42.332,7.5105,7.5174,1.40,1.00
2009.06.01 06:57:42.782,7.5121,7.5174,1.60,1.00
2009.06.01 06:57:43.072,7.5123,7.5174,1.60,1.00
2009.06.01 06:57:44.052,7.5126,7.5175,1.60,1.00
2009.06.01 06:57:44.901,7.5123,7.5175,1.60,1.00
2009.06.01 06:57:45.531,7.5125,7.5175,1.60,1.00
2009.06.01 06:57:45.871,7.5126,7.52,1.60,1.60
2009.06.01 06:57:46.211,7.5126,7.52,1.60,1.80
2009.06.01 06:57:47.001,7.5128,7.5196,1.60,1.00
2009.06.01 06:57:47.341,7.5112,7.5177,1.40,1.60
2009.06.01 06:57:50.780,7.5114,7.5204,1.40,1.00
2009.06.01 06:57:50.900,7.5114,7.5177,1.40,1.60
2009.06.01 06:57:51.070,7.5099,7.5177,1.60,1.60
2009.06.01 06:57:51.240,7.5107,7.5173,1.40,1.60
2009.06.01 06:57:53.939,7.5114,7.5171,1.40,1.60
2009.06.01 06:57:54.159,7.5114,7.5173,1.40,1.60
2009.06.01 06:57:54.449,7.5109,7.5174,1.40,1.60
2009.06.01 06:57:54.679,7.5109,7.5171,1.40,1.60
2009.06.01 06:57:54.919,7.5109,7.5172,1.40,1.60
2009.06.01 06:57:56.389,7.5109,7.5169,1.40,1.60
2009.06.01 06:57:56.968,7.5141,7.5204,1.60,1.00
2009.06.01 06:57:57.198,7.5141,7.5204,1.60,1.00
2009.06.01 06:57:58.268,7.5152,7.5199,1.60,1.00
2009.06.01 06:57:58.568,7.515,7.5196,1.60,1.00
2009.06.01 06:57:58.928,7.5151,7.5196,1.60,1.00
2009.06.01 06:57:59.218,7.515,7.5195,1.60,1.00
2009.06.01 06:57:59.608,7.5149,7.5195,1.60,1.00
2009.06.01 06:58:01.477,7.5151,7.5195,1.60,1.00
2009.06.01 06:58:02.457,7.5147,7.5195,1.60,1.00
2009.06.01 06:58:04.347,7.5147,7.5191,1.60,1.00
2009.06.01 06:58:04.697,7.5142,7.519,1.60,1.00
2009.06.01 06:58:05.046,7.5142,7.5189,1.60,1.00
2009.06.01 06:58:05.396,7.5089,7.51895,1.40,1.00
2009.06.01 06:58:05.726,7.5081,7.5182,1.40,1.00
2009.06.01 06:58:06.056,7.5081,7.5182,1.40,1.00
2009.06.01 06:58:06.466,7.5094,7.5182,1.40,1.00
2009.06.01 06:58:07.496,7.5127,7.51835,1.60,1.00
2009.06.01 06:58:07.726,7.5129,7.5189,1.60,1.00
2009.06.01 06:58:07.956,7.5132,7.5189,1.60,1.00
2009.06.01 06:58:08.406,7.5134,7.5189,1.60,1.00
2009.06.01 06:58:08.806,7.515,7.5188,1.60,1.00
2009.06.01 06:58:09.395,7.5115,7.5208,1.40,1.00
2009.06.01 06:58:09.735,7.5154,7.52045,1.60,1.00
2009.06.01 06:58:10.085,7.5151,7.5209,1.60,1.00
2009.06.01 06:58:10.435,7.5149,7.5205,1.60,1.00
2009.06.01 06:58:10.835,7.5154,7.5203,1.60,1.00
2009.06.01 06:58:12.085,7.5152,7.5201,1.60,1.00
2009.06.01 06:58:12.365,7.515,7.5199,1.60,1.00
2009.06.01 06:58:12.985,7.5151,7.5199,1.60,1.00
2009.06.01 06:58:13.804,7.5149,7.5199,1.60,1.00
2009.06.01 06:58:14.384,7.5149,7.5194,1.60,1.00
2009.06.01 06:58:14.554,7.5099,7.51955,1.40,1.00
2009.06.01 06:58:15.464,7.5094,7.51955,1.40,1.00
2009.06.01 06:58:15.864,7.5099,7.5191,1.40,1.00
2009.06.01 06:58:16.154,7.5129,7.5189,1.60,1.00
2009.06.01 06:58:16.434,7.5129,7.5189,1.60,1.20
2009.06.01 06:58:16.724,7.5125,7.5189,1.60,1.20
2009.06.01 06:58:19.453,7.5134,7.5183,1.60,1.00
2009.06.01 06:58:19.693,7.5133,7.5183,1.60,1.00
2009.06.01 06:58:20.413,7.5133,7.5181,1.60,1.00
2009.06.01 06:58:20.693,7.5133,7.51795,1.60,1.00
2009.06.01 06:58:20.982,7.5131,7.5178,1.60,1.00
2009.06.01 06:58:21.273,7.5136,7.5178,1.60,1.00
2009.06.01 06:58:23.752,7.5137,7.5178,1.60,1.00
2009.06.01 06:58:24.522,7.5138,7.5178,1.60,1.00
2009.06.01 06:58:24.852,7.5137,7.5178,1.60,1.00
2009.06.01 06:58:25.212,7.5134,7.5178,1.60,1.00
2009.06.01 06:58:26.132,7.5133,7.5178,1.60,1.00
2009.06.01 06:58:26.471,7.5081,7.51795,1.40,1.00
2009.06.01 06:58:28.481,7.5079,7.51795,3.00,1.00
2009.06.01 06:58:28.711,7.5092,7.51795,1.40,1.00
2009.06.01 06:58:28.881,7.5127,7.5181,1.60,1.00
2009.06.01 06:58:29.111,7.513,7.5181,1.60,1.00
2009.06.01 06:58:29.381,7.5084,7.5181,1.40,1.00
2009.06.01 06:58:29.821,7.5123,7.5184,1.60,1.00
2009.06.01 06:58:34.419,7.5137,7.5183,1.60,1.00
2009.06.01 06:58:36.079,7.5135,7.5183,1.60,1.00
2009.06.01 06:58:36.309,7.5136,7.5183,1.60,1.00
2009.06.01 06:58:36.759,7.5138,7.5198,1.60,1.00
2009.06.01 06:58:37.448,7.5138,7.5194,1.60,1.60
2009.06.01 06:58:37.808,7.5122,7.5173,1.60,1.00
2009.06.01 06:58:38.208,7.5126,7.5173,1.60,1.00
2009.06.01 06:58:38.908,7.5126,7.5169,1.60,1.00
2009.06.01 06:58:39.368,7.5129,7.5166,1.60,1.00
2009.06.01 06:58:39.658,7.5112,7.5171,1.40,1.00
2009.06.01 06:58:39.988,7.5124,7.5171,1.60,1.00
2009.06.01 06:58:42.527,7.5129,7.5171,1.60,1.00
2009.06.01 06:58:42.698,7.5127,7.5171,1.60,1.00
2009.06.01 06:58:42.988,7.5128,7.5171,1.60,1.00
2009.06.01 06:58:43.287,7.513,7.5171,1.60,1.00
2009.06.01 06:58:43.647,7.5127,7.5171,1.60,1.00
2009.06.01 06:58:44.327,7.5126,7.5171,1.60,1.00
2009.06.01 06:58:45.277,7.5126,7.517,1.60,1.00
2009.06.01 06:58:45.687,7.5122,7.5166,1.60,1.00
2009.06.01 06:58:46.157,7.5125,7.5169,1.60,1.00
2009.06.01 06:58:46.446,7.5123,7.5169,1.60,1.00
2009.06.01 06:58:46.726,7.5123,7.517,1.60,1.00
2009.06.01 06:58:46.896,7.513,7.517,1.60,1.00
2009.06.01 06:58:49.796,7.5136,7.5171,1.60,1.00
2009.06.01 06:58:54.015,7.514,7.5172,1.60,1.00
2009.06.01 06:58:54.475,7.5138,7.5172,1.60,1.00
2009.06.01 06:58:54.834,7.5139,7.5172,1.60,1.00
2009.06.01 06:58:57.464,7.5141,7.5188,1.60,1.00
2009.06.01 06:58:57.754,7.5143,7.5188,1.60,1.00
2009.06.01 06:58:58.094,7.5145,7.5188,1.60,1.00
2009.06.01 06:58:59.153,7.5148,7.5186,1.60,1.00
2009.06.01 06:59:01.053,7.5144,7.5186,1.60,1.00
2009.06.01 06:59:01.273,7.5144,7.5185,1.60,1.00
2009.06.01 06:59:01.553,7.512,7.5181,1.40,1.00
2009.06.01 06:59:04.992,7.5131,7.5164,1.60,1.00
2009.06.01 06:59:05.302,7.5131,7.5166,1.60,1.00
2009.06.01 06:59:05.652,7.5134,7.5166,1.60,1.00
2009.06.01 06:59:08.661,7.5134,7.5164,1.60,1.00
2009.06.01 06:59:09.001,7.5131,7.5164,1.60,1.00
2009.06.01 06:59:09.801,7.5131,7.5166,1.60,1.00
2009.06.01 06:59:10.421,7.5134,7.5166,1.60,1.00
2009.06.01 06:59:10.841,7.5134,7.515,1.60,1.00
2009.06.01 06:59:11.191,7.5122,7.5155,3.00,1.00
2009.06.01 06:59:11.531,7.5124,7.5155,1.60,1.00
2009.06.01 06:59:12.060,7.5123,7.5151,1.60,1.00
2009.06.01 06:59:12.630,7.5126,7.5151,1.60,1.00
2009.06.01 06:59:12.790,7.5127,7.5151,1.60,1.00
2009.06.01 06:59:17.289,7.5126,7.5151,1.60,1.00
2009.06.01 06:59:18.239,7.5127,7.5151,1.60,1.00
2009.06.01 06:59:18.419,7.5114,7.5161,3.00,1.00
2009.06.01 06:59:18.719,7.5132,7.516,1.40,1.00
2009.06.01 06:59:18.779,7.5122,7.516,3.00,1.00
2009.06.01 06:59:19.059,7.5136,7.516,1.60,1.00
2009.06.01 06:59:19.229,7.5141,7.5173,1.60,1.00
2009.06.01 06:59:19.618,7.5139,7.5173,1.40,1.00
2009.06.01 06:59:20.528,7.5145,7.5171,1.60,1.00
2009.06.01 06:59:20.878,7.5127,7.5166,1.60,1.00
2009.06.01 06:59:21.178,7.5143,7.5176,1.60,1.00
2009.06.01 06:59:21.578,7.5145,7.5173,1.60,1.00
2009.06.01 06:59:21.918,7.5141,7.5168,1.60,1.00
2009.06.01 06:59:22.208,7.5142,7.5171,1.60,1.00
2009.06.01 06:59:22.498,7.5144,7.5166,1.60,1.00
2009.06.01 06:59:22.838,7.5147,7.5171,1.60,1.00
2009.06.01 06:59:23.357,7.5144,7.5171,1.60,1.00
2009.06.01 06:59:23.998,7.5145,7.5171,1.60,1.00
2009.06.01 06:59:24.398,7.5124,7.5163,1.60,1.00
2009.06.01 06:59:26.677,7.5123,7.5156,1.60,1.00
2009.06.01 06:59:28.966,7.5135,7.5168,1.40,1.00
2009.06.01 06:59:29.146,7.5127,7.5168,1.60,1.00
2009.06.01 06:59:29.376,7.5135,7.5168,1.40,1.00
2009.06.01 06:59:29.766,7.5127,7.5168,1.60,1.00
2009.06.01 06:59:30.776,7.5128,7.5161,1.60,1.00
2009.06.01 06:59:31.176,7.5131,7.5161,1.60,1.00
2009.06.01 06:59:31.586,7.5131,7.5166,1.60,1.00
2009.06.01 06:59:32.396,7.5128,7.5161,1.60,1.00
2009.06.01 06:59:33.605,7.5126,7.5161,1.60,1.00
2009.06.01 06:59:36.255,7.5125,7.5153,1.00,1.00
2009.06.01 06:59:36.545,7.5119,7.5148,1.40,1.00
2009.06.01 06:59:36.775,7.5114,7.5143,1.40,1.00
2009.06.01 06:59:37.054,7.5109,7.5138,1.40,1.00
2009.06.01 06:59:37.344,7.5109,7.5141,1.40,1.00
2009.06.01 06:59:37.914,7.5114,7.5141,1.40,1.00
2009.06.01 06:59:38.254,7.5114,7.5146,1.40,1.00
2009.06.01 06:59:38.654,7.5099,7.5146,3.00,1.00
2009.06.01 06:59:38.944,7.5107,7.5141,1.40,1.00
2009.06.01 06:59:40.034,7.5099,7.5146,1.60,1.00
2009.06.01 06:59:40.724,7.511,7.5138,1.60,1.00
2009.06.01 06:59:41.473,7.5115,7.5138,1.60,1.00
2009.06.01 06:59:41.773,7.5097,7.5139,1.60,1.00
2009.06.01 06:59:43.203,7.5107,7.5139,1.40,1.00
2009.06.01 06:59:43.483,7.5107,7.5136,1.40,1.00
2009.06.01 06:59:43.723,7.5112,7.5141,1.40,1.00
2009.06.01 06:59:43.953,7.5101,7.5136,1.60,1.00
2009.06.01 06:59:44.223,7.5115,7.5141,1.60,1.00
2009.06.01 06:59:44.672,7.5104,7.5144,1.60,1.00
2009.06.01 06:59:45.123,7.5117,7.5146,1.40,1.00
2009.06.01 06:59:45.472,7.5119,7.5146,1.60,1.00
2009.06.01 06:59:46.162,7.5119,7.5146,1.60,1.00
2009.06.01 06:59:46.502,7.5118,7.5146,1.60,1.00
2009.06.01 06:59:47.332,7.5118,7.5139,1.60,1.00
2009.06.01 06:59:47.432,7.5114,7.5141,1.60,1.00
2009.06.01 06:59:47.732,7.5116,7.5136,1.60,1.00
2009.06.01 06:59:48.012,7.5111,7.5136,1.60,1.00
2009.06.01 06:59:48.302,7.5112,7.5136,1.60,1.00
2009.06.01 06:59:48.762,7.5111,7.5136,1.60,1.00
2009.06.01 06:59:49.401,7.5112,7.5136,1.60,1.00
2009.06.01 06:59:51.371,7.5109,7.5136,1.40,1.00
2009.06.01 06:59:52.171,7.5109,7.5135,1.40,1.00
2009.06.01 06:59:52.391,7.5109,7.5136,1.40,1.00
2009.06.01 06:59:53.151,7.5104,7.5136,1.40,1.00
2009.06.01 06:59:53.950,7.5104,7.513,1.40,1.00
2009.06.01 06:59:54.290,7.5099,7.5129,1.40,1.00
2009.06.01 06:59:55.160,7.5101,7.5142,1.60,1.00
2009.06.01 06:59:55.510,7.5107,7.5143,1.40,1.00
2009.06.01 06:59:55.970,7.5099,7.5148,1.60,1.00
2009.06.01 06:59:56.190,7.5091,7.5136,1.60,1.00
2009.06.01 06:59:56.470,7.5105,7.5141,1.40,1.00
2009.06.01 06:59:57.160,7.5089,7.5133,1.60,1.00
2009.06.01 06:59:57.519,7.5087,7.5133,1.60,1.00
2009.06.01 06:59:57.939,7.51,7.5133,1.40,1.00
2009.06.01 06:59:59.079,7.5091,7.5129,1.60,1.00
2009.06.01 06:59:59.359,7.5099,7.5126,1.40,1.00
2009.06.01 06:59:59.589,7.5086,7.5119,1.60,1.60
2009.06.01 06:59:59.989,7.5092,7.5121,1.40,1.00
