2010.09.15 07:00:01.028,7.08215,7.084,3.20,1.00
2010.09.15 07:00:01.331,7.08215,7.0837,3.20,1.00
2010.09.15 07:00:01.668,7.08215,7.0836,3.20,1.00
2010.09.15 07:00:02.401,7.0825,7.08415,3.20,1.60
2010.09.15 07:00:02.764,7.082,7.08415,1.00,1.60
2010.09.15 07:00:03.110,7.0821,7.08415,1.00,1.60
2010.09.15 07:00:03.790,7.0819,7.08385,1.00,1.60
2010.09.15 07:00:04.146,7.0819,7.08395,1.00,1.60
2010.09.15 07:00:04.896,7.08315,7.0842,3.20,1.00
2010.09.15 07:00:05.258,7.08355,7.0854,3.20,1.00
2010.09.15 07:00:06.026,7.0841,7.0856,3.20,1.00
2010.09.15 07:00:06.384,7.08385,7.0852,3.20,1.00
2010.09.15 07:00:07.780,7.08385,7.0854,3.20,1.00
2010.09.15 07:00:08.131,7.0836,7.0854,3.20,1.00
2010.09.15 07:00:11.218,7.0841,7.08585,3.20,1.60
2010.09.15 07:00:11.655,7.0841,7.0859,3.20,1.00
2010.09.15 07:00:11.958,7.0843,7.0859,3.20,1.00
2010.09.15 07:00:12.641,7.0841,7.0855,3.20,1.00
2010.09.15 07:00:12.987,7.08385,7.0855,3.20,1.00
2010.09.15 07:00:14.020,7.08365,7.08515,3.20,1.00
2010.09.15 07:00:14.368,7.08355,7.08515,3.20,1.00
2010.09.15 07:00:15.142,7.08385,7.0854,3.20,1.00
2010.09.15 07:00:18.757,7.08435,7.08575,3.20,1.00
2010.09.15 07:00:19.221,7.0841,7.08575,3.20,1.00
2010.09.15 07:00:19.898,7.08435,7.086,3.20,1.00
2010.09.15 07:00:20.255,7.0841,7.08575,3.20,1.00
2010.09.15 07:00:20.539,7.08435,7.08615,3.20,1.00
2010.09.15 07:00:21.206,7.08435,7.0864,3.20,1.00
2010.09.15 07:00:21.495,7.0846,7.0865,3.20,1.00
2010.09.15 07:00:22.181,7.0846,7.08635,3.20,1.60
2010.09.15 07:00:22.595,7.0846,7.08635,3.20,2.40
2010.09.15 07:00:22.860,7.0836,7.0861,1.00,1.00
2010.09.15 07:00:23.127,7.0835,7.0861,1.00,1.60
2010.09.15 07:00:23.388,7.0834,7.08585,1.00,2.40
2010.09.15 07:00:24.191,7.0836,7.0857,1.00,3.20
2010.09.15 07:00:24.881,7.08395,7.08625,1.00,1.00
2010.09.15 07:00:25.511,7.08405,7.08625,3.20,1.00
2010.09.15 07:00:26.072,7.0841,7.08625,1.00,1.00
2010.09.15 07:00:26.785,7.0842,7.08625,1.00,1.00
2010.09.15 07:00:27.104,7.0845,7.0864,1.00,1.00
2010.09.15 07:00:27.440,7.0845,7.08655,1.00,3.20
2010.09.15 07:00:27.883,7.0845,7.08655,1.00,1.00
2010.09.15 07:00:28.563,7.0844,7.0863,3.30,1.00
2010.09.15 07:00:29.264,7.0844,7.0863,1.00,1.00
2010.09.15 07:00:29.571,7.084,7.08615,1.00,3.20
2010.09.15 07:00:29.876,7.0842,7.08615,1.00,3.20
2010.09.15 07:00:30.578,7.0842,7.08615,1.00,3.20
2010.09.15 07:00:30.930,7.0844,7.08625,1.00,1.60
2010.09.15 07:00:31.279,7.0841,7.0862,1.00,1.00
2010.09.15 07:00:32.054,7.0841,7.0859,1.00,1.00
2010.09.15 07:00:32.400,7.084,7.0859,1.00,1.00
2010.09.15 07:00:33.150,7.08375,7.0858,1.00,1.00
2010.09.15 07:00:33.501,7.08375,7.0856,1.00,1.00
2010.09.15 07:00:33.851,7.08375,7.0855,1.00,1.00
2010.09.15 07:00:34.525,7.08375,7.0853,1.00,1.00
2010.09.15 07:00:34.883,7.08365,7.0855,1.00,1.00
2010.09.15 07:00:35.588,7.08365,7.0854,1.00,1.00
2010.09.15 07:00:36.239,7.0833,7.0854,4.00,1.00
2010.09.15 07:00:36.971,7.0833,7.0854,1.00,1.00
2010.09.15 07:00:37.316,7.0829,7.085,1.00,3.30
2010.09.15 07:00:37.574,7.0829,7.0847,1.00,3.20
2010.09.15 07:00:39.153,7.0829,7.0849,1.00,3.20
2010.09.15 07:00:39.586,7.0829,7.0851,1.00,1.00
2010.09.15 07:00:39.946,7.0829,7.08515,1.00,1.00
2010.09.15 07:00:40.295,7.0829,7.08505,1.00,1.60
2010.09.15 07:00:40.983,7.0831,7.08505,1.00,1.60
2010.09.15 07:00:41.281,7.0831,7.08515,1.00,1.60
2010.09.15 07:00:41.559,7.0832,7.08515,1.00,1.60
2010.09.15 07:00:41.834,7.0831,7.08495,1.00,1.60
2010.09.15 07:00:42.657,7.0831,7.08505,1.00,1.60
2010.09.15 07:00:43.009,7.0832,7.08515,1.00,1.60
2010.09.15 07:00:44.122,7.0831,7.08505,1.00,1.60
2010.09.15 07:00:44.470,7.0831,7.08515,1.00,1.60
2010.09.15 07:00:44.690,7.0829,7.085,3.20,1.00
2010.09.15 07:00:45.343,7.08285,7.0849,1.00,1.00
2010.09.15 07:00:46.868,7.08285,7.0845,1.00,1.00
2010.09.15 07:00:47.441,7.08255,7.0844,1.00,1.00
2010.09.15 07:00:47.789,7.08255,7.08425,1.00,1.60
2010.09.15 07:00:48.140,7.0824,7.0843,1.00,1.00
2010.09.15 07:00:48.930,7.08255,7.0843,1.00,1.00
2010.09.15 07:00:49.281,7.08255,7.0844,1.00,1.00
2010.09.15 07:00:50.013,7.08255,7.0843,1.00,1.00
2010.09.15 07:00:50.359,7.08235,7.08425,1.00,1.60
2010.09.15 07:00:50.710,7.08245,7.08435,1.00,4.80
2010.09.15 07:00:51.465,7.08245,7.08435,1.00,1.60
2010.09.15 07:00:51.761,7.08265,7.08435,1.00,1.60
2010.09.15 07:00:52.503,7.08265,7.0845,1.00,1.00
2010.09.15 07:00:52.849,7.08265,7.0845,1.00,1.00
2010.09.15 07:00:54.274,7.08285,7.0848,1.00,1.00
2010.09.15 07:00:54.734,7.08305,7.0848,1.00,1.00
2010.09.15 07:00:55.367,7.08295,7.08475,1.00,1.60
2010.09.15 07:00:55.714,7.08295,7.0848,1.00,1.00
2010.09.15 07:00:56.057,7.08305,7.0848,1.00,1.00
2010.09.15 07:00:56.797,7.08305,7.0849,1.00,1.00
2010.09.15 07:00:57.147,7.08305,7.08495,1.00,1.60
2010.09.15 07:00:58.013,7.08315,7.08495,1.00,1.60
2010.09.15 07:00:59.192,7.08315,7.08495,1.00,1.60
2010.09.15 07:01:01.767,7.08295,7.08435,1.00,1.60
2010.09.15 07:01:02.105,7.08265,7.08425,1.00,1.60
2010.09.15 07:01:02.365,7.082,7.0839,1.00,1.00
2010.09.15 07:01:02.626,7.082,7.08405,1.00,1.60
2010.09.15 07:01:03.041,7.082,7.08405,1.00,2.40
2010.09.15 07:01:03.316,7.0823,7.08405,1.00,1.00
2010.09.15 07:01:03.663,7.0823,7.08405,1.00,2.40
2010.09.15 07:01:04.420,7.08225,7.08405,1.00,2.40
2010.09.15 07:01:05.777,7.08225,7.08415,1.00,1.60
2010.09.15 07:01:06.483,7.0823,7.08405,3.20,1.00
2010.09.15 07:01:06.830,7.08225,7.08405,1.00,1.00
2010.09.15 07:01:07.184,7.0824,7.0843,3.20,1.00
2010.09.15 07:01:07.831,7.0824,7.0843,3.20,1.00
2010.09.15 07:01:08.530,7.08225,7.08395,1.00,1.60
2010.09.15 07:01:09.277,7.0821,7.08405,1.00,1.60
2010.09.15 07:01:09.630,7.082,7.08405,1.00,1.60
2010.09.15 07:01:10.673,7.08265,7.08455,1.00,1.60
2010.09.15 07:01:10.966,7.08265,7.08505,4.00,1.60
2010.09.15 07:01:11.632,7.08295,7.08495,1.00,1.60
2010.09.15 07:01:11.980,7.08315,7.0851,1.00,1.00
2010.09.15 07:01:12.726,7.0833,7.08535,1.00,3.20
2010.09.15 07:01:13.084,7.0834,7.08535,1.00,2.40
2010.09.15 07:01:13.424,7.08355,7.08535,1.00,2.40
2010.09.15 07:01:14.437,7.08355,7.08535,1.00,2.40
2010.09.15 07:01:15.654,7.08335,7.08485,1.00,1.60
2010.09.15 07:01:15.962,7.0831,7.08485,1.00,1.60
2010.09.15 07:01:16.260,7.0831,7.08475,1.00,1.60
2010.09.15 07:01:17.278,7.083,7.08475,1.00,1.60
2010.09.15 07:01:17.966,7.0831,7.08495,1.00,1.60
2010.09.15 07:01:18.404,7.0831,7.08485,1.00,1.60
2010.09.15 07:01:19.092,7.0831,7.08485,1.00,1.60
2010.09.15 07:01:19.761,7.0831,7.08475,1.00,1.60
2010.09.15 07:01:20.047,7.08295,7.08475,1.00,1.60
2010.09.15 07:01:20.760,7.0828,7.08435,1.00,1.60
2010.09.15 07:01:21.067,7.0825,7.08435,1.00,1.60
2010.09.15 07:01:22.832,7.08255,7.08435,1.00,1.60
2010.09.15 07:01:23.140,7.08265,7.08435,1.00,1.60
2010.09.15 07:01:24.213,7.0825,7.08415,1.00,1.60
2010.09.15 07:01:24.557,7.08235,7.08415,1.00,1.60
2010.09.15 07:01:25.322,7.08235,7.08405,1.00,1.60
2010.09.15 07:01:25.664,7.08245,7.08425,3.40,1.60
2010.09.15 07:01:26.364,7.0825,7.08425,1.00,1.60
2010.09.15 07:01:28.671,7.08285,7.08465,1.00,1.60
2010.09.15 07:01:29.250,7.08285,7.08445,1.00,1.60
2010.09.15 07:01:29.428,7.08295,7.08495,1.00,1.60
2010.09.15 07:01:29.777,7.08315,7.08515,1.00,1.60
2010.09.15 07:01:31.645,7.08345,7.08555,1.00,1.60
2010.09.15 07:01:32.012,7.0841,7.08595,1.00,4.80
2010.09.15 07:01:32.738,7.0841,7.08585,1.00,1.60
2010.09.15 07:01:34.060,7.0841,7.0863,1.00,1.00
2010.09.15 07:01:34.331,7.0841,7.0861,1.00,1.00
2010.09.15 07:01:35.349,7.0841,7.08635,1.00,5.60
2010.09.15 07:01:35.874,7.0841,7.08625,1.00,1.60
2010.09.15 07:01:36.222,7.0841,7.08615,1.00,1.60
2010.09.15 07:01:36.978,7.08405,7.0859,1.00,1.00
2010.09.15 07:01:37.331,7.084,7.0859,1.00,4.00
2010.09.15 07:01:37.676,7.08395,7.0858,1.00,3.20
2010.09.15 07:01:38.402,7.08365,7.0856,1.00,1.00
2010.09.15 07:01:38.760,7.08355,7.08555,3.40,1.00
2010.09.15 07:01:39.475,7.0835,7.0856,1.00,3.20
2010.09.15 07:01:39.819,7.0837,7.0858,1.00,1.00
2010.09.15 07:01:42.822,7.0837,7.0858,1.00,1.00
2010.09.15 07:01:43.785,7.08405,7.08585,1.00,3.20
2010.09.15 07:01:44.126,7.0844,7.08635,1.00,3.20
2010.09.15 07:01:44.477,7.0844,7.0866,1.00,3.20
2010.09.15 07:01:44.934,7.0844,7.0866,1.00,3.20
2010.09.15 07:01:45.282,7.08475,7.08685,1.00,2.40
2010.09.15 07:01:46.449,7.08475,7.08675,1.00,1.60
2010.09.15 07:01:47.473,7.0848,7.08675,1.00,1.60
2010.09.15 07:01:47.690,7.0827,7.08515,1.00,3.20
2010.09.15 07:01:47.909,7.08375,7.08555,3.20,1.60
2010.09.15 07:01:48.630,7.0835,7.08625,1.00,3.20
2010.09.15 07:01:48.976,7.08385,7.08585,1.00,3.20
2010.09.15 07:01:50.596,7.0833,7.08585,3.20,4.80
2010.09.15 07:01:51.299,7.0833,7.08585,3.20,3.20
2010.09.15 07:01:51.611,7.08315,7.0857,3.20,3.20
2010.09.15 07:01:52.205,7.08445,7.0857,1.00,3.20
2010.09.15 07:01:52.889,7.08345,7.08575,1.00,3.20
2010.09.15 07:01:53.138,7.0833,7.08575,1.00,3.20
2010.09.15 07:01:54.805,7.0847,7.08745,1.00,1.00
2010.09.15 07:01:56.486,7.0849,7.08725,1.00,1.00
2010.09.15 07:01:57.196,7.0851,7.08725,1.00,1.00
2010.09.15 07:01:57.889,7.08575,7.0874,1.00,3.20
2010.09.15 07:01:58.251,7.08715,7.09005,3.20,1.00
2010.09.15 07:01:58.932,7.08715,7.08995,3.20,1.00
2010.09.15 07:01:59.230,7.08685,7.0897,3.20,1.00
2010.09.15 07:02:00.369,7.08725,7.0893,3.20,1.00
2010.09.15 07:02:01.131,7.0875,7.0893,3.20,1.00
2010.09.15 07:02:01.483,7.0878,7.08935,3.20,1.00
2010.09.15 07:02:05.279,7.08725,7.0891,3.20,1.00
2010.09.15 07:02:09.235,7.0878,7.08965,3.20,1.00
2010.09.15 07:02:09.583,7.0879,7.0897,3.20,1.00
2010.09.15 07:02:12.274,7.0884,7.08985,3.20,1.00
2010.09.15 07:02:12.867,7.0883,7.08985,3.20,1.00
2010.09.15 07:02:13.739,7.0883,7.0898,3.20,1.00
2010.09.15 07:02:13.943,7.08845,7.0898,1.00,1.00
2010.09.15 07:02:14.878,7.08845,7.0905,4.00,1.00
2010.09.15 07:02:17.150,7.08845,7.0905,1.00,1.00
2010.09.15 07:02:17.735,7.08845,7.0902,1.00,1.00
2010.09.15 07:02:20.432,7.08845,7.09005,1.00,1.00
2010.09.15 07:02:23.154,7.0886,7.09025,1.00,1.00
2010.09.15 07:02:23.448,7.0886,7.0909,1.00,1.00
2010.09.15 07:02:24.379,7.0893,7.09145,1.00,3.20
2010.09.15 07:02:24.643,7.08935,7.09155,3.20,1.00
2010.09.15 07:02:24.947,7.08955,7.09155,3.20,1.00
2010.09.15 07:02:25.888,7.0895,7.09155,3.20,1.00
2010.09.15 07:02:31.137,7.08895,7.0911,3.20,1.00
2010.09.15 07:02:31.488,7.08915,7.0912,3.20,1.00
2010.09.15 07:02:32.419,7.08975,7.09185,1.00,1.60
2010.09.15 07:02:32.772,7.0895,7.0918,4.00,1.00
2010.09.15 07:02:36.385,7.08965,7.09185,1.00,1.60
2010.09.15 07:02:36.488,7.08965,7.09185,4.00,1.60
2010.09.15 07:02:36.598,7.08965,7.09195,4.00,2.40
2010.09.15 07:02:38.623,7.0899,7.09195,1.00,1.00
2010.09.15 07:02:38.771,7.0899,7.09205,1.00,1.00
2010.09.15 07:02:39.307,7.09015,7.09235,1.00,1.60
2010.09.15 07:02:39.474,7.0903,7.09245,3.20,2.40
2010.09.15 07:02:40.156,7.0903,7.09245,3.20,1.00
2010.09.15 07:02:41.509,7.0903,7.09235,3.20,1.00
2010.09.15 07:02:42.361,7.0893,7.09195,3.20,1.60
2010.09.15 07:02:42.711,7.0888,7.0917,3.20,3.20
2010.09.15 07:02:43.521,7.08955,7.09225,3.20,3.20
2010.09.15 07:02:44.549,7.0895,7.092,1.00,3.20
2010.09.15 07:02:44.898,7.08985,7.09225,1.00,3.20
2010.09.15 07:02:45.611,7.08985,7.092,1.00,3.20
2010.09.15 07:02:45.934,7.08985,7.09215,1.00,1.00
2010.09.15 07:02:47.015,7.08965,7.09195,1.00,1.00
2010.09.15 07:02:47.365,7.09,7.09215,3.20,1.00
2010.09.15 07:02:47.805,7.08985,7.09215,1.00,1.00
2010.09.15 07:02:48.170,7.0901,7.09235,1.00,1.00
2010.09.15 07:02:51.763,7.09065,7.0929,4.00,1.00
2010.09.15 07:02:56.075,7.0904,7.0929,1.00,1.60
2010.09.15 07:02:56.774,7.08985,7.0923,1.00,1.00
2010.09.15 07:03:00.001,7.09005,7.09235,1.00,1.00
2010.09.15 07:03:01.037,7.09005,7.0925,1.00,3.20
2010.09.15 07:03:01.395,7.0904,7.09265,1.00,1.00
2010.09.15 07:03:02.489,7.09025,7.09245,3.20,1.00
2010.09.15 07:03:02.939,7.09015,7.09245,1.00,1.00
2010.09.15 07:03:04.319,7.09065,7.0929,1.00,1.00
2010.09.15 07:03:05.929,7.0902,7.0925,1.00,4.00
2010.09.15 07:03:06.288,7.09065,7.0925,1.00,3.20
2010.09.15 07:03:07.085,7.09065,7.0929,1.00,1.00
2010.09.15 07:03:08.277,7.09025,7.0927,3.20,1.00
2010.09.15 07:03:08.619,7.0904,7.0927,1.00,1.00
2010.09.15 07:03:09.740,7.09065,7.0929,1.00,1.00
2010.09.15 07:03:10.855,7.09095,7.09305,1.00,3.20
2010.09.15 07:03:11.200,7.09095,7.09325,1.00,1.00
2010.09.15 07:03:12.258,7.09125,7.09325,1.00,1.00
2010.09.15 07:03:15.519,7.09125,7.09335,1.00,3.20
2010.09.15 07:03:16.191,7.09125,7.0934,1.00,1.00
2010.09.15 07:03:16.475,7.0917,7.0934,1.00,1.00
2010.09.15 07:03:18.143,7.0917,7.09365,1.00,1.60
2010.09.15 07:03:19.263,7.0917,7.0934,1.00,1.00
2010.09.15 07:03:19.706,7.09175,7.0934,3.20,1.00
2010.09.15 07:03:20.344,7.09185,7.09365,1.00,1.00
2010.09.15 07:03:21.787,7.09185,7.09385,1.00,1.00
2010.09.15 07:03:23.242,7.0919,7.0942,1.00,1.00
2010.09.15 07:03:23.573,7.09215,7.0942,3.20,1.00
2010.09.15 07:03:24.122,7.0924,7.0942,1.00,1.00
2010.09.15 07:03:25.823,7.0924,7.09395,1.00,1.00
2010.09.15 07:03:26.437,7.0924,7.09415,1.00,1.00
2010.09.15 07:03:27.287,7.0924,7.09405,1.00,1.60
2010.09.15 07:03:27.639,7.0924,7.09415,1.00,2.40
2010.09.15 07:03:28.774,7.0924,7.09415,1.00,1.00
2010.09.15 07:03:29.128,7.0924,7.09435,3.20,1.00
2010.09.15 07:03:31.477,7.0927,7.09495,1.00,1.00
2010.09.15 07:03:31.751,7.09295,7.09505,1.00,1.60
2010.09.15 07:03:32.434,7.09305,7.09505,1.00,2.40
2010.09.15 07:03:32.780,7.09305,7.09525,1.00,2.40
2010.09.15 07:03:33.130,7.0931,7.09545,3.20,2.40
2010.09.15 07:03:33.548,7.0932,7.09545,1.00,2.40
2010.09.15 07:03:33.844,7.0932,7.09535,1.00,1.60
2010.09.15 07:03:34.427,7.0932,7.09515,1.00,1.60
2010.09.15 07:03:35.210,7.0932,7.09525,4.00,1.60
2010.09.15 07:03:35.968,7.09305,7.09515,1.00,1.60
2010.09.15 07:03:36.322,7.09305,7.09495,1.00,1.60
2010.09.15 07:03:37.383,7.09305,7.09505,1.00,2.40
2010.09.15 07:03:39.182,7.09305,7.09525,1.00,2.40
2010.09.15 07:03:40.534,7.09305,7.09525,1.00,1.00
2010.09.15 07:03:42.072,7.09305,7.09505,1.00,1.00
2010.09.15 07:03:45.275,7.09305,7.09505,1.00,2.40
2010.09.15 07:03:46.233,7.09305,7.0945,1.00,1.00
2010.09.15 07:03:46.730,7.0926,7.0945,1.00,1.00
2010.09.15 07:03:47.392,7.0926,7.0942,1.00,1.00
2010.09.15 07:03:47.741,7.0921,7.0942,1.00,1.00
2010.09.15 07:03:48.560,7.0923,7.0945,1.00,1.00
2010.09.15 07:03:51.966,7.0923,7.09445,1.00,3.20
2010.09.15 07:03:53.295,7.0925,7.09445,1.00,3.20
2010.09.15 07:03:53.649,7.0927,7.095,1.00,4.00
2010.09.15 07:03:55.001,7.0939,7.09615,1.00,1.60
2010.09.15 07:03:56.069,7.0943,7.09605,1.00,1.60
2010.09.15 07:03:56.423,7.0943,7.09615,1.00,1.60
2010.09.15 07:03:56.766,7.0943,7.09625,1.00,1.60
2010.09.15 07:03:57.406,7.0943,7.09625,4.00,1.60
2010.09.15 07:03:57.738,7.09485,7.09635,1.00,1.60
2010.09.15 07:03:58.979,7.09485,7.09525,1.00,1.00
2010.09.15 07:03:59.207,7.0916,7.0962,1.00,1.00
2010.09.15 07:03:59.849,7.09225,7.09475,3.20,1.60
2010.09.15 07:04:00.196,7.09225,7.09495,3.20,1.60
2010.09.15 07:04:00.980,7.0929,7.09435,3.20,1.60
2010.09.15 07:04:01.760,7.09295,7.09455,1.00,1.60
2010.09.15 07:04:02.111,7.093,7.09455,1.00,1.60
2010.09.15 07:04:02.840,7.0928,7.09455,1.00,1.60
2010.09.15 07:04:03.200,7.0928,7.09435,1.00,1.60
2010.09.15 07:04:03.964,7.09265,7.09425,3.20,1.60
2010.09.15 07:04:04.315,7.09215,7.09405,1.00,1.60
2010.09.15 07:04:04.661,7.0922,7.09405,3.20,1.60
2010.09.15 07:04:05.725,7.0922,7.09395,3.20,1.60
2010.09.15 07:04:06.019,7.0922,7.09405,3.20,1.60
2010.09.15 07:04:06.311,7.0923,7.09415,1.00,1.60
2010.09.15 07:04:06.876,7.0923,7.09425,1.00,1.60
2010.09.15 07:04:07.026,7.09255,7.09415,3.20,1.60
2010.09.15 07:04:07.196,7.0923,7.09415,1.00,1.60
2010.09.15 07:04:08.489,7.0923,7.09425,1.00,1.60
2010.09.15 07:04:08.665,7.0925,7.09405,1.00,1.60
2010.09.15 07:04:09.235,7.09255,7.09425,3.20,1.60
2010.09.15 07:04:09.610,7.0925,7.09425,1.00,1.60
2010.09.15 07:04:09.961,7.0925,7.09405,1.00,1.60
2010.09.15 07:04:10.701,7.09245,7.09425,3.20,1.60
2010.09.15 07:04:11.045,7.0925,7.09425,1.00,1.60
2010.09.15 07:04:11.399,7.0915,7.09365,3.20,1.60
2010.09.15 07:04:11.641,7.0915,7.09355,3.20,1.60
2010.09.15 07:04:12.055,7.09125,7.09355,3.20,1.60
2010.09.15 07:04:12.300,7.09155,7.09365,1.00,1.60
2010.09.15 07:04:12.540,7.09175,7.09365,1.00,1.60
2010.09.15 07:04:13.324,7.0921,7.09385,1.00,1.60
2010.09.15 07:04:13.945,7.0921,7.09375,1.00,1.60
2010.09.15 07:04:14.523,7.092,7.09365,3.20,1.60
2010.09.15 07:04:14.859,7.09155,7.09365,1.00,1.60
2010.09.15 07:04:15.907,7.09175,7.09375,1.00,1.60
2010.09.15 07:04:16.215,7.0921,7.09385,1.00,1.60
2010.09.15 07:04:16.510,7.0921,7.09405,1.00,1.60
2010.09.15 07:04:17.266,7.0921,7.09415,1.00,1.60
2010.09.15 07:04:17.957,7.0921,7.09405,1.00,1.60
2010.09.15 07:04:18.418,7.0923,7.09425,1.00,1.60
2010.09.15 07:04:20.189,7.0923,7.09415,1.00,1.60
2010.09.15 07:04:22.893,7.0923,7.09435,1.00,1.60
2010.09.15 07:04:23.242,7.0928,7.09455,1.00,1.60
2010.09.15 07:04:24.051,7.09305,7.09465,3.20,1.60
2010.09.15 07:04:24.339,7.09295,7.09445,1.00,1.60
2010.09.15 07:04:25.483,7.09295,7.09455,1.00,1.60
2010.09.15 07:04:27.233,7.09295,7.09475,1.00,1.60
2010.09.15 07:04:27.437,7.093,7.09475,3.20,1.60
2010.09.15 07:04:28.290,7.093,7.09455,3.20,1.60
2010.09.15 07:04:28.913,7.093,7.09435,3.20,1.60
2010.09.15 07:04:29.056,7.09295,7.09435,1.00,1.60
2010.09.15 07:04:33.931,7.09295,7.09445,1.00,1.60
2010.09.15 07:04:35.693,7.09295,7.09435,1.00,1.60
2010.09.15 07:04:37.762,7.09295,7.09445,1.00,1.60
2010.09.15 07:04:38.343,7.09295,7.09425,1.00,1.60
2010.09.15 07:04:41.297,7.09295,7.09435,1.00,1.60
2010.09.15 07:04:41.437,7.09295,7.09455,1.00,1.60
2010.09.15 07:04:41.578,7.09315,7.09455,1.00,1.60
2010.09.15 07:04:42.127,7.09315,7.09465,1.00,1.60
2010.09.15 07:04:42.831,7.0934,7.09475,3.20,1.60
2010.09.15 07:04:43.687,7.09335,7.09465,1.00,1.60
2010.09.15 07:04:45.300,7.09335,7.09455,1.00,1.60
2010.09.15 07:04:45.853,7.09335,7.09465,1.00,1.60
2010.09.15 07:04:51.524,7.09335,7.09515,1.00,1.60
2010.09.15 07:04:52.088,7.0936,7.09565,3.20,1.00
2010.09.15 07:04:52.253,7.094,7.09565,1.00,1.60
2010.09.15 07:04:52.410,7.09375,7.09565,1.00,1.60
2010.09.15 07:04:56.157,7.09375,7.09545,1.00,1.60
2010.09.15 07:04:57.644,7.09375,7.09555,1.00,1.60
2010.09.15 07:04:57.849,7.0935,7.09555,1.00,1.60
2010.09.15 07:04:59.204,7.0935,7.09545,1.00,1.60
2010.09.15 07:05:00.573,7.0932,7.09465,1.00,1.60
2010.09.15 07:05:03.213,7.09325,7.09455,3.20,1.60
2010.09.15 07:05:03.674,7.09325,7.09465,3.20,1.60
2010.09.15 07:05:04.880,7.09325,7.09475,3.20,1.60
2010.09.15 07:05:05.464,7.09325,7.09465,3.20,1.60
2010.09.15 07:05:06.707,7.09325,7.09445,3.20,1.60
2010.09.15 07:05:06.910,7.0932,7.09465,1.00,1.60
2010.09.15 07:05:07.688,7.0934,7.09485,1.00,1.60
2010.09.15 07:05:08.044,7.09355,7.09475,3.20,1.60
2010.09.15 07:05:09.596,7.09355,7.09485,3.20,1.60
2010.09.15 07:05:10.310,7.09355,7.09455,3.20,1.60
2010.09.15 07:05:10.591,7.09325,7.09435,3.20,1.60
2010.09.15 07:05:11.161,7.09325,7.09415,3.20,1.60
2010.09.15 07:05:11.522,7.09255,7.09435,1.00,1.60
2010.09.15 07:05:12.513,7.09255,7.09445,1.00,1.60
2010.09.15 07:05:13.125,7.09255,7.09435,1.00,1.60
2010.09.15 07:05:13.394,7.09255,7.09455,1.00,1.60
2010.09.15 07:05:14.104,7.0928,7.09455,1.00,1.60
2010.09.15 07:05:15.799,7.0926,7.09455,3.20,1.60
2010.09.15 07:05:16.116,7.09255,7.09455,1.00,1.60
2010.09.15 07:05:17.124,7.09235,7.09425,4.00,1.60
2010.09.15 07:05:17.890,7.09205,7.09395,4.00,1.60
2010.09.15 07:05:18.242,7.09205,7.09395,1.00,1.60
2010.09.15 07:05:19.021,7.09205,7.09405,1.00,1.60
2010.09.15 07:05:19.379,7.09205,7.09395,1.00,1.60
2010.09.15 07:05:19.590,7.09205,7.09385,1.00,1.60
2010.09.15 07:05:20.183,7.09205,7.09395,1.00,1.60
2010.09.15 07:05:20.390,7.09205,7.09405,1.00,1.60
2010.09.15 07:05:20.741,7.09205,7.09405,4.00,1.60
2010.09.15 07:05:21.089,7.09225,7.09405,1.00,1.60
2010.09.15 07:05:22.528,7.09225,7.09415,1.00,1.60
2010.09.15 07:05:23.318,7.09295,7.09475,1.00,1.60
2010.09.15 07:05:24.056,7.09295,7.09495,1.00,1.60
2010.09.15 07:05:24.416,7.09315,7.09475,1.00,1.60
2010.09.15 07:05:25.202,7.09315,7.09455,1.00,1.60
2010.09.15 07:05:25.556,7.09315,7.09465,1.00,1.60
2010.09.15 07:05:26.168,7.09315,7.09455,1.00,1.60
2010.09.15 07:05:27.431,7.0934,7.09515,1.00,1.60
2010.09.15 07:05:28.213,7.09335,7.09485,1.00,1.60
2010.09.15 07:05:28.541,7.09315,7.09475,1.00,1.60
2010.09.15 07:05:30.707,7.09315,7.09485,1.00,1.60
2010.09.15 07:05:31.475,7.09315,7.09495,1.00,1.60
2010.09.15 07:05:32.300,7.09315,7.09475,1.00,1.60
2010.09.15 07:05:32.563,7.09315,7.09455,1.00,1.60
2010.09.15 07:05:33.224,7.09315,7.09475,1.00,1.60
2010.09.15 07:05:33.574,7.09285,7.09475,1.00,1.60
2010.09.15 07:05:33.920,7.0927,7.09405,3.20,1.60
2010.09.15 07:05:34.641,7.0926,7.09415,3.20,1.60
2010.09.15 07:05:34.991,7.09265,7.09445,1.00,1.60
2010.09.15 07:05:35.342,7.09265,7.09425,1.00,1.60
2010.09.15 07:05:35.570,7.0924,7.09405,3.20,1.60
2010.09.15 07:05:36.213,7.09185,7.09375,3.20,1.60
2010.09.15 07:05:36.439,7.0919,7.09375,1.00,1.60
2010.09.15 07:05:38.806,7.0919,7.09365,1.00,1.60
2010.09.15 07:05:39.077,7.0919,7.09365,1.00,1.60
2010.09.15 07:05:39.873,7.0919,7.09375,1.00,1.60
2010.09.15 07:05:40.143,7.0919,7.09385,1.00,1.60
2010.09.15 07:05:40.773,7.0919,7.09375,1.00,1.60
2010.09.15 07:05:40.906,7.0919,7.09365,1.00,1.60
2010.09.15 07:05:43.033,7.092,7.09365,1.00,1.60
2010.09.15 07:05:43.223,7.092,7.09405,1.00,1.60
2010.09.15 07:05:43.414,7.09205,7.09405,4.00,1.60
2010.09.15 07:05:44.577,7.0921,7.09405,1.00,1.60
2010.09.15 07:05:45.295,7.09205,7.09405,4.00,1.60
2010.09.15 07:05:45.565,7.09205,7.09395,4.00,1.60
2010.09.15 07:05:46.210,7.09205,7.09415,4.00,1.60
2010.09.15 07:05:46.617,7.09205,7.09395,4.00,1.60
2010.09.15 07:05:46.823,7.0921,7.09395,1.00,1.60
2010.09.15 07:05:49.595,7.09205,7.09395,4.00,1.60
2010.09.15 07:05:50.032,7.09205,7.09385,4.00,1.60
2010.09.15 07:05:51.492,7.09195,7.09355,1.00,1.60
2010.09.15 07:05:52.428,7.09215,7.09405,1.00,1.60
2010.09.15 07:05:52.674,7.0924,7.09405,4.00,1.60
2010.09.15 07:05:53.456,7.0927,7.09455,4.00,1.60
2010.09.15 07:05:55.505,7.0927,7.09465,4.00,1.60
2010.09.15 07:05:55.942,7.0927,7.09455,4.00,1.60
2010.09.15 07:05:56.935,7.09315,7.09455,1.00,1.60
2010.09.15 07:05:58.013,7.09315,7.09475,1.00,1.60
2010.09.15 07:05:58.919,7.0932,7.09485,1.00,1.60
2010.09.15 07:05:59.177,7.09345,7.09505,1.00,1.60
2010.09.15 07:05:59.970,7.0938,7.09535,1.00,1.60
2010.09.15 07:06:00.321,7.09405,7.09595,1.00,1.60
2010.09.15 07:06:00.778,7.09405,7.09605,1.00,1.60
2010.09.15 07:06:01.145,7.09415,7.0961,1.00,1.00
2010.09.15 07:06:01.500,7.0942,7.0961,1.00,1.00
2010.09.15 07:06:01.819,7.0942,7.09615,1.00,1.60
2010.09.15 07:06:02.575,7.09425,7.09605,1.00,1.60
2010.09.15 07:06:03.919,7.0943,7.09605,1.00,1.60
2010.09.15 07:06:04.217,7.0943,7.09595,1.00,1.60
2010.09.15 07:06:05.368,7.0943,7.0961,1.00,1.00
2010.09.15 07:06:05.691,7.09435,7.096,3.20,1.00
2010.09.15 07:06:06.400,7.09415,7.096,1.00,1.00
2010.09.15 07:06:07.695,7.09425,7.096,1.00,1.00
2010.09.15 07:06:08.643,7.09435,7.096,1.00,1.00
2010.09.15 07:06:10.419,7.09435,7.096,1.00,1.00
2010.09.15 07:06:13.145,7.09415,7.096,1.00,1.00
2010.09.15 07:06:13.491,7.09405,7.09565,1.00,1.00
2010.09.15 07:06:14.322,7.09395,7.09565,1.00,1.00
2010.09.15 07:06:16.081,7.09405,7.09565,1.00,1.00
2010.09.15 07:06:16.751,7.09395,7.09565,1.00,1.00
2010.09.15 07:06:19.979,7.09415,7.0959,1.00,1.00
2010.09.15 07:06:20.637,7.09425,7.0959,1.00,1.00
2010.09.15 07:06:20.993,7.09435,7.0959,1.00,1.00
2010.09.15 07:06:21.300,7.09455,7.09625,1.00,1.00
2010.09.15 07:06:22.035,7.09395,7.09625,1.00,1.00
2010.09.15 07:06:22.318,7.094,7.09625,1.00,1.00
2010.09.15 07:06:22.595,7.094,7.09625,1.00,1.00
2010.09.15 07:06:23.161,7.09415,7.09625,3.20,1.00
2010.09.15 07:06:23.931,7.0945,7.0968,1.00,1.00
2010.09.15 07:06:26.354,7.09465,7.0968,3.20,1.00
2010.09.15 07:06:26.901,7.0941,7.0964,4.00,1.00
2010.09.15 07:06:28.279,7.0942,7.0964,1.00,1.00
2010.09.15 07:06:28.624,7.0941,7.0964,4.00,1.00
2010.09.15 07:06:29.539,7.0941,7.09605,3.20,1.00
2010.09.15 07:06:29.813,7.0943,7.09605,1.00,1.00
2010.09.15 07:06:31.374,7.0943,7.0961,1.00,3.20
2010.09.15 07:06:31.590,7.0951,7.09615,1.00,1.60
2010.09.15 07:06:32.559,7.09415,7.09685,4.80,1.00
2010.09.15 07:06:32.914,7.0945,7.0965,1.00,3.20
2010.09.15 07:06:33.691,7.09495,7.0969,1.00,3.20
2010.09.15 07:06:34.044,7.09495,7.09665,1.00,3.20
2010.09.15 07:06:34.813,7.0948,7.097,1.00,1.00
2010.09.15 07:06:35.162,7.09515,7.0974,1.00,1.00
2010.09.15 07:06:35.601,7.09515,7.0974,1.00,4.00
2010.09.15 07:06:35.952,7.09495,7.0972,4.00,1.00
2010.09.15 07:06:37.600,7.09475,7.0971,1.00,4.00
2010.09.15 07:06:38.197,7.09475,7.097,1.00,1.00
2010.09.15 07:06:41.093,7.09495,7.097,3.20,1.00
2010.09.15 07:06:43.127,7.09495,7.0972,4.00,1.00
2010.09.15 07:06:44.575,7.09515,7.0972,1.00,1.00
2010.09.15 07:06:45.332,7.0954,7.0972,1.00,1.00
2010.09.15 07:06:50.251,7.0954,7.09745,1.00,1.00
2010.09.15 07:06:50.940,7.096,7.09775,1.00,1.00
2010.09.15 07:06:52.312,7.09645,7.09795,1.00,1.00
2010.09.15 07:06:53.454,7.09645,7.0977,1.00,4.00
2010.09.15 07:06:54.185,7.0952,7.0977,4.00,1.00
2010.09.15 07:06:54.543,7.09565,7.0977,1.00,3.20
2010.09.15 07:06:54.890,7.0961,7.0977,1.00,1.00
2010.09.15 07:06:55.695,7.0966,7.0983,1.00,1.00
2010.09.15 07:06:57.171,7.09675,7.0983,1.00,1.00
2010.09.15 07:06:57.521,7.09675,7.0985,1.00,1.00
2010.09.15 07:06:58.257,7.0972,7.0983,1.00,1.00
2010.09.15 07:06:58.582,7.0969,7.0983,1.00,1.00
2010.09.15 07:06:59.647,7.0969,7.09805,1.00,1.00
2010.09.15 07:07:00.244,7.09655,7.09805,1.00,1.00
2010.09.15 07:07:00.547,7.09655,7.09775,1.00,1.00
2010.09.15 07:07:00.971,7.09655,7.0975,1.00,1.00
2010.09.15 07:07:01.305,7.09595,7.0974,1.00,1.00
2010.09.15 07:07:01.642,7.09595,7.09775,1.00,1.00
2010.09.15 07:07:02.408,7.0962,7.09775,1.00,1.00
2010.09.15 07:07:03.097,7.09645,7.09795,1.00,1.00
2010.09.15 07:07:04.180,7.0962,7.09775,1.00,1.00
2010.09.15 07:07:04.661,7.0962,7.09795,1.00,1.00
2010.09.15 07:07:04.994,7.096,7.09775,1.00,1.00
2010.09.15 07:07:06.040,7.0962,7.09775,1.00,1.00
2010.09.15 07:07:08.972,7.096,7.0975,1.00,1.00
2010.09.15 07:07:09.250,7.096,7.09775,1.00,1.00
2010.09.15 07:07:10.237,7.0961,7.097,1.00,1.00
2010.09.15 07:07:10.592,7.09585,7.0972,1.00,1.00
2010.09.15 07:07:11.421,7.0958,7.0972,1.00,1.00
2010.09.15 07:07:12.480,7.0958,7.09695,1.00,1.00
2010.09.15 07:07:12.804,7.0958,7.0974,1.00,1.00
2010.09.15 07:07:13.118,7.0956,7.0974,1.00,1.00
2010.09.15 07:07:13.908,7.0961,7.09775,1.00,1.00
2010.09.15 07:07:14.259,7.0964,7.09775,1.00,1.00
2010.09.15 07:07:15.658,7.0962,7.09775,1.00,1.00
2010.09.15 07:07:16.640,7.0962,7.09795,1.00,1.00
2010.09.15 07:07:17.227,7.09645,7.09795,1.00,1.00
2010.09.15 07:07:17.681,7.09645,7.0982,1.00,1.00
2010.09.15 07:07:18.039,7.0973,7.0996,1.00,1.00
2010.09.15 07:07:19.483,7.09725,7.0994,1.00,1.00
2010.09.15 07:07:20.099,7.0972,7.0994,3.20,1.00
2010.09.15 07:07:20.365,7.0972,7.0994,1.00,1.00
2010.09.15 07:07:21.039,7.09705,7.0994,1.00,1.00
2010.09.15 07:07:21.376,7.09705,7.09935,1.00,3.20
2010.09.15 07:07:22.286,7.09705,7.09905,1.00,3.20
2010.09.15 07:07:23.315,7.0967,7.09905,1.00,3.20
2010.09.15 07:07:24.064,7.09665,7.09915,1.00,3.20
2010.09.15 07:07:24.295,7.09665,7.09845,1.00,1.60
2010.09.15 07:07:24.870,7.09665,7.09785,1.00,3.20
2010.09.15 07:07:25.040,7.09625,7.09785,1.00,3.20
2010.09.15 07:07:25.381,7.09625,7.09765,1.00,3.20
2010.09.15 07:07:25.616,7.0957,7.09765,1.00,3.20
2010.09.15 07:07:27.236,7.09555,7.09765,1.00,3.20
2010.09.15 07:07:30.424,7.0957,7.09765,1.00,3.20
2010.09.15 07:07:30.620,7.0957,7.09795,1.00,3.20
2010.09.15 07:07:31.352,7.09585,7.09795,1.00,3.20
2010.09.15 07:07:32.880,7.09585,7.0977,1.00,3.20
2010.09.15 07:07:33.657,7.09585,7.09795,1.00,3.20
2010.09.15 07:07:35.920,7.09585,7.09765,1.00,3.20
2010.09.15 07:07:36.178,7.0957,7.09765,1.00,3.20
2010.09.15 07:07:37.393,7.09565,7.09765,1.00,3.20
2010.09.15 07:07:37.759,7.09575,7.09765,1.00,3.20
2010.09.15 07:07:37.966,7.09595,7.0983,3.20,3.20
2010.09.15 07:07:38.164,7.09595,7.09845,3.20,3.20
2010.09.15 07:07:38.364,7.09645,7.09845,1.00,3.20
2010.09.15 07:07:39.494,7.09645,7.0983,1.00,1.00
2010.09.15 07:07:39.714,7.09645,7.09805,1.00,1.00
2010.09.15 07:07:45.081,7.09665,7.09805,1.00,1.00
2010.09.15 07:07:53.214,7.09665,7.0975,1.00,1.00
2010.09.15 07:07:53.483,7.09665,7.0973,1.00,1.00
2010.09.15 07:07:53.958,7.096,7.0973,1.00,1.00
2010.09.15 07:08:04.767,7.096,7.0972,1.00,2.40
2010.09.15 07:08:05.322,7.0953,7.09675,3.20,1.00
2010.09.15 07:08:05.562,7.0946,7.09645,1.00,4.00
2010.09.15 07:08:05.794,7.0945,7.09645,1.00,4.00
2010.09.15 07:08:07.402,7.0944,7.09645,1.00,4.00
2010.09.15 07:08:08.658,7.0944,7.0964,1.00,1.00
2010.09.15 07:08:09.140,7.09415,7.0962,1.00,1.00
2010.09.15 07:08:09.783,7.09545,7.0986,3.20,1.00
2010.09.15 07:08:10.468,7.0959,7.0986,1.00,1.00
2010.09.15 07:08:10.814,7.096,7.0982,3.20,1.00
2010.09.15 07:08:12.027,7.096,7.09815,3.20,1.60
2010.09.15 07:08:13.116,7.096,7.09805,3.20,1.60
2010.09.15 07:08:13.807,7.096,7.09725,3.20,1.60
2010.09.15 07:08:14.546,7.0946,7.0965,1.00,3.20
2010.09.15 07:08:14.852,7.09415,7.0963,1.00,3.20
2010.09.15 07:08:17.140,7.0944,7.09645,1.00,3.20
2010.09.15 07:08:19.207,7.0944,7.09585,1.00,1.60
2010.09.15 07:08:19.317,7.0942,7.09585,1.00,1.60
2010.09.15 07:08:19.539,7.09395,7.09575,1.00,3.20
2010.09.15 07:08:20.145,7.09395,7.09645,1.00,4.80
2010.09.15 07:08:20.422,7.09435,7.09625,1.00,3.20
2010.09.15 07:08:20.690,7.09425,7.09625,1.00,3.20
2010.09.15 07:08:20.948,7.09425,7.09565,1.00,3.20
2010.09.15 07:08:21.906,7.09425,7.09625,1.00,3.20
2010.09.15 07:08:23.225,7.09425,7.0962,1.00,1.00
2010.09.15 07:08:23.510,7.09425,7.09585,1.00,3.20
2010.09.15 07:08:24.067,7.09395,7.09585,1.00,3.20
2010.09.15 07:08:25.057,7.0936,7.0957,1.00,1.00
2010.09.15 07:08:25.371,7.09335,7.0952,1.00,1.00
2010.09.15 07:08:25.958,7.0933,7.0952,1.00,1.00
2010.09.15 07:08:26.273,7.0932,7.095,1.00,1.00
2010.09.15 07:08:26.578,7.0932,7.0949,1.00,1.00
2010.09.15 07:08:27.383,7.09285,7.0949,1.00,1.00
2010.09.15 07:08:28.032,7.0926,7.0942,1.00,3.20
2010.09.15 07:08:28.320,7.09335,7.09545,1.00,3.20
2010.09.15 07:08:29.027,7.0934,7.0956,1.00,1.00
2010.09.15 07:08:29.382,7.09375,7.0956,1.00,1.00
2010.09.15 07:08:30.124,7.09365,7.0954,1.00,1.00
2010.09.15 07:08:30.475,7.09345,7.095,1.00,1.00
2010.09.15 07:08:30.781,7.0932,7.095,1.00,1.00
2010.09.15 07:08:31.492,7.09345,7.0953,1.00,1.00
2010.09.15 07:08:31.838,7.09335,7.0953,1.00,3.20
2010.09.15 07:08:32.191,7.09355,7.0953,1.00,3.20
2010.09.15 07:08:32.950,7.0936,7.0957,3.20,1.00
2010.09.15 07:08:33.250,7.09385,7.09575,1.00,1.00
2010.09.15 07:08:34.142,7.0937,7.0956,1.00,1.00
2010.09.15 07:08:34.908,7.0937,7.0956,1.00,3.20
2010.09.15 07:08:35.253,7.09405,7.0959,1.00,1.00
2010.09.15 07:08:36.988,7.09405,7.0958,1.00,1.00
2010.09.15 07:08:37.723,7.09385,7.09575,1.00,1.00
2010.09.15 07:08:38.051,7.09395,7.09575,1.00,1.00
2010.09.15 07:08:38.358,7.094,7.09575,1.00,1.00
2010.09.15 07:08:39.051,7.094,7.0958,1.00,1.00
2010.09.15 07:08:39.375,7.09395,7.0957,1.00,1.00
2010.09.15 07:08:39.690,7.0939,7.09575,1.00,1.00
2010.09.15 07:08:40.522,7.0937,7.0952,1.00,1.00
2010.09.15 07:08:41.205,7.093,7.0952,1.00,1.00
2010.09.15 07:08:43.232,7.0931,7.0952,1.00,1.00
2010.09.15 07:08:44.241,7.0931,7.0952,1.00,1.00
2010.09.15 07:08:44.588,7.09305,7.0952,1.00,1.00
2010.09.15 07:08:45.814,7.0927,7.0947,1.00,3.20
2010.09.15 07:08:46.122,7.09255,7.0943,1.00,3.20
2010.09.15 07:08:46.840,7.09235,7.0943,1.00,3.20
2010.09.15 07:08:50.420,7.09235,7.09405,1.00,3.20
2010.09.15 07:08:51.447,7.09235,7.0944,1.00,3.20
2010.09.15 07:08:51.796,7.0923,7.0946,1.00,3.20
2010.09.15 07:08:52.137,7.0923,7.0945,1.00,1.00
2010.09.15 07:08:56.135,7.09245,7.0945,1.00,1.00
2010.09.15 07:08:56.939,7.0924,7.0945,1.00,1.00
2010.09.15 07:08:57.121,7.0924,7.0943,1.00,1.00
2010.09.15 07:08:57.311,7.09235,7.09395,1.00,1.00
2010.09.15 07:08:57.817,7.09215,7.09395,1.00,1.00
2010.09.15 07:08:58.761,7.09195,7.09395,1.00,1.00
2010.09.15 07:09:00.477,7.0928,7.09435,1.00,3.20
2010.09.15 07:09:01.167,7.0931,7.09535,1.00,3.20
2010.09.15 07:09:01.521,7.0937,7.0959,1.00,3.20
2010.09.15 07:09:02.163,7.0941,7.0959,1.00,3.20
2010.09.15 07:09:02.516,7.09395,7.09575,1.00,3.20
2010.09.15 07:09:03.239,7.09375,7.09555,1.00,1.00
2010.09.15 07:09:03.878,7.0937,7.09555,1.00,1.00
2010.09.15 07:09:04.972,7.09365,7.0953,1.00,1.00
2010.09.15 07:09:06.039,7.0938,7.09555,1.00,1.00
2010.09.15 07:09:06.388,7.09385,7.09575,1.00,1.00
2010.09.15 07:09:08.024,7.094,7.09575,1.00,1.00
2010.09.15 07:09:08.730,7.094,7.0961,1.00,1.00
2010.09.15 07:09:09.502,7.09425,7.0961,1.00,1.00
2010.09.15 07:09:09.842,7.09435,7.0963,1.00,1.00
2010.09.15 07:09:10.191,7.09435,7.0963,1.00,1.00
2010.09.15 07:09:10.607,7.09435,7.0961,1.00,1.00
2010.09.15 07:09:10.962,7.09425,7.0961,1.00,1.00
2010.09.15 07:09:12.400,7.0943,7.09655,1.00,3.20
2010.09.15 07:09:12.732,7.0946,7.09685,1.00,1.00
2010.09.15 07:09:13.428,7.09505,7.09685,1.00,1.00
2010.09.15 07:09:13.723,7.0951,7.09685,1.00,1.00
2010.09.15 07:09:14.066,7.09505,7.09685,1.00,1.00
2010.09.15 07:09:15.496,7.0952,7.0971,1.00,3.20
2010.09.15 07:09:16.282,7.09495,7.09695,1.00,1.00
2010.09.15 07:09:16.627,7.09505,7.09695,1.00,1.00
2010.09.15 07:09:17.392,7.0951,7.09695,1.00,1.00
2010.09.15 07:09:17.737,7.0951,7.09715,1.00,4.00
2010.09.15 07:09:18.488,7.09515,7.09695,1.00,1.00
2010.09.15 07:09:18.840,7.0951,7.09695,1.00,1.00
2010.09.15 07:09:19.188,7.09505,7.09695,1.00,1.00
2010.09.15 07:09:20.224,7.09515,7.09695,1.00,1.00
2010.09.15 07:09:20.518,7.0953,7.0974,1.00,1.00
2010.09.15 07:09:21.282,7.0953,7.097,1.00,1.00
2010.09.15 07:09:21.629,7.09525,7.097,1.00,1.00
2010.09.15 07:09:22.391,7.095,7.097,1.00,1.00
2010.09.15 07:09:24.775,7.095,7.0967,1.00,1.00
2010.09.15 07:09:25.065,7.0946,7.0964,1.00,1.00
2010.09.15 07:09:25.348,7.0946,7.0963,1.00,1.00
2010.09.15 07:09:26.476,7.0939,7.09555,1.00,1.00
2010.09.15 07:09:27.447,7.09355,7.09555,1.00,1.00
2010.09.15 07:09:27.801,7.0935,7.09555,1.00,1.00
2010.09.15 07:09:28.487,7.09365,7.0957,1.00,3.20
2010.09.15 07:09:29.166,7.09365,7.09575,1.00,1.00
2010.09.15 07:09:33.014,7.0938,7.09575,1.00,1.00
2010.09.15 07:09:34.467,7.09375,7.0957,1.00,3.20
2010.09.15 07:09:34.736,7.09375,7.09555,1.00,1.00
2010.09.15 07:09:35.282,7.09365,7.09555,1.00,1.00
2010.09.15 07:09:35.633,7.09345,7.095,1.00,1.00
2010.09.15 07:09:36.401,7.0931,7.095,1.00,1.00
2010.09.15 07:09:36.754,7.09305,7.09515,1.00,3.20
2010.09.15 07:09:37.098,7.09315,7.0952,1.00,1.00
2010.09.15 07:09:37.885,7.09325,7.0952,1.00,1.00
2010.09.15 07:09:38.572,7.0935,7.0952,1.00,1.00
2010.09.15 07:09:39.298,7.0938,7.09575,1.00,1.00
2010.09.15 07:09:39.609,7.0938,7.09595,1.00,1.00
2010.09.15 07:09:40.315,7.094,7.0961,1.00,1.00
2010.09.15 07:09:40.997,7.094,7.0961,1.00,1.00
2010.09.15 07:09:41.763,7.09395,7.0961,1.00,1.00
2010.09.15 07:09:42.104,7.0939,7.0956,1.00,1.00
2010.09.15 07:09:42.440,7.09365,7.0956,1.00,1.00
2010.09.15 07:09:44.469,7.0937,7.0956,1.40,1.00
2010.09.15 07:09:44.766,7.0943,7.0957,1.00,3.20
2010.09.15 07:09:45.546,7.09445,7.0961,1.00,1.00
2010.09.15 07:09:45.898,7.09455,7.0961,1.00,1.00
2010.09.15 07:09:46.991,7.09455,7.0963,1.00,1.00
2010.09.15 07:09:48.344,7.09465,7.0963,1.00,1.00
2010.09.15 07:09:51.126,7.0947,7.0963,1.00,1.00
2010.09.15 07:09:51.546,7.0947,7.09655,1.00,3.20
2010.09.15 07:09:52.000,7.0947,7.0966,1.00,1.00
2010.09.15 07:09:52.351,7.09485,7.0966,1.00,1.00
2010.09.15 07:09:53.556,7.09495,7.0966,1.00,1.00
2010.09.15 07:09:53.885,7.0951,7.09735,1.00,3.20
2010.09.15 07:09:54.376,7.0951,7.0974,1.00,1.00
2010.09.15 07:09:54.705,7.09535,7.0972,1.00,1.00
2010.09.15 07:09:55.459,7.0952,7.09695,1.00,1.00
2010.09.15 07:09:55.810,7.09495,7.09695,1.00,1.00
2010.09.15 07:09:56.161,7.09505,7.09695,1.00,1.00
2010.09.15 07:09:56.934,7.09505,7.0971,1.00,1.00
2010.09.15 07:09:57.283,7.095,7.09695,1.00,1.00
2010.09.15 07:09:58.053,7.09505,7.09695,1.00,1.00
2010.09.15 07:09:58.398,7.09505,7.0968,1.00,1.00
2010.09.15 07:09:59.391,7.0951,7.0968,1.00,1.00
2010.09.15 07:09:59.631,7.0951,7.09725,1.00,1.00
2010.09.15 07:09:59.870,7.0951,7.09705,1.00,1.00
2010.09.15 07:10:00.512,7.09515,7.09705,1.00,1.00
2010.09.15 07:10:02.262,7.0951,7.09705,1.00,1.00
2010.09.15 07:10:02.578,7.095,7.0967,1.00,3.20
2010.09.15 07:10:03.426,7.09495,7.0967,1.00,3.20
2010.09.15 07:10:07.747,7.095,7.0967,1.00,3.20
2010.09.15 07:10:08.312,7.09505,7.097,1.00,1.00
2010.09.15 07:10:08.959,7.09505,7.0968,1.00,1.00
2010.09.15 07:10:09.919,7.095,7.0968,1.00,1.00
2010.09.15 07:10:15.717,7.09475,7.09625,1.00,1.00
2010.09.15 07:10:17.107,7.09465,7.09625,1.00,1.00
2010.09.15 07:10:20.193,7.0947,7.09625,1.00,1.00
2010.09.15 07:10:21.677,7.0947,7.09625,1.00,1.00
2010.09.15 07:10:24.333,7.09485,7.09645,1.00,1.00
2010.09.15 07:10:28.759,7.0948,7.0967,1.00,1.00
2010.09.15 07:10:28.925,7.09435,7.09625,1.60,1.00
2010.09.15 07:10:29.484,7.09465,7.09625,1.00,1.00
2010.09.15 07:10:29.829,7.0947,7.09625,1.00,1.00
2010.09.15 07:10:30.179,7.09465,7.09625,1.00,1.00
2010.09.15 07:10:31.009,7.0947,7.09625,1.00,1.00
2010.09.15 07:10:32.669,7.0947,7.0965,1.00,1.00
2010.09.15 07:10:32.935,7.09485,7.0965,1.00,1.00
2010.09.15 07:10:34.134,7.0948,7.0965,1.00,1.00
2010.09.15 07:10:34.451,7.0948,7.09625,1.00,1.00
2010.09.15 07:10:34.760,7.09465,7.09625,1.00,1.00
2010.09.15 07:10:36.554,7.09465,7.0962,1.00,1.00
2010.09.15 07:10:36.738,7.09445,7.0957,1.00,1.00
2010.09.15 07:10:37.692,7.09435,7.0957,1.00,1.00
2010.09.15 07:10:40.218,7.0943,7.0957,1.00,1.00
2010.09.15 07:10:40.552,7.09425,7.09535,1.00,1.00
2010.09.15 07:10:42.549,7.09425,7.0956,1.00,1.00
2010.09.15 07:10:42.827,7.09435,7.0956,1.00,1.00
2010.09.15 07:10:43.477,7.0944,7.0956,1.00,1.00
2010.09.15 07:10:47.769,7.09455,7.0959,1.00,1.00
2010.09.15 07:10:49.916,7.09455,7.0957,1.00,1.00
2010.09.15 07:10:50.670,7.09445,7.0959,1.00,1.00
2010.09.15 07:10:50.930,7.09455,7.0959,1.00,1.00
2010.09.15 07:10:52.666,7.09455,7.09615,1.00,1.00
2010.09.15 07:10:53.359,7.09475,7.09615,1.00,1.00
2010.09.15 07:10:53.654,7.09475,7.09665,1.00,1.00
2010.09.15 07:10:54.334,7.09515,7.09665,1.00,1.00
2010.09.15 07:10:54.678,7.0951,7.09665,1.00,1.00
2010.09.15 07:10:55.335,7.09515,7.09665,1.00,1.00
2010.09.15 07:10:56.053,7.0957,7.09725,1.00,1.00
2010.09.15 07:10:57.181,7.0958,7.09725,1.00,1.00
2010.09.15 07:10:57.872,7.09555,7.09705,1.00,1.00
2010.09.15 07:10:58.471,7.0954,7.09705,1.00,1.00
2010.09.15 07:10:58.774,7.09515,7.09655,1.00,1.00
2010.09.15 07:10:59.697,7.09475,7.09655,1.00,1.00
2010.09.15 07:11:00.864,7.0948,7.09655,1.00,1.00
2010.09.15 07:11:01.833,7.0948,7.09645,1.00,1.00
2010.09.15 07:11:08.030,7.0948,7.09625,1.00,1.00
2010.09.15 07:11:08.330,7.09475,7.09625,1.00,1.00
2010.09.15 07:11:09.073,7.09475,7.09645,1.00,1.00
2010.09.15 07:11:09.715,7.0948,7.09645,1.00,1.00
2010.09.15 07:11:13.613,7.0948,7.0965,1.00,1.00
2010.09.15 07:11:14.158,7.09475,7.0963,1.00,1.00
2010.09.15 07:11:15.730,7.09455,7.0963,1.00,1.00
2010.09.15 07:11:15.978,7.0947,7.0963,1.00,1.00
2010.09.15 07:11:16.738,7.09475,7.09645,1.00,1.00
2010.09.15 07:11:17.050,7.0948,7.09645,1.00,1.00
2010.09.15 07:11:17.365,7.0949,7.0967,1.00,1.00
2010.09.15 07:11:18.143,7.09515,7.0967,1.00,1.00
2010.09.15 07:11:19.229,7.09515,7.097,1.00,1.00
2010.09.15 07:11:19.581,7.0953,7.097,1.00,1.00
2010.09.15 07:11:20.364,7.0953,7.09725,1.00,3.20
2010.09.15 07:11:20.675,7.0956,7.09725,1.00,1.00
2010.09.15 07:11:21.725,7.0955,7.09725,1.00,1.00
2010.09.15 07:11:23.854,7.0955,7.09725,1.00,2.40
2010.09.15 07:11:24.048,7.0955,7.09705,1.00,1.00
2010.09.15 07:11:24.244,7.0954,7.0968,1.00,1.00
2010.09.15 07:11:24.880,7.0952,7.0968,1.00,1.00
2010.09.15 07:11:25.231,7.0953,7.097,1.00,1.00
2010.09.15 07:11:35.474,7.09485,7.09655,1.00,1.00
2010.09.15 07:11:36.620,7.0948,7.09645,1.00,1.00
2010.09.15 07:11:36.974,7.0953,7.097,1.00,1.00
2010.09.15 07:11:37.698,7.09535,7.09725,1.00,1.00
2010.09.15 07:11:38.052,7.0954,7.09725,1.00,1.00
2010.09.15 07:11:38.400,7.0955,7.09725,1.00,1.00
2010.09.15 07:11:38.717,7.0954,7.09725,1.00,1.00
2010.09.15 07:11:39.567,7.09515,7.09655,1.00,1.00
2010.09.15 07:11:39.837,7.09485,7.09655,1.00,1.00
2010.09.15 07:11:40.111,7.09485,7.0967,1.00,1.00
2010.09.15 07:11:40.789,7.0952,7.097,1.00,1.00
2010.09.15 07:11:41.140,7.0953,7.097,1.00,1.00
2010.09.15 07:11:43.142,7.0953,7.09695,1.00,1.60
2010.09.15 07:11:43.454,7.0949,7.0965,1.00,1.00
2010.09.15 07:11:43.756,7.09495,7.0965,1.00,1.00
2010.09.15 07:11:44.674,7.09495,7.0965,1.00,1.00
2010.09.15 07:11:45.371,7.09495,7.0963,1.00,1.00
2010.09.15 07:11:45.526,7.09485,7.0962,1.00,1.00
2010.09.15 07:11:45.810,7.09485,7.096,1.00,1.00
2010.09.15 07:11:45.957,7.0947,7.096,1.00,1.60
2010.09.15 07:11:46.434,7.09465,7.09575,1.00,1.00
2010.09.15 07:11:46.788,7.0944,7.09595,1.00,1.00
2010.09.15 07:11:47.556,7.0947,7.09595,1.00,1.00
2010.09.15 07:11:48.957,7.0947,7.0958,1.00,1.00
2010.09.15 07:11:49.319,7.09455,7.0957,1.00,1.00
2010.09.15 07:11:50.057,7.0944,7.096,1.00,1.00
2010.09.15 07:11:50.746,7.09455,7.096,1.00,1.00
2010.09.15 07:11:51.375,7.0945,7.096,1.00,1.00
2010.09.15 07:11:52.037,7.09445,7.096,1.00,1.00
2010.09.15 07:11:52.201,7.0944,7.096,1.00,1.00
2010.09.15 07:11:53.735,7.09475,7.0959,1.00,1.00
2010.09.15 07:11:54.086,7.09425,7.0962,3.20,1.00
2010.09.15 07:11:54.612,7.094,7.0962,3.20,1.00
2010.09.15 07:11:54.962,7.09425,7.0963,3.20,1.00
2010.09.15 07:11:55.311,7.09425,7.0962,3.20,1.00
2010.09.15 07:11:56.081,7.0947,7.0964,1.00,1.00
2010.09.15 07:11:56.425,7.09475,7.0964,1.00,1.00
2010.09.15 07:11:57.502,7.09475,7.0962,1.00,1.00
2010.09.15 07:11:57.855,7.0947,7.0962,1.00,1.00
2010.09.15 07:11:58.088,7.0946,7.0962,1.00,1.00
2010.09.15 07:11:59.225,7.09445,7.09565,1.00,4.00
2010.09.15 07:11:59.573,7.0943,7.0953,1.00,1.00
2010.09.15 07:12:00.520,7.0942,7.0955,1.00,1.00
2010.09.15 07:12:01.593,7.0943,7.0955,1.00,1.00
2010.09.15 07:12:01.900,7.09435,7.0955,1.00,1.00
2010.09.15 07:12:02.974,7.09435,7.0953,1.00,1.00
2010.09.15 07:12:03.719,7.0944,7.0955,1.00,1.00
2010.09.15 07:12:07.247,7.0944,7.095,1.00,1.00
2010.09.15 07:12:07.525,7.09435,7.0953,1.00,1.00
2010.09.15 07:12:07.793,7.09435,7.095,1.00,1.00
2010.09.15 07:12:08.478,7.0937,7.0944,1.00,1.00
2010.09.15 07:12:09.230,7.0936,7.0944,1.00,1.00
2010.09.15 07:12:09.588,7.0936,7.0939,1.10,1.00
2010.09.15 07:12:10.652,7.0936,7.0939,1.30,1.00
2010.09.15 07:12:11.926,7.09135,7.0939,3.20,1.00
2010.09.15 07:12:12.232,7.0915,7.09365,1.00,1.00
2010.09.15 07:12:13.702,7.09185,7.09335,1.00,1.00
2010.09.15 07:12:14.125,7.09165,7.09335,1.00,1.00
2010.09.15 07:12:16.157,7.09165,7.09355,1.00,1.00
2010.09.15 07:12:16.835,7.0919,7.09355,1.00,1.00
2010.09.15 07:12:19.771,7.0919,7.09335,1.00,1.00
2010.09.15 07:12:20.036,7.09165,7.0931,1.00,1.00
2010.09.15 07:12:20.880,7.09135,7.0931,1.00,1.00
2010.09.15 07:12:21.569,7.09145,7.09335,3.20,1.00
2010.09.15 07:12:21.973,7.09145,7.09355,3.20,1.00
2010.09.15 07:12:22.322,7.09165,7.0937,1.00,1.00
2010.09.15 07:12:23.512,7.09165,7.0937,1.00,4.80
2010.09.15 07:12:23.860,7.09165,7.0935,1.00,1.00
2010.09.15 07:12:24.632,7.09165,7.0937,1.00,1.00
2010.09.15 07:12:24.932,7.0919,7.0935,1.00,1.00
2010.09.15 07:12:25.927,7.092,7.09385,1.00,1.00
2010.09.15 07:12:27.006,7.092,7.09405,1.00,4.00
2010.09.15 07:12:27.341,7.092,7.09385,1.00,1.00
2010.09.15 07:12:28.477,7.09205,7.09385,1.00,1.00
2010.09.15 07:12:29.539,7.09205,7.0936,1.00,1.00
2010.09.15 07:12:29.890,7.0919,7.09385,1.00,1.60
2010.09.15 07:12:30.237,7.0919,7.0936,1.00,1.00
2010.09.15 07:12:32.502,7.09155,7.0933,1.00,1.00
2010.09.15 07:12:34.847,7.09155,7.0933,1.00,1.60
2010.09.15 07:12:35.597,7.09155,7.09305,1.00,1.00
2010.09.15 07:12:36.300,7.09155,7.09325,1.00,3.20
2010.09.15 07:12:36.569,7.091,7.0922,1.00,3.20
2010.09.15 07:12:37.509,7.091,7.09215,1.00,3.20
2010.09.15 07:12:38.648,7.091,7.092,1.00,3.20
2010.09.15 07:12:40.096,7.091,7.0921,1.00,3.20
2010.09.15 07:12:40.440,7.091,7.09205,1.00,3.20
2010.09.15 07:12:40.789,7.091,7.0921,1.00,3.20
2010.09.15 07:12:41.684,7.091,7.09215,1.00,3.20
2010.09.15 07:12:41.945,7.091,7.0921,1.00,3.20
2010.09.15 07:12:42.245,7.091,7.09215,1.00,3.20
2010.09.15 07:12:42.919,7.0904,7.09245,1.00,3.20
2010.09.15 07:12:43.844,7.0904,7.0926,1.00,1.00
2010.09.15 07:12:44.191,7.0905,7.0927,1.00,3.20
2010.09.15 07:12:45.270,7.0905,7.0926,1.00,1.00
2010.09.15 07:12:45.594,7.0905,7.0927,1.00,3.20
2010.09.15 07:12:46.385,7.0905,7.0926,1.00,1.00
2010.09.15 07:12:47.144,7.0905,7.0927,1.00,3.20
2010.09.15 07:12:47.311,7.0908,7.093,1.00,4.00
2010.09.15 07:12:48.607,7.091,7.093,1.00,4.00
2010.09.15 07:12:49.962,7.091,7.09285,1.00,1.00
2010.09.15 07:12:50.262,7.0907,7.0926,1.00,1.00
2010.09.15 07:12:50.548,7.0907,7.0926,1.00,1.00
2010.09.15 07:12:51.519,7.0907,7.0927,1.00,3.20
2010.09.15 07:12:51.815,7.0907,7.09295,4.00,1.00
2010.09.15 07:12:52.519,7.091,7.09275,1.00,1.00
2010.09.15 07:12:53.156,7.091,7.0925,1.00,1.00
2010.09.15 07:12:53.476,7.09075,7.09245,1.00,1.00
2010.09.15 07:12:54.559,7.0905,7.09265,3.20,1.00
2010.09.15 07:12:54.685,7.09085,7.09265,1.00,1.00
2010.09.15 07:12:55.325,7.09085,7.09245,1.00,1.00
2010.09.15 07:12:56.110,7.09075,7.09245,1.00,1.00
2010.09.15 07:12:56.387,7.09065,7.0922,1.00,1.00
2010.09.15 07:12:57.438,7.0906,7.0922,1.00,1.00
2010.09.15 07:12:57.762,7.0908,7.09275,1.00,1.00
2010.09.15 07:12:58.573,7.09085,7.0925,1.00,1.00
2010.09.15 07:12:58.916,7.09075,7.0925,1.00,1.00
2010.09.15 07:12:59.701,7.0907,7.0925,1.00,1.00
2010.09.15 07:13:01.476,7.09065,7.0923,1.00,1.00
2010.09.15 07:13:01.668,7.09065,7.0925,1.00,4.00
2010.09.15 07:13:01.865,7.09065,7.0925,1.00,1.00
2010.09.15 07:13:02.627,7.09075,7.0925,1.00,1.00
2010.09.15 07:13:06.478,7.09065,7.0923,1.00,1.00
2010.09.15 07:13:06.904,7.09065,7.09195,1.00,1.00
2010.09.15 07:13:07.132,7.0906,7.09215,1.00,4.00
2010.09.15 07:13:07.476,7.0906,7.09215,1.00,1.00
2010.09.15 07:13:08.762,7.0906,7.09195,1.00,1.00
2010.09.15 07:13:09.028,7.0896,7.09195,1.00,1.00
2010.09.15 07:13:09.286,7.09,7.09195,1.00,1.00
2010.09.15 07:13:11.911,7.0901,7.09195,1.00,1.00
2010.09.15 07:13:12.179,7.08985,7.0916,1.00,1.00
2010.09.15 07:13:13.088,7.08975,7.0916,1.00,1.00
2010.09.15 07:13:13.774,7.08985,7.0916,1.00,1.00
2010.09.15 07:13:15.144,7.08975,7.0916,1.00,1.00
2010.09.15 07:13:15.934,7.08965,7.0914,1.00,1.00
2010.09.15 07:13:17.550,7.0896,7.0909,1.00,1.00
2010.09.15 07:13:18.012,7.0895,7.0909,1.00,1.00
2010.09.15 07:13:18.363,7.08935,7.0909,1.00,1.00
2010.09.15 07:13:19.466,7.08935,7.0911,1.00,1.00
2010.09.15 07:13:20.275,7.08935,7.0913,1.00,1.60
2010.09.15 07:13:20.626,7.08975,7.0918,1.00,1.00
2010.09.15 07:13:21.374,7.08985,7.09165,1.00,1.00
2010.09.15 07:13:21.725,7.08975,7.09165,1.00,1.00
2010.09.15 07:13:22.411,7.08985,7.09165,1.00,1.00
2010.09.15 07:13:23.122,7.09015,7.09185,1.00,1.00
2010.09.15 07:13:23.395,7.09025,7.09185,1.00,1.00
2010.09.15 07:13:24.156,7.0903,7.0922,1.00,1.00
2010.09.15 07:13:24.501,7.0906,7.0924,1.00,1.00
2010.09.15 07:13:24.937,7.0906,7.0922,1.00,1.00
2010.09.15 07:13:25.295,7.09055,7.0922,1.00,1.00
2010.09.15 07:13:25.639,7.09045,7.0922,1.00,1.00
2010.09.15 07:13:26.434,7.09,7.09165,1.00,1.00
2010.09.15 07:13:26.781,7.08985,7.09165,1.00,1.00
2010.09.15 07:13:27.477,7.08975,7.09165,1.00,1.00
2010.09.15 07:13:27.842,7.08985,7.09165,1.00,1.00
2010.09.15 07:13:28.121,7.08985,7.09165,1.00,1.60
2010.09.15 07:13:28.786,7.08965,7.0914,1.00,1.00
2010.09.15 07:13:30.152,7.08935,7.0911,1.00,1.00
2010.09.15 07:13:30.459,7.0892,7.09085,1.00,1.00
2010.09.15 07:13:31.222,7.08915,7.09085,1.00,1.00
2010.09.15 07:13:32.332,7.08915,7.0908,1.00,1.00
2010.09.15 07:13:32.599,7.08915,7.09085,1.00,1.00
2010.09.15 07:13:33.247,7.08925,7.09105,1.00,3.20
2010.09.15 07:13:33.520,7.08935,7.0911,1.00,1.00
2010.09.15 07:13:34.631,7.08975,7.0913,1.00,1.00
2010.09.15 07:13:34.976,7.08965,7.0913,1.00,1.00
2010.09.15 07:13:35.729,7.0892,7.0913,1.00,1.00
2010.09.15 07:13:36.012,7.08965,7.0913,1.00,1.00
2010.09.15 07:13:37.291,7.08945,7.0913,1.00,1.00
2010.09.15 07:13:39.091,7.08935,7.0911,1.00,1.00
2010.09.15 07:13:42.490,7.08895,7.09085,1.00,1.00
2010.09.15 07:13:45.590,7.08895,7.09055,1.00,1.00
2010.09.15 07:13:45.866,7.0886,7.0903,1.00,1.00
2010.09.15 07:13:46.504,7.08835,7.0903,1.00,1.00
2010.09.15 07:13:46.786,7.0886,7.0904,1.00,3.20
2010.09.15 07:13:47.138,7.0886,7.09055,1.00,1.00
2010.09.15 07:13:47.893,7.08875,7.09055,1.00,1.00
2010.09.15 07:13:50.341,7.08885,7.09075,1.00,1.00
2010.09.15 07:13:55.142,7.08875,7.09075,1.00,1.00
2010.09.15 07:13:55.486,7.08885,7.09075,1.00,1.00
2010.09.15 07:13:56.545,7.08905,7.0911,1.00,1.00
2010.09.15 07:13:57.257,7.0891,7.0911,1.00,1.00
2010.09.15 07:13:57.614,7.0895,7.09165,1.00,1.00
2010.09.15 07:13:57.958,7.08975,7.09165,1.00,1.00
2010.09.15 07:13:58.924,7.08965,7.0914,1.00,1.00
2010.09.15 07:13:59.258,7.08965,7.09165,1.00,1.00
2010.09.15 07:13:59.989,7.08965,7.0916,1.00,3.20
2010.09.15 07:14:00.325,7.08975,7.0916,1.00,3.20
2010.09.15 07:14:00.668,7.08955,7.0914,1.00,1.00
2010.09.15 07:14:00.886,7.08955,7.0916,1.00,4.00
2010.09.15 07:14:01.562,7.08975,7.09165,1.00,1.00
2010.09.15 07:14:05.135,7.08975,7.09185,1.00,1.60
2010.09.15 07:14:05.275,7.08995,7.09185,1.00,1.00
2010.09.15 07:14:07.764,7.09005,7.09185,1.00,1.00
2010.09.15 07:14:12.959,7.09005,7.0916,1.00,3.20
2010.09.15 07:14:13.311,7.08985,7.09175,1.00,1.00
2010.09.15 07:14:13.605,7.08985,7.09165,1.00,1.00
2010.09.15 07:14:14.802,7.08975,7.0914,1.00,1.00
2010.09.15 07:14:16.089,7.08965,7.0911,1.00,1.00
2010.09.15 07:14:16.448,7.08925,7.0911,1.00,1.00
2010.09.15 07:14:17.187,7.0892,7.0911,1.00,1.00
2010.09.15 07:14:17.881,7.0892,7.0913,1.00,1.00
2010.09.15 07:14:18.197,7.08925,7.0913,1.00,1.00
2010.09.15 07:14:18.910,7.08925,7.0912,1.00,1.00
2010.09.15 07:14:19.156,7.08935,7.0908,1.00,1.00
2010.09.15 07:14:19.394,7.08925,7.0908,1.00,1.00
2010.09.15 07:14:20.386,7.08925,7.091,1.00,1.00
2010.09.15 07:14:22.080,7.08935,7.091,1.00,1.00
2010.09.15 07:14:22.677,7.08925,7.091,1.00,1.00
2010.09.15 07:14:25.182,7.0888,7.0908,1.00,1.00
2010.09.15 07:14:25.484,7.08855,7.0903,1.00,1.00
2010.09.15 07:14:25.946,7.0885,7.0903,1.00,1.00
2010.09.15 07:14:26.243,7.0886,7.09035,1.00,1.00
2010.09.15 07:14:26.598,7.0886,7.09075,1.00,1.00
2010.09.15 07:14:27.676,7.08875,7.09075,1.00,1.00
2010.09.15 07:14:28.491,7.08865,7.09075,1.00,1.00
2010.09.15 07:14:29.178,7.08855,7.09055,1.00,1.00
2010.09.15 07:14:30.387,7.08855,7.0903,1.00,1.00
2010.09.15 07:14:30.649,7.08855,7.0904,1.00,3.20
2010.09.15 07:14:30.907,7.08855,7.09055,1.00,1.00
2010.09.15 07:14:35.776,7.08865,7.09055,1.00,1.00
2010.09.15 07:14:38.704,7.08865,7.0908,1.00,3.30
2010.09.15 07:14:38.921,7.08875,7.0904,1.00,1.00
2010.09.15 07:14:39.258,7.0888,7.09045,1.00,1.00
2010.09.15 07:14:39.973,7.08885,7.09045,1.00,1.00
2010.09.15 07:14:40.341,7.0888,7.09045,1.00,1.00
2010.09.15 07:14:41.366,7.0888,7.0906,1.00,3.20
2010.09.15 07:14:42.112,7.08895,7.0907,1.00,1.00
2010.09.15 07:14:43.902,7.08895,7.0909,1.00,1.00
2010.09.15 07:14:44.506,7.08895,7.0911,1.00,1.00
2010.09.15 07:14:45.344,7.089,7.0907,1.00,1.00
2010.09.15 07:14:45.673,7.089,7.0908,1.00,3.20
2010.09.15 07:14:46.104,7.089,7.0909,1.00,1.00
2010.09.15 07:14:46.456,7.08935,7.0911,1.00,4.00
2010.09.15 07:14:48.077,7.08935,7.0911,1.00,1.00
2010.09.15 07:14:49.582,7.08925,7.0909,1.00,1.00
2010.09.15 07:14:51.005,7.08915,7.0907,1.00,1.00
2010.09.15 07:14:51.354,7.0892,7.0909,1.00,1.00
2010.09.15 07:14:51.713,7.0892,7.0911,1.00,1.00
2010.09.15 07:14:52.332,7.08925,7.0911,1.00,1.00
2010.09.15 07:14:52.572,7.08915,7.0911,1.00,1.00
2010.09.15 07:14:53.210,7.08945,7.09145,1.00,4.00
2010.09.15 07:14:53.567,7.08955,7.09145,1.00,1.00
2010.09.15 07:14:54.820,7.08955,7.09125,1.00,1.00
2010.09.15 07:14:56.113,7.08945,7.09145,1.00,1.00
2010.09.15 07:14:57.463,7.08945,7.09125,1.00,1.00
2010.09.15 07:14:57.807,7.0896,7.09125,1.00,1.00
2010.09.15 07:14:58.929,7.08955,7.09125,1.00,1.00
2010.09.15 07:15:00.715,7.0893,7.09125,1.00,1.00
2010.09.15 07:15:01.899,7.0893,7.0912,1.00,1.00
2010.09.15 07:15:03.536,7.0893,7.09125,1.00,1.00
2010.09.15 07:15:04.696,7.08945,7.09125,1.00,1.00
2010.09.15 07:15:04.978,7.08955,7.09125,1.00,1.00
2010.09.15 07:15:08.051,7.08955,7.09145,1.00,3.20
2010.09.15 07:15:08.196,7.08955,7.0915,1.00,1.00
2010.09.15 07:15:10.996,7.08955,7.0914,1.00,1.00
2010.09.15 07:15:14.175,7.08945,7.0912,1.00,1.00
2010.09.15 07:15:14.858,7.08935,7.0912,1.00,1.00
2010.09.15 07:15:15.202,7.08925,7.0912,1.00,1.00
2010.09.15 07:15:15.874,7.0892,7.0912,1.00,1.00
2010.09.15 07:15:16.115,7.08925,7.0912,1.00,1.00
2010.09.15 07:15:17.061,7.0892,7.09085,1.00,1.00
2010.09.15 07:15:18.334,7.0892,7.09085,1.00,1.60
2010.09.15 07:15:18.680,7.0892,7.09065,1.00,1.00
2010.09.15 07:15:20.985,7.08895,7.09065,1.00,1.00
2010.09.15 07:15:21.592,7.08865,7.09065,1.00,1.00
2010.09.15 07:15:21.905,7.08895,7.09065,1.00,1.00
2010.09.15 07:15:23.177,7.08885,7.0907,1.00,1.00
2010.09.15 07:15:25.052,7.0891,7.09115,1.00,1.00
2010.09.15 07:15:25.354,7.08905,7.09095,1.00,1.00
2010.09.15 07:15:26.110,7.08905,7.09085,1.00,1.00
2010.09.15 07:15:29.819,7.0894,7.09105,1.00,1.00
2010.09.15 07:15:30.656,7.08955,7.0914,1.00,1.00
2010.09.15 07:15:37.132,7.08965,7.0916,1.00,1.00
2010.09.15 07:15:37.499,7.08995,7.092,1.00,3.20
2010.09.15 07:15:38.582,7.09015,7.09205,1.00,1.00
2010.09.15 07:15:39.369,7.09045,7.09225,1.00,4.00
2010.09.15 07:15:39.731,7.09065,7.09255,1.00,4.00
2010.09.15 07:15:40.429,7.09065,7.09255,1.00,1.00
2010.09.15 07:15:40.781,7.09065,7.0921,1.00,1.00
2010.09.15 07:15:41.133,7.09015,7.09185,1.00,1.00
2010.09.15 07:15:41.630,7.0902,7.09185,1.00,1.00
2010.09.15 07:15:41.992,7.09015,7.09185,1.00,1.00
2010.09.15 07:15:42.341,7.09015,7.09205,1.00,1.00
2010.09.15 07:15:43.437,7.09025,7.09205,1.00,1.00
2010.09.15 07:15:43.791,7.09025,7.09225,1.00,1.00
2010.09.15 07:15:44.859,7.0907,7.09255,1.00,1.00
2010.09.15 07:15:45.151,7.09075,7.09255,1.00,1.00
2010.09.15 07:15:45.882,7.09105,7.0928,1.00,1.00
2010.09.15 07:15:46.984,7.09005,7.0924,1.00,1.00
2010.09.15 07:15:48.033,7.09065,7.09255,1.00,1.00
2010.09.15 07:15:49.412,7.09055,7.09255,1.00,1.00
2010.09.15 07:15:49.759,7.09055,7.09235,1.00,1.00
2010.09.15 07:15:50.099,7.09045,7.09235,1.00,1.00
2010.09.15 07:15:51.137,7.09035,7.09235,1.00,1.00
2010.09.15 07:15:51.499,7.09025,7.09235,1.00,1.00
2010.09.15 07:15:52.105,7.0902,7.09225,1.00,1.00
2010.09.15 07:15:52.289,7.09025,7.09225,1.00,1.00
2010.09.15 07:15:53.353,7.0901,7.09185,1.00,3.20
2010.09.15 07:15:53.679,7.0901,7.09205,1.00,1.00
2010.09.15 07:15:55.765,7.0901,7.09195,1.00,1.00
2010.09.15 07:15:58.185,7.09025,7.09195,1.00,1.00
2010.09.15 07:15:58.499,7.08995,7.09175,1.00,1.00
2010.09.15 07:15:59.233,7.0897,7.09195,1.00,1.00
2010.09.15 07:15:59.569,7.0904,7.09215,1.00,1.00
2010.09.15 07:16:00.241,7.0904,7.0925,1.00,1.00
2010.09.15 07:16:00.594,7.09055,7.0925,1.00,1.00
2010.09.15 07:16:03.554,7.09065,7.0925,1.00,1.00
2010.09.15 07:16:04.902,7.09065,7.09255,1.00,1.00
2010.09.15 07:16:05.253,7.09055,7.09255,1.00,1.00
2010.09.15 07:16:06.873,7.09025,7.0918,1.00,1.00
2010.09.15 07:16:07.219,7.08995,7.09175,1.00,1.00
2010.09.15 07:16:08.511,7.08995,7.09215,1.00,4.00
2010.09.15 07:16:09.128,7.0902,7.09225,1.00,1.00
2010.09.15 07:16:09.485,7.0908,7.09235,1.00,1.00
2010.09.15 07:16:10.170,7.0907,7.09335,1.00,1.00
2010.09.15 07:16:10.880,7.0912,7.0934,1.00,1.10
2010.09.15 07:16:11.069,7.09115,7.0935,1.00,1.00
2010.09.15 07:16:12.357,7.09115,7.0933,1.00,1.00
2010.09.15 07:16:13.415,7.09115,7.0933,1.00,1.00
2010.09.15 07:16:13.659,7.09115,7.09325,1.00,1.00
2010.09.15 07:16:14.214,7.091,7.0927,1.00,4.00
2010.09.15 07:16:14.336,7.091,7.0925,1.00,1.00
2010.09.15 07:16:14.801,7.0905,7.0925,1.00,1.00
2010.09.15 07:16:15.154,7.09045,7.0924,1.00,1.00
2010.09.15 07:16:15.501,7.0903,7.092,1.00,1.00
2010.09.15 07:16:17.327,7.09,7.092,1.00,1.00
2010.09.15 07:16:17.682,7.09025,7.092,1.00,1.00
2010.09.15 07:16:17.923,7.09025,7.0917,1.00,1.00
2010.09.15 07:16:18.555,7.0898,7.09165,1.00,1.00
2010.09.15 07:16:18.792,7.08985,7.0918,1.00,1.00
2010.09.15 07:16:19.547,7.08985,7.09165,1.00,1.00
2010.09.15 07:16:19.906,7.08975,7.0914,1.00,1.00
2010.09.15 07:16:20.661,7.08975,7.0916,1.00,1.00
2010.09.15 07:16:21.023,7.08985,7.09165,1.00,1.00
2010.09.15 07:16:22.127,7.0894,7.09095,1.00,1.00
2010.09.15 07:16:22.492,7.08935,7.09055,1.00,3.20
2010.09.15 07:16:23.224,7.08925,7.09055,1.00,3.20
2010.09.15 07:16:23.531,7.0888,7.09095,1.00,3.20
2010.09.15 07:16:23.843,7.0887,7.0908,1.00,1.00
2010.09.15 07:16:24.549,7.08865,7.0904,1.00,3.20
2010.09.15 07:16:24.907,7.08895,7.09085,1.00,1.00
2010.09.15 07:16:26.113,7.0891,7.09085,1.00,1.00
2010.09.15 07:16:26.801,7.08765,7.09035,1.00,3.20
2010.09.15 07:16:27.498,7.0874,7.09,1.00,3.20
2010.09.15 07:16:28.569,7.08725,7.08975,1.00,3.20
2010.09.15 07:16:28.899,7.0876,7.08975,1.00,3.20
2010.09.15 07:16:29.247,7.08775,7.08995,3.20,1.00
2010.09.15 07:16:30.007,7.08805,7.08995,1.00,1.00
2010.09.15 07:16:30.429,7.0883,7.08995,1.00,1.00
2010.09.15 07:16:30.638,7.0884,7.0901,1.00,1.00
2010.09.15 07:16:31.155,7.0886,7.0901,3.20,1.00
2010.09.15 07:16:31.490,7.0887,7.0904,1.00,1.00
2010.09.15 07:16:32.523,7.08855,7.0904,1.00,1.00
2010.09.15 07:16:33.952,7.08855,7.0902,1.00,1.00
2010.09.15 07:16:34.264,7.08855,7.0904,1.00,1.00
2010.09.15 07:16:35.262,7.0887,7.09095,3.20,1.00
2010.09.15 07:16:35.610,7.08895,7.09095,1.00,1.00
2010.09.15 07:16:36.537,7.0889,7.09095,1.00,1.00
2010.09.15 07:16:37.406,7.089,7.0911,1.00,1.00
2010.09.15 07:16:38.237,7.089,7.09115,1.00,1.00
2010.09.15 07:16:38.777,7.089,7.0911,1.00,1.00
2010.09.15 07:16:39.595,7.08935,7.09115,1.00,1.00
2010.09.15 07:16:39.938,7.08945,7.09115,1.00,1.00
2010.09.15 07:16:40.613,7.08935,7.09095,1.00,1.00
2010.09.15 07:16:40.850,7.08925,7.09115,1.00,1.00
2010.09.15 07:16:41.639,7.08945,7.0916,1.00,1.00
2010.09.15 07:16:41.994,7.08965,7.0917,1.00,1.00
2010.09.15 07:16:43.606,7.0896,7.0917,1.00,1.00
2010.09.15 07:16:43.786,7.0896,7.0917,1.00,1.00
2010.09.15 07:16:44.341,7.08995,7.0917,1.00,1.00
2010.09.15 07:16:44.531,7.08985,7.0917,1.00,1.00
2010.09.15 07:16:45.837,7.08995,7.0916,1.00,1.00
2010.09.15 07:16:46.117,7.09005,7.0916,1.00,1.00
2010.09.15 07:16:47.983,7.09005,7.09195,1.00,1.00
2010.09.15 07:16:48.336,7.09015,7.09205,1.00,1.00
2010.09.15 07:16:48.681,7.0901,7.0918,1.00,1.00
2010.09.15 07:16:50.124,7.08975,7.09165,1.00,1.00
2010.09.15 07:16:52.025,7.08985,7.09165,1.00,1.00
2010.09.15 07:16:52.996,7.0895,7.0912,1.00,1.00
2010.09.15 07:16:54.086,7.0891,7.09085,1.00,1.00
2010.09.15 07:16:54.830,7.08905,7.09065,1.00,1.00
2010.09.15 07:16:55.185,7.08875,7.09065,1.00,1.00
2010.09.15 07:16:56.264,7.08865,7.09055,1.00,1.00
2010.09.15 07:16:56.611,7.08875,7.0901,1.00,1.00
2010.09.15 07:16:56.880,7.08855,7.0901,1.00,1.00
2010.09.15 07:16:57.492,7.0886,7.09015,1.00,1.00
2010.09.15 07:16:57.750,7.0883,7.0906,4.00,1.00
2010.09.15 07:16:58.098,7.0885,7.0902,1.00,1.00
2010.09.15 07:16:58.448,7.08855,7.0904,1.00,1.00
2010.09.15 07:16:58.886,7.08855,7.0906,1.00,1.00
2010.09.15 07:16:59.230,7.08865,7.0906,1.00,1.00
2010.09.15 07:17:03.487,7.08875,7.09055,1.00,1.00
2010.09.15 07:17:04.778,7.08885,7.09055,1.00,1.00
2010.09.15 07:17:06.149,7.08895,7.09055,1.00,1.00
2010.09.15 07:17:06.427,7.08905,7.09055,1.00,1.00
2010.09.15 07:17:07.110,7.08875,7.09055,1.00,1.00
2010.09.15 07:17:07.388,7.08855,7.0903,1.00,1.00
2010.09.15 07:17:08.141,7.08855,7.0903,1.00,1.00
2010.09.15 07:17:09.255,7.08855,7.09005,1.00,3.20
2010.09.15 07:17:09.541,7.0881,7.09005,1.00,3.20
2010.09.15 07:17:10.227,7.08815,7.09005,1.00,3.20
2010.09.15 07:17:10.985,7.0882,7.09035,1.00,4.80
2010.09.15 07:17:11.303,7.08825,7.09035,1.00,4.80
2010.09.15 07:17:12.486,7.08825,7.09035,1.00,1.60
2010.09.15 07:17:12.752,7.0883,7.0904,1.00,1.00
2010.09.15 07:17:12.948,7.0883,7.09035,1.00,1.60
2010.09.15 07:17:13.149,7.0883,7.0904,1.00,1.00
2010.09.15 07:17:14.137,7.0882,7.09015,1.00,4.00
2010.09.15 07:17:15.070,7.0884,7.09015,1.00,4.00
2010.09.15 07:17:15.420,7.0884,7.09015,1.00,1.00
2010.09.15 07:17:16.172,7.0885,7.0904,1.00,1.00
2010.09.15 07:17:17.695,7.0885,7.0902,1.00,1.00
2010.09.15 07:17:19.908,7.0885,7.0905,1.00,1.00
2010.09.15 07:17:22.864,7.0885,7.0903,1.00,3.20
2010.09.15 07:17:23.157,7.0881,7.08955,1.00,1.00
2010.09.15 07:17:23.855,7.0877,7.0895,1.00,1.00
2010.09.15 07:17:24.205,7.0878,7.0897,1.00,1.00
2010.09.15 07:17:25.771,7.0878,7.08995,1.00,1.00
2010.09.15 07:17:32.377,7.0878,7.08995,1.00,2.40
2010.09.15 07:17:32.570,7.0878,7.0897,1.00,1.00
2010.09.15 07:17:33.501,7.0872,7.0895,4.00,1.00
2010.09.15 07:17:33.839,7.0876,7.0895,1.00,1.00
2010.09.15 07:17:34.614,7.08755,7.0895,1.00,1.00
2010.09.15 07:17:36.027,7.08755,7.08945,1.00,1.60
2010.09.15 07:17:36.821,7.08735,7.089,1.00,1.00
2010.09.15 07:17:37.166,7.087,7.089,1.00,1.00
2010.09.15 07:17:37.970,7.0868,7.08855,1.00,1.60
2010.09.15 07:17:38.764,7.0868,7.08815,1.00,1.60
2010.09.15 07:17:39.133,7.0862,7.08795,1.00,1.60
2010.09.15 07:17:40.172,7.0862,7.08805,1.00,1.60
2010.09.15 07:17:40.489,7.08625,7.08815,1.00,1.60
2010.09.15 07:17:41.211,7.08625,7.08795,1.00,1.60
2010.09.15 07:17:41.563,7.0863,7.08785,1.00,1.60
2010.09.15 07:17:42.981,7.0863,7.08795,1.00,1.60
2010.09.15 07:17:43.727,7.0862,7.08745,1.00,1.60
2010.09.15 07:17:44.082,7.0856,7.08745,1.00,1.60
2010.09.15 07:17:44.843,7.086,7.08815,3.20,1.00
2010.09.15 07:17:45.195,7.08645,7.08815,1.00,1.00
2010.09.15 07:17:45.945,7.08675,7.08915,1.00,1.60
2010.09.15 07:17:46.292,7.0873,7.08925,1.00,2.40
2010.09.15 07:17:47.532,7.08725,7.08845,1.00,1.60
2010.09.15 07:17:48.179,7.08665,7.08855,1.00,1.60
2010.09.15 07:17:48.891,7.08665,7.08835,1.00,4.80
2010.09.15 07:17:49.092,7.08655,7.08835,1.00,1.60
2010.09.15 07:17:49.639,7.08655,7.08825,1.00,1.60
2010.09.15 07:17:49.855,7.08645,7.08835,1.00,3.20
2010.09.15 07:17:52.006,7.08645,7.0884,1.00,1.00
2010.09.15 07:17:52.254,7.08655,7.0884,1.00,1.00
2010.09.15 07:17:55.953,7.08665,7.0888,1.00,1.00
2010.09.15 07:17:56.252,7.0871,7.0888,1.00,1.00
2010.09.15 07:17:57.479,7.0871,7.08825,1.00,1.00
2010.09.15 07:17:58.146,7.08675,7.08825,1.00,1.00
2010.09.15 07:18:00.187,7.08675,7.08845,1.00,1.00
2010.09.15 07:18:00.770,7.0869,7.08845,1.00,1.00
2010.09.15 07:18:01.463,7.0869,7.0887,1.00,1.00
2010.09.15 07:18:02.802,7.0873,7.089,1.00,1.00
2010.09.15 07:18:05.325,7.08725,7.0887,1.00,3.20
2010.09.15 07:18:05.665,7.08665,7.0886,1.00,1.00
2010.09.15 07:18:06.396,7.08665,7.08825,1.00,3.20
2010.09.15 07:18:06.729,7.08665,7.0885,1.00,3.20
2010.09.15 07:18:07.788,7.08665,7.08885,1.00,3.20
2010.09.15 07:18:08.148,7.08665,7.0889,1.00,1.00
2010.09.15 07:18:10.783,7.0865,7.0889,3.20,1.60
2010.09.15 07:18:10.998,7.08675,7.08905,4.00,1.00
2010.09.15 07:18:12.123,7.08675,7.08905,1.00,1.00
2010.09.15 07:18:13.575,7.08735,7.0896,1.00,1.00
2010.09.15 07:18:16.139,7.0873,7.08935,3.20,1.00
2010.09.15 07:18:16.447,7.08705,7.08935,4.00,1.00
2010.09.15 07:18:17.538,7.08705,7.0892,3.20,1.00
2010.09.15 07:18:18.041,7.08685,7.0892,1.00,1.00
2010.09.15 07:18:18.404,7.08705,7.08935,4.00,1.00
2010.09.15 07:18:20.486,7.0872,7.08935,3.20,1.00
2010.09.15 07:18:21.523,7.08745,7.08955,3.20,1.00
2010.09.15 07:18:23.294,7.08745,7.08935,3.20,1.00
2010.09.15 07:18:24.070,7.08705,7.08935,4.00,1.00
2010.09.15 07:18:25.690,7.0872,7.08935,3.20,1.00
2010.09.15 07:18:28.606,7.0872,7.0892,3.20,1.00
2010.09.15 07:18:28.839,7.0878,7.0892,3.20,1.00
2010.09.15 07:18:29.297,7.0878,7.0894,3.20,1.00
2010.09.15 07:18:29.656,7.0881,7.0894,3.20,1.00
2010.09.15 07:18:30.400,7.08805,7.0894,3.20,1.00
2010.09.15 07:18:30.773,7.08695,7.0894,1.00,1.00
2010.09.15 07:18:31.844,7.08715,7.0892,1.00,1.00
2010.09.15 07:18:32.200,7.08735,7.08965,1.00,4.00
2010.09.15 07:18:32.531,7.08735,7.0892,1.00,1.00
2010.09.15 07:18:33.008,7.0872,7.0894,3.20,1.00
2010.09.15 07:18:33.679,7.08735,7.08965,1.00,1.00
2010.09.15 07:18:34.467,7.08745,7.0894,3.20,1.00
2010.09.15 07:18:37.274,7.0872,7.0894,3.20,1.00
2010.09.15 07:18:38.754,7.0878,7.0894,1.00,1.00
2010.09.15 07:18:39.588,7.0877,7.0892,1.00,1.00
2010.09.15 07:18:39.878,7.08735,7.0892,1.00,1.00
2010.09.15 07:18:40.470,7.08735,7.0894,1.00,1.00
2010.09.15 07:18:40.826,7.0876,7.0894,1.00,1.00
2010.09.15 07:18:41.907,7.0876,7.0892,1.00,1.00
2010.09.15 07:18:42.260,7.08735,7.0892,1.00,1.00
2010.09.15 07:18:45.212,7.08735,7.0894,1.00,1.00
2010.09.15 07:18:46.331,7.0876,7.0894,1.00,1.00
2010.09.15 07:18:47.764,7.08765,7.0894,1.00,1.00
2010.09.15 07:18:49.110,7.08755,7.0894,1.00,1.00
2010.09.15 07:18:49.427,7.08755,7.0892,1.00,1.00
2010.09.15 07:18:50.197,7.0874,7.0892,1.00,1.00
2010.09.15 07:18:51.964,7.08745,7.08965,3.20,1.00
2010.09.15 07:18:52.261,7.08785,7.0894,1.00,1.00
2010.09.15 07:18:52.996,7.08765,7.0894,1.00,1.00
2010.09.15 07:18:59.126,7.0876,7.0894,1.00,1.00
2010.09.15 07:19:02.113,7.0876,7.0892,1.00,1.00
2010.09.15 07:19:02.736,7.08745,7.0892,1.00,1.00
2010.09.15 07:19:03.481,7.08755,7.0894,1.00,1.00
2010.09.15 07:19:05.072,7.0873,7.08935,1.00,3.20
2010.09.15 07:19:05.420,7.087,7.0893,1.00,1.00
2010.09.15 07:19:05.767,7.08735,7.08925,1.00,3.20
2010.09.15 07:19:06.016,7.0874,7.0893,1.00,1.00
2010.09.15 07:19:06.767,7.0872,7.0893,1.00,3.20
2010.09.15 07:19:06.979,7.0872,7.08935,1.00,1.00
2010.09.15 07:19:07.198,7.0872,7.08915,1.00,3.20
2010.09.15 07:19:07.818,7.0871,7.089,1.00,1.00
2010.09.15 07:19:08.158,7.0865,7.0886,1.00,3.20
2010.09.15 07:19:09.115,7.08655,7.08885,1.00,1.00
2010.09.15 07:19:09.459,7.0868,7.08885,1.00,1.00
2010.09.15 07:19:14.915,7.0868,7.08905,1.00,1.00
2010.09.15 07:19:15.128,7.08705,7.08845,1.00,1.00
2010.09.15 07:19:15.805,7.08705,7.08855,1.00,3.20
2010.09.15 07:19:16.149,7.0867,7.08865,1.00,1.00
2010.09.15 07:19:18.868,7.0867,7.08865,1.00,1.00
2010.09.15 07:19:20.039,7.0867,7.0888,1.00,3.20
2010.09.15 07:19:20.261,7.087,7.08885,1.00,1.00
2010.09.15 07:19:30.583,7.087,7.08885,1.00,1.00
2010.09.15 07:19:32.826,7.087,7.0889,1.00,1.00
2010.09.15 07:19:33.096,7.0868,7.08845,3.20,1.00
2010.09.15 07:19:33.769,7.08675,7.08845,1.00,1.00
2010.09.15 07:19:34.123,7.08645,7.08825,1.00,1.60
2010.09.15 07:19:34.471,7.08645,7.08815,1.00,1.60
2010.09.15 07:19:34.963,7.08645,7.08805,1.00,1.60
2010.09.15 07:19:35.300,7.08605,7.0879,1.00,1.00
2010.09.15 07:19:36.582,7.08605,7.08785,1.00,1.60
2010.09.15 07:19:36.932,7.08605,7.0879,1.00,1.00
2010.09.15 07:19:37.679,7.08575,7.08725,1.00,1.00
2010.09.15 07:19:38.419,7.08575,7.08725,1.00,2.40
2010.09.15 07:19:38.779,7.08535,7.0869,1.00,3.20
2010.09.15 07:19:39.516,7.08505,7.08675,1.00,1.00
2010.09.15 07:19:39.864,7.0847,7.08645,1.00,1.00
2010.09.15 07:19:41.003,7.0845,7.08645,1.00,1.00
2010.09.15 07:19:41.352,7.0848,7.08655,1.00,4.80
2010.09.15 07:19:42.137,7.0846,7.08645,1.00,1.60
2010.09.15 07:19:42.490,7.08435,7.08625,1.00,1.00
2010.09.15 07:19:43.343,7.08445,7.08625,1.00,1.00
2010.09.15 07:19:44.470,7.08495,7.0868,1.00,3.20
2010.09.15 07:19:44.806,7.08505,7.0868,1.00,3.20
2010.09.15 07:19:45.448,7.08505,7.08695,1.00,1.00
2010.09.15 07:19:45.803,7.0849,7.08645,1.00,1.00
2010.09.15 07:19:46.574,7.08455,7.08645,1.00,1.00
2010.09.15 07:19:46.923,7.0848,7.0866,1.00,1.00
2010.09.15 07:19:48.272,7.0848,7.087,1.00,1.00
2010.09.15 07:19:48.562,7.08515,7.08715,1.00,3.20
2010.09.15 07:19:49.177,7.08515,7.08725,1.00,1.00
2010.09.15 07:19:49.472,7.08515,7.087,1.00,1.00
2010.09.15 07:19:50.837,7.08515,7.0872,1.00,4.00
2010.09.15 07:19:51.153,7.0854,7.08725,1.00,1.00
2010.09.15 07:19:52.252,7.0854,7.08745,1.00,3.20
2010.09.15 07:19:52.582,7.0857,7.08755,1.00,1.00
2010.09.15 07:19:54.547,7.0857,7.08735,1.00,1.00
2010.09.15 07:19:54.783,7.0855,7.087,1.00,1.00
2010.09.15 07:19:55.530,7.08475,7.08695,1.00,3.20
2010.09.15 07:19:55.886,7.0854,7.08755,1.00,1.00
2010.09.15 07:19:57.296,7.0857,7.08755,1.00,1.00
2010.09.15 07:19:57.623,7.0856,7.087,1.00,1.00
2010.09.15 07:19:58.328,7.0853,7.0868,1.00,1.00
2010.09.15 07:19:58.646,7.0853,7.08755,1.00,1.00
2010.09.15 07:19:59.385,7.08555,7.08685,1.00,1.00
2010.09.15 07:19:59.736,7.0852,7.087,1.00,1.00
2010.09.15 07:20:04.101,7.0852,7.08695,1.00,1.00
2010.09.15 07:20:04.451,7.0852,7.08715,1.00,1.00
2010.09.15 07:20:04.717,7.0854,7.08715,1.00,1.00
2010.09.15 07:20:08.022,7.0854,7.0875,1.00,3.20
2010.09.15 07:20:08.250,7.0854,7.08755,1.00,1.00
2010.09.15 07:20:09.282,7.0857,7.08755,1.00,1.00
2010.09.15 07:20:11.945,7.0857,7.08755,1.00,1.00
2010.09.15 07:20:12.931,7.0857,7.08735,1.00,1.00
2010.09.15 07:20:13.280,7.0854,7.08735,1.00,1.00
2010.09.15 07:20:14.243,7.0854,7.0875,1.00,3.20
2010.09.15 07:20:14.534,7.0855,7.08755,3.20,1.00
2010.09.15 07:20:14.818,7.0854,7.08755,1.00,1.00
2010.09.15 07:20:15.808,7.0854,7.08735,1.00,1.00
2010.09.15 07:20:16.162,7.0854,7.08735,1.00,1.00
2010.09.15 07:20:16.925,7.0854,7.087,1.00,1.00
2010.09.15 07:20:17.272,7.08525,7.087,1.00,1.00
2010.09.15 07:20:17.618,7.08525,7.08725,1.00,4.80
2010.09.15 07:20:18.124,7.08525,7.08725,1.00,4.00
2010.09.15 07:20:18.474,7.08525,7.08725,1.00,1.00
2010.09.15 07:20:18.817,7.0854,7.08725,1.00,1.00
2010.09.15 07:20:22.541,7.08565,7.08745,1.00,1.00
2010.09.15 07:20:22.969,7.0857,7.0875,1.00,1.00
2010.09.15 07:20:23.133,7.0854,7.0875,1.00,4.80
2010.09.15 07:20:23.299,7.0854,7.0875,1.00,1.00
2010.09.15 07:20:24.026,7.0857,7.0875,1.00,1.00
2010.09.15 07:20:24.370,7.08515,7.08695,1.00,1.00
2010.09.15 07:20:26.496,7.08515,7.0867,1.00,1.00
2010.09.15 07:20:27.177,7.0849,7.0867,1.00,1.00
2010.09.15 07:20:29.380,7.0838,7.08625,1.00,1.00
2010.09.15 07:20:31.919,7.084,7.08625,1.00,1.00
2010.09.15 07:20:32.170,7.08375,7.08575,3.20,1.00
2010.09.15 07:20:32.403,7.08345,7.08575,4.00,1.00
2010.09.15 07:20:33.705,7.08345,7.08575,1.00,1.00
2010.09.15 07:20:34.387,7.08345,7.0853,1.00,1.00
2010.09.15 07:20:35.055,7.0831,7.0853,3.20,1.00
2010.09.15 07:20:35.333,7.08385,7.0856,1.60,1.00
2010.09.15 07:20:36.439,7.0836,7.0859,1.00,1.00
2010.09.15 07:20:37.416,7.08375,7.0859,3.20,1.00
2010.09.15 07:20:38.439,7.084,7.08615,3.20,1.00
2010.09.15 07:20:39.356,7.084,7.08595,3.20,1.00
2010.09.15 07:20:39.608,7.0837,7.0857,3.20,1.00
2010.09.15 07:20:40.403,7.08345,7.0857,3.20,1.00
2010.09.15 07:20:41.849,7.0829,7.0854,4.00,1.00
2010.09.15 07:20:42.112,7.0829,7.08515,4.00,1.00
2010.09.15 07:20:42.972,7.0829,7.08515,1.00,1.00
2010.09.15 07:20:44.116,7.08295,7.08515,1.00,1.00
2010.09.15 07:20:44.404,7.0833,7.08515,1.00,1.00
2010.09.15 07:20:44.976,7.0833,7.08555,1.00,1.00
2010.09.15 07:20:45.325,7.0831,7.08535,1.00,1.00
2010.09.15 07:20:46.457,7.08285,7.08515,1.00,1.00
2010.09.15 07:20:47.900,7.08335,7.08555,3.20,4.00
2010.09.15 07:20:48.518,7.08335,7.08555,3.20,1.00
2010.09.15 07:20:49.210,7.0833,7.08555,1.00,1.00
2010.09.15 07:20:49.959,7.0831,7.08535,1.00,1.00
2010.09.15 07:20:50.650,7.0833,7.0855,1.00,3.20
2010.09.15 07:20:50.929,7.0833,7.08505,1.00,1.60
2010.09.15 07:20:51.651,7.08305,7.08485,1.00,1.60
2010.09.15 07:20:51.994,7.0828,7.08485,1.00,1.60
2010.09.15 07:20:52.543,7.08325,7.08485,1.00,1.60
2010.09.15 07:20:52.895,7.08325,7.08495,1.00,1.60
2010.09.15 07:20:53.666,7.08325,7.08485,1.00,1.60
2010.09.15 07:20:55.023,7.0837,7.08535,1.00,1.60
2010.09.15 07:20:55.380,7.0836,7.08525,3.20,1.60
2010.09.15 07:20:56.102,7.08355,7.08525,1.00,1.60
2010.09.15 07:20:56.455,7.08335,7.08505,1.00,1.60
2010.09.15 07:20:57.920,7.083,7.08465,1.00,1.60
2010.09.15 07:20:58.268,7.083,7.08475,1.00,1.60
2010.09.15 07:20:59.023,7.083,7.08465,1.00,1.60
2010.09.15 07:20:59.368,7.083,7.08475,1.00,1.60
2010.09.15 07:21:00.054,7.083,7.08465,1.00,1.60
2010.09.15 07:21:00.355,7.083,7.08485,1.00,1.60
2010.09.15 07:21:00.629,7.0832,7.08485,1.00,1.60
2010.09.15 07:21:01.237,7.0832,7.08475,1.00,1.60
2010.09.15 07:21:02.848,7.083,7.08475,1.00,1.60
2010.09.15 07:21:03.137,7.083,7.08485,1.00,1.60
2010.09.15 07:21:03.428,7.083,7.08475,1.00,1.60
2010.09.15 07:21:03.998,7.0832,7.08475,1.00,1.60
2010.09.15 07:21:04.776,7.0835,7.08505,1.00,1.60
2010.09.15 07:21:05.122,7.08335,7.08505,1.00,1.60
2010.09.15 07:21:05.810,7.08335,7.08485,1.00,1.60
2010.09.15 07:21:06.102,7.08315,7.08425,1.00,1.60
2010.09.15 07:21:06.763,7.08265,7.08415,1.00,1.60
2010.09.15 07:21:08.227,7.08265,7.08375,1.00,1.60
2010.09.15 07:21:08.485,7.0819,7.08385,1.00,1.60
2010.09.15 07:21:09.112,7.08215,7.08385,1.00,1.60
2010.09.15 07:21:09.374,7.0819,7.08385,1.00,1.60
2010.09.15 07:21:09.719,7.0819,7.08365,1.00,1.60
2010.09.15 07:21:10.361,7.0819,7.08375,1.00,1.60
2010.09.15 07:21:11.741,7.0818,7.08355,1.00,1.60
2010.09.15 07:21:12.088,7.0818,7.08335,1.00,1.60
2010.09.15 07:21:14.054,7.0818,7.08305,1.00,1.60
2010.09.15 07:21:14.325,7.08135,7.08295,1.00,1.60
2010.09.15 07:21:15.591,7.08155,7.08295,1.00,1.60
2010.09.15 07:21:15.941,7.08135,7.08265,1.00,1.60
2010.09.15 07:21:16.711,7.0811,7.08265,1.00,1.60
2010.09.15 07:21:17.062,7.0811,7.08275,1.00,1.60
2010.09.15 07:21:18.134,7.08075,7.08285,1.00,1.60
2010.09.15 07:21:19.367,7.08095,7.08255,1.00,1.60
2010.09.15 07:21:22.512,7.08095,7.08265,1.00,1.60
2010.09.15 07:21:23.068,7.08105,7.08265,1.00,1.60
2010.09.15 07:21:23.273,7.08105,7.08255,1.00,1.60
2010.09.15 07:21:23.894,7.08105,7.08265,1.00,1.60
2010.09.15 07:21:24.915,7.08105,7.08255,1.00,1.60
2010.09.15 07:21:25.711,7.0809,7.08275,1.00,1.60
2010.09.15 07:21:26.059,7.0809,7.08275,1.00,1.60
2010.09.15 07:21:27.796,7.08105,7.08275,1.00,1.60
2010.09.15 07:21:28.035,7.0809,7.08275,1.00,1.60
2010.09.15 07:21:28.827,7.0809,7.08265,1.00,1.60
2010.09.15 07:21:29.096,7.08055,7.08265,1.00,1.60
2010.09.15 07:21:30.260,7.0809,7.08275,1.00,1.60
2010.09.15 07:21:30.583,7.0809,7.08285,1.00,1.60
2010.09.15 07:21:31.283,7.0809,7.08285,1.00,1.60
2010.09.15 07:21:31.587,7.0809,7.08295,1.00,1.60
2010.09.15 07:21:31.895,7.0809,7.08295,1.00,1.60
2010.09.15 07:21:32.660,7.0809,7.08285,1.00,1.60
2010.09.15 07:21:32.967,7.0809,7.08275,1.00,1.60
2010.09.15 07:21:33.260,7.0809,7.08285,1.00,1.60
2010.09.15 07:21:34.262,7.08115,7.08285,1.00,1.60
2010.09.15 07:21:34.611,7.08115,7.08295,1.00,1.60
2010.09.15 07:21:35.366,7.0814,7.08315,1.00,1.60
2010.09.15 07:21:35.709,7.0817,7.08315,1.00,1.60
2010.09.15 07:21:36.493,7.0817,7.08325,1.00,1.60
2010.09.15 07:21:38.358,7.0817,7.08335,1.00,1.60
2010.09.15 07:21:38.821,7.0817,7.08345,1.00,1.60
2010.09.15 07:21:39.436,7.0817,7.08355,1.00,1.60
2010.09.15 07:21:41.058,7.0817,7.08345,1.00,1.60
2010.09.15 07:21:41.408,7.0817,7.08335,1.00,1.60
2010.09.15 07:21:44.110,7.0817,7.08365,1.00,1.60
2010.09.15 07:21:44.233,7.08225,7.08365,1.00,1.60
2010.09.15 07:21:44.353,7.08225,7.08355,1.00,1.60
2010.09.15 07:21:44.980,7.08225,7.08365,1.00,1.60
2010.09.15 07:21:45.342,7.08175,7.08365,1.00,1.60
2010.09.15 07:21:45.690,7.08175,7.08385,1.00,1.60
2010.09.15 07:21:46.364,7.08195,7.08385,1.00,2.40
2010.09.15 07:21:46.669,7.08195,7.08395,1.00,1.60
2010.09.15 07:21:47.004,7.08195,7.08375,1.00,1.60
2010.09.15 07:21:48.024,7.082,7.08385,1.00,1.60
2010.09.15 07:21:48.265,7.08225,7.08385,1.00,1.60
2010.09.15 07:21:48.506,7.08225,7.08395,1.00,1.60
2010.09.15 07:21:49.141,7.08225,7.08405,1.00,1.60
2010.09.15 07:21:49.384,7.08225,7.08395,1.00,1.60
2010.09.15 07:21:51.130,7.08225,7.08385,1.00,1.60
2010.09.15 07:21:51.421,7.08225,7.08395,1.00,1.60
2010.09.15 07:21:52.436,7.08225,7.08405,1.00,1.60
2010.09.15 07:21:53.114,7.08225,7.08385,1.00,1.60
2010.09.15 07:21:53.912,7.08225,7.08405,1.00,1.60
2010.09.15 07:21:54.240,7.0825,7.08425,1.00,1.60
2010.09.15 07:21:55.299,7.0825,7.08435,1.00,1.60
2010.09.15 07:21:56.184,7.0825,7.08405,1.00,1.60
2010.09.15 07:21:56.315,7.0825,7.08415,1.00,1.60
2010.09.15 07:21:56.871,7.08225,7.08415,1.00,1.60
2010.09.15 07:21:57.143,7.08225,7.08405,1.00,1.60
2010.09.15 07:21:57.408,7.08225,7.08395,1.00,1.60
2010.09.15 07:21:57.941,7.08225,7.08385,1.00,1.60
2010.09.15 07:21:58.835,7.08195,7.08385,1.00,1.60
2010.09.15 07:21:59.127,7.08195,7.08395,1.00,1.60
2010.09.15 07:22:00.629,7.08195,7.08405,1.00,5.60
2010.09.15 07:22:00.974,7.08195,7.08385,1.00,1.60
2010.09.15 07:22:01.115,7.08195,7.08395,1.00,1.60
2010.09.15 07:22:01.256,7.082,7.08395,1.00,1.60
2010.09.15 07:22:01.857,7.08195,7.08405,1.00,2.40
2010.09.15 07:22:02.006,7.08195,7.08395,1.00,1.60
2010.09.15 07:22:03.124,7.082,7.08395,1.00,1.60
2010.09.15 07:22:03.336,7.08225,7.08405,1.00,1.60
2010.09.15 07:22:03.536,7.08225,7.08405,1.00,4.80
2010.09.15 07:22:04.679,7.08225,7.0838,1.00,3.20
2010.09.15 07:22:05.029,7.08195,7.08395,1.00,1.60
2010.09.15 07:22:06.498,7.08195,7.08385,1.00,1.60
2010.09.15 07:22:07.600,7.08195,7.08395,1.00,1.60
2010.09.15 07:22:09.363,7.0817,7.0838,1.00,3.20
2010.09.15 07:22:09.650,7.0817,7.08375,1.00,1.60
2010.09.15 07:22:10.680,7.0819,7.08385,1.00,2.40
2010.09.15 07:22:12.200,7.0819,7.08385,1.00,1.00
2010.09.15 07:22:12.396,7.0819,7.08385,1.00,2.40
2010.09.15 07:22:12.586,7.0819,7.08385,1.00,1.00
2010.09.15 07:22:13.188,7.0819,7.084,1.00,3.20
2010.09.15 07:22:13.550,7.08145,7.0835,1.00,3.20
2010.09.15 07:22:15.004,7.08145,7.0833,1.00,1.00
2010.09.15 07:22:15.352,7.08115,7.08325,1.00,3.20
2010.09.15 07:22:16.241,7.08115,7.08325,1.00,4.80
2010.09.15 07:22:17.619,7.08115,7.08325,1.00,3.20
2010.09.15 07:22:19.228,7.08115,7.08325,1.00,4.80
2010.09.15 07:22:19.579,7.08115,7.08325,1.00,3.20
2010.09.15 07:22:20.422,7.08145,7.08365,4.00,1.00
2010.09.15 07:22:20.759,7.0815,7.0834,1.00,1.00
2010.09.15 07:22:21.741,7.08155,7.0834,1.00,1.00
2010.09.15 07:22:21.977,7.08155,7.0836,1.00,3.20
2010.09.15 07:22:22.681,7.0817,7.0838,1.00,4.00
2010.09.15 07:22:25.653,7.0821,7.0838,1.00,3.20
2010.09.15 07:22:25.960,7.0821,7.08405,1.00,3.20
2010.09.15 07:22:26.269,7.0822,7.08435,1.00,4.00
2010.09.15 07:22:26.577,7.0822,7.08405,1.00,3.20
2010.09.15 07:22:29.205,7.08195,7.08405,1.00,3.20
2010.09.15 07:22:31.788,7.0821,7.08435,1.00,4.00
2010.09.15 07:22:32.582,7.08225,7.08435,1.00,3.20
2010.09.15 07:22:32.928,7.0824,7.0846,1.00,3.20
2010.09.15 07:22:33.727,7.0825,7.0846,1.00,3.20
2010.09.15 07:22:38.127,7.0828,7.08485,1.00,3.20
2010.09.15 07:22:38.421,7.0828,7.0849,1.00,4.00
2010.09.15 07:22:43.093,7.0828,7.0847,1.00,1.00
2010.09.15 07:22:43.269,7.0828,7.0845,1.00,1.00
2010.09.15 07:22:43.861,7.0825,7.0846,1.00,3.20
2010.09.15 07:22:49.684,7.0826,7.0849,1.00,4.00
2010.09.15 07:22:50.034,7.0828,7.0846,1.00,3.20
2010.09.15 07:22:50.759,7.0828,7.0847,1.00,1.00
2010.09.15 07:22:52.343,7.0827,7.08445,1.00,1.00
2010.09.15 07:22:52.654,7.0828,7.08435,1.00,3.20
2010.09.15 07:22:53.188,7.0822,7.08435,1.00,3.20
2010.09.15 07:22:53.543,7.08225,7.08435,1.00,3.20
2010.09.15 07:22:56.951,7.0824,7.08435,1.00,3.20
2010.09.15 07:22:57.145,7.0825,7.0846,1.00,3.20
2010.09.15 07:23:03.397,7.0825,7.08435,1.00,3.20
2010.09.15 07:23:04.321,7.08225,7.08435,1.00,3.20
2010.09.15 07:23:04.680,7.08255,7.08435,1.00,3.20
2010.09.15 07:23:05.033,7.0828,7.08465,1.00,1.00
2010.09.15 07:23:05.802,7.0825,7.0846,1.00,3.20
2010.09.15 07:23:08.912,7.0825,7.08445,1.00,1.00
2010.09.15 07:23:09.175,7.0825,7.08435,1.00,3.20
2010.09.15 07:23:09.836,7.08225,7.08435,1.00,3.20
2010.09.15 07:23:15.036,7.082,7.08405,1.00,3.20
2010.09.15 07:23:17.347,7.082,7.0835,1.00,3.20
2010.09.15 07:23:17.692,7.08155,7.08325,1.00,3.20
2010.09.15 07:23:21.968,7.08145,7.0835,1.00,3.20
2010.09.15 07:23:23.533,7.08155,7.0835,1.00,3.20
2010.09.15 07:23:24.130,7.08155,7.0838,1.00,4.00
2010.09.15 07:23:24.444,7.0822,7.08405,1.00,3.20
2010.09.15 07:23:39.925,7.0822,7.08435,1.00,4.00
2010.09.15 07:23:42.341,7.0824,7.08465,1.00,1.00
2010.09.15 07:23:42.667,7.0828,7.0846,1.00,3.20
2010.09.15 07:23:42.984,7.0828,7.08465,1.00,2.40
2010.09.15 07:23:43.665,7.0824,7.084,1.00,3.20
2010.09.15 07:23:44.143,7.0822,7.0845,1.00,1.00
2010.09.15 07:23:44.475,7.0824,7.0847,1.00,3.20
2010.09.15 07:23:45.440,7.0824,7.08445,1.00,1.00
2010.09.15 07:23:45.786,7.0824,7.08435,1.00,3.20
2010.09.15 07:23:47.030,7.0824,7.0846,1.00,3.20
2010.09.15 07:23:47.177,7.0825,7.0846,1.00,3.20
2010.09.15 07:23:49.725,7.0825,7.08435,1.00,3.20
2010.09.15 07:23:50.049,7.08225,7.08435,1.00,3.20
2010.09.15 07:23:54.934,7.08255,7.08485,1.00,1.00
2010.09.15 07:23:55.729,7.0828,7.08485,1.00,1.00
2010.09.15 07:23:58.797,7.0828,7.08465,1.00,1.00
2010.09.15 07:23:59.699,7.0825,7.0846,1.00,3.20
2010.09.15 07:24:00.817,7.0826,7.0846,1.00,3.20
2010.09.15 07:24:01.174,7.0828,7.08465,1.00,1.00
2010.09.15 07:24:01.520,7.0828,7.0846,1.00,3.20
2010.09.15 07:24:02.214,7.0825,7.0846,1.00,3.20
2010.09.15 07:24:02.542,7.0828,7.0846,1.00,3.20
2010.09.15 07:24:02.799,7.0828,7.0849,1.00,4.00
2010.09.15 07:24:08.121,7.0829,7.0851,1.00,3.20
2010.09.15 07:24:08.402,7.08315,7.08535,1.00,3.20
2010.09.15 07:24:09.056,7.0833,7.08535,1.00,3.20
2010.09.15 07:24:10.426,7.0833,7.0854,1.00,4.00
2010.09.15 07:24:10.786,7.0833,7.0849,1.00,3.20
2010.09.15 07:24:11.472,7.0833,7.08515,1.00,3.20
2010.09.15 07:24:11.833,7.08295,7.0851,1.00,3.20
2010.09.15 07:24:12.180,7.08295,7.08505,1.00,3.20
2010.09.15 07:24:15.802,7.0829,7.0849,1.00,3.20
2010.09.15 07:24:16.147,7.0829,7.0851,1.00,3.20
2010.09.15 07:24:16.893,7.083,7.0851,1.00,3.20
2010.09.15 07:24:18.014,7.08295,7.08505,1.00,3.20
2010.09.15 07:24:18.838,7.08295,7.08505,1.00,3.20
2010.09.15 07:24:19.562,7.08315,7.08505,1.00,3.20
2010.09.15 07:24:20.161,7.0833,7.0853,1.00,3.20
2010.09.15 07:24:20.409,7.0833,7.08535,1.00,3.20
2010.09.15 07:24:22.269,7.0833,7.0851,1.00,3.20
2010.09.15 07:24:22.470,7.083,7.0851,1.00,3.20
2010.09.15 07:24:27.516,7.08285,7.0849,1.00,3.20
2010.09.15 07:24:32.336,7.083,7.085,1.00,1.00
2010.09.15 07:24:36.752,7.0828,7.08485,3.20,1.00
2010.09.15 07:24:37.008,7.083,7.08465,1.00,1.00
2010.09.15 07:24:37.717,7.0832,7.085,1.00,1.00
2010.09.15 07:24:38.071,7.08315,7.08485,1.00,3.20
2010.09.15 07:24:38.857,7.0832,7.08515,1.00,3.20
2010.09.15 07:24:39.882,7.0832,7.0852,1.00,1.00
2010.09.15 07:24:42.295,7.08325,7.0852,1.00,1.00
2010.09.15 07:24:51.135,7.0832,7.0852,1.00,1.00
2010.09.15 07:24:53.810,7.0832,7.0849,1.00,1.00
2010.09.15 07:24:54.444,7.0832,7.0849,1.00,1.00
2010.09.15 07:24:54.682,7.083,7.0848,1.00,1.00
2010.09.15 07:24:55.316,7.083,7.08505,1.00,3.20
2010.09.15 07:24:55.664,7.08305,7.0851,1.00,3.20
2010.09.15 07:24:56.410,7.0831,7.08535,1.00,1.00
2010.09.15 07:24:56.763,7.0833,7.08535,1.00,4.00
2010.09.15 07:24:57.111,7.0833,7.08535,1.00,1.00
2010.09.15 07:24:57.979,7.0833,7.08495,1.00,1.00
2010.09.15 07:24:58.328,7.08315,7.0848,1.00,3.20
2010.09.15 07:24:58.648,7.08315,7.0846,1.00,1.00
2010.09.15 07:24:59.374,7.0829,7.08505,1.00,3.20
2010.09.15 07:24:59.669,7.0831,7.08525,1.00,3.20
2010.09.15 07:25:00.112,7.0831,7.0854,1.00,1.00
2010.09.15 07:25:00.462,7.08335,7.0854,1.00,1.00
2010.09.15 07:25:02.822,7.08335,7.08515,1.00,1.00
2010.09.15 07:25:03.098,7.0832,7.08515,1.00,1.00
2010.09.15 07:25:07.836,7.08325,7.08495,1.00,1.00
2010.09.15 07:25:08.727,7.08295,7.08495,1.00,1.00
2010.09.15 07:25:16.759,7.08295,7.08505,1.00,3.20
2010.09.15 07:25:17.054,7.08295,7.08515,1.00,1.00
2010.09.15 07:25:17.769,7.08315,7.08515,1.00,1.00
2010.09.15 07:25:18.358,7.0832,7.08515,1.00,1.00
2010.09.15 07:25:19.966,7.0832,7.08505,1.00,3.20
2010.09.15 07:25:20.663,7.0832,7.08455,1.00,1.00
2010.09.15 07:25:20.958,7.083,7.08455,1.00,1.00
2010.09.15 07:25:21.525,7.08265,7.08455,1.00,1.00
2010.09.15 07:25:22.546,7.0825,7.08405,1.00,1.00
2010.09.15 07:25:22.759,7.08235,7.08405,1.00,1.00
2010.09.15 07:25:23.429,7.08195,7.08385,1.00,3.20
2010.09.15 07:25:23.651,7.0819,7.08365,1.00,1.00
2010.09.15 07:25:24.386,7.08165,7.08365,1.00,1.00
2010.09.15 07:25:28.757,7.08165,7.0836,1.00,3.20
2010.09.15 07:25:28.800,7.08165,7.08345,1.00,1.00
2010.09.15 07:25:28.943,7.0816,7.08345,1.00,1.00
2010.09.15 07:25:31.201,7.08135,7.0832,1.00,3.20
2010.09.15 07:25:31.624,7.0813,7.08335,1.00,1.00
2010.09.15 07:25:31.690,7.08125,7.08335,1.00,1.00
2010.09.15 07:25:31.784,7.08125,7.08335,1.00,1.60
2010.09.15 07:25:32.245,7.08125,7.08315,1.00,1.00
2010.09.15 07:25:32.591,7.0812,7.08315,1.00,1.00
2010.09.15 07:25:33.719,7.0812,7.08315,1.00,1.60
2010.09.15 07:25:34.066,7.0812,7.08315,1.00,1.00
2010.09.15 07:25:34.399,7.08105,7.08315,1.00,1.00
2010.09.15 07:25:38.051,7.08105,7.08335,4.20,1.00
2010.09.15 07:25:38.304,7.08135,7.08335,1.00,1.00
2010.09.15 07:25:38.566,7.0814,7.08335,1.00,1.00
2010.09.15 07:25:40.395,7.08155,7.08335,1.00,1.00
2010.09.15 07:25:40.642,7.08175,7.08365,1.00,1.00
2010.09.15 07:25:41.197,7.0816,7.08365,1.00,1.00
2010.09.15 07:25:41.444,7.0816,7.08345,1.00,1.00
2010.09.15 07:25:42.927,7.08145,7.08345,1.00,1.00
2010.09.15 07:25:43.185,7.08155,7.08345,1.00,1.00
2010.09.15 07:25:45.404,7.0815,7.08345,1.00,1.00
2010.09.15 07:25:47.214,7.0813,7.08345,1.00,1.00
2010.09.15 07:25:47.820,7.0815,7.08345,1.00,1.00
2010.09.15 07:25:49.993,7.08115,7.083,1.00,3.20
2010.09.15 07:25:50.077,7.08115,7.08285,1.00,1.00
2010.09.15 07:25:50.460,7.08105,7.083,1.00,3.20
2010.09.15 07:25:51.061,7.08105,7.08305,1.00,1.00
2010.09.15 07:25:51.410,7.0811,7.08305,1.00,1.00
2010.09.15 07:25:52.095,7.0811,7.08305,1.00,1.60
2010.09.15 07:25:52.835,7.0811,7.08285,1.00,1.00
2010.09.15 07:25:53.180,7.08105,7.08305,1.00,1.00
2010.09.15 07:25:53.646,7.0811,7.08305,1.00,1.00
2010.09.15 07:25:55.995,7.0814,7.0833,1.00,3.20
2010.09.15 07:25:56.246,7.0814,7.0836,1.00,1.00
2010.09.15 07:25:56.562,7.0816,7.0836,1.00,1.00
2010.09.15 07:25:57.501,7.0818,7.0838,1.00,1.00
2010.09.15 07:25:58.317,7.0818,7.0836,1.00,1.00
2010.09.15 07:25:59.390,7.0816,7.0836,1.00,1.00
2010.09.15 07:26:01.159,7.08125,7.08305,1.00,1.00
2010.09.15 07:26:01.400,7.0812,7.08305,1.00,1.00
2010.09.15 07:26:01.838,7.0812,7.08305,1.00,1.60
2010.09.15 07:26:02.193,7.0812,7.08305,1.00,1.00
2010.09.15 07:26:03.519,7.0812,7.08325,1.00,1.00
2010.09.15 07:26:13.061,7.0812,7.08285,1.00,1.00
2010.09.15 07:26:13.151,7.0812,7.08285,1.00,1.00
2010.09.15 07:26:13.612,7.08105,7.08285,1.00,1.00
2010.09.15 07:26:13.961,7.08085,7.08285,1.00,1.00
2010.09.15 07:26:15.008,7.081,7.08285,1.00,1.00
2010.09.15 07:26:15.326,7.0809,7.08285,1.00,1.00
2010.09.15 07:26:16.546,7.0809,7.08275,1.00,1.00
2010.09.15 07:26:17.617,7.0809,7.0825,1.00,1.00
2010.09.15 07:26:17.714,7.07985,7.0823,3.20,1.00
2010.09.15 07:26:17.806,7.0799,7.0823,1.00,1.00
2010.09.15 07:26:18.565,7.07985,7.0823,3.20,1.00
2010.09.15 07:26:19.650,7.08,7.0823,1.00,1.00
2010.09.15 07:26:20.565,7.0797,7.082,1.00,1.00
2010.09.15 07:26:21.613,7.0799,7.08215,1.00,3.20
2010.09.15 07:26:22.388,7.0799,7.0822,1.00,1.00
2010.09.15 07:26:23.339,7.0797,7.0822,1.00,1.60
2010.09.15 07:26:24.004,7.0797,7.08195,1.00,1.00
2010.09.15 07:26:24.270,7.0793,7.08145,3.20,1.00
2010.09.15 07:26:24.555,7.07935,7.08165,1.00,1.00
2010.09.15 07:26:25.504,7.07915,7.08145,1.00,1.00
2010.09.15 07:26:28.037,7.079,7.0812,1.00,1.00
2010.09.15 07:26:30.594,7.07915,7.0812,1.00,1.00
2010.09.15 07:26:30.892,7.07915,7.08145,4.00,1.00
2010.09.15 07:26:33.817,7.07935,7.08145,1.00,1.00
2010.09.15 07:26:34.018,7.079,7.0812,1.00,1.00
2010.09.15 07:26:34.303,7.07915,7.0812,1.00,1.00
2010.09.15 07:26:34.983,7.07935,7.08165,1.00,1.00
2010.09.15 07:26:35.327,7.0795,7.08165,3.20,1.00
2010.09.15 07:26:38.026,7.07975,7.08175,3.20,1.00
2010.09.15 07:26:38.252,7.07975,7.082,3.20,1.00
2010.09.15 07:26:38.947,7.07975,7.082,3.20,1.60
2010.09.15 07:26:39.180,7.0795,7.08175,4.00,1.00
2010.09.15 07:26:40.911,7.0795,7.08175,1.00,1.00
2010.09.15 07:26:41.856,7.0795,7.08175,1.00,1.00
2010.09.15 07:26:44.117,7.0799,7.08175,3.20,1.00
2010.09.15 07:26:44.407,7.0797,7.082,1.00,1.00
2010.09.15 07:26:48.001,7.0797,7.0819,1.00,3.20
2010.09.15 07:26:48.260,7.0795,7.08155,1.00,1.60
2010.09.15 07:26:48.518,7.0795,7.08165,1.00,1.60
2010.09.15 07:26:49.036,7.0795,7.08165,1.00,1.60
2010.09.15 07:26:49.824,7.0795,7.08165,1.00,1.60
2010.09.15 07:26:50.856,7.0795,7.08155,1.00,1.60
2010.09.15 07:26:51.805,7.0795,7.08155,1.00,1.60
2010.09.15 07:26:52.037,7.0795,7.08165,1.00,1.60
2010.09.15 07:26:52.265,7.0795,7.08165,1.00,1.60
2010.09.15 07:26:52.494,7.0795,7.08155,1.00,1.60
2010.09.15 07:26:53.260,7.0795,7.08165,1.00,1.60
2010.09.15 07:26:54.214,7.0795,7.08155,1.00,1.60
2010.09.15 07:26:54.830,7.0795,7.08165,1.00,1.60
2010.09.15 07:26:58.759,7.0795,7.0816,1.00,1.00
2010.09.15 07:26:59.669,7.0795,7.08135,1.00,1.60
2010.09.15 07:27:00.331,7.0795,7.08165,1.00,5.60
2010.09.15 07:27:00.570,7.0795,7.08165,1.00,2.40
2010.09.15 07:27:01.705,7.0795,7.08155,1.00,1.60
2010.09.15 07:27:02.395,7.0795,7.0812,1.00,1.00
2010.09.15 07:27:03.248,7.0795,7.08155,1.00,1.60
2010.09.15 07:27:03.603,7.0795,7.08145,1.00,1.60
2010.09.15 07:27:04.085,7.0795,7.08145,3.20,1.60
2010.09.15 07:27:04.429,7.0795,7.0814,1.00,1.00
2010.09.15 07:27:06.416,7.0795,7.08085,1.00,1.00
2010.09.15 07:27:07.549,7.0783,7.08085,1.00,4.00
2010.09.15 07:27:07.903,7.07835,7.08085,3.20,2.40
2010.09.15 07:27:08.637,7.0784,7.08065,1.00,1.00
2010.09.15 07:27:09.283,7.0783,7.08045,3.20,1.60
2010.09.15 07:27:10.034,7.0781,7.0803,1.00,3.20
2010.09.15 07:27:10.293,7.07785,7.08015,4.00,1.00
2010.09.15 07:27:11.524,7.0775,7.0799,1.00,3.20
2010.09.15 07:27:11.869,7.0775,7.0798,1.00,1.00
2010.09.15 07:27:12.217,7.0775,7.0798,1.00,1.00
2010.09.15 07:27:12.895,7.07775,7.08,3.20,1.00
2010.09.15 07:27:13.245,7.0775,7.0798,1.00,1.00
2010.09.15 07:27:14.666,7.0775,7.0796,4.00,1.00
2010.09.15 07:27:15.017,7.0773,7.0796,1.00,1.00
2010.09.15 07:27:16.417,7.0773,7.0795,1.00,1.00
2010.09.15 07:27:16.864,7.0773,7.0796,1.00,1.00
2010.09.15 07:27:17.249,7.07675,7.07905,1.00,1.00
2010.09.15 07:27:18.297,7.07675,7.07905,1.00,2.40
2010.09.15 07:27:19.459,7.07675,7.07905,1.00,1.00
2010.09.15 07:27:20.556,7.07715,7.07905,1.00,1.00
2010.09.15 07:27:20.872,7.07675,7.079,1.00,1.00
2010.09.15 07:27:21.624,7.07695,7.07925,4.00,1.00
2010.09.15 07:27:22.006,7.07765,7.08,3.20,1.00
2010.09.15 07:27:22.320,7.07775,7.08,3.20,1.00
2010.09.15 07:27:23.084,7.0779,7.08,3.20,1.00
2010.09.15 07:27:23.432,7.07795,7.08,3.20,1.00
2010.09.15 07:27:24.163,7.0779,7.08,3.20,1.00
2010.09.15 07:27:24.480,7.07785,7.07995,3.20,1.60
2010.09.15 07:27:24.788,7.07785,7.07985,3.20,1.60
2010.09.15 07:27:25.742,7.0777,7.07985,1.00,1.60
2010.09.15 07:27:26.040,7.0776,7.0797,3.20,1.00
2010.09.15 07:27:26.338,7.0775,7.07955,3.20,1.00
2010.09.15 07:27:27.147,7.0773,7.0795,1.00,1.00
2010.09.15 07:27:27.495,7.0773,7.07935,1.00,1.60
2010.09.15 07:27:28.254,7.07695,7.07915,1.00,1.60
2010.09.15 07:27:28.605,7.07675,7.07895,1.00,1.60
2010.09.15 07:27:28.949,7.07675,7.079,1.00,1.00
2010.09.15 07:27:31.811,7.07715,7.07905,1.00,3.20
2010.09.15 07:27:32.050,7.07715,7.07935,1.00,1.60
2010.09.15 07:27:32.819,7.07715,7.07945,1.00,1.00
2010.09.15 07:27:34.889,7.07715,7.07945,1.00,2.40
2010.09.15 07:27:38.080,7.0772,7.07945,3.20,1.00
2010.09.15 07:27:38.961,7.0775,7.07975,1.00,4.80
2010.09.15 07:27:39.324,7.0777,7.07995,1.00,4.80
2010.09.15 07:27:39.672,7.0773,7.0797,1.00,1.00
2010.09.15 07:27:40.421,7.0773,7.0796,1.00,1.00
2010.09.15 07:27:40.759,7.0772,7.0795,4.00,1.00
2010.09.15 07:27:41.101,7.077,7.0793,1.00,1.00
2010.09.15 07:27:41.855,7.0773,7.07945,3.20,1.00
2010.09.15 07:27:43.945,7.0772,7.07945,3.20,1.00
2010.09.15 07:27:44.792,7.07675,7.07905,1.00,1.00
2010.09.15 07:27:46.238,7.07675,7.0787,1.00,3.20
2010.09.15 07:27:47.744,7.07665,7.0787,1.00,3.20
2010.09.15 07:27:48.726,7.07665,7.0789,1.00,1.00
2010.09.15 07:27:49.329,7.07695,7.07925,1.00,4.00
2010.09.15 07:27:50.404,7.0772,7.07945,1.00,1.00
2010.09.15 07:27:52.157,7.0772,7.07945,4.00,1.00
2010.09.15 07:27:54.888,7.0772,7.07945,4.10,1.00
2010.09.15 07:27:55.210,7.07775,7.08,3.20,1.00
2010.09.15 07:27:56.324,7.0783,7.08,1.00,1.00
2010.09.15 07:27:58.098,7.07835,7.08,1.00,1.00
2010.09.15 07:27:58.336,7.0783,7.08,1.00,1.00
2010.09.15 07:27:59.249,7.07795,7.07975,1.00,1.00
2010.09.15 07:27:59.608,7.0779,7.07935,1.00,3.20
2010.09.15 07:27:59.872,7.07755,7.07945,1.00,3.20
2010.09.15 07:28:00.752,7.07745,7.07945,1.00,3.20
2010.09.15 07:28:01.238,7.07765,7.07945,1.00,3.20
2010.09.15 07:28:01.889,7.07765,7.0797,1.00,3.20
2010.09.15 07:28:02.243,7.07765,7.0795,1.00,1.00
2010.09.15 07:28:02.925,7.07765,7.0794,1.00,1.00
2010.09.15 07:28:03.220,7.07765,7.0797,1.00,3.20
2010.09.15 07:28:03.919,7.07765,7.0796,1.00,1.00
2010.09.15 07:28:04.464,7.07765,7.0797,1.00,3.30
2010.09.15 07:28:04.628,7.07795,7.0798,1.00,1.00
2010.09.15 07:28:05.131,7.07815,7.07995,1.00,1.60
2010.09.15 07:28:05.409,7.0785,7.0801,1.00,1.00
2010.09.15 07:28:05.679,7.0785,7.0799,1.00,1.00
2010.09.15 07:28:06.117,7.0783,7.0799,1.00,1.00
2010.09.15 07:28:06.460,7.07805,7.0797,1.00,1.00
2010.09.15 07:28:06.812,7.07795,7.0797,1.00,3.30
2010.09.15 07:28:07.616,7.07785,7.0796,1.00,1.00
2010.09.15 07:28:07.962,7.07775,7.0796,1.00,1.00
2010.09.15 07:28:09.461,7.0777,7.0795,1.00,1.00
2010.09.15 07:28:09.761,7.07775,7.0797,1.00,1.00
2010.09.15 07:28:10.490,7.07835,7.0807,1.00,1.00
2010.09.15 07:28:10.817,7.0782,7.0805,1.00,3.20
2010.09.15 07:28:11.569,7.0784,7.0803,1.00,1.00
2010.09.15 07:28:11.915,7.07845,7.0803,1.00,1.00
2010.09.15 07:28:13.040,7.07855,7.08055,1.00,3.20
2010.09.15 07:28:13.800,7.079,7.0809,1.00,1.00
2010.09.15 07:28:14.458,7.07905,7.081,1.00,1.00
2010.09.15 07:28:15.243,7.07915,7.081,1.00,1.00
2010.09.15 07:28:15.595,7.07895,7.0808,1.00,1.00
2010.09.15 07:28:16.918,7.0787,7.0805,1.00,1.00
2010.09.15 07:28:17.348,7.0787,7.0803,1.00,1.00
2010.09.15 07:28:17.970,7.0784,7.08025,1.00,3.20
2010.09.15 07:28:18.738,7.0785,7.08025,1.00,3.20
2010.09.15 07:28:19.101,7.0787,7.0804,1.00,1.00
2010.09.15 07:28:19.448,7.0787,7.0805,1.00,1.00
2010.09.15 07:28:21.804,7.07925,7.0808,1.00,3.20
2010.09.15 07:28:22.160,7.07885,7.0807,1.00,1.00
2010.09.15 07:28:24.362,7.07885,7.0806,1.00,1.00
2010.09.15 07:28:25.033,7.0792,7.0805,1.00,1.00
2010.09.15 07:28:25.546,7.0792,7.0806,1.00,1.00
2010.09.15 07:28:26.467,7.0795,7.0806,1.00,1.00
2010.09.15 07:28:27.938,7.0796,7.0808,1.00,1.00
2010.09.15 07:28:28.435,7.0796,7.0809,1.00,1.00
2010.09.15 07:28:29.205,7.0796,7.0808,1.00,1.00
2010.09.15 07:28:29.548,7.07955,7.0806,1.00,1.00
2010.09.15 07:28:30.309,7.07945,7.0806,1.00,1.00
2010.09.15 07:28:30.667,7.0794,7.0803,1.00,1.00
2010.09.15 07:28:31.020,7.07935,7.0804,1.00,1.00
2010.09.15 07:28:31.735,7.07935,7.0803,1.00,1.00
2010.09.15 07:28:32.055,7.07945,7.0807,1.00,3.20
2010.09.15 07:28:32.395,7.07955,7.0807,1.00,3.20
2010.09.15 07:28:32.967,7.07955,7.0808,1.00,3.30
2010.09.15 07:28:34.390,7.0796,7.0809,1.00,1.00
2010.09.15 07:28:35.924,7.07955,7.0807,1.00,1.00
2010.09.15 07:28:38.002,7.07965,7.08095,1.00,3.20
2010.09.15 07:28:38.198,7.07965,7.0811,1.00,1.00
2010.09.15 07:28:38.791,7.0797,7.0811,1.00,1.00
2010.09.15 07:28:41.354,7.07925,7.0811,1.00,1.00
2010.09.15 07:28:46.348,7.07925,7.081,1.00,1.00
2010.09.15 07:28:47.982,7.07925,7.0809,1.00,1.00
2010.09.15 07:28:50.825,7.07925,7.0808,1.00,1.00
2010.09.15 07:28:51.365,7.07925,7.0809,1.00,1.00
2010.09.15 07:28:51.545,7.0796,7.0809,1.00,1.00
2010.09.15 07:28:52.885,7.07965,7.0809,1.00,1.00
2010.09.15 07:28:58.685,7.0797,7.0809,1.00,1.00
2010.09.15 07:28:59.228,7.0797,7.0811,1.00,1.00
2010.09.15 07:29:00.989,7.0797,7.081,1.00,1.00
2010.09.15 07:29:01.669,7.07965,7.081,1.00,1.00
2010.09.15 07:29:01.977,7.07965,7.0809,1.00,1.00
2010.09.15 07:29:04.084,7.0796,7.0809,1.00,1.00
2010.09.15 07:29:04.496,7.0796,7.0808,1.00,1.00
2010.09.15 07:29:08.323,7.0796,7.0809,1.00,1.00
2010.09.15 07:29:11.387,7.0797,7.0812,1.00,1.00
2010.09.15 07:29:11.557,7.0797,7.0814,1.00,1.00
2010.09.15 07:29:13.210,7.0809,7.08285,3.20,1.00
2010.09.15 07:29:13.872,7.08075,7.0827,1.00,1.00
2010.09.15 07:29:14.198,7.08065,7.0827,1.00,1.00
2010.09.15 07:29:14.904,7.08085,7.08205,1.00,1.00
2010.09.15 07:29:15.267,7.08035,7.082,1.60,3.20
2010.09.15 07:29:15.612,7.0802,7.08185,1.00,1.00
2010.09.15 07:29:16.144,7.0802,7.08165,1.00,1.00
2010.09.15 07:29:16.495,7.07995,7.08175,1.00,3.20
2010.09.15 07:29:16.844,7.08005,7.0815,1.00,3.20
2010.09.15 07:29:17.972,7.0802,7.08175,1.00,3.20
2010.09.15 07:29:18.259,7.0802,7.08205,1.00,3.20
2010.09.15 07:29:19.794,7.0802,7.08185,1.00,1.00
2010.09.15 07:29:19.944,7.0802,7.0818,1.00,3.20
2010.09.15 07:29:20.088,7.08005,7.0818,1.00,3.20
2010.09.15 07:29:20.227,7.08005,7.08175,1.00,3.20
2010.09.15 07:29:22.867,7.07995,7.08135,1.00,1.00
2010.09.15 07:29:24.656,7.07995,7.08115,1.00,1.00
2010.09.15 07:29:24.799,7.07985,7.08115,1.00,1.00
2010.09.15 07:29:26.669,7.08,7.08135,1.00,1.00
2010.09.15 07:29:27.147,7.07995,7.08135,1.00,1.00
2010.09.15 07:29:28.673,7.0798,7.0811,1.00,1.00
2010.09.15 07:29:29.245,7.07975,7.0811,1.00,1.00
2010.09.15 07:29:30.024,7.0797,7.0811,1.00,1.00
2010.09.15 07:29:30.275,7.0796,7.0809,1.00,1.00
2010.09.15 07:29:31.110,7.07955,7.0809,1.00,1.00
2010.09.15 07:29:31.462,7.07955,7.0809,1.00,1.00
2010.09.15 07:29:31.809,7.07955,7.0809,1.00,1.00
2010.09.15 07:29:32.557,7.0796,7.08085,1.00,1.00
2010.09.15 07:29:32.906,7.0797,7.08125,1.00,1.00
2010.09.15 07:29:33.250,7.07975,7.08125,1.00,1.00
2010.09.15 07:29:33.504,7.0796,7.08085,1.00,1.00
2010.09.15 07:29:34.192,7.07945,7.0807,1.00,1.00
2010.09.15 07:29:34.445,7.07945,7.08055,1.00,1.00
2010.09.15 07:29:35.190,7.0792,7.08055,1.00,1.00
2010.09.15 07:29:35.571,7.0792,7.08025,1.00,1.00
2010.09.15 07:29:35.919,7.0792,7.08025,1.00,1.00
2010.09.15 07:29:40.221,7.0792,7.0805,1.00,1.00
2010.09.15 07:29:40.416,7.0792,7.0806,1.00,1.00
2010.09.15 07:29:41.439,7.0792,7.0808,1.00,1.00
2010.09.15 07:29:43.956,7.0794,7.08185,3.20,1.00
2010.09.15 07:29:45.271,7.0794,7.08165,3.30,1.00
2010.09.15 07:29:45.507,7.0795,7.08165,1.00,1.00
2010.09.15 07:29:46.283,7.0794,7.08165,3.30,1.00
2010.09.15 07:29:46.981,7.0797,7.08195,4.00,1.00
2010.09.15 07:29:47.332,7.0799,7.08195,1.00,3.20
2010.09.15 07:29:48.116,7.07995,7.08215,3.20,1.00
2010.09.15 07:29:48.461,7.0797,7.08195,4.00,1.00
2010.09.15 07:29:49.202,7.0797,7.08195,1.00,1.00
2010.09.15 07:29:49.551,7.0797,7.08195,4.00,1.00
2010.09.15 07:29:49.775,7.0798,7.08195,3.20,1.00
2010.09.15 07:29:51.795,7.07975,7.08195,3.20,1.00
2010.09.15 07:29:52.595,7.08035,7.0821,3.20,1.00
2010.09.15 07:29:53.166,7.08035,7.08225,3.20,1.00
2010.09.15 07:29:53.627,7.07975,7.082,4.00,1.00
2010.09.15 07:29:54.217,7.07975,7.082,1.00,1.00
2010.09.15 07:29:56.483,7.07995,7.08225,4.00,1.00
2010.09.15 07:29:57.606,7.08,7.08225,1.00,1.00
2010.09.15 07:29:57.972,7.0805,7.0825,1.00,3.20
2010.09.15 07:29:58.743,7.0805,7.0828,4.00,1.00
2010.09.15 07:29:59.092,7.0806,7.0828,1.00,1.00
2010.09.15 07:30:00.202,7.0805,7.0828,4.00,1.00
2010.09.15 07:30:03.668,7.0805,7.08275,4.00,1.00
2010.09.15 07:30:03.872,7.0801,7.08235,1.00,1.00
2010.09.15 07:30:04.321,7.0801,7.08235,1.00,1.00
2010.09.15 07:30:06.062,7.0805,7.08235,3.20,1.00
2010.09.15 07:30:06.410,7.0803,7.08255,1.00,1.00
2010.09.15 07:30:08.796,7.0803,7.08255,4.00,1.00
2010.09.15 07:30:09.932,7.0803,7.08255,1.00,1.00
2010.09.15 07:30:10.807,7.0805,7.08255,1.00,1.00
2010.09.15 07:30:11.480,7.0805,7.0828,4.00,1.00
2010.09.15 07:30:14.286,7.0805,7.0828,4.10,1.00
2010.09.15 07:30:14.624,7.0805,7.0828,4.00,1.00
2010.09.15 07:30:17.135,7.0805,7.0828,4.10,1.00
2010.09.15 07:30:17.814,7.0806,7.0828,1.00,1.00
2010.09.15 07:30:18.433,7.081,7.0833,1.00,1.00
2010.09.15 07:30:19.216,7.0812,7.0833,1.00,1.00
2010.09.15 07:30:19.559,7.081,7.0833,1.00,1.00
2010.09.15 07:30:20.227,7.081,7.0833,1.00,1.00
2010.09.15 07:30:20.574,7.0807,7.0829,1.00,1.00
2010.09.15 07:30:21.702,7.08085,7.0831,1.00,1.00
2010.09.15 07:30:23.124,7.0807,7.0829,1.00,1.00
2010.09.15 07:30:23.468,7.0806,7.0829,1.00,1.00
2010.09.15 07:30:24.940,7.0806,7.0829,1.00,1.00
2010.09.15 07:30:25.161,7.0806,7.0828,1.00,1.00
2010.09.15 07:30:26.135,7.0806,7.0829,1.00,1.00
2010.09.15 07:30:27.155,7.0806,7.0829,1.00,1.00
2010.09.15 07:30:28.005,7.08085,7.0831,1.00,1.00
2010.09.15 07:30:30.242,7.0808,7.0829,3.20,1.00
2010.09.15 07:30:30.428,7.0806,7.0829,1.00,1.00
2010.09.15 07:30:30.615,7.0806,7.0829,1.00,1.00
2010.09.15 07:30:31.361,7.0806,7.0828,1.00,1.00
2010.09.15 07:30:31.709,7.0806,7.08285,1.00,3.20
2010.09.15 07:30:32.950,7.0806,7.0828,1.00,1.00
2010.09.15 07:30:33.637,7.0806,7.08255,1.00,3.20
2010.09.15 07:30:34.243,7.0801,7.08235,1.00,1.00
2010.09.15 07:30:35.402,7.0805,7.0827,3.20,1.00
2010.09.15 07:30:35.715,7.0805,7.0828,1.00,1.00
2010.09.15 07:30:37.268,7.0801,7.08235,1.00,1.00
2010.09.15 07:30:40.040,7.0801,7.0823,1.00,1.00
2010.09.15 07:30:40.153,7.07975,7.08205,1.00,1.00
2010.09.15 07:30:42.910,7.08005,7.082,1.00,3.20
2010.09.15 07:30:43.240,7.08005,7.0822,1.00,3.20
2010.09.15 07:30:45.714,7.08015,7.0823,3.20,1.00
2010.09.15 07:30:49.802,7.0803,7.08255,1.00,1.00
2010.09.15 07:30:50.048,7.08035,7.0824,3.20,1.00
2010.09.15 07:30:50.548,7.0799,7.0822,1.00,1.00
2010.09.15 07:30:51.309,7.0799,7.0822,1.00,4.00
2010.09.15 07:30:51.999,7.07965,7.0819,1.00,3.20
2010.09.15 07:30:54.295,7.07965,7.08165,1.00,1.00
2010.09.15 07:30:54.584,7.0792,7.0814,1.00,4.00
2010.09.15 07:30:56.455,7.0793,7.0814,1.00,4.00
2010.09.15 07:30:56.935,7.0793,7.0814,1.00,3.20
2010.09.15 07:30:57.284,7.07955,7.0816,1.00,1.00
2010.09.15 07:30:57.634,7.07955,7.0818,1.00,1.00
2010.09.15 07:31:11.574,7.07985,7.08215,1.00,1.00
2010.09.15 07:31:12.100,7.07975,7.0819,3.20,1.00
2010.09.15 07:31:12.671,7.07965,7.0819,1.00,1.00
2010.09.15 07:31:12.885,7.07965,7.0819,1.00,4.00
2010.09.15 07:31:15.147,7.07965,7.08185,1.00,3.20
2010.09.15 07:31:15.269,7.07965,7.0819,1.00,1.00
2010.09.15 07:31:21.152,7.07985,7.0821,1.00,1.00
2010.09.15 07:31:22.563,7.0796,7.0819,1.00,1.00
2010.09.15 07:31:28.595,7.07985,7.082,1.00,3.20
2010.09.15 07:31:28.937,7.07985,7.0821,1.00,1.00
2010.09.15 07:31:29.725,7.08005,7.08235,1.00,1.00
2010.09.15 07:31:31.490,7.07995,7.08215,1.00,3.20
2010.09.15 07:31:31.767,7.07995,7.08235,1.00,1.00
2010.09.15 07:31:32.046,7.08005,7.08235,1.00,1.00
2010.09.15 07:31:33.174,7.08015,7.08245,1.00,4.00
2010.09.15 07:31:35.413,7.08015,7.08215,1.00,1.00
2010.09.15 07:31:35.693,7.07955,7.0818,1.00,1.00
2010.09.15 07:31:36.651,7.07995,7.08225,1.00,1.00
2010.09.15 07:31:37.001,7.08,7.08225,1.00,1.00
2010.09.15 07:31:37.349,7.07995,7.08225,1.00,1.00
2010.09.15 07:31:39.384,7.08,7.08225,1.00,1.00
2010.09.15 07:31:40.418,7.07995,7.08225,1.00,1.00
2010.09.15 07:31:41.036,7.07705,7.0791,1.00,1.00
2010.09.15 07:31:41.452,7.07605,7.0791,4.00,1.00
2010.09.15 07:31:41.769,7.07715,7.08015,1.00,3.20
2010.09.15 07:31:42.505,7.07795,7.07915,3.20,1.60
2010.09.15 07:31:42.858,7.07795,7.08025,3.20,1.60
2010.09.15 07:31:43.852,7.0776,7.0803,3.20,3.20
2010.09.15 07:31:44.157,7.0778,7.07985,3.20,1.60
2010.09.15 07:31:44.461,7.0776,7.07985,3.20,1.60
2010.09.15 07:31:45.789,7.0776,7.07995,3.20,1.60
2010.09.15 07:31:47.494,7.0776,7.0801,3.20,3.20
2010.09.15 07:31:49.347,7.0776,7.07995,3.20,1.60
2010.09.15 07:31:50.966,7.0776,7.0801,3.20,3.20
2010.09.15 07:31:51.169,7.0776,7.08005,3.20,1.60
2010.09.15 07:31:52.665,7.0776,7.07995,3.20,1.60
2010.09.15 07:31:54.482,7.07785,7.08025,3.20,1.60
2010.09.15 07:31:54.911,7.07785,7.08005,3.20,1.60
2010.09.15 07:31:55.168,7.07785,7.07995,3.20,1.60
2010.09.15 07:31:55.827,7.0776,7.07995,3.20,1.60
2010.09.15 07:31:56.073,7.0776,7.07965,3.20,1.00
2010.09.15 07:31:56.799,7.07735,7.0793,4.00,1.00
2010.09.15 07:31:57.437,7.07735,7.0793,3.20,1.00
2010.09.15 07:31:57.784,7.0771,7.0791,3.20,1.00
2010.09.15 07:31:58.565,7.07705,7.0791,3.20,1.00
2010.09.15 07:32:03.660,7.07735,7.0791,1.00,1.00
2010.09.15 07:32:04.017,7.0776,7.0795,3.20,1.00
2010.09.15 07:32:08.667,7.0777,7.0795,3.20,1.00
2010.09.15 07:32:09.526,7.0776,7.0795,3.20,1.00
2010.09.15 07:32:32.181,7.0776,7.07985,3.40,1.00
2010.09.15 07:32:32.468,7.07785,7.07985,3.20,1.00
2010.09.15 07:32:34.532,7.07735,7.0795,1.00,1.00
2010.09.15 07:32:34.629,7.0773,7.0795,3.20,1.00
2010.09.15 07:32:35.257,7.07705,7.0791,3.20,1.00
2010.09.15 07:32:35.615,7.0768,7.0791,4.20,1.00
2010.09.15 07:32:36.440,7.0768,7.0791,1.00,1.00
2010.09.15 07:32:37.197,7.0768,7.0791,1.00,1.00
2010.09.15 07:32:37.564,7.07625,7.07855,1.00,1.00
2010.09.15 07:32:38.317,7.0764,7.07855,3.20,1.00
2010.09.15 07:32:38.666,7.0761,7.0782,3.20,1.00
2010.09.15 07:32:39.349,7.0764,7.0782,3.20,1.00
2010.09.15 07:32:39.918,7.0764,7.07845,3.20,1.00
2010.09.15 07:32:41.161,7.0764,7.078,3.20,1.00
2010.09.15 07:32:41.915,7.0761,7.078,3.20,1.00
2010.09.15 07:32:42.261,7.0761,7.0782,3.20,1.00
2010.09.15 07:32:43.910,7.0761,7.07805,3.20,1.60
2010.09.15 07:32:44.370,7.0761,7.0782,3.20,1.00
2010.09.15 07:32:45.059,7.0761,7.07815,3.20,1.60
2010.09.15 07:32:46.134,7.0764,7.07825,3.20,1.60
2010.09.15 07:32:48.565,7.0764,7.07835,3.20,1.60
2010.09.15 07:32:49.265,7.0764,7.07845,3.20,2.40
2010.09.15 07:32:49.531,7.0764,7.0787,3.20,1.00
2010.09.15 07:32:50.083,7.07665,7.07875,3.20,2.40
2010.09.15 07:32:55.032,7.0771,7.07855,3.20,1.60
2010.09.15 07:32:55.109,7.0771,7.07875,3.20,1.60
2010.09.15 07:32:56.726,7.0774,7.07895,3.20,1.60
2010.09.15 07:32:57.627,7.0776,7.07945,1.00,2.40
2010.09.15 07:32:57.809,7.0776,7.07945,3.40,2.40
2010.09.15 07:32:58.549,7.07755,7.07925,3.20,1.60
2010.09.15 07:32:58.905,7.07755,7.07945,3.20,1.60
2010.09.15 07:32:59.216,7.07755,7.07925,3.20,1.60
2010.09.15 07:33:03.033,7.07725,7.07895,3.20,1.60
2010.09.15 07:33:03.520,7.07755,7.07905,3.20,1.60
2010.09.15 07:33:04.299,7.07725,7.07905,3.20,1.60
2010.09.15 07:33:05.817,7.07725,7.07895,3.20,1.60
2010.09.15 07:33:07.816,7.07725,7.07905,3.20,1.60
2010.09.15 07:33:08.057,7.07745,7.07905,3.20,1.60
2010.09.15 07:33:08.834,7.07745,7.07915,3.20,1.60
2010.09.15 07:33:09.319,7.07745,7.07905,3.20,1.60
2010.09.15 07:33:09.978,7.0774,7.07905,3.20,1.60
2010.09.15 07:33:10.291,7.0774,7.07915,3.20,1.60
2010.09.15 07:33:11.585,7.0774,7.07905,3.20,1.60
2010.09.15 07:33:11.920,7.0774,7.07915,3.20,1.60
2010.09.15 07:33:12.249,7.07745,7.07915,3.20,1.60
2010.09.15 07:33:12.557,7.0774,7.07915,3.20,1.60
2010.09.15 07:33:13.526,7.07745,7.07915,3.20,1.60
2010.09.15 07:33:14.600,7.07775,7.07915,3.20,1.60
2010.09.15 07:33:14.861,7.07745,7.07915,3.20,1.60
2010.09.15 07:33:15.118,7.0774,7.07915,3.20,1.60
2010.09.15 07:33:16.616,7.07735,7.07905,1.00,1.60
2010.09.15 07:33:16.792,7.0772,7.07905,3.20,1.60
2010.09.15 07:33:18.304,7.07665,7.07875,3.20,1.60
2010.09.15 07:33:18.568,7.07665,7.07865,3.20,1.60
2010.09.15 07:33:19.194,7.0769,7.07865,3.20,1.60
2010.09.15 07:33:19.552,7.0772,7.07895,3.20,1.60
2010.09.15 07:33:19.904,7.0772,7.07855,3.20,1.60
2010.09.15 07:33:20.665,7.07665,7.07855,4.00,1.60
2010.09.15 07:33:21.012,7.0769,7.07855,3.20,1.60
2010.09.15 07:33:21.811,7.07685,7.07855,1.00,1.60
2010.09.15 07:33:22.162,7.07685,7.07845,1.00,1.60
2010.09.15 07:33:23.660,7.0769,7.07845,3.20,1.60
2010.09.15 07:33:23.851,7.0771,7.07865,1.00,1.60
2010.09.15 07:33:24.043,7.0771,7.07875,1.00,1.60
2010.09.15 07:33:24.639,7.07735,7.07865,3.20,1.60
2010.09.15 07:33:24.978,7.07685,7.07845,1.00,1.60
2010.09.15 07:33:25.727,7.0768,7.07845,3.20,1.60
2010.09.15 07:33:26.073,7.0763,7.07815,1.00,1.60
2010.09.15 07:33:26.419,7.0763,7.07805,1.00,1.60
2010.09.15 07:33:27.152,7.0763,7.07795,1.00,1.60
2010.09.15 07:33:27.519,7.07625,7.07785,3.20,1.60
2010.09.15 07:33:27.874,7.0762,7.07765,1.00,1.60
2010.09.15 07:33:28.809,7.0762,7.07755,1.00,1.60
2010.09.15 07:33:29.406,7.0762,7.07745,1.00,1.60
2010.09.15 07:33:30.718,7.0762,7.07735,1.00,1.60
2010.09.15 07:33:31.837,7.0762,7.07725,1.00,1.60
2010.09.15 07:33:32.597,7.0762,7.07675,1.00,1.60
2010.09.15 07:33:34.407,7.0762,7.07665,1.00,1.60
2010.09.15 07:33:35.302,7.0758,7.07675,1.00,1.60
2010.09.15 07:33:35.658,7.0758,7.07655,1.00,1.60
2010.09.15 07:33:36.360,7.0758,7.07695,1.00,1.60
2010.09.15 07:33:36.664,7.0762,7.07705,1.00,2.40
2010.09.15 07:33:37.009,7.0762,7.07685,1.00,1.60
2010.09.15 07:33:37.721,7.0762,7.07695,1.00,1.60
2010.09.15 07:33:38.013,7.0761,7.07685,2.30,1.60
2010.09.15 07:33:38.801,7.0761,7.07665,2.30,1.60
2010.09.15 07:33:39.150,7.0761,7.07675,2.30,1.60
2010.09.15 07:33:39.497,7.0761,7.07665,2.30,1.60
2010.09.15 07:33:40.252,7.0758,7.07715,1.50,1.60
2010.09.15 07:33:41.297,7.0758,7.07725,1.50,1.60
2010.09.15 07:33:41.649,7.0758,7.07735,1.50,1.60
2010.09.15 07:33:42.578,7.0758,7.07745,1.50,1.60
2010.09.15 07:33:42.847,7.0758,7.07735,1.50,1.60
2010.09.15 07:33:43.640,7.0758,7.07735,1.50,2.40
2010.09.15 07:33:44.138,7.0758,7.07715,1.50,1.60
2010.09.15 07:33:44.482,7.0758,7.0771,1.50,1.00
2010.09.15 07:33:45.496,7.07515,7.07695,3.20,1.60
2010.09.15 07:33:46.181,7.0752,7.077,1.00,1.00
2010.09.15 07:33:46.474,7.07545,7.07715,4.00,1.60
2010.09.15 07:33:46.799,7.07545,7.07715,1.00,1.60
2010.09.15 07:33:47.126,7.07545,7.07715,4.00,1.60
2010.09.15 07:33:47.948,7.0752,7.07715,1.00,1.60
2010.09.15 07:33:48.530,7.0752,7.07725,1.00,1.60
2010.09.15 07:33:49.177,7.0752,7.07705,1.00,1.60
2010.09.15 07:33:49.439,7.0757,7.07755,3.20,1.60
2010.09.15 07:33:50.248,7.0757,7.07745,3.20,1.60
2010.09.15 07:33:50.940,7.07545,7.07725,1.00,1.60
2010.09.15 07:33:51.229,7.07545,7.07725,1.00,1.60
2010.09.15 07:33:51.927,7.07565,7.07725,1.00,1.60
2010.09.15 07:33:52.269,7.07545,7.07745,1.00,1.60
2010.09.15 07:33:53.405,7.0752,7.07725,1.00,1.60
2010.09.15 07:33:53.745,7.07545,7.07735,1.00,1.60
2010.09.15 07:33:55.177,7.07555,7.07755,1.00,1.60
2010.09.15 07:33:56.237,7.0757,7.07755,3.20,1.60
2010.09.15 07:33:58.268,7.0761,7.07785,1.00,1.60
2010.09.15 07:33:58.536,7.07625,7.07805,3.20,1.60
2010.09.15 07:33:59.432,7.07625,7.07815,3.20,1.60
2010.09.15 07:34:00.118,7.07625,7.07805,3.20,1.60
2010.09.15 07:34:00.874,7.076,7.07805,4.00,1.60
2010.09.15 07:34:01.484,7.0765,7.07815,1.00,1.60
2010.09.15 07:34:01.742,7.0765,7.07845,4.00,1.60
2010.09.15 07:34:02.422,7.0765,7.07865,4.00,1.60
2010.09.15 07:34:02.683,7.0765,7.07845,4.00,1.60
2010.09.15 07:34:03.029,7.0765,7.07865,4.00,1.60
2010.09.15 07:34:04.624,7.07655,7.07865,3.40,1.60
2010.09.15 07:34:04.773,7.0768,7.07875,3.20,1.60
2010.09.15 07:34:06.853,7.07705,7.07905,4.00,1.60
2010.09.15 07:34:07.113,7.07705,7.07895,4.00,1.60
2010.09.15 07:34:07.764,7.07685,7.07855,1.00,1.60
2010.09.15 07:34:08.024,7.0763,7.07835,1.20,1.60
2010.09.15 07:34:08.708,7.07655,7.07835,1.00,1.60
2010.09.15 07:34:09.443,7.07705,7.07875,1.00,1.60
2010.09.15 07:34:09.700,7.07705,7.07865,4.00,1.60
2010.09.15 07:34:10.453,7.07705,7.07865,1.00,1.60
2010.09.15 07:34:10.818,7.0773,7.07875,3.20,1.60
2010.09.15 07:34:11.165,7.07705,7.07875,1.00,1.60
2010.09.15 07:34:11.899,7.07705,7.07865,1.00,1.60
2010.09.15 07:34:12.252,7.07685,7.07845,1.00,1.60
2010.09.15 07:34:12.601,7.07685,7.07835,1.00,1.60
2010.09.15 07:34:13.580,7.07685,7.07855,1.00,1.60
2010.09.15 07:34:15.980,7.07685,7.07865,1.00,1.60
2010.09.15 07:34:18.151,7.0765,7.07855,4.00,1.60
2010.09.15 07:34:18.288,7.0765,7.07835,4.00,1.60
2010.09.15 07:34:18.357,7.0765,7.07825,4.00,1.60
2010.09.15 07:34:18.878,7.0765,7.07805,3.20,1.60
2010.09.15 07:34:18.956,7.0761,7.07805,3.20,1.60
2010.09.15 07:34:19.032,7.07585,7.07805,1.00,1.60
2010.09.15 07:34:19.867,7.0764,7.07815,1.00,1.60
2010.09.15 07:34:21.231,7.0758,7.07775,3.20,1.60
2010.09.15 07:34:21.584,7.07565,7.07775,1.00,1.60
2010.09.15 07:34:22.701,7.07565,7.07765,1.00,1.60
2010.09.15 07:34:24.070,7.07565,7.07755,1.00,1.60
2010.09.15 07:34:24.865,7.07565,7.07765,1.00,1.60
2010.09.15 07:34:25.651,7.0761,7.07755,1.00,1.60
2010.09.15 07:34:25.831,7.0761,7.07765,3.20,1.60
2010.09.15 07:34:26.018,7.07565,7.07765,1.00,1.60
2010.09.15 07:34:26.635,7.07585,7.07765,1.00,1.60
2010.09.15 07:34:26.986,7.07565,7.07775,1.00,1.60
2010.09.15 07:34:27.328,7.07585,7.07785,1.00,1.60
2010.09.15 07:34:28.268,7.0757,7.07765,3.20,1.60
2010.09.15 07:34:28.630,7.07565,7.07765,1.00,1.60
2010.09.15 07:34:29.321,7.07585,7.07775,3.20,1.60
2010.09.15 07:34:29.621,7.07565,7.07765,1.00,1.60
2010.09.15 07:34:31.400,7.0753,7.0776,4.00,1.00
2010.09.15 07:34:31.711,7.0753,7.07745,4.00,1.60
2010.09.15 07:34:32.447,7.07555,7.07745,4.00,1.60
2010.09.15 07:34:32.803,7.07555,7.07745,1.00,1.60
2010.09.15 07:34:35.758,7.0753,7.0776,1.00,1.00
2010.09.15 07:34:36.097,7.0754,7.0776,3.20,1.00
2010.09.15 07:34:36.440,7.07555,7.0778,3.20,1.00
2010.09.15 07:34:36.757,7.07545,7.0778,3.20,1.00
2010.09.15 07:34:37.210,7.07545,7.07745,3.20,1.00
2010.09.15 07:34:37.537,7.07515,7.07745,1.00,1.00
2010.09.15 07:34:38.587,7.0753,7.0776,4.00,1.00
2010.09.15 07:34:38.930,7.0753,7.0776,1.00,4.00
2010.09.15 07:34:40.018,7.0755,7.0776,1.00,3.20
2010.09.15 07:34:40.322,7.0756,7.0778,3.20,1.00
2010.09.15 07:34:41.453,7.07605,7.07815,1.00,3.20
2010.09.15 07:34:41.799,7.07615,7.0783,3.20,1.00
2010.09.15 07:34:42.572,7.07615,7.0784,4.00,1.00
2010.09.15 07:34:46.505,7.0759,7.0782,1.00,1.00
2010.09.15 07:34:48.450,7.0765,7.0786,3.20,1.00
2010.09.15 07:34:49.886,7.07615,7.07825,3.20,1.00
2010.09.15 07:34:51.578,7.07625,7.07855,1.00,1.00
2010.09.15 07:34:52.301,7.0765,7.07875,1.00,1.00
2010.09.15 07:34:52.582,7.0766,7.07845,3.20,1.00
2010.09.15 07:34:52.864,7.07635,7.07845,3.20,1.00
2010.09.15 07:34:55.576,7.07665,7.0788,3.20,1.00
2010.09.15 07:34:56.001,7.07645,7.07845,3.20,1.00
2010.09.15 07:34:56.257,7.0762,7.07845,1.00,1.00
2010.09.15 07:34:56.904,7.07615,7.07835,3.20,1.00
2010.09.15 07:34:57.159,7.0768,7.0788,3.20,1.00
2010.09.15 07:34:57.690,7.07645,7.07865,3.20,1.00
2010.09.15 07:34:58.319,7.07645,7.0784,3.20,1.00
2010.09.15 07:34:58.640,7.07595,7.0782,1.00,1.00
2010.09.15 07:34:59.302,7.07655,7.0786,3.20,1.00
2010.09.15 07:34:59.656,7.07615,7.07825,3.20,1.00
2010.09.15 07:35:03.762,7.07595,7.07825,1.00,1.00
2010.09.15 07:35:05.175,7.07625,7.0785,3.20,1.60
2010.09.15 07:35:05.512,7.076,7.0783,1.00,1.00
2010.09.15 07:35:07.527,7.0761,7.0784,1.00,1.00
2010.09.15 07:35:09.756,7.07625,7.0785,1.00,1.00
2010.09.15 07:35:10.365,7.07615,7.0784,1.00,1.00
2010.09.15 07:35:12.458,7.07625,7.07855,4.00,1.00
2010.09.15 07:35:13.017,7.07625,7.07855,1.00,1.00
2010.09.15 07:35:13.995,7.075,7.0777,1.00,4.00
2010.09.15 07:35:14.285,7.075,7.0777,1.00,1.00
2010.09.15 07:35:14.571,7.07515,7.0778,1.00,1.00
2010.09.15 07:35:15.347,7.07535,7.0776,1.00,1.00
2010.09.15 07:35:16.447,7.07535,7.0776,1.00,1.00
2010.09.15 07:35:17.214,7.0742,7.07695,1.00,3.20
2010.09.15 07:35:17.558,7.07455,7.0771,1.00,3.20
2010.09.15 07:35:17.886,7.0746,7.0773,1.00,3.20
2010.09.15 07:35:18.307,7.07535,7.0771,1.60,3.20
2010.09.15 07:35:18.643,7.07495,7.07705,1.00,1.60
2010.09.15 07:35:18.946,7.07475,7.0771,1.00,4.00
2010.09.15 07:35:19.651,7.07465,7.0769,3.20,1.00
2010.09.15 07:35:20.003,7.07505,7.0771,3.20,1.00
2010.09.15 07:35:21.094,7.0751,7.0771,3.20,1.00
2010.09.15 07:35:22.641,7.07505,7.07685,3.20,1.00
2010.09.15 07:35:22.966,7.07485,7.07685,3.20,1.00
2010.09.15 07:35:23.743,7.07485,7.0765,3.20,1.00
2010.09.15 07:35:24.076,7.0744,7.0763,1.00,1.00
2010.09.15 07:35:24.550,7.0744,7.0763,1.00,1.00
2010.09.15 07:35:24.910,7.0745,7.0763,1.00,1.00
2010.09.15 07:35:26.173,7.0741,7.076,1.00,1.00
2010.09.15 07:35:26.910,7.0738,7.0758,3.30,1.00
2010.09.15 07:35:27.267,7.0738,7.07545,3.20,1.00
2010.09.15 07:35:27.954,7.0732,7.07545,1.00,1.00
2010.09.15 07:35:28.248,7.0732,7.0753,1.00,3.20
2010.09.15 07:35:29.235,7.07295,7.07505,1.00,1.00
2010.09.15 07:35:29.951,7.07305,7.07525,3.20,1.00
2010.09.15 07:35:31.699,7.0735,7.07525,1.00,1.00
2010.09.15 07:35:32.184,7.0733,7.07525,1.00,1.00
2010.09.15 07:35:32.557,7.0736,7.07545,1.00,1.00
2010.09.15 07:35:32.900,7.0737,7.07545,1.00,1.00
2010.09.15 07:35:33.916,7.0736,7.07545,1.00,1.00
2010.09.15 07:35:34.198,7.0737,7.07545,1.00,1.00
2010.09.15 07:35:35.168,7.0737,7.07565,1.00,1.00
2010.09.15 07:35:35.496,7.0736,7.07565,1.00,1.00
2010.09.15 07:35:36.058,7.0738,7.07565,1.00,1.00
2010.09.15 07:35:36.980,7.0736,7.07565,1.00,1.00
2010.09.15 07:35:37.318,7.0738,7.07565,1.00,1.00
2010.09.15 07:35:38.061,7.0737,7.07565,1.00,1.00
2010.09.15 07:35:38.281,7.0741,7.07565,1.00,1.00
2010.09.15 07:35:39.350,7.0742,7.07565,1.00,1.00
2010.09.15 07:35:39.688,7.0742,7.07565,1.00,1.00
2010.09.15 07:35:40.034,7.0743,7.0759,1.00,1.00
2010.09.15 07:35:40.673,7.0745,7.07625,1.00,2.40
2010.09.15 07:35:41.024,7.0745,7.07625,1.00,1.00
2010.09.15 07:35:41.369,7.0744,7.07625,1.00,1.00
2010.09.15 07:35:42.071,7.0744,7.07605,1.00,1.00
2010.09.15 07:35:42.429,7.0743,7.07605,1.00,1.00
2010.09.15 07:35:43.165,7.0742,7.07605,1.00,1.00
2010.09.15 07:35:43.533,7.0743,7.07605,3.20,1.00
2010.09.15 07:35:43.876,7.0744,7.07625,1.00,1.00
2010.09.15 07:35:44.880,7.0745,7.07625,1.00,1.00
2010.09.15 07:35:45.188,7.0745,7.07605,1.00,1.00
2010.09.15 07:35:46.253,7.0744,7.07605,1.00,1.00
2010.09.15 07:35:46.607,7.0743,7.07605,1.00,1.00
2010.09.15 07:35:47.259,7.0743,7.07625,1.00,1.00
2010.09.15 07:35:47.613,7.0744,7.07625,1.00,2.40
2010.09.15 07:35:47.964,7.0743,7.07605,3.20,1.00
2010.09.15 07:35:48.520,7.0743,7.07625,3.20,2.40
2010.09.15 07:35:48.874,7.07385,7.07585,3.20,1.00
2010.09.15 07:35:49.608,7.0737,7.0755,1.00,1.00
2010.09.15 07:35:50.302,7.0737,7.0755,1.00,1.00
2010.09.15 07:35:51.082,7.0741,7.07575,1.00,1.00
2010.09.15 07:35:51.435,7.07375,7.07515,3.20,1.60
2010.09.15 07:35:52.141,7.0737,7.07515,1.00,1.60
2010.09.15 07:35:53.340,7.0737,7.07495,1.00,1.60
2010.09.15 07:35:53.547,7.0737,7.07525,1.00,1.60
2010.09.15 07:35:54.195,7.0737,7.07515,1.00,1.60
2010.09.15 07:35:54.702,7.0736,7.07495,1.00,1.60
2010.09.15 07:35:55.727,7.0734,7.07495,1.00,1.60
2010.09.15 07:35:56.075,7.0736,7.07505,1.00,1.60
2010.09.15 07:35:56.722,7.0736,7.07495,1.00,1.60
2010.09.15 07:35:56.979,7.0737,7.07505,1.00,1.60
2010.09.15 07:35:57.950,7.0738,7.07535,1.00,1.60
2010.09.15 07:35:58.305,7.0738,7.07535,3.20,1.60
2010.09.15 07:35:58.889,7.0739,7.07535,1.00,1.60
2010.09.15 07:35:59.540,7.0741,7.07535,1.00,1.60
2010.09.15 07:35:59.887,7.0741,7.07545,1.00,1.60
2010.09.15 07:36:01.159,7.0742,7.07545,1.00,1.60
2010.09.15 07:36:01.958,7.074,7.07545,1.00,1.60
2010.09.15 07:36:02.736,7.0738,7.07535,3.20,1.60
2010.09.15 07:36:03.966,7.0738,7.07535,3.20,1.60
2010.09.15 07:36:04.317,7.0736,7.07535,1.00,1.60
2010.09.15 07:36:04.929,7.0739,7.07535,1.00,1.60
2010.09.15 07:36:05.807,7.07395,7.07545,1.00,1.60
2010.09.15 07:36:05.938,7.07395,7.07535,1.00,1.60
2010.09.15 07:36:06.447,7.07395,7.0753,1.00,1.00
2010.09.15 07:36:06.986,7.0737,7.07495,3.20,1.60
2010.09.15 07:36:07.334,7.07365,7.07495,1.00,1.60
2010.09.15 07:36:09.108,7.07335,7.07475,1.00,2.40
2010.09.15 07:36:09.718,7.0733,7.07465,1.00,1.00
2010.09.15 07:36:10.822,7.07295,7.07455,1.00,1.60
2010.09.15 07:36:11.239,7.07295,7.07445,1.00,1.60
2010.09.15 07:36:11.492,7.07285,7.07445,1.00,1.60
2010.09.15 07:36:11.740,7.07295,7.07425,1.00,1.60
2010.09.15 07:36:12.246,7.07295,7.07415,1.00,1.00
2010.09.15 07:36:12.597,7.0728,7.07415,1.00,1.00
2010.09.15 07:36:12.943,7.07275,7.07425,1.00,1.60
2010.09.15 07:36:13.990,7.07285,7.07425,1.00,1.60
2010.09.15 07:36:14.352,7.07295,7.07435,1.00,1.60
2010.09.15 07:36:14.509,7.07295,7.07435,1.00,2.40
2010.09.15 07:36:14.669,7.0729,7.07425,1.00,1.60
2010.09.15 07:36:16.063,7.07295,7.07415,1.00,1.60
2010.09.15 07:36:17.768,7.07295,7.07425,1.00,1.60
2010.09.15 07:36:18.376,7.07295,7.07415,1.00,1.60
2010.09.15 07:36:18.717,7.07295,7.07435,1.00,2.40
2010.09.15 07:36:19.133,7.07295,7.07415,1.00,1.60
2010.09.15 07:36:20.640,7.07295,7.07425,1.00,1.60
2010.09.15 07:36:20.996,7.07335,7.07445,1.00,1.60
2010.09.15 07:36:21.346,7.07335,7.07465,1.00,1.60
2010.09.15 07:36:22.370,7.07335,7.07455,1.00,1.60
2010.09.15 07:36:23.039,7.07345,7.07455,1.00,1.60
2010.09.15 07:36:23.482,7.07345,7.07495,1.00,2.40
2010.09.15 07:36:23.709,7.07385,7.07495,1.00,1.60
2010.09.15 07:36:24.334,7.07395,7.07495,1.00,1.60
2010.09.15 07:36:24.571,7.0741,7.07535,1.00,1.60
2010.09.15 07:36:24.923,7.07425,7.07535,1.00,1.60
2010.09.15 07:36:26.054,7.07415,7.07525,1.00,1.60
2010.09.15 07:36:26.821,7.07435,7.07555,1.00,1.60
2010.09.15 07:36:27.116,7.07445,7.07565,1.00,1.60
2010.09.15 07:36:28.097,7.07435,7.07565,1.00,1.60
2010.09.15 07:36:28.443,7.0743,7.07555,1.00,1.60
2010.09.15 07:36:29.890,7.07435,7.07555,1.00,1.60
2010.09.15 07:36:30.227,7.0745,7.07595,1.00,1.60
2010.09.15 07:36:30.897,7.0745,7.07605,1.00,1.60
2010.09.15 07:36:31.206,7.07455,7.07605,1.00,1.60
2010.09.15 07:36:31.538,7.07465,7.07605,1.00,1.60
2010.09.15 07:36:32.274,7.07455,7.07545,1.00,1.60
2010.09.15 07:36:32.570,7.07465,7.07545,1.00,1.60
2010.09.15 07:36:33.530,7.07455,7.07545,1.00,1.60
2010.09.15 07:36:33.854,7.07445,7.07535,1.00,1.60
2010.09.15 07:36:34.162,7.07425,7.07535,1.00,1.60
2010.09.15 07:36:34.859,7.07415,7.07505,1.00,1.60
2010.09.15 07:36:35.211,7.07405,7.07505,1.00,1.60
2010.09.15 07:36:35.563,7.07405,7.07485,1.00,1.60
2010.09.15 07:36:36.300,7.07385,7.07485,1.00,1.60
2010.09.15 07:36:36.655,7.07395,7.07475,1.00,1.60
2010.09.15 07:36:38.789,7.07385,7.07475,1.00,1.60
2010.09.15 07:36:39.105,7.07365,7.07445,1.00,1.60
2010.09.15 07:36:39.851,7.07365,7.07455,1.00,1.60
2010.09.15 07:36:40.213,7.07375,7.07465,1.00,1.60
2010.09.15 07:36:40.530,7.07375,7.07455,1.00,1.60
2010.09.15 07:36:41.829,7.07375,7.07475,1.00,1.60
2010.09.15 07:36:42.092,7.07365,7.07445,1.00,1.60
2010.09.15 07:36:43.839,7.07355,7.07445,1.00,1.60
2010.09.15 07:36:44.119,7.0735,7.07445,1.00,1.60
2010.09.15 07:36:44.686,7.0733,7.07415,1.00,1.60
2010.09.15 07:36:45.032,7.07325,7.07405,1.00,1.60
2010.09.15 07:36:46.893,7.07315,7.07405,1.00,1.60
2010.09.15 07:36:47.239,7.07315,7.07415,1.00,1.60
2010.09.15 07:36:47.726,7.07295,7.07405,1.00,1.60
2010.09.15 07:36:48.393,7.07295,7.07395,1.00,1.60
2010.09.15 07:36:48.722,7.07295,7.07405,1.00,1.60
2010.09.15 07:36:49.511,7.07305,7.07415,3.20,1.60
2010.09.15 07:36:49.861,7.07305,7.07405,1.00,1.60
2010.09.15 07:36:50.579,7.07315,7.07405,1.00,1.60
2010.09.15 07:36:50.921,7.07305,7.07415,1.00,1.60
2010.09.15 07:36:52.180,7.07315,7.07415,1.00,1.60
2010.09.15 07:36:54.100,7.07315,7.07425,1.00,1.60
2010.09.15 07:36:54.415,7.07315,7.07445,1.00,1.60
2010.09.15 07:36:54.577,7.07315,7.07435,1.00,1.60
2010.09.15 07:36:55.938,7.07315,7.07425,1.00,1.60
2010.09.15 07:36:56.125,7.07315,7.07445,1.00,1.60
2010.09.15 07:36:56.216,7.07315,7.07425,1.00,1.60
2010.09.15 07:36:57.167,7.0728,7.07395,1.00,1.60
2010.09.15 07:36:57.505,7.07265,7.07395,1.00,1.60
2010.09.15 07:36:58.623,7.0725,7.07395,1.00,1.60
2010.09.15 07:36:59.404,7.07245,7.07385,1.00,1.60
2010.09.15 07:36:59.751,7.07235,7.07385,1.00,1.60
2010.09.15 07:37:00.102,7.07235,7.07395,1.00,1.60
2010.09.15 07:37:00.847,7.07225,7.07385,1.00,1.60
2010.09.15 07:37:01.517,7.07235,7.07385,1.00,1.60
2010.09.15 07:37:02.202,7.07235,7.07375,1.00,1.60
2010.09.15 07:37:02.427,7.07225,7.07375,1.00,1.60
2010.09.15 07:37:02.652,7.07225,7.07385,1.00,1.60
2010.09.15 07:37:03.275,7.07225,7.07405,1.00,1.60
2010.09.15 07:37:03.620,7.07225,7.07385,1.00,1.60
2010.09.15 07:37:05.278,7.07255,7.07395,1.00,1.60
2010.09.15 07:37:05.457,7.07255,7.0741,1.00,1.00
2010.09.15 07:37:06.221,7.0728,7.07415,1.00,1.60
2010.09.15 07:37:07.163,7.07295,7.07455,1.00,1.60
2010.09.15 07:37:07.813,7.07285,7.07455,1.00,1.60
2010.09.15 07:37:08.814,7.07295,7.07455,1.00,1.60
2010.09.15 07:37:11.407,7.07295,7.07495,1.00,1.00
2010.09.15 07:37:12.152,7.07355,7.07515,1.00,2.40
2010.09.15 07:37:12.823,7.07355,7.07515,1.00,1.00
2010.09.15 07:37:13.173,7.07365,7.07525,1.00,1.60
2010.09.15 07:37:13.524,7.0739,7.07545,1.00,1.60
2010.09.15 07:37:14.307,7.07415,7.07565,1.00,1.60
2010.09.15 07:37:14.659,7.07435,7.07585,1.00,1.60
2010.09.15 07:37:15.420,7.0747,7.07645,1.00,1.60
2010.09.15 07:37:15.781,7.07515,7.07655,1.00,1.60
2010.09.15 07:37:16.519,7.07515,7.07665,1.00,1.60
2010.09.15 07:37:16.881,7.07525,7.07655,1.00,1.60
2010.09.15 07:37:17.233,7.07535,7.07665,1.00,1.60
2010.09.15 07:37:17.931,7.07525,7.07665,1.00,1.60
2010.09.15 07:37:18.272,7.07515,7.07665,1.00,1.60
2010.09.15 07:37:19.801,7.07555,7.07675,1.00,1.60
2010.09.15 07:37:20.140,7.07575,7.07685,1.00,1.60
2010.09.15 07:37:20.874,7.07565,7.07695,1.00,1.60
2010.09.15 07:37:21.203,7.0757,7.07705,1.00,1.60
2010.09.15 07:37:21.973,7.0763,7.07765,1.00,1.60
2010.09.15 07:37:22.321,7.0762,7.07755,1.00,1.60
2010.09.15 07:37:23.096,7.07645,7.07775,1.00,1.60
2010.09.15 07:37:23.442,7.0771,7.07815,3.20,1.00
2010.09.15 07:37:24.157,7.0775,7.0792,1.00,1.00
2010.09.15 07:37:24.473,7.07765,7.0792,1.00,1.00
2010.09.15 07:37:25.512,7.07735,7.07855,1.00,1.00
2010.09.15 07:37:26.267,7.07725,7.07855,1.00,1.00
2010.09.15 07:37:26.616,7.07735,7.07895,1.00,1.60
2010.09.15 07:37:27.388,7.07745,7.07875,1.00,1.00
2010.09.15 07:37:27.735,7.0773,7.079,1.00,1.00
2010.09.15 07:37:28.815,7.07755,7.07875,1.00,1.00
2010.09.15 07:37:29.884,7.07745,7.07875,1.00,2.40
2010.09.15 07:37:30.254,7.07755,7.07875,1.00,1.60
2010.09.15 07:37:30.606,7.07745,7.07875,1.00,1.00
2010.09.15 07:37:31.321,7.0776,7.079,1.00,1.00
2010.09.15 07:37:31.615,7.0776,7.07905,1.00,1.60
2010.09.15 07:37:32.343,7.0776,7.07915,1.00,1.60
2010.09.15 07:37:32.698,7.0775,7.07845,1.00,1.60
2010.09.15 07:37:33.421,7.0771,7.07805,1.00,1.60
2010.09.15 07:37:33.774,7.0765,7.07775,1.00,1.60
2010.09.15 07:37:34.520,7.07625,7.07775,1.00,1.60
2010.09.15 07:37:34.880,7.0764,7.07785,1.00,1.60
2010.09.15 07:37:35.644,7.0766,7.07785,1.00,1.60
2010.09.15 07:37:35.995,7.07635,7.07775,1.00,1.60
2010.09.15 07:37:36.750,7.07635,7.07755,1.00,1.60
2010.09.15 07:37:37.106,7.0762,7.07715,1.00,1.60
2010.09.15 07:37:37.455,7.0758,7.07685,1.00,1.60
2010.09.15 07:37:38.563,7.07555,7.07665,1.00,1.60
2010.09.15 07:37:39.353,7.07555,7.07685,1.00,1.60
2010.09.15 07:37:39.701,7.07555,7.07675,1.00,1.60
2010.09.15 07:37:40.476,7.07565,7.07705,1.00,1.60
2010.09.15 07:37:41.225,7.0762,7.07735,1.00,1.60
2010.09.15 07:37:41.838,7.07645,7.07735,1.00,1.60
2010.09.15 07:37:42.659,7.07645,7.07755,1.00,1.60
2010.09.15 07:37:43.720,7.07665,7.07755,1.00,1.60
2010.09.15 07:37:45.066,7.07665,7.07765,1.00,1.60
2010.09.15 07:37:46.920,7.07665,7.07755,1.00,1.60
2010.09.15 07:37:47.117,7.07665,7.07745,1.00,1.60
2010.09.15 07:37:47.314,7.07655,7.07745,1.00,1.60
2010.09.15 07:37:47.515,7.07655,7.07755,1.00,1.60
2010.09.15 07:37:48.009,7.07655,7.07775,1.00,1.60
2010.09.15 07:37:48.755,7.07655,7.07785,1.00,1.60
2010.09.15 07:37:49.738,7.07655,7.07795,1.00,1.60
2010.09.15 07:37:49.955,7.07655,7.07775,1.00,1.60
2010.09.15 07:37:50.295,7.07665,7.07775,1.00,1.60
2010.09.15 07:37:51.047,7.07665,7.07785,1.00,1.60
2010.09.15 07:37:51.282,7.07695,7.07785,1.00,1.60
2010.09.15 07:37:51.731,7.07695,7.07775,1.00,1.60
2010.09.15 07:37:52.175,7.07685,7.07775,1.00,1.60
2010.09.15 07:37:52.520,7.0771,7.07775,1.00,1.60
2010.09.15 07:37:52.870,7.0765,7.07775,3.20,1.60
2010.09.15 07:37:53.491,7.0772,7.07775,1.00,1.60
2010.09.15 07:37:55.207,7.0772,7.07785,1.00,1.60
2010.09.15 07:37:55.626,7.077,7.07795,1.00,1.60
2010.09.15 07:37:55.946,7.077,7.07785,1.00,1.60
2010.09.15 07:37:56.870,7.0771,7.07775,1.00,1.60
2010.09.15 07:37:57.280,7.0771,7.07795,1.00,1.60
2010.09.15 07:37:58.058,7.0771,7.07775,1.00,1.60
2010.09.15 07:37:58.746,7.0771,7.07785,1.00,1.60
2010.09.15 07:37:59.509,7.07735,7.07795,1.00,1.60
2010.09.15 07:37:59.862,7.07735,7.07815,1.00,1.60
2010.09.15 07:38:01.720,7.07735,7.07825,1.00,1.60
2010.09.15 07:38:02.440,7.0774,7.07825,1.00,1.60
2010.09.15 07:38:02.757,7.0775,7.07825,1.00,1.60
2010.09.15 07:38:03.078,7.0774,7.07825,1.00,1.60
2010.09.15 07:38:03.793,7.07735,7.07845,1.00,1.60
2010.09.15 07:38:04.890,7.0777,7.07845,1.00,1.60
2010.09.15 07:38:05.238,7.0776,7.07845,1.00,1.60
2010.09.15 07:38:06.603,7.07765,7.07845,1.00,1.60
2010.09.15 07:38:07.089,7.07765,7.07825,1.00,1.60
2010.09.15 07:38:09.421,7.07765,7.07805,1.00,1.60
2010.09.15 07:38:10.297,7.07765,7.07815,1.00,1.60
2010.09.15 07:38:11.033,7.07725,7.07815,1.00,1.60
2010.09.15 07:38:11.718,7.07725,7.07825,1.00,1.60
2010.09.15 07:38:12.305,7.07725,7.07815,1.00,1.60
2010.09.15 07:38:14.485,7.07725,7.07825,1.00,1.60
2010.09.15 07:38:15.800,7.0768,7.07825,4.00,1.60
2010.09.15 07:38:15.933,7.07735,7.07805,1.00,1.60
2010.09.15 07:38:16.352,7.0763,7.07805,1.00,1.60
2010.09.15 07:38:16.493,7.077,7.07805,1.00,1.60
2010.09.15 07:38:16.970,7.077,7.07825,1.00,1.60
2010.09.15 07:38:17.733,7.0772,7.07815,1.00,1.60
2010.09.15 07:38:19.407,7.0772,7.07825,1.00,1.60
2010.09.15 07:38:19.605,7.0772,7.07805,1.00,1.60
2010.09.15 07:38:20.185,7.0772,7.07795,1.00,1.60
2010.09.15 07:38:20.597,7.0771,7.07795,1.00,1.60
2010.09.15 07:38:21.096,7.0771,7.07795,1.00,1.60
2010.09.15 07:38:22.615,7.07705,7.07755,1.00,1.60
2010.09.15 07:38:23.891,7.07705,7.07775,1.00,1.60
2010.09.15 07:38:24.356,7.076,7.07745,1.00,1.60
2010.09.15 07:38:25.016,7.07635,7.07685,1.00,1.60
2010.09.15 07:38:25.356,7.07505,7.07685,1.00,1.60
2010.09.15 07:38:26.095,7.07505,7.07675,1.00,1.60
2010.09.15 07:38:26.408,7.0759,7.07625,1.00,1.60
2010.09.15 07:38:27.160,7.0745,7.07615,1.00,1.60
2010.09.15 07:38:27.516,7.07515,7.07595,1.00,1.60
2010.09.15 07:38:28.218,7.0742,7.07605,1.00,1.60
2010.09.15 07:38:30.441,7.07535,7.07605,1.00,1.60
2010.09.15 07:38:30.757,7.075,7.07645,1.00,1.00
2010.09.15 07:38:31.483,7.0752,7.07575,1.00,1.60
2010.09.15 07:38:32.256,7.07545,7.07585,1.00,1.60
2010.09.15 07:38:32.576,7.0742,7.07645,1.00,1.60
2010.09.15 07:38:33.276,7.07565,7.07655,1.00,1.60
2010.09.15 07:38:33.956,7.0757,7.07655,1.00,1.60
2010.09.15 07:38:34.686,7.0757,7.07675,1.00,1.60
2010.09.15 07:38:35.370,7.07595,7.07675,1.00,1.60
2010.09.15 07:38:35.608,7.07595,7.07665,1.00,1.60
2010.09.15 07:38:36.090,7.07585,7.07665,1.00,1.60
2010.09.15 07:38:36.341,7.07585,7.07665,1.00,1.60
2010.09.15 07:38:36.661,7.0758,7.07645,1.00,1.60
2010.09.15 07:38:37.377,7.0756,7.07635,1.00,1.60
2010.09.15 07:38:37.722,7.07575,7.07625,1.00,1.60
2010.09.15 07:38:38.056,7.0752,7.07615,1.00,1.60
2010.09.15 07:38:38.734,7.07555,7.07605,1.00,1.60
2010.09.15 07:38:39.069,7.0755,7.07605,1.00,1.60
2010.09.15 07:38:40.125,7.0756,7.07605,1.00,1.60
2010.09.15 07:38:40.476,7.0755,7.07595,1.00,1.60
2010.09.15 07:38:40.812,7.07545,7.07595,1.00,1.60
2010.09.15 07:38:41.791,7.07545,7.07635,1.00,1.60
2010.09.15 07:38:42.116,7.07545,7.0764,1.00,1.00
2010.09.15 07:38:42.820,7.0754,7.07615,1.00,1.60
2010.09.15 07:38:43.163,7.0755,7.07585,1.00,1.60
2010.09.15 07:38:43.900,7.0755,7.07595,1.00,1.60
2010.09.15 07:38:44.268,7.07545,7.07595,1.00,1.60
2010.09.15 07:38:44.958,7.07545,7.07585,1.00,1.60
2010.09.15 07:38:45.378,7.07535,7.07585,1.00,1.60
2010.09.15 07:38:46.390,7.074,7.07605,1.00,1.60
2010.09.15 07:38:47.071,7.07545,7.07625,1.00,1.60
2010.09.15 07:38:47.672,7.07515,7.07645,1.00,1.60
2010.09.15 07:38:48.452,7.07565,7.07605,1.00,1.60
2010.09.15 07:38:49.196,7.0755,7.07595,1.00,1.60
2010.09.15 07:38:49.526,7.07515,7.07595,1.00,1.60
2010.09.15 07:38:49.849,7.07515,7.07605,1.00,1.60
2010.09.15 07:38:50.603,7.07525,7.07595,1.00,1.60
2010.09.15 07:38:50.954,7.07515,7.07585,1.00,1.60
2010.09.15 07:38:51.584,7.07515,7.07565,1.00,1.60
2010.09.15 07:38:51.896,7.0754,7.07555,1.00,1.60
2010.09.15 07:38:53.920,7.0754,7.07585,1.00,1.60
2010.09.15 07:38:54.696,7.0754,7.07575,1.00,1.60
2010.09.15 07:38:54.978,7.07545,7.07585,1.00,1.60
2010.09.15 07:38:55.999,7.07505,7.07585,1.00,1.60
2010.09.15 07:38:57.597,7.0755,7.07595,1.00,1.60
2010.09.15 07:38:57.825,7.0755,7.07605,1.00,1.60
2010.09.15 07:38:59.145,7.0752,7.07605,1.00,1.60
2010.09.15 07:38:59.476,7.07525,7.07605,1.00,1.60
2010.09.15 07:39:00.379,7.0752,7.07605,1.00,1.60
2010.09.15 07:39:00.613,7.07525,7.07615,1.00,1.60
2010.09.15 07:39:01.665,7.07515,7.07625,1.00,1.60
2010.09.15 07:39:01.921,7.07515,7.07605,1.00,1.60
2010.09.15 07:39:02.427,7.0739,7.07615,1.00,1.60
2010.09.15 07:39:05.061,7.07545,7.07635,1.00,1.60
2010.09.15 07:39:05.265,7.0755,7.07645,1.00,1.60
2010.09.15 07:39:05.908,7.0754,7.07695,1.00,1.60
2010.09.15 07:39:06.257,7.0759,7.07675,1.00,1.60
2010.09.15 07:39:07.017,7.07595,7.07675,1.00,1.60
2010.09.15 07:39:08.365,7.07595,7.07695,1.00,1.60
2010.09.15 07:39:09.880,7.07595,7.07685,1.00,1.60
2010.09.15 07:39:10.231,7.0759,7.07685,1.00,1.60
2010.09.15 07:39:11.386,7.07595,7.07705,1.00,1.60
2010.09.15 07:39:11.719,7.07595,7.07695,1.00,1.60
2010.09.15 07:39:12.475,7.07595,7.07685,1.00,1.60
2010.09.15 07:39:13.134,7.0758,7.07685,1.00,1.60
2010.09.15 07:39:14.018,7.07585,7.07635,1.00,1.60
2010.09.15 07:39:14.360,7.07545,7.07705,1.00,1.60
2010.09.15 07:39:15.077,7.07545,7.07685,1.00,1.00
2010.09.15 07:39:15.405,7.07585,7.07685,1.00,1.00
2010.09.15 07:39:15.734,7.07585,7.07665,1.00,1.60
2010.09.15 07:39:16.467,7.07585,7.07725,1.00,2.40
2010.09.15 07:39:16.810,7.07595,7.07665,1.00,1.60
2010.09.15 07:39:17.270,7.07585,7.07665,1.00,1.60
2010.09.15 07:39:17.626,7.07585,7.07715,1.00,1.60
2010.09.15 07:39:17.978,7.0759,7.07665,1.00,1.60
2010.09.15 07:39:18.892,7.07575,7.0767,1.00,1.00
2010.09.15 07:39:19.248,7.0755,7.0765,1.00,1.00
2010.09.15 07:39:20.002,7.0754,7.07645,1.00,1.60
2010.09.15 07:39:20.355,7.07535,7.0764,1.00,1.00
2010.09.15 07:39:21.415,7.07525,7.07625,1.00,1.60
2010.09.15 07:39:21.764,7.0752,7.0761,1.00,1.00
2010.09.15 07:39:22.558,7.0752,7.0761,1.00,1.00
2010.09.15 07:39:22.903,7.0753,7.07615,1.00,1.00
2010.09.15 07:39:23.659,7.07515,7.07595,1.00,1.00
2010.09.15 07:39:23.995,7.07515,7.0761,1.00,1.00
2010.09.15 07:39:25.089,7.0752,7.076,1.00,1.00
2010.09.15 07:39:25.445,7.0754,7.07625,1.00,3.20
2010.09.15 07:39:26.117,7.0752,7.07635,1.00,1.00
2010.09.15 07:39:26.434,7.0752,7.0769,1.00,1.00
2010.09.15 07:39:27.465,7.0752,7.0768,1.00,1.00
2010.09.15 07:39:28.430,7.0752,7.07675,1.00,1.60
2010.09.15 07:39:29.166,7.0752,7.0766,1.00,1.00
2010.09.15 07:39:30.302,7.074,7.07625,1.00,1.60
2010.09.15 07:39:30.661,7.074,7.0761,1.00,1.00
2010.09.15 07:39:31.457,7.0742,7.0754,1.00,1.00
2010.09.15 07:39:31.801,7.0742,7.07565,1.00,1.00
2010.09.15 07:39:32.259,7.0742,7.0756,1.00,1.00
2010.09.15 07:39:32.950,7.0742,7.07565,1.00,1.00
2010.09.15 07:39:33.682,7.0742,7.0757,1.00,1.00
2010.09.15 07:39:34.035,7.0742,7.07615,1.00,3.20
2010.09.15 07:39:34.774,7.0742,7.07635,1.00,1.00
2010.09.15 07:39:35.129,7.0747,7.07655,1.60,1.60
2010.09.15 07:39:35.485,7.0742,7.07625,1.00,1.00
2010.09.15 07:39:36.245,7.0742,7.0761,1.00,1.00
2010.09.15 07:39:37.340,7.0742,7.0764,1.00,1.00
2010.09.15 07:39:37.698,7.07445,7.0764,1.00,1.00
2010.09.15 07:39:38.381,7.0745,7.07675,1.00,1.00
2010.09.15 07:39:38.736,7.0748,7.07695,1.00,1.00
2010.09.15 07:39:39.222,7.075,7.07715,1.00,3.20
2010.09.15 07:39:39.577,7.075,7.0773,1.00,1.00
2010.09.15 07:39:40.948,7.0751,7.0773,1.00,1.00
2010.09.15 07:39:42.005,7.0751,7.0775,1.00,1.60
2010.09.15 07:39:42.299,7.0752,7.0775,1.00,1.00
2010.09.15 07:39:42.868,7.07505,7.07735,4.00,2.40
2010.09.15 07:39:43.716,7.07465,7.07695,1.00,1.00
2010.09.15 07:39:44.053,7.0744,7.0766,1.00,1.00
2010.09.15 07:39:44.841,7.0745,7.0766,1.00,1.00
2010.09.15 07:39:45.944,7.0743,7.07635,1.00,1.00
2010.09.15 07:39:46.300,7.0742,7.0765,1.00,1.00
2010.09.15 07:39:47.068,7.0742,7.0761,1.00,1.00
2010.09.15 07:39:47.430,7.0742,7.0763,1.00,1.00
2010.09.15 07:39:48.519,7.0742,7.07625,1.00,1.60
2010.09.15 07:39:48.870,7.0742,7.0763,1.00,1.00
2010.09.15 07:39:49.099,7.0742,7.07625,1.00,1.60
2010.09.15 07:39:49.330,7.0742,7.0763,1.00,1.00
2010.09.15 07:39:50.333,7.0742,7.0759,1.00,1.00
2010.09.15 07:39:54.472,7.0742,7.0763,1.00,1.00
2010.09.15 07:39:54.698,7.0743,7.07645,1.00,1.00
2010.09.15 07:39:55.848,7.0744,7.07645,1.00,1.00
2010.09.15 07:39:56.528,7.0745,7.07645,1.00,1.00
2010.09.15 07:39:58.861,7.0748,7.0768,1.00,1.00
2010.09.15 07:39:59.095,7.07515,7.0768,1.00,1.00
2010.09.15 07:40:03.069,7.07515,7.0768,1.00,1.60
2010.09.15 07:40:03.346,7.0752,7.07695,1.00,1.00
2010.09.15 07:40:03.687,7.07555,7.07695,1.00,1.00
2010.09.15 07:40:04.460,7.07555,7.0773,1.00,1.00
2010.09.15 07:40:04.814,7.07565,7.0773,1.00,1.00
2010.09.15 07:40:06.494,7.07595,7.07755,1.00,1.00
2010.09.15 07:40:07.592,7.07575,7.0775,1.00,1.00
2010.09.15 07:40:07.942,7.07555,7.0773,1.00,1.00
2010.09.15 07:40:08.696,7.07545,7.0771,1.00,1.00
2010.09.15 07:40:09.048,7.0752,7.0768,1.00,1.00
2010.09.15 07:40:09.780,7.07515,7.0768,1.00,1.00
2010.09.15 07:40:11.436,7.0749,7.0764,1.00,1.00
2010.09.15 07:40:12.279,7.07495,7.0765,1.00,1.00
2010.09.15 07:40:12.631,7.0749,7.0765,1.00,1.00
2010.09.15 07:40:14.066,7.0749,7.0764,1.00,1.00
2010.09.15 07:40:14.412,7.07485,7.0763,1.00,1.00
2010.09.15 07:40:15.155,7.075,7.07645,1.00,1.00
2010.09.15 07:40:15.439,7.07505,7.07645,1.00,1.00
2010.09.15 07:40:16.234,7.0751,7.07645,1.00,1.00
2010.09.15 07:40:17.862,7.0752,7.077,1.00,1.00
2010.09.15 07:40:18.739,7.07525,7.077,1.00,1.00
2010.09.15 07:40:19.429,7.07535,7.077,1.00,1.00
2010.09.15 07:40:20.501,7.07545,7.077,1.00,1.00
2010.09.15 07:40:21.070,7.0755,7.0775,1.00,1.00
2010.09.15 07:40:21.822,7.07585,7.07755,1.00,1.00
2010.09.15 07:40:22.052,7.07605,7.07755,1.00,1.00
2010.09.15 07:40:22.950,7.07635,7.07785,1.00,1.00
2010.09.15 07:40:23.240,7.0764,7.0781,1.00,1.00
2010.09.15 07:40:23.530,7.0765,7.07785,1.00,1.00
2010.09.15 07:40:24.335,7.0764,7.07785,1.00,1.00
2010.09.15 07:40:24.683,7.0763,7.07785,1.00,1.00
2010.09.15 07:40:25.933,7.0762,7.07785,1.00,1.00
2010.09.15 07:40:26.493,7.07645,7.0781,1.00,1.00
2010.09.15 07:40:27.422,7.07655,7.07845,1.00,1.00
2010.09.15 07:40:28.318,7.07665,7.07845,1.00,1.00
2010.09.15 07:40:28.666,7.07655,7.07845,1.00,1.00
2010.09.15 07:40:29.016,7.07655,7.0784,1.00,1.00
2010.09.15 07:40:29.617,7.07655,7.07825,1.00,1.00
2010.09.15 07:40:29.965,7.07655,7.07845,1.00,1.00
2010.09.15 07:40:30.315,7.07665,7.07845,1.00,1.00
2010.09.15 07:40:34.516,7.07675,7.07845,1.00,1.00
2010.09.15 07:40:34.657,7.07675,7.07865,1.00,1.00
2010.09.15 07:40:34.796,7.07685,7.07865,1.00,1.00
2010.09.15 07:40:35.604,7.07705,7.07865,1.00,1.00
2010.09.15 07:40:38.898,7.07705,7.0789,1.00,1.00
2010.09.15 07:40:39.125,7.07705,7.0788,1.00,1.00
2010.09.15 07:40:39.351,7.07705,7.079,1.00,1.00
2010.09.15 07:40:43.910,7.07715,7.079,1.00,1.00
2010.09.15 07:40:44.792,7.07705,7.07875,1.00,1.00
2010.09.15 07:40:45.453,7.07685,7.0786,1.00,1.00
2010.09.15 07:40:46.203,7.07715,7.07875,1.00,1.00
2010.09.15 07:40:46.955,7.07715,7.079,1.00,1.00
2010.09.15 07:40:47.283,7.07735,7.0792,1.00,1.00
2010.09.15 07:40:48.028,7.07735,7.079,1.00,1.00
2010.09.15 07:40:48.704,7.0775,7.0792,1.00,1.00
2010.09.15 07:40:49.031,7.0777,7.0793,1.00,1.00
2010.09.15 07:40:50.477,7.07755,7.0793,1.00,1.00
2010.09.15 07:40:53.347,7.07755,7.0793,1.00,1.00
2010.09.15 07:40:53.663,7.07745,7.0793,1.00,1.00
2010.09.15 07:40:54.367,7.07755,7.0793,1.00,1.00
2010.09.15 07:40:54.686,7.07765,7.0793,1.00,1.00
2010.09.15 07:40:55.216,7.07775,7.0793,1.00,1.00
2010.09.15 07:40:56.386,7.07785,7.0793,1.00,1.00
2010.09.15 07:40:56.696,7.0772,7.0793,1.00,1.00
2010.09.15 07:40:57.667,7.0773,7.0793,1.00,1.00
2010.09.15 07:40:59.667,7.0774,7.0793,1.00,1.00
2010.09.15 07:41:00.126,7.0773,7.0793,1.00,1.00
2010.09.15 07:41:00.784,7.0773,7.0795,1.00,1.00
2010.09.15 07:41:01.027,7.0774,7.07945,1.00,1.00
2010.09.15 07:41:01.253,7.0774,7.0796,1.00,1.00
2010.09.15 07:41:02.182,7.0773,7.07945,1.00,1.00
2010.09.15 07:41:02.836,7.07715,7.0792,1.00,1.00
2010.09.15 07:41:03.520,7.07685,7.0789,3.20,1.00
2010.09.15 07:41:03.788,7.0764,7.07855,1.00,1.00
2010.09.15 07:41:04.042,7.0766,7.07855,1.00,1.00
2010.09.15 07:41:06.133,7.0765,7.07855,1.00,1.00
2010.09.15 07:41:08.378,7.0766,7.07855,1.00,1.00
2010.09.15 07:41:10.018,7.0765,7.07855,1.00,1.00
2010.09.15 07:41:11.236,7.0763,7.07835,1.00,1.00
2010.09.15 07:41:11.455,7.0765,7.07835,1.00,1.00
2010.09.15 07:41:12.109,7.0765,7.07855,1.00,1.00
2010.09.15 07:41:12.465,7.0766,7.07855,1.00,1.00
2010.09.15 07:41:15.320,7.0768,7.0788,1.00,1.00
2010.09.15 07:41:15.408,7.0769,7.0791,1.00,4.00
2010.09.15 07:41:16.050,7.0769,7.0791,1.00,1.00
2010.09.15 07:41:16.153,7.0769,7.0789,1.00,1.00
2010.09.15 07:41:18.688,7.0768,7.0789,1.00,1.00
2010.09.15 07:41:19.368,7.0766,7.0787,4.00,1.00
2010.09.15 07:41:19.859,7.0766,7.07855,3.20,1.00
2010.09.15 07:41:20.069,7.0764,7.07855,1.00,1.00
2010.09.15 07:41:20.935,7.0764,7.07835,1.00,1.00
2010.09.15 07:41:22.341,7.07605,7.0782,1.00,1.00
2010.09.15 07:41:23.288,7.0762,7.07835,1.00,1.00
2010.09.15 07:41:23.568,7.0762,7.07835,1.00,1.00
2010.09.15 07:41:24.587,7.07645,7.07835,1.00,1.00
2010.09.15 07:41:25.948,7.07655,7.07835,1.00,1.00
2010.09.15 07:41:28.573,7.07665,7.07835,1.00,1.00
2010.09.15 07:41:29.646,7.07655,7.07835,1.00,1.00
2010.09.15 07:41:30.481,7.07645,7.07835,1.00,1.00
2010.09.15 07:41:32.460,7.07655,7.07835,1.00,1.00
2010.09.15 07:41:32.687,7.07665,7.07835,1.00,1.00
2010.09.15 07:41:35.707,7.07675,7.07835,1.00,1.00
2010.09.15 07:41:37.810,7.07665,7.07835,1.00,1.00
2010.09.15 07:41:38.480,7.07645,7.07835,1.00,1.00
2010.09.15 07:41:38.737,7.07655,7.07835,1.00,1.00
2010.09.15 07:41:40.650,7.07675,7.07835,1.00,1.00
2010.09.15 07:41:41.431,7.07665,7.07835,1.00,1.00
2010.09.15 07:41:41.598,7.07675,7.07835,1.00,1.00
2010.09.15 07:41:42.239,7.0767,7.07835,1.00,1.00
2010.09.15 07:41:43.319,7.07665,7.07835,1.00,1.00
2010.09.15 07:41:44.314,7.07665,7.07855,1.00,1.00
2010.09.15 07:41:45.763,7.07675,7.07855,1.00,1.00
2010.09.15 07:41:46.112,7.07685,7.07875,1.00,1.00
2010.09.15 07:41:46.338,7.07685,7.0787,1.00,1.00
2010.09.15 07:41:46.938,7.07675,7.0787,1.00,1.00
2010.09.15 07:41:47.170,7.07675,7.07875,1.00,1.00
2010.09.15 07:41:47.370,7.07675,7.0787,1.00,1.00
2010.09.15 07:41:48.466,7.07675,7.0787,1.00,1.00
2010.09.15 07:41:48.998,7.07685,7.0787,1.00,1.00
2010.09.15 07:41:49.292,7.0765,7.0787,1.00,1.00
2010.09.15 07:41:49.468,7.07675,7.0787,1.00,1.00
2010.09.15 07:41:52.429,7.07685,7.0787,1.00,1.00
2010.09.15 07:41:52.550,7.07695,7.07875,1.00,1.00
2010.09.15 07:41:53.197,7.07695,7.0787,1.00,1.00
2010.09.15 07:41:54.105,7.07695,7.07845,1.00,1.60
2010.09.15 07:41:55.544,7.07635,7.0781,1.00,1.00
2010.09.15 07:41:56.451,7.07625,7.0781,1.00,1.00
2010.09.15 07:42:00.162,7.07615,7.0781,1.00,1.00
2010.09.15 07:42:00.806,7.07625,7.0781,1.00,1.00
2010.09.15 07:42:02.954,7.07635,7.0782,1.00,1.00
2010.09.15 07:42:03.638,7.07635,7.07815,1.00,1.60
2010.09.15 07:42:04.374,7.07635,7.0782,1.00,1.00
2010.09.15 07:42:07.480,7.07605,7.07765,1.00,1.00
2010.09.15 07:42:08.375,7.07605,7.0779,1.00,1.00
2010.09.15 07:42:08.727,7.07615,7.07805,1.00,1.00
2010.09.15 07:42:09.840,7.07645,7.07805,1.00,1.00
2010.09.15 07:42:11.520,7.07665,7.0784,1.00,1.00
2010.09.15 07:42:12.013,7.07645,7.0784,1.00,1.00
2010.09.15 07:42:13.259,7.07675,7.07875,1.00,1.00
2010.09.15 07:42:13.609,7.07675,7.07875,1.00,2.40
2010.09.15 07:42:14.177,7.07675,7.07875,1.00,1.00
2010.09.15 07:42:14.369,7.07705,7.07875,1.00,1.00
2010.09.15 07:42:16.432,7.07695,7.07875,1.00,1.00
2010.09.15 07:42:17.347,7.07695,7.07865,1.00,1.00
2010.09.15 07:42:18.039,7.07705,7.07865,1.00,1.00
2010.09.15 07:42:18.301,7.07805,7.07865,1.00,1.00
2010.09.15 07:42:18.565,7.07705,7.079,1.00,1.00
2010.09.15 07:42:18.819,7.0775,7.079,1.00,1.00
2010.09.15 07:42:21.094,7.07765,7.079,1.00,1.00
2010.09.15 07:42:22.513,7.07735,7.079,1.00,1.00
2010.09.15 07:42:22.862,7.07715,7.079,1.00,1.00
2010.09.15 07:42:25.822,7.07745,7.0794,1.00,1.00
2010.09.15 07:42:26.440,7.07765,7.0794,1.00,1.00
2010.09.15 07:42:26.795,7.0777,7.0796,1.00,1.00
2010.09.15 07:42:28.763,7.0781,7.0801,1.00,1.00
2010.09.15 07:42:29.521,7.0783,7.0801,1.00,1.00
2010.09.15 07:42:32.544,7.07835,7.0803,1.00,1.00
2010.09.15 07:42:33.683,7.0786,7.0805,1.00,1.00
2010.09.15 07:42:34.032,7.0787,7.0805,1.00,1.00
2010.09.15 07:42:35.175,7.0787,7.0805,1.00,1.00
2010.09.15 07:42:35.519,7.0787,7.0805,1.00,1.00
2010.09.15 07:42:36.772,7.0787,7.08065,1.00,1.00
2010.09.15 07:42:37.796,7.0787,7.0807,1.00,1.00
2010.09.15 07:42:38.145,7.079,7.0808,1.00,1.00
2010.09.15 07:42:38.492,7.079,7.08085,1.00,1.00
2010.09.15 07:42:39.195,7.07895,7.08085,1.00,1.00
2010.09.15 07:42:39.495,7.07885,7.0806,1.00,1.00
2010.09.15 07:42:43.180,7.07895,7.0806,1.00,1.00
2010.09.15 07:42:43.584,7.07895,7.08085,1.00,1.00
2010.09.15 07:42:43.942,7.07905,7.08105,1.00,1.00
2010.09.15 07:42:44.295,7.07915,7.08105,1.00,1.00
2010.09.15 07:42:45.080,7.07925,7.08105,1.00,1.00
2010.09.15 07:42:45.434,7.07935,7.08105,1.00,1.00
2010.09.15 07:42:47.861,7.0793,7.08105,1.00,1.00
2010.09.15 07:42:48.145,7.0794,7.08125,1.00,1.00
2010.09.15 07:42:48.424,7.0796,7.0816,1.00,1.00
2010.09.15 07:42:48.919,7.0796,7.0816,1.00,1.00
2010.09.15 07:42:49.278,7.0796,7.0816,1.00,1.00
2010.09.15 07:42:49.626,7.07955,7.0814,1.00,1.00
2010.09.15 07:42:51.028,7.07955,7.0815,1.00,1.00
2010.09.15 07:42:51.270,7.0796,7.0816,1.00,1.00
2010.09.15 07:42:51.823,7.0798,7.0816,1.00,1.00
2010.09.15 07:42:55.788,7.0798,7.0816,1.00,1.00
2010.09.15 07:42:56.341,7.0798,7.08185,1.00,1.60
2010.09.15 07:42:56.656,7.08025,7.0821,1.00,1.00
2010.09.15 07:42:58.085,7.0804,7.0821,1.00,1.00
2010.09.15 07:42:58.516,7.0804,7.0825,1.00,1.00
2010.09.15 07:42:58.869,7.0811,7.08325,1.00,1.00
2010.09.15 07:42:59.613,7.08105,7.08305,1.00,2.40
2010.09.15 07:42:59.966,7.08125,7.0828,1.00,1.00
2010.09.15 07:43:00.720,7.08125,7.083,1.00,1.00
2010.09.15 07:43:01.079,7.0813,7.08305,1.00,1.00
2010.09.15 07:43:01.430,7.08125,7.08305,1.00,1.00
2010.09.15 07:43:02.880,7.08105,7.08305,1.00,3.20
2010.09.15 07:43:03.312,7.08105,7.0828,1.00,1.00
2010.09.15 07:43:04.014,7.0814,7.08305,3.20,1.00
2010.09.15 07:43:04.331,7.08145,7.0834,1.00,1.00
2010.09.15 07:43:04.815,7.0814,7.0834,3.20,1.00
2010.09.15 07:43:05.137,7.0815,7.0833,1.00,1.00
2010.09.15 07:43:06.433,7.08085,7.08305,3.20,1.00
2010.09.15 07:43:06.699,7.08145,7.08305,1.00,1.00
2010.09.15 07:43:08.802,7.0822,7.08285,1.00,1.00
2010.09.15 07:43:09.161,7.08175,7.08285,1.00,1.00
2010.09.15 07:43:10.196,7.08185,7.08285,1.00,1.00
2010.09.15 07:43:11.018,7.08185,7.0831,1.00,1.00
2010.09.15 07:43:11.654,7.08215,7.08335,1.00,1.00
2010.09.15 07:43:11.954,7.0831,7.08495,1.00,1.00
2010.09.15 07:43:12.254,7.08305,7.08495,1.00,1.00
2010.09.15 07:43:13.266,7.08335,7.0848,1.00,1.00
2010.09.15 07:43:14.681,7.0834,7.0848,1.00,1.00
2010.09.15 07:43:15.029,7.08335,7.0848,1.00,1.00
2010.09.15 07:43:15.326,7.0835,7.08525,1.00,1.00
2010.09.15 07:43:16.036,7.08385,7.0853,1.00,1.00
2010.09.15 07:43:16.701,7.0834,7.08495,1.00,1.00
2010.09.15 07:43:17.557,7.0833,7.08475,1.00,1.00
2010.09.15 07:43:17.796,7.08305,7.08475,1.00,1.00
2010.09.15 07:43:18.438,7.08325,7.08505,1.00,1.60
2010.09.15 07:43:18.787,7.0834,7.08515,1.00,1.00
2010.09.15 07:43:19.863,7.0836,7.0855,1.00,1.00
2010.09.15 07:43:20.551,7.0836,7.08545,1.00,1.60
2010.09.15 07:43:20.794,7.08365,7.0855,1.00,1.00
2010.09.15 07:43:21.432,7.08375,7.0856,1.00,1.00
2010.09.15 07:43:21.675,7.08365,7.0855,1.00,1.00
2010.09.15 07:43:23.094,7.08365,7.0855,1.00,1.00
2010.09.15 07:43:26.336,7.08345,7.0853,1.00,1.00
2010.09.15 07:43:26.540,7.08345,7.0853,1.00,1.00
2010.09.15 07:43:26.748,7.08345,7.0854,1.00,1.00
2010.09.15 07:43:26.946,7.08355,7.0854,1.00,1.00
2010.09.15 07:43:28.871,7.08375,7.0854,1.00,1.00
2010.09.15 07:43:29.569,7.08375,7.08545,1.00,1.00
2010.09.15 07:43:29.812,7.08355,7.08545,1.00,1.00
2010.09.15 07:43:30.066,7.08365,7.0856,1.00,1.00
2010.09.15 07:43:30.314,7.08365,7.08565,1.00,1.00
2010.09.15 07:43:30.963,7.08385,7.08565,1.00,1.00
2010.09.15 07:43:31.313,7.0845,7.08615,1.00,1.60
2010.09.15 07:43:31.663,7.0851,7.0866,1.00,1.00
2010.09.15 07:43:33.394,7.08495,7.08645,1.00,1.60
2010.09.15 07:43:33.741,7.08495,7.08665,1.00,1.60
2010.09.15 07:43:34.480,7.08515,7.08655,1.00,1.60
2010.09.15 07:43:34.844,7.085,7.08655,1.00,1.60
2010.09.15 07:43:35.192,7.085,7.08665,1.00,1.60
2010.09.15 07:43:36.346,7.084,7.08635,1.00,1.60
2010.09.15 07:43:36.693,7.08415,7.08635,1.00,1.60
2010.09.15 07:43:37.409,7.08435,7.08655,1.00,1.60
2010.09.15 07:43:37.755,7.08435,7.08655,4.20,1.60
2010.09.15 07:43:38.984,7.08435,7.0866,4.20,1.00
2010.09.15 07:43:39.197,7.0842,7.0864,1.00,1.00
2010.09.15 07:43:39.600,7.0841,7.0864,1.00,1.00
2010.09.15 07:43:43.637,7.08455,7.08665,1.00,1.60
2010.09.15 07:43:43.941,7.08455,7.08675,1.00,1.60
2010.09.15 07:43:45.064,7.0844,7.0866,1.00,1.00
2010.09.15 07:43:45.732,7.08455,7.08665,1.00,1.60
2010.09.15 07:43:46.252,7.08455,7.08675,1.00,1.60
2010.09.15 07:43:46.642,7.08455,7.08685,1.00,1.00
2010.09.15 07:43:47.414,7.08505,7.08735,4.00,1.00
2010.09.15 07:43:47.753,7.08395,7.08675,1.00,1.60
2010.09.15 07:43:49.579,7.0842,7.08675,1.00,1.60
2010.09.15 07:43:50.672,7.08415,7.0867,1.00,1.00
2010.09.15 07:43:50.855,7.084,7.0867,1.00,1.00
2010.09.15 07:43:51.974,7.084,7.0866,1.00,1.00
2010.09.15 07:43:53.791,7.08415,7.0866,1.00,1.00
2010.09.15 07:43:54.118,7.08415,7.0867,1.00,1.00
2010.09.15 07:43:54.437,7.0842,7.0868,1.00,1.00
2010.09.15 07:43:55.827,7.0843,7.0869,1.00,1.00
2010.09.15 07:43:56.457,7.0844,7.08695,1.00,1.80
2010.09.15 07:43:56.976,7.0843,7.0869,1.00,1.00
2010.09.15 07:43:57.545,7.0844,7.08695,1.00,1.80
2010.09.15 07:43:58.834,7.0844,7.08695,1.00,1.00
2010.09.15 07:43:59.186,7.0845,7.0871,1.00,1.00
2010.09.15 07:43:59.389,7.0846,7.08715,1.00,1.00
2010.09.15 07:44:00.190,7.0845,7.08695,1.00,1.00
2010.09.15 07:44:00.819,7.0844,7.08695,1.00,1.00
2010.09.15 07:44:01.965,7.0847,7.08695,1.00,1.00
2010.09.15 07:44:02.217,7.0847,7.08695,1.00,1.00
2010.09.15 07:44:02.789,7.0849,7.08695,1.00,1.00
2010.09.15 07:44:03.144,7.0847,7.08695,1.00,1.00
2010.09.15 07:44:03.491,7.0847,7.08695,1.00,1.00
2010.09.15 07:44:06.675,7.0847,7.08695,1.00,1.00
2010.09.15 07:44:08.245,7.0847,7.08695,1.00,1.00
2010.09.15 07:44:09.776,7.0847,7.08695,1.00,1.00
2010.09.15 07:44:11.266,7.0847,7.08695,1.00,1.00
2010.09.15 07:44:11.660,7.0849,7.08695,1.00,1.00
2010.09.15 07:44:11.758,7.085,7.08695,1.00,1.00
2010.09.15 07:44:12.648,7.0851,7.0871,1.00,1.00
2010.09.15 07:44:12.965,7.08525,7.0875,1.00,1.00
2010.09.15 07:44:15.056,7.085,7.0871,1.00,1.00
2010.09.15 07:44:15.312,7.08505,7.0873,1.00,1.00
2010.09.15 07:44:16.621,7.08505,7.0873,1.00,1.00
2010.09.15 07:44:16.974,7.0853,7.08755,1.00,1.00
2010.09.15 07:44:17.734,7.0854,7.08755,1.00,1.00
2010.09.15 07:44:18.079,7.0853,7.08755,1.00,1.00
2010.09.15 07:44:18.432,7.0854,7.08755,1.00,1.00
2010.09.15 07:44:19.511,7.0853,7.08755,1.00,1.00
2010.09.15 07:44:20.566,7.08525,7.08755,1.00,1.00
2010.09.15 07:44:24.428,7.0853,7.08755,1.00,1.00
2010.09.15 07:44:25.988,7.0854,7.08755,1.00,1.00
2010.09.15 07:44:29.010,7.0855,7.08755,1.00,1.00
2010.09.15 07:44:29.156,7.0853,7.08755,1.00,1.00
2010.09.15 07:44:29.548,7.08525,7.08755,1.00,1.00
2010.09.15 07:44:29.680,7.08525,7.0873,1.00,1.00
2010.09.15 07:44:29.819,7.0851,7.0873,1.00,1.00
2010.09.15 07:44:30.661,7.085,7.0871,1.00,1.00
2010.09.15 07:44:32.473,7.0851,7.0871,1.00,1.00
2010.09.15 07:44:33.782,7.0852,7.0871,1.00,1.00
2010.09.15 07:44:34.064,7.0853,7.0871,1.00,1.00
2010.09.15 07:44:34.747,7.0853,7.0875,1.00,1.00
2010.09.15 07:44:35.430,7.08525,7.0875,1.00,1.00
2010.09.15 07:44:37.326,7.0853,7.0875,1.00,1.00
2010.09.15 07:44:38.309,7.0855,7.0875,1.00,1.00
2010.09.15 07:44:38.659,7.0854,7.0875,1.00,1.00
2010.09.15 07:44:39.823,7.0852,7.0873,1.00,1.00
2010.09.15 07:44:40.028,7.0851,7.0873,1.00,1.00
2010.09.15 07:44:41.135,7.08525,7.0873,1.00,1.00
2010.09.15 07:44:41.414,7.08525,7.08755,1.00,1.00
2010.09.15 07:44:43.129,7.0853,7.08735,1.00,1.00
2010.09.15 07:44:43.628,7.08525,7.08735,1.00,1.00
2010.09.15 07:44:45.850,7.08525,7.0872,1.00,1.00
2010.09.15 07:44:46.025,7.08505,7.0872,3.20,1.00
2010.09.15 07:44:46.531,7.08505,7.08715,3.20,1.00
2010.09.15 07:44:46.824,7.08485,7.08695,1.00,1.00
2010.09.15 07:44:47.121,7.08485,7.08695,1.00,1.00
2010.09.15 07:44:47.813,7.085,7.08715,1.00,1.00
2010.09.15 07:44:48.497,7.0849,7.08715,1.00,1.00
2010.09.15 07:44:49.232,7.085,7.08725,1.00,1.00
2010.09.15 07:44:49.864,7.0854,7.08725,1.00,1.00
2010.09.15 07:44:50.430,7.0856,7.08765,1.00,1.00
2010.09.15 07:44:50.791,7.0854,7.08745,1.00,1.00
2010.09.15 07:44:51.139,7.0854,7.08745,1.00,1.00
2010.09.15 07:44:51.993,7.0855,7.08745,1.00,1.00
2010.09.15 07:44:53.529,7.0854,7.08725,1.00,1.00
2010.09.15 07:44:53.753,7.0855,7.08725,1.00,1.00
2010.09.15 07:44:54.334,7.0855,7.0874,1.00,1.00
2010.09.15 07:45:00.230,7.0856,7.0874,1.00,1.00
2010.09.15 07:45:01.163,7.0855,7.0874,1.00,1.00
2010.09.15 07:45:03.800,7.0855,7.08715,1.00,1.60
2010.09.15 07:45:04.274,7.08625,7.0886,1.00,1.00
2010.09.15 07:45:04.513,7.08625,7.08875,1.00,1.00
2010.09.15 07:45:05.565,7.0863,7.08855,1.00,1.00
2010.09.15 07:45:05.907,7.0864,7.0887,1.00,1.00
2010.09.15 07:45:06.663,7.0864,7.0887,1.00,1.00
2010.09.15 07:45:07.441,7.0863,7.08855,3.20,1.00
2010.09.15 07:45:07.631,7.086,7.0878,1.00,1.00
2010.09.15 07:45:07.980,7.0858,7.0878,1.00,1.00
2010.09.15 07:45:08.731,7.0858,7.08805,1.00,1.00
2010.09.15 07:45:09.078,7.0859,7.08805,1.00,1.00
2010.09.15 07:45:10.047,7.0859,7.08805,1.00,1.00
2010.09.15 07:45:10.555,7.0859,7.08805,1.00,1.60
2010.09.15 07:45:11.204,7.086,7.0882,1.00,1.00
2010.09.15 07:45:11.558,7.0862,7.0882,1.00,1.00
2010.09.15 07:45:17.344,7.0861,7.0882,1.00,1.00
2010.09.15 07:45:20.853,7.08595,7.0881,1.00,1.00
2010.09.15 07:45:21.070,7.0859,7.08805,1.00,1.00
2010.09.15 07:45:24.001,7.0858,7.088,1.00,1.00
2010.09.15 07:45:24.140,7.0856,7.0878,1.00,1.00
2010.09.15 07:45:24.912,7.08555,7.0877,1.00,1.00
2010.09.15 07:45:25.047,7.08555,7.0877,1.00,1.00
2010.09.15 07:45:25.782,7.0849,7.08695,1.00,1.00
2010.09.15 07:45:26.131,7.085,7.08695,1.00,1.00
2010.09.15 07:45:26.451,7.0853,7.08715,1.00,1.00
2010.09.15 07:45:27.176,7.08615,7.0892,1.60,1.00
2010.09.15 07:45:27.523,7.0867,7.08905,3.20,1.00
2010.09.15 07:45:28.304,7.08645,7.08865,3.20,1.00
2010.09.15 07:45:30.230,7.0865,7.08865,1.00,1.00
2010.09.15 07:45:30.538,7.0865,7.08865,1.00,1.00
2010.09.15 07:45:31.271,7.0866,7.08905,1.00,1.00
2010.09.15 07:45:31.579,7.0866,7.08905,3.20,1.00
2010.09.15 07:45:31.887,7.0867,7.08905,1.00,1.00
2010.09.15 07:45:34.089,7.0868,7.08905,1.00,1.00
2010.09.15 07:45:35.518,7.0869,7.08905,1.00,1.00
2010.09.15 07:45:35.999,7.0868,7.08905,1.00,1.00
2010.09.15 07:45:36.242,7.0867,7.08905,1.00,1.00
2010.09.15 07:45:36.974,7.0865,7.0887,1.00,1.00
2010.09.15 07:45:39.778,7.0866,7.0887,1.00,1.00
2010.09.15 07:45:40.116,7.0865,7.0885,1.00,1.00
2010.09.15 07:45:41.365,7.0866,7.0887,1.00,1.00
2010.09.15 07:45:41.651,7.0866,7.0889,1.00,1.00
2010.09.15 07:45:42.334,7.0866,7.0887,1.00,1.00
2010.09.15 07:45:42.690,7.0869,7.08895,1.00,1.00
2010.09.15 07:45:43.045,7.08665,7.08895,1.00,1.00
2010.09.15 07:45:43.794,7.0865,7.0887,1.00,1.00
2010.09.15 07:45:46.377,7.0866,7.0887,1.00,1.00
2010.09.15 07:45:48.286,7.0867,7.0887,1.00,1.00
2010.09.15 07:45:49.448,7.0866,7.0887,1.00,1.00
2010.09.15 07:45:49.758,7.0867,7.08875,1.00,1.00
2010.09.15 07:45:50.497,7.0866,7.0887,1.00,1.00
2010.09.15 07:45:51.977,7.0866,7.0887,1.00,1.00
2010.09.15 07:45:54.205,7.0867,7.0887,1.00,1.00
2010.09.15 07:45:54.505,7.0867,7.0887,1.00,1.00
2010.09.15 07:45:57.743,7.0868,7.08885,1.00,1.00
2010.09.15 07:45:58.350,7.0869,7.08885,1.00,1.00
2010.09.15 07:45:59.135,7.0866,7.0887,1.00,1.00
2010.09.15 07:46:00.753,7.0866,7.08855,1.00,1.00
2010.09.15 07:46:02.470,7.08655,7.08805,1.00,1.00
2010.09.15 07:46:02.757,7.08555,7.08795,1.00,1.00
2010.09.15 07:46:04.580,7.0862,7.08825,1.00,1.00
2010.09.15 07:46:05.336,7.086,7.088,1.00,1.00
2010.09.15 07:46:06.811,7.0861,7.0881,1.00,1.00
2010.09.15 07:46:07.164,7.0862,7.0881,1.00,1.00
2010.09.15 07:46:09.085,7.0862,7.088,1.00,1.00
2010.09.15 07:46:09.434,7.0867,7.08855,1.00,1.00
2010.09.15 07:46:10.292,7.0868,7.0889,1.00,1.00
2010.09.15 07:46:10.640,7.0869,7.08885,1.00,1.00
2010.09.15 07:46:11.394,7.0869,7.0889,1.00,1.00
2010.09.15 07:46:11.686,7.08735,7.0891,1.00,1.00
2010.09.15 07:46:11.970,7.08735,7.08925,1.00,1.00
2010.09.15 07:46:12.261,7.0869,7.08895,1.00,1.00
2010.09.15 07:46:13.028,7.0867,7.08895,1.00,1.00
2010.09.15 07:46:13.389,7.08665,7.08875,2.40,1.00
2010.09.15 07:46:13.738,7.08665,7.08875,1.00,1.00
2010.09.15 07:46:14.058,7.0867,7.08875,1.00,1.00
2010.09.15 07:46:14.932,7.0867,7.08875,1.00,1.00
2010.09.15 07:46:15.270,7.0867,7.08875,1.00,1.00
2010.09.15 07:46:19.389,7.08695,7.0888,1.00,1.00
2010.09.15 07:46:19.581,7.0871,7.08925,1.00,1.00
2010.09.15 07:46:19.949,7.0873,7.08925,1.00,1.00
2010.09.15 07:46:20.713,7.08735,7.08925,1.00,1.00
2010.09.15 07:46:21.063,7.08735,7.08945,1.00,1.00
2010.09.15 07:46:21.413,7.0875,7.08955,1.00,1.00
2010.09.15 07:46:22.389,7.0876,7.08955,1.00,1.00
2010.09.15 07:46:22.958,7.0877,7.08955,1.00,1.00
2010.09.15 07:46:26.777,7.0876,7.0894,1.00,1.00
2010.09.15 07:46:27.675,7.0872,7.0894,1.00,1.00
2010.09.15 07:46:27.920,7.0872,7.0893,1.00,1.00
2010.09.15 07:46:28.173,7.0873,7.0893,1.00,1.00
2010.09.15 07:46:28.928,7.0873,7.0894,1.00,1.00
2010.09.15 07:46:29.499,7.0873,7.0894,1.00,1.00
2010.09.15 07:46:30.388,7.0874,7.08945,1.00,1.00
2010.09.15 07:46:30.579,7.0874,7.0895,1.00,1.00
2010.09.15 07:46:30.768,7.0874,7.08935,1.00,1.00
2010.09.15 07:46:31.222,7.0873,7.08935,1.00,1.00
2010.09.15 07:46:31.422,7.0877,7.08935,1.00,1.00
2010.09.15 07:46:32.183,7.0879,7.0896,1.00,1.00
2010.09.15 07:46:32.888,7.088,7.0899,1.00,1.00
2010.09.15 07:46:33.639,7.0883,7.09005,1.00,1.00
2010.09.15 07:46:35.615,7.0882,7.09005,1.00,1.00
2010.09.15 07:46:38.530,7.088,7.09,1.00,1.00
2010.09.15 07:46:39.304,7.0879,7.0899,1.00,1.00
2010.09.15 07:46:39.654,7.0878,7.0898,1.00,1.00
2010.09.15 07:46:39.999,7.0878,7.0898,1.00,1.00
2010.09.15 07:46:40.761,7.0878,7.0898,1.00,1.00
2010.09.15 07:46:40.990,7.0879,7.0899,1.00,1.00
2010.09.15 07:46:42.002,7.08775,7.0899,3.20,1.00
2010.09.15 07:46:42.252,7.0874,7.08945,1.00,1.00
2010.09.15 07:46:42.498,7.0872,7.08945,1.00,1.00
2010.09.15 07:46:43.150,7.0874,7.0894,1.00,1.00
2010.09.15 07:46:44.364,7.0875,7.0894,1.00,1.00
2010.09.15 07:46:45.049,7.0872,7.0894,3.20,1.00
2010.09.15 07:46:45.463,7.0872,7.08925,3.20,1.00
2010.09.15 07:46:45.810,7.087,7.08915,1.00,1.00
2010.09.15 07:46:46.160,7.087,7.0891,1.00,1.00
2010.09.15 07:46:47.402,7.0867,7.0889,1.00,1.00
2010.09.15 07:46:47.611,7.08635,7.0883,1.00,1.00
2010.09.15 07:46:49.039,7.08635,7.0882,1.00,1.00
2010.09.15 07:46:49.824,7.08635,7.08825,1.00,1.00
2010.09.15 07:46:50.167,7.0864,7.08825,1.00,1.00
2010.09.15 07:46:50.506,7.08635,7.08825,1.00,1.00
2010.09.15 07:46:53.065,7.0866,7.08825,1.00,1.00
2010.09.15 07:46:53.282,7.0866,7.0885,1.00,1.00
2010.09.15 07:46:53.495,7.0867,7.0885,1.00,1.00
2010.09.15 07:46:54.606,7.0868,7.0885,1.00,1.00
2010.09.15 07:46:55.450,7.0867,7.0886,1.00,1.00
2010.09.15 07:46:55.735,7.0866,7.0886,1.00,1.00
2010.09.15 07:46:56.024,7.0865,7.08845,1.00,1.00
2010.09.15 07:46:57.839,7.08615,7.08835,1.00,1.00
2010.09.15 07:46:58.262,7.08615,7.08845,1.00,1.00
2010.09.15 07:46:58.525,7.0863,7.08825,1.00,1.00
2010.09.15 07:46:58.791,7.0863,7.08835,1.00,1.00
2010.09.15 07:47:00.630,7.0866,7.08835,1.00,1.00
2010.09.15 07:47:01.182,7.08675,7.08835,1.00,1.00
2010.09.15 07:47:01.803,7.08695,7.0894,1.00,1.00
2010.09.15 07:47:02.151,7.08695,7.08915,1.00,1.00
2010.09.15 07:47:02.500,7.0872,7.0894,1.00,1.00
2010.09.15 07:47:03.421,7.0873,7.0892,1.00,1.00
2010.09.15 07:47:04.466,7.0874,7.0892,1.00,1.00
2010.09.15 07:47:05.135,7.0875,7.0892,1.00,1.00
2010.09.15 07:47:05.415,7.0874,7.0892,1.00,1.00
2010.09.15 07:47:05.656,7.087,7.0892,1.00,1.00
2010.09.15 07:47:06.350,7.087,7.089,1.00,1.00
2010.09.15 07:47:09.136,7.0871,7.089,1.00,1.00
2010.09.15 07:47:09.405,7.0873,7.0892,1.00,1.00
2010.09.15 07:47:09.752,7.0874,7.0892,1.00,1.00
2010.09.15 07:47:12.399,7.0874,7.0892,1.00,1.00
2010.09.15 07:47:12.849,7.0876,7.0892,1.00,1.00
2010.09.15 07:47:13.180,7.0881,7.0897,1.00,1.00
2010.09.15 07:47:13.502,7.0881,7.09,1.00,1.00
2010.09.15 07:47:14.420,7.0883,7.09,1.00,1.00
2010.09.15 07:47:14.768,7.0882,7.0902,1.00,1.00
2010.09.15 07:47:15.119,7.08885,7.0902,1.00,1.00
2010.09.15 07:47:15.620,7.08885,7.09045,1.00,1.00
2010.09.15 07:47:15.976,7.08935,7.09155,1.00,1.00
2010.09.15 07:47:16.325,7.08955,7.09105,1.00,1.00
2010.09.15 07:47:17.009,7.089,7.09085,1.00,1.00
2010.09.15 07:47:18.333,7.089,7.09065,1.00,1.00
2010.09.15 07:47:18.997,7.089,7.09065,1.00,1.00
2010.09.15 07:47:19.926,7.0891,7.09065,1.00,1.00
2010.09.15 07:47:20.718,7.089,7.09065,1.00,1.00
2010.09.15 07:47:21.079,7.08925,7.09085,1.00,1.00
2010.09.15 07:47:21.224,7.0892,7.09085,1.00,1.00
2010.09.15 07:47:25.255,7.0891,7.09065,1.00,1.00
2010.09.15 07:47:25.538,7.0891,7.09065,1.00,1.00
2010.09.15 07:47:25.816,7.089,7.09065,1.00,1.00
2010.09.15 07:47:26.098,7.0887,7.0905,1.00,1.00
2010.09.15 07:47:27.299,7.0887,7.0905,1.00,1.00
2010.09.15 07:47:30.070,7.0887,7.09065,1.00,1.60
2010.09.15 07:47:30.503,7.08875,7.09065,1.00,1.60
2010.09.15 07:47:30.671,7.0893,7.09135,1.00,1.60
2010.09.15 07:47:32.892,7.0895,7.09135,1.00,1.60
2010.09.15 07:47:33.398,7.0895,7.0915,1.00,1.00
2010.09.15 07:47:33.544,7.0897,7.0915,1.00,1.00
2010.09.15 07:47:33.680,7.0898,7.0915,1.00,1.00
2010.09.15 07:47:34.034,7.09,7.09185,1.00,1.60
2010.09.15 07:47:34.996,7.0902,7.09185,1.00,1.60
2010.09.15 07:47:35.249,7.0903,7.09205,1.00,1.60
2010.09.15 07:47:35.509,7.0903,7.09215,1.00,1.60
2010.09.15 07:47:36.187,7.0904,7.09205,1.00,1.60
2010.09.15 07:47:36.537,7.0902,7.092,1.00,1.00
2010.09.15 07:47:37.062,7.0899,7.092,1.00,1.00
2010.09.15 07:47:37.416,7.0898,7.0916,1.00,1.00
2010.09.15 07:47:38.475,7.0902,7.09205,1.00,2.40
2010.09.15 07:47:38.825,7.0903,7.09205,1.00,2.40
2010.09.15 07:47:39.571,7.0903,7.09205,1.00,1.00
2010.09.15 07:47:40.259,7.0902,7.09205,1.00,1.00
2010.09.15 07:47:40.884,7.09,7.09205,1.00,1.00
2010.09.15 07:47:41.135,7.09,7.0918,1.00,1.00
2010.09.15 07:47:41.369,7.0899,7.0918,1.00,1.00
2010.09.15 07:47:41.722,7.0897,7.0916,1.00,1.00
2010.09.15 07:47:42.514,7.0897,7.0916,1.00,1.00
2010.09.15 07:47:42.997,7.0896,7.0916,1.00,1.00
2010.09.15 07:47:43.991,7.0895,7.0916,1.00,1.00
2010.09.15 07:47:44.345,7.08895,7.09075,3.20,1.00
2010.09.15 07:47:44.992,7.0889,7.09075,1.00,1.00
2010.09.15 07:47:45.312,7.0889,7.0904,1.00,1.00
2010.09.15 07:47:45.928,7.0889,7.0904,1.00,1.00
2010.09.15 07:47:47.539,7.0886,7.0904,1.00,1.00
2010.09.15 07:47:48.511,7.0888,7.0904,1.00,1.00
2010.09.15 07:47:48.837,7.0888,7.09035,1.00,1.00
2010.09.15 07:47:52.257,7.0886,7.0904,1.00,1.00
2010.09.15 07:47:52.933,7.0888,7.09025,1.00,1.00
2010.09.15 07:47:53.221,7.08875,7.0905,1.00,1.00
2010.09.15 07:47:53.509,7.08895,7.091,4.00,1.00
2010.09.15 07:47:53.946,7.08915,7.091,1.00,1.00
2010.09.15 07:47:54.640,7.08915,7.09115,1.00,1.00
2010.09.15 07:47:54.988,7.0891,7.09115,1.00,1.00
2010.09.15 07:47:55.300,7.0891,7.09125,1.00,1.00
2010.09.15 07:47:56.150,7.0892,7.0912,1.00,1.00
2010.09.15 07:47:56.360,7.0891,7.0912,1.00,1.00
2010.09.15 07:47:56.573,7.0887,7.0908,3.20,1.00
2010.09.15 07:47:57.166,7.08855,7.09055,1.00,1.00
2010.09.15 07:47:57.496,7.08825,7.08995,1.00,1.00
2010.09.15 07:47:57.808,7.08825,7.08985,1.00,1.00
2010.09.15 07:47:58.834,7.08825,7.09,1.00,1.00
2010.09.15 07:47:59.171,7.08825,7.08995,1.00,1.00
2010.09.15 07:47:59.499,7.08825,7.09005,1.00,1.00
2010.09.15 07:48:00.520,7.0879,7.0897,1.00,1.00
2010.09.15 07:48:03.073,7.0877,7.0896,1.00,1.00
2010.09.15 07:48:03.627,7.0877,7.08955,1.00,1.00
2010.09.15 07:48:05.904,7.0879,7.08955,1.00,1.00
2010.09.15 07:48:06.165,7.08815,7.09,1.00,1.00
2010.09.15 07:48:06.426,7.08845,7.0901,1.00,1.00
2010.09.15 07:48:08.423,7.08825,7.08995,1.00,1.00
2010.09.15 07:48:08.773,7.08845,7.09015,1.00,1.00
2010.09.15 07:48:09.568,7.08865,7.0902,1.00,1.00
2010.09.15 07:48:10.934,7.08845,7.0902,1.00,1.00
2010.09.15 07:48:11.207,7.08845,7.09025,1.00,1.00
2010.09.15 07:48:11.884,7.08825,7.09025,1.00,1.00
2010.09.15 07:48:12.236,7.0879,7.08995,1.00,1.00
2010.09.15 07:48:13.355,7.08815,7.09025,1.00,3.20
2010.09.15 07:48:13.705,7.08815,7.09005,1.00,1.00
2010.09.15 07:48:14.441,7.08815,7.09,1.00,1.00
2010.09.15 07:48:14.790,7.08815,7.0899,1.00,1.00
2010.09.15 07:48:15.140,7.0879,7.0897,1.00,1.00
2010.09.15 07:48:15.817,7.0879,7.08965,1.00,1.00
2010.09.15 07:48:20.498,7.08815,7.08985,1.00,1.00
2010.09.15 07:48:20.793,7.08815,7.08995,1.00,1.00
2010.09.15 07:48:21.848,7.08815,7.09,1.00,1.00
2010.09.15 07:48:23.382,7.08815,7.08985,1.00,1.00
2010.09.15 07:48:23.718,7.0879,7.0896,1.00,1.00
2010.09.15 07:48:28.290,7.0879,7.08965,1.00,1.00
2010.09.15 07:48:28.984,7.08815,7.0898,1.00,1.00
2010.09.15 07:48:30.075,7.08815,7.08995,1.00,1.00
2010.09.15 07:48:30.367,7.0901,7.09225,3.20,1.00
2010.09.15 07:48:30.930,7.09005,7.093,3.20,1.00
2010.09.15 07:48:32.312,7.0905,7.09275,1.00,1.00
2010.09.15 07:48:33.338,7.0906,7.09275,1.00,1.00
2010.09.15 07:48:34.362,7.0907,7.09275,1.00,1.00
2010.09.15 07:48:34.704,7.0906,7.09275,1.00,1.00
2010.09.15 07:48:35.243,7.0907,7.09275,1.00,1.00
2010.09.15 07:48:35.592,7.0906,7.09275,1.00,1.00
2010.09.15 07:48:38.213,7.0907,7.09275,1.00,1.00
2010.09.15 07:48:40.754,7.0903,7.0926,1.00,1.00
2010.09.15 07:48:41.033,7.0902,7.0925,1.00,1.00
2010.09.15 07:48:42.189,7.0903,7.0925,1.00,1.00
2010.09.15 07:48:42.550,7.0902,7.0925,1.00,1.00
2010.09.15 07:48:43.030,7.0902,7.0925,1.00,1.00
2010.09.15 07:48:43.386,7.0896,7.0918,1.00,1.00
2010.09.15 07:48:43.758,7.0895,7.0918,1.10,1.00
2010.09.15 07:48:44.245,7.08945,7.0918,3.20,1.00
2010.09.15 07:48:44.933,7.0896,7.09165,1.00,1.00
2010.09.15 07:48:45.767,7.09015,7.0919,1.00,1.00
2010.09.15 07:48:47.110,7.09015,7.09205,1.00,1.00
2010.09.15 07:48:47.675,7.09015,7.0921,1.00,1.00
2010.09.15 07:48:49.199,7.09015,7.09205,1.00,1.00
2010.09.15 07:48:49.449,7.09015,7.09215,1.00,1.00
2010.09.15 07:48:49.700,7.09065,7.09255,1.00,1.00
2010.09.15 07:48:50.351,7.09125,7.0929,1.00,1.00
2010.09.15 07:48:50.712,7.09105,7.09315,1.00,1.00
2010.09.15 07:48:51.441,7.09105,7.0933,1.00,1.00
2010.09.15 07:48:51.799,7.09155,7.0936,1.00,1.00
2010.09.15 07:48:52.551,7.09145,7.0936,1.00,1.00
2010.09.15 07:48:52.905,7.0917,7.09375,1.00,1.00
2010.09.15 07:48:53.969,7.0917,7.0938,1.00,1.00
2010.09.15 07:48:54.553,7.0917,7.09375,1.00,1.00
2010.09.15 07:48:55.188,7.0913,7.09355,1.00,1.00
2010.09.15 07:48:55.424,7.0914,7.09355,1.00,1.00
2010.09.15 07:48:55.752,7.0914,7.0936,1.00,1.00
2010.09.15 07:48:56.142,7.0915,7.0936,1.00,1.00
2010.09.15 07:48:58.678,7.0914,7.0936,1.00,1.00
2010.09.15 07:48:58.944,7.091,7.09315,1.00,1.00
2010.09.15 07:48:59.655,7.0911,7.09315,1.00,1.00
2010.09.15 07:48:59.972,7.091,7.0931,1.00,1.00
2010.09.15 07:49:00.262,7.0914,7.0932,1.00,1.00
2010.09.15 07:49:00.551,7.0914,7.09345,1.00,1.00
2010.09.15 07:49:01.333,7.0915,7.09345,1.00,1.00
2010.09.15 07:49:01.686,7.0912,7.09325,1.00,1.00
2010.09.15 07:49:03.003,7.0914,7.0935,1.00,1.00
2010.09.15 07:49:03.350,7.0915,7.0935,1.00,1.00
2010.09.15 07:49:06.260,7.0915,7.0936,1.00,1.00
2010.09.15 07:49:06.845,7.0914,7.0936,1.00,1.00
2010.09.15 07:49:07.269,7.0914,7.0935,1.00,1.00
2010.09.15 07:49:07.861,7.0913,7.09345,1.00,1.00
2010.09.15 07:49:08.074,7.0912,7.09345,1.00,1.00
2010.09.15 07:49:08.281,7.0912,7.09345,1.00,1.00
2010.09.15 07:49:08.852,7.0912,7.0932,1.00,1.00
2010.09.15 07:49:09.201,7.091,7.0931,1.00,1.00
2010.09.15 07:49:10.632,7.091,7.09295,1.00,1.00
2010.09.15 07:49:10.987,7.09065,7.09295,4.00,1.00
2010.09.15 07:49:11.644,7.09065,7.09275,1.00,1.00
2010.09.15 07:49:11.924,7.0904,7.0926,1.00,1.00
2010.09.15 07:49:14.739,7.0905,7.0924,1.00,1.00
2010.09.15 07:49:15.093,7.0909,7.0926,1.00,1.00
2010.09.15 07:49:15.744,7.0909,7.093,1.00,1.00
2010.09.15 07:49:16.043,7.09095,7.093,1.60,1.00
2010.09.15 07:49:16.343,7.0913,7.0928,1.00,1.00
2010.09.15 07:49:17.035,7.0916,7.0932,1.00,1.00
2010.09.15 07:49:17.391,7.09265,7.0938,3.20,1.00
2010.09.15 07:49:18.105,7.09315,7.0939,1.60,1.00
2010.09.15 07:49:18.425,7.094,7.0967,1.00,1.00
2010.09.15 07:49:19.173,7.094,7.09645,1.00,1.00
2010.09.15 07:49:19.529,7.0936,7.09565,3.20,1.00
2010.09.15 07:49:20.275,7.0934,7.09565,1.00,1.00
2010.09.15 07:49:20.622,7.0934,7.09565,1.00,1.00
2010.09.15 07:49:25.160,7.09365,7.0958,1.00,1.00
2010.09.15 07:49:26.543,7.0934,7.09565,1.00,1.00
2010.09.15 07:49:27.909,7.09365,7.09585,1.00,1.00
2010.09.15 07:49:31.048,7.0934,7.09585,1.00,1.00
2010.09.15 07:49:31.230,7.0934,7.09565,1.00,1.00
2010.09.15 07:49:31.839,7.0934,7.09565,1.00,1.00
2010.09.15 07:49:32.530,7.093,7.0948,1.00,1.00
2010.09.15 07:49:32.877,7.093,7.0948,1.00,1.00
2010.09.15 07:49:33.606,7.0923,7.0946,1.10,1.00
2010.09.15 07:49:33.781,7.0923,7.0946,1.00,1.00
2010.09.15 07:49:36.380,7.0923,7.0946,1.00,1.00
2010.09.15 07:49:36.673,7.0921,7.09435,1.00,1.00
2010.09.15 07:49:37.522,7.0921,7.0943,1.00,1.00
2010.09.15 07:49:38.348,7.0921,7.0942,1.00,1.00
2010.09.15 07:49:39.918,7.0925,7.0942,1.00,1.00
2010.09.15 07:49:40.072,7.0925,7.0945,1.00,1.00
2010.09.15 07:49:42.092,7.09265,7.0945,1.00,1.00
2010.09.15 07:49:42.298,7.09225,7.09445,1.00,1.00
2010.09.15 07:49:42.910,7.0925,7.09475,1.00,1.00
2010.09.15 07:49:43.127,7.0924,7.09465,1.00,1.00
2010.09.15 07:49:43.474,7.0927,7.09465,1.00,1.00
2010.09.15 07:49:44.133,7.09285,7.0951,1.00,1.00
2010.09.15 07:49:45.407,7.093,7.0951,1.00,1.00
2010.09.15 07:49:45.677,7.093,7.0953,1.00,1.00
2010.09.15 07:49:47.153,7.0933,7.0953,1.00,1.00
2010.09.15 07:49:47.904,7.0934,7.0956,1.00,1.00
2010.09.15 07:49:48.212,7.09355,7.09585,1.00,1.00
2010.09.15 07:49:49.321,7.0937,7.09585,1.00,1.00
2010.09.15 07:49:50.058,7.0938,7.09585,1.00,1.00
2010.09.15 07:49:50.411,7.0939,7.09585,1.00,1.00
2010.09.15 07:49:52.058,7.0939,7.096,1.00,1.00
2010.09.15 07:49:52.810,7.0937,7.096,1.00,1.00
2010.09.15 07:49:53.088,7.0938,7.0958,1.00,1.00
2010.09.15 07:49:54.648,7.0939,7.0958,1.00,1.00
2010.09.15 07:49:55.415,7.0941,7.0959,1.00,1.00
2010.09.15 07:49:55.754,7.0943,7.0961,1.00,1.00
2010.09.15 07:49:56.087,7.0943,7.0962,1.00,1.00
2010.09.15 07:49:59.178,7.0941,7.0961,1.00,1.00
2010.09.15 07:49:59.278,7.0941,7.09595,1.00,1.00
2010.09.15 07:49:59.874,7.0939,7.0958,1.00,1.00
2010.09.15 07:50:02.849,7.0942,7.096,1.00,1.00
2010.09.15 07:50:03.146,7.0941,7.09605,1.00,1.00
2010.09.15 07:50:03.826,7.0938,7.0958,1.00,1.00
2010.09.15 07:50:04.176,7.0938,7.09565,1.00,1.00
2010.09.15 07:50:04.520,7.0938,7.09555,1.00,1.00
2010.09.15 07:50:09.258,7.0937,7.09555,1.00,1.00
2010.09.15 07:50:09.921,7.0937,7.09555,1.00,1.00
2010.09.15 07:50:10.248,7.0937,7.09565,1.00,1.00
2010.09.15 07:50:11.001,7.0938,7.09565,1.00,1.00
2010.09.15 07:50:11.350,7.0937,7.09565,1.00,1.00
2010.09.15 07:50:12.468,7.0937,7.09565,1.00,1.00
2010.09.15 07:50:13.884,7.0933,7.09525,1.00,1.00
2010.09.15 07:50:14.221,7.0929,7.09485,1.00,1.00
2010.09.15 07:50:14.996,7.0928,7.09485,1.00,1.00
2010.09.15 07:50:16.478,7.0932,7.09495,1.00,1.00
2010.09.15 07:50:16.831,7.0933,7.0951,1.00,1.00
2010.09.15 07:50:17.552,7.0934,7.0953,1.00,1.00
2010.09.15 07:50:17.858,7.0935,7.09545,1.00,1.00
2010.09.15 07:50:18.209,7.0936,7.09545,1.00,1.00
2010.09.15 07:50:18.979,7.0933,7.0951,1.00,1.00
2010.09.15 07:50:19.279,7.0933,7.0953,1.00,1.00
2010.09.15 07:50:19.969,7.0933,7.0951,1.00,1.00
2010.09.15 07:50:20.325,7.0932,7.0951,1.00,1.00
2010.09.15 07:50:21.908,7.0932,7.0951,1.00,1.00
2010.09.15 07:50:24.755,7.0932,7.0951,1.00,1.00
2010.09.15 07:50:24.993,7.0929,7.09495,1.00,1.00
2010.09.15 07:50:25.602,7.0929,7.09495,1.00,1.00
2010.09.15 07:50:25.955,7.093,7.09475,1.00,1.00
2010.09.15 07:50:27.960,7.0929,7.09475,1.00,1.00
2010.09.15 07:50:28.847,7.0928,7.09475,1.00,1.00
2010.09.15 07:50:29.186,7.0929,7.09475,1.00,1.00
2010.09.15 07:50:30.432,7.0929,7.0948,1.00,1.00
2010.09.15 07:50:30.701,7.0928,7.0948,1.00,1.00
2010.09.15 07:50:30.969,7.0928,7.0948,1.00,1.00
2010.09.15 07:50:31.997,7.0928,7.0948,1.00,1.00
2010.09.15 07:50:32.305,7.0928,7.0949,1.00,1.00
2010.09.15 07:50:33.245,7.0929,7.0949,1.00,1.00
2010.09.15 07:50:33.591,7.093,7.0949,1.00,1.00
2010.09.15 07:50:33.778,7.0931,7.0949,1.00,1.00
2010.09.15 07:50:34.374,7.0932,7.0949,1.00,1.00
2010.09.15 07:50:35.639,7.0934,7.0951,1.00,1.00
2010.09.15 07:50:35.887,7.0933,7.0951,1.00,1.00
2010.09.15 07:50:37.046,7.0934,7.0951,1.00,1.00
2010.09.15 07:50:38.313,7.0935,7.0951,1.00,1.00
2010.09.15 07:50:38.877,7.0935,7.0953,1.00,1.00
2010.09.15 07:50:39.216,7.0935,7.0954,1.00,1.00
2010.09.15 07:50:42.478,7.0935,7.09545,1.00,1.00
2010.09.15 07:50:43.202,7.0939,7.09565,1.00,1.00
2010.09.15 07:50:43.628,7.0939,7.09565,1.00,2.40
2010.09.15 07:50:44.249,7.0939,7.09565,1.00,1.00
2010.09.15 07:50:44.602,7.0936,7.0956,1.00,1.00
2010.09.15 07:50:44.951,7.0937,7.09555,1.00,1.60
2010.09.15 07:50:45.961,7.0939,7.09545,1.00,1.00
2010.09.15 07:50:46.263,7.0939,7.0957,1.00,1.00
2010.09.15 07:50:46.980,7.094,7.0959,1.00,1.00
2010.09.15 07:50:47.670,7.0941,7.0959,1.00,1.00
2010.09.15 07:50:48.458,7.094,7.0959,1.00,1.00
2010.09.15 07:50:49.096,7.0941,7.0959,1.00,1.00
2010.09.15 07:50:49.807,7.0941,7.09585,1.00,1.60
2010.09.15 07:50:50.429,7.0941,7.09585,1.00,1.60
2010.09.15 07:50:51.314,7.094,7.09585,1.00,1.60
2010.09.15 07:50:51.570,7.0941,7.0959,1.00,1.00
2010.09.15 07:50:52.602,7.094,7.09585,1.00,1.60
2010.09.15 07:50:54.108,7.0939,7.09565,1.00,1.60
2010.09.15 07:50:54.438,7.094,7.09585,1.00,1.60
2010.09.15 07:50:55.205,7.0938,7.09575,1.00,2.40
2010.09.15 07:50:55.548,7.0938,7.09575,1.00,1.00
2010.09.15 07:50:56.303,7.0939,7.09575,1.00,1.00
2010.09.15 07:50:56.656,7.094,7.09575,1.00,1.00
2010.09.15 07:50:56.876,7.094,7.0959,1.00,1.00
2010.09.15 07:50:57.507,7.0943,7.09595,1.00,1.00
2010.09.15 07:50:57.743,7.0946,7.09645,1.00,1.00
2010.09.15 07:50:58.095,7.0947,7.09645,1.00,1.00
2010.09.15 07:50:59.193,7.0948,7.09645,1.00,1.00
2010.09.15 07:50:59.652,7.0946,7.09645,3.20,1.00
2010.09.15 07:51:00.013,7.0947,7.09645,1.00,1.00
2010.09.15 07:51:00.357,7.0947,7.09645,1.00,1.00
2010.09.15 07:51:01.128,7.0947,7.09655,1.00,1.00
2010.09.15 07:51:01.438,7.0947,7.09655,1.00,1.00
2010.09.15 07:51:01.752,7.0948,7.0965,1.00,1.00
2010.09.15 07:51:02.772,7.0947,7.0965,1.00,1.00
2010.09.15 07:51:03.398,7.0948,7.0965,1.00,1.00
2010.09.15 07:51:04.593,7.0955,7.09675,1.00,1.00
2010.09.15 07:51:04.835,7.09605,7.09725,1.00,1.00
2010.09.15 07:51:05.072,7.09575,7.09725,1.00,1.00
2010.09.15 07:51:05.729,7.0958,7.09725,1.00,1.00
2010.09.15 07:51:06.078,7.0958,7.0977,1.00,1.00
2010.09.15 07:51:07.169,7.0961,7.0983,1.00,1.00
2010.09.15 07:51:08.828,7.0963,7.0983,1.00,1.00
2010.09.15 07:51:10.176,7.0964,7.0983,1.00,1.00
2010.09.15 07:51:10.952,7.0964,7.0985,1.00,1.00
2010.09.15 07:51:16.055,7.0965,7.0985,1.00,1.00
2010.09.15 07:51:16.259,7.0969,7.09865,1.00,1.60
2010.09.15 07:51:17.275,7.0969,7.09885,1.00,1.00
2010.09.15 07:51:17.616,7.0969,7.099,1.00,1.00
2010.09.15 07:51:17.956,7.0971,7.099,1.00,1.00
2010.09.15 07:51:18.297,7.0971,7.09915,1.00,1.00
2010.09.15 07:51:19.041,7.0972,7.09915,1.00,1.00
2010.09.15 07:51:19.560,7.0973,7.09915,1.00,1.00
2010.09.15 07:51:19.790,7.0973,7.09915,1.00,1.00
2010.09.15 07:51:20.857,7.09735,7.09925,3.20,1.00
2010.09.15 07:51:21.112,7.0973,7.0992,1.00,1.00
2010.09.15 07:51:22.324,7.0973,7.09935,1.00,1.60
2010.09.15 07:51:22.676,7.0973,7.09925,3.40,2.40
2010.09.15 07:51:23.111,7.0973,7.09925,1.00,2.40
2010.09.15 07:51:23.748,7.09705,7.09925,3.20,2.40
2010.09.15 07:51:24.101,7.097,7.09905,1.00,1.60
2010.09.15 07:51:24.801,7.0969,7.09905,1.00,1.60
2010.09.15 07:51:25.121,7.09705,7.09905,1.00,1.60
2010.09.15 07:51:25.438,7.09705,7.09895,1.00,1.60
2010.09.15 07:51:26.760,7.09705,7.09925,1.00,1.00
2010.09.15 07:51:27.048,7.09715,7.09925,1.00,1.00
2010.09.15 07:51:27.338,7.09715,7.09925,1.00,1.80
2010.09.15 07:51:27.629,7.09715,7.09915,1.00,1.60
2010.09.15 07:51:28.618,7.09715,7.099,1.00,1.00
2010.09.15 07:51:28.856,7.0969,7.09885,1.00,1.60
2010.09.15 07:51:29.461,7.0964,7.09835,1.00,1.60
2010.09.15 07:51:29.694,7.0963,7.09825,1.00,1.00
2010.09.15 07:51:30.733,7.0964,7.09825,1.00,1.00
2010.09.15 07:51:31.010,7.0964,7.0983,1.00,1.00
2010.09.15 07:51:31.548,7.0965,7.0983,1.00,1.00
2010.09.15 07:51:33.406,7.0965,7.0983,1.00,1.00
2010.09.15 07:51:34.709,7.0966,7.09845,1.00,1.00
2010.09.15 07:51:34.983,7.0969,7.09855,1.00,1.00
2010.09.15 07:51:35.698,7.0971,7.0987,1.00,1.00
2010.09.15 07:51:36.008,7.0972,7.09895,1.00,1.80
2010.09.15 07:51:37.096,7.0971,7.09895,1.00,1.00
2010.09.15 07:51:39.285,7.0971,7.09895,1.00,1.00
2010.09.15 07:51:40.434,7.0971,7.09895,1.00,1.00
2010.09.15 07:51:42.006,7.0976,7.0995,3.20,1.00
2010.09.15 07:51:42.223,7.0977,7.0995,3.20,1.00
2010.09.15 07:51:43.085,7.09765,7.09995,1.00,1.00
2010.09.15 07:51:43.661,7.0978,7.0998,1.00,1.00
2010.09.15 07:51:44.755,7.0978,7.09985,1.00,1.00
2010.09.15 07:51:46.429,7.0977,7.0998,1.00,1.00
2010.09.15 07:51:46.637,7.0978,7.0998,1.00,1.00
2010.09.15 07:51:47.851,7.09765,7.0995,1.00,1.00
2010.09.15 07:51:49.971,7.09765,7.09955,1.00,1.00
2010.09.15 07:51:51.026,7.0972,7.0991,1.00,1.00
2010.09.15 07:51:51.777,7.09685,7.0991,1.00,1.00
2010.09.15 07:51:52.090,7.09685,7.09885,1.00,1.00
2010.09.15 07:51:52.399,7.0971,7.099,1.00,1.00
2010.09.15 07:51:53.846,7.0971,7.099,1.00,1.00
2010.09.15 07:51:54.193,7.0939,7.09685,1.00,1.00
2010.09.15 07:51:54.624,7.0939,7.09655,1.00,3.20
2010.09.15 07:51:54.981,7.09385,7.0964,1.00,1.00
2010.09.15 07:51:55.401,7.09485,7.0961,1.00,1.00
2010.09.15 07:51:56.012,7.0946,7.0973,1.00,1.00
2010.09.15 07:51:56.362,7.0946,7.0974,4.00,1.00
2010.09.15 07:51:56.709,7.09415,7.097,1.00,1.00
2010.09.15 07:51:57.062,7.09435,7.09665,1.00,1.00
2010.09.15 07:51:57.767,7.0946,7.0966,1.00,1.00
2010.09.15 07:51:57.974,7.0944,7.0965,1.00,1.00
2010.09.15 07:51:58.937,7.09405,7.0962,1.00,1.00
2010.09.15 07:51:59.282,7.09405,7.09615,1.00,1.00
2010.09.15 07:52:01.907,7.09455,7.09635,3.20,1.00
2010.09.15 07:52:02.157,7.0946,7.0966,1.00,1.00
2010.09.15 07:52:02.999,7.09455,7.0966,3.20,1.00
2010.09.15 07:52:03.289,7.0946,7.09665,1.00,1.00
2010.09.15 07:52:03.571,7.0951,7.09675,1.00,1.00
2010.09.15 07:52:04.328,7.0939,7.0966,1.00,1.00
2010.09.15 07:52:04.673,7.0939,7.0962,1.00,1.00
2010.09.15 07:52:05.609,7.0941,7.09625,1.00,1.00
2010.09.15 07:52:05.905,7.0939,7.0959,1.00,1.00
2010.09.15 07:52:06.249,7.0936,7.09555,1.00,1.00
2010.09.15 07:52:07.546,7.0936,7.09555,1.00,1.00
2010.09.15 07:52:08.126,7.0937,7.09555,1.00,1.00
2010.09.15 07:52:08.455,7.0943,7.0961,1.00,1.00
2010.09.15 07:52:09.145,7.0944,7.09605,1.00,1.00
2010.09.15 07:52:09.495,7.0936,7.09595,1.00,1.00
2010.09.15 07:52:10.236,7.0936,7.09565,1.00,1.00
2010.09.15 07:52:10.585,7.09365,7.09565,1.00,1.00
2010.09.15 07:52:11.317,7.0937,7.09565,3.20,1.00
2010.09.15 07:52:11.656,7.09395,7.09565,1.00,1.00
2010.09.15 07:52:11.999,7.094,7.0958,3.20,1.00
2010.09.15 07:52:12.496,7.094,7.0958,3.20,1.00
2010.09.15 07:52:12.857,7.0941,7.09595,1.00,1.00
2010.09.15 07:52:13.950,7.0942,7.0961,1.00,1.00
2010.09.15 07:52:14.316,7.0939,7.09535,3.20,1.00
2010.09.15 07:52:15.048,7.0936,7.0957,3.20,1.00
2010.09.15 07:52:15.393,7.0935,7.09515,1.00,1.00
2010.09.15 07:52:18.008,7.0934,7.09515,1.00,1.00
2010.09.15 07:52:18.987,7.0935,7.09515,1.00,1.00
2010.09.15 07:52:26.365,7.0935,7.09535,1.00,1.00
2010.09.15 07:52:26.569,7.0935,7.09515,1.00,1.00
2010.09.15 07:52:27.667,7.0934,7.09515,1.00,1.00
2010.09.15 07:52:29.401,7.09365,7.09515,1.00,1.00
2010.09.15 07:52:29.623,7.0936,7.09535,3.20,1.00
2010.09.15 07:52:29.844,7.0932,7.09515,1.00,1.00
2010.09.15 07:52:30.486,7.0932,7.09515,1.00,1.00
2010.09.15 07:52:32.457,7.0933,7.09515,1.00,1.00
2010.09.15 07:52:32.745,7.0932,7.09515,1.00,1.00
2010.09.15 07:52:34.307,7.0931,7.09515,1.00,1.00
2010.09.15 07:52:35.139,7.09305,7.09515,3.20,1.00
2010.09.15 07:52:35.395,7.0929,7.09465,1.10,1.00
2010.09.15 07:52:36.027,7.0925,7.0941,3.30,1.00
2010.09.15 07:52:36.385,7.0922,7.09405,1.00,1.00
2010.09.15 07:52:37.195,7.0921,7.09405,1.00,1.00
2010.09.15 07:52:37.880,7.0922,7.09405,1.00,1.00
2010.09.15 07:52:41.496,7.0921,7.09405,1.00,1.00
2010.09.15 07:52:42.309,7.092,7.09405,3.50,1.00
2010.09.15 07:52:45.016,7.0921,7.09405,1.00,1.00
2010.09.15 07:52:45.225,7.0923,7.09405,1.00,1.00
2010.09.15 07:52:45.436,7.0923,7.09425,1.00,1.00
2010.09.15 07:52:48.310,7.0922,7.09425,1.00,1.00
2010.09.15 07:52:48.481,7.0922,7.09405,1.00,1.00
2010.09.15 07:52:49.552,7.0921,7.09405,1.00,1.00
2010.09.15 07:52:49.900,7.0922,7.09405,1.00,1.00
2010.09.15 07:52:50.902,7.0923,7.09425,1.00,1.00
2010.09.15 07:52:54.809,7.0923,7.09425,1.00,1.00
2010.09.15 07:52:57.622,7.09245,7.09435,3.20,1.00
2010.09.15 07:52:58.764,7.0925,7.09435,1.00,1.00
2010.09.15 07:52:59.433,7.0925,7.09435,1.00,1.00
2010.09.15 07:53:00.380,7.0926,7.09435,1.00,1.00
2010.09.15 07:53:00.657,7.0927,7.09435,3.20,1.00
2010.09.15 07:53:00.913,7.093,7.0946,1.00,1.00
2010.09.15 07:53:01.580,7.093,7.0949,3.20,1.00
2010.09.15 07:53:01.913,7.093,7.0947,1.00,1.00
2010.09.15 07:53:08.595,7.093,7.0949,3.20,1.00
2010.09.15 07:53:13.595,7.0931,7.0949,1.00,1.00
2010.09.15 07:53:16.836,7.093,7.0949,3.30,1.00
2010.09.15 07:53:16.970,7.0929,7.0947,1.00,1.00
2010.09.15 07:53:18.847,7.0933,7.0947,1.00,1.00
2010.09.15 07:53:19.424,7.0933,7.09515,1.00,1.00
2010.09.15 07:53:19.444,7.0934,7.09515,1.00,1.00
2010.09.15 07:53:19.646,7.0936,7.0955,1.00,1.00
2010.09.15 07:53:27.446,7.0937,7.0957,1.00,1.00
2010.09.15 07:53:27.510,7.0938,7.0957,3.20,1.00
2010.09.15 07:53:27.811,7.0938,7.0957,3.20,1.00
2010.09.15 07:53:28.789,7.0939,7.0957,1.00,1.00
2010.09.15 07:53:29.059,7.0938,7.0957,3.30,1.00
2010.09.15 07:53:29.328,7.0938,7.0957,3.20,1.00
2010.09.15 07:53:29.601,7.0936,7.0955,1.00,1.00
2010.09.15 07:53:31.739,7.0935,7.0955,1.00,1.00
2010.09.15 07:53:32.307,7.0936,7.0957,1.00,1.00
2010.09.15 07:53:32.917,7.0937,7.0957,3.20,1.00
2010.09.15 07:53:35.077,7.09375,7.0957,3.20,1.00
2010.09.15 07:53:35.444,7.0935,7.0955,3.20,1.00
2010.09.15 07:53:36.050,7.0931,7.09495,1.00,1.00
2010.09.15 07:53:36.856,7.093,7.0947,3.30,1.00
2010.09.15 07:53:37.208,7.0927,7.0947,3.30,1.00
2010.09.15 07:53:38.323,7.093,7.0947,1.00,1.00
2010.09.15 07:53:38.679,7.09325,7.09515,3.20,1.00
2010.09.15 07:53:39.138,7.09325,7.09495,3.20,1.00
2010.09.15 07:53:39.494,7.0931,7.09495,1.00,1.00
2010.09.15 07:53:40.791,7.09325,7.09515,3.20,1.00
2010.09.15 07:53:41.070,7.0932,7.09495,3.20,1.00
2010.09.15 07:53:41.357,7.0931,7.09495,1.00,1.00
2010.09.15 07:53:42.143,7.093,7.09445,3.20,1.60
2010.09.15 07:53:42.502,7.09145,7.0936,3.20,3.20
2010.09.15 07:53:42.853,7.0905,7.09305,1.00,1.00
2010.09.15 07:53:43.472,7.0902,7.0936,1.00,3.20
2010.09.15 07:53:43.715,7.0901,7.09315,1.00,3.20
2010.09.15 07:53:44.717,7.0902,7.0926,1.00,3.20
2010.09.15 07:53:45.087,7.0902,7.0926,1.00,3.20
2010.09.15 07:53:45.542,7.0899,7.0926,1.00,3.20
2010.09.15 07:53:45.895,7.0898,7.092,1.00,1.00
2010.09.15 07:53:46.240,7.0901,7.09195,1.00,1.00
2010.09.15 07:53:47.020,7.0901,7.09205,1.00,1.00
2010.09.15 07:53:47.368,7.0901,7.09205,1.00,1.00
2010.09.15 07:53:48.650,7.09,7.09205,1.00,1.00
2010.09.15 07:53:49.841,7.09,7.092,1.00,1.00
2010.09.15 07:53:50.527,7.0901,7.09205,1.00,1.00
2010.09.15 07:53:51.277,7.0902,7.0921,1.00,1.00
2010.09.15 07:53:51.926,7.0901,7.0921,1.00,1.00
2010.09.15 07:53:52.880,7.0904,7.09225,1.00,1.00
2010.09.15 07:53:53.083,7.0905,7.0925,1.00,1.00
2010.09.15 07:53:55.614,7.0905,7.09255,1.00,1.00
2010.09.15 07:53:55.946,7.0906,7.0926,1.00,1.00
2010.09.15 07:53:56.857,7.09035,7.0926,3.20,1.00
2010.09.15 07:53:57.108,7.0901,7.09235,1.00,1.00
2010.09.15 07:53:57.460,7.08995,7.09235,3.20,1.00
2010.09.15 07:53:58.117,7.0897,7.0919,3.20,1.00
2010.09.15 07:53:58.288,7.0897,7.09185,3.20,1.00
2010.09.15 07:53:58.639,7.0897,7.0918,3.20,1.00
2010.09.15 07:53:59.948,7.09,7.09185,3.20,1.00
2010.09.15 07:54:00.212,7.0902,7.09185,3.20,1.00
2010.09.15 07:54:00.466,7.0902,7.09215,3.20,1.00
2010.09.15 07:54:03.932,7.09,7.09195,1.00,1.00
2010.09.15 07:54:04.147,7.08965,7.0917,3.20,1.00
2010.09.15 07:54:04.973,7.08965,7.09115,3.20,1.00
2010.09.15 07:54:05.326,7.08965,7.0916,3.20,1.00
2010.09.15 07:54:06.419,7.0897,7.0917,1.00,1.00
2010.09.15 07:54:08.214,7.08995,7.0919,3.20,1.00
2010.09.15 07:54:10.634,7.09005,7.0919,3.20,1.00
2010.09.15 07:54:11.836,7.0899,7.0917,1.00,1.00
2010.09.15 07:54:12.524,7.0903,7.0919,3.20,1.00
2010.09.15 07:54:13.631,7.09005,7.0919,3.20,1.00
2010.09.15 07:54:13.781,7.09,7.0919,1.00,1.00
2010.09.15 07:54:15.237,7.0902,7.09215,3.30,1.00
2010.09.15 07:54:15.571,7.0901,7.09215,1.00,1.00
2010.09.15 07:54:15.908,7.09,7.09195,1.00,1.00
2010.09.15 07:54:17.708,7.08995,7.09195,3.20,1.00
2010.09.15 07:54:18.793,7.0899,7.0917,1.00,1.00
2010.09.15 07:54:19.763,7.0895,7.0914,1.00,1.00
2010.09.15 07:54:20.110,7.0896,7.0916,1.00,1.00
2010.09.15 07:54:20.904,7.0893,7.0915,1.00,1.00
2010.09.15 07:54:21.239,7.0893,7.0912,1.00,1.00
2010.09.15 07:54:22.355,7.0895,7.09135,1.00,1.00
2010.09.15 07:54:23.399,7.0894,7.09115,3.20,1.00
2010.09.15 07:54:23.752,7.0894,7.09115,1.00,1.00
2010.09.15 07:54:31.781,7.0895,7.09115,1.00,1.00
2010.09.15 07:54:32.359,7.0898,7.09135,1.00,1.00
2010.09.15 07:54:32.534,7.0897,7.092,1.00,1.00
2010.09.15 07:54:33.229,7.0897,7.09185,1.00,1.00
2010.09.15 07:54:34.673,7.0894,7.0917,3.20,1.00
2010.09.15 07:54:35.003,7.08925,7.09155,1.00,1.00
2010.09.15 07:54:35.766,7.08925,7.09125,1.00,1.00
2010.09.15 07:54:36.975,7.08925,7.09125,2.40,1.00
2010.09.15 07:54:37.243,7.0898,7.09195,1.00,1.00
2010.09.15 07:54:38.573,7.0898,7.09205,1.00,1.00
2010.09.15 07:54:39.225,7.0902,7.09205,1.00,1.00
2010.09.15 07:54:39.971,7.0902,7.09225,1.00,1.00
2010.09.15 07:54:40.327,7.0903,7.09235,1.00,1.00
2010.09.15 07:54:41.344,7.0903,7.09235,1.00,1.00
2010.09.15 07:54:42.847,7.0903,7.09225,1.00,1.00
2010.09.15 07:54:43.211,7.0905,7.09235,1.00,1.00
2010.09.15 07:54:43.563,7.0905,7.09245,1.00,1.00
2010.09.15 07:54:44.473,7.0903,7.0925,1.00,1.00
2010.09.15 07:54:44.806,7.0903,7.0925,1.00,1.00
2010.09.15 07:54:48.065,7.0904,7.0925,1.00,1.00
2010.09.15 07:54:48.264,7.0904,7.09245,1.00,1.00
2010.09.15 07:54:49.179,7.09045,7.0925,1.00,1.00
2010.09.15 07:54:50.608,7.09055,7.0925,1.00,1.00
2010.09.15 07:54:52.048,7.0909,7.09295,1.00,1.00
2010.09.15 07:54:52.971,7.0911,7.09295,1.00,1.00
2010.09.15 07:54:53.296,7.0911,7.0931,1.00,1.00
2010.09.15 07:54:55.326,7.0911,7.0931,1.00,1.00
2010.09.15 07:54:55.914,7.0916,7.0935,1.00,1.00
2010.09.15 07:54:56.756,7.09185,7.09365,1.00,1.00
2010.09.15 07:54:58.684,7.0914,7.09345,1.00,1.00
2010.09.15 07:54:59.143,7.0914,7.09325,1.00,1.00
2010.09.15 07:54:59.496,7.0914,7.0932,1.00,1.00
2010.09.15 07:55:00.562,7.0914,7.09325,1.00,1.00
2010.09.15 07:55:01.248,7.0914,7.09345,1.00,1.00
2010.09.15 07:55:02.051,7.0914,7.09325,1.00,1.00
2010.09.15 07:55:02.392,7.09135,7.09325,1.00,1.00
2010.09.15 07:55:03.120,7.09135,7.0925,1.00,1.00
2010.09.15 07:55:03.471,7.0902,7.0925,1.00,1.00
2010.09.15 07:55:04.553,7.0905,7.09245,1.00,1.00
2010.09.15 07:55:04.886,7.0904,7.0921,1.00,1.00
2010.09.15 07:55:05.668,7.0903,7.0919,1.00,1.00
2010.09.15 07:55:06.703,7.0903,7.0921,1.00,1.00
2010.09.15 07:55:07.399,7.0906,7.09235,1.00,1.00
2010.09.15 07:55:08.402,7.0907,7.09235,1.00,1.00
2010.09.15 07:55:09.429,7.09145,7.09235,1.00,1.00
2010.09.15 07:55:09.878,7.09145,7.09255,1.00,1.00
2010.09.15 07:55:10.227,7.09185,7.09475,3.20,1.00
2010.09.15 07:55:10.577,7.0921,7.09475,1.00,1.00
2010.09.15 07:55:11.341,7.0927,7.09485,3.20,1.00
2010.09.15 07:55:12.870,7.0927,7.09485,3.30,1.00
2010.09.15 07:55:13.187,7.0926,7.0947,1.00,1.00
2010.09.15 07:55:13.427,7.0925,7.0947,1.00,1.00
2010.09.15 07:55:14.357,7.0927,7.0947,1.00,1.00
2010.09.15 07:55:16.331,7.0926,7.0947,1.00,1.00
2010.09.15 07:55:17.819,7.0927,7.0947,1.00,1.00
2010.09.15 07:55:19.526,7.0926,7.09445,1.00,1.00
2010.09.15 07:55:21.219,7.0927,7.09445,1.00,1.00
2010.09.15 07:55:21.708,7.0927,7.09465,1.00,1.00
2010.09.15 07:55:22.462,7.0926,7.09465,1.00,1.00
2010.09.15 07:55:22.800,7.0927,7.09465,1.00,1.00
2010.09.15 07:55:27.380,7.0928,7.09465,1.00,1.00
2010.09.15 07:55:27.679,7.0928,7.0949,1.00,1.00
2010.09.15 07:55:28.384,7.0927,7.09475,3.30,1.60
2010.09.15 07:55:28.731,7.0928,7.0949,1.00,1.00
2010.09.15 07:55:29.534,7.0929,7.0949,1.00,1.00
2010.09.15 07:55:29.885,7.0931,7.0949,1.00,1.00
2010.09.15 07:55:30.234,7.0933,7.0954,1.00,1.00
2010.09.15 07:55:32.311,7.0935,7.0954,1.00,1.00
2010.09.15 07:55:32.928,7.0936,7.0954,1.00,1.00
2010.09.15 07:55:34.313,7.0936,7.09575,1.00,1.00
2010.09.15 07:55:34.773,7.0937,7.09575,1.00,1.00
2010.09.15 07:55:35.410,7.0938,7.09575,1.00,1.00
2010.09.15 07:55:35.731,7.0938,7.096,3.20,1.00
2010.09.15 07:55:36.501,7.0939,7.096,1.00,1.00
2010.09.15 07:55:38.164,7.0941,7.096,1.00,1.00
2010.09.15 07:55:38.444,7.0942,7.096,1.00,1.00
2010.09.15 07:55:39.208,7.0943,7.0963,1.00,1.00
2010.09.15 07:55:39.901,7.0943,7.09655,1.00,1.60
2010.09.15 07:55:40.625,7.0944,7.09655,1.00,1.00
2010.09.15 07:55:40.942,7.0944,7.0963,1.00,1.00
2010.09.15 07:55:41.646,7.0943,7.0963,1.00,1.00
2010.09.15 07:55:45.421,7.0943,7.09655,1.00,1.00
2010.09.15 07:55:45.722,7.09435,7.09655,3.20,1.00
2010.09.15 07:55:47.153,7.09435,7.0961,3.20,1.00
2010.09.15 07:55:49.836,7.0941,7.0963,1.00,1.00
2010.09.15 07:55:50.177,7.0941,7.0963,3.30,1.00
2010.09.15 07:55:54.110,7.0941,7.0961,3.30,1.00
2010.09.15 07:55:54.461,7.0941,7.0963,1.00,1.00
2010.09.15 07:55:55.424,7.0941,7.0961,1.00,1.00
2010.09.15 07:55:55.767,7.0941,7.0963,1.00,1.00
2010.09.15 07:55:56.782,7.0941,7.0963,3.30,1.00
2010.09.15 07:55:58.616,7.0941,7.0962,3.30,1.00
2010.09.15 07:55:58.961,7.09415,7.0962,1.00,1.00
2010.09.15 07:55:59.554,7.09415,7.096,1.00,1.00
2010.09.15 07:55:59.881,7.0941,7.0962,3.30,1.00
2010.09.15 07:56:01.256,7.0943,7.0963,1.00,1.00
2010.09.15 07:56:01.565,7.0947,7.09655,1.00,1.00
2010.09.15 07:56:01.868,7.0947,7.09685,1.00,1.00
2010.09.15 07:56:02.614,7.09475,7.09685,3.20,1.00
2010.09.15 07:56:03.700,7.09435,7.09655,1.00,1.60
2010.09.15 07:56:04.047,7.094,7.09625,4.00,1.00
2010.09.15 07:56:04.709,7.094,7.09625,1.00,1.00
2010.09.15 07:56:06.579,7.09295,7.09565,1.00,1.00
2010.09.15 07:56:07.272,7.09235,7.095,1.00,1.00
2010.09.15 07:56:07.724,7.09225,7.09455,2.40,1.00
2010.09.15 07:56:07.951,7.09245,7.09475,1.00,1.00
2010.09.15 07:56:08.844,7.09245,7.09475,2.40,1.00
2010.09.15 07:56:09.112,7.093,7.09525,1.00,1.00
2010.09.15 07:56:11.607,7.09315,7.0954,1.00,1.00
2010.09.15 07:56:11.848,7.09315,7.09555,1.00,1.00
2010.09.15 07:56:12.483,7.0933,7.09555,1.00,1.00
2010.09.15 07:56:12.658,7.0933,7.09565,1.00,1.00
2010.09.15 07:56:12.998,7.0933,7.09565,4.00,1.00
2010.09.15 07:56:13.179,7.09385,7.0961,1.00,1.00
2010.09.15 07:56:13.595,7.0942,7.0961,1.00,1.00
2010.09.15 07:56:13.943,7.0942,7.09645,1.00,1.00
2010.09.15 07:56:14.290,7.0945,7.09675,1.00,1.00
2010.09.15 07:56:17.526,7.09465,7.097,1.00,1.00
2010.09.15 07:56:17.769,7.09475,7.097,1.00,1.00
2010.09.15 07:56:22.604,7.09505,7.0973,1.00,1.00
2010.09.15 07:56:23.434,7.09495,7.0972,1.00,1.00
2010.09.15 07:56:23.794,7.09515,7.09745,1.00,1.00
2010.09.15 07:56:25.599,7.0955,7.09785,1.00,1.00
2010.09.15 07:56:26.259,7.0956,7.09785,1.00,1.00
2010.09.15 07:56:29.759,7.0955,7.0978,1.00,1.00
2010.09.15 07:56:31.151,7.0954,7.0977,1.00,1.00
2010.09.15 07:56:31.358,7.09545,7.0977,3.20,1.00
2010.09.15 07:56:31.568,7.0956,7.0979,1.00,1.00
2010.09.15 07:56:32.200,7.09545,7.0977,3.20,1.00
2010.09.15 07:56:32.552,7.0954,7.0977,1.00,1.00
2010.09.15 07:56:43.156,7.09565,7.0979,1.00,1.00
2010.09.15 07:56:49.510,7.0954,7.0977,1.00,1.00
2010.09.15 07:56:56.815,7.0954,7.09755,1.00,1.00
2010.09.15 07:57:03.727,7.0954,7.0976,1.00,1.00
2010.09.15 07:57:08.079,7.0955,7.0976,3.20,1.00
2010.09.15 07:57:08.180,7.09565,7.0976,1.00,1.00
2010.09.15 07:57:08.279,7.09565,7.0977,1.00,1.00
2010.09.15 07:57:12.562,7.0955,7.0977,3.20,1.00
2010.09.15 07:57:12.917,7.0954,7.09765,1.00,1.00
2010.09.15 07:57:15.070,7.0954,7.0976,1.00,1.00
2010.09.15 07:57:15.188,7.0961,7.09765,3.20,1.00
2010.09.15 07:57:15.411,7.0961,7.0981,3.20,1.00
2010.09.15 07:57:16.152,7.0961,7.09815,3.20,1.00
2010.09.15 07:57:18.520,7.096,7.09795,1.00,1.00
2010.09.15 07:57:19.217,7.0961,7.09795,1.00,1.00
2010.09.15 07:57:20.915,7.0961,7.09805,1.00,1.00
2010.09.15 07:57:27.220,7.0961,7.0982,3.20,1.00
2010.09.15 07:57:30.208,7.0963,7.09825,1.00,1.00
2010.09.15 07:57:30.656,7.0964,7.09825,1.00,1.00
2010.09.15 07:57:31.202,7.0962,7.09825,3.20,1.60
2010.09.15 07:57:31.721,7.0962,7.09825,3.20,1.60
2010.09.15 07:57:32.073,7.0961,7.09805,1.00,1.00
2010.09.15 07:57:37.310,7.096,7.09805,1.00,1.00
2010.09.15 07:57:37.479,7.096,7.0978,1.00,1.00
2010.09.15 07:57:42.300,7.0957,7.0978,1.00,1.00
2010.09.15 07:57:42.496,7.0957,7.0975,1.00,1.00
2010.09.15 07:57:42.700,7.09555,7.09745,1.00,1.00
2010.09.15 07:57:42.910,7.09555,7.0973,1.00,1.00
2010.09.15 07:57:43.621,7.0953,7.09705,4.20,1.00
2010.09.15 07:57:44.309,7.0953,7.09735,4.20,1.00
2010.09.15 07:57:45.005,7.0941,7.0966,1.00,1.00
2010.09.15 07:57:45.299,7.0941,7.09605,1.00,1.00
2010.09.15 07:57:45.592,7.0941,7.09605,1.00,1.00
2010.09.15 07:57:46.312,7.09455,7.09605,1.00,1.00
2010.09.15 07:57:46.668,7.0943,7.0962,1.00,1.00
2010.09.15 07:57:47.697,7.0943,7.09595,1.00,1.00
2010.09.15 07:57:48.045,7.0933,7.09525,1.00,1.00
2010.09.15 07:57:48.508,7.0933,7.0957,1.00,1.00
2010.09.15 07:57:49.336,7.09355,7.0957,1.00,1.00
2010.09.15 07:57:49.641,7.09375,7.0957,1.00,1.00
2010.09.15 07:57:50.240,7.09365,7.0957,1.00,1.00
2010.09.15 07:57:50.550,7.09355,7.0957,1.00,1.00
2010.09.15 07:57:51.458,7.0938,7.0957,3.20,1.00
2010.09.15 07:57:51.708,7.09405,7.0957,1.00,1.00
2010.09.15 07:57:51.958,7.09405,7.096,1.00,1.00
2010.09.15 07:57:53.439,7.09405,7.0962,1.00,1.00
2010.09.15 07:57:53.644,7.0943,7.09635,1.00,1.00
2010.09.15 07:57:54.157,7.0944,7.09635,1.00,1.00
2010.09.15 07:57:54.266,7.0944,7.0966,1.00,1.00
2010.09.15 07:57:54.369,7.0944,7.0966,4.10,1.00
2010.09.15 07:57:55.099,7.0944,7.0967,4.10,1.00
2010.09.15 07:57:55.450,7.0948,7.0967,1.00,1.00
2010.09.15 07:57:55.677,7.0945,7.0967,1.00,1.00
2010.09.15 07:57:55.911,7.0948,7.0967,1.00,1.00
2010.09.15 07:57:56.888,7.0948,7.0966,1.00,1.00
2010.09.15 07:57:57.201,7.0955,7.0977,1.00,1.00
2010.09.15 07:57:57.874,7.0958,7.09795,1.00,1.00
2010.09.15 07:57:58.483,7.09605,7.09775,1.00,1.00
2010.09.15 07:57:58.922,7.096,7.09775,1.00,1.00
2010.09.15 07:57:59.283,7.0958,7.0977,1.00,1.00
2010.09.15 07:57:59.635,7.09605,7.09775,1.00,1.00
2010.09.15 07:58:00.398,7.09605,7.098,1.00,1.00
2010.09.15 07:58:00.748,7.09605,7.0979,1.00,1.00
2010.09.15 07:58:01.861,7.09655,7.09845,1.00,1.00
2010.09.15 07:58:02.623,7.09675,7.09855,1.00,1.00
2010.09.15 07:58:02.977,7.0971,7.09885,1.00,1.00
2010.09.15 07:58:05.207,7.0969,7.09885,3.30,1.00
2010.09.15 07:58:05.525,7.09675,7.09885,1.00,1.00
2010.09.15 07:58:05.874,7.09645,7.09855,1.00,1.00
2010.09.15 07:58:06.289,7.09645,7.0986,1.00,1.00
2010.09.15 07:58:07.287,7.09645,7.09865,1.00,1.00
2010.09.15 07:58:08.776,7.09665,7.09865,1.00,1.00
2010.09.15 07:58:08.946,7.09665,7.0987,1.00,1.00
2010.09.15 07:58:09.721,7.09645,7.0986,1.00,1.00
2010.09.15 07:58:11.183,7.09665,7.0986,1.00,1.00
2010.09.15 07:58:11.420,7.0968,7.0989,1.00,1.00
2010.09.15 07:58:11.856,7.09665,7.0989,1.00,1.00
2010.09.15 07:58:12.102,7.09665,7.0988,1.00,1.00
2010.09.15 07:58:13.779,7.0967,7.09885,1.00,1.00
2010.09.15 07:58:14.702,7.0969,7.0989,1.00,1.00
2010.09.15 07:58:15.023,7.0967,7.09895,1.00,1.00
2010.09.15 07:58:15.731,7.09665,7.09885,1.00,1.00
2010.09.15 07:58:16.086,7.0967,7.0988,1.00,1.00
2010.09.15 07:58:16.430,7.0966,7.09865,1.00,1.00
2010.09.15 07:58:17.185,7.09665,7.09885,1.00,1.00
2010.09.15 07:58:17.534,7.0967,7.0989,1.00,1.00
2010.09.15 07:58:17.882,7.0969,7.09895,1.00,1.00
2010.09.15 07:58:18.952,7.0967,7.09895,1.00,1.00
2010.09.15 07:58:19.300,7.0969,7.09895,1.00,1.00
2010.09.15 07:58:20.460,7.0969,7.0991,1.00,1.00
2010.09.15 07:58:21.039,7.097,7.09905,1.00,1.00
2010.09.15 07:58:21.403,7.097,7.0991,1.00,1.00
2010.09.15 07:58:22.787,7.09715,7.0991,1.00,1.00
2010.09.15 07:58:23.133,7.0972,7.09925,1.00,1.00
2010.09.15 07:58:23.382,7.09755,7.09935,1.00,1.00
2010.09.15 07:58:23.847,7.09755,7.0995,1.00,1.00
2010.09.15 07:58:24.101,7.0972,7.09925,1.00,1.00
2010.09.15 07:58:24.357,7.0973,7.09925,1.00,1.00
2010.09.15 07:58:25.104,7.0972,7.09925,1.00,1.00
2010.09.15 07:58:25.448,7.0974,7.0995,1.00,1.00
2010.09.15 07:58:26.235,7.09715,7.09925,3.20,1.00
2010.09.15 07:58:26.586,7.09645,7.0987,1.00,1.00
2010.09.15 07:58:27.317,7.09645,7.09845,1.00,1.00
2010.09.15 07:58:27.648,7.09655,7.0985,1.00,1.00
2010.09.15 07:58:29.006,7.0968,7.09905,1.00,1.00
2010.09.15 07:58:29.306,7.0972,7.09925,1.00,1.00
2010.09.15 07:58:30.065,7.0972,7.09935,1.00,1.00
2010.09.15 07:58:30.409,7.0973,7.09935,1.00,1.00
2010.09.15 07:58:32.328,7.0973,7.09935,1.00,2.40
2010.09.15 07:58:32.503,7.0971,7.09915,1.00,1.00
2010.09.15 07:58:33.060,7.0971,7.09915,1.00,1.00
2010.09.15 07:58:33.377,7.097,7.09905,1.00,1.00
2010.09.15 07:58:33.686,7.097,7.0991,1.00,1.00
2010.09.15 07:58:35.120,7.097,7.09905,1.00,1.70
2010.09.15 07:58:35.354,7.0971,7.0991,1.00,1.00
2010.09.15 07:58:35.570,7.0971,7.09915,1.00,1.00
2010.09.15 07:58:35.788,7.0972,7.09915,1.00,1.00
2010.09.15 07:58:36.572,7.0972,7.09905,1.00,1.00
2010.09.15 07:58:36.852,7.097,7.09905,1.00,2.40
2010.09.15 07:58:37.127,7.097,7.09905,1.00,1.00
2010.09.15 07:58:38.597,7.0971,7.09905,1.00,1.00
2010.09.15 07:58:39.569,7.0972,7.09915,1.00,1.00
2010.09.15 07:58:40.857,7.0971,7.09915,1.00,1.00
2010.09.15 07:58:41.398,7.0971,7.09915,1.00,2.50
2010.09.15 07:58:42.268,7.0971,7.09905,1.00,1.60
2010.09.15 07:58:42.457,7.097,7.09915,1.00,1.00
2010.09.15 07:58:43.057,7.097,7.0991,1.00,1.00
2010.09.15 07:58:43.928,7.097,7.09905,1.00,1.00
2010.09.15 07:58:44.346,7.097,7.09895,1.00,1.60
2010.09.15 07:58:46.242,7.0966,7.09855,1.00,1.00
2010.09.15 07:58:46.589,7.0966,7.0986,1.00,1.00
2010.09.15 07:58:46.943,7.09655,7.0986,1.00,1.00
2010.09.15 07:58:47.402,7.0965,7.0986,3.20,1.00
2010.09.15 07:58:47.761,7.0965,7.09855,1.00,1.70
2010.09.15 07:58:48.003,7.0964,7.09855,1.00,1.70
2010.09.15 07:58:48.640,7.0964,7.09845,1.00,1.60
2010.09.15 07:58:48.950,7.096,7.098,1.00,1.00
2010.09.15 07:58:49.248,7.096,7.098,1.00,1.00
2010.09.15 07:58:49.539,7.0961,7.098,1.00,1.00
2010.09.15 07:58:50.299,7.0964,7.0984,1.00,1.00
2010.09.15 07:58:50.646,7.0965,7.0984,1.00,1.00
2010.09.15 07:58:51.305,7.0963,7.0984,1.00,1.00
2010.09.15 07:58:51.618,7.0962,7.09825,1.00,1.00
2010.09.15 07:58:52.978,7.0963,7.09835,1.00,1.60
2010.09.15 07:58:54.679,7.09625,7.09835,3.40,1.60
2010.09.15 07:58:55.012,7.09625,7.09835,3.20,1.60
2010.09.15 07:58:55.160,7.09625,7.09825,3.20,1.60
2010.09.15 07:58:55.677,7.096,7.0981,1.00,1.00
2010.09.15 07:58:56.017,7.0959,7.0979,1.00,1.00
2010.09.15 07:58:57.641,7.096,7.0979,1.00,1.00
2010.09.15 07:58:58.628,7.0961,7.0981,1.00,1.00
2010.09.15 07:58:58.963,7.0961,7.09795,1.00,1.00
2010.09.15 07:58:59.656,7.09625,7.098,3.20,1.00
2010.09.15 07:58:59.952,7.0959,7.09795,1.00,1.00
2010.09.15 07:59:01.356,7.096,7.098,1.00,1.00
2010.09.15 07:59:01.639,7.0962,7.098,1.00,1.00
2010.09.15 07:59:01.920,7.0962,7.0982,1.00,1.00
2010.09.15 07:59:02.585,7.09625,7.0982,1.00,1.00
2010.09.15 07:59:02.621,7.0962,7.0982,1.00,1.00
2010.09.15 07:59:02.974,7.0963,7.0982,1.00,1.00
2010.09.15 07:59:03.959,7.09625,7.0982,3.20,1.00
2010.09.15 07:59:05.394,7.0963,7.0982,1.00,1.00
2010.09.15 07:59:06.158,7.0964,7.0983,1.00,1.00
2010.09.15 07:59:06.776,7.0964,7.0984,1.00,1.00
2010.09.15 07:59:07.057,7.0963,7.09835,1.00,1.00
2010.09.15 07:59:08.797,7.0963,7.0984,1.00,1.00
2010.09.15 07:59:11.549,7.09625,7.09805,3.20,1.00
2010.09.15 07:59:12.197,7.0963,7.09805,1.00,1.00
2010.09.15 07:59:12.539,7.0961,7.09795,1.00,1.00
2010.09.15 07:59:13.811,7.096,7.09795,1.00,1.00
2010.09.15 07:59:14.169,7.0965,7.09835,1.00,1.00
2010.09.15 07:59:14.856,7.0965,7.0985,1.00,1.00
2010.09.15 07:59:15.847,7.0964,7.0985,1.00,1.00
2010.09.15 07:59:16.189,7.0964,7.0984,1.00,1.00
2010.09.15 07:59:18.602,7.0965,7.09845,1.00,1.00
2010.09.15 07:59:18.897,7.0964,7.09845,1.00,1.00
2010.09.15 07:59:19.187,7.0964,7.09845,1.00,1.00
2010.09.15 07:59:21.855,7.0963,7.09845,1.00,1.00
2010.09.15 07:59:22.164,7.0964,7.0984,1.00,1.00
2010.09.15 07:59:22.766,7.0963,7.0984,1.00,1.00
2010.09.15 07:59:23.071,7.09625,7.09835,3.20,1.00
2010.09.15 07:59:23.664,7.09625,7.09825,3.20,1.00
2010.09.15 07:59:23.964,7.0959,7.09785,1.00,1.00
2010.09.15 07:59:24.589,7.0958,7.09785,1.00,1.00
2010.09.15 07:59:24.832,7.0958,7.0978,1.00,1.00
2010.09.15 07:59:26.174,7.096,7.098,1.00,1.00
2010.09.15 07:59:26.429,7.096,7.09805,1.00,1.00
2010.09.15 07:59:28.865,7.0961,7.09805,1.00,1.00
2010.09.15 07:59:29.810,7.096,7.09805,1.00,1.00
2010.09.15 07:59:30.516,7.09625,7.09805,1.00,1.00
2010.09.15 07:59:31.447,7.09625,7.0984,3.20,1.00
2010.09.15 07:59:31.796,7.0961,7.09825,1.00,1.00
2010.09.15 07:59:32.590,7.096,7.09825,1.00,1.00
2010.09.15 07:59:36.118,7.0961,7.09825,1.00,1.00
2010.09.15 07:59:36.354,7.09625,7.09835,3.40,1.00
2010.09.15 07:59:37.220,7.0965,7.0985,1.00,1.00
2010.09.15 07:59:37.456,7.0963,7.0986,1.00,1.00
2010.09.15 07:59:38.906,7.0963,7.0986,1.00,1.00
2010.09.15 07:59:39.176,7.0963,7.0985,1.00,1.00
2010.09.15 07:59:41.258,7.0962,7.09825,1.00,1.00
2010.09.15 07:59:41.428,7.0961,7.09825,1.00,1.00
2010.09.15 07:59:42.173,7.096,7.09825,1.00,1.00
2010.09.15 07:59:43.140,7.0965,7.0983,1.00,1.00
2010.09.15 07:59:43.574,7.09625,7.0983,3.40,1.00
2010.09.15 07:59:43.870,7.09655,7.0988,1.00,1.00
2010.09.15 07:59:47.483,7.0963,7.0986,1.00,1.00
2010.09.15 07:59:47.745,7.096,7.0982,1.00,1.00
2010.09.15 07:59:48.394,7.09625,7.0982,1.00,1.00
2010.09.15 07:59:48.747,7.0968,7.0989,1.00,1.00
2010.09.15 07:59:49.875,7.0967,7.09895,1.00,1.00
2010.09.15 07:59:50.227,7.09635,7.0986,1.00,1.00
2010.09.15 07:59:50.760,7.09635,7.09855,1.00,1.00
2010.09.15 07:59:52.546,7.09635,7.0985,1.00,1.00
2010.09.15 07:59:52.893,7.096,7.09825,1.00,1.00
2010.09.15 07:59:53.922,7.096,7.09825,1.00,1.00
2010.09.15 07:59:54.950,7.096,7.09825,1.00,1.00
2010.09.15 07:59:55.179,7.0962,7.09825,3.20,1.00
2010.09.15 07:59:55.400,7.096,7.09825,1.00,1.00
2010.09.15 07:59:56.264,7.096,7.09825,1.00,1.00
2010.09.15 07:59:58.184,7.096,7.09825,1.00,2.60
2010.09.15 07:59:58.485,7.0959,7.09805,3.20,1.00
2010.09.15 07:59:59.169,7.09575,7.09805,1.00,1.00
2010.09.15 07:59:59.783,7.09625,7.0981,1.00,1.00
