2017.06.15 15:00:00.100,8.75171,8.75313,1.00,1.00
2017.06.15 15:00:00.202,8.75171,8.75297,1.00,1.00
2017.06.15 15:00:00.508,8.75141,8.75281,1.00,1.15
2017.06.15 15:00:00.610,8.75141,8.7526,1.00,1.00
2017.06.15 15:00:00.813,8.75158,8.75287,1.00,1.06
2017.06.15 15:00:00.966,8.7514,8.75284,1.00,1.00
2017.06.15 15:00:01.165,8.7514,8.75277,1.00,1.00
2017.06.15 15:00:01.216,8.7514,8.75282,1.00,1.00
2017.06.15 15:00:01.267,8.7514,8.7526,1.00,1.00
2017.06.15 15:00:01.319,8.75122,8.7526,1.00,1.00
2017.06.15 15:00:01.371,8.75106,8.75215,1.00,1.00
2017.06.15 15:00:01.473,8.75106,8.75249,1.00,1.00
2017.06.15 15:00:01.576,8.75106,8.75219,1.00,1.00
2017.06.15 15:00:01.917,8.75111,8.75225,1.00,1.00
2017.06.15 15:00:02.024,8.7509,8.75225,1.00,1.00
2017.06.15 15:00:02.075,8.75076,8.75218,1.00,1.00
2017.06.15 15:00:02.126,8.75076,8.75202,1.00,1.00
2017.06.15 15:00:02.229,8.75057,8.75199,1.00,1.00
2017.06.15 15:00:02.281,8.75066,8.75202,1.00,1.00
2017.06.15 15:00:02.385,8.75061,8.75202,1.00,1.50
2017.06.15 15:00:02.436,8.75061,8.75192,1.00,1.00
2017.06.15 15:00:02.807,8.7506,8.75201,1.00,1.00
2017.06.15 15:00:03.290,8.75044,8.75186,1.00,1.00
2017.06.15 15:00:03.341,8.7503,8.75171,1.00,1.00
2017.06.15 15:00:03.762,8.75041,8.75178,1.00,1.00
2017.06.15 15:00:04.022,8.75025,8.75167,1.00,1.00
2017.06.15 15:00:04.125,8.75046,8.75181,1.00,1.00
2017.06.15 15:00:04.376,8.75046,8.75187,1.00,1.00
2017.06.15 15:00:04.851,8.75046,8.75182,1.00,1.00
2017.06.15 15:00:05.071,8.75046,8.75187,1.00,1.00
2017.06.15 15:00:05.668,8.75046,8.75188,1.00,1.50
2017.06.15 15:00:05.771,8.75046,8.75182,1.00,1.00
2017.06.15 15:00:05.873,8.75046,8.75188,1.00,1.50
2017.06.15 15:00:06.179,8.75046,8.75169,1.00,1.00
2017.06.15 15:00:06.230,8.75035,8.75169,1.00,1.00
2017.06.15 15:00:06.509,8.75035,8.75167,1.00,1.00
2017.06.15 15:00:06.830,8.75035,8.75162,1.00,1.00
2017.06.15 15:00:07.175,8.75039,8.75161,1.00,1.00
2017.06.15 15:00:07.380,8.75039,8.75171,1.00,1.00
2017.06.15 15:00:07.952,8.75039,8.75168,1.00,1.00
2017.06.15 15:00:08.054,8.75036,8.75168,1.00,1.00
2017.06.15 15:00:08.150,8.75036,8.75165,1.00,1.00
2017.06.15 15:00:08.482,8.75036,8.75163,1.00,1.00
2017.06.15 15:00:08.962,8.75068,8.75163,1.00,1.00
2017.06.15 15:00:09.013,8.75082,8.75181,1.00,1.00
2017.06.15 15:00:09.173,8.75066,8.75183,1.00,1.00
2017.06.15 15:00:09.224,8.75053,8.75183,1.00,1.00
2017.06.15 15:00:09.429,8.7507,8.75183,1.00,1.00
2017.06.15 15:00:09.761,8.75088,8.75214,1.00,1.00
2017.06.15 15:00:09.913,8.75088,8.7523,1.00,1.00
2017.06.15 15:00:09.964,8.75075,8.75217,1.00,1.00
2017.06.15 15:00:10.015,8.75053,8.75219,1.00,1.00
2017.06.15 15:00:10.376,8.75053,8.75212,1.00,1.00
2017.06.15 15:00:10.596,8.75053,8.75217,1.00,1.00
2017.06.15 15:00:10.935,8.75053,8.75212,1.00,1.00
2017.06.15 15:00:11.138,8.75049,8.75212,1.00,1.00
2017.06.15 15:00:11.230,8.75049,8.75209,1.00,1.00
2017.06.15 15:00:11.630,8.75049,8.75201,1.00,1.00
2017.06.15 15:00:11.935,8.75054,8.7519,1.00,1.00
2017.06.15 15:00:12.138,8.7504,8.75182,1.00,1.00
2017.06.15 15:00:12.353,8.7504,8.75169,1.00,1.00
2017.06.15 15:00:12.745,8.75053,8.7518,1.00,1.00
2017.06.15 15:00:13.056,8.75065,8.75168,1.00,1.00
2017.06.15 15:00:13.223,8.7508,8.75193,1.00,1.00
2017.06.15 15:00:13.533,8.75072,8.75193,1.00,1.00
2017.06.15 15:00:13.584,8.75072,8.75204,1.00,1.00
2017.06.15 15:00:13.812,8.75062,8.75204,1.00,1.50
2017.06.15 15:00:13.871,8.75062,8.75196,1.00,1.00
2017.06.15 15:00:14.202,8.75073,8.75203,1.00,1.00
2017.06.15 15:00:14.405,8.75071,8.75203,1.00,1.00
2017.06.15 15:00:14.456,8.75071,8.75205,1.00,1.00
2017.06.15 15:00:14.608,8.75056,8.75205,1.00,1.00
2017.06.15 15:00:15.018,8.75056,8.75197,1.00,1.00
2017.06.15 15:00:15.369,8.75061,8.75194,1.00,1.00
2017.06.15 15:00:15.674,8.75068,8.75193,1.00,1.00
2017.06.15 15:00:15.846,8.75058,8.75193,1.00,1.00
2017.06.15 15:00:15.897,8.75058,8.75227,1.00,1.00
2017.06.15 15:00:15.950,8.75038,8.75209,1.00,1.00
2017.06.15 15:00:16.318,8.75034,8.75193,1.00,1.00
2017.06.15 15:00:16.473,8.75037,8.752,1.00,1.00
2017.06.15 15:00:16.524,8.75037,8.75208,1.00,1.00
2017.06.15 15:00:16.723,8.75034,8.75171,1.00,1.00
2017.06.15 15:00:16.825,8.75014,8.75171,1.00,1.00
2017.06.15 15:00:16.876,8.75,8.75171,1.00,1.50
2017.06.15 15:00:16.978,8.74999,8.75159,1.00,1.00
2017.06.15 15:00:17.305,8.74999,8.75152,1.00,1.00
2017.06.15 15:00:17.650,8.74999,8.75147,1.00,1.00
2017.06.15 15:00:17.970,8.74999,8.75142,1.00,1.00
2017.06.15 15:00:18.320,8.74999,8.7514,1.00,1.00
2017.06.15 15:00:18.655,8.75067,8.75203,1.00,1.00
2017.06.15 15:00:18.960,8.75046,8.75159,1.00,1.00
2017.06.15 15:00:19.265,8.75054,8.75161,1.00,1.00
2017.06.15 15:00:19.588,8.75054,8.75153,1.00,1.00
2017.06.15 15:00:19.640,8.75054,8.75172,1.00,1.00
2017.06.15 15:00:19.926,8.75054,8.75158,1.00,1.00
2017.06.15 15:00:20.352,8.75048,8.75158,1.00,1.00
2017.06.15 15:00:20.403,8.75048,8.75154,1.00,1.00
2017.06.15 15:00:20.806,8.75048,8.75151,1.00,1.00
2017.06.15 15:00:21.095,8.75042,8.75151,1.00,1.00
2017.06.15 15:00:21.146,8.75042,8.75144,1.00,1.00
2017.06.15 15:00:21.197,8.75027,8.75133,1.00,1.00
2017.06.15 15:00:21.365,8.74999,8.75079,1.00,1.00
2017.06.15 15:00:21.619,8.75019,8.75111,1.00,1.00
2017.06.15 15:00:21.873,8.75019,8.7513,1.00,1.00
2017.06.15 15:00:21.924,8.74984,8.7513,1.00,1.00
2017.06.15 15:00:22.140,8.74984,8.75123,1.00,1.00
2017.06.15 15:00:22.493,8.74984,8.75116,1.00,1.00
2017.06.15 15:00:22.810,8.74994,8.75132,1.00,1.00
2017.06.15 15:00:23.146,8.74994,8.75125,1.00,1.00
2017.06.15 15:00:23.473,8.74994,8.7512,1.00,1.00
2017.06.15 15:00:23.625,8.7499,8.7512,1.00,1.00
2017.06.15 15:00:23.676,8.7499,8.75126,1.00,1.00
2017.06.15 15:00:23.881,8.7499,8.75119,1.00,1.00
2017.06.15 15:00:24.250,8.74985,8.75125,1.50,1.00
2017.06.15 15:00:24.352,8.74985,8.75106,1.00,1.00
2017.06.15 15:00:24.556,8.74989,8.75124,1.00,1.00
2017.06.15 15:00:25.007,8.74985,8.75126,1.00,1.00
2017.06.15 15:00:25.109,8.74985,8.75104,1.00,1.00
2017.06.15 15:00:25.436,8.74994,8.75108,1.00,1.00
2017.06.15 15:00:25.898,8.74995,8.75105,1.00,1.00
2017.06.15 15:00:26.272,8.74986,8.75105,1.00,1.00
2017.06.15 15:00:26.528,8.74965,8.75105,1.00,1.00
2017.06.15 15:00:26.579,8.74962,8.75068,1.00,1.00
2017.06.15 15:00:26.916,8.74978,8.75089,1.00,1.00
2017.06.15 15:00:27.242,8.74999,8.75091,1.00,1.00
2017.06.15 15:00:27.344,8.74999,8.75112,1.00,1.00
2017.06.15 15:00:27.802,8.74999,8.75117,1.00,1.00
2017.06.15 15:00:27.854,8.75006,8.75117,1.00,1.00
2017.06.15 15:00:28.075,8.74995,8.75117,1.00,1.00
2017.06.15 15:00:28.177,8.74984,8.75117,1.00,1.00
2017.06.15 15:00:28.228,8.74984,8.75093,1.00,1.00
2017.06.15 15:00:28.535,8.74991,8.75098,1.00,1.00
2017.06.15 15:00:29.122,8.74991,8.75097,1.00,1.00
2017.06.15 15:00:29.410,8.74991,8.75104,1.00,1.00
2017.06.15 15:00:29.547,8.74983,8.75104,1.00,1.00
2017.06.15 15:00:29.725,8.74974,8.75104,1.00,1.00
2017.06.15 15:00:29.778,8.74974,8.75093,1.00,1.00
2017.06.15 15:00:30.086,8.74974,8.75101,1.00,1.00
2017.06.15 15:00:30.324,8.74958,8.75095,1.00,1.00
2017.06.15 15:00:30.610,8.7495,8.75095,1.00,1.00
2017.06.15 15:00:30.661,8.7495,8.75076,1.00,1.00
2017.06.15 15:00:30.764,8.74961,8.75098,1.00,1.00
2017.06.15 15:00:30.816,8.7497,8.75098,1.00,1.00
2017.06.15 15:00:30.968,8.7497,8.75119,1.00,1.00
2017.06.15 15:00:31.070,8.7497,8.75124,1.00,1.00
2017.06.15 15:00:31.602,8.7497,8.75123,1.50,1.00
2017.06.15 15:00:31.831,8.7497,8.75116,1.00,1.00
2017.06.15 15:00:31.882,8.74958,8.75116,1.00,1.00
2017.06.15 15:00:31.936,8.74945,8.7511,1.00,1.00
2017.06.15 15:00:31.987,8.74945,8.75092,1.00,1.00
2017.06.15 15:00:32.291,8.74945,8.75089,1.00,1.00
2017.06.15 15:00:32.712,8.74955,8.75088,1.00,1.00
2017.06.15 15:00:33.054,8.74955,8.7508,1.00,1.00
2017.06.15 15:00:33.389,8.74955,8.75072,1.00,1.00
2017.06.15 15:00:33.604,8.7495,8.75073,1.00,1.00
2017.06.15 15:00:33.814,8.74946,8.75072,1.00,1.00
2017.06.15 15:00:34.139,8.74946,8.75069,1.00,1.00
2017.06.15 15:00:34.690,8.74946,8.75064,1.00,1.00
2017.06.15 15:00:35.062,8.74947,8.75052,1.00,1.00
2017.06.15 15:00:35.270,8.7494,8.75059,1.00,1.00
2017.06.15 15:00:35.616,8.74925,8.75062,1.00,1.00
2017.06.15 15:00:35.908,8.74925,8.75058,1.00,1.00
2017.06.15 15:00:36.212,8.74928,8.75058,1.00,1.00
2017.06.15 15:00:36.364,8.74916,8.7506,1.00,1.00
2017.06.15 15:00:36.707,8.74916,8.7505,1.00,1.00
2017.06.15 15:00:37.046,8.74907,8.75048,1.00,1.00
2017.06.15 15:00:37.097,8.74897,8.75048,1.00,1.00
2017.06.15 15:00:37.148,8.74904,8.75048,1.00,1.00
2017.06.15 15:00:37.531,8.74935,8.75038,1.00,1.00
2017.06.15 15:00:37.584,8.74935,8.75045,1.00,1.00
2017.06.15 15:00:37.635,8.74905,8.75045,1.00,1.00
2017.06.15 15:00:37.797,8.74905,8.75063,1.00,1.00
2017.06.15 15:00:37.962,8.74942,8.75063,1.00,1.00
2017.06.15 15:00:38.114,8.74942,8.75071,1.00,1.00
2017.06.15 15:00:38.317,8.74951,8.75071,1.00,1.00
2017.06.15 15:00:38.434,8.74951,8.75087,1.00,1.00
2017.06.15 15:00:38.485,8.74962,8.75087,1.00,1.00
2017.06.15 15:00:38.691,8.74967,8.75099,1.00,1.00
2017.06.15 15:00:39.198,8.74967,8.75098,1.00,1.00
2017.06.15 15:00:39.317,8.74967,8.75092,1.00,1.00
2017.06.15 15:00:39.469,8.74967,8.75112,1.00,1.00
2017.06.15 15:00:39.624,8.74941,8.75112,1.00,1.00
2017.06.15 15:00:39.675,8.74941,8.75101,1.00,1.00
2017.06.15 15:00:40.019,8.74941,8.75083,1.00,1.00
2017.06.15 15:00:40.070,8.74936,8.75083,1.00,1.00
2017.06.15 15:00:40.192,8.74936,8.75079,1.00,1.00
2017.06.15 15:00:40.685,8.74939,8.75078,1.00,1.00
2017.06.15 15:00:40.991,8.74939,8.75072,1.00,1.00
2017.06.15 15:00:41.194,8.74939,8.75074,1.00,1.00
2017.06.15 15:00:41.389,8.7493,8.75061,1.00,1.00
2017.06.15 15:00:41.491,8.7491,8.75047,1.00,1.00
2017.06.15 15:00:41.542,8.74907,8.75047,1.00,1.00
2017.06.15 15:00:42.060,8.74907,8.75044,1.00,1.00
2017.06.15 15:00:42.374,8.74912,8.75044,1.00,1.00
2017.06.15 15:00:42.695,8.74912,8.75039,1.00,1.00
2017.06.15 15:00:43.242,8.74912,8.7504,1.00,1.00
2017.06.15 15:00:43.599,8.74912,8.75037,1.00,1.00
2017.06.15 15:00:43.835,8.74902,8.75032,1.00,1.00
2017.06.15 15:00:43.988,8.74904,8.75031,1.00,1.00
2017.06.15 15:00:44.089,8.749,8.7504,1.00,1.00
2017.06.15 15:00:44.265,8.74905,8.75038,1.00,1.00
2017.06.15 15:00:44.570,8.74908,8.75025,1.00,1.00
2017.06.15 15:00:44.875,8.74908,8.75,1.00,1.00
2017.06.15 15:00:45.078,8.74908,8.7502,1.00,1.00
2017.06.15 15:00:45.362,8.7492,8.7502,1.00,1.00
2017.06.15 15:00:45.414,8.74893,8.75023,1.00,1.00
2017.06.15 15:00:45.465,8.74907,8.75023,1.00,1.00
2017.06.15 15:00:45.789,8.74907,8.75004,1.00,1.00
2017.06.15 15:00:45.840,8.74901,8.75051,1.00,1.00
2017.06.15 15:00:46.197,8.749,8.75036,1.00,1.00
2017.06.15 15:00:46.315,8.74902,8.75053,1.00,1.00
2017.06.15 15:00:46.417,8.74904,8.75041,1.00,1.00
2017.06.15 15:00:46.800,8.74915,8.75033,1.00,1.00
2017.06.15 15:00:46.851,8.74926,8.75058,1.00,1.00
2017.06.15 15:00:46.953,8.74942,8.75058,1.00,1.00
2017.06.15 15:00:47.055,8.74948,8.7507,1.00,1.00
2017.06.15 15:00:47.106,8.74973,8.7507,1.00,1.00
2017.06.15 15:00:47.157,8.74973,8.75087,1.00,1.00
2017.06.15 15:00:47.378,8.74973,8.75107,1.00,1.00
2017.06.15 15:00:47.480,8.74972,8.75086,1.00,1.00
2017.06.15 15:00:47.531,8.74948,8.75082,1.00,1.00
2017.06.15 15:00:47.582,8.74948,8.75056,1.00,1.00
2017.06.15 15:00:47.837,8.74941,8.75056,1.00,1.00
2017.06.15 15:00:47.938,8.74941,8.75043,1.00,1.00
2017.06.15 15:00:48.040,8.74916,8.75043,1.00,1.00
2017.06.15 15:00:48.189,8.74893,8.75034,1.50,1.00
2017.06.15 15:00:48.240,8.74851,8.7499,1.00,1.00
2017.06.15 15:00:48.546,8.74821,8.74953,1.00,1.37
2017.06.15 15:00:48.851,8.74821,8.74941,1.00,1.00
2017.06.15 15:00:49.074,8.74783,8.74919,1.00,1.00
2017.06.15 15:00:49.125,8.74797,8.74919,1.00,1.00
2017.06.15 15:00:49.330,8.74759,8.74908,1.00,1.00
2017.06.15 15:00:49.381,8.74791,8.74908,1.00,1.00
2017.06.15 15:00:49.730,8.74772,8.74908,1.00,1.00
2017.06.15 15:00:50.179,8.7475,8.74892,1.00,1.00
2017.06.15 15:00:50.474,8.74732,8.74873,1.00,1.00
2017.06.15 15:00:50.781,8.74752,8.74854,1.00,1.00
2017.06.15 15:00:51.235,8.74752,8.74865,1.00,1.00
2017.06.15 15:00:51.410,8.74752,8.74867,1.00,1.00
2017.06.15 15:00:51.512,8.74763,8.74867,1.00,1.00
2017.06.15 15:00:51.715,8.74745,8.74856,1.00,1.00
2017.06.15 15:00:51.766,8.74731,8.74856,1.00,1.00
2017.06.15 15:00:52.007,8.74765,8.74838,1.00,1.00
2017.06.15 15:00:52.109,8.74765,8.74847,1.00,1.00
2017.06.15 15:00:52.261,8.74786,8.74847,1.00,1.00
2017.06.15 15:00:52.312,8.74786,8.74864,1.00,1.00
2017.06.15 15:00:52.414,8.74769,8.74886,1.00,1.00
2017.06.15 15:00:52.764,8.74772,8.74879,1.00,1.00
2017.06.15 15:00:53.079,8.74772,8.74907,1.00,1.00
2017.06.15 15:00:53.130,8.74789,8.74907,1.00,1.00
2017.06.15 15:00:53.434,8.74789,8.74904,1.00,1.00
2017.06.15 15:00:53.771,8.74789,8.74901,1.00,1.00
2017.06.15 15:00:53.955,8.74793,8.74919,1.00,1.00
2017.06.15 15:00:54.156,8.74786,8.74919,1.00,1.00
2017.06.15 15:00:54.270,8.74786,8.74914,1.00,1.00
2017.06.15 15:00:54.929,8.74786,8.74912,1.00,1.00
2017.06.15 15:00:55.254,8.74807,8.74921,1.00,1.12
2017.06.15 15:00:56.119,8.74796,8.74928,1.00,1.37
2017.06.15 15:00:56.241,8.74807,8.74928,1.00,1.37
2017.06.15 15:00:56.632,8.74798,8.74926,1.00,1.37
2017.06.15 15:00:56.691,8.74798,8.74916,1.00,1.00
2017.06.15 15:00:56.825,8.74786,8.74916,1.00,1.00
2017.06.15 15:00:57.066,8.74786,8.74902,1.00,1.00
2017.06.15 15:00:57.119,8.74774,8.74902,1.00,1.00
2017.06.15 15:00:57.350,8.74774,8.74908,1.00,1.00
2017.06.15 15:00:57.418,8.7479,8.74909,1.00,1.00
2017.06.15 15:00:57.763,8.74803,8.7491,1.00,1.00
2017.06.15 15:00:57.814,8.74813,8.74928,1.00,1.37
2017.06.15 15:00:58.513,8.74822,8.74947,1.00,1.75
2017.06.15 15:00:58.940,8.74811,8.74944,1.00,1.75
2017.06.15 15:00:59.042,8.74786,8.74919,1.00,1.00
2017.06.15 15:00:59.143,8.74786,8.74908,1.00,1.00
2017.06.15 15:00:59.440,8.74786,8.74912,1.00,1.00
2017.06.15 15:00:59.542,8.74769,8.74902,1.00,1.37
2017.06.15 15:00:59.846,8.74802,8.74936,1.00,1.00
2017.06.15 15:01:00.355,8.74802,8.74934,1.00,1.00
2017.06.15 15:01:00.686,8.74811,8.7493,1.00,1.00
2017.06.15 15:01:00.888,8.74811,8.74941,1.00,1.00
2017.06.15 15:01:01.335,8.74815,8.74942,1.00,1.00
2017.06.15 15:01:01.644,8.74815,8.74941,1.00,1.75
2017.06.15 15:01:01.696,8.748,8.74932,1.00,1.75
2017.06.15 15:01:01.747,8.748,8.74932,1.00,1.00
2017.06.15 15:01:01.798,8.74812,8.7491,1.00,1.00
2017.06.15 15:01:01.900,8.74812,8.74943,1.00,1.00
2017.06.15 15:01:02.155,8.74803,8.74932,1.00,1.00
2017.06.15 15:01:02.791,8.74809,8.74939,1.00,1.00
2017.06.15 15:01:02.870,8.7481,8.74927,1.00,1.00
2017.06.15 15:01:03.620,8.74811,8.74927,1.00,1.00
2017.06.15 15:01:04.344,8.7484,8.74958,1.00,1.75
2017.06.15 15:01:04.562,8.74825,8.74959,1.00,1.00
2017.06.15 15:01:04.919,8.74825,8.74959,1.00,1.37
2017.06.15 15:01:05.547,8.74823,8.74956,1.00,1.37
2017.06.15 15:01:05.598,8.74817,8.74951,1.00,1.00
2017.06.15 15:01:05.980,8.74817,8.74949,1.00,1.00
2017.06.15 15:01:06.353,8.74833,8.74962,1.00,1.00
2017.06.15 15:01:06.406,8.74847,8.7498,1.00,1.00
2017.06.15 15:01:06.787,8.74841,8.74973,1.00,1.00
2017.06.15 15:01:07.033,8.74819,8.74953,1.00,1.00
2017.06.15 15:01:07.838,8.74811,8.74943,1.00,1.00
2017.06.15 15:01:08.239,8.74822,8.74956,1.00,1.37
2017.06.15 15:01:08.552,8.74823,8.74941,1.00,1.00
2017.06.15 15:01:08.654,8.74824,8.74957,1.00,1.37
2017.06.15 15:01:08.706,8.74837,8.74959,1.00,1.37
2017.06.15 15:01:08.808,8.74824,8.74958,1.00,1.37
2017.06.15 15:01:09.137,8.74824,8.74958,1.00,1.00
2017.06.15 15:01:09.564,8.74824,8.74921,1.00,1.00
2017.06.15 15:01:09.615,8.74803,8.74921,1.00,1.00
2017.06.15 15:01:09.666,8.74803,8.74915,1.00,1.00
2017.06.15 15:01:09.768,8.74803,8.74921,1.00,1.00
2017.06.15 15:01:09.869,8.74801,8.74921,1.00,1.00
2017.06.15 15:01:09.920,8.74801,8.74933,1.00,1.37
2017.06.15 15:01:10.121,8.74825,8.74934,1.00,1.37
2017.06.15 15:01:10.274,8.7484,8.7495,1.00,1.00
2017.06.15 15:01:10.376,8.7484,8.74973,1.00,1.50
2017.06.15 15:01:11.167,8.74845,8.74977,1.00,1.75
2017.06.15 15:01:11.218,8.74843,8.74961,1.00,1.37
2017.06.15 15:01:11.320,8.74836,8.74969,1.00,1.37
2017.06.15 15:01:11.778,8.74847,8.74965,1.00,1.37
2017.06.15 15:01:12.507,8.74846,8.74964,1.00,1.37
2017.06.15 15:01:12.558,8.74846,8.74964,1.00,1.00
2017.06.15 15:01:12.987,8.74841,8.74959,1.00,1.00
2017.06.15 15:01:13.291,8.74829,8.74963,1.00,1.00
2017.06.15 15:01:13.859,8.74822,8.7494,1.00,1.00
2017.06.15 15:01:14.298,8.74816,8.74934,1.00,1.00
2017.06.15 15:01:14.603,8.74839,8.74955,1.00,1.00
2017.06.15 15:01:14.704,8.74848,8.74966,1.00,1.00
2017.06.15 15:01:15.483,8.74856,8.74974,1.00,1.00
2017.06.15 15:01:15.923,8.74868,8.74984,1.00,1.00
2017.06.15 15:01:16.076,8.74868,8.74986,1.00,1.00
2017.06.15 15:01:16.783,8.74874,8.74987,1.00,1.00
2017.06.15 15:01:17.006,8.74874,8.74989,1.00,1.00
2017.06.15 15:01:17.261,8.74874,8.74992,1.00,1.00
2017.06.15 15:01:18.005,8.74875,8.74993,1.00,1.00
2017.06.15 15:01:18.520,8.74888,8.74993,1.00,1.00
2017.06.15 15:01:18.571,8.7489,8.74999,1.00,1.00
2017.06.15 15:01:18.707,8.74881,8.74999,1.00,1.00
2017.06.15 15:01:18.920,8.74889,8.74999,1.00,1.00
2017.06.15 15:01:19.435,8.74885,8.74998,1.00,1.00
2017.06.15 15:01:19.815,8.74885,8.74988,1.00,1.00
2017.06.15 15:01:19.866,8.74884,8.74999,1.00,1.00
2017.06.15 15:01:19.967,8.74884,8.74999,1.00,1.65
2017.06.15 15:01:20.069,8.74884,8.74999,1.00,1.00
2017.06.15 15:01:20.120,8.74887,8.74999,1.00,1.00
2017.06.15 15:01:20.373,8.74854,8.74972,1.00,1.00
2017.06.15 15:01:20.677,8.74854,8.74956,1.00,1.00
2017.06.15 15:01:20.727,8.74811,8.74929,1.00,1.00
2017.06.15 15:01:20.829,8.74832,8.7495,1.00,1.00
2017.06.15 15:01:21.134,8.7486,8.74978,1.00,1.00
2017.06.15 15:01:21.541,8.74867,8.74985,1.00,1.00
2017.06.15 15:01:21.987,8.74901,8.75017,1.00,1.00
2017.06.15 15:01:22.513,8.74901,8.75018,1.00,1.00
2017.06.15 15:01:22.980,8.74891,8.75008,1.00,1.00
2017.06.15 15:01:23.900,8.74911,8.75024,1.00,1.00
2017.06.15 15:01:23.951,8.74909,8.75024,1.00,1.00
2017.06.15 15:01:24.002,8.74909,8.75027,1.00,1.00
2017.06.15 15:01:24.104,8.74924,8.75041,1.00,1.37
2017.06.15 15:01:24.155,8.74924,8.75041,1.00,1.00
2017.06.15 15:01:24.444,8.74909,8.75027,1.00,1.00
2017.06.15 15:01:25.052,8.74898,8.75016,1.00,1.00
2017.06.15 15:01:25.381,8.74915,8.75033,1.00,1.00
2017.06.15 15:01:25.636,8.74942,8.75062,1.00,1.00
2017.06.15 15:01:25.738,8.74923,8.75042,1.00,1.00
2017.06.15 15:01:26.056,8.74934,8.75042,1.00,1.00
2017.06.15 15:01:26.107,8.74934,8.7505,1.00,1.00
2017.06.15 15:01:26.209,8.74927,8.75045,1.00,1.00
2017.06.15 15:01:26.529,8.74923,8.7504,1.00,1.00
2017.06.15 15:01:26.879,8.74933,8.75045,1.00,1.00
2017.06.15 15:01:26.982,8.74933,8.75053,1.00,1.00
2017.06.15 15:01:27.183,8.74941,8.75053,1.00,1.00
2017.06.15 15:01:27.269,8.74941,8.75055,1.00,1.12
2017.06.15 15:01:27.575,8.74931,8.75049,1.00,1.00
2017.06.15 15:01:28.577,8.74927,8.75045,1.00,1.00
2017.06.15 15:01:28.914,8.74927,8.7504,1.00,1.37
2017.06.15 15:01:28.965,8.74901,8.75018,1.00,1.00
2017.06.15 15:01:29.067,8.74916,8.7502,1.00,1.00
2017.06.15 15:01:29.169,8.74916,8.75034,1.00,1.50
2017.06.15 15:01:29.525,8.74937,8.75063,1.00,1.10
2017.06.15 15:01:29.731,8.74937,8.75071,1.00,1.00
2017.06.15 15:01:29.833,8.74937,8.75073,1.00,1.00
2017.06.15 15:01:30.143,8.74937,8.75071,1.00,1.00
2017.06.15 15:01:30.448,8.74953,8.75071,1.00,1.00
2017.06.15 15:01:31.733,8.74961,8.75079,1.00,1.00
2017.06.15 15:01:32.052,8.74972,8.7509,1.00,1.00
2017.06.15 15:01:32.378,8.7496,8.75078,1.00,1.00
2017.06.15 15:01:32.736,8.75008,8.75126,1.00,1.50
2017.06.15 15:01:32.789,8.75019,8.75142,1.00,1.00
2017.06.15 15:01:33.397,8.75019,8.75141,1.00,1.10
2017.06.15 15:01:33.448,8.75019,8.75141,1.00,1.44
2017.06.15 15:01:33.708,8.75001,8.75119,1.00,1.00
2017.06.15 15:01:33.760,8.74986,8.75097,1.00,1.00
2017.06.15 15:01:33.862,8.74986,8.75104,1.00,1.00
2017.06.15 15:01:34.639,8.7498,8.75098,1.00,1.00
2017.06.15 15:01:35.885,8.7499,8.75108,1.00,1.00
2017.06.15 15:01:36.405,8.74996,8.75108,1.00,1.00
2017.06.15 15:01:37.494,8.74996,8.75104,1.00,1.00
2017.06.15 15:01:38.539,8.74996,8.75108,1.00,1.00
2017.06.15 15:01:39.140,8.74993,8.75108,1.00,1.00
2017.06.15 15:01:39.241,8.74993,8.75102,1.00,1.00
2017.06.15 15:01:39.572,8.74993,8.75117,1.00,1.00
2017.06.15 15:01:39.623,8.75011,8.75117,1.00,1.00
2017.06.15 15:01:39.827,8.75011,8.75127,1.00,1.00
2017.06.15 15:01:40.191,8.75005,8.75127,1.00,1.00
2017.06.15 15:01:40.350,8.75024,8.75127,1.00,1.00
2017.06.15 15:01:40.503,8.75033,8.7515,1.00,1.00
2017.06.15 15:01:40.605,8.75033,8.75147,1.00,1.13
2017.06.15 15:01:40.860,8.75025,8.75136,1.00,1.13
2017.06.15 15:01:40.962,8.75014,8.75132,1.00,1.13
2017.06.15 15:01:41.013,8.74998,8.75116,1.50,1.00
2017.06.15 15:01:41.426,8.75012,8.75129,1.00,1.00
2017.06.15 15:01:41.528,8.74996,8.75114,1.00,1.00
2017.06.15 15:01:42.537,8.75007,8.75125,1.00,1.00
2017.06.15 15:01:43.062,8.75037,8.75143,1.00,1.13
2017.06.15 15:01:43.113,8.75037,8.75156,1.00,1.00
2017.06.15 15:01:43.266,8.75037,8.75146,1.00,1.00
2017.06.15 15:01:43.418,8.75025,8.75143,1.00,1.00
2017.06.15 15:01:43.469,8.75013,8.75129,1.00,1.00
2017.06.15 15:01:44.463,8.75004,8.75122,1.00,1.00
2017.06.15 15:01:44.622,8.75065,8.75157,1.00,1.00
2017.06.15 15:01:44.790,8.75065,8.75183,1.00,1.00
2017.06.15 15:01:44.942,8.7508,8.75198,1.00,1.00
2017.06.15 15:01:45.470,8.7508,8.75199,1.00,1.00
2017.06.15 15:01:45.984,8.7508,8.75198,1.00,1.00
2017.06.15 15:01:47.199,8.75074,8.75192,1.00,1.00
2017.06.15 15:01:48.405,8.75101,8.75192,1.00,1.00
2017.06.15 15:01:48.456,8.75101,8.75201,1.00,1.00
2017.06.15 15:01:48.660,8.75101,8.75217,1.00,1.00
2017.06.15 15:01:48.813,8.75121,8.75217,1.00,1.00
2017.06.15 15:01:49.018,8.75101,8.75217,1.00,1.00
2017.06.15 15:01:49.150,8.75088,8.75206,1.00,1.00
2017.06.15 15:01:49.201,8.75117,8.75217,1.00,1.00
2017.06.15 15:01:49.404,8.75101,8.75217,1.00,1.00
2017.06.15 15:01:49.557,8.75083,8.75201,1.00,1.00
2017.06.15 15:01:49.761,8.75069,8.75209,1.00,1.00
2017.06.15 15:01:49.812,8.75091,8.75209,1.00,1.00
2017.06.15 15:01:50.187,8.75076,8.75194,1.00,1.00
2017.06.15 15:01:51.687,8.75076,8.75195,1.00,1.00
2017.06.15 15:01:52.222,8.75076,8.75194,1.00,1.00
2017.06.15 15:01:53.336,8.75072,8.7519,1.00,1.00
2017.06.15 15:01:54.131,8.75079,8.75197,1.00,1.00
2017.06.15 15:01:54.813,8.75084,8.75202,1.00,1.00
2017.06.15 15:01:55.826,8.75074,8.75191,1.00,1.00
2017.06.15 15:01:55.927,8.75062,8.7518,1.00,1.00
2017.06.15 15:01:56.827,8.75069,8.75187,1.00,1.00
2017.06.15 15:01:57.843,8.75074,8.7519,1.00,1.00
2017.06.15 15:01:58.163,8.75063,8.75181,1.00,1.00
2017.06.15 15:01:58.449,8.75037,8.75155,1.00,1.00
2017.06.15 15:01:58.772,8.75024,8.75142,1.00,1.00
2017.06.15 15:01:59.586,8.75023,8.75141,1.00,1.00
2017.06.15 15:02:00.055,8.7503,8.75148,1.00,1.00
2017.06.15 15:02:00.477,8.75026,8.75144,1.00,1.00
2017.06.15 15:02:01.050,8.75041,8.75164,1.00,1.00
2017.06.15 15:02:01.101,8.7505,8.75168,1.00,1.00
2017.06.15 15:02:01.420,8.75038,8.75156,1.00,1.00
2017.06.15 15:02:01.724,8.75016,8.75134,1.00,1.00
2017.06.15 15:02:02.130,8.75032,8.7515,1.00,1.00
2017.06.15 15:02:02.462,8.75047,8.75165,1.00,1.50
2017.06.15 15:02:02.666,8.75029,8.75173,1.00,1.00
2017.06.15 15:02:02.717,8.75068,8.75186,1.00,1.00
2017.06.15 15:02:03.023,8.7505,8.75168,1.00,1.00
2017.06.15 15:02:03.333,8.75086,8.75204,1.00,1.00
2017.06.15 15:02:03.637,8.75064,8.7518,1.00,1.00
2017.06.15 15:02:03.891,8.75076,8.75194,1.00,1.00
2017.06.15 15:02:04.013,8.75054,8.7517,1.00,1.00
2017.06.15 15:02:04.166,8.75054,8.75172,1.00,1.00
2017.06.15 15:02:04.369,8.75044,8.75162,1.00,1.00
2017.06.15 15:02:04.674,8.7504,8.75166,1.00,1.00
2017.06.15 15:02:04.725,8.75048,8.75166,1.00,1.00
2017.06.15 15:02:05.031,8.75029,8.75147,1.00,1.00
2017.06.15 15:02:05.365,8.75017,8.75135,1.00,1.00
2017.06.15 15:02:05.671,8.75041,8.75159,1.00,1.00
2017.06.15 15:02:05.976,8.75011,8.75129,1.00,1.00
2017.06.15 15:02:06.259,8.75033,8.7516,1.00,1.00
2017.06.15 15:02:06.310,8.75033,8.75167,1.00,1.00
2017.06.15 15:02:06.412,8.7505,8.75168,1.00,1.00
2017.06.15 15:02:06.636,8.75055,8.75187,1.60,1.00
2017.06.15 15:02:06.687,8.7511,8.7521,1.00,1.00
2017.06.15 15:02:06.840,8.75114,8.75232,1.60,1.00
2017.06.15 15:02:06.891,8.75137,8.75255,1.00,1.00
2017.06.15 15:02:06.942,8.75137,8.75239,1.97,1.00
2017.06.15 15:02:07.044,8.75139,8.75262,1.60,1.00
2017.06.15 15:02:07.095,8.75161,8.75277,1.00,1.00
2017.06.15 15:02:07.147,8.7514,8.75257,1.00,1.00
2017.06.15 15:02:07.249,8.75171,8.75257,1.00,1.00
2017.06.15 15:02:07.413,8.75171,8.75287,1.00,1.57
2017.06.15 15:02:07.464,8.75153,8.75271,1.00,1.00
2017.06.15 15:02:07.515,8.75135,8.7524,1.00,1.00
2017.06.15 15:02:07.566,8.75122,8.7524,1.00,1.00
2017.06.15 15:02:07.718,8.75133,8.75252,1.00,1.00
2017.06.15 15:02:07.770,8.75133,8.75247,1.00,1.00
2017.06.15 15:02:07.923,8.75108,8.75226,1.00,1.00
2017.06.15 15:02:08.183,8.75112,8.75228,1.00,1.00
2017.06.15 15:02:09.187,8.75107,8.75225,1.00,1.00
2017.06.15 15:02:10.236,8.75111,8.75229,1.00,1.00
2017.06.15 15:02:10.565,8.75078,8.75195,1.00,1.00
2017.06.15 15:02:11.298,8.75085,8.75199,1.00,1.00
2017.06.15 15:02:11.840,8.75085,8.752,1.00,1.00
2017.06.15 15:02:11.941,8.75077,8.75194,1.00,1.00
2017.06.15 15:02:12.581,8.7507,8.75188,1.00,1.00
2017.06.15 15:02:12.970,8.75081,8.75196,1.00,1.00
2017.06.15 15:02:13.072,8.75081,8.75198,1.00,1.00
2017.06.15 15:02:13.275,8.75062,8.75179,1.00,1.00
2017.06.15 15:02:13.590,8.75058,8.75175,1.00,1.00
2017.06.15 15:02:13.769,8.75059,8.75177,1.00,1.00
2017.06.15 15:02:14.118,8.75048,8.75164,1.00,1.00
2017.06.15 15:02:14.270,8.75058,8.75176,1.00,1.00
2017.06.15 15:02:14.577,8.75054,8.75172,1.00,1.00
2017.06.15 15:02:14.781,8.75064,8.75191,1.00,1.00
2017.06.15 15:02:15.137,8.75058,8.75176,1.00,1.00
2017.06.15 15:02:15.420,8.75072,8.75204,1.00,1.00
2017.06.15 15:02:15.471,8.75069,8.75187,1.00,1.00
2017.06.15 15:02:15.827,8.75071,8.75203,1.00,1.00
2017.06.15 15:02:15.930,8.75045,8.75197,1.00,1.07
2017.06.15 15:02:15.980,8.75067,8.75197,1.00,1.07
2017.06.15 15:02:16.196,8.7506,8.75194,1.00,1.00
2017.06.15 15:02:16.399,8.75059,8.75177,1.00,1.00
2017.06.15 15:02:16.779,8.75059,8.75173,1.00,1.00
2017.06.15 15:02:16.830,8.75038,8.75156,1.00,1.00
2017.06.15 15:02:17.396,8.75054,8.7517,1.00,1.00
2017.06.15 15:02:17.447,8.75061,8.75179,1.00,1.00
2017.06.15 15:02:18.371,8.75056,8.75174,1.00,1.00
2017.06.15 15:02:18.745,8.75042,8.7516,1.00,1.00
2017.06.15 15:02:18.948,8.7502,8.75154,1.00,1.00
2017.06.15 15:02:19.395,8.75031,8.75147,1.00,1.00
2017.06.15 15:02:20.001,8.75021,8.75139,1.00,1.00
2017.06.15 15:02:20.363,8.75052,8.75168,1.00,1.37
2017.06.15 15:02:20.415,8.75052,8.75168,1.00,1.00
2017.06.15 15:02:20.517,8.75052,8.75185,1.00,1.00
2017.06.15 15:02:20.703,8.75053,8.75171,1.00,1.00
2017.06.15 15:02:21.147,8.75037,8.75155,1.00,1.00
2017.06.15 15:02:21.334,8.7503,8.75164,1.00,1.37
2017.06.15 15:02:21.605,8.75028,8.75146,1.00,1.00
2017.06.15 15:02:22.171,8.75028,8.75147,1.00,1.00
2017.06.15 15:02:22.519,8.75026,8.75144,1.00,1.00
2017.06.15 15:02:23.420,8.75021,8.75139,1.00,1.00
2017.06.15 15:02:23.894,8.75031,8.75149,1.00,1.00
2017.06.15 15:02:24.690,8.75047,8.75166,1.00,1.00
2017.06.15 15:02:24.829,8.75057,8.75175,1.00,1.00
2017.06.15 15:02:24.931,8.75065,8.75184,1.00,1.00
2017.06.15 15:02:25.206,8.7505,8.75168,1.00,1.00
2017.06.15 15:02:25.559,8.75061,8.75179,1.00,1.00
2017.06.15 15:02:25.612,8.75046,8.75166,1.00,1.00
2017.06.15 15:02:25.714,8.75059,8.75177,1.00,1.00
2017.06.15 15:02:26.573,8.75053,8.75171,1.00,1.00
2017.06.15 15:02:26.931,8.75076,8.75208,1.00,1.00
2017.06.15 15:02:27.236,8.75116,8.75227,1.00,1.00
2017.06.15 15:02:27.294,8.75116,8.75243,1.00,1.00
2017.06.15 15:02:27.346,8.75116,8.7525,1.00,1.00
2017.06.15 15:02:27.556,8.75158,8.75286,1.00,1.00
2017.06.15 15:02:27.607,8.75134,8.7527,1.00,1.00
2017.06.15 15:02:28.554,8.75141,8.75276,1.00,1.00
2017.06.15 15:02:28.711,8.75146,8.75282,1.00,1.00
2017.06.15 15:02:28.965,8.7513,8.75266,1.00,1.00
2017.06.15 15:02:29.710,8.75141,8.75276,1.00,1.00
2017.06.15 15:02:29.812,8.7516,8.753,1.00,1.00
2017.06.15 15:02:29.966,8.7516,8.75306,1.00,1.00
2017.06.15 15:02:30.118,8.7516,8.753,1.00,1.15
2017.06.15 15:02:30.169,8.75157,8.75293,1.00,1.20
2017.06.15 15:02:30.220,8.7515,8.75258,1.00,1.00
2017.06.15 15:02:30.433,8.75117,8.75252,1.00,1.00
2017.06.15 15:02:31.417,8.7512,8.75256,1.00,1.00
2017.06.15 15:02:31.726,8.75121,8.75239,1.00,1.00
2017.06.15 15:02:31.778,8.75133,8.75262,1.00,1.00
2017.06.15 15:02:31.829,8.75133,8.75256,1.00,1.00
2017.06.15 15:02:31.881,8.75122,8.75256,1.00,1.00
2017.06.15 15:02:32.176,8.75122,8.75258,1.00,1.00
2017.06.15 15:02:32.829,8.7512,8.75239,1.00,1.00
2017.06.15 15:02:33.340,8.75117,8.75253,1.00,1.00
2017.06.15 15:02:33.441,8.75125,8.75244,1.00,1.00
2017.06.15 15:02:34.474,8.75123,8.75258,1.00,1.00
2017.06.15 15:02:34.525,8.75145,8.75271,1.00,1.50
2017.06.15 15:02:34.627,8.75149,8.75287,1.00,1.00
2017.06.15 15:02:34.780,8.75149,8.75289,1.00,1.00
2017.06.15 15:02:35.203,8.75173,8.75312,1.00,1.00
2017.06.15 15:02:35.458,8.75189,8.75329,1.00,1.00
2017.06.15 15:02:35.509,8.75189,8.75315,1.00,1.00
2017.06.15 15:02:35.774,8.75192,8.75331,1.00,1.00
2017.06.15 15:02:35.894,8.75192,8.75318,1.00,1.00
2017.06.15 15:02:37.095,8.75188,8.75314,1.00,1.00
2017.06.15 15:02:37.494,8.75204,8.75329,1.00,1.00
2017.06.15 15:02:37.597,8.75201,8.75341,1.00,1.00
2017.06.15 15:02:38.581,8.75194,8.75334,1.00,1.00
2017.06.15 15:02:38.990,8.75191,8.75331,1.00,1.00
2017.06.15 15:02:39.304,8.75167,8.75299,1.00,1.00
2017.06.15 15:02:39.804,8.75159,8.75299,1.00,1.00
2017.06.15 15:02:39.855,8.75177,8.75316,1.00,1.00
2017.06.15 15:02:40.077,8.7519,8.7533,1.00,1.00
2017.06.15 15:02:40.526,8.75199,8.75339,1.00,1.00
2017.06.15 15:02:40.874,8.75209,8.75349,1.00,1.00
2017.06.15 15:02:41.424,8.75213,8.75338,1.00,1.00
2017.06.15 15:02:42.423,8.75214,8.75339,1.00,1.00
2017.06.15 15:02:42.628,8.75219,8.75345,1.00,1.00
2017.06.15 15:02:43.424,8.75214,8.75339,1.00,1.00
2017.06.15 15:02:43.940,8.75203,8.75327,1.00,1.00
2017.06.15 15:02:44.364,8.75221,8.75345,1.00,1.00
2017.06.15 15:02:44.415,8.7523,8.75356,1.00,1.00
2017.06.15 15:02:45.043,8.75222,8.75348,1.00,1.00
2017.06.15 15:02:46.059,8.75229,8.75355,1.00,1.00
2017.06.15 15:02:46.465,8.75239,8.75365,1.00,1.00
2017.06.15 15:02:47.110,8.75238,8.75364,1.00,1.00
2017.06.15 15:02:47.769,8.75238,8.75363,1.00,1.00
2017.06.15 15:02:48.409,8.7524,8.75366,1.00,1.00
2017.06.15 15:02:49.435,8.75236,8.75361,1.00,1.00
2017.06.15 15:02:49.894,8.7523,8.75353,1.00,1.00
2017.06.15 15:02:50.199,8.75203,8.75328,1.00,1.00
2017.06.15 15:02:51.080,8.75203,8.75326,1.00,1.00
2017.06.15 15:02:52.065,8.75196,8.75322,1.00,1.00
2017.06.15 15:02:52.117,8.7519,8.75315,1.00,1.00
2017.06.15 15:02:52.877,8.75201,8.75324,1.00,1.00
2017.06.15 15:02:53.204,8.75193,8.75318,1.00,1.00
2017.06.15 15:02:53.804,8.75172,8.7529,1.00,1.00
2017.06.15 15:02:53.956,8.75165,8.7529,1.00,1.00
2017.06.15 15:02:54.401,8.75153,8.75278,1.00,1.00
2017.06.15 15:02:55.513,8.75141,8.75251,1.00,1.00
2017.06.15 15:02:55.569,8.75126,8.75251,1.00,1.00
2017.06.15 15:02:55.621,8.75114,8.7524,1.00,1.00
2017.06.15 15:02:55.726,8.751,8.75225,1.00,1.00
2017.06.15 15:02:56.428,8.75088,8.75213,1.00,1.00
2017.06.15 15:02:56.834,8.75081,8.75207,1.00,1.00
2017.06.15 15:02:57.047,8.75072,8.75197,1.00,1.00
2017.06.15 15:02:57.492,8.75083,8.75209,1.00,1.00
2017.06.15 15:02:57.722,8.75095,8.75218,1.00,1.00
2017.06.15 15:02:57.998,8.75084,8.7521,1.00,1.00
2017.06.15 15:02:58.968,8.75084,8.75209,1.00,1.00
2017.06.15 15:02:59.323,8.75091,8.75233,1.00,1.00
2017.06.15 15:02:59.374,8.75092,8.75215,1.00,1.00
2017.06.15 15:02:59.772,8.75076,8.75201,1.00,1.00
2017.06.15 15:03:00.128,8.75066,8.75192,1.00,1.00
2017.06.15 15:03:00.179,8.7508,8.75203,1.00,1.00
2017.06.15 15:03:00.727,8.75079,8.75204,1.00,1.00
2017.06.15 15:03:01.470,8.75078,8.75203,1.00,1.00
2017.06.15 15:03:02.046,8.7507,8.75196,1.00,1.00
2017.06.15 15:03:02.148,8.7506,8.75184,1.00,1.00
2017.06.15 15:03:03.135,8.75066,8.75191,1.00,1.00
2017.06.15 15:03:04.049,8.75063,8.75188,1.00,1.00
2017.06.15 15:03:04.496,8.75036,8.75159,1.00,1.00
2017.06.15 15:03:05.435,8.75032,8.75148,1.00,1.00
2017.06.15 15:03:05.639,8.75025,8.75148,1.00,1.00
2017.06.15 15:03:05.805,8.75015,8.7514,1.00,1.00
2017.06.15 15:03:06.761,8.75015,8.75138,1.00,1.00
2017.06.15 15:03:07.763,8.75019,8.75144,1.00,1.00
2017.06.15 15:03:08.523,8.75038,8.75156,1.00,1.00
2017.06.15 15:03:08.574,8.75038,8.75163,1.00,1.00
2017.06.15 15:03:09.309,8.7503,8.75155,1.00,1.00
2017.06.15 15:03:09.698,8.75021,8.75146,1.00,1.00
2017.06.15 15:03:10.029,8.75041,8.75167,1.00,1.00
2017.06.15 15:03:10.182,8.75029,8.75152,1.00,1.00
2017.06.15 15:03:10.533,8.75029,8.75148,1.00,1.00
2017.06.15 15:03:10.685,8.75029,8.75152,1.00,1.00
2017.06.15 15:03:11.146,8.75024,8.75149,1.00,1.00
2017.06.15 15:03:11.270,8.75019,8.75144,1.00,1.00
2017.06.15 15:03:11.491,8.75,8.75126,1.00,1.00
2017.06.15 15:03:12.355,8.74997,8.75122,1.00,1.00
2017.06.15 15:03:12.782,8.74986,8.75111,1.00,1.00
2017.06.15 15:03:13.449,8.74991,8.75116,1.00,1.00
2017.06.15 15:03:13.809,8.74992,8.75118,1.00,1.00
2017.06.15 15:03:13.969,8.74992,8.75115,1.00,1.00
2017.06.15 15:03:14.173,8.74992,8.75118,1.00,1.00
2017.06.15 15:03:14.527,8.74983,8.75108,1.00,1.00
2017.06.15 15:03:15.529,8.74986,8.75111,1.00,1.00
2017.06.15 15:03:15.907,8.74968,8.75091,1.00,1.00
2017.06.15 15:03:16.945,8.74972,8.75097,1.00,1.00
2017.06.15 15:03:17.554,8.74986,8.75112,1.00,1.50
2017.06.15 15:03:17.707,8.74978,8.75103,1.00,1.00
2017.06.15 15:03:18.037,8.75008,8.75131,1.00,1.00
2017.06.15 15:03:18.393,8.75008,8.75133,1.00,1.50
2017.06.15 15:03:18.847,8.75,8.75125,1.00,1.00
2017.06.15 15:03:19.155,8.74995,8.7512,1.00,1.00
2017.06.15 15:03:19.647,8.75003,8.75127,1.00,1.00
2017.06.15 15:03:19.982,8.75017,8.75126,1.00,1.00
2017.06.15 15:03:20.147,8.75017,8.75131,1.00,1.00
2017.06.15 15:03:20.768,8.75017,8.75132,1.00,1.00
2017.06.15 15:03:20.819,8.75013,8.75132,1.00,1.00
2017.06.15 15:03:21.649,8.75013,8.7513,1.00,1.00
2017.06.15 15:03:21.977,8.75018,8.75129,1.00,1.00
2017.06.15 15:03:22.139,8.75018,8.75143,1.00,1.00
2017.06.15 15:03:22.190,8.75013,8.75139,1.00,1.00
2017.06.15 15:03:22.292,8.75025,8.75149,1.00,1.00
2017.06.15 15:03:22.394,8.75013,8.75139,1.00,1.00
2017.06.15 15:03:22.446,8.74998,8.75122,1.00,1.00
2017.06.15 15:03:22.987,8.74985,8.75112,1.00,1.00
2017.06.15 15:03:24.021,8.74988,8.75114,1.00,1.00
2017.06.15 15:03:24.981,8.74992,8.75119,1.00,1.00
2017.06.15 15:03:25.260,8.75,8.75119,1.00,1.00
2017.06.15 15:03:25.311,8.75,8.75124,1.00,1.00
2017.06.15 15:03:25.939,8.75,8.7512,1.00,1.00
2017.06.15 15:03:26.272,8.74994,8.75116,1.00,1.00
2017.06.15 15:03:26.324,8.75007,8.75116,1.00,1.00
2017.06.15 15:03:26.425,8.75007,8.75134,1.00,1.00
2017.06.15 15:03:27.294,8.75008,8.75134,1.00,1.00
2017.06.15 15:03:27.749,8.75002,8.75128,1.00,1.00
2017.06.15 15:03:28.367,8.74996,8.7512,1.00,1.00
2017.06.15 15:03:28.761,8.74988,8.75114,1.00,1.00
2017.06.15 15:03:28.812,8.74988,8.7511,1.00,1.00
2017.06.15 15:03:29.130,8.74988,8.75114,1.00,1.00
2017.06.15 15:03:29.760,8.74991,8.75118,1.00,1.00
2017.06.15 15:03:30.379,8.75007,8.75124,1.00,1.00
2017.06.15 15:03:30.582,8.75019,8.75144,1.00,1.00
2017.06.15 15:03:30.723,8.75009,8.75135,1.00,1.00
2017.06.15 15:03:31.599,8.7501,8.75135,1.00,1.00
2017.06.15 15:03:32.290,8.75017,8.75142,1.00,1.00
2017.06.15 15:03:32.758,8.75027,8.75152,1.00,1.00
2017.06.15 15:03:33.236,8.75038,8.75163,1.00,1.00
2017.06.15 15:03:33.541,8.75047,8.75162,1.00,1.00
2017.06.15 15:03:33.642,8.75047,8.75168,1.00,1.00
2017.06.15 15:03:33.867,8.75047,8.75173,1.00,1.00
2017.06.15 15:03:34.239,8.75034,8.7516,1.00,1.00
2017.06.15 15:03:34.712,8.75027,8.75153,1.00,1.00
2017.06.15 15:03:35.070,8.75041,8.75167,1.00,1.00
2017.06.15 15:03:35.374,8.75079,8.75204,1.00,1.00
2017.06.15 15:03:35.964,8.75079,8.75205,1.00,1.00
2017.06.15 15:03:36.293,8.75056,8.75181,1.00,1.00
2017.06.15 15:03:36.713,8.75066,8.75192,1.00,1.00
2017.06.15 15:03:36.950,8.75032,8.75143,1.00,1.00
2017.06.15 15:03:37.002,8.75032,8.75158,1.50,1.00
2017.06.15 15:03:37.154,8.7502,8.75144,1.00,1.00
2017.06.15 15:03:37.513,8.75005,8.75131,1.00,1.00
2017.06.15 15:03:38.517,8.75015,8.7514,1.00,1.37
2017.06.15 15:03:38.840,8.75022,8.75146,1.00,1.00
2017.06.15 15:03:38.942,8.75003,8.75128,1.00,1.00
2017.06.15 15:03:39.976,8.75006,8.75132,1.00,1.00
2017.06.15 15:03:40.932,8.75008,8.75134,1.00,1.37
2017.06.15 15:03:41.649,8.75008,8.75134,1.00,1.00
2017.06.15 15:03:42.749,8.75007,8.75133,1.00,1.00
2017.06.15 15:03:43.029,8.75012,8.75138,1.00,1.00
2017.06.15 15:03:43.808,8.75007,8.75133,1.00,1.00
2017.06.15 15:03:44.171,8.75016,8.7514,1.00,1.00
2017.06.15 15:03:44.748,8.75007,8.75131,1.00,1.00
2017.06.15 15:03:45.407,8.75002,8.75128,1.00,1.00
2017.06.15 15:03:46.409,8.75007,8.75133,1.00,1.00
2017.06.15 15:03:46.727,8.75005,8.75129,1.00,1.00
2017.06.15 15:03:47.549,8.75003,8.75129,1.00,1.00
2017.06.15 15:03:47.997,8.75012,8.75136,1.00,1.00
2017.06.15 15:03:48.048,8.75003,8.75129,1.00,1.00
2017.06.15 15:03:49.067,8.75002,8.75128,1.00,1.00
2017.06.15 15:03:49.309,8.74993,8.75119,1.00,1.00
2017.06.15 15:03:49.613,8.74984,8.7511,1.00,1.00
2017.06.15 15:03:49.933,8.74968,8.75094,1.00,1.00
2017.06.15 15:03:50.255,8.74981,8.75105,1.00,1.00
2017.06.15 15:03:50.794,8.74957,8.75083,1.00,1.00
2017.06.15 15:03:50.901,8.74946,8.75072,1.00,1.00
2017.06.15 15:03:51.237,8.74935,8.75061,1.00,1.00
2017.06.15 15:03:51.912,8.74933,8.75059,1.00,1.00
2017.06.15 15:03:52.460,8.74928,8.75054,1.00,1.00
2017.06.15 15:03:52.982,8.74929,8.75055,1.00,1.00
2017.06.15 15:03:54.260,8.74931,8.75055,1.00,1.00
2017.06.15 15:03:54.318,8.74922,8.75048,1.00,1.00
2017.06.15 15:03:54.768,8.74941,8.75066,1.00,1.00
2017.06.15 15:03:54.970,8.74953,8.75079,1.00,1.00
2017.06.15 15:03:55.722,8.74947,8.75073,1.00,1.00
2017.06.15 15:03:57.468,8.74938,8.75064,1.00,1.00
2017.06.15 15:03:57.798,8.74946,8.75072,1.00,1.00
2017.06.15 15:03:58.555,8.74953,8.75079,1.00,1.00
2017.06.15 15:03:58.952,8.74948,8.75074,1.00,1.00
2017.06.15 15:03:59.563,8.74954,8.7508,1.00,1.00
2017.06.15 15:04:00.652,8.74949,8.75075,1.00,1.00
2017.06.15 15:04:01.505,8.74988,8.75113,1.00,1.75
2017.06.15 15:04:01.557,8.74988,8.75113,1.00,1.00
2017.06.15 15:04:01.710,8.74977,8.75103,1.00,1.00
2017.06.15 15:04:01.762,8.74957,8.75079,1.00,1.00
2017.06.15 15:04:01.938,8.74953,8.75079,1.00,1.00
2017.06.15 15:04:01.989,8.74966,8.75092,1.00,1.00
2017.06.15 15:04:02.413,8.74945,8.75071,1.00,1.00
2017.06.15 15:04:02.733,8.74928,8.75052,1.00,1.00
2017.06.15 15:04:03.078,8.74941,8.75065,1.00,1.00
2017.06.15 15:04:03.783,8.7495,8.75076,1.00,1.00
2017.06.15 15:04:03.835,8.74955,8.75081,1.00,1.00
2017.06.15 15:04:04.790,8.74959,8.75085,1.00,1.00
2017.06.15 15:04:05.367,8.7494,8.75064,1.00,1.00
2017.06.15 15:04:05.967,8.74931,8.75054,1.00,1.00
2017.06.15 15:04:06.485,8.74929,8.75055,1.00,1.00
2017.06.15 15:04:06.971,8.74938,8.75063,1.00,1.00
2017.06.15 15:04:07.072,8.74929,8.75055,1.00,1.00
2017.06.15 15:04:07.419,8.74924,8.75049,1.00,1.00
2017.06.15 15:04:08.385,8.74923,8.75049,1.00,1.00
2017.06.15 15:04:08.690,8.74904,8.7503,1.00,1.00
2017.06.15 15:04:09.037,8.74889,8.75015,1.00,1.00
2017.06.15 15:04:09.567,8.74875,8.75001,1.00,1.00
2017.06.15 15:04:09.918,8.74868,8.74994,1.00,1.00
2017.06.15 15:04:11.634,8.74846,8.74972,1.00,1.00
2017.06.15 15:04:12.849,8.74852,8.74978,1.00,1.00
2017.06.15 15:04:13.607,8.74853,8.74979,1.00,1.00
2017.06.15 15:04:14.277,8.74865,8.74991,1.00,1.00
2017.06.15 15:04:14.613,8.74861,8.74986,1.00,1.00
2017.06.15 15:04:15.148,8.74871,8.74997,1.00,1.00
2017.06.15 15:04:17.178,8.74879,8.75004,1.00,1.00
2017.06.15 15:04:17.353,8.74893,8.75019,1.00,1.00
2017.06.15 15:04:17.404,8.74883,8.75009,1.00,1.00
2017.06.15 15:04:17.766,8.749,8.75025,1.00,1.37
2017.06.15 15:04:17.817,8.749,8.75025,1.00,1.00
2017.06.15 15:04:18.764,8.74905,8.75027,1.00,1.00
2017.06.15 15:04:18.996,8.74898,8.75023,1.00,1.00
2017.06.15 15:04:19.049,8.74898,8.75017,1.00,1.00
2017.06.15 15:04:19.439,8.74898,8.75013,1.00,1.00
2017.06.15 15:04:19.767,8.74898,8.75017,1.00,1.00
2017.06.15 15:04:19.999,8.74895,8.75017,1.00,1.00
2017.06.15 15:04:20.614,8.74865,8.7499,1.00,1.00
2017.06.15 15:04:20.767,8.7484,8.74966,1.00,1.37
2017.06.15 15:04:21.021,8.74819,8.74945,1.00,1.00
2017.06.15 15:04:21.324,8.74848,8.74974,1.00,1.00
2017.06.15 15:04:21.674,8.74848,8.74972,1.00,1.00
2017.06.15 15:04:21.776,8.74848,8.74974,1.00,1.00
2017.06.15 15:04:22.330,8.74844,8.74968,1.00,1.00
2017.06.15 15:04:23.320,8.74844,8.7497,1.00,1.00
2017.06.15 15:04:24.273,8.74837,8.74963,1.00,1.00
2017.06.15 15:04:24.584,8.74844,8.74969,1.00,1.00
2017.06.15 15:04:27.680,8.74845,8.74971,1.00,1.00
2017.06.15 15:04:27.833,8.74852,8.74978,1.00,1.00
2017.06.15 15:04:28.156,8.74848,8.74974,1.00,1.00
2017.06.15 15:04:28.999,8.7484,8.74966,1.00,1.00
2017.06.15 15:04:29.268,8.7484,8.74959,1.00,1.00
2017.06.15 15:04:29.319,8.74834,8.74959,1.00,1.00
2017.06.15 15:04:29.596,8.74834,8.74951,1.00,1.00
2017.06.15 15:04:29.816,8.74834,8.74955,1.00,1.00
2017.06.15 15:04:30.279,8.7483,8.74954,1.00,1.00
2017.06.15 15:04:30.462,8.7483,8.74956,1.00,1.00
2017.06.15 15:04:31.280,8.74826,8.74952,1.00,1.00
2017.06.15 15:04:34.373,8.74828,8.74953,1.00,1.00
2017.06.15 15:04:34.679,8.74866,8.74976,1.00,1.00
2017.06.15 15:04:35.024,8.74866,8.74941,1.00,1.00
2017.06.15 15:04:35.083,8.74866,8.74974,1.00,1.00
2017.06.15 15:04:35.186,8.74866,8.74949,1.00,1.00
2017.06.15 15:04:35.434,8.74852,8.74949,1.00,1.00
2017.06.15 15:04:35.491,8.74885,8.74974,1.00,1.00
2017.06.15 15:04:35.745,8.74885,8.74979,1.00,1.00
2017.06.15 15:04:35.972,8.74885,8.74981,1.00,1.00
2017.06.15 15:04:36.478,8.74885,8.74982,1.00,1.00
2017.06.15 15:04:36.608,8.74885,8.74986,1.00,1.00
2017.06.15 15:04:36.823,8.74913,8.74986,1.00,1.00
2017.06.15 15:04:37.025,8.74924,8.75018,1.00,1.00
2017.06.15 15:04:37.076,8.74951,8.7504,1.00,1.00
2017.06.15 15:04:37.331,8.74916,8.7504,1.00,1.00
2017.06.15 15:04:37.382,8.74916,8.75042,1.00,1.00
2017.06.15 15:04:37.433,8.74933,8.75046,1.00,1.00
2017.06.15 15:04:37.484,8.74906,8.75032,1.00,1.00
2017.06.15 15:04:37.535,8.74891,8.75002,1.00,1.00
2017.06.15 15:04:37.706,8.749,8.75024,1.00,1.00
2017.06.15 15:04:37.757,8.749,8.75,1.00,1.00
2017.06.15 15:04:38.062,8.749,8.74998,1.00,1.00
2017.06.15 15:04:38.369,8.749,8.74996,1.00,1.00
2017.06.15 15:04:38.524,8.74894,8.74996,1.00,1.00
2017.06.15 15:04:38.703,8.7487,8.74987,1.00,1.00
2017.06.15 15:04:38.817,8.74863,8.7496,1.00,1.00
2017.06.15 15:04:38.929,8.74805,8.74942,1.00,1.00
2017.06.15 15:04:39.043,8.74805,8.74921,1.00,1.00
2017.06.15 15:04:39.145,8.74801,8.74921,1.00,1.00
2017.06.15 15:04:39.374,8.74771,8.74899,1.00,1.00
2017.06.15 15:04:39.476,8.74771,8.74877,1.00,1.00
2017.06.15 15:04:39.529,8.74764,8.74877,1.00,1.00
2017.06.15 15:04:39.672,8.74776,8.74877,1.00,1.00
2017.06.15 15:04:39.723,8.74776,8.74889,1.00,1.00
2017.06.15 15:04:40.348,8.74776,8.7489,1.00,1.00
2017.06.15 15:04:40.632,8.74785,8.7489,1.00,1.00
2017.06.15 15:04:40.955,8.74832,8.74906,1.00,1.00
2017.06.15 15:04:41.057,8.74832,8.74926,1.00,1.00
2017.06.15 15:04:41.260,8.74832,8.74949,1.00,1.00
2017.06.15 15:04:41.691,8.74845,8.74946,1.00,1.00
2017.06.15 15:04:42.113,8.74845,8.74956,1.00,1.00
2017.06.15 15:04:42.727,8.74843,8.74956,1.00,1.00
2017.06.15 15:04:42.779,8.74843,8.74958,1.00,1.00
2017.06.15 15:04:43.028,8.74843,8.74961,1.00,1.00
2017.06.15 15:04:43.222,8.74832,8.74961,1.00,1.00
2017.06.15 15:04:43.336,8.74832,8.74958,1.00,1.00
2017.06.15 15:04:43.641,8.7484,8.74958,1.00,1.00
2017.06.15 15:04:43.692,8.7484,8.7496,1.00,1.00
2017.06.15 15:04:43.936,8.74852,8.7496,1.00,1.00
2017.06.15 15:04:44.610,8.74852,8.74961,1.00,1.00
2017.06.15 15:04:44.661,8.74822,8.74961,1.00,1.00
2017.06.15 15:04:44.763,8.74822,8.74942,1.00,1.00
2017.06.15 15:04:45.078,8.74822,8.74938,1.00,1.00
2017.06.15 15:04:45.427,8.74837,8.74936,1.00,1.00
2017.06.15 15:04:45.839,8.74843,8.74937,1.00,1.00
2017.06.15 15:04:45.991,8.74859,8.74969,1.00,1.00
2017.06.15 15:04:46.143,8.74872,8.74969,1.00,1.00
2017.06.15 15:04:46.194,8.74872,8.74998,1.00,1.00
2017.06.15 15:04:46.450,8.74889,8.74998,1.00,1.00
2017.06.15 15:04:46.552,8.74889,8.75008,1.00,1.00
2017.06.15 15:04:46.792,8.74899,8.75008,1.00,1.00
2017.06.15 15:04:46.843,8.74899,8.75012,1.00,1.00
2017.06.15 15:04:47.167,8.74899,8.75014,1.00,1.00
2017.06.15 15:04:47.686,8.74899,8.75015,1.00,1.00
2017.06.15 15:04:47.737,8.74899,8.7501,1.00,1.00
2017.06.15 15:04:47.793,8.74896,8.7501,1.00,1.00
2017.06.15 15:04:48.048,8.74896,8.75015,1.00,1.00
2017.06.15 15:04:48.428,8.74901,8.75016,1.00,1.00
2017.06.15 15:04:48.755,8.74901,8.75014,1.00,1.00
2017.06.15 15:04:48.857,8.74898,8.75014,1.00,1.00
2017.06.15 15:04:48.927,8.74898,8.75012,1.00,1.00
2017.06.15 15:04:49.258,8.74898,8.75014,1.00,1.00
2017.06.15 15:04:49.588,8.74898,8.75018,1.00,1.00
2017.06.15 15:04:50.173,8.74898,8.75015,1.00,1.00
2017.06.15 15:04:50.468,8.74898,8.75018,1.00,1.00
2017.06.15 15:04:50.577,8.74894,8.75018,1.00,1.00
2017.06.15 15:04:50.899,8.74889,8.75013,1.00,1.00
2017.06.15 15:04:51.204,8.74889,8.74992,1.00,1.00
2017.06.15 15:04:51.318,8.74864,8.74992,1.00,1.00
2017.06.15 15:04:51.369,8.74864,8.74999,1.00,1.00
2017.06.15 15:04:51.420,8.74877,8.74999,1.00,1.00
2017.06.15 15:04:51.523,8.74875,8.74999,1.00,1.00
2017.06.15 15:04:51.574,8.74875,8.75001,1.00,1.00
2017.06.15 15:04:51.945,8.74875,8.75003,1.00,1.00
2017.06.15 15:04:51.996,8.74888,8.75003,1.00,1.00
2017.06.15 15:04:52.306,8.74905,8.75007,1.00,1.00
2017.06.15 15:04:52.358,8.7489,8.75007,1.00,1.00
2017.06.15 15:04:52.575,8.7489,8.74991,1.00,1.00
2017.06.15 15:04:52.628,8.74869,8.74991,1.00,1.00
2017.06.15 15:04:52.781,8.74869,8.74982,1.00,1.00
2017.06.15 15:04:53.009,8.74855,8.74981,1.00,1.00
2017.06.15 15:04:53.111,8.74855,8.74978,1.00,1.00
2017.06.15 15:04:53.438,8.74855,8.74981,1.00,1.00
2017.06.15 15:04:53.743,8.74864,8.74988,1.00,1.00
2017.06.15 15:04:53.997,8.74864,8.7499,1.00,1.00
2017.06.15 15:04:54.250,8.74884,8.74993,1.00,1.00
2017.06.15 15:04:54.351,8.74884,8.75008,1.00,1.00
2017.06.15 15:04:54.618,8.74871,8.74997,1.00,1.00
2017.06.15 15:04:54.770,8.74884,8.7501,1.00,1.00
2017.06.15 15:04:55.211,8.74875,8.75001,1.00,1.00
2017.06.15 15:04:56.222,8.74876,8.75002,1.00,1.00
2017.06.15 15:04:56.657,8.74871,8.74997,1.00,1.00
2017.06.15 15:04:56.961,8.74892,8.75015,1.00,1.00
2017.06.15 15:04:57.289,8.74892,8.75017,1.00,1.00
2017.06.15 15:04:57.635,8.74903,8.75018,1.00,1.00
2017.06.15 15:04:57.737,8.74892,8.75018,1.00,1.50
2017.06.15 15:04:58.429,8.74905,8.75025,1.00,1.00
2017.06.15 15:04:58.859,8.7491,8.75027,1.00,1.00
2017.06.15 15:04:59.385,8.7491,8.75028,1.00,1.00
2017.06.15 15:04:59.831,8.7491,8.75024,1.00,1.00
2017.06.15 15:05:00.135,8.74913,8.75024,1.00,1.00
2017.06.15 15:05:00.186,8.74913,8.75035,1.00,1.00
2017.06.15 15:05:00.426,8.74913,8.7504,1.00,1.00
2017.06.15 15:05:00.722,8.74913,8.75036,1.00,1.00
2017.06.15 15:05:01.028,8.74913,8.75031,1.00,1.00
2017.06.15 15:05:01.358,8.74913,8.75027,1.00,1.00
2017.06.15 15:05:01.630,8.74909,8.75024,1.00,1.00
2017.06.15 15:05:01.866,8.74917,8.75024,1.00,1.00
2017.06.15 15:05:01.917,8.74917,8.75028,1.00,1.00
2017.06.15 15:05:02.196,8.74909,8.75028,1.00,1.00
2017.06.15 15:05:02.247,8.74909,8.74998,1.00,1.00
2017.06.15 15:05:02.484,8.74909,8.75012,1.00,1.00
2017.06.15 15:05:02.739,8.74898,8.75012,1.00,1.00
2017.06.15 15:05:02.790,8.74898,8.7501,1.00,1.00
2017.06.15 15:05:02.892,8.74889,8.7501,1.00,1.00
2017.06.15 15:05:03.129,8.74889,8.74997,1.00,1.00
2017.06.15 15:05:03.442,8.7489,8.74978,1.00,1.00
2017.06.15 15:05:03.495,8.74885,8.74978,1.00,1.00
2017.06.15 15:05:03.546,8.74906,8.74978,1.00,1.00
2017.06.15 15:05:03.597,8.74906,8.74999,1.00,1.00
2017.06.15 15:05:03.648,8.74902,8.74999,1.00,1.00
2017.06.15 15:05:03.700,8.74902,8.75024,1.00,1.00
2017.06.15 15:05:03.903,8.74902,8.75006,1.00,1.00
2017.06.15 15:05:04.221,8.74902,8.7501,1.00,1.00
2017.06.15 15:05:04.473,8.74902,8.75007,1.00,1.00
2017.06.15 15:05:04.524,8.74896,8.75007,1.00,1.00
2017.06.15 15:05:04.575,8.74912,8.75007,1.00,1.00
2017.06.15 15:05:04.677,8.74912,8.75037,1.00,1.50
2017.06.15 15:05:04.780,8.74926,8.75037,1.00,1.00
2017.06.15 15:05:05.095,8.74936,8.75043,1.00,1.00
2017.06.15 15:05:05.248,8.74972,8.75098,1.00,1.00
2017.06.15 15:05:05.299,8.74996,8.751,1.00,1.00
2017.06.15 15:05:05.350,8.74996,8.75107,1.00,1.00
2017.06.15 15:05:05.401,8.7502,8.75107,1.00,1.00
2017.06.15 15:05:05.505,8.7502,8.75124,1.00,1.00
2017.06.15 15:05:05.557,8.7502,8.75133,1.00,1.00
2017.06.15 15:05:05.913,8.7502,8.75131,1.00,1.00
2017.06.15 15:05:06.227,8.7502,8.75119,1.00,1.00
2017.06.15 15:05:06.328,8.75012,8.75119,1.00,1.00
2017.06.15 15:05:06.546,8.75012,8.75116,1.00,1.00
2017.06.15 15:05:06.859,8.75012,8.75114,1.00,1.00
2017.06.15 15:05:07.290,8.75006,8.75115,1.00,1.00
2017.06.15 15:05:07.632,8.75006,8.75106,1.00,1.00
2017.06.15 15:05:07.782,8.75006,8.7511,1.00,1.00
2017.06.15 15:05:07.920,8.74989,8.7511,1.00,1.00
2017.06.15 15:05:08.294,8.74989,8.75106,1.00,1.00
2017.06.15 15:05:08.868,8.74989,8.75089,1.00,1.00
2017.06.15 15:05:09.188,8.74981,8.75069,1.00,1.00
2017.06.15 15:05:09.425,8.74969,8.75063,1.00,1.00
2017.06.15 15:05:09.959,8.74969,8.75073,1.00,1.00
2017.06.15 15:05:10.340,8.74969,8.75081,1.00,1.00
2017.06.15 15:05:10.489,8.74969,8.7509,1.00,1.00
2017.06.15 15:05:10.673,8.74965,8.7509,1.00,1.00
2017.06.15 15:05:11.210,8.74965,8.75091,1.00,1.00
2017.06.15 15:05:11.382,8.7494,8.75067,1.00,1.00
2017.06.15 15:05:11.966,8.7494,8.75053,1.00,1.00
2017.06.15 15:05:12.219,8.74933,8.75053,1.00,1.00
2017.06.15 15:05:12.285,8.74933,8.75049,1.00,1.00
2017.06.15 15:05:12.599,8.74933,8.75054,1.00,1.00
2017.06.15 15:05:12.842,8.74933,8.75052,1.00,1.00
2017.06.15 15:05:13.150,8.74933,8.7506,1.00,1.00
2017.06.15 15:05:13.369,8.74933,8.75049,1.00,1.00
2017.06.15 15:05:13.700,8.74933,8.75059,1.00,1.00
2017.06.15 15:05:14.798,8.74933,8.75057,1.00,1.00
2017.06.15 15:05:15.019,8.74933,8.7506,1.00,1.50
2017.06.15 15:05:18.979,8.74933,8.75053,1.00,1.00
2017.06.15 15:05:19.558,8.74933,8.75054,1.00,1.00
2017.06.15 15:05:19.859,8.74933,8.75049,1.00,1.00
2017.06.15 15:05:20.519,8.74933,8.7505,1.00,1.00
2017.06.15 15:05:20.849,8.74933,8.75052,1.00,1.00
2017.06.15 15:05:21.103,8.74933,8.7506,1.00,1.00
2017.06.15 15:05:21.997,8.74929,8.75054,1.00,1.00
2017.06.15 15:05:22.725,8.74959,8.75086,1.00,1.00
2017.06.15 15:05:23.404,8.74944,8.7507,1.00,1.00
2017.06.15 15:05:23.709,8.74934,8.75061,1.00,1.00
2017.06.15 15:05:24.725,8.7493,8.75056,1.00,1.00
2017.06.15 15:05:25.721,8.7494,8.75066,1.00,1.00
2017.06.15 15:05:26.194,8.74933,8.7506,1.00,1.00
2017.06.15 15:05:26.418,8.74915,8.75042,1.00,1.00
2017.06.15 15:05:27.170,8.74906,8.75032,1.00,1.00
2017.06.15 15:05:28.083,8.74915,8.75041,1.00,1.00
2017.06.15 15:05:28.600,8.74916,8.75041,1.00,1.00
2017.06.15 15:05:28.945,8.74938,8.75063,1.00,1.00
2017.06.15 15:05:29.268,8.74941,8.75057,1.00,1.00
2017.06.15 15:05:29.573,8.74955,8.75066,1.00,1.00
2017.06.15 15:05:29.897,8.74955,8.75074,1.00,1.00
2017.06.15 15:05:30.406,8.74955,8.75073,1.00,1.00
2017.06.15 15:05:30.457,8.74964,8.75074,1.00,1.00
2017.06.15 15:05:30.508,8.74955,8.75074,1.00,1.00
2017.06.15 15:05:30.559,8.74955,8.7508,1.00,1.00
2017.06.15 15:05:31.443,8.74955,8.75078,1.00,1.00
2017.06.15 15:05:31.595,8.74946,8.75071,1.00,1.00
2017.06.15 15:05:31.646,8.74946,8.75044,1.00,1.00
2017.06.15 15:05:31.849,8.74946,8.75056,1.00,1.00
2017.06.15 15:05:32.178,8.74946,8.7507,1.00,1.00
2017.06.15 15:05:32.508,8.74946,8.75066,1.00,1.00
2017.06.15 15:05:32.855,8.74945,8.75054,1.00,1.00
2017.06.15 15:05:33.491,8.74945,8.75058,1.00,1.00
2017.06.15 15:05:33.761,8.74941,8.75047,1.00,1.00
2017.06.15 15:05:34.083,8.74941,8.75052,1.00,1.00
2017.06.15 15:05:34.286,8.74941,8.7505,1.00,1.00
2017.06.15 15:05:34.598,8.74941,8.75048,1.00,1.00
2017.06.15 15:05:34.766,8.74937,8.75048,1.00,1.00
2017.06.15 15:05:35.377,8.74942,8.75048,1.00,1.00
2017.06.15 15:05:36.248,8.74942,8.75051,1.00,1.00
2017.06.15 15:05:36.909,8.74942,8.75052,1.00,1.00
2017.06.15 15:05:37.088,8.74947,8.75052,1.00,1.00
2017.06.15 15:05:37.138,8.74947,8.7506,1.00,1.00
2017.06.15 15:05:37.342,8.74947,8.75072,1.00,1.00
2017.06.15 15:05:37.805,8.7494,8.75059,1.00,1.00
2017.06.15 15:05:37.856,8.74921,8.75046,1.00,1.00
2017.06.15 15:05:38.161,8.74921,8.75037,1.00,1.00
2017.06.15 15:05:38.212,8.74912,8.75036,1.00,1.00
2017.06.15 15:05:38.465,8.74912,8.7502,1.00,1.00
2017.06.15 15:05:38.517,8.74899,8.7502,1.00,1.00
2017.06.15 15:05:38.568,8.74899,8.75023,1.00,1.00
2017.06.15 15:05:39.209,8.74905,8.7503,1.00,1.00
2017.06.15 15:05:39.311,8.74914,8.75039,1.00,1.00
2017.06.15 15:05:39.824,8.74902,8.75027,1.00,1.00
2017.06.15 15:05:40.163,8.7489,8.75012,1.00,1.00
2017.06.15 15:05:40.810,8.7489,8.75015,1.00,1.00
2017.06.15 15:05:41.568,8.74904,8.75029,1.00,1.00
2017.06.15 15:05:42.604,8.74899,8.75024,1.00,1.00
2017.06.15 15:05:42.705,8.74893,8.75019,1.00,1.00
2017.06.15 15:05:42.756,8.74882,8.75007,1.00,1.00
2017.06.15 15:05:42.858,8.74893,8.75019,1.00,1.00
2017.06.15 15:05:43.366,8.74865,8.7499,1.00,1.00
2017.06.15 15:05:43.726,8.74867,8.74992,1.00,1.00
2017.06.15 15:05:44.061,8.74877,8.75002,1.00,1.00
2017.06.15 15:05:44.167,8.74858,8.74993,1.00,1.00
2017.06.15 15:05:44.218,8.74854,8.74978,1.00,1.00
2017.06.15 15:05:44.557,8.74854,8.7497,1.00,1.00
2017.06.15 15:05:44.763,8.74864,8.74989,1.00,1.00
2017.06.15 15:05:45.093,8.74874,8.74999,1.00,1.00
2017.06.15 15:05:46.084,8.74875,8.75,1.00,1.00
2017.06.15 15:05:46.976,8.74857,8.7498,1.00,1.00
2017.06.15 15:05:47.027,8.74842,8.74967,1.00,1.00
2017.06.15 15:05:48.049,8.74843,8.74968,1.00,1.00
2017.06.15 15:05:48.453,8.74831,8.74956,1.00,1.00
2017.06.15 15:05:48.791,8.7484,8.74965,1.00,1.00
2017.06.15 15:05:51.082,8.74849,8.74974,1.00,1.00
2017.06.15 15:05:51.595,8.74853,8.74979,1.00,1.00
2017.06.15 15:05:52.476,8.74833,8.74958,1.00,1.00
2017.06.15 15:05:52.781,8.74823,8.74946,1.00,1.00
2017.06.15 15:05:53.500,8.74822,8.74948,1.00,1.00
2017.06.15 15:05:54.501,8.74822,8.74947,1.00,1.00
2017.06.15 15:05:55.051,8.74837,8.74962,1.00,1.00
2017.06.15 15:05:55.203,8.74856,8.74982,1.00,1.00
2017.06.15 15:05:56.049,8.74856,8.74978,1.00,1.00
2017.06.15 15:05:56.378,8.74856,8.7498,1.00,1.00
2017.06.15 15:05:56.728,8.74856,8.74971,1.00,1.00
2017.06.15 15:05:57.077,8.74878,8.74991,1.00,1.00
2017.06.15 15:05:57.128,8.74865,8.7499,1.00,1.00
2017.06.15 15:05:57.282,8.74865,8.74977,1.00,1.00
2017.06.15 15:05:57.795,8.74865,8.74978,1.00,1.00
2017.06.15 15:05:57.922,8.74865,8.74985,1.00,1.00
2017.06.15 15:05:58.112,8.74863,8.74985,1.00,1.00
2017.06.15 15:05:58.163,8.74857,8.74971,1.00,1.00
2017.06.15 15:05:58.469,8.74857,8.74973,1.00,1.00
2017.06.15 15:05:59.067,8.74857,8.74978,1.00,1.00
2017.06.15 15:05:59.269,8.74848,8.74973,1.00,1.00
2017.06.15 15:06:00.234,8.74848,8.74956,1.00,1.00
2017.06.15 15:06:00.594,8.74848,8.74958,1.00,1.00
2017.06.15 15:06:00.888,8.74848,8.74947,1.00,1.00
2017.06.15 15:06:01.109,8.74848,8.74956,1.00,1.00
2017.06.15 15:06:01.440,8.74848,8.74961,1.00,1.00
2017.06.15 15:06:01.753,8.74841,8.74961,1.00,1.00
2017.06.15 15:06:01.805,8.74841,8.74964,1.00,1.00
2017.06.15 15:06:01.974,8.74827,8.74952,1.00,1.00
2017.06.15 15:06:02.026,8.74819,8.74944,1.00,1.00
2017.06.15 15:06:02.334,8.74819,8.74932,1.00,1.00
2017.06.15 15:06:02.430,8.74819,8.74937,1.00,1.00
2017.06.15 15:06:02.649,8.74819,8.74929,1.00,1.00
2017.06.15 15:06:03.003,8.74816,8.74926,1.00,1.00
2017.06.15 15:06:03.310,8.74816,8.74924,1.00,1.00
2017.06.15 15:06:03.859,8.74816,8.74922,1.00,1.00
2017.06.15 15:06:04.087,8.74813,8.74922,1.00,1.00
2017.06.15 15:06:04.138,8.74807,8.74922,1.00,1.00
2017.06.15 15:06:04.189,8.74807,8.74908,1.00,1.00
2017.06.15 15:06:04.553,8.74807,8.7491,1.00,1.00
2017.06.15 15:06:04.604,8.74798,8.7491,1.00,1.00
2017.06.15 15:06:04.656,8.74798,8.74889,1.00,1.00
2017.06.15 15:06:04.849,8.74798,8.74896,1.00,1.00
2017.06.15 15:06:05.179,8.74798,8.74902,1.00,1.00
2017.06.15 15:06:05.571,8.74798,8.7491,1.00,1.00
2017.06.15 15:06:05.622,8.74817,8.7491,1.00,1.00
2017.06.15 15:06:05.775,8.74805,8.7493,1.00,1.00
2017.06.15 15:06:05.979,8.74805,8.74927,1.00,1.00
2017.06.15 15:06:06.170,8.74805,8.7493,1.00,1.00
2017.06.15 15:06:06.322,8.74805,8.74921,1.00,1.00
2017.06.15 15:06:06.762,8.74804,8.74915,1.00,1.00
2017.06.15 15:06:07.155,8.74809,8.74913,1.00,1.00
2017.06.15 15:06:07.206,8.74809,8.74922,1.00,1.00
2017.06.15 15:06:07.511,8.74809,8.74926,1.00,1.00
2017.06.15 15:06:07.763,8.74803,8.74926,1.37,1.00
2017.06.15 15:06:07.820,8.74803,8.74924,1.37,1.00
2017.06.15 15:06:08.163,8.74803,8.74916,1.37,1.00
2017.06.15 15:06:08.268,8.74803,8.74916,1.00,1.00
2017.06.15 15:06:08.369,8.74803,8.74911,1.00,1.00
2017.06.15 15:06:09.139,8.74803,8.7491,1.00,1.00
2017.06.15 15:06:09.190,8.74799,8.74907,1.00,1.00
2017.06.15 15:06:09.248,8.74799,8.7491,1.00,1.00
2017.06.15 15:06:09.951,8.74801,8.7491,1.00,1.00
2017.06.15 15:06:10.255,8.74801,8.74896,1.00,1.00
2017.06.15 15:06:10.681,8.74826,8.74902,1.00,1.00
2017.06.15 15:06:10.833,8.74837,8.74926,1.00,1.00
2017.06.15 15:06:11.444,8.74837,8.74927,1.00,1.00
2017.06.15 15:06:12.035,8.74837,8.74928,1.00,1.00
2017.06.15 15:06:12.618,8.74832,8.74928,1.00,1.00
2017.06.15 15:06:12.771,8.74822,8.74927,1.00,1.00
2017.06.15 15:06:12.927,8.74813,8.74927,1.00,1.00
2017.06.15 15:06:13.029,8.74813,8.74923,1.00,1.00
2017.06.15 15:06:13.589,8.74813,8.74912,1.00,1.00
2017.06.15 15:06:13.868,8.74813,8.74917,1.00,1.00
2017.06.15 15:06:14.447,8.74813,8.74916,1.00,1.00
2017.06.15 15:06:14.530,8.74813,8.74914,1.00,1.00
2017.06.15 15:06:14.858,8.74813,8.74921,1.00,1.00
2017.06.15 15:06:15.409,8.74813,8.74922,1.00,1.00
2017.06.15 15:06:15.688,8.74809,8.74922,1.00,1.00
2017.06.15 15:06:15.739,8.74803,8.74922,1.00,1.00
2017.06.15 15:06:16.070,8.74803,8.74913,1.00,1.00
2017.06.15 15:06:16.398,8.74803,8.74909,1.00,1.00
2017.06.15 15:06:16.728,8.74803,8.74906,1.00,1.00
2017.06.15 15:06:16.779,8.74801,8.74906,1.00,1.00
2017.06.15 15:06:17.025,8.74801,8.74903,1.00,1.00
2017.06.15 15:06:17.404,8.74801,8.74899,1.00,1.00
2017.06.15 15:06:17.726,8.74801,8.74897,1.00,1.00
2017.06.15 15:06:18.076,8.74801,8.74895,1.00,1.00
2017.06.15 15:06:18.127,8.74794,8.74895,1.00,1.00
2017.06.15 15:06:18.178,8.74794,8.74909,1.00,1.00
2017.06.15 15:06:18.645,8.74803,8.74909,1.00,1.00
2017.06.15 15:06:18.963,8.74803,8.749,1.00,1.00
2017.06.15 15:06:19.265,8.74825,8.74918,1.00,1.00
2017.06.15 15:06:19.479,8.7481,8.74921,1.00,1.00
2017.06.15 15:06:19.543,8.74798,8.74898,1.00,1.00
2017.06.15 15:06:19.810,8.74798,8.74902,1.00,1.00
2017.06.15 15:06:20.115,8.74789,8.74902,1.00,1.00
2017.06.15 15:06:20.268,8.74789,8.74883,1.00,1.00
2017.06.15 15:06:20.421,8.74769,8.74883,1.00,1.00
2017.06.15 15:06:20.472,8.74769,8.74889,1.00,1.00
2017.06.15 15:06:20.613,8.74779,8.74889,1.00,1.00
2017.06.15 15:06:20.840,8.74779,8.74892,1.00,1.00
2017.06.15 15:06:21.129,8.74779,8.74896,1.00,1.00
2017.06.15 15:06:21.348,8.74779,8.74891,1.00,1.00
2017.06.15 15:06:21.718,8.74784,8.74898,1.00,1.00
2017.06.15 15:06:22.034,8.74784,8.74901,1.00,1.00
2017.06.15 15:06:22.669,8.74784,8.74899,1.00,1.00
2017.06.15 15:06:23.088,8.7478,8.74896,1.00,1.00
2017.06.15 15:06:23.329,8.7478,8.74902,1.00,1.00
2017.06.15 15:06:23.878,8.7478,8.74903,1.00,1.00
2017.06.15 15:06:23.949,8.74779,8.74905,1.00,1.50
2017.06.15 15:06:24.991,8.74782,8.74908,1.00,1.00
2017.06.15 15:06:25.418,8.74782,8.74906,1.00,1.00
2017.06.15 15:06:25.775,8.74782,8.74908,1.00,1.00
2017.06.15 15:06:26.510,8.74779,8.74903,1.00,1.00
2017.06.15 15:06:27.018,8.74783,8.74907,1.00,1.00
2017.06.15 15:06:27.366,8.74762,8.74878,1.00,1.00
2017.06.15 15:06:27.417,8.74762,8.74883,1.00,1.00
2017.06.15 15:06:27.520,8.74762,8.74889,1.00,1.00
2017.06.15 15:06:28.117,8.7476,8.74884,1.00,1.00
2017.06.15 15:06:29.591,8.74755,8.74881,1.00,1.00
2017.06.15 15:06:30.593,8.74754,8.7488,1.00,1.00
2017.06.15 15:06:31.799,8.74754,8.74875,1.00,1.00
2017.06.15 15:06:32.349,8.74754,8.74878,1.00,1.00
2017.06.15 15:06:33.185,8.74754,8.7488,1.00,1.50
2017.06.15 15:06:33.885,8.74759,8.7488,1.00,1.00
2017.06.15 15:06:34.195,8.74759,8.74876,1.00,1.00
2017.06.15 15:06:34.414,8.74759,8.74882,1.00,1.00
2017.06.15 15:06:34.886,8.74754,8.74881,1.00,1.00
2017.06.15 15:06:37.032,8.74754,8.74879,1.00,1.00
2017.06.15 15:06:37.628,8.74754,8.74872,1.00,1.00
2017.06.15 15:06:37.820,8.74738,8.74861,1.00,1.00
2017.06.15 15:06:37.871,8.74747,8.74872,1.00,1.50
2017.06.15 15:06:37.973,8.74747,8.74868,1.00,1.00
2017.06.15 15:06:38.300,8.74747,8.74872,1.00,1.00
2017.06.15 15:06:38.661,8.74761,8.74873,1.00,1.00
2017.06.15 15:06:38.864,8.7475,8.7487,1.00,1.00
2017.06.15 15:06:39.162,8.74762,8.7487,1.00,1.00
2017.06.15 15:06:39.415,8.74762,8.74877,1.00,1.00
2017.06.15 15:06:39.845,8.74752,8.74877,1.00,1.50
2017.06.15 15:06:39.896,8.74743,8.74866,1.00,1.00
2017.06.15 15:06:40.489,8.74743,8.74854,1.00,1.00
2017.06.15 15:06:40.841,8.74736,8.74851,1.00,1.00
2017.06.15 15:06:41.150,8.74736,8.74849,1.00,1.00
2017.06.15 15:06:41.393,8.74728,8.74849,1.00,1.00
2017.06.15 15:06:41.444,8.74717,8.74842,1.00,1.00
2017.06.15 15:06:41.810,8.74717,8.7484,1.00,1.00
2017.06.15 15:06:43.110,8.74716,8.7484,1.00,1.00
2017.06.15 15:06:43.412,8.74722,8.74842,1.00,1.00
2017.06.15 15:06:43.744,8.74748,8.74851,1.00,1.00
2017.06.15 15:06:43.795,8.74748,8.74858,1.00,1.00
2017.06.15 15:06:44.123,8.74748,8.74863,1.00,1.00
2017.06.15 15:06:44.448,8.74748,8.74866,1.00,1.00
2017.06.15 15:06:45.042,8.74748,8.74868,1.00,1.00
2017.06.15 15:06:45.328,8.74748,8.74873,1.00,1.00
2017.06.15 15:06:45.515,8.74754,8.74876,1.00,1.00
2017.06.15 15:06:45.667,8.74754,8.74879,1.00,1.00
2017.06.15 15:06:45.878,8.74754,8.74873,1.00,1.00
2017.06.15 15:06:47.308,8.74754,8.74871,1.00,1.00
2017.06.15 15:06:47.822,8.74754,8.7487,1.00,1.00
2017.06.15 15:06:48.188,8.74754,8.74868,1.00,1.00
2017.06.15 15:06:48.274,8.7475,8.74868,1.00,1.00
2017.06.15 15:06:48.552,8.74756,8.74873,1.00,1.00
2017.06.15 15:06:48.916,8.74789,8.74872,1.00,1.00
2017.06.15 15:06:48.967,8.74777,8.74893,1.00,1.00
2017.06.15 15:06:49.324,8.74788,8.749,1.00,1.00
2017.06.15 15:06:49.618,8.74788,8.74905,1.00,1.00
2017.06.15 15:06:49.952,8.74788,8.74907,1.00,1.00
2017.06.15 15:06:50.190,8.7481,8.74916,1.00,1.00
2017.06.15 15:06:50.497,8.74812,8.74916,1.00,1.00
2017.06.15 15:06:51.033,8.74811,8.74916,1.00,1.50
2017.06.15 15:06:51.418,8.74811,8.74913,1.00,1.00
2017.06.15 15:06:51.571,8.74809,8.74913,1.00,1.00
2017.06.15 15:06:51.622,8.74809,8.74916,1.00,1.50
2017.06.15 15:06:52.630,8.74811,8.74916,1.00,1.00
2017.06.15 15:06:54.318,8.74811,8.74907,1.00,1.00
2017.06.15 15:06:54.369,8.74806,8.74907,1.00,1.00
2017.06.15 15:06:54.493,8.74806,8.74916,1.00,1.00
2017.06.15 15:06:55.355,8.7481,8.74916,1.00,1.00
2017.06.15 15:06:56.535,8.748,8.74916,1.00,1.00
2017.06.15 15:06:57.360,8.748,8.74914,1.00,1.00
2017.06.15 15:06:57.455,8.74796,8.74914,1.00,1.00
2017.06.15 15:06:57.875,8.74783,8.74908,1.00,1.00
2017.06.15 15:06:57.926,8.74771,8.74896,1.00,1.00
2017.06.15 15:06:58.129,8.74755,8.74881,1.00,1.00
2017.06.15 15:06:58.471,8.74789,8.74908,1.00,1.00
2017.06.15 15:06:58.776,8.74802,8.74903,1.00,1.00
2017.06.15 15:06:58.980,8.74802,8.74914,1.00,1.00
2017.06.15 15:06:59.032,8.74806,8.74914,1.00,1.00
2017.06.15 15:06:59.355,8.74806,8.74907,1.00,1.00
2017.06.15 15:06:59.508,8.74797,8.74907,1.00,1.00
2017.06.15 15:06:59.628,8.74797,8.74892,1.00,1.00
2017.06.15 15:06:59.881,8.74797,8.74894,1.00,1.00
2017.06.15 15:06:59.982,8.74809,8.74894,1.00,1.00
2017.06.15 15:07:00.115,8.7481,8.74912,1.00,1.00
2017.06.15 15:07:00.166,8.74825,8.74912,1.00,1.00
2017.06.15 15:07:00.218,8.74823,8.74928,1.00,1.00
2017.06.15 15:07:00.332,8.74811,8.74928,1.00,1.00
2017.06.15 15:07:00.383,8.74811,8.74916,1.00,1.00
2017.06.15 15:07:00.586,8.74798,8.74916,1.00,1.00
2017.06.15 15:07:00.746,8.74798,8.74903,1.00,1.00
2017.06.15 15:07:01.093,8.74798,8.74895,1.00,1.00
2017.06.15 15:07:01.442,8.74778,8.74893,1.37,1.00
2017.06.15 15:07:01.493,8.74768,8.74893,1.00,1.00
2017.06.15 15:07:01.645,8.74781,8.74883,1.00,1.00
2017.06.15 15:07:01.747,8.74769,8.74883,1.00,1.00
2017.06.15 15:07:01.988,8.74769,8.7488,1.00,1.00
2017.06.15 15:07:02.315,8.74769,8.74873,1.00,1.00
2017.06.15 15:07:02.417,8.74758,8.74873,1.12,1.00
2017.06.15 15:07:02.518,8.7475,8.74861,1.37,1.00
2017.06.15 15:07:02.930,8.74756,8.74855,1.37,1.00
2017.06.15 15:07:03.625,8.74756,8.74855,1.00,1.00
2017.06.15 15:07:03.744,8.7476,8.74855,1.00,1.00
2017.06.15 15:07:04.028,8.7476,8.74859,1.00,1.00
2017.06.15 15:07:04.139,8.74751,8.74859,1.00,1.00
2017.06.15 15:07:04.400,8.74751,8.74868,1.00,1.00
2017.06.15 15:07:04.688,8.74751,8.74863,1.00,1.00
2017.06.15 15:07:05.019,8.74759,8.74862,1.00,1.00
2017.06.15 15:07:05.281,8.74764,8.74887,1.00,1.00
2017.06.15 15:07:05.383,8.74764,8.74869,1.00,1.00
2017.06.15 15:07:05.617,8.74764,8.74876,1.00,1.00
2017.06.15 15:07:05.890,8.7477,8.74876,1.00,1.00
2017.06.15 15:07:06.228,8.7477,8.74887,1.00,1.00
2017.06.15 15:07:06.476,8.74761,8.74887,1.00,1.50
2017.06.15 15:07:06.558,8.74761,8.7488,1.00,1.00
2017.06.15 15:07:07.107,8.74761,8.74867,1.00,1.00
2017.06.15 15:07:07.438,8.74761,8.74865,1.00,1.00
2017.06.15 15:07:07.815,8.74772,8.74876,1.00,1.00
2017.06.15 15:07:08.009,8.74772,8.7488,1.00,1.00
2017.06.15 15:07:08.220,8.74763,8.7488,1.00,1.00
2017.06.15 15:07:08.322,8.74763,8.74867,1.00,1.00
2017.06.15 15:07:08.695,8.74763,8.74869,1.00,1.00
2017.06.15 15:07:08.979,8.74763,8.74878,1.00,1.00
2017.06.15 15:07:09.198,8.74763,8.74873,1.00,1.00
2017.06.15 15:07:09.678,8.7476,8.74873,1.00,1.00
2017.06.15 15:07:10.452,8.74753,8.74877,1.00,1.00
2017.06.15 15:07:10.554,8.74738,8.74863,1.37,1.00
2017.06.15 15:07:10.899,8.74725,8.74851,1.75,1.00
2017.06.15 15:07:11.102,8.74725,8.74851,1.00,1.00
2017.06.15 15:07:11.785,8.74726,8.74852,1.00,1.00
2017.06.15 15:07:12.078,8.74726,8.74849,1.00,1.00
2017.06.15 15:07:12.585,8.74726,8.74848,1.00,1.00
2017.06.15 15:07:12.895,8.74721,8.74847,1.00,1.00
2017.06.15 15:07:13.171,8.74731,8.74843,1.00,1.00
2017.06.15 15:07:13.512,8.74731,8.74833,1.00,1.00
2017.06.15 15:07:17.078,8.74735,8.74833,1.00,1.00
2017.06.15 15:07:17.598,8.74724,8.74836,1.00,1.00
2017.06.15 15:07:17.887,8.74724,8.7483,1.00,1.00
2017.06.15 15:07:18.156,8.74724,8.74835,1.00,1.00
2017.06.15 15:07:18.556,8.74729,8.74835,1.00,1.00
2017.06.15 15:07:18.921,8.74729,8.74832,1.00,1.00
2017.06.15 15:07:19.099,8.74729,8.74836,1.00,1.00
2017.06.15 15:07:19.575,8.74725,8.74836,1.00,1.00
2017.06.15 15:07:20.308,8.74725,8.74837,1.00,1.00
2017.06.15 15:07:20.748,8.74725,8.74835,1.00,1.00
2017.06.15 15:07:21.517,8.74725,8.74833,1.00,1.00
2017.06.15 15:07:21.847,8.74725,8.74836,1.00,1.00
2017.06.15 15:07:22.310,8.74725,8.74842,1.00,1.00
2017.06.15 15:07:22.618,8.74725,8.74834,1.00,1.00
2017.06.15 15:07:22.690,8.74723,8.74834,1.00,1.00
2017.06.15 15:07:22.840,8.74723,8.74841,1.00,1.00
2017.06.15 15:07:24.598,8.74723,8.7484,1.00,1.00
2017.06.15 15:07:25.323,8.74724,8.74835,1.00,1.00
2017.06.15 15:07:26.247,8.74724,8.74832,1.00,1.00
2017.06.15 15:07:26.689,8.74724,8.74838,1.00,1.00
2017.06.15 15:07:26.909,8.74724,8.74832,1.00,1.00
2017.06.15 15:07:27.392,8.74702,8.74827,1.37,1.00
2017.06.15 15:07:27.494,8.74702,8.74822,1.37,1.00
2017.06.15 15:07:27.546,8.74692,8.74815,1.00,1.00
2017.06.15 15:07:27.648,8.74692,8.74822,1.00,1.00
2017.06.15 15:07:27.699,8.74692,8.74817,1.00,1.00
2017.06.15 15:07:28.066,8.74725,8.74837,1.00,1.00
2017.06.15 15:07:28.168,8.74725,8.74847,1.00,1.00
2017.06.15 15:07:28.349,8.74725,8.7485,1.00,1.00
2017.06.15 15:07:28.647,8.74731,8.74856,1.00,1.00
2017.06.15 15:07:29.422,8.74723,8.74849,1.00,1.00
2017.06.15 15:07:31.337,8.74727,8.74853,1.00,1.00
2017.06.15 15:07:34.484,8.74723,8.74849,1.00,1.00
2017.06.15 15:07:34.822,8.74698,8.74821,1.00,1.00
2017.06.15 15:07:35.384,8.74692,8.74818,1.00,1.00
2017.06.15 15:07:35.779,8.74692,8.74813,1.00,1.00
2017.06.15 15:07:36.233,8.74692,8.74809,1.00,1.00
2017.06.15 15:07:36.577,8.74698,8.74806,1.00,1.00
2017.06.15 15:07:37.084,8.74698,8.74807,1.00,1.00
2017.06.15 15:07:37.289,8.74716,8.7483,1.00,1.00
2017.06.15 15:07:37.648,8.74708,8.7483,1.00,1.00
2017.06.15 15:07:37.699,8.74708,8.74825,1.00,1.00
2017.06.15 15:07:38.118,8.74721,8.74821,1.00,1.00
2017.06.15 15:07:38.177,8.74721,8.74844,1.00,1.00
2017.06.15 15:07:38.228,8.74711,8.74837,1.00,1.00
2017.06.15 15:07:38.381,8.74711,8.74827,1.00,1.00
2017.06.15 15:07:38.721,8.74711,8.74832,1.00,1.00
2017.06.15 15:07:39.082,8.74725,8.74842,1.00,1.00
2017.06.15 15:07:39.349,8.74725,8.74846,1.00,1.00
2017.06.15 15:07:39.798,8.74731,8.74847,1.00,1.00
2017.06.15 15:07:40.126,8.7476,8.74866,1.00,1.00
2017.06.15 15:07:40.449,8.7476,8.74872,1.00,1.00
2017.06.15 15:07:40.807,8.74766,8.74872,1.00,1.00
2017.06.15 15:07:41.092,8.74744,8.74868,1.00,1.00
2017.06.15 15:07:41.296,8.74758,8.74868,1.00,1.00
2017.06.15 15:07:41.347,8.74758,8.7487,1.00,1.00
2017.06.15 15:07:41.399,8.74746,8.7487,1.00,1.00
2017.06.15 15:07:41.955,8.74746,8.74872,1.00,1.00
2017.06.15 15:07:42.309,8.74739,8.74865,1.00,1.00
2017.06.15 15:07:42.649,8.7473,8.74853,1.00,1.00
2017.06.15 15:07:42.700,8.7473,8.74856,1.00,1.00
2017.06.15 15:07:43.230,8.7472,8.74845,1.00,1.00
2017.06.15 15:07:51.151,8.74724,8.7485,1.00,1.00
2017.06.15 15:07:51.426,8.74707,8.74833,1.00,1.00
2017.06.15 15:07:51.731,8.74692,8.74818,1.00,1.00
2017.06.15 15:07:52.329,8.74692,8.74803,1.00,1.00
2017.06.15 15:07:52.430,8.74687,8.74803,1.00,1.00
2017.06.15 15:07:52.548,8.74687,8.74799,1.00,1.00
2017.06.15 15:07:52.909,8.74687,8.74796,1.00,1.00
2017.06.15 15:07:53.298,8.74687,8.74799,1.00,1.00
2017.06.15 15:07:53.765,8.7471,8.74796,1.00,1.00
2017.06.15 15:07:53.868,8.7471,8.74821,1.00,1.00
2017.06.15 15:07:54.726,8.74716,8.74821,1.00,1.00
2017.06.15 15:07:55.054,8.74716,8.74819,1.00,1.00
2017.06.15 15:07:55.105,8.74716,8.74822,1.00,1.00
2017.06.15 15:07:55.317,8.74705,8.74822,1.00,1.00
2017.06.15 15:07:55.419,8.74705,8.74826,1.00,1.00
2017.06.15 15:07:55.798,8.74705,8.7482,1.00,1.00
2017.06.15 15:07:56.287,8.74705,8.74822,1.00,1.00
2017.06.15 15:07:56.829,8.74705,8.74823,1.00,1.00
2017.06.15 15:07:58.158,8.74705,8.74824,1.00,1.00
2017.06.15 15:07:58.209,8.74709,8.74824,1.00,1.00
2017.06.15 15:07:58.848,8.74709,8.74827,1.00,1.00
2017.06.15 15:07:59.148,8.74709,8.7483,1.00,1.00
2017.06.15 15:07:59.261,8.74704,8.7483,1.00,1.00
2017.06.15 15:08:00.219,8.7471,8.7483,1.00,1.00
2017.06.15 15:08:00.598,8.74698,8.7483,1.00,1.00
2017.06.15 15:08:00.907,8.74698,8.74828,1.00,1.00
2017.06.15 15:08:01.237,8.74705,8.74824,1.00,1.00
2017.06.15 15:08:01.567,8.74705,8.74822,1.00,1.00
2017.06.15 15:08:02.117,8.74705,8.74821,1.00,1.00
2017.06.15 15:08:02.401,8.74684,8.74818,1.00,1.00
2017.06.15 15:08:02.453,8.74676,8.7481,1.00,1.00
2017.06.15 15:08:02.879,8.74676,8.74805,1.00,1.00
2017.06.15 15:08:03.217,8.74676,8.74801,1.00,1.00
2017.06.15 15:08:03.419,8.74673,8.74801,1.00,1.00
2017.06.15 15:08:03.547,8.74673,8.74798,1.00,1.00
2017.06.15 15:08:04.098,8.74673,8.74796,1.00,1.00
2017.06.15 15:08:04.467,8.74658,8.74792,1.00,1.00
2017.06.15 15:08:04.519,8.74641,8.74775,1.50,1.00
2017.06.15 15:08:04.837,8.74655,8.74786,1.00,1.00
2017.06.15 15:08:05.518,8.74662,8.74787,1.00,1.00
2017.06.15 15:08:06.187,8.74662,8.74785,1.00,1.00
2017.06.15 15:08:06.527,8.74662,8.74787,1.00,1.00
2017.06.15 15:08:06.738,8.74662,8.74791,1.00,1.00
2017.06.15 15:08:07.109,8.74662,8.74789,1.00,1.00
2017.06.15 15:08:07.438,8.74662,8.74794,1.00,1.00
2017.06.15 15:08:08.718,8.74662,8.74793,1.00,1.00
2017.06.15 15:08:09.047,8.74662,8.74796,1.00,1.50
2017.06.15 15:08:10.273,8.74662,8.74794,1.00,1.00
2017.06.15 15:08:10.521,8.74662,8.74796,1.00,1.00
2017.06.15 15:08:11.138,8.74662,8.74794,1.00,1.00
2017.06.15 15:08:11.467,8.74662,8.74796,1.00,1.50
2017.06.15 15:08:12.239,8.74662,8.74794,1.00,1.00
2017.06.15 15:08:13.048,8.74662,8.74795,1.00,1.00
2017.06.15 15:08:13.352,8.74676,8.74802,1.00,1.00
2017.06.15 15:08:13.821,8.74668,8.74794,1.00,1.00
2017.06.15 15:08:14.778,8.74675,8.74794,1.00,1.00
2017.06.15 15:08:15.123,8.74684,8.74811,1.00,1.00
2017.06.15 15:08:16.969,8.74678,8.74806,1.00,1.00
2017.06.15 15:08:17.020,8.74681,8.74808,1.00,1.00
2017.06.15 15:08:17.493,8.74671,8.74799,1.00,1.00
2017.06.15 15:08:17.544,8.74684,8.74812,1.00,1.00
2017.06.15 15:08:17.916,8.74684,8.74806,1.00,1.00
2017.06.15 15:08:17.967,8.74684,8.74811,1.00,1.00
2017.06.15 15:08:18.178,8.74684,8.74805,1.00,1.00
2017.06.15 15:08:18.518,8.74684,8.74802,1.00,1.00
2017.06.15 15:08:18.838,8.74686,8.74805,1.00,1.00
2017.06.15 15:08:19.356,8.74664,8.74791,1.00,1.00
2017.06.15 15:08:19.512,8.74686,8.74794,1.00,1.00
2017.06.15 15:08:19.614,8.74686,8.74814,1.00,1.00
2017.06.15 15:08:20.098,8.74686,8.7476,1.00,1.00
2017.06.15 15:08:20.302,8.74675,8.7476,1.00,1.00
2017.06.15 15:08:20.404,8.74665,8.7476,1.00,1.00
2017.06.15 15:08:21.287,8.74671,8.7476,1.00,1.00
2017.06.15 15:08:21.739,8.74648,8.7476,1.00,1.00
2017.06.15 15:08:21.893,8.74633,8.74721,1.00,1.00
2017.06.15 15:08:22.237,8.74633,8.74759,1.00,1.00
2017.06.15 15:08:22.828,8.74633,8.74744,1.00,1.00
2017.06.15 15:08:23.156,8.74609,8.74734,1.37,1.00
2017.06.15 15:08:23.207,8.74624,8.74744,1.00,1.00
2017.06.15 15:08:23.258,8.74624,8.74733,1.00,1.00
2017.06.15 15:08:23.564,8.74624,8.74728,1.00,1.00
2017.06.15 15:08:23.819,8.74624,8.74734,1.00,1.00
2017.06.15 15:08:24.125,8.74632,8.74735,1.00,1.00
2017.06.15 15:08:24.379,8.74632,8.74738,1.00,1.00
2017.06.15 15:08:24.997,8.74632,8.74739,1.00,1.00
2017.06.15 15:08:25.123,8.7463,8.74739,1.00,1.00
2017.06.15 15:08:25.792,8.7463,8.7474,1.00,1.00
2017.06.15 15:08:25.893,8.7463,8.74742,1.00,1.00
2017.06.15 15:08:26.154,8.74627,8.74742,1.00,1.00
2017.06.15 15:08:26.255,8.74627,8.74745,1.00,1.00
2017.06.15 15:08:26.518,8.74616,8.74742,1.37,1.00
2017.06.15 15:08:26.907,8.74627,8.74744,1.00,1.00
2017.06.15 15:08:27.295,8.74615,8.74741,1.37,1.00
2017.06.15 15:08:27.347,8.74615,8.74741,1.00,1.00
2017.06.15 15:08:28.034,8.74616,8.74741,1.00,1.00
2017.06.15 15:08:28.324,8.74627,8.74752,1.00,1.00
2017.06.15 15:08:28.375,8.74617,8.74743,1.00,1.00
2017.06.15 15:08:28.692,8.74627,8.74753,1.00,1.50
2017.06.15 15:08:29.154,8.74617,8.74742,1.00,1.00
2017.06.15 15:08:30.361,8.74617,8.74741,1.00,1.00
2017.06.15 15:08:30.412,8.74607,8.74733,1.00,1.00
2017.06.15 15:08:30.463,8.74597,8.74723,1.37,1.00
2017.06.15 15:08:30.767,8.74597,8.74655,1.00,1.00
2017.06.15 15:08:30.818,8.74583,8.74655,1.00,1.00
2017.06.15 15:08:31.610,8.74571,8.74655,1.00,1.00
2017.06.15 15:08:31.814,8.74562,8.74655,1.37,1.00
2017.06.15 15:08:31.964,8.74551,8.74653,1.00,1.00
2017.06.15 15:08:32.030,8.74551,8.74676,1.00,1.00
2017.06.15 15:08:32.081,8.74551,8.74668,1.00,1.00
2017.06.15 15:08:32.284,8.74551,8.74676,1.00,1.00
2017.06.15 15:08:32.506,8.74568,8.74682,1.00,1.00
2017.06.15 15:08:32.608,8.74568,8.74694,1.00,1.50
2017.06.15 15:08:32.969,8.74575,8.74701,1.00,1.50
2017.06.15 15:08:33.408,8.74575,8.74699,1.00,1.00
2017.06.15 15:08:33.798,8.74575,8.74695,1.00,1.00
2017.06.15 15:08:34.198,8.7458,8.74698,1.00,1.00
2017.06.15 15:08:34.347,8.7458,8.74702,1.00,1.00
2017.06.15 15:08:34.678,8.7458,8.74705,1.00,1.50
2017.06.15 15:08:34.906,8.74535,8.74676,1.75,1.00
2017.06.15 15:08:34.957,8.74535,8.74678,1.00,1.00
2017.06.15 15:08:35.008,8.74536,8.74662,1.00,1.00
2017.06.15 15:08:35.310,8.74473,8.74597,1.75,1.00
2017.06.15 15:08:35.361,8.74462,8.74608,1.37,1.00
2017.06.15 15:08:35.565,8.74469,8.74595,1.00,1.00
2017.06.15 15:08:35.869,8.74461,8.74566,1.00,1.00
2017.06.15 15:08:36.181,8.74473,8.74566,1.00,1.00
2017.06.15 15:08:36.442,8.74471,8.74566,1.00,1.00
2017.06.15 15:08:36.973,8.74461,8.74566,1.00,1.00
2017.06.15 15:08:37.146,8.74433,8.74573,1.37,1.00
2017.06.15 15:08:37.197,8.7441,8.74557,1.00,1.00
2017.06.15 15:08:37.248,8.74395,8.74557,1.37,1.00
2017.06.15 15:08:37.300,8.74389,8.74546,1.37,1.00
2017.06.15 15:08:37.605,8.74392,8.74532,1.37,1.00
2017.06.15 15:08:37.945,8.74392,8.74523,1.37,1.00
2017.06.15 15:08:37.997,8.74376,8.74528,1.75,1.00
2017.06.15 15:08:38.354,8.74399,8.74538,1.37,1.00
2017.06.15 15:08:38.566,8.74399,8.74528,1.37,1.00
2017.06.15 15:08:39.491,8.74375,8.74515,1.37,1.00
2017.06.15 15:08:39.600,8.74372,8.7452,1.75,1.00
2017.06.15 15:08:39.752,8.74372,8.74522,1.75,1.00
2017.06.15 15:08:40.099,8.74358,8.74517,1.75,1.00
2017.06.15 15:08:40.150,8.74342,8.74507,1.37,1.00
2017.06.15 15:08:40.299,8.74342,8.74487,1.37,1.00
2017.06.15 15:08:40.369,8.74342,8.745,1.00,1.00
2017.06.15 15:08:40.419,8.74337,8.74465,1.00,1.00
2017.06.15 15:08:40.725,8.74329,8.74417,1.00,1.00
2017.06.15 15:08:41.271,8.7433,8.74417,1.00,1.00
2017.06.15 15:08:41.641,8.74319,8.74417,1.00,1.00
2017.06.15 15:08:42.048,8.74319,8.74459,1.00,1.00
2017.06.15 15:08:42.150,8.74316,8.74467,1.00,1.00
2017.06.15 15:08:42.251,8.74337,8.74484,1.00,1.00
2017.06.15 15:08:42.455,8.74322,8.74477,1.00,1.00
2017.06.15 15:08:42.506,8.74308,8.74462,1.00,1.00
2017.06.15 15:08:43.219,8.74318,8.74463,1.00,1.00
2017.06.15 15:08:43.735,8.74318,8.7446,1.00,1.00
2017.06.15 15:08:43.977,8.7431,8.7446,1.00,1.00
2017.06.15 15:08:44.028,8.7431,8.74458,1.00,1.00
2017.06.15 15:08:44.459,8.74323,8.74457,1.00,1.00
2017.06.15 15:08:44.510,8.74309,8.74457,1.00,1.00
2017.06.15 15:08:45.237,8.74309,8.74449,1.00,1.00
2017.06.15 15:08:45.677,8.74325,8.7445,1.00,1.00
2017.06.15 15:08:45.990,8.74338,8.74463,1.00,1.00
2017.06.15 15:08:46.215,8.74351,8.7449,1.00,1.50
2017.06.15 15:08:46.270,8.74363,8.74489,1.00,1.00
2017.06.15 15:08:46.602,8.74327,8.74467,1.37,1.00
2017.06.15 15:08:46.866,8.74322,8.74448,1.00,1.00
2017.06.15 15:08:47.598,8.74336,8.74459,1.00,1.00
2017.06.15 15:08:47.649,8.74322,8.74462,1.00,1.00
2017.06.15 15:08:47.911,8.74309,8.74449,1.00,1.00
2017.06.15 15:08:48.588,8.74322,8.74447,1.00,1.00
2017.06.15 15:08:50.046,8.74327,8.74452,1.00,1.00
2017.06.15 15:08:50.407,8.7432,8.74446,1.00,1.00
2017.06.15 15:08:51.436,8.74319,8.74445,1.00,1.00
2017.06.15 15:08:52.238,8.74313,8.74438,1.00,1.00
2017.06.15 15:08:52.555,8.74289,8.74414,1.00,1.00
2017.06.15 15:08:53.486,8.74294,8.7442,1.00,1.00
2017.06.15 15:08:53.749,8.7429,8.74413,1.00,1.00
2017.06.15 15:08:54.399,8.74298,8.74421,1.00,1.00
2017.06.15 15:08:54.906,8.74319,8.74421,1.00,1.00
2017.06.15 15:08:55.098,8.74305,8.74431,1.00,1.00
2017.06.15 15:08:55.250,8.74305,8.74425,1.00,1.00
2017.06.15 15:08:55.504,8.74316,8.74442,1.00,1.00
2017.06.15 15:08:56.042,8.74316,8.74441,1.00,1.00
2017.06.15 15:08:56.093,8.74322,8.74441,1.00,1.00
2017.06.15 15:08:56.144,8.74322,8.74443,1.00,1.00
2017.06.15 15:08:56.195,8.7433,8.74443,1.00,1.00
2017.06.15 15:08:56.398,8.7433,8.74448,1.00,1.00
2017.06.15 15:08:56.449,8.74321,8.74447,1.00,1.00
2017.06.15 15:08:56.677,8.74321,8.74445,1.00,1.00
2017.06.15 15:08:57.061,8.74321,8.74443,1.00,1.00
2017.06.15 15:08:57.543,8.74321,8.74441,1.00,1.00
2017.06.15 15:08:57.697,8.74335,8.7446,1.00,1.00
2017.06.15 15:08:57.799,8.7432,8.74445,1.00,1.00
2017.06.15 15:08:58.176,8.7432,8.74434,1.00,1.00
2017.06.15 15:08:58.232,8.74323,8.74444,1.00,1.00
2017.06.15 15:08:58.335,8.74323,8.74446,1.00,1.00
2017.06.15 15:08:58.488,8.74323,8.74449,1.00,1.00
2017.06.15 15:08:58.590,8.74323,8.74444,1.00,1.00
2017.06.15 15:08:58.878,8.74323,8.74448,1.00,1.00
2017.06.15 15:08:59.260,8.74319,8.74445,1.00,1.00
2017.06.15 15:08:59.639,8.7431,8.74436,1.00,1.00
2017.06.15 15:08:59.976,8.74299,8.74425,1.00,1.00
2017.06.15 15:09:00.280,8.74311,8.74436,1.00,1.00
2017.06.15 15:09:00.432,8.743,8.74426,1.12,1.00
2017.06.15 15:09:00.483,8.74285,8.74411,1.75,1.00
2017.06.15 15:09:00.775,8.74296,8.74416,1.37,1.00
2017.06.15 15:09:00.935,8.74315,8.74416,1.00,1.00
2017.06.15 15:09:00.986,8.74315,8.74418,1.00,1.00
2017.06.15 15:09:01.089,8.74315,8.74436,1.00,1.00
2017.06.15 15:09:01.242,8.7433,8.74436,1.00,1.00
2017.06.15 15:09:01.293,8.74311,8.74441,1.00,1.00
2017.06.15 15:09:01.344,8.7433,8.74441,1.00,1.00
2017.06.15 15:09:01.660,8.7433,8.74436,1.00,1.00
2017.06.15 15:09:01.762,8.7433,8.74441,1.00,1.00
2017.06.15 15:09:02.245,8.74325,8.74441,1.00,1.00
2017.06.15 15:09:02.297,8.74325,8.74449,1.00,1.00
2017.06.15 15:09:02.617,8.74325,8.74451,1.00,1.00
2017.06.15 15:09:03.291,8.74322,8.74448,1.00,1.00
2017.06.15 15:09:03.635,8.74353,8.74442,1.00,1.00
2017.06.15 15:09:03.737,8.74353,8.74469,1.00,1.00
2017.06.15 15:09:04.081,8.74353,8.74471,1.00,1.00
2017.06.15 15:09:04.268,8.74353,8.74478,1.00,1.00
2017.06.15 15:09:05.327,8.74353,8.74477,1.00,1.00
2017.06.15 15:09:05.807,8.74353,8.74479,1.00,1.50
2017.06.15 15:09:06.091,8.74362,8.74479,1.00,1.00
2017.06.15 15:09:06.468,8.74362,8.74476,1.00,1.00
2017.06.15 15:09:06.520,8.74362,8.74483,1.00,1.00
2017.06.15 15:09:07.017,8.74362,8.74486,1.00,1.00
2017.06.15 15:09:07.348,8.74362,8.74488,1.00,1.50
2017.06.15 15:09:07.948,8.74365,8.7449,1.00,1.00
2017.06.15 15:09:08.557,8.74365,8.74491,1.00,1.00
2017.06.15 15:09:08.887,8.74365,8.74488,1.00,1.00
2017.06.15 15:09:09.327,8.74366,8.74491,1.00,1.00
2017.06.15 15:09:09.878,8.74366,8.74492,1.00,1.00
2017.06.15 15:09:10.207,8.74365,8.7449,1.00,1.00
2017.06.15 15:09:12.143,8.74389,8.74496,1.00,1.00
2017.06.15 15:09:12.450,8.74397,8.74509,1.00,1.00
2017.06.15 15:09:12.738,8.74397,8.74507,1.00,1.00
2017.06.15 15:09:13.068,8.74397,8.74513,1.00,1.00
2017.06.15 15:09:13.398,8.74398,8.74505,1.00,1.00
2017.06.15 15:09:13.727,8.74398,8.74516,1.00,1.00
2017.06.15 15:09:13.947,8.74398,8.74511,1.00,1.00
2017.06.15 15:09:14.112,8.74393,8.74511,1.00,1.00
2017.06.15 15:09:14.306,8.74393,8.74515,1.00,1.00
2017.06.15 15:09:14.607,8.74393,8.74511,1.00,1.00
2017.06.15 15:09:15.356,8.74392,8.74511,1.00,1.00
2017.06.15 15:09:15.643,8.74392,8.74517,1.00,1.00
2017.06.15 15:09:15.928,8.74392,8.74511,1.00,1.00
2017.06.15 15:09:16.498,8.74392,8.7451,1.00,1.00
2017.06.15 15:09:17.509,8.74391,8.74512,1.00,1.00
2017.06.15 15:09:17.876,8.74384,8.74509,1.00,1.00
2017.06.15 15:09:17.927,8.7437,8.74495,1.00,1.00
2017.06.15 15:09:18.349,8.7437,8.7449,1.00,1.00
2017.06.15 15:09:18.689,8.7437,8.74488,1.00,1.00
2017.06.15 15:09:18.934,8.74366,8.74487,1.00,1.00
2017.06.15 15:09:19.117,8.74366,8.7449,1.00,1.50
2017.06.15 15:09:19.639,8.74366,8.74489,1.00,1.00
2017.06.15 15:09:19.963,8.74379,8.74489,1.00,1.00
2017.06.15 15:09:20.014,8.74379,8.74498,1.00,1.00
2017.06.15 15:09:20.400,8.74403,8.74499,1.00,1.00
2017.06.15 15:09:20.552,8.74403,8.74523,1.00,1.00
2017.06.15 15:09:20.803,8.74403,8.74513,1.00,1.00
2017.06.15 15:09:20.905,8.74403,8.74529,1.00,1.00
2017.06.15 15:09:21.108,8.7441,8.74535,1.00,1.00
2017.06.15 15:09:21.159,8.7441,8.74549,1.00,1.00
2017.06.15 15:09:22.352,8.74415,8.74554,1.00,1.00
2017.06.15 15:09:22.768,8.74433,8.74572,1.00,1.00
2017.06.15 15:09:23.090,8.74442,8.74581,1.00,1.00
2017.06.15 15:09:23.473,8.74434,8.74573,1.00,1.00
2017.06.15 15:09:24.155,8.74444,8.74581,1.00,1.00
2017.06.15 15:09:24.308,8.74433,8.74572,1.00,1.00
2017.06.15 15:09:25.019,8.74442,8.74581,1.00,1.00
2017.06.15 15:09:25.910,8.74448,8.74585,1.00,1.00
2017.06.15 15:09:26.465,8.74417,8.74556,1.37,1.00
2017.06.15 15:09:27.607,8.74416,8.74553,1.37,1.00
2017.06.15 15:09:27.681,8.74416,8.74553,1.00,1.00
2017.06.15 15:09:28.440,8.74414,8.74559,1.00,1.00
2017.06.15 15:09:29.180,8.74429,8.74572,1.00,1.00
2017.06.15 15:09:29.383,8.74437,8.74582,1.00,1.00
2017.06.15 15:09:29.535,8.74426,8.74571,1.00,1.00
2017.06.15 15:09:30.225,8.74421,8.74565,1.00,1.00
2017.06.15 15:09:30.547,8.74443,8.74587,1.00,1.00
2017.06.15 15:09:30.917,8.74432,8.74576,1.00,1.00
2017.06.15 15:09:31.227,8.74423,8.74566,1.00,1.00
2017.06.15 15:09:31.878,8.74423,8.74567,1.00,1.00
2017.06.15 15:09:32.382,8.74434,8.74575,1.00,1.00
2017.06.15 15:09:32.586,8.74434,8.74578,1.00,1.00
2017.06.15 15:09:33.068,8.74442,8.74584,1.00,1.00
2017.06.15 15:09:33.417,8.74443,8.74566,1.00,1.00
2017.06.15 15:09:33.949,8.74453,8.74575,1.00,1.00
2017.06.15 15:09:34.122,8.74448,8.74571,1.00,1.00
2017.06.15 15:09:35.256,8.74449,8.74573,1.00,1.00
2017.06.15 15:09:35.892,8.74459,8.74582,1.00,1.00
2017.06.15 15:09:36.270,8.7446,8.74585,1.00,1.00
2017.06.15 15:09:36.622,8.74475,8.74591,1.00,1.00
2017.06.15 15:09:36.724,8.74475,8.74599,1.00,1.00
2017.06.15 15:09:37.581,8.74474,8.74599,1.00,1.00
2017.06.15 15:09:37.683,8.74465,8.7459,1.00,1.00
2017.06.15 15:09:37.987,8.74456,8.74579,1.00,1.00
2017.06.15 15:09:38.849,8.74461,8.74586,1.00,1.00
2017.06.15 15:09:39.845,8.7446,8.74584,1.00,1.00
2017.06.15 15:09:40.921,8.74479,8.74601,1.00,1.00
2017.06.15 15:09:41.876,8.74469,8.74593,1.00,1.00
2017.06.15 15:09:42.901,8.74464,8.74589,1.00,1.00
2017.06.15 15:09:43.104,8.7447,8.74588,1.00,1.00
2017.06.15 15:09:43.340,8.7447,8.74594,1.00,1.00
2017.06.15 15:09:45.410,8.74465,8.7459,1.00,1.00
2017.06.15 15:09:46.366,8.74467,8.7459,1.00,1.00
2017.06.15 15:09:47.461,8.74464,8.74587,1.00,1.00
2017.06.15 15:09:48.434,8.74463,8.74587,1.00,1.00
2017.06.15 15:09:49.086,8.74437,8.74562,1.00,1.00
2017.06.15 15:09:50.023,8.7445,8.74563,1.00,1.00
2017.06.15 15:09:50.125,8.74442,8.74563,1.00,1.00
2017.06.15 15:09:50.176,8.74442,8.74566,1.00,1.00
2017.06.15 15:09:50.468,8.74437,8.74562,1.00,1.00
2017.06.15 15:09:50.636,8.74437,8.74564,1.00,1.00
2017.06.15 15:09:51.126,8.74428,8.74554,1.00,1.00
2017.06.15 15:09:52.085,8.74423,8.7455,1.00,1.00
2017.06.15 15:09:52.614,8.74383,8.74531,1.00,1.00
2017.06.15 15:09:52.869,8.74394,8.7454,1.00,1.00
2017.06.15 15:09:52.920,8.74394,8.74542,1.00,1.00
2017.06.15 15:09:53.861,8.74391,8.74539,1.00,1.00
2017.06.15 15:09:54.187,8.74382,8.7453,1.00,1.00
2017.06.15 15:09:54.546,8.74406,8.74547,1.00,1.00
2017.06.15 15:09:54.709,8.74418,8.74566,1.00,1.00
2017.06.15 15:09:55.606,8.74424,8.74571,1.00,1.00
2017.06.15 15:09:56.568,8.74425,8.74571,1.00,1.00
2017.06.15 15:09:57.585,8.7442,8.74567,1.00,1.00
2017.06.15 15:09:58.678,8.74424,8.74571,1.00,1.00
2017.06.15 15:09:59.664,8.74428,8.74575,1.00,1.00
2017.06.15 15:10:00.570,8.7443,8.74575,1.00,1.00
2017.06.15 15:10:00.917,8.74419,8.74564,1.00,1.00
2017.06.15 15:10:01.224,8.7446,8.74582,1.00,1.00
2017.06.15 15:10:01.427,8.74478,8.74602,1.00,1.00
2017.06.15 15:10:01.478,8.74478,8.74605,1.00,1.00
2017.06.15 15:10:02.180,8.74499,8.74622,1.00,1.00
2017.06.15 15:10:02.232,8.74499,8.74625,1.00,1.00
2017.06.15 15:10:02.337,8.74489,8.74614,1.00,1.00
2017.06.15 15:10:02.729,8.74499,8.74624,1.00,1.00
2017.06.15 15:10:03.033,8.7451,8.74635,1.00,1.00
2017.06.15 15:10:03.340,8.74531,8.74655,1.00,1.00
2017.06.15 15:10:03.551,8.74519,8.74645,1.00,1.00
2017.06.15 15:10:04.549,8.74514,8.7464,1.00,1.00
2017.06.15 15:10:05.767,8.7451,8.74636,1.00,1.00
2017.06.15 15:10:06.071,8.74518,8.74644,1.00,1.00
2017.06.15 15:10:06.905,8.74521,8.74646,1.00,1.50
2017.06.15 15:10:07.904,8.74526,8.74646,1.00,1.00
2017.06.15 15:10:10.016,8.74523,8.74646,1.00,1.00
2017.06.15 15:10:11.358,8.74523,8.74648,1.00,1.00
2017.06.15 15:10:12.304,8.74534,8.74659,1.00,1.00
2017.06.15 15:10:12.714,8.74529,8.74653,1.00,1.00
2017.06.15 15:10:13.320,8.74534,8.74659,1.00,1.00
2017.06.15 15:10:13.371,8.74545,8.7467,1.00,1.00
2017.06.15 15:10:13.719,8.74554,8.74678,1.00,1.00
2017.06.15 15:10:13.973,8.74555,8.7468,1.00,1.00
2017.06.15 15:10:14.887,8.74567,8.74692,1.00,1.00
2017.06.15 15:10:15.368,8.7458,8.74705,1.00,1.50
2017.06.15 15:10:15.674,8.74595,8.7472,1.00,1.00
2017.06.15 15:10:15.978,8.74617,8.74742,1.00,1.00
2017.06.15 15:10:16.322,8.74638,8.74762,1.00,1.00
2017.06.15 15:10:16.698,8.74647,8.74771,1.00,1.00
2017.06.15 15:10:16.999,8.74627,8.74752,1.37,1.00
2017.06.15 15:10:17.348,8.74617,8.74741,1.37,1.00
2017.06.15 15:10:17.601,8.74618,8.74744,1.37,1.00
2017.06.15 15:10:18.068,8.74618,8.74744,1.00,1.00
2017.06.15 15:10:18.209,8.7463,8.74756,1.00,1.00
2017.06.15 15:10:18.584,8.74624,8.7475,1.00,1.00
2017.06.15 15:10:18.635,8.74595,8.74722,1.50,1.00
2017.06.15 15:10:18.991,8.74562,8.74689,1.00,1.00
2017.06.15 15:10:19.331,8.74583,8.7471,1.37,1.00
2017.06.15 15:10:19.382,8.74602,8.74725,1.00,1.00
2017.06.15 15:10:19.433,8.7458,8.74706,1.37,1.00
2017.06.15 15:10:19.535,8.7458,8.74706,1.00,1.00
2017.06.15 15:10:19.586,8.74556,8.74683,1.00,1.00
2017.06.15 15:10:20.137,8.74557,8.74683,1.00,1.00
2017.06.15 15:10:20.570,8.74567,8.74691,1.00,1.00
2017.06.15 15:10:20.724,8.74554,8.74681,1.00,1.00
2017.06.15 15:10:21.078,8.74541,8.74667,1.00,1.00
2017.06.15 15:10:21.389,8.74528,8.74654,1.37,1.00
2017.06.15 15:10:21.643,8.74538,8.74665,1.00,1.00
2017.06.15 15:10:21.994,8.74569,8.74695,1.00,1.00
2017.06.15 15:10:22.863,8.74579,8.74705,1.00,1.00
2017.06.15 15:10:23.849,8.74581,8.74707,1.00,1.00
2017.06.15 15:10:24.813,8.74587,8.74712,1.00,1.00
2017.06.15 15:10:25.150,8.74576,8.747,1.00,1.00
2017.06.15 15:10:25.778,8.74569,8.74693,1.00,1.00
2017.06.15 15:10:26.292,8.74574,8.74699,1.00,1.00
2017.06.15 15:10:26.852,8.74557,8.74681,1.00,1.00
2017.06.15 15:10:27.197,8.74546,8.7467,1.00,1.00
2017.06.15 15:10:27.780,8.74557,8.7468,1.00,1.00
2017.06.15 15:10:27.909,8.74568,8.74692,1.00,1.00
2017.06.15 15:10:27.960,8.74568,8.74694,1.00,1.00
2017.06.15 15:10:28.819,8.74574,8.747,1.00,1.00
2017.06.15 15:10:29.274,8.74568,8.74694,1.00,1.00
2017.06.15 15:10:29.945,8.74563,8.74689,1.37,1.00
2017.06.15 15:10:30.119,8.74552,8.74678,1.00,1.00
2017.06.15 15:10:31.193,8.7456,8.74686,1.00,1.00
2017.06.15 15:10:31.498,8.74537,8.74663,1.00,1.00
2017.06.15 15:10:32.380,8.74528,8.74653,1.00,1.00
2017.06.15 15:10:32.931,8.74522,8.74648,1.37,1.00
2017.06.15 15:10:33.033,8.74522,8.74648,1.00,1.00
2017.06.15 15:10:33.346,8.74529,8.74655,1.00,1.00
2017.06.15 15:10:33.654,8.74524,8.74648,1.00,1.00
2017.06.15 15:10:34.569,8.74534,8.7466,1.00,1.00
2017.06.15 15:10:35.549,8.74549,8.74674,1.00,1.00
2017.06.15 15:10:35.701,8.74555,8.74681,1.00,1.00
2017.06.15 15:10:35.752,8.74566,8.74689,1.00,1.00
2017.06.15 15:10:36.056,8.74635,8.74733,1.37,1.00
2017.06.15 15:10:36.195,8.74635,8.7476,1.37,1.00
2017.06.15 15:10:36.298,8.74657,8.74783,1.00,1.00
2017.06.15 15:10:36.605,8.74657,8.74781,1.00,1.00
2017.06.15 15:10:36.706,8.74641,8.74767,1.37,1.00
2017.06.15 15:10:36.777,8.74641,8.74764,1.37,1.00
2017.06.15 15:10:37.107,8.74641,8.74758,1.37,1.00
2017.06.15 15:10:37.436,8.74641,8.74763,1.37,1.00
2017.06.15 15:10:37.656,8.74641,8.74751,1.37,1.00
2017.06.15 15:10:37.987,8.74639,8.74747,1.37,1.00
2017.06.15 15:10:38.201,8.74639,8.74747,1.00,1.00
2017.06.15 15:10:38.320,8.74629,8.74752,1.37,1.00
2017.06.15 15:10:38.487,8.7462,8.74745,1.00,1.00
2017.06.15 15:10:38.538,8.7462,8.74734,1.00,1.00
2017.06.15 15:10:38.868,8.7462,8.74742,1.00,1.00
2017.06.15 15:10:38.974,8.74608,8.74734,1.00,1.00
2017.06.15 15:10:39.798,8.74596,8.74722,1.37,1.00
2017.06.15 15:10:40.052,8.74606,8.74732,1.00,1.00
2017.06.15 15:10:40.104,8.74623,8.74748,1.00,1.00
2017.06.15 15:10:40.626,8.74623,8.74749,1.00,1.00
2017.06.15 15:10:41.096,8.74627,8.74753,1.00,1.00
2017.06.15 15:10:42.103,8.74632,8.74758,1.00,1.00
2017.06.15 15:10:42.973,8.74638,8.74763,1.00,1.00
2017.06.15 15:10:43.126,8.74641,8.74767,1.00,1.00
2017.06.15 15:10:43.177,8.74651,8.74777,1.00,1.00
2017.06.15 15:10:44.196,8.74647,8.74773,1.00,1.00
2017.06.15 15:10:44.984,8.74654,8.74778,1.00,1.00
2017.06.15 15:10:45.242,8.74576,8.74702,1.00,1.00
2017.06.15 15:10:45.446,8.74581,8.74707,1.00,1.00
2017.06.15 15:10:46.178,8.74592,8.74718,1.00,1.00
2017.06.15 15:10:46.574,8.74587,8.74713,1.00,1.00
2017.06.15 15:10:46.919,8.74562,8.74688,1.00,1.00
2017.06.15 15:10:47.223,8.74581,8.74706,1.75,1.00
2017.06.15 15:10:47.274,8.74581,8.74724,1.75,1.00
2017.06.15 15:10:47.377,8.74599,8.74741,1.00,1.00
2017.06.15 15:10:47.700,8.74611,8.74738,1.00,1.00
2017.06.15 15:10:47.995,8.74606,8.74748,1.00,1.00
2017.06.15 15:10:48.112,8.74614,8.7474,1.00,1.00
2017.06.15 15:10:48.495,8.74614,8.74733,1.00,1.00
2017.06.15 15:10:48.656,8.74614,8.7474,1.00,1.00
2017.06.15 15:10:49.112,8.74611,8.74735,1.00,1.00
2017.06.15 15:10:49.177,8.74598,8.74724,1.12,1.00
2017.06.15 15:10:49.228,8.7459,8.74716,1.37,1.00
2017.06.15 15:10:49.330,8.7459,8.74716,1.00,1.00
2017.06.15 15:10:49.891,8.74578,8.74705,1.37,1.00
2017.06.15 15:10:50.796,8.74584,8.7471,1.00,1.00
2017.06.15 15:10:50.897,8.74568,8.74693,1.75,1.00
2017.06.15 15:10:51.145,8.74588,8.74714,1.00,1.00
2017.06.15 15:10:51.807,8.74599,8.74723,1.00,1.00
2017.06.15 15:10:52.120,8.74587,8.74711,1.00,1.00
2017.06.15 15:10:53.109,8.74586,8.74713,1.00,1.00
2017.06.15 15:10:54.382,8.74582,8.74709,1.37,1.00
2017.06.15 15:10:54.689,8.74562,8.74686,1.00,1.00
2017.06.15 15:10:55.226,8.74547,8.74673,1.00,1.00
2017.06.15 15:10:56.157,8.74575,8.74701,1.00,1.00
2017.06.15 15:10:56.462,8.74518,8.74643,1.00,1.00
2017.06.15 15:10:56.664,8.74505,8.74637,1.00,1.00
2017.06.15 15:10:56.715,8.74498,8.74637,1.00,1.00
2017.06.15 15:10:56.987,8.74519,8.74642,1.00,1.00
2017.06.15 15:10:57.139,8.74501,8.74643,1.00,1.00
2017.06.15 15:10:57.431,8.74512,8.74636,1.00,1.00
2017.06.15 15:10:58.431,8.74507,8.74633,1.00,1.00
2017.06.15 15:10:58.620,8.74513,8.74639,1.00,1.00
2017.06.15 15:10:59.688,8.74513,8.74638,1.00,1.00
2017.06.15 15:11:00.135,8.74513,8.74636,1.00,1.00
2017.06.15 15:11:00.459,8.74513,8.74638,1.00,1.00
2017.06.15 15:11:01.065,8.74513,8.74639,1.00,1.00
2017.06.15 15:11:01.116,8.7451,8.74636,1.00,1.00
2017.06.15 15:11:01.951,8.74535,8.74648,1.00,1.00
2017.06.15 15:11:02.002,8.74545,8.74665,1.00,1.00
2017.06.15 15:11:02.104,8.74558,8.74665,1.00,1.00
2017.06.15 15:11:02.344,8.74558,8.74684,1.00,1.00
2017.06.15 15:11:02.395,8.74545,8.74671,1.00,1.00
2017.06.15 15:11:03.118,8.74562,8.74689,1.00,1.00
2017.06.15 15:11:03.272,8.74551,8.74677,1.00,1.00
2017.06.15 15:11:04.239,8.74547,8.74673,1.00,1.00
2017.06.15 15:11:04.617,8.74547,8.74667,1.00,1.00
2017.06.15 15:11:04.944,8.74547,8.74664,1.00,1.00
2017.06.15 15:11:05.249,8.74537,8.74663,1.00,1.00
2017.06.15 15:11:05.402,8.74537,8.74655,1.00,1.00
2017.06.15 15:11:05.707,8.74537,8.74663,1.00,1.00
2017.06.15 15:11:06.228,8.74538,8.74664,1.00,1.00
2017.06.15 15:11:06.279,8.74538,8.74662,1.00,1.00
2017.06.15 15:11:06.807,8.74538,8.74663,1.00,1.00
2017.06.15 15:11:07.357,8.74538,8.74655,1.00,1.00
2017.06.15 15:11:07.686,8.74538,8.74664,1.00,1.50
2017.06.15 15:11:08.016,8.74538,8.74655,1.00,1.00
2017.06.15 15:11:08.067,8.7452,8.74644,1.00,1.00
2017.06.15 15:11:08.118,8.7451,8.74631,1.00,1.00
2017.06.15 15:11:08.221,8.74507,8.74631,1.00,1.00
2017.06.15 15:11:08.323,8.74521,8.74637,1.00,1.00
2017.06.15 15:11:08.475,8.74521,8.74647,1.00,1.00
2017.06.15 15:11:08.876,8.74505,8.74631,1.00,1.00
2017.06.15 15:11:09.180,8.7449,8.74616,1.00,1.00
2017.06.15 15:11:09.776,8.74499,8.74625,1.00,1.00
2017.06.15 15:11:10.289,8.74496,8.74622,1.00,1.00
2017.06.15 15:11:10.629,8.74517,8.74642,1.00,1.00
2017.06.15 15:11:11.433,8.7453,8.74654,1.00,1.00
2017.06.15 15:11:11.684,8.7452,8.74646,1.00,1.00
2017.06.15 15:11:11.786,8.74517,8.74643,1.00,1.00
2017.06.15 15:11:12.125,8.74528,8.74654,1.00,1.00
2017.06.15 15:11:12.456,8.74507,8.74633,1.00,1.00
2017.06.15 15:11:13.209,8.74509,8.74635,1.00,1.00
2017.06.15 15:11:14.113,8.745,8.74626,1.00,1.00
2017.06.15 15:11:15.129,8.74499,8.74625,1.00,1.00
2017.06.15 15:11:16.848,8.74503,8.74629,1.00,1.00
2017.06.15 15:11:17.177,8.74523,8.74649,1.00,1.00
2017.06.15 15:11:17.510,8.7451,8.74636,1.00,1.00
2017.06.15 15:11:17.923,8.74504,8.74631,1.00,1.00
2017.06.15 15:11:18.603,8.74511,8.74638,1.00,1.00
2017.06.15 15:11:18.908,8.74501,8.74626,1.00,1.00
2017.06.15 15:11:19.702,8.74497,8.74623,1.00,1.00
2017.06.15 15:11:20.523,8.74504,8.74629,1.00,1.00
2017.06.15 15:11:20.960,8.74496,8.74622,1.00,1.00
2017.06.15 15:11:21.508,8.74503,8.74629,1.00,1.00
2017.06.15 15:11:21.813,8.74509,8.74635,1.00,1.00
2017.06.15 15:11:22.286,8.74495,8.74621,1.00,1.00
2017.06.15 15:11:23.288,8.74492,8.74619,1.00,1.00
2017.06.15 15:11:23.875,8.74492,8.74615,1.00,1.00
2017.06.15 15:11:23.926,8.74495,8.74621,1.00,1.00
2017.06.15 15:11:24.294,8.74509,8.74634,1.00,1.00
2017.06.15 15:11:24.969,8.74517,8.74635,1.00,1.00
2017.06.15 15:11:25.984,8.74517,8.74636,1.00,1.00
2017.06.15 15:11:26.296,8.74517,8.74638,1.00,1.00
2017.06.15 15:11:26.846,8.74517,8.74642,1.00,1.00
2017.06.15 15:11:27.347,8.74517,8.74643,1.00,1.50
2017.06.15 15:11:27.794,8.74521,8.74647,1.00,1.00
2017.06.15 15:11:28.727,8.74522,8.74649,1.00,1.00
2017.06.15 15:11:29.811,8.74528,8.74655,1.00,1.50
2017.06.15 15:11:30.152,8.74535,8.74659,1.00,1.00
2017.06.15 15:11:30.290,8.74543,8.7467,1.00,1.00
2017.06.15 15:11:30.812,8.74534,8.7466,1.00,1.00
2017.06.15 15:11:31.126,8.74525,8.74651,1.00,1.00
2017.06.15 15:11:31.372,8.74503,8.7463,1.00,1.00
2017.06.15 15:11:32.310,8.74506,8.74633,1.00,1.00
2017.06.15 15:11:33.458,8.74502,8.74628,1.00,1.00
2017.06.15 15:11:33.934,8.74496,8.74622,1.00,1.00
2017.06.15 15:11:34.493,8.74503,8.7463,1.00,1.00
2017.06.15 15:11:35.810,8.74499,8.74626,1.00,1.00
2017.06.15 15:11:36.367,8.74487,8.74613,1.00,1.00
2017.06.15 15:11:37.261,8.74492,8.74618,1.00,1.00
2017.06.15 15:11:37.942,8.74512,8.74635,1.00,1.00
2017.06.15 15:11:37.994,8.74497,8.74623,1.00,1.00
2017.06.15 15:11:38.890,8.74486,8.74612,1.00,1.00
2017.06.15 15:11:40.862,8.74491,8.74617,1.00,1.00
2017.06.15 15:11:41.849,8.74495,8.74622,1.00,1.00
2017.06.15 15:11:43.092,8.74506,8.74632,1.00,1.00
2017.06.15 15:11:43.396,8.74516,8.74642,1.00,1.00
2017.06.15 15:11:44.111,8.74511,8.74637,1.00,1.00
2017.06.15 15:11:48.323,8.74496,8.74623,1.00,1.00
2017.06.15 15:11:49.055,8.74487,8.74613,1.00,1.00
2017.06.15 15:11:50.081,8.74504,8.7463,1.00,1.00
2017.06.15 15:11:50.416,8.74517,8.74643,1.00,1.00
2017.06.15 15:11:51.193,8.74513,8.74639,1.00,1.00
2017.06.15 15:11:53.229,8.74514,8.7464,1.00,1.00
2017.06.15 15:11:54.003,8.74502,8.74628,1.00,1.00
2017.06.15 15:11:54.311,8.74487,8.74613,1.00,1.00
2017.06.15 15:11:55.216,8.74489,8.74615,1.00,1.00
2017.06.15 15:11:56.396,8.74498,8.74624,1.00,1.00
2017.06.15 15:11:56.697,8.745,8.74624,1.00,1.00
2017.06.15 15:11:57.435,8.74493,8.74619,1.00,1.00
2017.06.15 15:11:58.741,8.74498,8.74622,1.00,1.00
2017.06.15 15:11:59.491,8.74498,8.74615,1.00,1.00
2017.06.15 15:11:59.744,8.74493,8.74615,1.00,1.00
2017.06.15 15:11:59.816,8.74493,8.74619,1.00,1.50
2017.06.15 15:12:00.481,8.74493,8.74608,1.00,1.00
2017.06.15 15:12:00.660,8.74484,8.74608,1.00,1.00
2017.06.15 15:12:00.805,8.74484,8.74591,1.00,1.00
2017.06.15 15:12:01.101,8.74473,8.74591,1.00,1.00
2017.06.15 15:12:01.203,8.74459,8.74585,1.37,1.00
2017.06.15 15:12:01.458,8.74477,8.7459,1.00,1.00
2017.06.15 15:12:01.509,8.74477,8.74592,1.00,1.00
2017.06.15 15:12:01.712,8.74477,8.74594,1.00,1.00
2017.06.15 15:12:01.921,8.74465,8.74591,1.00,1.00
2017.06.15 15:12:02.128,8.74465,8.74584,1.00,1.00
2017.06.15 15:12:02.230,8.74455,8.74582,1.00,1.00
2017.06.15 15:12:02.923,8.74455,8.74578,1.00,1.00
2017.06.15 15:12:05.606,8.74454,8.74578,1.00,1.50
2017.06.15 15:12:06.858,8.74458,8.74578,1.00,1.00
2017.06.15 15:12:07.240,8.74463,8.74578,1.00,1.00
2017.06.15 15:12:07.558,8.74453,8.74578,1.00,1.00
2017.06.15 15:12:07.996,8.74463,8.74578,1.00,1.00
2017.06.15 15:12:08.560,8.74457,8.74578,1.00,1.00
2017.06.15 15:12:09.560,8.74454,8.74578,1.00,1.00
2017.06.15 15:12:09.935,8.74448,8.74575,1.00,1.00
2017.06.15 15:12:09.986,8.74448,8.74561,1.00,1.00
2017.06.15 15:12:10.294,8.74448,8.74559,1.00,1.00
2017.06.15 15:12:10.498,8.74448,8.74575,1.00,1.00
2017.06.15 15:12:10.823,8.74456,8.74578,1.00,1.00
2017.06.15 15:12:11.824,8.74454,8.74578,1.00,1.00
2017.06.15 15:12:13.801,8.7445,8.74577,1.00,1.00
2017.06.15 15:12:14.773,8.74454,8.74578,1.00,1.00
2017.06.15 15:12:15.818,8.74453,8.74578,1.00,1.00
2017.06.15 15:12:17.378,8.74456,8.74578,1.00,1.00
2017.06.15 15:12:17.718,8.74456,8.74556,1.00,1.00
2017.06.15 15:12:17.769,8.74456,8.74577,1.00,1.00
2017.06.15 15:12:18.023,8.74465,8.74577,1.00,1.00
2017.06.15 15:12:18.126,8.74465,8.74584,1.00,1.00
2017.06.15 15:12:18.359,8.74451,8.74575,1.00,1.00
2017.06.15 15:12:18.461,8.74463,8.74588,1.00,1.00
2017.06.15 15:12:18.563,8.74463,8.74567,1.00,1.00
2017.06.15 15:12:18.746,8.74463,8.74572,1.00,1.00
2017.06.15 15:12:19.124,8.74463,8.74576,1.00,1.00
2017.06.15 15:12:19.175,8.74481,8.74576,1.00,1.00
2017.06.15 15:12:19.394,8.74492,8.74594,1.00,1.00
2017.06.15 15:12:19.546,8.74492,8.74598,1.00,1.00
2017.06.15 15:12:19.786,8.74492,8.7458,1.00,1.00
2017.06.15 15:12:20.000,8.74481,8.7458,1.00,1.00
2017.06.15 15:12:20.103,8.74481,8.74578,1.00,1.00
2017.06.15 15:12:20.409,8.7447,8.74578,1.00,1.00
2017.06.15 15:12:21.002,8.74463,8.74578,1.00,1.00
2017.06.15 15:12:21.646,8.74471,8.74578,1.00,1.00
2017.06.15 15:12:21.951,8.74481,8.74584,1.00,1.00
2017.06.15 15:12:22.169,8.74481,8.74593,1.00,1.00
2017.06.15 15:12:22.491,8.74481,8.74597,1.00,1.00
2017.06.15 15:12:22.542,8.74472,8.74597,1.00,1.00
2017.06.15 15:12:22.644,8.74472,8.74579,1.00,1.00
2017.06.15 15:12:22.940,8.74472,8.74582,1.00,1.00
2017.06.15 15:12:23.042,8.74467,8.74582,1.00,1.00
2017.06.15 15:12:23.194,8.74467,8.74578,1.00,1.00
2017.06.15 15:12:23.378,8.74457,8.74578,1.00,1.00
2017.06.15 15:12:23.486,8.74457,8.74561,1.00,1.00
2017.06.15 15:12:23.806,8.74457,8.74558,1.00,1.00
2017.06.15 15:12:24.136,8.74457,8.74563,1.00,1.00
2017.06.15 15:12:24.619,8.74447,8.74563,1.00,1.00
2017.06.15 15:12:24.670,8.74455,8.74563,1.00,1.00
2017.06.15 15:12:25.017,8.74455,8.74569,1.00,1.00
2017.06.15 15:12:25.346,8.74455,8.74563,1.00,1.00
2017.06.15 15:12:25.659,8.74451,8.74563,1.00,1.00
2017.06.15 15:12:26.226,8.74451,8.74561,1.00,1.00
2017.06.15 15:12:26.556,8.74451,8.74563,1.00,1.00
2017.06.15 15:12:26.935,8.74445,8.74562,1.00,1.00
2017.06.15 15:12:26.986,8.74455,8.74562,1.00,1.00
2017.06.15 15:12:27.241,8.74455,8.74572,1.00,1.00
2017.06.15 15:12:27.459,8.74455,8.74563,1.00,1.00
2017.06.15 15:12:27.963,8.74456,8.74563,1.00,1.00
2017.06.15 15:12:28.455,8.74456,8.7457,1.00,1.00
2017.06.15 15:12:28.731,8.74465,8.7457,1.00,1.00
2017.06.15 15:12:29.010,8.74477,8.74598,1.00,1.00
2017.06.15 15:12:29.113,8.74487,8.74598,1.00,1.00
2017.06.15 15:12:29.546,8.74487,8.74585,1.00,1.00
2017.06.15 15:12:30.096,8.74487,8.74581,1.00,1.00
2017.06.15 15:12:30.427,8.7449,8.74582,1.00,1.00
2017.06.15 15:12:30.974,8.7449,8.74581,1.00,1.00
2017.06.15 15:12:31.026,8.74478,8.74578,1.00,1.00
2017.06.15 15:12:31.229,8.74472,8.74578,1.00,1.00
2017.06.15 15:12:32.075,8.74472,8.74579,1.00,1.00
2017.06.15 15:12:32.417,8.74472,8.74575,1.00,1.00
2017.06.15 15:12:32.766,8.74482,8.74586,1.00,1.00
2017.06.15 15:12:33.286,8.74482,8.74584,1.00,1.00
2017.06.15 15:12:33.648,8.74482,8.74578,1.00,1.00
2017.06.15 15:12:33.750,8.74472,8.74578,1.00,1.00
2017.06.15 15:12:33.851,8.74481,8.74597,1.00,1.00
2017.06.15 15:12:34.866,8.74485,8.74575,1.00,1.00
2017.06.15 15:12:35.073,8.74485,8.74579,1.00,1.00
2017.06.15 15:12:35.124,8.74479,8.74579,1.00,1.00
2017.06.15 15:12:35.377,8.74479,8.74598,1.00,1.00
2017.06.15 15:12:35.844,8.74479,8.74575,1.00,1.00
2017.06.15 15:12:36.059,8.74508,8.74614,1.00,1.00
2017.06.15 15:12:36.161,8.74508,8.74597,1.00,1.00
2017.06.15 15:12:36.453,8.74493,8.74619,1.00,1.50
2017.06.15 15:12:36.504,8.74481,8.74598,1.00,1.00
2017.06.15 15:12:37.026,8.74481,8.7458,1.00,1.00
2017.06.15 15:12:37.355,8.74474,8.74581,1.00,1.00
2017.06.15 15:12:37.576,8.74474,8.74598,1.00,1.00
2017.06.15 15:12:37.916,8.74474,8.74575,1.00,1.00
2017.06.15 15:12:38.327,8.74477,8.74575,1.00,1.00
2017.06.15 15:12:38.378,8.74477,8.74598,1.00,1.00
2017.06.15 15:12:39.321,8.74481,8.74598,1.00,1.00
2017.06.15 15:12:40.323,8.74479,8.74598,1.00,1.00
2017.06.15 15:12:40.757,8.7449,8.74598,1.00,1.00
2017.06.15 15:12:40.808,8.7449,8.74617,1.00,1.50
2017.06.15 15:12:41.732,8.74484,8.7461,1.00,1.00
2017.06.15 15:12:43.507,8.74479,8.74606,1.00,1.00
2017.06.15 15:12:43.558,8.74479,8.74598,1.00,1.00
2017.06.15 15:12:43.879,8.74471,8.74584,1.00,1.00
2017.06.15 15:12:43.931,8.74462,8.74584,1.37,1.00
2017.06.15 15:12:43.982,8.74462,8.74581,1.37,1.00
2017.06.15 15:12:44.287,8.74472,8.74586,1.00,1.00
2017.06.15 15:12:44.971,8.74472,8.74588,1.00,1.00
2017.06.15 15:12:45.022,8.74468,8.74588,1.00,1.00
2017.06.15 15:12:45.275,8.74468,8.74594,1.00,1.00
2017.06.15 15:12:45.817,8.74474,8.746,1.00,1.00
2017.06.15 15:12:46.150,8.74465,8.74587,1.00,1.00
2017.06.15 15:12:46.203,8.74457,8.74583,1.00,1.00
2017.06.15 15:12:47.365,8.74457,8.74581,1.00,1.00
2017.06.15 15:12:47.983,8.74469,8.74581,1.00,1.00
2017.06.15 15:12:48.034,8.74469,8.74596,1.00,1.00
2017.06.15 15:12:48.246,8.74469,8.7458,1.00,1.00
2017.06.15 15:12:48.514,8.74458,8.7458,1.00,1.00
2017.06.15 15:12:49.235,8.74458,8.74579,1.00,1.00
2017.06.15 15:12:49.785,8.74458,8.74578,1.00,1.00
2017.06.15 15:12:51.157,8.74455,8.74578,1.00,1.00
2017.06.15 15:12:51.769,8.74455,8.74577,1.00,1.00
2017.06.15 15:12:52.158,8.74458,8.74578,1.00,1.00
2017.06.15 15:12:52.717,8.74475,8.74578,1.00,1.00
2017.06.15 15:12:52.818,8.74475,8.74598,1.00,1.00
2017.06.15 15:12:52.971,8.74486,8.74598,1.00,1.00
2017.06.15 15:12:53.023,8.74468,8.74598,1.00,1.00
2017.06.15 15:12:53.383,8.74486,8.74598,1.00,1.00
2017.06.15 15:12:53.541,8.74486,8.746,1.00,1.00
2017.06.15 15:12:53.845,8.74486,8.74604,1.00,1.00
2017.06.15 15:12:54.172,8.74486,8.74608,1.00,1.00
2017.06.15 15:12:54.300,8.74479,8.74606,1.00,1.00
2017.06.15 15:12:54.440,8.74479,8.74593,1.00,1.00
2017.06.15 15:12:54.705,8.74487,8.74604,1.00,1.00
2017.06.15 15:12:55.036,8.74487,8.74606,1.00,1.00
2017.06.15 15:12:55.338,8.74479,8.74606,1.00,1.50
2017.06.15 15:12:55.966,8.74479,8.74603,1.00,1.00
2017.06.15 15:12:56.289,8.74479,8.74591,1.00,1.00
2017.06.15 15:12:56.671,8.74484,8.74592,1.00,1.00
2017.06.15 15:12:56.976,8.7449,8.74598,1.00,1.00
2017.06.15 15:12:57.127,8.7449,8.74617,1.00,1.50
2017.06.15 15:12:57.179,8.7452,8.74617,1.00,1.00
2017.06.15 15:12:57.786,8.7452,8.74618,1.00,1.00
2017.06.15 15:12:58.356,8.74521,8.74618,1.00,1.00
2017.06.15 15:12:58.860,8.74513,8.74617,1.00,1.00
2017.06.15 15:12:59.791,8.74496,8.74617,1.00,1.00
2017.06.15 15:12:59.893,8.74496,8.74598,1.00,1.00
2017.06.15 15:13:00.123,8.74483,8.74598,1.00,1.00
2017.06.15 15:13:00.801,8.74488,8.74615,1.00,1.00
2017.06.15 15:13:01.124,8.74494,8.7462,1.00,1.00
2017.06.15 15:13:01.668,8.74494,8.74604,1.00,1.00
2017.06.15 15:13:01.912,8.74494,8.74607,1.00,1.00
2017.06.15 15:13:02.168,8.74489,8.74607,1.00,1.00
2017.06.15 15:13:02.219,8.74489,8.74613,1.00,1.00
2017.06.15 15:13:02.543,8.74489,8.74615,1.00,1.00
2017.06.15 15:13:03.129,8.74493,8.74619,1.00,1.00
2017.06.15 15:13:08.380,8.74494,8.74621,1.00,1.00
2017.06.15 15:13:09.284,8.74521,8.74626,1.00,1.00
2017.06.15 15:13:09.487,8.74532,8.74659,1.00,1.00
2017.06.15 15:13:10.217,8.74532,8.74648,1.00,1.00
2017.06.15 15:13:10.731,8.74532,8.74649,1.00,1.00
2017.06.15 15:13:10.875,8.74532,8.74651,1.00,1.00
2017.06.15 15:13:11.096,8.74532,8.74655,1.00,1.00
2017.06.15 15:13:11.426,8.74532,8.74659,1.00,1.50
2017.06.15 15:13:11.757,8.74532,8.74655,1.00,1.00
2017.06.15 15:13:12.320,8.74554,8.74647,1.00,1.00
2017.06.15 15:13:12.422,8.74554,8.74672,1.00,1.00
2017.06.15 15:13:12.626,8.74571,8.74672,1.00,1.00
2017.06.15 15:13:12.677,8.74571,8.74675,1.00,1.00
2017.06.15 15:13:12.898,8.7456,8.74675,1.00,1.00
2017.06.15 15:13:13.015,8.7456,8.7468,1.00,1.00
2017.06.15 15:13:13.307,8.7456,8.74686,1.00,1.00
2017.06.15 15:13:13.922,8.74562,8.74688,1.00,1.00
2017.06.15 15:13:18.061,8.74558,8.74705,1.00,1.00
2017.06.15 15:13:18.266,8.74567,8.7471,1.00,1.00
2017.06.15 15:13:18.481,8.74567,8.74717,1.00,1.00
2017.06.15 15:13:19.021,8.74567,8.74718,1.00,1.00
2017.06.15 15:13:19.550,8.74566,8.74718,1.00,1.00
2017.06.15 15:13:19.633,8.74557,8.74708,1.00,1.00
2017.06.15 15:13:19.939,8.74567,8.74706,1.00,1.00
2017.06.15 15:13:20.325,8.74567,8.74696,1.00,1.00
2017.06.15 15:13:20.376,8.74567,8.74712,1.00,1.00
2017.06.15 15:13:20.680,8.74567,8.74716,1.00,1.00
2017.06.15 15:13:20.903,8.74569,8.7472,1.00,1.00
2017.06.15 15:13:20.955,8.74558,8.74709,1.00,1.00
2017.06.15 15:13:21.310,8.74569,8.74702,1.00,1.00
2017.06.15 15:13:21.388,8.74569,8.7472,1.00,1.50
2017.06.15 15:13:21.558,8.74569,8.74713,1.00,1.00
2017.06.15 15:13:21.609,8.74555,8.74706,1.00,1.00
2017.06.15 15:13:21.980,8.74566,8.74714,1.00,1.00
2017.06.15 15:13:22.204,8.74552,8.74704,1.00,1.00
2017.06.15 15:13:22.597,8.74545,8.74699,1.00,1.00
2017.06.15 15:13:23.426,8.74545,8.74697,1.00,1.00
2017.06.15 15:13:23.975,8.74544,8.74696,1.00,1.00
2017.06.15 15:13:24.314,8.74544,8.74694,1.00,1.00
2017.06.15 15:13:24.855,8.74544,8.74696,1.00,1.50
2017.06.15 15:13:25.368,8.74543,8.74689,1.50,1.00
2017.06.15 15:13:25.736,8.74551,8.74689,1.00,1.00
2017.06.15 15:13:26.044,8.74551,8.74687,1.00,1.00
2017.06.15 15:13:26.946,8.74551,8.74684,1.00,1.00
2017.06.15 15:13:27.489,8.74551,8.74683,1.00,1.00
2017.06.15 15:13:27.794,8.74558,8.74683,1.00,1.00
2017.06.15 15:13:27.846,8.74552,8.74684,1.00,1.00
2017.06.15 15:13:28.264,8.74552,8.74682,1.00,1.00
2017.06.15 15:13:28.756,8.74556,8.74682,1.00,1.00
2017.06.15 15:13:28.920,8.74543,8.74682,1.00,1.00
2017.06.15 15:13:29.255,8.74543,8.74689,1.00,1.00
2017.06.15 15:13:29.587,8.74543,8.74687,1.00,1.00
2017.06.15 15:13:30.026,8.74543,8.74685,1.00,1.00
2017.06.15 15:13:30.797,8.74543,8.74694,1.00,1.00
2017.06.15 15:13:31.346,8.74543,8.74682,1.00,1.00
2017.06.15 15:13:32.005,8.74543,8.74675,1.00,1.00
2017.06.15 15:13:32.336,8.74543,8.74691,1.00,1.00
2017.06.15 15:13:32.555,8.74543,8.74674,1.00,1.00
2017.06.15 15:13:32.995,8.74543,8.74676,1.00,1.00
2017.06.15 15:13:33.326,8.74543,8.74678,1.00,1.00
2017.06.15 15:13:33.898,8.74543,8.74677,1.00,1.00
2017.06.15 15:13:34.644,8.74543,8.74679,1.00,1.00
2017.06.15 15:13:35.881,8.74543,8.7468,1.00,1.00
2017.06.15 15:13:36.185,8.74543,8.74684,1.00,1.00
2017.06.15 15:13:36.236,8.74541,8.74684,1.00,1.00
2017.06.15 15:13:38.440,8.74545,8.74683,1.00,1.00
2017.06.15 15:13:39.047,8.74545,8.74691,1.00,1.00
2017.06.15 15:13:39.595,8.74545,8.74688,1.00,1.00
2017.06.15 15:13:39.925,8.74545,8.7469,1.00,1.00
2017.06.15 15:13:40.255,8.74545,8.74686,1.00,1.00
2017.06.15 15:13:40.578,8.74564,8.74675,1.00,1.00
2017.06.15 15:13:40.629,8.74574,8.747,1.00,1.00
2017.06.15 15:13:40.836,8.74574,8.74707,1.00,1.00
2017.06.15 15:13:41.137,8.74574,8.74709,1.00,1.00
2017.06.15 15:13:41.387,8.7459,8.74709,1.00,1.00
2017.06.15 15:13:41.466,8.7459,8.74716,1.00,1.00
2017.06.15 15:13:41.795,8.7459,8.74708,1.00,1.00
2017.06.15 15:13:42.345,8.7459,8.74709,1.00,1.00
2017.06.15 15:13:42.396,8.74586,8.74709,1.00,1.00
2017.06.15 15:13:42.676,8.74586,8.74707,1.00,1.00
2017.06.15 15:13:43.060,8.74586,8.74704,1.00,1.00
2017.06.15 15:13:43.254,8.74573,8.74703,1.00,1.00
2017.06.15 15:13:43.356,8.74585,8.74703,1.00,1.00
2017.06.15 15:13:43.666,8.74585,8.74696,1.00,1.00
2017.06.15 15:13:43.885,8.74585,8.74701,1.00,1.00
2017.06.15 15:13:43.991,8.74582,8.74701,1.00,1.00
2017.06.15 15:13:44.201,8.74571,8.74697,1.00,1.00
2017.06.15 15:13:44.252,8.74561,8.74685,1.00,1.00
2017.06.15 15:13:44.353,8.74548,8.74675,1.00,1.00
2017.06.15 15:13:44.861,8.74548,8.74674,1.00,1.00
2017.06.15 15:13:45.288,8.74561,8.74674,1.00,1.00
2017.06.15 15:13:45.645,8.74561,8.74668,1.00,1.00
2017.06.15 15:13:45.937,8.74547,8.74668,1.00,1.00
2017.06.15 15:13:46.188,8.74559,8.74667,1.00,1.00
2017.06.15 15:13:46.305,8.74559,8.74681,1.00,1.00
2017.06.15 15:13:46.788,8.74559,8.74683,1.00,1.00
2017.06.15 15:13:47.172,8.74562,8.74683,1.00,1.00
2017.06.15 15:13:47.514,8.74562,8.74679,1.00,1.00
2017.06.15 15:13:47.819,8.74567,8.74679,1.00,1.00
2017.06.15 15:13:48.290,8.74567,8.74693,1.00,1.00
2017.06.15 15:13:48.341,8.74578,8.74704,1.00,1.00
2017.06.15 15:13:48.392,8.74587,8.74717,1.00,1.00
2017.06.15 15:13:48.646,8.74587,8.74711,1.00,1.00
2017.06.15 15:13:48.967,8.74617,8.74704,1.00,1.00
2017.06.15 15:13:49.176,8.74617,8.7471,1.00,1.00
2017.06.15 15:13:49.396,8.74578,8.7471,1.00,1.00
2017.06.15 15:13:49.498,8.74578,8.74705,1.00,1.00
2017.06.15 15:13:49.940,8.74571,8.74697,1.00,1.00
2017.06.15 15:13:50.330,8.7458,8.74696,1.00,1.00
2017.06.15 15:13:50.975,8.7458,8.74695,1.00,1.00
2017.06.15 15:13:51.388,8.74579,8.74698,1.00,1.00
2017.06.15 15:13:51.695,8.74579,8.747,1.00,1.00
2017.06.15 15:13:51.915,8.74579,8.74702,1.00,1.00
2017.06.15 15:13:52.305,8.74574,8.74702,1.00,1.00
2017.06.15 15:13:52.575,8.74574,8.74698,1.00,1.00
2017.06.15 15:13:52.905,8.74574,8.747,1.00,1.00
2017.06.15 15:13:53.127,8.74574,8.74703,1.00,1.00
2017.06.15 15:13:53.290,8.7458,8.74703,1.00,1.00
2017.06.15 15:13:53.503,8.7458,8.74705,1.00,1.00
2017.06.15 15:13:53.785,8.7458,8.74698,1.00,1.00
2017.06.15 15:13:53.998,8.74574,8.74698,1.00,1.00
2017.06.15 15:13:54.049,8.74574,8.74704,1.00,1.00
2017.06.15 15:13:54.361,8.74574,8.74706,1.00,1.00
2017.06.15 15:13:54.665,8.74574,8.74704,1.00,1.00
2017.06.15 15:13:54.900,8.74569,8.74704,1.00,1.00
2017.06.15 15:13:55.002,8.74569,8.74701,1.00,1.00
2017.06.15 15:13:55.655,8.74569,8.74698,1.00,1.00
2017.06.15 15:13:56.000,8.74569,8.74695,1.00,1.00
2017.06.15 15:13:56.425,8.74569,8.74691,1.00,1.00
2017.06.15 15:13:58.294,8.74569,8.7469,1.00,1.00
2017.06.15 15:13:58.396,8.74553,8.7469,1.00,1.00
2017.06.15 15:13:58.447,8.74551,8.7469,1.00,1.00
2017.06.15 15:13:58.549,8.74551,8.74688,1.00,1.00
2017.06.15 15:13:58.980,8.74559,8.74688,1.00,1.00
2017.06.15 15:13:59.333,8.74541,8.74674,1.00,1.00
2017.06.15 15:13:59.385,8.74536,8.74674,1.00,1.00
2017.06.15 15:13:59.436,8.74536,8.74656,1.00,1.00
2017.06.15 15:13:59.487,8.74534,8.74656,1.00,1.00
2017.06.15 15:14:00.058,8.74534,8.74654,1.00,1.00
2017.06.15 15:14:00.491,8.74543,8.74653,1.00,1.00
2017.06.15 15:14:00.717,8.74543,8.74667,1.00,1.00
2017.06.15 15:14:01.450,8.74544,8.74666,1.00,1.00
2017.06.15 15:14:01.806,8.74553,8.74666,1.00,1.00
2017.06.15 15:14:01.857,8.74553,8.74696,1.00,1.00
2017.06.15 15:14:02.016,8.74562,8.74697,1.00,1.00
2017.06.15 15:14:02.891,8.7456,8.74697,1.00,1.00
2017.06.15 15:14:03.132,8.74566,8.74697,1.00,1.00
2017.06.15 15:14:04.025,8.74586,8.74699,1.00,1.00
2017.06.15 15:14:04.566,8.74586,8.74716,1.00,1.00
2017.06.15 15:14:05.145,8.74586,8.74696,1.00,1.00
2017.06.15 15:14:06.508,8.74583,8.74696,1.00,1.00
2017.06.15 15:14:06.743,8.74567,8.74696,1.00,1.00
2017.06.15 15:14:07.727,8.74563,8.74696,1.00,1.00
2017.06.15 15:14:09.910,8.74567,8.74696,1.00,1.00
2017.06.15 15:14:10.653,8.74558,8.74696,1.00,1.00
2017.06.15 15:14:11.415,8.74577,8.74696,1.00,1.00
2017.06.15 15:14:11.579,8.74563,8.74696,1.00,1.00
2017.06.15 15:14:11.731,8.74563,8.74683,1.00,1.00
2017.06.15 15:14:12.045,8.74563,8.74677,1.00,1.00
2017.06.15 15:14:12.378,8.74548,8.74677,1.00,1.00
2017.06.15 15:14:12.429,8.74533,8.74657,1.00,1.00
2017.06.15 15:14:14.052,8.7454,8.74657,1.00,1.00
2017.06.15 15:14:14.818,8.74547,8.74664,1.00,1.00
2017.06.15 15:14:15.126,8.74547,8.7467,1.00,1.00
2017.06.15 15:14:16.005,8.74547,8.74671,1.00,1.00
2017.06.15 15:14:16.386,8.74551,8.74672,1.00,1.00
2017.06.15 15:14:16.927,8.74551,8.74673,1.00,1.00
2017.06.15 15:14:17.384,8.74545,8.74671,1.00,1.00
2017.06.15 15:14:18.385,8.74551,8.74675,1.00,1.00
2017.06.15 15:14:20.635,8.74554,8.7468,1.00,1.00
2017.06.15 15:14:23.530,8.74555,8.7468,1.00,1.00
2017.06.15 15:14:25.350,8.7455,8.74676,1.00,1.00
2017.06.15 15:14:25.965,8.7455,8.74675,1.00,1.00
2017.06.15 15:14:26.310,8.74548,8.74674,1.00,1.00
2017.06.15 15:14:29.750,8.74577,8.74687,1.00,1.00
2017.06.15 15:14:29.902,8.7459,8.74711,1.00,1.00
2017.06.15 15:14:30.110,8.7459,8.74705,1.00,1.00
2017.06.15 15:14:30.162,8.74571,8.74697,1.00,1.00
2017.06.15 15:14:31.062,8.74576,8.74697,1.00,1.00
2017.06.15 15:14:31.932,8.74576,8.74696,1.00,1.00
2017.06.15 15:14:32.194,8.74567,8.74693,1.00,1.00
2017.06.15 15:14:32.397,8.74555,8.74696,1.00,1.00
2017.06.15 15:14:34.047,8.74562,8.74696,1.00,1.00
2017.06.15 15:14:34.352,8.74569,8.74697,1.00,1.00
2017.06.15 15:14:34.493,8.74569,8.74715,1.00,1.00
2017.06.15 15:14:34.721,8.74569,8.74709,1.00,1.00
2017.06.15 15:14:35.032,8.74574,8.74698,1.00,1.00
2017.06.15 15:14:35.984,8.74571,8.74696,1.00,1.00
2017.06.15 15:14:36.819,8.74563,8.74689,1.00,1.00
2017.06.15 15:14:37.818,8.74565,8.74689,1.00,1.00
2017.06.15 15:14:37.869,8.74557,8.74683,1.00,1.00
2017.06.15 15:14:38.165,8.74566,8.74692,1.00,1.00
2017.06.15 15:14:38.886,8.74571,8.74697,1.00,1.00
2017.06.15 15:14:39.415,8.74571,8.74696,1.00,1.00
2017.06.15 15:14:40.072,8.7456,8.74686,1.00,1.00
2017.06.15 15:14:40.174,8.74555,8.7468,1.00,1.00
2017.06.15 15:14:41.186,8.74552,8.74678,1.00,1.00
2017.06.15 15:14:41.881,8.74573,8.74697,1.00,1.50
2017.06.15 15:14:42.796,8.74561,8.74687,1.00,1.00
2017.06.15 15:14:42.949,8.74569,8.74695,1.00,1.00
2017.06.15 15:14:43.920,8.74575,8.74701,1.00,1.00
2017.06.15 15:14:44.777,8.74577,8.74703,1.00,1.00
2017.06.15 15:14:46.748,8.7457,8.74696,1.00,1.00
2017.06.15 15:14:47.293,8.74565,8.74691,1.00,1.00
2017.06.15 15:14:47.597,8.74555,8.74681,1.00,1.00
2017.06.15 15:14:48.330,8.74554,8.7468,1.00,1.00
2017.06.15 15:14:48.670,8.74547,8.74673,1.00,1.00
2017.06.15 15:14:49.606,8.74543,8.74669,1.00,1.00
2017.06.15 15:14:50.898,8.74538,8.74664,1.00,1.00
2017.06.15 15:14:51.783,8.74559,8.74684,1.00,1.00
2017.06.15 15:14:52.088,8.74574,8.74699,1.00,1.00
2017.06.15 15:14:52.876,8.74577,8.74701,1.00,1.00
2017.06.15 15:14:53.886,8.74576,8.74702,1.00,1.00
2017.06.15 15:14:54.855,8.74577,8.74703,1.00,1.00
2017.06.15 15:14:55.705,8.74591,8.74717,1.00,1.00
2017.06.15 15:14:56.046,8.74581,8.74707,1.00,1.00
2017.06.15 15:14:58.007,8.74544,8.74658,1.00,1.00
2017.06.15 15:14:58.160,8.74532,8.74658,1.00,1.00
2017.06.15 15:14:58.348,8.74514,8.7464,1.00,1.00
2017.06.15 15:14:58.906,8.74505,8.7463,1.00,1.00
2017.06.15 15:14:59.334,8.74497,8.74623,1.00,1.00
2017.06.15 15:15:00.326,8.74501,8.74627,1.00,1.00
2017.06.15 15:15:00.650,8.74477,8.74603,1.00,1.00
2017.06.15 15:15:01.021,8.74466,8.74591,1.00,1.00
2017.06.15 15:15:01.377,8.74456,8.74582,1.00,1.00
2017.06.15 15:15:02.326,8.74456,8.74581,1.00,1.00
2017.06.15 15:15:02.474,8.74445,8.74571,1.00,1.00
2017.06.15 15:15:02.525,8.74448,8.74574,1.00,1.00
2017.06.15 15:15:02.979,8.74464,8.7459,1.00,1.00
2017.06.15 15:15:03.515,8.74458,8.74584,1.00,1.00
2017.06.15 15:15:04.511,8.74454,8.7458,1.00,1.00
2017.06.15 15:15:04.961,8.7446,8.74586,1.00,1.00
2017.06.15 15:15:05.303,8.74469,8.74595,1.00,1.00
2017.06.15 15:15:06.070,8.74469,8.74582,1.00,1.00
2017.06.15 15:15:06.382,8.74469,8.74589,1.00,1.00
2017.06.15 15:15:06.720,8.74469,8.74594,1.00,1.00
2017.06.15 15:15:06.928,8.74484,8.74594,1.00,1.00
2017.06.15 15:15:07.081,8.74474,8.746,1.00,1.00
2017.06.15 15:15:07.184,8.74474,8.74585,1.00,1.00
2017.06.15 15:15:07.388,8.74474,8.746,1.00,1.00
2017.06.15 15:15:07.439,8.74485,8.74605,1.00,1.00
2017.06.15 15:15:07.749,8.74485,8.74611,1.00,1.00
2017.06.15 15:15:09.704,8.74485,8.7461,1.00,1.00
2017.06.15 15:15:10.321,8.74485,8.74611,1.00,1.50
2017.06.15 15:15:10.706,8.74484,8.74643,1.00,1.00
2017.06.15 15:15:10.757,8.74499,8.74636,1.00,1.00
2017.06.15 15:15:11.137,8.74519,8.74643,1.00,1.00
2017.06.15 15:15:11.681,8.74519,8.74641,1.00,1.00
2017.06.15 15:15:12.277,8.74527,8.7464,1.00,1.00
2017.06.15 15:15:12.562,8.74527,8.74644,1.00,1.00
2017.06.15 15:15:13.022,8.74527,8.74622,1.00,1.00
2017.06.15 15:15:13.124,8.74517,8.74622,1.00,1.00
2017.06.15 15:15:13.225,8.74517,8.74644,1.00,1.00
2017.06.15 15:15:13.327,8.74511,8.74638,1.00,1.00
2017.06.15 15:15:13.719,8.74511,8.74631,1.00,1.00
2017.06.15 15:15:14.128,8.74506,8.74629,1.00,1.00
2017.06.15 15:15:14.212,8.74506,8.74631,1.00,1.00
2017.06.15 15:15:14.761,8.74506,8.74632,1.00,1.00
2017.06.15 15:15:15.828,8.7451,8.74636,1.00,1.00
2017.06.15 15:15:15.879,8.74515,8.74642,1.00,1.00
2017.06.15 15:15:16.253,8.74515,8.74638,1.00,1.00
2017.06.15 15:15:16.800,8.7451,8.74636,1.00,1.00
2017.06.15 15:15:17.224,8.7451,8.74631,1.00,1.00
2017.06.15 15:15:17.539,8.7457,8.74697,1.00,1.00
2017.06.15 15:15:17.590,8.74556,8.74683,1.00,1.00
2017.06.15 15:15:17.895,8.74548,8.74673,1.00,1.00
2017.06.15 15:15:18.211,8.74529,8.74634,1.00,1.00
2017.06.15 15:15:18.370,8.74507,8.74632,1.00,1.00
2017.06.15 15:15:18.725,8.74524,8.74624,1.00,1.00
2017.06.15 15:15:18.921,8.74513,8.74624,1.00,1.00
2017.06.15 15:15:19.155,8.74513,8.74627,1.00,1.00
2017.06.15 15:15:19.206,8.74513,8.74608,1.00,1.00
2017.06.15 15:15:19.410,8.74513,8.74627,1.00,1.00
2017.06.15 15:15:19.483,8.74505,8.74627,1.00,1.00
2017.06.15 15:15:19.915,8.74495,8.74619,1.00,1.00
2017.06.15 15:15:19.966,8.74495,8.74612,1.00,1.00
2017.06.15 15:15:20.179,8.74495,8.74619,1.00,1.00
2017.06.15 15:15:20.230,8.74478,8.74603,1.00,1.00
2017.06.15 15:15:20.383,8.7449,8.7461,1.00,1.00
2017.06.15 15:15:20.698,8.74501,8.74619,1.00,1.00
2017.06.15 15:15:21.002,8.74501,8.74613,1.00,1.00
2017.06.15 15:15:21.368,8.74496,8.74614,1.00,1.00
2017.06.15 15:15:21.522,8.7448,8.74605,1.00,1.00
2017.06.15 15:15:22.119,8.74492,8.74612,1.00,1.00
2017.06.15 15:15:22.489,8.74492,8.74609,1.00,1.00
2017.06.15 15:15:22.540,8.74486,8.74609,1.00,1.00
2017.06.15 15:15:22.681,8.74486,8.74604,1.00,1.00
2017.06.15 15:15:23.317,8.74494,8.74604,1.00,1.00
2017.06.15 15:15:23.369,8.74494,8.74606,1.00,1.00
2017.06.15 15:15:23.421,8.74503,8.74606,1.00,1.00
2017.06.15 15:15:23.475,8.74493,8.74606,1.00,1.00
2017.06.15 15:15:23.891,8.74493,8.74609,1.00,1.00
2017.06.15 15:15:24.221,8.74493,8.74607,1.00,1.00
2017.06.15 15:15:24.531,8.74486,8.74611,1.00,1.50
2017.06.15 15:15:24.923,8.74497,8.74612,1.00,1.00
2017.06.15 15:15:25.240,8.74519,8.74632,1.00,1.00
2017.06.15 15:15:25.351,8.74508,8.74632,1.00,1.50
2017.06.15 15:15:25.562,8.74508,8.7463,1.00,1.00
2017.06.15 15:15:25.883,8.74513,8.74626,1.00,1.00
2017.06.15 15:15:25.985,8.74497,8.74622,1.00,1.00
2017.06.15 15:15:26.244,8.74497,8.74619,1.00,1.00
2017.06.15 15:15:26.563,8.74512,8.7463,1.00,1.00
2017.06.15 15:15:26.765,8.74512,8.74636,1.00,1.00
2017.06.15 15:15:26.832,8.74501,8.74627,1.00,1.00
2017.06.15 15:15:27.036,8.74511,8.74637,1.00,1.00
2017.06.15 15:15:27.350,8.74526,8.74652,1.00,1.00
2017.06.15 15:15:27.666,8.74515,8.74635,1.00,1.00
2017.06.15 15:15:28.072,8.74515,8.74637,1.00,1.00
2017.06.15 15:15:28.350,8.74505,8.74631,1.00,1.00
2017.06.15 15:15:28.502,8.74496,8.74622,1.00,1.00
2017.06.15 15:15:29.103,8.74511,8.74628,1.00,1.00
2017.06.15 15:15:29.445,8.74521,8.74638,1.00,1.00
2017.06.15 15:15:29.612,8.74521,8.74644,1.00,1.00
2017.06.15 15:15:29.960,8.74521,8.74646,1.00,1.00
2017.06.15 15:15:30.295,8.74514,8.7464,1.00,1.00
2017.06.15 15:15:30.985,8.74524,8.74649,1.00,1.00
2017.06.15 15:15:31.554,8.74524,8.7465,1.00,1.00
2017.06.15 15:15:32.142,8.74525,8.7465,1.00,1.00
2017.06.15 15:15:33.681,8.74525,8.74649,1.00,1.00
2017.06.15 15:15:34.561,8.74525,8.74647,1.00,1.00
2017.06.15 15:15:34.912,8.74525,8.7465,1.00,1.00
2017.06.15 15:15:35.293,8.74531,8.74656,1.00,1.00
2017.06.15 15:15:35.662,8.74538,8.74661,1.00,1.37
2017.06.15 15:15:36.007,8.74538,8.7464,1.00,1.00
2017.06.15 15:15:36.325,8.74541,8.7464,1.00,1.00
2017.06.15 15:15:36.478,8.7453,8.7464,1.00,1.00
2017.06.15 15:15:36.579,8.7453,8.74635,1.00,1.00
2017.06.15 15:15:36.898,8.7453,8.74626,1.00,1.00
2017.06.15 15:15:37.211,8.7453,8.74615,1.00,1.00
2017.06.15 15:15:37.289,8.74517,8.74615,1.00,1.00
2017.06.15 15:15:37.442,8.74509,8.74615,1.00,1.00
2017.06.15 15:15:38.006,8.74509,8.74614,1.00,1.00
2017.06.15 15:15:38.103,8.74509,8.74609,1.00,1.00
2017.06.15 15:15:38.418,8.74504,8.74609,1.00,1.00
2017.06.15 15:15:38.469,8.74504,8.74603,1.00,1.00
2017.06.15 15:15:38.612,8.74497,8.74603,1.00,1.00
2017.06.15 15:15:38.714,8.74506,8.74603,1.00,1.00
2017.06.15 15:15:39.091,8.74506,8.74618,1.00,1.00
2017.06.15 15:15:39.446,8.74506,8.74608,1.00,1.00
2017.06.15 15:15:39.644,8.74506,8.7461,1.00,1.00
2017.06.15 15:15:39.695,8.74503,8.7461,1.00,1.00
2017.06.15 15:15:39.971,8.74503,8.74608,1.00,1.00
2017.06.15 15:15:40.304,8.74514,8.74618,1.00,1.00
2017.06.15 15:15:40.621,8.74514,8.74611,1.00,1.00
2017.06.15 15:15:41.152,8.7451,8.74612,1.00,1.00
2017.06.15 15:15:41.649,8.74497,8.74612,1.00,1.00
2017.06.15 15:15:41.750,8.74497,8.74599,1.00,1.00
2017.06.15 15:15:42.062,8.74511,8.74616,1.00,1.00
2017.06.15 15:15:42.593,8.74511,8.74615,1.00,1.00
2017.06.15 15:15:42.721,8.74511,8.74604,1.00,1.00
2017.06.15 15:15:42.941,8.74511,8.74606,1.00,1.00
2017.06.15 15:15:43.098,8.74507,8.74606,1.00,1.00
2017.06.15 15:15:43.301,8.74507,8.746,1.00,1.00
2017.06.15 15:15:43.611,8.74507,8.74596,1.00,1.00
2017.06.15 15:15:43.823,8.74521,8.74615,1.00,1.00
2017.06.15 15:15:44.175,8.74513,8.74614,1.00,1.00
2017.06.15 15:15:44.398,8.74513,8.74603,1.00,1.00
2017.06.15 15:15:44.702,8.74513,8.74605,1.00,1.00
2017.06.15 15:15:45.032,8.74513,8.74607,1.00,1.00
2017.06.15 15:15:45.125,8.74509,8.74607,1.00,1.00
2017.06.15 15:15:45.607,8.74516,8.74608,1.00,1.00
2017.06.15 15:15:45.678,8.74516,8.7461,1.00,1.00
2017.06.15 15:15:45.730,8.74516,8.74639,1.00,1.00
2017.06.15 15:15:46.134,8.74522,8.74643,1.00,1.00
2017.06.15 15:15:46.571,8.74522,8.74627,1.00,1.00
2017.06.15 15:15:46.736,8.74513,8.74627,1.00,1.00
2017.06.15 15:15:46.902,8.74513,8.74629,1.00,1.00
2017.06.15 15:15:47.193,8.74507,8.74629,1.00,1.00
2017.06.15 15:15:47.244,8.74507,8.74633,1.00,1.00
2017.06.15 15:15:47.492,8.74507,8.7463,1.00,1.00
2017.06.15 15:15:47.730,8.74499,8.74625,1.00,1.00
2017.06.15 15:15:48.333,8.74499,8.74608,1.00,1.00
2017.06.15 15:15:48.883,8.74499,8.74616,1.00,1.00
2017.06.15 15:15:49.309,8.74499,8.74618,1.00,1.00
2017.06.15 15:15:49.541,8.74499,8.74624,1.00,1.00
2017.06.15 15:15:49.761,8.74499,8.7462,1.00,1.00
2017.06.15 15:15:50.091,8.74499,8.74611,1.00,1.00
2017.06.15 15:15:50.464,8.74499,8.74607,1.00,1.00
2017.06.15 15:15:50.807,8.74514,8.74606,1.00,1.00
2017.06.15 15:15:50.972,8.74514,8.7461,1.00,1.00
2017.06.15 15:15:51.756,8.7451,8.7461,1.00,1.00
2017.06.15 15:15:51.858,8.7451,8.74614,1.00,1.00
2017.06.15 15:15:52.511,8.7451,8.74615,1.00,1.00
2017.06.15 15:15:52.762,8.74514,8.74615,1.00,1.00
2017.06.15 15:15:53.392,8.74514,8.74617,1.00,1.00
2017.06.15 15:15:53.764,8.74516,8.74617,1.00,1.00
2017.06.15 15:15:53.814,8.7451,8.74617,1.00,1.00
2017.06.15 15:15:54.167,8.7451,8.7461,1.00,1.00
2017.06.15 15:15:54.765,8.74502,8.74609,1.00,1.00
2017.06.15 15:15:54.822,8.74502,8.74605,1.00,1.00
2017.06.15 15:15:55.323,8.74489,8.74606,1.00,1.00
2017.06.15 15:15:55.375,8.74501,8.74591,1.00,1.00
2017.06.15 15:15:55.890,8.74501,8.74592,1.00,1.00
2017.06.15 15:15:56.324,8.74495,8.74591,1.00,1.00
2017.06.15 15:15:56.582,8.74495,8.74589,1.00,1.00
2017.06.15 15:15:57.320,8.74495,8.7459,1.00,1.00
2017.06.15 15:15:57.681,8.74497,8.74586,1.00,1.00
2017.06.15 15:15:57.732,8.74492,8.74586,1.00,1.00
2017.06.15 15:15:57.923,8.74492,8.74592,1.00,1.00
2017.06.15 15:15:58.025,8.74512,8.74592,1.00,1.00
2017.06.15 15:15:58.231,8.74512,8.74606,1.00,1.00
2017.06.15 15:15:58.577,8.74512,8.74604,1.00,1.00
2017.06.15 15:15:58.891,8.74512,8.74601,1.00,1.00
2017.06.15 15:15:59.217,8.74514,8.74601,1.00,1.00
2017.06.15 15:15:59.550,8.74514,8.74606,1.00,1.00
2017.06.15 15:15:59.601,8.74522,8.74606,1.00,1.00
2017.06.15 15:15:59.789,8.74536,8.74622,1.00,1.00
2017.06.15 15:15:59.891,8.74548,8.74642,1.00,1.00
2017.06.15 15:15:59.942,8.74564,8.74642,1.00,1.00
2017.06.15 15:16:00.145,8.74583,8.74686,1.00,1.00
2017.06.15 15:16:00.348,8.74583,8.74691,1.00,1.00
2017.06.15 15:16:00.714,8.74583,8.74701,1.00,1.00
2017.06.15 15:16:00.981,8.74583,8.74703,1.00,1.00
2017.06.15 15:16:01.033,8.74579,8.74703,1.00,1.00
2017.06.15 15:16:01.311,8.74579,8.74701,1.00,1.00
2017.06.15 15:16:01.531,8.74579,8.74704,1.00,1.00
2017.06.15 15:16:02.193,8.7458,8.74705,1.00,1.00
2017.06.15 15:16:02.992,8.7458,8.74704,1.00,1.00
2017.06.15 15:16:04.378,8.7458,8.74706,1.00,1.00
2017.06.15 15:16:05.243,8.74586,8.74712,1.00,1.00
2017.06.15 15:16:05.597,8.7458,8.74706,1.00,1.00
2017.06.15 15:16:05.944,8.74577,8.74703,1.00,1.00
2017.06.15 15:16:06.263,8.74591,8.74717,1.00,1.00
2017.06.15 15:16:06.841,8.74581,8.74707,1.00,1.00
2017.06.15 15:16:07.288,8.74585,8.74711,1.00,1.00
2017.06.15 15:16:07.637,8.74585,8.74708,1.00,1.00
2017.06.15 15:16:07.874,8.74585,8.74711,1.00,1.00
2017.06.15 15:16:08.285,8.74588,8.74714,1.00,1.00
2017.06.15 15:16:09.286,8.74585,8.74711,1.00,1.00
2017.06.15 15:16:09.990,8.74591,8.74717,1.00,1.00
2017.06.15 15:16:10.519,8.7458,8.74706,1.00,1.00
2017.06.15 15:16:10.837,8.74567,8.74693,1.00,1.00
2017.06.15 15:16:11.767,8.74562,8.74688,1.00,1.00
2017.06.15 15:16:13.080,8.74568,8.74692,1.00,1.00
2017.06.15 15:16:13.325,8.74561,8.74687,1.00,1.00
2017.06.15 15:16:14.123,8.74556,8.74682,1.00,1.00
2017.06.15 15:16:14.174,8.74513,8.7467,1.00,1.00
2017.06.15 15:16:14.225,8.74539,8.74664,1.00,1.00
2017.06.15 15:16:14.530,8.74515,8.7464,1.00,1.00
2017.06.15 15:16:14.742,8.74492,8.74618,1.00,1.00
2017.06.15 15:16:14.844,8.74472,8.74596,1.00,1.00
2017.06.15 15:16:15.201,8.74482,8.74608,1.00,1.00
2017.06.15 15:16:15.385,8.74496,8.74617,1.00,1.00
2017.06.15 15:16:15.573,8.74496,8.74622,1.00,1.00
2017.06.15 15:16:15.624,8.74496,8.74616,1.00,1.00
2017.06.15 15:16:15.807,8.74486,8.74612,1.00,1.00
2017.06.15 15:16:16.889,8.74491,8.74615,1.00,1.50
2017.06.15 15:16:17.300,8.74491,8.74612,1.00,1.00
2017.06.15 15:16:17.402,8.74491,8.74614,1.00,1.00
2017.06.15 15:16:17.503,8.74484,8.74596,1.00,1.00
2017.06.15 15:16:17.708,8.74484,8.7461,1.00,1.00
2017.06.15 15:16:18.960,8.74483,8.74608,1.00,1.00
2017.06.15 15:16:20.100,8.74487,8.74613,1.00,1.50
2017.06.15 15:16:20.151,8.74496,8.74617,1.00,1.00
2017.06.15 15:16:20.350,8.74496,8.74622,1.00,1.00
2017.06.15 15:16:21.050,8.74502,8.74628,1.00,1.00
2017.06.15 15:16:22.005,8.74507,8.74633,1.00,1.00
2017.06.15 15:16:23.088,8.745,8.74626,1.00,1.00
2017.06.15 15:16:23.443,8.74489,8.74615,1.00,1.00
2017.06.15 15:16:23.745,8.74497,8.74623,1.00,1.00
2017.06.15 15:16:24.581,8.74493,8.74619,1.00,1.00
2017.06.15 15:16:24.902,8.74486,8.74612,1.00,1.00
2017.06.15 15:16:25.224,8.74494,8.7462,1.00,1.00
2017.06.15 15:16:25.674,8.74502,8.74625,1.00,1.00
2017.06.15 15:16:26.449,8.74508,8.74632,1.00,1.00
2017.06.15 15:16:26.551,8.74516,8.74635,1.00,1.00
2017.06.15 15:16:26.913,8.74516,8.74639,1.00,1.50
2017.06.15 15:16:27.516,8.7451,8.74636,1.00,1.00
2017.06.15 15:16:29.061,8.74534,8.74651,1.00,1.00
2017.06.15 15:16:29.285,8.74534,8.74659,1.00,1.00
2017.06.15 15:16:30.090,8.74534,8.7466,1.00,1.00
2017.06.15 15:16:31.264,8.74535,8.74661,1.00,1.00
2017.06.15 15:16:31.571,8.74524,8.7465,1.00,1.00
2017.06.15 15:16:32.571,8.74521,8.74647,1.00,1.00
2017.06.15 15:16:34.882,8.7453,8.74649,1.00,1.00
2017.06.15 15:16:35.246,8.74522,8.74648,1.00,1.00
2017.06.15 15:16:35.528,8.74522,8.74641,1.00,1.00
2017.06.15 15:16:35.896,8.74516,8.74638,1.00,1.00
2017.06.15 15:16:36.232,8.74523,8.74638,1.00,1.00
2017.06.15 15:16:36.779,8.74523,8.7464,1.00,1.00
2017.06.15 15:16:36.830,8.74534,8.7464,1.00,1.00
2017.06.15 15:16:37.098,8.74534,8.74652,1.00,1.00
2017.06.15 15:16:37.442,8.74534,8.7464,1.00,1.00
2017.06.15 15:16:37.734,8.7453,8.7464,1.00,1.00
2017.06.15 15:16:38.398,8.74521,8.74641,1.00,1.00
2017.06.15 15:16:39.042,8.74521,8.74635,1.00,1.00
2017.06.15 15:16:39.349,8.74538,8.74635,1.00,1.00
2017.06.15 15:16:39.400,8.74538,8.74637,1.00,1.00
2017.06.15 15:16:39.734,8.74538,8.74647,1.00,1.00
2017.06.15 15:16:39.882,8.74528,8.74647,1.00,1.00
2017.06.15 15:16:39.933,8.74542,8.74647,1.00,1.00
2017.06.15 15:16:39.983,8.74526,8.74647,1.00,1.00
2017.06.15 15:16:40.034,8.74526,8.74644,1.00,1.00
2017.06.15 15:16:40.335,8.74526,8.74626,1.00,1.00
2017.06.15 15:16:40.744,8.74526,8.74624,1.00,1.00
2017.06.15 15:16:40.979,8.74516,8.74622,1.00,1.00
2017.06.15 15:16:41.350,8.74516,8.7462,1.00,1.00
2017.06.15 15:16:41.859,8.74516,8.74619,1.00,1.00
2017.06.15 15:16:42.032,8.74504,8.74616,1.00,1.00
2017.06.15 15:16:42.341,8.74504,8.7462,1.00,1.00
2017.06.15 15:16:42.579,8.74504,8.74615,1.00,1.00
2017.06.15 15:16:43.006,8.74502,8.74614,1.00,1.00
2017.06.15 15:16:43.222,8.74502,8.74617,1.00,1.00
2017.06.15 15:16:43.517,8.7451,8.74618,1.00,1.00
2017.06.15 15:16:43.771,8.7451,8.7462,1.00,1.00
2017.06.15 15:16:44.193,8.7451,8.74615,1.00,1.00
2017.06.15 15:16:44.518,8.74508,8.74614,1.00,1.00
2017.06.15 15:16:45.092,8.74508,8.74607,1.00,1.00
2017.06.15 15:16:45.597,8.74507,8.74606,1.00,1.00
2017.06.15 15:16:45.648,8.7449,8.74607,1.00,1.00
2017.06.15 15:16:45.801,8.7449,8.74584,1.00,1.00
2017.06.15 15:16:46.059,8.74479,8.74584,1.00,1.00
2017.06.15 15:16:46.426,8.74479,8.74582,1.00,1.00
2017.06.15 15:16:46.741,8.74479,8.74577,1.00,1.00
2017.06.15 15:16:46.996,8.74474,8.74577,1.00,1.00
2017.06.15 15:16:47.071,8.74474,8.74575,1.00,1.00
2017.06.15 15:16:47.842,8.74474,8.74574,1.00,1.00
2017.06.15 15:16:48.005,8.7447,8.74573,1.00,1.00
2017.06.15 15:16:48.309,8.7447,8.74557,1.00,1.00
2017.06.15 15:16:48.611,8.7447,8.74572,1.00,1.00
2017.06.15 15:16:48.911,8.74479,8.74572,1.00,1.00
2017.06.15 15:16:49.252,8.74469,8.74571,1.00,1.00
2017.06.15 15:16:49.491,8.74469,8.74567,1.00,1.00
2017.06.15 15:16:49.820,8.74469,8.74565,1.00,1.00
2017.06.15 15:16:50.151,8.74469,8.74563,1.00,1.00
2017.06.15 15:16:51.049,8.74469,8.74553,1.00,1.00
2017.06.15 15:16:51.721,8.74469,8.74556,1.00,1.00
2017.06.15 15:16:51.873,8.74451,8.74556,1.00,1.00
2017.06.15 15:16:52.026,8.74451,8.74551,1.00,1.00
2017.06.15 15:16:52.396,8.74451,8.74549,1.00,1.00
2017.06.15 15:16:52.570,8.74451,8.74551,1.00,1.00
2017.06.15 15:16:52.900,8.74452,8.7456,1.00,1.00
2017.06.15 15:16:53.230,8.74452,8.74556,1.00,1.00
2017.06.15 15:16:53.517,8.74444,8.74556,1.00,1.00
2017.06.15 15:16:53.784,8.74444,8.74547,1.00,1.00
2017.06.15 15:16:54.111,8.74444,8.74556,1.00,1.00
2017.06.15 15:16:54.441,8.74444,8.74553,1.00,1.00
2017.06.15 15:16:54.772,8.74443,8.74546,1.00,1.00
2017.06.15 15:16:55.076,8.74443,8.74544,1.00,1.00
2017.06.15 15:16:55.519,8.74445,8.74536,1.00,1.00
2017.06.15 15:16:55.722,8.74435,8.74533,1.00,1.00
2017.06.15 15:16:55.980,8.74435,8.74531,1.00,1.00
2017.06.15 15:16:56.311,8.74435,8.74533,1.00,1.00
2017.06.15 15:16:56.698,8.74432,8.74533,1.00,1.00
2017.06.15 15:16:56.970,8.74432,8.74535,1.00,1.00
2017.06.15 15:16:57.960,8.74432,8.74533,1.00,1.00
2017.06.15 15:16:58.333,8.7443,8.7453,1.00,1.00
2017.06.15 15:16:58.640,8.74423,8.74542,1.00,1.00
2017.06.15 15:16:58.691,8.74428,8.74544,1.00,1.00
2017.06.15 15:16:59.032,8.74441,8.74546,1.00,1.00
2017.06.15 15:16:59.171,8.74441,8.7456,1.00,1.00
2017.06.15 15:16:59.501,8.74441,8.74556,1.00,1.00
2017.06.15 15:16:59.684,8.74433,8.74556,1.00,1.00
2017.06.15 15:16:59.831,8.74433,8.74553,1.00,1.00
2017.06.15 15:17:00.071,8.74433,8.74557,1.50,1.00
2017.06.15 15:17:00.122,8.74466,8.74557,1.00,1.00
2017.06.15 15:17:00.275,8.7448,8.74599,1.00,1.00
2017.06.15 15:17:00.665,8.74457,8.74576,1.00,1.00
2017.06.15 15:17:01.011,8.74472,8.7459,1.00,1.00
2017.06.15 15:17:01.390,8.74482,8.746,1.00,1.50
2017.06.15 15:17:02.382,8.74487,8.74605,1.00,1.00
2017.06.15 15:17:03.401,8.74488,8.74607,1.00,1.00
2017.06.15 15:17:03.709,8.74474,8.7459,1.00,1.00
2017.06.15 15:17:04.461,8.74464,8.74583,1.00,1.00
2017.06.15 15:17:05.414,8.74459,8.74577,1.00,1.00
2017.06.15 15:17:05.785,8.74465,8.74583,1.00,1.00
2017.06.15 15:17:06.597,8.7446,8.74578,1.00,1.00
2017.06.15 15:17:08.356,8.74456,8.74574,1.00,1.00
2017.06.15 15:17:08.700,8.7445,8.74567,1.00,1.00
2017.06.15 15:17:09.440,8.74445,8.74563,1.00,1.00
2017.06.15 15:17:10.844,8.74446,8.74564,1.00,1.00
2017.06.15 15:17:11.436,8.74441,8.74559,1.00,1.00
2017.06.15 15:17:11.489,8.74427,8.74546,1.00,1.00
2017.06.15 15:17:12.367,8.74428,8.74553,1.00,1.00
2017.06.15 15:17:13.324,8.74445,8.74563,1.00,1.00
2017.06.15 15:17:13.604,8.74466,8.74588,1.00,1.00
2017.06.15 15:17:13.705,8.74466,8.7459,1.00,1.00
2017.06.15 15:17:13.807,8.74447,8.7458,1.00,1.00
2017.06.15 15:17:14.360,8.74447,8.74579,1.00,1.00
2017.06.15 15:17:14.598,8.74461,8.74579,1.00,1.00
2017.06.15 15:17:14.701,8.74473,8.74593,1.00,1.00
2017.06.15 15:17:14.803,8.74469,8.74587,1.00,1.00
2017.06.15 15:17:15.196,8.74469,8.74559,1.00,1.00
2017.06.15 15:17:15.247,8.74425,8.74554,1.00,1.00
2017.06.15 15:17:15.400,8.74446,8.74559,1.00,1.00
2017.06.15 15:17:15.722,8.74446,8.74555,1.00,1.00
2017.06.15 15:17:15.854,8.74434,8.74552,1.00,1.00
2017.06.15 15:17:16.250,8.74443,8.74556,1.00,1.00
2017.06.15 15:17:16.352,8.74443,8.74561,1.00,1.00
2017.06.15 15:17:16.470,8.74456,8.74566,1.00,1.00
2017.06.15 15:17:16.660,8.74456,8.74568,1.00,1.00
2017.06.15 15:17:16.881,8.74456,8.74574,1.00,1.00
2017.06.15 15:17:17.133,8.74465,8.74576,1.00,1.00
2017.06.15 15:17:17.236,8.74465,8.74583,1.00,1.00
2017.06.15 15:17:17.757,8.74471,8.74587,1.00,1.00
2017.06.15 15:17:17.910,8.74471,8.74589,1.00,1.50
2017.06.15 15:17:17.961,8.74479,8.74589,1.00,1.00
2017.06.15 15:17:18.164,8.7447,8.74588,1.00,1.00
2017.06.15 15:17:18.426,8.7447,8.74585,1.00,1.00
2017.06.15 15:17:18.760,8.7447,8.74588,1.00,1.00
2017.06.15 15:17:18.811,8.74498,8.746,1.00,1.00
2017.06.15 15:17:18.966,8.7446,8.74579,1.00,1.00
2017.06.15 15:17:19.220,8.74445,8.74564,1.00,1.00
2017.06.15 15:17:19.855,8.74445,8.74555,1.00,1.00
2017.06.15 15:17:20.181,8.74445,8.74545,1.00,1.00
2017.06.15 15:17:20.333,8.74446,8.74564,1.00,1.00
2017.06.15 15:17:20.384,8.74459,8.74565,1.00,1.00
2017.06.15 15:17:21.283,8.74451,8.74565,1.00,1.00
2017.06.15 15:17:22.317,8.74455,8.74565,1.00,1.00
2017.06.15 15:17:22.419,8.74455,8.74568,1.00,1.00
2017.06.15 15:17:22.622,8.74455,8.74573,1.00,1.50
2017.06.15 15:17:22.931,8.74455,8.74565,1.00,1.00
2017.06.15 15:17:23.286,8.74451,8.74565,1.00,1.00
2017.06.15 15:17:24.287,8.7445,8.74565,1.00,1.00
2017.06.15 15:17:24.602,8.74456,8.74565,1.00,1.00
2017.06.15 15:17:25.288,8.74449,8.74565,1.00,1.00
2017.06.15 15:17:25.979,8.74455,8.74565,1.00,1.00
2017.06.15 15:17:26.131,8.74455,8.74571,1.00,1.00
2017.06.15 15:17:26.341,8.74455,8.74565,1.00,1.00
2017.06.15 15:17:26.971,8.74451,8.74565,1.00,1.00
2017.06.15 15:17:28.111,8.74458,8.74567,1.00,1.00
2017.06.15 15:17:28.430,8.74458,8.74565,1.00,1.00
2017.06.15 15:17:29.397,8.74454,8.74565,1.00,1.00
2017.06.15 15:17:31.385,8.74452,8.74565,1.00,1.00
2017.06.15 15:17:32.418,8.74477,8.74584,1.00,1.00
2017.06.15 15:17:32.672,8.74486,8.74604,1.00,1.50
2017.06.15 15:17:33.488,8.7449,8.74608,1.00,1.00
2017.06.15 15:17:33.847,8.74481,8.74599,1.00,1.00
2017.06.15 15:17:34.765,8.74481,8.74589,1.00,1.00
2017.06.15 15:17:35.234,8.74479,8.74588,1.00,1.00
2017.06.15 15:17:35.498,8.74479,8.74585,1.00,1.00
2017.06.15 15:17:36.009,8.74479,8.74584,1.00,1.00
2017.06.15 15:17:36.371,8.74479,8.74587,1.00,1.00
2017.06.15 15:17:36.956,8.74479,8.74586,1.00,1.00
2017.06.15 15:17:37.134,8.74504,8.74621,1.00,1.00
2017.06.15 15:17:37.185,8.74515,8.74621,1.00,1.00
2017.06.15 15:17:37.361,8.74515,8.74634,1.00,1.00
2017.06.15 15:17:38.037,8.74511,8.74629,1.00,1.00
2017.06.15 15:17:38.343,8.74511,8.74623,1.00,1.00
2017.06.15 15:17:38.571,8.74511,8.74629,1.00,1.00
2017.06.15 15:17:38.982,8.74511,8.74621,1.00,1.00
2017.06.15 15:17:39.033,8.74509,8.74621,1.00,1.00
2017.06.15 15:17:40.443,8.74513,8.74621,1.00,1.00
2017.06.15 15:17:41.294,8.74512,8.74621,1.00,1.00
2017.06.15 15:17:41.702,8.74512,8.7463,1.00,1.00
2017.06.15 15:17:42.032,8.74512,8.746,1.00,1.00
2017.06.15 15:17:42.294,8.74508,8.746,1.00,1.00
2017.06.15 15:17:42.420,8.74508,8.74602,1.00,1.00
2017.06.15 15:17:42.780,8.74508,8.74607,1.00,1.00
2017.06.15 15:17:43.080,8.74508,8.74613,1.00,1.00
2017.06.15 15:17:43.788,8.74508,8.74614,1.00,1.00
2017.06.15 15:17:43.942,8.74515,8.74614,1.00,1.00
2017.06.15 15:17:43.993,8.74515,8.74621,1.00,1.00
2017.06.15 15:17:44.052,8.74523,8.74621,1.00,1.00
2017.06.15 15:17:44.104,8.74531,8.7464,1.00,1.00
2017.06.15 15:17:45.142,8.7453,8.7464,1.00,1.00
2017.06.15 15:17:46.083,8.74536,8.7464,1.00,1.00
2017.06.15 15:17:46.236,8.74528,8.7464,1.00,1.00
2017.06.15 15:17:47.214,8.74527,8.7464,1.00,1.00
2017.06.15 15:17:47.265,8.74539,8.7464,1.00,1.00
2017.06.15 15:17:47.316,8.74529,8.7464,1.00,1.00
2017.06.15 15:17:48.173,8.7452,8.74636,1.00,1.00
2017.06.15 15:17:48.224,8.74509,8.74627,1.00,1.00
2017.06.15 15:17:48.326,8.74498,8.74616,1.00,1.00
2017.06.15 15:17:49.305,8.74499,8.74617,1.00,1.00
2017.06.15 15:17:52.258,8.74512,8.7463,1.00,1.00
2017.06.15 15:17:53.210,8.74505,8.74623,1.00,1.00
2017.06.15 15:17:55.534,8.74496,8.74614,1.00,1.00
2017.06.15 15:17:56.536,8.74497,8.74615,1.00,1.00
2017.06.15 15:17:58.232,8.74492,8.7461,1.00,1.00
2017.06.15 15:17:59.247,8.74491,8.74609,1.00,1.00
2017.06.15 15:18:00.008,8.74485,8.74603,1.00,1.00
2017.06.15 15:18:01.044,8.74493,8.74603,1.00,1.00
2017.06.15 15:18:01.247,8.74493,8.74612,1.00,1.00
2017.06.15 15:18:01.462,8.74486,8.74604,1.00,1.00
2017.06.15 15:18:02.013,8.74481,8.74599,1.00,1.00
2017.06.15 15:18:02.334,8.74495,8.746,1.00,1.00
2017.06.15 15:18:03.123,8.745,8.746,1.00,1.00
2017.06.15 15:18:04.125,8.74501,8.746,1.00,1.00
2017.06.15 15:18:05.057,8.74518,8.746,1.00,1.00
2017.06.15 15:18:05.759,8.74518,8.74608,1.00,1.00
2017.06.15 15:18:05.990,8.74518,8.74601,1.00,1.00
2017.06.15 15:18:06.614,8.7452,8.74601,1.00,1.00
2017.06.15 15:18:07.181,8.7452,8.74606,1.00,1.00
2017.06.15 15:18:07.546,8.74537,8.74606,1.00,1.00
2017.06.15 15:18:07.647,8.74543,8.74631,1.00,1.00
2017.06.15 15:18:07.954,8.74543,8.74624,1.00,1.00
2017.06.15 15:18:08.273,8.74552,8.7463,1.00,1.00
2017.06.15 15:18:09.150,8.74552,8.74627,1.00,1.00
2017.06.15 15:18:09.700,8.74551,8.74623,1.00,1.00
2017.06.15 15:18:10.030,8.74551,8.74631,1.00,1.00
2017.06.15 15:18:10.330,8.74547,8.74631,1.00,1.00
2017.06.15 15:18:10.381,8.74547,8.7462,1.00,1.00
2017.06.15 15:18:10.690,8.74547,8.7463,1.00,1.00
2017.06.15 15:18:10.911,8.74547,8.74619,1.00,1.00
2017.06.15 15:18:11.241,8.74547,8.7463,1.00,1.00
2017.06.15 15:18:11.332,8.74552,8.7463,1.00,1.00
2017.06.15 15:18:11.681,8.74552,8.74639,1.00,1.00
2017.06.15 15:18:12.010,8.74552,8.74629,1.00,1.00
2017.06.15 15:18:12.779,8.74552,8.7463,1.00,1.00
2017.06.15 15:18:12.830,8.74552,8.74634,1.00,1.00
2017.06.15 15:18:13.440,8.74552,8.74633,1.00,1.00
2017.06.15 15:18:13.989,8.74552,8.74634,1.00,1.00
2017.06.15 15:18:14.342,8.74555,8.74634,1.00,1.00
2017.06.15 15:18:14.655,8.74558,8.74641,1.00,1.00
2017.06.15 15:18:14.883,8.74558,8.74649,1.00,1.00
2017.06.15 15:18:15.201,8.74558,8.7464,1.00,1.00
2017.06.15 15:18:15.540,8.74559,8.7463,1.00,1.00
2017.06.15 15:18:15.641,8.74559,8.74649,1.00,1.00
2017.06.15 15:18:15.861,8.74559,8.74644,1.00,1.00
2017.06.15 15:18:16.181,8.74577,8.74644,1.00,1.00
2017.06.15 15:18:16.232,8.74561,8.74646,1.00,1.00
2017.06.15 15:18:16.560,8.74561,8.74641,1.00,1.00
2017.06.15 15:18:16.900,8.74561,8.74632,1.00,1.00
2017.06.15 15:18:17.209,8.74556,8.74648,1.00,1.00
2017.06.15 15:18:17.401,8.74556,8.7465,1.00,1.00
2017.06.15 15:18:18.061,8.74556,8.74646,1.00,1.00
2017.06.15 15:18:18.405,8.74556,8.74655,1.00,1.00
2017.06.15 15:18:18.562,8.74543,8.74634,1.00,1.00
2017.06.15 15:18:18.619,8.74531,8.74634,1.00,1.00
2017.06.15 15:18:18.874,8.74531,8.74626,1.00,1.00
2017.06.15 15:18:19.211,8.74531,8.74621,1.00,1.00
2017.06.15 15:18:19.492,8.74523,8.74621,1.00,1.00
2017.06.15 15:18:19.543,8.74523,8.74618,1.00,1.00
2017.06.15 15:18:20.031,8.74523,8.74615,1.00,1.00
2017.06.15 15:18:20.480,8.74523,8.74611,1.00,1.00
2017.06.15 15:18:20.700,8.74523,8.74613,1.00,1.00
2017.06.15 15:18:21.050,8.74523,8.74609,1.00,1.00
2017.06.15 15:18:21.690,8.74523,8.74606,1.00,1.00
2017.06.15 15:18:22.460,8.74523,8.74601,1.00,1.00
2017.06.15 15:18:23.046,8.74518,8.74601,1.00,1.00
2017.06.15 15:18:23.980,8.74518,8.746,1.00,1.00
2017.06.15 15:18:24.031,8.74513,8.746,1.00,1.00
2017.06.15 15:18:24.240,8.74513,8.74607,1.00,1.00
2017.06.15 15:18:25.026,8.74518,8.74607,1.00,1.00
2017.06.15 15:18:26.011,8.74519,8.74607,1.00,1.00
2017.06.15 15:18:27.430,8.74519,8.74611,1.00,1.00
2017.06.15 15:18:28.122,8.74529,8.74611,1.00,1.00
2017.06.15 15:18:28.291,8.74536,8.7462,1.00,1.00
2017.06.15 15:18:28.904,8.74525,8.7462,1.00,1.00
2017.06.15 15:18:28.954,8.74525,8.74616,1.00,1.00
2017.06.15 15:18:30.190,8.74519,8.74603,1.00,1.00
2017.06.15 15:18:30.740,8.74519,8.74601,1.00,1.00
2017.06.15 15:18:31.050,8.74527,8.74619,1.00,1.00
2017.06.15 15:18:31.291,8.74527,8.74611,1.00,1.00
2017.06.15 15:18:31.712,8.74527,8.74603,1.00,1.00
2017.06.15 15:18:31.891,8.74522,8.74602,1.00,1.00
2017.06.15 15:18:32.273,8.74504,8.74601,1.00,1.00
2017.06.15 15:18:32.324,8.74494,8.74601,1.00,1.00
2017.06.15 15:18:32.375,8.74484,8.74601,1.00,1.00
2017.06.15 15:18:32.477,8.74474,8.7459,1.00,1.00
2017.06.15 15:18:32.792,8.74474,8.74565,1.00,1.00
2017.06.15 15:18:33.129,8.74474,8.7456,1.00,1.00
2017.06.15 15:18:33.499,8.74462,8.7456,1.00,1.00
2017.06.15 15:18:33.652,8.74451,8.7456,1.00,1.00
2017.06.15 15:18:33.855,8.74451,8.74539,1.00,1.00
2017.06.15 15:18:34.044,8.74451,8.74543,1.00,1.00
2017.06.15 15:18:34.486,8.74458,8.74542,1.00,1.00
2017.06.15 15:18:34.827,8.74465,8.74541,1.00,1.00
2017.06.15 15:18:35.031,8.74475,8.74553,1.00,1.00
2017.06.15 15:18:35.365,8.74475,8.74562,1.00,1.00
2017.06.15 15:18:35.995,8.74479,8.74561,1.00,1.00
2017.06.15 15:18:36.570,8.74479,8.74562,1.00,1.00
2017.06.15 15:18:37.267,8.74479,8.74563,1.00,1.00
2017.06.15 15:18:37.597,8.74479,8.74566,1.00,1.00
2017.06.15 15:18:37.879,8.74475,8.74566,1.00,1.00
2017.06.15 15:18:38.545,8.74475,8.74567,1.00,1.00
2017.06.15 15:18:39.038,8.74478,8.74566,1.00,1.00
2017.06.15 15:18:39.140,8.74472,8.74569,1.00,1.00
2017.06.15 15:18:39.661,8.74472,8.74568,1.00,1.00
2017.06.15 15:18:40.038,8.74478,8.74568,1.00,1.00
2017.06.15 15:18:40.362,8.74515,8.74604,1.00,1.00
2017.06.15 15:18:40.663,8.74515,8.74597,1.00,1.00
2017.06.15 15:18:40.898,8.74515,8.74602,1.00,1.00
2017.06.15 15:18:41.125,8.74515,8.74604,1.00,1.00
2017.06.15 15:18:41.176,8.74508,8.74604,1.00,1.00
2017.06.15 15:18:41.278,8.74489,8.74604,1.00,1.00
2017.06.15 15:18:41.431,8.74489,8.74587,1.00,1.00
2017.06.15 15:18:41.791,8.74489,8.74584,1.00,1.00
2017.06.15 15:18:42.218,8.74489,8.74571,1.00,1.00
2017.06.15 15:18:42.319,8.74489,8.7458,1.00,1.00
2017.06.15 15:18:42.950,8.74489,8.74569,1.00,1.00
2017.06.15 15:18:43.192,8.74489,8.74591,1.00,1.00
2017.06.15 15:18:43.831,8.74489,8.74578,1.00,1.00
2017.06.15 15:18:44.051,8.74489,8.74588,1.00,1.00
2017.06.15 15:18:44.380,8.74489,8.74585,1.00,1.00
2017.06.15 15:18:44.711,8.74491,8.74585,1.00,1.00
2017.06.15 15:18:44.933,8.74499,8.74604,1.00,1.00
2017.06.15 15:18:45.035,8.74467,8.74604,1.00,1.50
2017.06.15 15:18:45.161,8.74482,8.74581,1.00,1.00
2017.06.15 15:18:45.512,8.74482,8.74563,1.00,1.00
2017.06.15 15:18:45.699,8.74482,8.74573,1.00,1.00
2017.06.15 15:18:45.921,8.74482,8.74563,1.00,1.00
2017.06.15 15:18:46.250,8.74482,8.74569,1.00,1.00
2017.06.15 15:18:46.620,8.74482,8.74561,1.00,1.00
2017.06.15 15:18:49.873,8.74476,8.74561,1.00,1.00
2017.06.15 15:18:50.426,8.74497,8.74561,1.00,1.00
2017.06.15 15:18:50.478,8.74497,8.74567,1.00,1.00
2017.06.15 15:18:50.786,8.74497,8.7458,1.00,1.00
2017.06.15 15:18:51.080,8.74488,8.7458,1.00,1.00
2017.06.15 15:18:51.435,8.74482,8.74566,1.00,1.00
2017.06.15 15:18:52.136,8.74482,8.74561,1.00,1.00
2017.06.15 15:18:52.238,8.74489,8.7458,1.00,1.00
2017.06.15 15:18:52.408,8.74497,8.7458,1.00,1.00
2017.06.15 15:18:52.728,8.74506,8.74568,1.00,1.00
2017.06.15 15:18:52.880,8.74506,8.74581,1.00,1.00
2017.06.15 15:18:53.712,8.7451,8.74581,1.00,1.00
2017.06.15 15:18:53.973,8.7451,8.74583,1.00,1.00
2017.06.15 15:18:54.501,8.7451,8.74581,1.00,1.00
2017.06.15 15:18:54.814,8.74515,8.74581,1.00,1.00
2017.06.15 15:18:55.727,8.74493,8.74581,1.00,1.00
2017.06.15 15:18:56.710,8.74487,8.74581,1.00,1.00
2017.06.15 15:18:56.811,8.74464,8.74581,1.00,1.00
2017.06.15 15:18:56.863,8.74464,8.74564,1.00,1.00
2017.06.15 15:18:57.217,8.74464,8.74561,1.00,1.00
2017.06.15 15:18:57.763,8.74468,8.74561,1.00,1.00
2017.06.15 15:18:58.255,8.74461,8.74561,1.00,1.00
2017.06.15 15:18:58.306,8.74476,8.74561,1.00,1.00
2017.06.15 15:18:58.670,8.74487,8.7456,1.00,1.00
2017.06.15 15:18:58.722,8.74476,8.74581,1.00,1.00
2017.06.15 15:18:58.825,8.74476,8.74561,1.00,1.00
2017.06.15 15:18:59.328,8.74478,8.74561,1.00,1.00
2017.06.15 15:18:59.379,8.74489,8.74581,1.00,1.00
2017.06.15 15:18:59.430,8.74476,8.74581,1.00,1.00
2017.06.15 15:18:59.481,8.74476,8.74561,1.00,1.00
2017.06.15 15:19:00.418,8.74478,8.74561,1.00,1.00
2017.06.15 15:19:00.910,8.74478,8.7457,1.00,1.00
2017.06.15 15:19:02.203,8.74487,8.7457,1.00,1.00
2017.06.15 15:19:02.360,8.74482,8.74574,1.00,1.00
2017.06.15 15:19:02.560,8.74482,8.7457,1.00,1.00
2017.06.15 15:19:03.231,8.74479,8.7457,1.00,1.00
2017.06.15 15:19:04.234,8.74473,8.7457,1.00,1.00
2017.06.15 15:19:06.247,8.74477,8.7457,1.00,1.00
2017.06.15 15:19:08.774,8.74444,8.74563,1.00,1.00
2017.06.15 15:19:09.157,8.74456,8.7457,1.00,1.00
2017.06.15 15:19:09.208,8.74456,8.74572,1.00,1.00
2017.06.15 15:19:09.491,8.74456,8.7457,1.00,1.00
2017.06.15 15:19:09.820,8.74462,8.7457,1.00,1.00
2017.06.15 15:19:10.440,8.74462,8.74571,1.00,1.00
2017.06.15 15:19:10.594,8.74472,8.74589,1.00,1.00
2017.06.15 15:19:11.120,8.74471,8.7459,1.00,1.00
2017.06.15 15:19:11.748,8.74473,8.7459,1.00,1.00
2017.06.15 15:19:12.282,8.74473,8.74597,1.00,1.00
2017.06.15 15:19:12.899,8.74473,8.74596,1.00,1.00
2017.06.15 15:19:13.835,8.74477,8.74596,1.00,1.00
2017.06.15 15:19:13.937,8.74477,8.74601,1.00,1.00
2017.06.15 15:19:14.231,8.74477,8.74609,1.00,1.00
2017.06.15 15:19:14.607,8.7449,8.74609,1.00,1.00
2017.06.15 15:19:14.882,8.74483,8.74609,1.00,1.00
2017.06.15 15:19:14.933,8.74469,8.74603,1.00,1.00
2017.06.15 15:19:15.034,8.74469,8.74583,1.00,1.00
2017.06.15 15:19:15.258,8.74459,8.74583,1.00,1.00
2017.06.15 15:19:15.361,8.74459,8.7458,1.00,1.00
2017.06.15 15:19:15.664,8.74473,8.7461,1.00,1.00
2017.06.15 15:19:16.037,8.74511,8.74631,1.00,1.00
2017.06.15 15:19:16.419,8.74548,8.74656,1.00,1.00
2017.06.15 15:19:16.470,8.74548,8.74665,1.00,1.00
2017.06.15 15:19:16.528,8.74537,8.74655,1.00,1.00
2017.06.15 15:19:17.081,8.74552,8.74668,1.00,1.00
2017.06.15 15:19:17.319,8.74552,8.7467,1.00,1.00
2017.06.15 15:19:18.102,8.7455,8.74668,1.00,1.00
2017.06.15 15:19:18.676,8.74556,8.74674,1.00,1.00
2017.06.15 15:19:18.981,8.74593,8.74711,1.00,1.00
2017.06.15 15:19:20.155,8.74585,8.74704,1.00,1.00
2017.06.15 15:19:20.206,8.74593,8.74709,1.00,1.00
2017.06.15 15:19:20.999,8.746,8.74718,1.00,1.50
2017.06.15 15:19:21.321,8.74594,8.74712,1.00,1.00
2017.06.15 15:19:22.031,8.74581,8.747,1.00,1.00
2017.06.15 15:19:22.082,8.74593,8.74711,1.00,1.00
2017.06.15 15:19:22.480,8.7458,8.74698,1.00,1.00
2017.06.15 15:19:23.068,8.74572,8.7469,1.00,1.00
2017.06.15 15:19:23.381,8.74563,8.7468,1.00,1.00
2017.06.15 15:19:23.738,8.74577,8.74695,1.00,1.00
2017.06.15 15:19:24.280,8.74564,8.74682,1.00,1.00
2017.06.15 15:19:24.631,8.74577,8.74695,1.00,1.00
2017.06.15 15:19:24.960,8.74568,8.74686,1.00,1.00
2017.06.15 15:19:26.114,8.7457,8.74687,1.00,1.00
2017.06.15 15:19:27.116,8.74565,8.74681,1.00,1.00
2017.06.15 15:19:28.372,8.74568,8.74683,1.00,1.00
2017.06.15 15:19:28.920,8.74568,8.74681,1.00,1.00
2017.06.15 15:19:29.401,8.74563,8.7468,1.00,1.00
2017.06.15 15:19:29.909,8.74563,8.74681,1.00,1.00
2017.06.15 15:19:30.240,8.74563,8.74673,1.00,1.00
2017.06.15 15:19:30.354,8.7456,8.74673,1.00,1.00
2017.06.15 15:19:31.356,8.74556,8.74672,1.00,1.00
2017.06.15 15:19:31.890,8.74556,8.74671,1.00,1.00
2017.06.15 15:19:32.219,8.74556,8.74669,1.00,1.00
2017.06.15 15:19:33.429,8.74556,8.74665,1.00,1.00
2017.06.15 15:19:33.979,8.74556,8.74664,1.00,1.00
2017.06.15 15:19:34.310,8.74565,8.74675,1.00,1.00
2017.06.15 15:19:34.970,8.74565,8.74669,1.00,1.00
2017.06.15 15:19:35.136,8.7456,8.74669,1.00,1.00
2017.06.15 15:19:35.189,8.7456,8.74674,1.00,1.00
2017.06.15 15:19:37.536,8.7456,8.74672,1.00,1.00
2017.06.15 15:19:38.160,8.7456,8.74671,1.00,1.00
2017.06.15 15:19:38.270,8.7456,8.74678,1.00,1.00
2017.06.15 15:19:39.238,8.7457,8.74682,1.00,1.00
2017.06.15 15:19:39.391,8.74581,8.74697,1.00,1.00
2017.06.15 15:19:39.813,8.74559,8.7469,1.00,1.00
2017.06.15 15:19:39.879,8.74577,8.74695,1.00,1.00
2017.06.15 15:19:40.435,8.74588,8.747,1.00,1.00
2017.06.15 15:19:40.487,8.74588,8.74706,1.00,1.00
2017.06.15 15:19:41.411,8.74587,8.74705,1.00,1.00
2017.06.15 15:19:42.408,8.74575,8.74708,1.00,1.00
2017.06.15 15:19:42.558,8.74586,8.74717,1.00,1.00
2017.06.15 15:19:42.896,8.74613,8.74727,1.00,1.00
2017.06.15 15:19:43.379,8.74594,8.74712,1.00,1.00
2017.06.15 15:19:44.680,8.74585,8.74716,1.00,1.00
2017.06.15 15:19:44.870,8.74585,8.74709,1.00,1.00
2017.06.15 15:19:45.199,8.74585,8.74707,1.00,1.00
2017.06.15 15:19:45.530,8.74585,8.7471,1.00,1.00
2017.06.15 15:19:45.626,8.74577,8.7471,1.00,1.00
2017.06.15 15:19:45.750,8.74577,8.74715,1.00,1.50
2017.06.15 15:19:46.413,8.74577,8.74714,1.00,1.00
2017.06.15 15:19:46.628,8.74583,8.74714,1.00,1.00
2017.06.15 15:19:47.058,8.74591,8.74715,1.00,1.00
2017.06.15 15:19:47.400,8.74607,8.74727,1.00,1.00
2017.06.15 15:19:47.950,8.74607,8.74722,1.00,1.00
2017.06.15 15:19:48.220,8.74607,8.74727,1.00,1.00
2017.06.15 15:19:48.830,8.74606,8.74727,1.00,1.00
2017.06.15 15:19:49.490,8.74606,8.74726,1.00,1.00
2017.06.15 15:19:49.709,8.74606,8.74723,1.00,1.00
2017.06.15 15:19:50.370,8.74606,8.74722,1.00,1.00
2017.06.15 15:19:50.635,8.74602,8.74722,1.00,1.00
2017.06.15 15:19:51.150,8.74602,8.74712,1.00,1.00
2017.06.15 15:19:51.469,8.74602,8.74727,1.00,1.50
2017.06.15 15:19:54.187,8.746,8.74727,1.00,1.00
2017.06.15 15:19:56.131,8.74597,8.74727,1.00,1.00
2017.06.15 15:19:56.341,8.74588,8.74717,1.00,1.00
2017.06.15 15:19:57.323,8.74594,8.74717,1.00,1.00
2017.06.15 15:19:57.487,8.74594,8.74727,1.00,1.50
2017.06.15 15:19:58.325,8.74599,8.74727,1.00,1.00
2017.06.15 15:20:00.854,8.74595,8.74727,1.00,1.00
2017.06.15 15:20:00.909,8.74593,8.74711,1.00,1.00
2017.06.15 15:20:01.905,8.74595,8.74713,1.00,1.00
2017.06.15 15:20:03.019,8.74595,8.74711,1.00,1.00
2017.06.15 15:20:03.349,8.74595,8.74709,1.00,1.00
2017.06.15 15:20:03.890,8.74595,8.74708,1.00,1.00
2017.06.15 15:20:04.197,8.74632,8.74739,1.00,1.00
2017.06.15 15:20:04.515,8.74632,8.74726,1.00,1.00
2017.06.15 15:20:04.813,8.74608,8.74726,1.00,1.00
2017.06.15 15:20:07.469,8.74601,8.74726,1.00,1.00
2017.06.15 15:20:07.673,8.74601,8.74703,1.00,1.00
2017.06.15 15:20:07.969,8.74601,8.74723,1.00,1.00
2017.06.15 15:20:08.326,8.74601,8.74725,1.00,1.00
2017.06.15 15:20:08.467,8.74596,8.74725,1.00,1.00
2017.06.15 15:20:09.009,8.74596,8.74726,1.00,1.00
2017.06.15 15:20:09.164,8.74582,8.74718,1.00,1.00
2017.06.15 15:20:09.215,8.74591,8.74726,1.00,1.50
2017.06.15 15:20:09.516,8.74603,8.74726,1.00,1.00
2017.06.15 15:20:10.169,8.74603,8.74725,1.00,1.00
2017.06.15 15:20:10.500,8.74603,8.74723,1.00,1.00
2017.06.15 15:20:11.049,8.74603,8.7472,1.00,1.00
2017.06.15 15:20:11.204,8.74601,8.7472,1.00,1.00
2017.06.15 15:20:11.380,8.74601,8.74718,1.00,1.00
2017.06.15 15:20:11.930,8.74601,8.74716,1.00,1.00
2017.06.15 15:20:12.300,8.74601,8.7472,1.00,1.00
2017.06.15 15:20:13.006,8.74592,8.7472,1.00,1.00
2017.06.15 15:20:13.057,8.74601,8.74716,1.00,1.00
2017.06.15 15:20:13.360,8.74601,8.74702,1.00,1.00
2017.06.15 15:20:13.610,8.74601,8.74721,1.00,1.00
2017.06.15 15:20:13.738,8.74594,8.74721,1.00,1.00
2017.06.15 15:20:13.950,8.74594,8.74726,1.00,1.00
2017.06.15 15:20:14.713,8.74594,8.74709,1.00,1.00
2017.06.15 15:20:14.947,8.74592,8.74709,1.00,1.00
2017.06.15 15:20:15.049,8.74592,8.74726,1.00,1.00
2017.06.15 15:20:15.647,8.74592,8.74722,1.00,1.00
2017.06.15 15:20:15.891,8.74592,8.74726,1.00,1.00
2017.06.15 15:20:16.856,8.74591,8.74726,1.00,1.00
2017.06.15 15:20:17.905,8.74609,8.74726,1.00,1.00
2017.06.15 15:20:18.208,8.74619,8.74733,1.00,1.00
2017.06.15 15:20:18.310,8.74619,8.74743,1.00,1.00
2017.06.15 15:20:18.639,8.74619,8.74741,1.00,1.00
2017.06.15 15:20:19.005,8.74619,8.74738,1.00,1.00
2017.06.15 15:20:19.520,8.74623,8.74734,1.00,1.00
2017.06.15 15:20:19.849,8.74623,8.7473,1.00,1.00
2017.06.15 15:20:20.311,8.74625,8.74729,1.00,1.00
2017.06.15 15:20:21.205,8.74625,8.7473,1.00,1.00
2017.06.15 15:20:21.549,8.74625,8.74727,1.00,1.00
2017.06.15 15:20:22.209,8.74619,8.74727,1.00,1.00
2017.06.15 15:20:23.262,8.74623,8.74738,1.00,1.00
2017.06.15 15:20:23.732,8.74623,8.74719,1.00,1.00
2017.06.15 15:20:24.262,8.74619,8.74722,1.00,1.00
2017.06.15 15:20:24.910,8.74619,8.74726,1.00,1.00
2017.06.15 15:20:25.130,8.74619,8.74728,1.00,1.00
2017.06.15 15:20:25.262,8.74623,8.74728,1.00,1.00
2017.06.15 15:20:25.786,8.74623,8.74729,1.00,1.00
2017.06.15 15:20:25.837,8.74623,8.74738,1.00,1.00
2017.06.15 15:20:26.901,8.74621,8.74738,1.00,1.00
2017.06.15 15:20:29.758,8.74619,8.74738,1.00,1.00
2017.06.15 15:20:30.783,8.74616,8.74738,1.00,1.00
2017.06.15 15:20:30.969,8.74616,8.74719,1.00,1.00
2017.06.15 15:20:31.299,8.74616,8.74721,1.00,1.00
2017.06.15 15:20:31.629,8.74616,8.74724,1.00,1.00
2017.06.15 15:20:31.783,8.74614,8.74724,1.00,1.00
2017.06.15 15:20:32.189,8.74614,8.74738,1.00,1.00
2017.06.15 15:20:32.512,8.74614,8.74753,1.37,1.07
2017.06.15 15:20:32.563,8.74643,8.74758,1.00,1.07
2017.06.15 15:20:32.868,8.74649,8.74762,1.00,1.07
2017.06.15 15:20:33.072,8.74649,8.74778,1.00,1.00
2017.06.15 15:20:33.309,8.74649,8.74759,1.00,1.00
2017.06.15 15:20:33.411,8.74649,8.74778,1.00,1.00
2017.06.15 15:20:33.488,8.74654,8.74778,1.00,1.00
2017.06.15 15:20:33.842,8.74654,8.74757,1.00,1.00
2017.06.15 15:20:34.220,8.74654,8.74778,1.00,1.00
2017.06.15 15:20:34.330,8.74658,8.74778,1.00,1.00
2017.06.15 15:20:34.534,8.74668,8.74797,1.00,1.00
2017.06.15 15:20:35.390,8.74664,8.74797,1.00,1.00
2017.06.15 15:20:39.277,8.74665,8.74797,1.00,1.00
2017.06.15 15:20:40.761,8.74661,8.74797,1.00,1.00
2017.06.15 15:20:41.315,8.74661,8.74758,1.00,1.00
2017.06.15 15:20:41.640,8.74661,8.74797,1.00,1.00
2017.06.15 15:20:41.728,8.74659,8.74797,1.00,1.00
2017.06.15 15:20:42.118,8.74659,8.74758,1.00,1.00
2017.06.15 15:20:42.442,8.74659,8.74777,1.00,1.00
2017.06.15 15:20:42.660,8.74651,8.74777,1.00,1.00
2017.06.15 15:20:43.441,8.7466,8.74777,1.00,1.00
2017.06.15 15:20:43.543,8.7466,8.74797,1.00,1.00
2017.06.15 15:20:43.645,8.74665,8.74797,1.00,1.00
2017.06.15 15:20:44.084,8.74665,8.74777,1.00,1.00
2017.06.15 15:20:44.540,8.74657,8.74758,1.00,1.00
2017.06.15 15:20:44.908,8.74659,8.74758,1.00,1.00
2017.06.15 15:20:44.959,8.74659,8.74767,1.00,1.00
2017.06.15 15:20:45.269,8.74659,8.74763,1.00,1.00
2017.06.15 15:20:45.608,8.74665,8.74767,1.00,1.00
2017.06.15 15:20:45.929,8.74665,8.74771,1.00,1.00
2017.06.15 15:20:46.149,8.74665,8.74769,1.00,1.00
2017.06.15 15:20:46.453,8.74661,8.74769,1.00,1.00
2017.06.15 15:20:46.504,8.74661,8.74771,1.00,1.00
2017.06.15 15:20:46.848,8.74661,8.74774,1.00,1.00
2017.06.15 15:20:47.139,8.74661,8.74765,1.00,1.00
2017.06.15 15:20:47.275,8.74651,8.74765,1.00,1.00
2017.06.15 15:20:47.359,8.74651,8.74759,1.00,1.00
2017.06.15 15:20:47.722,8.7464,8.74759,1.00,1.00
2017.06.15 15:20:48.003,8.74651,8.74758,1.00,1.00
2017.06.15 15:20:48.054,8.74651,8.74778,1.00,1.00
2017.06.15 15:20:48.718,8.74651,8.74758,1.00,1.00
2017.06.15 15:20:49.018,8.74653,8.74772,1.00,1.00
2017.06.15 15:20:49.231,8.74653,8.74774,1.00,1.00
2017.06.15 15:20:49.889,8.74653,8.74775,1.00,1.00
2017.06.15 15:20:50.438,8.74653,8.74776,1.00,1.00
2017.06.15 15:20:51.758,8.74653,8.74768,1.00,1.00
2017.06.15 15:20:52.105,8.74653,8.74771,1.00,1.00
2017.06.15 15:20:52.156,8.74658,8.74771,1.00,1.00
2017.06.15 15:20:52.360,8.74652,8.74768,1.00,1.00
2017.06.15 15:20:52.684,8.74652,8.74775,1.00,1.00
2017.06.15 15:20:53.299,8.74652,8.74776,1.00,1.00
2017.06.15 15:20:54.298,8.74663,8.74776,1.00,1.00
2017.06.15 15:20:54.428,8.74663,8.74794,1.00,1.00
2017.06.15 15:20:55.290,8.74661,8.74794,1.00,1.00
2017.06.15 15:20:55.781,8.74652,8.74784,1.00,1.00
2017.06.15 15:20:56.122,8.74627,8.74758,1.00,1.00
2017.06.15 15:20:56.834,8.74626,8.74758,1.00,1.50
2017.06.15 15:20:58.388,8.74626,8.74737,1.00,1.00
2017.06.15 15:20:59.054,8.74626,8.74758,1.00,1.50
2017.06.15 15:20:59.819,8.74628,8.74747,1.00,1.00
2017.06.15 15:21:00.278,8.74621,8.74738,1.00,1.00
2017.06.15 15:21:00.612,8.74621,8.74719,1.00,1.00
2017.06.15 15:21:00.818,8.74608,8.74719,1.00,1.00
2017.06.15 15:21:01.111,8.74608,8.747,1.00,1.00
2017.06.15 15:21:01.845,8.74609,8.747,1.00,1.00
2017.06.15 15:21:04.849,8.74609,8.74703,1.00,1.00
2017.06.15 15:21:05.398,8.74609,8.74705,1.00,1.00
2017.06.15 15:21:05.729,8.74609,8.74703,1.00,1.00
2017.06.15 15:21:07.174,8.74602,8.74701,1.00,1.00
2017.06.15 15:21:07.225,8.74593,8.74701,1.00,1.00
2017.06.15 15:21:08.048,8.74593,8.74694,1.00,1.00
2017.06.15 15:21:08.370,8.74592,8.7469,1.00,1.00
2017.06.15 15:21:08.589,8.74587,8.7469,1.00,1.00
2017.06.15 15:21:08.640,8.74628,8.7469,1.00,1.00
2017.06.15 15:21:08.742,8.74628,8.74727,1.00,1.00
2017.06.15 15:21:08.945,8.74628,8.74747,1.00,1.00
2017.06.15 15:21:09.121,8.74638,8.7475,1.00,1.00
2017.06.15 15:21:09.448,8.74638,8.74742,1.00,1.00
2017.06.15 15:21:09.668,8.74638,8.74744,1.00,1.00
2017.06.15 15:21:09.820,8.74626,8.74744,1.00,1.00
2017.06.15 15:21:09.922,8.74626,8.74738,1.00,1.00
2017.06.15 15:21:10.130,8.74626,8.74742,1.00,1.00
2017.06.15 15:21:10.181,8.74633,8.74742,1.00,1.00
2017.06.15 15:21:10.485,8.74658,8.74753,1.00,1.00
2017.06.15 15:21:10.867,8.74649,8.74753,1.00,1.00
2017.06.15 15:21:11.136,8.74649,8.74748,1.00,1.00
2017.06.15 15:21:11.670,8.74656,8.74741,1.00,1.00
2017.06.15 15:21:12.037,8.74656,8.74735,1.00,1.00
2017.06.15 15:21:12.262,8.74656,8.74743,1.00,1.00
2017.06.15 15:21:12.594,8.74656,8.7473,1.00,1.00
2017.06.15 15:21:12.879,8.74656,8.74738,1.00,1.00
2017.06.15 15:21:13.209,8.74656,8.7473,1.00,1.00
2017.06.15 15:21:13.440,8.74656,8.74735,1.00,1.00
2017.06.15 15:21:13.582,8.74677,8.74755,1.00,1.00
2017.06.15 15:21:13.887,8.74677,8.74759,1.00,1.00
2017.06.15 15:21:14.223,8.74677,8.74769,1.00,1.00
2017.06.15 15:21:14.274,8.74687,8.74769,1.00,1.00
2017.06.15 15:21:14.657,8.74687,8.74766,1.00,1.00
2017.06.15 15:21:14.784,8.74687,8.74778,1.00,1.00
2017.06.15 15:21:15.079,8.74687,8.74766,1.00,1.00
2017.06.15 15:21:15.409,8.74692,8.74776,1.00,1.00
2017.06.15 15:21:16.439,8.74692,8.74781,1.00,1.00
2017.06.15 15:21:16.620,8.74692,8.74778,1.00,1.00
2017.06.15 15:21:16.966,8.74692,8.74772,1.00,1.00
2017.06.15 15:21:17.279,8.74692,8.74776,1.00,1.00
2017.06.15 15:21:17.567,8.74692,8.74766,1.00,1.00
2017.06.15 15:21:17.870,8.74692,8.74757,1.00,1.00
2017.06.15 15:21:18.159,8.74692,8.74766,1.00,1.00
2017.06.15 15:21:18.533,8.74692,8.74769,1.00,1.00
2017.06.15 15:21:18.751,8.74692,8.74778,1.00,1.00
2017.06.15 15:21:19.040,8.74692,8.74768,1.00,1.00
2017.06.15 15:21:19.367,8.74697,8.74768,1.00,1.00
2017.06.15 15:21:19.418,8.74697,8.74773,1.00,1.00
2017.06.15 15:21:19.732,8.74697,8.74768,1.00,1.00
2017.06.15 15:21:20.249,8.74697,8.74755,1.00,1.00
2017.06.15 15:21:20.336,8.74693,8.74755,1.00,1.00
2017.06.15 15:21:20.579,8.74693,8.74765,1.00,1.00
2017.06.15 15:21:21.128,8.74693,8.74766,1.00,1.00
2017.06.15 15:21:21.337,8.74698,8.74766,1.00,1.00
2017.06.15 15:21:21.795,8.74698,8.74758,1.00,1.00
2017.06.15 15:21:22.030,8.74698,8.74766,1.00,1.00
2017.06.15 15:21:22.374,8.74707,8.74766,1.00,1.00
2017.06.15 15:21:22.476,8.74727,8.74802,1.00,1.00
2017.06.15 15:21:22.794,8.74727,8.74777,1.00,1.00
2017.06.15 15:21:22.896,8.7469,8.74777,1.00,1.00
2017.06.15 15:21:23.058,8.7469,8.7478,1.00,1.00
2017.06.15 15:21:23.660,8.7469,8.74786,1.00,1.00
2017.06.15 15:21:24.021,8.74691,8.7479,1.00,1.00
2017.06.15 15:21:24.243,8.74691,8.74786,1.00,1.00
2017.06.15 15:21:24.294,8.74686,8.74786,1.00,1.00
2017.06.15 15:21:24.538,8.74686,8.748,1.00,1.00
2017.06.15 15:21:24.868,8.74686,8.74796,1.00,1.00
2017.06.15 15:21:25.198,8.74686,8.74793,1.00,1.00
2017.06.15 15:21:25.536,8.74693,8.748,1.00,1.00
2017.06.15 15:21:26.417,8.74689,8.74801,1.00,1.00
2017.06.15 15:21:27.288,8.74689,8.74798,1.00,1.00
2017.06.15 15:21:27.622,8.74698,8.74805,1.00,1.00
2017.06.15 15:21:27.950,8.74698,8.74799,1.00,1.00
2017.06.15 15:21:28.027,8.7469,8.74799,1.00,1.00
2017.06.15 15:21:28.179,8.74691,8.74804,1.00,1.00
2017.06.15 15:21:28.499,8.74691,8.74796,1.00,1.00
2017.06.15 15:21:28.829,8.74691,8.74811,1.00,1.00
2017.06.15 15:21:29.159,8.74691,8.74808,1.00,1.00
2017.06.15 15:21:29.420,8.74691,8.74813,1.00,1.00
2017.06.15 15:21:29.709,8.74691,8.74815,1.00,1.00
2017.06.15 15:21:29.878,8.74695,8.74815,1.00,1.00
2017.06.15 15:21:30.081,8.74695,8.74817,1.00,1.00
2017.06.15 15:21:30.260,8.74695,8.74811,1.00,1.00
2017.06.15 15:21:30.636,8.74695,8.74809,1.00,1.00
2017.06.15 15:21:30.939,8.74694,8.74805,1.00,1.00
2017.06.15 15:21:31.356,8.74694,8.74802,1.00,1.00
2017.06.15 15:21:31.829,8.74694,8.74794,1.00,1.00
2017.06.15 15:21:32.069,8.74695,8.74799,1.00,1.00
2017.06.15 15:21:32.378,8.74695,8.74801,1.00,1.00
2017.06.15 15:21:32.932,8.74695,8.748,1.00,1.00
2017.06.15 15:21:33.810,8.74695,8.74799,1.00,1.00
2017.06.15 15:21:33.921,8.74695,8.74806,1.00,1.00
2017.06.15 15:21:34.493,8.74695,8.74799,1.00,1.00
2017.06.15 15:21:34.798,8.74702,8.74808,1.00,1.00
2017.06.15 15:21:35.129,8.74702,8.74805,1.00,1.00
2017.06.15 15:21:35.537,8.74702,8.74803,1.00,1.00
2017.06.15 15:21:35.932,8.74702,8.74801,1.00,1.00
2017.06.15 15:21:36.239,8.74697,8.74796,1.00,1.00
2017.06.15 15:21:36.589,8.74707,8.74792,1.00,1.00
2017.06.15 15:21:36.919,8.74707,8.7479,1.00,1.00
2017.06.15 15:21:37.248,8.74707,8.74788,1.00,1.00
2017.06.15 15:21:37.578,8.74707,8.74782,1.00,1.00
2017.06.15 15:21:37.799,8.74707,8.74786,1.00,1.00
2017.06.15 15:21:38.260,8.74712,8.74785,1.00,1.00
2017.06.15 15:21:38.459,8.74712,8.74789,1.00,1.00
2017.06.15 15:21:38.713,8.74712,8.74784,1.00,1.00
2017.06.15 15:21:39.338,8.74712,8.74782,1.00,1.00
2017.06.15 15:21:39.397,8.74709,8.74782,1.00,1.00
2017.06.15 15:21:39.998,8.74709,8.74783,1.00,1.00
2017.06.15 15:21:40.531,8.74708,8.74784,1.00,1.00
2017.06.15 15:21:41.649,8.74708,8.74783,1.00,1.00
2017.06.15 15:21:41.757,8.74725,8.74783,1.00,1.00
2017.06.15 15:21:42.006,8.74749,8.74824,1.00,1.00
2017.06.15 15:21:42.212,8.74749,8.74832,1.00,1.00
2017.06.15 15:21:42.764,8.74738,8.74832,1.00,1.00
2017.06.15 15:21:43.300,8.74738,8.74846,1.00,1.00
2017.06.15 15:21:43.629,8.74738,8.74848,1.00,1.00
2017.06.15 15:21:43.849,8.74738,8.7485,1.00,1.00
2017.06.15 15:21:44.178,8.74738,8.74852,1.00,1.00
2017.06.15 15:21:44.509,8.74734,8.74852,1.00,1.50
2017.06.15 15:21:44.560,8.74734,8.7485,1.00,1.00
2017.06.15 15:21:44.838,8.74734,8.74852,1.00,1.00
2017.06.15 15:21:44.940,8.7473,8.74853,1.00,1.00
2017.06.15 15:21:45.167,8.7474,8.74854,1.00,1.00
2017.06.15 15:21:45.719,8.7474,8.74849,1.00,1.00
2017.06.15 15:21:46.729,8.7474,8.7485,1.00,1.00
2017.06.15 15:21:46.831,8.7474,8.74858,1.00,1.00
2017.06.15 15:21:46.894,8.74751,8.74858,1.00,1.00
2017.06.15 15:21:47.232,8.74751,8.74853,1.00,1.00
2017.06.15 15:21:47.564,8.74751,8.74848,1.00,1.00
2017.06.15 15:21:47.911,8.74747,8.74848,1.00,1.00
2017.06.15 15:21:48.029,8.74747,8.74845,1.00,1.00
2017.06.15 15:21:48.358,8.74747,8.74852,1.00,1.00
2017.06.15 15:21:48.622,8.74747,8.74854,1.00,1.00
2017.06.15 15:21:48.908,8.74747,8.74847,1.00,1.00
2017.06.15 15:21:49.247,8.74747,8.74836,1.00,1.00
2017.06.15 15:21:49.578,8.74747,8.7484,1.00,1.00
2017.06.15 15:21:49.629,8.74751,8.7484,1.00,1.00
2017.06.15 15:21:49.789,8.74751,8.74842,1.00,1.00
2017.06.15 15:21:50.119,8.74751,8.74847,1.00,1.00
2017.06.15 15:21:50.449,8.74751,8.74844,1.00,1.00
2017.06.15 15:21:50.579,8.74735,8.74844,1.00,1.00
2017.06.15 15:21:50.681,8.74735,8.7485,1.00,1.00
2017.06.15 15:21:51.046,8.74735,8.74844,1.00,1.00
2017.06.15 15:21:51.580,8.74732,8.74841,1.00,1.00
2017.06.15 15:21:51.948,8.74732,8.74826,1.00,1.00
2017.06.15 15:21:52.208,8.74732,8.74841,1.00,1.00
2017.06.15 15:21:52.581,8.74732,8.7483,1.00,1.00
2017.06.15 15:21:52.632,8.74729,8.7483,1.00,1.00
2017.06.15 15:21:52.794,8.74729,8.74826,1.00,1.00
2017.06.15 15:21:53.314,8.74729,8.74825,1.00,1.00
2017.06.15 15:21:53.372,8.74723,8.74825,1.00,1.00
2017.06.15 15:21:53.423,8.74723,8.74823,1.00,1.00
2017.06.15 15:21:53.678,8.74705,8.74823,1.00,1.00
2017.06.15 15:21:53.780,8.74705,8.74821,1.00,1.00
2017.06.15 15:21:54.086,8.74705,8.74814,1.00,1.00
2017.06.15 15:21:54.434,8.74705,8.74809,1.00,1.00
2017.06.15 15:21:54.687,8.74683,8.74801,1.00,1.00
2017.06.15 15:21:54.955,8.74695,8.74779,1.00,1.00
2017.06.15 15:21:55.261,8.74695,8.7477,1.00,1.00
2017.06.15 15:21:55.613,8.74695,8.74763,1.00,1.00
2017.06.15 15:21:55.678,8.74676,8.74763,1.00,1.00
2017.06.15 15:21:55.730,8.74676,8.74761,1.00,1.00
2017.06.15 15:21:56.681,8.74677,8.74761,1.00,1.00
2017.06.15 15:21:58.128,8.74677,8.7476,1.00,1.00
2017.06.15 15:21:58.940,8.74673,8.7476,1.00,1.00
2017.06.15 15:21:59.934,8.74677,8.7476,1.00,1.00
2017.06.15 15:22:00.170,8.74672,8.7476,1.00,1.00
2017.06.15 15:22:00.272,8.74672,8.74769,1.00,1.00
2017.06.15 15:22:00.750,8.74664,8.74769,1.00,1.00
2017.06.15 15:22:00.801,8.74664,8.74761,1.00,1.00
2017.06.15 15:22:01.211,8.74664,8.74742,1.00,1.00
2017.06.15 15:22:01.559,8.74664,8.74725,1.00,1.00
2017.06.15 15:22:01.708,8.74654,8.74725,1.00,1.00
2017.06.15 15:22:01.888,8.74654,8.74741,1.00,1.00
2017.06.15 15:22:02.548,8.74654,8.74744,1.00,1.00
2017.06.15 15:22:02.711,8.74657,8.74744,1.00,1.00
2017.06.15 15:22:02.878,8.74657,8.74746,1.00,1.00
2017.06.15 15:22:03.098,8.74657,8.74756,1.00,1.00
2017.06.15 15:22:03.412,8.74668,8.74756,1.00,1.00
2017.06.15 15:22:03.514,8.74659,8.74757,1.00,1.00
2017.06.15 15:22:03.565,8.74659,8.74776,1.00,1.00
2017.06.15 15:22:03.870,8.74659,8.74784,1.00,1.00
2017.06.15 15:22:04.346,8.7465,8.74785,1.00,1.50
2017.06.15 15:22:04.552,8.7465,8.74782,1.00,1.00
2017.06.15 15:22:04.795,8.7465,8.74785,1.00,1.00
2017.06.15 15:22:04.846,8.74637,8.74773,1.00,1.00
2017.06.15 15:22:05.071,8.74627,8.74752,1.45,1.00
2017.06.15 15:22:05.630,8.74627,8.74759,1.45,1.00
2017.06.15 15:22:05.851,8.74663,8.74759,1.00,1.00
2017.06.15 15:22:05.902,8.74663,8.7478,1.00,1.00
2017.06.15 15:22:06.008,8.74658,8.74776,1.00,1.00
2017.06.15 15:22:06.115,8.74658,8.74773,1.00,1.00
2017.06.15 15:22:06.449,8.74658,8.74763,1.00,1.00
2017.06.15 15:22:06.772,8.74665,8.74751,1.00,1.00
2017.06.15 15:22:06.951,8.74665,8.74754,1.00,1.00
2017.06.15 15:22:07.279,8.74665,8.74752,1.00,1.00
2017.06.15 15:22:07.609,8.74665,8.74749,1.00,1.00
2017.06.15 15:22:07.721,8.74661,8.74749,1.00,1.00
2017.06.15 15:22:08.380,8.74661,8.74747,1.00,1.00
2017.06.15 15:22:08.741,8.74661,8.74749,1.00,1.00
2017.06.15 15:22:08.888,8.74657,8.74749,1.00,1.00
2017.06.15 15:22:08.940,8.74657,8.74743,1.00,1.00
2017.06.15 15:22:09.258,8.74657,8.74745,1.00,1.00
2017.06.15 15:22:09.589,8.74657,8.74751,1.00,1.00
2017.06.15 15:22:09.918,8.74657,8.74749,1.00,1.00
2017.06.15 15:22:10.469,8.74657,8.7475,1.00,1.00
2017.06.15 15:22:10.771,8.74675,8.7475,1.00,1.00
2017.06.15 15:22:10.822,8.74676,8.74761,1.00,1.00
2017.06.15 15:22:10.924,8.74683,8.74781,1.00,1.00
2017.06.15 15:22:10.976,8.7469,8.74781,1.00,1.00
2017.06.15 15:22:11.129,8.7469,8.74807,1.00,1.00
2017.06.15 15:22:11.231,8.74714,8.7481,1.00,1.00
2017.06.15 15:22:11.578,8.74714,8.74821,1.00,1.00
2017.06.15 15:22:11.680,8.74714,8.74824,1.00,1.00
2017.06.15 15:22:11.833,8.747,8.74818,1.00,1.00
2017.06.15 15:22:12.361,8.747,8.74817,1.00,1.00
2017.06.15 15:22:12.870,8.747,8.74818,1.00,1.00
2017.06.15 15:22:13.239,8.747,8.74816,1.00,1.00
2017.06.15 15:22:13.665,8.74706,8.74816,1.00,1.00
2017.06.15 15:22:13.871,8.747,8.74813,1.00,1.00
2017.06.15 15:22:14.101,8.74715,8.74813,1.00,1.00
2017.06.15 15:22:14.152,8.74715,8.74831,1.00,1.00
2017.06.15 15:22:14.371,8.74715,8.74822,1.00,1.00
2017.06.15 15:22:14.910,8.74715,8.7482,1.00,1.00
2017.06.15 15:22:15.153,8.74709,8.74818,1.00,1.00
2017.06.15 15:22:15.335,8.74724,8.74811,1.00,1.00
2017.06.15 15:22:15.487,8.74724,8.74831,1.00,1.00
2017.06.15 15:22:15.661,8.74724,8.74812,1.00,1.00
2017.06.15 15:22:15.997,8.74724,8.74818,1.00,1.00
2017.06.15 15:22:16.320,8.74724,8.74816,1.00,1.00
2017.06.15 15:22:16.371,8.74721,8.74816,1.00,1.00
2017.06.15 15:22:16.649,8.74721,8.74825,1.00,1.00
2017.06.15 15:22:16.869,8.74721,8.74832,1.00,1.00
2017.06.15 15:22:17.198,8.74721,8.74825,1.00,1.00
2017.06.15 15:22:17.331,8.74719,8.74825,1.00,1.00
2017.06.15 15:22:17.539,8.74719,8.74827,1.00,1.00
2017.06.15 15:22:17.708,8.74692,8.74808,1.00,1.00
2017.06.15 15:22:17.759,8.74692,8.74806,1.00,1.00
2017.06.15 15:22:18.094,8.74692,8.74785,1.00,1.00
2017.06.15 15:22:18.196,8.74692,8.74794,1.00,1.00
2017.06.15 15:22:18.563,8.74692,8.74788,1.00,1.00
2017.06.15 15:22:18.710,8.74689,8.74788,1.00,1.00
2017.06.15 15:22:18.761,8.74694,8.74789,1.00,1.00
2017.06.15 15:22:19.080,8.74717,8.74811,1.00,1.00
2017.06.15 15:22:19.384,8.74717,8.74806,1.00,1.00
2017.06.15 15:22:19.795,8.74712,8.74805,1.00,1.00
2017.06.15 15:22:20.320,8.74717,8.74806,1.00,1.00
2017.06.15 15:22:20.634,8.74727,8.74816,1.00,1.00
2017.06.15 15:22:20.964,8.74702,8.74799,1.00,1.00
2017.06.15 15:22:21.272,8.74702,8.74797,1.00,1.00
2017.06.15 15:22:21.424,8.74693,8.74797,1.00,1.00
2017.06.15 15:22:21.740,8.74693,8.74789,1.00,1.00
2017.06.15 15:22:22.052,8.74703,8.74801,1.00,1.00
2017.06.15 15:22:22.369,8.74703,8.74798,1.00,1.00
2017.06.15 15:22:22.790,8.74681,8.74797,1.00,1.50
2017.06.15 15:22:23.044,8.74681,8.74786,1.00,1.00
2017.06.15 15:22:23.410,8.74692,8.74787,1.00,1.00
2017.06.15 15:22:23.512,8.74692,8.74809,1.00,1.00
2017.06.15 15:22:23.823,8.74699,8.74803,1.00,1.00
2017.06.15 15:22:24.133,8.74709,8.74813,1.00,1.00
2017.06.15 15:22:24.759,8.74709,8.74811,1.00,1.00
2017.06.15 15:22:24.913,8.74701,8.74812,1.00,1.00
2017.06.15 15:22:25.014,8.74701,8.74801,1.00,1.00
2017.06.15 15:22:25.350,8.74701,8.7481,1.00,1.00
2017.06.15 15:22:25.561,8.74701,8.74812,1.00,1.00
2017.06.15 15:22:25.938,8.74696,8.74813,1.00,1.50
2017.06.15 15:22:26.907,8.74697,8.74814,1.00,1.00
2017.06.15 15:22:27.885,8.74682,8.74796,1.00,1.00
2017.06.15 15:22:28.089,8.74672,8.74788,1.00,1.00
2017.06.15 15:22:28.140,8.74684,8.74795,1.00,1.00
2017.06.15 15:22:28.444,8.74696,8.748,1.00,1.00
2017.06.15 15:22:28.768,8.74696,8.74796,1.00,1.00
2017.06.15 15:22:28.973,8.74696,8.74806,1.00,1.00
2017.06.15 15:22:29.076,8.74705,8.74806,1.00,1.00
2017.06.15 15:22:29.299,8.74705,8.74812,1.00,1.00
2017.06.15 15:22:29.695,8.74705,8.74817,1.00,1.00
2017.06.15 15:22:29.848,8.74705,8.74814,1.00,1.00
2017.06.15 15:22:30.490,8.74704,8.74815,1.00,1.00
2017.06.15 15:22:30.949,8.74704,8.74818,1.00,1.00
2017.06.15 15:22:31.498,8.74704,8.7482,1.00,1.50
2017.06.15 15:22:31.682,8.74721,8.7482,1.00,1.00
2017.06.15 15:22:31.734,8.74721,8.74828,1.00,1.00
2017.06.15 15:22:32.190,8.74721,8.74823,1.00,1.00
2017.06.15 15:22:32.429,8.74708,8.74825,1.00,1.00
2017.06.15 15:22:32.709,8.74708,8.7482,1.00,1.00
2017.06.15 15:22:32.937,8.74708,8.74825,1.00,1.50
2017.06.15 15:22:33.031,8.74702,8.74819,1.00,1.00
2017.06.15 15:22:34.019,8.74713,8.74822,1.00,1.00
2017.06.15 15:22:34.171,8.74701,8.74818,1.00,1.00
2017.06.15 15:22:34.273,8.74701,8.74807,1.00,1.00
2017.06.15 15:22:34.628,8.74701,8.74816,1.00,1.00
2017.06.15 15:22:34.956,8.74701,8.74803,1.00,1.00
2017.06.15 15:22:35.157,8.74697,8.74803,1.00,1.00
2017.06.15 15:22:35.208,8.74704,8.74803,1.00,1.00
2017.06.15 15:22:35.361,8.74719,8.74836,1.00,1.50
2017.06.15 15:22:35.602,8.74719,8.74834,1.00,1.00
2017.06.15 15:22:35.947,8.74719,8.74831,1.00,1.00
2017.06.15 15:22:36.505,8.74719,8.74825,1.00,1.00
2017.06.15 15:22:36.826,8.74715,8.74826,1.00,1.00
2017.06.15 15:22:37.117,8.74715,8.74818,1.00,1.00
2017.06.15 15:22:37.439,8.74715,8.74816,1.00,1.00
2017.06.15 15:22:37.843,8.74719,8.74816,1.00,1.00
2017.06.15 15:22:38.116,8.74708,8.74816,1.00,1.00
2017.06.15 15:22:38.318,8.74708,8.7482,1.00,1.00
2017.06.15 15:22:39.020,8.74708,8.74817,1.00,1.00
2017.06.15 15:22:39.138,8.74702,8.74817,1.00,1.00
2017.06.15 15:22:39.452,8.74702,8.74814,1.00,1.00
2017.06.15 15:22:39.528,8.74702,8.74817,1.00,1.00
2017.06.15 15:22:39.858,8.74702,8.7481,1.00,1.00
2017.06.15 15:22:40.152,8.74676,8.74793,1.00,1.00
2017.06.15 15:22:40.203,8.74688,8.74805,1.00,1.00
2017.06.15 15:22:40.509,8.74699,8.7481,1.00,1.00
2017.06.15 15:22:41.184,8.74705,8.7481,1.00,1.00
2017.06.15 15:22:42.082,8.74705,8.74787,1.00,1.00
2017.06.15 15:22:42.183,8.74705,8.74813,1.00,1.00
2017.06.15 15:22:42.234,8.74708,8.74813,1.00,1.00
2017.06.15 15:22:42.285,8.74708,8.74817,1.00,1.00
2017.06.15 15:22:42.607,8.74708,8.74819,1.00,1.00
2017.06.15 15:22:43.158,8.74708,8.7482,1.00,1.00
2017.06.15 15:22:43.554,8.74708,8.74822,1.00,1.00
2017.06.15 15:22:43.605,8.74701,8.74815,1.00,1.00
2017.06.15 15:22:44.556,8.74704,8.74816,1.00,1.00
2017.06.15 15:22:45.079,8.74704,8.74817,1.00,1.00
2017.06.15 15:22:45.608,8.74703,8.74818,1.00,1.00
2017.06.15 15:22:46.199,8.74703,8.74817,1.00,1.00
2017.06.15 15:22:46.516,8.7471,8.74811,1.00,1.00
2017.06.15 15:22:46.713,8.747,8.74811,1.00,1.00
2017.06.15 15:22:46.788,8.747,8.74804,1.00,1.00
2017.06.15 15:22:47.448,8.747,8.7481,1.00,1.00
2017.06.15 15:22:47.682,8.74704,8.7481,1.00,1.00
2017.06.15 15:22:47.997,8.74704,8.74812,1.00,1.00
2017.06.15 15:22:48.342,8.74685,8.74801,1.00,1.00
2017.06.15 15:22:48.444,8.74685,8.74787,1.00,1.00
2017.06.15 15:22:48.658,8.74685,8.74796,1.00,1.00
2017.06.15 15:22:48.709,8.74676,8.74793,1.00,1.00
2017.06.15 15:22:49.369,8.74691,8.74793,1.00,1.00
2017.06.15 15:22:49.685,8.74691,8.74796,1.00,1.00
2017.06.15 15:22:49.868,8.74691,8.74793,1.00,1.00
2017.06.15 15:22:50.394,8.74691,8.74794,1.00,1.00
2017.06.15 15:22:50.712,8.74703,8.74791,1.00,1.00
2017.06.15 15:22:50.871,8.74703,8.74817,1.00,1.00
2017.06.15 15:22:51.423,8.74703,8.74805,1.00,1.00
2017.06.15 15:22:51.772,8.74703,8.74811,1.00,1.00
2017.06.15 15:22:52.398,8.74703,8.74816,1.00,1.00
2017.06.15 15:22:52.618,8.74703,8.74819,1.00,1.00
2017.06.15 15:22:53.205,8.74703,8.7482,1.00,1.50
2017.06.15 15:22:54.208,8.747,8.74817,1.00,1.00
2017.06.15 15:22:55.118,8.74701,8.74818,1.00,1.00
2017.06.15 15:22:55.477,8.74707,8.74823,1.00,1.00
2017.06.15 15:22:56.534,8.74703,8.7482,1.00,1.00
2017.06.15 15:22:57.349,8.74703,8.74819,1.00,1.00
2017.06.15 15:22:57.543,8.74708,8.74819,1.00,1.00
2017.06.15 15:22:58.008,8.74708,8.74823,1.00,1.00
2017.06.15 15:22:58.655,8.74708,8.74825,1.00,1.00
2017.06.15 15:22:59.900,8.74704,8.7482,1.00,1.00
2017.06.15 15:23:00.232,8.74683,8.74798,1.00,1.00
2017.06.15 15:23:01.103,8.74678,8.74795,1.00,1.00
2017.06.15 15:23:02.057,8.74692,8.748,1.00,1.00
2017.06.15 15:23:02.213,8.74707,8.74824,1.00,1.50
2017.06.15 15:23:02.518,8.74707,8.74814,1.00,1.00
2017.06.15 15:23:02.848,8.74707,8.74821,1.00,1.00
2017.06.15 15:23:03.103,8.74704,8.74821,1.00,1.50
2017.06.15 15:23:03.273,8.74704,8.74815,1.00,1.00
2017.06.15 15:23:03.600,8.7471,8.74818,1.00,1.00
2017.06.15 15:23:03.728,8.7471,8.74827,1.00,1.00
2017.06.15 15:23:04.190,8.74713,8.74829,1.00,1.00
2017.06.15 15:23:04.721,8.74713,8.74828,1.00,1.00
2017.06.15 15:23:05.192,8.74709,8.7482,1.00,1.00
2017.06.15 15:23:05.277,8.74709,8.74824,1.00,1.00
2017.06.15 15:23:05.884,8.747,8.74817,1.00,1.00
2017.06.15 15:23:06.231,8.7471,8.74825,1.00,1.00
2017.06.15 15:23:06.282,8.7471,8.74827,1.00,1.50
2017.06.15 15:23:10.024,8.7471,8.74826,1.00,1.00
2017.06.15 15:23:11.565,8.74708,8.74825,1.00,1.00
2017.06.15 15:23:11.795,8.74699,8.74816,1.00,1.00
2017.06.15 15:23:12.210,8.7471,8.74826,1.00,1.00
2017.06.15 15:23:15.668,8.7471,8.74817,1.00,1.00
2017.06.15 15:23:16.034,8.74718,8.74817,1.00,1.00
2017.06.15 15:23:16.085,8.74718,8.74828,1.00,1.00
2017.06.15 15:23:16.187,8.74718,8.74836,1.00,1.00
2017.06.15 15:23:17.099,8.74713,8.74836,1.00,1.00
2017.06.15 15:23:19.397,8.74713,8.74832,1.00,1.00
2017.06.15 15:23:19.706,8.74713,8.74829,1.00,1.00
2017.06.15 15:23:20.018,8.74713,8.74831,1.00,1.00
2017.06.15 15:23:20.897,8.74713,8.74833,1.00,1.00
2017.06.15 15:23:21.089,8.74708,8.74831,1.00,1.00
2017.06.15 15:23:21.140,8.74704,8.74825,1.00,1.00
2017.06.15 15:23:21.527,8.74704,8.74811,1.00,1.00
2017.06.15 15:23:21.586,8.74693,8.74811,1.00,1.00
2017.06.15 15:23:21.970,8.74709,8.74812,1.00,1.00
2017.06.15 15:23:22.021,8.74709,8.74816,1.00,1.00
2017.06.15 15:23:22.341,8.74709,8.74822,1.00,1.00
2017.06.15 15:23:22.684,8.74709,8.74824,1.00,1.00
2017.06.15 15:23:22.979,8.74706,8.74824,1.00,1.00
2017.06.15 15:23:23.207,8.74706,8.74829,1.00,1.50
2017.06.15 15:23:23.869,8.74706,8.74826,1.00,1.00
2017.06.15 15:23:24.213,8.7471,8.74828,1.00,1.00
2017.06.15 15:23:24.744,8.7471,8.74829,1.00,1.00
2017.06.15 15:23:25.336,8.74711,8.74826,1.00,1.00
2017.06.15 15:23:26.594,8.74712,8.74826,1.00,1.00
2017.06.15 15:23:27.387,8.74712,8.74828,1.00,1.00
2017.06.15 15:23:27.595,8.7471,8.74825,1.00,1.00
2017.06.15 15:23:27.937,8.7471,8.7482,1.00,1.00
2017.06.15 15:23:28.178,8.74703,8.7482,1.00,1.00
2017.06.15 15:23:28.631,8.74713,8.74824,1.00,1.00
2017.06.15 15:23:28.783,8.74698,8.74816,1.00,1.00
2017.06.15 15:23:29.583,8.74705,8.74822,1.00,1.00
2017.06.15 15:23:31.950,8.747,8.74817,1.00,1.00
2017.06.15 15:23:32.911,8.74703,8.7482,1.00,1.00
2017.06.15 15:23:33.237,8.74672,8.74789,1.00,1.00
2017.06.15 15:23:35.078,8.74668,8.74785,1.00,1.00
2017.06.15 15:23:37.333,8.74673,8.7479,1.00,1.00
2017.06.15 15:23:38.329,8.74677,8.74794,1.00,1.50
2017.06.15 15:23:38.809,8.74705,8.74795,1.00,1.00
2017.06.15 15:23:38.860,8.74705,8.74812,1.00,1.00
2017.06.15 15:23:39.186,8.74705,8.7481,1.00,1.00
2017.06.15 15:23:39.599,8.74705,8.74812,1.00,1.00
2017.06.15 15:23:39.928,8.74705,8.74814,1.00,1.00
2017.06.15 15:23:40.258,8.74705,8.74822,1.00,1.00
2017.06.15 15:23:40.852,8.74705,8.74823,1.00,1.00
2017.06.15 15:23:43.964,8.74695,8.74812,1.00,1.00
2017.06.15 15:23:44.269,8.74701,8.74818,1.00,1.00
2017.06.15 15:23:45.009,8.74704,8.7482,1.00,1.00
2017.06.15 15:23:45.350,8.74699,8.74814,1.00,1.00
2017.06.15 15:23:45.758,8.74706,8.74819,1.00,1.00
2017.06.15 15:23:46.308,8.74706,8.7482,1.00,1.00
2017.06.15 15:23:46.968,8.74706,8.74819,1.00,1.00
2017.06.15 15:23:47.355,8.74706,8.74822,1.00,1.00
2017.06.15 15:23:47.957,8.74706,8.74823,1.00,1.50
2017.06.15 15:23:50.690,8.74702,8.74817,1.00,1.00
2017.06.15 15:23:51.001,8.74706,8.74823,1.00,1.00
2017.06.15 15:23:51.715,8.74706,8.74821,1.00,1.00
2017.06.15 15:23:52.045,8.747,8.74815,1.00,1.00
2017.06.15 15:23:52.096,8.74706,8.74823,1.00,1.00
2017.06.15 15:23:52.736,8.74701,8.74818,1.00,1.00
2017.06.15 15:23:53.738,8.74705,8.74823,1.00,1.00
2017.06.15 15:23:54.448,8.74705,8.74821,1.00,1.00
2017.06.15 15:23:54.779,8.74705,8.74823,1.00,1.00
2017.06.15 15:23:56.099,8.74705,8.74822,1.00,1.00
2017.06.15 15:23:56.429,8.74705,8.7482,1.00,1.00
2017.06.15 15:23:56.869,8.74705,8.74817,1.00,1.00
2017.06.15 15:23:57.198,8.74705,8.74821,1.00,1.00
2017.06.15 15:23:57.749,8.74705,8.74823,1.00,1.50
2017.06.15 15:24:00.277,8.74705,8.74817,1.00,1.00
2017.06.15 15:24:00.609,8.74705,8.74801,1.00,1.00
2017.06.15 15:24:00.938,8.74705,8.74804,1.00,1.00
2017.06.15 15:24:01.293,8.74705,8.74802,1.00,1.00
2017.06.15 15:24:01.607,8.74705,8.74799,1.00,1.00
2017.06.15 15:24:01.826,8.74705,8.74801,1.00,1.00
2017.06.15 15:24:02.147,8.74705,8.74803,1.00,1.00
2017.06.15 15:24:02.366,8.74699,8.74803,1.00,1.00
2017.06.15 15:24:02.724,8.74699,8.74801,1.00,1.00
2017.06.15 15:24:03.367,8.74703,8.74801,1.00,1.00
2017.06.15 15:24:03.954,8.74703,8.748,1.00,1.00
2017.06.15 15:24:04.019,8.74703,8.74803,1.00,1.00
2017.06.15 15:24:04.398,8.747,8.74803,1.00,1.00
2017.06.15 15:24:04.677,8.747,8.74805,1.00,1.00
2017.06.15 15:24:05.007,8.747,8.74802,1.00,1.00
2017.06.15 15:24:05.229,8.747,8.74804,1.00,1.00
2017.06.15 15:24:05.747,8.747,8.74805,1.00,1.00
2017.06.15 15:24:07.321,8.747,8.74804,1.00,1.00
2017.06.15 15:24:07.574,8.747,8.748,1.00,1.00
2017.06.15 15:24:08.197,8.747,8.74799,1.00,1.00
2017.06.15 15:24:08.445,8.74687,8.74793,1.00,1.00
2017.06.15 15:24:09.077,8.74687,8.74787,1.00,1.00
2017.06.15 15:24:09.427,8.74692,8.74787,1.00,1.00
2017.06.15 15:24:09.897,8.747,8.74786,1.00,1.00
2017.06.15 15:24:10.177,8.74711,8.74803,1.00,1.00
2017.06.15 15:24:10.744,8.74711,8.74802,1.00,1.00
2017.06.15 15:24:10.882,8.74711,8.74796,1.00,1.00
2017.06.15 15:24:11.116,8.74701,8.74796,1.00,1.00
2017.06.15 15:24:11.423,8.74701,8.74789,1.00,1.00
2017.06.15 15:24:11.742,8.74701,8.74791,1.00,1.00
2017.06.15 15:24:12.267,8.747,8.74796,1.00,1.00
2017.06.15 15:24:12.981,8.747,8.74795,1.00,1.00
2017.06.15 15:24:13.114,8.74686,8.74767,1.00,1.00
2017.06.15 15:24:13.601,8.74686,8.74778,1.00,1.00
2017.06.15 15:24:13.942,8.74695,8.74784,1.00,1.00
2017.06.15 15:24:14.314,8.74695,8.74791,1.00,1.00
2017.06.15 15:24:14.545,8.74695,8.74787,1.00,1.00
2017.06.15 15:24:14.878,8.74695,8.74784,1.00,1.00
2017.06.15 15:24:15.208,8.7469,8.74785,1.00,1.00
2017.06.15 15:24:15.787,8.7469,8.74784,1.00,1.00
2017.06.15 15:24:15.975,8.74684,8.74784,1.00,1.00
2017.06.15 15:24:16.117,8.74684,8.74781,1.00,1.00
2017.06.15 15:24:16.667,8.74684,8.74784,1.00,1.00
2017.06.15 15:24:16.969,8.7468,8.74784,1.00,1.00
2017.06.15 15:24:17.131,8.7468,8.74788,1.00,1.00
2017.06.15 15:24:17.547,8.7468,8.74791,1.00,1.00
2017.06.15 15:24:17.978,8.74688,8.74792,1.00,1.00
2017.06.15 15:24:18.220,8.74688,8.74798,1.00,1.00
2017.06.15 15:24:18.601,8.74715,8.74797,1.00,1.00
2017.06.15 15:24:18.652,8.74725,8.74826,1.00,1.00
2017.06.15 15:24:18.907,8.74725,8.74805,1.00,1.00
2017.06.15 15:24:19.009,8.74725,8.74829,1.00,1.00
2017.06.15 15:24:19.060,8.74753,8.74829,1.00,1.00
2017.06.15 15:24:19.371,8.74775,8.74892,1.00,1.00
2017.06.15 15:24:19.574,8.74757,8.74874,1.00,1.00
2017.06.15 15:24:19.879,8.74757,8.74868,1.00,1.00
2017.06.15 15:24:20.293,8.74757,8.74859,1.00,1.00
2017.06.15 15:24:20.628,8.74757,8.74843,1.00,1.00
2017.06.15 15:24:20.994,8.74757,8.74845,1.00,1.00
2017.06.15 15:24:21.272,8.74742,8.74845,1.00,1.00
2017.06.15 15:24:21.323,8.74742,8.74843,1.00,1.00
2017.06.15 15:24:21.700,8.74742,8.74841,1.00,1.00
2017.06.15 15:24:22.169,8.74742,8.74836,1.00,1.00
2017.06.15 15:24:22.372,8.74737,8.74836,1.00,1.00
2017.06.15 15:24:22.424,8.74718,8.74835,1.00,1.00
2017.06.15 15:24:22.526,8.74718,8.74826,1.00,1.00
2017.06.15 15:24:22.832,8.74731,8.74822,1.00,1.00
2017.06.15 15:24:23.087,8.74731,8.74832,1.00,1.00
2017.06.15 15:24:23.433,8.74724,8.74813,1.00,1.00
2017.06.15 15:24:23.928,8.74724,8.74816,1.00,1.00
2017.06.15 15:24:24.259,8.74724,8.74819,1.00,1.00
2017.06.15 15:24:24.571,8.74689,8.74806,1.00,1.00
2017.06.15 15:24:24.622,8.74689,8.74796,1.00,1.00
2017.06.15 15:24:24.934,8.74689,8.74785,1.00,1.00
2017.06.15 15:24:25.225,8.74679,8.74785,1.00,1.00
2017.06.15 15:24:25.601,8.74679,8.74783,1.00,1.00
2017.06.15 15:24:26.128,8.74679,8.74777,1.00,1.00
2017.06.15 15:24:26.235,8.74674,8.74777,1.00,1.00
2017.06.15 15:24:26.473,8.74674,8.74774,1.00,1.00
2017.06.15 15:24:26.787,8.74674,8.74771,1.00,1.00
2017.06.15 15:24:27.337,8.74673,8.7477,1.00,1.00
2017.06.15 15:24:28.108,8.74673,8.74769,1.00,1.00
2017.06.15 15:24:28.236,8.74667,8.74769,1.00,1.00
2017.06.15 15:24:28.287,8.74662,8.74769,1.00,1.00
2017.06.15 15:24:28.439,8.74662,8.74763,1.00,1.00
2017.06.15 15:24:29.100,8.74662,8.74759,1.00,1.00
2017.06.15 15:24:29.535,8.74662,8.74757,1.00,1.00
2017.06.15 15:24:29.648,8.74662,8.74759,1.00,1.00
2017.06.15 15:24:30.028,8.74658,8.7476,1.00,1.00
2017.06.15 15:24:30.540,8.74659,8.74766,1.00,1.00
2017.06.15 15:24:31.187,8.74659,8.74764,1.00,1.00
2017.06.15 15:24:31.867,8.74659,8.74763,1.00,1.00
2017.06.15 15:24:33.079,8.74659,8.74772,1.00,1.00
2017.06.15 15:24:33.408,8.74659,8.74777,1.00,1.00
2017.06.15 15:24:33.737,8.74659,8.7477,1.00,1.00
2017.06.15 15:24:35.583,8.74665,8.7477,1.00,1.00
2017.06.15 15:24:35.635,8.74665,8.74776,1.00,1.00
2017.06.15 15:24:35.939,8.74665,8.74778,1.00,1.00
2017.06.15 15:24:36.818,8.74665,8.74775,1.00,1.00
2017.06.15 15:24:37.208,8.74665,8.74772,1.00,1.00
2017.06.15 15:24:37.697,8.7467,8.7477,1.00,1.00
2017.06.15 15:24:38.028,8.7467,8.74778,1.00,1.00
2017.06.15 15:24:38.379,8.74669,8.7477,1.00,1.00
2017.06.15 15:24:38.687,8.74669,8.74768,1.00,1.00
2017.06.15 15:24:38.908,8.74669,8.7477,1.00,1.00
2017.06.15 15:24:39.330,8.74664,8.74769,1.00,1.00
2017.06.15 15:24:39.596,8.74664,8.7478,1.00,1.00
2017.06.15 15:24:39.893,8.74664,8.74772,1.00,1.00
2017.06.15 15:24:40.134,8.74664,8.7478,1.00,1.00
2017.06.15 15:24:40.337,8.74668,8.7478,1.00,1.00
2017.06.15 15:24:40.734,8.74668,8.74772,1.00,1.00
2017.06.15 15:24:41.132,8.74668,8.74767,1.00,1.00
2017.06.15 15:24:41.598,8.74668,8.74765,1.00,1.00
2017.06.15 15:24:41.989,8.74668,8.74769,1.00,1.00
2017.06.15 15:24:42.537,8.74668,8.74767,1.00,1.00
2017.06.15 15:24:43.243,8.74668,8.74765,1.00,1.00
2017.06.15 15:24:44.278,8.74668,8.74766,1.00,1.00
2017.06.15 15:24:44.737,8.74668,8.74762,1.00,1.00
2017.06.15 15:24:45.067,8.74668,8.74765,1.00,1.00
2017.06.15 15:24:45.318,8.74668,8.74763,1.00,1.00
2017.06.15 15:24:46.104,8.74668,8.74764,1.00,1.00
2017.06.15 15:24:46.313,8.74668,8.74767,1.00,1.00
2017.06.15 15:24:46.927,8.74668,8.74768,1.00,1.00
2017.06.15 15:24:47.436,8.74669,8.74767,1.00,1.00
2017.06.15 15:24:47.657,8.74663,8.74767,1.00,1.00
2017.06.15 15:24:47.708,8.74663,8.74791,1.00,1.00
2017.06.15 15:24:47.818,8.74663,8.74772,1.00,1.00
2017.06.15 15:24:48.137,8.74663,8.74764,1.00,1.00
2017.06.15 15:24:48.391,8.74663,8.74767,1.00,1.00
2017.06.15 15:24:48.649,8.74667,8.74767,1.00,1.00
2017.06.15 15:24:48.953,8.74667,8.74763,1.00,1.00
2017.06.15 15:24:49.056,8.74667,8.74772,1.00,1.00
2017.06.15 15:24:49.247,8.74667,8.74765,1.00,1.00
2017.06.15 15:24:49.593,8.74659,8.74776,1.00,1.00
2017.06.15 15:24:49.788,8.74668,8.74776,1.00,1.00
2017.06.15 15:24:50.457,8.74668,8.74769,1.00,1.00
2017.06.15 15:24:50.747,8.74664,8.74769,1.00,1.00
2017.06.15 15:24:51.118,8.74664,8.74775,1.00,1.00
2017.06.15 15:24:51.449,8.74664,8.74769,1.00,1.00
2017.06.15 15:24:51.698,8.74664,8.74771,1.00,1.00
2017.06.15 15:24:51.749,8.74669,8.74771,1.00,1.00
2017.06.15 15:24:51.941,8.74661,8.74771,1.00,1.00
2017.06.15 15:24:51.999,8.74661,8.74769,1.00,1.00
2017.06.15 15:24:52.507,8.74661,8.7477,1.00,1.00
2017.06.15 15:24:52.558,8.74661,8.74783,1.00,1.00
2017.06.15 15:24:52.770,8.74668,8.74783,1.00,1.00
2017.06.15 15:24:53.207,8.74668,8.74774,1.00,1.00
2017.06.15 15:24:53.566,8.74668,8.74771,1.00,1.00
2017.06.15 15:24:53.801,8.74672,8.74778,1.00,1.00
2017.06.15 15:24:54.133,8.74672,8.74776,1.00,1.00
2017.06.15 15:24:54.184,8.74665,8.74776,1.00,1.00
2017.06.15 15:24:54.437,8.74665,8.74778,1.00,1.00
2017.06.15 15:24:54.960,8.74665,8.74777,1.00,1.00
2017.06.15 15:24:55.012,8.74665,8.74783,1.00,1.00
2017.06.15 15:24:55.063,8.74672,8.74783,1.00,1.00
2017.06.15 15:24:55.368,8.74672,8.7478,1.00,1.00
2017.06.15 15:24:55.848,8.74672,8.74778,1.00,1.00
2017.06.15 15:24:56.775,8.74675,8.74777,1.00,1.00
2017.06.15 15:24:57.387,8.74675,8.74776,1.00,1.00
2017.06.15 15:24:58.047,8.74675,8.74777,1.00,1.00
2017.06.15 15:24:58.149,8.74667,8.74777,1.00,1.00
2017.06.15 15:24:58.344,8.74673,8.74775,1.00,1.00
2017.06.15 15:24:58.905,8.74673,8.74774,1.00,1.00
2017.06.15 15:24:59.696,8.74673,8.74775,1.00,1.00
2017.06.15 15:24:59.919,8.74673,8.74793,1.00,1.00
2017.06.15 15:25:00.148,8.74685,8.74793,1.00,1.00
2017.06.15 15:25:00.453,8.74704,8.74806,1.00,1.00
2017.06.15 15:25:00.601,8.74704,8.74821,1.00,1.00
2017.06.15 15:25:01.157,8.74698,8.74815,1.00,1.00
2017.06.15 15:25:01.469,8.74705,8.74812,1.00,1.00
2017.06.15 15:25:01.789,8.74705,8.74819,1.00,1.00
2017.06.15 15:25:02.019,8.74718,8.74835,1.00,1.00
2017.06.15 15:25:02.422,8.74718,8.74833,1.00,1.00
2017.06.15 15:25:02.745,8.74718,8.74829,1.00,1.00
2017.06.15 15:25:03.126,8.74723,8.74821,1.00,1.00
2017.06.15 15:25:03.549,8.74723,8.74819,1.00,1.00
2017.06.15 15:25:03.877,8.74723,8.74822,1.00,1.00
2017.06.15 15:25:04.471,8.74717,8.74822,1.00,1.00
2017.06.15 15:25:05.309,8.74717,8.74819,1.00,1.00
2017.06.15 15:25:05.638,8.74717,8.74815,1.00,1.00
2017.06.15 15:25:07.625,8.74717,8.74832,1.00,1.00
2017.06.15 15:25:07.950,8.74717,8.74815,1.00,1.00
2017.06.15 15:25:08.318,8.74717,8.74813,1.00,1.00
2017.06.15 15:25:08.608,8.74717,8.74815,1.00,1.00
2017.06.15 15:25:08.663,8.74704,8.74815,1.00,1.00
2017.06.15 15:25:08.866,8.74704,8.74818,1.00,1.00
2017.06.15 15:25:09.102,8.74716,8.74818,1.00,1.00
2017.06.15 15:25:09.204,8.74716,8.74831,1.00,1.00
2017.06.15 15:25:09.488,8.74716,8.74826,1.00,1.00
2017.06.15 15:25:09.631,8.74709,8.74826,1.00,1.00
2017.06.15 15:25:10.163,8.74709,8.74827,1.00,1.00
2017.06.15 15:25:10.699,8.7471,8.74828,1.00,1.00
2017.06.15 15:25:11.826,8.74711,8.74828,1.00,1.00
2017.06.15 15:25:12.788,8.74711,8.74827,1.00,1.00
2017.06.15 15:25:13.039,8.74716,8.74827,1.00,1.00
2017.06.15 15:25:13.141,8.74716,8.74833,1.00,1.00
2017.06.15 15:25:13.448,8.74716,8.74831,1.00,1.00
2017.06.15 15:25:13.858,8.74716,8.74829,1.00,1.00
2017.06.15 15:25:14.078,8.74711,8.74828,1.00,1.00
2017.06.15 15:25:15.030,8.74712,8.74829,1.00,1.00
2017.06.15 15:25:16.033,8.74713,8.7483,1.00,1.00
2017.06.15 15:25:16.532,8.7468,8.74798,1.00,1.00
2017.06.15 15:25:16.635,8.74682,8.74818,1.00,1.50
2017.06.15 15:25:17.082,8.74682,8.74793,1.00,1.00
2017.06.15 15:25:17.598,8.74685,8.74794,1.00,1.00
2017.06.15 15:25:17.750,8.74685,8.74803,1.00,1.00
2017.06.15 15:25:18.002,8.74685,8.74813,1.00,1.00
2017.06.15 15:25:18.287,8.74685,8.74816,1.00,1.00
2017.06.15 15:25:18.591,8.7468,8.74816,1.00,1.00
2017.06.15 15:25:18.644,8.7468,8.74803,1.00,1.00
2017.06.15 15:25:18.952,8.74718,8.74801,1.00,1.00
2017.06.15 15:25:19.537,8.74718,8.7482,1.00,1.00
2017.06.15 15:25:19.666,8.74686,8.7482,1.00,1.00
2017.06.15 15:25:19.872,8.74686,8.7483,1.00,1.00
2017.06.15 15:25:20.048,8.74686,8.74828,1.00,1.00
2017.06.15 15:25:20.368,8.74722,8.74828,1.00,1.00
2017.06.15 15:25:20.673,8.74747,8.74851,1.00,1.00
2017.06.15 15:25:20.724,8.74747,8.74864,1.00,1.00
2017.06.15 15:25:20.826,8.7472,8.74862,1.00,1.00
2017.06.15 15:25:21.782,8.74724,8.74867,1.00,1.00
2017.06.15 15:25:21.918,8.74724,8.74864,1.00,1.00
2017.06.15 15:25:22.287,8.74714,8.74857,1.00,1.00
2017.06.15 15:25:22.538,8.74703,8.74846,1.00,1.00
2017.06.15 15:25:22.843,8.74694,8.74833,1.00,1.00
2017.06.15 15:25:22.951,8.74691,8.74833,1.00,1.00
2017.06.15 15:25:23.550,8.74691,8.74834,1.00,1.00
2017.06.15 15:25:23.601,8.74701,8.74844,1.00,1.00
2017.06.15 15:25:23.907,8.74697,8.74832,1.00,1.00
2017.06.15 15:25:24.826,8.74697,8.7483,1.00,1.00
2017.06.15 15:25:25.138,8.74702,8.74845,1.00,1.00
2017.06.15 15:25:25.828,8.7471,8.74853,1.00,1.00
2017.06.15 15:25:26.336,8.74697,8.74832,1.00,1.00
2017.06.15 15:25:26.700,8.74706,8.74849,1.00,1.00
2017.06.15 15:25:26.751,8.7472,8.74862,1.00,1.00
2017.06.15 15:25:27.094,8.7471,8.74851,1.00,1.00
2017.06.15 15:25:27.554,8.74699,8.74841,1.00,1.00
2017.06.15 15:25:27.908,8.74697,8.74834,1.00,1.00
2017.06.15 15:25:28.350,8.74693,8.74834,1.00,1.00
2017.06.15 15:25:28.552,8.74698,8.74841,1.00,1.00
2017.06.15 15:25:28.806,8.74688,8.7483,1.00,1.00
2017.06.15 15:25:29.800,8.74692,8.74835,1.00,1.00
2017.06.15 15:25:30.359,8.74694,8.74827,1.00,1.00
2017.06.15 15:25:30.759,8.74721,8.74835,1.00,1.00
2017.06.15 15:25:30.862,8.74731,8.74852,1.00,1.00
2017.06.15 15:25:31.166,8.74731,8.74863,1.00,1.00
2017.06.15 15:25:31.420,8.74731,8.7486,1.00,1.00
2017.06.15 15:25:31.708,8.74731,8.74863,1.00,1.00
2017.06.15 15:25:31.860,8.7473,8.7486,1.00,1.00
2017.06.15 15:25:32.013,8.74734,8.74867,1.00,1.00
2017.06.15 15:25:32.064,8.74734,8.74855,1.00,1.00
2017.06.15 15:25:32.383,8.74734,8.74852,1.00,1.00
2017.06.15 15:25:32.608,8.74734,8.74862,1.00,1.00
2017.06.15 15:25:33.017,8.7473,8.74862,1.00,1.00
2017.06.15 15:25:34.040,8.74736,8.74864,1.00,1.00
2017.06.15 15:25:34.091,8.74728,8.74859,1.00,1.00
2017.06.15 15:25:34.639,8.74738,8.74865,1.00,1.00
2017.06.15 15:25:34.690,8.74738,8.7487,1.00,1.00
2017.06.15 15:25:34.891,8.74748,8.74873,1.00,1.00
2017.06.15 15:25:35.044,8.74761,8.74893,1.00,1.50
2017.06.15 15:25:35.919,8.7476,8.74891,1.00,1.00
2017.06.15 15:25:36.343,8.74769,8.749,1.00,1.00
2017.06.15 15:25:36.680,8.74759,8.7489,1.00,1.00
2017.06.15 15:25:37.369,8.74767,8.74896,1.00,1.00
2017.06.15 15:25:37.858,8.74758,8.7489,1.00,1.00
2017.06.15 15:25:38.344,8.74767,8.74893,1.00,1.00
2017.06.15 15:25:38.539,8.74767,8.74898,1.00,1.00
2017.06.15 15:25:39.320,8.74762,8.7489,1.00,1.00
2017.06.15 15:25:39.625,8.74768,8.7489,1.00,1.00
2017.06.15 15:25:39.733,8.74768,8.749,1.00,1.00
2017.06.15 15:25:39.835,8.74758,8.74875,1.00,1.00
2017.06.15 15:25:40.089,8.7471,8.74828,1.00,1.00
2017.06.15 15:25:40.241,8.7469,8.74807,1.00,1.00
2017.06.15 15:25:40.867,8.747,8.74816,1.00,1.00
2017.06.15 15:25:41.278,8.747,8.74813,1.00,1.00
2017.06.15 15:25:41.471,8.7469,8.74807,1.00,1.00
2017.06.15 15:25:41.522,8.7468,8.74798,1.00,1.00
2017.06.15 15:25:41.623,8.7468,8.74793,1.00,1.00
2017.06.15 15:25:41.674,8.74668,8.74785,1.00,1.00
2017.06.15 15:25:41.873,8.74686,8.74789,1.00,1.00
2017.06.15 15:25:42.482,8.74669,8.74787,1.00,1.00
2017.06.15 15:25:42.698,8.74659,8.74777,1.00,1.00
2017.06.15 15:25:43.389,8.74659,8.74769,1.00,1.00
2017.06.15 15:25:43.439,8.74652,8.74768,1.00,1.00
2017.06.15 15:25:44.475,8.74655,8.74773,1.00,1.00
2017.06.15 15:25:45.266,8.74651,8.74766,1.00,1.00
2017.06.15 15:25:45.815,8.74651,8.74748,1.00,1.00
2017.06.15 15:25:46.259,8.74649,8.74748,1.00,1.00
2017.06.15 15:25:46.399,8.74676,8.74748,1.00,1.00
2017.06.15 15:25:46.451,8.74676,8.74786,1.00,1.00
2017.06.15 15:25:46.827,8.74676,8.74766,1.00,1.00
2017.06.15 15:25:47.359,8.74683,8.74767,1.00,1.00
2017.06.15 15:25:47.410,8.74676,8.74767,1.00,1.00
2017.06.15 15:25:47.768,8.74676,8.7477,1.00,1.00
2017.06.15 15:25:48.449,8.74676,8.74773,1.00,1.00
2017.06.15 15:25:48.758,8.74676,8.7477,1.00,1.00
2017.06.15 15:25:48.979,8.74676,8.74773,1.00,1.00
2017.06.15 15:25:49.747,8.74676,8.74768,1.00,1.00
2017.06.15 15:25:50.077,8.74676,8.74772,1.00,1.00
2017.06.15 15:25:50.789,8.74679,8.74772,1.00,1.00
2017.06.15 15:25:51.423,8.74679,8.74773,1.00,1.00
2017.06.15 15:25:52.580,8.7468,8.74772,1.00,1.00
2017.06.15 15:25:55.248,8.7468,8.74786,1.00,1.00
2017.06.15 15:25:56.789,8.74704,8.74786,1.00,1.00
2017.06.15 15:25:56.840,8.74694,8.74786,1.00,1.00
2017.06.15 15:25:57.614,8.74683,8.74786,1.00,1.00
2017.06.15 15:25:57.888,8.74683,8.748,1.00,1.00
2017.06.15 15:25:58.445,8.74683,8.74786,1.00,1.00
2017.06.15 15:25:59.100,8.74683,8.74801,1.00,1.00
2017.06.15 15:25:59.567,8.74685,8.74803,1.00,1.00
2017.06.15 15:25:59.930,8.74679,8.74797,1.00,1.00
2017.06.15 15:26:00.236,8.74646,8.7476,1.00,1.00
2017.06.15 15:26:00.648,8.7466,8.74757,1.00,1.00
2017.06.15 15:26:00.858,8.7466,8.74763,1.00,1.00
2017.06.15 15:26:01.208,8.7466,8.74775,1.00,1.00
2017.06.15 15:26:01.577,8.74652,8.74767,1.00,1.00
2017.06.15 15:26:01.922,8.74656,8.74752,1.00,1.00
2017.06.15 15:26:01.973,8.74656,8.74774,1.00,1.00
2017.06.15 15:26:02.473,8.74642,8.7476,1.00,1.00
2017.06.15 15:26:02.777,8.74633,8.74751,1.00,1.00
2017.06.15 15:26:03.135,8.74633,8.74743,1.00,1.00
2017.06.15 15:26:03.186,8.74659,8.74775,1.00,1.00
2017.06.15 15:26:03.237,8.74644,8.74775,1.00,1.00
2017.06.15 15:26:03.508,8.74644,8.74753,1.00,1.00
2017.06.15 15:26:03.728,8.74644,8.74758,1.00,1.00
2017.06.15 15:26:04.077,8.74644,8.74756,1.00,1.00
2017.06.15 15:26:04.400,8.7465,8.74755,1.00,1.00
2017.06.15 15:26:06.554,8.74654,8.74755,1.00,1.00
2017.06.15 15:26:07.996,8.74682,8.74755,1.00,1.00
2017.06.15 15:26:08.047,8.74678,8.74794,1.00,1.00
2017.06.15 15:26:08.367,8.74678,8.74781,1.00,1.00
2017.06.15 15:26:08.716,8.74678,8.74775,1.00,1.00
2017.06.15 15:26:08.921,8.74678,8.74781,1.00,1.00
2017.06.15 15:26:09.029,8.7468,8.74781,1.00,1.00
2017.06.15 15:26:09.464,8.74685,8.74782,1.00,1.00
2017.06.15 15:26:09.565,8.74685,8.74784,1.00,1.00
2017.06.15 15:26:10.045,8.74688,8.74784,1.00,1.00
2017.06.15 15:26:10.598,8.74688,8.74785,1.00,1.00
2017.06.15 15:26:10.659,8.74688,8.74789,1.00,1.00
2017.06.15 15:26:11.331,8.74689,8.7479,1.00,1.00
2017.06.15 15:26:11.427,8.74689,8.74793,1.00,1.00
2017.06.15 15:26:11.720,8.74689,8.74795,1.00,1.00
2017.06.15 15:26:11.873,8.7471,8.74814,1.00,1.00
2017.06.15 15:26:11.974,8.74699,8.74814,1.00,1.00
2017.06.15 15:26:12.025,8.74699,8.74834,1.00,1.00
2017.06.15 15:26:12.127,8.74684,8.74789,1.00,1.00
2017.06.15 15:26:12.178,8.74669,8.74789,1.00,1.00
2017.06.15 15:26:12.230,8.74654,8.74772,1.00,1.00
2017.06.15 15:26:12.685,8.7465,8.74775,1.00,1.00
2017.06.15 15:26:14.274,8.74625,8.74774,1.45,1.00
2017.06.15 15:26:14.326,8.74631,8.7476,1.45,1.00
2017.06.15 15:26:14.670,8.74631,8.74758,1.45,1.00
2017.06.15 15:26:14.998,8.74631,8.74749,1.45,1.00
2017.06.15 15:26:15.448,8.74629,8.74737,1.45,1.00
2017.06.15 15:26:15.910,8.74629,8.74746,1.45,1.00
2017.06.15 15:26:16.251,8.74634,8.74749,1.20,1.00
2017.06.15 15:26:16.488,8.74634,8.74743,1.20,1.00
2017.06.15 15:26:17.037,8.74634,8.7474,1.20,1.00
2017.06.15 15:26:17.356,8.74729,8.74791,1.00,1.00
2017.06.15 15:26:17.508,8.74751,8.74863,1.00,1.00
2017.06.15 15:26:17.711,8.74751,8.74869,1.00,1.00
2017.06.15 15:26:17.762,8.74777,8.74884,1.00,1.00
2017.06.15 15:26:17.965,8.74798,8.74916,1.00,1.00
2017.06.15 15:26:18.168,8.74761,8.74878,1.00,1.00
2017.06.15 15:26:18.786,8.74752,8.74869,1.00,1.00
2017.06.15 15:26:19.773,8.74749,8.74867,1.00,1.00
2017.06.15 15:26:20.008,8.74755,8.74873,1.00,1.00
2017.06.15 15:26:20.341,8.74744,8.74862,1.00,1.00
2017.06.15 15:26:20.776,8.74732,8.74849,1.00,1.00
2017.06.15 15:26:21.120,8.74696,8.74813,1.00,1.00
2017.06.15 15:26:21.497,8.74706,8.74823,1.00,1.00
2017.06.15 15:26:22.088,8.74701,8.74816,1.00,1.00
2017.06.15 15:26:22.517,8.74713,8.74831,1.00,1.50
2017.06.15 15:26:22.618,8.74723,8.74831,1.00,1.00
2017.06.15 15:26:22.669,8.74723,8.7484,1.00,1.50
2017.06.15 15:26:24.017,8.74713,8.74852,1.00,1.50
2017.06.15 15:26:24.068,8.74774,8.74852,1.00,1.00
2017.06.15 15:26:24.121,8.74765,8.74865,1.00,1.00
2017.06.15 15:26:24.172,8.74765,8.74877,1.00,1.00
2017.06.15 15:26:24.274,8.74746,8.74863,1.00,1.00
2017.06.15 15:26:24.325,8.74743,8.7486,1.00,1.00
2017.06.15 15:26:24.478,8.74723,8.74841,1.00,1.00
2017.06.15 15:26:25.511,8.74727,8.74845,1.00,1.00
2017.06.15 15:26:26.955,8.74724,8.74842,1.00,1.00
2017.06.15 15:26:27.634,8.74735,8.74851,1.00,1.00
2017.06.15 15:26:27.912,8.74727,8.74845,1.00,1.00
2017.06.15 15:26:28.534,8.74717,8.74835,1.00,1.00
2017.06.15 15:26:29.535,8.74722,8.7484,1.00,1.00
2017.06.15 15:26:30.479,8.74728,8.74845,1.00,1.00
2017.06.15 15:26:31.117,8.74728,8.74843,1.00,1.00
2017.06.15 15:26:31.785,8.74728,8.74842,1.00,1.00
2017.06.15 15:26:32.327,8.74728,8.74846,1.00,1.00
2017.06.15 15:26:32.657,8.74728,8.74842,1.00,1.00
2017.06.15 15:26:33.317,8.74728,8.74839,1.00,1.00
2017.06.15 15:26:33.591,8.74771,8.74889,1.00,1.00
2017.06.15 15:26:34.131,8.74771,8.74887,1.00,1.00
2017.06.15 15:26:34.377,8.74762,8.74879,1.00,1.00
2017.06.15 15:26:34.428,8.74762,8.74876,1.00,1.00
2017.06.15 15:26:34.643,8.7474,8.74856,1.00,1.00
2017.06.15 15:26:34.745,8.74727,8.74845,1.00,1.00
2017.06.15 15:26:35.337,8.7474,8.74856,1.00,1.00
2017.06.15 15:26:35.616,8.74753,8.74871,1.00,1.00
2017.06.15 15:26:36.339,8.74759,8.74877,1.00,1.00
2017.06.15 15:26:36.795,8.74754,8.74872,1.00,1.00
2017.06.15 15:26:37.103,8.74745,8.74863,1.00,1.00
2017.06.15 15:26:37.785,8.7475,8.74868,1.00,1.00
2017.06.15 15:26:38.099,8.74796,8.74914,1.00,1.00
2017.06.15 15:26:38.606,8.74763,8.74881,1.00,1.00
2017.06.15 15:26:38.927,8.7478,8.74897,1.00,1.00
2017.06.15 15:26:39.372,8.74764,8.74882,1.00,1.00
2017.06.15 15:26:40.364,8.74759,8.74877,1.00,1.00
2017.06.15 15:26:40.688,8.7475,8.74868,1.00,1.00
2017.06.15 15:26:41.497,8.7473,8.74886,1.00,1.00
2017.06.15 15:26:41.549,8.74798,8.74886,1.00,1.00
2017.06.15 15:26:41.600,8.74792,8.7491,1.00,1.00
2017.06.15 15:26:41.652,8.74774,8.74907,1.00,1.00
2017.06.15 15:26:41.990,8.74755,8.74889,1.00,1.00
2017.06.15 15:26:42.588,8.74762,8.7488,1.00,1.00
2017.06.15 15:26:43.591,8.74763,8.74881,1.00,1.00
2017.06.15 15:26:43.897,8.74771,8.74889,1.00,1.00
2017.06.15 15:26:44.208,8.7476,8.74876,1.00,1.00
2017.06.15 15:26:44.596,8.7475,8.74868,1.00,1.00
2017.06.15 15:26:45.500,8.74756,8.74874,1.00,1.00
2017.06.15 15:26:45.718,8.74715,8.74875,1.82,1.00
2017.06.15 15:26:45.770,8.74772,8.74905,1.00,1.00
2017.06.15 15:26:46.379,8.74772,8.74895,1.00,1.00
2017.06.15 15:26:46.627,8.74772,8.74901,1.00,1.00
2017.06.15 15:26:46.678,8.74744,8.74875,1.00,1.00
2017.06.15 15:26:46.729,8.74741,8.74875,1.00,1.00
2017.06.15 15:26:46.882,8.74724,8.74863,1.00,1.00
2017.06.15 15:26:47.654,8.74731,8.74865,1.00,1.00
2017.06.15 15:26:48.012,8.74739,8.74873,1.00,1.00
2017.06.15 15:26:48.712,8.74733,8.74867,1.00,1.00
2017.06.15 15:26:49.418,8.74747,8.74865,1.00,1.00
2017.06.15 15:26:51.894,8.74754,8.74872,1.00,1.00
2017.06.15 15:26:52.316,8.74743,8.74861,1.00,1.00
2017.06.15 15:26:52.964,8.74749,8.74867,1.00,1.00
2017.06.15 15:26:53.373,8.74745,8.74861,1.00,1.00
2017.06.15 15:26:53.996,8.7475,8.74868,1.00,1.00
2017.06.15 15:26:55.028,8.74748,8.74866,1.00,1.00
2017.06.15 15:26:56.054,8.74747,8.74865,1.00,1.00
2017.06.15 15:26:56.463,8.74736,8.74854,1.00,1.00
2017.06.15 15:26:57.028,8.74751,8.74869,1.00,1.00
2017.06.15 15:26:57.333,8.74746,8.74861,1.00,1.00
2017.06.15 15:26:58.275,8.7475,8.74868,1.00,1.00
2017.06.15 15:26:59.313,8.74751,8.74869,1.00,1.00
2017.06.15 15:26:59.823,8.74745,8.74863,1.00,1.00
2017.06.15 15:27:00.142,8.74772,8.74882,1.00,1.00
2017.06.15 15:27:00.193,8.74764,8.749,1.00,1.50
2017.06.15 15:27:00.244,8.74771,8.74889,1.00,1.00
2017.06.15 15:27:00.962,8.74771,8.74887,1.00,1.00
2017.06.15 15:27:01.165,8.74757,8.74875,1.00,1.00
2017.06.15 15:27:02.387,8.74757,8.7487,1.00,1.00
2017.06.15 15:27:02.717,8.74784,8.74892,1.00,1.00
2017.06.15 15:27:02.870,8.7477,8.74892,1.00,1.00
2017.06.15 15:27:02.971,8.7477,8.7489,1.00,1.00
2017.06.15 15:27:03.313,8.7477,8.74899,1.00,1.00
2017.06.15 15:27:03.927,8.7477,8.74901,1.00,1.00
2017.06.15 15:27:04.146,8.7477,8.74903,1.00,1.50
2017.06.15 15:27:05.440,8.74776,8.74906,1.00,1.00
2017.06.15 15:27:06.347,8.74776,8.74908,1.00,1.00
2017.06.15 15:27:06.424,8.74771,8.74904,1.00,1.00
2017.06.15 15:27:09.314,8.74767,8.749,1.00,1.00
2017.06.15 15:27:10.315,8.74771,8.74903,1.00,1.00
2017.06.15 15:27:10.693,8.74777,8.74903,1.00,1.00
2017.06.15 15:27:10.794,8.74777,8.74909,1.00,1.00
2017.06.15 15:27:10.981,8.74782,8.749,1.00,1.00
2017.06.15 15:27:11.382,8.7479,8.74908,1.00,1.50
2017.06.15 15:27:11.688,8.74813,8.74921,1.00,1.00
2017.06.15 15:27:11.993,8.74813,8.74931,1.00,1.00
2017.06.15 15:27:12.322,8.7482,8.74938,1.00,1.00
2017.06.15 15:27:12.837,8.7482,8.74936,1.00,1.00
2017.06.15 15:27:13.202,8.7482,8.74931,1.00,1.00
2017.06.15 15:27:13.307,8.74815,8.74931,1.00,1.00
2017.06.15 15:27:13.445,8.74815,8.74926,1.00,1.00
2017.06.15 15:27:13.750,8.74825,8.74924,1.00,1.00
2017.06.15 15:27:14.047,8.74825,8.74926,1.00,1.00
2017.06.15 15:27:14.316,8.74825,8.74933,1.00,1.00
2017.06.15 15:27:14.708,8.74825,8.74938,1.00,1.00
2017.06.15 15:27:15.084,8.7483,8.74938,1.00,1.00
2017.06.15 15:27:15.570,8.74824,8.74938,1.00,1.00
2017.06.15 15:27:15.621,8.74799,8.74934,1.00,1.00
2017.06.15 15:27:15.723,8.74799,8.74928,1.00,1.00
2017.06.15 15:27:16.042,8.74799,8.74922,1.00,1.00
2017.06.15 15:27:16.384,8.74799,8.74916,1.00,1.00
2017.06.15 15:27:16.720,8.74799,8.74919,1.00,1.00
2017.06.15 15:27:17.237,8.74799,8.74916,1.00,1.00
2017.06.15 15:27:17.556,8.74803,8.74916,1.00,1.00
2017.06.15 15:27:17.971,8.7482,8.74926,1.00,1.00
2017.06.15 15:27:18.123,8.7482,8.74931,1.00,1.00
2017.06.15 15:27:18.672,8.7482,8.74938,1.00,1.00
2017.06.15 15:27:18.723,8.74849,8.74967,1.00,1.00
2017.06.15 15:27:19.082,8.74864,8.74977,1.00,1.00
2017.06.15 15:27:19.603,8.74864,8.74967,1.00,1.00
2017.06.15 15:27:20.209,8.74864,8.74964,1.00,1.00
2017.06.15 15:27:20.757,8.74864,8.74967,1.00,1.00
2017.06.15 15:27:21.087,8.74864,8.74962,1.00,1.00
2017.06.15 15:27:21.638,8.74864,8.7496,1.00,1.00
2017.06.15 15:27:22.297,8.74864,8.74959,1.00,1.00
2017.06.15 15:27:23.506,8.74864,8.74958,1.00,1.00
2017.06.15 15:27:24.058,8.74864,8.74957,1.00,1.00
2017.06.15 15:27:24.718,8.74864,8.74962,1.00,1.00
2017.06.15 15:27:27.074,8.74863,8.74962,1.00,1.00
2017.06.15 15:27:27.808,8.74834,8.74962,1.00,1.00
2017.06.15 15:27:28.018,8.74834,8.74957,1.00,1.00
2017.06.15 15:27:28.348,8.74834,8.74964,1.00,1.00
2017.06.15 15:27:28.597,8.74836,8.74964,1.00,1.00
2017.06.15 15:27:28.936,8.74824,8.7496,1.00,1.00
2017.06.15 15:27:29.127,8.74814,8.74943,1.00,1.00
2017.06.15 15:27:29.447,8.74814,8.74955,1.00,1.00
2017.06.15 15:27:29.548,8.74804,8.7495,1.00,1.00
2017.06.15 15:27:29.703,8.74804,8.74948,1.00,1.00
2017.06.15 15:27:30.034,8.74827,8.74956,1.00,1.00
2017.06.15 15:27:30.328,8.74827,8.74962,1.00,1.00
2017.06.15 15:27:30.690,8.74827,8.74964,1.00,1.00
2017.06.15 15:27:30.987,8.74828,8.74966,1.00,1.00
2017.06.15 15:27:31.536,8.74828,8.74968,1.00,1.00
2017.06.15 15:27:32.368,8.74834,8.74968,1.00,1.00
2017.06.15 15:27:32.766,8.74841,8.74962,1.00,1.00
2017.06.15 15:27:32.969,8.74841,8.74965,1.00,1.00
2017.06.15 15:27:33.582,8.74841,8.74964,1.00,1.00
2017.06.15 15:27:34.067,8.74841,8.74966,1.00,1.00
2017.06.15 15:27:35.056,8.74841,8.74965,1.00,1.00
2017.06.15 15:27:35.705,8.74841,8.74964,1.00,1.00
2017.06.15 15:27:35.869,8.74841,8.74966,1.00,1.00
2017.06.15 15:27:36.377,8.74841,8.74968,1.00,1.00
2017.06.15 15:27:36.757,8.74892,8.74967,1.00,1.00
2017.06.15 15:27:36.859,8.74892,8.74985,1.00,1.00
2017.06.15 15:27:37.023,8.74877,8.74985,1.00,1.00
2017.06.15 15:27:37.074,8.74902,8.75003,1.00,1.00
2017.06.15 15:27:37.367,8.74902,8.75008,1.00,1.00
2017.06.15 15:27:37.590,8.74902,8.75015,1.00,1.00
2017.06.15 15:27:38.355,8.74902,8.75017,1.00,1.00
2017.06.15 15:27:38.901,8.74902,8.75016,1.00,1.00
2017.06.15 15:27:38.952,8.74902,8.75013,1.00,1.00
2017.06.15 15:27:39.237,8.74902,8.75018,1.00,1.50
2017.06.15 15:27:40.168,8.74903,8.75018,1.00,1.00
2017.06.15 15:27:40.447,8.74903,8.75016,1.00,1.00
2017.06.15 15:27:41.327,8.74903,8.75014,1.00,1.00
2017.06.15 15:27:41.656,8.74921,8.75021,1.00,1.00
2017.06.15 15:27:41.878,8.74921,8.75026,1.00,1.00
2017.06.15 15:27:42.454,8.74916,8.75026,1.00,1.00
2017.06.15 15:27:43.196,8.74916,8.75024,1.00,1.00
2017.06.15 15:27:43.384,8.7491,8.75024,1.00,1.00
2017.06.15 15:27:43.898,8.7491,8.75023,1.00,1.00
2017.06.15 15:27:44.076,8.7491,8.75021,1.00,1.00
2017.06.15 15:27:44.296,8.7491,8.75027,1.00,1.00
2017.06.15 15:27:44.385,8.74915,8.75029,1.00,1.00
2017.06.15 15:27:44.436,8.74909,8.75026,1.00,1.00
2017.06.15 15:27:44.957,8.74909,8.75022,1.00,1.00
2017.06.15 15:27:45.178,8.74909,8.75026,1.00,1.00
2017.06.15 15:27:45.386,8.74915,8.7503,1.00,1.00
2017.06.15 15:27:45.745,8.74915,8.75028,1.00,1.00
2017.06.15 15:27:45.985,8.74915,8.75031,1.00,1.00
2017.06.15 15:27:46.497,8.74914,8.75031,1.00,1.00
2017.06.15 15:27:46.844,8.74921,8.75035,1.00,1.00
2017.06.15 15:27:47.149,8.74932,8.75029,1.00,1.00
2017.06.15 15:27:47.416,8.74932,8.75037,1.00,1.00
2017.06.15 15:27:47.714,8.74932,8.7503,1.00,1.00
2017.06.15 15:27:47.878,8.74922,8.7503,1.00,1.00
2017.06.15 15:27:47.929,8.74929,8.7503,1.00,1.00
2017.06.15 15:27:48.087,8.74919,8.75028,1.00,1.00
2017.06.15 15:27:48.286,8.74929,8.75027,1.00,1.00
2017.06.15 15:27:48.388,8.74929,8.75046,1.00,1.00
2017.06.15 15:27:48.490,8.74942,8.75049,1.00,1.00
2017.06.15 15:27:49.004,8.74942,8.75048,1.00,1.00
2017.06.15 15:27:49.459,8.74938,8.75047,1.00,1.00
2017.06.15 15:27:49.569,8.74926,8.75043,1.00,1.00
2017.06.15 15:27:49.620,8.74915,8.75029,1.00,1.00
2017.06.15 15:27:50.238,8.74915,8.75027,1.00,1.00
2017.06.15 15:27:50.566,8.74915,8.75025,1.00,1.00
2017.06.15 15:27:51.007,8.74916,8.75027,1.00,1.00
2017.06.15 15:27:51.058,8.74884,8.75027,1.00,1.00
2017.06.15 15:27:51.110,8.74884,8.75016,1.00,1.00
2017.06.15 15:27:51.418,8.74867,8.75015,1.00,1.00
2017.06.15 15:27:51.939,8.74867,8.75016,1.00,1.00
2017.06.15 15:27:52.098,8.74862,8.75011,1.00,1.00
2017.06.15 15:27:55.048,8.74901,8.75017,1.00,1.00
2017.06.15 15:27:55.099,8.74855,8.75004,1.00,1.00
2017.06.15 15:27:56.117,8.7486,8.75008,1.00,1.00
2017.06.15 15:27:56.453,8.74851,8.74999,1.00,1.00
2017.06.15 15:27:56.825,8.74845,8.74989,1.00,1.00
2017.06.15 15:27:58.757,8.74846,8.74994,1.00,1.00
2017.06.15 15:27:58.923,8.74857,8.75003,1.00,1.00
2017.06.15 15:27:58.974,8.74865,8.75013,1.00,1.00
2017.06.15 15:27:59.835,8.74867,8.75015,1.00,1.00
2017.06.15 15:28:00.670,8.74872,8.75013,1.00,1.00
2017.06.15 15:28:02.676,8.74873,8.75013,1.00,1.00
2017.06.15 15:28:05.598,8.74868,8.75008,1.00,1.00
2017.06.15 15:28:06.307,8.74944,8.75023,1.00,1.00
2017.06.15 15:28:06.409,8.74944,8.75028,1.00,1.00
2017.06.15 15:28:06.600,8.74944,8.75046,1.00,1.00
2017.06.15 15:28:06.853,8.74944,8.75061,1.00,1.00
2017.06.15 15:28:07.310,8.74925,8.75041,1.00,1.00
2017.06.15 15:28:13.284,8.74918,8.75034,1.00,1.00
2017.06.15 15:28:13.335,8.74912,8.75029,1.00,1.00
2017.06.15 15:28:13.633,8.74877,8.75026,1.00,1.00
2017.06.15 15:28:13.923,8.74911,8.75027,1.00,1.00
2017.06.15 15:28:14.619,8.74921,8.75036,1.00,1.00
2017.06.15 15:28:15.624,8.74925,8.75042,1.00,1.00
2017.06.15 15:28:15.862,8.7494,8.75057,1.00,1.00
2017.06.15 15:28:16.220,8.74993,8.7511,1.00,1.00
2017.06.15 15:28:16.918,8.74995,8.75112,1.00,1.00
2017.06.15 15:28:17.255,8.74989,8.75106,1.00,1.00
2017.06.15 15:28:17.919,8.74984,8.75101,1.00,1.00
2017.06.15 15:28:18.920,8.74988,8.75104,1.00,1.00
2017.06.15 15:28:20.449,8.74983,8.75099,1.00,1.00
2017.06.15 15:28:20.500,8.74979,8.75096,1.00,1.00
2017.06.15 15:28:21.419,8.74985,8.75103,1.00,1.00
2017.06.15 15:28:22.494,8.74989,8.75107,1.00,1.00
2017.06.15 15:28:23.203,8.74982,8.75101,1.00,1.00
2017.06.15 15:28:23.507,8.74992,8.7511,1.00,1.00
2017.06.15 15:28:23.817,8.74983,8.75101,1.00,1.00
2017.06.15 15:28:24.227,8.74993,8.75112,1.00,1.00
2017.06.15 15:28:24.600,8.74985,8.75133,1.00,1.00
2017.06.15 15:28:24.652,8.75017,8.75133,1.00,1.00
2017.06.15 15:28:24.756,8.75049,8.75168,1.00,1.00
2017.06.15 15:28:25.208,8.75035,8.75153,1.00,1.00
2017.06.15 15:28:25.565,8.75035,8.75149,1.00,1.00
2017.06.15 15:28:25.768,8.75029,8.75147,1.00,1.00
2017.06.15 15:28:26.700,8.75038,8.75156,1.00,1.00
2017.06.15 15:28:27.675,8.75036,8.75152,1.00,1.00
2017.06.15 15:28:28.242,8.75036,8.7515,1.00,1.00
2017.06.15 15:28:28.344,8.75026,8.75141,1.00,1.00
2017.06.15 15:28:28.628,8.75026,8.75143,1.00,1.00
2017.06.15 15:28:29.261,8.75026,8.75144,1.00,1.00
2017.06.15 15:28:30.863,8.75023,8.75139,1.00,1.00
2017.06.15 15:28:31.478,8.75012,8.75131,1.00,1.00
2017.06.15 15:28:31.530,8.74999,8.75117,1.00,1.00
2017.06.15 15:28:32.525,8.75005,8.75123,1.00,1.00
2017.06.15 15:28:32.873,8.74996,8.75114,1.00,1.00
2017.06.15 15:28:33.178,8.75026,8.75144,1.00,1.00
2017.06.15 15:28:33.688,8.75026,8.75141,1.00,1.00
2017.06.15 15:28:33.739,8.75008,8.75124,1.00,1.00
2017.06.15 15:28:34.721,8.75003,8.75121,1.00,1.00
2017.06.15 15:28:35.032,8.74993,8.75111,1.00,1.00
2017.06.15 15:28:35.133,8.74979,8.75098,1.00,1.00
2017.06.15 15:28:36.064,8.74985,8.75103,1.00,1.00
2017.06.15 15:28:36.415,8.74973,8.75091,1.00,1.00
2017.06.15 15:28:37.409,8.74969,8.75087,1.00,1.00
2017.06.15 15:28:38.409,8.74973,8.75091,1.00,1.00
2017.06.15 15:28:38.746,8.74973,8.75089,1.00,1.00
2017.06.15 15:28:39.098,8.74964,8.75083,1.00,1.00
2017.06.15 15:28:39.475,8.7499,8.75094,1.00,1.00
2017.06.15 15:28:39.629,8.7499,8.75108,1.00,1.00
2017.06.15 15:28:40.305,8.7498,8.75098,1.00,1.00
2017.06.15 15:28:40.357,8.74968,8.75087,1.00,1.00
2017.06.15 15:28:41.042,8.74977,8.75095,1.00,1.00
2017.06.15 15:28:41.474,8.74971,8.7509,1.00,1.00
2017.06.15 15:28:42.046,8.74971,8.75087,1.00,1.00
2017.06.15 15:28:42.449,8.74966,8.75084,1.00,1.00
2017.06.15 15:28:42.641,8.7498,8.75085,1.00,1.00
2017.06.15 15:28:42.745,8.7498,8.75098,1.00,1.00
2017.06.15 15:28:42.977,8.74984,8.75102,1.00,1.00
2017.06.15 15:28:43.689,8.74975,8.75093,1.00,1.00
2017.06.15 15:28:44.296,8.74966,8.75085,1.00,1.00
2017.06.15 15:28:44.563,8.74976,8.75094,1.00,1.00
2017.06.15 15:28:45.533,8.74973,8.75091,1.00,1.00
2017.06.15 15:28:45.720,8.74981,8.751,1.00,1.00
2017.06.15 15:28:45.822,8.74981,8.75098,1.00,1.00
2017.06.15 15:28:46.533,8.74989,8.75098,1.00,1.00
2017.06.15 15:28:46.584,8.74989,8.75105,1.00,1.50
2017.06.15 15:28:47.535,8.74984,8.751,1.00,1.00
2017.06.15 15:28:48.308,8.74989,8.75107,1.00,1.00
2017.06.15 15:28:48.960,8.74981,8.75099,1.00,1.00
2017.06.15 15:28:49.279,8.74975,8.75093,1.00,1.00
2017.06.15 15:28:49.991,8.74975,8.75091,1.00,1.00
2017.06.15 15:28:50.517,8.74974,8.75091,1.00,1.00
2017.06.15 15:28:51.176,8.74974,8.75088,1.00,1.00
2017.06.15 15:28:51.282,8.74969,8.75087,1.00,1.00
2017.06.15 15:28:52.056,8.74969,8.75082,1.00,1.00
2017.06.15 15:28:52.386,8.74969,8.7508,1.00,1.00
2017.06.15 15:28:52.827,8.74969,8.75083,1.00,1.00
2017.06.15 15:28:53.141,8.74977,8.75083,1.00,1.00
2017.06.15 15:28:53.486,8.74977,8.75095,1.00,1.00
2017.06.15 15:28:53.817,8.74977,8.75092,1.00,1.00
2017.06.15 15:28:54.146,8.74977,8.75095,1.00,1.00
2017.06.15 15:28:55.246,8.74977,8.75091,1.00,1.00
2017.06.15 15:28:55.577,8.74978,8.75089,1.00,1.00
2017.06.15 15:28:57.254,8.74977,8.75089,1.00,1.00
2017.06.15 15:28:57.775,8.74977,8.7509,1.00,1.00
2017.06.15 15:28:58.239,8.74987,8.7509,1.00,1.00
2017.06.15 15:28:58.559,8.74996,8.75096,1.00,1.00
2017.06.15 15:28:58.660,8.74996,8.75112,1.00,1.00
2017.06.15 15:28:58.812,8.75008,8.75112,1.00,1.00
2017.06.15 15:28:58.914,8.75008,8.75122,1.00,1.00
2017.06.15 15:28:59.239,8.75008,8.75127,1.00,1.00
2017.06.15 15:28:59.325,8.75015,8.75133,1.00,1.50
2017.06.15 15:29:00.389,8.7501,8.75129,1.00,1.00
2017.06.15 15:29:01.346,8.75011,8.7513,1.00,1.00
2017.06.15 15:29:02.328,8.75007,8.75125,1.00,1.00
2017.06.15 15:29:03.336,8.75006,8.75122,1.00,1.00
2017.06.15 15:29:03.914,8.75005,8.75122,1.00,1.00
2017.06.15 15:29:09.502,8.7501,8.75127,1.00,1.00
2017.06.15 15:29:10.504,8.75008,8.75125,1.00,1.00
2017.06.15 15:29:11.975,8.75008,8.75124,1.00,1.00
2017.06.15 15:29:12.966,8.75008,8.75122,1.00,1.00
2017.06.15 15:29:13.879,8.75008,8.75125,1.00,1.50
2017.06.15 15:29:15.208,8.75013,8.7513,1.00,1.00
2017.06.15 15:29:15.513,8.75017,8.75139,1.00,1.00
2017.06.15 15:29:16.170,8.75045,8.75162,1.00,1.00
2017.06.15 15:29:16.478,8.75067,8.75168,1.00,1.00
2017.06.15 15:29:16.530,8.75067,8.75184,1.00,1.00
2017.06.15 15:29:16.759,8.75058,8.75175,1.00,1.00
2017.06.15 15:29:17.123,8.75041,8.75158,1.00,1.00
2017.06.15 15:29:17.527,8.75044,8.7515,1.00,1.00
2017.06.15 15:29:17.879,8.75044,8.75147,1.00,1.00
2017.06.15 15:29:18.353,8.75051,8.75148,1.00,1.00
2017.06.15 15:29:18.586,8.75045,8.75148,1.00,1.00
2017.06.15 15:29:18.929,8.75045,8.75141,1.00,1.00
2017.06.15 15:29:19.263,8.75045,8.75135,1.00,1.00
2017.06.15 15:29:19.315,8.75039,8.75135,1.00,1.00
2017.06.15 15:29:19.366,8.75039,8.7516,1.00,1.00
2017.06.15 15:29:19.417,8.75054,8.7516,1.00,1.00
2017.06.15 15:29:19.736,8.75046,8.75148,1.00,1.00
2017.06.15 15:29:19.838,8.75033,8.75148,1.00,1.00
2017.06.15 15:29:19.941,8.75033,8.75144,1.00,1.00
2017.06.15 15:29:20.277,8.75033,8.7513,1.00,1.00
2017.06.15 15:29:20.592,8.75033,8.75127,1.00,1.00
2017.06.15 15:29:20.694,8.75033,8.7515,1.00,1.00
2017.06.15 15:29:20.745,8.75054,8.7515,1.00,1.00
2017.06.15 15:29:20.796,8.75063,8.75169,1.00,1.00
2017.06.15 15:29:20.948,8.75077,8.75169,1.00,1.00
2017.06.15 15:29:21.435,8.75077,8.75164,1.00,1.00
2017.06.15 15:29:21.766,8.75077,8.75161,1.00,1.00
2017.06.15 15:29:21.817,8.75071,8.75161,1.00,1.00
2017.06.15 15:29:22.324,8.75071,8.7516,1.00,1.00
2017.06.15 15:29:22.449,8.75071,8.75162,1.00,1.00
2017.06.15 15:29:22.972,8.75071,8.75163,1.00,1.00
2017.06.15 15:29:23.023,8.75077,8.75163,1.00,1.00
2017.06.15 15:29:23.515,8.75077,8.7516,1.00,1.00
2017.06.15 15:29:23.567,8.75077,8.75165,1.00,1.00
2017.06.15 15:29:24.400,8.75052,8.75165,1.00,1.00
2017.06.15 15:29:24.451,8.7504,8.75157,1.00,1.00
2017.06.15 15:29:24.597,8.7504,8.75144,1.00,1.00
2017.06.15 15:29:24.774,8.7504,8.75152,1.00,1.00
2017.06.15 15:29:25.481,8.7504,8.75154,1.00,1.00
2017.06.15 15:29:25.532,8.75045,8.75154,1.00,1.00
2017.06.15 15:29:25.933,8.75045,8.75152,1.00,1.00
2017.06.15 15:29:26.057,8.75045,8.75158,1.00,1.00
2017.06.15 15:29:26.387,8.75045,8.7516,1.00,1.00
2017.06.15 15:29:27.046,8.75045,8.75158,1.00,1.00
2017.06.15 15:29:27.592,8.75045,8.75159,1.00,1.00
2017.06.15 15:29:28.148,8.75045,8.75162,1.00,1.00
2017.06.15 15:29:28.219,8.75059,8.75163,1.00,1.00
2017.06.15 15:29:28.372,8.75068,8.75174,1.00,1.00
2017.06.15 15:29:28.592,8.75068,8.7518,1.00,1.00
2017.06.15 15:29:29.052,8.7508,8.75177,1.00,1.00
2017.06.15 15:29:29.255,8.7508,8.75189,1.00,1.00
2017.06.15 15:29:29.306,8.75086,8.75189,1.00,1.00
2017.06.15 15:29:29.624,8.75086,8.75168,1.00,1.00
2017.06.15 15:29:29.798,8.75086,8.75185,1.00,1.00
2017.06.15 15:29:30.127,8.75086,8.75182,1.00,1.00
2017.06.15 15:29:30.356,8.75086,8.75184,1.00,1.00
2017.06.15 15:29:31.009,8.75088,8.75187,1.00,1.00
2017.06.15 15:29:31.336,8.75088,8.7518,1.00,1.00
2017.06.15 15:29:31.597,8.75087,8.75183,1.00,1.00
2017.06.15 15:29:31.886,8.75087,8.75185,1.00,1.00
2017.06.15 15:29:32.224,8.75087,8.75182,1.00,1.00
2017.06.15 15:29:32.597,8.75085,8.75182,1.00,1.00
2017.06.15 15:29:33.098,8.75085,8.75185,1.00,1.00
2017.06.15 15:29:34.560,8.75085,8.75184,1.00,1.00
2017.06.15 15:29:35.141,8.75085,8.75182,1.00,1.00
2017.06.15 15:29:35.295,8.75085,8.75184,1.00,1.00
2017.06.15 15:29:35.616,8.75049,8.75184,1.00,1.00
2017.06.15 15:29:35.667,8.75049,8.75166,1.00,1.00
2017.06.15 15:29:36.050,8.7508,8.75169,1.00,1.00
2017.06.15 15:29:36.528,8.7508,8.7518,1.00,1.00
2017.06.15 15:29:36.680,8.75076,8.7518,1.00,1.00
2017.06.15 15:29:36.836,8.75076,8.75184,1.00,1.00
2017.06.15 15:29:37.165,8.75076,8.75188,1.00,1.00
2017.06.15 15:29:37.669,8.75076,8.75189,1.00,1.00
2017.06.15 15:29:37.720,8.7505,8.75184,1.00,1.00
2017.06.15 15:29:38.045,8.7505,8.7518,1.00,1.00
2017.06.15 15:29:38.388,8.75073,8.75179,1.00,1.00
2017.06.15 15:29:38.489,8.75073,8.7521,1.00,1.05
2017.06.15 15:29:38.540,8.75085,8.7521,1.00,1.00
2017.06.15 15:29:38.900,8.75085,8.75198,1.00,1.00
2017.06.15 15:29:39.036,8.75085,8.75204,1.00,1.00
2017.06.15 15:29:39.380,8.75085,8.75208,1.00,1.00
2017.06.15 15:29:39.431,8.7509,8.75208,1.00,1.00
2017.06.15 15:29:39.586,8.7509,8.7521,1.00,1.00
2017.06.15 15:29:39.933,8.7509,8.75191,1.00,1.00
2017.06.15 15:29:40.250,8.7509,8.75198,1.00,1.00
2017.06.15 15:29:40.432,8.75087,8.75198,1.00,1.00
2017.06.15 15:29:40.483,8.75087,8.75202,1.00,1.00
2017.06.15 15:29:41.016,8.75087,8.75205,1.00,1.00
2017.06.15 15:29:41.067,8.75085,8.75205,1.00,1.00
2017.06.15 15:29:41.347,8.75085,8.75203,1.00,1.00
2017.06.15 15:29:42.116,8.75085,8.75204,1.00,1.00
2017.06.15 15:29:42.558,8.75085,8.75191,1.00,1.00
2017.06.15 15:29:42.887,8.75085,8.75198,1.00,1.00
2017.06.15 15:29:43.106,8.75085,8.75202,1.00,1.00
2017.06.15 15:29:43.719,8.75085,8.75203,1.00,1.00
2017.06.15 15:29:44.096,8.75085,8.75201,1.00,1.00
2017.06.15 15:29:45.235,8.75085,8.75204,1.00,1.00
2017.06.15 15:29:45.529,8.75085,8.75198,1.00,1.00
2017.06.15 15:29:45.860,8.75085,8.75209,1.00,1.00
2017.06.15 15:29:45.911,8.75091,8.75209,1.00,1.00
2017.06.15 15:29:46.367,8.75091,8.75204,1.00,1.00
2017.06.15 15:29:46.703,8.75082,8.75195,1.00,1.00
2017.06.15 15:29:46.754,8.75082,8.75197,1.00,1.00
2017.06.15 15:29:47.447,8.75093,8.75197,1.00,1.00
2017.06.15 15:29:47.770,8.75093,8.75199,1.00,1.00
2017.06.15 15:29:47.855,8.75099,8.75199,1.00,1.00
2017.06.15 15:29:48.275,8.75099,8.75196,1.00,1.00
2017.06.15 15:29:48.826,8.75099,8.75198,1.00,1.00
2017.06.15 15:29:49.596,8.75099,8.75197,1.00,1.00
2017.06.15 15:29:50.256,8.75099,8.75196,1.00,1.00
2017.06.15 15:29:51.535,8.75099,8.75195,1.00,1.00
2017.06.15 15:29:51.992,8.75089,8.75194,1.00,1.00
2017.06.15 15:29:52.043,8.751,8.75195,1.00,1.00
2017.06.15 15:29:52.247,8.751,8.75198,1.00,1.00
2017.06.15 15:29:52.558,8.75111,8.75198,1.00,1.00
2017.06.15 15:29:52.609,8.75111,8.75205,1.00,1.00
2017.06.15 15:29:52.738,8.75101,8.75205,1.00,1.00
2017.06.15 15:29:52.895,8.75101,8.75192,1.00,1.00
2017.06.15 15:29:53.226,8.75101,8.75198,1.00,1.00
2017.06.15 15:29:53.463,8.75101,8.75202,1.00,1.00
2017.06.15 15:29:53.722,8.75099,8.75202,1.00,1.00
2017.06.15 15:29:53.776,8.75099,8.75206,1.00,1.00
2017.06.15 15:29:54.106,8.75099,8.75208,1.00,1.00
2017.06.15 15:29:54.450,8.75099,8.7521,1.00,1.00
2017.06.15 15:29:54.688,8.75099,8.75212,1.00,1.00
2017.06.15 15:29:54.739,8.75095,8.75212,1.00,1.00
2017.06.15 15:29:55.028,8.75085,8.75205,1.00,1.00
2017.06.15 15:29:55.315,8.75085,8.752,1.00,1.00
2017.06.15 15:29:55.501,8.75062,8.752,1.00,1.00
2017.06.15 15:29:55.654,8.75062,8.75195,1.00,1.00
2017.06.15 15:29:56.101,8.75089,8.75196,1.00,1.00
2017.06.15 15:29:56.317,8.75089,8.75201,1.00,1.00
2017.06.15 15:29:56.526,8.75089,8.75199,1.00,1.00
2017.06.15 15:29:56.855,8.75089,8.75194,1.00,1.00
2017.06.15 15:29:57.375,8.7509,8.75194,1.00,1.00
2017.06.15 15:29:57.426,8.7509,8.75198,1.00,1.00
2017.06.15 15:29:57.707,8.75078,8.75198,1.00,1.00
2017.06.15 15:29:58.089,8.75078,8.75192,1.00,1.00
2017.06.15 15:29:58.390,8.75085,8.75192,1.00,1.00
2017.06.15 15:29:58.717,8.75078,8.75177,1.00,1.00
2017.06.15 15:29:59.106,8.75078,8.75173,1.00,1.00
2017.06.15 15:29:59.430,8.75068,8.75172,1.00,1.00
2017.06.15 15:29:59.587,8.75065,8.75151,1.00,1.00
2017.06.15 15:29:59.638,8.75053,8.75151,1.00,1.00
2017.06.15 15:29:59.871,8.75053,8.75145,1.00,1.00
2017.06.15 15:30:00.205,8.75053,8.75148,1.00,1.00
2017.06.15 15:30:00.306,8.75037,8.75148,1.00,1.00
2017.06.15 15:30:00.508,8.75037,8.75133,1.00,1.00
2017.06.15 15:30:00.560,8.75016,8.75133,1.00,1.00
2017.06.15 15:30:00.611,8.75016,8.75115,1.00,1.00
2017.06.15 15:30:00.763,8.75007,8.75115,1.20,1.00
2017.06.15 15:30:00.865,8.75007,8.75095,1.20,1.00
2017.06.15 15:30:01.183,8.75011,8.75062,1.00,1.00
2017.06.15 15:30:01.486,8.75011,8.75079,1.00,1.00
2017.06.15 15:30:01.589,8.75011,8.75097,1.00,1.00
2017.06.15 15:30:01.739,8.7502,8.75097,1.00,1.00
2017.06.15 15:30:01.841,8.7502,8.75104,1.00,1.00
2017.06.15 15:30:02.183,8.7502,8.75101,1.00,1.00
2017.06.15 15:30:02.330,8.75015,8.75101,1.00,1.00
2017.06.15 15:30:02.468,8.75015,8.75107,1.00,1.00
2017.06.15 15:30:03.038,8.75015,8.75109,1.00,1.00
2017.06.15 15:30:03.807,8.75015,8.75107,1.00,1.00
2017.06.15 15:30:04.798,8.75,8.75107,1.20,1.00
2017.06.15 15:30:04.918,8.75,8.75104,1.20,1.00
2017.06.15 15:30:05.256,8.7502,8.75104,1.00,1.00
2017.06.15 15:30:05.458,8.75035,8.75123,1.00,1.00
2017.06.15 15:30:05.787,8.75035,8.75128,1.00,1.00
2017.06.15 15:30:05.903,8.75047,8.75128,1.00,1.00
2017.06.15 15:30:06.273,8.75056,8.75128,1.00,1.00
2017.06.15 15:30:06.375,8.75056,8.75134,1.00,1.00
2017.06.15 15:30:06.625,8.75047,8.75134,1.00,1.00
2017.06.15 15:30:07.067,8.75047,8.75128,1.00,1.00
2017.06.15 15:30:07.567,8.75047,8.75126,1.00,1.00
2017.06.15 15:30:07.618,8.75043,8.75126,1.00,1.00
2017.06.15 15:30:08.127,8.75043,8.75125,1.00,1.00
2017.06.15 15:30:08.828,8.75037,8.75125,1.00,1.00
2017.06.15 15:30:09.108,8.75037,8.75118,1.00,1.00
2017.06.15 15:30:09.338,8.75037,8.75127,1.00,1.00
2017.06.15 15:30:09.567,8.7503,8.75127,1.00,1.00
2017.06.15 15:30:09.658,8.7503,8.75115,1.00,1.00
2017.06.15 15:30:09.987,8.7503,8.75117,1.00,1.00
2017.06.15 15:30:10.318,8.7503,8.75113,1.00,1.00
2017.06.15 15:30:10.428,8.75028,8.75113,1.00,1.00
2017.06.15 15:30:10.597,8.75028,8.75103,1.00,1.00
2017.06.15 15:30:11.196,8.75028,8.75108,1.00,1.00
2017.06.15 15:30:11.530,8.75028,8.75105,1.00,1.00
2017.06.15 15:30:11.925,8.75028,8.75101,1.00,1.00
2017.06.15 15:30:12.077,8.75028,8.75103,1.00,1.00
2017.06.15 15:30:12.430,8.75028,8.75108,1.00,1.00
2017.06.15 15:30:12.757,8.75028,8.75113,1.00,1.00
2017.06.15 15:30:13.307,8.75028,8.75114,1.00,1.00
2017.06.15 15:30:13.637,8.75028,8.7511,1.00,1.00
2017.06.15 15:30:13.967,8.75028,8.75118,1.00,1.00
2017.06.15 15:30:14.319,8.75028,8.75136,1.00,1.00
2017.06.15 15:30:14.381,8.75038,8.75136,1.00,1.00
2017.06.15 15:30:14.958,8.75038,8.75126,1.00,1.00
2017.06.15 15:30:15.344,8.75038,8.75122,1.00,1.00
2017.06.15 15:30:15.837,8.75038,8.7512,1.00,1.00
2017.06.15 15:30:16.166,8.7504,8.75132,1.00,1.00
2017.06.15 15:30:16.218,8.75019,8.75132,1.00,1.00
2017.06.15 15:30:16.370,8.75008,8.75132,1.00,1.50
2017.06.15 15:30:16.421,8.75008,8.75113,1.00,1.00
2017.06.15 15:30:16.769,8.75008,8.75106,1.00,1.00
2017.06.15 15:30:17.090,8.75025,8.7511,1.00,1.00
2017.06.15 15:30:17.287,8.75025,8.75118,1.00,1.00
2017.06.15 15:30:17.597,8.75025,8.75122,1.00,1.00
2017.06.15 15:30:17.699,8.75017,8.75122,1.00,1.00
2017.06.15 15:30:17.750,8.75026,8.75122,1.00,1.00
2017.06.15 15:30:18.147,8.75026,8.75125,1.00,1.00
2017.06.15 15:30:18.367,8.75026,8.75132,1.00,1.00
2017.06.15 15:30:18.541,8.75039,8.75132,1.00,1.00
2017.06.15 15:30:18.743,8.7503,8.75138,1.00,1.00
2017.06.15 15:30:19.027,8.7503,8.75133,1.00,1.00
2017.06.15 15:30:19.247,8.7503,8.7514,1.00,1.00
2017.06.15 15:30:19.544,8.75024,8.7514,1.00,1.00
2017.06.15 15:30:19.595,8.75024,8.75142,1.00,1.00
2017.06.15 15:30:19.906,8.75024,8.75144,1.00,1.00
2017.06.15 15:30:20.237,8.75024,8.75147,1.00,1.00
2017.06.15 15:30:20.457,8.75024,8.75143,1.00,1.00
2017.06.15 15:30:20.578,8.7502,8.75143,1.00,1.00
2017.06.15 15:30:20.629,8.75029,8.75143,1.00,1.00
2017.06.15 15:30:20.825,8.75029,8.75147,1.00,1.00
2017.06.15 15:30:21.446,8.75029,8.75148,1.00,1.00
2017.06.15 15:30:21.605,8.75025,8.75148,1.00,1.00
2017.06.15 15:30:21.667,8.75025,8.7515,1.00,1.00
2017.06.15 15:30:22.098,8.7502,8.75145,1.00,1.00
2017.06.15 15:30:22.657,8.7502,8.75144,1.00,1.00
2017.06.15 15:30:23.002,8.75025,8.75146,1.00,1.00
2017.06.15 15:30:23.318,8.75029,8.75149,1.00,1.00
2017.06.15 15:30:23.646,8.75024,8.75149,1.00,1.00
2017.06.15 15:30:24.197,8.75024,8.75148,1.00,1.00
2017.06.15 15:30:24.748,8.75024,8.75139,1.00,1.00
2017.06.15 15:30:25.037,8.75024,8.7515,1.00,1.00
2017.06.15 15:30:25.627,8.75025,8.75148,1.00,1.00
2017.06.15 15:30:26.308,8.75025,8.7515,1.00,1.00
2017.06.15 15:30:26.411,8.75053,8.7515,1.00,1.00
2017.06.15 15:30:26.550,8.75054,8.75162,1.00,1.00
2017.06.15 15:30:26.602,8.75054,8.75176,1.00,1.00
2017.06.15 15:30:26.703,8.7506,8.75176,1.00,1.00
2017.06.15 15:30:27.056,8.7506,8.75165,1.00,1.00
2017.06.15 15:30:27.389,8.75044,8.75158,1.00,1.00
2017.06.15 15:30:27.717,8.75044,8.75155,1.00,1.00
2017.06.15 15:30:28.135,8.75044,8.75151,1.00,1.00
2017.06.15 15:30:28.467,8.75043,8.75148,1.00,1.00
2017.06.15 15:30:28.782,8.75056,8.75148,1.00,1.00
2017.06.15 15:30:29.110,8.75068,8.75155,1.00,1.00
2017.06.15 15:30:29.165,8.7508,8.75169,1.00,1.00
2017.06.15 15:30:29.917,8.75081,8.75172,1.00,1.00
2017.06.15 15:30:30.246,8.75081,8.75178,1.00,1.00
2017.06.15 15:30:30.401,8.75087,8.75178,1.00,1.00
2017.06.15 15:30:30.466,8.75087,8.7518,1.00,1.00
2017.06.15 15:30:30.825,8.75087,8.75183,1.00,1.00
2017.06.15 15:30:31.126,8.75087,8.75185,1.00,1.00
2017.06.15 15:30:31.229,8.75116,8.75185,1.00,1.00
2017.06.15 15:30:31.348,8.75116,8.75203,1.00,1.00
2017.06.15 15:30:31.601,8.75116,8.7521,1.00,1.00
2017.06.15 15:30:31.914,8.75116,8.75207,1.00,1.00
2017.06.15 15:30:31.965,8.75103,8.75207,1.00,1.00
2017.06.15 15:30:32.072,8.75117,8.75207,1.00,1.00
2017.06.15 15:30:32.327,8.75117,8.75216,1.00,1.00
2017.06.15 15:30:32.574,8.75117,8.75211,1.00,1.00
2017.06.15 15:30:32.879,8.75117,8.75204,1.00,1.00
2017.06.15 15:30:32.960,8.75111,8.75204,1.00,1.00
2017.06.15 15:30:33.125,8.75118,8.75204,1.00,1.00
2017.06.15 15:30:33.436,8.75118,8.75206,1.00,1.00
2017.06.15 15:30:33.656,8.75118,8.75211,1.00,1.00
2017.06.15 15:30:34.537,8.75118,8.7521,1.00,1.00
2017.06.15 15:30:35.283,8.75114,8.7521,1.00,1.00
2017.06.15 15:30:35.483,8.75114,8.75212,1.00,1.00
2017.06.15 15:30:35.856,8.75114,8.7521,1.00,1.00
2017.06.15 15:30:36.267,8.75124,8.7521,1.00,1.00
2017.06.15 15:30:36.871,8.75124,8.75211,1.00,1.00
2017.06.15 15:30:37.297,8.75124,8.75206,1.00,1.00
2017.06.15 15:30:37.400,8.75149,8.75238,1.00,1.00
2017.06.15 15:30:37.755,8.75149,8.75234,1.00,1.00
2017.06.15 15:30:38.324,8.75149,8.75235,1.00,1.00
2017.06.15 15:30:38.631,8.75165,8.75237,1.00,1.00
2017.06.15 15:30:38.936,8.75182,8.75252,1.00,1.00
2017.06.15 15:30:38.987,8.75182,8.75263,1.00,1.00
2017.06.15 15:30:39.282,8.75182,8.75256,1.00,1.00
2017.06.15 15:30:39.610,8.75192,8.75258,1.00,1.00
2017.06.15 15:30:39.712,8.75202,8.75276,1.00,1.00
2017.06.15 15:30:40.080,8.75202,8.75271,1.00,1.00
2017.06.15 15:30:40.583,8.75192,8.7527,1.00,1.00
2017.06.15 15:30:40.634,8.75192,8.75267,1.00,1.00
2017.06.15 15:30:41.001,8.75192,8.7526,1.00,1.00
2017.06.15 15:30:41.153,8.75201,8.75281,1.00,1.00
2017.06.15 15:30:41.255,8.75201,8.75301,1.00,1.00
2017.06.15 15:30:41.508,8.75212,8.75301,1.00,1.00
2017.06.15 15:30:41.872,8.75212,8.75304,1.00,1.00
2017.06.15 15:30:41.923,8.75212,8.75309,1.00,1.00
2017.06.15 15:30:42.127,8.75212,8.75306,1.00,1.00
2017.06.15 15:30:42.443,8.7518,8.75306,1.00,1.00
2017.06.15 15:30:42.493,8.7518,8.753,1.00,1.00
2017.06.15 15:30:42.879,8.75214,8.75301,1.00,1.00
2017.06.15 15:30:43.117,8.7519,8.753,1.00,1.00
2017.06.15 15:30:43.640,8.752,8.75299,1.00,1.00
2017.06.15 15:30:43.690,8.752,8.75304,1.00,1.00
2017.06.15 15:30:43.741,8.75188,8.75304,1.00,1.00
2017.06.15 15:30:43.997,8.75188,8.75299,1.00,1.00
2017.06.15 15:30:44.217,8.75188,8.75301,1.00,1.00
2017.06.15 15:30:44.660,8.75196,8.75302,1.00,1.00
2017.06.15 15:30:44.876,8.75196,8.75306,1.00,1.00
2017.06.15 15:30:45.207,8.75196,8.75304,1.00,1.00
2017.06.15 15:30:45.616,8.75192,8.75299,1.00,1.00
2017.06.15 15:30:45.956,8.75188,8.75299,1.00,1.00
2017.06.15 15:30:46.007,8.75178,8.753,1.00,1.00
2017.06.15 15:30:46.207,8.75189,8.75301,1.00,1.00
2017.06.15 15:30:46.531,8.75189,8.75297,1.00,1.00
2017.06.15 15:30:46.985,8.752,8.75297,1.00,1.00
2017.06.15 15:30:47.077,8.752,8.75301,1.00,1.00
2017.06.15 15:30:47.223,8.75189,8.75301,1.00,1.00
2017.06.15 15:30:47.400,8.75189,8.75297,1.00,1.00
2017.06.15 15:30:47.949,8.75183,8.75298,1.00,1.00
2017.06.15 15:30:48.233,8.75179,8.75297,1.00,1.00
2017.06.15 15:30:48.287,8.75179,8.75295,1.00,1.00
2017.06.15 15:30:48.617,8.75179,8.75293,1.00,1.00
2017.06.15 15:30:48.983,8.75175,8.75292,1.00,1.00
2017.06.15 15:30:49.034,8.7517,8.75292,1.00,1.00
2017.06.15 15:30:49.085,8.7517,8.75274,1.00,1.00
2017.06.15 15:30:49.607,8.7517,8.75271,1.00,1.00
2017.06.15 15:30:49.979,8.7517,8.75268,1.00,1.00
2017.06.15 15:30:50.317,8.75204,8.75264,1.00,1.00
2017.06.15 15:30:50.470,8.75189,8.75264,1.00,1.00
2017.06.15 15:30:50.572,8.75151,8.75264,1.00,1.00
2017.06.15 15:30:50.623,8.75139,8.75263,1.00,1.00
2017.06.15 15:30:50.674,8.75166,8.75263,1.00,1.00
2017.06.15 15:30:50.932,8.75134,8.75245,1.45,1.00
2017.06.15 15:30:50.983,8.75166,8.75245,1.00,1.00
2017.06.15 15:30:51.089,8.75134,8.75246,1.45,1.00
2017.06.15 15:30:51.366,8.75134,8.75244,1.45,1.00
2017.06.15 15:30:51.944,8.75134,8.75245,1.45,1.00
2017.06.15 15:30:52.248,8.75134,8.75243,1.45,1.00
2017.06.15 15:30:52.619,8.75134,8.75251,1.45,1.00
2017.06.15 15:30:53.141,8.75131,8.75252,1.45,1.00
2017.06.15 15:30:53.324,8.75166,8.75252,1.00,1.00
2017.06.15 15:30:53.457,8.75166,8.75268,1.00,1.00
2017.06.15 15:30:53.787,8.75166,8.75266,1.00,1.00
2017.06.15 15:30:54.370,8.75166,8.75265,1.00,1.00
2017.06.15 15:30:54.666,8.75166,8.75271,1.00,1.00
2017.06.15 15:30:54.996,8.75166,8.75274,1.00,1.00
2017.06.15 15:30:55.429,8.75176,8.75275,1.00,1.00
2017.06.15 15:30:55.963,8.75176,8.75276,1.00,1.00
2017.06.15 15:30:56.294,8.75176,8.75269,1.00,1.00
2017.06.15 15:30:56.345,8.75176,8.75271,1.00,1.00
2017.06.15 15:30:56.421,8.75174,8.75271,1.00,1.00
2017.06.15 15:30:56.866,8.75174,8.75274,1.00,1.00
2017.06.15 15:30:57.497,8.75172,8.75274,1.00,1.00
2017.06.15 15:30:57.713,8.75157,8.75274,1.00,1.00
2017.06.15 15:30:57.865,8.75157,8.75268,1.00,1.00
2017.06.15 15:30:58.209,8.75157,8.75259,1.00,1.00
2017.06.15 15:30:58.311,8.75148,8.75259,1.00,1.00
2017.06.15 15:30:58.407,8.75148,8.75252,1.00,1.00
2017.06.15 15:30:58.737,8.75148,8.75242,1.00,1.00
2017.06.15 15:30:58.839,8.75143,8.75242,1.00,1.00
2017.06.15 15:30:58.940,8.75166,8.75242,1.00,1.00
2017.06.15 15:30:59.067,8.75166,8.75245,1.00,1.00
2017.06.15 15:30:59.620,8.75166,8.75248,1.00,1.00
2017.06.15 15:30:59.671,8.75154,8.75248,1.00,1.00
2017.06.15 15:30:59.948,8.75154,8.75244,1.00,1.00
2017.06.15 15:31:00.278,8.75154,8.7525,1.00,1.00
2017.06.15 15:31:00.511,8.75156,8.7525,1.00,1.00
2017.06.15 15:31:00.819,8.7515,8.75249,1.00,1.00
2017.06.15 15:31:00.870,8.7516,8.7526,1.00,1.00
2017.06.15 15:31:01.198,8.7516,8.75257,1.00,1.00
2017.06.15 15:31:01.971,8.75153,8.75258,1.00,1.00
2017.06.15 15:31:02.147,8.75153,8.75255,1.00,1.00
2017.06.15 15:31:02.591,8.75153,8.7525,1.00,1.00
2017.06.15 15:31:03.057,8.75152,8.75246,1.00,1.00
2017.06.15 15:31:03.806,8.75152,8.75244,1.00,1.00
2017.06.15 15:31:04.434,8.75172,8.75244,1.00,1.00
2017.06.15 15:31:04.485,8.75172,8.75263,1.00,1.00
2017.06.15 15:31:04.715,8.75185,8.75263,1.00,1.00
2017.06.15 15:31:04.766,8.75149,8.75263,1.00,1.00
2017.06.15 15:31:04.818,8.75149,8.75275,1.00,1.00
2017.06.15 15:31:04.869,8.75184,8.75275,1.00,1.00
2017.06.15 15:31:04.953,8.75149,8.75275,1.00,1.00
2017.06.15 15:31:05.398,8.75184,8.75275,1.00,1.00
2017.06.15 15:31:05.450,8.75151,8.75275,1.00,1.00
2017.06.15 15:31:05.793,8.75151,8.75259,1.00,1.00
2017.06.15 15:31:06.147,8.75164,8.75268,1.00,1.00
2017.06.15 15:31:06.452,8.75154,8.75259,1.45,1.00
2017.06.15 15:31:06.604,8.75155,8.75265,1.45,1.00
2017.06.15 15:31:06.917,8.75155,8.75268,1.45,1.00
2017.06.15 15:31:07.217,8.75155,8.7527,1.45,1.00
2017.06.15 15:31:07.463,8.75155,8.75267,1.45,1.00
2017.06.15 15:31:07.888,8.75155,8.75264,1.45,1.00
2017.06.15 15:31:08.257,8.75156,8.75264,1.00,1.00
2017.06.15 15:31:08.537,8.75156,8.75255,1.00,1.00
2017.06.15 15:31:08.884,8.75156,8.75253,1.00,1.00
2017.06.15 15:31:09.417,8.7516,8.75249,1.00,1.00
2017.06.15 15:31:09.798,8.7518,8.75248,1.00,1.00
2017.06.15 15:31:09.899,8.7518,8.7527,1.00,1.00
2017.06.15 15:31:09.951,8.75191,8.7527,1.00,1.00
2017.06.15 15:31:10.301,8.75191,8.75278,1.00,1.00
2017.06.15 15:31:10.518,8.75191,8.75276,1.00,1.00
2017.06.15 15:31:10.881,8.75191,8.75274,1.00,1.00
2017.06.15 15:31:11.093,8.75196,8.75287,1.00,1.00
2017.06.15 15:31:11.427,8.75196,8.75282,1.00,1.00
2017.06.15 15:31:12.277,8.75196,8.75281,1.00,1.00
2017.06.15 15:31:12.657,8.75187,8.75277,1.00,1.00
2017.06.15 15:31:12.974,8.75187,8.75268,1.00,1.00
2017.06.15 15:31:13.168,8.75187,8.75282,1.00,1.00
2017.06.15 15:31:13.497,8.75187,8.75284,1.00,1.00
2017.06.15 15:31:13.827,8.75187,8.75287,1.00,1.00
2017.06.15 15:31:14.365,8.75187,8.75288,1.00,1.00
2017.06.15 15:31:14.416,8.75187,8.7528,1.00,1.00
2017.06.15 15:31:14.927,8.75187,8.75281,1.00,1.00
2017.06.15 15:31:15.275,8.75202,8.753,1.00,1.00
2017.06.15 15:31:15.724,8.75202,8.75296,1.00,1.00
2017.06.15 15:31:16.239,8.75203,8.75295,1.00,1.00
2017.06.15 15:31:16.599,8.75203,8.75288,1.00,1.00
2017.06.15 15:31:16.701,8.75203,8.75292,1.00,1.00
2017.06.15 15:31:17.052,8.752,8.75293,1.00,1.00
2017.06.15 15:31:17.275,8.752,8.75288,1.00,1.00
2017.06.15 15:31:17.900,8.752,8.75287,1.00,1.00
2017.06.15 15:31:18.157,8.75203,8.75293,1.00,1.00
2017.06.15 15:31:18.827,8.75203,8.75298,1.00,1.00
2017.06.15 15:31:19.063,8.75199,8.75298,1.00,1.00
2017.06.15 15:31:19.114,8.75199,8.75293,1.00,1.00
2017.06.15 15:31:19.704,8.75199,8.75292,1.00,1.00
2017.06.15 15:31:20.010,8.75199,8.75281,1.00,1.00
2017.06.15 15:31:20.061,8.75197,8.75281,1.00,1.00
2017.06.15 15:31:20.358,8.75197,8.7529,1.00,1.00
2017.06.15 15:31:20.680,8.75197,8.75281,1.00,1.00
2017.06.15 15:31:21.087,8.75199,8.75281,1.00,1.00
2017.06.15 15:31:21.197,8.75199,8.75287,1.00,1.00
2017.06.15 15:31:21.526,8.75199,8.75293,1.00,1.00
2017.06.15 15:31:21.856,8.75199,8.75296,1.00,1.00
2017.06.15 15:31:22.060,8.75194,8.75296,1.00,1.00
2017.06.15 15:31:22.746,8.75194,8.75301,1.00,1.00
2017.06.15 15:31:23.062,8.75192,8.75301,1.00,1.00
2017.06.15 15:31:23.290,8.75198,8.753,1.00,1.00
2017.06.15 15:31:23.627,8.75198,8.75291,1.00,1.00
2017.06.15 15:31:24.125,8.75218,8.75291,1.00,1.00
2017.06.15 15:31:24.227,8.75218,8.75295,1.00,1.00
2017.06.15 15:31:24.529,8.75199,8.75303,1.00,1.00
2017.06.15 15:31:24.771,8.75199,8.75287,1.00,1.00
2017.06.15 15:31:25.057,8.75199,8.75293,1.00,1.00
2017.06.15 15:31:25.282,8.75211,8.75293,1.00,1.00
2017.06.15 15:31:25.386,8.75211,8.75301,1.00,1.00
2017.06.15 15:31:26.154,8.75214,8.75301,1.00,1.00
2017.06.15 15:31:26.624,8.75214,8.75299,1.00,1.00
2017.06.15 15:31:26.837,8.75222,8.75328,1.00,1.00
2017.06.15 15:31:26.939,8.75222,8.75307,1.00,1.00
2017.06.15 15:31:27.301,8.75222,8.75319,1.00,1.00
2017.06.15 15:31:27.586,8.75222,8.75307,1.00,1.00
2017.06.15 15:31:28.141,8.75223,8.75307,1.00,1.00
2017.06.15 15:31:28.815,8.75223,8.75308,1.00,1.00
2017.06.15 15:31:29.009,8.75218,8.75308,1.00,1.00
2017.06.15 15:31:29.060,8.75212,8.75308,1.00,1.00
2017.06.15 15:31:29.227,8.75223,8.75308,1.00,1.00
2017.06.15 15:31:29.278,8.75223,8.75312,1.00,1.00
2017.06.15 15:31:29.482,8.75223,8.7532,1.00,1.00
2017.06.15 15:31:29.690,8.75223,8.7533,1.00,1.00
2017.06.15 15:31:29.834,8.75223,8.75311,1.00,1.00
2017.06.15 15:31:30.079,8.75237,8.75331,1.00,1.00
2017.06.15 15:31:30.363,8.75237,8.75337,1.00,1.00
2017.06.15 15:31:30.677,8.75237,8.75335,1.00,1.00
2017.06.15 15:31:30.933,8.75238,8.75337,1.00,1.00
2017.06.15 15:31:31.464,8.75238,8.75338,1.45,1.00
2017.06.15 15:31:31.566,8.75238,8.75341,1.45,1.00
2017.06.15 15:31:31.814,8.75238,8.75343,1.45,1.00
2017.06.15 15:31:32.306,8.75238,8.75344,1.00,1.00
2017.06.15 15:31:33.064,8.75238,8.75345,1.00,1.00
2017.06.15 15:31:33.115,8.75241,8.75346,1.00,1.00
2017.06.15 15:31:33.636,8.75241,8.75342,1.00,1.00
2017.06.15 15:31:33.966,8.75289,8.75342,1.00,1.00
2017.06.15 15:31:34.017,8.75289,8.75367,1.00,1.00
2017.06.15 15:31:34.221,8.75289,8.75387,1.00,1.00
2017.06.15 15:31:34.755,8.75289,8.75388,1.00,1.00
2017.06.15 15:31:34.857,8.75289,8.7539,1.00,1.00
2017.06.15 15:31:34.908,8.75281,8.7539,1.00,1.00
2017.06.15 15:31:35.478,8.75281,8.75389,1.00,1.00
2017.06.15 15:31:35.617,8.75281,8.75397,1.00,1.00
2017.06.15 15:31:35.673,8.75292,8.75397,1.00,1.00
2017.06.15 15:31:36.011,8.75292,8.7539,1.00,1.00
2017.06.15 15:31:36.239,8.75282,8.75386,1.00,1.00
2017.06.15 15:31:36.410,8.75278,8.75387,1.00,1.00
2017.06.15 15:31:36.512,8.75278,8.75369,1.00,1.00
2017.06.15 15:31:36.564,8.75263,8.75369,1.45,1.00
2017.06.15 15:31:36.720,8.75275,8.75387,1.00,1.00
2017.06.15 15:31:36.771,8.75287,8.75387,1.00,1.00
2017.06.15 15:31:37.026,8.75278,8.75387,1.00,1.00
2017.06.15 15:31:37.077,8.75278,8.7539,1.00,1.00
2017.06.15 15:31:37.281,8.7529,8.7539,1.00,1.00
2017.06.15 15:31:37.383,8.7529,8.754,1.00,1.00
2017.06.15 15:31:37.606,8.7529,8.7539,1.00,1.00
2017.06.15 15:31:38.082,8.75284,8.7539,1.00,1.00
2017.06.15 15:31:38.257,8.75284,8.75379,1.00,1.00
2017.06.15 15:31:38.587,8.75284,8.75391,1.00,1.00
2017.06.15 15:31:39.109,8.75278,8.75392,1.00,1.00
2017.06.15 15:31:39.160,8.75283,8.75385,1.00,1.00
2017.06.15 15:31:39.686,8.75283,8.75388,1.00,1.00
2017.06.15 15:31:40.111,8.75287,8.75388,1.00,1.00
2017.06.15 15:31:40.166,8.75287,8.75391,1.00,1.00
2017.06.15 15:31:40.347,8.75287,8.75393,1.00,1.00
2017.06.15 15:31:40.499,8.75285,8.75393,1.00,1.00
2017.06.15 15:31:41.130,8.75288,8.75394,1.00,1.00
2017.06.15 15:31:41.673,8.75296,8.75409,1.00,1.00
2017.06.15 15:31:42.032,8.75296,8.75404,1.00,1.00
2017.06.15 15:31:42.134,8.75287,8.75404,1.00,1.00
2017.06.15 15:31:42.368,8.75287,8.75394,1.00,1.00
2017.06.15 15:31:42.577,8.75287,8.75399,1.00,1.00
2017.06.15 15:31:42.766,8.75287,8.75403,1.00,1.00
2017.06.15 15:31:43.136,8.75282,8.75407,1.00,1.00
2017.06.15 15:31:43.660,8.75282,8.75408,1.00,1.00
2017.06.15 15:31:43.761,8.75282,8.75401,1.00,1.00
2017.06.15 15:31:44.273,8.75282,8.754,1.00,1.00
2017.06.15 15:31:44.324,8.75275,8.75399,1.00,1.00
2017.06.15 15:31:44.426,8.75275,8.75379,1.00,1.00
2017.06.15 15:31:44.477,8.75258,8.75379,1.00,1.00
2017.06.15 15:31:44.746,8.75258,8.75384,1.00,1.00
2017.06.15 15:31:44.967,8.75258,8.75378,1.00,1.00
2017.06.15 15:31:45.280,8.75256,8.75378,1.00,1.00
2017.06.15 15:31:45.406,8.75256,8.75376,1.00,1.00
2017.06.15 15:31:45.956,8.75256,8.75372,1.00,1.00
2017.06.15 15:31:46.286,8.75263,8.75364,1.00,1.00
2017.06.15 15:31:46.818,8.75263,8.75363,1.00,1.00
2017.06.15 15:31:46.989,8.75264,8.75368,1.00,1.00
2017.06.15 15:31:47.209,8.75264,8.7537,1.00,1.00
2017.06.15 15:31:47.826,8.75264,8.75371,1.00,1.00
2017.06.15 15:31:48.156,8.75264,8.75373,1.00,1.00
2017.06.15 15:31:48.207,8.75279,8.75373,1.00,1.00
2017.06.15 15:31:48.392,8.7528,8.75391,1.00,1.00
2017.06.15 15:31:49.244,8.75281,8.75391,1.00,1.00
2017.06.15 15:31:49.368,8.75281,8.75395,1.00,1.00
2017.06.15 15:31:49.523,8.75281,8.75393,1.00,1.00
2017.06.15 15:31:49.574,8.75267,8.75393,1.00,1.00
2017.06.15 15:31:49.829,8.75267,8.75389,1.00,1.00
2017.06.15 15:31:50.133,8.75278,8.75389,1.00,1.00
2017.06.15 15:31:50.437,8.75283,8.75377,1.00,1.00
2017.06.15 15:31:50.780,8.75283,8.75363,1.00,1.00
2017.06.15 15:31:51.034,8.7527,8.75365,1.00,1.00
2017.06.15 15:31:51.340,8.75276,8.75365,1.00,1.00
2017.06.15 15:31:51.391,8.75276,8.7537,1.00,1.00
2017.06.15 15:31:51.609,8.75276,8.75379,1.00,1.00
2017.06.15 15:31:52.226,8.75276,8.75376,1.00,1.00
2017.06.15 15:31:52.541,8.75281,8.75376,1.00,1.00
2017.06.15 15:31:52.978,8.75281,8.75372,1.00,1.00
2017.06.15 15:31:53.330,8.75278,8.75367,1.00,1.00
2017.06.15 15:31:53.766,8.75278,8.75365,1.00,1.00
2017.06.15 15:31:54.299,8.75278,8.75366,1.00,1.00
2017.06.15 15:31:54.788,8.75284,8.75368,1.00,1.00
2017.06.15 15:31:55.168,8.75284,8.75366,1.00,1.00
2017.06.15 15:31:55.472,8.75296,8.75366,1.00,1.00
2017.06.15 15:31:55.886,8.75296,8.75368,1.00,1.00
2017.06.15 15:31:56.186,8.75296,8.75366,1.00,1.00
2017.06.15 15:31:56.845,8.75296,8.75371,1.00,1.00
2017.06.15 15:31:57.357,8.75307,8.75371,1.00,1.00
2017.06.15 15:31:57.946,8.75307,8.75373,1.00,1.00
2017.06.15 15:31:58.050,8.75314,8.75373,1.00,1.00
2017.06.15 15:31:58.101,8.75324,8.75391,1.00,1.00
2017.06.15 15:31:58.152,8.75336,8.75391,1.00,1.00
2017.06.15 15:31:58.307,8.75336,8.7541,1.00,1.00
2017.06.15 15:31:58.610,8.75336,8.75407,1.00,1.00
2017.06.15 15:31:58.959,8.75336,8.75405,1.00,1.00
2017.06.15 15:31:59.010,8.75325,8.75405,1.00,1.00
2017.06.15 15:31:59.266,8.75325,8.75408,1.00,1.00
2017.06.15 15:31:59.486,8.75325,8.75414,1.00,1.00
2017.06.15 15:31:59.816,8.75325,8.75409,1.00,1.00
2017.06.15 15:32:00.346,8.75325,8.7541,1.00,1.00
2017.06.15 15:32:00.397,8.75315,8.75406,1.00,1.00
2017.06.15 15:32:00.702,8.75315,8.7541,1.00,1.00
2017.06.15 15:32:01.027,8.75315,8.75414,1.00,1.00
2017.06.15 15:32:01.430,8.75312,8.75414,1.00,1.00
2017.06.15 15:32:02.053,8.75312,8.75408,1.00,1.00
2017.06.15 15:32:02.105,8.753,8.75408,1.00,1.00
2017.06.15 15:32:02.373,8.75294,8.75391,1.00,1.00
2017.06.15 15:32:02.677,8.75294,8.75386,1.00,1.00
2017.06.15 15:32:03.023,8.75294,8.75378,1.00,1.00
2017.06.15 15:32:03.292,8.75279,8.75378,1.00,1.00
2017.06.15 15:32:03.343,8.75285,8.75375,1.00,1.00
2017.06.15 15:32:04.439,8.75281,8.75375,1.00,1.00
2017.06.15 15:32:04.813,8.75288,8.75375,1.00,1.00
2017.06.15 15:32:05.411,8.75299,8.75375,1.00,1.00
2017.06.15 15:32:05.462,8.75299,8.75379,1.00,1.00
2017.06.15 15:32:05.757,8.75299,8.75385,1.00,1.00
2017.06.15 15:32:06.129,8.75299,8.75388,1.00,1.00
2017.06.15 15:32:06.306,8.75299,8.7539,1.00,1.00
2017.06.15 15:32:06.407,8.75303,8.7539,1.00,1.00
2017.06.15 15:32:06.966,8.75303,8.75394,1.00,1.00
2017.06.15 15:32:07.371,8.75299,8.75395,1.00,1.00
2017.06.15 15:32:07.552,8.75299,8.75397,1.00,1.00
2017.06.15 15:32:07.817,8.75309,8.75397,1.00,1.00
2017.06.15 15:32:07.869,8.75309,8.75399,1.00,1.00
2017.06.15 15:32:08.176,8.75309,8.75414,1.00,1.00
2017.06.15 15:32:08.825,8.75313,8.75414,1.00,1.00
2017.06.15 15:32:09.166,8.75313,8.75404,1.00,1.00
2017.06.15 15:32:09.421,8.75321,8.75413,1.00,1.00
2017.06.15 15:32:09.985,8.75321,8.75414,1.00,1.00
2017.06.15 15:32:10.086,8.75321,8.75424,1.00,1.00
2017.06.15 15:32:10.213,8.75325,8.75424,1.00,1.00
2017.06.15 15:32:10.539,8.75325,8.75415,1.00,1.00
2017.06.15 15:32:10.895,8.75339,8.75421,1.00,1.00
2017.06.15 15:32:11.286,8.75339,8.75425,1.00,1.00
2017.06.15 15:32:11.388,8.75331,8.75425,1.00,1.00
2017.06.15 15:32:11.490,8.75322,8.75425,1.00,1.00
2017.06.15 15:32:11.592,8.75322,8.75415,1.00,1.00
2017.06.15 15:32:11.905,8.75322,8.75409,1.00,1.00
2017.06.15 15:32:12.239,8.75331,8.75399,1.00,1.00
2017.06.15 15:32:12.477,8.75331,8.75401,1.00,1.00
2017.06.15 15:32:12.528,8.75323,8.75401,1.00,1.00
2017.06.15 15:32:12.731,8.75323,8.75413,1.00,1.00
2017.06.15 15:32:13.449,8.75323,8.75409,1.00,1.00
2017.06.15 15:32:13.798,8.75327,8.75404,1.00,1.00
2017.06.15 15:32:14.157,8.75333,8.75406,1.00,1.00
2017.06.15 15:32:14.675,8.75333,8.75405,1.00,1.00
2017.06.15 15:32:14.727,8.75333,8.75412,1.00,1.00
2017.06.15 15:32:14.785,8.75333,8.75406,1.00,1.00
2017.06.15 15:32:15.340,8.75332,8.75405,1.00,1.00
2017.06.15 15:32:15.727,8.75322,8.75405,1.00,1.00
2017.06.15 15:32:16.108,8.75322,8.75403,1.00,1.00
2017.06.15 15:32:16.699,8.75318,8.75404,1.00,1.00
2017.06.15 15:32:16.986,8.75318,8.75406,1.00,1.00
2017.06.15 15:32:17.647,8.75318,8.75407,1.00,1.00
2017.06.15 15:32:18.198,8.75318,8.75408,1.00,1.00
2017.06.15 15:32:19.173,8.75322,8.75408,1.00,1.00
2017.06.15 15:32:19.478,8.75329,8.75405,1.00,1.00
2017.06.15 15:32:19.778,8.75329,8.75412,1.00,1.00
2017.06.15 15:32:20.065,8.75329,8.75417,1.00,1.00
2017.06.15 15:32:20.376,8.75329,8.75426,1.00,1.00
2017.06.15 15:32:20.618,8.75329,8.75428,1.00,1.00
2017.06.15 15:32:21.141,8.75329,8.75429,1.00,1.00
2017.06.15 15:32:21.344,8.75335,8.7543,1.00,1.00
2017.06.15 15:32:21.540,8.75335,8.75446,1.00,1.00
2017.06.15 15:32:21.641,8.75328,8.75443,1.00,1.00
2017.06.15 15:32:21.743,8.75328,8.75427,1.00,1.00
2017.06.15 15:32:22.267,8.75328,8.75424,1.00,1.00
2017.06.15 15:32:22.596,8.75328,8.75429,1.00,1.00
2017.06.15 15:32:23.177,8.75328,8.75426,1.00,1.00
2017.06.15 15:32:23.561,8.75333,8.75426,1.00,1.00
2017.06.15 15:32:23.612,8.75333,8.75436,1.00,1.00
2017.06.15 15:32:23.940,8.75333,8.75431,1.00,1.00
2017.06.15 15:32:24.260,8.75342,8.75429,1.00,1.00
2017.06.15 15:32:24.383,8.75307,8.75429,1.00,1.00
2017.06.15 15:32:24.486,8.75316,8.75405,1.00,1.00
2017.06.15 15:32:24.688,8.75302,8.75402,1.00,1.00
2017.06.15 15:32:24.740,8.75292,8.75402,1.00,1.00
2017.06.15 15:32:25.031,8.75292,8.75393,1.00,1.00
2017.06.15 15:32:25.676,8.75292,8.75391,1.00,1.00
2017.06.15 15:32:26.052,8.75288,8.75391,1.00,1.00
2017.06.15 15:32:26.154,8.7528,8.75384,1.00,1.00
2017.06.15 15:32:26.437,8.75269,8.75384,1.00,1.00
2017.06.15 15:32:26.692,8.75269,8.75378,1.00,1.00
2017.06.15 15:32:27.326,8.75269,8.75377,1.00,1.00
2017.06.15 15:32:27.676,8.75267,8.75377,1.00,1.00
2017.06.15 15:32:27.954,8.75267,8.75375,1.00,1.00
2017.06.15 15:32:28.410,8.75267,8.75372,1.00,1.00
2017.06.15 15:32:28.727,8.75279,8.7537,1.00,1.00
2017.06.15 15:32:28.778,8.75279,8.75376,1.00,1.00
2017.06.15 15:32:28.829,8.75291,8.75376,1.00,1.00
2017.06.15 15:32:29.129,8.75291,8.75391,1.00,1.00
2017.06.15 15:32:29.435,8.75291,8.75389,1.00,1.00
2017.06.15 15:32:29.736,8.75284,8.75389,1.00,1.00
2017.06.15 15:32:29.938,8.75277,8.75388,1.00,1.00
2017.06.15 15:32:30.076,8.75277,8.75383,1.00,1.00
2017.06.15 15:32:30.736,8.75277,8.75385,1.00,1.00
2017.06.15 15:32:30.993,8.75265,8.75382,1.00,1.00
2017.06.15 15:32:31.327,8.75265,8.75379,1.00,1.00
2017.06.15 15:32:31.727,8.75265,8.75366,1.00,1.00
2017.06.15 15:32:32.037,8.75269,8.75366,1.00,1.00
2017.06.15 15:32:32.385,8.75269,8.75362,1.00,1.00
2017.06.15 15:32:33.021,8.75269,8.75361,1.00,1.00
2017.06.15 15:32:33.742,8.75269,8.75362,1.00,1.00
2017.06.15 15:32:34.256,8.75269,8.75374,1.00,1.00
2017.06.15 15:32:34.807,8.75269,8.7537,1.00,1.00
2017.06.15 15:32:34.894,8.75264,8.7537,1.00,1.00
2017.06.15 15:32:35.170,8.75272,8.7537,1.00,1.00
2017.06.15 15:32:35.576,8.75283,8.75381,1.00,1.00
2017.06.15 15:32:35.627,8.7527,8.75381,1.00,1.00
2017.06.15 15:32:35.809,8.7527,8.75374,1.00,1.00
2017.06.15 15:32:36.455,8.7527,8.75371,1.00,1.00
2017.06.15 15:32:36.943,8.75279,8.7537,1.00,1.00
2017.06.15 15:32:37.045,8.75279,8.75378,1.00,1.00
2017.06.15 15:32:37.173,8.75285,8.75378,1.00,1.00
2017.06.15 15:32:37.479,8.75285,8.75387,1.00,1.00
2017.06.15 15:32:37.665,8.75285,8.75379,1.00,1.00
2017.06.15 15:32:37.995,8.75285,8.75377,1.00,1.00
2017.06.15 15:32:38.216,8.75289,8.75382,1.00,1.00
2017.06.15 15:32:38.443,8.75283,8.75382,1.00,1.00
2017.06.15 15:32:39.096,8.75283,8.7539,1.00,1.00
2017.06.15 15:32:39.646,8.75283,8.75382,1.00,1.00
2017.06.15 15:32:39.977,8.75283,8.75384,1.00,1.00
2017.06.15 15:32:40.248,8.75276,8.75384,1.00,1.00
2017.06.15 15:32:40.628,8.75282,8.75385,1.00,1.00
2017.06.15 15:32:40.679,8.75282,8.7539,1.00,1.00
2017.06.15 15:32:41.077,8.75282,8.75383,1.00,1.00
2017.06.15 15:32:41.406,8.75282,8.75381,1.00,1.00
2017.06.15 15:32:41.959,8.75282,8.75382,1.00,1.00
2017.06.15 15:32:42.305,8.75275,8.7538,1.00,1.00
2017.06.15 15:32:42.459,8.75275,8.75383,1.00,1.00
2017.06.15 15:32:42.561,8.75279,8.75383,1.00,1.00
2017.06.15 15:32:42.902,8.75279,8.75381,1.00,1.00
2017.06.15 15:32:43.295,8.75279,8.75378,1.00,1.00
2017.06.15 15:32:43.524,8.75277,8.75378,1.00,1.00
2017.06.15 15:32:43.575,8.75274,8.75378,1.00,1.00
2017.06.15 15:32:43.626,8.75274,8.75376,1.00,1.00
2017.06.15 15:32:43.977,8.75274,8.75374,1.00,1.00
2017.06.15 15:32:44.587,8.75269,8.75374,1.00,1.00
2017.06.15 15:32:45.522,8.75269,8.75375,1.00,1.00
2017.06.15 15:32:45.805,8.75269,8.75377,1.00,1.00
2017.06.15 15:32:46.044,8.75273,8.75377,1.00,1.00
2017.06.15 15:32:46.230,8.75265,8.75377,1.00,1.00
2017.06.15 15:32:46.906,8.75265,8.75378,1.00,1.00
2017.06.15 15:32:47.481,8.75266,8.75379,1.00,1.00
2017.06.15 15:32:47.676,8.75266,8.75377,1.00,1.00
2017.06.15 15:32:48.006,8.75274,8.75377,1.00,1.00
2017.06.15 15:32:48.297,8.75274,8.75393,1.00,1.00
2017.06.15 15:32:48.348,8.7528,8.75393,1.00,1.00
2017.06.15 15:32:48.886,8.7528,8.75396,1.00,1.00
2017.06.15 15:32:49.494,8.75266,8.75396,1.00,1.00
2017.06.15 15:32:49.648,8.75266,8.75398,1.00,1.00
2017.06.15 15:32:50.096,8.75266,8.75391,1.00,1.00
2017.06.15 15:32:50.444,8.75276,8.75398,1.00,1.00
2017.06.15 15:32:50.830,8.75285,8.75398,1.00,1.00
2017.06.15 15:32:50.881,8.75285,8.754,1.00,1.00
2017.06.15 15:32:51.085,8.75285,8.75404,1.00,1.00
2017.06.15 15:32:51.745,8.75285,8.75405,1.00,1.00
2017.06.15 15:32:51.917,8.75292,8.75405,1.00,1.00
2017.06.15 15:32:51.968,8.75304,8.75429,1.00,1.00
2017.06.15 15:32:52.019,8.75318,8.75429,1.00,1.00
2017.06.15 15:32:52.156,8.75306,8.75429,1.00,1.00
2017.06.15 15:32:52.663,8.75292,8.75422,1.00,1.00
2017.06.15 15:32:52.956,8.75292,8.75418,1.00,1.00
2017.06.15 15:32:53.568,8.75292,8.75419,1.00,1.00
2017.06.15 15:32:53.769,8.75286,8.7542,1.00,1.00
2017.06.15 15:32:53.922,8.75324,8.7542,1.00,1.00
2017.06.15 15:32:53.973,8.75291,8.7542,1.00,1.00
2017.06.15 15:32:54.024,8.75329,8.7542,1.00,1.00
2017.06.15 15:32:54.075,8.75342,8.75435,1.00,1.00
2017.06.15 15:32:54.126,8.75365,8.75435,1.00,1.00
2017.06.15 15:32:54.278,8.75365,8.75463,1.00,1.00
2017.06.15 15:32:54.606,8.75365,8.75465,1.00,1.00
2017.06.15 15:32:54.937,8.75365,8.75472,1.00,1.00
2017.06.15 15:32:54.988,8.75375,8.75472,1.00,1.00
2017.06.15 15:32:55.156,8.75375,8.75474,1.00,1.00
2017.06.15 15:32:56.915,8.75375,8.75475,1.00,1.00
2017.06.15 15:32:57.153,8.75322,8.75475,1.00,1.00
2017.06.15 15:32:57.255,8.75322,8.75443,1.00,1.00
2017.06.15 15:32:57.612,8.7534,8.75447,1.00,1.00
2017.06.15 15:32:57.795,8.7534,8.75449,1.00,1.00
2017.06.15 15:32:58.277,8.75332,8.7545,1.00,1.00
2017.06.15 15:32:58.675,8.75332,8.75452,1.00,1.00
2017.06.15 15:32:59.262,8.75332,8.75453,1.00,1.00
2017.06.15 15:32:59.445,8.75331,8.75447,1.00,1.00
2017.06.15 15:32:59.997,8.75331,8.75446,1.00,1.00
2017.06.15 15:33:00.326,8.75332,8.75448,1.00,1.00
2017.06.15 15:33:00.875,8.75332,8.75446,1.00,1.00
2017.06.15 15:33:01.224,8.75332,8.7543,1.00,1.00
2017.06.15 15:33:01.537,8.75328,8.7543,1.00,1.00
2017.06.15 15:33:01.589,8.75328,8.75433,1.00,1.00
2017.06.15 15:33:02.217,8.75328,8.75434,1.00,1.00
2017.06.15 15:33:02.580,8.75306,8.75433,1.00,1.00
2017.06.15 15:33:02.684,8.75296,8.75415,1.00,1.00
2017.06.15 15:33:03.009,8.75296,8.75398,1.00,1.00
2017.06.15 15:33:04.066,8.75296,8.75397,1.00,1.00
2017.06.15 15:33:04.616,8.75296,8.75395,1.00,1.00
2017.06.15 15:33:05.165,8.75296,8.75393,1.00,1.00
2017.06.15 15:33:07.696,8.75296,8.75386,1.00,1.00
2017.06.15 15:33:08.106,8.75331,8.75386,1.00,1.00
2017.06.15 15:33:08.157,8.75331,8.75416,1.00,1.00
2017.06.15 15:33:08.906,8.75331,8.75421,1.00,1.00
2017.06.15 15:33:09.040,8.75333,8.75421,1.00,1.00
2017.06.15 15:33:09.456,8.75333,8.75425,1.00,1.00
2017.06.15 15:33:09.785,8.75333,8.75427,1.00,1.00
2017.06.15 15:33:10.027,8.75322,8.75427,1.00,1.00
2017.06.15 15:33:10.141,8.75305,8.75426,1.00,1.00
2017.06.15 15:33:10.192,8.75314,8.75426,1.00,1.00
2017.06.15 15:33:10.496,8.75314,8.75423,1.00,1.00
2017.06.15 15:33:10.807,8.75333,8.75423,1.00,1.00
2017.06.15 15:33:11.011,8.75333,8.75434,1.00,1.00
2017.06.15 15:33:11.765,8.75333,8.75435,1.00,1.00
2017.06.15 15:33:11.816,8.75336,8.75435,1.00,1.00
2017.06.15 15:33:12.164,8.75336,8.75437,1.00,1.00
2017.06.15 15:33:12.805,8.75337,8.75437,1.00,1.00
2017.06.15 15:33:13.399,8.75337,8.75438,1.00,1.00
2017.06.15 15:33:13.743,8.75348,8.75439,1.00,1.00
2017.06.15 15:33:13.845,8.75348,8.75444,1.00,1.00
2017.06.15 15:33:14.149,8.75348,8.7544,1.00,1.00
2017.06.15 15:33:14.380,8.75348,8.75476,1.00,1.00
2017.06.15 15:33:14.431,8.75357,8.75477,1.00,1.00
2017.06.15 15:33:14.634,8.75342,8.7547,1.00,1.00
2017.06.15 15:33:14.736,8.75342,8.75438,1.00,1.00
2017.06.15 15:33:15.041,8.75333,8.75459,1.00,1.00
2017.06.15 15:33:15.093,8.7532,8.75448,1.00,1.00
2017.06.15 15:33:15.144,8.75308,8.75437,1.50,1.00
2017.06.15 15:33:15.425,8.75308,8.75416,1.00,1.00
2017.06.15 15:33:15.596,8.75308,8.75425,1.00,1.00
2017.06.15 15:33:15.896,8.75308,8.75427,1.00,1.00
2017.06.15 15:33:16.176,8.75305,8.75427,1.00,1.00
2017.06.15 15:33:16.784,8.75305,8.75426,1.00,1.00
2017.06.15 15:33:17.170,8.75308,8.75427,1.00,1.00
2017.06.15 15:33:17.812,8.75308,8.75428,1.00,1.00
2017.06.15 15:33:18.178,8.75308,8.75421,1.00,1.00
2017.06.15 15:33:18.645,8.75311,8.75411,1.00,1.00
2017.06.15 15:33:18.975,8.75311,8.75414,1.00,1.00
2017.06.15 15:33:19.277,8.75309,8.75414,1.00,1.00
2017.06.15 15:33:19.966,8.75309,8.75411,1.00,1.00
2017.06.15 15:33:20.403,8.75317,8.75411,1.00,1.00
2017.06.15 15:33:20.454,8.75317,8.75414,1.00,1.00
2017.06.15 15:33:21.382,8.75319,8.75414,1.00,1.00
2017.06.15 15:33:21.882,8.75319,8.75417,1.00,1.00
2017.06.15 15:33:22.166,8.75319,8.75415,1.00,1.00
2017.06.15 15:33:22.427,8.75319,8.75417,1.00,1.00
2017.06.15 15:33:22.530,8.75327,8.75417,1.00,1.00
2017.06.15 15:33:22.737,8.75327,8.75437,1.00,1.00
2017.06.15 15:33:23.054,8.75327,8.75433,1.00,1.00
2017.06.15 15:33:23.366,8.75327,8.7543,1.00,1.00
2017.06.15 15:33:23.721,8.75365,8.75431,1.00,1.00
2017.06.15 15:33:23.772,8.75321,8.75431,1.00,1.00
2017.06.15 15:33:24.087,8.75321,8.75434,1.00,1.00
2017.06.15 15:33:24.365,8.75321,8.75438,1.00,1.00
2017.06.15 15:33:24.688,8.75333,8.75438,1.00,1.00
2017.06.15 15:33:25.025,8.75333,8.75436,1.00,1.00
2017.06.15 15:33:25.245,8.75333,8.75438,1.00,1.00
2017.06.15 15:33:25.625,8.75342,8.75439,1.00,1.00
2017.06.15 15:33:25.929,8.75352,8.75447,1.00,1.00
2017.06.15 15:33:26.031,8.75352,8.75465,1.00,1.00
2017.06.15 15:33:26.351,8.75352,8.75462,1.00,1.00
2017.06.15 15:33:26.895,8.75352,8.7546,1.00,1.00
2017.06.15 15:33:27.226,8.75352,8.75451,1.00,1.00
2017.06.15 15:33:27.556,8.75352,8.75456,1.00,1.00
2017.06.15 15:33:28.106,8.75351,8.75453,1.00,1.00
2017.06.15 15:33:28.208,8.75342,8.75453,1.00,1.00
2017.06.15 15:33:28.463,8.75342,8.75435,1.00,1.00
2017.06.15 15:33:28.655,8.75342,8.75437,1.00,1.00
2017.06.15 15:33:29.238,8.75342,8.75438,1.00,1.00
2017.06.15 15:33:29.339,8.75337,8.75437,1.00,1.00
2017.06.15 15:33:29.391,8.75315,8.75437,1.00,1.00
2017.06.15 15:33:29.442,8.75306,8.75419,1.00,1.00
2017.06.15 15:33:29.770,8.75306,8.75402,1.00,1.00
2017.06.15 15:33:29.881,8.75285,8.75402,1.00,1.00
2017.06.15 15:33:29.983,8.75285,8.75382,1.00,1.00
2017.06.15 15:33:30.321,8.75285,8.7536,1.00,1.00
2017.06.15 15:33:30.372,8.75273,8.7536,1.00,1.00
2017.06.15 15:33:30.423,8.75273,8.75362,1.00,1.00
2017.06.15 15:33:30.749,8.75273,8.75376,1.00,1.00
2017.06.15 15:33:30.846,8.75266,8.75376,1.00,1.00
2017.06.15 15:33:30.966,8.75266,8.75369,1.00,1.00
2017.06.15 15:33:31.295,8.75266,8.75371,1.00,1.00
2017.06.15 15:33:31.346,8.75259,8.75371,1.00,1.00
2017.06.15 15:33:31.660,8.75259,8.75375,1.00,1.00
2017.06.15 15:33:32.181,8.75259,8.75376,1.00,1.00
2017.06.15 15:33:32.334,8.75259,8.75378,1.00,1.00
2017.06.15 15:33:32.385,8.75264,8.75378,1.00,1.00
2017.06.15 15:33:32.507,8.75264,8.75383,1.00,1.00
2017.06.15 15:33:32.836,8.75264,8.75381,1.00,1.00
2017.06.15 15:33:33.166,8.75264,8.75364,1.00,1.00
2017.06.15 15:33:33.630,8.75266,8.75365,1.00,1.00
2017.06.15 15:33:34.046,8.75266,8.75355,1.00,1.00
2017.06.15 15:33:34.579,8.75266,8.75354,1.00,1.00
2017.06.15 15:33:34.705,8.75266,8.75363,1.00,1.00
2017.06.15 15:33:35.300,8.75266,8.75362,1.00,1.00
2017.06.15 15:33:36.795,8.75266,8.75361,1.00,1.00
2017.06.15 15:33:37.344,8.75266,8.75363,1.00,1.00
2017.06.15 15:33:37.485,8.75256,8.75363,1.00,1.00
2017.06.15 15:33:37.691,8.75256,8.75355,1.00,1.00
2017.06.15 15:33:38.006,8.75256,8.75359,1.00,1.00
2017.06.15 15:33:38.335,8.75256,8.75362,1.00,1.00
2017.06.15 15:33:38.475,8.75251,8.75362,1.00,1.00
2017.06.15 15:33:38.555,8.75251,8.7536,1.00,1.00
2017.06.15 15:33:39.240,8.75251,8.75358,1.00,1.00
2017.06.15 15:33:39.545,8.75258,8.75358,1.00,1.00
2017.06.15 15:33:39.596,8.75258,8.75361,1.00,1.00
2017.06.15 15:33:39.946,8.75252,8.75362,1.00,1.00
2017.06.15 15:33:40.107,8.75252,8.75367,1.00,1.00
2017.06.15 15:33:40.209,8.75261,8.75367,1.00,1.00
2017.06.15 15:33:40.456,8.75261,8.75381,1.00,1.00
2017.06.15 15:33:40.667,8.75271,8.75381,1.00,1.00
2017.06.15 15:33:41.014,8.75271,8.75373,1.00,1.00
2017.06.15 15:33:41.305,8.75271,8.75376,1.00,1.00
2017.06.15 15:33:41.635,8.75271,8.75379,1.00,1.00
2017.06.15 15:33:41.686,8.75273,8.75379,1.00,1.00
2017.06.15 15:33:42.015,8.75251,8.75379,1.00,1.00
2017.06.15 15:33:42.117,8.75261,8.75362,1.00,1.00
2017.06.15 15:33:42.219,8.75247,8.75362,1.00,1.00
2017.06.15 15:33:42.321,8.75247,8.75373,1.00,1.00
2017.06.15 15:33:42.590,8.75266,8.75385,1.00,1.00
2017.06.15 15:33:42.956,8.75266,8.75368,1.00,1.00
2017.06.15 15:33:43.226,8.7526,8.75363,1.00,1.00
2017.06.15 15:33:43.409,8.75284,8.75363,1.00,1.00
2017.06.15 15:33:43.460,8.75267,8.75363,1.00,1.00
2017.06.15 15:33:43.956,8.75267,8.75356,1.00,1.00
2017.06.15 15:33:44.461,8.75263,8.75355,1.00,1.00
2017.06.15 15:33:44.646,8.75263,8.75353,1.00,1.00
2017.06.15 15:33:44.849,8.75263,8.75374,1.00,1.00
2017.06.15 15:33:45.057,8.75263,8.75361,1.00,1.00
2017.06.15 15:33:45.578,8.75263,8.75362,1.00,1.00
2017.06.15 15:33:45.909,8.75263,8.75357,1.00,1.00
2017.06.15 15:33:46.066,8.75259,8.75357,1.00,1.00
2017.06.15 15:33:46.366,8.75266,8.75357,1.00,1.00
2017.06.15 15:33:46.627,8.75266,8.7536,1.00,1.00
2017.06.15 15:33:46.933,8.75266,8.75367,1.00,1.00
2017.06.15 15:33:46.985,8.75253,8.75367,1.00,1.00
2017.06.15 15:33:47.169,8.75253,8.75346,1.00,1.00
2017.06.15 15:33:47.365,8.75253,8.75351,1.00,1.00
2017.06.15 15:33:47.999,8.75256,8.75351,1.00,1.00
2017.06.15 15:33:48.323,8.75201,8.75348,1.00,1.00
2017.06.15 15:33:48.375,8.75216,8.75309,1.00,1.00
2017.06.15 15:33:48.715,8.75216,8.75323,1.00,1.00
2017.06.15 15:33:48.982,8.75216,8.75329,1.00,1.00
2017.06.15 15:33:49.156,8.7523,8.75329,1.00,1.00
2017.06.15 15:33:49.369,8.75216,8.75326,1.00,1.00
2017.06.15 15:33:49.595,8.75216,8.7532,1.00,1.00
2017.06.15 15:33:49.848,8.75216,8.75322,1.00,1.00
2017.06.15 15:33:50.110,8.75222,8.75322,1.00,1.00
2017.06.15 15:33:50.161,8.75222,8.75326,1.00,1.00
2017.06.15 15:33:50.472,8.75227,8.75326,1.00,1.00
2017.06.15 15:33:50.523,8.75227,8.75328,1.00,1.00
2017.06.15 15:33:50.805,8.75227,8.75333,1.00,1.00
2017.06.15 15:33:51.027,8.75227,8.75336,1.00,1.00
2017.06.15 15:33:51.376,8.75223,8.75337,1.00,1.00
2017.06.15 15:33:51.573,8.752,8.75328,1.00,1.00
2017.06.15 15:33:51.624,8.752,8.75318,1.00,1.00
2017.06.15 15:33:51.986,8.75187,8.75315,1.00,1.00
2017.06.15 15:33:52.346,8.75187,8.75306,1.00,1.00
2017.06.15 15:33:52.651,8.75188,8.75304,1.00,1.00
2017.06.15 15:33:52.990,8.75188,8.75291,1.00,1.00
2017.06.15 15:33:53.091,8.75177,8.75291,1.00,1.00
2017.06.15 15:33:53.142,8.75163,8.75291,1.00,1.50
2017.06.15 15:33:53.304,8.75153,8.75279,1.00,1.00
2017.06.15 15:33:53.608,8.75172,8.75278,1.00,1.00
2017.06.15 15:33:53.776,8.75172,8.75283,1.00,1.00
2017.06.15 15:33:54.105,8.75172,8.75285,1.00,1.00
2017.06.15 15:33:54.438,8.75175,8.75299,1.00,1.00
2017.06.15 15:33:55.398,8.75175,8.753,1.00,1.00
2017.06.15 15:33:55.491,8.75169,8.75298,1.00,1.00
2017.06.15 15:33:55.542,8.75163,8.75292,1.00,1.00
2017.06.15 15:33:56.216,8.75163,8.75291,1.00,1.00
2017.06.15 15:33:56.591,8.75165,8.75293,1.00,1.00
2017.06.15 15:33:56.906,8.7514,8.75268,1.00,1.00
2017.06.15 15:33:57.231,8.75152,8.75271,1.00,1.00
2017.06.15 15:33:57.536,8.75166,8.75285,1.00,1.00
2017.06.15 15:33:57.738,8.75176,8.75296,1.00,1.00
2017.06.15 15:33:57.963,8.75176,8.75303,1.00,1.00
2017.06.15 15:33:58.302,8.75168,8.75286,1.00,1.00
2017.06.15 15:33:58.523,8.75132,8.7526,1.00,1.00
2017.06.15 15:33:58.625,8.75132,8.75257,1.00,1.00
2017.06.15 15:33:58.979,8.75132,8.75259,1.00,1.00
2017.06.15 15:33:59.487,8.75132,8.7526,1.00,1.00
2017.06.15 15:33:59.538,8.75136,8.75248,1.00,1.00
2017.06.15 15:33:59.885,8.75136,8.75253,1.00,1.00
2017.06.15 15:34:00.056,8.75136,8.75246,1.00,1.00
2017.06.15 15:34:00.435,8.75136,8.75257,1.00,1.00
2017.06.15 15:34:00.619,8.75125,8.75253,1.00,1.00
2017.06.15 15:34:00.720,8.75115,8.75243,1.00,1.00
2017.06.15 15:34:01.025,8.75093,8.75221,1.00,1.00
2017.06.15 15:34:01.076,8.75081,8.7521,1.00,1.00
2017.06.15 15:34:01.178,8.75104,8.75229,1.00,1.00
2017.06.15 15:34:01.413,8.7512,8.75248,1.00,1.50
2017.06.15 15:34:01.827,8.7512,8.75229,1.00,1.00
2017.06.15 15:34:01.878,8.75104,8.75229,1.00,1.00
2017.06.15 15:34:02.081,8.75104,8.7522,1.00,1.00
2017.06.15 15:34:02.335,8.75101,8.7522,1.00,1.00
2017.06.15 15:34:02.696,8.75101,8.75212,1.00,1.00
2017.06.15 15:34:03.026,8.75101,8.75209,1.00,1.00
2017.06.15 15:34:03.327,8.75106,8.75209,1.00,1.00
2017.06.15 15:34:03.664,8.75106,8.75206,1.00,1.00
2017.06.15 15:34:03.784,8.751,8.75206,1.00,1.00
2017.06.15 15:34:03.835,8.7509,8.75205,1.00,1.00
2017.06.15 15:34:03.937,8.7509,8.75196,1.00,1.00
2017.06.15 15:34:04.038,8.75088,8.75196,1.00,1.00
2017.06.15 15:34:04.190,8.75073,8.75196,1.00,1.00
2017.06.15 15:34:04.241,8.75073,8.75194,1.00,1.00
2017.06.15 15:34:04.560,8.75057,8.75187,1.00,1.00
2017.06.15 15:34:04.881,8.75057,8.75178,1.00,1.00
2017.06.15 15:34:05.096,8.75047,8.75176,1.00,1.00
2017.06.15 15:34:05.147,8.75047,8.75171,1.00,1.00
2017.06.15 15:34:05.451,8.75056,8.75166,1.00,1.00
2017.06.15 15:34:05.502,8.75044,8.75166,1.00,1.00
2017.06.15 15:34:05.924,8.75044,8.75161,1.00,1.00
2017.06.15 15:34:06.326,8.75044,8.75155,1.00,1.00
2017.06.15 15:34:06.503,8.7504,8.75155,1.00,1.00
2017.06.15 15:34:06.655,8.75051,8.75155,1.00,1.00
2017.06.15 15:34:06.977,8.75039,8.75144,1.00,1.00
2017.06.15 15:34:07.033,8.75039,8.75155,1.00,1.00
2017.06.15 15:34:07.199,8.75041,8.75155,1.00,1.00
2017.06.15 15:34:07.535,8.75041,8.75145,1.00,1.00
2017.06.15 15:34:07.879,8.75052,8.75147,1.00,1.00
2017.06.15 15:34:08.124,8.7504,8.75167,1.00,1.00
2017.06.15 15:34:08.225,8.7504,8.75148,1.00,1.00
2017.06.15 15:34:08.745,8.7504,8.75145,1.00,1.00
2017.06.15 15:34:09.075,8.7504,8.75142,1.00,1.00
2017.06.15 15:34:09.755,8.7504,8.75139,1.00,1.00
2017.06.15 15:34:09.954,8.7504,8.75143,1.00,1.00
2017.06.15 15:34:10.183,8.75052,8.75143,1.00,1.00
2017.06.15 15:34:10.336,8.75064,8.75162,1.00,1.00
2017.06.15 15:34:10.638,8.75064,8.75171,1.00,1.00
2017.06.15 15:34:10.946,8.75064,8.7518,1.00,1.00
2017.06.15 15:34:11.267,8.75058,8.7518,1.00,1.00
2017.06.15 15:34:11.395,8.75052,8.7518,1.00,1.00
2017.06.15 15:34:11.446,8.75041,8.7517,1.00,1.00
2017.06.15 15:34:12.445,8.75037,8.75166,1.00,1.00
2017.06.15 15:34:12.904,8.75037,8.75163,1.00,1.00
2017.06.15 15:34:13.446,8.7504,8.75162,1.00,1.00
2017.06.15 15:34:13.915,8.7504,8.75154,1.00,1.00
2017.06.15 15:34:14.198,8.7504,8.75156,1.00,1.00
2017.06.15 15:34:14.498,8.75041,8.75162,1.00,1.00
2017.06.15 15:34:15.125,8.75041,8.75161,1.00,1.00
2017.06.15 15:34:15.176,8.75052,8.75161,1.00,1.00
2017.06.15 15:34:15.278,8.75043,8.75161,1.00,1.00
2017.06.15 15:34:15.329,8.75056,8.75161,1.00,1.00
2017.06.15 15:34:15.499,8.75056,8.75179,1.00,1.00
2017.06.15 15:34:15.702,8.75071,8.75179,1.00,1.00
2017.06.15 15:34:15.803,8.75071,8.75188,1.00,1.00
2017.06.15 15:34:16.139,8.75041,8.75188,1.00,1.00
2017.06.15 15:34:16.190,8.7507,8.75188,1.00,1.00
2017.06.15 15:34:16.530,8.7507,8.75186,1.00,1.00
2017.06.15 15:34:17.106,8.7507,8.75185,1.00,1.00
2017.06.15 15:34:17.435,8.75069,8.75182,1.00,1.00
2017.06.15 15:34:17.762,8.7508,8.75182,1.00,1.00
2017.06.15 15:34:17.914,8.75069,8.7519,1.00,1.00
2017.06.15 15:34:18.426,8.75069,8.75185,1.00,1.00
2017.06.15 15:34:18.720,8.75063,8.75185,1.00,1.00
2017.06.15 15:34:18.771,8.75063,8.75189,1.00,1.00
2017.06.15 15:34:18.980,8.75063,8.75192,1.00,1.50
2017.06.15 15:34:19.082,8.75069,8.75192,1.00,1.00
2017.06.15 15:34:19.635,8.75069,8.75188,1.00,1.00
2017.06.15 15:34:19.952,8.75069,8.75191,1.00,1.00
2017.06.15 15:34:20.186,8.75069,8.75187,1.00,1.00
2017.06.15 15:34:20.551,8.75069,8.75185,1.00,1.00
2017.06.15 15:34:20.996,8.75073,8.75186,1.00,1.00
2017.06.15 15:34:21.244,8.75096,8.75214,1.00,1.00
2017.06.15 15:34:21.296,8.75138,8.75214,1.00,1.00
2017.06.15 15:34:21.504,8.75138,8.7523,1.00,1.00
2017.06.15 15:34:21.759,8.75138,8.75253,1.00,1.00
2017.06.15 15:34:22.063,8.75138,8.75255,1.00,1.00
2017.06.15 15:34:22.147,8.75144,8.75255,1.00,1.00
2017.06.15 15:34:22.656,8.75144,8.75256,1.00,1.00
2017.06.15 15:34:23.090,8.75133,8.75257,1.00,1.00
2017.06.15 15:34:23.277,8.75133,8.75252,1.00,1.00
2017.06.15 15:34:23.916,8.75133,8.75251,1.00,1.00
2017.06.15 15:34:24.035,8.75133,8.75261,1.00,1.00
2017.06.15 15:34:24.315,8.75124,8.75252,1.00,1.00
2017.06.15 15:34:24.696,8.75124,8.75232,1.00,1.00
2017.06.15 15:34:25.037,8.75132,8.75238,1.00,1.00
2017.06.15 15:34:25.334,8.75126,8.75238,1.00,1.00
2017.06.15 15:34:25.385,8.75126,8.7524,1.00,1.00
2017.06.15 15:34:25.574,8.75126,8.75242,1.00,1.00
2017.06.15 15:34:25.908,8.75126,8.7523,1.00,1.00
2017.06.15 15:34:26.234,8.75131,8.75243,1.00,1.00
2017.06.15 15:34:26.423,8.75139,8.75243,1.00,1.00
2017.06.15 15:34:26.474,8.75139,8.75246,1.00,1.00
2017.06.15 15:34:26.784,8.75139,8.75254,1.00,1.00
2017.06.15 15:34:27.226,8.75139,8.75256,1.00,1.00
2017.06.15 15:34:27.424,8.75143,8.75256,1.00,1.00
2017.06.15 15:34:27.776,8.75143,8.7526,1.00,1.00
2017.06.15 15:34:28.188,8.75134,8.7526,1.00,1.00
2017.06.15 15:34:28.435,8.75134,8.75262,1.00,1.00
2017.06.15 15:34:28.549,8.75143,8.75268,1.00,1.00
2017.06.15 15:34:28.655,8.75143,8.75271,1.00,1.00
2017.06.15 15:34:29.253,8.75137,8.75265,1.00,1.00
2017.06.15 15:34:29.567,8.75132,8.75259,1.00,1.00
2017.06.15 15:34:30.519,8.75135,8.75263,1.00,1.00
2017.06.15 15:34:31.681,8.75139,8.75267,1.00,1.50
2017.06.15 15:34:32.395,8.75139,8.75265,1.00,1.00
2017.06.15 15:34:33.133,8.75139,8.7526,1.00,1.00
2017.06.15 15:34:33.436,8.75137,8.75247,1.00,1.00
2017.06.15 15:34:34.055,8.75137,8.75254,1.00,1.00
2017.06.15 15:34:34.385,8.75137,8.75246,1.00,1.00
2017.06.15 15:34:35.265,8.75137,8.75247,1.00,1.00
2017.06.15 15:34:35.816,8.75137,8.75249,1.00,1.00
2017.06.15 15:34:36.145,8.75137,8.75251,1.00,1.00
2017.06.15 15:34:36.695,8.75137,8.7525,1.00,1.00
2017.06.15 15:34:36.893,8.75131,8.7525,1.00,1.00
2017.06.15 15:34:37.622,8.75131,8.75251,1.00,1.00
2017.06.15 15:34:39.060,8.75131,8.75252,1.00,1.00
2017.06.15 15:34:39.733,8.75131,8.75251,1.00,1.00
2017.06.15 15:34:39.785,8.75131,8.75253,1.00,1.00
2017.06.15 15:34:40.104,8.75131,8.75244,1.00,1.00
2017.06.15 15:34:40.655,8.75131,8.75249,1.00,1.00
2017.06.15 15:34:40.959,8.75133,8.75249,1.00,1.00
2017.06.15 15:34:41.315,8.75133,8.75251,1.00,1.00
2017.06.15 15:34:41.864,8.75133,8.75254,1.00,1.00
2017.06.15 15:34:42.154,8.75125,8.75253,1.00,1.00
2017.06.15 15:34:42.205,8.75125,8.75246,1.00,1.00
2017.06.15 15:34:42.545,8.75125,8.75252,1.00,1.00
2017.06.15 15:34:42.946,8.7513,8.75253,1.00,1.00
2017.06.15 15:34:43.954,8.7513,8.75254,1.00,1.00
2017.06.15 15:34:44.426,8.75123,8.75246,1.00,1.00
2017.06.15 15:34:44.741,8.75138,8.75253,1.00,1.00
2017.06.15 15:34:45.077,8.75138,8.75248,1.00,1.00
2017.06.15 15:34:45.421,8.75138,8.75251,1.00,1.00
2017.06.15 15:34:45.604,8.75138,8.75257,1.00,1.00
2017.06.15 15:34:45.655,8.75134,8.75257,1.00,1.00
2017.06.15 15:34:45.956,8.75134,8.75261,1.00,1.00
2017.06.15 15:34:46.644,8.75134,8.75264,1.00,1.00
2017.06.15 15:34:46.815,8.75134,8.7526,1.00,1.00
2017.06.15 15:34:47.584,8.75134,8.75253,1.00,1.00
2017.06.15 15:34:48.290,8.75121,8.75251,1.00,1.00
2017.06.15 15:34:48.341,8.75112,8.75243,1.00,1.00
2017.06.15 15:34:48.392,8.75112,8.75229,1.00,1.00
2017.06.15 15:34:49.144,8.75102,8.75229,1.00,1.00
2017.06.15 15:34:49.246,8.75102,8.75217,1.00,1.00
2017.06.15 15:34:50.047,8.75102,8.75218,1.00,1.00
2017.06.15 15:34:50.104,8.75098,8.75218,1.00,1.00
2017.06.15 15:34:50.665,8.75098,8.75215,1.00,1.00
2017.06.15 15:34:50.995,8.75098,8.75213,1.00,1.00
2017.06.15 15:34:51.546,8.75098,8.75208,1.00,1.00
2017.06.15 15:34:51.875,8.75098,8.75211,1.00,1.00
2017.06.15 15:34:52.421,8.75098,8.75212,1.00,1.00
2017.06.15 15:34:52.534,8.75098,8.7522,1.00,1.00
2017.06.15 15:34:52.585,8.75103,8.7522,1.00,1.00
2017.06.15 15:34:53.084,8.75103,8.75212,1.00,1.00
2017.06.15 15:34:53.136,8.75094,8.75212,1.00,1.00
2017.06.15 15:34:53.416,8.75094,8.75208,1.00,1.00
2017.06.15 15:34:53.746,8.75099,8.75204,1.00,1.00
2017.06.15 15:34:53.999,8.75088,8.75211,1.00,1.00
2017.06.15 15:34:54.304,8.75124,8.75225,1.00,1.00
2017.06.15 15:34:54.609,8.75134,8.75225,1.00,1.00
2017.06.15 15:34:54.875,8.75145,8.75239,1.00,1.00
2017.06.15 15:34:55.185,8.75145,8.75233,1.00,1.00
2017.06.15 15:34:55.528,8.75119,8.75239,1.00,1.00
2017.06.15 15:34:55.630,8.75107,8.75218,1.00,1.00
2017.06.15 15:34:55.899,8.75097,8.75218,1.00,1.00
2017.06.15 15:34:55.950,8.75097,8.75225,1.00,1.00
2017.06.15 15:34:56.210,8.75097,8.75217,1.00,1.00
2017.06.15 15:34:56.560,8.75126,8.75229,1.00,1.00
2017.06.15 15:34:56.611,8.75128,8.75252,1.00,1.00
2017.06.15 15:34:56.806,8.75103,8.7523,1.00,1.00
2017.06.15 15:34:57.503,8.75127,8.75254,1.00,1.00
2017.06.15 15:34:57.809,8.75102,8.7523,1.00,1.00
2017.06.15 15:34:58.787,8.75099,8.75224,1.00,1.00
2017.06.15 15:35:00.274,8.75107,8.75234,1.00,1.00
2017.06.15 15:35:00.466,8.75098,8.75225,1.00,1.00
2017.06.15 15:35:00.775,8.75108,8.75234,1.00,1.00
2017.06.15 15:35:01.068,8.75096,8.75224,1.00,1.00
2017.06.15 15:35:02.066,8.75101,8.75229,1.00,1.00
2017.06.15 15:35:02.373,8.75095,8.75223,1.00,1.00
2017.06.15 15:35:03.112,8.75089,8.75216,1.00,1.00
2017.06.15 15:35:03.485,8.75082,8.75208,1.00,1.00
2017.06.15 15:35:04.713,8.75099,8.75223,1.00,1.00
2017.06.15 15:35:04.966,8.75099,8.75227,1.00,1.00
2017.06.15 15:35:05.233,8.75087,8.75215,1.00,1.00
2017.06.15 15:35:05.546,8.75103,8.75222,1.00,1.00
2017.06.15 15:35:05.698,8.75103,8.75231,1.00,1.00
2017.06.15 15:35:05.908,8.75113,8.7524,1.00,1.00
2017.06.15 15:35:06.900,8.75108,8.75235,1.00,1.00
2017.06.15 15:35:07.902,8.75104,8.75231,1.00,1.00
2017.06.15 15:35:08.175,8.75109,8.75237,1.00,1.00
2017.06.15 15:35:09.153,8.75108,8.75236,1.00,1.00
2017.06.15 15:35:09.921,8.75101,8.75229,1.00,1.00
2017.06.15 15:35:10.627,8.75108,8.75236,1.00,1.00
2017.06.15 15:35:11.306,8.751,8.75228,1.00,1.00
2017.06.15 15:35:11.637,8.75075,8.75203,1.00,1.00
2017.06.15 15:35:11.689,8.75043,8.75205,1.00,1.00
2017.06.15 15:35:11.841,8.75043,8.75185,1.00,1.00
2017.06.15 15:35:12.298,8.75043,8.75202,1.00,1.00
2017.06.15 15:35:13.336,8.75047,8.75207,1.00,1.00
2017.06.15 15:35:14.287,8.75043,8.75202,1.00,1.00
2017.06.15 15:35:15.288,8.75046,8.75205,1.00,1.00
2017.06.15 15:35:15.599,8.75054,8.75213,1.00,1.00
2017.06.15 15:35:16.199,8.75125,8.75226,1.00,1.00
2017.06.15 15:35:16.352,8.75142,8.75279,1.00,1.00
2017.06.15 15:35:16.403,8.75142,8.75291,1.00,1.00
2017.06.15 15:35:16.658,8.75142,8.75304,1.00,1.00
2017.06.15 15:35:16.760,8.75158,8.75304,1.00,1.00
2017.06.15 15:35:16.985,8.75158,8.75307,1.00,1.00
2017.06.15 15:35:17.137,8.75168,8.75307,1.00,1.00
2017.06.15 15:35:17.513,8.75168,8.75304,1.00,1.00
2017.06.15 15:35:17.846,8.75168,8.75302,1.00,1.00
2017.06.15 15:35:18.160,8.75174,8.75322,1.00,1.00
2017.06.15 15:35:18.393,8.75174,8.75316,1.00,1.00
2017.06.15 15:35:18.656,8.75169,8.75316,1.00,1.00
2017.06.15 15:35:18.707,8.75158,8.75309,1.00,1.00
2017.06.15 15:35:18.759,8.75148,8.75296,1.00,1.00
2017.06.15 15:35:19.166,8.75148,8.75285,1.00,1.00
2017.06.15 15:35:19.729,8.75147,8.75284,1.00,1.00
2017.06.15 15:35:19.786,8.75143,8.75284,1.00,1.00
2017.06.15 15:35:19.902,8.75137,8.75283,1.00,1.00
2017.06.15 15:35:19.954,8.75133,8.75283,1.00,1.00
2017.06.15 15:35:20.055,8.75133,8.75277,1.00,1.00
2017.06.15 15:35:20.397,8.75133,8.75272,1.00,1.00
2017.06.15 15:35:20.742,8.75133,8.75277,1.00,1.00
2017.06.15 15:35:20.794,8.75125,8.75276,1.00,1.00
2017.06.15 15:35:20.961,8.75125,8.75262,1.00,1.00
2017.06.15 15:35:21.254,8.75125,8.75264,1.00,1.00
2017.06.15 15:35:21.583,8.75125,8.75268,1.00,1.00
2017.06.15 15:35:21.786,8.7513,8.75268,1.00,1.00
2017.06.15 15:35:22.133,8.7513,8.75264,1.00,1.00
2017.06.15 15:35:22.462,8.7513,8.75262,1.00,1.00
2017.06.15 15:35:22.793,8.7513,8.75268,1.00,1.00
2017.06.15 15:35:23.123,8.7513,8.7527,1.00,1.00
2017.06.15 15:35:23.674,8.7513,8.75266,1.00,1.00
2017.06.15 15:35:24.332,8.7513,8.75264,1.00,1.00
2017.06.15 15:35:24.992,8.7513,8.75265,1.00,1.00
2017.06.15 15:35:25.352,8.75155,8.75285,1.00,1.00
2017.06.15 15:35:25.454,8.75166,8.75304,1.00,1.00
2017.06.15 15:35:25.764,8.75166,8.75292,1.00,1.00
2017.06.15 15:35:25.983,8.75166,8.75305,1.00,1.00
2017.06.15 15:35:26.261,8.7516,8.75305,1.00,1.00
2017.06.15 15:35:26.312,8.7516,8.75299,1.00,1.00
2017.06.15 15:35:26.865,8.7516,8.753,1.00,1.00
2017.06.15 15:35:27.303,8.7516,8.75298,1.00,1.00
2017.06.15 15:35:27.643,8.7516,8.753,1.00,1.00
2017.06.15 15:35:28.107,8.75163,8.753,1.00,1.00
2017.06.15 15:35:28.293,8.75163,8.75302,1.00,1.00
2017.06.15 15:35:28.623,8.75163,8.75304,1.00,1.00
2017.06.15 15:35:28.843,8.75163,8.75306,1.00,1.00
2017.06.15 15:35:29.173,8.75164,8.75302,1.00,1.00
2017.06.15 15:35:29.348,8.75156,8.75328,1.00,1.00
2017.06.15 15:35:29.399,8.75193,8.75328,1.00,1.00
2017.06.15 15:35:29.452,8.75193,8.75331,1.00,1.00
2017.06.15 15:35:29.504,8.75193,8.75345,1.00,1.00
2017.06.15 15:35:30.268,8.752,8.75351,1.00,1.00
2017.06.15 15:35:30.715,8.752,8.75348,1.00,1.00
2017.06.15 15:35:31.043,8.752,8.75342,1.00,1.00
2017.06.15 15:35:31.579,8.75207,8.75342,1.00,1.00
2017.06.15 15:35:31.697,8.75207,8.75351,1.00,1.50
2017.06.15 15:35:32.253,8.75207,8.75349,1.00,1.00
2017.06.15 15:35:32.583,8.75207,8.75351,1.00,1.50
2017.06.15 15:35:32.967,8.75201,8.75346,1.00,1.00
2017.06.15 15:35:33.019,8.75187,8.7533,1.00,1.00
2017.06.15 15:35:33.071,8.75202,8.75347,1.00,1.00
2017.06.15 15:35:34.039,8.7521,8.75349,1.00,1.00
2017.06.15 15:35:34.232,8.7521,8.75353,1.00,1.00
2017.06.15 15:35:34.603,8.75217,8.7536,1.00,1.00
2017.06.15 15:35:34.944,8.75217,8.75354,1.00,1.00
2017.06.15 15:35:35.113,8.75217,8.75356,1.00,1.00
2017.06.15 15:35:35.581,8.75213,8.75355,1.00,1.00
2017.06.15 15:35:35.791,8.75213,8.75353,1.00,1.00
2017.06.15 15:35:36.103,8.75213,8.7535,1.00,1.00
2017.06.15 15:35:36.449,8.75213,8.75352,1.00,1.00
2017.06.15 15:35:36.703,8.75216,8.75351,1.00,1.00
2017.06.15 15:35:36.983,8.75216,8.75359,1.00,1.00
2017.06.15 15:35:37.313,8.75216,8.75356,1.00,1.00
2017.06.15 15:35:37.691,8.75212,8.75345,1.00,1.00
2017.06.15 15:35:37.899,8.75212,8.75355,1.00,1.00
2017.06.15 15:35:38.193,8.75212,8.75348,1.00,1.00
2017.06.15 15:35:38.523,8.75212,8.75355,1.00,1.00
2017.06.15 15:35:38.691,8.75216,8.75356,1.00,1.00
2017.06.15 15:35:39.039,8.75216,8.75347,1.00,1.00
2017.06.15 15:35:39.407,8.75202,8.75345,1.00,1.00
2017.06.15 15:35:39.844,8.75202,8.75334,1.00,1.00
2017.06.15 15:35:40.366,8.75209,8.75335,1.00,1.00
2017.06.15 15:35:40.632,8.75222,8.75361,1.00,1.00
2017.06.15 15:35:41.196,8.75234,8.75377,1.00,1.00
2017.06.15 15:35:41.247,8.75253,8.75384,1.00,1.00
2017.06.15 15:35:41.501,8.75253,8.75387,1.00,1.00
2017.06.15 15:35:41.552,8.75238,8.75381,1.00,1.00
2017.06.15 15:35:42.071,8.75238,8.75374,1.00,1.00
2017.06.15 15:35:42.122,8.75229,8.75372,1.00,1.00
2017.06.15 15:35:42.426,8.75218,8.75361,1.00,1.00
2017.06.15 15:35:42.746,8.75218,8.75357,1.00,1.00
2017.06.15 15:35:42.847,8.75218,8.75359,1.00,1.00
2017.06.15 15:35:43.164,8.75218,8.75355,1.00,1.00
2017.06.15 15:35:43.407,8.75215,8.75355,1.00,1.00
2017.06.15 15:35:43.509,8.75209,8.75349,1.00,1.00
2017.06.15 15:35:43.560,8.75206,8.75349,1.00,1.00
2017.06.15 15:35:43.814,8.75206,8.75338,1.00,1.00
2017.06.15 15:35:44.017,8.75195,8.75336,1.00,1.00
2017.06.15 15:35:44.162,8.75184,8.75317,1.00,1.00
2017.06.15 15:35:44.418,8.75174,8.75317,1.00,1.50
2017.06.15 15:35:44.469,8.75174,8.75311,1.00,1.00
2017.06.15 15:35:44.794,8.75174,8.75317,1.00,1.00
2017.06.15 15:35:45.183,8.75174,8.75315,1.00,1.00
2017.06.15 15:35:45.546,8.75171,8.75311,1.00,1.00
2017.06.15 15:35:46.223,8.75171,8.75312,1.00,1.00
2017.06.15 15:35:46.588,8.75177,8.75312,1.00,1.00
2017.06.15 15:35:46.949,8.75203,8.75311,1.00,1.00
2017.06.15 15:35:47.000,8.75203,8.75343,1.00,1.00
2017.06.15 15:35:47.051,8.75213,8.75343,1.00,1.00
2017.06.15 15:35:47.355,8.75213,8.75352,1.00,1.00
2017.06.15 15:35:47.563,8.75213,8.75344,1.00,1.00
2017.06.15 15:35:47.873,8.75215,8.75342,1.00,1.00
2017.06.15 15:35:48.291,8.75206,8.75346,1.00,1.00
2017.06.15 15:35:48.343,8.75239,8.75346,1.00,1.00
2017.06.15 15:35:48.445,8.75206,8.75346,1.00,1.00
2017.06.15 15:35:48.563,8.75206,8.75351,1.00,1.00
2017.06.15 15:35:49.083,8.75206,8.75354,1.00,1.00
2017.06.15 15:35:49.396,8.75202,8.75354,1.00,1.00
2017.06.15 15:35:49.447,8.75202,8.75357,1.00,1.00
2017.06.15 15:35:49.663,8.75202,8.75359,1.00,1.00
2017.06.15 15:35:50.269,8.75194,8.75353,1.00,1.00
2017.06.15 15:35:50.320,8.75182,8.75341,1.00,1.00
2017.06.15 15:35:50.623,8.75158,8.75317,1.00,1.00
2017.06.15 15:35:51.402,8.75154,8.75311,1.00,1.00
2017.06.15 15:35:51.605,8.75142,8.75301,1.00,1.00
2017.06.15 15:35:52.434,8.75148,8.75307,1.00,1.00
2017.06.15 15:35:52.842,8.75136,8.75304,1.00,1.00
2017.06.15 15:35:52.893,8.75136,8.75296,1.00,1.00
2017.06.15 15:35:53.533,8.75132,8.75304,1.00,1.00
2017.06.15 15:35:53.584,8.75132,8.75304,1.45,1.00
2017.06.15 15:35:53.635,8.75183,8.7534,1.00,1.00
2017.06.15 15:35:53.686,8.75206,8.7534,1.00,1.00
2017.06.15 15:35:53.822,8.75191,8.7534,1.00,1.00
2017.06.15 15:35:53.874,8.75191,8.7535,1.00,1.00
2017.06.15 15:35:53.925,8.75203,8.75347,1.00,1.00
2017.06.15 15:35:54.280,8.75203,8.75353,1.00,1.00
2017.06.15 15:35:54.817,8.75196,8.75354,1.00,1.00
2017.06.15 15:35:55.165,8.75207,8.75357,1.00,1.00
2017.06.15 15:35:55.368,8.75207,8.75365,1.00,1.00
2017.06.15 15:35:55.911,8.75207,8.75366,1.00,1.00
2017.06.15 15:35:56.008,8.75217,8.75368,1.00,1.00
2017.06.15 15:35:56.343,8.75225,8.75369,1.00,1.00
2017.06.15 15:35:56.785,8.75225,8.75365,1.00,1.00
2017.06.15 15:35:57.115,8.75225,8.75371,1.00,1.00
2017.06.15 15:35:57.301,8.75219,8.75371,1.00,1.00
2017.06.15 15:35:57.464,8.75219,8.75366,1.00,1.00
2017.06.15 15:35:58.238,8.75207,8.75364,1.00,1.00
2017.06.15 15:35:58.390,8.75214,8.75367,1.00,1.00
2017.06.15 15:35:58.697,8.75242,8.7537,1.00,1.00
2017.06.15 15:35:58.800,8.75253,8.75392,1.00,1.00
2017.06.15 15:35:58.903,8.75253,8.75412,1.00,1.00
2017.06.15 15:35:59.677,8.7526,8.75418,1.00,1.00
2017.06.15 15:36:00.305,8.7526,8.754,1.00,1.00
2017.06.15 15:36:00.633,8.7526,8.75406,1.00,1.00
2017.06.15 15:36:00.684,8.75243,8.75402,1.00,1.00
2017.06.15 15:36:00.887,8.75243,8.75391,1.00,1.00
2017.06.15 15:36:01.214,8.75254,8.75403,1.00,1.00
2017.06.15 15:36:01.504,8.75244,8.75403,1.00,1.50
2017.06.15 15:36:01.785,8.75256,8.75399,1.00,1.00
2017.06.15 15:36:02.093,8.75268,8.75398,1.00,1.00
2017.06.15 15:36:02.223,8.75268,8.75408,1.00,1.50
2017.06.15 15:36:02.621,8.75272,8.7541,1.00,1.00
2017.06.15 15:36:03.052,8.75272,8.75407,1.00,1.00
2017.06.15 15:36:03.623,8.75274,8.75406,1.00,1.00
2017.06.15 15:36:03.822,8.75274,8.75408,1.00,1.00
2017.06.15 15:36:04.373,8.75274,8.75409,1.00,1.00
2017.06.15 15:36:04.625,8.75268,8.75409,1.00,1.00
2017.06.15 15:36:05.033,8.75268,8.75405,1.00,1.00
2017.06.15 15:36:05.252,8.75268,8.75408,1.00,1.00
2017.06.15 15:36:05.375,8.75278,8.75408,1.00,1.00
2017.06.15 15:36:05.569,8.75299,8.75431,1.00,1.50
2017.06.15 15:36:05.826,8.75299,8.75441,1.00,1.00
2017.06.15 15:36:06.397,8.75299,8.75439,1.00,1.00
2017.06.15 15:36:06.881,8.75303,8.75436,1.00,1.00
2017.06.15 15:36:07.188,8.75338,8.75437,1.00,1.00
2017.06.15 15:36:07.341,8.75306,8.75437,1.00,1.00
2017.06.15 15:36:07.442,8.75306,8.75445,1.00,1.00
2017.06.15 15:36:07.564,8.75307,8.75449,1.00,1.00
2017.06.15 15:36:07.783,8.75335,8.75449,1.00,1.00
2017.06.15 15:36:08.088,8.7536,8.75452,1.00,1.00
2017.06.15 15:36:08.223,8.7536,8.7546,1.00,1.00
2017.06.15 15:36:08.476,8.7536,8.75464,1.00,1.00
2017.06.15 15:36:08.814,8.7536,8.75471,1.00,1.00
2017.06.15 15:36:08.967,8.75354,8.75471,1.00,1.00
2017.06.15 15:36:09.103,8.75354,8.75481,1.00,1.00
2017.06.15 15:36:09.433,8.75354,8.75479,1.00,1.00
2017.06.15 15:36:09.656,8.75354,8.75483,1.00,1.00
2017.06.15 15:36:09.974,8.75356,8.75484,1.00,1.00
2017.06.15 15:36:10.583,8.75319,8.7548,1.00,1.00
2017.06.15 15:36:10.634,8.75351,8.75479,1.00,1.00
2017.06.15 15:36:10.736,8.75318,8.75481,1.00,1.00
2017.06.15 15:36:11.002,8.75353,8.75481,1.00,1.00
2017.06.15 15:36:11.053,8.7532,8.75479,1.00,1.00
2017.06.15 15:36:11.206,8.7535,8.75478,1.00,1.00
2017.06.15 15:36:12.273,8.7537,8.75498,1.00,1.00
2017.06.15 15:36:12.938,8.75355,8.75483,1.00,1.00
2017.06.15 15:36:13.901,8.75356,8.75484,1.00,1.00
2017.06.15 15:36:14.638,8.75379,8.75509,1.00,1.00
2017.06.15 15:36:14.790,8.75392,8.75514,1.00,1.00
2017.06.15 15:36:14.940,8.75392,8.7552,1.00,1.00
2017.06.15 15:36:15.101,8.75355,8.75518,1.00,1.00
2017.06.15 15:36:15.694,8.75344,8.75508,1.00,1.00
2017.06.15 15:36:16.066,8.75375,8.75501,1.00,1.00
2017.06.15 15:36:16.117,8.75388,8.75515,1.00,1.50
2017.06.15 15:36:16.219,8.75342,8.75505,1.00,1.00
2017.06.15 15:36:20.386,8.75355,8.75504,1.00,1.00
2017.06.15 15:36:20.692,8.75377,8.75525,1.00,1.00
2017.06.15 15:36:21.721,8.75373,8.75522,1.00,1.00
2017.06.15 15:36:22.193,8.75373,8.75518,1.00,1.00
2017.06.15 15:36:22.569,8.75373,8.75516,1.00,1.00
2017.06.15 15:36:23.073,8.75375,8.75512,1.00,1.00
2017.06.15 15:36:23.575,8.75387,8.75511,1.00,1.00
2017.06.15 15:36:23.627,8.754,8.75528,1.00,1.00
2017.06.15 15:36:23.779,8.75409,8.75552,1.00,1.50
2017.06.15 15:36:23.954,8.75409,8.75535,1.00,1.00
2017.06.15 15:36:24.271,8.7542,8.75535,1.00,1.00
2017.06.15 15:36:24.592,8.7542,8.75532,1.00,1.00
2017.06.15 15:36:24.643,8.75402,8.7553,1.00,1.50
2017.06.15 15:36:24.855,8.75402,8.75518,1.00,1.00
2017.06.15 15:36:25.173,8.75402,8.7552,1.00,1.00
2017.06.15 15:36:25.687,8.75397,8.75521,1.00,1.00
2017.06.15 15:36:25.915,8.75407,8.75521,1.00,1.00
2017.06.15 15:36:26.220,8.75427,8.75518,1.00,1.00
2017.06.15 15:36:26.383,8.75427,8.75524,1.00,1.00
2017.06.15 15:36:26.637,8.75427,8.75542,1.00,1.00
2017.06.15 15:36:26.955,8.7542,8.75537,1.00,1.00
2017.06.15 15:36:27.272,8.7542,8.75535,1.00,1.00
2017.06.15 15:36:27.582,8.7544,8.75555,1.00,1.00
2017.06.15 15:36:27.734,8.7544,8.75565,1.00,1.00
2017.06.15 15:36:28.033,8.7544,8.75556,1.00,1.00
2017.06.15 15:36:28.682,8.75441,8.75556,1.00,1.00
2017.06.15 15:36:29.436,8.75441,8.75557,1.00,1.00
2017.06.15 15:36:29.901,8.75437,8.75557,1.00,1.00
2017.06.15 15:36:29.952,8.75437,8.7555,1.00,1.00
2017.06.15 15:36:30.053,8.75437,8.75565,1.00,1.00
2017.06.15 15:36:30.394,8.75466,8.75571,1.00,1.00
2017.06.15 15:36:30.496,8.75451,8.75579,1.00,1.00
2017.06.15 15:36:30.832,8.75465,8.75592,1.00,1.00
2017.06.15 15:36:31.208,8.75479,8.75598,1.00,1.00
2017.06.15 15:36:31.332,8.75465,8.75592,1.00,1.00
2017.06.15 15:36:31.621,8.75465,8.75582,1.00,1.00
2017.06.15 15:36:31.940,8.75487,8.75601,1.00,1.00
2017.06.15 15:36:32.346,8.75487,8.75609,1.00,1.00
2017.06.15 15:36:32.648,8.75492,8.75609,1.00,1.00
2017.06.15 15:36:32.699,8.75492,8.75613,1.00,1.00
2017.06.15 15:36:33.002,8.75492,8.7562,1.00,1.00
2017.06.15 15:36:33.206,8.75492,8.75618,1.00,1.00
2017.06.15 15:36:33.627,8.75492,8.7562,1.00,1.00
2017.06.15 15:36:33.679,8.75489,8.75617,1.00,1.00
2017.06.15 15:36:34.412,8.75489,8.75612,1.00,1.00
2017.06.15 15:36:34.742,8.75489,8.75617,1.00,1.00
2017.06.15 15:36:35.003,8.75494,8.75621,1.00,1.00
2017.06.15 15:36:35.325,8.75487,8.75604,1.00,1.00
2017.06.15 15:36:35.913,8.75487,8.75603,1.00,1.00
2017.06.15 15:36:36.015,8.75479,8.75602,1.00,1.00
2017.06.15 15:36:36.175,8.75479,8.75594,1.00,1.00
2017.06.15 15:36:36.524,8.75486,8.75594,1.00,1.00
2017.06.15 15:36:36.859,8.75486,8.75588,1.00,1.00
2017.06.15 15:36:36.973,8.75486,8.75591,1.00,1.00
2017.06.15 15:36:37.493,8.75486,8.75596,1.00,1.00
2017.06.15 15:36:37.985,8.75482,8.75596,1.00,1.00
2017.06.15 15:36:38.137,8.75482,8.75593,1.00,1.00
2017.06.15 15:36:38.431,8.75482,8.75596,1.00,1.00
2017.06.15 15:36:38.536,8.75488,8.75596,1.00,1.00
2017.06.15 15:36:38.739,8.75488,8.75601,1.00,1.00
2017.06.15 15:36:39.067,8.75488,8.7561,1.00,1.00
2017.06.15 15:36:39.363,8.75488,8.75616,1.00,1.00
2017.06.15 15:36:39.505,8.75486,8.75614,1.00,1.00
2017.06.15 15:36:39.873,8.75477,8.75605,1.00,1.00
2017.06.15 15:36:40.179,8.75481,8.75593,1.00,1.00
2017.06.15 15:36:40.381,8.75481,8.75605,1.00,1.00
2017.06.15 15:36:40.572,8.75481,8.75607,1.00,1.00
2017.06.15 15:36:40.677,8.75428,8.75538,1.00,1.00
2017.06.15 15:36:40.729,8.7546,8.75578,1.00,1.00
2017.06.15 15:36:40.781,8.7546,8.75604,1.00,1.00
2017.06.15 15:36:40.832,8.7546,8.75583,1.00,1.00
2017.06.15 15:36:41.135,8.75476,8.75585,1.00,1.00
2017.06.15 15:36:41.390,8.75471,8.75588,1.00,1.00
2017.06.15 15:36:41.695,8.75471,8.75599,1.00,1.00
2017.06.15 15:36:42.109,8.75486,8.75603,1.00,1.00
2017.06.15 15:36:42.333,8.75486,8.75609,1.00,1.00
2017.06.15 15:36:42.883,8.75486,8.75608,1.00,1.00
2017.06.15 15:36:43.184,8.75488,8.75608,1.00,1.00
2017.06.15 15:36:43.585,8.75488,8.75604,1.00,1.00
2017.06.15 15:36:44.103,8.75488,8.75614,1.00,1.00
2017.06.15 15:36:44.912,8.75488,8.75615,1.00,1.00
2017.06.15 15:36:45.015,8.75493,8.75615,1.00,1.00
2017.06.15 15:36:45.117,8.75484,8.75616,1.00,1.00
2017.06.15 15:36:45.413,8.75484,8.7562,1.00,1.00
2017.06.15 15:36:45.515,8.75494,8.7562,1.00,1.00
2017.06.15 15:36:45.820,8.75494,8.75606,1.00,1.00
2017.06.15 15:36:46.025,8.75485,8.75606,1.00,1.00
2017.06.15 15:36:46.572,8.75485,8.75603,1.00,1.00
2017.06.15 15:36:46.783,8.75485,8.75607,1.00,1.00
2017.06.15 15:36:46.999,8.75477,8.75605,1.00,1.00
2017.06.15 15:36:47.996,8.75465,8.75591,1.00,1.00
2017.06.15 15:36:48.047,8.75456,8.75584,1.00,1.00
2017.06.15 15:36:48.402,8.75456,8.7558,1.00,1.00
2017.06.15 15:36:48.723,8.75456,8.75584,1.00,1.00
2017.06.15 15:36:48.989,8.75446,8.75574,1.00,1.00
2017.06.15 15:36:49.951,8.75438,8.75583,1.00,1.00
2017.06.15 15:36:50.002,8.7546,8.75583,1.00,1.00
2017.06.15 15:36:50.053,8.7545,8.75576,1.00,1.00
2017.06.15 15:36:51.021,8.75445,8.75573,1.00,1.00
2017.06.15 15:36:52.513,8.75436,8.75561,1.00,1.00
2017.06.15 15:36:52.827,8.75424,8.75558,1.00,1.00
2017.06.15 15:36:53.012,8.75424,8.75556,1.00,1.00
2017.06.15 15:36:54.222,8.75424,8.75555,1.00,1.00
2017.06.15 15:36:54.590,8.75424,8.75552,1.00,1.00
2017.06.15 15:36:54.811,8.75404,8.75551,1.00,1.00
2017.06.15 15:36:54.863,8.75419,8.75551,1.00,1.00
2017.06.15 15:36:55.212,8.75419,8.75543,1.00,1.00
2017.06.15 15:36:55.534,8.75429,8.75543,1.00,1.00
2017.06.15 15:36:55.585,8.75429,8.75553,1.00,1.00
2017.06.15 15:36:55.914,8.75429,8.75544,1.00,1.00
2017.06.15 15:36:56.447,8.75429,8.75553,1.00,1.00
2017.06.15 15:36:56.752,8.75429,8.75544,1.00,1.00
2017.06.15 15:36:56.972,8.75429,8.75553,1.00,1.00
2017.06.15 15:36:57.463,8.75414,8.75552,1.00,1.00
2017.06.15 15:36:57.658,8.75414,8.75543,1.00,1.00
2017.06.15 15:36:57.986,8.75414,8.75539,1.00,1.00
2017.06.15 15:36:58.292,8.75414,8.75543,1.00,1.00
2017.06.15 15:36:58.444,8.75416,8.75543,1.00,1.00
2017.06.15 15:36:58.546,8.75416,8.75554,1.00,1.00
2017.06.15 15:36:58.946,8.75404,8.75554,1.00,1.00
2017.06.15 15:36:58.997,8.75393,8.75534,1.00,1.00
2017.06.15 15:36:59.606,8.75393,8.75533,1.00,1.00
2017.06.15 15:36:59.943,8.75393,8.75526,1.00,1.00
2017.06.15 15:37:00.278,8.75412,8.75536,1.00,1.00
2017.06.15 15:37:00.602,8.75412,8.75545,1.00,1.00
2017.06.15 15:37:01.152,8.75412,8.75556,1.00,1.00
2017.06.15 15:37:01.203,8.7542,8.75548,1.00,1.00
2017.06.15 15:37:01.812,8.7542,8.75556,1.00,1.00
2017.06.15 15:37:02.032,8.7542,8.75558,1.00,1.00
2017.06.15 15:37:02.693,8.7542,8.75556,1.00,1.00
2017.06.15 15:37:03.022,8.7542,8.75554,1.00,1.00
2017.06.15 15:37:03.520,8.75411,8.75553,1.00,1.00
2017.06.15 15:37:03.691,8.75417,8.75554,1.00,1.00
2017.06.15 15:37:04.326,8.75417,8.75553,1.00,1.00
2017.06.15 15:37:04.630,8.75431,8.75565,1.00,1.00
2017.06.15 15:37:04.990,8.75424,8.75559,1.00,1.00
2017.06.15 15:37:05.142,8.75424,8.75557,1.00,1.00
2017.06.15 15:37:05.445,8.7543,8.7556,1.00,1.00
2017.06.15 15:37:05.773,8.7543,8.75564,1.00,1.00
2017.06.15 15:37:05.993,8.7543,8.75569,1.00,1.00
2017.06.15 15:37:06.451,8.75447,8.75568,1.00,1.00
2017.06.15 15:37:06.553,8.75447,8.75571,1.00,1.00
2017.06.15 15:37:07.359,8.75438,8.75571,1.00,1.00
2017.06.15 15:37:07.502,8.75425,8.75566,1.00,1.00
2017.06.15 15:37:07.790,8.75425,8.75558,1.00,1.00
2017.06.15 15:37:07.973,8.75425,8.75561,1.00,1.00
2017.06.15 15:37:08.392,8.7542,8.75562,1.00,1.50
2017.06.15 15:37:09.386,8.75401,8.75543,1.00,1.00
2017.06.15 15:37:09.691,8.75392,8.75534,1.00,1.00
2017.06.15 15:37:10.534,8.75393,8.75535,1.00,1.00
2017.06.15 15:37:10.863,8.7541,8.75538,1.00,1.00
2017.06.15 15:37:11.719,8.75411,8.75538,1.00,1.00
2017.06.15 15:37:13.244,8.7541,8.75538,1.00,1.00
2017.06.15 15:37:14.218,8.7542,8.75538,1.00,1.00
2017.06.15 15:37:14.370,8.7542,8.75545,1.00,1.00
2017.06.15 15:37:14.421,8.7542,8.75549,1.00,1.00
2017.06.15 15:37:14.702,8.7542,8.75545,1.00,1.00
2017.06.15 15:37:14.965,8.75428,8.75566,1.00,1.00
2017.06.15 15:37:15.472,8.75428,8.75564,1.00,1.00
2017.06.15 15:37:15.793,8.75433,8.75564,1.00,1.00
2017.06.15 15:37:15.844,8.75433,8.75566,1.00,1.00
2017.06.15 15:37:16.509,8.75409,8.75548,1.00,1.00
2017.06.15 15:37:16.561,8.75406,8.75548,1.00,1.00
2017.06.15 15:37:16.663,8.75416,8.75564,1.00,1.00
2017.06.15 15:37:16.714,8.75416,8.75541,1.00,1.00
2017.06.15 15:37:16.917,8.75416,8.7555,1.00,1.00
2017.06.15 15:37:17.232,8.75416,8.75555,1.00,1.00
2017.06.15 15:37:17.470,8.75416,8.75544,1.00,1.00
2017.06.15 15:37:18.113,8.75417,8.75544,1.00,1.00
2017.06.15 15:37:18.735,8.75412,8.75539,1.00,1.00
2017.06.15 15:37:18.787,8.75403,8.75545,1.00,1.00
2017.06.15 15:37:19.323,8.75403,8.7554,1.00,1.00
2017.06.15 15:37:19.652,8.75403,8.75543,1.00,1.00
2017.06.15 15:37:20.191,8.75403,8.75542,1.00,1.00
2017.06.15 15:37:20.311,8.75403,8.75545,1.00,1.00
2017.06.15 15:37:20.862,8.75403,8.7554,1.00,1.00
2017.06.15 15:37:21.521,8.75403,8.75539,1.00,1.00
2017.06.15 15:37:21.852,8.75407,8.75541,1.00,1.00
2017.06.15 15:37:22.384,8.75402,8.7554,1.00,1.00
2017.06.15 15:37:23.019,8.75402,8.75539,1.00,1.00
2017.06.15 15:37:23.426,8.75408,8.75546,1.00,1.00
2017.06.15 15:37:23.942,8.75408,8.75548,1.00,1.00
2017.06.15 15:37:24.258,8.75409,8.7555,1.00,1.00
2017.06.15 15:37:24.309,8.75409,8.75553,1.00,1.00
2017.06.15 15:37:24.360,8.75434,8.75553,1.00,1.00
2017.06.15 15:37:24.411,8.75444,8.7557,1.00,1.00
2017.06.15 15:37:24.513,8.7541,8.7557,1.00,1.00
2017.06.15 15:37:24.710,8.7541,8.75548,1.00,1.00
2017.06.15 15:37:25.042,8.7542,8.75546,1.00,1.00
2017.06.15 15:37:25.265,8.7542,8.75548,1.00,1.00
2017.06.15 15:37:25.417,8.7542,8.75531,1.00,1.00
2017.06.15 15:37:25.702,8.7542,8.75533,1.00,1.00
2017.06.15 15:37:25.804,8.75416,8.75533,1.00,1.00
2017.06.15 15:37:26.157,8.75406,8.75529,1.00,1.00
2017.06.15 15:37:26.585,8.75406,8.75527,1.00,1.00
2017.06.15 15:37:26.888,8.75413,8.75527,1.00,1.00
2017.06.15 15:37:27.271,8.75413,8.75523,1.00,1.00
2017.06.15 15:37:27.691,8.75413,8.7552,1.00,1.00
2017.06.15 15:37:27.897,8.75401,8.7552,1.00,1.00
2017.06.15 15:37:28.013,8.75401,8.75513,1.00,1.00
2017.06.15 15:37:28.342,8.75401,8.75511,1.00,1.00
2017.06.15 15:37:28.871,8.754,8.7551,1.00,1.00
2017.06.15 15:37:29.388,8.754,8.75506,1.00,1.00
2017.06.15 15:37:29.664,8.75406,8.75513,1.00,1.00
2017.06.15 15:37:29.871,8.754,8.75513,1.00,1.00
2017.06.15 15:37:30.071,8.754,8.75506,1.00,1.00
2017.06.15 15:37:30.213,8.754,8.75511,1.00,1.00
2017.06.15 15:37:30.545,8.754,8.75508,1.00,1.00
2017.06.15 15:37:30.872,8.754,8.75506,1.00,1.00
2017.06.15 15:37:31.092,8.754,8.75508,1.00,1.00
2017.06.15 15:37:31.752,8.754,8.75506,1.00,1.00
2017.06.15 15:37:32.081,8.75403,8.75505,1.00,1.00
2017.06.15 15:37:32.743,8.75403,8.75504,1.00,1.00
2017.06.15 15:37:33.292,8.75404,8.75507,1.00,1.00
2017.06.15 15:37:33.622,8.75404,8.75504,1.00,1.00
2017.06.15 15:37:34.320,8.754,8.75504,1.00,1.00
2017.06.15 15:37:35.561,8.75404,8.75504,1.00,1.00
2017.06.15 15:37:35.612,8.75398,8.75504,1.00,1.00
2017.06.15 15:37:35.931,8.75398,8.75507,1.00,1.00
2017.06.15 15:37:36.549,8.75403,8.75506,1.00,1.00
2017.06.15 15:37:37.471,8.75403,8.75507,1.00,1.00
2017.06.15 15:37:37.802,8.75403,8.75504,1.00,1.00
2017.06.15 15:37:38.163,8.75412,8.7551,1.00,1.00
2017.06.15 15:37:38.462,8.75412,8.75519,1.00,1.00
2017.06.15 15:37:38.793,8.75412,8.75524,1.00,1.00
2017.06.15 15:37:39.139,8.75411,8.75519,1.00,1.00
2017.06.15 15:37:39.892,8.75411,8.75517,1.00,1.00
2017.06.15 15:37:40.113,8.75411,8.75519,1.00,1.00
2017.06.15 15:37:41.187,8.75406,8.75519,1.00,1.00
2017.06.15 15:37:42.093,8.75406,8.75516,1.00,1.00
2017.06.15 15:37:42.190,8.75401,8.75516,1.00,1.00
2017.06.15 15:37:42.312,8.75401,8.75513,1.00,1.00
2017.06.15 15:37:42.642,8.75401,8.75511,1.00,1.00
2017.06.15 15:37:42.972,8.75401,8.75509,1.00,1.00
2017.06.15 15:37:43.310,8.75405,8.75514,1.00,1.00
2017.06.15 15:37:43.522,8.75405,8.75512,1.00,1.00
2017.06.15 15:37:44.182,8.75405,8.7551,1.00,1.00
2017.06.15 15:37:44.529,8.75465,8.75519,1.00,1.00
2017.06.15 15:37:44.631,8.75437,8.75519,1.00,1.00
2017.06.15 15:37:44.683,8.75396,8.75519,1.45,1.00
2017.06.15 15:37:44.734,8.75409,8.75537,1.00,1.00
2017.06.15 15:37:44.836,8.75396,8.75537,1.00,1.00
2017.06.15 15:37:45.173,8.75396,8.75549,1.00,1.00
2017.06.15 15:37:45.607,8.75403,8.75546,1.00,1.00
2017.06.15 15:37:45.911,8.754,8.75528,1.00,1.00
2017.06.15 15:37:46.849,8.75407,8.75534,1.00,1.00
2017.06.15 15:37:48.815,8.75406,8.75533,1.00,1.00
2017.06.15 15:37:49.515,8.75412,8.75539,1.00,1.00
2017.06.15 15:37:50.061,8.75413,8.7554,1.00,1.00
2017.06.15 15:37:50.943,8.75408,8.75535,1.00,1.00
2017.06.15 15:37:51.533,8.75401,8.75528,1.00,1.00
2017.06.15 15:37:51.838,8.75408,8.75533,1.00,1.00
2017.06.15 15:37:52.080,8.75408,8.75535,1.00,1.00
2017.06.15 15:37:52.382,8.75408,8.7553,1.00,1.00
2017.06.15 15:37:52.508,8.75397,8.75524,1.00,1.00
2017.06.15 15:37:53.081,8.75379,8.75506,1.00,1.00
2017.06.15 15:37:53.450,8.75369,8.75496,1.07,1.00
2017.06.15 15:37:54.200,8.75367,8.75494,1.07,1.00
2017.06.15 15:37:54.709,8.75367,8.75494,1.07,1.00
2017.06.15 15:37:55.352,8.75368,8.75495,1.07,1.00
2017.06.15 15:37:56.348,8.75367,8.75492,1.07,1.00
2017.06.15 15:37:57.771,8.75367,8.75488,1.07,1.00
2017.06.15 15:37:58.222,8.75352,8.75501,1.07,1.00
2017.06.15 15:37:58.274,8.75371,8.75499,1.07,1.00
2017.06.15 15:37:58.758,8.7536,8.75488,1.07,1.00
2017.06.15 15:37:59.861,8.75366,8.75493,1.07,1.00
2017.06.15 15:38:00.769,8.75366,8.75493,1.07,1.00
2017.06.15 15:38:01.859,8.75372,8.75499,1.07,1.00
2017.06.15 15:38:02.876,8.75372,8.75499,1.07,1.00
2017.06.15 15:38:03.462,8.75375,8.75502,1.00,1.00
2017.06.15 15:38:04.165,8.75387,8.75512,1.00,1.00
2017.06.15 15:38:04.317,8.75367,8.75509,1.07,1.00
2017.06.15 15:38:04.622,8.75367,8.75499,1.07,1.00
2017.06.15 15:38:04.990,8.75367,8.75505,1.07,1.00
2017.06.15 15:38:05.161,8.75367,8.75503,1.07,1.00
2017.06.15 15:38:05.821,8.75367,8.75498,1.07,1.00
2017.06.15 15:38:05.973,8.75367,8.75509,1.07,1.00
2017.06.15 15:38:06.042,8.75367,8.755,1.07,1.00
2017.06.15 15:38:06.702,8.75367,8.75495,1.07,1.00
2017.06.15 15:38:07.031,8.75367,8.75499,1.07,1.00
2017.06.15 15:38:07.863,8.75367,8.75498,1.07,1.00
2017.06.15 15:38:08.259,8.75367,8.75469,1.07,1.00
2017.06.15 15:38:08.512,8.75373,8.75488,1.10,1.00
2017.06.15 15:38:08.711,8.75373,8.75509,1.10,1.00
2017.06.15 15:38:09.235,8.75373,8.75508,1.10,1.00
2017.06.15 15:38:09.405,8.75377,8.75509,1.00,1.00
2017.06.15 15:38:09.559,8.75372,8.75509,1.07,1.00
2017.06.15 15:38:09.711,8.75372,8.75506,1.07,1.00
2017.06.15 15:38:10.047,8.75372,8.75501,1.07,1.00
2017.06.15 15:38:10.222,8.75372,8.75508,1.07,1.00
2017.06.15 15:38:10.881,8.75367,8.75506,1.07,1.00
2017.06.15 15:38:11.212,8.75367,8.75509,1.07,1.00
2017.06.15 15:38:11.483,8.75374,8.75511,1.10,1.00
2017.06.15 15:38:11.542,8.75374,8.75505,1.10,1.00
2017.06.15 15:38:11.874,8.7538,8.7552,1.00,1.00
2017.06.15 15:38:12.563,8.75374,8.75514,1.00,1.00
2017.06.15 15:38:13.364,8.7538,8.75521,1.00,1.00
2017.06.15 15:38:14.182,8.7538,8.7552,1.00,1.00
2017.06.15 15:38:14.968,8.7538,8.75522,1.00,1.00
2017.06.15 15:38:15.019,8.75383,8.75525,1.00,1.50
2017.06.15 15:38:15.611,8.75383,8.75521,1.00,1.00
2017.06.15 15:38:16.488,8.75379,8.75521,1.00,1.50
2017.06.15 15:38:16.712,8.75379,8.75517,1.00,1.00
2017.06.15 15:38:17.022,8.75386,8.75513,1.00,1.00
2017.06.15 15:38:18.875,8.75383,8.7551,1.00,1.00
2017.06.15 15:38:18.926,8.75376,8.75504,1.00,1.00
2017.06.15 15:38:19.265,8.75376,8.75499,1.00,1.00
2017.06.15 15:38:19.486,8.75368,8.75492,1.00,1.00
2017.06.15 15:38:19.838,8.75368,8.75487,1.00,1.00
2017.06.15 15:38:19.889,8.75351,8.75487,1.00,1.00
2017.06.15 15:38:20.137,8.75351,8.75481,1.00,1.00
2017.06.15 15:38:20.596,8.75351,8.75484,1.00,1.00
2017.06.15 15:38:20.781,8.75351,8.75482,1.00,1.00
2017.06.15 15:38:21.112,8.75355,8.75478,1.00,1.00
2017.06.15 15:38:21.933,8.7536,8.75478,1.00,1.00
2017.06.15 15:38:22.998,8.75394,8.75485,1.00,1.00
2017.06.15 15:38:23.101,8.7541,8.75504,1.00,1.00
2017.06.15 15:38:23.307,8.75416,8.75504,1.00,1.00
2017.06.15 15:38:23.412,8.75412,8.75534,1.00,1.00
2017.06.15 15:38:23.781,8.75412,8.75555,1.00,1.00
2017.06.15 15:38:24.081,8.75412,8.75559,1.00,1.00
2017.06.15 15:38:24.304,8.75418,8.75557,1.00,1.00
2017.06.15 15:38:24.385,8.75411,8.75552,1.00,1.00
2017.06.15 15:38:24.867,8.754,8.75539,1.00,1.00
2017.06.15 15:38:25.171,8.75399,8.75531,1.00,1.00
2017.06.15 15:38:25.489,8.75396,8.75515,1.00,1.00
2017.06.15 15:38:26.077,8.75372,8.75491,1.00,1.00
2017.06.15 15:38:26.756,8.75364,8.75483,1.00,1.00
2017.06.15 15:38:27.180,8.7537,8.75489,1.00,1.00
2017.06.15 15:38:27.709,8.75375,8.75494,1.00,1.00
2017.06.15 15:38:28.828,8.75391,8.75505,1.00,1.00
2017.06.15 15:38:29.042,8.75391,8.75507,1.00,1.00
2017.06.15 15:38:29.388,8.7537,8.75489,1.00,1.00
2017.06.15 15:38:31.242,8.7537,8.7548,1.00,1.00
2017.06.15 15:38:31.564,8.75393,8.75497,1.00,1.00
2017.06.15 15:38:31.717,8.75403,8.75511,1.00,1.00
2017.06.15 15:38:31.769,8.75403,8.75516,1.00,1.00
2017.06.15 15:38:31.972,8.75391,8.7551,1.00,1.00
2017.06.15 15:38:32.144,8.75379,8.75498,1.00,1.00
2017.06.15 15:38:32.491,8.75392,8.75489,1.00,1.00
2017.06.15 15:38:32.781,8.75392,8.75494,1.00,1.00
2017.06.15 15:38:33.101,8.75384,8.75494,1.00,1.00
2017.06.15 15:38:33.152,8.75384,8.75497,1.00,1.00
2017.06.15 15:38:33.362,8.75378,8.75497,1.00,1.00
2017.06.15 15:38:33.553,8.75376,8.75495,1.00,1.00
2017.06.15 15:38:33.905,8.75353,8.7547,1.00,1.00
2017.06.15 15:38:34.932,8.7535,8.75469,1.00,1.00
2017.06.15 15:38:35.267,8.75366,8.75483,1.00,1.00
2017.06.15 15:38:36.053,8.75356,8.75475,1.00,1.00
2017.06.15 15:38:36.750,8.75347,8.75467,1.00,1.00
2017.06.15 15:38:36.800,8.75337,8.75456,1.00,1.00
2017.06.15 15:38:37.010,8.75347,8.75467,1.00,1.00
2017.06.15 15:38:37.413,8.75357,8.75476,1.00,1.00
2017.06.15 15:38:37.970,8.75365,8.75484,1.00,1.00
2017.06.15 15:38:38.274,8.75355,8.75474,1.00,1.00
2017.06.15 15:38:38.599,8.75357,8.75474,1.00,1.00
2017.06.15 15:38:39.329,8.75357,8.75476,1.00,1.00
2017.06.15 15:38:39.910,8.75377,8.75496,1.00,1.00
2017.06.15 15:38:40.214,8.75393,8.75512,1.00,1.50
2017.06.15 15:38:40.518,8.75383,8.75502,1.00,1.00
2017.06.15 15:38:40.825,8.7537,8.75489,1.00,1.00
2017.06.15 15:38:41.167,8.75359,8.75476,1.00,1.00
2017.06.15 15:38:43.253,8.75348,8.75465,1.00,1.00
2017.06.15 15:38:43.304,8.75337,8.75456,1.00,1.00
2017.06.15 15:38:44.282,8.75334,8.75452,1.00,1.00
2017.06.15 15:38:44.978,8.75341,8.7546,1.00,1.00
2017.06.15 15:38:46.948,8.75348,8.75467,1.00,1.00
2017.06.15 15:38:47.201,8.75353,8.75473,1.00,1.00
2017.06.15 15:38:48.741,8.75357,8.75476,1.00,1.00
2017.06.15 15:38:49.104,8.75365,8.75482,1.00,1.00
2017.06.15 15:38:49.724,8.75354,8.75473,1.00,1.00
2017.06.15 15:38:50.115,8.75344,8.75463,1.00,1.00
2017.06.15 15:38:50.432,8.75357,8.75476,1.00,1.00
2017.06.15 15:38:50.533,8.75346,8.75474,1.00,1.00
2017.06.15 15:38:50.686,8.75346,8.75471,1.00,1.00
2017.06.15 15:38:51.140,8.75346,8.75466,1.00,1.00
2017.06.15 15:38:51.530,8.75344,8.75463,1.00,1.00
2017.06.15 15:38:52.571,8.75346,8.75465,1.00,1.00
2017.06.15 15:38:53.451,8.75352,8.75471,1.00,1.00
2017.06.15 15:38:53.880,8.75363,8.75482,1.00,1.00
2017.06.15 15:38:54.223,8.75375,8.75494,1.00,1.00
2017.06.15 15:38:54.483,8.75352,8.75481,1.00,1.00
2017.06.15 15:38:54.666,8.75347,8.75466,1.00,1.00
2017.06.15 15:38:55.205,8.75363,8.75482,1.00,1.00
2017.06.15 15:38:55.509,8.75378,8.75491,1.00,1.00
2017.06.15 15:38:55.821,8.75365,8.75484,1.00,1.00
2017.06.15 15:38:56.765,8.75367,8.75486,1.00,1.00
2017.06.15 15:38:58.454,8.75365,8.75484,1.00,1.00
2017.06.15 15:38:59.256,8.75365,8.75478,1.00,1.00
2017.06.15 15:38:59.469,8.75365,8.7548,1.00,1.00
2017.06.15 15:38:59.829,8.75357,8.75476,1.00,1.00
2017.06.15 15:39:00.497,8.75366,8.75483,1.00,1.00
2017.06.15 15:39:00.840,8.75366,8.75463,1.00,1.00
2017.06.15 15:39:01.147,8.75366,8.75465,1.00,1.00
2017.06.15 15:39:01.485,8.7537,8.75465,1.00,1.00
2017.06.15 15:39:01.986,8.7537,8.75464,1.00,1.00
2017.06.15 15:39:02.520,8.75372,8.75463,1.00,1.00
2017.06.15 15:39:02.641,8.75372,8.75476,1.00,1.00
2017.06.15 15:39:03.100,8.75372,8.75483,1.00,1.00
2017.06.15 15:39:03.221,8.75368,8.75483,1.00,1.00
2017.06.15 15:39:03.411,8.75368,8.75481,1.00,1.00
2017.06.15 15:39:03.631,8.75368,8.75483,1.00,1.00
2017.06.15 15:39:03.961,8.75368,8.75485,1.00,1.50
2017.06.15 15:39:04.220,8.75364,8.75483,1.00,1.00
2017.06.15 15:39:04.861,8.75364,8.75481,1.00,1.00
2017.06.15 15:39:05.170,8.75364,8.75483,1.00,1.00
2017.06.15 15:39:05.452,8.75368,8.75485,1.00,1.00
2017.06.15 15:39:05.771,8.75363,8.75481,1.00,1.00
2017.06.15 15:39:06.337,8.75363,8.7548,1.00,1.00
2017.06.15 15:39:06.821,8.75363,8.75477,1.00,1.00
2017.06.15 15:39:07.151,8.75363,8.75473,1.00,1.00
2017.06.15 15:39:07.482,8.75363,8.75471,1.00,1.00
2017.06.15 15:39:08.031,8.75363,8.7547,1.00,1.00
2017.06.15 15:39:09.021,8.75363,8.75469,1.00,1.00
2017.06.15 15:39:09.392,8.75374,8.7547,1.00,1.00
2017.06.15 15:39:09.513,8.75374,8.7549,1.00,1.00
2017.06.15 15:39:09.912,8.75374,8.75484,1.00,1.00
2017.06.15 15:39:10.121,8.75374,8.75491,1.00,1.00
2017.06.15 15:39:10.501,8.75378,8.75493,1.00,1.00
2017.06.15 15:39:10.705,8.75389,8.75508,1.00,1.00
2017.06.15 15:39:10.807,8.75403,8.75509,1.00,1.00
2017.06.15 15:39:10.908,8.75403,8.75521,1.00,1.00
2017.06.15 15:39:11.350,8.75414,8.7553,1.00,1.00
2017.06.15 15:39:11.762,8.75414,8.75528,1.00,1.00
2017.06.15 15:39:12.067,8.75425,8.75523,1.00,1.00
2017.06.15 15:39:12.118,8.75425,8.75525,1.00,1.00
2017.06.15 15:39:12.654,8.75425,8.75524,1.00,1.00
2017.06.15 15:39:12.771,8.75425,8.75526,1.00,1.00
2017.06.15 15:39:12.991,8.75425,8.75524,1.00,1.00
2017.06.15 15:39:13.170,8.75421,8.75524,1.00,1.00
2017.06.15 15:39:13.895,8.75421,8.75525,1.00,1.00
2017.06.15 15:39:14.184,8.75419,8.75525,1.00,1.00
2017.06.15 15:39:14.235,8.75419,8.75532,1.00,1.00
2017.06.15 15:39:14.531,8.75419,8.7553,1.00,1.00
2017.06.15 15:39:15.037,8.75419,8.75531,1.00,1.00
2017.06.15 15:39:15.374,8.75424,8.75531,1.00,1.00
2017.06.15 15:39:15.723,8.75424,8.75529,1.00,1.00
2017.06.15 15:39:15.774,8.75424,8.75531,1.00,1.00
2017.06.15 15:39:16.070,8.75424,8.75528,1.00,1.00
2017.06.15 15:39:16.607,8.75424,8.75527,1.00,1.00
2017.06.15 15:39:16.731,8.75424,8.75531,1.00,1.00
2017.06.15 15:39:17.008,8.75431,8.75531,1.00,1.00
2017.06.15 15:39:18.919,8.75427,8.75531,1.00,1.00
2017.06.15 15:39:19.147,8.75427,8.75526,1.00,1.00
2017.06.15 15:39:19.261,8.75427,8.7553,1.00,1.00
2017.06.15 15:39:19.918,8.75429,8.7553,1.00,1.00
2017.06.15 15:39:20.471,8.75429,8.75524,1.00,1.00
2017.06.15 15:39:22.121,8.75429,8.75522,1.00,1.00
2017.06.15 15:39:22.451,8.75429,8.7552,1.00,1.00
2017.06.15 15:39:22.671,8.75429,8.75522,1.00,1.00
2017.06.15 15:39:22.949,8.75434,8.75522,1.00,1.00
2017.06.15 15:39:24.897,8.75434,8.75529,1.00,1.00
2017.06.15 15:39:25.201,8.75434,8.75534,1.00,1.00
2017.06.15 15:39:25.421,8.75434,8.75531,1.00,1.00
2017.06.15 15:39:25.862,8.75434,8.75533,1.00,1.00
2017.06.15 15:39:26.192,8.75434,8.75536,1.00,1.00
2017.06.15 15:39:26.960,8.75433,8.75535,1.00,1.00
2017.06.15 15:39:27.222,8.75433,8.75538,1.00,1.00
2017.06.15 15:39:27.745,8.75433,8.75539,1.00,1.00
2017.06.15 15:39:27.999,8.75452,8.7554,1.00,1.00
2017.06.15 15:39:28.203,8.7544,8.75547,1.00,1.00
2017.06.15 15:39:28.359,8.75451,8.75547,1.00,1.00
2017.06.15 15:39:28.871,8.75451,8.75553,1.00,1.00
2017.06.15 15:39:29.023,8.75461,8.75553,1.00,1.00
2017.06.15 15:39:29.074,8.75461,8.75556,1.00,1.00
2017.06.15 15:39:29.389,8.75461,8.75569,1.00,1.00
2017.06.15 15:39:29.758,8.75461,8.75563,1.00,1.00
2017.06.15 15:39:30.257,8.75465,8.75557,1.00,1.00
2017.06.15 15:39:30.308,8.75465,8.75563,1.00,1.00
2017.06.15 15:39:30.599,8.75465,8.75558,1.00,1.00
2017.06.15 15:39:31.017,8.75465,8.75566,1.00,1.00
2017.06.15 15:39:31.251,8.75465,8.7557,1.00,1.00
2017.06.15 15:39:31.630,8.75465,8.75562,1.00,1.00
2017.06.15 15:39:32.038,8.75461,8.75561,1.00,1.00
2017.06.15 15:39:32.242,8.75461,8.75563,1.00,1.00
2017.06.15 15:39:32.813,8.75461,8.75559,1.00,1.00
2017.06.15 15:39:33.121,8.75466,8.7556,1.00,1.00
2017.06.15 15:39:34.040,8.75465,8.75559,1.00,1.00
2017.06.15 15:39:34.770,8.75465,8.75563,1.00,1.00
2017.06.15 15:39:35.322,8.75464,8.7556,1.00,1.00
2017.06.15 15:39:36.130,8.75464,8.75559,1.00,1.00
2017.06.15 15:39:36.181,8.75439,8.75557,1.00,1.00
2017.06.15 15:39:36.232,8.75439,8.75557,1.00,1.60
2017.06.15 15:39:36.333,8.75403,8.75521,1.00,1.00
2017.06.15 15:39:36.537,8.75403,8.75507,1.00,1.00
2017.06.15 15:39:36.893,8.75403,8.75498,1.00,1.00
2017.06.15 15:39:37.243,8.75403,8.75495,1.00,1.00
2017.06.15 15:39:37.295,8.75394,8.75495,1.00,1.00
2017.06.15 15:39:37.451,8.75394,8.75488,1.00,1.00
2017.06.15 15:39:37.789,8.75394,8.75486,1.00,1.00
2017.06.15 15:39:38.136,8.75394,8.75479,1.00,1.00
2017.06.15 15:39:38.339,8.75407,8.75498,1.00,1.00
2017.06.15 15:39:38.491,8.75398,8.75498,1.00,1.00
2017.06.15 15:39:38.629,8.75398,8.75492,1.00,1.00
2017.06.15 15:39:38.893,8.75378,8.75492,1.00,1.00
2017.06.15 15:39:38.995,8.75378,8.75483,1.00,1.00
2017.06.15 15:39:39.199,8.75364,8.75482,1.00,1.00
2017.06.15 15:39:39.790,8.75357,8.75475,1.00,1.00
2017.06.15 15:39:40.643,8.75365,8.7548,1.00,1.00
2017.06.15 15:39:40.953,8.75365,8.75473,1.00,1.00
2017.06.15 15:39:41.478,8.75365,8.75472,1.00,1.00
2017.06.15 15:39:41.680,8.7536,8.75468,1.00,1.00
2017.06.15 15:39:41.922,8.7536,8.7547,1.00,1.00
2017.06.15 15:39:42.083,8.75347,8.75441,1.00,1.00
2017.06.15 15:39:42.186,8.75322,8.75435,1.00,1.00
2017.06.15 15:39:42.386,8.75322,8.75413,1.00,1.00
2017.06.15 15:39:42.488,8.75322,8.75415,1.00,1.00
2017.06.15 15:39:42.801,8.75322,8.75419,1.00,1.00
2017.06.15 15:39:43.086,8.75327,8.75419,1.00,1.00
2017.06.15 15:39:43.681,8.75327,8.75418,1.00,1.00
2017.06.15 15:39:44.231,8.75326,8.75418,1.00,1.00
2017.06.15 15:39:44.536,8.75347,8.75435,1.00,1.00
2017.06.15 15:39:44.690,8.75347,8.75443,1.00,1.00
2017.06.15 15:39:45.105,8.75347,8.75439,1.00,1.00
2017.06.15 15:39:45.551,8.75354,8.75433,1.00,1.00
2017.06.15 15:39:46.036,8.75354,8.75436,1.00,1.00
2017.06.15 15:39:46.364,8.75354,8.75433,1.00,1.00
2017.06.15 15:39:46.415,8.75334,8.75433,1.00,1.00
2017.06.15 15:39:46.668,8.75334,8.7544,1.00,1.00
2017.06.15 15:39:47.094,8.75325,8.75439,1.00,1.00
2017.06.15 15:39:47.246,8.75325,8.7543,1.00,1.00
2017.06.15 15:39:47.422,8.75317,8.7543,1.00,1.00
2017.06.15 15:39:47.473,8.75329,8.7543,1.00,1.00
2017.06.15 15:39:47.574,8.75329,8.75433,1.00,1.00
2017.06.15 15:39:47.856,8.75329,8.75435,1.00,1.00
2017.06.15 15:39:48.098,8.75329,8.75437,1.00,1.00
2017.06.15 15:39:48.461,8.75321,8.75438,1.00,1.00
2017.06.15 15:39:48.917,8.75332,8.75437,1.00,1.00
2017.06.15 15:39:49.452,8.75339,8.75437,1.00,1.00
2017.06.15 15:39:49.841,8.75339,8.75442,1.00,1.00
2017.06.15 15:39:50.172,8.75339,8.75444,1.00,1.00
2017.06.15 15:39:50.333,8.75326,8.75444,1.00,1.00
2017.06.15 15:39:50.485,8.75316,8.75434,1.00,1.00
2017.06.15 15:39:50.792,8.75316,8.75416,1.00,1.00
2017.06.15 15:39:51.051,8.75316,8.7543,1.00,1.00
2017.06.15 15:39:51.271,8.75316,8.75432,1.00,1.00
2017.06.15 15:39:51.601,8.75316,8.75423,1.00,1.00
2017.06.15 15:39:51.929,8.75314,8.75423,1.00,1.00
2017.06.15 15:39:51.980,8.75314,8.75427,1.00,1.00
2017.06.15 15:39:52.481,8.75314,8.75426,1.00,1.00
2017.06.15 15:39:52.931,8.75316,8.75426,1.00,1.00
2017.06.15 15:39:53.361,8.75316,8.75423,1.00,1.00
2017.06.15 15:39:53.911,8.75316,8.75424,1.00,1.00
2017.06.15 15:39:54.841,8.7532,8.75424,1.00,1.00
2017.06.15 15:39:55.125,8.7532,8.75427,1.00,1.00
2017.06.15 15:39:55.843,8.75322,8.75427,1.00,1.00
2017.06.15 15:39:55.995,8.75316,8.75427,1.00,1.00
2017.06.15 15:39:56.047,8.75316,8.75434,1.00,1.00
2017.06.15 15:39:56.899,8.75316,8.7543,1.00,1.00
2017.06.15 15:39:57.152,8.75318,8.75434,1.00,1.00
2017.06.15 15:39:57.800,8.75318,8.75433,1.00,1.00
2017.06.15 15:39:58.334,8.75317,8.75432,1.00,1.00
2017.06.15 15:39:58.385,8.75317,8.75434,1.00,1.00
2017.06.15 15:39:58.819,8.75317,8.75408,1.00,1.00
2017.06.15 15:39:59.048,8.75317,8.7543,1.00,1.00
2017.06.15 15:39:59.099,8.75309,8.75427,1.00,1.00
2017.06.15 15:39:59.341,8.75309,8.75421,1.00,1.00
2017.06.15 15:39:59.563,8.75309,8.75426,1.00,1.00
2017.06.15 15:40:00.064,8.75307,8.75425,1.00,1.00
2017.06.15 15:40:00.116,8.75313,8.75432,1.00,1.00
2017.06.15 15:40:00.324,8.75324,8.75442,1.00,1.00
2017.06.15 15:40:00.579,8.75334,8.75453,1.00,1.00
2017.06.15 15:40:01.018,8.75324,8.75436,1.00,1.00
2017.06.15 15:40:01.261,8.75324,8.75443,1.00,1.00
2017.06.15 15:40:02.099,8.75321,8.75439,1.00,1.00
2017.06.15 15:40:04.100,8.75323,8.75441,1.00,1.00
2017.06.15 15:40:05.776,8.75332,8.75451,1.00,1.00
2017.06.15 15:40:05.928,8.75323,8.75441,1.00,1.00
2017.06.15 15:40:11.636,8.75324,8.75443,1.00,1.00
2017.06.15 15:40:13.774,8.75321,8.75437,1.00,1.00
2017.06.15 15:40:14.738,8.75325,8.75443,1.00,1.00
2017.06.15 15:40:15.757,8.75321,8.75439,1.00,1.00
2017.06.15 15:40:16.774,8.7532,8.75438,1.00,1.00
2017.06.15 15:40:17.117,8.75325,8.75444,1.00,1.00
2017.06.15 15:40:18.075,8.75325,8.75443,1.00,1.00
2017.06.15 15:40:19.130,8.75329,8.75448,1.00,1.00
2017.06.15 15:40:19.498,8.75343,8.75454,1.00,1.00
2017.06.15 15:40:19.600,8.75333,8.75451,1.00,1.00
2017.06.15 15:40:20.128,8.75323,8.75442,1.00,1.00
2017.06.15 15:40:20.651,8.75316,8.75435,1.00,1.00
2017.06.15 15:40:23.187,8.75321,8.75439,1.00,1.00
2017.06.15 15:40:23.491,8.75337,8.75454,1.00,1.00
2017.06.15 15:40:23.994,8.75337,8.75455,1.00,1.00
2017.06.15 15:40:24.447,8.7533,8.75449,1.00,1.00
2017.06.15 15:40:24.921,8.75317,8.75435,1.00,1.00
2017.06.15 15:40:25.446,8.75311,8.75429,1.00,1.00
2017.06.15 15:40:26.340,8.75319,8.7544,1.00,1.00
2017.06.15 15:40:27.358,8.75322,8.75442,1.00,1.00
2017.06.15 15:40:28.640,8.75323,8.75443,1.00,1.00
2017.06.15 15:40:29.261,8.75341,8.75459,1.00,1.00
2017.06.15 15:40:29.379,8.75341,8.75462,1.00,1.00
2017.06.15 15:40:29.430,8.75331,8.7545,1.00,1.00
2017.06.15 15:40:29.927,8.75338,8.75463,1.00,1.00
2017.06.15 15:40:30.237,8.75328,8.75453,1.00,1.00
2017.06.15 15:40:32.163,8.75327,8.75453,1.00,1.00
2017.06.15 15:40:32.707,8.75321,8.75447,1.00,1.00
2017.06.15 15:40:33.169,8.75316,8.75441,1.00,1.00
2017.06.15 15:40:34.169,8.7532,8.75441,1.00,1.00
2017.06.15 15:40:34.585,8.7532,8.75434,1.00,1.00
2017.06.15 15:40:35.159,8.7532,8.7544,1.00,1.00
2017.06.15 15:40:35.816,8.7532,8.75441,1.00,1.00
2017.06.15 15:40:36.791,8.75325,8.75447,1.00,1.00
2017.06.15 15:40:37.659,8.75336,8.75457,1.00,1.00
2017.06.15 15:40:37.971,8.75344,8.75465,1.00,1.00
2017.06.15 15:40:38.824,8.75332,8.75453,1.00,1.00
2017.06.15 15:40:39.170,8.75324,8.75445,1.00,1.00
2017.06.15 15:40:39.480,8.75339,8.7546,1.00,1.00
2017.06.15 15:40:39.962,8.75347,8.75468,1.00,1.00
2017.06.15 15:40:41.696,8.75343,8.75465,1.00,1.00
2017.06.15 15:40:43.420,8.75343,8.75463,1.00,1.00
2017.06.15 15:40:44.097,8.75343,8.75462,1.00,1.00
2017.06.15 15:40:44.487,8.75343,8.7545,1.00,1.00
2017.06.15 15:40:44.708,8.75332,8.7545,1.00,1.60
2017.06.15 15:40:44.759,8.7532,8.75431,1.00,1.00
2017.06.15 15:40:45.077,8.7532,8.75441,1.00,1.50
2017.06.15 15:40:45.639,8.7532,8.75437,1.00,1.00
2017.06.15 15:40:46.266,8.7532,8.75435,1.00,1.00
2017.06.15 15:40:46.816,8.7532,8.75433,1.00,1.00
2017.06.15 15:40:47.147,8.7532,8.7543,1.00,1.00
2017.06.15 15:40:47.527,8.75326,8.75429,1.00,1.00
2017.06.15 15:40:47.937,8.75316,8.75424,1.00,1.00
2017.06.15 15:40:48.265,8.75316,8.75422,1.00,1.00
2017.06.15 15:40:48.476,8.75306,8.75421,1.00,1.00
2017.06.15 15:40:48.797,8.75306,8.75418,1.00,1.00
2017.06.15 15:40:49.177,8.75306,8.75422,1.00,1.00
2017.06.15 15:40:49.381,8.75292,8.7541,1.00,1.00
2017.06.15 15:40:49.572,8.75286,8.75404,1.00,1.00
2017.06.15 15:40:50.009,8.75297,8.75414,1.00,1.00
2017.06.15 15:40:50.327,8.75306,8.75418,1.00,1.00
2017.06.15 15:40:50.679,8.75306,8.75424,1.00,1.00
2017.06.15 15:40:51.714,8.75311,8.7543,1.00,1.00
2017.06.15 15:40:52.084,8.75318,8.75436,1.00,1.00
2017.06.15 15:40:52.389,8.75332,8.7545,1.00,1.00
2017.06.15 15:40:53.086,8.75332,8.75448,1.00,1.00
2017.06.15 15:40:53.426,8.75333,8.75451,1.00,1.00
2017.06.15 15:40:53.939,8.75333,8.7545,1.00,1.00
2017.06.15 15:40:54.625,8.75333,8.75443,1.00,1.00
2017.06.15 15:40:54.955,8.75333,8.7545,1.00,1.00
2017.06.15 15:40:55.175,8.75333,8.75448,1.00,1.00
2017.06.15 15:40:55.505,8.75333,8.75451,1.00,1.00
2017.06.15 15:40:56.714,8.75332,8.75449,1.00,1.00
2017.06.15 15:41:02.236,8.75327,8.75459,1.00,1.00
2017.06.15 15:41:04.210,8.75328,8.75458,1.00,1.00
2017.06.15 15:41:06.009,8.75333,8.75463,1.00,1.00
2017.06.15 15:41:07.169,8.75339,8.75466,1.00,1.00
2017.06.15 15:41:08.117,8.75344,8.75473,1.00,1.00
2017.06.15 15:41:08.284,8.75352,8.7548,1.00,1.00
2017.06.15 15:41:08.386,8.75361,8.75491,1.00,1.00
2017.06.15 15:41:08.823,8.75351,8.7548,1.00,1.00
2017.06.15 15:41:09.801,8.75347,8.75477,1.00,1.00
2017.06.15 15:41:12.621,8.75337,8.75467,1.00,1.00
2017.06.15 15:41:15.377,8.75334,8.75464,1.00,1.00
2017.06.15 15:41:15.713,8.75342,8.75471,1.00,1.00
2017.06.15 15:41:16.152,8.75346,8.75461,1.00,1.00
2017.06.15 15:41:16.204,8.75346,8.75465,1.00,1.00
2017.06.15 15:41:17.086,8.75351,8.7547,1.00,1.00
2017.06.15 15:41:17.365,8.75365,8.75489,1.00,1.00
2017.06.15 15:41:17.928,8.75365,8.75491,1.00,1.00
2017.06.15 15:41:18.296,8.75361,8.75488,1.00,1.00
2017.06.15 15:41:19.240,8.75362,8.7548,1.00,1.00
2017.06.15 15:41:20.277,8.75366,8.75484,1.00,1.00
2017.06.15 15:41:21.257,8.75362,8.75478,1.00,1.00
2017.06.15 15:41:21.359,8.75353,8.75471,1.00,1.00
2017.06.15 15:41:21.460,8.75342,8.7546,1.00,1.00
2017.06.15 15:41:22.369,8.75336,8.75454,1.00,1.00
2017.06.15 15:41:22.976,8.7533,8.75448,1.00,1.00
2017.06.15 15:41:24.762,8.75335,8.75453,1.00,1.00
2017.06.15 15:41:26.343,8.75339,8.75458,1.00,1.00
2017.06.15 15:41:26.445,8.75341,8.75457,1.00,1.00
2017.06.15 15:41:27.128,8.7535,8.75468,1.00,1.00
2017.06.15 15:41:27.179,8.7534,8.75458,1.00,1.00
2017.06.15 15:41:27.856,8.75348,8.75466,1.00,1.00
2017.06.15 15:41:28.191,8.75354,8.75472,1.00,1.00
2017.06.15 15:41:28.830,8.75347,8.75466,1.00,1.00
2017.06.15 15:41:31.835,8.75351,8.7547,1.00,1.00
2017.06.15 15:41:32.170,8.75344,8.75463,1.00,1.00
2017.06.15 15:41:32.545,8.75357,8.75475,1.00,1.00
2017.06.15 15:41:33.286,8.75361,8.75479,1.00,1.00
2017.06.15 15:41:33.806,8.7536,8.75479,1.00,1.00
2017.06.15 15:41:34.759,8.75357,8.75475,1.00,1.00
2017.06.15 15:41:35.762,8.75353,8.75471,1.00,1.00
2017.06.15 15:41:38.913,8.75359,8.75475,1.00,1.00
2017.06.15 15:41:39.888,8.75353,8.75471,1.00,1.00
2017.06.15 15:41:43.790,8.75355,8.75472,1.00,1.00
2017.06.15 15:41:46.617,8.75358,8.75477,1.00,1.00
2017.06.15 15:41:47.655,8.75373,8.75491,1.00,1.00
2017.06.15 15:41:47.959,8.75357,8.75475,1.00,1.00
2017.06.15 15:41:52.566,8.75357,8.75474,1.00,1.00
2017.06.15 15:41:53.115,8.75357,8.75475,1.00,1.00
2017.06.15 15:41:53.425,8.75389,8.75498,1.00,1.00
2017.06.15 15:41:53.715,8.75389,8.75507,1.00,1.00
2017.06.15 15:41:54.888,8.75385,8.75503,1.00,1.00
2017.06.15 15:41:54.939,8.75374,8.75493,1.00,1.00
2017.06.15 15:41:55.041,8.75386,8.75504,1.00,1.00
2017.06.15 15:41:55.651,8.75386,8.75493,1.00,1.00
2017.06.15 15:41:55.904,8.75377,8.75493,1.00,1.00
2017.06.15 15:41:56.329,8.75377,8.75495,1.00,1.00
2017.06.15 15:41:56.926,8.75372,8.75491,1.00,1.00
2017.06.15 15:41:57.092,8.75365,8.75502,1.00,1.50
2017.06.15 15:41:57.185,8.75365,8.75492,1.00,1.00
2017.06.15 15:41:57.520,8.75368,8.75484,1.00,1.00
2017.06.15 15:41:57.875,8.75377,8.75495,1.00,1.00
2017.06.15 15:41:58.846,8.75379,8.75495,1.00,1.00
2017.06.15 15:42:00.170,8.75379,8.7549,1.00,1.00
2017.06.15 15:42:00.221,8.75363,8.7549,1.00,1.00
2017.06.15 15:42:00.495,8.75363,8.75488,1.00,1.00
2017.06.15 15:42:00.830,8.75362,8.75467,1.00,1.00
2017.06.15 15:42:01.045,8.75362,8.75476,1.00,1.00
2017.06.15 15:42:01.375,8.75362,8.75478,1.00,1.00
2017.06.15 15:42:01.595,8.75362,8.75481,1.00,1.50
2017.06.15 15:42:02.135,8.75372,8.75481,1.00,1.00
2017.06.15 15:42:02.255,8.75372,8.75483,1.00,1.00
2017.06.15 15:42:02.805,8.75372,8.75486,1.00,1.00
2017.06.15 15:42:03.198,8.75364,8.75474,1.00,1.00
2017.06.15 15:42:03.465,8.75364,8.75476,1.00,1.00
2017.06.15 15:42:03.571,8.75372,8.75476,1.00,1.00
2017.06.15 15:42:03.924,8.75363,8.75476,1.00,1.00
2017.06.15 15:42:03.975,8.7535,8.75468,1.00,1.00
2017.06.15 15:42:04.406,8.75345,8.75467,1.00,1.00
2017.06.15 15:42:04.713,8.75345,8.75453,1.00,1.00
2017.06.15 15:42:05.017,8.75344,8.75462,1.00,1.00
2017.06.15 15:42:05.370,8.75347,8.75474,1.00,1.00
2017.06.15 15:42:05.580,8.75347,8.7547,1.00,1.00
2017.06.15 15:42:05.886,8.75353,8.75456,1.00,1.00
2017.06.15 15:42:06.240,8.75353,8.75463,1.00,1.00
2017.06.15 15:42:06.323,8.75362,8.75463,1.00,1.00
2017.06.15 15:42:06.435,8.75362,8.75469,1.00,1.00
2017.06.15 15:42:06.805,8.75362,8.75471,1.00,1.00
2017.06.15 15:42:07.062,8.75355,8.75471,1.00,1.00
2017.06.15 15:42:07.164,8.75345,8.75463,1.00,1.00
2017.06.15 15:42:07.317,8.75357,8.75469,1.00,1.00
2017.06.15 15:42:07.627,8.75372,8.75469,1.00,1.00
2017.06.15 15:42:07.678,8.75357,8.75463,1.00,1.00
2017.06.15 15:42:08.024,8.75357,8.75469,1.00,1.00
2017.06.15 15:42:08.352,8.75357,8.75474,1.00,1.50
2017.06.15 15:42:08.932,8.7534,8.75478,1.00,1.00
2017.06.15 15:42:09.091,8.75361,8.75479,1.00,1.00
2017.06.15 15:42:09.395,8.75361,8.7547,1.00,1.00
2017.06.15 15:42:09.550,8.75361,8.75476,1.00,1.00
2017.06.15 15:42:10.145,8.75367,8.7547,1.00,1.00
2017.06.15 15:42:10.417,8.75367,8.75472,1.00,1.00
2017.06.15 15:42:10.726,8.75367,8.75477,1.00,1.00
2017.06.15 15:42:10.977,8.75367,8.75479,1.00,1.00
2017.06.15 15:42:11.275,8.75367,8.75474,1.00,1.00
2017.06.15 15:42:11.863,8.75368,8.75475,1.00,1.00
2017.06.15 15:42:11.970,8.75361,8.75472,1.00,1.00
2017.06.15 15:42:12.311,8.75361,8.75462,1.00,1.00
2017.06.15 15:42:12.814,8.75361,8.75466,1.00,1.00
2017.06.15 15:42:12.865,8.75369,8.75466,1.00,1.00
2017.06.15 15:42:13.365,8.75369,8.7546,1.00,1.00
2017.06.15 15:42:13.696,8.75369,8.75467,1.00,1.00
2017.06.15 15:42:14.103,8.75369,8.7546,1.00,1.00
2017.06.15 15:42:14.660,8.75369,8.75464,1.00,1.00
2017.06.15 15:42:15.262,8.75369,8.75463,1.00,1.00
2017.06.15 15:42:15.455,8.75369,8.75455,1.00,1.00
2017.06.15 15:42:15.557,8.7536,8.75455,1.00,1.00
2017.06.15 15:42:15.785,8.7536,8.75462,1.00,1.00
2017.06.15 15:42:16.045,8.7536,8.75469,1.00,1.00
2017.06.15 15:42:16.111,8.75367,8.75469,1.00,1.00
2017.06.15 15:42:16.162,8.75355,8.75469,1.00,1.00
2017.06.15 15:42:16.364,8.75355,8.75459,1.00,1.00
2017.06.15 15:42:16.618,8.75346,8.75459,1.00,1.00
2017.06.15 15:42:16.669,8.75346,8.75434,1.00,1.00
2017.06.15 15:42:16.915,8.75356,8.75466,1.00,1.00
2017.06.15 15:42:17.222,8.75356,8.75469,1.00,1.00
2017.06.15 15:42:17.545,8.75356,8.75465,1.00,1.00
2017.06.15 15:42:17.875,8.75361,8.75465,1.00,1.00
2017.06.15 15:42:19.030,8.75367,8.75465,1.00,1.00
2017.06.15 15:42:19.965,8.75367,8.75466,1.00,1.00
2017.06.15 15:42:23.338,8.75366,8.75466,1.00,1.00
2017.06.15 15:42:24.916,8.75366,8.75463,1.00,1.00
2017.06.15 15:42:24.967,8.75361,8.75463,1.00,1.00
2017.06.15 15:42:25.261,8.75361,8.75467,1.00,1.00
2017.06.15 15:42:25.926,8.75365,8.75467,1.00,1.00
2017.06.15 15:42:28.950,8.75359,8.75467,1.00,1.00
2017.06.15 15:42:29.002,8.75359,8.75463,1.00,1.00
2017.06.15 15:42:29.953,8.75356,8.75463,1.00,1.00
2017.06.15 15:42:30.704,8.75363,8.75463,1.00,1.00
2017.06.15 15:42:30.756,8.75363,8.75467,1.00,1.00
2017.06.15 15:42:31.188,8.75363,8.75465,1.00,1.00
2017.06.15 15:42:31.658,8.75359,8.75465,1.00,1.00
2017.06.15 15:42:32.397,8.75359,8.75462,1.00,1.00
2017.06.15 15:42:32.683,8.75354,8.75462,1.00,1.00
2017.06.15 15:42:32.734,8.75354,8.75456,1.00,1.00
2017.06.15 15:42:33.063,8.75364,8.7546,1.00,1.00
2017.06.15 15:42:33.385,8.75364,8.75462,1.00,1.00
2017.06.15 15:42:33.672,8.75356,8.75462,1.00,1.00
2017.06.15 15:42:33.723,8.75346,8.75442,1.00,1.00
2017.06.15 15:42:34.044,8.75346,8.75448,1.00,1.00
2017.06.15 15:42:34.219,8.75358,8.75448,1.00,1.00
2017.06.15 15:42:34.270,8.75358,8.75451,1.00,1.00
2017.06.15 15:42:34.684,8.75358,8.75453,1.00,1.00
2017.06.15 15:42:34.941,8.75358,8.75459,1.00,1.00
2017.06.15 15:42:35.188,8.75354,8.75459,1.00,1.00
2017.06.15 15:42:35.239,8.7536,8.75459,1.00,1.00
2017.06.15 15:42:35.442,8.7535,8.7546,1.00,1.00
2017.06.15 15:42:35.493,8.7535,8.75448,1.00,1.00
2017.06.15 15:42:35.822,8.7535,8.75439,1.00,1.00
2017.06.15 15:42:36.179,8.7535,8.75444,1.00,1.00
2017.06.15 15:42:36.439,8.75355,8.75444,1.00,1.00
2017.06.15 15:42:36.490,8.75355,8.75449,1.00,1.00
2017.06.15 15:42:36.695,8.75355,8.75452,1.00,1.00
2017.06.15 15:42:37.015,8.75355,8.75463,1.00,1.00
2017.06.15 15:42:37.344,8.75355,8.75444,1.00,1.00
2017.06.15 15:42:37.395,8.75345,8.75444,1.00,1.00
2017.06.15 15:42:37.504,8.75345,8.75424,1.00,1.00
2017.06.15 15:42:37.555,8.75331,8.75424,1.00,1.00
2017.06.15 15:42:38.072,8.75331,8.75425,1.00,1.00
2017.06.15 15:42:38.124,8.75342,8.75421,1.00,1.00
2017.06.15 15:42:38.408,8.75342,8.75437,1.00,1.00
2017.06.15 15:42:38.510,8.75332,8.75437,1.00,1.00
2017.06.15 15:42:38.714,8.75332,8.75445,1.00,1.00
2017.06.15 15:42:39.016,8.75332,8.75434,1.00,1.00
2017.06.15 15:42:39.325,8.75338,8.75436,1.00,1.00
2017.06.15 15:42:39.570,8.75338,8.75448,1.00,1.00
2017.06.15 15:42:39.874,8.75338,8.75439,1.00,1.00
2017.06.15 15:42:40.178,8.75342,8.75439,1.00,1.00
2017.06.15 15:42:40.229,8.75342,8.75443,1.00,1.00
2017.06.15 15:42:40.578,8.75342,8.75451,1.00,1.00
2017.06.15 15:42:40.731,8.75333,8.75451,1.00,1.50
2017.06.15 15:42:40.781,8.75333,8.75436,1.00,1.00
2017.06.15 15:42:41.085,8.75333,8.75433,1.00,1.00
2017.06.15 15:42:41.515,8.75339,8.75434,1.00,1.00
2017.06.15 15:42:41.566,8.75339,8.75457,1.00,1.00
2017.06.15 15:42:41.756,8.75339,8.75438,1.00,1.00
2017.06.15 15:42:42.298,8.75339,8.75453,1.00,1.00
2017.06.15 15:42:42.507,8.75337,8.75453,1.00,1.00
2017.06.15 15:42:42.680,8.75337,8.7545,1.00,1.00
2017.06.15 15:42:43.355,8.75337,8.75448,1.00,1.00
2017.06.15 15:42:43.910,8.75336,8.75449,1.00,1.00
2017.06.15 15:42:44.623,8.75336,8.75448,1.00,1.00
2017.06.15 15:42:44.714,8.75336,8.7545,1.00,1.00
2017.06.15 15:42:45.044,8.75336,8.75448,1.00,1.00
2017.06.15 15:42:45.264,8.75336,8.75451,1.00,1.00
2017.06.15 15:42:45.550,8.75346,8.75451,1.00,1.00
2017.06.15 15:42:45.601,8.75346,8.75453,1.00,1.00
2017.06.15 15:42:46.255,8.75346,8.75455,1.00,1.00
2017.06.15 15:42:46.536,8.75346,8.75453,1.00,1.00
2017.06.15 15:42:46.855,8.75346,8.75442,1.00,1.00
2017.06.15 15:42:47.134,8.75351,8.75454,1.00,1.00
2017.06.15 15:42:47.417,8.75345,8.75454,1.00,1.00
2017.06.15 15:42:47.636,8.7533,8.75449,1.00,1.00
2017.06.15 15:42:48.020,8.7533,8.75433,1.00,1.00
2017.06.15 15:42:48.345,8.7533,8.75446,1.00,1.00
2017.06.15 15:42:48.564,8.7533,8.75448,1.00,1.00
2017.06.15 15:42:48.946,8.75336,8.75447,1.00,1.00
2017.06.15 15:42:49.460,8.75338,8.75448,1.00,1.00
2017.06.15 15:42:49.775,8.75338,8.75445,1.00,1.00
2017.06.15 15:42:50.308,8.75338,8.75446,1.00,1.00
2017.06.15 15:42:51.094,8.75342,8.75433,1.00,1.00
2017.06.15 15:42:53.002,8.75332,8.75433,1.00,1.00
2017.06.15 15:42:53.053,8.7531,8.75428,1.00,1.00
2017.06.15 15:42:53.473,8.7531,8.75428,1.00,1.73
2017.06.15 15:42:53.777,8.7531,8.75428,1.00,1.73
2017.06.15 15:42:53.980,8.7531,8.75428,1.00,1.73
2017.06.15 15:42:54.037,8.75313,8.75431,1.00,1.73
2017.06.15 15:42:54.377,8.75313,8.75431,1.00,1.73
2017.06.15 15:42:54.750,8.75313,8.75431,1.00,1.73
2017.06.15 15:42:54.892,8.75313,8.75431,1.00,1.73
2017.06.15 15:42:55.045,8.75317,8.75435,1.00,1.73
2017.06.15 15:42:55.495,8.75317,8.75435,1.00,1.73
2017.06.15 15:42:55.721,8.75307,8.75425,1.00,1.73
2017.06.15 15:42:55.875,8.75307,8.75425,1.00,1.73
2017.06.15 15:42:56.157,8.75307,8.75425,1.00,1.00
2017.06.15 15:42:56.485,8.75307,8.75425,1.00,1.73
2017.06.15 15:42:56.815,8.75309,8.75427,1.00,1.73
2017.06.15 15:42:57.750,8.75312,8.7543,1.00,1.73
2017.06.15 15:42:58.135,8.75312,8.75415,1.00,1.00
2017.06.15 15:42:58.394,8.75312,8.7542,1.00,1.00
2017.06.15 15:42:58.684,8.75312,8.75413,1.00,1.00
2017.06.15 15:42:58.735,8.75309,8.75413,1.00,1.00
2017.06.15 15:42:59.345,8.75309,8.75415,1.00,1.00
2017.06.15 15:42:59.694,8.75307,8.75416,1.00,1.00
2017.06.15 15:42:59.911,8.75307,8.7542,1.00,1.00
2017.06.15 15:43:00.225,8.75307,8.75423,1.00,1.00
2017.06.15 15:43:00.712,8.75317,8.75423,1.00,1.00
2017.06.15 15:43:00.814,8.75317,8.75435,1.00,1.00
2017.06.15 15:43:02.463,8.75307,8.75437,1.00,1.00
2017.06.15 15:43:04.295,8.75313,8.7544,1.00,1.00
2017.06.15 15:43:05.048,8.7532,8.7544,1.00,1.00
2017.06.15 15:43:05.150,8.75312,8.7544,1.00,1.00
2017.06.15 15:43:05.855,8.75312,8.75438,1.00,1.00
2017.06.15 15:43:06.404,8.75315,8.75438,1.00,1.00
2017.06.15 15:43:07.174,8.75315,8.75437,1.00,1.00
2017.06.15 15:43:07.505,8.75315,8.75434,1.00,1.00
2017.06.15 15:43:07.834,8.75315,8.75431,1.00,1.00
2017.06.15 15:43:08.339,8.75311,8.75431,1.00,1.00
2017.06.15 15:43:08.390,8.75311,8.75429,1.00,1.00
2017.06.15 15:43:08.714,8.75311,8.75426,1.00,1.00
2017.06.15 15:43:09.264,8.75311,8.75431,1.00,1.00
2017.06.15 15:43:09.800,8.7531,8.7543,1.00,1.00
2017.06.15 15:43:10.364,8.7531,8.75431,1.00,1.00
2017.06.15 15:43:10.857,8.75306,8.7543,1.00,1.00
2017.06.15 15:43:11.025,8.75306,8.75436,1.00,1.00
2017.06.15 15:43:11.162,8.75311,8.75436,1.00,1.00
2017.06.15 15:43:11.475,8.75311,8.75433,1.00,1.00
2017.06.15 15:43:11.904,8.75311,8.75426,1.00,1.00
2017.06.15 15:43:12.564,8.75312,8.75429,1.00,1.00
2017.06.15 15:43:12.800,8.75312,8.75443,1.00,1.00
2017.06.15 15:43:13.116,8.75312,8.75437,1.00,1.00
2017.06.15 15:43:13.167,8.75308,8.75437,1.00,1.00
2017.06.15 15:43:14.179,8.75309,8.75437,1.00,1.00
2017.06.15 15:43:14.984,8.75309,8.75435,1.00,1.00
2017.06.15 15:43:15.315,8.75309,8.75441,1.00,1.00
2017.06.15 15:43:15.600,8.75309,8.75427,1.00,1.00
2017.06.15 15:43:15.910,8.75319,8.75435,1.00,1.00
2017.06.15 15:43:16.555,8.75319,8.75433,1.00,1.00
2017.06.15 15:43:16.883,8.75324,8.75442,1.00,1.00
2017.06.15 15:43:17.998,8.75329,8.75445,1.00,1.00
2017.06.15 15:43:18.611,8.75323,8.75441,1.00,1.00
2017.06.15 15:43:19.766,8.75326,8.75444,1.00,1.00
2017.06.15 15:43:21.956,8.75319,8.75437,1.00,1.00
2017.06.15 15:43:25.259,8.75319,8.7543,1.00,1.00
2017.06.15 15:43:25.434,8.75319,8.75435,1.00,1.00
2017.06.15 15:43:27.013,8.7532,8.75435,1.00,1.00
2017.06.15 15:43:27.810,8.7532,8.75436,1.00,1.00
2017.06.15 15:43:27.861,8.7532,8.75438,1.00,1.00
2017.06.15 15:43:30.937,8.75309,8.75427,1.00,1.00
2017.06.15 15:43:31.849,8.75317,8.75435,1.00,1.00
2017.06.15 15:43:32.524,8.75312,8.75441,1.00,1.00
2017.06.15 15:43:32.924,8.75303,8.75435,1.00,1.00
2017.06.15 15:43:33.549,8.75297,8.75429,1.00,1.00
2017.06.15 15:43:33.853,8.75273,8.75404,1.20,1.00
2017.06.15 15:43:33.955,8.75273,8.75414,1.20,1.00
2017.06.15 15:43:34.669,8.75274,8.75407,1.00,1.00
2017.06.15 15:43:36.489,8.75293,8.75411,1.00,1.00
2017.06.15 15:43:36.540,8.75265,8.75414,1.45,1.50
2017.06.15 15:43:36.591,8.75298,8.7541,1.00,1.00
2017.06.15 15:43:36.692,8.75298,8.75416,1.00,1.00
2017.06.15 15:43:39.878,8.75306,8.75423,1.00,1.00
2017.06.15 15:43:40.225,8.75281,8.75428,1.00,1.00
2017.06.15 15:43:40.446,8.75281,8.75409,1.00,1.00
2017.06.15 15:43:40.769,8.75281,8.75405,1.00,1.00
2017.06.15 15:43:41.218,8.75281,8.75398,1.00,1.00
2017.06.15 15:43:41.320,8.75281,8.75412,1.00,1.00
2017.06.15 15:43:41.972,8.75281,8.75401,1.00,1.00
2017.06.15 15:43:42.154,8.75281,8.75409,1.00,1.00
2017.06.15 15:43:42.375,8.75281,8.75412,1.00,1.00
2017.06.15 15:43:44.066,8.75275,8.75403,1.00,1.00
2017.06.15 15:43:44.117,8.75266,8.75397,1.00,1.00
2017.06.15 15:43:44.484,8.75266,8.75395,1.00,1.00
2017.06.15 15:43:44.795,8.75266,8.75397,1.00,1.00
2017.06.15 15:43:45.165,8.75259,8.7539,1.00,1.00
2017.06.15 15:43:45.695,8.75259,8.75383,1.00,1.00
2017.06.15 15:43:46.039,8.75259,8.75388,1.00,1.00
2017.06.15 15:43:46.090,8.75255,8.75386,1.45,1.00
2017.06.15 15:43:46.742,8.75255,8.75386,1.00,1.00
2017.06.15 15:43:46.926,8.75249,8.75389,1.00,1.00
2017.06.15 15:43:47.029,8.75249,8.75371,1.00,1.00
2017.06.15 15:43:47.130,8.75213,8.75346,1.45,1.00
2017.06.15 15:43:47.181,8.75213,8.75346,1.00,1.00
2017.06.15 15:43:47.233,8.75209,8.75346,1.00,1.00
2017.06.15 15:43:47.285,8.75222,8.7534,1.00,1.00
2017.06.15 15:43:47.829,8.75214,8.75328,1.00,1.00
2017.06.15 15:43:48.145,8.75214,8.75337,1.00,1.00
2017.06.15 15:43:48.463,8.75221,8.75339,1.00,1.00
2017.06.15 15:43:48.767,8.75221,8.75333,1.00,1.00
2017.06.15 15:43:48.824,8.75203,8.75321,1.00,1.00
2017.06.15 15:43:48.976,8.75203,8.75296,1.00,1.00
2017.06.15 15:43:49.095,8.75193,8.75296,1.00,1.00
2017.06.15 15:43:49.146,8.75167,8.75285,1.00,1.00
2017.06.15 15:43:49.558,8.75141,8.75259,1.00,1.00
2017.06.15 15:43:49.863,8.75113,8.75231,1.00,1.00
2017.06.15 15:43:50.173,8.75126,8.75243,1.00,1.00
2017.06.15 15:43:50.923,8.75105,8.75223,1.00,1.00
2017.06.15 15:43:51.428,8.75122,8.75237,1.00,1.00
2017.06.15 15:43:51.949,8.75141,8.75258,1.00,1.00
2017.06.15 15:43:52.398,8.75141,8.75243,1.00,1.00
2017.06.15 15:43:52.730,8.75141,8.75254,1.00,1.00
2017.06.15 15:43:52.899,8.75133,8.75251,1.00,1.00
2017.06.15 15:43:53.044,8.75133,8.75248,1.00,1.00
2017.06.15 15:43:53.264,8.75133,8.75251,1.00,1.50
2017.06.15 15:43:55.475,8.75133,8.75247,1.00,1.00
2017.06.15 15:43:55.618,8.75123,8.75241,1.00,1.00
2017.06.15 15:43:55.682,8.75114,8.75232,1.00,1.00
2017.06.15 15:43:55.987,8.75105,8.75223,1.00,1.00
2017.06.15 15:43:56.710,8.75105,8.75217,1.00,1.00
2017.06.15 15:43:57.108,8.75107,8.75216,1.00,1.00
2017.06.15 15:43:57.487,8.75092,8.7521,1.00,1.00
2017.06.15 15:43:57.640,8.75081,8.75197,1.00,1.00
2017.06.15 15:43:58.084,8.75081,8.75191,1.00,1.00
2017.06.15 15:43:58.268,8.7507,8.75187,1.00,1.00
2017.06.15 15:43:58.545,8.7507,8.75184,1.00,1.00
2017.06.15 15:43:58.859,8.7507,8.75179,1.00,1.00
2017.06.15 15:43:59.865,8.75071,8.7518,1.00,1.00
2017.06.15 15:43:59.916,8.75066,8.7518,1.00,1.00
2017.06.15 15:44:00.449,8.75066,8.75179,1.00,1.00
2017.06.15 15:44:00.749,8.75056,8.75174,1.00,1.00
2017.06.15 15:44:00.901,8.75064,8.75181,1.00,1.00
2017.06.15 15:44:01.872,8.7506,8.75177,1.00,1.00
2017.06.15 15:44:02.887,8.7505,8.75168,1.00,1.00
2017.06.15 15:44:02.989,8.75058,8.75174,1.00,1.00
2017.06.15 15:44:03.040,8.7504,8.75158,1.00,1.00
2017.06.15 15:44:03.142,8.7503,8.75147,1.00,1.00
2017.06.15 15:44:03.446,8.7505,8.75167,1.00,1.50
2017.06.15 15:44:03.773,8.75037,8.75152,1.00,1.00
2017.06.15 15:44:04.132,8.75027,8.75144,1.00,1.00
2017.06.15 15:44:04.760,8.75018,8.75135,1.00,1.00
2017.06.15 15:44:05.322,8.75027,8.75145,1.00,1.00
2017.06.15 15:44:05.855,8.75017,8.75135,1.00,1.00
2017.06.15 15:44:06.220,8.75008,8.75126,1.00,1.00
2017.06.15 15:44:06.626,8.74998,8.75116,1.00,1.00
2017.06.15 15:44:07.217,8.74991,8.75109,1.00,1.00
2017.06.15 15:44:09.614,8.7501,8.75128,1.00,1.00
2017.06.15 15:44:09.925,8.74985,8.75102,1.00,1.00
2017.06.15 15:44:10.858,8.74989,8.75106,1.00,1.00
2017.06.15 15:44:11.075,8.74973,8.75091,1.00,1.00
2017.06.15 15:44:11.126,8.74951,8.75069,1.00,1.00
2017.06.15 15:44:12.119,8.74944,8.75061,1.00,1.00
2017.06.15 15:44:14.134,8.7494,8.75058,1.00,1.00
2017.06.15 15:44:16.523,8.74939,8.75057,1.00,1.00
2017.06.15 15:44:18.362,8.74945,8.75062,1.00,1.00
2017.06.15 15:44:18.727,8.74953,8.7507,1.00,1.00
2017.06.15 15:44:19.114,8.74962,8.75079,1.00,1.00
2017.06.15 15:44:19.825,8.74966,8.75084,1.00,1.00
2017.06.15 15:44:21.585,8.74987,8.75085,1.00,1.00
2017.06.15 15:44:21.687,8.74987,8.75104,1.00,1.00
2017.06.15 15:44:21.738,8.74999,8.75112,1.00,1.00
2017.06.15 15:44:21.998,8.75,8.75118,1.00,1.00
2017.06.15 15:44:22.991,8.75007,8.75124,1.00,1.00
2017.06.15 15:44:23.889,8.75011,8.75128,1.00,1.00
2017.06.15 15:44:24.134,8.75001,8.75119,1.00,1.00
2017.06.15 15:44:24.185,8.74987,8.75102,1.00,1.00
2017.06.15 15:44:24.577,8.74953,8.7507,1.00,1.00
2017.06.15 15:44:24.995,8.74971,8.75089,1.00,1.00
2017.06.15 15:44:25.199,8.74985,8.75102,1.00,1.00
2017.06.15 15:44:25.627,8.7496,8.75077,1.00,1.00
2017.06.15 15:44:26.187,8.74952,8.7507,1.00,1.00
2017.06.15 15:44:27.204,8.74947,8.75065,1.00,1.00
2017.06.15 15:44:27.508,8.74953,8.7507,1.00,1.00
2017.06.15 15:44:28.297,8.74957,8.75075,1.00,1.00
2017.06.15 15:44:29.294,8.74955,8.75073,1.00,1.00
2017.06.15 15:44:30.191,8.74925,8.75043,1.00,1.00
2017.06.15 15:44:30.496,8.74916,8.75033,1.00,1.00
2017.06.15 15:44:31.075,8.74915,8.75033,1.00,1.00
2017.06.15 15:44:31.748,8.74912,8.75029,1.00,1.00
2017.06.15 15:44:32.094,8.74921,8.75038,1.00,1.00
2017.06.15 15:44:32.676,8.74954,8.75069,1.00,1.00
2017.06.15 15:44:32.778,8.74954,8.75072,1.00,1.00
2017.06.15 15:44:32.829,8.74938,8.75056,1.00,1.00
2017.06.15 15:44:33.442,8.74939,8.75057,1.00,1.00
2017.06.15 15:44:34.725,8.7493,8.75049,1.00,1.00
2017.06.15 15:44:35.683,8.74931,8.75049,1.00,1.00
2017.06.15 15:44:36.278,8.74937,8.75055,1.00,1.00
2017.06.15 15:44:37.418,8.74932,8.7505,1.00,1.00
2017.06.15 15:44:42.163,8.74933,8.75052,1.00,1.00
2017.06.15 15:44:44.270,8.74937,8.75056,1.00,1.00
2017.06.15 15:44:44.583,8.74948,8.75057,1.00,1.00
2017.06.15 15:44:44.897,8.74955,8.75059,1.00,1.00
2017.06.15 15:44:45.074,8.74955,8.75068,1.00,1.00
2017.06.15 15:44:45.429,8.74963,8.75078,1.00,1.00
2017.06.15 15:44:45.531,8.74963,8.75081,1.00,1.00
2017.06.15 15:44:45.582,8.74953,8.75071,1.00,1.00
2017.06.15 15:44:46.597,8.74952,8.7507,1.00,1.00
2017.06.15 15:44:47.674,8.74959,8.75078,1.00,1.00
2017.06.15 15:44:47.845,8.74976,8.75094,1.00,1.00
2017.06.15 15:44:48.166,8.74969,8.75087,1.00,1.00
2017.06.15 15:44:48.217,8.74949,8.75068,1.00,1.00
2017.06.15 15:44:49.660,8.74949,8.75067,1.00,1.00
2017.06.15 15:44:50.520,8.74943,8.75062,1.00,1.00
2017.06.15 15:44:53.756,8.74946,8.75064,1.00,1.00
2017.06.15 15:44:54.759,8.74946,8.75062,1.00,1.00
2017.06.15 15:44:55.784,8.7495,8.75068,1.00,1.00
2017.06.15 15:44:57.193,8.74948,8.75066,1.00,1.00
2017.06.15 15:44:58.214,8.74944,8.75062,1.00,1.00
2017.06.15 15:44:58.648,8.74951,8.75069,1.00,1.00
2017.06.15 15:44:59.013,8.74944,8.7506,1.00,1.00
2017.06.15 15:45:00.014,8.74947,8.75065,1.00,1.00
2017.06.15 15:45:00.850,8.74937,8.75055,1.00,1.00
2017.06.15 15:45:01.158,8.74917,8.75034,1.00,1.00
2017.06.15 15:45:01.550,8.74902,8.7502,1.00,1.00
2017.06.15 15:45:01.652,8.74886,8.75004,1.00,1.00
2017.06.15 15:45:01.989,8.74873,8.74991,1.00,1.00
2017.06.15 15:45:02.689,8.74868,8.74986,1.00,1.00
2017.06.15 15:45:03.642,8.74863,8.74981,1.00,1.00
2017.06.15 15:45:04.682,8.74864,8.74983,1.00,1.00
2017.06.15 15:45:05.188,8.74859,8.74977,1.00,1.00
2017.06.15 15:45:05.746,8.74817,8.74935,1.00,1.00
2017.06.15 15:45:06.083,8.74698,8.74816,1.00,1.00
2017.06.15 15:45:06.337,8.74715,8.74851,1.00,1.50
2017.06.15 15:45:06.721,8.74742,8.7485,1.00,1.00
2017.06.15 15:45:06.773,8.74752,8.74869,1.00,1.00
2017.06.15 15:45:06.879,8.74752,8.74889,1.00,1.00
2017.06.15 15:45:07.209,8.74752,8.74892,1.00,1.50
2017.06.15 15:45:07.312,8.74749,8.74884,1.00,1.00
2017.06.15 15:45:07.877,8.74739,8.74874,1.00,1.00
2017.06.15 15:45:08.660,8.74751,8.74869,1.00,1.00
2017.06.15 15:45:09.660,8.74751,8.7487,1.00,1.00
2017.06.15 15:45:10.921,8.74762,8.74881,1.00,1.00
2017.06.15 15:45:11.225,8.74777,8.7489,1.00,1.00
2017.06.15 15:45:11.277,8.74777,8.74895,1.00,1.00
2017.06.15 15:45:11.963,8.74773,8.74891,1.00,1.00
2017.06.15 15:45:12.946,8.74778,8.74894,1.00,1.00
2017.06.15 15:45:13.302,8.74768,8.74886,1.00,1.00
2017.06.15 15:45:13.549,8.74778,8.74896,1.00,1.00
2017.06.15 15:45:14.340,8.74764,8.74882,1.00,1.00
2017.06.15 15:45:16.130,8.74773,8.74892,1.00,1.00
2017.06.15 15:45:16.581,8.74764,8.74882,1.00,1.00
2017.06.15 15:45:17.131,8.74773,8.74891,1.00,1.00
2017.06.15 15:45:17.741,8.74773,8.7489,1.00,1.00
2017.06.15 15:45:18.012,8.74768,8.74886,1.00,1.00
2017.06.15 15:45:18.581,8.74758,8.74877,1.00,1.00
2017.06.15 15:45:18.832,8.74769,8.74888,1.00,1.00
2017.06.15 15:45:19.137,8.74812,8.74909,1.00,1.00
2017.06.15 15:45:19.189,8.74812,8.7493,1.00,1.00
2017.06.15 15:45:19.876,8.74799,8.74918,1.00,1.00
2017.06.15 15:45:20.947,8.74799,8.74917,1.00,1.00
2017.06.15 15:45:23.633,8.74792,8.7491,1.00,1.00
2017.06.15 15:45:23.945,8.74774,8.7489,1.00,1.00
2017.06.15 15:45:24.512,8.74764,8.74882,1.00,1.00
2017.06.15 15:45:25.268,8.74779,8.74888,1.00,1.00
2017.06.15 15:45:25.370,8.74786,8.74903,1.00,1.00
2017.06.15 15:45:25.575,8.74797,8.74903,1.00,1.00
2017.06.15 15:45:25.767,8.74797,8.74915,1.00,1.00
2017.06.15 15:45:26.325,8.74797,8.74914,1.00,1.00
2017.06.15 15:45:26.592,8.74797,8.74909,1.00,1.00
2017.06.15 15:45:26.826,8.74793,8.74909,1.00,1.00
2017.06.15 15:45:26.986,8.74793,8.74902,1.00,1.00
2017.06.15 15:45:27.314,8.74793,8.74898,1.00,1.00
2017.06.15 15:45:27.671,8.74793,8.749,1.00,1.00
2017.06.15 15:45:27.865,8.74794,8.74906,1.00,1.00
2017.06.15 15:45:28.195,8.74794,8.7491,1.00,1.00
2017.06.15 15:45:28.324,8.748,8.7491,1.00,1.00
2017.06.15 15:45:28.427,8.748,8.74916,1.00,1.00
2017.06.15 15:45:29.347,8.74796,8.74914,1.00,1.00
2017.06.15 15:45:29.881,8.74809,8.74959,1.00,1.00
2017.06.15 15:45:29.932,8.74848,8.74959,1.00,1.00
2017.06.15 15:45:30.237,8.74863,8.7497,1.00,1.00
2017.06.15 15:45:30.440,8.74848,8.74966,1.00,1.00
2017.06.15 15:45:30.929,8.7484,8.74958,1.00,1.00
2017.06.15 15:45:31.930,8.74836,8.74954,1.00,1.00
2017.06.15 15:45:32.433,8.74823,8.74941,1.00,1.00
2017.06.15 15:45:33.415,8.74828,8.74942,1.00,1.00
2017.06.15 15:45:33.741,8.74837,8.7495,1.00,1.00
2017.06.15 15:45:33.947,8.74837,8.74953,1.00,1.00
2017.06.15 15:45:34.244,8.74837,8.74955,1.00,1.00
2017.06.15 15:45:34.482,8.74839,8.74956,1.00,1.00
2017.06.15 15:45:34.574,8.74839,8.74958,1.00,1.00
2017.06.15 15:45:35.505,8.74835,8.74953,1.00,1.00
2017.06.15 15:45:37.052,8.74797,8.74915,1.00,1.00
2017.06.15 15:45:38.160,8.74805,8.74923,1.00,1.00
2017.06.15 15:45:39.025,8.74801,8.74919,1.00,1.00
2017.06.15 15:45:40.441,8.74808,8.74922,1.00,1.00
2017.06.15 15:45:40.493,8.74795,8.74913,1.00,1.00
2017.06.15 15:45:41.435,8.74784,8.74902,1.00,1.00
2017.06.15 15:45:42.397,8.74787,8.74905,1.00,1.00
2017.06.15 15:45:42.906,8.74778,8.74896,1.00,1.00
2017.06.15 15:45:43.947,8.74782,8.749,1.00,1.00
2017.06.15 15:45:44.872,8.74771,8.74889,1.00,1.00
2017.06.15 15:45:45.245,8.74776,8.74894,1.00,1.00
2017.06.15 15:45:45.595,8.74788,8.74906,1.00,1.00
2017.06.15 15:45:46.567,8.74793,8.74911,1.00,1.00
2017.06.15 15:45:47.022,8.74802,8.7492,1.00,1.00
2017.06.15 15:45:47.342,8.74807,8.74925,1.00,1.00
2017.06.15 15:45:48.084,8.74802,8.7492,1.00,1.00
2017.06.15 15:45:49.023,8.74792,8.7491,1.00,1.00
2017.06.15 15:45:49.337,8.74804,8.74922,1.00,1.00
2017.06.15 15:45:49.672,8.74816,8.74934,1.00,1.00
2017.06.15 15:45:50.018,8.74829,8.74944,1.00,1.00
2017.06.15 15:45:50.338,8.74839,8.74957,1.00,1.50
2017.06.15 15:45:51.062,8.74836,8.74954,1.00,1.00
2017.06.15 15:45:51.534,8.74834,8.74954,1.00,1.00
2017.06.15 15:45:51.585,8.74822,8.74939,1.00,1.00
2017.06.15 15:45:51.865,8.74806,8.74924,1.00,1.00
2017.06.15 15:45:52.721,8.74808,8.74926,1.00,1.00
2017.06.15 15:45:54.010,8.74809,8.74927,1.00,1.00
2017.06.15 15:45:55.553,8.74804,8.74922,1.00,1.00
2017.06.15 15:45:56.586,8.74809,8.74926,1.00,1.00
2017.06.15 15:45:57.557,8.74808,8.74926,1.00,1.00
2017.06.15 15:45:58.359,8.74825,8.74931,1.00,1.00
2017.06.15 15:45:58.460,8.74825,8.74943,1.00,1.00
2017.06.15 15:45:59.157,8.74814,8.74932,1.00,1.00
2017.06.15 15:45:59.994,8.74805,8.74922,1.00,1.00
2017.06.15 15:46:01.027,8.74809,8.74927,1.00,1.00
2017.06.15 15:46:03.143,8.748,8.74917,1.00,1.00
2017.06.15 15:46:03.195,8.74784,8.74902,1.00,1.00
2017.06.15 15:46:03.545,8.74755,8.74873,1.00,1.00
2017.06.15 15:46:04.399,8.74761,8.74879,1.00,1.00
2017.06.15 15:46:05.737,8.74754,8.7487,1.00,1.00
2017.06.15 15:46:05.889,8.74747,8.74865,1.00,1.00
2017.06.15 15:46:06.757,8.74755,8.74871,1.00,1.00
2017.06.15 15:46:07.636,8.74756,8.74874,1.00,1.00
2017.06.15 15:46:08.637,8.7476,8.74878,1.00,1.00
2017.06.15 15:46:08.997,8.74754,8.74872,1.00,1.00
2017.06.15 15:46:10.045,8.74758,8.74876,1.00,1.00
2017.06.15 15:46:12.334,8.74758,8.74874,1.00,1.00
2017.06.15 15:46:13.052,8.74782,8.74896,1.00,1.00
2017.06.15 15:46:13.103,8.74782,8.74898,1.00,1.00
2017.06.15 15:46:13.155,8.74783,8.74901,1.00,1.00
2017.06.15 15:46:13.885,8.74782,8.749,1.00,1.00
2017.06.15 15:46:14.019,8.7477,8.74888,1.00,1.00
2017.06.15 15:46:15.021,8.74765,8.74883,1.00,1.00
2017.06.15 15:46:17.796,8.74763,8.74881,1.00,1.00
2017.06.15 15:46:18.400,8.74757,8.74874,1.00,1.00
2017.06.15 15:46:18.941,8.74771,8.74888,1.00,1.00
2017.06.15 15:46:19.388,8.74764,8.74881,1.00,1.00
2017.06.15 15:46:20.482,8.74767,8.74885,1.00,1.00
2017.06.15 15:46:21.173,8.74773,8.74891,1.00,1.00
2017.06.15 15:46:25.823,8.74781,8.74897,1.00,1.00
2017.06.15 15:46:26.128,8.74783,8.74898,1.00,1.00
2017.06.15 15:46:26.179,8.74783,8.74901,1.00,1.00
2017.06.15 15:46:26.497,8.74783,8.7489,1.00,1.00
2017.06.15 15:46:26.759,8.74808,8.74921,1.00,1.00
2017.06.15 15:46:26.958,8.74808,8.74926,1.00,1.00
2017.06.15 15:46:27.384,8.74799,8.74917,1.00,1.00
2017.06.15 15:46:27.690,8.74821,8.74939,1.00,1.00
2017.06.15 15:46:28.054,8.7481,8.74928,1.00,1.00
2017.06.15 15:46:28.361,8.74773,8.74891,1.00,1.00
2017.06.15 15:46:29.161,8.74774,8.74891,1.00,1.00
2017.06.15 15:46:29.379,8.74782,8.749,1.00,1.00
2017.06.15 15:46:29.911,8.748,8.74906,1.00,1.00
2017.06.15 15:46:30.063,8.74802,8.74912,1.00,1.00
2017.06.15 15:46:30.165,8.74783,8.74901,1.00,1.00
2017.06.15 15:46:31.167,8.74777,8.74895,1.00,1.00
2017.06.15 15:46:31.739,8.7477,8.74888,1.00,1.00
2017.06.15 15:46:32.742,8.74774,8.74892,1.00,1.00
2017.06.15 15:46:33.743,8.74769,8.74887,1.00,1.00
2017.06.15 15:46:41.152,8.74765,8.74882,1.00,1.00
2017.06.15 15:46:42.110,8.74769,8.74887,1.00,1.50
2017.06.15 15:46:42.161,8.74769,8.74885,1.00,1.00
2017.06.15 15:46:43.984,8.74769,8.74882,1.00,1.00
2017.06.15 15:46:44.133,8.74764,8.74882,1.00,1.50
2017.06.15 15:46:44.974,8.74764,8.74881,1.00,1.00
2017.06.15 15:46:45.964,8.74764,8.7488,1.00,1.00
2017.06.15 15:46:46.624,8.74764,8.74878,1.00,1.00
2017.06.15 15:46:47.123,8.74768,8.74878,1.00,1.00
2017.06.15 15:46:47.780,8.74768,8.74879,1.00,1.00
2017.06.15 15:46:47.948,8.74761,8.74879,1.00,1.50
2017.06.15 15:46:48.499,8.74761,8.74878,1.00,1.00
2017.06.15 15:46:49.035,8.74757,8.74875,1.00,1.00
2017.06.15 15:46:49.221,8.74751,8.74862,1.00,1.00
2017.06.15 15:46:49.484,8.74751,8.74869,1.00,1.00
2017.06.15 15:46:49.536,8.74761,8.74877,1.00,1.00
2017.06.15 15:46:49.814,8.74761,8.74879,1.00,1.00
2017.06.15 15:46:49.970,8.74746,8.74864,1.10,1.00
2017.06.15 15:46:50.550,8.74754,8.74867,1.00,1.00
2017.06.15 15:46:50.704,8.74754,8.74872,1.00,1.00
2017.06.15 15:46:51.552,8.74759,8.74874,1.00,1.00
2017.06.15 15:46:51.794,8.74759,8.74876,1.00,1.50
2017.06.15 15:46:52.124,8.74759,8.74874,1.00,1.00
2017.06.15 15:46:52.512,8.74759,8.74871,1.00,1.00
2017.06.15 15:46:52.674,8.74763,8.74878,1.00,1.00
2017.06.15 15:46:52.990,8.7474,8.74858,1.07,1.00
2017.06.15 15:46:53.515,8.7474,8.74857,1.07,1.00
2017.06.15 15:46:54.188,8.74734,8.74852,1.07,1.00
2017.06.15 15:46:54.341,8.74734,8.74852,1.00,1.00
2017.06.15 15:46:54.494,8.74727,8.74845,1.00,1.00
2017.06.15 15:46:55.283,8.74745,8.74855,1.00,1.00
2017.06.15 15:46:55.334,8.74745,8.74861,1.00,1.00
2017.06.15 15:46:55.436,8.74745,8.74863,1.00,1.00
2017.06.15 15:46:55.868,8.74731,8.74849,1.00,1.00
2017.06.15 15:46:56.300,8.74731,8.74845,1.00,1.00
2017.06.15 15:46:56.351,8.74731,8.74849,1.00,1.00
2017.06.15 15:46:56.799,8.74726,8.74844,1.00,1.00
2017.06.15 15:46:57.174,8.74717,8.74835,1.00,1.00
2017.06.15 15:46:57.480,8.74676,8.74794,1.00,1.00
2017.06.15 15:46:58.104,8.74666,8.74784,1.00,1.00
2017.06.15 15:46:58.985,8.74658,8.74776,1.00,1.00
2017.06.15 15:46:59.756,8.74675,8.74778,1.00,1.00
2017.06.15 15:46:59.959,8.74675,8.74793,1.00,1.00
2017.06.15 15:47:00.644,8.74659,8.74777,1.00,1.00
2017.06.15 15:47:00.958,8.74643,8.74761,1.00,1.00
2017.06.15 15:47:01.305,8.74657,8.74775,1.00,1.00
2017.06.15 15:47:01.873,8.74673,8.74782,1.00,1.00
2017.06.15 15:47:02.173,8.74684,8.74802,1.00,1.00
2017.06.15 15:47:02.901,8.74688,8.74803,1.00,1.00
2017.06.15 15:47:03.014,8.74688,8.74806,1.00,1.00
2017.06.15 15:47:03.241,8.74681,8.74798,1.00,1.00
2017.06.15 15:47:04.234,8.74678,8.74796,1.00,1.00
2017.06.15 15:47:05.232,8.74674,8.74792,1.00,1.00
2017.06.15 15:47:05.562,8.74653,8.74771,1.00,1.00
2017.06.15 15:47:06.416,8.74648,8.74766,1.00,1.00
2017.06.15 15:47:07.454,8.74645,8.74763,1.00,1.00
2017.06.15 15:47:08.944,8.74652,8.74769,1.00,1.00
2017.06.15 15:47:08.995,8.74649,8.74767,1.00,1.00
2017.06.15 15:47:09.919,8.74665,8.74783,1.00,1.00
2017.06.15 15:47:10.263,8.74685,8.74801,1.00,1.00
2017.06.15 15:47:10.633,8.74669,8.74787,1.00,1.00
2017.06.15 15:47:10.936,8.74686,8.74803,1.00,1.00
2017.06.15 15:47:11.241,8.74668,8.74784,1.00,1.00
2017.06.15 15:47:11.495,8.74652,8.7477,1.00,1.00
2017.06.15 15:47:12.363,8.74643,8.74761,1.00,1.00
2017.06.15 15:47:13.364,8.74647,8.74765,1.00,1.00
2017.06.15 15:47:14.441,8.74646,8.74763,1.00,1.00
2017.06.15 15:47:14.998,8.74654,8.74772,1.00,1.00
2017.06.15 15:47:16.305,8.74644,8.74762,1.00,1.00
2017.06.15 15:47:17.968,8.74641,8.74759,1.00,1.00
2017.06.15 15:47:20.665,8.74635,8.74753,1.00,1.00
2017.06.15 15:47:20.970,8.7461,8.74728,1.00,1.00
2017.06.15 15:47:21.666,8.74603,8.74721,1.00,1.00
2017.06.15 15:47:24.305,8.74602,8.74718,1.00,1.00
2017.06.15 15:47:25.204,8.74603,8.74721,1.00,1.00
2017.06.15 15:47:27.484,8.74604,8.74722,1.00,1.00
2017.06.15 15:47:30.038,8.74615,8.74731,1.00,1.00
2017.06.15 15:47:30.089,8.74634,8.74752,1.00,1.00
2017.06.15 15:47:30.241,8.74653,8.74755,1.00,1.00
2017.06.15 15:47:30.342,8.74653,8.74771,1.00,1.00
2017.06.15 15:47:32.779,8.74648,8.74766,1.00,1.00
2017.06.15 15:47:33.028,8.74644,8.74769,1.00,1.00
2017.06.15 15:47:34.055,8.7465,8.74773,1.00,1.00
2017.06.15 15:47:34.323,8.74661,8.74785,1.00,1.00
2017.06.15 15:47:35.057,8.74656,8.74789,1.00,1.00
2017.06.15 15:47:36.014,8.74661,8.74794,1.00,1.00
2017.06.15 15:47:37.245,8.74675,8.74809,1.00,1.00
2017.06.15 15:47:38.251,8.74677,8.7481,1.00,1.00
2017.06.15 15:47:39.096,8.74668,8.74801,1.00,1.00
2017.06.15 15:47:39.425,8.74679,8.74812,1.00,1.00
2017.06.15 15:47:39.729,8.74644,8.74777,1.00,1.00
2017.06.15 15:47:40.593,8.74671,8.74781,1.00,1.00
2017.06.15 15:47:40.644,8.74671,8.74789,1.00,1.00
2017.06.15 15:47:40.746,8.74684,8.74801,1.00,1.00
2017.06.15 15:47:41.935,8.74686,8.74804,1.00,1.00
2017.06.15 15:47:41.986,8.74693,8.74811,1.00,1.00
2017.06.15 15:47:42.290,8.74683,8.74801,1.00,1.00
2017.06.15 15:47:42.968,8.74673,8.74791,1.00,1.00
2017.06.15 15:47:44.502,8.74675,8.74793,1.00,1.00
2017.06.15 15:47:46.228,8.74678,8.74796,1.00,1.00
2017.06.15 15:47:47.331,8.74675,8.74791,1.00,1.00
2017.06.15 15:47:48.230,8.74677,8.74795,1.00,1.00
2017.06.15 15:47:50.044,8.74679,8.74797,1.00,1.00
2017.06.15 15:47:53.395,8.74693,8.74811,1.00,1.00
2017.06.15 15:47:56.215,8.74701,8.74819,1.00,1.00
2017.06.15 15:47:57.177,8.74703,8.7482,1.00,1.00
2017.06.15 15:47:58.184,8.74707,8.74825,1.00,1.00
2017.06.15 15:47:59.532,8.74708,8.74826,1.00,1.00
2017.06.15 15:48:00.423,8.74716,8.74834,1.00,1.00
2017.06.15 15:48:00.751,8.74735,8.74853,1.00,1.00
2017.06.15 15:48:01.563,8.74745,8.74859,1.00,1.00
2017.06.15 15:48:01.665,8.74745,8.74863,1.00,1.00
2017.06.15 15:48:02.537,8.74751,8.74869,1.00,1.00
2017.06.15 15:48:03.046,8.7476,8.74874,1.00,1.00
2017.06.15 15:48:03.097,8.74757,8.74874,1.00,1.00
2017.06.15 15:48:03.198,8.74757,8.74872,1.00,1.00
2017.06.15 15:48:03.351,8.74757,8.74875,1.00,1.00
2017.06.15 15:48:03.402,8.74771,8.74889,1.00,1.00
2017.06.15 15:48:03.741,8.7474,8.74858,1.00,1.00
2017.06.15 15:48:04.063,8.74754,8.74846,1.00,1.00
2017.06.15 15:48:04.114,8.74754,8.74872,1.00,1.00
2017.06.15 15:48:04.708,8.74747,8.74865,1.00,1.00
2017.06.15 15:48:05.017,8.74725,8.74835,1.00,1.00
2017.06.15 15:48:05.069,8.74717,8.74835,1.00,1.00
2017.06.15 15:48:05.120,8.74729,8.74847,1.00,1.00
2017.06.15 15:48:05.787,8.7474,8.74857,1.00,1.00
2017.06.15 15:48:06.199,8.74748,8.74866,1.00,1.00
2017.06.15 15:48:06.251,8.74756,8.74872,1.00,1.00
2017.06.15 15:48:06.604,8.74756,8.74874,1.00,1.00
2017.06.15 15:48:06.768,8.74765,8.7488,1.00,1.00
2017.06.15 15:48:06.981,8.74765,8.74882,1.00,1.00
2017.06.15 15:48:07.265,8.74765,8.74874,1.00,1.00
2017.06.15 15:48:07.483,8.74765,8.74882,1.00,1.00
2017.06.15 15:48:07.740,8.74769,8.74883,1.00,1.00
2017.06.15 15:48:07.813,8.74769,8.74887,1.00,1.00
2017.06.15 15:48:08.669,8.74775,8.74888,1.00,1.00
2017.06.15 15:48:09.018,8.74775,8.74886,1.00,1.00
2017.06.15 15:48:09.069,8.74775,8.74893,1.00,1.00
2017.06.15 15:48:09.572,8.74781,8.74899,1.00,1.00
2017.06.15 15:48:09.896,8.74786,8.74904,1.00,1.00
2017.06.15 15:48:10.671,8.74791,8.74908,1.00,1.00
2017.06.15 15:48:12.622,8.74789,8.74907,1.00,1.00
2017.06.15 15:48:13.704,8.7481,8.74927,1.00,1.00
2017.06.15 15:48:14.022,8.7487,8.74988,1.00,1.00
2017.06.15 15:48:14.822,8.74877,8.74995,1.00,1.00
2017.06.15 15:48:16.047,8.74882,8.75,1.00,1.50
2017.06.15 15:48:16.351,8.749,8.75007,1.00,1.00
2017.06.15 15:48:16.402,8.749,8.75018,1.00,1.00
2017.06.15 15:48:16.504,8.74911,8.75019,1.00,1.00
2017.06.15 15:48:16.657,8.7491,8.75028,1.00,1.00
2017.06.15 15:48:16.709,8.74927,8.75045,1.00,1.00
2017.06.15 15:48:17.017,8.74912,8.7503,1.00,1.00
2017.06.15 15:48:17.322,8.74898,8.75016,1.00,1.00
2017.06.15 15:48:18.287,8.749,8.75018,1.00,1.00
2017.06.15 15:48:20.454,8.7491,8.75028,1.00,1.00
2017.06.15 15:48:21.511,8.74919,8.75037,1.00,1.00
2017.06.15 15:48:21.816,8.74939,8.75057,1.00,1.00
2017.06.15 15:48:22.782,8.74931,8.75049,1.00,1.00
2017.06.15 15:48:23.792,8.74935,8.75053,1.00,1.00
2017.06.15 15:48:25.596,8.74939,8.75056,1.00,1.00
2017.06.15 15:48:27.450,8.7494,8.75058,1.00,1.00
2017.06.15 15:48:27.553,8.74948,8.75066,1.00,1.00
2017.06.15 15:48:28.535,8.74943,8.75061,1.00,1.00
2017.06.15 15:48:29.548,8.74947,8.75065,1.00,1.00
2017.06.15 15:48:30.094,8.74956,8.75074,1.00,1.00
2017.06.15 15:48:31.118,8.74957,8.75075,1.00,1.50
2017.06.15 15:48:31.421,8.74972,8.7509,1.00,1.00
2017.06.15 15:48:32.323,8.74965,8.75083,1.00,1.00
2017.06.15 15:48:33.164,8.74971,8.75089,1.00,1.00
2017.06.15 15:48:33.531,8.74962,8.75078,1.00,1.00
2017.06.15 15:48:34.682,8.74971,8.75089,1.00,1.00
2017.06.15 15:48:37.120,8.74988,8.75104,1.00,1.00
2017.06.15 15:48:37.456,8.74995,8.75093,1.00,1.00
2017.06.15 15:48:37.623,8.74995,8.75112,1.00,1.00
2017.06.15 15:48:38.176,8.74995,8.75113,1.00,1.00
2017.06.15 15:48:38.844,8.74991,8.75109,1.00,1.00
2017.06.15 15:48:39.887,8.74996,8.75114,1.00,1.00
2017.06.15 15:48:42.517,8.75014,8.75126,1.00,1.00
2017.06.15 15:48:42.854,8.75063,8.75121,1.00,1.00
2017.06.15 15:48:42.956,8.75063,8.75154,1.00,1.00
2017.06.15 15:48:43.007,8.75049,8.75154,1.00,1.00
2017.06.15 15:48:43.058,8.75049,8.75137,1.00,1.00
2017.06.15 15:48:43.261,8.75067,8.75156,1.00,1.00
2017.06.15 15:48:43.312,8.7505,8.75156,1.00,1.00
2017.06.15 15:48:43.556,8.7505,8.75149,1.00,1.00
2017.06.15 15:48:43.788,8.7505,8.75164,1.00,1.00
2017.06.15 15:48:44.051,8.75041,8.75159,1.00,1.00
2017.06.15 15:48:44.102,8.75056,8.75164,1.00,1.00
2017.06.15 15:48:44.224,8.75056,8.75167,1.00,1.00
2017.06.15 15:48:44.326,8.75045,8.75163,1.00,1.00
2017.06.15 15:48:44.461,8.75045,8.75156,1.00,1.00
2017.06.15 15:48:44.773,8.75045,8.75162,1.00,1.00
2017.06.15 15:48:45.283,8.75045,8.75163,1.00,1.00
2017.06.15 15:48:45.839,8.7505,8.75168,1.00,1.00
2017.06.15 15:48:47.244,8.75059,8.75169,1.00,1.00
2017.06.15 15:48:47.603,8.75051,8.75169,1.00,1.00
2017.06.15 15:48:47.853,8.75051,8.75167,1.00,1.00
2017.06.15 15:48:48.603,8.75056,8.75167,1.00,1.00
2017.06.15 15:48:48.988,8.75056,8.75174,1.00,1.00
2017.06.15 15:48:49.039,8.75072,8.75187,1.00,1.00
2017.06.15 15:48:49.344,8.75073,8.75167,1.00,1.00
2017.06.15 15:48:49.395,8.75073,8.75186,1.00,1.00
2017.06.15 15:48:49.727,8.75073,8.75189,1.00,1.00
2017.06.15 15:48:50.155,8.7508,8.75198,1.00,1.00
2017.06.15 15:48:50.713,8.7508,8.75194,1.00,1.00
2017.06.15 15:48:50.933,8.7508,8.75198,1.00,1.00
2017.06.15 15:48:51.134,8.75084,8.75202,1.00,1.00
2017.06.15 15:48:52.134,8.75079,8.75197,1.00,1.00
2017.06.15 15:48:53.136,8.75077,8.75195,1.00,1.00
2017.06.15 15:48:54.555,8.7507,8.75187,1.00,1.00
2017.06.15 15:48:54.911,8.75059,8.75147,1.00,1.00
2017.06.15 15:48:55.115,8.7499,8.75107,1.00,1.00
2017.06.15 15:48:55.489,8.75008,8.75114,1.00,1.00
2017.06.15 15:48:55.590,8.75008,8.75126,1.00,1.00
2017.06.15 15:48:55.900,8.74996,8.75092,1.00,1.00
2017.06.15 15:48:56.232,8.74996,8.751,1.00,1.00
2017.06.15 15:48:56.570,8.74996,8.75114,1.00,1.00
2017.06.15 15:48:56.893,8.75,8.75116,1.00,1.00
2017.06.15 15:48:56.944,8.74993,8.75111,1.00,1.00
2017.06.15 15:48:56.995,8.74993,8.75098,1.00,1.00
2017.06.15 15:48:57.288,8.74993,8.75111,1.00,1.00
2017.06.15 15:48:57.340,8.74984,8.75102,1.00,1.00
2017.06.15 15:48:58.184,8.74985,8.75103,1.00,1.00
2017.06.15 15:49:00.070,8.74981,8.75095,1.00,1.00
2017.06.15 15:49:00.723,8.74985,8.75103,1.00,1.00
2017.06.15 15:49:03.174,8.74986,8.75104,1.00,1.00
2017.06.15 15:49:04.929,8.74981,8.75096,1.00,1.00
2017.06.15 15:49:05.071,8.74991,8.75108,1.00,1.00
2017.06.15 15:49:05.122,8.74999,8.75117,1.00,1.00
2017.06.15 15:49:05.712,8.74999,8.75115,1.00,1.00
2017.06.15 15:49:05.814,8.75015,8.75133,1.00,1.50
2017.06.15 15:49:06.211,8.75005,8.75123,1.00,1.00
2017.06.15 15:49:07.176,8.75009,8.75127,1.00,1.00
2017.06.15 15:49:08.377,8.74992,8.7513,1.00,1.00
2017.06.15 15:49:08.428,8.74991,8.75109,1.00,1.00
2017.06.15 15:49:08.732,8.75008,8.7511,1.00,1.00
2017.06.15 15:49:08.783,8.75008,8.75126,1.00,1.00
2017.06.15 15:49:09.386,8.7502,8.75131,1.00,1.00
2017.06.15 15:49:09.963,8.7502,8.75127,1.00,1.00
2017.06.15 15:49:10.459,8.75015,8.75127,1.00,1.00
2017.06.15 15:49:10.879,8.75015,8.75129,1.00,1.00
2017.06.15 15:49:10.953,8.75015,8.75131,1.00,1.00
2017.06.15 15:49:11.485,8.75015,8.75132,1.00,1.00
2017.06.15 15:49:11.664,8.75022,8.75133,1.00,1.00
2017.06.15 15:49:11.971,8.75022,8.75129,1.00,1.00
2017.06.15 15:49:12.169,8.75022,8.75137,1.00,1.00
2017.06.15 15:49:12.493,8.75022,8.7514,1.00,1.50
2017.06.15 15:49:12.753,8.75021,8.75138,1.00,1.00
2017.06.15 15:49:13.068,8.75047,8.75161,1.00,1.00
2017.06.15 15:49:13.308,8.75047,8.75164,1.00,1.00
2017.06.15 15:49:13.666,8.75057,8.75166,1.00,1.00
2017.06.15 15:49:13.924,8.75057,8.75176,1.00,1.00
2017.06.15 15:49:14.646,8.75063,8.75181,1.00,1.00
2017.06.15 15:49:15.188,8.75072,8.7519,1.00,1.00
2017.06.15 15:49:18.237,8.75062,8.75195,1.00,1.00
2017.06.15 15:49:18.288,8.75086,8.75196,1.00,1.00
2017.06.15 15:49:18.339,8.75064,8.75183,1.00,1.00
2017.06.15 15:49:18.390,8.75069,8.75183,1.00,1.00
2017.06.15 15:49:18.593,8.75083,8.75202,1.00,1.00
2017.06.15 15:49:18.695,8.75069,8.75187,1.50,1.00
2017.06.15 15:49:18.999,8.75069,8.75182,1.50,1.00
2017.06.15 15:49:19.364,8.75069,8.7518,1.00,1.00
2017.06.15 15:49:20.323,8.75069,8.75182,1.00,1.00
2017.06.15 15:49:20.524,8.75069,8.75179,1.00,1.00
2017.06.15 15:49:20.792,8.75077,8.75195,1.00,1.00
2017.06.15 15:49:20.854,8.75077,8.75177,1.00,1.00
2017.06.15 15:49:21.117,8.75077,8.75179,1.00,1.00
2017.06.15 15:49:21.403,8.75077,8.75184,1.00,1.00
2017.06.15 15:49:21.783,8.7507,8.75185,1.00,1.00
2017.06.15 15:49:22.139,8.75069,8.75182,1.00,1.00
2017.06.15 15:49:22.464,8.75069,8.75175,1.00,1.00
2017.06.15 15:49:22.612,8.75069,8.75178,1.00,1.00
2017.06.15 15:49:23.140,8.75069,8.75177,1.00,1.00
2017.06.15 15:49:23.546,8.75089,8.75178,1.00,1.00
2017.06.15 15:49:23.895,8.75097,8.75178,1.00,1.00
2017.06.15 15:49:23.948,8.75097,8.75197,1.00,1.00
2017.06.15 15:49:24.051,8.75097,8.75211,1.00,1.00
2017.06.15 15:49:24.313,8.75097,8.75209,1.00,1.00
2017.06.15 15:49:24.365,8.75081,8.752,1.00,1.00
2017.06.15 15:49:24.621,8.75081,8.75196,1.00,1.00
2017.06.15 15:49:25.208,8.7509,8.75203,1.00,1.00
2017.06.15 15:49:25.384,8.7509,8.75208,1.00,1.00
2017.06.15 15:49:25.740,8.7509,8.75187,1.00,1.00
2017.06.15 15:49:25.791,8.7508,8.75187,1.00,1.00
2017.06.15 15:49:25.842,8.7508,8.75198,1.00,1.00
2017.06.15 15:49:27.775,8.75081,8.75199,1.00,1.00
2017.06.15 15:49:28.616,8.7507,8.75189,1.00,1.00
2017.06.15 15:49:29.618,8.75068,8.75186,1.00,1.00
2017.06.15 15:49:30.620,8.75065,8.75183,1.00,1.00
2017.06.15 15:49:31.338,8.75054,8.75184,1.00,1.00
2017.06.15 15:49:33.235,8.75053,8.75183,1.00,1.00
2017.06.15 15:49:33.991,8.75043,8.75174,1.00,1.00
2017.06.15 15:49:34.092,8.75053,8.75184,1.00,1.00
2017.06.15 15:49:34.400,8.75062,8.75192,1.00,1.00
2017.06.15 15:49:35.267,8.75057,8.75188,1.00,1.00
2017.06.15 15:49:36.238,8.75056,8.75187,1.00,1.00
2017.06.15 15:49:37.241,8.7506,8.75191,1.00,1.00
2017.06.15 15:49:38.169,8.75053,8.75184,1.00,1.00
2017.06.15 15:49:38.525,8.7506,8.75191,1.00,1.00
2017.06.15 15:49:38.901,8.7506,8.75189,1.00,1.00
2017.06.15 15:49:40.055,8.75065,8.75189,1.00,1.00
2017.06.15 15:49:40.399,8.75052,8.75184,1.00,1.00
2017.06.15 15:49:41.028,8.75058,8.75189,1.00,1.00
2017.06.15 15:49:41.753,8.75058,8.75185,1.00,1.00
2017.06.15 15:49:42.083,8.75058,8.75189,1.00,1.50
2017.06.15 15:49:42.603,8.75058,8.75188,1.00,1.00
2017.06.15 15:49:43.074,8.75059,8.75185,1.00,1.00
2017.06.15 15:49:43.403,8.75059,8.7519,1.00,1.00
2017.06.15 15:49:44.742,8.7506,8.75191,1.00,1.00
2017.06.15 15:49:44.942,8.7506,8.75189,1.00,1.00
2017.06.15 15:49:45.272,8.7506,8.75185,1.00,1.00
2017.06.15 15:49:45.323,8.75042,8.75171,1.00,1.00
2017.06.15 15:49:45.425,8.75052,8.75164,1.00,1.00
2017.06.15 15:49:45.729,8.75052,8.75183,1.00,1.50
2017.06.15 15:49:46.408,8.75056,8.75187,1.00,1.50
2017.06.15 15:49:47.026,8.75046,8.7518,1.00,1.00
2017.06.15 15:49:47.566,8.7504,8.7518,1.00,1.00
2017.06.15 15:49:47.617,8.75057,8.75175,1.00,1.00
2017.06.15 15:49:47.922,8.75043,8.75179,1.00,1.00
2017.06.15 15:49:47.973,8.75029,8.75168,1.00,1.00
2017.06.15 15:49:48.327,8.75047,8.75176,1.00,1.00
2017.06.15 15:49:48.584,8.75057,8.75187,1.00,1.00
2017.06.15 15:49:48.921,8.75043,8.75161,1.00,1.00
2017.06.15 15:49:49.279,8.75063,8.7518,1.00,1.00
2017.06.15 15:49:49.330,8.75043,8.75163,1.00,1.00
2017.06.15 15:49:49.472,8.7505,8.75182,1.00,1.00
2017.06.15 15:49:49.672,8.7505,8.75186,1.00,1.00
2017.06.15 15:49:49.930,8.75058,8.75176,1.00,1.00
2017.06.15 15:49:50.953,8.75062,8.7518,1.00,1.00
2017.06.15 15:49:51.542,8.75071,8.75182,1.00,1.00
2017.06.15 15:49:51.655,8.75071,8.75189,1.00,1.00
2017.06.15 15:49:56.545,8.75066,8.75184,1.00,1.00
2017.06.15 15:49:57.621,8.7503,8.75137,1.00,1.00
2017.06.15 15:49:57.925,8.74933,8.75056,1.00,1.00
2017.06.15 15:49:57.976,8.74926,8.75056,1.00,1.00
2017.06.15 15:49:58.079,8.74919,8.75056,1.00,1.00
2017.06.15 15:49:58.616,8.7495,8.75066,1.00,1.00
2017.06.15 15:49:58.914,8.74942,8.7506,1.00,1.00
2017.06.15 15:49:59.016,8.74957,8.75069,1.00,1.00
2017.06.15 15:49:59.169,8.74946,8.75064,1.00,1.00
2017.06.15 15:49:59.525,8.74935,8.75053,1.00,1.00
2017.06.15 15:49:59.858,8.74937,8.75054,1.00,1.00
2017.06.15 15:50:00.745,8.74942,8.75058,1.00,1.00
2017.06.15 15:50:01.312,8.74952,8.75068,1.00,1.00
2017.06.15 15:50:02.336,8.74953,8.7507,1.00,1.00
2017.06.15 15:50:03.409,8.74958,8.75075,1.00,1.00
2017.06.15 15:50:03.864,8.74962,8.75079,1.00,1.00
2017.06.15 15:50:04.907,8.74961,8.75078,1.00,1.00
2017.06.15 15:50:05.788,8.74967,8.75084,1.00,1.00
2017.06.15 15:50:07.818,8.74979,8.75095,1.00,1.00
2017.06.15 15:50:08.795,8.74988,8.75103,1.00,1.00
2017.06.15 15:50:08.846,8.7501,8.75127,1.00,1.00
2017.06.15 15:50:08.948,8.74997,8.75113,1.00,1.00
2017.06.15 15:50:08.999,8.74984,8.75101,1.00,1.00
2017.06.15 15:50:09.970,8.74979,8.75096,1.00,1.00
2017.06.15 15:50:10.305,8.74985,8.75102,1.00,1.00
2017.06.15 15:50:12.818,8.74983,8.751,1.00,1.00
2017.06.15 15:50:19.218,8.74977,8.75094,1.00,1.00
2017.06.15 15:50:19.597,8.74971,8.75088,1.00,1.00
2017.06.15 15:50:20.870,8.74955,8.75066,1.00,1.00
2017.06.15 15:50:21.023,8.74951,8.75066,1.00,1.00
2017.06.15 15:50:21.891,8.74956,8.75073,1.00,1.00
2017.06.15 15:50:25.914,8.74947,8.75064,1.00,1.00
2017.06.15 15:50:26.404,8.74959,8.75076,1.00,1.00
2017.06.15 15:50:26.804,8.74948,8.75065,1.00,1.00
2017.06.15 15:50:27.188,8.74958,8.75075,1.00,1.00
2017.06.15 15:50:28.067,8.74959,8.75076,1.00,1.00
2017.06.15 15:50:29.020,8.74961,8.75078,1.00,1.00
2017.06.15 15:50:29.849,8.74952,8.75069,1.00,1.00
2017.06.15 15:50:30.157,8.74946,8.75063,1.00,1.00
2017.06.15 15:50:33.389,8.74948,8.75065,1.00,1.00
2017.06.15 15:50:33.872,8.74958,8.75075,1.00,1.00
2017.06.15 15:50:34.176,8.74952,8.75069,1.00,1.00
2017.06.15 15:50:35.161,8.74956,8.75073,1.00,1.00
2017.06.15 15:50:35.707,8.74964,8.75081,1.00,1.00
2017.06.15 15:50:36.024,8.74974,8.75091,1.00,1.00
2017.06.15 15:50:36.748,8.74975,8.75092,1.00,1.00
2017.06.15 15:50:39.951,8.7497,8.75087,1.00,1.00
2017.06.15 15:50:40.916,8.74973,8.7509,1.00,1.00
2017.06.15 15:50:43.029,8.74965,8.7508,1.00,1.00
2017.06.15 15:50:43.080,8.74974,8.75091,1.00,1.00
2017.06.15 15:50:44.076,8.74979,8.75096,1.00,1.00
2017.06.15 15:50:44.610,8.74968,8.75085,1.00,1.00
2017.06.15 15:50:44.919,8.74993,8.7511,1.00,1.00
2017.06.15 15:50:45.021,8.7501,8.75134,1.00,1.00
2017.06.15 15:50:45.072,8.74998,8.75115,1.00,1.00
2017.06.15 15:50:45.446,8.74984,8.75101,1.00,1.00
2017.06.15 15:50:47.030,8.74974,8.75091,1.00,1.00
2017.06.15 15:50:47.828,8.74964,8.75081,1.00,1.00
2017.06.15 15:50:48.220,8.74957,8.75074,1.00,1.00
2017.06.15 15:50:48.540,8.74966,8.75083,1.00,1.00
2017.06.15 15:50:48.992,8.74957,8.75074,1.00,1.00
2017.06.15 15:50:49.293,8.74934,8.75063,1.00,1.00
2017.06.15 15:50:49.566,8.74952,8.75069,1.00,1.00
2017.06.15 15:50:50.293,8.74958,8.75075,1.00,1.00
2017.06.15 15:50:50.779,8.74967,8.75084,1.00,1.00
2017.06.15 15:50:51.127,8.74975,8.75092,1.00,1.00
2017.06.15 15:50:51.605,8.74966,8.75082,1.00,1.00
2017.06.15 15:50:53.483,8.74972,8.75089,1.00,1.00
2017.06.15 15:50:53.636,8.74981,8.75098,1.00,1.00
2017.06.15 15:50:53.796,8.75005,8.75123,1.00,1.00
2017.06.15 15:50:54.082,8.74991,8.75108,1.00,1.00
2017.06.15 15:50:54.467,8.74979,8.75096,1.00,1.00
2017.06.15 15:50:55.232,8.74978,8.75095,1.00,1.00
2017.06.15 15:50:59.895,8.7498,8.75097,1.00,1.00
2017.06.15 15:51:00.548,8.74987,8.75104,1.00,1.00
2017.06.15 15:51:00.948,8.75003,8.7512,1.00,1.00
2017.06.15 15:51:01.294,8.75014,8.7513,1.00,1.00
2017.06.15 15:51:02.057,8.75014,8.75131,1.00,1.00
2017.06.15 15:51:03.427,8.75015,8.75132,1.00,1.50
2017.06.15 15:51:04.420,8.75011,8.75128,1.00,1.00
2017.06.15 15:51:04.850,8.74985,8.75102,1.00,1.00
2017.06.15 15:51:05.487,8.75002,8.7511,1.00,1.00
2017.06.15 15:51:05.806,8.75002,8.75119,1.00,1.00
2017.06.15 15:51:06.156,8.74995,8.7511,1.00,1.00
2017.06.15 15:51:06.207,8.74985,8.75101,1.00,1.00
2017.06.15 15:51:06.461,8.74976,8.75093,1.00,1.00
2017.06.15 15:51:07.567,8.74967,8.75084,1.00,1.00
2017.06.15 15:51:08.523,8.74971,8.75088,1.00,1.00
2017.06.15 15:51:09.823,8.74981,8.75098,1.00,1.00
2017.06.15 15:51:10.965,8.74981,8.75097,1.00,1.00
2017.06.15 15:51:12.177,8.74981,8.75098,1.00,1.00
2017.06.15 15:51:12.938,8.74982,8.75099,1.00,1.00
2017.06.15 15:51:14.925,8.7498,8.75097,1.00,1.00
2017.06.15 15:51:17.197,8.74977,8.75094,1.00,1.00
2017.06.15 15:51:17.583,8.74992,8.75106,1.00,1.00
2017.06.15 15:51:17.697,8.74992,8.75109,1.00,1.00
2017.06.15 15:51:17.947,8.74981,8.75098,1.00,1.00
2017.06.15 15:51:18.948,8.74984,8.75101,1.00,1.00
2017.06.15 15:51:19.470,8.75008,8.75112,1.00,1.00
2017.06.15 15:51:19.571,8.75008,8.7512,1.00,1.00
2017.06.15 15:51:19.734,8.75008,8.75123,1.00,1.00
2017.06.15 15:51:19.937,8.74997,8.75112,1.00,1.00
2017.06.15 15:51:20.936,8.74991,8.75108,1.00,1.00
2017.06.15 15:51:23.696,8.74973,8.751,1.00,1.00
2017.06.15 15:51:23.747,8.7499,8.75107,1.00,1.00
2017.06.15 15:51:23.799,8.74965,8.751,1.00,1.00
2017.06.15 15:51:23.901,8.74995,8.75106,1.00,1.00
2017.06.15 15:51:24.104,8.74995,8.75111,1.00,1.00
2017.06.15 15:51:24.745,8.74995,8.75112,1.00,1.00
2017.06.15 15:51:25.092,8.74999,8.75116,1.00,1.00
2017.06.15 15:51:25.402,8.75006,8.75123,1.00,1.00
2017.06.15 15:51:26.097,8.75004,8.75121,1.00,1.00
2017.06.15 15:51:27.264,8.74992,8.75109,1.00,1.00
2017.06.15 15:51:27.865,8.74987,8.75104,1.00,1.00
2017.06.15 15:51:28.170,8.75001,8.75109,1.00,1.00
2017.06.15 15:51:28.271,8.75001,8.75118,1.00,1.00
2017.06.15 15:51:28.688,8.74984,8.75101,1.00,1.00
2017.06.15 15:51:29.115,8.74993,8.7511,1.00,1.00
2017.06.15 15:51:30.080,8.74988,8.75105,1.00,1.00
2017.06.15 15:51:30.405,8.74981,8.75098,1.00,1.00
2017.06.15 15:51:31.321,8.74985,8.751,1.00,1.00
2017.06.15 15:51:32.826,8.74974,8.75091,1.00,1.00
2017.06.15 15:51:33.029,8.74961,8.75097,1.00,1.00
2017.06.15 15:51:33.393,8.7495,8.75077,1.00,1.00
2017.06.15 15:51:33.697,8.74972,8.75089,1.00,1.00
2017.06.15 15:51:34.423,8.74957,8.75094,1.00,1.00
2017.06.15 15:51:34.524,8.74977,8.75094,1.00,1.00
2017.06.15 15:51:35.465,8.74985,8.75102,1.00,1.00
2017.06.15 15:51:35.864,8.74974,8.75091,1.00,1.00
2017.06.15 15:51:36.313,8.74967,8.75084,1.00,1.00
2017.06.15 15:51:36.465,8.74959,8.75093,1.00,1.00
2017.06.15 15:51:36.516,8.74977,8.75094,1.00,1.00
2017.06.15 15:51:36.989,8.74986,8.75103,1.00,1.00
2017.06.15 15:51:38.983,8.74989,8.75106,1.00,1.00
2017.06.15 15:51:39.942,8.74987,8.75104,1.00,1.00
2017.06.15 15:51:40.975,8.74989,8.75106,1.00,1.00
2017.06.15 15:51:41.796,8.74978,8.75096,1.00,1.00
2017.06.15 15:51:42.214,8.74961,8.75091,1.00,1.00
2017.06.15 15:51:42.316,8.7498,8.75097,1.00,1.00
2017.06.15 15:51:42.725,8.7499,8.75107,1.00,1.00
2017.06.15 15:51:43.720,8.74989,8.75106,1.00,1.00
2017.06.15 15:51:44.985,8.74988,8.75105,1.00,1.00
2017.06.15 15:51:48.508,8.74992,8.75109,1.00,1.00
2017.06.15 15:51:50.496,8.74983,8.75112,1.00,1.00
2017.06.15 15:51:51.215,8.74974,8.75103,1.00,1.00
2017.06.15 15:51:52.207,8.74973,8.751,1.00,1.00
2017.06.15 15:51:53.535,8.74972,8.75089,1.00,1.00
2017.06.15 15:51:54.064,8.74951,8.75073,1.00,1.00
2017.06.15 15:51:54.166,8.7495,8.75089,1.00,1.00
2017.06.15 15:51:54.217,8.74976,8.75093,1.00,1.00
2017.06.15 15:51:55.431,8.74981,8.75098,1.00,1.00
2017.06.15 15:51:56.114,8.74974,8.75091,1.00,1.00
2017.06.15 15:51:56.417,8.74959,8.75081,1.00,1.00
2017.06.15 15:51:56.518,8.74957,8.75098,1.00,1.00
2017.06.15 15:51:56.620,8.74981,8.75098,1.00,1.00
2017.06.15 15:51:57.477,8.7499,8.75106,1.00,1.00
2017.06.15 15:51:58.015,8.74978,8.75095,1.00,1.00
2017.06.15 15:51:58.167,8.7496,8.75096,1.00,1.00
2017.06.15 15:51:58.463,8.74956,8.75079,1.00,1.00
2017.06.15 15:51:58.767,8.7498,8.75097,1.00,1.00
2017.06.15 15:51:58.869,8.74959,8.75096,1.00,1.00
2017.06.15 15:51:59.364,8.74939,8.75076,1.00,1.00
2017.06.15 15:51:59.668,8.74926,8.75063,1.00,1.00
2017.06.15 15:52:00.055,8.74948,8.75065,1.00,1.00
2017.06.15 15:52:00.393,8.74943,8.7506,1.00,1.00
2017.06.15 15:52:01.156,8.74946,8.75074,1.00,1.00
2017.06.15 15:52:01.309,8.74953,8.7507,1.00,1.00
2017.06.15 15:52:01.641,8.74941,8.75058,1.00,1.00
2017.06.15 15:52:02.397,8.74943,8.7506,1.00,1.00
2017.06.15 15:52:03.538,8.74931,8.75062,1.00,1.00
2017.06.15 15:52:05.526,8.74931,8.75061,1.00,1.00
2017.06.15 15:52:07.327,8.74934,8.75064,1.00,1.00
2017.06.15 15:52:07.934,8.74951,8.75068,1.00,1.00
2017.06.15 15:52:08.238,8.74947,8.75064,1.00,1.00
2017.06.15 15:52:09.564,8.74943,8.7506,1.00,1.00
2017.06.15 15:52:13.058,8.74946,8.75063,1.00,1.00
2017.06.15 15:52:15.430,8.7496,8.7507,1.00,1.00
2017.06.15 15:52:15.482,8.7496,8.75076,1.00,1.00
2017.06.15 15:52:15.533,8.7495,8.75067,1.00,1.00
2017.06.15 15:52:18.569,8.74947,8.75062,1.00,1.00
2017.06.15 15:52:23.168,8.7495,8.75067,1.00,1.00
2017.06.15 15:52:23.407,8.74943,8.7506,1.00,1.00
2017.06.15 15:52:25.159,8.74954,8.75055,1.00,1.00
2017.06.15 15:52:25.210,8.74947,8.75055,1.00,1.00
2017.06.15 15:52:25.262,8.74927,8.75051,1.00,1.00
2017.06.15 15:52:25.414,8.74943,8.75055,1.00,1.00
2017.06.15 15:52:25.516,8.74943,8.75072,1.00,1.00
2017.06.15 15:52:25.782,8.7494,8.75057,1.00,1.00
2017.06.15 15:52:26.779,8.74939,8.75056,1.00,1.00
2017.06.15 15:52:27.126,8.74946,8.75063,1.00,1.00
2017.06.15 15:52:27.728,8.74962,8.75079,1.00,1.00
2017.06.15 15:52:28.220,8.74972,8.75089,1.00,1.00
2017.06.15 15:52:28.528,8.74964,8.75081,1.00,1.00
2017.06.15 15:52:28.833,8.74946,8.75063,1.00,1.00
2017.06.15 15:52:30.075,8.74947,8.75064,1.00,1.00
2017.06.15 15:52:31.239,8.74942,8.75059,1.00,1.00
2017.06.15 15:52:31.645,8.74952,8.75067,1.00,1.00
2017.06.15 15:52:32.296,8.74947,8.75064,1.00,1.00
2017.06.15 15:52:33.598,8.74941,8.75056,1.00,1.00
2017.06.15 15:52:33.649,8.74934,8.75051,1.00,1.00
2017.06.15 15:52:34.624,8.74935,8.75052,1.00,1.00
2017.06.15 15:52:36.729,8.74958,8.75072,1.00,1.00
2017.06.15 15:52:36.831,8.74958,8.75076,1.00,1.00
2017.06.15 15:52:36.883,8.74939,8.75056,1.00,1.00
2017.06.15 15:52:37.555,8.74926,8.75043,1.00,1.00
2017.06.15 15:52:38.236,8.74936,8.75053,1.00,1.00
2017.06.15 15:52:40.668,8.74932,8.75049,1.00,1.00
2017.06.15 15:52:42.940,8.7493,8.75048,1.00,1.00
2017.06.15 15:52:45.105,8.74928,8.75046,1.00,1.00
2017.06.15 15:52:48.676,8.74926,8.75044,1.00,1.00
2017.06.15 15:52:55.649,8.7493,8.75048,1.00,1.00
2017.06.15 15:52:56.655,8.74935,8.75051,1.00,1.00
2017.06.15 15:52:57.510,8.74935,8.75043,1.00,1.00
2017.06.15 15:52:57.837,8.74935,8.75051,1.00,1.00
2017.06.15 15:53:00.243,8.74948,8.75066,1.00,1.00
2017.06.15 15:53:00.763,8.74937,8.75056,1.00,1.00
2017.06.15 15:53:03.106,8.74937,8.75048,1.00,1.00
2017.06.15 15:53:03.436,8.74937,8.75052,1.00,1.00
2017.06.15 15:53:03.534,8.74928,8.75046,1.00,1.00
2017.06.15 15:53:03.820,8.7494,8.75055,1.00,1.00
2017.06.15 15:53:04.315,8.7494,8.75058,1.00,1.50
2017.06.15 15:53:04.647,8.7494,8.75055,1.00,1.00
2017.06.15 15:53:04.970,8.74935,8.7504,1.00,1.00
2017.06.15 15:53:05.021,8.74935,8.75053,1.00,1.00
2017.06.15 15:53:05.907,8.74931,8.75049,1.00,1.00
2017.06.15 15:53:10.514,8.74935,8.75053,1.00,1.00
2017.06.15 15:53:11.516,8.74931,8.75049,1.00,1.00
2017.06.15 15:53:13.290,8.74932,8.75051,1.00,1.00
2017.06.15 15:53:15.209,8.74931,8.75049,1.00,1.00
2017.06.15 15:53:18.763,8.74933,8.75051,1.00,1.00
2017.06.15 15:53:20.706,8.74931,8.75049,1.00,1.00
2017.06.15 15:53:30.194,8.74935,8.75053,1.00,1.00
2017.06.15 15:53:33.745,8.74939,8.75057,1.00,1.00
2017.06.15 15:53:35.446,8.74945,8.75063,1.00,1.00
2017.06.15 15:53:35.787,8.74936,8.75054,1.00,1.00
2017.06.15 15:53:36.412,8.74928,8.75046,1.00,1.00
2017.06.15 15:53:36.631,8.74913,8.75036,1.00,1.00
2017.06.15 15:53:37.924,8.7493,8.75049,1.00,1.00
2017.06.15 15:53:37.975,8.74915,8.75045,1.00,1.00
2017.06.15 15:53:40.696,8.74934,8.75067,1.00,1.00
2017.06.15 15:53:40.798,8.74919,8.75046,1.00,1.00
2017.06.15 15:53:43.244,8.74915,8.75042,1.00,1.00
2017.06.15 15:53:44.238,8.74918,8.75045,1.00,1.00
2017.06.15 15:53:45.045,8.74935,8.75054,1.00,1.00
2017.06.15 15:53:45.147,8.74939,8.75067,1.00,1.00
2017.06.15 15:53:45.955,8.74926,8.75053,1.00,1.00
2017.06.15 15:53:46.276,8.74901,8.75019,1.00,1.00
2017.06.15 15:53:47.277,8.74901,8.75017,1.00,1.00
2017.06.15 15:53:48.549,8.74895,8.75013,1.00,1.00
2017.06.15 15:53:49.553,8.74891,8.75009,1.00,1.00
2017.06.15 15:53:50.527,8.74896,8.75012,1.00,1.00
2017.06.15 15:53:51.507,8.74896,8.75014,1.00,1.00
2017.06.15 15:53:53.111,8.7489,8.75008,1.00,1.00
2017.06.15 15:53:54.113,8.74888,8.75006,1.00,1.00
2017.06.15 15:53:54.916,8.74894,8.75012,1.00,1.00
2017.06.15 15:53:55.562,8.74889,8.75007,1.00,1.00
2017.06.15 15:54:03.023,8.749,8.75011,1.00,1.00
2017.06.15 15:54:03.214,8.74918,8.75036,1.00,1.00
2017.06.15 15:54:04.135,8.74916,8.75037,1.00,1.00
2017.06.15 15:54:05.385,8.74916,8.75034,1.00,1.00
2017.06.15 15:54:05.715,8.74916,8.75037,1.00,1.00
2017.06.15 15:54:05.766,8.74913,8.75038,1.00,1.00
2017.06.15 15:54:06.045,8.74913,8.75032,1.00,1.00
2017.06.15 15:54:06.441,8.74913,8.75027,1.00,1.00
2017.06.15 15:54:06.595,8.74913,8.75029,1.00,1.00
2017.06.15 15:54:06.911,8.74915,8.75029,1.00,1.00
2017.06.15 15:54:06.962,8.74915,8.75036,1.00,1.00
2017.06.15 15:54:07.255,8.74915,8.75038,1.00,1.00
2017.06.15 15:54:07.474,8.74915,8.75036,1.00,1.00
2017.06.15 15:54:08.464,8.74915,8.75035,1.00,1.00
2017.06.15 15:54:08.794,8.74915,8.75032,1.00,1.00
2017.06.15 15:54:09.014,8.74915,8.75036,1.00,1.00
2017.06.15 15:54:09.786,8.74915,8.75038,1.00,1.50
2017.06.15 15:54:10.115,8.74915,8.75033,1.00,1.00
2017.06.15 15:54:10.445,8.74915,8.75035,1.00,1.00
2017.06.15 15:54:10.773,8.74915,8.75032,1.00,1.00
2017.06.15 15:54:11.545,8.74915,8.75031,1.00,1.00
2017.06.15 15:54:11.874,8.74915,8.75037,1.00,1.00
2017.06.15 15:54:12.062,8.7491,8.75035,1.00,1.00
2017.06.15 15:54:13.517,8.7492,8.75035,1.00,1.00
2017.06.15 15:54:13.568,8.7492,8.75038,1.00,1.00
2017.06.15 15:54:13.744,8.7492,8.75035,1.00,1.00
2017.06.15 15:54:14.082,8.7492,8.75041,1.00,1.00
2017.06.15 15:54:14.399,8.74915,8.7504,1.00,1.00
2017.06.15 15:54:14.820,8.7492,8.75044,1.00,1.00
2017.06.15 15:54:15.429,8.7492,8.75043,1.00,1.00
2017.06.15 15:54:16.164,8.7492,8.7504,1.00,1.00
2017.06.15 15:54:16.215,8.74913,8.7504,1.00,1.00
2017.06.15 15:54:16.266,8.74909,8.75028,1.00,1.00
2017.06.15 15:54:18.809,8.74906,8.75024,1.00,1.00
2017.06.15 15:54:19.424,8.74906,8.75034,1.00,1.00
2017.06.15 15:54:19.475,8.74906,8.75025,1.00,1.00
2017.06.15 15:54:19.795,8.74906,8.75034,1.00,1.00
2017.06.15 15:54:20.454,8.74906,8.75021,1.00,1.00
2017.06.15 15:54:20.784,8.74906,8.75023,1.00,1.00
2017.06.15 15:54:21.444,8.74906,8.7502,1.00,1.00
2017.06.15 15:54:22.874,8.74906,8.75019,1.00,1.00
2017.06.15 15:54:23.644,8.74906,8.75018,1.00,1.00
2017.06.15 15:54:24.087,8.74906,8.75016,1.00,1.00
2017.06.15 15:54:24.634,8.74906,8.75017,1.00,1.00
2017.06.15 15:54:26.837,8.74906,8.7502,1.00,1.00
2017.06.15 15:54:28.327,8.74905,8.75021,1.00,1.00
2017.06.15 15:54:28.839,8.749,8.75021,1.00,1.00
2017.06.15 15:54:29.035,8.749,8.7503,1.00,1.00
2017.06.15 15:54:29.254,8.749,8.75012,1.00,1.00
2017.06.15 15:54:29.585,8.749,8.7502,1.00,1.00
2017.06.15 15:54:30.173,8.749,8.75021,1.00,1.00
2017.06.15 15:54:30.500,8.74899,8.75025,1.00,1.00
2017.06.15 15:54:30.794,8.74899,8.75018,1.00,1.00
2017.06.15 15:54:31.124,8.74899,8.75022,1.00,1.00
2017.06.15 15:54:31.316,8.74896,8.75022,1.00,1.00
2017.06.15 15:54:31.367,8.74896,8.75025,1.00,1.00
2017.06.15 15:54:31.673,8.74896,8.75029,1.00,1.00
2017.06.15 15:54:32.004,8.74896,8.75032,1.00,1.50
2017.06.15 15:54:33.205,8.74899,8.75034,1.00,1.00
2017.06.15 15:54:33.764,8.74899,8.75023,1.00,1.00
2017.06.15 15:54:34.645,8.74906,8.7502,1.00,1.00
2017.06.15 15:54:35.194,8.74906,8.75019,1.00,1.00
2017.06.15 15:54:37.633,8.74906,8.7503,1.00,1.00
2017.06.15 15:54:37.945,8.74906,8.75019,1.00,1.00
2017.06.15 15:54:38.605,8.74906,8.75023,1.00,1.00
2017.06.15 15:54:40.585,8.74906,8.75035,1.00,1.00
2017.06.15 15:54:40.915,8.74906,8.75033,1.00,1.00
2017.06.15 15:54:41.245,8.74906,8.75026,1.00,1.00
2017.06.15 15:54:41.465,8.74906,8.75035,1.00,1.00
2017.06.15 15:54:42.124,8.74906,8.75028,1.00,1.00
2017.06.15 15:54:43.004,8.74906,8.75029,1.00,1.00
2017.06.15 15:54:43.555,8.74906,8.75037,1.00,1.00
2017.06.15 15:54:43.885,8.74906,8.75029,1.00,1.00
2017.06.15 15:54:44.546,8.74906,8.75026,1.00,1.00
2017.06.15 15:54:47.513,8.74906,8.75025,1.00,1.00
2017.06.15 15:54:47.824,8.74902,8.75021,1.00,1.00
2017.06.15 15:54:48.394,8.74902,8.75017,1.00,1.00
2017.06.15 15:54:48.919,8.74901,8.75016,1.00,1.00
2017.06.15 15:54:49.603,8.74901,8.75014,1.00,1.00
2017.06.15 15:54:49.933,8.74901,8.75012,1.00,1.00
2017.06.15 15:54:50.446,8.74905,8.75009,1.00,1.00
2017.06.15 15:54:50.497,8.74905,8.75013,1.00,1.00
2017.06.15 15:54:50.598,8.74895,8.75013,1.00,1.50
2017.06.15 15:54:50.650,8.74888,8.75013,1.00,1.00
2017.06.15 15:54:50.753,8.74887,8.75005,1.00,1.00
2017.06.15 15:54:51.120,8.74887,8.75002,1.00,1.00
2017.06.15 15:54:51.171,8.74887,8.75005,1.00,1.00
2017.06.15 15:54:51.366,8.74887,8.74996,1.00,1.00
2017.06.15 15:54:52.024,8.74887,8.74995,1.00,1.00
2017.06.15 15:54:52.353,8.74887,8.75005,1.00,1.00
2017.06.15 15:54:52.576,8.74887,8.74994,1.00,1.00
2017.06.15 15:54:53.125,8.74887,8.74993,1.00,1.00
2017.06.15 15:54:54.114,8.74887,8.74991,1.00,1.00
2017.06.15 15:54:54.445,8.74887,8.75003,1.00,1.00
2017.06.15 15:54:54.775,8.74887,8.74992,1.00,1.00
2017.06.15 15:54:55.104,8.74887,8.7499,1.00,1.00
2017.06.15 15:54:55.675,8.74887,8.74993,1.00,1.00
2017.06.15 15:54:56.672,8.74887,8.75004,1.00,1.00
2017.06.15 15:54:56.864,8.74887,8.74993,1.00,1.00
2017.06.15 15:54:57.773,8.74887,8.75003,1.00,1.00
2017.06.15 15:54:57.965,8.74887,8.74995,1.00,1.00
2017.06.15 15:54:58.294,8.74887,8.74999,1.00,1.00
2017.06.15 15:54:58.624,8.74887,8.75004,1.00,1.00
2017.06.15 15:54:59.174,8.74887,8.74998,1.00,1.00
2017.06.15 15:54:59.834,8.74887,8.74994,1.00,1.00
2017.06.15 15:55:00.375,8.74888,8.74995,1.00,1.00
2017.06.15 15:55:00.496,8.74888,8.75006,1.00,1.50
2017.06.15 15:55:01.155,8.74888,8.75005,1.00,1.00
2017.06.15 15:55:01.484,8.74888,8.75002,1.00,1.00
2017.06.15 15:55:01.963,8.74888,8.75006,1.00,1.00
2017.06.15 15:55:03.897,8.74887,8.75005,1.00,1.00
2017.06.15 15:55:05.919,8.74886,8.75004,1.00,1.00
2017.06.15 15:55:09.793,8.74878,8.74996,1.00,1.00
2017.06.15 15:55:13.415,8.74879,8.74996,1.00,1.00
2017.06.15 15:55:18.926,8.74878,8.74996,1.00,1.00
2017.06.15 15:55:23.542,8.74886,8.75001,1.00,1.00
2017.06.15 15:55:23.644,8.74877,8.74995,1.45,1.00
2017.06.15 15:55:24.758,8.74876,8.74994,1.45,1.00
2017.06.15 15:55:28.446,8.74875,8.74993,1.45,1.00
2017.06.15 15:55:32.102,8.74883,8.74995,1.00,1.00
2017.06.15 15:55:33.062,8.74883,8.74997,1.00,1.00
2017.06.15 15:55:33.942,8.74883,8.74998,1.00,1.00
2017.06.15 15:55:33.993,8.74881,8.74999,1.00,1.00
2017.06.15 15:55:34.609,8.74876,8.74994,1.45,1.00
2017.06.15 15:55:36.452,8.74881,8.74997,1.00,1.00
2017.06.15 15:55:36.582,8.74881,8.74999,1.00,1.00
2017.06.15 15:55:36.888,8.74876,8.74994,1.45,1.00
2017.06.15 15:55:39.630,8.74876,8.74994,1.00,1.00
2017.06.15 15:55:39.681,8.74863,8.74989,1.00,1.00
2017.06.15 15:55:39.883,8.74869,8.74995,1.00,1.00
2017.06.15 15:55:40.211,8.74869,8.74992,1.00,1.00
2017.06.15 15:55:40.541,8.74869,8.74994,1.00,1.00
2017.06.15 15:55:40.873,8.74869,8.74992,1.00,1.00
2017.06.15 15:55:41.422,8.74869,8.74991,1.00,1.00
2017.06.15 15:55:42.191,8.74869,8.7499,1.00,1.00
2017.06.15 15:55:43.181,8.74869,8.74989,1.00,1.00
2017.06.15 15:55:43.527,8.74868,8.74991,1.00,1.00
2017.06.15 15:55:44.061,8.74868,8.74988,1.00,1.00
2017.06.15 15:55:44.721,8.74868,8.74989,1.00,1.00
2017.06.15 15:55:45.052,8.74868,8.74987,1.00,1.00
2017.06.15 15:55:45.404,8.74872,8.74987,1.00,1.00
2017.06.15 15:55:46.085,8.74872,8.74985,1.00,1.00
2017.06.15 15:55:46.701,8.74872,8.74984,1.00,1.00
2017.06.15 15:55:47.581,8.74872,8.74986,1.00,1.00
2017.06.15 15:55:48.154,8.74865,8.74986,1.00,1.00
2017.06.15 15:55:48.307,8.74865,8.74982,1.00,1.00
2017.06.15 15:55:48.986,8.74857,8.74982,1.00,1.00
2017.06.15 15:55:50.112,8.74857,8.74981,1.00,1.00
2017.06.15 15:55:50.881,8.74857,8.7498,1.00,1.00
2017.06.15 15:55:51.211,8.74857,8.74978,1.00,1.00
2017.06.15 15:55:51.761,8.74857,8.74977,1.00,1.00
2017.06.15 15:55:52.311,8.74857,8.74979,1.00,1.00
2017.06.15 15:55:54.953,8.74857,8.74982,1.00,1.00
2017.06.15 15:55:55.204,8.74864,8.74982,1.00,1.00
2017.06.15 15:55:55.356,8.74864,8.74985,1.00,1.00
2017.06.15 15:55:55.611,8.74864,8.74983,1.00,1.00
2017.06.15 15:55:55.831,8.74864,8.74988,1.00,1.00
2017.06.15 15:55:56.162,8.74864,8.74986,1.00,1.00
2017.06.15 15:55:56.214,8.74853,8.74986,1.00,1.50
2017.06.15 15:55:56.491,8.74853,8.74984,1.00,1.00
2017.06.15 15:55:57.041,8.74853,8.74986,1.00,1.00
2017.06.15 15:55:57.701,8.74853,8.74982,1.00,1.00
2017.06.15 15:55:58.462,8.74858,8.74982,1.00,1.00
2017.06.15 15:55:59.025,8.74858,8.74984,1.00,1.00
2017.06.15 15:55:59.571,8.74858,8.74985,1.00,1.00
2017.06.15 15:56:00.493,8.74856,8.74986,1.00,1.00
2017.06.15 15:56:00.565,8.74856,8.7499,1.00,1.00
2017.06.15 15:56:03.000,8.74854,8.74987,1.00,1.00
2017.06.15 15:56:04.016,8.74858,8.74976,1.00,1.00
2017.06.15 15:56:06.031,8.74853,8.74986,1.00,1.00
2017.06.15 15:56:07.714,8.74853,8.7498,1.00,1.00
2017.06.15 15:56:08.042,8.74853,8.74986,1.00,1.00
2017.06.15 15:56:08.591,8.74853,8.74984,1.00,1.00
2017.06.15 15:56:09.142,8.74852,8.74984,1.00,1.00
2017.06.15 15:56:13.537,8.74853,8.74986,1.00,1.50
2017.06.15 15:56:16.668,8.74866,8.74988,1.00,1.00
2017.06.15 15:56:16.719,8.7486,8.74988,1.00,1.00
2017.06.15 15:56:16.770,8.7486,8.74993,1.00,1.00
2017.06.15 15:56:17.775,8.74865,8.74997,1.00,1.00
2017.06.15 15:56:18.432,8.7487,8.74997,1.00,1.00
2017.06.15 15:56:18.711,8.7487,8.75003,1.00,1.50
2017.06.15 15:56:19.076,8.74869,8.74987,1.00,1.00
2017.06.15 15:56:20.048,8.74874,8.7499,1.00,1.00
2017.06.15 15:56:20.285,8.74876,8.75003,1.00,1.00
2017.06.15 15:56:20.336,8.74884,8.75,1.00,1.00
2017.06.15 15:56:20.388,8.74878,8.75006,1.00,1.00
2017.06.15 15:56:20.440,8.74889,8.75006,1.00,1.00
2017.06.15 15:56:20.853,8.74869,8.74985,1.00,1.00
2017.06.15 15:56:21.419,8.74859,8.74977,1.00,1.00
2017.06.15 15:56:22.730,8.74866,8.74983,1.00,1.00
2017.06.15 15:56:22.781,8.74856,8.74974,1.00,1.00
2017.06.15 15:56:22.832,8.74846,8.74964,1.00,1.00
2017.06.15 15:56:23.136,8.74815,8.74933,1.00,1.00
2017.06.15 15:56:23.442,8.74833,8.7495,1.00,1.00
2017.06.15 15:56:23.714,8.74876,8.74994,1.00,1.00
2017.06.15 15:56:24.262,8.74875,8.74993,1.00,1.00
2017.06.15 15:56:24.695,8.74858,8.74976,1.00,1.00
2017.06.15 15:56:25.040,8.74847,8.74965,1.00,1.00
2017.06.15 15:56:26.718,8.74852,8.7497,1.00,1.00
2017.06.15 15:56:28.642,8.74857,8.74975,1.00,1.00
2017.06.15 15:56:29.568,8.74849,8.74966,1.00,1.00
2017.06.15 15:56:29.675,8.74853,8.74971,1.00,1.00
2017.06.15 15:56:29.727,8.74829,8.74947,1.00,1.00
2017.06.15 15:56:30.179,8.74809,8.74927,1.00,1.00
2017.06.15 15:56:30.743,8.74802,8.7492,1.00,1.00
2017.06.15 15:56:31.179,8.74797,8.74915,1.00,1.00
2017.06.15 15:56:34.145,8.74796,8.74914,1.00,1.00
2017.06.15 15:56:35.317,8.748,8.74918,1.00,1.00
2017.06.15 15:56:43.598,8.74797,8.74915,1.00,1.00
2017.06.15 15:56:45.612,8.74799,8.74917,1.00,1.00
2017.06.15 15:56:49.073,8.74807,8.74922,1.00,1.00
2017.06.15 15:56:49.414,8.74892,8.7501,1.00,1.00
2017.06.15 15:56:49.465,8.74908,8.75021,1.00,1.00
2017.06.15 15:56:49.668,8.74908,8.75025,1.00,1.00
2017.06.15 15:56:50.125,8.74915,8.75033,1.00,1.00
2017.06.15 15:56:51.112,8.7491,8.75028,1.00,1.00
2017.06.15 15:56:53.275,8.74903,8.75021,1.00,1.00
2017.06.15 15:56:54.227,8.7491,8.75028,1.00,1.00
2017.06.15 15:56:55.023,8.74918,8.75036,1.00,1.00
2017.06.15 15:56:55.351,8.7491,8.75028,1.00,1.00
2017.06.15 15:56:56.049,8.74908,8.75026,1.00,1.00
2017.06.15 15:56:56.429,8.74904,8.75021,1.00,1.00
2017.06.15 15:56:57.159,8.74892,8.75008,1.00,1.00
2017.06.15 15:56:57.363,8.74888,8.75006,1.00,1.00
2017.06.15 15:56:58.201,8.74895,8.75011,1.00,1.00
2017.06.15 15:56:58.505,8.74885,8.75003,1.00,1.00
2017.06.15 15:56:59.543,8.74886,8.75004,1.00,1.00
2017.06.15 15:57:00.409,8.74891,8.75009,1.00,1.00
2017.06.15 15:57:00.851,8.74886,8.75002,1.00,1.00
2017.06.15 15:57:01.989,8.74886,8.75,1.00,1.00
2017.06.15 15:57:02.501,8.74886,8.74999,1.00,1.00
2017.06.15 15:57:03.711,8.74886,8.75001,1.00,1.00
2017.06.15 15:57:04.371,8.74886,8.75002,1.00,1.00
2017.06.15 15:57:04.555,8.74889,8.75004,1.00,1.00
2017.06.15 15:57:04.607,8.74848,8.74966,1.00,1.00
2017.06.15 15:57:05.579,8.7485,8.74968,1.00,1.00
2017.06.15 15:57:07.773,8.74831,8.74947,1.00,1.00
2017.06.15 15:57:09.333,8.74831,8.74945,1.00,1.00
2017.06.15 15:57:09.651,8.74831,8.74943,1.00,1.00
2017.06.15 15:57:09.981,8.74831,8.7494,1.00,1.00
2017.06.15 15:57:10.234,8.74836,8.74951,1.00,1.00
2017.06.15 15:57:10.285,8.74852,8.74951,1.00,1.00
2017.06.15 15:57:10.336,8.74852,8.74969,1.00,1.00
2017.06.15 15:57:10.387,8.74862,8.74969,1.00,1.00
2017.06.15 15:57:10.796,8.74862,8.74963,1.00,1.00
2017.06.15 15:57:11.384,8.74859,8.74962,1.00,1.00
2017.06.15 15:57:11.435,8.74859,8.74966,1.00,1.00
2017.06.15 15:57:11.740,8.74859,8.74964,1.00,1.00
2017.06.15 15:57:12.111,8.74859,8.74969,1.00,1.00
2017.06.15 15:57:12.665,8.74859,8.74966,1.00,1.00
2017.06.15 15:57:13.191,8.74859,8.74967,1.00,1.00
2017.06.15 15:57:13.681,8.74857,8.74967,1.00,1.00
2017.06.15 15:57:14.345,8.74857,8.74966,1.00,1.00
2017.06.15 15:57:14.641,8.74857,8.74969,1.00,1.00
2017.06.15 15:57:14.692,8.74864,8.74969,1.00,1.00
2017.06.15 15:57:15.063,8.74864,8.74967,1.00,1.00
2017.06.15 15:57:15.171,8.74864,8.7497,1.00,1.00
2017.06.15 15:57:15.521,8.74864,8.74966,1.00,1.00
2017.06.15 15:57:16.491,8.74866,8.74963,1.00,1.00
2017.06.15 15:57:17.151,8.74866,8.7497,1.00,1.00
2017.06.15 15:57:17.811,8.74866,8.74968,1.00,1.00
2017.06.15 15:57:18.360,8.74866,8.74965,1.00,1.00
2017.06.15 15:57:19.107,8.74866,8.74964,1.00,1.00
2017.06.15 15:57:19.167,8.74864,8.74964,1.00,1.00
2017.06.15 15:57:19.882,8.74852,8.74964,1.00,1.00
2017.06.15 15:57:19.984,8.74843,8.74961,1.00,1.00
2017.06.15 15:57:20.561,8.74843,8.74956,1.00,1.00
2017.06.15 15:57:20.947,8.74841,8.74956,1.00,1.00
2017.06.15 15:57:21.206,8.74832,8.74947,1.00,1.00
2017.06.15 15:57:21.511,8.74874,8.74976,1.00,1.00
2017.06.15 15:57:21.663,8.74874,8.74984,1.00,1.00
2017.06.15 15:57:21.789,8.74892,8.74984,1.00,1.00
2017.06.15 15:57:21.840,8.74873,8.74984,1.00,1.00
2017.06.15 15:57:21.992,8.74869,8.74978,1.00,1.00
2017.06.15 15:57:22.339,8.74869,8.7498,1.00,1.00
2017.06.15 15:57:22.651,8.74869,8.74983,1.00,1.00
2017.06.15 15:57:22.799,8.74887,8.74983,1.00,1.00
2017.06.15 15:57:22.900,8.74887,8.7499,1.00,1.00
2017.06.15 15:57:23.252,8.74893,8.74989,1.00,1.00
2017.06.15 15:57:23.579,8.74893,8.74991,1.00,1.00
2017.06.15 15:57:23.860,8.74893,8.74997,1.00,1.00
2017.06.15 15:57:24.410,8.74893,8.74999,1.00,1.00
2017.06.15 15:57:24.823,8.74884,8.74999,1.00,1.00
2017.06.15 15:57:24.920,8.74888,8.74999,1.00,1.00
2017.06.15 15:57:25.253,8.74897,8.75,1.00,1.00
2017.06.15 15:57:25.304,8.74897,8.75013,1.00,1.00
2017.06.15 15:57:25.621,8.74897,8.75015,1.00,1.00
2017.06.15 15:57:25.950,8.74897,8.75018,1.00,1.00
2017.06.15 15:57:26.001,8.74912,8.75018,1.00,1.00
2017.06.15 15:57:26.306,8.74928,8.75048,1.00,1.00
2017.06.15 15:57:26.626,8.74928,8.75043,1.00,1.00
2017.06.15 15:57:27.100,8.74933,8.75042,1.00,1.00
2017.06.15 15:57:27.486,8.74937,8.7504,1.00,1.00
2017.06.15 15:57:27.821,8.74937,8.75047,1.00,1.00
2017.06.15 15:57:28.687,8.74939,8.75047,1.00,1.00
2017.06.15 15:57:29.141,8.74939,8.75052,1.00,1.00
2017.06.15 15:57:29.471,8.74939,8.75055,1.00,1.00
2017.06.15 15:57:29.686,8.74941,8.75055,1.00,1.00
2017.06.15 15:57:30.101,8.74941,8.7505,1.00,1.00
2017.06.15 15:57:30.254,8.74967,8.75085,1.00,1.00
2017.06.15 15:57:30.508,8.74966,8.75103,1.00,1.00
2017.06.15 15:57:30.711,8.74975,8.75079,1.00,1.37
2017.06.15 15:57:31.072,8.74938,8.75041,1.00,1.00
2017.06.15 15:57:31.123,8.74966,8.75095,1.00,1.00
2017.06.15 15:57:31.949,8.74966,8.75095,1.00,1.37
2017.06.15 15:57:32.052,8.74966,8.75074,1.00,1.00
2017.06.15 15:57:32.259,8.74966,8.75095,1.00,1.37
2017.06.15 15:57:32.770,8.74966,8.7509,1.00,1.00
2017.06.15 15:57:33.457,8.74966,8.75095,1.00,1.00
2017.06.15 15:57:34.196,8.74976,8.75094,1.00,1.00
2017.06.15 15:57:39.184,8.75,8.75104,1.00,1.00
2017.06.15 15:57:39.286,8.75013,8.75124,1.00,1.00
2017.06.15 15:57:39.641,8.75013,8.75129,1.00,1.00
2017.06.15 15:57:40.185,8.75017,8.75135,1.00,1.00
2017.06.15 15:57:40.236,8.75043,8.75138,1.00,1.00
2017.06.15 15:57:40.582,8.75054,8.7517,1.00,1.75
2017.06.15 15:57:41.291,8.75056,8.75172,1.00,1.75
2017.06.15 15:57:41.422,8.75056,8.75172,1.00,1.00
2017.06.15 15:57:43.715,8.75053,8.75171,1.00,1.00
2017.06.15 15:57:45.236,8.75058,8.75176,1.00,1.00
2017.06.15 15:57:49.016,8.75055,8.75171,1.00,1.00
2017.06.15 15:57:49.887,8.75027,8.75172,1.00,1.00
2017.06.15 15:57:49.938,8.75026,8.75144,1.00,1.00
2017.06.15 15:57:50.242,8.75036,8.75154,1.00,1.00
2017.06.15 15:57:50.591,8.75047,8.75163,1.00,1.00
2017.06.15 15:57:50.642,8.75047,8.75165,1.00,1.00
2017.06.15 15:57:50.973,8.75057,8.75175,1.00,1.00
2017.06.15 15:57:51.310,8.75049,8.75167,1.00,1.00
2017.06.15 15:57:52.341,8.75054,8.75172,1.00,1.00
2017.06.15 15:57:53.655,8.75049,8.75167,1.00,1.00
2017.06.15 15:57:56.783,8.75047,8.75165,1.00,1.00
2017.06.15 15:57:58.438,8.75043,8.75158,1.00,1.00
2017.06.15 15:57:58.489,8.75049,8.75167,1.00,1.00
2017.06.15 15:57:59.015,8.75049,8.75166,1.00,1.00
2017.06.15 15:57:59.407,8.75055,8.75173,1.00,1.00
2017.06.15 15:58:00.409,8.75051,8.75169,1.00,1.00
2017.06.15 15:58:01.421,8.7505,8.75168,1.00,1.00
2017.06.15 15:58:02.686,8.7508,8.75187,1.00,1.00
2017.06.15 15:58:02.737,8.7508,8.75198,1.00,1.00
2017.06.15 15:58:03.666,8.75083,8.75201,1.00,1.00
2017.06.15 15:58:04.196,8.75081,8.75218,1.00,1.50
2017.06.15 15:58:04.298,8.75118,8.75236,1.00,1.00
2017.06.15 15:58:04.602,8.75129,8.75246,1.00,1.00
2017.06.15 15:58:04.907,8.75093,8.75198,1.00,1.00
2017.06.15 15:58:05.059,8.7508,8.75198,1.00,1.00
2017.06.15 15:58:05.721,8.75089,8.75207,1.00,1.00
2017.06.15 15:58:06.026,8.75061,8.75179,1.00,1.00
2017.06.15 15:58:06.433,8.75072,8.7519,1.00,1.00
2017.06.15 15:58:06.928,8.75045,8.75163,1.00,1.00
2017.06.15 15:58:07.411,8.75057,8.75172,1.00,1.00
2017.06.15 15:58:07.564,8.75057,8.75175,1.00,1.00
2017.06.15 15:58:07.925,8.75063,8.75181,1.00,1.00
2017.06.15 15:58:10.837,8.75066,8.75184,1.00,1.00
2017.06.15 15:58:11.871,8.75067,8.75185,1.00,1.00
2017.06.15 15:58:12.627,8.75084,8.75195,1.00,1.00
2017.06.15 15:58:12.729,8.75084,8.75201,1.00,1.00
2017.06.15 15:58:12.883,8.75093,8.75201,1.00,1.00
2017.06.15 15:58:12.934,8.75093,8.75211,1.00,1.00
2017.06.15 15:58:13.252,8.75093,8.75198,1.00,1.00
2017.06.15 15:58:13.580,8.75093,8.75195,1.00,1.00
2017.06.15 15:58:13.925,8.75095,8.75193,1.00,1.00
2017.06.15 15:58:14.027,8.7509,8.75193,1.00,1.00
2017.06.15 15:58:14.131,8.7509,8.75191,1.00,1.00
2017.06.15 15:58:14.936,8.7509,8.7519,1.00,1.00
2017.06.15 15:58:15.038,8.7509,8.75195,1.00,1.00
2017.06.15 15:58:15.762,8.75092,8.75195,1.00,1.00
2017.06.15 15:58:16.274,8.75077,8.75195,1.00,1.50
2017.06.15 15:58:16.384,8.75077,8.75175,1.00,1.00
2017.06.15 15:58:16.435,8.75064,8.75175,1.00,1.00
2017.06.15 15:58:16.690,8.75064,8.75182,1.00,1.00
2017.06.15 15:58:17.261,8.75069,8.75187,1.00,1.00
2017.06.15 15:58:17.593,8.75063,8.75181,1.00,1.00
2017.06.15 15:58:19.286,8.75066,8.75187,1.00,1.00
2017.06.15 15:58:20.832,8.75071,8.75192,1.00,1.00
2017.06.15 15:58:21.287,8.75066,8.75187,1.00,1.00
2017.06.15 15:58:25.502,8.75071,8.75192,1.00,1.00
2017.06.15 15:58:26.468,8.75067,8.75188,1.00,1.00
2017.06.15 15:58:28.368,8.75073,8.75194,1.00,1.00
2017.06.15 15:58:28.690,8.751,8.75221,1.00,1.00
2017.06.15 15:58:30.487,8.75106,8.75227,1.00,1.00
2017.06.15 15:58:31.487,8.75103,8.75224,1.00,1.00
2017.06.15 15:58:32.307,8.75097,8.75218,1.00,1.00
2017.06.15 15:58:32.683,8.75088,8.75207,1.00,1.00
2017.06.15 15:58:33.264,8.75094,8.75215,1.00,1.00
2017.06.15 15:58:34.456,8.75105,8.75223,1.00,1.00
2017.06.15 15:58:36.304,8.75102,8.75228,1.00,1.00
2017.06.15 15:58:37.685,8.75097,8.75238,1.00,1.00
2017.06.15 15:58:38.206,8.75136,8.75253,1.00,1.00
2017.06.15 15:58:38.572,8.75117,8.75235,1.00,1.00
2017.06.15 15:58:38.674,8.75117,8.75214,1.00,1.00
2017.06.15 15:58:38.725,8.7509,8.75214,1.00,1.00
2017.06.15 15:58:38.777,8.75105,8.75214,1.00,1.00
2017.06.15 15:58:38.879,8.75069,8.75214,1.00,1.00
2017.06.15 15:58:38.930,8.75065,8.7517,1.00,1.00
2017.06.15 15:58:39.032,8.75082,8.75212,1.00,1.00
2017.06.15 15:58:39.083,8.75104,8.75222,1.00,1.00
2017.06.15 15:58:39.589,8.75124,8.75242,1.00,1.00
2017.06.15 15:58:40.041,8.75115,8.75233,1.00,1.00
2017.06.15 15:58:41.613,8.75091,8.75216,1.00,1.00
2017.06.15 15:58:42.399,8.75107,8.75223,1.00,1.00
2017.06.15 15:58:43.414,8.7509,8.75215,1.00,1.00
2017.06.15 15:58:43.465,8.75099,8.75223,1.00,1.00
2017.06.15 15:58:43.769,8.75123,8.75247,1.00,1.00
2017.06.15 15:58:44.526,8.75124,8.75248,1.00,1.00
2017.06.15 15:58:44.609,8.75129,8.75254,1.00,1.00
2017.06.15 15:58:44.813,8.75148,8.75264,1.00,1.00
2017.06.15 15:58:45.017,8.75129,8.75265,1.00,1.00
2017.06.15 15:58:45.491,8.75149,8.75267,1.00,1.00
2017.06.15 15:58:46.313,8.75127,8.75265,1.00,1.00
2017.06.15 15:58:46.484,8.75148,8.75266,1.00,1.00
2017.06.15 15:58:46.924,8.75127,8.75263,1.00,1.00
2017.06.15 15:58:49.346,8.75127,8.75264,1.00,1.00
2017.06.15 15:58:51.333,8.75128,8.75264,1.00,1.00
2017.06.15 15:58:52.983,8.75125,8.75262,1.00,1.00
2017.06.15 15:58:55.309,8.75122,8.75258,1.00,1.00
2017.06.15 15:58:56.310,8.75121,8.75257,1.00,1.00
2017.06.15 15:58:58.998,8.75123,8.75259,1.00,1.00
2017.06.15 15:58:59.625,8.75102,8.75238,1.00,1.00
2017.06.15 15:58:59.677,8.75091,8.75228,1.00,1.00
2017.06.15 15:59:00.613,8.75086,8.75222,1.00,1.00
2017.06.15 15:59:01.613,8.75089,8.75224,1.00,1.00
2017.06.15 15:59:02.906,8.75073,8.7519,1.00,1.00
2017.06.15 15:59:02.957,8.75062,8.7519,1.00,1.00
2017.06.15 15:59:03.059,8.75054,8.7519,1.00,1.00
2017.06.15 15:59:04.376,8.75055,8.75194,1.00,1.00
2017.06.15 15:59:06.370,8.75056,8.75195,1.00,1.00
2017.06.15 15:59:09.494,8.75078,8.75211,1.00,1.00
2017.06.15 15:59:09.596,8.7509,8.75228,1.00,1.00
2017.06.15 15:59:11.586,8.75086,8.75225,1.00,1.00
2017.06.15 15:59:11.688,8.75086,8.75223,1.00,1.00
2017.06.15 15:59:11.840,8.75086,8.75225,1.00,1.00
2017.06.15 15:59:11.891,8.7509,8.75208,1.00,1.00
2017.06.15 15:59:12.092,8.75072,8.75207,1.00,1.00
2017.06.15 15:59:12.143,8.75095,8.7523,1.00,1.00
2017.06.15 15:59:12.448,8.75095,8.75228,1.00,1.00
2017.06.15 15:59:12.755,8.751,8.75218,1.00,1.00
2017.06.15 15:59:13.078,8.75123,8.75241,1.00,1.00
2017.06.15 15:59:13.855,8.75124,8.75242,1.00,1.00
2017.06.15 15:59:14.831,8.75126,8.75244,1.00,1.00
2017.06.15 15:59:15.882,8.75127,8.75245,1.00,1.00
2017.06.15 15:59:19.406,8.75131,8.75249,1.00,1.00
2017.06.15 15:59:21.548,8.75135,8.75252,1.00,1.00
2017.06.15 15:59:25.813,8.75115,8.75233,1.00,1.00
2017.06.15 15:59:25.864,8.75106,8.75224,1.00,1.00
2017.06.15 15:59:26.825,8.75098,8.75216,1.00,1.00
2017.06.15 15:59:27.846,8.75088,8.75204,1.00,1.00
2017.06.15 15:59:28.836,8.75086,8.75204,1.00,1.00
2017.06.15 15:59:28.997,8.75091,8.75209,1.00,1.00
2017.06.15 15:59:30.010,8.75096,8.75213,1.00,1.00
2017.06.15 15:59:31.001,8.75098,8.75216,1.00,1.00
2017.06.15 15:59:32.511,8.75101,8.75219,1.00,1.00
2017.06.15 15:59:33.645,8.75097,8.75215,1.00,1.00
2017.06.15 15:59:34.595,8.75092,8.7521,1.00,1.00
2017.06.15 15:59:35.014,8.75083,8.75201,1.00,1.00
2017.06.15 15:59:35.972,8.75089,8.75206,1.00,1.00
2017.06.15 15:59:37.433,8.75065,8.75183,1.00,1.00
2017.06.15 15:59:37.922,8.75061,8.75198,1.00,1.00
2017.06.15 15:59:39.798,8.75076,8.75213,1.00,1.00
2017.06.15 15:59:40.103,8.75085,8.75221,1.00,1.00
2017.06.15 15:59:41.089,8.7508,8.75217,1.00,1.00
2017.06.15 15:59:42.779,8.75063,8.75199,1.00,1.00
2017.06.15 15:59:43.377,8.75062,8.75199,1.00,1.00
2017.06.15 15:59:43.963,8.75061,8.75198,1.00,1.00
2017.06.15 15:59:44.312,8.75063,8.75198,1.00,1.00
2017.06.15 15:59:44.812,8.75061,8.75198,1.00,1.00
2017.06.15 15:59:45.945,8.75064,8.752,1.00,1.00
2017.06.15 15:59:46.950,8.75065,8.75202,1.00,1.00
2017.06.15 15:59:49.505,8.75069,8.75202,1.00,1.00
2017.06.15 15:59:51.475,8.75069,8.75203,1.00,1.00
2017.06.15 15:59:52.496,8.75065,8.752,1.00,1.00
2017.06.15 15:59:55.280,8.75072,8.75206,1.00,1.00
2017.06.15 15:59:55.709,8.75078,8.75212,1.00,1.00
2017.06.15 15:59:56.017,8.75073,8.75202,1.00,1.00
2017.06.15 15:59:56.491,8.7507,8.75202,1.00,1.00
2017.06.15 15:59:57.126,8.75065,8.75199,1.00,1.00
2017.06.15 15:59:58.900,8.75068,8.75199,1.00,1.00
2017.06.15 15:59:59.780,8.75065,8.75199,1.00,1.00
