2012.01.17 18:00:00.231,6.92029,6.92116,1.50,1.50
2012.01.17 18:00:00.325,6.91907,6.92067,1.13,1.50
2012.01.17 18:00:00.722,6.91907,6.92091,1.13,1.50
2012.01.17 18:00:01.218,6.91901,6.92092,1.88,1.13
2012.01.17 18:00:01.703,6.91969,6.92134,2.25,1.13
2012.01.17 18:00:01.852,6.91969,6.92143,1.88,1.50
2012.01.17 18:00:02.061,6.91969,6.92105,1.88,1.13
2012.01.17 18:00:02.425,6.91961,6.92099,1.50,1.50
2012.01.17 18:00:02.505,6.91918,6.92099,1.50,2.25
2012.01.17 18:00:03.120,6.91892,6.92028,1.50,1.50
2012.01.17 18:00:03.190,6.91882,6.92028,1.35,1.50
2012.01.17 18:00:03.261,6.91882,6.92028,1.35,1.50
2012.01.17 18:00:03.390,6.9192,6.92106,1.50,1.50
2012.01.17 18:00:03.518,6.9192,6.92106,2.25,1.50
2012.01.17 18:00:04.502,6.9192,6.92106,1.50,1.50
2012.01.17 18:00:04.784,6.91954,6.92138,1.50,1.50
2012.01.17 18:00:05.550,6.91898,6.9206,1.50,1.50
2012.01.17 18:00:05.677,6.91891,6.9206,1.13,1.50
2012.01.17 18:00:05.747,6.91876,6.9206,2.25,1.50
2012.01.17 18:00:06.058,6.91852,6.92034,1.50,1.50
2012.01.17 18:00:06.469,6.9185,6.92034,1.50,1.50
2012.01.17 18:00:09.707,6.91822,6.9198,1.35,1.50
2012.01.17 18:00:09.898,6.91797,6.9198,1.50,1.50
2012.01.17 18:00:09.966,6.91796,6.9198,2.25,1.50
2012.01.17 18:00:10.510,6.91796,6.9198,1.50,1.50
2012.01.17 18:00:10.908,6.91796,6.9198,2.25,1.50
2012.01.17 18:00:12.530,6.91796,6.9198,2.25,1.50
2012.01.17 18:00:12.879,6.91863,6.92089,2.25,2.25
2012.01.17 18:00:12.949,6.91863,6.92089,2.25,1.50
2012.01.17 18:00:14.593,6.91883,6.92069,1.50,1.50
2012.01.17 18:00:14.729,6.91883,6.9205,1.50,1.50
2012.01.17 18:00:14.803,6.9184,6.92026,1.50,1.50
2012.01.17 18:00:14.872,6.9184,6.92026,1.50,2.25
2012.01.17 18:00:15.199,6.9184,6.91975,1.50,1.50
2012.01.17 18:00:15.339,6.91802,6.91975,1.50,1.50
2012.01.17 18:00:15.411,6.91779,6.9196,1.50,2.25
2012.01.17 18:00:15.480,6.91774,6.9196,2.25,2.25
2012.01.17 18:00:16.308,6.91774,6.9196,2.25,2.25
2012.01.17 18:00:16.886,6.91774,6.9196,2.25,2.25
2012.01.17 18:00:16.957,6.91774,6.9196,1.50,2.25
2012.01.17 18:00:17.097,6.91774,6.9196,1.50,2.25
2012.01.17 18:00:19.151,6.91774,6.91903,1.50,1.50
2012.01.17 18:00:19.426,6.9175,6.91888,1.50,1.50
2012.01.17 18:00:19.500,6.91646,6.9184,1.50,1.50
2012.01.17 18:00:19.569,6.91643,6.9184,1.50,1.50
2012.01.17 18:00:19.637,6.91646,6.9184,1.50,1.50
2012.01.17 18:00:19.768,6.91721,6.91945,2.25,1.50
2012.01.17 18:00:24.099,6.91769,6.9195,1.50,1.50
2012.01.17 18:00:24.172,6.91769,6.91953,1.50,1.50
2012.01.17 18:00:24.430,6.91769,6.91953,2.25,1.50
2012.01.17 18:00:25.586,6.91769,6.91953,2.25,1.50
2012.01.17 18:00:25.868,6.91769,6.91953,2.25,1.50
2012.01.17 18:00:26.250,6.91769,6.91953,2.25,1.50
2012.01.17 18:00:26.316,6.91769,6.91953,2.25,1.50
2012.01.17 18:00:27.170,6.91769,6.91953,2.25,1.50
2012.01.17 18:00:27.717,6.91769,6.91953,2.25,1.50
2012.01.17 18:00:28.328,6.91769,6.91953,2.25,1.50
2012.01.17 18:00:28.541,6.91769,6.91953,2.25,1.50
2012.01.17 18:00:28.978,6.91872,6.91978,1.50,1.50
2012.01.17 18:00:29.049,6.91845,6.92099,1.50,1.50
2012.01.17 18:00:29.176,6.91845,6.92099,1.50,1.50
2012.01.17 18:00:29.308,6.91821,6.92099,1.50,1.50
2012.01.17 18:00:29.378,6.91764,6.92099,1.35,1.50
2012.01.17 18:00:31.428,6.91779,6.92073,2.25,1.50
2012.01.17 18:00:32.440,6.91779,6.92082,2.25,1.50
2012.01.17 18:00:33.856,6.91779,6.9207,2.25,1.50
2012.01.17 18:00:36.228,6.91779,6.92072,2.25,1.50
2012.01.17 18:00:36.607,6.91779,6.9207,2.25,1.50
2012.01.17 18:00:36.910,6.91779,6.9207,2.25,1.50
2012.01.17 18:00:37.104,6.91779,6.9207,2.25,1.50
2012.01.17 18:00:38.389,6.91831,6.92015,2.25,1.50
2012.01.17 18:00:41.410,6.91831,6.92015,2.25,1.50
2012.01.17 18:00:41.536,6.91872,6.92056,2.25,1.50
2012.01.17 18:00:43.109,6.91898,6.92082,1.50,2.25
2012.01.17 18:01:23.787,6.91898,6.92082,2.25,1.50
2012.01.17 18:01:28.920,6.91924,6.92108,2.25,1.50
2012.01.17 18:01:29.059,6.91949,6.92135,1.50,1.50
2012.01.17 18:01:29.715,6.91949,6.92135,2.25,1.50
2012.01.17 18:01:29.852,6.91949,6.92135,2.25,1.50
2012.01.17 18:01:30.097,6.91949,6.92135,1.50,1.50
2012.01.17 18:01:32.567,6.91977,6.92161,2.25,1.50
2012.01.17 18:01:33.607,6.91977,6.92161,2.25,1.50
2012.01.17 18:01:34.739,6.91929,6.92113,2.25,1.50
2012.01.17 18:01:35.250,6.91929,6.92113,2.25,1.50
2012.01.17 18:01:38.720,6.91929,6.92113,2.25,1.50
2012.01.17 18:01:38.939,6.91929,6.92113,2.25,1.50
2012.01.17 18:01:41.862,6.91904,6.92086,2.25,1.50
2012.01.17 18:01:42.345,6.919,6.92086,2.25,1.50
2012.01.17 18:02:06.257,6.9206,6.9211,1.50,1.50
2012.01.17 18:02:06.329,6.92036,6.92183,2.25,1.35
2012.01.17 18:02:06.660,6.92036,6.92247,1.50,2.25
2012.01.17 18:02:06.729,6.91898,6.92242,2.25,1.50
2012.01.17 18:02:06.796,6.9196,6.92186,1.50,1.50
2012.01.17 18:02:07.436,6.91976,6.92158,2.25,1.50
2012.01.17 18:02:07.748,6.92114,6.92181,1.35,1.50
2012.01.17 18:02:07.816,6.92114,6.92259,1.35,2.25
2012.01.17 18:02:07.886,6.92124,6.92328,2.25,2.25
2012.01.17 18:02:08.197,6.92152,6.92358,1.50,2.25
2012.01.17 18:02:08.613,6.92211,6.92417,1.50,2.25
2012.01.17 18:02:08.797,6.91968,6.922,1.34,1.50
2012.01.17 18:02:08.867,6.91934,6.922,2.25,1.50
2012.01.17 18:02:08.996,6.91934,6.922,1.50,1.50
2012.01.17 18:02:09.126,6.91911,6.92223,2.25,1.50
2012.01.17 18:02:09.196,6.91906,6.92263,1.50,2.25
2012.01.17 18:02:09.265,6.91906,6.92263,1.50,1.50
2012.01.17 18:02:10.992,6.91946,6.92191,1.50,1.50
2012.01.17 18:02:11.064,6.91946,6.92191,1.50,1.50
2012.01.17 18:02:11.232,6.91839,6.92098,1.50,1.50
2012.01.17 18:02:11.358,6.91828,6.92122,1.27,1.50
2012.01.17 18:02:11.428,6.91825,6.92185,1.45,2.25
2012.01.17 18:02:11.497,6.918,6.92185,1.35,2.25
2012.01.17 18:02:12.886,6.91779,6.92066,1.50,1.50
2012.01.17 18:02:13.252,6.91779,6.92041,1.50,1.50
2012.01.17 18:02:14.450,6.91779,6.91989,1.50,1.50
2012.01.17 18:02:14.803,6.91781,6.91965,2.25,1.50
2012.01.17 18:02:15.229,6.91781,6.91965,2.25,1.50
2012.01.17 18:02:15.675,6.91881,6.91965,1.50,1.50
2012.01.17 18:02:15.745,6.91905,6.92131,1.50,2.25
2012.01.17 18:02:18.646,6.91777,6.92001,2.25,1.50
2012.01.17 18:02:18.717,6.91896,6.9212,1.50,2.25
2012.01.17 18:02:18.965,6.91896,6.9212,1.50,1.50
2012.01.17 18:02:23.046,6.91916,6.921,2.25,1.50
2012.01.17 18:02:23.116,6.91951,6.92125,2.25,1.50
2012.01.17 18:02:23.246,6.91951,6.92125,1.50,1.50
2012.01.17 18:02:23.319,6.91815,6.92041,1.50,1.50
2012.01.17 18:02:23.507,6.91866,6.92064,1.50,1.50
2012.01.17 18:02:23.578,6.91866,6.9209,1.50,1.50
2012.01.17 18:02:23.918,6.91866,6.9209,1.50,2.25
2012.01.17 18:02:27.426,6.91886,6.9207,2.25,2.25
2012.01.17 18:02:27.678,6.91965,6.92149,1.50,1.50
2012.01.17 18:02:27.896,6.91965,6.92149,2.25,1.50
2012.01.17 18:02:36.888,6.91965,6.92099,2.25,1.50
2012.01.17 18:02:36.958,6.91965,6.92099,1.50,1.50
2012.01.17 18:02:37.028,6.9189,6.92076,1.50,1.50
2012.01.17 18:02:46.218,6.9189,6.92072,1.50,2.25
2012.01.17 18:02:46.291,6.91863,6.92047,1.50,1.50
2012.01.17 18:02:46.747,6.91866,6.92047,1.50,1.50
2012.01.17 18:02:46.829,6.9189,6.92074,1.50,1.50
2012.01.17 18:02:52.142,6.9189,6.92074,2.25,1.50
2012.01.17 18:02:52.512,6.91918,6.92104,1.50,1.50
2012.01.17 18:02:59.601,6.91889,6.92075,2.25,1.50
2012.01.17 18:02:59.672,6.91872,6.92047,1.50,1.50
2012.01.17 18:03:00.678,6.91955,6.92179,1.50,1.50
2012.01.17 18:03:00.752,6.91955,6.92179,2.25,1.50
2012.01.17 18:03:01.177,6.91955,6.92179,2.25,1.50
2012.01.17 18:03:01.250,6.91955,6.92179,1.50,1.50
2012.01.17 18:03:01.558,6.91955,6.92179,2.25,1.50
2012.01.17 18:03:08.996,6.91975,6.92125,2.25,1.35
2012.01.17 18:03:09.069,6.91898,6.9205,1.50,1.50
2012.01.17 18:03:15.672,6.91864,6.9205,2.10,1.50
2012.01.17 18:03:28.952,6.91843,6.91926,1.60,1.50
2012.01.17 18:03:29.019,6.91843,6.91949,1.60,1.50
2012.01.17 18:03:29.087,6.91791,6.91987,2.25,1.35
2012.01.17 18:03:29.160,6.91737,6.9192,1.50,1.50
2012.01.17 18:03:29.226,6.91716,6.9192,2.25,2.25
2012.01.17 18:03:29.297,6.91716,6.9192,2.25,2.25
2012.01.17 18:03:29.949,6.91748,6.9192,1.50,2.25
2012.01.17 18:03:30.017,6.91773,6.91957,1.50,2.25
2012.01.17 18:03:31.783,6.9174,6.91926,1.50,2.25
2012.01.17 18:03:33.939,6.9174,6.91926,2.25,1.50
2012.01.17 18:03:34.067,6.91804,6.92028,1.50,2.25
2012.01.17 18:03:34.137,6.91804,6.92028,1.50,1.50
2012.01.17 18:03:39.206,6.91824,6.92008,1.50,2.25
2012.01.17 18:03:42.298,6.91857,6.9203,1.50,1.50
2012.01.17 18:03:42.574,6.91884,6.9207,1.50,2.25
2012.01.17 18:03:42.654,6.91884,6.9207,1.50,2.25
2012.01.17 18:03:45.996,6.91884,6.9207,1.50,3.00
2012.01.17 18:03:49.766,6.91859,6.92043,1.50,2.25
2012.01.17 18:04:08.966,6.91859,6.92043,1.50,2.25
2012.01.17 18:04:14.465,6.91859,6.92043,1.50,2.25
2012.01.17 18:04:16.410,6.91859,6.92043,1.50,2.25
2012.01.17 18:04:17.275,6.91859,6.92043,1.50,1.50
2012.01.17 18:04:18.626,6.91859,6.92043,1.50,2.25
2012.01.17 18:04:21.508,6.91859,6.92043,1.50,2.25
2012.01.17 18:04:24.099,6.91859,6.92043,1.50,1.50
2012.01.17 18:04:29.306,6.91859,6.92043,2.25,1.50
2012.01.17 18:04:33.226,6.91859,6.92043,1.50,1.50
2012.01.17 18:04:33.306,6.91898,6.92082,1.50,2.25
2012.01.17 18:04:33.381,6.91837,6.9206,1.50,1.50
2012.01.17 18:04:33.867,6.91837,6.9206,1.50,1.50
2012.01.17 18:04:34.367,6.9184,6.9206,1.50,1.50
2012.01.17 18:04:34.997,6.91848,6.92034,1.50,1.50
2012.01.17 18:04:35.357,6.91848,6.92034,2.25,1.50
2012.01.17 18:04:35.490,6.91877,6.92058,1.50,1.50
2012.01.17 18:04:35.558,6.91877,6.92061,1.50,1.50
2012.01.17 18:04:35.628,6.91877,6.92061,1.50,2.25
2012.01.17 18:04:36.271,6.91953,6.92061,1.50,2.25
2012.01.17 18:04:36.615,6.91978,6.92102,1.50,1.13
2012.01.17 18:04:37.257,6.91978,6.92102,1.50,1.13
2012.01.17 18:04:37.328,6.91945,6.92102,1.50,1.13
2012.01.17 18:04:37.457,6.91945,6.92102,1.50,1.13
2012.01.17 18:04:37.527,6.91945,6.92102,1.50,1.13
2012.01.17 18:04:37.656,6.91897,6.92081,2.25,2.25
2012.01.17 18:04:37.726,6.91897,6.92081,2.25,2.25
2012.01.17 18:04:38.797,6.91955,6.92081,1.50,2.25
2012.01.17 18:04:38.868,6.9198,6.9215,1.50,1.73
2012.01.17 18:04:38.936,6.9198,6.9215,1.50,1.73
2012.01.17 18:04:39.672,6.9198,6.9215,1.50,1.50
2012.01.17 18:04:39.916,6.91955,6.92132,1.50,2.25
2012.01.17 18:04:39.988,6.91948,6.92132,1.50,2.25
2012.01.17 18:04:40.117,6.91948,6.92132,1.50,2.25
2012.01.17 18:04:40.379,6.91948,6.92132,1.50,2.25
2012.01.17 18:04:41.210,6.91948,6.92132,1.50,2.25
2012.01.17 18:04:41.277,6.91948,6.92132,1.50,2.25
2012.01.17 18:04:42.371,6.91948,6.92132,1.50,2.25
2012.01.17 18:04:42.559,6.91948,6.92132,1.50,2.25
2012.01.17 18:04:42.749,6.91948,6.92132,1.50,2.25
2012.01.17 18:04:42.819,6.91899,6.92085,1.50,2.25
2012.01.17 18:04:43.778,6.91863,6.92049,1.50,1.50
2012.01.17 18:04:43.846,6.91863,6.92049,1.50,2.25
2012.01.17 18:04:44.159,6.91863,6.92049,2.25,2.25
2012.01.17 18:04:45.300,6.91863,6.92049,1.50,2.25
2012.01.17 18:04:45.487,6.91818,6.92004,1.50,1.50
2012.01.17 18:04:45.556,6.91818,6.92004,1.50,2.25
2012.01.17 18:04:46.722,6.91818,6.92004,1.50,2.25
2012.01.17 18:04:48.295,6.91788,6.91974,1.50,2.25
2012.01.17 18:04:48.385,6.91783,6.91967,1.50,2.25
2012.01.17 18:04:49.018,6.91783,6.91967,1.50,2.25
2012.01.17 18:04:49.597,6.91756,6.91942,1.50,2.25
2012.01.17 18:04:50.890,6.91756,6.91942,1.50,2.25
2012.01.17 18:04:51.488,6.91819,6.91965,2.25,2.25
2012.01.17 18:04:51.797,6.91835,6.91896,2.25,1.50
2012.01.17 18:04:51.868,6.91777,6.91896,1.13,1.50
2012.01.17 18:04:51.939,6.91726,6.91952,2.25,1.50
2012.01.17 18:04:52.006,6.91687,6.91913,1.50,1.50
2012.01.17 18:04:52.648,6.91707,6.91913,1.50,2.25
2012.01.17 18:04:54.286,6.91707,6.91893,1.50,2.25
2012.01.17 18:04:58.466,6.91683,6.9184,1.50,2.25
2012.01.17 18:04:58.538,6.9163,6.91864,1.50,2.25
2012.01.17 18:04:58.607,6.91609,6.91877,1.50,1.50
2012.01.17 18:04:59.309,6.91591,6.91877,2.25,1.50
2012.01.17 18:04:59.667,6.91591,6.91877,2.25,1.50
2012.01.17 18:04:59.975,6.91591,6.9185,2.25,1.50
2012.01.17 18:05:00.338,6.91624,6.9181,1.50,2.25
2012.01.17 18:05:01.366,6.91624,6.918,1.50,1.50
2012.01.17 18:05:01.559,6.91599,6.91772,1.50,1.50
2012.01.17 18:05:03.428,6.91599,6.91714,1.50,1.50
2012.01.17 18:05:03.498,6.91484,6.9169,3.00,1.50
2012.01.17 18:05:03.626,6.91484,6.9169,2.25,2.25
2012.01.17 18:05:03.699,6.91484,6.9169,2.25,1.50
2012.01.17 18:05:03.768,6.91484,6.9169,1.50,1.50
2012.01.17 18:05:03.838,6.91562,6.91714,1.50,1.50
2012.01.17 18:05:04.297,6.91562,6.91762,1.50,1.50
2012.01.17 18:05:04.370,6.91562,6.91762,1.50,1.50
2012.01.17 18:05:04.873,6.91582,6.91762,1.50,1.50
2012.01.17 18:05:05.379,6.91582,6.91763,1.50,1.50
2012.01.17 18:05:06.289,6.91582,6.91719,1.50,1.50
2012.01.17 18:05:06.358,6.91504,6.9169,1.50,2.25
2012.01.17 18:05:09.061,6.91504,6.9162,1.50,1.35
2012.01.17 18:05:09.307,6.91361,6.91587,2.25,1.50
2012.01.17 18:05:11.997,6.91381,6.91541,2.25,1.35
2012.01.17 18:05:12.066,6.91381,6.91541,1.50,1.35
2012.01.17 18:05:12.135,6.91381,6.91527,1.50,1.50
2012.01.17 18:05:12.206,6.91381,6.91513,1.50,1.50
2012.01.17 18:05:12.279,6.91309,6.91493,1.50,2.25
2012.01.17 18:05:12.347,6.91421,6.91513,1.50,1.50
2012.01.17 18:05:12.415,6.91421,6.91522,1.50,1.50
2012.01.17 18:05:13.739,6.91417,6.91486,1.50,1.50
2012.01.17 18:05:13.807,6.9128,6.91486,1.50,1.50
2012.01.17 18:05:15.780,6.91411,6.91563,1.50,2.25
2012.01.17 18:05:15.847,6.91411,6.91615,1.50,2.25
2012.01.17 18:05:16.197,6.91411,6.91615,1.50,2.25
2012.01.17 18:05:16.828,6.91431,6.91615,1.50,2.25
2012.01.17 18:05:16.897,6.91431,6.91615,1.50,1.50
2012.01.17 18:05:16.970,6.91372,6.91558,1.50,1.50
2012.01.17 18:05:22.686,6.914,6.91582,1.50,1.50
2012.01.17 18:05:22.756,6.914,6.91586,1.50,1.50
2012.01.17 18:05:24.256,6.914,6.91586,1.50,2.25
2012.01.17 18:05:24.466,6.914,6.91586,1.50,1.50
2012.01.17 18:05:25.009,6.914,6.91586,1.50,2.25
2012.01.17 18:05:25.319,6.914,6.9158,1.50,1.50
2012.01.17 18:05:25.666,6.914,6.91576,1.50,1.50
2012.01.17 18:05:25.739,6.91362,6.91548,1.50,1.50
2012.01.17 18:05:26.999,6.91362,6.91548,1.50,2.25
2012.01.17 18:05:28.052,6.91362,6.91542,1.50,1.50
2012.01.17 18:05:28.706,6.91362,6.91541,1.50,1.50
2012.01.17 18:05:29.147,6.91362,6.91548,1.50,2.25
2012.01.17 18:05:29.358,6.91391,6.91563,1.50,1.50
2012.01.17 18:05:30.379,6.91391,6.91576,1.50,1.50
2012.01.17 18:05:31.367,6.91391,6.91576,1.50,1.50
2012.01.17 18:05:32.387,6.91391,6.91576,1.50,1.50
2012.01.17 18:05:44.656,6.91391,6.91576,1.50,1.50
2012.01.17 18:05:45.987,6.91391,6.91577,1.50,2.25
2012.01.17 18:05:46.057,6.91391,6.91577,2.25,1.50
2012.01.17 18:05:46.872,6.91391,6.91577,2.25,1.50
2012.01.17 18:05:55.268,6.91497,6.91625,1.35,1.50
2012.01.17 18:05:55.336,6.91497,6.91782,1.35,1.13
2012.01.17 18:05:55.410,6.91497,6.91817,1.35,1.73
2012.01.17 18:05:55.484,6.91497,6.91808,1.35,1.50
2012.01.17 18:05:55.555,6.91497,6.91808,1.35,1.50
2012.01.17 18:05:56.230,6.91477,6.91701,2.25,2.25
2012.01.17 18:05:56.435,6.91495,6.91701,2.25,2.25
2012.01.17 18:05:56.609,6.91495,6.91701,1.50,2.25
2012.01.17 18:05:57.623,6.91495,6.91681,1.50,2.25
2012.01.17 18:05:58.101,6.91531,6.91715,1.50,2.25
2012.01.17 18:05:58.226,6.91531,6.91715,1.50,2.25
2012.01.17 18:05:59.329,6.91533,6.91715,1.50,2.25
2012.01.17 18:05:59.746,6.91558,6.91742,1.50,2.25
2012.01.17 18:06:08.207,6.91558,6.91742,1.50,2.25
2012.01.17 18:06:12.618,6.91531,6.91717,1.50,2.25
2012.01.17 18:06:12.811,6.91531,6.91717,1.50,2.25
2012.01.17 18:06:13.393,6.91531,6.91717,1.50,2.25
2012.01.17 18:06:16.196,6.91531,6.91717,1.50,1.50
2012.01.17 18:06:16.331,6.91559,6.91743,1.50,1.50
2012.01.17 18:06:16.692,6.91588,6.9177,1.50,1.50
2012.01.17 18:06:17.027,6.91613,6.91797,1.50,2.25
2012.01.17 18:06:17.366,6.91613,6.91797,1.50,1.50
2012.01.17 18:06:17.719,6.91651,6.91822,1.50,2.25
2012.01.17 18:06:17.847,6.91651,6.91835,1.50,2.25
2012.01.17 18:06:17.919,6.91747,6.91835,2.10,2.25
2012.01.17 18:06:18.049,6.91747,6.91859,2.10,1.50
2012.01.17 18:06:18.117,6.91747,6.91908,2.10,2.25
2012.01.17 18:06:18.248,6.91756,6.91906,1.50,1.50
2012.01.17 18:06:18.318,6.91697,6.91906,1.50,1.50
2012.01.17 18:06:18.386,6.91592,6.91906,1.50,1.50
2012.01.17 18:06:19.267,6.91579,6.91906,2.25,1.50
2012.01.17 18:06:19.459,6.91599,6.91846,1.50,1.50
2012.01.17 18:06:19.526,6.91636,6.91822,1.50,1.50
2012.01.17 18:06:20.319,6.91636,6.91822,1.50,2.25
2012.01.17 18:06:20.626,6.91636,6.91813,1.50,1.50
2012.01.17 18:06:21.885,6.91636,6.91813,1.50,1.50
2012.01.17 18:06:23.766,6.91636,6.91822,1.50,1.50
2012.01.17 18:06:25.388,6.91662,6.91848,1.50,2.25
2012.01.17 18:06:25.517,6.91662,6.91848,1.50,1.50
2012.01.17 18:06:28.466,6.91662,6.9184,1.50,1.35
2012.01.17 18:06:28.538,6.91588,6.91774,1.50,1.50
2012.01.17 18:06:31.826,6.91588,6.91774,1.50,2.25
2012.01.17 18:06:32.017,6.91553,6.91737,1.50,1.50
2012.01.17 18:06:34.140,6.91529,6.91697,1.50,1.50
2012.01.17 18:06:34.211,6.91511,6.91697,1.50,1.50
2012.01.17 18:06:34.957,6.91511,6.91691,1.50,1.35
2012.01.17 18:06:35.027,6.91487,6.91625,1.50,1.50
2012.01.17 18:06:35.097,6.91376,6.91571,2.25,1.50
2012.01.17 18:06:35.234,6.91425,6.91594,1.50,1.50
2012.01.17 18:06:35.313,6.91425,6.91649,1.50,2.25
2012.01.17 18:06:35.521,6.91425,6.91649,1.50,1.50
2012.01.17 18:06:37.012,6.9141,6.91594,1.50,1.50
2012.01.17 18:06:39.369,6.91435,6.91618,1.50,1.50
2012.01.17 18:06:39.720,6.91435,6.91621,1.50,1.50
2012.01.17 18:06:48.027,6.91502,6.91645,1.50,2.25
2012.01.17 18:06:48.098,6.91502,6.91686,1.50,2.25
2012.01.17 18:06:48.226,6.91502,6.91686,1.50,2.25
2012.01.17 18:06:52.279,6.91502,6.91686,1.50,2.25
2012.01.17 18:06:52.486,6.91502,6.91686,1.50,2.25
2012.01.17 18:06:52.829,6.91383,6.91607,1.50,1.50
2012.01.17 18:06:53.080,6.91462,6.91688,1.50,2.25
2012.01.17 18:06:53.772,6.91462,6.91688,1.50,2.25
2012.01.17 18:06:56.917,6.91482,6.91668,1.50,1.50
2012.01.17 18:06:56.989,6.91533,6.91668,1.50,1.50
2012.01.17 18:06:57.055,6.91557,6.91741,1.50,1.50
2012.01.17 18:06:59.409,6.91557,6.91741,1.50,2.25
2012.01.17 18:06:59.729,6.91526,6.9171,1.50,1.50
2012.01.17 18:07:00.606,6.91551,6.91734,1.50,1.50
2012.01.17 18:07:00.677,6.91551,6.91737,1.50,2.25
2012.01.17 18:07:01.331,6.91551,6.91737,1.50,1.50
2012.01.17 18:07:21.552,6.91551,6.91734,1.50,1.50
2012.01.17 18:07:22.038,6.91492,6.91678,1.50,1.50
2012.01.17 18:07:22.531,6.91525,6.91711,1.50,1.50
2012.01.17 18:07:26.778,6.91556,6.91742,1.50,1.50
2012.01.17 18:07:33.265,6.91532,6.91716,1.50,1.50
2012.01.17 18:07:33.346,6.9153,6.91716,1.50,1.50
2012.01.17 18:07:33.599,6.91507,6.91689,1.50,1.50
2012.01.17 18:07:33.992,6.91503,6.91689,1.50,1.50
2012.01.17 18:07:35.477,6.91559,6.91713,1.50,1.50
2012.01.17 18:07:35.546,6.91559,6.91743,1.50,2.25
2012.01.17 18:07:35.682,6.91559,6.91743,1.50,1.50
2012.01.17 18:07:41.334,6.91517,6.91645,1.50,1.50
2012.01.17 18:07:41.399,6.91439,6.91645,2.25,1.50
2012.01.17 18:07:41.587,6.91539,6.91763,1.50,1.50
2012.01.17 18:07:41.778,6.91515,6.9172,1.50,1.50
2012.01.17 18:07:41.848,6.91494,6.9172,1.50,1.50
2012.01.17 18:07:45.361,6.91486,6.91672,1.50,1.50
2012.01.17 18:07:47.171,6.91463,6.91645,1.50,1.50
2012.01.17 18:07:47.247,6.91461,6.91645,1.50,1.50
2012.01.17 18:08:00.062,6.91519,6.917,1.50,1.50
2012.01.17 18:08:00.286,6.91542,6.91728,1.50,1.50
2012.01.17 18:08:05.253,6.91546,6.91728,1.50,1.50
2012.01.17 18:08:05.320,6.91569,6.91755,1.50,1.50
2012.01.17 18:08:18.977,6.91501,6.91685,1.50,1.50
2012.01.17 18:08:19.287,6.91515,6.9164,1.50,1.50
2012.01.17 18:08:19.701,6.91538,6.91744,1.50,1.50
2012.01.17 18:08:23.699,6.91496,6.91682,1.50,1.50
2012.01.17 18:08:24.007,6.91544,6.91728,1.50,1.50
2012.01.17 18:08:25.121,6.91423,6.91649,2.25,1.50
2012.01.17 18:08:25.188,6.91423,6.91649,1.50,1.50
2012.01.17 18:08:26.576,6.91443,6.91629,2.25,1.50
2012.01.17 18:08:28.657,6.91503,6.91629,1.50,1.50
2012.01.17 18:08:28.727,6.91528,6.91732,1.50,1.50
2012.01.17 18:08:30.520,6.91528,6.91683,1.50,1.50
2012.01.17 18:08:30.588,6.91474,6.9166,1.50,1.50
2012.01.17 18:08:30.717,6.91497,6.9166,1.50,1.50
2012.01.17 18:08:30.787,6.9152,6.91706,1.50,1.50
2012.01.17 18:08:32.496,6.9152,6.91681,1.50,1.50
2012.01.17 18:08:32.568,6.91472,6.91656,1.50,1.50
2012.01.17 18:08:34.959,6.91507,6.91681,1.50,1.50
2012.01.17 18:08:35.031,6.91507,6.91691,1.50,1.50
2012.01.17 18:08:41.506,6.91552,6.91715,1.50,1.50
2012.01.17 18:08:41.577,6.91552,6.91738,1.50,2.25
2012.01.17 18:08:42.017,6.91552,6.91738,1.50,1.50
2012.01.17 18:08:43.269,6.91529,6.9169,1.50,1.50
2012.01.17 18:08:43.337,6.91504,6.9169,1.50,1.50
2012.01.17 18:08:49.167,6.91475,6.91661,1.50,1.50
2012.01.17 18:08:55.344,6.91449,6.91635,1.50,1.50
2012.01.17 18:09:20.881,6.91482,6.91666,1.50,1.50
2012.01.17 18:09:28.905,6.91448,6.91632,1.50,1.50
2012.01.17 18:09:29.647,6.91475,6.91657,1.50,1.50
2012.01.17 18:09:29.725,6.91475,6.91661,1.50,1.50
2012.01.17 18:09:31.960,6.91507,6.91685,1.50,1.50
2012.01.17 18:09:32.033,6.91507,6.91693,1.50,1.50
2012.01.17 18:09:43.611,6.91534,6.91718,1.50,1.50
2012.01.17 18:09:44.996,6.9156,6.91742,1.50,1.50
2012.01.17 18:09:45.074,6.9156,6.91744,1.50,1.50
2012.01.17 18:09:57.600,6.91585,6.91771,1.50,1.50
2012.01.17 18:10:16.776,6.91589,6.91771,1.50,1.50
2012.01.17 18:10:16.847,6.91614,6.91798,1.50,1.50
2012.01.17 18:11:06.204,6.91614,6.91798,1.50,2.25
2012.01.17 18:11:07.239,6.91589,6.91771,1.50,1.50
2012.01.17 18:11:07.306,6.91587,6.91771,1.50,1.50
2012.01.17 18:11:14.077,6.91587,6.91771,2.25,1.50
2012.01.17 18:11:18.909,6.91587,6.91771,2.25,2.25
2012.01.17 18:11:19.908,6.91587,6.91771,2.25,1.50
2012.01.17 18:11:20.834,6.91511,6.91694,1.50,1.50
2012.01.17 18:11:20.959,6.91485,6.91667,2.25,1.50
2012.01.17 18:11:21.148,6.91481,6.91667,2.25,1.50
2012.01.17 18:11:26.287,6.91517,6.91703,1.50,2.25
2012.01.17 18:11:26.943,6.91517,6.91703,1.50,1.50
2012.01.17 18:11:27.769,6.9155,6.91727,1.50,1.50
2012.01.17 18:11:27.837,6.9155,6.91736,1.50,2.25
2012.01.17 18:11:27.967,6.9155,6.91736,1.50,1.50
2012.01.17 18:11:28.341,6.9155,6.91736,2.25,1.50
2012.01.17 18:11:29.020,6.91578,6.91762,1.50,1.50
2012.01.17 18:11:36.208,6.91616,6.918,1.50,1.50
2012.01.17 18:11:39.750,6.91656,6.91825,1.50,1.50
2012.01.17 18:11:40.081,6.91656,6.9184,1.50,2.25
2012.01.17 18:11:40.154,6.91656,6.9184,1.50,1.50
2012.01.17 18:11:43.987,6.91656,6.91775,1.50,1.50
2012.01.17 18:11:44.057,6.91525,6.91751,2.25,1.50
2012.01.17 18:11:44.341,6.91525,6.91751,1.50,1.50
2012.01.17 18:11:44.979,6.91602,6.91826,1.50,2.25
2012.01.17 18:11:45.107,6.91622,6.91806,1.50,1.50
2012.01.17 18:11:48.009,6.91653,6.91838,1.50,1.50
2012.01.17 18:11:48.197,6.91653,6.91839,1.50,1.50
2012.01.17 18:12:00.230,6.91653,6.91834,1.50,2.10
2012.01.17 18:12:00.540,6.91523,6.91747,2.25,1.50
2012.01.17 18:12:00.608,6.91622,6.91846,1.50,2.25
2012.01.17 18:12:02.062,6.91642,6.91826,1.50,2.25
2012.01.17 18:12:02.717,6.91642,6.91764,1.50,1.35
2012.01.17 18:12:02.849,6.91472,6.91696,2.25,2.25
2012.01.17 18:12:02.977,6.91472,6.91696,1.50,2.25
2012.01.17 18:12:07.398,6.91492,6.91676,1.50,2.25
2012.01.17 18:12:07.835,6.91492,6.91676,1.50,2.25
2012.01.17 18:12:10.373,6.91492,6.91676,1.50,2.25
2012.01.17 18:12:10.498,6.91492,6.9163,1.50,1.50
2012.01.17 18:12:10.574,6.91422,6.91606,1.50,2.25
2012.01.17 18:12:10.698,6.91422,6.91606,1.50,2.25
2012.01.17 18:12:11.737,6.91422,6.91606,1.50,2.25
2012.01.17 18:12:14.518,6.91393,6.91579,1.50,1.50
2012.01.17 18:12:16.687,6.91393,6.91579,1.50,2.25
2012.01.17 18:12:17.517,6.91422,6.91603,1.50,2.25
2012.01.17 18:12:17.856,6.91452,6.91636,1.50,2.25
2012.01.17 18:12:17.932,6.91477,6.91663,1.50,3.00
2012.01.17 18:12:18.424,6.91477,6.91663,1.50,2.25
2012.01.17 18:12:19.350,6.91477,6.91663,1.50,2.25
2012.01.17 18:12:24.350,6.9142,6.91604,2.25,1.50
2012.01.17 18:12:24.419,6.9142,6.91604,1.50,2.25
2012.01.17 18:12:25.037,6.9142,6.91604,2.25,1.50
2012.01.17 18:12:25.109,6.91446,6.91632,1.50,2.25
2012.01.17 18:12:25.181,6.9148,6.91656,1.50,2.25
2012.01.17 18:12:26.020,6.91455,6.91639,1.50,2.25
2012.01.17 18:12:26.101,6.91453,6.91639,1.50,2.25
2012.01.17 18:12:33.438,6.91429,6.915,2.25,1.50
2012.01.17 18:12:33.751,6.91254,6.915,2.25,1.50
2012.01.17 18:12:33.819,6.91228,6.91549,1.50,1.50
2012.01.17 18:12:33.948,6.91237,6.91573,1.50,2.25
2012.01.17 18:12:34.018,6.91237,6.91581,1.50,1.50
2012.01.17 18:12:38.347,6.91304,6.9149,2.25,1.50
2012.01.17 18:12:38.416,6.91304,6.9149,1.50,1.50
2012.01.17 18:12:38.809,6.91346,6.91532,1.50,2.25
2012.01.17 18:12:39.612,6.91349,6.91532,1.50,2.25
2012.01.17 18:12:39.678,6.91349,6.91532,1.50,1.50
2012.01.17 18:12:39.746,6.91373,6.91557,1.50,1.50
2012.01.17 18:13:01.817,6.91373,6.91557,1.50,2.25
2012.01.17 18:13:12.299,6.91304,6.91591,1.50,1.50
2012.01.17 18:13:22.787,6.91362,6.91546,1.50,2.25
2012.01.17 18:13:34.391,6.91362,6.91546,1.50,2.25
2012.01.17 18:13:50.031,6.91362,6.91536,1.50,1.50
2012.01.17 18:13:50.180,6.91327,6.91513,1.50,1.50
2012.01.17 18:13:52.910,6.91304,6.91486,1.50,1.50
2012.01.17 18:13:52.979,6.913,6.91486,1.50,1.50
2012.01.17 18:14:04.731,6.913,6.91484,1.50,1.50
2012.01.17 18:14:04.801,6.91274,6.9146,1.50,1.50
2012.01.17 18:14:07.747,6.91279,6.9146,1.50,1.50
2012.01.17 18:14:08.112,6.91302,6.91488,1.50,2.25
2012.01.17 18:14:10.219,6.91302,6.91488,1.50,2.25
2012.01.17 18:14:10.290,6.91226,6.9141,2.25,1.50
2012.01.17 18:14:10.538,6.91226,6.9141,2.25,1.50
2012.01.17 18:14:11.138,6.91229,6.9141,1.50,1.50
2012.01.17 18:14:11.478,6.91235,6.9141,1.50,1.50
2012.01.17 18:14:13.062,6.91226,6.9141,1.50,1.50
2012.01.17 18:14:15.799,6.91226,6.9141,2.25,1.50
2012.01.17 18:14:16.257,6.91237,6.9141,1.50,1.50
2012.01.17 18:14:17.438,6.91281,6.91434,1.50,1.50
2012.01.17 18:14:17.509,6.91281,6.91467,1.50,1.50
2012.01.17 18:14:18.921,6.9132,6.91506,1.50,2.25
2012.01.17 18:14:19.922,6.91348,6.91534,1.50,1.50
2012.01.17 18:14:45.197,6.91401,6.91587,1.50,1.50
2012.01.17 18:14:46.618,6.91401,6.91587,1.50,2.25
2012.01.17 18:14:53.225,6.91378,6.91559,1.50,1.50
2012.01.17 18:14:53.483,6.91378,6.91559,1.50,2.25
2012.01.17 18:14:53.837,6.91375,6.91559,1.50,2.25
2012.01.17 18:15:00.900,6.9135,6.91532,1.50,2.25
2012.01.17 18:15:00.971,6.91346,6.91532,1.50,2.25
2012.01.17 18:15:01.039,6.91346,6.91532,1.50,2.25
2012.01.17 18:15:02.149,6.91323,6.91487,1.50,1.50
2012.01.17 18:15:02.462,6.91303,6.91487,1.50,2.25
2012.01.17 18:15:02.592,6.91278,6.91414,1.50,1.50
2012.01.17 18:15:02.660,6.9121,6.91414,1.83,1.50
2012.01.17 18:15:02.790,6.91197,6.91282,1.06,1.50
2012.01.17 18:15:02.864,6.91197,6.91305,1.06,1.50
2012.01.17 18:15:02.934,6.91197,6.91341,1.45,1.50
2012.01.17 18:15:03.003,6.91197,6.91365,1.45,1.50
2012.01.17 18:15:03.071,6.91197,6.91422,1.45,2.25
2012.01.17 18:15:03.138,6.91197,6.91324,1.45,1.50
2012.01.17 18:15:03.270,6.9112,6.91371,1.50,1.50
2012.01.17 18:15:03.338,6.9112,6.91376,1.50,1.50
2012.01.17 18:15:03.468,6.9112,6.91376,1.50,1.50
2012.01.17 18:15:03.539,6.91095,6.91376,1.50,1.50
2012.01.17 18:15:03.607,6.91051,6.91376,2.25,1.50
2012.01.17 18:15:03.798,6.91051,6.91316,1.50,1.50
2012.01.17 18:15:04.178,6.91111,6.91296,1.50,1.50
2012.01.17 18:15:09.777,6.91111,6.91297,1.50,3.00
2012.01.17 18:15:10.088,6.91155,6.91313,1.50,1.50
2012.01.17 18:15:10.394,6.91155,6.91297,1.50,1.50
2012.01.17 18:15:13.700,6.912,6.91297,1.50,1.50
2012.01.17 18:15:13.768,6.912,6.91332,1.50,1.50
2012.01.17 18:15:13.899,6.912,6.91378,1.50,1.50
2012.01.17 18:15:14.150,6.912,6.91379,1.50,1.50
2012.01.17 18:15:14.523,6.912,6.9129,1.50,1.50
2012.01.17 18:15:14.595,6.91048,6.91266,1.50,1.50
2012.01.17 18:15:14.735,6.91051,6.91266,1.50,1.50
2012.01.17 18:15:15.176,6.91062,6.91266,1.50,1.50
2012.01.17 18:15:16.152,6.91082,6.91246,1.50,1.50
2012.01.17 18:15:17.640,6.91082,6.91246,1.50,1.50
2012.01.17 18:15:19.971,6.91097,6.91246,1.50,1.50
2012.01.17 18:15:20.040,6.91205,6.91398,1.50,1.50
2012.01.17 18:15:20.107,6.91205,6.91414,1.50,1.50
2012.01.17 18:15:20.239,6.91205,6.91431,1.50,2.25
2012.01.17 18:15:20.311,6.91205,6.91431,1.50,1.50
2012.01.17 18:15:22.369,6.91225,6.91411,2.25,1.50
2012.01.17 18:15:22.710,6.91168,6.91336,1.50,1.50
2012.01.17 18:15:23.242,6.91132,6.91336,1.50,1.50
2012.01.17 18:15:23.314,6.91212,6.91438,1.50,1.50
2012.01.17 18:15:23.599,6.91212,6.91438,1.50,2.25
2012.01.17 18:15:24.641,6.91232,6.91341,1.50,1.50
2012.01.17 18:15:24.708,6.91125,6.91318,1.50,1.50
2012.01.17 18:15:24.958,6.91112,6.91318,2.25,1.50
2012.01.17 18:15:25.684,6.91112,6.91318,2.25,1.50
2012.01.17 18:15:26.270,6.91208,6.9142,1.50,1.50
2012.01.17 18:15:26.398,6.91208,6.91425,1.50,1.50
2012.01.17 18:15:26.468,6.91208,6.91434,1.50,2.25
2012.01.17 18:15:29.457,6.91228,6.91414,1.50,1.50
2012.01.17 18:15:29.528,6.91255,6.91438,1.50,1.50
2012.01.17 18:15:29.837,6.91334,6.91438,1.50,1.50
2012.01.17 18:15:29.908,6.91334,6.9154,1.50,2.25
2012.01.17 18:15:30.040,6.91218,6.91393,1.50,1.50
2012.01.17 18:15:30.109,6.91261,6.91487,1.50,2.25
2012.01.17 18:15:31.820,6.91374,6.9149,1.50,2.25
2012.01.17 18:15:31.948,6.91349,6.91532,1.50,1.50
2012.01.17 18:15:32.018,6.91316,6.91532,2.25,1.50
2012.01.17 18:15:32.088,6.91316,6.91538,2.25,1.50
2012.01.17 18:15:32.159,6.91316,6.91603,2.25,1.50
2012.01.17 18:15:32.228,6.91365,6.91603,2.25,1.50
2012.01.17 18:15:32.438,6.91365,6.91673,2.25,1.13
2012.01.17 18:15:34.920,6.91376,6.91669,1.35,2.25
2012.01.17 18:15:35.051,6.91358,6.91624,1.50,1.35
2012.01.17 18:15:35.118,6.91334,6.91551,1.50,2.25
2012.01.17 18:15:35.252,6.91307,6.9149,1.50,1.50
2012.01.17 18:15:35.500,6.91286,6.9149,2.25,1.50
2012.01.17 18:15:35.937,6.91238,6.91444,2.25,1.50
2012.01.17 18:15:36.011,6.91238,6.91444,2.25,1.50
2012.01.17 18:15:36.270,6.91238,6.91424,2.25,1.50
2012.01.17 18:15:36.530,6.91279,6.91465,1.50,1.50
2012.01.17 18:15:37.328,6.91279,6.91465,2.25,1.50
2012.01.17 18:15:38.199,6.91279,6.91446,2.25,1.50
2012.01.17 18:15:38.268,6.91237,6.91422,1.50,1.50
2012.01.17 18:15:39.309,6.91236,6.91422,2.25,1.50
2012.01.17 18:15:39.697,6.91236,6.91422,2.25,1.50
2012.01.17 18:15:40.408,6.91236,6.91422,2.25,1.50
2012.01.17 18:15:41.468,6.91236,6.91422,2.25,1.50
2012.01.17 18:15:44.660,6.91236,6.91422,2.25,1.50
2012.01.17 18:15:45.124,6.91271,6.91457,1.50,1.50
2012.01.17 18:15:47.488,6.91303,6.91457,1.50,1.50
2012.01.17 18:15:47.848,6.91326,6.91512,1.50,2.25
2012.01.17 18:15:48.828,6.91329,6.91512,1.50,2.25
2012.01.17 18:15:49.170,6.91352,6.91538,1.50,2.25
2012.01.17 18:15:51.442,6.91379,6.91542,1.50,1.50
2012.01.17 18:15:51.852,6.91379,6.91555,1.50,1.50
2012.01.17 18:16:04.528,6.91233,6.91459,2.25,1.50
2012.01.17 18:16:06.718,6.91309,6.91493,1.50,1.50
2012.01.17 18:16:09.303,6.91314,6.91493,1.50,1.50
2012.01.17 18:16:09.369,6.91339,6.91523,1.50,1.50
2012.01.17 18:16:09.559,6.91401,6.91548,1.50,1.50
2012.01.17 18:16:09.630,6.91401,6.91587,1.50,2.25
2012.01.17 18:16:32.389,6.91378,6.9161,1.50,2.25
2012.01.17 18:16:32.459,6.91344,6.9165,2.25,1.50
2012.01.17 18:16:33.228,6.91337,6.9165,1.50,1.50
2012.01.17 18:16:39.310,6.91358,6.9165,1.50,1.50
2012.01.17 18:16:41.182,6.91346,6.9164,1.50,1.50
2012.01.17 18:16:41.828,6.91365,6.91599,1.50,2.25
2012.01.17 18:16:42.194,6.9139,6.91574,1.50,2.25
2012.01.17 18:16:45.453,6.9139,6.91574,1.50,1.50
2012.01.17 18:16:45.584,6.9139,6.91574,2.25,1.50
2012.01.17 18:16:45.657,6.91417,6.91599,2.25,2.25
2012.01.17 18:16:45.732,6.91417,6.91599,2.25,1.50
2012.01.17 18:16:45.807,6.91417,6.91603,2.25,1.50
2012.01.17 18:16:45.881,6.91417,6.91603,2.25,1.50
2012.01.17 18:16:46.014,6.91444,6.91627,1.50,2.25
2012.01.17 18:16:46.199,6.91444,6.9163,1.50,2.25
2012.01.17 18:16:55.177,6.91419,6.91603,2.25,1.50
2012.01.17 18:16:57.519,6.91419,6.91603,1.50,1.50
2012.01.17 18:16:58.082,6.91419,6.91603,1.50,2.25
2012.01.17 18:17:03.323,6.91419,6.91603,1.50,2.25
2012.01.17 18:17:13.358,6.91419,6.91603,2.25,2.25
2012.01.17 18:17:13.629,6.91419,6.91603,1.50,2.25
2012.01.17 18:17:35.800,6.91419,6.91603,2.10,1.50
2012.01.17 18:17:35.868,6.91421,6.91603,1.35,1.50
2012.01.17 18:17:36.059,6.91484,6.91708,1.50,2.25
2012.01.17 18:17:36.998,6.91484,6.91708,1.50,2.25
2012.01.17 18:17:37.240,6.91504,6.91688,2.10,2.25
2012.01.17 18:17:37.549,6.9155,6.91733,1.50,1.13
2012.01.17 18:17:39.711,6.9155,6.91734,1.50,2.25
2012.01.17 18:17:39.778,6.91606,6.91734,1.50,1.50
2012.01.17 18:17:39.849,6.91629,6.91812,1.50,1.17
2012.01.17 18:17:39.919,6.91629,6.91815,1.50,1.50
2012.01.17 18:17:55.861,6.91606,6.91767,1.50,1.50
2012.01.17 18:17:55.930,6.91583,6.91767,2.25,1.50
2012.01.17 18:17:55.999,6.91583,6.91707,2.25,1.50
2012.01.17 18:17:56.138,6.91521,6.91683,1.50,1.50
2012.01.17 18:17:56.210,6.9148,6.91683,1.50,1.50
2012.01.17 18:17:56.281,6.9154,6.91766,1.50,1.50
2012.01.17 18:18:06.160,6.9156,6.91691,1.50,1.50
2012.01.17 18:18:06.233,6.91482,6.91666,2.25,1.50
2012.01.17 18:18:06.418,6.91482,6.91666,1.50,1.50
2012.01.17 18:18:15.571,6.91482,6.91666,1.50,2.25
2012.01.17 18:18:15.791,6.91482,6.91666,1.50,1.50
2012.01.17 18:18:16.872,6.9145,6.91636,1.50,1.50
2012.01.17 18:18:20.047,6.91453,6.91636,1.50,1.50
2012.01.17 18:18:20.120,6.91476,6.91662,1.50,2.25
2012.01.17 18:18:24.977,6.91476,6.91659,1.50,1.50
2012.01.17 18:18:25.057,6.9145,6.91636,1.50,1.50
2012.01.17 18:18:26.471,6.9145,6.91634,1.50,1.50
2012.01.17 18:18:26.687,6.91398,6.91584,1.50,1.50
2012.01.17 18:18:31.259,6.91398,6.91584,1.50,2.25
2012.01.17 18:18:44.778,6.91335,6.91646,2.25,2.25
2012.01.17 18:18:48.905,6.91335,6.91646,2.25,2.25
2012.01.17 18:18:50.452,6.91375,6.91607,1.50,2.25
2012.01.17 18:18:52.103,6.91398,6.91584,1.50,1.50
2012.01.17 18:18:56.894,6.91436,6.91622,1.50,2.25
2012.01.17 18:18:57.272,6.91436,6.91622,1.50,1.50
2012.01.17 18:18:59.050,6.91436,6.91622,1.50,2.25
2012.01.17 18:19:03.923,6.91436,6.91622,1.50,2.25
2012.01.17 18:19:04.167,6.91436,6.91622,1.50,2.25
2012.01.17 18:19:09.479,6.91436,6.91622,1.50,2.25
2012.01.17 18:19:09.546,6.91436,6.91622,1.50,2.25
2012.01.17 18:19:10.579,6.91436,6.91622,1.50,2.25
2012.01.17 18:19:10.650,6.9141,6.91594,1.50,2.25
2012.01.17 18:19:22.767,6.9142,6.91594,1.50,1.50
2012.01.17 18:19:23.127,6.91443,6.91629,1.50,2.25
2012.01.17 18:19:23.231,6.91493,6.91679,1.50,2.25
2012.01.17 18:19:23.581,6.91493,6.91679,1.50,1.50
2012.01.17 18:19:30.310,6.91493,6.91679,2.25,1.50
2012.01.17 18:19:31.291,6.91493,6.91679,1.50,1.50
2012.01.17 18:19:31.774,6.91493,6.91677,1.50,1.50
2012.01.17 18:19:32.235,6.91468,6.91652,2.25,1.50
2012.01.17 18:19:42.883,6.91468,6.91652,2.25,1.50
2012.01.17 18:19:43.036,6.91468,6.91652,1.50,1.50
2012.01.17 18:19:47.907,6.91468,6.9164,1.50,1.50
2012.01.17 18:19:47.979,6.9143,6.91616,2.25,1.50
2012.01.17 18:20:03.460,6.9143,6.91616,1.50,1.50
2012.01.17 18:20:32.849,6.9143,6.91616,1.50,2.25
2012.01.17 18:20:32.922,6.91404,6.91588,1.50,1.50
2012.01.17 18:20:39.849,6.91404,6.91588,1.50,2.25
2012.01.17 18:20:45.351,6.91404,6.91588,2.25,2.25
2012.01.17 18:20:47.518,6.91404,6.91588,1.50,2.25
2012.01.17 18:20:51.500,6.91404,6.91588,2.25,2.25
2012.01.17 18:21:03.481,6.91404,6.91588,2.25,2.25
2012.01.17 18:21:03.572,6.91404,6.91588,2.25,1.50
2012.01.17 18:21:04.250,6.91404,6.91588,2.25,1.50
2012.01.17 18:21:11.291,6.91404,6.91588,1.50,1.50
2012.01.17 18:21:16.920,6.91404,6.91588,2.25,1.50
2012.01.17 18:21:17.430,6.91404,6.91588,1.50,1.50
2012.01.17 18:21:27.377,6.91404,6.91588,2.25,1.50
2012.01.17 18:21:27.909,6.91404,6.91588,1.50,1.50
2012.01.17 18:21:29.767,6.91404,6.91578,1.50,1.50
2012.01.17 18:21:29.964,6.91369,6.91553,1.50,1.50
2012.01.17 18:21:31.988,6.91369,6.91553,1.50,2.25
2012.01.17 18:21:46.136,6.91344,6.91528,1.50,1.50
2012.01.17 18:21:46.198,6.91342,6.91528,1.50,1.50
2012.01.17 18:21:49.408,6.91342,6.91528,1.50,2.25
2012.01.17 18:21:55.198,6.91342,6.91528,1.50,1.50
2012.01.17 18:21:55.401,6.91369,6.91555,1.50,2.25
2012.01.17 18:21:55.536,6.91369,6.91555,1.50,1.50
2012.01.17 18:21:55.612,6.91369,6.91555,2.25,1.50
2012.01.17 18:21:55.878,6.91369,6.91555,1.50,1.50
2012.01.17 18:21:55.953,6.91369,6.91555,1.50,2.25
2012.01.17 18:21:56.342,6.91369,6.91555,2.25,2.25
2012.01.17 18:21:56.660,6.9141,6.91594,1.50,2.25
2012.01.17 18:22:04.098,6.9141,6.91594,1.50,2.25
2012.01.17 18:22:09.079,6.9141,6.91594,1.50,2.25
2012.01.17 18:22:10.523,6.9141,6.91594,1.50,1.50
2012.01.17 18:22:10.620,6.9141,6.91594,1.50,2.25
2012.01.17 18:22:10.949,6.9141,6.91594,1.50,1.50
2012.01.17 18:22:11.018,6.9141,6.91594,1.50,2.25
2012.01.17 18:22:11.658,6.9141,6.91594,1.50,1.50
2012.01.17 18:22:11.891,6.9141,6.91594,1.50,2.25
2012.01.17 18:22:43.909,6.91439,6.91623,1.50,2.25
2012.01.17 18:22:47.921,6.91439,6.91623,1.50,2.25
2012.01.17 18:22:49.022,6.91439,6.91623,1.50,1.50
2012.01.17 18:22:49.271,6.91439,6.91623,2.25,1.50
2012.01.17 18:22:49.340,6.91468,6.91648,1.50,1.60
2012.01.17 18:22:49.469,6.91514,6.91648,1.50,1.60
2012.01.17 18:22:54.798,6.91543,6.91718,1.50,1.68
2012.01.17 18:22:55.310,6.91543,6.91689,1.50,1.02
2012.01.17 18:23:01.199,6.91543,6.91718,2.25,1.68
2012.01.17 18:23:01.458,6.91543,6.91729,2.25,1.50
2012.01.17 18:23:03.400,6.91543,6.91729,1.50,1.50
2012.01.17 18:23:04.479,6.91543,6.91729,1.50,2.25
2012.01.17 18:23:04.802,6.91543,6.91729,1.50,1.50
2012.01.17 18:23:13.560,6.91569,6.91755,1.50,2.25
2012.01.17 18:23:13.630,6.91569,6.91755,1.50,2.25
2012.01.17 18:23:16.322,6.91569,6.91755,2.25,2.25
2012.01.17 18:23:17.370,6.91569,6.91755,1.50,2.25
2012.01.17 18:23:18.694,6.91569,6.91755,2.25,2.25
2012.01.17 18:23:19.622,6.91569,6.91755,2.25,2.25
2012.01.17 18:23:29.311,6.91569,6.91755,2.25,1.50
2012.01.17 18:23:29.499,6.91603,6.91787,1.50,2.25
2012.01.17 18:23:31.511,6.91603,6.91787,1.50,2.25
2012.01.17 18:23:37.415,6.91603,6.91787,2.25,2.25
2012.01.17 18:23:37.756,6.91603,6.91787,2.25,2.25
2012.01.17 18:23:37.882,6.91603,6.91787,2.25,1.50
2012.01.17 18:23:41.251,6.91603,6.91787,2.25,2.25
2012.01.17 18:23:41.874,6.91603,6.91787,2.25,1.50
2012.01.17 18:23:44.461,6.91603,6.91787,2.25,1.50
2012.01.17 18:23:50.468,6.91603,6.91787,2.25,1.50
2012.01.17 18:23:50.812,6.91603,6.91787,2.25,1.50
2012.01.17 18:23:55.233,6.91625,6.91787,2.25,1.50
2012.01.17 18:23:55.298,6.91649,6.91835,1.50,2.25
2012.01.17 18:23:55.368,6.91649,6.91835,1.50,2.25
2012.01.17 18:23:55.829,6.91649,6.91835,1.50,1.50
2012.01.17 18:24:16.112,6.91649,6.91835,1.50,2.25
2012.01.17 18:24:16.280,6.91649,6.91835,1.50,1.50
2012.01.17 18:24:32.500,6.91649,6.91835,1.50,2.25
2012.01.17 18:24:32.624,6.91649,6.91835,1.50,2.25
2012.01.17 18:24:32.869,6.91649,6.91835,1.50,1.50
2012.01.17 18:24:36.364,6.91653,6.91835,1.50,1.50
2012.01.17 18:24:36.679,6.91676,6.91862,1.50,1.50
2012.01.17 18:24:41.984,6.91709,6.91862,1.50,1.50
2012.01.17 18:24:42.050,6.91734,6.91918,1.50,1.50
2012.01.17 18:24:46.883,6.91734,6.91918,1.50,2.25
2012.01.17 18:24:48.420,6.91734,6.91903,1.50,1.50
2012.01.17 18:24:48.491,6.91694,6.9188,1.50,1.50
2012.01.17 18:25:04.479,6.91733,6.91917,1.50,2.25
2012.01.17 18:25:04.910,6.91733,6.91917,1.50,1.50
2012.01.17 18:25:22.559,6.91703,6.91887,1.50,1.50
2012.01.17 18:25:30.329,6.91703,6.91887,1.50,2.25
2012.01.17 18:25:31.531,6.91675,6.91861,1.50,1.50
2012.01.17 18:25:33.230,6.91675,6.91844,1.50,1.35
2012.01.17 18:25:33.420,6.91543,6.91767,2.25,1.50
2012.01.17 18:25:33.492,6.91593,6.91767,1.50,1.50
2012.01.17 18:25:33.620,6.91617,6.91843,1.50,2.25
2012.01.17 18:25:33.689,6.91617,6.91825,1.50,2.10
2012.01.17 18:25:33.823,6.91566,6.91782,1.50,1.35
2012.01.17 18:25:33.890,6.91463,6.91687,2.25,1.50
2012.01.17 18:25:36.700,6.91483,6.91667,2.25,1.50
2012.01.17 18:25:37.398,6.91483,6.91667,2.25,2.25
2012.01.17 18:25:37.701,6.91374,6.91598,2.25,1.50
2012.01.17 18:25:37.829,6.91358,6.91563,1.50,1.50
2012.01.17 18:25:37.899,6.91337,6.91563,2.25,1.50
2012.01.17 18:25:38.269,6.91337,6.91563,2.25,1.50
2012.01.17 18:25:39.679,6.91357,6.91543,2.25,1.50
2012.01.17 18:25:40.081,6.91394,6.91578,1.50,1.50
2012.01.17 18:25:45.399,6.91394,6.91578,2.25,1.50
2012.01.17 18:25:46.432,6.91394,6.91578,2.25,1.50
2012.01.17 18:25:47.588,6.91394,6.91578,2.25,1.50
2012.01.17 18:25:50.222,6.91394,6.91578,1.50,1.50
2012.01.17 18:25:50.288,6.91394,6.91578,2.25,1.50
2012.01.17 18:25:51.276,6.91394,6.91578,1.50,1.50
2012.01.17 18:25:51.811,6.91394,6.91578,2.25,1.50
2012.01.17 18:25:53.083,6.91394,6.91578,1.50,1.50
2012.01.17 18:25:53.683,6.91394,6.91578,1.50,2.25
2012.01.17 18:25:54.042,6.91366,6.91552,2.25,1.50
2012.01.17 18:25:54.110,6.91366,6.91552,1.50,1.50
2012.01.17 18:25:56.171,6.91366,6.91552,2.25,1.50
2012.01.17 18:25:57.190,6.91366,6.91552,2.25,1.50
2012.01.17 18:25:57.781,6.91366,6.91552,2.25,1.50
2012.01.17 18:25:58.969,6.91366,6.91552,1.50,1.50
2012.01.17 18:25:59.040,6.91415,6.91601,1.50,1.50
2012.01.17 18:26:06.334,6.91442,6.91613,1.50,1.50
2012.01.17 18:26:06.700,6.91442,6.91626,1.50,2.25
2012.01.17 18:26:10.984,6.91416,6.916,1.50,1.50
2012.01.17 18:26:11.133,6.91416,6.916,1.50,2.25
2012.01.17 18:26:13.791,6.91416,6.916,1.50,1.50
2012.01.17 18:26:15.291,6.91416,6.916,2.25,1.50
2012.01.17 18:26:15.370,6.91446,6.91632,1.50,1.50
2012.01.17 18:26:36.940,6.91385,6.91641,1.50,1.50
2012.01.17 18:26:39.114,6.91392,6.91641,1.50,1.50
2012.01.17 18:26:39.244,6.91392,6.91653,1.50,1.50
2012.01.17 18:26:39.309,6.91392,6.91653,1.50,1.50
2012.01.17 18:26:39.442,6.91392,6.91659,1.50,1.50
2012.01.17 18:26:39.630,6.91392,6.91659,1.50,1.50
2012.01.17 18:26:41.594,6.91392,6.91659,1.50,1.50
2012.01.17 18:26:42.126,6.91392,6.91659,1.50,1.50
2012.01.17 18:26:42.208,6.91381,6.91644,1.50,1.50
2012.01.17 18:26:42.550,6.91429,6.91613,1.50,1.50
2012.01.17 18:26:44.325,6.9143,6.91613,1.50,1.50
2012.01.17 18:26:44.391,6.91455,6.91639,1.50,1.50
2012.01.17 18:26:47.883,6.91455,6.91639,2.25,1.50
2012.01.17 18:26:48.188,6.91592,6.91792,1.50,1.27
2012.01.17 18:26:48.259,6.91592,6.91818,1.50,2.25
2012.01.17 18:27:14.705,6.91612,6.91773,1.50,1.50
2012.01.17 18:27:46.661,6.91612,6.91779,1.50,1.50
2012.01.17 18:27:48.224,6.91488,6.91852,3.00,1.50
2012.01.17 18:27:49.826,6.91508,6.91863,3.00,1.50
2012.01.17 18:27:50.084,6.91507,6.91853,3.00,1.50
2012.01.17 18:27:50.697,6.91507,6.91842,3.00,1.50
2012.01.17 18:27:51.954,6.91507,6.91853,3.00,1.50
2012.01.17 18:27:59.103,6.91507,6.91842,3.00,1.50
2012.01.17 18:27:59.315,6.91507,6.91853,3.00,1.50
2012.01.17 18:27:59.498,6.91507,6.91843,3.00,1.50
2012.01.17 18:28:00.477,6.91498,6.91853,3.00,1.50
2012.01.17 18:28:00.710,6.91498,6.91842,3.00,1.50
2012.01.17 18:28:04.507,6.91498,6.91833,3.00,1.50
2012.01.17 18:28:04.728,6.91498,6.91842,3.00,1.50
2012.01.17 18:28:05.346,6.91507,6.91832,3.00,1.50
2012.01.17 18:28:07.574,6.91497,6.91843,3.00,1.50
2012.01.17 18:28:07.794,6.91497,6.91833,3.00,1.50
2012.01.17 18:28:08.574,6.91488,6.91833,3.00,1.50
2012.01.17 18:28:11.438,6.91488,6.91842,3.00,1.50
2012.01.17 18:28:14.568,6.91498,6.91832,3.00,1.50
2012.01.17 18:28:14.777,6.91498,6.91842,3.00,1.50
2012.01.17 18:28:26.154,6.91498,6.91852,3.00,1.50
2012.01.17 18:28:26.775,6.91498,6.91842,3.00,1.50
2012.01.17 18:28:27.226,6.91498,6.91863,3.00,1.50
2012.01.17 18:28:27.456,6.91498,6.91853,3.00,1.50
2012.01.17 18:28:31.181,6.91508,6.91853,3.00,1.50
2012.01.17 18:28:35.238,6.91508,6.91862,3.00,1.50
2012.01.17 18:28:35.552,6.91625,6.91806,1.50,1.50
2012.01.17 18:28:35.859,6.91625,6.91824,1.50,1.50
2012.01.17 18:28:49.030,6.91645,6.91818,1.50,1.50
2012.01.17 18:28:49.338,6.91645,6.91808,1.50,1.50
2012.01.17 18:28:52.934,6.91645,6.91789,1.50,1.50
2012.01.17 18:28:53.153,6.91645,6.91799,1.50,1.50
2012.01.17 18:28:53.419,6.91645,6.91789,1.50,1.50
2012.01.17 18:28:53.609,6.91645,6.91829,1.50,1.50
2012.01.17 18:29:23.810,6.91645,6.91829,1.50,2.25
2012.01.17 18:29:32.143,6.91614,6.91798,1.50,1.50
2012.01.17 18:29:32.336,6.91614,6.91798,1.50,2.25
2012.01.17 18:29:32.643,6.91614,6.91798,1.50,2.25
2012.01.17 18:29:36.525,6.91614,6.91798,1.50,2.25
2012.01.17 18:29:36.681,6.91587,6.91771,1.50,2.25
2012.01.17 18:29:36.836,6.91587,6.91771,1.50,2.25
2012.01.17 18:29:37.112,6.91587,6.91771,1.50,2.25
2012.01.17 18:29:37.940,6.91587,6.91771,1.50,2.25
2012.01.17 18:29:38.652,6.91587,6.91771,1.50,2.25
2012.01.17 18:29:39.089,6.91587,6.91771,1.50,2.25
2012.01.17 18:29:39.256,6.91587,6.91771,1.50,2.25
2012.01.17 18:29:40.082,6.91587,6.91771,1.50,2.25
2012.01.17 18:29:40.410,6.91587,6.91771,1.50,1.50
2012.01.17 18:29:40.999,6.91587,6.91771,1.50,2.25
2012.01.17 18:29:41.068,6.91587,6.91771,1.50,2.25
2012.01.17 18:29:42.840,6.91587,6.91771,1.50,2.25
2012.01.17 18:29:42.947,6.91587,6.91771,1.50,2.25
2012.01.17 18:29:43.276,6.91587,6.91771,1.50,2.25
2012.01.17 18:29:43.519,6.91587,6.91771,1.50,2.25
2012.01.17 18:29:43.770,6.91587,6.91771,1.50,2.25
2012.01.17 18:29:44.100,6.91587,6.91771,1.50,2.25
2012.01.17 18:29:44.497,6.91587,6.91771,1.50,2.25
2012.01.17 18:29:44.659,6.91587,6.91771,1.50,2.25
2012.01.17 18:29:44.871,6.91619,6.91795,1.50,2.25
2012.01.17 18:29:45.397,6.91595,6.91778,1.50,2.25
2012.01.17 18:29:45.471,6.91592,6.91778,1.50,2.25
2012.01.17 18:29:46.634,6.91618,6.91802,1.50,2.25
2012.01.17 18:29:47.062,6.91618,6.91804,1.50,1.50
2012.01.17 18:30:26.146,6.91645,6.91829,1.50,1.50
2012.01.17 18:30:33.622,6.91645,6.91829,1.50,2.25
2012.01.17 18:30:33.728,6.91645,6.91829,1.50,1.50
2012.01.17 18:30:38.787,6.91645,6.91829,1.50,2.25
2012.01.17 18:30:39.008,6.91645,6.91829,1.50,1.50
2012.01.17 18:30:39.253,6.91645,6.91829,2.25,1.50
2012.01.17 18:30:40.289,6.91645,6.91829,2.25,1.50
2012.01.17 18:30:40.447,6.91645,6.91829,2.25,1.50
2012.01.17 18:30:40.768,6.91645,6.91829,2.25,1.50
2012.01.17 18:30:40.988,6.91645,6.91829,2.25,1.50
2012.01.17 18:30:41.647,6.91645,6.91829,2.25,1.50
2012.01.17 18:30:42.052,6.91645,6.91829,2.25,1.50
2012.01.17 18:30:42.207,6.91645,6.91829,2.25,1.50
2012.01.17 18:30:42.328,6.91645,6.91829,1.50,1.50
2012.01.17 18:30:44.287,6.91645,6.91829,2.25,1.50
2012.01.17 18:30:44.740,6.91645,6.91829,2.25,1.50
2012.01.17 18:30:45.164,6.91645,6.91829,2.25,1.50
2012.01.17 18:30:45.605,6.91645,6.91829,2.25,1.50
2012.01.17 18:30:46.873,6.91645,6.91829,2.25,1.50
2012.01.17 18:30:47.637,6.91645,6.91829,2.25,1.50
2012.01.17 18:30:48.039,6.91645,6.91829,1.50,1.50
2012.01.17 18:30:51.076,6.91645,6.91829,2.25,1.50
2012.01.17 18:30:51.462,6.91645,6.91829,1.50,1.50
2012.01.17 18:30:53.385,6.91645,6.91829,2.25,1.50
2012.01.17 18:30:53.713,6.91645,6.91829,1.50,1.50
2012.01.17 18:30:54.044,6.91645,6.91829,2.25,1.50
2012.01.17 18:30:55.160,6.91645,6.91829,1.50,1.50
2012.01.17 18:31:00.682,6.91645,6.91829,2.25,1.50
2012.01.17 18:31:02.182,6.91645,6.91829,1.50,1.50
2012.01.17 18:31:06.537,6.91645,6.91829,2.25,1.50
2012.01.17 18:31:06.886,6.91645,6.91829,2.25,1.50
2012.01.17 18:31:07.012,6.9167,6.91856,1.50,2.25
2012.01.17 18:31:30.189,6.9167,6.91856,2.25,2.25
2012.01.17 18:31:32.536,6.9167,6.91856,1.50,2.25
2012.01.17 18:31:35.528,6.9167,6.91856,2.25,2.25
2012.01.17 18:31:35.593,6.9167,6.91856,1.50,2.25
2012.01.17 18:31:36.736,6.9167,6.91856,2.25,2.25
2012.01.17 18:31:38.536,6.9167,6.91856,2.25,2.25
2012.01.17 18:31:39.830,6.9167,6.91856,2.25,1.50
2012.01.17 18:31:40.186,6.9167,6.91856,2.25,1.50
2012.01.17 18:31:40.682,6.9167,6.91856,2.25,1.50
2012.01.17 18:31:44.275,6.9167,6.91856,2.25,1.50
2012.01.17 18:31:44.527,6.917,6.9188,1.50,1.50
2012.01.17 18:31:44.595,6.917,6.9188,2.25,1.50
2012.01.17 18:31:44.723,6.917,6.9188,2.25,1.50
2012.01.17 18:31:45.124,6.917,6.91884,2.25,2.25
2012.01.17 18:31:45.755,6.917,6.91884,2.25,2.25
2012.01.17 18:31:45.955,6.91676,6.91858,2.25,1.50
2012.01.17 18:31:46.023,6.91672,6.91858,2.25,1.50
2012.01.17 18:31:48.960,6.91672,6.91858,2.25,1.50
2012.01.17 18:31:52.114,6.91672,6.91858,2.25,2.25
2012.01.17 18:31:52.333,6.91672,6.91858,2.25,1.50
2012.01.17 18:31:52.419,6.91672,6.91858,2.25,1.50
2012.01.17 18:31:53.553,6.91672,6.91858,2.25,1.50
2012.01.17 18:31:53.884,6.91672,6.91858,2.25,1.50
2012.01.17 18:31:54.323,6.91672,6.91858,2.25,1.50
2012.01.17 18:31:54.879,6.91672,6.91858,2.25,1.50
2012.01.17 18:32:01.207,6.91672,6.91858,2.25,1.50
2012.01.17 18:32:02.428,6.91672,6.91858,1.50,1.50
2012.01.17 18:32:03.679,6.91672,6.91858,2.25,1.50
2012.01.17 18:32:11.276,6.91672,6.91858,2.25,1.50
2012.01.17 18:32:12.087,6.91672,6.91858,2.25,1.50
2012.01.17 18:32:16.913,6.91699,6.91881,1.50,2.25
2012.01.17 18:32:29.376,6.91699,6.91883,1.50,1.50
2012.01.17 18:32:29.444,6.91699,6.91883,2.25,1.50
2012.01.17 18:32:29.864,6.91699,6.91883,1.50,1.50
2012.01.17 18:32:31.945,6.91699,6.91883,2.25,1.50
2012.01.17 18:32:32.014,6.91699,6.91883,2.25,1.50
2012.01.17 18:32:33.608,6.91699,6.91883,2.25,1.50
2012.01.17 18:32:34.250,6.91699,6.91883,2.25,1.50
2012.01.17 18:32:36.576,6.91699,6.91883,2.25,1.50
2012.01.17 18:32:37.293,6.91725,6.91909,2.25,2.25
2012.01.17 18:32:42.751,6.91725,6.91909,2.25,2.25
2012.01.17 18:32:43.337,6.9178,6.91966,2.25,2.25
2012.01.17 18:32:43.930,6.9178,6.91966,2.25,1.50
2012.01.17 18:32:44.183,6.9178,6.91966,2.25,1.50
2012.01.17 18:32:44.406,6.9178,6.91966,2.25,1.50
2012.01.17 18:32:46.383,6.9178,6.91966,2.25,1.50
2012.01.17 18:32:46.763,6.9178,6.91966,2.25,1.50
2012.01.17 18:32:47.454,6.9178,6.91966,1.50,1.50
2012.01.17 18:32:48.845,6.91809,6.91993,1.50,2.25
2012.01.17 18:32:49.166,6.91809,6.91992,1.50,1.50
2012.01.17 18:32:49.594,6.91809,6.91993,1.50,2.25
2012.01.17 18:32:49.662,6.91809,6.91993,2.25,1.50
2012.01.17 18:32:50.245,6.91809,6.91993,2.25,1.50
2012.01.17 18:32:50.497,6.91809,6.91993,2.25,1.50
2012.01.17 18:32:50.744,6.91809,6.91993,2.25,1.50
2012.01.17 18:32:51.193,6.91809,6.91993,2.25,1.50
2012.01.17 18:32:51.410,6.91809,6.91993,2.25,1.50
2012.01.17 18:32:52.116,6.91809,6.91993,2.25,1.50
2012.01.17 18:32:52.700,6.91809,6.91993,2.25,1.50
2012.01.17 18:32:52.765,6.91809,6.91993,2.25,1.50
2012.01.17 18:32:52.896,6.91809,6.91993,2.25,1.50
2012.01.17 18:32:52.961,6.91809,6.91993,2.25,1.50
2012.01.17 18:32:53.505,6.91809,6.91993,2.25,1.50
2012.01.17 18:32:55.136,6.91809,6.91993,2.25,1.50
2012.01.17 18:32:56.193,6.91809,6.91993,2.25,1.50
2012.01.17 18:32:56.262,6.91809,6.91993,2.25,1.50
2012.01.17 18:32:56.437,6.91809,6.91993,2.25,1.50
2012.01.17 18:32:56.695,6.91809,6.91993,2.25,1.50
2012.01.17 18:32:57.363,6.91809,6.91993,2.25,1.50
2012.01.17 18:32:57.951,6.91809,6.91993,2.25,1.50
2012.01.17 18:32:58.436,6.91809,6.91993,2.25,1.50
2012.01.17 18:32:58.567,6.9184,6.92024,2.25,1.50
2012.01.17 18:32:58.639,6.9184,6.92024,2.25,1.50
2012.01.17 18:32:58.939,6.9184,6.92024,2.25,1.50
2012.01.17 18:32:59.555,6.91868,6.92024,1.50,1.50
2012.01.17 18:32:59.652,6.91905,6.92089,2.25,1.50
2012.01.17 18:32:59.720,6.91905,6.92089,2.25,1.50
2012.01.17 18:32:59.976,6.91931,6.92114,2.25,1.50
2012.01.17 18:33:00.047,6.91931,6.92114,2.25,1.50
2012.01.17 18:33:00.117,6.91931,6.92117,2.25,1.50
2012.01.17 18:33:00.194,6.91931,6.92117,2.25,1.50
2012.01.17 18:33:00.503,6.91931,6.92117,2.25,1.50
2012.01.17 18:33:01.399,6.91931,6.92117,2.25,1.50
2012.01.17 18:33:01.943,6.91931,6.92117,2.25,1.50
2012.01.17 18:33:02.374,6.91931,6.92117,2.25,1.50
2012.01.17 18:33:02.731,6.91931,6.92117,2.25,1.50
2012.01.17 18:33:02.988,6.91931,6.92117,2.25,1.50
2012.01.17 18:33:03.156,6.91931,6.92117,2.25,1.50
2012.01.17 18:33:05.355,6.91931,6.92117,2.25,1.50
2012.01.17 18:33:08.212,6.91931,6.92117,2.25,1.50
2012.01.17 18:33:08.752,6.91931,6.92117,2.25,1.50
2012.01.17 18:33:09.354,6.91931,6.92117,2.25,1.50
2012.01.17 18:33:09.883,6.91931,6.92117,2.25,1.50
2012.01.17 18:33:10.018,6.91957,6.92143,2.25,2.25
2012.01.17 18:33:10.082,6.91957,6.92143,2.25,2.25
2012.01.17 18:33:11.056,6.91957,6.92143,2.25,2.25
2012.01.17 18:33:13.947,6.91957,6.92143,2.25,2.25
2012.01.17 18:33:14.475,6.91957,6.92143,2.25,2.25
2012.01.17 18:33:22.468,6.91957,6.92138,2.25,1.50
2012.01.17 18:33:22.738,6.91929,6.92113,1.50,1.50
2012.01.17 18:33:22.804,6.91929,6.92111,1.50,1.50
2012.01.17 18:33:23.117,6.91902,6.92088,2.25,1.50
2012.01.17 18:33:25.689,6.91902,6.92088,1.50,1.50
2012.01.17 18:33:25.881,6.91871,6.92057,2.25,1.50
2012.01.17 18:33:26.076,6.91871,6.92057,2.25,1.50
2012.01.17 18:33:26.353,6.91871,6.92057,2.25,1.50
2012.01.17 18:33:26.704,6.91871,6.92057,2.25,1.50
2012.01.17 18:33:27.037,6.91898,6.92084,2.25,2.25
2012.01.17 18:33:27.315,6.91898,6.92084,1.50,2.25
2012.01.17 18:33:27.679,6.91863,6.92049,2.25,1.50
2012.01.17 18:33:28.219,6.91863,6.92049,2.25,1.50
2012.01.17 18:33:28.827,6.91863,6.92049,2.25,1.50
2012.01.17 18:33:29.262,6.91863,6.92049,2.25,1.50
2012.01.17 18:33:30.307,6.91863,6.92049,2.25,1.50
2012.01.17 18:33:31.535,6.91863,6.92049,2.25,1.50
2012.01.17 18:33:32.079,6.91899,6.92085,1.50,1.50
2012.01.17 18:33:32.206,6.91899,6.92085,2.25,1.50
2012.01.17 18:33:34.494,6.91899,6.92085,1.50,1.50
2012.01.17 18:33:41.847,6.91875,6.92059,2.25,1.50
2012.01.17 18:33:41.916,6.91875,6.92059,2.25,1.50
2012.01.17 18:33:41.986,6.91873,6.92059,2.25,1.50
2012.01.17 18:33:42.194,6.91873,6.92059,1.50,1.50
2012.01.17 18:33:42.265,6.91873,6.92059,2.25,1.50
2012.01.17 18:33:44.203,6.91873,6.92059,2.25,1.50
2012.01.17 18:33:44.803,6.91873,6.92059,2.25,1.50
2012.01.17 18:33:45.698,6.91899,6.92085,1.50,1.50
2012.01.17 18:33:45.884,6.91899,6.92085,2.25,1.50
2012.01.17 18:33:46.145,6.91899,6.92085,2.25,1.50
2012.01.17 18:33:46.335,6.91933,6.92119,1.50,1.50
2012.01.17 18:33:48.086,6.91907,6.92091,2.25,1.50
2012.01.17 18:33:48.401,6.91907,6.92091,2.25,1.50
2012.01.17 18:33:48.652,6.91907,6.92091,1.50,1.50
2012.01.17 18:33:50.683,6.91907,6.92091,2.25,1.50
2012.01.17 18:33:53.444,6.91935,6.92121,1.50,1.50
2012.01.17 18:33:57.597,6.91964,6.92144,1.50,1.50
2012.01.17 18:33:57.664,6.91964,6.92148,1.50,1.50
2012.01.17 18:34:00.909,6.91964,6.92148,2.25,1.50
2012.01.17 18:34:01.227,6.91964,6.92148,2.25,1.50
2012.01.17 18:34:01.705,6.91964,6.92148,1.50,1.50
2012.01.17 18:34:02.932,6.91964,6.92148,1.50,2.25
2012.01.17 18:34:03.121,6.91931,6.92117,1.50,1.50
2012.01.17 18:34:03.417,6.91931,6.92117,2.25,1.50
2012.01.17 18:34:04.017,6.91931,6.92117,2.25,1.50
2012.01.17 18:34:04.676,6.91931,6.92117,2.25,1.50
2012.01.17 18:34:04.806,6.91931,6.92117,1.50,1.50
2012.01.17 18:34:24.694,6.91931,6.92117,2.25,1.50
2012.01.17 18:34:26.072,6.91931,6.92117,1.50,1.50
2012.01.17 18:34:28.922,6.91931,6.92117,1.50,2.25
2012.01.17 18:34:28.993,6.91931,6.92117,1.50,1.50
2012.01.17 18:34:34.316,6.91931,6.92117,1.50,2.25
2012.01.17 18:34:34.580,6.91884,6.92068,1.50,1.50
2012.01.17 18:34:37.127,6.91884,6.92068,2.25,1.50
2012.01.17 18:34:37.493,6.91884,6.92068,1.50,1.50
2012.01.17 18:34:39.113,6.91884,6.92068,2.25,1.50
2012.01.17 18:34:43.526,6.91903,6.92068,2.25,1.50
2012.01.17 18:34:43.805,6.91926,6.92112,1.50,2.25
2012.01.17 18:34:44.066,6.91926,6.92112,1.50,2.25
2012.01.17 18:34:44.417,6.91926,6.92112,1.50,2.25
2012.01.17 18:34:46.136,6.91896,6.92082,2.25,1.50
2012.01.17 18:34:46.737,6.91896,6.92082,1.50,1.50
2012.01.17 18:34:47.404,6.91896,6.92082,1.50,2.25
2012.01.17 18:34:48.022,6.91896,6.92082,1.50,1.50
2012.01.17 18:34:48.097,6.91896,6.92082,2.25,1.50
2012.01.17 18:34:48.345,6.91896,6.92082,1.50,1.50
2012.01.17 18:34:48.482,6.91896,6.92082,1.50,2.25
2012.01.17 18:34:48.672,6.91896,6.92082,1.50,2.25
2012.01.17 18:34:57.508,6.91896,6.92082,2.25,2.25
2012.01.17 18:35:05.461,6.91896,6.92082,1.50,2.25
2012.01.17 18:35:05.723,6.91896,6.92082,2.25,2.25
2012.01.17 18:35:09.415,6.91896,6.92082,2.25,2.25
2012.01.17 18:35:09.699,6.91896,6.92082,2.25,2.25
2012.01.17 18:35:09.884,6.91896,6.92082,1.50,2.25
2012.01.17 18:35:10.434,6.91925,6.92109,2.25,2.25
2012.01.17 18:35:10.624,6.91925,6.92109,1.50,2.25
2012.01.17 18:35:11.974,6.91925,6.92109,2.25,2.25
2012.01.17 18:35:12.162,6.91925,6.92109,1.50,2.25
2012.01.17 18:35:13.085,6.91925,6.92109,1.50,2.25
2012.01.17 18:35:13.392,6.91925,6.92109,2.25,1.50
2012.01.17 18:35:13.464,6.91925,6.92109,1.50,1.50
2012.01.17 18:35:13.986,6.91898,6.92084,1.50,1.50
2012.01.17 18:35:19.918,6.91898,6.92084,1.50,2.25
2012.01.17 18:35:20.295,6.91898,6.92084,1.50,2.25
2012.01.17 18:35:22.730,6.91898,6.92084,1.50,1.50
2012.01.17 18:35:23.371,6.91875,6.92057,1.50,1.50
2012.01.17 18:35:23.445,6.91873,6.92057,1.50,1.50
2012.01.17 18:35:23.635,6.91849,6.92031,1.50,1.50
2012.01.17 18:35:23.706,6.91847,6.92031,1.50,1.50
2012.01.17 18:35:24.076,6.91847,6.92031,1.50,2.25
2012.01.17 18:35:27.265,6.91881,6.92065,1.50,1.50
2012.01.17 18:35:30.455,6.91881,6.92065,1.50,2.25
2012.01.17 18:35:36.033,6.91912,6.92089,1.50,2.25
2012.01.17 18:35:36.228,6.91915,6.92096,1.50,2.25
2012.01.17 18:35:36.297,6.91915,6.92096,1.50,1.50
2012.01.17 18:35:36.425,6.91938,6.92124,1.50,1.50
2012.01.17 18:35:36.554,6.91938,6.92124,1.50,2.25
2012.01.17 18:35:37.864,6.91938,6.92124,1.50,1.50
2012.01.17 18:35:38.933,6.919,6.92086,1.50,1.50
2012.01.17 18:35:39.244,6.919,6.92086,1.50,2.25
2012.01.17 18:35:48.302,6.91936,6.9212,1.50,2.25
2012.01.17 18:35:48.372,6.91936,6.9212,1.50,1.50
2012.01.17 18:35:51.219,6.91936,6.9212,1.50,2.25
2012.01.17 18:35:51.344,6.91936,6.9212,1.50,1.50
2012.01.17 18:35:58.752,6.91912,6.92092,1.50,1.50
2012.01.17 18:35:58.830,6.91906,6.92092,1.50,1.50
2012.01.17 18:35:58.914,6.91906,6.92073,1.50,1.50
2012.01.17 18:35:59.187,6.91806,6.9201,1.50,1.50
2012.01.17 18:36:21.800,6.91852,6.92036,1.50,2.25
2012.01.17 18:36:21.878,6.91852,6.92036,1.50,2.25
2012.01.17 18:36:48.616,6.91853,6.92036,1.50,2.25
2012.01.17 18:36:49.002,6.91878,6.92062,1.50,1.50
2012.01.17 18:36:50.265,6.91879,6.92062,1.50,1.50
2012.01.17 18:36:50.337,6.91903,6.92089,1.50,1.50
2012.01.17 18:36:50.594,6.91879,6.9206,1.50,1.50
2012.01.17 18:36:50.666,6.91876,6.9206,1.50,1.50
2012.01.17 18:36:54.567,6.91902,6.92085,1.50,2.25
2012.01.17 18:36:54.639,6.91902,6.92086,1.50,1.50
2012.01.17 18:36:55.017,6.91902,6.92083,1.50,1.50
2012.01.17 18:36:55.143,6.91875,6.92059,1.50,1.50
2012.01.17 18:37:19.720,6.91851,6.92032,1.50,1.50
2012.01.17 18:37:19.788,6.91848,6.92032,1.50,1.50
2012.01.17 18:37:25.773,6.91848,6.92032,1.50,2.25
2012.01.17 18:37:35.703,6.91848,6.92032,1.50,2.25
2012.01.17 18:37:35.776,6.91794,6.91978,1.50,2.25
2012.01.17 18:37:38.543,6.91831,6.92017,1.50,2.25
2012.01.17 18:37:48.823,6.91831,6.92014,1.50,1.50
2012.01.17 18:37:49.016,6.91807,6.91991,1.50,2.25
2012.01.17 18:37:49.083,6.91807,6.91991,1.50,2.25
2012.01.17 18:37:49.405,6.91807,6.91982,1.50,1.50
2012.01.17 18:37:49.475,6.91805,6.91982,1.50,1.50
2012.01.17 18:37:49.545,6.91768,6.91954,1.50,1.50
2012.01.17 18:37:51.006,6.91794,6.91978,1.50,2.25
2012.01.17 18:37:51.529,6.91834,6.92004,1.50,2.25
2012.01.17 18:37:51.620,6.91864,6.9205,1.50,2.25
2012.01.17 18:37:51.687,6.91864,6.9205,1.50,2.25
2012.01.17 18:38:01.989,6.91864,6.9205,1.50,2.25
2012.01.17 18:38:02.057,6.91837,6.92021,1.50,1.50
2012.01.17 18:38:05.086,6.91866,6.9205,1.50,2.25
2012.01.17 18:38:05.423,6.91866,6.9205,1.50,1.50
2012.01.17 18:38:06.164,6.9184,6.92024,1.50,1.50
2012.01.17 18:38:10.606,6.9184,6.92024,1.50,2.25
2012.01.17 18:38:11.222,6.91808,6.91994,1.50,1.50
2012.01.17 18:38:17.346,6.91841,6.92025,1.50,2.25
2012.01.17 18:38:17.825,6.91841,6.92025,1.50,1.50
2012.01.17 18:38:22.496,6.91841,6.92025,2.25,1.50
2012.01.17 18:38:22.698,6.91881,6.92067,1.50,1.50
2012.01.17 18:38:28.045,6.91881,6.92067,2.25,1.50
2012.01.17 18:38:28.580,6.91881,6.92067,1.50,1.50
2012.01.17 18:38:28.855,6.91881,6.92067,2.25,1.50
2012.01.17 18:38:28.923,6.91881,6.92067,1.50,1.50
2012.01.17 18:38:32.167,6.91881,6.92067,2.25,1.50
2012.01.17 18:38:32.306,6.91917,6.92101,1.50,1.50
2012.01.17 18:38:34.985,6.91917,6.92096,1.50,1.50
2012.01.17 18:38:35.056,6.91886,6.92072,1.50,1.50
2012.01.17 18:38:35.447,6.91856,6.9204,2.25,1.50
2012.01.17 18:38:35.528,6.91856,6.9204,1.50,1.50
2012.01.17 18:38:39.907,6.91856,6.9204,2.25,1.50
2012.01.17 18:38:43.023,6.91856,6.9204,1.50,1.50
2012.01.17 18:39:01.357,6.9183,6.92014,1.50,1.50
2012.01.17 18:39:01.692,6.91796,6.9198,1.50,1.50
2012.01.17 18:39:30.175,6.91772,6.91954,2.25,1.50
2012.01.17 18:39:30.618,6.91772,6.91919,1.50,1.50
2012.01.17 18:39:30.688,6.91746,6.91919,2.25,1.50
2012.01.17 18:39:30.816,6.91735,6.91919,1.50,1.50
2012.01.17 18:39:39.957,6.91735,6.91917,1.50,1.50
2012.01.17 18:39:40.295,6.91708,6.91894,2.25,1.50
2012.01.17 18:39:43.693,6.91735,6.91917,1.50,1.50
2012.01.17 18:39:43.762,6.91735,6.91919,1.50,1.50
2012.01.17 18:40:08.885,6.91766,6.91943,1.50,1.50
2012.01.17 18:40:09.396,6.91794,6.91975,1.50,1.50
2012.01.17 18:40:09.531,6.91794,6.91978,1.50,1.50
2012.01.17 18:40:18.236,6.91821,6.92002,1.50,1.50
2012.01.17 18:40:18.304,6.91821,6.92005,1.50,2.25
2012.01.17 18:40:18.817,6.91821,6.92005,1.50,1.50
2012.01.17 18:40:28.284,6.91823,6.92005,1.50,1.50
2012.01.17 18:40:28.540,6.91847,6.92031,1.50,1.50
2012.01.17 18:40:35.215,6.91851,6.92031,1.50,1.50
2012.01.17 18:40:35.283,6.91874,6.9206,1.50,1.50
2012.01.17 18:40:39.104,6.91851,6.92031,1.50,1.50
2012.01.17 18:40:39.174,6.91845,6.92031,1.50,1.50
2012.01.17 18:40:42.292,6.91848,6.92031,1.50,1.50
2012.01.17 18:40:42.559,6.91907,6.92093,1.50,1.50
2012.01.17 18:40:42.868,6.91907,6.9209,1.50,1.50
2012.01.17 18:40:42.935,6.91882,6.92066,1.50,1.50
2012.01.17 18:40:46.733,6.91908,6.9209,1.50,2.25
2012.01.17 18:40:47.084,6.91908,6.92092,1.50,1.50
2012.01.17 18:40:57.139,6.91883,6.92065,1.50,1.50
2012.01.17 18:40:57.272,6.91881,6.92065,1.50,1.50
2012.01.17 18:40:57.837,6.91857,6.92038,1.50,1.50
2012.01.17 18:40:58.171,6.91854,6.92038,1.50,1.50
2012.01.17 18:41:01.596,6.91813,6.91999,1.50,1.50
2012.01.17 18:41:01.925,6.91819,6.91999,1.50,1.50
2012.01.17 18:41:01.994,6.91843,6.92027,1.50,1.50
2012.01.17 18:41:02.507,6.91871,6.92055,1.50,2.25
2012.01.17 18:41:11.618,6.91843,6.92029,1.50,1.50
2012.01.17 18:41:18.796,6.91877,6.92061,1.50,1.50
2012.01.17 18:41:21.454,6.91905,6.92086,1.50,1.50
2012.01.17 18:41:21.956,6.91905,6.92091,1.50,1.50
2012.01.17 18:41:34.286,6.91932,6.92118,1.50,2.25
2012.01.17 18:41:35.284,6.91907,6.92091,1.50,1.50
2012.01.17 18:41:46.887,6.91907,6.9209,1.50,1.50
2012.01.17 18:41:46.955,6.9188,6.92066,1.50,1.50
2012.01.17 18:41:50.334,6.9188,6.92064,1.50,1.50
2012.01.17 18:41:50.880,6.91855,6.92039,1.50,1.50
2012.01.17 18:42:04.316,6.9183,6.92011,1.50,1.50
2012.01.17 18:42:04.386,6.91825,6.92011,2.25,1.50
2012.01.17 18:42:13.586,6.91825,6.92011,1.50,2.25
2012.01.17 18:42:19.030,6.91825,6.91978,1.50,1.50
2012.01.17 18:42:19.110,6.918,6.91978,1.50,2.25
2012.01.17 18:42:19.179,6.91768,6.91954,1.50,1.50
2012.01.17 18:42:20.443,6.91768,6.91954,1.50,2.25
2012.01.17 18:42:24.458,6.91768,6.91954,1.50,2.25
2012.01.17 18:42:26.734,6.91742,6.91928,1.50,1.50
2012.01.17 18:42:29.217,6.91718,6.91899,1.50,1.50
2012.01.17 18:42:29.351,6.91713,6.91899,1.50,1.50
2012.01.17 18:42:36.446,6.91739,6.91923,1.50,2.25
2012.01.17 18:42:37.406,6.91712,6.91898,1.50,1.50
2012.01.17 18:42:39.035,6.91738,6.91924,1.50,2.25
2012.01.17 18:42:44.676,6.91738,6.91924,1.50,1.50
2012.01.17 18:42:52.016,6.91811,6.92035,1.50,2.25
2012.01.17 18:42:52.162,6.91811,6.92035,1.50,1.50
2012.01.17 18:42:55.580,6.91831,6.92015,1.50,2.25
2012.01.17 18:42:56.058,6.91803,6.91987,1.50,1.50
2012.01.17 18:42:57.896,6.9183,6.92016,1.50,2.25
2012.01.17 18:43:20.498,6.9183,6.92016,1.50,2.25
2012.01.17 18:43:20.568,6.918,6.91986,1.50,1.50
2012.01.17 18:43:29.651,6.91773,6.91957,1.50,1.50
2012.01.17 18:43:36.213,6.91798,6.91984,1.50,2.25
2012.01.17 18:43:36.829,6.91798,6.91984,1.50,2.25
2012.01.17 18:43:54.908,6.91798,6.91984,1.50,1.50
2012.01.17 18:43:54.978,6.91839,6.92002,1.50,1.50
2012.01.17 18:43:55.106,6.91839,6.92025,1.50,2.25
2012.01.17 18:43:55.287,6.91839,6.92025,1.50,1.50
2012.01.17 18:43:56.021,6.91839,6.92025,1.50,2.25
2012.01.17 18:43:56.512,6.91814,6.91998,1.50,2.25
2012.01.17 18:43:59.873,6.91814,6.91998,1.50,2.25
2012.01.17 18:44:00.136,6.91814,6.91998,1.50,2.25
2012.01.17 18:44:15.384,6.91814,6.91959,1.50,1.50
2012.01.17 18:44:15.454,6.9175,6.91936,1.50,1.50
2012.01.17 18:44:17.754,6.91798,6.91984,1.50,1.50
2012.01.17 18:44:22.709,6.91798,6.91984,1.50,2.25
2012.01.17 18:44:22.847,6.91771,6.91957,1.50,1.50
2012.01.17 18:44:22.979,6.91771,6.91957,1.50,2.25
2012.01.17 18:44:23.228,6.91771,6.91943,1.50,1.50
2012.01.17 18:44:23.615,6.91771,6.91942,1.50,1.50
2012.01.17 18:44:23.904,6.91771,6.91943,1.50,1.50
2012.01.17 18:44:28.633,6.91771,6.91942,1.50,1.50
2012.01.17 18:44:38.500,6.91745,6.91931,1.50,1.50
2012.01.17 18:44:38.570,6.91745,6.91928,1.50,2.25
2012.01.17 18:44:38.707,6.91696,6.91874,1.50,1.50
2012.01.17 18:44:39.060,6.91696,6.91874,1.50,2.25
2012.01.17 18:44:39.173,6.91696,6.91874,1.50,2.25
2012.01.17 18:44:39.374,6.9169,6.91871,1.50,1.50
2012.01.17 18:44:41.004,6.9169,6.91871,1.50,1.50
2012.01.17 18:44:42.009,6.9169,6.91846,1.50,1.50
2012.01.17 18:44:42.138,6.91666,6.91839,1.50,2.25
2012.01.17 18:44:42.208,6.91655,6.91839,1.50,2.25
2012.01.17 18:44:42.281,6.91655,6.91813,1.50,1.50
2012.01.17 18:44:42.806,6.91684,6.91833,1.50,1.50
2012.01.17 18:44:42.997,6.91684,6.91834,1.50,1.50
2012.01.17 18:44:45.026,6.91684,6.91853,1.50,1.50
2012.01.17 18:44:46.372,6.91684,6.91842,1.50,1.50
2012.01.17 18:44:46.577,6.91684,6.91854,1.50,1.50
2012.01.17 18:44:47.633,6.91684,6.91854,1.50,1.50
2012.01.17 18:44:48.852,6.91684,6.91854,1.50,1.50
2012.01.17 18:44:48.923,6.91684,6.91854,1.50,1.50
2012.01.17 18:44:49.284,6.91684,6.91854,1.50,1.50
2012.01.17 18:44:50.618,6.91684,6.91854,1.50,1.50
2012.01.17 18:44:50.796,6.9171,6.9188,1.50,1.50
2012.01.17 18:44:52.255,6.9171,6.91882,1.50,1.50
2012.01.17 18:44:53.256,6.9171,6.91896,1.50,2.25
2012.01.17 18:44:53.327,6.9171,6.91896,1.50,2.25
2012.01.17 18:44:58.358,6.9174,6.91917,1.50,1.50
2012.01.17 18:45:00.841,6.9174,6.91926,1.50,2.25
2012.01.17 18:45:01.178,6.9174,6.91926,1.50,2.25
2012.01.17 18:45:07.876,6.9174,6.91926,1.50,2.25
2012.01.17 18:45:09.193,6.9174,6.91926,1.50,2.25
2012.01.17 18:45:10.624,6.9174,6.91926,1.50,2.25
2012.01.17 18:45:19.644,6.9174,6.91926,1.50,2.25
2012.01.17 18:45:22.455,6.9174,6.91926,1.50,1.50
2012.01.17 18:45:53.352,6.91768,6.91949,1.50,2.25
2012.01.17 18:45:53.640,6.91803,6.91987,1.50,1.50
2012.01.17 18:45:59.775,6.91836,6.92012,1.50,1.50
2012.01.17 18:45:59.846,6.91836,6.9202,1.50,1.50
2012.01.17 18:46:00.227,6.91733,6.91959,2.25,1.50
2012.01.17 18:46:00.315,6.91733,6.91959,1.50,1.50
2012.01.17 18:46:09.629,6.91783,6.91963,1.50,1.50
2012.01.17 18:46:10.121,6.91783,6.91969,1.50,1.50
2012.01.17 18:46:11.676,6.91783,6.91969,1.50,3.00
2012.01.17 18:46:15.855,6.91783,6.91969,1.50,3.00
2012.01.17 18:46:16.515,6.91783,6.91969,1.50,2.25
2012.01.17 18:46:18.669,6.91783,6.91969,1.50,3.00
2012.01.17 18:46:19.236,6.91757,6.91943,1.50,1.50
2012.01.17 18:46:23.266,6.91757,6.91943,1.50,3.00
2012.01.17 18:46:23.457,6.91734,6.91916,1.50,1.50
2012.01.17 18:46:23.533,6.91732,6.91916,1.50,2.25
2012.01.17 18:46:23.668,6.917,6.91884,1.50,1.50
2012.01.17 18:46:32.087,6.917,6.91884,1.50,2.25
2012.01.17 18:46:32.476,6.917,6.91872,1.50,1.50
2012.01.17 18:46:32.967,6.917,6.91872,1.50,1.50
2012.01.17 18:46:33.845,6.917,6.91872,1.50,1.50
2012.01.17 18:46:35.768,6.917,6.91872,1.50,1.50
2012.01.17 18:46:36.109,6.91676,6.91843,1.50,1.50
2012.01.17 18:46:36.196,6.91676,6.91845,1.50,1.50
2012.01.17 18:46:36.338,6.91671,6.91845,1.50,1.50
2012.01.17 18:46:36.601,6.91671,6.91845,1.50,1.50
2012.01.17 18:46:49.010,6.91671,6.91855,1.50,2.25
2012.01.17 18:46:49.449,6.91671,6.91855,1.50,1.50
2012.01.17 18:46:52.137,6.91671,6.91855,1.50,2.25
2012.01.17 18:46:52.605,6.91671,6.91855,1.50,2.25
2012.01.17 18:46:52.877,6.91674,6.91853,1.50,1.50
2012.01.17 18:46:52.946,6.91698,6.91878,1.50,1.50
2012.01.17 18:46:53.685,6.91698,6.91878,1.50,1.50
2012.01.17 18:46:53.884,6.91698,6.91878,1.50,1.50
2012.01.17 18:46:54.518,6.91698,6.91878,1.50,1.50
2012.01.17 18:46:54.703,6.91698,6.91882,1.50,1.50
2012.01.17 18:47:00.666,6.91698,6.91882,1.50,2.25
2012.01.17 18:47:00.944,6.91698,6.91882,1.50,1.50
2012.01.17 18:47:01.072,6.91698,6.91882,1.50,2.25
2012.01.17 18:47:01.216,6.91698,6.91882,1.50,1.50
2012.01.17 18:47:03.620,6.91723,6.91909,1.50,2.25
2012.01.17 18:47:03.762,6.9176,6.91939,1.50,1.50
2012.01.17 18:47:03.907,6.9176,6.91946,1.50,1.50
2012.01.17 18:47:08.428,6.9176,6.91944,1.50,1.50
2012.01.17 18:47:08.995,6.91735,6.91919,1.50,1.50
2012.01.17 18:47:10.374,6.91735,6.91919,1.50,2.25
2012.01.17 18:47:11.158,6.91735,6.91919,1.50,2.25
2012.01.17 18:47:11.523,6.91735,6.91919,1.50,2.25
2012.01.17 18:47:11.855,6.91735,6.91919,1.50,2.25
2012.01.17 18:47:11.926,6.91735,6.91919,1.50,2.25
2012.01.17 18:47:12.418,6.91735,6.91919,1.50,1.50
2012.01.17 18:47:23.781,6.91777,6.91944,1.50,2.25
2012.01.17 18:47:23.855,6.91777,6.91944,1.50,1.50
2012.01.17 18:47:24.292,6.91813,6.91944,1.50,1.50
2012.01.17 18:47:24.369,6.91813,6.91986,1.50,2.25
2012.01.17 18:47:24.448,6.91782,6.91966,1.50,1.50
2012.01.17 18:47:24.654,6.91782,6.91966,1.50,2.25
2012.01.17 18:47:24.955,6.91782,6.91962,1.50,2.25
2012.01.17 18:47:25.261,6.91753,6.91937,1.50,1.50
2012.01.17 18:47:25.330,6.91753,6.91937,1.50,2.25
2012.01.17 18:47:25.653,6.91753,6.91937,1.50,2.25
2012.01.17 18:47:26.012,6.91753,6.91937,1.50,2.25
2012.01.17 18:47:26.793,6.91753,6.91937,1.50,2.25
2012.01.17 18:47:26.915,6.91753,6.91937,1.50,2.25
2012.01.17 18:47:29.822,6.91753,6.91937,1.50,1.50
2012.01.17 18:47:30.700,6.91753,6.91937,1.50,2.25
2012.01.17 18:47:31.021,6.91753,6.91937,1.50,2.25
2012.01.17 18:47:31.712,6.91753,6.91937,1.50,2.25
2012.01.17 18:47:32.329,6.91753,6.91937,1.50,2.25
2012.01.17 18:47:33.663,6.91753,6.91937,1.50,2.25
2012.01.17 18:47:34.004,6.91753,6.91933,1.50,1.50
2012.01.17 18:47:44.324,6.91753,6.91937,1.50,2.25
2012.01.17 18:47:44.395,6.91726,6.91912,1.50,2.25
2012.01.17 18:47:44.465,6.91726,6.91904,1.50,1.50
2012.01.17 18:47:45.091,6.91726,6.91904,1.50,1.50
2012.01.17 18:47:46.115,6.91726,6.91904,1.50,1.50
2012.01.17 18:47:46.325,6.91726,6.91904,1.50,1.50
2012.01.17 18:47:49.450,6.91726,6.91904,1.50,1.50
2012.01.17 18:47:53.132,6.91726,6.91904,1.50,1.50
2012.01.17 18:48:04.538,6.91726,6.91904,1.50,1.50
2012.01.17 18:48:04.683,6.91699,6.91883,1.50,2.25
2012.01.17 18:48:12.243,6.91699,6.91883,1.50,2.25
2012.01.17 18:48:25.005,6.91699,6.91883,1.50,2.25
2012.01.17 18:48:25.585,6.9167,6.91856,1.50,2.25
2012.01.17 18:48:25.866,6.9167,6.91856,1.50,2.25
2012.01.17 18:48:26.074,6.9167,6.91856,1.50,1.50
2012.01.17 18:48:26.515,6.91697,6.91881,1.50,2.25
2012.01.17 18:48:27.892,6.91697,6.91881,1.50,2.25
2012.01.17 18:48:28.303,6.91697,6.91881,1.50,2.25
2012.01.17 18:48:33.993,6.91697,6.91881,1.50,2.25
2012.01.17 18:48:38.461,6.91697,6.91881,1.50,2.25
2012.01.17 18:48:47.845,6.91697,6.91881,1.50,2.25
2012.01.17 18:48:54.956,6.91697,6.91881,1.50,2.25
2012.01.17 18:48:55.636,6.91697,6.91881,1.50,2.25
2012.01.17 18:48:59.613,6.91697,6.91881,1.50,2.25
2012.01.17 18:48:59.755,6.91697,6.91881,1.50,2.25
2012.01.17 18:49:01.402,6.91697,6.91881,1.50,2.25
2012.01.17 18:49:02.074,6.91697,6.91881,1.50,2.25
2012.01.17 18:49:02.743,6.91697,6.91881,1.50,2.25
2012.01.17 18:49:14.672,6.91697,6.91881,1.50,2.25
2012.01.17 18:49:15.002,6.91697,6.91881,1.50,2.25
2012.01.17 18:49:21.863,6.91697,6.91881,1.50,2.25
2012.01.17 18:49:26.973,6.91583,6.91893,1.50,1.50
2012.01.17 18:49:29.557,6.91661,6.91847,1.50,2.25
2012.01.17 18:49:29.683,6.91636,6.9182,1.50,1.50
2012.01.17 18:49:30.157,6.91662,6.91846,1.50,2.25
2012.01.17 18:49:30.757,6.91662,6.91846,1.50,1.50
2012.01.17 18:49:32.679,6.91728,6.9187,1.50,3.00
2012.01.17 18:49:32.994,6.91772,6.91978,1.50,2.25
2012.01.17 18:49:33.141,6.91772,6.91978,1.50,1.50
2012.01.17 18:49:33.211,6.91772,6.91978,1.50,2.25
2012.01.17 18:49:45.535,6.91747,6.91931,1.50,1.50
2012.01.17 18:49:46.892,6.91772,6.91956,1.50,2.25
2012.01.17 18:49:47.183,6.91772,6.91958,1.50,2.25
2012.01.17 18:49:48.864,6.91749,6.91932,1.50,1.50
2012.01.17 18:49:48.932,6.91746,6.91932,1.50,2.25
2012.01.17 18:49:49.393,6.9178,6.91956,1.50,2.25
2012.01.17 18:49:50.083,6.9178,6.91966,1.50,2.25
2012.01.17 18:49:51.177,6.91808,6.91975,1.50,1.50
2012.01.17 18:49:51.301,6.91808,6.91992,1.50,2.25
2012.01.17 18:49:54.764,6.91808,6.91992,1.50,2.25
2012.01.17 18:50:14.563,6.91808,6.91992,1.50,2.25
2012.01.17 18:50:15.154,6.91833,6.92009,1.50,1.50
2012.01.17 18:50:16.331,6.91833,6.92019,1.50,2.25
2012.01.17 18:50:20.883,6.91861,6.92023,1.50,1.50
2012.01.17 18:50:23.625,6.91861,6.92045,1.50,1.50
2012.01.17 18:51:03.433,6.91861,6.92026,1.50,1.50
2012.01.17 18:51:06.952,6.91861,6.92047,1.50,2.25
2012.01.17 18:51:11.230,6.91861,6.92022,1.50,1.50
2012.01.17 18:51:11.300,6.91813,6.91999,1.50,1.50
2012.01.17 18:51:14.927,6.91813,6.91999,1.50,2.25
2012.01.17 18:51:19.107,6.91813,6.91999,1.50,1.50
2012.01.17 18:51:19.761,6.91813,6.91999,1.50,2.25
2012.01.17 18:51:25.600,6.91813,6.91999,1.50,2.25
2012.01.17 18:51:26.262,6.91813,6.91999,1.50,2.25
2012.01.17 18:51:28.044,6.91813,6.91992,1.50,1.50
2012.01.17 18:51:31.374,6.91813,6.91985,1.50,1.50
2012.01.17 18:51:31.701,6.91813,6.91985,1.50,1.50
2012.01.17 18:51:32.747,6.91813,6.91985,1.50,1.50
2012.01.17 18:51:34.890,6.91813,6.91985,1.50,1.50
2012.01.17 18:51:34.960,6.91788,6.91972,1.50,2.25
2012.01.17 18:51:36.101,6.91788,6.91972,1.50,2.25
2012.01.17 18:51:36.230,6.91788,6.91972,1.50,2.25
2012.01.17 18:51:37.204,6.91788,6.91972,1.50,2.25
2012.01.17 18:51:37.270,6.91788,6.91972,1.50,2.25
2012.01.17 18:51:37.423,6.91788,6.91972,1.50,2.25
2012.01.17 18:51:37.986,6.91788,6.91972,1.50,2.25
2012.01.17 18:51:38.241,6.91788,6.91972,1.50,1.50
2012.01.17 18:51:42.048,6.91788,6.91972,1.50,2.25
2012.01.17 18:51:47.231,6.91788,6.91972,1.50,2.25
2012.01.17 18:51:51.016,6.91763,6.91946,1.50,1.50
2012.01.17 18:51:51.435,6.91762,6.91942,1.50,1.50
2012.01.17 18:51:51.812,6.91762,6.91943,1.50,1.50
2012.01.17 18:51:52.125,6.91762,6.91946,1.50,1.50
2012.01.17 18:51:52.384,6.91762,6.91946,1.50,2.25
2012.01.17 18:51:53.429,6.9176,6.91943,1.50,1.50
2012.01.17 18:51:54.135,6.91732,6.91908,1.50,1.50
2012.01.17 18:51:55.121,6.91732,6.91908,1.50,1.50
2012.01.17 18:52:00.814,6.91758,6.91908,1.50,1.50
2012.01.17 18:52:00.883,6.91758,6.91913,1.50,1.50
2012.01.17 18:52:01.538,6.91758,6.91944,1.50,2.25
2012.01.17 18:52:07.494,6.91758,6.91944,1.50,2.25
2012.01.17 18:52:07.802,6.91758,6.91944,1.50,2.25
2012.01.17 18:52:08.053,6.91758,6.91944,1.50,2.25
2012.01.17 18:52:09.062,6.91758,6.91944,1.50,2.25
2012.01.17 18:52:09.211,6.91758,6.91944,1.50,2.25
2012.01.17 18:52:09.386,6.91758,6.91944,1.50,2.25
2012.01.17 18:52:09.836,6.91734,6.91917,1.50,2.25
2012.01.17 18:52:09.905,6.91734,6.91917,1.50,2.25
2012.01.17 18:52:10.225,6.91733,6.91901,1.50,1.50
2012.01.17 18:52:10.647,6.91733,6.91917,1.50,2.25
2012.01.17 18:52:11.299,6.91733,6.91917,1.50,2.25
2012.01.17 18:52:11.612,6.91733,6.9189,1.50,1.50
2012.01.17 18:52:11.922,6.91733,6.9189,1.50,1.50
2012.01.17 18:52:11.993,6.91733,6.9189,1.50,1.50
2012.01.17 18:52:12.703,6.91733,6.9189,1.50,1.50
2012.01.17 18:52:18.945,6.91733,6.91907,1.50,1.50
2012.01.17 18:52:19.255,6.91709,6.91886,1.50,2.25
2012.01.17 18:52:19.322,6.917,6.91886,1.50,2.25
2012.01.17 18:52:19.397,6.917,6.91886,1.50,2.25
2012.01.17 18:52:19.815,6.917,6.9187,1.50,1.50
2012.01.17 18:52:19.889,6.917,6.9187,1.50,1.50
2012.01.17 18:52:20.765,6.917,6.91886,1.50,2.25
2012.01.17 18:52:20.894,6.917,6.91886,1.50,2.25
2012.01.17 18:52:21.083,6.917,6.91886,1.50,2.25
2012.01.17 18:52:22.449,6.917,6.91886,1.50,2.25
2012.01.17 18:52:28.346,6.917,6.91886,1.50,2.25
2012.01.17 18:52:28.614,6.917,6.91886,1.50,2.25
2012.01.17 18:52:30.201,6.917,6.91886,1.50,2.25
2012.01.17 18:52:30.713,6.917,6.91886,1.50,2.25
2012.01.17 18:52:32.193,6.917,6.91886,1.50,2.25
2012.01.17 18:52:35.281,6.917,6.91876,1.50,1.50
2012.01.17 18:52:36.884,6.917,6.91876,1.50,1.50
2012.01.17 18:52:36.973,6.91662,6.91837,1.50,1.50
2012.01.17 18:52:39.925,6.91662,6.91848,1.50,2.25
2012.01.17 18:52:40.893,6.91662,6.91848,1.50,2.25
2012.01.17 18:52:41.263,6.91662,6.91848,1.50,2.25
2012.01.17 18:52:41.556,6.91662,6.91848,1.50,2.25
2012.01.17 18:52:42.360,6.91662,6.91848,1.50,2.25
2012.01.17 18:52:53.263,6.91662,6.91848,1.50,2.25
2012.01.17 18:52:54.583,6.91662,6.91836,1.50,1.50
2012.01.17 18:52:55.454,6.91662,6.91836,1.50,1.50
2012.01.17 18:52:56.772,6.91662,6.91836,1.50,1.50
2012.01.17 18:52:57.991,6.91662,6.91836,1.50,1.50
2012.01.17 18:52:58.811,6.91662,6.91836,1.50,1.50
2012.01.17 18:52:58.974,6.91662,6.91836,1.50,1.50
2012.01.17 18:52:59.925,6.91639,6.91787,1.50,1.50
2012.01.17 18:52:59.991,6.91603,6.91787,1.50,1.50
2012.01.17 18:53:00.181,6.91603,6.91787,1.50,2.25
2012.01.17 18:53:01.122,6.91603,6.91787,1.50,2.25
2012.01.17 18:53:01.672,6.91603,6.91787,1.50,2.25
2012.01.17 18:53:02.430,6.91645,6.91812,1.50,2.25
2012.01.17 18:53:02.682,6.91645,6.91831,1.50,3.00
2012.01.17 18:53:03.001,6.91645,6.91831,1.50,3.00
2012.01.17 18:53:04.376,6.91645,6.91831,1.50,3.00
2012.01.17 18:53:05.962,6.91645,6.91831,1.50,3.00
2012.01.17 18:53:07.105,6.91645,6.91831,1.50,3.00
2012.01.17 18:53:07.416,6.9162,6.91804,1.50,2.25
2012.01.17 18:53:07.781,6.9162,6.91797,1.50,1.50
2012.01.17 18:53:07.851,6.9162,6.91797,1.50,1.50
2012.01.17 18:53:07.951,6.9162,6.91797,1.50,1.50
2012.01.17 18:53:08.497,6.91646,6.91797,1.50,1.50
2012.01.17 18:53:15.943,6.91618,6.91797,1.50,1.50
2012.01.17 18:53:16.471,6.91618,6.91802,1.50,3.00
2012.01.17 18:53:16.543,6.91644,6.91813,1.50,1.50
2012.01.17 18:53:17.025,6.91644,6.91813,1.50,1.50
2012.01.17 18:53:17.291,6.91644,6.91813,1.50,1.50
2012.01.17 18:53:18.176,6.91644,6.91813,1.50,1.50
2012.01.17 18:53:18.470,6.91616,6.91802,1.50,2.25
2012.01.17 18:53:19.776,6.91616,6.91802,1.50,2.25
2012.01.17 18:53:19.841,6.91643,6.91813,1.50,1.50
2012.01.17 18:53:20.937,6.91643,6.91813,1.50,1.50
2012.01.17 18:53:21.003,6.91643,6.91827,1.50,2.25
2012.01.17 18:53:24.015,6.91643,6.91827,1.50,2.25
2012.01.17 18:53:24.323,6.91618,6.91784,1.50,1.50
2012.01.17 18:53:24.453,6.91616,6.91784,1.50,1.50
2012.01.17 18:53:24.651,6.91616,6.91784,1.50,1.50
2012.01.17 18:53:26.821,6.91616,6.91784,1.50,1.50
2012.01.17 18:53:27.146,6.91616,6.91784,1.50,1.50
2012.01.17 18:53:27.218,6.91651,6.91792,1.50,1.50
2012.01.17 18:53:27.299,6.91651,6.91829,1.50,1.50
2012.01.17 18:53:27.374,6.91651,6.91829,1.50,1.50
2012.01.17 18:53:30.872,6.91651,6.91837,1.50,1.50
2012.01.17 18:53:43.693,6.91651,6.91837,1.50,2.25
2012.01.17 18:53:44.083,6.91651,6.91837,1.50,1.50
2012.01.17 18:53:46.793,6.91651,6.91837,1.50,2.25
2012.01.17 18:53:47.552,6.91651,6.91837,1.50,2.25
2012.01.17 18:53:47.704,6.91624,6.9181,1.50,1.50
2012.01.17 18:54:04.665,6.91654,6.91838,1.50,2.25
2012.01.17 18:54:23.408,6.91654,6.91836,1.50,1.50
2012.01.17 18:54:23.749,6.91654,6.91838,1.50,2.25
2012.01.17 18:54:28.125,6.9166,6.91838,1.50,1.50
2012.01.17 18:54:28.200,6.91684,6.91868,1.50,1.50
2012.01.17 18:54:28.278,6.91711,6.91892,1.50,2.25
2012.01.17 18:54:34.753,6.91711,6.91895,1.50,1.50
2012.01.17 18:55:06.175,6.91738,6.9192,1.50,2.25
2012.01.17 18:55:07.504,6.91738,6.91922,1.50,1.50
2012.01.17 18:55:07.573,6.91764,6.91948,1.50,2.25
2012.01.17 18:55:07.886,6.91791,6.91972,1.50,2.25
2012.01.17 18:55:08.338,6.91791,6.91977,1.50,2.25
2012.01.17 18:55:08.412,6.91791,6.91977,1.50,1.50
2012.01.17 18:55:41.583,6.91791,6.91977,1.50,2.25
2012.01.17 18:55:41.654,6.91768,6.91948,1.50,1.50
2012.01.17 18:55:41.723,6.91762,6.91948,1.50,1.50
2012.01.17 18:55:46.125,6.91762,6.91948,1.50,2.25
2012.01.17 18:56:05.701,6.91737,6.91921,1.50,1.50
2012.01.17 18:56:06.792,6.91737,6.91921,1.50,2.25
2012.01.17 18:56:20.475,6.9171,6.91894,1.50,1.50
2012.01.17 18:56:22.349,6.9171,6.91894,1.50,2.25
2012.01.17 18:56:23.039,6.9171,6.91894,1.50,1.50
2012.01.17 18:56:26.825,6.9171,6.91894,1.50,2.25
2012.01.17 18:57:04.530,6.9171,6.91894,1.50,2.25
2012.01.17 18:57:04.600,6.91681,6.91865,1.50,1.50
2012.01.17 18:57:25.430,6.91709,6.91893,1.50,2.25
2012.01.17 18:57:25.692,6.91709,6.91893,1.50,1.50
2012.01.17 18:57:35.782,6.9174,6.91924,1.50,2.25
2012.01.17 18:57:38.037,6.9174,6.91924,1.50,1.50
2012.01.17 18:57:38.324,6.91766,6.9195,1.50,2.25
2012.01.17 18:57:38.399,6.91766,6.9195,1.50,1.50
2012.01.17 18:57:43.198,6.91767,6.9195,1.50,1.50
2012.01.17 18:57:43.322,6.91791,6.91977,1.50,1.50
2012.01.17 18:57:46.485,6.91767,6.91933,1.50,1.50
2012.01.17 18:57:46.551,6.91749,6.91933,2.25,1.50
2012.01.17 18:57:46.804,6.91749,6.91933,1.50,1.50
2012.01.17 18:57:48.772,6.91751,6.91933,1.50,1.50
2012.01.17 18:57:48.845,6.91775,6.91959,1.50,1.50
2012.01.17 18:58:06.406,6.91775,6.91959,1.50,2.25
2012.01.17 18:58:06.773,6.91744,6.91928,1.50,1.50
2012.01.17 18:58:09.398,6.91745,6.91928,1.50,1.50
2012.01.17 18:58:09.463,6.9177,6.91954,1.50,1.50
2012.01.17 18:58:15.094,6.91804,6.91988,1.50,1.50
2012.01.17 18:58:19.669,6.91804,6.91982,1.50,1.50
2012.01.17 18:58:19.745,6.91772,6.91958,1.50,1.50
2012.01.17 18:58:20.284,6.91746,6.91932,1.50,1.50
2012.01.17 18:58:22.103,6.91772,6.91956,1.50,1.50
2012.01.17 18:58:22.176,6.91772,6.91958,1.50,1.50
2012.01.17 18:58:23.014,6.91802,6.91982,1.50,1.50
2012.01.17 18:58:23.141,6.91802,6.91986,1.50,1.50
2012.01.17 18:58:23.821,6.91776,6.9196,1.50,1.50
2012.01.17 18:58:40.803,6.91777,6.9196,1.50,1.50
2012.01.17 18:58:41.142,6.91802,6.91986,1.50,2.25
2012.01.17 18:58:42.452,6.91802,6.91986,1.50,1.50
2012.01.17 18:58:50.018,6.91802,6.91962,1.50,1.50
2012.01.17 18:58:50.085,6.91753,6.91939,1.50,1.50
2012.01.17 18:58:53.396,6.91785,6.91971,1.50,1.50
2012.01.17 18:58:57.158,6.9176,6.91944,1.50,1.50
2012.01.17 18:58:57.563,6.91786,6.9197,1.50,1.50
2012.01.17 18:59:02.276,6.91812,6.91996,1.50,2.25
2012.01.17 18:59:02.354,6.91812,6.91996,1.50,1.50
2012.01.17 18:59:03.961,6.91783,6.91967,1.50,1.50
2012.01.17 18:59:20.002,6.91808,6.91994,1.50,1.50
2012.01.17 18:59:27.128,6.91784,6.91967,1.50,1.50
2012.01.17 18:59:27.819,6.91783,6.91967,1.50,1.50
2012.01.17 18:59:31.274,6.91783,6.91967,1.50,2.25
2012.01.17 18:59:32.863,6.91783,6.91967,1.50,1.50
2012.01.17 18:59:42.521,6.91754,6.91938,1.50,1.50
2012.01.17 18:59:50.353,6.91754,6.91938,1.50,2.25
2012.01.17 18:59:50.601,6.91711,6.91895,1.50,1.50
2012.01.17 18:59:51.114,6.91711,6.91895,1.50,2.25
