2012.01.19 21:00:00.054,6.7545,6.75633,1.50,2.25
2012.01.19 21:00:00.366,6.75473,6.75633,1.50,0.75
2012.01.19 21:00:00.494,6.75254,6.75633,0.75,0.75
2012.01.19 21:00:00.833,6.75261,6.75633,0.75,0.75
2012.01.19 21:00:01.371,6.75261,6.75662,0.75,0.75
2012.01.19 21:00:01.494,6.75312,6.75672,0.75,0.75
2012.01.19 21:00:01.803,6.75352,6.75673,0.75,0.83
2012.01.19 21:00:01.923,6.75352,6.75673,0.75,0.75
2012.01.19 21:00:02.204,6.75352,6.75682,0.75,0.75
2012.01.19 21:00:02.455,6.75352,6.75699,0.75,0.44
2012.01.19 21:00:02.895,6.75352,6.75709,0.75,0.27
2012.01.19 21:00:03.962,6.75352,6.75712,0.75,0.75
2012.01.19 21:00:04.474,6.75352,6.75722,0.75,0.75
2012.01.19 21:00:04.563,6.75368,6.75722,0.75,0.75
2012.01.19 21:00:05.123,6.75368,6.75682,0.75,0.30
2012.01.19 21:00:05.243,6.75368,6.75703,0.75,0.93
2012.01.19 21:00:05.663,6.75368,6.75713,0.75,0.75
2012.01.19 21:00:06.266,6.75368,6.75733,0.75,0.83
2012.01.19 21:00:06.408,6.75419,6.75733,0.75,0.83
2012.01.19 21:00:06.773,6.75419,6.75762,0.75,0.27
2012.01.19 21:00:07.215,6.75419,6.75769,0.75,0.18
2012.01.19 21:00:07.342,6.75419,6.75773,0.75,0.83
2012.01.19 21:00:07.843,6.75419,6.75769,0.75,0.21
2012.01.19 21:00:08.204,6.7548,6.75774,0.75,0.28
2012.01.19 21:00:08.678,6.75478,6.75813,0.75,0.83
2012.01.19 21:00:08.972,6.75437,6.75815,1.50,0.15
2012.01.19 21:00:09.093,6.75437,6.75802,0.75,0.75
2012.01.19 21:00:09.699,6.75457,6.75812,0.75,0.83
2012.01.19 21:00:09.967,6.75457,6.75802,0.75,0.75
2012.01.19 21:00:10.034,6.75457,6.75813,0.75,0.83
2012.01.19 21:00:10.889,6.75457,6.75782,0.75,0.75
2012.01.19 21:00:11.351,6.75457,6.75773,0.75,0.75
2012.01.19 21:00:11.612,6.75457,6.75783,0.75,0.75
2012.01.19 21:00:11.863,6.75457,6.75773,0.75,0.75
2012.01.19 21:00:12.112,6.75457,6.75782,0.75,0.75
2012.01.19 21:00:12.443,6.75457,6.75772,0.75,0.75
2012.01.19 21:00:13.545,6.75457,6.75783,0.75,0.75
2012.01.19 21:00:13.612,6.75457,6.75792,0.75,0.75
2012.01.19 21:00:13.984,6.75457,6.75782,0.75,0.75
2012.01.19 21:00:14.333,6.75457,6.75803,0.75,0.95
2012.01.19 21:00:14.514,6.75498,6.75803,0.75,0.20
2012.01.19 21:00:15.016,6.75498,6.75813,0.75,0.75
2012.01.19 21:00:15.646,6.75498,6.75822,0.75,0.75
2012.01.19 21:00:16.112,6.75498,6.75813,0.75,0.75
2012.01.19 21:00:17.002,6.75498,6.75803,0.75,0.75
2012.01.19 21:00:17.061,6.75498,6.75813,0.75,0.75
2012.01.19 21:00:17.202,6.75498,6.75813,0.75,0.83
2012.01.19 21:00:17.401,6.75498,6.75813,0.75,0.75
2012.01.19 21:00:18.382,6.75498,6.75792,0.75,0.75
2012.01.19 21:00:18.688,6.75498,6.75783,0.75,0.75
2012.01.19 21:00:19.213,6.75498,6.75793,0.75,0.75
2012.01.19 21:00:19.595,6.75498,6.75802,0.75,0.75
2012.01.19 21:00:19.814,6.75498,6.75823,0.75,0.83
2012.01.19 21:00:20.283,6.75498,6.75823,0.75,0.75
2012.01.19 21:00:20.343,6.75498,6.75832,0.75,0.83
2012.01.19 21:00:20.653,6.75498,6.75832,0.75,0.75
2012.01.19 21:00:21.072,6.75498,6.75843,1.13,0.75
2012.01.19 21:00:21.677,6.75498,6.75853,0.75,0.75
2012.01.19 21:00:21.871,6.75498,6.75843,0.75,0.75
2012.01.19 21:00:22.175,6.75509,6.75845,0.75,0.21
2012.01.19 21:00:22.302,6.75509,6.75853,0.75,0.75
2012.01.19 21:00:22.483,6.75509,6.75843,0.75,0.75
2012.01.19 21:00:22.603,6.75509,6.75853,0.75,0.75
2012.01.19 21:00:22.942,6.75528,6.75853,0.75,0.75
2012.01.19 21:00:23.252,6.75528,6.75843,0.75,0.75
2012.01.19 21:00:23.593,6.75528,6.75853,0.75,0.75
2012.01.19 21:00:23.652,6.75509,6.75842,0.75,0.75
2012.01.19 21:00:23.831,6.75509,6.75853,0.75,0.75
2012.01.19 21:00:23.891,6.75509,6.75843,0.75,0.75
2012.01.19 21:00:24.356,6.75509,6.75852,0.75,0.75
2012.01.19 21:00:24.862,6.75509,6.75843,0.75,0.75
2012.01.19 21:00:25.613,6.75509,6.75852,0.75,0.75
2012.01.19 21:00:25.854,6.75509,6.75863,0.75,0.75
2012.01.19 21:00:25.922,6.7555,6.75863,0.75,0.75
2012.01.19 21:00:26.043,6.7555,6.75872,0.75,0.75
2012.01.19 21:00:26.162,6.7555,6.75872,0.83,0.75
2012.01.19 21:00:26.357,6.7555,6.75872,0.75,0.75
2012.01.19 21:00:26.785,6.7555,6.75882,0.75,0.75
2012.01.19 21:00:27.251,6.7555,6.75873,0.75,0.75
2012.01.19 21:00:27.663,6.7555,6.75882,0.75,0.75
2012.01.19 21:00:28.382,6.7555,6.75873,0.75,0.75
2012.01.19 21:00:28.442,6.7555,6.75882,0.75,0.75
2012.01.19 21:00:28.561,6.7555,6.75872,0.75,0.75
2012.01.19 21:00:29.434,6.7555,6.75883,0.75,0.75
2012.01.19 21:00:30.702,6.756,6.75903,0.75,0.83
2012.01.19 21:00:30.828,6.756,6.75907,0.75,0.19
2012.01.19 21:00:30.894,6.756,6.75912,0.75,0.83
2012.01.19 21:00:31.111,6.756,6.75912,0.75,0.75
2012.01.19 21:00:32.333,6.756,6.75912,0.75,0.83
2012.01.19 21:00:32.394,6.756,6.75912,0.75,0.83
2012.01.19 21:00:32.452,6.756,6.75903,0.75,0.75
2012.01.19 21:00:33.744,6.756,6.75912,0.75,0.83
2012.01.19 21:00:34.171,6.756,6.75922,0.75,0.75
2012.01.19 21:00:35.693,6.756,6.75913,0.75,0.75
2012.01.19 21:00:36.794,6.756,6.75922,0.75,0.75
2012.01.19 21:00:38.614,6.756,6.75912,0.75,0.75
2012.01.19 21:00:39.202,6.756,6.75923,0.75,0.75
2012.01.19 21:00:39.652,6.756,6.75912,0.75,0.75
2012.01.19 21:00:41.639,6.756,6.75922,0.75,0.75
2012.01.19 21:00:41.702,6.756,6.75933,0.75,0.75
2012.01.19 21:00:43.069,6.7564,6.75942,0.75,0.75
2012.01.19 21:00:43.192,6.7564,6.75953,0.75,0.83
2012.01.19 21:00:43.253,6.7564,6.75953,0.75,0.75
2012.01.19 21:00:43.493,6.7564,6.75963,0.75,0.83
2012.01.19 21:00:43.753,6.7564,6.75963,0.75,0.75
2012.01.19 21:00:44.334,6.75658,6.75963,0.15,0.75
2012.01.19 21:00:45.973,6.75658,6.75973,0.15,0.75
2012.01.19 21:00:46.515,6.75658,6.75997,0.15,0.21
2012.01.19 21:00:46.588,6.7567,6.76013,0.75,0.83
2012.01.19 21:00:46.872,6.75697,6.76013,0.78,0.75
2012.01.19 21:00:46.933,6.75697,6.76022,0.78,0.75
2012.01.19 21:00:47.114,6.7567,6.76022,0.75,0.75
2012.01.19 21:00:47.171,6.7567,6.76013,0.75,0.75
2012.01.19 21:00:47.632,6.7567,6.76023,0.75,0.75
2012.01.19 21:00:47.754,6.75687,6.76023,0.30,0.75
2012.01.19 21:00:50.275,6.75687,6.76012,0.30,0.75
2012.01.19 21:00:50.701,6.75676,6.76012,0.75,0.75
2012.01.19 21:00:51.494,6.75676,6.75993,0.75,0.75
2012.01.19 21:00:52.003,6.75687,6.75993,0.24,0.75
2012.01.19 21:00:55.472,6.75687,6.76002,0.31,0.75
2012.01.19 21:00:56.587,6.75687,6.76012,0.31,0.75
2012.01.19 21:00:56.653,6.75687,6.76003,0.31,0.75
2012.01.19 21:00:56.792,6.75687,6.76013,0.31,0.75
2012.01.19 21:00:57.123,6.75687,6.76003,0.31,0.75
2012.01.19 21:00:57.734,6.75687,6.76013,0.31,0.75
2012.01.19 21:00:58.504,6.75687,6.76002,0.31,0.75
2012.01.19 21:00:58.613,6.75687,6.76013,0.31,0.75
2012.01.19 21:00:59.002,6.75687,6.76003,0.31,0.75
2012.01.19 21:01:00.213,6.75687,6.76013,0.31,0.75
2012.01.19 21:01:00.493,6.75717,6.76013,0.75,0.75
2012.01.19 21:01:00.552,6.75717,6.76045,0.75,0.27
2012.01.19 21:01:00.674,6.75717,6.76054,0.75,0.30
2012.01.19 21:01:00.829,6.75717,6.76063,0.90,0.83
2012.01.19 21:01:02.398,6.75697,6.7608,1.50,1.14
2012.01.19 21:01:02.537,6.75717,6.76084,1.73,1.01
2012.01.19 21:01:03.132,6.75727,6.76085,1.01,1.05
2012.01.19 21:01:03.668,6.75727,6.76085,1.01,1.05
2012.01.19 21:01:03.856,6.75708,6.76105,1.89,1.07
2012.01.19 21:01:03.951,6.75728,6.76105,1.21,1.14
2012.01.19 21:01:04.077,6.75717,6.76119,1.32,1.11
2012.01.19 21:01:05.299,6.75748,6.76118,1.35,1.02
2012.01.19 21:01:05.608,6.75717,6.76113,1.19,1.06
2012.01.19 21:01:06.835,6.75717,6.76078,1.17,1.04
2012.01.19 21:01:07.340,6.75717,6.76118,1.26,1.16
2012.01.19 21:01:07.408,6.75747,6.76118,1.03,1.07
2012.01.19 21:01:07.887,6.75747,6.76118,1.03,1.07
2012.01.19 21:01:07.958,6.75722,6.76124,1.73,1.01
2012.01.19 21:01:08.708,6.75718,6.76124,1.73,1.01
2012.01.19 21:01:08.847,6.75722,6.76124,1.73,1.01
2012.01.19 21:01:09.177,6.75717,6.76124,1.92,1.01
2012.01.19 21:01:09.348,6.75722,6.76124,1.73,1.01
2012.01.19 21:01:10.360,6.75722,6.76124,1.73,1.08
2012.01.19 21:01:10.628,6.75718,6.76124,1.30,1.08
2012.01.19 21:01:10.816,6.75718,6.76124,1.30,1.08
2012.01.19 21:01:11.006,6.75747,6.76129,1.05,1.11
2012.01.19 21:01:11.218,6.75747,6.76129,1.05,1.11
2012.01.19 21:01:11.537,6.75778,6.76137,1.07,1.63
2012.01.19 21:01:11.729,6.75728,6.76137,1.38,1.43
2012.01.19 21:01:11.797,6.75787,6.76137,1.46,1.43
2012.01.19 21:01:11.865,6.75728,6.76133,1.92,1.09
2012.01.19 21:01:12.206,6.75728,6.76133,1.17,1.09
2012.01.19 21:01:13.190,6.75728,6.76133,1.17,1.09
2012.01.19 21:01:13.262,6.75722,6.76123,1.50,1.05
2012.01.19 21:01:14.496,6.75722,6.76102,1.50,1.35
2012.01.19 21:01:14.807,6.75747,6.76093,1.20,1.11
2012.01.19 21:01:15.066,6.75727,6.76093,1.46,1.20
2012.01.19 21:01:15.669,6.75727,6.76102,1.46,1.20
2012.01.19 21:01:16.611,6.75727,6.76093,1.46,1.20
2012.01.19 21:01:17.222,6.75727,6.76137,1.46,1.18
2012.01.19 21:01:17.590,6.75732,6.76188,1.73,1.33
2012.01.19 21:01:17.658,6.75732,6.76188,1.73,1.33
2012.01.19 21:01:17.785,6.75732,6.76188,1.73,1.33
2012.01.19 21:01:17.856,6.75732,6.76183,1.73,1.01
2012.01.19 21:01:17.946,6.75778,6.76183,1.35,1.01
2012.01.19 21:01:19.735,6.75777,6.76173,1.05,1.32
2012.01.19 21:01:20.714,6.75758,6.76173,1.55,1.42
2012.01.19 21:01:23.006,6.75852,6.76183,4.50,1.80
2012.01.19 21:01:23.137,6.75852,6.76183,4.50,1.35
2012.01.19 21:01:23.272,6.75781,6.76192,2.25,1.35
2012.01.19 21:01:23.338,6.75894,6.76238,1.19,1.20
2012.01.19 21:01:23.645,6.75878,6.76223,1.29,1.08
2012.01.19 21:01:24.050,6.75781,6.76223,1.50,1.02
2012.01.19 21:01:24.256,6.75781,6.76228,1.50,1.36
2012.01.19 21:01:24.602,6.75781,6.76223,1.50,1.06
2012.01.19 21:01:27.145,6.75801,6.76246,2.25,1.14
2012.01.19 21:01:27.277,6.75801,6.76243,1.50,1.29
2012.01.19 21:01:27.347,6.75777,6.76213,2.40,1.29
2012.01.19 21:01:27.482,6.75767,6.76213,1.23,1.29
2012.01.19 21:01:28.296,6.75759,6.76213,1.50,1.55
2012.01.19 21:01:28.785,6.75759,6.76192,1.50,1.55
2012.01.19 21:01:28.863,6.75777,6.76192,1.05,1.33
2012.01.19 21:01:29.370,6.75768,6.76162,1.05,1.33
2012.01.19 21:01:29.498,6.75777,6.76193,1.05,1.33
2012.01.19 21:01:31.303,6.75759,6.76193,1.50,1.45
2012.01.19 21:01:31.366,6.75759,6.76193,1.65,1.47
2012.01.19 21:01:31.973,6.75759,6.76172,1.65,1.47
2012.01.19 21:01:32.620,6.75792,6.76172,1.50,1.40
2012.01.19 21:01:34.706,6.75792,6.76193,2.25,1.40
2012.01.19 21:01:35.065,6.75792,6.76198,2.25,2.15
2012.01.19 21:01:35.917,6.75792,6.76198,1.50,2.15
2012.01.19 21:01:36.722,6.75792,6.76198,2.25,2.15
2012.01.19 21:01:36.787,6.75792,6.76198,2.25,2.31
2012.01.19 21:01:37.456,6.75807,6.76133,1.50,1.19
2012.01.19 21:01:38.448,6.75876,6.76157,2.25,1.08
2012.01.19 21:01:38.638,6.75876,6.76155,2.25,1.11
2012.01.19 21:01:39.245,6.75876,6.76164,2.25,1.11
2012.01.19 21:01:39.716,6.75908,6.76208,1.50,1.08
2012.01.19 21:01:40.368,6.75908,6.76199,1.50,1.11
2012.01.19 21:01:40.550,6.75908,6.76199,1.50,1.11
2012.01.19 21:01:41.381,6.75917,6.76174,1.50,1.01
2012.01.19 21:01:41.571,6.75928,6.76205,1.50,1.14
2012.01.19 21:01:42.279,6.75898,6.76176,1.50,1.24
2012.01.19 21:01:42.350,6.75898,6.76188,1.50,1.06
2012.01.19 21:01:43.626,6.75896,6.76188,2.25,1.06
2012.01.19 21:01:43.698,6.75896,6.76188,2.25,1.06
2012.01.19 21:01:47.590,6.75896,6.76188,2.25,1.06
2012.01.19 21:01:47.656,6.75896,6.76188,2.25,1.06
2012.01.19 21:01:48.467,6.75896,6.76188,2.25,1.06
2012.01.19 21:01:48.748,6.75896,6.76188,2.25,1.06
2012.01.19 21:01:49.156,6.75896,6.76188,2.25,1.06
2012.01.19 21:01:49.767,6.75838,6.76106,3.00,1.50
2012.01.19 21:01:50.078,6.75837,6.76076,1.07,1.50
2012.01.19 21:01:50.167,6.75837,6.76076,1.07,1.50
2012.01.19 21:01:50.307,6.75835,6.76076,1.50,1.50
2012.01.19 21:01:51.130,6.75908,6.76186,2.25,1.08
2012.01.19 21:01:51.198,6.75908,6.76169,2.25,1.25
2012.01.19 21:01:51.266,6.75908,6.76172,2.25,1.02
2012.01.19 21:01:51.336,6.75857,6.76113,1.50,1.50
2012.01.19 21:01:52.957,6.75848,6.76082,1.28,1.04
2012.01.19 21:01:53.147,6.75866,6.76052,1.50,1.13
2012.01.19 21:01:53.395,6.75866,6.76052,1.50,1.13
2012.01.19 21:01:54.791,6.75866,6.7599,1.50,1.60
2012.01.19 21:01:55.028,6.75866,6.75992,1.50,1.04
2012.01.19 21:01:55.184,6.75866,6.75992,1.50,1.17
2012.01.19 21:01:55.709,6.75866,6.75992,1.50,1.17
2012.01.19 21:01:56.207,6.75866,6.75968,1.50,1.36
2012.01.19 21:01:56.739,6.75866,6.75968,1.50,1.50
2012.01.19 21:01:56.808,6.75866,6.75993,1.50,1.04
2012.01.19 21:01:56.938,6.75841,6.75993,1.50,1.14
2012.01.19 21:01:57.011,6.75741,6.76013,1.73,1.10
2012.01.19 21:01:57.135,6.75682,6.76029,1.13,2.25
2012.01.19 21:01:57.206,6.75677,6.76029,1.50,2.25
2012.01.19 21:01:57.443,6.75678,6.76029,1.50,2.25
2012.01.19 21:01:57.565,6.75723,6.75961,1.50,1.47
2012.01.19 21:01:57.766,6.75723,6.76023,1.50,1.11
2012.01.19 21:01:57.851,6.75723,6.76023,1.50,1.11
2012.01.19 21:01:58.208,6.75764,6.76043,1.35,1.13
2012.01.19 21:01:58.456,6.75804,6.76155,1.35,1.50
2012.01.19 21:01:58.585,6.75804,6.76155,1.35,2.25
2012.01.19 21:01:58.775,6.75804,6.76155,1.35,2.25
2012.01.19 21:01:59.118,6.75804,6.76155,1.35,2.25
2012.01.19 21:01:59.480,6.75804,6.76102,1.35,1.88
2012.01.19 21:01:59.798,6.75804,6.76063,1.35,1.50
2012.01.19 21:02:00.563,6.75781,6.76072,1.35,1.13
2012.01.19 21:02:01.605,6.75804,6.76072,1.35,1.13
2012.01.19 21:02:03.406,6.75804,6.76053,1.35,1.13
2012.01.19 21:02:03.943,6.75804,6.76053,1.35,1.13
2012.01.19 21:02:04.678,6.75797,6.76043,1.35,1.13
2012.01.19 21:02:05.048,6.75768,6.76043,1.50,1.13
2012.01.19 21:02:06.898,6.75831,6.76043,1.50,1.13
2012.01.19 21:02:11.598,6.75831,6.76053,1.50,1.13
2012.01.19 21:02:11.942,6.75831,6.76052,1.50,1.13
2012.01.19 21:02:20.907,6.75831,6.76042,1.50,1.13
2012.01.19 21:02:21.129,6.75831,6.76042,1.50,1.13
2012.01.19 21:02:26.078,6.75831,6.76042,1.50,1.13
2012.01.19 21:02:26.297,6.75831,6.76042,1.50,1.13
2012.01.19 21:02:26.571,6.75831,6.76042,1.50,1.13
2012.01.19 21:02:26.796,6.75831,6.76042,1.50,1.13
2012.01.19 21:02:27.747,6.75831,6.76042,1.50,1.13
2012.01.19 21:02:28.198,6.75831,6.76042,1.50,1.13
2012.01.19 21:02:31.695,6.75831,6.76062,1.50,1.13
2012.01.19 21:02:31.889,6.75831,6.76062,1.50,1.13
2012.01.19 21:02:32.645,6.75831,6.76062,1.50,1.13
2012.01.19 21:02:32.986,6.75831,6.76062,1.50,1.13
2012.01.19 21:02:34.426,6.75807,6.76062,2.25,1.13
2012.01.19 21:02:35.516,6.75783,6.76062,1.50,1.13
2012.01.19 21:02:36.729,6.75783,6.76062,1.50,1.13
2012.01.19 21:02:36.975,6.75783,6.76062,1.50,1.13
2012.01.19 21:02:38.985,6.75783,6.76062,1.50,1.13
2012.01.19 21:02:39.148,6.75783,6.76062,1.50,1.13
2012.01.19 21:02:40.937,6.75783,6.76062,1.50,1.13
2012.01.19 21:02:44.047,6.75783,6.76063,1.50,1.13
2012.01.19 21:02:44.157,6.75783,6.76063,1.50,1.13
2012.01.19 21:02:48.776,6.75783,6.76063,1.50,1.13
2012.01.19 21:02:49.438,6.75783,6.76063,1.50,1.13
2012.01.19 21:02:52.438,6.75797,6.76063,2.10,1.13
2012.01.19 21:02:53.677,6.75797,6.76063,2.10,1.13
2012.01.19 21:02:54.156,6.75797,6.76063,2.10,1.13
2012.01.19 21:02:54.328,6.75797,6.76063,2.10,1.13
2012.01.19 21:02:54.656,6.75797,6.76063,2.10,1.13
2012.01.19 21:02:54.726,6.75797,6.76063,2.10,1.13
2012.01.19 21:02:55.946,6.75797,6.76063,2.10,1.13
2012.01.19 21:02:58.506,6.75797,6.76063,2.10,1.13
2012.01.19 21:02:59.416,6.75797,6.76063,2.10,1.13
2012.01.19 21:03:03.058,6.75797,6.76063,2.10,1.13
2012.01.19 21:03:03.405,6.75797,6.76063,2.10,1.13
2012.01.19 21:03:03.787,6.75797,6.76063,2.10,1.13
2012.01.19 21:03:03.855,6.75797,6.76063,2.10,1.13
2012.01.19 21:03:06.548,6.75797,6.76063,2.10,1.13
2012.01.19 21:03:08.456,6.75797,6.76063,2.10,1.13
2012.01.19 21:03:09.702,6.75797,6.76063,2.10,1.13
2012.01.19 21:03:11.389,6.75797,6.76063,2.10,1.13
2012.01.19 21:03:11.658,6.75797,6.76063,2.10,1.13
2012.01.19 21:03:12.099,6.75797,6.76083,2.10,1.13
2012.01.19 21:03:12.370,6.75797,6.76083,2.10,1.13
2012.01.19 21:03:15.828,6.75797,6.76083,2.10,1.13
2012.01.19 21:03:19.181,6.75808,6.76083,1.58,1.13
2012.01.19 21:03:21.205,6.75808,6.76082,1.95,1.13
2012.01.19 21:03:21.427,6.75808,6.76082,1.95,1.13
2012.01.19 21:03:21.660,6.75823,6.76082,1.50,1.13
2012.01.19 21:03:21.877,6.75807,6.76082,1.60,1.13
2012.01.19 21:03:22.313,6.75807,6.76082,1.60,1.13
2012.01.19 21:03:22.985,6.75805,6.76082,1.50,1.13
2012.01.19 21:03:23.147,6.75805,6.76082,1.50,1.13
2012.01.19 21:03:23.456,6.75805,6.76083,1.50,1.13
2012.01.19 21:03:23.589,6.75825,6.76083,1.50,1.13
2012.01.19 21:03:23.797,6.75802,6.76083,1.50,1.13
2012.01.19 21:03:23.967,6.75811,6.76083,1.58,1.13
2012.01.19 21:03:24.168,6.75811,6.76083,1.58,1.13
2012.01.19 21:03:24.357,6.75801,6.76083,1.50,1.13
2012.01.19 21:03:25.183,6.75801,6.76082,1.58,1.13
2012.01.19 21:03:26.346,6.75817,6.76082,1.28,1.13
2012.01.19 21:03:27.217,6.75817,6.76082,1.28,1.13
2012.01.19 21:03:27.285,6.75817,6.76082,1.28,1.13
2012.01.19 21:03:27.415,6.75817,6.76082,1.28,1.13
2012.01.19 21:03:28.476,6.75801,6.76082,1.50,1.13
2012.01.19 21:03:28.546,6.75801,6.76082,1.50,1.13
2012.01.19 21:03:28.649,6.75801,6.76082,1.50,1.13
2012.01.19 21:03:28.720,6.75814,6.76083,1.50,1.13
2012.01.19 21:03:29.206,6.75857,6.76082,1.50,1.13
2012.01.19 21:03:29.341,6.75857,6.76098,1.50,2.25
2012.01.19 21:03:29.637,6.75857,6.76098,1.50,2.25
2012.01.19 21:03:29.767,6.75852,6.76098,1.35,2.25
2012.01.19 21:03:29.836,6.75852,6.76098,1.35,2.25
2012.01.19 21:03:30.450,6.75852,6.76098,1.35,2.25
2012.01.19 21:03:30.524,6.75853,6.76098,1.50,2.25
2012.01.19 21:03:30.777,6.75869,6.76098,1.50,2.25
2012.01.19 21:03:31.346,6.75869,6.76098,1.50,2.25
2012.01.19 21:03:32.356,6.75853,6.76098,1.50,2.25
2012.01.19 21:03:32.525,6.75857,6.76098,1.80,2.25
2012.01.19 21:03:32.942,6.75857,6.76098,1.80,2.25
2012.01.19 21:03:36.488,6.75857,6.76142,1.80,1.13
2012.01.19 21:03:36.798,6.75917,6.76163,1.56,1.13
2012.01.19 21:03:36.927,6.75917,6.76163,1.56,1.13
2012.01.19 21:03:37.005,6.75917,6.76163,1.56,1.13
2012.01.19 21:03:37.675,6.75871,6.76163,1.50,1.13
2012.01.19 21:03:39.069,6.75893,6.76172,1.50,1.13
2012.01.19 21:03:39.647,6.75893,6.76172,1.50,1.13
2012.01.19 21:03:39.718,6.75893,6.76172,1.50,1.13
2012.01.19 21:03:39.868,6.75893,6.76172,1.50,1.13
2012.01.19 21:03:40.645,6.75893,6.76152,1.50,1.13
2012.01.19 21:03:40.957,6.75897,6.76152,1.05,1.13
2012.01.19 21:03:41.235,6.75897,6.76152,1.50,1.13
2012.01.19 21:03:41.425,6.75874,6.76153,1.50,1.13
2012.01.19 21:03:41.847,6.75874,6.76153,1.50,1.13
2012.01.19 21:03:42.286,6.75874,6.76153,1.50,1.13
2012.01.19 21:03:42.946,6.75874,6.76152,1.50,1.13
2012.01.19 21:03:43.345,6.75887,6.76153,1.50,1.13
2012.01.19 21:03:43.415,6.75877,6.76153,1.28,1.13
2012.01.19 21:03:43.604,6.75919,6.76153,1.50,1.13
2012.01.19 21:03:43.675,6.75967,6.76153,1.11,1.13
2012.01.19 21:03:43.990,6.76,6.76195,1.11,2.25
2012.01.19 21:03:44.059,6.75968,6.76195,1.34,2.25
2012.01.19 21:03:44.134,6.75967,6.76192,1.29,1.13
2012.01.19 21:03:44.212,6.75865,6.76132,1.11,2.78
2012.01.19 21:03:44.283,6.75818,6.76142,1.50,1.13
2012.01.19 21:03:44.533,6.75818,6.76164,1.58,1.15
2012.01.19 21:03:44.891,6.75818,6.76054,1.50,2.11
2012.01.19 21:03:45.168,6.75807,6.76086,1.50,1.85
2012.01.19 21:03:45.298,6.75817,6.76063,1.50,1.66
2012.01.19 21:03:45.371,6.75817,6.7603,1.50,1.51
2012.01.19 21:03:45.928,6.75817,6.7602,1.50,1.70
2012.01.19 21:03:46.059,6.75817,6.76037,1.50,1.57
2012.01.19 21:03:46.186,6.75817,6.76037,1.50,1.57
2012.01.19 21:03:46.318,6.758,6.76037,1.50,1.57
2012.01.19 21:03:46.388,6.758,6.76009,1.50,1.36
2012.01.19 21:03:46.577,6.758,6.76042,1.50,1.40
2012.01.19 21:03:47.347,6.758,6.76042,1.50,1.40
2012.01.19 21:03:49.097,6.758,6.76007,1.50,1.13
2012.01.19 21:03:49.932,6.758,6.76007,1.50,1.13
2012.01.19 21:03:51.638,6.758,6.76007,1.50,1.13
2012.01.19 21:03:52.235,6.75821,6.76013,1.50,1.53
2012.01.19 21:03:52.305,6.75821,6.76037,1.50,1.45
2012.01.19 21:03:52.375,6.75803,6.76037,1.50,1.45
2012.01.19 21:03:52.847,6.75803,6.76037,1.50,1.45
2012.01.19 21:03:52.915,6.75803,6.76037,1.50,1.45
2012.01.19 21:03:52.985,6.75822,6.76037,1.50,1.45
2012.01.19 21:03:53.229,6.75822,6.76003,1.50,1.04
2012.01.19 21:03:53.299,6.75805,6.76038,1.50,1.32
2012.01.19 21:03:53.399,6.75805,6.76038,1.50,1.32
2012.01.19 21:03:53.718,6.75805,6.76048,1.50,1.78
2012.01.19 21:03:53.787,6.75819,6.76048,1.50,1.78
2012.01.19 21:03:54.874,6.75819,6.76015,1.50,1.34
2012.01.19 21:03:54.935,6.75819,6.76015,1.50,1.34
2012.01.19 21:03:56.865,6.75819,6.76057,1.50,1.45
2012.01.19 21:03:57.289,6.75804,6.76057,1.50,1.45
2012.01.19 21:03:57.600,6.75832,6.76001,1.50,1.03
2012.01.19 21:03:57.674,6.75832,6.76065,1.50,2.25
2012.01.19 21:03:57.800,6.75814,6.76065,1.50,2.25
2012.01.19 21:03:57.929,6.75814,6.76065,1.50,2.25
2012.01.19 21:03:57.998,6.75837,6.76065,1.50,2.25
2012.01.19 21:03:58.387,6.75797,6.76065,1.73,2.25
2012.01.19 21:03:59.717,6.75837,6.76065,1.50,2.25
2012.01.19 21:04:00.368,6.75859,6.76065,1.50,1.50
2012.01.19 21:04:00.731,6.75859,6.76065,1.50,1.50
2012.01.19 21:04:00.892,6.75848,6.76065,1.50,1.50
2012.01.19 21:04:01.098,6.75846,6.76065,1.50,2.25
2012.01.19 21:04:01.235,6.75837,6.76065,1.50,2.25
2012.01.19 21:04:01.813,6.75837,6.76053,1.50,1.43
2012.01.19 21:04:01.876,6.75837,6.76057,1.50,1.45
2012.01.19 21:04:02.608,6.75837,6.76048,1.50,1.33
2012.01.19 21:04:02.946,6.75838,6.76053,1.50,2.31
2012.01.19 21:04:03.467,6.75846,6.76053,1.50,2.31
2012.01.19 21:04:03.640,6.75846,6.76053,1.50,2.31
2012.01.19 21:04:03.707,6.75846,6.76065,1.50,2.48
2012.01.19 21:04:03.860,6.75846,6.76065,1.50,2.48
2012.01.19 21:04:04.228,6.75866,6.76065,1.50,1.73
2012.01.19 21:04:04.643,6.75858,6.76065,1.50,1.50
2012.01.19 21:04:05.179,6.75866,6.76065,1.50,1.50
2012.01.19 21:04:05.306,6.75866,6.76065,1.50,1.73
2012.01.19 21:04:05.656,6.75848,6.76065,1.50,2.36
2012.01.19 21:04:05.927,6.75848,6.76065,1.50,1.50
2012.01.19 21:04:06.718,6.75866,6.76065,1.50,1.50
2012.01.19 21:04:06.948,6.75857,6.76065,1.50,1.50
2012.01.19 21:04:07.768,6.75866,6.76065,1.50,1.50
2012.01.19 21:04:08.516,6.75866,6.76065,1.50,1.50
2012.01.19 21:04:08.930,6.75866,6.76065,1.50,1.50
2012.01.19 21:04:09.768,6.75866,6.76065,1.50,1.50
2012.01.19 21:04:10.131,6.75891,6.76065,1.50,1.50
2012.01.19 21:04:10.353,6.75891,6.76065,1.50,1.50
2012.01.19 21:04:10.701,6.75891,6.76065,1.50,1.50
2012.01.19 21:04:11.221,6.75891,6.76065,1.50,1.50
2012.01.19 21:04:11.575,6.75891,6.76065,1.50,1.50
2012.01.19 21:04:11.649,6.75891,6.76065,1.50,1.50
2012.01.19 21:04:11.898,6.75891,6.76065,1.50,1.50
2012.01.19 21:04:12.146,6.75869,6.76065,1.50,1.50
2012.01.19 21:04:12.461,6.75869,6.76065,1.50,1.50
2012.01.19 21:04:15.189,6.75869,6.76065,1.50,1.50
2012.01.19 21:04:19.716,6.75869,6.76065,1.50,1.50
2012.01.19 21:04:20.474,6.75857,6.76063,1.50,1.24
2012.01.19 21:04:20.700,6.75857,6.76063,1.50,1.24
2012.01.19 21:04:20.908,6.75857,6.76063,1.50,1.24
2012.01.19 21:04:22.660,6.75857,6.76065,1.50,1.50
2012.01.19 21:04:22.787,6.75852,6.76065,1.50,2.25
2012.01.19 21:04:24.214,6.75871,6.76065,1.50,1.50
2012.01.19 21:04:24.345,6.75871,6.76063,1.50,1.24
2012.01.19 21:04:24.514,6.75871,6.76065,1.50,1.50
2012.01.19 21:04:25.287,6.75858,6.76065,1.50,2.95
2012.01.19 21:04:25.968,6.75858,6.76065,1.50,2.95
2012.01.19 21:04:30.156,6.75874,6.76065,1.50,1.50
2012.01.19 21:04:32.427,6.75798,6.76057,1.56,1.56
2012.01.19 21:04:32.556,6.75797,6.76018,1.50,1.56
2012.01.19 21:04:32.858,6.75778,6.76018,1.50,1.56
2012.01.19 21:04:34.221,6.75787,6.76018,1.50,1.56
2012.01.19 21:04:34.413,6.75787,6.75996,1.50,1.38
2012.01.19 21:04:34.477,6.75787,6.76017,1.50,1.38
2012.01.19 21:04:34.611,6.75781,6.76017,1.50,1.38
2012.01.19 21:04:37.520,6.75787,6.76017,1.50,1.38
2012.01.19 21:04:37.646,6.75787,6.76007,1.50,1.61
2012.01.19 21:04:38.074,6.75777,6.76017,1.50,1.27
2012.01.19 21:04:38.959,6.75757,6.76018,1.50,1.41
2012.01.19 21:04:39.268,6.75757,6.75946,1.50,1.02
2012.01.19 21:04:39.403,6.75757,6.75989,1.50,1.59
2012.01.19 21:04:39.467,6.75772,6.75989,1.50,1.59
2012.01.19 21:04:39.938,6.75745,6.75989,1.50,1.59
2012.01.19 21:04:40.482,6.75745,6.75989,1.50,1.59
2012.01.19 21:04:40.889,6.75745,6.75989,1.50,1.59
2012.01.19 21:04:41.637,6.75745,6.75989,1.50,1.59
2012.01.19 21:04:41.706,6.75763,6.75989,1.50,1.59
2012.01.19 21:04:41.993,6.75763,6.75969,1.50,1.26
2012.01.19 21:04:42.056,6.75774,6.76022,1.50,1.36
2012.01.19 21:04:42.438,6.75774,6.76028,1.50,1.43
2012.01.19 21:04:42.748,6.7575,6.76028,1.58,1.43
2012.01.19 21:04:42.822,6.7575,6.76028,1.58,1.43
2012.01.19 21:04:43.149,6.7575,6.75998,1.50,1.29
2012.01.19 21:04:43.730,6.75796,6.76052,1.50,1.59
2012.01.19 21:04:44.108,6.75796,6.75995,1.50,1.17
2012.01.19 21:04:45.595,6.75784,6.76047,1.50,1.59
2012.01.19 21:04:45.662,6.75784,6.76047,1.50,1.59
2012.01.19 21:04:47.239,6.75784,6.76047,1.50,1.59
2012.01.19 21:04:47.357,6.75784,6.76047,1.50,1.59
2012.01.19 21:04:48.899,6.75784,6.76047,1.50,1.59
2012.01.19 21:04:52.478,6.75784,6.76047,1.50,1.59
2012.01.19 21:04:52.870,6.75784,6.76047,1.50,1.59
2012.01.19 21:04:53.192,6.75784,6.76047,1.50,1.59
2012.01.19 21:04:53.876,6.75784,6.76047,1.50,1.20
2012.01.19 21:04:54.340,6.75779,6.76047,1.50,1.20
2012.01.19 21:05:00.399,6.7581,6.76047,1.50,1.20
2012.01.19 21:05:00.464,6.75786,6.76047,1.50,1.20
2012.01.19 21:05:01.051,6.75786,6.76047,1.50,1.20
2012.01.19 21:05:02.664,6.75786,6.76047,1.50,1.20
2012.01.19 21:05:02.725,6.75808,6.76047,1.50,1.20
2012.01.19 21:05:02.855,6.75784,6.76047,1.50,1.20
2012.01.19 21:05:03.195,6.75784,6.76047,1.50,1.20
2012.01.19 21:05:04.405,6.75784,6.76047,1.50,1.20
2012.01.19 21:05:04.669,6.75808,6.76047,1.50,1.20
2012.01.19 21:05:04.906,6.7578,6.76047,1.50,1.20
2012.01.19 21:05:05.317,6.7578,6.76047,1.50,1.20
2012.01.19 21:05:05.835,6.7578,6.76047,1.50,1.20
2012.01.19 21:05:08.187,6.7578,6.76047,1.50,1.20
2012.01.19 21:05:08.327,6.7578,6.76047,1.50,1.20
2012.01.19 21:05:13.209,6.7578,6.76047,1.50,1.20
2012.01.19 21:05:13.337,6.7578,6.76047,1.50,1.20
2012.01.19 21:05:13.405,6.7578,6.76047,1.50,1.20
2012.01.19 21:05:13.540,6.75778,6.76047,1.50,1.20
2012.01.19 21:05:13.623,6.75756,6.76047,1.50,1.20
2012.01.19 21:05:14.196,6.75756,6.76047,1.50,1.20
2012.01.19 21:05:14.265,6.75756,6.76047,1.50,1.20
2012.01.19 21:05:15.519,6.75756,6.76047,1.50,1.20
2012.01.19 21:05:15.587,6.75753,6.76047,1.11,1.20
2012.01.19 21:05:16.398,6.75753,6.76047,1.11,1.20
2012.01.19 21:05:16.952,6.75753,6.76047,1.11,1.20
2012.01.19 21:05:17.941,6.75753,6.76047,1.11,1.20
2012.01.19 21:05:18.214,6.75753,6.76047,1.11,1.20
2012.01.19 21:05:21.739,6.75753,6.76047,1.11,1.20
2012.01.19 21:05:21.970,6.75753,6.76047,1.11,1.20
2012.01.19 21:05:23.107,6.75753,6.76047,1.11,1.20
2012.01.19 21:05:25.088,6.75703,6.75981,1.50,2.25
2012.01.19 21:05:25.159,6.75703,6.75912,1.50,1.65
2012.01.19 21:05:25.581,6.75703,6.75912,1.50,1.65
2012.01.19 21:05:25.706,6.75712,6.75948,1.50,1.32
2012.01.19 21:05:27.417,6.75667,6.75943,1.09,1.46
2012.01.19 21:05:27.487,6.75663,6.75943,1.09,1.46
2012.01.19 21:05:27.739,6.75667,6.75943,1.09,1.46
2012.01.19 21:05:27.810,6.75648,6.75882,1.50,1.26
2012.01.19 21:05:27.878,6.75648,6.75938,1.50,1.56
2012.01.19 21:05:28.347,6.75647,6.75876,1.50,1.50
2012.01.19 21:05:39.117,6.75608,6.75856,1.43,2.25
2012.01.19 21:05:39.312,6.75501,6.75843,1.50,1.46
2012.01.19 21:05:39.439,6.75487,6.75734,1.50,1.29
2012.01.19 21:05:39.691,6.75527,6.75805,1.50,1.59
2012.01.19 21:05:40.507,6.75537,6.75785,1.50,1.08
2012.01.19 21:05:40.724,6.75537,6.75785,1.50,1.64
2012.01.19 21:05:40.917,6.75528,6.75773,1.50,1.15
2012.01.19 21:05:46.613,6.75558,6.75794,1.50,1.30
2012.01.19 21:05:46.863,6.756,6.75846,1.50,1.67
2012.01.19 21:05:46.993,6.756,6.75839,1.50,1.25
2012.01.19 21:05:48.361,6.75584,6.75839,1.50,1.25
2012.01.19 21:05:48.580,6.75584,6.75839,1.50,1.25
2012.01.19 21:05:48.647,6.75584,6.75856,1.50,2.49
2012.01.19 21:05:48.877,6.75584,6.75856,1.50,2.49
2012.01.19 21:05:49.066,6.75584,6.75856,1.50,2.40
2012.01.19 21:05:49.138,6.75584,6.75856,1.50,2.40
2012.01.19 21:05:49.460,6.75602,6.75856,1.50,2.40
2012.01.19 21:05:50.119,6.75602,6.75856,1.50,2.40
2012.01.19 21:05:50.662,6.75607,6.75855,1.50,1.65
2012.01.19 21:05:51.061,6.75587,6.75855,1.50,1.37
2012.01.19 21:05:51.612,6.75568,6.75829,1.50,1.35
2012.01.19 21:05:51.976,6.75568,6.75829,1.50,1.02
2012.01.19 21:05:52.170,6.75568,6.75829,1.50,1.55
2012.01.19 21:05:52.487,6.75568,6.75829,1.50,1.17
2012.01.19 21:05:56.724,6.75588,6.75835,1.50,1.01
2012.01.19 21:05:56.788,6.75588,6.75847,1.50,1.16
2012.01.19 21:05:59.556,6.75588,6.75856,1.50,2.38
2012.01.19 21:05:59.629,6.75588,6.75856,1.50,2.04
2012.01.19 21:05:59.767,6.75588,6.75844,1.50,1.11
2012.01.19 21:05:59.859,6.75588,6.75838,1.50,1.36
2012.01.19 21:06:00.616,6.75578,6.75838,1.50,1.21
2012.01.19 21:06:01.931,6.75547,6.75842,1.50,1.41
2012.01.19 21:06:02.117,6.75557,6.75842,1.50,1.38
2012.01.19 21:06:02.592,6.75557,6.75854,1.50,1.38
2012.01.19 21:06:02.717,6.75568,6.75854,1.50,1.53
2012.01.19 21:06:03.245,6.75568,6.75853,1.50,1.53
2012.01.19 21:06:05.557,6.75548,6.75853,1.50,1.56
2012.01.19 21:06:05.628,6.75548,6.75829,1.50,1.19
2012.01.19 21:06:06.700,6.75509,6.75829,1.50,1.43
2012.01.19 21:06:06.783,6.75509,6.75808,1.50,1.02
2012.01.19 21:06:12.235,6.75509,6.75808,1.50,1.22
2012.01.19 21:06:12.366,6.75509,6.75801,1.50,1.20
2012.01.19 21:06:17.866,6.75509,6.75796,1.50,1.20
2012.01.19 21:06:18.066,6.75462,6.75774,1.50,1.38
2012.01.19 21:06:18.140,6.75462,6.75774,1.50,1.46
2012.01.19 21:06:26.891,6.75506,6.75769,1.50,1.46
2012.01.19 21:06:26.960,6.75506,6.75769,1.50,1.26
2012.01.19 21:06:27.150,6.75506,6.75774,1.50,1.15
2012.01.19 21:06:27.751,6.75506,6.75746,1.50,1.50
2012.01.19 21:06:28.294,6.75506,6.75746,1.50,1.50
2012.01.19 21:06:34.035,6.75506,6.75746,1.50,1.50
2012.01.19 21:06:36.409,6.75506,6.75746,1.50,1.58
2012.01.19 21:06:36.478,6.75462,6.75746,1.50,2.16
2012.01.19 21:06:36.726,6.75462,6.75746,1.50,2.12
2012.01.19 21:06:37.294,6.75453,6.75726,1.50,1.04
2012.01.19 21:06:37.953,6.75453,6.75726,1.50,1.11
2012.01.19 21:06:38.138,6.75453,6.75697,1.50,1.11
2012.01.19 21:06:38.391,6.75453,6.7571,1.50,1.32
2012.01.19 21:06:40.016,6.75405,6.75677,1.50,1.11
2012.01.19 21:06:41.849,6.75405,6.75677,1.50,1.02
2012.01.19 21:06:42.855,6.75359,6.75677,1.50,1.27
2012.01.19 21:06:42.940,6.75362,6.75657,1.50,1.05
2012.01.19 21:06:43.131,6.75384,6.75646,1.50,1.04
2012.01.19 21:06:43.321,6.75384,6.7566,1.50,1.17
2012.01.19 21:06:43.711,6.75384,6.7566,1.50,1.03
2012.01.19 21:06:43.777,6.75384,6.7566,1.50,1.08
2012.01.19 21:06:43.848,6.75384,6.75659,1.50,1.08
2012.01.19 21:06:44.001,6.75384,6.7567,1.50,1.16
2012.01.19 21:06:44.721,6.75384,6.75671,1.50,1.16
2012.01.19 21:06:44.849,6.75384,6.75671,1.50,1.07
2012.01.19 21:06:45.532,6.75384,6.75671,1.50,1.31
2012.01.19 21:06:45.917,6.75384,6.75671,1.50,1.39
2012.01.19 21:06:48.392,6.75384,6.75664,1.50,1.20
2012.01.19 21:06:48.957,6.75384,6.75664,1.50,1.10
2012.01.19 21:06:49.109,6.75384,6.75664,1.50,1.25
2012.01.19 21:06:51.738,6.75384,6.75655,1.50,1.17
2012.01.19 21:06:51.867,6.75384,6.75648,1.50,1.09
2012.01.19 21:06:53.343,6.75384,6.7566,1.50,1.35
2012.01.19 21:06:55.979,6.75384,6.7566,1.50,1.33
2012.01.19 21:06:56.168,6.75384,6.75664,1.50,1.14
2012.01.19 21:06:56.358,6.75384,6.75666,1.50,1.14
2012.01.19 21:06:57.011,6.75384,6.75669,1.50,1.29
2012.01.19 21:06:57.899,6.75384,6.75664,1.50,1.21
2012.01.19 21:06:58.122,6.75384,6.75671,1.50,1.29
2012.01.19 21:06:58.931,6.75357,6.75654,1.50,1.08
2012.01.19 21:06:59.006,6.75357,6.75638,1.50,1.03
2012.01.19 21:06:59.394,6.75357,6.75636,1.50,1.17
2012.01.19 21:07:00.009,6.75357,6.75636,1.50,1.52
2012.01.19 21:07:02.298,6.75357,6.75626,1.50,1.23
2012.01.19 21:07:02.642,6.75311,6.75619,1.50,1.02
2012.01.19 21:07:02.776,6.75311,6.75619,1.50,1.09
2012.01.19 21:07:03.192,6.75311,6.75619,1.50,1.39
2012.01.19 21:07:03.811,6.75311,6.75609,1.50,1.30
2012.01.19 21:07:06.220,6.75311,6.75596,1.50,1.11
2012.01.19 21:07:06.322,6.75311,6.75573,1.50,1.04
2012.01.19 21:07:06.451,6.75311,6.75522,1.50,1.02
2012.01.19 21:07:06.703,6.75311,6.75541,1.50,1.23
2012.01.19 21:07:07.984,6.75311,6.75541,1.50,1.24
2012.01.19 21:07:08.249,6.75311,6.75541,1.50,1.36
2012.01.19 21:07:08.533,6.75311,6.75541,1.50,1.11
2012.01.19 21:07:09.680,6.75311,6.75541,1.50,1.17
2012.01.19 21:07:09.958,6.75311,6.75541,1.50,1.03
2012.01.19 21:07:11.362,6.75311,6.75532,1.50,1.12
2012.01.19 21:07:11.699,6.75311,6.75543,1.50,1.08
2012.01.19 21:07:14.067,6.75311,6.7554,1.50,1.21
2012.01.19 21:07:14.161,6.75311,6.75529,1.50,1.05
2012.01.19 21:07:14.379,6.75311,6.75541,1.50,1.21
2012.01.19 21:07:15.477,6.75311,6.7557,1.50,1.66
2012.01.19 21:07:15.955,6.75311,6.75606,1.50,1.05
2012.01.19 21:07:16.017,6.75311,6.75591,1.50,1.11
2012.01.19 21:07:24.511,6.75311,6.75603,1.50,1.31
2012.01.19 21:07:24.581,6.75311,6.75603,1.50,1.02
2012.01.19 21:07:24.937,6.75354,6.75603,1.50,1.44
2012.01.19 21:07:25.362,6.75354,6.7558,1.50,1.05
2012.01.19 21:07:25.437,6.75354,6.75599,1.50,1.01
2012.01.19 21:07:25.649,6.75354,6.75597,1.50,1.08
2012.01.19 21:07:25.718,6.75354,6.75589,1.50,1.08
2012.01.19 21:07:26.570,6.75354,6.75589,1.50,1.08
2012.01.19 21:07:26.879,6.75358,6.75608,1.50,1.23
2012.01.19 21:07:26.950,6.75359,6.75646,1.50,2.61
2012.01.19 21:07:27.079,6.75359,6.75646,1.50,2.61
2012.01.19 21:07:27.620,6.75359,6.75646,1.50,1.86
2012.01.19 21:07:27.942,6.75359,6.75646,1.50,2.00
2012.01.19 21:07:28.660,6.75359,6.75646,1.50,1.92
2012.01.19 21:07:28.732,6.75354,6.75646,1.50,1.83
2012.01.19 21:07:29.084,6.75354,6.75645,1.50,1.26
2012.01.19 21:07:29.150,6.75354,6.75631,1.50,1.06
2012.01.19 21:07:29.219,6.75354,6.75623,1.50,1.01
2012.01.19 21:07:29.594,6.75353,6.75646,1.50,2.11
2012.01.19 21:07:30.075,6.75353,6.75646,1.50,1.89
2012.01.19 21:07:30.422,6.75353,6.75646,1.50,1.77
2012.01.19 21:07:30.621,6.75371,6.7564,1.50,1.12
2012.01.19 21:07:30.724,6.75371,6.75646,1.50,1.95
2012.01.19 21:07:33.300,6.75385,6.75646,1.50,1.77
2012.01.19 21:07:34.048,6.75385,6.75646,1.50,1.86
2012.01.19 21:07:34.118,6.75385,6.75646,1.50,1.93
2012.01.19 21:07:34.187,6.75385,6.75646,1.50,1.95
2012.01.19 21:07:35.209,6.75385,6.75646,1.50,2.06
2012.01.19 21:07:35.525,6.75354,6.75626,1.50,1.17
2012.01.19 21:07:35.837,6.75354,6.75625,1.50,1.11
2012.01.19 21:07:36.710,6.75354,6.75643,1.50,1.41
2012.01.19 21:07:36.902,6.75354,6.75643,1.50,1.23
2012.01.19 21:07:36.968,6.75354,6.75646,1.50,1.98
2012.01.19 21:07:37.039,6.75354,6.75646,1.50,1.58
2012.01.19 21:07:37.230,6.75354,6.75646,1.50,1.78
2012.01.19 21:07:38.792,6.75354,6.75646,1.50,2.19
2012.01.19 21:07:38.943,6.75354,6.7561,1.50,1.23
2012.01.19 21:07:39.161,6.75354,6.75637,1.50,1.52
2012.01.19 21:07:39.700,6.75354,6.75637,1.50,1.33
2012.01.19 21:07:49.218,6.75354,6.75628,1.50,1.04
2012.01.19 21:07:49.476,6.75354,6.75643,1.50,1.47
2012.01.19 21:07:49.632,6.75354,6.75643,1.50,1.35
2012.01.19 21:07:51.491,6.75354,6.75628,1.50,1.50
2012.01.19 21:07:51.667,6.75354,6.75628,1.50,1.07
2012.01.19 21:07:51.736,6.75354,6.75644,1.50,1.51
2012.01.19 21:07:52.087,6.75354,6.75646,1.50,2.26
2012.01.19 21:07:52.587,6.75419,6.75646,1.50,1.50
2012.01.19 21:07:53.238,6.75419,6.75646,1.50,1.50
2012.01.19 21:07:59.521,6.75419,6.7569,1.50,1.23
2012.01.19 21:08:06.122,6.75419,6.75677,1.50,1.08
2012.01.19 21:08:06.188,6.75376,6.75667,1.50,1.58
2012.01.19 21:08:06.257,6.75376,6.75652,1.50,1.58
2012.01.19 21:08:06.327,6.75376,6.75649,1.50,1.13
2012.01.19 21:08:06.987,6.75376,6.75642,1.50,1.04
2012.01.19 21:08:07.508,6.75376,6.75633,1.50,1.04
2012.01.19 21:08:07.674,6.75376,6.75665,1.50,1.52
2012.01.19 21:08:07.856,6.75376,6.75665,1.50,1.32
2012.01.19 21:08:08.729,6.75376,6.75666,1.50,1.08
2012.01.19 21:08:08.937,6.75376,6.75665,1.50,1.02
2012.01.19 21:08:09.748,6.75423,6.75681,1.50,1.21
2012.01.19 21:08:14.183,6.75378,6.75652,1.50,1.03
2012.01.19 21:08:14.673,6.75378,6.75634,1.50,1.12
2012.01.19 21:08:14.737,6.75378,6.75634,1.50,1.12
2012.01.19 21:08:16.922,6.75378,6.75634,1.50,1.12
2012.01.19 21:08:16.991,6.75333,6.75634,1.35,1.12
2012.01.19 21:08:17.059,6.75322,6.75612,1.50,1.58
2012.01.19 21:08:17.126,6.75322,6.75611,1.50,1.12
2012.01.19 21:08:17.702,6.75322,6.75606,1.50,1.05
2012.01.19 21:08:17.784,6.75322,6.75595,1.50,1.34
2012.01.19 21:08:17.991,6.75322,6.75595,1.50,1.02
2012.01.19 21:08:18.238,6.75322,6.75608,1.50,1.13
2012.01.19 21:08:21.892,6.7537,6.75608,1.50,1.03
2012.01.19 21:08:21.956,6.7537,6.75627,1.50,1.32
2012.01.19 21:08:22.089,6.7537,6.75627,1.50,1.22
2012.01.19 21:08:26.678,6.7537,6.75627,1.50,1.16
2012.01.19 21:08:28.708,6.7537,6.75616,1.50,1.02
2012.01.19 21:08:28.776,6.7537,6.75613,1.50,1.07
2012.01.19 21:08:28.986,6.7537,6.75625,1.50,1.08
2012.01.19 21:08:33.339,6.7537,6.75637,1.50,1.27
2012.01.19 21:08:33.496,6.7537,6.75637,1.50,1.20
2012.01.19 21:08:33.748,6.7537,6.75653,1.50,1.27
2012.01.19 21:08:33.915,6.7537,6.75656,1.50,1.01
2012.01.19 21:08:37.244,6.7537,6.75663,1.50,1.08
2012.01.19 21:08:37.546,6.75387,6.75663,1.50,1.02
2012.01.19 21:08:37.677,6.75387,6.75693,1.50,1.56
2012.01.19 21:08:37.768,6.75387,6.75714,1.50,1.20
2012.01.19 21:08:37.874,6.75415,6.75714,1.11,1.13
2012.01.19 21:08:38.347,6.75415,6.75714,1.11,1.13
2012.01.19 21:08:39.359,6.75415,6.75714,1.11,1.13
2012.01.19 21:08:39.855,6.75398,6.75694,1.11,1.02
2012.01.19 21:08:40.588,6.75398,6.75694,1.11,1.02
2012.01.19 21:08:40.827,6.75398,6.75715,1.11,1.08
2012.01.19 21:08:41.317,6.75417,6.75725,1.11,1.20
2012.01.19 21:08:43.407,6.75417,6.75725,1.11,1.20
2012.01.19 21:08:43.626,6.75417,6.75725,1.11,1.20
2012.01.19 21:08:44.007,6.75417,6.75725,1.11,1.20
2012.01.19 21:08:45.246,6.75416,6.75713,1.50,1.65
2012.01.19 21:08:45.375,6.75416,6.7571,1.50,1.45
2012.01.19 21:08:45.881,6.75437,6.7571,1.50,1.61
2012.01.19 21:08:48.649,6.75418,6.7571,1.50,1.48
2012.01.19 21:08:48.870,6.75418,6.7571,1.50,1.68
2012.01.19 21:08:49.006,6.75418,6.757,1.50,1.68
2012.01.19 21:08:50.435,6.75418,6.75716,1.50,1.68
2012.01.19 21:08:50.506,6.75418,6.75716,1.50,1.62
2012.01.19 21:08:50.669,6.75418,6.75716,1.50,1.45
2012.01.19 21:08:50.737,6.75418,6.75698,1.50,1.45
2012.01.19 21:08:55.746,6.75416,6.75727,1.50,1.45
2012.01.19 21:08:55.815,6.75416,6.75727,1.50,1.29
2012.01.19 21:08:56.511,6.75308,6.75704,1.52,1.05
2012.01.19 21:08:56.594,6.75304,6.75643,1.11,1.14
2012.01.19 21:08:56.781,6.75304,6.75643,1.11,1.14
2012.01.19 21:08:56.850,6.75304,6.75643,1.11,1.89
2012.01.19 21:08:57.196,6.75299,6.75632,1.50,1.03
2012.01.19 21:08:59.141,6.75319,6.75633,1.50,1.17
2012.01.19 21:08:59.208,6.75319,6.75633,1.50,1.17
2012.01.19 21:09:00.147,6.75267,6.75564,1.56,1.50
2012.01.19 21:09:00.289,6.75253,6.75564,1.11,1.50
2012.01.19 21:09:00.359,6.75245,6.75564,1.50,1.58
2012.01.19 21:09:00.560,6.75245,6.75562,1.50,1.30
2012.01.19 21:09:02.479,6.75245,6.75544,1.50,2.47
2012.01.19 21:09:03.701,6.75247,6.75544,1.50,1.58
2012.01.19 21:09:04.734,6.75237,6.75544,1.50,1.65
2012.01.19 21:09:05.061,6.75174,6.75482,1.50,1.09
2012.01.19 21:09:05.131,6.75174,6.75482,1.50,1.09
2012.01.19 21:09:05.379,6.75174,6.75482,1.50,1.25
2012.01.19 21:09:06.521,6.75174,6.75471,1.50,1.11
2012.01.19 21:09:06.597,6.75174,6.75492,1.50,1.52
2012.01.19 21:09:06.946,6.75178,6.75496,1.50,1.33
2012.01.19 21:09:08.148,6.75178,6.75496,1.50,1.49
2012.01.19 21:09:08.893,6.75252,6.75542,1.50,1.38
2012.01.19 21:09:08.968,6.75226,6.75544,1.11,1.50
2012.01.19 21:09:09.101,6.75226,6.75544,1.11,1.79
2012.01.19 21:09:09.411,6.75178,6.75513,1.50,1.58
2012.01.19 21:09:09.748,6.75178,6.75518,1.50,1.19
2012.01.19 21:09:09.820,6.75178,6.75512,1.50,1.72
2012.01.19 21:09:09.890,6.75198,6.75502,1.50,1.18
2012.01.19 21:09:11.604,6.75198,6.755,1.50,1.18
2012.01.19 21:09:13.899,6.75198,6.75492,1.50,1.22
2012.01.19 21:09:14.103,6.75198,6.75486,1.50,1.20
2012.01.19 21:09:14.719,6.75157,6.75442,1.11,1.50
2012.01.19 21:09:14.865,6.75143,6.75442,1.50,1.74
2012.01.19 21:09:15.049,6.75143,6.75442,1.50,2.01
2012.01.19 21:09:17.252,6.75143,6.75431,1.50,1.05
2012.01.19 21:09:17.326,6.75143,6.75418,1.50,1.31
2012.01.19 21:09:18.088,6.75143,6.75432,1.50,1.47
2012.01.19 21:09:18.551,6.75143,6.75442,1.50,3.42
2012.01.19 21:09:18.618,6.75143,6.75442,1.50,2.67
2012.01.19 21:09:19.742,6.75098,6.75424,1.50,1.74
2012.01.19 21:09:19.873,6.75095,6.75413,1.50,1.21
2012.01.19 21:09:20.615,6.75095,6.7541,1.50,1.05
2012.01.19 21:09:20.782,6.75107,6.75433,1.50,1.62
2012.01.19 21:09:22.969,6.75095,6.75413,1.50,1.32
2012.01.19 21:09:23.040,6.75095,6.75402,1.50,1.99
2012.01.19 21:09:23.231,6.75098,6.75402,1.11,1.17
2012.01.19 21:09:23.302,6.75098,6.75419,1.11,1.11
2012.01.19 21:09:25.709,6.75112,6.75428,1.11,1.02
2012.01.19 21:09:26.151,6.75099,6.75421,1.11,1.05
2012.01.19 21:09:28.350,6.75099,6.75402,1.11,1.16
2012.01.19 21:09:29.581,6.75071,6.75392,1.11,1.02
2012.01.19 21:09:30.055,6.75091,6.75383,1.50,1.02
2012.01.19 21:09:30.126,6.75091,6.75392,1.50,1.02
2012.01.19 21:09:30.259,6.75091,6.75391,1.50,1.02
2012.01.19 21:09:30.583,6.75091,6.75392,1.50,1.02
2012.01.19 21:09:34.369,6.75108,6.75409,1.86,1.09
2012.01.19 21:09:34.440,6.75108,6.75432,1.86,1.46
2012.01.19 21:09:36.774,6.75108,6.75432,1.86,1.46
2012.01.19 21:09:37.110,6.75124,6.75432,1.11,1.42
2012.01.19 21:09:38.417,6.75118,6.75427,1.50,1.42
2012.01.19 21:09:38.488,6.75118,6.75427,1.50,1.62
2012.01.19 21:09:38.811,6.75133,6.75442,1.50,3.82
2012.01.19 21:09:38.879,6.75133,6.75425,1.50,1.35
2012.01.19 21:09:39.516,6.75133,6.75422,1.50,1.20
2012.01.19 21:09:39.778,6.75133,6.75423,1.50,1.20
2012.01.19 21:09:39.851,6.75133,6.75423,1.50,1.14
2012.01.19 21:09:41.705,6.75133,6.75417,1.50,1.07
2012.01.19 21:09:42.789,6.75089,6.75417,1.11,1.07
2012.01.19 21:09:44.247,6.75119,6.75433,1.11,1.69
2012.01.19 21:09:44.318,6.75119,6.75442,1.11,2.60
2012.01.19 21:09:50.458,6.75133,6.75442,1.50,2.60
2012.01.19 21:09:50.595,6.75133,6.75442,1.50,2.33
2012.01.19 21:09:52.705,6.75133,6.75442,1.50,2.33
2012.01.19 21:09:52.770,6.75133,6.75442,1.50,2.33
2012.01.19 21:09:53.698,6.75133,6.75442,1.50,1.65
2012.01.19 21:09:53.829,6.75138,6.75442,1.50,2.07
2012.01.19 21:09:53.959,6.75138,6.75442,1.50,1.76
2012.01.19 21:09:56.571,6.75148,6.75441,1.50,1.01
2012.01.19 21:09:57.064,6.75138,6.75442,1.50,1.76
2012.01.19 21:09:57.345,6.75138,6.75442,1.50,1.76
2012.01.19 21:09:57.592,6.75147,6.75442,1.50,1.58
2012.01.19 21:09:57.720,6.75147,6.75442,1.50,1.58
2012.01.19 21:09:58.406,6.75182,6.75442,1.11,1.50
2012.01.19 21:10:00.144,6.75187,6.75442,1.50,1.50
2012.01.19 21:10:09.469,6.75195,6.75512,1.11,1.09
2012.01.19 21:10:09.707,6.7521,6.75532,1.11,1.46
2012.01.19 21:10:10.030,6.75237,6.75546,1.50,2.13
2012.01.19 21:10:10.911,6.75219,6.75542,1.50,1.44
2012.01.19 21:10:11.696,6.75219,6.75532,1.50,1.21
2012.01.19 21:10:11.834,6.75219,6.75532,1.50,1.34
2012.01.19 21:10:11.899,6.75219,6.75532,1.50,1.34
2012.01.19 21:10:12.587,6.75219,6.75542,1.50,2.28
2012.01.19 21:10:13.719,6.75237,6.75546,1.50,2.28
2012.01.19 21:10:14.220,6.75248,6.75546,1.50,2.11
2012.01.19 21:10:14.738,6.75241,6.75546,1.11,2.11
2012.01.19 21:10:17.050,6.75267,6.75546,1.50,2.11
2012.01.19 21:10:19.182,6.75277,6.75546,1.50,1.77
2012.01.19 21:10:19.360,6.75277,6.75546,1.50,1.77
2012.01.19 21:10:19.627,6.75267,6.75546,1.50,2.14
2012.01.19 21:10:20.220,6.75277,6.75546,1.50,1.67
2012.01.19 21:10:20.289,6.75277,6.75546,1.50,1.80
2012.01.19 21:10:20.616,6.75277,6.75546,1.50,1.80
2012.01.19 21:10:20.690,6.75277,6.75546,1.50,1.71
2012.01.19 21:10:20.818,6.75277,6.75546,1.50,1.71
2012.01.19 21:10:20.888,6.75277,6.75546,1.50,1.67
2012.01.19 21:10:22.363,6.75277,6.75546,1.50,1.67
2012.01.19 21:10:23.278,6.75268,6.75546,1.50,1.79
2012.01.19 21:10:23.409,6.75268,6.75546,1.50,2.36
2012.01.19 21:10:35.203,6.75297,6.75546,1.50,2.36
2012.01.19 21:10:35.270,6.75297,6.75546,1.50,1.65
2012.01.19 21:10:35.662,6.75297,6.75546,1.50,1.58
2012.01.19 21:10:35.733,6.75297,6.75546,1.50,1.58
2012.01.19 21:10:35.799,6.75297,6.75546,1.50,1.58
2012.01.19 21:10:36.558,6.75298,6.75546,1.50,1.58
2012.01.19 21:10:37.393,6.75308,6.75546,1.50,1.58
2012.01.19 21:10:37.462,6.75297,6.75546,1.50,1.58
2012.01.19 21:10:37.719,6.75297,6.75546,1.50,1.72
2012.01.19 21:10:38.220,6.75308,6.75546,1.50,1.72
2012.01.19 21:10:38.705,6.75308,6.75546,1.50,1.58
2012.01.19 21:10:38.828,6.75308,6.75546,1.50,1.58
2012.01.19 21:10:39.980,6.75308,6.75546,1.50,1.58
2012.01.19 21:10:40.048,6.75318,6.75546,1.50,1.50
2012.01.19 21:10:51.418,6.75288,6.75546,1.50,1.50
2012.01.19 21:10:51.719,6.75288,6.75546,1.50,1.58
2012.01.19 21:10:56.208,6.75297,6.75546,1.50,1.58
2012.01.19 21:10:58.658,6.75297,6.75546,1.50,1.58
2012.01.19 21:10:59.083,6.75307,6.75546,1.50,1.58
2012.01.19 21:11:02.401,6.75317,6.75546,1.50,1.50
2012.01.19 21:11:02.897,6.75308,6.75546,1.50,1.58
2012.01.19 21:11:05.263,6.75308,6.75546,1.50,1.58
2012.01.19 21:11:05.590,6.75308,6.75546,1.50,1.58
2012.01.19 21:11:21.915,6.75308,6.7559,1.50,1.59
2012.01.19 21:11:21.986,6.75308,6.75576,1.50,1.44
2012.01.19 21:11:27.257,6.75307,6.75594,1.50,1.59
2012.01.19 21:11:27.445,6.75298,6.75594,1.50,1.62
2012.01.19 21:11:27.516,6.75288,6.75581,1.50,1.43
2012.01.19 21:11:27.624,6.75288,6.75581,1.50,1.62
2012.01.19 21:11:29.547,6.75268,6.75567,1.50,1.22
2012.01.19 21:11:29.615,6.75268,6.75567,1.50,1.28
2012.01.19 21:11:29.947,6.75268,6.7554,1.50,1.42
2012.01.19 21:11:30.144,6.7526,6.7554,1.50,1.26
2012.01.19 21:11:31.695,6.7526,6.7554,1.50,1.38
2012.01.19 21:11:31.928,6.7526,6.7554,1.50,1.56
2012.01.19 21:11:34.596,6.75227,6.75517,1.50,1.22
2012.01.19 21:11:34.818,6.75218,6.75517,1.50,1.50
2012.01.19 21:11:35.228,6.75218,6.75517,1.50,1.48
2012.01.19 21:11:35.356,6.75218,6.75493,1.50,1.48
2012.01.19 21:11:37.474,6.75218,6.75508,1.50,1.41
2012.01.19 21:11:37.595,6.75218,6.75508,1.50,1.26
2012.01.19 21:11:39.194,6.75218,6.75508,1.50,1.19
2012.01.19 21:11:45.725,6.75237,6.75508,1.50,1.25
2012.01.19 21:11:45.787,6.75237,6.75525,1.50,1.33
2012.01.19 21:11:46.145,6.75248,6.75543,1.50,1.33
2012.01.19 21:11:48.715,6.75125,6.75464,1.11,1.50
2012.01.19 21:11:48.913,6.751,6.75444,1.50,1.77
2012.01.19 21:11:48.980,6.751,6.75442,1.50,1.41
2012.01.19 21:11:49.230,6.751,6.75433,1.50,1.10
2012.01.19 21:11:49.358,6.751,6.7545,1.50,1.12
2012.01.19 21:11:49.430,6.75108,6.7545,1.11,1.05
2012.01.19 21:11:49.683,6.75073,6.75435,1.11,1.12
2012.01.19 21:11:50.319,6.75065,6.75386,1.11,1.19
2012.01.19 21:11:50.399,6.75065,6.75386,1.11,1.19
2012.01.19 21:11:50.582,6.75065,6.75385,1.11,1.72
2012.01.19 21:11:50.651,6.75065,6.75386,1.11,1.19
2012.01.19 21:11:51.999,6.75095,6.75403,1.50,1.45
2012.01.19 21:11:52.131,6.75095,6.75403,1.50,1.14
2012.01.19 21:11:52.290,6.75095,6.75403,1.50,1.14
2012.01.19 21:11:56.367,6.75107,6.75421,1.50,1.34
2012.01.19 21:11:59.068,6.75107,6.75426,1.50,1.47
2012.01.19 21:12:14.211,6.75095,6.75403,1.50,1.05
2012.01.19 21:12:15.521,6.75095,6.75403,1.50,1.05
2012.01.19 21:12:17.704,6.75095,6.75403,1.50,1.05
2012.01.19 21:12:18.069,6.75095,6.75403,1.50,1.05
2012.01.19 21:12:18.197,6.75095,6.75403,1.50,1.05
2012.01.19 21:12:19.042,6.75095,6.75403,1.50,1.05
2012.01.19 21:12:19.230,6.75095,6.75408,1.50,1.04
2012.01.19 21:12:19.734,6.75104,6.75408,1.11,1.04
2012.01.19 21:12:19.799,6.75104,6.75406,1.11,1.02
2012.01.19 21:12:24.102,6.75104,6.75406,1.11,1.02
2012.01.19 21:12:24.186,6.75041,6.75335,2.25,1.11
2012.01.19 21:12:24.334,6.75029,6.75298,1.50,1.05
2012.01.19 21:12:24.401,6.75029,6.75302,1.50,1.08
2012.01.19 21:12:24.469,6.75029,6.75311,1.50,1.16
2012.01.19 21:12:24.761,6.75029,6.75312,1.50,1.16
2012.01.19 21:12:24.918,6.75029,6.75312,1.50,1.16
2012.01.19 21:12:25.111,6.75029,6.75322,1.50,1.44
2012.01.19 21:12:26.524,6.75029,6.75333,1.50,1.41
2012.01.19 21:12:26.811,6.75029,6.75323,1.50,1.14
2012.01.19 21:12:27.510,6.75029,6.7533,1.50,1.21
2012.01.19 21:12:27.592,6.75029,6.7533,1.50,1.20
2012.01.19 21:12:27.939,6.75029,6.75341,1.50,2.04
2012.01.19 21:12:28.187,6.75029,6.75333,1.50,1.20
2012.01.19 21:12:29.391,6.75029,6.75333,1.50,1.20
2012.01.19 21:12:29.659,6.75029,6.75333,1.50,1.20
2012.01.19 21:12:30.043,6.75029,6.75313,1.50,1.04
2012.01.19 21:12:30.549,6.75029,6.75309,1.50,1.04
2012.01.19 21:12:31.239,6.75029,6.75309,1.50,1.04
2012.01.19 21:12:31.850,6.75029,6.75309,1.50,1.04
2012.01.19 21:12:32.804,6.75029,6.75309,1.50,1.04
2012.01.19 21:12:33.009,6.75029,6.75309,1.50,1.04
2012.01.19 21:12:33.469,6.75029,6.75302,1.50,1.10
2012.01.19 21:12:33.672,6.75029,6.75302,1.50,1.17
2012.01.19 21:12:36.566,6.75011,6.75312,1.50,1.95
2012.01.19 21:12:36.899,6.75011,6.75292,1.50,1.01
2012.01.19 21:12:38.141,6.75011,6.75292,1.50,1.01
2012.01.19 21:12:38.218,6.75011,6.75304,1.50,1.02
2012.01.19 21:12:38.462,6.75011,6.75314,1.50,1.04
2012.01.19 21:12:38.529,6.75011,6.75309,1.50,1.70
2012.01.19 21:12:38.679,6.75004,6.75296,1.50,1.13
2012.01.19 21:12:39.571,6.75003,6.75296,1.50,1.13
2012.01.19 21:12:39.941,6.75003,6.75296,1.50,1.13
2012.01.19 21:12:40.010,6.75003,6.75298,1.50,1.10
2012.01.19 21:12:40.207,6.75003,6.75298,1.50,1.10
2012.01.19 21:12:40.969,6.75003,6.75278,1.50,1.03
2012.01.19 21:12:43.361,6.75015,6.75313,1.50,1.53
2012.01.19 21:12:43.598,6.75031,6.75308,1.50,1.53
2012.01.19 21:12:44.602,6.75031,6.75313,1.50,1.39
2012.01.19 21:12:50.307,6.75019,6.75303,1.50,1.05
2012.01.19 21:12:50.442,6.75019,6.75303,1.50,1.12
2012.01.19 21:12:52.198,6.75019,6.75306,1.50,1.03
2012.01.19 21:12:52.534,6.75019,6.75316,1.50,1.82
2012.01.19 21:12:52.697,6.75019,6.75303,1.50,1.14
2012.01.19 21:12:56.862,6.75007,6.75292,1.50,1.02
2012.01.19 21:12:57.192,6.75007,6.75291,1.50,1.02
2012.01.19 21:12:57.936,6.75007,6.75291,1.50,1.02
2012.01.19 21:12:58.011,6.75007,6.75291,1.50,1.02
2012.01.19 21:12:58.140,6.75007,6.75291,1.50,1.02
2012.01.19 21:12:58.210,6.75007,6.75283,1.50,1.02
2012.01.19 21:12:59.481,6.75007,6.75302,1.50,1.11
2012.01.19 21:12:59.720,6.75007,6.75302,1.50,1.11
2012.01.19 21:12:59.791,6.75007,6.75292,1.50,1.14
2012.01.19 21:13:00.674,6.75007,6.75296,1.50,1.05
2012.01.19 21:13:06.522,6.75007,6.75296,1.50,1.05
2012.01.19 21:13:06.799,6.75007,6.75292,1.50,1.25
2012.01.19 21:13:16.593,6.75007,6.75292,1.50,1.02
2012.01.19 21:13:16.931,6.75007,6.75293,1.50,1.02
2012.01.19 21:13:19.311,6.75007,6.75283,1.50,1.03
2012.01.19 21:13:19.964,6.74975,6.75283,1.50,1.03
2012.01.19 21:13:20.543,6.74975,6.75269,1.50,1.75
2012.01.19 21:13:21.152,6.74975,6.75251,1.50,1.07
2012.01.19 21:13:21.342,6.74959,6.75234,1.50,2.33
2012.01.19 21:13:21.563,6.74959,6.75234,1.50,2.46
2012.01.19 21:13:21.631,6.74959,6.75234,1.50,2.33
2012.01.19 21:13:21.783,6.74959,6.75234,1.50,2.33
2012.01.19 21:13:22.130,6.74959,6.75234,1.50,2.33
2012.01.19 21:13:24.141,6.74959,6.75234,1.50,1.50
2012.01.19 21:13:24.318,6.74959,6.75234,1.50,1.58
2012.01.19 21:13:24.451,6.74959,6.75234,1.50,1.58
2012.01.19 21:13:24.523,6.74959,6.75234,1.50,2.33
2012.01.19 21:13:24.589,6.74959,6.75234,1.50,2.33
2012.01.19 21:13:27.631,6.74959,6.75234,1.50,1.58
2012.01.19 21:13:27.757,6.74959,6.75234,1.65,1.50
2012.01.19 21:13:28.252,6.74959,6.75234,1.65,2.25
2012.01.19 21:13:28.499,6.74959,6.75234,1.65,2.25
2012.01.19 21:13:28.692,6.74959,6.75234,1.65,2.25
2012.01.19 21:13:28.819,6.74959,6.75234,1.65,1.50
2012.01.19 21:13:29.026,6.74959,6.75234,1.65,2.25
2012.01.19 21:13:29.725,6.74954,6.75234,1.41,2.25
2012.01.19 21:13:29.795,6.74954,6.75234,1.41,2.25
2012.01.19 21:13:32.132,6.74954,6.75234,1.41,2.25
2012.01.19 21:13:32.262,6.74954,6.75233,1.41,1.50
2012.01.19 21:13:32.331,6.74954,6.75233,1.41,1.50
2012.01.19 21:13:33.740,6.74954,6.75233,1.41,1.50
2012.01.19 21:13:33.873,6.74954,6.75233,1.41,1.50
2012.01.19 21:13:34.005,6.74954,6.75209,1.41,1.50
2012.01.19 21:13:35.516,6.74954,6.75227,1.41,1.50
2012.01.19 21:13:35.781,6.74954,6.75209,1.41,1.50
2012.01.19 21:13:35.965,6.74954,6.75225,1.41,1.50
2012.01.19 21:13:36.330,6.74954,6.7521,1.41,1.50
2012.01.19 21:13:36.550,6.74954,6.75225,1.41,1.50
2012.01.19 21:13:38.600,6.74954,6.75225,1.41,1.50
2012.01.19 21:13:43.119,6.74954,6.75225,1.41,1.50
2012.01.19 21:13:47.214,6.74954,6.75225,1.41,1.50
2012.01.19 21:13:47.569,6.74954,6.75225,1.41,1.50
2012.01.19 21:13:48.970,6.74954,6.75207,1.41,1.50
2012.01.19 21:13:49.043,6.74954,6.75222,1.41,1.50
2012.01.19 21:13:49.754,6.74954,6.75234,1.41,2.25
2012.01.19 21:13:50.080,6.74954,6.75218,1.41,1.50
2012.01.19 21:13:51.489,6.74954,6.75222,1.41,1.50
2012.01.19 21:13:52.101,6.74954,6.75234,1.41,2.25
2012.01.19 21:13:52.511,6.74954,6.75234,1.41,2.25
2012.01.19 21:13:52.732,6.74954,6.75234,1.41,2.25
2012.01.19 21:13:53.724,6.74954,6.75229,1.41,1.50
2012.01.19 21:13:53.900,6.74954,6.75232,1.41,1.50
2012.01.19 21:13:53.968,6.74954,6.75234,1.41,2.25
2012.01.19 21:13:55.191,6.74954,6.75234,1.41,2.25
2012.01.19 21:13:56.423,6.74954,6.75234,1.41,2.25
2012.01.19 21:13:56.633,6.74954,6.75234,1.41,2.25
2012.01.19 21:13:57.353,6.74954,6.75234,1.41,2.25
2012.01.19 21:13:59.060,6.74954,6.75234,1.41,1.50
2012.01.19 21:13:59.201,6.74954,6.75234,1.41,1.50
2012.01.19 21:14:02.129,6.74954,6.75234,1.41,2.25
2012.01.19 21:14:02.463,6.74954,6.75234,1.41,1.50
2012.01.19 21:14:04.839,6.74987,6.75234,1.50,1.50
2012.01.19 21:14:07.060,6.74998,6.75234,1.50,1.50
2012.01.19 21:14:07.712,6.74998,6.75234,1.50,1.50
2012.01.19 21:14:10.601,6.74998,6.75234,1.50,1.50
2012.01.19 21:14:13.401,6.74998,6.75234,1.50,1.50
2012.01.19 21:14:13.819,6.74998,6.75234,1.50,1.50
2012.01.19 21:14:14.171,6.74998,6.75234,1.50,1.50
2012.01.19 21:14:16.551,6.75023,6.75303,1.50,1.37
2012.01.19 21:14:16.622,6.75023,6.75303,1.50,1.37
2012.01.19 21:14:16.794,6.75023,6.75313,1.50,1.02
2012.01.19 21:14:18.262,6.75023,6.75326,1.50,1.05
2012.01.19 21:14:18.413,6.75023,6.75326,1.50,1.05
2012.01.19 21:14:18.731,6.75023,6.75326,1.50,1.05
2012.01.19 21:14:18.900,6.75023,6.75326,1.50,1.05
2012.01.19 21:14:19.228,6.75023,6.75326,1.50,1.05
2012.01.19 21:14:19.449,6.75023,6.75326,1.50,1.05
2012.01.19 21:14:20.010,6.75023,6.75326,1.50,1.05
2012.01.19 21:14:21.158,6.75023,6.75314,1.50,1.18
2012.01.19 21:14:21.284,6.75023,6.75328,1.50,1.05
2012.01.19 21:14:21.409,6.75023,6.75306,1.50,1.02
2012.01.19 21:14:25.401,6.75023,6.75334,1.50,1.12
2012.01.19 21:14:25.469,6.75023,6.75334,1.50,1.12
2012.01.19 21:14:25.951,6.75023,6.75334,1.50,1.12
2012.01.19 21:14:27.321,6.75023,6.75334,1.50,1.12
2012.01.19 21:14:27.679,6.75023,6.75333,1.50,1.03
2012.01.19 21:14:29.031,6.75044,6.75335,1.50,2.33
2012.01.19 21:14:29.107,6.75032,6.75331,1.11,1.50
2012.01.19 21:14:29.413,6.75027,6.75316,1.50,1.04
2012.01.19 21:14:29.936,6.75027,6.75316,1.50,1.04
2012.01.19 21:14:30.124,6.75027,6.75316,1.50,1.04
2012.01.19 21:14:30.515,6.75027,6.75326,1.50,1.12
2012.01.19 21:14:30.584,6.75038,6.75335,1.11,2.33
2012.01.19 21:14:30.652,6.75038,6.75335,1.11,2.33
2012.01.19 21:14:30.900,6.75038,6.75335,1.11,2.33
2012.01.19 21:14:31.294,6.75038,6.75335,1.11,2.45
2012.01.19 21:14:31.359,6.75038,6.75335,1.11,2.45
2012.01.19 21:14:33.323,6.75036,6.75335,1.50,2.45
2012.01.19 21:14:33.569,6.75036,6.75335,1.50,2.45
2012.01.19 21:14:34.293,6.75036,6.7533,1.50,1.18
2012.01.19 21:14:34.729,6.75036,6.75323,1.50,1.16
2012.01.19 21:14:35.019,6.75036,6.75325,1.50,1.01
2012.01.19 21:14:36.962,6.75036,6.75325,1.50,1.01
2012.01.19 21:14:38.302,6.75036,6.75325,1.50,1.01
2012.01.19 21:14:38.641,6.75036,6.75335,1.50,2.33
2012.01.19 21:14:38.709,6.75047,6.75335,1.11,2.33
2012.01.19 21:14:39.270,6.75036,6.75335,1.50,2.33
2012.01.19 21:14:39.342,6.75036,6.75335,1.50,2.25
2012.01.19 21:14:40.483,6.75051,6.75335,1.50,2.33
2012.01.19 21:14:40.839,6.75051,6.75335,1.50,2.33
2012.01.19 21:14:40.909,6.75051,6.75335,1.50,2.33
2012.01.19 21:14:45.409,6.75051,6.75335,1.50,2.33
2012.01.19 21:14:48.565,6.7506,6.75335,1.50,2.33
2012.01.19 21:14:48.751,6.7506,6.75335,1.50,2.46
2012.01.19 21:14:50.491,6.75031,6.75335,1.50,2.46
2012.01.19 21:14:50.561,6.7503,6.75335,1.11,2.46
2012.01.19 21:14:51.808,6.75007,6.7533,1.11,1.12
2012.01.19 21:14:52.634,6.75002,6.75323,1.50,1.11
2012.01.19 21:14:53.365,6.75002,6.75323,1.50,1.11
2012.01.19 21:14:54.453,6.75002,6.75323,1.50,1.11
2012.01.19 21:14:54.610,6.75023,6.75323,1.50,1.11
2012.01.19 21:14:55.749,6.75023,6.75323,1.65,1.11
2012.01.19 21:14:55.879,6.75091,6.75335,1.43,2.25
2012.01.19 21:14:56.684,6.75091,6.75335,1.43,2.25
2012.01.19 21:14:56.752,6.75091,6.75335,1.43,2.25
2012.01.19 21:14:57.398,6.75111,6.75335,1.43,2.25
2012.01.19 21:15:01.262,6.75111,6.75335,1.43,2.25
2012.01.19 21:15:01.569,6.75111,6.75335,1.43,2.25
2012.01.19 21:15:01.986,6.75111,6.75335,1.43,2.25
2012.01.19 21:15:02.540,6.75111,6.75335,1.43,1.50
2012.01.19 21:15:02.731,6.75111,6.75335,1.43,1.50
2012.01.19 21:15:02.981,6.75111,6.75335,1.43,1.50
2012.01.19 21:15:03.556,6.75111,6.75335,1.43,1.50
2012.01.19 21:15:05.452,6.75111,6.75335,1.43,1.50
2012.01.19 21:15:15.570,6.75115,6.75393,1.26,1.05
2012.01.19 21:15:15.764,6.7512,6.75423,1.65,1.10
2012.01.19 21:15:15.832,6.75143,6.75423,1.11,1.02
2012.01.19 21:15:16.222,6.75134,6.75432,1.50,1.18
2012.01.19 21:15:16.791,6.7518,6.75435,1.11,1.50
2012.01.19 21:15:16.860,6.7518,6.75435,1.11,1.50
2012.01.19 21:15:21.937,6.75202,6.75435,1.11,1.50
2012.01.19 21:15:23.138,6.7522,6.75435,1.11,1.50
2012.01.19 21:15:26.262,6.7522,6.75435,1.11,1.50
2012.01.19 21:15:33.281,6.75208,6.75435,1.50,1.50
2012.01.19 21:15:33.639,6.75233,6.75435,1.11,1.50
2012.01.19 21:15:40.882,6.75215,6.75435,1.11,1.50
2012.01.19 21:15:55.850,6.75224,6.75435,1.11,1.50
2012.01.19 21:15:56.509,6.75198,6.75435,1.11,1.50
2012.01.19 21:16:01.631,6.75202,6.75435,1.11,1.50
2012.01.19 21:16:12.365,6.75202,6.75435,1.11,1.50
2012.01.19 21:16:12.481,6.75202,6.75435,1.11,1.50
2012.01.19 21:16:15.769,6.75202,6.75512,1.11,1.32
2012.01.19 21:16:24.663,6.75226,6.7552,1.11,1.01
2012.01.19 21:16:24.993,6.75226,6.75542,1.11,1.57
2012.01.19 21:16:27.211,6.75218,6.75542,1.50,1.42
2012.01.19 21:16:27.413,6.75231,6.75542,1.11,1.61
2012.01.19 21:16:27.574,6.75218,6.75542,1.50,1.61
2012.01.19 21:16:27.634,6.75218,6.75542,1.50,1.61
2012.01.19 21:16:30.050,6.75258,6.75537,1.50,2.11
2012.01.19 21:16:30.118,6.75258,6.75537,1.50,2.11
2012.01.19 21:16:30.188,6.75258,6.75537,1.50,2.11
2012.01.19 21:16:33.989,6.75252,6.75537,1.11,1.78
2012.01.19 21:16:34.061,6.75247,6.75537,1.50,1.89
2012.01.19 21:16:46.104,6.75287,6.75537,1.50,1.58
2012.01.19 21:16:46.480,6.75287,6.75537,1.50,1.58
2012.01.19 21:16:53.902,6.75252,6.75537,1.50,1.79
2012.01.19 21:16:54.637,6.75228,6.75533,1.11,1.04
2012.01.19 21:16:55.600,6.75228,6.75516,1.11,1.50
2012.01.19 21:16:55.668,6.75228,6.75516,1.11,1.50
2012.01.19 21:16:56.642,6.75228,6.75516,1.11,1.50
2012.01.19 21:16:57.005,6.75228,6.75516,1.11,1.50
2012.01.19 21:16:57.072,6.75249,6.75533,1.11,1.04
2012.01.19 21:16:57.323,6.75249,6.75537,1.11,2.33
2012.01.19 21:16:58.624,6.75269,6.75537,1.11,2.25
2012.01.19 21:16:59.137,6.75269,6.75537,1.11,2.25
2012.01.19 21:16:59.955,6.75269,6.75537,1.11,2.25
2012.01.19 21:17:00.331,6.75254,6.75533,1.11,1.05
2012.01.19 21:17:02.164,6.75254,6.75533,1.11,1.05
2012.01.19 21:17:02.670,6.75288,6.75537,1.50,1.58
2012.01.19 21:17:02.799,6.75288,6.75537,1.50,1.50
2012.01.19 21:17:02.870,6.75298,6.75537,1.50,1.50
2012.01.19 21:17:04.372,6.75317,6.75537,1.11,1.50
2012.01.19 21:17:09.353,6.75291,6.75537,1.11,1.50
2012.01.19 21:17:09.720,6.75291,6.75537,1.11,1.50
2012.01.19 21:17:11.364,6.75285,6.75537,1.11,1.50
2012.01.19 21:17:11.732,6.75285,6.75537,1.11,1.50
2012.01.19 21:17:12.274,6.75306,6.75537,1.11,1.50
2012.01.19 21:17:12.480,6.75287,6.75537,1.11,1.50
2012.01.19 21:17:13.061,6.75287,6.75537,1.11,1.50
2012.01.19 21:17:13.600,6.75325,6.75537,1.11,1.50
2012.01.19 21:17:16.805,6.75325,6.75537,1.11,1.50
2012.01.19 21:17:17.050,6.75299,6.75537,1.11,1.50
2012.01.19 21:17:19.845,6.75281,6.75537,1.11,1.50
2012.01.19 21:17:24.768,6.75288,6.75537,1.50,1.50
2012.01.19 21:17:29.381,6.75308,6.75537,1.11,1.50
2012.01.19 21:17:30.204,6.75318,6.7564,1.50,1.62
2012.01.19 21:17:30.854,6.75308,6.75627,1.11,1.59
2012.01.19 21:17:30.924,6.75307,6.75627,1.50,1.59
2012.01.19 21:17:30.993,6.75262,6.75552,1.50,1.41
2012.01.19 21:17:31.552,6.75237,6.7553,1.11,1.13
2012.01.19 21:17:32.032,6.75238,6.75542,1.50,1.60
2012.01.19 21:17:34.498,6.75238,6.75542,1.50,1.60
2012.01.19 21:17:34.868,6.75242,6.75542,1.11,1.28
2012.01.19 21:17:35.967,6.75258,6.75555,1.50,1.50
2012.01.19 21:17:36.968,6.75242,6.75522,1.11,1.02
2012.01.19 21:17:42.147,6.75242,6.75517,1.11,1.58
2012.01.19 21:17:43.231,6.75242,6.75517,1.11,1.58
2012.01.19 21:17:45.395,6.75242,6.75517,1.11,1.58
2012.01.19 21:17:45.635,6.75242,6.75517,1.11,1.58
2012.01.19 21:17:47.410,6.75221,6.75507,1.11,1.12
2012.01.19 21:17:51.699,6.75221,6.75507,1.11,1.12
2012.01.19 21:17:52.322,6.75221,6.75507,1.11,1.12
2012.01.19 21:17:53.616,6.75221,6.75507,1.11,1.12
2012.01.19 21:17:54.117,6.75221,6.75507,1.11,1.12
2012.01.19 21:17:54.521,6.75221,6.75507,1.11,1.12
2012.01.19 21:17:54.707,6.75234,6.75507,1.11,1.12
2012.01.19 21:17:57.437,6.7525,6.75537,1.11,1.19
2012.01.19 21:17:59.236,6.7525,6.75537,1.11,1.19
2012.01.19 21:18:02.869,6.7525,6.75537,1.11,1.19
2012.01.19 21:18:03.467,6.7525,6.75537,1.11,1.19
2012.01.19 21:18:10.580,6.7525,6.75537,1.11,1.19
2012.01.19 21:18:10.688,6.7525,6.75537,1.11,1.19
2012.01.19 21:18:12.417,6.7525,6.75537,1.11,1.19
2012.01.19 21:18:12.600,6.7525,6.75537,1.11,1.19
2012.01.19 21:18:12.877,6.7525,6.75541,1.11,1.26
2012.01.19 21:18:19.093,6.7525,6.75537,1.11,1.19
2012.01.19 21:18:19.589,6.75231,6.75513,1.11,1.02
2012.01.19 21:18:19.716,6.75231,6.75525,1.11,1.07
2012.01.19 21:18:19.785,6.75231,6.75525,1.11,1.07
2012.01.19 21:18:20.028,6.75262,6.75535,1.11,1.14
2012.01.19 21:18:20.250,6.75249,6.75533,1.11,1.25
2012.01.19 21:18:21.397,6.75249,6.75519,1.11,1.05
2012.01.19 21:18:25.867,6.75249,6.75519,1.11,1.05
2012.01.19 21:18:25.941,6.75264,6.75519,1.11,1.05
2012.01.19 21:18:26.287,6.75264,6.75537,1.11,1.11
2012.01.19 21:18:27.006,6.75264,6.75537,1.11,1.11
2012.01.19 21:18:28.388,6.75264,6.75537,1.11,1.11
2012.01.19 21:18:28.649,6.75264,6.75537,1.11,1.11
2012.01.19 21:18:28.967,6.75264,6.75537,1.11,1.11
2012.01.19 21:18:29.210,6.75264,6.75537,1.11,1.11
2012.01.19 21:18:29.538,6.75264,6.75537,1.11,1.11
2012.01.19 21:18:31.251,6.75249,6.75533,1.11,1.03
2012.01.19 21:18:32.010,6.75249,6.75533,1.11,1.03
2012.01.19 21:18:32.075,6.75249,6.75533,1.11,1.03
2012.01.19 21:18:33.827,6.75249,6.7552,1.11,1.58
2012.01.19 21:18:35.637,6.75249,6.7552,1.11,1.58
2012.01.19 21:18:38.556,6.75249,6.75533,1.11,1.03
2012.01.19 21:18:41.628,6.75266,6.75545,1.11,1.50
2012.01.19 21:18:44.394,6.75266,6.75545,1.11,1.50
2012.01.19 21:18:45.109,6.75266,6.75545,1.11,1.50
2012.01.19 21:18:50.439,6.75266,6.75545,1.11,1.50
2012.01.19 21:18:50.656,6.75266,6.75545,1.11,1.50
2012.01.19 21:18:53.296,6.75266,6.75545,1.11,1.50
2012.01.19 21:19:07.375,6.75266,6.75545,1.11,1.50
2012.01.19 21:19:07.725,6.75281,6.75545,1.11,1.75
2012.01.19 21:19:08.695,6.75281,6.75545,1.11,1.75
2012.01.19 21:19:23.189,6.75281,6.75563,1.11,1.29
2012.01.19 21:19:23.406,6.75281,6.75563,1.11,1.29
2012.01.19 21:19:27.456,6.75281,6.75566,1.11,1.09
2012.01.19 21:19:27.525,6.75281,6.75566,1.11,1.09
2012.01.19 21:19:30.092,6.75318,6.75604,1.50,1.52
2012.01.19 21:19:48.697,6.75311,6.75589,1.11,1.17
2012.01.19 21:19:48.769,6.75311,6.75589,1.11,1.17
2012.01.19 21:19:48.838,6.75307,6.75603,1.50,1.09
2012.01.19 21:19:48.967,6.75337,6.75603,1.11,1.02
2012.01.19 21:19:49.360,6.75337,6.75596,1.11,1.05
2012.01.19 21:19:49.687,6.75315,6.75606,1.11,1.19
2012.01.19 21:20:22.639,6.75367,6.75615,1.50,1.30
2012.01.19 21:20:23.151,6.75347,6.75615,1.50,1.30
2012.01.19 21:20:30.851,6.75358,6.75615,1.50,1.14
2012.01.19 21:20:30.916,6.75358,6.75615,1.50,1.14
2012.01.19 21:20:32.061,6.75378,6.75653,1.50,1.56
2012.01.19 21:20:32.189,6.75378,6.75653,1.50,1.56
2012.01.19 21:20:41.560,6.75339,6.75632,1.11,1.56
2012.01.19 21:20:41.628,6.75339,6.75642,1.11,1.48
2012.01.19 21:20:41.701,6.75338,6.75607,1.50,1.02
2012.01.19 21:20:41.827,6.75338,6.75607,1.50,1.02
2012.01.19 21:20:41.961,6.75348,6.75631,1.50,1.08
2012.01.19 21:20:42.237,6.75348,6.75645,1.50,1.35
2012.01.19 21:20:43.037,6.75348,6.75645,1.50,1.40
2012.01.19 21:20:43.118,6.75348,6.75645,1.50,1.46
2012.01.19 21:20:45.339,6.75348,6.75645,1.50,1.46
2012.01.19 21:20:45.530,6.75327,6.75633,1.50,1.35
2012.01.19 21:20:48.891,6.75342,6.75629,1.11,1.02
2012.01.19 21:20:48.949,6.75348,6.75629,1.50,1.53
2012.01.19 21:20:49.899,6.75327,6.75629,1.50,1.53
2012.01.19 21:20:51.048,6.75338,6.75629,1.50,1.14
2012.01.19 21:20:51.117,6.75338,6.75642,1.50,1.39
2012.01.19 21:20:51.770,6.75348,6.75643,1.50,1.39
2012.01.19 21:20:54.306,6.75357,6.75643,1.50,1.31
2012.01.19 21:20:55.657,6.75387,6.75667,1.50,2.22
2012.01.19 21:20:56.235,6.75397,6.75667,1.50,1.93
2012.01.19 21:20:56.298,6.75397,6.75667,1.50,1.93
2012.01.19 21:21:00.351,6.75368,6.75667,1.50,1.50
2012.01.19 21:21:00.597,6.75368,6.75631,1.50,1.03
2012.01.19 21:21:01.859,6.75377,6.75652,1.50,1.41
2012.01.19 21:21:02.517,6.75347,6.75652,1.50,1.59
2012.01.19 21:21:03.321,6.75347,6.75652,1.50,1.59
2012.01.19 21:21:03.376,6.75378,6.7567,1.50,1.59
2012.01.19 21:21:03.648,6.75378,6.7567,1.50,1.65
2012.01.19 21:21:05.609,6.75368,6.75654,1.50,1.35
2012.01.19 21:21:06.469,6.75368,6.75654,1.50,1.35
2012.01.19 21:21:09.811,6.75377,6.75654,1.50,1.35
2012.01.19 21:21:09.998,6.75377,6.75673,1.50,1.40
2012.01.19 21:21:10.129,6.75377,6.75673,1.50,1.62
2012.01.19 21:21:11.026,6.75378,6.75658,1.50,1.62
2012.01.19 21:21:15.372,6.75448,6.75658,1.50,1.62
2012.01.19 21:21:15.534,6.75408,6.75639,1.50,1.86
2012.01.19 21:21:15.601,6.75408,6.75639,1.50,1.58
2012.01.19 21:21:16.078,6.75387,6.75639,1.50,1.58
2012.01.19 21:21:17.474,6.75407,6.75639,1.50,1.58
2012.01.19 21:21:19.278,6.75397,6.75639,1.50,1.58
2012.01.19 21:21:19.353,6.75367,6.75639,1.50,1.50
2012.01.19 21:21:19.480,6.75367,6.75639,1.50,1.50
2012.01.19 21:21:46.510,6.7537,6.75639,1.11,1.77
2012.01.19 21:21:55.633,6.75348,6.75639,1.86,1.77
2012.01.19 21:22:01.200,6.75348,6.75639,1.11,1.97
2012.01.19 21:22:01.513,6.75378,6.75639,1.50,1.78
2012.01.19 21:22:30.650,6.75365,6.75643,1.11,1.16
2012.01.19 21:22:30.719,6.75337,6.75643,1.50,1.23
2012.01.19 21:22:30.847,6.75335,6.75636,1.11,1.16
2012.01.19 21:22:31.157,6.75328,6.75632,1.50,1.24
2012.01.19 21:22:52.268,6.7532,6.75623,1.11,1.17
2012.01.19 21:22:52.403,6.75319,6.75612,1.11,1.43
2012.01.19 21:22:52.471,6.75319,6.75613,1.11,1.56
2012.01.19 21:22:52.542,6.75307,6.75613,1.50,1.64
2012.01.19 21:22:52.849,6.75315,6.75612,1.11,1.35
2012.01.19 21:23:01.384,6.75329,6.75612,1.11,1.35
2012.01.19 21:23:01.530,6.75329,6.75612,1.11,1.20
2012.01.19 21:23:03.372,6.75338,6.75642,1.50,1.49
2012.01.19 21:23:04.871,6.75345,6.75633,1.11,1.49
2012.01.19 21:23:05.141,6.75327,6.75633,1.50,1.09
2012.01.19 21:23:05.207,6.75335,6.75633,1.11,1.09
2012.01.19 21:23:05.308,6.75335,6.75635,1.11,1.11
2012.01.19 21:23:11.141,6.75335,6.75635,1.11,1.11
2012.01.19 21:23:11.375,6.75335,6.75643,1.11,1.18
2012.01.19 21:23:12.351,6.75335,6.75643,1.11,1.18
2012.01.19 21:23:12.658,6.75352,6.7564,1.11,1.21
2012.01.19 21:23:13.669,6.75352,6.7564,1.11,1.21
2012.01.19 21:23:14.442,6.75352,6.7564,1.11,1.21
2012.01.19 21:23:14.664,6.75352,6.7564,1.11,1.21
2012.01.19 21:23:15.430,6.75352,6.7564,1.11,1.21
2012.01.19 21:23:15.498,6.75352,6.7564,1.11,1.21
2012.01.19 21:23:19.701,6.75352,6.7564,1.11,1.21
2012.01.19 21:23:21.199,6.75352,6.7564,1.11,1.21
2012.01.19 21:23:22.302,6.75352,6.7564,1.11,1.21
2012.01.19 21:23:24.609,6.75352,6.7564,1.11,1.21
2012.01.19 21:23:24.680,6.75352,6.7564,1.11,1.21
2012.01.19 21:23:25.050,6.75352,6.7564,1.11,1.21
2012.01.19 21:23:25.831,6.75352,6.7564,1.11,1.21
2012.01.19 21:23:26.371,6.75352,6.7564,1.11,1.21
2012.01.19 21:23:27.690,6.75352,6.75642,1.11,1.21
2012.01.19 21:23:29.308,6.75335,6.75632,1.11,1.14
2012.01.19 21:23:30.162,6.75335,6.75632,1.11,1.14
2012.01.19 21:23:31.374,6.75335,6.75632,1.11,1.14
2012.01.19 21:23:31.443,6.75335,6.75623,1.11,1.05
2012.01.19 21:23:36.773,6.75315,6.7562,1.11,1.05
2012.01.19 21:23:37.243,6.75301,6.75582,1.11,1.03
2012.01.19 21:23:38.375,6.75301,6.75532,1.11,1.50
2012.01.19 21:23:38.441,6.75301,6.75532,1.11,1.50
2012.01.19 21:23:38.629,6.75301,6.75532,1.11,1.50
2012.01.19 21:23:38.764,6.75273,6.75532,1.11,1.58
2012.01.19 21:23:42.453,6.75273,6.75532,1.11,1.58
2012.01.19 21:23:42.580,6.75273,6.75532,1.11,1.58
2012.01.19 21:23:45.453,6.75279,6.75532,1.50,1.88
2012.01.19 21:23:45.529,6.75279,6.75529,1.50,1.04
2012.01.19 21:23:45.737,6.75279,6.75532,1.50,2.61
2012.01.19 21:23:48.695,6.75288,6.75532,1.50,1.78
2012.01.19 21:23:48.763,6.75311,6.75532,1.50,1.58
2012.01.19 21:23:48.895,6.75279,6.75532,1.11,1.68
2012.01.19 21:23:49.261,6.75278,6.75532,1.50,1.93
2012.01.19 21:23:49.390,6.75276,6.75532,1.50,1.93
2012.01.19 21:23:55.310,6.75267,6.75532,1.50,1.93
2012.01.19 21:23:55.650,6.75267,6.75532,1.50,2.16
2012.01.19 21:24:20.992,6.75267,6.75532,1.50,1.83
2012.01.19 21:24:21.063,6.75267,6.75532,1.50,1.83
2012.01.19 21:24:26.972,6.75272,6.75532,1.11,1.83
2012.01.19 21:24:27.040,6.75267,6.75532,1.50,1.58
2012.01.19 21:24:27.189,6.75267,6.75532,1.50,1.70
2012.01.19 21:24:30.935,6.7526,6.75532,1.50,2.45
2012.01.19 21:24:31.064,6.75227,6.75525,1.11,1.12
2012.01.19 21:24:31.135,6.75227,6.75525,1.11,1.12
2012.01.19 21:24:31.320,6.75227,6.75525,1.11,1.12
2012.01.19 21:24:31.393,6.75227,6.75525,1.11,1.12
2012.01.19 21:24:33.729,6.75237,6.75517,1.50,1.17
2012.01.19 21:24:33.882,6.75246,6.75522,1.50,1.01
2012.01.19 21:24:34.130,6.75237,6.75512,1.50,1.20
2012.01.19 21:24:34.201,6.75237,6.75512,1.50,1.20
2012.01.19 21:24:34.973,6.75246,6.75523,1.50,1.53
2012.01.19 21:24:36.499,6.75246,6.75523,1.50,1.09
2012.01.19 21:24:37.872,6.75246,6.75523,1.50,1.02
2012.01.19 21:24:38.061,6.75257,6.75532,1.50,2.72
2012.01.19 21:24:38.597,6.75257,6.75563,2.25,1.55
2012.01.19 21:24:44.018,6.75257,6.75538,1.50,1.10
2012.01.19 21:24:44.269,6.75257,6.75532,1.50,1.08
2012.01.19 21:24:44.356,6.75257,6.75527,1.50,1.17
2012.01.19 21:24:45.236,6.75257,6.75533,1.50,1.04
2012.01.19 21:24:49.356,6.75257,6.75533,1.50,1.04
2012.01.19 21:24:56.447,6.75257,6.75533,1.50,1.04
2012.01.19 21:24:56.695,6.75243,6.75523,1.50,1.17
2012.01.19 21:25:05.029,6.75267,6.75573,1.50,1.44
2012.01.19 21:25:36.510,6.75251,6.75543,1.50,1.18
2012.01.19 21:25:36.581,6.75253,6.75543,1.11,1.11
2012.01.19 21:25:37.313,6.75261,6.75543,1.50,1.28
2012.01.19 21:25:40.921,6.75287,6.75593,1.50,1.40
2012.01.19 21:25:40.996,6.75318,6.75617,1.50,1.59
2012.01.19 21:25:41.182,6.75327,6.75633,1.50,1.49
2012.01.19 21:25:41.728,6.75327,6.75633,1.50,1.42
2012.01.19 21:25:41.797,6.75317,6.75624,1.50,1.14
2012.01.19 21:25:46.515,6.75312,6.75624,1.50,1.14
2012.01.19 21:25:46.707,6.75358,6.75662,1.50,1.33
2012.01.19 21:25:47.087,6.75368,6.75672,1.50,1.55
2012.01.19 21:25:47.336,6.75369,6.75662,1.11,1.40
2012.01.19 21:25:49.004,6.75327,6.75633,1.50,1.09
2012.01.19 21:25:49.074,6.75327,6.75633,1.50,1.43
2012.01.19 21:25:54.001,6.75358,6.75662,1.50,1.58
2012.01.19 21:25:54.134,6.75343,6.75639,1.11,2.33
2012.01.19 21:25:54.408,6.75368,6.75639,1.50,2.33
2012.01.19 21:25:54.533,6.75368,6.75639,1.50,2.07
2012.01.19 21:25:54.949,6.75365,6.75639,1.50,2.07
2012.01.19 21:25:55.018,6.75352,6.75639,1.50,2.26
2012.01.19 21:25:55.116,6.75352,6.75639,1.50,2.26
2012.01.19 21:25:56.326,6.75352,6.75639,1.50,2.34
2012.01.19 21:25:58.167,6.75352,6.75633,1.50,1.59
2012.01.19 21:25:58.437,6.75352,6.75639,1.50,2.29
2012.01.19 21:26:00.387,6.75366,6.75639,1.50,2.29
2012.01.19 21:26:01.468,6.75366,6.75639,1.50,2.29
2012.01.19 21:26:01.716,6.75329,6.75619,1.50,1.05
2012.01.19 21:26:02.681,6.75329,6.7563,1.50,1.10
2012.01.19 21:26:08.911,6.75329,6.75634,1.50,1.04
2012.01.19 21:26:08.984,6.75348,6.75639,1.50,1.71
2012.01.19 21:26:09.174,6.75366,6.75639,1.11,1.92
2012.01.19 21:26:13.292,6.75364,6.75639,1.50,2.01
2012.01.19 21:26:17.581,6.75364,6.75613,1.50,1.25
2012.01.19 21:26:17.656,6.75364,6.75602,1.50,1.02
2012.01.19 21:26:21.203,6.75332,6.75602,1.50,1.02
2012.01.19 21:26:24.606,6.75332,6.75602,1.50,1.62
2012.01.19 21:26:24.913,6.75317,6.75536,1.11,1.50
2012.01.19 21:26:25.164,6.75284,6.75536,1.11,1.50
2012.01.19 21:26:33.034,6.75274,6.75516,1.50,1.50
2012.01.19 21:26:45.106,6.75285,6.75516,1.50,1.50
2012.01.19 21:26:45.237,6.75271,6.75516,1.11,2.25
2012.01.19 21:26:45.921,6.75239,6.75516,1.50,1.58
2012.01.19 21:26:48.206,6.75248,6.75516,1.50,1.95
2012.01.19 21:26:48.476,6.75248,6.75516,1.50,2.33
2012.01.19 21:26:48.942,6.75248,6.75516,1.50,1.58
2012.01.19 21:26:49.016,6.75236,6.75516,1.50,2.33
2012.01.19 21:26:49.407,6.75236,6.75516,1.50,2.33
2012.01.19 21:26:49.531,6.75236,6.75516,1.50,2.33
2012.01.19 21:26:49.739,6.75236,6.75516,1.50,2.33
2012.01.19 21:26:51.005,6.75236,6.75516,1.50,2.33
2012.01.19 21:26:51.734,6.75236,6.75516,1.50,2.33
2012.01.19 21:26:51.806,6.75236,6.75516,1.50,1.58
2012.01.19 21:26:51.874,6.75236,6.75516,1.50,2.33
2012.01.19 21:26:52.969,6.75236,6.75516,1.50,2.45
2012.01.19 21:26:53.837,6.75236,6.75516,1.50,2.25
2012.01.19 21:26:53.902,6.75236,6.75516,1.50,2.25
2012.01.19 21:26:54.033,6.75236,6.75516,1.50,2.33
2012.01.19 21:26:54.370,6.75236,6.75516,1.50,2.33
2012.01.19 21:26:57.232,6.75236,6.75516,1.50,2.33
2012.01.19 21:26:57.565,6.75229,6.75516,1.50,2.33
2012.01.19 21:26:57.635,6.75229,6.75516,1.50,2.33
2012.01.19 21:26:57.728,6.75229,6.75516,1.50,2.33
2012.01.19 21:26:58.062,6.75229,6.75516,1.50,2.33
2012.01.19 21:26:58.572,6.75229,6.75516,1.50,2.33
2012.01.19 21:26:59.866,6.75229,6.75516,1.50,2.33
2012.01.19 21:27:02.433,6.75229,6.75516,1.50,2.33
2012.01.19 21:27:02.507,6.75229,6.75516,1.50,2.33
2012.01.19 21:27:02.975,6.75229,6.75516,1.50,2.33
2012.01.19 21:27:03.098,6.75229,6.75516,1.50,2.33
2012.01.19 21:27:03.166,6.75229,6.75516,1.50,2.33
2012.01.19 21:27:04.394,6.75229,6.75516,1.50,2.33
2012.01.19 21:27:04.465,6.75229,6.75516,1.50,2.33
2012.01.19 21:27:04.685,6.75216,6.75516,1.11,1.58
2012.01.19 21:27:04.756,6.75171,6.75515,1.11,1.36
2012.01.19 21:27:04.822,6.7514,6.75515,1.50,1.44
2012.01.19 21:27:05.163,6.75129,6.75412,1.50,1.43
2012.01.19 21:27:05.234,6.75128,6.75424,1.50,2.25
2012.01.19 21:27:05.302,6.75128,6.75424,1.50,2.33
2012.01.19 21:27:05.617,6.75128,6.75403,1.50,1.36
2012.01.19 21:27:06.069,6.75128,6.75397,1.50,1.16
2012.01.19 21:27:06.291,6.74995,6.75404,1.11,1.65
2012.01.19 21:27:06.942,6.75047,6.75404,1.11,1.58
2012.01.19 21:27:09.402,6.75067,6.75404,1.11,2.33
2012.01.19 21:27:10.974,6.75067,6.75404,1.11,1.58
2012.01.19 21:27:12.455,6.75067,6.75404,1.11,2.33
2012.01.19 21:27:13.364,6.75064,6.75389,1.11,1.07
2012.01.19 21:27:13.453,6.75064,6.75404,1.11,1.58
2012.01.19 21:27:13.524,6.75064,6.75404,1.11,2.33
2012.01.19 21:27:15.682,6.75105,6.75404,1.11,2.25
2012.01.19 21:27:24.135,6.75105,6.75404,1.11,2.25
2012.01.19 21:27:24.947,6.75105,6.75404,1.11,2.25
2012.01.19 21:27:25.613,6.75105,6.75404,1.11,2.25
2012.01.19 21:27:27.295,6.75105,6.75404,1.11,1.50
2012.01.19 21:27:29.627,6.75103,6.75404,1.11,2.25
2012.01.19 21:27:30.412,6.75096,6.75404,1.11,1.50
2012.01.19 21:27:38.613,6.75096,6.75404,1.11,2.25
2012.01.19 21:27:38.924,6.74947,6.7532,1.11,2.37
2012.01.19 21:27:38.993,6.74947,6.7532,1.11,2.37
2012.01.19 21:27:39.183,6.74965,6.7532,1.11,2.25
2012.01.19 21:27:39.850,6.74995,6.75472,1.50,1.50
2012.01.19 21:27:40.055,6.75011,6.75472,1.11,1.42
2012.01.19 21:27:40.444,6.74978,6.75472,1.50,1.42
2012.01.19 21:27:40.906,6.74978,6.75362,1.50,1.52
2012.01.19 21:27:42.252,6.74978,6.75312,1.50,1.52
2012.01.19 21:27:43.242,6.74978,6.75288,1.50,1.21
2012.01.19 21:27:43.764,6.74963,6.75288,1.11,1.21
2012.01.19 21:27:44.280,6.74963,6.75288,1.11,1.21
2012.01.19 21:27:44.407,6.74977,6.75294,1.11,1.05
2012.01.19 21:27:44.912,6.74982,6.75294,1.50,1.05
2012.01.19 21:27:45.854,6.74982,6.75294,1.50,1.05
2012.01.19 21:27:47.454,6.74987,6.75294,1.50,1.05
2012.01.19 21:27:56.752,6.75065,6.75294,2.25,1.05
2012.01.19 21:28:10.186,6.75085,6.75292,2.25,1.40
2012.01.19 21:28:10.671,6.75085,6.75272,2.25,1.13
2012.01.19 21:28:27.772,6.75085,6.75283,2.25,1.02
2012.01.19 21:28:37.824,6.75085,6.75288,2.25,1.09
2012.01.19 21:28:41.404,6.75085,6.75288,2.25,1.09
2012.01.19 21:28:41.719,6.75085,6.75288,1.50,1.09
2012.01.19 21:28:41.785,6.75085,6.75288,1.50,1.09
2012.01.19 21:28:51.752,6.75085,6.75288,2.25,1.09
2012.01.19 21:28:54.172,6.74968,6.75302,1.50,1.10
2012.01.19 21:28:54.243,6.74988,6.75312,1.86,1.02
2012.01.19 21:28:54.323,6.74988,6.75318,1.86,1.50
2012.01.19 21:28:54.595,6.75001,6.75312,1.11,1.07
2012.01.19 21:28:56.227,6.75008,6.75324,1.50,1.06
2012.01.19 21:28:56.349,6.75004,6.75324,1.11,1.06
2012.01.19 21:28:56.409,6.75019,6.75325,1.11,1.19
2012.01.19 21:28:57.093,6.75017,6.75323,1.50,1.23
2012.01.19 21:29:01.130,6.75005,6.75319,1.11,1.15
2012.01.19 21:29:02.461,6.75005,6.75319,1.11,1.15
2012.01.19 21:29:02.911,6.75005,6.75319,1.11,1.15
2012.01.19 21:29:02.982,6.74988,6.75293,1.50,1.23
2012.01.19 21:29:03.168,6.74984,6.75293,1.11,1.23
2012.01.19 21:29:12.698,6.74999,6.75309,1.11,1.08
2012.01.19 21:29:15.001,6.74999,6.75309,1.11,1.08
2012.01.19 21:29:15.222,6.74999,6.75309,1.11,1.08
2012.01.19 21:29:19.504,6.75028,6.75332,1.50,1.72
2012.01.19 21:29:27.331,6.75018,6.75322,1.50,1.60
2012.01.19 21:29:27.589,6.75012,6.75313,1.11,1.34
2012.01.19 21:29:29.189,6.75017,6.75323,1.50,1.60
2012.01.19 21:29:29.412,6.75017,6.75323,1.50,1.60
2012.01.19 21:29:45.473,6.75017,6.75323,1.50,1.60
2012.01.19 21:29:46.203,6.75017,6.75323,1.50,1.60
2012.01.19 21:29:46.267,6.75017,6.75323,1.50,1.60
2012.01.19 21:29:46.406,6.75017,6.75323,1.50,1.60
2012.01.19 21:30:00.750,6.75018,6.75322,1.50,1.60
2012.01.19 21:30:00.948,6.75018,6.75322,1.50,1.60
2012.01.19 21:30:01.810,6.75018,6.75322,1.50,1.60
2012.01.19 21:30:04.281,6.75018,6.75322,1.50,1.60
2012.01.19 21:30:07.736,6.75038,6.75342,1.50,1.72
2012.01.19 21:30:07.962,6.75038,6.75342,1.50,1.73
2012.01.19 21:30:10.823,6.75049,6.75352,1.50,1.57
2012.01.19 21:30:13.252,6.75049,6.75352,1.50,1.57
2012.01.19 21:30:15.295,6.75049,6.75353,1.50,1.57
2012.01.19 21:30:15.761,6.75037,6.75343,1.50,1.16
2012.01.19 21:30:17.170,6.75032,6.75334,1.50,1.08
2012.01.19 21:30:17.291,6.75032,6.75332,1.50,1.26
2012.01.19 21:30:32.472,6.75032,6.75332,1.11,1.29
2012.01.19 21:30:32.623,6.75032,6.75332,1.11,1.29
2012.01.19 21:30:33.277,6.75018,6.75322,1.50,1.56
2012.01.19 21:30:33.347,6.74999,6.75302,1.11,1.24
2012.01.19 21:30:33.613,6.74974,6.75302,1.11,1.27
2012.01.19 21:30:49.395,6.74998,6.75302,1.50,1.27
2012.01.19 21:30:49.463,6.74998,6.75306,1.50,1.11
2012.01.19 21:31:00.862,6.75028,6.75322,1.50,1.20
2012.01.19 21:31:01.208,6.75028,6.75322,1.50,1.32
2012.01.19 21:31:05.435,6.75008,6.75312,1.50,1.27
2012.01.19 21:31:06.053,6.75018,6.75322,1.50,2.07
2012.01.19 21:31:09.838,6.75046,6.75343,1.50,1.47
2012.01.19 21:31:09.961,6.75043,6.75343,1.11,1.06
2012.01.19 21:31:10.693,6.75058,6.75362,1.50,1.53
2012.01.19 21:31:10.938,6.7506,6.75353,1.11,1.08
2012.01.19 21:31:12.686,6.75058,6.75362,1.50,1.23
2012.01.19 21:31:12.752,6.75058,6.75362,1.50,1.50
2012.01.19 21:31:13.061,6.75056,6.75352,1.11,1.13
2012.01.19 21:31:13.455,6.75056,6.75352,1.11,1.13
2012.01.19 21:31:13.525,6.75048,6.75352,1.50,1.50
2012.01.19 21:31:24.445,6.75041,6.75342,1.11,1.55
2012.01.19 21:31:26.548,6.75048,6.75352,1.50,1.62
2012.01.19 21:31:26.883,6.75232,6.75378,1.50,1.55
2012.01.19 21:31:27.013,6.75232,6.75487,1.50,1.08
2012.01.19 21:31:27.504,6.75232,6.75513,1.50,1.04
2012.01.19 21:31:35.256,6.75272,6.75463,1.50,1.50
2012.01.19 21:31:45.966,6.75272,6.75453,1.50,1.50
2012.01.19 21:31:59.751,6.75272,6.75472,1.50,1.50
2012.01.19 21:32:00.192,6.75272,6.75483,1.50,1.50
2012.01.19 21:32:04.354,6.75272,6.75482,1.50,1.50
2012.01.19 21:32:27.890,6.75054,6.75482,1.50,1.50
2012.01.19 21:32:30.945,6.75094,6.75482,1.50,1.50
2012.01.19 21:32:31.282,6.75126,6.75478,1.11,1.10
2012.01.19 21:32:59.119,6.75144,6.75473,1.11,1.58
2012.01.19 21:33:08.009,6.75068,6.75473,1.59,1.58
2012.01.19 21:33:08.070,6.75068,6.75473,1.59,1.58
2012.01.19 21:33:10.281,6.75067,6.75462,1.43,1.65
2012.01.19 21:33:10.414,6.75109,6.75462,1.11,1.71
2012.01.19 21:33:12.741,6.75125,6.75442,1.11,1.50
2012.01.19 21:33:12.930,6.75125,6.75442,1.11,1.58
2012.01.19 21:33:20.349,6.75105,6.75441,1.11,1.14
2012.01.19 21:33:53.792,6.75074,6.75433,1.11,1.07
2012.01.19 21:34:05.494,6.75074,6.75393,1.11,1.50
2012.01.19 21:34:06.026,6.75074,6.75412,1.11,1.58
2012.01.19 21:34:11.386,6.75074,6.75372,1.11,1.50
2012.01.19 21:34:11.455,6.7504,6.75372,1.11,1.50
2012.01.19 21:34:11.843,6.75055,6.75363,1.11,1.50
2012.01.19 21:34:12.669,6.75055,6.75402,1.11,1.71
2012.01.19 21:34:12.911,6.7502,6.75393,1.50,1.50
2012.01.19 21:34:17.776,6.75034,6.75393,1.11,1.58
2012.01.19 21:34:17.968,6.75034,6.75382,1.11,1.75
2012.01.19 21:34:18.036,6.75034,6.75351,1.11,1.50
2012.01.19 21:34:18.635,6.75015,6.75362,1.50,1.50
2012.01.19 21:34:18.843,6.75014,6.75361,1.50,1.50
2012.01.19 21:34:19.185,6.75014,6.75372,1.50,1.50
2012.01.19 21:34:24.393,6.75127,6.75362,1.50,1.50
2012.01.19 21:34:24.779,6.75151,6.75353,1.50,1.50
2012.01.19 21:34:31.043,6.75171,6.75343,1.50,1.50
2012.01.19 21:34:31.986,6.75044,6.75302,2.25,1.50
2012.01.19 21:34:32.116,6.75044,6.75302,2.25,1.50
2012.01.19 21:34:32.187,6.75044,6.75302,2.25,1.50
2012.01.19 21:34:32.449,6.75044,6.75302,1.50,1.74
2012.01.19 21:34:33.077,6.75064,6.75307,2.25,1.13
2012.01.19 21:34:33.329,6.75064,6.75313,2.25,1.58
2012.01.19 21:34:37.885,6.75064,6.75313,1.50,1.50
2012.01.19 21:34:37.957,6.74929,6.75313,2.25,1.50
2012.01.19 21:34:38.023,6.74929,6.75313,1.50,1.50
2012.01.19 21:34:38.836,6.75034,6.75378,1.50,2.48
2012.01.19 21:34:39.699,6.75034,6.75379,1.50,1.09
2012.01.19 21:34:45.549,6.75054,6.75372,1.50,1.19
2012.01.19 21:34:45.673,6.75054,6.75362,1.50,1.03
2012.01.19 21:34:53.794,6.75054,6.75362,1.50,1.03
2012.01.19 21:35:00.768,6.75054,6.75362,1.50,1.03
2012.01.19 21:35:01.318,6.75054,6.75362,1.50,1.03
2012.01.19 21:35:07.614,6.75054,6.75356,1.50,1.05
2012.01.19 21:35:21.956,6.75054,6.75339,1.50,1.05
2012.01.19 21:35:23.036,6.75054,6.75344,1.50,1.17
2012.01.19 21:35:24.487,6.75054,6.75326,1.50,1.08
2012.01.19 21:35:26.742,6.75054,6.75307,1.50,1.01
2012.01.19 21:35:31.033,6.75054,6.7533,2.25,1.02
2012.01.19 21:35:32.935,6.75054,6.7533,1.50,1.02
2012.01.19 21:35:33.007,6.75054,6.7533,2.25,1.02
2012.01.19 21:35:33.074,6.75054,6.7533,2.25,1.02
2012.01.19 21:35:35.405,6.75054,6.75338,1.50,1.13
2012.01.19 21:35:35.475,6.75054,6.75338,1.50,1.13
2012.01.19 21:35:36.205,6.75054,6.75338,1.50,1.13
2012.01.19 21:35:36.533,6.75054,6.75338,2.25,1.13
2012.01.19 21:35:37.664,6.75054,6.75382,2.25,1.66
2012.01.19 21:35:37.733,6.75054,6.75382,2.25,1.66
2012.01.19 21:35:42.741,6.74899,6.75381,1.73,1.20
2012.01.19 21:35:54.550,6.74919,6.75362,1.73,1.08
2012.01.19 21:35:54.610,6.74988,6.75362,1.50,1.08
2012.01.19 21:36:08.370,6.74988,6.75373,1.50,1.74
2012.01.19 21:36:08.430,6.75039,6.7538,1.50,1.13
2012.01.19 21:36:08.711,6.75039,6.75382,1.50,1.13
2012.01.19 21:36:12.079,6.75039,6.75383,1.50,1.50
2012.01.19 21:36:20.653,6.75039,6.75383,1.50,1.50
2012.01.19 21:36:20.962,6.7502,6.75366,1.50,1.50
2012.01.19 21:36:25.129,6.75137,6.75366,1.50,1.50
2012.01.19 21:36:25.200,6.75137,6.75392,1.50,1.58
2012.01.19 21:36:25.387,6.75137,6.75433,1.50,1.50
2012.01.19 21:36:26.545,6.75157,6.75441,1.50,1.50
2012.01.19 21:36:27.003,6.75157,6.75441,1.50,1.50
2012.01.19 21:36:28.196,6.75157,6.75412,1.50,1.50
2012.01.19 21:36:28.514,6.75157,6.75392,1.50,1.50
2012.01.19 21:36:29.296,6.75157,6.75387,1.50,1.50
2012.01.19 21:36:29.895,6.75157,6.75392,1.50,1.50
2012.01.19 21:36:29.962,6.75157,6.75387,1.50,1.50
2012.01.19 21:36:30.446,6.75157,6.75393,1.50,1.50
2012.01.19 21:36:31.177,6.75157,6.75387,1.50,1.50
2012.01.19 21:36:31.657,6.75157,6.75393,1.50,1.50
2012.01.19 21:36:34.644,6.75157,6.75415,1.50,1.50
2012.01.19 21:36:34.833,6.75157,6.75415,1.50,1.50
2012.01.19 21:36:35.305,6.75157,6.75393,1.50,1.50
2012.01.19 21:36:46.025,6.75157,6.75375,1.50,1.50
2012.01.19 21:36:46.394,6.75157,6.75382,1.50,1.50
2012.01.19 21:36:58.437,6.75157,6.75375,1.50,1.50
2012.01.19 21:36:59.256,6.75157,6.75382,1.50,1.50
2012.01.19 21:37:05.420,6.75157,6.75382,1.50,1.50
2012.01.19 21:37:05.733,6.75157,6.75363,1.50,1.50
2012.01.19 21:37:06.685,6.75157,6.75363,1.50,1.50
2012.01.19 21:37:20.433,6.75157,6.75363,1.50,1.50
2012.01.19 21:37:21.394,6.75157,6.75363,1.50,1.50
2012.01.19 21:37:21.468,6.75035,6.75363,2.25,1.50
2012.01.19 21:37:21.536,6.75035,6.75363,2.25,1.50
2012.01.19 21:37:21.609,6.75035,6.75322,2.25,1.50
2012.01.19 21:37:21.678,6.75035,6.75318,2.25,1.50
2012.01.19 21:37:21.804,6.75035,6.75318,1.50,1.50
2012.01.19 21:37:23.114,6.75055,6.75322,1.50,1.50
2012.01.19 21:37:23.183,6.75055,6.75318,1.50,1.50
2012.01.19 21:37:25.449,6.75055,6.75332,1.50,1.50
2012.01.19 21:37:25.517,6.75055,6.75337,1.50,1.50
2012.01.19 21:37:26.754,6.75055,6.75343,1.50,1.50
2012.01.19 21:37:37.654,6.75055,6.75343,2.25,1.50
2012.01.19 21:37:37.965,6.75055,6.75337,1.50,1.50
2012.01.19 21:37:38.097,6.75055,6.75343,1.50,1.50
2012.01.19 21:37:38.228,6.75055,6.75343,2.25,1.50
2012.01.19 21:37:38.537,6.75055,6.75333,1.50,1.50
2012.01.19 21:37:40.090,6.75055,6.75343,1.50,1.50
2012.01.19 21:37:40.636,6.75055,6.75353,1.50,1.50
2012.01.19 21:37:43.045,6.75055,6.75343,1.50,1.50
2012.01.19 21:37:55.444,6.75055,6.75342,1.50,1.50
2012.01.19 21:37:57.092,6.75055,6.75323,1.50,1.50
2012.01.19 21:38:21.797,6.74889,6.75302,1.50,1.50
2012.01.19 21:38:25.279,6.74909,6.75283,1.50,1.50
2012.01.19 21:38:30.143,6.74923,6.75283,1.50,1.50
2012.01.19 21:38:36.482,6.74911,6.75293,1.50,1.50
2012.01.19 21:38:36.954,6.74911,6.75272,1.50,1.50
2012.01.19 21:38:39.665,6.74911,6.75272,1.50,1.50
2012.01.19 21:38:39.739,6.74951,6.75272,2.25,1.50
2012.01.19 21:38:40.242,6.74951,6.75233,2.25,1.50
2012.01.19 21:38:40.995,6.74951,6.75273,1.50,1.50
2012.01.19 21:38:46.674,6.74951,6.75263,2.25,1.50
2012.01.19 21:38:46.747,6.74951,6.75243,2.25,1.50
2012.01.19 21:38:46.936,6.74951,6.75253,1.50,1.50
2012.01.19 21:38:47.887,6.74951,6.75243,2.25,1.50
2012.01.19 21:38:52.937,6.74951,6.75239,2.25,1.50
2012.01.19 21:38:53.009,6.74951,6.75239,1.50,1.50
2012.01.19 21:38:53.137,6.74951,6.75252,1.50,1.50
2012.01.19 21:38:53.209,6.74951,6.75252,1.50,1.50
2012.01.19 21:38:56.534,6.74951,6.75273,1.50,1.50
2012.01.19 21:38:56.604,6.74951,6.75244,1.50,1.50
2012.01.19 21:38:56.794,6.74951,6.75244,1.50,1.50
2012.01.19 21:38:56.936,6.74951,6.75244,1.50,1.50
2012.01.19 21:38:57.376,6.74951,6.75262,1.50,1.50
2012.01.19 21:38:57.893,6.74951,6.75243,1.50,1.50
2012.01.19 21:38:59.836,6.74951,6.75242,1.50,1.50
2012.01.19 21:39:00.634,6.74951,6.75214,1.50,1.50
2012.01.19 21:39:01.479,6.74951,6.75214,1.50,1.50
2012.01.19 21:39:01.944,6.74951,6.75214,1.50,1.50
2012.01.19 21:39:05.599,6.74951,6.75212,1.50,1.50
2012.01.19 21:39:08.036,6.74951,6.75184,1.50,1.50
2012.01.19 21:39:08.164,6.74951,6.75203,1.50,1.50
2012.01.19 21:39:08.623,6.74951,6.75176,1.50,1.50
2012.01.19 21:39:08.692,6.74951,6.75202,1.50,1.50
2012.01.19 21:39:08.824,6.74951,6.75176,1.50,1.50
2012.01.19 21:39:13.974,6.74951,6.75154,1.50,1.50
2012.01.19 21:39:14.691,6.74951,6.75172,1.50,1.50
2012.01.19 21:39:15.033,6.74951,6.75172,1.50,1.50
2012.01.19 21:39:21.375,6.74951,6.75168,1.50,1.50
2012.01.19 21:39:21.846,6.74951,6.75183,1.50,1.50
2012.01.19 21:39:22.505,6.74951,6.75213,1.50,1.50
2012.01.19 21:39:22.582,6.74951,6.75213,1.50,1.50
2012.01.19 21:39:23.373,6.74951,6.75171,1.50,1.50
2012.01.19 21:39:24.506,6.74951,6.75173,1.50,1.50
2012.01.19 21:39:31.914,6.74951,6.75202,1.50,1.50
2012.01.19 21:39:33.666,6.74825,6.75202,2.25,1.50
2012.01.19 21:39:34.045,6.74825,6.75202,2.25,1.50
2012.01.19 21:39:36.381,6.74845,6.75203,2.25,1.50
2012.01.19 21:39:39.844,6.74845,6.75189,2.25,1.50
2012.01.19 21:39:41.919,6.74845,6.75189,1.50,1.50
2012.01.19 21:39:41.990,6.74845,6.75189,1.50,1.50
2012.01.19 21:39:48.219,6.74845,6.75193,1.50,1.50
2012.01.19 21:39:48.288,6.74845,6.75193,2.25,1.50
2012.01.19 21:39:51.445,6.74845,6.75213,2.25,1.50
2012.01.19 21:39:51.869,6.74845,6.75213,1.50,1.50
2012.01.19 21:39:54.499,6.74845,6.75193,1.50,1.50
2012.01.19 21:39:59.973,6.74845,6.75172,1.50,1.50
2012.01.19 21:40:00.273,6.74845,6.75182,1.50,1.50
2012.01.19 21:40:07.255,6.74845,6.75157,1.50,1.50
2012.01.19 21:40:07.803,6.74845,6.75162,1.50,1.50
2012.01.19 21:40:07.848,6.74845,6.75168,1.50,1.50
2012.01.19 21:40:07.920,6.74845,6.75169,1.50,1.50
2012.01.19 21:40:12.599,6.74845,6.75123,1.50,1.50
2012.01.19 21:40:12.751,6.74714,6.75123,2.25,1.50
2012.01.19 21:40:12.876,6.74714,6.75122,1.50,1.50
2012.01.19 21:40:13.555,6.74714,6.75122,1.50,1.50
2012.01.19 21:40:13.627,6.74714,6.75122,1.50,1.50
2012.01.19 21:40:13.756,6.74734,6.75123,1.50,1.50
2012.01.19 21:40:14.037,6.74734,6.75138,1.50,2.25
2012.01.19 21:40:14.542,6.74816,6.75142,1.50,1.50
2012.01.19 21:40:15.722,6.74836,6.75143,1.50,1.50
2012.01.19 21:40:16.395,6.74836,6.75143,1.50,1.50
2012.01.19 21:40:17.325,6.74836,6.75143,1.50,1.50
2012.01.19 21:40:21.673,6.74836,6.75143,1.50,1.50
2012.01.19 21:40:35.614,6.74836,6.75163,2.25,1.50
2012.01.19 21:40:37.706,6.74836,6.75163,2.25,1.50
2012.01.19 21:40:39.839,6.74836,6.75163,2.25,1.50
2012.01.19 21:40:44.342,6.74836,6.75163,2.25,1.50
2012.01.19 21:40:45.899,6.74836,6.75163,2.25,1.50
2012.01.19 21:40:46.146,6.74872,6.75216,1.50,1.50
2012.01.19 21:40:46.220,6.74872,6.75216,1.50,1.50
2012.01.19 21:40:46.287,6.74872,6.75216,1.50,1.50
2012.01.19 21:40:46.778,6.74872,6.75216,1.50,1.50
2012.01.19 21:40:49.916,6.74836,6.75174,2.25,1.50
2012.01.19 21:40:50.787,6.74836,6.75174,2.25,1.50
2012.01.19 21:40:51.095,6.74836,6.75179,2.25,1.50
2012.01.19 21:40:51.165,6.74836,6.75179,2.25,1.50
2012.01.19 21:40:51.463,6.74836,6.75179,2.25,1.50
2012.01.19 21:40:51.959,6.74836,6.75179,2.25,1.50
2012.01.19 21:40:52.227,6.74836,6.75179,2.25,1.50
2012.01.19 21:40:55.905,6.74836,6.75179,2.25,1.50
2012.01.19 21:40:57.557,6.74836,6.75179,2.25,1.50
2012.01.19 21:41:01.455,6.74836,6.75155,2.25,1.50
2012.01.19 21:41:03.794,6.74836,6.75171,2.25,1.50
2012.01.19 21:41:04.107,6.74836,6.75163,2.25,1.50
2012.01.19 21:41:04.235,6.74836,6.75173,2.25,1.50
2012.01.19 21:41:10.724,6.74836,6.75173,2.25,1.50
2012.01.19 21:41:11.446,6.74836,6.75173,2.25,1.50
2012.01.19 21:41:19.332,6.74827,6.75173,1.50,1.50
2012.01.19 21:41:19.641,6.7481,6.75154,1.50,1.50
2012.01.19 21:41:21.735,6.7481,6.75154,1.50,1.50
2012.01.19 21:41:25.483,6.7481,6.75154,1.50,1.50
2012.01.19 21:41:25.551,6.7481,6.75154,1.50,1.50
2012.01.19 21:41:27.444,6.74826,6.7517,1.50,1.50
2012.01.19 21:41:27.632,6.74826,6.7517,1.50,1.50
2012.01.19 21:41:28.261,6.74845,6.75189,1.50,1.50
2012.01.19 21:41:28.843,6.74861,6.75205,1.50,1.50
2012.01.19 21:41:28.915,6.74861,6.75205,1.50,1.50
2012.01.19 21:41:28.982,6.74861,6.75205,1.50,1.50
2012.01.19 21:41:29.132,6.74861,6.75205,1.50,1.50
2012.01.19 21:41:29.802,6.74861,6.75205,1.50,1.50
2012.01.19 21:41:29.934,6.74861,6.75205,1.50,1.50
2012.01.19 21:41:30.456,6.74848,6.75194,1.50,1.50
2012.01.19 21:41:30.952,6.74848,6.75194,1.50,1.50
2012.01.19 21:41:32.774,6.74848,6.75194,1.50,1.50
2012.01.19 21:41:34.475,6.74848,6.75194,1.50,1.50
2012.01.19 21:41:38.622,6.74848,6.75194,1.50,1.50
2012.01.19 21:41:38.812,6.74848,6.75194,1.50,1.50
2012.01.19 21:41:41.147,6.74848,6.75194,1.50,1.50
2012.01.19 21:41:41.363,6.74861,6.75207,1.50,1.50
2012.01.19 21:41:41.702,6.74861,6.75207,1.50,1.50
2012.01.19 21:41:41.831,6.74873,6.75217,1.50,1.50
2012.01.19 21:41:42.035,6.74873,6.75217,1.50,1.50
2012.01.19 21:41:42.549,6.74933,6.75217,2.25,1.50
2012.01.19 21:41:42.616,6.74933,6.75223,2.25,1.50
2012.01.19 21:41:42.745,6.74933,6.75261,2.25,1.50
2012.01.19 21:41:43.569,6.74953,6.75261,2.25,1.50
2012.01.19 21:41:43.867,6.74953,6.75261,2.25,1.50
2012.01.19 21:41:44.065,6.74953,6.75243,2.25,1.50
2012.01.19 21:41:44.238,6.74953,6.75243,2.25,1.50
2012.01.19 21:41:46.924,6.74953,6.75262,2.25,1.50
2012.01.19 21:41:47.525,6.74953,6.75262,2.25,1.50
2012.01.19 21:41:47.757,6.74953,6.75262,2.25,1.50
2012.01.19 21:41:50.315,6.74953,6.7526,2.25,1.50
2012.01.19 21:41:53.364,6.74953,6.7526,2.25,1.50
2012.01.19 21:41:54.661,6.74953,6.7526,2.25,1.50
2012.01.19 21:41:57.406,6.74953,6.75262,2.25,1.50
2012.01.19 21:41:57.535,6.74953,6.75262,2.25,1.50
2012.01.19 21:41:57.937,6.74953,6.7526,2.25,1.50
2012.01.19 21:41:58.156,6.74953,6.7526,2.25,1.50
2012.01.19 21:42:01.324,6.74953,6.7526,2.25,1.50
2012.01.19 21:42:04.082,6.74953,6.75273,2.25,1.50
2012.01.19 21:42:04.145,6.74953,6.75273,2.25,1.50
2012.01.19 21:42:04.275,6.74953,6.75259,2.25,1.50
2012.01.19 21:42:04.908,6.74953,6.75259,2.25,1.50
2012.01.19 21:42:05.118,6.74953,6.75263,2.25,1.50
2012.01.19 21:42:05.184,6.74953,6.75259,2.25,1.50
2012.01.19 21:42:07.983,6.74953,6.75259,2.25,1.50
2012.01.19 21:42:12.995,6.74953,6.75259,2.25,1.50
2012.01.19 21:42:13.065,6.74953,6.75259,2.25,1.50
2012.01.19 21:42:13.141,6.74953,6.75275,2.25,1.50
2012.01.19 21:42:13.935,6.74953,6.75275,2.25,1.50
2012.01.19 21:42:15.222,6.74953,6.75272,2.25,1.50
2012.01.19 21:42:15.470,6.74953,6.75272,2.25,1.50
2012.01.19 21:42:17.269,6.74953,6.75283,2.25,1.50
2012.01.19 21:42:17.906,6.74953,6.75278,2.25,1.50
2012.01.19 21:42:18.216,6.74953,6.75259,2.25,1.50
2012.01.19 21:42:19.664,6.74953,6.75259,2.25,1.50
2012.01.19 21:42:20.676,6.74953,6.75276,2.25,1.50
2012.01.19 21:42:21.060,6.74953,6.75283,2.25,1.50
2012.01.19 21:42:21.306,6.74956,6.753,1.50,1.50
2012.01.19 21:42:21.637,6.74956,6.753,1.50,1.50
2012.01.19 21:42:23.387,6.74953,6.75282,2.25,1.50
2012.01.19 21:42:24.566,6.74953,6.75282,2.25,1.50
2012.01.19 21:42:24.886,6.74953,6.75282,2.25,1.50
2012.01.19 21:42:24.980,6.74953,6.75282,2.25,1.50
2012.01.19 21:42:25.356,6.74953,6.75282,2.25,1.50
2012.01.19 21:42:26.897,6.74953,6.75282,2.25,1.50
2012.01.19 21:42:29.287,6.74953,6.75282,2.25,1.50
2012.01.19 21:42:29.557,6.74953,6.75291,2.25,1.50
2012.01.19 21:42:29.870,6.74953,6.75291,2.25,1.50
2012.01.19 21:42:30.116,6.74967,6.75328,1.50,1.50
2012.01.19 21:42:30.305,6.74967,6.75328,1.50,1.50
2012.01.19 21:42:30.855,6.74975,6.75319,1.50,1.50
2012.01.19 21:42:33.390,6.74953,6.75292,3.00,1.50
2012.01.19 21:42:35.416,6.74953,6.75292,3.00,1.50
2012.01.19 21:42:36.485,6.74962,6.75308,1.50,1.50
2012.01.19 21:42:36.767,6.74962,6.75308,1.50,1.50
2012.01.19 21:42:39.550,6.74962,6.75308,1.50,1.50
2012.01.19 21:42:39.776,6.74953,6.75296,2.25,1.50
2012.01.19 21:42:50.166,6.74952,6.75296,1.50,1.50
2012.01.19 21:42:51.794,6.74952,6.75296,1.50,1.50
2012.01.19 21:42:51.926,6.74952,6.75296,1.50,1.50
2012.01.19 21:42:52.626,6.74937,6.75281,1.50,1.50
2012.01.19 21:42:53.644,6.74914,6.75274,1.50,1.50
2012.01.19 21:42:53.715,6.74914,6.75274,1.50,1.50
2012.01.19 21:42:53.925,6.74914,6.75274,1.50,1.50
2012.01.19 21:42:55.266,6.74925,6.75274,1.50,1.50
2012.01.19 21:42:55.455,6.7491,6.75256,1.50,1.50
2012.01.19 21:42:55.795,6.74885,6.75233,1.50,1.50
2012.01.19 21:42:57.615,6.74885,6.75233,1.50,1.50
2012.01.19 21:42:57.933,6.74885,6.75233,1.50,1.50
2012.01.19 21:42:59.982,6.74885,6.75233,1.50,1.50
2012.01.19 21:43:00.163,6.74874,6.75223,1.50,1.50
2012.01.19 21:43:00.648,6.74874,6.75223,1.50,1.50
2012.01.19 21:43:16.485,6.74864,6.75223,1.50,1.50
2012.01.19 21:43:16.964,6.74864,6.7521,1.50,1.50
2012.01.19 21:43:17.454,6.74875,6.75221,1.50,1.50
2012.01.19 21:43:17.526,6.74875,6.75221,1.50,1.50
2012.01.19 21:43:17.733,6.74861,6.75221,1.50,1.50
2012.01.19 21:43:17.926,6.74861,6.75221,1.50,1.50
2012.01.19 21:43:18.143,6.74861,6.75221,1.50,1.50
2012.01.19 21:43:18.695,6.74861,6.75221,1.50,1.50
2012.01.19 21:43:19.023,6.74861,6.75221,1.50,1.50
2012.01.19 21:43:19.236,6.74861,6.75221,1.50,1.50
2012.01.19 21:43:19.964,6.74889,6.75235,1.50,1.50
2012.01.19 21:43:20.096,6.74863,6.75207,1.50,1.50
2012.01.19 21:43:20.164,6.74863,6.75213,1.50,1.50
2012.01.19 21:43:20.297,6.74863,6.75207,1.50,1.50
2012.01.19 21:43:20.506,6.74863,6.75213,1.50,1.50
2012.01.19 21:43:20.700,6.74873,6.75223,1.50,1.50
2012.01.19 21:43:20.894,6.74873,6.75219,1.50,1.50
2012.01.19 21:43:22.014,6.74873,6.75219,1.50,1.50
2012.01.19 21:43:22.557,6.74883,6.75227,1.50,1.50
2012.01.19 21:43:23.524,6.74883,6.75238,1.50,1.50
2012.01.19 21:43:23.853,6.74883,6.75238,1.50,1.50
2012.01.19 21:43:24.036,6.74883,6.75238,1.50,1.50
2012.01.19 21:43:27.154,6.74883,6.75238,1.50,1.50
2012.01.19 21:43:27.374,6.74883,6.75238,1.50,1.50
2012.01.19 21:43:32.056,6.74883,6.75238,1.50,1.50
2012.01.19 21:43:32.125,6.74862,6.75208,1.50,1.50
2012.01.19 21:43:32.253,6.74862,6.75208,1.50,1.50
2012.01.19 21:43:32.383,6.74862,6.75242,1.50,1.50
2012.01.19 21:43:32.513,6.74862,6.75242,1.50,1.50
2012.01.19 21:43:32.707,6.74862,6.75263,1.50,1.50
2012.01.19 21:43:32.777,6.74882,6.75263,1.50,1.50
2012.01.19 21:43:32.905,6.74882,6.75232,1.50,1.50
2012.01.19 21:43:33.153,6.74878,6.75272,1.50,1.50
2012.01.19 21:43:34.264,6.74861,6.75262,1.50,1.50
2012.01.19 21:43:34.795,6.74861,6.75262,1.50,1.50
2012.01.19 21:43:35.325,6.74875,6.75243,1.50,1.50
2012.01.19 21:43:35.515,6.74875,6.75263,1.50,1.50
2012.01.19 21:43:35.681,6.74862,6.75263,1.50,1.50
2012.01.19 21:43:36.003,6.74862,6.75232,1.50,1.50
2012.01.19 21:43:36.134,6.74876,6.75232,1.50,1.50
2012.01.19 21:43:36.263,6.74876,6.75232,1.50,1.50
2012.01.19 21:43:42.655,6.74876,6.75233,1.50,1.50
2012.01.19 21:43:42.903,6.74876,6.75233,1.50,1.50
2012.01.19 21:43:43.205,6.74876,6.75233,1.50,1.50
2012.01.19 21:43:43.617,6.74876,6.7522,1.50,1.50
2012.01.19 21:43:43.764,6.74876,6.7522,1.50,1.50
2012.01.19 21:43:43.880,6.74876,6.75233,1.50,1.50
2012.01.19 21:43:45.843,6.74876,6.75233,1.50,1.50
2012.01.19 21:43:46.052,6.74876,6.75242,1.50,1.50
2012.01.19 21:43:47.520,6.74876,6.7522,1.50,1.50
2012.01.19 21:43:47.874,6.74876,6.75232,1.50,1.50
2012.01.19 21:43:48.009,6.74876,6.7522,1.50,1.50
2012.01.19 21:43:48.078,6.74876,6.7522,1.50,1.50
2012.01.19 21:43:48.151,6.7484,6.75186,1.50,1.50
2012.01.19 21:43:48.690,6.74823,6.75141,2.25,1.50
2012.01.19 21:43:48.763,6.74823,6.75131,2.25,1.50
2012.01.19 21:43:50.180,6.74823,6.75183,2.25,1.50
2012.01.19 21:43:50.330,6.74823,6.75183,2.25,1.50
2012.01.19 21:43:50.400,6.74833,6.75193,1.50,1.50
2012.01.19 21:43:50.587,6.74849,6.75195,1.50,1.50
2012.01.19 21:43:50.817,6.74849,6.75203,1.50,1.50
2012.01.19 21:43:51.353,6.74923,6.75203,1.50,1.50
2012.01.19 21:43:51.676,6.74923,6.75207,2.25,1.50
2012.01.19 21:43:52.678,6.74923,6.75207,2.25,1.50
2012.01.19 21:43:52.748,6.74923,6.75242,2.25,1.50
2012.01.19 21:43:52.815,6.74923,6.75242,2.25,1.50
2012.01.19 21:43:52.947,6.74923,6.75233,2.25,1.50
2012.01.19 21:43:53.456,6.74923,6.75252,2.25,1.50
2012.01.19 21:43:53.607,6.74923,6.75252,2.25,1.50
2012.01.19 21:44:02.839,6.74923,6.75232,2.25,1.50
2012.01.19 21:44:04.188,6.74923,6.75222,2.25,1.50
2012.01.19 21:44:04.345,6.74923,6.75222,2.25,1.50
2012.01.19 21:44:09.335,6.74923,6.75243,2.25,1.50
2012.01.19 21:44:10.195,6.74923,6.75252,2.25,1.50
2012.01.19 21:44:10.266,6.74923,6.75252,2.25,1.50
2012.01.19 21:44:11.566,6.74923,6.75282,2.25,1.50
2012.01.19 21:44:12.189,6.74923,6.75282,2.25,1.50
2012.01.19 21:44:16.386,6.74923,6.75242,2.25,1.50
2012.01.19 21:44:16.877,6.74923,6.75242,2.25,1.50
2012.01.19 21:44:16.948,6.74923,6.75222,2.25,1.50
2012.01.19 21:44:17.846,6.74923,6.75213,1.50,1.50
2012.01.19 21:44:18.559,6.74923,6.75203,1.50,1.50
2012.01.19 21:44:18.686,6.74923,6.75233,1.50,1.50
2012.01.19 21:44:21.807,6.74923,6.75202,2.25,1.50
2012.01.19 21:44:22.135,6.74923,6.75202,1.50,1.50
2012.01.19 21:44:25.158,6.74923,6.75202,2.25,1.50
2012.01.19 21:44:25.377,6.74923,6.75202,1.50,1.50
2012.01.19 21:44:28.808,6.74923,6.75202,1.50,1.50
2012.01.19 21:44:31.336,6.74923,6.75252,1.50,1.50
2012.01.19 21:44:31.790,6.74923,6.75212,1.50,1.50
2012.01.19 21:44:32.781,6.74923,6.752,1.50,1.50
2012.01.19 21:44:34.259,6.74923,6.75179,1.50,1.50
2012.01.19 21:44:36.017,6.74923,6.75179,1.50,1.50
2012.01.19 21:44:36.571,6.74923,6.75192,1.50,1.50
2012.01.19 21:44:39.321,6.74923,6.75179,1.50,1.50
2012.01.19 21:44:40.977,6.74923,6.75192,1.50,1.50
2012.01.19 21:44:45.800,6.74923,6.75179,1.50,1.50
2012.01.19 21:44:47.460,6.74923,6.75192,1.50,1.50
2012.01.19 21:44:50.649,6.74923,6.75179,1.50,1.50
2012.01.19 21:44:51.972,6.74813,6.75179,1.50,1.50
2012.01.19 21:44:54.326,6.74849,6.75222,1.50,1.50
2012.01.19 21:44:59.478,6.74873,6.75332,1.50,1.50
2012.01.19 21:44:59.546,6.74873,6.75332,1.50,1.50
2012.01.19 21:45:00.039,6.74873,6.75322,1.50,1.50
2012.01.19 21:45:00.218,6.74873,6.75322,1.50,1.50
2012.01.19 21:45:00.769,6.74869,6.75302,1.50,1.50
2012.01.19 21:45:00.994,6.74873,6.75268,1.11,1.15
2012.01.19 21:45:01.326,6.74907,6.75268,1.11,1.15
2012.01.19 21:45:01.635,6.74905,6.75292,1.50,1.50
2012.01.19 21:45:02.130,6.74905,6.75302,1.50,1.50
2012.01.19 21:45:07.233,6.74913,6.75313,1.50,1.50
2012.01.19 21:45:17.397,6.7493,6.75283,1.50,1.50
2012.01.19 21:45:20.593,6.7493,6.75293,1.50,1.50
2012.01.19 21:45:20.653,6.7493,6.75293,1.50,1.50
2012.01.19 21:45:23.345,6.7493,6.75293,1.50,1.50
2012.01.19 21:45:23.782,6.7493,6.75293,1.50,1.50
2012.01.19 21:45:33.235,6.74957,6.75312,1.50,1.50
2012.01.19 21:45:33.924,6.74942,6.75302,1.50,1.50
2012.01.19 21:45:36.062,6.74942,6.75302,1.50,1.50
2012.01.19 21:45:36.266,6.74942,6.75302,1.50,1.50
2012.01.19 21:45:38.575,6.74942,6.75302,1.50,1.50
2012.01.19 21:45:38.853,6.74942,6.75302,1.50,1.50
2012.01.19 21:45:41.214,6.74996,6.75342,1.50,1.50
2012.01.19 21:45:41.819,6.74944,6.75302,1.50,1.50
2012.01.19 21:45:41.880,6.74944,6.75293,1.50,1.50
2012.01.19 21:45:42.042,6.74944,6.75293,1.50,1.50
2012.01.19 21:45:46.918,6.74944,6.75293,1.50,1.50
2012.01.19 21:45:47.344,6.74944,6.75293,1.50,1.50
2012.01.19 21:45:48.815,6.74944,6.75293,1.50,1.50
2012.01.19 21:45:49.112,6.74944,6.75293,1.50,1.50
2012.01.19 21:45:51.206,6.74944,6.75293,1.50,1.50
2012.01.19 21:45:51.784,6.74944,6.75293,1.50,1.50
2012.01.19 21:45:53.515,6.74944,6.75293,1.50,1.50
2012.01.19 21:45:53.738,6.74944,6.75302,1.50,1.50
2012.01.19 21:46:04.917,6.74944,6.75302,1.50,1.50
2012.01.19 21:46:05.498,6.74944,6.75293,1.50,1.50
2012.01.19 21:46:06.546,6.74944,6.75293,1.50,1.50
2012.01.19 21:46:06.846,6.74944,6.75302,1.50,1.50
2012.01.19 21:46:07.064,6.74934,6.75293,1.50,1.50
2012.01.19 21:46:07.316,6.74934,6.75282,1.50,1.50
2012.01.19 21:46:09.707,6.74934,6.75278,1.50,1.50
2012.01.19 21:46:12.566,6.74934,6.75278,1.50,1.50
2012.01.19 21:46:17.522,6.74934,6.75278,1.50,1.50
2012.01.19 21:46:17.588,6.74934,6.75278,1.50,1.50
2012.01.19 21:46:30.876,6.74934,6.75292,1.50,1.50
2012.01.19 21:46:33.967,6.74934,6.75278,1.50,1.50
2012.01.19 21:46:34.276,6.74922,6.75266,1.50,1.50
2012.01.19 21:46:34.816,6.74922,6.75266,1.50,1.50
2012.01.19 21:46:39.874,6.74922,6.75266,1.50,1.50
2012.01.19 21:46:39.942,6.74922,6.75266,1.50,1.50
2012.01.19 21:46:40.484,6.74922,6.75266,1.50,1.50
2012.01.19 21:46:40.616,6.74922,6.75266,1.50,1.50
2012.01.19 21:46:41.102,6.74922,6.75266,1.50,1.50
2012.01.19 21:46:43.313,6.74922,6.75266,1.50,1.50
2012.01.19 21:46:43.437,6.74906,6.75263,1.50,1.50
2012.01.19 21:46:43.508,6.74906,6.75263,1.50,1.50
2012.01.19 21:46:44.083,6.74907,6.75263,1.50,1.50
2012.01.19 21:46:44.994,6.74886,6.75252,1.50,1.50
2012.01.19 21:46:45.256,6.74886,6.75252,1.50,1.50
2012.01.19 21:46:45.613,6.74886,6.7523,1.50,1.50
2012.01.19 21:46:45.673,6.74886,6.7523,1.50,1.50
2012.01.19 21:46:46.553,6.74886,6.75263,1.50,1.50
2012.01.19 21:46:47.378,6.74886,6.7523,1.50,1.50
2012.01.19 21:46:48.551,6.74886,6.7523,1.50,1.50
2012.01.19 21:46:48.614,6.74886,6.75253,1.50,1.50
2012.01.19 21:46:49.044,6.74886,6.75253,1.50,1.50
2012.01.19 21:46:53.563,6.74886,6.7523,1.50,1.50
2012.01.19 21:46:53.659,6.74886,6.75232,1.50,1.50
2012.01.19 21:46:53.728,6.74886,6.75232,1.50,1.50
2012.01.19 21:46:54.104,6.74886,6.75232,1.50,1.50
2012.01.19 21:46:54.174,6.74886,6.7523,1.50,1.50
2012.01.19 21:46:55.896,6.74886,6.7523,1.50,1.50
2012.01.19 21:46:56.032,6.74886,6.7523,1.50,1.50
2012.01.19 21:46:57.335,6.74886,6.7523,1.50,1.50
2012.01.19 21:46:57.405,6.74886,6.7523,1.50,1.50
2012.01.19 21:46:57.474,6.74886,6.7523,1.50,1.50
2012.01.19 21:46:58.415,6.74886,6.7523,1.50,1.50
2012.01.19 21:46:58.874,6.74865,6.75211,1.50,1.50
2012.01.19 21:47:00.363,6.74865,6.75211,1.50,1.50
2012.01.19 21:47:00.667,6.74865,6.75243,1.50,1.50
2012.01.19 21:47:00.795,6.74875,6.75243,1.50,1.50
2012.01.19 21:47:00.924,6.74875,6.75243,1.50,1.50
2012.01.19 21:47:01.480,6.74875,6.75221,1.50,1.50
2012.01.19 21:47:02.186,6.74875,6.75222,1.50,1.50
2012.01.19 21:47:02.254,6.74875,6.75222,1.50,1.50
2012.01.19 21:47:02.575,6.74875,6.75252,1.50,1.50
2012.01.19 21:47:05.976,6.74875,6.75221,1.50,1.50
2012.01.19 21:47:06.365,6.74875,6.75221,1.50,1.50
2012.01.19 21:47:06.839,6.74875,6.75221,1.50,1.50
2012.01.19 21:47:07.800,6.74875,6.75221,1.50,1.50
2012.01.19 21:47:10.398,6.74875,6.75221,1.50,1.50
2012.01.19 21:47:10.715,6.74875,6.75221,1.50,1.50
2012.01.19 21:47:13.573,6.74875,6.75221,1.50,1.50
2012.01.19 21:47:13.633,6.74875,6.75221,1.50,1.50
2012.01.19 21:47:13.905,6.74875,6.75221,1.50,1.50
2012.01.19 21:47:15.298,6.74875,6.75221,1.50,1.50
2012.01.19 21:47:16.544,6.74875,6.75221,1.50,1.50
2012.01.19 21:47:17.258,6.74857,6.75203,1.50,1.50
2012.01.19 21:47:17.585,6.74857,6.75203,1.50,1.50
2012.01.19 21:47:18.576,6.74837,6.75181,1.50,1.50
2012.01.19 21:47:20.402,6.74837,6.75181,1.50,1.50
2012.01.19 21:47:22.928,6.74852,6.75198,1.50,1.50
2012.01.19 21:47:24.797,6.74852,6.75198,1.50,1.50
2012.01.19 21:47:24.864,6.74852,6.75198,1.50,1.50
2012.01.19 21:47:25.006,6.74875,6.75219,1.50,1.50
2012.01.19 21:47:27.686,6.74875,6.75219,1.50,1.50
2012.01.19 21:47:27.817,6.74921,6.75265,1.50,1.50
2012.01.19 21:47:28.004,6.749,6.75246,1.50,1.50
2012.01.19 21:47:28.073,6.749,6.75246,1.50,1.50
2012.01.19 21:47:28.134,6.749,6.75246,1.50,1.50
2012.01.19 21:47:28.350,6.749,6.75246,1.50,1.50
2012.01.19 21:47:29.648,6.74885,6.75229,1.50,1.50
2012.01.19 21:47:36.896,6.74885,6.75229,1.50,1.50
2012.01.19 21:47:36.962,6.74885,6.75229,1.50,1.50
2012.01.19 21:47:37.953,6.74885,6.75229,1.50,1.50
2012.01.19 21:47:38.105,6.74885,6.75229,1.50,1.50
2012.01.19 21:47:41.354,6.74885,6.75229,1.50,1.50
2012.01.19 21:47:54.610,6.74885,6.75229,1.50,1.50
2012.01.19 21:47:57.620,6.74885,6.75229,1.50,1.50
2012.01.19 21:47:57.992,6.74885,6.75229,1.50,1.50
2012.01.19 21:48:02.047,6.74885,6.75229,1.50,1.50
2012.01.19 21:48:02.477,6.74885,6.75229,1.50,1.50
2012.01.19 21:48:04.106,6.74885,6.75229,1.50,1.50
2012.01.19 21:48:04.346,6.74885,6.75229,1.50,1.50
2012.01.19 21:48:07.656,6.74837,6.75181,1.50,1.50
2012.01.19 21:48:08.273,6.74853,6.75197,1.50,1.50
2012.01.19 21:48:09.126,6.74853,6.75197,1.50,1.50
2012.01.19 21:48:12.124,6.74853,6.75197,1.50,1.50
2012.01.19 21:48:12.363,6.74853,6.75197,1.50,1.50
2012.01.19 21:48:12.941,6.74853,6.75197,1.50,1.50
2012.01.19 21:48:13.324,6.74853,6.75197,1.50,1.50
2012.01.19 21:48:14.424,6.74853,6.75203,1.50,1.50
2012.01.19 21:48:17.655,6.74853,6.75197,1.50,1.50
2012.01.19 21:48:18.794,6.74853,6.75173,1.50,1.50
2012.01.19 21:48:19.044,6.74841,6.75124,1.50,1.50
2012.01.19 21:48:19.235,6.74769,6.75124,2.25,1.50
2012.01.19 21:48:19.322,6.74769,6.75124,2.25,1.50
2012.01.19 21:48:21.887,6.74769,6.75089,2.25,1.50
2012.01.19 21:48:22.936,6.74769,6.75089,2.25,1.50
2012.01.19 21:48:24.916,6.74769,6.75089,2.25,1.50
2012.01.19 21:48:25.727,6.74808,6.75102,1.50,1.50
2012.01.19 21:48:29.427,6.74769,6.75089,2.25,1.50
2012.01.19 21:48:32.475,6.74769,6.75124,2.25,2.25
2012.01.19 21:48:32.555,6.74769,6.75124,2.25,2.25
2012.01.19 21:48:32.685,6.74769,6.75095,2.25,1.50
2012.01.19 21:48:38.228,6.74778,6.75095,1.50,1.50
2012.01.19 21:48:38.300,6.74769,6.75101,2.25,1.50
2012.01.19 21:48:38.630,6.74769,6.7511,2.25,1.50
2012.01.19 21:48:41.981,6.74788,6.75109,1.50,1.50
2012.01.19 21:48:42.734,6.74777,6.75109,1.50,1.50
2012.01.19 21:48:51.759,6.74769,6.7511,2.25,1.50
2012.01.19 21:48:52.292,6.74786,6.7511,1.50,1.50
2012.01.19 21:48:52.643,6.74771,6.75117,1.50,1.50
2012.01.19 21:48:55.846,6.74787,6.7511,1.50,1.50
2012.01.19 21:48:58.127,6.74772,6.7511,1.50,1.50
2012.01.19 21:48:59.630,6.74771,6.75094,1.50,1.50
2012.01.19 21:48:59.701,6.74771,6.75094,1.50,1.50
2012.01.19 21:48:59.766,6.74771,6.75093,1.50,1.50
2012.01.19 21:48:59.838,6.74769,6.75056,2.25,1.50
2012.01.19 21:49:00.151,6.74769,6.75081,2.25,1.50
2012.01.19 21:49:06.725,6.74769,6.75081,2.25,1.50
2012.01.19 21:49:06.798,6.74769,6.75081,2.25,1.50
2012.01.19 21:49:06.929,6.74769,6.75081,2.25,1.50
2012.01.19 21:49:06.996,6.74769,6.75084,2.25,1.50
2012.01.19 21:49:09.377,6.74778,6.75084,1.50,1.50
2012.01.19 21:49:11.657,6.74769,6.75084,2.25,1.50
2012.01.19 21:49:14.024,6.74769,6.75084,2.25,1.50
2012.01.19 21:49:15.156,6.74769,6.75084,2.25,1.50
2012.01.19 21:49:15.316,6.74777,6.75084,1.50,1.50
2012.01.19 21:49:15.528,6.74769,6.75084,2.25,1.50
2012.01.19 21:49:20.135,6.74748,6.75068,1.50,1.50
2012.01.19 21:49:20.203,6.74724,6.75068,1.50,1.50
2012.01.19 21:49:22.438,6.74727,6.75068,1.50,1.50
2012.01.19 21:49:22.914,6.74738,6.75068,1.50,1.50
2012.01.19 21:49:24.669,6.74738,6.7507,1.50,1.50
2012.01.19 21:49:26.100,6.74738,6.7507,1.50,1.50
2012.01.19 21:49:26.318,6.74738,6.7507,1.50,1.50
2012.01.19 21:49:28.191,6.74738,6.7507,1.50,1.50
2012.01.19 21:49:28.409,6.74738,6.7507,1.50,1.50
2012.01.19 21:49:29.914,6.74758,6.7507,1.50,1.50
2012.01.19 21:49:29.992,6.74787,6.7508,1.50,1.50
2012.01.19 21:49:30.054,6.74787,6.75093,1.50,1.50
2012.01.19 21:49:30.490,6.74787,6.75106,1.50,1.50
2012.01.19 21:49:30.684,6.74762,6.75106,1.50,1.50
2012.01.19 21:49:30.803,6.74762,6.75105,1.50,1.50
2012.01.19 21:49:32.887,6.74778,6.75102,1.50,1.50
2012.01.19 21:49:33.589,6.74778,6.7509,1.50,1.50
2012.01.19 21:49:33.776,6.74767,6.7509,1.50,1.50
2012.01.19 21:49:36.886,6.74787,6.75083,1.50,1.50
2012.01.19 21:49:37.015,6.74807,6.75108,1.50,1.50
2012.01.19 21:49:37.083,6.74807,6.75108,1.50,1.50
2012.01.19 21:49:37.353,6.74807,6.75108,1.50,1.50
2012.01.19 21:49:38.935,6.74798,6.75108,1.50,1.50
2012.01.19 21:49:39.905,6.74798,6.75108,1.50,1.50
2012.01.19 21:49:40.213,6.74798,6.75102,1.50,1.50
2012.01.19 21:49:46.004,6.74797,6.75103,1.50,1.50
2012.01.19 21:49:46.641,6.74797,6.75103,1.50,1.50
2012.01.19 21:49:46.707,6.74797,6.75109,1.50,1.50
2012.01.19 21:49:49.056,6.74808,6.75112,1.50,1.50
2012.01.19 21:49:49.796,6.74808,6.75112,1.50,1.50
2012.01.19 21:49:49.983,6.74808,6.75109,1.50,1.50
2012.01.19 21:49:50.223,6.74817,6.75103,1.50,1.50
2012.01.19 21:49:52.489,6.74797,6.7509,1.50,1.50
2012.01.19 21:49:53.760,6.74807,6.75113,1.50,1.50
2012.01.19 21:49:54.064,6.74817,6.75123,1.50,1.50
2012.01.19 21:49:57.414,6.74808,6.75112,1.50,1.50
2012.01.19 21:49:57.545,6.74808,6.75112,1.50,1.50
2012.01.19 21:49:58.545,6.74808,6.75106,1.50,1.50
2012.01.19 21:50:00.351,6.74817,6.75106,1.50,1.50
2012.01.19 21:50:03.242,6.74817,6.75123,1.50,1.50
2012.01.19 21:50:04.544,6.74808,6.75112,1.50,1.50
2012.01.19 21:50:06.239,6.74808,6.75112,1.50,1.50
2012.01.19 21:50:11.554,6.74818,6.75122,1.50,1.50
2012.01.19 21:50:11.626,6.74818,6.75122,1.50,1.50
2012.01.19 21:50:13.954,6.74807,6.75113,1.50,1.50
2012.01.19 21:50:14.195,6.74807,6.75113,1.50,1.50
2012.01.19 21:50:14.478,6.74807,6.75104,1.50,1.50
2012.01.19 21:50:16.334,6.74807,6.75087,1.50,1.50
2012.01.19 21:50:16.714,6.74807,6.75113,1.50,1.50
2012.01.19 21:50:16.904,6.74807,6.75113,1.50,1.50
2012.01.19 21:50:18.874,6.74807,6.75097,1.50,1.50
2012.01.19 21:50:19.795,6.74797,6.75093,1.50,1.50
2012.01.19 21:50:20.637,6.74797,6.75079,1.50,1.50
2012.01.19 21:50:21.086,6.74807,6.75108,1.50,1.50
2012.01.19 21:50:22.863,6.74797,6.75089,1.50,1.50
2012.01.19 21:50:23.115,6.74797,6.75103,1.50,1.50
2012.01.19 21:50:23.666,6.74797,6.75103,1.50,1.50
2012.01.19 21:50:23.863,6.74797,6.75103,1.50,1.50
2012.01.19 21:50:24.193,6.74797,6.7509,1.50,1.50
2012.01.19 21:50:24.484,6.74797,6.75103,1.50,1.50
2012.01.19 21:50:24.552,6.74797,6.75091,1.50,1.50
2012.01.19 21:50:33.304,6.74797,6.75091,1.50,1.50
2012.01.19 21:50:40.635,6.74768,6.75079,1.50,1.50
2012.01.19 21:50:41.294,6.74777,6.75083,1.50,1.50
2012.01.19 21:50:43.598,6.74777,6.75079,1.50,1.50
2012.01.19 21:50:43.819,6.74777,6.75083,1.50,1.50
2012.01.19 21:50:47.889,6.74778,6.75079,1.50,1.50
2012.01.19 21:50:48.394,6.74767,6.75079,1.50,2.25
2012.01.19 21:50:48.968,6.74767,6.75079,1.50,1.50
2012.01.19 21:50:54.714,6.74788,6.75091,1.50,1.50
2012.01.19 21:50:56.168,6.74788,6.75092,1.50,1.50
2012.01.19 21:50:56.809,6.74788,6.75092,1.50,1.50
2012.01.19 21:50:59.078,6.74788,6.75092,1.50,1.50
2012.01.19 21:51:05.207,6.74778,6.75082,1.50,1.50
2012.01.19 21:51:06.428,6.74778,6.75082,1.50,1.50
2012.01.19 21:51:06.808,6.74778,6.75082,1.50,1.50
2012.01.19 21:51:06.876,6.74768,6.75072,1.50,1.50
2012.01.19 21:51:08.520,6.74768,6.75072,1.50,1.50
2012.01.19 21:51:08.737,6.74768,6.75072,1.50,1.50
2012.01.19 21:51:09.507,6.74768,6.75072,1.50,1.50
2012.01.19 21:51:10.339,6.74818,6.7511,1.50,1.50
2012.01.19 21:51:12.622,6.74818,6.75088,1.50,1.50
2012.01.19 21:51:12.752,6.74867,6.75134,1.50,1.50
2012.01.19 21:51:13.058,6.74838,6.75134,1.50,1.50
2012.01.19 21:51:13.129,6.74838,6.75115,1.50,1.50
2012.01.19 21:51:15.209,6.74798,6.75089,1.50,1.50
2012.01.19 21:51:16.301,6.74788,6.75092,1.50,1.50
2012.01.19 21:51:16.418,6.74788,6.7508,1.50,1.50
2012.01.19 21:51:20.977,6.74768,6.75072,1.50,1.50
2012.01.19 21:51:21.649,6.74758,6.75062,1.50,1.50
2012.01.19 21:51:21.775,6.74758,6.75062,1.50,1.50
2012.01.19 21:51:23.221,6.74747,6.75053,1.50,1.50
2012.01.19 21:51:23.289,6.74717,6.75025,1.50,1.50
2012.01.19 21:51:23.749,6.74757,6.75063,1.50,1.50
2012.01.19 21:51:23.879,6.74757,6.75063,1.50,1.50
2012.01.19 21:51:24.610,6.74757,6.75063,1.50,1.50
2012.01.19 21:51:24.946,6.74747,6.75053,1.50,1.50
2012.01.19 21:51:27.295,6.74728,6.75072,1.50,1.50
2012.01.19 21:51:27.535,6.74743,6.751,1.50,1.50
2012.01.19 21:51:27.755,6.74763,6.75109,1.50,1.50
2012.01.19 21:51:28.867,6.74763,6.75109,1.50,1.50
2012.01.19 21:51:30.846,6.74778,6.75109,1.50,1.50
2012.01.19 21:51:33.270,6.74778,6.75109,1.50,1.50
2012.01.19 21:51:33.599,6.74788,6.75109,1.50,1.50
2012.01.19 21:51:34.859,6.74778,6.75109,1.50,1.50
2012.01.19 21:51:35.112,6.74817,6.7516,1.50,1.50
2012.01.19 21:51:35.276,6.74814,6.7516,1.50,1.50
2012.01.19 21:51:35.349,6.74776,6.75133,1.50,1.50
2012.01.19 21:51:35.477,6.74776,6.75133,1.50,1.50
2012.01.19 21:51:37.888,6.74776,6.7512,1.50,1.50
2012.01.19 21:51:38.230,6.74808,6.7512,1.50,1.50
2012.01.19 21:51:38.826,6.74812,6.75156,1.50,1.50
2012.01.19 21:51:40.338,6.74812,6.75156,1.50,1.50
2012.01.19 21:51:41.892,6.74812,6.75156,1.50,1.50
2012.01.19 21:51:42.479,6.74808,6.75112,1.50,1.50
2012.01.19 21:51:42.790,6.74767,6.75106,1.50,1.50
2012.01.19 21:51:43.338,6.74767,6.75106,1.50,1.50
2012.01.19 21:51:50.174,6.7476,6.75113,1.50,1.50
2012.01.19 21:51:50.478,6.74773,6.75117,1.50,1.50
2012.01.19 21:51:53.321,6.74773,6.75117,1.50,1.50
2012.01.19 21:51:53.446,6.74773,6.75117,1.50,1.50
2012.01.19 21:51:53.899,6.74773,6.75117,1.50,1.50
2012.01.19 21:51:54.118,6.74773,6.75117,1.50,1.50
2012.01.19 21:51:54.186,6.74773,6.75117,1.50,1.50
2012.01.19 21:51:54.258,6.74773,6.75117,1.50,1.50
2012.01.19 21:51:54.969,6.74773,6.75117,1.50,1.50
2012.01.19 21:51:55.162,6.74809,6.75146,1.50,1.50
2012.01.19 21:51:55.231,6.74809,6.75146,1.50,1.50
2012.01.19 21:51:55.868,6.74778,6.75122,1.50,1.50
2012.01.19 21:51:55.938,6.74778,6.75122,1.50,1.50
2012.01.19 21:51:58.396,6.74778,6.75122,1.50,1.50
2012.01.19 21:52:09.427,6.74778,6.75122,1.50,1.50
2012.01.19 21:52:10.487,6.74765,6.75111,1.50,1.50
2012.01.19 21:52:11.157,6.74765,6.75111,1.50,1.50
2012.01.19 21:52:14.842,6.74747,6.75053,1.50,1.50
2012.01.19 21:52:14.913,6.74705,6.75051,1.50,1.50
2012.01.19 21:52:15.388,6.74733,6.75079,1.50,1.50
2012.01.19 21:52:15.515,6.74733,6.75079,1.50,1.50
2012.01.19 21:52:15.587,6.74733,6.75079,1.50,1.50
2012.01.19 21:52:16.056,6.74733,6.75079,1.50,1.50
2012.01.19 21:52:20.755,6.74733,6.75079,1.50,1.50
2012.01.19 21:52:21.729,6.74717,6.75061,1.50,1.50
2012.01.19 21:52:21.876,6.74717,6.75061,1.50,1.50
2012.01.19 21:52:22.836,6.74717,6.75061,1.50,1.50
2012.01.19 21:52:22.991,6.74717,6.75061,1.50,1.50
2012.01.19 21:52:23.648,6.74717,6.75061,1.50,1.50
2012.01.19 21:52:23.725,6.74717,6.75061,1.50,1.50
2012.01.19 21:52:23.978,6.74717,6.75061,1.50,1.50
2012.01.19 21:52:24.197,6.74717,6.75061,2.25,1.50
2012.01.19 21:52:27.114,6.74717,6.75061,1.50,1.50
2012.01.19 21:52:28.475,6.74717,6.75061,1.50,1.50
2012.01.19 21:52:28.939,6.74717,6.75061,1.50,1.50
2012.01.19 21:52:29.146,6.74717,6.75061,1.50,1.50
2012.01.19 21:52:30.760,6.74717,6.75061,1.50,1.50
2012.01.19 21:52:30.888,6.74717,6.75061,1.50,1.50
2012.01.19 21:52:31.015,6.74717,6.75061,1.50,1.50
2012.01.19 21:52:31.955,6.74717,6.75061,1.50,1.50
2012.01.19 21:52:32.154,6.74717,6.75061,1.50,1.50
2012.01.19 21:52:34.107,6.74717,6.75061,1.50,1.50
2012.01.19 21:52:36.884,6.74712,6.75056,1.50,1.50
2012.01.19 21:52:36.957,6.74712,6.75056,1.50,1.50
2012.01.19 21:52:38.183,6.74697,6.75035,1.50,1.50
2012.01.19 21:52:38.258,6.74712,6.75056,1.50,1.50
2012.01.19 21:52:41.135,6.74712,6.75056,1.50,1.50
2012.01.19 21:52:41.204,6.74712,6.75056,1.50,1.50
2012.01.19 21:52:41.373,6.74712,6.75056,1.50,1.50
2012.01.19 21:52:44.937,6.74712,6.75056,1.50,1.50
2012.01.19 21:52:46.860,6.74712,6.75056,1.50,1.50
2012.01.19 21:52:47.405,6.74712,6.75056,1.50,1.50
2012.01.19 21:52:47.625,6.74712,6.75056,1.50,1.50
2012.01.19 21:52:47.904,6.74712,6.75056,1.50,1.50
2012.01.19 21:52:57.945,6.74712,6.75056,1.50,1.50
2012.01.19 21:52:58.594,6.74712,6.75056,1.50,1.50
2012.01.19 21:52:59.018,6.74712,6.75056,1.50,1.50
2012.01.19 21:52:59.147,6.7469,6.75036,1.50,1.50
2012.01.19 21:52:59.936,6.7469,6.75036,1.50,1.50
2012.01.19 21:53:00.123,6.74708,6.75052,1.50,1.50
2012.01.19 21:53:05.295,6.74708,6.75052,1.50,1.50
2012.01.19 21:53:09.714,6.74708,6.75052,1.50,1.50
2012.01.19 21:53:10.715,6.74708,6.75052,1.50,1.50
2012.01.19 21:53:20.183,6.74708,6.75052,1.50,1.50
2012.01.19 21:53:20.604,6.74708,6.75052,1.50,1.50
2012.01.19 21:53:20.827,6.74708,6.75052,2.25,1.50
2012.01.19 21:53:21.396,6.74708,6.75052,1.50,1.50
2012.01.19 21:53:27.373,6.74718,6.75052,1.50,1.50
2012.01.19 21:53:29.784,6.74737,6.75074,1.50,1.50
2012.01.19 21:53:30.023,6.74756,6.751,1.50,1.50
2012.01.19 21:53:34.909,6.74756,6.751,1.50,1.50
2012.01.19 21:53:36.117,6.74756,6.751,1.50,1.50
2012.01.19 21:53:36.245,6.74756,6.751,1.50,1.50
2012.01.19 21:53:36.316,6.74756,6.75098,1.50,1.50
2012.01.19 21:53:36.504,6.74756,6.75098,1.50,1.50
2012.01.19 21:53:36.575,6.74756,6.751,1.50,1.50
2012.01.19 21:53:36.704,6.74756,6.75095,1.50,1.50
2012.01.19 21:53:36.777,6.74756,6.75095,1.50,1.50
2012.01.19 21:53:36.903,6.74756,6.75095,1.50,1.50
2012.01.19 21:53:39.032,6.74756,6.75095,1.50,1.50
2012.01.19 21:53:40.309,6.74756,6.751,1.50,1.50
2012.01.19 21:53:40.849,6.74756,6.751,1.50,1.50
2012.01.19 21:53:41.974,6.74756,6.751,1.50,1.50
2012.01.19 21:53:43.160,6.74738,6.75081,1.50,1.50
2012.01.19 21:53:43.706,6.74748,6.75081,1.50,1.50
2012.01.19 21:53:43.773,6.74738,6.75081,1.50,1.50
2012.01.19 21:53:44.221,6.74757,6.75081,1.50,1.50
2012.01.19 21:53:44.404,6.74757,6.75081,1.50,1.50
2012.01.19 21:53:45.038,6.74755,6.75101,1.50,1.50
2012.01.19 21:53:45.166,6.74755,6.75098,1.50,1.50
2012.01.19 21:53:45.294,6.74742,6.75086,1.50,1.50
2012.01.19 21:53:46.057,6.74742,6.75086,1.50,1.50
2012.01.19 21:53:46.356,6.74742,6.75086,1.50,1.50
2012.01.19 21:53:46.620,6.74742,6.75086,1.50,1.50
2012.01.19 21:53:46.746,6.74742,6.75086,1.50,1.50
2012.01.19 21:53:47.099,6.74733,6.75077,1.50,1.50
2012.01.19 21:53:47.607,6.74733,6.75077,1.50,1.50
2012.01.19 21:53:51.460,6.74758,6.75104,1.50,1.50
2012.01.19 21:53:52.995,6.74768,6.75104,1.50,1.50
2012.01.19 21:53:53.875,6.74758,6.75104,2.25,1.50
2012.01.19 21:53:55.645,6.74758,6.75104,1.50,1.50
2012.01.19 21:53:56.124,6.7476,6.75104,1.50,1.50
2012.01.19 21:53:57.016,6.7476,6.75104,1.50,1.50
2012.01.19 21:54:06.757,6.74768,6.75104,1.50,1.50
2012.01.19 21:54:06.823,6.7476,6.75104,1.50,1.50
2012.01.19 21:54:08.387,6.7476,6.75104,1.50,1.50
2012.01.19 21:54:08.734,6.7476,6.75104,1.50,1.50
2012.01.19 21:54:09.605,6.7476,6.75104,1.50,1.50
2012.01.19 21:54:09.673,6.7476,6.75104,1.50,1.50
2012.01.19 21:54:10.336,6.7476,6.75104,1.50,1.50
2012.01.19 21:54:10.563,6.7476,6.75104,1.50,1.50
2012.01.19 21:54:14.007,6.74767,6.75104,1.50,1.50
2012.01.19 21:54:14.786,6.7476,6.75104,1.50,1.50
2012.01.19 21:54:15.056,6.7476,6.75104,1.50,1.50
2012.01.19 21:54:15.435,6.74768,6.75104,1.50,1.50
2012.01.19 21:54:16.734,6.7476,6.75104,1.50,1.50
2012.01.19 21:54:17.279,6.7476,6.75104,1.50,1.50
2012.01.19 21:54:17.416,6.7476,6.75104,1.50,1.50
2012.01.19 21:54:18.625,6.7476,6.75104,1.50,1.50
2012.01.19 21:54:19.224,6.7476,6.75104,1.50,1.50
2012.01.19 21:54:22.977,6.7476,6.75104,1.50,1.50
2012.01.19 21:54:23.907,6.7476,6.75104,1.50,1.50
2012.01.19 21:54:24.333,6.74738,6.75093,1.50,1.50
2012.01.19 21:54:24.394,6.74727,6.75093,1.50,1.50
2012.01.19 21:54:25.449,6.74737,6.75093,1.50,1.50
2012.01.19 21:54:25.515,6.74737,6.75109,1.50,1.50
2012.01.19 21:54:27.204,6.74747,6.75109,1.50,1.50
2012.01.19 21:54:27.423,6.74738,6.75109,1.50,1.50
2012.01.19 21:54:33.914,6.74757,6.75109,1.50,1.50
2012.01.19 21:54:34.195,6.74767,6.75109,1.50,1.50
2012.01.19 21:54:34.576,6.74757,6.75109,1.50,1.50
2012.01.19 21:54:36.236,6.74737,6.75109,1.50,1.50
2012.01.19 21:54:37.213,6.74748,6.75109,1.50,1.50
2012.01.19 21:54:38.206,6.74767,6.75109,1.50,1.50
2012.01.19 21:54:38.337,6.74767,6.75124,1.50,1.50
2012.01.19 21:54:40.212,6.74788,6.75124,1.50,1.50
2012.01.19 21:54:41.065,6.74778,6.75124,1.50,1.50
2012.01.19 21:54:41.316,6.74787,6.75124,1.50,1.50
2012.01.19 21:54:41.696,6.74768,6.75124,1.50,1.50
2012.01.19 21:54:41.764,6.74768,6.7511,1.50,1.50
2012.01.19 21:54:41.884,6.74758,6.7511,1.50,1.50
2012.01.19 21:54:47.054,6.74748,6.7511,1.50,1.50
2012.01.19 21:54:52.503,6.74737,6.7511,1.50,1.50
2012.01.19 21:54:58.557,6.74727,6.7511,1.50,1.50
2012.01.19 21:54:59.605,6.74727,6.75096,1.50,1.50
2012.01.19 21:55:02.413,6.74738,6.75096,1.50,1.50
2012.01.19 21:55:07.646,6.74757,6.75096,1.50,1.50
2012.01.19 21:55:13.752,6.74757,6.75116,1.50,1.50
2012.01.19 21:55:14.015,6.74757,6.75092,1.50,1.50
2012.01.19 21:55:16.655,6.74747,6.75092,1.50,1.50
2012.01.19 21:55:30.894,6.74747,6.75117,1.50,1.50
2012.01.19 21:55:32.274,6.74718,6.75117,1.50,1.50
2012.01.19 21:55:32.501,6.74718,6.75095,1.50,1.50
2012.01.19 21:55:32.997,6.74708,6.75072,1.50,1.50
2012.01.19 21:55:47.813,6.74717,6.75072,1.50,1.50
2012.01.19 21:55:48.432,6.74727,6.75072,1.50,1.50
2012.01.19 21:55:48.655,6.74717,6.75072,1.50,1.50
2012.01.19 21:55:49.485,6.74717,6.75072,1.50,1.50
2012.01.19 21:55:49.884,6.74717,6.75072,1.50,1.50
2012.01.19 21:55:50.566,6.74717,6.75072,1.50,1.50
2012.01.19 21:55:51.353,6.74728,6.75072,1.50,1.50
2012.01.19 21:55:51.684,6.74718,6.75072,1.50,1.50
2012.01.19 21:55:55.924,6.74717,6.75072,1.50,1.50
2012.01.19 21:55:56.417,6.74727,6.75072,1.50,1.50
2012.01.19 21:55:56.682,6.74718,6.75072,1.50,1.50
2012.01.19 21:55:58.614,6.74717,6.75072,1.50,1.50
2012.01.19 21:55:58.952,6.74717,6.75072,1.50,1.50
2012.01.19 21:56:07.635,6.74718,6.75072,1.50,1.50
2012.01.19 21:56:08.455,6.74718,6.75072,1.50,1.50
2012.01.19 21:56:08.962,6.74718,6.75072,1.50,1.50
2012.01.19 21:56:09.625,6.74718,6.75058,1.50,1.50
2012.01.19 21:56:11.814,6.74718,6.75074,1.50,1.50
2012.01.19 21:56:12.428,6.74718,6.75074,1.50,1.50
2012.01.19 21:56:26.823,6.74727,6.75074,1.50,1.50
2012.01.19 21:56:30.125,6.74717,6.75074,1.50,1.50
2012.01.19 21:56:34.011,6.74717,6.75074,1.50,1.50
2012.01.19 21:56:36.572,6.74717,6.75056,1.50,1.50
2012.01.19 21:56:40.632,6.74717,6.75056,1.50,1.50
2012.01.19 21:56:42.146,6.74737,6.75056,1.50,1.50
2012.01.19 21:56:44.884,6.74767,6.75073,1.50,1.50
2012.01.19 21:56:49.985,6.74758,6.7507,1.50,1.50
2012.01.19 21:56:50.427,6.74738,6.7507,1.50,1.50
2012.01.19 21:56:53.570,6.74727,6.7507,1.50,1.50
2012.01.19 21:56:53.883,6.74727,6.75096,1.50,1.50
2012.01.19 21:56:54.213,6.74737,6.75096,1.50,1.50
2012.01.19 21:56:54.386,6.74737,6.75096,1.50,1.50
2012.01.19 21:56:55.267,6.74728,6.75096,1.50,1.50
2012.01.19 21:56:55.333,6.74727,6.75096,1.50,1.50
2012.01.19 21:56:55.593,6.74728,6.75096,1.50,1.50
2012.01.19 21:56:56.917,6.74738,6.75096,1.50,1.50
2012.01.19 21:56:57.872,6.74728,6.75096,1.50,1.50
2012.01.19 21:56:59.015,6.74728,6.75072,1.50,1.50
2012.01.19 21:56:59.084,6.74707,6.75072,1.50,1.50
2012.01.19 21:56:59.693,6.74728,6.75072,1.50,1.50
2012.01.19 21:56:59.817,6.74728,6.7509,1.50,1.50
2012.01.19 21:57:05.046,6.74728,6.75094,1.50,1.50
2012.01.19 21:57:05.115,6.74778,6.75089,1.50,1.50
2012.01.19 21:57:05.185,6.74747,6.75089,1.50,1.50
2012.01.19 21:57:05.934,6.74798,6.75102,1.50,1.50
2012.01.19 21:57:06.964,6.74748,6.75089,1.50,1.50
2012.01.19 21:57:07.635,6.74748,6.751,1.50,1.50
2012.01.19 21:57:08.073,6.74728,6.751,1.50,1.50
2012.01.19 21:57:08.907,6.74718,6.751,1.50,1.50
2012.01.19 21:57:09.284,6.74708,6.751,1.50,1.50
2012.01.19 21:57:09.896,6.74718,6.751,1.50,1.50
2012.01.19 21:57:09.964,6.74707,6.751,1.50,1.50
2012.01.19 21:57:10.274,6.74718,6.751,1.50,1.50
2012.01.19 21:57:10.774,6.74708,6.751,1.50,1.50
2012.01.19 21:57:11.045,6.74718,6.751,1.50,1.50
2012.01.19 21:57:11.324,6.74708,6.751,1.50,1.50
2012.01.19 21:57:11.385,6.74717,6.751,1.50,1.50
2012.01.19 21:57:15.284,6.74707,6.751,1.50,1.50
2012.01.19 21:57:16.004,6.74718,6.751,1.50,1.50
2012.01.19 21:57:17.318,6.74718,6.75072,1.50,1.50
2012.01.19 21:57:17.806,6.74728,6.75072,1.50,1.50
2012.01.19 21:57:18.357,6.74728,6.75088,1.50,1.50
2012.01.19 21:57:18.672,6.74717,6.75088,1.50,1.50
2012.01.19 21:57:18.864,6.74728,6.75088,1.50,1.50
2012.01.19 21:57:19.172,6.74757,6.75088,1.50,1.50
2012.01.19 21:57:19.293,6.74757,6.75109,1.50,1.50
2012.01.19 21:57:20.015,6.74758,6.75109,1.50,1.50
2012.01.19 21:57:21.117,6.74747,6.75109,1.50,1.50
2012.01.19 21:57:24.309,6.74758,6.75109,1.50,1.50
2012.01.19 21:57:24.525,6.74748,6.75109,1.50,1.50
2012.01.19 21:57:25.518,6.74737,6.75109,1.50,1.50
2012.01.19 21:57:26.054,6.74737,6.75091,1.50,1.50
2012.01.19 21:57:26.507,6.74748,6.75091,1.50,1.50
2012.01.19 21:57:27.050,6.74768,6.75129,1.50,1.50
2012.01.19 21:57:27.625,6.74778,6.75129,1.50,1.50
2012.01.19 21:57:27.693,6.74767,6.75129,1.50,1.50
2012.01.19 21:57:28.094,6.74758,6.75129,1.50,1.50
2012.01.19 21:57:37.553,6.74758,6.75133,1.50,1.50
2012.01.19 21:57:42.272,6.74758,6.75133,1.50,1.50
2012.01.19 21:57:43.443,6.74747,6.75133,1.50,1.50
2012.01.19 21:57:46.744,6.74738,6.75133,1.50,1.50
2012.01.19 21:57:53.894,6.74748,6.75133,1.50,1.50
2012.01.19 21:57:54.655,6.74698,6.75097,1.50,1.50
2012.01.19 21:57:56.714,6.74708,6.75097,1.50,1.50
2012.01.19 21:57:56.825,6.74708,6.75097,1.50,1.50
2012.01.19 21:57:57.588,6.74707,6.75097,1.50,1.50
2012.01.19 21:58:02.815,6.74708,6.75097,1.50,1.50
2012.01.19 21:58:03.468,6.74708,6.75097,1.50,1.50
2012.01.19 21:58:03.623,6.74708,6.75097,1.50,1.50
2012.01.19 21:58:06.014,6.74708,6.75032,1.50,1.50
2012.01.19 21:58:06.293,6.74708,6.75012,1.50,1.50
2012.01.19 21:58:06.874,6.74707,6.75007,1.50,1.50
2012.01.19 21:58:07.113,6.74708,6.75012,1.50,1.50
2012.01.19 21:58:07.253,6.74708,6.75017,1.50,1.50
2012.01.19 21:58:09.514,6.74707,6.75017,1.50,1.50
2012.01.19 21:58:10.053,6.74708,6.75017,1.50,1.50
2012.01.19 21:58:10.821,6.74708,6.75017,1.50,1.50
2012.01.19 21:58:15.443,6.74707,6.75017,1.50,1.50
2012.01.19 21:58:19.222,6.74728,6.75032,1.50,1.50
2012.01.19 21:58:25.418,6.74755,6.75073,1.50,1.50
2012.01.19 21:58:25.603,6.74758,6.75073,1.50,1.50
2012.01.19 21:58:28.373,6.74757,6.75063,1.50,1.50
2012.01.19 21:58:36.641,6.74757,6.75073,1.50,1.50
2012.01.19 21:58:37.602,6.74747,6.75073,1.50,1.50
2012.01.19 21:58:37.952,6.74747,6.7507,1.50,1.50
2012.01.19 21:58:38.522,6.74758,6.7507,1.50,1.50
2012.01.19 21:58:47.731,6.74777,6.75083,1.50,1.50
2012.01.19 21:58:48.044,6.74767,6.75082,1.50,1.50
2012.01.19 21:58:48.568,6.74777,6.75083,1.50,1.50
2012.01.19 21:58:52.775,6.74777,6.75083,1.50,1.50
2012.01.19 21:58:53.132,6.74777,6.75087,1.50,1.50
2012.01.19 21:58:54.459,6.74758,6.75087,1.50,1.50
2012.01.19 21:58:54.583,6.74758,6.75063,1.50,1.50
2012.01.19 21:58:55.558,6.74768,6.75072,1.50,1.50
2012.01.19 21:58:56.711,6.74758,6.75063,1.50,1.50
2012.01.19 21:58:57.586,6.74768,6.75072,1.50,1.50
2012.01.19 21:58:58.921,6.74788,6.75092,1.50,1.50
2012.01.19 21:59:00.587,6.74846,6.75092,0.75,0.75
2012.01.19 21:59:00.713,6.74846,6.7511,0.75,0.75
2012.01.19 21:59:02.085,6.7482,6.75082,0.75,0.75
2012.01.19 21:59:02.943,6.74839,6.75103,0.75,0.75
2012.01.19 21:59:13.567,6.74821,6.75083,0.75,0.75
2012.01.19 21:59:13.917,6.74821,6.75072,0.75,0.75
2012.01.19 21:59:14.334,6.74804,6.75066,0.75,0.75
2012.01.19 21:59:16.373,6.74817,6.75081,0.75,0.75
2012.01.19 21:59:18.067,6.74844,6.75103,0.75,0.75
2012.01.19 21:59:24.311,6.74827,6.75091,0.75,0.75
2012.01.19 21:59:24.377,6.74827,6.75072,0.75,0.75
2012.01.19 21:59:24.565,6.748,6.75062,0.75,0.75
2012.01.19 21:59:24.693,6.748,6.75064,0.75,0.75
2012.01.19 21:59:24.754,6.74818,6.75072,0.75,0.75
2012.01.19 21:59:24.875,6.74818,6.75082,0.75,0.75
2012.01.19 21:59:44.218,6.74833,6.75093,0.75,0.75
2012.01.19 21:59:55.592,6.74908,6.75092,0.75,0.75
2012.01.19 21:59:55.714,6.74908,6.75102,0.75,0.75
2012.01.19 21:59:57.357,6.74914,6.75102,0.75,0.75
