2013.06.11 18:00:00.383,6.56154,6.5637,1.65,1.65
2013.06.11 18:00:00.443,6.56148,6.56347,1.65,1.65
2013.06.11 18:00:00.503,6.56148,6.56347,1.65,1.65
2013.06.11 18:00:00.684,6.56148,6.56347,1.65,1.65
2013.06.11 18:00:00.805,6.56148,6.56347,2.55,1.65
2013.06.11 18:00:00.863,6.56153,6.56372,1.80,1.65
2013.06.11 18:00:01.353,6.56164,6.56372,1.65,1.65
2013.06.11 18:00:01.473,6.56154,6.56343,2.33,1.65
2013.06.11 18:00:01.712,6.56147,6.56343,2.33,1.65
2013.06.11 18:00:01.773,6.56157,6.56364,1.65,1.65
2013.06.11 18:00:01.985,6.56157,6.56364,1.65,1.65
2013.06.11 18:00:02.965,6.56157,6.56364,1.65,1.65
2013.06.11 18:00:04.742,6.56157,6.56364,1.65,1.65
2013.06.11 18:00:04.863,6.56147,6.56339,3.23,1.65
2013.06.11 18:00:04.992,6.56147,6.56339,2.33,1.65
2013.06.11 18:00:05.112,6.5612,6.56339,1.80,1.65
2013.06.11 18:00:05.172,6.56115,6.56307,1.65,1.65
2013.06.11 18:00:05.232,6.56108,6.56307,1.65,1.65
2013.06.11 18:00:05.293,6.56101,6.56307,1.65,1.65
2013.06.11 18:00:05.953,6.56103,6.56307,1.65,1.65
2013.06.11 18:00:06.012,6.56093,6.56282,2.03,1.65
2013.06.11 18:00:06.074,6.56095,6.56282,2.18,1.65
2013.06.11 18:00:08.413,6.56093,6.56282,2.93,1.65
2013.06.11 18:00:08.593,6.56103,6.56306,1.65,1.65
2013.06.11 18:00:09.282,6.56103,6.56306,1.65,1.65
2013.06.11 18:00:09.343,6.56093,6.56284,2.93,1.65
2013.06.11 18:00:09.565,6.56093,6.56284,2.93,1.65
2013.06.11 18:00:09.743,6.56093,6.56284,2.93,1.65
2013.06.11 18:00:10.039,6.56103,6.5631,1.65,1.65
2013.06.11 18:00:10.445,6.56103,6.5631,1.65,1.65
2013.06.11 18:00:10.504,6.561,6.5631,1.65,1.65
2013.06.11 18:00:10.562,6.56118,6.5631,2.70,1.65
2013.06.11 18:00:10.692,6.56116,6.5631,1.65,1.65
2013.06.11 18:00:10.812,6.56137,6.56335,1.80,1.65
2013.06.11 18:00:11.325,6.56139,6.56357,1.80,1.65
2013.06.11 18:00:12.732,6.56158,6.56357,1.80,1.65
2013.06.11 18:00:12.834,6.56246,6.5644,2.78,1.50
2013.06.11 18:00:12.903,6.56276,6.5646,1.65,1.65
2013.06.11 18:00:12.963,6.56286,6.5646,1.65,1.65
2013.06.11 18:00:13.023,6.56286,6.56505,1.65,1.13
2013.06.11 18:00:13.205,6.56286,6.56512,1.65,1.13
2013.06.11 18:00:13.924,6.56306,6.56526,1.80,1.65
2013.06.11 18:00:13.983,6.56306,6.56518,1.80,1.88
2013.06.11 18:00:14.102,6.56241,6.56486,1.65,1.65
2013.06.11 18:00:15.882,6.56239,6.56476,1.80,1.50
2013.06.11 18:00:16.343,6.56238,6.56457,1.80,1.65
2013.06.11 18:00:17.932,6.56259,6.56457,1.80,1.65
2013.06.11 18:00:18.234,6.56291,6.56515,1.80,1.65
2013.06.11 18:00:18.292,6.56312,6.56525,1.80,2.33
2013.06.11 18:00:18.902,6.56312,6.5653,1.80,2.40
2013.06.11 18:00:19.143,6.56337,6.56536,1.80,2.70
2013.06.11 18:00:19.263,6.56337,6.56555,1.80,1.50
2013.06.11 18:00:19.703,6.56337,6.5654,1.80,2.25
2013.06.11 18:00:19.823,6.56333,6.56525,1.80,1.88
2013.06.11 18:00:19.882,6.56333,6.56514,1.80,1.50
2013.06.11 18:00:20.182,6.56314,6.56514,1.80,1.50
2013.06.11 18:00:20.243,6.56314,6.56526,1.80,1.73
2013.06.11 18:00:22.288,6.56314,6.56505,1.80,1.50
2013.06.11 18:00:22.808,6.56314,6.5649,1.80,2.48
2013.06.11 18:00:22.876,6.56257,6.56476,1.80,1.65
2013.06.11 18:00:23.123,6.56283,6.56497,1.50,1.80
2013.06.11 18:00:23.242,6.56303,6.56521,1.65,1.80
2013.06.11 18:00:23.362,6.56295,6.5654,2.78,1.80
2013.06.11 18:00:23.422,6.56321,6.56553,1.80,1.65
2013.06.11 18:00:25.993,6.56328,6.56561,2.78,1.65
2013.06.11 18:00:26.352,6.56355,6.56572,1.80,1.50
2013.06.11 18:00:26.543,6.56327,6.56546,1.80,1.65
2013.06.11 18:00:26.752,6.56327,6.56529,1.80,1.50
2013.06.11 18:00:26.946,6.56327,6.56529,1.80,1.50
2013.06.11 18:00:27.193,6.56348,6.56516,1.80,1.50
2013.06.11 18:00:27.313,6.56319,6.5647,1.88,1.80
2013.06.11 18:00:27.546,6.56234,6.56417,2.10,1.80
2013.06.11 18:00:27.614,6.56183,6.56417,1.65,1.80
2013.06.11 18:00:28.894,6.56198,6.56417,1.65,1.80
2013.06.11 18:00:35.073,6.56208,6.56417,2.93,1.80
2013.06.11 18:00:35.252,6.56223,6.56434,1.73,1.65
2013.06.11 18:00:35.854,6.56222,6.56442,2.70,1.80
2013.06.11 18:00:35.914,6.56235,6.56474,1.80,1.65
2013.06.11 18:00:36.393,6.56256,6.56474,2.93,1.65
2013.06.11 18:00:36.514,6.56266,6.56482,1.65,1.65
2013.06.11 18:00:36.633,6.56277,6.56488,1.65,1.65
2013.06.11 18:00:36.693,6.56267,6.56488,2.40,1.65
2013.06.11 18:00:36.872,6.56262,6.56479,1.65,2.55
2013.06.11 18:00:38.194,6.56245,6.56459,1.65,1.65
2013.06.11 18:00:38.552,6.56172,6.56401,1.65,1.80
2013.06.11 18:00:40.733,6.56192,6.56402,1.65,1.65
2013.06.11 18:00:41.042,6.56205,6.56419,1.65,1.65
2013.06.11 18:00:41.834,6.56199,6.56401,2.03,1.80
2013.06.11 18:00:41.953,6.56145,6.56367,1.65,1.65
2013.06.11 18:00:42.012,6.56135,6.56353,1.65,2.85
2013.06.11 18:00:42.283,6.56116,6.56353,1.80,2.85
2013.06.11 18:00:42.342,6.56116,6.56335,1.80,1.65
2013.06.11 18:00:42.481,6.56114,6.5633,1.80,1.65
2013.06.11 18:00:43.186,6.56109,6.5632,1.65,1.65
2013.06.11 18:00:45.612,6.56117,6.56335,1.80,1.65
2013.06.11 18:00:45.672,6.56117,6.56335,1.80,1.65
2013.06.11 18:00:45.903,6.56118,6.5635,2.78,1.50
2013.06.11 18:00:46.082,6.56151,6.56371,1.65,1.65
2013.06.11 18:00:46.142,6.56165,6.56371,1.65,1.65
2013.06.11 18:00:47.099,6.56153,6.56371,1.65,1.65
2013.06.11 18:00:47.303,6.56165,6.56384,1.65,1.80
2013.06.11 18:00:48.803,6.56158,6.56384,1.65,1.80
2013.06.11 18:00:49.164,6.56165,6.56371,1.65,1.65
2013.06.11 18:00:49.594,6.5619,6.5639,1.65,1.65
2013.06.11 18:00:49.813,6.5619,6.564,1.65,1.65
2013.06.11 18:00:52.614,6.56196,6.5641,1.65,1.65
2013.06.11 18:00:52.883,6.56196,6.56418,1.65,1.65
2013.06.11 18:00:53.623,6.56221,6.56436,1.80,1.50
2013.06.11 18:00:53.682,6.56221,6.56439,1.80,1.65
2013.06.11 18:00:53.802,6.5624,6.56458,1.65,1.80
2013.06.11 18:00:54.103,6.56268,6.56466,1.65,1.65
2013.06.11 18:00:54.462,6.5627,6.56483,1.80,1.95
2013.06.11 18:00:54.762,6.56247,6.56475,1.80,1.65
2013.06.11 18:01:00.053,6.56271,6.56483,1.65,1.95
2013.06.11 18:01:00.172,6.56281,6.56492,1.65,1.65
2013.06.11 18:01:08.563,6.56268,6.56488,1.80,1.65
2013.06.11 18:01:08.622,6.56261,6.56485,1.65,1.80
2013.06.11 18:01:09.613,6.56221,6.56435,2.78,2.40
2013.06.11 18:01:09.733,6.56217,6.56425,1.80,2.48
2013.06.11 18:01:09.852,6.56196,6.56415,1.80,1.65
2013.06.11 18:01:11.513,6.56194,6.56415,1.80,1.65
2013.06.11 18:01:11.624,6.56187,6.56413,1.65,1.80
2013.06.11 18:01:11.923,6.56172,6.56382,1.80,1.65
2013.06.11 18:01:12.283,6.56148,6.56376,1.80,1.65
2013.06.11 18:01:12.424,6.56147,6.56365,1.65,1.80
2013.06.11 18:01:12.785,6.56148,6.56377,1.80,1.65
2013.06.11 18:01:12.907,6.56181,6.56399,1.80,1.65
2013.06.11 18:01:12.972,6.56183,6.56412,1.65,1.65
2013.06.11 18:01:14.419,6.56183,6.56399,1.65,1.80
2013.06.11 18:01:14.491,6.56153,6.5638,1.65,1.65
2013.06.11 18:01:15.533,6.56149,6.56376,1.65,1.65
2013.06.11 18:01:15.592,6.56148,6.56375,1.65,1.65
2013.06.11 18:01:15.712,6.56148,6.56375,1.65,2.55
2013.06.11 18:01:15.953,6.56184,6.56411,1.65,1.65
2013.06.11 18:01:20.213,6.56187,6.56415,1.65,1.65
2013.06.11 18:01:20.274,6.56217,6.56422,1.65,1.65
2013.06.11 18:01:22.942,6.562,6.5643,1.65,1.65
2013.06.11 18:01:23.002,6.56199,6.56418,1.65,1.80
2013.06.11 18:01:26.306,6.5618,6.56407,1.80,1.65
2013.06.11 18:01:26.493,6.56167,6.56382,2.63,2.85
2013.06.11 18:01:26.553,6.56152,6.56372,1.80,1.65
2013.06.11 18:01:26.613,6.56139,6.56372,1.65,2.55
2013.06.11 18:01:27.282,6.56154,6.56373,1.80,1.65
2013.06.11 18:01:27.814,6.56154,6.56382,1.80,2.70
2013.06.11 18:01:27.884,6.56177,6.56382,1.80,1.95
2013.06.11 18:01:27.943,6.56177,6.56393,1.80,1.50
2013.06.11 18:01:28.002,6.56179,6.56406,1.65,1.65
2013.06.11 18:01:30.023,6.5618,6.56396,1.65,1.80
2013.06.11 18:01:30.083,6.5617,6.5639,1.65,1.80
2013.06.11 18:01:30.255,6.56171,6.5639,2.48,1.80
2013.06.11 18:01:30.312,6.56181,6.56408,1.65,1.65
2013.06.11 18:01:32.913,6.5623,6.56453,1.80,1.65
2013.06.11 18:01:33.272,6.56206,6.56425,1.80,1.65
2013.06.11 18:01:33.339,6.56204,6.56428,1.80,1.65
2013.06.11 18:01:33.406,6.56184,6.56424,1.80,1.80
2013.06.11 18:01:35.243,6.56184,6.56404,1.80,1.65
2013.06.11 18:01:35.364,6.56184,6.56389,1.80,2.33
2013.06.11 18:01:35.484,6.56181,6.56389,1.80,1.65
2013.06.11 18:01:35.817,6.56161,6.56386,1.80,1.65
2013.06.11 18:01:39.832,6.5616,6.56379,1.65,1.65
2013.06.11 18:01:39.893,6.56147,6.56374,1.65,1.65
2013.06.11 18:01:40.073,6.56147,6.56352,1.65,1.95
2013.06.11 18:01:40.432,6.56136,6.5634,1.80,1.65
2013.06.11 18:01:40.741,6.56137,6.56352,1.65,2.85
2013.06.11 18:01:41.633,6.56146,6.56352,1.88,2.85
2013.06.11 18:01:41.755,6.56161,6.56369,1.65,1.65
2013.06.11 18:01:42.490,6.56167,6.56389,1.65,1.65
2013.06.11 18:01:42.564,6.56181,6.56389,1.80,1.65
2013.06.11 18:01:42.902,6.56206,6.56419,1.65,1.65
2013.06.11 18:01:43.023,6.56208,6.56424,1.88,1.65
2013.06.11 18:01:43.142,6.56206,6.56424,1.65,1.65
2013.06.11 18:01:44.837,6.56208,6.56425,1.88,1.80
2013.06.11 18:01:47.547,6.56228,6.56443,1.65,2.85
2013.06.11 18:01:48.495,6.56221,6.56433,1.65,1.65
2013.06.11 18:01:49.763,6.56232,6.56447,1.50,1.80
2013.06.11 18:01:50.446,6.56245,6.56447,2.33,1.80
2013.06.11 18:01:50.619,6.56255,6.56456,1.65,1.80
2013.06.11 18:01:50.683,6.56255,6.56469,1.65,1.65
2013.06.11 18:01:52.402,6.56248,6.56456,1.65,1.80
2013.06.11 18:01:52.522,6.56234,6.56449,1.65,1.65
2013.06.11 18:01:53.707,6.56234,6.56453,3.00,1.80
2013.06.11 18:01:53.834,6.56234,6.56453,1.65,1.80
2013.06.11 18:01:54.072,6.56234,6.56453,2.78,1.80
2013.06.11 18:01:54.373,6.56234,6.56453,1.65,1.80
2013.06.11 18:01:56.292,6.56236,6.56452,1.65,1.65
2013.06.11 18:01:56.602,6.56234,6.56452,1.65,1.65
2013.06.11 18:01:56.723,6.56235,6.56452,2.25,1.65
2013.06.11 18:01:57.144,6.56222,6.56451,1.65,1.65
2013.06.11 18:01:57.580,6.56222,6.56433,1.65,1.80
2013.06.11 18:01:57.658,6.56209,6.56424,1.65,1.65
2013.06.11 18:02:00.162,6.56217,6.56436,1.80,1.65
2013.06.11 18:02:00.521,6.56265,6.56463,1.65,1.65
2013.06.11 18:02:00.762,6.56231,6.56453,1.65,3.60
2013.06.11 18:02:01.833,6.56242,6.56443,1.65,1.65
2013.06.11 18:02:04.014,6.5625,6.56453,1.65,1.95
2013.06.11 18:02:05.204,6.56243,6.56453,1.65,2.85
2013.06.11 18:02:05.512,6.56226,6.5645,1.65,1.65
2013.06.11 18:02:05.753,6.56211,6.5644,1.65,2.55
2013.06.11 18:02:05.812,6.56211,6.56433,1.65,1.80
2013.06.11 18:02:06.075,6.56216,6.56433,1.65,1.80
2013.06.11 18:02:12.312,6.56249,6.56433,2.63,1.80
2013.06.11 18:02:12.432,6.56249,6.5645,2.63,1.65
2013.06.11 18:02:12.492,6.56259,6.56458,1.65,1.65
2013.06.11 18:02:12.552,6.56259,6.56479,1.65,1.80
2013.06.11 18:02:12.832,6.5626,6.56479,1.65,1.80
2013.06.11 18:02:13.563,6.56269,6.5648,1.65,1.65
2013.06.11 18:02:13.623,6.56272,6.56492,1.80,3.60
2013.06.11 18:02:13.803,6.56272,6.5648,1.80,1.50
2013.06.11 18:02:14.164,6.56272,6.56441,1.80,2.25
2013.06.11 18:02:14.236,6.56246,6.56441,1.80,2.25
2013.06.11 18:02:14.486,6.56225,6.56441,1.80,2.25
2013.06.11 18:02:15.512,6.56226,6.56441,2.78,2.25
2013.06.11 18:02:15.693,6.56253,6.56453,1.80,2.25
2013.06.11 18:02:15.814,6.56253,6.5648,1.80,1.65
2013.06.11 18:02:16.054,6.56283,6.56494,1.80,1.50
2013.06.11 18:02:16.358,6.56283,6.56501,1.80,2.40
2013.06.11 18:02:17.264,6.56283,6.56499,1.80,2.18
2013.06.11 18:02:17.795,6.56283,6.56473,1.80,2.70
2013.06.11 18:02:17.934,6.56235,6.5644,1.80,1.65
2013.06.11 18:02:17.992,6.56215,6.5644,1.80,1.65
2013.06.11 18:02:19.643,6.56235,6.5644,1.80,1.65
2013.06.11 18:02:19.825,6.5625,6.56467,1.80,1.65
2013.06.11 18:02:19.943,6.5625,6.56473,1.80,2.85
2013.06.11 18:02:23.265,6.5627,6.56484,1.80,1.65
2013.06.11 18:02:23.513,6.56282,6.565,1.65,1.65
2013.06.11 18:02:23.693,6.56278,6.56492,2.55,1.95
2013.06.11 18:02:23.885,6.56252,6.56476,1.80,1.65
2013.06.11 18:02:24.183,6.56252,6.56452,1.80,1.95
2013.06.11 18:02:24.482,6.56226,6.56444,1.80,1.65
2013.06.11 18:02:26.222,6.56215,6.56442,1.65,1.65
2013.06.11 18:02:26.283,6.56205,6.56422,3.83,1.80
2013.06.11 18:02:26.733,6.56215,6.56442,1.65,1.65
2013.06.11 18:02:27.153,6.5621,6.56442,2.55,1.65
2013.06.11 18:02:27.333,6.5621,6.56429,1.65,1.80
2013.06.11 18:02:30.812,6.56185,6.5641,1.65,1.80
2013.06.11 18:02:31.133,6.56157,6.56379,1.80,1.65
2013.06.11 18:02:31.422,6.56152,6.56375,1.65,1.80
2013.06.11 18:02:35.064,6.56152,6.56379,1.65,1.80
2013.06.11 18:02:35.447,6.5618,6.56379,1.65,1.80
2013.06.11 18:02:35.783,6.56186,6.56403,1.65,1.80
2013.06.11 18:02:36.042,6.56186,6.56403,1.80,1.65
2013.06.11 18:02:36.582,6.56206,6.56432,1.80,2.85
2013.06.11 18:02:36.702,6.56214,6.56435,1.80,1.65
2013.06.11 18:02:37.157,6.5624,6.56466,1.80,1.65
2013.06.11 18:02:45.953,6.56263,6.56482,1.80,1.65
2013.06.11 18:02:46.013,6.56267,6.56495,1.65,1.65
2013.06.11 18:02:48.172,6.56284,6.56503,1.65,1.80
2013.06.11 18:02:50.813,6.56284,6.56503,1.65,1.80
2013.06.11 18:02:50.932,6.56279,6.56503,1.65,1.80
2013.06.11 18:02:50.992,6.56276,6.56503,1.50,1.80
2013.06.11 18:02:51.293,6.56257,6.56467,1.65,1.65
2013.06.11 18:02:55.145,6.56251,6.56478,1.65,1.65
2013.06.11 18:02:55.203,6.56269,6.56479,1.65,1.80
2013.06.11 18:02:55.605,6.56281,6.56498,1.65,1.65
2013.06.11 18:02:56.085,6.56281,6.56498,1.65,1.65
2013.06.11 18:02:56.156,6.56283,6.56501,1.80,1.65
2013.06.11 18:02:56.344,6.56269,6.56498,1.65,2.55
2013.06.11 18:02:56.464,6.56261,6.56471,1.50,1.80
2013.06.11 18:02:56.583,6.56261,6.56471,1.50,1.80
2013.06.11 18:02:56.764,6.56245,6.56471,1.65,1.80
2013.06.11 18:02:56.884,6.56231,6.56448,1.80,1.88
2013.06.11 18:02:56.943,6.5623,6.56438,1.80,1.65
2013.06.11 18:02:57.483,6.56227,6.56445,1.65,1.65
2013.06.11 18:02:57.543,6.5623,6.56449,1.65,1.80
2013.06.11 18:02:57.714,6.56235,6.56451,1.65,1.80
2013.06.11 18:02:57.777,6.5625,6.56468,2.78,1.65
2013.06.11 18:02:57.844,6.56277,6.56478,1.80,2.55
2013.06.11 18:02:57.970,6.56278,6.56497,1.80,1.65
2013.06.11 18:03:00.854,6.56286,6.56513,1.65,1.65
2013.06.11 18:03:01.093,6.563,6.56518,1.80,1.65
2013.06.11 18:03:01.213,6.56305,6.56522,1.65,1.65
2013.06.11 18:03:01.693,6.56293,6.56493,1.65,1.95
2013.06.11 18:03:01.753,6.56271,6.56491,1.65,1.58
2013.06.11 18:03:01.875,6.56271,6.56481,1.65,1.65
2013.06.11 18:03:01.942,6.56255,6.56466,1.80,2.40
2013.06.11 18:03:02.434,6.56262,6.56487,1.65,1.65
2013.06.11 18:03:02.554,6.56276,6.56487,1.80,1.65
2013.06.11 18:03:02.735,6.5628,6.56503,1.80,1.65
2013.06.11 18:03:05.523,6.563,6.56517,2.40,1.80
2013.06.11 18:03:05.645,6.56305,6.5653,1.80,1.65
2013.06.11 18:03:10.465,6.56317,6.56542,1.50,1.80
2013.06.11 18:03:10.953,6.56307,6.56501,2.25,1.65
2013.06.11 18:03:11.393,6.56301,6.56501,1.65,1.65
2013.06.11 18:03:11.791,6.56301,6.56501,1.65,1.65
2013.06.11 18:03:12.093,6.56299,6.56501,1.65,1.65
2013.06.11 18:03:14.735,6.56299,6.56501,1.65,1.65
2013.06.11 18:03:18.843,6.56299,6.56501,1.65,1.65
2013.06.11 18:03:19.153,6.56284,6.56501,1.65,1.65
2013.06.11 18:03:19.392,6.5626,6.56443,1.88,1.65
2013.06.11 18:03:19.646,6.56244,6.56443,1.65,1.65
2013.06.11 18:03:19.715,6.56244,6.56443,1.65,1.65
2013.06.11 18:03:20.043,6.56231,6.56443,1.65,1.65
2013.06.11 18:03:21.153,6.56238,6.56443,1.65,1.65
2013.06.11 18:03:21.213,6.56252,6.56465,1.80,1.50
2013.06.11 18:03:21.393,6.56255,6.5647,1.65,1.65
2013.06.11 18:03:21.632,6.56272,6.5647,1.65,1.65
2013.06.11 18:03:21.692,6.56272,6.5647,1.65,1.65
2013.06.11 18:03:30.684,6.56272,6.5647,1.65,1.65
2013.06.11 18:03:31.264,6.56272,6.5647,1.65,1.65
2013.06.11 18:03:33.756,6.56272,6.5647,1.65,1.65
2013.06.11 18:03:33.944,6.5627,6.5647,1.65,1.65
2013.06.11 18:03:34.195,6.5627,6.5647,1.65,1.65
2013.06.11 18:03:36.533,6.56249,6.56467,1.65,1.65
2013.06.11 18:03:36.593,6.56225,6.56424,3.45,1.65
2013.06.11 18:03:36.773,6.56225,6.56424,3.45,1.65
2013.06.11 18:03:36.837,6.56225,6.56424,1.65,1.65
2013.06.11 18:03:36.944,6.56225,6.56424,1.65,1.65
2013.06.11 18:03:40.574,6.56225,6.56424,1.65,1.65
2013.06.11 18:03:40.896,6.56227,6.56446,1.80,1.65
2013.06.11 18:03:41.604,6.56227,6.56442,1.80,1.50
2013.06.11 18:03:41.724,6.56206,6.56423,1.80,1.65
2013.06.11 18:03:41.794,6.56206,6.56423,1.80,1.65
2013.06.11 18:03:42.566,6.56206,6.56423,1.80,1.65
2013.06.11 18:03:42.776,6.56206,6.56418,1.80,1.50
2013.06.11 18:03:44.155,6.56206,6.56418,1.80,1.50
2013.06.11 18:03:44.314,6.56206,6.56418,1.80,1.50
2013.06.11 18:03:45.633,6.56206,6.56423,1.80,1.65
2013.06.11 18:03:46.515,6.56206,6.56423,1.80,1.65
2013.06.11 18:03:50.042,6.56206,6.56423,1.80,1.65
2013.06.11 18:03:50.162,6.56206,6.56423,1.80,1.65
2013.06.11 18:03:51.393,6.56202,6.564,1.80,1.65
2013.06.11 18:03:51.453,6.56181,6.564,1.80,1.65
2013.06.11 18:03:52.292,6.56181,6.564,1.80,1.65
2013.06.11 18:03:52.413,6.56166,6.56367,1.65,1.65
2013.06.11 18:03:52.565,6.56151,6.56367,1.65,1.65
2013.06.11 18:03:52.984,6.56151,6.56367,1.65,1.65
2013.06.11 18:03:55.423,6.56151,6.56367,1.65,1.65
2013.06.11 18:03:57.184,6.56151,6.56367,1.65,1.65
2013.06.11 18:03:59.422,6.56164,6.56367,1.65,1.65
2013.06.11 18:03:59.762,6.56164,6.56367,1.65,1.65
2013.06.11 18:04:00.064,6.56147,6.56347,1.65,1.65
2013.06.11 18:04:00.183,6.56144,6.56347,1.65,1.65
2013.06.11 18:04:00.434,6.56108,6.56325,1.65,1.65
2013.06.11 18:04:00.494,6.56108,6.56325,1.65,1.65
2013.06.11 18:04:00.554,6.56104,6.56301,1.65,1.65
2013.06.11 18:04:00.733,6.56103,6.56301,1.65,1.65
2013.06.11 18:04:00.814,6.56103,6.56301,1.65,1.65
2013.06.11 18:04:01.291,6.56103,6.56301,1.65,1.65
2013.06.11 18:04:03.723,6.56109,6.56301,1.65,1.65
2013.06.11 18:04:04.053,6.56114,6.56327,1.65,1.65
2013.06.11 18:04:04.814,6.56114,6.56327,1.65,1.65
2013.06.11 18:04:05.922,6.56114,6.56327,1.65,1.65
2013.06.11 18:04:06.099,6.56114,6.56327,1.65,1.65
2013.06.11 18:04:06.404,6.56109,6.56327,1.80,1.65
2013.06.11 18:04:06.883,6.56105,6.56301,1.65,1.65
2013.06.11 18:04:07.004,6.56103,6.56301,1.65,1.65
2013.06.11 18:04:07.122,6.56099,6.56278,1.26,1.65
2013.06.11 18:04:08.075,6.56099,6.56278,1.26,1.65
2013.06.11 18:04:08.653,6.56103,6.56299,1.65,1.65
2013.06.11 18:04:08.772,6.56103,6.56309,1.65,1.65
2013.06.11 18:04:08.892,6.56103,6.56309,1.65,1.65
2013.06.11 18:04:09.073,6.56103,6.56309,1.65,1.65
2013.06.11 18:04:10.606,6.56107,6.56309,1.65,1.65
2013.06.11 18:04:11.073,6.56098,6.56261,1.26,1.65
2013.06.11 18:04:11.272,6.56098,6.56261,1.26,1.65
2013.06.11 18:04:11.603,6.56098,6.56261,1.26,1.65
2013.06.11 18:04:12.045,6.56099,6.56261,1.26,1.65
2013.06.11 18:04:12.463,6.56098,6.56261,1.26,1.65
2013.06.11 18:04:12.837,6.56098,6.56232,1.26,1.65
2013.06.11 18:04:13.155,6.56095,6.56232,1.71,1.65
2013.06.11 18:04:13.654,6.56095,6.56232,1.71,1.65
2013.06.11 18:04:13.713,6.56095,6.56253,1.71,1.80
2013.06.11 18:04:18.437,6.56095,6.56257,1.71,1.65
2013.06.11 18:04:18.984,6.56095,6.56274,1.71,1.65
2013.06.11 18:04:19.343,6.56095,6.56286,1.71,1.65
2013.06.11 18:04:19.464,6.56093,6.5629,2.91,1.80
2013.06.11 18:04:19.584,6.56093,6.56297,2.91,1.65
2013.06.11 18:04:20.366,6.56102,6.56322,1.80,1.65
2013.06.11 18:04:20.613,6.56103,6.56322,1.65,1.65
2013.06.11 18:04:21.065,6.56102,6.56312,1.65,1.65
2013.06.11 18:04:26.062,6.56103,6.56336,1.65,1.65
2013.06.11 18:04:28.954,6.56113,6.56341,1.65,1.80
2013.06.11 18:04:29.013,6.56136,6.5635,1.65,1.65
2013.06.11 18:04:29.134,6.56142,6.5635,2.70,1.65
2013.06.11 18:04:29.439,6.56186,6.56405,1.80,1.65
2013.06.11 18:04:29.563,6.56186,6.56405,1.80,1.65
2013.06.11 18:04:29.974,6.56168,6.56405,1.65,1.80
2013.06.11 18:04:30.050,6.56168,6.56402,1.65,1.80
2013.06.11 18:04:33.283,6.56148,6.56375,1.65,1.80
2013.06.11 18:04:33.643,6.56171,6.5639,1.80,1.50
2013.06.11 18:04:33.823,6.56194,6.56431,1.80,1.80
2013.06.11 18:04:36.512,6.56191,6.56419,1.80,1.65
2013.06.11 18:04:36.574,6.56182,6.56409,1.65,1.80
2013.06.11 18:04:37.927,6.56167,6.56405,1.65,1.65
2013.06.11 18:04:37.992,6.56153,6.56384,1.65,1.80
2013.06.11 18:04:38.542,6.56164,6.56384,1.65,1.80
2013.06.11 18:04:38.810,6.56185,6.56384,1.65,1.80
2013.06.11 18:04:44.234,6.56188,6.56425,1.80,1.65
2013.06.11 18:04:44.594,6.56207,6.56426,1.65,1.80
2013.06.11 18:04:45.234,6.56217,6.56426,2.63,1.80
2013.06.11 18:04:46.874,6.5621,6.56426,1.73,1.80
2013.06.11 18:04:48.442,6.56207,6.56426,1.65,1.80
2013.06.11 18:04:49.512,6.56193,6.56426,1.65,1.80
2013.06.11 18:04:53.246,6.56221,6.56447,1.65,1.80
2013.06.11 18:04:53.493,6.56185,6.56421,1.65,1.80
2013.06.11 18:04:53.733,6.56203,6.5644,1.80,1.65
2013.06.11 18:04:53.793,6.56206,6.5644,1.80,1.65
2013.06.11 18:04:54.723,6.56206,6.56423,1.80,1.65
2013.06.11 18:04:55.083,6.56159,6.56366,2.78,1.65
2013.06.11 18:04:55.264,6.56148,6.56354,1.80,1.65
2013.06.11 18:04:55.383,6.56128,6.56361,1.80,1.65
2013.06.11 18:04:56.835,6.56149,6.56381,1.80,1.65
2013.06.11 18:04:57.195,6.56173,6.56412,1.80,1.80
2013.06.11 18:04:57.553,6.56218,6.56439,1.65,1.80
2013.06.11 18:04:58.984,6.56179,6.56417,1.80,1.80
2013.06.11 18:05:00.414,6.56198,6.56437,1.80,1.65
2013.06.11 18:05:00.474,6.56201,6.56437,1.80,1.65
2013.06.11 18:05:00.773,6.56226,6.56454,1.80,1.65
2013.06.11 18:05:01.402,6.56246,6.56464,1.65,1.80
2013.06.11 18:05:03.495,6.5622,6.5644,2.40,1.80
2013.06.11 18:05:03.617,6.56206,6.5644,1.65,1.80
2013.06.11 18:05:03.922,6.56195,6.56413,1.65,1.80
2013.06.11 18:05:05.973,6.5617,6.56394,1.65,1.80
2013.06.11 18:05:06.032,6.56159,6.5639,1.65,1.80
2013.06.11 18:05:08.443,6.56172,6.5639,1.65,1.80
2013.06.11 18:05:13.063,6.56175,6.56414,1.65,1.80
2013.06.11 18:05:13.522,6.56158,6.56388,1.65,1.80
2013.06.11 18:05:15.151,6.56148,6.56366,1.65,1.80
2013.06.11 18:05:15.223,6.56128,6.56366,2.55,1.80
2013.06.11 18:05:17.854,6.56107,6.56337,1.65,1.80
2013.06.11 18:05:18.334,6.56103,6.56316,1.65,1.80
2013.06.11 18:05:18.678,6.56093,6.56313,3.21,1.80
2013.06.11 18:05:18.865,6.56103,6.56333,1.65,1.65
2013.06.11 18:05:18.994,6.56122,6.56338,1.65,1.65
2013.06.11 18:05:19.113,6.5613,6.5636,1.65,1.80
2013.06.11 18:05:20.343,6.56122,6.5634,1.80,1.65
2013.06.11 18:05:20.653,6.56114,6.56317,1.80,1.65
2013.06.11 18:05:22.056,6.56093,6.56287,2.31,1.80
2013.06.11 18:05:26.205,6.56096,6.56296,1.79,1.80
2013.06.11 18:05:26.276,6.56096,6.56315,1.79,1.80
2013.06.11 18:05:29.504,6.56103,6.56318,1.65,1.65
2013.06.11 18:05:29.904,6.56093,6.56293,3.21,1.80
2013.06.11 18:05:30.224,6.56093,6.56289,2.31,1.80
2013.06.11 18:05:32.284,6.56094,6.56289,1.79,1.80
2013.06.11 18:05:33.341,6.56099,6.56298,1.79,1.65
2013.06.11 18:05:33.594,6.56092,6.56266,2.46,2.33
2013.06.11 18:05:33.773,6.56092,6.56268,2.46,1.65
2013.06.11 18:05:34.880,6.56092,6.56279,2.46,1.65
2013.06.11 18:05:35.362,6.56096,6.56295,1.79,1.80
2013.06.11 18:05:35.752,6.56096,6.56311,1.79,1.65
2013.06.11 18:05:40.103,6.56102,6.56317,1.65,1.80
2013.06.11 18:05:40.163,6.56102,6.56324,1.65,1.65
2013.06.11 18:05:40.403,6.56118,6.56336,1.65,1.80
2013.06.11 18:05:40.705,6.56136,6.56343,1.65,1.80
2013.06.11 18:05:40.846,6.56136,6.56363,1.65,2.55
2013.06.11 18:05:41.203,6.56136,6.56343,1.65,1.80
2013.06.11 18:05:41.263,6.561,6.5632,2.40,1.80
2013.06.11 18:05:41.623,6.56122,6.56347,1.65,1.80
2013.06.11 18:05:42.592,6.56128,6.56347,1.65,1.80
2013.06.11 18:05:42.893,6.5615,6.56368,1.65,1.80
2013.06.11 18:05:44.354,6.56145,6.56368,1.65,1.80
2013.06.11 18:05:47.553,6.5615,6.56368,1.65,1.80
2013.06.11 18:05:58.042,6.56156,6.56368,1.65,1.80
2013.06.11 18:05:58.244,6.56151,6.56368,1.65,1.80
2013.06.11 18:05:59.744,6.56161,6.56384,1.65,1.65
2013.06.11 18:06:00.043,6.56173,6.56392,1.80,1.65
2013.06.11 18:06:00.466,6.56192,6.56415,1.65,1.80
2013.06.11 18:06:01.252,6.56196,6.56415,1.65,1.80
2013.06.11 18:06:03.244,6.56208,6.56415,1.80,1.80
2013.06.11 18:06:03.303,6.56218,6.5642,1.65,1.80
2013.06.11 18:06:03.367,6.56208,6.56415,1.80,1.80
2013.06.11 18:06:03.695,6.56218,6.56443,1.65,1.65
2013.06.11 18:06:03.753,6.56231,6.56449,1.80,1.65
2013.06.11 18:06:03.933,6.56228,6.56449,1.65,1.80
2013.06.11 18:06:04.233,6.56217,6.56434,1.65,1.80
2013.06.11 18:06:21.513,6.56217,6.56434,1.65,1.80
2013.06.11 18:06:21.934,6.56256,6.56462,2.10,1.80
2013.06.11 18:06:22.175,6.56266,6.56466,1.65,1.80
2013.06.11 18:06:22.244,6.56271,6.56486,1.95,1.80
2013.06.11 18:06:22.562,6.56281,6.56486,1.50,1.80
2013.06.11 18:06:22.942,6.5627,6.56486,1.88,1.80
2013.06.11 18:06:23.393,6.5629,6.56487,2.63,1.80
2013.06.11 18:06:24.009,6.5629,6.56508,2.63,1.80
2013.06.11 18:06:24.836,6.56274,6.56501,1.65,1.65
2013.06.11 18:06:26.673,6.56261,6.5648,1.65,1.80
2013.06.11 18:06:26.733,6.56254,6.5648,1.65,1.80
2013.06.11 18:06:29.774,6.56237,6.56456,1.80,1.65
2013.06.11 18:06:30.134,6.56192,6.56427,1.65,2.33
2013.06.11 18:06:30.252,6.56192,6.56409,1.65,1.80
2013.06.11 18:06:30.314,6.56188,6.56407,1.65,1.80
2013.06.11 18:06:30.373,6.56182,6.56407,1.65,2.55
2013.06.11 18:06:31.394,6.56195,6.56409,1.65,1.80
2013.06.11 18:06:31.514,6.56195,6.5642,1.65,1.65
2013.06.11 18:06:31.633,6.5621,6.56429,1.65,1.80
2013.06.11 18:06:31.693,6.56209,6.56429,1.65,1.80
2013.06.11 18:06:32.164,6.5621,6.56429,1.65,1.80
2013.06.11 18:06:32.673,6.56219,6.56431,1.65,1.80
2013.06.11 18:06:32.734,6.56233,6.56431,1.65,1.80
2013.06.11 18:06:32.853,6.56241,6.56463,1.80,1.65
2013.06.11 18:06:33.096,6.5626,6.56483,1.80,2.40
2013.06.11 18:06:33.224,6.56292,6.56513,1.80,1.65
2013.06.11 18:06:33.595,6.56312,6.56529,1.65,1.65
2013.06.11 18:06:33.984,6.56316,6.56535,2.55,1.65
2013.06.11 18:06:34.295,6.56336,6.56535,2.48,1.65
2013.06.11 18:06:34.853,6.56335,6.56535,2.78,1.65
2013.06.11 18:06:35.253,6.56335,6.56535,1.65,1.65
2013.06.11 18:06:35.494,6.56336,6.56535,1.50,1.65
2013.06.11 18:06:36.413,6.56336,6.56529,1.50,1.65
2013.06.11 18:06:36.714,6.56326,6.56507,2.78,1.80
2013.06.11 18:06:36.833,6.56287,6.56498,3.00,1.65
2013.06.11 18:06:36.953,6.56287,6.56483,3.00,1.65
2013.06.11 18:06:37.074,6.56256,6.56471,2.93,1.80
2013.06.11 18:06:38.285,6.56257,6.56471,1.65,1.80
2013.06.11 18:06:38.823,6.56251,6.56471,1.65,1.80
2013.06.11 18:06:39.374,6.56253,6.56471,1.65,1.80
2013.06.11 18:06:39.553,6.56272,6.56477,1.65,1.80
2013.06.11 18:06:39.672,6.56272,6.56484,1.65,1.65
2013.06.11 18:06:44.094,6.56262,6.5647,2.03,1.80
2013.06.11 18:06:44.395,6.56251,6.56444,2.33,1.80
2013.06.11 18:06:44.456,6.56228,6.56423,2.48,1.80
2013.06.11 18:06:44.523,6.56228,6.56416,2.48,1.80
2013.06.11 18:06:44.584,6.56197,6.56412,1.65,1.65
2013.06.11 18:06:44.643,6.56177,6.56392,2.03,1.80
2013.06.11 18:06:44.775,6.56174,6.56392,1.65,1.80
2013.06.11 18:06:45.463,6.56182,6.56392,2.70,1.80
2013.06.11 18:06:47.664,6.56192,6.56416,1.65,1.65
2013.06.11 18:06:47.784,6.56205,6.56424,1.95,1.65
2013.06.11 18:06:47.964,6.56225,6.56444,1.65,1.80
2013.06.11 18:06:53.176,6.5621,6.56419,1.58,1.80
2013.06.11 18:06:53.473,6.56201,6.56419,1.65,1.80
2013.06.11 18:06:54.913,6.56189,6.56409,1.65,1.65
2013.06.11 18:06:54.973,6.56179,6.56392,2.40,1.80
2013.06.11 18:06:55.032,6.56173,6.56392,2.40,1.80
2013.06.11 18:06:55.272,6.56193,6.56392,1.80,1.80
2013.06.11 18:07:03.073,6.56185,6.56392,2.48,1.80
2013.06.11 18:07:04.005,6.56186,6.56392,1.80,1.80
2013.06.11 18:07:05.444,6.56185,6.56392,1.80,1.80
2013.06.11 18:07:09.173,6.56195,6.56414,1.65,1.80
2013.06.11 18:07:09.232,6.56245,6.56415,1.58,1.65
2013.06.11 18:07:09.292,6.56245,6.56419,1.58,1.65
2013.06.11 18:07:09.352,6.56245,6.56438,1.58,1.80
2013.06.11 18:07:09.623,6.56245,6.56458,1.58,1.65
2013.06.11 18:07:12.104,6.56257,6.5646,1.73,1.80
2013.06.11 18:07:12.343,6.56294,6.56503,1.50,1.65
2013.06.11 18:07:15.156,6.56305,6.56506,2.78,1.80
2013.06.11 18:07:15.344,6.5631,6.56516,1.65,1.65
2013.06.11 18:07:15.403,6.56322,6.56516,2.18,1.65
2013.06.11 18:07:15.953,6.56313,6.56516,2.78,1.65
2013.06.11 18:07:16.013,6.56313,6.56508,2.78,1.80
2013.06.11 18:07:16.624,6.56299,6.56508,1.73,1.80
2013.06.11 18:07:16.683,6.56309,6.56508,2.48,1.80
2013.06.11 18:07:16.742,6.5631,6.5651,1.65,1.80
2013.06.11 18:07:16.803,6.56333,6.5651,1.50,1.80
2013.06.11 18:07:16.923,6.56324,6.5651,1.88,1.80
2013.06.11 18:07:17.343,6.5631,6.5651,2.85,1.80
2013.06.11 18:07:17.464,6.5631,6.56502,1.95,1.80
2013.06.11 18:07:17.584,6.56299,6.56502,2.78,1.80
2013.06.11 18:07:19.342,6.56309,6.56515,1.65,1.65
2013.06.11 18:07:19.463,6.56332,6.56515,2.18,1.65
2013.06.11 18:07:21.663,6.56321,6.56516,2.70,1.65
2013.06.11 18:07:21.793,6.56307,6.56516,1.65,1.65
2013.06.11 18:07:21.853,6.56308,6.56516,1.73,1.65
2013.06.11 18:07:23.553,6.56308,6.56503,1.73,1.80
2013.06.11 18:07:23.613,6.56308,6.56516,1.73,1.65
2013.06.11 18:07:23.674,6.56308,6.56516,1.73,1.65
2013.06.11 18:07:23.732,6.56294,6.56516,2.25,1.65
2013.06.11 18:07:25.644,6.56281,6.565,1.65,1.80
2013.06.11 18:07:25.823,6.56331,6.56509,1.58,1.65
2013.06.11 18:07:25.944,6.56332,6.5651,2.70,1.65
2013.06.11 18:07:26.183,6.56318,6.56515,2.48,1.65
2013.06.11 18:07:32.294,6.5631,6.56515,1.65,1.65
2013.06.11 18:07:35.243,6.56316,6.56515,1.50,1.65
2013.06.11 18:07:35.423,6.56381,6.56527,1.50,1.65
2013.06.11 18:07:35.603,6.56374,6.56517,1.65,1.65
2013.06.11 18:07:35.664,6.56336,6.56503,2.10,1.80
2013.06.11 18:07:36.584,6.5632,6.56503,1.88,1.80
2013.06.11 18:07:41.716,6.5632,6.56503,1.88,1.80
2013.06.11 18:07:41.774,6.56308,6.56481,1.95,1.80
2013.06.11 18:07:41.894,6.56294,6.56481,2.55,1.80
2013.06.11 18:07:42.134,6.56294,6.56481,2.55,3.68
2013.06.11 18:07:42.393,6.56294,6.56462,2.55,1.80
2013.06.11 18:07:42.453,6.56294,6.56482,2.55,1.80
2013.06.11 18:07:43.874,6.56316,6.56482,1.58,1.80
2013.06.11 18:07:44.753,6.56316,6.56506,1.58,1.80
2013.06.11 18:07:44.993,6.56316,6.56484,1.58,1.80
2013.06.11 18:07:45.065,6.56308,6.56484,2.25,1.80
2013.06.11 18:07:45.362,6.56293,6.56484,2.18,1.80
2013.06.11 18:07:45.784,6.56294,6.56465,2.78,1.80
2013.06.11 18:07:45.905,6.56254,6.56442,1.50,1.80
2013.06.11 18:07:46.023,6.56254,6.56441,1.58,1.80
2013.06.11 18:07:46.383,6.56254,6.56441,1.58,1.80
2013.06.11 18:07:46.724,6.56205,6.56393,1.88,1.80
2013.06.11 18:07:46.975,6.56188,6.56393,2.78,1.80
2013.06.11 18:07:47.044,6.56188,6.56393,2.78,1.80
2013.06.11 18:07:47.381,6.56178,6.56348,2.48,1.80
2013.06.11 18:07:47.793,6.56178,6.56349,2.48,1.80
2013.06.11 18:07:48.093,6.562,6.56369,2.63,1.80
2013.06.11 18:07:48.213,6.56188,6.56369,1.65,1.80
2013.06.11 18:07:48.814,6.56179,6.56369,2.40,1.80
2013.06.11 18:07:49.197,6.56179,6.56369,2.40,1.80
2013.06.11 18:07:49.264,6.56179,6.5637,2.40,1.80
2013.06.11 18:07:49.504,6.56195,6.5637,2.93,1.80
2013.06.11 18:07:49.894,6.56189,6.5637,2.10,1.80
2013.06.11 18:07:50.084,6.56189,6.56379,2.10,1.80
2013.06.11 18:07:50.146,6.56224,6.56379,2.78,1.80
2013.06.11 18:07:50.213,6.56224,6.56401,2.78,2.55
2013.06.11 18:07:50.274,6.56224,6.56407,2.78,1.65
2013.06.11 18:07:50.393,6.56236,6.56407,2.63,1.65
2013.06.11 18:07:50.755,6.56235,6.56412,2.48,1.65
2013.06.11 18:07:50.823,6.56229,6.56398,2.10,1.80
2013.06.11 18:07:50.888,6.56217,6.56398,1.95,1.80
2013.06.11 18:07:53.006,6.56193,6.56377,2.10,1.80
2013.06.11 18:07:53.073,6.56193,6.56373,2.10,1.80
2013.06.11 18:07:53.133,6.56183,6.56373,2.93,1.80
2013.06.11 18:07:53.385,6.56183,6.56353,2.93,1.80
2013.06.11 18:07:53.744,6.56183,6.56351,2.93,1.80
2013.06.11 18:07:56.732,6.56182,6.56351,2.78,1.80
2013.06.11 18:07:56.913,6.56182,6.56381,2.78,1.80
2013.06.11 18:07:56.974,6.56213,6.56381,2.25,1.80
2013.06.11 18:07:57.752,6.56206,6.56381,2.70,1.80
2013.06.11 18:07:58.755,6.56192,6.56381,2.48,1.80
2013.06.11 18:07:58.823,6.56192,6.56359,2.48,1.80
2013.06.11 18:07:59.198,6.56182,6.56359,1.95,1.80
2013.06.11 18:08:00.873,6.56181,6.56359,2.93,1.80
2013.06.11 18:08:01.314,6.56181,6.56363,2.93,1.80
2013.06.11 18:08:01.433,6.56181,6.56383,2.93,1.80
2013.06.11 18:08:01.553,6.56193,6.56383,1.50,1.80
2013.06.11 18:08:02.664,6.56186,6.56383,2.18,1.80
2013.06.11 18:08:02.904,6.56177,6.56383,1.50,1.80
2013.06.11 18:08:03.485,6.56177,6.5637,1.50,1.65
2013.06.11 18:08:03.545,6.56168,6.56357,1.50,1.80
2013.06.11 18:08:03.857,6.56168,6.56328,1.50,1.80
2013.06.11 18:08:03.983,6.5614,6.56328,2.85,1.80
2013.06.11 18:08:04.103,6.56115,6.56306,2.40,1.80
2013.06.11 18:08:04.343,6.56123,6.56306,2.40,1.80
2013.06.11 18:08:04.466,6.56114,6.56306,2.25,1.80
2013.06.11 18:08:04.664,6.56105,6.56306,1.50,1.80
2013.06.11 18:08:05.035,6.56098,6.56286,1.64,1.80
2013.06.11 18:08:05.104,6.56098,6.56282,1.64,1.80
2013.06.11 18:08:05.405,6.56095,6.56253,2.46,1.80
2013.06.11 18:08:06.560,6.56102,6.56253,2.55,1.80
2013.06.11 18:08:06.631,6.56151,6.56306,2.63,1.65
2013.06.11 18:08:06.695,6.56151,6.56322,2.63,1.65
2013.06.11 18:08:06.754,6.56147,6.56322,2.03,1.65
2013.06.11 18:08:06.813,6.56147,6.56322,2.03,1.65
2013.06.11 18:08:07.320,6.56147,6.56322,2.03,1.65
2013.06.11 18:08:07.955,6.56193,6.56322,2.25,1.65
2013.06.11 18:08:08.214,6.56193,6.56322,2.25,1.65
2013.06.11 18:08:08.554,6.56201,6.564,1.65,1.65
2013.06.11 18:08:08.675,6.56235,6.564,1.80,1.65
2013.06.11 18:08:08.915,6.56225,6.564,1.95,1.65
2013.06.11 18:08:08.977,6.56225,6.564,1.95,1.65
2013.06.11 18:08:09.044,6.562,6.56378,1.65,1.65
2013.06.11 18:08:09.356,6.56201,6.56378,1.65,1.65
2013.06.11 18:08:09.643,6.56201,6.56378,1.65,1.65
2013.06.11 18:08:10.067,6.56201,6.56378,1.65,1.65
2013.06.11 18:08:10.434,6.56201,6.56397,1.65,1.80
2013.06.11 18:08:11.704,6.56201,6.56378,1.65,1.80
2013.06.11 18:08:11.766,6.56188,6.56378,1.88,1.80
2013.06.11 18:08:11.835,6.56188,6.56373,1.88,1.80
2013.06.11 18:08:11.905,6.56181,6.56373,1.50,1.80
2013.06.11 18:08:11.965,6.56165,6.56373,1.50,1.80
2013.06.11 18:08:12.203,6.56153,6.56354,1.50,2.78
2013.06.11 18:08:12.386,6.56153,6.56327,1.50,1.80
2013.06.11 18:08:12.873,6.56132,6.56297,1.50,1.80
2013.06.11 18:08:13.465,6.56132,6.56297,1.50,1.80
2013.06.11 18:08:13.754,6.56132,6.56322,1.50,1.80
2013.06.11 18:08:13.993,6.56157,6.56344,1.50,1.80
2013.06.11 18:08:14.174,6.56162,6.56366,2.93,1.80
2013.06.11 18:08:14.294,6.56163,6.56366,2.78,1.80
2013.06.11 18:08:14.414,6.56177,6.56366,2.63,1.80
2013.06.11 18:08:14.774,6.56233,6.56393,1.88,1.80
2013.06.11 18:08:14.835,6.56243,6.56397,2.33,1.80
2013.06.11 18:08:15.110,6.56198,6.56393,1.95,1.80
2013.06.11 18:08:15.175,6.56177,6.56394,1.65,2.55
2013.06.11 18:08:15.233,6.56177,6.56374,1.65,1.80
2013.06.11 18:08:15.814,6.56177,6.56355,1.65,1.65
2013.06.11 18:08:16.134,6.56244,6.56423,2.93,1.65
2013.06.11 18:08:16.374,6.56237,6.56423,1.58,1.65
2013.06.11 18:08:16.554,6.56237,6.56402,1.58,1.65
2013.06.11 18:08:16.613,6.56227,6.56402,2.25,1.65
2013.06.11 18:08:17.373,6.56245,6.56404,2.85,1.65
2013.06.11 18:08:17.544,6.56245,6.56404,2.85,1.65
2013.06.11 18:08:17.865,6.56245,6.56404,2.85,1.65
2013.06.11 18:08:18.619,6.56304,6.56452,1.95,1.65
2013.06.11 18:08:18.764,6.56304,6.56452,1.95,1.65
2013.06.11 18:08:18.825,6.56297,6.56452,2.85,1.65
2013.06.11 18:08:18.944,6.56292,6.56452,2.78,1.65
2013.06.11 18:08:19.064,6.56278,6.56452,2.85,1.65
2013.06.11 18:08:19.186,6.56278,6.56451,2.85,1.65
2013.06.11 18:08:19.255,6.56267,6.56451,2.78,1.65
2013.06.11 18:08:19.614,6.56232,6.56418,1.65,1.65
2013.06.11 18:08:19.673,6.56222,6.56411,1.58,1.80
2013.06.11 18:08:20.154,6.5623,6.56394,2.33,1.65
2013.06.11 18:08:20.571,6.56219,6.56409,2.93,1.65
2013.06.11 18:08:21.844,6.56228,6.56411,1.58,1.80
2013.06.11 18:08:22.084,6.5624,6.56432,2.70,1.80
2013.06.11 18:08:22.263,6.56251,6.56432,2.33,1.80
2013.06.11 18:08:22.914,6.56252,6.56432,2.10,1.80
2013.06.11 18:08:23.263,6.56263,6.56432,2.78,1.80
2013.06.11 18:08:23.404,6.56263,6.56454,2.78,1.65
2013.06.11 18:08:25.013,6.56244,6.56455,2.25,1.80
2013.06.11 18:08:25.073,6.56244,6.56434,2.25,1.80
2013.06.11 18:08:25.133,6.56237,6.56434,1.65,1.80
2013.06.11 18:08:25.254,6.56221,6.56403,1.50,1.80
2013.06.11 18:08:25.445,6.56217,6.56403,1.50,1.80
2013.06.11 18:08:27.184,6.56221,6.56403,1.88,1.80
2013.06.11 18:08:27.434,6.56221,6.56417,1.88,1.65
2013.06.11 18:08:27.666,6.56221,6.56403,1.88,1.80
2013.06.11 18:08:28.671,6.56221,6.56415,1.88,1.80
2013.06.11 18:08:28.738,6.56232,6.56415,2.48,1.80
2013.06.11 18:08:29.156,6.56232,6.56411,2.48,1.80
2013.06.11 18:08:29.275,6.56223,6.56411,2.10,1.80
2013.06.11 18:08:30.494,6.56248,6.56411,1.73,1.80
2013.06.11 18:08:30.614,6.56234,6.56411,2.78,1.80
2013.06.11 18:08:30.734,6.56225,6.56411,2.85,1.80
2013.06.11 18:08:30.855,6.56225,6.56409,2.85,1.80
2013.06.11 18:08:36.870,6.56214,6.56409,1.73,1.80
2013.06.11 18:08:37.346,6.56227,6.56422,2.70,1.80
2013.06.11 18:08:37.478,6.56227,6.56434,2.70,1.65
2013.06.11 18:08:37.677,6.56227,6.56422,2.70,1.80
2013.06.11 18:08:38.118,6.56227,6.5642,2.70,1.80
2013.06.11 18:08:39.785,6.5622,6.5642,1.73,1.80
2013.06.11 18:08:39.947,6.5622,6.5642,1.73,1.80
2013.06.11 18:08:42.156,6.56229,6.56397,1.95,1.80
2013.06.11 18:08:43.066,6.56229,6.56423,1.95,1.80
2013.06.11 18:08:43.185,6.56254,6.56423,1.73,1.80
2013.06.11 18:08:43.304,6.56254,6.56434,2.55,1.80
2013.06.11 18:08:43.366,6.5626,6.56479,1.65,1.80
2013.06.11 18:08:43.425,6.56302,6.56479,2.33,1.80
2013.06.11 18:08:44.035,6.56303,6.56479,2.40,1.80
2013.06.11 18:08:44.435,6.56303,6.56501,2.40,1.80
2013.06.11 18:08:47.133,6.56298,6.56501,2.85,1.80
2013.06.11 18:08:48.096,6.56293,6.56501,1.58,1.80
2013.06.11 18:08:52.394,6.56293,6.56478,1.58,1.80
2013.06.11 18:08:54.933,6.56293,6.56478,1.58,1.80
2013.06.11 18:08:55.060,6.56254,6.56455,1.58,1.80
2013.06.11 18:08:55.734,6.56243,6.56434,1.58,1.80
2013.06.11 18:08:55.807,6.56229,6.56433,2.48,1.80
2013.06.11 18:08:56.234,6.56219,6.56413,1.95,1.80
2013.06.11 18:08:56.295,6.56219,6.56412,1.95,1.80
2013.06.11 18:08:56.863,6.56205,6.56412,2.63,1.80
2013.06.11 18:09:00.625,6.56205,6.56412,2.85,1.80
2013.06.11 18:09:00.864,6.56189,6.5639,2.55,1.80
2013.06.11 18:09:02.135,6.56189,6.56369,2.55,1.80
2013.06.11 18:09:02.195,6.56169,6.56369,1.80,1.80
2013.06.11 18:09:03.384,6.5617,6.56369,2.85,1.80
2013.06.11 18:09:05.512,6.5617,6.56348,2.85,1.80
2013.06.11 18:09:05.893,6.5617,6.56346,2.85,1.80
2013.06.11 18:09:08.665,6.56138,6.56326,1.95,1.80
2013.06.11 18:09:08.784,6.56113,6.56322,2.33,1.80
2013.06.11 18:09:08.966,6.56113,6.56302,2.33,1.80
2013.06.11 18:09:09.294,6.56113,6.56296,2.33,1.80
2013.06.11 18:09:09.355,6.56113,6.5632,2.33,1.80
2013.06.11 18:09:09.715,6.56146,6.56347,2.70,3.68
2013.06.11 18:09:09.776,6.56146,6.56347,2.70,1.80
2013.06.11 18:09:10.021,6.56159,6.56347,1.65,1.80
2013.06.11 18:09:12.504,6.56168,6.56347,2.25,1.80
2013.06.11 18:09:12.624,6.56168,6.56371,2.25,1.80
2013.06.11 18:09:12.744,6.5616,6.56371,2.63,1.80
2013.06.11 18:09:13.403,6.56161,6.56371,1.50,1.80
2013.06.11 18:09:17.254,6.56161,6.56371,1.80,3.68
2013.06.11 18:09:24.753,6.56149,6.56344,1.80,1.80
2013.06.11 18:09:29.038,6.56136,6.56344,2.85,1.80
2013.06.11 18:09:29.766,6.56136,6.56339,2.85,2.78
2013.06.11 18:09:29.910,6.56132,6.56313,2.63,1.80
2013.06.11 18:09:31.996,6.56148,6.56313,2.25,1.80
2013.06.11 18:09:32.529,6.56148,6.56315,2.25,1.80
2013.06.11 18:09:32.705,6.56148,6.56335,2.25,1.80
2013.06.11 18:09:35.025,6.56173,6.56335,1.73,1.80
2013.06.11 18:09:35.084,6.56173,6.56359,1.73,1.80
2013.06.11 18:09:35.207,6.56209,6.56384,1.65,1.80
2013.06.11 18:09:35.334,6.56209,6.56406,1.65,1.80
2013.06.11 18:09:36.415,6.56229,6.56406,2.40,1.80
2013.06.11 18:09:37.074,6.5624,6.56406,1.73,1.80
2013.06.11 18:09:37.575,6.5624,6.56392,1.73,2.85
2013.06.11 18:09:37.875,6.56169,6.56352,1.65,2.85
2013.06.11 18:09:37.994,6.56165,6.5635,2.25,1.80
2013.06.11 18:09:38.055,6.56136,6.5635,2.48,1.80
2013.06.11 18:09:38.174,6.56119,6.56326,2.25,1.80
2013.06.11 18:09:38.596,6.56151,6.56326,1.73,1.80
2013.06.11 18:09:38.834,6.56135,6.56326,2.25,1.80
2013.06.11 18:09:39.483,6.56152,6.56326,1.73,1.80
2013.06.11 18:09:41.068,6.56152,6.56306,1.73,1.80
2013.06.11 18:09:41.195,6.5612,6.56285,2.33,1.80
2013.06.11 18:09:41.283,6.56104,6.56285,1.73,1.80
2013.06.11 18:09:41.464,6.56104,6.56282,1.73,1.80
2013.06.11 18:09:43.525,6.56094,6.56261,3.06,1.80
2013.06.11 18:09:43.884,6.56094,6.56246,3.06,1.80
2013.06.11 18:09:45.742,6.56096,6.56246,2.91,1.80
2013.06.11 18:09:46.045,6.56096,6.56223,2.91,1.80
2013.06.11 18:09:47.486,6.56095,6.56223,2.09,1.80
2013.06.11 18:09:47.546,6.56095,6.56236,2.09,1.80
2013.06.11 18:09:47.605,6.56095,6.56255,2.09,1.80
2013.06.11 18:09:47.735,6.56095,6.56262,2.09,1.80
2013.06.11 18:09:47.795,6.56095,6.56282,2.09,1.80
2013.06.11 18:09:51.345,6.5612,6.56282,2.78,1.80
2013.06.11 18:09:51.585,6.56106,6.56282,1.58,1.80
2013.06.11 18:09:51.714,6.56101,6.56282,1.50,1.80
2013.06.11 18:09:52.665,6.56118,6.56282,2.70,1.80
2013.06.11 18:09:52.846,6.56118,6.56313,2.70,1.80
2013.06.11 18:09:52.904,6.56131,6.56318,2.10,1.80
2013.06.11 18:09:53.036,6.56131,6.56338,2.10,1.80
2013.06.11 18:09:53.095,6.56145,6.56338,2.85,1.80
2013.06.11 18:09:53.515,6.56145,6.5634,2.85,1.80
2013.06.11 18:09:53.575,6.56145,6.5636,2.85,1.80
2013.06.11 18:09:53.754,6.56145,6.5634,2.85,1.80
2013.06.11 18:09:54.095,6.56145,6.5627,2.85,1.80
2013.06.11 18:09:54.214,6.56105,6.5627,1.50,1.80
2013.06.11 18:09:54.334,6.561,6.5627,1.50,1.80
2013.06.11 18:09:54.874,6.56105,6.56274,1.50,1.80
2013.06.11 18:09:54.995,6.56109,6.56274,2.10,1.80
2013.06.11 18:09:55.295,6.56109,6.56294,2.10,1.80
2013.06.11 18:09:55.356,6.56121,6.56294,1.58,1.80
2013.06.11 18:09:55.414,6.56112,6.56294,1.80,1.80
2013.06.11 18:09:57.194,6.56112,6.5632,1.80,1.80
2013.06.11 18:09:57.705,6.56112,6.56299,1.80,1.80
2013.06.11 18:09:58.015,6.56112,6.56297,1.80,1.80
2013.06.11 18:09:58.074,6.56098,6.56297,1.64,1.80
2013.06.11 18:10:00.984,6.56098,6.56297,1.64,1.80
2013.06.11 18:10:01.043,6.56098,6.56297,1.64,1.80
2013.06.11 18:10:01.224,6.56104,6.5633,1.65,1.80
2013.06.11 18:10:01.348,6.56117,6.56355,1.80,1.80
2013.06.11 18:10:05.346,6.56117,6.56361,3.68,1.80
2013.06.11 18:10:05.420,6.56143,6.56382,1.80,1.80
2013.06.11 18:10:09.324,6.56118,6.56361,1.80,1.80
2013.06.11 18:10:09.385,6.56118,6.56356,1.80,1.80
2013.06.11 18:10:09.445,6.56099,6.56337,1.79,1.80
2013.06.11 18:10:09.766,6.56094,6.56313,1.79,1.80
2013.06.11 18:10:09.984,6.56099,6.56335,1.04,1.80
2013.06.11 18:10:14.145,6.56118,6.5634,1.80,1.65
2013.06.11 18:10:20.456,6.56138,6.5638,1.80,1.80
2013.06.11 18:10:20.514,6.5614,6.5638,1.80,1.80
2013.06.11 18:10:20.694,6.56164,6.56403,1.80,1.65
2013.06.11 18:10:22.055,6.56162,6.56391,1.80,1.65
2013.06.11 18:10:22.174,6.56143,6.56381,1.80,1.80
2013.06.11 18:10:23.464,6.5614,6.56381,1.80,1.80
2013.06.11 18:10:23.526,6.5612,6.56346,1.80,1.65
2013.06.11 18:10:23.713,6.56114,6.56346,1.80,1.65
2013.06.11 18:10:24.036,6.56099,6.56333,1.65,1.80
2013.06.11 18:10:28.434,6.56099,6.56335,1.65,1.65
2013.06.11 18:10:28.495,6.56116,6.56347,1.80,1.65
2013.06.11 18:10:28.794,6.56141,6.5636,1.80,2.48
2013.06.11 18:10:28.914,6.56154,6.56369,1.65,1.65
2013.06.11 18:10:28.974,6.56172,6.56379,1.80,2.03
2013.06.11 18:10:29.035,6.56191,6.56409,1.65,2.55
2013.06.11 18:10:29.504,6.56202,6.56419,1.80,2.10
2013.06.11 18:10:31.776,6.56212,6.56427,1.65,1.65
2013.06.11 18:10:32.074,6.56202,6.56419,1.80,1.50
2013.06.11 18:10:32.564,6.56211,6.56428,1.65,1.65
2013.06.11 18:10:33.314,6.56202,6.5642,1.80,1.65
2013.06.11 18:10:33.626,6.56212,6.56427,1.65,1.65
2013.06.11 18:10:35.497,6.56202,6.56419,1.80,1.80
2013.06.11 18:10:41.014,6.56209,6.56424,1.65,1.65
2013.06.11 18:10:42.406,6.5622,6.5644,1.65,1.65
2013.06.11 18:10:43.017,6.56222,6.56435,1.80,1.65
2013.06.11 18:10:43.085,6.5622,6.56435,1.65,1.65
2013.06.11 18:10:43.146,6.56203,6.56422,2.55,1.65
2013.06.11 18:10:43.476,6.56203,6.5642,1.80,2.78
2013.06.11 18:10:43.596,6.56209,6.56424,1.65,1.65
2013.06.11 18:10:43.905,6.56219,6.56441,1.65,1.65
2013.06.11 18:10:46.004,6.56226,6.56452,1.80,1.65
2013.06.11 18:10:46.374,6.56247,6.56472,1.80,1.65
2013.06.11 18:10:46.434,6.5626,6.5648,1.80,1.65
2013.06.11 18:10:51.511,6.56299,6.5648,2.03,1.65
2013.06.11 18:10:52.085,6.5626,6.5648,1.80,1.65
2013.06.11 18:10:56.525,6.5626,6.5648,1.80,1.65
2013.06.11 18:10:57.755,6.56287,6.56508,1.80,1.65
2013.06.11 18:10:58.065,6.5631,6.56521,1.80,1.50
2013.06.11 18:11:02.536,6.56293,6.56515,1.80,1.65
2013.06.11 18:11:02.654,6.56274,6.56492,1.80,1.65
2013.06.11 18:11:03.013,6.56274,6.56511,1.80,1.80
2013.06.11 18:11:07.965,6.56299,6.56519,1.80,1.65
2013.06.11 18:11:08.655,6.56296,6.56517,1.80,1.65
2013.06.11 18:11:08.765,6.56286,6.56515,1.65,1.80
2013.06.11 18:11:11.644,6.56276,6.56491,1.58,1.80
2013.06.11 18:11:11.704,6.56255,6.56485,1.65,1.65
2013.06.11 18:11:12.004,6.56249,6.56459,1.80,1.65
2013.06.11 18:11:12.065,6.5623,6.56459,1.80,1.65
2013.06.11 18:11:18.955,6.56249,6.56459,1.80,1.65
2013.06.11 18:11:19.075,6.56252,6.56474,1.80,1.65
2013.06.11 18:11:19.895,6.56242,6.5647,1.65,1.80
2013.06.11 18:11:20.015,6.5623,6.56461,1.80,1.65
2013.06.11 18:11:24.874,6.56227,6.56446,1.65,1.80
2013.06.11 18:11:25.534,6.5622,6.5645,1.65,1.65
2013.06.11 18:11:25.595,6.56236,6.56455,1.80,1.65
2013.06.11 18:11:25.655,6.56236,6.56458,1.80,1.65
2013.06.11 18:11:30.846,6.56236,6.56455,1.80,1.65
2013.06.11 18:11:31.024,6.56211,6.56447,1.80,1.65
2013.06.11 18:11:32.927,6.56211,6.56429,1.80,1.65
2013.06.11 18:11:33.275,6.56196,6.56426,1.65,1.65
2013.06.11 18:11:34.054,6.56208,6.56427,1.65,1.80
2013.06.11 18:11:34.174,6.56232,6.56449,1.65,1.80
2013.06.11 18:11:35.664,6.56232,6.56429,1.65,1.80
2013.06.11 18:11:36.005,6.5621,6.56427,1.65,1.80
2013.06.11 18:11:38.406,6.56213,6.56431,1.65,1.80
2013.06.11 18:11:38.464,6.56213,6.56451,1.65,1.80
2013.06.11 18:11:48.266,6.56187,6.56407,1.65,1.80
2013.06.11 18:11:49.020,6.56176,6.56407,1.65,1.80
2013.06.11 18:11:55.356,6.56187,6.56407,1.65,1.80
2013.06.11 18:11:55.594,6.5621,6.56434,1.65,1.80
2013.06.11 18:12:03.214,6.56216,6.56434,1.65,1.80
2013.06.11 18:12:03.756,6.56238,6.56456,1.65,1.80
2013.06.11 18:12:08.076,6.56244,6.56456,2.48,1.80
2013.06.11 18:12:08.615,6.56254,6.56477,1.65,1.80
2013.06.11 18:12:11.434,6.56238,6.56456,1.65,1.80
2013.06.11 18:12:18.743,6.56243,6.56458,1.65,1.80
2013.06.11 18:12:18.804,6.56243,6.56473,1.65,1.65
2013.06.11 18:12:22.264,6.56259,6.5648,1.65,1.80
2013.06.11 18:12:22.325,6.56262,6.56491,1.80,1.65
2013.06.11 18:12:22.504,6.56274,6.56504,1.65,1.65
2013.06.11 18:12:22.565,6.56294,6.56514,1.80,3.83
2013.06.11 18:12:22.626,6.56313,6.56516,1.65,1.65
2013.06.11 18:12:28.993,6.56313,6.56526,1.65,2.25
2013.06.11 18:12:29.754,6.56319,6.56525,1.80,1.88
2013.06.11 18:12:37.495,6.56298,6.56515,1.80,1.65
2013.06.11 18:12:39.245,6.56318,6.56515,1.65,1.65
2013.06.11 18:12:39.696,6.56359,6.56524,1.65,2.03
2013.06.11 18:12:41.555,6.56345,6.56527,1.80,2.25
2013.06.11 18:12:41.674,6.56322,6.56527,1.80,2.25
2013.06.11 18:12:41.794,6.56319,6.56517,1.80,1.65
2013.06.11 18:12:41.854,6.56298,6.56519,1.80,1.65
2013.06.11 18:12:44.265,6.56298,6.56518,1.80,1.65
2013.06.11 18:12:52.735,6.56269,6.56488,1.65,1.80
2013.06.11 18:12:53.265,6.56266,6.56488,1.65,1.80
2013.06.11 18:12:55.844,6.56248,6.56488,1.65,1.80
2013.06.11 18:12:56.025,6.56239,6.56466,1.65,1.80
2013.06.11 18:12:56.805,6.56221,6.56446,1.65,1.80
2013.06.11 18:12:56.864,6.56215,6.56432,1.65,1.80
2013.06.11 18:12:57.374,6.56214,6.56432,1.65,1.80
2013.06.11 18:12:58.198,6.56217,6.56454,1.80,1.80
2013.06.11 18:13:01.795,6.56214,6.56434,1.65,1.80
2013.06.11 18:13:01.855,6.56205,6.56429,1.65,1.80
2013.06.11 18:13:04.165,6.56204,6.56431,1.65,1.80
2013.06.11 18:13:04.225,6.56212,6.56452,1.80,1.80
2013.06.11 18:13:05.138,6.56233,6.56452,1.65,1.80
2013.06.11 18:13:09.057,6.56236,6.56458,1.65,1.80
2013.06.11 18:13:09.175,6.56238,6.56478,1.80,1.80
2013.06.11 18:13:09.235,6.56261,6.56499,1.65,1.80
2013.06.11 18:13:09.295,6.56268,6.56499,1.65,1.80
2013.06.11 18:13:13.798,6.56261,6.56464,1.80,2.85
2013.06.11 18:13:13.866,6.5626,6.56457,1.80,1.65
2013.06.11 18:13:13.986,6.56234,6.56452,1.65,1.80
2013.06.11 18:13:14.315,6.5623,6.56452,1.65,1.80
2013.06.11 18:13:20.665,6.56234,6.56452,1.65,1.80
2013.06.11 18:13:21.366,6.56226,6.56442,1.65,1.65
2013.06.11 18:13:21.693,6.56226,6.56431,1.65,1.80
2013.06.11 18:13:21.769,6.56201,6.56418,1.65,1.65
2013.06.11 18:13:41.475,6.5619,6.56422,1.65,1.80
2013.06.11 18:13:51.605,6.56193,6.56411,3.45,1.80
2013.06.11 18:13:51.784,6.56203,6.56439,1.65,1.80
2013.06.11 18:14:00.075,6.56229,6.56439,2.70,1.80
2013.06.11 18:14:00.316,6.56239,6.56465,1.65,1.80
2013.06.11 18:14:00.625,6.56248,6.56479,1.80,1.65
2013.06.11 18:14:01.640,6.56239,6.56465,1.65,1.80
2013.06.11 18:14:05.247,6.56246,6.56465,1.65,1.80
2013.06.11 18:14:05.554,6.56241,6.56465,1.65,1.80
2013.06.11 18:14:12.414,6.56271,6.56478,1.65,1.80
2013.06.11 18:14:12.595,6.56271,6.56486,1.65,1.80
2013.06.11 18:14:12.655,6.56271,6.56506,1.65,1.80
2013.06.11 18:14:12.897,6.5627,6.56506,2.93,1.80
2013.06.11 18:14:12.954,6.5626,6.56484,1.65,1.80
2013.06.11 18:14:16.335,6.56284,6.56504,1.80,1.65
2013.06.11 18:14:16.574,6.56293,6.56516,1.65,1.65
2013.06.11 18:14:16.727,6.56304,6.56516,1.80,1.65
2013.06.11 18:14:17.355,6.5631,6.56526,1.80,1.58
2013.06.11 18:14:17.536,6.56308,6.5652,1.80,1.65
2013.06.11 18:14:17.594,6.56289,6.56512,1.65,2.78
2013.06.11 18:14:17.978,6.56245,6.56485,1.80,1.80
2013.06.11 18:14:18.697,6.56265,6.56485,1.65,1.80
2013.06.11 18:14:18.863,6.56261,6.56485,1.65,1.80
2013.06.11 18:14:19.835,6.5626,6.56486,1.65,1.80
2013.06.11 18:14:20.476,6.56273,6.56507,1.65,1.80
2013.06.11 18:14:33.145,6.56282,6.56486,1.65,1.80
2013.06.11 18:14:33.325,6.56237,6.56479,1.65,1.65
2013.06.11 18:14:33.387,6.5626,6.5648,1.80,1.65
2013.06.11 18:14:33.897,6.56271,6.565,1.65,1.80
2013.06.11 18:14:41.836,6.56258,6.56478,1.65,1.80
2013.06.11 18:14:41.895,6.56238,6.56473,1.80,1.65
2013.06.11 18:14:41.954,6.56231,6.56455,1.65,1.80
2013.06.11 18:14:42.434,6.56196,6.56407,2.25,1.80
2013.06.11 18:14:42.555,6.56183,6.56407,1.65,1.80
2013.06.11 18:14:42.856,6.56186,6.56412,1.65,1.80
2013.06.11 18:14:43.034,6.56194,6.56428,1.80,1.65
2013.06.11 18:14:43.095,6.56194,6.56412,1.80,1.65
2013.06.11 18:14:44.905,6.56191,6.56408,1.80,1.65
2013.06.11 18:14:44.964,6.56172,6.56408,1.80,1.65
2013.06.11 18:14:47.285,6.56172,6.56404,1.80,1.73
2013.06.11 18:14:47.656,6.56248,6.56432,1.80,2.25
2013.06.11 18:14:48.212,6.56248,6.56468,1.80,1.65
2013.06.11 18:14:48.994,6.56248,6.56469,3.68,2.40
2013.06.11 18:14:49.054,6.56248,6.56483,3.68,2.25
2013.06.11 18:14:49.264,6.56274,6.56493,1.80,3.15
2013.06.11 18:14:50.584,6.56254,6.56483,1.80,1.65
2013.06.11 18:14:50.706,6.56231,6.56471,1.80,1.65
2013.06.11 18:14:50.775,6.56231,6.56469,1.80,1.80
2013.06.11 18:14:53.325,6.56255,6.56459,1.80,1.73
2013.06.11 18:14:53.565,6.56255,6.56472,1.80,1.65
2013.06.11 18:15:00.145,6.56229,6.56467,1.65,1.80
2013.06.11 18:15:00.385,6.56224,6.56451,1.80,1.65
2013.06.11 18:15:00.444,6.56209,6.56444,1.65,1.80
2013.06.11 18:15:03.584,6.56204,6.56443,1.65,2.78
2013.06.11 18:15:06.735,6.56209,6.56442,1.65,1.80
2013.06.11 18:15:06.794,6.56222,6.56442,1.65,1.80
2013.06.11 18:15:14.435,6.5623,6.56462,1.65,1.80
2013.06.11 18:15:18.267,6.5623,6.56443,1.65,1.80
2013.06.11 18:15:18.565,6.56211,6.56441,1.65,1.80
2013.06.11 18:15:21.735,6.56223,6.56441,1.65,1.80
2013.06.11 18:15:21.914,6.56231,6.56467,1.65,1.80
2013.06.11 18:15:27.688,6.56231,6.56447,1.65,1.80
2013.06.11 18:15:27.816,6.5621,6.56442,1.65,1.80
2013.06.11 18:15:27.936,6.5621,6.56423,1.65,1.80
2013.06.11 18:15:28.055,6.56186,6.56418,1.65,1.80
2013.06.11 18:15:28.196,6.56201,6.56434,1.80,1.65
2013.06.11 18:15:28.314,6.56206,6.56441,1.65,1.80
2013.06.11 18:15:32.838,6.56224,6.56457,1.80,1.65
2013.06.11 18:15:32.905,6.5623,6.56457,1.80,1.65
2013.06.11 18:15:38.664,6.5625,6.56469,1.65,1.80
2013.06.11 18:15:40.774,6.56248,6.56469,1.65,1.80
2013.06.11 18:15:47.105,6.56256,6.56475,1.80,1.65
2013.06.11 18:15:47.415,6.56277,6.56496,1.65,1.80
2013.06.11 18:15:47.537,6.56282,6.56496,1.65,1.80
2013.06.11 18:15:47.605,6.56306,6.56496,1.80,1.80
2013.06.11 18:15:47.725,6.56316,6.56519,1.65,1.65
2013.06.11 18:15:48.625,6.56299,6.56517,1.65,1.65
2013.06.11 18:16:00.964,6.56296,6.56517,1.65,1.65
2013.06.11 18:16:04.315,6.56307,6.56517,2.85,1.65
2013.06.11 18:16:08.175,6.56317,6.56518,1.65,1.65
2013.06.11 18:16:08.235,6.56331,6.56522,2.03,1.65
2013.06.11 18:16:08.565,6.56326,6.56522,1.65,1.65
2013.06.11 18:16:14.235,6.56326,6.56517,1.65,2.55
2013.06.11 18:16:14.296,6.56309,6.56517,2.40,2.55
2013.06.11 18:16:14.414,6.56299,6.56517,1.65,2.55
2013.06.11 18:16:14.655,6.56282,6.56508,1.65,1.65
2013.06.11 18:16:14.715,6.56275,6.56494,1.65,1.80
2013.06.11 18:16:15.149,6.56266,6.56494,1.65,1.80
2013.06.11 18:16:17.325,6.56257,6.56471,1.80,1.80
2013.06.11 18:16:18.085,6.56265,6.56471,1.65,1.80
2013.06.11 18:16:18.144,6.56275,6.56497,1.65,1.80
2013.06.11 18:16:18.934,6.56278,6.56497,3.15,1.80
2013.06.11 18:16:19.055,6.56278,6.56497,1.65,1.80
2013.06.11 18:16:20.496,6.5629,6.56497,2.63,1.80
2013.06.11 18:16:21.338,6.56282,6.56497,1.80,1.80
2013.06.11 18:16:22.989,6.56291,6.56497,1.73,1.80
2013.06.11 18:16:23.296,6.56306,6.56519,1.65,1.65
2013.06.11 18:16:25.105,6.56295,6.56519,1.65,1.65
2013.06.11 18:16:25.166,6.56285,6.56503,2.40,1.80
2013.06.11 18:16:27.554,6.56295,6.56503,1.65,1.80
2013.06.11 18:16:31.936,6.56287,6.56503,2.85,1.80
2013.06.11 18:16:39.839,6.56284,6.56503,1.65,1.80
2013.06.11 18:16:45.165,6.56291,6.56519,1.65,1.65
2013.06.11 18:16:46.985,6.56301,6.56519,1.65,1.65
2013.06.11 18:16:49.396,6.56301,6.56519,1.65,1.65
2013.06.11 18:17:01.917,6.56286,6.56503,1.80,2.78
2013.06.11 18:17:02.107,6.56256,6.56476,1.65,1.80
2013.06.11 18:17:02.227,6.56232,6.56452,1.65,1.80
2013.06.11 18:17:02.865,6.56222,6.56452,1.65,1.80
2013.06.11 18:17:02.926,6.56207,6.56434,2.55,1.65
2013.06.11 18:17:03.227,6.56196,6.56426,1.65,1.80
2013.06.11 18:17:05.105,6.56217,6.56426,2.25,1.80
2013.06.11 18:17:05.634,6.56227,6.56453,1.65,1.80
2013.06.11 18:17:06.952,6.56205,6.56432,1.65,1.80
2013.06.11 18:17:07.019,6.56205,6.56431,1.65,1.80
2013.06.11 18:17:07.316,6.56217,6.5645,1.65,1.65
2013.06.11 18:17:07.802,6.56235,6.56454,1.65,1.80
2013.06.11 18:17:09.835,6.56232,6.56454,1.65,1.80
2013.06.11 18:17:14.236,6.5621,6.56432,1.65,1.80
2013.06.11 18:17:14.576,6.56215,6.56432,1.65,1.80
2013.06.11 18:17:14.635,6.5622,6.56434,1.65,1.80
2013.06.11 18:17:14.694,6.5622,6.56453,1.65,1.65
2013.06.11 18:17:28.245,6.56216,6.56448,1.65,1.65
2013.06.11 18:17:32.585,6.56205,6.56426,1.65,1.80
2013.06.11 18:17:40.065,6.56208,6.56426,1.65,1.80
2013.06.11 18:17:40.896,6.56197,6.56426,1.65,1.80
2013.06.11 18:17:42.965,6.56197,6.56428,1.65,1.80
2013.06.11 18:17:43.025,6.56208,6.56441,2.55,1.65
2013.06.11 18:18:02.895,6.56222,6.56448,1.65,1.80
2013.06.11 18:18:08.225,6.56229,6.56455,1.80,1.65
2013.06.11 18:18:08.284,6.56235,6.56455,1.80,1.65
2013.06.11 18:18:26.205,6.56256,6.56495,1.65,1.80
2013.06.11 18:18:26.265,6.56261,6.56495,1.65,1.80
2013.06.11 18:18:29.714,6.56277,6.56495,1.65,1.80
2013.06.11 18:18:30.784,6.56282,6.56516,1.65,1.65
2013.06.11 18:18:30.845,6.56283,6.56516,1.80,1.65
2013.06.11 18:18:40.647,6.56318,6.56521,1.65,1.65
2013.06.11 18:18:53.256,6.56308,6.56515,1.65,1.65
2013.06.11 18:18:53.374,6.56306,6.56515,1.65,1.65
2013.06.11 18:18:55.334,6.56312,6.56525,1.80,2.70
2013.06.11 18:19:06.575,6.56332,6.56525,1.65,2.70
2013.06.11 18:19:06.876,6.56338,6.56525,1.65,2.70
2013.06.11 18:19:07.906,6.56322,6.56525,1.65,2.70
2013.06.11 18:19:12.425,6.5633,6.56525,1.65,2.70
2013.06.11 18:19:12.734,6.56329,6.56525,1.65,2.70
2013.06.11 18:19:12.975,6.56323,6.56525,1.65,2.70
2013.06.11 18:19:18.687,6.56304,6.56515,1.65,1.65
2013.06.11 18:19:18.866,6.56271,6.56505,1.65,1.80
2013.06.11 18:19:18.926,6.56271,6.56492,1.65,1.80
2013.06.11 18:19:19.227,6.56241,6.56469,1.65,1.80
2013.06.11 18:19:19.466,6.56228,6.56447,1.65,1.80
2013.06.11 18:19:19.825,6.56191,6.56427,1.65,1.80
2013.06.11 18:19:19.885,6.56191,6.56417,1.65,1.80
2013.06.11 18:19:24.368,6.56185,6.56423,1.65,1.80
2013.06.11 18:19:24.436,6.56204,6.56429,1.80,1.65
2013.06.11 18:19:26.117,6.56223,6.56442,1.65,1.80
2013.06.11 18:19:26.993,6.56223,6.56442,1.65,1.80
2013.06.11 18:19:28.196,6.56223,6.56442,1.65,1.80
2013.06.11 18:19:29.914,6.56227,6.56464,1.65,1.80
2013.06.11 18:19:29.976,6.56245,6.56464,1.65,1.80
2013.06.11 18:19:30.396,6.56262,6.56464,1.65,1.80
2013.06.11 18:19:30.516,6.5627,6.56488,1.65,1.80
2013.06.11 18:19:31.044,6.56262,6.56488,1.65,1.80
2013.06.11 18:19:33.260,6.56262,6.56469,1.65,1.80
2013.06.11 18:19:33.565,6.56246,6.56464,1.65,1.80
2013.06.11 18:19:33.685,6.5624,6.56464,1.65,1.80
2013.06.11 18:19:34.225,6.56246,6.56464,1.65,1.80
2013.06.11 18:19:36.026,6.56246,6.56464,1.65,1.80
2013.06.11 18:19:36.521,6.56253,6.56466,1.65,1.80
2013.06.11 18:19:36.830,6.56253,6.56486,1.65,1.80
2013.06.11 18:19:37.655,6.56283,6.56508,1.65,1.80
2013.06.11 18:19:38.069,6.56272,6.56489,1.65,1.80
2013.06.11 18:19:38.836,6.56268,6.56486,1.65,1.80
2013.06.11 18:19:39.165,6.56273,6.56486,1.80,1.80
2013.06.11 18:19:39.225,6.5627,6.56486,1.50,1.80
2013.06.11 18:19:40.080,6.56268,6.56486,1.65,1.80
2013.06.11 18:19:41.506,6.56268,6.56486,1.65,1.80
2013.06.11 18:19:44.146,6.56268,6.56486,1.65,1.80
2013.06.11 18:19:44.326,6.56302,6.56499,1.65,1.80
2013.06.11 18:19:44.445,6.56302,6.56517,1.65,1.65
2013.06.11 18:19:44.505,6.56298,6.56517,1.65,1.65
2013.06.11 18:19:44.985,6.56275,6.56517,1.65,1.65
2013.06.11 18:19:45.046,6.56271,6.5649,1.65,1.80
2013.06.11 18:19:46.495,6.56271,6.5649,1.65,1.80
2013.06.11 18:19:46.615,6.56284,6.5649,2.93,1.80
2013.06.11 18:19:52.734,6.56301,6.5649,1.73,1.80
2013.06.11 18:19:52.856,6.56288,6.5649,1.88,1.80
2013.06.11 18:19:52.917,6.56298,6.56517,1.65,1.65
2013.06.11 18:19:53.096,6.56307,6.56517,1.65,1.65
2013.06.11 18:19:53.215,6.56299,6.56517,1.65,1.65
2013.06.11 18:19:53.275,6.56289,6.56517,2.18,1.65
2013.06.11 18:19:53.960,6.56285,6.56502,1.65,1.80
2013.06.11 18:19:56.516,6.56284,6.56502,1.65,1.80
2013.06.11 18:20:12.215,6.56285,6.56502,1.65,1.80
2013.06.11 18:20:12.395,6.56295,6.56517,1.65,1.65
2013.06.11 18:20:21.174,6.56288,6.56508,1.65,1.80
2013.06.11 18:20:37.123,6.56292,6.56508,1.65,1.80
2013.06.11 18:20:38.757,6.56311,6.56517,1.65,1.65
2013.06.11 18:20:39.090,6.56335,6.56526,1.65,2.25
2013.06.11 18:20:41.875,6.56326,6.56526,1.65,3.15
2013.06.11 18:20:42.156,6.5633,6.56526,1.80,2.25
2013.06.11 18:20:43.746,6.56344,6.56525,1.65,1.95
2013.06.11 18:20:44.257,6.56351,6.56525,1.65,1.95
2013.06.11 18:20:44.856,6.56351,6.56509,1.65,1.47
2013.06.11 18:20:45.115,6.56351,6.56524,1.65,2.10
2013.06.11 18:20:49.086,6.5633,6.56524,1.80,2.10
2013.06.11 18:21:02.253,6.56336,6.56524,1.65,2.10
2013.06.11 18:21:15.345,6.56358,6.56524,1.50,2.10
2013.06.11 18:21:15.895,6.56359,6.56524,2.48,2.10
2013.06.11 18:21:22.176,6.56369,6.56524,1.65,2.10
2013.06.11 18:21:22.726,6.56399,6.56522,1.65,2.63
2013.06.11 18:21:23.596,6.56412,6.56521,1.80,1.50
2013.06.11 18:21:24.074,6.56422,6.56521,1.65,1.50
2013.06.11 18:21:24.617,6.56454,6.56521,1.65,1.50
2013.06.11 18:21:30.455,6.56433,6.56521,1.80,1.50
2013.06.11 18:21:30.575,6.56408,6.56521,1.65,1.50
2013.06.11 18:21:31.157,6.56399,6.56521,1.65,2.85
2013.06.11 18:21:34.529,6.56391,6.56521,1.58,2.85
2013.06.11 18:21:37.045,6.56392,6.56521,2.63,2.85
2013.06.11 18:21:38.815,6.56377,6.56521,2.78,2.85
2013.06.11 18:21:38.935,6.56366,6.56521,2.40,2.85
2013.06.11 18:21:39.108,6.56362,6.56521,2.70,2.85
2013.06.11 18:21:41.085,6.56382,6.56521,2.70,2.85
2013.06.11 18:21:50.963,6.56382,6.56524,2.70,2.25
2013.06.11 18:21:56.965,6.56372,6.56524,2.48,2.25
2013.06.11 18:22:08.195,6.56382,6.56524,3.68,2.25
2013.06.11 18:22:08.916,6.56402,6.56524,2.25,2.25
2013.06.11 18:22:09.347,6.56413,6.56522,1.50,2.48
2013.06.11 18:22:13.275,6.56404,6.56522,1.65,2.48
2013.06.11 18:22:13.395,6.56383,6.56522,1.65,2.48
2013.06.11 18:22:14.253,6.56383,6.56523,1.65,2.55
2013.06.11 18:22:20.395,6.56383,6.56523,1.65,2.55
2013.06.11 18:22:21.029,6.56383,6.56523,1.65,2.55
2013.06.11 18:22:21.471,6.56382,6.56523,1.65,2.55
2013.06.11 18:22:22.625,6.56392,6.56523,2.70,2.55
2013.06.11 18:22:22.685,6.56383,6.56523,1.65,2.55
2013.06.11 18:22:28.036,6.56373,6.56525,2.78,2.18
2013.06.11 18:22:28.217,6.56341,6.56525,1.65,2.18
2013.06.11 18:22:28.743,6.5634,6.56526,1.65,2.55
2013.06.11 18:22:29.006,6.56334,6.56516,2.93,1.65
2013.06.11 18:22:29.065,6.56324,6.56516,1.88,1.65
2013.06.11 18:22:29.365,6.56324,6.56516,1.88,1.65
2013.06.11 18:22:32.055,6.56311,6.56511,2.85,1.80
2013.06.11 18:22:32.296,6.56292,6.56507,1.65,1.65
2013.06.11 18:22:35.556,6.56292,6.56492,1.65,1.80
2013.06.11 18:22:35.960,6.56274,6.56465,2.03,1.80
2013.06.11 18:22:36.040,6.56213,6.56411,1.80,1.65
2013.06.11 18:22:36.168,6.56195,6.56407,1.65,1.65
2013.06.11 18:22:36.416,6.56175,6.56375,2.48,1.80
2013.06.11 18:22:36.606,6.56171,6.56375,2.10,1.80
2013.06.11 18:22:36.787,6.56181,6.56375,2.55,1.80
2013.06.11 18:22:37.607,6.56205,6.56418,2.25,1.80
2013.06.11 18:22:37.796,6.56214,6.56426,1.65,1.65
2013.06.11 18:22:37.915,6.56238,6.5644,1.88,1.80
2013.06.11 18:22:38.218,6.56255,6.5644,2.78,1.80
2013.06.11 18:22:38.277,6.56244,6.5644,1.88,1.80
2013.06.11 18:22:38.475,6.56241,6.5644,2.55,1.80
2013.06.11 18:22:46.496,6.56253,6.5644,2.70,1.80
2013.06.11 18:22:46.556,6.56253,6.56461,2.70,1.80
2013.06.11 18:22:46.677,6.56263,6.56473,1.65,1.65
2013.06.11 18:22:46.737,6.56264,6.56483,1.65,1.65
2013.06.11 18:22:47.183,6.56264,6.56464,1.65,1.80
2013.06.11 18:22:47.568,6.56256,6.56461,2.33,1.80
2013.06.11 18:22:47.896,6.56242,6.5646,1.65,1.65
2013.06.11 18:22:51.186,6.5625,6.56461,2.40,1.80
2013.06.11 18:22:51.906,6.56242,6.56461,1.65,1.80
2013.06.11 18:22:54.465,6.5624,6.56461,1.65,1.80
2013.06.11 18:23:07.505,6.56229,6.56447,1.65,1.80
2013.06.11 18:23:07.936,6.56229,6.56413,1.65,2.44
2013.06.11 18:23:08.116,6.56202,6.56403,2.93,1.65
2013.06.11 18:23:08.236,6.56208,6.56409,2.78,1.80
2013.06.11 18:23:08.595,6.56217,6.56409,2.70,1.80
2013.06.11 18:23:08.775,6.5621,6.56409,2.33,1.80
2013.06.11 18:23:09.776,6.5623,6.56409,2.85,1.80
2013.06.11 18:23:09.965,6.56223,6.56409,2.55,1.80
2013.06.11 18:23:14.795,6.56234,6.56409,1.80,1.80
2013.06.11 18:23:14.915,6.56234,6.56432,1.80,1.80
2013.06.11 18:23:17.678,6.56226,6.56432,2.03,1.80
2013.06.11 18:23:35.596,6.56226,6.56429,2.03,1.80
2013.06.11 18:23:40.946,6.56215,6.56429,2.18,1.80
2013.06.11 18:23:48.205,6.5621,6.56429,1.65,1.80
2013.06.11 18:23:49.376,6.56202,6.56428,2.18,2.78
2013.06.11 18:23:49.436,6.56184,6.56402,1.65,1.80
2013.06.11 18:23:49.556,6.56172,6.56402,1.65,1.80
2013.06.11 18:23:49.676,6.56163,6.56402,1.65,1.80
2013.06.11 18:23:49.986,6.56205,6.56378,2.70,1.80
2013.06.11 18:23:50.105,6.56215,6.56455,2.55,1.80
2013.06.11 18:23:50.166,6.56237,6.56457,1.80,1.65
2013.06.11 18:23:53.401,6.56256,6.56461,1.80,1.65
2013.06.11 18:23:54.565,6.56265,6.56482,1.80,2.93
2013.06.11 18:23:54.925,6.56265,6.56496,1.80,1.65
2013.06.11 18:23:59.466,6.56287,6.5651,1.80,1.65
2013.06.11 18:23:59.897,6.56266,6.56502,1.65,1.80
2013.06.11 18:24:02.955,6.56266,6.56507,1.65,1.80
2013.06.11 18:24:03.015,6.56288,6.56509,1.80,1.65
2013.06.11 18:24:03.195,6.5631,6.56526,1.80,2.93
2013.06.11 18:24:04.016,6.56285,6.56516,1.80,1.65
2013.06.11 18:24:10.147,6.56267,6.56495,1.65,1.80
2013.06.11 18:24:12.345,6.56248,6.56474,1.65,1.80
2013.06.11 18:24:12.466,6.56224,6.56455,1.65,1.80
2013.06.11 18:24:12.585,6.56214,6.56433,2.85,1.80
2013.06.11 18:24:13.651,6.56224,6.56433,1.80,1.80
2013.06.11 18:24:16.621,6.56224,6.56412,1.80,1.80
2013.06.11 18:24:16.685,6.56208,6.56412,1.65,1.80
2013.06.11 18:24:16.806,6.56203,6.56409,1.58,1.80
2013.06.11 18:24:20.190,6.56209,6.56409,1.65,1.80
2013.06.11 18:24:21.285,6.56209,6.56407,1.65,1.80
2013.06.11 18:24:21.846,6.56203,6.56388,1.58,1.80
2013.06.11 18:24:22.306,6.56203,6.56417,1.58,1.80
2013.06.11 18:24:24.876,6.56222,6.56417,2.78,1.80
2013.06.11 18:24:25.935,6.56228,6.56417,1.80,1.80
2013.06.11 18:24:26.295,6.56193,6.56363,2.25,1.80
2013.06.11 18:24:26.847,6.5618,6.56357,2.78,1.80
2013.06.11 18:24:28.397,6.56176,6.56357,1.88,1.80
2013.06.11 18:24:28.515,6.56176,6.56357,1.88,1.80
2013.06.11 18:24:28.695,6.56168,6.56336,2.10,1.80
2013.06.11 18:24:31.736,6.56168,6.56363,2.10,1.80
2013.06.11 18:24:31.920,6.56184,6.56363,2.48,1.80
2013.06.11 18:24:32.367,6.56214,6.56363,1.73,1.80
2013.06.11 18:24:34.556,6.56214,6.56363,1.73,1.80
2013.06.11 18:24:34.617,6.56195,6.56342,1.80,1.80
2013.06.11 18:24:49.945,6.56182,6.56342,1.65,1.80
2013.06.11 18:24:53.847,6.56182,6.56342,1.65,1.80
2013.06.11 18:24:54.038,6.56176,6.56319,2.10,1.80
2013.06.11 18:24:54.549,6.56166,6.56319,1.88,1.80
2013.06.11 18:25:00.270,6.56165,6.56319,2.25,1.80
2013.06.11 18:25:08.417,6.56175,6.56343,2.93,1.80
2013.06.11 18:25:09.539,6.56188,6.56343,2.93,1.80
2013.06.11 18:25:13.578,6.56188,6.56365,2.93,1.80
2013.06.11 18:25:13.638,6.56199,6.56365,1.73,1.80
2013.06.11 18:25:13.697,6.56199,6.56374,1.73,1.80
2013.06.11 18:25:13.757,6.56199,6.56394,1.73,1.80
2013.06.11 18:25:13.958,6.56199,6.56394,1.73,1.80
2013.06.11 18:25:19.587,6.56209,6.56394,2.18,1.80
2013.06.11 18:25:19.645,6.56209,6.56394,2.18,1.80
2013.06.11 18:25:19.826,6.56223,6.56394,1.95,1.80
2013.06.11 18:25:20.318,6.56249,6.56419,2.25,1.80
2013.06.11 18:25:23.197,6.56238,6.56419,2.85,1.80
2013.06.11 18:25:25.066,6.56248,6.56419,1.65,1.80
2013.06.11 18:25:29.796,6.56236,6.56419,2.63,1.80
2013.06.11 18:25:30.236,6.56247,6.56419,2.63,1.80
2013.06.11 18:25:35.695,6.56247,6.56399,2.63,1.80
2013.06.11 18:25:36.046,6.56236,6.56398,1.73,1.80
2013.06.11 18:25:36.287,6.56203,6.56373,2.70,1.80
2013.06.11 18:25:37.835,6.56212,6.56373,2.55,1.80
2013.06.11 18:25:37.957,6.56212,6.56397,2.55,1.80
2013.06.11 18:25:38.076,6.56222,6.56397,1.65,1.80
2013.06.11 18:25:39.255,6.56218,6.56397,2.55,1.80
2013.06.11 18:25:39.757,6.56236,6.56397,2.03,1.80
2013.06.11 18:25:40.346,6.56225,6.56397,2.78,1.80
2013.06.11 18:25:42.005,6.56237,6.56397,2.78,1.80
2013.06.11 18:25:45.455,6.5625,6.56397,1.80,1.80
2013.06.11 18:25:47.285,6.56239,6.56397,2.18,1.80
2013.06.11 18:25:47.974,6.5625,6.56397,1.80,1.80
2013.06.11 18:25:48.097,6.56239,6.56397,2.85,1.80
2013.06.11 18:25:50.686,6.56253,6.56397,2.25,1.80
2013.06.11 18:25:50.955,6.56253,6.56424,2.25,1.80
2013.06.11 18:25:51.755,6.56253,6.5646,2.25,1.80
2013.06.11 18:25:51.815,6.56296,6.56483,2.85,1.80
2013.06.11 18:25:51.876,6.56296,6.56483,2.85,1.80
2013.06.11 18:25:53.686,6.56313,6.56483,2.18,1.80
2013.06.11 18:25:53.746,6.56313,6.56488,2.18,1.80
2013.06.11 18:25:53.806,6.56313,6.56508,2.18,1.80
2013.06.11 18:25:58.626,6.56328,6.56508,1.58,1.80
2013.06.11 18:26:00.585,6.56345,6.56508,1.95,1.80
2013.06.11 18:26:00.885,6.56362,6.56514,1.88,1.65
2013.06.11 18:26:00.945,6.56362,6.56515,1.88,1.65
2013.06.11 18:26:01.527,6.56362,6.56515,1.88,1.65
2013.06.11 18:26:02.375,6.56361,6.56515,2.10,1.65
2013.06.11 18:26:05.196,6.56361,6.56515,2.10,1.65
2013.06.11 18:26:05.776,6.56315,6.56515,1.65,1.65
2013.06.11 18:26:05.896,6.56315,6.56514,1.65,1.65
2013.06.11 18:26:06.198,6.56309,6.56505,2.18,1.80
2013.06.11 18:26:06.636,6.56325,6.56505,2.03,1.80
2013.06.11 18:26:11.305,6.5631,6.56505,2.33,1.80
2013.06.11 18:26:11.786,6.5631,6.56485,2.33,1.80
2013.06.11 18:26:12.145,6.56299,6.56482,2.85,1.80
2013.06.11 18:26:13.676,6.56299,6.56462,2.85,1.80
2013.06.11 18:26:13.738,6.56263,6.56455,2.40,1.80
2013.06.11 18:26:14.791,6.56263,6.56435,2.40,1.80
2013.06.11 18:26:15.113,6.56263,6.56431,2.40,1.80
2013.06.11 18:26:15.786,6.56274,6.56431,2.48,1.80
2013.06.11 18:26:15.991,6.56261,6.56431,1.73,1.80
2013.06.11 18:26:17.825,6.56261,6.56439,1.73,1.80
2013.06.11 18:26:17.885,6.56275,6.56439,1.95,1.80
2013.06.11 18:26:18.005,6.5626,6.56439,1.50,1.80
2013.06.11 18:26:18.125,6.5626,6.56459,1.50,1.80
2013.06.11 18:26:19.736,6.56275,6.56459,1.95,1.80
2013.06.11 18:26:25.135,6.56251,6.56459,2.48,1.80
2013.06.11 18:26:25.195,6.56251,6.56459,2.48,1.80
2013.06.11 18:26:25.806,6.5626,6.56435,1.80,1.80
2013.06.11 18:26:27.770,6.56275,6.56435,1.50,1.80
2013.06.11 18:26:28.016,6.5625,6.56435,2.48,1.80
2013.06.11 18:26:29.300,6.56268,6.56435,1.80,1.80
2013.06.11 18:26:29.675,6.5626,6.56435,2.18,1.80
2013.06.11 18:26:29.737,6.56275,6.56435,2.78,1.80
2013.06.11 18:26:29.855,6.56261,6.56435,2.70,1.80
2013.06.11 18:26:31.775,6.56276,6.56435,2.40,1.80
2013.06.11 18:26:31.835,6.56262,6.56435,2.25,1.80
2013.06.11 18:26:32.408,6.56262,6.56416,2.25,1.80
2013.06.11 18:26:32.709,6.56262,6.56391,2.25,1.80
2013.06.11 18:26:32.838,6.56199,6.56391,2.48,1.80
2013.06.11 18:26:33.726,6.56219,6.56391,2.85,1.80
2013.06.11 18:26:37.158,6.56213,6.56391,2.25,1.80
2013.06.11 18:26:43.670,6.56194,6.56391,2.78,1.80
2013.06.11 18:26:43.736,6.56206,6.56391,2.10,1.80
2013.06.11 18:26:44.728,6.56223,6.56391,1.95,1.80
2013.06.11 18:26:44.846,6.5621,6.56391,2.48,1.80
2013.06.11 18:26:46.749,6.56227,6.56391,2.03,1.80
2013.06.11 18:26:46.817,6.56214,6.56391,1.95,1.80
2013.06.11 18:26:48.825,6.56228,6.56391,1.50,1.80
2013.06.11 18:26:49.066,6.56244,6.56415,2.85,1.80
2013.06.11 18:27:01.485,6.56241,6.56415,1.58,1.80
2013.06.11 18:27:05.196,6.56258,6.56415,1.88,1.80
2013.06.11 18:27:09.409,6.56258,6.56415,1.88,1.80
2013.06.11 18:27:18.527,6.56249,6.56426,1.73,1.80
2013.06.11 18:27:29.467,6.56249,6.56426,1.73,1.80
2013.06.11 18:27:37.396,6.56259,6.56442,2.78,1.80
2013.06.11 18:27:41.615,6.56259,6.56436,2.78,2.78
2013.06.11 18:27:41.856,6.56243,6.56436,2.40,2.78
2013.06.11 18:27:42.098,6.56266,6.56409,1.80,1.80
2013.06.11 18:27:42.157,6.5626,6.56409,2.70,1.80
2013.06.11 18:27:42.286,6.56256,6.56436,1.73,2.78
2013.06.11 18:27:42.348,6.56256,6.56448,1.73,1.80
2013.06.11 18:27:44.220,6.56269,6.56448,2.55,1.80
2013.06.11 18:27:46.426,6.56269,6.56469,2.25,1.80
2013.06.11 18:27:48.399,6.56277,6.56469,2.25,1.80
2013.06.11 18:27:49.116,6.56268,6.56446,1.50,1.80
2013.06.11 18:27:56.486,6.56262,6.56446,2.03,1.80
2013.06.11 18:27:57.827,6.56248,6.56446,2.10,1.80
2013.06.11 18:27:57.946,6.56238,6.56417,2.18,1.80
2013.06.11 18:27:58.797,6.56238,6.56423,1.95,1.80
2013.06.11 18:27:58.856,6.56277,6.56442,1.50,1.80
2013.06.11 18:27:59.155,6.56246,6.56442,2.70,1.80
2013.06.11 18:27:59.955,6.56247,6.56465,1.65,1.80
2013.06.11 18:28:00.836,6.5628,6.56465,1.50,1.80
2013.06.11 18:28:05.495,6.5628,6.56487,1.50,1.80
2013.06.11 18:28:14.160,6.5629,6.56489,1.65,1.80
2013.06.11 18:28:14.226,6.5629,6.56509,1.65,1.65
2013.06.11 18:28:34.326,6.56277,6.56508,1.95,1.65
2013.06.11 18:28:37.746,6.56287,6.565,1.65,1.80
2013.06.11 18:28:37.805,6.56287,6.56508,1.65,1.65
2013.06.11 18:28:40.859,6.56281,6.56508,1.65,1.65
2013.06.11 18:28:46.716,6.5628,6.56477,1.65,1.65
2013.06.11 18:28:46.836,6.5625,6.56469,1.65,1.80
2013.06.11 18:29:06.916,6.56248,6.5646,1.88,1.80
2013.06.11 18:29:07.950,6.56259,6.5646,2.70,1.80
2013.06.11 18:29:14.416,6.56267,6.56465,1.65,1.80
2013.06.11 18:29:14.476,6.56267,6.56471,1.65,1.65
2013.06.11 18:29:20.937,6.56267,6.56477,1.65,1.65
2013.06.11 18:29:24.346,6.56301,6.56485,2.70,1.80
2013.06.11 18:29:24.525,6.56318,6.56496,1.65,1.80
2013.06.11 18:29:24.715,6.56318,6.56518,2.55,1.65
2013.06.11 18:29:24.776,6.56318,6.56518,1.65,1.65
2013.06.11 18:29:25.996,6.56319,6.56518,2.78,1.65
2013.06.11 18:29:26.536,6.56319,6.56518,2.78,1.65
2013.06.11 18:29:27.026,6.56333,6.56518,2.18,1.65
2013.06.11 18:29:33.617,6.56321,6.56518,1.65,1.65
2013.06.11 18:29:33.737,6.56308,6.56517,1.65,1.65
2013.06.11 18:29:33.856,6.56298,6.56516,2.78,1.80
2013.06.11 18:29:34.926,6.56288,6.56516,1.65,1.80
2013.06.11 18:29:35.046,6.56278,6.56516,2.70,1.80
2013.06.11 18:29:35.927,6.56302,6.5649,1.65,1.80
2013.06.11 18:29:35.987,6.56302,6.56517,1.65,1.80
2013.06.11 18:29:36.046,6.56313,6.56517,1.88,1.80
2013.06.11 18:29:41.837,6.56303,6.56517,2.78,1.80
2013.06.11 18:29:44.666,6.56313,6.56529,1.65,2.33
2013.06.11 18:29:48.338,6.56308,6.56527,1.80,2.33
2013.06.11 18:29:55.487,6.56327,6.56527,1.65,2.33
2013.06.11 18:29:57.307,6.56346,6.56527,1.65,2.33
2013.06.11 18:30:04.377,6.56326,6.56526,2.55,1.65
2013.06.11 18:30:04.818,6.56283,6.56511,1.80,1.65
2013.06.11 18:30:04.935,6.56277,6.56496,1.65,1.80
2013.06.11 18:30:10.777,6.56267,6.56494,1.95,2.78
2013.06.11 18:30:10.900,6.56229,6.5646,1.80,1.65
2013.06.11 18:30:11.387,6.56225,6.56447,1.65,1.80
2013.06.11 18:30:11.508,6.56221,6.56439,1.65,1.80
2013.06.11 18:30:13.197,6.56235,6.56439,1.73,1.80
2013.06.11 18:30:15.705,6.56244,6.56442,1.65,1.80
2013.06.11 18:30:15.766,6.56244,6.56463,1.65,1.80
2013.06.11 18:30:16.139,6.56249,6.56463,2.10,1.80
2013.06.11 18:30:16.377,6.56244,6.56463,2.78,1.80
2013.06.11 18:30:16.497,6.56244,6.56452,1.65,1.65
2013.06.11 18:30:17.027,6.56223,6.5645,1.80,1.65
2013.06.11 18:30:21.216,6.56244,6.56463,1.65,1.80
2013.06.11 18:30:21.396,6.56246,6.5648,1.80,1.65
2013.06.11 18:30:22.366,6.56245,6.56462,2.48,1.80
2013.06.11 18:30:25.246,6.56245,6.56452,1.65,1.65
2013.06.11 18:30:25.368,6.56226,6.5646,1.65,1.65
2013.06.11 18:30:25.619,6.56225,6.5646,1.65,1.65
2013.06.11 18:30:25.998,6.56216,6.56437,1.65,1.80
2013.06.11 18:30:26.120,6.56219,6.56437,1.65,1.80
2013.06.11 18:30:27.416,6.56235,6.56437,1.73,1.80
2013.06.11 18:30:27.536,6.56226,6.5646,1.65,2.55
2013.06.11 18:30:28.298,6.56218,6.56436,1.65,1.80
2013.06.11 18:30:28.656,6.56196,6.56414,1.65,1.80
2013.06.11 18:30:28.778,6.56174,6.56402,1.80,1.65
2013.06.11 18:30:28.839,6.56167,6.56393,1.65,1.80
2013.06.11 18:30:28.907,6.56167,6.56391,1.65,1.80
2013.06.11 18:30:29.088,6.56143,6.56366,1.65,1.80
2013.06.11 18:30:30.908,6.56168,6.5637,1.65,1.65
2013.06.11 18:30:30.967,6.5617,6.5637,1.80,1.65
2013.06.11 18:30:31.207,6.5625,6.56469,1.80,1.50
2013.06.11 18:30:31.472,6.5627,6.56475,1.80,2.70
2013.06.11 18:30:31.541,6.56279,6.56503,1.80,1.65
2013.06.11 18:30:32.087,6.5631,6.56518,1.58,1.65
2013.06.11 18:30:32.146,6.5632,6.56522,1.65,1.65
2013.06.11 18:30:32.207,6.56323,6.56528,1.65,2.48
2013.06.11 18:30:34.147,6.56316,6.56518,2.70,1.65
2013.06.11 18:30:34.266,6.56306,6.56518,1.65,1.65
2013.06.11 18:30:34.568,6.56299,6.56518,1.65,2.40
2013.06.11 18:30:35.267,6.5631,6.56518,2.70,1.65
2013.06.11 18:30:43.138,6.56306,6.56518,1.65,1.65
2013.06.11 18:30:43.375,6.56306,6.56506,1.65,1.80
2013.06.11 18:30:43.686,6.56287,6.56494,1.73,1.65
2013.06.11 18:30:43.746,6.56285,6.56494,1.65,1.65
2013.06.11 18:30:47.336,6.56285,6.56502,1.65,1.80
2013.06.11 18:30:52.586,6.56284,6.56502,1.65,1.80
2013.06.11 18:31:00.468,6.56286,6.56502,1.73,1.80
2013.06.11 18:31:00.776,6.56333,6.56527,1.65,2.63
2013.06.11 18:31:09.916,6.5634,6.56527,1.65,2.63
2013.06.11 18:31:13.506,6.56333,6.56527,1.80,2.63
2013.06.11 18:31:13.806,6.56288,6.56517,1.80,1.65
2013.06.11 18:31:18.597,6.56308,6.56517,1.80,1.65
2013.06.11 18:31:18.916,6.56334,6.56524,1.80,2.10
2013.06.11 18:31:18.976,6.56331,6.56524,1.80,2.10
2013.06.11 18:31:19.423,6.56323,6.56524,1.65,2.10
2013.06.11 18:31:20.701,6.56311,6.56517,1.80,1.65
2013.06.11 18:31:21.947,6.56291,6.56517,1.65,1.65
2013.06.11 18:31:22.088,6.56281,6.56504,1.65,1.80
2013.06.11 18:31:25.314,6.56262,6.56484,1.65,1.80
2013.06.11 18:31:25.436,6.56247,6.56473,1.65,1.80
2013.06.11 18:31:26.396,6.56255,6.56473,1.65,1.80
2013.06.11 18:31:26.657,6.56248,6.56473,1.65,1.80
2013.06.11 18:31:28.416,6.56255,6.56473,1.65,1.80
2013.06.11 18:31:32.286,6.5625,6.56473,1.65,1.80
2013.06.11 18:31:33.366,6.56255,6.56473,1.65,1.80
2013.06.11 18:31:33.556,6.56263,6.56494,1.65,1.65
2013.06.11 18:31:41.528,6.56256,6.56496,1.80,2.55
2013.06.11 18:31:41.949,6.56233,6.56463,1.80,1.65
2013.06.11 18:31:42.008,6.56213,6.56452,1.65,1.80
2013.06.11 18:31:43.049,6.56233,6.56469,2.55,1.65
2013.06.11 18:31:43.106,6.56237,6.56469,1.80,1.65
2013.06.11 18:31:59.906,6.56256,6.56475,1.65,1.80
2013.06.11 18:32:00.026,6.56261,6.56494,1.80,1.65
2013.06.11 18:32:02.446,6.56311,6.56499,2.63,1.80
2013.06.11 18:32:02.809,6.56312,6.56517,1.65,1.65
2013.06.11 18:32:02.866,6.5632,6.56517,1.58,1.65
2013.06.11 18:32:03.486,6.56311,6.56517,1.65,1.65
2013.06.11 18:32:08.417,6.56298,6.5651,1.65,1.80
2013.06.11 18:32:08.676,6.56271,6.56509,1.65,1.80
2013.06.11 18:32:13.876,6.5629,6.56517,1.80,1.65
2013.06.11 18:32:13.937,6.56292,6.56517,1.80,1.65
2013.06.11 18:32:34.117,6.56292,6.56517,1.80,1.65
2013.06.11 18:32:41.387,6.56313,6.56515,1.80,1.65
2013.06.11 18:32:41.748,6.56366,6.56525,1.50,2.70
2013.06.11 18:32:42.769,6.56394,6.56525,1.65,2.70
2013.06.11 18:32:43.436,6.56377,6.56525,1.65,2.70
2013.06.11 18:32:44.077,6.56371,6.56525,1.65,2.70
2013.06.11 18:32:44.196,6.56361,6.56525,1.88,2.70
2013.06.11 18:32:44.256,6.56352,6.56525,1.65,2.70
2013.06.11 18:32:44.826,6.56361,6.56525,2.25,2.70
2013.06.11 18:32:45.211,6.56358,6.56525,1.65,2.70
2013.06.11 18:32:46.956,6.56357,6.56525,1.65,2.70
2013.06.11 18:32:48.817,6.56366,6.56525,1.65,2.70
2013.06.11 18:32:48.878,6.56356,6.56525,1.65,2.70
2013.06.11 18:32:49.567,6.56344,6.56525,1.65,2.70
2013.06.11 18:32:49.686,6.56348,6.56525,2.55,2.70
2013.06.11 18:32:50.767,6.56358,6.56525,1.65,2.70
2013.06.11 18:32:52.307,6.56373,6.56525,1.65,2.70
2013.06.11 18:32:52.900,6.56373,6.56525,3.23,2.70
2013.06.11 18:32:53.207,6.56373,6.56465,3.23,1.12
2013.06.11 18:32:53.428,6.56373,6.56506,3.23,1.20
2013.06.11 18:32:54.947,6.56369,6.56525,1.65,2.70
2013.06.11 18:32:55.066,6.56373,6.56461,1.65,1.57
2013.06.11 18:32:55.577,6.56373,6.56525,1.65,2.70
2013.06.11 18:32:55.688,6.56373,6.56471,1.65,1.27
2013.06.11 18:32:56.146,6.56373,6.56525,1.65,2.40
2013.06.11 18:32:56.387,6.56367,6.56525,1.65,2.40
2013.06.11 18:32:56.550,6.56357,6.56525,2.10,2.40
2013.06.11 18:32:56.616,6.56368,6.56461,2.10,1.17
2013.06.11 18:32:56.926,6.56353,6.56461,1.65,1.17
2013.06.11 18:32:57.106,6.5635,6.56525,1.65,2.40
2013.06.11 18:32:57.200,6.5635,6.56472,1.65,1.30
2013.06.11 18:32:57.326,6.56353,6.56525,1.65,2.40
2013.06.11 18:32:57.846,6.5635,6.56472,1.65,1.19
2013.06.11 18:32:58.696,6.5635,6.56515,1.65,1.67
2013.06.11 18:32:58.756,6.5635,6.56524,1.65,2.03
2013.06.11 18:32:59.066,6.56354,6.56524,1.50,2.03
2013.06.11 18:32:59.596,6.5635,6.56524,1.65,2.03
2013.06.11 18:33:00.816,6.5635,6.56524,1.65,2.03
2013.06.11 18:33:02.816,6.5636,6.56524,1.88,2.03
2013.06.11 18:33:02.878,6.5635,6.56524,1.65,2.03
2013.06.11 18:33:03.097,6.56351,6.56524,1.73,2.03
2013.06.11 18:33:03.843,6.5635,6.56524,2.48,2.03
2013.06.11 18:33:04.819,6.5636,6.56524,1.65,2.03
2013.06.11 18:33:05.238,6.56352,6.56524,1.65,2.03
2013.06.11 18:33:05.306,6.56349,6.56524,1.65,2.03
2013.06.11 18:33:05.987,6.56349,6.56526,1.65,2.03
2013.06.11 18:33:06.226,6.56349,6.56526,1.65,2.03
2013.06.11 18:33:06.737,6.56364,6.56526,1.80,2.03
2013.06.11 18:33:07.056,6.56374,6.56523,1.65,2.03
2013.06.11 18:33:09.738,6.56361,6.56523,1.95,2.03
2013.06.11 18:33:09.857,6.56354,6.56523,1.65,2.03
2013.06.11 18:33:09.976,6.56364,6.56523,2.33,2.03
2013.06.11 18:33:11.267,6.56351,6.56523,1.65,2.03
2013.06.11 18:33:12.158,6.56356,6.56523,1.88,2.03
2013.06.11 18:33:12.571,6.56364,6.56523,2.10,2.03
2013.06.11 18:33:16.068,6.56374,6.56523,1.65,2.93
2013.06.11 18:33:16.378,6.56391,6.56523,1.65,2.93
2013.06.11 18:33:18.247,6.56379,6.56523,1.65,2.93
2013.06.11 18:33:21.097,6.56387,6.56523,1.65,2.93
2013.06.11 18:33:21.937,6.56401,6.56523,1.65,2.93
2013.06.11 18:33:22.238,6.56407,6.56519,1.65,1.65
2013.06.11 18:33:22.597,6.56426,6.56522,1.80,1.50
2013.06.11 18:33:22.656,6.56421,6.56522,2.55,1.50
2013.06.11 18:33:23.017,6.56398,6.56522,2.18,1.50
2013.06.11 18:33:24.112,6.56385,6.56522,2.55,2.25
2013.06.11 18:33:24.192,6.56363,6.56524,2.25,2.93
2013.06.11 18:33:24.386,6.56358,6.56524,2.48,2.93
2013.06.11 18:33:25.261,6.56371,6.56524,2.85,2.93
2013.06.11 18:33:25.567,6.56383,6.56524,2.03,2.93
2013.06.11 18:33:25.915,6.56371,6.56524,2.10,2.93
2013.06.11 18:33:26.286,6.56362,6.56524,2.25,2.93
2013.06.11 18:33:26.428,6.56362,6.56514,2.25,1.65
2013.06.11 18:33:28.566,6.56362,6.56524,2.25,2.93
2013.06.11 18:33:29.898,6.56362,6.56523,1.58,1.50
2013.06.11 18:33:30.465,6.56362,6.56524,1.58,1.50
2013.06.11 18:33:30.648,6.56351,6.56524,1.58,1.50
2013.06.11 18:33:30.827,6.56351,6.56514,1.58,1.65
2013.06.11 18:33:31.067,6.56335,6.56514,1.65,1.65
2013.06.11 18:33:31.817,6.56325,6.5651,2.10,1.80
2013.06.11 18:33:31.877,6.56325,6.56508,2.10,1.80
2013.06.11 18:33:37.207,6.56296,6.56488,1.58,1.80
2013.06.11 18:33:37.267,6.56296,6.56481,1.58,1.80
2013.06.11 18:33:38.701,6.56308,6.56481,1.80,1.80
2013.06.11 18:33:44.927,6.5632,6.56481,1.50,1.80
2013.06.11 18:33:45.106,6.5632,6.56514,1.50,1.65
2013.06.11 18:33:45.166,6.5632,6.56514,1.50,1.65
2013.06.11 18:33:45.476,6.56355,6.56514,1.50,1.65
2013.06.11 18:33:45.777,6.56379,6.56524,2.25,2.18
2013.06.11 18:33:47.858,6.56372,6.56524,2.25,2.18
2013.06.11 18:33:53.126,6.5638,6.56524,2.03,2.18
2013.06.11 18:33:56.302,6.56373,6.56524,1.73,2.18
2013.06.11 18:34:01.242,6.56359,6.56524,1.58,2.18
2013.06.11 18:34:03.016,6.5637,6.56524,2.18,2.18
2013.06.11 18:34:04.386,6.56363,6.56524,2.93,2.18
2013.06.11 18:34:05.106,6.56348,6.56524,2.25,1.65
2013.06.11 18:34:05.166,6.56348,6.56514,2.25,1.65
2013.06.11 18:34:05.227,6.56333,6.56514,2.25,1.65
2013.06.11 18:34:19.188,6.56333,6.56501,2.25,1.80
2013.06.11 18:34:24.077,6.56324,6.56501,2.10,1.80
2013.06.11 18:34:24.198,6.56308,6.56501,2.40,1.80
2013.06.11 18:34:24.377,6.56308,6.56481,2.40,1.80
2013.06.11 18:34:25.459,6.56308,6.56477,2.40,1.80
2013.06.11 18:34:26.451,6.56302,6.56477,2.33,1.80
2013.06.11 18:34:29.128,6.56309,6.56477,1.95,1.80
2013.06.11 18:34:33.540,6.5631,6.56477,2.78,1.80
2013.06.11 18:34:39.418,6.5631,6.56457,2.78,1.80
2013.06.11 18:34:39.477,6.56262,6.56457,2.18,1.80
2013.06.11 18:34:39.597,6.56273,6.56457,1.73,1.80
2013.06.11 18:34:39.897,6.56266,6.56457,1.65,1.80
2013.06.11 18:34:40.016,6.56296,6.56457,2.93,1.80
2013.06.11 18:34:40.317,6.56312,6.56479,2.18,1.80
2013.06.11 18:34:47.308,6.56324,6.56479,2.33,1.80
2013.06.11 18:34:47.498,6.56324,6.56504,2.33,1.80
2013.06.11 18:34:47.618,6.56324,6.56516,2.33,1.65
2013.06.11 18:34:47.828,6.56353,6.56516,1.65,1.65
2013.06.11 18:34:48.409,6.56353,6.56523,1.65,1.65
2013.06.11 18:34:48.527,6.56363,6.56519,1.50,2.85
2013.06.11 18:34:48.828,6.56476,6.56519,2.78,2.85
2013.06.11 18:34:49.407,6.56486,6.56519,2.48,2.85
2013.06.11 18:34:50.318,6.5648,6.56519,3.30,2.85
2013.06.11 18:34:53.126,6.56479,6.56519,4.50,2.85
2013.06.11 18:34:53.827,6.56479,6.56539,4.50,2.55
2013.06.11 18:34:53.886,6.5648,6.56539,2.33,2.55
2013.06.11 18:34:54.767,6.565,6.56539,2.03,2.55
2013.06.11 18:34:54.886,6.56484,6.56539,1.95,2.55
2013.06.11 18:34:54.946,6.56484,6.56518,1.95,1.80
2013.06.11 18:34:55.246,6.5648,6.56518,1.65,1.80
2013.06.11 18:34:57.148,6.5648,6.56519,1.65,2.18
2013.06.11 18:34:59.506,6.56478,6.56519,2.18,2.18
2013.06.11 18:35:07.097,6.56478,6.56517,2.18,2.78
2013.06.11 18:35:07.468,6.56483,6.56517,2.18,2.78
2013.06.11 18:35:07.527,6.56461,6.56517,1.95,2.78
2013.06.11 18:35:07.741,6.56483,6.56517,2.10,2.78
2013.06.11 18:35:10.522,6.56483,6.56517,2.10,2.03
2013.06.11 18:35:14.257,6.56494,6.56517,1.65,2.03
2013.06.11 18:35:14.797,6.56486,6.56517,1.80,2.03
2013.06.11 18:35:15.556,6.56488,6.56517,1.73,2.03
2013.06.11 18:35:16.317,6.56455,6.56517,2.25,2.03
2013.06.11 18:35:16.437,6.56481,6.56517,1.50,2.03
2013.06.11 18:35:17.437,6.56494,6.56517,2.18,2.03
2013.06.11 18:35:17.557,6.56474,6.56517,2.25,2.03
2013.06.11 18:35:17.617,6.56462,6.56517,2.18,2.03
2013.06.11 18:35:20.087,6.56486,6.56514,1.88,1.50
2013.06.11 18:35:20.438,6.56495,6.56514,1.28,1.50
2013.06.11 18:35:20.938,6.56495,6.56516,1.28,2.63
2013.06.11 18:35:21.177,6.56492,6.5652,1.28,2.40
2013.06.11 18:35:21.358,6.56433,6.5652,1.65,2.40
2013.06.11 18:35:21.478,6.56429,6.5652,1.65,2.40
2013.06.11 18:35:21.597,6.5644,6.5652,2.25,2.40
2013.06.11 18:35:21.717,6.56368,6.56525,1.80,1.88
2013.06.11 18:35:21.776,6.56324,6.56525,1.65,1.88
2013.06.11 18:35:21.836,6.56333,6.56525,1.65,1.88
2013.06.11 18:35:22.137,6.56325,6.56515,2.85,1.80
2013.06.11 18:35:24.027,6.56325,6.56493,2.63,1.80
2013.06.11 18:35:24.559,6.56314,6.56493,1.88,1.80
2013.06.11 18:35:27.049,6.56302,6.56493,1.95,1.80
2013.06.11 18:35:27.108,6.5632,6.56493,1.95,1.80
2013.06.11 18:35:27.228,6.56316,6.56493,1.80,1.80
2013.06.11 18:35:27.467,6.56307,6.56493,2.48,1.80
2013.06.11 18:35:28.282,6.56319,6.56493,2.25,1.80
2013.06.11 18:35:29.088,6.56312,6.56493,2.93,1.80
2013.06.11 18:35:29.165,6.5628,6.56489,1.65,1.80
2013.06.11 18:35:29.298,6.56316,6.56489,2.40,1.80
2013.06.11 18:35:32.616,6.56316,6.56518,3.30,1.65
2013.06.11 18:35:32.739,6.56325,6.56515,1.50,1.65
2013.06.11 18:35:33.046,6.56388,6.5652,1.95,2.33
2013.06.11 18:35:33.166,6.5638,6.5652,1.65,2.33
2013.06.11 18:35:33.409,6.56388,6.5652,2.10,2.33
2013.06.11 18:35:33.468,6.56388,6.56522,2.10,2.10
2013.06.11 18:35:33.847,6.5638,6.56522,1.65,2.10
2013.06.11 18:35:34.042,6.5636,6.56522,2.33,2.10
2013.06.11 18:35:34.286,6.56385,6.56522,2.25,2.10
2013.06.11 18:35:34.858,6.56395,6.56521,1.65,2.33
2013.06.11 18:35:35.166,6.56395,6.56531,1.65,2.78
2013.06.11 18:35:35.226,6.56395,6.56521,1.65,1.65
2013.06.11 18:35:35.406,6.56283,6.5648,2.93,1.80
2013.06.11 18:35:35.889,6.56283,6.5648,2.93,1.80
2013.06.11 18:35:37.696,6.56269,6.56454,2.93,1.80
2013.06.11 18:35:42.406,6.56258,6.56454,1.50,1.80
2013.06.11 18:35:42.476,6.56244,6.56434,2.93,1.80
2013.06.11 18:35:49.480,6.56257,6.56434,2.93,1.80
2013.06.11 18:35:49.547,6.56257,6.5646,2.93,1.80
2013.06.11 18:35:49.607,6.56274,6.5646,2.03,1.80
2013.06.11 18:35:49.966,6.56289,6.5646,2.55,1.80
2013.06.11 18:35:51.158,6.56288,6.5646,2.63,1.80
2013.06.11 18:35:53.117,6.56265,6.5646,2.85,1.80
2013.06.11 18:35:53.238,6.56256,6.5646,2.03,1.80
2013.06.11 18:35:53.357,6.56256,6.5646,2.03,1.80
2013.06.11 18:35:53.657,6.56226,6.56411,2.78,1.80
2013.06.11 18:35:58.789,6.56236,6.56411,1.58,1.80
2013.06.11 18:35:58.917,6.56236,6.5644,1.58,1.80
2013.06.11 18:35:59.037,6.56259,6.5644,1.58,1.80
2013.06.11 18:35:59.488,6.56274,6.5644,2.33,1.80
2013.06.11 18:36:04.767,6.5624,6.5644,2.63,1.80
2013.06.11 18:36:08.557,6.5624,6.56438,2.63,2.78
2013.06.11 18:36:08.796,6.56215,6.56411,2.18,1.80
2013.06.11 18:36:09.617,6.56219,6.56411,1.88,1.80
2013.06.11 18:36:18.857,6.562,6.56411,2.33,1.80
2013.06.11 18:36:23.921,6.56217,6.56464,1.80,2.78
2013.06.11 18:36:23.986,6.5624,6.5648,1.80,1.80
2013.06.11 18:36:24.106,6.5626,6.56481,1.80,1.65
2013.06.11 18:36:24.616,6.56264,6.56483,1.80,1.65
2013.06.11 18:36:25.316,6.56264,6.56504,1.80,1.80
2013.06.11 18:36:27.576,6.56285,6.56516,1.80,1.65
2013.06.11 18:36:27.638,6.56298,6.56517,1.80,1.65
2013.06.11 18:36:27.757,6.56298,6.56517,1.80,1.65
2013.06.11 18:36:28.116,6.56352,6.56521,1.80,1.50
2013.06.11 18:36:28.476,6.56354,6.56521,1.80,1.50
2013.06.11 18:36:28.888,6.56387,6.56521,1.80,1.50
2013.06.11 18:36:29.252,6.5641,6.56519,1.80,2.63
2013.06.11 18:36:30.190,6.5641,6.56518,1.80,2.40
2013.06.11 18:36:31.258,6.5641,6.56523,1.80,1.80
2013.06.11 18:36:31.438,6.56385,6.56531,1.80,2.55
2013.06.11 18:36:31.498,6.56385,6.56531,1.80,2.55
2013.06.11 18:36:31.558,6.56312,6.56504,1.58,1.80
2013.06.11 18:36:31.617,6.56312,6.56504,1.58,1.80
2013.06.11 18:36:31.797,6.56264,6.56481,2.55,1.80
2013.06.11 18:36:32.536,6.56264,6.56481,2.55,1.80
2013.06.11 18:36:32.716,6.56241,6.5646,1.65,1.80
2013.06.11 18:36:34.137,6.5626,6.56482,1.65,1.80
2013.06.11 18:36:34.376,6.56262,6.56482,3.53,1.80
2013.06.11 18:36:36.557,6.56272,6.56482,1.95,1.80
2013.06.11 18:36:36.677,6.56282,6.56484,1.65,1.80
2013.06.11 18:36:36.928,6.56282,6.56505,1.65,1.80
2013.06.11 18:36:45.756,6.56272,6.56448,1.95,1.80
2013.06.11 18:36:46.040,6.56222,6.56448,1.65,1.80
2013.06.11 18:36:46.113,6.56204,6.56424,1.65,1.80
2013.06.11 18:36:46.596,6.56186,6.56402,2.40,1.80
2013.06.11 18:36:50.968,6.56256,6.56402,1.88,1.80
2013.06.11 18:36:51.028,6.56256,6.56408,1.88,1.80
2013.06.11 18:36:51.088,6.56291,6.56408,2.48,1.80
2013.06.11 18:36:51.147,6.56291,6.56428,2.48,1.80
2013.06.11 18:36:51.270,6.56291,6.56486,2.48,1.80
2013.06.11 18:36:54.497,6.56275,6.56486,1.80,1.80
2013.06.11 18:36:54.799,6.56275,6.56458,1.80,1.80
2013.06.11 18:36:54.875,6.56259,6.56458,1.88,1.80
2013.06.11 18:37:01.327,6.56249,6.56458,1.73,1.80
2013.06.11 18:37:01.509,6.56229,6.56458,1.65,1.80
2013.06.11 18:37:01.698,6.5622,6.56457,1.65,2.78
2013.06.11 18:37:02.446,6.56215,6.5643,2.33,1.80
2013.06.11 18:37:03.507,6.56271,6.56477,1.65,2.70
2013.06.11 18:37:03.833,6.56262,6.56477,1.95,1.80
2013.06.11 18:37:05.278,6.56259,6.56477,1.65,1.80
2013.06.11 18:37:06.496,6.56261,6.56477,2.33,1.80
2013.06.11 18:37:13.275,6.56305,6.56522,1.80,1.47
2013.06.11 18:37:13.994,6.56305,6.56523,1.80,1.25
2013.06.11 18:37:14.576,6.56305,6.56522,1.80,1.43
2013.06.11 18:37:21.307,6.56305,6.56522,1.80,1.45
2013.06.11 18:37:26.657,6.56327,6.56523,1.80,1.47
2013.06.11 18:37:27.083,6.56323,6.56523,1.80,2.51
2013.06.11 18:37:27.147,6.56304,6.56523,1.80,2.51
2013.06.11 18:37:27.722,6.56304,6.56522,1.80,1.36
2013.06.11 18:37:30.890,6.56304,6.56523,1.80,2.13
2013.06.11 18:37:32.259,6.56328,6.56523,1.80,1.32
2013.06.11 18:37:33.486,6.56328,6.56522,1.80,1.29
2013.06.11 18:37:33.547,6.56326,6.56522,1.80,1.29
2013.06.11 18:37:33.607,6.56306,6.56522,1.80,1.29
2013.06.11 18:37:34.679,6.56289,6.56512,1.65,1.13
2013.06.11 18:37:36.077,6.56266,6.56503,1.65,1.80
2013.06.11 18:37:36.137,6.56261,6.56499,1.80,1.80
2013.06.11 18:37:36.318,6.56239,6.5648,1.80,1.80
2013.06.11 18:37:36.377,6.56239,6.56477,1.80,1.80
2013.06.11 18:37:37.188,6.56217,6.56456,1.65,1.80
2013.06.11 18:37:37.547,6.56185,6.56425,1.80,1.80
2013.06.11 18:37:38.662,6.56215,6.56426,1.65,1.80
2013.06.11 18:37:39.258,6.56215,6.56446,1.65,1.80
2013.06.11 18:37:45.017,6.56228,6.56448,1.65,1.80
2013.06.11 18:37:45.076,6.56229,6.56469,1.80,1.80
2013.06.11 18:37:49.721,6.56228,6.56469,1.80,1.80
2013.06.11 18:37:50.471,6.5622,6.56447,1.65,1.80
2013.06.11 18:38:09.887,6.56217,6.56455,1.80,1.80
2013.06.11 18:38:14.949,6.56194,6.56432,1.80,1.80
2013.06.11 18:38:27.207,6.56194,6.56378,1.80,2.93
2013.06.11 18:38:27.509,6.56163,6.56368,1.65,1.65
2013.06.11 18:38:27.630,6.56176,6.56394,1.65,1.80
2013.06.11 18:38:27.688,6.56176,6.56422,2.55,2.78
2013.06.11 18:38:27.747,6.56194,6.56433,1.80,1.80
2013.06.11 18:38:27.808,6.56219,6.56456,1.80,2.55
2013.06.11 18:38:30.658,6.56232,6.56459,1.65,1.80
2013.06.11 18:38:30.717,6.5624,6.5648,1.80,1.80
2013.06.11 18:38:33.297,6.56258,6.56483,1.65,1.80
2013.06.11 18:38:33.417,6.56263,6.56503,1.80,1.80
2013.06.11 18:38:33.538,6.56283,6.56512,1.80,1.13
2013.06.11 18:38:33.596,6.56289,6.56512,1.80,1.13
2013.06.11 18:38:35.689,6.56265,6.56504,1.80,1.80
2013.06.11 18:38:46.158,6.56261,6.56504,1.80,1.80
2013.06.11 18:38:46.216,6.56241,6.56479,1.80,1.80
2013.06.11 18:38:51.256,6.56248,6.56459,1.65,1.80
2013.06.11 18:38:51.318,6.56208,6.56446,1.80,1.80
2013.06.11 18:38:51.731,6.56208,6.56421,1.80,2.25
2013.06.11 18:38:51.797,6.56166,6.56396,1.65,1.80
2013.06.11 18:38:59.098,6.56152,6.56369,1.50,1.80
2013.06.11 18:38:59.768,6.5615,6.56369,1.65,1.80
2013.06.11 18:39:00.146,6.56158,6.56378,1.65,1.80
2013.06.11 18:39:00.206,6.56158,6.56398,2.55,1.80
2013.06.11 18:39:02.827,6.56156,6.56376,1.65,1.80
2013.06.11 18:39:02.948,6.56162,6.56402,2.55,1.80
2013.06.11 18:39:03.799,6.56162,6.56382,2.55,1.32
2013.06.11 18:39:04.301,6.56162,6.56382,2.55,2.01
2013.06.11 18:39:04.806,6.56162,6.56382,2.55,1.39
2013.06.11 18:39:07.009,6.56182,6.56382,1.80,1.39
2013.06.11 18:39:07.248,6.56209,6.56447,1.80,1.80
2013.06.11 18:39:07.428,6.56228,6.56447,1.65,1.80
2013.06.11 18:39:07.548,6.56237,6.56477,1.80,1.80
2013.06.11 18:39:17.307,6.56237,6.56457,1.80,1.65
2013.06.11 18:39:17.426,6.56229,6.5645,1.65,1.65
2013.06.11 18:39:27.036,6.56219,6.56442,2.70,2.85
2013.06.11 18:39:27.096,6.56216,6.56434,1.65,1.65
2013.06.11 18:39:30.617,6.56207,6.56422,1.65,1.65
2013.06.11 18:39:35.578,6.56213,6.56432,1.65,1.80
2013.06.11 18:39:35.758,6.56204,6.56432,1.65,1.80
2013.06.11 18:39:47.567,6.56204,6.56426,1.65,1.80
2013.06.11 18:40:02.097,6.56207,6.56433,1.80,1.65
2013.06.11 18:40:02.158,6.56223,6.56446,1.65,1.80
2013.06.11 18:40:02.547,6.56217,6.56427,1.65,1.80
2013.06.11 18:40:03.188,6.56207,6.56422,2.55,1.80
2013.06.11 18:40:03.247,6.56204,6.56422,1.65,1.80
2013.06.11 18:40:05.227,6.56184,6.56414,1.65,1.65
2013.06.11 18:40:13.327,6.56195,6.56423,1.65,1.65
2013.06.11 18:40:13.909,6.56204,6.56424,1.80,1.65
2013.06.11 18:40:14.088,6.56204,6.56413,1.80,1.88
2013.06.11 18:40:14.487,6.56183,6.56403,1.80,1.65
2013.06.11 18:40:27.018,6.56183,6.56397,1.80,2.33
2013.06.11 18:40:31.627,6.56183,6.56402,1.80,1.65
2013.06.11 18:40:34.338,6.56183,6.56393,1.80,1.65
2013.06.11 18:40:34.980,6.56172,6.56387,1.80,2.10
2013.06.11 18:40:35.106,6.56167,6.56377,1.80,1.65
2013.06.11 18:40:35.270,6.56157,6.56377,1.65,1.65
2013.06.11 18:40:38.276,6.56172,6.5639,1.80,1.65
2013.06.11 18:40:50.087,6.56175,6.56394,2.78,1.80
2013.06.11 18:40:50.148,6.56201,6.56419,1.80,1.65
2013.06.11 18:40:50.267,6.56201,6.56429,1.80,2.63
2013.06.11 18:40:51.357,6.56222,6.56432,1.80,1.73
2013.06.11 18:40:51.538,6.56222,6.56438,1.80,2.85
2013.06.11 18:40:56.787,6.56201,6.56428,1.80,1.65
2013.06.11 18:40:56.847,6.56201,6.56407,1.80,2.25
2013.06.11 18:41:01.797,6.56201,6.56417,1.80,1.95
2013.06.11 18:41:02.248,6.56201,6.56406,1.80,1.65
2013.06.11 18:41:07.308,6.56201,6.56417,1.80,2.55
2013.06.11 18:41:07.368,6.56201,6.56417,1.80,2.55
2013.06.11 18:41:07.427,6.56201,6.56438,1.80,1.50
2013.06.11 18:41:09.597,6.56221,6.56428,1.80,1.65
2013.06.11 18:41:09.658,6.562,6.56418,1.80,1.80
2013.06.11 18:41:10.097,6.562,6.5644,1.80,1.80
2013.06.11 18:41:10.277,6.56224,6.56462,1.80,1.80
2013.06.11 18:41:30.276,6.56224,6.56462,1.80,1.80
2013.06.11 18:41:38.807,6.56189,6.5643,1.80,1.80
2013.06.11 18:41:38.957,6.56189,6.56427,1.80,1.80
2013.06.11 18:41:59.247,6.56208,6.56445,1.80,1.80
2013.06.11 18:42:19.647,6.56207,6.56445,1.80,1.80
2013.06.11 18:42:40.495,6.56218,6.56456,1.80,1.80
2013.06.11 18:42:46.226,6.56241,6.56481,1.80,1.80
2013.06.11 18:43:00.647,6.56239,6.56481,1.80,1.80
2013.06.11 18:43:00.706,6.5622,6.56457,1.80,1.80
2013.06.11 18:43:02.816,6.56197,6.56437,1.80,1.80
2013.06.11 18:43:08.016,6.56194,6.56437,1.80,1.80
2013.06.11 18:43:08.076,6.56175,6.56413,1.80,1.80
2013.06.11 18:43:08.377,6.56166,6.56412,1.80,2.78
2013.06.11 18:43:08.496,6.56158,6.56384,1.65,1.80
2013.06.11 18:43:08.806,6.56147,6.56384,1.65,1.80
2013.06.11 18:43:13.415,6.56147,6.56361,2.51,1.80
2013.06.11 18:43:13.597,6.56157,6.56366,1.65,1.80
2013.06.11 18:43:13.656,6.56157,6.56385,1.65,1.80
2013.06.11 18:43:16.187,6.56155,6.56366,1.65,1.80
2013.06.11 18:43:17.037,6.56145,6.56357,2.36,1.80
2013.06.11 18:43:19.859,6.56148,6.56357,1.83,1.80
2013.06.11 18:43:19.976,6.56158,6.56379,1.65,1.80
2013.06.11 18:43:25.327,6.56159,6.56383,1.65,1.80
2013.06.11 18:43:25.387,6.56164,6.56404,1.80,1.80
2013.06.11 18:43:26.188,6.56195,6.56435,1.80,1.80
2013.06.11 18:43:26.376,6.56195,6.56435,1.80,1.80
2013.06.11 18:43:39.426,6.56174,6.56392,1.80,1.65
2013.06.11 18:43:40.099,6.56092,6.56254,2.55,2.78
2013.06.11 18:43:45.730,6.56092,6.56273,2.55,2.78
2013.06.11 18:43:57.519,6.56092,6.56247,2.55,1.80
2013.06.11 18:43:58.418,6.56094,6.56226,2.70,1.80
2013.06.11 18:43:58.969,6.56092,6.56226,2.48,1.80
2013.06.11 18:44:01.468,6.56094,6.56226,1.80,1.80
2013.06.11 18:44:01.933,6.56094,6.56204,1.80,1.80
2013.06.11 18:44:02.429,6.56089,6.56204,2.93,1.80
2013.06.11 18:44:02.727,6.56094,6.56204,2.85,1.80
2013.06.11 18:44:02.787,6.56094,6.56239,2.85,1.80
2013.06.11 18:44:02.907,6.56094,6.56249,2.85,1.65
2013.06.11 18:44:02.966,6.56094,6.56228,2.85,1.80
2013.06.11 18:44:03.890,6.56093,6.56228,1.88,1.80
2013.06.11 18:44:04.236,6.56093,6.56249,1.88,1.65
2013.06.11 18:44:12.118,6.56093,6.56228,1.88,1.80
2013.06.11 18:44:12.437,6.56093,6.56207,1.88,1.80
2013.06.11 18:44:18.947,6.56018,6.56207,1.04,1.80
2013.06.11 18:44:19.066,6.56028,6.56216,2.48,1.80
2013.06.11 18:44:19.126,6.56067,6.56236,1.95,1.80
2013.06.11 18:44:19.246,6.56067,6.56236,1.95,1.65
2013.06.11 18:44:19.307,6.56067,6.56236,1.95,1.65
2013.06.11 18:44:19.428,6.55995,6.56203,1.62,1.80
2013.06.11 18:44:20.447,6.55989,6.56203,1.42,1.80
2013.06.11 18:44:20.746,6.55988,6.56182,1.31,1.80
2013.06.11 18:44:21.146,6.55988,6.5618,1.12,1.80
2013.06.11 18:44:21.506,6.55998,6.56205,3.09,1.80
2013.06.11 18:44:25.487,6.55998,6.56185,3.09,1.80
2013.06.11 18:44:25.846,6.55959,6.56174,1.01,1.80
2013.06.11 18:44:26.728,6.55954,6.56174,1.26,1.80
2013.06.11 18:44:34.747,6.55943,6.56146,1.11,1.80
2013.06.11 18:44:36.566,6.55928,6.56146,1.65,1.80
2013.06.11 18:44:46.756,6.55961,6.56146,2.55,1.80
2013.06.11 18:44:46.817,6.55961,6.56148,2.55,1.80
2013.06.11 18:44:46.936,6.55971,6.56182,1.65,1.80
2013.06.11 18:44:46.997,6.55971,6.56203,1.65,2.55
2013.06.11 18:44:47.056,6.55971,6.56203,1.65,1.65
2013.06.11 18:44:48.057,6.55985,6.56212,1.80,1.65
2013.06.11 18:44:59.079,6.55985,6.56193,1.80,2.78
2013.06.11 18:44:59.256,6.5598,6.56183,1.80,1.65
2013.06.11 18:44:59.316,6.55961,6.56183,1.80,1.65
2013.06.11 18:44:59.516,6.55961,6.56167,1.80,2.78
2013.06.11 18:44:59.889,6.55961,6.56156,1.80,2.40
2013.06.11 18:45:03.547,6.55961,6.56169,1.80,1.80
2013.06.11 18:45:06.516,6.55961,6.56174,1.80,1.88
2013.06.11 18:45:11.467,6.55961,6.56173,1.80,2.70
2013.06.11 18:45:12.806,6.55961,6.5618,1.80,1.65
2013.06.11 18:45:13.107,6.55961,6.56189,1.80,1.65
2013.06.11 18:45:16.778,6.55939,6.56178,1.80,1.80
2013.06.11 18:45:19.607,6.55917,6.56131,1.80,1.58
2013.06.11 18:45:20.360,6.55894,6.56121,1.80,1.65
2013.06.11 18:45:27.767,6.55878,6.56105,1.65,1.80
2013.06.11 18:45:28.126,6.55865,6.56085,1.80,1.65
2013.06.11 18:45:28.186,6.55865,6.56092,1.80,1.65
2013.06.11 18:45:28.486,6.55865,6.56085,1.80,1.65
2013.06.11 18:45:30.286,6.55842,6.56077,1.80,1.65
2013.06.11 18:45:33.769,6.55832,6.56074,1.65,2.78
2013.06.11 18:45:33.829,6.55828,6.56046,1.65,1.80
2013.06.11 18:45:33.887,6.55809,6.56039,1.80,1.65
2013.06.11 18:45:34.188,6.55828,6.56068,1.80,1.65
2013.06.11 18:45:34.367,6.5583,6.56068,1.80,1.65
2013.06.11 18:45:34.557,6.55822,6.56048,1.80,1.65
2013.06.11 18:45:34.796,6.55813,6.56042,1.65,1.80
2013.06.11 18:45:35.347,6.558,6.56022,1.65,1.80
2013.06.11 18:45:35.468,6.55776,6.56004,1.65,1.80
2013.06.11 18:45:41.647,6.55757,6.55985,1.65,1.80
2013.06.11 18:45:41.816,6.55743,6.55979,1.65,1.80
2013.06.11 18:45:43.558,6.55772,6.56002,1.65,1.80
2013.06.11 18:45:43.617,6.55772,6.56012,1.65,1.80
2013.06.11 18:45:43.677,6.55793,6.56033,1.80,1.80
2013.06.11 18:45:46.037,6.55785,6.56017,1.80,1.65
2013.06.11 18:45:46.097,6.55772,6.56004,1.65,1.80
2013.06.11 18:45:49.447,6.55765,6.55991,1.65,1.65
2013.06.11 18:45:50.307,6.55772,6.56007,1.65,1.80
2013.06.11 18:45:53.057,6.55772,6.55986,1.65,1.80
2013.06.11 18:45:53.377,6.55763,6.55983,1.65,1.80
2013.06.11 18:45:54.017,6.55772,6.56007,1.65,1.80
2013.06.11 18:45:54.140,6.55772,6.55988,1.65,1.80
2013.06.11 18:45:54.501,6.55766,6.55967,1.65,1.65
2013.06.11 18:45:54.818,6.55762,6.55964,1.88,1.80
2013.06.11 18:45:55.337,6.55742,6.55964,1.65,1.80
2013.06.11 18:45:56.636,6.55754,6.55992,1.80,1.80
2013.06.11 18:46:05.557,6.55742,6.55973,1.65,1.80
2013.06.11 18:46:05.617,6.55742,6.55968,1.65,1.80
2013.06.11 18:46:10.837,6.55751,6.5599,1.80,1.80
2013.06.11 18:46:10.896,6.55753,6.5599,1.80,1.80
2013.06.11 18:46:11.148,6.55742,6.55971,1.65,1.80
2013.06.11 18:46:11.267,6.55742,6.55961,1.65,1.80
2013.06.11 18:46:18.047,6.55742,6.55963,1.65,1.80
2013.06.11 18:46:18.106,6.55744,6.55983,1.80,1.80
2013.06.11 18:46:20.109,6.55735,6.55944,1.65,1.80
2013.06.11 18:46:20.238,6.55681,6.55918,1.65,1.80
2013.06.11 18:46:20.298,6.55672,6.55891,1.65,1.80
2013.06.11 18:46:20.911,6.55681,6.55915,1.65,1.80
2013.06.11 18:46:25.118,6.55675,6.55911,1.65,1.65
2013.06.11 18:46:25.179,6.55674,6.55911,1.80,1.65
2013.06.11 18:46:25.738,6.5566,6.55892,1.65,1.80
2013.06.11 18:46:27.870,6.5566,6.55873,1.65,1.80
2013.06.11 18:46:28.488,6.5565,6.55868,2.48,1.80
2013.06.11 18:46:34.627,6.5566,6.5589,1.65,1.80
2013.06.11 18:46:36.587,6.5565,6.5589,3.38,1.80
2013.06.11 18:46:38.817,6.55629,6.55866,1.80,1.80
2013.06.11 18:46:49.328,6.55616,6.55846,1.65,1.80
2013.06.11 18:46:49.387,6.55616,6.55841,1.65,1.80
2013.06.11 18:46:52.531,6.556,6.55841,1.80,1.80
2013.06.11 18:46:52.838,6.55579,6.55797,1.80,1.65
2013.06.11 18:46:53.017,6.55554,6.55782,1.80,1.65
2013.06.11 18:46:53.139,6.55544,6.55782,1.80,1.65
2013.06.11 18:46:53.210,6.55525,6.55763,1.80,1.80
2013.06.11 18:46:53.459,6.55501,6.55741,1.80,1.80
2013.06.11 18:46:54.199,6.55526,6.55763,1.80,1.80
2013.06.11 18:46:56.448,6.55549,6.55786,1.80,1.80
2013.06.11 18:46:57.098,6.55494,6.55718,1.65,1.80
2013.06.11 18:46:57.217,6.55474,6.55718,1.80,1.80
2013.06.11 18:46:58.378,6.55474,6.55718,1.80,1.80
2013.06.11 18:47:00.197,6.55434,6.55676,1.80,1.80
2013.06.11 18:47:00.257,6.55434,6.55674,1.80,1.80
2013.06.11 18:47:00.437,6.55467,6.55704,1.80,1.80
2013.06.11 18:47:01.392,6.55444,6.55688,1.80,1.80
2013.06.11 18:47:03.067,6.55463,6.55712,1.80,1.80
2013.06.11 18:47:03.127,6.55466,6.55712,1.80,1.80
2013.06.11 18:47:06.968,6.55466,6.55688,1.80,2.34
2013.06.11 18:47:07.330,6.5536,6.55595,1.80,1.65
2013.06.11 18:47:07.518,6.55335,6.55571,1.80,1.80
2013.06.11 18:47:07.955,6.55277,6.55516,1.80,1.80
2013.06.11 18:47:08.029,6.55251,6.55513,2.55,1.80
2013.06.11 18:47:08.229,6.5527,6.55513,1.65,1.80
2013.06.11 18:47:08.289,6.5528,6.55542,1.80,1.80
2013.06.11 18:47:08.949,6.55271,6.55514,1.65,1.80
2013.06.11 18:47:09.697,6.55225,6.55494,3.68,1.80
2013.06.11 18:47:09.766,6.55225,6.55489,1.80,1.80
2013.06.11 18:47:11.003,6.55245,6.55515,1.80,1.80
2013.06.11 18:47:11.128,6.55253,6.55515,1.80,1.80
2013.06.11 18:47:11.450,6.55253,6.55515,1.80,1.80
2013.06.11 18:47:12.917,6.55276,6.5544,1.80,3.14
2013.06.11 18:47:13.217,6.55143,6.55372,1.65,1.65
2013.06.11 18:47:13.397,6.55127,6.55345,1.80,1.65
2013.06.11 18:47:13.457,6.55115,6.55345,1.65,2.55
2013.06.11 18:47:14.018,6.55127,6.55345,1.65,1.80
2013.06.11 18:47:14.598,6.55116,6.55345,1.65,1.80
2013.06.11 18:47:15.078,6.55097,6.55318,1.65,1.80
2013.06.11 18:47:15.648,6.55081,6.55301,2.85,1.80
2013.06.11 18:47:15.707,6.55091,6.5531,1.65,1.80
2013.06.11 18:47:15.768,6.55091,6.55325,1.65,1.65
2013.06.11 18:47:18.657,6.55106,6.55331,1.65,1.80
2013.06.11 18:47:18.978,6.551,6.5533,1.65,1.65
2013.06.11 18:47:19.397,6.5509,6.55296,1.95,1.80
2013.06.11 18:47:19.458,6.5508,6.55296,1.50,1.80
2013.06.11 18:47:19.578,6.55058,6.55282,1.80,1.65
2013.06.11 18:47:19.637,6.55053,6.55272,1.65,1.80
2013.06.11 18:47:19.761,6.55031,6.5525,1.65,1.80
2013.06.11 18:47:20.601,6.55029,6.5525,1.65,1.80
2013.06.11 18:47:21.856,6.54982,6.55183,1.80,2.85
2013.06.11 18:47:21.916,6.54962,6.55183,1.80,2.85
2013.06.11 18:47:22.036,6.54949,6.55183,1.80,2.85
2013.06.11 18:47:22.097,6.54937,6.55167,1.65,1.80
2013.06.11 18:47:22.359,6.54937,6.55102,1.65,1.95
2013.06.11 18:47:22.918,6.54882,6.55102,2.78,2.85
2013.06.11 18:47:22.988,6.5486,6.551,1.80,1.80
2013.06.11 18:47:23.107,6.54858,6.55079,1.65,1.80
2013.06.11 18:47:23.167,6.54854,6.55077,1.65,1.80
2013.06.11 18:47:24.107,6.54831,6.5505,1.65,1.80
2013.06.11 18:47:24.407,6.54813,6.55053,1.80,1.80
2013.06.11 18:47:24.466,6.54809,6.55062,1.80,2.85
2013.06.11 18:47:26.537,6.54809,6.55033,1.80,1.95
2013.06.11 18:47:28.477,6.54806,6.55033,1.80,2.85
2013.06.11 18:47:28.537,6.54797,6.55033,1.65,2.85
2013.06.11 18:47:28.777,6.5479,6.55051,1.65,1.80
2013.06.11 18:47:28.837,6.54808,6.55072,1.80,3.75
2013.06.11 18:47:30.237,6.54808,6.55072,1.80,2.85
2013.06.11 18:47:31.698,6.54806,6.55072,1.65,1.95
2013.06.11 18:47:32.048,6.54811,6.55072,1.73,1.95
2013.06.11 18:47:32.167,6.54806,6.55072,1.65,1.95
2013.06.11 18:47:32.287,6.54834,6.55072,1.88,1.95
2013.06.11 18:47:32.347,6.54834,6.551,1.88,1.65
2013.06.11 18:47:34.086,6.54856,6.55105,1.80,1.73
2013.06.11 18:47:35.146,6.54856,6.55093,1.65,1.80
2013.06.11 18:47:36.777,6.54855,6.55099,1.65,2.33
2013.06.11 18:47:37.569,6.54859,6.55105,1.65,2.78
2013.06.11 18:47:37.878,6.54949,6.55172,1.95,1.95
2013.06.11 18:47:38.217,6.54959,6.55172,2.10,1.95
2013.06.11 18:47:38.977,6.54966,6.55172,1.50,1.95
2013.06.11 18:47:42.497,6.54987,6.55172,2.78,1.95
2013.06.11 18:47:42.617,6.54987,6.55244,2.78,1.80
2013.06.11 18:47:42.676,6.54987,6.55278,2.78,1.80
2013.06.11 18:47:42.737,6.54987,6.55299,2.78,1.80
2013.06.11 18:47:42.797,6.54989,6.55302,1.65,1.80
2013.06.11 18:47:42.857,6.54989,6.55303,1.65,2.85
2013.06.11 18:47:42.916,6.54987,6.55303,2.78,2.85
2013.06.11 18:47:43.718,6.54996,6.55254,1.95,2.55
2013.06.11 18:47:43.837,6.54996,6.5526,1.80,1.95
2013.06.11 18:47:43.957,6.55003,6.55291,1.95,1.80
2013.06.11 18:47:44.137,6.55004,6.55315,3.15,1.80
2013.06.11 18:47:44.197,6.55004,6.55335,2.40,1.80
2013.06.11 18:47:44.377,6.55014,6.5536,1.65,1.80
2013.06.11 18:47:46.360,6.55018,6.55337,3.53,1.80
2013.06.11 18:47:46.978,6.55028,6.55362,1.65,1.80
2013.06.11 18:47:47.436,6.55036,6.55362,2.55,1.80
2013.06.11 18:47:47.849,6.55011,6.55362,1.65,1.80
2013.06.11 18:47:48.338,6.55037,6.55362,1.95,1.80
2013.06.11 18:47:51.417,6.55008,6.55222,1.80,1.80
2013.06.11 18:47:51.538,6.54978,6.55222,1.80,1.80
2013.06.11 18:47:51.596,6.54975,6.55222,1.80,1.80
2013.06.11 18:47:51.658,6.5497,6.55222,1.65,1.80
2013.06.11 18:47:51.718,6.5496,6.55222,1.88,1.80
2013.06.11 18:47:51.778,6.54952,6.55212,2.25,2.48
2013.06.11 18:47:51.837,6.54936,6.55198,1.58,2.18
2013.06.11 18:47:53.477,6.5493,6.55197,2.40,1.80
2013.06.11 18:47:58.467,6.54918,6.55178,3.00,1.65
2013.06.11 18:47:58.788,6.54915,6.55165,1.50,1.58
2013.06.11 18:47:59.201,6.54934,6.55155,1.80,1.65
2013.06.11 18:48:03.298,6.54934,6.55174,1.80,1.65
2013.06.11 18:48:03.419,6.54957,6.5519,1.80,1.65
2013.06.11 18:48:03.659,6.54957,6.55194,1.80,1.65
2013.06.11 18:48:03.780,6.54982,6.55222,1.80,1.80
2013.06.11 18:48:03.967,6.54981,6.55212,1.65,2.78
2013.06.11 18:48:04.089,6.54946,6.55186,1.80,1.80
2013.06.11 18:48:04.327,6.54944,6.55181,1.65,1.80
2013.06.11 18:48:04.387,6.54962,6.55201,1.80,1.80
2013.06.11 18:48:04.960,6.54968,6.55213,1.65,1.80
2013.06.11 18:48:05.027,6.54995,6.55215,1.80,1.65
2013.06.11 18:48:06.227,6.54982,6.5518,1.80,1.65
2013.06.11 18:48:06.347,6.54962,6.55172,1.80,1.95
2013.06.11 18:48:06.466,6.54958,6.55172,1.80,2.85
2013.06.11 18:48:06.527,6.54939,6.55172,1.80,2.85
2013.06.11 18:48:09.970,6.54917,6.55149,1.80,1.65
2013.06.11 18:48:15.357,6.54938,6.55155,2.93,1.80
2013.06.11 18:48:15.417,6.54948,6.55172,1.65,2.85
2013.06.11 18:48:15.659,6.54961,6.5519,1.80,1.65
2013.06.11 18:48:16.837,6.54984,6.55209,1.80,1.65
2013.06.11 18:48:18.636,6.54984,6.55201,1.80,1.65
2013.06.11 18:48:18.816,6.54979,6.55195,1.80,1.65
2013.06.11 18:48:18.876,6.5496,6.55195,1.80,1.65
2013.06.11 18:48:19.158,6.5496,6.55176,1.80,2.10
2013.06.11 18:48:19.397,6.54931,6.55166,1.80,1.65
2013.06.11 18:48:19.456,6.54931,6.5517,1.80,1.65
2013.06.11 18:48:29.457,6.54953,6.55177,1.80,1.65
2013.06.11 18:48:31.600,6.54953,6.55172,1.80,1.65
2013.06.11 18:48:32.310,6.54973,6.55177,1.80,1.65
2013.06.11 18:48:32.378,6.54973,6.55187,1.80,1.65
2013.06.11 18:48:32.909,6.54973,6.55197,1.80,2.93
2013.06.11 18:48:34.276,6.54973,6.55197,1.80,1.65
2013.06.11 18:48:35.958,6.54957,6.55188,1.80,1.65
2013.06.11 18:48:37.358,6.54976,6.55179,1.80,1.65
2013.06.11 18:48:37.759,6.54979,6.55189,1.80,1.95
2013.06.11 18:48:39.777,6.54979,6.55196,1.80,2.78
2013.06.11 18:48:42.178,6.54979,6.55188,1.80,2.33
2013.06.11 18:48:42.308,6.54976,6.55178,1.80,1.65
2013.06.11 18:48:42.609,6.54956,6.55178,1.80,1.65
2013.06.11 18:48:42.879,6.54976,6.55185,1.80,1.65
2013.06.11 18:48:43.181,6.5498,6.55195,1.80,2.10
2013.06.11 18:48:43.489,6.54959,6.55185,1.80,1.65
2013.06.11 18:48:48.297,6.54938,6.55196,1.58,2.55
2013.06.11 18:48:48.357,6.5493,6.55196,1.95,2.70
2013.06.11 18:48:48.478,6.54941,6.55203,1.58,2.55
2013.06.11 18:48:48.837,6.54966,6.55226,2.33,2.25
2013.06.11 18:48:49.807,6.54946,6.55206,2.55,2.85
2013.06.11 18:48:50.219,6.54933,6.55191,1.50,2.03
2013.06.11 18:48:53.089,6.54909,6.55152,1.80,1.65
2013.06.11 18:48:53.209,6.54916,6.55178,1.65,2.10
2013.06.11 18:48:53.387,6.54898,6.55156,1.50,1.65
2013.06.11 18:48:53.899,6.54895,6.55147,1.50,1.65
2013.06.11 18:48:54.437,6.54893,6.55123,1.50,2.48
2013.06.11 18:48:54.972,6.54893,6.55118,1.50,2.78
2013.06.11 18:48:57.589,6.54888,6.55101,2.27,1.95
2013.06.11 18:48:58.268,6.54888,6.55113,2.78,2.70
2013.06.11 18:48:59.108,6.54887,6.55113,2.94,2.70
2013.06.11 18:48:59.170,6.54897,6.55149,1.50,1.80
2013.06.11 18:48:59.346,6.54894,6.55149,1.50,2.33
2013.06.11 18:48:59.617,6.54902,6.55149,1.65,1.73
2013.06.11 18:49:00.499,6.54901,6.55159,1.65,1.65
2013.06.11 18:49:01.247,6.54897,6.55138,1.65,1.50
2013.06.11 18:49:01.307,6.54887,6.55138,2.59,1.50
2013.06.11 18:49:02.055,6.54888,6.55138,2.18,1.50
2013.06.11 18:49:02.228,6.54888,6.55145,2.18,2.33
2013.06.11 18:49:03.058,6.54887,6.55145,1.80,2.33
2013.06.11 18:49:03.178,6.54908,6.55136,1.65,2.03
2013.06.11 18:49:03.368,6.54929,6.5518,2.10,2.25
2013.06.11 18:49:03.489,6.54968,6.5518,1.95,2.25
2013.06.11 18:49:03.788,6.55002,6.55254,1.65,1.50
2013.06.11 18:49:10.334,6.55015,6.55274,1.65,1.50
2013.06.11 18:49:10.908,6.55025,6.55285,1.58,2.55
2013.06.11 18:49:11.467,6.55067,6.55285,1.95,2.55
2013.06.11 18:49:11.586,6.55067,6.55369,1.95,1.80
2013.06.11 18:49:11.646,6.55067,6.55397,2.85,2.78
2013.06.11 18:49:11.706,6.5509,6.55418,1.80,2.48
2013.06.11 18:49:11.766,6.55113,6.55446,1.80,1.65
2013.06.11 18:49:12.974,6.55113,6.55446,1.80,1.65
2013.06.11 18:49:14.477,6.55113,6.55452,1.80,1.65
2013.06.11 18:49:14.538,6.55113,6.55462,1.80,2.93
2013.06.11 18:49:14.967,6.55137,6.55423,1.80,1.80
2013.06.11 18:49:17.418,6.55137,6.55435,1.80,2.55
2013.06.11 18:49:17.780,6.55137,6.55414,1.80,2.93
2013.06.11 18:49:17.957,6.55137,6.5546,1.80,1.65
2013.06.11 18:49:18.076,6.55137,6.55435,1.80,2.40
2013.06.11 18:49:18.737,6.55137,6.55452,1.80,1.88
2013.06.11 18:49:18.987,6.55137,6.55428,1.80,1.58
2013.06.11 18:49:19.539,6.55137,6.55452,1.80,1.95
2013.06.11 18:49:19.598,6.55137,6.55452,1.80,1.95
2013.06.11 18:49:19.719,6.55163,6.55466,1.80,2.63
2013.06.11 18:49:19.778,6.5516,6.55466,1.80,2.63
2013.06.11 18:49:19.839,6.55143,6.55441,1.65,2.18
2013.06.11 18:49:20.518,6.55143,6.55423,1.65,2.93
2013.06.11 18:49:21.407,6.55161,6.55466,2.48,1.50
2013.06.11 18:49:21.528,6.55162,6.5544,1.95,1.80
2013.06.11 18:49:22.013,6.55148,6.55398,1.65,2.10
2013.06.11 18:49:22.257,6.55137,6.55399,2.33,2.10
2013.06.11 18:49:22.318,6.55134,6.55394,1.80,2.63
2013.06.11 18:49:22.498,6.55116,6.55378,3.23,1.88
2013.06.11 18:49:22.847,6.55099,6.55361,1.80,2.78
2013.06.11 18:49:24.269,6.5512,6.55382,2.78,2.40
2013.06.11 18:49:26.028,6.55104,6.55366,2.10,2.40
2013.06.11 18:49:26.446,6.55104,6.55372,1.88,2.03
2013.06.11 18:49:29.108,6.55124,6.55383,1.58,2.70
2013.06.11 18:49:29.427,6.55118,6.55378,1.50,2.03
2013.06.11 18:49:33.127,6.55136,6.55383,2.40,1.95
2013.06.11 18:49:33.428,6.55116,6.55376,2.48,1.95
2013.06.11 18:49:33.667,6.55135,6.55383,2.25,1.95
2013.06.11 18:49:33.907,6.55115,6.55377,2.18,2.40
2013.06.11 18:49:37.498,6.55134,6.55383,1.80,1.95
2013.06.11 18:49:37.558,6.55117,6.55379,2.63,1.50
2013.06.11 18:49:37.977,6.55134,6.55383,2.18,1.95
2013.06.11 18:49:38.287,6.55114,6.55376,1.73,2.55
2013.06.11 18:49:38.347,6.55114,6.55366,1.73,1.65
2013.06.11 18:49:38.409,6.55108,6.55366,2.48,1.65
2013.06.11 18:49:39.087,6.55094,6.55354,2.63,1.73
2013.06.11 18:49:39.446,6.55094,6.55333,2.63,1.80
2013.06.11 18:49:39.927,6.55083,6.55333,2.10,2.55
2013.06.11 18:49:40.909,6.55096,6.55322,1.58,1.65
2013.06.11 18:49:43.507,6.55097,6.55328,2.03,1.65
2013.06.11 18:49:43.749,6.55113,6.55336,2.18,1.80
2013.06.11 18:49:43.807,6.55113,6.55338,2.18,1.65
2013.06.11 18:49:48.740,6.5516,6.55356,2.18,1.80
2013.06.11 18:49:48.811,6.5516,6.55372,2.18,2.85
2013.06.11 18:49:48.880,6.55124,6.55361,1.95,3.15
2013.06.11 18:49:49.008,6.55124,6.55361,2.18,1.65
2013.06.11 18:49:49.363,6.55125,6.55356,2.48,2.40
2013.06.11 18:49:59.318,6.55144,6.55369,1.88,1.65
2013.06.11 18:49:59.578,6.55139,6.5537,1.95,1.65
2013.06.11 18:49:59.877,6.55119,6.55356,2.10,2.03
2013.06.11 18:50:03.278,6.55108,6.55335,1.65,2.33
2013.06.11 18:50:04.978,6.5514,6.55367,2.40,1.65
2013.06.11 18:50:05.817,6.55159,6.55372,2.18,2.85
2013.06.11 18:50:05.998,6.55159,6.55386,2.18,1.65
2013.06.11 18:50:06.058,6.55187,6.55407,1.65,1.80
2013.06.11 18:50:06.478,6.55187,6.55407,1.65,1.80
2013.06.11 18:50:06.537,6.55173,6.55398,1.50,1.65
2013.06.11 18:50:06.658,6.55159,6.55384,1.58,1.65
2013.06.11 18:50:06.837,6.55139,6.55364,1.73,1.65
2013.06.11 18:50:09.024,6.55132,6.55365,1.88,1.65
2013.06.11 18:50:12.047,6.55153,6.55373,2.48,2.85
2013.06.11 18:50:12.227,6.5513,6.55364,1.80,1.65
2013.06.11 18:50:12.767,6.55123,6.55364,1.88,1.65
2013.06.11 18:50:14.538,6.55133,6.55366,1.65,2.85
2013.06.11 18:50:14.658,6.55147,6.55372,1.65,1.73
2013.06.11 18:50:15.018,6.55154,6.55388,2.10,1.65
2013.06.11 18:50:15.867,6.55135,6.5537,2.78,1.80
2013.06.11 18:50:15.937,6.55135,6.5536,2.78,1.65
2013.06.11 18:50:16.209,6.55128,6.5536,1.88,1.65
2013.06.11 18:50:16.268,6.55138,6.5537,1.65,2.70
2013.06.11 18:50:16.327,6.55172,6.55387,2.70,1.80
2013.06.11 18:50:16.387,6.55172,6.55407,2.70,1.80
2013.06.11 18:50:16.447,6.55172,6.55408,3.60,1.65
2013.06.11 18:50:16.968,6.55172,6.55408,2.70,1.65
2013.06.11 18:50:17.087,6.55139,6.55364,1.65,2.33
2013.06.11 18:50:18.768,6.55139,6.55372,1.65,1.95
2013.06.11 18:50:20.716,6.55147,6.55389,1.95,1.65
2013.06.11 18:50:22.568,6.55166,6.55391,2.10,1.65
2013.06.11 18:50:23.047,6.55168,6.55406,1.65,2.78
2013.06.11 18:50:31.487,6.55148,6.55379,1.80,2.33
2013.06.11 18:50:31.609,6.55138,6.55379,1.65,2.33
2013.06.11 18:50:31.787,6.55155,6.55385,2.78,1.65
2013.06.11 18:50:32.128,6.55167,6.55402,1.58,1.73
2013.06.11 18:50:33.657,6.55166,6.55407,2.10,1.65
2013.06.11 18:50:39.038,6.55188,6.55415,2.85,1.65
2013.06.11 18:50:39.157,6.55188,6.55425,2.85,2.55
2013.06.11 18:50:42.137,6.55169,6.55394,1.65,2.25
2013.06.11 18:50:42.197,6.55164,6.55394,1.65,2.25
2013.06.11 18:50:42.598,6.55171,6.55407,2.55,1.65
2013.06.11 18:50:42.778,6.55171,6.55407,2.78,1.65
2013.06.11 18:50:42.837,6.55181,6.55416,1.65,1.58
2013.06.11 18:50:42.897,6.55182,6.55422,1.65,1.58
2013.06.11 18:50:43.869,6.55181,6.5541,1.65,2.25
2013.06.11 18:50:54.817,6.5517,6.55391,1.80,1.50
2013.06.11 18:50:54.877,6.55166,6.55391,1.65,1.50
2013.06.11 18:50:54.938,6.55159,6.55391,1.65,1.50
2013.06.11 18:50:55.545,6.5517,6.55404,2.63,1.65
2013.06.11 18:50:55.898,6.55159,6.55391,1.65,2.40
2013.06.11 18:50:56.539,6.55159,6.55405,1.65,1.65
2013.06.11 18:50:57.515,6.55166,6.55415,1.65,2.40
2013.06.11 18:50:58.031,6.55181,6.55416,1.65,2.48
2013.06.11 18:51:00.538,6.55174,6.55416,1.65,2.03
2013.06.11 18:51:01.267,6.55181,6.55423,1.65,2.93
2013.06.11 18:51:01.594,6.55181,6.55422,1.65,1.65
2013.06.11 18:51:01.717,6.55181,6.55415,1.65,2.70
2013.06.11 18:51:04.960,6.55181,6.55427,1.65,1.65
2013.06.11 18:51:05.029,6.55189,6.55427,2.40,1.65
2013.06.11 18:51:05.566,6.55181,6.55427,1.65,1.65
2013.06.11 18:51:06.577,6.55181,6.55415,1.65,1.65
2013.06.11 18:51:07.095,6.55181,6.55423,1.65,2.93
2013.06.11 18:51:18.017,6.55181,6.55423,1.65,2.93
2013.06.11 18:51:18.257,6.55204,6.55441,1.65,1.65
2013.06.11 18:51:18.437,6.55194,6.55428,1.65,2.10
2013.06.11 18:51:22.135,6.5518,6.55427,1.65,2.40
2013.06.11 18:51:22.458,6.5518,6.55415,1.65,2.85
2013.06.11 18:51:31.309,6.5518,6.55422,1.65,2.03
2013.06.11 18:51:31.427,6.5518,6.55409,1.65,2.85
2013.06.11 18:51:38.367,6.55176,6.55409,1.65,1.58
2013.06.11 18:51:39.139,6.55191,6.55422,1.65,1.65
2013.06.11 18:51:39.498,6.55177,6.55407,1.65,2.03
2013.06.11 18:51:41.169,6.55155,6.55388,1.65,1.65
2013.06.11 18:51:41.467,6.55135,6.55385,1.80,2.40
2013.06.11 18:51:41.707,6.55141,6.55398,1.65,3.75
2013.06.11 18:51:41.887,6.55134,6.55379,1.65,1.65
2013.06.11 18:51:42.207,6.55117,6.55373,1.65,1.65
2013.06.11 18:51:43.657,6.55148,6.55393,1.80,1.80
2013.06.11 18:51:43.717,6.55154,6.55398,1.65,1.80
2013.06.11 18:51:43.776,6.55154,6.55405,1.65,1.65
2013.06.11 18:51:43.987,6.55152,6.55404,1.65,1.65
2013.06.11 18:51:44.506,6.55133,6.55384,1.80,2.18
2013.06.11 18:51:45.737,6.55139,6.55394,1.65,2.63
2013.06.11 18:51:46.541,6.55154,6.55401,1.65,1.65
2013.06.11 18:51:48.778,6.55133,6.55388,2.55,2.18
2013.06.11 18:51:49.617,6.5514,6.55395,1.65,2.10
2013.06.11 18:51:49.737,6.55154,6.55402,1.65,1.65
2013.06.11 18:51:54.509,6.55155,6.55417,1.65,1.58
2013.06.11 18:51:55.648,6.55164,6.55407,1.65,1.65
2013.06.11 18:51:55.707,6.55141,6.55387,1.65,1.65
2013.06.11 18:51:57.007,6.55155,6.55405,2.10,1.80
2013.06.11 18:51:57.455,6.55148,6.55405,1.58,1.80
2013.06.11 18:51:58.757,6.55158,6.55417,1.65,1.65
2013.06.11 18:52:00.264,6.55157,6.55412,1.65,2.18
2013.06.11 18:52:00.647,6.55169,6.55417,1.65,1.65
2013.06.11 18:52:00.707,6.55155,6.55412,1.65,2.48
2013.06.11 18:52:01.057,6.55153,6.55402,1.65,1.65
2013.06.11 18:52:01.358,6.55146,6.55394,1.65,1.65
2013.06.11 18:52:02.698,6.55152,6.55409,2.85,1.65
2013.06.11 18:52:15.329,6.55151,6.55408,1.65,1.65
2013.06.11 18:52:20.089,6.55165,6.55418,1.65,1.65
2013.06.11 18:52:21.688,6.55165,6.55417,1.65,1.65
2013.06.11 18:52:21.750,6.5515,6.554,1.65,1.65
2013.06.11 18:52:21.867,6.55132,6.55389,2.55,2.63
2013.06.11 18:52:21.988,6.55147,6.55397,1.65,1.65
2013.06.11 18:52:22.108,6.55137,6.55392,2.55,2.55
2013.06.11 18:52:22.399,6.55128,6.55378,1.65,1.65
2013.06.11 18:52:24.607,6.55198,6.55392,2.93,1.80
2013.06.11 18:52:24.788,6.55286,6.55473,1.80,1.95
2013.06.11 18:52:24.847,6.55309,6.55564,1.80,2.70
2013.06.11 18:52:25.087,6.55297,6.55554,2.40,2.55
2013.06.11 18:52:25.207,6.55319,6.55554,2.03,1.80
2013.06.11 18:52:26.297,6.55319,6.55472,2.03,1.95
2013.06.11 18:52:26.417,6.5519,6.55437,1.88,1.80
2013.06.11 18:52:26.597,6.5523,6.55437,2.25,1.80
2013.06.11 18:52:27.578,6.5523,6.55412,2.25,1.80
2013.06.11 18:52:27.727,6.55189,6.55412,1.65,1.80
2013.06.11 18:52:28.495,6.5519,6.55412,2.03,1.80
2013.06.11 18:52:36.829,6.55184,6.55412,2.48,1.80
2013.06.11 18:52:46.218,6.55196,6.55415,2.55,1.80
2013.06.11 18:52:46.280,6.55205,6.55434,1.88,1.80
2013.06.11 18:52:46.547,6.55197,6.55434,2.63,1.80
2013.06.11 18:52:46.862,6.55215,6.55434,2.18,1.80
2013.06.11 18:52:46.941,6.55184,6.55434,1.88,1.80
2013.06.11 18:52:48.847,6.55197,6.55434,1.95,1.80
2013.06.11 18:52:49.027,6.55189,6.55434,2.03,1.80
2013.06.11 18:52:49.208,6.55189,6.55434,2.03,1.80
2013.06.11 18:52:49.790,6.5519,6.55412,2.33,1.80
2013.06.11 18:52:50.677,6.5519,6.55437,1.95,1.80
2013.06.11 18:52:51.217,6.55189,6.55437,2.93,1.80
2013.06.11 18:52:53.137,6.55183,6.55414,2.18,1.80
2013.06.11 18:52:54.868,6.55184,6.55414,1.58,1.80
2013.06.11 18:52:56.658,6.55183,6.55414,1.58,1.80
2013.06.11 18:52:57.648,6.55184,6.55414,2.78,1.80
2013.06.11 18:52:59.317,6.55184,6.55371,2.78,1.80
2013.06.11 18:53:02.568,6.55183,6.55371,1.88,1.80
2013.06.11 18:53:02.689,6.55203,6.55395,1.65,1.80
2013.06.11 18:53:02.867,6.55203,6.55415,2.33,1.80
2013.06.11 18:53:03.251,6.55189,6.55415,1.95,1.80
2013.06.11 18:53:03.749,6.5519,6.55395,1.88,1.80
2013.06.11 18:53:04.240,6.55177,6.55367,2.85,1.80
2013.06.11 18:53:04.867,6.55178,6.55367,2.40,1.80
2013.06.11 18:53:05.171,6.55197,6.55367,2.48,1.80
2013.06.11 18:53:05.237,6.55197,6.5537,2.48,1.80
2013.06.11 18:53:05.357,6.55208,6.55392,1.58,1.80
2013.06.11 18:53:05.418,6.55197,6.55392,2.85,1.80
2013.06.11 18:53:05.539,6.55197,6.55413,2.85,1.80
2013.06.11 18:53:06.337,6.55221,6.55413,2.55,1.80
2013.06.11 18:53:06.648,6.55239,6.55413,1.73,1.80
2013.06.11 18:53:06.707,6.55239,6.55434,1.73,1.80
2013.06.11 18:53:06.887,6.55226,6.55434,2.18,1.80
2013.06.11 18:53:07.007,6.5522,6.55434,2.48,1.80
2013.06.11 18:53:08.607,6.55232,6.55434,1.88,1.80
2013.06.11 18:53:08.847,6.55222,6.55434,2.63,1.80
2013.06.11 18:53:08.967,6.55239,6.55434,1.65,1.80
2013.06.11 18:53:10.587,6.55255,6.55434,2.48,1.80
2013.06.11 18:53:14.707,6.55254,6.55434,1.58,1.80
2013.06.11 18:53:14.887,6.55247,6.55434,1.73,1.80
2013.06.11 18:53:15.009,6.55229,6.55434,2.03,1.80
2013.06.11 18:53:15.068,6.55229,6.55434,2.03,1.80
2013.06.11 18:53:15.247,6.55223,6.55412,2.55,1.80
2013.06.11 18:53:15.437,6.55233,6.55412,1.65,1.80
2013.06.11 18:53:16.078,6.55191,6.55412,1.88,1.80
2013.06.11 18:53:16.317,6.55178,6.55412,2.10,1.80
2013.06.11 18:53:16.567,6.55199,6.55412,2.78,1.80
2013.06.11 18:53:16.747,6.55178,6.55435,2.40,2.55
2013.06.11 18:53:17.637,6.55171,6.55423,1.65,1.65
2013.06.11 18:53:19.106,6.5517,6.55423,1.65,1.65
2013.06.11 18:53:20.087,6.55165,6.55414,1.65,1.65
2013.06.11 18:53:20.607,6.55166,6.55414,1.65,1.65
2013.06.11 18:53:21.727,6.55162,6.55414,1.65,1.65
2013.06.11 18:53:24.247,6.55156,6.55411,1.65,2.55
2013.06.11 18:53:27.627,6.5515,6.55403,2.55,1.95
2013.06.11 18:53:29.068,6.5515,6.55402,1.80,2.70
2013.06.11 18:53:31.129,6.55144,6.55394,1.65,1.65
2013.06.11 18:53:31.191,6.55109,6.55364,1.65,1.88
2013.06.11 18:53:31.319,6.55109,6.55364,1.65,1.88
2013.06.11 18:53:31.498,6.55107,6.55354,1.65,1.65
2013.06.11 18:53:31.617,6.55097,6.55345,1.65,1.65
2013.06.11 18:53:32.147,6.55094,6.55345,1.65,1.65
2013.06.11 18:53:32.787,6.55094,6.55353,1.65,2.93
2013.06.11 18:53:32.848,6.55122,6.55373,1.65,1.65
2013.06.11 18:53:33.367,6.55122,6.55381,1.65,1.65
2013.06.11 18:53:34.139,6.55128,6.5538,1.65,1.65
2013.06.11 18:53:35.097,6.55128,6.5538,1.65,1.65
2013.06.11 18:53:36.599,6.55123,6.55367,2.63,1.80
2013.06.11 18:53:37.587,6.55118,6.55367,2.93,1.80
2013.06.11 18:53:38.312,6.55127,6.55367,2.25,1.80
2013.06.11 18:53:38.977,6.5512,6.55367,2.78,1.80
2013.06.11 18:53:40.297,6.55108,6.55367,1.58,1.80
2013.06.11 18:53:42.048,6.55118,6.55348,1.73,1.65
2013.06.11 18:53:44.254,6.55111,6.55349,1.80,1.65
2013.06.11 18:53:45.800,6.55112,6.55346,1.95,1.65
2013.06.11 18:53:46.397,6.55112,6.55335,1.95,1.80
2013.06.11 18:53:47.007,6.55104,6.55335,2.85,1.80
2013.06.11 18:53:48.377,6.55098,6.5533,2.78,1.65
2013.06.11 18:53:50.328,6.55092,6.55329,2.55,1.65
2013.06.11 18:53:50.857,6.55091,6.55319,2.03,1.65
2013.06.11 18:53:52.067,6.5507,6.55302,1.65,1.50
2013.06.11 18:53:52.427,6.55071,6.55308,1.65,1.73
2013.06.11 18:53:54.288,6.55075,6.55315,1.80,3.68
2013.06.11 18:53:54.908,6.55085,6.55317,2.70,1.65
2013.06.11 18:53:55.476,6.55081,6.55316,2.48,1.65
2013.06.11 18:53:56.908,6.55072,6.55309,1.65,2.70
2013.06.11 18:53:57.778,6.55072,6.55308,1.65,1.80
2013.06.11 18:54:00.247,6.55062,6.55294,1.65,2.55
2013.06.11 18:54:06.483,6.55062,6.55294,1.65,2.55
2013.06.11 18:54:12.959,6.55098,6.55294,1.80,2.55
2013.06.11 18:54:13.021,6.55066,6.55294,1.80,2.55
2013.06.11 18:54:13.208,6.55062,6.55294,1.65,2.55
2013.06.11 18:54:14.599,6.55052,6.55284,1.58,1.65
2013.06.11 18:54:20.228,6.55039,6.55278,1.65,2.55
2013.06.11 18:54:20.567,6.55036,6.55268,1.65,2.10
2013.06.11 18:54:23.789,6.55019,6.55237,1.80,2.70
2013.06.11 18:54:23.848,6.55005,6.55237,1.65,2.70
2013.06.11 18:54:23.908,6.55006,6.55244,1.65,2.78
2013.06.11 18:54:24.107,6.55008,6.55249,1.50,1.65
2013.06.11 18:54:28.297,6.5502,6.55252,1.65,1.65
2013.06.11 18:54:30.448,6.55015,6.55251,2.48,1.65
2013.06.11 18:54:36.179,6.55063,6.55302,1.50,1.65
2013.06.11 18:54:36.487,6.55062,6.55297,1.80,2.25
2013.06.11 18:54:36.787,6.55062,6.55317,1.80,2.78
2013.06.11 18:54:36.907,6.5509,6.55344,1.65,1.65
2013.06.11 18:54:36.967,6.55097,6.55353,1.65,1.65
2013.06.11 18:54:37.028,6.55112,6.55353,1.73,3.68
2013.06.11 18:54:38.440,6.55095,6.55314,1.80,1.65
2013.06.11 18:54:38.573,6.55095,6.55325,2.55,1.88
2013.06.11 18:54:38.888,6.55104,6.55336,1.65,2.63
2013.06.11 18:54:39.377,6.55141,6.55374,1.65,2.18
2013.06.11 18:54:44.487,6.55141,6.55381,1.65,2.33
2013.06.11 18:54:45.157,6.55141,6.55381,3.53,2.10
2013.06.11 18:54:47.817,6.55139,6.55371,1.65,2.63
2013.06.11 18:54:51.317,6.55135,6.55362,1.65,2.10
2013.06.11 18:54:52.887,6.55128,6.55363,1.65,1.58
2013.06.11 18:54:55.748,6.55124,6.55353,1.65,2.70
2013.06.11 18:54:57.047,6.5512,6.55352,1.80,2.03
2013.06.11 18:54:57.678,6.5512,6.55338,1.80,2.63
2013.06.11 18:54:58.077,6.55106,6.55338,1.65,2.63
2013.06.11 18:54:58.137,6.55106,6.55328,1.65,1.65
2013.06.11 18:54:58.197,6.55096,6.55328,2.40,1.65
2013.06.11 18:54:58.258,6.55105,6.55337,1.80,1.65
2013.06.11 18:55:00.423,6.55118,6.55344,2.40,1.80
2013.06.11 18:55:00.727,6.5515,6.55383,2.85,1.65
2013.06.11 18:55:00.787,6.5514,6.55375,1.65,2.70
2013.06.11 18:55:01.028,6.55165,6.55397,2.33,1.65
2013.06.11 18:55:01.638,6.55176,6.55408,2.03,1.65
2013.06.11 18:55:01.700,6.55176,6.55408,2.03,1.65
2013.06.11 18:55:01.965,6.55168,6.55408,1.50,1.65
2013.06.11 18:55:02.208,6.55178,6.55418,1.65,2.40
2013.06.11 18:55:02.448,6.5519,6.55432,2.63,2.10
2013.06.11 18:55:02.568,6.55201,6.55433,2.78,1.65
2013.06.11 18:55:02.901,6.55195,6.55433,2.93,1.65
2013.06.11 18:55:03.210,6.55205,6.55441,1.65,2.25
2013.06.11 18:55:03.338,6.5521,6.55456,1.65,1.65
2013.06.11 18:55:03.748,6.5522,6.55456,2.18,1.65
2013.06.11 18:55:07.377,6.55232,6.55462,2.03,1.65
2013.06.11 18:55:11.538,6.5522,6.55456,1.58,1.65
2013.06.11 18:55:15.188,6.55251,6.55481,2.63,1.65
2013.06.11 18:55:15.248,6.55251,6.55487,2.63,1.65
2013.06.11 18:55:15.308,6.55265,6.55497,2.33,1.65
2013.06.11 18:55:15.607,6.55291,6.55521,1.88,1.65
2013.06.11 18:55:15.848,6.55284,6.55521,1.73,1.65
2013.06.11 18:55:16.088,6.55273,6.55509,1.65,2.33
2013.06.11 18:55:17.307,6.55273,6.55516,1.65,3.53
2013.06.11 18:55:20.801,6.5529,6.5552,2.25,1.65
2013.06.11 18:55:26.307,6.55289,6.55519,2.25,1.65
2013.06.11 18:55:28.719,6.55274,6.55516,2.18,2.55
2013.06.11 18:55:28.840,6.55289,6.55519,2.18,1.65
2013.06.11 18:55:31.787,6.55274,6.55514,2.78,1.58
2013.06.11 18:55:31.848,6.55274,6.55504,2.78,1.65
2013.06.11 18:55:31.907,6.55258,6.55494,2.03,1.65
2013.06.11 18:55:32.179,6.55258,6.55488,2.03,1.65
2013.06.11 18:55:32.417,6.55258,6.5549,2.03,1.65
2013.06.11 18:55:34.284,6.55286,6.55514,2.40,1.80
2013.06.11 18:55:34.352,6.55286,6.55517,2.40,1.80
2013.06.11 18:55:34.419,6.55286,6.55518,2.40,1.65
2013.06.11 18:55:36.820,6.55299,6.55529,2.78,1.65
2013.06.11 18:55:37.687,6.55298,6.55535,2.18,1.65
2013.06.11 18:55:39.128,6.5528,6.55517,1.65,1.65
2013.06.11 18:55:39.307,6.5528,6.55511,1.65,1.65
2013.06.11 18:55:39.677,6.55292,6.55519,2.40,1.80
2013.06.11 18:55:39.737,6.55292,6.55524,2.40,1.65
2013.06.11 18:55:41.160,6.55292,6.55519,2.40,1.80
2013.06.11 18:55:41.529,6.55292,6.55512,2.40,1.80
2013.06.11 18:55:42.193,6.55278,6.55509,1.58,1.65
2013.06.11 18:55:42.958,6.55266,6.55512,1.58,1.80
2013.06.11 18:55:43.778,6.55266,6.55492,1.58,1.80
2013.06.11 18:55:43.838,6.55266,6.55491,1.58,1.80
2013.06.11 18:55:43.897,6.55249,6.55491,2.03,1.80
2013.06.11 18:55:44.317,6.55264,6.55491,2.03,1.80
2013.06.11 18:55:44.438,6.55264,6.55521,2.03,1.65
2013.06.11 18:55:44.618,6.55258,6.5552,2.78,1.65
2013.06.11 18:55:45.258,6.55258,6.55511,1.65,1.65
2013.06.11 18:55:47.031,6.55245,6.55501,2.70,1.80
2013.06.11 18:55:52.707,6.55268,6.55501,2.33,1.80
2013.06.11 18:55:52.768,6.55268,6.55525,2.33,1.65
2013.06.11 18:55:52.888,6.55268,6.55506,2.33,1.80
2013.06.11 18:55:53.007,6.55246,6.55506,2.48,1.80
2013.06.11 18:55:53.188,6.55263,6.55506,2.25,1.80
2013.06.11 18:55:53.308,6.55254,6.55506,2.70,1.80
2013.06.11 18:55:53.487,6.55254,6.55478,2.70,1.80
2013.06.11 18:55:54.258,6.55254,6.55503,2.85,1.80
2013.06.11 18:55:56.138,6.55244,6.55501,2.78,1.65
2013.06.11 18:55:58.816,6.55244,6.55501,2.78,1.65
2013.06.11 18:56:02.300,6.5524,6.55482,2.63,1.80
2013.06.11 18:56:02.879,6.55231,6.55482,2.18,1.80
2013.06.11 18:56:03.186,6.55244,6.55482,1.73,1.80
2013.06.11 18:56:03.549,6.55248,6.55491,1.65,1.80
2013.06.11 18:56:03.747,6.55253,6.55491,2.25,1.80
2013.06.11 18:56:04.069,6.5527,6.55511,1.65,1.80
2013.06.11 18:56:04.502,6.55284,6.55511,1.73,1.80
2013.06.11 18:56:05.067,6.5528,6.55511,2.93,1.80
2013.06.11 18:56:07.848,6.55265,6.55511,1.73,1.80
2013.06.11 18:56:07.967,6.5528,6.55511,2.55,1.80
2013.06.11 18:56:10.678,6.55265,6.55511,2.55,1.80
2013.06.11 18:56:11.433,6.55254,6.55511,2.93,2.55
2013.06.11 18:56:17.578,6.55255,6.55511,2.10,1.80
2013.06.11 18:56:22.857,6.55274,6.55511,1.95,1.80
2013.06.11 18:56:23.643,6.55274,6.55511,1.95,1.80
2013.06.11 18:56:24.387,6.55259,6.55516,2.78,1.65
2013.06.11 18:56:24.578,6.55259,6.55502,2.78,1.80
2013.06.11 18:56:25.206,6.55259,6.55499,2.78,1.80
2013.06.11 18:56:38.888,6.55275,6.55499,1.88,1.80
2013.06.11 18:56:38.949,6.55275,6.55525,1.88,1.80
2013.06.11 18:56:56.158,6.55316,6.55525,1.88,1.80
2013.06.11 18:56:56.218,6.55316,6.55531,1.88,1.80
2013.06.11 18:56:56.278,6.55304,6.55551,2.70,1.80
2013.06.11 18:56:57.469,6.55298,6.55551,2.10,1.80
2013.06.11 18:56:57.531,6.55298,6.55526,2.10,1.80
2013.06.11 18:56:57.888,6.55293,6.55526,1.88,1.80
2013.06.11 18:57:00.369,6.55277,6.55526,2.70,1.80
2013.06.11 18:57:01.864,6.55282,6.55528,1.65,1.80
2013.06.11 18:57:01.936,6.55282,6.55529,1.65,1.65
2013.06.11 18:57:05.638,6.55263,6.55512,1.80,2.40
2013.06.11 18:57:05.758,6.55263,6.55517,1.80,2.18
2013.06.11 18:57:06.037,6.55274,6.55526,1.65,2.33
2013.06.11 18:57:06.698,6.55275,6.55528,1.65,1.65
2013.06.11 18:57:06.820,6.55259,6.55503,1.65,1.65
2013.06.11 18:57:08.743,6.55259,6.555,1.65,4.07
2013.06.11 18:57:09.048,6.55169,6.55453,1.80,1.80
2013.06.11 18:57:09.109,6.5515,6.55362,1.65,1.95
2013.06.11 18:57:09.228,6.5514,6.55362,2.48,1.95
2013.06.11 18:57:10.457,6.55153,6.55362,2.40,1.95
2013.06.11 18:57:10.758,6.55168,6.55362,1.95,1.95
2013.06.11 18:57:11.658,6.55168,6.55396,1.95,1.80
2013.06.11 18:57:11.779,6.55193,6.55396,1.50,1.80
2013.06.11 18:57:14.390,6.55192,6.55396,2.18,1.80
2013.06.11 18:57:14.937,6.55156,6.55396,1.80,1.80
2013.06.11 18:57:16.758,6.55169,6.55396,1.58,1.80
2013.06.11 18:57:16.939,6.55176,6.55413,1.73,2.85
2013.06.11 18:57:17.468,6.55177,6.55413,1.50,2.85
2013.06.11 18:57:17.628,6.55168,6.55413,2.18,2.85
2013.06.11 18:57:21.060,6.55163,6.55413,1.73,3.60
2013.06.11 18:57:24.298,6.55156,6.55413,1.58,2.85
2013.06.11 18:57:25.647,6.55183,6.55435,1.88,1.65
2013.06.11 18:57:25.721,6.55183,6.55435,1.88,1.65
2013.06.11 18:57:26.930,6.55177,6.55434,2.93,1.65
2013.06.11 18:57:32.099,6.55176,6.55425,1.65,1.65
2013.06.11 18:57:33.088,6.55176,6.55421,1.65,1.65
2013.06.11 18:57:33.518,6.55174,6.55421,1.65,1.65
2013.06.11 18:57:34.688,6.55157,6.55374,1.80,2.85
2013.06.11 18:57:34.809,6.55139,6.55375,1.80,2.25
2013.06.11 18:57:34.870,6.55123,6.55375,1.65,2.25
2013.06.11 18:57:35.518,6.55118,6.55365,1.65,1.65
2013.06.11 18:57:35.579,6.55118,6.55365,1.65,1.65
2013.06.11 18:57:35.638,6.55107,6.55349,1.65,1.65
2013.06.11 18:57:35.701,6.55097,6.55349,1.73,1.65
2013.06.11 18:57:35.761,6.55089,6.55339,2.03,1.65
2013.06.11 18:57:35.956,6.55059,6.55304,1.80,1.88
2013.06.11 18:57:36.139,6.55035,6.55287,2.55,2.48
2013.06.11 18:57:36.199,6.55045,6.55295,1.65,2.10
2013.06.11 18:57:36.439,6.55035,6.55286,1.80,2.48
2013.06.11 18:57:36.838,6.55024,6.55274,1.65,1.65
2013.06.11 18:57:37.279,6.5501,6.55262,2.55,1.73
2013.06.11 18:57:37.857,6.5501,6.55259,1.80,1.80
2013.06.11 18:57:40.040,6.55035,6.55285,1.58,1.65
2013.06.11 18:57:40.118,6.55045,6.55295,1.65,1.50
2013.06.11 18:57:40.309,6.55033,6.55285,2.55,2.48
2013.06.11 18:57:40.429,6.55025,6.55275,1.65,1.65
2013.06.11 18:57:40.668,6.55021,6.5527,1.65,1.65
2013.06.11 18:57:40.879,6.55025,6.55272,1.65,1.65
2013.06.11 18:57:41.079,6.5501,6.55262,1.65,2.48
2013.06.11 18:57:41.488,6.55,6.55242,1.73,1.80
2013.06.11 18:57:41.548,6.54979,6.55231,2.18,1.65
2013.06.11 18:57:42.928,6.54977,6.55222,1.65,1.65
2013.06.11 18:57:43.963,6.54977,6.55228,1.65,1.65
2013.06.11 18:57:44.599,6.54999,6.55224,1.80,1.65
2013.06.11 18:57:44.778,6.55012,6.55244,2.93,1.65
2013.06.11 18:57:46.929,6.55024,6.55248,1.73,1.65
2013.06.11 18:57:46.989,6.55024,6.55258,1.73,1.80
2013.06.11 18:57:47.049,6.55024,6.55248,1.73,1.65
2013.06.11 18:57:47.169,6.55015,6.55249,2.93,1.65
2013.06.11 18:57:50.258,6.55015,6.55232,2.93,1.95
2013.06.11 18:57:50.636,6.5497,6.55205,2.10,2.18
2013.06.11 18:57:50.888,6.54978,6.55209,1.95,1.65
2013.06.11 18:57:51.539,6.54966,6.55197,1.65,2.63
2013.06.11 18:57:51.898,6.54991,6.55225,3.23,2.10
2013.06.11 18:57:52.318,6.55001,6.55225,1.65,2.10
2013.06.11 18:57:53.727,6.55014,6.55241,1.65,1.73
2013.06.11 18:57:54.148,6.55016,6.5525,1.65,1.88
2013.06.11 18:57:54.502,6.55025,6.5525,1.65,1.88
2013.06.11 18:57:54.918,6.55018,6.55251,1.80,2.70
2013.06.11 18:57:55.039,6.55086,6.55311,2.40,1.65
2013.06.11 18:57:55.219,6.55086,6.55321,2.40,2.48
2013.06.11 18:57:55.457,6.55084,6.55321,1.65,2.03
2013.06.11 18:57:56.588,6.55076,6.55301,1.65,2.70
2013.06.11 18:57:56.648,6.55066,6.55301,2.48,2.70
2013.06.11 18:57:56.709,6.55079,6.55308,2.25,1.65
2013.06.11 18:57:57.754,6.55087,6.55313,1.88,1.65
2013.06.11 18:57:58.238,6.55087,6.55303,1.88,1.15
2013.06.11 18:57:58.792,6.55087,6.55302,1.88,1.40
2013.06.11 18:57:59.309,6.55087,6.55303,1.88,1.35
2013.06.11 18:58:00.136,6.55087,6.55302,1.88,1.16
2013.06.11 18:58:00.448,6.55092,6.55303,2.85,1.43
2013.06.11 18:58:00.688,6.55066,6.55292,1.65,1.13
2013.06.11 18:58:01.107,6.55037,6.55269,1.65,1.65
2013.06.11 18:58:05.330,6.55027,6.55254,1.65,1.88
2013.06.11 18:58:05.567,6.55015,6.55239,1.80,2.78
2013.06.11 18:58:05.699,6.55025,6.5526,1.65,3.60
2013.06.11 18:58:08.930,6.55014,6.55241,1.65,2.63
2013.06.11 18:58:09.169,6.54995,6.5523,1.65,1.88
2013.06.11 18:58:09.790,6.54993,6.55235,2.48,1.65
2013.06.11 18:58:10.358,6.55002,6.55236,1.88,1.65
2013.06.11 18:58:10.718,6.55014,6.55241,2.48,1.65
2013.06.11 18:58:11.079,6.55024,6.55249,1.58,1.65
2013.06.11 18:58:11.141,6.54991,6.55222,1.65,1.73
2013.06.11 18:58:11.488,6.54995,6.55235,1.73,1.65
2013.06.11 18:58:12.933,6.55014,6.55241,1.65,1.65
2013.06.11 18:58:13.479,6.55015,6.55245,1.88,1.65
2013.06.11 18:58:13.978,6.55025,6.55255,1.65,2.70
2013.06.11 18:58:14.097,6.55059,6.55283,2.93,1.28
2013.06.11 18:58:14.400,6.55071,6.55296,2.78,1.54
2013.06.11 18:58:15.087,6.55061,6.55286,2.48,1.13
2013.06.11 18:58:16.558,6.55072,6.55297,2.03,1.54
2013.06.11 18:58:17.388,6.5506,6.55287,2.63,1.13
2013.06.11 18:58:17.508,6.5508,6.55302,2.70,1.80
2013.06.11 18:58:17.918,6.55077,6.55302,2.93,1.80
2013.06.11 18:58:21.165,6.55077,6.55303,2.93,1.43
2013.06.11 18:58:21.288,6.55087,6.55303,1.65,1.43
2013.06.11 18:58:21.589,6.55106,6.55293,1.80,1.09
2013.06.11 18:58:21.928,6.55149,6.55293,1.65,1.09
2013.06.11 18:58:22.400,6.55157,6.55293,2.40,1.09
2013.06.11 18:58:22.719,6.55168,6.55293,2.25,1.09
2013.06.11 18:58:24.609,6.55145,6.55293,2.85,1.09
2013.06.11 18:58:24.799,6.55147,6.55293,2.10,1.09
2013.06.11 18:58:25.210,6.55158,6.55293,2.78,1.09
2013.06.11 18:58:25.328,6.55148,6.55293,2.78,1.09
2013.06.11 18:58:25.568,6.55127,6.55293,1.65,1.09
2013.06.11 18:58:27.160,6.55144,6.55292,1.95,1.39
2013.06.11 18:58:30.568,6.55137,6.55292,2.63,1.39
2013.06.11 18:58:30.688,6.55127,6.55292,1.65,1.39
2013.06.11 18:58:36.040,6.55127,6.55293,1.65,1.24
2013.06.11 18:58:36.401,6.55119,6.55293,1.65,1.24
2013.06.11 18:58:41.697,6.55127,6.55302,1.65,1.43
2013.06.11 18:58:42.068,6.55127,6.55302,2.55,1.43
2013.06.11 18:58:42.890,6.55131,6.55302,1.80,1.43
2013.06.11 18:58:48.837,6.55131,6.55303,1.80,1.92
2013.06.11 18:58:48.897,6.55106,6.55303,1.80,1.92
2013.06.11 18:58:52.279,6.55093,6.55284,1.80,1.28
2013.06.11 18:58:52.338,6.55065,6.55283,1.80,1.13
2013.06.11 18:58:52.679,6.55065,6.5527,1.80,2.18
2013.06.11 18:58:55.609,6.55065,6.55283,1.80,1.13
2013.06.11 18:58:55.668,6.55065,6.55282,1.80,1.13
2013.06.11 18:58:56.029,6.55065,6.55282,1.80,1.13
2013.06.11 18:58:56.487,6.55059,6.55282,1.65,2.03
2013.06.11 18:58:56.548,6.55057,6.55276,1.65,1.80
2013.06.11 18:58:59.878,6.55053,6.55276,1.65,1.80
2013.06.11 18:59:00.408,6.5504,6.5527,2.40,1.65
2013.06.11 18:59:00.528,6.55037,6.55254,1.65,1.80
2013.06.11 18:59:00.768,6.55025,6.55247,1.65,1.65
2013.06.11 18:59:03.028,6.55017,6.55253,1.65,3.53
2013.06.11 18:59:03.087,6.55007,6.55225,1.65,1.80
2013.06.11 18:59:07.439,6.55011,6.55235,1.65,1.65
2013.06.11 18:59:07.678,6.55029,6.55247,1.65,1.80
2013.06.11 18:59:07.858,6.55036,6.55256,1.65,1.65
2013.06.11 18:59:10.748,6.55056,6.55274,1.65,1.80
2013.06.11 18:59:10.888,6.55062,6.5528,1.80,1.65
2013.06.11 18:59:13.528,6.55062,6.55282,1.80,1.28
2013.06.11 18:59:13.867,6.5509,6.55282,1.73,1.28
2013.06.11 18:59:14.047,6.55082,6.55282,2.70,1.28
2013.06.11 18:59:14.359,6.55091,6.55282,2.18,1.28
2013.06.11 18:59:15.078,6.55103,6.55283,2.48,1.28
2013.06.11 18:59:15.137,6.5511,6.55303,1.65,1.47
2013.06.11 18:59:16.038,6.5511,6.55292,1.65,1.24
2013.06.11 18:59:16.788,6.55109,6.55302,1.65,1.65
2013.06.11 18:59:17.540,6.55108,6.55302,1.65,1.88
2013.06.11 18:59:20.567,6.55088,6.55302,1.80,1.88
2013.06.11 18:59:20.628,6.55085,6.55282,1.65,1.28
2013.06.11 18:59:20.688,6.55083,6.55282,1.65,1.28
2013.06.11 18:59:21.319,6.55094,6.55282,2.78,1.28
2013.06.11 18:59:21.438,6.55104,6.55302,1.65,1.88
2013.06.11 18:59:22.269,6.55094,6.55282,2.40,1.28
2013.06.11 18:59:22.328,6.55084,6.55282,1.50,1.28
2013.06.11 18:59:22.400,6.5508,6.55282,1.65,1.28
2013.06.11 18:59:24.191,6.55094,6.55282,2.18,1.28
2013.06.11 18:59:25.958,6.5508,6.55282,1.65,1.28
2013.06.11 18:59:26.289,6.55064,6.55282,1.65,1.28
2013.06.11 18:59:26.348,6.55064,6.5528,1.65,1.80
2013.06.11 18:59:26.588,6.55051,6.55271,1.65,1.65
2013.06.11 18:59:29.698,6.55087,6.55278,1.88,1.80
2013.06.11 18:59:29.880,6.55097,6.55292,1.80,1.28
2013.06.11 18:59:30.118,6.55087,6.55285,1.65,1.28
2013.06.11 18:59:30.368,6.55087,6.55282,1.65,1.28
2013.06.11 18:59:30.959,6.55072,6.5528,1.80,1.80
2013.06.11 18:59:33.301,6.55083,6.55282,2.40,1.28
2013.06.11 18:59:33.448,6.55081,6.55283,1.65,1.28
2013.06.11 18:59:33.508,6.55071,6.55282,2.10,1.28
2013.06.11 18:59:34.628,6.55067,6.55278,1.80,1.80
2013.06.11 18:59:35.611,6.55066,6.55278,1.50,1.80
2013.06.11 18:59:38.698,6.55087,6.55278,1.65,1.80
2013.06.11 18:59:38.899,6.55077,6.55278,1.88,1.80
2013.06.11 18:59:42.142,6.55066,6.55278,1.73,1.80
2013.06.11 18:59:42.901,6.5506,6.55278,1.65,1.80
2013.06.11 18:59:42.969,6.5506,6.55259,1.65,1.80
2013.06.11 18:59:43.148,6.55038,6.55257,1.65,1.80
2013.06.11 18:59:43.269,6.55042,6.55257,1.50,1.80
2013.06.11 18:59:43.389,6.55038,6.55257,1.65,1.80
2013.06.11 18:59:43.698,6.55041,6.55257,1.58,1.80
2013.06.11 18:59:48.538,6.55058,6.55262,2.25,2.85
2013.06.11 18:59:48.658,6.55072,6.55282,2.18,1.80
2013.06.11 18:59:48.780,6.55088,6.55282,2.48,1.80
2013.06.11 18:59:49.020,6.55088,6.55285,2.48,1.28
2013.06.11 18:59:49.499,6.55097,6.55285,2.93,1.28
2013.06.11 18:59:50.397,6.55088,6.55285,2.63,1.28
2013.06.11 18:59:53.387,6.55077,6.55283,2.78,2.18
2013.06.11 18:59:53.717,6.55087,6.55283,2.63,2.18
2013.06.11 18:59:55.718,6.55077,6.55282,1.50,1.28
2013.06.11 18:59:56.038,6.55081,6.55282,2.48,1.28
2013.06.11 18:59:56.429,6.5507,6.55282,1.80,1.28
2013.06.11 18:59:56.589,6.55063,6.55282,1.65,1.28
2013.06.11 18:59:57.569,6.55063,6.55282,1.65,1.28
2013.06.11 18:59:59.458,6.5508,6.55282,1.50,1.28
2013.06.11 18:59:59.519,6.55063,6.55282,1.65,1.28
