2017.09.13 12:00:00.089,7.96447,7.96564,1.00,1.00
2017.09.13 12:00:00.776,7.96443,7.96561,1.00,1.00
2017.09.13 12:00:01.244,7.96447,7.96565,1.00,1.00
2017.09.13 12:00:01.971,7.96458,7.96576,1.00,1.00
2017.09.13 12:00:02.124,7.96437,7.96569,1.00,1.00
2017.09.13 12:00:02.257,7.9644,7.96558,1.00,1.00
2017.09.13 12:00:02.560,7.96452,7.9657,1.00,1.00
2017.09.13 12:00:03.675,7.96453,7.96571,1.00,1.00
2017.09.13 12:00:04.128,7.96434,7.96552,1.00,1.00
2017.09.13 12:00:04.434,7.96447,7.96564,1.00,1.00
2017.09.13 12:00:04.485,7.96445,7.96564,1.00,1.00
2017.09.13 12:00:06.829,7.96442,7.96561,1.00,1.00
2017.09.13 12:00:07.541,7.96446,7.96565,1.00,1.00
2017.09.13 12:00:07.845,7.9645,7.96569,1.00,1.00
2017.09.13 12:00:09.331,7.9643,7.96549,1.00,1.00
2017.09.13 12:00:10.076,7.96424,7.96541,1.00,1.00
2017.09.13 12:00:10.127,7.96416,7.96534,1.00,1.00
2017.09.13 12:00:10.178,7.96421,7.9654,1.00,1.00
2017.09.13 12:00:10.280,7.96426,7.96544,1.00,1.00
2017.09.13 12:00:10.752,7.96442,7.9656,1.00,1.00
2017.09.13 12:00:13.195,7.96444,7.96563,1.00,1.00
2017.09.13 12:00:13.416,7.96446,7.96565,1.00,1.00
2017.09.13 12:00:17.813,7.96436,7.96553,1.00,1.00
2017.09.13 12:00:17.965,7.96431,7.9655,1.00,1.00
2017.09.13 12:00:19.366,7.96424,7.96542,1.00,1.00
2017.09.13 12:00:19.417,7.9642,7.96539,1.00,1.00
2017.09.13 12:00:20.038,7.96416,7.96534,1.00,1.00
2017.09.13 12:00:23.097,7.96412,7.96531,1.00,1.00
2017.09.13 12:00:28.187,7.9641,7.96529,1.00,1.00
2017.09.13 12:00:31.367,7.96411,7.9653,1.00,1.00
2017.09.13 12:00:33.697,7.9641,7.96529,1.00,1.00
2017.09.13 12:00:41.017,7.9641,7.96529,1.37,1.00
2017.09.13 12:00:41.816,7.96412,7.96531,1.37,1.00
2017.09.13 12:00:42.588,7.96412,7.96531,1.12,1.00
2017.09.13 12:00:46.002,7.96413,7.96557,1.72,1.50
2017.09.13 12:00:46.053,7.96442,7.96557,1.00,1.00
2017.09.13 12:00:46.104,7.96467,7.96586,1.00,1.00
2017.09.13 12:00:46.155,7.96472,7.96591,1.00,1.00
2017.09.13 12:00:46.471,7.96469,7.96586,1.00,1.00
2017.09.13 12:00:46.522,7.96474,7.96592,1.00,1.00
2017.09.13 12:00:48.727,7.96475,7.96594,1.00,1.00
2017.09.13 12:00:49.845,7.96481,7.96597,1.00,1.00
2017.09.13 12:00:53.173,7.96476,7.96595,1.00,1.00
2017.09.13 12:00:58.247,7.96477,7.96596,1.00,1.00
2017.09.13 12:01:01.427,7.96478,7.96597,1.00,1.00
2017.09.13 12:01:03.757,7.96479,7.96598,1.00,1.00
2017.09.13 12:01:04.781,7.96501,7.96619,1.00,1.00
2017.09.13 12:01:04.883,7.96511,7.9663,1.00,1.00
2017.09.13 12:01:04.934,7.96507,7.96625,1.00,1.00
2017.09.13 12:01:05.153,7.96496,7.96615,1.00,1.00
2017.09.13 12:01:05.306,7.96493,7.96611,1.00,1.00
2017.09.13 12:01:05.358,7.96485,7.96604,1.00,1.00
2017.09.13 12:01:05.780,7.9648,7.96599,1.00,1.00
2017.09.13 12:01:06.085,7.9648,7.96599,1.37,1.00
2017.09.13 12:01:06.937,7.96483,7.96602,1.37,1.00
2017.09.13 12:01:07.039,7.96483,7.96602,1.37,1.00
2017.09.13 12:01:08.309,7.96483,7.96602,1.00,1.00
2017.09.13 12:01:13.260,7.96456,7.96575,1.37,1.00
2017.09.13 12:01:13.362,7.96459,7.96578,1.37,1.00
2017.09.13 12:01:13.463,7.96462,7.96581,1.37,1.00
2017.09.13 12:01:13.750,7.96455,7.96574,1.50,1.00
2017.09.13 12:01:14.810,7.96455,7.96574,1.00,1.00
2017.09.13 12:01:14.861,7.96448,7.96567,1.00,1.00
2017.09.13 12:01:18.787,7.96449,7.96568,1.00,1.00
2017.09.13 12:01:21.967,7.96449,7.96567,1.00,1.00
2017.09.13 12:01:25.831,7.9645,7.96559,1.00,1.00
2017.09.13 12:01:26.137,7.9643,7.9653,1.00,1.00
2017.09.13 12:01:26.498,7.9643,7.96521,1.00,1.00
2017.09.13 12:01:26.818,7.96412,7.96521,1.00,1.00
2017.09.13 12:01:27.328,7.96411,7.96521,1.19,1.00
2017.09.13 12:01:27.938,7.96411,7.96521,1.19,1.00
2017.09.13 12:01:28.306,7.96411,7.96518,1.19,1.00
2017.09.13 12:01:28.655,7.96411,7.96507,1.00,1.00
2017.09.13 12:01:29.160,7.96411,7.96511,1.00,1.00
2017.09.13 12:01:29.212,7.96411,7.96515,1.00,1.00
2017.09.13 12:01:29.263,7.96411,7.9652,1.00,1.00
2017.09.13 12:01:31.021,7.96411,7.9652,1.69,1.00
2017.09.13 12:01:31.072,7.96427,7.96536,1.00,1.00
2017.09.13 12:01:31.123,7.96431,7.96542,1.00,1.00
2017.09.13 12:01:31.326,7.96426,7.96537,1.00,1.00
2017.09.13 12:01:32.921,7.96432,7.96542,1.00,1.00
2017.09.13 12:01:33.022,7.96439,7.9655,1.00,1.00
2017.09.13 12:01:33.326,7.96433,7.96545,1.50,1.00
2017.09.13 12:01:33.856,7.96433,7.96542,1.00,1.00
2017.09.13 12:01:34.790,7.96436,7.96547,1.00,1.00
2017.09.13 12:01:34.841,7.96442,7.96554,1.00,1.00
2017.09.13 12:01:34.944,7.96434,7.96545,1.00,1.00
2017.09.13 12:01:36.096,7.9644,7.96549,1.00,1.00
2017.09.13 12:01:36.147,7.96447,7.96558,1.00,1.00
2017.09.13 12:01:36.198,7.96442,7.96553,1.00,1.00
2017.09.13 12:01:37.096,7.96445,7.96557,1.00,1.00
2017.09.13 12:01:37.485,7.9644,7.96552,1.00,1.00
2017.09.13 12:01:37.791,7.96423,7.96527,1.00,1.00
2017.09.13 12:01:43.337,7.96423,7.96525,1.00,1.00
2017.09.13 12:01:44.716,7.96423,7.96521,1.00,1.00
2017.09.13 12:01:48.075,7.96423,7.96519,1.00,1.00
2017.09.13 12:01:48.230,7.96402,7.96513,1.12,1.00
2017.09.13 12:01:48.428,7.96404,7.96515,1.00,1.00
2017.09.13 12:01:48.479,7.9641,7.96522,1.00,1.00
2017.09.13 12:01:48.530,7.96406,7.96518,1.00,1.00
2017.09.13 12:01:48.834,7.96411,7.96522,1.00,1.00
2017.09.13 12:01:48.936,7.96404,7.96516,1.00,1.00
2017.09.13 12:01:49.088,7.96408,7.96519,1.00,1.00
2017.09.13 12:01:50.262,7.96401,7.9651,1.37,1.00
2017.09.13 12:01:50.571,7.96396,7.96508,1.87,1.00
2017.09.13 12:01:50.877,7.96402,7.96513,1.37,1.00
2017.09.13 12:01:50.928,7.96412,7.96524,1.00,1.00
2017.09.13 12:01:50.979,7.9642,7.96531,1.00,1.00
2017.09.13 12:01:51.283,7.96452,7.96563,1.00,1.00
2017.09.13 12:01:51.593,7.96441,7.96553,1.37,1.00
2017.09.13 12:01:52.027,7.96439,7.96551,1.37,1.00
2017.09.13 12:01:52.526,7.96439,7.9656,1.37,1.00
2017.09.13 12:01:52.701,7.9648,7.96591,1.00,1.00
2017.09.13 12:01:52.752,7.96489,7.96601,1.00,1.00
2017.09.13 12:01:52.803,7.9648,7.96592,1.37,1.00
2017.09.13 12:01:53.108,7.96478,7.96587,1.37,1.00
2017.09.13 12:01:54.526,7.96473,7.96584,1.37,1.00
2017.09.13 12:01:55.498,7.96465,7.96576,1.37,1.00
2017.09.13 12:01:55.651,7.96466,7.96578,1.37,1.00
2017.09.13 12:01:56.902,7.96466,7.96578,1.00,1.00
2017.09.13 12:01:58.391,7.96464,7.96576,1.00,1.00
2017.09.13 12:01:59.374,7.96458,7.9657,1.37,1.00
2017.09.13 12:02:00.317,7.96465,7.96577,1.00,1.00
2017.09.13 12:02:00.707,7.9647,7.96577,1.00,1.00
2017.09.13 12:02:01.035,7.96468,7.96577,1.00,1.00
2017.09.13 12:02:01.546,7.96467,7.96579,1.50,1.00
2017.09.13 12:02:01.681,7.9647,7.96581,1.00,1.00
2017.09.13 12:02:02.096,7.96472,7.96583,1.00,1.00
2017.09.13 12:02:02.147,7.96474,7.96586,1.00,1.00
2017.09.13 12:02:03.890,7.96464,7.96589,1.00,1.00
2017.09.13 12:02:05.646,7.96477,7.96602,1.00,1.00
2017.09.13 12:02:05.990,7.9649,7.96602,1.00,1.00
2017.09.13 12:02:06.244,7.96481,7.96602,1.00,1.00
2017.09.13 12:02:06.425,7.96478,7.96602,1.00,1.00
2017.09.13 12:02:06.965,7.96479,7.96602,1.00,1.00
2017.09.13 12:02:07.072,7.96479,7.966,1.00,1.00
2017.09.13 12:02:07.123,7.96477,7.966,1.00,1.00
2017.09.13 12:02:07.663,7.96476,7.966,1.00,1.00
2017.09.13 12:02:07.965,7.96478,7.966,1.00,1.00
2017.09.13 12:02:08.322,7.96475,7.966,1.00,1.00
2017.09.13 12:02:09.175,7.96476,7.966,1.00,1.00
2017.09.13 12:02:09.835,7.96474,7.966,1.50,1.00
2017.09.13 12:02:10.432,7.96475,7.966,1.00,1.00
2017.09.13 12:02:10.715,7.96477,7.966,1.00,1.00
2017.09.13 12:02:11.045,7.96479,7.966,1.00,1.00
2017.09.13 12:02:11.392,7.9648,7.96585,1.00,1.00
2017.09.13 12:02:11.596,7.96481,7.9659,1.00,1.00
2017.09.13 12:02:11.722,7.96481,7.96596,1.00,1.00
2017.09.13 12:02:11.925,7.96478,7.96596,1.00,1.00
2017.09.13 12:02:12.255,7.9647,7.96596,1.00,1.00
2017.09.13 12:02:16.576,7.96469,7.96595,1.00,1.00
2017.09.13 12:02:18.378,7.96467,7.9659,1.00,1.00
2017.09.13 12:02:18.429,7.96464,7.9659,1.12,1.00
2017.09.13 12:02:18.746,7.96461,7.96587,1.37,1.00
2017.09.13 12:02:19.359,7.96474,7.96586,1.00,1.00
2017.09.13 12:02:22.087,7.96473,7.96585,1.00,1.00
2017.09.13 12:02:22.591,7.96469,7.96581,1.37,1.00
2017.09.13 12:02:24.092,7.96469,7.96581,1.00,1.00
2017.09.13 12:02:31.115,7.96461,7.96573,1.00,1.00
2017.09.13 12:02:32.417,7.96461,7.96573,1.37,1.00
2017.09.13 12:02:33.937,7.96468,7.96578,1.00,1.00
2017.09.13 12:02:34.884,7.96464,7.96576,1.37,1.00
2017.09.13 12:02:35.295,7.96467,7.96579,1.00,1.00
2017.09.13 12:02:37.117,7.96466,7.96578,1.00,1.00
2017.09.13 12:02:37.604,7.96489,7.96599,1.00,1.00
2017.09.13 12:02:37.655,7.96494,7.96606,1.00,1.00
2017.09.13 12:02:38.082,7.96474,7.96584,1.00,1.00
2017.09.13 12:02:38.184,7.9647,7.96582,1.00,1.00
2017.09.13 12:02:38.235,7.96463,7.96575,1.37,1.00
2017.09.13 12:02:38.539,7.96453,7.96564,1.37,1.00
2017.09.13 12:02:38.874,7.96458,7.96567,1.37,1.00
2017.09.13 12:02:38.925,7.96458,7.96567,1.37,1.00
2017.09.13 12:02:39.147,7.9646,7.96572,1.00,1.00
2017.09.13 12:02:40.026,7.96453,7.96565,1.37,1.00
2017.09.13 12:02:40.178,7.9641,7.96522,1.37,1.00
2017.09.13 12:02:40.229,7.96405,7.96517,1.37,1.00
2017.09.13 12:02:40.280,7.9641,7.96522,1.37,1.00
2017.09.13 12:02:40.416,7.96415,7.96526,1.00,1.00
2017.09.13 12:02:42.202,7.96427,7.96537,1.00,1.00
2017.09.13 12:02:42.903,7.96422,7.96532,1.00,1.00
2017.09.13 12:02:43.253,7.9641,7.96514,1.37,1.00
2017.09.13 12:02:45.794,7.96403,7.9651,1.37,1.00
2017.09.13 12:02:46.647,7.96399,7.96507,1.37,1.00
2017.09.13 12:02:46.924,7.96398,7.96507,1.37,1.00
2017.09.13 12:02:48.991,7.96398,7.9651,1.37,1.00
2017.09.13 12:02:49.042,7.96396,7.96508,1.00,1.00
2017.09.13 12:02:50.206,7.96396,7.96508,1.37,1.00
2017.09.13 12:02:51.615,7.96394,7.96504,1.87,1.00
2017.09.13 12:02:52.026,7.96382,7.96492,1.37,1.00
2017.09.13 12:02:52.135,7.96383,7.96495,1.37,1.00
2017.09.13 12:02:52.549,7.96393,7.96468,1.00,1.00
2017.09.13 12:02:52.601,7.96361,7.96468,1.37,1.00
2017.09.13 12:02:52.653,7.96361,7.96464,1.37,1.00
2017.09.13 12:02:53.222,7.96365,7.96476,1.12,1.00
2017.09.13 12:02:53.731,7.96366,7.96476,1.00,1.00
2017.09.13 12:02:53.782,7.96366,7.96472,1.00,1.00
2017.09.13 12:02:54.035,7.96361,7.96472,1.00,1.00
2017.09.13 12:02:54.300,7.96357,7.96469,1.37,1.00
2017.09.13 12:02:56.063,7.96357,7.96469,1.00,1.00
2017.09.13 12:02:56.114,7.96352,7.96449,1.12,1.00
2017.09.13 12:02:56.428,7.96336,7.96444,1.37,1.00
2017.09.13 12:02:57.880,7.96334,7.96444,1.00,1.00
2017.09.13 12:02:57.931,7.96334,7.9644,1.00,1.00
2017.09.13 12:02:58.032,7.96333,7.96444,1.00,1.00
2017.09.13 12:02:58.083,7.96333,7.96438,1.00,1.00
2017.09.13 12:02:58.134,7.96333,7.96441,1.00,1.00
2017.09.13 12:02:58.287,7.96337,7.96449,1.00,1.00
2017.09.13 12:02:58.388,7.96347,7.96458,1.00,1.00
2017.09.13 12:02:58.729,7.96358,7.96469,1.00,1.00
2017.09.13 12:03:00.830,7.96353,7.96464,1.00,1.00
2017.09.13 12:03:01.271,7.96359,7.96471,1.00,1.00
2017.09.13 12:03:01.322,7.96364,7.96475,1.00,1.00
2017.09.13 12:03:01.657,7.96373,7.96484,1.00,1.00
2017.09.13 12:03:02.091,7.96368,7.9648,1.00,1.00
2017.09.13 12:03:04.044,7.9636,7.96472,1.00,1.00
2017.09.13 12:03:04.381,7.96355,7.96466,1.00,1.00
2017.09.13 12:03:05.479,7.96344,7.96454,1.37,1.00
2017.09.13 12:03:05.782,7.96339,7.9645,1.37,1.00
2017.09.13 12:03:06.737,7.96335,7.96447,1.37,1.00
2017.09.13 12:03:07.030,7.96323,7.96434,1.00,1.00
2017.09.13 12:03:07.688,7.96337,7.96448,1.00,1.00
2017.09.13 12:03:07.900,7.96333,7.96445,1.00,1.00
2017.09.13 12:03:09.263,7.96332,7.96442,1.12,1.00
2017.09.13 12:03:10.651,7.96337,7.96449,1.00,1.00
2017.09.13 12:03:10.803,7.96347,7.96458,1.00,1.00
2017.09.13 12:03:10.905,7.9635,7.96462,1.00,1.00
2017.09.13 12:03:10.956,7.96354,7.96465,1.00,1.00
2017.09.13 12:03:11.402,7.96366,7.96476,1.00,1.00
2017.09.13 12:03:11.779,7.96354,7.96465,1.52,1.00
2017.09.13 12:03:11.830,7.96343,7.96454,1.27,1.00
2017.09.13 12:03:12.084,7.96341,7.96453,1.00,1.00
2017.09.13 12:03:12.185,7.96351,7.96462,1.00,1.00
2017.09.13 12:03:13.516,7.96351,7.96463,1.00,1.00
2017.09.13 12:03:14.116,7.96343,7.96454,1.37,1.00
2017.09.13 12:03:19.027,7.96342,7.96453,1.37,1.00
2017.09.13 12:03:23.805,7.96342,7.96453,1.00,1.00
2017.09.13 12:03:26.460,7.9635,7.96461,1.00,1.00
2017.09.13 12:03:26.561,7.96368,7.9648,1.00,1.00
2017.09.13 12:03:27.102,7.96372,7.96483,1.00,1.00
2017.09.13 12:03:28.028,7.96378,7.96489,1.00,1.00
2017.09.13 12:03:28.402,7.96373,7.96485,1.00,1.00
2017.09.13 12:03:30.392,7.96398,7.96509,1.00,1.00
2017.09.13 12:03:30.721,7.96388,7.965,1.00,1.00
2017.09.13 12:03:31.401,7.96389,7.96501,1.00,1.00
2017.09.13 12:03:31.726,7.96388,7.96499,1.00,1.00
2017.09.13 12:03:32.439,7.96398,7.96508,1.00,1.00
2017.09.13 12:03:32.490,7.96402,7.96513,1.00,1.00
2017.09.13 12:03:40.361,7.96396,7.96508,1.00,1.00
2017.09.13 12:03:41.201,7.96389,7.96501,1.00,1.00
2017.09.13 12:03:41.525,7.96386,7.96497,1.00,1.00
2017.09.13 12:03:42.024,7.96379,7.9649,1.00,1.00
2017.09.13 12:03:42.350,7.96384,7.96495,1.00,1.00
2017.09.13 12:03:42.834,7.96387,7.96498,1.00,1.00
2017.09.13 12:03:46.756,7.96388,7.96499,1.00,1.00
2017.09.13 12:03:47.060,7.96401,7.9651,1.00,1.00
2017.09.13 12:03:47.111,7.96402,7.96513,1.00,1.00
2017.09.13 12:03:49.087,7.96403,7.96514,1.00,1.00
2017.09.13 12:03:50.702,7.96383,7.96495,1.00,1.00
2017.09.13 12:03:50.755,7.96381,7.96492,1.00,1.00
2017.09.13 12:03:50.808,7.96379,7.96491,1.00,1.00
2017.09.13 12:03:51.165,7.96386,7.96498,1.00,1.00
2017.09.13 12:03:52.156,7.96396,7.96506,1.00,1.00
2017.09.13 12:03:55.867,7.96399,7.96511,1.00,1.00
2017.09.13 12:03:58.607,7.96398,7.9651,1.00,1.00
2017.09.13 12:03:58.659,7.96394,7.96506,1.00,1.00
2017.09.13 12:03:59.001,7.96381,7.96493,1.00,1.00
2017.09.13 12:04:00.899,7.96372,7.96484,1.00,1.00
2017.09.13 12:04:01.052,7.96367,7.96498,1.00,1.00
2017.09.13 12:04:01.103,7.96376,7.96494,1.00,1.00
2017.09.13 12:04:01.432,7.96396,7.96508,1.00,1.00
2017.09.13 12:04:01.938,7.96395,7.96507,1.00,1.00
2017.09.13 12:04:02.613,7.9638,7.9649,1.50,1.00
2017.09.13 12:04:02.822,7.96378,7.96489,1.00,1.00
2017.09.13 12:04:04.121,7.96388,7.965,1.00,1.00
2017.09.13 12:04:04.230,7.96394,7.96506,1.00,1.00
2017.09.13 12:04:04.685,7.96365,7.96477,1.00,1.00
2017.09.13 12:04:05.951,7.96369,7.96481,1.00,1.00
2017.09.13 12:04:06.263,7.96364,7.96476,1.00,1.00
2017.09.13 12:04:07.125,7.96349,7.96461,1.00,1.00
2017.09.13 12:04:07.429,7.96341,7.96453,1.00,1.00
2017.09.13 12:04:08.765,7.96337,7.96448,1.00,1.00
2017.09.13 12:04:09.439,7.96341,7.96452,1.00,1.00
2017.09.13 12:04:10.320,7.96337,7.96448,1.00,1.00
2017.09.13 12:04:10.371,7.96342,7.96454,1.00,1.00
2017.09.13 12:04:13.637,7.96341,7.96453,1.00,1.00
2017.09.13 12:04:16.816,7.9634,7.96452,1.00,1.00
2017.09.13 12:04:19.705,7.96351,7.96463,1.00,1.00
2017.09.13 12:04:20.009,7.96369,7.96481,1.00,1.00
2017.09.13 12:04:24.733,7.96369,7.96479,1.00,1.00
2017.09.13 12:04:28.499,7.96369,7.96481,1.00,1.00
2017.09.13 12:04:28.667,7.96368,7.96479,1.00,1.00
2017.09.13 12:04:31.096,7.96377,7.96488,1.00,1.00
2017.09.13 12:04:31.228,7.96402,7.96514,1.00,1.00
2017.09.13 12:04:31.288,7.96415,7.96526,1.00,1.00
2017.09.13 12:04:31.390,7.96419,7.96531,1.00,1.00
2017.09.13 12:04:34.688,7.96412,7.96524,1.12,1.00
2017.09.13 12:04:36.860,7.96416,7.96528,1.00,1.00
2017.09.13 12:04:38.105,7.96424,7.96534,1.00,1.00
2017.09.13 12:04:38.409,7.96447,7.96557,1.00,1.00
2017.09.13 12:04:38.491,7.96454,7.96566,1.00,1.00
2017.09.13 12:04:38.594,7.96457,7.96569,1.00,1.00
2017.09.13 12:04:40.261,7.96473,7.96585,1.00,1.00
2017.09.13 12:04:40.566,7.96467,7.96579,1.00,1.00
2017.09.13 12:04:41.035,7.96467,7.96579,1.37,1.00
2017.09.13 12:04:42.028,7.96467,7.96579,1.00,1.00
2017.09.13 12:04:42.601,7.96467,7.96575,1.00,1.00
2017.09.13 12:04:42.703,7.96452,7.96564,1.00,1.00
2017.09.13 12:04:42.754,7.96447,7.96558,1.00,1.00
2017.09.13 12:04:43.093,7.96457,7.96564,1.00,1.00
2017.09.13 12:04:43.144,7.96457,7.96568,1.00,1.00
2017.09.13 12:04:43.580,7.96441,7.96544,1.00,1.00
2017.09.13 12:04:43.631,7.96434,7.96544,1.00,1.00
2017.09.13 12:04:43.733,7.9643,7.9654,1.00,1.00
2017.09.13 12:04:44.823,7.96412,7.96512,1.12,1.00
2017.09.13 12:04:45.077,7.96402,7.96512,1.00,1.00
2017.09.13 12:04:46.419,7.96398,7.96508,1.00,1.00
2017.09.13 12:04:47.848,7.96379,7.96488,1.00,1.00
2017.09.13 12:04:47.899,7.96391,7.96502,1.00,1.00
2017.09.13 12:04:47.950,7.96397,7.96505,1.00,1.00
2017.09.13 12:04:48.625,7.96391,7.96501,1.00,1.00
2017.09.13 12:04:48.727,7.96382,7.96493,1.00,1.00
2017.09.13 12:04:48.778,7.9638,7.96491,1.00,1.00
2017.09.13 12:04:49.116,7.96371,7.96481,1.00,1.00
2017.09.13 12:04:51.843,7.96376,7.96487,1.00,1.00
2017.09.13 12:04:52.387,7.96369,7.96479,1.00,1.00
2017.09.13 12:04:54.814,7.96381,7.9649,1.00,1.00
2017.09.13 12:04:56.500,7.96385,7.96496,1.00,1.00
2017.09.13 12:05:00.438,7.96396,7.96506,1.00,1.00
2017.09.13 12:05:00.540,7.96399,7.9651,1.00,1.00
2017.09.13 12:05:01.956,7.964,7.9651,1.00,1.00
2017.09.13 12:05:02.007,7.96397,7.96506,1.00,1.00
2017.09.13 12:05:02.314,7.96392,7.96503,1.37,1.00
2017.09.13 12:05:03.580,7.96392,7.96503,1.12,1.00
2017.09.13 12:05:04.249,7.96394,7.96503,1.00,1.00
2017.09.13 12:05:06.258,7.96397,7.96507,1.00,1.00
2017.09.13 12:05:06.412,7.96392,7.96499,1.00,1.00
2017.09.13 12:05:06.564,7.96384,7.96495,1.37,1.00
2017.09.13 12:05:06.768,7.9639,7.96501,1.00,1.00
2017.09.13 12:05:06.819,7.96385,7.96496,1.12,1.00
2017.09.13 12:05:07.367,7.96386,7.96496,1.00,1.00
2017.09.13 12:05:07.671,7.96383,7.96493,1.00,1.00
2017.09.13 12:05:07.773,7.96392,7.96503,1.00,1.00
2017.09.13 12:05:10.060,7.96401,7.96512,1.00,1.00
2017.09.13 12:05:10.562,7.96392,7.96503,1.00,1.00
2017.09.13 12:05:11.102,7.96387,7.96498,1.00,1.00
2017.09.13 12:05:11.407,7.96391,7.96502,1.00,1.00
2017.09.13 12:05:12.162,7.96387,7.96498,1.00,1.00
2017.09.13 12:05:12.509,7.96383,7.96493,1.00,1.00
2017.09.13 12:05:13.762,7.96384,7.96494,1.00,1.00
2017.09.13 12:05:15.980,7.96379,7.9649,1.00,1.00
2017.09.13 12:05:16.947,7.9638,7.96491,1.00,1.00
2017.09.13 12:05:17.133,7.96383,7.96494,1.00,1.00
2017.09.13 12:05:17.440,7.9638,7.9649,1.00,1.00
2017.09.13 12:05:18.377,7.96392,7.96503,1.00,1.00
2017.09.13 12:05:18.429,7.96395,7.96506,1.00,1.00
2017.09.13 12:05:19.272,7.96394,7.96505,1.00,1.00
2017.09.13 12:05:19.632,7.96405,7.96515,1.00,1.00
2017.09.13 12:05:20.046,7.96416,7.96527,1.00,1.00
2017.09.13 12:05:20.097,7.96411,7.96522,1.00,1.00
2017.09.13 12:05:20.663,7.96409,7.9652,1.00,1.00
2017.09.13 12:05:21.027,7.96419,7.9653,1.12,1.00
2017.09.13 12:05:21.378,7.96409,7.9652,1.37,1.00
2017.09.13 12:05:21.968,7.96414,7.96525,1.37,1.00
2017.09.13 12:05:22.452,7.96413,7.96523,1.37,1.00
2017.09.13 12:05:22.888,7.96413,7.96523,1.00,1.00
2017.09.13 12:05:27.865,7.96417,7.96528,1.00,1.00
2017.09.13 12:05:28.075,7.96416,7.96527,1.37,1.00
2017.09.13 12:05:28.126,7.96422,7.96533,1.00,1.00
2017.09.13 12:05:28.792,7.9642,7.96531,1.00,1.00
2017.09.13 12:05:29.549,7.96423,7.96534,1.00,1.00
2017.09.13 12:05:29.867,7.96427,7.96536,1.00,1.00
2017.09.13 12:05:29.918,7.96435,7.96546,1.00,1.00
2017.09.13 12:05:29.969,7.96439,7.96547,1.00,1.00
2017.09.13 12:05:30.020,7.96443,7.96553,1.00,1.00
2017.09.13 12:05:30.223,7.96438,7.96549,1.00,1.00
2017.09.13 12:05:30.275,7.96443,7.96553,1.00,1.00
2017.09.13 12:05:30.652,7.96464,7.96562,1.00,1.00
2017.09.13 12:05:30.702,7.96464,7.96573,1.00,1.00
2017.09.13 12:05:31.160,7.96474,7.96573,1.00,1.00
2017.09.13 12:05:31.402,7.96494,7.96605,1.00,1.00
2017.09.13 12:05:31.453,7.96503,7.96614,1.00,1.00
2017.09.13 12:05:31.769,7.96524,7.96633,1.00,1.00
2017.09.13 12:05:31.972,7.96522,7.96633,1.00,1.00
2017.09.13 12:05:32.919,7.96511,7.96622,1.37,1.00
2017.09.13 12:05:33.582,7.96505,7.96614,1.37,1.00
2017.09.13 12:05:33.835,7.96485,7.96603,1.52,1.00
2017.09.13 12:05:33.886,7.96485,7.96574,1.00,1.00
2017.09.13 12:05:33.937,7.96462,7.96573,1.37,1.00
2017.09.13 12:05:33.988,7.9645,7.9656,1.37,1.00
2017.09.13 12:05:34.040,7.9645,7.9656,1.00,1.00
2017.09.13 12:05:34.318,7.96446,7.96557,1.00,1.00
2017.09.13 12:05:35.143,7.9644,7.96551,1.00,1.00
2017.09.13 12:05:36.602,7.96444,7.96554,1.00,1.00
2017.09.13 12:05:40.019,7.9644,7.9655,1.00,1.00
2017.09.13 12:05:42.328,7.96434,7.96545,1.00,1.00
2017.09.13 12:05:42.481,7.9643,7.96538,1.52,1.00
2017.09.13 12:05:42.662,7.96423,7.96534,1.50,1.00
2017.09.13 12:05:42.764,7.96423,7.96525,1.00,1.00
2017.09.13 12:05:43.017,7.96409,7.96513,1.00,1.00
2017.09.13 12:05:43.594,7.96408,7.96513,1.00,1.00
2017.09.13 12:05:43.856,7.96407,7.96515,1.00,1.00
2017.09.13 12:05:43.907,7.96407,7.965,1.00,1.00
2017.09.13 12:05:44.009,7.964,7.96496,1.00,1.00
2017.09.13 12:05:44.060,7.96387,7.96488,1.00,1.00
2017.09.13 12:05:44.189,7.96384,7.96488,1.00,1.00
2017.09.13 12:05:44.310,7.96377,7.96488,1.00,1.00
2017.09.13 12:05:46.606,7.96377,7.96488,1.37,1.00
2017.09.13 12:05:47.001,7.96379,7.9649,1.37,1.00
2017.09.13 12:05:47.871,7.96379,7.9649,1.00,1.00
2017.09.13 12:05:49.332,7.96374,7.96491,1.00,1.00
2017.09.13 12:05:51.456,7.96382,7.96506,1.00,1.00
2017.09.13 12:05:51.509,7.96382,7.96512,1.50,1.00
2017.09.13 12:05:51.560,7.96388,7.96518,1.00,1.00
2017.09.13 12:05:51.868,7.96401,7.96518,1.00,1.00
2017.09.13 12:05:52.450,7.96407,7.96518,1.37,1.00
2017.09.13 12:05:53.329,7.96411,7.96518,1.00,1.00
2017.09.13 12:05:53.910,7.9641,7.96518,1.00,1.00
2017.09.13 12:05:54.319,7.96412,7.96518,1.00,1.00
2017.09.13 12:05:54.648,7.9641,7.96518,1.00,1.00
2017.09.13 12:05:55.638,7.96411,7.96518,1.00,1.00
2017.09.13 12:05:56.738,7.96412,7.96518,1.00,1.00
2017.09.13 12:05:57.728,7.96413,7.96518,1.00,1.00
2017.09.13 12:05:57.779,7.96413,7.96523,1.00,1.00
2017.09.13 12:05:57.931,7.96413,7.96526,1.00,1.00
2017.09.13 12:05:58.083,7.96414,7.9653,1.00,1.00
2017.09.13 12:05:58.829,7.96415,7.9653,1.00,1.00
2017.09.13 12:05:59.311,7.96432,7.9653,1.00,1.00
2017.09.13 12:05:59.599,7.96429,7.9653,1.00,1.00
2017.09.13 12:05:59.929,7.96423,7.9653,1.00,1.00
2017.09.13 12:06:00.258,7.96421,7.9653,1.00,1.00
2017.09.13 12:06:00.527,7.96418,7.9653,1.00,1.00
2017.09.13 12:06:01.028,7.96415,7.9653,1.00,1.00
2017.09.13 12:06:02.031,7.96415,7.96531,1.00,1.00
2017.09.13 12:06:02.495,7.96422,7.9655,1.00,1.00
2017.09.13 12:06:02.546,7.96424,7.9655,1.00,1.00
2017.09.13 12:06:02.599,7.96429,7.96556,1.00,1.00
2017.09.13 12:06:02.651,7.96435,7.96546,1.00,1.00
2017.09.13 12:06:02.754,7.96435,7.96554,1.00,1.00
2017.09.13 12:06:02.805,7.96422,7.96547,1.00,1.00
2017.09.13 12:06:02.856,7.96428,7.96555,1.00,1.00
2017.09.13 12:06:03.008,7.96433,7.96555,1.00,1.00
2017.09.13 12:06:03.510,7.96433,7.96555,1.37,1.00
2017.09.13 12:06:07.578,7.96433,7.96556,1.37,1.00
2017.09.13 12:06:07.941,7.96433,7.96551,1.37,1.00
2017.09.13 12:06:10.161,7.96433,7.96555,1.37,1.00
2017.09.13 12:06:10.262,7.96433,7.96558,1.37,1.00
2017.09.13 12:06:11.911,7.96433,7.96559,1.37,1.00
2017.09.13 12:06:12.025,7.96436,7.96564,1.75,1.00
2017.09.13 12:06:12.370,7.96441,7.96566,1.27,1.00
2017.09.13 12:06:13.786,7.96458,7.96586,1.37,1.00
2017.09.13 12:06:13.837,7.96454,7.96582,1.37,1.00
2017.09.13 12:06:13.939,7.9646,7.96589,1.90,1.00
2017.09.13 12:06:14.691,7.96461,7.96589,1.27,1.00
2017.09.13 12:06:15.106,7.96464,7.96593,1.75,1.00
2017.09.13 12:06:15.208,7.96468,7.96597,1.37,1.00
2017.09.13 12:06:15.701,7.96466,7.96593,1.75,1.00
2017.09.13 12:06:16.059,7.96466,7.96593,2.25,1.00
2017.09.13 12:06:17.034,7.96476,7.96597,1.37,1.00
2017.09.13 12:06:17.085,7.96476,7.96601,1.37,1.00
2017.09.13 12:06:17.136,7.96479,7.96605,1.37,1.00
2017.09.13 12:06:17.266,7.96482,7.96611,1.37,1.00
2017.09.13 12:06:17.317,7.96495,7.96623,1.75,1.00
2017.09.13 12:06:17.368,7.96499,7.96628,1.75,1.00
2017.09.13 12:06:19.392,7.96506,7.96632,1.37,1.00
2017.09.13 12:06:20.067,7.96506,7.96632,1.75,1.00
2017.09.13 12:06:20.219,7.96521,7.96648,1.37,1.00
2017.09.13 12:06:21.066,7.96543,7.96654,1.75,1.00
2017.09.13 12:06:21.117,7.96562,7.96674,1.37,1.00
2017.09.13 12:06:21.218,7.96581,7.96692,1.00,1.00
2017.09.13 12:06:21.269,7.96591,7.96702,1.00,1.00
2017.09.13 12:06:21.576,7.966,7.96711,1.00,1.00
2017.09.13 12:06:22.084,7.9661,7.96719,1.00,1.00
2017.09.13 12:06:23.218,7.96602,7.96714,1.00,1.00
2017.09.13 12:06:23.269,7.96598,7.9671,1.00,1.00
2017.09.13 12:06:24.075,7.9658,7.96692,1.00,1.00
2017.09.13 12:06:24.395,7.96578,7.96689,1.37,1.00
2017.09.13 12:06:25.059,7.96585,7.96696,1.00,1.00
2017.09.13 12:06:25.110,7.9659,7.96702,1.00,1.00
2017.09.13 12:06:25.212,7.9658,7.96691,1.00,1.00
2017.09.13 12:06:25.516,7.96571,7.96683,1.37,1.00
2017.09.13 12:06:25.802,7.96576,7.96687,1.37,1.00
2017.09.13 12:06:25.853,7.96579,7.96691,1.37,1.00
2017.09.13 12:06:25.904,7.96586,7.96697,1.00,1.00
2017.09.13 12:06:26.382,7.96578,7.96689,1.37,1.00
2017.09.13 12:06:26.687,7.96585,7.96696,1.12,1.00
2017.09.13 12:06:26.831,7.96581,7.96692,1.37,1.00
2017.09.13 12:06:26.933,7.9659,7.96701,1.00,1.00
2017.09.13 12:06:27.034,7.96597,7.96708,1.00,1.00
2017.09.13 12:06:27.288,7.96601,7.96713,1.00,1.00
2017.09.13 12:06:27.729,7.96607,7.96719,1.00,1.00
2017.09.13 12:06:28.033,7.96616,7.96727,1.00,1.00
2017.09.13 12:06:28.353,7.96619,7.96731,1.00,1.00
2017.09.13 12:06:28.404,7.96625,7.96737,1.00,1.00
2017.09.13 12:06:28.749,7.96639,7.9675,1.00,1.00
2017.09.13 12:06:29.071,7.96635,7.96746,1.00,1.00
2017.09.13 12:06:30.122,7.96632,7.96743,1.00,1.00
2017.09.13 12:06:30.732,7.96628,7.9674,1.00,1.00
2017.09.13 12:06:30.935,7.96624,7.96735,1.00,1.00
2017.09.13 12:06:31.270,7.96628,7.96739,1.00,1.00
2017.09.13 12:06:31.426,7.96623,7.96735,1.00,1.00
2017.09.13 12:06:31.582,7.9664,7.96751,1.00,1.00
2017.09.13 12:06:32.128,7.96642,7.96754,1.00,1.00
2017.09.13 12:06:34.448,7.96648,7.96759,1.00,1.00
2017.09.13 12:06:35.144,7.96641,7.96751,1.00,1.00
2017.09.13 12:06:35.195,7.96636,7.96747,1.00,1.00
2017.09.13 12:06:35.347,7.96631,7.96742,1.12,1.00
2017.09.13 12:06:36.183,7.96621,7.96732,1.00,1.00
2017.09.13 12:06:36.772,7.96617,7.96727,1.00,1.00
2017.09.13 12:06:37.078,7.96607,7.96719,1.12,1.00
2017.09.13 12:06:37.602,7.96609,7.96721,1.00,1.00
2017.09.13 12:06:38.429,7.96616,7.96727,1.00,1.00
2017.09.13 12:06:41.082,7.96626,7.96737,1.00,1.00
2017.09.13 12:06:41.271,7.96634,7.96746,1.00,1.00
2017.09.13 12:06:42.033,7.96641,7.9675,1.00,1.00
2017.09.13 12:06:42.134,7.96641,7.96753,1.00,1.00
2017.09.13 12:06:42.513,7.96632,7.96743,1.00,1.00
2017.09.13 12:06:43.628,7.9663,7.96742,1.00,1.00
2017.09.13 12:06:44.026,7.96625,7.9673,1.37,1.00
2017.09.13 12:06:44.330,7.96609,7.96711,1.37,1.00
2017.09.13 12:06:45.103,7.966,7.96711,1.00,1.00
2017.09.13 12:06:48.690,7.96616,7.96728,1.00,1.00
2017.09.13 12:06:48.741,7.96622,7.96731,1.00,1.00
2017.09.13 12:06:49.486,7.96622,7.96734,1.00,1.00
2017.09.13 12:06:49.640,7.96619,7.9673,1.00,1.00
2017.09.13 12:06:50.998,7.96619,7.96728,1.00,1.00
2017.09.13 12:06:54.526,7.9664,7.96751,1.37,1.00
2017.09.13 12:06:54.627,7.96645,7.96756,1.37,1.00
2017.09.13 12:06:56.523,7.9664,7.96751,1.37,1.00
2017.09.13 12:06:56.575,7.96645,7.96757,1.37,1.00
2017.09.13 12:06:57.135,7.9665,7.96761,1.00,1.00
2017.09.13 12:06:58.972,7.96647,7.96759,1.00,1.00
2017.09.13 12:07:01.302,7.96651,7.96763,1.00,1.00
2017.09.13 12:07:02.140,7.96648,7.9676,1.00,1.00
2017.09.13 12:07:02.471,7.96665,7.96776,1.00,1.00
2017.09.13 12:07:02.976,7.96664,7.96776,1.00,1.00
2017.09.13 12:07:03.288,7.96645,7.96755,1.37,1.00
2017.09.13 12:07:03.615,7.96635,7.96746,1.37,1.00
2017.09.13 12:07:03.759,7.96638,7.9675,1.37,1.00
2017.09.13 12:07:04.089,7.96638,7.9675,1.00,1.00
2017.09.13 12:07:06.576,7.96631,7.96743,1.00,1.00
2017.09.13 12:07:06.912,7.96637,7.96748,1.00,1.00
2017.09.13 12:07:10.673,7.96631,7.96742,1.00,1.00
2017.09.13 12:07:10.977,7.9661,7.96722,1.37,1.00
2017.09.13 12:07:11.078,7.9661,7.96722,1.00,1.00
2017.09.13 12:07:11.129,7.96596,7.96705,1.12,1.00
2017.09.13 12:07:11.319,7.96596,7.96707,1.12,1.00
2017.09.13 12:07:11.671,7.96599,7.9671,1.00,1.00
2017.09.13 12:07:13.076,7.96603,7.96714,1.00,1.00
2017.09.13 12:07:13.416,7.96618,7.96729,1.00,1.00
2017.09.13 12:07:13.721,7.96623,7.96734,1.00,1.00
2017.09.13 12:07:17.002,7.96619,7.9673,1.00,1.00
2017.09.13 12:07:19.512,7.9662,7.96731,1.00,1.00
2017.09.13 12:07:21.695,7.96631,7.96742,1.00,1.00
2017.09.13 12:07:23.675,7.96645,7.96756,1.00,1.00
2017.09.13 12:07:23.990,7.96666,7.96777,1.00,1.00
2017.09.13 12:07:25.391,7.96683,7.96794,1.75,1.00
2017.09.13 12:07:25.442,7.96726,7.96837,1.37,1.00
2017.09.13 12:07:25.493,7.96748,7.96859,1.00,1.00
2017.09.13 12:07:25.781,7.96759,7.96869,1.00,1.00
2017.09.13 12:07:26.085,7.96768,7.96878,1.37,1.00
2017.09.13 12:07:27.712,7.96768,7.96878,1.37,1.00
2017.09.13 12:07:27.764,7.96773,7.96881,1.37,1.00
2017.09.13 12:07:28.420,7.96766,7.96877,1.37,1.00
2017.09.13 12:07:28.631,7.96755,7.96865,1.00,1.00
2017.09.13 12:07:29.065,7.96753,7.96862,1.00,1.00
2017.09.13 12:07:29.689,7.96753,7.96862,1.37,1.00
2017.09.13 12:07:30.559,7.96756,7.96867,1.37,1.00
2017.09.13 12:07:30.610,7.9676,7.9687,1.00,1.00
2017.09.13 12:07:31.765,7.96761,7.96872,1.00,1.00
2017.09.13 12:07:31.922,7.96761,7.96872,1.37,1.00
2017.09.13 12:07:33.926,7.96761,7.96874,1.37,1.00
2017.09.13 12:07:34.542,7.96757,7.96869,1.37,1.00
2017.09.13 12:07:34.970,7.96765,7.96878,1.00,1.00
2017.09.13 12:07:35.021,7.96762,7.96875,1.37,1.00
2017.09.13 12:07:35.072,7.96765,7.96878,1.00,1.00
2017.09.13 12:07:35.174,7.96761,7.96874,1.37,1.00
2017.09.13 12:07:35.518,7.9675,7.96864,1.37,1.00
2017.09.13 12:07:36.073,7.9675,7.96864,1.12,1.00
2017.09.13 12:07:37.715,7.9675,7.96864,1.37,1.00
2017.09.13 12:07:38.071,7.96756,7.96869,1.00,1.00
2017.09.13 12:07:38.233,7.96763,7.96876,1.00,1.00
2017.09.13 12:07:38.537,7.96767,7.9688,1.00,1.00
2017.09.13 12:07:39.039,7.96766,7.96879,1.00,1.00
2017.09.13 12:07:39.808,7.96766,7.96879,1.37,1.00
2017.09.13 12:07:42.066,7.96781,7.96893,1.00,1.00
2017.09.13 12:07:42.167,7.96847,7.96961,1.00,1.50
2017.09.13 12:07:42.218,7.96829,7.96942,1.00,1.00
2017.09.13 12:07:42.546,7.96811,7.96924,1.00,1.00
2017.09.13 12:07:44.696,7.968,7.96913,1.37,1.00
2017.09.13 12:07:44.747,7.96788,7.96901,1.00,1.00
2017.09.13 12:07:44.798,7.96793,7.96904,1.00,1.00
2017.09.13 12:07:44.849,7.96784,7.96897,1.00,1.00
2017.09.13 12:07:44.950,7.96771,7.96885,1.37,1.00
2017.09.13 12:07:45.273,7.96769,7.96883,1.37,1.00
2017.09.13 12:07:46.030,7.96769,7.96883,1.37,1.00
2017.09.13 12:07:46.296,7.96776,7.96889,1.12,1.00
2017.09.13 12:07:47.242,7.96778,7.96891,1.00,1.00
2017.09.13 12:07:52.246,7.96792,7.96905,1.00,1.00
2017.09.13 12:07:52.551,7.968,7.96913,1.00,1.00
2017.09.13 12:07:54.974,7.96809,7.96922,1.00,1.00
2017.09.13 12:07:56.601,7.96799,7.96913,1.37,1.00
2017.09.13 12:07:56.652,7.96808,7.96921,1.00,1.00
2017.09.13 12:07:58.223,7.96808,7.96921,1.37,1.00
2017.09.13 12:07:59.103,7.96807,7.9692,1.37,1.00
2017.09.13 12:07:59.568,7.96799,7.96912,1.37,1.00
2017.09.13 12:07:59.619,7.96795,7.96908,1.37,1.00
2017.09.13 12:08:02.317,7.96797,7.9691,1.37,1.00
2017.09.13 12:08:04.602,7.96801,7.96914,1.37,1.00
2017.09.13 12:08:07.392,7.96812,7.96925,1.00,1.00
2017.09.13 12:08:07.443,7.96812,7.96926,1.37,1.00
2017.09.13 12:08:07.867,7.9681,7.96924,1.37,1.00
2017.09.13 12:08:08.082,7.96815,7.96928,1.12,1.00
2017.09.13 12:08:10.570,7.96811,7.96924,1.00,1.00
2017.09.13 12:08:10.962,7.96815,7.96928,1.00,1.00
2017.09.13 12:08:13.643,7.96811,7.96924,1.00,1.00
2017.09.13 12:08:14.155,7.96815,7.96928,1.00,1.00
2017.09.13 12:08:14.921,7.96806,7.96919,1.37,1.00
2017.09.13 12:08:17.912,7.96806,7.96919,1.37,1.00
2017.09.13 12:08:18.771,7.96795,7.96909,1.37,1.00
2017.09.13 12:08:18.822,7.96813,7.96927,1.00,1.00
2017.09.13 12:08:18.873,7.96806,7.96919,1.37,1.00
2017.09.13 12:08:18.924,7.96814,7.96927,1.00,1.00
2017.09.13 12:08:19.076,7.96809,7.96922,1.37,1.00
2017.09.13 12:08:19.534,7.96802,7.96915,1.37,1.00
2017.09.13 12:08:19.835,7.96798,7.96911,1.37,1.00
2017.09.13 12:08:20.200,7.968,7.96913,1.37,1.00
2017.09.13 12:08:21.147,7.96799,7.96912,1.37,1.00
2017.09.13 12:08:21.305,7.96804,7.96915,1.12,1.00
2017.09.13 12:08:21.718,7.96804,7.96915,1.37,1.00
2017.09.13 12:08:22.812,7.96799,7.96913,1.37,1.00
2017.09.13 12:08:23.058,7.96799,7.96913,1.37,1.00
2017.09.13 12:08:23.917,7.96799,7.96912,1.37,1.00
2017.09.13 12:08:27.780,7.96794,7.96906,1.37,1.00
2017.09.13 12:08:28.880,7.96795,7.96904,1.37,1.00
2017.09.13 12:08:29.203,7.9679,7.96902,1.37,1.00
2017.09.13 12:08:31.059,7.96796,7.96908,1.37,1.00
2017.09.13 12:08:31.110,7.968,7.96911,1.37,1.00
2017.09.13 12:08:31.838,7.96814,7.96926,1.00,1.00
2017.09.13 12:08:31.940,7.96818,7.9693,1.00,1.00
2017.09.13 12:08:32.274,7.96827,7.96938,1.37,1.00
2017.09.13 12:08:32.730,7.96816,7.96928,1.37,1.00
2017.09.13 12:08:33.034,7.96814,7.96926,1.37,1.00
2017.09.13 12:08:33.647,7.96814,7.96926,1.37,1.00
2017.09.13 12:08:34.037,7.9682,7.96932,1.37,1.00
2017.09.13 12:08:34.088,7.96825,7.96937,1.00,1.00
2017.09.13 12:08:34.663,7.96829,7.96939,1.00,1.00
2017.09.13 12:08:35.137,7.96819,7.96931,1.37,1.00
2017.09.13 12:08:36.582,7.96819,7.96931,1.37,1.00
2017.09.13 12:08:38.229,7.96814,7.96925,1.37,1.00
2017.09.13 12:08:42.507,7.96832,7.96943,1.37,1.00
2017.09.13 12:08:43.666,7.96832,7.96943,1.00,1.00
2017.09.13 12:08:44.182,7.96833,7.96945,1.00,1.00
2017.09.13 12:08:44.649,7.96818,7.9693,1.37,1.00
2017.09.13 12:08:44.963,7.96821,7.96933,1.37,1.00
2017.09.13 12:08:45.625,7.96821,7.96933,1.00,1.00
2017.09.13 12:08:45.726,7.96812,7.96923,1.00,1.00
2017.09.13 12:08:47.409,7.96813,7.96924,1.00,1.00
2017.09.13 12:08:48.974,7.96819,7.96931,1.00,1.00
2017.09.13 12:08:49.076,7.96827,7.96939,1.00,1.00
2017.09.13 12:08:49.692,7.96819,7.96931,1.00,1.00
2017.09.13 12:08:50.000,7.9681,7.96922,1.00,1.00
2017.09.13 12:08:50.304,7.96819,7.96931,1.00,1.00
2017.09.13 12:08:51.843,7.96816,7.96927,1.00,1.00
2017.09.13 12:08:52.185,7.96812,7.96923,1.00,1.00
2017.09.13 12:08:52.501,7.96816,7.96927,1.00,1.00
2017.09.13 12:08:52.872,7.96814,7.96925,1.00,1.00
2017.09.13 12:08:53.909,7.96827,7.96938,1.00,1.00
2017.09.13 12:08:57.069,7.96819,7.9693,1.00,1.00
2017.09.13 12:08:57.120,7.96813,7.96925,1.00,1.00
2017.09.13 12:08:57.428,7.96826,7.96938,1.00,1.00
2017.09.13 12:08:57.732,7.96813,7.96924,1.00,1.00
2017.09.13 12:08:59.229,7.96813,7.96925,1.00,1.00
2017.09.13 12:09:02.727,7.96813,7.96924,1.00,1.00
2017.09.13 12:09:04.433,7.96806,7.96917,1.00,1.00
2017.09.13 12:09:04.739,7.96769,7.9688,1.00,1.00
2017.09.13 12:09:05.046,7.96748,7.96859,1.00,1.00
2017.09.13 12:09:05.566,7.96741,7.9685,1.00,1.00
2017.09.13 12:09:05.668,7.96736,7.96847,1.00,1.00
2017.09.13 12:09:07.919,7.9674,7.96851,1.00,1.00
2017.09.13 12:09:08.295,7.96748,7.96859,1.00,1.00
2017.09.13 12:09:08.447,7.96753,7.96865,1.00,1.00
2017.09.13 12:09:10.175,7.96747,7.96859,1.00,1.00
2017.09.13 12:09:14.140,7.96744,7.96855,1.00,1.00
2017.09.13 12:09:14.487,7.96749,7.9686,1.00,1.00
2017.09.13 12:09:16.202,7.96754,7.96865,1.00,1.00
2017.09.13 12:09:17.422,7.96751,7.96863,1.00,1.00
2017.09.13 12:09:18.938,7.96755,7.96866,1.00,1.00
2017.09.13 12:09:19.752,7.96753,7.96864,1.00,1.00
2017.09.13 12:09:20.226,7.96756,7.96867,1.00,1.00
2017.09.13 12:09:20.567,7.96735,7.96846,1.00,1.00
2017.09.13 12:09:20.668,7.96734,7.96853,1.00,1.00
2017.09.13 12:09:20.719,7.96746,7.96857,1.00,1.00
2017.09.13 12:09:20.821,7.9675,7.96862,1.00,1.00
2017.09.13 12:09:20.872,7.96755,7.96867,1.00,1.00
2017.09.13 12:09:21.176,7.96762,7.96873,1.00,1.00
2017.09.13 12:09:21.529,7.96746,7.96857,1.00,1.00
2017.09.13 12:09:21.857,7.96742,7.96853,1.00,1.00
2017.09.13 12:09:22.932,7.96742,7.96854,1.00,1.00
2017.09.13 12:09:26.251,7.96738,7.9685,1.00,1.00
2017.09.13 12:09:26.554,7.9676,7.96872,1.00,1.00
2017.09.13 12:09:26.876,7.96765,7.96876,1.00,1.00
2017.09.13 12:09:29.272,7.96763,7.96874,1.00,1.00
2017.09.13 12:09:32.027,7.96757,7.96868,1.00,1.00
2017.09.13 12:09:32.128,7.9676,7.96872,1.00,1.00
2017.09.13 12:09:32.179,7.96765,7.96876,1.00,1.00
2017.09.13 12:09:32.492,7.96756,7.96867,1.00,1.00
2017.09.13 12:09:32.832,7.96753,7.96864,1.00,1.00
2017.09.13 12:09:32.984,7.96757,7.96869,1.00,1.00
2017.09.13 12:09:33.722,7.96784,7.96887,1.00,1.00
2017.09.13 12:09:33.908,7.96816,7.96927,1.00,1.50
2017.09.13 12:09:34.000,7.96824,7.96935,1.00,1.00
2017.09.13 12:09:34.305,7.96796,7.96906,1.00,1.00
2017.09.13 12:09:34.356,7.968,7.96911,1.00,1.00
2017.09.13 12:09:35.378,7.96804,7.96915,1.00,1.00
2017.09.13 12:09:35.721,7.9681,7.96919,1.00,1.00
2017.09.13 12:09:37.967,7.96813,7.96924,1.00,1.00
2017.09.13 12:09:40.170,7.96816,7.96927,1.00,1.00
2017.09.13 12:09:40.557,7.96813,7.96924,1.00,1.00
2017.09.13 12:09:43.409,7.96819,7.9693,1.00,1.00
2017.09.13 12:09:44.302,7.96818,7.96929,1.00,1.00
2017.09.13 12:09:44.621,7.96822,7.96933,1.00,1.00
2017.09.13 12:09:44.957,7.96814,7.96925,1.00,1.00
2017.09.13 12:09:46.170,7.9681,7.96921,1.00,1.00
2017.09.13 12:09:46.916,7.96801,7.96912,1.00,1.00
2017.09.13 12:09:47.445,7.96801,7.96911,1.00,1.00
2017.09.13 12:09:49.812,7.96799,7.9691,1.00,1.00
2017.09.13 12:09:51.116,7.96807,7.96918,1.00,1.00
2017.09.13 12:09:51.478,7.9681,7.96921,1.00,1.00
2017.09.13 12:09:59.332,7.96811,7.96923,1.00,1.00
2017.09.13 12:10:00.038,7.96811,7.96922,1.00,1.00
2017.09.13 12:10:00.403,7.96808,7.96919,1.00,1.00
2017.09.13 12:10:00.711,7.96812,7.96923,1.00,1.00
2017.09.13 12:10:01.112,7.96808,7.96916,1.00,1.00
2017.09.13 12:10:01.748,7.96808,7.9692,1.00,1.00
2017.09.13 12:10:04.838,7.96813,7.96922,1.00,1.00
2017.09.13 12:10:08.019,7.96809,7.9692,1.00,1.00
2017.09.13 12:10:10.446,7.96798,7.96909,1.00,1.00
2017.09.13 12:10:14.102,7.96804,7.96915,1.00,1.00
2017.09.13 12:10:14.153,7.96801,7.96913,1.00,1.00
2017.09.13 12:10:14.254,7.96798,7.96909,1.00,1.00
2017.09.13 12:10:15.943,7.96789,7.969,1.00,1.00
2017.09.13 12:10:17.538,7.96789,7.96901,1.00,1.00
2017.09.13 12:10:19.869,7.96793,7.96903,1.00,1.00
2017.09.13 12:10:20.700,7.96803,7.96915,1.00,1.00
2017.09.13 12:10:20.903,7.96807,7.96918,1.00,1.00
2017.09.13 12:10:21.993,7.96815,7.96926,1.00,1.00
2017.09.13 12:10:23.093,7.96815,7.96927,1.00,1.00
2017.09.13 12:10:23.395,7.96794,7.96905,1.00,1.00
2017.09.13 12:10:23.446,7.96798,7.9691,1.00,1.00
2017.09.13 12:10:23.497,7.9679,7.96901,1.00,1.00
2017.09.13 12:10:23.836,7.96784,7.96894,1.00,1.00
2017.09.13 12:10:24.090,7.9686,7.96972,1.00,1.00
2017.09.13 12:10:24.141,7.96857,7.96968,1.00,1.00
2017.09.13 12:10:24.242,7.96846,7.96958,1.00,1.00
2017.09.13 12:10:24.344,7.96852,7.96964,1.00,1.00
2017.09.13 12:10:24.676,7.96851,7.96962,1.00,1.00
2017.09.13 12:10:24.862,7.96844,7.96956,1.00,1.00
2017.09.13 12:10:25.093,7.96852,7.96964,1.00,1.00
2017.09.13 12:10:25.396,7.9686,7.96972,1.00,1.00
2017.09.13 12:10:25.855,7.96856,7.96968,1.00,1.00
2017.09.13 12:10:26.293,7.96873,7.96982,1.00,1.50
2017.09.13 12:10:26.344,7.96872,7.96984,1.00,1.00
2017.09.13 12:10:26.523,7.96876,7.96987,1.00,1.00
2017.09.13 12:10:29.252,7.96872,7.96983,1.00,1.00
2017.09.13 12:10:29.899,7.96876,7.96987,1.00,1.00
2017.09.13 12:10:31.463,7.96874,7.96985,1.00,1.00
2017.09.13 12:10:31.665,7.96884,7.96996,1.00,1.00
2017.09.13 12:10:32.567,7.96885,7.96997,1.00,1.00
2017.09.13 12:10:34.898,7.96886,7.96995,1.00,1.00
2017.09.13 12:10:35.954,7.96881,7.96993,1.00,1.00
2017.09.13 12:10:44.418,7.96882,7.96993,1.00,1.00
2017.09.13 12:10:44.911,7.96885,7.96996,1.00,1.00
2017.09.13 12:10:45.215,7.96887,7.96998,1.00,1.00
2017.09.13 12:10:47.627,7.96886,7.96997,1.00,1.00
2017.09.13 12:10:48.866,7.96881,7.96994,1.00,1.00
2017.09.13 12:10:52.537,7.96886,7.97,1.00,1.00
2017.09.13 12:10:52.639,7.96882,7.96996,1.00,1.00
2017.09.13 12:10:52.971,7.96847,7.9696,1.00,1.00
2017.09.13 12:10:53.275,7.96852,7.96965,1.00,1.00
2017.09.13 12:10:53.810,7.96855,7.96968,1.00,1.00
2017.09.13 12:10:54.183,7.96859,7.96972,1.00,1.00
2017.09.13 12:11:01.685,7.96854,7.96967,1.00,1.00
2017.09.13 12:11:02.014,7.9684,7.96953,1.00,1.00
2017.09.13 12:11:02.628,7.96841,7.96954,1.00,1.00
2017.09.13 12:11:04.958,7.96831,7.96959,1.00,1.00
2017.09.13 12:11:08.152,7.96832,7.96957,1.00,1.00
2017.09.13 12:11:13.112,7.96818,7.96955,1.00,1.00
2017.09.13 12:11:16.630,7.9683,7.96943,1.00,1.00
2017.09.13 12:11:19.662,7.96843,7.96956,1.00,1.00
2017.09.13 12:11:23.168,7.96837,7.9695,1.00,1.00
2017.09.13 12:11:26.679,7.96845,7.96959,1.00,1.00
2017.09.13 12:11:29.508,7.96846,7.96959,1.00,1.00
2017.09.13 12:11:35.020,7.96844,7.96957,1.00,1.00
2017.09.13 12:11:45.353,7.96836,7.96949,1.00,1.00
2017.09.13 12:11:45.615,7.96724,7.96838,1.00,1.00
2017.09.13 12:11:50.048,7.96723,7.96836,1.00,1.00
2017.09.13 12:11:50.712,7.96745,7.96847,1.00,1.00
2017.09.13 12:11:50.763,7.96745,7.96849,1.00,1.00
2017.09.13 12:11:50.864,7.96747,7.96861,1.00,1.00
2017.09.13 12:11:50.966,7.96745,7.96851,1.00,1.00
2017.09.13 12:11:51.017,7.96745,7.96855,1.00,1.00
2017.09.13 12:11:51.118,7.96746,7.96859,1.00,1.00
2017.09.13 12:11:51.169,7.96749,7.96863,1.00,1.00
2017.09.13 12:11:51.711,7.9675,7.96863,1.00,1.00
2017.09.13 12:11:52.726,7.96743,7.96856,1.00,1.00
2017.09.13 12:11:52.878,7.96747,7.96861,1.00,1.00
2017.09.13 12:11:53.382,7.96748,7.96862,1.00,1.00
2017.09.13 12:11:57.493,7.96752,7.96866,1.00,1.00
2017.09.13 12:11:57.798,7.96776,7.96889,1.00,1.00
2017.09.13 12:11:58.154,7.96784,7.96898,1.00,1.00
2017.09.13 12:11:58.624,7.96796,7.96909,1.00,1.00
2017.09.13 12:11:58.928,7.96781,7.96892,1.00,1.00
2017.09.13 12:11:59.192,7.96769,7.96883,1.50,1.00
2017.09.13 12:11:59.960,7.96773,7.96886,1.00,1.00
2017.09.13 12:12:05.078,7.96778,7.9689,1.00,1.00
2017.09.13 12:12:08.350,7.96774,7.96885,1.00,1.00
2017.09.13 12:12:08.401,7.96767,7.9688,1.00,1.00
2017.09.13 12:12:08.503,7.96763,7.96876,1.00,1.00
2017.09.13 12:12:10.318,7.96772,7.96885,1.00,1.00
2017.09.13 12:12:11.914,7.96783,7.96896,1.00,1.00
2017.09.13 12:12:12.813,7.96773,7.96887,1.00,1.00
2017.09.13 12:12:12.863,7.9677,7.96883,1.00,1.00
2017.09.13 12:12:13.015,7.96777,7.96891,1.00,1.00
2017.09.13 12:12:13.853,7.96765,7.96878,1.00,1.00
2017.09.13 12:12:14.211,7.9677,7.96882,1.00,1.00
2017.09.13 12:12:14.384,7.96773,7.96887,1.00,1.00
2017.09.13 12:12:15.340,7.96775,7.96889,1.00,1.00
2017.09.13 12:12:17.778,7.96776,7.96887,1.00,1.00
2017.09.13 12:12:18.380,7.96786,7.96899,1.00,1.00
2017.09.13 12:12:18.532,7.96778,7.96889,1.00,1.00
2017.09.13 12:12:18.633,7.96776,7.96889,1.00,1.00
2017.09.13 12:12:18.684,7.96786,7.969,1.00,1.00
2017.09.13 12:12:18.735,7.96778,7.96891,1.00,1.00
2017.09.13 12:12:18.952,7.96786,7.969,1.00,1.00
2017.09.13 12:12:19.003,7.96801,7.96914,1.00,1.00
2017.09.13 12:12:19.304,7.96806,7.96919,1.00,1.00
2017.09.13 12:12:20.159,7.96805,7.96918,1.00,1.00
2017.09.13 12:12:23.293,7.96803,7.96917,1.00,1.00
2017.09.13 12:12:29.627,7.96805,7.96919,1.00,1.00
2017.09.13 12:12:30.416,7.96798,7.96911,1.00,1.00
2017.09.13 12:12:30.762,7.96812,7.96921,1.00,1.00
2017.09.13 12:12:30.832,7.96808,7.96921,1.00,1.00
2017.09.13 12:12:31.165,7.96796,7.96909,1.00,1.00
2017.09.13 12:12:31.266,7.96804,7.96918,1.00,1.00
2017.09.13 12:12:31.880,7.96806,7.9692,1.00,1.00
2017.09.13 12:12:32.183,7.96803,7.96917,1.00,1.00
2017.09.13 12:12:32.498,7.96786,7.969,1.00,1.00
2017.09.13 12:12:32.833,7.96789,7.96901,1.00,1.00
2017.09.13 12:12:34.006,7.96789,7.96904,1.00,1.00
2017.09.13 12:12:34.057,7.96792,7.96906,1.00,1.00
2017.09.13 12:12:35.172,7.96793,7.96906,1.00,1.00
2017.09.13 12:12:36.631,7.96788,7.96902,1.00,1.00
2017.09.13 12:12:36.682,7.96787,7.969,1.00,1.00
2017.09.13 12:12:43.218,7.96798,7.96912,1.00,1.00
2017.09.13 12:12:43.483,7.96807,7.9692,1.00,1.00
2017.09.13 12:12:44.213,7.96812,7.96925,1.00,1.00
2017.09.13 12:12:44.630,7.96817,7.9693,1.00,1.00
2017.09.13 12:12:45.231,7.96821,7.96934,1.00,1.00
2017.09.13 12:12:46.554,7.9683,7.9694,1.00,1.00
2017.09.13 12:12:46.773,7.9683,7.96944,1.00,1.00
2017.09.13 12:12:46.879,7.9683,7.96937,1.00,1.00
2017.09.13 12:12:47.841,7.96834,7.96937,1.00,1.00
2017.09.13 12:12:48.332,7.96825,7.96937,1.00,1.00
2017.09.13 12:12:48.434,7.96816,7.96929,1.00,1.00
2017.09.13 12:12:48.538,7.96825,7.96938,1.00,1.00
2017.09.13 12:12:49.111,7.96825,7.96937,1.00,1.00
2017.09.13 12:12:50.041,7.96825,7.96938,1.00,1.00
2017.09.13 12:12:50.462,7.96818,7.96931,1.00,1.00
2017.09.13 12:12:50.596,7.96815,7.96929,1.00,1.00
2017.09.13 12:12:51.135,7.96819,7.96932,1.00,1.00
2017.09.13 12:12:51.861,7.9682,7.96933,1.00,1.00
2017.09.13 12:12:53.349,7.96819,7.96932,1.00,1.00
2017.09.13 12:12:58.574,7.96837,7.96937,1.00,1.00
2017.09.13 12:12:58.625,7.96845,7.96952,1.00,1.00
2017.09.13 12:12:58.676,7.96838,7.96952,1.00,1.50
2017.09.13 12:12:58.727,7.96842,7.96956,1.00,1.00
2017.09.13 12:12:59.064,7.96861,7.96975,1.00,1.00
2017.09.13 12:12:59.688,7.96861,7.96972,1.00,1.00
2017.09.13 12:13:00.661,7.96855,7.96969,1.00,1.00
2017.09.13 12:13:00.712,7.96846,7.9696,1.00,1.00
2017.09.13 12:13:00.763,7.96842,7.9696,1.00,1.00
2017.09.13 12:13:00.865,7.96836,7.96954,1.00,1.00
2017.09.13 12:13:02.910,7.96839,7.96957,1.00,1.50
2017.09.13 12:13:03.592,7.96854,7.96969,1.00,1.00
2017.09.13 12:13:03.644,7.96869,7.96987,1.00,1.00
2017.09.13 12:13:03.695,7.96864,7.96982,1.00,1.00
2017.09.13 12:13:04.041,7.96846,7.96964,1.00,1.00
2017.09.13 12:13:05.199,7.96847,7.96963,1.00,1.00
2017.09.13 12:13:05.541,7.96857,7.9697,1.00,1.00
2017.09.13 12:13:05.593,7.96843,7.96963,1.00,1.00
2017.09.13 12:13:05.644,7.96857,7.9697,1.00,1.00
2017.09.13 12:13:06.007,7.96845,7.96964,1.00,1.00
2017.09.13 12:13:06.058,7.9686,7.96973,1.00,1.00
2017.09.13 12:13:06.109,7.9685,7.96964,1.00,1.00
2017.09.13 12:13:06.595,7.96839,7.96956,1.00,1.00
2017.09.13 12:13:07.861,7.96854,7.96971,1.00,1.00
2017.09.13 12:13:08.251,7.9685,7.96967,1.00,1.00
2017.09.13 12:13:08.404,7.96846,7.96967,1.00,1.00
2017.09.13 12:13:12.160,7.96842,7.96963,1.00,1.00
2017.09.13 12:13:12.210,7.96833,7.96955,1.00,1.00
2017.09.13 12:13:12.484,7.96838,7.9696,1.00,1.00
2017.09.13 12:13:12.961,7.9684,7.96962,1.00,1.00
2017.09.13 12:13:13.647,7.96843,7.96965,1.00,1.00
2017.09.13 12:13:13.951,7.96846,7.96968,1.00,1.00
2017.09.13 12:13:14.621,7.96847,7.96969,1.00,1.00
2017.09.13 12:13:16.073,7.96851,7.96972,1.00,1.00
2017.09.13 12:13:17.510,7.96862,7.96983,1.00,1.00
2017.09.13 12:13:18.774,7.96866,7.96987,1.00,1.00
2017.09.13 12:13:18.876,7.96895,7.97017,1.00,1.00
2017.09.13 12:13:19.079,7.96897,7.97018,1.00,1.00
2017.09.13 12:13:20.229,7.96888,7.97018,1.00,1.00
2017.09.13 12:13:21.065,7.96884,7.97014,1.00,1.00
2017.09.13 12:13:23.409,7.96888,7.97014,1.00,1.00
2017.09.13 12:13:29.748,7.9689,7.97016,1.00,1.00
2017.09.13 12:13:31.924,7.96894,7.97008,1.00,1.00
2017.09.13 12:13:35.258,7.96892,7.97016,1.00,1.00
2017.09.13 12:13:38.439,7.96894,7.97007,1.00,1.00
2017.09.13 12:13:40.470,7.96898,7.97009,1.00,1.00
2017.09.13 12:13:40.521,7.96906,7.97018,1.00,1.00
2017.09.13 12:13:40.698,7.96896,7.97006,1.00,1.00
2017.09.13 12:13:41.029,7.96894,7.97004,1.00,1.00
2017.09.13 12:13:41.352,7.96902,7.97015,1.00,1.00
2017.09.13 12:13:41.676,7.96892,7.97004,1.00,1.00
2017.09.13 12:13:41.778,7.96903,7.97016,1.00,1.00
2017.09.13 12:13:41.880,7.96903,7.97014,1.00,1.00
2017.09.13 12:13:41.930,7.96894,7.97006,1.00,1.00
2017.09.13 12:13:42.234,7.969,7.97012,1.00,1.00
2017.09.13 12:13:42.578,7.9691,7.97022,1.00,1.00
2017.09.13 12:13:42.891,7.96897,7.97009,1.00,1.00
2017.09.13 12:13:43.409,7.96896,7.97008,1.00,1.00
2017.09.13 12:13:43.946,7.96897,7.97009,1.00,1.00
2017.09.13 12:13:44.330,7.96906,7.97018,1.00,1.00
2017.09.13 12:13:44.534,7.96891,7.97014,1.00,1.00
2017.09.13 12:13:44.736,7.96891,7.97012,1.00,1.00
2017.09.13 12:13:44.788,7.96892,7.97016,1.00,1.00
2017.09.13 12:13:44.889,7.96892,7.97013,1.00,1.00
2017.09.13 12:13:50.288,7.96892,7.97004,1.00,1.00
2017.09.13 12:13:51.152,7.96901,7.97013,1.00,1.00
2017.09.13 12:13:51.522,7.9691,7.97022,1.00,1.00
2017.09.13 12:13:53.186,7.9691,7.97018,1.00,1.00
2017.09.13 12:13:53.468,7.96904,7.97016,1.00,1.00
2017.09.13 12:14:02.305,7.96904,7.97012,1.00,1.00
2017.09.13 12:14:02.818,7.96901,7.97012,1.00,1.00
2017.09.13 12:14:02.919,7.96895,7.97007,1.00,1.00
2017.09.13 12:14:02.970,7.96893,7.97005,1.00,1.00
2017.09.13 12:14:03.274,7.96906,7.97018,1.00,1.00
2017.09.13 12:14:03.578,7.96914,7.97026,1.00,1.00
2017.09.13 12:14:03.920,7.96922,7.97033,1.00,1.00
2017.09.13 12:14:04.022,7.96939,7.97055,1.00,1.00
2017.09.13 12:14:04.528,7.96946,7.97058,1.00,1.00
2017.09.13 12:14:04.939,7.96955,7.97065,1.00,1.00
2017.09.13 12:14:05.076,7.96939,7.97057,1.00,1.00
2017.09.13 12:14:05.200,7.96944,7.97057,1.00,1.00
2017.09.13 12:14:05.251,7.96944,7.97063,1.00,1.00
2017.09.13 12:14:05.514,7.96944,7.97057,1.00,1.00
2017.09.13 12:14:05.621,7.96944,7.97063,1.00,1.00
2017.09.13 12:14:05.883,7.96944,7.97057,1.00,1.00
2017.09.13 12:14:07.054,7.96938,7.9705,1.00,1.00
2017.09.13 12:14:08.000,7.96938,7.97047,1.00,1.00
2017.09.13 12:14:08.533,7.96932,7.97043,1.00,1.00
2017.09.13 12:14:08.685,7.96932,7.97037,1.00,1.00
2017.09.13 12:14:08.736,7.96926,7.97038,1.00,1.00
2017.09.13 12:14:08.837,7.96938,7.97047,1.00,1.00
2017.09.13 12:14:09.227,7.96928,7.97039,1.00,1.00
2017.09.13 12:14:09.329,7.96929,7.97041,1.00,1.00
2017.09.13 12:14:09.430,7.96912,7.97036,1.00,1.00
2017.09.13 12:14:09.920,7.96931,7.97043,1.00,1.00
2017.09.13 12:14:10.267,7.96935,7.97047,1.00,1.50
2017.09.13 12:14:10.571,7.96924,7.97036,1.00,1.00
2017.09.13 12:14:10.874,7.96935,7.97047,1.00,1.00
2017.09.13 12:14:11.373,7.96935,7.9704,1.00,1.00
2017.09.13 12:14:11.925,7.9693,7.9704,1.00,1.00
2017.09.13 12:14:12.031,7.96926,7.97038,1.00,1.00
2017.09.13 12:14:12.082,7.9692,7.97032,1.00,1.00
2017.09.13 12:14:12.389,7.96924,7.97036,1.00,1.00
2017.09.13 12:14:12.701,7.96917,7.97029,1.00,1.00
2017.09.13 12:14:13.012,7.96917,7.97025,1.00,1.00
2017.09.13 12:14:13.164,7.96924,7.97039,1.00,1.00
2017.09.13 12:14:13.266,7.96924,7.97035,1.00,1.00
2017.09.13 12:14:13.587,7.96924,7.97039,1.00,1.00
2017.09.13 12:14:13.689,7.96924,7.97037,1.00,1.00
2017.09.13 12:14:13.739,7.96924,7.97039,1.00,1.00
2017.09.13 12:14:13.889,7.96924,7.97036,1.00,1.00
2017.09.13 12:14:13.941,7.96924,7.97039,1.00,1.00
2017.09.13 12:14:13.992,7.96924,7.97035,1.00,1.00
2017.09.13 12:14:14.042,7.96924,7.97039,1.00,1.00
2017.09.13 12:14:14.108,7.96924,7.97035,1.00,1.00
2017.09.13 12:14:14.810,7.96924,7.97039,1.00,1.00
2017.09.13 12:14:14.861,7.96923,7.97037,1.00,1.00
2017.09.13 12:14:15.939,7.96923,7.9703,1.00,1.00
2017.09.13 12:14:16.181,7.9692,7.97032,1.00,1.00
2017.09.13 12:14:16.703,7.9693,7.97042,1.00,1.00
2017.09.13 12:14:17.007,7.96921,7.97033,1.00,1.50
2017.09.13 12:14:17.315,7.96921,7.97027,1.00,1.00
2017.09.13 12:14:18.832,7.96913,7.97023,1.00,1.00
2017.09.13 12:14:18.984,7.9693,7.97045,1.00,1.00
2017.09.13 12:14:19.035,7.9693,7.97051,1.00,1.00
2017.09.13 12:14:19.237,7.9693,7.97043,1.00,1.00
2017.09.13 12:14:19.289,7.9693,7.97051,1.00,1.00
2017.09.13 12:14:19.390,7.9693,7.97046,1.00,1.00
2017.09.13 12:14:19.601,7.9693,7.97051,1.00,1.00
2017.09.13 12:14:19.753,7.9693,7.97041,1.00,1.00
2017.09.13 12:14:20.399,7.9693,7.97048,1.00,1.00
2017.09.13 12:14:21.347,7.9693,7.97047,1.00,1.00
2017.09.13 12:14:21.949,7.96922,7.97034,1.00,1.00
2017.09.13 12:14:22.236,7.9693,7.97044,1.00,1.00
2017.09.13 12:14:22.945,7.9693,7.97038,1.00,1.00
2017.09.13 12:14:23.529,7.96928,7.97038,1.00,1.00
2017.09.13 12:14:23.741,7.9692,7.97032,1.00,1.00
2017.09.13 12:14:23.792,7.96918,7.9703,1.00,1.00
2017.09.13 12:14:24.146,7.96928,7.9704,1.00,1.00
2017.09.13 12:14:27.413,7.96918,7.9703,1.00,1.00
2017.09.13 12:14:27.717,7.96913,7.97025,1.00,1.00
2017.09.13 12:14:28.379,7.96933,7.97045,1.00,1.00
2017.09.13 12:14:28.716,7.96943,7.97054,1.00,1.00
2017.09.13 12:14:29.198,7.96945,7.97057,1.00,1.00
2017.09.13 12:14:30.075,7.96954,7.97066,1.00,1.00
2017.09.13 12:14:31.332,7.96955,7.97066,1.00,1.00
2017.09.13 12:14:31.866,7.96955,7.97065,1.00,1.00
2017.09.13 12:14:32.165,7.96942,7.97053,1.00,1.00
2017.09.13 12:14:32.266,7.96951,7.97063,1.00,1.00
2017.09.13 12:14:33.000,7.96951,7.97057,1.00,1.00
2017.09.13 12:14:33.052,7.96942,7.97054,1.00,1.00
2017.09.13 12:14:33.160,7.96952,7.97064,1.00,1.00
2017.09.13 12:14:33.515,7.96952,7.97052,1.00,1.00
2017.09.13 12:14:33.878,7.96943,7.97052,1.00,1.00
2017.09.13 12:14:34.030,7.96943,7.97055,1.00,1.00
2017.09.13 12:14:34.132,7.96943,7.97053,1.00,1.00
2017.09.13 12:14:34.338,7.96943,7.97055,1.00,1.00
2017.09.13 12:14:34.389,7.96958,7.9707,1.00,1.00
2017.09.13 12:14:34.871,7.96976,7.97076,1.00,1.00
2017.09.13 12:14:34.973,7.96995,7.97102,1.00,1.00
2017.09.13 12:14:35.024,7.96995,7.97106,1.00,1.00
2017.09.13 12:14:35.177,7.96999,7.97111,1.00,1.00
2017.09.13 12:14:35.279,7.97007,7.97116,1.00,1.00
2017.09.13 12:14:35.381,7.97005,7.97116,1.00,1.00
2017.09.13 12:14:35.557,7.97012,7.97123,1.00,1.00
2017.09.13 12:14:35.905,7.96995,7.97107,1.00,1.00
2017.09.13 12:14:36.057,7.96998,7.9711,1.00,1.00
2017.09.13 12:14:36.361,7.96994,7.97106,1.00,1.00
2017.09.13 12:14:36.703,7.96982,7.97093,1.00,1.00
2017.09.13 12:14:36.957,7.96972,7.97084,1.00,1.00
2017.09.13 12:14:37.059,7.96977,7.97088,1.00,1.00
2017.09.13 12:14:38.558,7.96977,7.97089,1.00,1.00
2017.09.13 12:14:41.151,7.96982,7.97093,1.00,1.00
2017.09.13 12:14:41.484,7.96978,7.97089,1.00,1.00
2017.09.13 12:14:41.787,7.96986,7.97095,1.00,1.00
2017.09.13 12:14:42.153,7.96992,7.97104,1.00,1.00
2017.09.13 12:14:42.204,7.96994,7.97106,1.00,1.00
2017.09.13 12:14:42.551,7.97001,7.97109,1.00,1.00
2017.09.13 12:14:42.652,7.96998,7.97109,1.00,1.00
2017.09.13 12:14:42.703,7.97007,7.97118,1.00,1.00
2017.09.13 12:14:42.754,7.97009,7.97121,1.00,1.00
2017.09.13 12:14:42.906,7.96997,7.97109,1.00,1.00
2017.09.13 12:14:43.257,7.96995,7.97106,1.00,1.00
2017.09.13 12:14:43.308,7.96999,7.97111,1.00,1.00
2017.09.13 12:14:43.562,7.97005,7.97114,1.00,1.00
2017.09.13 12:14:43.764,7.97001,7.97112,1.00,1.00
2017.09.13 12:14:44.018,7.9701,7.9712,1.00,1.00
2017.09.13 12:14:44.142,7.97,7.97122,1.00,1.00
2017.09.13 12:14:44.193,7.97015,7.97138,1.00,1.00
2017.09.13 12:14:44.296,7.97011,7.97133,1.00,1.00
2017.09.13 12:14:44.600,7.96997,7.97106,1.00,1.00
2017.09.13 12:14:44.701,7.97,7.97111,1.00,1.00
2017.09.13 12:14:44.752,7.97001,7.97113,1.00,1.00
2017.09.13 12:14:44.803,7.96993,7.97104,1.00,1.00
2017.09.13 12:14:45.134,7.96996,7.97107,1.00,1.00
2017.09.13 12:14:45.437,7.96988,7.97099,1.00,1.00
2017.09.13 12:14:45.761,7.96996,7.97107,1.00,1.00
2017.09.13 12:14:46.066,7.96986,7.97097,1.00,1.00
2017.09.13 12:14:46.370,7.96992,7.97103,1.00,1.00
2017.09.13 12:14:46.704,7.96996,7.97107,1.00,1.00
2017.09.13 12:14:46.960,7.96986,7.97098,1.00,1.00
2017.09.13 12:14:47.277,7.96983,7.97092,1.00,1.00
2017.09.13 12:14:47.328,7.9695,7.97061,1.00,1.00
2017.09.13 12:14:47.380,7.96945,7.97056,1.00,1.00
2017.09.13 12:14:47.694,7.96948,7.97059,1.00,1.00
2017.09.13 12:14:48.003,7.96944,7.9707,1.00,1.00
2017.09.13 12:14:48.054,7.9696,7.97071,1.00,1.00
2017.09.13 12:14:48.367,7.96976,7.97085,1.00,1.00
2017.09.13 12:14:48.418,7.96966,7.97078,1.00,1.00
2017.09.13 12:14:48.539,7.9697,7.97082,1.00,1.00
2017.09.13 12:14:48.856,7.96979,7.9709,1.00,1.00
2017.09.13 12:14:49.146,7.96977,7.97094,1.00,1.00
2017.09.13 12:14:49.197,7.96993,7.97104,1.00,1.00
2017.09.13 12:14:49.299,7.96987,7.97099,1.00,1.00
2017.09.13 12:14:49.603,7.96983,7.97095,1.00,1.00
2017.09.13 12:14:49.909,7.97003,7.97115,1.00,1.00
2017.09.13 12:14:50.254,7.97012,7.97123,1.00,1.00
2017.09.13 12:14:50.408,7.97007,7.97119,1.00,1.00
2017.09.13 12:14:51.182,7.97011,7.97123,1.00,1.00
2017.09.13 12:14:51.494,7.97007,7.97119,1.00,1.00
2017.09.13 12:14:51.838,7.97031,7.97143,1.00,1.00
2017.09.13 12:14:52.142,7.97037,7.97148,1.00,1.00
2017.09.13 12:14:52.243,7.9706,7.97172,1.00,1.00
2017.09.13 12:14:52.345,7.97048,7.97159,1.00,1.00
2017.09.13 12:14:52.734,7.97052,7.97164,1.00,1.00
2017.09.13 12:14:52.785,7.97054,7.97165,1.00,1.00
2017.09.13 12:14:52.937,7.97062,7.97174,1.00,1.00
2017.09.13 12:14:53.039,7.97058,7.97169,1.00,1.00
2017.09.13 12:14:53.140,7.97053,7.97165,1.00,1.00
2017.09.13 12:14:53.192,7.97068,7.9718,1.00,1.00
2017.09.13 12:14:53.518,7.97057,7.97175,1.00,1.00
2017.09.13 12:14:53.569,7.97041,7.97159,1.00,1.00
2017.09.13 12:14:53.671,7.97044,7.97163,1.00,1.00
2017.09.13 12:14:53.723,7.97041,7.97159,1.00,1.00
2017.09.13 12:14:54.029,7.97049,7.97167,1.00,1.00
2017.09.13 12:14:54.345,7.97047,7.97166,1.00,1.00
2017.09.13 12:14:54.692,7.97043,7.97161,1.00,1.00
2017.09.13 12:14:54.743,7.97047,7.97166,1.00,1.00
2017.09.13 12:14:55.103,7.9705,7.97168,1.00,1.00
2017.09.13 12:14:55.450,7.97053,7.97171,1.00,1.00
2017.09.13 12:14:55.754,7.97068,7.97186,1.00,1.00
2017.09.13 12:14:56.007,7.97064,7.97183,1.00,1.00
2017.09.13 12:14:56.213,7.97045,7.97163,1.00,1.00
2017.09.13 12:14:56.264,7.9704,7.97159,1.00,1.00
2017.09.13 12:14:56.315,7.97036,7.97154,1.00,1.00
2017.09.13 12:14:56.670,7.9703,7.97148,1.00,1.00
2017.09.13 12:14:57.008,7.97018,7.97136,1.00,1.00
2017.09.13 12:14:57.382,7.97023,7.97141,1.00,1.00
2017.09.13 12:14:57.686,7.97019,7.97137,1.00,1.00
2017.09.13 12:14:58.016,7.96977,7.97093,1.00,1.00
2017.09.13 12:14:58.370,7.96981,7.97099,1.00,1.00
2017.09.13 12:14:58.421,7.96986,7.97102,1.00,1.00
2017.09.13 12:14:58.523,7.96981,7.97099,1.00,1.00
2017.09.13 12:14:58.574,7.96973,7.97091,1.00,1.00
2017.09.13 12:14:58.889,7.96939,7.97058,1.00,1.00
2017.09.13 12:14:58.940,7.96946,7.97064,1.00,1.00
2017.09.13 12:14:59.244,7.96939,7.97057,1.00,1.00
2017.09.13 12:14:59.579,7.96959,7.97075,1.00,1.00
2017.09.13 12:14:59.630,7.96953,7.97071,1.00,1.00
2017.09.13 12:14:59.785,7.96949,7.97067,1.00,1.00
2017.09.13 12:15:00.090,7.96969,7.97087,1.00,1.00
2017.09.13 12:15:00.618,7.96965,7.97083,1.00,1.00
2017.09.13 12:15:00.781,7.9696,7.97079,1.00,1.00
2017.09.13 12:15:00.832,7.9695,7.97069,1.00,1.00
2017.09.13 12:15:01.137,7.96942,7.97061,1.00,1.00
2017.09.13 12:15:01.469,7.96956,7.97074,1.00,1.00
2017.09.13 12:15:01.779,7.9696,7.97078,1.00,1.00
2017.09.13 12:15:01.982,7.96958,7.97088,1.00,1.00
2017.09.13 12:15:02.100,7.96969,7.97081,1.00,1.00
2017.09.13 12:15:02.439,7.9693,7.97042,1.00,1.00
2017.09.13 12:15:02.766,7.96917,7.97026,1.00,1.00
2017.09.13 12:15:02.818,7.96912,7.97024,1.00,1.00
2017.09.13 12:15:03.063,7.96923,7.97035,1.00,1.00
2017.09.13 12:15:03.368,7.96931,7.97043,1.00,1.00
2017.09.13 12:15:03.771,7.96935,7.97046,1.00,1.00
2017.09.13 12:15:04.073,7.96937,7.97046,1.00,1.00
2017.09.13 12:15:04.350,7.96939,7.97051,1.00,1.00
2017.09.13 12:15:04.401,7.96956,7.97067,1.00,1.00
2017.09.13 12:15:04.452,7.96944,7.97056,1.00,1.00
2017.09.13 12:15:04.503,7.96949,7.97061,1.00,1.00
2017.09.13 12:15:05.025,7.96971,7.97083,1.00,1.00
2017.09.13 12:15:05.329,7.96964,7.97076,1.00,1.00
2017.09.13 12:15:05.632,7.96945,7.97057,1.00,1.00
2017.09.13 12:15:05.934,7.96948,7.9706,1.00,1.00
2017.09.13 12:15:06.297,7.96933,7.97044,1.00,1.00
2017.09.13 12:15:06.398,7.96928,7.9704,1.00,1.00
2017.09.13 12:15:06.450,7.9693,7.97039,1.00,1.00
2017.09.13 12:15:06.501,7.96921,7.97032,1.00,1.00
2017.09.13 12:15:06.552,7.96928,7.97039,1.00,1.00
2017.09.13 12:15:06.855,7.96923,7.97035,1.00,1.00
2017.09.13 12:15:06.907,7.96921,7.97032,1.00,1.00
2017.09.13 12:15:06.958,7.96927,7.97039,1.00,1.00
2017.09.13 12:15:07.455,7.96931,7.97043,1.00,1.00
2017.09.13 12:15:08.618,7.96928,7.9704,1.00,1.00
2017.09.13 12:15:08.922,7.96932,7.97044,1.00,1.00
2017.09.13 12:15:09.279,7.96919,7.97031,1.00,1.00
2017.09.13 12:15:09.584,7.9693,7.97042,1.00,1.00
2017.09.13 12:15:10.111,7.96926,7.97038,1.00,1.00
2017.09.13 12:15:10.434,7.9695,7.97062,1.00,1.00
2017.09.13 12:15:10.782,7.96944,7.97056,1.00,1.00
2017.09.13 12:15:11.122,7.96946,7.97058,1.00,1.00
2017.09.13 12:15:11.455,7.9696,7.97072,1.00,1.00
2017.09.13 12:15:12.538,7.96954,7.97066,1.00,1.00
2017.09.13 12:15:12.843,7.96959,7.97069,1.00,1.00
2017.09.13 12:15:14.958,7.96957,7.97068,1.00,1.00
2017.09.13 12:15:15.332,7.96952,7.97063,1.00,1.00
2017.09.13 12:15:15.961,7.9695,7.97062,1.00,1.00
2017.09.13 12:15:18.218,7.96952,7.97063,1.00,1.00
2017.09.13 12:15:19.203,7.96958,7.97069,1.00,1.00
2017.09.13 12:15:19.254,7.96968,7.9708,1.00,1.00
2017.09.13 12:15:19.781,7.96938,7.9705,1.00,1.00
2017.09.13 12:15:20.085,7.96954,7.97065,1.00,1.00
2017.09.13 12:15:20.420,7.96948,7.97059,1.00,1.00
2017.09.13 12:15:20.750,7.96947,7.97056,1.00,1.00
2017.09.13 12:15:21.022,7.96922,7.97033,1.00,1.00
2017.09.13 12:15:21.073,7.9692,7.97032,1.00,1.00
2017.09.13 12:15:21.175,7.96899,7.97011,1.00,1.00
2017.09.13 12:15:21.509,7.96887,7.96999,1.00,1.00
2017.09.13 12:15:21.813,7.96885,7.96997,1.00,1.00
2017.09.13 12:15:22.448,7.96878,7.9699,1.00,1.00
2017.09.13 12:15:22.551,7.96842,7.96963,1.00,1.00
2017.09.13 12:15:22.602,7.96849,7.96961,1.00,1.00
2017.09.13 12:15:22.908,7.9677,7.96882,1.00,1.00
2017.09.13 12:15:23.186,7.96757,7.96889,1.00,1.00
2017.09.13 12:15:23.237,7.96782,7.96895,1.00,1.00
2017.09.13 12:15:23.541,7.96792,7.96904,1.00,1.00
2017.09.13 12:15:23.849,7.96815,7.96927,1.00,1.00
2017.09.13 12:15:24.169,7.96818,7.9693,1.00,1.00
2017.09.13 12:15:24.473,7.96829,7.9694,1.00,1.00
2017.09.13 12:15:25.302,7.96819,7.96931,1.00,1.00
2017.09.13 12:15:26.030,7.96815,7.96927,1.00,1.00
2017.09.13 12:15:29.237,7.96821,7.9693,1.00,1.00
2017.09.13 12:15:29.288,7.96831,7.96942,1.00,1.00
2017.09.13 12:15:29.339,7.96838,7.96949,1.00,1.00
2017.09.13 12:15:29.491,7.96843,7.96955,1.00,1.00
2017.09.13 12:15:29.987,7.96846,7.96957,1.00,1.00
2017.09.13 12:15:30.766,7.96837,7.96949,1.00,1.00
2017.09.13 12:15:30.868,7.96833,7.96945,1.00,1.00
2017.09.13 12:15:32.820,7.96842,7.96953,1.00,1.00
2017.09.13 12:15:33.124,7.96846,7.96957,1.00,1.00
2017.09.13 12:15:34.190,7.96842,7.96953,1.00,1.00
2017.09.13 12:15:34.241,7.96837,7.96949,1.00,1.00
2017.09.13 12:15:34.292,7.96832,7.96943,1.00,1.00
2017.09.13 12:15:35.500,7.96835,7.96946,1.00,1.00
2017.09.13 12:15:35.602,7.9681,7.96922,1.00,1.00
2017.09.13 12:15:35.654,7.96808,7.96919,1.00,1.00
2017.09.13 12:15:35.705,7.96796,7.96908,1.00,1.00
2017.09.13 12:15:35.756,7.96791,7.96903,1.00,1.00
2017.09.13 12:15:36.059,7.96782,7.96894,1.00,1.00
2017.09.13 12:15:36.364,7.96785,7.96897,1.00,1.00
2017.09.13 12:15:36.668,7.9678,7.96892,1.00,1.00
2017.09.13 12:15:37.841,7.96786,7.96898,1.00,1.00
2017.09.13 12:15:38.678,7.96785,7.96897,1.00,1.00
2017.09.13 12:15:39.596,7.96781,7.96892,1.00,1.00
2017.09.13 12:15:39.899,7.96772,7.96883,1.00,1.00
2017.09.13 12:15:42.329,7.96777,7.96888,1.00,1.00
2017.09.13 12:15:42.633,7.96783,7.96894,1.00,1.00
2017.09.13 12:15:44.070,7.96772,7.96882,1.00,1.00
2017.09.13 12:15:44.121,7.96768,7.96879,1.00,1.00
2017.09.13 12:15:44.172,7.96759,7.9687,1.00,1.00
2017.09.13 12:15:44.741,7.96758,7.96869,1.00,1.00
2017.09.13 12:15:45.066,7.96755,7.96866,1.00,1.00
2017.09.13 12:15:50.541,7.96737,7.96848,1.00,1.00
2017.09.13 12:15:50.782,7.96754,7.96866,1.00,1.00
2017.09.13 12:15:52.661,7.96763,7.96874,1.00,1.00
2017.09.13 12:15:53.130,7.96757,7.96868,1.00,1.00
2017.09.13 12:15:53.742,7.96761,7.96872,1.00,1.00
2017.09.13 12:15:54.011,7.96767,7.96879,1.00,1.00
2017.09.13 12:15:54.113,7.96772,7.96884,1.00,1.00
2017.09.13 12:15:54.416,7.96756,7.96867,1.00,1.00
2017.09.13 12:15:55.069,7.96767,7.96878,1.00,1.00
2017.09.13 12:15:55.272,7.96769,7.96881,1.00,1.00
2017.09.13 12:15:56.900,7.96757,7.96869,1.00,1.00
2017.09.13 12:15:58.040,7.96763,7.96873,1.00,1.00
2017.09.13 12:16:00.363,7.96759,7.9687,1.00,1.00
2017.09.13 12:16:05.558,7.9676,7.96871,1.00,1.00
2017.09.13 12:16:05.883,7.96788,7.969,1.00,1.00
2017.09.13 12:16:06.086,7.96792,7.96903,1.00,1.00
2017.09.13 12:16:06.418,7.96799,7.96911,1.00,1.00
2017.09.13 12:16:07.051,7.96812,7.96924,1.00,1.00
2017.09.13 12:16:07.356,7.96804,7.96915,1.00,1.00
2017.09.13 12:16:07.661,7.96811,7.96922,1.00,1.00
2017.09.13 12:16:08.738,7.9681,7.96921,1.00,1.00
2017.09.13 12:16:09.067,7.96807,7.96918,1.00,1.00
2017.09.13 12:16:10.999,7.96803,7.96914,1.00,1.00
2017.09.13 12:16:12.848,7.96814,7.96924,1.00,1.00
2017.09.13 12:16:13.152,7.96803,7.96913,1.00,1.00
2017.09.13 12:16:13.582,7.96801,7.96911,1.00,1.00
2017.09.13 12:16:15.927,7.96795,7.96905,1.00,1.00
2017.09.13 12:16:16.670,7.96807,7.96915,1.00,1.00
2017.09.13 12:16:17.261,7.96807,7.96916,1.00,1.00
2017.09.13 12:16:21.385,7.96809,7.96921,1.00,1.00
2017.09.13 12:16:22.391,7.96814,7.96926,1.00,1.00
2017.09.13 12:16:22.858,7.96825,7.96936,1.00,1.00
2017.09.13 12:16:23.458,7.96832,7.96943,1.00,1.00
2017.09.13 12:16:25.079,7.96824,7.96934,1.00,1.00
2017.09.13 12:16:27.014,7.96846,7.96957,1.00,1.00
2017.09.13 12:16:27.166,7.96844,7.96955,1.00,1.00
2017.09.13 12:16:28.066,7.96844,7.96956,1.00,1.00
2017.09.13 12:16:29.118,7.9684,7.96952,1.00,1.00
2017.09.13 12:16:29.438,7.96832,7.96944,1.00,1.00
2017.09.13 12:16:30.111,7.96833,7.96945,1.00,1.00
2017.09.13 12:16:34.101,7.96822,7.96934,1.00,1.00
2017.09.13 12:16:35.618,7.96828,7.96939,1.00,1.00
2017.09.13 12:16:36.067,7.96825,7.96935,1.00,1.00
2017.09.13 12:16:36.384,7.96829,7.96941,1.00,1.00
2017.09.13 12:16:37.113,7.96829,7.96939,1.00,1.00
2017.09.13 12:16:38.798,7.96828,7.96938,1.00,1.00
2017.09.13 12:16:40.831,7.96819,7.96932,1.00,1.00
2017.09.13 12:16:40.932,7.96817,7.96932,1.00,1.00
2017.09.13 12:16:41.332,7.9683,7.96941,1.00,1.00
2017.09.13 12:16:41.551,7.96813,7.96932,1.00,1.00
2017.09.13 12:16:42.943,7.96805,7.96932,1.00,1.00
2017.09.13 12:16:43.365,7.96832,7.96943,1.00,1.00
2017.09.13 12:16:43.517,7.96812,7.96932,1.00,1.00
2017.09.13 12:16:43.731,7.96831,7.96941,1.00,1.00
2017.09.13 12:16:43.987,7.96827,7.96938,1.00,1.00
2017.09.13 12:16:44.038,7.96809,7.96932,1.00,1.00
2017.09.13 12:16:44.140,7.96827,7.96937,1.00,1.00
2017.09.13 12:16:44.427,7.96805,7.96928,1.00,1.00
2017.09.13 12:16:44.932,7.96824,7.96934,1.00,1.00
2017.09.13 12:16:45.298,7.96822,7.96932,1.00,1.00
2017.09.13 12:16:45.450,7.9678,7.96896,1.00,1.00
2017.09.13 12:16:45.501,7.96768,7.96893,1.00,1.00
2017.09.13 12:16:45.634,7.96766,7.96891,1.00,1.00
2017.09.13 12:16:45.973,7.96769,7.96894,1.00,1.00
2017.09.13 12:16:47.710,7.96769,7.96896,1.00,1.00
2017.09.13 12:16:48.747,7.96753,7.96865,1.00,1.00
2017.09.13 12:16:49.330,7.96758,7.96869,1.00,1.00
2017.09.13 12:16:50.669,7.96778,7.9689,1.00,1.00
2017.09.13 12:16:50.720,7.96773,7.96885,1.00,1.00
2017.09.13 12:16:51.039,7.96773,7.96883,1.00,1.00
2017.09.13 12:16:51.361,7.96776,7.96888,1.00,1.00
2017.09.13 12:16:51.412,7.9678,7.96892,1.00,1.00
2017.09.13 12:16:53.828,7.96778,7.96889,1.00,1.00
2017.09.13 12:16:54.724,7.96782,7.96893,1.00,1.00
2017.09.13 12:16:54.775,7.96783,7.96918,1.00,1.00
2017.09.13 12:16:56.492,7.96772,7.96907,1.00,1.00
2017.09.13 12:16:59.232,7.96768,7.96904,1.00,1.00
2017.09.13 12:17:00.169,7.9677,7.96905,1.00,1.00
2017.09.13 12:17:01.138,7.96775,7.96905,1.00,1.00
2017.09.13 12:17:01.867,7.96776,7.96905,1.00,1.00
2017.09.13 12:17:02.415,7.96775,7.96905,1.00,1.00
2017.09.13 12:17:02.789,7.96771,7.96904,1.00,1.00
2017.09.13 12:17:03.338,7.9677,7.96904,1.00,1.00
2017.09.13 12:17:03.389,7.9677,7.96902,1.00,1.00
2017.09.13 12:17:03.723,7.96772,7.969,1.00,1.00
2017.09.13 12:17:03.999,7.9677,7.969,1.00,1.00
2017.09.13 12:17:04.435,7.96769,7.96896,1.00,1.00
2017.09.13 12:17:04.587,7.96759,7.96892,1.00,1.00
2017.09.13 12:17:05.200,7.96758,7.96892,1.00,1.00
2017.09.13 12:17:05.678,7.96761,7.9689,1.00,1.00
2017.09.13 12:17:06.980,7.96761,7.96887,1.00,1.00
2017.09.13 12:17:08.858,7.96765,7.96887,1.00,1.00
2017.09.13 12:17:16.362,7.96775,7.96887,1.00,1.00
2017.09.13 12:17:16.666,7.96831,7.96943,1.00,1.00
2017.09.13 12:17:17.630,7.9684,7.96951,1.00,1.00
2017.09.13 12:17:17.976,7.96842,7.96951,1.00,1.00
2017.09.13 12:17:18.301,7.9684,7.96951,1.00,1.00
2017.09.13 12:17:18.402,7.96839,7.96948,1.00,1.00
2017.09.13 12:17:19.946,7.96829,7.96941,1.50,1.00
2017.09.13 12:17:20.047,7.96829,7.96937,1.00,1.00
2017.09.13 12:17:20.098,7.96839,7.96951,1.00,1.00
2017.09.13 12:17:20.149,7.96837,7.96948,1.00,1.00
2017.09.13 12:17:21.486,7.96857,7.96966,1.00,1.00
2017.09.13 12:17:21.537,7.96875,7.96986,1.00,1.00
2017.09.13 12:17:21.733,7.96876,7.96988,1.00,1.00
2017.09.13 12:17:21.784,7.96879,7.96988,1.00,1.00
2017.09.13 12:17:21.886,7.96884,7.96996,1.00,1.00
2017.09.13 12:17:22.089,7.96891,7.97002,1.00,1.00
2017.09.13 12:17:23.888,7.96895,7.97006,1.00,1.00
2017.09.13 12:17:24.234,7.96885,7.96996,1.00,1.00
2017.09.13 12:17:24.692,7.96879,7.9699,1.00,1.00
2017.09.13 12:17:25.250,7.96874,7.96985,1.00,1.00
2017.09.13 12:17:25.568,7.96878,7.96989,1.00,1.00
2017.09.13 12:17:28.464,7.96882,7.96993,1.00,1.00
2017.09.13 12:17:29.149,7.96887,7.96999,1.00,1.00
2017.09.13 12:17:29.313,7.96892,7.97003,1.00,1.00
2017.09.13 12:17:29.364,7.96895,7.97007,1.00,1.00
2017.09.13 12:17:30.227,7.96897,7.97008,1.00,1.00
2017.09.13 12:17:33.407,7.96898,7.97009,1.00,1.00
2017.09.13 12:17:35.560,7.96887,7.96998,1.00,1.00
2017.09.13 12:17:35.661,7.96877,7.96989,1.00,1.00
2017.09.13 12:17:36.334,7.96888,7.96999,1.00,1.00
2017.09.13 12:17:36.479,7.96895,7.97007,1.00,1.00
2017.09.13 12:17:38.947,7.96894,7.97006,1.00,1.00
2017.09.13 12:17:39.467,7.9691,7.97021,1.00,1.00
2017.09.13 12:17:41.179,7.96904,7.97016,1.00,1.00
2017.09.13 12:17:41.230,7.969,7.97012,1.00,1.00
2017.09.13 12:17:41.547,7.96899,7.9701,1.00,1.00
2017.09.13 12:17:42.119,7.96903,7.97014,1.00,1.00
2017.09.13 12:17:42.221,7.96939,7.97051,1.00,1.00
2017.09.13 12:17:42.272,7.96936,7.97047,1.00,1.00
2017.09.13 12:17:42.577,7.96939,7.9705,1.00,1.00
2017.09.13 12:17:43.160,7.96928,7.97039,1.00,1.00
2017.09.13 12:17:43.211,7.96926,7.97038,1.00,1.00
2017.09.13 12:17:43.262,7.96919,7.9703,1.00,1.00
2017.09.13 12:17:43.626,7.9693,7.97041,1.00,1.00
2017.09.13 12:17:44.022,7.96922,7.97034,1.00,1.00
2017.09.13 12:17:44.219,7.96938,7.97049,1.00,1.00
2017.09.13 12:17:44.321,7.96953,7.97065,1.00,1.00
2017.09.13 12:17:44.372,7.96957,7.97069,1.00,1.00
2017.09.13 12:17:45.284,7.96959,7.97071,1.00,1.00
2017.09.13 12:17:45.620,7.96948,7.97057,1.00,1.00
2017.09.13 12:17:45.772,7.96943,7.97054,1.00,1.00
2017.09.13 12:17:46.410,7.96937,7.97047,1.00,1.00
2017.09.13 12:17:46.562,7.96943,7.97055,1.00,1.00
2017.09.13 12:17:46.613,7.9695,7.97057,1.00,1.00
2017.09.13 12:17:46.664,7.9695,7.97061,1.00,1.00
2017.09.13 12:17:46.816,7.96958,7.9707,1.00,1.00
2017.09.13 12:17:47.195,7.96964,7.97076,1.00,1.00
2017.09.13 12:17:48.485,7.96966,7.97078,1.00,1.00
2017.09.13 12:17:49.949,7.96955,7.97066,1.00,1.00
2017.09.13 12:17:50.226,7.96963,7.97075,1.00,1.00
2017.09.13 12:17:50.768,7.96961,7.97072,1.00,1.00
2017.09.13 12:17:51.593,7.96956,7.97065,1.00,1.00
2017.09.13 12:17:53.948,7.96958,7.9707,1.00,1.00
2017.09.13 12:17:54.494,7.96971,7.97083,1.00,1.00
2017.09.13 12:17:54.807,7.96976,7.97087,1.00,1.00
2017.09.13 12:17:55.021,7.96979,7.97091,1.50,1.00
2017.09.13 12:17:55.174,7.96981,7.97092,1.00,1.00
2017.09.13 12:17:58.382,7.96972,7.97083,1.50,1.00
2017.09.13 12:17:58.534,7.96967,7.97079,1.00,1.00
2017.09.13 12:17:59.830,7.96962,7.97074,1.00,1.00
2017.09.13 12:18:00.934,7.96956,7.97072,1.00,1.00
2017.09.13 12:18:01.036,7.96962,7.97073,1.00,1.00
2017.09.13 12:18:01.387,7.96957,7.97068,1.00,1.00
2017.09.13 12:18:01.690,7.96965,7.97076,1.00,1.00
2017.09.13 12:18:02.216,7.96973,7.97084,1.00,1.00
2017.09.13 12:18:02.545,7.96978,7.97089,1.00,1.00
2017.09.13 12:18:02.903,7.96967,7.97079,1.00,1.00
2017.09.13 12:18:03.004,7.96965,7.97076,1.00,1.00
2017.09.13 12:18:03.184,7.96966,7.97084,1.00,1.00
2017.09.13 12:18:03.235,7.97001,7.97112,1.00,1.00
2017.09.13 12:18:03.539,7.97014,7.97125,1.00,1.00
2017.09.13 12:18:04.766,7.9701,7.97122,1.00,1.00
2017.09.13 12:18:05.117,7.97015,7.97124,1.00,1.00
2017.09.13 12:18:05.168,7.97019,7.97131,1.00,1.00
2017.09.13 12:18:05.644,7.97012,7.97124,1.00,1.00
2017.09.13 12:18:06.028,7.97006,7.97118,1.00,1.00
2017.09.13 12:18:08.748,7.97012,7.97124,1.00,1.00
2017.09.13 12:18:09.130,7.97017,7.97129,1.00,1.00
2017.09.13 12:18:09.597,7.97028,7.97139,1.00,1.00
2017.09.13 12:18:09.698,7.97051,7.97163,1.00,1.00
2017.09.13 12:18:09.822,7.97057,7.97167,1.00,1.00
2017.09.13 12:18:10.227,7.97065,7.97176,1.00,1.00
2017.09.13 12:18:10.279,7.97077,7.97185,1.00,1.00
2017.09.13 12:18:10.330,7.97077,7.97189,1.00,1.00
2017.09.13 12:18:10.381,7.97069,7.97181,1.00,1.00
2017.09.13 12:18:10.692,7.97035,7.97147,1.00,1.00
2017.09.13 12:18:11.097,7.9703,7.9714,1.00,1.00
2017.09.13 12:18:11.198,7.97026,7.97137,1.00,1.00
2017.09.13 12:18:11.703,7.97018,7.9713,1.00,1.00
2017.09.13 12:18:11.855,7.97023,7.97135,1.00,1.00
2017.09.13 12:18:12.159,7.97043,7.97153,1.00,1.00
2017.09.13 12:18:12.411,7.97045,7.9716,1.00,1.00
2017.09.13 12:18:12.462,7.97041,7.97153,1.00,1.00
2017.09.13 12:18:12.767,7.9706,7.97171,1.00,1.00
2017.09.13 12:18:13.362,7.97068,7.9718,1.00,1.00
2017.09.13 12:18:13.568,7.9706,7.97171,1.00,1.00
2017.09.13 12:18:13.903,7.97066,7.97177,1.00,1.00
2017.09.13 12:18:14.898,7.97059,7.97171,1.00,1.00
2017.09.13 12:18:17.515,7.97062,7.97174,1.00,1.00
2017.09.13 12:18:18.058,7.97042,7.97151,1.00,1.00
2017.09.13 12:18:18.109,7.97036,7.97147,1.00,1.00
2017.09.13 12:18:18.160,7.97032,7.97143,1.00,1.00
2017.09.13 12:18:18.465,7.97025,7.97137,1.00,1.00
2017.09.13 12:18:18.566,7.9703,7.97142,1.00,1.00
2017.09.13 12:18:18.874,7.97027,7.97146,1.00,1.00
2017.09.13 12:18:18.925,7.97098,7.97198,1.00,1.00
2017.09.13 12:18:18.976,7.97116,7.97222,1.00,1.00
2017.09.13 12:18:19.027,7.97123,7.97235,1.00,1.00
2017.09.13 12:18:19.079,7.97104,7.97215,1.00,1.00
2017.09.13 12:18:19.257,7.97067,7.97179,1.00,1.00
2017.09.13 12:18:19.308,7.97074,7.97186,1.00,1.00
2017.09.13 12:18:19.649,7.97071,7.97183,1.00,1.00
2017.09.13 12:18:19.954,7.97067,7.97179,1.00,1.00
2017.09.13 12:18:20.259,7.9707,7.97181,1.00,1.00
2017.09.13 12:18:20.578,7.97076,7.97186,1.00,1.00
2017.09.13 12:18:20.629,7.9708,7.97191,1.00,1.00
2017.09.13 12:18:21.150,7.97081,7.97192,1.00,1.00
2017.09.13 12:18:21.681,7.97085,7.97196,1.00,1.00
2017.09.13 12:18:22.008,7.97066,7.97176,1.00,1.00
2017.09.13 12:18:22.059,7.97062,7.97173,1.00,1.00
2017.09.13 12:18:22.110,7.97069,7.97178,1.00,1.00
2017.09.13 12:18:22.161,7.97067,7.97178,1.00,1.00
2017.09.13 12:18:22.212,7.97072,7.97182,1.00,1.00
2017.09.13 12:18:22.262,7.97063,7.97174,1.00,1.00
2017.09.13 12:18:22.313,7.97068,7.97179,1.00,1.00
2017.09.13 12:18:22.617,7.97087,7.97198,1.00,1.00
2017.09.13 12:18:22.959,7.97073,7.97184,1.00,1.00
2017.09.13 12:18:23.263,7.97066,7.97175,1.00,1.00
2017.09.13 12:18:23.314,7.97064,7.97175,1.00,1.00
2017.09.13 12:18:24.024,7.97063,7.97174,1.00,1.00
2017.09.13 12:18:24.277,7.9706,7.97171,1.00,1.00
2017.09.13 12:18:25.849,7.97062,7.97173,1.00,1.00
2017.09.13 12:18:27.312,7.97059,7.97175,1.00,1.00
2017.09.13 12:18:27.480,7.97096,7.97207,1.00,1.00
2017.09.13 12:18:27.784,7.97075,7.97183,1.00,1.00
2017.09.13 12:18:27.936,7.97081,7.97191,1.00,1.00
2017.09.13 12:18:28.164,7.97078,7.97187,1.00,1.00
2017.09.13 12:18:28.796,7.97073,7.97184,1.00,1.00
2017.09.13 12:18:28.898,7.97077,7.97188,1.00,1.00
2017.09.13 12:18:29.219,7.97083,7.97194,1.00,1.00
2017.09.13 12:18:29.541,7.9708,7.97191,1.00,1.00
2017.09.13 12:18:29.914,7.97084,7.97195,1.00,1.00
2017.09.13 12:18:30.224,7.97067,7.97178,1.00,1.00
2017.09.13 12:18:30.553,7.97065,7.97174,1.00,1.00
2017.09.13 12:18:30.827,7.97062,7.97173,1.00,1.00
2017.09.13 12:18:31.409,7.97059,7.9717,1.00,1.00
2017.09.13 12:18:33.544,7.97051,7.97166,1.00,1.00
2017.09.13 12:18:33.595,7.97033,7.97143,1.00,1.00
2017.09.13 12:18:33.646,7.97026,7.97137,1.00,1.00
2017.09.13 12:18:33.697,7.97031,7.97141,1.00,1.00
2017.09.13 12:18:34.001,7.97033,7.97142,1.00,1.00
2017.09.13 12:18:34.154,7.97029,7.97139,1.00,1.00
2017.09.13 12:18:34.205,7.97026,7.97135,1.00,1.00
2017.09.13 12:18:34.399,7.97054,7.97165,1.00,1.00
2017.09.13 12:18:34.450,7.97056,7.97165,1.00,1.00
2017.09.13 12:18:34.501,7.97048,7.97158,1.00,1.00
2017.09.13 12:18:34.552,7.97043,7.97153,1.00,1.00
2017.09.13 12:18:35.111,7.97047,7.97158,1.00,1.00
2017.09.13 12:18:35.329,7.97054,7.97165,1.00,1.00
2017.09.13 12:18:35.709,7.97052,7.97163,1.00,1.00
2017.09.13 12:18:36.039,7.97051,7.9716,1.00,1.00
2017.09.13 12:18:36.741,7.97049,7.9716,1.00,1.00
2017.09.13 12:18:36.793,7.97056,7.97167,1.00,1.00
2017.09.13 12:18:38.864,7.97051,7.97162,1.00,1.00
2017.09.13 12:18:39.289,7.97044,7.97155,1.00,1.00
2017.09.13 12:18:40.870,7.97049,7.9716,1.00,1.00
2017.09.13 12:18:40.921,7.97047,7.97167,1.00,1.00
2017.09.13 12:18:40.972,7.97047,7.97172,1.00,1.00
2017.09.13 12:18:41.088,7.9706,7.97171,1.00,1.00
2017.09.13 12:18:41.819,7.97055,7.97165,1.00,1.00
2017.09.13 12:18:42.171,7.97059,7.97169,1.00,1.00
2017.09.13 12:18:44.416,7.97067,7.97176,1.00,1.00
2017.09.13 12:18:45.121,7.97077,7.97186,1.00,1.00
2017.09.13 12:18:45.172,7.9708,7.97191,1.00,1.00
2017.09.13 12:18:48.315,7.9707,7.97181,1.00,1.00
2017.09.13 12:18:48.699,7.97064,7.97175,1.00,1.00
2017.09.13 12:18:49.015,7.9707,7.9718,1.00,1.00
2017.09.13 12:18:49.382,7.97066,7.97177,1.00,1.00
2017.09.13 12:18:49.433,7.97053,7.97162,1.00,1.00
2017.09.13 12:18:50.211,7.97051,7.97163,1.00,1.00
2017.09.13 12:18:50.889,7.9705,7.97161,1.00,1.00
2017.09.13 12:18:53.326,7.97043,7.97171,1.00,1.00
2017.09.13 12:18:53.377,7.97078,7.97188,1.00,1.00
2017.09.13 12:18:53.795,7.9708,7.9719,1.00,1.00
2017.09.13 12:19:00.407,7.97082,7.97193,1.00,1.00
2017.09.13 12:19:01.519,7.97089,7.97197,1.00,1.00
2017.09.13 12:19:01.570,7.97084,7.97195,1.00,1.00
2017.09.13 12:19:01.940,7.9709,7.97201,1.00,1.00
2017.09.13 12:19:02.244,7.971,7.97211,1.00,1.00
2017.09.13 12:19:02.383,7.9709,7.97202,1.00,1.00
2017.09.13 12:19:02.485,7.97086,7.97196,1.00,1.00
2017.09.13 12:19:02.543,7.97079,7.97191,1.00,1.00
2017.09.13 12:19:02.697,7.97077,7.97189,1.00,1.00
2017.09.13 12:19:03.021,7.97067,7.97179,1.00,1.00
2017.09.13 12:19:03.590,7.97082,7.97192,1.00,1.00
2017.09.13 12:19:03.691,7.9709,7.97202,1.00,1.00
2017.09.13 12:19:03.742,7.97096,7.97203,1.00,1.00
2017.09.13 12:19:03.876,7.97096,7.97208,1.00,1.00
2017.09.13 12:19:04.208,7.9707,7.97182,1.00,1.00
2017.09.13 12:19:04.669,7.97077,7.97188,1.00,1.00
2017.09.13 12:19:04.720,7.9708,7.97192,1.00,1.00
2017.09.13 12:19:04.873,7.97069,7.97181,1.00,1.00
2017.09.13 12:19:05.227,7.9705,7.97175,1.00,1.00
2017.09.13 12:19:05.466,7.97045,7.97175,1.00,1.00
2017.09.13 12:19:05.713,7.97041,7.97173,1.00,1.00
2017.09.13 12:19:05.764,7.97037,7.97169,1.00,1.00
2017.09.13 12:19:06.068,7.97035,7.97156,1.00,1.00
2017.09.13 12:19:06.203,7.97035,7.97164,1.00,1.00
2017.09.13 12:19:06.266,7.97035,7.97156,1.00,1.00
2017.09.13 12:19:07.028,7.97033,7.97156,1.00,1.00
2017.09.13 12:19:07.079,7.97051,7.97166,1.00,1.00
2017.09.13 12:19:07.130,7.97064,7.97186,1.00,1.00
2017.09.13 12:19:07.181,7.97058,7.97186,1.00,1.00
2017.09.13 12:19:07.232,7.97062,7.97192,1.00,1.00
2017.09.13 12:19:07.334,7.97062,7.97187,1.00,1.00
2017.09.13 12:19:07.495,7.97043,7.97173,1.00,1.00
2017.09.13 12:19:07.547,7.97038,7.97168,1.00,1.00
2017.09.13 12:19:07.851,7.97037,7.97151,1.00,1.00
2017.09.13 12:19:08.053,7.97042,7.97172,1.00,1.00
2017.09.13 12:19:08.155,7.97043,7.97157,1.00,1.00
2017.09.13 12:19:09.107,7.97042,7.97157,1.00,1.00
2017.09.13 12:19:09.385,7.97037,7.97157,1.00,1.00
2017.09.13 12:19:09.436,7.97037,7.97163,1.00,1.00
2017.09.13 12:19:09.538,7.97037,7.97157,1.00,1.00
2017.09.13 12:19:09.998,7.97041,7.97157,1.00,1.00
2017.09.13 12:19:10.201,7.97049,7.97176,1.00,1.00
2017.09.13 12:19:10.251,7.97055,7.97176,1.00,1.00
2017.09.13 12:19:10.868,7.9706,7.97176,1.00,1.00
2017.09.13 12:19:10.920,7.97063,7.97189,1.00,1.00
2017.09.13 12:19:11.034,7.97067,7.97189,1.00,1.00
2017.09.13 12:19:11.085,7.97062,7.97189,1.00,1.00
2017.09.13 12:19:11.454,7.97066,7.97189,1.00,1.00
2017.09.13 12:19:12.071,7.97069,7.97189,1.00,1.00
2017.09.13 12:19:12.173,7.97076,7.97202,1.00,1.00
2017.09.13 12:19:12.320,7.97101,7.97229,1.00,1.00
2017.09.13 12:19:12.371,7.97101,7.9722,1.00,1.00
2017.09.13 12:19:12.920,7.97101,7.97221,1.00,1.00
2017.09.13 12:19:15.437,7.971,7.97221,1.00,1.00
2017.09.13 12:19:15.611,7.97094,7.97221,1.00,1.50
2017.09.13 12:19:15.661,7.97086,7.97207,1.00,1.00
2017.09.13 12:19:15.712,7.97082,7.97207,1.00,1.00
2017.09.13 12:19:15.763,7.97075,7.97197,1.00,1.00
2017.09.13 12:19:15.814,7.97072,7.97197,1.00,1.00
2017.09.13 12:19:15.916,7.97068,7.97195,1.00,1.00
2017.09.13 12:19:16.177,7.97068,7.9719,1.00,1.00
2017.09.13 12:19:16.593,7.9706,7.97188,1.00,1.00
2017.09.13 12:19:16.644,7.97035,7.97145,1.00,1.00
2017.09.13 12:19:16.695,7.97027,7.97138,1.00,1.00
2017.09.13 12:19:16.746,7.97005,7.97116,1.00,1.00
2017.09.13 12:19:17.049,7.96998,7.97086,1.00,1.00
2017.09.13 12:19:17.100,7.96976,7.97086,1.00,1.50
2017.09.13 12:19:17.151,7.96967,7.97077,1.00,1.00
2017.09.13 12:19:17.778,7.96966,7.97076,1.00,1.00
2017.09.13 12:19:18.115,7.96972,7.97083,1.00,1.00
2017.09.13 12:19:18.166,7.96976,7.97086,1.00,1.50
2017.09.13 12:19:18.548,7.96971,7.9708,1.00,1.00
2017.09.13 12:19:18.916,7.96966,7.97076,1.00,1.00
2017.09.13 12:19:19.401,7.96971,7.97075,1.00,1.00
2017.09.13 12:19:19.704,7.96974,7.97075,1.00,1.00
2017.09.13 12:19:20.603,7.96982,7.97075,1.00,1.00
2017.09.13 12:19:20.948,7.96979,7.97075,1.00,1.00
2017.09.13 12:19:22.011,7.96979,7.97087,1.00,1.00
2017.09.13 12:19:22.112,7.9699,7.971,1.00,1.00
2017.09.13 12:19:22.357,7.97001,7.97106,1.00,1.00
2017.09.13 12:19:22.529,7.97001,7.9711,1.00,1.00
2017.09.13 12:19:22.631,7.97001,7.97107,1.00,1.00
2017.09.13 12:19:23.762,7.97001,7.9711,1.00,1.00
2017.09.13 12:19:23.827,7.97001,7.971,1.00,1.00
2017.09.13 12:19:24.067,7.96993,7.971,1.00,1.00
2017.09.13 12:19:24.215,7.96988,7.971,1.00,1.00
2017.09.13 12:19:24.266,7.96995,7.971,1.00,1.00
2017.09.13 12:19:25.420,7.96988,7.97099,1.00,1.00
2017.09.13 12:19:26.713,7.96988,7.97097,1.00,1.00
2017.09.13 12:19:26.880,7.96988,7.97099,1.00,1.00
2017.09.13 12:19:27.547,7.96988,7.97097,1.00,1.00
2017.09.13 12:19:27.738,7.96988,7.97099,1.00,1.00
2017.09.13 12:19:28.783,7.96988,7.97097,1.00,1.00
2017.09.13 12:19:30.468,7.96987,7.97097,1.00,1.00
2017.09.13 12:19:31.198,7.96987,7.97098,1.00,1.00
2017.09.13 12:19:32.039,7.96984,7.97095,1.00,1.00
2017.09.13 12:19:32.977,7.96981,7.97092,1.00,1.00
2017.09.13 12:19:33.136,7.96984,7.97096,1.00,1.00
2017.09.13 12:19:34.057,7.96986,7.97095,1.00,1.00
2017.09.13 12:19:34.411,7.96984,7.97096,1.00,1.00
2017.09.13 12:19:35.978,7.96988,7.97097,1.00,1.00
2017.09.13 12:19:36.549,7.96988,7.97099,1.00,1.00
2017.09.13 12:19:38.160,7.96983,7.97094,1.00,1.00
2017.09.13 12:19:39.158,7.96986,7.97097,1.00,1.00
2017.09.13 12:19:39.681,7.9699,7.97101,1.00,1.00
2017.09.13 12:19:43.501,7.96968,7.97079,1.00,1.00
2017.09.13 12:19:43.834,7.96973,7.97084,1.00,1.00
2017.09.13 12:19:45.498,7.96971,7.97083,1.00,1.00
2017.09.13 12:19:46.200,7.96979,7.97087,1.00,1.00
2017.09.13 12:19:46.301,7.96986,7.97097,1.00,1.00
2017.09.13 12:19:46.636,7.96962,7.97069,1.00,1.00
2017.09.13 12:19:46.687,7.96955,7.97068,1.00,1.00
2017.09.13 12:19:47.301,7.96957,7.97075,1.00,1.00
2017.09.13 12:19:47.353,7.96977,7.97088,1.00,1.00
2017.09.13 12:19:47.657,7.96968,7.97079,1.00,1.00
2017.09.13 12:19:47.979,7.96961,7.97072,1.00,1.00
2017.09.13 12:19:48.707,7.9696,7.97071,1.00,1.00
2017.09.13 12:19:49.013,7.96956,7.97067,1.00,1.00
2017.09.13 12:19:49.449,7.96965,7.97074,1.00,1.00
2017.09.13 12:19:49.742,7.96977,7.97088,1.00,1.00
2017.09.13 12:19:50.147,7.96982,7.97093,1.00,1.00
2017.09.13 12:19:50.448,7.96984,7.97095,1.00,1.00
2017.09.13 12:19:50.959,7.96986,7.97097,1.00,1.00
2017.09.13 12:19:51.010,7.9699,7.97102,1.00,1.00
2017.09.13 12:19:51.061,7.96986,7.97098,1.00,1.00
2017.09.13 12:19:51.531,7.96984,7.97095,1.00,1.00
2017.09.13 12:19:51.898,7.96991,7.97102,1.00,1.00
2017.09.13 12:19:52.795,7.96981,7.97092,1.00,1.00
2017.09.13 12:19:53.257,7.96985,7.97096,1.00,1.00
2017.09.13 12:19:53.468,7.96965,7.97077,1.00,1.00
2017.09.13 12:19:53.519,7.96972,7.97081,1.00,1.00
2017.09.13 12:19:53.570,7.9697,7.97081,1.00,1.00
2017.09.13 12:19:53.672,7.96967,7.97079,1.00,1.00
2017.09.13 12:19:53.773,7.96956,7.97067,1.00,1.00
2017.09.13 12:19:54.077,7.9696,7.97071,1.00,1.00
2017.09.13 12:19:54.414,7.96975,7.97086,1.00,1.00
2017.09.13 12:19:55.962,7.96987,7.97087,1.00,1.00
2017.09.13 12:19:56.013,7.96991,7.97102,1.00,1.00
2017.09.13 12:19:56.064,7.96995,7.97104,1.00,1.00
2017.09.13 12:19:56.329,7.96987,7.97098,1.00,1.00
2017.09.13 12:19:56.381,7.96974,7.97085,1.00,1.00
2017.09.13 12:19:56.728,7.96962,7.97071,1.00,1.00
2017.09.13 12:19:58.573,7.96961,7.9708,1.00,1.00
2017.09.13 12:19:58.624,7.96976,7.97087,1.00,1.00
2017.09.13 12:19:58.928,7.9698,7.97091,1.00,1.00
2017.09.13 12:19:59.261,7.96963,7.97073,1.00,1.00
2017.09.13 12:19:59.756,7.96939,7.9705,1.00,1.00
2017.09.13 12:19:59.807,7.96934,7.97045,1.00,1.00
2017.09.13 12:20:00.132,7.96957,7.9706,1.00,1.00
2017.09.13 12:20:00.186,7.96976,7.97081,1.00,1.00
2017.09.13 12:20:00.237,7.96983,7.97081,1.00,1.00
2017.09.13 12:20:00.288,7.96984,7.97095,1.00,1.00
2017.09.13 12:20:00.339,7.96989,7.971,1.00,1.00
2017.09.13 12:20:00.441,7.96982,7.97094,1.00,1.00
2017.09.13 12:20:00.672,7.96986,7.97097,1.00,1.00
2017.09.13 12:20:00.965,7.96956,7.97068,1.00,1.00
2017.09.13 12:20:01.269,7.96953,7.97064,1.00,1.00
2017.09.13 12:20:01.788,7.96949,7.97061,1.00,1.00
2017.09.13 12:20:01.893,7.96962,7.97074,1.00,1.00
2017.09.13 12:20:02.200,7.96951,7.97062,1.00,1.00
2017.09.13 12:20:02.617,7.96939,7.9705,1.00,1.00
2017.09.13 12:20:03.706,7.96938,7.97049,1.00,1.00
2017.09.13 12:20:05.426,7.96936,7.97047,1.00,1.00
2017.09.13 12:20:05.977,7.96943,7.97054,1.00,1.00
2017.09.13 12:20:06.340,7.96952,7.97063,1.00,1.00
2017.09.13 12:20:06.542,7.96947,7.97076,1.00,1.00
2017.09.13 12:20:06.593,7.96966,7.97077,1.00,1.00
2017.09.13 12:20:06.833,7.96974,7.97086,1.00,1.00
2017.09.13 12:20:06.938,7.96982,7.97091,1.00,1.00
2017.09.13 12:20:06.989,7.96984,7.97095,1.00,1.00
2017.09.13 12:20:07.432,7.96988,7.97099,1.00,1.00
2017.09.13 12:20:07.767,7.96985,7.97096,1.00,1.00
2017.09.13 12:20:08.096,7.9699,7.97101,1.00,1.00
2017.09.13 12:20:09.079,7.96985,7.97096,1.00,1.00
2017.09.13 12:20:09.218,7.96981,7.97094,1.50,1.00
2017.09.13 12:20:10.015,7.96979,7.97083,1.00,1.00
2017.09.13 12:20:10.116,7.96981,7.97091,1.00,1.00
2017.09.13 12:20:10.167,7.96983,7.97096,1.00,1.00
2017.09.13 12:20:11.768,7.96988,7.971,1.00,1.00
2017.09.13 12:20:12.751,7.96978,7.97088,1.00,1.00
2017.09.13 12:20:12.853,7.96982,7.97095,1.00,1.00
2017.09.13 12:20:13.005,7.96987,7.97099,1.00,1.00
2017.09.13 12:20:14.658,7.96983,7.97096,1.00,1.00
2017.09.13 12:20:15.556,7.96984,7.97097,1.00,1.00
2017.09.13 12:20:17.699,7.96978,7.9709,1.00,1.00
2017.09.13 12:20:17.852,7.96953,7.97066,1.50,1.00
2017.09.13 12:20:18.757,7.96956,7.97066,1.00,1.00
2017.09.13 12:20:20.149,7.96957,7.97069,1.00,1.00
2017.09.13 12:20:20.200,7.96944,7.97056,1.00,1.00
2017.09.13 12:20:20.897,7.96953,7.97065,1.00,1.00
2017.09.13 12:20:21.729,7.96962,7.97073,1.00,1.00
2017.09.13 12:20:22.957,7.96951,7.97061,1.00,1.00
2017.09.13 12:20:23.058,7.96937,7.97048,1.00,1.00
2017.09.13 12:20:23.233,7.96933,7.9704,1.00,1.00
2017.09.13 12:20:23.384,7.96927,7.9704,1.00,1.00
2017.09.13 12:20:23.435,7.96932,7.97045,1.00,1.00
2017.09.13 12:20:24.006,7.96937,7.97049,1.50,1.00
2017.09.13 12:20:24.452,7.96943,7.97054,1.00,1.00
2017.09.13 12:20:24.886,7.96946,7.97057,1.00,1.00
2017.09.13 12:20:30.196,7.96957,7.97068,1.00,1.00
2017.09.13 12:20:31.663,7.9696,7.97071,1.00,1.00
2017.09.13 12:20:32.189,7.96965,7.97076,1.00,1.00
2017.09.13 12:20:36.133,7.96963,7.97074,1.00,1.00
2017.09.13 12:20:38.320,7.96959,7.9707,1.00,1.00
2017.09.13 12:20:39.197,7.96948,7.97059,1.00,1.00
2017.09.13 12:20:39.501,7.96952,7.97061,1.00,1.00
2017.09.13 12:20:39.625,7.96954,7.97066,1.00,1.00
2017.09.13 12:20:39.676,7.96962,7.97073,1.00,1.00
2017.09.13 12:20:45.618,7.96963,7.97074,1.00,1.00
2017.09.13 12:20:51.164,7.96962,7.97074,1.00,1.00
2017.09.13 12:20:51.581,7.96959,7.9707,1.00,1.00
2017.09.13 12:20:54.307,7.96964,7.97076,1.00,1.00
2017.09.13 12:20:54.948,7.96961,7.97072,1.00,1.00
2017.09.13 12:20:55.154,7.96935,7.97047,1.00,1.00
2017.09.13 12:20:55.205,7.96944,7.97055,1.00,1.00
2017.09.13 12:20:55.256,7.96947,7.97059,1.00,1.00
2017.09.13 12:20:59.823,7.96938,7.9705,1.00,1.00
2017.09.13 12:21:00.297,7.96932,7.97043,1.00,1.00
2017.09.13 12:21:00.348,7.96926,7.97038,1.00,1.00
2017.09.13 12:21:00.500,7.96934,7.97044,1.00,1.00
2017.09.13 12:21:00.601,7.96937,7.97049,1.00,1.00
2017.09.13 12:21:01.105,7.96946,7.97057,1.00,1.00
2017.09.13 12:21:02.862,7.96942,7.97053,1.00,1.00
2017.09.13 12:21:03.829,7.96942,7.97054,1.00,1.00
2017.09.13 12:21:05.747,7.96934,7.97044,1.00,1.00
2017.09.13 12:21:05.798,7.96935,7.97046,1.00,1.00
2017.09.13 12:21:05.849,7.96933,7.97042,1.00,1.00
2017.09.13 12:21:05.900,7.96927,7.97039,1.00,1.00
2017.09.13 12:21:06.217,7.96931,7.97043,1.00,1.00
2017.09.13 12:21:09.337,7.96929,7.9704,1.00,1.00
2017.09.13 12:21:11.097,7.96923,7.97034,1.00,1.00
2017.09.13 12:21:11.637,7.9691,7.97032,1.00,1.00
2017.09.13 12:21:11.739,7.96899,7.97011,1.00,1.00
2017.09.13 12:21:12.064,7.96889,7.97,1.00,1.00
2017.09.13 12:21:12.195,7.96886,7.96998,1.00,1.00
2017.09.13 12:21:12.247,7.96882,7.96993,1.00,1.00
2017.09.13 12:21:12.349,7.96885,7.96997,1.00,1.00
2017.09.13 12:21:13.808,7.96889,7.97,1.00,1.00
2017.09.13 12:21:15.220,7.96896,7.97005,1.00,1.00
2017.09.13 12:21:16.225,7.96886,7.96998,1.00,1.00
2017.09.13 12:21:16.564,7.96882,7.96994,1.00,1.00
2017.09.13 12:21:16.904,7.96878,7.9699,1.00,1.00
2017.09.13 12:21:17.490,7.96875,7.96984,1.00,1.00
2017.09.13 12:21:18.108,7.96884,7.96995,1.00,1.00
2017.09.13 12:21:18.323,7.96877,7.96989,1.00,1.00
2017.09.13 12:21:18.426,7.96875,7.96986,1.00,1.00
2017.09.13 12:21:18.857,7.96877,7.96988,1.00,1.00
2017.09.13 12:21:18.958,7.96885,7.96997,1.00,1.00
2017.09.13 12:21:19.473,7.96886,7.96997,1.00,1.00
2017.09.13 12:21:20.186,7.96891,7.97002,1.00,1.00
2017.09.13 12:21:20.536,7.96894,7.97005,1.00,1.00
2017.09.13 12:21:20.911,7.96888,7.96999,1.00,1.00
2017.09.13 12:21:22.449,7.96896,7.97007,1.00,1.00
2017.09.13 12:21:22.550,7.96907,7.97021,1.00,1.00
2017.09.13 12:21:24.367,7.96907,7.97024,1.00,1.00
2017.09.13 12:21:24.677,7.96911,7.97027,1.00,1.00
2017.09.13 12:21:25.673,7.96904,7.97015,1.00,1.00
2017.09.13 12:21:25.848,7.96911,7.97025,1.00,1.00
2017.09.13 12:21:27.356,7.96903,7.97014,1.00,1.00
2017.09.13 12:21:28.067,7.96888,7.96999,1.00,1.00
2017.09.13 12:21:28.626,7.96886,7.96997,1.00,1.00
2017.09.13 12:21:29.338,7.96883,7.96994,1.00,1.00
2017.09.13 12:21:29.928,7.96888,7.96999,1.00,1.00
2017.09.13 12:21:30.545,7.969,7.97011,1.00,1.00
2017.09.13 12:21:30.812,7.96888,7.97002,1.00,1.00
2017.09.13 12:21:30.863,7.96894,7.97005,1.00,1.00
2017.09.13 12:21:31.154,7.96902,7.97016,1.00,1.00
2017.09.13 12:21:31.557,7.96908,7.97022,1.00,1.00
2017.09.13 12:21:32.234,7.96912,7.97026,1.00,1.00
2017.09.13 12:21:32.563,7.96905,7.97016,1.00,1.00
2017.09.13 12:21:33.397,7.96922,7.97033,1.00,1.00
2017.09.13 12:21:33.526,7.9694,7.97053,1.00,1.00
2017.09.13 12:21:33.577,7.96945,7.97057,1.00,1.00
2017.09.13 12:21:33.882,7.96938,7.97052,1.00,1.00
2017.09.13 12:21:33.983,7.96932,7.97046,1.00,1.00
2017.09.13 12:21:34.396,7.96925,7.97035,1.00,1.00
2017.09.13 12:21:35.583,7.96922,7.97036,1.00,1.00
2017.09.13 12:21:35.634,7.96916,7.97027,1.00,1.00
2017.09.13 12:21:35.937,7.96905,7.97014,1.00,1.00
2017.09.13 12:21:37.759,7.96909,7.97019,1.00,1.00
2017.09.13 12:21:37.810,7.96914,7.97028,1.00,1.00
2017.09.13 12:21:41.578,7.96906,7.97017,1.00,1.00
2017.09.13 12:21:43.630,7.96899,7.97009,1.00,1.00
2017.09.13 12:21:43.682,7.9689,7.97001,1.00,1.00
2017.09.13 12:21:43.733,7.96899,7.97009,1.00,1.00
2017.09.13 12:21:44.859,7.96903,7.97013,1.00,1.00
2017.09.13 12:21:51.276,7.969,7.97011,1.00,1.00
2017.09.13 12:21:51.808,7.96882,7.96991,1.00,1.00
2017.09.13 12:21:51.859,7.96877,7.96987,1.00,1.00
2017.09.13 12:21:51.910,7.96875,7.96986,1.00,1.00
2017.09.13 12:21:52.188,7.9688,7.96991,1.00,1.00
2017.09.13 12:21:52.537,7.96884,7.97004,1.00,1.00
2017.09.13 12:21:52.689,7.96887,7.97008,1.00,1.00
2017.09.13 12:21:53.429,7.96886,7.96997,1.00,1.00
2017.09.13 12:21:53.738,7.96886,7.96995,1.00,1.00
2017.09.13 12:21:54.911,7.96882,7.96994,1.00,1.00
2017.09.13 12:21:57.436,7.96881,7.96992,1.00,1.00
2017.09.13 12:21:57.537,7.9687,7.96982,1.00,1.00
2017.09.13 12:21:57.589,7.96858,7.96968,1.00,1.00
2017.09.13 12:21:57.691,7.9684,7.96952,1.00,1.00
2017.09.13 12:21:57.742,7.96836,7.96947,1.00,1.00
2017.09.13 12:21:58.211,7.96832,7.96943,1.00,1.00
2017.09.13 12:21:58.842,7.96819,7.9693,1.00,1.00
2017.09.13 12:21:58.994,7.9681,7.96922,1.00,1.00
2017.09.13 12:21:59.045,7.96812,7.96924,1.00,1.00
2017.09.13 12:21:59.990,7.96809,7.9692,1.00,1.00
2017.09.13 12:22:00.091,7.96816,7.96928,1.00,1.00
2017.09.13 12:22:00.766,7.96816,7.96927,1.00,1.00
2017.09.13 12:22:01.109,7.96824,7.96939,1.00,1.00
2017.09.13 12:22:03.586,7.96817,7.96928,1.00,1.00
2017.09.13 12:22:06.277,7.96816,7.96928,1.00,1.00
2017.09.13 12:22:07.817,7.96812,7.96924,1.00,1.00
2017.09.13 12:22:08.159,7.96815,7.96927,1.00,1.00
2017.09.13 12:22:08.426,7.96823,7.96938,1.00,1.00
2017.09.13 12:22:09.516,7.96827,7.96938,1.00,1.00
2017.09.13 12:22:18.978,7.96828,7.96939,1.00,1.00
2017.09.13 12:22:21.307,7.96833,7.96944,1.00,1.00
2017.09.13 12:22:21.358,7.96838,7.9695,1.00,1.00
2017.09.13 12:22:22.415,7.96852,7.96964,1.00,1.00
2017.09.13 12:22:23.081,7.96853,7.96964,1.00,1.00
2017.09.13 12:22:24.838,7.96854,7.96966,1.00,1.00
2017.09.13 12:22:26.984,7.96858,7.9697,1.00,1.00
2017.09.13 12:22:27.318,7.96869,7.9698,1.00,1.00
2017.09.13 12:22:27.630,7.96882,7.96993,1.00,1.00
2017.09.13 12:22:27.933,7.96874,7.96981,1.00,1.00
2017.09.13 12:22:27.984,7.9687,7.96981,1.00,1.00
2017.09.13 12:22:28.667,7.96865,7.96977,1.00,1.00
2017.09.13 12:22:29.009,7.9685,7.96962,1.00,1.00
2017.09.13 12:22:29.314,7.96834,7.96945,1.00,1.00
2017.09.13 12:22:30.405,7.96823,7.96932,1.00,1.00
2017.09.13 12:22:30.660,7.96752,7.96863,1.00,1.00
2017.09.13 12:22:30.712,7.96756,7.96867,1.00,1.00
2017.09.13 12:22:31.017,7.96775,7.96886,1.00,1.00
2017.09.13 12:22:31.069,7.96782,7.96894,1.00,1.00
2017.09.13 12:22:31.378,7.96786,7.96897,1.00,1.00
2017.09.13 12:22:31.702,7.96791,7.96902,1.00,1.00
2017.09.13 12:22:32.068,7.96795,7.96906,1.00,1.00
2017.09.13 12:22:33.262,7.96789,7.969,1.00,1.00
2017.09.13 12:22:34.006,7.96792,7.96904,1.00,1.00
2017.09.13 12:22:35.058,7.96793,7.96904,1.00,1.00
2017.09.13 12:22:35.204,7.9679,7.96901,1.00,1.00
2017.09.13 12:22:35.646,7.96787,7.96898,1.00,1.00
2017.09.13 12:22:35.697,7.96789,7.96901,1.00,1.00
2017.09.13 12:22:35.798,7.96787,7.96896,1.00,1.00
2017.09.13 12:22:36.337,7.9679,7.96907,1.00,1.00
2017.09.13 12:22:39.969,7.96795,7.9691,1.00,1.00
2017.09.13 12:22:40.172,7.9679,7.96907,1.00,1.00
2017.09.13 12:22:40.283,7.96786,7.96903,1.00,1.00
2017.09.13 12:22:41.258,7.9679,7.96907,1.00,1.00
2017.09.13 12:22:45.856,7.96788,7.96906,1.00,1.00
2017.09.13 12:22:46.556,7.96784,7.96901,1.00,1.00
2017.09.13 12:22:46.657,7.9677,7.96888,1.00,1.00
2017.09.13 12:22:46.708,7.96768,7.96885,1.00,1.00
2017.09.13 12:22:46.810,7.96772,7.9689,1.00,1.00
2017.09.13 12:22:49.037,7.96774,7.96891,1.00,1.00
2017.09.13 12:22:49.865,7.96776,7.96894,1.00,1.00
2017.09.13 12:22:51.001,7.96773,7.9689,1.00,1.00
2017.09.13 12:22:51.367,7.96779,7.9689,1.00,1.00
2017.09.13 12:22:54.029,7.96782,7.96894,1.00,1.00
2017.09.13 12:22:54.080,7.96791,7.96902,1.00,1.00
2017.09.13 12:22:54.535,7.96795,7.96906,1.00,1.00
2017.09.13 12:22:55.037,7.96791,7.96902,1.00,1.00
2017.09.13 12:22:56.079,7.96787,7.96901,1.00,1.00
2017.09.13 12:22:56.407,7.96791,7.96905,1.00,1.00
2017.09.13 12:22:56.721,7.96787,7.96901,1.00,1.00
2017.09.13 12:23:06.468,7.96788,7.96901,1.00,1.00
2017.09.13 12:23:13.006,7.96779,7.96902,1.00,1.00
2017.09.13 12:23:13.057,7.96813,7.96926,1.00,1.00
2017.09.13 12:23:13.447,7.96803,7.96914,1.00,1.00
2017.09.13 12:23:13.499,7.96791,7.96904,1.00,1.00
2017.09.13 12:23:13.550,7.96786,7.96898,1.00,1.00
2017.09.13 12:23:14.061,7.96785,7.96898,1.00,1.00
2017.09.13 12:23:14.380,7.96773,7.96886,1.00,1.00
2017.09.13 12:23:15.925,7.96772,7.96886,1.00,1.00
2017.09.13 12:23:18.676,7.96782,7.96895,1.00,1.00
2017.09.13 12:23:19.929,7.96786,7.96899,1.00,1.00
2017.09.13 12:23:21.077,7.9679,7.96903,1.00,1.00
2017.09.13 12:23:21.427,7.96787,7.96901,1.00,1.00
2017.09.13 12:23:23.610,7.9677,7.96884,1.00,1.00
2017.09.13 12:23:23.915,7.9675,7.96863,1.00,1.00
2017.09.13 12:23:24.236,7.9674,7.96853,1.00,1.00
2017.09.13 12:23:24.337,7.96726,7.9684,1.00,1.00
2017.09.13 12:23:24.388,7.96729,7.96835,1.00,1.00
2017.09.13 12:23:24.692,7.96723,7.96836,1.00,1.00
2017.09.13 12:23:24.896,7.9672,7.96833,1.00,1.00
2017.09.13 12:23:25.245,7.96709,7.96822,1.50,1.00
2017.09.13 12:23:25.547,7.96704,7.96817,1.00,1.00
2017.09.13 12:23:26.215,7.96705,7.96816,1.00,1.00
2017.09.13 12:23:26.661,7.96707,7.96821,1.00,1.00
2017.09.13 12:23:30.946,7.96705,7.96818,1.00,1.00
2017.09.13 12:23:31.529,7.96711,7.96824,1.00,1.00
2017.09.13 12:23:31.833,7.96716,7.96827,1.00,1.00
2017.09.13 12:23:34.126,7.96716,7.96829,1.00,1.00
2017.09.13 12:23:35.120,7.96712,7.96826,1.00,1.00
2017.09.13 12:23:35.171,7.96711,7.96815,1.00,1.00
2017.09.13 12:23:35.273,7.96695,7.96801,1.00,1.00
2017.09.13 12:23:35.476,7.9669,7.96801,1.00,1.00
2017.09.13 12:23:35.577,7.96693,7.96807,1.00,1.00
2017.09.13 12:23:35.739,7.96695,7.96808,1.00,1.00
2017.09.13 12:23:35.790,7.96691,7.96805,1.00,1.00
2017.09.13 12:23:35.922,7.96691,7.96802,1.00,1.00
2017.09.13 12:23:36.175,7.96685,7.96798,1.00,1.00
2017.09.13 12:23:38.102,7.96679,7.96793,1.00,1.00
2017.09.13 12:23:38.153,7.96683,7.96796,1.00,1.00
2017.09.13 12:23:38.976,7.96689,7.968,1.00,1.00
2017.09.13 12:23:39.078,7.96691,7.96804,1.00,1.00
2017.09.13 12:23:39.637,7.96692,7.96805,1.50,1.00
2017.09.13 12:23:41.214,7.96696,7.96809,1.00,1.00
2017.09.13 12:23:41.550,7.96704,7.96809,1.00,1.00
2017.09.13 12:23:41.662,7.96698,7.96809,1.00,1.00
2017.09.13 12:23:41.759,7.96693,7.96806,1.00,1.00
2017.09.13 12:23:42.614,7.96692,7.96805,1.00,1.00
2017.09.13 12:23:43.295,7.9669,7.96801,1.00,1.00
2017.09.13 12:23:43.498,7.96673,7.96787,1.00,1.00
2017.09.13 12:23:43.751,7.96669,7.96782,1.00,1.00
2017.09.13 12:23:45.166,7.96673,7.96786,1.00,1.00
2017.09.13 12:23:45.349,7.96688,7.96802,1.00,1.00
2017.09.13 12:23:46.017,7.96694,7.96807,1.00,1.00
2017.09.13 12:23:46.379,7.967,7.96813,1.00,1.00
2017.09.13 12:23:46.699,7.96715,7.96828,1.00,1.00
2017.09.13 12:23:48.304,7.9671,7.96823,1.00,1.00
2017.09.13 12:23:48.612,7.9669,7.96803,1.00,1.00
2017.09.13 12:23:49.169,7.96693,7.96804,1.00,1.00
2017.09.13 12:23:49.955,7.96696,7.96809,1.00,1.00
2017.09.13 12:23:51.498,7.96695,7.96809,1.00,1.00
2017.09.13 12:23:53.326,7.96684,7.96797,1.00,1.00
2017.09.13 12:23:54.888,7.96688,7.96801,1.00,1.00
2017.09.13 12:24:01.007,7.96688,7.96802,1.00,1.00
2017.09.13 12:24:01.308,7.96681,7.96794,1.00,1.00
2017.09.13 12:24:04.188,7.96684,7.96797,1.00,1.00
2017.09.13 12:24:04.749,7.96677,7.9679,1.00,1.00
2017.09.13 12:24:04.852,7.96659,7.96773,1.00,1.00
2017.09.13 12:24:04.998,7.96656,7.96769,1.00,1.00
2017.09.13 12:24:06.517,7.96655,7.96768,1.00,1.00
2017.09.13 12:24:08.796,7.96651,7.96765,1.00,1.00
2017.09.13 12:24:14.623,7.96646,7.9676,1.00,1.00
2017.09.13 12:24:14.927,7.96635,7.96749,1.00,1.00
2017.09.13 12:24:15.265,7.9663,7.96743,1.00,1.00
2017.09.13 12:24:15.357,7.96637,7.96751,1.00,1.00
2017.09.13 12:24:15.409,7.96649,7.96762,1.00,1.00
2017.09.13 12:24:15.714,7.96641,7.96755,1.00,1.00
2017.09.13 12:24:16.145,7.96631,7.96744,1.00,1.00
2017.09.13 12:24:16.196,7.96635,7.96749,1.00,1.00
2017.09.13 12:24:20.448,7.9663,7.96743,1.00,1.00
2017.09.13 12:24:21.576,7.96631,7.96744,1.00,1.00
2017.09.13 12:24:22.453,7.96619,7.96733,1.00,1.00
2017.09.13 12:24:22.554,7.96616,7.96729,1.00,1.00
2017.09.13 12:24:22.899,7.96608,7.96721,1.00,1.00
2017.09.13 12:24:23.244,7.96604,7.96717,1.00,1.00
2017.09.13 12:24:23.566,7.96587,7.967,1.00,1.00
2017.09.13 12:24:25.303,7.96591,7.96704,1.00,1.00
2017.09.13 12:24:25.631,7.9662,7.96734,1.00,1.00
2017.09.13 12:24:25.733,7.96615,7.96729,1.00,1.00
2017.09.13 12:24:27.896,7.96611,7.96724,1.00,1.00
2017.09.13 12:24:28.255,7.96616,7.96729,1.00,1.00
2017.09.13 12:24:29.561,7.96606,7.9672,1.00,1.00
2017.09.13 12:24:30.857,7.96613,7.96726,1.00,1.00
2017.09.13 12:24:31.494,7.96616,7.9673,1.00,1.00
2017.09.13 12:24:31.727,7.96591,7.96702,1.00,1.00
2017.09.13 12:24:31.778,7.96582,7.96695,1.00,1.00
2017.09.13 12:24:31.828,7.9658,7.96693,1.00,1.00
2017.09.13 12:24:32.397,7.96585,7.96696,1.00,1.00
2017.09.13 12:24:32.631,7.96631,7.96747,1.00,1.00
2017.09.13 12:24:32.683,7.96622,7.96735,1.00,1.00
2017.09.13 12:24:32.924,7.96616,7.9673,1.00,1.00
2017.09.13 12:24:33.126,7.96623,7.96736,1.00,1.00
2017.09.13 12:24:33.703,7.96624,7.96737,1.00,1.00
2017.09.13 12:24:34.246,7.96623,7.96736,1.00,1.00
2017.09.13 12:24:35.735,7.96646,7.96759,1.00,1.00
2017.09.13 12:24:35.837,7.96652,7.96766,1.00,1.00
2017.09.13 12:24:36.091,7.96644,7.96757,1.00,1.00
2017.09.13 12:24:36.396,7.96641,7.96754,1.00,1.00
2017.09.13 12:24:37.535,7.96635,7.96748,1.00,1.00
2017.09.13 12:24:37.927,7.96602,7.96715,1.00,1.00
2017.09.13 12:24:38.260,7.96589,7.96703,1.00,1.00
2017.09.13 12:24:38.809,7.96589,7.96702,1.00,1.00
2017.09.13 12:24:40.346,7.96594,7.96707,1.00,1.00
2017.09.13 12:24:40.737,7.96576,7.96697,1.00,1.00
2017.09.13 12:24:40.788,7.96588,7.96701,1.00,1.00
2017.09.13 12:24:41.107,7.96592,7.96705,1.00,1.00
2017.09.13 12:24:41.420,7.96588,7.96701,1.00,1.00
2017.09.13 12:24:42.229,7.96584,7.96697,1.00,1.00
2017.09.13 12:24:42.532,7.96594,7.96707,1.00,1.00
2017.09.13 12:24:42.904,7.96588,7.96701,1.00,1.00
2017.09.13 12:24:43.771,7.96586,7.96697,1.00,1.00
2017.09.13 12:24:44.108,7.96578,7.96692,1.00,1.00
2017.09.13 12:24:44.365,7.96566,7.9668,1.00,1.00
2017.09.13 12:24:44.672,7.96581,7.96694,1.00,1.00
2017.09.13 12:24:45.356,7.96585,7.96698,1.00,1.00
2017.09.13 12:24:45.666,7.96596,7.96709,1.00,1.00
2017.09.13 12:24:45.999,7.96589,7.96702,1.00,1.00
2017.09.13 12:24:49.296,7.96587,7.967,1.00,1.00
2017.09.13 12:24:51.607,7.9659,7.96704,1.00,1.00
2017.09.13 12:24:53.297,7.9656,7.96662,1.00,1.00
2017.09.13 12:24:53.399,7.96559,7.96673,1.00,1.00
2017.09.13 12:24:53.601,7.96541,7.96654,1.00,1.00
2017.09.13 12:24:54.808,7.96564,7.96677,1.00,1.00
2017.09.13 12:24:55.154,7.96583,7.96696,1.00,1.00
2017.09.13 12:24:55.516,7.9659,7.96703,1.00,1.00
2017.09.13 12:24:55.567,7.96592,7.96713,1.00,1.00
2017.09.13 12:24:55.668,7.96585,7.96706,1.00,1.00
2017.09.13 12:24:55.981,7.96591,7.96711,1.00,1.00
2017.09.13 12:24:56.708,7.96585,7.96698,1.00,1.00
2017.09.13 12:24:57.376,7.96553,7.96667,1.00,1.00
2017.09.13 12:24:57.428,7.96548,7.96661,1.00,1.00
2017.09.13 12:24:57.776,7.96542,7.96655,1.00,1.00
2017.09.13 12:24:59.048,7.96547,7.9666,1.00,1.00
2017.09.13 12:25:01.131,7.96545,7.96659,1.00,1.00
2017.09.13 12:25:02.930,7.96551,7.96664,1.00,1.00
2017.09.13 12:25:03.234,7.96559,7.96672,1.00,1.00
2017.09.13 12:25:03.519,7.96583,7.96697,1.00,1.00
2017.09.13 12:25:03.571,7.96572,7.96685,1.00,1.00
2017.09.13 12:25:03.774,7.96521,7.96635,1.00,1.00
2017.09.13 12:25:03.825,7.96513,7.96634,1.00,1.00
2017.09.13 12:25:03.876,7.96502,7.96624,1.00,1.00
2017.09.13 12:25:03.927,7.96493,7.96614,1.00,1.00
2017.09.13 12:25:04.029,7.96505,7.96627,1.00,1.00
2017.09.13 12:25:04.080,7.96501,7.96622,1.00,1.00
2017.09.13 12:25:04.416,7.96511,7.96624,1.00,1.00
2017.09.13 12:25:05.044,7.96501,7.96614,1.00,1.00
2017.09.13 12:25:05.366,7.96492,7.96605,1.00,1.00
2017.09.13 12:25:06.620,7.96501,7.96615,1.00,1.00
2017.09.13 12:25:06.671,7.96487,7.96616,1.00,1.00
2017.09.13 12:25:07.152,7.96499,7.96616,1.00,1.00
2017.09.13 12:25:07.610,7.96514,7.96625,1.00,1.00
2017.09.13 12:25:07.661,7.96502,7.96616,1.00,1.00
2017.09.13 12:25:09.602,7.96522,7.96636,1.00,1.00
2017.09.13 12:25:09.855,7.96513,7.96635,1.00,1.00
2017.09.13 12:25:10.117,7.96507,7.96629,1.00,1.00
2017.09.13 12:25:10.421,7.96514,7.96627,1.00,1.00
2017.09.13 12:25:10.780,7.96527,7.96638,1.00,1.00
2017.09.13 12:25:10.831,7.96517,7.9663,1.00,1.00
2017.09.13 12:25:10.983,7.96486,7.96585,1.00,1.00
2017.09.13 12:25:11.034,7.96432,7.96591,1.52,1.00
2017.09.13 12:25:11.131,7.96454,7.9658,1.52,1.00
2017.09.13 12:25:11.183,7.96464,7.96575,1.00,1.00
2017.09.13 12:25:11.235,7.96448,7.96562,1.52,1.00
2017.09.13 12:25:11.285,7.96444,7.96557,1.00,1.00
2017.09.13 12:25:11.336,7.9645,7.96563,1.00,1.00
2017.09.13 12:25:11.641,7.96436,7.96549,1.52,1.00
2017.09.13 12:25:11.935,7.96429,7.96543,1.00,1.00
2017.09.13 12:25:11.986,7.96439,7.96552,1.00,1.00
2017.09.13 12:25:13.375,7.96433,7.96546,1.00,1.00
2017.09.13 12:25:13.476,7.96448,7.96567,1.00,1.00
2017.09.13 12:25:13.808,7.96437,7.96551,1.00,1.00
2017.09.13 12:25:15.191,7.96434,7.96547,1.00,1.00
2017.09.13 12:25:15.723,7.96435,7.96548,1.00,1.00
2017.09.13 12:25:15.958,7.96426,7.9654,1.00,1.00
2017.09.13 12:25:16.161,7.96425,7.96538,1.00,1.00
2017.09.13 12:25:17.587,7.96434,7.96547,1.00,1.00
2017.09.13 12:25:17.949,7.96438,7.96551,1.00,1.00
2017.09.13 12:25:19.342,7.96436,7.9655,1.00,1.00
2017.09.13 12:25:20.599,7.96438,7.96568,1.00,1.00
2017.09.13 12:25:21.671,7.96437,7.96568,1.00,1.00
2017.09.13 12:25:21.823,7.96456,7.96586,1.00,1.00
2017.09.13 12:25:21.874,7.96466,7.96597,1.00,1.00
2017.09.13 12:25:21.925,7.96481,7.9661,1.00,1.00
2017.09.13 12:25:21.976,7.96475,7.96606,1.00,1.00
2017.09.13 12:25:22.027,7.96471,7.96602,1.00,1.00
2017.09.13 12:25:22.354,7.96462,7.96593,1.00,1.00
2017.09.13 12:25:23.478,7.96465,7.96596,1.00,1.00
2017.09.13 12:25:23.961,7.96483,7.96614,1.00,1.00
2017.09.13 12:25:24.264,7.96466,7.96597,1.00,1.00
2017.09.13 12:25:24.851,7.9647,7.96597,1.00,1.00
2017.09.13 12:25:25.209,7.96482,7.96595,1.00,1.00
2017.09.13 12:25:28.048,7.96478,7.96591,1.00,1.00
2017.09.13 12:25:28.150,7.96481,7.96595,1.00,1.00
2017.09.13 12:25:28.479,7.96472,7.96585,1.00,1.00
2017.09.13 12:25:28.991,7.96468,7.96581,1.00,1.00
2017.09.13 12:25:30.486,7.96464,7.96577,1.00,1.00
2017.09.13 12:25:30.797,7.96452,7.96565,1.00,1.00
2017.09.13 12:25:31.209,7.96455,7.96569,1.00,1.00
2017.09.13 12:25:32.745,7.96472,7.96585,1.00,1.00
2017.09.13 12:25:32.796,7.96439,7.96553,1.00,1.00
2017.09.13 12:25:32.848,7.96427,7.9654,1.00,1.00
2017.09.13 12:25:33.299,7.9643,7.96543,1.00,1.00
2017.09.13 12:25:33.719,7.96417,7.9653,1.00,1.00
2017.09.13 12:25:34.022,7.96441,7.96555,1.00,1.00
2017.09.13 12:25:34.073,7.96444,7.96555,1.00,1.00
2017.09.13 12:25:34.813,7.96451,7.96564,1.00,1.00
2017.09.13 12:25:35.809,7.96453,7.96587,1.00,1.00
2017.09.13 12:25:35.860,7.9645,7.96563,1.00,1.00
2017.09.13 12:25:36.377,7.96449,7.96562,1.00,1.00
2017.09.13 12:25:36.428,7.96453,7.96592,1.00,1.00
2017.09.13 12:25:39.881,7.96458,7.96592,1.00,1.00
2017.09.13 12:25:41.870,7.96468,7.96582,1.00,1.00
2017.09.13 12:25:44.754,7.96472,7.96585,1.00,1.00
2017.09.13 12:25:44.805,7.96476,7.9659,1.00,1.00
2017.09.13 12:25:44.856,7.96492,7.96605,1.00,1.00
2017.09.13 12:25:44.908,7.9648,7.96594,1.00,1.00
2017.09.13 12:25:45.009,7.96476,7.9659,1.00,1.00
2017.09.13 12:25:45.174,7.96468,7.96598,1.00,1.00
2017.09.13 12:25:45.276,7.96465,7.96595,1.00,1.00
2017.09.13 12:25:45.832,7.96464,7.96594,1.00,1.00
2017.09.13 12:25:47.789,7.96482,7.96611,1.00,1.00
2017.09.13 12:25:47.841,7.9649,7.9662,1.00,1.00
2017.09.13 12:25:47.891,7.96487,7.96617,1.00,1.00
2017.09.13 12:25:48.357,7.96493,7.96623,1.00,1.00
2017.09.13 12:25:48.672,7.96497,7.96625,1.00,1.00
2017.09.13 12:25:49.445,7.96499,7.96628,1.00,1.00
2017.09.13 12:25:50.965,7.965,7.9663,1.00,1.00
2017.09.13 12:25:51.732,7.96502,7.96626,1.00,1.00
2017.09.13 12:25:52.055,7.96497,7.96627,1.00,1.50
2017.09.13 12:25:52.106,7.96482,7.96595,1.00,1.00
2017.09.13 12:25:52.157,7.96485,7.96626,1.00,1.00
2017.09.13 12:25:52.428,7.96483,7.96596,1.00,1.00
2017.09.13 12:25:52.718,7.96483,7.96626,1.00,1.00
2017.09.13 12:25:53.697,7.96479,7.96592,1.00,1.00
2017.09.13 12:25:54.911,7.96477,7.96591,1.00,1.00
2017.09.13 12:25:55.201,7.96481,7.96592,1.00,1.00
2017.09.13 12:25:55.562,7.96481,7.96623,1.00,1.00
2017.09.13 12:25:55.852,7.96481,7.96614,1.00,1.00
2017.09.13 12:25:56.387,7.96475,7.96614,1.00,1.00
2017.09.13 12:26:01.271,7.96484,7.96614,1.00,1.00
2017.09.13 12:26:01.873,7.96484,7.96626,1.00,1.00
2017.09.13 12:26:03.297,7.96484,7.96615,1.00,1.00
2017.09.13 12:26:03.384,7.96481,7.96615,1.00,1.00
2017.09.13 12:26:03.435,7.96456,7.96615,1.00,1.00
2017.09.13 12:26:03.486,7.96481,7.96615,1.00,1.00
2017.09.13 12:26:04.430,7.9648,7.96615,1.00,1.00
2017.09.13 12:26:04.807,7.9648,7.96622,1.00,1.00
2017.09.13 12:26:06.656,7.96489,7.96613,1.00,1.00
2017.09.13 12:26:07.989,7.96466,7.96607,1.00,1.00
2017.09.13 12:26:08.041,7.96479,7.96603,1.00,1.00
2017.09.13 12:26:08.385,7.96484,7.96608,1.00,1.00
2017.09.13 12:26:08.783,7.9649,7.96612,1.00,1.00
2017.09.13 12:26:09.941,7.96485,7.96612,1.00,1.00
2017.09.13 12:26:10.499,7.96462,7.96606,1.00,1.00
2017.09.13 12:26:10.551,7.96475,7.96604,1.00,1.00
2017.09.13 12:26:11.560,7.96483,7.96609,1.00,1.00
2017.09.13 12:26:11.907,7.96509,7.96636,1.00,1.00
2017.09.13 12:26:12.008,7.96512,7.96639,1.00,1.00
2017.09.13 12:26:12.588,7.96515,7.96642,1.00,1.00
2017.09.13 12:26:14.088,7.96536,7.96662,1.00,1.00
2017.09.13 12:26:14.285,7.96547,7.96674,1.00,1.00
2017.09.13 12:26:15.118,7.96552,7.96678,1.00,1.00
2017.09.13 12:26:15.825,7.96526,7.96673,1.00,1.00
2017.09.13 12:26:15.876,7.96534,7.9666,1.00,1.00
2017.09.13 12:26:16.194,7.96527,7.96653,1.00,1.00
2017.09.13 12:26:16.574,7.96516,7.96651,1.00,1.00
2017.09.13 12:26:19.527,7.96514,7.96649,1.00,1.00
2017.09.13 12:26:19.999,7.96526,7.9664,1.00,1.00
2017.09.13 12:26:21.808,7.96532,7.96645,1.00,1.00
2017.09.13 12:26:22.189,7.9653,7.96643,1.00,1.00
2017.09.13 12:26:23.546,7.96533,7.96647,1.00,1.00
2017.09.13 12:26:24.971,7.96534,7.96647,1.00,1.00
2017.09.13 12:26:30.519,7.96538,7.96651,1.00,1.00
2017.09.13 12:26:31.310,7.96536,7.96649,1.00,1.00
2017.09.13 12:26:35.750,7.96548,7.96661,1.00,1.00
2017.09.13 12:26:36.097,7.9656,7.96673,1.00,1.00
2017.09.13 12:26:36.821,7.96556,7.96669,1.00,1.00
2017.09.13 12:26:37.396,7.96551,7.96664,1.00,1.00
2017.09.13 12:26:37.779,7.96544,7.96658,1.00,1.00
2017.09.13 12:26:37.905,7.96548,7.96661,1.00,1.00
2017.09.13 12:26:39.268,7.96524,7.96637,1.00,1.00
2017.09.13 12:26:39.370,7.96519,7.96633,1.00,1.00
2017.09.13 12:26:39.721,7.96524,7.96637,1.00,1.00
2017.09.13 12:26:40.052,7.96526,7.96639,1.00,1.00
2017.09.13 12:26:42.485,7.96519,7.96632,1.00,1.00
2017.09.13 12:26:45.972,7.96516,7.96629,1.00,1.00
2017.09.13 12:26:46.377,7.96501,7.96632,1.00,1.00
2017.09.13 12:26:46.428,7.96472,7.9653,1.00,1.00
2017.09.13 12:26:46.479,7.96447,7.96541,1.00,1.00
2017.09.13 12:26:46.530,7.96447,7.96551,1.00,1.00
2017.09.13 12:26:46.581,7.96421,7.96531,1.00,1.00
2017.09.13 12:26:46.632,7.96421,7.96516,1.00,1.00
2017.09.13 12:26:46.784,7.96392,7.96505,1.00,1.00
2017.09.13 12:26:46.835,7.96397,7.9651,1.00,1.00
2017.09.13 12:26:47.139,7.96406,7.96519,1.00,1.00
2017.09.13 12:26:49.222,7.96416,7.9653,1.00,1.00
2017.09.13 12:26:49.273,7.96425,7.96538,1.00,1.00
2017.09.13 12:26:49.697,7.96429,7.96542,1.00,1.00
2017.09.13 12:26:50.306,7.96395,7.96499,1.00,1.00
2017.09.13 12:26:50.357,7.96409,7.96522,1.00,1.00
2017.09.13 12:26:50.408,7.96395,7.96507,1.00,1.00
2017.09.13 12:26:50.967,7.96394,7.96507,1.00,1.00
2017.09.13 12:26:51.298,7.96382,7.96495,1.00,1.00
2017.09.13 12:26:51.759,7.96391,7.96504,1.00,1.00
2017.09.13 12:26:53.061,7.96402,7.96515,1.00,1.00
2017.09.13 12:26:53.392,7.96389,7.96502,1.00,1.00
2017.09.13 12:26:53.937,7.96386,7.96499,1.00,1.00
2017.09.13 12:26:55.031,7.96392,7.96505,1.00,1.00
2017.09.13 12:26:55.885,7.96399,7.96512,1.00,1.00
2017.09.13 12:26:56.248,7.96395,7.96508,1.00,1.00
2017.09.13 12:26:56.629,7.96381,7.96494,1.00,1.00
2017.09.13 12:26:56.946,7.96383,7.96496,1.00,1.00
2017.09.13 12:26:57.266,7.96387,7.965,1.00,1.00
2017.09.13 12:26:57.973,7.9639,7.96503,1.00,1.00
2017.09.13 12:27:00.275,7.96386,7.96499,1.00,1.00
2017.09.13 12:27:01.371,7.96387,7.965,1.00,1.00
2017.09.13 12:27:01.422,7.96389,7.96503,1.00,1.00
2017.09.13 12:27:05.186,7.96402,7.96515,1.00,1.00
2017.09.13 12:27:05.494,7.96412,7.96523,1.00,1.00
2017.09.13 12:27:06.168,7.9637,7.96483,1.00,1.00
2017.09.13 12:27:06.219,7.96361,7.9647,1.00,1.00
2017.09.13 12:27:06.270,7.96369,7.96482,1.00,1.00
2017.09.13 12:27:06.635,7.96375,7.96488,1.00,1.00
2017.09.13 12:27:06.999,7.9637,7.9648,1.00,1.00
2017.09.13 12:27:09.127,7.96396,7.96508,1.00,1.00
2017.09.13 12:27:09.270,7.96404,7.96517,1.00,1.00
2017.09.13 12:27:09.322,7.96423,7.96536,1.00,1.00
2017.09.13 12:27:09.888,7.96424,7.96536,1.00,1.00
2017.09.13 12:27:10.082,7.9642,7.96533,1.00,1.00
2017.09.13 12:27:10.956,7.96416,7.96529,1.00,1.00
2017.09.13 12:27:11.664,7.96432,7.96544,1.00,1.00
2017.09.13 12:27:12.031,7.96437,7.9655,1.00,1.00
2017.09.13 12:27:12.556,7.96441,7.96554,1.00,1.00
2017.09.13 12:27:12.897,7.96437,7.9655,1.00,1.00
2017.09.13 12:27:13.849,7.96441,7.96554,1.00,1.00
2017.09.13 12:27:14.589,7.96438,7.9655,1.00,1.00
2017.09.13 12:27:16.410,7.96435,7.96548,1.00,1.00
2017.09.13 12:27:16.562,7.96444,7.96557,1.00,1.00
2017.09.13 12:27:16.867,7.96365,7.96477,1.00,1.00
2017.09.13 12:27:17.191,7.96348,7.96459,1.00,1.00
2017.09.13 12:27:17.243,7.96356,7.96469,1.00,1.00
2017.09.13 12:27:17.345,7.96361,7.96474,1.00,1.00
2017.09.13 12:27:17.648,7.96371,7.96484,1.00,1.00
2017.09.13 12:27:19.580,7.96368,7.96481,1.00,1.00
2017.09.13 12:27:20.152,7.96378,7.9649,1.00,1.00
2017.09.13 12:27:20.490,7.96401,7.96513,1.00,1.00
2017.09.13 12:27:20.592,7.96411,7.96524,1.00,1.00
2017.09.13 12:27:20.694,7.96417,7.96528,1.00,1.00
2017.09.13 12:27:21.004,7.96425,7.96538,1.00,1.00
2017.09.13 12:27:21.469,7.96436,7.96547,1.00,1.00
2017.09.13 12:27:25.118,7.9643,7.96543,1.00,1.00
2017.09.13 12:27:25.727,7.96435,7.96548,1.00,1.00
2017.09.13 12:27:26.228,7.96429,7.96542,1.00,1.00
2017.09.13 12:27:28.782,7.96436,7.96548,1.00,1.00
2017.09.13 12:27:29.107,7.9644,7.96552,1.00,1.00
2017.09.13 12:27:29.360,7.96443,7.96556,1.00,1.00
2017.09.13 12:27:29.863,7.96447,7.96559,1.00,1.00
2017.09.13 12:27:30.168,7.96452,7.96564,1.00,1.00
2017.09.13 12:27:30.628,7.96457,7.96569,1.00,1.00
2017.09.13 12:27:34.659,7.96456,7.96567,1.00,1.00
2017.09.13 12:27:35.040,7.96464,7.96578,1.00,1.00
2017.09.13 12:27:36.942,7.96462,7.96578,1.00,1.00
2017.09.13 12:27:39.443,7.96453,7.96565,1.00,1.00
2017.09.13 12:27:39.904,7.96462,7.96578,1.00,1.00
2017.09.13 12:27:40.157,7.96459,7.96578,1.00,1.00
2017.09.13 12:27:40.464,7.96448,7.96557,1.00,1.00
2017.09.13 12:27:40.514,7.96448,7.96564,1.00,1.00
2017.09.13 12:27:40.565,7.96445,7.96564,1.00,1.00
2017.09.13 12:27:41.385,7.96435,7.96547,1.00,1.00
2017.09.13 12:27:42.203,7.9644,7.96561,1.00,1.00
2017.09.13 12:27:42.355,7.9644,7.96564,1.00,1.00
2017.09.13 12:27:46.461,7.96439,7.96562,1.00,1.00
2017.09.13 12:27:47.308,7.96437,7.9656,1.00,1.00
2017.09.13 12:27:47.638,7.96435,7.96559,1.00,1.00
2017.09.13 12:27:49.641,7.96436,7.9656,1.00,1.00
2017.09.13 12:27:51.255,7.96442,7.96566,1.00,1.00
2017.09.13 12:27:51.562,7.96438,7.96562,1.00,1.00
2017.09.13 12:27:51.865,7.96442,7.96566,1.00,1.00
2017.09.13 12:27:52.178,7.96447,7.96565,1.00,1.00
2017.09.13 12:27:54.342,7.96442,7.96562,1.00,1.00
2017.09.13 12:27:54.393,7.96435,7.96548,1.00,1.00
2017.09.13 12:27:54.520,7.96425,7.96545,1.00,1.00
2017.09.13 12:27:55.151,7.96429,7.96544,1.00,1.00
2017.09.13 12:27:56.063,7.96424,7.96539,1.00,1.00
2017.09.13 12:27:56.366,7.9642,7.96535,1.00,1.00
2017.09.13 12:27:56.670,7.96416,7.9653,1.00,1.00
2017.09.13 12:27:56.721,7.96413,7.96528,1.00,1.00
2017.09.13 12:27:56.822,7.9641,7.96526,1.00,1.00
2017.09.13 12:27:57.338,7.96409,7.96525,1.00,1.00
2017.09.13 12:27:57.893,7.96414,7.96529,1.00,1.00
2017.09.13 12:27:59.778,7.96414,7.96527,1.00,1.00
2017.09.13 12:28:00.599,7.96414,7.96529,1.00,1.00
2017.09.13 12:28:00.852,7.96403,7.96505,1.00,1.00
2017.09.13 12:28:00.954,7.96376,7.96488,1.00,1.00
2017.09.13 12:28:01.005,7.96376,7.96482,1.00,1.00
2017.09.13 12:28:01.056,7.96363,7.96472,1.00,1.00
2017.09.13 12:28:01.538,7.96358,7.96471,1.00,1.00
2017.09.13 12:28:01.703,7.96357,7.96469,1.00,1.00
2017.09.13 12:28:02.854,7.96363,7.96472,1.00,1.00
2017.09.13 12:28:02.905,7.96368,7.96481,1.00,1.00
2017.09.13 12:28:02.957,7.96377,7.96481,1.00,1.00
2017.09.13 12:28:03.282,7.96375,7.96481,1.00,1.00
2017.09.13 12:28:03.421,7.96375,7.96485,1.00,1.00
2017.09.13 12:28:03.787,7.96376,7.96488,1.00,1.00
2017.09.13 12:28:03.837,7.96386,7.96488,1.00,1.00
2017.09.13 12:28:04.015,7.96386,7.96496,1.50,1.00
2017.09.13 12:28:04.281,7.96388,7.96501,1.00,1.00
2017.09.13 12:28:06.311,7.96389,7.96501,1.00,1.00
2017.09.13 12:28:07.021,7.96385,7.96497,1.00,1.00
2017.09.13 12:28:07.360,7.96359,7.96471,1.00,1.00
2017.09.13 12:28:07.664,7.96368,7.96479,1.00,1.00
2017.09.13 12:28:08.759,7.96368,7.9648,1.00,1.00
2017.09.13 12:28:10.213,7.96366,7.96479,1.00,1.00
2017.09.13 12:28:12.109,7.96395,7.96507,1.00,1.00
2017.09.13 12:28:13.118,7.964,7.96512,1.00,1.00
2017.09.13 12:28:15.215,7.9641,7.96521,1.00,1.00
2017.09.13 12:28:15.519,7.964,7.96511,1.00,1.00
2017.09.13 12:28:15.868,7.96406,7.96518,1.00,1.00
2017.09.13 12:28:15.969,7.96411,7.96522,1.00,1.00
2017.09.13 12:28:16.521,7.96413,7.96523,1.00,1.00
2017.09.13 12:28:16.623,7.96436,7.96548,1.00,1.50
2017.09.13 12:28:16.674,7.96426,7.96538,1.00,1.00
2017.09.13 12:28:17.183,7.96427,7.96539,1.00,1.00
2017.09.13 12:28:18.286,7.96418,7.9653,1.00,1.00
2017.09.13 12:28:18.852,7.9643,7.96541,1.00,1.00
2017.09.13 12:28:19.700,7.96432,7.96544,1.00,1.00
2017.09.13 12:28:20.151,7.96441,7.96552,1.00,1.00
2017.09.13 12:28:20.455,7.96465,7.96576,1.00,1.00
2017.09.13 12:28:21.094,7.96466,7.96577,1.00,1.00
2017.09.13 12:28:21.406,7.96464,7.96575,1.00,1.00
2017.09.13 12:28:21.931,7.9646,7.96571,1.00,1.00
2017.09.13 12:28:22.630,7.96447,7.96558,1.00,1.00
2017.09.13 12:28:22.992,7.96459,7.96568,1.00,1.00
2017.09.13 12:28:23.839,7.96457,7.96568,1.00,1.00
2017.09.13 12:28:25.740,7.96459,7.96568,1.00,1.00
2017.09.13 12:28:27.142,7.96467,7.96578,1.00,1.00
2017.09.13 12:28:28.121,7.96463,7.96589,1.00,1.00
2017.09.13 12:28:28.273,7.96475,7.96589,1.00,1.00
2017.09.13 12:28:28.614,7.96478,7.96598,1.00,1.00
2017.09.13 12:28:28.716,7.96478,7.96603,1.00,1.00
2017.09.13 12:28:28.817,7.965,7.96603,1.00,1.00
2017.09.13 12:28:29.062,7.96488,7.96608,1.00,1.00
2017.09.13 12:28:29.569,7.96489,7.96608,1.00,1.00
2017.09.13 12:28:30.059,7.96489,7.96594,1.00,1.00
2017.09.13 12:28:30.110,7.96489,7.96601,1.00,1.00
2017.09.13 12:28:30.231,7.96473,7.96595,1.00,1.00
2017.09.13 12:28:30.481,7.96485,7.96595,1.00,1.00
2017.09.13 12:28:30.545,7.96485,7.96601,1.00,1.00
2017.09.13 12:28:31.074,7.96486,7.96602,1.00,1.00
2017.09.13 12:28:31.658,7.96485,7.96603,1.00,1.00
2017.09.13 12:28:31.862,7.96485,7.96606,1.00,1.00
2017.09.13 12:28:31.913,7.96486,7.96614,1.00,1.00
2017.09.13 12:28:32.347,7.96488,7.96614,1.00,1.00
2017.09.13 12:28:32.677,7.96492,7.96614,1.00,1.00
2017.09.13 12:28:34.108,7.96494,7.96614,1.00,1.00
2017.09.13 12:28:34.731,7.96494,7.96611,1.00,1.00
2017.09.13 12:28:35.288,7.96494,7.96612,1.00,1.00
2017.09.13 12:28:35.339,7.96504,7.96631,1.00,1.00
2017.09.13 12:28:35.390,7.96506,7.96634,1.00,1.00
2017.09.13 12:28:35.441,7.9651,7.96637,1.00,1.00
2017.09.13 12:28:35.745,7.96518,7.96637,1.00,1.00
2017.09.13 12:28:36.308,7.96519,7.96637,1.00,1.00
2017.09.13 12:28:36.665,7.96516,7.96637,1.00,1.00
2017.09.13 12:28:36.897,7.96517,7.96639,1.00,1.00
2017.09.13 12:28:37.020,7.96525,7.96636,1.00,1.00
2017.09.13 12:28:37.368,7.96527,7.96638,1.00,1.00
2017.09.13 12:28:38.124,7.96544,7.96655,1.00,1.00
2017.09.13 12:28:38.176,7.96546,7.96658,1.00,1.00
2017.09.13 12:28:38.227,7.96553,7.96662,1.00,1.00
2017.09.13 12:28:38.278,7.9655,7.96661,1.00,1.00
2017.09.13 12:28:38.430,7.96554,7.96665,1.00,1.00
2017.09.13 12:28:38.970,7.96556,7.96668,1.00,1.00
2017.09.13 12:28:39.205,7.96552,7.96663,1.00,1.00
2017.09.13 12:28:39.955,7.96566,7.96677,1.00,1.00
2017.09.13 12:28:40.275,7.96556,7.96665,1.00,1.00
2017.09.13 12:28:40.727,7.96558,7.96665,1.00,1.00
2017.09.13 12:28:41.001,7.96588,7.96697,1.00,1.00
2017.09.13 12:28:41.304,7.96586,7.96697,1.00,1.00
2017.09.13 12:28:41.932,7.96582,7.96694,1.50,1.00
2017.09.13 12:28:41.983,7.9659,7.96694,1.00,1.00
2017.09.13 12:28:42.156,7.96582,7.96694,1.50,1.00
2017.09.13 12:28:42.268,7.96582,7.9669,1.00,1.00
2017.09.13 12:28:42.487,7.9658,7.9669,1.00,1.00
2017.09.13 12:28:42.755,7.9658,7.96678,1.00,1.00
2017.09.13 12:28:42.858,7.96563,7.96674,1.00,1.00
2017.09.13 12:28:44.957,7.96549,7.96665,1.00,1.00
2017.09.13 12:28:45.528,7.9655,7.96665,1.00,1.00
2017.09.13 12:28:45.580,7.96552,7.96665,1.00,1.00
2017.09.13 12:28:46.117,7.9655,7.96665,1.00,1.00
2017.09.13 12:28:46.691,7.96549,7.96665,1.00,1.00
2017.09.13 12:28:48.126,7.96552,7.96662,1.00,1.00
2017.09.13 12:28:48.317,7.9655,7.96662,1.00,1.00
2017.09.13 12:28:48.647,7.96548,7.96662,1.00,1.00
2017.09.13 12:28:49.162,7.96547,7.96662,1.00,1.00
2017.09.13 12:28:49.308,7.96549,7.96662,1.00,1.00
2017.09.13 12:28:49.760,7.96549,7.9666,1.00,1.00
2017.09.13 12:28:50.517,7.96551,7.9666,1.00,1.00
2017.09.13 12:28:50.948,7.96552,7.96665,1.00,1.00
2017.09.13 12:28:51.465,7.96552,7.96666,1.00,1.00
2017.09.13 12:28:51.836,7.9655,7.96666,1.00,1.00
2017.09.13 12:28:52.096,7.96547,7.96666,1.00,1.00
2017.09.13 12:28:52.387,7.96544,7.96666,1.00,1.00
2017.09.13 12:28:52.738,7.96542,7.96666,1.00,1.00
2017.09.13 12:28:53.416,7.9654,7.96666,1.00,1.00
2017.09.13 12:28:53.707,7.96535,7.96666,1.00,1.00
2017.09.13 12:28:54.066,7.9654,7.96666,1.00,1.00
2017.09.13 12:28:55.031,7.96539,7.96671,1.00,1.00
2017.09.13 12:28:55.082,7.9655,7.96685,1.00,1.00
2017.09.13 12:28:55.133,7.96554,7.96686,1.00,1.00
2017.09.13 12:28:55.437,7.96567,7.96685,1.00,1.00
2017.09.13 12:28:55.488,7.96551,7.96678,1.00,1.00
2017.09.13 12:28:55.539,7.96551,7.96669,1.00,1.00
2017.09.13 12:28:55.837,7.96543,7.9667,1.00,1.00
2017.09.13 12:28:56.128,7.96541,7.9667,1.00,1.00
2017.09.13 12:28:56.640,7.9654,7.9667,1.00,1.00
2017.09.13 12:28:56.691,7.96542,7.96666,1.00,1.00
2017.09.13 12:28:57.092,7.96534,7.96666,1.50,1.00
2017.09.13 12:28:57.337,7.9654,7.96666,1.00,1.00
2017.09.13 12:28:57.689,7.9654,7.96672,1.00,1.00
2017.09.13 12:28:57.892,7.96545,7.96672,1.00,1.00
2017.09.13 12:28:58.657,7.96544,7.96672,1.00,1.00
2017.09.13 12:28:59.318,7.96543,7.96672,1.00,1.00
2017.09.13 12:28:59.977,7.96542,7.96672,1.00,1.00
2017.09.13 12:29:00.308,7.96544,7.96672,1.00,1.00
2017.09.13 12:29:00.646,7.96552,7.96672,1.00,1.00
2017.09.13 12:29:00.856,7.9655,7.96672,1.00,1.00
2017.09.13 12:29:01.121,7.96552,7.96684,1.00,1.00
2017.09.13 12:29:01.172,7.96556,7.96688,1.00,1.00
2017.09.13 12:29:01.535,7.96585,7.96692,1.00,1.00
2017.09.13 12:29:01.774,7.9658,7.96692,1.00,1.00
2017.09.13 12:29:02.097,7.96583,7.96692,1.00,1.00
2017.09.13 12:29:02.617,7.96581,7.96692,1.00,1.00
2017.09.13 12:29:02.668,7.96581,7.96695,1.00,1.00
2017.09.13 12:29:02.965,7.96581,7.96688,1.00,1.00
2017.09.13 12:29:03.315,7.9658,7.96677,1.00,1.00
2017.09.13 12:29:03.366,7.96577,7.96677,1.00,1.00
2017.09.13 12:29:03.417,7.96577,7.9669,1.00,1.00
2017.09.13 12:29:03.468,7.96577,7.96695,1.00,1.00
2017.09.13 12:29:03.570,7.96584,7.96695,1.00,1.00
2017.09.13 12:29:04.259,7.96581,7.96695,1.00,1.00
2017.09.13 12:29:04.427,7.96575,7.96695,1.00,1.00
2017.09.13 12:29:04.756,7.96578,7.96695,1.00,1.00
2017.09.13 12:29:05.060,7.96578,7.96691,1.00,1.00
2017.09.13 12:29:05.456,7.9658,7.96691,1.00,1.00
2017.09.13 12:29:06.517,7.96579,7.96691,1.00,1.00
2017.09.13 12:29:07.024,7.96584,7.96691,1.00,1.00
2017.09.13 12:29:07.126,7.96586,7.96695,1.00,1.00
2017.09.13 12:29:07.836,7.96585,7.96695,1.00,1.00
2017.09.13 12:29:08.146,7.96585,7.96693,1.00,1.00
2017.09.13 12:29:08.717,7.96593,7.96693,1.00,1.00
2017.09.13 12:29:09.376,7.966,7.96693,1.00,1.00
2017.09.13 12:29:09.942,7.96599,7.96693,1.00,1.00
2017.09.13 12:29:10.255,7.96599,7.96677,1.00,1.00
2017.09.13 12:29:10.306,7.96569,7.96687,1.00,1.00
2017.09.13 12:29:10.357,7.96569,7.9669,1.00,1.00
2017.09.13 12:29:10.408,7.96591,7.9669,1.00,1.00
2017.09.13 12:29:11.027,7.9659,7.9669,1.00,1.00
2017.09.13 12:29:11.687,7.96592,7.9669,1.00,1.00
2017.09.13 12:29:12.247,7.96594,7.9669,1.00,1.00
2017.09.13 12:29:12.732,7.96564,7.96679,1.00,1.00
2017.09.13 12:29:12.995,7.96564,7.96681,1.00,1.00
2017.09.13 12:29:13.046,7.96577,7.96681,1.00,1.00
2017.09.13 12:29:13.924,7.96578,7.96681,1.00,1.00
2017.09.13 12:29:14.470,7.96579,7.96681,1.00,1.00
2017.09.13 12:29:14.983,7.9658,7.96681,1.00,1.00
2017.09.13 12:29:15.816,7.9658,7.9668,1.00,1.00
2017.09.13 12:29:15.918,7.96559,7.9667,1.00,1.00
2017.09.13 12:29:15.969,7.96559,7.96667,1.00,1.00
2017.09.13 12:29:16.245,7.96547,7.96661,1.00,1.00
2017.09.13 12:29:16.649,7.96546,7.96671,1.00,1.00
2017.09.13 12:29:16.700,7.96575,7.96665,1.00,1.00
2017.09.13 12:29:16.803,7.96555,7.96651,1.00,1.00
2017.09.13 12:29:16.854,7.96555,7.96639,1.00,1.00
2017.09.13 12:29:17.006,7.96536,7.96625,1.00,1.00
2017.09.13 12:29:17.323,7.96533,7.96625,1.00,1.00
2017.09.13 12:29:17.856,7.96532,7.96625,1.00,1.00
2017.09.13 12:29:18.426,7.96534,7.96625,1.00,1.00
2017.09.13 12:29:18.737,7.96534,7.96619,1.00,1.00
2017.09.13 12:29:19.396,7.96529,7.96619,1.00,1.00
2017.09.13 12:29:19.616,7.96527,7.96619,1.00,1.00
2017.09.13 12:29:19.946,7.96525,7.96619,1.00,1.00
2017.09.13 12:29:20.276,7.96523,7.96619,1.00,1.00
2017.09.13 12:29:21.376,7.96522,7.96619,1.00,1.00
2017.09.13 12:29:21.926,7.96521,7.96619,1.00,1.00
2017.09.13 12:29:22.151,7.96521,7.96626,1.00,1.00
2017.09.13 12:29:22.947,7.9652,7.96622,1.00,1.00
2017.09.13 12:29:24.062,7.9652,7.96638,1.00,1.00
2017.09.13 12:29:24.163,7.96542,7.96654,1.00,1.00
2017.09.13 12:29:24.545,7.96579,7.96691,1.00,1.00
2017.09.13 12:29:24.849,7.96547,7.96654,1.00,1.00
2017.09.13 12:29:25.064,7.9655,7.96659,1.00,1.00
2017.09.13 12:29:25.285,7.96564,7.96659,1.00,1.00
2017.09.13 12:29:25.336,7.96564,7.96667,1.00,1.00
2017.09.13 12:29:25.438,7.96579,7.96687,1.00,1.00
2017.09.13 12:29:25.489,7.96581,7.96687,1.00,1.00
2017.09.13 12:29:25.793,7.96586,7.96687,1.00,1.00
2017.09.13 12:29:26.229,7.96593,7.96687,1.00,1.00
2017.09.13 12:29:26.577,7.96597,7.96683,1.00,1.00
2017.09.13 12:29:26.678,7.96574,7.96683,1.00,1.00
2017.09.13 12:29:26.928,7.96582,7.96683,1.00,1.00
2017.09.13 12:29:27.328,7.96583,7.96687,1.00,1.00
2017.09.13 12:29:28.124,7.96585,7.96696,1.00,1.00
2017.09.13 12:29:28.176,7.96611,7.96714,1.00,1.00
2017.09.13 12:29:28.227,7.9662,7.96732,1.00,1.37
2017.09.13 12:29:28.328,7.9662,7.96725,1.00,1.00
2017.09.13 12:29:28.532,7.9664,7.96752,1.00,1.00
2017.09.13 12:29:28.583,7.96656,7.96767,1.00,1.50
2017.09.13 12:29:28.634,7.96631,7.96743,1.00,1.00
2017.09.13 12:29:28.686,7.96648,7.96737,1.00,1.00
2017.09.13 12:29:28.787,7.96642,7.96737,1.00,1.00
2017.09.13 12:29:28.838,7.96647,7.96737,1.00,1.00
2017.09.13 12:29:28.973,7.96627,7.96737,1.00,1.00
2017.09.13 12:29:29.176,7.96627,7.96739,1.00,1.00
2017.09.13 12:29:29.277,7.96615,7.96726,1.00,1.00
2017.09.13 12:29:30.216,7.96619,7.9673,1.00,1.00
2017.09.13 12:29:30.758,7.96618,7.96724,1.00,1.00
2017.09.13 12:29:31.062,7.96616,7.9672,1.00,1.00
2017.09.13 12:29:31.324,7.96614,7.9672,1.00,1.00
2017.09.13 12:29:31.705,7.96614,7.96718,1.00,1.00
2017.09.13 12:29:32.219,7.96613,7.96718,1.00,1.00
2017.09.13 12:29:32.321,7.96598,7.96717,1.00,1.00
2017.09.13 12:29:32.423,7.96627,7.96746,1.00,1.00
2017.09.13 12:29:32.474,7.96619,7.96746,1.00,1.00
2017.09.13 12:29:32.573,7.96619,7.96737,1.00,1.00
2017.09.13 12:29:32.675,7.9661,7.96737,1.00,1.00
2017.09.13 12:29:32.726,7.96635,7.96751,1.00,1.00
2017.09.13 12:29:33.029,7.96639,7.9675,1.00,1.00
2017.09.13 12:29:33.080,7.96631,7.9675,1.00,1.00
2017.09.13 12:29:33.131,7.96625,7.96731,1.00,1.00
2017.09.13 12:29:33.628,7.96624,7.96748,1.00,1.00
2017.09.13 12:29:33.743,7.96626,7.96733,1.00,1.00
2017.09.13 12:29:33.796,7.96626,7.96743,1.00,1.00
2017.09.13 12:29:33.898,7.96626,7.9674,1.00,1.00
2017.09.13 12:29:34.009,7.96626,7.96756,1.00,1.00
2017.09.13 12:29:34.060,7.96632,7.96756,1.00,1.00
2017.09.13 12:29:34.268,7.96629,7.96756,1.00,1.00
2017.09.13 12:29:34.641,7.96627,7.96749,1.00,1.00
2017.09.13 12:29:34.692,7.96627,7.96757,1.00,1.00
2017.09.13 12:29:34.743,7.96644,7.96757,1.00,1.00
2017.09.13 12:29:34.794,7.96644,7.9676,1.00,1.00
2017.09.13 12:29:34.978,7.96644,7.96752,1.00,1.00
2017.09.13 12:29:35.029,7.96644,7.96756,1.00,1.00
2017.09.13 12:29:35.080,7.96653,7.96756,1.00,1.00
2017.09.13 12:29:35.383,7.96656,7.96777,1.00,1.00
2017.09.13 12:29:35.614,7.96659,7.96777,1.00,1.00
2017.09.13 12:29:35.665,7.96659,7.96789,1.00,1.00
2017.09.13 12:29:35.717,7.96679,7.96817,1.00,1.50
2017.09.13 12:29:35.768,7.96705,7.96817,1.00,1.00
2017.09.13 12:29:35.819,7.96715,7.96851,1.00,1.00
2017.09.13 12:29:36.010,7.96715,7.96844,1.00,1.00
2017.09.13 12:29:36.163,7.96699,7.96837,1.00,1.00
2017.09.13 12:29:36.214,7.96694,7.9683,1.00,1.00
2017.09.13 12:29:36.366,7.96692,7.9683,1.00,1.00
2017.09.13 12:29:36.417,7.96684,7.96821,1.00,1.00
2017.09.13 12:29:36.617,7.96678,7.96818,1.00,1.00
2017.09.13 12:29:37.224,7.96674,7.96811,1.00,1.00
2017.09.13 12:29:37.807,7.96673,7.96811,1.00,1.00
2017.09.13 12:29:38.521,7.96671,7.96803,1.00,1.00
2017.09.13 12:29:38.623,7.96673,7.9681,1.00,1.00
2017.09.13 12:29:39.455,7.96685,7.96815,1.00,1.00
2017.09.13 12:29:39.759,7.96684,7.96808,1.00,1.00
2017.09.13 12:29:39.810,7.96685,7.96816,1.00,1.00
2017.09.13 12:29:40.384,7.96678,7.96807,1.00,1.00
2017.09.13 12:29:40.781,7.96673,7.96802,1.00,1.00
2017.09.13 12:29:41.148,7.96685,7.96811,1.00,1.00
2017.09.13 12:29:41.620,7.96684,7.96813,1.00,1.00
2017.09.13 12:29:41.671,7.96691,7.96819,1.00,1.00
2017.09.13 12:29:43.357,7.96687,7.96808,1.00,1.00
2017.09.13 12:29:43.459,7.96681,7.96808,1.00,1.00
2017.09.13 12:29:44.196,7.9669,7.96819,1.00,1.00
2017.09.13 12:29:44.247,7.96696,7.96825,1.00,1.00
2017.09.13 12:29:44.559,7.96733,7.9686,1.00,1.00
2017.09.13 12:29:44.892,7.96759,7.96866,1.00,1.00
2017.09.13 12:29:44.994,7.96769,7.96889,1.00,1.00
2017.09.13 12:29:45.046,7.9676,7.96881,1.00,1.00
2017.09.13 12:29:45.097,7.96759,7.96907,1.00,1.00
2017.09.13 12:29:45.148,7.96759,7.96909,1.00,1.00
2017.09.13 12:29:45.199,7.96753,7.96909,1.00,1.00
2017.09.13 12:29:45.603,7.9675,7.96909,1.00,1.00
2017.09.13 12:29:46.058,7.96747,7.96909,1.00,1.00
2017.09.13 12:29:46.405,7.96742,7.96909,1.00,1.00
2017.09.13 12:29:46.635,7.96689,7.96883,1.00,1.00
2017.09.13 12:29:46.690,7.96689,7.96799,1.00,1.00
2017.09.13 12:29:46.741,7.9664,7.96791,1.00,1.00
2017.09.13 12:29:46.843,7.9664,7.96763,1.00,1.00
2017.09.13 12:29:46.944,7.96614,7.96763,1.00,1.00
2017.09.13 12:29:47.299,7.966,7.96762,1.00,1.00
2017.09.13 12:29:47.645,7.96598,7.96762,1.00,1.00
2017.09.13 12:29:47.848,7.96596,7.96762,1.00,1.00
2017.09.13 12:29:48.383,7.96597,7.96762,1.00,1.00
2017.09.13 12:29:48.434,7.96597,7.96749,1.00,1.00
2017.09.13 12:29:48.536,7.96595,7.96749,1.00,1.00
2017.09.13 12:29:48.826,7.96591,7.96749,1.00,1.00
2017.09.13 12:29:49.399,7.96597,7.96749,1.00,1.00
2017.09.13 12:29:49.682,7.96624,7.96777,1.00,1.00
2017.09.13 12:29:49.735,7.96642,7.96778,1.00,1.00
2017.09.13 12:29:49.850,7.96642,7.968,1.00,1.00
2017.09.13 12:29:49.951,7.96677,7.968,1.00,1.00
2017.09.13 12:29:50.002,7.96677,7.96837,1.00,1.00
2017.09.13 12:29:50.155,7.96661,7.96837,1.00,1.00
2017.09.13 12:29:50.257,7.96661,7.96844,1.00,1.00
2017.09.13 12:29:50.807,7.96667,7.96844,1.00,1.00
2017.09.13 12:29:50.959,7.96619,7.96844,1.00,1.00
2017.09.13 12:29:51.113,7.96619,7.96851,1.00,1.00
2017.09.13 12:29:54.701,7.96619,7.9685,1.00,1.00
2017.09.13 12:29:54.761,7.96619,7.96847,1.00,1.00
2017.09.13 12:29:55.126,7.96619,7.96837,1.00,1.00
2017.09.13 12:29:55.380,7.96619,7.96847,1.00,1.00
2017.09.13 12:29:55.860,7.96589,7.9682,1.00,1.00
2017.09.13 12:29:56.466,7.96589,7.96817,1.00,1.00
2017.09.13 12:29:56.770,7.96589,7.96814,1.00,1.00
2017.09.13 12:29:56.871,7.96567,7.96798,1.00,1.00
2017.09.13 12:29:57.137,7.96567,7.96787,1.00,1.00
2017.09.13 12:29:57.864,7.96567,7.96797,1.00,1.00
2017.09.13 12:29:58.142,7.96567,7.96777,1.00,1.00
2017.09.13 12:29:58.193,7.96567,7.96787,1.00,1.00
2017.09.13 12:29:58.558,7.96567,7.96777,1.00,1.00
2017.09.13 12:29:58.609,7.96567,7.96797,1.00,1.00
2017.09.13 12:29:59.160,7.96567,7.96798,1.00,1.00
2017.09.13 12:29:59.666,7.96586,7.96818,1.00,1.00
2017.09.13 12:29:59.919,7.96566,7.96797,1.00,1.00
2017.09.13 12:30:00.131,7.96482,7.96714,1.00,1.00
2017.09.13 12:30:00.922,7.96459,7.96691,1.00,1.00
2017.09.13 12:30:01.227,7.96509,7.9674,1.00,1.00
2017.09.13 12:30:01.586,7.96501,7.96727,1.00,1.00
2017.09.13 12:30:01.920,7.9642,7.96521,1.00,1.00
2017.09.13 12:30:01.970,7.96309,7.965,1.00,1.00
2017.09.13 12:30:02.072,7.96263,7.96501,1.12,1.00
2017.09.13 12:30:02.368,7.96377,7.96515,1.00,1.00
2017.09.13 12:30:02.520,7.96392,7.96572,1.00,1.00
2017.09.13 12:30:02.571,7.96428,7.96608,1.00,1.00
2017.09.13 12:30:02.934,7.96485,7.96636,1.00,1.00
2017.09.13 12:30:03.238,7.96509,7.96616,1.00,1.00
2017.09.13 12:30:03.289,7.96509,7.96642,1.00,1.00
2017.09.13 12:30:03.340,7.9651,7.96654,1.00,1.00
2017.09.13 12:30:03.391,7.96549,7.96672,1.00,1.00
2017.09.13 12:30:03.442,7.96543,7.96672,1.00,1.00
2017.09.13 12:30:03.493,7.96543,7.9669,1.00,1.00
2017.09.13 12:30:03.594,7.9654,7.9668,1.00,1.00
2017.09.13 12:30:03.730,7.9654,7.96701,1.00,1.50
2017.09.13 12:30:03.781,7.96547,7.96701,1.00,1.00
2017.09.13 12:30:04.085,7.96551,7.96701,1.00,1.00
2017.09.13 12:30:04.238,7.96568,7.96729,1.00,1.00
2017.09.13 12:30:04.289,7.96549,7.96687,1.00,1.00
2017.09.13 12:30:04.390,7.96533,7.96681,1.00,1.00
2017.09.13 12:30:04.562,7.96521,7.9664,1.00,1.00
2017.09.13 12:30:04.714,7.96529,7.96666,1.00,1.00
2017.09.13 12:30:04.765,7.96525,7.9667,1.00,1.00
2017.09.13 12:30:04.816,7.96467,7.96602,1.00,1.00
2017.09.13 12:30:05.020,7.96422,7.96572,1.00,1.00
2017.09.13 12:30:05.071,7.96444,7.96595,1.00,1.00
2017.09.13 12:30:05.197,7.96448,7.96599,1.00,1.00
2017.09.13 12:30:05.349,7.96425,7.96579,1.00,1.00
2017.09.13 12:30:05.451,7.96443,7.96599,1.00,1.00
2017.09.13 12:30:05.501,7.96449,7.96593,1.00,1.00
2017.09.13 12:30:05.552,7.96452,7.96602,1.00,1.00
2017.09.13 12:30:05.603,7.96457,7.966,1.00,1.00
2017.09.13 12:30:05.704,7.96419,7.96602,1.00,1.00
2017.09.13 12:30:05.755,7.96418,7.9659,1.00,1.00
2017.09.13 12:30:05.924,7.96408,7.9659,1.50,1.00
2017.09.13 12:30:05.975,7.96436,7.96576,1.00,1.00
2017.09.13 12:30:06.288,7.96452,7.96576,1.00,1.00
2017.09.13 12:30:06.339,7.96438,7.96576,1.00,1.00
2017.09.13 12:30:06.441,7.96423,7.96562,1.00,1.00
2017.09.13 12:30:06.492,7.96423,7.96543,1.00,1.00
2017.09.13 12:30:06.543,7.96395,7.96533,1.50,1.00
2017.09.13 12:30:06.594,7.964,7.96536,1.00,1.00
2017.09.13 12:30:06.733,7.96407,7.96549,1.00,1.00
2017.09.13 12:30:06.784,7.96413,7.96555,1.00,1.00
2017.09.13 12:30:07.088,7.96399,7.96556,1.00,1.00
2017.09.13 12:30:07.189,7.96397,7.9654,1.00,1.00
2017.09.13 12:30:07.501,7.96399,7.96561,1.00,1.00
2017.09.13 12:30:07.552,7.96411,7.966,1.00,1.00
2017.09.13 12:30:07.603,7.96448,7.96596,1.00,1.00
2017.09.13 12:30:07.907,7.96455,7.96603,1.00,1.00
2017.09.13 12:30:08.287,7.96464,7.96609,1.00,1.00
2017.09.13 12:30:08.338,7.96467,7.96614,1.00,1.00
2017.09.13 12:30:08.553,7.96451,7.96599,1.00,1.00
2017.09.13 12:30:08.604,7.96447,7.96595,1.00,1.00
2017.09.13 12:30:08.911,7.96442,7.9659,1.00,1.00
2017.09.13 12:30:09.242,7.96353,7.96488,1.00,1.00
2017.09.13 12:30:09.293,7.9635,7.96488,1.00,1.00
2017.09.13 12:30:09.546,7.9636,7.96498,1.00,1.00
2017.09.13 12:30:09.850,7.96374,7.96511,1.00,1.00
2017.09.13 12:30:10.060,7.96336,7.96474,1.00,1.00
2017.09.13 12:30:10.113,7.96313,7.9645,1.00,1.00
2017.09.13 12:30:10.165,7.96322,7.9646,1.00,1.00
2017.09.13 12:30:10.216,7.96308,7.96446,1.00,1.00
2017.09.13 12:30:10.541,7.96305,7.96443,1.00,1.00
2017.09.13 12:30:10.879,7.96201,7.96355,1.00,1.00
2017.09.13 12:30:10.930,7.96179,7.96335,1.00,1.00
2017.09.13 12:30:10.984,7.962,7.96355,1.00,1.00
2017.09.13 12:30:11.036,7.96185,7.96346,1.00,1.00
2017.09.13 12:30:11.099,7.96162,7.96302,1.00,1.00
2017.09.13 12:30:11.151,7.96196,7.96352,1.00,1.00
2017.09.13 12:30:11.202,7.96166,7.96331,1.00,1.00
2017.09.13 12:30:11.253,7.9616,7.96325,1.00,1.00
2017.09.13 12:30:11.576,7.96152,7.96293,1.00,1.00
2017.09.13 12:30:11.627,7.96135,7.96288,1.50,1.00
2017.09.13 12:30:11.678,7.96135,7.96285,1.00,1.00
2017.09.13 12:30:12.004,7.96144,7.96281,1.00,1.00
2017.09.13 12:30:12.360,7.96146,7.96281,1.00,1.00
2017.09.13 12:30:12.667,7.9626,7.96389,1.00,1.00
2017.09.13 12:30:12.974,7.96265,7.96394,1.00,1.00
2017.09.13 12:30:13.290,7.96291,7.96418,1.00,1.00
2017.09.13 12:30:13.341,7.96286,7.96415,1.00,1.00
2017.09.13 12:30:13.392,7.96299,7.96428,1.00,1.00
2017.09.13 12:30:13.767,7.96273,7.96402,1.00,1.00
2017.09.13 12:30:14.155,7.96284,7.96413,1.00,1.00
2017.09.13 12:30:14.459,7.9631,7.96437,1.00,1.00
2017.09.13 12:30:14.511,7.9631,7.96439,1.00,1.00
2017.09.13 12:30:14.856,7.96328,7.96456,1.00,1.00
2017.09.13 12:30:15.093,7.9633,7.96459,1.00,1.50
2017.09.13 12:30:15.201,7.96309,7.96438,1.00,1.00
2017.09.13 12:30:15.504,7.96311,7.96449,1.00,1.00
2017.09.13 12:30:16.323,7.96304,7.96441,1.00,1.00
2017.09.13 12:30:16.425,7.963,7.96438,1.00,1.00
2017.09.13 12:30:16.702,7.96304,7.96441,1.00,1.00
2017.09.13 12:30:17.421,7.96312,7.96436,1.00,1.00
2017.09.13 12:30:17.724,7.96307,7.96431,1.00,1.00
2017.09.13 12:30:17.926,7.96308,7.96433,1.00,1.00
2017.09.13 12:30:18.448,7.96311,7.96437,1.00,1.00
2017.09.13 12:30:18.500,7.9632,7.96446,1.00,1.00
2017.09.13 12:30:19.440,7.96312,7.96438,1.00,1.00
2017.09.13 12:30:19.775,7.96319,7.96445,1.00,1.00
2017.09.13 12:30:20.172,7.96325,7.96451,1.00,1.00
2017.09.13 12:30:20.479,7.96309,7.96435,1.00,1.00
2017.09.13 12:30:20.870,7.9632,7.96446,1.00,1.00
2017.09.13 12:30:21.193,7.96316,7.96442,1.00,1.00
2017.09.13 12:30:22.312,7.96313,7.96439,1.00,1.00
2017.09.13 12:30:22.762,7.9629,7.96416,1.00,1.00
2017.09.13 12:30:23.112,7.96256,7.96382,1.00,1.00
2017.09.13 12:30:24.322,7.96277,7.96389,1.00,1.00
2017.09.13 12:30:24.373,7.96267,7.96394,1.00,1.00
2017.09.13 12:30:24.424,7.96273,7.96399,1.00,1.00
2017.09.13 12:30:24.754,7.96282,7.96394,1.00,1.00
2017.09.13 12:30:25.095,7.96266,7.96378,1.00,1.00
2017.09.13 12:30:25.449,7.96265,7.96375,1.00,1.00
2017.09.13 12:30:26.516,7.96274,7.96386,1.00,1.00
2017.09.13 12:30:26.567,7.96292,7.96404,1.00,1.00
2017.09.13 12:30:26.919,7.96284,7.96396,1.00,1.00
2017.09.13 12:30:27.314,7.9628,7.96389,1.00,1.00
2017.09.13 12:30:27.365,7.96265,7.96377,1.00,1.00
2017.09.13 12:30:27.729,7.96269,7.96381,1.00,1.00
2017.09.13 12:30:28.039,7.96262,7.96374,1.00,1.00
2017.09.13 12:30:28.343,7.96259,7.9637,1.00,1.00
2017.09.13 12:30:28.576,7.96254,7.96375,1.00,1.00
2017.09.13 12:30:28.627,7.96255,7.96366,1.00,1.00
2017.09.13 12:30:29.274,7.96277,7.96389,1.00,1.00
2017.09.13 12:30:29.382,7.96281,7.96392,1.00,1.00
2017.09.13 12:30:29.433,7.96292,7.96404,1.00,1.00
2017.09.13 12:30:29.484,7.96297,7.96409,1.00,1.00
2017.09.13 12:30:29.788,7.96294,7.96405,1.00,1.00
2017.09.13 12:30:29.890,7.9627,7.96406,1.00,1.00
2017.09.13 12:30:29.941,7.96268,7.96379,1.00,1.00
2017.09.13 12:30:30.172,7.96276,7.96388,1.00,1.00
2017.09.13 12:30:30.384,7.9627,7.96382,1.00,1.00
2017.09.13 12:30:30.688,7.96266,7.96378,1.00,1.00
2017.09.13 12:30:31.033,7.9628,7.96392,1.00,1.00
2017.09.13 12:30:31.176,7.96279,7.96396,1.00,1.00
2017.09.13 12:30:31.227,7.96325,7.96437,1.00,1.00
2017.09.13 12:30:31.532,7.96321,7.96433,1.00,1.00
2017.09.13 12:30:31.877,7.96316,7.96428,1.00,1.00
2017.09.13 12:30:32.336,7.96281,7.96392,1.00,1.00
2017.09.13 12:30:32.438,7.96262,7.96374,1.00,1.00
2017.09.13 12:30:32.489,7.96257,7.96369,1.00,1.00
2017.09.13 12:30:32.836,7.96215,7.96327,1.00,1.00
2017.09.13 12:30:33.186,7.96206,7.96316,1.00,1.00
2017.09.13 12:30:33.237,7.96213,7.96327,1.00,1.00
2017.09.13 12:30:33.390,7.96205,7.96315,1.00,1.00
2017.09.13 12:30:34.016,7.96204,7.96315,1.00,1.00
2017.09.13 12:30:34.209,7.96217,7.96329,1.00,1.00
2017.09.13 12:30:34.431,7.96226,7.96338,1.00,1.00
2017.09.13 12:30:34.795,7.96222,7.96332,1.00,1.00
2017.09.13 12:30:34.950,7.96211,7.96322,1.00,1.00
2017.09.13 12:30:35.001,7.96208,7.9632,1.00,1.00
2017.09.13 12:30:35.103,7.96214,7.96323,1.00,1.00
2017.09.13 12:30:35.154,7.96209,7.9632,1.00,1.00
2017.09.13 12:30:35.205,7.96194,7.96307,1.00,1.00
2017.09.13 12:30:35.307,7.96178,7.9629,1.00,1.00
2017.09.13 12:30:35.510,7.96183,7.96298,1.00,1.00
2017.09.13 12:30:35.993,7.96177,7.96293,1.00,1.00
2017.09.13 12:30:36.196,7.96168,7.96283,1.00,1.00
2017.09.13 12:30:36.526,7.96137,7.96252,1.00,1.00
2017.09.13 12:30:36.924,7.96141,7.96257,1.00,1.00
2017.09.13 12:30:36.975,7.96138,7.96253,1.00,1.00
2017.09.13 12:30:37.342,7.9613,7.96253,1.00,1.00
2017.09.13 12:30:37.951,7.96126,7.96249,1.00,1.00
2017.09.13 12:30:39.234,7.96118,7.96236,1.00,1.00
2017.09.13 12:30:39.336,7.96123,7.96246,1.00,1.00
2017.09.13 12:30:39.448,7.96138,7.96259,1.00,1.00
2017.09.13 12:30:39.551,7.96133,7.96256,1.00,1.00
2017.09.13 12:30:39.855,7.96135,7.96255,1.00,1.00
2017.09.13 12:30:40.053,7.96127,7.9625,1.00,1.00
2017.09.13 12:30:40.256,7.96131,7.96253,1.00,1.00
2017.09.13 12:30:40.505,7.96107,7.9623,1.00,1.00
2017.09.13 12:30:40.607,7.96101,7.96226,1.00,1.00
2017.09.13 12:30:41.141,7.96105,7.9623,1.00,1.00
2017.09.13 12:30:41.192,7.96105,7.96232,1.00,1.00
2017.09.13 12:30:41.244,7.9611,7.96236,1.00,1.00
2017.09.13 12:30:42.014,7.96104,7.9623,1.00,1.00
2017.09.13 12:30:42.216,7.96083,7.9621,1.50,1.00
2017.09.13 12:30:42.267,7.96083,7.962,1.00,1.00
2017.09.13 12:30:42.318,7.96071,7.96197,1.00,1.00
2017.09.13 12:30:42.672,7.96064,7.96191,1.00,1.00
2017.09.13 12:30:43.114,7.9607,7.96197,1.00,1.00
2017.09.13 12:30:43.425,7.96068,7.96194,1.00,1.00
2017.09.13 12:30:43.798,7.96054,7.96178,1.00,1.00
2017.09.13 12:30:44.126,7.96056,7.96173,1.00,1.00
2017.09.13 12:30:44.380,7.96056,7.96182,1.50,1.00
2017.09.13 12:30:45.123,7.96065,7.96191,1.00,1.00
2017.09.13 12:30:45.466,7.96055,7.96175,1.00,1.00
2017.09.13 12:30:45.619,7.96058,7.96184,1.00,1.00
2017.09.13 12:30:45.670,7.96055,7.96181,1.00,1.00
2017.09.13 12:30:45.772,7.96062,7.96189,1.00,1.00
2017.09.13 12:30:45.823,7.9608,7.96206,1.00,1.00
2017.09.13 12:30:46.173,7.96079,7.96201,1.00,1.00
2017.09.13 12:30:46.506,7.96088,7.962,1.00,1.00
2017.09.13 12:30:46.817,7.96091,7.96203,1.00,1.00
2017.09.13 12:30:47.184,7.96096,7.96207,1.00,1.00
2017.09.13 12:30:47.725,7.96106,7.96216,1.00,1.00
2017.09.13 12:30:47.976,7.9609,7.96214,1.00,1.00
2017.09.13 12:30:48.087,7.9608,7.96204,1.00,1.00
2017.09.13 12:30:48.606,7.96079,7.96203,1.00,1.00
2017.09.13 12:30:49.000,7.96082,7.96207,1.00,1.00
2017.09.13 12:30:49.834,7.96076,7.962,1.00,1.00
2017.09.13 12:30:49.886,7.96082,7.96207,1.00,1.00
2017.09.13 12:30:50.024,7.96072,7.96197,1.00,1.00
2017.09.13 12:30:50.600,7.96078,7.96202,1.00,1.00
2017.09.13 12:30:50.918,7.96079,7.96204,1.00,1.00
2017.09.13 12:30:51.093,7.96074,7.96199,1.00,1.00
2017.09.13 12:30:51.397,7.96072,7.96196,1.00,1.00
2017.09.13 12:30:51.777,7.96084,7.96206,1.00,1.00
2017.09.13 12:30:51.829,7.96073,7.96197,1.00,1.00
2017.09.13 12:30:51.880,7.96069,7.96193,1.00,1.00
2017.09.13 12:30:52.228,7.96072,7.96183,1.00,1.00
2017.09.13 12:30:52.572,7.96081,7.96191,1.00,1.00
2017.09.13 12:30:52.623,7.96086,7.96197,1.00,1.00
2017.09.13 12:30:52.775,7.96082,7.96193,1.00,1.00
2017.09.13 12:30:53.117,7.96094,7.96205,1.00,1.00
2017.09.13 12:30:53.623,7.96093,7.96204,1.00,1.00
2017.09.13 12:30:53.935,7.96099,7.96207,1.00,1.00
2017.09.13 12:30:54.445,7.96103,7.96214,1.00,1.00
2017.09.13 12:30:54.496,7.96109,7.96219,1.00,1.00
2017.09.13 12:30:54.546,7.96115,7.96226,1.00,1.00
2017.09.13 12:30:54.698,7.9614,7.96251,1.00,1.00
2017.09.13 12:30:55.042,7.96199,7.96309,1.00,1.00
2017.09.13 12:30:55.143,7.9619,7.96301,1.00,1.00
2017.09.13 12:30:55.194,7.96186,7.96297,1.00,1.00
2017.09.13 12:30:55.396,7.96161,7.96273,1.00,1.00
2017.09.13 12:30:55.560,7.96159,7.96278,1.00,1.00
2017.09.13 12:30:56.757,7.96152,7.96269,1.00,1.00
2017.09.13 12:30:56.808,7.96146,7.96265,1.00,1.00
2017.09.13 12:30:57.750,7.96131,7.96249,1.00,1.00
2017.09.13 12:30:57.801,7.96138,7.96257,1.00,1.00
2017.09.13 12:30:57.852,7.9612,7.96239,1.00,1.00
2017.09.13 12:30:58.156,7.96118,7.96237,1.00,1.00
2017.09.13 12:30:58.500,7.96132,7.96248,1.00,1.00
2017.09.13 12:30:58.551,7.96105,7.96223,1.00,1.00
2017.09.13 12:30:58.603,7.96103,7.96221,1.00,1.00
2017.09.13 12:30:58.654,7.961,7.96219,1.00,1.00
2017.09.13 12:30:58.705,7.96099,7.96217,1.00,1.00
2017.09.13 12:30:58.857,7.96095,7.96214,1.00,1.00
2017.09.13 12:30:59.089,7.96099,7.96218,1.00,1.00
2017.09.13 12:30:59.392,7.96103,7.96222,1.00,1.00
2017.09.13 12:30:59.697,7.96112,7.96231,1.00,1.00
2017.09.13 12:31:00.039,7.96102,7.96221,1.00,1.00
2017.09.13 12:31:00.341,7.96097,7.96216,1.00,1.00
2017.09.13 12:31:00.851,7.96086,7.96201,1.00,1.00
2017.09.13 12:31:00.902,7.96078,7.96197,1.00,1.00
2017.09.13 12:31:00.953,7.96075,7.96188,1.00,1.00
2017.09.13 12:31:01.119,7.96074,7.96192,1.00,1.00
2017.09.13 12:31:01.170,7.96103,7.96221,1.00,1.00
2017.09.13 12:31:01.373,7.96107,7.96226,1.00,1.00
2017.09.13 12:31:01.572,7.96112,7.96231,1.00,1.00
2017.09.13 12:31:01.936,7.96065,7.96184,1.00,1.00
2017.09.13 12:31:02.240,7.96093,7.96209,1.00,1.00
2017.09.13 12:31:02.291,7.96094,7.96213,1.00,1.00
2017.09.13 12:31:02.826,7.96096,7.96215,1.00,1.00
2017.09.13 12:31:03.159,7.96093,7.96211,1.00,1.00
2017.09.13 12:31:03.486,7.96109,7.96227,1.00,1.00
2017.09.13 12:31:04.862,7.96113,7.9623,1.00,1.00
2017.09.13 12:31:05.185,7.96131,7.96248,1.00,1.00
2017.09.13 12:31:05.387,7.96139,7.96257,1.00,1.00
2017.09.13 12:31:05.438,7.96144,7.96259,1.00,1.00
2017.09.13 12:31:05.489,7.96143,7.96261,1.00,1.00
2017.09.13 12:31:05.540,7.96147,7.96264,1.00,1.00
2017.09.13 12:31:05.591,7.96146,7.96269,1.00,1.00
2017.09.13 12:31:05.642,7.96151,7.96269,1.00,1.00
2017.09.13 12:31:05.847,7.96205,7.96332,1.00,1.00
2017.09.13 12:31:05.960,7.96213,7.96331,1.00,1.00
2017.09.13 12:31:06.177,7.96218,7.96344,1.00,1.00
2017.09.13 12:31:06.278,7.96236,7.96362,1.00,1.00
2017.09.13 12:31:06.920,7.96231,7.96357,1.00,1.00
2017.09.13 12:31:07.224,7.96231,7.96348,1.00,1.00
2017.09.13 12:31:07.529,7.96225,7.96335,1.00,1.00
2017.09.13 12:31:07.842,7.96216,7.96326,1.00,1.00
2017.09.13 12:31:07.893,7.96211,7.96322,1.00,1.00
2017.09.13 12:31:07.944,7.96198,7.96304,1.00,1.00
2017.09.13 12:31:07.995,7.96183,7.96303,1.00,1.00
2017.09.13 12:31:08.047,7.96183,7.9631,1.00,1.00
2017.09.13 12:31:08.098,7.96185,7.96311,1.00,1.00
2017.09.13 12:31:08.402,7.96191,7.96317,1.00,1.00
2017.09.13 12:31:08.952,7.96199,7.9631,1.00,1.00
2017.09.13 12:31:09.418,7.96191,7.96302,1.00,1.00
2017.09.13 12:31:09.520,7.9614,7.96266,1.00,1.00
2017.09.13 12:31:09.571,7.96137,7.96236,1.00,1.00
2017.09.13 12:31:09.622,7.96122,7.96248,1.00,1.00
2017.09.13 12:31:09.741,7.96111,7.96237,1.00,1.00
2017.09.13 12:31:10.121,7.96116,7.9624,1.00,1.00
2017.09.13 12:31:10.172,7.96119,7.96246,1.00,1.00
2017.09.13 12:31:10.223,7.96155,7.96281,1.00,1.00
2017.09.13 12:31:10.528,7.96138,7.96264,1.00,1.00
2017.09.13 12:31:11.037,7.96128,7.96254,1.00,1.00
2017.09.13 12:31:11.306,7.96117,7.96244,1.00,1.00
2017.09.13 12:31:11.357,7.96113,7.96239,1.00,1.00
2017.09.13 12:31:11.890,7.96124,7.96235,1.00,1.00
2017.09.13 12:31:11.941,7.96121,7.96233,1.00,1.00
2017.09.13 12:31:13.613,7.9612,7.96231,1.00,1.00
2017.09.13 12:31:13.932,7.96128,7.96237,1.00,1.00
2017.09.13 12:31:14.033,7.96123,7.96234,1.00,1.00
2017.09.13 12:31:14.768,7.96113,7.96224,1.00,1.00
2017.09.13 12:31:15.072,7.96089,7.96199,1.00,1.00
2017.09.13 12:31:15.124,7.96094,7.96205,1.00,1.00
2017.09.13 12:31:15.362,7.96107,7.96218,1.00,1.00
2017.09.13 12:31:16.102,7.9612,7.96228,1.00,1.00
2017.09.13 12:31:16.153,7.96123,7.96233,1.00,1.00
2017.09.13 12:31:16.713,7.96114,7.96224,1.00,1.00
2017.09.13 12:31:17.018,7.96094,7.96202,1.00,1.00
2017.09.13 12:31:17.615,7.96085,7.96193,1.00,1.00
2017.09.13 12:31:17.666,7.96087,7.96197,1.00,1.00
2017.09.13 12:31:17.717,7.96082,7.96192,1.00,1.00
2017.09.13 12:31:18.604,7.96086,7.96196,1.00,1.00
2017.09.13 12:31:19.040,7.96081,7.96191,1.00,1.00
2017.09.13 12:31:19.398,7.96096,7.96206,1.00,1.00
2017.09.13 12:31:19.703,7.9608,7.96188,1.00,1.00
2017.09.13 12:31:19.763,7.96078,7.96188,1.00,1.00
2017.09.13 12:31:19.915,7.96078,7.96186,1.00,1.00
2017.09.13 12:31:19.966,7.96087,7.96197,1.00,1.00
2017.09.13 12:31:20.018,7.96077,7.96187,1.00,1.00
2017.09.13 12:31:20.399,7.96082,7.96192,1.00,1.00
2017.09.13 12:31:20.707,7.96078,7.96188,1.00,1.00
2017.09.13 12:31:21.045,7.96074,7.96184,1.00,1.00
2017.09.13 12:31:21.360,7.96103,7.96213,1.00,1.00
2017.09.13 12:31:21.636,7.96076,7.96187,1.00,1.00
2017.09.13 12:31:22.291,7.9608,7.96191,1.00,1.00
2017.09.13 12:31:22.597,7.96078,7.96188,1.00,1.00
2017.09.13 12:31:22.745,7.96082,7.96194,1.00,1.00
2017.09.13 12:31:22.916,7.96073,7.96183,1.00,1.00
2017.09.13 12:31:22.967,7.96081,7.96193,1.00,1.00
2017.09.13 12:31:23.018,7.96076,7.96186,1.00,1.00
2017.09.13 12:31:23.572,7.96081,7.96193,1.00,1.00
2017.09.13 12:31:23.623,7.96079,7.9619,1.00,1.00
2017.09.13 12:31:24.280,7.96076,7.96187,1.00,1.00
2017.09.13 12:31:24.751,7.9608,7.9619,1.00,1.00
2017.09.13 12:31:25.329,7.96081,7.96192,1.00,1.00
2017.09.13 12:31:25.994,7.96085,7.96195,1.00,1.00
2017.09.13 12:31:26.096,7.9608,7.96191,1.00,1.00
2017.09.13 12:31:27.581,7.96083,7.96194,1.00,1.00
2017.09.13 12:31:27.977,7.96085,7.96195,1.00,1.00
2017.09.13 12:31:28.301,7.96081,7.96191,1.00,1.00
2017.09.13 12:31:28.605,7.96102,7.96212,1.00,1.00
2017.09.13 12:31:30.398,7.96109,7.9622,1.00,1.00
2017.09.13 12:31:30.449,7.96124,7.96234,1.00,1.00
2017.09.13 12:31:30.500,7.96129,7.9624,1.00,1.00
2017.09.13 12:31:30.551,7.96136,7.96247,1.00,1.00
2017.09.13 12:31:30.855,7.96087,7.96197,1.00,1.00
2017.09.13 12:31:30.906,7.961,7.96211,1.00,1.00
2017.09.13 12:31:31.022,7.96104,7.96214,1.00,1.00
2017.09.13 12:31:31.281,7.96109,7.9622,1.00,1.00
2017.09.13 12:31:31.534,7.96104,7.96214,1.00,1.00
2017.09.13 12:31:31.585,7.96095,7.96206,1.00,1.00
2017.09.13 12:31:31.636,7.96092,7.96202,1.00,1.00
2017.09.13 12:31:31.945,7.96096,7.96206,1.00,1.00
2017.09.13 12:31:32.047,7.96103,7.96214,1.00,1.00
2017.09.13 12:31:32.606,7.96114,7.96225,1.00,1.00
2017.09.13 12:31:32.910,7.96129,7.9624,1.00,1.00
2017.09.13 12:31:33.261,7.96112,7.96223,1.00,1.00
2017.09.13 12:31:33.661,7.96117,7.96228,1.00,1.00
2017.09.13 12:31:33.973,7.96123,7.96234,1.00,1.00
2017.09.13 12:31:34.300,7.96119,7.96227,1.00,1.00
2017.09.13 12:31:34.627,7.96116,7.96226,1.00,1.00
2017.09.13 12:31:34.728,7.96114,7.96225,1.00,1.00
2017.09.13 12:31:35.187,7.96111,7.96222,1.00,1.00
2017.09.13 12:31:35.652,7.96115,7.96226,1.00,1.00
2017.09.13 12:31:36.274,7.96116,7.96226,1.00,1.00
2017.09.13 12:31:36.609,7.96136,7.96247,1.00,1.00
2017.09.13 12:31:36.661,7.96142,7.96253,1.00,1.00
2017.09.13 12:31:37.115,7.96147,7.96258,1.00,1.00
2017.09.13 12:31:37.419,7.96184,7.96292,1.00,1.00
2017.09.13 12:31:37.997,7.96187,7.96298,1.00,1.00
2017.09.13 12:31:39.131,7.9617,7.9628,1.00,1.00
2017.09.13 12:31:39.234,7.9616,7.96271,1.00,1.00
2017.09.13 12:31:39.335,7.96156,7.96267,1.00,1.00
2017.09.13 12:31:39.690,7.9616,7.96271,1.00,1.00
2017.09.13 12:31:40.016,7.9617,7.9628,1.00,1.00
2017.09.13 12:31:40.256,7.96166,7.96296,1.00,1.00
2017.09.13 12:31:40.770,7.96178,7.96288,1.00,1.00
2017.09.13 12:31:41.176,7.96198,7.96308,1.00,1.00
2017.09.13 12:31:41.227,7.96202,7.96313,1.00,1.00
2017.09.13 12:31:41.277,7.96204,7.96315,1.00,1.00
2017.09.13 12:31:41.586,7.96214,7.96325,1.00,1.00
2017.09.13 12:31:41.881,7.96203,7.96332,1.00,1.00
2017.09.13 12:31:42.337,7.96207,7.96336,1.00,1.00
2017.09.13 12:31:42.605,7.96215,7.9635,1.00,1.00
2017.09.13 12:31:42.656,7.96228,7.9635,1.00,1.00
2017.09.13 12:31:43.007,7.96215,7.96323,1.00,1.00
2017.09.13 12:31:43.105,7.96224,7.96334,1.00,1.00
2017.09.13 12:31:43.288,7.96265,7.96376,1.00,1.00
2017.09.13 12:31:43.339,7.96272,7.96383,1.00,1.00
2017.09.13 12:31:43.689,7.96281,7.96392,1.00,1.00
2017.09.13 12:31:43.992,7.96293,7.96403,1.00,1.00
2017.09.13 12:31:44.354,7.96291,7.96403,1.00,1.00
2017.09.13 12:31:44.956,7.9627,7.96382,1.00,1.00
2017.09.13 12:31:45.273,7.96286,7.96395,1.00,1.00
2017.09.13 12:31:45.511,7.96289,7.96401,1.00,1.00
2017.09.13 12:31:45.771,7.96272,7.96401,1.00,1.00
2017.09.13 12:31:45.822,7.96274,7.96386,1.00,1.00
2017.09.13 12:31:46.025,7.96273,7.96414,1.00,1.00
2017.09.13 12:31:46.573,7.96274,7.96415,1.00,1.00
2017.09.13 12:31:46.684,7.96286,7.9642,1.00,1.00
2017.09.13 12:31:46.786,7.96294,7.96435,1.00,1.00
2017.09.13 12:31:46.836,7.96297,7.96438,1.00,1.00
2017.09.13 12:31:47.384,7.96293,7.96433,1.00,1.00
2017.09.13 12:31:47.637,7.96301,7.96442,1.00,1.00
2017.09.13 12:31:47.688,7.96313,7.9645,1.00,1.00
2017.09.13 12:31:47.739,7.96324,7.96465,1.00,1.50
2017.09.13 12:31:48.060,7.96343,7.96454,1.00,1.00
2017.09.13 12:31:48.399,7.96361,7.96471,1.00,1.00
2017.09.13 12:31:50.118,7.96358,7.96468,1.00,1.00
2017.09.13 12:31:52.074,7.96357,7.96467,1.00,1.00
2017.09.13 12:31:52.125,7.96354,7.96465,1.00,1.00
2017.09.13 12:31:52.227,7.9633,7.96441,1.00,1.00
2017.09.13 12:31:52.574,7.96348,7.96459,1.00,1.00
2017.09.13 12:31:52.953,7.96351,7.96462,1.00,1.00
2017.09.13 12:31:53.275,7.96353,7.96464,1.00,1.00
2017.09.13 12:31:53.579,7.96356,7.96467,1.00,1.00
2017.09.13 12:31:54.114,7.96357,7.96468,1.00,1.00
2017.09.13 12:31:55.022,7.9637,7.96481,1.00,1.00
2017.09.13 12:31:55.326,7.96396,7.96506,1.00,1.00
2017.09.13 12:31:55.664,7.9639,7.96501,1.00,1.00
2017.09.13 12:31:56.148,7.96395,7.96506,1.00,1.00
2017.09.13 12:31:56.453,7.96427,7.96538,1.00,1.00
2017.09.13 12:31:56.834,7.96425,7.96553,1.00,1.00
2017.09.13 12:31:58.621,7.9643,7.96541,1.00,1.00
2017.09.13 12:31:59.139,7.96431,7.96542,1.00,1.00
2017.09.13 12:31:59.682,7.96426,7.96537,1.00,1.00
2017.09.13 12:32:00.775,7.96419,7.9653,1.00,1.00
2017.09.13 12:32:01.150,7.96425,7.96536,1.00,1.00
2017.09.13 12:32:01.462,7.96457,7.96568,1.00,1.00
2017.09.13 12:32:01.766,7.96422,7.96533,1.00,1.00
2017.09.13 12:32:02.291,7.96422,7.96532,1.00,1.00
2017.09.13 12:32:03.479,7.96425,7.96536,1.00,1.00
2017.09.13 12:32:03.530,7.96427,7.96537,1.00,1.00
2017.09.13 12:32:03.855,7.96429,7.96539,1.00,1.00
2017.09.13 12:32:04.298,7.96426,7.96536,1.00,1.00
2017.09.13 12:32:04.450,7.96424,7.96535,1.00,1.00
2017.09.13 12:32:04.866,7.96437,7.96547,1.00,1.00
2017.09.13 12:32:05.177,7.96459,7.96569,1.00,1.00
2017.09.13 12:32:05.331,7.96453,7.96564,1.00,1.00
2017.09.13 12:32:05.382,7.96433,7.96543,1.00,1.00
2017.09.13 12:32:05.530,7.96448,7.96559,1.00,1.00
2017.09.13 12:32:05.632,7.96444,7.96552,1.00,1.00
2017.09.13 12:32:05.905,7.96436,7.96547,1.00,1.00
2017.09.13 12:32:06.007,7.96441,7.96551,1.00,1.00
2017.09.13 12:32:06.166,7.96444,7.96556,1.00,1.00
2017.09.13 12:32:06.634,7.96448,7.9656,1.00,1.00
2017.09.13 12:32:06.965,7.96455,7.96566,1.00,1.00
2017.09.13 12:32:07.600,7.96446,7.96557,1.00,1.00
2017.09.13 12:32:08.002,7.96441,7.96553,1.00,1.00
2017.09.13 12:32:08.517,7.96446,7.96557,1.00,1.00
2017.09.13 12:32:09.044,7.96447,7.96558,1.00,1.00
2017.09.13 12:32:09.738,7.96441,7.96553,1.00,1.00
2017.09.13 12:32:10.035,7.96436,7.96547,1.00,1.00
2017.09.13 12:32:10.237,7.96429,7.96541,1.00,1.00
2017.09.13 12:32:10.288,7.96418,7.96528,1.00,1.00
2017.09.13 12:32:10.964,7.96402,7.96511,1.00,1.00
2017.09.13 12:32:11.015,7.96397,7.96508,1.00,1.00
2017.09.13 12:32:11.167,7.96377,7.96488,1.00,1.00
2017.09.13 12:32:11.218,7.96381,7.96493,1.00,1.00
2017.09.13 12:32:11.507,7.96378,7.9649,1.00,1.00
2017.09.13 12:32:11.864,7.96382,7.96493,1.00,1.00
2017.09.13 12:32:12.183,7.96379,7.96488,1.00,1.00
2017.09.13 12:32:12.235,7.96391,7.96502,1.00,1.00
2017.09.13 12:32:12.963,7.964,7.96512,1.00,1.00
2017.09.13 12:32:13.065,7.96405,7.96517,1.00,1.00
2017.09.13 12:32:13.585,7.96368,7.96479,1.00,1.00
2017.09.13 12:32:13.830,7.96369,7.96481,1.00,1.00
2017.09.13 12:32:14.145,7.96363,7.96475,1.00,1.00
2017.09.13 12:32:14.449,7.96354,7.96465,1.00,1.00
2017.09.13 12:32:14.849,7.96352,7.96463,1.00,1.00
2017.09.13 12:32:15.379,7.96352,7.96464,1.00,1.00
2017.09.13 12:32:15.903,7.96352,7.96463,1.00,1.00
2017.09.13 12:32:17.017,7.96335,7.96447,1.00,1.00
2017.09.13 12:32:17.068,7.96318,7.9643,1.00,1.00
2017.09.13 12:32:17.372,7.96315,7.96425,1.00,1.00
2017.09.13 12:32:17.423,7.9632,7.96431,1.00,1.00
2017.09.13 12:32:17.625,7.96316,7.96426,1.00,1.00
2017.09.13 12:32:17.971,7.96325,7.96436,1.00,1.00
2017.09.13 12:32:18.704,7.96318,7.96429,1.00,1.00
2017.09.13 12:32:18.805,7.96313,7.96425,1.00,1.00
2017.09.13 12:32:19.040,7.96336,7.96448,1.00,1.00
2017.09.13 12:32:19.343,7.96338,7.96449,1.00,1.00
2017.09.13 12:32:22.508,7.96335,7.96446,1.00,1.00
2017.09.13 12:32:23.202,7.96331,7.96442,1.00,1.00
2017.09.13 12:32:23.548,7.96334,7.96445,1.00,1.00
2017.09.13 12:32:23.599,7.96347,7.96486,1.00,1.00
2017.09.13 12:32:24.018,7.96335,7.96447,1.00,1.00
2017.09.13 12:32:25.688,7.96334,7.96445,1.00,1.00
2017.09.13 12:32:25.832,7.96329,7.96443,1.00,1.00
2017.09.13 12:32:25.883,7.9633,7.96439,1.00,1.00
2017.09.13 12:32:25.934,7.96333,7.96445,1.00,1.00
2017.09.13 12:32:26.695,7.96337,7.96449,1.00,1.00
2017.09.13 12:32:26.948,7.96346,7.96485,1.00,1.00
2017.09.13 12:32:27.588,7.96343,7.96454,1.00,1.00
2017.09.13 12:32:29.359,7.9635,7.96461,1.00,1.00
2017.09.13 12:32:29.461,7.96366,7.96478,1.00,1.00
2017.09.13 12:32:29.512,7.96363,7.96474,1.00,1.00
2017.09.13 12:32:29.568,7.96358,7.9647,1.00,1.00
2017.09.13 12:32:29.962,7.96364,7.96504,1.00,1.00
2017.09.13 12:32:30.013,7.96373,7.96512,1.00,1.00
2017.09.13 12:32:30.348,7.96401,7.9654,1.00,1.00
2017.09.13 12:32:30.723,7.96405,7.96515,1.00,1.00
2017.09.13 12:32:31.315,7.96408,7.9652,1.00,1.00
2017.09.13 12:32:32.588,7.96411,7.96548,1.00,1.00
2017.09.13 12:32:33.069,7.96406,7.96517,1.00,1.00
2017.09.13 12:32:33.229,7.96408,7.96546,1.00,1.00
2017.09.13 12:32:33.940,7.96416,7.96554,1.00,1.00
2017.09.13 12:32:34.018,7.96416,7.96556,1.00,1.00
2017.09.13 12:32:34.069,7.96429,7.9657,1.00,1.00
2017.09.13 12:32:34.120,7.96422,7.96562,1.00,1.00
2017.09.13 12:32:34.171,7.96428,7.96569,1.00,1.00
2017.09.13 12:32:35.217,7.96431,7.96572,1.00,1.50
2017.09.13 12:32:35.628,7.96436,7.96577,1.00,1.00
2017.09.13 12:32:35.932,7.96451,7.96592,1.00,1.00
2017.09.13 12:32:36.912,7.96462,7.96593,1.00,1.00
2017.09.13 12:32:36.964,7.96466,7.96606,1.00,1.00
2017.09.13 12:32:37.014,7.96471,7.96606,1.00,1.00
2017.09.13 12:32:37.116,7.96471,7.96612,1.00,1.00
2017.09.13 12:32:37.539,7.9648,7.96609,1.00,1.00
2017.09.13 12:32:37.878,7.96486,7.96609,1.00,1.00
2017.09.13 12:32:38.323,7.96492,7.96615,1.00,1.00
2017.09.13 12:32:38.714,7.96488,7.96611,1.00,1.00
2017.09.13 12:32:39.111,7.96484,7.96607,1.00,1.50
2017.09.13 12:32:40.588,7.96495,7.96617,1.00,1.00
2017.09.13 12:32:40.640,7.96493,7.96616,1.00,1.00
2017.09.13 12:32:40.690,7.96507,7.9663,1.00,1.00
2017.09.13 12:32:40.741,7.965,7.96628,1.00,1.00
2017.09.13 12:32:40.826,7.96497,7.96624,1.00,1.00
2017.09.13 12:32:41.159,7.96506,7.96633,1.00,1.00
2017.09.13 12:32:41.699,7.96524,7.96651,1.00,1.00
2017.09.13 12:32:42.045,7.9655,7.96677,1.00,1.00
2017.09.13 12:32:42.197,7.96556,7.96684,1.00,1.00
2017.09.13 12:32:42.298,7.96562,7.96689,1.00,1.00
2017.09.13 12:32:42.451,7.96586,7.96714,1.00,1.00
2017.09.13 12:32:42.502,7.96588,7.96716,1.00,1.00
2017.09.13 12:32:42.812,7.96611,7.96723,1.00,1.00
2017.09.13 12:32:43.116,7.96578,7.96689,1.00,1.00
2017.09.13 12:32:43.217,7.96582,7.96694,1.00,1.00
2017.09.13 12:32:43.500,7.96602,7.96711,1.00,1.00
2017.09.13 12:32:43.551,7.96604,7.96716,1.00,1.00
2017.09.13 12:32:43.652,7.96609,7.96718,1.00,1.00
2017.09.13 12:32:44.283,7.96649,7.96743,1.00,1.00
2017.09.13 12:32:44.334,7.96666,7.96764,1.00,1.00
2017.09.13 12:32:44.385,7.96644,7.96764,1.00,1.00
2017.09.13 12:32:44.486,7.96641,7.96764,1.00,1.00
2017.09.13 12:32:44.588,7.96641,7.9677,1.00,1.00
2017.09.13 12:32:45.448,7.96636,7.96764,1.00,1.00
2017.09.13 12:32:45.550,7.96609,7.96738,1.00,1.00
2017.09.13 12:32:45.600,7.96598,7.96726,1.00,1.00
2017.09.13 12:32:45.652,7.96578,7.96707,1.00,1.00
2017.09.13 12:32:45.703,7.9657,7.96699,1.00,1.00
2017.09.13 12:32:46.088,7.96578,7.96707,1.00,1.00
2017.09.13 12:32:46.139,7.96566,7.96697,1.00,1.00
2017.09.13 12:32:46.191,7.96579,7.96708,1.00,1.00
2017.09.13 12:32:46.496,7.9657,7.96699,1.00,1.00
2017.09.13 12:32:46.825,7.96568,7.96679,1.00,1.00
2017.09.13 12:32:47.364,7.96567,7.96679,1.00,1.00
2017.09.13 12:32:48.180,7.96572,7.96683,1.00,1.00
2017.09.13 12:32:48.418,7.96563,7.96675,1.00,1.00
2017.09.13 12:32:48.469,7.9656,7.96671,1.00,1.00
2017.09.13 12:32:48.773,7.96564,7.96675,1.00,1.00
2017.09.13 12:32:48.946,7.96578,7.9669,1.00,1.00
2017.09.13 12:32:50.535,7.96562,7.96673,1.00,1.00
2017.09.13 12:32:51.184,7.96562,7.96674,1.00,1.00
2017.09.13 12:32:51.515,7.96549,7.96661,1.00,1.00
2017.09.13 12:32:51.963,7.96542,7.96653,1.00,1.00
2017.09.13 12:32:52.392,7.96547,7.96659,1.00,1.00
2017.09.13 12:32:52.965,7.96548,7.9666,1.00,1.00
2017.09.13 12:32:53.067,7.96544,7.96656,1.00,1.00
2017.09.13 12:32:53.370,7.96516,7.96627,1.00,1.00
2017.09.13 12:32:56.148,7.96512,7.96624,1.00,1.00
2017.09.13 12:32:56.199,7.96495,7.96607,1.00,1.00
2017.09.13 12:32:56.541,7.96491,7.96602,1.00,1.00
2017.09.13 12:32:56.795,7.965,7.96612,1.00,1.00
2017.09.13 12:32:57.048,7.96493,7.96604,1.00,1.00
2017.09.13 12:32:57.362,7.96496,7.96607,1.00,1.00
2017.09.13 12:32:57.793,7.965,7.96612,1.00,1.00
2017.09.13 12:32:57.995,7.96504,7.96615,1.00,1.00
2017.09.13 12:32:58.542,7.96509,7.9662,1.00,1.00
2017.09.13 12:32:58.874,7.96537,7.96648,1.00,1.00
2017.09.13 12:32:58.976,7.96529,7.96641,1.00,1.00
2017.09.13 12:32:59.607,7.96533,7.96644,1.00,1.00
2017.09.13 12:32:59.835,7.9655,7.96662,1.00,1.00
2017.09.13 12:32:59.996,7.96545,7.96656,1.00,1.00
2017.09.13 12:33:00.300,7.96527,7.96638,1.00,1.00
2017.09.13 12:33:00.601,7.96574,7.96685,1.00,1.00
2017.09.13 12:33:00.905,7.96568,7.96679,1.00,1.00
2017.09.13 12:33:02.137,7.96565,7.96676,1.00,1.00
2017.09.13 12:33:03.866,7.96561,7.96672,1.00,1.00
2017.09.13 12:33:03.917,7.9655,7.96662,1.00,1.00
2017.09.13 12:33:04.191,7.96518,7.96627,1.00,1.00
2017.09.13 12:33:04.444,7.96515,7.96626,1.00,1.00
2017.09.13 12:33:04.774,7.9651,7.96622,1.00,1.00
2017.09.13 12:33:04.825,7.96507,7.96618,1.00,1.00
2017.09.13 12:33:05.604,7.96503,7.96614,1.00,1.00
2017.09.13 12:33:05.935,7.96506,7.96617,1.00,1.00
2017.09.13 12:33:06.074,7.96478,7.9659,1.00,1.00
2017.09.13 12:33:06.126,7.96492,7.96604,1.00,1.00
2017.09.13 12:33:06.431,7.96475,7.96586,1.00,1.00
2017.09.13 12:33:06.832,7.96461,7.96573,1.00,1.00
2017.09.13 12:33:06.882,7.96459,7.96568,1.00,1.00
2017.09.13 12:33:06.933,7.96449,7.96561,1.00,1.00
2017.09.13 12:33:06.985,7.96427,7.96538,1.00,1.00
2017.09.13 12:33:07.291,7.96457,7.96568,1.00,1.00
2017.09.13 12:33:07.342,7.9647,7.96582,1.00,1.00
2017.09.13 12:33:07.394,7.96476,7.96588,1.00,1.00
2017.09.13 12:33:07.708,7.9647,7.96582,1.00,1.00
2017.09.13 12:33:08.018,7.96452,7.96564,1.00,1.00
2017.09.13 12:33:08.693,7.96449,7.9656,1.00,1.00
2017.09.13 12:33:09.000,7.96412,7.96522,1.00,1.00
2017.09.13 12:33:09.391,7.96407,7.96518,1.00,1.00
2017.09.13 12:33:09.442,7.96392,7.96504,1.00,1.00
2017.09.13 12:33:09.754,7.96385,7.96497,1.00,1.00
2017.09.13 12:33:10.058,7.96361,7.96473,1.00,1.00
2017.09.13 12:33:10.361,7.96373,7.96485,1.00,1.00
2017.09.13 12:33:10.778,7.96375,7.96486,1.00,1.00
2017.09.13 12:33:11.621,7.96384,7.96496,1.00,1.00
2017.09.13 12:33:11.672,7.96391,7.96503,1.00,1.00
2017.09.13 12:33:11.989,7.96376,7.96488,1.00,1.00
2017.09.13 12:33:12.322,7.96352,7.96464,1.00,1.00
2017.09.13 12:33:12.701,7.9635,7.96461,1.00,1.00
2017.09.13 12:33:13.740,7.96346,7.96458,1.00,1.00
2017.09.13 12:33:15.225,7.96331,7.96443,1.00,1.00
2017.09.13 12:33:15.582,7.96348,7.9646,1.00,1.00
2017.09.13 12:33:16.329,7.96368,7.9648,1.00,1.00
2017.09.13 12:33:16.633,7.96379,7.9649,1.00,1.00
2017.09.13 12:33:16.942,7.96368,7.9648,1.00,1.00
2017.09.13 12:33:17.089,7.96361,7.96473,1.00,1.00
2017.09.13 12:33:17.395,7.96378,7.9649,1.00,1.00
2017.09.13 12:33:17.719,7.9636,7.96472,1.00,1.00
2017.09.13 12:33:18.366,7.96357,7.96469,1.00,1.00
2017.09.13 12:33:19.092,7.96362,7.96472,1.00,1.00
2017.09.13 12:33:19.144,7.96364,7.96476,1.00,1.00
2017.09.13 12:33:19.355,7.96355,7.96467,1.00,1.00
2017.09.13 12:33:19.690,7.96282,7.96393,1.00,1.00
2017.09.13 12:33:20.270,7.96281,7.96393,1.00,1.00
2017.09.13 12:33:20.838,7.96274,7.96386,1.00,1.00
2017.09.13 12:33:21.172,7.96328,7.9644,1.00,1.00
2017.09.13 12:33:21.476,7.96332,7.96444,1.00,1.00
2017.09.13 12:33:21.829,7.96327,7.96439,1.00,1.00
2017.09.13 12:33:22.228,7.96332,7.96441,1.00,1.00
2017.09.13 12:33:22.279,7.9634,7.96451,1.00,1.00
2017.09.13 12:33:22.381,7.96343,7.96454,1.00,1.00
2017.09.13 12:33:22.684,7.9634,7.96451,1.00,1.00
2017.09.13 12:33:22.887,7.96328,7.9644,1.00,1.00
2017.09.13 12:33:23.867,7.96325,7.96436,1.00,1.00
2017.09.13 12:33:24.988,7.96318,7.9643,1.00,1.00
2017.09.13 12:33:25.089,7.96314,7.96425,1.00,1.00
2017.09.13 12:33:25.596,7.96322,7.96431,1.00,1.00
2017.09.13 12:33:25.862,7.96314,7.96425,1.00,1.00
2017.09.13 12:33:25.913,7.96297,7.96408,1.00,1.00
2017.09.13 12:33:26.218,7.96299,7.9641,1.00,1.00
2017.09.13 12:33:26.538,7.96304,7.96415,1.00,1.00
2017.09.13 12:33:26.741,7.96321,7.96433,1.00,1.00
2017.09.13 12:33:26.793,7.96324,7.96436,1.00,1.00
2017.09.13 12:33:27.376,7.9633,7.96442,1.00,1.00
2017.09.13 12:33:27.702,7.96332,7.96444,1.00,1.00
2017.09.13 12:33:29.126,7.96322,7.96433,1.00,1.00
2017.09.13 12:33:29.489,7.9631,7.96422,1.00,1.00
2017.09.13 12:33:29.616,7.96305,7.96416,1.00,1.00
2017.09.13 12:33:29.668,7.96278,7.9639,1.00,1.00
2017.09.13 12:33:29.719,7.96272,7.96372,1.00,1.00
2017.09.13 12:33:29.820,7.96258,7.96369,1.00,1.00
2017.09.13 12:33:33.223,7.96242,7.96353,1.00,1.00
2017.09.13 12:33:33.527,7.96232,7.96343,1.00,1.00
2017.09.13 12:33:33.839,7.96237,7.96348,1.00,1.00
2017.09.13 12:33:34.499,7.96241,7.96352,1.00,1.00
2017.09.13 12:33:34.804,7.96234,7.96345,1.00,1.00
2017.09.13 12:33:36.170,7.96224,7.96336,1.00,1.00
2017.09.13 12:33:36.226,7.9622,7.96332,1.00,1.00
2017.09.13 12:33:36.530,7.96212,7.96323,1.00,1.00
2017.09.13 12:33:37.265,7.96207,7.96318,1.00,1.00
2017.09.13 12:33:37.931,7.96206,7.96317,1.00,1.00
2017.09.13 12:33:38.255,7.96191,7.96303,1.00,1.00
2017.09.13 12:33:38.401,7.96195,7.96306,1.00,1.00
2017.09.13 12:33:38.502,7.96213,7.96325,1.00,1.00
2017.09.13 12:33:38.553,7.96208,7.96319,1.00,1.00
2017.09.13 12:33:38.711,7.96218,7.9633,1.00,1.00
2017.09.13 12:33:38.762,7.96222,7.96333,1.00,1.00
2017.09.13 12:33:38.914,7.962,7.96329,1.00,1.00
2017.09.13 12:33:38.965,7.96183,7.96294,1.00,1.00
2017.09.13 12:33:39.194,7.96189,7.96324,1.00,1.00
2017.09.13 12:33:39.488,7.96203,7.96314,1.00,1.00
2017.09.13 12:33:40.838,7.96207,7.96319,1.00,1.00
2017.09.13 12:33:42.577,7.96187,7.96298,1.00,1.00
2017.09.13 12:33:43.201,7.96193,7.96304,1.00,1.00
2017.09.13 12:33:43.303,7.96204,7.96316,1.00,1.00
2017.09.13 12:33:43.354,7.96208,7.96319,1.00,1.00
2017.09.13 12:33:43.968,7.96218,7.96329,1.00,1.00
2017.09.13 12:33:45.734,7.96203,7.96314,1.00,1.00
2017.09.13 12:33:46.246,7.96214,7.96325,1.00,1.00
2017.09.13 12:33:46.450,7.96237,7.96349,1.00,1.00
2017.09.13 12:33:46.597,7.96249,7.96361,1.00,1.00
2017.09.13 12:33:46.902,7.96283,7.96395,1.00,1.00
2017.09.13 12:33:47.554,7.96296,7.96407,1.00,1.00
2017.09.13 12:33:47.656,7.9633,7.96442,1.00,1.00
2017.09.13 12:33:47.706,7.96316,7.96427,1.00,1.00
2017.09.13 12:33:48.010,7.96294,7.96405,1.00,1.00
2017.09.13 12:33:48.497,7.96287,7.96399,1.00,1.00
2017.09.13 12:33:50.380,7.96285,7.96397,1.00,1.00
2017.09.13 12:33:50.685,7.9632,7.96431,1.00,1.00
2017.09.13 12:33:51.124,7.963,7.96412,1.00,1.00
2017.09.13 12:33:51.175,7.96293,7.96404,1.00,1.00
2017.09.13 12:33:51.533,7.96289,7.964,1.00,1.00
2017.09.13 12:33:51.836,7.96251,7.96362,1.00,1.00
2017.09.13 12:33:52.248,7.96261,7.96372,1.00,1.00
2017.09.13 12:33:52.501,7.96256,7.96368,1.00,1.00
2017.09.13 12:33:52.552,7.96266,7.96378,1.00,1.00
2017.09.13 12:33:52.867,7.96265,7.96375,1.00,1.00
2017.09.13 12:33:52.917,7.96261,7.96372,1.00,1.00
2017.09.13 12:33:54.856,7.96276,7.96388,1.00,1.00
2017.09.13 12:33:54.907,7.96289,7.964,1.00,1.00
2017.09.13 12:33:55.478,7.96299,7.96408,1.00,1.00
2017.09.13 12:33:55.580,7.96321,7.96432,1.00,1.00
2017.09.13 12:33:55.631,7.96324,7.96436,1.00,1.00
2017.09.13 12:33:55.916,7.96327,7.96438,1.00,1.00
2017.09.13 12:33:56.252,7.96359,7.96468,1.00,1.00
2017.09.13 12:33:56.455,7.96353,7.96463,1.00,1.00
2017.09.13 12:33:56.506,7.96347,7.96458,1.00,1.00
2017.09.13 12:33:56.650,7.9633,7.96441,1.00,1.00
2017.09.13 12:33:56.902,7.96319,7.96431,1.00,1.00
2017.09.13 12:33:56.953,7.96317,7.96428,1.00,1.00
2017.09.13 12:33:57.677,7.96322,7.96431,1.00,1.00
2017.09.13 12:33:57.728,7.96312,7.96423,1.00,1.00
2017.09.13 12:33:58.330,7.96308,7.96419,1.00,1.00
2017.09.13 12:33:58.826,7.96312,7.96423,1.00,1.00
2017.09.13 12:33:59.337,7.96308,7.96419,1.00,1.00
2017.09.13 12:33:59.439,7.96313,7.96443,1.00,1.00
2017.09.13 12:33:59.490,7.96334,7.96446,1.00,1.00
2017.09.13 12:34:00.303,7.9636,7.96471,1.00,1.00
2017.09.13 12:34:00.607,7.964,7.96512,1.00,1.00
2017.09.13 12:34:00.908,7.96403,7.96515,1.00,1.00
2017.09.13 12:34:01.322,7.96384,7.96495,1.00,1.00
2017.09.13 12:34:01.525,7.96379,7.96491,1.00,1.00
2017.09.13 12:34:01.576,7.96369,7.96481,1.00,1.00
2017.09.13 12:34:01.901,7.96354,7.96465,1.00,1.00
2017.09.13 12:34:02.205,7.96367,7.96478,1.00,1.00
2017.09.13 12:34:02.510,7.96375,7.96484,1.00,1.00
2017.09.13 12:34:02.788,7.96367,7.96478,1.00,1.00
2017.09.13 12:34:03.759,7.96338,7.96449,1.00,1.00
2017.09.13 12:34:03.888,7.96321,7.96438,1.00,1.00
2017.09.13 12:34:03.939,7.96335,7.96445,1.00,1.00
2017.09.13 12:34:04.243,7.96347,7.96457,1.00,1.00
2017.09.13 12:34:04.541,7.96347,7.96459,1.00,1.00
2017.09.13 12:34:04.944,7.96333,7.96445,1.00,1.00
2017.09.13 12:34:07.672,7.96313,7.96423,1.00,1.00
2017.09.13 12:34:07.723,7.96296,7.96407,1.00,1.00
2017.09.13 12:34:07.775,7.9629,7.96402,1.00,1.00
2017.09.13 12:34:07.877,7.96287,7.96398,1.00,1.00
2017.09.13 12:34:08.332,7.96285,7.96397,1.00,1.00
2017.09.13 12:34:08.856,7.96293,7.96405,1.00,1.00
2017.09.13 12:34:09.482,7.96298,7.9641,1.00,1.00
2017.09.13 12:34:09.851,7.96296,7.96408,1.00,1.00
2017.09.13 12:34:10.155,7.9629,7.96402,1.00,1.00
2017.09.13 12:34:10.471,7.96282,7.96394,1.00,1.00
2017.09.13 12:34:10.814,7.96281,7.96392,1.00,1.00
2017.09.13 12:34:11.018,7.96275,7.96387,1.00,1.00
2017.09.13 12:34:11.821,7.96271,7.96383,1.00,1.00
2017.09.13 12:34:12.126,7.963,7.96412,1.00,1.00
2017.09.13 12:34:12.623,7.96283,7.96395,1.00,1.00
2017.09.13 12:34:12.983,7.96273,7.96382,1.00,1.00
2017.09.13 12:34:13.085,7.96277,7.96387,1.00,1.00
2017.09.13 12:34:13.187,7.96294,7.96406,1.00,1.00
2017.09.13 12:34:13.238,7.96296,7.96408,1.00,1.00
2017.09.13 12:34:13.575,7.96285,7.96394,1.00,1.00
2017.09.13 12:34:13.760,7.96277,7.96389,1.00,1.00
2017.09.13 12:34:13.861,7.96273,7.96385,1.00,1.00
2017.09.13 12:34:15.642,7.96279,7.9639,1.00,1.00
2017.09.13 12:34:16.115,7.96309,7.96421,1.00,1.00
2017.09.13 12:34:16.166,7.96322,7.96432,1.00,1.00
2017.09.13 12:34:16.218,7.96327,7.96439,1.00,1.00
2017.09.13 12:34:16.269,7.96316,7.96428,1.00,1.00
2017.09.13 12:34:16.573,7.96292,7.96403,1.00,1.00
2017.09.13 12:34:17.077,7.96292,7.96402,1.00,1.00
2017.09.13 12:34:17.811,7.96291,7.96401,1.00,1.00
2017.09.13 12:34:18.124,7.96296,7.96406,1.00,1.00
2017.09.13 12:34:19.617,7.96307,7.96417,1.00,1.00
2017.09.13 12:34:19.870,7.963,7.96411,1.00,1.00
2017.09.13 12:34:20.152,7.96296,7.96406,1.00,1.00
2017.09.13 12:34:20.607,7.96278,7.96389,1.00,1.00
2017.09.13 12:34:20.658,7.96271,7.96381,1.00,1.00
2017.09.13 12:34:21.603,7.96267,7.96378,1.00,1.00
2017.09.13 12:34:22.161,7.96273,7.96383,1.00,1.00
2017.09.13 12:34:22.386,7.96282,7.96393,1.00,1.00
2017.09.13 12:34:22.437,7.96284,7.96394,1.00,1.00
2017.09.13 12:34:22.748,7.96281,7.96391,1.00,1.00
2017.09.13 12:34:23.332,7.96278,7.96388,1.00,1.00
2017.09.13 12:34:24.439,7.96282,7.96392,1.00,1.00
2017.09.13 12:34:24.894,7.9627,7.9638,1.00,1.00
2017.09.13 12:34:25.200,7.9626,7.9637,1.00,1.00
2017.09.13 12:34:27.581,7.96264,7.96372,1.00,1.00
2017.09.13 12:34:27.632,7.96246,7.96356,1.00,1.00
2017.09.13 12:34:27.817,7.96241,7.96351,1.00,1.00
2017.09.13 12:34:28.133,7.96234,7.96344,1.00,1.00
2017.09.13 12:34:28.386,7.96244,7.96355,1.00,1.00
2017.09.13 12:34:28.654,7.9625,7.9636,1.00,1.00
2017.09.13 12:34:29.272,7.96251,7.9636,1.00,1.00
2017.09.13 12:34:31.156,7.96234,7.96346,1.00,1.00
2017.09.13 12:34:31.324,7.9623,7.96342,1.00,1.00
2017.09.13 12:34:32.268,7.96227,7.96338,1.00,1.00
2017.09.13 12:34:32.774,7.96226,7.96338,1.00,1.00
2017.09.13 12:34:35.448,7.96229,7.9634,1.00,1.00
2017.09.13 12:34:35.702,7.96214,7.96326,1.00,1.00
2017.09.13 12:34:35.753,7.9622,7.96332,1.00,1.00
2017.09.13 12:34:36.073,7.96213,7.96325,1.00,1.00
2017.09.13 12:34:36.377,7.96229,7.9634,1.00,1.00
2017.09.13 12:34:36.479,7.96232,7.96344,1.00,1.00
2017.09.13 12:34:36.802,7.96239,7.96351,1.00,1.00
2017.09.13 12:34:37.673,7.96253,7.96365,1.00,1.00
2017.09.13 12:34:38.182,7.96252,7.96364,1.00,1.00
2017.09.13 12:34:38.487,7.96297,7.96409,1.00,1.00
2017.09.13 12:34:38.825,7.96284,7.96396,1.00,1.00
2017.09.13 12:34:39.133,7.96251,7.96363,1.00,1.00
2017.09.13 12:34:39.472,7.96251,7.96361,1.00,1.00
2017.09.13 12:34:40.502,7.96248,7.96359,1.00,1.00
2017.09.13 12:34:40.959,7.96245,7.96356,1.00,1.00
2017.09.13 12:34:41.311,7.96239,7.9635,1.00,1.00
2017.09.13 12:34:41.628,7.96276,7.96386,1.00,1.00
2017.09.13 12:34:41.679,7.96277,7.96388,1.00,1.00
2017.09.13 12:34:42.506,7.9628,7.9639,1.00,1.00
2017.09.13 12:34:42.682,7.96275,7.96386,1.00,1.00
2017.09.13 12:34:42.733,7.96261,7.96371,1.00,1.00
2017.09.13 12:34:42.784,7.96257,7.96368,1.00,1.00
2017.09.13 12:34:42.904,7.96255,7.96365,1.00,1.00
2017.09.13 12:34:42.955,7.96249,7.9636,1.00,1.00
2017.09.13 12:34:45.017,7.96246,7.96356,1.00,1.00
2017.09.13 12:34:45.068,7.96231,7.96342,1.00,1.00
2017.09.13 12:34:45.119,7.96224,7.96335,1.00,1.00
2017.09.13 12:34:45.469,7.96239,7.96348,1.00,1.00
2017.09.13 12:34:46.261,7.96231,7.9634,1.00,1.00
2017.09.13 12:34:46.312,7.96227,7.96337,1.00,1.00
2017.09.13 12:34:46.363,7.96222,7.96333,1.00,1.00
2017.09.13 12:34:46.501,7.96194,7.96305,1.00,1.00
2017.09.13 12:34:46.820,7.96207,7.96317,1.00,1.00
2017.09.13 12:34:47.182,7.96228,7.96339,1.00,1.00
2017.09.13 12:34:47.316,7.96224,7.96332,1.00,1.00
2017.09.13 12:34:47.367,7.96213,7.96325,1.00,1.00
2017.09.13 12:34:47.838,7.96218,7.96327,1.00,1.00
2017.09.13 12:34:47.889,7.96229,7.9634,1.00,1.00
2017.09.13 12:34:47.940,7.96225,7.96336,1.00,1.00
2017.09.13 12:34:48.280,7.96244,7.96355,1.00,1.00
2017.09.13 12:34:48.331,7.96247,7.96359,1.00,1.00
2017.09.13 12:34:48.382,7.96253,7.96365,1.00,1.00
2017.09.13 12:34:48.687,7.96264,7.96375,1.00,1.00
2017.09.13 12:34:48.979,7.96257,7.96369,1.00,1.00
2017.09.13 12:34:49.233,7.96248,7.96359,1.00,1.00
2017.09.13 12:34:49.541,7.96254,7.96365,1.00,1.00
2017.09.13 12:34:50.005,7.96246,7.96357,1.00,1.00
2017.09.13 12:34:50.231,7.96238,7.9635,1.00,1.00
2017.09.13 12:34:50.383,7.96224,7.96336,1.00,1.00
2017.09.13 12:34:50.737,7.96248,7.9636,1.00,1.00
2017.09.13 12:34:51.637,7.96243,7.96355,1.00,1.00
2017.09.13 12:34:51.997,7.96268,7.96377,1.00,1.00
2017.09.13 12:34:52.498,7.96261,7.96373,1.00,1.00
2017.09.13 12:34:53.023,7.96256,7.96367,1.00,1.00
2017.09.13 12:34:53.324,7.96245,7.96356,1.00,1.00
2017.09.13 12:34:53.792,7.9624,7.96351,1.00,1.00
2017.09.13 12:34:53.944,7.96243,7.96355,1.00,1.00
2017.09.13 12:34:54.046,7.96241,7.96353,1.00,1.00
2017.09.13 12:34:54.386,7.96266,7.96376,1.00,1.00
2017.09.13 12:34:55.078,7.96254,7.96366,1.00,1.00
2017.09.13 12:34:55.129,7.9625,7.96362,1.00,1.00
2017.09.13 12:34:55.461,7.9624,7.96351,1.00,1.00
2017.09.13 12:34:55.882,7.96243,7.96355,1.00,1.00
2017.09.13 12:34:57.108,7.96237,7.96349,1.00,1.00
2017.09.13 12:34:57.412,7.96203,7.96314,1.00,1.00
2017.09.13 12:34:57.762,7.96209,7.9632,1.00,1.00
2017.09.13 12:34:58.078,7.96213,7.96324,1.00,1.00
2017.09.13 12:34:58.489,7.96219,7.96331,1.00,1.00
2017.09.13 12:34:58.540,7.96239,7.96348,1.00,1.00
2017.09.13 12:34:58.591,7.96233,7.96345,1.00,1.00
2017.09.13 12:34:58.642,7.96241,7.96353,1.00,1.00
2017.09.13 12:34:58.989,7.96243,7.96355,1.00,1.00
2017.09.13 12:35:00.296,7.96249,7.9636,1.00,1.00
2017.09.13 12:35:00.349,7.96245,7.96357,1.00,1.00
2017.09.13 12:35:00.723,7.9624,7.96352,1.00,1.00
2017.09.13 12:35:02.334,7.96241,7.96352,1.00,1.00
2017.09.13 12:35:02.681,7.96228,7.9634,1.00,1.00
2017.09.13 12:35:02.782,7.9622,7.96331,1.00,1.00
2017.09.13 12:35:03.772,7.96219,7.9633,1.00,1.00
2017.09.13 12:35:04.618,7.96212,7.96323,1.00,1.00
2017.09.13 12:35:05.515,7.96211,7.96322,1.00,1.00
2017.09.13 12:35:05.668,7.96203,7.96315,1.00,1.00
2017.09.13 12:35:07.820,7.962,7.96311,1.00,1.00
2017.09.13 12:35:07.922,7.96201,7.96313,1.00,1.00
2017.09.13 12:35:08.189,7.96181,7.96292,1.00,1.00
2017.09.13 12:35:08.239,7.96193,7.96305,1.00,1.00
2017.09.13 12:35:08.378,7.96186,7.96298,1.00,1.00
2017.09.13 12:35:08.683,7.96201,7.96312,1.00,1.00
2017.09.13 12:35:09.745,7.96197,7.96308,1.00,1.00
2017.09.13 12:35:09.847,7.96185,7.96297,1.00,1.00
2017.09.13 12:35:09.898,7.96178,7.96289,1.00,1.00
2017.09.13 12:35:10.202,7.96175,7.96286,1.00,1.00
2017.09.13 12:35:15.517,7.96181,7.96293,1.00,1.00
2017.09.13 12:35:15.669,7.96186,7.96297,1.00,1.00
2017.09.13 12:35:16.014,7.96205,7.96316,1.00,1.00
2017.09.13 12:35:16.203,7.96213,7.96325,1.00,1.00
2017.09.13 12:35:16.254,7.96202,7.96313,1.00,1.00
2017.09.13 12:35:17.379,7.96203,7.96314,1.00,1.00
2017.09.13 12:35:18.944,7.96197,7.96306,1.00,1.00
2017.09.13 12:35:19.488,7.962,7.96312,1.00,1.00
2017.09.13 12:35:19.590,7.96205,7.96316,1.00,1.00
2017.09.13 12:35:19.964,7.96202,7.96312,1.00,1.00
2017.09.13 12:35:20.015,7.96193,7.96305,1.00,1.00
2017.09.13 12:35:20.090,7.96186,7.96297,1.00,1.00
2017.09.13 12:35:20.503,7.96182,7.96291,1.00,1.00
2017.09.13 12:35:21.475,7.96167,7.96279,1.00,1.00
2017.09.13 12:35:21.880,7.96182,7.96291,1.00,1.00
2017.09.13 12:35:21.982,7.96188,7.96299,1.00,1.00
2017.09.13 12:35:23.449,7.96182,7.96293,1.00,1.00
2017.09.13 12:35:23.799,7.962,7.96311,1.00,1.00
2017.09.13 12:35:24.053,7.96204,7.96316,1.00,1.00
2017.09.13 12:35:25.955,7.9619,7.96299,1.00,1.00
2017.09.13 12:35:26.174,7.96205,7.96315,1.00,1.00
2017.09.13 12:35:26.639,7.96198,7.96309,1.00,1.00
2017.09.13 12:35:28.534,7.96186,7.96313,1.00,1.00
2017.09.13 12:35:28.585,7.96177,7.96288,1.00,1.00
2017.09.13 12:35:28.687,7.96179,7.96291,1.00,1.00
2017.09.13 12:35:29.027,7.96185,7.96296,1.00,1.00
2017.09.13 12:35:30.966,7.9618,7.96291,1.00,1.00
2017.09.13 12:35:31.118,7.96171,7.96283,1.00,1.00
2017.09.13 12:35:31.169,7.96169,7.96281,1.00,1.00
2017.09.13 12:35:31.518,7.96167,7.96278,1.00,1.00
2017.09.13 12:35:32.039,7.96176,7.96287,1.00,1.00
2017.09.13 12:35:32.398,7.96181,7.96292,1.00,1.00
2017.09.13 12:35:33.923,7.96174,7.96285,1.00,1.00
2017.09.13 12:35:33.974,7.96167,7.96279,1.00,1.00
2017.09.13 12:35:34.125,7.96171,7.96283,1.00,1.00
2017.09.13 12:35:35.129,7.96175,7.96287,1.00,1.00
2017.09.13 12:35:35.802,7.96171,7.96283,1.00,1.00
2017.09.13 12:35:36.652,7.96167,7.96279,1.00,1.00
2017.09.13 12:35:36.976,7.96178,7.96289,1.00,1.00
2017.09.13 12:35:37.350,7.96187,7.96298,1.00,1.00
2017.09.13 12:35:38.093,7.96186,7.96297,1.00,1.00
2017.09.13 12:35:38.347,7.96192,7.96304,1.00,1.00
2017.09.13 12:35:38.497,7.96198,7.96307,1.00,1.00
2017.09.13 12:35:40.201,7.96213,7.96324,1.00,1.00
2017.09.13 12:35:40.252,7.96215,7.96326,1.00,1.00
2017.09.13 12:35:40.353,7.96219,7.96331,1.00,1.00
2017.09.13 12:35:40.404,7.96224,7.96335,1.00,1.00
2017.09.13 12:35:41.470,7.96228,7.96339,1.00,1.00
2017.09.13 12:35:41.859,7.96232,7.96343,1.00,1.00
2017.09.13 12:35:43.379,7.96246,7.96357,1.00,1.00
2017.09.13 12:35:43.431,7.96251,7.96363,1.00,1.00
2017.09.13 12:35:43.532,7.96264,7.96376,1.00,1.00
2017.09.13 12:35:43.838,7.96275,7.96386,1.00,1.00
2017.09.13 12:35:44.169,7.96279,7.9639,1.00,1.00
2017.09.13 12:35:44.638,7.96271,7.96381,1.00,1.00
2017.09.13 12:35:44.740,7.96265,7.96377,1.00,1.00
2017.09.13 12:35:44.892,7.96274,7.96386,1.00,1.00
2017.09.13 12:35:45.377,7.96278,7.96389,1.00,1.00
2017.09.13 12:35:46.359,7.96277,7.96388,1.00,1.00
2017.09.13 12:35:46.704,7.9625,7.96361,1.00,1.00
2017.09.13 12:35:47.426,7.96253,7.96364,1.00,1.00
2017.09.13 12:35:50.605,7.96249,7.9636,1.00,1.00
2017.09.13 12:35:51.062,7.96256,7.96367,1.00,1.00
2017.09.13 12:35:51.459,7.96264,7.96375,1.00,1.00
2017.09.13 12:35:51.763,7.96285,7.96396,1.00,1.00
2017.09.13 12:35:52.069,7.96279,7.9639,1.00,1.00
2017.09.13 12:35:53.340,7.96267,7.96378,1.00,1.00
2017.09.13 12:35:53.677,7.96271,7.96382,1.00,1.00
2017.09.13 12:35:55.255,7.96262,7.96373,1.00,1.00
2017.09.13 12:35:55.596,7.96259,7.9637,1.00,1.00
2017.09.13 12:35:55.913,7.96243,7.96354,1.00,1.00
2017.09.13 12:35:56.240,7.96239,7.9635,1.00,1.00
2017.09.13 12:35:58.250,7.96236,7.96347,1.00,1.00
2017.09.13 12:36:02.455,7.96235,7.96346,1.00,1.00
2017.09.13 12:36:03.513,7.96249,7.96358,1.00,1.00
2017.09.13 12:36:03.564,7.96256,7.96367,1.00,1.00
2017.09.13 12:36:03.615,7.96263,7.96374,1.00,1.00
2017.09.13 12:36:03.952,7.96237,7.96348,1.00,1.00
2017.09.13 12:36:04.638,7.96247,7.96358,1.00,1.00
2017.09.13 12:36:04.988,7.96255,7.96366,1.00,1.00
2017.09.13 12:36:05.636,7.96257,7.96368,1.00,1.00
2017.09.13 12:36:06.913,7.96258,7.9637,1.00,1.00
2017.09.13 12:36:07.966,7.96257,7.96368,1.00,1.00
2017.09.13 12:36:08.968,7.96254,7.96365,1.00,1.00
2017.09.13 12:36:09.371,7.96249,7.9636,1.00,1.00
2017.09.13 12:36:10.439,7.96254,7.96365,1.00,1.00
2017.09.13 12:36:11.437,7.96259,7.9637,1.00,1.00
2017.09.13 12:36:11.820,7.96265,7.96376,1.00,1.00
2017.09.13 12:36:12.877,7.96287,7.96398,1.00,1.00
2017.09.13 12:36:13.197,7.96278,7.96387,1.00,1.00
2017.09.13 12:36:13.934,7.96276,7.96387,1.00,1.00
2017.09.13 12:36:13.996,7.96273,7.96384,1.00,1.00
2017.09.13 12:36:14.305,7.96283,7.96392,1.00,1.00
2017.09.13 12:36:15.086,7.96287,7.96396,1.00,1.00
2017.09.13 12:36:16.059,7.96281,7.96392,1.00,1.00
2017.09.13 12:36:16.742,7.96286,7.96397,1.00,1.00
2017.09.13 12:36:17.050,7.96303,7.96414,1.00,1.00
2017.09.13 12:36:17.355,7.96298,7.96409,1.00,1.00
2017.09.13 12:36:18.127,7.96306,7.96417,1.00,1.00
2017.09.13 12:36:18.593,7.96314,7.96423,1.00,1.00
2017.09.13 12:36:18.695,7.96283,7.96394,1.00,1.00
2017.09.13 12:36:18.746,7.96289,7.96401,1.00,1.00
2017.09.13 12:36:18.797,7.96278,7.96375,1.00,1.00
2017.09.13 12:36:18.943,7.96278,7.96386,1.00,1.00
2017.09.13 12:36:18.994,7.96275,7.96386,1.00,1.00
2017.09.13 12:36:19.096,7.96269,7.9638,1.00,1.00
2017.09.13 12:36:19.399,7.96247,7.96358,1.00,1.00
2017.09.13 12:36:19.664,7.96261,7.96373,1.00,1.00
2017.09.13 12:36:19.715,7.96268,7.96379,1.00,1.00
2017.09.13 12:36:20.006,7.9628,7.96392,1.00,1.00
2017.09.13 12:36:20.666,7.96282,7.96393,1.00,1.00
2017.09.13 12:36:24.838,7.96293,7.96402,1.00,1.00
2017.09.13 12:36:24.889,7.96318,7.96429,1.00,1.00
2017.09.13 12:36:24.940,7.9633,7.96441,1.00,1.00
2017.09.13 12:36:26.648,7.96345,7.96457,1.00,1.00
2017.09.13 12:36:26.749,7.96354,7.96465,1.00,1.00
2017.09.13 12:36:28.723,7.96348,7.96459,1.00,1.00
2017.09.13 12:36:29.644,7.96351,7.96463,1.00,1.00
2017.09.13 12:36:29.745,7.9636,7.96471,1.00,1.00
2017.09.13 12:36:29.796,7.96364,7.96476,1.00,1.00
2017.09.13 12:36:29.949,7.96343,7.96453,1.00,1.00
2017.09.13 12:36:30.173,7.96339,7.96451,1.00,1.00
2017.09.13 12:36:30.440,7.96338,7.96449,1.00,1.00
2017.09.13 12:36:30.748,7.96351,7.96463,1.00,1.00
2017.09.13 12:36:30.799,7.96356,7.96468,1.00,1.00
2017.09.13 12:36:34.640,7.96361,7.96473,1.00,1.00
2017.09.13 12:36:35.695,7.96363,7.96475,1.00,1.00
2017.09.13 12:36:36.209,7.96374,7.96485,1.00,1.00
2017.09.13 12:36:36.312,7.96385,7.96497,1.00,1.00
2017.09.13 12:36:36.362,7.9639,7.96502,1.00,1.00
2017.09.13 12:36:36.693,7.96394,7.96504,1.00,1.00
2017.09.13 12:36:36.794,7.96388,7.965,1.00,1.00
2017.09.13 12:36:38.535,7.96403,7.96515,1.00,1.00
2017.09.13 12:36:38.840,7.96436,7.96546,1.00,1.00
2017.09.13 12:36:40.247,7.96441,7.96552,1.00,1.00
2017.09.13 12:36:40.299,7.96453,7.96564,1.00,1.00
2017.09.13 12:36:40.351,7.96462,7.96574,1.00,1.00
2017.09.13 12:36:40.606,7.96467,7.96578,1.00,1.00
2017.09.13 12:36:40.758,7.96471,7.96583,1.00,1.00
2017.09.13 12:36:41.205,7.96469,7.96581,1.00,1.00
2017.09.13 12:36:42.102,7.96459,7.96571,1.00,1.00
2017.09.13 12:36:42.434,7.96453,7.96564,1.00,1.00
2017.09.13 12:36:42.634,7.96458,7.9657,1.00,1.00
2017.09.13 12:36:42.735,7.96454,7.96566,1.00,1.00
2017.09.13 12:36:43.066,7.96467,7.96578,1.00,1.00
2017.09.13 12:36:43.600,7.96462,7.96573,1.00,1.00
2017.09.13 12:36:43.740,7.96469,7.96581,1.00,1.00
2017.09.13 12:36:45.182,7.96464,7.96575,1.00,1.00
2017.09.13 12:36:45.868,7.96464,7.96576,1.00,1.00
2017.09.13 12:36:46.342,7.96467,7.96579,1.00,1.00
2017.09.13 12:36:47.059,7.96463,7.96575,1.00,1.00
2017.09.13 12:36:47.408,7.96465,7.96577,1.00,1.00
2017.09.13 12:36:47.729,7.96459,7.96571,1.00,1.00
2017.09.13 12:36:48.695,7.96467,7.96578,1.00,1.00
2017.09.13 12:36:50.725,7.96464,7.96576,1.00,1.00
2017.09.13 12:36:52.143,7.96467,7.96579,1.00,1.00
2017.09.13 12:36:56.832,7.96436,7.96548,1.00,1.00
2017.09.13 12:36:57.785,7.96433,7.96544,1.00,1.00
2017.09.13 12:36:59.962,7.96414,7.9652,1.00,1.00
2017.09.13 12:37:00.013,7.96403,7.96514,1.00,1.00
2017.09.13 12:37:00.064,7.96395,7.96507,1.00,1.00
2017.09.13 12:37:00.116,7.96401,7.96512,1.00,1.00
2017.09.13 12:37:00.965,7.96396,7.96508,1.00,1.00
2017.09.13 12:37:01.066,7.9639,7.96502,1.00,1.00
2017.09.13 12:37:01.397,7.96381,7.96492,1.00,1.00
2017.09.13 12:37:01.837,7.96377,7.96488,1.00,1.00
2017.09.13 12:37:02.152,7.9637,7.96482,1.00,1.00
2017.09.13 12:37:03.386,7.96363,7.96475,1.00,1.00
2017.09.13 12:37:03.708,7.96366,7.96476,1.00,1.00
2017.09.13 12:37:03.810,7.96361,7.96473,1.00,1.00
2017.09.13 12:37:05.289,7.96369,7.96481,1.00,1.00
2017.09.13 12:37:05.617,7.96373,7.96484,1.00,1.00
2017.09.13 12:37:08.763,7.96369,7.96481,1.00,1.00
2017.09.13 12:37:08.864,7.96374,7.96485,1.00,1.00
2017.09.13 12:37:08.915,7.9637,7.96482,1.00,1.00
2017.09.13 12:37:09.879,7.96374,7.96485,1.00,1.00
2017.09.13 12:37:10.352,7.9637,7.96482,1.00,1.00
2017.09.13 12:37:10.454,7.96365,7.96477,1.00,1.00
2017.09.13 12:37:10.775,7.96359,7.96471,1.00,1.00
2017.09.13 12:37:11.097,7.96355,7.96465,1.00,1.00
2017.09.13 12:37:11.704,7.96361,7.96471,1.00,1.00
2017.09.13 12:37:12.103,7.96369,7.96479,1.00,1.00
2017.09.13 12:37:12.204,7.96373,7.96485,1.00,1.00
2017.09.13 12:37:12.255,7.9638,7.96493,1.00,1.00
2017.09.13 12:37:12.306,7.96386,7.96497,1.00,1.00
2017.09.13 12:37:12.610,7.96397,7.96508,1.00,1.00
2017.09.13 12:37:12.918,7.96409,7.9652,1.00,1.00
2017.09.13 12:37:13.019,7.96437,7.96549,1.00,1.00
2017.09.13 12:37:13.274,7.96462,7.96574,1.00,1.00
2017.09.13 12:37:13.621,7.96478,7.96589,1.00,1.00
2017.09.13 12:37:14.806,7.9648,7.96592,1.00,1.00
2017.09.13 12:37:15.899,7.96472,7.96584,1.00,1.00
2017.09.13 12:37:16.529,7.96468,7.9658,1.00,1.00
2017.09.13 12:37:16.871,7.96441,7.96553,1.00,1.00
2017.09.13 12:37:17.182,7.9645,7.96561,1.00,1.00
2017.09.13 12:37:17.285,7.96465,7.96577,1.00,1.00
2017.09.13 12:37:17.336,7.9647,7.96581,1.00,1.00
2017.09.13 12:37:18.935,7.96463,7.96574,1.00,1.00
2017.09.13 12:37:19.088,7.96468,7.9658,1.00,1.00
2017.09.13 12:37:19.140,7.96465,7.96577,1.00,1.00
2017.09.13 12:37:19.477,7.9647,7.96581,1.00,1.00
2017.09.13 12:37:20.249,7.96472,7.96584,1.00,1.00
2017.09.13 12:37:20.785,7.9647,7.96582,1.00,1.00
2017.09.13 12:37:22.172,7.96467,7.96579,1.00,1.00
2017.09.13 12:37:22.476,7.96467,7.96576,1.00,1.00
2017.09.13 12:37:22.749,7.9647,7.96582,1.00,1.00
2017.09.13 12:37:23.094,7.96467,7.96579,1.00,1.00
2017.09.13 12:37:24.112,7.96463,7.96575,1.00,1.00
2017.09.13 12:37:25.202,7.96466,7.96578,1.00,1.00
2017.09.13 12:37:26.977,7.96463,7.96575,1.00,1.00
2017.09.13 12:37:28.510,7.96468,7.96579,1.00,1.00
2017.09.13 12:37:28.855,7.96464,7.96575,1.00,1.00
2017.09.13 12:37:32.635,7.96463,7.96575,1.00,1.00
2017.09.13 12:37:34.247,7.96471,7.96583,1.00,1.00
2017.09.13 12:37:34.875,7.96468,7.96579,1.00,1.00
2017.09.13 12:37:35.227,7.96466,7.96577,1.00,1.00
2017.09.13 12:37:35.914,7.96464,7.96576,1.00,1.00
2017.09.13 12:37:36.286,7.96472,7.96584,1.00,1.00
2017.09.13 12:37:36.600,7.96499,7.9661,1.00,1.00
2017.09.13 12:37:37.536,7.96503,7.96615,1.00,1.00
2017.09.13 12:37:38.145,7.9651,7.96621,1.00,1.00
2017.09.13 12:37:38.464,7.96534,7.96645,1.00,1.00
2017.09.13 12:37:38.847,7.96529,7.9664,1.00,1.00
2017.09.13 12:37:39.153,7.96493,7.96604,1.00,1.00
2017.09.13 12:37:39.471,7.96489,7.966,1.00,1.00
2017.09.13 12:37:39.846,7.965,7.9661,1.00,1.00
2017.09.13 12:37:40.326,7.96488,7.96599,1.00,1.00
2017.09.13 12:37:41.326,7.96483,7.96592,1.00,1.00
2017.09.13 12:37:41.906,7.96465,7.96576,1.00,1.00
2017.09.13 12:37:42.039,7.96472,7.96583,1.00,1.00
2017.09.13 12:37:42.090,7.96468,7.9658,1.00,1.00
2017.09.13 12:37:42.329,7.9646,7.96571,1.00,1.00
2017.09.13 12:37:42.633,7.96456,7.96567,1.00,1.00
2017.09.13 12:37:42.743,7.96464,7.96576,1.00,1.00
2017.09.13 12:37:44.588,7.96461,7.96572,1.00,1.00
2017.09.13 12:37:45.878,7.96451,7.96562,1.00,1.00
2017.09.13 12:37:46.186,7.96476,7.96587,1.00,1.00
2017.09.13 12:37:46.593,7.96467,7.96578,1.00,1.00
2017.09.13 12:37:47.665,7.96468,7.96579,1.00,1.00
2017.09.13 12:37:50.940,7.96447,7.96558,1.00,1.00
2017.09.13 12:37:51.268,7.9645,7.96559,1.00,1.00
2017.09.13 12:37:51.797,7.96449,7.96559,1.00,1.00
2017.09.13 12:37:54.184,7.96455,7.96565,1.00,1.00
2017.09.13 12:37:54.529,7.96464,7.96575,1.00,1.00
2017.09.13 12:37:56.088,7.96445,7.96556,1.00,1.00
2017.09.13 12:37:56.417,7.96464,7.96575,1.00,1.00
2017.09.13 12:37:56.836,7.96467,7.96578,1.00,1.00
2017.09.13 12:37:57.141,7.9646,7.9657,1.00,1.00
2017.09.13 12:37:57.243,7.96444,7.96555,1.00,1.00
2017.09.13 12:37:58.206,7.96454,7.96565,1.00,1.00
2017.09.13 12:37:58.509,7.96471,7.96582,1.00,1.00
2017.09.13 12:37:59.441,7.96466,7.96577,1.00,1.00
2017.09.13 12:37:59.773,7.96443,7.96553,1.00,1.00
2017.09.13 12:38:00.892,7.96449,7.9656,1.00,1.00
2017.09.13 12:38:00.943,7.96453,7.96563,1.00,1.00
2017.09.13 12:38:01.620,7.9647,7.9658,1.00,1.00
2017.09.13 12:38:01.948,7.96474,7.96584,1.00,1.00
2017.09.13 12:38:02.695,7.9647,7.96581,1.00,1.00
2017.09.13 12:38:03.365,7.96466,7.96577,1.00,1.00
2017.09.13 12:38:03.667,7.96464,7.96573,1.00,1.00
2017.09.13 12:38:04.198,7.96461,7.96571,1.00,1.00
2017.09.13 12:38:04.647,7.96455,7.96565,1.00,1.00
2017.09.13 12:38:04.884,7.96463,7.96574,1.00,1.00
2017.09.13 12:38:04.935,7.96469,7.9658,1.00,1.00
2017.09.13 12:38:05.875,7.96472,7.96582,1.00,1.00
2017.09.13 12:38:06.560,7.96462,7.96573,1.00,1.00
2017.09.13 12:38:06.611,7.96465,7.96575,1.00,1.00
2017.09.13 12:38:06.925,7.96467,7.96577,1.00,1.00
2017.09.13 12:38:08.287,7.96461,7.96571,1.00,1.00
2017.09.13 12:38:08.657,7.96417,7.96525,1.00,1.00
2017.09.13 12:38:08.715,7.96418,7.96528,1.00,1.00
2017.09.13 12:38:09.108,7.96414,7.96525,1.00,1.00
2017.09.13 12:38:09.209,7.9641,7.96521,1.00,1.00
2017.09.13 12:38:09.612,7.96407,7.96517,1.00,1.00
2017.09.13 12:38:09.727,7.96412,7.96523,1.00,1.00
2017.09.13 12:38:09.930,7.96416,7.96526,1.00,1.00
2017.09.13 12:38:10.578,7.96434,7.96544,1.00,1.00
2017.09.13 12:38:10.629,7.96427,7.96538,1.00,1.00
2017.09.13 12:38:10.679,7.96431,7.96542,1.00,1.00
2017.09.13 12:38:10.982,7.96424,7.96534,1.00,1.00
2017.09.13 12:38:11.322,7.9643,7.9654,1.00,1.00
2017.09.13 12:38:11.628,7.96438,7.96547,1.00,1.00
2017.09.13 12:38:12.362,7.96433,7.96543,1.00,1.00
2017.09.13 12:38:12.413,7.9643,7.96539,1.00,1.00
2017.09.13 12:38:12.565,7.96409,7.9652,1.00,1.00
2017.09.13 12:38:12.616,7.96415,7.96525,1.00,1.00
2017.09.13 12:38:15.863,7.96414,7.96525,1.00,1.00
2017.09.13 12:38:17.749,7.96415,7.96526,1.00,1.00
2017.09.13 12:38:21.024,7.96403,7.96514,1.00,1.00
2017.09.13 12:38:26.523,7.96408,7.96519,1.00,1.00
2017.09.13 12:38:26.574,7.96419,7.96531,1.00,1.00
2017.09.13 12:38:26.627,7.96423,7.96535,1.00,1.00
2017.09.13 12:38:26.928,7.96427,7.96539,1.00,1.00
2017.09.13 12:38:32.755,7.96426,7.96537,1.00,1.00
2017.09.13 12:38:35.984,7.96452,7.96564,1.00,1.00
2017.09.13 12:38:36.035,7.96461,7.96573,1.00,1.00
2017.09.13 12:38:36.341,7.96465,7.96577,1.00,1.00
2017.09.13 12:38:38.268,7.96466,7.96578,1.00,1.00
2017.09.13 12:38:44.273,7.96443,7.96555,1.00,1.00
2017.09.13 12:38:44.618,7.96434,7.96546,1.00,1.00
2017.09.13 12:38:47.951,7.96452,7.96564,1.00,1.00
2017.09.13 12:38:48.289,7.96463,7.96574,1.00,1.00
2017.09.13 12:38:50.966,7.96462,7.96574,1.00,1.00
2017.09.13 12:38:51.690,7.96454,7.96566,1.00,1.00
2017.09.13 12:38:52.297,7.96462,7.96574,1.00,1.00
2017.09.13 12:38:52.607,7.96488,7.96599,1.00,1.00
2017.09.13 12:38:55.629,7.9648,7.96592,1.00,1.00
2017.09.13 12:38:55.680,7.96486,7.96598,1.00,1.00
2017.09.13 12:38:55.984,7.9649,7.96602,1.00,1.00
2017.09.13 12:38:56.517,7.96492,7.96604,1.00,1.00
2017.09.13 12:39:02.131,7.96486,7.96598,1.00,1.00
2017.09.13 12:39:02.837,7.96488,7.96598,1.00,1.00
2017.09.13 12:39:03.655,7.96483,7.96595,1.00,1.00
2017.09.13 12:39:03.706,7.96476,7.96588,1.00,1.00
2017.09.13 12:39:04.052,7.96471,7.96583,1.00,1.00
2017.09.13 12:39:04.392,7.96491,7.96602,1.00,1.00
2017.09.13 12:39:05.278,7.96497,7.96609,1.00,1.00
2017.09.13 12:39:05.380,7.96502,7.96613,1.00,1.00
2017.09.13 12:39:05.560,7.96516,7.96628,1.00,1.00
2017.09.13 12:39:05.611,7.96525,7.96637,1.00,1.50
2017.09.13 12:39:05.984,7.96523,7.96635,1.00,1.00
2017.09.13 12:39:06.362,7.96509,7.9662,1.00,1.00
2017.09.13 12:39:06.565,7.96501,7.96613,1.00,1.00
2017.09.13 12:39:06.616,7.965,7.9661,1.00,1.00
2017.09.13 12:39:06.819,7.96495,7.96607,1.00,1.00
2017.09.13 12:39:06.870,7.96488,7.966,1.00,1.00
2017.09.13 12:39:07.208,7.96495,7.96607,1.00,1.00
2017.09.13 12:39:08.366,7.96491,7.96603,1.00,1.00
2017.09.13 12:39:11.984,7.96487,7.96599,1.00,1.00
2017.09.13 12:39:12.289,7.96483,7.96595,1.00,1.00
2017.09.13 12:39:12.596,7.9648,7.96591,1.00,1.00
2017.09.13 12:39:14.270,7.96472,7.96583,1.00,1.00
2017.09.13 12:39:14.552,7.96487,7.96599,1.00,1.00
2017.09.13 12:39:14.603,7.96491,7.96603,1.00,1.00
2017.09.13 12:39:14.907,7.96514,7.96625,1.00,1.00
2017.09.13 12:39:15.891,7.96508,7.9662,1.00,1.00
2017.09.13 12:39:15.993,7.96502,7.96614,1.00,1.00
2017.09.13 12:39:16.327,7.96505,7.96617,1.00,1.00
2017.09.13 12:39:16.687,7.9651,7.96622,1.00,1.00
2017.09.13 12:39:17.035,7.96515,7.96627,1.00,1.00
2017.09.13 12:39:17.381,7.96519,7.96631,1.00,1.00
2017.09.13 12:39:17.757,7.96521,7.96632,1.00,1.00
2017.09.13 12:39:18.376,7.96521,7.96629,1.00,1.00
2017.09.13 12:39:18.817,7.96521,7.96632,1.00,1.00
2017.09.13 12:39:21.044,7.96509,7.9662,1.00,1.00
2017.09.13 12:39:21.207,7.96493,7.96605,1.00,1.00
2017.09.13 12:39:21.311,7.96497,7.96609,1.00,1.00
2017.09.13 12:39:23.174,7.96484,7.96596,1.00,1.00
2017.09.13 12:39:23.502,7.96479,7.9659,1.00,1.00
2017.09.13 12:39:32.701,7.96474,7.96586,1.00,1.00
2017.09.13 12:39:32.787,7.96492,7.96603,1.00,1.00
2017.09.13 12:39:33.126,7.96496,7.96607,1.00,1.00
2017.09.13 12:39:36.055,7.96494,7.96606,1.00,1.00
2017.09.13 12:39:37.935,7.96486,7.96597,1.00,1.00
2017.09.13 12:39:38.116,7.9649,7.96602,1.00,1.00
2017.09.13 12:39:38.217,7.96479,7.96591,1.00,1.00
2017.09.13 12:39:38.522,7.96449,7.9656,1.00,1.00
2017.09.13 12:39:38.573,7.96465,7.96577,1.00,1.00
2017.09.13 12:39:40.183,7.96462,7.96573,1.00,1.00
2017.09.13 12:39:40.524,7.96466,7.96578,1.00,1.00
2017.09.13 12:39:40.575,7.96463,7.96575,1.00,1.00
2017.09.13 12:39:40.919,7.96466,7.96578,1.00,1.00
2017.09.13 12:39:45.044,7.96463,7.96575,1.00,1.00
2017.09.13 12:39:46.522,7.96461,7.96573,1.00,1.00
2017.09.13 12:39:47.905,7.96462,7.96573,1.00,1.00
2017.09.13 12:39:56.503,7.96465,7.96577,1.00,1.00
2017.09.13 12:39:58.502,7.96496,7.96607,1.00,1.00
2017.09.13 12:39:58.832,7.96517,7.96628,1.00,1.00
2017.09.13 12:39:59.086,7.96528,7.9664,1.00,1.00
2017.09.13 12:40:00.832,7.96536,7.96648,1.00,1.00
2017.09.13 12:40:01.198,7.96539,7.96649,1.00,1.00
2017.09.13 12:40:01.362,7.96546,7.96657,1.00,1.00
2017.09.13 12:40:01.561,7.9655,7.96664,1.00,1.00
2017.09.13 12:40:01.923,7.96558,7.96667,1.00,1.00
2017.09.13 12:40:01.974,7.9657,7.9668,1.00,1.00
2017.09.13 12:40:02.177,7.96584,7.96695,1.00,1.00
2017.09.13 12:40:02.229,7.96588,7.96699,1.00,1.00
2017.09.13 12:40:02.551,7.96578,7.96688,1.00,1.00
2017.09.13 12:40:02.805,7.96572,7.96683,1.00,1.00
2017.09.13 12:40:06.182,7.96574,7.96682,1.00,1.00
2017.09.13 12:40:06.284,7.96563,7.96674,1.00,1.00
2017.09.13 12:40:06.388,7.96558,7.96666,1.00,1.00
2017.09.13 12:40:07.033,7.96548,7.96658,1.00,1.00
2017.09.13 12:40:08.284,7.9654,7.9665,1.00,1.00
2017.09.13 12:40:08.385,7.9653,7.96641,1.00,1.00
2017.09.13 12:40:08.437,7.96517,7.96628,1.00,1.00
2017.09.13 12:40:08.781,7.9653,7.9664,1.00,1.00
2017.09.13 12:40:09.300,7.96543,7.96654,1.00,1.00
2017.09.13 12:40:10.426,7.96557,7.96667,1.00,1.00
2017.09.13 12:40:10.629,7.96568,7.96679,1.00,1.00
2017.09.13 12:40:10.799,7.96573,7.96684,1.00,1.00
2017.09.13 12:40:12.966,7.9657,7.9668,1.00,1.00
2017.09.13 12:40:13.364,7.96574,7.96684,1.00,1.00
2017.09.13 12:40:13.416,7.96577,7.96688,1.00,1.00
2017.09.13 12:40:16.771,7.9659,7.967,1.00,1.00
2017.09.13 12:40:16.822,7.96594,7.96705,1.00,1.00
2017.09.13 12:40:17.191,7.96582,7.96708,1.00,1.00
2017.09.13 12:40:17.242,7.96586,7.96696,1.00,1.00
2017.09.13 12:40:17.343,7.9658,7.96692,1.00,1.00
2017.09.13 12:40:17.446,7.96571,7.96682,1.00,1.00
2017.09.13 12:40:17.548,7.96566,7.96678,1.00,1.00
2017.09.13 12:40:18.556,7.96571,7.96682,1.00,1.00
2017.09.13 12:40:20.620,7.96604,7.96715,1.00,1.00
2017.09.13 12:40:20.671,7.96608,7.9672,1.00,1.00
2017.09.13 12:40:22.905,7.96604,7.96715,1.00,1.00
2017.09.13 12:40:23.511,7.96604,7.96716,1.00,1.00
2017.09.13 12:40:23.815,7.96611,7.96723,1.00,1.00
2017.09.13 12:40:24.175,7.96605,7.96717,1.00,1.00
2017.09.13 12:40:24.479,7.96594,7.96706,1.00,1.00
2017.09.13 12:40:24.787,7.96599,7.96708,1.00,1.00
2017.09.13 12:40:25.266,7.96594,7.96706,1.00,1.00
2017.09.13 12:40:25.316,7.9659,7.96702,1.00,1.00
2017.09.13 12:40:25.620,7.96577,7.96689,1.00,1.00
2017.09.13 12:40:26.655,7.96578,7.9669,1.00,1.00
2017.09.13 12:40:28.904,7.96583,7.96693,1.00,1.00
2017.09.13 12:40:29.302,7.96571,7.96683,1.00,1.00
2017.09.13 12:40:29.439,7.96557,7.96669,1.00,1.00
2017.09.13 12:40:29.744,7.96545,7.96657,1.00,1.00
2017.09.13 12:40:30.127,7.96501,7.96613,1.00,1.00
2017.09.13 12:40:30.445,7.96488,7.966,1.00,1.00
2017.09.13 12:40:30.749,7.96495,7.96607,1.00,1.00
2017.09.13 12:40:31.078,7.96476,7.96588,1.00,1.00
2017.09.13 12:40:31.384,7.96471,7.96583,1.00,1.00
2017.09.13 12:40:31.782,7.96464,7.96575,1.00,1.00
2017.09.13 12:40:32.086,7.9646,7.96569,1.00,1.00
2017.09.13 12:40:32.273,7.96453,7.96565,1.00,1.00
2017.09.13 12:40:32.374,7.9645,7.96562,1.00,1.00
2017.09.13 12:40:32.696,7.96445,7.96557,1.00,1.00
2017.09.13 12:40:33.045,7.96439,7.9655,1.00,1.00
2017.09.13 12:40:33.387,7.96446,7.96555,1.00,1.00
2017.09.13 12:40:33.439,7.96453,7.96565,1.00,1.00
2017.09.13 12:40:33.490,7.96459,7.9657,1.00,1.00
2017.09.13 12:40:35.989,7.96443,7.96554,1.00,1.00
2017.09.13 12:40:36.293,7.96459,7.9657,1.00,1.00
2017.09.13 12:40:37.242,7.96462,7.96574,1.00,1.00
2017.09.13 12:40:37.768,7.96474,7.96586,1.00,1.00
2017.09.13 12:40:38.075,7.9648,7.9659,1.00,1.00
2017.09.13 12:40:39.774,7.96476,7.96587,1.00,1.00
2017.09.13 12:40:39.905,7.9647,7.96581,1.00,1.00
2017.09.13 12:40:42.715,7.96476,7.96585,1.00,1.00
2017.09.13 12:40:42.766,7.96479,7.9659,1.00,1.00
2017.09.13 12:40:43.274,7.96485,7.96594,1.00,1.00
2017.09.13 12:40:43.847,7.96499,7.96611,1.00,1.00
2017.09.13 12:40:44.227,7.96496,7.96607,1.00,1.00
2017.09.13 12:40:45.369,7.96509,7.9662,1.00,1.00
2017.09.13 12:40:45.420,7.9652,7.96632,1.00,1.00
2017.09.13 12:40:45.471,7.96526,7.96638,1.00,1.00
2017.09.13 12:40:46.026,7.96527,7.96639,1.00,1.00
2017.09.13 12:40:49.705,7.96541,7.9665,1.00,1.00
2017.09.13 12:40:49.756,7.96543,7.96655,1.00,1.00
2017.09.13 12:40:49.810,7.96548,7.96658,1.00,1.00
2017.09.13 12:40:49.861,7.96541,7.96652,1.00,1.00
2017.09.13 12:40:50.205,7.96536,7.96647,1.00,1.00
2017.09.13 12:40:50.306,7.96541,7.96653,1.00,1.00
2017.09.13 12:40:50.408,7.96545,7.96656,1.00,1.00
2017.09.13 12:40:51.904,7.96534,7.96646,1.00,1.00
2017.09.13 12:40:51.955,7.96531,7.96642,1.00,1.00
2017.09.13 12:40:52.056,7.96529,7.96641,1.00,1.00
2017.09.13 12:40:52.632,7.96529,7.9664,1.00,1.00
2017.09.13 12:40:53.555,7.96532,7.96642,1.00,1.00
2017.09.13 12:40:56.030,7.96536,7.96645,1.00,1.00
2017.09.13 12:40:58.448,7.96511,7.96621,1.00,1.00
2017.09.13 12:40:58.499,7.96505,7.96616,1.00,1.00
2017.09.13 12:40:58.621,7.96502,7.96612,1.00,1.00
2017.09.13 12:40:59.008,7.96507,7.96617,1.00,1.00
2017.09.13 12:41:00.926,7.96501,7.96609,1.00,1.00
2017.09.13 12:41:00.977,7.96479,7.96589,1.00,1.00
2017.09.13 12:41:01.079,7.96466,7.96576,1.00,1.00
2017.09.13 12:41:01.445,7.96459,7.96569,1.00,1.00
2017.09.13 12:41:03.054,7.96458,7.96569,1.00,1.00
2017.09.13 12:41:03.665,7.96446,7.96556,1.00,1.00
2017.09.13 12:41:04.003,7.96426,7.96537,1.00,1.00
2017.09.13 12:41:04.105,7.96435,7.96544,1.00,1.00
2017.09.13 12:41:04.156,7.96438,7.96549,1.00,1.00
2017.09.13 12:41:04.359,7.96454,7.96564,1.00,1.00
2017.09.13 12:41:04.460,7.96456,7.96567,1.00,1.00
2017.09.13 12:41:05.049,7.96461,7.96571,1.00,1.00
2017.09.13 12:41:05.373,7.96464,7.96574,1.00,1.00
2017.09.13 12:41:06.355,7.96465,7.96575,1.00,1.00
2017.09.13 12:41:11.931,7.96465,7.96577,1.00,1.00
2017.09.13 12:41:16.678,7.96453,7.96565,1.00,1.00
2017.09.13 12:41:16.997,7.96394,7.96506,1.00,1.00
2017.09.13 12:41:17.311,7.96398,7.9651,1.00,1.00
2017.09.13 12:41:17.664,7.96411,7.96523,1.00,1.00
2017.09.13 12:41:17.990,7.9644,7.96551,1.00,1.00
2017.09.13 12:41:18.561,7.96436,7.96547,1.00,1.00
2017.09.13 12:41:19.025,7.96427,7.96539,1.00,1.00
2017.09.13 12:41:19.127,7.96412,7.96518,1.00,1.00
2017.09.13 12:41:19.229,7.96405,7.96516,1.00,1.00
2017.09.13 12:41:19.548,7.96411,7.96522,1.00,1.00
2017.09.13 12:41:19.650,7.96419,7.96531,1.00,1.00
2017.09.13 12:41:19.863,7.96404,7.96515,1.00,1.00
2017.09.13 12:41:20.405,7.96404,7.96516,1.00,1.00
2017.09.13 12:41:21.264,7.96402,7.96514,1.00,1.00
2017.09.13 12:41:22.081,7.96408,7.96518,1.00,1.00
2017.09.13 12:41:22.524,7.96395,7.96507,1.00,1.00
2017.09.13 12:41:23.595,7.96397,7.96508,1.00,1.00
2017.09.13 12:41:25.147,7.96393,7.96504,1.00,1.00
2017.09.13 12:41:25.350,7.96398,7.9651,1.00,1.00
2017.09.13 12:41:25.977,7.96397,7.96508,1.00,1.00
2017.09.13 12:41:26.740,7.96389,7.965,1.00,1.00
2017.09.13 12:41:27.125,7.96366,7.96477,1.00,1.00
2017.09.13 12:41:27.430,7.96387,7.96497,1.00,1.00
2017.09.13 12:41:27.898,7.96396,7.96507,1.00,1.00
2017.09.13 12:41:28.595,7.96401,7.96511,1.00,1.00
2017.09.13 12:41:29.498,7.96404,7.96516,1.00,1.00
2017.09.13 12:41:31.891,7.96391,7.96508,1.00,1.00
2017.09.13 12:41:31.942,7.96406,7.96517,1.00,1.00
2017.09.13 12:41:31.993,7.96398,7.9651,1.00,1.00
2017.09.13 12:41:32.113,7.964,7.96512,1.00,1.00
2017.09.13 12:41:34.158,7.96402,7.96513,1.00,1.00
2017.09.13 12:41:36.645,7.96424,7.96532,1.00,1.00
2017.09.13 12:41:36.696,7.96432,7.96543,1.00,1.00
2017.09.13 12:41:36.747,7.9644,7.96551,1.00,1.00
2017.09.13 12:41:37.086,7.96432,7.96543,1.00,1.00
2017.09.13 12:41:37.414,7.96436,7.96547,1.00,1.00
2017.09.13 12:41:37.976,7.96426,7.96537,1.00,1.00
2017.09.13 12:41:38.285,7.96416,7.96527,1.00,1.00
2017.09.13 12:41:38.625,7.96412,7.96522,1.00,1.00
2017.09.13 12:41:40.913,7.96418,7.96526,1.00,1.00
2017.09.13 12:41:42.018,7.96401,7.96512,1.00,1.00
2017.09.13 12:41:42.069,7.96391,7.96501,1.00,1.00
2017.09.13 12:41:42.200,7.96392,7.96503,1.00,1.00
2017.09.13 12:41:42.251,7.96389,7.96498,1.00,1.00
2017.09.13 12:41:42.304,7.96395,7.96506,1.00,1.00
2017.09.13 12:41:42.355,7.964,7.96509,1.00,1.00
2017.09.13 12:41:42.507,7.96404,7.96515,1.00,1.00
2017.09.13 12:41:42.559,7.96417,7.96528,1.00,1.00
2017.09.13 12:41:42.892,7.96414,7.96525,1.00,1.00
2017.09.13 12:41:43.213,7.964,7.96491,1.00,1.00
2017.09.13 12:41:43.264,7.96382,7.96493,1.00,1.00
2017.09.13 12:41:43.315,7.96396,7.96507,1.00,1.00
2017.09.13 12:41:43.670,7.96402,7.96513,1.00,1.00
2017.09.13 12:41:46.667,7.96409,7.9652,1.00,1.00
2017.09.13 12:41:46.971,7.96393,7.96504,1.00,1.00
2017.09.13 12:41:47.295,7.96385,7.96496,1.00,1.00
2017.09.13 12:41:48.144,7.96384,7.96495,1.00,1.00
2017.09.13 12:41:51.063,7.9639,7.96501,1.00,1.00
2017.09.13 12:41:51.367,7.96375,7.96482,1.00,1.00
2017.09.13 12:41:51.451,7.96376,7.96485,1.00,1.00
2017.09.13 12:41:51.553,7.96371,7.96482,1.00,1.00
2017.09.13 12:41:53.655,7.96374,7.96485,1.00,1.00
2017.09.13 12:41:54.946,7.96345,7.96456,1.00,1.00
2017.09.13 12:41:55.250,7.96334,7.96444,1.00,1.00
2017.09.13 12:41:55.453,7.9634,7.96451,1.00,1.00
2017.09.13 12:41:55.504,7.96337,7.96448,1.00,1.00
2017.09.13 12:41:55.818,7.96352,7.96462,1.00,1.00
2017.09.13 12:41:56.122,7.96355,7.96464,1.00,1.00
2017.09.13 12:41:56.835,7.96351,7.96462,1.00,1.00
2017.09.13 12:41:58.067,7.96352,7.96468,1.00,1.00
2017.09.13 12:42:01.005,7.96347,7.96466,1.00,1.00
2017.09.13 12:42:01.056,7.96341,7.96459,1.00,1.00
2017.09.13 12:42:01.390,7.96328,7.96446,1.00,1.00
2017.09.13 12:42:01.818,7.96333,7.96449,1.00,1.00
2017.09.13 12:42:01.869,7.96335,7.96453,1.00,1.00
2017.09.13 12:42:01.920,7.96309,7.96446,1.00,1.00
2017.09.13 12:42:01.971,7.96312,7.9643,1.00,1.00
2017.09.13 12:42:02.022,7.96306,7.96425,1.00,1.00
2017.09.13 12:42:02.625,7.96307,7.96426,1.00,1.00
2017.09.13 12:42:03.049,7.96303,7.96419,1.00,1.00
2017.09.13 12:42:03.150,7.96304,7.96422,1.00,1.00
2017.09.13 12:42:03.725,7.96305,7.96423,1.00,1.00
2017.09.13 12:42:04.010,7.96312,7.9643,1.00,1.00
2017.09.13 12:42:04.586,7.96309,7.96427,1.00,1.00
2017.09.13 12:42:04.935,7.96312,7.9643,1.00,1.00
2017.09.13 12:42:05.315,7.96309,7.96427,1.00,1.00
2017.09.13 12:42:05.371,7.96307,7.96426,1.00,1.00
2017.09.13 12:42:05.590,7.963,7.96418,1.00,1.00
2017.09.13 12:42:06.161,7.96307,7.96425,1.00,1.00
2017.09.13 12:42:06.855,7.96302,7.96421,1.00,1.00
2017.09.13 12:42:07.350,7.96306,7.96424,1.00,1.00
2017.09.13 12:42:08.803,7.96313,7.96432,1.00,1.00
2017.09.13 12:42:09.077,7.9631,7.96429,1.00,1.00
2017.09.13 12:42:09.381,7.96276,7.96394,1.00,1.00
2017.09.13 12:42:09.634,7.96272,7.96391,1.00,1.00
2017.09.13 12:42:10.041,7.96288,7.96407,1.00,1.00
2017.09.13 12:42:10.415,7.9629,7.96407,1.00,1.00
2017.09.13 12:42:11.519,7.96294,7.96412,1.00,1.00
2017.09.13 12:42:11.865,7.96294,7.9641,1.00,1.00
2017.09.13 12:42:12.887,7.96298,7.96416,1.00,1.00
2017.09.13 12:42:12.938,7.96301,7.9642,1.00,1.00
2017.09.13 12:42:15.395,7.96283,7.96399,1.00,1.00
2017.09.13 12:42:15.755,7.96278,7.96396,1.00,1.00
2017.09.13 12:42:15.806,7.96266,7.96384,1.00,1.00
2017.09.13 12:42:15.986,7.96247,7.96366,1.00,1.00
2017.09.13 12:42:16.038,7.9624,7.96358,1.00,1.00
2017.09.13 12:42:16.089,7.96245,7.96364,1.00,1.00
2017.09.13 12:42:16.140,7.96249,7.96368,1.00,1.00
2017.09.13 12:42:16.445,7.96254,7.96372,1.00,1.00
2017.09.13 12:42:16.496,7.96261,7.9638,1.00,1.00
2017.09.13 12:42:16.598,7.96265,7.96384,1.00,1.00
2017.09.13 12:42:16.927,7.9628,7.96399,1.00,1.00
2017.09.13 12:42:17.445,7.96279,7.96398,1.00,1.00
2017.09.13 12:42:17.791,7.96297,7.96416,1.00,1.00
2017.09.13 12:42:18.097,7.96241,7.96359,1.00,1.00
2017.09.13 12:42:18.199,7.96242,7.96381,1.00,1.00
2017.09.13 12:42:18.250,7.96254,7.96384,1.00,1.00
2017.09.13 12:42:18.590,7.96296,7.96414,1.00,1.00
2017.09.13 12:42:20.421,7.96299,7.96418,1.00,1.00
2017.09.13 12:42:21.384,7.963,7.96419,1.00,1.00
2017.09.13 12:42:23.826,7.96304,7.96422,1.00,1.00
2017.09.13 12:42:24.063,7.96308,7.96427,1.00,1.00
2017.09.13 12:42:25.696,7.96313,7.96431,1.00,1.00
2017.09.13 12:42:26.896,7.96311,7.96429,1.00,1.00
2017.09.13 12:42:27.350,7.96308,7.96426,1.00,1.00
2017.09.13 12:42:27.699,7.96306,7.96424,1.00,1.00
2017.09.13 12:42:28.176,7.96308,7.96426,1.00,1.00
2017.09.13 12:42:28.258,7.96312,7.96431,1.00,1.00
2017.09.13 12:42:28.309,7.96307,7.96426,1.00,1.00
2017.09.13 12:42:29.656,7.96304,7.96422,1.00,1.00
2017.09.13 12:42:30.357,7.96308,7.96426,1.00,1.00
2017.09.13 12:42:30.743,7.96305,7.96423,1.00,1.00
2017.09.13 12:42:31.364,7.96297,7.96415,1.00,1.00
2017.09.13 12:42:32.346,7.96305,7.96423,1.00,1.00
2017.09.13 12:42:32.877,7.96311,7.96429,1.00,1.00
2017.09.13 12:42:33.180,7.96316,7.96434,1.00,1.00
2017.09.13 12:42:33.528,7.96313,7.96431,1.00,1.00
2017.09.13 12:42:34.817,7.96323,7.96441,1.00,1.00
2017.09.13 12:42:35.121,7.9636,7.96478,1.00,1.00
2017.09.13 12:42:35.460,7.96358,7.96476,1.00,1.00
2017.09.13 12:42:35.764,7.96361,7.96479,1.00,1.00
2017.09.13 12:42:36.121,7.96362,7.96486,1.00,1.00
2017.09.13 12:42:36.223,7.96349,7.96474,1.00,1.00
2017.09.13 12:42:36.274,7.96355,7.9648,1.00,1.00
2017.09.13 12:42:36.325,7.96347,7.96473,1.00,1.00
2017.09.13 12:42:36.723,7.96364,7.96489,1.00,1.00
2017.09.13 12:42:36.825,7.96353,7.96479,1.00,1.00
2017.09.13 12:42:36.876,7.96359,7.96484,1.00,1.00
2017.09.13 12:42:37.181,7.96338,7.96464,1.00,1.00
2017.09.13 12:42:37.682,7.96345,7.96471,1.00,1.00
2017.09.13 12:42:37.986,7.9635,7.96475,1.00,1.00
2017.09.13 12:42:38.745,7.96341,7.96467,1.00,1.00
2017.09.13 12:42:39.761,7.96337,7.96463,1.00,1.00
2017.09.13 12:42:40.065,7.96329,7.96455,1.00,1.00
2017.09.13 12:42:41.946,7.96332,7.96457,1.00,1.00
2017.09.13 12:42:43.258,7.96337,7.96462,1.00,1.00
2017.09.13 12:42:43.598,7.96331,7.96456,1.00,1.00
2017.09.13 12:42:44.855,7.96346,7.96472,1.00,1.00
2017.09.13 12:42:44.906,7.96349,7.96474,1.00,1.00
2017.09.13 12:42:45.433,7.96357,7.96483,1.00,1.00
2017.09.13 12:42:45.535,7.9636,7.96485,1.00,1.00
2017.09.13 12:42:45.586,7.96361,7.96487,1.00,1.00
2017.09.13 12:42:45.637,7.96368,7.96493,1.00,1.00
2017.09.13 12:42:45.999,7.96358,7.96484,1.00,1.00
2017.09.13 12:42:46.101,7.96364,7.9649,1.00,1.00
2017.09.13 12:42:46.583,7.96359,7.96485,1.00,1.00
2017.09.13 12:42:46.888,7.96352,7.96477,1.00,1.00
2017.09.13 12:42:48.394,7.9635,7.96473,1.00,1.00
2017.09.13 12:42:48.445,7.96348,7.96474,1.00,1.00
2017.09.13 12:42:48.678,7.96357,7.96482,1.00,1.00
2017.09.13 12:42:49.765,7.96366,7.96492,1.00,1.00
2017.09.13 12:42:49.816,7.96372,7.96497,1.00,1.00
2017.09.13 12:42:50.171,7.96366,7.96492,1.00,1.00
2017.09.13 12:42:50.222,7.96359,7.96485,1.00,1.00
2017.09.13 12:42:50.781,7.96376,7.96502,1.00,1.00
2017.09.13 12:42:51.249,7.96381,7.96506,1.00,1.00
2017.09.13 12:42:51.811,7.9638,7.96505,1.00,1.00
2017.09.13 12:42:51.963,7.96386,7.96512,1.00,1.00
2017.09.13 12:42:52.014,7.9638,7.96506,1.00,1.00
2017.09.13 12:42:52.369,7.96377,7.96503,1.00,1.00
2017.09.13 12:42:52.697,7.96329,7.96455,1.00,1.00
2017.09.13 12:42:53.690,7.96343,7.96469,1.00,1.00
2017.09.13 12:42:54.013,7.9634,7.96466,1.00,1.00
2017.09.13 12:42:54.316,7.96356,7.96482,1.00,1.00
2017.09.13 12:42:54.626,7.96349,7.96474,1.00,1.00
2017.09.13 12:42:55.065,7.96354,7.96479,1.00,1.00
2017.09.13 12:42:55.116,7.96357,7.96483,1.00,1.00
2017.09.13 12:42:55.428,7.96349,7.96475,1.00,1.00
2017.09.13 12:42:55.737,7.9634,7.96466,1.00,1.00
2017.09.13 12:42:56.043,7.96322,7.96448,1.00,1.00
2017.09.13 12:42:56.955,7.96318,7.96444,1.00,1.00
2017.09.13 12:42:57.486,7.96319,7.96444,1.00,1.00
2017.09.13 12:42:57.596,7.96328,7.96454,1.00,1.00
2017.09.13 12:42:57.739,7.96334,7.9646,1.00,1.00
2017.09.13 12:42:58.068,7.9633,7.96456,1.00,1.00
2017.09.13 12:42:58.383,7.96333,7.96458,1.00,1.00
2017.09.13 12:42:58.434,7.96326,7.96452,1.00,1.00
2017.09.13 12:42:58.486,7.96323,7.96448,1.00,1.00
2017.09.13 12:42:58.879,7.96327,7.96452,1.00,1.00
2017.09.13 12:42:58.930,7.96334,7.9646,1.00,1.00
2017.09.13 12:42:59.855,7.96324,7.9645,1.00,1.00
2017.09.13 12:43:00.158,7.9632,7.96445,1.00,1.00
2017.09.13 12:43:02.640,7.96334,7.96459,1.00,1.00
2017.09.13 12:43:02.857,7.96328,7.96454,1.00,1.00
2017.09.13 12:43:02.908,7.96321,7.96446,1.00,1.00
2017.09.13 12:43:03.954,7.96313,7.96438,1.00,1.00
2017.09.13 12:43:04.281,7.96316,7.96441,1.00,1.00
2017.09.13 12:43:04.631,7.96342,7.96467,1.00,1.00
2017.09.13 12:43:04.943,7.96346,7.96471,1.00,1.00
2017.09.13 12:43:05.293,7.96339,7.96464,1.00,1.00
2017.09.13 12:43:06.062,7.96335,7.9646,1.00,1.00
2017.09.13 12:43:06.791,7.96345,7.9647,1.00,1.00
2017.09.13 12:43:07.855,7.96336,7.96459,1.00,1.00
2017.09.13 12:43:10.250,7.96351,7.96477,1.00,1.00
2017.09.13 12:43:10.301,7.96347,7.96473,1.00,1.00
2017.09.13 12:43:10.602,7.96339,7.96465,1.00,1.00
2017.09.13 12:43:10.935,7.96343,7.96469,1.00,1.00
2017.09.13 12:43:11.535,7.9636,7.96485,1.00,1.00
2017.09.13 12:43:11.867,7.96364,7.96489,1.00,1.00
2017.09.13 12:43:12.465,7.96364,7.9649,1.00,1.00
2017.09.13 12:43:14.988,7.9637,7.96493,1.00,1.00
2017.09.13 12:43:15.240,7.96372,7.96497,1.00,1.00
2017.09.13 12:43:15.825,7.96385,7.9651,1.00,1.00
2017.09.13 12:43:16.148,7.96381,7.96506,1.00,1.00
2017.09.13 12:43:17.954,7.96389,7.96515,1.00,1.00
2017.09.13 12:43:18.005,7.96399,7.96525,1.00,1.00
2017.09.13 12:43:18.309,7.96409,7.96535,1.00,1.00
2017.09.13 12:43:19.395,7.96413,7.96538,1.00,1.00
2017.09.13 12:43:20.219,7.96415,7.96541,1.00,1.00
2017.09.13 12:43:21.537,7.96414,7.9654,1.00,1.00
2017.09.13 12:43:23.857,7.96412,7.96537,1.00,1.00
2017.09.13 12:43:24.427,7.96415,7.96541,1.00,1.00
2017.09.13 12:43:24.478,7.96423,7.96548,1.00,1.00
2017.09.13 12:43:24.630,7.96445,7.96571,1.00,1.00
2017.09.13 12:43:25.876,7.96434,7.96559,1.00,1.00
2017.09.13 12:43:26.204,7.96438,7.96563,1.00,1.00
2017.09.13 12:43:27.021,7.96447,7.96572,1.00,1.00
2017.09.13 12:43:27.396,7.96442,7.96567,1.00,1.00
2017.09.13 12:43:28.009,7.96441,7.96566,1.00,1.00
2017.09.13 12:43:29.044,7.96437,7.96562,1.00,1.00
2017.09.13 12:43:29.551,7.96428,7.96546,1.00,1.00
2017.09.13 12:43:29.703,7.96415,7.9654,1.00,1.00
2017.09.13 12:43:33.354,7.96414,7.96539,1.00,1.00
2017.09.13 12:43:33.456,7.96423,7.96549,1.00,1.00
2017.09.13 12:43:33.557,7.96427,7.96552,1.00,1.00
2017.09.13 12:43:34.654,7.96439,7.96565,1.00,1.00
2017.09.13 12:43:34.705,7.96445,7.9657,1.00,1.00
2017.09.13 12:43:37.652,7.96439,7.96565,1.00,1.00
2017.09.13 12:43:37.753,7.96433,7.96559,1.00,1.00
2017.09.13 12:43:38.058,7.96447,7.96572,1.00,1.00
2017.09.13 12:43:38.159,7.9646,7.96586,1.00,1.00
2017.09.13 12:43:38.456,7.96464,7.96586,1.00,1.00
2017.09.13 12:43:38.507,7.96465,7.9659,1.00,1.00
2017.09.13 12:43:38.865,7.9647,7.96595,1.00,1.00
2017.09.13 12:43:39.017,7.96475,7.96601,1.00,1.00
2017.09.13 12:43:39.324,7.96463,7.96585,1.00,1.00
2017.09.13 12:43:39.477,7.96451,7.96576,1.00,1.00
2017.09.13 12:43:39.995,7.96448,7.96573,1.00,1.00
2017.09.13 12:43:42.070,7.96444,7.96569,1.00,1.00
2017.09.13 12:43:42.489,7.96439,7.96564,1.00,1.00
2017.09.13 12:43:42.811,7.96444,7.96569,1.00,1.00
2017.09.13 12:43:43.587,7.96463,7.96588,1.00,1.00
2017.09.13 12:43:43.987,7.96458,7.96583,1.00,1.00
2017.09.13 12:43:44.219,7.96467,7.96593,1.00,1.00
2017.09.13 12:43:45.974,7.96471,7.96596,1.00,1.00
2017.09.13 12:43:48.131,7.96479,7.96605,1.00,1.00
2017.09.13 12:43:48.283,7.96475,7.96601,1.00,1.00
2017.09.13 12:43:50.163,7.96483,7.96609,1.00,1.00
2017.09.13 12:43:50.467,7.96512,7.96637,1.00,1.00
2017.09.13 12:43:50.725,7.96502,7.96628,1.00,1.00
2017.09.13 12:43:51.462,7.96497,7.96623,1.00,1.00
2017.09.13 12:43:52.617,7.96504,7.9663,1.00,1.00
2017.09.13 12:43:52.950,7.96515,7.9664,1.00,1.00
2017.09.13 12:43:53.283,7.96532,7.96657,1.00,1.00
2017.09.13 12:43:54.064,7.96537,7.96662,1.00,1.00
2017.09.13 12:43:54.115,7.96532,7.96658,1.00,1.00
2017.09.13 12:43:54.261,7.96539,7.96662,1.00,1.00
2017.09.13 12:43:54.312,7.96529,7.96654,1.00,1.00
2017.09.13 12:43:54.414,7.96531,7.96655,1.00,1.00
2017.09.13 12:43:54.465,7.96534,7.9666,1.00,1.00
2017.09.13 12:43:54.667,7.96539,7.96664,1.00,1.00
2017.09.13 12:43:55.151,7.96535,7.96658,1.00,1.00
2017.09.13 12:43:57.093,7.96549,7.96673,1.00,1.00
2017.09.13 12:43:57.144,7.96555,7.96679,1.00,1.00
2017.09.13 12:43:57.195,7.96562,7.96687,1.00,1.00
2017.09.13 12:43:57.246,7.96567,7.96692,1.00,1.00
2017.09.13 12:43:57.671,7.96579,7.96704,1.00,1.00
2017.09.13 12:43:57.773,7.96574,7.967,1.00,1.00
2017.09.13 12:43:57.975,7.96562,7.96687,1.00,1.00
2017.09.13 12:43:58.675,7.96572,7.96697,1.00,1.00
2017.09.13 12:43:58.980,7.96585,7.96696,1.00,1.00
2017.09.13 12:43:59.114,7.96572,7.96696,1.00,1.00
2017.09.13 12:43:59.952,7.9656,7.96685,1.00,1.00
2017.09.13 12:44:00.003,7.96557,7.96682,1.00,1.00
2017.09.13 12:44:01.604,7.9657,7.96695,1.00,1.00
2017.09.13 12:44:01.807,7.9657,7.96697,1.00,1.00
2017.09.13 12:44:03.838,7.96574,7.967,1.00,1.00
2017.09.13 12:44:04.140,7.96583,7.9671,1.00,1.00
2017.09.13 12:44:04.254,7.9658,7.96706,1.00,1.00
2017.09.13 12:44:04.359,7.96575,7.96702,1.00,1.00
2017.09.13 12:44:04.620,7.96588,7.96714,1.00,1.00
2017.09.13 12:44:04.925,7.96583,7.96709,1.00,1.00
2017.09.13 12:44:05.512,7.96591,7.96718,1.00,1.00
2017.09.13 12:44:05.563,7.96604,7.96731,1.00,1.00
2017.09.13 12:44:05.867,7.966,7.96722,1.00,1.00
2017.09.13 12:44:06.162,7.96573,7.967,1.50,1.00
2017.09.13 12:44:06.621,7.9658,7.96707,1.00,1.00
2017.09.13 12:44:06.925,7.96575,7.96699,1.00,1.00
2017.09.13 12:44:09.175,7.96578,7.96704,1.00,1.00
2017.09.13 12:44:09.825,7.96575,7.96699,1.00,1.00
2017.09.13 12:44:10.828,7.96568,7.96695,1.50,1.00
2017.09.13 12:44:10.879,7.96559,7.96683,1.00,1.00
2017.09.13 12:44:10.930,7.96554,7.9668,1.00,1.00
2017.09.13 12:44:11.032,7.96547,7.96674,1.00,1.00
2017.09.13 12:44:11.083,7.96537,7.96664,1.00,1.00
2017.09.13 12:44:11.573,7.96546,7.96672,1.00,1.00
2017.09.13 12:44:11.914,7.96538,7.96664,1.00,1.00
2017.09.13 12:44:12.016,7.96534,7.96661,1.00,1.00
2017.09.13 12:44:12.276,7.9654,7.96664,1.00,1.00
2017.09.13 12:44:12.377,7.96535,7.96662,1.00,1.00
2017.09.13 12:44:12.890,7.96518,7.96645,1.50,1.00
2017.09.13 12:44:13.453,7.96515,7.96639,1.00,1.00
2017.09.13 12:44:13.504,7.9651,7.96636,1.00,1.00
2017.09.13 12:44:13.555,7.96505,7.96624,1.00,1.00
2017.09.13 12:44:13.606,7.96505,7.96626,1.00,1.00
2017.09.13 12:44:13.657,7.96498,7.96619,1.00,1.00
2017.09.13 12:44:13.811,7.96501,7.96627,1.00,1.00
2017.09.13 12:44:13.862,7.96498,7.96624,1.00,1.00
2017.09.13 12:44:14.775,7.96501,7.96627,1.00,1.00
2017.09.13 12:44:15.009,7.96514,7.96641,1.00,1.00
2017.09.13 12:44:15.060,7.96519,7.96645,1.00,1.00
2017.09.13 12:44:16.108,7.96516,7.9664,1.00,1.00
2017.09.13 12:44:16.437,7.96519,7.96645,1.00,1.00
2017.09.13 12:44:16.539,7.96519,7.96653,1.00,1.00
2017.09.13 12:44:18.124,7.96527,7.96661,1.00,1.00
2017.09.13 12:44:19.078,7.96529,7.96661,1.00,1.00
2017.09.13 12:44:19.364,7.96527,7.96661,1.00,1.00
2017.09.13 12:44:19.946,7.96528,7.96661,1.00,1.00
2017.09.13 12:44:20.245,7.96531,7.96661,1.00,1.00
2017.09.13 12:44:21.129,7.96532,7.96661,1.00,1.00
2017.09.13 12:44:21.230,7.96554,7.96688,1.00,1.00
2017.09.13 12:44:21.282,7.96559,7.96693,1.00,1.00
2017.09.13 12:44:21.630,7.96543,7.96677,1.00,1.00
2017.09.13 12:44:22.901,7.96539,7.96673,1.00,1.00
2017.09.13 12:44:29.948,7.96525,7.96659,1.00,1.00
2017.09.13 12:44:30.297,7.96537,7.96671,1.00,1.00
2017.09.13 12:44:31.335,7.96528,7.96662,1.00,1.00
2017.09.13 12:44:32.251,7.96533,7.96667,1.00,1.00
2017.09.13 12:44:33.482,7.96534,7.96668,1.00,1.00
2017.09.13 12:44:33.997,7.96544,7.96678,1.00,1.00
2017.09.13 12:44:34.484,7.96538,7.96672,1.00,1.00
2017.09.13 12:44:35.033,7.96537,7.96671,1.00,1.00
2017.09.13 12:44:35.373,7.96504,7.96637,1.00,1.00
2017.09.13 12:44:35.699,7.965,7.96633,1.00,1.00
2017.09.13 12:44:36.244,7.96504,7.96638,1.00,1.00
2017.09.13 12:44:37.689,7.96501,7.96633,1.00,1.00
2017.09.13 12:44:37.740,7.9648,7.96614,1.00,1.00
2017.09.13 12:44:38.985,7.96479,7.96613,1.00,1.00
2017.09.13 12:44:39.260,7.96487,7.96621,1.00,1.00
2017.09.13 12:44:40.036,7.96496,7.96628,1.00,1.00
2017.09.13 12:44:40.088,7.96499,7.96633,1.00,1.00
2017.09.13 12:44:42.607,7.96496,7.96627,1.00,1.00
2017.09.13 12:44:45.649,7.96514,7.96647,1.00,1.00
2017.09.13 12:44:45.701,7.9652,7.96654,1.00,1.00
2017.09.13 12:44:46.208,7.96519,7.96643,1.00,1.00
2017.09.13 12:44:46.259,7.96507,7.96639,1.00,1.00
2017.09.13 12:44:46.310,7.96512,7.96645,1.00,1.00
2017.09.13 12:44:46.412,7.96519,7.96653,1.00,1.00
2017.09.13 12:44:46.463,7.96516,7.9665,1.00,1.00
2017.09.13 12:44:47.190,7.96523,7.96657,1.00,1.00
2017.09.13 12:44:47.502,7.96569,7.96702,1.00,1.00
2017.09.13 12:44:47.654,7.96567,7.96701,1.00,1.00
2017.09.13 12:44:47.807,7.96575,7.96709,1.00,1.00
2017.09.13 12:44:48.504,7.96574,7.96708,1.00,1.00
2017.09.13 12:44:48.824,7.96583,7.96717,1.00,1.00
2017.09.13 12:44:49.129,7.96598,7.96731,1.00,1.00
2017.09.13 12:44:49.628,7.96614,7.96748,1.00,1.00
2017.09.13 12:44:49.679,7.96633,7.96767,1.00,1.00
2017.09.13 12:44:49.984,7.96623,7.96757,1.00,1.00
2017.09.13 12:44:50.338,7.9662,7.96754,1.00,1.00
2017.09.13 12:44:50.683,7.96633,7.96767,1.00,1.00
2017.09.13 12:44:50.993,7.96629,7.96762,1.00,1.00
2017.09.13 12:44:51.349,7.96634,7.96766,1.00,1.00
2017.09.13 12:44:51.558,7.96623,7.96757,1.00,1.00
2017.09.13 12:44:51.645,7.96614,7.96746,1.00,1.00
2017.09.13 12:44:51.696,7.96612,7.96746,1.00,1.00
2017.09.13 12:44:52.179,7.96609,7.96742,1.00,1.00
2017.09.13 12:44:52.533,7.96615,7.96748,1.00,1.00
2017.09.13 12:44:52.595,7.96609,7.96743,1.00,1.00
2017.09.13 12:44:52.646,7.96615,7.96748,1.00,1.00
2017.09.13 12:44:52.819,7.96609,7.96743,1.00,1.00
2017.09.13 12:44:53.464,7.96615,7.96749,1.00,1.00
2017.09.13 12:44:54.015,7.96616,7.96749,1.00,1.00
2017.09.13 12:44:54.339,7.96621,7.96755,1.00,1.00
2017.09.13 12:44:55.357,7.96625,7.96757,1.00,1.00
2017.09.13 12:44:56.449,7.96633,7.96767,1.00,1.00
2017.09.13 12:44:56.501,7.96636,7.9677,1.00,1.00
2017.09.13 12:44:56.806,7.96653,7.96785,1.00,1.00
2017.09.13 12:44:56.858,7.96658,7.96791,1.00,1.00
2017.09.13 12:44:56.909,7.96666,7.96798,1.00,1.00
2017.09.13 12:44:56.960,7.96659,7.96793,1.00,1.00
2017.09.13 12:44:57.112,7.96653,7.96786,1.00,1.00
2017.09.13 12:44:57.163,7.96657,7.96791,1.00,1.00
2017.09.13 12:44:57.413,7.96666,7.968,1.00,1.00
2017.09.13 12:44:58.414,7.96667,7.968,1.00,1.00
2017.09.13 12:44:58.838,7.9668,7.96814,1.00,1.00
2017.09.13 12:44:58.889,7.96676,7.9681,1.00,1.00
2017.09.13 12:44:59.193,7.96683,7.96816,1.00,1.00
2017.09.13 12:45:00.176,7.96682,7.96816,1.00,1.00
2017.09.13 12:45:00.481,7.96677,7.96811,1.00,1.00
2017.09.13 12:45:02.012,7.96682,7.96815,1.00,1.00
2017.09.13 12:45:02.571,7.96682,7.96816,1.00,1.00
2017.09.13 12:45:03.576,7.96685,7.96818,1.00,1.00
2017.09.13 12:45:03.927,7.96678,7.9681,1.00,1.00
2017.09.13 12:45:03.978,7.96682,7.96816,1.00,1.00
2017.09.13 12:45:04.029,7.96686,7.9682,1.00,1.00
2017.09.13 12:45:04.473,7.96681,7.96815,1.00,1.00
2017.09.13 12:45:05.079,7.96676,7.96809,1.00,1.00
2017.09.13 12:45:06.708,7.96675,7.96809,1.00,1.00
2017.09.13 12:45:09.039,7.96672,7.96806,1.00,1.00
2017.09.13 12:45:12.542,7.96686,7.9682,1.00,1.00
2017.09.13 12:45:13.086,7.9669,7.96824,1.00,1.00
2017.09.13 12:45:14.934,7.96697,7.9683,1.00,1.00
2017.09.13 12:45:16.634,7.96693,7.96826,1.00,1.00
2017.09.13 12:45:17.392,7.96697,7.96831,1.00,1.00
2017.09.13 12:45:17.443,7.96701,7.96834,1.00,1.00
2017.09.13 12:45:17.752,7.96706,7.9684,1.00,1.00
2017.09.13 12:45:17.996,7.96722,7.96856,1.00,1.00
2017.09.13 12:45:18.300,7.96726,7.9686,1.00,1.00
2017.09.13 12:45:18.700,7.96756,7.96888,1.00,1.00
2017.09.13 12:45:18.852,7.96759,7.96893,1.00,1.00
2017.09.13 12:45:19.083,7.96762,7.96895,1.00,1.00
2017.09.13 12:45:19.409,7.9675,7.96882,1.00,1.00
2017.09.13 12:45:19.688,7.96733,7.96866,1.00,1.00
2017.09.13 12:45:19.977,7.96739,7.96873,1.00,1.00
2017.09.13 12:45:20.078,7.96735,7.96867,1.00,1.00
2017.09.13 12:45:20.232,7.9672,7.96854,1.00,1.00
2017.09.13 12:45:20.283,7.96709,7.96841,1.00,1.00
2017.09.13 12:45:20.515,7.96714,7.96847,1.00,1.00
2017.09.13 12:45:20.728,7.96711,7.96843,1.00,1.00
2017.09.13 12:45:20.779,7.96707,7.96841,1.00,1.00
2017.09.13 12:45:21.738,7.96711,7.96844,1.00,1.00
2017.09.13 12:45:22.033,7.96699,7.96833,1.00,1.00
2017.09.13 12:45:22.084,7.96695,7.96828,1.00,1.00
2017.09.13 12:45:22.523,7.967,7.96834,1.00,1.00
2017.09.13 12:45:23.328,7.96703,7.96836,1.00,1.00
2017.09.13 12:45:23.378,7.96706,7.9684,1.00,1.00
2017.09.13 12:45:23.429,7.96696,7.96829,1.00,1.00
2017.09.13 12:45:24.069,7.96694,7.96828,1.00,1.00
2017.09.13 12:45:24.352,7.96698,7.96831,1.00,1.00
2017.09.13 12:45:24.505,7.96735,7.96869,1.00,1.00
2017.09.13 12:45:24.977,7.96739,7.96873,1.00,1.00
2017.09.13 12:45:25.669,7.9675,7.96884,1.00,1.00
2017.09.13 12:45:25.995,7.96739,7.96873,1.00,1.00
2017.09.13 12:45:26.351,7.96728,7.96862,1.00,1.00
2017.09.13 12:45:27.777,7.96738,7.96872,1.00,1.00
2017.09.13 12:45:28.126,7.96742,7.96876,1.00,1.00
2017.09.13 12:45:29.143,7.96765,7.96896,1.00,1.00
2017.09.13 12:45:29.194,7.96767,7.96901,1.00,1.00
2017.09.13 12:45:29.295,7.96758,7.96892,1.00,1.00
2017.09.13 12:45:29.599,7.96754,7.96888,1.00,1.00
2017.09.13 12:45:30.026,7.96759,7.96893,1.00,1.00
2017.09.13 12:45:30.347,7.96755,7.96887,1.00,1.00
2017.09.13 12:45:32.639,7.96751,7.96882,1.00,1.00
2017.09.13 12:45:32.741,7.96744,7.96878,1.00,1.00
2017.09.13 12:45:32.843,7.96726,7.9686,1.00,1.00
2017.09.13 12:45:33.147,7.96716,7.96849,1.00,1.00
2017.09.13 12:45:34.951,7.96712,7.96846,1.00,1.00
2017.09.13 12:45:36.688,7.96708,7.96841,1.00,1.00
2017.09.13 12:45:36.739,7.96702,7.96836,1.00,1.00
2017.09.13 12:45:37.840,7.96708,7.9684,1.00,1.00
2017.09.13 12:45:39.098,7.96707,7.9684,1.00,1.00
2017.09.13 12:45:39.427,7.96703,7.96836,1.00,1.00
2017.09.13 12:45:39.730,7.96713,7.96847,1.00,1.00
2017.09.13 12:45:40.235,7.96717,7.9685,1.00,1.00
2017.09.13 12:45:41.174,7.96727,7.9686,1.00,1.00
2017.09.13 12:45:41.586,7.96751,7.96882,1.00,1.00
2017.09.13 12:45:41.638,7.9675,7.96884,1.00,1.00
2017.09.13 12:45:42.252,7.96742,7.96876,1.00,1.00
2017.09.13 12:45:42.580,7.9672,7.96849,1.00,1.00
2017.09.13 12:45:44.714,7.9672,7.96843,1.00,1.00
2017.09.13 12:45:44.766,7.96705,7.96839,1.00,1.00
2017.09.13 12:45:44.918,7.96709,7.96843,1.00,1.00
2017.09.13 12:45:46.723,7.96724,7.96857,1.00,1.00
2017.09.13 12:45:47.026,7.96732,7.96865,1.00,1.00
2017.09.13 12:45:47.077,7.96739,7.96873,1.00,1.00
2017.09.13 12:45:47.128,7.96743,7.96877,1.00,1.00
2017.09.13 12:45:48.337,7.96736,7.9687,1.00,1.00
2017.09.13 12:45:48.687,7.9673,7.96864,1.00,1.00
2017.09.13 12:45:49.047,7.96733,7.96867,1.00,1.00
2017.09.13 12:45:49.352,7.96716,7.9684,1.00,1.00
2017.09.13 12:45:49.504,7.96716,7.96845,1.00,1.00
2017.09.13 12:45:49.725,7.96722,7.96855,1.00,1.00
2017.09.13 12:45:49.776,7.96724,7.96857,1.00,1.00
2017.09.13 12:45:51.632,7.96706,7.9684,1.00,1.00
2017.09.13 12:45:51.734,7.96702,7.96836,1.00,1.00
2017.09.13 12:45:52.080,7.96715,7.96847,1.00,1.00
2017.09.13 12:45:52.369,7.96717,7.96851,1.00,1.00
2017.09.13 12:45:52.912,7.96718,7.96852,1.00,1.00
2017.09.13 12:45:54.129,7.96717,7.96851,1.00,1.00
2017.09.13 12:45:54.982,7.96728,7.96862,1.00,1.00
2017.09.13 12:45:55.365,7.96722,7.96856,1.00,1.00
2017.09.13 12:45:55.875,7.96729,7.9686,1.00,1.00
2017.09.13 12:45:55.926,7.96732,7.96865,1.00,1.00
2017.09.13 12:45:56.335,7.9672,7.96854,1.00,1.00
2017.09.13 12:45:56.386,7.96717,7.9685,1.00,1.00
2017.09.13 12:45:56.438,7.96704,7.96838,1.00,1.00
2017.09.13 12:45:56.489,7.96696,7.96829,1.00,1.00
2017.09.13 12:45:56.770,7.96709,7.96843,1.00,1.00
2017.09.13 12:45:56.872,7.96714,7.96848,1.00,1.00
2017.09.13 12:45:57.329,7.96717,7.96851,1.00,1.00
2017.09.13 12:45:57.633,7.96715,7.96849,1.00,1.00
2017.09.13 12:45:58.136,7.96719,7.96853,1.00,1.00
2017.09.13 12:45:58.465,7.96725,7.96858,1.00,1.00
2017.09.13 12:45:58.736,7.96732,7.96866,1.00,1.00
2017.09.13 12:45:58.787,7.96739,7.96872,1.00,1.00
2017.09.13 12:45:58.965,7.96745,7.96879,1.00,1.00
2017.09.13 12:45:59.017,7.96743,7.96876,1.00,1.00
2017.09.13 12:45:59.538,7.96744,7.96877,1.00,1.00
2017.09.13 12:45:59.589,7.96725,7.96859,1.00,1.00
2017.09.13 12:46:01.100,7.96728,7.96862,1.00,1.00
2017.09.13 12:46:01.920,7.96722,7.96856,1.00,1.00
2017.09.13 12:46:02.243,7.96726,7.9686,1.00,1.00
2017.09.13 12:46:05.336,7.96727,7.96861,1.00,1.00
2017.09.13 12:46:05.732,7.96743,7.96877,1.00,1.00
2017.09.13 12:46:06.849,7.96741,7.96875,1.00,1.00
2017.09.13 12:46:07.811,7.96739,7.96873,1.00,1.00
2017.09.13 12:46:08.118,7.96726,7.9686,1.00,1.00
2017.09.13 12:46:08.458,7.96721,7.96855,1.00,1.00
2017.09.13 12:46:08.766,7.96739,7.96873,1.00,1.00
2017.09.13 12:46:09.070,7.96753,7.96887,1.00,1.00
2017.09.13 12:46:09.380,7.96745,7.96879,1.00,1.00
2017.09.13 12:46:09.814,7.9675,7.96883,1.00,1.00
2017.09.13 12:46:12.995,7.96756,7.96888,1.00,1.00
2017.09.13 12:46:13.047,7.9676,7.96894,1.00,1.00
2017.09.13 12:46:15.411,7.96746,7.9688,1.00,1.00
2017.09.13 12:46:15.714,7.96741,7.96874,1.00,1.00
2017.09.13 12:46:16.108,7.96737,7.96871,1.00,1.00
2017.09.13 12:46:16.525,7.96731,7.96864,1.00,1.00
2017.09.13 12:46:16.896,7.96727,7.9686,1.00,1.00
2017.09.13 12:46:17.804,7.96723,7.96852,1.00,1.00
2017.09.13 12:46:17.856,7.96712,7.96845,1.00,1.00
2017.09.13 12:46:18.679,7.9671,7.96844,1.00,1.00
2017.09.13 12:46:19.334,7.96714,7.96848,1.00,1.00
2017.09.13 12:46:21.666,7.96708,7.96841,1.00,1.00
2017.09.13 12:46:23.307,7.96716,7.9685,1.00,1.00
2017.09.13 12:46:23.359,7.96724,7.96858,1.00,1.00
2017.09.13 12:46:23.665,7.96718,7.96852,1.00,1.00
2017.09.13 12:46:23.981,7.96713,7.96847,1.00,1.00
2017.09.13 12:46:24.317,7.96715,7.96849,1.00,1.00
2017.09.13 12:46:27.238,7.96712,7.96845,1.00,1.00
2017.09.13 12:46:27.616,7.96707,7.96838,1.00,1.00
2017.09.13 12:46:29.898,7.9671,7.96843,1.00,1.00
2017.09.13 12:46:29.949,7.96726,7.9686,1.00,1.00
2017.09.13 12:46:30.000,7.96728,7.96862,1.00,1.00
2017.09.13 12:46:30.331,7.96723,7.96857,1.00,1.00
2017.09.13 12:46:30.671,7.96744,7.96877,1.00,1.00
2017.09.13 12:46:30.978,7.96738,7.96871,1.00,1.00
2017.09.13 12:46:32.213,7.96734,7.96867,1.00,1.00
2017.09.13 12:46:33.078,7.96729,7.96863,1.00,1.00
2017.09.13 12:46:33.363,7.96726,7.96859,1.00,1.00
2017.09.13 12:46:33.922,7.9673,7.96862,1.00,1.00
2017.09.13 12:46:35.092,7.96724,7.96842,1.00,1.00
2017.09.13 12:46:35.144,7.96724,7.96845,1.00,1.00
2017.09.13 12:46:35.195,7.96707,7.96838,1.00,1.00
2017.09.13 12:46:35.298,7.96704,7.96838,1.00,1.00
2017.09.13 12:46:35.350,7.96702,7.96827,1.00,1.00
2017.09.13 12:46:35.452,7.96687,7.96821,1.00,1.00
2017.09.13 12:46:35.973,7.9668,7.96812,1.00,1.00
2017.09.13 12:46:36.888,7.96678,7.96813,1.00,1.00
2017.09.13 12:46:36.939,7.96691,7.96824,1.00,1.00
2017.09.13 12:46:37.248,7.96687,7.9682,1.00,1.00
2017.09.13 12:46:37.661,7.96678,7.96812,1.00,1.00
2017.09.13 12:46:37.712,7.96672,7.96805,1.00,1.00
2017.09.13 12:46:39.218,7.96676,7.9681,1.00,1.00
2017.09.13 12:46:40.425,7.96694,7.96828,1.00,1.00
2017.09.13 12:46:42.446,7.96692,7.96825,1.00,1.00
2017.09.13 12:46:46.550,7.96681,7.96815,1.00,1.00
2017.09.13 12:46:47.236,7.96682,7.96815,1.00,1.00
2017.09.13 12:46:48.738,7.96683,7.96817,1.00,1.00
2017.09.13 12:46:48.941,7.96668,7.968,1.00,1.00
2017.09.13 12:46:49.180,7.96656,7.9679,1.00,1.00
2017.09.13 12:46:49.231,7.9666,7.96794,1.00,1.00
2017.09.13 12:46:50.108,7.96669,7.96803,1.00,1.00
2017.09.13 12:46:50.413,7.96697,7.96831,1.00,1.00
2017.09.13 12:46:50.908,7.96688,7.96822,1.00,1.00
2017.09.13 12:46:51.212,7.96692,7.96824,1.00,1.00
2017.09.13 12:46:51.733,7.96686,7.9682,1.00,1.00
2017.09.13 12:46:54.140,7.96693,7.96827,1.00,1.00
2017.09.13 12:46:54.444,7.96715,7.96849,1.00,1.00
2017.09.13 12:46:55.437,7.96726,7.96858,1.00,1.00
2017.09.13 12:46:55.488,7.96731,7.96865,1.00,1.00
2017.09.13 12:46:55.680,7.96728,7.96862,1.00,1.00
2017.09.13 12:46:57.453,7.96726,7.9686,1.00,1.00
2017.09.13 12:46:57.988,7.96738,7.9687,1.00,1.00
2017.09.13 12:46:58.039,7.96764,7.96898,1.00,1.00
2017.09.13 12:46:58.091,7.96766,7.969,1.00,1.00
2017.09.13 12:46:58.476,7.96761,7.96895,1.00,1.00
2017.09.13 12:46:59.701,7.96751,7.96885,1.00,1.00
2017.09.13 12:47:00.609,7.96758,7.96892,1.00,1.00
2017.09.13 12:47:02.377,7.96763,7.96895,1.00,1.00
2017.09.13 12:47:03.857,7.96761,7.96895,1.00,1.00
2017.09.13 12:47:04.937,7.96751,7.96882,1.00,1.00
2017.09.13 12:47:05.132,7.96748,7.96882,1.00,1.00
2017.09.13 12:47:06.474,7.96759,7.96891,1.00,1.00
2017.09.13 12:47:06.626,7.96762,7.96896,1.00,1.00
2017.09.13 12:47:08.582,7.96767,7.96901,1.00,1.00
2017.09.13 12:47:08.886,7.96778,7.96912,1.00,1.00
2017.09.13 12:47:10.236,7.96789,7.96923,1.00,1.00
2017.09.13 12:47:10.577,7.96798,7.96932,1.00,1.00
2017.09.13 12:47:13.499,7.96819,7.96953,1.00,1.00
2017.09.13 12:47:13.819,7.96815,7.96949,1.00,1.00
2017.09.13 12:47:14.655,7.96811,7.96945,1.00,1.00
2017.09.13 12:47:15.046,7.96807,7.96941,1.00,1.00
2017.09.13 12:47:16.069,7.96804,7.96936,1.00,1.00
2017.09.13 12:47:17.864,7.96811,7.96945,1.00,1.00
2017.09.13 12:47:18.085,7.96816,7.9695,1.00,1.00
2017.09.13 12:47:18.795,7.96824,7.96958,1.00,1.00
2017.09.13 12:47:19.226,7.96832,7.96966,1.00,1.00
2017.09.13 12:47:22.026,7.96831,7.96965,1.00,1.00
2017.09.13 12:47:24.369,7.96829,7.96963,1.00,1.00
2017.09.13 12:47:27.570,7.96828,7.96962,1.00,1.00
2017.09.13 12:47:27.886,7.96821,7.96955,1.00,1.00
2017.09.13 12:47:28.232,7.96827,7.96961,1.00,1.00
2017.09.13 12:47:28.542,7.96833,7.96967,1.00,1.00
2017.09.13 12:47:28.895,7.96827,7.96961,1.00,1.00
2017.09.13 12:47:29.974,7.96835,7.96969,1.00,1.00
2017.09.13 12:47:30.282,7.96841,7.96975,1.00,1.00
2017.09.13 12:47:32.035,7.96857,7.96991,1.00,1.00
2017.09.13 12:47:32.621,7.96858,7.96992,1.00,1.00
2017.09.13 12:47:32.965,7.96863,7.96997,1.00,1.00
2017.09.13 12:47:35.104,7.9686,7.96994,1.00,1.00
2017.09.13 12:47:35.497,7.96853,7.96987,1.00,1.00
2017.09.13 12:47:35.839,7.96853,7.96985,1.00,1.00
2017.09.13 12:47:36.021,7.9684,7.96974,1.00,1.00
2017.09.13 12:47:36.543,7.9684,7.96973,1.00,1.00
2017.09.13 12:47:36.645,7.96855,7.96988,1.00,1.00
2017.09.13 12:47:36.948,7.96859,7.96991,1.00,1.00
2017.09.13 12:47:37.262,7.96863,7.96995,1.00,1.00
2017.09.13 12:47:39.356,7.96867,7.97,1.00,1.00
2017.09.13 12:47:41.855,7.96863,7.96996,1.00,1.00
2017.09.13 12:47:42.191,7.96869,7.97001,1.00,1.00
2017.09.13 12:47:42.337,7.96872,7.97005,1.00,1.00
2017.09.13 12:47:42.557,7.96867,7.97,1.00,1.00
2017.09.13 12:47:44.536,7.96851,7.96984,1.00,1.00
2017.09.13 12:47:44.862,7.96862,7.96994,1.00,1.00
2017.09.13 12:47:45.171,7.96858,7.96989,1.00,1.00
2017.09.13 12:47:45.449,7.96862,7.96994,1.00,1.00
2017.09.13 12:47:45.922,7.96866,7.96998,1.00,1.00
2017.09.13 12:47:47.265,7.96863,7.96994,1.00,1.00
2017.09.13 12:47:48.816,7.96867,7.97,1.00,1.00
2017.09.13 12:47:49.383,7.96885,7.97018,1.00,1.00
2017.09.13 12:47:49.706,7.96879,7.97012,1.00,1.00
2017.09.13 12:47:50.027,7.96884,7.97016,1.00,1.00
2017.09.13 12:47:50.818,7.96886,7.97018,1.00,1.00
2017.09.13 12:47:51.146,7.96875,7.97005,1.00,1.00
2017.09.13 12:47:51.197,7.9687,7.97002,1.00,1.00
2017.09.13 12:47:51.780,7.96875,7.97007,1.00,1.00
2017.09.13 12:47:52.296,7.96882,7.97015,1.00,1.00
2017.09.13 12:47:54.369,7.96883,7.97016,1.00,1.00
2017.09.13 12:47:54.724,7.96891,7.97023,1.00,1.00
2017.09.13 12:47:54.775,7.96896,7.97029,1.00,1.00
2017.09.13 12:47:54.826,7.969,7.97033,1.00,1.00
2017.09.13 12:47:59.893,7.96896,7.97029,1.00,1.00
2017.09.13 12:48:00.667,7.969,7.97033,1.00,1.00
2017.09.13 12:48:01.382,7.96896,7.97029,1.00,1.00
2017.09.13 12:48:02.096,7.969,7.97033,1.00,1.00
2017.09.13 12:48:03.020,7.96896,7.97029,1.00,1.00
2017.09.13 12:48:03.888,7.96894,7.97027,1.00,1.00
2017.09.13 12:48:04.346,7.9689,7.97023,1.00,1.00
2017.09.13 12:48:04.650,7.96876,7.97008,1.00,1.00
2017.09.13 12:48:05.334,7.96881,7.97014,1.00,1.00
2017.09.13 12:48:05.386,7.9689,7.97023,1.00,1.00
2017.09.13 12:48:05.771,7.96894,7.97027,1.00,1.00
2017.09.13 12:48:07.294,7.96881,7.97014,1.00,1.00
2017.09.13 12:48:07.937,7.96886,7.97019,1.00,1.00
2017.09.13 12:48:08.241,7.96896,7.97029,1.00,1.00
2017.09.13 12:48:08.545,7.96877,7.9701,1.00,1.00
2017.09.13 12:48:09.426,7.96879,7.97012,1.00,1.00
2017.09.13 12:48:10.216,7.96875,7.97008,1.00,1.00
2017.09.13 12:48:10.616,7.9688,7.97011,1.00,1.00
2017.09.13 12:48:11.123,7.96875,7.97008,1.00,1.00
2017.09.13 12:48:12.714,7.96874,7.97007,1.00,1.00
2017.09.13 12:48:14.523,7.9688,7.97013,1.00,1.00
2017.09.13 12:48:15.107,7.96889,7.97022,1.00,1.00
2017.09.13 12:48:15.208,7.96893,7.97027,1.00,1.00
2017.09.13 12:48:15.259,7.96879,7.97013,1.00,1.00
2017.09.13 12:48:15.582,7.96892,7.97025,1.00,1.00
2017.09.13 12:48:15.943,7.96903,7.97036,1.00,1.00
2017.09.13 12:48:17.941,7.96932,7.97062,1.00,1.00
2017.09.13 12:48:17.993,7.96934,7.97067,1.00,1.00
2017.09.13 12:48:18.145,7.96931,7.97064,1.00,1.00
2017.09.13 12:48:18.484,7.96969,7.971,1.00,1.00
2017.09.13 12:48:18.536,7.96973,7.97106,1.00,1.00
2017.09.13 12:48:18.639,7.96969,7.97102,1.00,1.00
2017.09.13 12:48:19.006,7.96973,7.97106,1.00,1.00
2017.09.13 12:48:19.351,7.9694,7.97073,1.00,1.00
2017.09.13 12:48:19.655,7.96966,7.97099,1.00,1.00
2017.09.13 12:48:19.964,7.96972,7.97105,1.00,1.00
2017.09.13 12:48:20.268,7.96952,7.97083,1.00,1.00
2017.09.13 12:48:20.480,7.9696,7.97093,1.00,1.00
2017.09.13 12:48:20.532,7.96955,7.97088,1.00,1.00
2017.09.13 12:48:20.864,7.96944,7.97077,1.00,1.00
2017.09.13 12:48:21.216,7.96957,7.97088,1.00,1.00
2017.09.13 12:48:21.267,7.96959,7.97092,1.00,1.00
2017.09.13 12:48:21.318,7.96951,7.97084,1.00,1.00
2017.09.13 12:48:21.622,7.96958,7.97091,1.00,1.00
2017.09.13 12:48:22.076,7.96963,7.97096,1.00,1.00
2017.09.13 12:48:22.381,7.96967,7.971,1.00,1.00
2017.09.13 12:48:22.688,7.96975,7.97106,1.00,1.00
2017.09.13 12:48:22.739,7.96971,7.97104,1.00,1.00
2017.09.13 12:48:23.245,7.96975,7.97108,1.00,1.00
2017.09.13 12:48:23.619,7.9697,7.97103,1.00,1.00
2017.09.13 12:48:23.944,7.96946,7.97079,1.00,1.00
2017.09.13 12:48:24.250,7.96937,7.9707,1.00,1.00
2017.09.13 12:48:24.599,7.96973,7.97106,1.00,1.00
2017.09.13 12:48:24.903,7.96977,7.9711,1.00,1.00
2017.09.13 12:48:25.997,7.96985,7.97119,1.00,1.00
2017.09.13 12:48:26.048,7.96996,7.97126,1.00,1.00
2017.09.13 12:48:26.151,7.97003,7.97136,1.00,1.00
2017.09.13 12:48:26.202,7.97005,7.97138,1.00,1.00
2017.09.13 12:48:26.710,7.96996,7.97129,1.00,1.00
2017.09.13 12:48:27.608,7.96991,7.97124,1.00,1.00
2017.09.13 12:48:29.506,7.96968,7.97102,1.00,1.00
2017.09.13 12:48:29.557,7.96964,7.97098,1.00,1.00
2017.09.13 12:48:30.940,7.96969,7.97101,1.00,1.00
2017.09.13 12:48:31.549,7.96964,7.97097,1.00,1.00
2017.09.13 12:48:32.613,7.96939,7.97071,1.00,1.00
2017.09.13 12:48:32.664,7.96932,7.97065,1.00,1.00
2017.09.13 12:48:32.715,7.96913,7.97041,1.00,1.00
2017.09.13 12:48:32.765,7.96898,7.97038,1.50,1.00
2017.09.13 12:48:32.957,7.96932,7.97065,1.00,1.00
2017.09.13 12:48:33.443,7.96915,7.97048,1.00,1.00
2017.09.13 12:48:33.760,7.96911,7.97044,1.00,1.00
2017.09.13 12:48:35.714,7.96935,7.97069,1.00,1.00
2017.09.13 12:48:35.766,7.96941,7.97074,1.00,1.00
2017.09.13 12:48:37.134,7.96943,7.97077,1.00,1.00
2017.09.13 12:48:38.827,7.96944,7.97078,1.00,1.00
2017.09.13 12:48:39.140,7.96949,7.97082,1.00,1.00
2017.09.13 12:48:39.242,7.96933,7.97076,1.00,1.00
2017.09.13 12:48:39.293,7.96935,7.97069,1.00,1.00
2017.09.13 12:48:39.681,7.96959,7.97092,1.00,1.00
2017.09.13 12:48:39.735,7.9697,7.97104,1.00,1.00
2017.09.13 12:48:39.836,7.96976,7.97109,1.00,1.00
2017.09.13 12:48:39.989,7.96969,7.97103,1.00,1.00
2017.09.13 12:48:40.040,7.96973,7.97107,1.00,1.00
2017.09.13 12:48:40.552,7.9697,7.97103,1.00,1.00
2017.09.13 12:48:41.785,7.96952,7.97086,1.00,1.00
2017.09.13 12:48:42.445,7.96963,7.97095,1.00,1.00
2017.09.13 12:48:42.496,7.96958,7.97092,1.00,1.00
2017.09.13 12:48:42.547,7.96962,7.97096,1.00,1.00
2017.09.13 12:48:42.854,7.96964,7.97097,1.00,1.00
2017.09.13 12:48:43.706,7.96954,7.97088,1.00,1.00
2017.09.13 12:48:43.807,7.96963,7.97095,1.00,1.00
2017.09.13 12:48:44.025,7.96954,7.97088,1.00,1.00
2017.09.13 12:48:44.076,7.9694,7.97074,1.00,1.00
2017.09.13 12:48:44.395,7.96944,7.97078,1.00,1.00
2017.09.13 12:48:45.070,7.96949,7.9708,1.00,1.00
2017.09.13 12:48:45.809,7.96939,7.97071,1.00,1.00
2017.09.13 12:48:46.418,7.96938,7.97072,1.00,1.00
2017.09.13 12:48:47.445,7.96934,7.97067,1.00,1.00
2017.09.13 12:48:48.149,7.96929,7.97063,1.00,1.00
2017.09.13 12:48:48.200,7.96926,7.97059,1.00,1.00
2017.09.13 12:48:48.396,7.96909,7.97043,1.00,1.00
2017.09.13 12:48:48.447,7.96906,7.97039,1.00,1.00
2017.09.13 12:48:48.500,7.96888,7.97022,1.50,1.00
2017.09.13 12:48:48.601,7.96876,7.97009,1.00,1.00
2017.09.13 12:48:48.703,7.96863,7.97033,1.00,1.00
2017.09.13 12:48:48.755,7.969,7.97037,1.00,1.00
2017.09.13 12:48:49.089,7.96942,7.97073,1.00,1.00
2017.09.13 12:48:49.139,7.96946,7.97079,1.00,1.00
2017.09.13 12:48:50.371,7.96929,7.97062,1.00,1.00
2017.09.13 12:48:51.183,7.96931,7.97062,1.00,1.00
2017.09.13 12:48:51.588,7.96935,7.97068,1.00,1.00
2017.09.13 12:48:52.255,7.96931,7.97064,1.00,1.00
2017.09.13 12:48:52.615,7.96926,7.9706,1.00,1.00
2017.09.13 12:48:52.767,7.96931,7.97065,1.00,1.00
2017.09.13 12:48:54.235,7.9694,7.97071,1.00,1.00
2017.09.13 12:48:54.286,7.96943,7.97076,1.00,1.00
2017.09.13 12:48:54.438,7.96953,7.97086,1.00,1.00
2017.09.13 12:48:54.539,7.96961,7.97095,1.00,1.00
2017.09.13 12:48:54.691,7.96947,7.9708,1.00,1.00
2017.09.13 12:48:55.406,7.96943,7.97077,1.00,1.00
2017.09.13 12:48:55.991,7.96956,7.9709,1.00,1.00
2017.09.13 12:48:56.295,7.96963,7.97097,1.00,1.00
2017.09.13 12:48:56.601,7.96941,7.97074,1.00,1.00
2017.09.13 12:48:56.945,7.96938,7.97071,1.00,1.00
2017.09.13 12:48:57.350,7.9693,7.97061,1.00,1.00
2017.09.13 12:48:57.401,7.96925,7.97059,1.00,1.00
2017.09.13 12:48:57.452,7.96923,7.97054,1.00,1.00
2017.09.13 12:48:57.503,7.96925,7.97059,1.00,1.00
2017.09.13 12:48:57.554,7.96934,7.97067,1.00,1.00
2017.09.13 12:48:57.656,7.96938,7.97072,1.00,1.00
2017.09.13 12:48:57.758,7.96943,7.97076,1.00,1.00
2017.09.13 12:48:58.062,7.96948,7.97081,1.00,1.00
2017.09.13 12:48:58.697,7.96938,7.97071,1.00,1.00
2017.09.13 12:48:59.009,7.96925,7.97057,1.00,1.00
2017.09.13 12:49:00.076,7.96934,7.97067,1.00,1.00
2017.09.13 12:49:00.130,7.96936,7.97068,1.00,1.00
2017.09.13 12:49:00.718,7.96943,7.97076,1.00,1.00
2017.09.13 12:49:01.032,7.96956,7.9709,1.00,1.00
2017.09.13 12:49:01.083,7.96954,7.97085,1.00,1.00
2017.09.13 12:49:03.495,7.96947,7.9708,1.00,1.00
2017.09.13 12:49:03.697,7.96952,7.97083,1.00,1.00
2017.09.13 12:49:03.924,7.96967,7.971,1.00,1.00
2017.09.13 12:49:04.025,7.96984,7.97115,1.00,1.00
2017.09.13 12:49:04.126,7.96999,7.97132,1.00,1.00
2017.09.13 12:49:04.178,7.97007,7.9714,1.00,1.00
2017.09.13 12:49:04.588,7.97021,7.97154,1.00,1.00
2017.09.13 12:49:04.892,7.97006,7.97139,1.00,1.00
2017.09.13 12:49:05.197,7.97024,7.97157,1.00,1.00
2017.09.13 12:49:05.544,7.97028,7.97161,1.00,1.00
2017.09.13 12:49:05.882,7.97024,7.97156,1.00,1.00
2017.09.13 12:49:07.189,7.97025,7.97158,1.00,1.00
2017.09.13 12:49:07.406,7.9703,7.97162,1.00,1.00
2017.09.13 12:49:07.514,7.97039,7.97172,1.00,1.00
2017.09.13 12:49:08.104,7.97056,7.97188,1.00,1.00
2017.09.13 12:49:08.421,7.97058,7.97191,1.00,1.00
2017.09.13 12:49:08.573,7.97063,7.97195,1.00,1.00
2017.09.13 12:49:08.624,7.97066,7.97199,1.00,1.00
2017.09.13 12:49:08.675,7.97074,7.97206,1.00,1.00
2017.09.13 12:49:08.777,7.97099,7.97232,1.00,1.00
2017.09.13 12:49:08.828,7.97101,7.97234,1.00,1.00
2017.09.13 12:49:09.139,7.97108,7.97241,1.00,1.00
2017.09.13 12:49:09.485,7.971,7.97232,1.00,1.00
2017.09.13 12:49:09.638,7.97103,7.97236,1.00,1.00
2017.09.13 12:49:09.962,7.97108,7.97241,1.00,1.00
2017.09.13 12:49:10.266,7.9716,7.97277,1.00,1.00
2017.09.13 12:49:10.317,7.97164,7.97298,1.00,1.37
2017.09.13 12:49:10.368,7.97167,7.973,1.00,1.37
2017.09.13 12:49:10.598,7.97167,7.973,1.00,1.00
2017.09.13 12:49:10.650,7.97184,7.97316,1.00,1.50
2017.09.13 12:49:10.955,7.97211,7.97339,1.00,1.00
2017.09.13 12:49:11.092,7.97211,7.97343,1.00,1.00
2017.09.13 12:49:11.201,7.97214,7.97347,1.00,1.00
2017.09.13 12:49:11.355,7.97182,7.97316,1.00,1.00
2017.09.13 12:49:11.408,7.97184,7.97318,1.00,1.00
2017.09.13 12:49:11.715,7.97208,7.97342,1.00,1.00
2017.09.13 12:49:12.084,7.97204,7.97338,1.00,1.00
2017.09.13 12:49:12.747,7.972,7.97334,1.00,1.00
2017.09.13 12:49:13.170,7.97205,7.97339,1.00,1.00
2017.09.13 12:49:13.731,7.97201,7.97335,1.00,1.00
2017.09.13 12:49:15.040,7.97205,7.97339,1.00,1.00
2017.09.13 12:49:16.464,7.97201,7.97335,1.00,1.00
2017.09.13 12:49:17.485,7.97205,7.97339,1.00,1.00
2017.09.13 12:49:17.803,7.97201,7.97335,1.00,1.00
2017.09.13 12:49:18.106,7.97204,7.97338,1.00,1.00
2017.09.13 12:49:19.039,7.97202,7.97336,1.00,1.00
2017.09.13 12:49:22.217,7.97201,7.97335,1.00,1.00
2017.09.13 12:49:22.977,7.9721,7.97344,1.00,1.00
2017.09.13 12:49:23.282,7.97205,7.97339,1.00,1.00
2017.09.13 12:49:23.615,7.97198,7.9733,1.00,1.00
2017.09.13 12:49:24.548,7.97196,7.9733,1.00,1.00
2017.09.13 12:49:25.278,7.97187,7.97321,1.00,1.00
2017.09.13 12:49:25.582,7.97182,7.97316,1.00,1.00
2017.09.13 12:49:25.925,7.97168,7.97302,1.00,1.00
2017.09.13 12:49:26.230,7.97166,7.973,1.00,1.00
2017.09.13 12:49:26.962,7.97162,7.97296,1.00,1.00
2017.09.13 12:49:27.279,7.97145,7.97279,1.00,1.00
2017.09.13 12:49:27.617,7.97138,7.97272,1.00,1.00
2017.09.13 12:49:27.730,7.97136,7.97271,1.00,1.00
2017.09.13 12:49:28.884,7.97145,7.9728,1.00,1.00
2017.09.13 12:49:29.209,7.97159,7.97293,1.00,1.00
2017.09.13 12:49:32.359,7.97156,7.9729,1.00,1.00
2017.09.13 12:49:33.472,7.97138,7.97272,1.00,1.00
2017.09.13 12:49:33.784,7.97134,7.97268,1.00,1.00
2017.09.13 12:49:34.109,7.97127,7.97259,1.00,1.00
2017.09.13 12:49:35.917,7.97123,7.97273,1.00,1.00
2017.09.13 12:49:35.968,7.97142,7.97274,1.00,1.00
2017.09.13 12:49:36.070,7.97157,7.97291,1.00,1.00
2017.09.13 12:49:36.192,7.97154,7.97288,1.00,1.00
2017.09.13 12:49:36.345,7.97131,7.97269,1.00,1.00
2017.09.13 12:49:36.447,7.97126,7.9726,1.00,1.00
2017.09.13 12:49:36.917,7.97121,7.97255,1.00,1.00
2017.09.13 12:49:37.275,7.9713,7.97262,1.00,1.00
2017.09.13 12:49:37.718,7.97125,7.97259,1.00,1.00
2017.09.13 12:49:38.722,7.97108,7.97243,1.00,1.00
2017.09.13 12:49:39.579,7.97112,7.97246,1.00,1.00
2017.09.13 12:49:39.896,7.97087,7.97219,1.00,1.00
2017.09.13 12:49:40.707,7.97084,7.97216,1.00,1.00
2017.09.13 12:49:40.758,7.97073,7.97207,1.00,1.00
2017.09.13 12:49:40.811,7.97082,7.97216,1.00,1.00
2017.09.13 12:49:41.116,7.97044,7.97178,1.00,1.00
2017.09.13 12:49:41.472,7.97072,7.97206,1.00,1.00
2017.09.13 12:49:41.983,7.97072,7.97205,1.00,1.00
2017.09.13 12:49:42.254,7.97066,7.97216,1.00,1.00
2017.09.13 12:49:42.305,7.9709,7.97226,1.00,1.00
2017.09.13 12:49:42.615,7.97097,7.9723,1.00,1.00
2017.09.13 12:49:42.919,7.97102,7.97235,1.00,1.00
2017.09.13 12:49:44.047,7.97099,7.9724,1.00,1.00
2017.09.13 12:49:44.148,7.97116,7.97249,1.00,1.00
2017.09.13 12:49:44.557,7.97123,7.97256,1.00,1.00
2017.09.13 12:49:44.861,7.97137,7.9727,1.00,1.00
2017.09.13 12:49:49.098,7.97135,7.97268,1.00,1.00
2017.09.13 12:49:51.328,7.9712,7.97253,1.00,1.00
2017.09.13 12:49:51.631,7.97137,7.97268,1.00,1.00
2017.09.13 12:49:52.069,7.97109,7.97234,1.00,1.00
2017.09.13 12:49:52.120,7.97086,7.97219,1.00,1.00
2017.09.13 12:49:52.171,7.97076,7.97209,1.00,1.00
2017.09.13 12:49:52.476,7.97066,7.97197,1.00,1.00
2017.09.13 12:49:53.231,7.97054,7.97187,1.00,1.00
2017.09.13 12:49:53.289,7.97059,7.97192,1.00,1.00
2017.09.13 12:49:53.622,7.9707,7.97203,1.00,1.00
2017.09.13 12:49:54.609,7.97064,7.97197,1.00,1.00
2017.09.13 12:49:54.987,7.97052,7.97185,1.00,1.00
2017.09.13 12:49:55.969,7.97041,7.97171,1.00,1.00
2017.09.13 12:49:56.022,7.97038,7.97171,1.00,1.00
2017.09.13 12:49:56.074,7.97034,7.97167,1.00,1.00
2017.09.13 12:49:56.413,7.97041,7.97174,1.00,1.00
2017.09.13 12:49:56.915,7.97047,7.9718,1.00,1.00
2017.09.13 12:49:57.252,7.97039,7.9717,1.00,1.00
2017.09.13 12:49:57.303,7.97042,7.97175,1.00,1.00
2017.09.13 12:49:58.033,7.97038,7.97169,1.00,1.00
2017.09.13 12:49:58.403,7.97037,7.97171,1.00,1.00
2017.09.13 12:49:59.127,7.97058,7.97192,1.00,1.00
2017.09.13 12:49:59.432,7.97057,7.97189,1.00,1.00
2017.09.13 12:49:59.636,7.97053,7.97187,1.00,1.00
2017.09.13 12:49:59.687,7.97051,7.97185,1.00,1.00
2017.09.13 12:50:01.285,7.97042,7.97176,1.50,1.00
2017.09.13 12:50:01.629,7.97045,7.97179,1.00,1.00
2017.09.13 12:50:02.376,7.97054,7.97188,1.00,1.00
2017.09.13 12:50:02.917,7.97055,7.97189,1.00,1.00
2017.09.13 12:50:03.557,7.97051,7.97185,1.00,1.00
2017.09.13 12:50:04.132,7.97049,7.97183,1.00,1.00
2017.09.13 12:50:07.313,7.97053,7.97185,1.00,1.00
2017.09.13 12:50:08.388,7.97037,7.97171,1.00,1.00
2017.09.13 12:50:09.643,7.97035,7.97169,1.00,1.00
2017.09.13 12:50:10.370,7.97051,7.97185,1.00,1.00
2017.09.13 12:50:10.952,7.97041,7.97175,1.00,1.00
2017.09.13 12:50:11.473,7.97035,7.97169,1.00,1.00
2017.09.13 12:50:11.783,7.97041,7.97173,1.00,1.00
2017.09.13 12:50:12.075,7.9703,7.97164,1.00,1.00
2017.09.13 12:50:12.176,7.97027,7.9716,1.00,1.00
2017.09.13 12:50:12.769,7.97026,7.9716,1.00,1.00
2017.09.13 12:50:13.074,7.97028,7.97162,1.00,1.00
2017.09.13 12:50:13.400,7.97043,7.97177,1.00,1.00
2017.09.13 12:50:13.743,7.97091,7.97223,1.00,1.00
2017.09.13 12:50:13.795,7.97095,7.97229,1.00,1.00
2017.09.13 12:50:13.916,7.97089,7.97223,1.00,1.00
2017.09.13 12:50:14.223,7.97096,7.97229,1.00,1.00
2017.09.13 12:50:14.274,7.97091,7.97225,1.00,1.00
2017.09.13 12:50:14.484,7.97081,7.97215,1.00,1.00
2017.09.13 12:50:14.788,7.97075,7.97209,1.00,1.00
2017.09.13 12:50:15.094,7.97081,7.97215,1.00,1.00
2017.09.13 12:50:16.001,7.97075,7.97208,1.00,1.00
2017.09.13 12:50:16.752,7.97066,7.97197,1.00,1.00
2017.09.13 12:50:16.803,7.9706,7.97194,1.00,1.00
2017.09.13 12:50:17.219,7.97056,7.9719,1.00,1.00
2017.09.13 12:50:17.832,7.97057,7.97191,1.00,1.00
2017.09.13 12:50:18.385,7.9708,7.97213,1.00,1.00
2017.09.13 12:50:18.436,7.9709,7.97224,1.00,1.00
2017.09.13 12:50:18.487,7.97095,7.97229,1.00,1.00
2017.09.13 12:50:18.791,7.97091,7.97224,1.00,1.00
2017.09.13 12:50:19.218,7.97088,7.97222,1.00,1.00
2017.09.13 12:50:19.674,7.97077,7.97211,1.00,1.00
2017.09.13 12:50:20.012,7.9707,7.97203,1.00,1.00
2017.09.13 12:50:20.359,7.97066,7.97199,1.00,1.00
2017.09.13 12:50:21.122,7.97072,7.97206,1.00,1.00
2017.09.13 12:50:21.173,7.9708,7.97214,1.00,1.00
2017.09.13 12:50:21.478,7.97092,7.97226,1.00,1.00
2017.09.13 12:50:22.357,7.9709,7.97224,1.00,1.00
2017.09.13 12:50:22.825,7.9708,7.97214,1.00,1.00
2017.09.13 12:50:24.398,7.97069,7.97203,1.00,1.00
2017.09.13 12:50:24.753,7.9708,7.97213,1.00,1.00
2017.09.13 12:50:24.804,7.97083,7.97217,1.00,1.00
2017.09.13 12:50:24.905,7.97086,7.97218,1.00,1.00
2017.09.13 12:50:25.394,7.97078,7.97212,1.00,1.00
2017.09.13 12:50:25.445,7.9707,7.97204,1.00,1.00
2017.09.13 12:50:25.752,7.97075,7.97209,1.00,1.00
2017.09.13 12:50:26.094,7.97088,7.97219,1.00,1.00
2017.09.13 12:50:26.145,7.97078,7.97211,1.00,1.00
2017.09.13 12:50:26.196,7.97069,7.97203,1.00,1.00
2017.09.13 12:50:27.898,7.97066,7.97212,1.00,1.00
2017.09.13 12:50:28.119,7.97067,7.97215,1.00,1.00
2017.09.13 12:50:28.296,7.97073,7.97221,1.00,1.00
2017.09.13 12:50:28.998,7.97078,7.97226,1.00,1.00
2017.09.13 12:50:29.302,7.97066,7.97213,1.00,1.00
2017.09.13 12:50:29.353,7.97079,7.97228,1.00,1.00
2017.09.13 12:50:29.606,7.97073,7.97222,1.00,1.00
2017.09.13 12:50:29.954,7.97068,7.97216,1.00,1.00
2017.09.13 12:50:30.435,7.97066,7.97211,1.00,1.00
2017.09.13 12:50:30.964,7.97069,7.97217,1.00,1.00
2017.09.13 12:50:32.433,7.97071,7.97219,1.00,1.00
2017.09.13 12:50:33.908,7.97071,7.9721,1.00,1.00
2017.09.13 12:50:34.192,7.97069,7.97209,1.00,1.00
2017.09.13 12:50:35.313,7.97067,7.97206,1.00,1.00
2017.09.13 12:50:36.349,7.97071,7.97211,1.00,1.00
2017.09.13 12:50:36.400,7.97068,7.97208,1.00,1.00
2017.09.13 12:50:37.409,7.97067,7.97207,1.00,1.00
2017.09.13 12:50:39.704,7.97075,7.972,1.00,1.00
2017.09.13 12:50:40.193,7.97066,7.97188,1.00,1.00
2017.09.13 12:50:40.429,7.97046,7.97173,1.00,1.00
2017.09.13 12:50:40.989,7.97058,7.97185,1.00,1.00
2017.09.13 12:50:41.326,7.9705,7.97174,1.00,1.00
2017.09.13 12:50:42.621,7.97055,7.97181,1.00,1.00
2017.09.13 12:50:42.875,7.97058,7.97185,1.00,1.00
2017.09.13 12:50:42.926,7.97056,7.97182,1.00,1.00
2017.09.13 12:50:43.275,7.97046,7.97172,1.00,1.00
2017.09.13 12:50:43.704,7.97043,7.97168,1.00,1.00
2017.09.13 12:50:44.033,7.97043,7.97164,1.00,1.00
2017.09.13 12:50:44.426,7.97046,7.97172,1.00,1.00
2017.09.13 12:50:45.671,7.97055,7.97181,1.00,1.00
2017.09.13 12:50:45.924,7.97043,7.9717,1.50,1.00
2017.09.13 12:50:47.871,7.97051,7.97178,1.00,1.00
2017.09.13 12:50:48.193,7.97056,7.97182,1.00,1.00
2017.09.13 12:50:49.222,7.97055,7.97182,1.00,1.00
2017.09.13 12:50:50.517,7.97052,7.9718,1.00,1.00
2017.09.13 12:50:50.760,7.97043,7.97167,1.00,1.00
2017.09.13 12:50:52.405,7.97043,7.97165,1.00,1.00
2017.09.13 12:50:52.659,7.97009,7.97136,1.00,1.00
2017.09.13 12:50:52.710,7.97009,7.9713,1.00,1.00
2017.09.13 12:50:52.862,7.97002,7.9713,1.50,1.00
2017.09.13 12:50:52.913,7.97014,7.97142,1.00,1.00
2017.09.13 12:50:53.335,7.97023,7.97152,1.00,1.00
2017.09.13 12:50:53.387,7.97027,7.97156,1.00,1.00
2017.09.13 12:50:53.741,7.97034,7.97162,1.00,1.00
2017.09.13 12:50:54.648,7.97031,7.97157,1.00,1.00
2017.09.13 12:50:54.749,7.97027,7.97155,1.00,1.00
2017.09.13 12:50:55.858,7.97022,7.9714,1.00,1.00
2017.09.13 12:50:56.061,7.96998,7.97126,1.00,1.00
2017.09.13 12:50:56.113,7.96998,7.97107,1.00,1.00
2017.09.13 12:50:56.165,7.96981,7.97108,1.00,1.00
2017.09.13 12:50:56.216,7.96979,7.97107,1.00,1.00
2017.09.13 12:50:56.900,7.96968,7.97096,1.50,1.00
2017.09.13 12:50:57.205,7.96943,7.97062,1.00,1.00
2017.09.13 12:50:57.632,7.96943,7.97047,1.00,1.00
2017.09.13 12:50:57.735,7.96903,7.97031,1.00,1.00
2017.09.13 12:50:57.787,7.9691,7.97038,1.00,1.00
2017.09.13 12:50:57.989,7.96925,7.97054,1.00,1.00
2017.09.13 12:50:58.091,7.96931,7.97059,1.00,1.00
2017.09.13 12:50:58.739,7.96931,7.97061,1.00,1.00
2017.09.13 12:51:01.008,7.96927,7.97057,1.00,1.00
2017.09.13 12:51:03.964,7.96938,7.97068,1.00,1.00
2017.09.13 12:51:04.682,7.96934,7.97064,1.00,1.00
2017.09.13 12:51:05.050,7.96926,7.97056,1.00,1.00
2017.09.13 12:51:05.365,7.96912,7.97042,1.00,1.00
2017.09.13 12:51:05.790,7.96884,7.97014,1.00,1.00
2017.09.13 12:51:06.174,7.96884,7.97012,1.00,1.00
2017.09.13 12:51:06.381,7.9689,7.97019,1.00,1.00
2017.09.13 12:51:06.534,7.96892,7.97021,1.00,1.00
2017.09.13 12:51:06.961,7.96894,7.97023,1.00,1.00
2017.09.13 12:51:07.600,7.96895,7.97024,1.00,1.00
2017.09.13 12:51:08.957,7.96895,7.97023,1.00,1.00
2017.09.13 12:51:09.518,7.96897,7.97026,1.00,1.00
2017.09.13 12:51:09.589,7.96893,7.97021,1.00,1.00
2017.09.13 12:51:09.973,7.96889,7.97017,1.00,1.00
2017.09.13 12:51:10.458,7.96884,7.97012,1.00,1.00
2017.09.13 12:51:10.787,7.96888,7.97016,1.00,1.00
2017.09.13 12:51:12.272,7.96881,7.97004,1.00,1.00
2017.09.13 12:51:12.323,7.96885,7.97013,1.00,1.00
2017.09.13 12:51:12.424,7.96891,7.9702,1.00,1.00
2017.09.13 12:51:12.942,7.96894,7.97021,1.00,1.00
2017.09.13 12:51:13.689,7.96897,7.97021,1.00,1.00
2017.09.13 12:51:13.741,7.96909,7.97038,1.00,1.00
2017.09.13 12:51:13.792,7.96901,7.97029,1.00,1.00
2017.09.13 12:51:14.314,7.96901,7.9703,1.00,1.00
2017.09.13 12:51:16.033,7.96897,7.97024,1.00,1.00
2017.09.13 12:51:19.282,7.96897,7.97022,1.00,1.00
2017.09.13 12:51:19.384,7.96897,7.97047,1.00,1.00
2017.09.13 12:51:19.435,7.96926,7.97056,1.00,1.00
2017.09.13 12:51:19.823,7.96925,7.97053,1.00,1.00
2017.09.13 12:51:19.876,7.96901,7.97053,1.00,1.00
2017.09.13 12:51:20.078,7.96901,7.97057,1.00,1.00
2017.09.13 12:51:20.650,7.96901,7.97056,1.00,1.00
2017.09.13 12:51:21.009,7.96901,7.97029,1.50,1.00
2017.09.13 12:51:25.025,7.9692,7.97048,1.00,1.00
2017.09.13 12:51:25.483,7.96935,7.97063,1.00,1.00
2017.09.13 12:51:25.789,7.96937,7.97065,1.00,1.00
2017.09.13 12:51:27.973,7.96931,7.97073,1.00,1.00
2017.09.13 12:51:30.517,7.96934,7.97076,1.00,1.00
2017.09.13 12:51:31.967,7.96973,7.97101,1.00,1.00
2017.09.13 12:51:32.303,7.96985,7.97111,1.00,1.00
2017.09.13 12:51:32.661,7.96984,7.97113,1.00,1.00
2017.09.13 12:51:33.821,7.96975,7.97105,1.00,1.00
2017.09.13 12:51:34.155,7.96986,7.97115,1.00,1.00
2017.09.13 12:51:34.312,7.96983,7.97113,1.00,1.00
2017.09.13 12:51:35.354,7.96965,7.97095,1.00,1.00
2017.09.13 12:51:35.716,7.96958,7.97081,1.00,1.00
2017.09.13 12:51:37.141,7.96976,7.97099,1.00,1.00
2017.09.13 12:51:37.192,7.96978,7.97106,1.00,1.00
2017.09.13 12:51:37.395,7.96976,7.97105,1.00,1.00
2017.09.13 12:51:37.496,7.96967,7.97097,1.00,1.00
2017.09.13 12:51:39.011,7.96977,7.97106,1.00,1.00
2017.09.13 12:51:39.845,7.96978,7.97108,1.00,1.00
2017.09.13 12:51:43.003,7.96983,7.97113,1.00,1.00
2017.09.13 12:51:43.669,7.96982,7.97112,1.00,1.00
2017.09.13 12:51:44.217,7.96981,7.9711,1.00,1.00
2017.09.13 12:51:45.182,7.96975,7.97105,1.00,1.00
2017.09.13 12:51:45.233,7.96972,7.97101,1.00,1.00
2017.09.13 12:51:45.565,7.96958,7.97087,1.00,1.00
2017.09.13 12:51:45.890,7.96958,7.97084,1.00,1.00
2017.09.13 12:51:45.991,7.96936,7.97066,1.00,1.00
2017.09.13 12:51:46.042,7.96934,7.97055,1.00,1.00
2017.09.13 12:51:46.093,7.96917,7.97047,1.00,1.00
2017.09.13 12:51:46.144,7.96912,7.9704,1.00,1.00
2017.09.13 12:51:46.485,7.9689,7.9702,1.00,1.00
2017.09.13 12:51:46.536,7.96888,7.97013,1.00,1.00
2017.09.13 12:51:46.688,7.96879,7.97006,1.00,1.00
2017.09.13 12:51:46.891,7.96874,7.97004,1.00,1.00
2017.09.13 12:51:47.250,7.96869,7.96999,1.00,1.00
2017.09.13 12:51:47.554,7.96887,7.97017,1.00,1.00
2017.09.13 12:51:47.867,7.96906,7.97035,1.00,1.00
2017.09.13 12:51:48.276,7.9691,7.9704,1.00,1.00
2017.09.13 12:51:49.182,7.96915,7.97044,1.00,1.00
2017.09.13 12:51:49.488,7.96936,7.97065,1.00,1.00
2017.09.13 12:51:49.831,7.96942,7.97071,1.00,1.00
2017.09.13 12:51:51.221,7.96936,7.97066,1.00,1.00
2017.09.13 12:51:51.424,7.96931,7.9706,1.00,1.00
2017.09.13 12:51:51.475,7.96938,7.97068,1.00,1.00
2017.09.13 12:51:51.576,7.96922,7.97052,1.00,1.00
2017.09.13 12:51:51.888,7.96933,7.97062,1.00,1.00
2017.09.13 12:51:52.238,7.96941,7.97068,1.00,1.00
2017.09.13 12:51:52.340,7.96941,7.9707,1.00,1.00
2017.09.13 12:51:52.391,7.96945,7.97074,1.00,1.00
2017.09.13 12:51:52.694,7.96939,7.97066,1.00,1.00
2017.09.13 12:51:54.509,7.96939,7.97057,1.00,1.00
2017.09.13 12:51:54.560,7.96922,7.97052,1.00,1.00
2017.09.13 12:51:54.853,7.96918,7.97047,1.00,1.00
2017.09.13 12:51:55.719,7.96938,7.97065,1.00,1.00
2017.09.13 12:51:55.867,7.9694,7.97069,1.00,1.00
2017.09.13 12:51:59.770,7.96943,7.97073,1.00,1.00
2017.09.13 12:52:00.215,7.96939,7.97069,1.00,1.00
2017.09.13 12:52:00.521,7.96935,7.97064,1.00,1.00
2017.09.13 12:52:00.945,7.96938,7.97068,1.00,1.00
2017.09.13 12:52:01.400,7.96946,7.97076,1.00,1.00
2017.09.13 12:52:02.488,7.96941,7.97071,1.00,1.00
2017.09.13 12:52:02.829,7.96929,7.9705,1.00,1.00
2017.09.13 12:52:04.468,7.96929,7.97049,1.00,1.00
2017.09.13 12:52:05.302,7.96929,7.9704,1.00,1.00
2017.09.13 12:52:06.426,7.969,7.97024,1.00,1.00
2017.09.13 12:52:06.528,7.96884,7.9701,1.00,1.00
2017.09.13 12:52:06.579,7.96886,7.97016,1.00,1.00
2017.09.13 12:52:07.223,7.96887,7.97017,1.00,1.00
2017.09.13 12:52:07.324,7.96882,7.97012,1.00,1.00
2017.09.13 12:52:09.882,7.96885,7.97019,1.00,1.00
2017.09.13 12:52:11.107,7.96881,7.97015,1.00,1.00
2017.09.13 12:52:11.469,7.9687,7.97004,1.00,1.00
2017.09.13 12:52:12.844,7.96874,7.97008,1.00,1.00
2017.09.13 12:52:13.617,7.96873,7.97008,1.00,1.00
2017.09.13 12:52:13.921,7.96882,7.97016,1.00,1.00
2017.09.13 12:52:14.432,7.96877,7.97011,1.00,1.00
2017.09.13 12:52:14.774,7.9687,7.97004,1.00,1.00
2017.09.13 12:52:16.194,7.96865,7.97,1.00,1.00
2017.09.13 12:52:16.296,7.96862,7.96996,1.00,1.00
2017.09.13 12:52:17.507,7.9687,7.97004,1.00,1.00
2017.09.13 12:52:17.834,7.96879,7.97013,1.00,1.00
2017.09.13 12:52:22.583,7.96877,7.97012,1.00,1.00
2017.09.13 12:52:24.913,7.96878,7.97009,1.00,1.00
2017.09.13 12:52:25.225,7.96873,7.97004,1.00,1.00
2017.09.13 12:52:28.093,7.96869,7.96999,1.00,1.00
2017.09.13 12:52:29.093,7.96874,7.97003,1.00,1.00
2017.09.13 12:52:31.310,7.9687,7.96999,1.00,1.00
2017.09.13 12:52:31.361,7.96863,7.96993,1.00,1.00
2017.09.13 12:52:31.412,7.96862,7.96989,1.00,1.00
2017.09.13 12:52:31.715,7.96858,7.96988,1.00,1.00
2017.09.13 12:52:31.916,7.96855,7.96985,1.00,1.00
2017.09.13 12:52:32.264,7.96853,7.9698,1.00,1.00
2017.09.13 12:52:32.568,7.96853,7.96975,1.00,1.00
2017.09.13 12:52:34.378,7.96853,7.96979,1.00,1.00
2017.09.13 12:52:34.429,7.96863,7.96992,1.00,1.00
2017.09.13 12:52:34.480,7.96867,7.96996,1.00,1.00
2017.09.13 12:52:34.982,7.96867,7.96997,1.00,1.00
2017.09.13 12:52:36.240,7.96873,7.97002,1.00,1.00
2017.09.13 12:52:36.402,7.9687,7.97,1.00,1.00
2017.09.13 12:52:37.587,7.96876,7.97005,1.00,1.00
2017.09.13 12:52:37.638,7.96899,7.97029,1.00,1.00
2017.09.13 12:52:37.689,7.96906,7.97036,1.00,1.00
2017.09.13 12:52:38.057,7.9691,7.9704,1.00,1.00
2017.09.13 12:52:39.939,7.969,7.9703,1.00,1.00
2017.09.13 12:52:40.243,7.96902,7.9703,1.00,1.00
2017.09.13 12:52:40.771,7.96902,7.97031,1.00,1.00
2017.09.13 12:52:40.973,7.96892,7.97022,1.00,1.00
2017.09.13 12:52:42.142,7.96901,7.97031,1.00,1.00
2017.09.13 12:52:42.485,7.9691,7.97037,1.00,1.00
2017.09.13 12:52:42.536,7.96915,7.97045,1.00,1.00
2017.09.13 12:52:43.965,7.96912,7.97042,1.00,1.00
2017.09.13 12:52:47.923,7.96916,7.97045,1.00,1.00
2017.09.13 12:52:48.357,7.96914,7.97043,1.00,1.00
2017.09.13 12:52:48.813,7.96934,7.97064,1.00,1.00
2017.09.13 12:52:48.864,7.96939,7.97068,1.00,1.00
2017.09.13 12:52:49.177,7.96942,7.97071,1.00,1.00
2017.09.13 12:52:49.491,7.96947,7.97076,1.00,1.00
2017.09.13 12:52:51.661,7.9695,7.97079,1.00,1.00
2017.09.13 12:52:51.965,7.96971,7.97101,1.00,1.00
2017.09.13 12:52:52.067,7.96971,7.97099,1.00,1.00
2017.09.13 12:52:52.320,7.96962,7.97091,1.00,1.00
2017.09.13 12:52:52.543,7.96968,7.97097,1.00,1.00
2017.09.13 12:52:52.863,7.96964,7.97093,1.00,1.00
2017.09.13 12:52:53.407,7.96965,7.97093,1.00,1.00
2017.09.13 12:52:54.973,7.96963,7.97091,1.00,1.00
2017.09.13 12:52:55.284,7.96955,7.97084,1.00,1.00
2017.09.13 12:52:55.386,7.96948,7.97072,1.00,1.00
2017.09.13 12:52:55.437,7.96936,7.97065,1.00,1.00
2017.09.13 12:52:55.742,7.96943,7.97072,1.00,1.00
2017.09.13 12:52:56.977,7.96958,7.97086,1.00,1.00
2017.09.13 12:52:57.388,7.96953,7.97081,1.00,1.00
2017.09.13 12:52:58.153,7.96947,7.97075,1.00,1.00
2017.09.13 12:52:58.204,7.96943,7.97072,1.00,1.00
2017.09.13 12:52:58.356,7.96948,7.97077,1.00,1.00
2017.09.13 12:52:58.659,7.96945,7.97072,1.00,1.00
2017.09.13 12:52:59.190,7.96935,7.97063,1.00,1.00
2017.09.13 12:53:00.350,7.9694,7.97063,1.00,1.00
2017.09.13 12:53:01.337,7.96941,7.97063,1.00,1.00
2017.09.13 12:53:01.421,7.96941,7.97067,1.00,1.00
2017.09.13 12:53:01.472,7.96943,7.97072,1.00,1.00
2017.09.13 12:53:01.523,7.96959,7.97087,1.00,1.00
2017.09.13 12:53:01.829,7.96968,7.97084,1.00,1.00
2017.09.13 12:53:01.955,7.96958,7.97084,1.00,1.00
2017.09.13 12:53:02.547,7.9696,7.97084,1.00,1.00
2017.09.13 12:53:02.878,7.96957,7.97084,1.00,1.00
2017.09.13 12:53:03.144,7.9696,7.97084,1.00,1.00
2017.09.13 12:53:04.492,7.9696,7.9708,1.00,1.00
2017.09.13 12:53:05.077,7.96964,7.9708,1.00,1.00
2017.09.13 12:53:05.296,7.96961,7.9708,1.00,1.00
2017.09.13 12:53:05.736,7.96958,7.9708,1.00,1.00
2017.09.13 12:53:07.094,7.96957,7.9708,1.00,1.00
2017.09.13 12:53:07.607,7.96956,7.9708,1.00,1.00
2017.09.13 12:53:07.937,7.96952,7.9708,1.00,1.00
2017.09.13 12:53:10.003,7.96958,7.97086,1.00,1.00
2017.09.13 12:53:10.762,7.96952,7.97081,1.00,1.00
2017.09.13 12:53:11.455,7.96972,7.97101,1.00,1.00
2017.09.13 12:53:11.759,7.96978,7.97107,1.00,1.00
2017.09.13 12:53:12.110,7.97049,7.97178,1.00,1.00
2017.09.13 12:53:12.414,7.97016,7.9712,1.00,1.00
2017.09.13 12:53:12.516,7.96997,7.97113,1.00,1.00
2017.09.13 12:53:12.617,7.96984,7.97113,1.00,1.00
2017.09.13 12:53:12.820,7.96999,7.97128,1.00,1.00
2017.09.13 12:53:13.167,7.97005,7.97134,1.00,1.00
2017.09.13 12:53:13.975,7.97,7.97129,1.00,1.00
2017.09.13 12:53:14.378,7.96996,7.97125,1.00,1.00
2017.09.13 12:53:15.065,7.97027,7.97156,1.00,1.00
2017.09.13 12:53:15.371,7.97055,7.97183,1.00,1.00
2017.09.13 12:53:15.679,7.97051,7.9718,1.00,1.00
2017.09.13 12:53:15.730,7.97048,7.97176,1.00,1.00
2017.09.13 12:53:17.111,7.97035,7.97164,1.00,1.00
2017.09.13 12:53:18.167,7.97031,7.97158,1.00,1.00
2017.09.13 12:53:18.267,7.97025,7.97153,1.00,1.00
2017.09.13 12:53:19.146,7.97015,7.97143,1.50,1.00
2017.09.13 12:53:19.521,7.97012,7.9714,1.00,1.00
2017.09.13 12:53:20.039,7.97011,7.97139,1.00,1.00
2017.09.13 12:53:20.343,7.97023,7.9715,1.00,1.00
2017.09.13 12:53:20.860,7.97035,7.97163,1.00,1.00
2017.09.13 12:53:21.152,7.97027,7.97156,1.00,1.00
2017.09.13 12:53:21.203,7.97033,7.97162,1.00,1.00
2017.09.13 12:53:21.551,7.97027,7.97156,1.00,1.00
2017.09.13 12:53:22.702,7.97026,7.97155,1.00,1.00
2017.09.13 12:53:24.294,7.97015,7.97143,1.00,1.00
2017.09.13 12:53:24.599,7.96995,7.971,1.00,1.00
2017.09.13 12:53:24.650,7.96971,7.971,1.00,1.00
2017.09.13 12:53:24.701,7.96975,7.97103,1.00,1.00
2017.09.13 12:53:24.752,7.96971,7.971,1.00,1.00
2017.09.13 12:53:24.957,7.96965,7.97093,1.00,1.00
2017.09.13 12:53:25.266,7.9696,7.97088,1.00,1.00
2017.09.13 12:53:25.705,7.96969,7.97095,1.00,1.00
2017.09.13 12:53:25.756,7.96976,7.97104,1.00,1.00
2017.09.13 12:53:25.908,7.96974,7.971,1.00,1.00
2017.09.13 12:53:26.009,7.96967,7.97096,1.00,1.00
2017.09.13 12:53:27.458,7.96971,7.971,1.00,1.00
2017.09.13 12:53:30.391,7.9695,7.97078,1.00,1.00
2017.09.13 12:53:30.442,7.96953,7.97082,1.00,1.00
2017.09.13 12:53:30.493,7.96951,7.97078,1.00,1.00
2017.09.13 12:53:31.959,7.96939,7.97068,1.50,1.00
2017.09.13 12:53:32.010,7.96947,7.97064,1.00,1.00
2017.09.13 12:53:32.112,7.96936,7.97064,1.00,1.00
2017.09.13 12:53:32.315,7.96945,7.97073,1.00,1.00
2017.09.13 12:53:32.660,7.96939,7.97062,1.00,1.00
2017.09.13 12:53:32.761,7.96935,7.97062,1.00,1.00
2017.09.13 12:53:33.076,7.96944,7.97072,1.00,1.00
2017.09.13 12:53:33.127,7.96947,7.97075,1.00,1.00
2017.09.13 12:53:33.330,7.96926,7.97055,1.50,1.00
2017.09.13 12:53:34.568,7.96927,7.97053,1.00,1.00
2017.09.13 12:53:35.433,7.96921,7.9705,1.00,1.00
2017.09.13 12:53:35.484,7.96923,7.97052,1.00,1.00
2017.09.13 12:53:40.062,7.96919,7.97046,1.00,1.00
2017.09.13 12:53:40.607,7.96918,7.97046,1.00,1.00
2017.09.13 12:53:41.700,7.96922,7.97051,1.00,1.00
2017.09.13 12:53:42.105,7.96925,7.97051,1.00,1.00
2017.09.13 12:53:42.634,7.96924,7.97051,1.00,1.00
2017.09.13 12:53:42.966,7.96933,7.97061,1.00,1.00
2017.09.13 12:53:43.053,7.9694,7.97067,1.00,1.00
2017.09.13 12:53:43.104,7.96961,7.9709,1.00,1.00
2017.09.13 12:53:43.155,7.96964,7.97093,1.00,1.00
2017.09.13 12:53:43.458,7.9698,7.97089,1.00,1.00
2017.09.13 12:53:43.661,7.96966,7.97084,1.00,1.00
2017.09.13 12:53:44.186,7.96959,7.97084,1.00,1.00
2017.09.13 12:53:44.683,7.96959,7.97081,1.00,1.00
2017.09.13 12:53:45.217,7.96958,7.97081,1.00,1.00
2017.09.13 12:53:45.530,7.9696,7.97081,1.00,1.00
2017.09.13 12:53:45.733,7.96969,7.97098,1.00,1.00
2017.09.13 12:53:46.247,7.9697,7.97099,1.00,1.00
2017.09.13 12:53:49.583,7.96969,7.97098,1.00,1.00
2017.09.13 12:53:52.381,7.96955,7.97079,1.00,1.00
2017.09.13 12:53:52.483,7.96946,7.97075,1.00,1.00
2017.09.13 12:53:53.187,7.96953,7.97082,1.00,1.00
2017.09.13 12:53:53.492,7.96955,7.97084,1.00,1.00
2017.09.13 12:53:57.255,7.96961,7.9709,1.00,1.00
2017.09.13 12:53:57.727,7.96951,7.97067,1.00,1.00
2017.09.13 12:53:57.778,7.96879,7.97036,1.72,1.00
2017.09.13 12:53:57.829,7.96879,7.97014,1.00,1.00
2017.09.13 12:53:57.880,7.96879,7.97009,1.00,1.00
2017.09.13 12:53:58.184,7.96869,7.96993,1.00,1.00
2017.09.13 12:53:58.503,7.96874,7.96992,1.00,1.00
2017.09.13 12:53:58.554,7.96874,7.96996,1.00,1.00
2017.09.13 12:53:58.605,7.96894,7.97021,1.00,1.00
2017.09.13 12:53:58.707,7.96904,7.97031,1.00,1.00
2017.09.13 12:53:59.043,7.96912,7.97028,1.00,1.00
2017.09.13 12:53:59.186,7.96909,7.97028,1.00,1.00
2017.09.13 12:53:59.406,7.96905,7.97028,1.00,1.00
2017.09.13 12:53:59.649,7.96905,7.9702,1.00,1.00
2017.09.13 12:53:59.750,7.96895,7.97018,1.00,1.00
2017.09.13 12:54:00.317,7.969,7.97026,1.00,1.00
2017.09.13 12:54:00.825,7.96896,7.97021,1.00,1.00
2017.09.13 12:54:01.732,7.96904,7.9703,1.00,1.00
2017.09.13 12:54:02.086,7.96909,7.97036,1.00,1.00
2017.09.13 12:54:02.498,7.96915,7.97041,1.00,1.00
2017.09.13 12:54:04.612,7.96912,7.97039,1.00,1.00
2017.09.13 12:54:06.245,7.96911,7.97035,1.00,1.00
2017.09.13 12:54:06.296,7.96908,7.97034,1.00,1.00
2017.09.13 12:54:07.981,7.96905,7.97031,1.00,1.00
2017.09.13 12:54:09.919,7.96901,7.97026,1.00,1.00
2017.09.13 12:54:10.043,7.96895,7.97021,1.50,1.00
2017.09.13 12:54:10.095,7.96872,7.96971,1.00,1.00
2017.09.13 12:54:10.150,7.96872,7.96977,1.00,1.00
2017.09.13 12:54:10.201,7.96867,7.96997,1.00,1.00
2017.09.13 12:54:10.252,7.96845,7.96975,1.00,1.00
2017.09.13 12:54:10.556,7.96838,7.96968,1.00,1.00
2017.09.13 12:54:12.876,7.9684,7.96968,1.00,1.00
2017.09.13 12:54:13.208,7.96843,7.96968,1.00,1.00
2017.09.13 12:54:13.752,7.96844,7.96969,1.00,1.00
2017.09.13 12:54:13.804,7.96845,7.96974,1.00,1.00
2017.09.13 12:54:13.961,7.96846,7.96978,1.00,1.00
2017.09.13 12:54:14.278,7.9685,7.96982,1.00,1.00
2017.09.13 12:54:14.608,7.96852,7.96982,1.00,1.00
2017.09.13 12:54:14.760,7.9685,7.96982,1.00,1.00
2017.09.13 12:54:14.861,7.96859,7.96991,1.00,1.00
2017.09.13 12:54:15.194,7.96874,7.97004,1.00,1.00
2017.09.13 12:54:15.501,7.96873,7.96987,1.00,1.00
2017.09.13 12:54:15.936,7.96854,7.96987,1.00,1.00
2017.09.13 12:54:16.072,7.96858,7.9699,1.00,1.00
2017.09.13 12:54:16.397,7.96861,7.9699,1.00,1.00
2017.09.13 12:54:16.938,7.96862,7.9699,1.00,1.00
2017.09.13 12:54:17.331,7.96873,7.97001,1.00,1.00
2017.09.13 12:54:17.649,7.96874,7.96999,1.00,1.00
2017.09.13 12:54:18.240,7.96874,7.97005,1.50,1.00
2017.09.13 12:54:18.291,7.96878,7.97005,1.00,1.00
2017.09.13 12:54:19.180,7.96874,7.97005,1.50,1.00
2017.09.13 12:54:19.435,7.96874,7.97001,1.00,1.00
2017.09.13 12:54:19.807,7.96872,7.97001,1.00,1.00
2017.09.13 12:54:20.155,7.96874,7.97001,1.00,1.00
2017.09.13 12:54:21.064,7.96875,7.97001,1.00,1.00
2017.09.13 12:54:21.352,7.96874,7.97005,1.50,1.00
2017.09.13 12:54:21.403,7.96883,7.97012,1.00,1.00
2017.09.13 12:54:23.400,7.96878,7.97008,1.50,1.00
2017.09.13 12:54:23.451,7.96888,7.97013,1.00,1.00
2017.09.13 12:54:23.755,7.96926,7.97051,1.00,1.00
2017.09.13 12:54:24.122,7.96933,7.97058,1.00,1.00
2017.09.13 12:54:25.198,7.96934,7.97059,1.00,1.00
2017.09.13 12:54:25.552,7.96952,7.97077,1.00,1.00
2017.09.13 12:54:25.603,7.96958,7.97084,1.00,1.00
2017.09.13 12:54:25.969,7.96955,7.9708,1.00,1.00
2017.09.13 12:54:27.914,7.96961,7.97086,1.00,1.00
2017.09.13 12:54:28.221,7.96977,7.97102,1.00,1.00
2017.09.13 12:54:28.773,7.96978,7.97103,1.00,1.00
2017.09.13 12:54:29.028,7.97005,7.97131,1.00,1.00
2017.09.13 12:54:29.129,7.97024,7.97149,1.00,1.00
2017.09.13 12:54:29.484,7.97034,7.97159,1.00,1.00
2017.09.13 12:54:29.741,7.97016,7.97142,1.50,1.00
2017.09.13 12:54:29.792,7.97016,7.97138,1.00,1.00
2017.09.13 12:54:30.046,7.97022,7.97148,1.00,1.00
2017.09.13 12:54:31.183,7.9704,7.97165,1.00,1.00
2017.09.13 12:54:31.587,7.97042,7.97167,1.00,1.00
2017.09.13 12:54:32.542,7.97045,7.9717,1.00,1.00
2017.09.13 12:54:32.898,7.97048,7.97174,1.00,1.00
2017.09.13 12:54:33.676,7.97048,7.97175,1.00,1.00
2017.09.13 12:54:34.672,7.97046,7.97173,1.00,1.00
2017.09.13 12:54:34.976,7.97069,7.97194,1.00,1.00
2017.09.13 12:54:35.128,7.97077,7.97203,1.00,1.00
2017.09.13 12:54:36.878,7.97086,7.97212,1.00,1.00
2017.09.13 12:54:37.852,7.97087,7.97214,1.00,1.00
2017.09.13 12:54:38.633,7.9709,7.97216,1.00,1.00
2017.09.13 12:54:39.773,7.97107,7.97234,1.00,1.00
2017.09.13 12:54:39.824,7.97115,7.97242,1.00,1.00
2017.09.13 12:54:40.218,7.97113,7.9724,1.00,1.00
2017.09.13 12:54:40.825,7.97114,7.97241,1.00,1.00
2017.09.13 12:54:44.172,7.9713,7.9727,1.00,1.00
2017.09.13 12:54:44.223,7.97163,7.97279,1.00,1.00
2017.09.13 12:54:44.274,7.97172,7.97299,1.00,1.00
2017.09.13 12:54:44.326,7.97178,7.97305,1.00,1.00
2017.09.13 12:54:44.627,7.9718,7.97307,1.00,1.00
2017.09.13 12:54:45.965,7.97172,7.97299,1.00,1.00
2017.09.13 12:54:47.043,7.97161,7.97288,1.00,1.00
2017.09.13 12:54:47.972,7.97166,7.97293,1.00,1.00
2017.09.13 12:54:48.319,7.97178,7.97304,1.00,1.00
2017.09.13 12:54:49.701,7.97179,7.97305,1.00,1.00
2017.09.13 12:54:49.752,7.97171,7.97298,1.00,1.00
2017.09.13 12:54:49.803,7.97144,7.97271,1.00,1.00
2017.09.13 12:54:50.107,7.97131,7.97258,1.00,1.00
2017.09.13 12:54:51.622,7.97138,7.97265,1.00,1.00
2017.09.13 12:54:51.926,7.97142,7.97269,1.00,1.00
2017.09.13 12:54:52.883,7.97145,7.97272,1.00,1.00
2017.09.13 12:54:53.188,7.97136,7.97263,1.00,1.00
2017.09.13 12:54:53.966,7.97133,7.97267,1.00,1.00
2017.09.13 12:54:54.017,7.9716,7.97287,1.00,1.00
2017.09.13 12:54:54.322,7.97177,7.97301,1.00,1.00
2017.09.13 12:54:55.297,7.97187,7.97314,1.00,1.00
2017.09.13 12:54:55.348,7.97192,7.97318,1.00,1.00
2017.09.13 12:54:55.399,7.97199,7.97326,1.00,1.00
2017.09.13 12:54:55.501,7.97189,7.97315,1.00,1.00
2017.09.13 12:54:55.639,7.97174,7.97301,1.00,1.00
2017.09.13 12:54:55.690,7.9717,7.97297,1.00,1.00
2017.09.13 12:54:55.991,7.97181,7.97308,1.00,1.00
2017.09.13 12:54:56.340,7.97197,7.97321,1.00,1.00
2017.09.13 12:54:57.082,7.97197,7.97324,1.00,1.00
2017.09.13 12:54:57.328,7.97201,7.97328,1.00,1.00
2017.09.13 12:54:57.885,7.972,7.97334,1.00,1.00
2017.09.13 12:54:57.936,7.97208,7.97335,1.00,1.00
2017.09.13 12:54:57.987,7.97229,7.97357,1.00,1.00
2017.09.13 12:54:58.088,7.97238,7.97363,1.00,1.00
2017.09.13 12:54:58.302,7.97232,7.97358,1.00,1.00
2017.09.13 12:54:58.356,7.97227,7.97354,1.00,1.00
2017.09.13 12:54:58.533,7.97217,7.97343,1.00,1.00
2017.09.13 12:54:58.849,7.97217,7.97339,1.00,1.00
2017.09.13 12:54:58.951,7.97217,7.97343,1.00,1.00
2017.09.13 12:54:59.192,7.97241,7.97357,1.00,1.00
2017.09.13 12:54:59.244,7.97241,7.97366,1.00,1.00
2017.09.13 12:54:59.458,7.97256,7.97382,1.00,1.00
2017.09.13 12:54:59.509,7.9726,7.97382,1.00,1.00
2017.09.13 12:54:59.561,7.9726,7.97387,1.00,1.00
2017.09.13 12:54:59.714,7.9727,7.97391,1.00,1.00
2017.09.13 12:54:59.800,7.9727,7.97397,1.00,1.00
2017.09.13 12:54:59.851,7.97264,7.9739,1.00,1.00
2017.09.13 12:55:00.054,7.97262,7.97389,1.00,1.00
2017.09.13 12:55:00.155,7.97266,7.97392,1.00,1.50
2017.09.13 12:55:00.672,7.97265,7.97392,1.00,1.50
2017.09.13 12:55:01.095,7.97271,7.97392,1.00,1.00
2017.09.13 12:55:01.310,7.97271,7.97398,1.00,1.00
2017.09.13 12:55:01.710,7.97282,7.97409,1.00,1.00
2017.09.13 12:55:02.014,7.97294,7.9742,1.00,1.00
2017.09.13 12:55:02.566,7.97298,7.9742,1.00,1.00
2017.09.13 12:55:02.617,7.97317,7.97441,1.00,1.00
2017.09.13 12:55:02.668,7.97319,7.97441,1.00,1.00
2017.09.13 12:55:02.720,7.97324,7.97449,1.00,1.00
2017.09.13 12:55:03.104,7.97338,7.97465,1.00,1.00
2017.09.13 12:55:03.754,7.9735,7.97467,1.00,1.00
2017.09.13 12:55:03.924,7.97348,7.97475,1.00,1.00
2017.09.13 12:55:03.976,7.97345,7.9747,1.00,1.00
2017.09.13 12:55:04.854,7.97343,7.9747,1.00,1.00
2017.09.13 12:55:05.190,7.97352,7.97478,1.00,1.00
2017.09.13 12:55:05.495,7.97358,7.97485,1.00,1.00
2017.09.13 12:55:05.609,7.97363,7.97488,1.00,1.00
2017.09.13 12:55:05.812,7.97354,7.97481,1.00,1.00
2017.09.13 12:55:06.067,7.97343,7.9747,1.00,1.00
2017.09.13 12:55:06.585,7.9734,7.97466,1.00,1.00
2017.09.13 12:55:07.192,7.97347,7.97474,1.00,1.00
2017.09.13 12:55:07.243,7.97352,7.97478,1.00,1.00
2017.09.13 12:55:07.417,7.97367,7.97494,1.00,1.00
2017.09.13 12:55:07.468,7.97365,7.97492,1.00,1.00
2017.09.13 12:55:07.774,7.97362,7.97488,1.00,1.00
2017.09.13 12:55:08.414,7.97386,7.97512,1.00,1.00
2017.09.13 12:55:08.464,7.97391,7.97518,1.00,1.00
2017.09.13 12:55:08.515,7.97395,7.9752,1.00,1.00
2017.09.13 12:55:08.826,7.9742,7.97542,1.00,1.00
2017.09.13 12:55:09.116,7.97446,7.97571,1.00,1.00
2017.09.13 12:55:09.167,7.97436,7.97561,1.00,1.00
2017.09.13 12:55:09.219,7.97428,7.97554,1.00,1.00
2017.09.13 12:55:09.270,7.9743,7.97555,1.00,1.00
2017.09.13 12:55:09.322,7.97426,7.97552,1.00,1.00
2017.09.13 12:55:09.373,7.97417,7.97542,1.00,1.00
2017.09.13 12:55:09.628,7.97423,7.97552,1.00,1.00
2017.09.13 12:55:09.679,7.97418,7.97543,1.00,1.00
2017.09.13 12:55:09.730,7.97403,7.97529,1.00,1.00
2017.09.13 12:55:09.894,7.97416,7.97539,1.00,1.00
2017.09.13 12:55:09.996,7.97418,7.97544,1.00,1.00
2017.09.13 12:55:10.148,7.9743,7.97556,1.00,1.00
2017.09.13 12:55:10.453,7.97436,7.97561,1.00,1.00
2017.09.13 12:55:10.554,7.97432,7.97558,1.00,1.00
2017.09.13 12:55:10.680,7.97437,7.97562,1.00,1.00
2017.09.13 12:55:11.043,7.97452,7.97577,1.00,1.00
2017.09.13 12:55:11.366,7.9747,7.97595,1.00,1.00
2017.09.13 12:55:11.635,7.97474,7.976,1.00,1.00
2017.09.13 12:55:11.736,7.97471,7.97598,1.00,1.00
2017.09.13 12:55:11.939,7.97474,7.97601,1.00,1.00
2017.09.13 12:55:12.243,7.97478,7.97603,1.00,1.00
2017.09.13 12:55:12.294,7.97472,7.97599,1.00,1.00
2017.09.13 12:55:12.441,7.97467,7.97593,1.00,1.00
2017.09.13 12:55:12.589,7.97463,7.9759,1.00,1.00
2017.09.13 12:55:12.690,7.97443,7.9757,1.00,1.00
2017.09.13 12:55:12.741,7.97399,7.97536,1.00,1.00
2017.09.13 12:55:12.792,7.97399,7.97526,1.00,1.00
2017.09.13 12:55:13.190,7.97323,7.9745,1.00,1.00
2017.09.13 12:55:13.706,7.97323,7.97449,1.00,1.00
2017.09.13 12:55:13.854,7.97307,7.97434,1.00,1.00
2017.09.13 12:55:13.905,7.9728,7.97419,1.00,1.00
2017.09.13 12:55:13.958,7.97275,7.97409,1.00,1.00
2017.09.13 12:55:14.133,7.97265,7.97406,1.00,1.00
2017.09.13 12:55:14.410,7.97283,7.9741,1.00,1.00
2017.09.13 12:55:14.461,7.97298,7.97439,1.00,1.00
2017.09.13 12:55:14.512,7.97305,7.97446,1.00,1.00
2017.09.13 12:55:14.842,7.9731,7.97451,1.00,1.00
2017.09.13 12:55:15.166,7.97297,7.97424,1.00,1.00
2017.09.13 12:55:15.496,7.97302,7.97428,1.00,1.00
2017.09.13 12:55:16.646,7.97298,7.97424,1.00,1.00
2017.09.13 12:55:16.839,7.97324,7.97451,1.00,1.00
2017.09.13 12:55:16.890,7.97334,7.9746,1.00,1.00
2017.09.13 12:55:17.424,7.97334,7.97461,1.00,1.00
2017.09.13 12:55:18.725,7.97349,7.97474,1.00,1.00
2017.09.13 12:55:18.965,7.97359,7.97486,1.00,1.00
2017.09.13 12:55:19.017,7.97344,7.97471,1.00,1.00
2017.09.13 12:55:19.322,7.97334,7.9746,1.00,1.00
2017.09.13 12:55:19.630,7.97339,7.97464,1.00,1.00
2017.09.13 12:55:19.681,7.97335,7.97461,1.00,1.00
2017.09.13 12:55:20.452,7.97328,7.97453,1.00,1.00
2017.09.13 12:55:20.604,7.97326,7.97452,1.00,1.00
2017.09.13 12:55:21.595,7.97333,7.97458,1.00,1.00
2017.09.13 12:55:21.646,7.97348,7.97474,1.00,1.00
2017.09.13 12:55:21.697,7.97355,7.97479,1.00,1.00
2017.09.13 12:55:21.845,7.97358,7.97484,1.00,1.00
2017.09.13 12:55:22.234,7.97361,7.97486,1.00,1.00
2017.09.13 12:55:22.458,7.97337,7.97463,1.00,1.00
2017.09.13 12:55:22.510,7.97333,7.97458,1.00,1.00
2017.09.13 12:55:22.710,7.9732,7.97446,1.00,1.00
2017.09.13 12:55:22.761,7.97324,7.9745,1.00,1.00
2017.09.13 12:55:23.065,7.97309,7.97434,1.00,1.00
2017.09.13 12:55:23.463,7.97306,7.97431,1.00,1.00
2017.09.13 12:55:23.717,7.97299,7.97425,1.00,1.00
2017.09.13 12:55:23.768,7.97289,7.97414,1.00,1.00
2017.09.13 12:55:24.072,7.97293,7.97418,1.00,1.00
2017.09.13 12:55:24.421,7.97282,7.97407,1.00,1.00
2017.09.13 12:55:24.776,7.97286,7.97411,1.00,1.00
2017.09.13 12:55:25.114,7.97291,7.97415,1.00,1.00
2017.09.13 12:55:25.287,7.97288,7.97415,1.00,1.00
2017.09.13 12:55:25.463,7.97288,7.97422,1.00,1.00
2017.09.13 12:55:25.514,7.97311,7.97437,1.00,1.00
2017.09.13 12:55:25.565,7.97332,7.97459,1.00,1.00
2017.09.13 12:55:25.666,7.97339,7.97465,1.00,1.00
2017.09.13 12:55:27.284,7.97321,7.97447,1.00,1.00
2017.09.13 12:55:27.386,7.973,7.97427,1.00,1.00
2017.09.13 12:55:27.437,7.97307,7.97433,1.00,1.00
2017.09.13 12:55:27.535,7.97301,7.97428,1.00,1.00
2017.09.13 12:55:27.586,7.97312,7.97439,1.00,1.00
2017.09.13 12:55:28.004,7.97307,7.97434,1.00,1.00
2017.09.13 12:55:28.995,7.97315,7.97441,1.00,1.00
2017.09.13 12:55:29.359,7.97308,7.97434,1.00,1.00
2017.09.13 12:55:30.132,7.97302,7.97427,1.00,1.00
2017.09.13 12:55:30.183,7.97292,7.97418,1.00,1.00
2017.09.13 12:55:30.960,7.97293,7.97419,1.00,1.00
2017.09.13 12:55:31.549,7.97291,7.97418,1.00,1.00
2017.09.13 12:55:32.767,7.97285,7.97411,1.00,1.00
2017.09.13 12:55:32.818,7.97276,7.97403,1.00,1.00
2017.09.13 12:55:32.870,7.97258,7.97383,1.00,1.00
2017.09.13 12:55:33.022,7.97251,7.97378,1.00,1.00
2017.09.13 12:55:33.073,7.97245,7.9737,1.00,1.00
2017.09.13 12:55:33.174,7.97252,7.97379,1.00,1.00
2017.09.13 12:55:33.332,7.97257,7.97384,1.00,1.00
2017.09.13 12:55:33.637,7.97273,7.974,1.00,1.00
2017.09.13 12:55:33.941,7.97259,7.97386,1.00,1.00
2017.09.13 12:55:34.791,7.9726,7.97387,1.00,1.00
2017.09.13 12:55:36.084,7.97253,7.97379,1.00,1.00
2017.09.13 12:55:36.134,7.97248,7.97375,1.00,1.00
2017.09.13 12:55:36.185,7.9724,7.97363,1.00,1.00
2017.09.13 12:55:37.488,7.97223,7.9735,1.00,1.00
2017.09.13 12:55:37.741,7.97218,7.97344,1.00,1.00
2017.09.13 12:55:40.300,7.9722,7.97347,1.00,1.00
2017.09.13 12:55:40.577,7.97215,7.97341,1.00,1.00
2017.09.13 12:55:40.799,7.97224,7.97351,1.00,1.00
2017.09.13 12:55:40.952,7.97228,7.97354,1.00,1.00
2017.09.13 12:55:41.320,7.97224,7.97349,1.00,1.00
2017.09.13 12:55:41.378,7.97216,7.97343,1.00,1.00
2017.09.13 12:55:42.515,7.97213,7.97336,1.00,1.00
2017.09.13 12:55:43.494,7.97215,7.97341,1.00,1.00
2017.09.13 12:55:48.272,7.97213,7.97336,1.00,1.00
2017.09.13 12:55:48.323,7.97213,7.9734,1.50,1.00
2017.09.13 12:55:48.475,7.97222,7.97348,1.00,1.00
2017.09.13 12:55:49.508,7.97223,7.97348,1.00,1.00
2017.09.13 12:55:49.662,7.97226,7.97353,1.00,1.00
2017.09.13 12:55:49.713,7.9723,7.97357,1.00,1.00
2017.09.13 12:55:50.224,7.97248,7.97374,1.00,1.00
2017.09.13 12:55:50.528,7.97264,7.9739,1.00,1.00
2017.09.13 12:55:50.807,7.97258,7.97385,1.00,1.00
2017.09.13 12:55:50.859,7.97264,7.97391,1.00,1.00
2017.09.13 12:55:51.199,7.97252,7.97379,1.00,1.00
2017.09.13 12:55:51.502,7.97239,7.97365,1.00,1.00
2017.09.13 12:55:51.801,7.97225,7.97352,1.00,1.00
2017.09.13 12:55:53.005,7.97224,7.9735,1.00,1.00
2017.09.13 12:55:53.563,7.97224,7.97349,1.00,1.00
2017.09.13 12:55:54.886,7.9724,7.97365,1.00,1.00
2017.09.13 12:55:55.381,7.97242,7.97367,1.00,1.00
2017.09.13 12:55:57.204,7.97236,7.97361,1.00,1.00
2017.09.13 12:55:57.508,7.97225,7.9735,1.00,1.00
2017.09.13 12:55:58.050,7.97225,7.97351,1.00,1.00
2017.09.13 12:55:58.357,7.97203,7.97329,1.00,1.00
2017.09.13 12:55:58.408,7.97207,7.97334,1.00,1.00
2017.09.13 12:56:00.242,7.97203,7.97329,1.00,1.00
2017.09.13 12:56:00.303,7.97207,7.97334,1.00,1.00
2017.09.13 12:56:00.455,7.9721,7.97337,1.00,1.00
2017.09.13 12:56:01.351,7.97219,7.97346,1.00,1.00
2017.09.13 12:56:01.656,7.97237,7.97363,1.00,1.00
2017.09.13 12:56:01.972,7.97231,7.97357,1.00,1.00
2017.09.13 12:56:02.276,7.97223,7.97338,1.00,1.00
2017.09.13 12:56:03.340,7.97208,7.97334,1.00,1.00
2017.09.13 12:56:04.222,7.97206,7.9733,1.00,1.00
2017.09.13 12:56:04.338,7.97199,7.97324,1.00,1.00
2017.09.13 12:56:04.389,7.97199,7.97319,1.00,1.00
2017.09.13 12:56:04.491,7.97196,7.97319,1.00,1.00
2017.09.13 12:56:05.552,7.97196,7.97318,1.00,1.00
2017.09.13 12:56:06.540,7.97196,7.97322,1.00,1.00
2017.09.13 12:56:06.726,7.97196,7.97293,1.00,1.00
2017.09.13 12:56:06.778,7.97192,7.97295,1.00,1.00
2017.09.13 12:56:06.830,7.97175,7.97291,1.00,1.00
2017.09.13 12:56:06.932,7.97175,7.97294,1.00,1.00
2017.09.13 12:56:07.046,7.97189,7.97316,1.00,1.00
2017.09.13 12:56:07.097,7.97194,7.9732,1.00,1.00
2017.09.13 12:56:07.764,7.97223,7.9735,1.00,1.00
2017.09.13 12:56:07.815,7.97238,7.97364,1.00,1.00
2017.09.13 12:56:08.119,7.9726,7.97381,1.00,1.00
2017.09.13 12:56:08.220,7.97255,7.97381,1.00,1.00
2017.09.13 12:56:08.341,7.9726,7.97386,1.00,1.00
2017.09.13 12:56:08.392,7.97265,7.97392,1.00,1.00
2017.09.13 12:56:09.318,7.97281,7.97408,1.00,1.00
2017.09.13 12:56:09.624,7.97289,7.97416,1.00,1.00
2017.09.13 12:56:10.162,7.9729,7.97416,1.00,1.00
2017.09.13 12:56:10.268,7.97311,7.97438,1.00,1.00
2017.09.13 12:56:10.323,7.97313,7.97439,1.00,1.00
2017.09.13 12:56:10.375,7.97322,7.97449,1.00,1.00
2017.09.13 12:56:10.426,7.97317,7.97442,1.00,1.00
2017.09.13 12:56:10.742,7.97322,7.97449,1.00,1.00
2017.09.13 12:56:10.941,7.97311,7.97433,1.00,1.00
2017.09.13 12:56:11.245,7.97303,7.97404,1.00,1.00
2017.09.13 12:56:11.296,7.97303,7.97417,1.00,1.00
2017.09.13 12:56:11.347,7.97295,7.97422,1.00,1.00
2017.09.13 12:56:11.398,7.97304,7.97431,1.00,1.00
2017.09.13 12:56:11.703,7.97321,7.97448,1.00,1.00
2017.09.13 12:56:12.008,7.97318,7.97445,1.00,1.00
2017.09.13 12:56:12.313,7.97327,7.97442,1.00,1.00
2017.09.13 12:56:12.531,7.97313,7.97437,1.00,1.00
2017.09.13 12:56:13.183,7.97315,7.97437,1.00,1.00
2017.09.13 12:56:13.505,7.97318,7.97445,1.00,1.00
2017.09.13 12:56:13.556,7.97314,7.9744,1.00,1.00
2017.09.13 12:56:13.890,7.97316,7.97435,1.00,1.00
2017.09.13 12:56:14.216,7.97321,7.97435,1.00,1.00
2017.09.13 12:56:14.613,7.97321,7.97432,1.00,1.00
2017.09.13 12:56:14.873,7.97321,7.97435,1.00,1.00
2017.09.13 12:56:15.102,7.97322,7.97443,1.00,1.00
2017.09.13 12:56:15.203,7.97338,7.97443,1.00,1.00
2017.09.13 12:56:15.406,7.97338,7.9746,1.00,1.00
2017.09.13 12:56:15.507,7.97336,7.9746,1.00,1.00
2017.09.13 12:56:15.694,7.97336,7.97455,1.00,1.00
2017.09.13 12:56:15.745,7.97334,7.97455,1.00,1.00
2017.09.13 12:56:15.796,7.97334,7.97449,1.00,1.00
2017.09.13 12:56:15.914,7.97317,7.97445,1.00,1.00
2017.09.13 12:56:15.965,7.97317,7.97436,1.00,1.00
2017.09.13 12:56:16.068,7.97297,7.97436,1.00,1.00
2017.09.13 12:56:16.381,7.97299,7.97436,1.00,1.00
2017.09.13 12:56:16.432,7.97299,7.97439,1.50,1.00
2017.09.13 12:56:16.643,7.97301,7.97439,1.00,1.00
2017.09.13 12:56:16.991,7.97304,7.97439,1.00,1.00
2017.09.13 12:56:17.253,7.97302,7.97439,1.00,1.00
2017.09.13 12:56:17.360,7.97302,7.97436,1.00,1.00
2017.09.13 12:56:17.802,7.97297,7.97436,1.00,1.00
2017.09.13 12:56:18.463,7.97299,7.97436,1.00,1.00
2017.09.13 12:56:18.805,7.97302,7.97438,1.00,1.00
2017.09.13 12:56:18.906,7.97313,7.97453,1.00,1.00
2017.09.13 12:56:18.958,7.97323,7.97463,1.00,1.00
2017.09.13 12:56:19.274,7.97319,7.97453,1.00,1.00
2017.09.13 12:56:19.376,7.97317,7.97453,1.00,1.00
2017.09.13 12:56:19.580,7.97319,7.9746,1.50,1.00
2017.09.13 12:56:19.631,7.97324,7.97464,1.00,1.00
2017.09.13 12:56:19.954,7.97334,7.97464,1.00,1.00
2017.09.13 12:56:20.354,7.97332,7.97464,1.00,1.00
2017.09.13 12:56:20.574,7.9733,7.97464,1.00,1.00
2017.09.13 12:56:20.884,7.9733,7.97459,1.00,1.00
2017.09.13 12:56:21.190,7.97313,7.9742,1.00,1.00
2017.09.13 12:56:21.335,7.97322,7.97462,1.00,1.00
2017.09.13 12:56:21.386,7.97322,7.97456,1.00,1.00
2017.09.13 12:56:21.690,7.97322,7.97452,1.00,1.00
2017.09.13 12:56:22.197,7.97323,7.97452,1.00,1.00
2017.09.13 12:56:22.529,7.97329,7.97472,1.00,1.00
2017.09.13 12:56:22.580,7.97363,7.97503,1.00,1.00
2017.09.13 12:56:22.884,7.97392,7.97532,1.50,1.00
2017.09.13 12:56:23.191,7.97396,7.97531,1.00,1.00
2017.09.13 12:56:23.344,7.97393,7.97531,1.50,1.00
2017.09.13 12:56:23.585,7.97397,7.97531,1.00,1.00
2017.09.13 12:56:24.113,7.97396,7.97531,1.00,1.00
2017.09.13 12:56:25.148,7.97395,7.97531,1.00,1.00
2017.09.13 12:56:25.668,7.97396,7.97529,1.00,1.00
2017.09.13 12:56:25.744,7.97392,7.97529,1.00,1.00
2017.09.13 12:56:25.882,7.9739,7.97525,1.00,1.00
2017.09.13 12:56:26.135,7.97391,7.97527,1.00,1.00
2017.09.13 12:56:26.251,7.97395,7.97528,1.00,1.00
2017.09.13 12:56:26.353,7.97394,7.9753,1.00,1.00
2017.09.13 12:56:26.406,7.9743,7.97567,1.00,1.00
2017.09.13 12:56:26.457,7.97436,7.97573,1.00,1.00
2017.09.13 12:56:26.785,7.97426,7.97549,1.00,1.00
2017.09.13 12:56:27.265,7.97426,7.97561,1.50,1.00
2017.09.13 12:56:27.367,7.97429,7.97566,1.00,1.00
2017.09.13 12:56:27.418,7.97437,7.97566,1.00,1.00
2017.09.13 12:56:27.751,7.97426,7.9756,1.00,1.00
2017.09.13 12:56:28.273,7.97427,7.9756,1.00,1.00
2017.09.13 12:56:28.552,7.97427,7.97549,1.00,1.00
2017.09.13 12:56:28.654,7.97415,7.97542,1.00,1.00
2017.09.13 12:56:29.276,7.97437,7.97564,1.00,1.00
2017.09.13 12:56:29.921,7.97434,7.97561,1.00,1.00
2017.09.13 12:56:30.275,7.97413,7.97539,1.50,1.00
2017.09.13 12:56:33.162,7.97421,7.97547,1.00,1.00
2017.09.13 12:56:33.377,7.9744,7.97567,1.00,1.00
2017.09.13 12:56:34.943,7.97442,7.97569,1.00,1.00
2017.09.13 12:56:35.400,7.97438,7.97565,1.00,1.00
2017.09.13 12:56:35.785,7.97441,7.97568,1.00,1.00
2017.09.13 12:56:36.316,7.97445,7.97572,1.00,1.00
2017.09.13 12:56:36.713,7.9745,7.97577,1.00,1.00
2017.09.13 12:56:37.064,7.97466,7.97575,1.00,1.00
2017.09.13 12:56:37.115,7.97449,7.97575,1.00,1.00
2017.09.13 12:56:37.511,7.97442,7.97549,1.00,1.00
2017.09.13 12:56:37.562,7.97426,7.97543,1.00,1.00
2017.09.13 12:56:37.664,7.97426,7.97533,1.00,1.00
2017.09.13 12:56:37.766,7.97405,7.97532,1.00,1.00
2017.09.13 12:56:37.891,7.97403,7.97527,1.00,1.00
2017.09.13 12:56:37.995,7.97388,7.97515,1.50,1.00
2017.09.13 12:56:38.575,7.97379,7.97506,1.50,1.00
2017.09.13 12:56:38.877,7.97407,7.97533,1.50,1.00
2017.09.13 12:56:39.047,7.97413,7.9754,1.00,1.00
2017.09.13 12:56:39.473,7.97402,7.97518,1.00,1.00
2017.09.13 12:56:39.524,7.97391,7.97518,1.00,1.00
2017.09.13 12:56:39.747,7.97386,7.97513,1.00,1.00
2017.09.13 12:56:40.494,7.97396,7.97521,1.00,1.00
2017.09.13 12:56:40.545,7.97392,7.97519,1.00,1.00
2017.09.13 12:56:41.153,7.97386,7.97511,1.00,1.00
2017.09.13 12:56:41.292,7.97389,7.97516,1.00,1.00
2017.09.13 12:56:41.495,7.97387,7.97511,1.00,1.00
2017.09.13 12:56:41.725,7.97405,7.97531,1.00,1.00
2017.09.13 12:56:41.875,7.97416,7.97543,1.00,1.00
2017.09.13 12:56:41.926,7.97419,7.97546,1.00,1.00
2017.09.13 12:56:42.523,7.97423,7.97547,1.00,1.00
2017.09.13 12:56:42.574,7.97427,7.97553,1.00,1.00
2017.09.13 12:56:42.626,7.97441,7.97568,1.00,1.00
2017.09.13 12:56:42.677,7.97447,7.97574,1.00,1.00
2017.09.13 12:56:43.010,7.97444,7.97571,1.00,1.00
2017.09.13 12:56:43.311,7.97442,7.97566,1.00,1.00
2017.09.13 12:56:43.964,7.9744,7.97562,1.00,1.00
2017.09.13 12:56:44.065,7.97441,7.97568,1.00,1.00
2017.09.13 12:56:44.576,7.97438,7.97564,1.00,1.00
2017.09.13 12:56:45.767,7.97437,7.97564,1.00,1.00
2017.09.13 12:56:46.154,7.97426,7.97552,1.00,1.00
2017.09.13 12:56:46.459,7.97422,7.97547,1.00,1.00
2017.09.13 12:56:46.712,7.97415,7.97542,1.00,1.00
2017.09.13 12:56:47.549,7.97412,7.97537,1.00,1.00
2017.09.13 12:56:47.853,7.97382,7.97507,1.00,1.00
2017.09.13 12:56:48.489,7.97377,7.97504,1.00,1.00
2017.09.13 12:56:48.609,7.97391,7.97518,1.00,1.00
2017.09.13 12:56:48.973,7.97417,7.97542,1.00,1.00
2017.09.13 12:56:49.940,7.97418,7.97542,1.00,1.00
2017.09.13 12:56:50.101,7.97457,7.97584,1.00,1.00
2017.09.13 12:56:50.255,7.97463,7.97589,1.00,1.00
2017.09.13 12:56:50.407,7.97439,7.97566,1.00,1.00
2017.09.13 12:56:50.458,7.97439,7.9756,1.00,1.00
2017.09.13 12:56:50.510,7.97428,7.97554,1.50,1.00
2017.09.13 12:56:50.561,7.97428,7.97549,1.00,1.00
2017.09.13 12:56:50.662,7.97422,7.97549,1.00,1.00
2017.09.13 12:56:51.271,7.97431,7.97558,1.00,1.00
2017.09.13 12:56:51.322,7.9744,7.97577,1.00,1.00
2017.09.13 12:56:51.475,7.97436,7.97562,1.00,1.00
2017.09.13 12:56:51.779,7.97445,7.97571,1.00,1.00
2017.09.13 12:56:52.767,7.97456,7.97583,1.00,1.00
2017.09.13 12:56:52.819,7.97469,7.97596,1.00,1.00
2017.09.13 12:56:53.120,7.97478,7.97605,1.00,1.00
2017.09.13 12:56:53.438,7.97467,7.97594,1.00,1.00
2017.09.13 12:56:53.743,7.97471,7.97598,1.00,1.00
2017.09.13 12:56:54.229,7.97482,7.97609,1.00,1.00
2017.09.13 12:56:55.223,7.97483,7.9761,1.00,1.00
2017.09.13 12:56:55.744,7.97484,7.97611,1.00,1.00
2017.09.13 12:56:56.669,7.97494,7.97621,1.00,1.00
2017.09.13 12:56:57.006,7.97475,7.97601,1.00,1.00
2017.09.13 12:56:57.310,7.97474,7.97598,1.00,1.00
2017.09.13 12:56:57.935,7.97452,7.97579,1.00,1.00
2017.09.13 12:56:57.986,7.97447,7.97574,1.00,1.00
2017.09.13 12:56:58.582,7.97443,7.97569,1.00,1.00
2017.09.13 12:56:59.125,7.97442,7.97569,1.00,1.00
2017.09.13 12:56:59.594,7.97439,7.97566,1.00,1.00
2017.09.13 12:57:00.101,7.97438,7.97565,1.00,1.00
2017.09.13 12:57:00.487,7.97425,7.97551,1.00,1.00
2017.09.13 12:57:00.538,7.97438,7.97565,1.00,1.00
2017.09.13 12:57:02.061,7.97428,7.97555,1.00,1.00
2017.09.13 12:57:02.884,7.97432,7.97558,1.00,1.00
2017.09.13 12:57:02.980,7.97427,7.97554,1.00,1.00
2017.09.13 12:57:03.031,7.97426,7.97552,1.00,1.00
2017.09.13 12:57:03.082,7.9743,7.97557,1.00,1.00
2017.09.13 12:57:03.596,7.97434,7.9756,1.00,1.00
2017.09.13 12:57:04.164,7.97418,7.97545,1.00,1.00
2017.09.13 12:57:04.215,7.97421,7.97547,1.00,1.00
2017.09.13 12:57:04.519,7.97434,7.9756,1.00,1.00
2017.09.13 12:57:04.953,7.97429,7.97555,1.00,1.00
2017.09.13 12:57:06.138,7.97424,7.9755,1.00,1.00
2017.09.13 12:57:07.974,7.97402,7.97529,1.00,1.00
2017.09.13 12:57:08.024,7.97419,7.97543,1.00,1.00
2017.09.13 12:57:08.075,7.97428,7.97554,1.00,1.00
2017.09.13 12:57:08.126,7.9744,7.97567,1.00,1.00
2017.09.13 12:57:08.177,7.97436,7.97563,1.00,1.00
2017.09.13 12:57:08.723,7.97437,7.97562,1.00,1.00
2017.09.13 12:57:09.268,7.97448,7.97575,1.00,1.00
2017.09.13 12:57:09.319,7.97454,7.9758,1.00,1.00
2017.09.13 12:57:09.461,7.97452,7.97579,1.00,1.00
2017.09.13 12:57:09.512,7.97447,7.97573,1.00,1.00
2017.09.13 12:57:09.832,7.97442,7.97568,1.00,1.00
2017.09.13 12:57:10.447,7.97437,7.97563,1.00,1.00
2017.09.13 12:57:10.600,7.97444,7.97571,1.00,1.00
2017.09.13 12:57:10.730,7.9744,7.97567,1.00,1.00
2017.09.13 12:57:13.772,7.97441,7.97568,1.00,1.00
2017.09.13 12:57:15.397,7.97448,7.97574,1.00,1.00
2017.09.13 12:57:16.003,7.97448,7.97573,1.00,1.00
2017.09.13 12:57:16.397,7.97438,7.97564,1.00,1.00
2017.09.13 12:57:17.747,7.97444,7.97571,1.00,1.00
2017.09.13 12:57:17.798,7.97439,7.97565,1.00,1.00
2017.09.13 12:57:18.032,7.97435,7.97562,1.00,1.00
2017.09.13 12:57:18.338,7.97435,7.97559,1.00,1.00
2017.09.13 12:57:18.389,7.97426,7.97553,1.00,1.00
2017.09.13 12:57:18.491,7.9743,7.97557,1.00,1.00
2017.09.13 12:57:18.795,7.97464,7.97588,1.00,1.00
2017.09.13 12:57:18.998,7.97464,7.97591,1.00,1.00
2017.09.13 12:57:19.421,7.97456,7.97581,1.00,1.00
2017.09.13 12:57:20.016,7.97449,7.97576,1.00,1.00
2017.09.13 12:57:20.472,7.97436,7.9756,1.00,1.00
2017.09.13 12:57:20.523,7.97428,7.97553,1.00,1.00
2017.09.13 12:57:20.624,7.97443,7.9757,1.00,1.00
2017.09.13 12:57:20.675,7.97445,7.97572,1.00,1.00
2017.09.13 12:57:21.730,7.97447,7.97574,1.00,1.00
2017.09.13 12:57:23.188,7.97449,7.97575,1.00,1.00
2017.09.13 12:57:23.702,7.97449,7.97576,1.00,1.00
2017.09.13 12:57:24.849,7.97469,7.97595,1.00,1.00
2017.09.13 12:57:25.161,7.9748,7.97606,1.00,1.00
2017.09.13 12:57:25.212,7.97483,7.9761,1.00,1.00
2017.09.13 12:57:25.314,7.975,7.97626,1.00,1.00
2017.09.13 12:57:25.815,7.97499,7.97625,1.00,1.00
2017.09.13 12:57:26.194,7.97494,7.9762,1.00,1.00
2017.09.13 12:57:27.241,7.97489,7.97614,1.00,1.00
2017.09.13 12:57:27.747,7.97488,7.97613,1.00,1.00
2017.09.13 12:57:28.690,7.97485,7.97611,1.00,1.00
2017.09.13 12:57:30.152,7.97491,7.97616,1.00,1.00
2017.09.13 12:57:30.653,7.97499,7.97624,1.00,1.00
2017.09.13 12:57:31.015,7.97505,7.97631,1.00,1.00
2017.09.13 12:57:31.066,7.97509,7.97635,1.00,1.00
2017.09.13 12:57:31.416,7.97517,7.97643,1.00,1.00
2017.09.13 12:57:31.823,7.97516,7.97639,1.00,1.00
2017.09.13 12:57:31.875,7.97512,7.97636,1.00,1.00
2017.09.13 12:57:31.977,7.97522,7.97648,1.00,1.00
2017.09.13 12:57:32.029,7.97534,7.9766,1.00,1.00
2017.09.13 12:57:32.131,7.97542,7.97669,1.00,1.00
2017.09.13 12:57:32.632,7.97543,7.9767,1.00,1.00
2017.09.13 12:57:33.902,7.97537,7.97663,1.00,1.00
2017.09.13 12:57:34.224,7.97524,7.9765,1.00,1.00
2017.09.13 12:57:34.719,7.97518,7.97645,1.00,1.00
2017.09.13 12:57:35.432,7.97514,7.97641,1.00,1.00
2017.09.13 12:57:36.113,7.97511,7.97637,1.00,1.00
2017.09.13 12:57:36.164,7.97506,7.97633,1.00,1.00
2017.09.13 12:57:36.215,7.97511,7.97636,1.00,1.00
2017.09.13 12:57:36.266,7.97505,7.97631,1.00,1.00
2017.09.13 12:57:36.435,7.9751,7.97636,1.00,1.00
2017.09.13 12:57:36.963,7.97511,7.97637,1.00,1.00
2017.09.13 12:57:37.361,7.97506,7.97632,1.00,1.00
2017.09.13 12:57:37.690,7.97514,7.9764,1.00,1.00
2017.09.13 12:57:38.237,7.97515,7.97642,1.00,1.00
2017.09.13 12:57:40.606,7.97521,7.97648,1.00,1.00
2017.09.13 12:57:41.267,7.97517,7.97643,1.00,1.00
2017.09.13 12:57:43.549,7.97523,7.97649,1.00,1.00
2017.09.13 12:57:43.600,7.97549,7.97676,1.00,1.00
2017.09.13 12:57:43.732,7.97567,7.97693,1.00,1.00
2017.09.13 12:57:43.783,7.97578,7.97705,1.00,1.00
2017.09.13 12:57:43.885,7.97566,7.97693,1.00,1.00
2017.09.13 12:57:44.190,7.97547,7.97674,1.00,1.00
2017.09.13 12:57:44.642,7.97528,7.97652,1.00,1.00
2017.09.13 12:57:44.695,7.97523,7.97649,1.00,1.00
2017.09.13 12:57:44.847,7.97519,7.97645,1.00,1.00
2017.09.13 12:57:44.949,7.9752,7.97647,1.00,1.00
2017.09.13 12:57:46.036,7.97512,7.97639,1.00,1.00
2017.09.13 12:57:46.396,7.97523,7.9765,1.00,1.00
2017.09.13 12:57:46.752,7.97492,7.97618,1.00,1.00
2017.09.13 12:57:46.904,7.97498,7.97625,1.00,1.00
2017.09.13 12:57:47.069,7.97502,7.97629,1.00,1.00
2017.09.13 12:57:47.515,7.97496,7.97622,1.00,1.00
2017.09.13 12:57:47.962,7.97493,7.97619,1.00,1.00
2017.09.13 12:57:48.290,7.97502,7.97627,1.00,1.00
2017.09.13 12:57:48.587,7.97493,7.97619,1.00,1.00
2017.09.13 12:57:48.874,7.97504,7.97629,1.00,1.00
2017.09.13 12:57:48.925,7.975,7.97627,1.00,1.00
2017.09.13 12:57:49.178,7.97515,7.97637,1.00,1.00
2017.09.13 12:57:49.330,7.97515,7.97641,1.00,1.00
2017.09.13 12:57:49.482,7.97503,7.97629,1.00,1.00
2017.09.13 12:57:50.079,7.97506,7.97632,1.00,1.00
2017.09.13 12:57:50.213,7.97495,7.97622,1.00,1.00
2017.09.13 12:57:50.314,7.975,7.97625,1.00,1.00
2017.09.13 12:57:50.365,7.97506,7.97632,1.00,1.00
2017.09.13 12:57:50.416,7.97509,7.97636,1.00,1.00
2017.09.13 12:57:51.246,7.97501,7.97628,1.00,1.00
2017.09.13 12:57:51.650,7.97495,7.97622,1.00,1.00
2017.09.13 12:57:52.312,7.97501,7.97628,1.00,1.00
2017.09.13 12:57:52.860,7.97501,7.97627,1.00,1.00
2017.09.13 12:57:53.240,7.97498,7.97624,1.00,1.00
2017.09.13 12:57:53.832,7.97495,7.97622,1.00,1.00
2017.09.13 12:57:54.285,7.97503,7.9763,1.00,1.00
2017.09.13 12:57:54.673,7.97501,7.97627,1.00,1.00
2017.09.13 12:57:54.976,7.9749,7.97615,1.00,1.00
2017.09.13 12:57:55.651,7.97467,7.97591,1.00,1.00
2017.09.13 12:57:55.703,7.97456,7.97583,1.00,1.00
2017.09.13 12:57:55.755,7.97452,7.97577,1.00,1.00
2017.09.13 12:57:55.806,7.9744,7.97566,1.00,1.00
2017.09.13 12:57:56.061,7.97455,7.97581,1.00,1.00
2017.09.13 12:57:56.488,7.97458,7.97584,1.00,1.00
2017.09.13 12:57:56.823,7.97444,7.9757,1.00,1.00
2017.09.13 12:57:57.311,7.97455,7.97579,1.00,1.00
2017.09.13 12:57:57.362,7.97462,7.97588,1.00,1.00
2017.09.13 12:57:57.413,7.97469,7.97592,1.00,1.00
2017.09.13 12:57:57.557,7.9747,7.97596,1.00,1.00
2017.09.13 12:57:58.008,7.97473,7.976,1.00,1.00
2017.09.13 12:57:58.110,7.97481,7.97607,1.00,1.00
2017.09.13 12:57:58.430,7.97507,7.97633,1.00,1.00
2017.09.13 12:57:58.954,7.97506,7.97632,1.00,1.00
2017.09.13 12:57:59.268,7.97489,7.97616,1.00,1.00
2017.09.13 12:57:59.320,7.97479,7.97605,1.00,1.00
2017.09.13 12:58:01.242,7.97487,7.97614,1.00,1.00
2017.09.13 12:58:02.195,7.97474,7.97601,1.00,1.00
2017.09.13 12:58:02.513,7.97446,7.97572,1.00,1.00
2017.09.13 12:58:02.697,7.97439,7.97566,1.00,1.00
2017.09.13 12:58:02.749,7.97434,7.9756,1.00,1.00
2017.09.13 12:58:05.090,7.97436,7.97562,1.00,1.00
2017.09.13 12:58:05.787,7.97414,7.9754,1.00,1.00
2017.09.13 12:58:06.741,7.974,7.97527,1.00,1.00
2017.09.13 12:58:06.793,7.9739,7.97517,1.00,1.00
2017.09.13 12:58:07.105,7.97396,7.97522,1.00,1.00
2017.09.13 12:58:07.435,7.9743,7.97556,1.00,1.00
2017.09.13 12:58:07.675,7.97418,7.97545,1.00,1.00
2017.09.13 12:58:07.726,7.97428,7.97555,1.00,1.00
2017.09.13 12:58:08.393,7.97431,7.97558,1.00,1.00
2017.09.13 12:58:10.601,7.97428,7.97553,1.00,1.00
2017.09.13 12:58:12.386,7.97436,7.97563,1.00,1.00
2017.09.13 12:58:12.487,7.9744,7.97567,1.00,1.00
2017.09.13 12:58:12.913,7.97423,7.9755,1.50,1.00
2017.09.13 12:58:13.217,7.97444,7.97571,1.00,1.00
2017.09.13 12:58:17.153,7.97471,7.97597,1.00,1.00
2017.09.13 12:58:17.292,7.97475,7.97602,1.00,1.00
2017.09.13 12:58:17.344,7.97495,7.97621,1.00,1.00
2017.09.13 12:58:17.648,7.97509,7.97635,1.00,1.00
2017.09.13 12:58:18.034,7.9752,7.97646,1.00,1.00
2017.09.13 12:58:18.560,7.97526,7.97652,1.00,1.00
2017.09.13 12:58:18.973,7.97515,7.97642,1.00,1.00
2017.09.13 12:58:19.024,7.97504,7.97631,1.00,1.00
2017.09.13 12:58:19.371,7.9752,7.97646,1.00,1.00
2017.09.13 12:58:19.423,7.97523,7.9765,1.00,1.00
2017.09.13 12:58:19.909,7.97515,7.97642,1.00,1.00
2017.09.13 12:58:20.250,7.97512,7.97638,1.00,1.00
2017.09.13 12:58:21.309,7.9749,7.97617,1.00,1.00
2017.09.13 12:58:21.440,7.97484,7.97611,1.00,1.00
2017.09.13 12:58:21.744,7.97513,7.97638,1.00,1.00
2017.09.13 12:58:21.897,7.97493,7.9762,1.00,1.00
2017.09.13 12:58:22.100,7.97488,7.97614,1.00,1.00
2017.09.13 12:58:22.448,7.97499,7.97625,1.00,1.00
2017.09.13 12:58:22.499,7.97495,7.97622,1.00,1.00
2017.09.13 12:58:23.127,7.97491,7.97618,1.00,1.00
2017.09.13 12:58:23.516,7.97484,7.97611,1.00,1.00
2017.09.13 12:58:23.990,7.9748,7.97607,1.00,1.00
2017.09.13 12:58:24.404,7.97477,7.97604,1.00,1.00
2017.09.13 12:58:25.630,7.97475,7.97602,1.00,1.00
2017.09.13 12:58:27.553,7.97461,7.97588,1.00,1.00
2017.09.13 12:58:27.860,7.97443,7.9757,1.00,1.00
2017.09.13 12:58:28.164,7.97458,7.97584,1.00,1.00
2017.09.13 12:58:28.658,7.9746,7.97587,1.00,1.00
2017.09.13 12:58:29.789,7.97455,7.97582,1.00,1.00
2017.09.13 12:58:30.105,7.97459,7.97586,1.00,1.00
2017.09.13 12:58:30.509,7.97428,7.97554,1.00,1.00
2017.09.13 12:58:31.026,7.97442,7.97569,1.00,1.00
2017.09.13 12:58:34.512,7.97444,7.97569,1.00,1.00
2017.09.13 12:58:34.821,7.97423,7.97548,1.00,1.00
2017.09.13 12:58:35.133,7.9742,7.97544,1.00,1.00
2017.09.13 12:58:35.209,7.97417,7.97542,1.00,1.00
2017.09.13 12:58:35.389,7.97423,7.97549,1.00,1.00
2017.09.13 12:58:35.440,7.97419,7.97544,1.00,1.00
2017.09.13 12:58:35.592,7.97399,7.97525,1.00,1.00
2017.09.13 12:58:35.643,7.97401,7.97526,1.00,1.00
2017.09.13 12:58:35.983,7.97411,7.97536,1.00,1.00
2017.09.13 12:58:36.288,7.97419,7.97544,1.00,1.00
2017.09.13 12:58:37.164,7.97427,7.97553,1.00,1.00
2017.09.13 12:58:37.613,7.97424,7.97549,1.00,1.00
2017.09.13 12:58:38.373,7.97419,7.97544,1.00,1.00
2017.09.13 12:58:38.424,7.97409,7.97535,1.00,1.00
2017.09.13 12:58:38.475,7.97413,7.97538,1.00,1.00
2017.09.13 12:58:38.677,7.97418,7.97545,1.00,1.00
2017.09.13 12:58:40.341,7.97428,7.97555,1.00,1.00
2017.09.13 12:58:40.682,7.97442,7.97569,1.00,1.00
2017.09.13 12:58:41.354,7.97414,7.97541,1.00,1.00
2017.09.13 12:58:41.701,7.97408,7.97535,1.00,1.00
2017.09.13 12:58:43.971,7.9741,7.97536,1.00,1.00
2017.09.13 12:58:44.263,7.97423,7.9755,1.00,1.00
2017.09.13 12:58:44.314,7.97427,7.97554,1.00,1.00
2017.09.13 12:58:44.624,7.97407,7.97531,1.00,1.00
2017.09.13 12:58:45.612,7.97391,7.97517,1.00,1.00
2017.09.13 12:58:45.664,7.97389,7.97511,1.00,1.00
2017.09.13 12:58:45.715,7.9738,7.97505,1.00,1.00
2017.09.13 12:58:45.766,7.97402,7.97529,1.00,1.00
2017.09.13 12:58:45.931,7.97413,7.9754,1.00,1.00
2017.09.13 12:58:46.248,7.97407,7.97531,1.00,1.00
2017.09.13 12:58:47.127,7.97402,7.97528,1.00,1.00
2017.09.13 12:58:47.431,7.97384,7.97509,1.00,1.00
2017.09.13 12:58:47.482,7.97378,7.97505,1.00,1.00
2017.09.13 12:58:47.584,7.97387,7.97514,1.00,1.00
2017.09.13 12:58:48.189,7.97408,7.97533,1.00,1.00
2017.09.13 12:58:48.240,7.9742,7.97546,1.00,1.00
2017.09.13 12:58:48.293,7.97416,7.97541,1.00,1.00
2017.09.13 12:58:48.547,7.97425,7.97551,1.00,1.00
2017.09.13 12:58:48.949,7.97429,7.97555,1.00,1.00
2017.09.13 12:58:53.360,7.97428,7.97554,1.00,1.00
2017.09.13 12:58:55.587,7.97423,7.9755,1.00,1.00
2017.09.13 12:58:55.690,7.97416,7.97551,1.00,1.00
2017.09.13 12:58:57.152,7.97422,7.97555,1.00,1.00
2017.09.13 12:58:58.230,7.97426,7.97561,1.00,1.00
2017.09.13 12:58:58.630,7.97422,7.97557,1.00,1.00
2017.09.13 12:59:00.323,7.97417,7.97543,1.00,1.00
2017.09.13 12:59:00.589,7.97431,7.97558,1.00,1.00
2017.09.13 12:59:00.640,7.97433,7.97559,1.00,1.00
2017.09.13 12:59:00.944,7.97423,7.97549,1.00,1.00
2017.09.13 12:59:01.558,7.97422,7.97548,1.00,1.00
2017.09.13 12:59:03.445,7.97415,7.97541,1.00,1.00
2017.09.13 12:59:04.288,7.97411,7.97537,1.00,1.00
2017.09.13 12:59:05.228,7.9741,7.97536,1.00,1.00
2017.09.13 12:59:05.532,7.97371,7.97497,1.00,1.00
2017.09.13 12:59:06.393,7.97368,7.97495,1.00,1.00
2017.09.13 12:59:06.495,7.97374,7.975,1.00,1.00
2017.09.13 12:59:07.045,7.97374,7.97501,1.00,1.00
2017.09.13 12:59:08.132,7.9737,7.97497,1.00,1.00
2017.09.13 12:59:10.721,7.97377,7.97502,1.00,1.00
2017.09.13 12:59:13.071,7.97367,7.97494,1.00,1.00
2017.09.13 12:59:13.123,7.97363,7.9749,1.00,1.00
2017.09.13 12:59:13.436,7.9737,7.97496,1.00,1.00
2017.09.13 12:59:13.875,7.97361,7.97488,1.00,1.00
2017.09.13 12:59:14.673,7.97342,7.97468,1.00,1.00
2017.09.13 12:59:15.004,7.97338,7.97464,1.00,1.00
2017.09.13 12:59:16.262,7.97342,7.97468,1.00,1.00
2017.09.13 12:59:17.407,7.97342,7.97467,1.00,1.00
2017.09.13 12:59:18.874,7.97324,7.97441,1.00,1.00
2017.09.13 12:59:19.027,7.97295,7.97419,1.00,1.00
2017.09.13 12:59:19.077,7.97295,7.9741,1.00,1.00
2017.09.13 12:59:19.229,7.97275,7.974,1.00,1.00
2017.09.13 12:59:20.030,7.97284,7.97409,1.00,1.00
2017.09.13 12:59:20.235,7.97299,7.97425,1.00,1.00
2017.09.13 12:59:20.287,7.97307,7.97433,1.00,1.00
2017.09.13 12:59:20.593,7.97314,7.97439,1.00,1.00
2017.09.13 12:59:21.250,7.97316,7.97441,1.00,1.00
2017.09.13 12:59:21.403,7.97313,7.97439,1.00,1.00
2017.09.13 12:59:21.562,7.973,7.97424,1.00,1.00
2017.09.13 12:59:21.823,7.97309,7.97434,1.00,1.00
2017.09.13 12:59:21.874,7.97312,7.97437,1.00,1.00
2017.09.13 12:59:22.026,7.97315,7.97441,1.00,1.00
2017.09.13 12:59:22.518,7.97301,7.97426,1.00,1.00
2017.09.13 12:59:22.944,7.97297,7.97422,1.00,1.00
2017.09.13 12:59:23.147,7.97314,7.9744,1.00,1.00
2017.09.13 12:59:23.299,7.973,7.97425,1.00,1.00
2017.09.13 12:59:23.633,7.97286,7.97404,1.00,1.00
2017.09.13 12:59:23.684,7.97286,7.97408,1.00,1.00
2017.09.13 12:59:23.735,7.97283,7.97408,1.00,1.00
2017.09.13 12:59:24.642,7.9728,7.97405,1.00,1.00
2017.09.13 12:59:25.096,7.97284,7.97407,1.00,1.00
2017.09.13 12:59:25.751,7.97283,7.97409,1.00,1.00
2017.09.13 12:59:26.384,7.9727,7.97395,1.00,1.00
2017.09.13 12:59:27.201,7.97277,7.97403,1.00,1.00
2017.09.13 12:59:27.253,7.973,7.97425,1.00,1.00
2017.09.13 12:59:27.604,7.97317,7.97442,1.00,1.00
2017.09.13 12:59:28.187,7.97314,7.97437,1.00,1.00
2017.09.13 12:59:28.946,7.97313,7.97436,1.00,1.00
2017.09.13 12:59:29.317,7.97306,7.97428,1.00,1.00
2017.09.13 12:59:29.622,7.97271,7.97374,1.00,1.00
2017.09.13 12:59:29.673,7.97252,7.97374,1.00,1.00
2017.09.13 12:59:30.078,7.97252,7.97377,1.50,1.00
2017.09.13 12:59:30.437,7.97252,7.97374,1.00,1.00
2017.09.13 12:59:30.945,7.97251,7.97374,1.00,1.00
2017.09.13 12:59:31.543,7.97249,7.97374,1.50,1.00
2017.09.13 12:59:31.872,7.97251,7.97374,1.00,1.00
2017.09.13 12:59:32.589,7.97261,7.97386,1.00,1.00
2017.09.13 12:59:32.640,7.97276,7.97402,1.00,1.00
2017.09.13 12:59:32.691,7.97286,7.97411,1.00,1.00
2017.09.13 12:59:32.742,7.97299,7.97425,1.00,1.00
2017.09.13 12:59:32.894,7.97308,7.97433,1.00,1.00
2017.09.13 12:59:33.211,7.97305,7.9743,1.00,1.00
2017.09.13 12:59:33.417,7.97317,7.97443,1.00,1.00
2017.09.13 12:59:33.953,7.97317,7.97444,1.00,1.00
2017.09.13 12:59:34.452,7.97322,7.97449,1.00,1.00
2017.09.13 12:59:34.810,7.97317,7.97444,1.00,1.00
2017.09.13 12:59:35.129,7.97349,7.97476,1.00,1.00
2017.09.13 12:59:35.432,7.97361,7.97487,1.00,1.00
2017.09.13 12:59:35.755,7.97354,7.9748,1.00,1.00
2017.09.13 12:59:35.880,7.97357,7.97484,1.00,1.00
2017.09.13 12:59:37.269,7.97347,7.97473,1.00,1.00
2017.09.13 12:59:37.320,7.97343,7.9747,1.00,1.00
2017.09.13 12:59:37.372,7.97353,7.97479,1.00,1.00
2017.09.13 12:59:37.423,7.97356,7.97483,1.00,1.00
2017.09.13 12:59:38.450,7.97357,7.97483,1.00,1.00
2017.09.13 12:59:39.806,7.97351,7.97475,1.00,1.00
2017.09.13 12:59:40.073,7.97346,7.97473,1.00,1.00
2017.09.13 12:59:40.124,7.97341,7.97468,1.00,1.00
2017.09.13 12:59:40.430,7.97325,7.97452,1.00,1.00
2017.09.13 12:59:40.780,7.97322,7.97448,1.00,1.00
2017.09.13 12:59:41.182,7.9733,7.97456,1.00,1.00
2017.09.13 12:59:41.993,7.97334,7.97461,1.00,1.00
2017.09.13 12:59:42.293,7.9733,7.97456,1.00,1.00
2017.09.13 12:59:42.394,7.97324,7.97451,1.00,1.00
2017.09.13 12:59:42.496,7.97319,7.97445,1.00,1.00
2017.09.13 12:59:42.800,7.97313,7.97439,1.00,1.00
2017.09.13 12:59:43.187,7.97322,7.97448,1.00,1.00
2017.09.13 12:59:43.491,7.9734,7.97466,1.00,1.00
2017.09.13 12:59:44.368,7.97337,7.97463,1.00,1.00
2017.09.13 12:59:44.678,7.97341,7.97468,1.00,1.00
2017.09.13 12:59:44.729,7.97367,7.97494,1.00,1.00
2017.09.13 12:59:45.093,7.97373,7.97499,1.00,1.00
2017.09.13 12:59:45.145,7.97381,7.97508,1.00,1.00
2017.09.13 12:59:45.197,7.97375,7.97502,1.00,1.00
2017.09.13 12:59:45.509,7.97385,7.97511,1.00,1.00
2017.09.13 12:59:45.663,7.97375,7.97502,1.00,1.00
2017.09.13 12:59:46.143,7.97383,7.97509,1.00,1.00
2017.09.13 12:59:46.770,7.97388,7.97515,1.00,1.00
2017.09.13 12:59:46.822,7.97385,7.97511,1.00,1.00
2017.09.13 12:59:47.107,7.97382,7.97509,1.00,1.00
2017.09.13 12:59:47.226,7.97377,7.97503,1.00,1.00
2017.09.13 12:59:47.617,7.97365,7.97489,1.00,1.00
2017.09.13 12:59:48.520,7.97374,7.97498,1.00,1.00
2017.09.13 12:59:48.571,7.97377,7.97503,1.00,1.00
2017.09.13 12:59:48.622,7.97373,7.97499,1.00,1.00
2017.09.13 12:59:48.673,7.9737,7.97497,1.00,1.00
2017.09.13 12:59:49.643,7.97372,7.97496,1.00,1.00
2017.09.13 12:59:49.745,7.97379,7.97504,1.00,1.00
2017.09.13 12:59:49.804,7.97365,7.975,1.00,1.00
2017.09.13 12:59:50.141,7.97342,7.97475,1.00,1.00
2017.09.13 12:59:50.280,7.97334,7.97473,1.00,1.00
2017.09.13 12:59:50.339,7.97312,7.97447,1.00,1.00
2017.09.13 12:59:50.644,7.97328,7.97463,1.00,1.00
2017.09.13 12:59:52.181,7.97342,7.97468,1.00,1.00
2017.09.13 12:59:52.721,7.97361,7.97487,1.00,1.00
2017.09.13 12:59:53.037,7.9737,7.97496,1.00,1.00
2017.09.13 12:59:53.480,7.97372,7.97498,1.00,1.00
2017.09.13 12:59:53.622,7.97373,7.97501,1.00,1.00
2017.09.13 12:59:53.754,7.97393,7.9752,1.00,1.00
2017.09.13 12:59:54.636,7.97389,7.97515,1.00,1.00
2017.09.13 12:59:54.991,7.97386,7.97512,1.00,1.00
2017.09.13 12:59:55.093,7.97381,7.97508,1.00,1.00
2017.09.13 12:59:55.194,7.97374,7.975,1.00,1.00
2017.09.13 12:59:55.810,7.97372,7.97498,1.00,1.00
2017.09.13 12:59:56.833,7.97389,7.97513,1.00,1.00
2017.09.13 12:59:56.935,7.97397,7.97524,1.00,1.00
2017.09.13 12:59:56.987,7.97404,7.97529,1.00,1.00
2017.09.13 12:59:57.226,7.97407,7.97533,1.00,1.00
2017.09.13 12:59:57.388,7.97404,7.97529,1.00,1.00
2017.09.13 12:59:57.901,7.97402,7.97528,1.00,1.00
2017.09.13 12:59:58.067,7.97405,7.97532,1.00,1.00
