2011.04.12 06:00:00.137,6.29296,6.29713,1.08,2.68
2011.04.12 06:00:00.527,6.29326,6.29742,1.08,1.62
2011.04.12 06:00:00.922,6.29326,6.29742,1.08,3.12
2011.04.12 06:00:01.917,6.29326,6.29609,1.08,1.11
2011.04.12 06:00:02.248,6.29336,6.29615,1.08,1.13
2011.04.12 06:00:02.468,6.29377,6.29635,1.08,1.15
2011.04.12 06:00:02.578,6.29377,6.29657,1.08,1.42
2011.04.12 06:00:03.127,6.29366,6.29626,1.08,1.08
2011.04.12 06:00:03.351,6.29403,6.29666,1.08,1.20
2011.04.12 06:00:03.578,6.29403,6.29669,1.08,1.51
2011.04.12 06:00:05.530,6.29403,6.29661,1.08,1.06
2011.04.12 06:00:08.053,6.29406,6.29673,1.08,1.38
2011.04.12 06:00:10.017,6.29397,6.29664,1.08,1.44
2011.04.12 06:00:14.867,6.29465,6.29657,1.08,1.31
2011.04.12 06:00:15.197,6.29455,6.29678,1.08,1.42
2011.04.12 06:00:16.627,6.29475,6.29654,1.08,1.68
2011.04.12 06:00:16.847,6.29501,6.29666,1.08,1.20
2011.04.12 06:00:17.586,6.29501,6.29676,1.08,1.38
2011.04.12 06:00:18.782,6.29501,6.29676,1.08,1.38
2011.04.12 06:00:18.897,6.29501,6.2968,1.08,1.15
2011.04.12 06:00:19.008,6.29501,6.29693,1.08,1.25
2011.04.12 06:00:19.557,6.29527,6.29703,1.08,1.44
2011.04.12 06:00:19.778,6.29527,6.29703,1.08,1.44
2011.04.12 06:00:19.887,6.29527,6.29688,1.08,1.49
2011.04.12 06:00:20.218,6.29505,6.29674,1.08,1.40
2011.04.12 06:00:20.327,6.29505,6.29671,1.08,1.35
2011.04.12 06:00:22.377,6.2949,6.29669,1.08,1.32
2011.04.12 06:00:22.489,6.29527,6.29674,1.08,1.24
2011.04.12 06:00:22.916,6.29589,6.29835,1.50,1.09
2011.04.12 06:00:23.034,6.29463,6.29675,1.08,1.26
2011.04.12 06:00:23.258,6.29468,6.2968,1.08,1.51
2011.04.12 06:00:23.367,6.29468,6.2968,1.08,1.04
2011.04.12 06:00:23.609,6.29482,6.2968,1.08,1.04
2011.04.12 06:00:23.938,6.29528,6.2972,1.08,1.33
2011.04.12 06:00:25.428,6.29548,6.29713,1.08,1.06
2011.04.12 06:00:25.648,6.29554,6.29739,1.08,1.47
2011.04.12 06:00:25.977,6.29548,6.29727,1.08,1.51
2011.04.12 06:00:26.089,6.29548,6.29725,1.08,1.51
2011.04.12 06:00:26.198,6.29548,6.29717,1.08,1.08
2011.04.12 06:00:26.308,6.29546,6.29717,1.08,1.08
2011.04.12 06:00:26.419,6.29547,6.29715,1.08,1.38
2011.04.12 06:00:26.748,6.29539,6.29706,1.08,1.13
2011.04.12 06:00:27.076,6.29528,6.29699,1.08,1.11
2011.04.12 06:00:27.610,6.29515,6.29686,1.50,1.08
2011.04.12 06:00:27.717,6.29513,6.29686,1.50,1.08
2011.04.12 06:00:27.826,6.29497,6.29686,1.08,1.08
2011.04.12 06:00:29.947,6.29513,6.29686,1.08,1.08
2011.04.12 06:00:30.057,6.29527,6.29709,1.08,1.45
2011.04.12 06:00:30.166,6.29529,6.29709,1.50,1.02
2011.04.12 06:00:30.276,6.29529,6.29734,1.50,1.38
2011.04.12 06:00:30.387,6.29529,6.29717,1.50,1.15
2011.04.12 06:00:30.716,6.29529,6.29719,1.50,1.15
2011.04.12 06:00:32.159,6.29547,6.29743,1.08,1.40
2011.04.12 06:00:32.487,6.29547,6.29744,1.08,1.24
2011.04.12 06:00:33.687,6.29547,6.29698,1.08,1.06
2011.04.12 06:00:33.892,6.29547,6.29736,1.08,1.22
2011.04.12 06:00:35.067,6.29568,6.29666,1.08,1.22
2011.04.12 06:00:35.177,6.29543,6.29671,1.08,1.38
2011.04.12 06:00:50.977,6.2954,6.29709,1.50,1.17
2011.04.12 06:00:51.197,6.29616,6.29709,1.50,1.17
2011.04.12 06:00:51.307,6.29616,6.29719,1.50,1.29
2011.04.12 06:00:51.419,6.29606,6.29798,1.50,1.40
2011.04.12 06:00:52.627,6.29606,6.29811,1.50,1.08
2011.04.12 06:00:54.178,6.29618,6.29811,1.50,1.08
2011.04.12 06:00:54.713,6.29618,6.29815,1.50,1.23
2011.04.12 06:00:55.247,6.29618,6.2978,1.50,1.29
2011.04.12 06:00:55.720,6.29618,6.29767,1.50,1.13
2011.04.12 06:00:56.235,6.29618,6.29768,1.50,1.15
2011.04.12 06:00:57.887,6.29608,6.29768,1.50,1.15
2011.04.12 06:00:58.438,6.29608,6.29779,1.50,1.24
2011.04.12 06:00:58.657,6.29608,6.2977,1.50,1.06
2011.04.12 06:00:59.268,6.29617,6.29779,1.50,1.49
2011.04.12 06:00:59.487,6.29617,6.29788,1.50,1.51
2011.04.12 06:00:59.949,6.29617,6.29788,1.50,1.17
2011.04.12 06:01:00.058,6.29646,6.29788,1.50,1.17
2011.04.12 06:01:00.168,6.29646,6.29809,1.50,1.40
2011.04.12 06:01:03.667,6.29656,6.29809,1.50,1.40
2011.04.12 06:01:03.892,6.29656,6.29805,1.50,1.11
2011.04.12 06:01:06.308,6.29656,6.29817,1.50,1.20
2011.04.12 06:01:06.417,6.29656,6.29817,1.50,1.20
2011.04.12 06:01:06.858,6.29647,6.29893,1.50,1.62
2011.04.12 06:01:06.967,6.29623,6.29852,1.50,1.62
2011.04.12 06:01:07.352,6.29623,6.29775,1.50,1.04
2011.04.12 06:01:07.687,6.29656,6.29791,1.50,1.20
2011.04.12 06:01:07.908,6.29656,6.29801,1.50,1.33
2011.04.12 06:01:08.129,6.29647,6.29801,1.50,1.33
2011.04.12 06:01:08.237,6.29647,6.29791,1.50,1.20
2011.04.12 06:01:08.567,6.29617,6.29763,1.50,1.02
2011.04.12 06:01:10.817,6.29617,6.29743,1.50,1.02
2011.04.12 06:01:11.857,6.29617,6.29752,1.50,1.56
2011.04.12 06:01:13.139,6.29677,6.29803,1.50,1.06
2011.04.12 06:01:13.248,6.29677,6.29813,1.50,1.20
2011.04.12 06:01:14.256,6.297,6.29813,1.08,1.20
2011.04.12 06:01:14.477,6.29717,6.29992,2.58,1.06
2011.04.12 06:01:14.698,6.29717,6.30011,2.58,1.26
2011.04.12 06:01:14.807,6.29717,6.29994,2.58,1.24
2011.04.12 06:01:18.187,6.29748,6.29974,1.08,1.24
2011.04.12 06:01:18.797,6.29748,6.29949,1.08,1.17
2011.04.12 06:01:19.017,6.29748,6.29972,1.08,1.38
2011.04.12 06:01:19.208,6.29748,6.29972,1.08,1.38
2011.04.12 06:01:20.238,6.29748,6.29972,1.08,1.38
2011.04.12 06:01:20.349,6.29737,6.29959,1.08,1.44
2011.04.12 06:01:20.568,6.29718,6.29961,1.08,1.06
2011.04.12 06:01:20.835,6.29718,6.29918,1.08,1.38
2011.04.12 06:01:20.950,6.29718,6.29953,1.08,1.02
2011.04.12 06:01:21.300,6.29708,6.29906,1.08,1.11
2011.04.12 06:01:21.724,6.29708,6.29907,1.08,1.62
2011.04.12 06:01:24.256,6.29708,6.29907,1.08,1.62
2011.04.12 06:01:24.586,6.29721,6.29925,1.50,1.42
2011.04.12 06:01:26.768,6.29722,6.29896,1.50,1.11
2011.04.12 06:01:26.987,6.29708,6.29881,1.08,1.13
2011.04.12 06:01:27.537,6.29708,6.29881,1.08,1.13
2011.04.12 06:01:28.350,6.29708,6.29881,1.08,1.13
2011.04.12 06:01:29.347,6.29755,6.29881,1.50,1.13
2011.04.12 06:01:29.457,6.29755,6.30002,1.50,1.62
2011.04.12 06:01:29.568,6.29754,6.29928,1.50,1.06
2011.04.12 06:01:29.677,6.29754,6.29965,1.50,1.38
2011.04.12 06:01:32.437,6.29754,6.29914,1.50,1.17
2011.04.12 06:01:32.547,6.29754,6.29941,1.50,1.29
2011.04.12 06:01:35.928,6.29754,6.29915,1.50,1.02
2011.04.12 06:01:36.039,6.29754,6.2995,1.50,1.49
2011.04.12 06:01:36.148,6.29742,6.29946,1.50,1.41
2011.04.12 06:01:36.367,6.29746,6.29913,1.50,1.24
2011.04.12 06:01:36.477,6.29746,6.29954,1.50,1.42
2011.04.12 06:01:36.588,6.29756,6.29954,1.50,1.42
2011.04.12 06:01:38.717,6.2979,6.2995,1.50,1.08
2011.04.12 06:01:39.047,6.29815,6.2995,1.50,1.20
2011.04.12 06:01:46.100,6.29789,6.29965,1.50,1.06
2011.04.12 06:01:46.207,6.29779,6.29965,1.50,1.06
2011.04.12 06:01:47.210,6.2978,6.29966,1.50,1.26
2011.04.12 06:01:49.636,6.29779,6.2993,1.50,1.13
2011.04.12 06:01:51.679,6.29803,6.2993,1.50,1.13
2011.04.12 06:01:51.788,6.29815,6.29944,1.50,1.22
2011.04.12 06:01:52.307,6.29818,6.29944,1.50,1.22
2011.04.12 06:01:52.859,6.29815,6.29944,1.50,1.22
2011.04.12 06:01:57.038,6.29815,6.29932,1.50,1.06
2011.04.12 06:01:57.146,6.29782,6.29932,1.50,1.06
2011.04.12 06:01:59.087,6.29807,6.29954,1.50,1.49
2011.04.12 06:01:59.197,6.29814,6.29954,1.50,1.49
2011.04.12 06:02:02.847,6.29815,6.29954,1.50,1.49
2011.04.12 06:02:03.498,6.29815,6.29954,1.50,1.49
2011.04.12 06:02:03.718,6.29798,6.29954,1.50,1.49
2011.04.12 06:02:03.827,6.29798,6.29892,1.50,1.31
2011.04.12 06:02:04.588,6.29798,6.29891,1.50,1.31
2011.04.12 06:02:04.807,6.29798,6.29893,1.50,1.51
2011.04.12 06:02:04.917,6.29805,6.29893,1.50,1.51
2011.04.12 06:02:05.667,6.29805,6.29903,1.50,1.44
2011.04.12 06:02:05.778,6.29805,6.29898,1.50,1.17
2011.04.12 06:02:06.438,6.29837,6.29914,1.50,1.31
2011.04.12 06:02:06.659,6.29837,6.29932,1.50,1.60
2011.04.12 06:02:06.768,6.29837,6.29974,1.50,1.26
2011.04.12 06:02:06.879,6.29837,6.3001,1.50,1.17
2011.04.12 06:02:07.097,6.29854,6.3001,1.50,1.17
2011.04.12 06:02:07.317,6.29854,6.29993,1.50,1.17
2011.04.12 06:02:07.429,6.29858,6.29993,1.50,1.20
2011.04.12 06:02:07.538,6.29858,6.30026,1.50,1.29
2011.04.12 06:02:07.759,6.29863,6.29996,1.50,1.20
2011.04.12 06:02:08.941,6.29885,6.29993,1.50,1.26
2011.04.12 06:02:09.160,6.29758,6.30036,3.00,1.03
2011.04.12 06:02:09.267,6.29745,6.30036,1.50,1.03
2011.04.12 06:02:09.376,6.29744,6.30036,1.50,1.03
2011.04.12 06:02:09.597,6.29748,6.30036,1.08,1.03
2011.04.12 06:02:10.148,6.29777,6.30036,1.08,1.03
2011.04.12 06:02:10.367,6.29797,6.30036,1.08,1.03
2011.04.12 06:02:11.357,6.29815,6.3008,1.08,1.47
2011.04.12 06:02:11.579,6.29833,6.30093,1.68,1.19
2011.04.12 06:02:11.928,6.29908,6.30122,1.08,1.62
2011.04.12 06:02:12.147,6.29908,6.30122,1.08,1.62
2011.04.12 06:02:12.256,6.29972,6.30151,1.08,1.19
2011.04.12 06:02:12.586,6.3006,6.30264,1.50,1.62
2011.04.12 06:02:12.807,6.30063,6.30306,1.50,1.62
2011.04.12 06:02:13.308,6.29991,6.30272,1.50,1.62
2011.04.12 06:02:13.410,6.29967,6.30219,1.50,1.62
2011.04.12 06:02:13.628,6.29874,6.30112,1.50,1.47
2011.04.12 06:02:13.849,6.29792,6.30104,1.50,1.62
2011.04.12 06:02:13.958,6.29792,6.30104,1.50,1.62
2011.04.12 06:02:14.250,6.29775,6.30042,1.50,1.19
2011.04.12 06:02:15.239,6.29822,6.30049,1.50,1.19
2011.04.12 06:02:16.356,6.29857,6.30062,1.08,1.19
2011.04.12 06:02:16.576,6.29913,6.3014,1.50,1.62
2011.04.12 06:02:19.637,6.29954,6.30183,1.50,1.62
2011.04.12 06:02:19.747,6.29954,6.30183,1.50,1.62
2011.04.12 06:02:20.187,6.29898,6.30124,2.25,1.62
2011.04.12 06:02:20.406,6.29907,6.30124,1.50,1.62
2011.04.12 06:02:20.517,6.29917,6.30146,1.50,1.62
2011.04.12 06:02:20.847,6.29905,6.30129,1.50,1.62
2011.04.12 06:02:21.177,6.29906,6.30129,1.50,1.62
2011.04.12 06:02:21.397,6.29891,6.30129,1.50,1.62
2011.04.12 06:02:21.946,6.29898,6.30127,1.50,1.62
2011.04.12 06:02:23.099,6.29928,6.3014,1.50,1.62
2011.04.12 06:02:23.208,6.29937,6.30156,1.50,1.62
2011.04.12 06:02:23.317,6.29937,6.30156,1.50,1.62
2011.04.12 06:02:23.428,6.29948,6.30173,1.50,1.62
2011.04.12 06:02:25.538,6.29978,6.30183,1.50,1.62
2011.04.12 06:02:25.649,6.29978,6.30193,1.50,1.62
2011.04.12 06:02:25.757,6.2998,6.30193,1.50,1.62
2011.04.12 06:02:26.086,6.29992,6.30219,1.50,1.62
2011.04.12 06:02:28.597,6.30048,6.3026,1.08,1.19
2011.04.12 06:02:28.817,6.3005,6.30279,1.50,1.62
2011.04.12 06:02:30.746,6.30048,6.3026,1.08,1.19
2011.04.12 06:02:31.078,6.30007,6.30232,1.08,1.19
2011.04.12 06:02:33.467,6.30007,6.30232,1.08,1.19
2011.04.12 06:02:40.718,6.30037,6.30264,1.50,1.62
2011.04.12 06:02:41.729,6.30037,6.30264,1.50,1.62
2011.04.12 06:02:41.840,6.30061,6.30264,1.50,1.62
2011.04.12 06:02:42.276,6.3007,6.30286,1.08,1.19
2011.04.12 06:02:42.717,6.30077,6.3029,1.08,1.19
2011.04.12 06:02:42.937,6.30082,6.30306,1.50,1.62
2011.04.12 06:02:43.376,6.30077,6.30306,1.83,1.62
2011.04.12 06:02:45.519,6.30091,6.30293,1.50,1.18
2011.04.12 06:02:45.628,6.30077,6.30286,1.08,1.19
2011.04.12 06:02:46.030,6.30077,6.30287,1.08,1.19
2011.04.12 06:02:46.357,6.30078,6.30305,1.50,1.62
2011.04.12 06:02:57.537,6.30077,6.30287,1.08,1.19
2011.04.12 06:02:59.007,6.30056,6.30285,1.50,1.62
2011.04.12 06:02:59.117,6.30056,6.30283,1.50,1.62
2011.04.12 06:03:03.667,6.30028,6.30225,1.50,1.18
2011.04.12 06:03:03.886,6.30028,6.30227,1.50,1.18
2011.04.12 06:03:04.107,6.30042,6.30269,1.35,2.22
2011.04.12 06:03:04.656,6.30054,6.30269,1.50,1.47
2011.04.12 06:03:05.896,6.30054,6.30269,1.50,1.47
2011.04.12 06:03:09.369,6.30087,6.30278,1.35,1.19
2011.04.12 06:03:09.478,6.30088,6.30278,1.50,1.19
2011.04.12 06:03:09.808,6.30098,6.30314,1.50,1.47
2011.04.12 06:03:10.367,6.3009,6.30286,1.50,1.18
2011.04.12 06:03:10.696,6.3007,6.30276,1.50,1.62
2011.04.12 06:03:17.759,6.30091,6.30293,1.35,1.62
2011.04.12 06:03:17.980,6.30111,6.30315,1.35,1.62
2011.04.12 06:03:18.627,6.30126,6.30327,1.35,1.62
2011.04.12 06:03:19.896,6.30126,6.30326,1.35,1.62
2011.04.12 06:03:28.607,6.30127,6.30333,1.50,1.62
2011.04.12 06:03:28.938,6.30095,6.30177,1.50,2.10
2011.04.12 06:03:29.157,6.29843,6.30313,1.50,1.50
2011.04.12 06:03:29.267,6.29843,6.3018,1.50,2.10
2011.04.12 06:03:29.618,6.29873,6.3018,1.50,2.10
2011.04.12 06:03:30.167,6.29908,6.30122,1.08,1.03
2011.04.12 06:03:31.317,6.29929,6.30233,1.35,1.18
2011.04.12 06:03:31.427,6.29929,6.30233,1.68,1.18
2011.04.12 06:03:31.537,6.29929,6.30336,1.08,1.18
2011.04.12 06:03:31.733,6.29938,6.30336,1.08,1.18
2011.04.12 06:03:32.769,6.29949,6.30313,1.50,1.18
2011.04.12 06:03:36.267,6.29979,6.30319,1.50,1.03
2011.04.12 06:03:36.487,6.30009,6.30346,1.50,1.62
2011.04.12 06:03:37.037,6.30009,6.30333,1.50,1.62
2011.04.12 06:03:37.257,6.29989,6.30322,1.50,1.62
2011.04.12 06:03:37.585,6.30008,6.30322,1.08,1.62
2011.04.12 06:03:38.076,6.30013,6.30321,1.50,1.62
2011.04.12 06:03:39.251,6.30024,6.30322,1.50,1.62
2011.04.12 06:03:41.006,6.30025,6.30312,1.50,1.62
2011.04.12 06:03:43.237,6.30011,6.30299,1.50,1.62
2011.04.12 06:03:44.116,6.30011,6.30236,1.50,1.62
2011.04.12 06:03:47.605,6.30011,6.30236,1.50,1.62
2011.04.12 06:03:48.787,6.29999,6.30226,1.50,1.62
2011.04.12 06:03:48.897,6.29999,6.30226,1.50,1.62
2011.04.12 06:03:49.010,6.29974,6.30201,1.50,1.62
2011.04.12 06:03:49.117,6.29974,6.30201,1.50,1.62
2011.04.12 06:03:49.558,6.29938,6.30167,1.50,1.62
2011.04.12 06:03:49.918,6.29938,6.30167,1.50,1.62
2011.04.12 06:03:50.136,6.29927,6.30156,1.50,1.62
2011.04.12 06:03:55.117,6.29936,6.30163,1.50,1.62
2011.04.12 06:03:55.647,6.29925,6.30154,1.50,1.62
2011.04.12 06:03:57.978,6.29925,6.30154,1.50,1.62
2011.04.12 06:03:58.088,6.29915,6.30154,1.50,1.62
2011.04.12 06:03:58.196,6.29891,6.30128,1.50,1.62
2011.04.12 06:03:58.306,6.29891,6.30128,1.50,1.62
2011.04.12 06:04:00.386,6.29891,6.30128,1.50,1.62
2011.04.12 06:04:00.607,6.29899,6.30128,1.50,1.62
2011.04.12 06:04:04.588,6.29889,6.30116,1.50,1.62
2011.04.12 06:04:07.266,6.29889,6.30116,1.50,1.62
2011.04.12 06:04:08.258,6.29889,6.30116,1.50,1.62
2011.04.12 06:04:09.156,6.29897,6.30126,1.50,1.62
2011.04.12 06:04:10.227,6.29907,6.30136,1.50,1.62
2011.04.12 06:04:12.217,6.29907,6.30136,1.50,1.62
2011.04.12 06:04:12.768,6.29918,6.30147,1.83,1.62
2011.04.12 06:04:12.986,6.29918,6.30147,1.83,1.62
2011.04.12 06:04:14.697,6.29921,6.30148,1.50,1.62
2011.04.12 06:04:15.698,6.29945,6.30174,1.50,1.62
2011.04.12 06:04:16.026,6.29947,6.30174,1.50,1.62
2011.04.12 06:04:16.356,6.29957,6.30184,1.50,1.62
2011.04.12 06:04:17.366,6.29948,6.30175,1.50,1.62
2011.04.12 06:04:18.349,6.2992,6.30164,1.50,1.62
2011.04.12 06:04:19.307,6.2992,6.30164,1.50,1.62
2011.04.12 06:04:19.635,6.29934,6.30161,1.50,1.62
2011.04.12 06:04:19.747,6.29922,6.30162,1.50,1.62
2011.04.12 06:04:20.187,6.29923,6.3015,1.50,1.62
2011.04.12 06:04:25.788,6.29946,6.30187,1.50,1.62
2011.04.12 06:04:25.898,6.29958,6.30187,1.08,1.62
2011.04.12 06:04:26.007,6.29971,6.30216,1.50,1.62
2011.04.12 06:04:26.336,6.29988,6.30216,1.08,1.62
2011.04.12 06:04:26.667,6.30001,6.30216,1.08,1.19
2011.04.12 06:04:26.997,6.30012,6.30241,1.50,1.62
2011.04.12 06:04:27.548,6.30032,6.30261,1.50,1.62
2011.04.12 06:04:27.987,6.30033,6.30273,1.50,1.62
2011.04.12 06:04:28.207,6.30056,6.30283,1.50,1.62
2011.04.12 06:04:28.537,6.30025,6.30254,1.50,1.18
2011.04.12 06:04:28.647,6.30025,6.30254,1.50,1.62
2011.04.12 06:04:36.248,6.30044,6.30285,1.50,1.62
2011.04.12 06:04:36.468,6.30064,6.30293,1.50,1.62
2011.04.12 06:04:37.017,6.30064,6.30303,1.50,1.62
2011.04.12 06:04:38.336,6.30054,6.30294,1.50,1.62
2011.04.12 06:04:38.447,6.30054,6.30294,1.50,1.62
2011.04.12 06:04:38.556,6.30054,6.30294,1.50,1.62
2011.04.12 06:04:42.808,6.30055,6.30282,1.50,1.62
2011.04.12 06:04:49.597,6.30056,6.30285,1.50,1.62
2011.04.12 06:04:54.397,6.30046,6.30273,1.50,1.62
2011.04.12 06:04:56.308,6.30021,6.30263,1.50,1.62
2011.04.12 06:04:56.966,6.30027,6.30248,1.50,1.62
2011.04.12 06:04:57.956,6.30041,6.30268,1.50,1.62
2011.04.12 06:05:00.256,6.30032,6.30261,1.50,1.62
2011.04.12 06:05:04.958,6.29999,6.30239,1.50,1.62
2011.04.12 06:05:05.667,6.29999,6.30224,1.50,1.62
2011.04.12 06:05:08.337,6.2999,6.30224,1.50,1.62
2011.04.12 06:05:13.728,6.2999,6.30224,1.50,1.62
2011.04.12 06:05:14.276,6.30011,6.30248,1.50,1.62
2011.04.12 06:05:15.088,6.30028,6.30248,1.08,1.19
2011.04.12 06:05:15.197,6.30028,6.30248,1.08,1.19
2011.04.12 06:05:18.867,6.30022,6.30227,1.08,1.19
2011.04.12 06:05:22.747,6.30011,6.30214,1.08,1.19
2011.04.12 06:05:25.026,6.30018,6.30222,1.08,1.19
2011.04.12 06:05:26.928,6.30027,6.3024,1.08,1.19
2011.04.12 06:05:27.367,6.30027,6.3023,1.08,1.19
2011.04.12 06:05:29.281,6.30028,6.3023,1.08,1.19
2011.04.12 06:05:29.498,6.30028,6.3024,1.08,1.19
2011.04.12 06:05:29.936,6.30028,6.30229,1.08,1.19
2011.04.12 06:05:38.907,6.30016,6.30229,1.08,1.19
2011.04.12 06:05:39.788,6.30004,6.30219,1.08,1.19
2011.04.12 06:05:39.897,6.2998,6.30209,1.50,1.62
2011.04.12 06:05:40.226,6.29971,6.30209,1.50,1.62
2011.04.12 06:05:41.548,6.30005,6.3021,1.08,1.19
2011.04.12 06:05:44.548,6.29981,6.3021,1.50,1.62
2011.04.12 06:05:44.981,6.29918,6.30132,1.08,1.19
2011.04.12 06:05:45.099,6.29903,6.30132,1.50,1.62
2011.04.12 06:05:45.209,6.29877,6.30094,1.08,1.19
2011.04.12 06:05:59.977,6.29877,6.30094,1.08,1.19
2011.04.12 06:06:01.988,6.29877,6.30104,1.08,1.62
2011.04.12 06:06:02.537,6.29877,6.30091,1.08,1.19
2011.04.12 06:06:03.099,6.29877,6.30091,1.08,1.19
2011.04.12 06:06:03.537,6.29877,6.30084,1.08,1.19
2011.04.12 06:06:04.858,6.29846,6.3005,1.08,1.19
2011.04.12 06:06:04.971,6.29838,6.3005,1.08,1.19
2011.04.12 06:06:05.431,6.29827,6.3003,1.08,1.19
2011.04.12 06:06:05.541,6.29791,6.30031,1.50,1.62
2011.04.12 06:06:05.976,6.29787,6.30009,1.08,1.19
2011.04.12 06:06:06.197,6.29787,6.29993,1.08,1.19
2011.04.12 06:06:07.539,6.29782,6.29987,1.08,1.19
2011.04.12 06:06:08.649,6.29787,6.29998,1.08,1.19
2011.04.12 06:06:08.758,6.29787,6.30019,1.08,1.62
2011.04.12 06:06:08.868,6.29806,6.30019,1.08,1.19
2011.04.12 06:06:09.086,6.29827,6.30031,1.08,1.19
2011.04.12 06:06:10.107,6.29808,6.30031,1.08,1.19
2011.04.12 06:06:10.327,6.29808,6.30016,1.08,1.19
2011.04.12 06:06:13.378,6.29808,6.30026,1.08,1.19
2011.04.12 06:06:13.597,6.29808,6.30038,1.08,1.62
2011.04.12 06:06:14.297,6.29808,6.30038,1.08,1.62
2011.04.12 06:06:15.117,6.29808,6.3003,1.08,1.19
2011.04.12 06:06:19.199,6.2983,6.3003,1.08,1.19
2011.04.12 06:06:19.307,6.29854,6.30058,1.08,1.19
2011.04.12 06:06:20.300,6.29854,6.30058,1.08,1.19
2011.04.12 06:06:20.409,6.29867,6.30082,1.08,1.19
2011.04.12 06:06:20.818,6.29878,6.30095,1.08,1.19
2011.04.12 06:06:21.528,6.2989,6.30106,1.08,1.19
2011.04.12 06:06:21.637,6.29897,6.30106,1.08,1.19
2011.04.12 06:06:33.400,6.2989,6.3011,1.08,1.19
2011.04.12 06:06:33.507,6.29897,6.3011,1.08,1.19
2011.04.12 06:06:33.619,6.29905,6.30132,1.50,1.62
2011.04.12 06:06:33.729,6.29923,6.3015,1.50,1.62
2011.04.12 06:06:34.169,6.29946,6.3015,1.08,1.19
2011.04.12 06:06:34.389,6.29963,6.3015,1.08,1.19
2011.04.12 06:06:35.125,6.29968,6.30168,1.08,1.19
2011.04.12 06:06:41.287,6.29951,6.30162,1.08,1.19
2011.04.12 06:06:41.617,6.29951,6.30162,1.08,1.19
2011.04.12 06:06:41.971,6.29958,6.30163,1.08,1.19
2011.04.12 06:06:43.088,6.29975,6.30202,1.50,1.62
2011.04.12 06:06:43.310,6.29999,6.30214,1.08,1.19
2011.04.12 06:06:43.529,6.30007,6.30224,1.08,1.19
2011.04.12 06:06:43.968,6.30027,6.3024,1.08,1.19
2011.04.12 06:06:44.947,6.30027,6.30248,1.08,1.19
2011.04.12 06:06:46.683,6.30027,6.30248,1.08,1.19
2011.04.12 06:06:48.177,6.30015,6.30228,1.08,1.19
2011.04.12 06:06:49.198,6.30025,6.30229,1.08,1.19
2011.04.12 06:06:51.317,6.30027,6.30238,1.08,1.19
2011.04.12 06:06:59.487,6.30033,6.30238,1.08,1.19
2011.04.12 06:06:59.596,6.30064,6.30245,1.08,1.19
2011.04.12 06:06:59.926,6.30064,6.30268,1.08,1.19
2011.04.12 06:07:10.579,6.30037,6.30256,1.08,1.19
2011.04.12 06:07:10.909,6.30107,6.30311,1.08,1.19
2011.04.12 06:07:11.129,6.30137,6.30334,1.08,1.19
2011.04.12 06:07:11.986,6.30128,6.30333,1.08,1.19
2011.04.12 06:07:12.759,6.30118,6.30323,1.08,1.19
2011.04.12 06:07:12.981,6.30107,6.30323,1.08,1.19
2011.04.12 06:07:13.196,6.30107,6.30323,1.08,1.19
2011.04.12 06:07:17.709,6.30097,6.30302,1.08,1.19
2011.04.12 06:07:17.819,6.30116,6.30315,1.08,1.19
2011.04.12 06:07:17.928,6.30117,6.30331,1.08,1.19
2011.04.12 06:07:18.040,6.30151,6.30365,1.08,1.19
2011.04.12 06:07:18.477,6.30157,6.30365,1.08,1.19
2011.04.12 06:07:20.396,6.30153,6.30356,1.08,1.19
2011.04.12 06:07:21.037,6.3014,6.30356,1.08,1.19
2011.04.12 06:07:21.357,6.30141,6.30345,1.08,1.19
2011.04.12 06:07:22.558,6.30117,6.30325,1.08,1.19
2011.04.12 06:07:29.750,6.30106,6.30311,1.08,1.19
2011.04.12 06:07:29.968,6.30107,6.3032,1.08,1.19
2011.04.12 06:07:31.433,6.30115,6.3032,1.08,1.19
2011.04.12 06:07:37.976,6.30117,6.30319,1.08,1.19
2011.04.12 06:07:38.678,6.30125,6.30342,1.08,1.19
2011.04.12 06:07:38.788,6.30137,6.30342,1.08,1.19
2011.04.12 06:07:41.608,6.30145,6.30349,1.08,1.19
2011.04.12 06:07:45.447,6.30155,6.30359,1.08,1.19
2011.04.12 06:07:47.457,6.30145,6.30349,1.08,1.19
2011.04.12 06:07:53.957,6.30158,6.30367,1.08,1.19
2011.04.12 06:08:09.408,6.30158,6.30378,1.08,1.19
2011.04.12 06:08:15.240,6.30186,6.30389,1.08,1.19
2011.04.12 06:08:17.728,6.30204,6.30408,1.08,1.19
2011.04.12 06:08:20.927,6.30197,6.30408,1.08,1.19
2011.04.12 06:08:21.568,6.30188,6.30397,1.08,1.19
2011.04.12 06:08:21.787,6.30188,6.30397,1.08,1.19
2011.04.12 06:08:25.877,6.30198,6.30397,1.08,1.19
2011.04.12 06:08:28.128,6.30186,6.3039,1.08,1.19
2011.04.12 06:08:29.856,6.30203,6.30407,1.08,1.19
2011.04.12 06:08:32.679,6.30178,6.30382,1.50,1.62
2011.04.12 06:08:32.787,6.30158,6.3038,1.08,1.50
2011.04.12 06:08:32.900,6.30154,6.30356,1.08,1.19
2011.04.12 06:08:33.007,6.30152,6.30339,1.08,1.19
2011.04.12 06:08:33.417,6.30136,6.30339,1.08,1.19
2011.04.12 06:08:33.748,6.30126,6.30329,1.08,1.19
2011.04.12 06:08:36.156,6.30153,6.30357,1.08,1.19
2011.04.12 06:08:37.747,6.30153,6.30357,1.08,1.19
2011.04.12 06:08:37.858,6.30153,6.30357,1.08,1.19
2011.04.12 06:08:38.066,6.30153,6.30357,1.08,1.19
2011.04.12 06:08:38.181,6.30177,6.30389,1.08,1.19
2011.04.12 06:08:39.658,6.30187,6.30388,1.08,1.19
2011.04.12 06:08:39.766,6.3017,6.30374,1.08,1.19
2011.04.12 06:08:45.768,6.30186,6.30374,1.08,1.19
2011.04.12 06:08:46.318,6.30196,6.304,1.08,1.19
2011.04.12 06:08:48.117,6.30208,6.304,1.08,1.19
2011.04.12 06:08:48.449,6.30272,6.30516,1.08,1.19
2011.04.12 06:08:48.667,6.30287,6.3053,1.08,1.19
2011.04.12 06:08:48.778,6.30287,6.30553,1.08,1.62
2011.04.12 06:08:51.747,6.30287,6.30515,1.08,1.62
2011.04.12 06:08:52.167,6.30287,6.30515,1.08,1.62
2011.04.12 06:08:52.499,6.30324,6.30553,1.50,1.62
2011.04.12 06:08:52.607,6.30337,6.30553,1.50,1.62
2011.04.12 06:08:52.719,6.30307,6.30528,1.08,1.19
2011.04.12 06:08:52.828,6.30307,6.30525,1.08,1.19
2011.04.12 06:08:53.269,6.30307,6.30533,1.08,1.62
2011.04.12 06:08:53.487,6.30307,6.30532,1.08,1.19
2011.04.12 06:08:57.117,6.30307,6.30509,1.08,1.19
2011.04.12 06:08:57.227,6.3027,6.30456,1.50,1.18
2011.04.12 06:08:59.177,6.3027,6.30453,1.50,1.18
2011.04.12 06:08:59.747,6.3027,6.30462,1.50,1.18
2011.04.12 06:09:01.077,6.3027,6.30453,1.50,1.18
2011.04.12 06:09:01.298,6.3027,6.30452,1.50,1.50
2011.04.12 06:09:01.408,6.30257,6.30452,1.50,1.50
2011.04.12 06:09:01.519,6.30257,6.30433,1.50,1.50
2011.04.12 06:09:03.248,6.30257,6.30433,1.50,1.50
2011.04.12 06:09:03.729,6.30257,6.30433,1.50,1.50
2011.04.12 06:09:03.923,6.30257,6.30433,1.50,1.50
2011.04.12 06:09:04.042,6.30248,6.30433,1.50,1.35
2011.04.12 06:09:04.485,6.30245,6.30433,1.35,1.79
2011.04.12 06:09:04.819,6.30229,6.30432,1.50,1.78
2011.04.12 06:09:05.037,6.30217,6.3041,1.50,1.35
2011.04.12 06:09:05.478,6.30215,6.3041,1.35,1.35
2011.04.12 06:09:08.127,6.30215,6.30412,1.35,1.35
2011.04.12 06:09:08.837,6.30215,6.3041,1.35,1.35
2011.04.12 06:09:09.167,6.3019,6.30383,1.35,2.10
2011.04.12 06:09:09.278,6.3019,6.30378,1.35,1.35
2011.04.12 06:09:09.497,6.3019,6.30378,1.35,1.35
2011.04.12 06:09:10.188,6.3019,6.3038,1.35,1.35
2011.04.12 06:09:12.397,6.3019,6.30378,1.35,1.35
2011.04.12 06:09:12.619,6.30178,6.30373,1.50,2.10
2011.04.12 06:09:13.058,6.30168,6.30351,1.08,1.35
2011.04.12 06:09:13.386,6.30133,6.30332,2.10,2.10
2011.04.12 06:09:13.719,6.30133,6.30317,1.35,1.35
2011.04.12 06:09:13.938,6.30133,6.30323,1.35,1.35
2011.04.12 06:09:15.287,6.30128,6.30318,1.08,1.35
2011.04.12 06:09:15.837,6.30128,6.30314,1.08,1.35
2011.04.12 06:09:18.998,6.30128,6.3032,1.08,1.19
2011.04.12 06:09:19.107,6.3013,6.30343,1.50,1.62
2011.04.12 06:09:19.217,6.3017,6.30399,1.50,1.62
2011.04.12 06:09:19.329,6.3022,6.30399,1.35,1.18
2011.04.12 06:09:19.878,6.30197,6.30424,1.50,1.62
2011.04.12 06:09:20.427,6.30196,6.30433,1.50,1.62
2011.04.12 06:09:21.015,6.30196,6.30423,1.50,1.62
2011.04.12 06:09:22.438,6.30196,6.30423,1.50,1.62
2011.04.12 06:09:22.548,6.30196,6.30423,1.50,1.62
2011.04.12 06:09:22.769,6.30186,6.30415,1.50,1.62
2011.04.12 06:09:23.207,6.3021,6.30437,1.50,1.62
2011.04.12 06:09:23.849,6.30218,6.30447,1.50,1.62
2011.04.12 06:09:25.958,6.30173,6.30371,1.50,1.18
2011.04.12 06:09:26.177,6.30165,6.30371,1.50,1.62
2011.04.12 06:09:27.408,6.30174,6.30379,1.08,1.19
2011.04.12 06:09:27.518,6.30188,6.30403,1.08,1.19
2011.04.12 06:09:27.628,6.30188,6.30411,1.08,1.19
2011.04.12 06:09:27.988,6.30188,6.30411,1.08,1.19
2011.04.12 06:09:28.428,6.30188,6.3041,1.08,1.19
2011.04.12 06:09:28.648,6.30188,6.30406,1.08,1.19
2011.04.12 06:09:29.357,6.30188,6.30401,1.08,1.19
2011.04.12 06:09:30.606,6.30185,6.30366,1.50,1.18
2011.04.12 06:09:30.717,6.30165,6.30366,1.50,1.18
2011.04.12 06:09:33.860,6.30168,6.30363,1.50,1.18
2011.04.12 06:09:47.978,6.30168,6.3036,1.50,1.35
2011.04.12 06:09:51.507,6.30189,6.30385,1.50,1.62
2011.04.12 06:09:51.727,6.30193,6.30413,1.50,1.18
2011.04.12 06:09:52.059,6.30245,6.30472,1.50,1.62
2011.04.12 06:09:52.630,6.30245,6.30472,1.50,1.62
2011.04.12 06:09:56.008,6.30253,6.30392,1.50,1.18
2011.04.12 06:09:56.118,6.30198,6.30392,1.50,1.18
2011.04.12 06:09:56.578,6.30186,6.30385,1.50,1.19
2011.04.12 06:09:56.687,6.30186,6.30385,1.50,1.19
2011.04.12 06:09:57.017,6.30157,6.30356,1.08,1.19
2011.04.12 06:09:57.128,6.30157,6.30356,1.08,1.19
2011.04.12 06:09:57.677,6.30157,6.30356,1.08,1.19
2011.04.12 06:09:58.448,6.30157,6.30356,1.08,1.19
2011.04.12 06:09:58.668,6.30157,6.30349,1.08,1.19
2011.04.12 06:09:59.748,6.30157,6.30256,1.08,1.35
2011.04.12 06:09:59.857,6.30129,6.30256,1.08,1.35
2011.04.12 06:10:00.076,6.30024,6.30233,1.08,1.35
2011.04.12 06:10:01.497,6.30044,6.30207,1.08,1.35
2011.04.12 06:10:03.138,6.30044,6.30205,1.08,1.50
2011.04.12 06:10:03.467,6.30032,6.302,1.08,1.35
2011.04.12 06:10:04.737,6.30032,6.302,1.08,1.35
2011.04.12 06:10:04.958,6.30032,6.30403,1.08,1.19
2011.04.12 06:10:05.259,6.30067,6.30403,1.08,1.19
2011.04.12 06:10:05.479,6.30048,6.30389,1.50,1.19
2011.04.12 06:10:05.698,6.30034,6.30389,1.50,1.19
2011.04.12 06:10:06.026,6.30034,6.30349,1.50,1.19
2011.04.12 06:10:06.527,6.30027,6.30335,1.08,1.19
2011.04.12 06:10:07.657,6.30048,6.30335,1.08,1.62
2011.04.12 06:10:09.637,6.30025,6.30324,1.50,1.62
2011.04.12 06:10:09.746,6.30007,6.30296,1.08,1.62
2011.04.12 06:10:10.277,6.29988,6.30269,1.08,1.62
2011.04.12 06:10:10.827,6.29988,6.30269,1.08,1.62
2011.04.12 06:10:11.377,6.30024,6.30269,1.08,1.62
2011.04.12 06:10:12.966,6.30027,6.30269,1.08,1.62
2011.04.12 06:10:15.058,6.30027,6.30239,1.08,1.19
2011.04.12 06:10:18.468,6.30024,6.30229,1.08,1.19
2011.04.12 06:10:42.047,6.30027,6.3024,1.08,1.19
2011.04.12 06:10:43.866,6.3005,6.30268,1.08,1.19
2011.04.12 06:10:44.913,6.30064,6.30268,1.08,1.19
2011.04.12 06:10:46.247,6.30077,6.30268,1.08,1.19
2011.04.12 06:10:46.468,6.30077,6.30295,1.08,1.62
2011.04.12 06:10:46.994,6.30077,6.30295,1.08,1.62
2011.04.12 06:10:47.367,6.30091,6.30295,1.08,1.19
2011.04.12 06:10:47.587,6.30116,6.30297,1.08,1.19
2011.04.12 06:10:47.698,6.30116,6.30321,1.08,1.19
2011.04.12 06:10:52.847,6.30118,6.30321,1.08,1.19
2011.04.12 06:10:52.957,6.30169,6.30441,1.50,1.62
2011.04.12 06:10:53.287,6.30205,6.30485,1.08,1.19
2011.04.12 06:10:53.397,6.30205,6.30504,1.08,1.62
2011.04.12 06:10:54.128,6.30218,6.30484,2.58,1.19
2011.04.12 06:10:54.347,6.30218,6.30492,2.58,1.19
2011.04.12 06:10:54.457,6.30218,6.30492,2.58,1.19
2011.04.12 06:10:56.118,6.30203,6.3048,1.08,1.19
2011.04.12 06:10:56.776,6.30204,6.3047,1.08,1.19
2011.04.12 06:10:56.887,6.30204,6.3047,1.08,1.19
2011.04.12 06:10:57.218,6.30203,6.30456,1.08,1.19
2011.04.12 06:10:57.547,6.30203,6.30429,1.08,1.19
2011.04.12 06:10:58.977,6.3018,6.30429,1.50,1.62
2011.04.12 06:11:00.897,6.3018,6.30429,1.50,1.62
2011.04.12 06:11:02.366,6.30212,6.3043,1.08,1.19
2011.04.12 06:11:02.919,6.30211,6.30421,1.08,1.19
2011.04.12 06:11:03.467,6.30204,6.30421,1.08,1.19
2011.04.12 06:11:04.659,6.30214,6.30421,1.08,1.19
2011.04.12 06:11:05.400,6.30222,6.3042,1.08,1.19
2011.04.12 06:11:06.179,6.30187,6.30421,1.50,1.62
2011.04.12 06:11:07.708,6.30187,6.30421,1.50,1.62
2011.04.12 06:11:11.457,6.30198,6.30421,1.50,1.62
2011.04.12 06:11:11.788,6.30199,6.30433,1.50,1.62
2011.04.12 06:11:11.898,6.30162,6.30391,1.50,1.62
2011.04.12 06:11:12.448,6.30153,6.30376,1.50,1.62
2011.04.12 06:11:14.727,6.30157,6.30376,1.08,1.19
2011.04.12 06:11:14.838,6.30157,6.30367,1.08,1.19
2011.04.12 06:11:15.607,6.30162,6.30396,1.50,1.62
2011.04.12 06:11:15.717,6.30169,6.30396,1.50,1.62
2011.04.12 06:11:15.937,6.30168,6.30406,1.50,1.62
2011.04.12 06:11:16.527,6.30177,6.30406,1.50,1.62
2011.04.12 06:11:19.377,6.30177,6.30406,1.50,1.62
2011.04.12 06:11:19.489,6.30163,6.30392,1.50,1.62
2011.04.12 06:11:19.710,6.30151,6.30391,1.50,1.62
2011.04.12 06:11:20.006,6.30151,6.30391,1.50,1.62
2011.04.12 06:11:20.339,6.30166,6.30376,1.50,1.62
2011.04.12 06:11:23.538,6.3024,6.30358,2.43,1.19
2011.04.12 06:11:23.648,6.30279,6.30383,1.35,1.19
2011.04.12 06:11:23.758,6.30269,6.30421,1.50,1.19
2011.04.12 06:11:23.868,6.30225,6.30421,1.08,1.19
2011.04.12 06:11:25.978,6.30225,6.30421,1.08,1.19
2011.04.12 06:11:26.198,6.30238,6.30421,1.08,1.19
2011.04.12 06:11:27.528,6.30249,6.30399,1.08,2.10
2011.04.12 06:11:27.747,6.30175,6.30342,1.50,1.18
2011.04.12 06:11:27.857,6.30152,6.30342,1.50,1.18
2011.04.12 06:11:30.138,6.30157,6.30379,1.35,1.62
2011.04.12 06:11:30.248,6.30188,6.30415,1.50,1.62
2011.04.12 06:11:30.648,6.30209,6.30436,1.50,1.62
2011.04.12 06:11:31.222,6.30208,6.30448,1.50,1.62
2011.04.12 06:11:31.558,6.30222,6.30447,1.50,1.62
2011.04.12 06:11:34.079,6.30238,6.30465,1.50,1.62
2011.04.12 06:11:35.070,6.30238,6.30465,1.50,1.62
2011.04.12 06:11:35.180,6.30262,6.30491,1.50,1.62
2011.04.12 06:11:36.341,6.30316,6.30543,1.50,1.62
2011.04.12 06:11:36.669,6.30316,6.30543,1.50,1.18
2011.04.12 06:11:37.108,6.30347,6.30583,1.50,1.62
2011.04.12 06:11:37.263,6.30347,6.30583,1.50,1.62
2011.04.12 06:11:37.600,6.30326,6.30555,1.50,1.62
2011.04.12 06:11:38.566,6.30284,6.30511,1.50,1.62
2011.04.12 06:11:47.268,6.30271,6.30498,1.50,1.62
2011.04.12 06:11:52.397,6.3028,6.30507,1.50,1.62
2011.04.12 06:11:56.961,6.30266,6.30493,1.50,1.62
2011.04.12 06:11:57.178,6.30248,6.30477,1.50,1.62
2011.04.12 06:12:00.519,6.30262,6.30489,1.50,1.62
2011.04.12 06:12:04.858,6.30271,6.30498,1.50,1.62
2011.04.12 06:12:09.478,6.30271,6.30427,1.50,2.10
2011.04.12 06:12:09.808,6.30309,6.30407,2.10,1.18
2011.04.12 06:12:09.918,6.30309,6.30539,2.10,1.47
2011.04.12 06:12:10.029,6.30323,6.30539,1.35,1.47
2011.04.12 06:12:10.138,6.30337,6.30542,1.35,1.04
2011.04.12 06:12:11.600,6.30351,6.30546,2.10,1.62
2011.04.12 06:12:11.819,6.30351,6.30551,2.85,1.47
2011.04.12 06:12:21.547,6.30337,6.30546,1.50,1.62
2011.04.12 06:12:27.078,6.30348,6.30556,1.50,1.62
2011.04.12 06:12:27.501,6.30351,6.30556,1.50,1.62
2011.04.12 06:12:29.159,6.30356,6.30556,1.50,1.62
2011.04.12 06:12:29.522,6.30367,6.30556,1.08,1.19
2011.04.12 06:12:29.741,6.30388,6.30594,1.08,1.19
2011.04.12 06:12:29.850,6.30388,6.30594,1.83,1.19
2011.04.12 06:12:30.508,6.30406,6.30609,1.08,1.19
2011.04.12 06:12:30.839,6.30427,6.30632,1.08,1.19
2011.04.12 06:12:34.729,6.30405,6.30609,1.50,1.19
2011.04.12 06:12:34.948,6.30399,6.30605,1.50,1.19
2011.04.12 06:12:36.578,6.30381,6.30584,1.08,1.19
2011.04.12 06:12:37.959,6.30388,6.30594,1.83,1.19
2011.04.12 06:12:38.178,6.30393,6.30604,1.50,1.19
2011.04.12 06:12:38.535,6.30393,6.30603,1.50,1.19
2011.04.12 06:12:38.867,6.30397,6.30603,1.50,1.19
2011.04.12 06:12:41.064,6.30402,6.30603,1.50,1.19
2011.04.12 06:12:42.368,6.30397,6.30594,1.50,1.19
2011.04.12 06:12:43.371,6.30391,6.30593,1.50,1.62
2011.04.12 06:12:49.212,6.30369,6.30573,1.50,2.37
2011.04.12 06:12:52.037,6.30369,6.30573,1.50,2.37
2011.04.12 06:12:52.150,6.30368,6.30572,1.50,1.62
2011.04.12 06:12:54.165,6.30368,6.30573,2.25,1.62
2011.04.12 06:12:54.500,6.30388,6.30588,1.50,1.62
2011.04.12 06:12:54.818,6.30408,6.306,1.50,1.62
2011.04.12 06:12:54.928,6.30408,6.306,1.50,1.62
2011.04.12 06:12:56.288,6.30414,6.30617,2.25,1.62
2011.04.12 06:12:56.640,6.30414,6.30617,2.25,1.62
2011.04.12 06:12:56.748,6.30418,6.30628,1.50,1.47
2011.04.12 06:12:56.858,6.30431,6.30628,1.50,1.04
2011.04.12 06:12:56.968,6.30455,6.30637,1.35,1.19
2011.04.12 06:12:57.298,6.30468,6.30676,1.08,1.04
2011.04.12 06:12:57.519,6.30468,6.30676,1.08,1.04
2011.04.12 06:12:58.359,6.3045,6.30682,1.50,1.62
2011.04.12 06:12:58.908,6.30438,6.30642,1.50,1.62
2011.04.12 06:12:59.129,6.30455,6.30642,1.08,1.19
2011.04.12 06:13:04.929,6.30467,6.3067,1.08,1.19
2011.04.12 06:13:05.039,6.30467,6.30646,1.08,1.19
2011.04.12 06:13:05.148,6.30448,6.30644,1.50,1.18
2011.04.12 06:13:05.258,6.30448,6.30644,1.50,1.18
2011.04.12 06:13:05.899,6.30452,6.30644,1.50,1.62
2011.04.12 06:13:06.228,6.30452,6.30656,1.50,1.19
2011.04.12 06:13:06.338,6.30466,6.30656,1.50,1.19
2011.04.12 06:13:11.871,6.30477,6.30676,1.50,1.62
2011.04.12 06:13:12.089,6.30477,6.30681,2.25,1.62
2011.04.12 06:13:12.489,6.30477,6.30681,2.25,1.62
2011.04.12 06:13:15.021,6.30468,6.30668,1.50,1.62
2011.04.12 06:13:15.949,6.30462,6.30684,1.50,1.62
2011.04.12 06:13:23.081,6.30485,6.30684,1.50,1.62
2011.04.12 06:13:23.194,6.30505,6.3072,1.50,1.62
2011.04.12 06:13:23.419,6.30488,6.3071,1.50,1.62
2011.04.12 06:13:23.859,6.30488,6.3071,2.25,1.62
2011.04.12 06:13:30.659,6.30488,6.3071,2.58,1.19
2011.04.12 06:13:30.769,6.30488,6.3071,2.58,1.19
2011.04.12 06:13:31.209,6.30498,6.30719,1.50,1.62
2011.04.12 06:13:33.911,6.30497,6.30712,1.50,1.19
2011.04.12 06:13:34.241,6.30477,6.30703,1.50,1.62
2011.04.12 06:13:34.798,6.30476,6.30701,1.50,1.47
2011.04.12 06:13:35.019,6.30468,6.30701,1.08,1.47
2011.04.12 06:13:35.130,6.30467,6.30692,1.50,1.62
2011.04.12 06:13:35.239,6.30458,6.30684,1.50,1.62
2011.04.12 06:13:36.909,6.30469,6.30698,1.50,1.62
2011.04.12 06:13:37.708,6.30478,6.30706,1.50,1.62
2011.04.12 06:13:39.480,6.30487,6.30698,1.50,1.62
2011.04.12 06:13:40.685,6.30487,6.30706,1.50,1.62
2011.04.12 06:13:45.160,6.30497,6.30705,1.50,1.62
2011.04.12 06:13:45.381,6.30501,6.30714,1.50,1.62
2011.04.12 06:13:47.773,6.30507,6.30714,1.50,1.62
2011.04.12 06:14:01.730,6.30585,6.30696,2.10,1.62
2011.04.12 06:14:01.951,6.30631,6.30914,1.35,1.62
2011.04.12 06:14:02.498,6.30631,6.30925,1.35,1.62
2011.04.12 06:14:03.122,6.30648,6.30885,1.35,1.62
2011.04.12 06:14:03.701,6.30651,6.30885,1.35,1.62
2011.04.12 06:14:04.250,6.30658,6.30885,1.50,1.62
2011.04.12 06:14:04.581,6.30693,6.30908,1.35,1.18
2011.04.12 06:14:04.864,6.30693,6.30932,1.35,1.62
2011.04.12 06:14:04.983,6.30707,6.30932,1.50,1.62
2011.04.12 06:14:05.540,6.30695,6.30933,1.50,1.62
2011.04.12 06:14:06.128,6.30696,6.30933,1.50,1.62
2011.04.12 06:14:07.333,6.30696,6.30933,1.50,1.62
2011.04.12 06:14:07.561,6.30755,6.30933,1.50,1.62
2011.04.12 06:14:07.671,6.30755,6.30955,1.50,1.62
2011.04.12 06:14:08.001,6.30761,6.30986,1.50,1.62
2011.04.12 06:14:08.959,6.30761,6.30986,1.50,1.62
2011.04.12 06:14:10.239,6.30758,6.30986,1.50,1.62
2011.04.12 06:14:10.349,6.30744,6.30986,1.35,1.62
2011.04.12 06:14:11.149,6.30744,6.30982,1.35,1.62
2011.04.12 06:14:12.479,6.30738,6.30972,1.50,1.62
2011.04.12 06:14:12.590,6.30738,6.30952,1.50,1.18
2011.04.12 06:14:12.699,6.30697,6.30952,1.35,1.18
2011.04.12 06:14:15.190,6.30714,6.3096,1.50,1.62
2011.04.12 06:14:15.898,6.30717,6.3096,1.50,1.62
2011.04.12 06:14:16.122,6.30738,6.3096,1.50,1.62
2011.04.12 06:14:16.352,6.30717,6.30972,1.50,2.37
2011.04.12 06:14:16.589,6.30717,6.30972,1.50,1.62
2011.04.12 06:14:17.289,6.30748,6.30961,1.50,1.62
2011.04.12 06:14:18.359,6.30748,6.30961,1.50,1.62
2011.04.12 06:14:20.479,6.30748,6.30961,1.50,1.62
2011.04.12 06:14:20.809,6.30767,6.3097,1.08,1.19
2011.04.12 06:14:20.919,6.30797,6.30983,1.08,1.19
2011.04.12 06:14:21.029,6.30797,6.31007,1.08,1.19
2011.04.12 06:14:23.719,6.30795,6.30999,1.08,1.19
2011.04.12 06:14:30.601,6.3077,6.30999,1.50,1.62
2011.04.12 06:14:30.711,6.3077,6.30999,1.50,1.62
2011.04.12 06:14:30.929,6.30754,6.30981,1.50,1.62
2011.04.12 06:14:32.559,6.30748,6.30965,1.08,1.19
2011.04.12 06:14:33.001,6.30749,6.30976,1.50,1.62
2011.04.12 06:14:33.223,6.30749,6.30975,1.50,1.62
2011.04.12 06:14:33.451,6.30747,6.30966,1.08,1.19
2011.04.12 06:14:33.670,6.30749,6.30966,1.08,1.19
2011.04.12 06:14:33.781,6.30756,6.30995,1.50,1.62
2011.04.12 06:14:33.889,6.30756,6.30995,1.50,1.62
2011.04.12 06:14:34.220,6.3073,6.30959,1.50,1.62
2011.04.12 06:14:34.440,6.30754,6.30959,1.08,1.19
2011.04.12 06:14:34.551,6.30777,6.30967,1.08,1.19
2011.04.12 06:14:34.661,6.30763,6.30952,1.50,1.18
2011.04.12 06:14:34.991,6.30693,6.30934,1.50,1.62
2011.04.12 06:14:35.267,6.3067,6.30934,1.50,1.62
2011.04.12 06:14:35.385,6.30646,6.30873,1.50,1.62
2011.04.12 06:14:35.501,6.30646,6.30873,1.50,1.62
2011.04.12 06:14:35.724,6.30658,6.30874,1.08,1.19
2011.04.12 06:14:36.161,6.30668,6.30891,1.08,1.62
2011.04.12 06:14:37.068,6.30687,6.30891,1.08,1.19
2011.04.12 06:14:37.181,6.30697,6.30926,1.50,1.62
2011.04.12 06:14:37.292,6.30673,6.30902,1.50,1.62
2011.04.12 06:14:37.410,6.30698,6.30902,1.08,1.19
2011.04.12 06:14:37.628,6.30708,6.30902,1.08,1.19
2011.04.12 06:14:37.739,6.30708,6.30928,1.08,1.19
2011.04.12 06:14:40.630,6.30693,6.30928,1.50,1.62
2011.04.12 06:14:40.740,6.30676,6.30903,1.50,1.62
2011.04.12 06:14:41.180,6.30666,6.30886,1.08,1.62
2011.04.12 06:14:41.511,6.30642,6.30886,1.08,1.62
2011.04.12 06:14:41.620,6.30617,6.30857,1.83,1.62
2011.04.12 06:14:42.060,6.30642,6.30869,1.50,1.62
2011.04.12 06:14:42.390,6.30665,6.30869,1.08,1.19
2011.04.12 06:14:42.499,6.30668,6.30892,1.08,1.62
2011.04.12 06:14:42.719,6.30687,6.30905,1.08,1.62
2011.04.12 06:14:43.181,6.30687,6.30905,1.08,1.62
2011.04.12 06:14:43.782,6.30681,6.30886,1.08,1.19
2011.04.12 06:14:44.004,6.30687,6.30912,1.08,1.62
2011.04.12 06:14:44.232,6.30707,6.30926,1.08,1.19
2011.04.12 06:14:44.668,6.30707,6.30926,1.08,1.19
2011.04.12 06:14:45.109,6.30688,6.30913,1.08,1.62
2011.04.12 06:14:45.220,6.30674,6.30913,1.50,1.62
2011.04.12 06:14:45.550,6.30673,6.30896,1.50,1.62
2011.04.12 06:14:46.935,6.30667,6.30896,1.08,1.62
2011.04.12 06:14:47.379,6.30667,6.309,1.08,1.62
2011.04.12 06:14:47.709,6.30728,6.30891,2.25,1.19
2011.04.12 06:14:47.820,6.30688,6.30891,2.58,1.19
2011.04.12 06:14:47.928,6.30688,6.30891,2.25,1.19
2011.04.12 06:14:48.041,6.30688,6.30891,2.25,1.19
2011.04.12 06:14:48.151,6.30678,6.30883,2.85,1.19
2011.04.12 06:14:49.668,6.30698,6.30883,2.25,1.19
2011.04.12 06:14:49.777,6.30698,6.30883,3.00,1.19
2011.04.12 06:14:50.108,6.30768,6.30996,2.58,1.19
2011.04.12 06:14:50.217,6.30767,6.31042,2.58,1.19
2011.04.12 06:14:58.277,6.30787,6.31047,1.08,1.19
2011.04.12 06:14:59.247,6.30788,6.31047,2.25,1.62
2011.04.12 06:14:59.358,6.30752,6.31047,2.25,1.62
2011.04.12 06:14:59.578,6.30753,6.30983,1.50,1.03
2011.04.12 06:15:00.385,6.30753,6.30983,1.50,1.03
2011.04.12 06:15:00.940,6.30752,6.30963,1.50,1.03
2011.04.12 06:15:01.159,6.30762,6.30996,1.35,1.47
2011.04.12 06:15:02.948,6.30777,6.30996,1.50,1.47
2011.04.12 06:15:03.496,6.30779,6.30996,1.50,1.47
2011.04.12 06:15:04.608,6.30777,6.30992,1.50,1.62
2011.04.12 06:15:04.937,6.30792,6.30992,1.50,1.62
2011.04.12 06:15:06.567,6.30792,6.30963,1.50,1.03
2011.04.12 06:15:06.851,6.30779,6.30963,1.50,1.03
2011.04.12 06:15:07.797,6.30817,6.31006,2.10,1.62
2011.04.12 06:15:07.908,6.30817,6.31006,2.10,1.19
2011.04.12 06:15:08.017,6.30849,6.31054,1.35,1.62
2011.04.12 06:15:08.237,6.30853,6.31067,1.50,1.47
2011.04.12 06:15:08.457,6.30853,6.3108,1.50,1.42
2011.04.12 06:15:08.899,6.30885,6.3109,1.08,1.19
2011.04.12 06:15:11.099,6.30861,6.3109,1.50,1.62
2011.04.12 06:15:11.210,6.30815,6.31042,1.50,1.62
2011.04.12 06:15:11.318,6.30815,6.31042,1.50,1.62
2011.04.12 06:15:13.547,6.30815,6.31032,1.50,1.62
2011.04.12 06:15:16.488,6.30824,6.31053,1.50,1.62
2011.04.12 06:15:16.597,6.30878,6.31053,2.25,1.62
2011.04.12 06:15:16.928,6.309,6.31175,1.50,1.62
2011.04.12 06:15:17.039,6.30928,6.31175,1.50,1.62
2011.04.12 06:15:17.147,6.3095,6.31199,1.50,1.62
2011.04.12 06:15:17.978,6.30968,6.31179,1.08,1.19
2011.04.12 06:15:18.199,6.30981,6.3121,1.50,1.62
2011.04.12 06:15:18.528,6.30981,6.3121,1.50,1.62
2011.04.12 06:15:18.857,6.31022,6.31251,1.50,1.62
2011.04.12 06:15:19.779,6.31022,6.31251,1.50,1.62
2011.04.12 06:15:22.188,6.31032,6.31259,1.50,1.62
2011.04.12 06:15:22.299,6.31063,6.3129,1.50,1.62
2011.04.12 06:15:23.208,6.31041,6.3127,1.50,1.62
2011.04.12 06:15:25.864,6.31041,6.3127,1.50,1.62
2011.04.12 06:15:26.089,6.31025,6.31263,1.50,1.62
2011.04.12 06:15:26.203,6.31001,6.3123,1.50,1.62
2011.04.12 06:15:26.320,6.30984,6.31213,1.50,1.62
2011.04.12 06:15:28.829,6.30966,6.31193,1.50,1.62
2011.04.12 06:15:29.267,6.30966,6.31193,1.50,1.62
2011.04.12 06:15:30.559,6.30966,6.31193,1.50,1.62
2011.04.12 06:15:30.671,6.30977,6.31193,1.50,1.18
2011.04.12 06:15:30.972,6.31013,6.31242,1.50,1.62
2011.04.12 06:15:31.428,6.3103,6.31265,1.50,1.62
2011.04.12 06:15:31.759,6.31045,6.31191,1.50,1.18
2011.04.12 06:15:31.977,6.31013,6.31191,1.50,1.18
2011.04.12 06:15:36.138,6.31031,6.31206,1.35,1.18
2011.04.12 06:15:36.357,6.31038,6.31264,1.08,1.62
2011.04.12 06:15:36.686,6.31038,6.31272,1.08,1.62
2011.04.12 06:15:39.031,6.31038,6.31265,1.08,1.62
2011.04.12 06:15:39.768,6.31036,6.31217,1.50,1.03
2011.04.12 06:15:39.878,6.31024,6.31188,1.50,1.18
2011.04.12 06:15:39.988,6.30999,6.31165,1.50,1.18
2011.04.12 06:15:40.207,6.31024,6.3128,1.50,1.62
2011.04.12 06:15:40.318,6.31033,6.3128,1.50,1.62
2011.04.12 06:15:42.278,6.31033,6.3126,1.50,1.62
2011.04.12 06:15:42.390,6.31009,6.31236,1.50,1.62
2011.04.12 06:15:43.328,6.31009,6.31173,1.50,1.18
2011.04.12 06:15:43.438,6.30956,6.31166,1.50,1.50
2011.04.12 06:15:43.768,6.30956,6.31152,1.50,1.03
2011.04.12 06:15:43.878,6.30934,6.31143,1.50,1.35
2011.04.12 06:15:47.741,6.30978,6.31132,1.50,1.03
2011.04.12 06:15:47.861,6.30985,6.31164,1.50,1.04
2011.04.12 06:15:47.969,6.30988,6.31172,1.50,1.03
2011.04.12 06:15:48.998,6.30986,6.31149,1.50,2.10
2011.04.12 06:15:49.327,6.30936,6.31143,1.35,1.03
2011.04.12 06:15:49.437,6.30931,6.31143,1.35,1.03
2011.04.12 06:15:49.658,6.30917,6.31127,1.08,2.10
2011.04.12 06:15:49.987,6.30917,6.31127,1.08,2.10
2011.04.12 06:15:54.307,6.30921,6.31143,1.35,1.78
2011.04.12 06:15:57.238,6.30938,6.31213,1.35,1.62
2011.04.12 06:15:57.459,6.30947,6.31213,2.25,1.62
2011.04.12 06:15:57.568,6.30927,6.31213,2.25,1.62
2011.04.12 06:15:57.678,6.30955,6.31214,1.50,1.62
2011.04.12 06:15:58.977,6.30956,6.31201,1.50,1.62
2011.04.12 06:16:00.478,6.30918,6.31174,1.50,1.62
2011.04.12 06:16:00.594,6.30917,6.31136,1.08,1.19
2011.04.12 06:16:00.710,6.30905,6.31136,1.50,1.62
2011.04.12 06:16:00.820,6.30877,6.31129,1.83,1.62
2011.04.12 06:16:01.657,6.3089,6.31128,1.50,1.62
2011.04.12 06:16:01.768,6.30913,6.31128,1.08,1.19
2011.04.12 06:16:01.877,6.30918,6.31138,1.08,1.19
2011.04.12 06:16:02.207,6.30897,6.31118,1.83,1.19
2011.04.12 06:16:02.318,6.30897,6.31131,1.83,1.62
2011.04.12 06:16:02.774,6.30897,6.31131,1.08,1.62
2011.04.12 06:16:04.808,6.30897,6.3111,1.08,1.19
2011.04.12 06:16:09.761,6.30897,6.31124,1.83,1.62
2011.04.12 06:16:11.749,6.30913,6.31148,1.50,1.62
2011.04.12 06:16:11.858,6.30913,6.31148,1.50,1.62
2011.04.12 06:16:12.387,6.3092,6.31149,1.50,1.62
2011.04.12 06:16:12.716,6.30911,6.31138,1.50,1.62
2011.04.12 06:16:13.487,6.30897,6.31125,1.08,1.62
2011.04.12 06:16:13.819,6.30928,6.31125,1.08,1.19
2011.04.12 06:16:13.928,6.30951,6.31134,1.50,1.19
2011.04.12 06:16:14.038,6.30951,6.31152,1.50,1.19
2011.04.12 06:16:14.640,6.30968,6.31161,1.50,1.19
2011.04.12 06:16:14.749,6.30966,6.31173,1.50,1.62
2011.04.12 06:16:14.859,6.30966,6.31176,1.50,1.62
2011.04.12 06:16:15.188,6.30967,6.31176,1.08,1.19
2011.04.12 06:16:15.908,6.30967,6.31172,1.08,1.19
2011.04.12 06:16:16.458,6.30943,6.31155,1.50,1.47
2011.04.12 06:16:16.569,6.30916,6.31143,2.10,1.62
2011.04.12 06:16:17.500,6.30916,6.31143,2.10,1.62
2011.04.12 06:16:17.829,6.30917,6.31144,1.50,1.62
2011.04.12 06:16:18.267,6.3094,6.31145,1.50,1.62
2011.04.12 06:16:18.597,6.30952,6.31147,1.35,1.19
2011.04.12 06:16:18.707,6.30952,6.31171,1.35,1.62
2011.04.12 06:16:19.968,6.3096,6.31184,1.50,1.47
2011.04.12 06:16:20.190,6.30977,6.31187,1.35,1.19
2011.04.12 06:16:20.298,6.30983,6.31187,1.08,1.19
2011.04.12 06:16:20.410,6.30987,6.31198,1.08,1.19
2011.04.12 06:16:20.630,6.31003,6.3123,1.50,1.62
2011.04.12 06:16:20.849,6.30988,6.31231,1.50,1.62
2011.04.12 06:16:21.067,6.31007,6.3123,1.50,1.62
2011.04.12 06:16:22.309,6.30999,6.31217,1.50,1.62
2011.04.12 06:16:22.420,6.30977,6.31202,1.35,1.62
2011.04.12 06:16:22.531,6.30977,6.31202,1.35,1.62
2011.04.12 06:16:22.749,6.30977,6.31216,1.35,1.62
2011.04.12 06:16:22.968,6.30993,6.31216,1.50,1.62
2011.04.12 06:16:23.352,6.30993,6.31192,1.50,1.03
2011.04.12 06:16:23.580,6.30985,6.31185,1.50,1.47
2011.04.12 06:16:23.691,6.30961,6.31185,1.50,1.47
2011.04.12 06:16:24.020,6.30961,6.31182,1.50,1.62
2011.04.12 06:16:24.351,6.30977,6.31202,1.35,1.62
2011.04.12 06:16:24.460,6.30992,6.31216,1.50,1.47
2011.04.12 06:16:25.291,6.31001,6.31216,1.50,1.47
2011.04.12 06:16:27.128,6.30988,6.31212,1.50,1.62
2011.04.12 06:16:27.569,6.30987,6.31216,1.50,1.47
2011.04.12 06:16:28.010,6.30985,6.31175,1.50,1.47
2011.04.12 06:16:28.119,6.30961,6.31175,1.50,1.47
2011.04.12 06:16:28.228,6.30961,6.31175,1.50,1.47
2011.04.12 06:16:31.248,6.30963,6.31175,1.50,1.47
2011.04.12 06:16:35.771,6.30987,6.3119,1.83,1.19
2011.04.12 06:16:35.879,6.31013,6.31192,1.50,1.19
2011.04.12 06:16:36.099,6.30981,6.31212,1.50,1.62
2011.04.12 06:16:36.207,6.30981,6.31213,1.50,1.62
2011.04.12 06:16:36.318,6.30957,6.31186,1.50,1.62
2011.04.12 06:16:36.649,6.30957,6.31186,1.50,1.62
2011.04.12 06:16:36.760,6.30968,6.31186,1.08,1.19
2011.04.12 06:16:37.087,6.30978,6.31207,1.50,1.62
2011.04.12 06:16:38.438,6.30962,6.31189,1.50,1.62
2011.04.12 06:16:45.647,6.30986,6.31189,1.08,1.19
2011.04.12 06:16:45.757,6.31013,6.31194,1.50,1.19
2011.04.12 06:16:45.867,6.31013,6.31203,1.50,1.19
2011.04.12 06:16:49.839,6.31008,6.31194,1.08,1.19
2011.04.12 06:16:50.267,6.30983,6.31183,1.50,1.19
2011.04.12 06:16:50.597,6.30985,6.31183,1.50,1.19
2011.04.12 06:16:53.218,6.30986,6.31183,1.08,1.19
2011.04.12 06:16:53.438,6.30996,6.31183,1.08,1.19
2011.04.12 06:16:55.569,6.31,6.31194,1.68,1.19
2011.04.12 06:16:55.898,6.31052,6.31231,1.35,1.19
2011.04.12 06:16:56.008,6.31052,6.31256,1.35,1.19
2011.04.12 06:16:56.119,6.31051,6.31256,1.35,1.19
2011.04.12 06:16:56.524,6.31058,6.31263,1.35,1.62
2011.04.12 06:16:59.108,6.31047,6.31239,1.08,1.19
2011.04.12 06:16:59.219,6.31016,6.3121,1.08,1.19
2011.04.12 06:17:00.027,6.31016,6.31209,1.08,1.19
2011.04.12 06:17:01.709,6.31002,6.31186,1.08,1.19
2011.04.12 06:17:01.817,6.3098,6.31186,1.50,1.19
2011.04.12 06:17:03.599,6.3098,6.31181,1.50,1.19
2011.04.12 06:17:03.821,6.30952,6.31155,1.50,1.19
2011.04.12 06:17:03.940,6.30952,6.31153,1.50,1.50
2011.04.12 06:17:04.049,6.30949,6.31153,1.35,1.50
2011.04.12 06:17:04.507,6.30949,6.3115,1.35,1.19
2011.04.12 06:17:06.128,6.30949,6.3115,1.35,1.19
2011.04.12 06:17:10.968,6.30948,6.31146,1.08,1.19
2011.04.12 06:17:15.148,6.30948,6.31146,1.08,1.19
2011.04.12 06:17:16.298,6.3096,6.31162,1.50,1.19
2011.04.12 06:17:17.228,6.3096,6.31153,1.50,1.18
2011.04.12 06:17:17.517,6.3096,6.31153,1.50,1.62
2011.04.12 06:17:17.631,6.30936,6.31139,1.50,1.19
2011.04.12 06:17:17.959,6.30944,6.31143,1.50,1.18
2011.04.12 06:17:18.559,6.30944,6.31107,1.50,2.10
2011.04.12 06:17:18.780,6.3089,6.31109,1.50,1.62
2011.04.12 06:17:18.889,6.3089,6.31094,1.50,1.19
2011.04.12 06:17:19.109,6.30888,6.31084,1.08,1.19
2011.04.12 06:17:19.768,6.30898,6.31084,1.50,1.19
2011.04.12 06:17:20.098,6.30917,6.31128,1.08,1.19
2011.04.12 06:17:20.208,6.30931,6.31158,1.50,1.62
2011.04.12 06:17:20.908,6.30955,6.31153,1.08,1.19
2011.04.12 06:17:21.349,6.30964,6.31153,1.08,1.19
2011.04.12 06:17:23.607,6.30964,6.31162,1.08,1.19
2011.04.12 06:17:23.938,6.30972,6.31162,1.08,1.19
2011.04.12 06:17:24.489,6.30972,6.31153,1.08,1.19
2011.04.12 06:17:24.817,6.30955,6.31142,1.08,1.19
2011.04.12 06:17:25.147,6.31058,6.31142,4.50,1.19
2011.04.12 06:17:25.477,6.31058,6.31373,5.43,1.10
2011.04.12 06:17:25.588,6.31058,6.31392,5.43,1.49
2011.04.12 06:17:28.757,6.31121,6.31372,1.35,1.62
2011.04.12 06:17:29.087,6.31128,6.31372,1.68,1.94
2011.04.12 06:17:29.411,6.31128,6.31367,1.35,1.62
2011.04.12 06:17:30.410,6.31128,6.31362,1.35,1.62
2011.04.12 06:17:39.209,6.31107,6.31336,1.35,1.62
2011.04.12 06:17:39.540,6.31108,6.31333,1.35,1.62
2011.04.12 06:17:39.649,6.31099,6.31333,1.35,1.62
2011.04.12 06:17:40.091,6.31057,6.31283,1.35,1.18
2011.04.12 06:17:40.320,6.31031,6.31252,1.35,1.18
2011.04.12 06:17:40.430,6.31018,6.31252,3.60,1.18
2011.04.12 06:17:40.541,6.3103,6.31252,1.50,1.62
2011.04.12 06:17:41.098,6.3103,6.31254,1.50,1.62
2011.04.12 06:17:45.639,6.3103,6.31254,1.50,1.62
2011.04.12 06:17:45.970,6.31065,6.31265,1.50,1.62
2011.04.12 06:17:46.080,6.31067,6.31296,1.50,1.62
2011.04.12 06:17:46.409,6.31081,6.31296,1.35,1.62
2011.04.12 06:17:46.519,6.31085,6.31296,1.35,1.62
2011.04.12 06:17:47.209,6.31087,6.31312,1.50,1.62
2011.04.12 06:17:47.649,6.31086,6.31312,1.50,1.62
2011.04.12 06:17:49.849,6.31086,6.31312,1.50,1.62
2011.04.12 06:17:49.959,6.31086,6.31312,1.50,1.62
2011.04.12 06:17:52.838,6.31078,6.31232,1.50,1.18
2011.04.12 06:17:53.168,6.30867,6.31157,1.50,1.03
2011.04.12 06:17:53.277,6.30867,6.31157,1.50,1.03
2011.04.12 06:17:53.730,6.30891,6.3117,1.08,5.25
2011.04.12 06:17:53.839,6.30861,6.31222,1.08,1.47
2011.04.12 06:17:53.950,6.30861,6.31222,1.08,1.47
2011.04.12 06:17:54.352,6.30901,6.31222,1.08,1.47
2011.04.12 06:17:57.798,6.30968,6.31229,1.08,1.62
2011.04.12 06:18:00.599,6.30967,6.31142,1.50,1.18
2011.04.12 06:18:00.890,6.30934,6.31142,1.50,1.18
2011.04.12 06:18:01.011,6.30958,6.31173,1.35,1.18
2011.04.12 06:18:01.640,6.30958,6.31153,1.35,1.18
2011.04.12 06:18:01.749,6.30951,6.31142,1.50,1.35
2011.04.12 06:18:01.858,6.30934,6.31086,1.50,1.18
2011.04.12 06:18:01.968,6.30928,6.31086,1.50,1.18
2011.04.12 06:18:02.080,6.30903,6.31086,1.35,1.18
2011.04.12 06:18:02.187,6.30903,6.31113,1.35,1.19
2011.04.12 06:18:02.408,6.30903,6.31113,1.35,1.19
2011.04.12 06:18:02.738,6.30903,6.31113,1.35,1.19
2011.04.12 06:18:03.068,6.30932,6.31113,2.10,1.19
2011.04.12 06:18:03.510,6.30945,6.31138,1.35,1.19
2011.04.12 06:18:04.778,6.30945,6.31133,1.35,1.04
2011.04.12 06:18:05.218,6.30919,6.31113,1.35,1.19
2011.04.12 06:18:07.450,6.30918,6.311,2.10,1.19
2011.04.12 06:18:07.559,6.309,6.31092,1.35,1.19
2011.04.12 06:18:07.779,6.30872,6.31052,1.50,1.35
2011.04.12 06:18:07.888,6.3087,6.31052,1.35,1.35
2011.04.12 06:18:08.107,6.30865,6.31052,1.35,1.35
2011.04.12 06:18:08.798,6.30867,6.31048,1.68,1.04
2011.04.12 06:18:09.020,6.30877,6.31057,1.08,1.04
2011.04.12 06:18:09.849,6.30878,6.31057,1.50,1.04
2011.04.12 06:18:10.324,6.30877,6.31051,1.08,1.04
2011.04.12 06:18:10.440,6.3087,6.31051,1.68,1.04
2011.04.12 06:18:11.478,6.3087,6.31069,1.08,1.19
2011.04.12 06:18:11.808,6.30983,6.31204,1.35,1.19
2011.04.12 06:18:11.917,6.30983,6.31228,1.35,1.19
2011.04.12 06:18:12.027,6.30977,6.31228,1.08,1.19
2011.04.12 06:18:12.137,6.30983,6.31228,1.35,1.19
2011.04.12 06:18:12.512,6.30995,6.31261,1.50,1.62
2011.04.12 06:18:12.963,6.31021,6.3125,1.50,1.62
2011.04.12 06:18:13.081,6.31021,6.31262,1.50,1.62
2011.04.12 06:18:13.408,6.31021,6.31262,1.50,1.62
2011.04.12 06:18:14.730,6.31041,6.31262,1.50,1.62
2011.04.12 06:18:16.409,6.31058,6.31281,1.50,1.62
2011.04.12 06:18:20.078,6.31052,6.31263,1.50,1.62
2011.04.12 06:18:22.848,6.31055,6.31273,1.50,1.62
2011.04.12 06:18:25.029,6.31068,6.31285,1.50,1.62
2011.04.12 06:18:26.327,6.31063,6.31212,1.50,1.03
2011.04.12 06:18:26.659,6.30901,6.31143,1.50,1.18
2011.04.12 06:18:26.878,6.30901,6.31131,1.50,1.50
2011.04.12 06:18:27.097,6.30865,6.31131,1.08,1.50
2011.04.12 06:18:30.114,6.30885,6.31086,1.08,1.50
2011.04.12 06:18:30.727,6.30885,6.31086,1.08,1.50
2011.04.12 06:18:34.001,6.30885,6.31087,1.08,1.50
2011.04.12 06:18:34.757,6.30885,6.31087,1.08,1.50
2011.04.12 06:18:34.977,6.30885,6.31092,1.08,1.50
2011.04.12 06:18:35.897,6.30885,6.31092,1.08,1.50
2011.04.12 06:18:37.190,6.30865,6.31087,1.08,1.50
2011.04.12 06:18:38.569,6.30866,6.31087,1.08,1.50
2011.04.12 06:18:40.884,6.30883,6.31087,1.08,1.50
2011.04.12 06:18:41.000,6.30883,6.31087,1.08,1.50
2011.04.12 06:18:41.687,6.30883,6.31063,1.08,1.19
2011.04.12 06:18:43.799,6.30883,6.31062,1.08,1.19
2011.04.12 06:18:44.129,6.30868,6.31072,1.83,1.19
2011.04.12 06:18:46.204,6.30884,6.31072,1.08,1.19
2011.04.12 06:18:46.428,6.30877,6.31072,1.08,1.19
2011.04.12 06:18:46.648,6.30877,6.31079,1.08,1.19
2011.04.12 06:18:46.980,6.30877,6.31079,1.08,1.19
2011.04.12 06:18:47.310,6.30887,6.3109,1.08,1.19
2011.04.12 06:18:47.725,6.30889,6.31082,1.08,1.19
2011.04.12 06:18:47.845,6.30899,6.31093,1.50,1.19
2011.04.12 06:18:50.937,6.30899,6.31093,2.10,1.19
2011.04.12 06:18:51.440,6.30899,6.3108,2.10,1.19
2011.04.12 06:18:51.770,6.30857,6.31052,1.68,1.19
2011.04.12 06:18:51.879,6.30857,6.31033,1.68,4.50
2011.04.12 06:18:52.211,6.30744,6.30963,1.50,1.03
2011.04.12 06:18:52.432,6.30694,6.30928,1.08,1.19
2011.04.12 06:18:53.510,6.30714,6.30918,1.68,1.94
2011.04.12 06:18:53.850,6.30761,6.30948,1.08,1.04
2011.04.12 06:18:54.180,6.30761,6.3096,1.68,1.19
2011.04.12 06:18:54.398,6.30787,6.30992,1.68,1.19
2011.04.12 06:18:55.279,6.30798,6.30992,1.68,1.19
2011.04.12 06:18:55.608,6.30831,6.31036,1.68,1.19
2011.04.12 06:18:58.498,6.30839,6.31043,1.08,1.19
2011.04.12 06:18:59.688,6.30909,6.31043,2.10,1.19
2011.04.12 06:19:00.019,6.30857,6.31043,3.18,1.19
2011.04.12 06:19:00.129,6.30857,6.31043,3.18,1.19
2011.04.12 06:19:00.458,6.30858,6.31055,3.18,1.19
2011.04.12 06:19:00.679,6.30858,6.31044,3.18,1.19
2011.04.12 06:19:01.449,6.30877,6.31057,3.18,1.19
2011.04.12 06:19:08.719,6.30864,6.31068,1.08,1.19
2011.04.12 06:19:20.430,6.3085,6.31068,1.08,1.19
2011.04.12 06:19:20.650,6.30827,6.31054,1.08,1.19
2011.04.12 06:19:20.871,6.30812,6.31015,1.08,1.19
2011.04.12 06:19:22.328,6.30812,6.31005,1.08,1.19
2011.04.12 06:19:22.440,6.3079,6.31005,1.08,1.19
2011.04.12 06:19:23.771,6.30813,6.31016,1.08,1.19
2011.04.12 06:19:24.052,6.3082,6.31049,1.08,1.19
2011.04.12 06:19:24.170,6.30845,6.31049,1.08,1.19
2011.04.12 06:19:25.768,6.30853,6.31058,1.08,1.19
2011.04.12 06:19:32.748,6.30837,6.31042,1.08,1.19
2011.04.12 06:19:37.429,6.30837,6.31018,1.08,1.19
2011.04.12 06:19:37.539,6.30828,6.31018,1.08,1.19
2011.04.12 06:19:37.648,6.30796,6.31,1.08,1.19
2011.04.12 06:19:38.088,6.30837,6.31041,1.08,1.19
2011.04.12 06:19:38.308,6.30837,6.31041,1.08,1.19
2011.04.12 06:19:39.199,6.30851,6.31056,1.08,1.19
2011.04.12 06:19:45.129,6.30851,6.31056,1.08,1.19
2011.04.12 06:19:45.240,6.30896,6.311,1.08,1.19
2011.04.12 06:19:45.459,6.30881,6.311,1.08,1.27
2011.04.12 06:19:45.898,6.30881,6.31084,1.08,1.19
2011.04.12 06:19:49.410,6.3086,6.31063,1.08,1.19
2011.04.12 06:19:58.960,6.3085,6.31055,1.08,1.19
2011.04.12 06:19:59.069,6.30837,6.31055,1.08,1.19
2011.04.12 06:19:59.399,6.30779,6.30984,1.08,1.19
2011.04.12 06:20:00.367,6.30779,6.30984,1.08,1.19
2011.04.12 06:20:00.484,6.30793,6.30996,1.08,1.19
2011.04.12 06:20:00.933,6.30793,6.31004,1.08,1.19
2011.04.12 06:20:01.379,6.30793,6.30996,1.08,1.19
2011.04.12 06:20:02.088,6.30783,6.30995,1.08,1.19
2011.04.12 06:20:02.941,6.30793,6.30997,1.08,1.19
2011.04.12 06:20:03.269,6.30793,6.30997,1.08,1.19
2011.04.12 06:20:03.490,6.30839,6.31042,1.08,1.19
2011.04.12 06:20:06.068,6.30839,6.31042,1.08,1.19
2011.04.12 06:20:06.179,6.30794,6.30998,1.08,1.19
2011.04.12 06:20:06.324,6.30794,6.30998,1.08,1.19
2011.04.12 06:20:06.552,6.30785,6.30999,1.68,1.19
2011.04.12 06:20:07.109,6.30799,6.30998,1.08,1.19
2011.04.12 06:20:09.858,6.30785,6.30988,1.68,1.19
2011.04.12 06:20:11.914,6.30757,6.30961,1.08,1.19
2011.04.12 06:20:12.311,6.30757,6.30961,1.08,1.19
2011.04.12 06:20:12.432,6.30735,6.30938,1.08,1.19
2011.04.12 06:20:12.882,6.30716,6.30919,1.08,1.19
2011.04.12 06:20:13.222,6.30692,6.30919,1.83,1.19
2011.04.12 06:20:13.450,6.30692,6.30911,1.08,1.19
2011.04.12 06:20:13.670,6.30707,6.30927,1.08,1.19
2011.04.12 06:20:14.220,6.30734,6.30915,1.08,1.19
2011.04.12 06:20:14.438,6.30734,6.30938,1.08,1.19
2011.04.12 06:20:14.659,6.30734,6.30938,1.08,1.19
2011.04.12 06:20:14.768,6.30746,6.30938,1.08,1.19
2011.04.12 06:20:15.419,6.30735,6.3095,1.08,1.19
2011.04.12 06:20:16.081,6.30754,6.30957,1.08,1.19
2011.04.12 06:20:16.200,6.30778,6.30957,1.08,1.19
2011.04.12 06:20:16.309,6.30778,6.30981,1.08,1.19
2011.04.12 06:20:16.420,6.30794,6.30981,1.08,1.19
2011.04.12 06:20:21.848,6.30807,6.3101,1.08,1.19
2011.04.12 06:20:22.179,6.30807,6.3101,1.08,1.19
2011.04.12 06:20:22.288,6.30823,6.31026,1.08,1.19
2011.04.12 06:20:22.508,6.30822,6.31037,1.08,1.27
2011.04.12 06:20:23.220,6.30832,6.31036,1.08,1.19
2011.04.12 06:20:25.890,6.30832,6.31036,1.08,1.19
2011.04.12 06:20:26.001,6.30815,6.31031,1.08,1.19
2011.04.12 06:20:26.441,6.30815,6.31021,1.08,1.19
2011.04.12 06:20:27.598,6.30815,6.31021,1.08,1.19
2011.04.12 06:20:27.920,6.30789,6.31002,1.08,1.19
2011.04.12 06:20:28.527,6.30796,6.31002,1.08,1.19
2011.04.12 06:20:29.578,6.30782,6.30996,1.08,1.19
2011.04.12 06:20:30.018,6.30782,6.30986,1.08,1.19
2011.04.12 06:20:30.453,6.30794,6.30999,1.08,1.19
2011.04.12 06:20:34.652,6.3083,6.31034,1.08,1.66
2011.04.12 06:20:34.871,6.30799,6.3101,1.08,1.19
2011.04.12 06:20:35.201,6.30785,6.30989,1.08,1.19
2011.04.12 06:20:35.308,6.30785,6.30989,1.08,1.19
2011.04.12 06:20:35.530,6.30772,6.30989,1.08,1.19
2011.04.12 06:20:37.379,6.30772,6.30972,1.08,1.19
2011.04.12 06:20:37.488,6.30757,6.30962,1.08,1.19
2011.04.12 06:20:38.149,6.30757,6.30962,1.08,1.19
2011.04.12 06:20:39.739,6.30757,6.30962,1.08,1.19
2011.04.12 06:20:40.073,6.30745,6.30949,1.08,1.19
2011.04.12 06:20:40.439,6.30715,6.3092,1.08,1.19
2011.04.12 06:20:41.649,6.30728,6.30953,1.08,1.19
2011.04.12 06:20:41.759,6.30752,6.30955,1.08,1.19
2011.04.12 06:20:42.089,6.30752,6.30936,1.08,1.19
2011.04.12 06:20:42.198,6.30732,6.30936,1.08,1.19
2011.04.12 06:20:43.221,6.30732,6.30913,1.08,1.19
2011.04.12 06:20:43.328,6.30702,6.30906,1.08,1.19
2011.04.12 06:20:43.769,6.30712,6.30917,1.08,1.19
2011.04.12 06:20:44.535,6.30737,6.30941,1.08,1.19
2011.04.12 06:20:46.589,6.30721,6.30925,1.08,1.19
2011.04.12 06:20:47.680,6.30734,6.30939,1.08,1.19
2011.04.12 06:20:49.878,6.30734,6.30939,1.08,1.19
2011.04.12 06:20:50.208,6.30745,6.30949,1.08,1.19
2011.04.12 06:20:50.801,6.30745,6.30924,1.08,1.19
2011.04.12 06:20:50.920,6.30697,6.30913,1.08,1.19
2011.04.12 06:20:52.237,6.30696,6.30901,1.08,1.19
2011.04.12 06:20:53.409,6.3071,6.30915,1.08,1.19
2011.04.12 06:20:54.299,6.30718,6.30922,1.08,1.19
2011.04.12 06:20:57.179,6.30697,6.30901,1.08,1.19
2011.04.12 06:20:58.030,6.30707,6.3091,1.08,1.19
2011.04.12 06:21:01.281,6.30696,6.30912,1.08,1.19
2011.04.12 06:21:04.360,6.30696,6.30913,1.08,1.27
2011.04.12 06:21:06.689,6.30712,6.30917,1.08,1.19
2011.04.12 06:21:07.789,6.3069,6.30904,1.08,1.19
2011.04.12 06:21:08.819,6.3069,6.30893,1.08,1.19
2011.04.12 06:21:09.039,6.30705,6.30908,1.08,1.19
2011.04.12 06:21:09.370,6.30691,6.30907,1.08,1.19
2011.04.12 06:21:10.139,6.30702,6.3092,1.08,1.19
2011.04.12 06:21:10.358,6.30702,6.30902,1.08,1.19
2011.04.12 06:21:10.799,6.30713,6.30917,1.08,1.19
2011.04.12 06:21:12.368,6.30706,6.30909,1.08,1.19
2011.04.12 06:21:12.807,6.3069,6.30909,1.08,1.19
2011.04.12 06:21:15.931,6.30675,6.30875,1.08,1.19
2011.04.12 06:21:16.151,6.30654,6.30858,1.08,1.19
2011.04.12 06:21:16.870,6.30644,6.30844,1.08,1.19
2011.04.12 06:21:17.090,6.30617,6.3082,1.08,1.19
2011.04.12 06:21:17.637,6.30608,6.30821,1.08,1.19
2011.04.12 06:21:17.747,6.30609,6.30809,1.08,1.19
2011.04.12 06:21:19.888,6.3062,6.30823,1.08,1.19
2011.04.12 06:21:23.978,6.30596,6.30823,1.50,1.62
2011.04.12 06:21:27.238,6.30596,6.30821,1.50,1.62
2011.04.12 06:21:27.349,6.30589,6.30787,1.50,1.03
2011.04.12 06:21:28.420,6.30586,6.30813,1.50,1.62
2011.04.12 06:21:37.689,6.30566,6.30773,1.50,2.04
2011.04.12 06:21:40.170,6.30551,6.3078,1.50,1.62
2011.04.12 06:21:45.970,6.30523,6.30702,1.50,1.44
2011.04.12 06:21:46.190,6.30474,6.30702,1.50,2.62
2011.04.12 06:21:46.302,6.30474,6.30692,1.50,1.69
2011.04.12 06:21:46.529,6.30441,6.30668,1.50,1.62
2011.04.12 06:21:49.344,6.30431,6.3066,1.50,1.62
2011.04.12 06:21:49.462,6.30455,6.30707,1.50,1.62
2011.04.12 06:21:49.582,6.30478,6.30707,1.50,1.62
2011.04.12 06:21:49.920,6.30526,6.30755,1.50,1.62
2011.04.12 06:21:50.469,6.30526,6.30755,1.50,1.62
2011.04.12 06:21:50.688,6.30549,6.30778,1.50,1.62
2011.04.12 06:21:52.502,6.30549,6.30778,1.50,1.62
2011.04.12 06:21:52.730,6.3056,6.30789,1.50,1.62
2011.04.12 06:21:54.371,6.30596,6.30837,1.50,1.62
2011.04.12 06:21:54.589,6.3061,6.30837,1.50,1.62
2011.04.12 06:21:57.949,6.3061,6.30837,1.50,1.62
2011.04.12 06:21:58.279,6.30659,6.30888,1.50,1.62
2011.04.12 06:22:00.551,6.30649,6.30878,1.50,1.62
2011.04.12 06:22:05.219,6.30649,6.30872,1.50,1.62
2011.04.12 06:22:05.440,6.30638,6.30863,1.50,1.62
2011.04.12 06:22:05.548,6.30613,6.3084,1.50,1.62
2011.04.12 06:22:07.349,6.306,6.30829,1.50,1.62
2011.04.12 06:22:14.838,6.306,6.30829,1.50,1.62
2011.04.12 06:22:15.281,6.30573,6.308,1.50,1.62
2011.04.12 06:22:15.400,6.30549,6.30778,1.50,1.62
2011.04.12 06:22:15.509,6.30549,6.30778,1.50,1.62
2011.04.12 06:22:16.639,6.30549,6.30778,1.50,1.62
2011.04.12 06:22:18.029,6.30549,6.30778,1.50,1.62
2011.04.12 06:22:18.139,6.30531,6.3076,1.50,1.62
2011.04.12 06:22:23.799,6.30524,6.30751,1.50,1.62
2011.04.12 06:22:33.821,6.30535,6.30733,1.50,1.80
2011.04.12 06:22:34.809,6.3051,6.30739,1.50,1.62
2011.04.12 06:22:35.122,6.30498,6.30739,1.50,1.62
2011.04.12 06:22:35.879,6.30498,6.30725,1.50,1.62
2011.04.12 06:22:39.399,6.30435,6.30664,1.50,1.62
2011.04.12 06:22:39.618,6.30419,6.30646,1.50,1.69
2011.04.12 06:22:46.849,6.30419,6.30646,1.50,1.62
2011.04.12 06:22:46.959,6.30419,6.30612,1.50,1.33
2011.04.12 06:22:47.069,6.30419,6.30583,1.50,1.18
2011.04.12 06:22:47.288,6.30376,6.30581,1.50,1.19
2011.04.12 06:22:51.238,6.3038,6.30583,1.50,1.62
2011.04.12 06:22:51.689,6.30385,6.30583,1.50,1.18
2011.04.12 06:22:52.721,6.30415,6.30613,1.50,1.62
2011.04.12 06:22:53.063,6.30447,6.30629,1.08,1.19
2011.04.12 06:22:53.351,6.30451,6.30654,1.50,1.50
2011.04.12 06:22:55.970,6.30326,6.30547,1.50,1.47
2011.04.12 06:22:56.192,6.30314,6.30513,1.50,1.03
2011.04.12 06:22:56.408,6.30294,6.30512,1.50,1.04
2011.04.12 06:22:57.579,6.30294,6.30512,1.50,1.47
2011.04.12 06:22:57.688,6.30282,6.30511,1.50,1.62
2011.04.12 06:22:58.558,6.30295,6.30512,1.50,1.47
2011.04.12 06:23:00.649,6.30313,6.30522,1.35,1.62
2011.04.12 06:23:10.175,6.30311,6.30506,1.73,1.04
2011.04.12 06:23:12.329,6.30301,6.30472,1.61,1.03
2011.04.12 06:23:12.878,6.30291,6.30472,1.08,1.47
2011.04.12 06:23:14.459,6.30291,6.30445,1.08,4.50
2011.04.12 06:23:14.789,6.30144,6.3037,1.50,1.50
2011.04.12 06:23:14.897,6.30138,6.30362,1.08,1.50
2011.04.12 06:23:15.009,6.30112,6.30362,1.08,1.50
2011.04.12 06:23:15.741,6.30112,6.30362,1.08,1.50
2011.04.12 06:23:16.319,6.30132,6.30362,1.08,1.50
2011.04.12 06:23:16.540,6.30149,6.30395,1.08,1.35
2011.04.12 06:23:17.309,6.30149,6.30382,1.08,1.50
2011.04.12 06:23:19.019,6.30149,6.30381,1.08,1.50
2011.04.12 06:23:19.569,6.30149,6.30381,1.08,1.50
2011.04.12 06:23:20.009,6.30165,6.30397,1.68,1.19
2011.04.12 06:23:20.530,6.30165,6.3042,1.68,1.19
2011.04.12 06:23:21.079,6.30149,6.30392,3.18,1.19
2011.04.12 06:23:21.519,6.30139,6.30379,1.68,1.19
2011.04.12 06:23:24.080,6.30128,6.30361,1.08,1.62
2011.04.12 06:23:24.189,6.30128,6.30352,1.08,1.18
2011.04.12 06:23:24.298,6.30128,6.30346,1.08,1.19
2011.04.12 06:23:28.102,6.30128,6.30337,1.08,1.50
2011.04.12 06:23:28.429,6.30139,6.30342,1.08,1.50
2011.04.12 06:23:29.988,6.30138,6.30338,1.08,1.19
2011.04.12 06:23:36.132,6.30164,6.30353,1.08,1.19
2011.04.12 06:23:36.349,6.30174,6.30392,1.08,2.43
2011.04.12 06:23:36.900,6.30192,6.30383,1.08,2.69
2011.04.12 06:23:37.448,6.30183,6.30382,1.08,1.27
2011.04.12 06:23:40.120,6.30183,6.30372,1.08,1.19
2011.04.12 06:23:40.449,6.30167,6.30372,1.08,1.19
2011.04.12 06:23:43.429,6.30152,6.30343,1.08,1.19
2011.04.12 06:23:43.879,6.30141,6.30343,1.08,1.19
2011.04.12 06:23:49.360,6.30141,6.30345,1.08,1.19
2011.04.12 06:23:49.580,6.30172,6.30375,1.08,1.19
2011.04.12 06:23:51.781,6.30148,6.30375,1.83,1.19
2011.04.12 06:23:52.012,6.30123,6.30327,1.50,1.04
2011.04.12 06:23:52.357,6.30119,6.30323,1.08,1.19
2011.04.12 06:23:55.398,6.30137,6.30341,1.08,1.19
2011.04.12 06:23:58.788,6.30137,6.30341,1.08,1.19
2011.04.12 06:23:58.902,6.3015,6.30354,1.08,1.19
2011.04.12 06:24:00.149,6.30158,6.30362,1.08,1.19
2011.04.12 06:24:03.841,6.30167,6.30362,1.08,1.19
2011.04.12 06:24:04.171,6.30167,6.30371,1.08,1.19
2011.04.12 06:24:04.290,6.30193,6.30381,1.08,1.19
2011.04.12 06:24:04.399,6.30203,6.30406,1.68,1.27
2011.04.12 06:24:04.511,6.30212,6.30406,1.68,1.27
2011.04.12 06:24:04.619,6.30233,6.30437,1.08,1.19
2011.04.12 06:24:09.428,6.30225,6.3043,1.08,1.19
2011.04.12 06:24:15.920,6.30206,6.3041,1.08,1.19
2011.04.12 06:24:16.545,6.30197,6.30411,1.08,1.27
2011.04.12 06:24:16.768,6.30205,6.3041,1.08,1.27
2011.04.12 06:24:24.559,6.30205,6.3041,1.68,1.19
2011.04.12 06:24:25.739,6.30212,6.30543,2.43,1.62
2011.04.12 06:24:25.848,6.30185,6.3054,1.08,1.19
2011.04.12 06:24:26.069,6.30185,6.30483,1.08,1.40
2011.04.12 06:24:26.819,6.3027,6.30463,5.43,1.40
2011.04.12 06:24:26.933,6.3027,6.3057,5.43,1.19
2011.04.12 06:24:30.041,6.3025,6.30522,1.08,1.18
2011.04.12 06:24:30.149,6.30249,6.30511,1.08,1.19
2011.04.12 06:24:32.522,6.30249,6.30473,1.08,1.19
2011.04.12 06:24:32.860,6.30177,6.30397,1.08,1.18
2011.04.12 06:24:32.970,6.30177,6.30397,1.08,1.62
2011.04.12 06:24:34.209,6.30218,6.30425,1.50,1.62
2011.04.12 06:24:34.694,6.30225,6.30422,1.08,1.88
2011.04.12 06:24:35.030,6.30214,6.30423,1.08,1.61
2011.04.12 06:24:35.359,6.30205,6.30412,1.08,1.38
2011.04.12 06:24:35.689,6.30206,6.30402,1.08,1.19
2011.04.12 06:24:42.178,6.30205,6.30412,1.08,1.19
2011.04.12 06:24:43.460,6.30192,6.30397,1.08,1.19
2011.04.12 06:24:43.572,6.3026,6.30397,5.43,1.19
2011.04.12 06:24:43.691,6.3026,6.30515,5.43,1.19
2011.04.12 06:24:43.801,6.30164,6.30491,1.08,1.19
2011.04.12 06:24:44.130,6.30144,6.30389,1.08,1.19
2011.04.12 06:24:44.238,6.3012,6.30389,1.50,1.62
2011.04.12 06:24:44.570,6.30144,6.30399,1.35,1.62
2011.04.12 06:24:44.899,6.30164,6.30399,1.68,1.19
2011.04.12 06:24:45.118,6.30175,6.3041,1.68,1.19
2011.04.12 06:24:45.518,6.30217,6.3039,2.43,1.19
2011.04.12 06:24:45.850,6.30186,6.30496,1.08,1.19
2011.04.12 06:24:45.959,6.30167,6.30433,1.08,1.18
2011.04.12 06:24:46.508,6.30167,6.30433,1.08,1.62
2011.04.12 06:24:46.729,6.30185,6.30433,1.08,1.19
2011.04.12 06:24:47.058,6.30185,6.30402,1.08,1.19
2011.04.12 06:24:47.448,6.30198,6.30421,1.08,1.19
2011.04.12 06:24:47.565,6.30317,6.30421,4.83,1.19
2011.04.12 06:24:47.899,6.30317,6.30498,4.83,1.04
2011.04.12 06:24:48.011,6.30238,6.3054,2.58,2.10
2011.04.12 06:24:48.478,6.30205,6.30524,1.68,1.04
2011.04.12 06:24:48.920,6.30225,6.30547,1.68,1.19
2011.04.12 06:24:49.139,6.30316,6.30594,4.83,1.19
2011.04.12 06:24:49.248,6.30316,6.30594,4.83,1.19
2011.04.12 06:24:49.799,6.30254,6.30572,1.08,1.19
2011.04.12 06:24:50.358,6.30274,6.3057,1.08,1.19
2011.04.12 06:24:50.690,6.30209,6.30503,1.50,1.62
2011.04.12 06:24:51.329,6.30233,6.3052,1.08,1.19
2011.04.12 06:25:01.423,6.30209,6.30512,1.08,1.19
2011.04.12 06:25:02.261,6.30219,6.30489,1.08,1.19
2011.04.12 06:25:05.566,6.30219,6.30489,1.08,1.19
2011.04.12 06:25:06.920,6.3023,6.30423,1.08,1.19
2011.04.12 06:25:07.718,6.30229,6.30434,1.08,1.19
2011.04.12 06:25:22.960,6.30305,6.30507,1.08,1.19
2011.04.12 06:25:23.068,6.30343,6.30522,1.08,1.19
2011.04.12 06:25:23.178,6.30343,6.30547,1.08,1.19
2011.04.12 06:25:25.362,6.30358,6.30574,1.08,1.19
2011.04.12 06:25:25.479,6.30376,6.30574,1.08,1.19
2011.04.12 06:25:25.921,6.30376,6.30582,1.08,1.19
2011.04.12 06:25:26.140,6.30406,6.3061,1.08,1.19
2011.04.12 06:25:36.236,6.30395,6.30589,1.08,1.19
2011.04.12 06:25:37.618,6.30405,6.3061,1.08,1.19
2011.04.12 06:25:45.720,6.30405,6.30586,1.08,1.19
2011.04.12 06:25:46.049,6.3039,6.30589,1.08,1.19
2011.04.12 06:25:46.819,6.30388,6.30583,1.08,1.19
2011.04.12 06:25:47.039,6.30381,6.30573,1.08,1.19
2011.04.12 06:25:48.752,6.3036,6.30564,1.08,1.19
2011.04.12 06:25:51.699,6.30368,6.30577,1.08,1.19
2011.04.12 06:25:56.842,6.30408,6.30602,1.08,1.19
2011.04.12 06:26:00.300,6.30392,6.30593,1.08,1.19
2011.04.12 06:26:00.410,6.30392,6.30583,1.08,1.19
2011.04.12 06:26:01.129,6.30383,6.30582,1.08,1.19
2011.04.12 06:26:11.860,6.30383,6.30558,1.08,1.19
2011.04.12 06:26:12.106,6.30361,6.30554,1.08,1.19
2011.04.12 06:26:12.224,6.30361,6.30548,1.08,1.19
2011.04.12 06:26:12.559,6.30339,6.30538,1.08,1.19
2011.04.12 06:26:18.297,6.30237,6.30463,1.08,1.19
2011.04.12 06:26:18.410,6.30237,6.30463,1.08,1.19
2011.04.12 06:26:18.629,6.30226,6.30457,1.08,1.19
2011.04.12 06:26:18.742,6.30202,6.30435,1.50,1.50
2011.04.12 06:26:18.959,6.30147,6.30402,1.08,1.19
2011.04.12 06:26:19.071,6.30159,6.30383,1.08,1.19
2011.04.12 06:26:19.842,6.30166,6.30369,1.08,1.19
2011.04.12 06:26:20.170,6.30158,6.30353,1.08,1.19
2011.04.12 06:26:24.021,6.30145,6.30324,1.08,1.19
2011.04.12 06:26:24.133,6.30128,6.30324,1.08,1.19
2011.04.12 06:26:24.253,6.30122,6.30312,1.08,1.19
2011.04.12 06:26:24.590,6.30104,6.30292,1.08,1.19
2011.04.12 06:26:24.921,6.30085,6.30289,1.08,1.19
2011.04.12 06:26:25.232,6.30085,6.30266,1.08,1.04
2011.04.12 06:26:26.549,6.30097,6.30295,1.08,1.04
2011.04.12 06:26:27.441,6.3011,6.30298,1.08,1.04
2011.04.12 06:26:30.800,6.3011,6.30298,1.08,1.04
2011.04.12 06:26:31.460,6.30119,6.30321,1.08,1.19
2011.04.12 06:26:31.571,6.30119,6.30341,1.08,1.04
2011.04.12 06:26:31.791,6.30166,6.30347,1.08,1.04
2011.04.12 06:26:31.900,6.30167,6.30383,1.08,1.19
2011.04.12 06:26:32.229,6.30203,6.30398,1.08,1.04
2011.04.12 06:26:33.395,6.30203,6.30384,1.08,1.19
2011.04.12 06:26:33.509,6.30187,6.30368,1.08,1.35
2011.04.12 06:26:33.622,6.30165,6.30344,1.08,1.04
2011.04.12 06:26:36.070,6.30122,6.30327,1.08,1.19
2011.04.12 06:26:36.729,6.30114,6.30318,1.08,1.19
2011.04.12 06:26:38.820,6.30127,6.30308,1.08,1.04
2011.04.12 06:26:39.039,6.30127,6.3033,1.08,1.04
2011.04.12 06:26:39.150,6.30156,6.30335,1.08,1.04
2011.04.12 06:26:40.779,6.30156,6.30335,1.08,1.04
2011.04.12 06:26:41.108,6.30143,6.3033,1.08,1.04
2011.04.12 06:26:45.752,6.30153,6.30334,1.08,1.04
2011.04.12 06:26:46.432,6.30163,6.30344,1.08,1.04
2011.04.12 06:26:47.372,6.3014,6.3033,1.08,1.04
2011.04.12 06:26:48.139,6.30125,6.30329,1.08,1.19
2011.04.12 06:26:48.359,6.30155,6.30336,1.08,1.04
2011.04.12 06:26:48.580,6.30148,6.30329,1.08,1.50
2011.04.12 06:26:48.691,6.30126,6.30305,1.08,1.04
2011.04.12 06:26:49.467,6.30126,6.30329,1.08,1.19
2011.04.12 06:26:49.586,6.30156,6.30335,1.08,1.04
2011.04.12 06:26:51.738,6.30148,6.30331,1.08,1.04
2011.04.12 06:26:56.527,6.30138,6.30331,1.08,1.04
2011.04.12 06:26:57.578,6.30147,6.30331,1.08,1.04
2011.04.12 06:26:59.659,6.30159,6.30338,1.08,1.04
2011.04.12 06:27:05.319,6.30159,6.30363,1.08,1.19
2011.04.12 06:27:05.649,6.30173,6.30363,1.08,1.19
2011.04.12 06:27:09.609,6.30165,6.30369,1.08,1.19
2011.04.12 06:27:16.530,6.30153,6.30369,1.08,1.19
2011.04.12 06:27:18.749,6.30145,6.30356,1.08,1.19
2011.04.12 06:27:21.890,6.30145,6.30348,1.08,1.19
2011.04.12 06:27:22.220,6.30125,6.30328,1.08,1.19
2011.04.12 06:27:22.659,6.3011,6.30328,1.08,1.19
2011.04.12 06:27:24.350,6.30182,6.30311,1.68,1.19
2011.04.12 06:27:24.779,6.30191,6.30324,1.08,1.19
2011.04.12 06:27:24.910,6.30191,6.30453,1.08,1.19
2011.04.12 06:27:33.844,6.30191,6.30433,1.08,1.19
2011.04.12 06:27:37.690,6.30192,6.3045,1.08,1.19
2011.04.12 06:27:39.231,6.30271,6.3045,2.43,1.19
2011.04.12 06:27:39.560,6.30347,6.30521,1.08,1.19
2011.04.12 06:27:39.670,6.30156,6.30521,1.68,1.19
2011.04.12 06:27:39.778,6.30156,6.30489,1.68,1.19
2011.04.12 06:27:40.521,6.30326,6.30489,5.10,1.19
2011.04.12 06:27:40.802,6.30326,6.30634,5.10,1.62
2011.04.12 06:27:40.911,6.30326,6.30634,5.43,1.19
2011.04.12 06:27:41.241,6.30371,6.30675,4.83,1.19
2011.04.12 06:27:41.350,6.30371,6.30675,4.83,1.19
2011.04.12 06:27:42.508,6.30468,6.30687,2.43,1.19
2011.04.12 06:27:42.730,6.30552,6.30899,4.50,1.62
2011.04.12 06:27:42.838,6.30588,6.30899,4.83,1.19
2011.04.12 06:27:42.948,6.30588,6.30929,4.83,1.19
2011.04.12 06:27:43.058,6.30588,6.30952,4.83,1.19
2011.04.12 06:27:45.909,6.30608,6.30912,5.25,1.62
2011.04.12 06:27:46.239,6.30618,6.30913,1.35,1.62
2011.04.12 06:27:49.489,6.30598,6.30878,1.35,1.18
2011.04.12 06:27:49.600,6.30598,6.30878,1.35,1.62
2011.04.12 06:27:51.679,6.30712,6.30932,1.35,1.19
2011.04.12 06:27:51.788,6.30712,6.30932,1.35,1.19
2011.04.12 06:27:53.028,6.30732,6.30941,1.35,1.18
2011.04.12 06:27:53.139,6.30732,6.30962,1.68,1.19
2011.04.12 06:27:53.249,6.30765,6.30963,1.08,1.19
2011.04.12 06:27:54.310,6.30773,6.30986,2.43,1.19
2011.04.12 06:27:54.528,6.30773,6.31038,2.43,1.19
2011.04.12 06:27:59.864,6.30834,6.31038,1.08,1.19
2011.04.12 06:28:03.309,6.30817,6.31021,1.68,1.19
2011.04.12 06:28:10.800,6.30802,6.30983,1.08,1.19
2011.04.12 06:28:10.909,6.30774,6.30983,1.35,1.62
2011.04.12 06:28:11.239,6.30774,6.30973,1.35,1.62
2011.04.12 06:28:11.348,6.30774,6.30973,1.35,1.62
2011.04.12 06:28:11.460,6.30743,6.30947,1.68,1.19
2011.04.12 06:28:11.569,6.30742,6.30947,1.08,1.19
2011.04.12 06:28:12.410,6.30748,6.30957,1.08,1.19
2011.04.12 06:28:12.851,6.30701,6.3088,1.08,1.19
2011.04.12 06:28:12.959,6.30677,6.3088,2.25,1.19
2011.04.12 06:28:13.071,6.30763,6.31015,2.10,1.47
2011.04.12 06:28:13.180,6.30763,6.31015,2.10,1.47
2011.04.12 06:28:13.291,6.30795,6.31016,1.35,1.19
2011.04.12 06:28:13.620,6.30787,6.30994,1.08,1.35
2011.04.12 06:28:13.944,6.30717,6.30971,2.43,1.04
2011.04.12 06:28:14.429,6.30729,6.3097,1.08,1.04
2011.04.12 06:28:14.539,6.30705,6.30967,1.50,5.37
2011.04.12 06:28:14.760,6.30691,6.30901,1.50,1.19
2011.04.12 06:28:15.201,6.30706,6.30912,1.50,1.62
2011.04.12 06:28:19.139,6.30698,6.30902,2.25,1.93
2011.04.12 06:28:21.989,6.30698,6.30882,2.25,1.35
2011.04.12 06:28:22.210,6.3063,6.30845,1.50,1.47
2011.04.12 06:28:26.421,6.30654,6.30845,1.08,1.04
2011.04.12 06:28:26.640,6.30662,6.3088,1.50,1.47
2011.04.12 06:28:30.119,6.30672,6.3088,1.50,1.47
2011.04.12 06:28:30.773,6.30696,6.30899,1.50,1.62
2011.04.12 06:28:31.108,6.30706,6.30922,1.50,1.62
2011.04.12 06:28:36.521,6.3071,6.30939,2.25,1.62
2011.04.12 06:28:39.844,6.3071,6.30923,1.50,1.62
2011.04.12 06:28:42.613,6.30726,6.30923,1.50,1.62
2011.04.12 06:28:43.833,6.30726,6.30923,1.50,1.62
2011.04.12 06:28:44.308,6.30727,6.30932,1.50,1.62
2011.04.12 06:28:45.910,6.30699,6.30913,1.35,1.62
2011.04.12 06:28:46.296,6.30699,6.30923,1.35,1.62
2011.04.12 06:28:50.310,6.30727,6.30932,1.50,1.62
2011.04.12 06:28:50.533,6.30734,6.30932,1.50,1.19
2011.04.12 06:28:50.762,6.30767,6.30962,2.10,1.62
2011.04.12 06:28:50.980,6.30784,6.30973,1.50,1.19
2011.04.12 06:28:56.530,6.30843,6.30972,2.10,1.19
2011.04.12 06:28:56.641,6.30845,6.30988,1.35,1.50
2011.04.12 06:28:56.749,6.3084,6.30972,1.50,1.18
2011.04.12 06:28:56.859,6.30822,6.30972,1.50,1.18
2011.04.12 06:28:58.479,6.30805,6.30979,1.50,1.03
2011.04.12 06:28:58.809,6.30738,6.30942,1.50,1.62
2011.04.12 06:28:58.919,6.30738,6.30967,1.50,1.62
2011.04.12 06:28:59.138,6.30738,6.30976,1.50,1.62
2011.04.12 06:29:00.570,6.30748,6.30934,1.50,4.50
2011.04.12 06:29:00.901,6.30747,6.30999,1.50,1.62
2011.04.12 06:29:01.010,6.30771,6.30999,1.08,1.19
2011.04.12 06:29:01.123,6.30778,6.31022,1.08,1.62
2011.04.12 06:29:01.459,6.3076,6.31022,1.50,1.62
2011.04.12 06:29:03.969,6.30757,6.30932,1.50,1.03
2011.04.12 06:29:04.079,6.30694,6.30932,1.50,1.03
2011.04.12 06:29:04.301,6.30687,6.30932,1.50,1.03
2011.04.12 06:29:04.409,6.30687,6.30899,1.50,1.03
2011.04.12 06:29:15.249,6.30687,6.30842,1.50,1.18
2011.04.12 06:29:15.469,6.30546,6.30776,1.50,1.18
2011.04.12 06:29:18.421,6.30566,6.30753,1.50,1.18
2011.04.12 06:29:18.641,6.30547,6.30615,1.50,1.18
2011.04.12 06:29:18.750,6.30306,6.30575,1.50,1.03
2011.04.12 06:29:18.860,6.30306,6.30575,1.50,1.03
2011.04.12 06:29:18.969,6.30269,6.30575,1.50,1.03
2011.04.12 06:29:30.170,6.30285,6.30533,1.50,1.18
2011.04.12 06:29:30.388,6.30254,6.30518,1.08,1.18
2011.04.12 06:29:30.500,6.3023,6.30515,1.50,1.18
2011.04.12 06:29:30.828,6.3023,6.30515,1.50,1.18
2011.04.12 06:29:35.009,6.30254,6.30492,1.50,1.62
2011.04.12 06:29:35.338,6.30265,6.30492,1.50,1.62
2011.04.12 06:29:37.290,6.30246,6.30475,1.50,1.62
2011.04.12 06:29:38.791,6.30338,6.30475,2.10,1.19
2011.04.12 06:29:38.901,6.30338,6.30506,2.10,1.04
2011.04.12 06:29:39.011,6.30315,6.30487,1.68,1.04
2011.04.12 06:29:39.122,6.30344,6.30527,2.10,2.54
2011.04.12 06:29:42.479,6.30346,6.3039,1.83,1.50
2011.04.12 06:29:42.591,6.30198,6.3039,1.50,1.50
2011.04.12 06:29:42.699,6.30178,6.3039,1.08,1.50
2011.04.12 06:29:42.919,6.30178,6.30401,1.08,1.35
2011.04.12 06:29:43.030,6.30174,6.30394,1.08,5.10
2011.04.12 06:29:43.250,6.30079,6.30288,1.68,2.10
2011.04.12 06:29:43.359,6.30079,6.30288,1.35,2.10
2011.04.12 06:29:43.689,6.30068,6.30333,1.08,1.03
2011.04.12 06:29:43.911,6.30079,6.30348,1.08,1.35
2011.04.12 06:29:44.197,6.3005,6.30373,1.08,1.35
2011.04.12 06:29:45.819,6.30086,6.30346,1.08,1.50
2011.04.12 06:29:46.130,6.30086,6.30346,1.08,1.50
2011.04.12 06:29:47.050,6.30074,6.30333,1.08,1.50
2011.04.12 06:29:48.593,6.30074,6.30328,1.08,1.50
2011.04.12 06:29:50.501,6.30074,6.30346,1.08,1.50
2011.04.12 06:29:50.610,6.30088,6.30346,1.08,1.50
2011.04.12 06:29:51.074,6.30063,6.30313,1.08,1.35
2011.04.12 06:29:53.489,6.30237,6.30324,4.50,1.35
2011.04.12 06:29:53.708,6.30237,6.30532,5.43,1.19
2011.04.12 06:29:53.818,6.30237,6.30555,5.43,1.19
2011.04.12 06:29:54.038,6.30325,6.30555,2.10,1.19
2011.04.12 06:29:54.258,6.30137,6.30555,4.08,1.19
2011.04.12 06:29:54.368,6.30079,6.30555,3.75,1.62
2011.04.12 06:29:54.589,6.30063,6.30498,5.43,1.19
2011.04.12 06:30:00.349,6.30147,6.30459,1.68,1.19
2011.04.12 06:30:03.489,6.30275,6.30459,5.10,1.19
2011.04.12 06:30:03.710,6.3029,6.30524,1.08,1.19
2011.04.12 06:30:03.819,6.30107,6.30475,1.68,1.19
2011.04.12 06:30:03.928,6.30107,6.30475,1.68,1.19
2011.04.12 06:30:04.812,6.30255,6.30549,5.43,1.19
2011.04.12 06:30:05.250,6.30133,6.30499,1.68,1.35
2011.04.12 06:30:05.534,6.30132,6.30476,1.68,1.19
2011.04.12 06:30:09.229,6.30188,6.30476,1.08,1.19
2011.04.12 06:30:09.558,6.30325,6.30488,2.10,1.19
2011.04.12 06:30:14.969,6.30218,6.30488,2.58,1.19
2011.04.12 06:30:15.189,6.30217,6.30488,2.58,1.19
2011.04.12 06:30:15.299,6.30217,6.30496,2.58,1.19
2011.04.12 06:30:19.098,6.30274,6.30505,1.50,1.19
2011.04.12 06:30:21.191,6.30197,6.30426,1.50,1.19
2011.04.12 06:30:21.519,6.30197,6.30426,1.50,1.19
2011.04.12 06:30:21.741,6.30188,6.3043,1.50,1.19
2011.04.12 06:30:21.850,6.30206,6.30431,1.50,1.19
2011.04.12 06:30:22.681,6.30207,6.30439,1.50,1.19
2011.04.12 06:30:23.009,6.30207,6.30439,1.50,1.19
2011.04.12 06:30:23.559,6.302,6.30442,1.50,1.19
2011.04.12 06:30:23.959,6.30214,6.30441,1.50,1.19
2011.04.12 06:30:24.861,6.30222,6.30449,1.50,1.19
2011.04.12 06:30:25.081,6.30246,6.30473,1.50,1.19
2011.04.12 06:30:30.372,6.30257,6.30486,1.50,1.19
2011.04.12 06:30:31.033,6.30257,6.30486,1.50,1.19
2011.04.12 06:30:31.370,6.30238,6.30454,1.08,1.62
2011.04.12 06:30:34.620,6.30238,6.30454,1.08,1.62
2011.04.12 06:30:37.578,6.30238,6.30443,1.08,1.19
2011.04.12 06:30:40.751,6.30214,6.30443,1.50,1.62
2011.04.12 06:30:41.079,6.30188,6.30398,1.08,1.19
2011.04.12 06:30:41.408,6.30187,6.30398,1.08,1.19
2011.04.12 06:30:41.849,6.30187,6.30389,1.08,1.19
2011.04.12 06:30:50.469,6.30156,6.30389,1.50,1.62
2011.04.12 06:30:50.579,6.30149,6.30376,1.50,1.62
2011.04.12 06:30:51.820,6.30168,6.3036,1.08,1.19
2011.04.12 06:30:56.103,6.30168,6.30387,1.08,1.19
2011.04.12 06:30:59.359,6.30168,6.30387,1.08,1.19
2011.04.12 06:31:08.189,6.30173,6.30402,1.50,1.62
2011.04.12 06:31:08.575,6.30147,6.30371,1.08,1.19
2011.04.12 06:31:09.019,6.30152,6.30381,1.50,1.62
2011.04.12 06:31:09.351,6.30176,6.30395,1.08,1.19
2011.04.12 06:31:09.460,6.30187,6.30395,1.08,1.19
2011.04.12 06:31:14.399,6.30187,6.30404,1.08,1.19
2011.04.12 06:31:24.962,6.30199,6.30404,1.08,1.19
2011.04.12 06:31:25.181,6.30238,6.30442,1.08,1.19
2011.04.12 06:31:25.402,6.30238,6.30455,1.08,2.22
2011.04.12 06:31:25.840,6.30254,6.30456,1.08,1.19
2011.04.12 06:31:25.953,6.30278,6.30495,1.08,1.19
2011.04.12 06:31:30.920,6.30282,6.30509,1.50,1.62
2011.04.12 06:31:31.140,6.30278,6.3051,1.08,1.62
2011.04.12 06:31:33.060,6.30278,6.30496,1.08,1.19
2011.04.12 06:31:35.260,6.30281,6.3051,1.50,1.62
2011.04.12 06:31:35.370,6.30281,6.3051,1.50,1.62
2011.04.12 06:31:35.811,6.30306,6.3052,1.08,1.19
2011.04.12 06:31:35.919,6.30317,6.30532,1.08,1.19
2011.04.12 06:31:36.030,6.30317,6.30533,1.08,1.19
2011.04.12 06:31:36.580,6.3033,6.30557,1.50,1.62
2011.04.12 06:31:36.694,6.30317,6.30544,1.08,1.62
2011.04.12 06:31:37.913,6.30326,6.30555,1.50,1.62
2011.04.12 06:31:39.043,6.30317,6.30526,1.08,1.19
2011.04.12 06:31:39.161,6.30317,6.30526,1.08,1.19
2011.04.12 06:31:40.049,6.30317,6.30541,1.08,1.19
2011.04.12 06:31:42.611,6.30336,6.30541,1.35,1.19
2011.04.12 06:31:43.050,6.30366,6.3057,1.08,1.19
2011.04.12 06:31:43.166,6.30367,6.30596,1.08,1.62
2011.04.12 06:31:43.499,6.30367,6.30581,1.08,1.19
2011.04.12 06:31:44.288,6.30363,6.30566,1.08,1.19
2011.04.12 06:31:45.350,6.30367,6.30581,1.08,1.19
2011.04.12 06:31:46.559,6.30367,6.30597,1.08,1.62
2011.04.12 06:31:46.999,6.30362,6.3058,1.08,1.19
2011.04.12 06:31:47.438,6.30362,6.30566,1.08,1.19
2011.04.12 06:31:48.192,6.30339,6.30566,1.50,1.62
2011.04.12 06:31:48.410,6.30319,6.30548,1.50,1.62
2011.04.12 06:31:51.002,6.30355,6.30558,1.08,1.19
2011.04.12 06:31:51.231,6.30367,6.30571,1.08,1.19
2011.04.12 06:31:53.800,6.30358,6.30562,1.08,1.19
2011.04.12 06:31:55.080,6.30367,6.30562,1.08,1.19
2011.04.12 06:31:56.379,6.30367,6.30573,1.08,1.19
2011.04.12 06:31:56.712,6.30377,6.3058,1.08,1.19
2011.04.12 06:31:56.819,6.30396,6.3058,1.08,1.19
2011.04.12 06:31:57.241,6.30407,6.30596,1.08,1.04
2011.04.12 06:31:57.899,6.30407,6.30622,1.08,1.19
2011.04.12 06:31:58.890,6.30407,6.30623,1.08,1.19
2011.04.12 06:31:59.220,6.30395,6.30583,1.50,1.03
2011.04.12 06:31:59.330,6.30398,6.30622,1.35,1.62
2011.04.12 06:31:59.439,6.30418,6.30645,1.50,1.62
2011.04.12 06:31:59.659,6.30417,6.30652,1.50,1.47
2011.04.12 06:31:59.924,6.30428,6.30652,1.50,1.47
2011.04.12 06:32:01.069,6.30428,6.30602,1.50,1.03
2011.04.12 06:32:01.179,6.30399,6.30602,1.50,1.03
2011.04.12 06:32:01.290,6.30397,6.30591,1.08,1.04
2011.04.12 06:32:01.400,6.30357,6.30573,1.08,1.18
2011.04.12 06:32:01.732,6.30319,6.30532,1.50,1.04
2011.04.12 06:32:01.973,6.30319,6.30507,1.50,1.04
2011.04.12 06:32:02.085,6.30288,6.30484,1.08,1.04
2011.04.12 06:32:02.970,6.30297,6.30502,1.08,1.19
2011.04.12 06:32:03.081,6.30325,6.30528,1.08,1.04
2011.04.12 06:32:03.299,6.30325,6.30517,1.08,1.19
2011.04.12 06:32:03.959,6.30324,6.30507,1.08,1.19
2011.04.12 06:32:04.289,6.30324,6.30507,1.08,1.19
2011.04.12 06:32:04.511,6.30307,6.30493,1.08,1.19
2011.04.12 06:32:04.730,6.30307,6.30503,1.08,1.19
2011.04.12 06:32:04.949,6.30307,6.30503,1.08,1.19
2011.04.12 06:32:05.279,6.30307,6.30501,1.08,1.19
2011.04.12 06:32:05.389,6.30307,6.30501,1.08,1.19
2011.04.12 06:32:05.612,6.30306,6.30487,1.08,1.19
2011.04.12 06:32:05.719,6.30306,6.30487,1.08,1.19
2011.04.12 06:32:07.331,6.30306,6.30487,1.08,1.19
2011.04.12 06:32:07.443,6.30307,6.30499,1.08,1.19
2011.04.12 06:32:07.892,6.30307,6.30499,1.08,1.19
2011.04.12 06:32:08.000,6.30307,6.30499,1.08,1.19
2011.04.12 06:32:08.333,6.30307,6.30499,1.08,1.19
2011.04.12 06:32:09.673,6.30307,6.30499,1.08,1.19
2011.04.12 06:32:09.902,6.30307,6.30484,1.08,1.35
2011.04.12 06:32:10.010,6.30282,6.30484,1.50,1.35
2011.04.12 06:32:10.329,6.30288,6.30484,1.08,1.35
2011.04.12 06:32:10.442,6.30284,6.30473,1.08,1.19
2011.04.12 06:32:10.551,6.30288,6.30475,1.08,1.19
2011.04.12 06:32:11.219,6.30288,6.30475,1.08,1.19
2011.04.12 06:32:12.991,6.30296,6.30484,1.35,1.04
2011.04.12 06:32:13.321,6.30304,6.30485,1.35,1.04
2011.04.12 06:32:13.540,6.30288,6.30483,1.08,2.10
2011.04.12 06:32:13.651,6.30282,6.30463,1.68,1.04
2011.04.12 06:32:14.608,6.30274,6.30458,1.68,1.04
2011.04.12 06:32:16.370,6.30297,6.30477,1.35,1.19
2011.04.12 06:32:17.250,6.30362,6.30477,2.10,1.19
2011.04.12 06:32:17.583,6.30377,6.30527,5.10,1.19
2011.04.12 06:32:17.699,6.30377,6.30669,7.35,1.47
2011.04.12 06:32:18.359,6.30368,6.30629,2.10,1.03
2011.04.12 06:32:19.565,6.30423,6.30638,2.10,1.62
2011.04.12 06:32:19.674,6.30423,6.30663,2.10,1.62
2011.04.12 06:32:20.762,6.30388,6.30629,4.68,1.03
2011.04.12 06:32:21.418,6.30388,6.30629,2.43,1.47
2011.04.12 06:32:21.749,6.30388,6.30629,2.10,1.47
2011.04.12 06:32:25.289,6.30358,6.30594,1.68,1.03
2011.04.12 06:32:29.440,6.30358,6.30594,1.35,1.47
2011.04.12 06:32:33.069,6.30385,6.30594,1.35,1.47
2011.04.12 06:32:35.000,6.30359,6.30588,1.50,1.62
2011.04.12 06:32:36.020,6.30359,6.30588,1.50,1.62
2011.04.12 06:32:36.129,6.30381,6.30602,1.50,1.47
2011.04.12 06:32:39.109,6.30368,6.30597,1.50,1.62
2011.04.12 06:32:40.859,6.30381,6.30602,1.50,1.47
2011.04.12 06:32:42.510,6.30398,6.30627,1.50,1.62
2011.04.12 06:32:50.699,6.3045,6.30627,2.10,1.62
2011.04.12 06:32:50.919,6.30465,6.30641,1.08,1.19
2011.04.12 06:32:51.030,6.30465,6.30655,1.08,1.04
2011.04.12 06:32:51.140,6.30429,6.30634,1.08,1.19
2011.04.12 06:32:51.360,6.30393,6.30633,1.50,1.62
2011.04.12 06:32:51.689,6.30393,6.30633,1.50,1.62
2011.04.12 06:32:56.260,6.30393,6.30514,1.50,2.10
2011.04.12 06:32:56.370,6.30385,6.30514,1.50,2.10
2011.04.12 06:32:56.481,6.30385,6.30594,1.83,1.19
2011.04.12 06:32:56.589,6.30385,6.30632,1.50,1.62
2011.04.12 06:32:59.640,6.30385,6.30612,1.50,1.62
2011.04.12 06:32:59.860,6.30385,6.30612,1.50,1.62
2011.04.12 06:33:01.920,6.30414,6.30627,1.35,1.62
2011.04.12 06:33:02.140,6.30438,6.30619,1.68,1.19
2011.04.12 06:33:02.641,6.30438,6.30643,1.68,1.19
2011.04.12 06:33:02.749,6.30452,6.30643,1.08,1.19
2011.04.12 06:33:04.160,6.30441,6.30646,1.08,1.19
2011.04.12 06:33:04.710,6.30458,6.30646,1.08,1.19
2011.04.12 06:33:05.059,6.30488,6.30702,1.08,1.94
2011.04.12 06:33:05.169,6.30498,6.30702,1.08,1.94
2011.04.12 06:33:06.753,6.30499,6.30702,1.50,1.19
2011.04.12 06:33:06.982,6.30508,6.30702,1.50,1.19
2011.04.12 06:33:07.200,6.30517,6.30712,1.35,1.19
2011.04.12 06:33:07.751,6.30508,6.30686,1.35,2.10
2011.04.12 06:33:08.550,6.30491,6.30664,1.35,2.10
2011.04.12 06:33:09.320,6.30425,6.30624,1.50,1.03
2011.04.12 06:33:09.430,6.30425,6.30624,1.50,1.03
2011.04.12 06:33:09.540,6.30425,6.30584,1.50,1.03
2011.04.12 06:33:09.650,6.30425,6.30584,1.50,1.03
2011.04.12 06:33:09.760,6.3043,6.30618,1.35,5.37
2011.04.12 06:33:09.981,6.30458,6.30672,1.35,1.62
2011.04.12 06:33:10.092,6.30451,6.30672,1.35,1.62
2011.04.12 06:33:10.760,6.30458,6.30667,1.35,1.62
2011.04.12 06:33:12.689,6.30441,6.30603,1.50,1.03
2011.04.12 06:33:12.909,6.30404,6.30603,1.50,1.03
2011.04.12 06:33:13.019,6.30428,6.30633,1.35,1.62
2011.04.12 06:33:13.131,6.30445,6.30633,1.35,1.18
2011.04.12 06:33:14.760,6.30441,6.30632,1.50,1.03
2011.04.12 06:33:14.980,6.30417,6.30631,2.25,1.04
2011.04.12 06:33:15.511,6.30417,6.30621,1.50,1.04
2011.04.12 06:33:15.840,6.30408,6.30619,1.08,1.04
2011.04.12 06:33:16.730,6.30415,6.30629,1.35,1.19
2011.04.12 06:33:16.948,6.30415,6.30633,1.35,1.62
2011.04.12 06:33:17.169,6.30417,6.30615,1.35,2.10
2011.04.12 06:33:17.533,6.30417,6.30604,1.35,1.04
2011.04.12 06:33:19.740,6.30423,6.30574,1.35,2.10
2011.04.12 06:33:25.851,6.30409,6.30583,1.35,1.35
2011.04.12 06:33:26.540,6.30385,6.30557,1.35,2.10
2011.04.12 06:33:26.658,6.30395,6.30562,1.35,1.35
2011.04.12 06:33:26.774,6.30395,6.3056,1.35,1.35
2011.04.12 06:33:27.111,6.30395,6.30537,1.35,2.10
2011.04.12 06:33:27.773,6.30368,6.30518,1.35,2.10
2011.04.12 06:33:29.059,6.30379,6.30539,2.10,2.10
2011.04.12 06:33:30.210,6.30368,6.30519,1.35,2.10
2011.04.12 06:33:31.311,6.30412,6.30561,1.35,2.10
2011.04.12 06:33:31.421,6.30433,6.30589,2.10,2.10
2011.04.12 06:33:33.090,6.30428,6.30573,1.35,2.10
2011.04.12 06:33:33.861,6.30396,6.30538,1.35,2.10
2011.04.12 06:33:33.970,6.30397,6.3055,1.35,2.10
2011.04.12 06:33:34.189,6.30393,6.30534,1.35,2.10
2011.04.12 06:33:34.410,6.30378,6.30534,2.10,2.10
2011.04.12 06:33:34.740,6.30373,6.3052,1.35,2.10
2011.04.12 06:33:36.257,6.30377,6.30535,2.10,2.10
2011.04.12 06:33:37.719,6.30373,6.3052,1.35,2.10
2011.04.12 06:33:42.420,6.30373,6.3055,1.35,2.10
2011.04.12 06:33:45.989,6.30347,6.3052,1.35,2.10
2011.04.12 06:33:46.210,6.30327,6.30506,2.10,1.04
2011.04.12 06:33:46.869,6.30351,6.30509,2.10,2.10
2011.04.12 06:33:48.153,6.30337,6.30496,2.10,2.10
2011.04.12 06:33:52.440,6.30327,6.30503,1.35,1.35
2011.04.12 06:33:53.850,6.30346,6.30503,2.10,2.10
2011.04.12 06:33:58.740,6.30312,6.30517,1.50,1.19
2011.04.12 06:33:58.850,6.30361,6.30501,2.10,1.35
2011.04.12 06:33:59.442,6.30361,6.30517,2.10,2.54
2011.04.12 06:33:59.773,6.30334,6.30489,2.10,2.10
2011.04.12 06:34:02.771,6.30312,6.30467,2.10,2.10
2011.04.12 06:34:03.320,6.30299,6.30455,1.35,2.10
2011.04.12 06:34:07.409,6.30316,6.30469,2.10,1.04
2011.04.12 06:34:07.741,6.30326,6.30474,2.10,1.47
2011.04.12 06:34:07.851,6.30326,6.30486,2.10,1.04
2011.04.12 06:34:10.730,6.30347,6.30499,2.10,1.04
2011.04.12 06:34:10.841,6.30324,6.30477,1.35,2.10
2011.04.12 06:34:11.871,6.30335,6.30477,1.35,2.10
2011.04.12 06:34:12.200,6.304,6.30553,2.10,1.35
2011.04.12 06:34:12.932,6.30431,6.30587,2.10,2.10
2011.04.12 06:34:16.050,6.30412,6.30569,2.10,2.10
2011.04.12 06:34:16.270,6.30424,6.30582,2.10,2.10
2011.04.12 06:34:16.950,6.30411,6.30592,1.35,1.79
2011.04.12 06:34:17.172,6.3039,6.30564,1.35,2.10
2011.04.12 06:34:17.280,6.3039,6.30564,1.35,2.10
2011.04.12 06:34:18.449,6.30399,6.30557,2.10,2.10
2011.04.12 06:34:19.359,6.30397,6.30538,1.35,2.10
2011.04.12 06:34:19.691,6.30388,6.30521,1.08,2.10
2011.04.12 06:34:19.800,6.30374,6.30521,1.35,2.10
2011.04.12 06:34:19.910,6.3036,6.30499,1.50,2.10
2011.04.12 06:34:20.021,6.30347,6.30499,1.35,2.10
2011.04.12 06:34:20.240,6.3033,6.30481,1.35,2.10
2011.04.12 06:34:23.741,6.30309,6.30493,1.35,1.35
2011.04.12 06:34:24.180,6.30312,6.30491,1.35,1.04
2011.04.12 06:34:28.600,6.30317,6.30488,1.35,2.10
2011.04.12 06:34:29.091,6.30331,6.3049,2.10,2.10
2011.04.12 06:34:38.490,6.30321,6.305,1.35,1.19
2011.04.12 06:34:38.709,6.30321,6.305,1.68,1.19
2011.04.12 06:34:38.932,6.3033,6.30513,1.68,1.04
2011.04.12 06:34:39.481,6.3033,6.30509,1.08,1.04
2011.04.12 06:34:44.932,6.30309,6.30542,1.68,1.35
2011.04.12 06:34:50.928,6.30294,6.30536,1.68,1.19
2011.04.12 06:34:51.264,6.30294,6.30536,1.68,1.19
2011.04.12 06:34:51.493,6.30294,6.30523,1.68,1.35
2011.04.12 06:34:51.830,6.30294,6.30523,1.68,1.35
2011.04.12 06:34:52.052,6.30308,6.30526,2.10,1.19
2011.04.12 06:34:52.161,6.30317,6.30535,1.35,1.47
2011.04.12 06:34:52.382,6.30348,6.30573,2.10,2.22
2011.04.12 06:34:52.492,6.30348,6.30573,2.43,1.79
2011.04.12 06:34:53.161,6.30348,6.30573,2.43,1.35
2011.04.12 06:34:53.490,6.30312,6.30533,1.35,1.03
2011.04.12 06:34:53.930,6.30313,6.30538,2.10,1.03
2011.04.12 06:34:54.395,6.30347,6.30582,1.68,1.04
2011.04.12 06:34:54.511,6.30347,6.30583,1.68,1.78
2011.04.12 06:35:00.504,6.30347,6.30582,1.68,2.10
2011.04.12 06:35:04.890,6.30338,6.30552,1.68,1.35
2011.04.12 06:35:05.004,6.30347,6.30553,1.68,1.35
2011.04.12 06:35:05.566,6.30338,6.30552,1.68,1.35
2011.04.12 06:35:05.682,6.30347,6.30553,1.68,1.35
2011.04.12 06:35:07.941,6.30328,6.30551,2.43,2.10
2011.04.12 06:35:08.632,6.30317,6.30507,1.08,2.10
2011.04.12 06:35:08.743,6.30312,6.30507,1.50,2.10
2011.04.12 06:35:09.071,6.30287,6.30507,1.68,2.10
2011.04.12 06:35:10.956,6.30309,6.30522,2.10,1.35
2011.04.12 06:35:18.280,6.30309,6.30508,2.10,1.03
2011.04.12 06:35:19.339,6.30292,6.305,1.35,1.03
2011.04.12 06:35:24.271,6.30281,6.305,1.35,1.03
2011.04.12 06:35:27.610,6.30265,6.3047,1.35,1.03
2011.04.12 06:35:46.320,6.30274,6.30492,2.10,1.18
2011.04.12 06:35:46.649,6.30274,6.30503,2.43,1.35
2011.04.12 06:35:46.760,6.30274,6.30497,2.10,1.03
2011.04.12 06:35:47.610,6.30274,6.30503,2.43,1.35
2011.04.12 06:35:51.479,6.30274,6.30497,2.43,1.35
2011.04.12 06:35:51.810,6.30241,6.30432,1.50,1.03
2011.04.12 06:35:52.029,6.30225,6.30432,1.35,1.03
2011.04.12 06:35:53.965,6.30248,6.30476,2.10,1.47
2011.04.12 06:35:54.083,6.30248,6.30476,3.18,1.03
2011.04.12 06:35:54.195,6.30258,6.30486,1.68,1.04
2011.04.12 06:35:54.504,6.30279,6.30507,2.10,1.03
2011.04.12 06:35:57.761,6.30306,6.30534,1.35,1.03
2011.04.12 06:36:00.370,6.30293,6.30493,1.35,1.03
2011.04.12 06:36:01.030,6.30297,6.30493,1.35,1.03
2011.04.12 06:36:01.600,6.30308,6.30552,1.35,1.62
2011.04.12 06:36:01.903,6.30331,6.30575,1.08,1.47
2011.04.12 06:36:02.028,6.30332,6.30592,1.35,1.18
2011.04.12 06:36:03.311,6.30388,6.3063,1.35,1.62
2011.04.12 06:36:03.422,6.30407,6.3063,1.35,1.62
2011.04.12 06:36:03.641,6.30408,6.30672,1.35,1.62
2011.04.12 06:36:03.971,6.30427,6.30673,1.50,1.18
2011.04.12 06:36:04.570,6.30413,6.30612,1.50,1.03
2011.04.12 06:36:04.791,6.30373,6.30632,1.50,1.03
2011.04.12 06:36:09.891,6.30373,6.30619,1.50,1.03
2011.04.12 06:36:10.603,6.30349,6.30619,1.50,1.47
2011.04.12 06:36:11.149,6.3035,6.30619,1.50,1.03
2011.04.12 06:36:15.481,6.30366,6.30619,1.50,1.03
2011.04.12 06:36:15.592,6.30347,6.30602,1.50,2.68
2011.04.12 06:36:15.701,6.30347,6.30602,1.50,2.68
2011.04.12 06:36:16.250,6.30343,6.30619,1.50,1.03
2011.04.12 06:36:16.581,6.30343,6.30593,1.50,2.68
2011.04.12 06:36:17.351,6.30365,6.30619,1.50,1.03
2011.04.12 06:36:19.100,6.30365,6.30643,1.50,3.12
2011.04.12 06:36:19.211,6.3039,6.30667,1.50,1.47
2011.04.12 06:36:19.542,6.30393,6.30667,1.50,1.03
2011.04.12 06:36:19.871,6.30405,6.30667,1.50,1.03
2011.04.12 06:36:20.311,6.30378,6.30643,1.50,2.68
2011.04.12 06:36:20.861,6.30378,6.30667,1.50,1.47
2011.04.12 06:36:20.970,6.30397,6.30667,1.50,1.47
2011.04.12 06:36:21.830,6.30385,6.30642,1.50,2.68
2011.04.12 06:36:22.270,6.30394,6.30642,1.50,2.68
2011.04.12 06:36:25.650,6.30395,6.30662,1.50,3.12
2011.04.12 06:36:26.090,6.30427,6.30653,1.50,1.62
2011.04.12 06:36:28.116,6.30373,6.306,1.50,1.18
2011.04.12 06:36:28.233,6.30373,6.306,1.50,1.62
2011.04.12 06:36:28.780,6.30382,6.30607,1.50,1.47
2011.04.12 06:36:29.001,6.30369,6.30572,1.50,3.12
2011.04.12 06:36:29.111,6.30368,6.30572,1.50,3.12
2011.04.12 06:36:29.222,6.30346,6.30557,1.50,1.47
2011.04.12 06:36:29.661,6.30336,6.30557,1.50,1.47
2011.04.12 06:36:30.210,6.30345,6.30557,1.50,1.47
2011.04.12 06:36:31.280,6.30355,6.30558,1.50,1.03
2011.04.12 06:36:32.641,6.30369,6.30592,1.50,3.12
2011.04.12 06:36:32.863,6.30398,6.30616,1.50,1.47
2011.04.12 06:36:32.983,6.30398,6.30616,1.50,1.47
2011.04.12 06:36:33.092,6.30414,6.30616,1.50,1.03
2011.04.12 06:36:33.420,6.30413,6.30616,1.50,1.03
2011.04.12 06:36:34.282,6.30425,6.30616,1.50,1.03
2011.04.12 06:36:34.973,6.30415,6.30616,1.50,1.03
2011.04.12 06:36:38.460,6.30415,6.30583,1.50,2.25
2011.04.12 06:36:38.680,6.30299,6.30565,1.50,1.03
2011.04.12 06:36:39.280,6.30298,6.30565,1.08,1.03
2011.04.12 06:36:41.843,6.30318,6.30542,1.08,1.18
2011.04.12 06:36:42.832,6.30318,6.30542,1.08,1.18
2011.04.12 06:36:47.182,6.30318,6.30542,1.08,1.18
2011.04.12 06:36:47.401,6.30318,6.30539,1.08,1.50
2011.04.12 06:36:47.621,6.30318,6.30539,1.08,1.50
2011.04.12 06:36:47.949,6.30269,6.30503,1.50,1.18
2011.04.12 06:36:58.342,6.30285,6.30512,1.50,1.62
2011.04.12 06:36:58.452,6.30298,6.30512,1.08,1.19
2011.04.12 06:36:58.561,6.30298,6.30512,1.08,1.19
2011.04.12 06:36:58.780,6.30286,6.30512,1.50,1.62
2011.04.12 06:36:59.250,6.30286,6.30521,1.50,1.62
2011.04.12 06:36:59.579,6.30296,6.30513,1.50,1.62
2011.04.12 06:37:01.111,6.30296,6.30521,1.50,1.62
2011.04.12 06:37:02.921,6.30295,6.30503,1.50,1.62
2011.04.12 06:37:03.250,6.30295,6.30498,1.50,1.19
2011.04.12 06:37:03.474,6.30281,6.30492,1.50,1.19
2011.04.12 06:37:05.380,6.30281,6.30502,1.50,1.19
2011.04.12 06:37:05.600,6.30281,6.30496,1.50,1.19
2011.04.12 06:37:06.052,6.30281,6.30492,1.50,1.19
2011.04.12 06:37:18.470,6.30346,6.30508,2.10,1.19
2011.04.12 06:37:18.802,6.30317,6.305,2.10,2.54
2011.04.12 06:37:19.021,6.30317,6.30483,2.10,1.04
2011.04.12 06:37:19.351,6.30297,6.30472,2.10,1.04
2011.04.12 06:37:19.899,6.30317,6.30463,2.10,1.04
2011.04.12 06:37:20.781,6.30317,6.30463,2.10,1.04
2011.04.12 06:37:20.892,6.303,6.30453,2.10,1.04
2011.04.12 06:37:21.002,6.303,6.30444,2.10,1.04
2011.04.12 06:37:22.203,6.303,6.30451,2.10,1.04
2011.04.12 06:37:22.821,6.303,6.30444,2.10,1.04
2011.04.12 06:37:23.263,6.30277,6.30433,1.68,2.10
2011.04.12 06:37:23.602,6.30256,6.30401,2.43,1.04
2011.04.12 06:37:23.712,6.30256,6.30401,2.10,1.04
2011.04.12 06:37:24.151,6.30256,6.30401,2.10,1.04
2011.04.12 06:37:26.253,6.30256,6.30405,2.10,1.04
2011.04.12 06:37:31.490,6.30247,6.30429,1.35,1.19
2011.04.12 06:37:31.601,6.30282,6.30482,1.35,1.53
2011.04.12 06:37:31.711,6.30282,6.30507,1.35,1.62
2011.04.12 06:37:34.411,6.30304,6.30507,1.35,1.62
2011.04.12 06:37:36.564,6.30287,6.30505,1.50,1.47
2011.04.12 06:37:38.909,6.30297,6.30505,1.50,1.47
2011.04.12 06:37:40.061,6.30315,6.30518,1.35,1.47
2011.04.12 06:37:41.953,6.30278,6.30466,1.50,1.47
2011.04.12 06:37:42.183,6.30278,6.30466,2.25,1.04
2011.04.12 06:37:42.303,6.30278,6.30466,1.50,1.47
2011.04.12 06:37:42.415,6.30278,6.30466,1.50,1.03
2011.04.12 06:37:42.532,6.30266,6.30466,1.35,1.03
2011.04.12 06:37:42.973,6.30301,6.30492,1.35,1.19
2011.04.12 06:37:44.799,6.30301,6.30501,1.35,1.47
2011.04.12 06:37:49.250,6.30301,6.30501,1.35,1.47
2011.04.12 06:37:51.000,6.30301,6.30501,1.35,1.47
2011.04.12 06:37:53.101,6.30301,6.30501,1.35,1.04
2011.04.12 06:37:53.430,6.3031,6.30513,1.50,1.03
2011.04.12 06:37:53.652,6.30308,6.30513,1.50,1.03
2011.04.12 06:37:55.731,6.30324,6.30523,1.35,1.62
2011.04.12 06:37:55.951,6.30334,6.30534,1.35,1.47
2011.04.12 06:37:59.732,6.30332,6.30538,1.35,1.19
2011.04.12 06:37:59.842,6.30338,6.30538,1.08,1.19
2011.04.12 06:38:00.158,6.3038,6.30572,1.35,1.22
2011.04.12 06:38:00.278,6.3038,6.30607,1.35,1.62
2011.04.12 06:38:00.902,6.3038,6.30618,1.35,2.22
2011.04.12 06:38:01.521,6.30395,6.30618,1.50,1.47
2011.04.12 06:38:02.531,6.30398,6.30618,1.50,1.47
2011.04.12 06:38:02.751,6.30402,6.30607,1.35,1.62
2011.04.12 06:38:03.089,6.30419,6.30638,1.35,1.62
2011.04.12 06:38:09.638,6.30391,6.30612,1.50,1.47
2011.04.12 06:38:10.600,6.30381,6.30605,1.35,1.62
2011.04.12 06:38:15.319,6.30397,6.30612,1.50,1.47
2011.04.12 06:38:18.470,6.30407,6.30612,1.50,1.47
2011.04.12 06:38:21.071,6.30396,6.30612,1.50,1.47
2011.04.12 06:38:21.401,6.30387,6.30605,1.50,1.62
2011.04.12 06:38:26.751,6.30401,6.30605,1.50,1.62
2011.04.12 06:38:27.082,6.30417,6.30643,1.35,1.62
2011.04.12 06:38:31.400,6.30381,6.30607,1.35,1.62
2011.04.12 06:38:32.900,6.30387,6.30607,1.50,1.62
2011.04.12 06:38:34.919,6.30397,6.3062,1.50,1.62
2011.04.12 06:38:40.512,6.30416,6.30643,1.50,1.62
2011.04.12 06:38:41.962,6.3044,6.30645,1.35,1.62
2011.04.12 06:38:42.072,6.3044,6.30668,1.35,2.22
2011.04.12 06:38:42.182,6.30448,6.30668,1.35,2.22
2011.04.12 06:38:43.060,6.30448,6.30659,1.35,1.62
2011.04.12 06:38:44.090,6.30446,6.30649,1.35,1.62
2011.04.12 06:38:44.813,6.30448,6.30649,1.35,1.62
2011.04.12 06:38:49.302,6.30448,6.30658,2.10,1.62
2011.04.12 06:38:49.631,6.30448,6.30668,2.10,1.47
2011.04.12 06:38:56.280,6.30457,6.30668,1.50,1.47
2011.04.12 06:38:56.611,6.30497,6.3071,1.35,1.62
2011.04.12 06:38:56.721,6.30498,6.3071,1.50,1.62
2011.04.12 06:38:56.831,6.30498,6.30717,2.25,1.47
2011.04.12 06:39:00.543,6.30497,6.30713,1.35,1.62
2011.04.12 06:39:04.452,6.30495,6.30699,1.35,1.62
2011.04.12 06:39:06.643,6.30497,6.30712,1.35,1.62
2011.04.12 06:39:07.204,6.30469,6.30681,1.50,1.47
2011.04.12 06:39:10.520,6.30461,6.30681,1.35,1.47
2011.04.12 06:39:18.262,6.30461,6.30668,2.10,1.19
2011.04.12 06:39:18.593,6.30451,6.30654,1.35,1.62
2011.04.12 06:39:18.700,6.30427,6.30642,2.25,1.47
2011.04.12 06:39:21.380,6.30421,6.30633,1.35,1.62
2011.04.12 06:39:25.207,6.30387,6.30607,1.50,1.47
2011.04.12 06:39:28.980,6.30386,6.30602,1.35,1.62
2011.04.12 06:39:29.837,6.30397,6.30607,1.50,1.47
2011.04.12 06:39:30.631,6.30398,6.30607,1.50,1.03
2011.04.12 06:39:31.471,6.30406,6.30607,1.50,1.47
2011.04.12 06:39:31.581,6.30386,6.30607,1.35,1.47
2011.04.12 06:39:31.691,6.30386,6.30607,1.35,1.47
2011.04.12 06:39:32.695,6.30386,6.30602,1.35,1.62
2011.04.12 06:39:36.070,6.30373,6.30573,1.50,1.35
2011.04.12 06:39:36.180,6.30363,6.30572,1.50,1.04
2011.04.12 06:39:36.290,6.30337,6.30527,1.50,1.03
2011.04.12 06:39:36.555,6.30329,6.30527,1.50,1.47
2011.04.12 06:39:36.677,6.30321,6.30525,1.35,1.62
2011.04.12 06:39:36.794,6.30321,6.30525,1.35,1.62
2011.04.12 06:39:36.914,6.30338,6.3055,1.35,1.62
2011.04.12 06:39:37.032,6.30338,6.30543,1.35,1.62
2011.04.12 06:39:37.359,6.30338,6.30541,1.35,1.62
2011.04.12 06:39:41.103,6.30338,6.30543,1.35,1.62
2011.04.12 06:39:42.793,6.30337,6.30533,1.35,1.62
2011.04.12 06:39:43.638,6.30314,6.30512,1.50,1.03
2011.04.12 06:39:43.970,6.30298,6.30512,1.50,1.47
2011.04.12 06:39:44.189,6.30298,6.30512,1.50,1.47
2011.04.12 06:39:44.409,6.30298,6.30512,1.50,1.47
2011.04.12 06:39:44.939,6.30298,6.30512,1.50,1.47
2011.04.12 06:39:45.717,6.30304,6.30512,1.50,1.47
2011.04.12 06:39:48.289,6.30306,6.30522,1.35,1.62
2011.04.12 06:39:50.281,6.30314,6.30514,1.50,1.03
2011.04.12 06:39:50.719,6.3033,6.30549,1.35,1.47
2011.04.12 06:39:52.480,6.30348,6.30549,1.50,1.47
2011.04.12 06:39:52.591,6.30348,6.30549,1.50,1.47
2011.04.12 06:39:52.702,6.30365,6.30578,1.35,1.62
2011.04.12 06:39:53.029,6.30368,6.30584,1.50,1.47
2011.04.12 06:39:59.480,6.30365,6.30582,1.35,1.62
2011.04.12 06:40:04.127,6.30398,6.30611,1.50,1.47
2011.04.12 06:40:04.460,6.30407,6.30611,1.50,1.47
2011.04.12 06:40:04.682,6.30392,6.30611,1.50,1.47
2011.04.12 06:40:05.141,6.30403,6.30611,1.50,1.47
2011.04.12 06:40:07.951,6.30393,6.30611,1.50,1.47
2011.04.12 06:40:08.499,6.30392,6.30611,1.50,1.47
2011.04.12 06:40:09.395,6.30397,6.30611,1.50,1.47
2011.04.12 06:40:09.511,6.30402,6.30611,1.50,1.47
2011.04.12 06:40:10.362,6.30439,6.30652,1.50,1.47
2011.04.12 06:40:10.692,6.30438,6.30652,1.50,2.22
2011.04.12 06:40:11.390,6.30438,6.30652,1.50,1.47
2011.04.12 06:40:11.720,6.30438,6.30652,1.50,1.47
2011.04.12 06:40:12.601,6.3043,6.30623,1.35,1.18
2011.04.12 06:40:12.821,6.3043,6.30623,1.35,1.18
2011.04.12 06:40:13.153,6.30387,6.30602,1.35,1.18
2011.04.12 06:40:13.262,6.30386,6.30591,1.35,1.62
2011.04.12 06:40:17.910,6.304,6.30604,1.50,1.62
2011.04.12 06:40:18.133,6.30411,6.30616,1.35,1.62
2011.04.12 06:40:18.240,6.30431,6.30638,1.35,1.62
2011.04.12 06:40:22.262,6.30407,6.30611,1.50,1.47
2011.04.12 06:40:22.371,6.30391,6.3061,1.35,1.62
2011.04.12 06:40:22.921,6.30337,6.3054,1.08,1.04
2011.04.12 06:40:23.944,6.30337,6.3054,1.08,1.04
2011.04.12 06:40:30.731,6.3032,6.30524,1.08,1.19
2011.04.12 06:40:31.174,6.30331,6.30535,1.08,1.19
2011.04.12 06:40:31.620,6.3033,6.3054,1.08,1.04
2011.04.12 06:40:33.241,6.30333,6.3054,1.08,1.04
2011.04.12 06:40:34.121,6.30321,6.30531,1.08,1.19
2011.04.12 06:40:34.645,6.30329,6.30531,1.08,1.19
2011.04.12 06:40:37.093,6.30318,6.30522,1.08,1.19
2011.04.12 06:40:37.641,6.30328,6.30532,1.08,1.19
2011.04.12 06:40:44.860,6.30317,6.30522,1.08,1.19
2011.04.12 06:40:51.230,6.30317,6.30498,1.08,1.04
2011.04.12 06:40:55.253,6.30297,6.30497,1.08,1.04
2011.04.12 06:40:55.609,6.30297,6.30497,1.08,1.04
2011.04.12 06:40:57.543,6.30301,6.30501,1.68,1.19
2011.04.12 06:40:57.650,6.3033,6.30534,1.08,1.19
2011.04.12 06:40:57.870,6.30328,6.30552,1.08,1.62
2011.04.12 06:41:06.731,6.30328,6.30527,1.08,1.04
2011.04.12 06:41:06.951,6.3029,6.30495,1.08,1.19
2011.04.12 06:41:11.341,6.30266,6.30483,1.50,1.62
2011.04.12 06:41:11.452,6.30248,6.30463,1.83,1.19
2011.04.12 06:41:11.565,6.30248,6.30453,1.08,1.19
2011.04.12 06:41:16.231,6.30248,6.30453,1.68,1.19
2011.04.12 06:41:16.450,6.30255,6.30482,1.50,1.62
2011.04.12 06:41:17.781,6.30255,6.30484,1.50,1.62
2011.04.12 06:41:18.000,6.30255,6.30484,1.50,1.62
2011.04.12 06:41:19.320,6.30279,6.30484,1.50,1.19
2011.04.12 06:41:19.541,6.30288,6.30504,1.50,1.47
2011.04.12 06:41:19.980,6.30282,6.30504,1.50,1.47
2011.04.12 06:41:20.312,6.30271,6.30498,1.50,1.62
2011.04.12 06:41:23.242,6.30317,6.30507,1.08,1.19
2011.04.12 06:41:23.571,6.30347,6.30554,1.50,1.62
2011.04.12 06:41:23.792,6.30347,6.30563,1.50,1.62
2011.04.12 06:41:24.830,6.30351,6.30563,1.50,1.62
2011.04.12 06:41:25.160,6.30357,6.30583,1.50,1.62
2011.04.12 06:41:25.380,6.30374,6.30591,1.35,1.62
2011.04.12 06:41:25.710,6.30374,6.30591,1.35,1.62
2011.04.12 06:41:27.903,6.30374,6.30591,1.35,1.62
2011.04.12 06:41:28.122,6.30378,6.30602,1.50,1.62
2011.04.12 06:41:31.710,6.30451,6.30602,2.10,1.62
2011.04.12 06:41:31.931,6.30451,6.30639,2.10,1.19
2011.04.12 06:41:32.040,6.30435,6.306,1.08,2.10
2011.04.12 06:41:32.151,6.30408,6.30587,1.08,1.04
2011.04.12 06:41:32.481,6.30408,6.30587,1.08,1.04
2011.04.12 06:41:32.962,6.30437,6.30621,2.10,1.19
2011.04.12 06:41:33.292,6.30437,6.30649,2.43,1.04
2011.04.12 06:41:33.512,6.30451,6.30649,1.68,1.04
2011.04.12 06:41:33.730,6.3045,6.30649,1.68,1.04
2011.04.12 06:41:37.343,6.30433,6.30626,1.68,1.04
2011.04.12 06:41:37.781,6.30435,6.30643,2.43,1.79
2011.04.12 06:41:38.111,6.30433,6.30618,1.68,1.04
2011.04.12 06:41:41.201,6.30442,6.30621,1.08,1.04
2011.04.12 06:41:41.871,6.30442,6.30644,1.68,1.04
2011.04.12 06:41:44.494,6.30428,6.30633,1.08,1.19
2011.04.12 06:41:44.941,6.3043,6.30633,1.08,1.19
2011.04.12 06:41:58.661,6.3043,6.30609,1.08,1.04
2011.04.12 06:42:02.911,6.30414,6.30602,1.08,1.19
2011.04.12 06:42:03.290,6.30386,6.30565,1.08,1.04
2011.04.12 06:42:03.891,6.30386,6.3059,1.68,1.19
2011.04.12 06:42:04.001,6.30398,6.30591,1.08,1.04
2011.04.12 06:42:04.220,6.30423,6.30602,1.08,1.04
2011.04.12 06:42:04.551,6.30392,6.30591,1.68,1.04
2011.04.12 06:42:04.991,6.30384,6.30585,1.68,1.19
2011.04.12 06:42:09.151,6.30384,6.3056,1.08,1.04
2011.04.12 06:42:09.261,6.30384,6.3056,1.08,1.04
2011.04.12 06:42:10.080,6.30348,6.30537,1.08,1.04
2011.04.12 06:42:10.415,6.3034,6.30522,1.08,1.19
2011.04.12 06:42:11.930,6.30355,6.30537,1.08,1.04
2011.04.12 06:42:13.651,6.30362,6.30543,1.08,1.04
2011.04.12 06:42:13.871,6.30363,6.30569,1.68,1.04
2011.04.12 06:42:14.090,6.30382,6.30569,1.08,1.04
2011.04.12 06:42:20.010,6.30382,6.30563,1.08,1.19
2011.04.12 06:42:21.051,6.30367,6.30546,1.08,1.04
2011.04.12 06:42:21.492,6.30345,6.30532,1.08,1.19
2011.04.12 06:42:22.297,6.30344,6.30537,1.08,1.04
2011.04.12 06:42:26.281,6.30355,6.30556,1.08,1.19
2011.04.12 06:42:26.392,6.30373,6.30571,1.08,1.04
2011.04.12 06:42:26.501,6.30372,6.30571,1.08,1.04
2011.04.12 06:42:39.504,6.30385,6.30564,1.08,1.04
2011.04.12 06:42:49.481,6.30355,6.30555,1.35,1.04
2011.04.12 06:42:56.876,6.30355,6.30555,1.35,1.04
2011.04.12 06:43:00.283,6.30341,6.30532,1.50,1.03
2011.04.12 06:43:00.396,6.30315,6.30518,1.50,1.04
2011.04.12 06:43:12.665,6.30339,6.30542,1.35,1.62
2011.04.12 06:43:13.001,6.3035,6.30547,1.35,1.04
2011.04.12 06:43:13.110,6.30351,6.30547,1.35,1.04
2011.04.12 06:43:13.330,6.30351,6.30547,1.35,1.04
2011.04.12 06:43:20.011,6.30351,6.30554,1.35,1.04
2011.04.12 06:43:20.712,6.30373,6.30573,1.35,1.47
2011.04.12 06:43:20.931,6.30377,6.30573,1.35,1.47
2011.04.12 06:43:25.361,6.30357,6.30561,1.50,1.04
2011.04.12 06:43:25.581,6.30349,6.30547,1.35,1.04
2011.04.12 06:43:25.904,6.30349,6.3055,1.35,1.04
2011.04.12 06:43:27.621,6.30371,6.30573,1.35,1.47
2011.04.12 06:43:27.841,6.30377,6.30573,1.35,1.47
2011.04.12 06:43:31.893,6.30388,6.30573,1.50,1.47
2011.04.12 06:43:34.990,6.30377,6.30573,1.35,1.03
2011.04.12 06:43:35.892,6.304,6.30593,1.35,1.62
2011.04.12 06:43:36.652,6.30381,6.30593,1.35,1.62
2011.04.12 06:43:37.384,6.30394,6.30598,1.35,2.22
2011.04.12 06:43:44.581,6.30388,6.30592,1.35,2.37
2011.04.12 06:43:44.800,6.30376,6.3057,1.35,1.04
2011.04.12 06:43:47.980,6.30376,6.3057,1.35,1.04
2011.04.12 06:43:52.782,6.30356,6.30528,1.50,1.03
2011.04.12 06:43:53.110,6.30333,6.30528,1.35,1.03
2011.04.12 06:43:53.551,6.30354,6.30557,1.35,1.47
2011.04.12 06:43:53.881,6.30366,6.30557,1.35,1.47
2011.04.12 06:43:54.971,6.30463,6.30572,2.10,1.62
2011.04.12 06:43:55.191,6.30463,6.30625,2.10,1.04
2011.04.12 06:43:55.302,6.30398,6.30606,1.08,1.04
2011.04.12 06:43:55.522,6.30418,6.3061,2.10,1.19
2011.04.12 06:43:55.740,6.30423,6.30647,1.35,1.19
2011.04.12 06:43:56.280,6.30428,6.30622,1.08,1.04
2011.04.12 06:43:56.392,6.30418,6.30607,1.50,1.03
2011.04.12 06:43:56.611,6.30409,6.30607,1.35,1.47
2011.04.12 06:43:57.011,6.30409,6.30607,1.35,1.04
2011.04.12 06:43:59.551,6.30394,6.30597,1.68,1.19
2011.04.12 06:44:00.141,6.30411,6.30632,1.68,1.19
2011.04.12 06:44:00.250,6.30428,6.30632,1.68,1.19
2011.04.12 06:44:01.022,6.30414,6.30602,1.08,1.04
2011.04.12 06:44:01.131,6.30413,6.30602,1.35,1.04
2011.04.12 06:44:01.243,6.30414,6.30604,1.50,1.04
2011.04.12 06:44:01.902,6.30415,6.30602,1.08,1.04
2011.04.12 06:44:02.620,6.30417,6.30602,1.08,1.04
2011.04.12 06:44:02.950,6.30441,6.3062,1.35,1.19
2011.04.12 06:44:03.281,6.30447,6.30644,1.35,1.19
2011.04.12 06:44:03.612,6.30474,6.30663,1.08,1.04
2011.04.12 06:44:03.942,6.30469,6.30658,1.08,1.04
2011.04.12 06:44:04.162,6.3047,6.30669,1.68,1.04
2011.04.12 06:44:06.352,6.30484,6.30663,1.08,1.19
2011.04.12 06:44:07.182,6.30484,6.30669,1.08,1.04
2011.04.12 06:44:10.782,6.30495,6.30673,1.08,1.35
2011.04.12 06:44:12.933,6.30507,6.30682,1.08,1.35
2011.04.12 06:44:13.480,6.30499,6.30676,1.08,1.04
2011.04.12 06:44:15.470,6.30499,6.3069,1.68,1.04
2011.04.12 06:44:15.801,6.30507,6.3069,1.68,1.04
2011.04.12 06:44:16.433,6.30516,6.30697,1.08,1.04
2011.04.12 06:44:16.874,6.30531,6.30714,1.68,1.04
2011.04.12 06:44:17.092,6.30523,6.30711,1.08,1.04
2011.04.12 06:44:17.683,6.30524,6.30713,1.68,1.04
2011.04.12 06:44:18.230,6.30536,6.30713,1.68,1.04
2011.04.12 06:44:18.641,6.30536,6.30734,1.68,1.19
2011.04.12 06:44:18.750,6.30549,6.30734,1.35,1.19
2011.04.12 06:44:18.970,6.30549,6.30747,1.68,1.04
2011.04.12 06:44:20.104,6.30549,6.30747,1.68,1.04
2011.04.12 06:44:20.331,6.3057,6.30749,1.08,1.04
2011.04.12 06:44:23.261,6.3057,6.30729,1.08,2.10
2011.04.12 06:44:23.481,6.30504,6.30702,1.50,1.03
2011.04.12 06:44:23.920,6.30512,6.30666,1.35,2.10
2011.04.12 06:44:30.091,6.30536,6.30691,2.10,1.04
2011.04.12 06:44:30.531,6.30554,6.30694,2.10,1.04
2011.04.12 06:44:30.642,6.30533,6.30693,1.35,2.10
2011.04.12 06:44:32.870,6.30553,6.3071,2.10,2.10
2011.04.12 06:44:33.802,6.30547,6.30694,1.35,2.10
2011.04.12 06:44:34.022,6.3052,6.30671,1.35,2.10
2011.04.12 06:44:34.241,6.30544,6.30699,2.10,1.04
2011.04.12 06:44:34.351,6.30527,6.30685,2.10,2.10
2011.04.12 06:44:35.720,6.30544,6.30701,2.10,2.10
2011.04.12 06:44:43.651,6.30554,6.30709,2.10,2.10
2011.04.12 06:44:48.132,6.30538,6.30694,1.35,2.10
2011.04.12 06:44:50.012,6.30553,6.3071,2.10,2.10
2011.04.12 06:44:52.502,6.30572,6.30719,2.10,1.04
2011.04.12 06:44:53.166,6.30587,6.30742,1.35,2.10
2011.04.12 06:44:56.052,6.30581,6.30723,1.35,2.10
2011.04.12 06:44:56.161,6.30567,6.30723,1.35,2.10
2011.04.12 06:44:58.892,6.30554,6.3071,1.35,2.10
2011.04.12 06:45:00.521,6.30584,6.30733,2.10,1.04
2011.04.12 06:45:01.071,6.30563,6.30709,1.35,2.10
2011.04.12 06:45:03.890,6.30566,6.30723,2.10,2.10
2011.04.12 06:45:04.110,6.30553,6.3071,2.85,2.10
2011.04.12 06:45:04.440,6.30567,6.30722,2.10,2.10
2011.04.12 06:45:05.882,6.30553,6.3071,2.85,2.10
2011.04.12 06:45:05.992,6.30547,6.30687,1.35,2.10
2011.04.12 06:45:06.106,6.30532,6.30687,2.10,2.10
2011.04.12 06:45:06.441,6.30515,6.30671,2.10,2.10
2011.04.12 06:45:08.752,6.30512,6.30713,1.35,1.62
2011.04.12 06:45:08.972,6.30539,6.30747,1.35,1.62
2011.04.12 06:45:10.842,6.30544,6.30747,1.35,1.62
2011.04.12 06:45:11.172,6.30571,6.30766,1.35,1.47
2011.04.12 06:45:18.371,6.30583,6.30772,1.35,1.47
2011.04.12 06:45:26.521,6.30553,6.30742,1.35,1.03
2011.04.12 06:45:26.632,6.30553,6.30739,1.35,1.04
2011.04.12 06:45:26.740,6.30555,6.30699,1.35,2.10
2011.04.12 06:45:26.851,6.30539,6.30699,2.10,2.10
2011.04.12 06:45:31.381,6.30534,6.30682,1.35,2.10
2011.04.12 06:45:32.781,6.30499,6.30655,2.10,2.10
2011.04.12 06:45:32.891,6.30523,6.30682,1.35,2.10
2011.04.12 06:45:33.332,6.30523,6.30665,2.10,1.47
2011.04.12 06:45:33.551,6.30523,6.3068,2.10,1.04
2011.04.12 06:45:34.840,6.30518,6.30692,1.35,1.35
2011.04.12 06:45:35.992,6.30535,6.30697,2.10,1.19
2011.04.12 06:45:36.248,6.30535,6.30702,2.10,1.19
2011.04.12 06:45:36.367,6.30525,6.30696,2.10,1.04
2011.04.12 06:45:36.481,6.30525,6.30703,2.10,1.04
2011.04.12 06:45:49.521,6.3052,6.30698,1.35,2.10
2011.04.12 06:46:20.643,6.30529,6.30703,2.85,1.35
2011.04.12 06:46:24.821,6.30521,6.3069,1.35,2.10
2011.04.12 06:46:36.451,6.30508,6.30671,2.85,1.03
2011.04.12 06:46:36.782,6.30391,6.30602,1.35,2.10
2011.04.12 06:46:37.002,6.30376,6.30602,1.35,2.10
2011.04.12 06:46:38.211,6.30396,6.30582,1.68,2.10
2011.04.12 06:46:38.321,6.30396,6.30682,1.68,1.50
2011.04.12 06:46:38.431,6.30405,6.30684,1.68,1.35
2011.04.12 06:46:39.501,6.30405,6.30662,1.35,1.18
2011.04.12 06:46:41.691,6.3042,6.30662,1.35,1.18
2011.04.12 06:46:42.504,6.30418,6.30652,1.35,1.18
2011.04.12 06:46:43.671,6.30457,6.30666,1.08,1.04
2011.04.12 06:46:45.185,6.30457,6.30672,1.68,1.19
2011.04.12 06:46:51.940,6.30457,6.30666,1.68,1.19
2011.04.12 06:46:52.883,6.30457,6.30662,1.68,1.19
2011.04.12 06:47:04.090,6.30468,6.30652,1.08,1.79
2011.04.12 06:47:08.520,6.30471,6.30663,1.35,1.19
2011.04.12 06:47:08.631,6.30491,6.30669,1.35,1.35
2011.04.12 06:47:08.741,6.30491,6.3067,1.35,1.04
2011.04.12 06:47:09.075,6.30514,6.30695,1.35,1.04
2011.04.12 06:47:12.612,6.30514,6.30694,1.35,1.35
2011.04.12 06:47:12.941,6.30338,6.30602,1.08,1.18
2011.04.12 06:47:13.050,6.30336,6.30602,1.08,1.18
2011.04.12 06:47:14.151,6.30356,6.30582,1.08,1.93
2011.04.12 06:47:14.920,6.30356,6.30582,1.08,1.93
2011.04.12 06:47:15.360,6.30356,6.30582,1.08,1.18
2011.04.12 06:47:15.800,6.30356,6.30582,1.08,1.18
2011.04.12 06:47:16.481,6.30356,6.30582,1.08,1.18
2011.04.12 06:47:16.591,6.30356,6.30582,1.08,1.18
2011.04.12 06:47:17.892,6.30356,6.30582,1.08,1.18
2011.04.12 06:47:18.900,6.30356,6.30582,1.08,1.18
2011.04.12 06:47:19.121,6.30332,6.30513,2.10,1.18
2011.04.12 06:47:19.341,6.30322,6.30522,1.35,1.18
2011.04.12 06:47:21.624,6.30309,6.30493,1.35,1.03
2011.04.12 06:47:21.962,6.30322,6.30515,1.35,1.03
2011.04.12 06:47:22.832,6.30309,6.30493,1.35,1.03
2011.04.12 06:47:23.162,6.30321,6.30517,1.35,1.03
2011.04.12 06:47:25.491,6.30321,6.3051,1.35,1.03
2011.04.12 06:47:26.321,6.30321,6.30512,1.35,1.03
2011.04.12 06:47:26.432,6.30321,6.30512,1.35,1.03
2011.04.12 06:47:26.761,6.30343,6.3054,1.35,1.03
2011.04.12 06:47:27.532,6.30351,6.3054,1.35,1.03
2011.04.12 06:47:27.750,6.30347,6.3054,1.35,1.03
2011.04.12 06:47:28.082,6.30351,6.3054,1.35,1.47
2011.04.12 06:47:30.281,6.30338,6.3054,1.35,1.47
2011.04.12 06:47:30.913,6.30351,6.3054,1.35,1.47
2011.04.12 06:47:32.372,6.30342,6.3054,1.35,1.47
2011.04.12 06:47:34.890,6.30328,6.30512,1.35,1.03
2011.04.12 06:47:35.110,6.30328,6.30512,1.35,1.03
2011.04.12 06:47:39.773,6.30325,6.3051,1.35,1.04
2011.04.12 06:47:43.091,6.30328,6.30512,1.35,1.03
2011.04.12 06:47:47.512,6.30353,6.30537,1.35,1.03
2011.04.12 06:47:47.953,6.30344,6.30537,1.35,1.47
2011.04.12 06:47:49.512,6.30327,6.30512,1.35,1.03
2011.04.12 06:47:50.671,6.30344,6.30537,1.35,1.47
2011.04.12 06:47:51.000,6.30353,6.30537,1.35,1.03
2011.04.12 06:47:52.557,6.3035,6.30537,1.35,1.47
2011.04.12 06:47:53.442,6.30328,6.30512,1.35,1.03
2011.04.12 06:47:53.553,6.30328,6.30512,1.35,1.03
2011.04.12 06:47:58.102,6.30328,6.30512,1.35,1.03
2011.04.12 06:48:02.751,6.30344,6.30537,1.35,1.47
2011.04.12 06:48:07.150,6.30353,6.30537,1.35,1.47
2011.04.12 06:48:07.835,6.30356,6.30561,1.35,1.62
2011.04.12 06:48:09.932,6.30353,6.30538,1.35,1.03
2011.04.12 06:48:12.243,6.30373,6.30563,1.35,1.47
2011.04.12 06:48:14.026,6.30386,6.30587,2.10,1.62
2011.04.12 06:48:14.147,6.30386,6.30587,2.10,1.19
2011.04.12 06:48:14.263,6.30411,6.30595,1.35,1.04
2011.04.12 06:48:15.663,6.30411,6.30613,1.35,1.62
2011.04.12 06:48:15.992,6.30422,6.30659,1.35,1.62
2011.04.12 06:48:16.320,6.30517,6.30691,2.10,1.62
2011.04.12 06:48:18.805,6.30514,6.30691,2.10,1.62
2011.04.12 06:48:20.661,6.30472,6.30681,1.35,1.62
2011.04.12 06:48:22.292,6.30472,6.30682,1.35,1.62
2011.04.12 06:48:25.630,6.30472,6.30692,1.35,1.62
2011.04.12 06:48:25.852,6.30479,6.30708,1.50,1.62
2011.04.12 06:48:26.073,6.30472,6.30702,1.35,1.62
2011.04.12 06:48:26.511,6.30472,6.30702,2.10,1.62
2011.04.12 06:48:28.996,6.30472,6.30693,1.35,1.62
2011.04.12 06:48:31.312,6.30472,6.30693,1.35,1.62
2011.04.12 06:48:31.422,6.30485,6.30714,1.50,1.62
2011.04.12 06:48:32.874,6.30492,6.30703,1.35,1.62
2011.04.12 06:48:33.891,6.30492,6.30711,1.35,1.62
2011.04.12 06:48:34.111,6.30492,6.30711,1.35,1.62
2011.04.12 06:48:34.631,6.30492,6.30702,1.35,1.62
2011.04.12 06:48:35.182,6.30492,6.30712,1.35,1.62
2011.04.12 06:48:36.380,6.30492,6.30712,1.35,1.62
2011.04.12 06:48:39.131,6.30492,6.30706,1.35,1.62
2011.04.12 06:48:40.692,6.30492,6.30706,1.35,1.62
2011.04.12 06:48:41.532,6.30492,6.30712,1.35,1.62
2011.04.12 06:48:42.954,6.30492,6.30702,1.35,1.62
2011.04.12 06:48:43.062,6.30492,6.30702,1.35,1.62
2011.04.12 06:48:46.861,6.30492,6.30712,1.35,1.62
2011.04.12 06:48:47.391,6.305,6.30727,1.50,1.62
2011.04.12 06:48:51.721,6.305,6.30735,1.50,1.62
2011.04.12 06:48:55.952,6.30492,6.30726,1.35,1.62
2011.04.12 06:49:04.043,6.30502,6.30726,1.50,1.62
2011.04.12 06:49:13.282,6.30494,6.30726,1.50,1.62
2011.04.12 06:49:20.752,6.30494,6.30726,1.50,1.62
2011.04.12 06:49:20.865,6.30494,6.30726,1.50,1.62
2011.04.12 06:49:21.092,6.30492,6.30714,1.35,1.62
2011.04.12 06:49:21.862,6.30492,6.30714,1.35,1.62
2011.04.12 06:49:22.578,6.30499,6.30726,1.50,1.62
2011.04.12 06:49:34.032,6.30486,6.30713,1.50,1.62
2011.04.12 06:49:34.580,6.30486,6.30726,1.50,1.62
2011.04.12 06:49:38.672,6.30506,6.30735,1.50,1.62
2011.04.12 06:49:39.223,6.30517,6.30746,1.50,1.62
2011.04.12 06:49:39.442,6.30542,6.30755,1.35,1.62
2011.04.12 06:49:47.811,6.30541,6.30747,1.35,1.62
2011.04.12 06:49:55.631,6.30532,6.30731,1.35,1.62
2011.04.12 06:49:55.962,6.30551,6.30777,1.35,1.62
2011.04.12 06:49:56.290,6.30552,6.30777,1.50,1.62
2011.04.12 06:49:58.897,6.30564,6.30777,5.25,1.62
2011.04.12 06:49:59.019,6.30564,6.30793,6.00,1.62
2011.04.12 06:49:59.354,6.30589,6.30803,1.35,1.62
2011.04.12 06:49:59.682,6.30599,6.30815,1.35,1.62
2011.04.12 06:50:04.742,6.30589,6.30815,1.35,1.62
2011.04.12 06:50:06.742,6.30599,6.30809,1.35,1.62
2011.04.12 06:50:07.884,6.30599,6.30816,1.35,1.62
2011.04.12 06:50:09.313,6.30599,6.30816,1.35,1.62
2011.04.12 06:50:09.533,6.30599,6.30824,1.35,1.62
2011.04.12 06:50:10.713,6.30605,6.30839,1.50,1.62
2011.04.12 06:50:11.371,6.30606,6.30839,5.25,1.62
2011.04.12 06:50:14.782,6.30639,6.3084,1.35,1.62
2011.04.12 06:50:16.131,6.30639,6.30847,1.35,1.62
2011.04.12 06:50:16.242,6.30628,6.30847,1.35,1.62
2011.04.12 06:50:16.573,6.30639,6.30858,1.35,1.62
2011.04.12 06:50:18.226,6.30639,6.30858,1.35,1.62
2011.04.12 06:50:18.455,6.3063,6.30848,1.35,1.62
2011.04.12 06:50:20.471,6.30639,6.30844,1.35,1.62
2011.04.12 06:50:21.242,6.30639,6.30856,1.35,1.62
2011.04.12 06:50:23.833,6.30639,6.30868,2.10,1.62
2011.04.12 06:50:25.325,6.30663,6.30868,1.35,1.62
2011.04.12 06:50:25.666,6.30687,6.30901,1.35,1.62
2011.04.12 06:50:27.223,6.30697,6.30901,2.10,1.62
2011.04.12 06:50:27.332,6.30735,6.30901,1.35,1.18
2011.04.12 06:50:27.882,6.30735,6.30913,1.35,1.56
2011.04.12 06:50:28.211,6.30735,6.30912,1.35,1.15
2011.04.12 06:50:30.521,6.30735,6.30922,1.35,1.20
2011.04.12 06:50:31.842,6.30711,6.30916,1.50,1.21
2011.04.12 06:50:31.954,6.30671,6.30899,1.35,1.62
2011.04.12 06:50:32.172,6.30671,6.30899,1.35,1.62
2011.04.12 06:50:32.283,6.30687,6.30902,1.50,1.02
2011.04.12 06:50:35.231,6.30676,6.30898,1.50,1.47
2011.04.12 06:50:35.345,6.30677,6.30884,1.08,1.19
2011.04.12 06:50:36.014,6.30692,6.30897,1.08,1.19
2011.04.12 06:50:37.593,6.3068,6.30885,1.08,1.19
2011.04.12 06:50:38.373,6.30685,6.30898,1.08,1.04
2011.04.12 06:50:38.812,6.30685,6.30898,1.08,1.04
2011.04.12 06:50:42.861,6.30688,6.30893,1.83,1.19
2011.04.12 06:50:43.191,6.30697,6.30913,1.08,1.67
2011.04.12 06:50:43.411,6.30698,6.30913,1.08,1.67
2011.04.12 06:50:47.713,6.30698,6.30913,1.08,1.75
2011.04.12 06:50:49.144,6.30701,6.30904,1.50,1.34
2011.04.12 06:50:49.252,6.30711,6.30922,1.50,1.42
2011.04.12 06:50:49.361,6.30708,6.30922,1.50,1.42
2011.04.12 06:50:50.872,6.30698,6.30914,1.08,1.52
2011.04.12 06:50:51.094,6.30698,6.30914,1.08,1.57
2011.04.12 06:50:51.312,6.30686,6.3089,1.08,1.19
2011.04.12 06:50:53.461,6.30677,6.3089,1.68,1.19
2011.04.12 06:50:55.102,6.30656,6.3088,1.08,1.62
2011.04.12 06:50:57.261,6.30639,6.30842,1.08,1.19
2011.04.12 06:51:01.611,6.30627,6.30842,1.08,1.19
2011.04.12 06:51:02.161,6.30603,6.3083,1.50,1.62
2011.04.12 06:51:02.492,6.30591,6.30802,1.35,1.19
2011.04.12 06:51:04.191,6.30581,6.30802,1.68,1.19
2011.04.12 06:51:04.758,6.30581,6.30785,1.08,1.19
2011.04.12 06:51:04.872,6.30587,6.30794,1.08,1.19
2011.04.12 06:51:05.311,6.30597,6.30825,1.35,1.62
2011.04.12 06:51:05.534,6.3062,6.30825,1.68,1.19
2011.04.12 06:51:06.451,6.3062,6.30801,1.08,1.04
2011.04.12 06:51:06.561,6.30577,6.30792,1.50,1.47
2011.04.12 06:51:09.444,6.30557,6.30772,1.08,1.19
2011.04.12 06:51:09.814,6.30557,6.30763,1.50,1.62
2011.04.12 06:51:10.152,6.30578,6.30788,1.50,1.62
2011.04.12 06:51:12.063,6.30565,6.30736,1.35,2.10
2011.04.12 06:51:12.171,6.30551,6.30716,1.35,1.03
2011.04.12 06:51:16.541,6.30543,6.30741,1.35,1.47
2011.04.12 06:51:17.091,6.30552,6.30741,1.35,1.47
2011.04.12 06:51:19.540,6.30547,6.30741,1.35,1.47
2011.04.12 06:51:20.217,6.30552,6.30741,1.35,1.47
2011.04.12 06:51:20.551,6.30556,6.30741,1.50,1.47
2011.04.12 06:51:20.881,6.30556,6.30741,1.50,1.47
2011.04.12 06:51:21.139,6.30556,6.30741,1.50,1.47
2011.04.12 06:51:21.260,6.30601,6.30759,1.35,1.62
2011.04.12 06:51:21.493,6.30601,6.30785,1.35,1.62
2011.04.12 06:51:21.601,6.30601,6.30785,1.35,1.62
2011.04.12 06:51:22.330,6.30598,6.30788,1.35,1.47
2011.04.12 06:51:24.073,6.30601,6.30788,1.35,1.47
2011.04.12 06:51:27.620,6.30601,6.30788,1.35,1.47
2011.04.12 06:51:30.373,6.30605,6.30788,1.50,1.47
2011.04.12 06:51:31.771,6.30605,6.30788,1.50,1.47
2011.04.12 06:51:31.990,6.30605,6.30788,1.50,1.47
2011.04.12 06:51:32.261,6.30605,6.30788,1.50,1.47
2011.04.12 06:51:32.441,6.30605,6.30788,1.50,1.47
2011.04.12 06:51:32.841,6.30605,6.30788,1.50,1.47
2011.04.12 06:51:32.951,6.30605,6.30788,1.50,1.47
2011.04.12 06:51:37.071,6.30596,6.30788,1.35,1.47
2011.04.12 06:51:37.182,6.30584,6.30757,1.35,1.03
2011.04.12 06:51:37.292,6.30579,6.30757,1.35,1.03
2011.04.12 06:51:38.340,6.30584,6.30757,1.35,1.03
2011.04.12 06:51:40.512,6.30584,6.30757,1.35,1.03
2011.04.12 06:51:40.732,6.30584,6.30757,1.35,1.03
2011.04.12 06:51:43.351,6.30584,6.30757,1.35,1.03
2011.04.12 06:51:43.791,6.30587,6.30757,1.50,1.03
2011.04.12 06:51:44.681,6.30584,6.30757,1.35,1.03
2011.04.12 06:51:45.126,6.30598,6.30785,1.35,1.47
2011.04.12 06:51:45.681,6.30607,6.30785,1.35,1.04
2011.04.12 06:51:45.792,6.30612,6.30807,2.10,1.62
2011.04.12 06:51:45.901,6.30626,6.30811,1.35,1.47
2011.04.12 06:51:49.464,6.30636,6.30811,1.35,1.03
2011.04.12 06:51:49.682,6.30607,6.30785,2.10,1.03
2011.04.12 06:51:50.233,6.30619,6.30808,1.35,1.47
2011.04.12 06:51:50.564,6.30608,6.30781,1.35,1.03
2011.04.12 06:51:50.792,6.30615,6.30781,1.50,1.03
2011.04.12 06:51:50.902,6.30615,6.30781,1.50,1.03
2011.04.12 06:51:51.121,6.30628,6.30813,1.35,1.62
2011.04.12 06:51:51.234,6.30642,6.30817,1.35,1.03
2011.04.12 06:51:52.082,6.30642,6.30817,1.35,1.03
2011.04.12 06:51:52.646,6.30626,6.30817,1.35,1.47
2011.04.12 06:51:53.213,6.30613,6.30813,1.35,1.47
2011.04.12 06:51:55.943,6.30613,6.30813,1.35,1.47
2011.04.12 06:51:56.162,6.30605,6.30804,1.35,1.62
2011.04.12 06:51:56.711,6.30598,6.30775,1.35,1.03
2011.04.12 06:51:57.452,6.30603,6.30775,1.35,1.03
2011.04.12 06:51:57.783,6.30608,6.30775,1.50,1.03
2011.04.12 06:51:59.681,6.30603,6.30775,1.35,1.03
2011.04.12 06:52:00.442,6.30609,6.30806,2.10,1.62
2011.04.12 06:52:04.167,6.30607,6.30782,2.10,1.03
2011.04.12 06:52:05.220,6.30605,6.30782,1.35,1.03
2011.04.12 06:52:11.724,6.30595,6.30782,1.35,1.47
2011.04.12 06:52:13.762,6.3058,6.30754,1.35,1.03
2011.04.12 06:52:14.842,6.3058,6.30754,1.35,1.03
2011.04.12 06:52:16.611,6.30582,6.30782,2.10,1.47
2011.04.12 06:52:26.631,6.30606,6.30785,1.35,1.04
2011.04.12 06:52:26.851,6.30596,6.30782,1.35,1.03
2011.04.12 06:52:31.351,6.30597,6.30782,1.35,1.04
2011.04.12 06:52:42.151,6.30605,6.30806,1.35,1.62
2011.04.12 06:52:42.481,6.30627,6.30831,1.68,1.19
2011.04.12 06:52:42.704,6.30657,6.30862,1.08,1.19
2011.04.12 06:52:44.103,6.3065,6.30855,1.08,1.19
2011.04.12 06:52:44.213,6.30629,6.30855,1.35,1.62
2011.04.12 06:52:44.325,6.30627,6.30831,1.35,1.19
2011.04.12 06:52:47.754,6.30629,6.30849,1.35,1.62
2011.04.12 06:53:03.852,6.30647,6.30849,4.50,1.62
2011.04.12 06:53:04.074,6.30668,6.30873,1.35,1.19
2011.04.12 06:53:04.293,6.30668,6.30885,1.35,1.62
2011.04.12 06:53:04.731,6.30668,6.30885,1.35,1.62
2011.04.12 06:53:08.562,6.30668,6.30876,1.35,1.19
2011.04.12 06:53:09.872,6.30649,6.30873,1.50,1.47
2011.04.12 06:53:09.983,6.30627,6.30829,1.08,1.19
2011.04.12 06:53:10.093,6.30638,6.30846,1.08,1.19
2011.04.12 06:53:10.260,6.30643,6.30846,1.35,1.19
2011.04.12 06:53:10.485,6.3066,6.30864,1.35,1.62
2011.04.12 06:53:14.342,6.30638,6.30841,1.08,1.04
2011.04.12 06:53:14.561,6.3062,6.30824,1.08,1.19
2011.04.12 06:53:23.551,6.3062,6.30824,1.35,1.62
2011.04.12 06:53:23.772,6.30587,6.30802,1.08,1.19
2011.04.12 06:53:26.431,6.30587,6.30814,2.58,1.62
2011.04.12 06:53:27.293,6.30587,6.30801,1.08,1.19
2011.04.12 06:53:29.162,6.30586,6.30789,1.08,1.19
2011.04.12 06:53:32.881,6.30574,6.30779,1.68,1.19
2011.04.12 06:53:48.233,6.30565,6.30765,1.08,1.04
2011.04.12 06:53:48.671,6.30546,6.30749,1.68,1.19
2011.04.12 06:53:50.054,6.30527,6.30726,1.08,1.04
2011.04.12 06:53:50.164,6.30527,6.30708,1.08,1.04
2011.04.12 06:53:58.421,6.30508,6.30713,1.68,1.19
2011.04.12 06:54:03.703,6.30527,6.30717,1.08,1.04
2011.04.12 06:54:03.922,6.30535,6.30717,1.08,1.04
2011.04.12 06:54:08.052,6.30526,6.30717,1.08,1.04
2011.04.12 06:54:08.601,6.30516,6.30711,1.08,1.04
2011.04.12 06:54:08.943,6.30517,6.30711,1.08,1.04
2011.04.12 06:54:09.883,6.30524,6.30718,1.08,1.04
2011.04.12 06:54:18.281,6.30515,6.30718,1.68,1.04
2011.04.12 06:54:22.915,6.30497,6.30692,1.68,1.19
2011.04.12 06:54:23.034,6.30497,6.30687,1.08,1.04
2011.04.12 06:54:23.251,6.30484,6.30666,1.08,1.04
2011.04.12 06:54:26.133,6.30493,6.30697,1.08,1.34
2011.04.12 06:54:26.728,6.30485,6.30676,1.08,1.04
2011.04.12 06:54:29.781,6.30468,6.30672,1.08,1.19
2011.04.12 06:54:32.751,6.30457,6.30649,1.08,1.04
2011.04.12 06:54:33.084,6.30453,6.30632,1.08,1.04
2011.04.12 06:54:35.361,6.30439,6.30632,1.08,1.04
2011.04.12 06:54:39.875,6.30454,6.30635,1.08,1.04
2011.04.12 06:54:40.542,6.30457,6.30649,1.08,1.04
2011.04.12 06:54:40.653,6.30468,6.30657,1.08,1.04
2011.04.12 06:54:41.982,6.30468,6.30657,1.83,1.04
2011.04.12 06:54:42.091,6.30482,6.30663,1.08,1.04
2011.04.12 06:54:43.591,6.30482,6.30686,1.68,1.19
2011.04.12 06:54:43.814,6.30495,6.30691,1.08,1.04
2011.04.12 06:54:46.650,6.30497,6.30692,1.08,1.04
2011.04.12 06:54:48.946,6.30497,6.30691,1.08,1.04
2011.04.12 06:54:51.343,6.30497,6.30678,1.08,1.04
2011.04.12 06:54:51.562,6.30485,6.30664,1.08,1.04
2011.04.12 06:54:55.532,6.30475,6.30656,1.08,2.54
2011.04.12 06:54:55.861,6.30452,6.30622,1.50,1.03
2011.04.12 06:54:56.081,6.30437,6.30622,1.50,1.03
2011.04.12 06:54:56.652,6.30437,6.30582,1.50,1.03
2011.04.12 06:54:57.652,6.30437,6.30637,1.50,1.03
2011.04.12 06:55:00.902,6.30428,6.30637,1.50,1.03
2011.04.12 06:55:01.122,6.30428,6.30597,1.50,1.03
2011.04.12 06:55:01.341,6.30405,6.30597,1.50,1.03
2011.04.12 06:55:02.673,6.30416,6.30597,1.50,1.03
2011.04.12 06:55:05.272,6.30416,6.30597,1.50,1.03
2011.04.12 06:55:05.711,6.3038,6.30597,1.50,1.47
2011.04.12 06:55:09.904,6.3038,6.30597,1.50,1.54
2011.04.12 06:55:10.553,6.30367,6.30596,1.50,1.62
2011.04.12 06:55:12.705,6.30358,6.30585,1.50,1.62
2011.04.12 06:55:14.422,6.30358,6.30585,1.50,1.62
2011.04.12 06:55:16.735,6.30379,6.30597,1.50,1.47
2011.04.12 06:55:17.381,6.30371,6.30593,1.50,3.19
2011.04.12 06:55:24.233,6.30404,6.30597,1.50,1.47
2011.04.12 06:55:24.345,6.30422,6.30613,1.50,2.97
2011.04.12 06:55:24.462,6.30422,6.30613,1.50,2.68
2011.04.12 06:55:24.791,6.30439,6.30613,1.50,2.68
2011.04.12 06:55:25.343,6.30439,6.30641,1.50,1.03
2011.04.12 06:55:29.593,6.30411,6.30632,1.50,3.12
2011.04.12 06:55:35.233,6.30411,6.30518,1.50,5.10
2011.04.12 06:55:35.562,6.30309,6.30522,1.68,2.25
2011.04.12 06:55:35.672,6.30343,6.30613,1.35,1.62
2011.04.12 06:55:35.782,6.30346,6.30613,1.50,1.62
2011.04.12 06:55:36.223,6.30346,6.30605,1.50,1.47
2011.04.12 06:55:36.662,6.30366,6.30613,1.50,1.69
2011.04.12 06:55:36.992,6.30383,6.30612,1.50,1.62
2011.04.12 06:55:38.332,6.30383,6.30612,1.50,1.62
2011.04.12 06:55:38.443,6.30391,6.3062,1.50,1.62
2011.04.12 06:55:39.417,6.30401,6.30628,1.50,1.62
2011.04.12 06:55:41.412,6.30378,6.30605,1.50,1.62
2011.04.12 06:55:42.453,6.30363,6.30573,1.50,1.47
2011.04.12 06:55:42.672,6.3035,6.30573,1.50,1.47
2011.04.12 06:55:45.472,6.30373,6.30577,1.35,1.62
2011.04.12 06:55:45.802,6.3038,6.30605,1.35,1.62
2011.04.12 06:55:46.603,6.30368,6.30569,1.50,1.03
2011.04.12 06:55:46.821,6.3035,6.30569,1.50,1.47
2011.04.12 06:55:47.892,6.30344,6.30528,1.50,1.47
2011.04.12 06:55:48.003,6.30327,6.30528,1.50,1.47
2011.04.12 06:55:48.111,6.30327,6.30528,1.50,1.47
2011.04.12 06:55:49.431,6.30328,6.30528,1.50,1.47
2011.04.12 06:55:49.543,6.30319,6.30513,1.35,2.97
2011.04.12 06:56:00.484,6.30319,6.3049,1.35,1.03
2011.04.12 06:56:00.702,6.30319,6.3049,1.35,1.03
2011.04.12 06:56:01.303,6.30286,6.30469,1.50,2.10
2011.04.12 06:56:01.523,6.30276,6.30445,1.35,1.03
2011.04.12 06:56:04.832,6.30255,6.30433,1.35,1.03
2011.04.12 06:56:05.053,6.30255,6.30433,1.35,1.03
2011.04.12 06:56:05.162,6.30268,6.30444,1.35,1.03
2011.04.12 06:56:06.072,6.30254,6.30433,1.35,1.03
2011.04.12 06:56:07.061,6.30254,6.30433,1.35,1.03
2011.04.12 06:56:11.253,6.30267,6.30458,1.35,1.47
2011.04.12 06:56:14.493,6.30263,6.30433,1.35,1.03
2011.04.12 06:56:15.043,6.30255,6.30433,1.35,1.03
2011.04.12 06:56:16.031,6.30242,6.30433,1.35,2.53
2011.04.12 06:56:16.651,6.30242,6.30426,1.35,1.04
2011.04.12 06:56:26.275,6.30242,6.30409,1.35,1.03
2011.04.12 06:56:26.383,6.30224,6.30409,1.35,1.03
2011.04.12 06:56:37.162,6.30211,6.30392,1.35,1.03
2011.04.12 06:56:37.273,6.30223,6.30406,1.35,1.47
2011.04.12 06:56:52.743,6.30215,6.30392,1.35,1.03
2011.04.12 06:56:52.962,6.3021,6.30392,1.35,1.03
2011.04.12 06:56:54.872,6.30203,6.30385,1.35,1.04
2011.04.12 06:56:56.501,6.30194,6.30373,1.35,1.03
2011.04.12 06:57:00.901,6.30203,6.30387,1.35,1.47
2011.04.12 06:57:06.523,6.30187,6.3037,1.50,1.04
2011.04.12 06:57:07.561,6.30178,6.30373,1.50,1.03
2011.04.12 06:57:08.434,6.30177,6.30369,1.35,1.04
2011.04.12 06:57:09.422,6.30177,6.30361,1.35,1.03
2011.04.12 06:57:09.531,6.30175,6.30361,1.35,1.47
2011.04.12 06:57:11.793,6.30177,6.30372,1.35,1.03
2011.04.12 06:57:12.014,6.30232,6.30419,1.35,1.47
2011.04.12 06:57:12.972,6.30208,6.30384,1.50,2.10
2011.04.12 06:57:13.301,6.3022,6.30409,2.10,1.69
2011.04.12 06:57:13.413,6.30233,6.30428,1.35,1.47
2011.04.12 06:57:13.844,6.30211,6.30412,1.35,1.04
2011.04.12 06:57:14.173,6.30211,6.30393,1.35,1.03
2011.04.12 06:57:14.283,6.30206,6.30393,1.35,1.47
2011.04.12 06:57:14.502,6.3018,6.30372,1.35,1.03
2011.04.12 06:57:14.722,6.3018,6.30367,1.35,1.03
2011.04.12 06:57:15.587,6.30202,6.30393,2.10,1.62
2011.04.12 06:57:15.814,6.30217,6.304,1.35,1.04
2011.04.12 06:57:16.031,6.30227,6.30403,1.35,1.03
2011.04.12 06:57:16.143,6.3023,6.30425,1.35,1.47
2011.04.12 06:57:20.161,6.30239,6.30425,1.35,1.04
2011.04.12 06:57:24.930,6.3022,6.30407,1.35,1.04
2011.04.12 06:57:28.162,6.3022,6.30393,1.35,1.35
2011.04.12 06:57:28.743,6.3022,6.30403,1.35,1.35
2011.04.12 06:57:30.073,6.30271,6.30407,2.10,1.19
2011.04.12 06:57:30.295,6.30289,6.30441,2.10,1.35
2011.04.12 06:57:30.404,6.3027,6.30429,1.35,2.10
2011.04.12 06:57:30.515,6.30258,6.30412,1.08,2.10
2011.04.12 06:57:30.854,6.30251,6.30412,1.35,2.10
2011.04.12 06:57:32.282,6.30238,6.30393,1.35,2.10
2011.04.12 06:57:32.723,6.3027,6.3043,2.10,1.04
2011.04.12 06:57:32.945,6.30292,6.30458,2.10,1.04
2011.04.12 06:57:33.172,6.30279,6.30446,1.35,2.10
2011.04.12 06:57:35.192,6.30262,6.30414,1.35,2.10
2011.04.12 06:57:35.303,6.30262,6.30414,1.35,2.10
2011.04.12 06:57:35.412,6.30264,6.30432,1.35,2.10
2011.04.12 06:57:37.003,6.30257,6.30411,1.35,2.10
2011.04.12 06:57:37.115,6.30264,6.30432,1.35,2.10
2011.04.12 06:57:39.433,6.30264,6.30443,1.35,1.04
2011.04.12 06:57:39.764,6.30289,6.30463,1.35,1.03
2011.04.12 06:57:40.533,6.30273,6.30451,1.35,2.10
2011.04.12 06:57:40.644,6.30264,6.30453,1.35,1.35
2011.04.12 06:57:41.195,6.30264,6.30458,1.35,2.10
2011.04.12 06:57:41.825,6.30264,6.30454,1.35,1.04
2011.04.12 06:57:42.263,6.30261,6.30442,1.35,1.04
2011.04.12 06:57:42.703,6.3025,6.30434,1.35,1.04
2011.04.12 06:57:43.032,6.30256,6.30414,2.10,2.10
2011.04.12 06:57:46.162,6.30279,6.30419,2.10,1.04
2011.04.12 06:57:46.272,6.30279,6.30435,2.10,2.10
2011.04.12 06:57:47.972,6.30292,6.30444,2.10,1.03
2011.04.12 06:57:48.411,6.30292,6.30458,2.10,1.04
2011.04.12 06:57:48.901,6.30308,6.30467,2.10,1.47
2011.04.12 06:57:49.122,6.30283,6.30443,2.10,1.35
2011.04.12 06:57:49.233,6.30273,6.30431,1.35,2.10
2011.04.12 06:57:49.562,6.30278,6.3044,2.10,1.04
2011.04.12 06:57:52.612,6.30296,6.30463,2.10,1.35
2011.04.12 06:57:52.832,6.30277,6.30444,1.35,2.10
2011.04.12 06:57:57.742,6.30264,6.30417,1.35,2.10
2011.04.12 06:57:58.845,6.30237,6.30404,1.35,2.10
2011.04.12 06:58:00.801,6.30218,6.30381,1.35,2.10
2011.04.12 06:58:01.163,6.30235,6.30399,2.10,1.04
2011.04.12 06:58:04.179,6.3023,6.30409,1.35,1.04
2011.04.12 06:58:04.843,6.30234,6.3042,1.35,1.04
2011.04.12 06:58:16.364,6.3026,6.30416,2.10,2.10
2011.04.12 06:58:19.672,6.30291,6.30433,2.10,1.04
2011.04.12 06:58:30.322,6.30265,6.30412,1.35,2.10
2011.04.12 06:58:32.762,6.30273,6.30422,2.10,1.79
2011.04.12 06:58:34.383,6.30251,6.30406,2.10,2.10
2011.04.12 06:58:36.343,6.30268,6.30422,2.10,1.79
2011.04.12 06:58:38.283,6.3025,6.30406,1.35,2.10
2011.04.12 06:58:40.792,6.30227,6.30373,1.35,2.10
2011.04.12 06:58:41.012,6.30218,6.30373,1.35,2.10
2011.04.12 06:58:44.112,6.30197,6.30383,1.08,1.33
2011.04.12 06:58:44.223,6.30253,6.30383,2.10,1.28
2011.04.12 06:58:44.442,6.30253,6.30417,2.10,1.04
2011.04.12 06:58:48.015,6.30236,6.30405,1.35,2.10
2011.04.12 06:58:51.275,6.3024,6.30427,2.10,1.35
2011.04.12 06:58:51.392,6.3024,6.30427,2.10,1.35
2011.04.12 06:58:51.502,6.3024,6.30428,2.10,1.04
2011.04.12 06:58:52.052,6.3027,6.30432,2.10,1.35
2011.04.12 06:58:54.922,6.30249,6.30392,1.35,2.10
2011.04.12 06:58:55.032,6.30258,6.30408,1.35,2.10
2011.04.12 06:59:01.865,6.303,6.30432,2.10,1.36
2011.04.12 06:59:02.203,6.303,6.30455,2.10,2.10
2011.04.12 06:59:09.694,6.30292,6.30448,2.10,2.10
2011.04.12 06:59:10.108,6.30277,6.30444,1.35,2.10
2011.04.12 06:59:10.442,6.30286,6.30443,2.10,2.10
2011.04.12 06:59:20.743,6.30307,6.30459,2.10,1.35
2011.04.12 06:59:20.963,6.30307,6.30472,2.10,1.35
2011.04.12 06:59:22.944,6.30324,6.30478,2.10,1.04
2011.04.12 06:59:23.052,6.30324,6.30478,2.10,1.12
2011.04.12 06:59:25.472,6.30324,6.30482,2.10,1.23
2011.04.12 06:59:26.522,6.30324,6.30483,2.10,1.03
2011.04.12 06:59:27.231,6.30306,6.30479,2.10,2.10
2011.04.12 06:59:28.247,6.30305,6.30474,1.35,2.10
2011.04.12 06:59:28.596,6.30325,6.30483,2.10,1.78
2011.04.12 06:59:29.472,6.30305,6.30476,1.35,2.10
2011.04.12 06:59:30.642,6.30328,6.30483,2.10,1.03
2011.04.12 06:59:30.755,6.30306,6.30479,2.10,2.10
2011.04.12 06:59:30.972,6.30324,6.30483,2.10,1.03
2011.04.12 06:59:31.393,6.30324,6.30477,2.10,1.35
2011.04.12 06:59:31.502,6.30305,6.30468,1.35,2.10
2011.04.12 06:59:34.463,6.3032,6.30474,2.10,1.35
2011.04.12 06:59:34.792,6.3032,6.30483,2.10,1.78
2011.04.12 06:59:35.045,6.3032,6.30474,2.10,1.35
2011.04.12 06:59:35.163,6.30305,6.30472,1.35,1.35
2011.04.12 06:59:35.603,6.30325,6.30476,2.10,1.48
2011.04.12 06:59:35.714,6.30325,6.30483,2.10,1.03
2011.04.12 06:59:36.173,6.30342,6.30503,2.10,1.34
2011.04.12 06:59:36.502,6.30342,6.30511,2.10,2.10
2011.04.12 06:59:39.244,6.30341,6.30492,1.35,1.35
2011.04.12 06:59:39.574,6.30324,6.30492,2.10,1.35
2011.04.12 06:59:40.502,6.30309,6.30472,1.35,2.10
2011.04.12 06:59:43.512,6.30286,6.30373,1.50,2.10
2011.04.12 06:59:43.625,6.30219,6.30373,1.50,2.10
2011.04.12 06:59:43.733,6.30208,6.30454,1.35,1.18
2011.04.12 06:59:43.843,6.30208,6.30473,1.68,1.18
2011.04.12 06:59:43.952,6.30208,6.30483,1.68,1.18
2011.04.12 06:59:44.064,6.30245,6.30424,2.10,2.10
2011.04.12 06:59:44.632,6.30262,6.30441,2.10,2.10
2011.04.12 06:59:44.961,6.30246,6.30403,2.10,2.10
2011.04.12 06:59:46.992,6.30268,6.30425,2.10,2.10
2011.04.12 06:59:47.321,6.3025,6.30407,2.10,2.10
2011.04.12 06:59:56.862,6.30237,6.30395,2.10,2.10
2011.04.12 06:59:58.503,6.30258,6.30413,2.10,1.03
2011.04.12 06:59:58.943,6.30258,6.30401,2.10,1.04
2011.04.12 06:59:59.162,6.30258,6.30401,2.10,1.04
