2011.04.18 14:00:00.319,6.27765,6.27992,1.50,1.68
2011.04.18 14:00:01.210,6.27785,6.28014,1.50,1.68
2011.04.18 14:00:02.199,6.27782,6.28014,1.50,1.34
2011.04.18 14:00:02.788,6.27758,6.27995,1.95,1.34
2011.04.18 14:00:03.119,6.27767,6.27995,1.50,1.34
2011.04.18 14:00:03.453,6.27798,6.28013,1.16,1.34
2011.04.18 14:00:03.572,6.27817,6.28062,1.16,1.34
2011.04.18 14:00:03.792,6.27814,6.28041,1.50,1.34
2011.04.18 14:00:03.914,6.27812,6.28041,1.50,1.68
2011.04.18 14:00:04.249,6.27758,6.27985,1.50,1.68
2011.04.18 14:00:06.643,6.27775,6.28004,1.50,1.68
2011.04.18 14:00:06.981,6.2783,6.28057,1.50,1.68
2011.04.18 14:00:07.309,6.2785,6.28077,1.50,1.68
2011.04.18 14:00:07.419,6.27847,6.28077,1.54,1.68
2011.04.18 14:00:07.532,6.27822,6.28084,1.50,5.43
2011.04.18 14:00:07.869,6.27794,6.28023,1.50,1.68
2011.04.18 14:00:08.199,6.27802,6.28031,1.50,1.68
2011.04.18 14:00:08.310,6.27835,6.28064,1.50,1.68
2011.04.18 14:00:08.763,6.27836,6.28073,1.73,1.68
2011.04.18 14:00:08.989,6.27802,6.28029,1.54,1.68
2011.04.18 14:00:09.102,6.27865,6.28029,4.50,1.10
2011.04.18 14:00:09.212,6.27919,6.28092,4.50,2.25
2011.04.18 14:00:09.330,6.27919,6.28197,4.50,1.68
2011.04.18 14:00:09.442,6.27908,6.28216,1.15,1.68
2011.04.18 14:00:09.671,6.27909,6.28216,1.18,1.34
2011.04.18 14:00:09.889,6.27925,6.28224,1.01,1.68
2011.04.18 14:00:10.332,6.27958,6.28226,1.21,1.68
2011.04.18 14:00:10.672,6.27958,6.28226,1.21,1.68
2011.04.18 14:00:10.780,6.27958,6.28213,1.12,1.68
2011.04.18 14:00:11.986,6.28025,6.28277,1.27,1.34
2011.04.18 14:00:12.430,6.28026,6.28242,1.27,1.34
2011.04.18 14:00:12.762,6.28004,6.28214,1.16,1.34
2011.04.18 14:00:13.089,6.28021,6.2825,1.50,1.68
2011.04.18 14:00:13.199,6.28011,6.28249,1.50,1.68
2011.04.18 14:00:13.310,6.28011,6.28249,1.50,1.68
2011.04.18 14:00:13.529,6.28011,6.28249,1.50,1.68
2011.04.18 14:00:13.640,6.28011,6.28238,1.50,1.34
2011.04.18 14:00:14.300,6.27998,6.28214,1.16,1.34
2011.04.18 14:00:15.700,6.28011,6.28238,1.50,1.34
2011.04.18 14:00:16.028,6.27978,6.28205,1.50,1.68
2011.04.18 14:00:17.492,6.27971,6.282,1.50,1.34
2011.04.18 14:00:17.820,6.27967,6.28199,1.07,1.34
2011.04.18 14:00:17.930,6.27962,6.28184,1.54,1.34
2011.04.18 14:00:18.040,6.27962,6.28184,1.54,1.34
2011.04.18 14:00:18.480,6.27958,6.28183,1.16,1.34
2011.04.18 14:00:18.595,6.27945,6.28149,1.16,1.34
2011.04.18 14:00:18.712,6.27922,6.28149,1.50,1.34
2011.04.18 14:00:19.050,6.27922,6.28149,1.50,1.34
2011.04.18 14:00:20.132,6.27908,6.28133,1.16,1.34
2011.04.18 14:00:20.350,6.27879,6.28108,1.64,1.34
2011.04.18 14:00:20.681,6.27903,6.28105,1.50,1.34
2011.04.18 14:00:21.011,6.28014,6.28153,1.16,2.25
2011.04.18 14:00:21.612,6.28018,6.28286,1.16,1.34
2011.04.18 14:00:22.830,6.28038,6.28266,1.16,1.34
2011.04.18 14:00:23.159,6.28038,6.283,1.34,1.68
2011.04.18 14:00:23.270,6.28038,6.28293,1.31,1.68
2011.04.18 14:00:23.490,6.28043,6.28289,1.54,1.68
2011.04.18 14:00:23.819,6.28043,6.28289,1.54,1.68
2011.04.18 14:00:23.932,6.28038,6.28289,1.31,1.68
2011.04.18 14:00:24.400,6.28038,6.28289,1.31,1.68
2011.04.18 14:00:24.730,6.2806,6.28297,1.50,1.68
2011.04.18 14:00:24.844,6.28038,6.28297,1.20,1.68
2011.04.18 14:00:24.960,6.28035,6.28281,1.26,1.34
2011.04.18 14:00:25.182,6.2803,6.28276,1.26,1.34
2011.04.18 14:00:25.520,6.28004,6.28241,1.31,1.34
2011.04.18 14:00:25.960,6.28004,6.28241,1.30,1.34
2011.04.18 14:00:26.290,6.28004,6.28241,1.30,1.34
2011.04.18 14:00:26.840,6.28023,6.28258,1.20,1.34
2011.04.18 14:00:27.589,6.28057,6.28278,1.16,1.34
2011.04.18 14:00:27.716,6.28035,6.28261,1.50,1.68
2011.04.18 14:00:27.832,6.28025,6.28243,1.50,1.34
2011.04.18 14:00:27.943,6.28049,6.28252,1.50,1.68
2011.04.18 14:00:28.611,6.2805,6.28252,1.50,1.68
2011.04.18 14:00:29.989,6.28049,6.28252,1.50,1.68
2011.04.18 14:00:30.319,6.28093,6.28252,1.50,1.10
2011.04.18 14:00:30.430,6.28089,6.28296,1.50,1.68
2011.04.18 14:00:30.850,6.28139,6.28312,1.50,1.10
2011.04.18 14:00:31.631,6.28103,6.28337,1.50,1.68
2011.04.18 14:00:32.048,6.2809,6.28314,1.50,1.68
2011.04.18 14:00:32.273,6.28081,6.28283,2.25,1.10
2011.04.18 14:00:32.380,6.28101,6.28283,1.50,1.10
2011.04.18 14:00:32.712,6.28084,6.28283,1.73,1.10
2011.04.18 14:00:32.932,6.28108,6.28279,1.50,2.27
2011.04.18 14:00:33.040,6.2812,6.28279,1.50,2.27
2011.04.18 14:00:33.616,6.28184,6.28424,1.50,1.68
2011.04.18 14:00:33.730,6.282,6.28431,1.50,1.34
2011.04.18 14:00:34.501,6.28178,6.28396,1.16,1.34
2011.04.18 14:00:34.831,6.28145,6.28372,1.50,1.10
2011.04.18 14:00:34.942,6.28145,6.28361,1.50,1.34
2011.04.18 14:00:35.050,6.28136,6.28349,1.50,1.34
2011.04.18 14:00:35.160,6.28161,6.28349,1.50,1.34
2011.04.18 14:00:35.383,6.28198,6.28392,1.16,1.34
2011.04.18 14:00:35.502,6.28213,6.28432,1.50,1.34
2011.04.18 14:00:35.721,6.28214,6.28428,1.50,1.34
2011.04.18 14:00:36.434,6.28233,6.28449,1.50,1.34
2011.04.18 14:00:36.660,6.28258,6.28459,1.50,1.68
2011.04.18 14:00:36.771,6.2823,6.28434,1.50,1.34
2011.04.18 14:00:36.990,6.28229,6.28432,1.50,1.34
2011.04.18 14:00:37.099,6.28229,6.28432,1.50,1.34
2011.04.18 14:00:37.209,6.28229,6.28432,1.50,1.34
2011.04.18 14:00:37.570,6.28231,6.28466,1.50,1.68
2011.04.18 14:00:37.682,6.28251,6.28466,1.61,1.68
2011.04.18 14:00:37.802,6.28262,6.28466,1.54,1.34
2011.04.18 14:00:38.034,6.28291,6.28494,1.50,1.34
2011.04.18 14:00:38.152,6.28267,6.28494,1.50,1.34
2011.04.18 14:00:38.369,6.28282,6.28485,1.50,1.34
2011.04.18 14:00:38.700,6.28258,6.28461,1.91,1.34
2011.04.18 14:00:39.155,6.28282,6.28485,1.50,1.34
2011.04.18 14:00:39.275,6.28258,6.28485,1.91,1.34
2011.04.18 14:00:39.390,6.28285,6.28485,1.50,1.34
2011.04.18 14:00:39.831,6.28261,6.28485,1.50,1.68
2011.04.18 14:00:40.380,6.28245,6.28453,1.50,1.68
2011.04.18 14:00:40.491,6.28221,6.2845,1.50,1.68
2011.04.18 14:00:40.600,6.28221,6.28454,1.50,1.68
2011.04.18 14:00:41.038,6.28236,6.28449,1.50,1.68
2011.04.18 14:00:42.534,6.28225,6.28449,1.50,1.68
2011.04.18 14:00:43.201,6.28225,6.28433,1.62,1.10
2011.04.18 14:00:43.311,6.28234,6.28449,1.50,1.68
2011.04.18 14:00:43.421,6.28226,6.28445,1.05,1.68
2011.04.18 14:00:44.010,6.28224,6.28445,1.62,1.68
2011.04.18 14:00:45.221,6.28224,6.28459,1.62,1.68
2011.04.18 14:00:45.441,6.28246,6.28433,1.35,1.10
2011.04.18 14:00:45.770,6.28246,6.28458,1.47,1.34
2011.04.18 14:00:45.880,6.28259,6.28477,1.16,1.34
2011.04.18 14:00:46.210,6.28273,6.28471,1.19,1.34
2011.04.18 14:00:46.786,6.28278,6.28487,1.11,1.68
2011.04.18 14:00:46.907,6.2829,6.28496,1.58,1.68
2011.04.18 14:00:47.240,6.28308,6.28496,1.26,1.34
2011.04.18 14:00:47.580,6.28311,6.28507,1.60,1.34
2011.04.18 14:00:47.690,6.28317,6.28513,1.60,1.34
2011.04.18 14:00:47.911,6.28331,6.28531,1.04,1.34
2011.04.18 14:00:48.244,6.28381,6.28549,1.19,1.34
2011.04.18 14:00:48.471,6.28394,6.28575,1.15,1.34
2011.04.18 14:00:48.583,6.28394,6.28575,1.15,1.34
2011.04.18 14:00:48.700,6.28394,6.28575,1.04,1.34
2011.04.18 14:00:48.919,6.28394,6.28585,1.04,1.19
2011.04.18 14:00:49.141,6.28394,6.28599,1.32,1.34
2011.04.18 14:00:49.708,6.28397,6.28595,1.43,1.19
2011.04.18 14:00:49.839,6.28413,6.28615,1.67,1.34
2011.04.18 14:00:49.952,6.28429,6.28615,1.11,1.34
2011.04.18 14:00:50.061,6.28431,6.28627,1.60,1.34
2011.04.18 14:00:50.280,6.28435,6.28634,1.45,1.19
2011.04.18 14:00:50.939,6.2845,6.28634,1.17,1.19
2011.04.18 14:00:51.160,6.2845,6.28634,1.53,1.19
2011.04.18 14:00:51.380,6.2848,6.28665,1.35,1.34
2011.04.18 14:00:51.489,6.28483,6.28673,2.10,1.34
2011.04.18 14:00:52.023,6.28518,6.28693,2.10,1.34
2011.04.18 14:00:52.459,6.28511,6.28699,1.35,1.19
2011.04.18 14:00:52.585,6.28527,6.28702,1.52,1.35
2011.04.18 14:00:52.922,6.28527,6.28706,1.19,1.19
2011.04.18 14:00:53.034,6.28502,6.2865,1.61,1.19
2011.04.18 14:00:53.153,6.28497,6.2865,1.16,1.19
2011.04.18 14:00:53.272,6.28469,6.2865,1.31,1.19
2011.04.18 14:00:53.710,6.2849,6.28672,2.10,1.34
2011.04.18 14:00:53.822,6.28511,6.2869,1.35,1.34
2011.04.18 14:00:53.931,6.28519,6.28713,1.25,1.19
2011.04.18 14:00:54.041,6.2851,6.28679,1.29,2.10
2011.04.18 14:00:54.372,6.28471,6.28651,1.36,1.19
2011.04.18 14:00:54.481,6.28461,6.28651,1.41,1.19
2011.04.18 14:00:54.962,6.28449,6.28643,1.17,1.34
2011.04.18 14:00:55.300,6.28445,6.28609,1.32,2.10
2011.04.18 14:00:55.410,6.28422,6.28609,1.50,2.45
2011.04.18 14:00:55.519,6.28413,6.28609,1.62,2.45
2011.04.18 14:00:57.101,6.28405,6.28578,1.14,2.10
2011.04.18 14:00:57.211,6.28412,6.28615,1.35,1.68
2011.04.18 14:00:57.320,6.2843,6.28615,1.35,1.10
2011.04.18 14:00:57.430,6.2843,6.28615,1.35,1.10
2011.04.18 14:00:58.661,6.28448,6.28631,1.62,2.45
2011.04.18 14:00:59.101,6.28424,6.28605,1.29,1.53
2011.04.18 14:00:59.209,6.28417,6.286,1.50,2.45
2011.04.18 14:00:59.319,6.284,6.286,1.50,2.45
2011.04.18 14:00:59.762,6.28416,6.28553,1.50,1.35
2011.04.18 14:01:00.100,6.28377,6.28547,1.32,1.10
2011.04.18 14:01:00.210,6.28354,6.28553,1.62,1.10
2011.04.18 14:01:00.319,6.28376,6.28553,1.07,1.10
2011.04.18 14:01:00.540,6.28395,6.28553,1.62,1.10
2011.04.18 14:01:00.648,6.28385,6.28566,1.17,1.10
2011.04.18 14:01:00.870,6.28374,6.28566,1.85,1.70
2011.04.18 14:01:01.199,6.28363,6.28534,1.11,1.34
2011.04.18 14:01:01.627,6.28355,6.28559,1.11,1.68
2011.04.18 14:01:01.746,6.28384,6.28593,1.21,1.68
2011.04.18 14:01:01.973,6.28442,6.28603,1.16,1.50
2011.04.18 14:01:02.092,6.28443,6.28618,1.16,1.35
2011.04.18 14:01:02.750,6.28443,6.28625,1.16,1.35
2011.04.18 14:01:02.860,6.28445,6.28633,1.60,1.10
2011.04.18 14:01:02.971,6.28453,6.28644,1.75,1.68
2011.04.18 14:01:03.081,6.28468,6.28644,1.09,1.10
2011.04.18 14:01:03.630,6.28445,6.28636,1.62,1.70
2011.04.18 14:01:03.740,6.28445,6.28636,1.62,1.70
2011.04.18 14:01:04.071,6.28452,6.28632,1.01,1.35
2011.04.18 14:01:04.483,6.28452,6.28632,1.01,1.35
2011.04.18 14:01:04.595,6.28453,6.28622,1.04,1.10
2011.04.18 14:01:04.710,6.28453,6.28622,1.04,1.10
2011.04.18 14:01:04.820,6.28453,6.2865,1.04,1.53
2011.04.18 14:01:04.931,6.28453,6.2865,1.04,1.53
2011.04.18 14:01:05.152,6.28453,6.2864,1.16,1.53
2011.04.18 14:01:06.780,6.28443,6.28663,1.07,1.53
2011.04.18 14:01:06.890,6.28443,6.28656,1.07,1.34
2011.04.18 14:01:07.219,6.28451,6.28663,1.40,1.53
2011.04.18 14:01:07.964,6.28449,6.28653,1.40,1.68
2011.04.18 14:01:08.630,6.28449,6.28653,1.40,1.68
2011.04.18 14:01:09.300,6.28449,6.28653,1.02,2.43
2011.04.18 14:01:10.072,6.28428,6.28622,1.53,1.68
2011.04.18 14:01:10.182,6.28427,6.28622,1.15,1.68
2011.04.18 14:01:10.289,6.28417,6.28608,1.01,1.53
2011.04.18 14:01:11.724,6.28468,6.28623,1.35,1.10
2011.04.18 14:01:12.064,6.28499,6.28743,1.35,1.68
2011.04.18 14:01:12.401,6.28517,6.28746,1.35,1.68
2011.04.18 14:01:12.508,6.28517,6.28746,1.35,1.68
2011.04.18 14:01:12.730,6.28527,6.2875,1.06,1.53
2011.04.18 14:01:13.963,6.28531,6.28709,1.19,1.70
2011.04.18 14:01:14.301,6.2849,6.2869,1.11,1.53
2011.04.18 14:01:14.852,6.2849,6.2869,1.19,1.53
2011.04.18 14:01:14.966,6.28491,6.28662,1.02,1.10
2011.04.18 14:01:15.081,6.28466,6.28655,1.72,1.53
2011.04.18 14:01:15.412,6.28323,6.28541,4.75,1.70
2011.04.18 14:01:15.522,6.28332,6.28541,1.35,1.10
2011.04.18 14:01:15.631,6.28365,6.28545,2.10,1.10
2011.04.18 14:01:15.852,6.2843,6.28659,1.35,1.34
2011.04.18 14:01:15.964,6.28432,6.28687,1.35,1.53
2011.04.18 14:01:16.082,6.28471,6.28709,1.35,1.68
2011.04.18 14:01:16.191,6.28471,6.28709,1.35,1.68
2011.04.18 14:01:16.410,6.28483,6.28676,1.35,2.10
2011.04.18 14:01:17.850,6.28516,6.28669,2.10,1.19
2011.04.18 14:01:17.959,6.2853,6.28679,2.10,1.19
2011.04.18 14:01:18.288,6.28524,6.28674,1.35,2.10
2011.04.18 14:01:18.950,6.28543,6.28693,2.10,1.19
2011.04.18 14:01:19.280,6.28607,6.28801,2.10,1.19
2011.04.18 14:01:19.871,6.286,6.28792,1.35,2.10
2011.04.18 14:01:19.981,6.28619,6.28827,2.10,2.45
2011.04.18 14:01:20.089,6.28612,6.28808,1.35,2.10
2011.04.18 14:01:20.859,6.2864,6.28792,2.10,1.35
2011.04.18 14:01:21.519,6.28632,6.28788,1.35,2.10
2011.04.18 14:01:21.740,6.28645,6.28806,2.10,2.10
2011.04.18 14:01:21.852,6.28658,6.28816,1.35,2.10
2011.04.18 14:01:22.203,6.28643,6.28787,1.35,2.10
2011.04.18 14:01:22.422,6.28608,6.28762,1.35,2.10
2011.04.18 14:01:22.530,6.28623,6.28784,2.10,2.10
2011.04.18 14:01:22.862,6.28608,6.28767,1.35,2.10
2011.04.18 14:01:22.969,6.28623,6.28784,2.10,2.10
2011.04.18 14:01:23.299,6.28627,6.28787,2.10,2.10
2011.04.18 14:01:23.410,6.28608,6.28758,1.35,2.10
2011.04.18 14:01:23.651,6.28583,6.28792,1.50,1.68
2011.04.18 14:01:23.763,6.28599,6.28767,2.10,2.10
2011.04.18 14:01:24.101,6.28644,6.28791,2.10,1.19
2011.04.18 14:01:24.212,6.28644,6.28807,2.10,2.45
2011.04.18 14:01:24.975,6.28626,6.28771,1.50,2.10
2011.04.18 14:01:25.310,6.286,6.28744,1.50,2.10
2011.04.18 14:01:25.531,6.28577,6.28718,1.50,2.10
2011.04.18 14:01:25.749,6.28569,6.28699,1.50,2.10
2011.04.18 14:01:25.970,6.28539,6.28699,2.10,2.10
2011.04.18 14:01:26.080,6.28518,6.2873,1.50,1.34
2011.04.18 14:01:26.191,6.28569,6.28716,2.10,1.19
2011.04.18 14:01:26.409,6.28569,6.28718,2.10,1.19
2011.04.18 14:01:26.739,6.2856,6.28713,1.35,2.10
2011.04.18 14:01:27.065,6.28566,6.28726,2.10,1.19
2011.04.18 14:01:27.523,6.28549,6.2871,1.35,2.10
2011.04.18 14:01:27.748,6.28565,6.28728,2.10,2.10
2011.04.18 14:01:28.080,6.28599,6.28751,2.10,1.94
2011.04.18 14:01:28.190,6.28599,6.28758,2.10,1.53
2011.04.18 14:01:28.301,6.28579,6.28741,1.35,2.10
2011.04.18 14:01:28.628,6.28558,6.28705,1.35,2.10
2011.04.18 14:01:29.399,6.28542,6.28705,2.10,2.10
2011.04.18 14:01:30.659,6.28538,6.28716,1.35,1.19
2011.04.18 14:01:30.992,6.28541,6.28716,1.35,1.19
2011.04.18 14:01:31.319,6.28558,6.28747,1.35,1.53
2011.04.18 14:01:31.760,6.28532,6.28721,1.35,1.19
2011.04.18 14:01:31.869,6.28532,6.2872,1.35,1.19
2011.04.18 14:01:33.931,6.28509,6.28699,1.35,1.53
2011.04.18 14:01:34.042,6.28499,6.28685,1.35,1.53
2011.04.18 14:01:34.372,6.28483,6.28669,1.43,1.19
2011.04.18 14:01:34.811,6.28483,6.28659,1.35,1.35
2011.04.18 14:01:35.142,6.2846,6.28632,1.50,2.10
2011.04.18 14:01:35.262,6.28437,6.28617,1.50,1.35
2011.04.18 14:01:35.370,6.28436,6.28624,1.35,1.19
2011.04.18 14:01:35.480,6.28443,6.28634,1.35,1.19
2011.04.18 14:01:35.809,6.28436,6.28626,1.35,1.35
2011.04.18 14:01:36.140,6.28454,6.28651,1.35,1.19
2011.04.18 14:01:36.250,6.28454,6.28651,1.35,1.19
2011.04.18 14:01:36.579,6.28441,6.28637,1.35,2.10
2011.04.18 14:01:37.040,6.28444,6.28637,2.10,1.19
2011.04.18 14:01:37.157,6.28455,6.28637,1.35,1.19
2011.04.18 14:01:37.381,6.28467,6.28665,1.35,1.53
2011.04.18 14:01:37.492,6.2849,6.28671,1.35,1.19
2011.04.18 14:01:38.700,6.28505,6.28695,2.10,1.68
2011.04.18 14:01:38.920,6.28507,6.28703,1.35,1.53
2011.04.18 14:01:39.031,6.28517,6.28703,1.35,1.19
2011.04.18 14:01:39.141,6.2852,6.28703,1.35,1.19
2011.04.18 14:01:39.251,6.2852,6.28708,1.35,1.19
2011.04.18 14:01:39.471,6.2853,6.28716,1.35,1.19
2011.04.18 14:01:39.581,6.28527,6.28717,1.35,1.19
2011.04.18 14:01:40.066,6.28508,6.28702,1.35,2.45
2011.04.18 14:01:40.191,6.28508,6.28689,1.35,1.19
2011.04.18 14:01:40.525,6.28508,6.28689,1.35,1.19
2011.04.18 14:01:41.080,6.2851,6.28689,1.50,1.19
2011.04.18 14:01:41.193,6.28528,6.2871,1.35,1.53
2011.04.18 14:01:42.520,6.28528,6.2871,1.35,1.19
2011.04.18 14:01:42.739,6.28538,6.28723,1.35,1.19
2011.04.18 14:01:43.181,6.28554,6.28733,1.35,1.19
2011.04.18 14:01:43.752,6.28542,6.28732,1.35,1.19
2011.04.18 14:01:43.970,6.28554,6.28745,1.35,1.19
2011.04.18 14:01:44.630,6.28561,6.28745,1.35,1.19
2011.04.18 14:01:45.190,6.28567,6.28753,1.35,1.68
2011.04.18 14:01:45.410,6.28582,6.28769,1.35,1.70
2011.04.18 14:01:45.629,6.28581,6.28774,1.35,1.19
2011.04.18 14:01:47.119,6.28583,6.28774,1.35,1.19
2011.04.18 14:01:47.779,6.28583,6.28774,1.35,1.19
2011.04.18 14:01:48.219,6.28598,6.28792,1.35,1.19
2011.04.18 14:01:48.330,6.2861,6.28791,1.35,1.19
2011.04.18 14:01:50.198,6.2859,6.28785,1.35,1.19
2011.04.18 14:01:50.774,6.28584,6.28771,1.35,1.19
2011.04.18 14:01:50.884,6.28581,6.28762,1.35,1.19
2011.04.18 14:01:51.110,6.28582,6.28793,1.50,1.68
2011.04.18 14:01:51.442,6.28638,6.28819,1.35,1.34
2011.04.18 14:01:51.551,6.28638,6.28829,1.35,1.19
2011.04.18 14:01:51.769,6.28647,6.28828,1.35,1.35
2011.04.18 14:01:52.099,6.28628,6.28821,1.35,2.45
2011.04.18 14:01:52.601,6.28627,6.28808,1.35,1.19
2011.04.18 14:01:53.063,6.28628,6.28821,1.35,2.10
2011.04.18 14:01:53.545,6.28628,6.28814,1.35,1.19
2011.04.18 14:01:54.320,6.28611,6.28776,1.50,2.10
2011.04.18 14:01:54.431,6.28598,6.28776,1.16,2.10
2011.04.18 14:01:54.763,6.28642,6.2883,1.35,1.53
2011.04.18 14:01:54.880,6.28657,6.28842,1.35,1.53
2011.04.18 14:01:54.989,6.28657,6.28842,1.35,1.19
2011.04.18 14:01:55.101,6.28652,6.28842,1.35,1.19
2011.04.18 14:01:55.541,6.28637,6.28823,1.35,1.35
2011.04.18 14:01:55.762,6.28611,6.28811,1.35,2.10
2011.04.18 14:01:55.981,6.28615,6.28806,2.10,1.19
2011.04.18 14:01:56.549,6.28613,6.28804,1.50,2.10
2011.04.18 14:01:56.991,6.28612,6.28801,1.35,1.19
2011.04.18 14:01:57.213,6.28612,6.28802,1.35,1.19
2011.04.18 14:01:57.769,6.28612,6.2879,1.35,1.19
2011.04.18 14:01:58.559,6.28623,6.28812,2.10,1.34
2011.04.18 14:01:58.673,6.28635,6.28814,1.35,1.34
2011.04.18 14:01:59.504,6.28635,6.28825,1.35,1.19
2011.04.18 14:01:59.613,6.28613,6.28794,1.35,1.19
2011.04.18 14:02:00.170,6.28637,6.28794,1.32,1.19
2011.04.18 14:02:01.050,6.28637,6.28792,1.32,2.85
2011.04.18 14:02:01.382,6.28652,6.28768,1.01,1.19
2011.04.18 14:02:01.489,6.28649,6.28768,1.53,1.19
2011.04.18 14:02:01.601,6.28649,6.28766,1.53,1.19
2011.04.18 14:02:01.819,6.28639,6.28748,1.10,1.19
2011.04.18 14:02:03.213,6.28507,6.2871,1.35,1.19
2011.04.18 14:02:04.439,6.28496,6.28691,1.50,2.10
2011.04.18 14:02:04.551,6.28496,6.28682,1.50,1.19
2011.04.18 14:02:04.660,6.28477,6.28665,2.10,1.19
2011.04.18 14:02:04.989,6.2844,6.28632,1.35,2.69
2011.04.18 14:02:05.209,6.28442,6.2863,1.02,1.35
2011.04.18 14:02:05.320,6.28451,6.28634,1.52,1.19
2011.04.18 14:02:05.542,6.28487,6.28658,1.34,1.19
2011.04.18 14:02:05.649,6.28487,6.28658,1.34,1.19
2011.04.18 14:02:06.204,6.28512,6.28693,1.35,1.94
2011.04.18 14:02:06.335,6.28522,6.28693,1.46,1.19
2011.04.18 14:02:07.331,6.28522,6.28674,1.46,2.10
2011.04.18 14:02:07.441,6.28504,6.28674,1.26,2.10
2011.04.18 14:02:07.770,6.28481,6.2866,1.58,1.19
2011.04.18 14:02:08.099,6.28475,6.28649,1.45,1.19
2011.04.18 14:02:08.320,6.28468,6.28641,1.70,2.10
2011.04.18 14:02:08.541,6.28465,6.28641,1.24,2.10
2011.04.18 14:02:08.870,6.28477,6.28644,1.27,1.19
2011.04.18 14:02:09.092,6.28465,6.28639,1.24,2.10
2011.04.18 14:02:09.654,6.28467,6.28633,1.03,1.19
2011.04.18 14:02:09.990,6.28448,6.28615,1.23,1.19
2011.04.18 14:02:11.000,6.28442,6.28613,1.37,1.19
2011.04.18 14:02:11.331,6.28442,6.28596,1.37,2.10
2011.04.18 14:02:11.441,6.28425,6.28592,1.50,1.19
2011.04.18 14:02:11.659,6.28415,6.28592,1.13,1.19
2011.04.18 14:02:11.881,6.28407,6.28574,1.47,1.19
2011.04.18 14:02:12.444,6.28406,6.28574,1.26,1.19
2011.04.18 14:02:12.672,6.28399,6.28564,1.40,2.10
2011.04.18 14:02:12.893,6.28408,6.28572,1.34,1.19
2011.04.18 14:02:13.013,6.28398,6.28559,1.26,1.19
2011.04.18 14:02:13.132,6.28386,6.28559,1.19,1.19
2011.04.18 14:02:13.362,6.28378,6.28559,1.62,1.19
2011.04.18 14:02:13.592,6.28415,6.28594,1.35,1.70
2011.04.18 14:02:13.709,6.28415,6.28596,1.62,1.19
2011.04.18 14:02:13.820,6.28426,6.28596,1.35,1.19
2011.04.18 14:02:14.153,6.28447,6.28626,1.35,1.53
2011.04.18 14:02:14.380,6.28458,6.28637,2.10,1.19
2011.04.18 14:02:14.819,6.2846,6.28646,1.35,1.19
2011.04.18 14:02:15.629,6.28446,6.28625,1.02,1.19
2011.04.18 14:02:15.739,6.28439,6.28625,1.35,1.19
2011.04.18 14:02:16.070,6.28458,6.28639,1.35,1.19
2011.04.18 14:02:16.290,6.28459,6.2864,1.35,1.19
2011.04.18 14:02:19.353,6.28445,6.28624,1.50,1.19
2011.04.18 14:02:19.693,6.28481,6.28656,1.35,1.53
2011.04.18 14:02:20.029,6.28513,6.28689,1.35,1.70
2011.04.18 14:02:20.141,6.28513,6.28689,1.35,1.35
2011.04.18 14:02:20.952,6.28496,6.28683,1.35,1.35
2011.04.18 14:02:21.062,6.28496,6.28677,1.35,1.19
2011.04.18 14:02:22.710,6.28478,6.28662,1.50,2.10
2011.04.18 14:02:22.930,6.28473,6.28657,1.35,1.19
2011.04.18 14:02:24.249,6.28454,6.28627,1.02,2.10
2011.04.18 14:02:24.580,6.28434,6.28619,1.35,1.19
2011.04.18 14:02:25.117,6.28438,6.28622,1.35,1.53
2011.04.18 14:02:25.237,6.28455,6.28636,1.35,1.19
2011.04.18 14:02:25.572,6.28457,6.28636,1.02,1.19
2011.04.18 14:02:25.899,6.28453,6.28642,1.62,1.35
2011.04.18 14:02:26.630,6.28445,6.28624,1.35,1.19
2011.04.18 14:02:27.250,6.28445,6.28622,1.35,1.35
2011.04.18 14:02:27.471,6.28396,6.28572,1.53,1.35
2011.04.18 14:02:27.581,6.28385,6.28572,1.35,1.35
2011.04.18 14:02:27.690,6.28383,6.28572,1.35,1.35
2011.04.18 14:02:28.791,6.28371,6.28551,1.35,1.19
2011.04.18 14:02:28.908,6.28358,6.28547,2.10,1.53
2011.04.18 14:02:29.022,6.28367,6.28537,1.35,1.34
2011.04.18 14:02:29.132,6.28367,6.28547,1.35,1.19
2011.04.18 14:02:29.243,6.28373,6.28552,1.35,1.19
2011.04.18 14:02:29.690,6.28364,6.28543,1.62,1.34
2011.04.18 14:02:30.488,6.28381,6.28556,1.35,1.19
2011.04.18 14:02:30.822,6.28364,6.28543,1.02,2.10
2011.04.18 14:02:30.932,6.28348,6.2854,1.35,1.19
2011.04.18 14:02:31.989,6.28329,6.28519,1.62,1.19
2011.04.18 14:02:32.760,6.28317,6.28498,1.02,2.10
2011.04.18 14:02:32.875,6.28311,6.28491,1.62,1.35
2011.04.18 14:02:32.992,6.28303,6.28482,1.35,1.19
2011.04.18 14:02:33.763,6.28303,6.28475,1.35,1.35
2011.04.18 14:02:34.100,6.28228,6.28401,1.50,2.10
2011.04.18 14:02:34.211,6.28205,6.28402,1.35,1.53
2011.04.18 14:02:35.575,6.28258,6.2842,1.35,1.34
2011.04.18 14:02:35.692,6.28265,6.28443,2.10,1.34
2011.04.18 14:02:36.020,6.28268,6.2845,2.10,1.19
2011.04.18 14:02:36.353,6.28291,6.28473,2.10,1.53
2011.04.18 14:02:36.475,6.28305,6.28483,1.35,1.35
2011.04.18 14:02:36.703,6.28317,6.28503,2.10,1.53
2011.04.18 14:02:36.931,6.28326,6.28505,1.35,1.19
2011.04.18 14:02:37.040,6.28312,6.28505,1.35,2.10
2011.04.18 14:02:38.552,6.28337,6.28512,1.35,1.53
2011.04.18 14:02:38.881,6.28374,6.28539,2.10,1.68
2011.04.18 14:02:38.993,6.28377,6.28555,1.35,1.34
2011.04.18 14:02:39.110,6.28376,6.28555,2.10,1.19
2011.04.18 14:02:39.222,6.28377,6.28562,1.50,2.45
2011.04.18 14:02:39.333,6.28394,6.28573,1.35,1.19
2011.04.18 14:02:39.449,6.28388,6.28548,1.50,2.10
2011.04.18 14:02:39.672,6.28358,6.28537,1.35,1.19
2011.04.18 14:02:41.830,6.28367,6.28548,1.35,1.19
2011.04.18 14:02:42.161,6.28432,6.28602,2.10,1.10
2011.04.18 14:02:42.269,6.28432,6.2861,2.10,1.68
2011.04.18 14:02:42.601,6.28449,6.28614,1.35,1.35
2011.04.18 14:02:42.819,6.28449,6.28628,1.35,1.19
2011.04.18 14:02:43.260,6.28433,6.28614,1.35,1.19
2011.04.18 14:02:44.300,6.28407,6.28586,2.02,1.19
2011.04.18 14:02:47.231,6.28412,6.28597,2.10,1.19
2011.04.18 14:02:47.340,6.28415,6.28597,1.35,1.19
2011.04.18 14:02:48.300,6.28415,6.28596,1.02,1.19
2011.04.18 14:02:48.519,6.28414,6.28596,1.35,1.19
2011.04.18 14:02:49.031,6.28449,6.28607,1.35,1.68
2011.04.18 14:02:49.141,6.28428,6.28591,1.35,1.19
2011.04.18 14:02:49.251,6.28417,6.28598,1.62,1.19
2011.04.18 14:02:50.072,6.28402,6.28578,1.29,1.19
2011.04.18 14:02:50.293,6.28416,6.2859,1.35,1.19
2011.04.18 14:02:50.620,6.28405,6.28591,1.35,1.19
2011.04.18 14:02:53.140,6.28388,6.28569,1.35,1.19
2011.04.18 14:02:53.363,6.28436,6.28607,1.35,1.35
2011.04.18 14:02:53.920,6.28423,6.28598,1.02,2.10
2011.04.18 14:02:54.035,6.2841,6.28586,1.29,1.19
2011.04.18 14:02:54.150,6.28405,6.28586,1.35,1.53
2011.04.18 14:02:54.480,6.28393,6.28575,1.35,1.19
2011.04.18 14:02:54.809,6.28389,6.28572,1.35,1.19
2011.04.18 14:02:55.124,6.28363,6.28544,1.35,1.19
2011.04.18 14:02:55.707,6.28387,6.28548,1.50,2.10
2011.04.18 14:02:55.931,6.28398,6.28568,1.35,1.10
2011.04.18 14:02:56.151,6.28424,6.28606,1.35,1.19
2011.04.18 14:02:56.590,6.28417,6.28598,1.02,2.10
2011.04.18 14:02:56.701,6.28408,6.28587,1.62,1.19
2011.04.18 14:02:57.029,6.28408,6.28587,1.35,1.19
2011.04.18 14:02:58.540,6.28392,6.28575,1.35,1.19
2011.04.18 14:02:59.067,6.28391,6.28573,1.05,1.19
2011.04.18 14:02:59.659,6.28394,6.28573,1.35,1.19
2011.04.18 14:03:01.030,6.28383,6.28562,1.05,2.10
2011.04.18 14:03:01.250,6.2838,6.28559,1.35,1.19
2011.04.18 14:03:01.690,6.28401,6.2856,2.10,1.19
2011.04.18 14:03:02.021,6.28427,6.28588,2.10,1.19
2011.04.18 14:03:02.241,6.28409,6.28578,2.10,1.19
2011.04.18 14:03:02.888,6.28395,6.28567,1.65,2.10
2011.04.18 14:03:03.442,6.28388,6.28554,1.35,2.10
2011.04.18 14:03:03.550,6.28382,6.28554,1.65,2.10
2011.04.18 14:03:04.103,6.28382,6.28556,1.35,2.10
2011.04.18 14:03:05.231,6.28371,6.2855,1.65,1.19
2011.04.18 14:03:05.450,6.28371,6.28521,1.05,2.10
2011.04.18 14:03:05.670,6.2834,6.28513,1.56,1.35
2011.04.18 14:03:05.783,6.28316,6.28495,1.35,1.19
2011.04.18 14:03:06.012,6.28302,6.28473,1.50,1.35
2011.04.18 14:03:06.482,6.28291,6.28456,1.50,2.10
2011.04.18 14:03:06.595,6.28264,6.28443,1.35,1.19
2011.04.18 14:03:07.482,6.28277,6.28456,2.10,1.19
2011.04.18 14:03:08.722,6.28295,6.28467,1.35,1.19
2011.04.18 14:03:09.509,6.28288,6.28467,1.35,1.19
2011.04.18 14:03:10.060,6.28286,6.28456,1.35,1.35
2011.04.18 14:03:10.170,6.28262,6.28424,1.50,1.19
2011.04.18 14:03:10.635,6.28247,6.28425,1.35,1.35
2011.04.18 14:03:11.191,6.28226,6.28411,1.35,2.10
2011.04.18 14:03:11.301,6.2823,6.28412,2.10,1.19
2011.04.18 14:03:11.411,6.28212,6.28393,1.35,1.19
2011.04.18 14:03:11.959,6.28212,6.28385,1.35,1.35
2011.04.18 14:03:15.090,6.28212,6.28385,1.35,1.35
2011.04.18 14:03:15.420,6.28188,6.28357,1.50,1.35
2011.04.18 14:03:15.532,6.28169,6.28341,1.16,2.10
2011.04.18 14:03:15.641,6.28154,6.28341,1.35,2.10
2011.04.18 14:03:15.752,6.28142,6.28318,1.35,1.35
2011.04.18 14:03:16.309,6.28151,6.28318,1.35,1.35
2011.04.18 14:03:17.300,6.2815,6.28318,1.35,1.35
2011.04.18 14:03:18.355,6.28154,6.28333,2.10,1.34
2011.04.18 14:03:21.801,6.28161,6.28337,1.35,1.35
2011.04.18 14:03:23.551,6.28168,6.28337,1.35,1.35
2011.04.18 14:03:24.469,6.28199,6.2834,2.10,1.34
2011.04.18 14:03:24.580,6.28199,6.28365,2.10,1.34
2011.04.18 14:03:24.909,6.28211,6.28383,1.35,1.35
2011.04.18 14:03:25.019,6.28211,6.28392,1.35,1.19
2011.04.18 14:03:25.240,6.28273,6.28416,2.10,1.68
2011.04.18 14:03:25.570,6.2822,6.28416,2.10,1.68
2011.04.18 14:03:26.569,6.28231,6.28416,1.35,1.68
2011.04.18 14:03:26.902,6.28231,6.2843,1.35,1.53
2011.04.18 14:03:29.462,6.28297,6.28434,1.35,1.68
2011.04.18 14:03:29.681,6.28318,6.28501,1.35,1.53
2011.04.18 14:03:29.790,6.28302,6.28501,1.35,1.53
2011.04.18 14:03:29.903,6.28302,6.28501,1.35,1.53
2011.04.18 14:03:30.129,6.28292,6.28501,2.10,1.53
2011.04.18 14:03:30.570,6.28292,6.28494,2.10,1.68
2011.04.18 14:03:30.789,6.28292,6.28476,2.10,1.34
2011.04.18 14:03:31.560,6.28279,6.28461,1.35,1.53
2011.04.18 14:03:31.672,6.28261,6.28461,1.35,1.19
2011.04.18 14:03:32.281,6.28248,6.2844,1.35,1.19
2011.04.18 14:03:32.499,6.28238,6.28438,1.35,1.34
2011.04.18 14:03:36.021,6.2823,6.28414,1.35,1.19
2011.04.18 14:03:36.133,6.28218,6.28414,2.10,1.19
2011.04.18 14:03:36.470,6.28234,6.28421,2.10,1.34
2011.04.18 14:03:36.583,6.28234,6.2843,2.10,1.34
2011.04.18 14:03:37.104,6.28234,6.28439,2.10,1.19
2011.04.18 14:03:37.659,6.28238,6.28433,1.35,1.34
2011.04.18 14:03:41.450,6.28256,6.28447,2.10,1.34
2011.04.18 14:03:42.139,6.28257,6.28447,1.35,1.34
2011.04.18 14:03:45.951,6.28288,6.28465,1.35,1.68
2011.04.18 14:03:46.059,6.28288,6.28483,1.35,1.34
2011.04.18 14:03:49.791,6.28287,6.28475,2.10,1.34
2011.04.18 14:03:55.151,6.2827,6.28465,1.35,1.19
2011.04.18 14:03:55.372,6.28257,6.2844,1.35,1.53
2011.04.18 14:03:55.701,6.28237,6.28431,1.35,1.68
2011.04.18 14:03:58.260,6.28231,6.28422,2.10,1.68
2011.04.18 14:03:58.372,6.28219,6.28406,1.35,1.34
2011.04.18 14:03:58.480,6.28204,6.28406,1.35,1.68
2011.04.18 14:03:58.918,6.28199,6.28407,2.10,2.28
2011.04.18 14:04:00.252,6.28191,6.28383,1.35,1.53
2011.04.18 14:04:00.688,6.28188,6.28383,1.35,1.53
2011.04.18 14:04:01.680,6.28204,6.28385,2.10,1.68
2011.04.18 14:04:01.901,6.28204,6.28402,2.10,1.68
2011.04.18 14:04:02.341,6.28204,6.28391,2.10,1.68
2011.04.18 14:04:04.001,6.28187,6.28385,2.10,1.19
2011.04.18 14:04:04.876,6.28178,6.28383,2.10,1.34
2011.04.18 14:04:06.720,6.28177,6.28382,2.10,1.68
2011.04.18 14:04:06.831,6.28166,6.28356,1.35,1.19
2011.04.18 14:04:06.942,6.28134,6.28346,1.50,1.34
2011.04.18 14:04:07.051,6.28134,6.28332,1.50,1.10
2011.04.18 14:04:07.382,6.28099,6.28302,1.35,2.28
2011.04.18 14:04:07.601,6.2812,6.28279,2.10,1.34
2011.04.18 14:04:08.128,6.2812,6.28314,2.10,1.68
2011.04.18 14:04:09.704,6.28151,6.28324,2.10,1.68
2011.04.18 14:04:10.041,6.28151,6.28346,2.10,1.68
2011.04.18 14:04:11.754,6.28154,6.28346,1.35,1.68
2011.04.18 14:04:13.150,6.28151,6.28336,2.10,1.68
2011.04.18 14:04:13.369,6.28151,6.28345,2.10,1.68
2011.04.18 14:04:14.941,6.28151,6.28336,2.10,1.68
2011.04.18 14:04:15.604,6.28151,6.28336,2.10,1.68
2011.04.18 14:04:17.990,6.28153,6.28355,1.35,1.53
2011.04.18 14:04:18.320,6.28151,6.28355,2.10,1.53
2011.04.18 14:04:19.941,6.28151,6.28348,2.10,1.68
2011.04.18 14:04:25.171,6.28151,6.28316,2.10,1.52
2011.04.18 14:04:26.835,6.28151,6.28315,2.10,1.74
2011.04.18 14:04:27.398,6.28151,6.28316,2.10,2.09
2011.04.18 14:04:29.322,6.28134,6.28316,1.35,1.47
2011.04.18 14:04:29.430,6.28134,6.28314,1.35,1.51
2011.04.18 14:04:29.870,6.28137,6.28316,1.35,1.01
2011.04.18 14:04:30.949,6.28134,6.28316,1.35,1.09
2011.04.18 14:04:32.842,6.28151,6.28332,2.10,1.29
2011.04.18 14:04:32.950,6.28151,6.28332,2.10,1.10
2011.04.18 14:04:33.724,6.28151,6.28332,2.10,1.22
2011.04.18 14:04:34.268,6.28151,6.28332,2.10,1.16
2011.04.18 14:04:35.230,6.28151,6.28332,2.10,1.15
2011.04.18 14:04:35.451,6.28135,6.28323,1.35,1.37
2011.04.18 14:04:35.779,6.28134,6.28323,1.35,1.41
2011.04.18 14:04:36.111,6.28116,6.28296,2.10,1.03
2011.04.18 14:04:36.439,6.28116,6.28292,2.10,1.15
2011.04.18 14:04:39.219,6.28118,6.28292,1.35,1.13
2011.04.18 14:04:39.441,6.28118,6.28296,1.35,1.08
2011.04.18 14:04:40.320,6.28123,6.28313,1.35,1.21
2011.04.18 14:04:40.760,6.28116,6.28296,2.10,1.62
2011.04.18 14:04:41.199,6.28097,6.28296,1.35,1.61
2011.04.18 14:04:41.994,6.28097,6.28296,1.35,1.60
2011.04.18 14:04:42.750,6.28108,6.28298,1.35,1.44
2011.04.18 14:04:43.462,6.28104,6.28298,1.35,1.48
2011.04.18 14:04:43.794,6.28089,6.28272,1.35,1.33
2011.04.18 14:04:43.913,6.28063,6.28252,2.10,1.08
2011.04.18 14:04:45.370,6.28063,6.28252,2.10,1.08
2011.04.18 14:04:45.593,6.28078,6.28255,1.35,1.08
2011.04.18 14:04:45.712,6.28089,6.28262,2.10,1.42
2011.04.18 14:04:45.822,6.28089,6.28286,2.10,1.57
2011.04.18 14:04:46.409,6.28089,6.28286,2.10,1.56
2011.04.18 14:04:46.960,6.28099,6.28293,1.35,1.19
2011.04.18 14:04:47.719,6.28099,6.28293,1.35,1.18
2011.04.18 14:04:49.359,6.28099,6.28293,1.35,1.14
2011.04.18 14:04:50.804,6.28099,6.28293,1.35,1.19
2011.04.18 14:04:51.471,6.28109,6.28293,2.10,1.16
2011.04.18 14:04:51.801,6.28143,6.28302,1.01,1.54
2011.04.18 14:04:52.682,6.28118,6.28302,1.01,1.62
2011.04.18 14:04:53.449,6.28118,6.28302,1.01,1.54
2011.04.18 14:04:54.759,6.28118,6.28289,1.01,1.48
2011.04.18 14:04:55.387,6.28117,6.28302,2.10,1.19
2011.04.18 14:04:55.503,6.28138,6.28303,1.01,1.54
2011.04.18 14:04:56.059,6.28138,6.28303,1.01,1.52
2011.04.18 14:04:56.722,6.28124,6.28302,1.01,1.52
2011.04.18 14:04:57.300,6.28124,6.28302,1.01,1.57
2011.04.18 14:04:57.760,6.28124,6.28322,1.01,1.50
2011.04.18 14:04:58.089,6.28124,6.28322,1.01,1.66
2011.04.18 14:04:58.639,6.28124,6.28308,1.01,1.57
2011.04.18 14:04:58.971,6.28124,6.28297,1.01,1.53
2011.04.18 14:04:59.702,6.28124,6.28297,1.01,1.54
2011.04.18 14:05:00.219,6.28124,6.28297,1.01,1.47
2011.04.18 14:05:00.769,6.28124,6.28297,1.01,1.34
2011.04.18 14:05:00.990,6.28124,6.28273,1.01,1.01
2011.04.18 14:05:01.430,6.28098,6.28273,1.76,1.35
2011.04.18 14:05:02.090,6.28077,6.2826,1.01,1.06
2011.04.18 14:05:03.409,6.28081,6.28273,1.16,1.06
2011.04.18 14:05:04.458,6.28098,6.28293,1.16,1.15
2011.04.18 14:05:04.791,6.28098,6.28293,1.16,1.49
2011.04.18 14:05:04.900,6.28098,6.28284,1.16,1.19
2011.04.18 14:05:05.619,6.28098,6.28282,1.16,1.06
2011.04.18 14:05:05.870,6.28105,6.28282,1.35,1.06
2011.04.18 14:05:06.202,6.28138,6.28294,1.16,1.18
2011.04.18 14:05:06.312,6.28184,6.28339,1.01,1.64
2011.04.18 14:05:06.421,6.28184,6.2835,1.01,1.18
2011.04.18 14:05:06.531,6.28184,6.28367,1.01,1.11
2011.04.18 14:05:08.233,6.28184,6.28366,1.01,1.07
2011.04.18 14:05:08.575,6.28188,6.28376,1.16,1.32
2011.04.18 14:05:08.804,6.28188,6.28383,1.16,1.05
2011.04.18 14:05:08.923,6.28188,6.28376,1.16,1.10
2011.04.18 14:05:10.361,6.28188,6.28376,1.16,1.26
2011.04.18 14:05:11.450,6.28198,6.28376,2.10,1.36
2011.04.18 14:05:11.836,6.28217,6.28376,1.01,1.28
2011.04.18 14:05:11.956,6.28217,6.28376,1.01,1.28
2011.04.18 14:05:12.239,6.28217,6.28384,1.01,1.09
2011.04.18 14:05:14.520,6.28217,6.28385,1.01,1.18
2011.04.18 14:05:14.741,6.28231,6.28399,1.01,1.14
2011.04.18 14:05:14.850,6.28264,6.28401,1.01,1.11
2011.04.18 14:05:15.290,6.28264,6.28415,1.01,1.03
2011.04.18 14:05:15.510,6.2823,6.28413,1.16,1.20
2011.04.18 14:05:16.510,6.28224,6.28402,1.01,1.16
2011.04.18 14:05:16.949,6.28224,6.28402,1.01,1.11
2011.04.18 14:05:17.281,6.28224,6.28406,1.01,1.03
2011.04.18 14:05:18.601,6.28269,6.28424,1.01,1.40
2011.04.18 14:05:18.820,6.28269,6.28443,1.01,1.19
2011.04.18 14:05:19.041,6.28269,6.28456,1.01,1.02
2011.04.18 14:05:19.260,6.28278,6.28456,1.91,1.02
2011.04.18 14:05:19.481,6.28278,6.28465,1.91,1.03
2011.04.18 14:05:20.152,6.28317,6.28488,1.01,1.09
2011.04.18 14:05:20.481,6.28317,6.28501,1.76,1.13
2011.04.18 14:05:20.593,6.28338,6.28526,1.16,1.69
2011.04.18 14:05:20.714,6.28378,6.28528,1.01,1.05
2011.04.18 14:05:21.052,6.28382,6.28554,1.01,1.05
2011.04.18 14:05:21.600,6.28387,6.28562,1.16,1.25
2011.04.18 14:05:21.819,6.28402,6.28583,1.16,1.16
2011.04.18 14:05:22.744,6.28402,6.28583,1.16,1.24
2011.04.18 14:05:23.390,6.28402,6.28592,1.16,1.17
2011.04.18 14:05:23.501,6.28402,6.28586,1.16,1.75
2011.04.18 14:05:23.611,6.28382,6.28562,1.76,1.01
2011.04.18 14:05:23.941,6.28382,6.28574,1.76,1.34
2011.04.18 14:05:24.051,6.28382,6.28571,1.01,1.05
2011.04.18 14:05:24.599,6.28393,6.28574,1.16,1.15
2011.04.18 14:05:25.311,6.28393,6.28574,1.16,1.07
2011.04.18 14:05:26.564,6.28417,6.28583,1.01,1.19
2011.04.18 14:05:26.883,6.28427,6.28606,1.76,1.16
2011.04.18 14:05:27.440,6.28427,6.28606,1.76,1.13
2011.04.18 14:05:28.319,6.28427,6.28606,1.76,1.30
2011.04.18 14:05:28.653,6.28428,6.28606,1.16,1.02
2011.04.18 14:05:28.761,6.28437,6.28616,1.16,1.17
2011.04.18 14:05:28.872,6.28437,6.28616,1.16,1.08
2011.04.18 14:05:28.980,6.28437,6.28616,1.16,1.08
2011.04.18 14:05:29.713,6.28427,6.28606,1.01,1.36
2011.04.18 14:05:30.811,6.28427,6.28606,1.01,1.20
2011.04.18 14:05:31.032,6.28427,6.28613,1.01,1.32
2011.04.18 14:05:31.581,6.28448,6.28614,1.16,1.30
2011.04.18 14:05:31.691,6.28448,6.28627,1.16,1.30
2011.04.18 14:05:31.799,6.28448,6.28627,1.16,1.29
2011.04.18 14:05:32.350,6.28448,6.28628,1.91,1.19
2011.04.18 14:05:32.902,6.28448,6.28628,1.16,1.20
2011.04.18 14:05:33.499,6.28448,6.28628,1.16,1.29
2011.04.18 14:05:33.830,6.28448,6.28628,1.16,1.23
2011.04.18 14:05:34.562,6.28448,6.28628,1.16,1.44
2011.04.18 14:05:35.069,6.28448,6.28628,1.16,1.30
2011.04.18 14:05:36.380,6.28471,6.28642,1.01,1.30
2011.04.18 14:05:36.490,6.28471,6.28642,1.01,1.34
2011.04.18 14:05:37.150,6.28508,6.28641,1.16,1.33
2011.04.18 14:05:37.482,6.28559,6.28754,1.01,1.52
2011.04.18 14:05:37.593,6.2853,6.28731,1.16,1.11
2011.04.18 14:05:37.710,6.28511,6.28745,1.01,1.18
2011.04.18 14:05:38.229,6.28511,6.28699,1.01,1.20
2011.04.18 14:05:38.346,6.28511,6.28697,1.01,1.10
2011.04.18 14:05:38.684,6.28568,6.28705,1.35,1.13
2011.04.18 14:05:39.022,6.28577,6.28749,1.16,1.21
2011.04.18 14:05:39.352,6.28574,6.28764,1.16,1.23
2011.04.18 14:05:39.462,6.28574,6.28764,1.16,1.29
2011.04.18 14:05:39.790,6.28574,6.28764,1.16,1.29
2011.04.18 14:05:40.012,6.28574,6.28764,1.16,1.23
2011.04.18 14:05:40.599,6.28574,6.28764,1.16,1.25
2011.04.18 14:05:41.149,6.28574,6.28764,1.16,1.22
2011.04.18 14:05:41.688,6.28574,6.28756,1.16,1.27
2011.04.18 14:05:41.815,6.28568,6.28748,1.01,1.30
2011.04.18 14:05:42.154,6.28568,6.28748,1.01,1.74
2011.04.18 14:05:43.260,6.28568,6.28748,1.01,1.68
2011.04.18 14:05:43.589,6.28569,6.28748,1.01,1.58
2011.04.18 14:05:44.158,6.28569,6.28748,1.01,1.64
2011.04.18 14:05:44.489,6.28569,6.28748,1.01,1.68
2011.04.18 14:05:45.039,6.28569,6.28739,1.01,1.72
2011.04.18 14:05:45.605,6.28521,6.28725,1.16,1.59
2011.04.18 14:05:45.834,6.28515,6.28699,1.01,1.38
2011.04.18 14:05:46.170,6.28515,6.28699,1.01,1.65
2011.04.18 14:05:46.941,6.28515,6.28708,1.01,1.69
2011.04.18 14:05:47.164,6.28515,6.28707,1.01,1.70
2011.04.18 14:05:47.501,6.28516,6.2872,1.16,1.66
2011.04.18 14:05:47.722,6.28515,6.2872,1.01,1.66
2011.04.18 14:05:47.830,6.28515,6.2872,1.01,1.60
2011.04.18 14:05:47.940,6.28515,6.28711,1.01,1.69
2011.04.18 14:05:48.719,6.28515,6.28711,1.01,1.61
2011.04.18 14:05:54.083,6.28568,6.28703,1.16,1.03
2011.04.18 14:05:54.310,6.28582,6.28805,1.16,1.64
2011.04.18 14:05:54.420,6.28582,6.28805,1.16,1.71
2011.04.18 14:05:55.191,6.2862,6.28827,1.16,1.52
2011.04.18 14:05:55.523,6.2862,6.2884,1.16,1.63
2011.04.18 14:05:55.630,6.28636,6.2884,1.16,1.58
2011.04.18 14:05:55.960,6.28661,6.28859,1.01,1.66
2011.04.18 14:05:56.594,6.28663,6.28867,1.16,1.73
2011.04.18 14:05:56.821,6.28663,6.28867,1.16,1.62
2011.04.18 14:05:57.042,6.28663,6.28889,1.16,1.66
2011.04.18 14:05:57.154,6.28684,6.28889,1.16,1.71
2011.04.18 14:05:57.933,6.28701,6.28892,1.01,1.70
2011.04.18 14:05:58.381,6.28701,6.28885,1.01,1.68
2011.04.18 14:05:58.490,6.28701,6.28885,1.01,1.68
2011.04.18 14:05:58.602,6.28701,6.28884,1.01,1.62
2011.04.18 14:05:59.150,6.28691,6.28876,1.01,1.68
2011.04.18 14:05:59.260,6.28695,6.28898,1.16,1.60
2011.04.18 14:05:59.960,6.28705,6.28908,1.16,1.66
2011.04.18 14:06:00.180,6.28705,6.28908,1.16,1.64
2011.04.18 14:06:00.630,6.28705,6.28908,1.16,1.62
2011.04.18 14:06:01.309,6.28705,6.28908,1.16,1.67
2011.04.18 14:06:02.369,6.28705,6.28908,1.16,1.75
2011.04.18 14:06:02.920,6.28705,6.28884,1.16,1.03
2011.04.18 14:06:03.469,6.28691,6.2887,1.01,1.02
2011.04.18 14:06:04.549,6.28691,6.28871,1.01,1.07
2011.04.18 14:06:05.102,6.28691,6.2887,1.01,1.13
2011.04.18 14:06:06.250,6.28691,6.2888,1.01,1.01
2011.04.18 14:06:06.361,6.28691,6.28868,1.01,1.08
2011.04.18 14:06:06.940,6.28689,6.28868,1.16,1.03
2011.04.18 14:06:07.053,6.28657,6.28857,1.16,1.06
2011.04.18 14:06:07.171,6.28648,6.28836,1.01,1.02
2011.04.18 14:06:07.749,6.28648,6.28827,1.01,1.01
2011.04.18 14:06:07.962,6.28648,6.28833,1.01,1.61
2011.04.18 14:06:08.072,6.28648,6.28814,1.01,1.06
2011.04.18 14:06:09.110,6.28648,6.28809,1.01,1.09
2011.04.18 14:06:10.352,6.28628,6.28809,1.16,1.21
2011.04.18 14:06:10.901,6.28607,6.28803,1.01,1.14
2011.04.18 14:06:12.550,6.28618,6.28799,1.16,1.03
2011.04.18 14:06:12.771,6.28608,6.28803,1.16,1.15
2011.04.18 14:06:12.880,6.28607,6.28765,1.01,1.17
2011.04.18 14:06:13.430,6.28607,6.28766,1.01,1.46
2011.04.18 14:06:16.302,6.28607,6.28765,1.01,1.01
2011.04.18 14:06:16.810,6.28607,6.28766,1.01,1.57
2011.04.18 14:06:17.252,6.28615,6.28789,1.16,1.38
2011.04.18 14:06:17.801,6.28607,6.2878,1.01,1.18
2011.04.18 14:06:18.020,6.28607,6.28774,1.01,1.54
2011.04.18 14:06:18.550,6.28607,6.28774,1.01,1.66
2011.04.18 14:06:18.770,6.28607,6.2876,1.01,1.11
2011.04.18 14:06:19.473,6.28607,6.28761,1.01,1.23
2011.04.18 14:06:19.585,6.28607,6.28771,1.01,1.13
2011.04.18 14:06:19.811,6.28607,6.28765,1.01,1.10
2011.04.18 14:06:20.142,6.28607,6.28785,1.01,1.26
2011.04.18 14:06:20.250,6.28607,6.28793,1.01,1.07
2011.04.18 14:06:20.362,6.28607,6.28785,1.01,1.01
2011.04.18 14:06:20.590,6.28607,6.28785,1.01,1.27
2011.04.18 14:06:21.033,6.28671,6.28809,1.35,1.34
2011.04.18 14:06:21.262,6.28686,6.28934,2.10,1.34
2011.04.18 14:06:21.370,6.28731,6.28943,1.35,1.10
2011.04.18 14:06:21.482,6.2873,6.28971,1.35,1.34
2011.04.18 14:06:21.809,6.28728,6.28963,1.35,1.34
2011.04.18 14:06:22.140,6.28723,6.28913,1.35,1.33
2011.04.18 14:06:22.952,6.28723,6.28894,1.35,1.04
2011.04.18 14:06:23.503,6.28718,6.28903,1.76,1.30
2011.04.18 14:06:24.060,6.28731,6.28903,1.35,1.30
2011.04.18 14:06:24.170,6.28731,6.2894,1.35,1.65
2011.04.18 14:06:24.282,6.28731,6.2894,2.10,1.67
2011.04.18 14:06:24.390,6.28737,6.2894,1.50,1.67
2011.04.18 14:06:24.502,6.28737,6.2894,1.50,1.67
2011.04.18 14:06:25.050,6.28731,6.28952,1.35,1.65
2011.04.18 14:06:25.162,6.28731,6.28952,1.35,1.65
2011.04.18 14:06:25.381,6.28752,6.28959,1.50,1.70
2011.04.18 14:06:26.150,6.28751,6.28959,1.50,1.63
2011.04.18 14:06:26.422,6.28747,6.28959,1.50,1.63
2011.04.18 14:06:26.640,6.28742,6.28946,1.50,1.01
2011.04.18 14:06:26.859,6.28749,6.28959,1.50,1.72
2011.04.18 14:06:27.299,6.28731,6.28948,1.35,1.58
2011.04.18 14:06:28.063,6.28806,6.28959,2.10,1.58
2011.04.18 14:06:28.610,6.28806,6.28959,2.10,1.66
2011.04.18 14:06:29.052,6.28806,6.28959,2.03,1.34
2011.04.18 14:06:29.160,6.28826,6.28959,2.03,1.66
2011.04.18 14:06:29.492,6.28826,6.28958,2.03,1.63
2011.04.18 14:06:29.712,6.28826,6.28958,2.03,1.71
2011.04.18 14:06:29.931,6.28827,6.28958,2.10,1.62
2011.04.18 14:06:30.434,6.28827,6.28985,2.10,1.47
2011.04.18 14:06:31.338,6.28808,6.28967,2.10,1.64
2011.04.18 14:06:31.455,6.28808,6.28955,2.10,1.12
2011.04.18 14:06:31.794,6.28779,6.28936,2.10,2.48
2011.04.18 14:06:32.023,6.28728,6.28873,1.35,2.29
2011.04.18 14:06:32.146,6.28728,6.28873,1.35,2.25
2011.04.18 14:06:32.262,6.28718,6.28857,1.35,1.18
2011.04.18 14:06:33.409,6.28696,6.28843,1.35,1.26
2011.04.18 14:06:33.740,6.28689,6.28827,2.10,1.13
2011.04.18 14:06:34.588,6.2867,6.28777,1.35,1.06
2011.04.18 14:06:34.810,6.28671,6.28799,1.35,1.03
2011.04.18 14:06:35.252,6.28663,6.28797,1.50,1.73
2011.04.18 14:06:35.373,6.28653,6.28793,1.16,2.85
2011.04.18 14:06:35.602,6.28667,6.28833,1.50,2.93
2011.04.18 14:06:36.040,6.28678,6.28802,1.50,1.17
2011.04.18 14:06:36.262,6.28678,6.28833,1.50,2.85
2011.04.18 14:06:36.480,6.28668,6.28802,1.50,1.32
2011.04.18 14:06:36.919,6.28668,6.28802,1.50,1.35
2011.04.18 14:06:37.755,6.28679,6.28846,1.50,1.27
2011.04.18 14:06:37.973,6.28703,6.28846,1.50,1.18
2011.04.18 14:06:38.422,6.28694,6.28886,1.50,2.30
2011.04.18 14:06:38.531,6.28694,6.28846,1.50,1.15
2011.04.18 14:06:38.861,6.28712,6.28881,1.50,1.18
2011.04.18 14:06:39.191,6.28721,6.28881,1.50,1.07
2011.04.18 14:06:39.301,6.28705,6.28841,1.50,1.07
2011.04.18 14:06:39.411,6.28705,6.28841,1.50,1.40
2011.04.18 14:06:39.520,6.28692,6.28841,1.50,1.07
2011.04.18 14:06:39.632,6.28662,6.28841,1.50,1.20
2011.04.18 14:06:39.742,6.28662,6.28841,1.50,1.35
2011.04.18 14:06:39.851,6.28662,6.28846,1.50,2.43
2011.04.18 14:06:39.963,6.28662,6.28846,1.50,2.10
2011.04.18 14:06:40.071,6.28651,6.28846,1.50,2.10
2011.04.18 14:06:41.090,6.28651,6.28807,1.50,1.30
2011.04.18 14:06:44.030,6.28651,6.28807,1.50,1.32
2011.04.18 14:06:45.951,6.28651,6.28807,1.50,1.41
2011.04.18 14:06:46.550,6.28651,6.28807,1.50,1.12
2011.04.18 14:06:46.660,6.28651,6.28807,1.50,1.05
2011.04.18 14:06:47.609,6.28651,6.28807,1.50,1.17
2011.04.18 14:06:47.721,6.28642,6.28832,1.50,3.98
2011.04.18 14:06:47.831,6.28642,6.28823,1.50,1.57
2011.04.18 14:06:48.050,6.28619,6.28812,1.50,2.85
2011.04.18 14:06:48.872,6.28619,6.28792,1.50,2.10
2011.04.18 14:06:49.202,6.28609,6.28792,1.50,2.27
2011.04.18 14:06:49.530,6.28609,6.28792,1.50,2.42
2011.04.18 14:06:49.861,6.28609,6.28792,1.50,2.40
2011.04.18 14:06:51.652,6.28618,6.28753,1.50,1.02
2011.04.18 14:06:51.763,6.2861,6.28793,1.50,2.44
2011.04.18 14:06:51.887,6.28609,6.28793,1.50,2.56
2011.04.18 14:06:52.001,6.28633,6.28832,1.50,1.23
2011.04.18 14:06:52.487,6.28684,6.28882,1.50,3.14
2011.04.18 14:06:52.606,6.28684,6.28893,1.50,3.14
2011.04.18 14:06:52.723,6.28684,6.28893,1.50,3.21
2011.04.18 14:06:53.181,6.28703,6.28892,1.50,3.22
2011.04.18 14:06:53.991,6.28703,6.28867,1.50,2.33
2011.04.18 14:06:54.101,6.28678,6.28867,1.16,2.33
2011.04.18 14:06:54.210,6.28675,6.28867,1.50,2.40
2011.04.18 14:06:54.429,6.28664,6.28862,1.50,3.09
2011.04.18 14:06:55.200,6.28676,6.28867,1.50,2.43
2011.04.18 14:06:55.996,6.28657,6.28842,1.91,3.22
2011.04.18 14:06:56.659,6.28657,6.28842,1.91,3.16
2011.04.18 14:06:58.139,6.28657,6.28842,1.91,3.21
2011.04.18 14:07:01.880,6.28657,6.28853,1.91,3.18
2011.04.18 14:07:01.989,6.28657,6.28853,1.91,3.18
2011.04.18 14:07:02.649,6.28666,6.28867,1.50,2.44
2011.04.18 14:07:02.870,6.28666,6.28852,1.50,3.14
2011.04.18 14:07:03.200,6.2865,6.28853,1.50,3.18
2011.04.18 14:07:03.530,6.2866,6.28853,1.50,3.18
2011.04.18 14:07:05.063,6.28637,6.28832,1.16,3.81
2011.04.18 14:07:05.681,6.28637,6.28832,1.16,3.73
2011.04.18 14:07:07.080,6.28637,6.28832,1.16,3.72
2011.04.18 14:07:09.020,6.28637,6.28832,1.16,4.51
2011.04.18 14:07:09.570,6.28637,6.28823,1.16,1.07
2011.04.18 14:07:10.289,6.28637,6.28832,1.16,4.51
2011.04.18 14:07:11.450,6.28637,6.28822,1.16,1.68
2011.04.18 14:07:12.853,6.28623,6.28793,1.16,1.70
2011.04.18 14:07:12.963,6.286,6.28793,1.50,1.69
2011.04.18 14:07:13.075,6.28587,6.28788,1.16,1.52
2011.04.18 14:07:13.190,6.28607,6.28788,1.16,1.49
2011.04.18 14:07:13.303,6.28607,6.28797,1.16,1.50
2011.04.18 14:07:13.531,6.28607,6.28811,1.16,1.55
2011.04.18 14:07:13.969,6.28611,6.28811,1.50,1.55
2011.04.18 14:07:15.243,6.28611,6.28811,1.50,1.46
2011.04.18 14:07:16.339,6.28611,6.28811,1.50,1.49
2011.04.18 14:07:16.565,6.28607,6.2881,1.16,1.69
2011.04.18 14:07:17.011,6.28607,6.288,1.16,1.53
2011.04.18 14:07:17.230,6.28607,6.2879,1.16,1.52
2011.04.18 14:07:17.455,6.28607,6.2879,1.16,1.48
2011.04.18 14:07:17.792,6.28607,6.28806,1.16,1.53
2011.04.18 14:07:19.055,6.28607,6.28806,1.16,1.56
2011.04.18 14:07:19.391,6.2861,6.28814,1.50,1.56
2011.04.18 14:07:19.720,6.28647,6.28828,1.16,1.34
2011.04.18 14:07:19.941,6.28648,6.28829,1.16,1.32
2011.04.18 14:07:20.051,6.28657,6.28854,1.16,1.57
2011.04.18 14:07:20.160,6.28657,6.28854,1.16,1.19
2011.04.18 14:07:21.153,6.28678,6.28854,1.16,1.19
2011.04.18 14:07:21.825,6.2865,6.28832,1.50,1.35
2011.04.18 14:07:21.941,6.28638,6.28829,1.16,1.19
2011.04.18 14:07:22.566,6.28638,6.28839,1.16,1.19
2011.04.18 14:07:23.121,6.28638,6.28829,1.16,1.19
2011.04.18 14:07:27.399,6.28638,6.28829,1.16,1.94
2011.04.18 14:07:28.098,6.28638,6.28819,1.16,1.35
2011.04.18 14:07:28.211,6.28608,6.28795,1.16,1.19
2011.04.18 14:07:30.720,6.28608,6.28805,1.16,1.19
2011.04.18 14:07:31.159,6.28614,6.28814,1.50,1.19
2011.04.18 14:07:34.479,6.28614,6.28815,1.50,1.19
2011.04.18 14:07:34.810,6.28608,6.28815,1.16,1.19
2011.04.18 14:07:37.279,6.28608,6.28815,1.16,1.19
2011.04.18 14:07:37.939,6.28608,6.28814,1.16,1.34
2011.04.18 14:07:40.089,6.28608,6.28723,1.16,1.89
2011.04.18 14:07:40.752,6.28577,6.28723,1.50,1.89
2011.04.18 14:07:40.970,6.28588,6.28709,1.16,1.45
2011.04.18 14:07:41.189,6.28588,6.28689,1.16,1.45
2011.04.18 14:07:41.303,6.28588,6.28683,1.16,1.39
2011.04.18 14:07:41.411,6.28577,6.28683,1.16,1.39
2011.04.18 14:07:41.961,6.2858,6.28702,1.16,1.42
2011.04.18 14:07:42.970,6.28588,6.28713,1.16,1.09
2011.04.18 14:07:43.521,6.28547,6.28758,1.16,1.49
2011.04.18 14:07:43.850,6.28547,6.28758,1.16,1.56
2011.04.18 14:07:43.961,6.28547,6.28758,1.16,1.56
2011.04.18 14:07:44.183,6.28497,6.287,1.91,1.55
2011.04.18 14:07:44.414,6.28497,6.28693,1.16,1.70
2011.04.18 14:07:44.532,6.28481,6.28653,1.16,1.54
2011.04.18 14:07:44.641,6.28458,6.28653,1.16,1.56
2011.04.18 14:07:44.751,6.28458,6.28653,1.16,1.60
2011.04.18 14:07:45.599,6.28458,6.28653,1.16,1.59
2011.04.18 14:07:45.715,6.28458,6.28652,1.16,1.01
2011.04.18 14:07:45.831,6.28458,6.28652,1.16,1.10
2011.04.18 14:07:46.489,6.28458,6.28675,1.16,1.10
2011.04.18 14:07:46.600,6.28471,6.28698,1.50,1.66
2011.04.18 14:07:46.711,6.28471,6.28697,1.50,1.02
2011.04.18 14:07:46.931,6.28484,6.28698,1.50,1.70
2011.04.18 14:07:47.951,6.28494,6.28697,1.50,1.01
2011.04.18 14:07:48.500,6.28504,6.28708,1.50,1.32
2011.04.18 14:07:48.612,6.28504,6.28705,1.50,1.49
2011.04.18 14:07:48.722,6.28492,6.28705,1.50,1.49
2011.04.18 14:07:48.832,6.28492,6.28705,1.50,1.46
2011.04.18 14:07:49.050,6.28517,6.28708,1.50,1.25
2011.04.18 14:07:49.326,6.28519,6.28709,1.50,1.25
2011.04.18 14:07:50.022,6.28527,6.28723,1.50,1.25
2011.04.18 14:07:50.241,6.28529,6.28742,1.50,1.22
2011.04.18 14:07:50.462,6.28537,6.28742,1.50,1.25
2011.04.18 14:07:50.570,6.28537,6.28742,1.50,1.26
2011.04.18 14:07:51.351,6.28537,6.28742,1.50,1.25
2011.04.18 14:07:51.569,6.28529,6.28742,1.50,1.29
2011.04.18 14:07:51.970,6.28539,6.28742,1.50,1.29
2011.04.18 14:07:52.189,6.28542,6.28742,1.50,1.16
2011.04.18 14:07:52.524,6.28566,6.2875,1.50,1.29
2011.04.18 14:07:52.640,6.28568,6.28774,1.50,1.70
2011.04.18 14:07:52.969,6.28568,6.28782,1.50,1.68
2011.04.18 14:07:54.072,6.28558,6.28744,1.50,1.18
2011.04.18 14:07:54.196,6.28547,6.28744,1.50,1.24
2011.04.18 14:07:55.250,6.28545,6.28744,1.35,1.23
2011.04.18 14:07:55.470,6.28563,6.28744,1.50,1.22
2011.04.18 14:07:55.580,6.28571,6.28755,1.50,1.22
2011.04.18 14:07:57.319,6.28571,6.28755,1.50,1.23
2011.04.18 14:07:57.539,6.28553,6.28755,1.50,1.28
2011.04.18 14:07:58.350,6.28568,6.28782,1.50,1.69
2011.04.18 14:07:58.461,6.28577,6.28792,1.50,1.31
2011.04.18 14:08:00.493,6.2859,6.28792,1.50,1.25
2011.04.18 14:08:00.822,6.28609,6.28821,1.50,1.71
2011.04.18 14:08:00.931,6.28609,6.28821,1.50,1.69
2011.04.18 14:08:01.041,6.2863,6.28832,1.50,1.29
2011.04.18 14:08:01.261,6.28647,6.28836,1.50,1.22
2011.04.18 14:08:01.589,6.28637,6.28836,1.50,1.22
2011.04.18 14:08:02.140,6.28637,6.28836,1.50,1.32
2011.04.18 14:08:02.997,6.28597,6.28813,2.85,2.04
2011.04.18 14:08:03.111,6.28597,6.28803,2.10,1.68
2011.04.18 14:08:03.440,6.28597,6.28803,1.35,1.65
2011.04.18 14:08:03.552,6.28597,6.28803,1.35,1.65
2011.04.18 14:08:04.472,6.28587,6.28802,1.50,1.72
2011.04.18 14:08:08.900,6.28573,6.28782,1.50,1.71
2011.04.18 14:08:09.343,6.28557,6.28762,1.50,1.64
2011.04.18 14:08:09.461,6.28545,6.28752,2.10,1.05
2011.04.18 14:08:09.789,6.28545,6.28752,2.10,1.12
2011.04.18 14:08:10.123,6.28547,6.28763,1.50,1.71
2011.04.18 14:08:10.450,6.28542,6.28753,1.50,1.61
2011.04.18 14:08:10.670,6.28534,6.28742,1.50,1.69
2011.04.18 14:08:11.001,6.28528,6.28712,1.50,1.04
2011.04.18 14:08:11.112,6.285,6.28703,1.35,1.69
2011.04.18 14:08:11.572,6.28487,6.28703,1.50,1.63
2011.04.18 14:08:11.685,6.28481,6.28663,1.50,1.14
2011.04.18 14:08:11.802,6.2845,6.28662,1.50,1.32
2011.04.18 14:08:11.914,6.2845,6.28662,1.50,1.21
2011.04.18 14:08:13.000,6.2845,6.28663,1.50,1.68
2011.04.18 14:08:14.770,6.28468,6.28682,1.50,1.68
2011.04.18 14:08:15.101,6.28487,6.28692,1.50,2.09
2011.04.18 14:08:15.712,6.28487,6.28703,1.50,2.43
2011.04.18 14:08:17.430,6.28491,6.28703,1.50,1.68
2011.04.18 14:08:24.220,6.28491,6.28695,1.50,1.34
2011.04.18 14:08:24.330,6.28488,6.28692,1.50,1.34
2011.04.18 14:08:24.550,6.28481,6.28686,1.50,1.34
2011.04.18 14:08:24.660,6.28458,6.28663,1.16,1.34
2011.04.18 14:08:28.741,6.28453,6.28657,1.50,1.34
2011.04.18 14:08:28.857,6.28447,6.28652,1.35,1.34
2011.04.18 14:08:30.080,6.28447,6.28647,1.35,1.34
2011.04.18 14:08:30.303,6.28439,6.28642,1.50,1.34
2011.04.18 14:08:30.520,6.28428,6.28642,1.50,1.68
2011.04.18 14:08:32.100,6.28418,6.28625,1.50,1.34
2011.04.18 14:08:35.919,6.28413,6.28613,1.50,1.34
2011.04.18 14:08:36.251,6.28392,6.28602,1.50,1.34
2011.04.18 14:08:36.772,6.28392,6.28595,1.50,1.34
2011.04.18 14:08:36.897,6.28368,6.28582,1.50,1.68
2011.04.18 14:08:39.490,6.28396,6.28583,1.50,1.68
2011.04.18 14:08:39.929,6.28367,6.2858,1.50,1.68
2011.04.18 14:08:40.150,6.28367,6.28583,1.50,1.68
2011.04.18 14:08:40.592,6.28351,6.28562,1.35,1.34
2011.04.18 14:08:45.351,6.28371,6.28574,1.50,1.68
2011.04.18 14:08:45.569,6.28374,6.28574,1.50,1.68
2011.04.18 14:08:48.910,6.28377,6.28593,1.50,1.68
2011.04.18 14:08:49.570,6.28377,6.28593,2.25,1.68
2011.04.18 14:08:51.060,6.28367,6.28583,1.50,1.34
2011.04.18 14:08:53.250,6.28358,6.28572,1.50,1.34
2011.04.18 14:08:58.520,6.28377,6.28558,1.35,1.19
2011.04.18 14:08:58.848,6.28383,6.28558,1.01,1.19
2011.04.18 14:09:00.200,6.28367,6.28555,1.16,2.10
2011.04.18 14:09:00.422,6.28355,6.28536,1.16,1.19
2011.04.18 14:09:02.533,6.28353,6.28531,1.01,1.19
2011.04.18 14:09:03.451,6.28353,6.28527,1.01,1.34
2011.04.18 14:09:03.672,6.28294,6.28468,1.35,1.19
2011.04.18 14:09:03.782,6.28277,6.28468,1.16,1.19
2011.04.18 14:09:03.893,6.28272,6.28468,1.16,1.19
2011.04.18 14:09:04.111,6.28268,6.28444,1.01,1.19
2011.04.18 14:09:05.321,6.28271,6.2845,1.16,1.19
2011.04.18 14:09:06.161,6.28277,6.28469,1.01,1.19
2011.04.18 14:09:06.270,6.2828,6.28469,1.35,1.19
2011.04.18 14:09:06.982,6.28292,6.28473,1.35,1.19
2011.04.18 14:09:07.091,6.28317,6.28496,1.01,1.19
2011.04.18 14:09:07.200,6.28317,6.28496,1.01,1.19
2011.04.18 14:09:08.671,6.28317,6.28496,1.76,1.19
2011.04.18 14:09:10.300,6.28337,6.2852,2.10,1.34
2011.04.18 14:09:10.520,6.28346,6.28543,1.35,1.34
2011.04.18 14:09:11.213,6.28365,6.28542,1.35,1.34
2011.04.18 14:09:11.551,6.28346,6.28542,1.35,1.34
2011.04.18 14:09:12.420,6.28346,6.28527,1.35,1.34
2011.04.18 14:09:12.751,6.28302,6.28488,1.50,1.19
2011.04.18 14:09:12.860,6.28295,6.28488,1.35,1.19
2011.04.18 14:09:12.974,6.28295,6.28488,1.35,1.19
2011.04.18 14:09:13.200,6.28295,6.28488,1.35,1.19
2011.04.18 14:09:13.531,6.28298,6.28488,1.50,1.19
2011.04.18 14:09:13.753,6.28293,6.28488,1.35,1.19
2011.04.18 14:09:13.872,6.2828,6.28459,1.35,1.34
2011.04.18 14:09:14.093,6.28277,6.28459,1.16,1.19
2011.04.18 14:09:14.647,6.28264,6.28457,1.35,1.35
2011.04.18 14:09:14.748,6.28258,6.28448,1.35,1.34
2011.04.18 14:09:14.862,6.28258,6.28448,1.35,1.34
2011.04.18 14:09:15.191,6.28264,6.28452,1.35,1.19
2011.04.18 14:09:15.630,6.28252,6.28444,1.35,1.34
2011.04.18 14:09:15.992,6.28252,6.28443,1.35,1.34
2011.04.18 14:09:17.204,6.28238,6.28403,1.91,2.10
2011.04.18 14:09:17.540,6.28163,6.28346,1.50,1.19
2011.04.18 14:09:17.759,6.28158,6.28346,1.50,1.19
2011.04.18 14:09:18.345,6.28137,6.28336,1.35,1.34
2011.04.18 14:09:18.680,6.28148,6.28346,1.35,1.19
2011.04.18 14:09:18.901,6.28155,6.28346,1.35,1.19
2011.04.18 14:09:19.613,6.28157,6.28346,1.50,1.19
2011.04.18 14:09:20.943,6.28163,6.28346,1.50,1.19
2011.04.18 14:09:21.525,6.28157,6.28338,1.50,1.34
2011.04.18 14:09:21.627,6.28099,6.28276,2.10,2.10
2011.04.18 14:09:22.510,6.28084,6.28259,1.35,2.10
2011.04.18 14:09:22.841,6.28101,6.28258,2.10,1.19
2011.04.18 14:09:23.170,6.28101,6.28254,2.10,1.35
2011.04.18 14:09:23.281,6.28101,6.28258,2.10,1.19
2011.04.18 14:09:23.720,6.28082,6.28259,2.10,2.10
2011.04.18 14:09:25.403,6.28109,6.28266,2.10,1.19
2011.04.18 14:09:25.633,6.28109,6.2827,2.10,1.19
2011.04.18 14:09:25.852,6.28131,6.28286,2.10,1.19
2011.04.18 14:09:26.730,6.28144,6.28301,2.10,1.19
2011.04.18 14:09:26.950,6.28144,6.28304,2.10,1.19
2011.04.18 14:09:28.944,6.28162,6.28319,1.35,2.10
2011.04.18 14:09:29.062,6.28174,6.28322,1.35,1.19
2011.04.18 14:09:29.171,6.28183,6.2833,2.10,1.19
2011.04.18 14:09:29.390,6.28183,6.28332,2.10,1.19
2011.04.18 14:09:29.502,6.28202,6.28348,2.10,1.19
2011.04.18 14:09:29.611,6.28202,6.2836,2.10,1.19
2011.04.18 14:09:31.332,6.28223,6.28367,2.10,1.19
2011.04.18 14:09:31.906,6.28224,6.2838,2.10,2.69
2011.04.18 14:09:32.240,6.28206,6.28351,2.10,1.35
2011.04.18 14:09:33.711,6.28173,6.28327,1.35,1.35
2011.04.18 14:09:33.936,6.28157,6.28265,1.16,1.35
2011.04.18 14:09:34.054,6.28134,6.28283,1.35,1.35
2011.04.18 14:09:34.281,6.28134,6.28283,1.35,1.32
2011.04.18 14:09:34.501,6.28129,6.28283,2.10,1.32
2011.04.18 14:09:35.599,6.28129,6.28283,2.10,1.17
2011.04.18 14:09:36.150,6.28125,6.28268,1.35,1.17
2011.04.18 14:09:36.260,6.28111,6.28253,1.35,1.17
2011.04.18 14:09:36.591,6.28093,6.28236,2.10,1.17
2011.04.18 14:09:37.602,6.28093,6.28236,2.10,1.17
2011.04.18 14:09:38.658,6.28093,6.28241,2.10,1.46
2011.04.18 14:09:38.991,6.28076,6.28224,1.35,2.21
2011.04.18 14:09:39.101,6.28076,6.28224,1.35,2.21
2011.04.18 14:09:39.430,6.28099,6.28243,2.10,1.46
2011.04.18 14:09:39.760,6.28115,6.28262,2.10,1.29
2011.04.18 14:09:40.835,6.28115,6.28262,2.10,1.29
2011.04.18 14:09:41.156,6.28083,6.28241,1.35,2.21
2011.04.18 14:09:41.270,6.28073,6.28219,1.35,2.21
2011.04.18 14:09:41.382,6.28085,6.28247,2.10,2.21
2011.04.18 14:09:42.438,6.28093,6.28257,2.10,2.21
2011.04.18 14:09:42.663,6.28087,6.28237,1.35,2.21
2011.04.18 14:09:42.774,6.28086,6.2822,1.50,2.21
2011.04.18 14:09:42.894,6.28076,6.2822,1.35,2.21
2011.04.18 14:09:43.450,6.28062,6.2822,2.10,2.21
2011.04.18 14:09:44.491,6.28091,6.28249,2.10,2.21
2011.04.18 14:09:46.465,6.28086,6.2825,1.35,2.21
2011.04.18 14:09:47.241,6.28102,6.28254,2.10,1.05
2011.04.18 14:09:48.120,6.28102,6.28271,2.10,2.10
2011.04.18 14:09:48.233,6.28123,6.28279,2.10,1.19
2011.04.18 14:09:51.388,6.28128,6.2828,2.10,1.54
2011.04.18 14:09:51.720,6.28128,6.28269,2.10,1.42
2011.04.18 14:09:52.269,6.28139,6.28271,1.35,1.37
2011.04.18 14:09:53.260,6.28154,6.2828,2.10,1.16
2011.04.18 14:09:53.370,6.28138,6.28278,1.35,1.40
2011.04.18 14:09:53.701,6.28149,6.2829,2.10,1.11
2011.04.18 14:09:54.030,6.2818,6.28318,2.10,1.25
2011.04.18 14:09:54.251,6.2818,6.28332,2.10,1.08
2011.04.18 14:09:54.362,6.28206,6.28353,2.10,1.20
2011.04.18 14:09:54.690,6.28206,6.28363,2.10,1.03
2011.04.18 14:09:55.685,6.28197,6.28337,1.35,2.18
2011.04.18 14:09:55.805,6.28197,6.28337,1.35,2.28
2011.04.18 14:09:55.920,6.28187,6.28337,2.10,2.28
2011.04.18 14:09:56.473,6.28187,6.28335,1.35,1.18
2011.04.18 14:09:56.800,6.28181,6.28323,2.10,1.02
2011.04.18 14:09:56.912,6.28181,6.28337,2.10,2.55
2011.04.18 14:09:57.022,6.28167,6.28322,1.35,2.36
2011.04.18 14:09:57.243,6.28158,6.28322,2.10,2.36
2011.04.18 14:09:57.572,6.28158,6.28306,2.10,1.10
2011.04.18 14:09:58.043,6.28158,6.28322,2.10,2.57
2011.04.18 14:09:58.593,6.28185,6.2833,2.10,1.11
2011.04.18 14:09:58.920,6.28185,6.28338,2.10,1.09
2011.04.18 14:09:59.471,6.28185,6.28346,2.10,2.48
2011.04.18 14:09:59.584,6.28216,6.28358,2.10,1.47
2011.04.18 14:09:59.701,6.28216,6.28361,2.10,1.08
2011.04.18 14:10:01.971,6.28246,6.2839,2.10,1.33
2011.04.18 14:10:02.080,6.28246,6.2839,2.10,1.07
2011.04.18 14:10:02.739,6.28246,6.2839,2.10,1.02
2011.04.18 14:10:02.850,6.28246,6.28362,2.10,1.08
2011.04.18 14:10:02.959,6.28246,6.28404,2.10,2.49
2011.04.18 14:10:03.180,6.28278,6.28424,2.10,1.58
2011.04.18 14:10:03.401,6.2826,6.2842,2.10,1.19
2011.04.18 14:10:03.623,6.28277,6.28433,2.10,1.19
2011.04.18 14:10:03.741,6.2826,6.28421,2.85,2.10
2011.04.18 14:10:05.342,6.28297,6.28447,1.35,2.10
2011.04.18 14:10:05.453,6.28297,6.28456,1.35,2.10
2011.04.18 14:10:08.310,6.28267,6.28409,1.35,2.10
2011.04.18 14:10:08.421,6.28284,6.28426,1.35,2.10
2011.04.18 14:10:08.530,6.28267,6.28412,1.35,2.10
2011.04.18 14:10:08.640,6.28262,6.28412,1.35,2.10
2011.04.18 14:10:09.304,6.28227,6.28375,1.35,2.10
2011.04.18 14:10:09.521,6.28227,6.28375,1.35,2.10
2011.04.18 14:10:11.360,6.28211,6.28359,2.10,1.35
2011.04.18 14:10:13.022,6.28177,6.28334,2.85,2.10
2011.04.18 14:10:14.024,6.28163,6.28315,1.35,2.10
2011.04.18 14:10:14.141,6.28141,6.28299,2.10,2.10
2011.04.18 14:10:14.690,6.28156,6.28299,1.35,2.10
2011.04.18 14:10:14.909,6.2816,6.28315,1.35,2.10
2011.04.18 14:10:15.021,6.28148,6.2829,1.35,2.10
2011.04.18 14:10:15.241,6.28138,6.2829,1.35,2.10
2011.04.18 14:10:15.352,6.28129,6.28277,1.35,2.10
2011.04.18 14:10:18.512,6.28137,6.28299,2.10,2.69
2011.04.18 14:10:21.099,6.28171,6.28316,2.10,1.19
2011.04.18 14:10:25.251,6.2814,6.28299,2.10,2.10
2011.04.18 14:10:28.051,6.28167,6.28313,2.10,1.19
2011.04.18 14:10:28.269,6.28167,6.28322,2.10,1.19
2011.04.18 14:10:29.061,6.28192,6.28339,2.10,1.19
2011.04.18 14:10:29.171,6.28166,6.28324,2.10,2.10
2011.04.18 14:10:30.621,6.28149,6.28298,1.35,2.10
2011.04.18 14:10:32.453,6.28186,6.28337,2.10,1.19
2011.04.18 14:10:32.782,6.28156,6.28294,1.50,2.10
2011.04.18 14:10:32.892,6.28137,6.28294,1.35,2.10
2011.04.18 14:10:42.679,6.28129,6.28274,1.35,2.10
2011.04.18 14:10:43.301,6.28114,6.28274,1.35,2.10
2011.04.18 14:10:43.890,6.28129,6.28274,1.35,2.10
2011.04.18 14:10:44.900,6.2813,6.28288,2.85,2.10
2011.04.18 14:10:45.522,6.28143,6.28301,2.10,1.19
2011.04.18 14:10:45.971,6.28106,6.28269,2.10,2.10
2011.04.18 14:10:46.304,6.28178,6.28333,2.10,1.19
2011.04.18 14:10:46.422,6.2815,6.28308,2.10,2.10
2011.04.18 14:10:46.753,6.28141,6.28304,2.10,2.10
2011.04.18 14:10:47.192,6.28126,6.28282,1.35,2.10
2011.04.18 14:10:47.851,6.2811,6.28256,1.35,2.10
2011.04.18 14:10:47.962,6.28102,6.28254,1.35,1.35
2011.04.18 14:10:50.191,6.28077,6.28238,1.35,2.10
2011.04.18 14:10:52.052,6.28106,6.28254,2.10,1.19
2011.04.18 14:10:52.491,6.28073,6.2822,1.35,2.10
2011.04.18 14:10:52.711,6.28057,6.28217,2.10,1.19
2011.04.18 14:10:53.610,6.28041,6.28203,2.10,2.10
2011.04.18 14:10:56.690,6.28038,6.2818,1.35,2.10
2011.04.18 14:10:57.781,6.28003,6.28162,1.35,2.10
2011.04.18 14:11:00.111,6.28019,6.28175,2.10,2.69
2011.04.18 14:11:00.500,6.28015,6.28162,1.35,2.10
2011.04.18 14:11:02.895,6.27994,6.28137,1.35,2.10
2011.04.18 14:11:03.015,6.27979,6.28137,2.10,2.10
2011.04.18 14:11:04.234,6.27964,6.28106,1.43,2.10
2011.04.18 14:11:04.353,6.27988,6.2813,2.10,1.35
2011.04.18 14:11:04.462,6.27968,6.28125,1.39,1.35
2011.04.18 14:11:06.200,6.27983,6.28132,2.10,1.19
2011.04.18 14:11:08.943,6.27966,6.28122,2.14,2.10
2011.04.18 14:11:09.781,6.27943,6.28089,1.43,2.10
2011.04.18 14:11:10.000,6.27927,6.28089,2.14,2.10
2011.04.18 14:11:10.331,6.27944,6.281,2.10,2.10
2011.04.18 14:11:10.770,6.2796,6.28117,2.10,1.19
2011.04.18 14:11:10.882,6.27963,6.28136,2.10,1.19
2011.04.18 14:11:10.992,6.27964,6.28143,1.35,1.19
2011.04.18 14:11:11.319,6.27985,6.28156,2.10,1.53
2011.04.18 14:11:11.650,6.27985,6.28156,2.14,1.19
2011.04.18 14:11:14.182,6.28011,6.28182,2.10,1.53
2011.04.18 14:11:14.404,6.28011,6.28184,2.10,1.19
2011.04.18 14:11:15.503,6.28047,6.28216,2.10,1.53
2011.04.18 14:11:15.612,6.28058,6.28216,1.35,1.53
2011.04.18 14:11:15.723,6.28069,6.28243,2.10,1.19
2011.04.18 14:11:16.322,6.28069,6.28243,2.10,1.19
2011.04.18 14:11:16.871,6.28069,6.28252,2.10,1.19
2011.04.18 14:11:17.201,6.28069,6.28243,2.10,1.19
2011.04.18 14:11:20.227,6.28014,6.28188,1.35,1.35
2011.04.18 14:11:20.671,6.28014,6.282,1.35,1.19
2011.04.18 14:11:20.893,6.27995,6.28185,1.50,2.10
2011.04.18 14:11:21.223,6.27943,6.28126,1.50,2.10
2011.04.18 14:11:21.342,6.27929,6.2811,2.25,1.19
2011.04.18 14:11:21.781,6.27874,6.28085,1.50,1.35
2011.04.18 14:11:22.340,6.27874,6.28089,2.10,1.19
2011.04.18 14:11:22.926,6.27882,6.28089,1.50,1.23
2011.04.18 14:11:23.151,6.27897,6.28096,1.16,1.19
2011.04.18 14:11:23.261,6.27897,6.28106,1.16,1.19
2011.04.18 14:11:23.479,6.27911,6.28122,1.35,1.54
2011.04.18 14:11:23.701,6.27911,6.28123,1.35,1.06
2011.04.18 14:11:23.810,6.27918,6.28125,1.50,1.19
2011.04.18 14:11:25.030,6.27911,6.28113,1.35,1.38
2011.04.18 14:11:26.536,6.27911,6.28123,1.35,1.48
2011.04.18 14:11:27.270,6.27911,6.28125,1.35,1.23
2011.04.18 14:11:27.710,6.27928,6.28133,1.16,1.45
2011.04.18 14:11:27.820,6.27928,6.28142,1.16,1.23
2011.04.18 14:11:28.040,6.2794,6.28153,1.35,1.48
2011.04.18 14:11:28.150,6.27945,6.28155,1.50,1.23
2011.04.18 14:11:29.871,6.27959,6.28163,1.50,1.23
2011.04.18 14:11:30.979,6.27968,6.28171,1.50,1.19
2011.04.18 14:11:35.848,6.2796,6.28162,1.50,1.35
2011.04.18 14:11:36.191,6.2793,6.28133,1.50,1.23
2011.04.18 14:11:37.130,6.27928,6.28124,1.16,1.19
2011.04.18 14:11:37.241,6.27928,6.28124,1.16,1.23
2011.04.18 14:11:39.459,6.27928,6.28124,1.16,1.98
2011.04.18 14:11:39.790,6.2789,6.28092,1.50,1.35
2011.04.18 14:11:39.900,6.27874,6.28079,1.50,1.19
2011.04.18 14:11:41.892,6.27874,6.28067,1.50,2.10
2011.04.18 14:11:42.111,6.27857,6.28053,1.16,1.35
2011.04.18 14:11:42.220,6.27857,6.28037,1.16,1.19
2011.04.18 14:11:42.442,6.27838,6.28037,1.35,1.94
2011.04.18 14:11:42.660,6.27838,6.28032,1.35,1.34
2011.04.18 14:11:49.290,6.27863,6.28051,2.10,1.34
2011.04.18 14:11:49.401,6.27882,6.28063,1.35,1.34
2011.04.18 14:11:49.511,6.27848,6.28005,1.16,1.19
2011.04.18 14:11:49.731,6.27819,6.28005,1.35,1.19
2011.04.18 14:11:50.849,6.27876,6.28029,2.10,2.69
2011.04.18 14:11:50.964,6.27848,6.28019,2.10,2.10
2011.04.18 14:11:51.301,6.27864,6.28036,2.10,1.34
2011.04.18 14:11:51.414,6.27874,6.28055,1.35,1.19
2011.04.18 14:11:51.751,6.27852,6.28042,1.35,2.10
2011.04.18 14:11:51.861,6.27852,6.28035,1.35,1.19
2011.04.18 14:11:54.382,6.27856,6.28041,1.35,1.19
2011.04.18 14:11:54.601,6.27873,6.28054,1.35,1.19
2011.04.18 14:11:59.581,6.27849,6.28038,1.50,2.10
2011.04.18 14:11:59.912,6.27847,6.28038,1.35,2.10
2011.04.18 14:12:02.290,6.27862,6.28059,1.35,1.34
2011.04.18 14:12:02.401,6.27884,6.28063,1.35,1.19
2011.04.18 14:12:02.621,6.27846,6.2805,1.35,2.10
2011.04.18 14:12:02.730,6.27846,6.28041,1.35,1.19
2011.04.18 14:12:05.491,6.27836,6.28019,1.50,2.10
2011.04.18 14:12:05.712,6.27819,6.28013,2.10,1.35
2011.04.18 14:12:05.931,6.27817,6.27996,1.35,1.19
2011.04.18 14:12:06.591,6.27821,6.2802,2.10,1.34
2011.04.18 14:12:06.814,6.27834,6.28025,1.35,1.19
2011.04.18 14:12:06.922,6.27847,6.28032,1.35,1.19
2011.04.18 14:12:07.250,6.27847,6.28042,1.35,2.28
2011.04.18 14:12:10.280,6.27837,6.28024,1.50,2.10
2011.04.18 14:12:10.392,6.27857,6.28042,1.35,1.19
2011.04.18 14:12:10.500,6.27832,6.28013,1.50,2.10
2011.04.18 14:12:10.612,6.2782,6.27999,1.50,1.19
2011.04.18 14:12:10.720,6.27811,6.27999,1.35,1.19
2011.04.18 14:12:11.272,6.27809,6.2799,1.35,1.19
2011.04.18 14:12:11.929,6.27811,6.28,1.35,1.19
2011.04.18 14:12:12.260,6.27845,6.28022,1.35,1.19
2011.04.18 14:12:12.370,6.27845,6.28024,2.10,1.35
2011.04.18 14:12:14.555,6.27841,6.28043,1.50,1.68
2011.04.18 14:12:14.784,6.27844,6.2799,1.35,2.10
2011.04.18 14:12:14.904,6.27849,6.28012,2.10,1.19
2011.04.18 14:12:15.351,6.27847,6.27995,1.35,2.10
2011.04.18 14:12:15.461,6.27837,6.28026,1.35,1.19
2011.04.18 14:12:16.122,6.27847,6.28035,1.35,1.53
2011.04.18 14:12:18.734,6.27868,6.28055,1.35,1.68
2011.04.18 14:12:18.851,6.27878,6.28067,1.35,1.19
2011.04.18 14:12:18.962,6.27888,6.28067,1.35,1.19
2011.04.18 14:12:19.512,6.2792,6.28101,1.35,1.34
2011.04.18 14:12:19.729,6.2792,6.28112,2.10,1.30
2011.04.18 14:12:19.951,6.27914,6.28101,1.35,1.19
2011.04.18 14:12:20.280,6.27906,6.28088,1.35,1.19
2011.04.18 14:12:27.386,6.27923,6.28118,1.35,1.19
2011.04.18 14:12:27.503,6.27939,6.28126,1.35,1.19
2011.04.18 14:12:28.304,6.27939,6.28126,1.35,1.53
2011.04.18 14:12:29.562,6.2795,6.28139,1.35,1.53
2011.04.18 14:12:29.891,6.27986,6.28165,1.35,1.34
2011.04.18 14:12:30.457,6.27992,6.28173,1.35,1.19
2011.04.18 14:12:31.251,6.27994,6.28173,1.50,1.19
2011.04.18 14:12:31.582,6.27997,6.28185,1.50,1.53
2011.04.18 14:12:32.023,6.27992,6.28171,1.35,1.35
2011.04.18 14:12:32.244,6.27948,6.28131,1.35,1.19
2011.04.18 14:12:32.474,6.27921,6.28121,1.35,2.10
2011.04.18 14:12:32.705,6.27895,6.28101,1.35,2.10
2011.04.18 14:12:33.042,6.27889,6.28064,1.50,2.10
2011.04.18 14:12:33.548,6.27856,6.28038,1.35,1.53
2011.04.18 14:12:34.210,6.27856,6.28041,1.35,1.19
2011.04.18 14:12:38.583,6.27858,6.28041,1.35,1.19
2011.04.18 14:12:38.805,6.2789,6.28076,1.35,1.19
2011.04.18 14:12:39.363,6.27899,6.28099,2.10,1.68
2011.04.18 14:12:39.473,6.27908,6.28099,1.35,1.68
2011.04.18 14:12:39.584,6.27934,6.28115,2.10,1.68
2011.04.18 14:12:39.702,6.2795,6.28131,1.35,1.34
2011.04.18 14:12:39.811,6.2795,6.28138,1.35,1.19
2011.04.18 14:12:45.641,6.27934,6.28131,1.35,1.19
2011.04.18 14:12:45.970,6.27934,6.28121,1.35,1.19
2011.04.18 14:12:46.952,6.27917,6.28112,1.35,1.34
2011.04.18 14:12:47.064,6.2791,6.28091,1.50,1.19
2011.04.18 14:12:47.185,6.27898,6.2809,1.35,1.19
2011.04.18 14:12:47.743,6.27898,6.28082,1.35,1.19
2011.04.18 14:12:50.301,6.27887,6.28082,1.35,1.19
2011.04.18 14:12:53.660,6.27897,6.28078,1.35,1.34
2011.04.18 14:12:53.912,6.27897,6.28078,1.35,1.34
2011.04.18 14:12:54.459,6.27897,6.28078,1.35,1.34
2011.04.18 14:12:55.979,6.27897,6.28078,1.35,1.34
2011.04.18 14:12:56.753,6.27898,6.28078,1.35,1.34
2011.04.18 14:12:56.974,6.27932,6.28116,1.35,1.68
2011.04.18 14:12:57.092,6.27932,6.28121,1.35,1.53
2011.04.18 14:12:57.311,6.27939,6.28121,1.35,1.53
2011.04.18 14:12:59.190,6.27959,6.28162,2.10,1.34
2011.04.18 14:12:59.296,6.27986,6.2817,1.35,1.19
2011.04.18 14:13:12.561,6.27986,6.28182,1.35,1.53
2011.04.18 14:13:12.941,6.28001,6.28192,1.35,1.68
2011.04.18 14:13:13.052,6.27992,6.28182,1.35,1.53
2011.04.18 14:13:13.743,6.27992,6.28183,1.35,1.70
2011.04.18 14:13:13.851,6.27992,6.28183,1.35,1.70
2011.04.18 14:13:13.960,6.27992,6.28175,1.35,1.19
2011.04.18 14:13:14.433,6.27997,6.28195,1.35,1.68
2011.04.18 14:13:14.654,6.28008,6.28202,2.10,1.19
2011.04.18 14:13:14.775,6.28019,6.28204,1.35,1.53
2011.04.18 14:13:15.111,6.28023,6.28204,1.50,1.53
2011.04.18 14:13:15.440,6.28028,6.28212,1.50,1.53
2011.04.18 14:13:16.213,6.28019,6.28203,1.35,1.53
2011.04.18 14:13:16.658,6.28024,6.28203,1.50,1.53
2011.04.18 14:13:16.990,6.2806,6.28245,1.35,1.19
2011.04.18 14:13:17.211,6.28061,6.2825,1.35,1.19
2011.04.18 14:13:17.431,6.28066,6.28251,1.35,1.19
2011.04.18 14:13:25.330,6.2806,6.28245,1.35,1.19
2011.04.18 14:13:26.380,6.28054,6.28241,1.35,2.69
2011.04.18 14:13:28.660,6.2806,6.28241,1.50,2.69
2011.04.18 14:13:28.773,6.28097,6.28261,1.35,1.53
2011.04.18 14:13:28.887,6.28108,6.28284,1.35,1.68
2011.04.18 14:13:29.223,6.28137,6.2831,1.35,1.53
2011.04.18 14:13:29.334,6.28157,6.2833,1.35,1.68
2011.04.18 14:13:29.450,6.28157,6.2833,1.35,1.34
2011.04.18 14:13:29.670,6.28157,6.28333,1.35,1.19
2011.04.18 14:13:33.550,6.28167,6.28333,1.35,1.19
2011.04.18 14:13:34.571,6.28162,6.28341,1.35,1.19
2011.04.18 14:13:35.062,6.28188,6.28363,1.35,1.53
2011.04.18 14:13:35.390,6.28197,6.28363,1.35,1.19
2011.04.18 14:13:35.500,6.28197,6.28376,2.10,1.19
2011.04.18 14:13:35.939,6.28207,6.28384,1.35,1.19
2011.04.18 14:13:36.823,6.28195,6.28376,1.35,1.19
2011.04.18 14:13:37.603,6.28195,6.28369,1.35,1.19
2011.04.18 14:13:38.504,6.28197,6.28369,1.50,1.19
2011.04.18 14:13:38.624,6.2822,6.2839,1.35,1.35
2011.04.18 14:13:40.179,6.2822,6.28401,2.10,1.19
2011.04.18 14:13:40.624,6.28228,6.2841,1.50,2.10
2011.04.18 14:13:41.113,6.28297,6.28473,2.10,1.68
2011.04.18 14:13:43.231,6.28268,6.28409,1.35,2.10
2011.04.18 14:13:43.341,6.28262,6.28409,1.35,2.10
2011.04.18 14:13:45.955,6.28253,6.28452,1.35,1.19
2011.04.18 14:13:46.292,6.28286,6.28458,2.10,1.34
2011.04.18 14:13:46.401,6.28286,6.28476,2.10,1.05
2011.04.18 14:13:46.730,6.28275,6.28459,1.35,1.19
2011.04.18 14:13:46.840,6.2826,6.28452,1.35,1.53
2011.04.18 14:13:47.601,6.28248,6.28441,1.35,1.19
2011.04.18 14:13:47.712,6.28242,6.28421,1.35,1.19
2011.04.18 14:13:47.822,6.28242,6.28421,1.35,1.94
2011.04.18 14:13:47.934,6.28237,6.28422,1.35,1.19
2011.04.18 14:13:48.160,6.28229,6.28421,1.35,1.35
2011.04.18 14:13:48.492,6.28229,6.28413,1.35,1.34
2011.04.18 14:13:48.602,6.28229,6.28421,1.35,1.19
2011.04.18 14:13:48.821,6.28228,6.28421,1.35,1.19
2011.04.18 14:13:49.545,6.28228,6.28401,1.35,1.34
2011.04.18 14:13:50.991,6.28207,6.284,1.50,1.35
2011.04.18 14:13:51.102,6.28207,6.28387,1.50,1.35
2011.04.18 14:13:51.320,6.2821,6.28387,1.50,1.35
2011.04.18 14:13:57.021,6.2821,6.28389,1.50,1.19
2011.04.18 14:13:57.130,6.28237,6.28407,1.50,1.19
2011.04.18 14:13:57.240,6.28234,6.28407,1.35,1.19
2011.04.18 14:13:57.351,6.28248,6.28423,1.35,1.68
2011.04.18 14:13:57.461,6.28248,6.28433,1.35,1.19
2011.04.18 14:13:58.932,6.28255,6.28436,1.35,1.19
2011.04.18 14:13:59.047,6.28257,6.28436,1.50,1.19
2011.04.18 14:13:59.165,6.28256,6.28436,1.35,1.19
2011.04.18 14:13:59.391,6.28257,6.28436,1.50,1.19
2011.04.18 14:14:00.193,6.28292,6.2845,2.10,1.19
2011.04.18 14:14:00.521,6.28292,6.2845,2.10,1.19
2011.04.18 14:14:01.071,6.28332,6.28468,2.10,1.68
2011.04.18 14:14:01.183,6.28332,6.28486,2.10,1.34
2011.04.18 14:14:01.293,6.28332,6.2849,2.10,1.19
2011.04.18 14:14:02.144,6.28313,6.28486,2.10,1.19
2011.04.18 14:14:02.594,6.28286,6.28474,1.35,1.70
2011.04.18 14:14:03.051,6.28276,6.28459,1.35,1.53
2011.04.18 14:14:03.274,6.28249,6.28455,1.50,1.53
2011.04.18 14:14:03.393,6.28248,6.28443,1.50,1.19
2011.04.18 14:14:04.750,6.28264,6.28443,1.50,1.19
2011.04.18 14:14:04.861,6.28276,6.28466,1.35,1.68
2011.04.18 14:14:05.080,6.28287,6.28473,1.50,1.19
2011.04.18 14:14:05.300,6.28294,6.28473,1.50,1.19
2011.04.18 14:14:05.854,6.28302,6.28498,2.10,1.34
2011.04.18 14:14:05.978,6.28328,6.28515,1.35,1.53
2011.04.18 14:14:06.201,6.28329,6.28515,1.35,1.53
2011.04.18 14:14:06.313,6.28337,6.2852,1.50,1.19
2011.04.18 14:14:06.531,6.28347,6.28544,1.35,1.53
2011.04.18 14:14:06.862,6.28385,6.2857,1.35,1.53
2011.04.18 14:14:08.402,6.28391,6.2857,1.35,1.53
2011.04.18 14:14:08.784,6.28398,6.28592,1.35,1.68
2011.04.18 14:14:08.896,6.28407,6.28599,2.10,1.53
2011.04.18 14:14:09.010,6.28414,6.28599,1.35,1.53
2011.04.18 14:14:09.339,6.28414,6.28599,1.35,1.53
2011.04.18 14:14:09.563,6.28408,6.28593,1.35,1.19
2011.04.18 14:14:09.671,6.28408,6.28593,1.35,1.53
2011.04.18 14:14:10.773,6.28423,6.28624,2.10,1.68
2011.04.18 14:14:10.881,6.28419,6.28624,1.35,2.28
2011.04.18 14:14:10.990,6.28423,6.28624,1.35,2.28
2011.04.18 14:14:11.431,6.28419,6.28624,1.35,2.28
2011.04.18 14:14:11.652,6.28476,6.28624,2.10,1.68
2011.04.18 14:14:12.011,6.28488,6.28636,1.35,1.50
2011.04.18 14:14:12.480,6.28507,6.2869,1.35,1.68
2011.04.18 14:14:12.604,6.28486,6.28678,1.50,1.53
2011.04.18 14:14:12.834,6.28473,6.28657,1.50,1.53
2011.04.18 14:14:12.956,6.28473,6.28657,1.50,1.53
2011.04.18 14:14:13.185,6.28494,6.28677,1.35,1.68
2011.04.18 14:14:13.305,6.28506,6.28694,1.50,1.53
2011.04.18 14:14:13.861,6.28494,6.28694,1.35,1.53
2011.04.18 14:14:14.661,6.28519,6.28699,1.50,1.53
2011.04.18 14:14:14.990,6.28528,6.28727,1.35,1.53
2011.04.18 14:14:15.612,6.28528,6.28727,1.35,1.53
2011.04.18 14:14:15.737,6.28539,6.28727,1.50,1.53
2011.04.18 14:14:15.963,6.28553,6.28742,2.10,1.68
2011.04.18 14:14:16.402,6.28558,6.28742,1.35,1.68
2011.04.18 14:14:17.181,6.28577,6.28749,1.35,1.53
2011.04.18 14:14:17.731,6.28568,6.28749,1.35,1.53
2011.04.18 14:14:19.612,6.28551,6.28751,1.35,1.53
2011.04.18 14:14:19.945,6.28551,6.28751,1.35,1.53
2011.04.18 14:14:20.593,6.28539,6.28738,1.35,1.68
2011.04.18 14:14:20.702,6.28528,6.28718,1.50,1.34
2011.04.18 14:14:20.816,6.28525,6.28722,1.35,1.19
2011.04.18 14:14:20.936,6.28517,6.28721,2.10,1.68
2011.04.18 14:14:22.332,6.28517,6.28699,1.35,1.68
2011.04.18 14:14:22.660,6.28519,6.28699,1.35,1.68
2011.04.18 14:14:23.433,6.28527,6.28708,1.35,1.68
2011.04.18 14:14:23.543,6.28527,6.28729,1.35,1.68
2011.04.18 14:14:23.760,6.28544,6.28742,1.35,1.68
2011.04.18 14:14:24.091,6.28544,6.28725,1.50,1.53
2011.04.18 14:14:24.422,6.28439,6.28656,1.50,1.53
2011.04.18 14:14:24.531,6.28425,6.28636,1.50,1.53
2011.04.18 14:14:24.643,6.28412,6.28636,1.35,1.53
2011.04.18 14:14:24.752,6.28407,6.28633,1.35,1.53
2011.04.18 14:14:25.264,6.28387,6.28599,1.50,1.53
2011.04.18 14:14:25.820,6.28407,6.28598,1.50,1.53
2011.04.18 14:14:27.961,6.28397,6.28594,1.50,1.53
2011.04.18 14:14:28.073,6.28397,6.28594,1.50,1.53
2011.04.18 14:14:28.183,6.28393,6.28594,1.35,2.28
2011.04.18 14:14:28.743,6.28377,6.28564,1.50,1.53
2011.04.18 14:14:28.960,6.28376,6.28563,1.50,1.53
2011.04.18 14:14:29.510,6.28368,6.28563,1.50,1.53
2011.04.18 14:14:31.822,6.28354,6.28547,1.35,2.45
2011.04.18 14:14:31.932,6.28339,6.28532,1.35,1.53
2011.04.18 14:14:32.813,6.28328,6.28508,1.50,2.45
2011.04.18 14:14:32.939,6.28298,6.28484,1.35,1.53
2011.04.18 14:14:33.491,6.28294,6.28475,1.50,1.53
2011.04.18 14:14:33.601,6.28288,6.28475,2.10,1.53
2011.04.18 14:14:35.240,6.28294,6.28475,1.50,1.53
2011.04.18 14:14:36.000,6.28288,6.28475,1.35,1.53
2011.04.18 14:14:36.331,6.28288,6.28485,1.35,1.53
2011.04.18 14:14:36.550,6.28288,6.28485,1.35,1.53
2011.04.18 14:14:37.239,6.28288,6.28473,1.35,1.53
2011.04.18 14:14:40.862,6.28269,6.28464,1.50,2.45
2011.04.18 14:14:41.191,6.28208,6.28394,1.50,2.10
2011.04.18 14:14:41.300,6.28208,6.28394,1.50,2.10
2011.04.18 14:14:42.422,6.28266,6.28403,2.10,1.10
2011.04.18 14:14:42.532,6.28266,6.28408,2.10,1.10
2011.04.18 14:14:42.641,6.28266,6.28416,2.10,1.19
2011.04.18 14:14:42.750,6.28266,6.28432,2.10,2.45
2011.04.18 14:14:44.423,6.28289,6.28443,2.10,1.53
2011.04.18 14:14:47.292,6.28275,6.28439,2.10,2.45
2011.04.18 14:14:47.841,6.28293,6.28443,2.10,1.53
2011.04.18 14:14:48.171,6.28319,6.28464,2.10,1.53
2011.04.18 14:14:48.541,6.28319,6.28472,2.10,1.53
2011.04.18 14:14:49.481,6.28338,6.28481,2.10,1.53
2011.04.18 14:14:49.592,6.28318,6.2847,1.35,2.45
2011.04.18 14:14:50.140,6.28338,6.2848,2.10,1.53
2011.04.18 14:14:51.202,6.2831,6.28462,1.35,2.10
2011.04.18 14:14:51.315,6.28285,6.28444,2.10,2.45
2011.04.18 14:14:58.160,6.28268,6.28418,1.35,2.10
2011.04.18 14:14:58.270,6.28196,6.28357,2.10,2.45
2011.04.18 14:14:59.521,6.28176,6.28326,1.35,2.10
2011.04.18 14:14:59.633,6.28151,6.28298,1.35,2.10
2011.04.18 14:14:59.741,6.28145,6.28298,1.35,2.10
2011.04.18 14:14:59.851,6.28128,6.28272,1.35,2.10
2011.04.18 14:15:00.181,6.28113,6.28265,2.10,1.53
2011.04.18 14:15:03.792,6.28126,6.28281,2.10,1.53
2011.04.18 14:15:04.232,6.28098,6.28246,1.35,2.45
2011.04.18 14:15:04.344,6.28113,6.28272,2.10,2.45
2011.04.18 14:15:06.941,6.28094,6.2826,2.85,2.45
2011.04.18 14:15:07.380,6.28112,6.28262,2.10,1.53
2011.04.18 14:15:08.480,6.28095,6.28259,2.10,2.45
2011.04.18 14:15:09.917,6.28069,6.28273,1.50,1.53
2011.04.18 14:15:10.603,6.28069,6.28265,1.50,1.53
2011.04.18 14:15:10.931,6.2807,6.28265,1.50,1.53
2011.04.18 14:15:11.931,6.2807,6.28265,1.50,1.53
2011.04.18 14:15:13.133,6.28068,6.28262,1.35,1.68
2011.04.18 14:15:13.572,6.28057,6.28265,1.35,1.53
2011.04.18 14:15:14.961,6.28068,6.28262,2.10,1.68
2011.04.18 14:15:15.401,6.28076,6.28265,1.50,1.53
2011.04.18 14:15:16.531,6.28068,6.28265,2.10,1.53
2011.04.18 14:15:17.419,6.28076,6.28265,1.50,1.53
2011.04.18 14:15:17.811,6.28076,6.28265,1.50,1.53
2011.04.18 14:15:17.923,6.28087,6.28269,1.50,1.53
2011.04.18 14:15:18.442,6.2809,6.28269,1.50,1.53
2011.04.18 14:15:18.916,6.28085,6.28266,1.50,1.53
2011.04.18 14:15:21.122,6.28085,6.28266,1.50,1.53
2011.04.18 14:15:21.453,6.28098,6.28296,1.35,1.68
2011.04.18 14:15:22.111,6.28088,6.28277,1.50,1.53
2011.04.18 14:15:22.331,6.28077,6.28277,1.50,1.53
2011.04.18 14:15:22.880,6.28077,6.28269,1.50,1.53
2011.04.18 14:15:24.200,6.28067,6.28248,1.50,1.70
2011.04.18 14:15:24.531,6.28037,6.2823,1.50,1.53
2011.04.18 14:15:24.640,6.28045,6.2823,1.50,1.53
2011.04.18 14:15:25.081,6.28045,6.2823,1.50,1.53
2011.04.18 14:15:25.193,6.28066,6.28249,1.35,1.68
2011.04.18 14:15:25.962,6.28068,6.28228,1.35,1.10
2011.04.18 14:15:28.315,6.28076,6.28243,1.50,1.10
2011.04.18 14:15:28.910,6.28076,6.28243,1.50,1.10
2011.04.18 14:15:30.981,6.28077,6.28243,1.50,1.10
2011.04.18 14:15:31.359,6.28077,6.28243,1.50,1.10
2011.04.18 14:15:31.580,6.28077,6.28243,1.50,1.10
2011.04.18 14:15:33.054,6.28077,6.28243,1.50,1.10
2011.04.18 14:15:34.511,6.28087,6.28266,1.50,1.53
2011.04.18 14:15:34.622,6.28094,6.2829,1.35,2.28
2011.04.18 14:15:35.142,6.28091,6.2829,1.35,1.53
2011.04.18 14:15:35.800,6.28088,6.28281,1.50,1.53
2011.04.18 14:15:43.799,6.28068,6.2826,2.85,1.05
2011.04.18 14:15:45.070,6.28068,6.28243,2.85,1.05
2011.04.18 14:15:46.170,6.28068,6.28243,2.85,1.04
2011.04.18 14:15:46.621,6.28068,6.28243,2.10,1.13
2011.04.18 14:15:46.731,6.28091,6.28243,1.35,1.13
2011.04.18 14:15:47.392,6.28108,6.2829,1.35,1.34
2011.04.18 14:15:47.504,6.28108,6.2827,1.35,1.12
2011.04.18 14:15:48.134,6.28122,6.28291,1.35,1.33
2011.04.18 14:15:48.472,6.28136,6.28295,1.35,1.14
2011.04.18 14:15:49.242,6.28137,6.28295,1.35,1.12
2011.04.18 14:15:49.932,6.28137,6.283,1.35,1.48
2011.04.18 14:15:50.041,6.28137,6.283,1.35,1.48
2011.04.18 14:15:50.154,6.28137,6.28313,1.35,1.01
2011.04.18 14:15:50.276,6.28167,6.28313,1.35,1.08
2011.04.18 14:15:50.609,6.28169,6.28318,1.35,1.23
2011.04.18 14:15:50.940,6.28169,6.28344,1.35,1.27
2011.04.18 14:15:51.472,6.28169,6.28343,1.35,1.29
2011.04.18 14:15:53.017,6.28169,6.28342,1.35,1.43
2011.04.18 14:15:54.641,6.28169,6.28338,1.35,1.32
2011.04.18 14:15:54.973,6.28169,6.28331,1.35,1.20
2011.04.18 14:15:56.031,6.28155,6.28309,1.50,1.35
2011.04.18 14:15:56.254,6.28111,6.28297,1.50,1.22
2011.04.18 14:15:56.373,6.28098,6.28264,1.35,1.33
2011.04.18 14:15:56.700,6.28107,6.28267,1.50,1.18
2011.04.18 14:15:57.251,6.28098,6.28257,2.10,1.07
2011.04.18 14:15:58.552,6.28107,6.28256,1.50,1.09
2011.04.18 14:15:58.772,6.28098,6.28274,1.35,1.34
2011.04.18 14:15:59.370,6.28098,6.28265,1.35,1.35
2011.04.18 14:15:59.942,6.28098,6.28254,1.35,1.02
2011.04.18 14:16:00.600,6.28098,6.28265,1.35,1.20
2011.04.18 14:16:00.710,6.28098,6.28256,1.35,1.04
2011.04.18 14:16:05.032,6.28072,6.28246,1.35,1.35
2011.04.18 14:16:05.252,6.28072,6.2823,1.35,1.37
2011.04.18 14:16:05.472,6.28057,6.28225,1.35,1.22
2011.04.18 14:16:05.581,6.28041,6.28226,1.35,1.07
2011.04.18 14:16:05.911,6.28041,6.28214,1.35,1.39
2011.04.18 14:16:06.961,6.28048,6.28213,1.50,1.07
2011.04.18 14:16:07.290,6.28041,6.28208,1.35,1.41
2011.04.18 14:16:07.854,6.28041,6.28199,1.35,1.02
2011.04.18 14:16:08.530,6.28041,6.28198,1.35,1.05
2011.04.18 14:16:08.864,6.28057,6.28206,1.50,1.13
2011.04.18 14:16:08.983,6.28077,6.28206,1.35,1.13
2011.04.18 14:16:09.091,6.2808,6.28224,1.35,1.28
2011.04.18 14:16:09.205,6.28087,6.28257,1.50,1.17
2011.04.18 14:16:09.322,6.28093,6.28257,1.50,1.17
2011.04.18 14:16:09.656,6.28128,6.28272,1.35,1.36
2011.04.18 14:16:09.775,6.28138,6.28293,1.35,1.53
2011.04.18 14:16:09.893,6.28142,6.28304,1.50,1.41
2011.04.18 14:16:10.001,6.28138,6.28307,1.35,1.20
2011.04.18 14:16:10.332,6.28138,6.28317,1.35,1.45
2011.04.18 14:16:11.420,6.28158,6.28317,1.35,1.24
2011.04.18 14:16:11.920,6.28158,6.28357,1.35,1.68
2011.04.18 14:16:12.043,6.28141,6.28315,1.35,1.16
2011.04.18 14:16:12.370,6.28148,6.28294,1.50,1.08
2011.04.18 14:16:12.961,6.28141,6.28301,1.35,1.28
2011.04.18 14:16:13.070,6.28141,6.28299,1.35,1.08
2011.04.18 14:16:13.180,6.2814,6.28299,1.35,1.08
2011.04.18 14:16:13.623,6.28118,6.28289,1.50,1.21
2011.04.18 14:16:13.951,6.28128,6.28287,1.50,1.28
2011.04.18 14:16:14.171,6.28128,6.28289,1.50,1.17
2011.04.18 14:16:15.051,6.28138,6.28298,1.50,1.30
2011.04.18 14:16:15.810,6.28138,6.28299,1.50,1.05
2011.04.18 14:16:16.041,6.28148,6.28299,1.35,1.05
2011.04.18 14:16:16.261,6.28138,6.28306,1.35,1.28
2011.04.18 14:16:16.483,6.28127,6.28306,1.50,1.28
2011.04.18 14:16:17.075,6.28097,6.28256,1.50,1.19
2011.04.18 14:16:17.191,6.28097,6.28271,1.50,1.32
2011.04.18 14:16:17.523,6.28097,6.28278,1.50,1.15
2011.04.18 14:16:17.743,6.28097,6.28257,1.50,1.02
2011.04.18 14:16:17.853,6.28089,6.28253,1.35,1.09
2011.04.18 14:16:18.180,6.28089,6.28258,1.35,1.43
2011.04.18 14:16:18.293,6.28089,6.28261,1.35,1.19
2011.04.18 14:16:18.511,6.28096,6.28275,1.50,1.25
2011.04.18 14:16:18.623,6.28128,6.28293,1.35,1.54
2011.04.18 14:16:18.732,6.28128,6.28286,1.35,1.17
2011.04.18 14:16:18.952,6.28128,6.28283,1.35,1.07
2011.04.18 14:16:19.401,6.28137,6.28283,1.50,1.07
2011.04.18 14:16:19.885,6.28158,6.28307,1.35,1.15
2011.04.18 14:16:20.220,6.28176,6.28328,2.10,1.11
2011.04.18 14:16:21.364,6.28197,6.28343,1.35,1.17
2011.04.18 14:16:21.691,6.28197,6.28358,1.35,1.20
2011.04.18 14:16:23.104,6.28187,6.28343,1.35,1.09
2011.04.18 14:16:23.437,6.28219,6.28368,1.35,1.28
2011.04.18 14:16:23.555,6.28219,6.2838,1.35,1.05
2011.04.18 14:16:23.783,6.28234,6.28393,1.35,1.39
2011.04.18 14:16:24.001,6.28234,6.28387,1.35,1.22
2011.04.18 14:16:24.112,6.28247,6.28387,1.35,1.22
2011.04.18 14:16:24.223,6.28258,6.28401,1.35,1.13
2011.04.18 14:16:24.333,6.28277,6.28401,2.85,1.13
2011.04.18 14:16:24.554,6.28287,6.2843,1.35,1.04
2011.04.18 14:16:24.675,6.28317,6.28453,2.10,1.04
2011.04.18 14:16:24.793,6.28317,6.28466,2.10,1.19
2011.04.18 14:16:25.013,6.28318,6.2847,1.35,1.22
2011.04.18 14:16:25.232,6.28318,6.28479,1.35,1.19
2011.04.18 14:16:25.810,6.28351,6.28479,2.10,1.19
2011.04.18 14:16:25.928,6.28363,6.28499,1.35,1.09
2011.04.18 14:16:26.044,6.28368,6.28509,1.35,1.11
2011.04.18 14:16:28.293,6.28363,6.28499,1.35,1.07
2011.04.18 14:16:28.401,6.28363,6.285,1.35,1.05
2011.04.18 14:16:28.977,6.28341,6.28501,1.35,1.34
2011.04.18 14:16:29.313,6.28341,6.28478,1.35,1.02
2011.04.18 14:16:29.641,6.28326,6.28482,1.35,1.28
2011.04.18 14:16:29.751,6.28318,6.28482,1.35,1.28
2011.04.18 14:16:29.971,6.28318,6.28453,1.35,1.11
2011.04.18 14:16:30.080,6.28311,6.28453,1.35,1.11
2011.04.18 14:16:30.301,6.283,6.28458,1.35,1.35
2011.04.18 14:16:30.411,6.283,6.28461,1.35,1.45
2011.04.18 14:16:30.961,6.283,6.28462,1.35,1.26
2011.04.18 14:16:31.951,6.28308,6.28461,1.35,1.05
2011.04.18 14:16:32.534,6.283,6.28452,1.35,1.07
2011.04.18 14:16:32.970,6.28287,6.28461,1.50,1.32
2011.04.18 14:16:33.081,6.28276,6.28456,1.50,1.39
2011.04.18 14:16:33.193,6.28276,6.2843,1.50,1.28
2011.04.18 14:16:33.302,6.28258,6.2843,1.16,1.28
2011.04.18 14:16:33.413,6.28255,6.28401,1.50,1.05
2011.04.18 14:16:33.741,6.28217,6.28383,1.50,1.28
2011.04.18 14:16:34.071,6.28208,6.28371,1.50,1.22
2011.04.18 14:16:34.620,6.28217,6.28382,1.50,1.22
2011.04.18 14:16:35.399,6.28236,6.28382,1.35,1.22
2011.04.18 14:16:35.517,6.28237,6.28392,1.35,1.07
2011.04.18 14:16:35.634,6.28257,6.28392,1.35,1.07
2011.04.18 14:16:35.982,6.28268,6.28397,1.50,1.14
2011.04.18 14:16:37.293,6.28268,6.28398,1.50,1.31
2011.04.18 14:16:37.950,6.28267,6.28423,1.35,1.31
2011.04.18 14:16:38.554,6.28267,6.28424,1.35,1.36
2011.04.18 14:16:38.671,6.28248,6.28407,1.50,1.28
2011.04.18 14:16:38.891,6.28248,6.284,1.50,1.23
2011.04.18 14:16:39.001,6.28245,6.28438,1.35,1.53
2011.04.18 14:16:39.110,6.28237,6.28394,1.35,1.61
2011.04.18 14:16:39.582,6.2822,6.28394,1.35,1.61
2011.04.18 14:16:40.351,6.2822,6.28371,1.35,1.52
2011.04.18 14:16:41.271,6.2822,6.2837,1.35,1.03
2011.04.18 14:16:43.401,6.2822,6.2837,1.35,1.50
2011.04.18 14:16:45.800,6.28227,6.28359,1.50,1.15
2011.04.18 14:16:47.540,6.2822,6.28367,1.35,1.32
2011.04.18 14:16:48.624,6.28237,6.28367,1.35,1.32
2011.04.18 14:16:48.736,6.28258,6.28405,1.35,1.45
2011.04.18 14:16:49.328,6.2827,6.28404,1.35,1.47
2011.04.18 14:16:49.442,6.2827,6.28456,1.35,1.19
2011.04.18 14:16:49.664,6.28279,6.28487,1.35,1.53
2011.04.18 14:16:49.782,6.28279,6.28487,1.35,1.19
2011.04.18 14:16:49.891,6.28292,6.28487,1.35,1.19
2011.04.18 14:16:51.491,6.28297,6.28487,1.50,1.19
2011.04.18 14:16:54.265,6.28203,6.28408,1.50,1.19
2011.04.18 14:16:54.383,6.28191,6.2839,1.35,1.35
2011.04.18 14:16:54.495,6.28169,6.28366,1.50,1.19
2011.04.18 14:16:54.615,6.28151,6.28345,1.35,1.19
2011.04.18 14:16:54.734,6.28122,6.28325,1.50,1.19
2011.04.18 14:16:54.854,6.28113,6.2831,1.35,1.19
2011.04.18 14:16:55.346,6.2811,6.2831,1.35,1.19
2011.04.18 14:16:55.467,6.28113,6.2831,1.35,1.19
2011.04.18 14:16:55.800,6.28113,6.2831,1.35,1.19
2011.04.18 14:16:56.352,6.28118,6.28317,1.50,1.19
2011.04.18 14:16:56.571,6.28138,6.2833,1.35,1.19
2011.04.18 14:16:58.315,6.28141,6.2833,1.35,1.19
2011.04.18 14:16:58.652,6.28181,6.28383,1.35,1.34
2011.04.18 14:16:59.217,6.28207,6.28392,1.50,1.19
2011.04.18 14:16:59.444,6.28217,6.28407,1.50,1.19
2011.04.18 14:17:00.344,6.28226,6.28407,1.50,1.19
2011.04.18 14:17:00.452,6.28228,6.28427,1.35,1.19
2011.04.18 14:17:00.671,6.28239,6.28427,1.35,1.19
2011.04.18 14:17:02.609,6.28187,6.28384,1.50,1.19
2011.04.18 14:17:02.842,6.28159,6.28371,1.35,1.34
2011.04.18 14:17:03.062,6.28142,6.28347,1.50,1.19
2011.04.18 14:17:03.172,6.28141,6.28347,1.35,1.19
2011.04.18 14:17:03.283,6.28141,6.28334,1.35,1.19
2011.04.18 14:17:06.125,6.28141,6.28329,1.35,1.34
2011.04.18 14:17:06.465,6.28119,6.283,1.50,1.19
2011.04.18 14:17:06.912,6.2811,6.28314,2.10,1.19
2011.04.18 14:17:08.693,6.28118,6.28283,1.50,2.10
2011.04.18 14:17:09.021,6.28047,6.28239,1.50,2.10
2011.04.18 14:17:09.505,6.28019,6.28215,1.35,1.19
2011.04.18 14:17:10.061,6.28027,6.28225,1.50,1.19
2011.04.18 14:17:14.265,6.28088,6.28257,1.35,1.68
2011.04.18 14:17:14.374,6.28104,6.2831,1.35,1.34
2011.04.18 14:17:14.497,6.28102,6.28317,1.35,1.34
2011.04.18 14:17:14.724,6.28102,6.28303,1.35,1.10
2011.04.18 14:17:14.951,6.28109,6.28318,1.35,1.34
2011.04.18 14:17:15.061,6.28113,6.2832,1.50,1.19
2011.04.18 14:17:15.171,6.28112,6.28321,1.50,1.19
2011.04.18 14:17:15.282,6.28148,6.28344,1.35,1.68
2011.04.18 14:17:15.392,6.28167,6.28344,1.35,1.68
2011.04.18 14:17:15.613,6.28169,6.28361,1.35,1.19
2011.04.18 14:17:15.831,6.28176,6.28365,1.50,1.19
2011.04.18 14:17:16.270,6.28177,6.28365,1.50,1.19
2011.04.18 14:17:17.101,6.28187,6.28365,1.50,1.19
2011.04.18 14:17:17.433,6.28188,6.28386,1.35,1.34
2011.04.18 14:17:17.542,6.28187,6.28365,1.50,1.19
2011.04.18 14:17:17.652,6.28188,6.28384,1.50,1.19
2011.04.18 14:17:20.921,6.28197,6.28386,1.35,1.34
2011.04.18 14:17:21.032,6.2822,6.2841,1.35,1.35
2011.04.18 14:17:21.486,6.28249,6.28428,1.35,1.34
2011.04.18 14:17:21.607,6.28249,6.28433,1.35,1.34
2011.04.18 14:17:22.162,6.28251,6.28445,1.35,1.19
2011.04.18 14:17:22.822,6.28251,6.28441,1.35,1.19
2011.04.18 14:17:22.931,6.28259,6.28441,1.50,1.19
2011.04.18 14:17:24.551,6.28291,6.28464,1.35,1.68
2011.04.18 14:17:24.772,6.28312,6.28504,1.35,1.34
2011.04.18 14:17:25.187,6.2833,6.28511,1.35,1.34
2011.04.18 14:17:25.306,6.2833,6.28519,1.35,1.19
2011.04.18 14:17:27.165,6.28331,6.28519,1.35,1.19
2011.04.18 14:17:27.502,6.2835,6.28548,1.35,1.53
2011.04.18 14:17:27.611,6.2835,6.28548,1.35,1.19
2011.04.18 14:17:27.722,6.2835,6.28548,1.35,1.19
2011.04.18 14:17:27.941,6.28355,6.28548,1.35,1.19
2011.04.18 14:17:29.492,6.28354,6.28547,1.35,1.34
2011.04.18 14:17:29.603,6.28318,6.2852,1.35,1.19
2011.04.18 14:17:29.934,6.28294,6.28481,1.50,2.10
2011.04.18 14:17:30.051,6.28257,6.28455,1.35,1.19
2011.04.18 14:17:30.271,6.28251,6.28436,1.50,2.10
2011.04.18 14:17:30.602,6.28214,6.28407,1.35,1.19
2011.04.18 14:17:30.713,6.2821,6.28407,1.35,1.19
2011.04.18 14:17:30.822,6.28192,6.28379,1.50,1.19
2011.04.18 14:17:31.261,6.28191,6.28379,1.35,1.19
2011.04.18 14:17:32.157,6.28192,6.28379,1.50,1.19
2011.04.18 14:17:32.495,6.28205,6.28384,1.50,1.19
2011.04.18 14:17:32.614,6.28234,6.28414,1.35,1.34
2011.04.18 14:17:32.735,6.28226,6.28428,1.35,1.19
2011.04.18 14:17:33.291,6.28225,6.28428,1.35,1.19
2011.04.18 14:17:35.201,6.28207,6.28407,1.35,1.19
2011.04.18 14:17:35.531,6.28202,6.28401,1.35,1.19
2011.04.18 14:17:36.249,6.28202,6.28401,1.35,1.19
2011.04.18 14:17:38.931,6.28207,6.28402,2.10,1.19
2011.04.18 14:17:42.103,6.28196,6.28399,1.35,1.34
2011.04.18 14:17:42.320,6.28181,6.28375,1.35,1.19
2011.04.18 14:17:42.760,6.28181,6.28374,1.35,1.19
2011.04.18 14:17:44.378,6.28181,6.28323,1.35,1.95
2011.04.18 14:17:47.795,6.28157,6.28323,1.50,1.49
2011.04.18 14:17:47.914,6.28145,6.28313,1.35,1.03
2011.04.18 14:17:48.254,6.28145,6.28301,1.35,1.26
2011.04.18 14:17:48.932,6.28145,6.28292,1.35,1.12
2011.04.18 14:17:49.744,6.28145,6.28324,1.35,1.34
2011.04.18 14:17:51.152,6.28145,6.28324,1.35,1.34
2011.04.18 14:17:52.572,6.28148,6.28324,1.01,1.34
2011.04.18 14:17:53.028,6.28148,6.28294,1.01,1.39
2011.04.18 14:17:53.692,6.28187,6.28314,1.01,1.49
2011.04.18 14:17:54.133,6.28173,6.28309,1.35,1.18
2011.04.18 14:17:54.682,6.28167,6.28308,1.01,1.08
2011.04.18 14:17:56.990,6.28167,6.28336,1.01,1.59
2011.04.18 14:17:57.431,6.28168,6.28345,1.35,1.54
2011.04.18 14:17:58.922,6.28177,6.28343,1.35,1.06
2011.04.18 14:17:59.479,6.28177,6.28354,1.35,1.04
2011.04.18 14:18:06.622,6.28169,6.28369,1.50,1.59
2011.04.18 14:18:06.734,6.28188,6.28352,1.35,1.05
2011.04.18 14:18:06.842,6.28188,6.28352,1.35,1.05
2011.04.18 14:18:16.892,6.28168,6.28333,2.10,1.42
2011.04.18 14:18:17.003,6.28166,6.28333,1.01,1.51
2011.04.18 14:18:17.110,6.28166,6.28333,1.01,1.51
2011.04.18 14:18:18.321,6.28166,6.28333,1.01,1.54
2011.04.18 14:18:18.654,6.28152,6.28293,1.16,1.39
2011.04.18 14:18:19.070,6.28079,6.28261,1.35,1.34
2011.04.18 14:18:19.190,6.28058,6.28233,1.35,1.47
2011.04.18 14:18:19.742,6.28057,6.28233,1.01,1.59
2011.04.18 14:18:20.304,6.28057,6.28233,1.01,1.51
2011.04.18 14:18:21.230,6.28058,6.28233,1.35,1.49
2011.04.18 14:18:21.341,6.28058,6.28233,1.35,1.44
2011.04.18 14:18:22.791,6.28057,6.28233,1.01,1.44
2011.04.18 14:18:23.347,6.28057,6.28233,1.01,1.53
2011.04.18 14:18:24.389,6.28057,6.28217,1.01,1.01
2011.04.18 14:18:24.502,6.28052,6.28228,1.16,1.71
2011.04.18 14:18:24.611,6.28052,6.28198,1.16,1.03
2011.04.18 14:18:24.942,6.28017,6.28187,1.01,1.56
2011.04.18 14:18:25.274,6.28019,6.28173,1.35,1.06
2011.04.18 14:18:25.604,6.28019,6.28178,1.35,1.08
2011.04.18 14:18:25.715,6.28019,6.28169,1.35,1.03
2011.04.18 14:18:26.432,6.2807,6.28169,2.10,1.03
2011.04.18 14:18:26.803,6.28072,6.28223,1.35,1.32
2011.04.18 14:18:26.926,6.28019,6.28246,1.50,1.10
2011.04.18 14:18:27.044,6.28053,6.28195,1.35,1.06
2011.04.18 14:18:27.161,6.28043,6.28195,1.35,1.06
2011.04.18 14:18:27.271,6.28037,6.2819,2.10,1.08
2011.04.18 14:18:27.973,6.28037,6.28189,2.10,1.02
2011.04.18 14:18:31.052,6.28037,6.28183,2.10,1.06
2011.04.18 14:18:31.163,6.28025,6.28173,1.35,2.55
2011.04.18 14:18:31.276,6.27978,6.28181,2.10,1.04
2011.04.18 14:18:31.391,6.28002,6.28181,1.16,1.04
2011.04.18 14:18:31.725,6.28001,6.28183,1.16,1.28
2011.04.18 14:18:31.842,6.28001,6.28183,1.16,1.08
2011.04.18 14:18:32.431,6.28013,6.28183,1.16,1.09
2011.04.18 14:18:32.871,6.28022,6.28215,1.01,1.84
2011.04.18 14:18:33.093,6.28022,6.28193,1.01,1.01
2011.04.18 14:18:33.872,6.28022,6.28193,1.01,1.24
2011.04.18 14:18:34.771,6.28022,6.28193,1.01,1.17
2011.04.18 14:18:35.244,6.28025,6.28206,1.16,1.07
2011.04.18 14:18:35.366,6.28037,6.28215,1.35,1.01
2011.04.18 14:18:35.481,6.28049,6.2823,1.76,1.27
2011.04.18 14:18:35.702,6.28049,6.2823,1.76,1.11
2011.04.18 14:18:36.171,6.28049,6.28234,1.76,1.07
2011.04.18 14:18:37.431,6.28064,6.28243,1.16,1.12
2011.04.18 14:18:40.120,6.28064,6.28243,1.16,1.04
2011.04.18 14:18:41.233,6.28064,6.28243,1.16,1.17
2011.04.18 14:18:41.341,6.28064,6.28243,1.16,1.12
2011.04.18 14:18:41.671,6.28064,6.28243,1.16,1.36
2011.04.18 14:18:42.220,6.28064,6.28243,1.16,1.24
2011.04.18 14:18:43.265,6.28052,6.28218,1.16,1.05
2011.04.18 14:18:43.913,6.28052,6.28206,1.16,1.26
2011.04.18 14:18:44.039,6.28022,6.28201,1.16,1.05
2011.04.18 14:18:44.373,6.28038,6.28219,1.35,1.04
2011.04.18 14:18:44.482,6.28044,6.28219,1.01,1.04
2011.04.18 14:18:44.593,6.28048,6.28229,1.16,1.27
2011.04.18 14:18:44.705,6.28048,6.28226,1.16,1.07
2011.04.18 14:18:46.212,6.28056,6.28199,1.16,1.23
2011.04.18 14:18:46.650,6.27983,6.28162,1.76,1.09
2011.04.18 14:18:47.335,6.27983,6.28162,1.76,1.51
2011.04.18 14:18:47.456,6.27983,6.28162,1.76,1.42
2011.04.18 14:18:48.022,6.27983,6.28132,1.16,2.36
2011.04.18 14:18:48.351,6.27949,6.28102,1.50,1.07
2011.04.18 14:18:48.680,6.27949,6.28099,1.50,1.29
2011.04.18 14:18:48.794,6.27949,6.28099,1.50,1.24
2011.04.18 14:18:49.023,6.27916,6.28099,1.50,1.36
2011.04.18 14:18:49.241,6.27901,6.28099,1.50,1.35
2011.04.18 14:18:51.149,6.27864,6.28054,1.50,1.22
2011.04.18 14:18:51.264,6.27864,6.28025,1.50,1.26
2011.04.18 14:18:51.484,6.27864,6.28025,1.50,1.28
2011.04.18 14:18:52.373,6.27864,6.28049,1.50,1.25
2011.04.18 14:18:52.482,6.27864,6.28049,1.50,1.26
2011.04.18 14:18:52.811,6.27872,6.28049,1.50,1.30
2011.04.18 14:18:53.141,6.27872,6.28049,1.50,1.20
2011.04.18 14:18:55.262,6.27872,6.28049,1.50,1.27
2011.04.18 14:18:55.374,6.27878,6.28076,1.35,1.23
2011.04.18 14:18:55.859,6.27878,6.28091,1.35,1.24
2011.04.18 14:18:55.977,6.27896,6.28091,1.50,1.15
2011.04.18 14:18:56.090,6.27896,6.28091,1.50,1.25
2011.04.18 14:18:57.670,6.27896,6.28091,1.50,1.27
2011.04.18 14:18:58.011,6.27896,6.28091,1.50,1.36
2011.04.18 14:18:58.821,6.27896,6.28091,1.50,1.25
2011.04.18 14:18:59.371,6.27896,6.28091,1.50,1.25
2011.04.18 14:19:00.417,6.27899,6.28091,1.50,1.26
2011.04.18 14:19:00.536,6.27898,6.28091,1.50,1.31
2011.04.18 14:19:00.924,6.27909,6.28091,1.50,1.31
2011.04.18 14:19:01.891,6.27909,6.28091,1.50,1.28
2011.04.18 14:19:02.472,6.2791,6.28091,1.50,1.30
2011.04.18 14:19:03.181,6.2791,6.28091,1.50,1.27
2011.04.18 14:19:03.903,6.2791,6.28107,1.50,1.25
2011.04.18 14:19:04.012,6.2791,6.28107,1.50,1.26
2011.04.18 14:19:04.548,6.27909,6.28107,1.50,1.33
2011.04.18 14:19:04.882,6.27909,6.28107,1.50,1.29
2011.04.18 14:19:04.992,6.27909,6.28097,1.50,1.27
2011.04.18 14:19:05.761,6.27893,6.28089,1.50,1.21
2011.04.18 14:19:06.093,6.27881,6.28086,1.50,1.30
2011.04.18 14:19:06.530,6.27881,6.28086,1.50,1.23
2011.04.18 14:19:07.093,6.27861,6.28065,1.50,1.20
2011.04.18 14:19:07.423,6.27861,6.28065,1.50,1.26
2011.04.18 14:19:07.535,6.27842,6.28046,1.50,1.23
2011.04.18 14:19:07.651,6.27842,6.28045,1.50,1.23
2011.04.18 14:19:07.982,6.27835,6.28045,1.50,1.23
2011.04.18 14:19:08.093,6.27807,6.28012,1.50,1.21
2011.04.18 14:19:09.762,6.27816,6.2802,1.50,1.23
2011.04.18 14:19:09.983,6.27805,6.28019,1.50,1.23
2011.04.18 14:19:10.552,6.27805,6.28019,1.50,1.27
2011.04.18 14:19:11.101,6.27805,6.28009,1.50,1.29
2011.04.18 14:19:11.651,6.27805,6.28009,1.50,1.27
2011.04.18 14:19:12.160,6.27805,6.28009,1.50,1.35
2011.04.18 14:19:13.151,6.27805,6.28009,1.50,1.34
2011.04.18 14:19:14.183,6.27805,6.28009,1.50,1.25
2011.04.18 14:19:14.732,6.27805,6.28009,1.50,1.27
2011.04.18 14:19:14.841,6.27805,6.28009,1.50,1.25
2011.04.18 14:19:15.560,6.27805,6.28009,1.50,1.31
2011.04.18 14:19:15.890,6.27805,6.28009,1.50,1.26
2011.04.18 14:19:19.478,6.27805,6.28009,1.50,1.25
2011.04.18 14:19:20.022,6.27805,6.28009,1.50,1.28
2011.04.18 14:19:20.240,6.27805,6.28009,1.50,1.19
2011.04.18 14:19:21.041,6.27805,6.28009,1.50,1.29
2011.04.18 14:19:21.261,6.27805,6.28009,1.50,1.17
2011.04.18 14:19:21.702,6.27805,6.28009,1.50,1.29
2011.04.18 14:19:21.810,6.27805,6.28009,1.50,1.27
2011.04.18 14:19:23.164,6.27805,6.28009,1.50,1.32
2011.04.18 14:19:23.511,6.27805,6.28009,1.50,1.23
2011.04.18 14:19:24.271,6.27805,6.28009,1.50,1.29
2011.04.18 14:19:24.385,6.27805,6.28009,1.50,1.25
2011.04.18 14:19:25.033,6.27805,6.28009,1.50,1.24
2011.04.18 14:19:25.722,6.27805,6.28009,1.50,1.23
2011.04.18 14:19:26.779,6.27805,6.28009,1.50,1.33
2011.04.18 14:19:27.298,6.27805,6.28009,1.50,1.22
2011.04.18 14:19:27.718,6.27805,6.28009,1.50,1.30
2011.04.18 14:19:27.830,6.27805,6.28009,1.50,1.26
2011.04.18 14:19:28.754,6.27805,6.28009,1.50,1.29
2011.04.18 14:19:29.691,6.27805,6.28009,1.50,1.24
2011.04.18 14:19:30.240,6.27805,6.28034,1.50,1.68
2011.04.18 14:19:31.964,6.27789,6.28018,1.50,1.68
2011.04.18 14:19:32.602,6.27798,6.28002,1.50,1.53
2011.04.18 14:19:34.211,6.27798,6.27996,1.50,1.53
2011.04.18 14:19:34.983,6.27753,6.27982,1.50,3.93
2011.04.18 14:19:35.423,6.27791,6.27996,1.50,1.53
2011.04.18 14:19:35.532,6.27791,6.27996,1.50,1.53
2011.04.18 14:19:36.185,6.27809,6.28028,1.50,1.68
2011.04.18 14:19:36.531,6.27799,6.28026,1.50,1.68
2011.04.18 14:19:37.633,6.27799,6.28026,1.50,1.68
2011.04.18 14:19:37.853,6.27687,6.27962,1.50,1.10
2011.04.18 14:19:37.962,6.27697,6.27961,1.35,1.50
2011.04.18 14:19:38.071,6.27717,6.28003,1.01,1.10
2011.04.18 14:19:38.181,6.27698,6.28004,1.16,1.10
2011.04.18 14:19:38.293,6.27697,6.28,1.16,1.50
2011.04.18 14:19:38.713,6.27717,6.28003,1.16,1.10
2011.04.18 14:19:40.815,6.27762,6.28002,1.16,1.35
2011.04.18 14:19:40.933,6.27762,6.28006,1.16,1.35
2011.04.18 14:19:41.260,6.27771,6.27993,1.16,2.10
2011.04.18 14:19:41.702,6.27762,6.27993,1.16,2.10
2011.04.18 14:19:44.494,6.27757,6.27993,1.50,2.45
2011.04.18 14:19:44.976,6.27775,6.27993,1.16,2.10
2011.04.18 14:19:45.098,6.27817,6.2803,1.01,1.34
2011.04.18 14:19:45.213,6.27775,6.2803,1.16,1.34
2011.04.18 14:19:45.982,6.27782,6.28011,1.16,1.34
2011.04.18 14:19:46.866,6.27758,6.27985,1.50,1.53
2011.04.18 14:19:47.091,6.27766,6.27985,1.16,1.19
2011.04.18 14:19:48.513,6.2779,6.27985,1.16,1.19
2011.04.18 14:19:49.873,6.27766,6.27983,1.50,1.53
2011.04.18 14:19:50.092,6.27772,6.27977,1.16,1.34
2011.04.18 14:19:50.311,6.27768,6.27983,1.50,1.53
2011.04.18 14:19:51.082,6.2779,6.27983,1.16,1.19
2011.04.18 14:19:52.202,6.27778,6.2799,1.35,1.68
2011.04.18 14:19:52.311,6.27755,6.2798,1.50,1.53
2011.04.18 14:19:54.671,6.27788,6.2798,1.16,1.19
2011.04.18 14:19:54.891,6.27788,6.27992,1.16,1.34
2011.04.18 14:19:55.112,6.27778,6.28002,1.50,1.68
2011.04.18 14:19:55.820,6.27778,6.28002,1.50,1.68
2011.04.18 14:19:57.113,6.27778,6.27993,1.50,1.68
2011.04.18 14:19:57.331,6.27782,6.28009,1.50,1.68
2011.04.18 14:19:58.082,6.27788,6.27998,1.50,1.68
2011.04.18 14:19:58.545,6.27788,6.27935,1.50,2.08
2011.04.18 14:19:59.203,6.27788,6.27934,1.50,1.27
2011.04.18 14:19:59.751,6.27778,6.27905,1.50,1.78
2011.04.18 14:20:01.461,6.27788,6.27917,1.50,1.28
2011.04.18 14:20:01.571,6.27794,6.27917,1.50,1.28
2011.04.18 14:20:02.052,6.27807,6.27916,1.50,1.05
2011.04.18 14:20:02.382,6.27819,6.28027,1.35,1.21
2011.04.18 14:20:03.030,6.27837,6.28037,1.50,1.24
2011.04.18 14:20:03.146,6.27837,6.28037,1.50,1.39
2011.04.18 14:20:03.374,6.27837,6.28042,1.50,1.14
2011.04.18 14:20:03.703,6.27867,6.2806,1.50,1.26
2011.04.18 14:20:04.142,6.27867,6.2806,1.50,1.38
2011.04.18 14:20:04.362,6.27867,6.2806,1.50,1.23
2011.04.18 14:20:06.642,6.27867,6.28059,1.50,1.29
2011.04.18 14:20:07.250,6.27877,6.28059,1.50,1.34
2011.04.18 14:20:09.044,6.27888,6.28059,1.35,1.17
2011.04.18 14:20:09.274,6.27867,6.28068,1.50,1.17
2011.04.18 14:20:09.384,6.27867,6.28068,1.50,1.28
2011.04.18 14:20:09.602,6.27867,6.28068,1.50,1.43
2011.04.18 14:20:10.821,6.27863,6.28061,1.35,1.34
2011.04.18 14:20:12.078,6.27888,6.28069,1.35,1.30
2011.04.18 14:20:12.304,6.27868,6.2806,1.50,1.32
2011.04.18 14:20:12.524,6.27855,6.2804,1.35,1.18
2011.04.18 14:20:12.642,6.27851,6.28041,1.35,1.42
2011.04.18 14:20:12.754,6.27827,6.28029,1.16,1.22
2011.04.18 14:20:12.863,6.27827,6.28017,1.16,1.21
2011.04.18 14:20:13.191,6.27827,6.28017,1.16,1.27
2011.04.18 14:20:13.750,6.27827,6.28017,1.16,1.24
2011.04.18 14:20:14.980,6.27824,6.28017,1.35,1.21
2011.04.18 14:20:16.255,6.27813,6.27996,1.50,1.32
2011.04.18 14:20:16.593,6.2779,6.27996,1.35,1.25
2011.04.18 14:20:16.702,6.2779,6.27996,1.35,1.08
2011.04.18 14:20:17.034,6.2779,6.27985,1.35,1.17
2011.04.18 14:20:17.620,6.2779,6.27985,1.35,1.18
2011.04.18 14:20:18.302,6.2779,6.27982,1.35,1.08
2011.04.18 14:20:18.961,6.2779,6.27982,1.35,1.05
2011.04.18 14:20:19.896,6.27777,6.27952,1.50,1.26
2011.04.18 14:20:20.019,6.27792,6.27982,1.35,1.08
2011.04.18 14:20:20.132,6.27792,6.27982,1.35,1.08
2011.04.18 14:20:20.941,6.27792,6.27984,1.35,1.48
2011.04.18 14:20:21.612,6.27792,6.27982,1.35,1.03
2011.04.18 14:20:23.212,6.27808,6.27989,1.35,1.49
2011.04.18 14:20:23.435,6.27827,6.28009,1.35,1.11
2011.04.18 14:20:23.662,6.27827,6.28015,2.10,1.02
2011.04.18 14:20:24.362,6.27827,6.2802,2.10,1.52
2011.04.18 14:20:25.037,6.27827,6.2802,2.10,1.52
2011.04.18 14:20:25.264,6.27887,6.28078,1.35,1.68
2011.04.18 14:20:25.375,6.27917,6.28079,1.35,1.10
2011.04.18 14:20:25.494,6.27927,6.28098,1.50,1.10
2011.04.18 14:20:25.714,6.27927,6.28111,1.50,1.31
2011.04.18 14:20:26.261,6.27927,6.28113,1.50,1.30
2011.04.18 14:20:26.721,6.27926,6.28113,1.35,1.23
2011.04.18 14:20:27.188,6.2793,6.28113,1.50,1.29
2011.04.18 14:20:27.302,6.2793,6.28113,1.50,1.27
2011.04.18 14:20:27.772,6.27947,6.28142,1.35,1.50
2011.04.18 14:20:27.885,6.27948,6.28142,1.35,1.58
2011.04.18 14:20:28.112,6.27954,6.28142,1.35,1.53
2011.04.18 14:20:28.663,6.27918,6.28118,1.16,2.40
2011.04.18 14:20:28.884,6.27889,6.28053,1.50,1.47
2011.04.18 14:20:28.995,6.27862,6.28024,1.35,1.01
2011.04.18 14:20:29.115,6.27827,6.27996,1.16,1.02
2011.04.18 14:20:29.234,6.27825,6.27994,1.50,1.09
2011.04.18 14:20:29.572,6.27805,6.27958,1.35,1.08
2011.04.18 14:20:29.685,6.27787,6.27958,1.35,1.08
2011.04.18 14:20:29.912,6.27787,6.27968,1.35,1.53
2011.04.18 14:20:30.241,6.27787,6.27968,1.35,1.53
2011.04.18 14:20:30.807,6.27833,6.28033,1.35,1.68
2011.04.18 14:20:30.917,6.27881,6.28076,1.35,1.58
2011.04.18 14:20:31.034,6.27887,6.28073,1.35,1.26
2011.04.18 14:20:31.156,6.27898,6.28073,1.35,1.18
2011.04.18 14:20:31.280,6.27908,6.28092,1.35,1.20
2011.04.18 14:20:31.391,6.2791,6.28092,1.35,1.20
2011.04.18 14:20:31.723,6.27931,6.28106,1.35,1.07
2011.04.18 14:20:32.052,6.27941,6.28106,1.35,1.14
2011.04.18 14:20:32.162,6.27941,6.28132,1.35,1.53
2011.04.18 14:20:32.272,6.2795,6.28132,1.50,1.52
2011.04.18 14:20:32.710,6.27957,6.28133,1.50,1.28
2011.04.18 14:20:33.755,6.27947,6.28133,1.50,1.25
2011.04.18 14:20:34.646,6.2794,6.28098,1.50,2.28
2011.04.18 14:20:34.764,6.2789,6.28063,2.25,2.10
2011.04.18 14:20:34.875,6.27866,6.28052,1.50,1.75
2011.04.18 14:20:35.213,6.27788,6.27916,5.25,2.10
2011.04.18 14:20:35.325,6.27771,6.27916,3.75,2.10
2011.04.18 14:20:35.443,6.27743,6.27878,1.50,2.10
2011.04.18 14:20:35.772,6.2772,6.27878,1.50,2.45
2011.04.18 14:20:36.240,6.2772,6.27817,1.50,2.10
2011.04.18 14:20:36.357,6.27607,6.27755,2.25,2.10
2011.04.18 14:20:36.471,6.27575,6.27755,2.10,2.10
2011.04.18 14:20:37.021,6.27575,6.27732,2.10,1.03
2011.04.18 14:20:37.351,6.27591,6.27741,1.35,1.35
2011.04.18 14:20:37.461,6.27611,6.27741,1.35,1.35
2011.04.18 14:20:37.680,6.27543,6.27748,1.50,1.34
2011.04.18 14:20:37.790,6.27543,6.27772,1.50,1.34
2011.04.18 14:20:38.120,6.27543,6.27748,1.50,1.34
2011.04.18 14:20:38.451,6.27543,6.27744,1.50,1.32
2011.04.18 14:20:38.561,6.27479,6.27708,1.50,1.68
2011.04.18 14:20:39.491,6.2747,6.27699,1.50,1.68
2011.04.18 14:20:40.592,6.2747,6.27699,1.50,1.68
2011.04.18 14:20:40.921,6.2747,6.27699,1.50,1.34
2011.04.18 14:20:41.142,6.27487,6.27714,1.50,1.34
2011.04.18 14:20:41.685,6.27501,6.27725,1.50,1.19
2011.04.18 14:20:41.805,6.27512,6.27752,1.50,1.34
2011.04.18 14:20:42.471,6.27554,6.27783,1.50,1.34
2011.04.18 14:20:42.584,6.27583,6.2781,1.50,1.34
2011.04.18 14:20:42.703,6.27599,6.27826,1.50,1.34
2011.04.18 14:20:44.832,6.27611,6.27838,1.50,1.34
2011.04.18 14:20:45.603,6.27637,6.27866,1.50,1.34
2011.04.18 14:20:47.285,6.27661,6.27899,1.50,1.34
2011.04.18 14:20:47.405,6.2767,6.27899,1.50,1.34
2011.04.18 14:20:47.895,6.2767,6.27899,1.50,1.34
2011.04.18 14:20:48.009,6.27748,6.28005,1.35,1.34
2011.04.18 14:20:48.126,6.27754,6.28029,1.16,1.34
2011.04.18 14:20:48.241,6.27754,6.28039,1.16,1.34
2011.04.18 14:20:48.353,6.27755,6.28052,1.16,1.34
2011.04.18 14:20:48.904,6.27759,6.28053,1.16,1.34
2011.04.18 14:20:51.651,6.27778,6.28033,1.16,1.34
2011.04.18 14:20:51.766,6.27779,6.28044,1.16,1.34
2011.04.18 14:20:52.104,6.27779,6.28036,1.16,1.34
2011.04.18 14:20:52.214,6.27779,6.28036,1.16,1.68
2011.04.18 14:20:52.335,6.2778,6.28004,1.16,1.34
2011.04.18 14:20:52.673,6.27765,6.27977,1.35,1.34
2011.04.18 14:20:52.781,6.27741,6.27977,1.50,1.34
2011.04.18 14:20:53.112,6.27737,6.27955,1.16,1.34
2011.04.18 14:20:53.882,6.27737,6.27955,1.16,1.34
2011.04.18 14:20:54.257,6.27717,6.27945,1.35,1.68
2011.04.18 14:20:54.955,6.27711,6.27915,1.35,1.34
2011.04.18 14:20:55.301,6.27698,6.27915,1.16,1.34
2011.04.18 14:20:55.410,6.27696,6.27915,1.16,1.34
2011.04.18 14:20:56.732,6.27668,6.27882,1.35,1.34
2011.04.18 14:20:56.842,6.27658,6.27881,1.16,1.34
2011.04.18 14:20:57.061,6.27653,6.27857,1.16,1.34
2011.04.18 14:20:58.465,6.27616,6.27834,1.35,1.34
2011.04.18 14:20:58.583,6.27616,6.27814,1.35,1.34
2011.04.18 14:20:58.943,6.27616,6.27814,1.35,1.34
2011.04.18 14:20:59.076,6.27608,6.27815,1.35,1.34
2011.04.18 14:21:04.084,6.27653,6.27815,1.35,1.34
2011.04.18 14:21:04.199,6.27659,6.2787,1.16,1.19
2011.04.18 14:21:06.884,6.27616,6.27834,1.16,1.34
2011.04.18 14:21:07.102,6.27627,6.27834,1.16,1.34
2011.04.18 14:21:07.434,6.27585,6.27789,1.16,1.34
2011.04.18 14:21:08.365,6.27588,6.27799,1.16,1.34
2011.04.18 14:21:08.485,6.27599,6.2781,1.35,1.34
2011.04.18 14:21:08.607,6.27607,6.27827,1.16,1.34
2011.04.18 14:21:08.724,6.27628,6.27837,1.16,1.34
2011.04.18 14:21:09.054,6.27632,6.27837,1.16,1.34
2011.04.18 14:21:09.162,6.27642,6.27845,1.16,1.34
2011.04.18 14:21:09.385,6.27641,6.27854,1.16,1.34
2011.04.18 14:21:10.931,6.27641,6.27825,1.16,1.35
2011.04.18 14:21:11.261,6.27577,6.27771,1.35,1.34
2011.04.18 14:21:11.372,6.27592,6.27772,1.35,1.10
2011.04.18 14:21:11.847,6.27604,6.27833,1.50,1.68
2011.04.18 14:21:12.622,6.27604,6.27833,1.50,1.68
2011.04.18 14:21:12.954,6.27569,6.27798,1.50,1.34
2011.04.18 14:21:13.173,6.27547,6.27774,1.50,1.68
2011.04.18 14:21:13.392,6.27546,6.27774,1.35,1.68
2011.04.18 14:21:14.821,6.27546,6.27774,1.35,1.68
2011.04.18 14:21:16.731,6.27556,6.27783,1.50,1.68
2011.04.18 14:21:17.062,6.27596,6.27833,1.35,1.68
2011.04.18 14:21:17.173,6.2762,6.27833,1.35,1.68
2011.04.18 14:21:17.395,6.27637,6.27855,1.50,1.68
2011.04.18 14:21:17.515,6.27648,6.27872,1.50,1.68
2011.04.18 14:21:17.962,6.27668,6.27872,1.35,1.68
2011.04.18 14:21:18.073,6.27679,6.27889,1.35,1.34
2011.04.18 14:21:18.994,6.27679,6.27905,1.35,1.68
2011.04.18 14:21:22.501,6.27679,6.27895,1.35,1.68
2011.04.18 14:21:24.572,6.27679,6.27904,1.35,1.68
2011.04.18 14:21:26.102,6.27717,6.27904,1.35,1.68
2011.04.18 14:21:26.214,6.27717,6.27919,1.35,1.34
2011.04.18 14:21:26.323,6.27737,6.27946,1.50,1.68
2011.04.18 14:21:26.434,6.27737,6.27959,1.50,1.68
2011.04.18 14:21:26.652,6.27737,6.27967,1.50,1.68
2011.04.18 14:21:26.763,6.2776,6.27967,1.35,1.34
2011.04.18 14:21:26.872,6.2776,6.27967,1.35,1.68
2011.04.18 14:21:27.202,6.27763,6.27978,1.35,1.68
2011.04.18 14:21:27.698,6.27763,6.27977,1.35,1.68
2011.04.18 14:21:28.257,6.27767,6.27977,1.50,1.68
2011.04.18 14:21:28.371,6.27767,6.27977,1.50,1.34
2011.04.18 14:21:29.253,6.27776,6.27943,1.50,1.33
2011.04.18 14:21:29.583,6.27778,6.27943,1.50,1.20
2011.04.18 14:21:30.131,6.27778,6.27961,1.50,1.47
2011.04.18 14:21:30.841,6.27768,6.27961,1.50,1.56
2011.04.18 14:21:31.425,6.27766,6.27953,1.50,1.29
2011.04.18 14:21:31.982,6.27767,6.27964,1.50,1.25
2011.04.18 14:21:33.092,6.27778,6.27974,1.50,1.05
2011.04.18 14:21:33.202,6.27778,6.27983,1.50,1.21
2011.04.18 14:21:33.532,6.27779,6.28003,1.50,1.21
2011.04.18 14:21:33.972,6.27803,6.28003,1.35,1.21
2011.04.18 14:21:34.193,6.27807,6.28003,1.35,1.26
2011.04.18 14:21:34.415,6.27808,6.28003,1.50,1.24
2011.04.18 14:21:34.535,6.27818,6.28042,1.50,1.26
2011.04.18 14:21:34.763,6.27828,6.28042,1.50,1.28
2011.04.18 14:21:35.201,6.27828,6.28042,1.50,1.23
2011.04.18 14:21:35.604,6.27828,6.28042,1.50,1.27
2011.04.18 14:21:36.113,6.2785,6.28042,1.35,1.27
2011.04.18 14:21:37.634,6.27818,6.28042,1.50,1.25
2011.04.18 14:21:37.754,6.2778,6.28003,1.50,1.30
2011.04.18 14:21:37.867,6.27763,6.27992,1.50,1.69
2011.04.18 14:21:37.982,6.2775,6.27939,2.10,1.23
2011.04.18 14:21:38.094,6.2775,6.27939,1.35,1.23
2011.04.18 14:21:38.204,6.2775,6.27932,1.35,1.20
2011.04.18 14:21:39.328,6.2775,6.27932,1.35,1.41
2011.04.18 14:21:41.452,6.27743,6.27924,1.35,1.56
2011.04.18 14:21:42.332,6.27743,6.27924,1.35,1.50
2011.04.18 14:21:42.443,6.27743,6.27947,1.35,1.68
2011.04.18 14:21:45.082,6.2775,6.27947,1.35,1.68
2011.04.18 14:21:45.305,6.27757,6.27966,1.50,1.34
2011.04.18 14:21:45.534,6.27754,6.27983,1.50,1.68
2011.04.18 14:21:45.754,6.2775,6.27963,1.35,1.68
2011.04.18 14:21:46.081,6.2775,6.27963,1.35,1.68
2011.04.18 14:21:46.440,6.2775,6.27954,1.35,1.34
2011.04.18 14:21:47.449,6.2775,6.27954,1.35,1.34
2011.04.18 14:21:47.563,6.27751,6.2798,1.50,1.68
2011.04.18 14:21:48.472,6.27751,6.2798,1.50,1.68
2011.04.18 14:21:48.690,6.2775,6.2798,1.35,1.68
2011.04.18 14:21:49.133,6.2775,6.2798,1.35,1.68
2011.04.18 14:21:49.463,6.2775,6.27979,1.35,1.68
2011.04.18 14:21:50.203,6.2775,6.27969,1.35,1.68
2011.04.18 14:21:50.983,6.2775,6.27954,1.35,1.34
2011.04.18 14:21:52.012,6.27688,6.27892,1.50,1.34
2011.04.18 14:21:52.341,6.27713,6.2794,1.35,1.68
2011.04.18 14:21:52.671,6.27714,6.2794,1.35,1.68
2011.04.18 14:21:53.001,6.27737,6.27964,1.50,1.68
2011.04.18 14:21:53.441,6.2767,6.27897,1.50,1.68
2011.04.18 14:21:53.551,6.2767,6.27883,1.50,1.10
2011.04.18 14:21:53.662,6.27618,6.27865,1.50,1.34
2011.04.18 14:21:53.772,6.27642,6.27865,1.35,1.68
2011.04.18 14:21:54.120,6.27646,6.27876,1.35,1.68
2011.04.18 14:21:56.838,6.27646,6.27868,1.35,1.68
2011.04.18 14:21:56.958,6.27721,6.27924,1.35,1.68
2011.04.18 14:21:57.733,6.27697,6.27924,1.50,1.68
2011.04.18 14:21:58.066,6.27672,6.27899,1.50,1.68
2011.04.18 14:21:58.182,6.27672,6.27899,1.50,1.68
2011.04.18 14:21:58.514,6.27661,6.27834,1.50,5.45
2011.04.18 14:21:58.622,6.27559,6.27799,1.50,1.68
2011.04.18 14:21:58.731,6.27559,6.27764,1.50,1.68
2011.04.18 14:21:58.841,6.27536,6.27783,1.50,1.68
2011.04.18 14:22:00.952,6.27578,6.27783,1.50,2.43
2011.04.18 14:22:01.064,6.27588,6.27783,1.50,1.68
2011.04.18 14:22:01.402,6.27599,6.27803,1.50,1.68
2011.04.18 14:22:03.444,6.27618,6.27827,1.50,1.68
2011.04.18 14:22:03.673,6.27638,6.27845,1.50,1.68
2011.04.18 14:22:03.784,6.27648,6.27845,1.50,1.68
2011.04.18 14:22:04.599,6.27639,6.27792,1.50,1.10
2011.04.18 14:22:04.714,6.27575,6.27792,1.50,1.68
2011.04.18 14:22:04.822,6.27562,6.27759,1.50,1.68
2011.04.18 14:22:04.932,6.27538,6.27751,1.50,1.68
2011.04.18 14:22:05.152,6.2749,6.27692,1.50,1.68
2011.04.18 14:22:05.262,6.27478,6.27692,1.50,1.68
2011.04.18 14:22:05.375,6.27466,6.27679,1.50,2.45
2011.04.18 14:22:05.601,6.27458,6.27655,2.10,1.53
2011.04.18 14:22:05.712,6.27485,6.27678,1.35,2.28
2011.04.18 14:22:06.043,6.27519,6.27701,1.35,1.10
2011.04.18 14:22:06.263,6.27529,6.27723,1.50,3.20
2011.04.18 14:22:06.829,6.27529,6.27725,1.50,1.53
2011.04.18 14:22:06.945,6.27521,6.27725,1.50,1.53
2011.04.18 14:22:08.203,6.27531,6.27735,1.50,1.53
2011.04.18 14:22:08.533,6.27541,6.27743,1.35,1.53
2011.04.18 14:22:12.053,6.27517,6.2772,1.50,1.53
2011.04.18 14:22:12.162,6.27503,6.27703,1.35,1.53
2011.04.18 14:22:13.053,6.27503,6.27699,1.35,1.53
2011.04.18 14:22:13.164,6.27475,6.27693,1.54,1.53
2011.04.18 14:22:13.271,6.27475,6.27669,1.50,1.53
2011.04.18 14:22:13.823,6.27478,6.27669,1.50,1.53
2011.04.18 14:22:13.931,6.27487,6.2768,1.50,1.53
2011.04.18 14:22:15.201,6.27487,6.27672,1.50,1.53
2011.04.18 14:22:15.532,6.27487,6.27683,1.50,1.53
2011.04.18 14:22:16.433,6.27501,6.27695,1.35,1.53
2011.04.18 14:22:16.654,6.27528,6.27715,1.35,1.68
2011.04.18 14:22:16.763,6.27547,6.27735,1.50,1.53
2011.04.18 14:22:16.984,6.27585,6.27766,1.35,1.68
2011.04.18 14:22:17.091,6.27588,6.27785,1.50,1.70
2011.04.18 14:22:17.565,6.27588,6.27788,1.50,1.53
2011.04.18 14:22:18.564,6.27569,6.27773,1.50,1.53
2011.04.18 14:22:18.683,6.27558,6.27752,1.35,1.53
2011.04.18 14:22:19.343,6.27558,6.27752,1.35,1.53
2011.04.18 14:22:20.003,6.27538,6.27734,1.50,1.53
2011.04.18 14:22:20.113,6.27538,6.27735,1.50,1.53
2011.04.18 14:22:20.223,6.27488,6.27686,1.35,1.53
2011.04.18 14:22:20.897,6.27476,6.27686,1.35,1.53
2011.04.18 14:22:22.421,6.27497,6.27686,1.50,1.53
2011.04.18 14:22:22.753,6.27538,6.27718,1.50,1.10
2011.04.18 14:22:22.972,6.2754,6.27728,1.50,1.53
2011.04.18 14:22:23.300,6.2754,6.27728,1.50,1.53
2011.04.18 14:22:23.961,6.27555,6.27729,1.50,1.53
2011.04.18 14:22:24.182,6.27563,6.27753,1.35,1.68
2011.04.18 14:22:24.595,6.27563,6.27761,1.35,1.53
2011.04.18 14:22:24.708,6.27562,6.27761,1.35,1.53
2011.04.18 14:22:24.825,6.27563,6.27761,1.35,1.53
2011.04.18 14:22:25.157,6.27563,6.27761,1.35,1.53
2011.04.18 14:22:26.042,6.27563,6.27761,1.35,1.53
2011.04.18 14:22:30.623,6.27537,6.27741,1.50,1.53
2011.04.18 14:22:30.735,6.27534,6.27713,1.50,1.53
2011.04.18 14:22:30.853,6.2752,6.27713,1.39,1.53
2011.04.18 14:22:31.181,6.27528,6.27649,1.50,2.10
2011.04.18 14:22:31.511,6.27474,6.27668,2.10,1.50
2011.04.18 14:22:31.622,6.27474,6.27733,2.10,1.53
2011.04.18 14:22:35.110,6.27503,6.27713,1.35,1.53
2011.04.18 14:22:35.440,6.27503,6.27713,1.35,1.53
2011.04.18 14:22:36.671,6.27513,6.27714,1.50,1.53
2011.04.18 14:22:41.052,6.27529,6.27721,1.35,1.53
2011.04.18 14:22:44.403,6.27529,6.27661,1.35,1.50
2011.04.18 14:22:44.512,6.27505,6.27634,1.50,1.35
2011.04.18 14:22:44.621,6.27505,6.27613,1.50,1.10
2011.04.18 14:22:44.732,6.27434,6.27613,1.50,1.10
2011.04.18 14:22:45.061,6.27434,6.27656,1.50,1.10
2011.04.18 14:22:46.795,6.2746,6.27636,2.10,1.70
2011.04.18 14:22:46.904,6.2746,6.27635,2.10,1.35
2011.04.18 14:22:47.122,6.2746,6.27635,2.10,1.35
2011.04.18 14:22:47.632,6.27435,6.27607,1.35,2.10
2011.04.18 14:22:47.853,6.27423,6.27598,1.35,1.35
2011.04.18 14:22:48.181,6.27423,6.27576,1.35,2.10
2011.04.18 14:22:49.730,6.27388,6.27558,1.50,2.10
2011.04.18 14:22:49.841,6.27383,6.27558,1.35,2.10
2011.04.18 14:22:50.282,6.27359,6.27523,1.35,1.35
2011.04.18 14:22:50.392,6.27356,6.27523,1.35,1.35
2011.04.18 14:22:50.501,6.27338,6.2747,1.16,2.10
2011.04.18 14:22:50.939,6.27285,6.27488,1.50,1.19
2011.04.18 14:22:51.057,6.27278,6.27488,1.50,1.19
2011.04.18 14:22:51.171,6.27278,6.27488,1.50,1.19
2011.04.18 14:22:55.002,6.27289,6.27488,1.50,1.53
2011.04.18 14:22:55.114,6.27289,6.2749,1.50,1.19
2011.04.18 14:22:55.442,6.27293,6.27498,1.35,1.19
2011.04.18 14:22:56.012,6.27298,6.27498,1.35,1.19
2011.04.18 14:22:58.540,6.27306,6.27498,1.50,1.19
2011.04.18 14:22:59.790,6.27306,6.27498,1.50,1.19
2011.04.18 14:23:02.662,6.27313,6.27489,1.35,1.19
2011.04.18 14:23:03.333,6.27317,6.27495,1.35,1.53
2011.04.18 14:23:03.663,6.27334,6.27503,1.35,1.53
2011.04.18 14:23:04.221,6.27334,6.27508,1.35,2.45
2011.04.18 14:23:04.334,6.27357,6.27536,1.35,1.34
2011.04.18 14:23:05.432,6.27366,6.27547,1.35,1.19
2011.04.18 14:23:05.650,6.27356,6.27551,1.35,1.19
2011.04.18 14:23:06.091,6.27356,6.27551,1.35,1.19
2011.04.18 14:23:08.525,6.27358,6.27551,1.50,1.19
2011.04.18 14:23:09.251,6.27366,6.27551,1.50,1.19
2011.04.18 14:23:09.583,6.27387,6.27579,1.16,1.34
2011.04.18 14:23:09.693,6.27398,6.27581,1.16,1.19
2011.04.18 14:23:09.802,6.27401,6.27609,1.35,1.34
2011.04.18 14:23:09.912,6.27417,6.27609,1.16,1.34
2011.04.18 14:23:10.131,6.27417,6.27613,1.16,1.19
2011.04.18 14:23:10.351,6.27417,6.27613,1.16,1.19
2011.04.18 14:23:11.069,6.27418,6.27613,1.50,1.19
2011.04.18 14:23:11.372,6.27431,6.27635,1.35,1.34
2011.04.18 14:23:11.592,6.27442,6.27635,1.35,1.34
2011.04.18 14:23:11.701,6.27442,6.27635,2.10,1.34
2011.04.18 14:23:12.801,6.27442,6.27647,1.35,1.94
2011.04.18 14:23:13.984,6.27418,6.27623,1.50,1.19
2011.04.18 14:23:14.678,6.27438,6.27612,1.16,1.34
2011.04.18 14:23:14.907,6.27444,6.27647,1.50,1.19
2011.04.18 14:23:15.024,6.27458,6.27653,1.50,1.19
2011.04.18 14:23:15.912,6.27447,6.27647,1.50,1.19
2011.04.18 14:23:18.441,6.27438,6.27647,1.16,1.19
2011.04.18 14:23:26.306,6.27463,6.27666,1.35,1.34
2011.04.18 14:23:26.521,6.27462,6.2767,1.35,1.34
2011.04.18 14:23:26.821,6.27472,6.27674,1.01,1.19
2011.04.18 14:23:26.939,6.27497,6.27705,1.35,1.19
2011.04.18 14:23:27.165,6.27507,6.27705,1.50,1.19
2011.04.18 14:23:27.495,6.27513,6.27705,1.50,1.19
2011.04.18 14:23:27.969,6.27542,6.27728,1.01,1.34
2011.04.18 14:23:28.204,6.27552,6.27747,1.50,1.19
2011.04.18 14:23:28.643,6.27558,6.27747,1.50,1.19
2011.04.18 14:23:33.082,6.27547,6.27744,1.16,1.19
2011.04.18 14:23:33.836,6.27542,6.27716,1.35,1.10
2011.04.18 14:23:34.172,6.27542,6.27725,1.35,1.68
2011.04.18 14:23:36.222,6.27546,6.27725,1.50,1.68
2011.04.18 14:23:36.332,6.27546,6.27736,1.50,1.68
2011.04.18 14:23:36.898,6.27558,6.27727,1.50,1.10
2011.04.18 14:23:37.125,6.27571,6.27738,1.35,1.10
2011.04.18 14:23:38.645,6.27576,6.27751,1.50,1.10
2011.04.18 14:23:38.873,6.276,6.27772,1.35,1.10
2011.04.18 14:23:38.983,6.27605,6.27774,1.35,1.10
2011.04.18 14:23:39.203,6.27589,6.27775,1.50,1.10
2011.04.18 14:23:39.531,6.27571,6.2778,1.35,1.10
2011.04.18 14:23:39.641,6.27571,6.27781,1.35,1.35
2011.04.18 14:23:39.860,6.27578,6.27781,1.50,1.35
2011.04.18 14:23:40.483,6.27567,6.27752,2.09,1.70
2011.04.18 14:23:40.704,6.27512,6.27726,1.39,1.34
2011.04.18 14:23:41.032,6.27505,6.2771,1.54,1.19
2011.04.18 14:23:41.365,6.27508,6.27704,1.50,2.28
2011.04.18 14:23:41.703,6.27507,6.27711,1.54,1.53
2011.04.18 14:23:42.754,6.27547,6.27747,1.50,1.68
2011.04.18 14:23:42.864,6.27547,6.27747,1.50,1.68
2011.04.18 14:23:43.431,6.27558,6.27757,1.50,1.53
2011.04.18 14:23:44.523,6.27567,6.27757,1.50,1.53
2011.04.18 14:23:46.516,6.27558,6.27757,1.50,1.53
2011.04.18 14:23:47.602,6.27567,6.27757,1.50,1.53
2011.04.18 14:23:47.822,6.2757,6.27763,1.35,1.68
2011.04.18 14:23:49.298,6.2757,6.27776,1.50,1.68
2011.04.18 14:23:49.742,6.2757,6.27776,1.35,1.68
2011.04.18 14:23:50.184,6.2757,6.27764,1.35,1.68
2011.04.18 14:23:50.292,6.2757,6.27764,1.35,1.34
2011.04.18 14:23:52.543,6.27578,6.27765,1.50,1.34
2011.04.18 14:23:52.762,6.27578,6.27777,1.50,1.34
2011.04.18 14:23:54.025,6.27578,6.27782,1.54,1.19
2011.04.18 14:23:54.725,6.276,6.27795,1.39,1.34
2011.04.18 14:23:54.841,6.276,6.27795,1.39,1.34
2011.04.18 14:23:55.061,6.276,6.27795,1.39,1.34
2011.04.18 14:23:56.995,6.276,6.27803,1.39,1.68
2011.04.18 14:23:57.893,6.276,6.27795,1.39,1.34
2011.04.18 14:24:01.202,6.27628,6.27809,1.50,1.68
2011.04.18 14:24:01.532,6.27631,6.27822,1.35,1.34
2011.04.18 14:24:01.640,6.27637,6.27823,1.50,1.34
2011.04.18 14:24:03.262,6.27631,6.27815,1.35,1.34
2011.04.18 14:24:03.702,6.27631,6.2781,1.35,1.34
2011.04.18 14:24:04.532,6.27631,6.27834,1.35,1.34
2011.04.18 14:24:05.067,6.27631,6.27846,1.35,1.34
2011.04.18 14:24:05.511,6.27642,6.27846,1.16,1.34
2011.04.18 14:24:10.933,6.27623,6.27783,1.16,2.10
2011.04.18 14:24:11.284,6.27453,6.27672,1.16,1.94
2011.04.18 14:24:11.394,6.27428,6.27647,1.16,1.24
2011.04.18 14:24:11.832,6.27428,6.27647,1.16,1.24
2011.04.18 14:24:12.382,6.27448,6.27627,1.16,1.24
2011.04.18 14:24:13.192,6.27437,6.27616,1.01,1.24
2011.04.18 14:24:13.947,6.27437,6.27616,1.01,1.24
2011.04.18 14:24:15.091,6.27407,6.276,2.10,1.24
2011.04.18 14:24:15.944,6.27407,6.276,2.10,1.24
2011.04.18 14:24:16.491,6.27414,6.276,1.50,1.24
2011.04.18 14:24:16.603,6.27407,6.27611,2.85,1.24
2011.04.18 14:24:16.933,6.27417,6.27611,1.50,1.24
2011.04.18 14:24:17.045,6.27442,6.27621,1.35,1.24
2011.04.18 14:24:17.163,6.27447,6.27636,2.10,1.24
2011.04.18 14:24:17.496,6.27467,6.2765,1.35,1.24
2011.04.18 14:24:17.723,6.27467,6.27663,1.50,1.25
2011.04.18 14:24:18.269,6.27477,6.27663,1.50,1.25
2011.04.18 14:24:18.492,6.27477,6.27664,1.50,1.19
2011.04.18 14:24:18.605,6.27488,6.27691,1.35,1.53
2011.04.18 14:24:18.722,6.27489,6.27691,1.01,1.19
2011.04.18 14:24:21.063,6.27498,6.27691,1.16,1.19
2011.04.18 14:24:21.172,6.27512,6.27691,1.16,1.19
2011.04.18 14:24:21.395,6.27528,6.27715,1.01,1.34
2011.04.18 14:24:21.515,6.27528,6.27729,1.01,1.19
2011.04.18 14:24:21.632,6.27543,6.27729,1.16,1.19
2011.04.18 14:24:22.793,6.27558,6.27762,1.76,1.19
2011.04.18 14:24:22.906,6.2755,6.27716,1.16,2.10
2011.04.18 14:24:23.135,6.27526,6.27716,1.50,2.10
2011.04.18 14:24:23.252,6.27517,6.27691,1.16,1.19
2011.04.18 14:24:23.364,6.2751,6.27681,1.16,2.10
2011.04.18 14:24:23.472,6.27487,6.27681,1.50,2.10
2011.04.18 14:24:23.804,6.27448,6.27647,1.16,1.19
2011.04.18 14:24:23.911,6.27436,6.27619,1.16,1.19
2011.04.18 14:24:26.452,6.27418,6.27619,1.01,1.19
2011.04.18 14:24:31.183,6.27448,6.27619,1.16,1.19
2011.04.18 14:24:31.659,6.27458,6.27658,1.16,1.34
2011.04.18 14:24:31.780,6.27458,6.27661,1.16,1.19
2011.04.18 14:24:32.115,6.27487,6.27666,1.16,1.19
2011.04.18 14:24:34.141,6.27472,6.27661,1.16,1.19
2011.04.18 14:24:34.692,6.27511,6.2769,1.76,1.34
2011.04.18 14:24:34.805,6.27511,6.27714,1.76,1.34
2011.04.18 14:24:35.033,6.27511,6.27715,1.01,1.19
2011.04.18 14:24:35.143,6.27511,6.27715,1.01,1.19
2011.04.18 14:24:36.251,6.27511,6.2771,1.76,1.34
2011.04.18 14:24:37.212,6.27511,6.27685,1.16,1.19
2011.04.18 14:24:37.433,6.27494,6.27673,1.16,1.19
2011.04.18 14:24:37.542,6.27476,6.2767,1.16,1.19
2011.04.18 14:24:37.874,6.27467,6.2767,1.16,1.19
2011.04.18 14:24:37.983,6.27463,6.2766,1.01,1.34
2011.04.18 14:24:38.533,6.27467,6.27648,1.16,1.19
2011.04.18 14:24:38.972,6.27468,6.2767,1.35,1.19
2011.04.18 14:24:39.191,6.27469,6.2767,1.50,1.19
2011.04.18 14:24:39.764,6.27512,6.2768,1.01,1.34
2011.04.18 14:24:39.881,6.27515,6.27714,1.16,1.19
2011.04.18 14:24:42.194,6.27518,6.27714,1.16,1.19
2011.04.18 14:24:42.525,6.27518,6.27694,1.16,2.10
2011.04.18 14:24:42.855,6.27467,6.27671,1.16,1.35
2011.04.18 14:24:43.382,6.27467,6.27662,1.16,1.19
2011.04.18 14:24:48.682,6.27469,6.27662,1.50,1.19
2011.04.18 14:24:49.030,6.27467,6.27662,1.91,1.19
2011.04.18 14:24:53.672,6.27468,6.27662,1.50,1.19
2011.04.18 14:24:55.452,6.27471,6.27662,1.50,1.19
2011.04.18 14:24:55.783,6.27498,6.27691,1.16,1.19
2011.04.18 14:24:57.752,6.27517,6.27696,1.91,1.19
2011.04.18 14:24:57.862,6.27517,6.2772,1.91,1.94
2011.04.18 14:24:57.973,6.27528,6.2772,1.50,1.19
2011.04.18 14:24:58.082,6.27532,6.2772,1.16,1.19
2011.04.18 14:24:58.411,6.27533,6.27721,1.16,1.19
2011.04.18 14:24:58.521,6.27537,6.27746,1.76,1.34
2011.04.18 14:24:58.852,6.27557,6.27746,1.16,1.34
2011.04.18 14:24:58.962,6.27557,6.2775,1.91,1.19
2011.04.18 14:24:59.294,6.27551,6.2775,1.16,1.19
2011.04.18 14:24:59.412,6.27551,6.27741,1.16,1.19
2011.04.18 14:24:59.741,6.27522,6.27711,1.16,1.19
2011.04.18 14:24:59.854,6.27517,6.27711,1.16,1.19
2011.04.18 14:24:59.962,6.27507,6.27711,1.91,1.19
2011.04.18 14:25:00.495,6.27508,6.27711,1.16,1.19
2011.04.18 14:25:01.055,6.27542,6.27718,1.01,1.34
2011.04.18 14:25:01.175,6.27542,6.27745,1.01,1.34
2011.04.18 14:25:02.221,6.27564,6.27745,2.10,1.34
2011.04.18 14:25:02.551,6.27596,6.27775,1.01,1.34
2011.04.18 14:25:02.994,6.27596,6.278,1.01,1.34
2011.04.18 14:25:03.213,6.27634,6.278,1.01,1.34
2011.04.18 14:25:03.324,6.27634,6.27829,1.01,1.34
2011.04.18 14:25:08.475,6.27617,6.27809,1.01,1.34
2011.04.18 14:25:08.593,6.27604,6.27806,1.01,1.19
2011.04.18 14:25:08.812,6.27604,6.27806,1.01,1.19
2011.04.18 14:25:11.030,6.27609,6.27812,1.16,1.34
2011.04.18 14:25:11.143,6.27608,6.27821,1.16,1.34
2011.04.18 14:25:11.362,6.27629,6.27833,1.16,1.34
2011.04.18 14:25:11.692,6.27628,6.27833,1.16,1.34
2011.04.18 14:25:12.241,6.27637,6.27841,1.16,1.34
2011.04.18 14:25:13.853,6.27607,6.27815,1.01,1.34
2011.04.18 14:25:14.513,6.27617,6.27825,1.16,1.34
2011.04.18 14:25:16.812,6.27617,6.27834,1.16,1.34
2011.04.18 14:25:17.581,6.27617,6.27863,3.41,1.10
2011.04.18 14:25:17.802,6.27664,6.27882,1.50,1.68
2011.04.18 14:25:19.322,6.27686,6.27881,1.35,1.53
2011.04.18 14:25:19.652,6.27718,6.27914,1.35,1.68
2011.04.18 14:25:20.677,6.27693,6.27897,2.25,1.53
2011.04.18 14:25:20.796,6.27682,6.27881,1.35,1.53
2011.04.18 14:25:21.133,6.27681,6.27881,1.35,1.53
2011.04.18 14:25:21.463,6.27657,6.27894,1.50,1.68
2011.04.18 14:25:21.572,6.27657,6.27862,1.50,1.68
2011.04.18 14:25:21.793,6.27647,6.27852,1.50,1.53
2011.04.18 14:25:22.012,6.27637,6.27846,1.50,1.68
2011.04.18 14:25:23.224,6.27628,6.27846,1.50,1.68
2011.04.18 14:25:23.444,6.27628,6.27838,1.50,1.68
2011.04.18 14:25:24.531,6.27637,6.27838,1.50,1.68
2011.04.18 14:25:24.752,6.27636,6.27847,1.50,1.68
2011.04.18 14:25:25.191,6.27636,6.27847,1.50,1.68
2011.04.18 14:25:25.411,6.27636,6.27847,1.50,1.68
2011.04.18 14:25:25.893,6.27636,6.27847,1.50,1.68
2011.04.18 14:25:27.511,6.27714,6.27847,2.10,1.68
2011.04.18 14:25:27.622,6.27714,6.27896,2.10,1.34
2011.04.18 14:25:28.062,6.27714,6.27896,2.10,1.34
2011.04.18 14:25:29.443,6.27725,6.27929,1.35,1.34
2011.04.18 14:25:30.832,6.27744,6.2794,1.35,1.34
2011.04.18 14:25:31.702,6.27759,6.27949,1.35,1.34
2011.04.18 14:25:32.251,6.27759,6.27964,1.35,1.34
2011.04.18 14:25:32.363,6.2778,6.28009,1.50,1.68
2011.04.18 14:25:32.691,6.2782,6.28031,1.50,1.68
2011.04.18 14:25:33.021,6.27845,6.28066,1.50,1.68
2011.04.18 14:25:35.492,6.27854,6.28071,1.50,1.68
2011.04.18 14:25:40.631,6.27892,6.28086,1.50,1.10
2011.04.18 14:25:43.285,6.27877,6.28096,1.50,1.68
2011.04.18 14:25:43.513,6.27893,6.28104,1.50,1.53
2011.04.18 14:25:46.132,6.27915,6.28142,1.50,1.68
2011.04.18 14:25:48.562,6.27915,6.28127,1.50,1.68
2011.04.18 14:25:48.782,6.27907,6.28139,1.50,1.68
2011.04.18 14:25:49.441,6.27917,6.28141,1.50,1.68
2011.04.18 14:25:50.234,6.27948,6.2816,1.35,1.68
2011.04.18 14:25:50.834,6.27948,6.28163,1.35,1.68
2011.04.18 14:25:50.948,6.27948,6.28175,2.10,1.68
2011.04.18 14:25:51.507,6.27977,6.28182,1.50,1.68
2011.04.18 14:25:51.732,6.27981,6.28188,1.50,1.53
2011.04.18 14:25:51.954,6.27979,6.28188,1.50,1.53
2011.04.18 14:25:52.172,6.27956,6.28183,1.50,1.68
2011.04.18 14:25:52.612,6.27968,6.28189,1.16,1.19
2011.04.18 14:25:52.831,6.28005,6.28213,1.50,1.68
2011.04.18 14:25:52.941,6.28026,6.28223,1.50,1.68
2011.04.18 14:25:53.884,6.28011,6.28223,1.50,1.68
2011.04.18 14:25:55.372,6.28026,6.28212,1.50,1.68
2011.04.18 14:25:55.748,6.28029,6.28212,1.35,1.68
2011.04.18 14:25:56.762,6.28042,6.28221,1.35,2.28
2011.04.18 14:25:57.095,6.28067,6.28231,1.35,1.68
2011.04.18 14:25:57.643,6.28007,6.28161,1.50,2.09
2011.04.18 14:25:57.753,6.28005,6.28161,1.50,2.09
2011.04.18 14:25:57.864,6.27969,6.28137,1.50,2.10
2011.04.18 14:25:58.085,6.27938,6.28111,1.50,1.57
2011.04.18 14:25:58.205,6.27932,6.28083,1.35,1.27
2011.04.18 14:25:58.423,6.27928,6.28084,1.35,1.46
2011.04.18 14:26:00.001,6.27932,6.28084,1.35,1.46
2011.04.18 14:26:00.114,6.27932,6.28093,1.35,1.62
2011.04.18 14:26:02.033,6.27942,6.28093,2.10,1.04
2011.04.18 14:26:02.142,6.27942,6.28119,2.10,1.37
2011.04.18 14:26:02.361,6.27962,6.28141,1.35,1.49
2011.04.18 14:26:02.947,6.27962,6.28141,1.35,1.32
2011.04.18 14:26:03.283,6.27958,6.28151,1.16,1.04
2011.04.18 14:26:03.394,6.27958,6.28165,1.16,1.07
2011.04.18 14:26:03.722,6.27958,6.28151,1.16,1.30
2011.04.18 14:26:04.332,6.27958,6.28163,2.66,1.42
2011.04.18 14:26:05.032,6.27958,6.28166,2.66,1.10
2011.04.18 14:26:05.361,6.27958,6.28163,2.66,1.09
2011.04.18 14:26:06.832,6.27958,6.28158,1.91,1.09
2011.04.18 14:26:08.441,6.27958,6.28157,1.91,1.04
2011.04.18 14:26:08.951,6.27967,6.28157,1.50,1.04
2011.04.18 14:26:09.281,6.27967,6.28168,1.50,1.06
2011.04.18 14:26:11.153,6.27996,6.28171,1.35,1.58
2011.04.18 14:26:11.372,6.28031,6.2822,1.35,1.24
2011.04.18 14:26:11.483,6.28031,6.28223,1.35,1.67
2011.04.18 14:26:11.702,6.28041,6.28237,1.50,1.02
2011.04.18 14:26:11.812,6.28057,6.28239,1.50,1.02
2011.04.18 14:26:12.872,6.28057,6.28239,1.50,1.01
2011.04.18 14:26:14.158,6.28057,6.28248,1.50,1.81
2011.04.18 14:26:15.295,6.28067,6.28248,1.50,1.74
2011.04.18 14:26:15.973,6.28067,6.28249,1.50,1.01
2011.04.18 14:26:16.523,6.28067,6.2826,1.50,1.05
2011.04.18 14:26:17.073,6.28067,6.28259,1.50,1.23
2011.04.18 14:26:17.620,6.28067,6.2826,1.50,1.18
2011.04.18 14:26:18.179,6.28065,6.2826,1.35,1.18
2011.04.18 14:26:18.416,6.28065,6.28267,1.35,1.21
2011.04.18 14:26:19.002,6.28065,6.28266,1.35,1.02
2011.04.18 14:26:19.341,6.28065,6.28258,1.35,1.15
2011.04.18 14:26:20.101,6.28065,6.28267,1.35,1.23
2011.04.18 14:26:21.094,6.28086,6.28265,1.16,1.20
2011.04.18 14:26:21.202,6.28086,6.28268,1.16,1.21
2011.04.18 14:26:22.465,6.28086,6.28265,1.16,1.14
2011.04.18 14:26:24.343,6.28074,6.28253,1.16,1.15
2011.04.18 14:26:26.064,6.28074,6.28269,1.16,1.14
2011.04.18 14:26:26.394,6.28082,6.28274,1.16,1.14
2011.04.18 14:26:26.615,6.28082,6.28284,1.16,1.59
2011.04.18 14:26:29.392,6.28098,6.28284,1.16,1.73
2011.04.18 14:26:30.395,6.28098,6.28281,1.16,1.19
2011.04.18 14:26:30.951,6.28091,6.2829,1.01,1.01
2011.04.18 14:26:31.502,6.28097,6.28297,1.16,1.45
2011.04.18 14:26:34.021,6.28097,6.28307,1.16,1.45
2011.04.18 14:26:37.553,6.28091,6.28292,1.01,1.34
2011.04.18 14:26:38.476,6.28091,6.2828,1.01,1.67
2011.04.18 14:26:41.255,6.28091,6.28278,1.01,1.34
2011.04.18 14:26:42.363,6.281,6.28287,1.16,1.49
2011.04.18 14:26:45.922,6.281,6.28282,1.16,1.34
2011.04.18 14:26:46.363,6.281,6.28279,1.16,1.34
2011.04.18 14:26:46.691,6.28091,6.28278,1.01,1.49
2011.04.18 14:26:48.682,6.28101,6.2828,1.16,1.34
2011.04.18 14:26:48.791,6.28101,6.28281,1.16,1.34
2011.04.18 14:26:49.611,6.28101,6.28282,1.16,1.34
2011.04.18 14:26:50.082,6.28136,6.28282,1.01,1.34
2011.04.18 14:26:55.683,6.28141,6.2832,1.16,1.49
2011.04.18 14:26:55.795,6.28141,6.28334,1.16,1.30
2011.04.18 14:26:55.905,6.28141,6.2835,1.16,1.30
2011.04.18 14:26:56.134,6.28153,6.28341,1.16,1.12
2011.04.18 14:26:56.794,6.28163,6.2836,1.16,1.24
2011.04.18 14:26:57.012,6.28181,6.2837,1.16,1.19
2011.04.18 14:26:58.024,6.28193,6.28381,1.16,1.31
2011.04.18 14:26:58.144,6.28193,6.28379,1.16,1.04
2011.04.18 14:26:58.794,6.28193,6.28388,1.16,1.24
2011.04.18 14:26:59.342,6.28193,6.28389,1.16,1.30
2011.04.18 14:27:00.002,6.28202,6.28387,1.16,1.06
2011.04.18 14:27:00.808,6.28202,6.28396,1.16,1.22
2011.04.18 14:27:01.472,6.28213,6.28406,1.16,1.12
2011.04.18 14:27:01.801,6.28237,6.28418,1.16,1.03
2011.04.18 14:27:02.207,6.28237,6.28424,1.16,1.03
2011.04.18 14:27:03.442,6.28237,6.28423,1.16,1.16
2011.04.18 14:27:04.191,6.28237,6.28424,1.16,1.01
2011.04.18 14:27:04.631,6.28237,6.28426,1.16,1.37
2011.04.18 14:27:05.181,6.28237,6.28418,1.16,1.07
2011.04.18 14:27:05.793,6.28237,6.28419,1.16,1.27
2011.04.18 14:27:06.122,6.28218,6.28401,1.16,1.33
2011.04.18 14:27:06.897,6.28235,6.28417,1.16,1.12
2011.04.18 14:27:07.122,6.28235,6.28416,1.16,1.07
2011.04.18 14:27:07.672,6.28235,6.28416,1.16,1.12
2011.04.18 14:27:08.114,6.28235,6.28433,1.16,1.27
2011.04.18 14:27:08.331,6.28243,6.28433,1.16,1.27
2011.04.18 14:27:08.553,6.28256,6.28439,1.16,1.18
2011.04.18 14:27:09.103,6.28272,6.28451,1.16,1.06
2011.04.18 14:27:09.212,6.28272,6.28473,1.16,1.28
2011.04.18 14:27:09.322,6.28271,6.28473,1.16,1.28
2011.04.18 14:27:09.870,6.28287,6.28466,1.16,1.06
2011.04.18 14:27:10.657,6.28287,6.28491,1.16,1.34
2011.04.18 14:27:12.654,6.28308,6.28505,1.16,1.28
2011.04.18 14:27:12.764,6.28318,6.28515,1.35,1.06
2011.04.18 14:27:12.875,6.28342,6.28552,1.50,1.87
2011.04.18 14:27:14.174,6.28348,6.28542,1.35,1.19
2011.04.18 14:27:18.592,6.2834,6.28542,1.35,1.92
2011.04.18 14:27:21.476,6.28317,6.28521,1.50,1.19
2011.04.18 14:27:21.598,6.28313,6.28505,1.35,1.19
2011.04.18 14:27:21.716,6.28308,6.28505,1.01,1.38
2011.04.18 14:27:21.835,6.28275,6.28459,1.16,1.19
2011.04.18 14:27:22.062,6.28268,6.28459,1.50,1.19
2011.04.18 14:27:22.394,6.28257,6.28459,1.35,1.42
2011.04.18 14:27:22.722,6.28234,6.28436,1.35,1.19
2011.04.18 14:27:22.831,6.28231,6.28423,1.35,1.19
2011.04.18 14:27:24.076,6.28228,6.28423,1.76,1.94
2011.04.18 14:27:24.387,6.28234,6.28423,1.01,1.19
2011.04.18 14:27:25.192,6.2824,6.28423,1.16,1.19
2011.04.18 14:27:25.759,6.28234,6.28423,1.01,1.19
2011.04.18 14:27:25.982,6.28234,6.28423,1.01,1.19
2011.04.18 14:27:30.394,6.28242,6.28423,1.16,1.19
2011.04.18 14:27:30.517,6.28248,6.28441,1.35,1.57
2011.04.18 14:27:30.855,6.28287,6.28451,1.35,1.24
2011.04.18 14:27:31.184,6.28287,6.28475,1.76,1.18
2011.04.18 14:27:31.691,6.28287,6.28476,1.76,2.17
2011.04.18 14:27:32.356,6.28265,6.28451,1.16,1.35
2011.04.18 14:27:32.582,6.28227,6.28418,1.16,1.19
2011.04.18 14:27:32.913,6.28224,6.28415,1.01,1.57
2011.04.18 14:27:34.163,6.28207,6.28391,1.16,1.19
2011.04.18 14:27:34.273,6.28188,6.28378,1.16,1.19
2011.04.18 14:27:36.442,6.28186,6.28378,1.01,1.49
2011.04.18 14:27:36.661,6.28199,6.2838,1.16,1.49
2011.04.18 14:27:37.297,6.28199,6.2838,1.16,1.49
2011.04.18 14:27:37.421,6.2821,6.28389,1.16,1.19
2011.04.18 14:27:38.173,6.28202,6.2838,1.16,1.47
2011.04.18 14:27:38.283,6.28198,6.2838,1.16,1.47
2011.04.18 14:27:38.394,6.2817,6.28357,1.16,2.10
2011.04.18 14:27:39.493,6.28172,6.28353,1.01,1.61
2011.04.18 14:27:39.933,6.28172,6.28353,1.01,1.67
2011.04.18 14:27:40.535,6.2816,6.28339,1.16,1.49
2011.04.18 14:27:40.755,6.28147,6.28334,1.16,1.19
2011.04.18 14:27:41.313,6.28157,6.28334,1.16,1.19
2011.04.18 14:27:41.421,6.28157,6.28334,1.16,1.19
2011.04.18 14:27:42.524,6.28154,6.28334,1.16,1.19
2011.04.18 14:27:43.074,6.2813,6.28318,1.16,1.19
2011.04.18 14:27:43.404,6.28123,6.28296,1.16,2.10
2011.04.18 14:27:43.513,6.28099,6.2827,1.16,1.19
2011.04.18 14:27:44.392,6.28089,6.28293,1.16,1.34
2011.04.18 14:27:44.613,6.28098,6.28301,1.91,1.19
2011.04.18 14:27:45.053,6.2809,6.28295,1.16,1.34
2011.04.18 14:27:46.043,6.28107,6.28301,1.16,1.19
2011.04.18 14:27:46.153,6.28107,6.28301,1.16,1.19
2011.04.18 14:27:46.375,6.28124,6.28311,1.16,1.34
2011.04.18 14:27:49.783,6.28124,6.28319,1.16,1.34
2011.04.18 14:27:50.391,6.28119,6.28319,1.01,1.34
2011.04.18 14:27:51.604,6.28115,6.28296,1.16,1.34
2011.04.18 14:27:51.712,6.28086,6.28286,1.01,1.34
2011.04.18 14:27:52.262,6.28086,6.28299,1.01,1.68
2011.04.18 14:27:55.171,6.28086,6.2829,1.01,1.34
2011.04.18 14:27:59.412,6.28082,6.28272,1.16,1.19
2011.04.18 14:28:02.314,6.28065,6.28269,1.16,1.34
2011.04.18 14:28:03.811,6.28065,6.28246,1.16,1.34
2011.04.18 14:28:04.142,6.28065,6.28257,1.16,1.34
2011.04.18 14:28:09.423,6.28083,6.28264,1.16,1.19
2011.04.18 14:28:16.302,6.28098,6.28275,1.16,1.19
2011.04.18 14:28:16.634,6.28127,6.28324,1.01,1.19
2011.04.18 14:28:16.855,6.28165,6.28355,1.35,1.67
2011.04.18 14:28:16.962,6.28165,6.28364,1.35,1.19
2011.04.18 14:28:17.074,6.28162,6.28364,1.35,1.19
2011.04.18 14:28:17.676,6.28165,6.28364,1.35,1.19
2011.04.18 14:28:18.011,6.28178,6.28364,1.16,1.19
2011.04.18 14:28:20.894,6.28209,6.28404,1.16,1.19
2011.04.18 14:28:22.885,6.28237,6.28433,1.01,1.81
2011.04.18 14:28:22.996,6.28248,6.28432,1.16,1.67
2011.04.18 14:28:23.114,6.28276,6.28445,1.35,1.34
2011.04.18 14:28:23.443,6.28303,6.28494,1.01,1.34
2011.04.18 14:28:23.556,6.28307,6.28504,1.16,1.53
2011.04.18 14:28:23.673,6.28307,6.28504,1.91,1.19
2011.04.18 14:28:23.893,6.28307,6.28504,1.16,1.19
2011.04.18 14:28:24.442,6.28314,6.28504,1.16,1.19
2011.04.18 14:28:26.000,6.28338,6.28533,1.16,1.19
2011.04.18 14:28:26.112,6.28351,6.28533,1.16,1.19
2011.04.18 14:28:26.443,6.2834,6.28533,1.16,1.19
2011.04.18 14:28:26.942,6.2834,6.28533,1.16,1.19
2011.04.18 14:28:29.253,6.28343,6.28533,1.16,1.19
2011.04.18 14:28:29.361,6.28343,6.28533,1.16,1.19
2011.04.18 14:28:29.694,6.28334,6.28533,1.16,1.19
2011.04.18 14:28:29.804,6.28314,6.28496,1.16,1.19
2011.04.18 14:28:30.481,6.28302,6.28496,1.16,1.19
2011.04.18 14:28:33.423,6.28302,6.28481,1.16,1.19
2011.04.18 14:28:33.533,6.28297,6.28481,1.16,1.19
2011.04.18 14:28:33.756,6.28284,6.28465,1.16,1.19
2011.04.18 14:28:33.873,6.28263,6.28459,1.01,1.34
2011.04.18 14:28:34.202,6.28254,6.28435,1.16,1.19
2011.04.18 14:28:34.315,6.28246,6.28425,1.16,1.19
2011.04.18 14:28:34.951,6.28224,6.28425,1.01,1.19
2011.04.18 14:28:36.001,6.28224,6.28425,1.01,1.94
2011.04.18 14:28:36.332,6.28244,6.28431,1.16,1.19
2011.04.18 14:28:36.882,6.28244,6.28425,1.16,1.19
2011.04.18 14:28:38.976,6.28251,6.28455,1.16,1.34
2011.04.18 14:28:39.422,6.28269,6.28474,1.16,1.34
2011.04.18 14:28:42.202,6.28286,6.28491,1.16,1.68
2011.04.18 14:28:42.313,6.28286,6.28491,1.16,1.68
2011.04.18 14:28:42.643,6.28288,6.285,1.91,1.60
2011.04.18 14:28:42.754,6.28311,6.28525,1.16,1.34
2011.04.18 14:28:42.864,6.2833,6.28525,1.16,1.34
2011.04.18 14:28:51.302,6.28309,6.28523,1.50,1.27
2011.04.18 14:28:51.411,6.28288,6.28514,1.50,1.68
2011.04.18 14:28:55.392,6.28297,6.28503,1.50,1.34
2011.04.18 14:29:05.263,6.28299,6.28507,1.50,1.19
2011.04.18 14:29:05.372,6.28298,6.28507,1.50,1.19
2011.04.18 14:29:05.951,6.28298,6.28507,1.50,1.19
2011.04.18 14:29:06.342,6.28298,6.28507,1.50,1.19
2011.04.18 14:29:06.885,6.28298,6.28507,1.50,1.19
2011.04.18 14:29:07.257,6.28298,6.28507,1.50,1.19
2011.04.18 14:29:07.722,6.28307,6.28507,1.50,1.19
2011.04.18 14:29:10.522,6.28307,6.28507,1.50,1.19
2011.04.18 14:29:12.963,6.28297,6.28507,1.50,1.19
2011.04.18 14:29:14.292,6.28268,6.28475,1.50,1.19
2011.04.18 14:29:15.343,6.28254,6.28472,1.35,1.34
2011.04.18 14:29:15.892,6.28254,6.28458,1.35,1.34
2011.04.18 14:29:16.962,6.28254,6.28458,2.10,1.34
2011.04.18 14:29:17.292,6.28267,6.28473,1.50,1.27
2011.04.18 14:29:17.780,6.28308,6.28506,1.50,1.19
2011.04.18 14:29:18.992,6.2829,6.28494,1.50,1.34
2011.04.18 14:29:19.214,6.28248,6.28466,2.10,1.19
2011.04.18 14:29:19.652,6.28265,6.28466,1.50,1.19
2011.04.18 14:29:19.984,6.28267,6.2847,1.50,1.94
2011.04.18 14:29:20.422,6.2828,6.28495,1.35,1.68
2011.04.18 14:29:20.807,6.2828,6.28495,1.35,1.68
2011.04.18 14:29:22.163,6.28297,6.28501,1.50,1.53
2011.04.18 14:29:22.492,6.28337,6.28524,1.50,1.34
2011.04.18 14:29:23.042,6.28337,6.28528,1.50,1.19
2011.04.18 14:29:23.263,6.28347,6.2854,1.50,1.68
2011.04.18 14:29:24.552,6.28346,6.2855,1.50,1.68
2011.04.18 14:29:25.227,6.28358,6.28561,1.50,1.68
2011.04.18 14:29:25.674,6.28358,6.28561,1.50,1.68
2011.04.18 14:29:25.783,6.28358,6.28562,1.50,1.19
2011.04.18 14:29:25.894,6.28369,6.28562,1.50,1.19
2011.04.18 14:29:26.003,6.28368,6.28562,1.50,1.19
2011.04.18 14:29:28.223,6.28378,6.28569,1.50,1.19
2011.04.18 14:29:33.932,6.28378,6.28593,1.50,1.68
2011.04.18 14:29:34.262,6.28364,6.28569,1.50,1.19
2011.04.18 14:29:34.483,6.2835,6.28564,1.50,1.19
2011.04.18 14:29:35.201,6.28343,6.28562,1.35,1.34
2011.04.18 14:29:35.424,6.28318,6.28531,1.50,1.35
2011.04.18 14:29:35.533,6.28311,6.2853,1.35,1.19
2011.04.18 14:29:35.753,6.28311,6.2853,1.35,1.19
2011.04.18 14:29:36.302,6.28328,6.2853,1.50,1.19
2011.04.18 14:29:40.665,6.28288,6.28494,1.50,1.19
2011.04.18 14:29:41.552,6.28277,6.28494,1.50,1.19
2011.04.18 14:29:42.771,6.28291,6.28496,1.35,1.34
2011.04.18 14:29:42.993,6.28301,6.28505,1.35,1.34
2011.04.18 14:29:43.724,6.28317,6.28505,1.35,1.34
2011.04.18 14:29:44.602,6.28301,6.28505,1.35,1.34
2011.04.18 14:29:44.713,6.28301,6.28466,1.35,2.10
2011.04.18 14:29:47.961,6.28309,6.28471,2.10,1.19
2011.04.18 14:29:48.182,6.28317,6.28482,1.35,1.19
2011.04.18 14:29:48.292,6.28328,6.28488,1.35,1.19
2011.04.18 14:29:48.621,6.28328,6.28507,1.35,2.69
2011.04.18 14:29:51.172,6.28326,6.28509,1.50,1.19
2011.04.18 14:29:51.282,6.28317,6.28509,1.50,1.19
2011.04.18 14:29:51.503,6.28318,6.28501,1.50,1.10
2011.04.18 14:29:51.722,6.28316,6.28501,1.35,1.68
2011.04.18 14:29:52.501,6.28316,6.28501,1.35,1.68
2011.04.18 14:29:53.513,6.28312,6.28493,1.50,1.53
2011.04.18 14:29:54.232,6.28307,6.28493,1.50,1.53
2011.04.18 14:29:54.343,6.28303,6.28485,1.50,1.53
2011.04.18 14:29:54.954,6.28303,6.28485,1.50,1.53
2011.04.18 14:29:55.171,6.28303,6.28485,1.50,1.53
2011.04.18 14:29:56.191,6.28303,6.28485,1.50,1.53
2011.04.18 14:29:57.031,6.28303,6.28485,1.50,1.53
2011.04.18 14:29:57.982,6.28303,6.28485,1.50,1.53
2011.04.18 14:29:58.422,6.28297,6.28485,1.50,1.53
2011.04.18 14:29:58.753,6.28268,6.28474,1.50,2.45
2011.04.18 14:29:58.863,6.28268,6.28458,1.50,1.53
2011.04.18 14:29:59.195,6.28264,6.28447,1.35,1.53
2011.04.18 14:29:59.302,6.28263,6.28447,1.35,1.53
2011.04.18 14:30:00.104,6.28264,6.28447,1.35,1.53
2011.04.18 14:30:01.251,6.28267,6.28452,1.50,1.53
2011.04.18 14:30:01.583,6.28271,6.28452,1.50,1.53
2011.04.18 14:30:02.783,6.28278,6.28463,1.50,1.53
2011.04.18 14:30:03.223,6.28282,6.28463,1.50,1.53
2011.04.18 14:30:04.593,6.28303,6.28472,1.35,1.10
2011.04.18 14:30:04.922,6.28298,6.28484,1.35,1.53
2011.04.18 14:30:05.582,6.28303,6.28484,1.35,1.53
2011.04.18 14:30:06.879,6.28306,6.28486,1.50,1.70
2011.04.18 14:30:06.996,6.28306,6.28487,1.50,1.53
2011.04.18 14:30:16.543,6.28328,6.28511,1.35,1.68
2011.04.18 14:30:16.654,6.28334,6.28511,1.35,1.34
2011.04.18 14:30:16.763,6.28334,6.28519,1.35,1.53
2011.04.18 14:30:16.981,6.28354,6.28512,1.50,1.10
2011.04.18 14:30:18.052,6.2836,6.28512,1.35,1.10
2011.04.18 14:30:19.801,6.2836,6.28512,1.35,1.06
2011.04.18 14:30:20.682,6.2836,6.2854,1.35,1.53
2011.04.18 14:30:21.041,6.2836,6.2854,1.35,1.53
2011.04.18 14:30:21.151,6.2836,6.28512,1.35,1.06
2011.04.18 14:30:21.593,6.28357,6.28512,1.35,1.06
2011.04.18 14:30:21.703,6.2836,6.2854,1.35,1.53
2011.04.18 14:30:21.813,6.2836,6.2854,1.35,1.53
2011.04.18 14:30:21.923,6.28371,6.2855,1.50,1.19
2011.04.18 14:30:23.481,6.28371,6.2855,1.50,1.19
2011.04.18 14:30:23.591,6.28386,6.28567,1.35,1.53
2011.04.18 14:30:23.812,6.28388,6.28569,1.50,1.53
2011.04.18 14:30:25.814,6.28409,6.28584,1.35,1.68
2011.04.18 14:30:26.144,6.28413,6.28594,1.35,1.53
2011.04.18 14:30:26.363,6.28417,6.28602,1.35,1.10
2011.04.18 14:30:28.051,6.28439,6.28619,1.35,1.68
2011.04.18 14:30:28.384,6.28439,6.2862,1.35,1.19
2011.04.18 14:30:28.492,6.28447,6.28628,1.50,1.53
2011.04.18 14:30:28.996,6.28497,6.28628,1.16,1.19
2011.04.18 14:30:29.115,6.28541,6.28666,1.35,1.57
2011.04.18 14:30:29.224,6.28517,6.28647,1.50,1.19
2011.04.18 14:30:29.333,6.28497,6.28647,1.16,1.19
2011.04.18 14:30:29.442,6.28486,6.28665,1.01,1.34
2011.04.18 14:30:29.553,6.2848,6.28685,1.35,1.94
2011.04.18 14:30:30.542,6.28486,6.28685,1.35,1.94
2011.04.18 14:30:31.482,6.28486,6.28685,1.35,1.94
2011.04.18 14:30:31.813,6.28508,6.28679,1.35,1.19
2011.04.18 14:30:32.252,6.28508,6.28687,2.10,1.19
2011.04.18 14:30:33.843,6.28518,6.28687,1.35,1.19
2011.04.18 14:30:34.172,6.28518,6.28687,1.35,1.19
2011.04.18 14:30:34.564,6.28568,6.28712,1.35,1.34
2011.04.18 14:30:34.676,6.28575,6.28718,1.35,1.34
2011.04.18 14:30:34.794,6.28575,6.28736,1.35,1.19
2011.04.18 14:30:35.772,6.28597,6.28758,2.10,1.34
2011.04.18 14:30:36.102,6.28673,6.2878,2.10,1.34
2011.04.18 14:30:36.215,6.28673,6.28837,2.10,2.45
2011.04.18 14:30:36.334,6.28691,6.28842,2.10,2.45
2011.04.18 14:30:36.552,6.28706,6.28842,2.10,1.50
2011.04.18 14:30:37.227,6.28724,6.28852,2.10,2.74
2011.04.18 14:30:37.348,6.28714,6.28853,1.35,2.45
2011.04.18 14:30:37.905,6.28718,6.28852,1.35,2.45
2011.04.18 14:30:38.354,6.28709,6.28852,1.50,2.45
2011.04.18 14:30:38.466,6.28714,6.28852,1.35,2.85
2011.04.18 14:30:38.587,6.28697,6.28852,1.35,2.85
2011.04.18 14:30:38.706,6.28704,6.28852,1.35,1.34
2011.04.18 14:30:38.924,6.28704,6.28852,1.35,1.16
2011.04.18 14:30:39.035,6.28706,6.28852,1.50,1.16
2011.04.18 14:30:40.154,6.28727,6.28852,1.35,1.02
2011.04.18 14:30:40.487,6.28769,6.28882,1.50,1.68
2011.04.18 14:30:40.823,6.28757,6.28883,2.10,1.45
2011.04.18 14:30:40.936,6.28757,6.28883,2.10,1.45
2011.04.18 14:30:41.054,6.28757,6.28883,1.35,1.45
2011.04.18 14:30:41.493,6.28757,6.28873,2.10,1.24
2011.04.18 14:30:41.822,6.28762,6.28873,1.50,1.24
2011.04.18 14:30:43.189,6.28768,6.28873,1.50,1.24
2011.04.18 14:30:43.411,6.28761,6.28873,1.50,1.24
2011.04.18 14:30:44.103,6.28761,6.28872,1.50,1.24
2011.04.18 14:30:45.053,6.28757,6.28872,2.10,1.24
2011.04.18 14:30:45.163,6.28761,6.28872,1.50,1.24
2011.04.18 14:30:45.273,6.28818,6.28984,2.10,1.19
2011.04.18 14:30:45.493,6.28792,6.28923,1.35,1.50
2011.04.18 14:30:46.044,6.28787,6.28922,2.10,1.50
2011.04.18 14:30:46.813,6.28751,6.28901,1.35,2.10
2011.04.18 14:30:47.772,6.28753,6.28901,1.35,2.10
2011.04.18 14:30:48.102,6.28775,6.28902,1.35,1.50
2011.04.18 14:30:48.433,6.28757,6.28901,1.35,2.10
2011.04.18 14:30:48.992,6.28742,6.28901,2.10,2.10
2011.04.18 14:30:49.676,6.28782,6.28903,2.10,1.50
2011.04.18 14:30:50.124,6.28766,6.28902,1.35,1.50
2011.04.18 14:30:50.344,6.28788,6.28902,1.35,1.50
2011.04.18 14:30:50.455,6.28768,6.28903,2.85,1.50
2011.04.18 14:30:50.565,6.28792,6.28902,2.10,1.50
2011.04.18 14:30:51.134,6.28792,6.28903,2.10,1.50
2011.04.18 14:30:52.843,6.28775,6.28903,1.35,1.50
2011.04.18 14:30:52.953,6.28775,6.28901,1.50,2.10
2011.04.18 14:30:53.065,6.28778,6.28902,1.35,1.50
2011.04.18 14:30:53.175,6.28783,6.28903,2.10,1.50
2011.04.18 14:30:53.503,6.288,6.28903,2.10,1.50
2011.04.18 14:30:53.612,6.28778,6.28903,2.85,1.50
2011.04.18 14:30:53.943,6.28795,6.28903,2.10,1.50
2011.04.18 14:30:54.493,6.28778,6.28903,1.35,1.50
2011.04.18 14:30:55.045,6.28787,6.28903,1.01,1.50
2011.04.18 14:30:55.729,6.28823,6.28903,2.10,1.50
2011.04.18 14:30:55.842,6.28802,6.28903,2.10,1.50
2011.04.18 14:30:55.952,6.28823,6.28903,2.10,1.50
2011.04.18 14:30:56.062,6.28823,6.28912,2.10,4.05
2011.04.18 14:30:56.613,6.28823,6.28974,2.10,1.34
2011.04.18 14:30:56.833,6.28823,6.28985,2.10,1.34
2011.04.18 14:30:59.162,6.28823,6.28922,2.10,1.50
2011.04.18 14:31:00.419,6.28823,6.28912,2.10,1.95
2011.04.18 14:31:01.196,6.28823,6.28903,2.10,1.50
2011.04.18 14:31:01.313,6.28807,6.28903,1.35,1.50
2011.04.18 14:31:03.682,6.28807,6.28913,1.35,2.10
2011.04.18 14:31:04.538,6.2881,6.28913,1.35,2.46
2011.04.18 14:31:04.874,6.28812,6.28913,1.50,2.46
2011.04.18 14:31:06.303,6.28812,6.28913,1.50,3.92
2011.04.18 14:31:06.742,6.28827,6.28913,1.35,3.92
2011.04.18 14:31:06.851,6.28827,6.28913,1.35,3.55
2011.04.18 14:31:07.424,6.28821,6.28912,1.35,2.04
2011.04.18 14:31:08.693,6.28848,6.29053,1.35,1.34
2011.04.18 14:31:08.805,6.28849,6.29064,2.10,1.34
2011.04.18 14:31:08.913,6.28849,6.29064,2.10,1.34
2011.04.18 14:31:09.133,6.28858,6.29057,1.35,1.34
2011.04.18 14:31:10.063,6.28838,6.2904,1.91,1.34
2011.04.18 14:31:10.612,6.28838,6.2904,1.01,1.34
2011.04.18 14:31:11.501,6.28846,6.29026,1.35,1.34
2011.04.18 14:31:12.240,6.28838,6.29026,1.01,1.34
2011.04.18 14:31:14.193,6.28807,6.2901,1.50,1.34
2011.04.18 14:31:14.303,6.28798,6.29012,1.50,2.09
2011.04.18 14:31:14.854,6.28798,6.28988,1.35,1.34
2011.04.18 14:31:17.952,6.28807,6.28988,1.09,1.34
2011.04.18 14:31:18.613,6.28784,6.28988,1.41,1.34
2011.04.18 14:31:18.723,6.28784,6.28988,1.41,1.34
2011.04.18 14:31:18.943,6.28772,6.28967,1.61,1.34
2011.04.18 14:31:19.272,6.28764,6.28967,1.51,1.34
2011.04.18 14:31:20.163,6.28764,6.28967,1.34,1.34
2011.04.18 14:31:20.381,6.2876,6.28957,1.19,1.34
2011.04.18 14:31:20.712,6.2876,6.28957,1.09,1.34
2011.04.18 14:31:22.933,6.2876,6.28945,1.09,1.34
2011.04.18 14:31:23.263,6.28721,6.28945,1.10,1.34
2011.04.18 14:31:23.373,6.28718,6.2892,1.38,1.34
2011.04.18 14:31:23.812,6.28718,6.28911,1.24,1.34
2011.04.18 14:31:25.139,6.28706,6.28911,1.67,1.34
2011.04.18 14:31:25.257,6.28686,6.28865,1.10,1.34
2011.04.18 14:31:25.372,6.28668,6.28865,1.59,1.68
2011.04.18 14:31:25.483,6.28658,6.28863,1.35,1.68
2011.04.18 14:31:25.921,6.28658,6.28858,1.35,1.34
2011.04.18 14:31:27.052,6.2867,6.28865,1.35,1.68
2011.04.18 14:31:27.165,6.28677,6.28863,1.35,1.34
2011.04.18 14:31:27.493,6.28737,6.28921,1.35,1.68
2011.04.18 14:31:27.714,6.28727,6.28931,1.35,1.68
2011.04.18 14:31:27.827,6.2871,6.28931,1.65,1.68
2011.04.18 14:31:28.370,6.28707,6.28911,1.50,1.68
2011.04.18 14:31:29.042,6.28668,6.28862,1.35,1.68
2011.04.18 14:31:31.814,6.28653,6.28863,1.35,1.68
2011.04.18 14:31:32.377,6.28658,6.28871,1.35,1.68
2011.04.18 14:31:34.232,6.28696,6.28857,2.10,1.34
2011.04.18 14:31:34.561,6.28696,6.28895,2.10,1.34
2011.04.18 14:31:35.743,6.28696,6.28887,2.10,1.68
2011.04.18 14:31:35.963,6.28707,6.28934,1.91,1.34
2011.04.18 14:31:36.295,6.28707,6.28932,1.50,1.68
2011.04.18 14:31:36.511,6.28696,6.28932,1.47,1.68
2011.04.18 14:31:36.842,6.28696,6.28867,1.50,2.10
2011.04.18 14:31:37.628,6.28719,6.28899,1.50,2.45
2011.04.18 14:31:37.965,6.28719,6.28927,1.50,1.70
2011.04.18 14:31:38.183,6.28728,6.28923,1.50,1.70
2011.04.18 14:31:39.284,6.28744,6.28945,1.50,1.10
2011.04.18 14:31:39.503,6.28765,6.28961,1.50,1.70
2011.04.18 14:31:39.614,6.28765,6.28961,1.50,1.70
2011.04.18 14:31:40.952,6.28765,6.28947,1.50,1.35
2011.04.18 14:31:41.172,6.28721,6.28919,1.47,1.34
2011.04.18 14:31:41.612,6.28721,6.28902,1.35,1.10
2011.04.18 14:31:42.079,6.28721,6.28902,2.10,1.68
2011.04.18 14:31:42.201,6.28721,6.28919,2.10,1.34
2011.04.18 14:31:43.194,6.28721,6.28896,2.10,1.34
2011.04.18 14:31:43.417,6.28709,6.28889,1.35,1.34
2011.04.18 14:31:43.535,6.28688,6.28889,1.35,1.34
2011.04.18 14:31:44.745,6.28688,6.28877,1.35,1.34
2011.04.18 14:31:45.931,6.28665,6.28845,1.35,1.34
2011.04.18 14:31:46.046,6.28647,6.28845,1.35,1.34
2011.04.18 14:31:47.263,6.28637,6.28837,1.35,1.34
2011.04.18 14:31:47.707,6.28632,6.2881,2.10,1.34
2011.04.18 14:31:48.810,6.28624,6.28812,1.35,1.34
2011.04.18 14:31:49.143,6.28624,6.2881,1.35,1.68
2011.04.18 14:31:49.553,6.28617,6.28801,1.01,1.34
2011.04.18 14:31:50.272,6.28606,6.28737,1.16,2.10
2011.04.18 14:31:50.382,6.28581,6.28737,1.50,2.10
2011.04.18 14:31:50.492,6.28567,6.28737,1.35,2.10
2011.04.18 14:31:51.172,6.28572,6.28744,2.10,1.35
2011.04.18 14:31:51.283,6.28572,6.2874,2.10,2.10
2011.04.18 14:31:52.232,6.28579,6.28765,1.35,1.34
2011.04.18 14:31:52.564,6.2861,6.28813,1.35,1.34
2011.04.18 14:31:52.782,6.28609,6.28824,1.35,1.68
2011.04.18 14:31:52.891,6.28616,6.28824,1.35,1.68
2011.04.18 14:31:54.062,6.28608,6.28805,1.35,1.68
2011.04.18 14:31:54.982,6.28605,6.28803,1.35,1.68
2011.04.18 14:31:55.092,6.28605,6.28803,1.35,1.68
2011.04.18 14:31:55.313,6.28588,6.28791,1.35,1.68
2011.04.18 14:31:57.622,6.28605,6.28802,1.35,1.68
2011.04.18 14:31:57.732,6.28597,6.28802,1.35,1.68
2011.04.18 14:31:57.842,6.28597,6.28796,1.35,1.68
2011.04.18 14:31:58.064,6.28578,6.28796,1.50,1.68
2011.04.18 14:31:58.174,6.28578,6.28797,1.50,1.68
2011.04.18 14:31:58.284,6.28573,6.28778,1.50,1.19
2011.04.18 14:31:58.392,6.2856,6.28769,1.14,1.19
2011.04.18 14:31:58.503,6.28582,6.2877,1.35,1.34
2011.04.18 14:31:58.832,6.28566,6.28765,1.35,1.68
2011.04.18 14:32:00.933,6.28566,6.28747,1.35,1.34
2011.04.18 14:32:01.265,6.28504,6.28698,1.50,1.35
2011.04.18 14:32:01.374,6.28503,6.28688,1.50,1.34
2011.04.18 14:32:01.484,6.28479,6.28671,1.50,1.35
2011.04.18 14:32:01.593,6.28457,6.28637,1.27,1.34
2011.04.18 14:32:01.703,6.28437,6.28607,1.01,2.10
2011.04.18 14:32:01.924,6.28411,6.2859,1.16,1.19
2011.04.18 14:32:02.252,6.28353,6.28568,1.50,1.19
2011.04.18 14:32:03.456,6.28371,6.286,1.50,1.68
2011.04.18 14:32:04.123,6.28386,6.28612,1.50,1.53
2011.04.18 14:32:06.738,6.28366,6.28584,1.50,1.34
2011.04.18 14:32:06.964,6.28361,6.28584,1.50,1.34
2011.04.18 14:32:07.187,6.28357,6.2858,2.10,1.34
2011.04.18 14:32:07.522,6.28368,6.2859,1.50,1.34
2011.04.18 14:32:08.403,6.28376,6.28584,1.50,1.34
2011.04.18 14:32:08.623,6.28368,6.28584,1.50,1.34
2011.04.18 14:32:08.845,6.28368,6.28588,1.50,1.34
2011.04.18 14:32:09.063,6.28368,6.28588,1.50,1.34
2011.04.18 14:32:09.393,6.28375,6.28567,1.35,1.19
2011.04.18 14:32:09.942,6.28367,6.28567,1.76,1.19
2011.04.18 14:32:10.375,6.28382,6.28576,2.10,1.34
2011.04.18 14:32:11.046,6.2837,6.28567,1.35,1.19
2011.04.18 14:32:11.382,6.28368,6.28564,1.35,1.34
2011.04.18 14:32:16.945,6.2836,6.28541,1.16,1.19
2011.04.18 14:32:17.067,6.28332,6.28528,1.35,1.19
2011.04.18 14:32:19.781,6.28328,6.28537,1.16,1.34
2011.04.18 14:32:20.003,6.28332,6.28537,1.74,1.34
2011.04.18 14:32:20.223,6.28434,6.28697,1.21,1.19
2011.04.18 14:32:21.422,6.28446,6.28677,1.15,1.19
2011.04.18 14:32:21.863,6.28446,6.28677,1.15,1.19
2011.04.18 14:32:22.083,6.28456,6.28677,1.08,1.19
2011.04.18 14:32:22.193,6.28462,6.28677,1.05,1.19
2011.04.18 14:32:22.773,6.28458,6.28677,1.40,1.19
2011.04.18 14:32:23.103,6.28497,6.28696,1.10,1.19
2011.04.18 14:32:23.541,6.28497,6.28696,1.38,1.19
2011.04.18 14:32:23.762,6.28497,6.28696,1.33,1.19
2011.04.18 14:32:24.093,6.28497,6.28696,1.28,1.19
2011.04.18 14:32:24.642,6.28497,6.28696,1.29,1.19
2011.04.18 14:32:24.864,6.2854,6.2872,1.19,1.34
2011.04.18 14:32:25.085,6.28556,6.28746,1.09,1.19
2011.04.18 14:32:25.537,6.28588,6.28789,1.16,1.50
2011.04.18 14:32:25.661,6.28607,6.28816,1.42,1.34
2011.04.18 14:32:25.883,6.28607,6.28824,1.04,1.34
2011.04.18 14:32:26.104,6.28607,6.28816,1.10,1.34
2011.04.18 14:32:26.444,6.28597,6.28816,1.40,1.34
2011.04.18 14:32:26.773,6.28597,6.28809,1.45,1.34
2011.04.18 14:32:27.624,6.28597,6.28809,1.19,1.34
2011.04.18 14:32:29.638,6.28581,6.28809,1.24,1.34
2011.04.18 14:32:30.434,6.28581,6.28809,1.71,1.34
2011.04.18 14:32:30.542,6.28581,6.28793,1.71,1.34
2011.04.18 14:32:30.652,6.28581,6.28793,1.27,1.34
2011.04.18 14:32:30.763,6.28557,6.28798,1.28,1.68
2011.04.18 14:32:30.872,6.28557,6.28775,1.28,1.68
2011.04.18 14:32:31.732,6.28557,6.28775,1.27,1.68
2011.04.18 14:32:32.582,6.28568,6.28776,1.62,1.34
2011.04.18 14:32:32.693,6.28571,6.28789,1.13,1.34
2011.04.18 14:32:33.243,6.28578,6.28789,1.62,1.34
2011.04.18 14:32:33.352,6.28576,6.28798,1.88,1.34
2011.04.18 14:32:33.484,6.28578,6.28798,1.06,1.34
2011.04.18 14:32:34.593,6.28577,6.28798,1.19,1.34
2011.04.18 14:32:34.703,6.2865,6.28798,2.10,1.34
2011.04.18 14:32:34.923,6.28627,6.28827,1.05,1.34
2011.04.18 14:32:35.472,6.28638,6.28871,1.16,1.34
2011.04.18 14:32:35.582,6.28642,6.28871,1.62,1.34
2011.04.18 14:32:38.534,6.2863,6.28816,1.35,1.50
2011.04.18 14:32:38.961,6.28612,6.28809,1.35,1.68
2011.04.18 14:32:40.221,6.28589,6.28741,2.25,2.10
2011.04.18 14:32:40.443,6.28612,6.28816,1.35,1.68
2011.04.18 14:32:40.552,6.28622,6.28845,1.35,1.34
2011.04.18 14:32:43.164,6.28622,6.28836,1.35,1.34
2011.04.18 14:32:43.712,6.28609,6.28777,1.62,1.50
2011.04.18 14:32:44.349,6.28457,6.28702,1.16,1.50
2011.04.18 14:32:44.469,6.284,6.28632,1.16,2.25
2011.04.18 14:32:44.692,6.28348,6.28631,1.50,1.10
2011.04.18 14:32:45.873,6.28368,6.28568,1.50,2.45
2011.04.18 14:32:45.984,6.2834,6.28568,1.50,2.45
2011.04.18 14:32:46.313,6.28328,6.28568,1.50,2.45
2011.04.18 14:32:46.754,6.28345,6.28568,1.50,2.45
2011.04.18 14:32:47.414,6.28358,6.28568,1.50,2.45
2011.04.18 14:32:47.962,6.28372,6.28602,1.50,2.45
2011.04.18 14:32:48.415,6.28372,6.28602,1.50,2.45
2011.04.18 14:32:49.372,6.28372,6.28593,1.50,1.70
2011.04.18 14:32:49.483,6.28354,6.28593,1.50,1.70
2011.04.18 14:32:49.593,6.28354,6.28593,1.50,1.70
2011.04.18 14:32:51.204,6.28362,6.28603,1.50,5.45
2011.04.18 14:32:51.861,6.28371,6.28603,1.50,3.20
2011.04.18 14:32:53.722,6.28395,6.28615,1.16,1.35
2011.04.18 14:32:54.938,6.28408,6.28629,1.01,1.50
2011.04.18 14:32:55.273,6.2842,6.28613,1.16,1.35
2011.04.18 14:32:55.384,6.28407,6.28613,1.16,1.35
2011.04.18 14:32:55.493,6.28407,6.28604,1.16,1.35
2011.04.18 14:32:55.825,6.28388,6.28573,1.16,1.35
2011.04.18 14:32:55.933,6.28372,6.28573,1.62,1.35
2011.04.18 14:32:56.043,6.28368,6.28579,1.16,1.19
2011.04.18 14:32:57.161,6.28369,6.28579,1.16,1.19
2011.04.18 14:32:59.163,6.28353,6.28555,1.16,1.19
2011.04.18 14:32:59.728,6.28337,6.28543,1.16,1.34
2011.04.18 14:32:59.954,6.28329,6.28531,1.01,1.19
2011.04.18 14:33:00.066,6.28322,6.28503,1.16,1.19
2011.04.18 14:33:00.404,6.28313,6.28501,1.16,1.19
2011.04.18 14:33:03.493,6.28332,6.28532,1.16,1.94
2011.04.18 14:33:03.934,6.28314,6.28502,1.16,1.19
2011.04.18 14:33:04.153,6.28314,6.28502,1.16,1.19
2011.04.18 14:33:04.733,6.28321,6.28502,1.16,1.19
2011.04.18 14:33:05.092,6.28327,6.28525,1.01,1.34
2011.04.18 14:33:05.834,6.28374,6.28525,2.10,1.34
2011.04.18 14:33:06.056,6.28408,6.28592,1.16,2.84
2011.04.18 14:33:06.173,6.28436,6.28622,1.01,1.34
2011.04.18 14:33:06.392,6.28436,6.28638,1.01,1.34
2011.04.18 14:33:06.723,6.28436,6.28644,1.01,1.19
2011.04.18 14:33:09.978,6.28471,6.28674,1.16,1.19
2011.04.18 14:33:10.314,6.28472,6.28674,1.16,1.19
2011.04.18 14:33:10.861,6.28486,6.28674,1.16,1.19
2011.04.18 14:33:12.872,6.28487,6.28674,1.16,1.19
2011.04.18 14:33:13.202,6.28497,6.28674,1.16,1.19
2011.04.18 14:33:13.315,6.28502,6.28693,1.01,1.34
2011.04.18 14:33:14.633,6.28502,6.28706,1.01,1.19
2011.04.18 14:33:14.962,6.28627,6.28705,2.10,1.34
2011.04.18 14:33:15.072,6.28627,6.28755,2.10,1.10
2011.04.18 14:33:15.183,6.28627,6.28873,2.10,1.47
2011.04.18 14:33:18.562,6.28668,6.28893,1.31,1.34
2011.04.18 14:33:18.782,6.28673,6.28912,1.19,1.68
2011.04.18 14:33:20.364,6.28674,6.289,1.02,1.34
2011.04.18 14:33:20.693,6.28668,6.2888,1.01,1.50
2011.04.18 14:33:21.032,6.28667,6.28822,2.10,1.10
2011.04.18 14:33:22.161,6.28667,6.28822,2.10,1.10
2011.04.18 14:33:24.977,6.28667,6.28828,2.10,1.10
2011.04.18 14:33:25.092,6.28667,6.28822,2.10,1.10
2011.04.18 14:33:25.206,6.28627,6.28813,2.23,1.50
2011.04.18 14:33:25.434,6.28627,6.28801,2.10,1.10
2011.04.18 14:33:25.873,6.28627,6.28811,2.10,1.50
2011.04.18 14:33:25.982,6.28627,6.28813,2.10,1.10
2011.04.18 14:33:26.092,6.28627,6.28805,2.10,1.34
2011.04.18 14:33:26.423,6.28627,6.28811,2.10,1.34
2011.04.18 14:33:26.538,6.28627,6.28805,2.10,1.34
2011.04.18 14:33:28.462,6.28627,6.28813,2.10,2.43
2011.04.18 14:33:28.682,6.28627,6.28813,2.10,1.68
2011.04.18 14:33:29.151,6.28627,6.28807,2.10,1.34
2011.04.18 14:33:30.023,6.28627,6.28806,2.10,1.50
2011.04.18 14:33:30.352,6.28627,6.28783,2.10,1.10
2011.04.18 14:33:31.552,6.28627,6.28783,2.10,1.10
2011.04.18 14:33:31.773,6.28627,6.28796,2.10,1.34
2011.04.18 14:33:32.983,6.28601,6.28803,1.50,1.10
2011.04.18 14:33:33.093,6.28601,6.28804,1.50,1.53
2011.04.18 14:33:33.642,6.28601,6.28804,1.50,1.19
2011.04.18 14:33:39.274,6.28601,6.28801,1.50,4.85
2011.04.18 14:33:39.492,6.28543,6.28748,1.35,1.68
2011.04.18 14:33:42.032,6.28519,6.28748,1.50,1.68
2011.04.18 14:33:42.252,6.28495,6.28724,1.65,1.68
2011.04.18 14:33:42.362,6.2851,6.28724,1.16,1.34
2011.04.18 14:33:42.722,6.2851,6.28714,1.16,1.34
2011.04.18 14:33:46.982,6.28568,6.28764,1.01,1.34
2011.04.18 14:33:47.202,6.28568,6.28772,1.01,1.34
2011.04.18 14:33:47.534,6.28569,6.2878,1.35,1.34
2011.04.18 14:33:47.643,6.28611,6.28784,1.17,1.34
2011.04.18 14:33:47.861,6.28611,6.28797,1.17,1.34
2011.04.18 14:33:47.972,6.28622,6.28797,1.13,1.34
2011.04.18 14:33:48.546,6.2861,6.28797,1.01,1.34
2011.04.18 14:33:49.123,6.28608,6.28797,1.51,1.72
2011.04.18 14:33:50.810,6.28661,6.28911,1.52,1.34
2011.04.18 14:33:50.924,6.28662,6.28911,1.67,1.34
2011.04.18 14:33:51.035,6.28671,6.28911,1.17,1.34
2011.04.18 14:33:51.362,6.28687,6.28911,1.25,1.34
2011.04.18 14:33:52.692,6.28692,6.289,1.22,1.68
2011.04.18 14:33:52.802,6.28699,6.289,1.69,1.68
2011.04.18 14:33:52.913,6.28723,6.28959,1.50,1.68
2011.04.18 14:33:53.242,6.28748,6.28959,1.62,1.68
2011.04.18 14:33:54.472,6.28747,6.28952,1.25,1.68
2011.04.18 14:33:54.582,6.28729,6.28952,1.50,1.68
2011.04.18 14:33:55.244,6.28727,6.28943,1.35,1.68
2011.04.18 14:33:56.414,6.28729,6.28953,1.50,1.53
2011.04.18 14:33:56.852,6.28747,6.28953,1.50,1.53
2011.04.18 14:33:58.312,6.28727,6.28934,1.35,1.68
2011.04.18 14:33:58.423,6.28727,6.28889,1.35,1.50
2011.04.18 14:33:58.642,6.28727,6.28945,1.35,1.68
2011.04.18 14:33:58.752,6.28746,6.28953,1.50,1.53
2011.04.18 14:34:01.524,6.28746,6.28913,1.50,1.10
2011.04.18 14:34:01.634,6.28727,6.28892,1.35,1.10
2011.04.18 14:34:02.125,6.28741,6.28895,1.35,1.10
2011.04.18 14:34:04.663,6.28741,6.28892,1.35,1.10
2011.04.18 14:34:05.233,6.28741,6.28892,1.35,1.10
2011.04.18 14:34:05.456,6.28736,6.28893,1.35,1.10
2011.04.18 14:34:05.576,6.28736,6.28853,1.35,1.50
2011.04.18 14:34:05.695,6.2873,6.28834,1.35,1.50
2011.04.18 14:34:05.804,6.28702,6.2884,2.10,1.50
2011.04.18 14:34:06.247,6.28702,6.2884,2.10,1.50
2011.04.18 14:34:07.246,6.28702,6.28827,2.10,1.50
2011.04.18 14:34:07.365,6.28667,6.28816,2.10,2.25
2011.04.18 14:34:07.582,6.28667,6.28812,2.10,1.50
2011.04.18 14:34:07.694,6.28667,6.28812,2.10,1.50
2011.04.18 14:34:08.813,6.28667,6.28823,2.10,1.10
2011.04.18 14:34:09.145,6.28667,6.28823,2.10,1.10
2011.04.18 14:34:10.403,6.28667,6.28802,2.10,1.50
2011.04.18 14:34:11.284,6.28667,6.28807,2.10,1.50
2011.04.18 14:34:11.723,6.28667,6.28807,2.10,1.50
2011.04.18 14:34:13.675,6.28667,6.28815,2.10,1.50
2011.04.18 14:34:13.782,6.28712,6.28829,2.10,1.10
2011.04.18 14:34:14.112,6.28712,6.28823,2.10,1.10
2011.04.18 14:34:14.774,6.28662,6.28823,1.35,1.10
2011.04.18 14:34:15.373,6.28662,6.28832,1.35,1.50
2011.04.18 14:34:15.593,6.28672,6.28843,1.35,1.10
2011.04.18 14:34:15.702,6.28672,6.28843,1.35,1.10
2011.04.18 14:34:17.044,6.28648,6.28843,1.50,1.85
2011.04.18 14:34:17.264,6.28644,6.28829,1.50,1.70
2011.04.18 14:34:17.483,6.28567,6.28789,1.50,1.68
2011.04.18 14:34:17.592,6.28571,6.28789,1.50,1.68
2011.04.18 14:34:18.032,6.28577,6.28803,1.50,2.43
2011.04.18 14:34:19.035,6.28587,6.28782,1.35,1.68
2011.04.18 14:34:19.762,6.28611,6.28816,1.35,1.68
2011.04.18 14:34:21.154,6.28612,6.28816,1.50,1.68
2011.04.18 14:34:21.705,6.28618,6.28832,1.50,1.68
2011.04.18 14:34:23.252,6.28628,6.28845,1.50,1.68
2011.04.18 14:34:23.583,6.28628,6.28845,1.50,1.68
2011.04.18 14:34:24.612,6.28651,6.28834,1.50,1.73
2011.04.18 14:34:25.384,6.28651,6.28835,1.50,1.65
2011.04.18 14:34:27.402,6.28651,6.28835,1.50,1.65
2011.04.18 14:34:27.744,6.28648,6.28835,1.50,1.65
2011.04.18 14:34:28.593,6.28651,6.28834,1.50,1.33
2011.04.18 14:34:28.923,6.28658,6.2885,1.50,1.03
2011.04.18 14:34:29.883,6.28662,6.2885,1.50,1.01
2011.04.18 14:34:30.662,6.28668,6.28863,1.50,1.02
2011.04.18 14:34:30.883,6.28672,6.28863,1.50,1.08
2011.04.18 14:34:31.633,6.28728,6.2891,1.35,1.72
2011.04.18 14:34:33.214,6.28748,6.28933,1.35,1.04
2011.04.18 14:34:33.543,6.28761,6.28951,1.50,1.08
2011.04.18 14:34:34.494,6.28761,6.28951,1.50,1.05
2011.04.18 14:34:34.932,6.28761,6.28952,1.50,1.01
2011.04.18 14:34:35.684,6.28757,6.28951,1.50,1.07
2011.04.18 14:34:36.154,6.28743,6.28924,1.35,1.04
2011.04.18 14:34:38.814,6.28743,6.28931,1.35,1.04
2011.04.18 14:34:40.181,6.28748,6.2894,1.35,1.14
2011.04.18 14:34:40.295,6.28757,6.2894,1.50,1.05
2011.04.18 14:34:40.844,6.28749,6.28938,1.50,1.05
2011.04.18 14:34:40.953,6.28749,6.2893,1.50,1.07
2011.04.18 14:34:41.065,6.28748,6.2893,1.35,1.07
2011.04.18 14:34:41.173,6.28749,6.2893,1.50,1.07
2011.04.18 14:34:41.397,6.28749,6.28935,1.50,1.02
2011.04.18 14:34:41.515,6.28757,6.28945,1.50,1.10
2011.04.18 14:34:41.847,6.28766,6.28945,1.50,1.04
2011.04.18 14:34:42.403,6.28758,6.28955,1.50,1.12
2011.04.18 14:34:43.443,6.28748,6.28933,1.35,1.07
2011.04.18 14:34:47.653,6.28748,6.2893,1.35,1.05
2011.04.18 14:34:48.204,6.28748,6.2893,1.35,1.04
2011.04.18 14:34:48.791,6.28708,6.28913,1.50,1.68
2011.04.18 14:34:48.906,6.287,6.28883,1.35,1.05
2011.04.18 14:34:49.453,6.28701,6.28882,1.35,1.01
2011.04.18 14:34:49.892,6.28703,6.28882,1.35,1.07
2011.04.18 14:34:50.563,6.28701,6.28879,1.35,1.21
2011.04.18 14:34:51.452,6.287,6.28879,1.35,1.30
2011.04.18 14:34:52.753,6.287,6.28877,1.35,1.16
2011.04.18 14:34:53.391,6.28665,6.28858,1.35,1.46
2011.04.18 14:34:53.508,6.28664,6.28845,1.50,1.45
2011.04.18 14:34:53.732,6.28665,6.28855,1.50,1.17
2011.04.18 14:34:54.063,6.28654,6.28839,2.10,1.14
2011.04.18 14:34:54.172,6.28654,6.28834,2.10,1.50
2011.04.18 14:34:54.543,6.28655,6.28834,1.50,1.50
2011.04.18 14:34:54.876,6.28655,6.28831,1.50,1.16
2011.04.18 14:34:55.092,6.28664,6.28845,1.50,1.09
2011.04.18 14:34:55.884,6.28664,6.28845,1.50,1.09
2011.04.18 14:34:56.103,6.28666,6.28834,1.50,1.23
2011.04.18 14:34:59.033,6.28656,6.28834,1.50,1.18
2011.04.18 14:34:59.142,6.28656,6.28832,1.50,1.23
2011.04.18 14:34:59.876,6.28654,6.28837,1.35,1.16
2011.04.18 14:35:00.752,6.28654,6.28832,1.35,1.02
2011.04.18 14:35:01.519,6.28654,6.28832,1.35,1.09
2011.04.18 14:35:05.565,6.28641,6.288,1.50,1.17
2011.04.18 14:35:05.673,6.28641,6.28799,1.50,1.16
2011.04.18 14:35:06.223,6.28638,6.2881,1.50,1.21
2011.04.18 14:35:06.334,6.28638,6.2881,1.50,1.21
2011.04.18 14:35:06.446,6.28638,6.28821,1.50,1.24
2011.04.18 14:35:07.832,6.28648,6.28821,1.50,1.24
2011.04.18 14:35:11.388,6.28677,6.28822,1.35,1.25
2011.04.18 14:35:11.508,6.28677,6.28823,1.35,1.09
2011.04.18 14:35:11.625,6.28685,6.28833,1.50,1.16
2011.04.18 14:35:11.954,6.28709,6.28881,1.35,1.08
2011.04.18 14:35:12.172,6.28709,6.28872,1.35,1.26
2011.04.18 14:35:13.675,6.28709,6.28871,1.35,1.05
2011.04.18 14:35:14.873,6.28699,6.28862,1.50,1.06
2011.04.18 14:35:14.985,6.28685,6.28862,1.50,1.06
2011.04.18 14:35:15.094,6.28681,6.28833,1.50,1.01
2011.04.18 14:35:15.728,6.28664,6.28833,1.35,1.01
2011.04.18 14:35:15.849,6.2865,6.28831,1.35,1.13
2011.04.18 14:35:15.966,6.2865,6.28825,1.35,1.18
2011.04.18 14:35:16.186,6.28623,6.28802,2.10,1.18
2011.04.18 14:35:16.305,6.28623,6.28802,1.50,1.18
2011.04.18 14:35:16.417,6.286,6.28783,1.50,1.31
2011.04.18 14:35:16.536,6.28599,6.28778,1.50,1.40
2011.04.18 14:35:16.753,6.28597,6.2877,1.50,1.05
2011.04.18 14:35:17.193,6.28599,6.28778,2.25,1.28
2011.04.18 14:35:17.524,6.28626,6.2879,1.35,1.05
2011.04.18 14:35:17.633,6.28626,6.28799,1.35,1.24
2011.04.18 14:35:19.517,6.28579,6.28774,1.50,1.33
2011.04.18 14:35:19.635,6.28579,6.28745,1.50,1.10
2011.04.18 14:35:20.152,6.28578,6.28737,1.50,1.11
2011.04.18 14:35:20.262,6.28578,6.28737,1.50,1.11
2011.04.18 14:35:23.308,6.28578,6.28726,1.50,1.07
2011.04.18 14:35:23.903,6.28578,6.28737,1.50,1.02
2011.04.18 14:35:24.671,6.28578,6.28745,1.50,1.05
2011.04.18 14:35:25.563,6.28572,6.28745,1.50,1.05
2011.04.18 14:35:25.674,6.28572,6.28754,1.50,1.11
2011.04.18 14:35:28.675,6.28578,6.28754,1.50,1.11
2011.04.18 14:35:28.785,6.28568,6.28754,1.50,1.11
2011.04.18 14:35:31.922,6.28577,6.28745,1.50,1.14
2011.04.18 14:35:32.744,6.28566,6.28736,1.50,1.07
2011.04.18 14:35:33.075,6.28549,6.2873,1.50,1.59
2011.04.18 14:35:33.185,6.28549,6.2873,1.35,1.59
2011.04.18 14:35:33.294,6.28553,6.28723,1.35,1.03
2011.04.18 14:35:33.879,6.28553,6.28713,1.35,1.09
2011.04.18 14:35:34.323,6.28553,6.28712,1.35,1.05
2011.04.18 14:35:35.273,6.28553,6.28713,1.35,1.10
2011.04.18 14:35:35.902,6.28553,6.28727,1.35,1.26
2011.04.18 14:35:37.835,6.28561,6.28741,1.35,1.24
2011.04.18 14:35:40.833,6.28551,6.28732,1.35,1.05
2011.04.18 14:35:43.272,6.28554,6.28709,1.35,1.02
2011.04.18 14:35:43.493,6.28554,6.28717,1.35,1.06
2011.04.18 14:35:44.046,6.28561,6.28707,1.35,1.07
2011.04.18 14:35:44.615,6.28561,6.28716,1.35,1.08
2011.04.18 14:35:45.124,6.28561,6.28709,1.35,1.08
2011.04.18 14:35:45.234,6.28557,6.28709,1.35,1.08
2011.04.18 14:35:45.562,6.28557,6.28702,1.35,1.11
2011.04.18 14:35:46.045,6.28535,6.28702,1.50,1.11
2011.04.18 14:35:47.223,6.28532,6.28702,1.50,1.08
2011.04.18 14:35:47.897,6.28532,6.28707,1.50,1.02
2011.04.18 14:35:48.018,6.28521,6.28714,1.50,1.28
2011.04.18 14:35:48.354,6.28503,6.28705,1.50,1.58
2011.04.18 14:35:48.686,6.28503,6.28694,1.50,1.45
2011.04.18 14:35:50.084,6.28482,6.28706,1.50,1.53
2011.04.18 14:35:50.194,6.28506,6.28709,1.50,1.68
2011.04.18 14:35:50.413,6.28512,6.28739,1.50,1.34
2011.04.18 14:35:50.523,6.28513,6.28739,1.50,1.34
2011.04.18 14:35:50.964,6.28501,6.28723,1.35,1.68
2011.04.18 14:35:51.075,6.28501,6.28723,1.35,1.68
2011.04.18 14:35:51.701,6.28497,6.28721,1.50,1.19
2011.04.18 14:35:51.819,6.28507,6.28721,1.50,1.19
2011.04.18 14:35:52.373,6.28518,6.28721,1.50,1.19
2011.04.18 14:35:52.592,6.28518,6.28721,1.50,1.19
2011.04.18 14:35:52.924,6.28509,6.28714,1.50,1.34
2011.04.18 14:35:53.252,6.28508,6.28714,1.50,1.34
2011.04.18 14:35:55.942,6.28485,6.28643,1.50,2.10
2011.04.18 14:35:56.163,6.28485,6.28643,1.50,2.10
2011.04.18 14:35:56.795,6.28466,6.28681,1.50,1.68
2011.04.18 14:35:57.016,6.28421,6.28584,1.50,2.10
2011.04.18 14:35:57.133,6.28416,6.28584,1.35,2.10
2011.04.18 14:35:57.685,6.28411,6.28584,1.35,2.10
2011.04.18 14:36:00.803,6.28388,6.28545,1.35,2.10
2011.04.18 14:36:00.913,6.28389,6.28552,2.10,1.19
2011.04.18 14:36:01.243,6.28375,6.28552,1.01,1.19
2011.04.18 14:36:01.353,6.28371,6.28552,1.35,1.19
2011.04.18 14:36:03.183,6.28357,6.28543,1.50,2.10
2011.04.18 14:36:03.513,6.28357,6.28536,1.50,1.53
2011.04.18 14:36:04.394,6.28357,6.28541,1.35,1.53
2011.04.18 14:36:04.612,6.28369,6.28555,1.35,1.53
2011.04.18 14:36:07.085,6.28352,6.2853,1.50,2.10
2011.04.18 14:36:07.193,6.2833,6.2853,1.35,2.10
2011.04.18 14:36:07.882,6.28368,6.28555,1.50,2.45
2011.04.18 14:36:08.325,6.28368,6.28555,1.50,2.45
2011.04.18 14:36:08.764,6.28365,6.28507,1.35,2.10
2011.04.18 14:36:08.872,6.28358,6.28507,1.35,2.10
2011.04.18 14:36:09.793,6.28335,6.28495,1.35,2.10
2011.04.18 14:36:10.013,6.28334,6.28514,1.35,1.19
2011.04.18 14:36:10.864,6.2831,6.28439,1.50,2.10
2011.04.18 14:36:10.976,6.28262,6.28439,1.50,2.10
2011.04.18 14:36:11.466,6.28244,6.28434,1.35,1.19
2011.04.18 14:36:11.917,6.28273,6.28452,2.10,1.19
2011.04.18 14:36:12.145,6.28317,6.28487,1.35,1.35
2011.04.18 14:36:12.254,6.28317,6.28494,1.35,1.19
2011.04.18 14:36:12.473,6.28326,6.28494,1.35,1.19
2011.04.18 14:36:12.914,6.28324,6.28503,1.35,1.19
2011.04.18 14:36:13.903,6.28326,6.28503,1.35,1.19
2011.04.18 14:36:14.232,6.28324,6.28503,1.35,1.19
2011.04.18 14:36:14.343,6.28324,6.28477,1.35,1.44
2011.04.18 14:36:14.672,6.28324,6.28487,1.35,1.24
2011.04.18 14:36:15.348,6.28324,6.28482,1.35,1.20
2011.04.18 14:36:15.578,6.28324,6.28483,1.35,1.31
2011.04.18 14:36:15.807,6.28297,6.28471,1.50,1.03
2011.04.18 14:36:15.923,6.28297,6.28465,1.50,1.20
2011.04.18 14:36:16.252,6.28295,6.28458,1.35,1.09
2011.04.18 14:36:17.018,6.28295,6.28458,1.35,1.05
2011.04.18 14:36:17.355,6.28284,6.28458,1.35,1.04
2011.04.18 14:36:17.574,6.28284,6.28458,1.35,1.52
2011.04.18 14:36:18.113,6.28284,6.28458,1.35,1.37
2011.04.18 14:36:19.392,6.28276,6.28446,1.35,1.16
2011.04.18 14:36:19.502,6.28276,6.28438,1.35,1.05
2011.04.18 14:36:19.613,6.28272,6.28438,1.35,1.05
2011.04.18 14:36:22.953,6.28272,6.28449,1.35,1.04
2011.04.18 14:36:23.063,6.28276,6.2845,1.35,1.06
2011.04.18 14:36:23.284,6.28308,6.28473,1.35,1.16
2011.04.18 14:36:23.503,6.28317,6.2849,1.35,1.20
2011.04.18 14:36:23.613,6.28327,6.2849,1.35,1.08
2011.04.18 14:36:23.943,6.28327,6.28494,1.35,1.05
2011.04.18 14:36:24.053,6.28329,6.28494,1.35,1.05
2011.04.18 14:36:24.383,6.28338,6.28512,1.35,1.72
2011.04.18 14:36:26.095,6.28338,6.28512,1.35,1.63
2011.04.18 14:36:26.638,6.28329,6.28502,2.10,1.34
2011.04.18 14:36:27.022,6.28327,6.28485,1.35,1.14
2011.04.18 14:36:27.574,6.28352,6.28505,2.10,1.69
2011.04.18 14:36:27.903,6.28352,6.28523,2.10,1.03
2011.04.18 14:36:28.234,6.28277,6.28441,1.16,2.10
2011.04.18 14:36:28.343,6.28243,6.28441,1.35,2.10
2011.04.18 14:36:28.453,6.28243,6.28437,1.50,1.26
2011.04.18 14:36:28.563,6.28227,6.28437,1.16,1.21
2011.04.18 14:36:28.783,6.28221,6.28437,1.35,1.09
2011.04.18 14:36:29.224,6.28228,6.28428,1.16,1.08
2011.04.18 14:36:29.333,6.28222,6.28408,1.16,1.08
2011.04.18 14:36:29.443,6.28222,6.28439,1.16,2.49
2011.04.18 14:36:30.213,6.28214,6.28439,1.01,2.43
2011.04.18 14:36:30.886,6.28212,6.28368,1.16,1.04
2011.04.18 14:36:31.553,6.28203,6.28377,1.16,1.03
2011.04.18 14:36:32.367,6.28232,6.2837,1.35,1.04
2011.04.18 14:36:32.592,6.28232,6.28394,1.35,1.06
2011.04.18 14:36:33.322,6.28232,6.28403,1.35,1.07
2011.04.18 14:36:34.662,6.28235,6.28394,1.35,1.01
2011.04.18 14:36:36.514,6.28235,6.28404,1.35,1.02
2011.04.18 14:36:37.062,6.2825,6.28393,2.10,1.07
2011.04.18 14:36:41.034,6.28238,6.28383,1.35,1.43
2011.04.18 14:36:41.362,6.28224,6.28376,2.10,1.05
2011.04.18 14:36:41.803,6.28227,6.28375,1.35,1.04
2011.04.18 14:36:44.439,6.28238,6.28375,1.35,1.04
2011.04.18 14:36:44.783,6.28247,6.28403,1.35,1.05
2011.04.18 14:36:47.173,6.28242,6.28394,2.10,1.03
2011.04.18 14:36:48.237,6.28242,6.28394,2.10,1.03
2011.04.18 14:36:49.164,6.28242,6.28394,2.10,1.03
2011.04.18 14:36:52.536,6.28208,6.28348,1.50,1.35
2011.04.18 14:36:52.656,6.28206,6.28338,1.50,1.35
2011.04.18 14:36:52.764,6.28188,6.2833,1.01,1.53
2011.04.18 14:36:52.874,6.28184,6.28316,1.35,1.04
2011.04.18 14:36:56.340,6.28168,6.28316,1.35,1.04
2011.04.18 14:36:56.784,6.28147,6.28316,1.35,1.04
2011.04.18 14:36:56.894,6.28137,6.28312,1.50,1.05
2011.04.18 14:36:57.003,6.28133,6.28312,1.50,1.05
2011.04.18 14:36:57.223,6.28126,6.28302,1.35,1.02
2011.04.18 14:36:57.443,6.28126,6.28288,1.35,1.05
2011.04.18 14:36:57.953,6.28126,6.28291,1.35,1.03
2011.04.18 14:37:00.284,6.28142,6.28321,1.35,1.52
2011.04.18 14:37:00.612,6.28168,6.28322,1.35,1.02
2011.04.18 14:37:01.413,6.28168,6.28323,1.35,1.05
2011.04.18 14:37:01.745,6.28168,6.28327,1.35,1.01
2011.04.18 14:37:01.853,6.28168,6.28343,1.35,1.08
2011.04.18 14:37:01.962,6.28168,6.28333,1.35,1.04
2011.04.18 14:37:02.183,6.28168,6.28333,1.35,1.04
2011.04.18 14:37:07.382,6.28168,6.28353,1.35,1.58
2011.04.18 14:37:07.754,6.28168,6.28322,1.35,1.03
2011.04.18 14:37:07.973,6.28141,6.28321,1.35,1.52
2011.04.18 14:37:08.194,6.28124,6.28293,1.35,1.07
2011.04.18 14:37:08.303,6.28124,6.28286,1.35,1.01
2011.04.18 14:37:08.523,6.28118,6.28286,1.50,1.01
2011.04.18 14:37:09.122,6.28118,6.28286,1.50,1.01
2011.04.18 14:37:09.782,6.28125,6.28286,1.50,1.01
2011.04.18 14:37:11.313,6.28117,6.28286,1.50,1.01
2011.04.18 14:37:11.422,6.28125,6.28286,1.50,1.01
2011.04.18 14:37:11.753,6.28142,6.28313,1.35,1.57
2011.04.18 14:37:12.084,6.28142,6.28313,1.35,1.57
2011.04.18 14:37:12.413,6.28152,6.2832,1.50,1.51
2011.04.18 14:37:12.522,6.28168,6.28324,1.35,1.01
2011.04.18 14:37:13.683,6.28168,6.28324,2.10,1.01
2011.04.18 14:37:13.792,6.28168,6.28352,2.10,1.51
2011.04.18 14:37:14.061,6.28168,6.28352,2.10,1.19
2011.04.18 14:37:14.976,6.28162,6.28352,1.35,1.19
2011.04.18 14:37:19.573,6.28139,6.28343,1.50,1.53
2011.04.18 14:37:19.794,6.28137,6.28321,1.35,1.19
2011.04.18 14:37:21.160,6.28137,6.28331,2.10,1.53
2011.04.18 14:37:21.495,6.28151,6.28342,1.35,1.53
2011.04.18 14:37:23.454,6.28135,6.28332,1.50,1.70
2011.04.18 14:37:23.564,6.28135,6.28326,1.50,1.53
2011.04.18 14:37:23.783,6.28127,6.28312,1.35,1.19
2011.04.18 14:37:24.664,6.28137,6.28338,1.35,1.53
2011.04.18 14:37:24.993,6.28138,6.28338,1.35,1.53
2011.04.18 14:37:25.322,6.28138,6.28338,1.35,1.53
2011.04.18 14:37:27.043,6.28138,6.28338,1.35,1.53
2011.04.18 14:37:30.414,6.2815,6.28338,1.35,1.53
2011.04.18 14:37:30.965,6.28128,6.28331,2.10,1.53
2011.04.18 14:37:31.369,6.28128,6.28307,2.10,1.19
2011.04.18 14:37:31.703,6.28128,6.2832,2.10,1.19
2011.04.18 14:37:32.394,6.28138,6.28338,1.35,1.53
2011.04.18 14:37:32.506,6.28148,6.28338,1.35,1.53
2011.04.18 14:37:33.523,6.28155,6.28338,1.35,1.53
2011.04.18 14:37:35.025,6.28157,6.28338,1.50,1.53
2011.04.18 14:37:41.055,6.28155,6.28338,1.35,1.53
2011.04.18 14:37:42.005,6.28157,6.28338,1.50,1.53
2011.04.18 14:37:42.663,6.28155,6.28338,1.35,1.53
2011.04.18 14:37:43.213,6.28157,6.28338,1.50,1.53
2011.04.18 14:37:43.983,6.28155,6.28338,1.35,1.53
2011.04.18 14:37:45.856,6.28155,6.28345,1.35,1.53
2011.04.18 14:37:48.785,6.28157,6.28345,1.50,1.53
2011.04.18 14:38:06.612,6.28164,6.28345,1.50,1.53
2011.04.18 14:38:07.178,6.28185,6.28369,1.35,1.19
2011.04.18 14:38:07.296,6.28195,6.28374,1.50,1.19
2011.04.18 14:38:07.526,6.28198,6.28391,1.35,1.19
2011.04.18 14:38:07.864,6.2821,6.28399,1.35,1.19
2011.04.18 14:38:08.082,6.28212,6.28399,1.35,1.19
2011.04.18 14:38:08.472,6.28217,6.28399,1.50,1.19
2011.04.18 14:38:09.803,6.28212,6.28392,1.35,1.35
2011.04.18 14:38:10.026,6.28212,6.28391,1.35,1.19
2011.04.18 14:38:11.054,6.28208,6.28391,1.35,1.19
2011.04.18 14:38:11.534,6.28217,6.28411,1.35,1.34
2011.04.18 14:38:11.754,6.28231,6.28423,1.35,1.53
2011.04.18 14:38:11.862,6.28217,6.28412,2.10,1.19
2011.04.18 14:38:11.973,6.28217,6.28412,2.10,1.19
2011.04.18 14:38:13.913,6.2822,6.28401,1.50,1.19
2011.04.18 14:38:14.244,6.28217,6.28413,2.10,1.53
2011.04.18 14:38:14.925,6.28217,6.284,1.35,1.19
2011.04.18 14:38:17.674,6.28221,6.284,1.50,1.19
2011.04.18 14:38:18.003,6.28242,6.28431,1.35,1.53
2011.04.18 14:38:18.772,6.2825,6.28431,1.35,1.19
2011.04.18 14:38:18.883,6.2825,6.28439,1.35,1.19
2011.04.18 14:38:19.104,6.28251,6.28439,1.35,1.19
2011.04.18 14:38:20.519,6.28251,6.28448,1.35,1.19
2011.04.18 14:38:22.532,6.28262,6.28448,1.50,1.19
2011.04.18 14:38:22.643,6.28253,6.28445,1.50,1.19
2011.04.18 14:38:22.974,6.28259,6.28469,2.10,1.68
2011.04.18 14:38:23.305,6.28288,6.2847,1.50,1.53
2011.04.18 14:38:23.633,6.28297,6.28485,1.50,1.53
2011.04.18 14:38:23.744,6.28286,6.28474,1.35,1.19
2011.04.18 14:38:23.854,6.28286,6.28474,1.35,1.53
2011.04.18 14:38:24.182,6.28288,6.28485,1.50,1.53
2011.04.18 14:38:24.902,6.28288,6.28479,1.50,1.53
2011.04.18 14:38:25.033,6.28293,6.28497,1.50,2.69
2011.04.18 14:38:25.267,6.28293,6.28494,1.50,2.45
2011.04.18 14:38:25.386,6.28289,6.28477,1.35,1.53
2011.04.18 14:38:25.822,6.28286,6.28469,1.35,1.53
2011.04.18 14:38:28.494,6.28305,6.28473,2.10,1.68
2011.04.18 14:38:29.199,6.28319,6.28496,1.35,1.19
2011.04.18 14:38:31.274,6.28305,6.28487,2.85,1.19
2011.04.18 14:38:31.494,6.28305,6.28495,2.10,1.19
2011.04.18 14:38:32.206,6.283,6.28485,1.35,2.10
2011.04.18 14:38:32.315,6.28316,6.28495,1.35,1.19
2011.04.18 14:38:32.424,6.28305,6.28487,2.10,1.19
2011.04.18 14:38:32.644,6.28305,6.28497,2.10,1.19
2011.04.18 14:38:33.903,6.28306,6.28493,1.35,2.45
2011.04.18 14:38:34.122,6.28305,6.28484,1.35,1.53
2011.04.18 14:38:42.141,6.28306,6.28484,1.35,1.53
2011.04.18 14:38:42.474,6.28337,6.2852,1.50,1.70
2011.04.18 14:38:42.582,6.28337,6.28527,1.50,1.53
2011.04.18 14:38:42.692,6.28339,6.28527,1.35,1.53
2011.04.18 14:38:45.854,6.28362,6.28546,2.10,1.68
2011.04.18 14:38:48.533,6.28363,6.28523,1.35,1.70
2011.04.18 14:38:48.752,6.28362,6.28541,1.35,1.53
2011.04.18 14:38:49.852,6.28362,6.28523,1.35,1.70
2011.04.18 14:38:50.205,6.28363,6.28523,1.35,1.70
2011.04.18 14:38:50.533,6.28388,6.28562,2.10,1.68
2011.04.18 14:38:50.753,6.28412,6.28591,1.35,1.34
2011.04.18 14:38:50.973,6.28412,6.28593,1.35,1.53
2011.04.18 14:38:52.360,6.28437,6.28612,2.10,1.68
2011.04.18 14:38:52.481,6.28448,6.28637,2.10,1.53
2011.04.18 14:38:52.815,6.28467,6.28656,2.10,1.53
2011.04.18 14:38:53.255,6.28464,6.28651,1.35,2.45
2011.04.18 14:38:53.363,6.28464,6.28651,1.35,2.45
2011.04.18 14:38:57.075,6.28456,6.28637,1.35,1.53
2011.04.18 14:38:57.954,6.28437,6.2862,2.10,2.10
2011.04.18 14:38:58.064,6.28432,6.28611,1.35,1.53
2011.04.18 14:38:59.514,6.28437,6.28617,1.35,1.53
2011.04.18 14:39:00.293,6.28417,6.28598,1.50,2.10
2011.04.18 14:39:00.464,6.28419,6.28598,1.50,2.10
2011.04.18 14:39:01.653,6.28418,6.28598,1.50,2.10
2011.04.18 14:39:02.534,6.28386,6.28573,1.35,1.53
2011.04.18 14:39:05.644,6.28368,6.28554,1.50,2.10
2011.04.18 14:39:06.193,6.28367,6.28552,1.35,1.19
2011.04.18 14:39:06.693,6.28359,6.2854,1.35,1.53
2011.04.18 14:39:06.914,6.28344,6.28519,1.35,1.19
2011.04.18 14:39:11.252,6.28334,6.28528,1.50,1.68
2011.04.18 14:39:11.363,6.28334,6.28513,1.50,1.19
2011.04.18 14:39:12.617,6.28328,6.28513,1.50,1.19
2011.04.18 14:39:12.734,6.28328,6.28493,1.50,1.35
2011.04.18 14:39:13.198,6.2834,6.28516,1.50,2.45
2011.04.18 14:39:13.315,6.28348,6.28531,1.35,1.53
2011.04.18 14:39:14.084,6.28331,6.28506,2.10,1.34
2011.04.18 14:39:14.195,6.28327,6.28506,2.10,1.19
2011.04.18 14:39:15.195,6.28309,6.28497,1.35,2.45
2011.04.18 14:39:15.304,6.28309,6.28491,1.35,1.53
2011.04.18 14:39:16.758,6.28297,6.28476,1.35,1.19
2011.04.18 14:39:16.880,6.28242,6.28412,1.50,2.10
2011.04.18 14:39:16.997,6.28237,6.28412,1.50,2.10
2011.04.18 14:39:17.118,6.28212,6.28387,1.54,2.10
2011.04.18 14:39:17.345,6.282,6.28386,1.35,1.53
2011.04.18 14:39:22.033,6.28207,6.28386,1.35,1.53
2011.04.18 14:39:22.922,6.28199,6.28382,1.35,2.45
2011.04.18 14:39:24.673,6.28197,6.28382,1.35,2.45
2011.04.18 14:39:25.243,6.28199,6.28382,1.35,2.10
2011.04.18 14:39:25.359,6.28218,6.28412,1.35,1.19
2011.04.18 14:39:25.695,6.28235,6.28421,1.35,1.53
2011.04.18 14:39:26.030,6.28269,6.28441,1.35,1.53
2011.04.18 14:39:26.366,6.28297,6.28482,1.35,1.53
2011.04.18 14:39:27.365,6.2828,6.2845,1.50,2.10
2011.04.18 14:39:27.474,6.28291,6.2848,1.35,2.45
2011.04.18 14:39:27.694,6.28291,6.2848,1.35,2.45
2011.04.18 14:39:27.913,6.28282,6.28468,1.35,1.53
2011.04.18 14:39:30.665,6.28259,6.28443,1.50,2.45
2011.04.18 14:39:30.884,6.28257,6.28436,1.35,1.53
2011.04.18 14:39:31.874,6.28235,6.28421,1.35,2.45
2011.04.18 14:39:32.093,6.28235,6.28421,1.35,2.45
2011.04.18 14:39:32.844,6.28235,6.28415,1.35,1.53
2011.04.18 14:39:35.913,6.28216,6.28405,2.10,1.53
2011.04.18 14:39:36.024,6.28222,6.28416,1.35,1.70
2011.04.18 14:39:36.243,6.28239,6.28417,1.35,1.53
2011.04.18 14:39:37.136,6.28239,6.28428,1.35,2.10
2011.04.18 14:39:37.362,6.28252,6.28433,1.35,1.53
2011.04.18 14:39:38.264,6.28256,6.28442,2.10,1.53
2011.04.18 14:39:40.334,6.2827,6.28433,1.35,1.10
2011.04.18 14:39:40.442,6.28247,6.28433,1.50,1.10
2011.04.18 14:39:40.666,6.28292,6.2847,2.10,1.34
2011.04.18 14:39:40.785,6.28301,6.2848,1.35,1.19
2011.04.18 14:39:41.005,6.28327,6.28499,2.10,1.68
2011.04.18 14:39:41.114,6.28327,6.28513,2.10,1.34
2011.04.18 14:39:41.227,6.28341,6.2852,1.35,1.19
2011.04.18 14:39:41.453,6.28331,6.28521,1.35,1.53
2011.04.18 14:39:42.956,6.28327,6.28503,1.35,1.70
2011.04.18 14:39:43.294,6.28312,6.28493,1.35,1.19
2011.04.18 14:39:43.513,6.28327,6.28503,1.35,1.70
2011.04.18 14:39:44.924,6.28327,6.28493,1.35,1.35
2011.04.18 14:39:45.035,6.2832,6.28483,1.35,1.10
2011.04.18 14:39:45.144,6.28309,6.28473,1.35,1.35
2011.04.18 14:39:45.253,6.28303,6.28473,1.35,1.35
2011.04.18 14:39:46.644,6.2828,6.28453,1.50,1.35
2011.04.18 14:39:46.754,6.2828,6.28443,1.50,2.10
2011.04.18 14:39:47.086,6.28252,6.28422,1.35,1.35
2011.04.18 14:39:50.363,6.28265,6.28446,1.35,1.53
2011.04.18 14:39:51.133,6.28283,6.28465,2.10,1.53
2011.04.18 14:39:54.193,6.28273,6.28435,1.35,1.35
2011.04.18 14:39:54.414,6.28269,6.28457,1.35,2.45
2011.04.18 14:39:55.331,6.28276,6.28459,1.35,1.53
2011.04.18 14:39:55.668,6.28291,6.28478,2.10,1.53
2011.04.18 14:39:55.895,6.28314,6.28494,1.35,1.35
2011.04.18 14:39:59.044,6.2832,6.28499,1.35,1.19
2011.04.18 14:40:00.486,6.2832,6.28499,1.35,1.53
2011.04.18 14:40:00.611,6.28296,6.28475,1.35,1.35
2011.04.18 14:40:00.724,6.28289,6.28462,2.10,1.10
2011.04.18 14:40:00.835,6.28287,6.28462,1.35,1.70
2011.04.18 14:40:07.414,6.28264,6.28444,1.50,2.10
2011.04.18 14:40:07.525,6.28256,6.28438,1.35,1.53
2011.04.18 14:40:07.743,6.28249,6.28438,1.35,1.53
2011.04.18 14:40:11.588,6.28264,6.28452,2.10,1.53
2011.04.18 14:40:12.464,6.28261,6.28443,1.35,1.70
2011.04.18 14:40:12.574,6.28261,6.28443,1.35,1.70
2011.04.18 14:40:13.013,6.28255,6.28442,1.35,1.70
2011.04.18 14:40:14.304,6.28261,6.28443,2.10,1.53
2011.04.18 14:40:14.855,6.28283,6.28465,1.35,2.45
2011.04.18 14:40:26.376,6.28292,6.28473,1.35,1.53
2011.04.18 14:40:27.733,6.28283,6.28472,1.35,3.20
2011.04.18 14:40:27.955,6.28269,6.2844,1.50,2.45
2011.04.18 14:40:28.067,6.28274,6.28456,1.35,2.45
2011.04.18 14:40:28.295,6.28274,6.28456,1.35,2.45
2011.04.18 14:40:28.846,6.28264,6.28443,1.35,1.53
2011.04.18 14:40:28.953,6.28252,6.28441,1.35,2.45
2011.04.18 14:40:29.063,6.28252,6.28441,1.35,2.45
2011.04.18 14:40:32.254,6.28248,6.28427,1.35,1.19
2011.04.18 14:40:35.801,6.28224,6.28393,1.50,1.35
2011.04.18 14:40:35.921,6.282,6.28382,1.35,3.20
2011.04.18 14:40:39.652,6.282,6.28372,1.35,1.35
2011.04.18 14:40:40.313,6.282,6.28361,1.35,1.35
2011.04.18 14:40:40.424,6.28163,6.28342,1.35,1.70
2011.04.18 14:40:40.876,6.2816,6.28323,1.35,1.10
2011.04.18 14:40:52.274,6.28159,6.28335,1.35,1.19
2011.04.18 14:40:56.227,6.28178,6.2835,1.35,1.68
2011.04.18 14:40:56.563,6.28187,6.28357,1.35,1.19
2011.04.18 14:40:57.144,6.28195,6.28377,1.35,1.53
2011.04.18 14:40:58.024,6.28189,6.28368,1.35,1.19
2011.04.18 14:40:58.244,6.28189,6.28362,1.35,1.70
2011.04.18 14:40:58.357,6.28172,6.28361,1.35,2.45
2011.04.18 14:40:58.475,6.28169,6.2835,1.35,1.53
2011.04.18 14:40:59.023,6.28158,6.28338,1.35,1.19
2011.04.18 14:41:00.496,6.28181,6.28361,2.10,1.68
2011.04.18 14:41:00.606,6.28193,6.2837,1.35,1.19
2011.04.18 14:41:04.393,6.28203,6.28387,1.35,1.19
2011.04.18 14:41:05.713,6.28206,6.28387,1.50,1.19
2011.04.18 14:41:06.336,6.28203,6.28387,1.35,1.19
2011.04.18 14:41:13.946,6.28213,6.28387,1.35,1.19
2011.04.18 14:41:14.718,6.2818,6.28352,1.22,1.35
2011.04.18 14:41:14.834,6.28178,6.28352,1.35,1.70
2011.04.18 14:41:14.946,6.28155,6.28344,1.47,2.45
2011.04.18 14:41:16.433,6.28155,6.2834,1.35,1.19
2011.04.18 14:41:19.344,6.28155,6.2833,1.35,1.19
2011.04.18 14:41:19.674,6.28152,6.2833,1.35,1.19
2011.04.18 14:41:22.484,6.28137,6.28314,1.35,2.10
2011.04.18 14:41:22.594,6.28136,6.28314,1.35,2.10
2011.04.18 14:41:22.814,6.28128,6.28288,1.50,2.10
2011.04.18 14:41:23.362,6.28098,6.28266,1.35,1.35
2011.04.18 14:41:23.479,6.28094,6.28245,1.35,1.35
2011.04.18 14:41:24.037,6.28073,6.28221,1.35,2.10
2011.04.18 14:41:24.264,6.28068,6.28219,1.35,1.35
2011.04.18 14:41:26.853,6.28045,6.28204,1.35,2.10
2011.04.18 14:41:27.073,6.28037,6.28187,1.35,2.10
2011.04.18 14:41:27.184,6.28052,6.28201,2.10,1.35
2011.04.18 14:41:28.883,6.28052,6.28208,2.10,1.35
2011.04.18 14:41:29.644,6.28037,6.28187,1.60,2.10
2011.04.18 14:41:29.866,6.28066,6.28213,2.10,1.34
2011.04.18 14:41:30.093,6.28066,6.28219,2.10,1.34
2011.04.18 14:41:30.984,6.28054,6.28154,1.19,2.10
2011.04.18 14:41:31.204,6.27977,6.28135,1.35,1.35
2011.04.18 14:41:31.313,6.27971,6.28135,1.35,2.10
2011.04.18 14:41:31.754,6.2797,6.28117,1.35,2.10
2011.04.18 14:41:32.244,6.2798,6.28125,2.18,1.35
2011.04.18 14:41:32.359,6.27978,6.28135,2.18,2.10
2011.04.18 14:41:38.114,6.27991,6.28138,2.10,1.35
2011.04.18 14:41:40.763,6.28006,6.28145,2.10,1.50
2011.04.18 14:41:40.873,6.28006,6.28154,2.10,1.35
2011.04.18 14:41:41.536,6.28006,6.28149,2.10,1.35
2011.04.18 14:41:44.136,6.2798,6.28142,2.18,2.10
2011.04.18 14:41:44.464,6.27968,6.28149,1.56,1.34
2011.04.18 14:41:44.685,6.27999,6.28167,1.43,1.10
2011.04.18 14:41:44.794,6.27999,6.28178,1.43,1.34
2011.04.18 14:41:45.012,6.27999,6.28178,1.43,1.34
2011.04.18 14:41:45.533,6.27987,6.28167,1.15,1.34
2011.04.18 14:41:45.643,6.27979,6.28167,1.71,1.34
2011.04.18 14:41:46.149,6.27979,6.28167,1.12,1.34
2011.04.18 14:41:46.265,6.27977,6.28158,1.12,1.34
2011.04.18 14:41:46.705,6.27969,6.28146,1.06,1.34
2011.04.18 14:41:46.817,6.27965,6.28146,1.11,1.34
2011.04.18 14:41:47.045,6.27942,6.28108,2.01,1.35
2011.04.18 14:41:47.155,6.27942,6.28108,1.35,1.35
2011.04.18 14:41:47.484,6.27943,6.28104,1.06,1.35
2011.04.18 14:41:48.055,6.27942,6.28084,1.16,1.35
2011.04.18 14:41:48.386,6.27896,6.28053,1.25,1.35
2011.04.18 14:41:48.494,6.27896,6.28045,1.17,1.50
2011.04.18 14:41:48.823,6.27896,6.28054,1.17,1.35
2011.04.18 14:41:49.666,6.27899,6.28053,1.26,1.35
2011.04.18 14:41:50.444,6.27899,6.28053,1.29,1.35
2011.04.18 14:41:50.554,6.27899,6.28053,1.20,1.35
2011.04.18 14:41:50.773,6.27897,6.28053,1.04,1.35
2011.04.18 14:41:50.994,6.27897,6.28043,1.04,1.35
2011.04.18 14:41:51.365,6.27907,6.28031,1.09,1.35
2011.04.18 14:41:52.054,6.27898,6.28031,1.36,1.35
2011.04.18 14:41:52.386,6.27907,6.28001,1.38,2.10
2011.04.18 14:41:53.175,6.27877,6.27985,1.10,1.35
2011.04.18 14:41:53.613,6.27907,6.28003,1.30,1.34
2011.04.18 14:41:53.835,6.27907,6.28003,1.30,1.34
2011.04.18 14:41:54.545,6.27791,6.27989,1.50,2.10
2011.04.18 14:41:54.764,6.27878,6.27986,2.31,1.35
2011.04.18 14:41:54.874,6.27796,6.27986,1.50,1.35
2011.04.18 14:41:54.986,6.27868,6.27986,1.86,1.35
2011.04.18 14:41:55.203,6.27858,6.27978,1.64,1.35
2011.04.18 14:41:55.423,6.27858,6.27966,1.64,1.35
2011.04.18 14:41:55.537,6.27781,6.27966,1.59,1.35
2011.04.18 14:41:55.765,6.27877,6.27966,1.25,1.35
2011.04.18 14:41:55.874,6.27857,6.27966,1.46,1.35
2011.04.18 14:41:56.421,6.27887,6.27967,1.30,1.35
2011.04.18 14:41:56.538,6.27867,6.27967,1.07,1.35
2011.04.18 14:41:56.873,6.2781,6.27967,1.54,1.35
2011.04.18 14:41:56.982,6.2781,6.27967,1.50,1.35
2011.04.18 14:41:57.094,6.27819,6.27985,1.35,1.35
2011.04.18 14:41:57.422,6.27887,6.27982,1.42,1.50
2011.04.18 14:41:59.753,6.27887,6.27985,1.42,1.35
2011.04.18 14:42:00.414,6.27898,6.27988,1.31,1.35
2011.04.18 14:42:00.853,6.27898,6.27988,1.31,1.35
2011.04.18 14:42:01.955,6.27897,6.28023,1.23,1.10
2011.04.18 14:42:02.416,6.27859,6.28021,1.12,1.50
2011.04.18 14:42:02.633,6.27881,6.28014,1.02,1.50
2011.04.18 14:42:02.744,6.27881,6.28026,1.02,1.50
2011.04.18 14:42:03.384,6.27867,6.28019,1.29,1.35
2011.04.18 14:42:04.262,6.27854,6.28019,1.35,1.35
2011.04.18 14:42:05.339,6.27854,6.28015,1.35,1.50
2011.04.18 14:42:05.974,6.27867,6.28015,1.50,1.50
2011.04.18 14:42:06.304,6.27892,6.28025,2.10,1.50
2011.04.18 14:42:06.913,6.27913,6.28025,2.10,1.47
2011.04.18 14:42:07.134,6.27927,6.28041,2.10,1.47
2011.04.18 14:42:07.245,6.27945,6.28041,2.10,1.47
2011.04.18 14:42:07.697,6.27945,6.28077,2.10,1.50
2011.04.18 14:42:07.808,6.27945,6.28053,2.10,1.47
2011.04.18 14:42:08.706,6.27962,6.28065,2.10,1.47
2011.04.18 14:42:09.872,6.27962,6.28099,2.10,1.50
2011.04.18 14:42:09.983,6.27975,6.2812,2.10,2.10
2011.04.18 14:42:10.312,6.27975,6.2812,2.10,1.35
2011.04.18 14:42:10.532,6.27975,6.2812,2.10,1.35
2011.04.18 14:42:11.462,6.27951,6.28093,2.10,1.35
2011.04.18 14:42:14.383,6.27984,6.28122,2.10,1.34
2011.04.18 14:42:14.833,6.27997,6.28138,1.35,1.35
2011.04.18 14:42:14.950,6.28038,6.28185,2.10,1.35
2011.04.18 14:42:15.064,6.28038,6.28185,2.10,1.35
2011.04.18 14:42:15.173,6.28038,6.28185,2.10,1.35
2011.04.18 14:42:15.283,6.28038,6.28185,2.10,1.35
2011.04.18 14:42:15.614,6.28038,6.28185,2.10,1.35
2011.04.18 14:42:16.272,6.28038,6.28185,2.10,1.35
2011.04.18 14:42:16.382,6.28038,6.28185,2.10,1.35
2011.04.18 14:42:20.445,6.28056,6.28203,2.10,1.35
2011.04.18 14:42:20.555,6.28056,6.28203,2.10,1.35
2011.04.18 14:42:21.326,6.28083,6.28226,2.10,1.35
2011.04.18 14:42:21.653,6.28083,6.28226,2.10,1.35
2011.04.18 14:42:21.874,6.28102,6.28242,2.10,1.35
2011.04.18 14:42:22.202,6.28102,6.28242,2.10,1.35
2011.04.18 14:42:24.092,6.28084,6.2823,2.10,1.35
2011.04.18 14:42:24.203,6.28084,6.2823,2.10,1.35
2011.04.18 14:42:25.291,6.28084,6.2823,2.10,1.35
2011.04.18 14:42:26.683,6.28081,6.28211,1.35,1.35
2011.04.18 14:42:26.793,6.28068,6.28202,1.35,1.35
2011.04.18 14:42:26.907,6.28051,6.28186,1.35,1.35
2011.04.18 14:42:27.015,6.28035,6.28186,2.10,1.35
2011.04.18 14:42:27.123,6.28035,6.2818,2.10,1.35
2011.04.18 14:42:30.676,6.28057,6.282,2.10,1.35
2011.04.18 14:42:31.664,6.28057,6.282,2.14,1.35
2011.04.18 14:42:31.777,6.28071,6.28217,2.10,1.35
2011.04.18 14:42:32.114,6.28088,6.28231,2.10,1.35
2011.04.18 14:42:32.555,6.28124,6.2825,2.10,1.50
2011.04.18 14:42:32.665,6.28127,6.28264,1.35,1.35
2011.04.18 14:42:32.777,6.2815,6.28292,2.10,1.35
2011.04.18 14:42:32.895,6.2815,6.28292,2.10,1.35
2011.04.18 14:42:33.224,6.2815,6.28292,2.10,1.35
2011.04.18 14:42:33.904,6.28162,6.28309,2.10,1.35
2011.04.18 14:42:34.014,6.28163,6.28309,1.35,1.35
2011.04.18 14:42:34.237,6.28198,6.28325,2.10,1.34
2011.04.18 14:42:34.575,6.2823,6.28334,2.10,1.34
2011.04.18 14:42:34.684,6.2823,6.28371,2.10,1.35
2011.04.18 14:42:34.904,6.2823,6.28371,2.10,1.35
2011.04.18 14:42:35.013,6.28212,6.28353,2.14,1.35
2011.04.18 14:42:35.343,6.28212,6.28353,2.10,1.35
2011.04.18 14:42:36.433,6.28212,6.28353,2.10,1.35
2011.04.18 14:42:36.654,6.28212,6.28353,2.10,1.35
2011.04.18 14:42:38.734,6.28201,6.28346,1.39,1.35
2011.04.18 14:42:38.844,6.28201,6.28346,1.35,1.35
2011.04.18 14:42:39.282,6.28187,6.28335,2.14,1.35
2011.04.18 14:42:39.503,6.28187,6.28335,2.10,1.35
2011.04.18 14:42:39.723,6.28172,6.28322,2.23,1.35
2011.04.18 14:42:42.802,6.28158,6.28318,2.10,1.35
2011.04.18 14:42:46.884,6.28145,6.28298,1.49,2.10
2011.04.18 14:42:46.994,6.28131,6.28298,1.39,2.10
2011.04.18 14:42:47.763,6.28124,6.28303,1.39,1.34
2011.04.18 14:42:47.874,6.28132,6.28313,1.35,1.34
2011.04.18 14:42:47.983,6.28211,6.28313,2.10,1.34
2011.04.18 14:42:48.312,6.28211,6.28326,2.10,1.34
2011.04.18 14:42:48.533,6.28146,6.28327,1.55,1.34
2011.04.18 14:42:48.644,6.28127,6.28317,1.69,1.34
2011.04.18 14:42:48.754,6.28126,6.28317,1.65,1.34
2011.04.18 14:42:48.975,6.28126,6.28317,1.65,1.34
2011.04.18 14:42:50.209,6.28109,6.28267,2.37,1.34
2011.04.18 14:42:50.446,6.28109,6.28267,2.32,1.34
2011.04.18 14:42:51.424,6.2808,6.28258,1.73,1.50
2011.04.18 14:42:52.003,6.2808,6.28258,1.70,1.50
2011.04.18 14:42:52.224,6.2808,6.28258,1.67,1.50
2011.04.18 14:42:52.443,6.2808,6.28258,1.67,1.50
2011.04.18 14:42:53.564,6.2808,6.28258,1.64,1.50
2011.04.18 14:42:53.893,6.2808,6.28259,1.73,1.34
2011.04.18 14:42:56.513,6.2808,6.28259,1.67,1.34
2011.04.18 14:42:56.623,6.28095,6.2827,1.67,1.50
2011.04.18 14:42:57.173,6.28122,6.28276,2.31,1.34
2011.04.18 14:42:57.569,6.28136,6.28315,1.56,1.34
2011.04.18 14:42:57.794,6.28136,6.28315,1.64,1.34
2011.04.18 14:42:57.906,6.28136,6.28315,1.64,1.34
2011.04.18 14:42:58.125,6.28136,6.28315,1.67,1.34
2011.04.18 14:42:58.232,6.28136,6.28315,1.35,1.34
2011.04.18 14:42:58.564,6.28124,6.28303,1.16,1.34
2011.04.18 14:42:58.676,6.28121,6.28303,1.35,2.09
2011.04.18 14:42:58.784,6.281,6.28281,1.35,1.34
2011.04.18 14:42:59.113,6.28097,6.28274,1.35,1.34
2011.04.18 14:42:59.968,6.28126,6.28274,2.10,1.34
2011.04.18 14:43:02.063,6.28108,6.28276,1.35,1.34
2011.04.18 14:43:06.604,6.28095,6.28276,1.35,1.34
2011.04.18 14:43:06.824,6.28097,6.28266,1.35,1.34
2011.04.18 14:43:07.045,6.28086,6.28276,1.50,1.34
2011.04.18 14:43:07.262,6.28088,6.28275,1.50,1.34
2011.04.18 14:43:08.734,6.28088,6.28275,1.50,1.34
2011.04.18 14:43:10.995,6.28067,6.28246,1.50,1.34
2011.04.18 14:43:11.103,6.28047,6.28246,1.91,1.34
2011.04.18 14:43:11.543,6.28047,6.28225,1.16,2.10
2011.04.18 14:43:11.873,6.28042,6.28199,1.50,1.35
2011.04.18 14:43:11.983,6.28034,6.28199,1.50,1.35
2011.04.18 14:43:13.953,6.28034,6.28205,1.50,1.35
2011.04.18 14:43:18.354,6.28034,6.28188,1.50,1.70
2011.04.18 14:43:18.683,6.28012,6.28212,1.50,1.50
2011.04.18 14:43:18.793,6.28007,6.28202,1.35,1.34
2011.04.18 14:43:19.232,6.28007,6.28202,1.35,1.34
2011.04.18 14:43:21.964,6.28007,6.28192,1.35,1.34
2011.04.18 14:43:22.506,6.27998,6.28192,1.35,1.34
2011.04.18 14:43:22.723,6.27988,6.28192,1.50,1.94
2011.04.18 14:43:23.056,6.27981,6.2818,1.35,1.34
2011.04.18 14:43:23.385,6.27974,6.28166,1.35,1.34
2011.04.18 14:43:23.496,6.27983,6.28168,1.35,1.34
2011.04.18 14:43:23.714,6.27984,6.28185,1.35,1.68
2011.04.18 14:43:27.963,6.28018,6.28191,1.35,2.43
2011.04.18 14:43:28.185,6.28031,6.28216,1.35,1.68
2011.04.18 14:43:28.512,6.28035,6.28225,1.50,1.68
2011.04.18 14:43:28.843,6.28031,6.28225,1.35,1.68
2011.04.18 14:43:30.236,6.28002,6.28211,1.35,1.34
2011.04.18 14:43:30.345,6.28002,6.28203,1.35,1.68
2011.04.18 14:43:30.674,6.27995,6.28191,1.35,1.34
2011.04.18 14:43:30.892,6.27996,6.28191,1.35,1.34
2011.04.18 14:43:31.988,6.27972,6.28165,1.35,2.10
2011.04.18 14:43:32.107,6.27972,6.28161,1.35,1.19
2011.04.18 14:43:32.444,6.27978,6.2816,1.50,1.19
2011.04.18 14:43:37.213,6.27977,6.28169,1.50,1.19
2011.04.18 14:43:37.653,6.2797,6.28169,1.50,1.53
2011.04.18 14:43:38.092,6.2797,6.28161,1.50,2.69
2011.04.18 14:43:38.204,6.2797,6.28151,1.50,1.19
2011.04.18 14:43:41.358,6.27972,6.28151,1.50,1.19
2011.04.18 14:43:41.587,6.27988,6.28167,1.35,1.19
2011.04.18 14:43:41.706,6.27998,6.28173,1.50,1.19
2011.04.18 14:43:41.922,6.27998,6.28182,1.50,1.19
2011.04.18 14:43:42.035,6.28002,6.28191,1.50,2.10
2011.04.18 14:43:42.364,6.28018,6.28202,1.35,1.34
2011.04.18 14:43:42.474,6.28031,6.28207,1.35,1.35
2011.04.18 14:43:43.243,6.28031,6.2821,1.35,1.19
2011.04.18 14:43:45.377,6.28034,6.28212,1.35,1.19
2011.04.18 14:43:45.714,6.28066,6.28223,2.10,2.10
2011.04.18 14:43:48.113,6.28092,6.28232,2.10,1.34
2011.04.18 14:43:48.224,6.28075,6.28231,2.10,2.69
2011.04.18 14:43:54.583,6.28045,6.28201,2.10,2.10
2011.04.18 14:43:54.913,6.28027,6.28183,2.10,2.10
2011.04.18 14:44:08.524,6.2804,6.28191,2.10,1.19
2011.04.18 14:44:12.383,6.28026,6.28184,2.10,2.10
2011.04.18 14:44:14.472,6.28038,6.2819,2.10,1.19
2011.04.18 14:44:15.102,6.28021,6.28184,2.85,2.10
2011.04.18 14:44:21.313,6.28007,6.28152,1.35,2.10
2011.04.18 14:44:21.425,6.27991,6.28152,2.10,2.10
2011.04.18 14:44:26.492,6.28008,6.28166,2.10,2.85
2011.04.18 14:44:26.605,6.27968,6.28131,2.10,2.10
2011.04.18 14:44:26.933,6.27992,6.28147,2.10,1.19
2011.04.18 14:44:27.155,6.28009,6.2816,2.10,1.19
2011.04.18 14:44:29.894,6.28002,6.2815,1.35,2.10
2011.04.18 14:44:31.523,6.28005,6.28157,2.10,1.35
2011.04.18 14:44:31.965,6.28022,6.2817,2.10,1.19
2011.04.18 14:44:33.714,6.28005,6.28157,1.35,2.10
2011.04.18 14:44:34.045,6.28023,6.2817,2.10,1.19
2011.04.18 14:44:37.073,6.2804,6.28202,2.10,2.10
2011.04.18 14:44:37.293,6.28071,6.28216,2.10,1.53
2011.04.18 14:44:37.405,6.28061,6.2824,1.35,1.34
2011.04.18 14:44:37.513,6.28061,6.2824,1.35,1.34
2011.04.18 14:44:37.623,6.28061,6.2824,1.35,1.34
2011.04.18 14:44:37.735,6.28077,6.2826,1.35,1.34
2011.04.18 14:44:37.843,6.28077,6.2826,1.35,1.34
2011.04.18 14:44:37.955,6.28077,6.2828,1.35,1.68
2011.04.18 14:44:38.065,6.28069,6.28261,1.35,1.34
2011.04.18 14:44:38.173,6.28077,6.28261,1.01,1.34
2011.04.18 14:44:38.502,6.28077,6.28276,2.10,1.34
2011.04.18 14:44:38.723,6.28088,6.28289,1.50,1.34
2011.04.18 14:44:39.305,6.28088,6.28312,1.50,1.34
2011.04.18 14:44:39.633,6.28152,6.28331,2.10,1.34
2011.04.18 14:44:39.963,6.28188,6.28376,2.10,1.68
2011.04.18 14:44:40.183,6.28194,6.28394,1.35,1.53
2011.04.18 14:44:44.413,6.28194,6.28375,1.50,1.19
2011.04.18 14:44:44.945,6.28187,6.28359,2.10,1.19
2011.04.18 14:44:46.154,6.282,6.28392,2.10,1.34
2011.04.18 14:44:46.264,6.282,6.28392,2.10,1.34
2011.04.18 14:44:46.485,6.28236,6.28413,2.10,1.68
2011.04.18 14:44:46.704,6.28236,6.28422,2.10,1.34
2011.04.18 14:44:46.924,6.28236,6.28423,2.10,1.34
2011.04.18 14:44:47.144,6.28254,6.28418,1.35,2.10
2011.04.18 14:44:51.855,6.28227,6.28419,1.35,1.19
2011.04.18 14:44:52.077,6.28248,6.28435,1.01,1.19
2011.04.18 14:44:52.524,6.2825,6.28435,1.35,1.19
2011.04.18 14:44:53.072,6.2825,6.28442,1.35,1.19
2011.04.18 14:44:54.704,6.2823,6.28419,1.35,1.19
2011.04.18 14:44:55.792,6.28226,6.28419,2.10,1.19
2011.04.18 14:44:56.995,6.28221,6.28402,1.35,1.19
2011.04.18 14:44:57.107,6.28221,6.28398,1.35,1.35
2011.04.18 14:44:57.444,6.28197,6.28382,1.35,1.19
2011.04.18 14:45:00.544,6.28201,6.28382,1.50,1.19
2011.04.18 14:45:00.874,6.28214,6.28398,1.35,1.19
2011.04.18 14:45:05.324,6.28248,6.28415,1.35,1.34
2011.04.18 14:45:05.433,6.2825,6.28429,1.35,1.94
2011.04.18 14:45:05.546,6.28258,6.28429,1.35,1.34
2011.04.18 14:45:05.766,6.28258,6.28453,1.35,1.94
2011.04.18 14:45:05.875,6.28271,6.28453,1.35,1.94
2011.04.18 14:45:05.987,6.28306,6.28453,1.82,1.19
2011.04.18 14:45:06.659,6.28326,6.28453,1.39,1.19
2011.04.18 14:45:06.776,6.2831,6.28453,1.12,1.19
2011.04.18 14:45:07.673,6.28301,6.28453,1.53,1.19
2011.04.18 14:45:07.787,6.28326,6.28453,1.06,1.19
2011.04.18 14:45:08.014,6.28326,6.28465,1.06,1.19
2011.04.18 14:45:08.262,6.283,6.28465,1.30,1.19
2011.04.18 14:45:08.775,6.28301,6.28495,1.70,1.19
2011.04.18 14:45:08.885,6.28301,6.28495,1.70,1.19
2011.04.18 14:45:08.994,6.28308,6.28495,1.70,1.19
2011.04.18 14:45:09.325,6.28322,6.2852,1.71,1.19
2011.04.18 14:45:09.874,6.28336,6.2852,1.01,1.19
2011.04.18 14:45:09.984,6.28332,6.28529,1.69,1.19
2011.04.18 14:45:10.790,6.28337,6.2852,1.71,1.19
2011.04.18 14:45:11.142,6.28337,6.28518,1.71,1.34
2011.04.18 14:45:11.473,6.28383,6.28518,2.20,1.34
2011.04.18 14:45:11.583,6.28383,6.28526,2.28,1.19
2011.04.18 14:45:11.693,6.28351,6.2853,1.67,1.19
2011.04.18 14:45:12.023,6.28351,6.2853,1.71,1.19
2011.04.18 14:45:13.666,6.28365,6.28538,2.40,1.19
2011.04.18 14:45:13.995,6.2837,6.28549,1.65,1.19
2011.04.18 14:45:14.103,6.28374,6.28549,1.70,1.19
2011.04.18 14:45:14.934,6.28391,6.28561,2.39,1.19
2011.04.18 14:45:15.043,6.28391,6.28561,2.39,1.19
2011.04.18 14:45:16.483,6.28391,6.2856,2.39,1.34
2011.04.18 14:45:16.815,6.28359,6.28528,2.46,1.10
2011.04.18 14:45:16.923,6.28359,6.28536,2.46,1.53
2011.04.18 14:45:19.292,6.28359,6.28536,2.45,1.53
2011.04.18 14:45:21.199,6.28403,6.28596,1.46,1.19
2011.04.18 14:45:21.319,6.28426,6.28608,2.33,1.34
2011.04.18 14:45:21.434,6.28432,6.28632,1.47,1.19
2011.04.18 14:45:21.546,6.28432,6.28611,1.07,1.19
2011.04.18 14:45:21.655,6.28432,6.28611,1.06,1.19
2011.04.18 14:45:22.534,6.28434,6.28611,1.05,1.19
2011.04.18 14:45:24.777,6.28442,6.28623,1.06,1.94
2011.04.18 14:45:25.113,6.28445,6.28622,1.01,1.19
2011.04.18 14:45:27.263,6.28442,6.28543,1.04,2.10
2011.04.18 14:45:27.373,6.284,6.28543,1.59,2.10
2011.04.18 14:45:28.441,6.28396,6.28543,1.55,2.10
2011.04.18 14:45:28.904,6.28372,6.28515,1.73,2.10
2011.04.18 14:45:29.014,6.28372,6.28515,1.50,2.10
2011.04.18 14:45:29.126,6.2836,6.28498,1.50,2.10
2011.04.18 14:45:29.235,6.28357,6.28498,1.35,2.10
2011.04.18 14:45:29.456,6.28357,6.28498,1.35,2.10
2011.04.18 14:45:30.744,6.28403,6.28544,2.10,1.23
2011.04.18 14:45:31.230,6.2842,6.28583,1.35,2.10
2011.04.18 14:45:31.345,6.28435,6.28583,1.35,2.10
2011.04.18 14:45:31.565,6.28468,6.28626,2.10,2.10
2011.04.18 14:45:31.783,6.28463,6.28609,1.35,2.10
2011.04.18 14:45:32.114,6.28478,6.28635,1.35,2.10
2011.04.18 14:45:32.995,6.28512,6.28675,2.10,2.10
2011.04.18 14:45:33.990,6.28551,6.28706,1.35,2.10
2011.04.18 14:45:36.186,6.28607,6.28762,1.35,2.29
2011.04.18 14:45:36.415,6.28606,6.28762,2.85,2.10
2011.04.18 14:45:38.455,6.28619,6.28781,2.10,2.10
2011.04.18 14:45:39.225,6.28635,6.28781,1.35,2.10
2011.04.18 14:45:39.333,6.28643,6.288,1.35,2.10
2011.04.18 14:45:42.656,6.28659,6.28815,2.10,2.10
2011.04.18 14:45:44.025,6.28647,6.28794,1.35,2.10
2011.04.18 14:45:44.247,6.28646,6.28794,1.35,2.10
2011.04.18 14:45:45.253,6.2863,6.28776,1.35,2.10
2011.04.18 14:45:45.585,6.28617,6.28759,1.35,2.10
2011.04.18 14:45:46.234,6.28617,6.28776,1.35,2.10
2011.04.18 14:45:47.114,6.28632,6.2879,2.10,2.10
2011.04.18 14:45:47.776,6.28623,6.28827,1.50,1.19
2011.04.18 14:45:48.324,6.28623,6.28814,1.50,1.19
2011.04.18 14:45:49.199,6.28621,6.2881,1.35,1.19
2011.04.18 14:45:49.315,6.28621,6.28801,1.35,1.34
2011.04.18 14:45:49.644,6.28658,6.28826,1.35,1.50
2011.04.18 14:45:49.865,6.28658,6.28834,1.35,1.35
2011.04.18 14:45:50.197,6.28663,6.28842,1.35,1.34
2011.04.18 14:45:50.645,6.28681,6.28861,1.35,1.35
2011.04.18 14:45:51.195,6.28681,6.28861,1.35,1.23
2011.04.18 14:45:51.874,6.28722,6.28922,1.35,1.19
2011.04.18 14:45:52.096,6.28739,6.28932,1.35,1.19
2011.04.18 14:45:52.315,6.28742,6.28932,1.01,1.19
2011.04.18 14:45:52.645,6.28756,6.28949,1.35,1.19
2011.04.18 14:45:52.976,6.28888,6.2905,1.16,1.11
2011.04.18 14:45:53.086,6.28887,6.29076,1.91,1.70
2011.04.18 14:45:53.195,6.28888,6.29107,1.01,1.19
2011.04.18 14:45:53.305,6.28888,6.29131,1.01,1.19
2011.04.18 14:45:53.416,6.28914,6.2914,2.10,1.54
2011.04.18 14:45:53.527,6.28914,6.29153,2.10,2.19
2011.04.18 14:45:53.941,6.28936,6.29153,2.10,1.59
2011.04.18 14:45:54.054,6.28956,6.29156,2.10,1.63
2011.04.18 14:45:54.168,6.28909,6.29097,1.16,2.10
2011.04.18 14:45:54.287,6.28898,6.29092,1.35,1.35
2011.04.18 14:45:54.409,6.28887,6.29085,1.35,1.19
2011.04.18 14:45:54.637,6.28877,6.29062,1.16,2.10
2011.04.18 14:45:54.746,6.28864,6.2905,1.50,1.19
2011.04.18 14:45:54.855,6.28928,6.29074,2.10,1.34
2011.04.18 14:45:55.075,6.28948,6.2909,1.35,2.09
2011.04.18 14:45:55.199,6.28959,6.29101,1.35,1.49
2011.04.18 14:45:55.650,6.28963,6.2914,1.35,1.35
2011.04.18 14:45:55.770,6.28954,6.29146,1.35,1.19
2011.04.18 14:45:56.105,6.28963,6.29147,1.35,1.19
2011.04.18 14:45:56.436,6.28996,6.29178,1.50,2.45
2011.04.18 14:45:56.765,6.28977,6.29166,1.16,1.34
2011.04.18 14:45:56.988,6.28956,6.29167,1.50,1.19
2011.04.18 14:45:57.216,6.28945,6.29128,1.50,1.19
2011.04.18 14:45:57.434,6.28928,6.29127,1.16,1.19
2011.04.18 14:45:57.656,6.28927,6.29109,1.16,1.19
2011.04.18 14:45:59.033,6.28927,6.29116,1.16,1.19
2011.04.18 14:45:59.365,6.28912,6.29093,1.16,1.19
2011.04.18 14:45:59.474,6.28889,6.2908,1.50,1.19
2011.04.18 14:46:00.573,6.28878,6.2908,1.16,1.19
2011.04.18 14:46:01.014,6.28868,6.29072,1.16,1.49
2011.04.18 14:46:01.790,6.28837,6.29041,1.16,1.34
2011.04.18 14:46:02.016,6.28817,6.29018,1.76,1.19
2011.04.18 14:46:02.127,6.28817,6.29008,1.01,1.19
2011.04.18 14:46:02.355,6.28817,6.29008,1.01,1.19
2011.04.18 14:46:02.464,6.28817,6.29008,1.01,1.19
2011.04.18 14:46:02.904,6.28836,6.29021,2.10,1.34
2011.04.18 14:46:03.015,6.28865,6.2903,1.01,1.34
2011.04.18 14:46:03.124,6.28865,6.29043,1.01,1.34
2011.04.18 14:46:03.234,6.28867,6.29057,1.16,1.19
2011.04.18 14:46:04.039,6.28878,6.29066,1.16,1.19
2011.04.18 14:46:04.378,6.28997,6.29216,1.35,1.34
2011.04.18 14:46:04.495,6.28998,6.2923,1.01,1.34
2011.04.18 14:46:04.825,6.28998,6.29223,1.01,1.34
2011.04.18 14:46:05.486,6.29049,6.29221,1.01,1.34
2011.04.18 14:46:05.596,6.29049,6.29224,1.01,1.34
2011.04.18 14:46:06.720,6.29123,6.29246,1.01,1.34
2011.04.18 14:46:06.843,6.29197,6.29425,1.01,1.34
2011.04.18 14:46:06.957,6.29207,6.29431,1.16,1.35
2011.04.18 14:46:07.297,6.2928,6.29498,2.10,1.34
2011.04.18 14:46:07.640,6.2948,6.29574,2.10,1.13
2011.04.18 14:46:07.866,6.29522,6.29671,5.25,2.60
2011.04.18 14:46:07.978,6.29509,6.29612,1.35,2.25
2011.04.18 14:46:08.095,6.2952,6.29643,1.16,2.25
2011.04.18 14:46:08.205,6.2952,6.2975,1.16,1.78
2011.04.18 14:46:08.677,6.29604,6.2975,2.10,1.19
2011.04.18 14:46:08.787,6.29698,6.29865,2.10,1.34
2011.04.18 14:46:08.904,6.29698,6.29865,2.10,1.34
2011.04.18 14:46:09.016,6.29698,6.2988,2.10,1.94
2011.04.18 14:46:09.125,6.29686,6.29875,2.10,1.19
2011.04.18 14:46:09.510,6.29703,6.29878,2.10,1.34
2011.04.18 14:46:09.835,6.29734,6.29875,2.10,1.72
2011.04.18 14:46:09.947,6.29734,6.29875,2.10,1.34
2011.04.18 14:46:10.065,6.29774,6.29881,5.25,1.34
2011.04.18 14:46:10.520,6.29856,6.29988,2.10,1.34
2011.04.18 14:46:10.645,6.29856,6.30056,2.10,1.35
2011.04.18 14:46:10.769,6.29887,6.30073,2.10,1.21
2011.04.18 14:46:11.106,6.2986,6.30059,2.10,1.35
2011.04.18 14:46:11.325,6.2986,6.30059,2.10,1.35
2011.04.18 14:46:11.434,6.2986,6.30059,2.10,1.52
2011.04.18 14:46:11.547,6.29845,6.30002,1.35,2.10
2011.04.18 14:46:11.666,6.2984,6.30002,1.35,2.10
2011.04.18 14:46:11.895,6.29857,6.30019,2.10,1.48
2011.04.18 14:46:12.478,6.29841,6.29998,2.10,1.04
2011.04.18 14:46:12.601,6.29805,6.29972,1.35,2.10
2011.04.18 14:46:12.829,6.29787,6.29955,1.35,2.56
2011.04.18 14:46:13.167,6.29778,6.29937,2.10,1.30
2011.04.18 14:46:13.279,6.29753,6.29927,1.35,2.10
2011.04.18 14:46:13.507,6.29746,6.29904,2.10,1.68
2011.04.18 14:46:13.734,6.29724,6.29893,2.10,1.19
2011.04.18 14:46:13.846,6.29724,6.29888,2.10,1.47
2011.04.18 14:46:14.176,6.29778,6.29923,2.10,1.38
2011.04.18 14:46:14.737,6.29778,6.29925,2.10,1.05
2011.04.18 14:46:14.840,6.29809,6.29908,2.10,1.34
2011.04.18 14:46:14.956,6.29809,6.29963,2.10,1.21
2011.04.18 14:46:15.395,6.29809,6.2997,2.10,1.45
2011.04.18 14:46:15.505,6.29801,6.29961,2.10,1.43
2011.04.18 14:46:16.164,6.29778,6.29948,2.10,1.53
2011.04.18 14:46:16.275,6.29778,6.29937,2.10,1.19
2011.04.18 14:46:16.494,6.2976,6.29933,2.10,1.19
2011.04.18 14:46:17.544,6.29766,6.2992,2.10,1.45
2011.04.18 14:46:17.764,6.29766,6.29922,2.10,1.30
2011.04.18 14:46:17.985,6.29792,6.29943,2.10,1.05
2011.04.18 14:46:18.204,6.29792,6.29942,2.10,1.45
2011.04.18 14:46:18.315,6.29766,6.29925,2.10,1.19
2011.04.18 14:46:19.197,6.29797,6.29953,2.10,1.57
2011.04.18 14:46:19.413,6.29797,6.29953,2.10,1.06
2011.04.18 14:46:19.526,6.29844,6.29967,2.10,1.11
2011.04.18 14:46:20.012,6.29862,6.30008,2.10,1.24
2011.04.18 14:46:20.236,6.29862,6.30021,2.10,1.60
2011.04.18 14:46:20.825,6.29862,6.30021,2.10,1.60
2011.04.18 14:46:21.373,6.29862,6.30021,2.10,1.54
2011.04.18 14:46:21.816,6.29884,6.30025,2.10,1.15
2011.04.18 14:46:21.925,6.29884,6.30029,2.10,1.21
2011.04.18 14:46:22.144,6.29884,6.30045,2.10,1.05
2011.04.18 14:46:22.254,6.29911,6.30045,2.10,1.05
2011.04.18 14:46:22.364,6.29868,6.30061,2.10,1.55
2011.04.18 14:46:23.033,6.29939,6.30065,2.10,1.23
2011.04.18 14:46:23.148,6.29939,6.30102,2.10,1.05
2011.04.18 14:46:23.487,6.29987,6.30102,2.10,1.05
2011.04.18 14:46:23.826,6.30004,6.30152,2.10,1.01
2011.04.18 14:46:24.045,6.29973,6.30136,1.35,2.22
2011.04.18 14:46:24.376,6.29943,6.30116,2.10,1.19
2011.04.18 14:46:24.705,6.29978,6.30116,1.35,1.43
2011.04.18 14:46:24.815,6.30026,6.30179,1.35,1.42
2011.04.18 14:46:25.573,6.30017,6.30176,2.10,1.17
2011.04.18 14:46:25.690,6.29973,6.3015,2.85,2.22
2011.04.18 14:46:25.805,6.29973,6.30139,2.10,1.12
2011.04.18 14:46:26.356,6.29956,6.30136,2.10,2.36
2011.04.18 14:46:26.684,6.29936,6.30109,1.35,2.10
2011.04.18 14:46:27.016,6.29929,6.30097,2.10,1.30
2011.04.18 14:46:27.345,6.29909,6.3006,1.35,1.47
2011.04.18 14:46:27.675,6.29898,6.30066,2.10,1.30
2011.04.18 14:46:27.785,6.29885,6.30031,1.35,1.30
2011.04.18 14:46:28.220,6.29866,6.30029,2.10,1.45
2011.04.18 14:46:28.772,6.29866,6.3002,2.10,1.34
2011.04.18 14:46:28.995,6.29839,6.30011,1.35,2.10
2011.04.18 14:46:29.105,6.29818,6.29972,1.35,1.04
2011.04.18 14:46:29.325,6.29832,6.29989,2.10,1.19
2011.04.18 14:46:29.544,6.29828,6.30002,2.10,2.80
2011.04.18 14:46:29.875,6.29828,6.29984,2.10,1.30
2011.04.18 14:46:30.642,6.29907,6.29998,2.10,1.06
2011.04.18 14:46:30.757,6.29907,6.30036,2.10,1.01
2011.04.18 14:46:30.877,6.29907,6.3005,2.10,1.33
2011.04.18 14:46:31.338,6.29907,6.3005,2.10,1.75
2011.04.18 14:46:31.565,6.29894,6.3005,2.10,1.66
2011.04.18 14:46:31.675,6.29875,6.30043,1.35,2.22
2011.04.18 14:46:31.896,6.29863,6.30023,2.10,1.35
2011.04.18 14:46:32.229,6.29862,6.30034,2.10,1.06
2011.04.18 14:46:32.346,6.29862,6.30021,2.10,1.35
2011.04.18 14:46:33.114,6.2984,6.3001,1.35,1.35
2011.04.18 14:46:33.223,6.2984,6.29999,1.35,1.35
2011.04.18 14:46:33.557,6.29905,6.30033,2.10,1.60
2011.04.18 14:46:33.786,6.29881,6.29997,1.50,2.10
2011.04.18 14:46:34.310,6.29788,6.29997,2.10,2.10
2011.04.18 14:46:34.744,6.29806,6.30013,2.10,1.14
2011.04.18 14:46:35.074,6.29823,6.30053,2.10,1.32
2011.04.18 14:46:35.184,6.29823,6.30046,2.10,1.05
2011.04.18 14:46:35.513,6.29833,6.30027,1.35,1.23
2011.04.18 14:46:36.064,6.29841,6.30027,1.35,1.19
2011.04.18 14:46:36.174,6.29844,6.30027,1.35,1.19
2011.04.18 14:46:36.504,6.29827,6.30019,1.50,2.43
2011.04.18 14:46:36.616,6.29809,6.30004,1.35,1.10
2011.04.18 14:46:36.835,6.29808,6.29993,1.35,1.27
2011.04.18 14:46:37.054,6.29809,6.29993,1.35,1.08
2011.04.18 14:46:37.460,6.29824,6.30013,2.10,1.26
2011.04.18 14:46:37.593,6.29823,6.30008,1.35,1.19
2011.04.18 14:46:37.925,6.29795,6.30003,1.35,1.69
2011.04.18 14:46:38.037,6.29782,6.29975,1.50,2.10
2011.04.18 14:46:38.156,6.29764,6.29963,1.50,1.06
2011.04.18 14:46:38.596,6.29761,6.29963,1.35,1.25
2011.04.18 14:46:38.924,6.298,6.29984,1.35,1.45
2011.04.18 14:46:39.144,6.298,6.29987,1.35,1.30
2011.04.18 14:46:39.364,6.29794,6.29973,1.35,1.28
2011.04.18 14:46:39.475,6.29756,6.2996,1.35,1.43
2011.04.18 14:46:39.695,6.29754,6.29943,1.35,1.04
2011.04.18 14:46:40.341,6.29786,6.29993,2.10,2.09
2011.04.18 14:46:40.456,6.29798,6.29996,1.35,1.19
2011.04.18 14:46:40.565,6.29809,6.29996,1.91,1.19
2011.04.18 14:46:40.895,6.29809,6.2999,1.31,1.19
2011.04.18 14:46:41.554,6.29787,6.29978,1.45,1.19
2011.04.18 14:46:41.999,6.29835,6.2999,2.07,1.34
2011.04.18 14:46:42.115,6.29854,6.30039,1.35,1.53
2011.04.18 14:46:42.225,6.29854,6.30039,1.35,1.19
2011.04.18 14:46:42.334,6.2986,6.30039,1.38,1.19
2011.04.18 14:46:42.664,6.29836,6.30015,1.13,1.19
2011.04.18 14:46:43.181,6.29826,6.30008,1.14,1.19
2011.04.18 14:46:43.404,6.29823,6.30008,1.59,1.19
2011.04.18 14:46:43.736,6.29817,6.30008,1.73,1.19
2011.04.18 14:46:44.173,6.29823,6.30008,1.58,1.19
2011.04.18 14:46:44.704,6.29826,6.30031,1.58,1.34
2011.04.18 14:46:45.035,6.2985,6.30039,1.35,1.19
2011.04.18 14:46:45.143,6.29851,6.30039,1.19,1.19
2011.04.18 14:46:45.474,6.29928,6.30063,2.10,1.68
2011.04.18 14:46:45.696,6.29928,6.3018,2.10,1.34
2011.04.18 14:46:45.805,6.29963,6.3019,1.17,1.34
2011.04.18 14:46:46.341,6.29979,6.3019,1.07,1.34
2011.04.18 14:46:46.471,6.30013,6.30234,2.18,1.34
2011.04.18 14:46:46.587,6.30038,6.30261,1.05,1.34
2011.04.18 14:46:46.696,6.30053,6.30272,1.43,1.34
2011.04.18 14:46:46.808,6.30077,6.30262,1.17,1.34
2011.04.18 14:46:47.144,6.30095,6.30274,1.05,1.34
2011.04.18 14:46:47.758,6.30107,6.30274,1.05,1.34
2011.04.18 14:46:47.986,6.30094,6.30303,1.12,1.34
2011.04.18 14:46:48.095,6.30081,6.30269,1.39,4.50
2011.04.18 14:46:48.205,6.30035,6.30267,1.08,1.50
2011.04.18 14:46:48.315,6.3003,6.30268,1.08,1.34
2011.04.18 14:46:48.425,6.30004,6.30261,1.43,1.34
2011.04.18 14:46:49.233,6.30004,6.30249,1.40,1.34
2011.04.18 14:46:49.343,6.30004,6.30253,1.40,1.34
2011.04.18 14:46:49.893,6.30023,6.3027,1.16,1.34
2011.04.18 14:46:50.113,6.30023,6.3027,1.16,1.34
2011.04.18 14:46:50.445,6.30037,6.30281,1.16,1.34
2011.04.18 14:46:50.556,6.30057,6.30313,1.16,1.50
2011.04.18 14:46:51.106,6.30107,6.30343,1.16,1.50
2011.04.18 14:46:51.643,6.30116,6.30345,1.16,5.25
2011.04.18 14:46:51.752,6.30125,6.30353,1.16,2.09
2011.04.18 14:46:51.868,6.30171,6.30403,1.09,3.00
2011.04.18 14:46:51.984,6.30171,6.30403,1.07,2.25
2011.04.18 14:46:52.095,6.30215,6.30463,1.14,1.50
2011.04.18 14:46:52.209,6.30215,6.30398,1.14,4.50
2011.04.18 14:46:52.326,6.3017,6.30398,1.07,4.50
2011.04.18 14:46:52.435,6.3017,6.30398,1.07,5.25
2011.04.18 14:46:52.545,6.30167,6.30383,1.39,1.50
2011.04.18 14:46:52.763,6.30167,6.30369,1.39,1.35
2011.04.18 14:46:52.874,6.30167,6.30372,1.39,1.35
2011.04.18 14:46:52.986,6.30167,6.30372,1.16,1.35
2011.04.18 14:46:53.204,6.30167,6.30369,1.16,1.35
2011.04.18 14:46:53.913,6.30215,6.30407,1.50,1.34
2011.04.18 14:46:54.135,6.30286,6.30469,1.16,1.19
2011.04.18 14:46:54.465,6.30295,6.30494,1.35,4.50
2011.04.18 14:46:54.577,6.3032,6.30494,1.42,4.50
2011.04.18 14:46:54.806,6.30371,6.30621,1.08,4.35
2011.04.18 14:46:55.465,6.3038,6.30649,1.17,1.70
2011.04.18 14:46:55.684,6.30391,6.30654,1.32,2.45
2011.04.18 14:46:56.160,6.30388,6.30612,1.73,1.53
2011.04.18 14:46:56.494,6.30359,6.30543,1.50,1.70
2011.04.18 14:46:56.826,6.30337,6.30523,1.23,1.10
2011.04.18 14:46:57.157,6.30337,6.30523,1.23,1.10
2011.04.18 14:46:57.486,6.3036,6.30526,1.50,1.35
2011.04.18 14:46:58.268,6.30373,6.30565,1.73,5.45
2011.04.18 14:46:58.605,6.30306,6.30486,1.50,1.35
2011.04.18 14:46:58.715,6.30306,6.30472,1.50,1.10
2011.04.18 14:46:58.824,6.30306,6.30472,1.50,1.10
2011.04.18 14:46:59.263,6.30289,6.30449,1.73,1.35
2011.04.18 14:46:59.484,6.30281,6.30453,1.47,1.70
2011.04.18 14:47:00.145,6.30274,6.30449,1.73,1.35
2011.04.18 14:47:00.255,6.30274,6.30453,1.73,1.70
2011.04.18 14:47:00.700,6.3029,6.30449,1.50,1.35
2011.04.18 14:47:00.812,6.30286,6.30453,1.54,1.70
2011.04.18 14:47:00.929,6.30279,6.30449,1.50,1.35
2011.04.18 14:47:01.267,6.30243,6.30395,1.50,1.35
2011.04.18 14:47:01.606,6.30232,6.30422,1.50,1.10
2011.04.18 14:47:01.718,6.30232,6.30449,1.50,4.35
2011.04.18 14:47:02.056,6.30262,6.30413,1.50,1.10
2011.04.18 14:47:02.276,6.30262,6.30413,1.50,1.10
2011.04.18 14:47:02.991,6.30207,6.30383,1.50,1.10
2011.04.18 14:47:03.214,6.30207,6.30393,1.50,1.10
2011.04.18 14:47:05.610,6.30215,6.30392,1.73,1.10
2011.04.18 14:47:05.834,6.30166,6.30392,1.35,1.10
2011.04.18 14:47:06.165,6.30188,6.30383,1.67,1.70
2011.04.18 14:47:06.493,6.3018,6.30377,1.13,1.35
2011.04.18 14:47:06.605,6.30156,6.30382,1.54,1.70
2011.04.18 14:47:06.939,6.30156,6.30392,1.54,1.10
2011.04.18 14:47:07.165,6.30165,6.30393,1.09,1.10
2011.04.18 14:47:07.824,6.30156,6.30382,1.54,1.10
2011.04.18 14:47:08.045,6.30156,6.30383,1.61,1.10
2011.04.18 14:47:08.704,6.30156,6.30382,1.68,1.10
2011.04.18 14:47:09.055,6.30166,6.30382,1.64,1.10
2011.04.18 14:47:09.715,6.30166,6.30382,1.64,1.10
2011.04.18 14:47:09.824,6.30166,6.30382,1.64,1.10
2011.04.18 14:47:10.043,6.30166,6.30382,1.58,1.10
2011.04.18 14:47:11.164,6.30166,6.30382,1.63,1.10
2011.04.18 14:47:11.635,6.30157,6.30382,1.68,1.10
2011.04.18 14:47:11.964,6.30157,6.30343,1.54,1.10
2011.04.18 14:47:12.184,6.3014,6.30343,1.54,1.10
2011.04.18 14:47:12.405,6.3014,6.30343,1.54,1.10
2011.04.18 14:47:12.623,6.3014,6.30362,1.54,1.10
2011.04.18 14:47:12.735,6.30157,6.30373,1.50,1.10
2011.04.18 14:47:13.284,6.30157,6.30373,1.59,1.10
2011.04.18 14:47:13.618,6.30158,6.30373,1.75,1.10
2011.04.18 14:47:13.954,6.30172,6.30372,1.60,1.10
2011.04.18 14:47:14.648,6.30158,6.30373,1.04,1.10
2011.04.18 14:47:14.988,6.3019,6.30393,1.50,1.10
2011.04.18 14:47:15.106,6.3019,6.30412,1.50,1.10
2011.04.18 14:47:15.325,6.3019,6.30412,1.67,1.10
2011.04.18 14:47:15.434,6.3019,6.30412,1.60,1.10
2011.04.18 14:47:15.546,6.3019,6.30412,1.60,1.10
2011.04.18 14:47:15.984,6.30181,6.30412,1.75,1.10
2011.04.18 14:47:16.314,6.30191,6.30412,1.75,1.10
2011.04.18 14:47:16.534,6.30191,6.30412,1.75,1.10
2011.04.18 14:47:16.866,6.30207,6.30412,1.01,1.10
2011.04.18 14:47:17.309,6.3022,6.30442,1.58,1.70
2011.04.18 14:47:17.429,6.3022,6.30453,1.58,1.10
2011.04.18 14:47:17.656,6.3023,6.30453,1.02,1.10
2011.04.18 14:47:17.986,6.3025,6.30453,1.02,1.10
2011.04.18 14:47:18.315,6.30233,6.30453,1.68,1.10
2011.04.18 14:47:18.532,6.30233,6.30453,1.68,1.10
2011.04.18 14:47:18.864,6.30222,6.30453,1.65,1.10
2011.04.18 14:47:19.193,6.30222,6.30472,1.65,1.70
2011.04.18 14:47:19.305,6.30247,6.30462,1.02,1.10
2011.04.18 14:47:19.940,6.30245,6.30463,1.82,1.10
2011.04.18 14:47:20.055,6.30245,6.30483,1.82,1.70
2011.04.18 14:47:20.274,6.30255,6.30483,1.57,1.10
2011.04.18 14:47:20.384,6.30268,6.30503,1.68,1.10
2011.04.18 14:47:20.495,6.30268,6.30503,1.69,1.10
2011.04.18 14:47:22.890,6.30298,6.30513,1.54,1.10
2011.04.18 14:47:23.335,6.30298,6.30513,1.48,1.10
2011.04.18 14:47:23.884,6.30282,6.30493,1.73,1.10
2011.04.18 14:47:23.995,6.30282,6.30502,1.59,1.70
2011.04.18 14:47:24.105,6.30282,6.30493,1.50,1.10
2011.04.18 14:47:24.326,6.3027,6.30472,1.64,1.35
2011.04.18 14:47:24.435,6.3027,6.30468,1.62,1.35
2011.04.18 14:47:24.544,6.3027,6.30468,1.54,1.35
2011.04.18 14:47:25.094,6.3025,6.30468,1.66,1.35
2011.04.18 14:47:25.205,6.3025,6.30468,1.66,1.35
2011.04.18 14:47:25.840,6.30214,6.30423,1.63,1.35
2011.04.18 14:47:26.165,6.30183,6.30398,1.01,1.10
2011.04.18 14:47:26.497,6.30182,6.30393,1.66,1.10
2011.04.18 14:47:26.605,6.30182,6.30393,1.66,1.10
2011.04.18 14:47:26.714,6.30203,6.30405,1.02,1.10
2011.04.18 14:47:27.045,6.30197,6.30405,1.72,1.10
2011.04.18 14:47:27.267,6.30189,6.30382,1.10,1.10
2011.04.18 14:47:27.494,6.30188,6.30342,1.11,2.45
2011.04.18 14:47:27.825,6.30177,6.30304,1.15,1.35
2011.04.18 14:47:27.933,6.30161,6.30304,1.07,1.35
2011.04.18 14:47:28.045,6.30124,6.30304,1.06,1.35
2011.04.18 14:47:28.154,6.30146,6.30304,1.17,1.35
2011.04.18 14:47:28.608,6.30118,6.30272,1.37,1.10
2011.04.18 14:47:28.945,6.30119,6.30283,1.17,1.10
2011.04.18 14:47:29.165,6.30149,6.30302,1.12,1.10
2011.04.18 14:47:29.384,6.30149,6.30317,1.12,1.10
2011.04.18 14:47:29.936,6.30174,6.30353,1.22,1.10
2011.04.18 14:47:30.266,6.30218,6.30368,1.22,1.10
2011.04.18 14:47:30.978,6.30209,6.30389,1.54,1.10
2011.04.18 14:47:31.092,6.30261,6.30412,1.39,1.10
2011.04.18 14:47:31.316,6.30261,6.30433,1.39,1.10
2011.04.18 14:47:31.536,6.30313,6.30433,1.07,1.10
2011.04.18 14:47:31.646,6.30313,6.30433,1.07,1.10
2011.04.18 14:47:31.754,6.30303,6.30442,1.32,1.10
2011.04.18 14:47:31.866,6.30293,6.30422,1.09,1.10
2011.04.18 14:47:32.193,6.3026,6.30423,1.28,1.10
2011.04.18 14:47:33.505,6.3027,6.30402,1.07,1.10
2011.04.18 14:47:33.834,6.30265,6.30383,1.02,1.10
2011.04.18 14:47:33.948,6.30248,6.30372,1.05,1.10
2011.04.18 14:47:34.175,6.30197,6.30369,1.37,1.70
2011.04.18 14:47:34.286,6.30217,6.30369,1.20,1.70
2011.04.18 14:47:34.395,6.30115,6.30352,1.35,1.10
2011.04.18 14:47:34.505,6.3013,6.30371,1.01,1.19
2011.04.18 14:47:34.615,6.30115,6.30371,1.35,1.19
2011.04.18 14:47:35.056,6.30142,6.30371,1.01,1.34
2011.04.18 14:47:35.167,6.30142,6.30373,1.01,1.34
2011.04.18 14:47:35.285,6.30142,6.30371,1.01,1.34
2011.04.18 14:47:35.854,6.30131,6.30325,1.16,1.34
2011.04.18 14:47:36.186,6.30131,6.30342,1.16,1.34
2011.04.18 14:47:36.954,6.30153,6.30371,1.01,1.34
2011.04.18 14:47:37.065,6.30153,6.30371,1.01,1.34
2011.04.18 14:47:37.175,6.30153,6.30376,1.01,1.19
2011.04.18 14:47:37.394,6.30153,6.30372,1.01,1.34
2011.04.18 14:47:37.615,6.30113,6.30343,1.01,1.35
2011.04.18 14:47:37.834,6.30153,6.30372,1.01,1.34
2011.04.18 14:47:37.945,6.30188,6.30383,1.01,1.34
2011.04.18 14:47:38.460,6.30109,6.30345,1.35,1.53
2011.04.18 14:47:38.870,6.30109,6.30345,1.35,1.53
2011.04.18 14:47:39.098,6.30113,6.30366,1.35,1.68
2011.04.18 14:47:39.326,6.30136,6.30373,1.35,1.68
2011.04.18 14:47:39.438,6.30131,6.30373,1.50,2.28
2011.04.18 14:47:39.777,6.30093,6.30332,1.35,1.68
2011.04.18 14:47:40.006,6.30094,6.30323,1.35,1.10
2011.04.18 14:47:40.226,6.30055,6.30299,1.35,1.70
2011.04.18 14:47:40.334,6.30061,6.30303,1.50,1.53
2011.04.18 14:47:40.446,6.30087,6.30322,1.01,1.50
2011.04.18 14:47:40.554,6.30087,6.30323,1.01,1.34
2011.04.18 14:47:40.664,6.30097,6.30323,1.01,1.34
2011.04.18 14:47:41.416,6.30086,6.30293,1.16,1.35
2011.04.18 14:47:41.743,6.3007,6.30293,1.35,1.70
2011.04.18 14:47:42.074,6.3008,6.30293,1.01,1.35
2011.04.18 14:47:43.695,6.30079,6.30273,1.16,1.35
2011.04.18 14:47:46.484,6.30049,6.30263,1.01,1.35
2011.04.18 14:47:46.594,6.30049,6.30263,1.01,1.35
2011.04.18 14:47:46.813,6.30049,6.30263,1.01,1.35
2011.04.18 14:47:47.145,6.30036,6.30232,1.16,1.35
2011.04.18 14:47:47.256,6.30024,6.30223,1.16,1.50
2011.04.18 14:47:47.366,6.30024,6.30225,1.16,1.34
2011.04.18 14:47:48.079,6.30037,6.30249,1.01,1.34
2011.04.18 14:47:48.199,6.30037,6.30261,1.01,1.19
2011.04.18 14:47:48.535,6.301,6.30283,1.35,3.18
2011.04.18 14:47:48.754,6.30111,6.30312,1.35,1.34
2011.04.18 14:47:49.304,6.30109,6.30331,1.35,1.34
2011.04.18 14:47:49.806,6.30102,6.30313,1.35,1.50
2011.04.18 14:47:49.927,6.30167,6.30313,2.10,1.50
2011.04.18 14:47:50.046,6.30167,6.30333,2.10,1.50
2011.04.18 14:47:50.266,6.30167,6.30343,2.10,1.35
2011.04.18 14:47:50.486,6.30167,6.3034,2.10,1.35
2011.04.18 14:47:50.704,6.30167,6.30343,2.10,1.35
2011.04.18 14:47:50.818,6.30167,6.3034,2.10,1.35
2011.04.18 14:47:51.493,6.30187,6.30332,2.10,1.50
2011.04.18 14:47:51.718,6.30187,6.3034,2.10,1.19
2011.04.18 14:47:51.839,6.30171,6.30323,2.10,1.35
2011.04.18 14:47:52.066,6.30197,6.30336,2.10,1.34
2011.04.18 14:47:52.175,6.30197,6.30342,2.10,1.34
2011.04.18 14:47:52.286,6.3018,6.30336,2.10,1.19
2011.04.18 14:47:52.616,6.30197,6.30336,2.10,1.34
2011.04.18 14:47:53.075,6.30197,6.30344,2.10,1.34
2011.04.18 14:47:53.184,6.30197,6.30344,2.10,1.34
2011.04.18 14:47:53.296,6.30162,6.3033,2.10,2.10
2011.04.18 14:47:54.206,6.30179,6.30332,2.10,2.10
2011.04.18 14:47:54.643,6.30179,6.30332,2.10,1.35
2011.04.18 14:47:55.485,6.30159,6.30332,2.10,1.35
2011.04.18 14:47:55.884,6.30159,6.30322,2.10,1.50
2011.04.18 14:47:56.774,6.30145,6.30303,1.35,1.35
2011.04.18 14:47:57.104,6.30137,6.30293,2.10,1.50
2011.04.18 14:47:57.435,6.30137,6.30293,2.10,1.34
2011.04.18 14:47:57.543,6.30137,6.30292,2.10,1.34
2011.04.18 14:47:58.407,6.30155,6.30303,2.10,1.34
2011.04.18 14:47:58.526,6.30155,6.30311,2.10,1.34
2011.04.18 14:47:58.745,6.30126,6.30298,1.35,2.10
2011.04.18 14:47:58.856,6.30135,6.30282,1.35,1.35
2011.04.18 14:47:58.965,6.30116,6.30283,2.10,1.35
2011.04.18 14:47:59.074,6.30116,6.30273,2.10,1.34
2011.04.18 14:47:59.406,6.30116,6.30265,2.10,1.34
2011.04.18 14:47:59.515,6.30116,6.30265,2.10,1.34
2011.04.18 14:47:59.735,6.30116,6.30267,2.10,1.34
2011.04.18 14:47:59.953,6.30116,6.30279,2.10,1.35
2011.04.18 14:48:00.175,6.30099,6.30263,2.10,1.19
2011.04.18 14:48:00.395,6.30129,6.30263,2.10,1.34
2011.04.18 14:48:00.614,6.30129,6.30289,2.10,1.19
2011.04.18 14:48:01.425,6.30129,6.30289,2.10,1.94
2011.04.18 14:48:01.753,6.30129,6.30289,2.10,1.19
2011.04.18 14:48:02.303,6.30129,6.30289,2.10,1.94
2011.04.18 14:48:02.743,6.30129,6.30289,2.10,1.19
2011.04.18 14:48:03.297,6.30129,6.30289,2.10,1.94
2011.04.18 14:48:03.894,6.30148,6.30289,2.10,1.34
2011.04.18 14:48:04.010,6.30148,6.30292,2.10,1.34
2011.04.18 14:48:04.347,6.3013,6.30292,2.10,1.34
2011.04.18 14:48:04.687,6.30093,6.30272,1.35,2.85
2011.04.18 14:48:04.808,6.30107,6.30252,2.10,1.50
2011.04.18 14:48:05.145,6.3009,6.30253,2.10,2.10
2011.04.18 14:48:05.694,6.30072,6.30241,2.10,1.35
2011.04.18 14:48:05.806,6.30065,6.30223,1.35,1.35
2011.04.18 14:48:06.028,6.30064,6.30208,1.35,1.35
2011.04.18 14:48:06.549,6.30045,6.30208,2.10,1.35
2011.04.18 14:48:06.663,6.30018,6.30154,2.10,1.50
2011.04.18 14:48:07.325,6.30018,6.30159,2.10,1.34
2011.04.18 14:48:07.544,6.30018,6.30143,2.10,1.50
2011.04.18 14:48:07.874,6.30018,6.30131,1.50,1.35
2011.04.18 14:48:07.984,6.30018,6.30132,1.50,1.53
2011.04.18 14:48:08.094,6.30018,6.30132,1.50,2.43
2011.04.18 14:48:08.205,6.30018,6.30146,1.50,1.53
2011.04.18 14:48:08.424,6.30018,6.30157,2.10,1.68
2011.04.18 14:48:08.754,6.30018,6.30162,2.10,1.19
2011.04.18 14:48:09.239,6.30018,6.30172,2.10,1.35
2011.04.18 14:48:09.361,6.30013,6.30147,2.10,1.34
2011.04.18 14:48:09.587,6.3,6.30153,2.10,1.85
2011.04.18 14:48:09.696,6.3,6.30158,2.10,1.35
2011.04.18 14:48:09.804,6.2998,6.3014,1.35,2.10
2011.04.18 14:48:09.917,6.29968,6.30122,2.10,1.28
2011.04.18 14:48:10.146,6.3,6.30142,2.10,1.10
2011.04.18 14:48:10.255,6.29932,6.30123,1.50,1.50
2011.04.18 14:48:10.476,6.29931,6.30092,1.50,1.70
2011.04.18 14:48:10.805,6.29892,6.3007,1.50,1.06
2011.04.18 14:48:10.915,6.29908,6.30095,1.50,1.22
2011.04.18 14:48:11.133,6.29908,6.30103,1.50,1.39
2011.04.18 14:48:11.464,6.29899,6.30039,1.50,1.50
2011.04.18 14:48:11.922,6.29838,6.29992,1.50,1.10
2011.04.18 14:48:12.051,6.29803,6.29942,1.50,1.70
2011.04.18 14:48:12.167,6.29781,6.29939,1.50,1.09
2011.04.18 14:48:12.285,6.29747,6.29939,1.50,1.07
2011.04.18 14:48:12.835,6.29737,6.29933,1.50,1.23
2011.04.18 14:48:15.086,6.2979,6.29973,1.50,1.10
2011.04.18 14:48:15.526,6.2979,6.29966,1.50,3.75
2011.04.18 14:48:15.855,6.29754,6.29943,1.50,1.10
2011.04.18 14:48:16.075,6.29792,6.29973,1.50,1.14
2011.04.18 14:48:16.514,6.29792,6.29973,1.50,1.14
2011.04.18 14:48:16.624,6.29792,6.29973,1.50,1.10
2011.04.18 14:48:17.404,6.29791,6.29973,1.50,1.10
2011.04.18 14:48:17.735,6.29791,6.29952,1.50,1.10
2011.04.18 14:48:17.847,6.29782,6.29983,1.50,1.14
2011.04.18 14:48:17.964,6.29803,6.29993,1.50,1.23
2011.04.18 14:48:18.075,6.29802,6.29993,1.50,1.21
2011.04.18 14:48:18.184,6.29802,6.29993,1.50,1.14
2011.04.18 14:48:18.405,6.29821,6.29993,1.50,1.10
2011.04.18 14:48:18.954,6.29821,6.29993,1.50,1.10
2011.04.18 14:48:19.284,6.29821,6.29993,1.50,1.10
2011.04.18 14:48:19.394,6.29821,6.29993,1.50,1.10
2011.04.18 14:48:19.506,6.29786,6.29993,1.50,1.14
2011.04.18 14:48:19.614,6.29786,6.29962,1.50,1.10
2011.04.18 14:48:19.725,6.29786,6.29962,1.50,1.10
2011.04.18 14:48:21.036,6.29818,6.29962,2.25,1.10
2011.04.18 14:48:21.146,6.29818,6.29962,1.50,1.10
2011.04.18 14:48:23.207,6.29818,6.29972,2.25,1.70
2011.04.18 14:48:23.326,6.29818,6.29972,1.50,1.70
2011.04.18 14:48:23.758,6.29818,6.29972,2.25,1.70
2011.04.18 14:48:24.416,6.29818,6.29972,1.50,1.10
2011.04.18 14:48:24.854,6.29818,6.29972,2.25,1.10
2011.04.18 14:48:26.025,6.2982,6.29992,1.50,1.10
2011.04.18 14:48:27.630,6.29852,6.30062,1.50,1.68
2011.04.18 14:48:27.749,6.29867,6.30072,1.50,1.68
2011.04.18 14:48:27.868,6.29898,6.30072,1.50,1.10
2011.04.18 14:48:28.096,6.29898,6.30053,1.50,1.10
2011.04.18 14:48:28.208,6.29886,6.30052,1.50,1.10
2011.04.18 14:48:28.436,6.29862,6.30053,1.50,1.70
2011.04.18 14:48:28.544,6.29846,6.30049,1.50,1.53
2011.04.18 14:48:28.863,6.29873,6.3005,1.50,1.10
2011.04.18 14:48:28.981,6.29872,6.30083,1.50,1.10
2011.04.18 14:48:29.094,6.2989,6.30083,1.50,1.10
2011.04.18 14:48:29.643,6.29902,6.30083,1.50,1.10
2011.04.18 14:48:30.367,6.29874,6.30083,1.50,1.10
2011.04.18 14:48:30.485,6.29874,6.30052,1.50,1.10
2011.04.18 14:48:33.365,6.29874,6.30033,1.50,1.10
2011.04.18 14:48:33.871,6.29863,6.30022,1.50,1.35
2011.04.18 14:48:33.990,6.29834,6.29993,1.50,1.10
2011.04.18 14:48:35.484,6.29834,6.29993,1.50,1.10
2011.04.18 14:48:35.593,6.29834,6.29993,1.50,1.10
2011.04.18 14:48:35.704,6.29818,6.29993,2.25,1.10
2011.04.18 14:48:36.254,6.29818,6.29983,2.25,1.10
2011.04.18 14:48:36.473,6.29818,6.29973,1.50,1.10
2011.04.18 14:48:37.916,6.29818,6.29992,1.50,1.10
2011.04.18 14:48:39.384,6.29817,6.29983,2.25,1.10
2011.04.18 14:48:39.825,6.29817,6.29992,2.25,1.10
2011.04.18 14:48:40.156,6.29817,6.29973,2.25,1.10
2011.04.18 14:48:40.815,6.29817,6.29973,2.25,1.10
2011.04.18 14:48:41.277,6.29817,6.29973,1.50,1.10
2011.04.18 14:48:42.693,6.29817,6.29973,2.25,1.10
2011.04.18 14:48:43.023,6.29817,6.29973,2.25,1.10
2011.04.18 14:48:43.575,6.29818,6.30003,2.25,1.10
2011.04.18 14:48:49.747,6.29823,6.30013,1.50,1.70
2011.04.18 14:48:50.526,6.29823,6.30013,1.50,1.70
2011.04.18 14:48:50.636,6.29833,6.30013,1.50,1.70
2011.04.18 14:48:53.844,6.29824,6.30002,1.50,1.10
2011.04.18 14:48:54.063,6.29824,6.30003,1.50,1.10
2011.04.18 14:48:54.726,6.29842,6.30047,1.50,1.53
2011.04.18 14:48:54.835,6.29842,6.30047,1.50,1.53
2011.04.18 14:48:54.944,6.29859,6.3006,1.50,1.53
2011.04.18 14:48:55.385,6.29868,6.30062,1.50,1.70
2011.04.18 14:48:56.265,6.29868,6.30042,1.50,1.70
2011.04.18 14:48:56.485,6.29826,6.29993,1.50,1.10
2011.04.18 14:48:56.706,6.29817,6.29993,2.25,1.10
2011.04.18 14:48:57.169,6.29817,6.30003,2.25,1.10
2011.04.18 14:48:57.294,6.2984,6.30033,1.50,1.10
2011.04.18 14:48:57.404,6.2984,6.30042,1.50,1.10
2011.04.18 14:48:57.625,6.29859,6.30052,1.50,1.10
2011.04.18 14:48:57.955,6.29859,6.30088,1.50,1.34
2011.04.18 14:48:58.066,6.29918,6.30102,1.50,1.10
2011.04.18 14:48:58.395,6.29917,6.30102,1.50,1.10
2011.04.18 14:48:58.835,6.29897,6.30102,1.50,1.68
2011.04.18 14:48:58.943,6.29897,6.30113,1.50,1.10
2011.04.18 14:48:59.751,6.29915,6.30123,1.50,1.10
2011.04.18 14:48:59.953,6.29956,6.30133,1.50,1.10
2011.04.18 14:49:01.277,6.29978,6.30207,1.50,1.68
2011.04.18 14:49:01.396,6.29978,6.30207,1.50,1.68
2011.04.18 14:49:01.728,6.30057,6.3023,1.35,1.20
2011.04.18 14:49:02.067,6.30078,6.30352,1.16,1.62
2011.04.18 14:49:02.540,6.30078,6.30352,1.16,1.10
2011.04.18 14:49:02.656,6.30097,6.30363,1.16,1.10
2011.04.18 14:49:03.535,6.30097,6.30343,1.16,1.10
2011.04.18 14:49:03.644,6.30097,6.30343,1.16,1.10
2011.04.18 14:49:04.304,6.30097,6.30353,1.16,1.70
2011.04.18 14:49:04.524,6.30097,6.30353,1.16,1.70
2011.04.18 14:49:04.925,6.30118,6.30353,1.35,1.10
2011.04.18 14:49:05.255,6.3012,6.30353,1.35,1.10
2011.04.18 14:49:05.803,6.3012,6.30353,1.35,1.10
2011.04.18 14:49:06.468,6.30108,6.30343,1.50,1.10
2011.04.18 14:49:06.804,6.30137,6.30362,1.50,1.70
2011.04.18 14:49:07.244,6.30137,6.30357,1.50,1.02
2011.04.18 14:49:07.794,6.30148,6.30332,1.50,1.10
2011.04.18 14:49:08.471,6.30193,6.30383,1.50,1.17
2011.04.18 14:49:08.584,6.30193,6.30373,1.50,1.10
2011.04.18 14:49:08.916,6.30193,6.30373,1.50,1.10
2011.04.18 14:49:09.025,6.30178,6.30363,1.50,1.10
2011.04.18 14:49:09.247,6.30196,6.30399,1.50,1.02
2011.04.18 14:49:09.355,6.30217,6.30402,1.50,1.70
2011.04.18 14:49:09.904,6.30218,6.30402,1.50,1.70
2011.04.18 14:49:10.126,6.30195,6.30422,1.50,1.76
2011.04.18 14:49:10.236,6.30195,6.30422,1.50,1.34
2011.04.18 14:49:10.345,6.30237,6.30438,1.50,1.02
2011.04.18 14:49:10.565,6.30229,6.30442,1.50,1.53
2011.04.18 14:49:11.566,6.30266,6.30466,1.50,1.01
2011.04.18 14:49:11.784,6.30266,6.30483,1.50,2.36
2011.04.18 14:49:12.334,6.30277,6.30462,1.50,1.10
2011.04.18 14:49:13.435,6.30277,6.30452,1.50,1.10
2011.04.18 14:49:13.655,6.30278,6.30452,1.50,1.10
2011.04.18 14:49:14.059,6.30278,6.30452,1.35,1.10
2011.04.18 14:49:14.196,6.30314,6.30555,1.01,1.34
2011.04.18 14:49:14.646,6.30314,6.30576,1.01,1.34
2011.04.18 14:49:14.755,6.30314,6.30583,1.01,1.68
2011.04.18 14:49:15.193,6.30314,6.30573,1.01,1.68
2011.04.18 14:49:15.525,6.30314,6.30562,1.01,1.10
2011.04.18 14:49:16.518,6.30316,6.30563,1.16,1.10
2011.04.18 14:49:17.106,6.30318,6.30554,1.16,1.34
2011.04.18 14:49:17.324,6.30318,6.30563,1.16,1.10
2011.04.18 14:49:17.436,6.30376,6.30575,2.10,1.01
2011.04.18 14:49:17.549,6.30413,6.30653,1.35,1.01
2011.04.18 14:49:17.666,6.30422,6.30665,1.35,1.01
2011.04.18 14:49:17.993,6.30458,6.3069,1.16,1.34
2011.04.18 14:49:18.447,6.30498,6.30735,1.16,1.34
2011.04.18 14:49:18.897,6.30507,6.30702,1.50,1.10
2011.04.18 14:49:19.494,6.30512,6.30732,1.50,1.42
2011.04.18 14:49:19.834,6.30512,6.30702,1.50,1.10
2011.04.18 14:49:20.166,6.3053,6.30734,1.50,1.34
2011.04.18 14:49:20.275,6.3053,6.30734,1.50,1.34
2011.04.18 14:49:20.604,6.30539,6.30743,1.50,1.17
2011.04.18 14:49:20.934,6.30539,6.30737,1.50,1.34
2011.04.18 14:49:21.154,6.30539,6.30737,1.50,1.42
2011.04.18 14:49:21.924,6.30523,6.30726,1.50,1.34
2011.04.18 14:49:22.490,6.30501,6.30705,1.50,1.34
2011.04.18 14:49:22.611,6.30501,6.30703,1.50,1.10
2011.04.18 14:49:22.959,6.30489,6.30693,1.50,1.34
2011.04.18 14:49:23.187,6.30489,6.30683,1.50,1.10
2011.04.18 14:49:23.307,6.30501,6.30702,1.35,1.42
2011.04.18 14:49:23.426,6.30512,6.30722,1.50,1.67
2011.04.18 14:49:23.646,6.30531,6.30722,1.50,1.34
2011.04.18 14:49:23.756,6.30531,6.30723,1.50,1.10
2011.04.18 14:49:24.084,6.30531,6.30723,1.50,1.10
2011.04.18 14:49:24.305,6.30541,6.30731,1.50,1.68
2011.04.18 14:49:24.527,6.30548,6.30742,1.50,1.10
2011.04.18 14:49:25.167,6.30536,6.30741,1.50,1.34
2011.04.18 14:49:25.826,6.30524,6.30751,1.50,1.68
2011.04.18 14:49:26.046,6.30546,6.30773,1.50,1.68
2011.04.18 14:49:26.154,6.30565,6.30773,1.50,1.34
2011.04.18 14:49:26.376,6.30583,6.30788,1.50,1.34
2011.04.18 14:49:26.595,6.30583,6.30788,1.50,1.34
2011.04.18 14:49:26.704,6.30583,6.30788,1.50,1.34
2011.04.18 14:49:27.035,6.30594,6.30793,1.50,1.10
2011.04.18 14:49:27.145,6.30594,6.30792,1.50,1.10
2011.04.18 14:49:27.473,6.30581,6.30786,1.50,1.34
2011.04.18 14:49:27.695,6.30581,6.30786,1.50,1.34
2011.04.18 14:49:28.263,6.30581,6.30786,1.50,1.34
2011.04.18 14:49:28.488,6.3055,6.30743,1.50,1.10
2011.04.18 14:49:28.934,6.3055,6.30778,1.50,1.34
2011.04.18 14:49:29.813,6.30575,6.30782,1.50,1.34
2011.04.18 14:49:30.144,6.30575,6.30778,1.50,1.38
2011.04.18 14:49:30.254,6.30564,6.30775,1.50,1.34
2011.04.18 14:49:31.356,6.30583,6.30792,1.50,1.61
2011.04.18 14:49:31.947,6.30583,6.30787,1.50,1.34
2011.04.18 14:49:32.174,6.30583,6.30793,1.50,1.34
2011.04.18 14:49:32.285,6.30583,6.3081,1.50,1.58
2011.04.18 14:49:32.724,6.306,6.30803,1.50,1.34
2011.04.18 14:49:33.163,6.306,6.30803,1.50,1.34
2011.04.18 14:49:33.933,6.306,6.30803,1.50,1.34
2011.04.18 14:49:34.486,6.306,6.30798,1.50,1.43
2011.04.18 14:49:34.594,6.306,6.30775,1.50,1.50
2011.04.18 14:49:34.815,6.30578,6.30762,1.50,1.10
2011.04.18 14:49:35.675,6.30565,6.30762,1.50,1.10
2011.04.18 14:49:35.789,6.30565,6.30742,1.50,1.10
2011.04.18 14:49:36.016,6.30542,6.30742,1.50,1.10
2011.04.18 14:49:36.236,6.30527,6.30706,1.50,1.34
2011.04.18 14:49:36.346,6.30527,6.30702,1.50,1.10
2011.04.18 14:49:36.567,6.30467,6.30682,1.50,1.68
2011.04.18 14:49:36.676,6.30467,6.30682,1.50,1.76
2011.04.18 14:49:36.786,6.30467,6.30663,1.50,1.50
2011.04.18 14:49:37.114,6.30422,6.30612,1.50,1.85
2011.04.18 14:49:37.225,6.30414,6.30602,1.50,1.35
2011.04.18 14:49:37.335,6.30377,6.30563,1.50,1.10
2011.04.18 14:49:37.556,6.30377,6.30563,1.50,1.10
2011.04.18 14:49:38.252,6.30319,6.30522,1.50,1.10
2011.04.18 14:49:38.474,6.3028,6.30483,1.35,1.10
2011.04.18 14:49:38.696,6.30242,6.30433,1.50,1.10
2011.04.18 14:49:38.804,6.30242,6.30433,1.50,1.10
2011.04.18 14:49:39.138,6.30203,6.30407,1.50,1.34
2011.04.18 14:49:39.258,6.30203,6.30407,1.50,1.34
2011.04.18 14:49:39.814,6.30204,6.30403,1.50,1.68
2011.04.18 14:49:39.927,6.30217,6.30413,1.50,1.10
2011.04.18 14:49:40.377,6.30239,6.30453,1.50,1.68
2011.04.18 14:49:40.496,6.30263,6.30453,1.35,1.34
2011.04.18 14:49:40.604,6.30288,6.30478,1.35,1.42
2011.04.18 14:49:40.714,6.30321,6.30513,1.50,1.26
2011.04.18 14:49:40.826,6.30321,6.30532,1.50,1.54
2011.04.18 14:49:40.935,6.30354,6.30536,1.50,4.11
2011.04.18 14:49:41.047,6.30354,6.30531,1.50,3.75
2011.04.18 14:49:41.165,6.30353,6.30549,1.50,4.50
2011.04.18 14:49:41.276,6.30353,6.30557,1.50,4.50
2011.04.18 14:49:41.383,6.30353,6.30557,1.50,4.50
2011.04.18 14:49:41.495,6.30369,6.30568,1.50,1.53
2011.04.18 14:49:41.718,6.30398,6.30575,1.50,3.75
2011.04.18 14:49:42.054,6.30414,6.30599,1.50,4.50
2011.04.18 14:49:42.532,6.30403,6.30599,1.50,4.50
2011.04.18 14:49:42.754,6.30403,6.30607,1.50,1.34
2011.04.18 14:49:43.415,6.30403,6.30607,1.50,1.34
2011.04.18 14:49:43.747,6.30417,6.30612,1.50,1.10
2011.04.18 14:49:44.193,6.30406,6.3061,1.50,1.34
2011.04.18 14:49:44.525,6.30406,6.3061,1.50,1.34
2011.04.18 14:49:44.746,6.30395,6.30598,1.50,1.50
2011.04.18 14:49:44.965,6.30395,6.30594,1.50,1.35
2011.04.18 14:49:45.188,6.3037,6.30563,1.50,1.10
2011.04.18 14:49:45.760,6.3037,6.30563,1.50,1.10
2011.04.18 14:49:46.104,6.3037,6.30563,1.50,1.10
2011.04.18 14:49:46.547,6.30357,6.30563,1.50,1.68
2011.04.18 14:49:46.658,6.30387,6.30552,1.50,1.10
2011.04.18 14:49:46.775,6.30387,6.30591,1.50,1.45
2011.04.18 14:49:46.995,6.30374,6.30591,1.50,1.34
2011.04.18 14:49:47.324,6.30408,6.30612,1.50,1.10
2011.04.18 14:49:47.434,6.30408,6.30612,1.50,1.10
2011.04.18 14:49:47.790,6.30417,6.30612,1.50,1.10
2011.04.18 14:49:48.126,6.30417,6.30612,1.50,1.10
2011.04.18 14:49:48.827,6.30417,6.30612,1.50,1.10
2011.04.18 14:49:48.935,6.30417,6.30632,1.50,1.54
2011.04.18 14:49:49.154,6.30442,6.30633,1.50,1.14
2011.04.18 14:49:49.376,6.30441,6.30633,1.50,1.10
2011.04.18 14:49:49.485,6.30441,6.30655,1.50,1.34
2011.04.18 14:49:49.594,6.30453,6.30672,1.50,1.34
2011.04.18 14:49:50.033,6.30454,6.30672,1.50,1.34
2011.04.18 14:49:50.365,6.30468,6.30673,1.50,1.34
2011.04.18 14:49:50.475,6.30457,6.30662,1.50,1.34
2011.04.18 14:49:50.696,6.30457,6.30653,1.50,1.10
2011.04.18 14:49:50.804,6.30457,6.30653,1.50,1.10
2011.04.18 14:49:51.683,6.30448,6.30653,1.50,1.10
2011.04.18 14:49:52.666,6.30465,6.30653,1.50,1.10
2011.04.18 14:49:52.886,6.30458,6.30653,1.50,1.10
2011.04.18 14:49:54.685,6.30449,6.30653,1.50,1.10
2011.04.18 14:49:55.015,6.3045,6.30653,1.50,1.10
2011.04.18 14:49:55.347,6.3045,6.30653,1.50,1.10
2011.04.18 14:49:55.456,6.30457,6.30653,1.50,1.10
2011.04.18 14:49:55.674,6.30457,6.30653,1.50,1.10
2011.04.18 14:49:55.895,6.30457,6.30662,1.50,1.10
2011.04.18 14:49:56.432,6.30468,6.30678,1.50,1.34
2011.04.18 14:49:56.551,6.30495,6.30698,1.50,1.34
2011.04.18 14:49:56.883,6.30503,6.30703,1.50,1.10
2011.04.18 14:49:57.214,6.30479,6.30683,1.50,1.34
2011.04.18 14:49:57.326,6.30479,6.30683,1.50,1.34
2011.04.18 14:49:57.653,6.3049,6.30697,1.50,1.34
2011.04.18 14:49:57.765,6.3049,6.30702,1.50,1.50
2011.04.18 14:49:57.878,6.30516,6.30723,2.10,1.10
2011.04.18 14:49:58.000,6.30563,6.30782,1.01,3.59
2011.04.18 14:49:58.226,6.30563,6.30802,1.01,1.38
2011.04.18 14:49:58.555,6.30563,6.3081,1.01,1.42
2011.04.18 14:49:58.775,6.30563,6.30813,1.01,1.18
2011.04.18 14:49:58.998,6.30563,6.30813,1.01,1.10
2011.04.18 14:49:59.777,6.30563,6.30813,1.01,1.10
2011.04.18 14:50:00.007,6.30563,6.30813,1.01,1.10
2011.04.18 14:50:00.334,6.30567,6.30799,1.16,1.34
2011.04.18 14:50:00.446,6.30567,6.30799,1.16,1.34
2011.04.18 14:50:00.885,6.30567,6.30802,1.16,1.34
2011.04.18 14:50:01.105,6.30585,6.30813,1.50,1.10
2011.04.18 14:50:01.546,6.3061,6.30822,1.35,1.10
2011.04.18 14:50:01.767,6.30616,6.30834,1.35,1.34
2011.04.18 14:50:02.361,6.30611,6.30852,1.35,1.10
2011.04.18 14:50:02.474,6.30608,6.3082,1.16,1.35
2011.04.18 14:50:02.695,6.30563,6.30793,1.50,1.85
2011.04.18 14:50:03.023,6.30563,6.30793,1.50,1.85
2011.04.18 14:50:03.134,6.30588,6.3082,1.16,1.44
2011.04.18 14:50:03.464,6.30588,6.3082,1.16,1.44
2011.04.18 14:50:03.684,6.30588,6.3082,1.16,1.35
2011.04.18 14:50:04.770,6.30588,6.30813,1.16,1.50
2011.04.18 14:50:05.885,6.30588,6.30812,1.16,1.50
2011.04.18 14:50:06.645,6.30588,6.3082,1.16,1.35
2011.04.18 14:50:07.194,6.30588,6.30768,1.16,4.50
2011.04.18 14:50:07.526,6.30532,6.30747,1.16,1.35
2011.04.18 14:50:07.856,6.30498,6.30726,1.16,1.50
2011.04.18 14:50:08.238,6.30498,6.30726,1.16,1.58
2011.04.18 14:50:08.818,6.30498,6.30722,1.16,1.50
2011.04.18 14:50:08.935,6.30497,6.30712,1.16,1.43
2011.04.18 14:50:09.374,6.30478,6.30712,1.16,1.43
2011.04.18 14:50:10.035,6.30478,6.30712,1.16,1.35
2011.04.18 14:50:10.255,6.30478,6.30712,1.16,1.35
2011.04.18 14:50:10.366,6.30478,6.30712,1.16,1.35
2011.04.18 14:50:11.404,6.30478,6.30712,1.16,1.35
2011.04.18 14:50:11.991,6.30454,6.30672,1.16,2.10
2011.04.18 14:50:12.114,6.30411,6.30633,1.16,1.43
2011.04.18 14:50:12.227,6.30395,6.30622,1.16,1.50
2011.04.18 14:50:12.346,6.30382,6.30593,1.16,1.35
2011.04.18 14:50:12.456,6.30382,6.30593,1.16,1.35
2011.04.18 14:50:12.783,6.30355,6.30593,1.16,2.22
2011.04.18 14:50:12.896,6.30387,6.30611,1.01,1.17
2011.04.18 14:50:13.007,6.30394,6.30611,1.01,1.17
2011.04.18 14:50:13.227,6.3042,6.30657,1.16,2.06
2011.04.18 14:50:13.335,6.30432,6.30653,1.16,1.50
2011.04.18 14:50:13.555,6.304,6.30649,1.16,1.46
2011.04.18 14:50:13.776,6.304,6.30649,1.16,1.63
2011.04.18 14:50:14.429,6.30401,6.30638,1.16,1.38
2011.04.18 14:50:14.766,6.30401,6.30652,1.16,1.38
2011.04.18 14:50:14.875,6.30401,6.30657,1.16,1.28
2011.04.18 14:50:15.206,6.30476,6.30723,1.01,1.59
2011.04.18 14:50:15.316,6.30516,6.30732,1.01,1.09
2011.04.18 14:50:15.428,6.30516,6.30752,1.01,1.64
2011.04.18 14:50:15.655,6.30516,6.30772,1.01,1.42
2011.04.18 14:50:15.766,6.30526,6.30784,1.16,1.34
2011.04.18 14:50:15.985,6.30561,6.30796,1.01,1.34
2011.04.18 14:50:16.205,6.30561,6.30795,1.01,1.34
2011.04.18 14:50:17.001,6.30515,6.3075,1.01,1.34
2011.04.18 14:50:17.116,6.30513,6.30722,1.16,1.35
2011.04.18 14:50:17.227,6.30484,6.30722,1.16,1.35
2011.04.18 14:50:17.348,6.30484,6.30722,1.16,1.39
2011.04.18 14:50:17.885,6.30484,6.30722,1.16,1.39
2011.04.18 14:50:18.105,6.30484,6.30722,1.16,1.39
2011.04.18 14:50:19.094,6.30484,6.30684,1.16,1.35
2011.04.18 14:50:19.498,6.30477,6.30684,1.16,1.35
2011.04.18 14:50:19.610,6.30447,6.30684,1.16,1.39
2011.04.18 14:50:19.726,6.30447,6.30686,1.16,1.38
2011.04.18 14:50:19.836,6.30447,6.30686,1.16,1.34
2011.04.18 14:50:19.948,6.30483,6.30687,1.16,1.50
2011.04.18 14:50:20.066,6.30483,6.30722,1.16,1.34
2011.04.18 14:50:20.175,6.30483,6.30725,1.16,1.19
2011.04.18 14:50:21.544,6.30483,6.30722,1.16,1.34
2011.04.18 14:50:21.875,6.3046,6.30699,1.16,1.34
2011.04.18 14:50:22.095,6.3045,6.30698,1.16,1.34
2011.04.18 14:50:22.605,6.30433,6.3068,1.16,1.34
2011.04.18 14:50:22.720,6.30433,6.3068,1.16,1.38
2011.04.18 14:50:22.837,6.30416,6.30662,1.16,1.34
2011.04.18 14:50:22.946,6.30417,6.30665,1.16,1.34
2011.04.18 14:50:23.055,6.30417,6.30673,1.16,1.38
2011.04.18 14:50:23.604,6.30419,6.30663,1.16,1.34
2011.04.18 14:50:24.374,6.30401,6.30653,1.76,1.34
2011.04.18 14:50:24.950,6.30415,6.30653,1.16,1.34
2011.04.18 14:50:25.851,6.30428,6.30673,1.16,1.34
2011.04.18 14:50:26.737,6.30403,6.30681,1.50,1.57
2011.04.18 14:50:28.804,6.30428,6.30673,1.35,1.68
2011.04.18 14:50:28.914,6.30439,6.30676,1.35,1.53
2011.04.18 14:50:29.135,6.30449,6.30682,1.35,1.70
2011.04.18 14:50:29.245,6.30449,6.30692,1.35,1.35
2011.04.18 14:50:29.703,6.30462,6.30692,1.50,1.35
2011.04.18 14:50:33.996,6.30474,6.30684,1.50,2.10
2011.04.18 14:50:34.229,6.30425,6.30623,1.35,1.10
2011.04.18 14:50:34.347,6.30388,6.30613,1.50,1.70
2011.04.18 14:50:34.795,6.30364,6.30613,1.50,1.70
2011.04.18 14:50:34.906,6.30358,6.30608,1.16,1.53
2011.04.18 14:50:35.016,6.30341,6.3059,1.35,1.57
2011.04.18 14:50:35.125,6.30338,6.3059,1.35,1.57
2011.04.18 14:50:37.987,6.30341,6.30592,1.35,1.70
2011.04.18 14:50:38.315,6.30341,6.30592,1.35,1.70
2011.04.18 14:50:38.863,6.30341,6.30592,1.35,1.70
2011.04.18 14:50:38.977,6.30341,6.30583,1.35,1.10
2011.04.18 14:50:41.334,6.30341,6.30563,1.35,1.10
2011.04.18 14:50:41.994,6.3033,6.30563,1.50,1.10
2011.04.18 14:50:42.105,6.30354,6.30563,1.35,1.10
2011.04.18 14:50:42.325,6.30362,6.30603,1.35,1.10
2011.04.18 14:50:42.655,6.30362,6.30603,1.35,1.10
2011.04.18 14:50:42.984,6.30362,6.30603,1.35,1.10
2011.04.18 14:50:44.747,6.30385,6.30603,1.35,1.10
2011.04.18 14:50:45.623,6.30385,6.30603,1.35,1.10
2011.04.18 14:50:46.305,6.30403,6.30603,1.35,1.10
2011.04.18 14:50:46.413,6.30403,6.30603,1.35,1.10
2011.04.18 14:50:46.756,6.30403,6.30603,1.35,1.10
2011.04.18 14:50:47.304,6.30369,6.30616,1.35,1.53
2011.04.18 14:50:47.769,6.30356,6.30593,1.35,1.52
2011.04.18 14:50:47.994,6.30332,6.30545,1.50,1.19
2011.04.18 14:50:48.105,6.30319,6.30545,1.50,1.53
2011.04.18 14:50:48.216,6.30318,6.30545,1.50,1.53
2011.04.18 14:50:48.768,6.30318,6.30555,1.35,1.18
2011.04.18 14:50:49.744,6.30339,6.30578,1.35,1.52
2011.04.18 14:50:51.126,6.30317,6.3055,1.16,1.19
2011.04.18 14:50:51.240,6.30313,6.3055,1.16,1.78
2011.04.18 14:50:52.026,6.30262,6.30492,1.50,1.34
2011.04.18 14:50:52.137,6.30261,6.30502,1.50,1.12
2011.04.18 14:50:52.365,6.30263,6.30505,1.50,1.53
2011.04.18 14:50:52.696,6.30257,6.30496,1.35,1.52
2011.04.18 14:50:53.025,6.30247,6.30482,1.01,1.34
2011.04.18 14:50:53.355,6.30247,6.30463,1.01,1.34
2011.04.18 14:50:53.948,6.30234,6.30452,1.16,1.34
2011.04.18 14:50:54.425,6.30235,6.30452,1.16,1.34
2011.04.18 14:50:54.534,6.30235,6.30442,1.16,1.34
2011.04.18 14:50:54.865,6.30235,6.30442,1.16,1.34
2011.04.18 14:50:55.468,6.30235,6.30433,1.16,1.34
2011.04.18 14:50:56.134,6.30224,6.30427,1.50,1.18
2011.04.18 14:50:56.465,6.30208,6.30403,1.16,1.34
2011.04.18 14:50:56.574,6.30208,6.30403,1.16,1.34
2011.04.18 14:50:56.906,6.30208,6.30373,1.16,1.34
2011.04.18 14:50:57.358,6.3017,6.30373,2.10,1.34
2011.04.18 14:50:57.480,6.3017,6.30381,2.10,1.18
2011.04.18 14:50:57.814,6.30211,6.30423,1.50,1.34
2011.04.18 14:50:58.146,6.30211,6.30402,1.50,1.34
2011.04.18 14:50:58.366,6.3021,6.30402,1.35,1.78
2011.04.18 14:50:58.913,6.3021,6.30402,1.35,1.78
2011.04.18 14:50:59.354,6.30198,6.30379,1.16,1.03
2011.04.18 14:50:59.468,6.3017,6.30372,1.35,1.19
2011.04.18 14:50:59.587,6.3017,6.30361,1.35,1.03
2011.04.18 14:51:00.963,6.30164,6.30361,1.50,1.03
2011.04.18 14:51:01.187,6.3018,6.30361,1.50,1.03
2011.04.18 14:51:01.405,6.3018,6.30384,1.50,1.03
2011.04.18 14:51:01.517,6.3018,6.30384,1.50,1.03
2011.04.18 14:51:01.954,6.3019,6.30394,1.50,1.03
2011.04.18 14:51:02.393,6.3019,6.30394,1.50,1.37
2011.04.18 14:51:03.422,6.30181,6.30382,1.50,1.53
2011.04.18 14:51:04.484,6.30181,6.30385,1.50,1.37
2011.04.18 14:51:04.924,6.30192,6.30396,1.50,1.37
2011.04.18 14:51:05.255,6.30226,6.30407,1.35,1.37
2011.04.18 14:51:05.695,6.30218,6.30397,1.35,1.03
2011.04.18 14:51:06.134,6.30226,6.30411,1.35,1.03
2011.04.18 14:51:07.904,6.30193,6.30402,1.35,1.15
2011.04.18 14:51:08.527,6.30193,6.30403,1.35,1.33
2011.04.18 14:51:09.073,6.30193,6.30403,1.35,1.33
2011.04.18 14:51:10.184,6.30193,6.30403,1.35,2.08
2011.04.18 14:51:10.734,6.30193,6.30402,1.35,1.74
2011.04.18 14:51:11.064,6.30193,6.30402,1.35,1.74
2011.04.18 14:51:11.615,6.30193,6.30402,1.35,1.74
2011.04.18 14:51:12.130,6.30193,6.30402,1.35,1.74
2011.04.18 14:51:14.189,6.30188,6.304,1.35,1.74
2011.04.18 14:51:14.414,6.30193,6.304,1.35,1.74
2011.04.18 14:51:14.855,6.30193,6.30392,1.35,1.74
2011.04.18 14:51:15.074,6.30188,6.30392,1.35,2.49
2011.04.18 14:51:15.294,6.30213,6.30392,2.10,1.74
2011.04.18 14:51:15.624,6.30243,6.30403,1.01,1.74
2011.04.18 14:51:17.276,6.30247,6.30422,2.51,1.74
2011.04.18 14:51:17.866,6.30245,6.30442,1.01,1.67
2011.04.18 14:51:18.413,6.30277,6.30442,1.01,1.67
2011.04.18 14:51:20.965,6.30246,6.30413,1.01,1.67
2011.04.18 14:51:25.623,6.30203,6.30408,1.01,1.67
2011.04.18 14:51:27.175,6.30205,6.30409,1.16,1.67
2011.04.18 14:51:27.725,6.30205,6.30409,1.16,1.67
2011.04.18 14:51:28.274,6.30205,6.30409,1.16,1.67
2011.04.18 14:51:29.449,6.30229,6.30418,1.16,1.15
2011.04.18 14:51:29.568,6.30186,6.3039,1.16,1.67
2011.04.18 14:51:33.435,6.30218,6.30415,1.16,1.67
2011.04.18 14:51:33.765,6.30181,6.30383,1.01,1.67
2011.04.18 14:51:34.757,6.30222,6.30383,1.16,1.09
2011.04.18 14:51:36.061,6.30223,6.30434,1.16,1.67
2011.04.18 14:51:36.180,6.30223,6.30435,1.16,1.67
2011.04.18 14:51:36.905,6.30223,6.30435,1.16,1.67
2011.04.18 14:51:37.277,6.30223,6.30435,1.16,1.67
2011.04.18 14:51:38.276,6.30276,6.30447,1.01,1.67
2011.04.18 14:51:38.496,6.30276,6.30473,1.01,1.34
2011.04.18 14:51:38.714,6.30276,6.30473,1.01,1.34
2011.04.18 14:51:38.933,6.30276,6.30466,1.01,1.34
2011.04.18 14:51:44.036,6.3025,6.30466,1.16,1.34
2011.04.18 14:51:44.475,6.30251,6.30448,1.16,1.34
2011.04.18 14:51:45.537,6.30239,6.30448,1.16,1.34
2011.04.18 14:51:45.646,6.30239,6.30448,1.16,1.34
2011.04.18 14:51:45.757,6.30238,6.3043,1.01,1.34
2011.04.18 14:51:47.589,6.30238,6.30442,1.01,1.34
2011.04.18 14:51:48.254,6.30238,6.30429,1.01,1.34
2011.04.18 14:51:48.474,6.30238,6.30429,1.01,1.34
2011.04.18 14:51:48.805,6.30238,6.3045,1.01,1.34
2011.04.18 14:51:51.966,6.30238,6.30451,1.01,1.34
2011.04.18 14:51:54.204,6.30238,6.30442,1.76,1.34
2011.04.18 14:51:56.904,6.30238,6.30431,1.01,1.34
2011.04.18 14:51:58.114,6.3024,6.30444,1.16,1.34
2011.04.18 14:51:58.334,6.3024,6.30444,1.16,1.34
2011.04.18 14:51:58.554,6.30241,6.30454,1.16,1.34
2011.04.18 14:51:59.103,6.30249,6.30454,1.16,1.34
2011.04.18 14:51:59.450,6.30247,6.30454,1.16,1.34
2011.04.18 14:51:59.571,6.30238,6.30433,1.01,1.34
2011.04.18 14:52:00.786,6.30238,6.30433,1.01,1.34
2011.04.18 14:52:02.135,6.30266,6.3047,1.16,1.34
2011.04.18 14:52:02.993,6.30266,6.30447,1.16,1.34
2011.04.18 14:52:03.117,6.30233,6.30404,1.50,1.35
2011.04.18 14:52:03.556,6.30233,6.30436,1.50,1.13
2011.04.18 14:52:03.665,6.30233,6.3046,1.50,1.68
2011.04.18 14:52:05.264,6.30238,6.30482,1.91,1.68
2011.04.18 14:52:05.595,6.30262,6.30482,1.50,1.68
2011.04.18 14:52:05.925,6.30353,6.3048,1.50,1.68
2011.04.18 14:52:06.456,6.30352,6.30462,1.50,1.68
2011.04.18 14:52:06.785,6.30352,6.30469,1.50,1.68
2011.04.18 14:52:09.246,6.30372,6.3045,1.50,1.34
2011.04.18 14:52:09.355,6.30201,6.3045,1.50,1.34
2011.04.18 14:52:09.466,6.30218,6.30467,1.50,1.68
2011.04.18 14:52:09.796,6.30203,6.30462,1.50,1.68
2011.04.18 14:52:10.344,6.30213,6.30462,1.50,1.68
2011.04.18 14:52:13.605,6.30245,6.30474,1.50,1.68
2011.04.18 14:52:17.171,6.30237,6.30464,1.50,1.68
2011.04.18 14:52:19.526,6.30205,6.30447,1.50,1.68
2011.04.18 14:52:19.635,6.30205,6.30429,1.50,1.68
2011.04.18 14:52:21.650,6.302,6.30427,1.50,1.68
2011.04.18 14:52:25.254,6.302,6.30439,1.50,1.68
2011.04.18 14:52:26.183,6.302,6.30429,1.50,1.68
2011.04.18 14:52:29.454,6.30245,6.30474,1.50,1.68
2011.04.18 14:52:29.564,6.30245,6.30474,1.50,1.34
2011.04.18 14:52:31.967,6.30245,6.30449,1.50,1.19
2011.04.18 14:52:35.314,6.30247,6.30449,1.35,1.34
2011.04.18 14:52:35.427,6.30277,6.3047,1.16,1.34
2011.04.18 14:52:35.646,6.30277,6.30483,1.16,1.94
2011.04.18 14:52:35.977,6.30291,6.30483,1.50,1.94
2011.04.18 14:52:36.316,6.30308,6.30518,1.16,1.19
2011.04.18 14:52:36.984,6.30315,6.30518,1.50,1.19
2011.04.18 14:52:37.995,6.30315,6.30518,1.50,1.19
2011.04.18 14:52:42.126,6.30347,6.30537,1.16,1.34
2011.04.18 14:52:42.235,6.30351,6.30551,1.50,1.13
2011.04.18 14:52:42.564,6.30351,6.30555,1.50,1.19
2011.04.18 14:52:42.674,6.30367,6.30566,1.50,1.35
2011.04.18 14:52:43.634,6.30367,6.30572,1.50,1.34
2011.04.18 14:52:43.964,6.30367,6.30576,1.50,1.34
2011.04.18 14:52:44.074,6.30377,6.30581,1.50,1.34
2011.04.18 14:52:44.404,6.30377,6.30581,1.50,1.34
2011.04.18 14:52:45.821,6.30347,6.30568,1.16,1.50
2011.04.18 14:52:45.931,6.3031,6.30494,1.50,1.34
2011.04.18 14:52:47.493,6.30292,6.30493,1.35,1.34
2011.04.18 14:52:47.824,6.30292,6.30506,1.35,1.34
2011.04.18 14:52:48.159,6.30314,6.30506,1.35,1.34
2011.04.18 14:52:48.275,6.30336,6.30525,1.35,1.34
2011.04.18 14:52:48.860,6.30328,6.30522,1.16,1.34
2011.04.18 14:52:48.975,6.30311,6.30511,1.50,1.10
2011.04.18 14:52:49.745,6.30335,6.30522,1.35,1.68
2011.04.18 14:52:50.075,6.30337,6.30522,1.35,1.10
2011.04.18 14:52:50.515,6.30289,6.30493,1.50,1.10
2011.04.18 14:52:50.625,6.3028,6.30482,1.35,1.10
2011.04.18 14:52:50.735,6.3028,6.30472,1.35,1.68
2011.04.18 14:52:51.781,6.30314,6.30508,1.35,1.10
2011.04.18 14:52:52.343,6.30314,6.30508,1.35,1.10
2011.04.18 14:52:53.455,6.30314,6.3052,1.35,1.10
2011.04.18 14:52:53.677,6.30358,6.30523,1.35,1.10
2011.04.18 14:52:55.215,6.30377,6.30562,1.50,1.10
2011.04.18 14:52:55.329,6.30359,6.30572,1.50,1.10
2011.04.18 14:52:55.448,6.3038,6.30587,2.10,1.68
2011.04.18 14:52:55.566,6.30385,6.30587,1.35,1.68
2011.04.18 14:52:55.678,6.30479,6.30587,2.10,1.10
2011.04.18 14:52:55.800,6.30479,6.3066,2.10,1.68
2011.04.18 14:52:55.916,6.30518,6.30666,2.10,1.34
2011.04.18 14:52:56.028,6.30494,6.30693,1.50,1.34
2011.04.18 14:52:56.147,6.30449,6.30674,2.10,1.19
2011.04.18 14:52:56.565,6.30449,6.30655,1.35,1.19
2011.04.18 14:52:56.681,6.30476,6.30655,1.50,1.19
2011.04.18 14:52:57.019,6.30496,6.30682,1.35,1.53
2011.04.18 14:52:57.138,6.30496,6.30682,1.35,1.19
2011.04.18 14:52:57.475,6.30496,6.30693,1.35,1.19
2011.04.18 14:52:57.931,6.30525,6.30718,1.50,1.94
2011.04.18 14:52:58.266,6.30623,6.30818,2.85,1.34
2011.04.18 14:52:58.376,6.30623,6.30837,2.10,1.19
2011.04.18 14:52:58.595,6.30608,6.30792,1.16,2.10
2011.04.18 14:52:58.925,6.30589,6.30777,1.50,2.10
2011.04.18 14:52:59.035,6.30564,6.30756,1.50,1.35
2011.04.18 14:52:59.145,6.3056,6.30756,1.35,1.35
2011.04.18 14:52:59.255,6.30552,6.30756,1.35,1.35
2011.04.18 14:52:59.477,6.30548,6.30753,1.50,1.19
2011.04.18 14:52:59.706,6.30572,6.30757,1.35,1.34
2011.04.18 14:52:59.925,6.30602,6.30793,1.35,1.34
2011.04.18 14:53:00.036,6.30602,6.30816,1.35,1.53
2011.04.18 14:53:00.591,6.30667,6.30841,2.10,2.09
2011.04.18 14:53:00.929,6.30711,6.30948,1.35,1.19
2011.04.18 14:53:01.049,6.30785,6.30962,2.10,1.68
2011.04.18 14:53:01.496,6.30852,6.31053,1.35,1.34
2011.04.18 14:53:01.608,6.30863,6.31072,2.10,1.34
2011.04.18 14:53:01.949,6.30898,6.31055,2.10,1.68
2011.04.18 14:53:02.068,6.30912,6.31082,1.35,2.10
2011.04.18 14:53:03.022,6.30888,6.31062,1.35,1.10
2011.04.18 14:53:03.135,6.3088,6.31062,1.35,1.70
2011.04.18 14:53:03.246,6.3088,6.31062,1.35,1.70
2011.04.18 14:53:03.468,6.3088,6.31062,1.35,1.70
2011.04.18 14:53:03.698,6.30934,6.31062,1.35,1.10
2011.04.18 14:53:04.038,6.3102,6.31192,1.35,1.53
2011.04.18 14:53:04.155,6.3102,6.31206,1.35,1.56
2011.04.18 14:53:04.265,6.3102,6.31206,1.35,1.19
2011.04.18 14:53:04.377,6.3102,6.31206,1.35,1.35
2011.04.18 14:53:04.605,6.30986,6.31131,1.50,1.35
2011.04.18 14:53:04.717,6.3096,6.31146,1.35,1.35
2011.04.18 14:53:04.826,6.30945,6.31146,2.85,1.35
2011.04.18 14:53:05.556,6.30919,6.31059,1.50,2.10
2011.04.18 14:53:05.788,6.30897,6.31051,1.35,2.45
2011.04.18 14:53:06.019,6.3087,6.31019,1.50,2.10
2011.04.18 14:53:06.358,6.30964,6.31054,1.91,1.34
2011.04.18 14:53:06.478,6.30964,6.3112,1.50,1.03
2011.04.18 14:53:06.596,6.30964,6.31177,1.50,1.56
2011.04.18 14:53:06.928,6.30899,6.31144,1.16,1.35
2011.04.18 14:53:07.047,6.30886,6.31144,1.16,1.35
2011.04.18 14:53:07.155,6.3085,6.31144,1.16,1.35
2011.04.18 14:53:07.485,6.30897,6.31076,1.01,2.10
2011.04.18 14:53:07.873,6.30877,6.3105,1.01,2.10
2011.04.18 14:53:08.001,6.30869,6.3105,1.35,2.40
2011.04.18 14:53:08.339,6.30848,6.31018,1.16,2.45
2011.04.18 14:53:08.679,6.30906,6.31047,2.10,1.57
2011.04.18 14:53:08.798,6.30925,6.31074,1.35,1.35
2011.04.18 14:53:08.918,6.30925,6.31095,1.35,2.38
2011.04.18 14:53:09.365,6.30925,6.31095,1.35,2.37
2011.04.18 14:53:09.478,6.30944,6.31105,1.35,1.02
2011.04.18 14:53:09.926,6.30944,6.3111,1.35,2.32
2011.04.18 14:53:10.338,6.30944,6.3111,1.35,2.32
2011.04.18 14:53:11.335,6.30946,6.31125,1.35,1.02
2011.04.18 14:53:11.667,6.30931,6.31097,1.50,2.10
2011.04.18 14:53:12.106,6.30922,6.31097,1.35,2.28
2011.04.18 14:53:12.215,6.30922,6.31097,1.35,2.48
2011.04.18 14:53:12.763,6.30911,6.31097,1.35,2.49
2011.04.18 14:53:14.404,6.30911,6.31097,1.35,2.43
2011.04.18 14:53:14.735,6.30903,6.31077,1.35,2.18
2011.04.18 14:53:15.065,6.30886,6.31054,2.10,2.10
2011.04.18 14:53:15.175,6.30886,6.31054,1.35,2.10
2011.04.18 14:53:15.285,6.30895,6.31087,1.50,1.05
2011.04.18 14:53:15.394,6.31003,6.31227,4.50,3.75
2011.04.18 14:53:15.503,6.31003,6.31272,4.50,1.47
2011.04.18 14:53:15.615,6.31013,6.31252,1.01,3.75
2011.04.18 14:53:15.724,6.31013,6.31302,1.01,1.47
2011.04.18 14:53:15.833,6.31013,6.31302,1.01,1.10
2011.04.18 14:53:16.163,6.31013,6.31302,1.01,1.10
2011.04.18 14:53:16.714,6.31033,6.31282,1.01,1.10
2011.04.18 14:53:17.571,6.31033,6.31282,1.01,1.10
2011.04.18 14:53:17.907,6.31035,6.31282,4.50,1.10
2011.04.18 14:53:18.015,6.31082,6.31289,1.01,1.34
2011.04.18 14:53:19.007,6.31082,6.31329,1.01,1.34
2011.04.18 14:53:19.116,6.31082,6.31269,1.01,1.50
2011.04.18 14:53:19.225,6.31082,6.3129,1.01,2.26
2011.04.18 14:53:19.446,6.31082,6.31273,1.01,1.39
2011.04.18 14:53:19.994,6.31082,6.31282,1.01,1.30
2011.04.18 14:53:21.744,6.31087,6.31273,1.01,1.16
2011.04.18 14:53:22.184,6.31087,6.31312,1.01,1.50
2011.04.18 14:53:22.295,6.31087,6.3129,1.01,1.59
2011.04.18 14:53:22.845,6.3105,6.31282,1.01,1.40
2011.04.18 14:53:22.956,6.31037,6.31282,1.01,1.60
2011.04.18 14:53:23.415,6.31037,6.31272,1.01,1.61
2011.04.18 14:53:25.684,6.31037,6.31245,1.01,1.08
2011.04.18 14:53:25.904,6.31037,6.31263,1.01,1.50
2011.04.18 14:53:26.344,6.31037,6.3126,1.76,1.50
2011.04.18 14:53:26.565,6.30997,6.31243,1.16,1.10
2011.04.18 14:53:26.870,6.30993,6.31236,2.51,1.50
2011.04.18 14:53:27.128,6.30993,6.31236,2.51,1.50
2011.04.18 14:53:27.937,6.30993,6.31236,2.51,1.50
2011.04.18 14:53:28.713,6.30997,6.31232,1.16,1.50
2011.04.18 14:53:29.604,6.30997,6.31233,1.16,2.09
2011.04.18 14:53:29.717,6.30997,6.31247,1.16,1.53
2011.04.18 14:53:29.825,6.31059,6.31258,1.35,1.10
2011.04.18 14:53:29.934,6.3103,6.31258,1.35,1.10
2011.04.18 14:53:30.044,6.31029,6.31279,2.10,1.19
2011.04.18 14:53:30.264,6.31029,6.31203,2.10,1.34
2011.04.18 14:53:30.594,6.31029,6.31187,2.10,1.10
2011.04.18 14:53:30.705,6.31029,6.31295,2.10,1.68
2011.04.18 14:53:30.925,6.31044,6.31295,2.10,1.68
2011.04.18 14:53:31.147,6.31069,6.31295,2.10,1.10
2011.04.18 14:53:31.255,6.31069,6.31325,2.10,1.68
2011.04.18 14:53:32.026,6.31041,6.31295,1.50,2.28
2011.04.18 14:53:32.415,6.31048,6.31297,1.50,1.70
2011.04.18 14:53:32.964,6.31014,6.31223,1.35,1.10
2011.04.18 14:53:33.296,6.3104,6.31223,2.10,1.10
2011.04.18 14:53:33.407,6.3104,6.31236,2.10,1.50
2011.04.18 14:53:33.624,6.3104,6.31223,2.10,1.10
2011.04.18 14:53:33.844,6.31005,6.31223,1.35,1.10
2011.04.18 14:53:34.175,6.31027,6.31241,1.01,1.50
2011.04.18 14:53:34.286,6.31049,6.31262,1.50,1.19
2011.04.18 14:53:34.395,6.31027,6.31222,1.16,1.50
2011.04.18 14:53:34.505,6.31002,6.31217,1.16,1.34
2011.04.18 14:53:34.616,6.30963,6.31211,1.35,1.68
2011.04.18 14:53:35.836,6.30963,6.31193,1.35,1.10
2011.04.18 14:53:36.166,6.31025,6.31233,2.10,1.10
2011.04.18 14:53:36.274,6.31025,6.31242,2.10,1.50
2011.04.18 14:53:36.791,6.30994,6.31189,1.01,1.35
2011.04.18 14:53:36.905,6.30978,6.31189,1.01,1.35
2011.04.18 14:53:37.018,6.30967,6.31164,1.01,1.35
2011.04.18 14:53:38.235,6.31028,6.31186,1.35,1.34
2011.04.18 14:53:38.344,6.31005,6.31186,1.35,1.34
2011.04.18 14:53:38.454,6.31028,6.31223,1.35,1.50
2011.04.18 14:53:38.563,6.31028,6.31224,1.35,1.34
2011.04.18 14:53:39.005,6.31005,6.31208,1.16,2.10
2011.04.18 14:53:39.225,6.30975,6.31176,1.16,1.19
2011.04.18 14:53:39.335,6.30955,6.31174,1.01,1.35
2011.04.18 14:53:39.444,6.30946,6.31176,1.35,1.53
2011.04.18 14:53:40.104,6.30948,6.31174,1.01,1.35
2011.04.18 14:53:40.569,6.30966,6.31205,1.50,1.53
2011.04.18 14:53:41.013,6.31031,6.31243,2.10,1.50
2011.04.18 14:53:41.456,6.31018,6.31238,1.16,1.35
2011.04.18 14:53:41.564,6.3101,6.31238,1.50,1.70
2011.04.18 14:53:41.675,6.30986,6.31203,1.50,1.10
2011.04.18 14:53:41.784,6.30978,6.31203,1.35,1.10
2011.04.18 14:53:42.008,6.31004,6.31165,2.10,2.10
2011.04.18 14:53:44.444,6.30988,6.31139,1.01,2.10
2011.04.18 14:53:44.555,6.30995,6.31158,2.10,2.10
2011.04.18 14:53:47.733,6.30988,6.31197,1.01,1.35
2011.04.18 14:53:47.846,6.31007,6.31197,1.01,1.35
2011.04.18 14:53:49.015,6.31007,6.31197,1.01,1.35
2011.04.18 14:53:49.445,6.30986,6.31196,2.10,1.10
2011.04.18 14:53:49.559,6.30962,6.31194,1.35,1.70
2011.04.18 14:53:51.513,6.30966,6.31193,1.35,1.70
2011.04.18 14:53:52.614,6.30966,6.31182,1.35,1.70
2011.04.18 14:53:52.945,6.30928,6.31143,1.50,1.35
2011.04.18 14:53:53.055,6.30921,6.31123,1.35,1.10
2011.04.18 14:53:53.167,6.30904,6.31113,1.50,1.35
2011.04.18 14:53:53.278,6.30885,6.31103,1.50,1.35
2011.04.18 14:53:53.510,6.30877,6.31078,1.01,1.35
2011.04.18 14:53:54.436,6.30848,6.31067,1.35,2.10
2011.04.18 14:53:57.996,6.30898,6.31057,1.01,1.04
2011.04.18 14:53:58.104,6.30898,6.31066,1.01,1.62
2011.04.18 14:53:58.215,6.30879,6.31059,1.16,2.10
2011.04.18 14:53:58.434,6.30844,6.31045,1.16,1.35
2011.04.18 14:53:58.764,6.30815,6.31044,1.01,1.47
2011.04.18 14:53:59.864,6.30815,6.31027,1.01,1.35
2011.04.18 14:53:59.975,6.30859,6.31044,2.10,1.71
2011.04.18 14:54:00.306,6.30827,6.31048,1.16,1.34
2011.04.18 14:54:00.415,6.30787,6.31033,1.16,1.10
2011.04.18 14:54:00.524,6.30841,6.30986,1.01,2.10
2011.04.18 14:54:00.635,6.30825,6.30986,2.10,2.10
2011.04.18 14:54:02.206,6.30854,6.31022,2.10,2.10
2011.04.18 14:54:02.315,6.30864,6.31043,1.35,1.10
2011.04.18 14:54:02.425,6.30873,6.31066,1.35,1.03
2011.04.18 14:54:02.537,6.30931,6.31082,2.10,1.70
2011.04.18 14:54:02.864,6.30961,6.31107,2.10,1.35
2011.04.18 14:54:03.196,6.30979,6.31113,2.10,1.10
2011.04.18 14:54:03.868,6.30953,6.31104,2.10,1.35
2011.04.18 14:54:03.983,6.30934,6.31092,2.10,1.47
2011.04.18 14:54:04.099,6.30921,6.31082,2.10,2.10
2011.04.18 14:54:04.218,6.30935,6.31084,2.10,1.35
2011.04.18 14:54:04.557,6.30921,6.31072,2.10,1.35
2011.04.18 14:54:04.885,6.30921,6.31067,2.10,1.35
2011.04.18 14:54:05.104,6.30921,6.31077,2.10,1.03
2011.04.18 14:54:05.494,6.30921,6.31067,2.10,1.47
2011.04.18 14:54:05.603,6.30921,6.31077,2.10,1.03
2011.04.18 14:54:05.714,6.30847,6.31057,1.16,1.35
2011.04.18 14:54:05.825,6.30846,6.31057,1.16,1.35
2011.04.18 14:54:05.935,6.308,6.31012,1.16,1.43
2011.04.18 14:54:06.045,6.30787,6.31012,1.76,1.43
2011.04.18 14:54:06.264,6.30787,6.31012,1.76,1.54
2011.04.18 14:54:06.813,6.30787,6.31012,1.76,1.58
2011.04.18 14:54:07.147,6.30854,6.31025,2.10,1.45
2011.04.18 14:54:07.364,6.30859,6.31062,1.35,1.74
2011.04.18 14:54:08.040,6.30854,6.31063,2.10,1.75
2011.04.18 14:54:08.484,6.30854,6.31048,2.10,1.02
2011.04.18 14:54:08.599,6.30827,6.31048,1.01,1.62
2011.04.18 14:54:08.716,6.30827,6.31033,1.01,1.50
2011.04.18 14:54:09.048,6.30861,6.3102,2.10,2.22
2011.04.18 14:54:09.387,6.30843,6.31002,2.10,1.35
2011.04.18 14:54:09.497,6.30822,6.30985,2.10,2.10
2011.04.18 14:54:10.046,6.30822,6.30972,2.10,1.47
2011.04.18 14:54:10.154,6.30822,6.30968,2.10,1.47
2011.04.18 14:54:10.939,6.30898,6.30977,2.10,1.14
2011.04.18 14:54:11.057,6.3087,6.31002,2.10,1.27
2011.04.18 14:54:11.166,6.30892,6.3106,2.10,2.10
2011.04.18 14:54:11.274,6.30892,6.3106,2.10,1.35
2011.04.18 14:54:11.494,6.30892,6.3106,2.10,1.35
2011.04.18 14:54:11.605,6.30853,6.31035,2.10,2.10
2011.04.18 14:54:12.855,6.30892,6.31042,2.10,1.06
2011.04.18 14:54:13.296,6.30869,6.31032,2.10,2.10
2011.04.18 14:54:13.405,6.30848,6.31042,2.10,1.06
2011.04.18 14:54:13.624,6.30826,6.31026,2.10,2.10
2011.04.18 14:54:14.299,6.3083,6.31026,2.10,1.50
2011.04.18 14:54:14.856,6.30853,6.31031,2.10,1.50
2011.04.18 14:54:15.516,6.3088,6.31041,2.10,1.24
2011.04.18 14:54:15.626,6.3088,6.31042,2.10,1.10
2011.04.18 14:54:15.846,6.3088,6.31051,2.10,1.54
2011.04.18 14:54:15.956,6.30847,6.31042,1.35,1.10
2011.04.18 14:54:16.065,6.30888,6.31051,2.10,1.25
2011.04.18 14:54:16.395,6.30888,6.31062,2.10,1.10
2011.04.18 14:54:17.085,6.30888,6.31071,2.10,1.10
2011.04.18 14:54:18.604,6.30862,6.31042,3.60,1.35
2011.04.18 14:54:18.715,6.3091,6.31062,2.10,1.25
2011.04.18 14:54:18.824,6.3091,6.31072,2.10,1.02
2011.04.18 14:54:19.045,6.3087,6.31038,1.16,1.35
2011.04.18 14:54:19.154,6.30835,6.31069,1.16,1.50
2011.04.18 14:54:19.264,6.30835,6.31038,1.16,1.08
2011.04.18 14:54:19.594,6.3084,6.31034,2.10,1.34
2011.04.18 14:54:19.924,6.3084,6.31033,2.10,1.13
2011.04.18 14:54:20.474,6.3084,6.31033,2.10,1.34
2011.04.18 14:54:21.379,6.30915,6.31049,2.10,1.10
2011.04.18 14:54:21.500,6.30915,6.31091,2.10,1.11
2011.04.18 14:54:21.617,6.30892,6.31078,2.10,1.19
2011.04.18 14:54:22.395,6.30915,6.31089,2.10,1.35
2011.04.18 14:54:22.725,6.30915,6.3109,2.10,1.35
2011.04.18 14:54:24.645,6.30945,6.3109,2.10,1.35
2011.04.18 14:54:28.264,6.30959,6.31128,1.16,1.50
2011.04.18 14:54:28.375,6.30959,6.31155,1.16,1.34
2011.04.18 14:54:28.485,6.30983,6.31188,4.91,1.34
2011.04.18 14:54:28.596,6.30987,6.31211,1.16,1.34
2011.04.18 14:54:28.704,6.30988,6.3125,1.16,1.34
2011.04.18 14:54:29.587,6.30981,6.31242,1.16,1.34
2011.04.18 14:54:29.804,6.30981,6.31218,1.16,1.34
2011.04.18 14:54:29.915,6.30969,6.31215,1.01,1.34
2011.04.18 14:54:30.137,6.30945,6.31208,1.16,1.34
2011.04.18 14:54:30.657,6.30925,6.31158,1.01,1.34
2011.04.18 14:54:30.766,6.30921,6.31152,1.35,1.10
2011.04.18 14:54:31.095,6.30921,6.31115,1.35,1.10
2011.04.18 14:54:32.904,6.30892,6.31099,1.50,1.70
2011.04.18 14:54:33.015,6.30899,6.31099,1.50,1.70
2011.04.18 14:54:33.455,6.30882,6.31096,1.50,1.10
2011.04.18 14:54:33.786,6.30906,6.31096,1.50,1.70
2011.04.18 14:54:34.279,6.30915,6.31109,1.35,1.10
2011.04.18 14:54:34.397,6.30908,6.31102,1.50,2.10
2011.04.18 14:54:34.517,6.30908,6.31102,1.50,2.10
2011.04.18 14:54:34.629,6.30865,6.31062,1.50,2.10
2011.04.18 14:54:34.859,6.30828,6.31058,1.35,1.70
2011.04.18 14:54:35.086,6.30828,6.31046,1.35,1.70
2011.04.18 14:54:35.526,6.30844,6.31046,1.35,1.10
2011.04.18 14:54:35.635,6.30854,6.31056,1.35,1.10
2011.04.18 14:54:36.186,6.30854,6.31065,1.35,1.70
2011.04.18 14:54:38.484,6.30837,6.31042,1.50,1.10
2011.04.18 14:54:38.817,6.30837,6.31042,1.50,1.10
2011.04.18 14:54:38.926,6.30826,6.31,1.50,1.10
2011.04.18 14:54:39.254,6.30827,6.31,1.50,1.10
2011.04.18 14:54:44.006,6.30827,6.31015,1.50,1.10
2011.04.18 14:54:44.225,6.30827,6.31015,1.50,1.70
2011.04.18 14:54:44.445,6.30791,6.30964,1.50,1.10
2011.04.18 14:54:44.556,6.30773,6.30954,1.50,1.10
2011.04.18 14:54:44.665,6.30773,6.30943,1.50,1.10
2011.04.18 14:54:45.236,6.30785,6.30963,1.50,1.10
2011.04.18 14:54:45.351,6.30802,6.30982,1.50,1.10
2011.04.18 14:54:46.017,6.30831,6.30997,1.50,1.10
2011.04.18 14:54:46.125,6.30831,6.30997,1.50,1.10
2011.04.18 14:54:46.565,6.30831,6.31005,1.50,1.10
2011.04.18 14:54:47.226,6.30864,6.31031,1.50,1.10
2011.04.18 14:54:47.334,6.3089,6.31103,1.35,1.34
2011.04.18 14:54:47.664,6.30903,6.31122,1.50,1.10
2011.04.18 14:54:47.777,6.30903,6.31112,1.50,1.35
2011.04.18 14:54:47.996,6.30841,6.31095,1.50,1.70
2011.04.18 14:54:48.787,6.30865,6.31095,1.16,1.35
2011.04.18 14:54:49.114,6.30878,6.31095,1.16,1.35
2011.04.18 14:54:49.886,6.30856,6.31083,1.50,1.35
2011.04.18 14:54:50.106,6.30847,6.31028,1.16,1.94
2011.04.18 14:54:50.214,6.30778,6.31022,1.16,1.10
2011.04.18 14:54:50.325,6.30778,6.30987,1.16,1.35
2011.04.18 14:54:50.437,6.30777,6.30978,1.01,1.35
2011.04.18 14:54:50.556,6.30788,6.31,1.35,1.34
2011.04.18 14:54:50.885,6.30786,6.30955,2.10,1.56
2011.04.18 14:54:51.485,6.3078,6.30953,2.10,1.34
2011.04.18 14:54:51.933,6.3078,6.3094,2.10,1.35
2011.04.18 14:54:52.156,6.30756,6.30929,1.35,2.14
2011.04.18 14:54:52.936,6.30727,6.30907,1.01,1.63
2011.04.18 14:54:54.214,6.30727,6.3091,1.01,1.64
2011.04.18 14:54:55.565,6.30711,6.30886,1.01,1.43
2011.04.18 14:54:55.674,6.30688,6.30886,1.35,1.43
2011.04.18 14:54:55.784,6.30721,6.3087,2.10,1.65
2011.04.18 14:54:56.438,6.30721,6.3087,2.10,1.65
2011.04.18 14:54:57.294,6.30721,6.3087,2.10,1.47
2011.04.18 14:54:57.904,6.30743,6.30887,2.10,1.01
2011.04.18 14:54:58.236,6.3082,6.30947,2.10,1.14
2011.04.18 14:54:58.345,6.3082,6.30947,2.10,1.10
2011.04.18 14:54:58.455,6.3082,6.30964,2.10,1.58
2011.04.18 14:54:59.116,6.3082,6.30961,2.10,1.02
2011.04.18 14:54:59.555,6.3082,6.30964,2.10,1.43
2011.04.18 14:54:59.665,6.30798,6.30947,2.10,1.35
2011.04.18 14:55:01.024,6.30787,6.30968,1.35,1.38
2011.04.18 14:55:01.136,6.30791,6.30979,1.35,1.38
2011.04.18 14:55:01.958,6.30791,6.30985,1.35,1.39
2011.04.18 14:55:02.174,6.30791,6.30985,1.35,1.39
2011.04.18 14:55:02.764,6.30791,6.30985,1.35,1.39
2011.04.18 14:55:03.189,6.30791,6.30985,1.35,1.48
2011.04.18 14:55:03.938,6.30804,6.30977,2.10,1.35
2011.04.18 14:55:05.733,6.30804,6.30977,2.10,1.39
2011.04.18 14:55:06.985,6.30758,6.30929,1.35,1.35
2011.04.18 14:55:09.315,6.30754,6.30922,1.35,1.70
2011.04.18 14:55:09.645,6.30734,6.30905,2.10,1.39
2011.04.18 14:55:09.755,6.30711,6.30887,2.10,1.35
2011.04.18 14:55:10.967,6.30697,6.30874,1.35,2.10
2011.04.18 14:55:11.553,6.30712,6.30883,2.10,1.39
2011.04.18 14:55:11.671,6.30712,6.30883,2.10,1.35
2011.04.18 14:55:12.284,6.30704,6.30859,1.35,1.50
2011.04.18 14:55:12.614,6.30691,6.30855,1.35,1.50
2011.04.18 14:55:13.156,6.3071,6.3086,1.35,1.35
2011.04.18 14:55:13.374,6.3071,6.3086,1.35,1.35
2011.04.18 14:55:13.923,6.30691,6.3086,1.35,1.35
2011.04.18 14:55:14.034,6.30691,6.30843,2.85,1.35
2011.04.18 14:55:14.988,6.30691,6.30839,2.85,1.35
2011.04.18 14:55:15.276,6.30691,6.30842,2.85,1.35
2011.04.18 14:55:18.564,6.30691,6.30839,2.10,1.35
2011.04.18 14:55:19.215,6.30691,6.30839,2.10,1.35
2011.04.18 14:55:19.545,6.3068,6.30824,2.10,1.35
2011.04.18 14:55:19.766,6.3068,6.30824,2.10,1.49
2011.04.18 14:55:20.095,6.30662,6.3081,2.10,1.35
2011.04.18 14:55:21.445,6.30651,6.30807,1.35,1.35
2011.04.18 14:55:21.665,6.30625,6.30789,2.85,2.10
2011.04.18 14:55:24.025,6.30643,6.30802,2.10,2.49
2011.04.18 14:55:24.354,6.30631,6.30788,2.10,2.14
2011.04.18 14:55:25.695,6.30648,6.30807,2.10,2.49
2011.04.18 14:55:27.863,6.30639,6.30811,1.35,1.10
2011.04.18 14:55:28.085,6.30625,6.30802,2.10,1.14
2011.04.18 14:55:28.414,6.30625,6.308,2.10,1.06
2011.04.18 14:55:28.634,6.30625,6.30803,2.10,1.11
2011.04.18 14:55:31.599,6.30595,6.30772,1.35,2.10
2011.04.18 14:55:32.121,6.30604,6.30782,2.10,1.31
2011.04.18 14:55:32.455,6.30548,6.30714,1.50,2.10
2011.04.18 14:55:32.566,6.30547,6.30714,1.35,2.10
2011.04.18 14:55:33.114,6.30565,6.3071,2.10,1.35
2011.04.18 14:55:33.229,6.30565,6.30726,2.10,2.10
2011.04.18 14:55:33.346,6.30523,6.30667,1.35,2.10
2011.04.18 14:55:33.676,6.30507,6.30667,2.85,2.19
2011.04.18 14:55:33.788,6.30509,6.30667,1.35,2.10
2011.04.18 14:55:40.168,6.30561,6.30706,2.10,1.35
2011.04.18 14:55:41.435,6.30524,6.30665,1.35,2.10
2011.04.18 14:55:41.657,6.30509,6.30665,2.10,2.10
2011.04.18 14:55:44.407,6.305,6.30656,2.10,2.10
2011.04.18 14:55:44.846,6.30486,6.30645,2.10,2.10
2011.04.18 14:55:45.176,6.30495,6.30657,2.10,2.10
2011.04.18 14:55:45.395,6.30487,6.3064,1.35,2.10
2011.04.18 14:55:46.930,6.30476,6.30634,2.10,2.10
2011.04.18 14:55:48.296,6.30497,6.30654,2.10,2.10
2011.04.18 14:55:49.718,6.30519,6.30676,2.10,2.10
2011.04.18 14:55:50.057,6.3055,6.30691,2.10,1.19
2011.04.18 14:55:50.598,6.3055,6.30702,2.10,1.19
2011.04.18 14:55:50.724,6.30557,6.30721,2.10,2.10
2011.04.18 14:55:50.838,6.30535,6.30699,2.85,2.10
2011.04.18 14:55:51.706,6.30558,6.30717,2.10,2.10
2011.04.18 14:55:51.925,6.30555,6.30717,2.10,2.10
2011.04.18 14:55:52.254,6.30573,6.3073,2.10,2.10
2011.04.18 14:55:52.814,6.30555,6.30712,2.10,2.10
2011.04.18 14:55:53.036,6.30581,6.30732,2.10,1.19
2011.04.18 14:55:53.532,6.30558,6.30722,2.10,2.10
2011.04.18 14:55:54.825,6.30544,6.30699,1.35,2.10
2011.04.18 14:55:55.926,6.30572,6.30736,2.10,2.10
2011.04.18 14:55:56.036,6.30594,6.30739,2.10,1.19
2011.04.18 14:55:56.365,6.30617,6.30762,2.10,1.19
2011.04.18 14:55:56.477,6.30617,6.30761,2.10,1.35
2011.04.18 14:55:56.806,6.30624,6.30776,1.35,2.10
2011.04.18 14:55:57.168,6.30644,6.30792,2.10,1.35
2011.04.18 14:55:58.275,6.30653,6.30815,2.10,2.10
2011.04.18 14:55:58.386,6.30685,6.3083,2.10,1.19
2011.04.18 14:55:58.606,6.30697,6.30855,2.10,2.45
2011.04.18 14:55:58.719,6.30742,6.30862,2.10,1.34
2011.04.18 14:55:59.054,6.30757,6.30894,2.10,1.34
2011.04.18 14:55:59.275,6.30757,6.30914,2.10,2.10
2011.04.18 14:56:04.264,6.30722,6.30912,1.35,1.35
2011.04.18 14:56:05.695,6.30711,6.30911,1.35,1.19
2011.04.18 14:56:05.805,6.30711,6.30893,1.35,1.35
2011.04.18 14:56:06.135,6.30686,6.30882,1.50,1.35
2011.04.18 14:56:06.355,6.30678,6.30873,1.35,1.70
2011.04.18 14:56:06.576,6.30675,6.30868,1.35,1.19
2011.04.18 14:56:07.125,6.30662,6.30857,1.35,1.35
2011.04.18 14:56:07.235,6.30662,6.3086,1.35,1.35
2011.04.18 14:56:08.164,6.30671,6.30857,1.35,1.35
2011.04.18 14:56:08.642,6.30566,6.30782,1.50,2.85
2011.04.18 14:56:08.974,6.30532,6.30751,1.35,2.10
2011.04.18 14:56:09.199,6.30507,6.30728,1.35,2.10
2011.04.18 14:56:09.321,6.3056,6.30767,2.10,1.68
2011.04.18 14:56:09.655,6.30661,6.30851,2.10,1.34
2011.04.18 14:56:09.766,6.30661,6.30893,2.10,1.34
2011.04.18 14:56:09.985,6.30663,6.30903,1.35,1.53
2011.04.18 14:56:11.826,6.30681,6.30883,2.10,1.53
2011.04.18 14:56:12.045,6.30681,6.30884,2.10,1.53
2011.04.18 14:56:12.270,6.30719,6.30907,2.10,1.68
2011.04.18 14:56:12.498,6.30713,6.30902,1.35,1.53
2011.04.18 14:56:20.868,6.30724,6.30892,2.10,1.10
2011.04.18 14:56:21.316,6.30724,6.30892,2.10,1.10
2011.04.18 14:56:21.426,6.30725,6.30901,1.35,1.10
2011.04.18 14:56:21.645,6.30725,6.30918,1.35,1.34
2011.04.18 14:56:22.195,6.30725,6.30918,1.35,1.34
2011.04.18 14:56:23.076,6.30725,6.30918,1.35,1.34
2011.04.18 14:56:24.616,6.30757,6.30929,2.29,1.34
2011.04.18 14:56:25.687,6.30757,6.30929,2.29,1.34
2011.04.18 14:56:26.568,6.30757,6.30929,2.29,1.34
2011.04.18 14:56:27.733,6.3075,6.30929,1.39,1.34
2011.04.18 14:56:28.284,6.3075,6.30929,1.18,1.34
2011.04.18 14:56:28.874,6.3075,6.30929,1.54,1.34
2011.04.18 14:56:28.983,6.3075,6.30929,1.54,1.34
2011.04.18 14:56:29.093,6.3075,6.30929,1.54,1.34
2011.04.18 14:56:30.986,6.3075,6.30929,1.27,1.34
2011.04.18 14:56:31.313,6.3075,6.30929,1.27,1.34
2011.04.18 14:56:31.864,6.30747,6.30929,1.37,1.34
2011.04.18 14:56:32.396,6.30747,6.30929,1.37,1.34
2011.04.18 14:56:33.187,6.30725,6.30929,1.50,1.34
2011.04.18 14:56:33.407,6.30725,6.30929,1.73,1.34
2011.04.18 14:56:33.885,6.30741,6.30941,1.63,1.34
2011.04.18 14:56:33.998,6.30769,6.30941,2.14,1.34
2011.04.18 14:56:34.105,6.30777,6.30974,2.10,1.34
2011.04.18 14:56:34.217,6.30804,6.30974,2.10,1.34
2011.04.18 14:56:34.545,6.30814,6.31012,1.58,1.34
2011.04.18 14:56:34.764,6.30814,6.31012,1.58,1.34
2011.04.18 14:56:34.874,6.30814,6.31012,1.53,1.34
2011.04.18 14:56:36.374,6.30814,6.31012,1.49,1.34
2011.04.18 14:56:37.157,6.30799,6.30995,1.64,1.34
2011.04.18 14:56:37.494,6.30791,6.30987,1.60,1.34
2011.04.18 14:56:37.714,6.30791,6.30987,1.60,1.34
2011.04.18 14:56:38.415,6.30791,6.30987,1.35,1.34
2011.04.18 14:56:38.634,6.30791,6.30987,1.35,1.34
2011.04.18 14:56:38.995,6.30793,6.3092,1.23,1.35
2011.04.18 14:56:39.105,6.30688,6.3092,1.50,1.35
2011.04.18 14:56:39.216,6.30755,6.30965,2.10,1.34
2011.04.18 14:56:39.325,6.30755,6.30965,2.10,1.34
2011.04.18 14:56:39.546,6.30761,6.3101,1.35,1.34
2011.04.18 14:56:39.984,6.30761,6.31006,1.35,1.34
2011.04.18 14:56:40.314,6.30817,6.30986,1.30,1.34
2011.04.18 14:56:40.828,6.30818,6.30986,1.13,1.34
2011.04.18 14:56:42.156,6.30818,6.30986,1.13,1.34
2011.04.18 14:56:42.488,6.30808,6.30995,1.62,1.34
2011.04.18 14:56:42.595,6.30839,6.30995,1.10,1.34
2011.04.18 14:56:44.093,6.30839,6.30995,1.10,1.34
2011.04.18 14:56:44.872,6.30804,6.30978,1.20,1.34
2011.04.18 14:56:44.988,6.30775,6.30978,2.10,1.34
2011.04.18 14:56:45.545,6.30845,6.30994,1.35,1.50
2011.04.18 14:56:45.658,6.30847,6.31046,1.50,1.35
2011.04.18 14:56:45.778,6.30814,6.31032,1.50,1.50
2011.04.18 14:56:45.898,6.30728,6.30958,1.50,1.35
2011.04.18 14:56:46.346,6.30727,6.30958,1.50,1.35
2011.04.18 14:56:46.677,6.30727,6.30958,1.50,1.35
2011.04.18 14:56:46.784,6.30727,6.30958,1.50,1.35
2011.04.18 14:56:47.475,6.30812,6.30995,2.10,1.34
2011.04.18 14:56:48.305,6.30812,6.31022,2.10,1.50
2011.04.18 14:56:48.457,6.30812,6.31022,2.10,1.50
2011.04.18 14:56:49.595,6.308,6.30974,1.50,1.35
2011.04.18 14:56:49.704,6.30775,6.30974,1.50,1.35
2011.04.18 14:56:50.036,6.30764,6.30974,1.50,1.35
2011.04.18 14:56:51.046,6.30764,6.30974,1.50,1.35
2011.04.18 14:56:51.991,6.30764,6.30974,1.50,1.35
2011.04.18 14:56:52.517,6.30787,6.30986,1.35,1.34
2011.04.18 14:56:52.844,6.30803,6.31002,1.50,2.09
2011.04.18 14:56:54.265,6.30779,6.30939,1.50,2.10
2011.04.18 14:56:54.484,6.30771,6.30932,1.35,1.35
2011.04.18 14:56:58.688,6.30755,6.3096,1.50,1.35
2011.04.18 14:56:58.913,6.30755,6.3096,1.50,1.35
2011.04.18 14:57:00.216,6.30755,6.3096,1.50,1.35
2011.04.18 14:57:02.304,6.30755,6.3096,1.50,1.35
2011.04.18 14:57:02.635,6.30748,6.30958,1.35,1.50
2011.04.18 14:57:03.318,6.30748,6.30952,1.39,1.50
2011.04.18 14:57:03.538,6.30748,6.30952,1.43,1.50
2011.04.18 14:57:03.655,6.30748,6.3095,1.43,1.50
2011.04.18 14:57:04.824,6.30738,6.30943,1.58,2.10
2011.04.18 14:57:05.374,6.30706,6.30903,1.07,1.35
2011.04.18 14:57:07.147,6.30696,6.30888,1.12,1.35
2011.04.18 14:57:07.265,6.30686,6.30871,1.14,1.35
2011.04.18 14:57:09.786,6.30681,6.3087,1.67,1.35
2011.04.18 14:57:09.896,6.30658,6.30862,1.64,1.50
2011.04.18 14:57:11.794,6.30658,6.3087,1.64,1.35
2011.04.18 14:57:12.014,6.30658,6.3087,1.64,1.35
2011.04.18 14:57:13.444,6.30658,6.3087,1.61,1.35
2011.04.18 14:57:14.434,6.30722,6.30881,2.10,1.34
2011.04.18 14:57:14.544,6.30722,6.30891,2.10,1.34
2011.04.18 14:57:14.763,6.30735,6.30894,1.35,1.35
2011.04.18 14:57:15.196,6.30711,6.30891,1.50,1.35
2011.04.18 14:57:15.527,6.3068,6.30878,1.50,1.34
2011.04.18 14:57:15.635,6.30657,6.30878,1.59,1.34
2011.04.18 14:57:16.296,6.30657,6.30878,1.64,1.34
2011.04.18 14:57:16.447,6.30657,6.30878,1.64,1.34
2011.04.18 14:57:16.777,6.30731,6.30898,1.35,1.34
2011.04.18 14:57:16.885,6.30747,6.30918,1.35,1.34
2011.04.18 14:57:16.995,6.30736,6.30908,1.50,2.10
2011.04.18 14:57:17.105,6.30666,6.30875,1.35,1.35
2011.04.18 14:57:17.436,6.30666,6.30875,1.35,1.35
2011.04.18 14:57:17.655,6.30656,6.30816,1.50,1.50
2011.04.18 14:57:17.765,6.30629,6.30805,1.35,1.35
2011.04.18 14:57:19.333,6.30698,6.30838,2.10,1.34
2011.04.18 14:57:20.107,6.30653,6.30849,2.10,2.10
2011.04.18 14:57:20.435,6.30735,6.30893,2.10,1.19
2011.04.18 14:57:20.654,6.30735,6.30909,2.10,2.10
2011.04.18 14:57:27.690,6.30773,6.30945,2.10,2.10
2011.04.18 14:57:27.915,6.3074,6.30962,1.35,1.34
2011.04.18 14:57:28.798,6.30758,6.30986,2.85,1.34
2011.04.18 14:57:29.405,6.30768,6.30996,1.50,1.34
2011.04.18 14:57:29.515,6.30767,6.31028,1.35,1.34
2011.04.18 14:57:29.624,6.30777,6.31028,1.50,1.34
2011.04.18 14:57:29.735,6.30778,6.31041,1.50,1.34
2011.04.18 14:57:30.439,6.30952,6.3127,4.50,1.34
2011.04.18 14:57:30.775,6.30984,6.31335,5.10,1.34
2011.04.18 14:57:31.106,6.31085,6.31359,5.10,1.50
2011.04.18 14:57:31.435,6.31112,6.31429,5.10,1.34
2011.04.18 14:57:31.767,6.31116,6.31418,5.10,1.34
2011.04.18 14:57:32.095,6.31149,6.31419,2.10,1.34
2011.04.18 14:57:32.205,6.31149,6.3143,2.10,1.34
2011.04.18 14:57:32.621,6.31121,6.31405,5.10,1.19
2011.04.18 14:57:32.738,6.31095,6.31386,5.10,1.34
2011.04.18 14:57:32.856,6.31094,6.31393,5.10,1.34
2011.04.18 14:57:32.968,6.31124,6.31407,2.10,1.34
2011.04.18 14:57:33.307,6.31152,6.31415,5.10,1.34
2011.04.18 14:57:34.295,6.31141,6.3141,5.10,1.34
2011.04.18 14:57:35.174,6.3115,6.31425,5.10,1.34
2011.04.18 14:57:35.935,6.31186,6.31425,2.10,1.34
2011.04.18 14:57:36.049,6.31213,6.31454,1.35,2.09
2011.04.18 14:57:36.277,6.31213,6.31454,1.35,2.09
2011.04.18 14:57:36.498,6.31213,6.31472,1.35,1.34
2011.04.18 14:57:37.088,6.31225,6.31488,2.10,1.34
2011.04.18 14:57:37.315,6.31232,6.31501,1.35,1.34
2011.04.18 14:57:37.928,6.31283,6.31541,5.10,1.34
2011.04.18 14:57:38.047,6.31279,6.31541,2.10,1.34
2011.04.18 14:57:38.632,6.31284,6.31552,1.50,1.34
2011.04.18 14:57:39.536,6.31297,6.31525,1.35,1.95
2011.04.18 14:57:39.977,6.31308,6.31531,1.35,2.09
2011.04.18 14:57:40.305,6.31313,6.31551,1.35,1.34
2011.04.18 14:57:40.745,6.31288,6.31514,1.35,1.16
2011.04.18 14:57:41.074,6.31284,6.31515,2.10,1.11
2011.04.18 14:57:41.669,6.31288,6.31523,1.35,1.24
2011.04.18 14:57:42.230,6.31328,6.3155,1.35,1.16
2011.04.18 14:57:42.457,6.31328,6.31572,1.35,1.24
2011.04.18 14:57:42.675,6.31329,6.31572,1.35,1.24
2011.04.18 14:57:42.784,6.31327,6.31572,1.35,1.24
2011.04.18 14:57:42.896,6.31329,6.31572,1.35,1.24
2011.04.18 14:57:43.225,6.31338,6.31583,1.35,1.01
2011.04.18 14:57:43.445,6.31348,6.31593,1.35,1.34
2011.04.18 14:57:43.667,6.31358,6.31606,1.35,1.34
2011.04.18 14:57:44.135,6.31377,6.31612,1.35,1.34
2011.04.18 14:57:44.255,6.31385,6.31607,1.35,1.34
2011.04.18 14:57:44.369,6.31382,6.31631,1.50,1.50
2011.04.18 14:57:44.600,6.31428,6.31654,1.50,1.34
2011.04.18 14:57:44.718,6.31437,6.31665,1.50,1.34
2011.04.18 14:57:44.839,6.31447,6.31665,1.50,1.34
2011.04.18 14:57:45.066,6.31452,6.31681,1.50,1.94
2011.04.18 14:57:45.176,6.31458,6.31681,1.50,1.94
2011.04.18 14:57:45.287,6.31461,6.3168,1.50,1.34
2011.04.18 14:57:45.397,6.31468,6.31681,1.50,1.19
2011.04.18 14:57:45.727,6.31522,6.3168,1.35,1.34
2011.04.18 14:57:46.405,6.3159,6.31787,1.50,1.50
2011.04.18 14:57:46.738,6.31639,6.31798,1.35,2.00
2011.04.18 14:57:46.858,6.31651,6.3184,1.50,1.55
2011.04.18 14:57:46.976,6.31673,6.3184,1.50,1.55
2011.04.18 14:57:47.087,6.31688,6.31866,2.10,1.34
2011.04.18 14:57:47.198,6.31708,6.31896,1.50,1.15
2011.04.18 14:57:47.305,6.31712,6.31926,1.50,1.33
2011.04.18 14:57:47.415,6.31722,6.31909,1.50,1.41
2011.04.18 14:57:47.747,6.31781,6.31909,1.35,1.41
2011.04.18 14:57:47.854,6.31781,6.31956,1.35,1.39
2011.04.18 14:57:47.965,6.31798,6.31969,4.50,1.22
2011.04.18 14:57:48.618,6.31863,6.32,1.50,1.11
2011.04.18 14:57:48.743,6.31878,6.32042,1.50,1.01
2011.04.18 14:57:48.966,6.31894,6.32085,1.50,1.21
2011.04.18 14:57:49.187,6.31894,6.32092,1.50,1.80
2011.04.18 14:57:49.299,6.3187,6.32092,1.50,1.96
2011.04.18 14:57:49.635,6.3186,6.32061,1.50,1.39
2011.04.18 14:57:49.858,6.31848,6.32062,1.35,1.23
2011.04.18 14:57:49.977,6.31848,6.32073,1.35,1.15
2011.04.18 14:57:50.087,6.31859,6.32075,1.50,1.75
2011.04.18 14:57:50.197,6.31926,6.32081,2.10,1.59
2011.04.18 14:57:50.305,6.31926,6.32085,2.10,1.45
2011.04.18 14:57:50.637,6.3194,6.32129,1.35,1.04
2011.04.18 14:57:51.081,6.31952,6.32152,1.35,1.71
2011.04.18 14:57:51.200,6.31943,6.32155,1.35,1.48
2011.04.18 14:57:51.758,6.31929,6.32133,2.85,1.03
2011.04.18 14:57:51.879,6.31913,6.32109,1.35,1.47
2011.04.18 14:57:51.996,6.31913,6.32104,1.35,1.09
2011.04.18 14:57:52.325,6.31984,6.32126,2.10,1.02
2011.04.18 14:57:52.438,6.31954,6.32098,1.35,2.41
2011.04.18 14:57:52.559,6.31954,6.32098,1.35,2.29
2011.04.18 14:57:52.675,6.31938,6.32098,2.10,2.33
2011.04.18 14:57:52.787,6.31929,6.3208,1.35,2.18
2011.04.18 14:57:52.897,6.31917,6.32064,2.10,1.05
2011.04.18 14:57:53.007,6.31884,6.32073,1.50,1.38
2011.04.18 14:57:53.229,6.3188,6.32028,2.10,1.10
2011.04.18 14:57:53.699,6.31836,6.31999,2.10,2.25
2011.04.18 14:57:53.821,6.31836,6.31986,2.10,1.07
2011.04.18 14:57:54.048,6.31818,6.31973,2.10,1.07
2011.04.18 14:57:54.157,6.31808,6.31962,1.35,1.08
2011.04.18 14:57:54.379,6.31801,6.31947,2.10,1.05
2011.04.18 14:57:54.934,6.31801,6.31947,2.10,1.17
2011.04.18 14:57:55.634,6.31819,6.31962,2.10,1.29
2011.04.18 14:57:55.965,6.31819,6.31965,2.10,1.04
2011.04.18 14:57:56.186,6.31819,6.31962,2.10,1.47
2011.04.18 14:57:56.294,6.31801,6.31947,2.10,1.26
2011.04.18 14:57:56.848,6.31814,6.31961,2.10,1.73
2011.04.18 14:57:57.505,6.31854,6.31987,2.10,1.17
2011.04.18 14:57:57.616,6.31841,6.31984,2.10,1.26
2011.04.18 14:57:57.835,6.31841,6.31999,2.10,2.44
2011.04.18 14:57:58.056,6.31841,6.31989,2.10,1.17
2011.04.18 14:57:59.046,6.31841,6.31984,2.10,1.08
2011.04.18 14:57:59.155,6.31816,6.31966,1.35,1.07
2011.04.18 14:57:59.376,6.31816,6.31957,1.35,1.08
2011.04.18 14:57:59.850,6.31827,6.31992,2.10,2.46
2011.04.18 14:57:59.968,6.31801,6.31964,2.10,2.10
2011.04.18 14:58:00.634,6.31783,6.31946,2.10,2.10
2011.04.18 14:58:00.747,6.31747,6.31963,1.35,2.18
2011.04.18 14:58:00.855,6.31769,6.31973,1.35,1.46
2011.04.18 14:58:00.969,6.31781,6.31965,2.10,1.61
2011.04.18 14:58:01.195,6.31788,6.31987,1.35,1.10
2011.04.18 14:58:02.701,6.31805,6.31997,1.35,1.18
2011.04.18 14:58:03.395,6.31804,6.31974,1.35,2.18
2011.04.18 14:58:03.725,6.31821,6.31994,1.35,1.48
2011.04.18 14:58:04.106,6.31824,6.31994,1.35,1.48
2011.04.18 14:58:04.440,6.31874,6.32027,2.10,1.03
2011.04.18 14:58:04.557,6.31852,6.32031,2.10,1.47
2011.04.18 14:58:04.668,6.31835,6.32022,1.35,2.18
2011.04.18 14:58:04.888,6.31812,6.3197,2.10,2.10
2011.04.18 14:58:04.996,6.31842,6.32002,2.10,2.10
2011.04.18 14:58:06.073,6.31842,6.32002,2.10,2.41
2011.04.18 14:58:06.196,6.3186,6.32018,2.10,2.30
2011.04.18 14:58:08.627,6.31838,6.31996,2.10,2.10
2011.04.18 14:58:08.735,6.31828,6.31979,1.35,2.10
2011.04.18 14:58:10.105,6.31801,6.31992,2.10,2.42
2011.04.18 14:58:10.437,6.31765,6.31961,2.10,2.10
2011.04.18 14:58:10.656,6.31765,6.31955,2.10,1.02
2011.04.18 14:58:10.765,6.31748,6.31938,2.10,2.18
2011.04.18 14:58:11.315,6.31737,6.31913,1.35,2.10
2011.04.18 14:58:11.426,6.31743,6.31936,2.10,2.28
2011.04.18 14:58:12.474,6.3172,6.31919,2.10,2.37
2011.04.18 14:58:12.806,6.31707,6.31891,1.35,2.10
2011.04.18 14:58:13.355,6.31717,6.31897,2.10,1.72
2011.04.18 14:58:13.688,6.31701,6.31876,1.35,1.01
2011.04.18 14:58:13.798,6.31701,6.31882,1.35,2.10
2011.04.18 14:58:14.028,6.31696,6.31882,1.35,2.38
2011.04.18 14:58:14.956,6.31687,6.3188,1.35,1.02
2011.04.18 14:58:16.056,6.31686,6.31882,2.10,2.27
2011.04.18 14:58:16.605,6.31686,6.31882,2.10,2.39
2011.04.18 14:58:17.373,6.31686,6.31882,2.10,2.27
2011.04.18 14:58:17.708,6.31668,6.31864,2.10,2.25
2011.04.18 14:58:18.045,6.31689,6.31882,2.10,2.23
2011.04.18 14:58:19.815,6.31689,6.31873,2.10,1.44
2011.04.18 14:58:19.924,6.31675,6.31865,1.35,2.14
2011.04.18 14:58:21.059,6.31667,6.31844,2.10,1.35
2011.04.18 14:58:22.269,6.31667,6.31863,2.10,1.49
2011.04.18 14:58:22.387,6.31667,6.31863,2.10,1.64
2011.04.18 14:58:22.934,6.31667,6.31865,2.10,2.43
2011.04.18 14:58:23.264,6.31667,6.31844,2.10,1.35
2011.04.18 14:58:23.921,6.31644,6.31819,2.10,1.35
2011.04.18 14:58:24.041,6.31648,6.31819,2.10,1.35
2011.04.18 14:58:24.904,6.31648,6.31814,2.10,1.35
2011.04.18 14:58:25.675,6.316,6.31789,1.35,2.10
2011.04.18 14:58:26.116,6.31669,6.31821,2.10,1.64
2011.04.18 14:58:26.915,6.31644,6.31821,2.10,2.10
2011.04.18 14:58:27.225,6.31633,6.3179,2.10,2.19
2011.04.18 14:58:28.587,6.31619,6.31779,2.10,2.14
2011.04.18 14:58:29.028,6.31564,6.3178,1.35,2.14
2011.04.18 14:58:29.258,6.3155,6.31738,2.10,2.10
2011.04.18 14:58:29.487,6.31531,6.31712,1.35,2.10
2011.04.18 14:58:30.178,6.31554,6.31747,2.10,2.34
2011.04.18 14:58:30.287,6.31554,6.31747,2.10,2.26
2011.04.18 14:58:30.858,6.31554,6.31747,2.10,2.25
2011.04.18 14:58:30.976,6.31577,6.3176,2.10,1.59
2011.04.18 14:58:31.197,6.31577,6.31765,2.10,2.27
2011.04.18 14:58:31.635,6.316,6.31786,2.10,2.50
2011.04.18 14:58:31.966,6.31659,6.31808,2.10,1.14
2011.04.18 14:58:32.076,6.31659,6.31835,2.10,1.51
2011.04.18 14:58:32.296,6.31633,6.31813,1.35,2.10
2011.04.18 14:58:32.822,6.3165,6.31827,2.10,1.59
2011.04.18 14:58:33.378,6.31652,6.31849,2.10,1.03
2011.04.18 14:58:33.717,6.31673,6.31876,2.10,1.66
2011.04.18 14:58:33.826,6.31673,6.31853,2.10,1.08
2011.04.18 14:58:33.936,6.31701,6.31853,2.10,1.08
2011.04.18 14:58:34.156,6.31745,6.31921,2.10,1.50
2011.04.18 14:58:34.265,6.31745,6.31925,2.10,1.50
2011.04.18 14:58:34.377,6.31706,6.31918,2.10,2.43
2011.04.18 14:58:35.084,6.31659,6.31864,1.35,2.10
2011.04.18 14:58:35.418,6.31627,6.31832,2.32,2.10
2011.04.18 14:58:35.865,6.31639,6.31832,1.35,2.10
2011.04.18 14:58:35.975,6.31639,6.31832,1.35,2.10
2011.04.18 14:58:36.085,6.31619,6.31832,1.35,2.10
2011.04.18 14:58:36.524,6.31639,6.31832,1.35,2.10
2011.04.18 14:58:36.635,6.31615,6.31832,2.10,2.10
2011.04.18 14:58:36.855,6.31639,6.31832,1.35,2.10
2011.04.18 14:58:37.295,6.3168,6.31842,1.35,1.35
2011.04.18 14:58:37.625,6.31666,6.3182,1.50,2.10
2011.04.18 14:58:37.735,6.31666,6.31832,1.50,1.35
2011.04.18 14:58:37.847,6.31625,6.31832,2.10,1.35
2011.04.18 14:58:38.226,6.31684,6.31852,2.10,1.50
2011.04.18 14:58:38.342,6.31684,6.31881,2.10,1.35
2011.04.18 14:58:39.334,6.31706,6.31887,1.35,2.10
2011.04.18 14:58:39.746,6.31735,6.31897,2.10,2.10
2011.04.18 14:58:40.406,6.31753,6.31912,2.10,2.10
2011.04.18 14:58:41.583,6.31652,6.31864,2.18,2.10
2011.04.18 14:58:42.404,6.31696,6.31878,2.10,1.50
2011.04.18 14:58:42.514,6.31696,6.31888,2.10,1.35
2011.04.18 14:58:42.736,6.31716,6.31908,2.10,2.10
2011.04.18 14:58:42.956,6.31677,6.31887,1.68,1.35
2011.04.18 14:58:43.177,6.31657,6.3187,1.35,1.35
2011.04.18 14:58:43.285,6.31686,6.31895,2.85,1.50
2011.04.18 14:58:43.615,6.31674,6.31886,1.03,2.10
2011.04.18 14:58:43.725,6.31662,6.31858,1.60,1.35
2011.04.18 14:58:43.945,6.31648,6.31862,1.43,1.35
2011.04.18 14:58:44.510,6.31692,6.31858,2.10,2.10
2011.04.18 14:58:44.958,6.31667,6.31829,2.10,2.10
2011.04.18 14:58:46.758,6.31618,6.31766,1.35,2.10
2011.04.18 14:58:47.382,6.31601,6.3176,2.23,1.35
2011.04.18 14:58:49.755,6.316,6.31765,2.10,1.35
2011.04.18 14:58:52.054,6.31588,6.3175,2.10,2.10
2011.04.18 14:58:52.499,6.3157,6.31724,2.10,1.35
2011.04.18 14:58:52.837,6.31596,6.31755,2.10,2.10
2011.04.18 14:58:53.055,6.31573,6.31737,2.10,2.10
2011.04.18 14:58:53.794,6.31592,6.31753,2.10,1.35
2011.04.18 14:58:54.774,6.31592,6.31739,2.10,1.35
2011.04.18 14:58:55.239,6.31577,6.31732,2.10,1.35
2011.04.18 14:58:56.125,6.31558,6.31716,2.10,2.10
2011.04.18 14:58:57.535,6.31591,6.31738,2.10,1.35
2011.04.18 14:58:57.865,6.31547,6.31678,1.50,2.10
2011.04.18 14:58:57.977,6.31526,6.31678,1.35,2.10
2011.04.18 14:58:58.086,6.31508,6.31656,1.35,2.10
2011.04.18 14:58:58.197,6.3151,6.31673,2.10,1.35
2011.04.18 14:58:58.307,6.31493,6.31652,2.10,2.10
2011.04.18 14:58:58.828,6.31503,6.3166,2.10,2.10
2011.04.18 14:58:58.936,6.31474,6.31633,2.10,2.10
2011.04.18 14:58:59.596,6.31486,6.3165,2.10,2.10
2011.04.18 14:59:00.806,6.31531,6.3169,2.10,2.10
2011.04.18 14:59:01.336,6.31503,6.31645,1.35,2.10
2011.04.18 14:59:01.883,6.31488,6.31642,2.10,1.35
2011.04.18 14:59:02.657,6.31496,6.31658,2.10,2.10
2011.04.18 14:59:02.875,6.31522,6.31686,2.10,2.10
2011.04.18 14:59:03.426,6.3154,6.31699,2.10,2.10
2011.04.18 14:59:03.755,6.31569,6.31728,2.10,2.10
2011.04.18 14:59:04.789,6.31503,6.31619,1.54,1.50
2011.04.18 14:59:04.909,6.31471,6.31619,1.74,1.50
2011.04.18 14:59:05.028,6.31397,6.31576,2.41,2.10
2011.04.18 14:59:05.147,6.31397,6.31572,2.14,1.35
2011.04.18 14:59:05.257,6.31426,6.31596,2.10,1.35
2011.04.18 14:59:05.476,6.31385,6.31568,2.23,2.10
2011.04.18 14:59:06.247,6.31345,6.31475,1.71,1.35
2011.04.18 14:59:06.467,6.31322,6.31486,2.10,2.10
2011.04.18 14:59:07.394,6.31267,6.31426,1.02,2.10
2011.04.18 14:59:07.508,6.31255,6.31426,1.35,2.10
2011.04.18 14:59:07.618,6.3126,6.31442,2.10,2.10
2011.04.18 14:59:08.058,6.31268,6.31442,1.56,2.10
2011.04.18 14:59:08.174,6.31313,6.31492,2.10,2.10
2011.04.18 14:59:09.054,6.31331,6.3149,2.10,2.10
2011.04.18 14:59:09.494,6.31318,6.31477,2.10,2.10
2011.04.18 14:59:10.276,6.31269,6.31428,2.29,2.10
2011.04.18 14:59:10.386,6.31269,6.31428,2.18,2.10
2011.04.18 14:59:11.046,6.3125,6.31414,2.10,2.10
2011.04.18 14:59:11.265,6.31269,6.31428,2.10,2.10
2011.04.18 14:59:12.794,6.31311,6.31473,2.10,2.10
2011.04.18 14:59:13.014,6.31262,6.31461,2.10,2.10
2011.04.18 14:59:13.456,6.31262,6.31461,2.36,2.10
2011.04.18 14:59:14.022,6.31262,6.3144,2.19,1.35
2011.04.18 14:59:14.624,6.31262,6.31455,2.10,1.35
2011.04.18 14:59:15.425,6.31316,6.31474,2.10,2.10
2011.04.18 14:59:16.415,6.31309,6.31472,2.10,2.10
2011.04.18 14:59:17.089,6.31323,6.31476,2.10,1.35
2011.04.18 14:59:17.317,6.31298,6.31469,2.10,2.10
2011.04.18 14:59:17.536,6.31325,6.31485,2.10,1.35
2011.04.18 14:59:17.975,6.31303,6.31467,2.10,2.10
2011.04.18 14:59:18.527,6.3132,6.31485,2.10,2.10
2011.04.18 14:59:19.076,6.31295,6.31498,2.10,2.85
2011.04.18 14:59:19.844,6.31295,6.31403,2.10,2.18
2011.04.18 14:59:21.029,6.31359,6.31607,2.10,1.35
2011.04.18 14:59:21.254,6.31347,6.31595,1.35,2.10
2011.04.18 14:59:22.245,6.31375,6.31555,2.10,1.35
2011.04.18 14:59:22.687,6.3141,6.31589,2.10,1.35
2011.04.18 14:59:22.907,6.31391,6.31577,2.10,1.35
2011.04.18 14:59:23.126,6.31391,6.31568,2.10,1.35
2011.04.18 14:59:23.456,6.31368,6.31564,2.10,2.10
2011.04.18 14:59:23.993,6.31417,6.31589,2.10,1.35
2011.04.18 14:59:24.106,6.31378,6.31569,2.10,2.10
2011.04.18 14:59:26.385,6.31418,6.31588,2.10,1.35
2011.04.18 14:59:26.496,6.31418,6.31603,2.10,1.35
2011.04.18 14:59:28.418,6.31391,6.31581,2.10,2.10
2011.04.18 14:59:28.756,6.31422,6.31599,2.10,2.10
2011.04.18 14:59:29.414,6.3144,6.31628,2.10,2.10
2011.04.18 14:59:30.146,6.31458,6.31626,2.10,1.35
2011.04.18 14:59:30.266,6.31458,6.31642,2.10,1.35
2011.04.18 14:59:30.377,6.31427,6.31603,1.35,2.10
2011.04.18 14:59:30.707,6.31378,6.3154,1.50,2.10
2011.04.18 14:59:31.038,6.31355,6.3154,2.10,2.10
2011.04.18 14:59:31.484,6.31334,6.31523,2.10,2.10
2011.04.18 14:59:32.725,6.31299,6.31464,1.50,2.10
2011.04.18 14:59:33.055,6.31259,6.3143,1.50,2.10
2011.04.18 14:59:33.165,6.31272,6.31436,2.10,1.35
2011.04.18 14:59:33.386,6.31293,6.31466,2.10,1.35
2011.04.18 14:59:33.716,6.31321,6.31494,2.10,1.35
2011.04.18 14:59:34.049,6.31154,6.31367,1.35,2.10
2011.04.18 14:59:34.756,6.31133,6.31348,1.35,2.10
2011.04.18 14:59:34.977,6.31082,6.31319,2.10,2.10
2011.04.18 14:59:38.618,6.31123,6.31299,1.50,2.10
2011.04.18 14:59:38.945,6.31188,6.31352,2.10,1.35
2011.04.18 14:59:39.166,6.31152,6.31336,2.10,2.10
2011.04.18 14:59:40.527,6.31175,6.31354,2.10,2.10
2011.04.18 14:59:40.749,6.31134,6.31324,2.10,2.10
2011.04.18 14:59:41.638,6.31161,6.3133,2.10,2.10
2011.04.18 14:59:41.755,6.31161,6.31347,2.10,1.35
2011.04.18 14:59:41.978,6.31182,6.31354,2.10,1.35
2011.04.18 14:59:42.096,6.31182,6.31352,2.10,1.35
2011.04.18 14:59:42.738,6.31182,6.31361,2.10,1.35
2011.04.18 14:59:43.308,6.31171,6.31351,2.10,2.10
2011.04.18 14:59:43.416,6.3113,6.31359,1.50,1.50
2011.04.18 14:59:43.637,6.31164,6.31414,4.80,1.34
2011.04.18 14:59:43.757,6.31165,6.31414,5.40,1.34
2011.04.18 14:59:43.869,6.31201,6.31423,4.50,1.34
2011.04.18 14:59:43.988,6.3121,6.31443,4.80,1.34
2011.04.18 14:59:44.107,6.31213,6.31464,5.40,1.34
2011.04.18 14:59:44.216,6.31213,6.31464,5.40,1.34
2011.04.18 14:59:44.328,6.31213,6.31441,5.40,1.34
2011.04.18 14:59:44.877,6.31209,6.31441,5.40,1.34
2011.04.18 14:59:45.422,6.31344,6.31442,2.10,1.34
2011.04.18 14:59:45.536,6.31344,6.31566,1.50,1.34
2011.04.18 14:59:45.646,6.31344,6.31566,1.80,1.34
2011.04.18 14:59:45.759,6.31291,6.31625,1.20,1.35
2011.04.18 14:59:45.879,6.31291,6.3165,1.20,1.35
2011.04.18 14:59:45.997,6.31248,6.31557,1.65,1.50
2011.04.18 14:59:46.440,6.31309,6.31598,1.20,1.50
2011.04.18 14:59:46.665,6.31289,6.31582,5.40,1.50
2011.04.18 14:59:46.999,6.31363,6.31614,2.40,1.50
2011.04.18 14:59:47.115,6.31376,6.3167,5.40,1.34
2011.04.18 14:59:47.228,6.31376,6.3167,5.40,1.34
2011.04.18 14:59:47.348,6.31371,6.31646,5.40,1.34
2011.04.18 14:59:47.466,6.31371,6.31669,5.40,1.34
2011.04.18 14:59:48.456,6.31426,6.31646,2.10,1.34
2011.04.18 14:59:48.567,6.31426,6.31662,2.10,1.34
2011.04.18 14:59:48.785,6.31479,6.31713,2.10,1.34
2011.04.18 14:59:49.006,6.31479,6.31733,2.40,1.50
2011.04.18 14:59:49.116,6.31479,6.31733,2.40,1.50
2011.04.18 14:59:49.334,6.31479,6.31733,2.40,1.50
2011.04.18 14:59:49.445,6.31479,6.31725,2.10,1.50
2011.04.18 14:59:49.905,6.31479,6.31737,2.40,1.50
2011.04.18 14:59:50.014,6.31478,6.31737,1.05,1.50
2011.04.18 14:59:50.126,6.31516,6.31732,2.10,1.50
2011.04.18 14:59:50.235,6.31516,6.31735,2.10,1.50
2011.04.18 14:59:50.825,6.31471,6.31733,2.40,1.50
2011.04.18 14:59:50.947,6.31516,6.31737,2.10,1.50
2011.04.18 14:59:51.287,6.31573,6.31781,1.20,2.10
2011.04.18 14:59:51.506,6.31536,6.31741,2.10,2.10
2011.04.18 14:59:51.616,6.31537,6.31741,1.20,2.10
2011.04.18 14:59:51.835,6.31505,6.3171,2.10,2.10
2011.04.18 14:59:52.165,6.31537,6.31718,2.10,1.35
2011.04.18 14:59:52.275,6.31537,6.31741,2.10,2.10
2011.04.18 14:59:52.825,6.31603,6.31776,2.10,1.34
2011.04.18 14:59:52.934,6.31501,6.31745,1.05,2.10
2011.04.18 14:59:53.375,6.31518,6.31745,2.10,2.10
2011.04.18 14:59:53.493,6.31515,6.31744,1.05,2.10
2011.04.18 14:59:53.609,6.31515,6.31741,2.10,1.35
2011.04.18 14:59:53.728,6.31515,6.31765,2.10,1.35
2011.04.18 14:59:54.288,6.31583,6.31781,2.10,1.34
2011.04.18 14:59:54.395,6.31598,6.31793,1.05,1.35
2011.04.18 14:59:54.725,6.31598,6.3176,1.05,2.10
2011.04.18 14:59:55.057,6.31566,6.31739,2.10,2.85
2011.04.18 14:59:55.275,6.31539,6.31717,2.10,2.10
2011.04.18 14:59:55.494,6.31567,6.31739,2.10,1.35
2011.04.18 14:59:56.129,6.31597,6.31759,2.10,1.35
2011.04.18 14:59:56.253,6.31573,6.31777,2.10,1.50
2011.04.18 14:59:56.480,6.31557,6.31753,1.65,2.10
2011.04.18 14:59:56.597,6.31539,6.31753,1.32,2.85
2011.04.18 14:59:56.705,6.31519,6.31753,1.35,2.85
2011.04.18 14:59:57.585,6.31573,6.31764,2.10,1.50
2011.04.18 14:59:57.916,6.31573,6.31788,2.10,1.35
2011.04.18 14:59:58.357,6.31609,6.31799,2.10,1.50
2011.04.18 14:59:58.992,6.3165,6.31811,2.10,1.35
2011.04.18 14:59:59.106,6.3165,6.31831,2.10,2.10
2011.04.18 14:59:59.437,6.3162,6.31793,2.10,2.10
