2014.05.05 15:00:00.868,6.55053,6.55097,1.00,1.19
2014.05.05 15:00:01.020,6.55027,6.55094,1.00,1.37
2014.05.05 15:00:01.122,6.54998,6.55094,1.00,1.37
2014.05.05 15:00:01.429,6.54993,6.55094,1.00,1.37
2014.05.05 15:00:01.581,6.54993,6.55085,1.00,1.19
2014.05.05 15:00:01.890,6.54986,6.55085,1.00,1.19
2014.05.05 15:00:02.126,6.5497,6.55085,1.00,1.19
2014.05.05 15:00:02.547,6.5497,6.55056,1.00,1.19
2014.05.05 15:00:03.059,6.54969,6.55056,1.00,1.19
2014.05.05 15:00:03.359,6.54969,6.55069,1.00,1.19
2014.05.05 15:00:03.948,6.54972,6.55069,1.00,1.19
2014.05.05 15:00:04.422,6.54972,6.55072,1.00,1.19
2014.05.05 15:00:04.524,6.54987,6.55072,1.00,1.19
2014.05.05 15:00:04.575,6.54987,6.55094,1.00,1.84
2014.05.05 15:00:04.727,6.54965,6.55094,1.19,1.84
2014.05.05 15:00:05.001,6.54965,6.55068,1.00,1.19
2014.05.05 15:00:05.934,6.54963,6.55068,1.00,1.19
2014.05.05 15:00:06.177,6.54963,6.55056,1.00,1.19
2014.05.05 15:00:06.918,6.5496,6.55056,1.00,1.19
2014.05.05 15:00:08.312,6.5496,6.5504,1.00,1.19
2014.05.05 15:00:08.364,6.54955,6.5504,1.00,1.19
2014.05.05 15:00:08.589,6.54922,6.5504,1.00,1.19
2014.05.05 15:00:08.799,6.54922,6.5505,1.19,1.18
2014.05.05 15:00:08.850,6.5493,6.55051,1.18,1.25
2014.05.05 15:00:09.309,6.5493,6.5503,1.18,1.00
2014.05.05 15:00:10.110,6.5493,6.55033,1.18,1.00
2014.05.05 15:00:10.376,6.5493,6.55015,1.18,1.00
2014.05.05 15:00:11.992,6.54903,6.55015,1.18,1.00
2014.05.05 15:00:12.320,6.54903,6.54983,1.18,1.00
2014.05.05 15:00:12.840,6.54903,6.54983,1.18,1.19
2014.05.05 15:00:12.892,6.54882,6.54972,1.18,1.00
2014.05.05 15:00:12.943,6.54852,6.54972,1.18,1.69
2014.05.05 15:00:13.096,6.54852,6.54944,1.18,1.00
2014.05.05 15:00:13.858,6.54852,6.54915,1.18,1.00
2014.05.05 15:00:14.039,6.54832,6.54915,1.18,1.00
2014.05.05 15:00:14.140,6.54804,6.54915,1.18,1.00
2014.05.05 15:00:14.191,6.54804,6.54901,1.18,1.00
2014.05.05 15:00:14.720,6.54804,6.5489,1.18,1.00
2014.05.05 15:00:15.102,6.54816,6.5489,1.18,1.00
2014.05.05 15:00:15.203,6.54835,6.54922,1.18,1.00
2014.05.05 15:00:15.708,6.54835,6.54933,1.18,1.00
2014.05.05 15:00:15.848,6.54835,6.54901,1.18,1.00
2014.05.05 15:00:16.051,6.54813,6.54901,1.18,1.00
2014.05.05 15:00:16.289,6.54813,6.54896,1.18,1.00
2014.05.05 15:00:16.637,6.54813,6.54891,1.18,1.00
2014.05.05 15:00:17.288,6.54813,6.54899,1.18,1.00
2014.05.05 15:00:17.468,6.54813,6.54943,1.18,1.19
2014.05.05 15:00:17.585,6.54813,6.54945,1.18,1.19
2014.05.05 15:00:18.018,6.54813,6.54933,1.18,1.00
2014.05.05 15:00:18.568,6.54837,6.54958,1.00,1.84
2014.05.05 15:00:18.906,6.54837,6.54953,1.00,1.27
2014.05.05 15:00:19.337,6.54834,6.54953,1.00,1.27
2014.05.05 15:00:19.388,6.54834,6.54923,1.00,1.00
2014.05.05 15:00:20.370,6.54834,6.54912,1.00,1.00
2014.05.05 15:00:20.988,6.54836,6.54912,1.00,1.00
2014.05.05 15:00:21.146,6.54836,6.54923,1.00,1.27
2014.05.05 15:00:21.248,6.54833,6.54923,1.00,1.27
2014.05.05 15:00:21.469,6.54823,6.54902,1.00,1.19
2014.05.05 15:00:21.773,6.54792,6.54883,1.00,1.25
2014.05.05 15:00:21.823,6.54792,6.54862,1.00,1.00
2014.05.05 15:00:21.979,6.54779,6.54862,1.00,1.00
2014.05.05 15:00:22.030,6.54779,6.54873,1.00,1.00
2014.05.05 15:00:22.131,6.54779,6.54863,1.00,1.00
2014.05.05 15:00:22.334,6.54769,6.54863,1.19,1.00
2014.05.05 15:00:22.385,6.54769,6.54873,1.19,1.00
2014.05.05 15:00:23.078,6.5477,6.54873,1.00,1.00
2014.05.05 15:00:23.180,6.5477,6.54873,1.00,1.19
2014.05.05 15:00:23.978,6.54746,6.54864,1.18,1.00
2014.05.05 15:00:24.101,6.54767,6.54864,1.18,1.00
2014.05.05 15:00:24.203,6.54767,6.54873,1.18,1.00
2014.05.05 15:00:24.406,6.54793,6.54873,1.00,1.00
2014.05.05 15:00:24.457,6.54793,6.54892,1.00,1.00
2014.05.05 15:00:24.672,6.54793,6.54862,1.00,1.00
2014.05.05 15:00:24.732,6.54778,6.54862,1.00,1.00
2014.05.05 15:00:24.783,6.54778,6.54852,1.00,1.00
2014.05.05 15:00:24.987,6.54767,6.54852,1.65,1.00
2014.05.05 15:00:25.329,6.54771,6.54862,1.08,1.00
2014.05.05 15:00:26.310,6.54762,6.54862,1.00,1.00
2014.05.05 15:00:26.412,6.54762,6.54852,1.00,1.00
2014.05.05 15:00:26.513,6.54746,6.54852,1.18,1.00
2014.05.05 15:00:26.614,6.54746,6.54872,1.18,1.69
2014.05.05 15:00:26.867,6.54746,6.54843,1.18,1.00
2014.05.05 15:00:27.169,6.54736,6.54843,1.00,1.00
2014.05.05 15:00:27.258,6.54738,6.54843,1.00,1.00
2014.05.05 15:00:27.489,6.54738,6.54853,1.00,1.25
2014.05.05 15:00:28.058,6.54733,6.54853,1.00,1.25
2014.05.05 15:00:28.159,6.54733,6.54842,1.00,1.08
2014.05.05 15:00:28.261,6.54724,6.54842,1.00,1.08
2014.05.05 15:00:28.530,6.54724,6.54848,1.19,1.18
2014.05.05 15:00:28.854,6.54731,6.54851,1.18,1.00
2014.05.05 15:00:29.158,6.54752,6.54851,1.18,1.00
2014.05.05 15:00:29.360,6.54777,6.54883,1.33,1.00
2014.05.05 15:00:29.411,6.54777,6.54892,1.33,1.00
2014.05.05 15:00:29.520,6.54783,6.54892,1.00,1.00
2014.05.05 15:00:30.647,6.54774,6.54892,1.27,1.00
2014.05.05 15:00:30.789,6.54774,6.54902,1.27,1.00
2014.05.05 15:00:31.008,6.54774,6.54892,1.27,1.00
2014.05.05 15:00:31.312,6.54769,6.54881,1.19,1.37
2014.05.05 15:00:31.652,6.54793,6.54881,1.38,1.18
2014.05.05 15:00:31.753,6.54837,6.549,1.50,1.18
2014.05.05 15:00:31.804,6.54837,6.54914,1.50,1.18
2014.05.05 15:00:31.855,6.54844,6.54986,1.18,1.18
2014.05.05 15:00:32.057,6.54844,6.54889,1.18,1.00
2014.05.05 15:00:32.260,6.54821,6.54889,1.18,1.00
2014.05.05 15:00:32.411,6.54776,6.54887,1.18,1.00
2014.05.05 15:00:32.917,6.54776,6.54882,1.18,1.00
2014.05.05 15:00:33.360,6.54776,6.54885,1.18,1.00
2014.05.05 15:00:38.466,6.54776,6.54891,1.18,1.00
2014.05.05 15:00:38.796,6.54776,6.54885,1.18,1.00
2014.05.05 15:00:38.969,6.54776,6.54889,1.18,1.00
2014.05.05 15:00:39.299,6.54776,6.54884,1.18,1.00
2014.05.05 15:00:39.848,6.54776,6.54864,1.18,1.00
2014.05.05 15:00:40.000,6.54757,6.54864,1.37,1.00
2014.05.05 15:00:40.101,6.54757,6.54862,1.37,1.00
2014.05.05 15:00:40.473,6.54757,6.54862,1.37,1.00
2014.05.05 15:00:40.619,6.54757,6.54857,1.37,1.00
2014.05.05 15:00:40.981,6.54757,6.54848,1.37,1.00
2014.05.05 15:00:41.183,6.54757,6.54858,1.37,1.00
2014.05.05 15:00:42.486,6.54757,6.54858,1.37,1.00
2014.05.05 15:00:42.968,6.54757,6.5486,1.37,1.00
2014.05.05 15:00:43.089,6.54757,6.5486,1.37,1.00
2014.05.05 15:00:44.599,6.54757,6.5486,1.37,1.00
2014.05.05 15:00:47.048,6.54764,6.5486,1.29,1.00
2014.05.05 15:00:50.130,6.54772,6.5486,1.19,1.00
2014.05.05 15:00:50.231,6.54757,6.5486,1.37,1.00
2014.05.05 15:00:50.333,6.54748,6.54858,1.19,1.00
2014.05.05 15:00:50.680,6.54748,6.54843,1.19,1.00
2014.05.05 15:00:51.359,6.5474,6.54843,1.27,1.00
2014.05.05 15:00:51.969,6.5474,6.54829,1.27,1.00
2014.05.05 15:00:52.450,6.54718,6.54829,1.37,1.00
2014.05.05 15:00:52.881,6.54718,6.54829,1.84,1.00
2014.05.05 15:00:52.982,6.54718,6.54828,1.00,1.00
2014.05.05 15:00:53.084,6.54718,6.54795,1.00,1.19
2014.05.05 15:00:53.135,6.54705,6.54795,1.00,1.19
2014.05.05 15:00:53.187,6.54705,6.54764,1.00,1.00
2014.05.05 15:00:53.288,6.54694,6.54764,1.18,1.00
2014.05.05 15:00:53.389,6.54673,6.54764,1.18,1.00
2014.05.05 15:00:53.490,6.54633,6.54764,1.18,1.00
2014.05.05 15:00:53.606,6.54619,6.54755,1.20,1.18
2014.05.05 15:00:53.708,6.54632,6.54764,1.18,1.00
2014.05.05 15:00:54.069,6.54632,6.54756,1.18,1.00
2014.05.05 15:00:54.127,6.54632,6.54761,1.18,1.00
2014.05.05 15:00:54.363,6.54632,6.54758,1.18,1.00
2014.05.05 15:00:54.667,6.54632,6.54756,1.18,1.00
2014.05.05 15:00:56.217,6.54632,6.54766,1.18,1.00
2014.05.05 15:00:57.536,6.54632,6.54775,1.18,1.18
2014.05.05 15:00:57.637,6.54612,6.54723,1.18,2.07
2014.05.05 15:00:57.688,6.54523,6.54723,1.38,2.07
2014.05.05 15:00:57.789,6.54523,6.54723,1.00,2.07
2014.05.05 15:00:57.991,6.54504,6.54723,1.00,2.07
2014.05.05 15:00:58.042,6.54495,6.54723,1.00,2.07
2014.05.05 15:00:58.294,6.54496,6.54772,1.00,2.07
2014.05.05 15:00:59.206,6.54512,6.54772,1.00,2.07
2014.05.05 15:01:02.137,6.54591,6.54772,1.00,2.07
2014.05.05 15:01:02.654,6.54581,6.54772,1.00,2.07
2014.05.05 15:01:02.755,6.54581,6.5489,1.00,1.00
2014.05.05 15:01:02.957,6.54571,6.5489,1.00,1.00
2014.05.05 15:01:03.008,6.54581,6.5489,1.00,1.00
2014.05.05 15:01:03.209,6.54581,6.5491,1.00,1.00
2014.05.05 15:01:03.297,6.54581,6.54889,1.00,1.00
2014.05.05 15:01:03.683,6.54598,6.54889,1.50,1.50
2014.05.05 15:01:03.986,6.54741,6.54889,1.00,1.00
2014.05.05 15:01:04.239,6.54727,6.54889,2.25,1.00
2014.05.05 15:01:04.290,6.5471,6.54889,1.00,1.00
2014.05.05 15:01:04.341,6.54679,6.54889,1.25,1.00
2014.05.05 15:01:04.493,6.54629,6.54889,1.00,1.00
2014.05.05 15:01:04.644,6.54613,6.54889,1.00,1.00
2014.05.05 15:01:04.947,6.54645,6.5489,1.00,1.00
2014.05.05 15:01:05.257,6.54631,6.54776,1.18,1.18
2014.05.05 15:01:05.560,6.54724,6.54881,9.73,1.38
2014.05.05 15:01:05.661,6.54798,6.5487,2.07,1.98
2014.05.05 15:01:05.711,6.54798,6.54814,2.07,1.00
2014.05.05 15:01:05.762,6.54767,6.54814,1.10,1.19
2014.05.05 15:01:05.813,6.54647,6.54759,1.00,1.00
2014.05.05 15:01:05.915,6.54687,6.54735,1.00,1.18
2014.05.05 15:01:06.016,6.54687,6.54759,1.00,1.00
2014.05.05 15:01:06.117,6.54638,6.5476,1.00,1.00
2014.05.05 15:01:06.337,6.54638,6.54758,1.00,1.00
2014.05.05 15:01:06.668,6.54626,6.54753,1.18,1.10
2014.05.05 15:01:06.776,6.54626,6.54758,1.18,1.00
2014.05.05 15:01:07.127,6.54626,6.54761,1.18,1.10
2014.05.05 15:01:07.330,6.54648,6.54778,1.18,1.00
2014.05.05 15:01:07.656,6.54648,6.54772,1.18,1.00
2014.05.05 15:01:08.065,6.54648,6.54738,1.18,1.00
2014.05.05 15:01:08.116,6.54625,6.54738,1.18,1.00
2014.05.05 15:01:08.217,6.54625,6.54734,1.18,1.00
2014.05.05 15:01:09.131,6.54625,6.54736,1.18,1.00
2014.05.05 15:01:09.337,6.54625,6.5473,1.18,1.00
2014.05.05 15:01:09.541,6.54625,6.54732,1.18,1.00
2014.05.05 15:01:12.374,6.54607,6.54732,1.25,1.00
2014.05.05 15:01:13.928,6.54607,6.54737,1.18,1.00
2014.05.05 15:01:14.180,6.54607,6.54725,1.18,1.00
2014.05.05 15:01:17.138,6.54607,6.54722,1.18,1.00
2014.05.05 15:01:17.699,6.54607,6.54721,1.18,1.00
2014.05.05 15:01:22.204,6.54636,6.54721,1.18,1.00
2014.05.05 15:01:22.509,6.54657,6.54722,1.18,1.00
2014.05.05 15:01:27.351,6.54657,6.54748,1.18,1.00
2014.05.05 15:01:28.556,6.54657,6.54752,1.18,1.00
2014.05.05 15:01:29.550,6.54658,6.54752,1.25,1.00
2014.05.05 15:01:29.601,6.54677,6.54752,1.18,1.00
2014.05.05 15:01:30.680,6.54677,6.54746,1.18,1.00
2014.05.05 15:01:31.647,6.54677,6.54765,1.18,1.00
2014.05.05 15:01:31.855,6.54677,6.54767,1.18,1.00
2014.05.05 15:01:33.836,6.54677,6.54793,1.18,1.00
2014.05.05 15:01:33.937,6.547,6.54793,1.18,1.00
2014.05.05 15:01:34.275,6.547,6.54816,1.18,1.00
2014.05.05 15:01:34.578,6.54719,6.54816,1.18,1.00
2014.05.05 15:01:34.629,6.54719,6.5482,1.18,1.00
2014.05.05 15:01:35.137,6.54741,6.5482,1.18,1.00
2014.05.05 15:01:35.288,6.54741,6.54827,1.18,1.00
2014.05.05 15:01:35.817,6.54741,6.54824,1.18,1.00
2014.05.05 15:01:36.187,6.54741,6.54821,1.18,1.00
2014.05.05 15:01:37.397,6.54741,6.54818,1.18,1.00
2014.05.05 15:01:38.571,6.54741,6.54817,1.18,1.00
2014.05.05 15:01:38.622,6.5472,6.54817,1.18,1.00
2014.05.05 15:01:40.886,6.5472,6.54835,1.18,1.00
2014.05.05 15:01:41.189,6.54701,6.54835,1.25,1.08
2014.05.05 15:01:41.240,6.54696,6.54838,1.18,1.08
2014.05.05 15:01:46.141,6.54696,6.54841,1.84,1.18
2014.05.05 15:01:47.522,6.54696,6.54841,1.18,1.18
2014.05.05 15:01:49.996,6.54677,6.5482,1.18,1.08
2014.05.05 15:01:50.305,6.54612,6.54748,1.00,1.18
2014.05.05 15:01:50.609,6.54625,6.5473,1.18,1.00
2014.05.05 15:01:50.660,6.54589,6.54723,1.19,1.18
2014.05.05 15:01:51.546,6.5458,6.54723,1.18,1.18
2014.05.05 15:01:55.716,6.54602,6.54727,1.18,1.00
2014.05.05 15:02:00.117,6.54602,6.54744,1.18,1.18
2014.05.05 15:02:00.252,6.54624,6.54748,1.18,1.00
2014.05.05 15:02:13.779,6.54638,6.54748,1.50,1.00
2014.05.05 15:02:13.880,6.54652,6.5477,1.18,1.00
2014.05.05 15:02:13.931,6.54676,6.5477,1.18,1.00
2014.05.05 15:02:13.982,6.54676,6.54786,1.18,1.00
2014.05.05 15:02:14.134,6.54676,6.54807,1.18,1.00
2014.05.05 15:02:14.235,6.54676,6.54805,1.18,1.00
2014.05.05 15:02:14.388,6.54655,6.548,1.18,1.18
2014.05.05 15:02:31.925,6.54655,6.54782,1.18,1.00
2014.05.05 15:02:32.148,6.54632,6.54764,1.18,1.00
2014.05.05 15:02:32.656,6.54632,6.54763,1.18,1.00
2014.05.05 15:02:37.456,6.54632,6.54774,1.18,1.08
2014.05.05 15:02:52.078,6.54637,6.54776,1.18,1.08
2014.05.05 15:02:53.945,6.54637,6.54771,1.18,1.00
2014.05.05 15:02:58.705,6.54637,6.5477,1.18,1.00
2014.05.05 15:02:58.807,6.54637,6.54773,1.18,1.08
2014.05.05 15:02:59.674,6.54637,6.54768,1.18,1.00
2014.05.05 15:03:00.787,6.54637,6.5477,1.18,1.00
2014.05.05 15:03:02.963,6.54637,6.54772,1.18,1.10
2014.05.05 15:03:05.095,6.54668,6.54782,1.18,1.00
2014.05.05 15:03:05.763,6.54668,6.54813,1.18,1.18
2014.05.05 15:03:11.183,6.54668,6.5481,1.18,1.25
2014.05.05 15:03:11.234,6.54646,6.54791,1.18,1.18
2014.05.05 15:03:17.741,6.54627,6.5477,1.18,1.18
2014.05.05 15:03:18.193,6.54606,6.5475,1.18,1.18
2014.05.05 15:03:18.395,6.54585,6.54728,1.18,1.18
2014.05.05 15:03:21.441,6.54605,6.54747,1.18,1.18
2014.05.05 15:03:26.940,6.54581,6.54726,1.18,1.18
2014.05.05 15:03:38.446,6.54582,6.54726,1.25,1.18
2014.05.05 15:03:38.497,6.54602,6.54745,1.18,1.18
2014.05.05 15:03:41.200,6.54622,6.54767,1.18,1.18
2014.05.05 15:03:41.409,6.54602,6.54742,1.25,1.18
2014.05.05 15:03:41.775,6.54599,6.54742,1.18,1.18
2014.05.05 15:03:49.784,6.54599,6.54719,1.18,1.18
2014.05.05 15:03:49.836,6.54561,6.54699,1.10,1.18
2014.05.05 15:03:51.653,6.54578,6.54699,1.18,1.18
2014.05.05 15:03:51.704,6.54599,6.54741,1.18,1.18
2014.05.05 15:03:52.325,6.54617,6.54762,1.18,1.18
2014.05.05 15:04:07.152,6.54617,6.54756,1.18,1.25
2014.05.05 15:04:07.203,6.54592,6.54737,1.18,1.18
2014.05.05 15:04:07.262,6.54595,6.54737,1.25,1.18
2014.05.05 15:04:07.312,6.54614,6.54759,1.18,1.18
2014.05.05 15:04:21.115,6.54638,6.54778,1.18,1.25
2014.05.05 15:04:21.167,6.54638,6.5478,1.18,1.18
2014.05.05 15:04:21.574,6.5466,6.548,1.18,1.25
2014.05.05 15:04:21.624,6.5466,6.54805,1.18,1.18
2014.05.05 15:04:32.582,6.54691,6.54805,1.90,1.18
2014.05.05 15:04:33.792,6.5466,6.54805,1.18,1.18
2014.05.05 15:04:42.844,6.5464,6.54762,1.25,1.00
2014.05.05 15:04:42.895,6.54636,6.54762,1.18,1.00
2014.05.05 15:04:42.945,6.54616,6.54722,1.18,1.18
2014.05.05 15:04:42.996,6.546,6.54722,1.00,1.18
2014.05.05 15:04:43.047,6.54582,6.54727,1.18,1.18
2014.05.05 15:04:43.199,6.54629,6.54734,1.18,1.00
2014.05.05 15:04:43.300,6.54629,6.54753,1.18,1.00
2014.05.05 15:04:43.402,6.54629,6.54758,1.18,1.00
2014.05.05 15:04:43.703,6.54608,6.54753,1.80,1.18
2014.05.05 15:04:43.956,6.54588,6.54732,1.18,1.18
2014.05.05 15:04:44.938,6.54567,6.54711,1.18,1.18
2014.05.05 15:04:55.063,6.54567,6.54687,1.18,1.00
2014.05.05 15:04:56.480,6.54558,6.54687,1.19,1.08
2014.05.05 15:04:56.740,6.54558,6.54687,1.19,1.08
2014.05.05 15:04:58.234,6.54558,6.54687,1.19,1.08
2014.05.05 15:04:59.330,6.54558,6.54687,1.19,1.08
2014.05.05 15:05:00.517,6.54558,6.54687,1.19,1.08
2014.05.05 15:05:01.644,6.54558,6.54687,1.19,1.08
2014.05.05 15:05:03.855,6.54558,6.54687,1.19,1.08
2014.05.05 15:05:04.851,6.54553,6.54687,1.27,1.08
2014.05.05 15:05:05.353,6.54553,6.54687,1.08,1.08
2014.05.05 15:05:07.608,6.54553,6.54671,1.00,1.18
2014.05.05 15:05:09.019,6.54537,6.54667,1.50,1.08
2014.05.05 15:05:09.418,6.54526,6.54667,1.18,1.08
2014.05.05 15:05:09.469,6.54508,6.5465,1.08,1.18
2014.05.05 15:05:20.342,6.54515,6.5465,1.00,1.18
2014.05.05 15:05:29.420,6.54515,6.54637,1.00,1.18
2014.05.05 15:05:43.234,6.54516,6.54637,1.00,1.18
2014.05.05 15:05:47.129,6.54516,6.5464,1.00,1.18
2014.05.05 15:06:03.041,6.54518,6.5464,1.00,1.18
2014.05.05 15:06:03.251,6.54511,6.5464,1.00,1.18
2014.05.05 15:06:03.969,6.54528,6.5464,2.07,1.18
2014.05.05 15:06:04.641,6.54507,6.5464,1.00,1.18
2014.05.05 15:06:04.692,6.54507,6.54619,1.00,1.18
2014.05.05 15:06:04.895,6.54497,6.54619,1.00,1.18
2014.05.05 15:06:10.302,6.54483,6.54619,1.00,1.18
2014.05.05 15:06:10.532,6.54483,6.54596,1.00,1.18
2014.05.05 15:06:10.912,6.54487,6.54596,1.00,1.18
2014.05.05 15:06:11.831,6.54479,6.54596,1.00,1.18
2014.05.05 15:06:15.131,6.54483,6.54596,1.00,1.18
2014.05.05 15:06:15.182,6.54483,6.54619,1.00,1.18
2014.05.05 15:06:15.284,6.54564,6.54619,1.00,1.18
2014.05.05 15:06:15.636,6.54564,6.54634,1.00,1.18
2014.05.05 15:06:16.121,6.54564,6.54648,1.00,1.25
2014.05.05 15:06:17.703,6.5453,6.54648,1.00,1.18
2014.05.05 15:06:17.905,6.54573,6.54648,1.00,1.18
2014.05.05 15:06:21.311,6.54573,6.5466,1.00,1.18
2014.05.05 15:06:22.216,6.54562,6.5466,1.00,1.18
2014.05.05 15:06:22.267,6.54531,6.5466,1.00,1.18
2014.05.05 15:06:22.419,6.54526,6.5466,1.00,1.18
2014.05.05 15:06:25.869,6.54588,6.54653,2.07,1.10
2014.05.05 15:06:25.970,6.54574,6.54682,1.00,1.18
2014.05.05 15:06:26.021,6.54574,6.54661,1.00,1.18
2014.05.05 15:06:33.209,6.54588,6.54686,1.33,1.88
2014.05.05 15:06:33.361,6.54588,6.54681,1.33,1.18
2014.05.05 15:06:33.412,6.54543,6.54681,1.08,1.18
2014.05.05 15:06:33.664,6.54541,6.54661,1.00,1.18
2014.05.05 15:06:34.394,6.54531,6.54661,1.00,1.18
2014.05.05 15:06:41.752,6.54523,6.54661,1.08,1.18
2014.05.05 15:06:44.171,6.54549,6.54661,1.00,1.37
2014.05.05 15:06:44.474,6.54553,6.54661,1.00,1.18
2014.05.05 15:06:45.051,6.54557,6.54661,1.00,1.18
2014.05.05 15:06:45.583,6.54558,6.54661,1.00,1.18
2014.05.05 15:06:46.299,6.54556,6.54661,1.00,1.18
2014.05.05 15:06:47.943,6.54555,6.54661,1.00,1.18
2014.05.05 15:06:49.811,6.54557,6.54661,1.00,1.18
2014.05.05 15:06:50.175,6.54554,6.54661,1.00,1.18
2014.05.05 15:06:53.242,6.54552,6.54661,1.00,1.18
2014.05.05 15:06:53.622,6.54552,6.54652,1.00,1.18
2014.05.05 15:07:23.775,6.54552,6.54643,1.00,1.18
2014.05.05 15:07:23.826,6.54545,6.54643,1.00,1.18
2014.05.05 15:07:23.877,6.54545,6.54623,1.00,1.18
2014.05.05 15:07:24.029,6.54509,6.54623,1.00,1.18
2014.05.05 15:07:24.271,6.54522,6.54623,1.00,1.18
2014.05.05 15:07:24.763,6.54528,6.54623,1.00,1.18
2014.05.05 15:07:25.925,6.54517,6.54623,1.00,1.18
2014.05.05 15:07:26.917,6.54522,6.54623,1.00,1.37
2014.05.05 15:07:30.072,6.54518,6.54623,1.00,1.18
2014.05.05 15:07:30.312,6.54512,6.54623,1.00,1.18
2014.05.05 15:07:31.541,6.54512,6.54623,1.00,1.37
2014.05.05 15:07:31.642,6.54507,6.54623,1.00,1.37
2014.05.05 15:07:31.861,6.545,6.54623,1.00,1.37
2014.05.05 15:07:33.260,6.54484,6.54609,1.08,1.19
2014.05.05 15:07:34.616,6.54484,6.54609,1.08,1.19
2014.05.05 15:07:36.523,6.54484,6.54609,1.08,1.19
2014.05.05 15:07:37.930,6.54484,6.54609,1.08,1.19
2014.05.05 15:07:39.134,6.54484,6.54609,1.08,1.19
2014.05.05 15:07:40.443,6.54484,6.54609,1.08,1.19
2014.05.05 15:07:42.450,6.54484,6.54609,1.08,1.19
2014.05.05 15:07:43.152,6.54484,6.54609,1.08,1.00
2014.05.05 15:07:44.735,6.54484,6.54608,1.00,1.18
2014.05.05 15:07:52.730,6.54476,6.54602,1.00,1.08
2014.05.05 15:07:53.060,6.54471,6.54597,1.10,1.00
2014.05.05 15:08:05.701,6.54472,6.54597,1.18,1.00
2014.05.05 15:08:06.174,6.54491,6.54598,1.18,1.00
2014.05.05 15:08:06.290,6.54491,6.54602,1.18,1.00
2014.05.05 15:08:06.391,6.54475,6.54602,1.00,1.08
2014.05.05 15:08:06.493,6.5447,6.54596,1.00,1.00
2014.05.05 15:08:06.858,6.54468,6.5459,1.08,1.00
2014.05.05 15:08:07.186,6.54468,6.54594,1.08,1.00
2014.05.05 15:08:11.147,6.54468,6.54596,1.08,1.00
2014.05.05 15:08:11.198,6.54468,6.54596,1.15,1.00
2014.05.05 15:08:11.450,6.54468,6.54595,1.00,1.00
2014.05.05 15:08:12.087,6.54467,6.54595,1.00,1.00
2014.05.05 15:08:13.198,6.54468,6.54594,1.00,1.00
2014.05.05 15:08:18.204,6.54478,6.54594,1.00,1.00
2014.05.05 15:08:18.306,6.54478,6.54598,1.00,1.08
2014.05.05 15:08:18.510,6.54486,6.54598,1.18,1.00
2014.05.05 15:08:18.611,6.54505,6.54629,1.00,1.18
2014.05.05 15:08:18.840,6.54501,6.54627,1.00,1.08
2014.05.05 15:08:20.460,6.54505,6.54629,1.00,1.65
2014.05.05 15:08:35.442,6.54499,6.54626,1.00,1.08
2014.05.05 15:08:38.843,6.54499,6.54623,1.00,1.18
2014.05.05 15:08:41.316,6.54501,6.54626,1.18,1.00
2014.05.05 15:08:41.367,6.54515,6.54641,1.00,1.08
2014.05.05 15:08:43.195,6.54515,6.54641,1.00,1.27
2014.05.05 15:08:43.347,6.54506,6.54631,1.08,1.19
2014.05.05 15:08:43.577,6.54501,6.54621,1.18,1.00
2014.05.05 15:08:44.610,6.54501,6.54621,1.18,1.19
2014.05.05 15:08:46.139,6.54501,6.54616,1.18,1.00
2014.05.05 15:08:48.345,6.54501,6.54616,1.18,1.19
2014.05.05 15:08:50.640,6.54501,6.54618,1.18,1.00
2014.05.05 15:08:50.691,6.54521,6.54618,1.18,1.00
2014.05.05 15:08:50.894,6.54495,6.54619,1.65,1.00
2014.05.05 15:08:51.047,6.54495,6.54616,1.18,1.00
2014.05.05 15:08:52.445,6.54495,6.54616,1.18,1.19
2014.05.05 15:08:53.348,6.54495,6.54616,1.18,1.19
2014.05.05 15:08:57.262,6.54495,6.54616,1.18,1.19
2014.05.05 15:08:59.368,6.54495,6.54616,1.18,1.19
2014.05.05 15:09:00.072,6.54495,6.546,1.18,1.19
2014.05.05 15:09:00.389,6.54491,6.546,1.00,1.19
2014.05.05 15:09:00.874,6.54491,6.54616,1.00,1.27
2014.05.05 15:09:03.469,6.54482,6.54606,1.08,1.00
2014.05.05 15:09:06.041,6.54482,6.546,1.00,1.18
2014.05.05 15:09:06.149,6.54472,6.54597,1.00,1.08
2014.05.05 15:09:06.355,6.54468,6.54592,1.00,1.00
2014.05.05 15:09:06.579,6.54471,6.54598,1.00,1.08
2014.05.05 15:09:07.099,6.54476,6.546,1.00,1.18
2014.05.05 15:09:07.691,6.54481,6.546,1.00,1.18
2014.05.05 15:09:12.427,6.54481,6.546,1.00,1.37
2014.05.05 15:09:14.431,6.54481,6.546,1.00,1.37
2014.05.05 15:09:16.037,6.54486,6.546,1.00,1.37
2014.05.05 15:09:17.098,6.54489,6.546,1.00,1.09
2014.05.05 15:09:24.764,6.54489,6.54599,1.00,1.27
2014.05.05 15:09:25.869,6.54489,6.54599,1.00,1.19
2014.05.05 15:09:27.476,6.54489,6.54597,1.00,1.19
2014.05.05 15:09:29.713,6.54489,6.54598,1.00,1.19
2014.05.05 15:09:29.782,6.54489,6.54616,1.00,1.27
2014.05.05 15:09:33.700,6.54489,6.54616,1.00,1.27
2014.05.05 15:09:34.004,6.545,6.54621,1.18,1.00
2014.05.05 15:09:34.332,6.54524,6.54645,1.00,1.37
2014.05.05 15:09:35.112,6.54524,6.54645,1.00,1.37
2014.05.05 15:09:35.425,6.54514,6.54625,1.00,1.37
2014.05.05 15:09:35.704,6.54499,6.54625,1.00,1.37
2014.05.05 15:09:35.908,6.54496,6.5462,1.00,1.27
2014.05.05 15:09:36.824,6.54496,6.54606,1.00,1.19
2014.05.05 15:09:38.430,6.54496,6.54607,1.00,1.19
2014.05.05 15:09:41.341,6.54496,6.54604,1.00,1.19
2014.05.05 15:09:41.628,6.54489,6.54604,1.00,1.19
2014.05.05 15:09:43.145,6.54489,6.54606,1.00,1.19
2014.05.05 15:09:44.152,6.54489,6.54599,1.00,1.19
2014.05.05 15:09:45.359,6.54489,6.546,1.00,1.19
2014.05.05 15:09:46.062,6.54489,6.54613,1.00,1.19
2014.05.05 15:09:48.073,6.54489,6.54613,1.00,1.00
2014.05.05 15:09:48.577,6.54489,6.54613,1.00,1.19
2014.05.05 15:09:49.191,6.54489,6.54613,1.00,1.00
2014.05.05 15:09:49.343,6.54495,6.54621,1.00,1.08
2014.05.05 15:09:49.706,6.54516,6.54639,1.00,1.19
2014.05.05 15:09:50.389,6.54516,6.54642,1.00,1.10
2014.05.05 15:09:52.562,6.54518,6.54645,1.00,1.33
2014.05.05 15:09:52.973,6.54539,6.54647,1.18,1.00
2014.05.05 15:09:53.480,6.54559,6.54647,1.18,1.00
2014.05.05 15:09:58.816,6.54559,6.54652,1.18,1.00
2014.05.05 15:10:00.349,6.54559,6.54647,1.18,1.00
2014.05.05 15:10:10.432,6.54559,6.54653,1.18,1.00
2014.05.05 15:10:13.668,6.54574,6.54653,1.18,1.00
2014.05.05 15:10:16.528,6.54574,6.54657,1.18,1.00
2014.05.05 15:10:16.680,6.546,6.54657,1.18,1.00
2014.05.05 15:10:16.731,6.546,6.54686,1.18,1.00
2014.05.05 15:10:16.901,6.54599,6.54686,1.10,1.00
2014.05.05 15:10:24.728,6.54599,6.54692,1.10,1.00
2014.05.05 15:10:25.721,6.54599,6.5469,1.10,1.00
2014.05.05 15:10:27.918,6.54599,6.54695,1.10,1.00
2014.05.05 15:10:36.745,6.54609,6.54695,1.10,1.00
2014.05.05 15:10:42.466,6.54609,6.54697,1.10,1.00
2014.05.05 15:10:42.644,6.5463,6.54697,1.10,1.00
2014.05.05 15:10:51.348,6.5463,6.547,1.10,1.00
2014.05.05 15:10:55.557,6.5463,6.54701,1.10,1.00
2014.05.05 15:10:57.219,6.5463,6.547,1.10,1.00
2014.05.05 15:11:02.738,6.54625,6.547,1.10,1.00
2014.05.05 15:11:03.148,6.54625,6.54703,1.10,1.00
2014.05.05 15:11:05.408,6.54625,6.54707,1.10,1.00
2014.05.05 15:11:09.919,6.54625,6.5471,1.10,1.00
2014.05.05 15:11:10.157,6.54625,6.54717,1.10,1.00
2014.05.05 15:11:10.365,6.54645,6.54723,1.10,1.00
2014.05.05 15:11:10.720,6.54645,6.54739,1.10,1.00
2014.05.05 15:11:11.368,6.54645,6.54738,1.10,1.00
2014.05.05 15:11:16.895,6.54646,6.54738,1.18,1.00
2014.05.05 15:11:27.195,6.54646,6.54737,1.18,1.00
2014.05.05 15:11:28.947,6.54646,6.54739,1.18,1.00
2014.05.05 15:11:30.361,6.54655,6.54739,1.18,1.00
2014.05.05 15:11:36.564,6.54636,6.54739,1.25,1.00
2014.05.05 15:11:44.462,6.54636,6.54744,1.18,1.00
2014.05.05 15:11:47.433,6.54657,6.54744,1.18,1.00
2014.05.05 15:11:53.728,6.54677,6.54744,1.18,1.00
2014.05.05 15:11:53.831,6.54677,6.54767,1.18,1.00
2014.05.05 15:11:54.034,6.54677,6.54776,1.18,1.00
2014.05.05 15:11:54.287,6.54677,6.54767,1.18,1.00
2014.05.05 15:11:54.593,6.54677,6.54763,1.18,1.00
2014.05.05 15:11:55.348,6.54677,6.54757,1.18,1.00
2014.05.05 15:11:55.601,6.54658,6.54757,1.25,1.00
2014.05.05 15:11:55.703,6.54658,6.54748,1.25,1.00
2014.05.05 15:11:56.008,6.54657,6.54751,1.18,1.00
2014.05.05 15:11:56.675,6.54657,6.54739,1.18,1.00
2014.05.05 15:11:56.830,6.54637,6.54739,1.18,1.00
2014.05.05 15:11:56.887,6.54637,6.54747,1.18,1.00
2014.05.05 15:12:04.088,6.54656,6.54747,1.18,1.00
2014.05.05 15:12:04.290,6.54656,6.54751,1.18,1.00
2014.05.05 15:12:09.756,6.54656,6.54746,1.18,1.00
2014.05.05 15:12:12.946,6.54656,6.54744,1.18,1.00
2014.05.05 15:12:14.815,6.54656,6.54746,1.18,1.00
2014.05.05 15:12:15.586,6.54656,6.54751,1.18,1.00
2014.05.05 15:12:18.230,6.54656,6.54756,1.18,1.00
2014.05.05 15:12:18.443,6.54678,6.54756,1.18,1.00
2014.05.05 15:12:18.494,6.54678,6.54765,1.18,1.00
2014.05.05 15:12:18.696,6.54678,6.54755,1.18,1.00
2014.05.05 15:12:22.145,6.54651,6.54755,1.18,1.00
2014.05.05 15:12:23.579,6.54673,6.54755,1.18,1.00
2014.05.05 15:12:23.731,6.54673,6.54765,1.18,1.00
2014.05.05 15:12:23.951,6.54673,6.54761,1.18,1.00
2014.05.05 15:12:24.718,6.54673,6.54765,1.18,1.00
2014.05.05 15:12:28.355,6.54673,6.5477,1.18,1.00
2014.05.05 15:12:28.608,6.54673,6.54789,1.18,1.19
2014.05.05 15:12:28.710,6.54676,6.54789,1.25,1.19
2014.05.05 15:12:29.117,6.54695,6.54789,1.18,1.19
2014.05.05 15:12:29.944,6.54695,6.54789,1.18,1.00
2014.05.05 15:12:30.096,6.5467,6.54789,1.18,1.00
2014.05.05 15:12:30.147,6.5467,6.5478,1.18,1.00
2014.05.05 15:12:30.476,6.5467,6.5477,1.18,1.00
2014.05.05 15:12:33.406,6.5467,6.54764,1.18,1.00
2014.05.05 15:12:33.709,6.54651,6.54764,1.18,1.00
2014.05.05 15:12:42.481,6.54651,6.54764,1.18,1.19
2014.05.05 15:12:43.104,6.54651,6.54758,1.18,1.00
2014.05.05 15:12:44.406,6.54651,6.5475,1.18,1.00
2014.05.05 15:12:53.721,6.54655,6.5475,1.18,1.00
2014.05.05 15:13:03.337,6.54655,6.54747,1.18,1.45
2014.05.05 15:13:03.388,6.5463,6.54732,1.88,2.34
2014.05.05 15:13:05.420,6.5463,6.5475,1.88,1.00
2014.05.05 15:13:08.717,6.5463,6.54755,1.88,1.00
2014.05.05 15:13:09.045,6.5465,6.54774,1.00,1.19
2014.05.05 15:13:09.382,6.5468,6.54785,1.18,1.19
2014.05.05 15:13:09.638,6.5468,6.54789,1.18,1.00
2014.05.05 15:13:12.457,6.5468,6.54794,1.18,1.00
2014.05.05 15:13:12.688,6.5468,6.54792,1.18,1.00
2014.05.05 15:13:13.983,6.5468,6.54772,1.10,2.32
2014.05.05 15:13:16.312,6.5468,6.5479,1.10,1.00
2014.05.05 15:13:17.219,6.5468,6.54787,1.10,1.00
2014.05.05 15:13:27.324,6.5468,6.54787,1.10,1.19
2014.05.05 15:13:27.426,6.54659,6.54782,1.18,1.19
2014.05.05 15:13:27.680,6.54659,6.54758,1.18,1.00
2014.05.05 15:13:27.731,6.54638,6.54758,1.80,1.19
2014.05.05 15:13:28.933,6.54638,6.54753,1.18,1.19
2014.05.05 15:13:29.623,6.54638,6.54748,1.18,1.00
2014.05.05 15:13:30.051,6.54638,6.54743,1.18,1.00
2014.05.05 15:13:30.315,6.54638,6.54749,1.18,1.00
2014.05.05 15:13:30.754,6.54638,6.54745,1.18,1.00
2014.05.05 15:13:33.225,6.54657,6.54745,1.18,1.00
2014.05.05 15:13:34.995,6.54657,6.54746,1.18,1.00
2014.05.05 15:13:35.330,6.54657,6.5474,1.18,1.00
2014.05.05 15:13:35.905,6.54657,6.54738,1.18,1.00
2014.05.05 15:13:41.580,6.5463,6.54738,1.18,1.00
2014.05.05 15:13:43.244,6.5463,6.54739,1.18,1.00
2014.05.05 15:13:52.705,6.5463,6.5474,1.18,1.00
2014.05.05 15:13:52.857,6.5463,6.54754,1.18,1.00
2014.05.05 15:13:52.908,6.5465,6.54754,1.18,1.00
2014.05.05 15:13:53.009,6.54629,6.54754,1.80,1.00
2014.05.05 15:13:53.060,6.54629,6.54752,1.18,1.00
2014.05.05 15:13:53.585,6.54629,6.54746,1.18,1.00
2014.05.05 15:13:56.666,6.54629,6.54752,1.18,1.00
2014.05.05 15:13:56.767,6.54632,6.54752,1.27,1.00
2014.05.05 15:13:57.105,6.54658,6.5476,1.18,1.00
2014.05.05 15:13:57.417,6.54658,6.54755,1.18,1.00
2014.05.05 15:13:57.721,6.54658,6.54742,1.18,1.00
2014.05.05 15:13:58.128,6.54658,6.54736,1.18,1.00
2014.05.05 15:13:58.648,6.54637,6.54734,1.25,1.00
2014.05.05 15:13:58.699,6.54632,6.54734,1.18,1.00
2014.05.05 15:13:59.297,6.54632,6.54733,1.18,1.00
2014.05.05 15:13:59.524,6.54632,6.54729,1.18,1.00
2014.05.05 15:13:59.744,6.54632,6.54733,1.18,1.00
2014.05.05 15:14:00.106,6.54613,6.54733,1.18,1.00
2014.05.05 15:14:00.625,6.54613,6.54735,1.18,1.00
2014.05.05 15:14:01.866,6.54618,6.54741,1.08,1.00
2014.05.05 15:14:02.094,6.5463,6.54755,1.00,1.18
2014.05.05 15:14:02.427,6.54636,6.54762,1.08,1.00
2014.05.05 15:14:03.715,6.54638,6.54763,1.08,1.00
2014.05.05 15:14:03.816,6.54637,6.54765,1.08,1.00
2014.05.05 15:14:06.675,6.54646,6.54771,1.00,1.08
2014.05.05 15:14:08.434,6.54654,6.54775,1.00,1.18
2014.05.05 15:14:12.663,6.54645,6.54771,1.00,1.08
2014.05.05 15:14:12.835,6.5464,6.54766,1.10,1.00
2014.05.05 15:14:13.165,6.5465,6.54775,1.00,1.65
2014.05.05 15:14:15.566,6.5465,6.54775,1.00,1.84
2014.05.05 15:14:16.715,6.5465,6.54775,1.00,1.84
2014.05.05 15:14:17.048,6.54654,6.54775,1.00,1.37
2014.05.05 15:14:17.457,6.54664,6.54785,1.00,1.19
2014.05.05 15:14:17.575,6.54664,6.5479,1.00,1.10
2014.05.05 15:14:20.296,6.54664,6.5479,1.00,1.29
2014.05.05 15:14:20.845,6.54665,6.5479,1.00,1.29
2014.05.05 15:14:20.909,6.54669,6.54795,1.00,1.27
2014.05.05 15:14:21.246,6.54675,6.54797,1.00,1.37
2014.05.05 15:14:22.502,6.54675,6.54797,1.00,1.18
2014.05.05 15:14:27.134,6.54674,6.54797,1.00,1.18
2014.05.05 15:14:28.821,6.5467,6.54796,1.00,1.08
2014.05.05 15:14:29.994,6.54661,6.54787,1.10,1.00
2014.05.05 15:14:30.764,6.54655,6.54797,1.08,1.18
2014.05.05 15:14:34.724,6.54664,6.54793,1.00,1.27
2014.05.05 15:14:35.102,6.5466,6.54787,1.08,1.00
2014.05.05 15:14:36.567,6.5466,6.54787,1.08,1.19
2014.05.05 15:14:37.106,6.5466,6.54786,1.00,1.29
2014.05.05 15:14:37.802,6.5466,6.54786,1.00,1.10
2014.05.05 15:14:38.684,6.54655,6.54781,1.08,1.00
2014.05.05 15:14:42.575,6.5465,6.54776,1.08,1.00
2014.05.05 15:14:42.905,6.54632,6.54758,1.08,1.00
2014.05.05 15:14:43.007,6.54632,6.5475,1.00,1.18
2014.05.05 15:14:43.108,6.54622,6.54749,1.00,1.08
2014.05.05 15:14:43.305,6.54617,6.54744,1.19,1.08
2014.05.05 15:14:43.905,6.54617,6.54744,1.00,1.08
2014.05.05 15:14:44.736,6.54615,6.54741,1.00,1.00
2014.05.05 15:14:45.352,6.54613,6.54738,1.08,1.00
2014.05.05 15:14:45.912,6.54613,6.54739,1.08,1.00
2014.05.05 15:14:49.429,6.54613,6.54739,1.08,1.19
2014.05.05 15:14:50.432,6.54613,6.54739,1.08,1.19
2014.05.05 15:14:52.442,6.54613,6.54739,1.08,1.19
2014.05.05 15:14:52.943,6.54613,6.54739,1.08,1.19
2014.05.05 15:14:56.880,6.54613,6.54739,1.08,1.19
2014.05.05 15:14:57.984,6.54613,6.54739,1.08,1.19
2014.05.05 15:14:59.192,6.54613,6.54739,1.08,1.19
2014.05.05 15:15:00.297,6.54613,6.54739,1.08,1.19
2014.05.05 15:15:00.723,6.54624,6.54748,1.00,1.27
2014.05.05 15:15:00.925,6.54617,6.54744,1.00,1.27
2014.05.05 15:15:02.744,6.54617,6.54744,1.00,1.27
2014.05.05 15:15:02.795,6.54619,6.54746,1.00,1.27
2014.05.05 15:15:03.764,6.54623,6.54749,1.00,1.27
2014.05.05 15:15:04.014,6.54619,6.54743,1.00,1.19
2014.05.05 15:15:04.116,6.54619,6.54743,1.00,1.00
2014.05.05 15:15:04.218,6.54624,6.54748,1.00,1.08
2014.05.05 15:15:06.196,6.54617,6.54743,1.00,1.00
2014.05.05 15:15:08.384,6.5462,6.54745,1.00,1.00
2014.05.05 15:15:09.704,6.54619,6.54743,1.00,1.00
2014.05.05 15:15:10.487,6.54617,6.54744,1.00,1.00
2014.05.05 15:15:10.538,6.54617,6.54733,1.00,1.18
2014.05.05 15:15:11.353,6.54616,6.54733,1.00,1.18
2014.05.05 15:15:11.684,6.5462,6.54733,1.00,1.18
2014.05.05 15:15:12.375,6.54616,6.54733,1.00,1.18
2014.05.05 15:15:13.077,6.54615,6.54733,1.00,1.18
2014.05.05 15:15:14.477,6.54618,6.54733,1.00,1.18
2014.05.05 15:15:15.062,6.54623,6.54733,1.00,1.18
2014.05.05 15:15:16.995,6.54618,6.54733,1.00,1.18
2014.05.05 15:15:20.804,6.54618,6.54733,1.00,1.37
2014.05.05 15:15:23.519,6.54618,6.54733,1.00,1.37
2014.05.05 15:15:24.725,6.54618,6.54733,1.00,1.37
2014.05.05 15:15:25.903,6.5462,6.54733,1.00,1.37
2014.05.05 15:15:26.618,6.5462,6.54733,1.00,1.37
2014.05.05 15:15:27.235,6.5462,6.54733,1.00,1.37
2014.05.05 15:15:27.665,6.54617,6.54733,1.00,1.37
2014.05.05 15:15:28.214,6.54621,6.54733,1.00,1.37
2014.05.05 15:15:28.931,6.54621,6.54733,1.00,1.37
2014.05.05 15:15:30.744,6.5462,6.54732,1.00,1.37
2014.05.05 15:15:31.049,6.5462,6.54726,1.00,1.27
2014.05.05 15:15:32.458,6.5462,6.54724,1.00,1.19
2014.05.05 15:15:33.661,6.5462,6.54725,1.00,1.29
2014.05.05 15:15:34.591,6.5462,6.54732,1.00,1.18
2014.05.05 15:15:34.642,6.54623,6.54732,1.00,1.18
2014.05.05 15:15:35.202,6.54651,6.54732,1.00,1.18
2014.05.05 15:15:37.345,6.54651,6.54753,1.00,1.37
2014.05.05 15:15:37.396,6.5466,6.54753,1.00,1.18
2014.05.05 15:15:37.648,6.5466,6.54772,1.00,1.37
2014.05.05 15:15:37.699,6.54679,6.54772,1.00,1.37
2014.05.05 15:15:39.764,6.54683,6.54772,1.00,1.18
2014.05.05 15:15:47.904,6.54681,6.54772,1.00,1.18
2014.05.05 15:15:48.040,6.54695,6.54772,1.00,1.18
2014.05.05 15:16:00.359,6.54698,6.54772,1.00,1.18
2014.05.05 15:16:02.992,6.54704,6.54772,1.00,1.18
2014.05.05 15:16:11.214,6.54698,6.54772,1.00,1.18
2014.05.05 15:16:11.316,6.54698,6.54772,1.00,1.37
2014.05.05 15:16:11.468,6.54685,6.54752,1.00,1.18
2014.05.05 15:16:11.671,6.5469,6.54752,1.00,1.18
2014.05.05 15:16:11.927,6.54675,6.54752,1.00,1.18
2014.05.05 15:16:12.090,6.54675,6.54732,1.00,1.18
2014.05.05 15:16:12.242,6.54666,6.54732,1.00,1.18
2014.05.05 15:16:13.350,6.54664,6.54732,1.00,1.18
2014.05.05 15:16:13.642,6.54673,6.54732,1.00,1.18
2014.05.05 15:16:15.723,6.54678,6.54732,1.00,1.18
2014.05.05 15:16:15.976,6.54672,6.54732,1.00,1.18
2014.05.05 15:16:16.279,6.54658,6.54732,1.00,1.18
2014.05.05 15:16:18.057,6.54662,6.54732,1.00,1.18
2014.05.05 15:16:18.170,6.54662,6.54755,1.00,1.37
2014.05.05 15:16:18.502,6.54666,6.54755,1.00,1.37
2014.05.05 15:16:18.928,6.54676,6.54755,1.00,1.18
2014.05.05 15:16:19.080,6.5469,6.54776,1.00,1.37
2014.05.05 15:16:20.330,6.5469,6.54776,1.00,1.09
2014.05.05 15:16:24.495,6.5469,6.54776,1.00,1.37
2014.05.05 15:16:24.748,6.54684,6.54776,1.00,1.37
2014.05.05 15:16:24.995,6.5469,6.54776,1.00,1.37
2014.05.05 15:16:25.564,6.5469,6.54776,1.00,1.18
2014.05.05 15:16:27.191,6.54698,6.54776,1.00,1.18
2014.05.05 15:16:30.335,6.54694,6.54776,1.00,1.37
2014.05.05 15:16:30.558,6.54685,6.54776,1.00,1.37
2014.05.05 15:16:30.660,6.54685,6.54755,1.00,1.18
2014.05.05 15:16:30.998,6.54689,6.54755,1.00,1.18
2014.05.05 15:16:32.994,6.54698,6.54775,1.00,1.18
2014.05.05 15:16:53.208,6.54698,6.54773,1.00,1.18
2014.05.05 15:16:53.424,6.54689,6.54773,1.00,1.18
2014.05.05 15:16:55.857,6.54699,6.54773,1.00,1.18
2014.05.05 15:16:56.327,6.54704,6.54773,1.00,1.18
2014.05.05 15:16:57.179,6.54705,6.54773,1.00,1.18
2014.05.05 15:16:57.433,6.54706,6.54794,1.00,1.37
2014.05.05 15:16:57.988,6.54705,6.54794,1.00,1.09
2014.05.05 15:17:06.873,6.54701,6.54794,1.00,1.09
2014.05.05 15:17:09.011,6.54701,6.54794,1.00,1.37
2014.05.05 15:17:09.722,6.54701,6.54783,1.00,1.19
2014.05.05 15:17:09.824,6.54691,6.54783,1.00,1.19
2014.05.05 15:17:09.924,6.54682,6.54783,1.00,1.19
2014.05.05 15:17:10.252,6.54672,6.54772,1.00,1.37
2014.05.05 15:17:11.322,6.54672,6.54772,1.00,1.18
2014.05.05 15:17:11.373,6.54725,6.54772,1.00,1.18
2014.05.05 15:17:11.425,6.54731,6.54793,1.00,1.37
2014.05.05 15:17:11.577,6.54686,6.54805,1.00,1.19
2014.05.05 15:17:11.628,6.54686,6.54788,1.00,1.19
2014.05.05 15:17:11.932,6.54686,6.54773,1.00,1.37
2014.05.05 15:17:12.453,6.54687,6.54773,1.00,1.37
2014.05.05 15:17:12.914,6.54714,6.54773,1.00,1.18
2014.05.05 15:17:13.066,6.54714,6.54792,1.00,1.25
2014.05.05 15:17:13.117,6.54714,6.54795,1.00,1.18
2014.05.05 15:17:13.221,6.54711,6.54795,1.00,1.18
2014.05.05 15:17:13.771,6.54706,6.54795,1.00,1.18
2014.05.05 15:17:14.423,6.54705,6.54795,1.00,1.18
2014.05.05 15:17:14.655,6.54708,6.54795,1.00,1.18
2014.05.05 15:17:16.165,6.54708,6.54814,1.00,1.18
2014.05.05 15:17:16.315,6.54718,6.54814,1.00,1.18
2014.05.05 15:17:18.336,6.54724,6.54814,1.00,1.18
2014.05.05 15:17:18.864,6.54723,6.54814,1.00,1.18
2014.05.05 15:17:24.129,6.54728,6.54814,1.00,1.18
2014.05.05 15:17:27.234,6.54728,6.54836,1.00,1.18
2014.05.05 15:17:27.776,6.54729,6.54836,1.00,1.18
2014.05.05 15:17:28.454,6.54729,6.54843,1.00,1.00
2014.05.05 15:17:28.556,6.54729,6.54853,1.00,1.19
2014.05.05 15:17:29.708,6.54729,6.54853,1.00,1.19
2014.05.05 15:17:30.021,6.54729,6.54783,1.00,2.10
2014.05.05 15:17:30.072,6.54719,6.54783,1.18,2.10
2014.05.05 15:17:30.123,6.54719,6.54773,1.18,1.79
2014.05.05 15:17:30.174,6.54699,6.54771,1.18,2.29
2014.05.05 15:17:30.275,6.54671,6.54743,1.18,1.18
2014.05.05 15:17:30.326,6.54702,6.54743,1.00,1.18
2014.05.05 15:17:30.479,6.5471,6.54763,1.00,1.18
2014.05.05 15:17:30.580,6.5471,6.54783,1.00,1.00
2014.05.05 15:17:30.631,6.54715,6.54782,1.00,1.00
2014.05.05 15:17:30.845,6.54715,6.54792,1.00,1.00
2014.05.05 15:17:31.055,6.54711,6.54792,1.00,1.00
2014.05.05 15:17:31.106,6.54711,6.54802,1.00,1.00
2014.05.05 15:17:32.320,6.54711,6.54811,1.00,1.18
2014.05.05 15:17:34.363,6.54711,6.54803,1.00,1.00
2014.05.05 15:17:50.116,6.54711,6.54803,1.00,1.19
2014.05.05 15:17:53.050,6.54716,6.54803,1.00,1.27
2014.05.05 15:17:53.731,6.54716,6.54803,1.00,1.27
2014.05.05 15:18:00.056,6.54716,6.54796,1.00,1.19
2014.05.05 15:18:00.359,6.54715,6.54809,1.00,1.18
2014.05.05 15:18:00.513,6.54715,6.54793,1.00,1.00
2014.05.05 15:18:01.050,6.54715,6.54802,1.00,1.10
2014.05.05 15:18:01.101,6.54709,6.54802,1.00,1.10
2014.05.05 15:18:04.477,6.54709,6.54793,1.00,1.00
2014.05.05 15:18:04.780,6.54698,6.54784,1.00,1.18
2014.05.05 15:18:05.084,6.54704,6.54784,1.00,1.18
2014.05.05 15:18:10.653,6.54708,6.54784,1.00,1.18
2014.05.05 15:18:18.590,6.54705,6.54784,1.00,1.18
2014.05.05 15:18:19.118,6.54701,6.54784,1.00,1.18
2014.05.05 15:18:20.900,6.54702,6.54784,1.00,1.18
2014.05.05 15:18:24.660,6.54702,6.54782,1.00,1.18
2014.05.05 15:18:28.599,6.54697,6.54782,1.00,1.18
2014.05.05 15:18:31.541,6.54691,6.54782,1.00,1.18
2014.05.05 15:18:31.592,6.54691,6.54782,1.00,1.37
2014.05.05 15:18:31.795,6.54639,6.54781,1.18,1.27
2014.05.05 15:18:31.846,6.54636,6.54753,1.00,1.18
2014.05.05 15:18:32.149,6.54639,6.54753,1.00,1.18
2014.05.05 15:18:33.480,6.54639,6.54773,1.08,1.44
2014.05.05 15:18:33.531,6.5464,6.54775,1.10,1.37
2014.05.05 15:18:53.553,6.54631,6.54763,1.00,1.18
2014.05.05 15:18:55.308,6.54631,6.54763,1.00,1.37
2014.05.05 15:18:57.171,6.54631,6.54763,1.00,1.18
2014.05.05 15:18:58.978,6.54631,6.54763,1.19,1.18
2014.05.05 15:18:59.080,6.54646,6.54778,1.18,1.27
2014.05.05 15:18:59.291,6.54646,6.54778,1.18,1.00
2014.05.05 15:18:59.393,6.54647,6.54789,1.08,1.18
2014.05.05 15:19:02.697,6.54648,6.54789,1.08,1.37
2014.05.05 15:19:03.703,6.54648,6.54788,1.08,1.27
2014.05.05 15:19:05.122,6.54648,6.54783,1.08,1.27
2014.05.05 15:19:05.851,6.54636,6.54748,1.00,1.18
2014.05.05 15:19:06.011,6.54617,6.54748,1.00,1.18
2014.05.05 15:19:06.540,6.54616,6.54748,1.00,1.37
2014.05.05 15:19:07.188,6.54606,6.54748,1.08,1.37
2014.05.05 15:19:07.530,6.54606,6.54748,1.08,1.37
2014.05.05 15:19:07.950,6.54612,6.54748,1.00,1.37
2014.05.05 15:19:08.938,6.54612,6.54748,1.00,1.37
2014.05.05 15:19:11.029,6.54617,6.54748,1.00,1.37
2014.05.05 15:19:12.085,6.54632,6.54761,1.18,1.69
2014.05.05 15:19:12.187,6.54627,6.54756,1.00,1.37
2014.05.05 15:19:12.351,6.54637,6.54756,1.00,1.37
2014.05.05 15:19:12.503,6.54637,6.54776,1.08,1.27
2014.05.05 15:19:12.734,6.54635,6.54755,1.00,1.18
2014.05.05 15:19:12.836,6.54626,6.54755,1.00,1.18
2014.05.05 15:19:27.604,6.54626,6.54755,1.00,1.37
2014.05.05 15:19:27.716,6.54622,6.54755,1.00,1.37
2014.05.05 15:19:28.278,6.54621,6.54755,1.00,1.37
2014.05.05 15:19:30.613,6.54623,6.54755,1.00,1.37
2014.05.05 15:19:31.432,6.54634,6.54767,1.18,1.19
2014.05.05 15:19:32.422,6.54634,6.54767,1.18,1.19
2014.05.05 15:19:32.616,6.54643,6.54777,1.00,1.37
2014.05.05 15:19:32.869,6.54647,6.54773,1.00,1.27
2014.05.05 15:19:33.656,6.54652,6.54773,1.00,1.27
2014.05.05 15:19:34.216,6.54652,6.54773,1.00,1.27
2014.05.05 15:19:35.528,6.54652,6.54773,1.00,1.27
2014.05.05 15:19:35.841,6.54653,6.54792,1.65,1.27
2014.05.05 15:19:37.736,6.54653,6.54793,1.65,1.27
2014.05.05 15:19:39.942,6.54653,6.54793,1.65,1.77
2014.05.05 15:19:40.947,6.54653,6.54793,1.65,1.27
2014.05.05 15:19:42.459,6.54658,6.54793,1.08,1.27
2014.05.05 15:19:43.255,6.54658,6.54795,1.08,1.27
2014.05.05 15:19:44.262,6.54658,6.54792,1.08,1.27
2014.05.05 15:19:45.369,6.54658,6.54794,1.08,1.27
2014.05.05 15:19:46.516,6.54658,6.54798,1.08,1.37
2014.05.05 15:19:46.567,6.54668,6.54798,1.00,1.37
2014.05.05 15:19:47.804,6.54668,6.54798,1.00,1.37
2014.05.05 15:19:48.891,6.54668,6.54798,1.00,1.37
2014.05.05 15:19:49.889,6.54668,6.54798,1.00,1.37
2014.05.05 15:19:50.764,6.54657,6.54798,1.08,1.37
2014.05.05 15:19:51.385,6.54657,6.54798,1.08,1.37
2014.05.05 15:19:52.700,6.54657,6.54798,1.08,1.84
2014.05.05 15:19:53.301,6.54658,6.54792,1.08,1.27
2014.05.05 15:19:53.964,6.54662,6.54792,1.08,1.27
2014.05.05 15:19:54.244,6.54678,6.54805,1.18,1.19
2014.05.05 15:19:56.117,6.54678,6.54814,1.18,1.29
2014.05.05 15:19:57.124,6.54678,6.54814,1.18,1.29
2014.05.05 15:20:00.233,6.54678,6.54812,1.18,1.19
2014.05.05 15:20:02.460,6.54678,6.54818,1.18,1.27
2014.05.05 15:20:03.750,6.54678,6.54821,1.65,1.84
2014.05.05 15:20:05.159,6.54678,6.54821,1.65,1.84
2014.05.05 15:20:06.700,6.54678,6.54821,1.65,1.84
2014.05.05 15:20:11.175,6.54678,6.54821,1.65,1.84
2014.05.05 15:20:12.378,6.54678,6.54821,1.84,1.84
2014.05.05 15:20:13.683,6.54678,6.54821,1.37,1.37
2014.05.05 15:20:14.722,6.54685,6.54812,1.18,1.19
2014.05.05 15:20:14.789,6.54685,6.54812,1.18,1.25
2014.05.05 15:20:16.397,6.54685,6.54822,1.18,1.27
2014.05.05 15:20:17.401,6.54685,6.54822,1.18,1.27
2014.05.05 15:20:18.406,6.54685,6.54822,1.18,1.27
2014.05.05 15:20:19.611,6.54685,6.54822,1.18,1.27
2014.05.05 15:20:22.656,6.54685,6.54822,1.18,1.27
2014.05.05 15:20:23.025,6.54685,6.54803,1.18,1.00
2014.05.05 15:20:26.151,6.54685,6.54803,1.18,1.19
2014.05.05 15:20:28.346,6.54685,6.54803,1.18,1.00
2014.05.05 15:20:34.787,6.54674,6.54803,1.37,1.00
2014.05.05 15:20:36.374,6.54674,6.54803,1.18,1.19
2014.05.05 15:20:36.526,6.54668,6.54793,1.00,1.18
2014.05.05 15:20:39.687,6.54668,6.54793,1.00,1.37
2014.05.05 15:20:42.709,6.54662,6.54793,1.00,1.84
2014.05.05 15:20:44.129,6.54662,6.54788,1.00,1.27
2014.05.05 15:20:44.331,6.5466,6.54788,1.00,1.27
2014.05.05 15:20:45.299,6.5466,6.54788,1.00,1.27
2014.05.05 15:20:45.350,6.54655,6.54788,1.08,1.27
2014.05.05 15:20:46.403,6.54655,6.54787,1.08,1.27
2014.05.05 15:20:47.179,6.54657,6.54787,1.00,1.27
2014.05.05 15:20:48.314,6.54657,6.54784,1.00,1.19
2014.05.05 15:20:49.414,6.54657,6.54784,1.00,1.19
2014.05.05 15:20:54.035,6.54657,6.54791,1.00,1.27
2014.05.05 15:20:54.368,6.54661,6.54791,1.00,1.27
2014.05.05 15:20:55.145,6.54661,6.54791,1.00,1.27
2014.05.05 15:20:56.150,6.54661,6.54789,1.00,1.27
2014.05.05 15:20:57.203,6.54666,6.54789,1.00,1.19
2014.05.05 15:20:57.561,6.5467,6.54788,1.00,1.19
2014.05.05 15:20:57.870,6.5468,6.54788,1.00,1.19
2014.05.05 15:20:58.362,6.5468,6.54797,1.00,1.37
2014.05.05 15:20:58.514,6.54685,6.54803,1.00,1.19
2014.05.05 15:20:58.716,6.54685,6.54819,1.00,1.37
2014.05.05 15:20:58.767,6.54689,6.54819,1.00,1.37
2014.05.05 15:20:59.112,6.54704,6.54821,1.10,1.19
2014.05.05 15:20:59.895,6.54704,6.54837,1.10,1.27
2014.05.05 15:21:00.879,6.547,6.54829,1.08,1.19
2014.05.05 15:21:02.612,6.54708,6.5483,1.00,1.19
2014.05.05 15:21:03.487,6.54708,6.54828,1.00,1.19
2014.05.05 15:21:07.201,6.54708,6.54826,1.00,1.19
2014.05.05 15:21:08.518,6.54705,6.54826,1.00,1.19
2014.05.05 15:21:08.605,6.54705,6.54833,1.00,1.27
2014.05.05 15:21:10.512,6.54705,6.54834,1.00,1.27
2014.05.05 15:21:11.621,6.54705,6.54839,1.00,1.84
2014.05.05 15:21:11.729,6.54709,6.54839,1.00,1.84
2014.05.05 15:21:12.732,6.54709,6.54839,1.00,1.37
2014.05.05 15:21:16.535,6.54709,6.54839,1.00,1.37
2014.05.05 15:21:19.089,6.54709,6.54844,1.08,1.29
2014.05.05 15:21:19.950,6.54707,6.5483,1.00,1.37
2014.05.05 15:21:20.102,6.54703,6.5483,1.00,1.37
2014.05.05 15:21:20.255,6.54703,6.54819,1.00,1.19
2014.05.05 15:21:20.648,6.54699,6.54819,1.00,1.19
2014.05.05 15:21:22.489,6.54701,6.54819,1.00,1.19
2014.05.05 15:21:22.809,6.54718,6.54812,1.00,1.19
2014.05.05 15:21:23.383,6.54718,6.54812,1.00,1.19
2014.05.05 15:21:24.881,6.54718,6.54812,1.00,1.19
2014.05.05 15:21:27.577,6.54716,6.54822,1.00,1.69
2014.05.05 15:21:27.780,6.54701,6.54822,1.00,1.19
2014.05.05 15:21:28.184,6.54701,6.54818,1.00,1.19
2014.05.05 15:21:33.188,6.54698,6.54817,1.00,1.19
2014.05.05 15:21:33.930,6.54699,6.54823,1.00,1.77
2014.05.05 15:21:37.225,6.54699,6.54821,1.00,1.19
2014.05.05 15:21:37.563,6.5469,6.54812,1.08,1.19
2014.05.05 15:21:38.231,6.5469,6.54812,1.08,1.19
2014.05.05 15:21:39.538,6.5469,6.54812,1.08,1.19
2014.05.05 15:21:39.967,6.5469,6.54812,1.00,1.19
2014.05.05 15:21:42.648,6.5469,6.54812,1.00,1.19
2014.05.05 15:21:44.354,6.5469,6.54812,1.00,1.19
2014.05.05 15:21:45.559,6.5469,6.54812,1.00,1.19
2014.05.05 15:21:47.770,6.5469,6.54812,1.00,1.19
2014.05.05 15:21:49.418,6.5469,6.54812,1.00,1.19
2014.05.05 15:21:51.086,6.5469,6.54812,1.00,1.19
2014.05.05 15:21:55.249,6.5469,6.54812,1.00,1.19
2014.05.05 15:21:57.421,6.5469,6.54812,1.00,1.19
2014.05.05 15:21:58.629,6.5469,6.54812,1.00,1.19
2014.05.05 15:21:59.951,6.5469,6.54807,1.00,1.19
2014.05.05 15:22:02.661,6.5469,6.54812,1.00,1.27
2014.05.05 15:22:04.766,6.5469,6.54812,1.00,1.27
2014.05.05 15:22:07.274,6.5469,6.54812,1.00,1.27
2014.05.05 15:22:09.679,6.54695,6.54812,1.00,1.27
2014.05.05 15:22:10.134,6.54695,6.54811,1.00,1.27
2014.05.05 15:22:13.501,6.54695,6.54808,1.00,1.29
2014.05.05 15:22:14.603,6.54695,6.54812,1.00,1.27
2014.05.05 15:22:15.628,6.54695,6.54808,1.00,1.29
2014.05.05 15:22:16.077,6.547,6.54808,1.00,1.29
2014.05.05 15:22:17.117,6.547,6.54804,1.00,1.19
2014.05.05 15:22:19.011,6.547,6.54805,1.00,1.19
2014.05.05 15:22:19.347,6.54702,6.54805,1.00,1.19
2014.05.05 15:22:20.819,6.54702,6.5481,1.00,1.19
2014.05.05 15:22:22.426,6.54702,6.54813,1.00,1.19
2014.05.05 15:22:23.010,6.54702,6.54814,1.00,1.19
2014.05.05 15:22:24.936,6.54702,6.5481,1.00,1.19
2014.05.05 15:22:27.446,6.54702,6.54813,1.00,1.19
2014.05.05 15:22:32.695,6.54702,6.54811,1.00,1.19
2014.05.05 15:22:35.666,6.54702,6.5481,1.00,1.19
2014.05.05 15:22:38.815,6.54702,6.54808,1.00,1.19
2014.05.05 15:22:40.784,6.54702,6.54811,1.00,1.19
2014.05.05 15:22:44.848,6.54702,6.54813,1.00,1.29
2014.05.05 15:22:46.207,6.54702,6.54811,1.00,1.19
2014.05.05 15:22:47.413,6.54702,6.54814,1.00,1.27
2014.05.05 15:22:52.934,6.54702,6.54806,1.00,1.19
2014.05.05 15:22:53.513,6.54703,6.54806,1.00,1.19
2014.05.05 15:22:53.937,6.54703,6.54809,1.00,1.27
2014.05.05 15:22:54.937,6.54703,6.5481,1.00,1.27
2014.05.05 15:22:56.072,6.54703,6.54809,1.00,1.27
2014.05.05 15:22:57.553,6.54703,6.54813,1.00,1.77
2014.05.05 15:22:57.757,6.54692,6.54813,1.00,1.77
2014.05.05 15:23:00.179,6.54692,6.54811,1.00,1.27
2014.05.05 15:23:02.468,6.54692,6.54813,1.00,1.27
2014.05.05 15:23:03.876,6.54692,6.54811,1.00,1.27
2014.05.05 15:23:04.457,6.54698,6.54811,1.00,1.27
2014.05.05 15:23:05.175,6.54698,6.54813,1.00,1.27
2014.05.05 15:23:06.382,6.54698,6.54813,1.00,1.27
2014.05.05 15:23:08.392,6.54698,6.54813,1.00,1.77
2014.05.05 15:23:09.497,6.54698,6.54811,1.00,1.27
2014.05.05 15:23:10.499,6.54698,6.54813,1.00,1.77
2014.05.05 15:23:12.512,6.54698,6.54813,1.00,1.27
2014.05.05 15:23:14.720,6.54698,6.54813,1.00,1.77
2014.05.05 15:23:15.720,6.54698,6.54812,1.00,1.27
2014.05.05 15:23:17.208,6.54698,6.54813,1.00,1.27
2014.05.05 15:23:18.235,6.54698,6.54813,1.00,1.27
2014.05.05 15:23:18.554,6.54702,6.54813,1.00,1.27
2014.05.05 15:23:19.249,6.54702,6.54813,1.00,1.77
2014.05.05 15:23:22.459,6.54702,6.54812,1.00,1.27
2014.05.05 15:23:25.169,6.54702,6.5481,1.00,1.27
2014.05.05 15:23:26.669,6.54702,6.54813,1.00,1.77
2014.05.05 15:23:27.801,6.54702,6.54813,1.00,1.27
2014.05.05 15:23:29.119,6.54702,6.54813,1.00,1.27
2014.05.05 15:23:31.686,6.54702,6.54813,1.00,1.77
2014.05.05 15:23:33.616,6.54707,6.54813,1.00,1.77
2014.05.05 15:23:34.018,6.54707,6.54808,1.00,1.27
2014.05.05 15:23:37.397,6.54701,6.54808,1.00,1.27
2014.05.05 15:23:38.516,6.54701,6.54813,1.00,1.84
2014.05.05 15:23:44.966,6.54701,6.54811,1.00,1.27
2014.05.05 15:23:47.036,6.54705,6.54811,1.00,1.27
2014.05.05 15:23:47.647,6.54705,6.54812,1.00,1.27
2014.05.05 15:23:49.588,6.54705,6.54812,1.00,1.27
2014.05.05 15:23:52.470,6.54705,6.54812,1.00,1.27
2014.05.05 15:23:54.274,6.54705,6.54812,1.00,1.27
2014.05.05 15:23:55.079,6.54705,6.54801,1.00,1.19
2014.05.05 15:23:55.180,6.54702,6.54801,1.00,1.19
2014.05.05 15:23:56.520,6.54702,6.54793,1.00,1.37
2014.05.05 15:23:57.594,6.54702,6.54793,1.00,1.37
2014.05.05 15:23:58.180,6.54699,6.54793,1.00,1.37
2014.05.05 15:23:58.365,6.54684,6.54793,1.00,1.37
2014.05.05 15:23:59.700,6.54684,6.54793,1.00,1.09
2014.05.05 15:24:00.913,6.54682,6.54793,1.00,1.18
2014.05.05 15:24:03.866,6.54678,6.54793,1.00,1.37
2014.05.05 15:24:05.126,6.54678,6.54793,1.00,1.84
2014.05.05 15:24:07.107,6.54678,6.54793,1.00,1.37
2014.05.05 15:24:08.640,6.54678,6.54785,1.00,1.19
2014.05.05 15:24:11.168,6.54681,6.54785,1.00,1.19
2014.05.05 15:24:13.861,6.54681,6.54784,1.00,1.19
2014.05.05 15:24:16.177,6.54681,6.54781,1.00,1.27
2014.05.05 15:24:17.184,6.54681,6.54782,1.00,1.27
2014.05.05 15:24:20.404,6.54681,6.54783,1.00,1.37
2014.05.05 15:24:20.586,6.54676,6.54783,1.00,1.37
2014.05.05 15:24:21.537,6.54676,6.54782,1.00,1.27
2014.05.05 15:24:26.127,6.54676,6.54783,1.00,1.84
2014.05.05 15:24:27.570,6.54676,6.54781,1.00,1.27
2014.05.05 15:24:28.980,6.54676,6.54782,1.00,1.27
2014.05.05 15:24:31.253,6.54676,6.54781,1.00,1.27
2014.05.05 15:24:32.691,6.54677,6.54781,1.00,1.27
2014.05.05 15:24:33.260,6.54677,6.54783,1.00,1.18
2014.05.05 15:24:34.665,6.54682,6.54783,1.00,1.18
2014.05.05 15:24:35.655,6.54682,6.54804,1.00,1.37
2014.05.05 15:24:37.074,6.54682,6.54804,1.00,1.37
2014.05.05 15:24:37.449,6.54677,6.54783,1.00,1.00
2014.05.05 15:24:37.500,6.54677,6.54783,1.00,1.65
2014.05.05 15:24:37.820,6.54659,6.54762,1.00,1.18
2014.05.05 15:24:37.871,6.54653,6.54762,1.00,1.18
2014.05.05 15:24:38.585,6.54653,6.54762,1.00,1.37
2014.05.05 15:24:39.893,6.54653,6.54762,1.00,1.37
2014.05.05 15:24:40.084,6.54659,6.54762,1.00,1.37
2014.05.05 15:24:41.225,6.54659,6.54785,1.00,1.37
2014.05.05 15:24:42.603,6.54659,6.54783,1.00,1.27
2014.05.05 15:24:43.027,6.54659,6.54761,1.00,1.18
2014.05.05 15:24:47.205,6.54661,6.54761,1.00,1.18
2014.05.05 15:24:51.756,6.54666,6.54761,1.00,1.18
2014.05.05 15:24:51.858,6.54666,6.54781,1.00,1.27
2014.05.05 15:24:52.045,6.54675,6.54781,1.00,1.27
2014.05.05 15:24:52.461,6.54675,6.54782,1.00,1.18
2014.05.05 15:24:52.925,6.54681,6.54782,1.00,1.18
2014.05.05 15:24:54.035,6.54681,6.54801,1.00,1.44
2014.05.05 15:24:54.187,6.54681,6.54801,1.00,1.37
2014.05.05 15:24:55.773,6.54681,6.54801,1.00,1.37
2014.05.05 15:24:57.982,6.54681,6.54801,1.00,1.37
2014.05.05 15:25:00.194,6.54681,6.54801,1.00,1.37
2014.05.05 15:25:01.298,6.54681,6.54801,1.00,1.37
2014.05.05 15:25:10.356,6.54681,6.54801,1.00,1.37
2014.05.05 15:25:11.474,6.54681,6.54801,1.00,1.37
2014.05.05 15:25:13.367,6.54681,6.54801,1.00,1.18
2014.05.05 15:25:14.121,6.54681,6.54792,1.00,1.18
2014.05.05 15:25:16.718,6.54679,6.54792,1.00,1.18
2014.05.05 15:25:17.092,6.54681,6.54792,1.00,1.18
2014.05.05 15:25:17.966,6.5468,6.54792,1.00,1.18
2014.05.05 15:25:18.363,6.54678,6.54771,1.00,1.18
2014.05.05 15:25:22.018,6.54678,6.54789,1.00,1.37
2014.05.05 15:25:22.545,6.54699,6.54789,1.00,1.37
2014.05.05 15:25:23.408,6.54699,6.5481,1.00,1.18
2014.05.05 15:25:23.459,6.54701,6.5481,1.00,1.18
2014.05.05 15:25:23.787,6.54759,6.54832,1.00,1.18
2014.05.05 15:25:23.838,6.54759,6.54848,1.00,1.00
2014.05.05 15:25:23.889,6.54764,6.54848,1.00,1.00
2014.05.05 15:25:23.939,6.54764,6.54876,1.00,1.18
2014.05.05 15:25:24.445,6.54765,6.54876,1.00,1.18
2014.05.05 15:25:30.135,6.54762,6.54876,1.00,1.18
2014.05.05 15:25:33.985,6.54767,6.54876,1.00,1.18
2014.05.05 15:25:36.166,6.54767,6.54876,1.00,1.37
2014.05.05 15:25:37.172,6.54767,6.54876,1.00,1.37
2014.05.05 15:25:37.223,6.54763,6.54876,1.00,1.37
2014.05.05 15:25:37.835,6.54731,6.54842,1.18,1.00
2014.05.05 15:25:37.886,6.54714,6.54842,1.08,1.00
2014.05.05 15:25:38.038,6.54714,6.54835,1.00,1.18
2014.05.05 15:25:38.088,6.5471,6.54835,1.00,1.18
2014.05.05 15:25:45.755,6.54708,6.54835,1.00,1.18
2014.05.05 15:25:48.114,6.54705,6.54833,1.00,1.08
2014.05.05 15:25:48.591,6.54705,6.54814,1.00,1.18
2014.05.05 15:25:57.414,6.54704,6.54814,1.00,1.18
2014.05.05 15:25:57.967,6.54703,6.54814,1.00,1.18
2014.05.05 15:26:06.415,6.54703,6.54814,1.00,1.37
2014.05.05 15:26:08.521,6.54703,6.54814,1.00,1.37
2014.05.05 15:26:09.204,6.54703,6.54804,1.00,1.37
2014.05.05 15:26:15.623,6.54698,6.54804,1.00,1.37
2014.05.05 15:26:15.887,6.54698,6.54804,1.00,1.37
2014.05.05 15:26:21.070,6.54698,6.54804,1.00,1.37
2014.05.05 15:26:28.014,6.54703,6.54804,1.00,1.37
2014.05.05 15:26:28.650,6.54703,6.54803,1.00,1.37
2014.05.05 15:26:39.675,6.54704,6.54803,1.00,1.37
2014.05.05 15:26:45.370,6.54704,6.54803,1.00,1.37
2014.05.05 15:26:46.883,6.54704,6.54803,1.00,1.37
2014.05.05 15:26:48.926,6.54704,6.54802,1.00,1.37
2014.05.05 15:26:54.856,6.54693,6.54802,1.00,1.37
2014.05.05 15:26:55.230,6.54698,6.54802,1.00,1.37
2014.05.05 15:26:56.614,6.54702,6.54802,1.00,1.37
2014.05.05 15:26:58.066,6.54693,6.54802,1.00,1.37
2014.05.05 15:26:58.269,6.54698,6.54802,1.00,1.37
2014.05.05 15:26:59.756,6.54698,6.54802,1.00,1.37
2014.05.05 15:26:59.806,6.54693,6.54802,1.00,1.37
2014.05.05 15:27:00.024,6.54698,6.54802,1.00,1.37
2014.05.05 15:27:00.353,6.54704,6.54802,1.00,1.37
2014.05.05 15:27:02.337,6.54699,6.54802,1.00,1.37
2014.05.05 15:27:03.014,6.547,6.54802,1.00,1.37
2014.05.05 15:27:03.844,6.547,6.54802,1.00,1.37
2014.05.05 15:27:04.756,6.54689,6.54802,1.00,1.37
2014.05.05 15:27:05.083,6.54699,6.54802,1.00,1.37
2014.05.05 15:27:06.953,6.5469,6.54802,1.00,1.37
2014.05.05 15:27:07.206,6.547,6.54802,1.00,1.18
2014.05.05 15:27:08.397,6.54699,6.54802,1.00,1.18
2014.05.05 15:27:08.971,6.54699,6.54804,1.00,1.18
2014.05.05 15:27:09.704,6.54696,6.54804,1.00,1.18
2014.05.05 15:27:12.233,6.5469,6.54804,1.00,1.18
2014.05.05 15:27:12.453,6.54695,6.54804,1.00,1.18
2014.05.05 15:27:13.141,6.54695,6.54784,1.00,1.18
2014.05.05 15:27:13.224,6.54693,6.54784,1.00,1.18
2014.05.05 15:27:13.906,6.54692,6.54784,1.00,1.18
2014.05.05 15:27:14.470,6.54693,6.54784,1.00,1.18
2014.05.05 15:27:14.918,6.54688,6.54784,1.00,1.18
2014.05.05 15:27:15.203,6.54693,6.54784,1.00,1.18
2014.05.05 15:27:19.603,6.54692,6.54784,1.00,1.18
2014.05.05 15:27:22.247,6.54688,6.54784,1.00,1.18
2014.05.05 15:27:22.462,6.54693,6.54784,1.00,1.18
2014.05.05 15:27:23.249,6.54693,6.54784,1.00,1.37
2014.05.05 15:27:24.336,6.54693,6.54784,1.00,1.37
2014.05.05 15:27:25.646,6.54693,6.54784,1.00,1.37
2014.05.05 15:27:25.994,6.54688,6.54784,1.00,1.37
2014.05.05 15:27:26.247,6.54692,6.54784,1.00,1.37
2014.05.05 15:27:27.656,6.54692,6.54784,1.00,1.37
2014.05.05 15:27:29.471,6.54692,6.54784,1.00,1.37
2014.05.05 15:27:29.662,6.54687,6.54784,1.00,1.37
2014.05.05 15:27:30.068,6.54687,6.54771,1.00,1.19
2014.05.05 15:27:30.220,6.54683,6.54771,1.00,1.19
2014.05.05 15:27:31.315,6.54683,6.54763,1.00,1.37
2014.05.05 15:27:31.833,6.54688,6.54763,1.00,1.37
2014.05.05 15:27:33.188,6.54688,6.54763,1.00,1.18
2014.05.05 15:27:33.645,6.54688,6.54785,1.00,1.37
2014.05.05 15:27:34.596,6.54688,6.54785,1.00,1.37
2014.05.05 15:27:38.316,6.54688,6.5478,1.00,1.27
2014.05.05 15:27:40.423,6.54688,6.54781,1.00,1.27
2014.05.05 15:27:41.837,6.54693,6.54781,1.00,1.27
2014.05.05 15:27:42.182,6.54696,6.54781,1.00,1.27
2014.05.05 15:27:42.534,6.54696,6.54785,1.00,1.37
2014.05.05 15:27:43.681,6.54696,6.54785,1.00,1.37
2014.05.05 15:27:44.745,6.54696,6.54785,1.00,1.37
2014.05.05 15:27:47.075,6.54696,6.54785,1.00,1.37
2014.05.05 15:27:49.878,6.54696,6.54785,1.00,1.37
2014.05.05 15:27:52.780,6.54696,6.54785,1.00,1.37
2014.05.05 15:27:54.203,6.54696,6.54792,1.00,1.37
2014.05.05 15:27:55.696,6.54696,6.5479,1.00,1.27
2014.05.05 15:27:59.109,6.54696,6.54792,1.00,1.37
2014.05.05 15:28:00.314,6.54696,6.54792,1.00,1.84
2014.05.05 15:28:00.426,6.54677,6.54792,1.00,1.84
2014.05.05 15:28:03.135,6.54677,6.54792,1.00,1.37
2014.05.05 15:28:03.281,6.54658,6.5476,1.00,1.00
2014.05.05 15:28:09.224,6.54658,6.54764,1.00,1.00
2014.05.05 15:28:10.406,6.54649,6.54764,1.18,1.00
2014.05.05 15:28:10.507,6.54649,6.54764,1.18,1.19
2014.05.05 15:28:10.609,6.54637,6.5476,1.00,1.19
2014.05.05 15:28:10.760,6.54628,6.5476,1.18,1.19
2014.05.05 15:28:10.811,6.54628,6.54748,1.18,1.00
2014.05.05 15:28:11.370,6.54628,6.54739,1.18,1.00
2014.05.05 15:28:11.576,6.54617,6.54734,1.00,1.00
2014.05.05 15:28:11.776,6.54617,6.5473,1.00,1.00
2014.05.05 15:28:13.005,6.54617,6.54735,1.00,1.00
2014.05.05 15:28:13.056,6.54627,6.54735,1.08,1.00
2014.05.05 15:28:15.552,6.54638,6.54735,1.00,1.00
2014.05.05 15:28:16.746,6.54638,6.54743,1.00,1.00
2014.05.05 15:28:17.365,6.54638,6.54749,1.00,1.00
2014.05.05 15:28:18.784,6.54628,6.54749,1.08,1.00
2014.05.05 15:28:19.046,6.54628,6.54743,1.08,1.00
2014.05.05 15:28:30.066,6.54643,6.54743,1.18,1.00
2014.05.05 15:28:30.346,6.54643,6.54745,1.18,1.00
2014.05.05 15:28:31.441,6.54643,6.54747,1.18,1.00
2014.05.05 15:28:32.111,6.54647,6.54748,1.08,1.00
2014.05.05 15:28:32.652,6.54647,6.54749,1.08,1.00
2014.05.05 15:28:33.886,6.54648,6.54752,1.08,1.00
2014.05.05 15:28:34.679,6.54663,6.54752,1.18,1.00
2014.05.05 15:28:41.144,6.54663,6.54748,1.18,1.00
2014.05.05 15:28:41.341,6.54663,6.54751,1.18,1.00
2014.05.05 15:28:43.002,6.54663,6.54749,1.18,1.00
2014.05.05 15:28:44.010,6.54663,6.54746,1.18,1.00
2014.05.05 15:28:44.061,6.54658,6.54746,1.00,1.00
2014.05.05 15:28:44.113,6.54641,6.54746,1.18,1.00
2014.05.05 15:28:44.315,6.5462,6.54744,1.19,1.18
2014.05.05 15:28:44.416,6.54607,6.54744,1.08,1.18
2014.05.05 15:28:44.568,6.54607,6.54709,1.08,1.00
2014.05.05 15:28:44.909,6.54621,6.54718,1.18,1.00
2014.05.05 15:28:46.841,6.54621,6.54717,1.18,1.00
2014.05.05 15:28:47.467,6.54627,6.54722,1.08,1.00
2014.05.05 15:28:47.691,6.54627,6.54753,1.08,1.00
2014.05.05 15:28:50.798,6.54627,6.54743,1.00,1.18
2014.05.05 15:28:50.899,6.54624,6.54743,1.00,1.18
2014.05.05 15:28:50.950,6.5461,6.54739,1.00,1.08
2014.05.05 15:28:51.051,6.54619,6.54739,1.18,1.00
2014.05.05 15:28:51.153,6.54619,6.54746,1.18,1.00
2014.05.05 15:28:51.374,6.54626,6.54752,1.10,1.00
2014.05.05 15:28:55.704,6.54626,6.54752,1.10,1.19
2014.05.05 15:28:56.759,6.54631,6.54757,1.00,1.27
2014.05.05 15:28:58.517,6.54631,6.54757,1.00,1.27
2014.05.05 15:28:59.723,6.54631,6.54757,1.00,1.27
2014.05.05 15:29:01.128,6.54631,6.54757,1.00,1.27
2014.05.05 15:29:02.459,6.54631,6.54757,1.00,1.27
2014.05.05 15:29:03.739,6.54631,6.54757,1.00,1.08
2014.05.05 15:29:04.069,6.54658,6.54757,1.53,1.08
2014.05.05 15:29:04.296,6.54631,6.54757,1.00,1.08
2014.05.05 15:29:05.145,6.54661,6.54763,1.00,1.37
2014.05.05 15:29:06.991,6.54661,6.54776,1.00,1.37
2014.05.05 15:29:07.757,6.54661,6.54779,1.00,1.27
2014.05.05 15:29:09.366,6.54661,6.54777,1.00,1.27
2014.05.05 15:29:10.268,6.54661,6.54774,1.00,1.19
2014.05.05 15:29:12.366,6.54666,6.54774,1.00,1.19
2014.05.05 15:29:12.621,6.54666,6.54802,1.08,1.27
2014.05.05 15:29:12.697,6.5469,6.54802,1.00,1.27
2014.05.05 15:29:13.017,6.54696,6.54802,1.00,1.27
2014.05.05 15:29:13.583,6.54696,6.54805,1.00,1.37
2014.05.05 15:29:15.141,6.54696,6.54805,1.00,1.37
2014.05.05 15:29:15.900,6.54691,6.54805,1.00,1.37
2014.05.05 15:29:16.116,6.54685,6.54805,1.00,1.37
2014.05.05 15:29:16.672,6.54691,6.54805,1.00,1.37
2014.05.05 15:29:16.991,6.54696,6.54805,1.00,1.37
2014.05.05 15:29:19.423,6.54696,6.54805,1.00,1.37
2014.05.05 15:29:20.752,6.54696,6.54805,1.00,1.37
2014.05.05 15:29:20.955,6.54686,6.54805,1.00,1.37
2014.05.05 15:29:21.534,6.5469,6.54805,1.00,1.37
2014.05.05 15:29:22.963,6.54708,6.54824,1.27,1.37
2014.05.05 15:29:23.064,6.54707,6.5484,1.18,1.19
2014.05.05 15:29:26.246,6.54707,6.54844,1.18,1.27
2014.05.05 15:29:27.274,6.54707,6.54843,1.18,1.29
2014.05.05 15:29:29.404,6.54707,6.54839,1.18,1.19
2014.05.05 15:29:30.366,6.54707,6.5484,1.37,1.19
2014.05.05 15:29:31.421,6.54707,6.54838,1.37,1.19
2014.05.05 15:29:34.488,6.54708,6.54839,1.27,1.19
2014.05.05 15:29:35.393,6.54707,6.54837,1.37,1.19
2014.05.05 15:29:36.502,6.54707,6.5484,1.84,1.19
2014.05.05 15:29:38.405,6.54709,6.5484,1.27,1.19
2014.05.05 15:29:40.311,6.54707,6.54838,1.84,1.19
2014.05.05 15:29:44.432,6.54708,6.54838,1.84,1.19
2014.05.05 15:29:46.165,6.54708,6.54835,1.37,1.19
2014.05.05 15:29:48.546,6.54708,6.54847,1.18,1.27
2014.05.05 15:29:50.256,6.54708,6.54847,1.18,1.27
2014.05.05 15:29:52.201,6.54708,6.54847,1.18,1.34
2014.05.05 15:29:52.460,6.54693,6.54827,1.00,1.18
2014.05.05 15:29:52.767,6.54688,6.54827,1.08,1.37
2014.05.05 15:29:53.775,6.54688,6.54827,1.08,1.84
2014.05.05 15:29:54.822,6.54684,6.54817,1.18,1.69
2014.05.05 15:29:54.873,6.5467,6.54803,1.10,1.37
2014.05.05 15:29:55.181,6.54675,6.54803,1.00,1.37
2014.05.05 15:29:56.994,6.54675,6.54803,1.00,1.37
2014.05.05 15:29:58.598,6.54675,6.54803,1.00,1.37
2014.05.05 15:29:59.556,6.54675,6.54784,1.00,1.19
2014.05.05 15:29:59.607,6.54671,6.54784,1.00,1.19
2014.05.05 15:29:59.658,6.54671,6.54782,1.00,1.18
2014.05.05 15:29:59.783,6.54664,6.54782,1.00,1.18
2014.05.05 15:30:00.152,6.54664,6.54761,1.00,1.18
2014.05.05 15:30:00.513,6.54679,6.54761,1.00,1.18
2014.05.05 15:30:00.564,6.54664,6.54761,1.00,1.18
2014.05.05 15:30:00.771,6.54656,6.54761,1.00,1.18
2014.05.05 15:30:01.122,6.54647,6.54761,1.00,1.18
2014.05.05 15:30:01.325,6.54707,6.54761,1.00,1.37
2014.05.05 15:30:01.377,6.54707,6.54778,1.00,1.27
2014.05.05 15:30:01.642,6.54707,6.54801,1.00,1.08
2014.05.05 15:30:01.693,6.5471,6.54801,1.00,1.00
2014.05.05 15:30:01.794,6.5471,6.54822,1.00,1.44
2014.05.05 15:30:01.997,6.54715,6.54822,1.00,1.44
2014.05.05 15:30:02.934,6.54715,6.54825,1.00,1.37
2014.05.05 15:30:03.086,6.5471,6.54825,1.00,1.37
2014.05.05 15:30:03.982,6.5471,6.54825,1.19,1.18
2014.05.05 15:30:04.286,6.54728,6.54849,1.00,1.27
2014.05.05 15:30:04.590,6.54878,6.54977,2.45,1.00
2014.05.05 15:30:04.843,6.54951,6.55077,1.18,1.08
2014.05.05 15:30:04.893,6.54971,6.55077,1.18,1.00
2014.05.05 15:30:04.944,6.54988,6.55136,1.18,1.18
2014.05.05 15:30:04.995,6.55009,6.55162,1.18,1.18
2014.05.05 15:30:05.749,6.55049,6.55162,1.00,1.18
2014.05.05 15:30:05.851,6.55049,6.55173,1.00,1.10
2014.05.05 15:30:05.952,6.55057,6.5518,1.00,1.18
2014.05.05 15:30:06.160,6.5504,6.55171,1.08,1.00
2014.05.05 15:30:06.634,6.55037,6.55167,1.18,1.00
2014.05.05 15:30:06.837,6.55017,6.55173,1.18,1.00
2014.05.05 15:30:06.888,6.54943,6.55183,1.52,1.00
2014.05.05 15:30:06.938,6.54943,6.55174,1.52,1.18
2014.05.05 15:30:07.242,6.54932,6.55188,1.78,1.00
2014.05.05 15:30:07.293,6.54932,6.55133,1.78,1.00
2014.05.05 15:30:07.626,6.54933,6.55062,1.18,1.08
2014.05.05 15:30:07.677,6.54929,6.55062,1.00,1.08
2014.05.05 15:30:07.728,6.54929,6.55035,1.00,1.18
2014.05.05 15:30:07.955,6.54911,6.55035,1.00,1.18
2014.05.05 15:30:08.157,6.54908,6.55035,1.00,1.18
2014.05.05 15:30:08.517,6.54908,6.55033,1.00,1.25
2014.05.05 15:30:08.851,6.54896,6.55013,1.00,1.18
2014.05.05 15:30:09.590,6.549,6.55013,1.00,1.18
2014.05.05 15:30:10.375,6.54908,6.55013,1.00,1.18
2014.05.05 15:30:10.602,6.54905,6.55013,1.00,1.18
2014.05.05 15:30:11.256,6.54898,6.55013,1.00,1.18
2014.05.05 15:30:11.357,6.549,6.55013,1.00,1.18
2014.05.05 15:30:14.322,6.54894,6.55013,1.00,1.18
2014.05.05 15:30:14.630,6.549,6.55013,1.00,1.18
2014.05.05 15:30:15.656,6.54895,6.55013,1.00,1.18
2014.05.05 15:30:15.952,6.54881,6.55013,1.00,1.18
2014.05.05 15:30:16.283,6.54876,6.55008,1.08,1.08
2014.05.05 15:30:16.873,6.54881,6.55013,1.00,1.65
2014.05.05 15:30:17.203,6.54892,6.55013,1.00,1.18
2014.05.05 15:30:17.634,6.54898,6.55013,1.00,1.18
2014.05.05 15:30:19.286,6.54906,6.55013,1.00,1.18
2014.05.05 15:30:19.589,6.5491,6.55013,1.00,1.18
2014.05.05 15:30:19.690,6.5491,6.55037,1.00,1.18
2014.05.05 15:30:19.741,6.54906,6.55036,1.00,1.25
2014.05.05 15:30:19.792,6.54906,6.55016,1.00,1.18
2014.05.05 15:30:19.944,6.54897,6.55016,1.00,1.18
2014.05.05 15:30:20.146,6.54888,6.55016,1.00,1.18
2014.05.05 15:30:20.596,6.54896,6.55016,1.00,1.18
2014.05.05 15:30:21.230,6.54887,6.55016,1.00,1.18
2014.05.05 15:30:21.813,6.54891,6.55016,1.00,1.18
2014.05.05 15:30:22.177,6.54897,6.55016,1.00,1.18
2014.05.05 15:30:23.365,6.54901,6.55016,1.00,1.18
2014.05.05 15:30:23.683,6.54907,6.55016,1.00,1.18
2014.05.05 15:30:24.004,6.54911,6.55016,1.00,1.18
2014.05.05 15:30:29.416,6.54906,6.55016,1.00,1.18
2014.05.05 15:30:31.614,6.5491,6.55016,1.00,1.18
2014.05.05 15:30:34.335,6.54911,6.55016,1.00,1.18
2014.05.05 15:30:34.539,6.54871,6.55004,1.18,1.00
2014.05.05 15:30:38.074,6.54871,6.54998,1.18,1.00
2014.05.05 15:30:38.389,6.54871,6.55003,1.18,1.00
2014.05.05 15:30:39.839,6.54887,6.55003,1.18,1.00
2014.05.05 15:30:42.148,6.54887,6.54994,1.18,1.00
2014.05.05 15:30:42.350,6.54887,6.54998,1.18,1.00
2014.05.05 15:30:42.567,6.54887,6.55004,1.18,1.00
2014.05.05 15:30:48.626,6.54887,6.54992,1.18,1.00
2014.05.05 15:30:49.422,6.54867,6.54992,1.28,1.00
2014.05.05 15:30:49.523,6.5486,6.54992,1.18,1.00
2014.05.05 15:30:50.419,6.5486,6.54996,1.18,1.10
2014.05.05 15:30:51.897,6.5486,6.55002,1.18,1.25
2014.05.05 15:30:51.948,6.54842,6.54982,1.08,1.18
2014.05.05 15:30:55.173,6.54819,6.54961,1.25,1.18
2014.05.05 15:30:55.274,6.54816,6.5496,1.18,1.08
2014.05.05 15:31:00.159,6.54826,6.54961,1.00,1.18
2014.05.05 15:31:01.741,6.54837,6.54961,2.07,1.18
2014.05.05 15:31:06.059,6.54838,6.54981,1.18,1.37
2014.05.05 15:31:12.084,6.54859,6.54997,1.18,1.34
2014.05.05 15:31:12.433,6.54868,6.5499,2.07,1.19
2014.05.05 15:31:13.157,6.54873,6.55002,1.00,1.84
2014.05.05 15:31:13.309,6.54873,6.55002,1.00,1.18
2014.05.05 15:31:14.349,6.54868,6.55002,2.07,1.18
2014.05.05 15:31:14.501,6.54859,6.55002,1.18,1.18
2014.05.05 15:31:15.011,6.54859,6.54988,1.18,1.00
2014.05.05 15:31:21.050,6.54859,6.54988,1.18,1.19
2014.05.05 15:31:21.151,6.54838,6.5498,1.80,1.18
2014.05.05 15:31:24.961,6.54838,6.54967,1.37,1.00
2014.05.05 15:31:30.582,6.54838,6.54967,1.37,1.00
2014.05.05 15:31:30.920,6.54833,6.54952,1.19,1.00
2014.05.05 15:31:31.290,6.54833,6.54956,1.19,1.08
2014.05.05 15:31:32.489,6.54818,6.54956,1.37,1.08
2014.05.05 15:31:34.080,6.54818,6.54956,1.37,1.08
2014.05.05 15:31:35.585,6.54818,6.54956,1.37,1.08
2014.05.05 15:31:37.189,6.54818,6.54959,1.84,1.08
2014.05.05 15:31:38.229,6.54818,6.54959,1.84,1.08
2014.05.05 15:31:40.099,6.54818,6.54955,1.18,1.08
2014.05.05 15:31:44.829,6.54818,6.54947,1.37,1.00
2014.05.05 15:31:45.293,6.54818,6.54933,1.37,1.00
2014.05.05 15:31:45.598,6.54818,6.54944,1.37,1.00
2014.05.05 15:31:46.035,6.54818,6.54938,1.37,1.00
2014.05.05 15:31:48.673,6.54818,6.54933,1.18,1.00
2014.05.05 15:31:48.724,6.54798,6.54933,1.62,1.00
2014.05.05 15:31:48.782,6.54798,6.54931,1.62,1.00
2014.05.05 15:31:49.291,6.54796,6.5493,1.37,1.00
2014.05.05 15:31:49.610,6.54796,6.54916,1.37,1.00
2014.05.05 15:31:51.419,6.54796,6.5492,1.18,1.00
2014.05.05 15:31:53.798,6.54813,6.5492,1.19,1.00
2014.05.05 15:31:54.939,6.54797,6.5492,1.27,1.00
2014.05.05 15:31:56.006,6.54797,6.5492,1.33,1.00
2014.05.05 15:32:05.630,6.54807,6.5492,1.00,1.00
2014.05.05 15:32:06.109,6.54819,6.5492,1.18,1.00
2014.05.05 15:32:13.309,6.54819,6.54925,1.18,1.00
2014.05.05 15:32:15.291,6.54819,6.54926,1.18,1.00
2014.05.05 15:32:25.688,6.54808,6.54926,1.18,1.00
2014.05.05 15:32:45.884,6.54808,6.54931,1.18,1.00
2014.05.05 15:32:46.003,6.54808,6.54943,1.18,1.00
2014.05.05 15:32:46.104,6.54831,6.54951,1.18,1.00
2014.05.05 15:32:47.328,6.54831,6.54952,1.84,1.00
2014.05.05 15:32:50.396,6.54831,6.54952,1.09,1.00
2014.05.05 15:32:50.775,6.54858,6.54952,1.18,1.00
2014.05.05 15:32:50.876,6.54858,6.54974,1.18,1.00
2014.05.05 15:32:54.706,6.54858,6.54974,1.37,1.00
2014.05.05 15:32:55.296,6.5488,6.54975,1.18,1.00
2014.05.05 15:32:57.327,6.5488,6.54971,1.18,1.00
2014.05.05 15:32:57.628,6.5488,6.54967,1.18,1.00
2014.05.05 15:33:05.779,6.5488,6.54975,1.37,1.00
2014.05.05 15:33:07.150,6.5488,6.54975,1.37,1.00
2014.05.05 15:33:08.253,6.5488,6.54975,1.37,1.00
2014.05.05 15:33:15.103,6.54875,6.54975,1.37,1.00
2014.05.05 15:33:16.176,6.54875,6.54975,1.37,1.00
2014.05.05 15:33:17.181,6.54875,6.54975,1.84,1.00
2014.05.05 15:33:18.383,6.54876,6.54975,1.27,1.00
2014.05.05 15:33:20.292,6.54875,6.54975,1.84,1.00
2014.05.05 15:33:23.304,6.54877,6.54975,1.27,1.00
2014.05.05 15:33:24.611,6.54876,6.54975,1.27,1.00
2014.05.05 15:33:29.624,6.54875,6.54975,1.84,1.00
2014.05.05 15:33:31.433,6.54877,6.54975,1.27,1.00
2014.05.05 15:33:33.144,6.54875,6.54975,1.37,1.00
2014.05.05 15:33:36.050,6.54877,6.54975,1.27,1.00
2014.05.05 15:33:37.155,6.54875,6.54975,1.27,1.00
2014.05.05 15:33:43.377,6.54879,6.54975,1.27,1.00
2014.05.05 15:33:45.083,6.54879,6.54975,1.27,1.00
2014.05.05 15:33:46.890,6.54879,6.54975,1.27,1.00
2014.05.05 15:33:48.094,6.54877,6.54975,1.27,1.00
2014.05.05 15:33:49.298,6.54876,6.54975,1.27,1.00
2014.05.05 15:33:51.089,6.54876,6.54976,1.27,1.00
2014.05.05 15:33:54.767,6.54873,6.54976,1.84,1.00
2014.05.05 15:33:57.740,6.54876,6.54976,1.29,1.00
2014.05.05 15:33:59.946,6.54875,6.54976,1.27,1.00
2014.05.05 15:34:02.860,6.54875,6.54976,1.27,1.00
2014.05.05 15:34:05.940,6.54875,6.54992,1.27,1.00
2014.05.05 15:34:06.479,6.54876,6.54992,1.29,1.00
2014.05.05 15:34:11.088,6.54876,6.54992,1.29,1.00
2014.05.05 15:34:12.592,6.54874,6.54992,1.27,1.00
2014.05.05 15:34:12.775,6.54874,6.54961,1.27,1.00
2014.05.05 15:34:12.826,6.54869,6.54961,1.18,1.00
2014.05.05 15:34:12.978,6.5485,6.54961,1.25,1.00
2014.05.05 15:34:13.105,6.54849,6.54955,1.18,1.00
2014.05.05 15:34:13.447,6.54849,6.54953,1.18,1.00
2014.05.05 15:34:14.110,6.54849,6.54949,1.18,1.00
2014.05.05 15:34:14.882,6.54849,6.54939,1.18,1.00
2014.05.05 15:34:14.932,6.5483,6.54936,1.25,1.00
2014.05.05 15:34:14.983,6.54824,6.54936,1.37,1.00
2014.05.05 15:34:20.255,6.54841,6.54936,1.00,1.00
2014.05.05 15:34:24.327,6.54837,6.54936,1.00,1.00
2014.05.05 15:34:24.573,6.54842,6.54936,1.00,1.00
2014.05.05 15:34:24.904,6.54842,6.54958,1.00,1.00
2014.05.05 15:34:25.438,6.54855,6.54958,1.00,1.00
2014.05.05 15:34:25.489,6.54855,6.54969,1.00,1.18
2014.05.05 15:34:25.540,6.54855,6.54979,1.00,1.00
2014.05.05 15:34:26.790,6.5485,6.54978,1.08,1.00
2014.05.05 15:34:29.387,6.54854,6.54979,1.10,1.00
2014.05.05 15:34:33.236,6.5485,6.54978,1.08,1.00
2014.05.05 15:34:33.773,6.54852,6.54979,1.08,1.00
2014.05.05 15:34:33.824,6.54856,6.54979,1.00,1.00
2014.05.05 15:34:34.006,6.54852,6.54979,1.08,1.00
2014.05.05 15:34:37.988,6.54855,6.54979,1.00,1.00
2014.05.05 15:34:42.146,6.54854,6.54979,1.10,1.00
2014.05.05 15:34:45.747,6.54854,6.54979,1.08,1.00
2014.05.05 15:34:48.979,6.54854,6.54961,1.08,1.00
2014.05.05 15:34:53.282,6.54853,6.54978,1.18,1.00
2014.05.05 15:34:53.521,6.54853,6.54981,1.65,1.00
2014.05.05 15:34:55.570,6.54853,6.54971,1.18,1.00
2014.05.05 15:34:57.788,6.54853,6.54966,1.18,1.00
2014.05.05 15:34:58.033,6.54853,6.5497,1.18,1.00
2014.05.05 15:34:58.856,6.54853,6.54963,1.18,1.00
2014.05.05 15:34:59.187,6.54853,6.54965,1.18,1.00
2014.05.05 15:35:00.329,6.54853,6.54974,1.18,1.00
2014.05.05 15:35:05.733,6.5485,6.54974,1.18,1.00
2014.05.05 15:35:13.408,6.5485,6.54969,1.18,1.00
2014.05.05 15:35:16.921,6.5485,6.5497,1.18,1.00
2014.05.05 15:35:17.258,6.5485,6.54956,1.18,1.00
2014.05.05 15:35:21.310,6.5483,6.54956,1.18,1.08
2014.05.05 15:35:21.411,6.54827,6.54956,1.00,1.08
2014.05.05 15:35:25.663,6.54827,6.54942,1.00,1.19
2014.05.05 15:35:25.923,6.54807,6.54936,1.00,1.08
2014.05.05 15:35:26.678,6.54797,6.54927,1.10,1.00
2014.05.05 15:35:26.834,6.54797,6.54917,1.00,1.08
2014.05.05 15:35:28.105,6.54829,6.54917,1.00,1.08
2014.05.05 15:35:28.899,6.54835,6.54917,1.00,1.08
2014.05.05 15:35:30.598,6.54835,6.54917,1.00,1.00
2014.05.05 15:35:31.456,6.54829,6.54917,1.00,1.00
2014.05.05 15:35:33.309,6.54824,6.54917,1.00,1.00
2014.05.05 15:35:33.521,6.54816,6.54917,1.00,1.00
2014.05.05 15:35:34.157,6.54814,6.54917,1.00,1.00
2014.05.05 15:35:34.479,6.54814,6.54917,1.00,1.19
2014.05.05 15:35:34.811,6.54814,6.54902,1.00,1.00
2014.05.05 15:35:34.863,6.54803,6.54902,1.00,1.00
2014.05.05 15:35:34.914,6.54803,6.5491,1.00,1.19
2014.05.05 15:35:35.066,6.54793,6.54892,1.00,1.19
2014.05.05 15:35:35.276,6.54803,6.54892,1.00,1.19
2014.05.05 15:35:35.662,6.54807,6.54892,1.00,1.19
2014.05.05 15:35:36.197,6.54807,6.54892,1.00,1.00
2014.05.05 15:35:36.730,6.548,6.54892,1.00,1.00
2014.05.05 15:35:36.832,6.548,6.54892,1.00,1.19
2014.05.05 15:35:36.905,6.54793,6.54892,1.00,1.19
2014.05.05 15:35:38.207,6.54793,6.54892,1.00,1.00
2014.05.05 15:35:39.198,6.54793,6.54892,1.00,1.19
2014.05.05 15:35:40.418,6.54793,6.54892,1.00,1.25
2014.05.05 15:35:47.529,6.54793,6.54892,1.00,1.19
2014.05.05 15:35:49.033,6.54793,6.54892,1.00,1.19
2014.05.05 15:35:50.042,6.54793,6.54892,1.00,1.00
2014.05.05 15:35:50.244,6.548,6.54892,1.00,1.00
2014.05.05 15:35:50.395,6.548,6.54914,1.00,1.19
2014.05.05 15:35:50.447,6.54815,6.54914,1.00,1.19
2014.05.05 15:35:50.751,6.54821,6.54914,1.00,1.19
2014.05.05 15:35:51.456,6.54821,6.54914,1.00,1.00
2014.05.05 15:35:54.639,6.54811,6.54913,1.00,1.00
2014.05.05 15:35:54.835,6.54806,6.54913,1.00,1.00
2014.05.05 15:35:55.387,6.54815,6.54914,1.00,1.00
2014.05.05 15:35:59.939,6.54821,6.54914,1.00,1.00
2014.05.05 15:36:00.740,6.54821,6.54932,1.00,1.00
2014.05.05 15:36:06.548,6.54825,6.54934,1.00,1.00
2014.05.05 15:36:10.035,6.54834,6.54934,1.00,1.00
2014.05.05 15:36:12.544,6.54803,6.54895,1.18,1.00
2014.05.05 15:36:14.242,6.54803,6.54893,1.18,1.00
2014.05.05 15:36:16.785,6.54808,6.54893,1.18,1.00
2014.05.05 15:36:21.875,6.54784,6.54893,1.18,1.00
2014.05.05 15:36:21.926,6.54784,6.54884,1.18,1.00
2014.05.05 15:36:24.364,6.54784,6.54889,1.18,1.00
2014.05.05 15:36:25.088,6.54784,6.54885,1.18,1.00
2014.05.05 15:36:29.737,6.54784,6.54879,1.18,1.00
2014.05.05 15:36:29.788,6.54764,6.54879,1.80,1.00
2014.05.05 15:36:29.945,6.54764,6.54865,1.80,1.00
2014.05.05 15:36:30.271,6.54764,6.5487,1.18,1.00
2014.05.05 15:36:30.372,6.54764,6.54868,1.18,1.00
2014.05.05 15:36:42.816,6.54764,6.54864,1.18,1.00
2014.05.05 15:36:43.136,6.54764,6.54859,1.18,1.00
2014.05.05 15:36:48.078,6.54741,6.54859,1.18,1.00
2014.05.05 15:36:51.070,6.54741,6.5485,1.18,1.00
2014.05.05 15:36:51.281,6.54741,6.54855,1.18,1.00
2014.05.05 15:37:02.294,6.54764,6.54855,1.18,1.00
2014.05.05 15:37:02.396,6.54764,6.54859,1.25,1.00
2014.05.05 15:37:02.447,6.54782,6.54859,1.18,1.00
2014.05.05 15:37:02.601,6.54782,6.54878,1.18,1.00
2014.05.05 15:37:03.817,6.54782,6.54882,1.18,1.00
2014.05.05 15:37:06.444,6.54782,6.54885,1.18,1.00
2014.05.05 15:37:07.108,6.54782,6.54878,1.18,1.00
2014.05.05 15:37:07.530,6.54782,6.54874,1.18,1.00
2014.05.05 15:37:07.581,6.54782,6.54879,1.18,1.00
2014.05.05 15:37:10.222,6.54782,6.54877,1.18,1.00
2014.05.05 15:37:19.314,6.54762,6.54877,1.18,1.00
2014.05.05 15:37:19.365,6.54762,6.54872,1.18,1.00
2014.05.05 15:37:19.668,6.54762,6.54882,1.18,1.00
2014.05.05 15:37:21.844,6.54762,6.54886,1.18,1.00
2014.05.05 15:37:25.150,6.54783,6.54891,1.18,1.00
2014.05.05 15:37:25.454,6.54786,6.54891,1.25,1.00
2014.05.05 15:37:25.605,6.54787,6.54905,1.18,1.00
2014.05.05 15:37:25.693,6.54787,6.54902,1.18,1.00
2014.05.05 15:37:31.348,6.54787,6.54899,1.18,1.00
2014.05.05 15:37:32.293,6.54787,6.54903,1.18,1.00
2014.05.05 15:37:40.728,6.54787,6.54903,1.18,1.19
2014.05.05 15:37:43.293,6.54787,6.54902,1.18,1.00
2014.05.05 15:37:45.635,6.54782,6.54902,1.18,1.00
2014.05.05 15:37:50.378,6.54782,6.54899,1.18,1.00
2014.05.05 15:37:51.368,6.54782,6.54903,1.18,1.00
2014.05.05 15:37:51.872,6.54782,6.54906,1.18,1.00
2014.05.05 15:37:52.523,6.54802,6.54906,1.18,1.00
2014.05.05 15:37:53.104,6.54802,6.54907,1.18,1.00
2014.05.05 15:37:53.962,6.54802,6.54906,1.18,1.00
2014.05.05 15:37:54.292,6.54802,6.54904,1.18,1.00
2014.05.05 15:37:55.643,6.5478,6.549,1.18,1.00
2014.05.05 15:38:00.548,6.54851,6.549,1.18,1.00
2014.05.05 15:38:00.599,6.54851,6.54902,1.18,1.00
2014.05.05 15:38:00.801,6.54851,6.5491,1.18,1.00
2014.05.05 15:38:00.852,6.5483,6.5491,1.18,1.00
2014.05.05 15:38:00.903,6.54798,6.5491,1.18,1.00
2014.05.05 15:38:01.004,6.54798,6.54908,1.18,1.00
2014.05.05 15:38:01.308,6.54843,6.54907,1.00,1.00
2014.05.05 15:38:01.598,6.54836,6.54907,1.00,1.00
2014.05.05 15:38:05.118,6.54837,6.54907,1.00,1.00
2014.05.05 15:38:06.085,6.54836,6.54907,1.00,1.00
2014.05.05 15:38:18.386,6.54825,6.54907,1.00,1.00
2014.05.05 15:38:27.209,6.54825,6.54907,1.00,1.19
2014.05.05 15:38:30.318,6.54825,6.54907,1.00,1.19
2014.05.05 15:38:33.232,6.54807,6.54907,1.00,1.19
2014.05.05 15:38:40.251,6.54807,6.54907,1.00,1.19
2014.05.05 15:38:41.256,6.54807,6.54907,1.00,1.19
2014.05.05 15:38:42.859,6.54807,6.54907,1.00,1.19
2014.05.05 15:38:44.004,6.54807,6.54907,1.00,1.19
2014.05.05 15:38:46.168,6.54807,6.54907,1.00,1.19
2014.05.05 15:38:47.621,6.54807,6.54907,1.00,1.19
2014.05.05 15:38:49.120,6.54807,6.54907,1.00,1.19
2014.05.05 15:38:50.685,6.54807,6.54907,1.00,1.19
2014.05.05 15:38:52.388,6.54807,6.54907,1.00,1.19
2014.05.05 15:38:56.709,6.54807,6.54907,1.00,1.19
2014.05.05 15:38:57.432,6.54813,6.54907,1.00,1.19
2014.05.05 15:38:58.112,6.54813,6.54907,1.00,1.19
2014.05.05 15:39:02.622,6.54813,6.54923,1.00,1.00
2014.05.05 15:39:04.662,6.54809,6.54923,1.00,1.00
2014.05.05 15:39:07.136,6.54809,6.54923,1.00,1.19
2014.05.05 15:39:08.641,6.54809,6.54923,1.00,1.19
2014.05.05 15:39:09.844,6.54809,6.54923,1.00,1.19
2014.05.05 15:39:11.550,6.54809,6.54923,1.00,1.19
2014.05.05 15:39:12.260,6.54799,6.54912,1.00,1.00
2014.05.05 15:39:12.412,6.54799,6.54903,1.00,1.00
2014.05.05 15:39:12.513,6.54796,6.54903,1.00,1.00
2014.05.05 15:39:12.564,6.54796,6.54887,1.00,1.00
2014.05.05 15:39:12.803,6.54776,6.54887,1.00,1.08
2014.05.05 15:39:15.371,6.54777,6.54887,1.00,1.08
2014.05.05 15:39:29.771,6.54782,6.54887,1.00,1.08
2014.05.05 15:39:29.822,6.54782,6.54887,1.00,1.00
2014.05.05 15:39:29.973,6.54791,6.54887,1.00,1.00
2014.05.05 15:39:30.504,6.54795,6.54887,1.00,1.00
2014.05.05 15:39:40.639,6.548,6.54908,1.00,1.08
2014.05.05 15:39:40.852,6.54806,6.54908,1.00,1.00
2014.05.05 15:39:53.873,6.548,6.54908,1.00,1.00
2014.05.05 15:39:54.155,6.548,6.54907,1.00,1.18
2014.05.05 15:39:54.206,6.54782,6.54907,1.00,1.18
2014.05.05 15:39:54.787,6.54782,6.54883,1.00,1.00
2014.05.05 15:39:55.273,6.54784,6.54883,1.00,1.00
2014.05.05 15:40:00.541,6.5478,6.54883,1.00,1.00
2014.05.05 15:40:10.707,6.5478,6.54883,1.00,1.08
2014.05.05 15:40:18.373,6.54812,6.54883,1.00,1.08
2014.05.05 15:40:18.424,6.54812,6.54883,1.00,1.00
2014.05.05 15:40:18.475,6.54812,6.54911,1.00,1.33
2014.05.05 15:40:18.526,6.54812,6.54911,1.00,1.25
2014.05.05 15:40:18.627,6.54817,6.54911,1.00,1.00
2014.05.05 15:40:19.364,6.54818,6.54911,1.00,1.00
2014.05.05 15:40:19.676,6.54823,6.54933,1.00,1.58
2014.05.05 15:40:22.332,6.54821,6.54933,1.00,1.58
2014.05.05 15:40:24.370,6.54821,6.54933,1.00,1.77
2014.05.05 15:40:25.836,6.54821,6.54933,1.00,1.77
2014.05.05 15:40:27.716,6.54821,6.54933,1.19,1.58
2014.05.05 15:40:27.767,6.54831,6.54933,1.00,1.50
2014.05.05 15:40:27.969,6.54839,6.54933,1.00,1.00
2014.05.05 15:40:28.535,6.54839,6.54932,1.00,1.00
2014.05.05 15:40:29.153,6.54836,6.54932,1.00,1.00
2014.05.05 15:40:32.674,6.5483,6.54932,1.00,1.00
2014.05.05 15:40:33.039,6.5484,6.54932,1.00,1.00
2014.05.05 15:40:35.763,6.54838,6.54932,1.00,1.00
2014.05.05 15:40:35.861,6.54811,6.54921,1.37,1.00
2014.05.05 15:40:41.141,6.54811,6.54925,1.18,1.00
2014.05.05 15:40:48.438,6.54816,6.54925,1.18,1.00
2014.05.05 15:40:49.356,6.54816,6.54903,1.18,1.00
2014.05.05 15:40:49.458,6.54789,6.54893,1.18,1.00
2014.05.05 15:40:49.561,6.5477,6.54893,1.27,1.00
2014.05.05 15:40:49.616,6.54767,6.54875,1.27,1.00
2014.05.05 15:40:49.718,6.54767,6.54875,1.27,1.00
2014.05.05 15:40:49.770,6.54767,6.54873,1.27,1.00
2014.05.05 15:40:50.039,6.54741,6.54856,1.37,1.00
2014.05.05 15:40:50.090,6.54741,6.54846,1.37,1.00
2014.05.05 15:40:51.017,6.54741,6.54846,1.37,1.00
2014.05.05 15:40:51.068,6.54748,6.54886,1.29,1.37
2014.05.05 15:40:51.118,6.54865,6.54888,1.50,1.00
2014.05.05 15:40:51.271,6.54878,6.54972,2.07,1.18
2014.05.05 15:40:51.372,6.54908,6.54948,1.18,1.00
2014.05.05 15:40:51.575,6.54888,6.54948,1.18,1.00
2014.05.05 15:40:51.626,6.54876,6.54947,1.18,1.00
2014.05.05 15:40:51.976,6.54855,6.54947,1.25,1.00
2014.05.05 15:40:52.077,6.54849,6.54947,1.18,1.00
2014.05.05 15:40:56.392,6.54849,6.54947,1.37,1.00
2014.05.05 15:40:56.695,6.54869,6.54956,1.18,1.00
2014.05.05 15:40:57.032,6.54869,6.54952,1.18,1.00
2014.05.05 15:40:57.654,6.5485,6.54947,1.18,1.19
2014.05.05 15:40:57.705,6.54822,6.54947,1.84,1.19
2014.05.05 15:40:59.255,6.54823,6.54947,1.27,1.69
2014.05.05 15:40:59.908,6.54841,6.54949,1.37,1.00
2014.05.05 15:41:00.619,6.54841,6.54936,1.37,1.00
2014.05.05 15:41:00.901,6.54841,6.54936,1.18,1.00
2014.05.05 15:41:00.952,6.54841,6.54932,1.18,1.00
2014.05.05 15:41:02.638,6.54841,6.54935,1.18,1.00
2014.05.05 15:41:03.034,6.54841,6.54931,1.18,1.00
2014.05.05 15:41:05.125,6.54842,6.54931,1.25,1.00
2014.05.05 15:41:05.588,6.54862,6.54931,1.18,1.00
2014.05.05 15:41:07.475,6.54842,6.54929,1.18,1.00
2014.05.05 15:41:09.322,6.54814,6.54929,1.18,1.00
2014.05.05 15:41:10.308,6.54793,6.54917,1.19,1.18
2014.05.05 15:41:10.631,6.54778,6.54917,1.27,1.18
2014.05.05 15:41:12.542,6.54778,6.54913,1.08,1.08
2014.05.05 15:41:17.570,6.54774,6.54903,1.27,1.00
2014.05.05 15:41:18.964,6.54795,6.54903,1.18,1.00
2014.05.05 15:41:31.124,6.54795,6.54903,1.18,1.19
2014.05.05 15:41:34.358,6.54795,6.54903,1.18,1.00
2014.05.05 15:41:39.386,6.54814,6.54903,1.18,1.00
2014.05.05 15:41:39.640,6.54814,6.54913,1.18,1.19
2014.05.05 15:41:39.696,6.54794,6.54913,1.25,1.19
2014.05.05 15:41:39.747,6.54791,6.54913,1.18,1.19
2014.05.05 15:41:39.850,6.54813,6.54913,1.18,1.19
2014.05.05 15:41:40.158,6.54813,6.54913,1.18,1.00
2014.05.05 15:41:42.418,6.54813,6.54922,1.18,1.00
2014.05.05 15:41:51.210,6.54813,6.54923,1.18,1.00
2014.05.05 15:41:52.390,6.54813,6.54924,1.18,1.00
2014.05.05 15:41:52.563,6.54813,6.54932,1.18,1.69
2014.05.05 15:41:54.162,6.54813,6.54932,1.18,1.69
2014.05.05 15:41:55.327,6.54813,6.54932,1.18,1.69
2014.05.05 15:41:55.840,6.54813,6.54936,1.18,1.00
2014.05.05 15:41:55.943,6.54817,6.54942,1.25,1.00
2014.05.05 15:41:56.046,6.54837,6.54942,1.18,1.00
2014.05.05 15:41:56.575,6.54837,6.54943,1.18,1.00
2014.05.05 15:42:00.158,6.54837,6.54943,1.18,1.19
2014.05.05 15:42:00.867,6.54837,6.54922,1.18,1.00
2014.05.05 15:42:02.759,6.54837,6.54933,1.18,1.00
2014.05.05 15:42:07.490,6.54837,6.54923,1.18,1.00
2014.05.05 15:42:16.708,6.54835,6.54923,1.18,1.00
2014.05.05 15:42:17.835,6.54835,6.54902,1.18,1.00
2014.05.05 15:42:18.158,6.54813,6.54902,1.18,1.00
2014.05.05 15:42:21.382,6.54793,6.54902,2.55,1.00
2014.05.05 15:42:21.483,6.54793,6.54892,1.65,1.00
2014.05.05 15:42:34.439,6.54793,6.54903,1.37,1.00
2014.05.05 15:42:34.509,6.54797,6.54903,1.44,1.00
2014.05.05 15:42:35.045,6.54817,6.54903,1.18,1.00
2014.05.05 15:42:44.714,6.54817,6.54929,1.25,1.00
2014.05.05 15:42:44.765,6.54817,6.54929,1.44,1.00
2014.05.05 15:42:44.816,6.54817,6.54933,1.44,1.00
2014.05.05 15:42:44.968,6.54835,6.54933,1.09,1.00
2014.05.05 15:42:45.275,6.54854,6.54933,1.18,1.00
2014.05.05 15:42:45.611,6.54854,6.54922,1.18,1.00
2014.05.05 15:42:50.527,6.54829,6.54922,1.37,1.00
2014.05.05 15:42:53.093,6.54829,6.54922,1.37,1.00
2014.05.05 15:42:55.099,6.54829,6.54922,1.37,1.00
2014.05.05 15:42:57.541,6.54829,6.54922,1.37,1.00
2014.05.05 15:42:58.534,6.54829,6.54922,1.37,1.00
2014.05.05 15:42:59.203,6.54829,6.54913,1.37,1.00
2014.05.05 15:42:59.470,6.54809,6.54903,1.09,1.00
2014.05.05 15:43:00.727,6.54811,6.54903,1.27,1.00
2014.05.05 15:43:00.879,6.5483,6.54922,1.09,1.00
2014.05.05 15:43:01.389,6.5483,6.54912,1.09,1.00
2014.05.05 15:43:02.009,6.5483,6.54923,1.09,1.00
2014.05.05 15:43:03.002,6.5483,6.54932,1.09,1.00
2014.05.05 15:43:03.058,6.5483,6.54932,1.37,1.00
2014.05.05 15:43:04.670,6.5483,6.54932,1.37,1.00
2014.05.05 15:43:05.797,6.5483,6.54932,1.37,1.00
2014.05.05 15:43:07.283,6.5483,6.54932,1.37,1.00
2014.05.05 15:43:11.153,6.5483,6.54942,1.37,1.00
2014.05.05 15:43:11.204,6.54852,6.54942,1.18,1.00
2014.05.05 15:43:16.859,6.54852,6.54932,1.18,1.00
2014.05.05 15:43:21.037,6.54852,6.54962,1.18,1.00
2014.05.05 15:43:22.757,6.54852,6.54962,1.37,1.00
2014.05.05 15:43:23.359,6.54852,6.54973,1.37,1.50
2014.05.05 15:43:23.462,6.54852,6.54963,1.37,1.00
2014.05.05 15:43:23.574,6.54852,6.54972,1.37,1.00
2014.05.05 15:43:23.833,6.54852,6.54963,1.37,1.00
2014.05.05 15:43:23.948,6.54852,6.54972,1.37,1.00
2014.05.05 15:43:24.120,6.54852,6.54962,1.37,1.00
2014.05.05 15:43:24.278,6.54852,6.54972,1.37,1.00
2014.05.05 15:43:24.379,6.54852,6.54962,1.37,1.00
2014.05.05 15:43:24.449,6.54852,6.54973,1.37,1.00
2014.05.05 15:43:24.500,6.54852,6.54973,1.37,1.00
2014.05.05 15:43:24.707,6.54852,6.54963,1.37,1.00
2014.05.05 15:43:26.978,6.54852,6.54963,1.18,1.00
2014.05.05 15:43:31.401,6.54855,6.54963,1.18,1.00
2014.05.05 15:43:37.720,6.54855,6.54952,1.18,1.00
2014.05.05 15:43:42.898,6.54855,6.54962,1.18,1.00
2014.05.05 15:44:24.757,6.54855,6.54972,1.18,1.25
2014.05.05 15:44:31.289,6.54855,6.54972,1.18,1.19
2014.05.05 15:44:32.643,6.54858,6.54972,1.18,1.19
2014.05.05 15:44:32.693,6.54858,6.54972,1.18,1.19
2014.05.05 15:44:34.766,6.54858,6.54972,1.18,1.19
2014.05.05 15:44:37.378,6.54858,6.54972,1.18,1.25
2014.05.05 15:44:42.448,6.54858,6.54977,1.18,1.19
2014.05.05 15:44:44.306,6.54858,6.54977,1.18,1.00
2014.05.05 15:44:44.408,6.54858,6.54973,1.18,1.00
2014.05.05 15:44:53.328,6.54862,6.54973,1.18,1.00
2014.05.05 15:45:00.247,6.54862,6.5498,1.18,1.00
2014.05.05 15:45:13.685,6.54868,6.5498,1.18,1.00
2014.05.05 15:45:32.677,6.54847,6.5498,1.37,1.00
2014.05.05 15:45:33.717,6.54847,6.54974,1.37,1.00
2014.05.05 15:45:34.021,6.54847,6.54974,1.37,1.00
2014.05.05 15:45:36.459,6.54847,6.54974,1.37,1.00
2014.05.05 15:45:37.672,6.54847,6.54974,1.37,1.00
2014.05.05 15:45:39.879,6.54847,6.54974,1.37,1.00
2014.05.05 15:45:48.017,6.54847,6.5497,1.18,1.00
2014.05.05 15:45:52.755,6.54841,6.5497,1.18,1.00
2014.05.05 15:46:13.698,6.54842,6.5497,1.18,1.00
2014.05.05 15:46:21.572,6.54842,6.5497,1.18,1.19
2014.05.05 15:46:21.825,6.54823,6.54965,1.18,1.37
2014.05.05 15:46:21.927,6.54823,6.54954,1.18,1.00
2014.05.05 15:46:22.271,6.54803,6.54938,1.37,1.00
2014.05.05 15:46:22.600,6.54803,6.54933,1.37,1.00
2014.05.05 15:46:22.651,6.54803,6.54933,1.37,1.00
2014.05.05 15:46:22.907,6.54803,6.54927,1.37,1.00
2014.05.05 15:46:24.641,6.54803,6.54927,1.09,1.00
2014.05.05 15:46:29.202,6.54803,6.54922,1.18,1.00
2014.05.05 15:46:29.693,6.54803,6.54922,1.18,1.19
2014.05.05 15:46:29.744,6.54783,6.54918,1.18,1.37
2014.05.05 15:46:29.795,6.54779,6.54918,1.27,1.37
2014.05.05 15:46:31.664,6.54776,6.54918,1.27,1.18
2014.05.05 15:46:33.217,6.54775,6.54918,1.65,1.18
2014.05.05 15:46:34.323,6.54775,6.54918,1.65,1.37
2014.05.05 15:46:35.483,6.54775,6.54918,1.65,1.37
2014.05.05 15:46:39.600,6.54775,6.54908,1.65,1.19
2014.05.05 15:46:43.412,6.54775,6.54906,1.65,1.19
2014.05.05 15:46:44.414,6.54775,6.54904,1.65,1.19
2014.05.05 15:46:46.119,6.54775,6.54904,1.65,1.19
2014.05.05 15:46:47.722,6.54775,6.54904,1.65,1.19
2014.05.05 15:46:48.123,6.54775,6.54918,1.65,1.18
2014.05.05 15:46:49.027,6.54775,6.549,1.65,1.19
2014.05.05 15:46:50.034,6.54775,6.54902,1.65,1.19
2014.05.05 15:46:51.235,6.54775,6.54901,1.65,1.19
2014.05.05 15:46:52.741,6.54775,6.549,1.65,1.19
2014.05.05 15:46:54.044,6.54775,6.54907,1.65,1.19
2014.05.05 15:46:55.281,6.54775,6.54903,1.65,1.19
2014.05.05 15:46:57.956,6.54775,6.54846,1.65,1.19
2014.05.05 15:46:58.115,6.54772,6.54846,1.00,1.19
2014.05.05 15:46:58.318,6.54763,6.54846,1.00,1.19
2014.05.05 15:46:58.582,6.54754,6.54846,1.00,1.19
2014.05.05 15:46:58.997,6.54762,6.54846,1.18,1.19
2014.05.05 15:46:59.099,6.54762,6.54885,1.18,1.19
2014.05.05 15:47:04.530,6.54762,6.54889,1.18,1.19
2014.05.05 15:47:09.327,6.54762,6.54885,1.18,1.19
2014.05.05 15:47:11.730,6.54762,6.5488,1.18,1.19
2014.05.05 15:47:12.166,6.54742,6.5488,1.18,1.29
2014.05.05 15:47:12.671,6.54742,6.54855,1.18,1.19
2014.05.05 15:47:12.952,6.54742,6.54865,1.18,1.19
2014.05.05 15:47:16.669,6.54742,6.54869,1.18,1.19
2014.05.05 15:47:17.775,6.54742,6.54868,1.18,1.19
2014.05.05 15:47:19.094,6.54742,6.54875,1.18,1.19
2014.05.05 15:47:20.796,6.54742,6.54878,1.18,1.00
2014.05.05 15:47:22.605,6.54742,6.54878,1.37,1.00
2014.05.05 15:47:23.510,6.54742,6.54878,1.84,1.00
2014.05.05 15:47:24.519,6.54742,6.54878,1.37,1.00
2014.05.05 15:47:24.620,6.54765,6.54878,1.18,1.00
2014.05.05 15:47:24.923,6.54768,6.54883,1.27,1.00
2014.05.05 15:47:24.974,6.54768,6.54903,1.27,1.08
2014.05.05 15:47:25.300,6.54768,6.54888,1.19,1.18
2014.05.05 15:47:25.402,6.5477,6.54903,1.37,1.00
2014.05.05 15:47:25.727,6.5478,6.54903,1.19,1.00
2014.05.05 15:47:26.132,6.5477,6.54903,1.37,1.19
2014.05.05 15:47:26.384,6.54764,6.54895,1.19,1.65
2014.05.05 15:47:26.641,6.54751,6.54872,1.60,1.18
2014.05.05 15:47:27.170,6.54754,6.54872,1.00,1.18
2014.05.05 15:47:27.524,6.54748,6.54872,1.00,1.18
2014.05.05 15:47:27.684,6.54748,6.54872,1.19,1.18
2014.05.05 15:47:29.146,6.54748,6.54869,1.00,1.08
2014.05.05 15:47:29.666,6.54752,6.54869,1.19,1.08
2014.05.05 15:47:31.263,6.54763,6.54872,1.19,1.18
2014.05.05 15:47:32.579,6.54763,6.54872,1.19,1.18
2014.05.05 15:47:32.681,6.54763,6.54892,1.19,1.08
2014.05.05 15:47:33.775,6.54768,6.54892,1.19,1.08
2014.05.05 15:47:34.237,6.54782,6.54912,1.18,1.27
2014.05.05 15:47:34.338,6.54782,6.54912,1.18,1.19
2014.05.05 15:47:35.126,6.54782,6.54912,1.37,1.00
2014.05.05 15:47:37.155,6.54782,6.54876,1.18,1.00
2014.05.05 15:47:37.359,6.54758,6.54876,1.27,1.25
2014.05.05 15:47:37.836,6.54777,6.54894,1.09,1.19
2014.05.05 15:47:38.125,6.54777,6.54901,1.37,1.00
2014.05.05 15:47:38.227,6.54777,6.54906,1.37,1.00
2014.05.05 15:47:38.381,6.54777,6.54912,1.37,1.19
2014.05.05 15:47:38.432,6.54793,6.54912,1.19,1.00
2014.05.05 15:47:39.186,6.54793,6.54919,1.19,1.08
2014.05.05 15:47:39.622,6.54777,6.54919,1.37,1.08
2014.05.05 15:47:40.911,6.54777,6.54919,1.37,1.08
2014.05.05 15:47:43.323,6.54777,6.54919,1.37,1.08
2014.05.05 15:47:50.465,6.54781,6.54921,1.08,1.25
2014.05.05 15:47:50.515,6.54781,6.54901,1.00,1.18
2014.05.05 15:47:50.743,6.54781,6.54921,1.08,1.25
2014.05.05 15:47:50.803,6.54781,6.54924,1.08,1.27
2014.05.05 15:47:52.656,6.54781,6.54914,1.08,1.19
2014.05.05 15:47:58.080,6.54781,6.54912,1.08,1.19
2014.05.05 15:47:59.087,6.54781,6.54913,1.08,1.19
2014.05.05 15:48:01.415,6.5478,6.54908,1.18,1.19
2014.05.05 15:48:01.685,6.54761,6.54904,1.80,1.37
2014.05.05 15:48:02.618,6.54761,6.54887,1.18,1.19
2014.05.05 15:48:03.238,6.54761,6.54877,1.18,1.19
2014.05.05 15:48:03.814,6.54761,6.5488,1.18,1.19
2014.05.05 15:48:05.118,6.54761,6.54892,1.18,1.19
2014.05.05 15:48:06.124,6.54761,6.54892,1.18,1.19
2014.05.05 15:48:07.325,6.54761,6.54892,1.18,1.19
2014.05.05 15:48:08.634,6.54761,6.54892,1.18,1.25
2014.05.05 15:48:08.944,6.54761,6.54889,1.18,1.00
2014.05.05 15:48:09.512,6.54761,6.54887,1.18,1.19
2014.05.05 15:48:12.861,6.54761,6.54889,1.18,1.19
2014.05.05 15:48:14.206,6.54761,6.54879,1.18,1.19
2014.05.05 15:48:14.409,6.54744,6.54884,1.75,1.18
2014.05.05 15:48:14.460,6.54761,6.54884,1.00,1.18
2014.05.05 15:48:14.511,6.54762,6.54905,1.18,1.92
2014.05.05 15:48:15.119,6.54762,6.54905,1.18,1.27
2014.05.05 15:48:16.363,6.54755,6.54879,1.19,1.18
2014.05.05 15:48:16.414,6.54755,6.54879,1.00,1.18
2014.05.05 15:48:16.465,6.54748,6.54879,1.00,1.18
2014.05.05 15:48:16.658,6.54746,6.54873,1.05,1.08
2014.05.05 15:48:17.814,6.54741,6.54878,1.87,1.08
2014.05.05 15:48:19.136,6.54746,6.54878,1.54,1.08
2014.05.05 15:48:21.198,6.54754,6.54878,1.19,1.08
2014.05.05 15:48:22.607,6.54758,6.54879,1.19,1.18
2014.05.05 15:48:23.755,6.54757,6.54879,1.19,1.18
2014.05.05 15:48:23.807,6.54759,6.54885,1.37,1.00
2014.05.05 15:48:24.013,6.54759,6.54891,1.37,1.00
2014.05.05 15:48:25.511,6.54759,6.5489,1.18,1.19
2014.05.05 15:48:25.562,6.5474,6.54872,1.68,1.37
2014.05.05 15:48:25.663,6.54749,6.5489,1.18,1.34
2014.05.05 15:48:26.616,6.54749,6.54893,1.37,1.27
2014.05.05 15:48:28.020,6.54766,6.54889,1.19,1.08
2014.05.05 15:48:28.070,6.54772,6.54889,1.37,1.00
2014.05.05 15:48:28.374,6.54772,6.54892,1.37,1.00
2014.05.05 15:48:29.228,6.54772,6.54892,1.18,1.00
2014.05.05 15:48:37.074,6.54825,6.54912,1.19,1.08
2014.05.05 15:48:37.177,6.54791,6.54915,1.18,1.18
2014.05.05 15:48:37.227,6.54811,6.54924,1.18,1.00
2014.05.05 15:48:37.555,6.5479,6.54896,1.18,1.00
2014.05.05 15:48:46.093,6.5479,6.54893,1.18,1.00
2014.05.05 15:48:46.716,6.5477,6.54893,1.47,1.00
2014.05.05 15:48:46.767,6.54763,6.54888,1.37,1.00
2014.05.05 15:48:46.818,6.54763,6.54888,1.18,1.00
2014.05.05 15:48:46.977,6.54744,6.54882,1.37,1.08
2014.05.05 15:48:47.236,6.54744,6.54869,1.37,1.00
2014.05.05 15:48:53.243,6.54744,6.54863,1.18,1.00
2014.05.05 15:49:07.334,6.54787,6.54882,1.19,1.08
2014.05.05 15:49:07.385,6.54787,6.54896,1.19,1.00
2014.05.05 15:49:08.595,6.54776,6.54896,1.37,1.00
2014.05.05 15:49:09.800,6.54776,6.54896,1.37,1.00
2014.05.05 15:49:10.733,6.54803,6.54899,1.00,1.00
2014.05.05 15:49:11.036,6.54873,6.54918,1.00,1.18
2014.05.05 15:49:11.087,6.54873,6.5494,1.00,1.18
2014.05.05 15:49:11.188,6.54873,6.54969,1.00,1.19
2014.05.05 15:49:12.416,6.54873,6.54973,1.00,1.00
2014.05.05 15:49:14.033,6.54879,6.54973,1.00,1.00
2014.05.05 15:49:14.152,6.54879,6.54984,1.00,1.18
2014.05.05 15:49:14.355,6.54879,6.54958,1.00,1.27
2014.05.05 15:49:14.405,6.54823,6.54953,1.08,1.19
2014.05.05 15:49:14.456,6.54823,6.54937,1.08,1.00
2014.05.05 15:49:14.909,6.54823,6.54937,1.00,1.08
2014.05.05 15:49:15.487,6.54823,6.54937,1.00,1.27
2014.05.05 15:49:15.588,6.54818,6.54937,1.00,1.27
2014.05.05 15:49:16.833,6.54818,6.54937,1.00,1.27
2014.05.05 15:49:18.038,6.54818,6.54937,1.00,1.27
2014.05.05 15:49:19.574,6.54818,6.54937,1.00,1.27
2014.05.05 15:49:20.058,6.54818,6.54937,1.19,1.08
2014.05.05 15:49:20.266,6.54822,6.54952,1.08,1.00
2014.05.05 15:49:20.317,6.54845,6.54962,1.00,1.37
2014.05.05 15:49:20.368,6.54845,6.54962,1.00,1.18
2014.05.05 15:49:20.470,6.54845,6.54976,1.08,1.19
2014.05.05 15:49:20.636,6.5485,6.54979,1.00,1.27
2014.05.05 15:49:21.207,6.54846,6.54975,1.10,1.19
2014.05.05 15:49:21.258,6.54846,6.54968,1.10,1.00
2014.05.05 15:49:23.580,6.54845,6.54957,1.08,1.19
2014.05.05 15:49:23.732,6.54819,6.54927,1.18,1.00
2014.05.05 15:49:23.783,6.54808,6.54927,1.18,1.00
2014.05.05 15:49:23.834,6.54792,6.54921,1.27,1.08
2014.05.05 15:49:23.885,6.54792,6.54921,1.00,1.08
2014.05.05 15:49:24.935,6.54789,6.5492,1.00,1.08
2014.05.05 15:49:25.114,6.54789,6.54916,1.00,1.00
2014.05.05 15:49:25.656,6.54787,6.54916,1.08,1.50
2014.05.05 15:49:26.088,6.54785,6.54914,1.08,1.25
2014.05.05 15:49:34.821,6.54785,6.54914,1.08,1.19
2014.05.05 15:49:39.939,6.54785,6.54914,1.08,1.19
2014.05.05 15:49:41.046,6.54785,6.54914,1.08,1.19
2014.05.05 15:49:42.769,6.54785,6.54914,1.08,1.19
2014.05.05 15:49:43.757,6.54785,6.54914,1.08,1.19
2014.05.05 15:49:44.097,6.54785,6.54912,1.00,1.37
2014.05.05 15:49:44.860,6.54785,6.54912,1.00,1.37
2014.05.05 15:49:46.464,6.54785,6.54912,1.00,1.37
2014.05.05 15:49:47.671,6.54785,6.54912,1.00,1.37
2014.05.05 15:49:52.483,6.54785,6.54911,1.00,1.27
2014.05.05 15:49:53.085,6.54785,6.54912,1.00,1.37
2014.05.05 15:49:58.230,6.54785,6.54912,1.00,1.37
2014.05.05 15:49:59.224,6.54785,6.54912,1.00,1.37
2014.05.05 15:50:04.742,6.54785,6.54914,1.00,1.77
2014.05.05 15:50:05.730,6.54785,6.54914,1.00,1.27
2014.05.05 15:50:07.142,6.54785,6.54914,1.00,1.27
2014.05.05 15:50:11.147,6.54785,6.54914,1.00,1.77
2014.05.05 15:50:12.551,6.54785,6.54913,1.00,1.27
2014.05.05 15:50:13.081,6.54788,6.54914,1.19,1.08
2014.05.05 15:50:13.234,6.54816,6.54926,1.00,1.00
2014.05.05 15:50:13.335,6.54825,6.54944,1.00,1.27
2014.05.05 15:50:14.173,6.54825,6.54944,1.00,1.27
2014.05.05 15:50:14.444,6.54827,6.54944,1.00,1.27
2014.05.05 15:50:19.393,6.54806,6.54925,1.18,1.00
2014.05.05 15:50:19.545,6.54795,6.54925,1.00,1.08
2014.05.05 15:50:19.597,6.5479,6.5492,1.08,1.10
2014.05.05 15:50:20.145,6.5479,6.54919,1.08,1.00
2014.05.05 15:50:20.582,6.54787,6.54915,1.08,1.00
2014.05.05 15:50:22.726,6.54789,6.54915,1.08,1.19
2014.05.05 15:50:23.388,6.54789,6.54915,1.08,1.00
2014.05.05 15:50:28.002,6.54785,6.54909,1.18,1.00
2014.05.05 15:50:28.324,6.54766,6.54895,1.00,1.08
2014.05.05 15:50:28.518,6.54766,6.54879,1.00,1.18
2014.05.05 15:50:28.994,6.54761,6.54879,1.00,1.37
2014.05.05 15:50:31.055,6.54761,6.54877,1.00,1.27
2014.05.05 15:50:33.056,6.54761,6.54877,1.00,1.08
2014.05.05 15:50:33.853,6.5476,6.54877,1.00,1.08
2014.05.05 15:50:34.134,6.54688,6.54877,1.50,1.00
2014.05.05 15:50:34.185,6.54688,6.54863,1.50,1.00
2014.05.05 15:50:34.236,6.54677,6.54863,2.07,1.00
2014.05.05 15:50:34.287,6.54677,6.54805,2.07,1.00
2014.05.05 15:50:34.337,6.54596,6.54805,1.00,1.00
2014.05.05 15:50:34.590,6.54637,6.54767,1.00,1.00
2014.05.05 15:50:34.893,6.54632,6.54739,1.00,1.18
2014.05.05 15:50:34.994,6.54632,6.54762,1.00,1.08
2014.05.05 15:50:35.145,6.54637,6.54764,1.00,1.18
2014.05.05 15:50:35.872,6.54662,6.54757,1.00,1.10
2014.05.05 15:50:36.074,6.54662,6.54774,1.00,1.00
2014.05.05 15:50:36.175,6.54661,6.54792,1.08,1.00
2014.05.05 15:50:36.276,6.54661,6.54778,1.08,1.00
2014.05.05 15:50:47.800,6.5466,6.54778,1.00,1.08
2014.05.05 15:50:51.272,6.54653,6.54778,1.00,1.08
2014.05.05 15:50:51.993,6.54653,6.54763,1.00,1.00
2014.05.05 15:50:52.334,6.5465,6.54763,1.00,1.08
2014.05.05 15:50:59.232,6.54652,6.54763,1.00,1.08
2014.05.05 15:50:59.283,6.54652,6.54763,1.00,1.00
2014.05.05 15:51:28.935,6.54647,6.54763,1.00,1.69
2014.05.05 15:51:30.672,6.54649,6.54756,1.00,1.37
2014.05.05 15:51:30.722,6.54649,6.54756,1.00,1.18
2014.05.05 15:51:31.061,6.54649,6.54763,1.00,1.00
2014.05.05 15:51:33.181,6.54651,6.54763,1.00,1.00
2014.05.05 15:51:34.636,6.5465,6.54763,1.00,1.00
2014.05.05 15:51:37.164,6.54637,6.54763,1.08,1.00
2014.05.05 15:51:37.604,6.54628,6.54752,1.00,1.18
2014.05.05 15:51:37.806,6.54618,6.54749,1.00,1.08
2014.05.05 15:51:38.132,6.54623,6.54752,1.00,1.65
2014.05.05 15:51:38.546,6.54618,6.54734,1.00,1.00
2014.05.05 15:51:48.581,6.54624,6.54734,1.00,1.00
2014.05.05 15:51:51.231,6.54623,6.54734,1.00,1.00
2014.05.05 15:51:53.470,6.54623,6.54752,1.00,1.18
2014.05.05 15:51:53.861,6.54637,6.54752,1.00,1.18
2014.05.05 15:51:57.623,6.54637,6.54756,1.00,1.08
2014.05.05 15:51:58.942,6.54634,6.54756,1.00,1.08
2014.05.05 15:51:59.910,6.54637,6.54756,1.00,1.08
2014.05.05 15:52:05.240,6.54637,6.5474,1.00,1.00
2014.05.05 15:52:05.610,6.54637,6.5474,1.00,1.08
2014.05.05 15:52:05.915,6.54654,6.5474,1.00,1.08
2014.05.05 15:52:19.050,6.54665,6.54742,1.00,1.18
2014.05.05 15:52:22.260,6.54661,6.54742,1.00,1.18
2014.05.05 15:52:22.779,6.54662,6.54742,1.00,1.18
2014.05.05 15:52:22.880,6.54662,6.54757,1.00,1.08
2014.05.05 15:52:27.102,6.54666,6.54757,1.00,1.08
2014.05.05 15:52:27.630,6.54662,6.54757,1.00,1.08
2014.05.05 15:52:31.644,6.54662,6.54739,1.00,1.18
2014.05.05 15:52:31.745,6.54656,6.54739,1.00,1.18
2014.05.05 15:52:31.926,6.54647,6.54739,1.00,1.18
2014.05.05 15:52:33.160,6.54647,6.54716,1.00,1.37
2014.05.05 15:52:33.262,6.54587,6.54685,1.00,1.18
2014.05.05 15:52:33.363,6.5458,6.54685,1.00,1.18
2014.05.05 15:52:33.532,6.5458,6.54673,1.00,1.00
2014.05.05 15:52:34.110,6.54596,6.54673,1.18,1.00
2014.05.05 15:52:34.212,6.54596,6.5471,1.18,1.00
2014.05.05 15:52:34.500,6.54596,6.54726,1.18,1.00
2014.05.05 15:52:35.211,6.54596,6.54726,1.18,1.19
2014.05.05 15:52:35.646,6.54591,6.54695,1.00,1.18
2014.05.05 15:52:39.648,6.54572,6.54695,1.00,1.80
2014.05.05 15:52:39.699,6.54572,6.54675,1.00,1.18
2014.05.05 15:52:40.191,6.5456,6.54675,1.00,1.18
2014.05.05 15:52:45.184,6.5456,6.54662,1.00,1.00
2014.05.05 15:52:45.512,6.54549,6.54645,1.00,1.00
2014.05.05 15:52:45.720,6.54546,6.54645,1.00,1.00
2014.05.05 15:52:46.591,6.54559,6.54645,1.00,1.00
2014.05.05 15:52:46.743,6.54559,6.54662,1.00,1.37
2014.05.05 15:52:46.794,6.54551,6.54662,1.00,1.37
2014.05.05 15:52:46.844,6.54551,6.54648,1.00,1.00
2014.05.05 15:52:47.392,6.5455,6.54648,1.00,1.00
2014.05.05 15:52:47.739,6.54554,6.54637,1.00,1.18
2014.05.05 15:52:48.109,6.54544,6.54635,1.00,1.08
2014.05.05 15:52:48.329,6.54541,6.54635,1.00,1.08
2014.05.05 15:52:49.650,6.54543,6.54635,1.00,1.08
2014.05.05 15:52:50.002,6.54543,6.54635,1.00,1.77
2014.05.05 15:52:50.320,6.54496,6.54585,1.00,1.18
2014.05.05 15:52:50.427,6.54504,6.54585,1.00,1.18
2014.05.05 15:52:51.081,6.54515,6.54585,1.00,1.18
2014.05.05 15:52:51.183,6.54515,6.54604,1.00,1.44
2014.05.05 15:52:51.629,6.54518,6.54606,1.00,1.37
2014.05.05 15:52:52.398,6.54518,6.54606,1.00,1.18
2014.05.05 15:52:56.029,6.54521,6.54606,1.00,1.18
2014.05.05 15:52:57.020,6.5452,6.54606,1.00,1.18
2014.05.05 15:52:58.340,6.54517,6.54606,1.00,1.18
2014.05.05 15:52:58.677,6.54519,6.54606,1.00,1.18
2014.05.05 15:52:59.040,6.54511,6.54587,1.00,1.18
2014.05.05 15:53:00.199,6.54511,6.54607,1.00,1.25
2014.05.05 15:53:00.743,6.54511,6.54608,1.00,1.18
2014.05.05 15:53:01.357,6.54511,6.54562,1.00,1.73
2014.05.05 15:53:01.681,6.54497,6.5452,1.00,1.00
2014.05.05 15:53:01.732,6.54497,6.54573,1.00,1.00
2014.05.05 15:53:01.969,6.54494,6.54573,1.00,1.00
2014.05.05 15:53:02.518,6.54494,6.54597,1.00,1.19
2014.05.05 15:53:02.874,6.54512,6.54597,1.00,1.19
2014.05.05 15:53:03.532,6.54507,6.5461,1.00,1.37
2014.05.05 15:53:03.839,6.5451,6.5461,1.00,1.37
2014.05.05 15:53:03.921,6.5451,6.5461,1.00,1.18
2014.05.05 15:53:08.867,6.5451,6.5461,1.00,1.37
2014.05.05 15:53:10.872,6.5451,6.5461,1.00,1.37
2014.05.05 15:53:21.688,6.5451,6.54614,1.00,1.10
2014.05.05 15:53:23.113,6.5451,6.54614,1.00,1.29
2014.05.05 15:53:23.563,6.54499,6.54614,1.00,1.29
2014.05.05 15:53:24.262,6.54499,6.54602,1.00,1.00
2014.05.05 15:53:24.313,6.54487,6.54602,1.00,1.00
2014.05.05 15:53:24.566,6.54494,6.54602,1.00,1.00
2014.05.05 15:53:25.395,6.54494,6.54616,1.00,1.27
2014.05.05 15:53:25.881,6.54502,6.54616,1.00,1.27
2014.05.05 15:53:26.631,6.54502,6.54616,1.00,1.27
2014.05.05 15:53:28.940,6.54502,6.54616,1.00,1.27
2014.05.05 15:53:29.942,6.54502,6.54616,1.00,1.27
2014.05.05 15:53:31.045,6.54502,6.54616,1.00,1.27
2014.05.05 15:53:32.549,6.54503,6.54616,1.00,1.27
2014.05.05 15:53:32.861,6.54506,6.54616,1.00,1.27
2014.05.05 15:53:33.049,6.54506,6.54616,1.00,1.08
2014.05.05 15:53:33.538,6.54503,6.54616,1.00,1.08
2014.05.05 15:53:34.156,6.54503,6.54616,1.00,1.27
2014.05.05 15:53:35.260,6.54503,6.54616,1.00,1.27
2014.05.05 15:53:36.364,6.54503,6.54616,1.00,1.27
2014.05.05 15:53:37.667,6.54503,6.54616,1.00,1.27
2014.05.05 15:53:37.768,6.54501,6.54616,1.00,1.27
2014.05.05 15:53:38.203,6.54503,6.54616,1.00,1.27
2014.05.05 15:53:39.416,6.54503,6.54616,1.00,1.27
2014.05.05 15:53:43.079,6.54503,6.54616,1.00,1.27
2014.05.05 15:53:46.193,6.54503,6.54616,1.00,1.27
2014.05.05 15:53:46.346,6.54506,6.54616,1.00,1.27
2014.05.05 15:53:47.178,6.54507,6.54616,1.00,1.27
2014.05.05 15:53:47.311,6.54507,6.54616,1.00,1.33
2014.05.05 15:53:51.295,6.54508,6.54616,1.00,1.33
2014.05.05 15:53:51.599,6.5451,6.54616,1.00,1.33
2014.05.05 15:53:51.950,6.54514,6.54616,1.00,1.33
2014.05.05 15:53:52.718,6.54516,6.54616,1.00,1.08
2014.05.05 15:53:52.919,6.5451,6.54621,1.00,1.18
2014.05.05 15:53:53.778,6.54505,6.54621,1.00,1.18
2014.05.05 15:53:54.549,6.54504,6.54621,1.00,1.18
2014.05.05 15:53:55.889,6.54507,6.54616,1.00,1.08
2014.05.05 15:53:56.200,6.54511,6.54616,1.00,1.08
2014.05.05 15:54:01.412,6.54515,6.54616,1.00,1.08
2014.05.05 15:54:01.749,6.5452,6.54616,1.00,1.00
2014.05.05 15:54:08.844,6.5452,6.54629,1.00,1.00
2014.05.05 15:54:08.945,6.54517,6.54629,1.00,1.00
2014.05.05 15:54:09.919,6.54517,6.54629,1.00,1.19
2014.05.05 15:54:10.154,6.54515,6.54629,1.00,1.19
2014.05.05 15:54:10.808,6.54513,6.54629,1.00,1.19
2014.05.05 15:54:10.986,6.54513,6.54629,1.00,1.19
2014.05.05 15:54:11.710,6.5451,6.54629,1.00,1.19
2014.05.05 15:54:11.811,6.5451,6.54615,1.00,1.00
2014.05.05 15:54:11.912,6.54505,6.54615,1.00,1.00
2014.05.05 15:54:12.292,6.54505,6.54615,1.00,1.19
2014.05.05 15:54:12.545,6.54507,6.54615,1.00,1.00
2014.05.05 15:54:12.596,6.5455,6.54634,1.00,1.27
2014.05.05 15:54:13.338,6.54548,6.54646,1.00,1.19
2014.05.05 15:54:14.126,6.54547,6.54651,1.00,1.19
2014.05.05 15:54:14.363,6.5454,6.54645,1.00,1.19
2014.05.05 15:54:15.108,6.5454,6.54642,1.00,1.19
2014.05.05 15:54:15.538,6.54543,6.54642,1.00,1.19
2014.05.05 15:54:15.639,6.54543,6.54645,1.00,1.00
2014.05.05 15:54:15.741,6.54543,6.5466,1.00,1.27
2014.05.05 15:54:15.792,6.5456,6.5466,1.00,1.27
2014.05.05 15:54:16.354,6.5456,6.5466,1.00,1.19
2014.05.05 15:54:16.560,6.54564,6.54678,1.00,1.29
2014.05.05 15:54:16.662,6.54564,6.54678,1.00,1.29
2014.05.05 15:54:16.858,6.54567,6.54678,1.00,1.29
2014.05.05 15:54:17.620,6.54567,6.54678,1.00,1.29
2014.05.05 15:54:17.671,6.54564,6.54678,1.00,1.29
2014.05.05 15:54:19.026,6.54564,6.54678,1.00,1.29
2014.05.05 15:54:19.636,6.54565,6.54678,1.00,1.29
2014.05.05 15:54:20.680,6.54565,6.54678,1.00,1.29
2014.05.05 15:54:20.933,6.54562,6.54678,1.00,1.29
2014.05.05 15:54:21.310,6.54571,6.54678,1.00,1.29
2014.05.05 15:54:21.614,6.54591,6.5469,1.00,1.19
2014.05.05 15:54:21.834,6.54585,6.5469,1.00,1.19
2014.05.05 15:54:22.037,6.54595,6.54695,1.00,1.19
2014.05.05 15:54:22.449,6.54594,6.54708,1.00,1.37
2014.05.05 15:54:22.987,6.54594,6.54708,1.00,1.37
2014.05.05 15:54:24.356,6.54594,6.54708,1.00,1.37
2014.05.05 15:54:25.036,6.54588,6.54699,1.00,1.29
2014.05.05 15:54:25.087,6.54588,6.54686,1.00,1.18
2014.05.05 15:54:25.463,6.54579,6.54686,1.00,1.09
2014.05.05 15:54:25.988,6.54575,6.54686,1.00,1.09
2014.05.05 15:54:26.167,6.54575,6.54682,1.00,1.27
2014.05.05 15:54:28.380,6.54575,6.54684,1.00,1.27
2014.05.05 15:54:33.295,6.54575,6.54676,1.00,1.19
2014.05.05 15:54:34.600,6.54575,6.54678,1.00,1.19
2014.05.05 15:54:35.583,6.54579,6.54678,1.00,1.19
2014.05.05 15:54:35.633,6.54579,6.54686,1.00,1.37
2014.05.05 15:54:35.786,6.54593,6.54697,1.00,1.19
2014.05.05 15:54:36.158,6.54588,6.54697,1.00,1.19
2014.05.05 15:54:36.328,6.54597,6.54697,1.00,1.19
2014.05.05 15:54:37.116,6.54597,6.54699,1.00,1.27
2014.05.05 15:54:38.223,6.54597,6.54699,1.00,1.27
2014.05.05 15:54:39.329,6.54597,6.54696,1.00,1.19
2014.05.05 15:54:39.531,6.54588,6.54696,1.00,1.19
2014.05.05 15:54:40.331,6.54588,6.54699,1.00,1.77
2014.05.05 15:54:40.508,6.54593,6.54699,1.00,1.77
2014.05.05 15:54:43.646,6.54593,6.54699,1.00,1.27
2014.05.05 15:54:44.650,6.54593,6.54699,1.00,1.27
2014.05.05 15:54:45.655,6.54593,6.54699,1.00,1.27
2014.05.05 15:54:47.679,6.54593,6.54699,1.00,1.27
2014.05.05 15:54:49.468,6.54593,6.54699,1.00,1.27
2014.05.05 15:54:50.575,6.54593,6.54699,1.00,1.27
2014.05.05 15:54:52.886,6.54593,6.54699,1.00,1.27
2014.05.05 15:54:54.028,6.54593,6.54699,1.00,1.27
2014.05.05 15:54:55.099,6.54593,6.54699,1.00,1.27
2014.05.05 15:54:58.412,6.54593,6.54699,1.00,1.19
2014.05.05 15:54:59.418,6.54593,6.54699,1.00,1.19
2014.05.05 15:55:00.422,6.54593,6.54699,1.00,1.19
2014.05.05 15:55:01.450,6.54593,6.54699,1.00,1.19
2014.05.05 15:55:02.431,6.54593,6.54699,1.00,1.19
2014.05.05 15:55:02.889,6.54603,6.54699,1.00,1.19
2014.05.05 15:55:04.036,6.54603,6.54699,1.00,1.19
2014.05.05 15:55:05.743,6.54603,6.54699,1.00,1.19
2014.05.05 15:55:06.396,6.54608,6.54699,1.00,1.19
2014.05.05 15:55:08.958,6.54608,6.54699,1.00,1.19
2014.05.05 15:55:09.572,6.54605,6.54699,1.00,1.19
2014.05.05 15:55:14.172,6.54605,6.54699,1.00,1.19
2014.05.05 15:55:15.378,6.54605,6.54699,1.00,1.19
2014.05.05 15:55:16.484,6.54605,6.54699,1.00,1.29
2014.05.05 15:55:17.989,6.54605,6.54699,1.00,1.29
2014.05.05 15:55:18.747,6.54604,6.54699,1.00,1.29
2014.05.05 15:55:19.448,6.54604,6.54699,1.00,1.10
2014.05.05 15:55:23.612,6.54604,6.54699,1.00,1.29
2014.05.05 15:55:25.119,6.54604,6.54706,1.00,1.37
2014.05.05 15:55:26.723,6.54604,6.54706,1.00,1.37
2014.05.05 15:55:27.981,6.54604,6.54706,1.00,1.18
2014.05.05 15:55:28.083,6.54633,6.54706,1.00,1.18
2014.05.05 15:55:28.134,6.54633,6.54723,1.00,1.29
2014.05.05 15:55:28.489,6.54638,6.5473,1.00,1.37
2014.05.05 15:55:29.477,6.54643,6.5473,1.00,1.37
2014.05.05 15:55:30.042,6.54643,6.5473,1.00,1.18
2014.05.05 15:55:32.709,6.54643,6.5473,1.00,1.37
2014.05.05 15:55:32.810,6.54637,6.5473,1.00,1.37
2014.05.05 15:55:32.861,6.54637,6.54711,1.00,1.18
2014.05.05 15:55:33.013,6.54624,6.54711,1.00,1.18
2014.05.05 15:55:33.259,6.54615,6.54711,1.00,1.18
2014.05.05 15:55:33.693,6.54615,6.54711,1.00,1.37
2014.05.05 15:55:33.888,6.54612,6.54711,1.00,1.37
2014.05.05 15:55:34.108,6.54609,6.54711,1.00,1.37
2014.05.05 15:55:35.098,6.54609,6.54711,1.00,1.84
2014.05.05 15:55:36.473,6.54609,6.54711,1.00,1.84
2014.05.05 15:55:43.218,6.54609,6.54707,1.00,1.27
2014.05.05 15:55:43.829,6.54608,6.54707,1.00,1.27
2014.05.05 15:55:44.308,6.54608,6.54709,1.00,1.27
2014.05.05 15:55:46.113,6.54608,6.5471,1.00,1.27
2014.05.05 15:55:47.617,6.54608,6.54708,1.00,1.27
2014.05.05 15:55:48.755,6.54602,6.54702,1.00,1.19
2014.05.05 15:55:49.169,6.54598,6.54702,1.00,1.19
2014.05.05 15:55:50.479,6.54598,6.54711,1.00,1.84
2014.05.05 15:55:52.706,6.54598,6.54694,1.00,1.18
2014.05.05 15:55:54.441,6.54598,6.54694,1.00,1.37
2014.05.05 15:55:56.152,6.54598,6.54694,1.00,1.37
2014.05.05 15:55:57.089,6.54594,6.54694,1.00,1.37
2014.05.05 15:55:57.342,6.54591,6.54694,1.00,1.37
2014.05.05 15:55:57.493,6.54591,6.54673,1.00,1.18
2014.05.05 15:55:57.760,6.54581,6.54673,1.00,1.18
2014.05.05 15:55:58.412,6.54579,6.54673,1.00,1.18
2014.05.05 15:55:58.642,6.54576,6.54673,1.00,1.18
2014.05.05 15:55:58.693,6.54576,6.54673,1.00,1.37
2014.05.05 15:55:59.769,6.54576,6.54673,1.00,1.37
2014.05.05 15:56:01.179,6.54576,6.54673,1.00,1.37
2014.05.05 15:56:02.581,6.54576,6.54673,1.00,1.37
2014.05.05 15:56:02.777,6.54573,6.54673,1.00,1.37
2014.05.05 15:56:03.131,6.5457,6.54673,1.00,1.37
2014.05.05 15:56:03.438,6.54568,6.54673,1.00,1.37
2014.05.05 15:56:04.311,6.54568,6.5467,1.00,1.27
2014.05.05 15:56:04.658,6.5457,6.5467,1.00,1.27
2014.05.05 15:56:04.838,6.5457,6.54673,1.00,1.18
2014.05.05 15:56:04.889,6.54596,6.54673,1.00,1.18
2014.05.05 15:56:05.040,6.54596,6.54685,1.00,1.00
2014.05.05 15:56:05.091,6.54591,6.54685,1.00,1.00
2014.05.05 15:56:05.192,6.54591,6.54694,1.00,1.37
2014.05.05 15:56:05.450,6.54588,6.54694,1.00,1.37
2014.05.05 15:56:05.802,6.54588,6.54692,1.00,1.27
2014.05.05 15:56:06.330,6.54591,6.54692,1.00,1.27
2014.05.05 15:56:07.008,6.54591,6.54694,1.00,1.37
2014.05.05 15:56:07.419,6.54596,6.54694,1.00,1.37
2014.05.05 15:56:08.014,6.54596,6.54694,1.00,1.18
2014.05.05 15:56:08.585,6.54597,6.54694,1.00,1.18
2014.05.05 15:56:12.577,6.54624,6.54694,1.00,1.18
2014.05.05 15:56:12.728,6.54624,6.54709,1.00,1.08
2014.05.05 15:56:13.446,6.54626,6.54713,1.00,1.18
2014.05.05 15:56:16.042,6.54626,6.5469,1.00,1.19
2014.05.05 15:56:16.094,6.54581,6.54687,1.00,1.37
2014.05.05 15:56:16.349,6.54625,6.54687,1.00,1.37
2014.05.05 15:56:16.451,6.54625,6.54688,1.00,1.00
2014.05.05 15:56:16.557,6.54628,6.54712,1.00,1.18
2014.05.05 15:56:16.873,6.54625,6.54712,1.00,1.18
2014.05.05 15:56:18.287,6.54599,6.54712,1.00,1.18
2014.05.05 15:56:18.388,6.54599,6.54712,1.00,1.37
2014.05.05 15:56:18.817,6.54601,6.54712,1.00,1.37
2014.05.05 15:56:19.338,6.54602,6.54712,1.00,1.37
2014.05.05 15:56:19.607,6.54599,6.54712,1.00,1.37
2014.05.05 15:56:20.657,6.54599,6.54712,1.00,1.37
2014.05.05 15:56:22.581,6.54598,6.54712,1.00,1.37
2014.05.05 15:56:23.670,6.54598,6.54712,1.00,1.37
2014.05.05 15:56:24.810,6.54598,6.54712,1.00,1.37
2014.05.05 15:56:25.805,6.54598,6.54712,1.00,1.37
2014.05.05 15:56:26.327,6.54603,6.54712,1.00,1.37
2014.05.05 15:56:26.647,6.54605,6.54712,1.00,1.37
2014.05.05 15:56:27.174,6.54605,6.54712,1.00,1.18
2014.05.05 15:56:28.306,6.54604,6.54712,1.00,1.18
2014.05.05 15:56:29.516,6.54603,6.54712,1.00,1.37
2014.05.05 15:56:36.231,6.54602,6.54712,1.00,1.37
2014.05.05 15:56:36.676,6.54602,6.54697,1.00,1.18
2014.05.05 15:56:39.553,6.54592,6.54697,1.00,1.18
2014.05.05 15:56:39.901,6.54596,6.54697,1.00,1.18
2014.05.05 15:56:40.276,6.54594,6.54697,1.00,1.37
2014.05.05 15:56:40.987,6.54576,6.54697,1.00,1.37
2014.05.05 15:56:41.038,6.54576,6.54697,1.00,1.37
2014.05.05 15:56:42.843,6.54576,6.54697,1.00,1.37
2014.05.05 15:56:43.046,6.54554,6.54681,1.18,1.00
2014.05.05 15:56:43.400,6.54554,6.54684,1.18,1.00
2014.05.05 15:56:43.943,6.54566,6.54697,1.00,1.37
2014.05.05 15:56:44.045,6.54574,6.54698,1.18,1.19
2014.05.05 15:56:44.454,6.54594,6.547,1.18,1.19
2014.05.05 15:56:44.855,6.54594,6.547,1.18,1.00
2014.05.05 15:56:45.010,6.54574,6.547,1.25,1.00
2014.05.05 15:56:45.526,6.54573,6.547,1.18,1.00
2014.05.05 15:56:52.482,6.5458,6.547,1.18,1.00
2014.05.05 15:56:52.533,6.54595,6.547,1.18,1.00
2014.05.05 15:56:54.632,6.54595,6.54716,1.18,1.00
2014.05.05 15:56:54.733,6.54595,6.54721,1.18,1.00
2014.05.05 15:56:55.036,6.54595,6.54719,1.18,1.00
2014.05.05 15:56:55.366,6.54595,6.54713,1.18,1.00
2014.05.05 15:56:55.746,6.54595,6.54715,1.18,1.00
2014.05.05 15:56:56.355,6.54595,6.54711,1.18,1.00
2014.05.05 15:56:56.702,6.54595,6.54708,1.18,1.00
2014.05.05 15:57:03.749,6.54595,6.54717,1.18,1.19
2014.05.05 15:57:03.986,6.54604,6.5472,1.00,1.19
2014.05.05 15:57:04.634,6.54604,6.5472,1.00,1.00
2014.05.05 15:57:08.108,6.54604,6.54734,1.00,1.27
2014.05.05 15:57:08.159,6.54601,6.54732,1.08,1.27
2014.05.05 15:57:08.670,6.54601,6.54732,1.08,1.27
2014.05.05 15:57:10.180,6.54601,6.54732,1.08,1.27
2014.05.05 15:57:11.587,6.54601,6.54732,1.08,1.27
2014.05.05 15:57:12.590,6.54601,6.54732,1.08,1.27
2014.05.05 15:57:12.971,6.54602,6.54732,1.18,1.19
2014.05.05 15:57:13.597,6.54602,6.54732,1.18,1.19
2014.05.05 15:57:16.321,6.54602,6.54732,1.18,1.19
2014.05.05 15:57:21.047,6.54602,6.54732,1.18,1.00
2014.05.05 15:57:21.148,6.54615,6.54745,1.00,1.18
2014.05.05 15:57:21.449,6.54625,6.54754,1.08,1.19
2014.05.05 15:57:21.814,6.54644,6.54754,1.18,1.19
2014.05.05 15:57:22.847,6.54644,6.54741,1.18,1.00
2014.05.05 15:57:23.671,6.54624,6.54741,1.18,1.00
2014.05.05 15:57:26.508,6.54624,6.54736,1.18,1.00
2014.05.05 15:57:26.610,6.54606,6.54736,1.08,1.19
2014.05.05 15:57:26.711,6.54604,6.54722,1.18,1.00
2014.05.05 15:57:27.070,6.54604,6.54712,1.18,1.00
2014.05.05 15:57:27.407,6.54604,6.54708,1.18,1.00
2014.05.05 15:57:30.105,6.54604,6.54709,1.18,1.00
2014.05.05 15:57:30.545,6.54604,6.54677,1.18,1.00
2014.05.05 15:57:33.549,6.54604,6.54708,1.18,1.00
2014.05.05 15:57:33.741,6.54604,6.54718,1.18,1.00
2014.05.05 15:57:46.698,6.54605,6.54718,1.18,1.00
2014.05.05 15:57:49.713,6.54605,6.54723,1.18,1.00
2014.05.05 15:58:07.083,6.54604,6.54723,1.18,1.00
2014.05.05 15:58:11.025,6.54606,6.54736,1.08,1.00
2014.05.05 15:58:13.937,6.54606,6.54736,1.08,1.19
2014.05.05 15:58:16.269,6.54608,6.54736,1.08,1.00
2014.05.05 15:58:17.655,6.54604,6.54735,1.65,1.00
2014.05.05 15:58:17.877,6.54604,6.54731,1.18,1.00
2014.05.05 15:58:18.392,6.54604,6.54731,1.18,1.19
2014.05.05 15:58:18.494,6.54597,6.54724,1.00,1.84
2014.05.05 15:58:18.647,6.54582,6.54711,1.08,1.00
2014.05.05 15:58:18.799,6.54582,6.54703,1.00,1.18
2014.05.05 15:58:18.901,6.54589,6.54715,1.18,1.00
2014.05.05 15:58:19.863,6.54589,6.54715,1.18,1.19
2014.05.05 15:58:21.374,6.54589,6.54715,1.18,1.19
2014.05.05 15:58:22.573,6.54589,6.54717,1.18,1.00
2014.05.05 15:58:25.081,6.54589,6.54717,1.18,1.19
2014.05.05 15:58:25.668,6.54589,6.54713,1.18,1.00
2014.05.05 15:58:25.997,6.54589,6.54703,1.18,1.00
2014.05.05 15:58:26.886,6.54628,6.54731,1.00,1.18
2014.05.05 15:58:26.937,6.54628,6.54744,1.00,1.10
2014.05.05 15:58:27.190,6.54628,6.54759,1.65,1.00
2014.05.05 15:58:27.448,6.54628,6.54757,1.18,1.00
2014.05.05 15:58:28.227,6.54633,6.54761,1.08,1.00
2014.05.05 15:58:29.640,6.54631,6.54762,1.08,1.00
2014.05.05 15:58:31.050,6.54641,6.5477,1.00,1.08
2014.05.05 15:58:32.034,6.54639,6.54768,1.00,1.08
2014.05.05 15:58:35.910,6.5464,6.54771,1.00,1.65
2014.05.05 15:58:37.899,6.54632,6.54761,1.08,1.00
2014.05.05 15:58:38.000,6.54632,6.54749,1.00,1.18
2014.05.05 15:58:38.101,6.54618,6.54746,1.00,1.08
2014.05.05 15:58:39.651,6.54627,6.54749,1.00,1.18
2014.05.05 15:58:39.701,6.54627,6.54756,1.08,1.00
2014.05.05 15:58:39.887,6.54632,6.54761,1.08,1.10
2014.05.05 15:58:40.064,6.54641,6.54768,1.00,1.18
2014.05.05 15:58:44.904,6.54637,6.54765,1.00,1.08
2014.05.05 15:58:47.658,6.54637,6.5476,1.00,1.00
2014.05.05 15:58:48.061,6.54632,6.5476,1.08,1.00
2014.05.05 15:58:48.162,6.54626,6.54746,1.18,1.00
2014.05.05 15:58:48.364,6.54626,6.54751,1.18,1.00
2014.05.05 15:58:48.598,6.54636,6.54766,1.00,1.08
2014.05.05 15:58:48.699,6.54641,6.54768,1.00,1.18
2014.05.05 15:58:53.184,6.5464,6.54768,1.00,1.18
2014.05.05 15:58:54.290,6.54648,6.54768,1.00,1.18
2014.05.05 15:58:59.741,6.54648,6.54779,1.00,1.08
2014.05.05 15:59:01.148,6.54645,6.54773,1.00,1.10
2014.05.05 15:59:01.335,6.54635,6.54764,1.65,1.00
2014.05.05 15:59:01.646,6.54635,6.54759,1.18,1.00
2014.05.05 15:59:06.575,6.54635,6.54757,1.18,1.19
2014.05.05 15:59:06.677,6.54626,6.54754,1.00,1.27
2014.05.05 15:59:06.778,6.54626,6.54728,1.00,1.18
2014.05.05 15:59:06.981,6.54615,6.54728,1.00,1.18
2014.05.05 15:59:08.284,6.54621,6.54728,1.00,1.18
2014.05.05 15:59:08.335,6.54621,6.5475,1.00,1.27
2014.05.05 15:59:08.475,6.5463,6.54753,1.00,1.37
2014.05.05 15:59:08.817,6.54635,6.54753,1.00,1.37
2014.05.05 15:59:09.176,6.54621,6.5475,1.00,1.27
2014.05.05 15:59:09.390,6.54635,6.54753,1.00,1.37
2014.05.05 15:59:09.445,6.54635,6.54753,1.00,1.18
2014.05.05 15:59:10.019,6.54635,6.54764,1.08,1.19
2014.05.05 15:59:11.603,6.54635,6.54764,1.08,1.19
2014.05.05 15:59:12.168,6.54653,6.54765,1.18,1.19
2014.05.05 15:59:12.405,6.54653,6.54765,1.18,1.00
2014.05.05 15:59:22.040,6.54653,6.54771,1.18,1.00
2014.05.05 15:59:22.227,6.54653,6.54766,1.18,1.00
2014.05.05 15:59:25.679,6.54636,6.54766,1.08,1.19
2014.05.05 15:59:25.780,6.54634,6.54762,1.18,1.00
2014.05.05 15:59:25.983,6.54617,6.54747,1.08,1.00
2014.05.05 15:59:28.960,6.54615,6.54745,1.08,1.00
2014.05.05 15:59:29.263,6.54614,6.54743,1.08,1.00
2014.05.05 15:59:29.826,6.54612,6.5474,1.18,1.00
2014.05.05 15:59:39.148,6.54612,6.5474,1.18,1.19
2014.05.05 15:59:40.152,6.54612,6.5474,1.18,1.19
2014.05.05 15:59:41.703,6.54611,6.54733,1.00,1.18
2014.05.05 15:59:42.007,6.54606,6.54679,1.00,1.18
2014.05.05 15:59:42.058,6.54561,6.54679,1.00,1.18
2014.05.05 15:59:42.256,6.54548,6.54676,1.19,1.08
2014.05.05 15:59:42.872,6.54548,6.54679,1.00,1.65
2014.05.05 15:59:43.586,6.5455,6.54679,1.00,1.18
2014.05.05 15:59:45.739,6.5455,6.54654,1.00,1.18
2014.05.05 15:59:45.790,6.54548,6.54654,1.00,1.18
2014.05.05 15:59:46.439,6.54523,6.54654,1.00,1.65
2014.05.05 15:59:46.553,6.54529,6.54654,1.00,1.18
2014.05.05 15:59:54.988,6.54531,6.54659,1.18,1.00
2014.05.05 15:59:55.039,6.54534,6.54663,1.08,1.00
2014.05.05 15:59:55.234,6.54548,6.54671,1.00,1.08
