2015.11.11 13:00:00.848,8.70523,8.70731,1.00,1.00
2015.11.11 13:00:01.000,8.70535,8.70731,1.00,1.00
2015.11.11 13:00:01.151,8.70572,8.7078,1.00,1.00
2015.11.11 13:00:01.202,8.70586,8.7078,1.00,1.00
2015.11.11 13:00:01.572,8.70605,8.70786,1.00,1.00
2015.11.11 13:00:01.623,8.70605,8.70812,1.00,1.00
2015.11.11 13:00:02.611,8.70605,8.70786,1.00,1.00
2015.11.11 13:00:03.180,8.70605,8.70807,1.00,1.00
2015.11.11 13:00:03.662,8.70605,8.70787,1.00,1.00
2015.11.11 13:00:03.772,8.70605,8.70807,1.00,1.00
2015.11.11 13:00:04.617,8.70605,8.70812,1.00,1.00
2015.11.11 13:00:04.904,8.70605,8.70797,1.00,1.00
2015.11.11 13:00:05.313,8.70605,8.70787,1.00,1.00
2015.11.11 13:00:05.617,8.70605,8.70777,1.00,1.00
2015.11.11 13:00:05.892,8.70585,8.70777,1.00,1.00
2015.11.11 13:00:06.626,8.70585,8.70767,1.00,1.00
2015.11.11 13:00:06.849,8.7057,8.70767,1.00,1.00
2015.11.11 13:00:06.899,8.7057,8.70747,1.00,1.00
2015.11.11 13:00:07.074,8.7057,8.70766,1.00,1.00
2015.11.11 13:00:07.528,8.70543,8.70743,1.00,1.00
2015.11.11 13:00:08.164,8.70565,8.70743,1.00,1.00
2015.11.11 13:00:08.265,8.70581,8.70787,1.00,1.00
2015.11.11 13:00:10.066,8.70613,8.70795,1.00,1.00
2015.11.11 13:00:10.255,8.70613,8.70815,1.00,1.00
2015.11.11 13:00:14.832,8.70613,8.70807,1.00,1.00
2015.11.11 13:00:15.102,8.70613,8.70815,1.00,1.00
2015.11.11 13:00:22.549,8.70593,8.70792,1.00,1.00
2015.11.11 13:00:22.852,8.7056,8.70736,1.00,1.00
2015.11.11 13:00:22.903,8.70535,8.70736,1.00,1.00
2015.11.11 13:00:23.361,8.70535,8.70727,1.00,1.00
2015.11.11 13:00:23.827,8.70535,8.70705,1.00,1.00
2015.11.11 13:00:25.699,8.70535,8.70737,1.00,1.00
2015.11.11 13:00:26.542,8.70535,8.70717,1.00,1.00
2015.11.11 13:00:26.922,8.70535,8.70737,1.00,1.00
2015.11.11 13:00:37.902,8.70535,8.70702,1.00,1.00
2015.11.11 13:00:39.328,8.70514,8.70702,1.00,1.00
2015.11.11 13:00:52.062,8.70524,8.70722,1.00,1.00
2015.11.11 13:00:52.113,8.70524,8.70732,1.00,1.00
2015.11.11 13:00:52.598,8.70524,8.70727,1.00,1.00
2015.11.11 13:00:52.649,8.70524,8.70732,1.00,1.00
2015.11.11 13:00:57.131,8.70524,8.70727,1.00,1.00
2015.11.11 13:00:57.341,8.70524,8.70732,1.00,1.00
2015.11.11 13:00:59.643,8.70537,8.70732,1.00,1.00
2015.11.11 13:01:07.953,8.70537,8.7074,1.00,1.00
2015.11.11 13:01:09.363,8.70537,8.70737,1.00,1.00
2015.11.11 13:01:09.708,8.70537,8.70708,1.00,1.00
2015.11.11 13:01:09.873,8.70513,8.70708,1.00,1.00
2015.11.11 13:01:09.924,8.705,8.70677,1.00,1.00
2015.11.11 13:01:10.257,8.70484,8.70692,1.00,1.00
2015.11.11 13:01:10.715,8.70499,8.70692,1.00,1.00
2015.11.11 13:01:10.766,8.70517,8.70724,1.00,1.00
2015.11.11 13:01:10.868,8.70529,8.70724,1.00,1.00
2015.11.11 13:01:18.215,8.70517,8.70724,1.00,1.00
2015.11.11 13:01:18.796,8.70506,8.70684,1.00,1.00
2015.11.11 13:01:18.847,8.70484,8.70677,1.00,1.00
2015.11.11 13:01:19.418,8.70476,8.70677,1.00,1.00
2015.11.11 13:01:19.519,8.70463,8.70651,1.00,1.00
2015.11.11 13:01:21.944,8.70503,8.70682,1.00,1.00
2015.11.11 13:01:21.995,8.70509,8.70716,1.00,1.00
2015.11.11 13:01:22.233,8.70503,8.70673,1.00,1.00
2015.11.11 13:01:22.490,8.70482,8.70673,1.00,1.00
2015.11.11 13:01:23.230,8.705,8.70708,1.00,1.00
2015.11.11 13:01:24.621,8.70501,8.70708,1.00,1.00
2015.11.11 13:01:25.860,8.70501,8.70707,1.00,1.00
2015.11.11 13:01:26.310,8.70531,8.70731,1.00,1.00
2015.11.11 13:01:27.154,8.70531,8.70738,1.00,1.00
2015.11.11 13:01:27.662,8.70566,8.70758,1.00,1.00
2015.11.11 13:01:27.714,8.70573,8.70771,1.00,1.00
2015.11.11 13:01:27.815,8.70566,8.70771,1.00,1.00
2015.11.11 13:01:27.990,8.70578,8.70771,1.00,1.00
2015.11.11 13:01:28.041,8.70597,8.70792,1.00,1.00
2015.11.11 13:01:28.658,8.70597,8.70805,1.00,1.00
2015.11.11 13:01:31.434,8.70607,8.70805,1.00,1.00
2015.11.11 13:01:31.779,8.70647,8.70837,1.00,1.00
2015.11.11 13:01:31.931,8.70613,8.70821,1.00,1.00
2015.11.11 13:01:32.032,8.70613,8.70817,1.00,1.00
2015.11.11 13:01:32.408,8.70652,8.70837,1.00,1.50
2015.11.11 13:01:32.673,8.70652,8.70855,1.00,1.00
2015.11.11 13:01:32.943,8.70684,8.70855,1.00,1.00
2015.11.11 13:01:40.901,8.70648,8.70855,1.00,1.00
2015.11.11 13:01:41.123,8.70662,8.70855,1.00,1.00
2015.11.11 13:01:41.567,8.70682,8.70855,1.00,1.00
2015.11.11 13:01:43.396,8.70728,8.70855,1.00,1.00
2015.11.11 13:01:43.447,8.70728,8.70935,1.00,1.00
2015.11.11 13:01:43.649,8.70728,8.70944,1.00,1.00
2015.11.11 13:01:43.699,8.70742,8.70944,1.00,1.00
2015.11.11 13:01:47.414,8.70758,8.70972,1.00,1.00
2015.11.11 13:01:49.151,8.70778,8.70974,1.00,1.00
2015.11.11 13:01:49.201,8.70796,8.70994,1.00,1.00
2015.11.11 13:01:49.252,8.7081,8.71011,1.00,1.00
2015.11.11 13:01:49.303,8.7083,8.71044,1.00,1.00
2015.11.11 13:01:49.606,8.70846,8.71046,1.00,1.00
2015.11.11 13:01:52.830,8.70855,8.71046,1.00,1.00
2015.11.11 13:01:52.931,8.70861,8.71076,1.00,1.50
2015.11.11 13:01:53.571,8.70874,8.71076,1.00,1.50
2015.11.11 13:01:54.670,8.70861,8.71076,1.50,1.50
2015.11.11 13:01:55.172,8.70881,8.71076,1.00,1.00
2015.11.11 13:01:57.844,8.70837,8.71029,1.00,1.00
2015.11.11 13:01:59.999,8.70841,8.71057,1.00,1.00
2015.11.11 13:02:00.931,8.70858,8.71057,1.00,1.00
2015.11.11 13:02:00.982,8.70871,8.71086,1.00,1.00
2015.11.11 13:02:01.795,8.70885,8.71086,1.00,1.00
2015.11.11 13:02:02.099,8.70905,8.71106,1.00,1.00
2015.11.11 13:02:02.472,8.70905,8.71121,1.00,1.00
2015.11.11 13:02:04.921,8.70928,8.71121,1.00,1.00
2015.11.11 13:02:10.660,8.70909,8.71121,1.00,1.00
2015.11.11 13:02:11.550,8.70909,8.71103,1.00,1.00
2015.11.11 13:02:11.600,8.70887,8.71103,1.00,1.00
2015.11.11 13:02:11.892,8.70887,8.71081,1.00,1.00
2015.11.11 13:02:12.043,8.70877,8.7109,1.00,1.00
2015.11.11 13:02:12.195,8.70877,8.71074,1.00,1.00
2015.11.11 13:02:12.722,8.70855,8.71054,1.00,1.00
2015.11.11 13:02:13.800,8.70839,8.71054,1.00,1.00
2015.11.11 13:02:13.901,8.70839,8.71043,1.00,1.00
2015.11.11 13:02:14.209,8.70834,8.71023,1.00,1.00
2015.11.11 13:02:14.664,8.70845,8.71059,1.00,1.00
2015.11.11 13:02:19.867,8.70874,8.71064,1.00,1.00
2015.11.11 13:02:27.447,8.70874,8.7109,1.00,1.00
2015.11.11 13:02:30.927,8.70874,8.71073,1.00,1.00
2015.11.11 13:02:31.575,8.70858,8.71053,1.00,1.00
2015.11.11 13:02:37.392,8.70874,8.71073,1.00,1.00
2015.11.11 13:02:37.493,8.70874,8.7109,1.00,1.00
2015.11.11 13:02:38.838,8.70844,8.71051,1.00,1.00
2015.11.11 13:02:43.393,8.70824,8.71023,1.00,1.00
2015.11.11 13:02:43.828,8.70818,8.71023,1.00,1.00
2015.11.11 13:02:46.259,8.7082,8.71023,1.00,1.00
2015.11.11 13:02:46.601,8.70847,8.71048,1.00,1.00
2015.11.11 13:02:47.310,8.70868,8.71063,1.00,1.00
2015.11.11 13:02:47.361,8.70888,8.71093,1.00,1.00
2015.11.11 13:02:48.797,8.70888,8.71104,1.50,1.00
2015.11.11 13:02:49.461,8.7091,8.71104,1.00,1.00
2015.11.11 13:02:49.512,8.70921,8.71123,1.00,1.00
2015.11.11 13:02:59.075,8.70921,8.71084,1.00,1.00
2015.11.11 13:02:59.126,8.70884,8.71084,1.00,1.00
2015.11.11 13:02:59.177,8.70882,8.71074,1.00,1.00
2015.11.11 13:02:59.228,8.70853,8.71054,1.69,1.00
2015.11.11 13:02:59.818,8.70838,8.71054,1.00,1.00
2015.11.11 13:03:01.604,8.70853,8.71054,1.00,1.00
2015.11.11 13:03:01.948,8.70863,8.71054,1.00,1.00
2015.11.11 13:03:03.346,8.70874,8.71054,1.00,1.00
2015.11.11 13:03:03.447,8.70893,8.71095,1.00,1.00
2015.11.11 13:03:03.674,8.70895,8.71095,1.00,1.00
2015.11.11 13:03:03.725,8.70912,8.71128,1.00,1.00
2015.11.11 13:03:05.114,8.70913,8.71128,1.00,1.00
2015.11.11 13:03:05.449,8.70933,8.71128,1.00,1.00
2015.11.11 13:03:05.807,8.70954,8.71128,1.00,1.00
2015.11.11 13:03:05.858,8.70954,8.71168,1.00,1.00
2015.11.11 13:03:06.371,8.70953,8.71168,1.00,1.00
2015.11.11 13:03:06.874,8.70953,8.71149,1.00,1.00
2015.11.11 13:03:07.411,8.7092,8.71136,1.00,1.00
2015.11.11 13:03:08.527,8.70923,8.71136,1.00,1.00
2015.11.11 13:03:08.883,8.7092,8.71136,1.00,1.00
2015.11.11 13:03:09.645,8.70962,8.71169,1.00,1.00
2015.11.11 13:03:12.536,8.70962,8.71164,1.00,1.00
2015.11.11 13:03:12.587,8.70932,8.71144,1.00,1.00
2015.11.11 13:03:13.640,8.70928,8.71125,1.00,1.00
2015.11.11 13:03:14.070,8.70913,8.71104,1.00,1.00
2015.11.11 13:03:22.459,8.70934,8.71104,1.00,1.00
2015.11.11 13:03:22.711,8.71053,8.71232,1.00,1.00
2015.11.11 13:03:22.812,8.71022,8.71232,1.00,1.00
2015.11.11 13:03:22.863,8.71048,8.71233,1.00,1.00
2015.11.11 13:03:22.914,8.71048,8.71263,1.00,1.00
2015.11.11 13:03:23.017,8.71054,8.71263,1.00,1.00
2015.11.11 13:03:23.319,8.71048,8.71263,1.00,1.00
2015.11.11 13:03:23.740,8.71048,8.71252,1.00,1.00
2015.11.11 13:03:24.096,8.71045,8.71232,1.00,1.00
2015.11.11 13:03:24.258,8.71016,8.71232,1.00,1.00
2015.11.11 13:03:25.970,8.71006,8.71199,1.00,1.00
2015.11.11 13:03:27.269,8.71024,8.7124,1.00,1.00
2015.11.11 13:03:27.522,8.71035,8.7124,1.00,1.00
2015.11.11 13:03:28.372,8.71047,8.7124,1.00,1.00
2015.11.11 13:03:37.824,8.71023,8.71192,1.00,1.00
2015.11.11 13:03:38.027,8.70994,8.71192,1.00,1.00
2015.11.11 13:03:38.206,8.70993,8.71159,1.00,1.00
2015.11.11 13:03:38.308,8.70993,8.71192,1.00,1.00
2015.11.11 13:03:38.600,8.70993,8.71158,1.00,1.00
2015.11.11 13:03:38.701,8.70983,8.71158,1.69,1.00
2015.11.11 13:03:38.752,8.70973,8.71158,1.00,1.00
2015.11.11 13:03:42.261,8.7096,8.71158,1.00,1.00
2015.11.11 13:03:43.897,8.70968,8.71158,1.00,1.00
2015.11.11 13:03:47.417,8.70964,8.71158,1.00,1.00
2015.11.11 13:03:54.017,8.70953,8.71158,1.00,1.00
2015.11.11 13:03:54.118,8.70953,8.71149,1.00,1.00
2015.11.11 13:03:54.168,8.7094,8.71149,1.00,1.00
2015.11.11 13:03:54.885,8.70938,8.71149,1.00,1.00
2015.11.11 13:04:02.487,8.70942,8.71149,1.00,1.00
2015.11.11 13:04:03.817,8.70973,8.71149,1.00,1.00
2015.11.11 13:04:04.127,8.70973,8.71168,1.00,1.00
2015.11.11 13:04:05.147,8.70968,8.71168,1.00,1.00
2015.11.11 13:04:05.477,8.70983,8.71168,1.00,1.00
2015.11.11 13:04:05.780,8.70993,8.71168,1.00,1.00
2015.11.11 13:04:05.831,8.70993,8.71184,1.00,1.00
2015.11.11 13:04:06.033,8.71001,8.71211,1.00,1.00
2015.11.11 13:04:06.747,8.71013,8.71211,1.00,1.00
2015.11.11 13:04:09.328,8.71023,8.71211,1.00,1.00
2015.11.11 13:04:09.638,8.71033,8.71211,1.00,1.00
2015.11.11 13:04:10.638,8.71023,8.71211,1.00,1.00
2015.11.11 13:04:10.897,8.71003,8.71211,1.00,1.00
2015.11.11 13:04:11.197,8.71001,8.71211,1.00,1.00
2015.11.11 13:04:11.911,8.71003,8.71211,1.00,1.00
2015.11.11 13:04:12.216,8.71023,8.71217,1.00,1.00
2015.11.11 13:04:12.317,8.71013,8.71217,1.00,1.00
2015.11.11 13:04:12.418,8.71003,8.71217,1.00,1.00
2015.11.11 13:04:12.497,8.71012,8.71217,1.00,1.00
2015.11.11 13:04:12.800,8.71019,8.71217,1.00,1.00
2015.11.11 13:04:13.714,8.71024,8.71217,1.00,1.00
2015.11.11 13:04:13.865,8.71038,8.71249,1.00,1.00
2015.11.11 13:04:14.550,8.71039,8.71253,1.00,1.00
2015.11.11 13:04:16.639,8.71043,8.71253,1.00,1.00
2015.11.11 13:04:17.174,8.71143,8.71301,1.00,1.00
2015.11.11 13:04:17.225,8.71143,8.71323,1.00,1.00
2015.11.11 13:04:17.275,8.71133,8.71323,1.00,1.00
2015.11.11 13:04:17.377,8.71118,8.71334,1.00,1.00
2015.11.11 13:04:18.127,8.71133,8.71334,1.00,1.00
2015.11.11 13:04:18.583,8.7113,8.71334,1.00,1.00
2015.11.11 13:04:18.668,8.71133,8.71334,1.00,1.00
2015.11.11 13:04:19.308,8.71148,8.71334,1.00,1.00
2015.11.11 13:04:19.409,8.71158,8.71374,1.00,1.00
2015.11.11 13:04:19.746,8.71163,8.71374,1.00,1.00
2015.11.11 13:04:20.073,8.71183,8.71374,1.00,1.00
2015.11.11 13:04:20.788,8.71173,8.71374,1.00,1.00
2015.11.11 13:04:21.337,8.71203,8.71405,1.00,1.00
2015.11.11 13:04:21.638,8.71193,8.71405,1.00,1.00
2015.11.11 13:04:21.751,8.71212,8.71405,1.00,1.00
2015.11.11 13:04:22.577,8.71213,8.71405,1.00,1.00
2015.11.11 13:04:23.098,8.71212,8.71405,1.00,1.00
2015.11.11 13:04:23.624,8.71212,8.71254,1.00,1.00
2015.11.11 13:04:23.675,8.71164,8.71184,1.00,1.00
2015.11.11 13:04:24.021,8.71153,8.71168,1.69,1.00
2015.11.11 13:04:24.074,8.71141,8.71161,1.69,1.00
2015.11.11 13:04:24.378,8.71098,8.71161,1.69,1.00
2015.11.11 13:04:24.429,8.7104,8.71161,1.00,1.00
2015.11.11 13:04:24.675,8.70945,8.71161,1.00,1.00
2015.11.11 13:04:24.726,8.70945,8.71151,1.00,1.00
2015.11.11 13:04:25.029,8.70942,8.71131,1.00,1.00
2015.11.11 13:04:29.778,8.70943,8.71131,1.00,1.00
2015.11.11 13:04:32.944,8.70942,8.71041,1.00,1.00
2015.11.11 13:04:32.995,8.70865,8.71027,1.00,1.00
2015.11.11 13:04:33.046,8.70846,8.71027,1.00,1.00
2015.11.11 13:04:33.097,8.70846,8.71011,1.00,1.00
2015.11.11 13:04:33.433,8.70828,8.70975,1.00,1.00
2015.11.11 13:04:33.484,8.70799,8.70975,1.00,1.00
2015.11.11 13:04:33.586,8.70783,8.70975,2.44,1.00
2015.11.11 13:04:34.151,8.70774,8.70975,1.00,1.00
2015.11.11 13:04:34.510,8.70793,8.70975,1.00,1.00
2015.11.11 13:04:34.561,8.70783,8.70975,1.00,1.00
2015.11.11 13:04:37.076,8.70793,8.70975,1.00,1.00
2015.11.11 13:04:38.258,8.70784,8.70975,1.00,1.00
2015.11.11 13:04:39.689,8.70774,8.70975,1.00,1.00
2015.11.11 13:04:42.688,8.70783,8.70975,1.00,1.00
2015.11.11 13:04:43.010,8.70783,8.70994,1.00,1.00
2015.11.11 13:04:44.820,8.70794,8.70994,1.00,1.00
2015.11.11 13:04:47.075,8.70803,8.70994,1.00,1.00
2015.11.11 13:04:47.227,8.70803,8.71024,1.50,1.00
2015.11.11 13:04:48.817,8.70813,8.71024,1.00,1.00
2015.11.11 13:04:51.576,8.70803,8.71024,1.50,1.00
2015.11.11 13:04:51.779,8.70803,8.71004,1.00,1.00
2015.11.11 13:04:52.160,8.70774,8.7097,1.00,1.00
2015.11.11 13:04:52.211,8.70787,8.71004,1.00,1.00
2015.11.11 13:04:53.250,8.70792,8.71011,1.00,1.00
2015.11.11 13:04:53.351,8.70803,8.71011,1.00,1.00
2015.11.11 13:04:53.659,8.70815,8.71011,1.00,1.00
2015.11.11 13:04:53.929,8.70823,8.71031,1.00,1.00
2015.11.11 13:04:54.081,8.70823,8.71044,1.00,1.00
2015.11.11 13:04:54.132,8.70833,8.71044,1.00,1.00
2015.11.11 13:04:54.316,8.70823,8.71044,1.00,1.00
2015.11.11 13:04:54.586,8.7082,8.71044,1.00,1.00
2015.11.11 13:04:54.637,8.7082,8.71024,1.00,1.00
2015.11.11 13:04:55.328,8.7082,8.71044,1.00,1.00
2015.11.11 13:04:59.078,8.70851,8.71047,1.00,1.00
2015.11.11 13:04:59.692,8.70822,8.71046,1.00,1.00
2015.11.11 13:05:00.671,8.70853,8.71047,1.00,1.00
2015.11.11 13:05:01.179,8.70853,8.71066,1.50,1.00
2015.11.11 13:05:01.230,8.70872,8.71066,1.00,1.00
2015.11.11 13:05:01.571,8.7094,8.71123,1.00,1.00
2015.11.11 13:05:01.622,8.7094,8.71141,1.00,1.00
2015.11.11 13:05:01.774,8.70942,8.7116,1.00,1.00
2015.11.11 13:05:01.875,8.7098,8.71181,1.00,1.00
2015.11.11 13:05:01.928,8.7098,8.71203,1.00,1.00
2015.11.11 13:05:02.331,8.71021,8.71222,1.00,1.00
2015.11.11 13:05:03.233,8.71021,8.71241,1.00,1.00
2015.11.11 13:05:03.284,8.71032,8.71241,1.00,1.00
2015.11.11 13:05:03.602,8.7107,8.71268,1.00,1.00
2015.11.11 13:05:03.703,8.7107,8.71277,1.00,1.00
2015.11.11 13:05:04.121,8.7107,8.71287,1.00,1.00
2015.11.11 13:05:06.079,8.71104,8.71287,1.00,1.00
2015.11.11 13:05:06.130,8.71104,8.71308,1.00,1.00
2015.11.11 13:05:06.282,8.71104,8.71326,1.00,1.50
2015.11.11 13:05:06.943,8.71117,8.71326,1.00,1.00
2015.11.11 13:05:07.272,8.71143,8.71347,1.00,1.50
2015.11.11 13:05:08.447,8.71143,8.71326,1.00,1.00
2015.11.11 13:05:08.498,8.71111,8.71326,1.00,1.00
2015.11.11 13:05:09.004,8.71111,8.71327,1.00,1.00
2015.11.11 13:05:11.889,8.71048,8.71237,1.00,1.00
2015.11.11 13:05:12.092,8.7102,8.71227,1.00,1.50
2015.11.11 13:05:12.143,8.71005,8.71227,1.00,1.00
2015.11.11 13:05:12.349,8.71005,8.71187,1.00,1.00
2015.11.11 13:05:13.107,8.71005,8.71201,1.00,1.00
2015.11.11 13:05:13.209,8.71005,8.71217,1.50,1.00
2015.11.11 13:05:13.311,8.71054,8.71217,1.00,1.00
2015.11.11 13:05:13.362,8.71054,8.71259,1.00,1.00
2015.11.11 13:05:13.789,8.71054,8.71267,1.00,1.00
2015.11.11 13:05:13.839,8.71054,8.71237,1.50,1.00
2015.11.11 13:05:14.272,8.71191,8.71326,1.00,1.00
2015.11.11 13:05:14.329,8.71191,8.71379,1.00,1.00
2015.11.11 13:05:14.380,8.71219,8.71379,1.00,1.00
2015.11.11 13:05:14.481,8.71239,8.71407,1.00,1.00
2015.11.11 13:05:14.532,8.71239,8.7141,1.00,1.00
2015.11.11 13:05:14.734,8.71239,8.71427,1.00,1.00
2015.11.11 13:05:15.555,8.71239,8.71447,1.00,1.00
2015.11.11 13:05:16.591,8.71239,8.71427,1.00,1.00
2015.11.11 13:05:16.916,8.71219,8.71417,1.00,1.00
2015.11.11 13:05:16.967,8.71219,8.71428,1.00,1.00
2015.11.11 13:05:18.378,8.71219,8.71417,1.00,1.00
2015.11.11 13:05:18.530,8.71204,8.71407,1.00,1.00
2015.11.11 13:05:18.632,8.71177,8.7138,1.00,1.00
2015.11.11 13:05:18.682,8.71156,8.7138,1.00,1.50
2015.11.11 13:05:18.940,8.71156,8.71377,1.00,1.00
2015.11.11 13:05:19.092,8.71123,8.71347,1.00,1.50
2015.11.11 13:05:19.449,8.71123,8.71316,1.00,1.00
2015.11.11 13:05:19.500,8.7109,8.71296,1.00,1.00
2015.11.11 13:05:19.705,8.7109,8.71315,1.00,1.00
2015.11.11 13:05:20.394,8.71107,8.71315,1.00,1.00
2015.11.11 13:05:20.694,8.71127,8.71337,1.00,1.00
2015.11.11 13:05:20.902,8.71127,8.71343,1.00,1.00
2015.11.11 13:05:21.814,8.71127,8.71337,1.00,1.00
2015.11.11 13:05:22.231,8.71127,8.71343,1.00,1.00
2015.11.11 13:05:22.401,8.71127,8.71336,1.00,1.00
2015.11.11 13:05:23.240,8.71127,8.71343,1.00,1.00
2015.11.11 13:05:24.206,8.71127,8.71337,1.00,1.00
2015.11.11 13:05:25.811,8.71127,8.71343,1.00,1.00
2015.11.11 13:05:26.904,8.71127,8.71337,1.00,1.00
2015.11.11 13:05:26.955,8.71127,8.71343,1.00,1.00
2015.11.11 13:05:27.251,8.7111,8.71314,1.00,1.00
2015.11.11 13:05:27.574,8.71114,8.71314,1.00,1.00
2015.11.11 13:05:28.060,8.71134,8.71341,1.00,1.00
2015.11.11 13:05:33.618,8.71134,8.71327,1.00,1.00
2015.11.11 13:05:37.455,8.71134,8.71337,1.00,1.00
2015.11.11 13:05:38.444,8.71134,8.71336,1.00,1.00
2015.11.11 13:05:39.387,8.71134,8.71337,1.00,1.00
2015.11.11 13:05:39.437,8.71134,8.7133,1.00,1.00
2015.11.11 13:05:39.488,8.71112,8.7131,1.00,1.00
2015.11.11 13:05:39.690,8.71102,8.7131,1.00,1.00
2015.11.11 13:05:41.467,8.71102,8.71296,1.00,1.00
2015.11.11 13:05:41.670,8.71102,8.71307,1.00,1.00
2015.11.11 13:05:41.889,8.71102,8.71267,1.00,1.00
2015.11.11 13:05:43.156,8.71102,8.71277,1.00,1.00
2015.11.11 13:05:43.257,8.71102,8.71297,1.00,1.00
2015.11.11 13:05:43.878,8.71102,8.71302,1.00,1.00
2015.11.11 13:05:44.331,8.71102,8.7131,1.00,1.00
2015.11.11 13:05:44.382,8.71137,8.71327,1.00,1.00
2015.11.11 13:05:44.433,8.71137,8.71345,1.00,1.00
2015.11.11 13:05:45.027,8.71138,8.71345,1.00,1.00
2015.11.11 13:05:46.977,8.71138,8.71314,1.00,1.00
2015.11.11 13:05:47.279,8.71115,8.71284,1.00,1.00
2015.11.11 13:05:47.330,8.71094,8.71284,1.00,1.00
2015.11.11 13:05:47.538,8.71094,8.71274,1.00,1.00
2015.11.11 13:05:47.867,8.71094,8.71254,1.00,1.00
2015.11.11 13:05:49.972,8.71094,8.71274,1.00,1.00
2015.11.11 13:05:50.073,8.71094,8.71285,1.00,1.00
2015.11.11 13:05:51.181,8.71109,8.71305,1.00,1.00
2015.11.11 13:05:51.282,8.71109,8.71315,1.00,1.00
2015.11.11 13:06:00.672,8.71114,8.71315,1.00,1.00
2015.11.11 13:06:00.978,8.71147,8.71348,1.00,1.00
2015.11.11 13:06:02.078,8.71147,8.71355,1.00,1.00
2015.11.11 13:06:02.190,8.71153,8.71355,1.00,1.00
2015.11.11 13:06:02.393,8.71177,8.71385,1.00,1.00
2015.11.11 13:06:04.329,8.7119,8.71385,1.00,1.00
2015.11.11 13:06:04.486,8.71226,8.71427,1.00,1.00
2015.11.11 13:06:04.537,8.71226,8.71434,1.00,1.00
2015.11.11 13:06:04.698,8.71237,8.71434,1.00,1.00
2015.11.11 13:06:05.118,8.71226,8.71434,1.00,1.00
2015.11.11 13:06:05.834,8.71235,8.71434,1.00,1.00
2015.11.11 13:06:05.936,8.71259,8.71466,1.00,1.00
2015.11.11 13:06:07.469,8.71281,8.71466,1.00,1.00
2015.11.11 13:06:07.721,8.71309,8.71512,1.00,1.00
2015.11.11 13:06:07.910,8.71309,8.71507,1.00,1.00
2015.11.11 13:06:08.011,8.71269,8.71476,1.50,1.00
2015.11.11 13:06:08.587,8.7128,8.71476,1.00,1.00
2015.11.11 13:06:10.030,8.71269,8.71476,1.00,1.00
2015.11.11 13:06:16.374,8.71289,8.71476,1.00,1.00
2015.11.11 13:06:16.688,8.71286,8.71476,1.00,1.00
2015.11.11 13:06:16.739,8.71299,8.71507,1.00,1.00
2015.11.11 13:06:17.143,8.71308,8.71507,1.00,1.00
2015.11.11 13:06:17.386,8.71299,8.71507,1.00,1.00
2015.11.11 13:06:18.268,8.71306,8.71507,1.00,1.00
2015.11.11 13:06:18.903,8.71318,8.71507,1.00,1.00
2015.11.11 13:06:18.954,8.71338,8.71539,1.00,1.00
2015.11.11 13:06:19.081,8.71338,8.71546,1.00,1.00
2015.11.11 13:06:21.684,8.71349,8.71546,1.00,1.00
2015.11.11 13:06:21.735,8.71368,8.71575,1.00,1.00
2015.11.11 13:06:22.366,8.71368,8.71567,1.00,1.00
2015.11.11 13:06:22.582,8.71368,8.71575,1.00,1.00
2015.11.11 13:06:23.209,8.71368,8.71567,1.00,1.00
2015.11.11 13:06:23.367,8.7133,8.71535,1.00,1.00
2015.11.11 13:06:25.902,8.71319,8.71535,1.00,1.00
2015.11.11 13:06:26.058,8.71319,8.71527,1.00,1.00
2015.11.11 13:06:26.991,8.71319,8.71535,1.00,1.00
2015.11.11 13:06:31.648,8.71329,8.71535,1.00,1.00
2015.11.11 13:06:32.183,8.71331,8.71535,1.00,1.00
2015.11.11 13:06:32.554,8.71319,8.71535,1.00,1.00
2015.11.11 13:06:33.398,8.71329,8.71535,1.00,1.00
2015.11.11 13:06:33.747,8.71332,8.71535,1.00,1.00
2015.11.11 13:06:35.067,8.71345,8.71535,1.00,1.00
2015.11.11 13:06:35.426,8.71329,8.71535,1.00,1.00
2015.11.11 13:06:36.966,8.71345,8.71535,1.00,1.00
2015.11.11 13:06:37.278,8.71327,8.71535,1.00,1.00
2015.11.11 13:06:38.670,8.71351,8.71547,1.00,1.00
2015.11.11 13:06:38.721,8.71351,8.71555,1.00,1.00
2015.11.11 13:06:38.772,8.71351,8.71546,1.00,1.00
2015.11.11 13:06:38.873,8.71351,8.71559,1.00,1.00
2015.11.11 13:06:39.001,8.71351,8.71567,1.50,1.00
2015.11.11 13:06:40.377,8.71351,8.71566,1.50,1.00
2015.11.11 13:06:40.478,8.71333,8.71531,1.00,1.00
2015.11.11 13:06:40.529,8.71331,8.71531,1.00,1.00
2015.11.11 13:06:40.630,8.71315,8.71531,1.50,1.00
2015.11.11 13:06:40.988,8.71295,8.71498,1.00,1.00
2015.11.11 13:06:41.039,8.71292,8.71498,1.00,1.00
2015.11.11 13:06:41.090,8.71289,8.71498,1.00,1.00
2015.11.11 13:06:42.478,8.71289,8.71496,1.00,1.00
2015.11.11 13:06:43.483,8.71282,8.71497,1.00,1.00
2015.11.11 13:06:44.099,8.71282,8.71463,1.00,1.00
2015.11.11 13:06:44.150,8.71247,8.71463,1.00,1.50
2015.11.11 13:06:45.442,8.71247,8.71444,1.00,1.00
2015.11.11 13:06:47.446,8.71247,8.71463,1.00,1.50
2015.11.11 13:06:49.549,8.71263,8.71463,1.00,1.50
2015.11.11 13:06:49.749,8.71253,8.71463,1.00,1.50
2015.11.11 13:06:49.957,8.71247,8.71463,1.00,1.50
2015.11.11 13:06:50.364,8.71247,8.71422,1.00,1.00
2015.11.11 13:06:50.420,8.712,8.71416,1.00,1.00
2015.11.11 13:06:50.968,8.71213,8.71416,1.00,1.00
2015.11.11 13:06:51.069,8.712,8.71416,1.00,1.00
2015.11.11 13:06:54.525,8.71236,8.7142,1.00,1.00
2015.11.11 13:06:56.830,8.71236,8.71442,1.00,1.00
2015.11.11 13:06:56.931,8.71263,8.71452,1.00,1.00
2015.11.11 13:06:57.268,8.71285,8.71484,1.00,1.00
2015.11.11 13:07:01.701,8.71285,8.71465,1.00,1.00
2015.11.11 13:07:01.752,8.71265,8.71465,1.00,1.00
2015.11.11 13:07:01.803,8.71252,8.71465,1.00,1.00
2015.11.11 13:07:02.337,8.71252,8.71436,1.00,1.00
2015.11.11 13:07:02.590,8.71183,8.71386,1.00,1.00
2015.11.11 13:07:02.691,8.71207,8.71386,1.00,1.00
2015.11.11 13:07:03.078,8.71262,8.71437,1.00,1.00
2015.11.11 13:07:03.496,8.71262,8.71458,1.00,1.00
2015.11.11 13:07:03.799,8.71262,8.71437,1.00,1.00
2015.11.11 13:07:03.850,8.71242,8.71428,1.00,1.00
2015.11.11 13:07:03.901,8.71212,8.71428,1.00,1.00
2015.11.11 13:07:04.408,8.71213,8.71428,1.00,1.00
2015.11.11 13:07:04.939,8.71213,8.71395,1.00,1.00
2015.11.11 13:07:05.440,8.71212,8.71395,1.00,1.00
2015.11.11 13:07:06.184,8.71192,8.71395,1.00,1.50
2015.11.11 13:07:06.235,8.71183,8.71395,1.00,1.50
2015.11.11 13:07:08.679,8.71193,8.71395,1.00,1.50
2015.11.11 13:07:13.077,8.71183,8.71395,1.00,1.50
2015.11.11 13:07:13.178,8.71203,8.71395,1.00,1.50
2015.11.11 13:07:13.483,8.71212,8.71395,1.00,1.00
2015.11.11 13:07:13.602,8.71183,8.71395,1.00,1.00
2015.11.11 13:07:16.330,8.7118,8.71395,1.00,1.00
2015.11.11 13:07:19.768,8.71193,8.71395,1.00,1.00
2015.11.11 13:07:22.608,8.71193,8.71375,1.00,1.00
2015.11.11 13:07:22.658,8.7118,8.71375,1.00,1.00
2015.11.11 13:07:22.709,8.7118,8.71357,1.00,1.00
2015.11.11 13:07:22.811,8.7116,8.71357,1.00,1.50
2015.11.11 13:07:22.912,8.71145,8.71357,1.00,1.00
2015.11.11 13:07:23.063,8.71144,8.71355,1.00,1.00
2015.11.11 13:07:23.568,8.71143,8.71355,1.00,1.00
2015.11.11 13:07:23.871,8.71143,8.71313,1.00,1.00
2015.11.11 13:07:25.598,8.71154,8.71313,1.00,1.00
2015.11.11 13:07:25.699,8.71154,8.71337,1.00,1.00
2015.11.11 13:07:25.749,8.71173,8.71337,1.00,1.00
2015.11.11 13:07:26.409,8.71193,8.71337,1.00,1.00
2015.11.11 13:07:26.461,8.71213,8.71362,1.00,1.00
2015.11.11 13:07:26.512,8.71203,8.71362,1.00,1.00
2015.11.11 13:07:28.346,8.71213,8.71362,1.00,1.00
2015.11.11 13:07:29.565,8.71203,8.71362,1.00,1.00
2015.11.11 13:07:29.863,8.71213,8.71362,1.00,1.00
2015.11.11 13:07:31.425,8.71203,8.71362,1.00,1.00
2015.11.11 13:07:31.583,8.71213,8.71362,1.00,1.00
2015.11.11 13:07:32.315,8.71203,8.71362,1.00,1.00
2015.11.11 13:07:33.109,8.71193,8.71362,1.00,1.00
2015.11.11 13:07:33.514,8.71203,8.71362,1.00,1.00
2015.11.11 13:07:37.811,8.71173,8.71362,1.00,1.00
2015.11.11 13:07:38.364,8.71194,8.71362,1.00,1.00
2015.11.11 13:07:39.565,8.71173,8.71362,1.00,1.00
2015.11.11 13:07:40.225,8.71183,8.71362,1.00,1.00
2015.11.11 13:07:44.844,8.71193,8.71362,1.00,1.00
2015.11.11 13:07:47.496,8.71183,8.71362,1.50,1.00
2015.11.11 13:07:49.138,8.71193,8.71362,1.00,1.00
2015.11.11 13:07:49.479,8.71203,8.71362,1.00,1.00
2015.11.11 13:07:49.944,8.71203,8.71382,1.00,1.00
2015.11.11 13:07:50.046,8.71224,8.71382,1.00,1.00
2015.11.11 13:07:50.241,8.71216,8.71404,1.00,1.00
2015.11.11 13:07:51.886,8.71223,8.71404,1.00,1.00
2015.11.11 13:07:52.190,8.71233,8.71429,1.00,1.00
2015.11.11 13:07:52.240,8.71257,8.71429,1.00,1.00
2015.11.11 13:07:52.748,8.71257,8.71407,1.00,1.00
2015.11.11 13:07:53.050,8.71225,8.71342,1.00,1.00
2015.11.11 13:07:53.151,8.71225,8.71391,1.00,1.00
2015.11.11 13:07:53.253,8.71225,8.71411,1.00,1.00
2015.11.11 13:07:53.454,8.71258,8.71438,1.00,1.00
2015.11.11 13:07:57.472,8.71214,8.71414,1.00,1.00
2015.11.11 13:07:57.842,8.71257,8.71414,1.00,1.00
2015.11.11 13:07:58.061,8.71257,8.71437,1.00,1.00
2015.11.11 13:07:58.850,8.71257,8.71417,1.00,1.00
2015.11.11 13:07:59.081,8.71209,8.71397,1.00,1.00
2015.11.11 13:07:59.586,8.71209,8.71396,1.00,1.00
2015.11.11 13:08:00.105,8.71209,8.71397,1.00,1.00
2015.11.11 13:08:00.156,8.71189,8.71397,1.00,1.50
2015.11.11 13:08:00.466,8.71181,8.71397,1.00,1.50
2015.11.11 13:08:00.575,8.71181,8.71387,1.00,1.00
2015.11.11 13:08:00.955,8.71181,8.71368,1.00,1.00
2015.11.11 13:08:06.730,8.71181,8.71391,1.00,1.00
2015.11.11 13:08:06.782,8.71216,8.7141,1.00,1.00
2015.11.11 13:08:07.092,8.71248,8.7141,1.00,1.00
2015.11.11 13:08:07.193,8.71228,8.7141,1.00,1.00
2015.11.11 13:08:07.480,8.71207,8.7141,1.00,1.00
2015.11.11 13:08:09.105,8.71228,8.7141,1.00,1.00
2015.11.11 13:08:09.629,8.71248,8.7141,1.00,1.00
2015.11.11 13:08:11.072,8.71333,8.71484,1.00,1.00
2015.11.11 13:08:11.123,8.71333,8.71501,1.00,1.00
2015.11.11 13:08:11.173,8.71353,8.71501,1.00,1.00
2015.11.11 13:08:11.224,8.71353,8.71504,1.00,1.00
2015.11.11 13:08:11.275,8.71343,8.71504,1.00,1.00
2015.11.11 13:08:11.326,8.71343,8.71524,1.00,1.00
2015.11.11 13:08:11.377,8.71334,8.71524,1.00,1.00
2015.11.11 13:08:11.629,8.71334,8.71544,1.00,1.00
2015.11.11 13:08:12.221,8.71334,8.71537,1.00,1.00
2015.11.11 13:08:12.395,8.71334,8.71544,1.00,1.00
2015.11.11 13:08:12.597,8.71338,8.71547,1.00,1.00
2015.11.11 13:08:13.022,8.71334,8.71537,1.00,1.00
2015.11.11 13:08:13.114,8.71334,8.71545,1.00,1.00
2015.11.11 13:08:13.655,8.71363,8.71545,1.00,1.00
2015.11.11 13:08:13.864,8.71376,8.71569,1.00,1.00
2015.11.11 13:08:14.016,8.71391,8.71592,1.00,1.00
2015.11.11 13:08:14.066,8.71401,8.71592,1.00,1.00
2015.11.11 13:08:14.376,8.71424,8.71611,1.00,1.00
2015.11.11 13:08:14.695,8.71424,8.71607,1.00,1.50
2015.11.11 13:08:15.262,8.71424,8.71611,1.00,1.00
2015.11.11 13:08:16.005,8.71424,8.71627,1.00,1.00
2015.11.11 13:08:16.107,8.71424,8.71632,1.00,1.50
2015.11.11 13:08:16.670,8.7145,8.71632,1.00,1.50
2015.11.11 13:08:17.006,8.7147,8.7165,1.00,1.00
2015.11.11 13:08:17.259,8.7147,8.71667,1.00,1.00
2015.11.11 13:08:18.754,8.7147,8.71649,1.00,1.00
2015.11.11 13:08:18.805,8.71439,8.71629,1.00,1.00
2015.11.11 13:08:18.856,8.71421,8.71616,1.50,1.00
2015.11.11 13:08:18.957,8.71421,8.71597,1.00,1.00
2015.11.11 13:08:19.260,8.71421,8.71586,1.00,1.00
2015.11.11 13:08:19.310,8.71372,8.71578,1.50,1.00
2015.11.11 13:08:19.632,8.71372,8.71566,1.50,1.00
2015.11.11 13:08:19.685,8.71346,8.71546,1.00,1.00
2015.11.11 13:08:22.174,8.71353,8.71546,1.00,1.00
2015.11.11 13:08:22.499,8.71373,8.71547,1.00,1.00
2015.11.11 13:08:22.925,8.71373,8.71566,1.00,1.00
2015.11.11 13:08:23.136,8.71373,8.71557,1.00,1.00
2015.11.11 13:08:23.404,8.7134,8.71537,1.00,1.50
2015.11.11 13:08:23.832,8.7134,8.71527,1.00,1.00
2015.11.11 13:08:24.114,8.7134,8.71547,1.00,1.00
2015.11.11 13:08:24.646,8.7134,8.71536,1.00,1.00
2015.11.11 13:08:24.697,8.7134,8.71547,1.00,1.50
2015.11.11 13:08:26.285,8.71372,8.71557,1.00,1.00
2015.11.11 13:08:26.336,8.71372,8.71567,1.00,1.50
2015.11.11 13:08:31.267,8.71372,8.71579,1.00,1.00
2015.11.11 13:08:31.660,8.71412,8.71586,1.00,1.00
2015.11.11 13:08:32.091,8.71412,8.71597,1.00,1.00
2015.11.11 13:08:32.192,8.71412,8.71606,1.00,1.00
2015.11.11 13:08:33.120,8.7144,8.71606,1.00,1.00
2015.11.11 13:08:33.273,8.7144,8.71627,1.00,1.00
2015.11.11 13:08:33.324,8.7148,8.71646,1.00,1.00
2015.11.11 13:08:34.688,8.7148,8.71637,1.00,1.00
2015.11.11 13:08:34.740,8.71449,8.71637,1.00,1.00
2015.11.11 13:08:34.791,8.71449,8.71627,1.00,1.00
2015.11.11 13:08:34.897,8.71449,8.71637,1.00,1.00
2015.11.11 13:08:35.333,8.71449,8.71647,1.00,1.00
2015.11.11 13:08:35.553,8.71449,8.7165,1.00,1.00
2015.11.11 13:08:35.904,8.71449,8.71643,1.00,1.00
2015.11.11 13:08:36.225,8.71449,8.71623,1.00,1.00
2015.11.11 13:08:36.888,8.71449,8.71617,1.00,1.00
2015.11.11 13:08:37.737,8.71449,8.71623,1.00,1.00
2015.11.11 13:08:38.061,8.71449,8.71617,1.00,1.00
2015.11.11 13:08:38.523,8.71449,8.71607,1.00,1.00
2015.11.11 13:08:38.855,8.71449,8.71597,1.00,1.00
2015.11.11 13:08:39.865,8.71449,8.71607,1.00,1.00
2015.11.11 13:08:40.332,8.71449,8.71597,1.00,1.00
2015.11.11 13:08:40.435,8.71449,8.71607,1.00,1.00
2015.11.11 13:08:40.540,8.71417,8.71607,1.00,1.00
2015.11.11 13:08:40.642,8.71417,8.71616,1.00,1.00
2015.11.11 13:08:41.538,8.71417,8.71623,1.00,1.00
2015.11.11 13:08:41.892,8.71429,8.71623,1.00,1.00
2015.11.11 13:08:42.223,8.71449,8.71623,1.00,1.00
2015.11.11 13:08:42.603,8.71449,8.71641,1.00,1.00
2015.11.11 13:08:43.043,8.71449,8.71657,1.00,1.00
2015.11.11 13:08:43.094,8.71461,8.71657,1.00,1.00
2015.11.11 13:08:43.397,8.71494,8.71665,1.00,1.00
2015.11.11 13:08:43.548,8.71514,8.71687,1.00,1.00
2015.11.11 13:08:43.599,8.71527,8.71707,1.00,1.00
2015.11.11 13:08:44.170,8.71577,8.71757,1.00,1.00
2015.11.11 13:08:44.516,8.71577,8.71747,1.00,1.00
2015.11.11 13:08:45.287,8.71577,8.71766,1.00,1.00
2015.11.11 13:08:45.563,8.71577,8.71773,1.00,1.00
2015.11.11 13:08:46.099,8.71577,8.71742,1.00,1.00
2015.11.11 13:08:46.251,8.71546,8.71742,1.00,1.00
2015.11.11 13:08:46.352,8.71546,8.71737,1.00,1.00
2015.11.11 13:08:46.738,8.71546,8.71744,1.00,1.00
2015.11.11 13:08:48.417,8.71546,8.71737,1.00,1.00
2015.11.11 13:08:48.748,8.71546,8.71732,1.00,1.00
2015.11.11 13:08:51.054,8.71546,8.71752,1.00,1.00
2015.11.11 13:08:51.109,8.71562,8.71754,1.00,1.00
2015.11.11 13:08:51.420,8.71582,8.71767,1.00,1.50
2015.11.11 13:08:51.837,8.71582,8.71757,1.00,1.00
2015.11.11 13:08:52.069,8.71582,8.71767,1.00,1.00
2015.11.11 13:08:52.120,8.71582,8.71774,1.00,1.00
2015.11.11 13:08:52.923,8.71582,8.7179,1.00,1.00
2015.11.11 13:08:52.998,8.71598,8.7179,1.00,1.00
2015.11.11 13:08:53.965,8.71587,8.71786,1.00,1.00
2015.11.11 13:09:03.016,8.71587,8.71783,1.00,1.00
2015.11.11 13:09:03.117,8.71548,8.71756,1.00,1.00
2015.11.11 13:09:04.875,8.71561,8.71756,1.00,1.00
2015.11.11 13:09:05.334,8.71581,8.71765,1.00,1.00
2015.11.11 13:09:05.385,8.71581,8.71774,1.00,1.00
2015.11.11 13:09:05.875,8.71581,8.71779,1.00,1.00
2015.11.11 13:09:08.093,8.71581,8.71777,1.00,1.00
2015.11.11 13:09:08.346,8.71544,8.71752,1.00,1.00
2015.11.11 13:09:08.655,8.71544,8.71735,1.00,1.00
2015.11.11 13:09:08.706,8.7151,8.71715,1.00,1.00
2015.11.11 13:09:10.653,8.7152,8.71715,1.00,1.00
2015.11.11 13:09:10.754,8.7154,8.7174,1.00,1.00
2015.11.11 13:09:16.487,8.71561,8.71748,1.00,1.00
2015.11.11 13:09:16.838,8.71581,8.71765,1.00,1.00
2015.11.11 13:09:17.665,8.71552,8.7176,1.00,1.00
2015.11.11 13:09:34.875,8.71532,8.71735,1.00,1.00
2015.11.11 13:09:34.926,8.71527,8.71735,1.00,1.00
2015.11.11 13:09:36.131,8.71527,8.71715,1.00,1.00
2015.11.11 13:09:36.183,8.71511,8.71702,1.00,1.00
2015.11.11 13:09:36.403,8.71494,8.71702,1.00,1.00
2015.11.11 13:09:36.455,8.71494,8.71697,1.00,1.00
2015.11.11 13:09:36.802,8.71481,8.71661,1.00,1.00
2015.11.11 13:09:39.636,8.71462,8.71661,1.00,1.00
2015.11.11 13:09:39.787,8.71462,8.71629,1.00,1.00
2015.11.11 13:09:39.838,8.71432,8.71629,1.00,1.00
2015.11.11 13:09:54.422,8.71456,8.71664,1.00,1.00
2015.11.11 13:09:57.557,8.71498,8.71671,1.00,1.00
2015.11.11 13:09:57.710,8.71478,8.71671,1.00,1.00
2015.11.11 13:09:57.811,8.71468,8.71671,1.00,1.00
2015.11.11 13:10:02.579,8.71432,8.71634,1.00,1.00
2015.11.11 13:10:02.631,8.71426,8.71634,1.00,1.00
2015.11.11 13:10:03.035,8.71412,8.71593,1.00,1.00
2015.11.11 13:10:04.059,8.71397,8.71593,1.00,1.00
2015.11.11 13:10:04.160,8.71444,8.71593,1.00,1.00
2015.11.11 13:10:04.313,8.71486,8.71658,1.00,1.00
2015.11.11 13:10:04.666,8.7145,8.71658,1.00,1.50
2015.11.11 13:10:04.993,8.71428,8.71626,1.00,1.00
2015.11.11 13:10:06.992,8.71443,8.71626,1.00,1.00
2015.11.11 13:10:07.245,8.71516,8.71706,1.00,1.00
2015.11.11 13:10:07.899,8.71562,8.71756,1.00,1.00
2015.11.11 13:10:13.092,8.71529,8.71737,1.00,1.00
2015.11.11 13:10:15.564,8.71529,8.71724,1.00,1.00
2015.11.11 13:10:15.899,8.71497,8.71671,1.00,1.00
2015.11.11 13:10:16.248,8.7146,8.71639,1.00,1.00
2015.11.11 13:10:16.349,8.71441,8.71639,1.00,1.00
2015.11.11 13:10:16.803,8.71441,8.71606,1.00,1.00
2015.11.11 13:10:17.165,8.71409,8.71606,1.00,1.00
2015.11.11 13:10:18.384,8.71448,8.71626,1.00,1.00
2015.11.11 13:10:18.679,8.71448,8.71639,1.00,1.00
2015.11.11 13:10:19.483,8.71409,8.71613,1.00,1.00
2015.11.11 13:10:21.789,8.71409,8.71581,1.00,1.00
2015.11.11 13:10:21.840,8.71376,8.71581,1.00,1.00
2015.11.11 13:10:23.916,8.71406,8.71606,1.00,1.00
2015.11.11 13:10:25.487,8.71406,8.71601,1.00,1.00
2015.11.11 13:10:25.538,8.71376,8.71581,1.00,1.00
2015.11.11 13:10:26.240,8.71423,8.71606,1.00,1.00
2015.11.11 13:10:26.594,8.71393,8.716,1.00,1.00
2015.11.11 13:10:26.897,8.71376,8.71552,1.00,1.00
2015.11.11 13:10:27.200,8.71417,8.71594,1.00,1.00
2015.11.11 13:10:27.301,8.71417,8.71606,1.00,1.00
2015.11.11 13:10:27.799,8.71376,8.71584,1.50,1.00
2015.11.11 13:10:28.115,8.71376,8.71543,1.00,1.00
2015.11.11 13:10:29.687,8.71348,8.71543,1.00,1.00
2015.11.11 13:10:30.124,8.71348,8.71511,1.00,1.00
2015.11.11 13:10:32.954,8.71348,8.71543,1.00,1.00
2015.11.11 13:10:35.325,8.71366,8.71574,1.00,1.00
2015.11.11 13:10:35.627,8.71348,8.71541,1.00,1.00
2015.11.11 13:10:35.678,8.71333,8.71541,1.00,1.00
2015.11.11 13:10:35.729,8.71326,8.71509,1.00,1.00
2015.11.11 13:10:36.063,8.71299,8.71509,1.00,1.00
2015.11.11 13:10:41.831,8.71299,8.71505,1.00,1.00
2015.11.11 13:10:42.175,8.71299,8.71472,1.00,1.00
2015.11.11 13:10:42.894,8.71279,8.71472,1.00,1.00
2015.11.11 13:10:42.945,8.71256,8.71472,1.00,1.00
2015.11.11 13:10:44.420,8.71256,8.71464,1.00,1.00
2015.11.11 13:10:44.767,8.71233,8.71438,1.00,1.00
2015.11.11 13:10:46.360,8.71222,8.71423,1.00,1.00
2015.11.11 13:10:46.418,8.7119,8.71403,1.00,1.00
2015.11.11 13:10:51.993,8.71187,8.71402,1.00,1.00
2015.11.11 13:11:01.072,8.71187,8.7138,1.00,1.00
2015.11.11 13:11:01.173,8.7115,8.71347,1.00,1.00
2015.11.11 13:11:01.939,8.71131,8.71347,1.50,1.00
2015.11.11 13:11:03.159,8.71131,8.71319,1.00,1.00
2015.11.11 13:11:05.171,8.71173,8.71361,1.00,1.00
2015.11.11 13:11:05.918,8.71173,8.7138,1.00,1.00
2015.11.11 13:11:06.798,8.71173,8.71388,1.00,1.00
2015.11.11 13:11:06.899,8.71173,8.71351,1.00,1.00
2015.11.11 13:11:07.001,8.71151,8.71331,1.00,1.00
2015.11.11 13:11:07.102,8.71142,8.71331,1.00,1.00
2015.11.11 13:11:07.204,8.71126,8.71331,1.00,1.00
2015.11.11 13:11:08.454,8.71134,8.71331,1.00,1.00
2015.11.11 13:11:08.730,8.71126,8.71331,1.00,1.00
2015.11.11 13:11:11.284,8.71126,8.71298,1.00,1.00
2015.11.11 13:11:20.613,8.71107,8.71298,1.00,1.00
2015.11.11 13:11:20.765,8.71087,8.71298,1.00,1.00
2015.11.11 13:11:21.603,8.71093,8.71298,1.00,1.00
2015.11.11 13:11:22.392,8.71113,8.71317,1.00,1.00
2015.11.11 13:11:23.189,8.71113,8.71329,1.00,1.00
2015.11.11 13:11:31.192,8.71113,8.71316,1.00,1.00
2015.11.11 13:11:31.343,8.7108,8.71296,1.50,1.00
2015.11.11 13:11:32.475,8.71093,8.71296,1.00,1.00
2015.11.11 13:11:32.981,8.71113,8.71316,1.00,1.00
2015.11.11 13:11:34.205,8.71113,8.71329,1.00,1.00
2015.11.11 13:11:35.250,8.71125,8.71329,1.00,1.00
2015.11.11 13:11:35.568,8.71145,8.71358,1.00,1.00
2015.11.11 13:11:39.613,8.71145,8.71353,1.00,1.00
2015.11.11 13:11:42.041,8.71185,8.71393,1.00,1.00
2015.11.11 13:11:42.495,8.71185,8.71366,1.00,1.00
2015.11.11 13:11:42.597,8.71151,8.71336,1.00,1.00
2015.11.11 13:11:42.698,8.71138,8.71336,1.00,1.00
2015.11.11 13:12:00.152,8.71138,8.71323,1.00,1.00
2015.11.11 13:12:01.123,8.71116,8.71323,1.00,1.00
2015.11.11 13:12:01.174,8.71116,8.71282,1.00,1.00
2015.11.11 13:12:01.275,8.7109,8.71282,1.00,1.00
2015.11.11 13:12:01.770,8.71072,8.71282,1.00,1.00
2015.11.11 13:12:02.312,8.71066,8.71282,1.00,1.00
2015.11.11 13:12:07.033,8.71077,8.71282,1.00,1.00
2015.11.11 13:12:07.185,8.71066,8.71282,1.00,1.00
2015.11.11 13:12:12.125,8.71069,8.71282,1.00,1.00
2015.11.11 13:12:12.452,8.71073,8.71282,1.00,1.00
2015.11.11 13:12:13.592,8.71103,8.71282,1.00,1.00
2015.11.11 13:12:14.354,8.71093,8.71282,1.50,1.00
2015.11.11 13:12:15.401,8.71083,8.71282,1.00,1.00
2015.11.11 13:12:20.086,8.71084,8.713,1.00,1.00
2015.11.11 13:12:20.288,8.7109,8.713,1.00,1.00
2015.11.11 13:12:20.732,8.7111,8.713,1.00,1.00
2015.11.11 13:12:21.158,8.71093,8.713,1.00,1.00
2015.11.11 13:12:21.209,8.7109,8.713,1.00,1.00
2015.11.11 13:12:24.759,8.71084,8.713,1.00,1.00
2015.11.11 13:12:24.810,8.7107,8.71261,1.00,1.00
2015.11.11 13:12:25.252,8.71049,8.71261,1.00,1.00
2015.11.11 13:12:25.791,8.71045,8.71261,1.00,1.00
2015.11.11 13:12:33.269,8.71045,8.71255,1.00,1.00
2015.11.11 13:12:34.051,8.70993,8.71193,1.69,1.00
2015.11.11 13:12:34.330,8.70983,8.71193,1.50,1.00
2015.11.11 13:12:35.472,8.71004,8.71193,1.00,1.00
2015.11.11 13:12:38.820,8.71003,8.71193,1.00,1.00
2015.11.11 13:12:40.134,8.70993,8.71193,1.00,1.00
2015.11.11 13:12:40.441,8.70963,8.71162,1.00,1.00
2015.11.11 13:12:40.492,8.70946,8.71162,1.00,1.00
2015.11.11 13:12:40.542,8.70944,8.71133,1.00,1.00
2015.11.11 13:12:43.612,8.70953,8.71133,1.00,1.00
2015.11.11 13:12:44.049,8.70943,8.71133,1.00,1.00
2015.11.11 13:12:44.909,8.70943,8.71123,1.00,1.00
2015.11.11 13:12:45.010,8.70953,8.71144,1.00,1.00
2015.11.11 13:12:45.153,8.70943,8.71144,1.00,1.00
2015.11.11 13:12:51.329,8.70957,8.71144,1.00,1.00
2015.11.11 13:12:51.582,8.70933,8.71144,1.00,1.00
2015.11.11 13:12:52.773,8.70928,8.71144,1.00,1.00
2015.11.11 13:12:52.962,8.70933,8.71144,1.00,1.00
2015.11.11 13:12:53.223,8.70928,8.71144,1.00,1.00
2015.11.11 13:12:53.274,8.70923,8.71102,1.00,1.00
2015.11.11 13:13:00.301,8.70923,8.71122,1.00,1.00
2015.11.11 13:13:00.352,8.70923,8.71135,1.00,1.00
2015.11.11 13:13:00.458,8.70933,8.71135,1.00,1.00
2015.11.11 13:13:00.766,8.70973,8.71151,1.00,1.00
2015.11.11 13:13:01.106,8.70973,8.71168,1.00,1.00
2015.11.11 13:13:02.093,8.70963,8.71168,1.00,1.00
2015.11.11 13:13:02.311,8.70954,8.71168,1.00,1.00
2015.11.11 13:13:05.280,8.70963,8.71168,1.00,1.00
2015.11.11 13:13:06.602,8.70953,8.71168,1.00,1.00
2015.11.11 13:13:08.579,8.70963,8.71168,1.00,1.00
2015.11.11 13:13:10.252,8.70973,8.71168,1.00,1.00
2015.11.11 13:13:11.246,8.70963,8.71168,1.00,1.00
2015.11.11 13:13:11.329,8.70953,8.71168,1.00,1.00
2015.11.11 13:13:17.300,8.70963,8.71168,1.00,1.00
2015.11.11 13:13:17.826,8.70963,8.71157,1.00,1.00
2015.11.11 13:13:18.147,8.70963,8.71127,1.00,1.00
2015.11.11 13:13:18.400,8.70953,8.71127,1.00,1.00
2015.11.11 13:13:19.582,8.70943,8.71127,1.00,1.00
2015.11.11 13:13:22.561,8.70924,8.71127,1.00,1.00
2015.11.11 13:13:22.663,8.70924,8.71084,1.00,1.00
2015.11.11 13:13:22.966,8.70934,8.71084,1.00,1.00
2015.11.11 13:13:23.318,8.70934,8.71104,1.00,1.00
2015.11.11 13:13:23.447,8.70934,8.71117,1.00,1.00
2015.11.11 13:13:23.650,8.70943,8.71117,1.00,1.00
2015.11.11 13:13:26.731,8.70954,8.71117,1.00,1.00
2015.11.11 13:13:27.356,8.70963,8.71117,1.00,1.00
2015.11.11 13:13:29.736,8.70933,8.71117,1.00,1.00
2015.11.11 13:13:30.145,8.70923,8.71114,1.00,1.00
2015.11.11 13:13:30.910,8.70933,8.71114,1.00,1.00
2015.11.11 13:13:32.904,8.70943,8.71114,1.00,1.00
2015.11.11 13:13:34.646,8.70943,8.71084,1.00,1.00
2015.11.11 13:13:34.697,8.70923,8.71084,1.00,1.00
2015.11.11 13:13:34.798,8.70903,8.71084,1.00,1.00
2015.11.11 13:13:35.066,8.70903,8.71077,1.00,1.00
2015.11.11 13:13:35.118,8.70893,8.71077,1.00,1.00
2015.11.11 13:13:35.636,8.70903,8.71077,1.00,1.00
2015.11.11 13:13:39.772,8.70903,8.71051,1.00,1.00
2015.11.11 13:13:40.189,8.70883,8.71051,1.00,1.00
2015.11.11 13:13:40.290,8.70873,8.71051,1.00,1.00
2015.11.11 13:13:40.593,8.70883,8.71051,1.00,1.00
2015.11.11 13:13:41.702,8.70863,8.71051,1.00,1.00
2015.11.11 13:13:41.758,8.70863,8.71021,1.00,1.00
2015.11.11 13:13:41.960,8.70854,8.71021,1.00,1.00
2015.11.11 13:13:42.061,8.70843,8.71021,1.00,1.00
2015.11.11 13:13:42.162,8.70833,8.71021,1.00,1.00
2015.11.11 13:13:42.637,8.70833,8.7101,1.00,1.00
2015.11.11 13:13:43.780,8.70843,8.7101,1.00,1.00
2015.11.11 13:13:44.759,8.70853,8.71021,1.00,1.00
2015.11.11 13:13:44.810,8.70883,8.71021,1.00,1.00
2015.11.11 13:13:44.972,8.70883,8.71041,1.00,1.00
2015.11.11 13:13:45.023,8.70893,8.71049,1.00,1.00
2015.11.11 13:13:45.073,8.70893,8.71053,1.00,1.00
2015.11.11 13:13:45.321,8.70863,8.71053,1.00,1.00
2015.11.11 13:13:45.372,8.70863,8.71051,1.00,1.00
2015.11.11 13:13:45.682,8.70853,8.71021,1.00,1.00
2015.11.11 13:13:46.090,8.70833,8.70988,1.00,1.00
2015.11.11 13:13:46.140,8.70823,8.70988,1.00,1.00
2015.11.11 13:13:46.343,8.70813,8.70988,1.00,1.00
2015.11.11 13:13:46.456,8.70803,8.70988,1.00,1.00
2015.11.11 13:13:47.745,8.70813,8.70988,1.00,1.00
2015.11.11 13:13:48.057,8.70823,8.70988,1.00,1.00
2015.11.11 13:13:48.841,8.70803,8.70988,1.00,1.00
2015.11.11 13:13:49.438,8.70803,8.70956,1.00,1.00
2015.11.11 13:13:49.489,8.70753,8.70956,1.00,1.00
2015.11.11 13:13:50.076,8.7074,8.70945,1.00,1.00
2015.11.11 13:13:50.127,8.70733,8.70923,1.00,1.00
2015.11.11 13:13:50.178,8.70724,8.70923,1.00,1.00
2015.11.11 13:13:50.279,8.70713,8.70923,1.00,1.00
2015.11.11 13:13:50.805,8.70724,8.70896,1.00,1.00
2015.11.11 13:13:50.856,8.70713,8.70896,1.00,1.00
2015.11.11 13:13:52.689,8.70723,8.70896,1.00,1.00
2015.11.11 13:13:55.591,8.70703,8.70885,1.50,1.00
2015.11.11 13:13:55.927,8.7068,8.70882,1.00,1.00
2015.11.11 13:13:55.978,8.70673,8.70862,1.00,1.00
2015.11.11 13:13:56.319,8.70655,8.70862,1.00,1.00
2015.11.11 13:13:57.963,8.70693,8.70862,1.00,1.00
2015.11.11 13:13:58.115,8.70683,8.70862,1.00,1.00
2015.11.11 13:13:58.349,8.70693,8.70862,1.00,1.00
2015.11.11 13:13:59.950,8.70713,8.70862,1.00,1.00
2015.11.11 13:14:00.207,8.70693,8.70862,1.00,1.00
2015.11.11 13:14:01.234,8.70703,8.70882,1.00,1.00
2015.11.11 13:14:01.286,8.70703,8.70893,1.00,1.00
2015.11.11 13:14:01.380,8.70713,8.70893,1.00,1.00
2015.11.11 13:14:01.830,8.70723,8.70893,1.00,1.00
2015.11.11 13:14:03.808,8.70703,8.70893,1.00,1.00
2015.11.11 13:14:04.079,8.70703,8.70877,1.00,1.00
2015.11.11 13:14:04.417,8.70683,8.70852,1.00,1.00
2015.11.11 13:14:04.683,8.70683,8.70872,1.00,1.00
2015.11.11 13:14:04.735,8.70703,8.70877,1.00,1.00
2015.11.11 13:14:06.248,8.70683,8.70877,1.00,1.00
2015.11.11 13:14:06.555,8.70673,8.70877,1.00,1.00
2015.11.11 13:14:06.673,8.70669,8.70877,1.00,1.00
2015.11.11 13:14:06.875,8.70663,8.70852,1.00,1.00
2015.11.11 13:14:07.229,8.70683,8.70852,1.00,1.00
2015.11.11 13:14:07.477,8.70683,8.70877,1.00,1.00
2015.11.11 13:14:07.983,8.70693,8.70877,1.00,1.00
2015.11.11 13:14:08.084,8.70693,8.70884,1.00,1.00
2015.11.11 13:14:08.319,8.70672,8.70884,1.00,1.00
2015.11.11 13:14:08.471,8.70669,8.70884,1.00,1.00
2015.11.11 13:14:08.632,8.70668,8.70842,1.00,1.00
2015.11.11 13:14:08.733,8.70645,8.70842,1.00,1.00
2015.11.11 13:14:08.834,8.70643,8.70814,1.00,1.00
2015.11.11 13:14:09.677,8.70623,8.70814,1.00,1.00
2015.11.11 13:14:09.728,8.70623,8.70806,1.00,1.00
2015.11.11 13:14:09.883,8.70603,8.70797,1.00,1.00
2015.11.11 13:14:10.430,8.70599,8.70797,1.00,1.00
2015.11.11 13:14:11.105,8.70596,8.70757,1.00,1.00
2015.11.11 13:14:11.162,8.70577,8.70757,1.00,1.00
2015.11.11 13:14:11.335,8.70583,8.70757,1.00,1.00
2015.11.11 13:14:11.538,8.70593,8.70782,1.00,1.00
2015.11.11 13:14:11.788,8.70597,8.70787,1.00,1.00
2015.11.11 13:14:12.341,8.70597,8.70807,1.00,1.50
2015.11.11 13:14:12.555,8.70597,8.70804,1.00,1.00
2015.11.11 13:14:12.773,8.70597,8.70807,1.00,1.50
2015.11.11 13:14:12.903,8.70597,8.70767,1.00,1.00
2015.11.11 13:14:12.954,8.70577,8.70767,1.50,1.00
2015.11.11 13:14:13.914,8.70583,8.70767,1.00,1.00
2015.11.11 13:14:14.541,8.70583,8.70757,1.00,1.00
2015.11.11 13:14:15.178,8.70577,8.70757,1.00,1.00
2015.11.11 13:14:15.229,8.70577,8.70747,1.00,1.00
2015.11.11 13:14:15.280,8.70565,8.70747,1.00,1.00
2015.11.11 13:14:15.400,8.70565,8.70737,1.00,1.00
2015.11.11 13:14:15.760,8.70553,8.70737,1.00,1.00
2015.11.11 13:14:15.817,8.70533,8.70717,1.00,1.00
2015.11.11 13:14:17.944,8.70544,8.70736,1.00,1.00
2015.11.11 13:14:18.045,8.70553,8.70736,1.00,1.00
2015.11.11 13:14:19.457,8.70573,8.70736,1.00,1.00
2015.11.11 13:14:19.913,8.70573,8.7074,1.00,1.00
2015.11.11 13:14:20.109,8.70553,8.7074,1.00,1.00
2015.11.11 13:14:20.159,8.70553,8.70737,1.00,1.00
2015.11.11 13:14:20.793,8.70533,8.70707,1.00,1.00
2015.11.11 13:14:20.899,8.70525,8.70707,1.00,1.00
2015.11.11 13:14:21.358,8.70533,8.70707,1.00,1.00
2015.11.11 13:14:21.459,8.70533,8.70717,1.00,1.00
2015.11.11 13:14:22.331,8.70543,8.70717,1.00,1.00
2015.11.11 13:14:22.659,8.70543,8.70737,1.00,1.00
2015.11.11 13:14:23.028,8.70553,8.70737,1.00,1.00
2015.11.11 13:14:23.360,8.70562,8.70737,1.00,1.00
2015.11.11 13:14:23.462,8.70562,8.70747,1.00,1.00
2015.11.11 13:14:23.523,8.70562,8.70717,1.00,1.00
2015.11.11 13:14:24.015,8.70543,8.70717,1.00,1.00
2015.11.11 13:14:24.066,8.70513,8.70677,1.00,1.00
2015.11.11 13:14:24.167,8.70533,8.70717,1.00,1.50
2015.11.11 13:14:25.130,8.70533,8.70707,1.00,1.00
2015.11.11 13:14:25.537,8.70533,8.70736,1.50,1.00
2015.11.11 13:14:26.368,8.70533,8.70747,1.50,1.00
2015.11.11 13:14:27.294,8.70546,8.70747,1.00,1.00
2015.11.11 13:14:27.640,8.70566,8.70761,1.00,1.00
2015.11.11 13:14:27.978,8.70566,8.70757,1.00,1.00
2015.11.11 13:14:28.896,8.70566,8.70777,1.00,1.00
2015.11.11 13:14:28.948,8.70566,8.70763,1.00,1.00
2015.11.11 13:14:29.284,8.70553,8.70749,1.50,1.00
2015.11.11 13:14:30.277,8.70553,8.70737,1.00,1.00
2015.11.11 13:14:30.892,8.70573,8.70749,1.00,1.00
2015.11.11 13:14:31.119,8.70573,8.70763,1.00,1.00
2015.11.11 13:14:32.553,8.70573,8.7078,1.00,1.00
2015.11.11 13:14:32.604,8.70573,8.70783,1.00,1.00
2015.11.11 13:14:32.655,8.70608,8.70787,1.00,1.00
2015.11.11 13:14:32.807,8.70624,8.70812,1.00,1.00
2015.11.11 13:14:33.001,8.70608,8.70812,1.00,1.00
2015.11.11 13:14:34.478,8.70608,8.70806,1.00,1.00
2015.11.11 13:14:34.529,8.70584,8.70792,1.00,1.00
2015.11.11 13:14:34.680,8.70603,8.70792,1.00,1.00
2015.11.11 13:14:34.731,8.70608,8.70812,1.00,1.00
2015.11.11 13:14:34.870,8.70613,8.70812,1.00,1.00
2015.11.11 13:14:35.228,8.70624,8.70812,1.00,1.00
2015.11.11 13:14:35.611,8.70603,8.70793,1.00,1.00
2015.11.11 13:14:35.663,8.70594,8.70793,1.00,1.00
2015.11.11 13:14:35.751,8.70613,8.70793,1.00,1.00
2015.11.11 13:14:35.859,8.70603,8.70787,1.00,1.00
2015.11.11 13:14:35.910,8.70603,8.70793,1.00,1.00
2015.11.11 13:14:36.112,8.70583,8.70793,1.00,1.00
2015.11.11 13:14:36.338,8.70603,8.70793,1.00,1.00
2015.11.11 13:14:36.649,8.70613,8.70793,1.00,1.00
2015.11.11 13:14:37.167,8.70619,8.70812,1.00,1.00
2015.11.11 13:14:37.452,8.7062,8.70835,1.00,1.00
2015.11.11 13:14:37.655,8.70623,8.70835,1.00,1.00
2015.11.11 13:14:37.979,8.70643,8.70835,1.00,1.00
2015.11.11 13:14:38.098,8.70628,8.70835,1.00,1.00
2015.11.11 13:14:38.207,8.70638,8.70835,1.00,1.00
2015.11.11 13:14:38.536,8.70694,8.70878,1.00,1.00
2015.11.11 13:14:38.587,8.70694,8.70898,1.00,1.50
2015.11.11 13:14:38.982,8.70694,8.7091,1.00,1.00
2015.11.11 13:14:39.445,8.70705,8.7091,1.00,1.00
2015.11.11 13:14:40.347,8.70724,8.70935,1.00,1.00
2015.11.11 13:14:41.065,8.70724,8.70938,1.00,1.50
2015.11.11 13:14:41.817,8.70722,8.70903,1.00,1.00
2015.11.11 13:14:41.938,8.70688,8.70899,1.00,1.00
2015.11.11 13:14:42.039,8.70667,8.70875,1.00,1.00
2015.11.11 13:14:42.395,8.7066,8.70875,1.00,1.00
2015.11.11 13:14:47.793,8.7066,8.70859,1.00,1.00
2015.11.11 13:14:48.358,8.70628,8.70824,1.00,1.00
2015.11.11 13:14:48.510,8.70609,8.70824,1.50,1.00
2015.11.11 13:14:49.153,8.70649,8.70827,1.00,1.00
2015.11.11 13:14:49.254,8.70649,8.70841,1.00,1.00
2015.11.11 13:14:49.853,8.7065,8.70865,1.00,1.00
2015.11.11 13:14:51.431,8.70649,8.70853,1.00,1.00
2015.11.11 13:14:51.583,8.70606,8.70816,1.00,1.00
2015.11.11 13:14:52.448,8.70601,8.70814,1.00,1.00
2015.11.11 13:14:52.499,8.70601,8.708,1.00,1.00
2015.11.11 13:14:52.803,8.70583,8.70773,1.00,1.00
2015.11.11 13:14:52.968,8.70565,8.70773,1.00,1.00
2015.11.11 13:14:53.850,8.70565,8.70725,1.00,1.00
2015.11.11 13:14:53.901,8.70523,8.70725,1.00,1.00
2015.11.11 13:14:55.180,8.7055,8.70754,1.00,1.00
2015.11.11 13:14:55.231,8.7055,8.70765,1.00,1.00
2015.11.11 13:14:55.332,8.70563,8.70765,1.00,1.00
2015.11.11 13:14:55.990,8.7055,8.70765,1.00,1.00
2015.11.11 13:14:56.633,8.7055,8.70758,1.00,1.00
2015.11.11 13:14:57.049,8.70526,8.70733,1.00,1.00
2015.11.11 13:14:57.356,8.70517,8.70733,1.00,1.00
2015.11.11 13:14:57.458,8.70517,8.70727,1.00,1.00
2015.11.11 13:14:58.191,8.70486,8.70699,1.00,1.00
2015.11.11 13:14:58.241,8.70486,8.70686,1.00,1.00
2015.11.11 13:14:58.444,8.70437,8.70651,1.00,1.00
2015.11.11 13:14:58.495,8.70437,8.70637,1.00,1.00
2015.11.11 13:14:58.812,8.70455,8.70651,1.00,1.00
2015.11.11 13:14:59.357,8.70478,8.70651,1.00,1.00
2015.11.11 13:14:59.661,8.7055,8.70707,1.00,1.00
2015.11.11 13:14:59.712,8.7055,8.70737,1.00,1.50
2015.11.11 13:14:59.763,8.70553,8.70737,1.00,1.00
2015.11.11 13:14:59.814,8.70553,8.70757,1.00,1.00
2015.11.11 13:14:59.865,8.70573,8.70753,1.00,1.00
2015.11.11 13:15:00.067,8.70524,8.70729,1.00,1.00
2015.11.11 13:15:00.536,8.70524,8.70717,1.00,1.00
2015.11.11 13:15:00.839,8.70513,8.70717,1.00,1.00
2015.11.11 13:15:00.890,8.70513,8.70726,1.00,1.50
2015.11.11 13:15:00.941,8.7051,8.70726,1.00,1.50
2015.11.11 13:15:00.992,8.7051,8.70717,1.00,1.00
2015.11.11 13:15:01.347,8.7051,8.70707,1.00,1.00
2015.11.11 13:15:01.945,8.7051,8.70717,1.00,1.00
2015.11.11 13:15:02.110,8.7051,8.70706,1.00,1.00
2015.11.11 13:15:02.461,8.70496,8.70691,1.00,1.00
2015.11.11 13:15:02.511,8.70475,8.70691,1.00,1.00
2015.11.11 13:15:02.584,8.70475,8.70679,1.00,1.00
2015.11.11 13:15:02.925,8.70473,8.70647,1.00,1.00
2015.11.11 13:15:03.823,8.70463,8.70647,1.00,1.00
2015.11.11 13:15:03.952,8.70453,8.70647,1.00,1.00
2015.11.11 13:15:04.242,8.70453,8.70659,1.00,1.00
2015.11.11 13:15:04.292,8.70493,8.70659,1.00,1.00
2015.11.11 13:15:04.343,8.70493,8.70679,1.00,1.00
2015.11.11 13:15:04.394,8.70513,8.70691,1.00,1.00
2015.11.11 13:15:04.664,8.70503,8.70691,1.00,1.00
2015.11.11 13:15:04.715,8.70503,8.70687,1.00,1.00
2015.11.11 13:15:04.960,8.70514,8.70707,1.00,1.00
2015.11.11 13:15:05.062,8.70523,8.70707,1.00,1.00
2015.11.11 13:15:05.240,8.70503,8.70707,1.00,1.50
2015.11.11 13:15:05.410,8.70503,8.70698,1.00,1.00
2015.11.11 13:15:06.211,8.70503,8.70669,1.00,1.00
2015.11.11 13:15:06.520,8.70523,8.70676,1.00,1.00
2015.11.11 13:15:06.571,8.70504,8.70667,1.00,1.00
2015.11.11 13:15:06.912,8.70513,8.70667,1.00,1.00
2015.11.11 13:15:06.963,8.70513,8.70676,1.00,1.00
2015.11.11 13:15:07.127,8.70523,8.707,1.00,1.00
2015.11.11 13:15:07.240,8.70503,8.707,1.00,1.00
2015.11.11 13:15:07.652,8.70518,8.707,1.00,1.00
2015.11.11 13:15:08.437,8.70518,8.70697,1.00,1.00
2015.11.11 13:15:08.916,8.70518,8.70677,1.00,1.00
2015.11.11 13:15:09.609,8.70518,8.707,1.00,1.00
2015.11.11 13:15:09.849,8.70523,8.707,1.00,1.00
2015.11.11 13:15:10.068,8.70518,8.707,1.00,1.00
2015.11.11 13:15:10.913,8.70523,8.707,1.00,1.00
2015.11.11 13:15:11.861,8.70518,8.707,1.00,1.00
2015.11.11 13:15:11.974,8.70513,8.707,1.00,1.00
2015.11.11 13:15:12.076,8.70503,8.70673,1.00,1.00
2015.11.11 13:15:12.430,8.70503,8.70667,1.00,1.00
2015.11.11 13:15:12.481,8.70483,8.70667,1.00,1.00
2015.11.11 13:15:12.532,8.70473,8.70667,1.00,1.00
2015.11.11 13:15:12.634,8.70457,8.70667,1.00,1.00
2015.11.11 13:15:12.930,8.70463,8.70667,1.00,1.00
2015.11.11 13:15:13.250,8.70463,8.70662,1.00,1.00
2015.11.11 13:15:13.301,8.70457,8.70662,1.00,1.00
2015.11.11 13:15:13.848,8.70454,8.70631,1.00,1.00
2015.11.11 13:15:14.051,8.70434,8.70631,1.00,1.00
2015.11.11 13:15:14.558,8.70433,8.70631,1.00,1.00
2015.11.11 13:15:14.609,8.70416,8.70631,1.00,1.00
2015.11.11 13:15:14.836,8.70416,8.70621,1.00,1.00
2015.11.11 13:15:15.683,8.70453,8.70621,1.00,1.00
2015.11.11 13:15:17.339,8.70443,8.70622,1.00,1.00
2015.11.11 13:15:18.340,8.70453,8.70622,1.00,1.00
2015.11.11 13:15:19.640,8.70433,8.70622,1.00,1.00
2015.11.11 13:15:21.069,8.70423,8.70622,1.00,1.00
2015.11.11 13:15:21.639,8.70416,8.70622,1.00,1.00
2015.11.11 13:15:21.689,8.70416,8.70597,1.00,1.00
2015.11.11 13:15:21.791,8.70403,8.70597,1.00,1.00
2015.11.11 13:15:22.395,8.70423,8.70599,1.00,1.00
2015.11.11 13:15:22.496,8.70423,8.70619,1.00,1.00
2015.11.11 13:15:22.547,8.70423,8.70622,1.00,1.00
2015.11.11 13:15:25.077,8.70416,8.70622,1.00,1.00
2015.11.11 13:15:25.157,8.70416,8.70632,1.00,1.00
2015.11.11 13:15:25.288,8.70449,8.70643,1.00,1.00
2015.11.11 13:15:26.009,8.70429,8.70637,1.00,1.00
2015.11.11 13:15:26.060,8.70421,8.70637,1.00,1.00
2015.11.11 13:15:28.189,8.70433,8.70637,1.00,1.00
2015.11.11 13:15:28.240,8.70451,8.70663,1.00,1.00
2015.11.11 13:15:28.594,8.70453,8.70663,1.00,1.00
2015.11.11 13:15:29.058,8.70501,8.7071,1.00,1.00
2015.11.11 13:15:29.638,8.70501,8.70717,1.50,1.00
2015.11.11 13:15:30.650,8.70501,8.70711,1.00,1.00
2015.11.11 13:15:30.971,8.70481,8.70689,1.00,1.00
2015.11.11 13:15:31.293,8.70474,8.70675,1.00,1.00
2015.11.11 13:15:31.971,8.70441,8.7065,1.00,1.00
2015.11.11 13:15:32.021,8.70441,8.70644,1.00,1.00
2015.11.11 13:15:32.123,8.70421,8.70626,1.00,1.00
2015.11.11 13:15:32.279,8.70411,8.70626,1.00,1.00
2015.11.11 13:15:32.330,8.70411,8.70619,1.00,1.00
2015.11.11 13:15:34.430,8.70411,8.70626,1.00,1.50
2015.11.11 13:15:34.531,8.70418,8.70626,1.00,1.00
2015.11.11 13:15:34.864,8.70443,8.70645,1.00,1.00
2015.11.11 13:15:35.299,8.70423,8.7062,1.00,1.00
2015.11.11 13:15:35.350,8.70411,8.7062,1.00,1.00
2015.11.11 13:15:35.899,8.70419,8.7062,1.00,1.00
2015.11.11 13:15:35.950,8.70419,8.70626,1.00,1.00
2015.11.11 13:15:36.659,8.70451,8.70646,1.00,1.00
2015.11.11 13:15:37.330,8.70451,8.70647,1.00,1.00
2015.11.11 13:15:38.839,8.70453,8.70667,1.00,1.50
2015.11.11 13:15:38.940,8.70483,8.70667,1.00,1.00
2015.11.11 13:15:39.041,8.70485,8.70683,1.00,1.00
2015.11.11 13:15:40.375,8.70485,8.70686,1.00,1.00
2015.11.11 13:15:41.476,8.70485,8.70677,1.00,1.00
2015.11.11 13:15:48.190,8.70485,8.70676,1.00,1.00
2015.11.11 13:15:48.293,8.70451,8.70666,1.00,1.00
2015.11.11 13:15:52.626,8.70431,8.70634,1.00,1.00
2015.11.11 13:15:52.677,8.70418,8.70634,1.00,1.00
2015.11.11 13:15:52.911,8.70418,8.70607,1.00,1.00
2015.11.11 13:15:53.472,8.70418,8.70606,1.00,1.00
2015.11.11 13:15:53.796,8.70392,8.70586,1.00,1.00
2015.11.11 13:15:54.781,8.70392,8.70597,1.00,1.00
2015.11.11 13:15:54.858,8.70385,8.70597,1.00,1.00
2015.11.11 13:15:55.211,8.70385,8.706,1.00,1.00
2015.11.11 13:15:55.262,8.70388,8.70601,1.00,1.00
2015.11.11 13:15:55.578,8.70422,8.70621,1.00,1.00
2015.11.11 13:15:55.630,8.70422,8.70636,1.00,1.00
2015.11.11 13:15:55.882,8.70429,8.70636,1.00,1.00
2015.11.11 13:15:56.185,8.70434,8.70636,1.00,1.00
2015.11.11 13:15:56.728,8.7045,8.70665,1.00,1.00
2015.11.11 13:15:56.868,8.70466,8.70665,1.00,1.00
2015.11.11 13:15:57.121,8.70486,8.707,1.00,1.00
2015.11.11 13:15:57.273,8.70486,8.70679,1.00,1.00
2015.11.11 13:15:57.639,8.70484,8.70679,1.00,1.00
2015.11.11 13:15:57.690,8.70467,8.70672,1.00,1.00
2015.11.11 13:15:57.976,8.70467,8.70663,1.00,1.00
2015.11.11 13:15:58.078,8.70467,8.70672,1.00,1.00
2015.11.11 13:15:58.993,8.70467,8.70633,1.00,1.00
2015.11.11 13:15:59.616,8.70467,8.70652,1.00,1.00
2015.11.11 13:15:59.673,8.70467,8.70667,1.00,1.00
2015.11.11 13:15:59.724,8.70467,8.70674,1.00,1.00
2015.11.11 13:15:59.825,8.70458,8.70667,1.00,1.00
2015.11.11 13:16:00.028,8.70458,8.70662,1.00,1.00
2015.11.11 13:16:00.299,8.70419,8.70635,1.00,1.00
2015.11.11 13:16:00.983,8.70419,8.70617,1.00,1.00
2015.11.11 13:16:01.305,8.70389,8.70587,1.00,1.00
2015.11.11 13:16:01.407,8.70389,8.70605,1.00,1.00
2015.11.11 13:16:02.733,8.70389,8.70597,1.00,1.00
2015.11.11 13:16:04.920,8.70369,8.70517,1.00,1.00
2015.11.11 13:16:04.970,8.70356,8.70517,1.00,1.00
2015.11.11 13:16:05.021,8.70356,8.70547,1.00,1.00
2015.11.11 13:16:05.230,8.70379,8.70547,1.00,1.00
2015.11.11 13:16:05.624,8.70379,8.70577,1.00,1.00
2015.11.11 13:16:05.827,8.70379,8.70586,1.00,1.00
2015.11.11 13:16:05.928,8.70379,8.70577,1.00,1.00
2015.11.11 13:16:06.231,8.70345,8.70507,1.00,1.00
2015.11.11 13:16:06.332,8.70345,8.70537,1.00,1.00
2015.11.11 13:16:06.441,8.70345,8.70559,1.00,1.00
2015.11.11 13:16:09.088,8.70348,8.70561,1.00,1.00
2015.11.11 13:16:09.189,8.70345,8.70561,1.00,1.00
2015.11.11 13:16:09.240,8.70358,8.70561,1.00,1.00
2015.11.11 13:16:09.341,8.70378,8.70593,1.00,1.00
2015.11.11 13:16:10.436,8.70384,8.70593,1.00,1.00
2015.11.11 13:16:10.537,8.70378,8.70593,1.00,1.00
2015.11.11 13:16:10.689,8.70378,8.70537,1.00,1.00
2015.11.11 13:16:10.739,8.70345,8.70537,1.00,1.00
2015.11.11 13:16:11.212,8.70345,8.70561,1.00,1.00
2015.11.11 13:16:11.457,8.70358,8.70561,1.00,1.00
2015.11.11 13:16:11.578,8.70379,8.70591,1.00,1.00
2015.11.11 13:16:12.090,8.70379,8.70577,1.50,1.00
2015.11.11 13:16:12.154,8.70379,8.70592,1.50,1.00
2015.11.11 13:16:14.374,8.70379,8.70587,1.50,1.00
2015.11.11 13:16:14.716,8.70379,8.70557,1.50,1.00
2015.11.11 13:16:16.590,8.70379,8.70577,1.50,1.00
2015.11.11 13:16:16.691,8.70379,8.70592,1.50,1.00
2015.11.11 13:16:17.772,8.70397,8.70592,1.00,1.00
2015.11.11 13:16:17.976,8.7042,8.70617,1.00,1.00
2015.11.11 13:16:18.178,8.70453,8.70617,1.00,1.00
2015.11.11 13:16:19.178,8.70453,8.70667,1.00,1.00
2015.11.11 13:16:19.380,8.70455,8.70669,1.00,1.00
2015.11.11 13:16:20.882,8.70494,8.70688,1.00,1.00
2015.11.11 13:16:21.284,8.70455,8.70652,1.00,1.00
2015.11.11 13:16:21.385,8.70443,8.70652,1.00,1.00
2015.11.11 13:16:21.447,8.70437,8.70652,1.00,1.00
2015.11.11 13:16:22.390,8.70446,8.70652,1.00,1.00
2015.11.11 13:16:22.929,8.70447,8.70652,1.00,1.00
2015.11.11 13:16:23.547,8.70446,8.70652,1.00,1.00
2015.11.11 13:16:24.966,8.70437,8.70652,1.00,1.00
2015.11.11 13:16:25.917,8.70437,8.70647,1.00,1.00
2015.11.11 13:16:26.872,8.70437,8.70646,1.00,1.00
2015.11.11 13:16:26.923,8.70437,8.70652,1.00,1.00
2015.11.11 13:16:28.450,8.70427,8.70613,1.00,1.00
2015.11.11 13:16:31.080,8.7043,8.70633,1.00,1.00
2015.11.11 13:16:31.131,8.7043,8.70646,1.00,1.00
2015.11.11 13:16:31.548,8.70427,8.70613,1.00,1.00
2015.11.11 13:16:32.478,8.70427,8.70607,1.00,1.00
2015.11.11 13:16:32.939,8.70398,8.70607,1.00,1.00
2015.11.11 13:16:33.467,8.70398,8.70606,1.00,1.00
2015.11.11 13:16:34.077,8.70394,8.70583,1.00,1.00
2015.11.11 13:16:42.026,8.70392,8.70583,1.00,1.00
2015.11.11 13:16:42.178,8.70396,8.70583,1.00,1.00
2015.11.11 13:16:42.471,8.70442,8.70645,1.00,1.00
2015.11.11 13:16:42.523,8.70442,8.70656,1.00,1.00
2015.11.11 13:16:43.995,8.70442,8.70645,1.00,1.00
2015.11.11 13:16:44.346,8.70426,8.70625,1.00,1.00
2015.11.11 13:16:45.898,8.70426,8.70607,1.00,1.00
2015.11.11 13:16:45.999,8.7041,8.70607,1.00,1.00
2015.11.11 13:16:46.252,8.70404,8.70593,1.00,1.00
2015.11.11 13:16:50.602,8.7041,8.70625,1.00,1.00
2015.11.11 13:16:54.729,8.70404,8.70592,1.00,1.00
2015.11.11 13:16:58.529,8.70429,8.70592,1.00,1.00
2015.11.11 13:16:58.855,8.70434,8.7065,1.00,1.00
2015.11.11 13:16:59.362,8.70434,8.70636,1.00,1.00
2015.11.11 13:16:59.418,8.70402,8.70617,1.00,1.00
2015.11.11 13:17:03.229,8.70445,8.70617,1.00,1.00
2015.11.11 13:17:03.279,8.70445,8.70645,1.00,1.00
2015.11.11 13:17:05.567,8.70445,8.70612,1.00,1.00
2015.11.11 13:17:05.918,8.70426,8.70612,1.00,1.00
2015.11.11 13:17:05.969,8.70426,8.70607,1.00,1.00
2015.11.11 13:17:06.177,8.70402,8.70607,1.00,1.00
2015.11.11 13:17:06.424,8.70402,8.70612,1.00,1.00
2015.11.11 13:17:12.273,8.70402,8.7058,1.00,1.00
2015.11.11 13:17:12.375,8.70383,8.7058,1.00,1.00
2015.11.11 13:17:13.803,8.70363,8.70547,1.00,1.00
2015.11.11 13:17:13.854,8.70342,8.70547,1.00,1.00
2015.11.11 13:17:15.633,8.70331,8.70547,1.50,1.00
2015.11.11 13:17:15.684,8.70331,8.70498,1.00,1.00
2015.11.11 13:17:16.650,8.70331,8.70531,1.00,1.00
2015.11.11 13:17:17.186,8.70331,8.70498,1.00,1.00
2015.11.11 13:17:17.287,8.70331,8.70518,1.00,1.00
2015.11.11 13:17:17.338,8.70331,8.70531,1.00,1.00
2015.11.11 13:17:19.886,8.70315,8.70531,1.00,1.00
2015.11.11 13:17:19.987,8.70312,8.70498,1.00,1.00
2015.11.11 13:17:22.801,8.70293,8.70498,1.00,1.00
2015.11.11 13:17:32.058,8.70311,8.70527,1.00,1.00
2015.11.11 13:17:32.466,8.70314,8.70527,1.00,1.00
2015.11.11 13:17:32.767,8.70337,8.70527,1.00,1.00
2015.11.11 13:17:32.921,8.70352,8.70568,1.00,1.00
2015.11.11 13:17:35.513,8.70372,8.70568,1.00,1.00
2015.11.11 13:17:35.819,8.70388,8.70603,1.00,1.00
2015.11.11 13:17:36.399,8.70388,8.70604,1.00,1.00
2015.11.11 13:17:36.644,8.70386,8.70569,1.00,1.00
2015.11.11 13:17:37.215,8.70386,8.70601,1.00,1.00
2015.11.11 13:17:38.823,8.70406,8.70601,1.00,1.00
2015.11.11 13:17:42.421,8.7039,8.70601,1.00,1.00
2015.11.11 13:17:44.343,8.7039,8.70593,1.00,1.00
2015.11.11 13:17:44.802,8.7039,8.70573,1.00,1.00
2015.11.11 13:17:45.786,8.7039,8.70543,1.00,1.00
2015.11.11 13:17:49.017,8.70362,8.70543,1.00,1.00
2015.11.11 13:17:54.112,8.70375,8.7059,1.00,1.00
2015.11.11 13:17:54.225,8.70378,8.70591,1.00,1.00
2015.11.11 13:17:54.529,8.70375,8.70583,1.00,1.00
2015.11.11 13:17:57.297,8.70377,8.70591,1.00,1.00
2015.11.11 13:18:02.970,8.70401,8.70591,1.00,1.00
2015.11.11 13:18:03.606,8.70412,8.70627,1.00,1.00
2015.11.11 13:18:04.896,8.70412,8.70626,1.00,1.00
2015.11.11 13:18:05.406,8.70412,8.70627,1.00,1.00
2015.11.11 13:18:08.167,8.70412,8.70617,1.00,1.00
2015.11.11 13:18:08.376,8.70412,8.70627,1.00,1.00
2015.11.11 13:18:14.683,8.70422,8.70627,1.00,1.00
2015.11.11 13:18:14.784,8.70462,8.70676,1.00,1.00
2015.11.11 13:18:18.844,8.70444,8.70629,1.00,1.00
2015.11.11 13:18:19.175,8.70422,8.70629,1.00,1.00
2015.11.11 13:18:19.377,8.70453,8.70629,1.00,1.00
2015.11.11 13:18:19.529,8.7048,8.70686,1.00,1.00
2015.11.11 13:18:19.630,8.70498,8.70686,1.00,1.00
2015.11.11 13:18:21.153,8.7048,8.70686,1.00,1.00
2015.11.11 13:18:21.475,8.70499,8.70706,1.00,1.00
2015.11.11 13:18:21.526,8.70499,8.70711,1.00,1.00
2015.11.11 13:18:21.684,8.70499,8.70713,1.00,1.00
2015.11.11 13:18:23.128,8.70516,8.70713,1.00,1.00
2015.11.11 13:18:23.515,8.70543,8.70755,1.00,1.00
2015.11.11 13:18:25.456,8.70543,8.70725,1.00,1.00
2015.11.11 13:18:26.685,8.70569,8.70725,1.00,1.00
2015.11.11 13:18:27.160,8.7055,8.70725,1.00,1.00
2015.11.11 13:18:28.780,8.70513,8.70725,1.00,1.00
2015.11.11 13:18:28.982,8.70513,8.7069,1.00,1.00
2015.11.11 13:18:29.084,8.70496,8.7069,1.00,1.00
2015.11.11 13:18:37.733,8.70442,8.70614,1.00,1.00
2015.11.11 13:18:41.141,8.70402,8.70575,1.00,1.00
2015.11.11 13:18:41.292,8.70374,8.70575,1.00,1.00
2015.11.11 13:18:41.964,8.70395,8.70575,1.00,1.00
2015.11.11 13:18:46.651,8.70395,8.70594,1.00,1.00
2015.11.11 13:18:46.702,8.70395,8.70603,1.00,1.00
2015.11.11 13:18:47.404,8.70414,8.70603,1.00,1.00
2015.11.11 13:18:48.357,8.70442,8.70651,1.00,1.00
2015.11.11 13:18:48.459,8.7046,8.70651,1.00,1.00
2015.11.11 13:18:53.143,8.7048,8.70651,1.00,1.00
2015.11.11 13:18:59.734,8.7048,8.70671,1.00,1.00
2015.11.11 13:18:59.785,8.7048,8.70686,1.00,1.00
2015.11.11 13:19:05.234,8.70489,8.70686,1.00,1.00
2015.11.11 13:19:05.830,8.70546,8.70686,1.00,1.00
2015.11.11 13:19:05.881,8.70546,8.70743,1.00,1.00
2015.11.11 13:19:07.559,8.70546,8.70696,1.00,1.00
2015.11.11 13:19:07.609,8.70527,8.70696,1.00,1.00
2015.11.11 13:19:07.660,8.70513,8.70696,1.00,1.00
2015.11.11 13:19:07.711,8.70513,8.70676,1.00,1.00
2015.11.11 13:19:07.863,8.70495,8.70676,1.50,1.00
2015.11.11 13:19:08.770,8.70495,8.70667,1.00,1.00
2015.11.11 13:19:09.259,8.70495,8.70682,1.00,1.00
2015.11.11 13:19:12.234,8.70495,8.70657,1.00,1.00
2015.11.11 13:19:12.286,8.70495,8.70677,1.00,1.00
2015.11.11 13:19:13.076,8.70495,8.70682,1.00,1.00
2015.11.11 13:19:13.724,8.70495,8.70677,1.00,1.00
2015.11.11 13:19:13.775,8.70476,8.70677,1.00,1.00
2015.11.11 13:19:13.876,8.70476,8.70657,1.00,1.00
2015.11.11 13:19:14.181,8.70476,8.70649,1.00,1.00
2015.11.11 13:19:20.223,8.70476,8.70677,1.00,1.00
2015.11.11 13:19:21.651,8.70476,8.70667,1.00,1.00
2015.11.11 13:19:22.345,8.70476,8.70657,1.00,1.00
2015.11.11 13:19:22.396,8.70437,8.70637,1.00,1.00
2015.11.11 13:19:23.005,8.70437,8.70638,1.00,1.00
2015.11.11 13:19:25.054,8.70437,8.70627,1.00,1.00
2015.11.11 13:19:25.445,8.70437,8.70617,1.00,1.00
2015.11.11 13:19:25.842,8.7046,8.70637,1.00,1.00
2015.11.11 13:19:26.375,8.7046,8.70638,1.00,1.00
2015.11.11 13:19:26.665,8.70442,8.70638,1.00,1.00
2015.11.11 13:19:27.824,8.70442,8.70627,1.00,1.00
2015.11.11 13:19:28.155,8.70442,8.70617,1.00,1.00
2015.11.11 13:19:28.306,8.70423,8.70617,1.00,1.00
2015.11.11 13:19:28.357,8.70423,8.70636,1.00,1.00
2015.11.11 13:19:29.235,8.70423,8.70637,1.00,1.00
2015.11.11 13:19:29.343,8.70423,8.70627,1.00,1.00
2015.11.11 13:19:29.675,8.70422,8.70605,1.00,1.00
2015.11.11 13:19:42.271,8.70445,8.70605,1.00,1.00
2015.11.11 13:19:42.826,8.70445,8.70625,1.00,1.00
2015.11.11 13:19:42.877,8.70445,8.70639,1.00,1.00
2015.11.11 13:19:43.571,8.7047,8.70639,1.00,1.00
2015.11.11 13:19:43.628,8.7047,8.70658,1.00,1.00
2015.11.11 13:19:43.679,8.7047,8.70671,1.00,1.00
2015.11.11 13:19:45.229,8.7047,8.70667,1.00,1.00
2015.11.11 13:19:49.166,8.7047,8.70671,1.00,1.00
2015.11.11 13:19:53.325,8.7047,8.70667,1.00,1.00
2015.11.11 13:19:53.654,8.7047,8.70671,1.00,1.00
2015.11.11 13:19:57.779,8.70487,8.70671,1.00,1.00
2015.11.11 13:19:57.881,8.70546,8.70749,1.00,1.00
2015.11.11 13:19:57.932,8.70546,8.70732,1.00,1.00
2015.11.11 13:19:58.264,8.70513,8.70712,1.00,1.00
2015.11.11 13:19:58.768,8.70496,8.70712,1.00,1.00
2015.11.11 13:19:58.819,8.70496,8.707,1.00,1.00
2015.11.11 13:19:59.149,8.70485,8.7068,1.00,1.00
2015.11.11 13:20:00.369,8.70508,8.7068,1.00,1.00
2015.11.11 13:20:00.797,8.70528,8.70716,1.00,1.00
2015.11.11 13:20:02.320,8.70505,8.70684,1.00,1.00
2015.11.11 13:20:03.027,8.70505,8.70671,1.00,1.00
2015.11.11 13:20:03.568,8.70485,8.70651,1.00,1.00
2015.11.11 13:20:07.496,8.7046,8.70651,1.00,1.00
2015.11.11 13:20:09.162,8.70436,8.70651,1.50,1.00
2015.11.11 13:20:09.314,8.70436,8.70619,1.00,1.00
2015.11.11 13:20:09.887,8.70419,8.70619,1.00,1.00
2015.11.11 13:20:12.227,8.70419,8.70584,1.00,1.00
2015.11.11 13:20:16.625,8.70397,8.70584,1.00,1.00
2015.11.11 13:20:16.944,8.70376,8.70584,1.00,1.00
2015.11.11 13:20:34.844,8.70376,8.70575,1.00,1.00
2015.11.11 13:20:40.371,8.70376,8.70544,1.00,1.00
2015.11.11 13:20:40.822,8.70376,8.70564,1.00,1.00
2015.11.11 13:20:40.873,8.70376,8.70582,1.00,1.00
2015.11.11 13:20:56.614,8.70376,8.70578,1.00,1.00
2015.11.11 13:20:57.201,8.70362,8.70567,1.00,1.00
2015.11.11 13:20:57.726,8.70362,8.70578,1.00,1.00
2015.11.11 13:20:59.223,8.70362,8.70565,1.00,1.00
2015.11.11 13:20:59.375,8.70334,8.70545,1.00,1.00
2015.11.11 13:21:00.904,8.70334,8.70531,1.00,1.00
2015.11.11 13:21:01.237,8.70334,8.70511,1.00,1.00
2015.11.11 13:21:02.664,8.70311,8.70511,1.00,1.00
2015.11.11 13:21:03.176,8.70311,8.70507,1.00,1.00
2015.11.11 13:21:03.789,8.70311,8.70511,1.00,1.00
2015.11.11 13:21:04.155,8.70311,8.70507,1.00,1.00
2015.11.11 13:21:04.206,8.70295,8.70507,1.00,1.00
2015.11.11 13:21:04.307,8.70291,8.70475,1.00,1.00
2015.11.11 13:21:07.405,8.70262,8.70475,1.00,1.00
2015.11.11 13:21:12.906,8.70262,8.70465,1.00,1.00
2015.11.11 13:21:13.535,8.70241,8.70443,1.00,1.00
2015.11.11 13:21:14.434,8.70227,8.70443,1.00,1.00
2015.11.11 13:21:14.485,8.70227,8.70431,1.00,1.00
2015.11.11 13:21:14.845,8.70218,8.7041,1.00,1.00
2015.11.11 13:21:17.186,8.70195,8.70397,1.00,1.00
2015.11.11 13:21:17.237,8.70195,8.7038,1.00,1.00
2015.11.11 13:21:17.338,8.70155,8.7037,1.00,1.00
2015.11.11 13:21:17.726,8.70155,8.70364,1.00,1.00
2015.11.11 13:21:18.775,8.70154,8.70363,1.00,1.00
2015.11.11 13:21:18.876,8.70121,8.70337,1.00,1.50
2015.11.11 13:21:19.196,8.70115,8.70304,1.00,1.00
2015.11.11 13:21:19.247,8.70097,8.70304,1.00,1.00
2015.11.11 13:21:21.647,8.70097,8.70276,1.00,1.00
2015.11.11 13:21:22.117,8.70075,8.70276,1.00,1.00
2015.11.11 13:21:22.269,8.70062,8.70276,1.00,1.00
2015.11.11 13:21:22.640,8.70062,8.7027,1.00,1.00
2015.11.11 13:21:22.742,8.70031,8.70247,1.00,1.00
2015.11.11 13:21:22.843,8.70031,8.7024,1.00,1.00
2015.11.11 13:21:23.166,8.70009,8.70206,1.00,1.00
2015.11.11 13:21:24.338,8.6998,8.7019,1.00,1.00
2015.11.11 13:21:28.390,8.69944,8.70141,1.00,1.00
2015.11.11 13:21:30.024,8.69924,8.70141,1.00,1.00
2015.11.11 13:21:30.394,8.69924,8.70137,1.00,1.00
2015.11.11 13:21:30.783,8.69924,8.70141,1.00,1.00
2015.11.11 13:21:31.382,8.69924,8.70109,1.00,1.00
2015.11.11 13:21:31.836,8.69902,8.70109,1.00,1.00
2015.11.11 13:21:32.106,8.69902,8.70107,1.00,1.00
2015.11.11 13:21:32.684,8.69902,8.70108,1.00,1.00
2015.11.11 13:21:32.938,8.69862,8.70075,1.00,1.00
2015.11.11 13:21:32.990,8.69862,8.70043,1.00,1.00
2015.11.11 13:21:35.578,8.69862,8.70081,1.00,1.00
2015.11.11 13:21:35.783,8.69862,8.70072,1.00,1.00
2015.11.11 13:21:36.087,8.69862,8.70046,1.00,1.00
2015.11.11 13:21:37.180,8.6984,8.70046,1.00,1.00
2015.11.11 13:21:37.281,8.69821,8.70037,1.00,1.00
2015.11.11 13:21:37.331,8.69821,8.70016,1.00,1.00
2015.11.11 13:21:37.483,8.69802,8.70016,1.00,1.00
2015.11.11 13:21:37.585,8.69784,8.70013,1.50,1.00
2015.11.11 13:21:37.636,8.69784,8.69975,1.00,1.00
2015.11.11 13:21:38.308,8.69794,8.69975,1.00,1.00
2015.11.11 13:21:38.359,8.69807,8.70006,1.00,1.00
2015.11.11 13:21:38.496,8.69811,8.70026,1.00,1.00
2015.11.11 13:21:38.548,8.69826,8.70026,1.00,1.00
2015.11.11 13:21:38.599,8.69826,8.70038,1.00,1.00
2015.11.11 13:21:38.726,8.69811,8.70038,1.00,1.00
2015.11.11 13:21:38.783,8.69841,8.70038,1.00,1.00
2015.11.11 13:21:38.935,8.69848,8.70058,1.00,1.00
2015.11.11 13:21:38.986,8.69848,8.70078,1.00,1.00
2015.11.11 13:21:39.363,8.69856,8.70078,1.00,1.00
2015.11.11 13:21:39.732,8.69848,8.70078,1.00,1.00
2015.11.11 13:21:39.905,8.69866,8.70078,1.00,1.00
2015.11.11 13:21:40.609,8.69885,8.70099,1.00,1.00
2015.11.11 13:21:43.458,8.69885,8.70079,1.00,1.00
2015.11.11 13:21:43.510,8.69856,8.70058,1.00,1.00
2015.11.11 13:21:43.578,8.69849,8.70058,1.00,1.00
2015.11.11 13:21:44.864,8.69866,8.70058,1.00,1.00
2015.11.11 13:21:45.540,8.69876,8.70092,1.00,1.00
2015.11.11 13:21:48.317,8.69876,8.70084,1.00,1.00
2015.11.11 13:21:48.656,8.69872,8.70064,1.00,1.00
2015.11.11 13:21:50.359,8.69863,8.70064,1.00,1.00
2015.11.11 13:21:51.130,8.69867,8.70064,1.00,1.00
2015.11.11 13:21:57.773,8.69883,8.70064,1.00,1.00
2015.11.11 13:21:57.975,8.69903,8.70105,1.00,1.00
2015.11.11 13:21:58.571,8.6996,8.70153,1.00,1.00
2015.11.11 13:21:59.928,8.69938,8.70108,1.00,1.00
2015.11.11 13:22:00.131,8.69901,8.70087,1.00,1.00
2015.11.11 13:22:00.232,8.69883,8.70077,1.00,1.00
2015.11.11 13:22:00.283,8.69874,8.70077,1.00,1.00
2015.11.11 13:22:00.333,8.69874,8.70065,1.00,1.00
2015.11.11 13:22:00.643,8.69859,8.70045,1.00,1.00
2015.11.11 13:22:02.088,8.69836,8.70045,1.00,1.00
2015.11.11 13:22:02.241,8.69836,8.70013,1.00,1.00
2015.11.11 13:22:03.176,8.69814,8.7001,1.00,1.00
2015.11.11 13:22:03.277,8.69814,8.69972,1.00,1.00
2015.11.11 13:22:03.332,8.69788,8.69972,1.00,1.00
2015.11.11 13:22:07.238,8.69789,8.70005,1.00,1.00
2015.11.11 13:22:10.023,8.69789,8.70003,1.00,1.00
2015.11.11 13:22:10.370,8.69769,8.69948,1.00,1.00
2015.11.11 13:22:10.771,8.69771,8.69952,1.00,1.00
2015.11.11 13:22:10.822,8.69778,8.6998,1.00,1.00
2015.11.11 13:22:10.881,8.69783,8.6998,1.00,1.00
2015.11.11 13:22:11.202,8.69797,8.70002,1.00,1.00
2015.11.11 13:22:11.633,8.69797,8.69987,1.00,1.00
2015.11.11 13:22:11.684,8.69755,8.69948,1.00,1.00
2015.11.11 13:22:11.785,8.69749,8.69948,1.00,1.00
2015.11.11 13:22:12.368,8.69749,8.69937,1.00,1.00
2015.11.11 13:22:12.420,8.69732,8.69937,1.00,1.00
2015.11.11 13:22:12.470,8.69728,8.69898,1.00,1.00
2015.11.11 13:22:12.521,8.6969,8.69897,1.00,1.00
2015.11.11 13:22:12.572,8.69682,8.69896,1.00,1.00
2015.11.11 13:22:12.673,8.69674,8.69861,1.69,1.00
2015.11.11 13:22:13.230,8.69646,8.69854,1.00,1.00
2015.11.11 13:22:13.281,8.69646,8.69849,1.00,1.00
2015.11.11 13:22:13.584,8.69582,8.69756,1.00,1.00
2015.11.11 13:22:13.634,8.69545,8.69756,1.00,1.00
2015.11.11 13:22:13.685,8.69545,8.69713,1.00,1.00
2015.11.11 13:22:13.945,8.6954,8.69753,1.00,1.00
2015.11.11 13:22:14.549,8.69524,8.69722,1.00,1.00
2015.11.11 13:22:17.166,8.69503,8.69687,1.00,1.00
2015.11.11 13:22:17.223,8.69439,8.69644,1.00,1.00
2015.11.11 13:22:17.383,8.69445,8.69664,1.00,1.00
2015.11.11 13:22:17.434,8.69448,8.69676,1.00,1.00
2015.11.11 13:22:17.537,8.69463,8.69676,1.00,1.00
2015.11.11 13:22:17.993,8.69453,8.69676,1.00,1.00
2015.11.11 13:22:18.084,8.69448,8.69676,1.00,1.00
2015.11.11 13:22:18.135,8.69445,8.69676,1.00,1.00
2015.11.11 13:22:18.413,8.69445,8.69664,1.00,1.00
2015.11.11 13:22:18.464,8.69415,8.69644,1.00,1.00
2015.11.11 13:22:18.615,8.69422,8.69644,1.00,1.00
2015.11.11 13:22:18.918,8.69463,8.69664,1.00,1.00
2015.11.11 13:22:18.968,8.69453,8.69675,1.00,1.00
2015.11.11 13:22:19.301,8.69446,8.69675,1.50,1.00
2015.11.11 13:22:19.841,8.69453,8.69675,1.00,1.00
2015.11.11 13:22:20.153,8.69388,8.69617,1.00,1.00
2015.11.11 13:22:20.204,8.69388,8.6962,1.00,1.00
2015.11.11 13:22:20.307,8.69393,8.6962,1.00,1.00
2015.11.11 13:22:20.407,8.69388,8.6962,1.00,1.00
2015.11.11 13:22:20.876,8.69388,8.69617,1.00,1.00
2015.11.11 13:22:21.178,8.69371,8.69567,1.00,1.00
2015.11.11 13:22:21.229,8.6932,8.69535,1.00,1.00
2015.11.11 13:22:22.568,8.69333,8.69535,1.00,1.00
2015.11.11 13:22:22.770,8.69383,8.69593,1.00,1.00
2015.11.11 13:22:23.390,8.69379,8.69593,1.00,1.00
2015.11.11 13:22:25.574,8.6939,8.69593,1.00,1.00
2015.11.11 13:22:26.657,8.69407,8.69593,1.00,1.00
2015.11.11 13:22:26.859,8.69433,8.69621,1.00,1.00
2015.11.11 13:22:26.910,8.69438,8.69641,1.00,1.00
2015.11.11 13:22:27.011,8.69438,8.69653,1.00,1.00
2015.11.11 13:22:27.713,8.69438,8.69647,1.00,1.00
2015.11.11 13:22:28.238,8.69443,8.69653,1.00,1.00
2015.11.11 13:22:28.339,8.69438,8.69653,1.00,1.00
2015.11.11 13:22:28.390,8.69463,8.69653,1.00,1.00
2015.11.11 13:22:28.904,8.69454,8.69653,1.00,1.00
2015.11.11 13:22:29.005,8.69438,8.69653,1.50,1.00
2015.11.11 13:22:29.112,8.69438,8.69647,1.50,1.00
2015.11.11 13:22:29.314,8.69438,8.69653,1.00,1.00
2015.11.11 13:22:29.617,8.69447,8.69653,1.00,1.00
2015.11.11 13:22:30.231,8.69443,8.69653,1.00,1.00
2015.11.11 13:22:30.282,8.69438,8.69653,1.00,1.00
2015.11.11 13:22:30.333,8.69438,8.69647,1.00,1.00
2015.11.11 13:22:30.434,8.69438,8.69653,1.00,1.00
2015.11.11 13:22:30.632,8.69438,8.69647,1.00,1.00
2015.11.11 13:22:30.767,8.69438,8.69653,1.00,1.00
2015.11.11 13:22:30.951,8.69441,8.69653,1.00,1.00
2015.11.11 13:22:31.427,8.69445,8.69653,1.00,1.00
2015.11.11 13:22:31.974,8.69446,8.69653,1.00,1.00
2015.11.11 13:22:32.811,8.69438,8.69653,1.50,1.00
2015.11.11 13:22:32.966,8.69438,8.69621,1.00,1.00
2015.11.11 13:22:33.017,8.6943,8.69621,1.00,1.00
2015.11.11 13:22:33.253,8.69419,8.69621,1.00,1.00
2015.11.11 13:22:33.663,8.69419,8.69588,1.00,1.00
2015.11.11 13:22:33.714,8.69403,8.69588,1.00,1.00
2015.11.11 13:22:34.290,8.69393,8.69588,1.00,1.00
2015.11.11 13:22:34.443,8.69391,8.69588,1.00,1.00
2015.11.11 13:22:34.494,8.69373,8.69587,1.00,1.00
2015.11.11 13:22:34.545,8.6937,8.69548,1.00,1.00
2015.11.11 13:22:34.646,8.6937,8.69567,1.00,1.00
2015.11.11 13:22:34.697,8.6937,8.69576,1.00,1.00
2015.11.11 13:22:36.092,8.69374,8.69576,1.00,1.00
2015.11.11 13:22:36.613,8.6937,8.69576,1.00,1.00
2015.11.11 13:22:36.714,8.69361,8.69576,1.00,1.00
2015.11.11 13:22:40.807,8.69363,8.69576,1.00,1.00
2015.11.11 13:22:41.160,8.69361,8.69576,1.00,1.00
2015.11.11 13:22:41.692,8.6938,8.69576,1.00,1.00
2015.11.11 13:22:41.844,8.69428,8.69643,1.00,1.00
2015.11.11 13:22:42.723,8.69428,8.69626,1.00,1.00
2015.11.11 13:22:42.774,8.69408,8.69611,1.00,1.00
2015.11.11 13:22:42.875,8.69403,8.69611,1.00,1.00
2015.11.11 13:22:43.612,8.69396,8.69611,1.00,1.00
2015.11.11 13:22:44.173,8.69402,8.69611,1.00,1.00
2015.11.11 13:22:45.744,8.69419,8.69611,1.00,1.00
2015.11.11 13:22:46.188,8.69428,8.69631,1.00,1.00
2015.11.11 13:22:46.240,8.69441,8.69643,1.00,1.00
2015.11.11 13:22:46.341,8.69468,8.69677,1.00,1.00
2015.11.11 13:22:46.392,8.69468,8.69684,1.00,1.00
2015.11.11 13:22:46.811,8.69468,8.69677,1.00,1.00
2015.11.11 13:22:47.782,8.69468,8.69684,1.00,1.00
2015.11.11 13:22:48.821,8.6947,8.69684,1.00,1.00
2015.11.11 13:22:49.187,8.69501,8.69704,1.50,1.00
2015.11.11 13:22:49.238,8.69501,8.69716,1.50,1.00
2015.11.11 13:22:49.290,8.69532,8.69716,1.00,1.00
2015.11.11 13:22:49.543,8.69549,8.69757,1.00,1.00
2015.11.11 13:22:49.594,8.69549,8.6976,1.00,1.00
2015.11.11 13:22:50.418,8.69532,8.6973,1.00,1.00
2015.11.11 13:22:52.243,8.69529,8.6973,1.00,1.00
2015.11.11 13:22:53.752,8.69529,8.69698,1.00,1.00
2015.11.11 13:22:57.324,8.69508,8.69698,1.00,1.00
2015.11.11 13:22:57.632,8.6951,8.69725,1.00,1.00
2015.11.11 13:22:59.083,8.69537,8.69725,1.00,1.00
2015.11.11 13:22:59.336,8.69552,8.69757,1.00,1.00
2015.11.11 13:22:59.488,8.69552,8.69766,1.00,1.00
2015.11.11 13:23:00.731,8.69587,8.69786,1.00,1.00
2015.11.11 13:23:00.782,8.69587,8.69801,1.00,1.00
2015.11.11 13:23:00.884,8.69587,8.69796,1.00,1.00
2015.11.11 13:23:01.232,8.69598,8.69796,1.00,1.00
2015.11.11 13:23:01.333,8.69598,8.69801,1.00,1.00
2015.11.11 13:23:01.654,8.69598,8.69787,1.00,1.00
2015.11.11 13:23:01.755,8.69598,8.69801,1.00,1.00
2015.11.11 13:23:01.907,8.69598,8.69777,1.00,1.00
2015.11.11 13:23:02.314,8.69598,8.69801,1.00,1.00
2015.11.11 13:23:03.059,8.69598,8.69797,1.00,1.00
2015.11.11 13:23:03.374,8.69598,8.69773,1.00,1.00
2015.11.11 13:23:03.672,8.69579,8.69773,1.00,1.00
2015.11.11 13:23:04.743,8.69599,8.69773,1.00,1.00
2015.11.11 13:23:04.844,8.69606,8.69793,1.00,1.00
2015.11.11 13:23:04.895,8.69606,8.69813,1.00,1.00
2015.11.11 13:23:04.946,8.69612,8.69813,1.00,1.00
2015.11.11 13:23:05.249,8.69638,8.69813,1.00,1.00
2015.11.11 13:23:05.969,8.69652,8.69813,1.00,1.00
2015.11.11 13:23:07.017,8.6963,8.69813,1.00,1.00
2015.11.11 13:23:09.922,8.69644,8.69813,1.00,1.00
2015.11.11 13:23:10.978,8.69665,8.69846,1.00,1.00
2015.11.11 13:23:11.079,8.69665,8.69866,1.00,1.00
2015.11.11 13:23:11.180,8.69665,8.69879,1.00,1.00
2015.11.11 13:23:11.685,8.69665,8.69877,1.00,1.00
2015.11.11 13:23:13.968,8.69665,8.69846,1.00,1.00
2015.11.11 13:23:22.462,8.69642,8.69846,1.00,1.00
2015.11.11 13:23:31.319,8.69645,8.6986,1.00,1.00
2015.11.11 13:23:32.600,8.69647,8.6986,1.00,1.00
2015.11.11 13:23:41.380,8.69647,8.69857,1.00,1.00
2015.11.11 13:23:41.835,8.69647,8.6986,1.00,1.00
2015.11.11 13:23:46.472,8.69647,8.69839,1.00,1.00
2015.11.11 13:23:49.071,8.69642,8.69839,1.00,1.00
2015.11.11 13:23:50.641,8.69641,8.69839,1.00,1.00
2015.11.11 13:23:59.981,8.69641,8.69837,1.00,1.00
2015.11.11 13:24:00.284,8.69623,8.69797,1.00,1.00
2015.11.11 13:24:00.491,8.69623,8.69801,1.00,1.00
2015.11.11 13:24:01.267,8.69642,8.69801,1.00,1.00
2015.11.11 13:24:10.050,8.69642,8.69834,1.00,1.00
2015.11.11 13:24:19.337,8.69646,8.69834,1.00,1.00
2015.11.11 13:24:19.843,8.69664,8.69834,1.00,1.00
2015.11.11 13:24:20.410,8.69668,8.69834,1.00,1.00
2015.11.11 13:24:20.953,8.69685,8.69895,1.00,1.00
2015.11.11 13:24:21.083,8.69685,8.699,1.00,1.00
2015.11.11 13:24:31.028,8.69701,8.699,1.00,1.00
2015.11.11 13:24:37.269,8.69701,8.69898,1.00,1.00
2015.11.11 13:24:45.719,8.69683,8.69887,1.00,1.00
2015.11.11 13:24:45.770,8.69683,8.69869,1.00,1.00
2015.11.11 13:24:46.368,8.69683,8.69866,1.00,1.00
2015.11.11 13:24:46.419,8.6966,8.69866,1.00,1.00
2015.11.11 13:24:50.439,8.6966,8.69812,1.00,1.00
2015.11.11 13:24:51.182,8.6966,8.69845,1.00,1.00
2015.11.11 13:24:51.334,8.6966,8.69832,1.00,1.00
2015.11.11 13:24:51.914,8.6966,8.69812,1.00,1.00
2015.11.11 13:24:58.385,8.69681,8.69812,1.00,1.00
2015.11.11 13:24:58.436,8.69681,8.69837,1.00,1.00
2015.11.11 13:24:58.487,8.69681,8.69845,1.00,1.00
2015.11.11 13:24:58.588,8.69681,8.69885,1.00,1.00
2015.11.11 13:24:58.641,8.697,8.69885,1.00,1.00
2015.11.11 13:25:21.569,8.6968,8.69849,1.00,1.00
2015.11.11 13:25:21.703,8.69658,8.69849,1.00,1.00
2015.11.11 13:25:21.901,8.69658,8.69814,1.00,1.00
2015.11.11 13:25:22.209,8.69638,8.69814,1.00,1.00
2015.11.11 13:25:22.367,8.69638,8.69776,1.00,1.00
2015.11.11 13:25:23.663,8.69617,8.69776,1.00,1.00
2015.11.11 13:25:24.445,8.69599,8.69776,1.00,1.00
2015.11.11 13:25:36.688,8.69621,8.69776,1.00,1.00
2015.11.11 13:25:36.840,8.69621,8.69817,1.00,1.00
2015.11.11 13:25:37.480,8.69684,8.69842,1.00,1.00
2015.11.11 13:25:38.201,8.69684,8.69827,1.00,1.00
2015.11.11 13:25:38.252,8.69632,8.69827,1.00,1.00
2015.11.11 13:25:38.584,8.69632,8.69777,1.00,1.00
2015.11.11 13:25:38.643,8.69632,8.69809,1.00,1.00
2015.11.11 13:25:50.871,8.69632,8.69798,1.00,1.00
2015.11.11 13:25:51.174,8.69613,8.69778,1.00,1.00
2015.11.11 13:25:53.741,8.6959,8.69778,1.00,1.00
2015.11.11 13:25:55.194,8.69611,8.69778,1.00,1.00
2015.11.11 13:25:55.803,8.6963,8.69778,1.00,1.00
2015.11.11 13:26:00.803,8.69608,8.69778,1.00,1.00
2015.11.11 13:26:00.954,8.69608,8.69746,1.00,1.00
2015.11.11 13:26:02.896,8.69608,8.69779,1.00,1.00
2015.11.11 13:26:10.797,8.69635,8.69779,1.00,1.00
2015.11.11 13:26:13.821,8.69657,8.69815,1.00,1.00
2015.11.11 13:26:13.929,8.69661,8.69815,1.00,1.00
2015.11.11 13:26:14.030,8.69661,8.69851,1.00,1.00
2015.11.11 13:26:14.184,8.69686,8.69851,1.00,1.00
2015.11.11 13:26:21.861,8.69668,8.69851,1.00,1.00
2015.11.11 13:26:27.023,8.69668,8.69847,1.00,1.00
2015.11.11 13:26:28.564,8.69668,8.69851,1.00,1.00
2015.11.11 13:26:32.056,8.69668,8.69827,1.00,1.00
2015.11.11 13:26:33.613,8.69668,8.6986,1.00,1.00
2015.11.11 13:26:34.922,8.69668,8.69846,1.00,1.00
2015.11.11 13:26:35.749,8.69668,8.69826,1.00,1.00
2015.11.11 13:26:37.579,8.69668,8.69858,1.00,1.00
2015.11.11 13:26:49.861,8.69668,8.69823,1.00,1.00
2015.11.11 13:27:11.430,8.69668,8.69809,1.00,1.00
2015.11.11 13:27:11.760,8.69643,8.69809,1.00,1.00
2015.11.11 13:27:15.827,8.69643,8.69829,1.00,1.00
2015.11.11 13:27:15.929,8.69643,8.6984,1.00,1.00
2015.11.11 13:27:16.030,8.69662,8.6984,1.00,1.00
2015.11.11 13:27:20.382,8.69637,8.6984,1.00,1.00
2015.11.11 13:27:21.465,8.69663,8.6984,1.00,1.00
2015.11.11 13:27:40.246,8.69663,8.69856,1.00,1.00
2015.11.11 13:27:41.279,8.69683,8.69856,1.00,1.00
2015.11.11 13:27:41.605,8.69698,8.69856,1.00,1.00
2015.11.11 13:27:41.909,8.6973,8.69885,1.00,1.00
2015.11.11 13:27:42.535,8.69763,8.69905,1.00,1.00
2015.11.11 13:27:43.027,8.69784,8.69906,1.00,1.00
2015.11.11 13:27:45.764,8.69784,8.69939,1.00,1.00
2015.11.11 13:27:50.276,8.69785,8.69906,1.00,1.00
2015.11.11 13:27:50.327,8.69761,8.69906,1.00,1.00
2015.11.11 13:27:50.775,8.69761,8.69902,1.00,1.00
2015.11.11 13:27:52.057,8.69759,8.69902,1.00,1.00
2015.11.11 13:27:52.108,8.69759,8.69906,1.00,1.00
2015.11.11 13:27:52.259,8.69759,8.69926,1.00,1.00
2015.11.11 13:27:52.310,8.69759,8.69936,1.00,1.00
2015.11.11 13:27:52.482,8.69759,8.69939,1.00,1.00
2015.11.11 13:27:52.706,8.69771,8.69939,1.00,1.00
2015.11.11 13:27:57.037,8.69761,8.69939,1.00,1.00
2015.11.11 13:27:57.195,8.69761,8.69924,1.00,1.00
2015.11.11 13:27:57.367,8.69761,8.69937,1.00,1.00
2015.11.11 13:27:57.759,8.69761,8.69939,1.00,1.50
2015.11.11 13:27:58.952,8.69761,8.69906,1.00,1.00
2015.11.11 13:28:20.206,8.69761,8.69902,1.00,1.00
2015.11.11 13:28:29.358,8.69736,8.69902,1.00,1.00
2015.11.11 13:28:30.807,8.69755,8.69902,1.00,1.00
2015.11.11 13:28:31.149,8.69755,8.69923,1.00,1.00
2015.11.11 13:28:31.200,8.69755,8.69936,1.00,1.00
2015.11.11 13:28:31.631,8.69767,8.69936,1.00,1.00
2015.11.11 13:28:40.629,8.69784,8.69936,1.00,1.00
2015.11.11 13:28:46.950,8.69774,8.69936,1.00,1.00
2015.11.11 13:28:51.108,8.69785,8.69953,1.00,1.00
2015.11.11 13:28:51.546,8.69777,8.69953,1.00,1.00
2015.11.11 13:28:54.458,8.69777,8.69948,1.00,1.00
2015.11.11 13:28:55.411,8.69796,8.69953,1.00,1.00
2015.11.11 13:28:55.727,8.69808,8.69953,1.00,1.00
2015.11.11 13:28:56.070,8.69825,8.69953,1.00,1.00
2015.11.11 13:28:56.980,8.698,8.69953,1.00,1.00
2015.11.11 13:28:59.077,8.69801,8.69953,1.00,1.00
2015.11.11 13:28:59.237,8.6978,8.69953,1.00,1.00
2015.11.11 13:29:00.736,8.69777,8.69924,1.00,1.00
2015.11.11 13:29:00.889,8.69751,8.69905,1.00,1.00
2015.11.11 13:29:01.048,8.69742,8.69905,1.00,1.00
2015.11.11 13:29:01.434,8.69761,8.69905,1.00,1.00
2015.11.11 13:29:01.656,8.69735,8.69905,1.00,1.00
2015.11.11 13:29:01.764,8.69735,8.699,1.00,1.00
2015.11.11 13:29:06.006,8.69735,8.69905,1.00,1.00
2015.11.11 13:29:08.760,8.69735,8.699,1.00,1.00
2015.11.11 13:29:08.862,8.69731,8.699,1.00,1.00
2015.11.11 13:29:09.013,8.69717,8.69865,1.00,1.00
2015.11.11 13:29:09.216,8.69693,8.69851,1.00,1.00
2015.11.11 13:29:09.316,8.69682,8.69851,1.00,1.00
2015.11.11 13:29:09.953,8.69695,8.69851,1.00,1.00
2015.11.11 13:29:10.106,8.69695,8.69865,1.00,1.00
2015.11.11 13:29:10.208,8.69695,8.6986,1.00,1.00
2015.11.11 13:29:10.638,8.69684,8.69865,1.00,1.00
2015.11.11 13:29:11.371,8.69695,8.69865,1.00,1.00
2015.11.11 13:29:13.432,8.69681,8.69865,1.00,1.00
2015.11.11 13:29:14.828,8.69681,8.69853,1.00,1.00
2015.11.11 13:29:16.936,8.69681,8.69861,1.00,1.00
2015.11.11 13:29:24.007,8.69673,8.69861,1.00,1.00
2015.11.11 13:29:26.905,8.69673,8.69865,1.00,1.00
2015.11.11 13:29:28.929,8.69673,8.69862,1.00,1.00
2015.11.11 13:29:30.435,8.69682,8.69862,1.00,1.00
2015.11.11 13:29:31.111,8.69688,8.69862,1.00,1.00
2015.11.11 13:29:31.823,8.69756,8.69902,1.00,1.00
2015.11.11 13:29:31.876,8.69756,8.6991,1.00,1.00
2015.11.11 13:29:32.405,8.69756,8.69911,1.00,1.00
2015.11.11 13:29:33.332,8.69746,8.69911,1.00,1.00
2015.11.11 13:29:54.178,8.6975,8.69911,1.00,1.00
2015.11.11 13:29:54.289,8.6975,8.69913,1.00,1.00
2015.11.11 13:29:54.550,8.69738,8.69913,1.00,1.00
2015.11.11 13:29:54.625,8.69738,8.69897,1.00,1.00
2015.11.11 13:29:56.935,8.69738,8.69905,1.00,1.00
2015.11.11 13:29:58.556,8.69726,8.69905,1.00,1.00
2015.11.11 13:29:58.607,8.69726,8.69889,1.00,1.00
2015.11.11 13:29:58.968,8.69726,8.69877,1.00,1.00
2015.11.11 13:29:59.025,8.69691,8.69871,1.00,1.00
2015.11.11 13:29:59.340,8.69698,8.69871,1.00,1.00
2015.11.11 13:30:01.016,8.69691,8.69869,1.00,1.00
2015.11.11 13:30:01.218,8.69677,8.69869,1.00,1.00
2015.11.11 13:30:02.120,8.69677,8.69882,1.00,1.00
2015.11.11 13:30:02.423,8.6969,8.69882,1.00,1.00
2015.11.11 13:30:02.771,8.69713,8.69882,1.00,1.00
2015.11.11 13:30:03.024,8.69688,8.69882,1.00,1.00
2015.11.11 13:30:05.829,8.69702,8.69869,1.00,1.00
2015.11.11 13:30:07.936,8.69702,8.69885,1.00,1.00
2015.11.11 13:30:13.918,8.69702,8.69893,1.00,1.00
2015.11.11 13:30:14.019,8.69713,8.69893,1.00,1.00
2015.11.11 13:30:16.117,8.69702,8.69893,1.00,1.00
2015.11.11 13:30:17.034,8.69702,8.69877,1.00,1.00
2015.11.11 13:30:19.858,8.69702,8.69885,1.00,1.00
2015.11.11 13:30:22.076,8.69693,8.69885,1.00,1.00
2015.11.11 13:30:25.207,8.69693,8.69877,1.00,1.00
2015.11.11 13:30:25.839,8.69687,8.69877,1.00,1.00
2015.11.11 13:30:25.890,8.69671,8.69852,1.00,1.00
2015.11.11 13:30:25.940,8.69653,8.69852,1.00,1.00
2015.11.11 13:30:26.271,8.69653,8.6982,1.00,1.00
2015.11.11 13:30:26.323,8.69642,8.6982,1.00,1.00
2015.11.11 13:30:26.432,8.69632,8.6982,1.00,1.00
2015.11.11 13:30:26.606,8.69622,8.6982,1.00,1.00
2015.11.11 13:30:26.976,8.69622,8.69804,1.00,1.00
2015.11.11 13:30:29.473,8.69614,8.69804,1.00,1.00
2015.11.11 13:30:29.523,8.69614,8.69796,1.00,1.00
2015.11.11 13:30:29.675,8.69573,8.69763,1.00,1.00
2015.11.11 13:30:29.726,8.69573,8.69755,1.00,1.00
2015.11.11 13:30:29.879,8.69564,8.69747,1.00,1.00
2015.11.11 13:30:30.155,8.69545,8.69747,1.00,1.00
2015.11.11 13:30:30.206,8.69545,8.69731,1.00,1.00
2015.11.11 13:30:30.696,8.69545,8.69715,1.00,1.00
2015.11.11 13:30:30.747,8.69542,8.69715,1.00,1.00
2015.11.11 13:30:30.893,8.69525,8.69715,1.00,1.00
2015.11.11 13:30:31.190,8.69508,8.69691,1.00,1.00
2015.11.11 13:30:31.393,8.69476,8.69667,1.00,1.00
2015.11.11 13:30:31.991,8.69501,8.69667,1.00,1.00
2015.11.11 13:30:32.255,8.69485,8.69667,1.00,1.00
2015.11.11 13:30:32.468,8.69485,8.69658,1.00,1.00
2015.11.11 13:30:32.923,8.69475,8.69658,1.00,1.00
2015.11.11 13:30:33.604,8.6946,8.69626,1.00,1.00
2015.11.11 13:30:33.806,8.69454,8.69635,1.00,1.00
2015.11.11 13:30:34.149,8.69438,8.69635,1.00,1.00
2015.11.11 13:30:35.179,8.6945,8.69635,1.00,1.00
2015.11.11 13:30:35.483,8.69475,8.69666,1.00,1.00
2015.11.11 13:30:39.055,8.69464,8.69658,1.00,1.00
2015.11.11 13:30:39.176,8.69464,8.69642,1.00,1.00
2015.11.11 13:30:40.618,8.69435,8.69625,1.00,1.00
2015.11.11 13:30:41.236,8.69435,8.69626,1.00,1.00
2015.11.11 13:30:41.507,8.69435,8.6961,1.00,1.00
2015.11.11 13:30:41.586,8.69424,8.6961,1.00,1.00
2015.11.11 13:30:42.417,8.69424,8.69628,1.00,1.00
2015.11.11 13:30:42.467,8.69438,8.69628,1.00,1.00
2015.11.11 13:30:42.769,8.69438,8.69618,1.00,1.00
2015.11.11 13:30:42.918,8.69435,8.69618,1.00,1.00
2015.11.11 13:30:43.756,8.69426,8.69618,1.00,1.00
2015.11.11 13:30:43.811,8.69421,8.69601,1.00,1.00
2015.11.11 13:30:44.012,8.69395,8.69577,1.00,1.00
2015.11.11 13:30:44.164,8.69376,8.69577,1.50,1.00
2015.11.11 13:30:44.386,8.69376,8.69553,1.00,1.00
2015.11.11 13:30:44.436,8.69372,8.69553,1.00,1.00
2015.11.11 13:30:45.145,8.69372,8.69539,1.00,1.00
2015.11.11 13:30:45.196,8.69355,8.69537,1.00,1.00
2015.11.11 13:30:45.743,8.69332,8.69537,1.00,1.00
2015.11.11 13:30:46.294,8.69332,8.69503,1.00,1.00
2015.11.11 13:30:47.429,8.69332,8.695,1.00,1.00
2015.11.11 13:30:47.479,8.69311,8.695,1.00,1.00
2015.11.11 13:30:47.580,8.69296,8.695,1.00,1.00
2015.11.11 13:30:47.682,8.69296,8.69484,1.00,1.00
2015.11.11 13:30:48.228,8.69291,8.6947,1.00,1.00
2015.11.11 13:30:48.280,8.69273,8.6947,1.00,1.00
2015.11.11 13:30:48.827,8.69272,8.6947,1.00,1.00
2015.11.11 13:30:50.683,8.69262,8.69457,1.00,1.00
2015.11.11 13:30:51.157,8.69253,8.69437,1.00,1.00
2015.11.11 13:30:51.571,8.6926,8.69437,1.00,1.00
2015.11.11 13:30:51.622,8.69262,8.6947,1.00,1.00
2015.11.11 13:30:51.779,8.69276,8.6947,1.00,1.00
2015.11.11 13:30:55.067,8.69283,8.6947,1.00,1.00
2015.11.11 13:30:55.372,8.69319,8.69526,1.00,1.00
2015.11.11 13:30:56.875,8.69324,8.69526,1.00,1.00
2015.11.11 13:30:58.006,8.69324,8.69518,1.00,1.00
2015.11.11 13:30:59.415,8.69324,8.69526,1.00,1.00
2015.11.11 13:31:04.715,8.69301,8.69477,1.00,1.00
2015.11.11 13:31:04.816,8.69283,8.69477,1.00,1.00
2015.11.11 13:31:04.918,8.69283,8.69483,1.00,1.00
2015.11.11 13:31:05.795,8.69283,8.69477,1.00,1.00
2015.11.11 13:31:08.676,8.69283,8.69482,1.00,1.00
2015.11.11 13:31:09.104,8.69283,8.69472,1.00,1.00
2015.11.11 13:31:11.493,8.69283,8.69483,1.00,1.00
2015.11.11 13:31:12.527,8.69283,8.69477,1.00,1.00
2015.11.11 13:31:13.192,8.69283,8.69483,1.00,1.00
2015.11.11 13:31:13.243,8.69306,8.69497,1.00,1.00
2015.11.11 13:31:13.293,8.69306,8.69503,1.00,1.00
2015.11.11 13:31:13.344,8.69306,8.69511,1.00,1.00
2015.11.11 13:31:15.435,8.69324,8.69511,1.00,1.00
2015.11.11 13:31:21.012,8.69306,8.69511,1.50,1.00
2015.11.11 13:31:21.113,8.69306,8.69505,1.50,1.00
2015.11.11 13:31:21.692,8.69316,8.69523,1.00,1.00
2015.11.11 13:31:21.742,8.69326,8.69523,1.00,1.00
2015.11.11 13:31:23.329,8.69326,8.69494,1.00,1.00
2015.11.11 13:31:23.978,8.69327,8.69494,1.00,1.00
2015.11.11 13:31:26.764,8.69307,8.69494,1.00,1.00
2015.11.11 13:31:28.023,8.69288,8.69466,1.00,1.00
2015.11.11 13:31:31.515,8.69289,8.69496,1.00,1.00
2015.11.11 13:31:33.090,8.69288,8.69454,1.00,1.00
2015.11.11 13:31:33.697,8.69291,8.69454,1.00,1.00
2015.11.11 13:31:33.798,8.69297,8.69504,1.00,1.00
2015.11.11 13:31:33.908,8.69313,8.69504,1.00,1.00
2015.11.11 13:31:51.410,8.69313,8.69499,1.00,1.00
2015.11.11 13:32:16.977,8.69293,8.69499,1.00,1.00
2015.11.11 13:32:17.079,8.69291,8.69497,1.00,1.00
2015.11.11 13:32:17.281,8.69259,8.69466,1.00,1.00
2015.11.11 13:32:21.437,8.69276,8.69466,1.00,1.00
2015.11.11 13:32:23.065,8.69276,8.69438,1.00,1.00
2015.11.11 13:32:25.981,8.69243,8.69438,1.00,1.00
2015.11.11 13:32:26.838,8.69243,8.69397,1.00,1.00
2015.11.11 13:32:27.156,8.6919,8.69385,1.00,1.00
2015.11.11 13:32:27.207,8.69183,8.69365,1.00,1.00
2015.11.11 13:32:28.343,8.69165,8.69365,1.00,1.00
2015.11.11 13:32:30.832,8.69185,8.69365,1.00,1.00
2015.11.11 13:32:31.084,8.6924,8.6944,1.00,1.00
2015.11.11 13:32:31.676,8.6924,8.69427,1.00,1.00
2015.11.11 13:32:33.770,8.6924,8.69397,1.00,1.00
2015.11.11 13:32:33.821,8.69202,8.69397,1.00,1.00
2015.11.11 13:32:33.924,8.69202,8.69406,1.00,1.00
2015.11.11 13:32:34.512,8.69202,8.69373,1.00,1.00
2015.11.11 13:32:35.701,8.69182,8.69373,1.00,1.00
2015.11.11 13:32:46.981,8.69182,8.69367,1.00,1.00
2015.11.11 13:32:47.343,8.69166,8.69347,1.00,1.00
2015.11.11 13:32:47.853,8.69166,8.69357,1.00,1.00
2015.11.11 13:32:48.614,8.69166,8.69347,1.00,1.00
2015.11.11 13:32:49.410,8.69166,8.69357,1.00,1.00
2015.11.11 13:32:49.873,8.69162,8.69356,1.00,1.00
2015.11.11 13:33:06.288,8.69182,8.69356,1.00,1.00
2015.11.11 13:33:06.490,8.69182,8.69365,1.00,1.00
2015.11.11 13:33:07.116,8.69163,8.69365,1.00,1.00
2015.11.11 13:33:07.643,8.69163,8.69357,1.00,1.00
2015.11.11 13:33:10.506,8.69163,8.69365,1.00,1.00
2015.11.11 13:33:11.323,8.69163,8.69357,1.00,1.00
2015.11.11 13:33:13.033,8.69163,8.69365,1.00,1.00
2015.11.11 13:33:14.134,8.69163,8.69356,1.00,1.00
2015.11.11 13:33:21.615,8.69163,8.69365,1.00,1.00
2015.11.11 13:33:22.380,8.69163,8.69347,1.00,1.00
2015.11.11 13:33:22.684,8.69163,8.69321,1.00,1.00
2015.11.11 13:33:23.176,8.69143,8.69321,1.00,1.00
2015.11.11 13:33:25.428,8.69146,8.69341,1.00,1.00
2015.11.11 13:33:25.479,8.69146,8.69346,1.00,1.00
2015.11.11 13:33:28.012,8.69146,8.69353,1.00,1.00
2015.11.11 13:33:42.036,8.69143,8.69337,1.00,1.00
2015.11.11 13:33:55.185,8.69188,8.69337,1.00,1.00
2015.11.11 13:33:58.242,8.69165,8.69337,1.00,1.00
2015.11.11 13:33:58.943,8.69165,8.69338,1.00,1.00
2015.11.11 13:34:18.577,8.69165,8.69307,1.00,1.00
2015.11.11 13:34:18.973,8.69126,8.69264,1.00,1.00
2015.11.11 13:34:19.403,8.69083,8.69257,1.00,1.00
2015.11.11 13:34:19.504,8.6906,8.69237,1.00,1.00
2015.11.11 13:34:19.825,8.6906,8.69223,1.00,1.00
2015.11.11 13:34:20.567,8.6906,8.69191,1.00,1.00
2015.11.11 13:34:21.268,8.69031,8.69191,1.00,1.00
2015.11.11 13:34:22.834,8.69012,8.69191,1.00,1.00
2015.11.11 13:34:25.955,8.68929,8.69094,1.00,1.00
2015.11.11 13:34:26.323,8.68954,8.69094,1.00,1.00
2015.11.11 13:34:26.487,8.68926,8.69094,1.00,1.00
2015.11.11 13:34:27.083,8.68959,8.69094,1.00,1.00
2015.11.11 13:34:27.418,8.69006,8.69094,1.00,1.00
2015.11.11 13:34:27.469,8.69006,8.69174,1.00,1.00
2015.11.11 13:34:27.797,8.69026,8.69174,1.00,1.00
2015.11.11 13:34:30.939,8.69004,8.69174,1.00,1.00
2015.11.11 13:34:31.582,8.69023,8.69174,1.00,1.00
2015.11.11 13:34:32.076,8.69023,8.69207,1.00,1.00
2015.11.11 13:34:34.048,8.69045,8.69207,1.00,1.00
2015.11.11 13:34:34.301,8.69131,8.69312,1.00,1.00
2015.11.11 13:34:34.975,8.69131,8.6928,1.00,1.00
2015.11.11 13:34:35.592,8.69131,8.69312,1.00,1.00
2015.11.11 13:34:35.693,8.69131,8.6928,1.00,1.00
2015.11.11 13:34:35.906,8.69131,8.69337,1.00,1.00
2015.11.11 13:34:36.294,8.69131,8.69288,1.00,1.00
2015.11.11 13:34:37.275,8.69111,8.69288,1.00,1.00
2015.11.11 13:34:38.001,8.6913,8.69288,1.00,1.00
2015.11.11 13:34:38.203,8.6913,8.69329,1.00,1.00
2015.11.11 13:34:40.528,8.69134,8.69329,1.00,1.00
2015.11.11 13:34:41.414,8.6913,8.69329,1.00,1.00
2015.11.11 13:34:46.413,8.69163,8.69349,1.00,1.00
2015.11.11 13:34:46.730,8.69176,8.69359,1.00,1.00
2015.11.11 13:34:51.347,8.69176,8.69357,1.00,1.00
2015.11.11 13:34:51.398,8.69152,8.69337,1.50,1.00
2015.11.11 13:34:51.449,8.69152,8.6932,1.00,1.00
2015.11.11 13:34:52.082,8.69152,8.69317,1.00,1.00
2015.11.11 13:34:52.183,8.69152,8.6932,1.00,1.00
2015.11.11 13:34:54.122,8.69127,8.69316,1.00,1.00
2015.11.11 13:34:55.231,8.69127,8.69307,1.00,1.00
2015.11.11 13:34:55.621,8.69127,8.69316,1.00,1.00
2015.11.11 13:34:55.709,8.69127,8.69308,1.00,1.00
2015.11.11 13:34:56.222,8.69127,8.69288,1.00,1.00
2015.11.11 13:35:08.255,8.69133,8.69324,1.00,1.00
2015.11.11 13:35:08.306,8.6915,8.69324,1.00,1.00
2015.11.11 13:35:08.615,8.6915,8.6934,1.00,1.00
2015.11.11 13:35:14.289,8.6915,8.69327,1.00,1.00
2015.11.11 13:35:14.606,8.6915,8.693,1.00,1.00
2015.11.11 13:35:15.402,8.6915,8.6932,1.00,1.00
2015.11.11 13:35:15.455,8.6915,8.69332,1.00,1.00
2015.11.11 13:35:15.606,8.6915,8.693,1.00,1.00
2015.11.11 13:35:19.337,8.6915,8.69337,1.00,1.00
2015.11.11 13:35:22.627,8.69185,8.69337,1.00,1.00
2015.11.11 13:35:22.833,8.69203,8.69369,1.00,1.00
2015.11.11 13:35:23.223,8.6918,8.69369,1.00,1.00
2015.11.11 13:35:26.141,8.6918,8.69367,1.00,1.00
2015.11.11 13:35:26.921,8.6918,8.69369,1.00,1.00
2015.11.11 13:35:27.511,8.69201,8.69369,1.00,1.00
2015.11.11 13:35:27.613,8.6922,8.69409,1.00,1.00
2015.11.11 13:35:27.664,8.6922,8.69427,1.00,1.00
2015.11.11 13:35:28.461,8.69238,8.69427,1.00,1.00
2015.11.11 13:35:28.888,8.69256,8.69427,1.00,1.00
2015.11.11 13:35:29.516,8.69226,8.69395,1.00,1.00
2015.11.11 13:35:29.971,8.69206,8.69395,1.00,1.00
2015.11.11 13:35:30.282,8.69206,8.69362,1.00,1.00
2015.11.11 13:35:30.907,8.69237,8.69362,1.00,1.00
2015.11.11 13:35:31.059,8.69258,8.69411,1.00,1.00
2015.11.11 13:35:31.160,8.69268,8.69476,1.00,1.00
2015.11.11 13:35:31.261,8.6928,8.69476,1.00,1.00
2015.11.11 13:35:32.483,8.69293,8.69476,1.00,1.00
2015.11.11 13:35:32.735,8.69322,8.69508,1.00,1.00
2015.11.11 13:35:35.359,8.69331,8.69508,1.00,1.00
2015.11.11 13:35:35.875,8.69322,8.69508,1.00,1.00
2015.11.11 13:35:44.213,8.69301,8.69487,1.00,1.00
2015.11.11 13:35:44.514,8.69299,8.69458,1.00,1.00
2015.11.11 13:35:46.095,8.69299,8.6949,1.00,1.00
2015.11.11 13:35:51.894,8.69299,8.69487,1.00,1.00
2015.11.11 13:35:52.243,8.6934,8.6953,1.00,1.00
2015.11.11 13:35:57.527,8.6938,8.6953,1.00,1.00
2015.11.11 13:35:57.578,8.69389,8.69551,1.00,1.00
2015.11.11 13:35:57.629,8.69389,8.69596,1.00,1.00
2015.11.11 13:35:58.610,8.6938,8.69558,1.00,1.00
2015.11.11 13:36:01.613,8.69388,8.69577,1.00,1.00
2015.11.11 13:36:01.664,8.69388,8.69593,1.00,1.00
2015.11.11 13:36:04.662,8.69404,8.69593,1.00,1.00
2015.11.11 13:36:05.072,8.69409,8.69593,1.00,1.00
2015.11.11 13:36:05.580,8.69404,8.69593,1.00,1.00
2015.11.11 13:36:08.241,8.69413,8.69593,1.00,1.00
2015.11.11 13:36:12.212,8.69423,8.69593,1.00,1.00
2015.11.11 13:36:14.190,8.69424,8.69593,1.00,1.00
2015.11.11 13:36:14.606,8.69424,8.69628,1.00,1.00
2015.11.11 13:36:15.192,8.69441,8.69628,1.00,1.00
2015.11.11 13:36:15.535,8.69515,8.69693,1.00,1.00
2015.11.11 13:36:15.737,8.69523,8.69713,1.00,1.00
2015.11.11 13:36:15.788,8.69523,8.69725,1.00,1.00
2015.11.11 13:36:15.955,8.69525,8.69725,1.00,1.00
2015.11.11 13:36:16.377,8.69542,8.69725,1.00,1.00
2015.11.11 13:36:16.713,8.6952,8.69697,1.00,1.00
2015.11.11 13:36:17.359,8.6952,8.69692,1.00,1.00
2015.11.11 13:36:17.682,8.69499,8.69692,1.00,1.00
2015.11.11 13:36:18.112,8.69499,8.69686,1.00,1.00
2015.11.11 13:36:18.462,8.69485,8.69687,1.00,1.00
2015.11.11 13:36:18.513,8.69465,8.69639,1.00,1.00
2015.11.11 13:36:18.563,8.69463,8.69639,1.00,1.00
2015.11.11 13:36:19.321,8.69443,8.69639,1.00,1.00
2015.11.11 13:36:19.472,8.69432,8.69639,1.00,1.00
2015.11.11 13:36:20.008,8.69432,8.696,1.00,1.00
2015.11.11 13:36:20.063,8.69399,8.6958,1.00,1.00
2015.11.11 13:36:21.126,8.6938,8.6958,1.00,1.50
2015.11.11 13:36:21.441,8.69362,8.69542,1.00,1.00
2015.11.11 13:36:21.960,8.69386,8.69562,1.00,1.00
2015.11.11 13:36:22.011,8.69386,8.69577,1.00,1.00
2015.11.11 13:36:22.062,8.69405,8.69577,1.00,1.00
2015.11.11 13:36:22.421,8.69423,8.69577,1.00,1.00
2015.11.11 13:36:27.411,8.69443,8.69577,1.00,1.00
2015.11.11 13:36:27.463,8.69443,8.69597,1.00,1.00
2015.11.11 13:36:27.564,8.69464,8.69635,1.00,1.00
2015.11.11 13:36:27.665,8.69464,8.69648,1.00,1.00
2015.11.11 13:36:28.968,8.69464,8.69637,1.00,1.00
2015.11.11 13:36:29.290,8.69464,8.69648,1.00,1.00
2015.11.11 13:36:33.059,8.69464,8.69647,1.00,1.00
2015.11.11 13:36:33.879,8.69464,8.69648,1.00,1.00
2015.11.11 13:36:34.421,8.69483,8.69648,1.00,1.00
2015.11.11 13:36:34.829,8.69462,8.69648,1.00,1.00
2015.11.11 13:36:35.298,8.69476,8.69677,1.00,1.00
2015.11.11 13:36:35.356,8.69483,8.69683,1.00,1.00
2015.11.11 13:36:35.843,8.69481,8.69683,1.00,1.00
2015.11.11 13:36:37.464,8.69476,8.69668,1.00,1.00
2015.11.11 13:36:37.767,8.6946,8.69606,1.00,1.00
2015.11.11 13:36:38.366,8.6944,8.69606,1.00,1.00
2015.11.11 13:36:38.468,8.6941,8.69594,1.00,1.00
2015.11.11 13:36:38.519,8.6941,8.69565,1.00,1.00
2015.11.11 13:36:38.570,8.69382,8.69545,1.00,1.00
2015.11.11 13:36:38.722,8.69344,8.69545,1.00,1.00
2015.11.11 13:36:38.874,8.69363,8.69545,1.00,1.00
2015.11.11 13:36:38.975,8.69344,8.69545,1.00,1.00
2015.11.11 13:36:39.950,8.69367,8.69545,1.00,1.00
2015.11.11 13:36:40.370,8.69353,8.69545,1.00,1.00
2015.11.11 13:36:40.531,8.69373,8.69545,1.00,1.00
2015.11.11 13:36:41.142,8.69374,8.69545,1.00,1.00
2015.11.11 13:36:41.519,8.69443,8.69545,1.00,1.00
2015.11.11 13:36:42.086,8.69443,8.69572,1.00,1.00
2015.11.11 13:36:42.196,8.69453,8.69572,1.00,1.00
2015.11.11 13:36:42.316,8.69453,8.69575,1.00,1.00
2015.11.11 13:36:42.679,8.69463,8.69575,1.00,1.00
2015.11.11 13:36:43.262,8.69443,8.69575,1.00,1.00
2015.11.11 13:36:43.313,8.69443,8.69567,1.00,1.00
2015.11.11 13:36:43.650,8.69443,8.69547,1.00,1.00
2015.11.11 13:36:44.321,8.69463,8.69547,1.00,1.00
2015.11.11 13:36:44.371,8.69443,8.69547,1.00,1.00
2015.11.11 13:36:44.476,8.69443,8.69579,1.00,1.00
2015.11.11 13:36:45.249,8.69434,8.69579,1.00,1.00
2015.11.11 13:36:46.008,8.69423,8.69579,1.00,1.00
2015.11.11 13:36:46.563,8.69403,8.69579,1.00,1.00
2015.11.11 13:36:46.765,8.69403,8.69566,1.00,1.00
2015.11.11 13:36:46.816,8.69373,8.69546,1.00,1.00
2015.11.11 13:36:47.019,8.69394,8.69546,1.00,1.00
2015.11.11 13:36:47.337,8.69414,8.69546,1.00,1.00
2015.11.11 13:36:47.656,8.69423,8.69546,1.00,1.00
2015.11.11 13:36:49.641,8.69433,8.69546,1.00,1.00
2015.11.11 13:36:50.081,8.69443,8.69546,1.00,1.00
2015.11.11 13:36:50.299,8.69434,8.69546,1.00,1.00
2015.11.11 13:36:50.776,8.69443,8.69546,1.00,1.00
2015.11.11 13:36:51.654,8.69423,8.69546,1.00,1.00
2015.11.11 13:36:53.602,8.69403,8.69546,1.00,1.00
2015.11.11 13:36:54.372,8.69393,8.69546,1.00,1.00
2015.11.11 13:36:54.701,8.69403,8.69546,1.00,1.00
2015.11.11 13:36:54.941,8.69393,8.69546,1.00,1.00
2015.11.11 13:36:55.043,8.69403,8.69546,1.00,1.00
2015.11.11 13:36:55.650,8.69413,8.69546,1.00,1.00
2015.11.11 13:36:55.701,8.69413,8.69586,1.00,1.00
2015.11.11 13:37:00.696,8.69413,8.69556,1.00,1.00
2015.11.11 13:37:01.865,8.69424,8.69556,1.00,1.00
2015.11.11 13:37:02.294,8.69433,8.69556,1.00,1.00
2015.11.11 13:37:02.772,8.69423,8.69556,1.00,1.00
2015.11.11 13:37:04.466,8.69433,8.69556,1.00,1.00
2015.11.11 13:37:05.274,8.69413,8.69556,1.00,1.00
2015.11.11 13:37:06.059,8.69414,8.69556,1.00,1.00
2015.11.11 13:37:06.580,8.69404,8.69556,1.00,1.00
2015.11.11 13:37:06.800,8.69423,8.69556,1.00,1.00
2015.11.11 13:37:07.061,8.69413,8.69556,1.00,1.00
2015.11.11 13:37:07.162,8.69423,8.69556,1.00,1.00
2015.11.11 13:37:07.364,8.69413,8.69556,1.00,1.00
2015.11.11 13:37:08.779,8.69433,8.69556,1.00,1.00
2015.11.11 13:37:08.930,8.69433,8.69576,1.00,1.00
2015.11.11 13:37:08.981,8.69433,8.69589,1.00,1.00
2015.11.11 13:37:09.032,8.69443,8.69589,1.00,1.00
2015.11.11 13:37:10.099,8.69453,8.69589,1.00,1.00
2015.11.11 13:37:10.420,8.69463,8.69589,1.00,1.00
2015.11.11 13:37:10.521,8.69463,8.69607,1.00,1.00
2015.11.11 13:37:10.727,8.69463,8.69617,1.00,1.00
2015.11.11 13:37:10.869,8.69453,8.69617,1.00,1.00
2015.11.11 13:37:11.328,8.69464,8.69617,1.00,1.00
2015.11.11 13:37:12.849,8.69463,8.69617,1.00,1.00
2015.11.11 13:37:16.638,8.69473,8.69617,1.00,1.00
2015.11.11 13:37:17.472,8.69493,8.69617,1.00,1.00
2015.11.11 13:37:17.877,8.69523,8.69617,1.00,1.00
2015.11.11 13:37:17.931,8.69543,8.69708,1.00,1.00
2015.11.11 13:37:18.350,8.69563,8.69708,1.00,1.00
2015.11.11 13:37:19.138,8.69553,8.69708,1.00,1.00
2015.11.11 13:37:20.329,8.69534,8.69708,1.00,1.00
2015.11.11 13:37:22.137,8.69543,8.69708,1.00,1.00
2015.11.11 13:37:23.670,8.69543,8.69726,1.00,1.00
2015.11.11 13:37:23.771,8.69543,8.69718,1.00,1.00
2015.11.11 13:37:24.351,8.69553,8.69726,1.00,1.50
2015.11.11 13:37:24.402,8.69543,8.69726,1.00,1.50
2015.11.11 13:37:24.621,8.69563,8.69726,1.00,1.50
2015.11.11 13:37:27.004,8.69563,8.69724,1.00,1.00
2015.11.11 13:37:27.315,8.69573,8.69724,1.00,1.00
2015.11.11 13:37:27.701,8.69563,8.69704,1.00,1.00
2015.11.11 13:37:32.355,8.69573,8.69704,1.00,1.00
2015.11.11 13:37:33.765,8.69623,8.69704,1.00,1.00
2015.11.11 13:37:34.088,8.69613,8.69752,1.00,1.00
2015.11.11 13:37:34.650,8.69603,8.69752,1.00,1.00
2015.11.11 13:37:34.960,8.69613,8.69752,1.00,1.00
2015.11.11 13:37:35.362,8.69633,8.69752,1.00,1.00
2015.11.11 13:37:35.635,8.69623,8.69752,1.00,1.00
2015.11.11 13:37:35.736,8.69633,8.69752,1.00,1.00
2015.11.11 13:37:39.801,8.69624,8.69752,1.00,1.00
2015.11.11 13:37:40.034,8.69623,8.69787,1.00,1.00
2015.11.11 13:37:40.607,8.69634,8.69787,1.00,1.00
2015.11.11 13:37:40.999,8.69644,8.69787,1.00,1.00
2015.11.11 13:37:41.370,8.69603,8.69787,1.00,1.00
2015.11.11 13:37:41.569,8.69583,8.69762,1.00,1.00
2015.11.11 13:37:42.155,8.69583,8.69742,1.00,1.00
2015.11.11 13:37:42.549,8.69573,8.69742,1.00,1.00
2015.11.11 13:37:46.979,8.69563,8.69742,1.00,1.00
2015.11.11 13:37:49.370,8.69573,8.69742,1.00,1.00
2015.11.11 13:37:51.839,8.69563,8.69742,1.00,1.00
2015.11.11 13:37:54.335,8.69573,8.69742,1.00,1.00
2015.11.11 13:37:56.447,8.69573,8.6971,1.00,1.00
2015.11.11 13:37:56.812,8.69546,8.6971,1.00,1.00
2015.11.11 13:37:56.863,8.69564,8.6971,1.00,1.00
2015.11.11 13:37:57.188,8.69573,8.6971,1.00,1.00
2015.11.11 13:38:01.719,8.69523,8.6971,1.00,1.00
2015.11.11 13:38:02.091,8.69503,8.69677,1.00,1.00
2015.11.11 13:38:02.428,8.69514,8.69677,1.00,1.00
2015.11.11 13:38:02.736,8.69523,8.69677,1.00,1.00
2015.11.11 13:38:03.066,8.69533,8.69677,1.00,1.00
2015.11.11 13:38:03.447,8.69503,8.69677,1.00,1.00
2015.11.11 13:38:04.268,8.69494,8.69677,1.00,1.00
2015.11.11 13:38:04.658,8.69503,8.69677,1.00,1.00
2015.11.11 13:38:05.323,8.69473,8.69647,1.00,1.00
2015.11.11 13:38:05.637,8.69464,8.69604,1.00,1.00
2015.11.11 13:38:06.284,8.69483,8.69604,1.00,1.00
2015.11.11 13:38:06.559,8.69473,8.69604,1.00,1.00
2015.11.11 13:38:07.520,8.69463,8.69604,1.00,1.00
2015.11.11 13:38:07.960,8.69473,8.69604,1.00,1.00
2015.11.11 13:38:08.759,8.69483,8.69604,1.00,1.00
2015.11.11 13:38:08.870,8.69473,8.69604,1.00,1.00
2015.11.11 13:38:10.425,8.69483,8.69604,1.00,1.00
2015.11.11 13:38:10.576,8.69483,8.69645,1.00,1.00
2015.11.11 13:38:10.627,8.69504,8.69645,1.00,1.00
2015.11.11 13:38:11.301,8.69493,8.69645,1.00,1.00
2015.11.11 13:38:11.403,8.69483,8.69645,1.00,1.00
2015.11.11 13:38:13.347,8.69474,8.69645,1.00,1.00
2015.11.11 13:38:13.460,8.69483,8.69645,1.00,1.00
2015.11.11 13:38:15.989,8.69473,8.69645,1.00,1.00
2015.11.11 13:38:16.596,8.69473,8.69633,1.00,1.00
2015.11.11 13:38:16.647,8.69463,8.6963,1.00,1.00
2015.11.11 13:38:16.748,8.69463,8.69645,1.00,1.00
2015.11.11 13:38:16.799,8.69473,8.69645,1.00,1.00
2015.11.11 13:38:17.158,8.69483,8.69645,1.00,1.00
2015.11.11 13:38:17.491,8.69493,8.69645,1.00,1.00
2015.11.11 13:38:18.050,8.69483,8.69645,1.00,1.00
2015.11.11 13:38:29.688,8.69513,8.69671,1.00,1.00
2015.11.11 13:38:29.739,8.69513,8.69681,1.00,1.00
2015.11.11 13:38:29.790,8.69524,8.69681,1.00,1.00
2015.11.11 13:38:29.942,8.69544,8.69737,1.00,1.50
2015.11.11 13:38:29.994,8.69563,8.69737,1.00,1.00
2015.11.11 13:38:30.297,8.69593,8.69737,1.00,1.00
2015.11.11 13:38:30.877,8.69583,8.69737,1.00,1.00
2015.11.11 13:38:31.060,8.69594,8.69737,1.00,1.00
2015.11.11 13:38:31.609,8.69603,8.69737,1.00,1.00
2015.11.11 13:38:31.831,8.69593,8.69737,1.00,1.00
2015.11.11 13:38:33.286,8.69623,8.69737,1.00,1.00
2015.11.11 13:38:36.750,8.69623,8.69758,1.00,1.00
2015.11.11 13:38:36.801,8.69623,8.6977,1.00,1.00
2015.11.11 13:38:36.998,8.69603,8.6977,1.00,1.00
2015.11.11 13:38:37.645,8.69613,8.6977,1.00,1.00
2015.11.11 13:38:37.998,8.69633,8.69806,1.00,1.00
2015.11.11 13:38:38.049,8.69633,8.69811,1.00,1.00
2015.11.11 13:38:38.348,8.69623,8.69811,1.00,1.00
2015.11.11 13:38:38.449,8.69621,8.69798,1.00,1.00
2015.11.11 13:38:38.601,8.69603,8.69787,1.00,1.00
2015.11.11 13:38:43.377,8.69596,8.69787,1.00,1.00
2015.11.11 13:38:43.685,8.69584,8.69787,1.00,1.00
2015.11.11 13:38:44.659,8.69582,8.69787,1.00,1.00
2015.11.11 13:38:44.709,8.69563,8.69751,1.00,1.00
2015.11.11 13:38:45.088,8.69548,8.6972,1.00,1.00
2015.11.11 13:38:45.198,8.6956,8.6974,1.00,1.00
2015.11.11 13:38:45.249,8.6956,8.69752,1.00,1.00
2015.11.11 13:38:45.648,8.69575,8.69752,1.00,1.00
2015.11.11 13:38:47.148,8.69596,8.69752,1.00,1.00
2015.11.11 13:38:48.471,8.69588,8.69752,1.00,1.00
2015.11.11 13:38:49.009,8.69563,8.69752,1.00,1.00
2015.11.11 13:38:49.060,8.69561,8.69752,1.00,1.00
2015.11.11 13:38:49.110,8.69561,8.69749,1.00,1.00
2015.11.11 13:38:49.312,8.69561,8.69752,1.00,1.00
2015.11.11 13:38:50.120,8.69592,8.69752,1.00,1.00
2015.11.11 13:38:50.222,8.69592,8.69785,1.00,1.00
2015.11.11 13:38:50.833,8.69569,8.69785,1.00,1.00
2015.11.11 13:38:50.985,8.69569,8.69765,1.00,1.00
2015.11.11 13:38:51.238,8.69546,8.69744,1.00,1.00
2015.11.11 13:38:51.572,8.69583,8.69744,1.00,1.00
2015.11.11 13:38:51.908,8.69613,8.69785,1.00,1.00
2015.11.11 13:38:52.506,8.69613,8.69805,1.00,1.00
2015.11.11 13:38:52.557,8.69627,8.69817,1.00,1.00
2015.11.11 13:38:53.239,8.69623,8.69817,1.00,1.00
2015.11.11 13:38:53.290,8.69623,8.69814,1.00,1.00
2015.11.11 13:38:53.391,8.69604,8.6981,1.00,1.00
2015.11.11 13:38:53.492,8.69602,8.69798,1.00,1.00
2015.11.11 13:38:53.799,8.6958,8.69777,1.00,1.00
2015.11.11 13:38:53.900,8.69575,8.69777,1.00,1.00
2015.11.11 13:38:54.051,8.69561,8.69765,1.00,1.00
2015.11.11 13:38:54.152,8.69555,8.69744,1.00,1.00
2015.11.11 13:38:55.227,8.69563,8.69744,1.00,1.00
2015.11.11 13:38:55.561,8.69569,8.69744,1.00,1.00
2015.11.11 13:38:56.086,8.69579,8.69744,1.00,1.00
2015.11.11 13:38:56.137,8.69579,8.69777,1.00,1.00
2015.11.11 13:38:56.469,8.69583,8.69777,1.00,1.00
2015.11.11 13:38:58.902,8.69579,8.69777,1.00,1.00
2015.11.11 13:38:59.295,8.69565,8.69777,1.00,1.00
2015.11.11 13:38:59.448,8.69565,8.69773,1.00,1.00
2015.11.11 13:39:00.030,8.69571,8.69773,1.00,1.00
2015.11.11 13:39:00.423,8.69571,8.69744,1.00,1.00
2015.11.11 13:39:00.678,8.69569,8.69744,1.00,1.00
2015.11.11 13:39:01.258,8.69572,8.69744,1.00,1.00
2015.11.11 13:39:03.211,8.69562,8.69744,1.00,1.00
2015.11.11 13:39:05.198,8.69563,8.69744,1.00,1.00
2015.11.11 13:39:07.908,8.69561,8.69744,1.00,1.00
2015.11.11 13:39:09.137,8.69582,8.69744,1.00,1.00
2015.11.11 13:39:09.529,8.69582,8.69764,1.00,1.00
2015.11.11 13:39:09.580,8.69582,8.69777,1.00,1.00
2015.11.11 13:39:09.732,8.69564,8.69777,1.00,1.00
2015.11.11 13:39:10.237,8.69563,8.69777,1.00,1.00
2015.11.11 13:39:10.839,8.69561,8.69737,1.00,1.00
2015.11.11 13:39:11.588,8.69543,8.69737,1.00,1.00
2015.11.11 13:39:11.689,8.69541,8.69737,1.00,1.50
2015.11.11 13:39:11.741,8.69533,8.69717,1.00,1.00
2015.11.11 13:39:11.791,8.69507,8.69705,1.00,1.00
2015.11.11 13:39:11.842,8.69501,8.69705,1.00,1.00
2015.11.11 13:39:12.044,8.69489,8.69705,1.00,1.00
2015.11.11 13:39:12.095,8.69488,8.69672,1.00,1.00
2015.11.11 13:39:12.626,8.69503,8.69672,1.00,1.00
2015.11.11 13:39:18.231,8.69505,8.69672,1.00,1.00
2015.11.11 13:39:18.484,8.69543,8.69724,1.00,1.00
2015.11.11 13:39:18.535,8.69543,8.69735,1.00,1.00
2015.11.11 13:39:19.264,8.69543,8.69737,1.00,1.00
2015.11.11 13:39:19.315,8.69562,8.69737,1.00,1.00
2015.11.11 13:39:20.388,8.69563,8.69737,1.00,1.00
2015.11.11 13:39:20.769,8.69576,8.69737,1.00,1.00
2015.11.11 13:39:21.148,8.69601,8.69737,1.00,1.00
2015.11.11 13:39:21.200,8.69601,8.69771,1.00,1.00
2015.11.11 13:39:21.301,8.69659,8.69802,1.00,1.00
2015.11.11 13:39:21.604,8.6972,8.69868,1.00,1.00
2015.11.11 13:39:21.705,8.69699,8.69868,1.00,1.00
2015.11.11 13:39:22.008,8.6971,8.69868,1.00,1.00
2015.11.11 13:39:22.606,8.6972,8.69868,1.00,1.00
2015.11.11 13:39:22.776,8.6972,8.69887,1.00,1.00
2015.11.11 13:39:22.827,8.6972,8.69901,1.00,1.00
2015.11.11 13:39:23.408,8.69733,8.69901,1.00,1.00
2015.11.11 13:39:24.345,8.69753,8.69901,1.00,1.00
2015.11.11 13:39:26.307,8.69745,8.69901,1.00,1.00
2015.11.11 13:39:26.408,8.69687,8.69896,1.00,1.00
2015.11.11 13:39:26.459,8.69685,8.69887,1.00,1.00
2015.11.11 13:39:26.762,8.69683,8.69854,1.00,1.00
2015.11.11 13:39:26.813,8.69709,8.69885,1.00,1.00
2015.11.11 13:39:27.119,8.69709,8.69913,1.00,1.00
2015.11.11 13:39:27.468,8.69745,8.69913,1.00,1.00
2015.11.11 13:39:27.787,8.69745,8.69905,1.00,1.00
2015.11.11 13:39:31.585,8.69745,8.69913,1.00,1.00
2015.11.11 13:39:31.636,8.69725,8.69913,1.50,1.00
2015.11.11 13:39:31.804,8.69725,8.69892,1.50,1.00
2015.11.11 13:39:32.606,8.69727,8.69909,1.00,1.00
2015.11.11 13:39:32.657,8.69744,8.69909,1.00,1.00
2015.11.11 13:39:35.027,8.69725,8.69909,1.00,1.00
2015.11.11 13:39:35.078,8.69711,8.69895,1.00,1.00
2015.11.11 13:39:35.382,8.69711,8.6987,1.00,1.00
2015.11.11 13:39:35.716,8.69711,8.69868,1.00,1.00
2015.11.11 13:39:35.818,8.697,8.69868,1.00,1.00
2015.11.11 13:39:36.104,8.697,8.6984,1.00,1.00
2015.11.11 13:39:36.155,8.69678,8.6984,1.00,1.00
2015.11.11 13:39:36.307,8.69678,8.69825,1.00,1.00
2015.11.11 13:39:36.408,8.69654,8.69825,1.00,1.00
2015.11.11 13:39:41.216,8.69654,8.69826,1.00,1.00
2015.11.11 13:39:43.557,8.69654,8.69825,1.00,1.00
2015.11.11 13:39:45.533,8.69655,8.69825,1.00,1.00
2015.11.11 13:39:45.635,8.69655,8.6982,1.00,1.00
2015.11.11 13:39:45.936,8.6966,8.69842,1.00,1.00
2015.11.11 13:39:45.989,8.6966,8.69847,1.00,1.00
2015.11.11 13:39:46.040,8.69696,8.69847,1.00,1.00
2015.11.11 13:39:46.627,8.69678,8.69847,1.00,1.00
2015.11.11 13:39:47.280,8.69661,8.69836,1.00,1.00
2015.11.11 13:39:47.381,8.69661,8.6982,1.00,1.00
2015.11.11 13:39:47.755,8.69687,8.69845,1.00,1.00
2015.11.11 13:39:47.957,8.69687,8.69847,1.00,1.00
2015.11.11 13:39:48.330,8.69676,8.69847,1.00,1.00
2015.11.11 13:39:50.243,8.69676,8.69818,1.00,1.00
2015.11.11 13:39:50.823,8.69689,8.69847,1.00,1.00
2015.11.11 13:39:52.011,8.69676,8.69847,1.00,1.00
2015.11.11 13:39:53.251,8.69667,8.69837,1.00,1.00
2015.11.11 13:39:53.914,8.69667,8.6982,1.00,1.00
2015.11.11 13:39:54.078,8.69652,8.6982,1.00,1.00
2015.11.11 13:39:54.857,8.69652,8.69801,1.00,1.00
2015.11.11 13:39:57.166,8.69652,8.69821,1.00,1.00
2015.11.11 13:39:57.659,8.69666,8.69821,1.00,1.00
2015.11.11 13:39:58.613,8.69651,8.69821,1.00,1.00
2015.11.11 13:39:59.316,8.69681,8.69821,1.00,1.00
2015.11.11 13:39:59.985,8.69681,8.69836,1.00,1.00
2015.11.11 13:40:00.046,8.6967,8.69836,1.00,1.00
2015.11.11 13:40:00.147,8.6967,8.69819,1.00,1.00
2015.11.11 13:40:00.299,8.69663,8.69819,1.00,1.00
2015.11.11 13:40:01.285,8.69658,8.69819,1.00,1.00
2015.11.11 13:40:01.513,8.69645,8.69819,1.00,1.00
2015.11.11 13:40:02.656,8.6964,8.69819,1.50,1.00
2015.11.11 13:40:02.707,8.6964,8.698,1.00,1.00
2015.11.11 13:40:02.997,8.69622,8.69787,1.50,1.00
2015.11.11 13:40:03.518,8.69605,8.69767,1.00,1.00
2015.11.11 13:40:04.028,8.69602,8.69746,1.00,1.00
2015.11.11 13:40:04.346,8.69602,8.69729,1.00,1.00
2015.11.11 13:40:04.498,8.69589,8.69729,1.00,1.00
2015.11.11 13:40:04.549,8.69583,8.69729,1.00,1.00
2015.11.11 13:40:06.446,8.69583,8.69738,1.00,1.00
2015.11.11 13:40:07.523,8.69583,8.69727,1.00,1.00
2015.11.11 13:40:09.935,8.69583,8.69711,1.00,1.00
2015.11.11 13:40:10.378,8.69583,8.69694,1.00,1.00
2015.11.11 13:40:10.529,8.69583,8.6971,1.00,1.00
2015.11.11 13:40:10.631,8.69605,8.69727,1.00,1.00
2015.11.11 13:40:10.945,8.69605,8.69757,1.00,1.00
2015.11.11 13:40:10.996,8.69605,8.69787,1.00,1.50
2015.11.11 13:40:11.207,8.69637,8.69787,1.00,1.00
2015.11.11 13:40:11.706,8.69653,8.69787,1.00,1.00
2015.11.11 13:40:11.807,8.69681,8.69822,1.00,1.00
2015.11.11 13:40:12.141,8.69681,8.69875,1.00,1.00
2015.11.11 13:40:12.192,8.69695,8.69892,1.00,1.00
2015.11.11 13:40:12.414,8.6971,8.69892,1.00,1.00
2015.11.11 13:40:13.681,8.69722,8.69921,1.00,1.00
2015.11.11 13:40:13.818,8.69738,8.69921,1.00,1.00
2015.11.11 13:40:14.153,8.6974,8.69921,1.00,1.00
2015.11.11 13:40:15.519,8.69755,8.69921,1.00,1.00
2015.11.11 13:40:17.933,8.6974,8.69921,1.50,1.00
2015.11.11 13:40:18.145,8.6972,8.69921,1.00,1.00
2015.11.11 13:40:18.196,8.6972,8.69914,1.00,1.00
2015.11.11 13:40:19.017,8.69729,8.6988,1.00,1.00
2015.11.11 13:40:19.081,8.69729,8.69903,1.00,1.00
2015.11.11 13:40:20.744,8.69734,8.69903,1.00,1.00
2015.11.11 13:40:22.835,8.69734,8.69926,1.00,1.00
2015.11.11 13:40:22.936,8.69736,8.69926,1.00,1.00
2015.11.11 13:40:23.250,8.69755,8.69931,1.00,1.00
2015.11.11 13:40:25.764,8.69742,8.69931,1.00,1.00
2015.11.11 13:40:25.865,8.69724,8.69931,1.00,1.00
2015.11.11 13:40:26.184,8.69724,8.69917,1.00,1.00
2015.11.11 13:40:26.574,8.69724,8.69931,1.00,1.00
2015.11.11 13:40:26.625,8.69715,8.69931,1.00,1.00
2015.11.11 13:40:26.784,8.69715,8.6991,1.00,1.00
2015.11.11 13:40:27.135,8.69714,8.69889,1.00,1.00
2015.11.11 13:40:27.568,8.69697,8.69889,1.00,1.00
2015.11.11 13:40:30.874,8.69697,8.69887,1.00,1.00
2015.11.11 13:40:31.266,8.69678,8.69887,1.00,1.00
2015.11.11 13:40:31.672,8.69678,8.6986,1.00,1.00
2015.11.11 13:40:32.092,8.69678,8.69857,1.00,1.00
2015.11.11 13:40:32.228,8.69675,8.69857,1.00,1.00
2015.11.11 13:40:32.279,8.69675,8.6986,1.00,1.00
2015.11.11 13:40:33.101,8.69663,8.6986,1.00,1.00
2015.11.11 13:40:33.586,8.69663,8.69857,1.00,1.00
2015.11.11 13:40:33.915,8.69663,8.69824,1.00,1.00
2015.11.11 13:40:43.199,8.69656,8.69824,1.00,1.00
2015.11.11 13:40:43.301,8.69646,8.69824,1.00,1.00
2015.11.11 13:40:46.783,8.6967,8.69824,1.00,1.00
2015.11.11 13:40:47.375,8.69702,8.69824,1.00,1.00
2015.11.11 13:40:47.427,8.69725,8.69891,1.00,1.00
2015.11.11 13:40:47.694,8.69725,8.69927,1.00,1.00
2015.11.11 13:40:47.897,8.69743,8.69927,1.00,1.00
2015.11.11 13:40:53.306,8.69743,8.69955,1.00,1.00
2015.11.11 13:40:53.546,8.69743,8.69934,1.00,1.00
2015.11.11 13:40:53.596,8.69716,8.69914,1.00,1.00
2015.11.11 13:40:53.849,8.69722,8.69914,1.00,1.00
2015.11.11 13:40:55.810,8.69731,8.69946,1.00,1.00
2015.11.11 13:40:59.640,8.69716,8.69876,1.00,1.00
2015.11.11 13:40:59.742,8.69698,8.69876,1.00,1.00
2015.11.11 13:41:00.367,8.69683,8.69876,1.00,1.00
2015.11.11 13:41:00.918,8.69725,8.69908,1.00,1.00
2015.11.11 13:41:00.969,8.69723,8.69908,1.00,1.00
2015.11.11 13:41:01.327,8.69727,8.69908,1.00,1.00
2015.11.11 13:41:01.569,8.69747,8.69947,1.00,1.00
2015.11.11 13:41:02.261,8.69756,8.69947,1.00,1.00
2015.11.11 13:41:02.649,8.6977,8.69947,1.00,1.00
2015.11.11 13:41:02.976,8.69787,8.69947,1.00,1.00
2015.11.11 13:41:03.178,8.69787,8.69993,1.00,1.00
2015.11.11 13:41:03.279,8.69801,8.69993,1.00,1.00
2015.11.11 13:41:03.480,8.69784,8.69993,1.00,1.00
2015.11.11 13:41:03.960,8.69803,8.69993,1.00,1.00
2015.11.11 13:41:04.615,8.69823,8.69993,1.00,1.00
2015.11.11 13:41:05.298,8.69849,8.70013,1.00,1.00
2015.11.11 13:41:05.353,8.69849,8.70041,1.00,1.00
2015.11.11 13:41:05.994,8.69849,8.70037,1.00,1.00
2015.11.11 13:41:06.297,8.69849,8.70007,1.00,1.00
2015.11.11 13:41:07.048,8.69829,8.70007,1.00,1.00
2015.11.11 13:41:07.223,8.69807,8.70007,1.00,1.00
2015.11.11 13:41:07.374,8.69807,8.70004,1.00,1.00
2015.11.11 13:41:07.425,8.69791,8.70004,1.00,1.00
2015.11.11 13:41:07.793,8.69791,8.69988,1.00,1.00
2015.11.11 13:41:08.192,8.69789,8.69958,1.00,1.00
2015.11.11 13:41:08.754,8.69759,8.69958,1.00,1.00
2015.11.11 13:41:10.220,8.69744,8.69958,1.00,1.00
2015.11.11 13:41:12.376,8.69752,8.69958,1.00,1.00
2015.11.11 13:41:13.332,8.69744,8.69958,1.00,1.00
2015.11.11 13:41:14.156,8.69744,8.69957,1.00,1.00
2015.11.11 13:41:15.904,8.69744,8.69958,1.00,1.00
2015.11.11 13:41:16.790,8.6975,8.69958,1.00,1.00
2015.11.11 13:41:17.094,8.69771,8.69958,1.00,1.00
2015.11.11 13:41:17.634,8.69778,8.69991,1.00,1.00
2015.11.11 13:41:19.353,8.6975,8.69959,1.00,1.00
2015.11.11 13:41:19.733,8.6975,8.6993,1.00,1.00
2015.11.11 13:41:19.784,8.6973,8.6993,1.00,1.00
2015.11.11 13:41:20.611,8.69728,8.6993,1.00,1.00
2015.11.11 13:41:20.662,8.69708,8.69895,1.00,1.00
2015.11.11 13:41:21.193,8.69707,8.69895,1.00,1.00
2015.11.11 13:41:23.278,8.69679,8.69895,1.00,1.00
2015.11.11 13:41:23.887,8.69676,8.69862,1.00,1.00
2015.11.11 13:41:23.938,8.69651,8.69862,1.00,1.00
2015.11.11 13:41:24.140,8.69669,8.69862,1.00,1.00
2015.11.11 13:41:24.343,8.69679,8.69882,1.00,1.00
2015.11.11 13:41:24.394,8.69679,8.69895,1.00,1.00
2015.11.11 13:41:24.444,8.69669,8.69862,1.00,1.00
2015.11.11 13:41:24.597,8.69651,8.69862,1.00,1.00
2015.11.11 13:41:24.648,8.69669,8.69862,1.00,1.00
2015.11.11 13:41:25.421,8.6965,8.69862,1.00,1.00
2015.11.11 13:41:25.661,8.6967,8.69862,1.00,1.00
2015.11.11 13:41:26.635,8.69651,8.69862,1.00,1.00
2015.11.11 13:41:28.444,8.69647,8.69857,1.00,1.00
2015.11.11 13:41:28.495,8.69619,8.69834,1.00,1.00
2015.11.11 13:41:28.596,8.69618,8.69802,1.00,1.00
2015.11.11 13:41:31.750,8.69618,8.69787,1.00,1.00
2015.11.11 13:41:33.965,8.69618,8.69802,1.00,1.00
2015.11.11 13:41:39.411,8.69618,8.69797,1.00,1.00
2015.11.11 13:41:40.014,8.69618,8.69802,1.00,1.00
2015.11.11 13:41:45.433,8.69618,8.69796,1.00,1.00
2015.11.11 13:41:47.138,8.69618,8.69787,1.00,1.00
2015.11.11 13:41:48.464,8.69596,8.69787,1.00,1.00
2015.11.11 13:41:48.565,8.69596,8.69773,1.00,1.00
2015.11.11 13:41:54.644,8.69596,8.69797,1.00,1.00
2015.11.11 13:41:55.961,8.69596,8.69804,1.00,1.00
2015.11.11 13:41:56.762,8.69596,8.69797,1.00,1.00
2015.11.11 13:41:58.404,8.69596,8.69803,1.00,1.00
2015.11.11 13:41:59.831,8.69596,8.69801,1.00,1.00
2015.11.11 13:42:00.262,8.69596,8.69806,1.00,1.00
2015.11.11 13:42:00.733,8.69596,8.69799,1.00,1.00
2015.11.11 13:42:02.801,8.69596,8.69806,1.00,1.00
2015.11.11 13:42:03.351,8.69596,8.69799,1.00,1.00
2015.11.11 13:42:05.351,8.69603,8.69799,1.00,1.00
2015.11.11 13:42:05.402,8.69624,8.69823,1.00,1.00
2015.11.11 13:42:05.453,8.69624,8.69839,1.00,1.00
2015.11.11 13:42:05.504,8.69634,8.69839,1.00,1.00
2015.11.11 13:42:05.656,8.69665,8.69872,1.00,1.00
2015.11.11 13:42:07.341,8.69634,8.69846,1.00,1.00
2015.11.11 13:42:08.015,8.69634,8.69843,1.00,1.00
2015.11.11 13:42:08.316,8.69633,8.69824,1.00,1.00
2015.11.11 13:42:09.173,8.69637,8.69824,1.00,1.00
2015.11.11 13:42:09.971,8.69637,8.69842,1.00,1.00
2015.11.11 13:42:10.727,8.69637,8.69825,1.00,1.00
2015.11.11 13:42:13.141,8.69637,8.69842,1.00,1.00
2015.11.11 13:42:15.341,8.69637,8.69844,1.00,1.00
2015.11.11 13:42:15.922,8.69637,8.69836,1.00,1.00
2015.11.11 13:42:16.612,8.69637,8.69844,1.00,1.00
2015.11.11 13:42:17.541,8.69637,8.69833,1.00,1.00
2015.11.11 13:42:20.383,8.69637,8.69837,1.00,1.00
2015.11.11 13:42:20.637,8.69637,8.69846,1.00,1.00
2015.11.11 13:42:20.896,8.69661,8.69875,1.00,1.00
2015.11.11 13:42:21.411,8.69661,8.69876,1.00,1.00
2015.11.11 13:42:21.462,8.6968,8.69876,1.00,1.00
2015.11.11 13:42:22.798,8.69661,8.69876,1.00,1.00
2015.11.11 13:42:32.301,8.69663,8.69876,1.00,1.00
2015.11.11 13:42:32.657,8.69683,8.69876,1.00,1.00
2015.11.11 13:42:32.711,8.69732,8.69936,1.00,1.00
2015.11.11 13:42:35.774,8.69732,8.69947,1.00,1.00
2015.11.11 13:42:39.299,8.69732,8.69948,1.00,1.00
2015.11.11 13:42:40.706,8.69745,8.69948,1.00,1.00
2015.11.11 13:42:40.757,8.69766,8.6997,1.00,1.00
2015.11.11 13:42:40.808,8.69766,8.69973,1.00,1.00
2015.11.11 13:42:41.253,8.69798,8.70001,1.00,1.00
2015.11.11 13:42:41.766,8.69798,8.69998,1.00,1.00
2015.11.11 13:42:43.137,8.69769,8.69976,1.00,1.00
2015.11.11 13:42:48.006,8.69769,8.69964,1.00,1.00
2015.11.11 13:42:56.085,8.69769,8.69938,1.00,1.00
2015.11.11 13:42:56.186,8.69769,8.69956,1.00,1.00
2015.11.11 13:42:57.941,8.69769,8.69972,1.00,1.00
2015.11.11 13:42:59.949,8.69761,8.69968,1.00,1.00
2015.11.11 13:43:01.492,8.69761,8.69963,1.00,1.00
2015.11.11 13:43:02.279,8.69761,8.69959,1.00,1.00
2015.11.11 13:43:04.582,8.69819,8.69996,1.00,1.00
2015.11.11 13:43:04.762,8.69819,8.70026,1.00,1.00
2015.11.11 13:43:08.049,8.69786,8.69994,1.00,1.00
2015.11.11 13:43:08.201,8.69786,8.69988,1.00,1.00
2015.11.11 13:43:08.509,8.69786,8.69972,1.00,1.00
2015.11.11 13:43:10.809,8.69786,8.69971,1.00,1.00
2015.11.11 13:43:11.800,8.69786,8.69987,1.00,1.00
2015.11.11 13:43:12.241,8.69786,8.69973,1.00,1.00
2015.11.11 13:43:12.769,8.69755,8.69962,1.00,1.00
2015.11.11 13:43:14.222,8.69767,8.69962,1.00,1.00
2015.11.11 13:43:14.424,8.69787,8.6999,1.00,1.00
2015.11.11 13:43:17.333,8.69787,8.69978,1.00,1.00
2015.11.11 13:43:18.278,8.69753,8.6996,1.00,1.00
2015.11.11 13:43:19.438,8.69753,8.69954,1.00,1.00
2015.11.11 13:43:20.320,8.69725,8.69932,1.00,1.00
2015.11.11 13:43:28.773,8.69725,8.69928,1.00,1.00
2015.11.11 13:43:29.731,8.69725,8.69932,1.00,1.50
2015.11.11 13:43:36.124,8.69725,8.6993,1.00,1.00
2015.11.11 13:43:40.131,8.69714,8.69921,1.00,1.00
2015.11.11 13:43:53.050,8.69714,8.69917,1.00,1.00
2015.11.11 13:43:53.487,8.69714,8.69908,1.00,1.00
2015.11.11 13:43:53.538,8.69681,8.69889,1.00,1.00
2015.11.11 13:43:53.641,8.69681,8.6987,1.00,1.00
2015.11.11 13:43:55.282,8.69652,8.6986,1.00,1.00
2015.11.11 13:43:56.019,8.69652,8.69856,1.00,1.00
2015.11.11 13:43:59.580,8.69652,8.69848,1.00,1.00
2015.11.11 13:44:00.165,8.69648,8.69832,1.00,1.00
2015.11.11 13:44:00.431,8.69673,8.6988,1.00,1.00
2015.11.11 13:44:00.706,8.69689,8.6988,1.00,1.00
2015.11.11 13:44:00.816,8.69701,8.69908,1.50,1.00
2015.11.11 13:44:01.188,8.69701,8.69876,1.00,1.00
2015.11.11 13:44:01.465,8.69683,8.69876,1.00,1.00
2015.11.11 13:44:02.613,8.69671,8.69876,1.00,1.00
2015.11.11 13:44:02.765,8.69677,8.69876,1.00,1.00
2015.11.11 13:44:03.071,8.69717,8.69916,1.00,1.00
2015.11.11 13:44:03.190,8.69717,8.69925,1.00,1.00
2015.11.11 13:44:03.291,8.69717,8.69919,1.00,1.00
2015.11.11 13:44:04.075,8.69717,8.69893,1.00,1.00
2015.11.11 13:44:04.126,8.69695,8.69892,1.00,1.00
2015.11.11 13:44:04.480,8.69685,8.69892,1.00,1.00
2015.11.11 13:44:05.260,8.69685,8.69881,1.00,1.00
2015.11.11 13:44:05.625,8.69667,8.69859,1.00,1.00
2015.11.11 13:44:05.888,8.69653,8.69859,1.00,1.00
2015.11.11 13:44:07.684,8.69682,8.69883,1.00,1.00
2015.11.11 13:44:07.889,8.69682,8.6989,1.00,1.00
2015.11.11 13:44:09.339,8.69683,8.6989,1.00,1.00
2015.11.11 13:44:10.110,8.69682,8.6989,1.00,1.00
2015.11.11 13:44:10.907,8.6971,8.69904,1.00,1.00
2015.11.11 13:44:10.958,8.6971,8.69918,1.00,1.00
2015.11.11 13:44:23.774,8.6975,8.69922,1.00,1.00
2015.11.11 13:44:23.825,8.69769,8.69973,1.00,1.00
2015.11.11 13:44:23.876,8.69769,8.69977,1.00,1.00
2015.11.11 13:44:24.092,8.69773,8.69977,1.00,1.00
2015.11.11 13:44:24.418,8.69806,8.69996,1.00,1.00
2015.11.11 13:44:24.469,8.69806,8.70004,1.00,1.00
2015.11.11 13:44:24.639,8.69806,8.70013,1.00,1.00
2015.11.11 13:44:24.741,8.69809,8.70013,1.00,1.00
2015.11.11 13:44:25.074,8.6987,8.70062,1.00,1.00
2015.11.11 13:44:25.177,8.6987,8.7007,1.00,1.00
2015.11.11 13:44:25.432,8.6987,8.70078,1.00,1.00
2015.11.11 13:44:28.047,8.69899,8.70098,1.00,1.00
2015.11.11 13:44:28.098,8.69899,8.70105,1.00,1.00
2015.11.11 13:44:33.527,8.69899,8.70094,1.00,1.00
2015.11.11 13:44:33.578,8.69851,8.70056,1.00,1.00
2015.11.11 13:44:38.259,8.69831,8.70027,1.00,1.00
2015.11.11 13:44:38.696,8.69819,8.70027,1.00,1.00
2015.11.11 13:44:39.982,8.69791,8.69995,1.00,1.00
2015.11.11 13:44:41.746,8.6979,8.69995,1.00,1.00
2015.11.11 13:44:43.886,8.6979,8.69993,1.00,1.00
2015.11.11 13:44:44.195,8.6979,8.69982,1.00,1.00
2015.11.11 13:44:46.104,8.6979,8.69995,1.00,1.00
2015.11.11 13:44:47.667,8.69798,8.69995,1.00,1.00
2015.11.11 13:44:47.769,8.69818,8.70025,1.00,1.00
2015.11.11 13:44:48.287,8.69823,8.70026,1.00,1.00
2015.11.11 13:44:48.439,8.69818,8.70026,1.00,1.00
2015.11.11 13:45:03.544,8.69821,8.70029,1.00,1.00
2015.11.11 13:45:04.526,8.69821,8.70025,1.00,1.00
2015.11.11 13:45:04.988,8.69786,8.69989,1.00,1.00
2015.11.11 13:45:06.499,8.69797,8.69989,1.00,1.00
2015.11.11 13:45:06.550,8.69817,8.70018,1.00,1.00
2015.11.11 13:45:07.356,8.69817,8.70005,1.00,1.00
2015.11.11 13:45:07.407,8.69817,8.70018,1.00,1.00
2015.11.11 13:45:09.203,8.69884,8.70087,1.00,1.00
2015.11.11 13:45:09.304,8.69884,8.70092,1.00,1.00
2015.11.11 13:45:09.456,8.69933,8.70107,1.00,1.00
2015.11.11 13:45:09.557,8.69933,8.70129,1.00,1.00
2015.11.11 13:45:09.658,8.69933,8.70137,1.00,1.00
2015.11.11 13:45:09.759,8.69965,8.70137,1.00,1.00
2015.11.11 13:45:09.810,8.69965,8.70173,1.00,1.00
2015.11.11 13:45:10.430,8.70043,8.70179,1.00,1.00
2015.11.11 13:45:10.490,8.70043,8.70243,1.00,1.00
2015.11.11 13:45:11.645,8.70013,8.7022,1.00,1.00
2015.11.11 13:45:13.264,8.70013,8.70214,1.00,1.00
2015.11.11 13:45:13.367,8.69964,8.70171,1.00,1.00
2015.11.11 13:45:14.192,8.69941,8.70122,1.00,1.00
2015.11.11 13:45:14.424,8.69922,8.70122,1.00,1.00
2015.11.11 13:45:15.339,8.69961,8.70158,1.00,1.00
2015.11.11 13:45:15.732,8.69994,8.70195,1.00,1.00
2015.11.11 13:45:15.937,8.69974,8.70153,1.00,1.00
2015.11.11 13:45:15.988,8.69957,8.70153,1.00,1.00
2015.11.11 13:45:16.039,8.69945,8.70153,1.00,1.00
2015.11.11 13:45:20.729,8.7002,8.70217,1.00,1.00
2015.11.11 13:45:20.833,8.7002,8.70227,1.00,1.00
2015.11.11 13:45:21.435,8.7002,8.70223,1.00,1.00
2015.11.11 13:45:21.753,8.7,8.70195,1.00,1.00
2015.11.11 13:45:22.056,8.69988,8.70195,1.00,1.00
2015.11.11 13:45:29.665,8.7002,8.70215,1.00,1.00
2015.11.11 13:45:29.985,8.7002,8.70227,1.00,1.00
2015.11.11 13:45:30.723,8.7002,8.70219,1.00,1.00
2015.11.11 13:45:33.242,8.7002,8.70196,1.00,1.00
2015.11.11 13:45:33.293,8.69986,8.70194,1.00,1.00
2015.11.11 13:45:35.962,8.7002,8.70201,1.00,1.00
2015.11.11 13:45:36.014,8.7002,8.7022,1.00,1.00
2015.11.11 13:45:36.065,8.7002,8.70226,1.00,1.00
2015.11.11 13:45:38.365,8.69999,8.70194,1.00,1.00
2015.11.11 13:45:38.415,8.69988,8.70194,1.00,1.00
2015.11.11 13:45:38.923,8.69987,8.70194,1.00,1.00
2015.11.11 13:45:39.930,8.69987,8.70182,1.00,1.00
2015.11.11 13:45:40.302,8.69969,8.70162,1.00,1.00
2015.11.11 13:45:40.403,8.69992,8.702,1.00,1.00
2015.11.11 13:45:40.555,8.69992,8.70192,1.00,1.00
2015.11.11 13:45:40.606,8.69969,8.70172,1.00,1.00
2015.11.11 13:45:41.782,8.69964,8.70172,1.00,1.00
2015.11.11 13:45:41.933,8.69964,8.70162,1.00,1.00
2015.11.11 13:45:41.984,8.69935,8.70142,1.00,1.00
2015.11.11 13:45:42.444,8.69935,8.70131,1.00,1.00
2015.11.11 13:45:42.753,8.69911,8.70111,1.00,1.00
2015.11.11 13:45:43.302,8.69913,8.70111,1.00,1.00
2015.11.11 13:45:43.504,8.69958,8.70166,1.00,1.00
2015.11.11 13:45:44.156,8.69958,8.70103,1.00,1.00
2015.11.11 13:45:44.309,8.69916,8.70071,1.00,1.00
2015.11.11 13:45:44.410,8.69883,8.70071,1.00,1.00
2015.11.11 13:45:51.760,8.69863,8.70029,1.00,1.00
2015.11.11 13:45:51.862,8.69853,8.70029,1.00,1.00
2015.11.11 13:45:52.124,8.69843,8.70029,1.00,1.00
2015.11.11 13:45:52.292,8.69823,8.70029,1.50,1.00
2015.11.11 13:45:52.623,8.69833,8.70029,1.00,1.00
2015.11.11 13:45:53.393,8.69853,8.70029,1.00,1.00
2015.11.11 13:45:53.994,8.69833,8.70029,1.00,1.00
2015.11.11 13:45:57.834,8.69844,8.70029,1.00,1.00
2015.11.11 13:45:58.138,8.69898,8.70078,1.00,1.00
2015.11.11 13:45:58.244,8.69898,8.70097,1.00,1.69
2015.11.11 13:45:58.725,8.69898,8.70099,1.00,1.00
2015.11.11 13:46:02.327,8.69898,8.70094,1.00,1.00
2015.11.11 13:46:02.579,8.6985,8.70058,1.00,1.00
2015.11.11 13:46:02.781,8.69857,8.70058,1.00,1.00
2015.11.11 13:46:03.002,8.69885,8.70092,1.00,1.00
2015.11.11 13:46:03.711,8.69865,8.70057,1.00,1.00
2015.11.11 13:46:03.812,8.69857,8.70057,1.00,1.00
2015.11.11 13:46:06.136,8.69849,8.7,1.00,1.00
2015.11.11 13:46:06.338,8.69829,8.7,1.00,1.00
2015.11.11 13:46:06.389,8.69803,8.7,1.00,1.00
2015.11.11 13:46:08.692,8.69813,8.7,1.00,1.00
2015.11.11 13:46:09.296,8.69814,8.7,1.00,1.00
2015.11.11 13:46:16.052,8.69823,8.7,1.00,1.00
2015.11.11 13:46:16.454,8.69823,8.70009,1.00,1.00
2015.11.11 13:46:16.505,8.69833,8.70009,1.00,1.00
2015.11.11 13:46:16.555,8.69834,8.70021,1.00,1.00
2015.11.11 13:46:20.146,8.69834,8.69998,1.00,1.00
2015.11.11 13:46:20.728,8.69814,8.69998,1.00,1.00
2015.11.11 13:46:20.779,8.69802,8.69998,1.00,1.00
2015.11.11 13:46:24.393,8.69782,8.69981,1.00,1.00
2015.11.11 13:46:24.443,8.69773,8.69972,1.00,1.00
2015.11.11 13:46:24.774,8.69744,8.69943,1.00,1.00
2015.11.11 13:46:24.875,8.69736,8.69943,1.00,1.00
2015.11.11 13:46:24.976,8.69736,8.69923,1.00,1.00
2015.11.11 13:46:25.077,8.69716,8.69904,1.00,1.00
2015.11.11 13:46:25.128,8.69697,8.69904,1.00,1.00
2015.11.11 13:46:25.978,8.69703,8.69904,1.00,1.00
2015.11.11 13:46:27.293,8.69733,8.69904,1.00,1.00
2015.11.11 13:46:27.606,8.69713,8.69904,1.50,1.00
2015.11.11 13:46:27.656,8.69733,8.69923,1.00,1.00
2015.11.11 13:46:29.131,8.69734,8.69923,1.00,1.00
2015.11.11 13:46:29.879,8.69733,8.69923,1.00,1.00
2015.11.11 13:46:44.016,8.69744,8.69923,1.00,1.00
2015.11.11 13:46:59.235,8.69735,8.69923,1.00,1.00
2015.11.11 13:47:16.222,8.69713,8.6992,1.00,1.00
2015.11.11 13:47:16.880,8.69714,8.6992,1.00,1.00
2015.11.11 13:47:17.541,8.69713,8.6992,1.00,1.00
2015.11.11 13:47:19.570,8.69723,8.6992,1.00,1.00
2015.11.11 13:47:20.206,8.69733,8.6992,1.00,1.00
2015.11.11 13:47:20.307,8.69723,8.6992,1.00,1.00
2015.11.11 13:47:20.620,8.69713,8.6992,1.00,1.00
2015.11.11 13:47:22.650,8.69723,8.6992,1.00,1.00
2015.11.11 13:47:23.591,8.69713,8.6992,1.50,1.00
2015.11.11 13:47:25.390,8.69723,8.6992,1.00,1.00
2015.11.11 13:47:25.705,8.69734,8.6992,1.00,1.00
2015.11.11 13:47:26.390,8.69713,8.6992,1.00,1.00
2015.11.11 13:47:31.218,8.69713,8.69921,1.00,1.00
2015.11.11 13:47:31.470,8.69713,8.69904,1.00,1.00
2015.11.11 13:47:31.630,8.69678,8.69885,1.00,1.00
2015.11.11 13:47:33.660,8.69709,8.69904,1.00,1.00
2015.11.11 13:47:41.000,8.69709,8.69917,1.50,1.00
2015.11.11 13:47:41.271,8.69756,8.6993,1.00,1.00
2015.11.11 13:47:41.322,8.69756,8.69953,1.00,1.00
2015.11.11 13:47:41.372,8.69788,8.69953,1.00,1.00
2015.11.11 13:47:41.423,8.69788,8.6998,1.00,1.00
2015.11.11 13:47:41.474,8.69788,8.69995,1.00,1.00
2015.11.11 13:47:41.524,8.69788,8.6998,1.00,1.00
2015.11.11 13:47:41.575,8.69788,8.69995,1.00,1.00
2015.11.11 13:47:41.676,8.6982,8.70005,1.00,1.00
2015.11.11 13:47:41.727,8.6982,8.70024,1.00,1.00
2015.11.11 13:47:43.985,8.6982,8.70017,1.00,1.00
2015.11.11 13:47:45.892,8.6982,8.70024,1.00,1.00
2015.11.11 13:47:47.459,8.6982,8.70023,1.00,1.00
2015.11.11 13:47:47.560,8.69794,8.69987,1.00,1.00
2015.11.11 13:47:49.321,8.6982,8.70004,1.00,1.00
2015.11.11 13:47:50.369,8.6982,8.70025,1.00,1.00
2015.11.11 13:47:50.747,8.69853,8.70025,1.00,1.00
2015.11.11 13:47:51.410,8.69853,8.70044,1.00,1.00
2015.11.11 13:47:57.191,8.69822,8.7003,1.00,1.00
2015.11.11 13:47:57.242,8.69822,8.70027,1.00,1.00
2015.11.11 13:47:58.280,8.69857,8.70027,1.00,1.00
2015.11.11 13:48:00.430,8.69857,8.70044,1.00,1.00
2015.11.11 13:48:01.370,8.69857,8.70064,1.00,1.00
2015.11.11 13:48:02.342,8.69857,8.70045,1.00,1.00
2015.11.11 13:48:02.568,8.69828,8.70036,1.00,1.00
2015.11.11 13:48:03.649,8.69828,8.70023,1.00,1.00
2015.11.11 13:48:06.793,8.69798,8.70005,1.00,1.00
2015.11.11 13:48:06.844,8.69803,8.70005,1.00,1.00
2015.11.11 13:48:07.783,8.6983,8.70023,1.00,1.00
2015.11.11 13:48:09.619,8.69801,8.70008,1.00,1.00
2015.11.11 13:48:11.380,8.69805,8.70008,1.00,1.00
2015.11.11 13:48:12.502,8.6983,8.70023,1.00,1.00
2015.11.11 13:48:13.013,8.69805,8.70009,1.00,1.00
2015.11.11 13:48:14.899,8.69833,8.70023,1.00,1.00
2015.11.11 13:48:17.301,8.69801,8.70009,1.00,1.00
2015.11.11 13:48:19.791,8.69815,8.70009,1.00,1.00
2015.11.11 13:48:20.109,8.69835,8.70023,1.00,1.00
2015.11.11 13:48:23.520,8.69796,8.70003,1.00,1.00
2015.11.11 13:48:24.295,8.69806,8.70003,1.00,1.00
2015.11.11 13:48:25.135,8.69796,8.70003,1.00,1.00
2015.11.11 13:48:26.235,8.69829,8.70023,1.00,1.00
2015.11.11 13:48:35.051,8.69801,8.70006,1.00,1.00
2015.11.11 13:48:36.399,8.69804,8.70006,1.00,1.00
2015.11.11 13:48:37.412,8.69801,8.70006,1.00,1.00
2015.11.11 13:48:42.137,8.69801,8.69995,1.00,1.00
2015.11.11 13:48:42.453,8.69773,8.69976,1.00,1.00
2015.11.11 13:48:42.504,8.69769,8.6997,1.00,1.00
2015.11.11 13:48:45.704,8.69773,8.6997,1.00,1.00
2015.11.11 13:48:46.308,8.69769,8.6997,1.00,1.00
2015.11.11 13:48:48.302,8.69769,8.69952,1.00,1.00
2015.11.11 13:48:48.453,8.6973,8.69938,1.00,1.00
2015.11.11 13:48:51.252,8.6973,8.69931,1.00,1.00
2015.11.11 13:48:58.072,8.6973,8.69938,1.00,1.00
2015.11.11 13:49:03.960,8.69735,8.69938,1.00,1.00
2015.11.11 13:49:04.704,8.69796,8.69969,1.00,1.00
2015.11.11 13:49:04.890,8.69766,8.69969,1.00,1.00
2015.11.11 13:49:07.148,8.69766,8.69948,1.00,1.00
2015.11.11 13:49:07.711,8.69736,8.69943,1.00,1.00
2015.11.11 13:49:14.499,8.69743,8.69943,1.00,1.00
2015.11.11 13:49:15.087,8.69757,8.69943,1.00,1.00
2015.11.11 13:49:15.138,8.69778,8.6997,1.00,1.00
2015.11.11 13:49:21.915,8.69778,8.69983,1.00,1.00
2015.11.11 13:49:22.117,8.69816,8.69989,1.00,1.00
2015.11.11 13:49:22.650,8.69816,8.70012,1.00,1.00
2015.11.11 13:49:23.032,8.69769,8.69977,1.00,1.00
2015.11.11 13:49:24.386,8.69752,8.69941,1.00,1.00
2015.11.11 13:49:26.828,8.69752,8.69901,1.00,1.00
2015.11.11 13:49:26.879,8.69736,8.69893,1.00,1.00
2015.11.11 13:49:27.030,8.69736,8.69864,1.00,1.00
2015.11.11 13:49:27.132,8.69639,8.69847,1.00,1.00
2015.11.11 13:49:28.375,8.69639,8.69843,1.00,1.00
2015.11.11 13:49:28.682,8.6963,8.69816,1.00,1.00
2015.11.11 13:49:32.358,8.69639,8.69843,1.00,1.00
2015.11.11 13:49:33.448,8.69639,8.69846,1.00,1.00
2015.11.11 13:49:35.225,8.69671,8.69864,1.00,1.00
2015.11.11 13:49:35.677,8.69671,8.69879,1.00,1.00
2015.11.11 13:49:35.829,8.69683,8.69879,1.00,1.00
2015.11.11 13:49:36.427,8.69671,8.69879,1.00,1.00
2015.11.11 13:49:37.503,8.69671,8.69869,1.00,1.00
2015.11.11 13:49:38.096,8.69639,8.69846,1.00,1.00
2015.11.11 13:49:40.359,8.69653,8.69846,1.00,1.00
2015.11.11 13:49:40.460,8.69671,8.6987,1.00,1.00
2015.11.11 13:50:00.197,8.6968,8.6987,1.00,1.00
2015.11.11 13:50:04.722,8.69687,8.69887,1.00,1.00
2015.11.11 13:50:04.773,8.69715,8.69887,1.00,1.00
2015.11.11 13:50:04.824,8.69735,8.69942,1.00,1.00
2015.11.11 13:50:05.612,8.69772,8.69974,1.00,1.00
2015.11.11 13:50:05.931,8.69805,8.69974,1.00,1.00
2015.11.11 13:50:06.134,8.69805,8.69983,1.00,1.00
2015.11.11 13:50:06.185,8.69805,8.70005,1.00,1.00
2015.11.11 13:50:06.286,8.69805,8.70012,1.00,1.00
2015.11.11 13:50:06.337,8.69812,8.70012,1.00,1.00
2015.11.11 13:50:07.508,8.69847,8.70046,1.00,1.00
2015.11.11 13:50:07.666,8.69847,8.7005,1.00,1.00
2015.11.11 13:50:07.740,8.69847,8.70052,1.00,1.00
2015.11.11 13:50:10.217,8.69863,8.70052,1.00,1.00
2015.11.11 13:50:11.009,8.69881,8.70085,1.00,1.00
2015.11.11 13:50:11.885,8.69921,8.7012,1.00,1.00
2015.11.11 13:50:12.938,8.69944,8.7012,1.00,1.00
2015.11.11 13:50:17.210,8.69918,8.7012,1.00,1.00
2015.11.11 13:50:40.177,8.69942,8.7012,1.00,1.00
2015.11.11 13:50:40.521,8.69942,8.70117,1.00,1.00
2015.11.11 13:50:42.618,8.69923,8.70117,1.00,1.00
2015.11.11 13:50:42.719,8.69923,8.70088,1.00,1.00
2015.11.11 13:50:43.024,8.6989,8.70047,1.00,1.00
2015.11.11 13:50:44.920,8.69868,8.70047,1.00,1.00
2015.11.11 13:50:51.539,8.69878,8.70067,1.00,1.00
2015.11.11 13:50:51.828,8.69878,8.70081,1.00,1.00
2015.11.11 13:50:51.929,8.69912,8.70081,1.00,1.00
2015.11.11 13:50:51.980,8.69912,8.70086,1.00,1.00
2015.11.11 13:50:52.232,8.69912,8.70106,1.00,1.00
2015.11.11 13:50:52.283,8.69912,8.70113,1.00,1.00
2015.11.11 13:50:53.149,8.69943,8.70113,1.00,1.00
2015.11.11 13:50:56.363,8.69925,8.70113,1.00,1.00
2015.11.11 13:50:56.417,8.69925,8.70078,1.00,1.00
2015.11.11 13:50:56.838,8.69893,8.70078,1.00,1.00
2015.11.11 13:51:03.680,8.69873,8.70078,1.00,1.00
2015.11.11 13:51:07.160,8.69873,8.70047,1.00,1.00
2015.11.11 13:51:07.211,8.69845,8.70047,1.00,1.00
2015.11.11 13:51:08.390,8.69845,8.7004,1.00,1.00
2015.11.11 13:51:08.663,8.6984,8.7004,1.00,1.00
2015.11.11 13:51:08.965,8.69817,8.70011,1.00,1.00
2015.11.11 13:51:14.484,8.69803,8.70011,1.00,1.50
2015.11.11 13:51:15.082,8.69803,8.70007,1.00,1.00
2015.11.11 13:51:15.761,8.69803,8.69998,1.00,1.00
2015.11.11 13:51:16.838,8.69803,8.69997,1.00,1.00
2015.11.11 13:51:16.990,8.69763,8.6997,1.00,1.00
2015.11.11 13:51:19.018,8.69763,8.69961,1.00,1.00
2015.11.11 13:51:19.321,8.69747,8.69937,1.00,1.00
2015.11.11 13:51:20.489,8.69747,8.69914,1.00,1.00
2015.11.11 13:51:20.540,8.6973,8.69914,1.00,1.00
2015.11.11 13:51:22.427,8.6973,8.69925,1.00,1.00
2015.11.11 13:51:23.230,8.6973,8.69937,1.00,1.00
2015.11.11 13:51:23.776,8.69775,8.69957,1.00,1.00
2015.11.11 13:51:23.827,8.69775,8.69981,1.00,1.00
2015.11.11 13:51:25.510,8.69775,8.69982,1.00,1.00
2015.11.11 13:51:39.403,8.69789,8.69997,1.00,1.00
2015.11.11 13:51:42.710,8.69772,8.69968,1.00,1.00
2015.11.11 13:51:49.414,8.69772,8.6992,1.00,1.00
2015.11.11 13:51:49.515,8.69747,8.6992,1.00,1.00
2015.11.11 13:51:52.370,8.69716,8.69914,1.00,1.00
2015.11.11 13:51:53.159,8.69716,8.69883,1.00,1.00
2015.11.11 13:51:53.361,8.69691,8.69883,1.00,1.00
2015.11.11 13:51:54.796,8.69675,8.69883,1.00,1.00
2015.11.11 13:51:54.949,8.6967,8.69844,1.00,1.00
2015.11.11 13:51:55.050,8.69645,8.69844,1.00,1.00
2015.11.11 13:51:55.101,8.69645,8.69828,1.00,1.00
2015.11.11 13:51:55.672,8.69645,8.69812,1.00,1.00
2015.11.11 13:52:01.139,8.69645,8.6981,1.00,1.00
2015.11.11 13:52:03.018,8.69645,8.69804,1.00,1.00
2015.11.11 13:52:03.378,8.69645,8.69812,1.00,1.00
2015.11.11 13:52:04.699,8.69645,8.69781,1.00,1.00
2015.11.11 13:52:04.828,8.69626,8.69781,1.00,1.00
2015.11.11 13:52:09.491,8.69626,8.69818,1.00,1.00
2015.11.11 13:52:09.542,8.69626,8.69814,1.00,1.00
2015.11.11 13:52:10.894,8.69626,8.69795,1.00,1.00
2015.11.11 13:52:13.968,8.69626,8.69801,1.00,1.00
2015.11.11 13:52:15.908,8.69626,8.69807,1.00,1.50
2015.11.11 13:52:18.905,8.69626,8.69797,1.00,1.00
2015.11.11 13:52:20.428,8.69626,8.69807,1.00,1.00
2015.11.11 13:52:20.529,8.69626,8.69809,1.00,1.00
2015.11.11 13:52:20.630,8.69626,8.69807,1.00,1.00
2015.11.11 13:52:20.936,8.69606,8.69768,1.00,1.00
2015.11.11 13:52:21.310,8.69628,8.69777,1.00,1.00
2015.11.11 13:52:21.361,8.69628,8.6979,1.00,1.00
2015.11.11 13:52:26.501,8.69628,8.6981,1.00,1.00
2015.11.11 13:52:32.078,8.69628,8.69812,1.00,1.00
2015.11.11 13:52:34.814,8.69628,8.6981,1.00,1.00
2015.11.11 13:52:36.670,8.69628,8.69815,1.00,1.00
2015.11.11 13:52:36.822,8.6966,8.69836,1.00,1.00
2015.11.11 13:52:40.633,8.6966,8.69837,1.00,1.00
2015.11.11 13:52:40.991,8.6966,8.69861,1.00,1.00
2015.11.11 13:52:41.143,8.6967,8.69862,1.00,1.00
2015.11.11 13:52:41.468,8.6967,8.6984,1.00,1.00
2015.11.11 13:52:41.519,8.6966,8.6984,1.00,1.00
2015.11.11 13:52:41.620,8.6965,8.69833,1.00,1.00
2015.11.11 13:52:41.991,8.6965,8.69818,1.00,1.00
2015.11.11 13:52:44.146,8.69662,8.69818,1.00,1.00
2015.11.11 13:52:44.196,8.69662,8.69847,1.00,1.00
2015.11.11 13:52:44.947,8.69662,8.69826,1.00,1.00
2015.11.11 13:52:45.391,8.6965,8.69826,1.00,1.00
2015.11.11 13:52:46.882,8.6965,8.6984,1.00,1.00
2015.11.11 13:52:46.933,8.6965,8.69853,1.00,1.00
2015.11.11 13:52:47.197,8.6965,8.69828,1.00,1.00
2015.11.11 13:52:49.566,8.6965,8.69833,1.00,1.00
2015.11.11 13:52:50.426,8.6965,8.69846,1.00,1.00
2015.11.11 13:52:50.477,8.6965,8.69853,1.00,1.00
2015.11.11 13:52:50.833,8.69681,8.69854,1.00,1.00
2015.11.11 13:52:50.934,8.69681,8.69857,1.00,1.00
2015.11.11 13:52:50.997,8.69681,8.69855,1.00,1.00
2015.11.11 13:52:51.250,8.69681,8.69872,1.00,1.00
2015.11.11 13:52:51.464,8.69681,8.69887,1.00,1.00
2015.11.11 13:52:51.567,8.69681,8.69858,1.00,1.00
2015.11.11 13:52:51.850,8.69681,8.69879,1.00,1.00
2015.11.11 13:52:53.865,8.69681,8.6988,1.00,1.00
2015.11.11 13:52:54.959,8.69681,8.69888,1.00,1.00
2015.11.11 13:52:58.883,8.69681,8.69851,1.00,1.00
2015.11.11 13:52:58.934,8.69638,8.69845,1.00,1.00
2015.11.11 13:52:58.985,8.6965,8.69845,1.00,1.00
2015.11.11 13:52:59.288,8.69678,8.6986,1.00,1.00
2015.11.11 13:52:59.389,8.69678,8.69878,1.00,1.00
2015.11.11 13:52:59.687,8.69678,8.6988,1.00,1.00
2015.11.11 13:53:00.213,8.69678,8.69885,1.00,1.00
2015.11.11 13:53:00.881,8.6972,8.699,1.00,1.00
2015.11.11 13:53:01.465,8.69753,8.699,1.00,1.00
2015.11.11 13:53:01.516,8.69753,8.69939,1.00,1.00
2015.11.11 13:53:02.165,8.69716,8.69924,1.00,1.00
2015.11.11 13:53:04.526,8.69716,8.69921,1.00,1.00
2015.11.11 13:53:06.616,8.69716,8.69924,1.00,1.00
2015.11.11 13:53:09.205,8.69728,8.69924,1.00,1.00
2015.11.11 13:53:10.295,8.69745,8.6995,1.00,1.00
2015.11.11 13:53:10.396,8.69745,8.6994,1.00,1.00
2015.11.11 13:53:10.514,8.69745,8.6995,1.00,1.00
2015.11.11 13:53:14.206,8.69745,8.69942,1.00,1.00
2015.11.11 13:53:17.307,8.69745,8.6995,1.00,1.00
2015.11.11 13:53:17.509,8.69787,8.69958,1.00,1.00
2015.11.11 13:53:17.661,8.69787,8.69987,1.00,1.00
2015.11.11 13:53:23.264,8.69787,8.6997,1.00,1.00
2015.11.11 13:53:23.665,8.69787,8.69987,1.00,1.00
2015.11.11 13:53:30.596,8.69787,8.6998,1.00,1.00
2015.11.11 13:53:31.087,8.69787,8.69987,1.00,1.00
2015.11.11 13:53:33.186,8.69773,8.69977,1.00,1.00
2015.11.11 13:53:33.876,8.69773,8.69981,1.00,1.00
2015.11.11 13:53:34.067,8.69773,8.69977,1.00,1.00
2015.11.11 13:53:34.338,8.69773,8.69981,1.00,1.00
2015.11.11 13:53:35.026,8.69759,8.69949,1.00,1.00
2015.11.11 13:53:37.407,8.69742,8.69949,1.00,1.00
2015.11.11 13:53:39.277,8.69739,8.69917,1.00,1.00
2015.11.11 13:53:40.087,8.6971,8.69917,1.50,1.00
2015.11.11 13:53:41.640,8.6971,8.69906,1.50,1.00
2015.11.11 13:53:41.951,8.6971,8.69865,1.00,1.00
2015.11.11 13:53:42.002,8.69686,8.69865,1.00,1.00
2015.11.11 13:53:42.053,8.69686,8.69862,1.00,1.00
2015.11.11 13:53:42.103,8.6966,8.69862,1.00,1.00
2015.11.11 13:53:42.154,8.6966,8.69864,1.00,1.00
2015.11.11 13:53:45.448,8.6966,8.69865,1.00,1.50
2015.11.11 13:53:45.674,8.6966,8.69848,1.00,1.00
2015.11.11 13:53:45.996,8.6966,8.69832,1.00,1.00
2015.11.11 13:53:47.077,8.69635,8.69832,1.00,1.00
2015.11.11 13:53:47.985,8.69635,8.69835,1.00,1.00
2015.11.11 13:53:57.777,8.6966,8.69835,1.00,1.00
2015.11.11 13:54:00.467,8.69649,8.69859,1.00,1.00
2015.11.11 13:54:00.675,8.69653,8.69863,1.00,1.00
2015.11.11 13:54:01.001,8.69653,8.69823,1.00,1.00
2015.11.11 13:54:01.257,8.69635,8.69823,1.00,1.00
2015.11.11 13:54:02.349,8.69635,8.69805,1.00,1.00
2015.11.11 13:54:02.500,8.69635,8.69816,1.00,1.00
2015.11.11 13:54:03.594,8.69635,8.69798,1.00,1.00
2015.11.11 13:54:03.948,8.69635,8.69817,1.00,1.00
2015.11.11 13:54:06.084,8.69635,8.69797,1.00,1.00
2015.11.11 13:54:06.185,8.69614,8.69797,1.00,1.00
2015.11.11 13:54:06.237,8.69614,8.69747,1.00,1.00
2015.11.11 13:54:06.366,8.69586,8.69747,1.00,1.00
2015.11.11 13:54:06.569,8.69579,8.69732,1.00,1.00
2015.11.11 13:54:06.620,8.6956,8.69732,1.00,1.00
2015.11.11 13:54:06.786,8.6956,8.69748,1.00,1.00
2015.11.11 13:54:07.138,8.69593,8.69747,1.00,1.00
2015.11.11 13:54:07.775,8.69593,8.69748,1.00,1.00
2015.11.11 13:54:08.375,8.69585,8.69748,1.00,1.00
2015.11.11 13:54:08.751,8.69585,8.69757,1.00,1.00
2015.11.11 13:54:08.802,8.69595,8.69757,1.00,1.00
2015.11.11 13:54:08.853,8.69595,8.69764,1.00,1.00
2015.11.11 13:54:12.076,8.69595,8.69779,1.00,1.50
2015.11.11 13:54:12.568,8.69595,8.69777,1.00,1.00
2015.11.11 13:54:12.871,8.69595,8.69757,1.00,1.00
2015.11.11 13:54:12.922,8.69595,8.69767,1.00,1.00
2015.11.11 13:54:13.164,8.69595,8.69763,1.00,1.00
2015.11.11 13:54:13.522,8.69595,8.69757,1.00,1.00
2015.11.11 13:54:13.572,8.69595,8.69763,1.00,1.00
2015.11.11 13:54:14.096,8.69595,8.69757,1.00,1.00
2015.11.11 13:54:14.146,8.69575,8.69743,1.00,1.00
2015.11.11 13:54:14.399,8.69593,8.69744,1.00,1.00
2015.11.11 13:54:15.076,8.69593,8.69745,1.00,1.00
2015.11.11 13:54:15.650,8.69593,8.69727,1.00,1.00
2015.11.11 13:54:15.709,8.69574,8.69727,1.00,1.00
2015.11.11 13:54:15.916,8.69599,8.69727,1.00,1.00
2015.11.11 13:54:16.305,8.69599,8.69717,1.00,1.00
2015.11.11 13:54:16.524,8.69599,8.69727,1.00,1.00
2015.11.11 13:54:17.130,8.69599,8.69717,1.00,1.00
2015.11.11 13:54:17.514,8.69599,8.69737,1.00,1.00
2015.11.11 13:54:18.284,8.69599,8.69727,1.00,1.00
2015.11.11 13:54:19.825,8.69599,8.69717,1.00,1.00
2015.11.11 13:54:20.044,8.69599,8.69747,1.00,1.00
2015.11.11 13:54:20.095,8.69599,8.6974,1.00,1.00
2015.11.11 13:54:22.379,8.69599,8.69747,1.00,1.00
2015.11.11 13:54:22.797,8.69599,8.69727,1.00,1.00
2015.11.11 13:54:23.127,8.69599,8.69717,1.00,1.00
2015.11.11 13:54:23.599,8.69599,8.69727,1.00,1.00
2015.11.11 13:54:24.228,8.69599,8.69767,1.00,1.00
2015.11.11 13:54:24.380,8.69576,8.69757,1.00,1.00
2015.11.11 13:54:24.431,8.69562,8.69747,1.00,1.00
2015.11.11 13:54:24.482,8.69554,8.69677,1.00,1.00
2015.11.11 13:54:24.584,8.69533,8.69677,1.00,1.00
2015.11.11 13:54:24.685,8.6952,8.69697,1.00,1.00
2015.11.11 13:54:24.736,8.69523,8.69697,1.00,1.00
2015.11.11 13:54:24.787,8.6952,8.69697,1.00,1.00
2015.11.11 13:54:24.888,8.69514,8.69697,1.00,1.00
2015.11.11 13:54:24.939,8.6952,8.69697,1.00,1.00
2015.11.11 13:54:25.320,8.69509,8.69697,1.00,1.00
2015.11.11 13:54:25.370,8.69509,8.69687,1.00,1.00
2015.11.11 13:54:25.691,8.69487,8.69667,1.32,1.00
2015.11.11 13:54:25.901,8.69483,8.69673,2.55,1.00
2015.11.11 13:54:26.034,8.69483,8.69663,2.55,1.00
2015.11.11 13:54:26.187,8.69457,8.69657,1.00,1.50
2015.11.11 13:54:26.237,8.69457,8.69637,1.00,1.00
2015.11.11 13:54:26.288,8.69423,8.69636,1.00,1.00
2015.11.11 13:54:26.589,8.69418,8.69603,1.00,1.00
2015.11.11 13:54:26.640,8.69398,8.69603,1.00,1.00
2015.11.11 13:54:28.716,8.69388,8.69603,1.00,1.00
2015.11.11 13:54:28.969,8.69411,8.69603,1.00,1.00
2015.11.11 13:54:29.019,8.69431,8.69639,1.00,1.00
2015.11.11 13:54:29.167,8.69441,8.69639,1.00,1.00
2015.11.11 13:54:29.541,8.69461,8.69639,1.00,1.00
2015.11.11 13:54:29.844,8.69461,8.69633,1.00,1.00
2015.11.11 13:54:29.895,8.6941,8.69626,1.00,1.00
2015.11.11 13:54:30.565,8.69423,8.69626,1.00,1.00
2015.11.11 13:54:30.872,8.69443,8.69639,1.00,1.00
2015.11.11 13:54:34.006,8.69488,8.69639,1.00,1.00
2015.11.11 13:54:34.312,8.69409,8.69618,1.00,1.00
2015.11.11 13:54:35.187,8.69418,8.69618,1.00,1.00
2015.11.11 13:54:35.238,8.69437,8.69639,1.00,1.00
2015.11.11 13:54:35.289,8.69449,8.69639,1.00,1.00
2015.11.11 13:54:35.753,8.69469,8.69639,1.00,1.00
2015.11.11 13:54:37.577,8.69469,8.69597,1.00,1.50
2015.11.11 13:54:37.628,8.69398,8.69597,1.00,1.50
2015.11.11 13:54:38.303,8.69367,8.69577,1.00,1.00
2015.11.11 13:54:39.052,8.69367,8.69572,1.00,1.00
2015.11.11 13:54:39.255,8.69324,8.69539,1.00,1.50
2015.11.11 13:54:42.150,8.69324,8.69472,1.00,1.00
2015.11.11 13:54:42.202,8.69237,8.69452,1.50,1.00
2015.11.11 13:54:45.250,8.69277,8.69467,1.00,1.00
2015.11.11 13:54:45.531,8.69277,8.6949,1.00,1.00
2015.11.11 13:54:45.822,8.69291,8.6949,1.00,1.00
2015.11.11 13:54:46.223,8.69311,8.6949,1.00,1.00
2015.11.11 13:54:48.345,8.69271,8.69487,1.00,1.00
2015.11.11 13:54:48.551,8.6926,8.69456,1.00,1.00
2015.11.11 13:54:49.195,8.69241,8.69456,1.00,1.00
2015.11.11 13:54:53.967,8.69243,8.69456,1.00,1.00
2015.11.11 13:54:54.068,8.69241,8.69456,1.00,1.00
2015.11.11 13:54:54.707,8.69272,8.69456,1.00,1.00
2015.11.11 13:54:54.808,8.69281,8.69493,1.00,1.00
2015.11.11 13:54:54.859,8.69294,8.69493,1.00,1.00
2015.11.11 13:54:55.161,8.69315,8.69493,1.00,1.00
2015.11.11 13:54:55.484,8.69275,8.69491,1.00,1.00
2015.11.11 13:54:55.534,8.69308,8.69493,1.00,1.00
2015.11.11 13:54:56.498,8.69275,8.69467,1.00,1.00
2015.11.11 13:54:56.886,8.69263,8.69456,1.00,1.00
2015.11.11 13:54:57.916,8.69275,8.69476,1.00,1.00
2015.11.11 13:54:57.967,8.69275,8.69491,1.00,1.00
2015.11.11 13:54:58.312,8.69275,8.69487,1.00,1.00
2015.11.11 13:54:58.686,8.69275,8.69491,1.00,1.00
2015.11.11 13:54:59.016,8.69305,8.69493,1.00,1.00
2015.11.11 13:55:01.118,8.69337,8.69493,1.00,1.00
2015.11.11 13:55:02.380,8.69316,8.69493,1.00,1.00
2015.11.11 13:55:02.481,8.69302,8.69493,1.00,1.00
2015.11.11 13:55:04.680,8.6927,8.69486,1.00,1.00
2015.11.11 13:55:06.055,8.69288,8.69486,1.00,1.00
2015.11.11 13:55:06.157,8.69308,8.69512,1.00,1.00
2015.11.11 13:55:06.706,8.69288,8.69488,1.00,1.00
2015.11.11 13:55:06.757,8.69282,8.69488,1.00,1.00
2015.11.11 13:55:07.322,8.69316,8.69508,1.00,1.00
2015.11.11 13:55:07.373,8.69316,8.69512,1.00,1.00
2015.11.11 13:55:08.093,8.69354,8.69512,1.00,1.00
2015.11.11 13:55:08.598,8.69335,8.69512,1.00,1.00
2015.11.11 13:55:08.662,8.69324,8.69512,1.00,1.00
2015.11.11 13:55:12.864,8.69304,8.695,1.00,1.00
2015.11.11 13:55:12.915,8.69287,8.695,1.00,1.00
2015.11.11 13:55:13.016,8.69287,8.69497,1.00,1.00
2015.11.11 13:55:13.359,8.69287,8.69491,1.00,1.00
2015.11.11 13:55:13.409,8.69262,8.69471,1.00,1.00
2015.11.11 13:55:17.096,8.69276,8.69471,1.00,1.00
2015.11.11 13:55:17.147,8.69296,8.69501,1.00,1.00
2015.11.11 13:55:17.198,8.69296,8.69511,1.00,1.00
2015.11.11 13:55:17.606,8.69296,8.69506,1.00,1.00
2015.11.11 13:55:18.547,8.69296,8.69511,1.00,1.00
2015.11.11 13:55:20.745,8.69338,8.69515,1.00,1.00
2015.11.11 13:55:39.094,8.69338,8.69539,1.00,1.00
2015.11.11 13:55:40.173,8.69337,8.69539,1.00,1.00
2015.11.11 13:55:56.678,8.69325,8.69539,1.00,1.00
2015.11.11 13:56:17.795,8.69325,8.69537,1.00,1.00
2015.11.11 13:56:17.846,8.69309,8.69524,1.50,1.00
2015.11.11 13:56:17.897,8.69309,8.69517,1.50,1.00
2015.11.11 13:56:18.201,8.6925,8.69445,1.00,1.00
2015.11.11 13:56:18.302,8.6923,8.69445,1.50,1.00
2015.11.11 13:56:18.353,8.6923,8.69413,1.00,1.00
2015.11.11 13:56:19.304,8.69207,8.69413,1.00,1.00
2015.11.11 13:56:19.355,8.69198,8.69413,1.00,1.00
2015.11.11 13:56:19.457,8.69185,8.69375,1.00,1.00
2015.11.11 13:56:21.124,8.69189,8.69405,1.00,1.00
2015.11.11 13:56:25.953,8.69185,8.69374,1.00,1.00
2015.11.11 13:56:32.702,8.69194,8.69407,1.00,1.00
2015.11.11 13:56:32.960,8.69204,8.69407,1.00,1.00
2015.11.11 13:56:33.733,8.69194,8.69407,1.00,1.00
2015.11.11 13:56:34.138,8.69191,8.69407,1.00,1.00
2015.11.11 13:56:37.869,8.69185,8.69376,1.00,1.00
2015.11.11 13:56:42.160,8.6916,8.69376,1.00,1.00
2015.11.11 13:56:42.262,8.6916,8.69367,1.00,1.00
2015.11.11 13:56:42.751,8.69137,8.69347,1.00,1.00
2015.11.11 13:56:43.362,8.69144,8.69347,1.00,1.00
2015.11.11 13:56:43.413,8.69164,8.69375,1.00,1.00
2015.11.11 13:56:48.298,8.69137,8.69348,1.00,1.00
2015.11.11 13:56:52.195,8.69133,8.69348,1.00,1.00
2015.11.11 13:56:52.566,8.6912,8.69314,1.00,1.00
2015.11.11 13:56:53.604,8.69131,8.69346,1.00,1.00
2015.11.11 13:57:00.329,8.69131,8.69337,1.00,1.00
2015.11.11 13:57:02.149,8.69111,8.6931,1.00,1.00
2015.11.11 13:57:02.200,8.69107,8.6931,1.00,1.00
2015.11.11 13:57:04.087,8.69122,8.6933,1.00,1.00
2015.11.11 13:57:04.138,8.69122,8.69337,1.00,1.50
2015.11.11 13:57:08.062,8.69107,8.69309,1.00,1.00
2015.11.11 13:57:11.546,8.69126,8.69337,1.00,1.00
2015.11.11 13:57:11.597,8.69126,8.69342,1.00,1.00
2015.11.11 13:57:11.988,8.69147,8.69342,1.00,1.00
2015.11.11 13:57:12.292,8.69165,8.69366,1.00,1.00
2015.11.11 13:57:15.834,8.69178,8.69366,1.00,1.00
2015.11.11 13:57:16.826,8.69196,8.69385,1.00,1.00
2015.11.11 13:57:18.224,8.69196,8.69404,1.00,1.00
2015.11.11 13:57:19.103,8.69214,8.69404,1.00,1.00
2015.11.11 13:57:19.256,8.69224,8.69422,1.00,1.00
2015.11.11 13:57:19.710,8.6923,8.69422,1.00,1.00
2015.11.11 13:57:21.527,8.69235,8.69422,1.00,1.00
2015.11.11 13:57:21.577,8.69235,8.6944,1.00,1.00
2015.11.11 13:57:22.306,8.69275,8.6944,1.00,1.00
2015.11.11 13:57:22.357,8.69288,8.6946,1.00,1.00
2015.11.11 13:57:22.458,8.69288,8.69467,1.00,1.00
2015.11.11 13:57:23.182,8.693,8.69467,1.00,1.00
2015.11.11 13:57:23.384,8.6932,8.69493,1.00,1.00
2015.11.11 13:57:24.085,8.6932,8.69512,1.00,1.00
2015.11.11 13:57:28.428,8.69326,8.69529,1.00,1.00
2015.11.11 13:57:28.479,8.6932,8.69529,1.00,1.00
2015.11.11 13:57:28.866,8.693,8.69507,1.00,1.00
2015.11.11 13:57:29.419,8.69299,8.69507,1.00,1.00
2015.11.11 13:57:37.226,8.69299,8.69476,1.00,1.00
2015.11.11 13:57:37.593,8.693,8.69496,1.00,1.00
2015.11.11 13:57:37.644,8.693,8.69516,1.00,1.00
2015.11.11 13:57:37.695,8.69319,8.69516,1.00,1.00
2015.11.11 13:57:38.460,8.693,8.69516,1.00,1.00
2015.11.11 13:57:39.147,8.693,8.69506,1.00,1.00
2015.11.11 13:57:41.915,8.693,8.69516,1.00,1.00
2015.11.11 13:57:43.897,8.693,8.69505,1.00,1.00
2015.11.11 13:57:44.501,8.6928,8.69488,1.00,1.00
2015.11.11 13:57:44.602,8.6928,8.6949,1.00,1.00
2015.11.11 13:57:45.822,8.6928,8.69495,1.00,1.00
2015.11.11 13:57:47.499,8.69313,8.69505,1.00,1.00
2015.11.11 13:57:50.608,8.69313,8.69525,1.00,1.00
2015.11.11 13:57:52.320,8.69353,8.69525,1.00,1.00
2015.11.11 13:57:53.719,8.69353,8.69569,1.00,1.00
2015.11.11 13:57:53.820,8.69386,8.69573,1.00,1.00
2015.11.11 13:57:54.555,8.69386,8.69597,1.00,1.00
2015.11.11 13:57:58.752,8.69367,8.6956,1.00,1.00
2015.11.11 13:57:59.092,8.69367,8.69555,1.00,1.00
2015.11.11 13:57:59.252,8.69367,8.6956,1.00,1.00
2015.11.11 13:57:59.454,8.6935,8.6956,1.00,1.00
2015.11.11 13:58:01.838,8.69391,8.6958,1.00,1.00
2015.11.11 13:58:02.304,8.69391,8.69598,1.00,1.00
2015.11.11 13:58:03.475,8.69393,8.69598,1.00,1.00
2015.11.11 13:58:03.526,8.69391,8.69598,1.00,1.00
2015.11.11 13:58:12.041,8.69413,8.69606,1.00,1.00
2015.11.11 13:58:14.544,8.69441,8.69606,1.00,1.00
2015.11.11 13:58:19.749,8.69441,8.69635,1.00,1.00
2015.11.11 13:58:23.702,8.69448,8.69664,1.00,1.00
2015.11.11 13:58:23.803,8.69456,8.69664,1.00,1.00
2015.11.11 13:58:24.106,8.69489,8.69692,1.00,1.00
2015.11.11 13:58:26.850,8.69493,8.69704,1.00,1.00
2015.11.11 13:58:26.971,8.69521,8.69728,1.00,1.00
2015.11.11 13:58:28.281,8.69521,8.69727,1.00,1.00
2015.11.11 13:58:28.852,8.69498,8.69704,1.00,1.00
2015.11.11 13:58:33.152,8.69489,8.69704,1.00,1.00
2015.11.11 13:58:33.723,8.69461,8.6966,1.00,1.00
2015.11.11 13:58:34.032,8.69457,8.69612,1.00,1.00
2015.11.11 13:58:37.772,8.69439,8.69612,1.00,1.00
2015.11.11 13:58:49.684,8.69439,8.69622,1.00,1.00
2015.11.11 13:58:52.896,8.6942,8.69622,1.00,1.00
2015.11.11 13:58:52.947,8.6942,8.69593,1.00,1.00
2015.11.11 13:58:53.548,8.694,8.69567,1.00,1.00
2015.11.11 13:58:53.870,8.694,8.69557,1.00,1.00
2015.11.11 13:58:53.921,8.694,8.69574,1.00,1.00
2015.11.11 13:58:56.349,8.694,8.69557,1.00,1.00
2015.11.11 13:58:56.987,8.694,8.69574,1.00,1.00
2015.11.11 13:58:57.550,8.694,8.69573,1.00,1.00
2015.11.11 13:58:58.216,8.694,8.69574,1.00,1.00
2015.11.11 13:58:58.549,8.694,8.69565,1.00,1.00
2015.11.11 13:59:01.826,8.694,8.69574,1.00,1.00
2015.11.11 13:59:05.359,8.694,8.69544,1.00,1.00
2015.11.11 13:59:12.900,8.69381,8.69497,1.00,1.00
2015.11.11 13:59:13.605,8.69381,8.69507,1.00,1.00
2015.11.11 13:59:14.409,8.69381,8.69509,1.00,1.00
2015.11.11 13:59:15.132,8.69381,8.69507,1.00,1.00
2015.11.11 13:59:15.563,8.69381,8.69509,1.00,1.00
2015.11.11 13:59:20.288,8.69381,8.69507,1.00,1.00
2015.11.11 13:59:20.841,8.69381,8.69509,1.00,1.00
2015.11.11 13:59:21.611,8.69381,8.69507,1.00,1.00
2015.11.11 13:59:22.027,8.69381,8.69499,1.00,1.00
2015.11.11 13:59:22.356,8.69361,8.69499,1.00,1.00
2015.11.11 13:59:22.519,8.69361,8.69481,1.00,1.00
2015.11.11 13:59:23.045,8.69361,8.69476,1.00,1.00
2015.11.11 13:59:23.096,8.69342,8.69463,1.00,1.00
2015.11.11 13:59:23.509,8.69342,8.69467,1.00,1.00
2015.11.11 13:59:23.619,8.69342,8.69477,1.00,1.00
2015.11.11 13:59:24.032,8.69342,8.69481,1.00,1.00
2015.11.11 13:59:25.142,8.69342,8.69477,1.00,1.00
2015.11.11 13:59:25.483,8.69342,8.69467,1.00,1.00
2015.11.11 13:59:26.113,8.69342,8.69466,1.00,1.00
2015.11.11 13:59:26.569,8.69342,8.69447,1.00,1.00
2015.11.11 13:59:26.779,8.69342,8.69467,1.00,1.00
2015.11.11 13:59:27.770,8.69342,8.69477,1.00,1.00
2015.11.11 13:59:29.340,8.69342,8.69467,1.00,1.00
2015.11.11 13:59:29.893,8.69342,8.69476,1.00,1.00
2015.11.11 13:59:30.343,8.69342,8.69467,1.00,1.00
2015.11.11 13:59:31.290,8.69342,8.69457,1.00,1.00
2015.11.11 13:59:31.534,8.69324,8.69447,1.00,1.00
2015.11.11 13:59:32.069,8.69324,8.69396,1.00,1.00
2015.11.11 13:59:32.289,8.69324,8.69407,1.00,1.00
2015.11.11 13:59:32.828,8.69324,8.69417,1.00,1.00
2015.11.11 13:59:32.980,8.69293,8.69407,1.20,1.00
2015.11.11 13:59:33.082,8.69243,8.69401,1.69,1.00
2015.11.11 13:59:33.133,8.69243,8.6937,1.69,1.00
2015.11.11 13:59:33.461,8.69138,8.69319,1.00,1.00
2015.11.11 13:59:33.563,8.69147,8.69363,1.00,1.00
2015.11.11 13:59:33.614,8.69147,8.69336,1.00,1.00
2015.11.11 13:59:33.936,8.69147,8.69332,1.00,1.00
2015.11.11 13:59:34.038,8.69106,8.69322,1.00,1.00
2015.11.11 13:59:34.089,8.69106,8.69315,1.00,1.00
2015.11.11 13:59:34.501,8.69092,8.69265,1.00,1.00
2015.11.11 13:59:34.552,8.69055,8.69265,1.00,1.00
2015.11.11 13:59:34.653,8.69055,8.69277,1.00,1.00
2015.11.11 13:59:35.059,8.69055,8.69274,1.00,1.00
2015.11.11 13:59:36.374,8.69074,8.69274,1.00,1.00
2015.11.11 13:59:42.999,8.69074,8.69271,1.00,1.00
2015.11.11 13:59:45.838,8.69074,8.69262,1.00,1.00
2015.11.11 13:59:50.764,8.69074,8.6927,1.00,1.00
2015.11.11 13:59:51.610,8.69067,8.6927,1.00,1.50
2015.11.11 13:59:54.138,8.69036,8.69266,1.00,1.00
2015.11.11 13:59:54.190,8.69035,8.69246,1.00,1.00
2015.11.11 13:59:54.511,8.69067,8.69268,1.00,1.00
2015.11.11 13:59:55.188,8.69067,8.69254,1.00,1.00
2015.11.11 13:59:58.048,8.69067,8.69246,1.00,1.00
