2014.10.15 07:00:00.670,7.25361,7.25485,1.00,1.49
2014.10.15 07:00:00.974,7.25361,7.25454,1.00,1.30
2014.10.15 07:00:01.309,7.25335,7.25453,1.00,1.75
2014.10.15 07:00:01.997,7.25335,7.25453,1.00,1.94
2014.10.15 07:00:02.609,7.25335,7.25426,1.00,1.30
2014.10.15 07:00:02.952,7.25335,7.25426,1.00,1.49
2014.10.15 07:00:04.064,7.25335,7.25426,1.00,1.30
2014.10.15 07:00:04.991,7.25335,7.25454,1.00,1.49
2014.10.15 07:00:05.093,7.25335,7.25454,1.00,1.49
2014.10.15 07:00:06.116,7.25335,7.25454,1.00,1.86
2014.10.15 07:00:07.112,7.25335,7.25454,1.00,1.49
2014.10.15 07:00:08.077,7.25335,7.25447,1.00,1.19
2014.10.15 07:00:08.406,7.25335,7.25476,1.00,1.75
2014.10.15 07:00:08.457,7.25335,7.25477,1.00,1.99
2014.10.15 07:00:08.508,7.25335,7.25485,1.00,1.30
2014.10.15 07:00:08.560,7.25392,7.25485,1.30,1.30
2014.10.15 07:00:08.611,7.25412,7.25532,1.30,1.00
2014.10.15 07:00:08.713,7.25422,7.25552,1.19,1.00
2014.10.15 07:00:08.916,7.25451,7.25609,1.00,2.05
2014.10.15 07:00:09.017,7.25469,7.25625,1.30,1.94
2014.10.15 07:00:09.322,7.25474,7.25627,1.00,1.54
2014.10.15 07:00:09.699,7.25497,7.25627,1.00,1.54
2014.10.15 07:00:09.851,7.25497,7.25636,1.00,1.79
2014.10.15 07:00:10.842,7.25497,7.25631,1.00,1.79
2014.10.15 07:00:11.233,7.25497,7.25627,1.00,1.54
2014.10.15 07:00:11.538,7.25497,7.2558,1.00,1.31
2014.10.15 07:00:11.791,7.25464,7.25577,1.00,1.94
2014.10.15 07:00:11.943,7.25464,7.25577,1.00,1.94
2014.10.15 07:00:11.995,7.25441,7.2557,1.00,2.24
2014.10.15 07:00:12.046,7.25441,7.25533,1.00,1.94
2014.10.15 07:00:12.863,7.25441,7.25507,1.00,1.37
2014.10.15 07:00:13.016,7.25419,7.25492,1.00,1.30
2014.10.15 07:00:13.117,7.254,7.2552,1.00,1.86
2014.10.15 07:00:13.219,7.254,7.255,1.00,1.19
2014.10.15 07:00:13.670,7.254,7.25484,1.00,1.19
2014.10.15 07:00:13.723,7.25376,7.25463,1.00,1.19
2014.10.15 07:00:13.875,7.25356,7.25463,1.00,1.19
2014.10.15 07:00:15.139,7.25356,7.25472,1.00,1.30
2014.10.15 07:00:15.240,7.2537,7.25515,1.30,1.19
2014.10.15 07:00:15.292,7.25376,7.25531,1.00,1.19
2014.10.15 07:00:15.747,7.25401,7.25531,1.00,1.19
2014.10.15 07:00:16.663,7.25401,7.25496,1.00,1.19
2014.10.15 07:00:17.068,7.25401,7.25485,1.00,1.30
2014.10.15 07:00:17.870,7.25401,7.25485,1.00,1.67
2014.10.15 07:00:18.174,7.25401,7.25466,1.00,1.94
2014.10.15 07:00:18.276,7.25382,7.25457,1.00,1.49
2014.10.15 07:00:19.468,7.25359,7.25457,1.00,1.30
2014.10.15 07:00:19.895,7.25359,7.25457,1.00,1.67
2014.10.15 07:00:20.200,7.25336,7.25419,1.00,1.91
2014.10.15 07:00:20.455,7.25319,7.25408,1.00,1.19
2014.10.15 07:00:20.961,7.25319,7.25395,1.00,1.19
2014.10.15 07:00:21.264,7.25296,7.25344,1.00,1.30
2014.10.15 07:00:21.366,7.25273,7.25344,1.00,1.30
2014.10.15 07:00:21.417,7.25273,7.25341,1.00,1.19
2014.10.15 07:00:21.670,7.25211,7.2531,1.00,1.19
2014.10.15 07:00:21.772,7.25191,7.2531,1.00,1.19
2014.10.15 07:00:22.751,7.25191,7.25311,1.00,1.49
2014.10.15 07:00:23.246,7.25191,7.25287,1.00,1.30
2014.10.15 07:00:23.450,7.25191,7.25307,1.00,1.49
2014.10.15 07:00:24.217,7.25191,7.25315,1.00,1.49
2014.10.15 07:00:25.306,7.25191,7.25326,1.00,1.49
2014.10.15 07:00:26.427,7.25191,7.25326,1.00,1.49
2014.10.15 07:00:27.469,7.25191,7.25325,1.00,1.19
2014.10.15 07:00:27.885,7.25191,7.25356,1.00,1.49
2014.10.15 07:00:27.936,7.25212,7.25356,1.00,1.30
2014.10.15 07:00:27.987,7.2522,7.25376,1.30,2.74
2014.10.15 07:00:28.089,7.2522,7.25386,1.30,2.32
2014.10.15 07:00:28.140,7.2523,7.25386,1.19,1.72
2014.10.15 07:00:28.242,7.2525,7.25405,1.00,1.00
2014.10.15 07:00:28.293,7.25252,7.25417,1.00,2.97
2014.10.15 07:00:28.395,7.25273,7.25417,1.00,1.30
2014.10.15 07:00:28.699,7.25316,7.25443,1.00,1.19
2014.10.15 07:00:29.464,7.25316,7.25446,1.00,1.19
2014.10.15 07:00:29.617,7.25316,7.25442,1.00,1.79
2014.10.15 07:00:29.719,7.25294,7.25417,1.00,1.19
2014.10.15 07:00:29.871,7.25294,7.25394,1.00,1.30
2014.10.15 07:00:30.175,7.25294,7.25394,1.00,1.49
2014.10.15 07:00:30.479,7.25275,7.25365,1.00,1.30
2014.10.15 07:00:32.905,7.25275,7.25385,1.00,1.49
2014.10.15 07:00:33.058,7.25275,7.254,1.00,1.30
2014.10.15 07:00:33.260,7.25275,7.254,1.00,1.49
2014.10.15 07:00:34.259,7.25275,7.254,1.00,1.49
2014.10.15 07:00:34.640,7.25275,7.254,1.00,2.24
2014.10.15 07:00:34.944,7.25275,7.25372,1.00,1.30
2014.10.15 07:00:35.046,7.25275,7.25401,1.00,1.54
2014.10.15 07:00:35.287,7.25275,7.2539,1.00,1.19
2014.10.15 07:00:35.668,7.25258,7.2537,1.00,1.49
2014.10.15 07:00:36.282,7.25258,7.2537,1.00,1.49
2014.10.15 07:00:37.053,7.25238,7.2537,1.00,1.49
2014.10.15 07:00:37.394,7.25238,7.25363,1.00,1.19
2014.10.15 07:00:38.748,7.25218,7.25343,1.00,1.49
2014.10.15 07:00:39.321,7.25218,7.25343,1.00,1.49
2014.10.15 07:00:40.328,7.25218,7.25343,1.00,1.49
2014.10.15 07:00:41.210,7.25218,7.25343,1.00,1.30
2014.10.15 07:00:41.261,7.25239,7.25343,1.00,1.30
2014.10.15 07:00:41.362,7.2526,7.25372,1.00,1.30
2014.10.15 07:00:42.223,7.25236,7.25361,1.00,1.94
2014.10.15 07:00:43.201,7.25236,7.25358,1.00,1.56
2014.10.15 07:00:43.303,7.25236,7.25372,1.00,1.86
2014.10.15 07:00:44.331,7.25236,7.25372,1.00,1.86
2014.10.15 07:00:44.968,7.25236,7.25372,1.00,1.49
2014.10.15 07:00:46.150,7.25236,7.25402,1.00,2.09
2014.10.15 07:00:47.209,7.25236,7.25402,1.00,2.09
2014.10.15 07:00:48.037,7.25236,7.25402,1.00,1.49
2014.10.15 07:00:48.088,7.25255,7.25402,1.00,1.49
2014.10.15 07:00:48.139,7.25255,7.25402,1.00,1.30
2014.10.15 07:00:48.245,7.25266,7.25429,1.30,1.19
2014.10.15 07:00:48.296,7.25273,7.25435,1.00,1.49
2014.10.15 07:00:48.549,7.25273,7.25435,1.00,1.30
2014.10.15 07:00:48.847,7.253,7.25435,1.00,1.30
2014.10.15 07:00:49.443,7.253,7.25455,1.00,2.09
2014.10.15 07:00:49.718,7.253,7.25463,1.00,2.09
2014.10.15 07:00:51.011,7.253,7.25463,1.00,2.09
2014.10.15 07:00:51.944,7.253,7.25463,1.00,2.09
2014.10.15 07:00:53.976,7.253,7.25463,1.00,2.09
2014.10.15 07:00:54.933,7.253,7.25455,1.00,1.16
2014.10.15 07:00:56.240,7.253,7.25455,1.00,1.16
2014.10.15 07:00:59.765,7.25322,7.25463,1.00,2.09
2014.10.15 07:01:00.853,7.25344,7.25463,1.00,1.90
2014.10.15 07:01:02.029,7.25344,7.25463,1.00,1.30
2014.10.15 07:01:02.181,7.25365,7.25463,1.00,1.30
2014.10.15 07:01:04.556,7.25346,7.25463,1.00,1.30
2014.10.15 07:01:04.607,7.25346,7.25429,1.00,1.30
2014.10.15 07:01:05.366,7.25346,7.25429,1.00,1.49
2014.10.15 07:01:05.705,7.25346,7.25397,1.00,1.30
2014.10.15 07:01:05.919,7.25327,7.25397,1.00,1.30
2014.10.15 07:01:06.630,7.25327,7.25363,1.00,1.30
2014.10.15 07:01:06.681,7.25305,7.25363,1.00,1.30
2014.10.15 07:01:10.968,7.25286,7.25363,1.00,1.30
2014.10.15 07:01:11.019,7.25286,7.25355,1.00,1.30
2014.10.15 07:01:11.341,7.25286,7.25335,1.00,1.30
2014.10.15 07:01:12.543,7.25286,7.25313,1.00,1.30
2014.10.15 07:01:12.594,7.25265,7.2531,1.00,1.30
2014.10.15 07:01:12.695,7.25285,7.2536,1.00,1.30
2014.10.15 07:01:13.052,7.25304,7.25398,1.00,1.30
2014.10.15 07:01:13.256,7.25322,7.2544,1.00,1.30
2014.10.15 07:01:14.030,7.25322,7.25406,1.00,1.30
2014.10.15 07:01:14.182,7.25322,7.25433,1.00,1.30
2014.10.15 07:01:15.080,7.25322,7.2546,1.00,1.49
2014.10.15 07:01:15.238,7.25341,7.2546,1.00,1.49
2014.10.15 07:01:15.660,7.25341,7.2546,1.00,1.49
2014.10.15 07:01:16.068,7.25341,7.2546,1.00,1.30
2014.10.15 07:01:16.118,7.25359,7.2546,1.00,1.30
2014.10.15 07:01:16.972,7.25359,7.2548,1.00,1.49
2014.10.15 07:01:17.073,7.25359,7.25487,1.00,1.30
2014.10.15 07:01:17.175,7.25359,7.25508,1.00,1.30
2014.10.15 07:01:17.226,7.2541,7.25523,1.00,1.30
2014.10.15 07:01:17.530,7.2541,7.25495,1.00,1.30
2014.10.15 07:01:17.580,7.2541,7.25515,1.00,1.30
2014.10.15 07:01:17.632,7.2541,7.25531,1.00,1.30
2014.10.15 07:01:17.911,7.25429,7.25531,1.00,1.30
2014.10.15 07:01:18.014,7.25429,7.25562,1.00,1.30
2014.10.15 07:01:18.167,7.25429,7.25562,1.00,1.49
2014.10.15 07:01:18.474,7.25266,7.25362,1.00,1.30
2014.10.15 07:01:18.778,7.25263,7.25369,1.00,1.30
2014.10.15 07:01:18.829,7.25263,7.25377,1.00,1.30
2014.10.15 07:01:19.083,7.25285,7.25377,1.00,1.30
2014.10.15 07:01:19.417,7.25305,7.25413,1.00,1.49
2014.10.15 07:01:19.468,7.25305,7.25413,1.00,1.30
2014.10.15 07:01:19.570,7.25305,7.25433,1.00,1.30
2014.10.15 07:01:19.621,7.25305,7.25447,1.00,1.49
2014.10.15 07:01:19.773,7.25323,7.25447,1.00,1.49
2014.10.15 07:01:20.115,7.25342,7.25447,1.00,1.49
2014.10.15 07:01:20.544,7.25342,7.25447,1.00,1.49
2014.10.15 07:01:21.748,7.25342,7.25447,1.00,1.49
2014.10.15 07:01:22.979,7.25342,7.25447,1.00,1.30
2014.10.15 07:01:24.912,7.25366,7.25447,1.00,1.30
2014.10.15 07:01:25.014,7.25366,7.25467,1.00,1.30
2014.10.15 07:01:25.065,7.25386,7.25492,1.00,1.30
2014.10.15 07:01:25.166,7.25386,7.25532,1.00,1.30
2014.10.15 07:01:25.217,7.25393,7.25552,1.30,1.49
2014.10.15 07:01:25.268,7.25405,7.25561,1.00,1.49
2014.10.15 07:01:25.571,7.25425,7.25561,1.00,1.30
2014.10.15 07:01:25.875,7.25446,7.25561,1.00,1.30
2014.10.15 07:01:26.128,7.25446,7.25581,1.00,1.49
2014.10.15 07:01:26.872,7.25446,7.25588,1.00,1.49
2014.10.15 07:01:27.358,7.25465,7.25508,1.00,1.00
2014.10.15 07:01:27.459,7.25415,7.25488,1.00,1.00
2014.10.15 07:01:27.511,7.25375,7.25488,1.00,1.00
2014.10.15 07:01:27.562,7.25354,7.25488,1.00,1.00
2014.10.15 07:01:27.663,7.25324,7.25488,1.30,1.75
2014.10.15 07:01:27.967,7.25297,7.25412,1.00,1.30
2014.10.15 07:01:28.018,7.25275,7.25412,1.00,1.30
2014.10.15 07:01:28.069,7.25275,7.25412,1.00,2.05
2014.10.15 07:01:28.121,7.25254,7.25412,1.00,2.05
2014.10.15 07:01:28.222,7.25254,7.25385,1.00,1.30
2014.10.15 07:01:28.559,7.25254,7.25385,1.00,1.72
2014.10.15 07:01:28.660,7.25232,7.25385,1.00,1.72
2014.10.15 07:01:28.711,7.25232,7.25358,1.00,1.30
2014.10.15 07:01:29.015,7.25205,7.25312,1.00,1.30
2014.10.15 07:01:29.217,7.25223,7.25332,1.00,1.30
2014.10.15 07:01:29.268,7.25223,7.25341,1.00,1.30
2014.10.15 07:01:29.420,7.25223,7.25361,1.00,1.91
2014.10.15 07:01:29.521,7.25223,7.25368,1.00,1.30
2014.10.15 07:01:30.329,7.25254,7.25388,1.00,1.30
2014.10.15 07:01:30.380,7.25254,7.25416,1.00,1.49
2014.10.15 07:01:30.431,7.25293,7.25416,1.50,1.30
2014.10.15 07:01:30.533,7.25293,7.25436,1.50,1.30
2014.10.15 07:01:30.584,7.25293,7.25447,1.50,1.72
2014.10.15 07:01:30.635,7.25321,7.25447,1.00,1.30
2014.10.15 07:01:31.418,7.25341,7.25447,1.00,1.30
2014.10.15 07:01:31.519,7.25341,7.25477,1.00,1.99
2014.10.15 07:01:32.166,7.25341,7.25484,1.00,1.49
2014.10.15 07:01:32.320,7.25341,7.25483,1.00,1.19
2014.10.15 07:01:32.737,7.25376,7.25483,1.00,1.19
2014.10.15 07:01:33.423,7.25376,7.25484,1.00,1.49
2014.10.15 07:01:34.426,7.25376,7.25484,1.00,1.49
2014.10.15 07:01:34.692,7.25351,7.25484,1.00,1.49
2014.10.15 07:01:35.069,7.25328,7.2548,1.00,1.19
2014.10.15 07:01:35.172,7.25316,7.2548,1.30,1.19
2014.10.15 07:01:35.477,7.25316,7.25459,1.30,1.19
2014.10.15 07:01:35.530,7.25296,7.25445,1.30,1.49
2014.10.15 07:01:35.581,7.25289,7.25435,1.00,1.19
2014.10.15 07:01:35.733,7.25279,7.25435,1.30,1.19
2014.10.15 07:01:35.784,7.25279,7.25404,1.30,1.19
2014.10.15 07:01:36.777,7.25279,7.25442,1.30,1.19
2014.10.15 07:01:37.843,7.25279,7.2543,1.30,1.19
2014.10.15 07:01:38.948,7.25279,7.25439,1.30,1.19
2014.10.15 07:01:40.454,7.25279,7.25432,1.30,1.19
2014.10.15 07:01:41.457,7.25279,7.25428,1.30,1.19
2014.10.15 07:01:41.838,7.25271,7.25413,1.00,1.49
2014.10.15 07:01:42.666,7.25271,7.25413,1.00,1.49
2014.10.15 07:01:43.665,7.25271,7.25413,1.00,1.49
2014.10.15 07:01:44.796,7.25271,7.25413,1.00,1.49
2014.10.15 07:01:44.999,7.25271,7.25413,1.00,1.30
2014.10.15 07:01:45.050,7.25286,7.25443,1.30,1.19
2014.10.15 07:01:46.186,7.25286,7.25437,1.30,1.69
2014.10.15 07:01:46.504,7.2529,7.2544,1.00,1.19
2014.10.15 07:01:47.178,7.2529,7.25437,1.00,2.44
2014.10.15 07:01:47.487,7.25286,7.25437,1.30,2.44
2014.10.15 07:01:47.857,7.25271,7.25425,1.00,1.49
2014.10.15 07:01:47.908,7.25301,7.25387,1.00,1.50
2014.10.15 07:01:48.010,7.2528,7.25377,1.00,1.69
2014.10.15 07:01:48.702,7.2528,7.25396,1.00,1.49
2014.10.15 07:01:49.036,7.2528,7.25387,1.00,1.50
2014.10.15 07:01:49.517,7.2528,7.25377,1.00,1.69
2014.10.15 07:01:50.290,7.2528,7.25384,1.00,1.19
2014.10.15 07:01:51.107,7.2528,7.25396,1.00,1.49
2014.10.15 07:01:52.106,7.2528,7.25425,1.00,1.91
2014.10.15 07:01:52.987,7.25298,7.25425,1.00,1.91
2014.10.15 07:01:53.418,7.25298,7.25425,1.00,1.49
2014.10.15 07:01:54.410,7.25298,7.25425,1.00,1.49
2014.10.15 07:01:55.458,7.25298,7.25448,1.00,1.19
2014.10.15 07:01:56.184,7.25318,7.25448,1.00,1.19
2014.10.15 07:01:56.328,7.25318,7.25453,1.00,1.49
2014.10.15 07:01:56.733,7.25338,7.25453,1.00,1.49
2014.10.15 07:01:57.037,7.25338,7.25445,1.00,1.19
2014.10.15 07:01:57.341,7.25338,7.25449,1.00,1.49
2014.10.15 07:01:58.526,7.25338,7.25449,1.00,1.49
2014.10.15 07:01:59.550,7.25338,7.25449,1.00,1.49
2014.10.15 07:01:59.854,7.25321,7.25412,1.00,1.30
2014.10.15 07:02:00.232,7.25321,7.25412,1.00,1.49
2014.10.15 07:02:00.334,7.2528,7.25412,1.00,1.49
2014.10.15 07:02:00.588,7.25261,7.25404,1.00,1.30
2014.10.15 07:02:00.689,7.25261,7.25384,1.00,1.30
2014.10.15 07:02:04.349,7.25261,7.25384,1.00,1.49
2014.10.15 07:02:04.551,7.25239,7.25384,1.00,1.49
2014.10.15 07:02:05.450,7.25239,7.25384,1.00,1.91
2014.10.15 07:02:07.457,7.25239,7.25384,1.00,1.49
2014.10.15 07:02:07.927,7.25264,7.25384,1.00,1.49
2014.10.15 07:02:08.080,7.25264,7.25417,1.00,1.49
2014.10.15 07:02:08.232,7.25264,7.25389,1.00,1.30
2014.10.15 07:02:08.946,7.25264,7.25422,1.00,1.49
2014.10.15 07:02:09.165,7.25264,7.25422,1.00,1.16
2014.10.15 07:02:10.168,7.25264,7.25422,1.00,1.49
2014.10.15 07:02:10.485,7.25254,7.25326,1.30,1.50
2014.10.15 07:02:10.536,7.25224,7.25326,1.00,2.47
2014.10.15 07:02:10.587,7.25205,7.25326,1.00,2.47
2014.10.15 07:02:10.638,7.25233,7.25326,1.50,1.30
2014.10.15 07:02:10.739,7.25233,7.25356,1.50,1.30
2014.10.15 07:02:10.891,7.25245,7.25356,1.00,1.30
2014.10.15 07:02:11.043,7.25245,7.25385,1.00,1.30
2014.10.15 07:02:11.094,7.25245,7.25385,1.19,1.30
2014.10.15 07:02:12.109,7.25268,7.25385,1.00,1.30
2014.10.15 07:02:12.160,7.25268,7.2542,1.00,1.30
2014.10.15 07:02:12.959,7.25268,7.2538,1.00,1.30
2014.10.15 07:02:14.146,7.25268,7.2541,1.00,1.49
2014.10.15 07:02:16.109,7.25268,7.2541,1.00,1.49
2014.10.15 07:02:16.730,7.25245,7.25379,1.00,1.30
2014.10.15 07:02:16.832,7.25224,7.25379,1.19,1.30
2014.10.15 07:02:16.996,7.25224,7.25379,1.00,1.49
2014.10.15 07:02:18.008,7.25224,7.25379,1.00,1.49
2014.10.15 07:02:18.109,7.25224,7.25372,1.00,1.19
2014.10.15 07:02:18.161,7.2521,7.25372,1.30,1.19
2014.10.15 07:02:18.262,7.25206,7.25347,1.00,1.30
2014.10.15 07:02:19.134,7.25216,7.25367,1.30,1.30
2014.10.15 07:02:19.186,7.25216,7.2538,1.30,1.19
2014.10.15 07:02:20.237,7.25216,7.2538,1.30,1.00
2014.10.15 07:02:20.340,7.25256,7.2538,1.00,1.00
2014.10.15 07:02:20.645,7.25353,7.25437,1.50,1.30
2014.10.15 07:02:20.697,7.25353,7.25477,1.50,1.00
2014.10.15 07:02:20.747,7.25351,7.25483,1.19,1.30
2014.10.15 07:02:20.950,7.25403,7.25553,1.19,1.30
2014.10.15 07:02:21.207,7.25419,7.25527,1.49,1.50
2014.10.15 07:02:21.258,7.25419,7.25527,1.30,1.50
2014.10.15 07:02:21.309,7.25419,7.25546,1.30,1.50
2014.10.15 07:02:21.462,7.25419,7.25543,1.30,1.00
2014.10.15 07:02:21.737,7.25399,7.25543,1.30,1.00
2014.10.15 07:02:21.788,7.2539,7.25543,1.30,1.00
2014.10.15 07:02:21.890,7.2539,7.2552,1.30,1.00
2014.10.15 07:02:22.216,7.2539,7.2554,1.30,1.00
2014.10.15 07:02:22.982,7.2539,7.2549,1.30,1.00
2014.10.15 07:02:23.134,7.2539,7.25515,1.30,1.00
2014.10.15 07:02:23.736,7.2539,7.25515,1.49,1.00
2014.10.15 07:02:24.040,7.2539,7.2549,1.49,1.00
2014.10.15 07:02:24.201,7.2539,7.25518,1.49,1.00
2014.10.15 07:02:24.252,7.2537,7.25518,1.30,1.00
2014.10.15 07:02:24.303,7.25358,7.25518,1.49,1.00
2014.10.15 07:02:24.836,7.25362,7.25518,1.19,1.00
2014.10.15 07:02:25.185,7.25387,7.25518,1.19,1.00
2014.10.15 07:02:25.337,7.25358,7.25518,1.49,1.00
2014.10.15 07:02:26.080,7.25344,7.25495,1.00,1.30
2014.10.15 07:02:26.131,7.25344,7.25495,1.00,2.05
2014.10.15 07:02:26.435,7.25294,7.25428,1.19,1.30
2014.10.15 07:02:27.277,7.2529,7.25428,1.19,1.30
2014.10.15 07:02:28.118,7.25314,7.25428,1.00,2.05
2014.10.15 07:02:28.170,7.25265,7.2539,1.00,1.30
2014.10.15 07:02:28.271,7.2524,7.2536,1.00,1.30
2014.10.15 07:02:28.373,7.2522,7.2536,1.00,1.30
2014.10.15 07:02:28.575,7.2522,7.2536,1.00,1.49
2014.10.15 07:02:28.879,7.2522,7.2535,1.00,1.19
2014.10.15 07:02:29.081,7.2522,7.25357,1.00,1.69
2014.10.15 07:02:30.089,7.2522,7.25352,1.00,1.19
2014.10.15 07:02:30.827,7.25193,7.25352,1.72,1.19
2014.10.15 07:02:30.878,7.25193,7.25332,1.00,1.30
2014.10.15 07:02:31.182,7.25193,7.25332,1.00,1.49
2014.10.15 07:02:31.860,7.25193,7.25332,1.00,1.30
2014.10.15 07:02:34.176,7.25195,7.25353,1.30,1.19
2014.10.15 07:02:34.227,7.25217,7.25353,1.00,1.19
2014.10.15 07:02:35.083,7.25217,7.25358,1.00,1.19
2014.10.15 07:02:36.110,7.25235,7.25358,1.00,1.19
2014.10.15 07:02:36.316,7.25235,7.25363,1.00,1.49
2014.10.15 07:02:37.282,7.25235,7.25363,1.00,1.49
2014.10.15 07:02:38.285,7.25235,7.25363,1.00,1.49
2014.10.15 07:02:39.288,7.25235,7.25363,1.00,1.30
2014.10.15 07:02:40.414,7.25255,7.25383,1.00,1.30
2014.10.15 07:02:40.465,7.25255,7.25392,1.00,1.30
2014.10.15 07:02:44.325,7.25255,7.25392,1.00,1.49
2014.10.15 07:02:45.345,7.25255,7.25392,1.00,1.49
2014.10.15 07:02:45.655,7.25273,7.25411,1.00,1.19
2014.10.15 07:02:45.857,7.25273,7.25417,1.00,2.18
2014.10.15 07:02:46.009,7.253,7.25417,1.00,2.18
2014.10.15 07:02:46.364,7.253,7.25451,1.00,1.49
2014.10.15 07:02:47.724,7.253,7.25451,1.00,1.30
2014.10.15 07:02:52.065,7.253,7.25451,1.00,1.49
2014.10.15 07:02:52.258,7.2532,7.25451,1.00,1.49
2014.10.15 07:02:53.272,7.2532,7.25451,1.00,1.30
2014.10.15 07:02:53.323,7.2532,7.25482,1.00,1.49
2014.10.15 07:02:53.374,7.25338,7.25482,1.00,1.49
2014.10.15 07:02:53.939,7.25338,7.25482,1.00,1.30
2014.10.15 07:02:54.568,7.25359,7.25482,1.00,1.30
2014.10.15 07:02:54.619,7.25359,7.25515,1.00,1.49
2014.10.15 07:02:55.042,7.25359,7.25508,1.00,1.19
2014.10.15 07:02:56.059,7.25359,7.25509,1.00,1.19
2014.10.15 07:02:56.391,7.25377,7.25509,1.00,1.19
2014.10.15 07:02:57.256,7.25377,7.25496,1.00,1.19
2014.10.15 07:02:58.684,7.25377,7.25487,1.00,1.49
2014.10.15 07:02:59.995,7.25377,7.25503,1.00,1.19
2014.10.15 07:03:01.062,7.25377,7.25519,1.00,1.49
2014.10.15 07:03:02.067,7.25377,7.25507,1.00,1.19
2014.10.15 07:03:03.070,7.25377,7.25517,1.00,1.19
2014.10.15 07:03:04.073,7.25377,7.25519,1.00,1.49
2014.10.15 07:03:04.779,7.25377,7.25498,1.00,1.19
2014.10.15 07:03:07.594,7.25377,7.25491,1.00,1.49
2014.10.15 07:03:08.322,7.25377,7.25471,1.00,1.79
2014.10.15 07:03:08.423,7.25312,7.25407,1.00,1.50
2014.10.15 07:03:08.711,7.25312,7.25417,1.00,1.69
2014.10.15 07:03:08.863,7.25255,7.25417,1.30,1.69
2014.10.15 07:03:09.634,7.25255,7.25409,1.30,1.19
2014.10.15 07:03:09.905,7.25255,7.25417,1.30,1.69
2014.10.15 07:03:09.956,7.25265,7.25423,1.00,2.29
2014.10.15 07:03:10.369,7.25283,7.25423,1.00,1.91
2014.10.15 07:03:11.705,7.25283,7.25423,1.00,1.30
2014.10.15 07:03:14.626,7.25283,7.25423,1.00,1.49
2014.10.15 07:03:16.627,7.25283,7.25423,1.00,1.49
2014.10.15 07:03:17.089,7.25283,7.25387,1.00,1.30
2014.10.15 07:03:21.082,7.25283,7.25416,1.00,1.49
2014.10.15 07:03:21.183,7.25283,7.25416,1.00,1.49
2014.10.15 07:03:22.360,7.25283,7.25416,1.00,1.49
2014.10.15 07:03:23.473,7.25283,7.25416,1.00,1.49
2014.10.15 07:03:23.979,7.25289,7.25436,1.30,2.18
2014.10.15 07:03:24.081,7.25301,7.25436,1.00,2.18
2014.10.15 07:03:24.958,7.25301,7.25457,1.00,1.30
2014.10.15 07:03:28.007,7.25301,7.25457,1.00,1.49
2014.10.15 07:03:28.983,7.25301,7.25457,1.00,1.30
2014.10.15 07:03:29.791,7.2532,7.25457,1.00,1.30
2014.10.15 07:03:32.086,7.2538,7.25457,1.00,1.30
2014.10.15 07:03:32.137,7.2538,7.25477,1.00,1.30
2014.10.15 07:03:32.243,7.2538,7.25495,1.00,1.30
2014.10.15 07:03:32.294,7.2538,7.25495,1.19,1.30
2014.10.15 07:03:32.345,7.2538,7.25515,1.19,1.30
2014.10.15 07:03:32.396,7.25373,7.25523,1.49,1.00
2014.10.15 07:03:32.497,7.25373,7.25523,1.30,1.00
2014.10.15 07:03:32.548,7.25358,7.2551,1.00,1.30
2014.10.15 07:03:32.599,7.25352,7.2551,1.00,1.30
2014.10.15 07:03:33.575,7.25352,7.2551,1.00,1.49
2014.10.15 07:03:35.094,7.25352,7.2551,1.00,1.49
2014.10.15 07:03:35.306,7.25352,7.2551,1.00,1.30
2014.10.15 07:03:35.408,7.25341,7.2549,1.30,1.19
2014.10.15 07:03:35.561,7.25318,7.25477,1.00,1.99
2014.10.15 07:03:35.612,7.25318,7.25465,1.00,1.19
2014.10.15 07:03:41.307,7.25344,7.25455,1.00,1.30
2014.10.15 07:03:45.342,7.25344,7.25475,1.00,1.49
2014.10.15 07:03:46.232,7.25344,7.25487,1.00,1.49
2014.10.15 07:03:47.463,7.25344,7.25487,1.00,1.49
2014.10.15 07:03:48.529,7.25344,7.25487,1.00,1.49
2014.10.15 07:03:49.012,7.25344,7.25458,1.00,1.30
2014.10.15 07:03:50.253,7.2532,7.25458,1.00,1.30
2014.10.15 07:03:50.760,7.2532,7.25458,1.00,1.49
2014.10.15 07:03:51.215,7.253,7.25458,1.00,1.49
2014.10.15 07:03:51.507,7.253,7.2545,1.00,1.30
2014.10.15 07:03:51.826,7.253,7.2543,1.00,1.30
2014.10.15 07:03:55.904,7.25302,7.2547,1.30,1.49
2014.10.15 07:03:55.955,7.25322,7.2547,1.00,1.49
2014.10.15 07:03:56.107,7.25322,7.2547,1.00,1.49
2014.10.15 07:03:56.688,7.25331,7.25485,1.30,1.19
2014.10.15 07:03:57.064,7.25344,7.25495,1.00,1.19
2014.10.15 07:03:57.685,7.25344,7.25496,1.00,1.25
2014.10.15 07:03:58.684,7.25344,7.25499,1.00,1.49
2014.10.15 07:03:59.486,7.25363,7.25499,1.00,1.49
2014.10.15 07:03:59.674,7.25363,7.25499,1.00,1.49
2014.10.15 07:04:00.496,7.25365,7.25533,1.30,1.49
2014.10.15 07:04:00.648,7.25375,7.25533,1.30,1.49
2014.10.15 07:04:00.699,7.25395,7.25537,1.30,1.00
2014.10.15 07:04:00.800,7.25395,7.25555,1.30,1.19
2014.10.15 07:04:01.023,7.2541,7.25562,1.00,1.19
2014.10.15 07:04:01.685,7.2541,7.25564,1.00,1.49
2014.10.15 07:04:02.688,7.2541,7.25564,1.00,1.49
2014.10.15 07:04:06.702,7.2541,7.25564,1.00,1.49
2014.10.15 07:04:07.743,7.2541,7.25564,1.00,1.49
2014.10.15 07:04:08.710,7.2541,7.25564,1.00,1.49
2014.10.15 07:04:09.735,7.2541,7.25564,1.00,1.30
2014.10.15 07:04:10.038,7.25429,7.25564,1.00,1.30
2014.10.15 07:04:10.139,7.25448,7.25592,1.00,1.16
2014.10.15 07:04:11.340,7.25448,7.25592,1.00,1.49
2014.10.15 07:04:12.327,7.25448,7.25592,1.00,1.30
2014.10.15 07:04:14.701,7.25448,7.25564,1.00,1.30
2014.10.15 07:04:21.516,7.25448,7.25584,1.00,1.49
2014.10.15 07:04:21.618,7.25448,7.25571,1.00,1.30
2014.10.15 07:04:21.719,7.25448,7.2559,1.00,1.30
2014.10.15 07:04:21.770,7.25448,7.25612,1.00,1.19
2014.10.15 07:04:21.821,7.25448,7.25612,1.19,1.00
2014.10.15 07:04:21.922,7.25468,7.25613,1.00,1.30
2014.10.15 07:04:22.226,7.25471,7.25613,1.19,1.30
2014.10.15 07:04:22.428,7.25472,7.25633,1.49,1.30
2014.10.15 07:04:22.479,7.25472,7.25638,1.49,1.00
2014.10.15 07:04:22.682,7.25472,7.25638,1.30,1.19
2014.10.15 07:04:23.653,7.25464,7.25603,1.19,1.30
2014.10.15 07:04:23.805,7.25444,7.25603,1.00,1.30
2014.10.15 07:04:24.008,7.25435,7.256,1.30,1.00
2014.10.15 07:04:25.210,7.25435,7.25564,1.16,1.00
2014.10.15 07:04:25.515,7.2544,7.25564,1.00,1.00
2014.10.15 07:04:25.617,7.25437,7.25564,1.00,1.00
2014.10.15 07:04:25.911,7.25439,7.25564,1.00,1.00
2014.10.15 07:04:26.215,7.25439,7.25576,1.00,1.30
2014.10.15 07:04:26.266,7.25433,7.25576,1.25,1.30
2014.10.15 07:04:26.317,7.25433,7.25558,1.25,1.00
2014.10.15 07:04:26.995,7.25425,7.25576,1.19,1.30
2014.10.15 07:04:27.046,7.25425,7.25576,1.19,1.30
2014.10.15 07:04:28.005,7.25425,7.25576,1.00,1.30
2014.10.15 07:04:28.223,7.25417,7.25576,1.19,1.30
2014.10.15 07:04:28.408,7.25417,7.25576,1.00,1.49
2014.10.15 07:04:28.510,7.25417,7.25546,1.00,1.00
2014.10.15 07:04:30.071,7.25417,7.25527,1.00,1.00
2014.10.15 07:04:31.130,7.25417,7.25572,1.00,1.19
2014.10.15 07:04:31.412,7.25413,7.25572,1.00,1.19
2014.10.15 07:04:31.463,7.25413,7.25572,1.00,1.25
2014.10.15 07:04:32.483,7.25413,7.25538,1.00,1.00
2014.10.15 07:04:32.916,7.25413,7.25564,1.00,1.00
2014.10.15 07:04:33.804,7.25413,7.25539,1.00,1.00
2014.10.15 07:04:33.991,7.25413,7.25568,1.00,1.00
2014.10.15 07:04:35.200,7.25413,7.25539,1.00,1.00
2014.10.15 07:04:35.571,7.25412,7.25568,1.00,1.00
2014.10.15 07:04:37.757,7.25412,7.25543,1.00,1.00
2014.10.15 07:04:38.194,7.25412,7.25573,1.00,1.00
2014.10.15 07:04:40.553,7.25413,7.25573,1.00,1.00
2014.10.15 07:04:40.604,7.25413,7.25539,1.00,1.00
2014.10.15 07:04:42.535,7.2542,7.25539,1.00,1.00
2014.10.15 07:04:42.687,7.2542,7.25566,1.00,1.00
2014.10.15 07:04:43.797,7.25436,7.25584,1.30,1.00
2014.10.15 07:04:51.876,7.2544,7.25584,1.00,1.00
2014.10.15 07:04:51.927,7.2544,7.25602,1.00,1.00
2014.10.15 07:04:52.129,7.25436,7.25602,1.30,1.00
2014.10.15 07:04:52.332,7.25436,7.25595,1.30,1.30
2014.10.15 07:04:52.636,7.25417,7.25575,1.19,1.30
2014.10.15 07:04:53.521,7.25416,7.25575,1.19,1.30
2014.10.15 07:04:54.382,7.25416,7.25556,1.19,1.00
2014.10.15 07:04:54.484,7.25416,7.25575,1.19,1.30
2014.10.15 07:04:54.535,7.25409,7.25575,1.19,1.30
2014.10.15 07:04:55.715,7.25415,7.25575,1.19,1.30
2014.10.15 07:04:56.708,7.25416,7.25575,1.19,1.30
2014.10.15 07:04:57.712,7.25412,7.25575,1.19,1.30
2014.10.15 07:04:58.858,7.25427,7.25575,1.19,1.30
2014.10.15 07:04:59.933,7.25429,7.25575,1.19,1.30
2014.10.15 07:05:00.604,7.25441,7.25601,1.49,1.00
2014.10.15 07:05:01.113,7.25451,7.25601,1.00,1.00
2014.10.15 07:05:01.164,7.25451,7.25601,1.19,1.00
2014.10.15 07:05:02.168,7.25451,7.25601,1.19,1.00
2014.10.15 07:05:02.497,7.25473,7.25601,1.00,1.00
2014.10.15 07:05:02.708,7.25473,7.2561,1.00,1.30
2014.10.15 07:05:02.961,7.25473,7.25621,1.00,1.00
2014.10.15 07:05:03.012,7.25479,7.25621,1.00,1.00
2014.10.15 07:05:03.675,7.25469,7.25621,1.49,1.00
2014.10.15 07:05:04.414,7.25469,7.25621,1.30,1.00
2014.10.15 07:05:05.329,7.2546,7.25603,1.19,1.30
2014.10.15 07:05:05.532,7.2546,7.25603,1.00,1.30
2014.10.15 07:05:05.648,7.25465,7.25603,1.00,1.30
2014.10.15 07:05:06.414,7.25464,7.25603,1.00,1.30
2014.10.15 07:05:06.744,7.25467,7.25621,1.00,1.00
2014.10.15 07:05:07.822,7.25472,7.25621,1.00,1.00
2014.10.15 07:05:08.154,7.25486,7.25621,1.00,1.00
2014.10.15 07:05:08.594,7.25484,7.25621,1.00,1.00
2014.10.15 07:05:09.597,7.25467,7.25621,1.19,1.00
2014.10.15 07:05:09.649,7.25467,7.25621,1.19,1.00
2014.10.15 07:05:10.907,7.25465,7.25621,1.30,1.00
2014.10.15 07:05:15.968,7.25465,7.25621,1.49,1.00
2014.10.15 07:05:16.171,7.25493,7.25621,1.30,1.00
2014.10.15 07:05:16.374,7.25493,7.25642,1.30,1.19
2014.10.15 07:05:16.429,7.25493,7.25642,1.30,1.00
2014.10.15 07:05:17.446,7.25493,7.2566,1.30,1.30
2014.10.15 07:05:17.497,7.25493,7.2566,1.30,1.49
2014.10.15 07:05:18.116,7.25522,7.2566,1.00,1.49
2014.10.15 07:05:18.978,7.25522,7.2566,1.00,1.30
2014.10.15 07:05:19.029,7.25522,7.2569,1.00,1.91
2014.10.15 07:05:19.943,7.25523,7.2569,1.50,1.49
2014.10.15 07:05:19.994,7.25541,7.2569,1.00,1.49
2014.10.15 07:05:20.045,7.25541,7.2569,1.00,1.49
2014.10.15 07:05:22.202,7.25547,7.2569,1.30,1.19
2014.10.15 07:05:22.468,7.25547,7.2569,1.30,1.19
2014.10.15 07:05:23.272,7.25562,7.25704,1.00,1.19
2014.10.15 07:05:24.200,7.25562,7.25706,1.00,1.19
2014.10.15 07:05:25.158,7.25562,7.25702,1.00,1.19
2014.10.15 07:05:26.834,7.25562,7.2569,1.00,2.24
2014.10.15 07:05:27.172,7.25562,7.25687,1.00,1.94
2014.10.15 07:05:29.974,7.25562,7.2569,1.00,2.24
2014.10.15 07:05:30.492,7.25562,7.25659,1.00,1.00
2014.10.15 07:05:30.644,7.25503,7.25647,1.00,1.30
2014.10.15 07:05:31.102,7.25478,7.25647,1.49,1.30
2014.10.15 07:05:31.406,7.25478,7.25647,1.30,1.49
2014.10.15 07:05:33.985,7.25478,7.25635,1.30,1.19
2014.10.15 07:05:35.034,7.25478,7.25635,1.30,1.19
2014.10.15 07:05:35.991,7.25478,7.25635,1.30,1.69
2014.10.15 07:05:36.993,7.25478,7.25635,1.30,1.19
2014.10.15 07:05:37.996,7.25478,7.25634,1.30,1.19
2014.10.15 07:05:38.999,7.25478,7.25627,1.30,1.19
2014.10.15 07:05:40.014,7.25478,7.25627,1.30,1.19
2014.10.15 07:05:40.987,7.25492,7.25627,1.30,1.19
2014.10.15 07:05:41.038,7.25492,7.2563,1.30,1.19
2014.10.15 07:05:42.010,7.25492,7.2563,1.30,1.19
2014.10.15 07:05:43.013,7.25492,7.25628,1.30,1.19
2014.10.15 07:05:44.016,7.25492,7.25624,1.30,1.19
2014.10.15 07:05:45.019,7.25492,7.25629,1.30,1.19
2014.10.15 07:05:46.022,7.25492,7.2563,1.30,1.69
2014.10.15 07:05:47.032,7.25492,7.25623,1.30,1.19
2014.10.15 07:05:48.231,7.25492,7.2563,1.30,1.19
2014.10.15 07:05:48.383,7.2546,7.2563,1.30,1.69
2014.10.15 07:05:48.665,7.2546,7.25607,1.30,1.19
2014.10.15 07:05:48.871,7.25452,7.25601,1.30,1.94
2014.10.15 07:05:48.922,7.25436,7.2559,1.30,1.19
2014.10.15 07:05:48.973,7.25465,7.2559,1.30,1.19
2014.10.15 07:05:50.043,7.25465,7.25612,1.30,1.19
2014.10.15 07:05:51.145,7.25465,7.25606,1.30,1.19
2014.10.15 07:05:52.024,7.25495,7.25606,1.30,1.19
2014.10.15 07:05:52.176,7.25495,7.25616,1.30,1.19
2014.10.15 07:05:53.160,7.25495,7.25634,1.30,1.25
2014.10.15 07:05:53.504,7.25468,7.25627,1.30,2.14
2014.10.15 07:05:53.555,7.25468,7.25609,1.30,1.06
2014.10.15 07:05:53.858,7.25468,7.25606,1.30,1.65
2014.10.15 07:05:54.162,7.25468,7.25598,1.30,1.14
2014.10.15 07:05:54.618,7.25503,7.25587,1.30,1.00
2014.10.15 07:05:54.840,7.25503,7.2562,1.30,1.19
2014.10.15 07:05:55.693,7.25503,7.25629,1.30,1.19
2014.10.15 07:05:55.744,7.25548,7.25637,1.30,1.19
2014.10.15 07:05:55.872,7.25548,7.25647,1.30,1.69
2014.10.15 07:05:56.328,7.25548,7.25637,1.30,1.50
2014.10.15 07:05:56.430,7.25524,7.25637,1.30,1.50
2014.10.15 07:05:56.481,7.25524,7.25617,1.30,1.69
2014.10.15 07:05:57.474,7.25524,7.25627,1.30,1.69
2014.10.15 07:05:58.477,7.25524,7.25627,1.30,1.69
2014.10.15 07:05:59.106,7.25524,7.25647,1.30,1.69
2014.10.15 07:06:00.493,7.25524,7.25647,1.30,1.50
2014.10.15 07:06:00.803,7.25534,7.25647,1.30,1.50
2014.10.15 07:06:01.121,7.25554,7.25647,1.30,1.50
2014.10.15 07:06:01.305,7.25554,7.25649,1.30,1.00
2014.10.15 07:06:03.894,7.25554,7.25649,1.30,1.19
2014.10.15 07:06:04.046,7.2552,7.25647,1.30,1.69
2014.10.15 07:06:05.098,7.2552,7.25647,1.30,1.69
2014.10.15 07:06:05.416,7.2553,7.25647,1.30,1.69
2014.10.15 07:06:05.765,7.25551,7.25647,1.30,1.69
2014.10.15 07:06:06.100,7.25551,7.25647,1.30,1.69
2014.10.15 07:06:06.434,7.25551,7.2564,1.30,1.19
2014.10.15 07:06:06.638,7.25519,7.25627,1.30,2.44
2014.10.15 07:06:06.790,7.25519,7.25607,1.30,1.50
2014.10.15 07:06:07.482,7.25519,7.25607,1.30,1.69
2014.10.15 07:06:07.807,7.25519,7.25607,1.30,1.69
2014.10.15 07:06:08.809,7.25519,7.25607,1.30,1.69
2014.10.15 07:06:10.814,7.25519,7.25607,1.30,1.69
2014.10.15 07:06:11.817,7.25519,7.25607,1.30,1.69
2014.10.15 07:06:12.820,7.25519,7.25607,1.30,1.69
2014.10.15 07:06:13.824,7.25519,7.25607,1.30,1.69
2014.10.15 07:06:14.826,7.25519,7.25607,1.30,1.69
2014.10.15 07:06:15.865,7.25519,7.25607,1.30,1.69
2014.10.15 07:06:17.134,7.25519,7.25607,1.30,1.69
2014.10.15 07:06:18.139,7.25519,7.25607,1.30,1.69
2014.10.15 07:06:19.343,7.25519,7.25607,1.30,1.69
2014.10.15 07:06:20.375,7.25519,7.25626,1.30,2.29
2014.10.15 07:06:20.426,7.25556,7.25626,1.30,2.29
2014.10.15 07:06:20.730,7.25536,7.25597,1.30,1.00
2014.10.15 07:06:20.781,7.25525,7.25597,1.30,1.19
2014.10.15 07:06:20.833,7.25505,7.25597,1.30,1.19
2014.10.15 07:06:20.884,7.25485,7.25607,1.30,1.50
2014.10.15 07:06:20.935,7.25516,7.25618,1.30,1.00
2014.10.15 07:06:21.238,7.25572,7.25646,1.30,1.00
2014.10.15 07:06:21.289,7.25572,7.25679,1.30,1.94
2014.10.15 07:06:21.391,7.25572,7.25679,1.30,1.75
2014.10.15 07:06:21.948,7.25571,7.25698,1.30,1.94
2014.10.15 07:06:22.050,7.25571,7.25698,1.30,1.19
2014.10.15 07:06:22.764,7.25571,7.25698,1.30,1.00
2014.10.15 07:06:22.865,7.25571,7.25707,1.30,2.18
2014.10.15 07:06:24.202,7.25571,7.25709,1.30,1.25
2014.10.15 07:06:25.683,7.25571,7.25701,1.30,1.19
2014.10.15 07:06:26.791,7.25571,7.25709,1.30,1.19
2014.10.15 07:06:27.756,7.25601,7.25709,1.30,1.19
2014.10.15 07:06:27.807,7.25601,7.25709,1.30,1.19
2014.10.15 07:06:28.904,7.25601,7.25709,1.30,1.19
2014.10.15 07:06:30.285,7.25601,7.25709,1.30,1.19
2014.10.15 07:06:31.292,7.25601,7.25716,1.30,1.19
2014.10.15 07:06:33.236,7.25601,7.25727,1.30,1.00
2014.10.15 07:06:33.287,7.25617,7.25727,1.30,1.00
2014.10.15 07:06:33.590,7.25638,7.25744,1.30,1.00
2014.10.15 07:06:33.926,7.25638,7.25744,1.30,1.19
2014.10.15 07:06:34.643,7.25609,7.25744,1.30,1.19
2014.10.15 07:06:34.705,7.25609,7.25744,1.30,1.19
2014.10.15 07:06:35.314,7.25618,7.25744,1.30,1.00
2014.10.15 07:06:35.365,7.25638,7.25769,1.30,1.19
2014.10.15 07:06:35.734,7.25671,7.25769,1.30,1.19
2014.10.15 07:06:36.124,7.25671,7.25789,1.30,1.19
2014.10.15 07:06:37.120,7.25671,7.25789,1.30,1.00
2014.10.15 07:06:37.171,7.25703,7.25789,1.30,1.00
2014.10.15 07:06:37.222,7.25703,7.25807,1.30,1.19
2014.10.15 07:06:37.323,7.25703,7.25807,1.30,1.00
2014.10.15 07:06:37.425,7.25703,7.25835,1.30,1.19
2014.10.15 07:06:38.266,7.25703,7.25826,1.30,1.19
2014.10.15 07:06:38.661,7.25672,7.25798,1.30,1.19
2014.10.15 07:06:39.571,7.25672,7.25806,1.30,1.19
2014.10.15 07:06:41.575,7.25672,7.25792,1.30,1.19
2014.10.15 07:06:42.641,7.25672,7.25792,1.30,1.69
2014.10.15 07:06:43.644,7.25672,7.25792,1.30,1.19
2014.10.15 07:06:44.646,7.25672,7.25792,1.30,1.19
2014.10.15 07:06:45.858,7.25672,7.25792,1.30,1.19
2014.10.15 07:06:46.651,7.25644,7.25792,1.30,1.19
2014.10.15 07:06:46.803,7.25644,7.25792,1.30,1.19
2014.10.15 07:06:47.124,7.25644,7.25773,1.30,1.00
2014.10.15 07:06:47.957,7.25644,7.25773,1.30,1.19
2014.10.15 07:06:49.962,7.25644,7.25773,1.30,1.19
2014.10.15 07:06:50.064,7.25614,7.25773,1.30,1.19
2014.10.15 07:06:51.003,7.25614,7.25765,1.30,1.19
2014.10.15 07:06:51.969,7.25614,7.25762,1.30,1.19
2014.10.15 07:06:52.973,7.25614,7.25758,1.30,1.19
2014.10.15 07:06:53.074,7.25599,7.25755,1.00,1.49
2014.10.15 07:06:53.910,7.25649,7.25755,1.00,1.49
2014.10.15 07:06:54.214,7.2568,7.25755,1.00,1.49
2014.10.15 07:06:54.601,7.2568,7.25775,1.00,1.30
2014.10.15 07:06:54.652,7.2568,7.25781,1.00,1.72
2014.10.15 07:06:55.154,7.25698,7.25781,1.00,1.30
2014.10.15 07:06:55.205,7.25698,7.25802,1.00,1.30
2014.10.15 07:06:55.256,7.25718,7.25812,1.00,1.30
2014.10.15 07:06:55.407,7.25718,7.25832,1.00,1.49
2014.10.15 07:06:55.722,7.25718,7.25844,1.00,2.30
2014.10.15 07:06:55.780,7.25736,7.25844,1.00,2.30
2014.10.15 07:06:55.830,7.25736,7.25844,1.00,1.55
2014.10.15 07:06:56.480,7.25755,7.25844,1.00,1.49
2014.10.15 07:06:56.802,7.25773,7.25844,1.00,1.30
2014.10.15 07:06:57.613,7.25773,7.25864,1.00,1.49
2014.10.15 07:06:58.092,7.25773,7.25877,1.00,1.49
2014.10.15 07:06:59.898,7.25773,7.25877,1.00,1.49
2014.10.15 07:07:00.901,7.25773,7.25877,1.00,1.49
2014.10.15 07:07:01.904,7.25773,7.25877,1.00,1.49
2014.10.15 07:07:03.909,7.25773,7.25877,1.00,1.49
2014.10.15 07:07:04.940,7.25773,7.25877,1.00,1.49
2014.10.15 07:07:05.916,7.25773,7.25877,1.00,1.49
2014.10.15 07:07:07.019,7.25773,7.25877,1.00,1.49
2014.10.15 07:07:07.341,7.25809,7.25877,1.00,1.49
2014.10.15 07:07:08.925,7.25809,7.25894,1.00,1.19
2014.10.15 07:07:09.461,7.25809,7.25904,1.00,1.67
2014.10.15 07:07:09.562,7.25846,7.25904,1.00,1.30
2014.10.15 07:07:09.613,7.25846,7.25917,1.00,1.99
2014.10.15 07:07:09.765,7.25846,7.25899,1.00,1.19
2014.10.15 07:07:09.866,7.25817,7.25896,1.00,1.49
2014.10.15 07:07:10.342,7.25796,7.25896,1.00,1.49
2014.10.15 07:07:11.054,7.25796,7.25896,1.00,1.49
2014.10.15 07:07:12.443,7.25796,7.25923,1.00,1.19
2014.10.15 07:07:13.441,7.25796,7.25927,1.00,1.19
2014.10.15 07:07:14.445,7.25796,7.25924,1.00,1.19
2014.10.15 07:07:14.748,7.25771,7.25901,1.00,2.24
2014.10.15 07:07:15.257,7.25771,7.25901,1.00,2.05
2014.10.15 07:07:15.308,7.25771,7.25901,1.00,1.30
2014.10.15 07:07:15.614,7.25789,7.25904,1.00,1.19
2014.10.15 07:07:16.855,7.25789,7.25894,1.00,1.19
2014.10.15 07:07:17.243,7.25771,7.25881,1.00,1.49
2014.10.15 07:07:17.665,7.25788,7.25881,1.00,1.49
2014.10.15 07:07:17.859,7.25788,7.25881,1.00,1.30
2014.10.15 07:07:19.619,7.25768,7.25881,1.00,1.16
2014.10.15 07:07:20.941,7.25787,7.25881,1.00,1.30
2014.10.15 07:07:21.386,7.25787,7.25881,1.00,1.49
2014.10.15 07:07:22.737,7.25768,7.25881,1.00,1.49
2014.10.15 07:07:23.580,7.25787,7.25881,1.00,1.49
2014.10.15 07:07:23.930,7.25787,7.25881,1.00,1.49
2014.10.15 07:07:24.832,7.25787,7.25881,1.00,1.49
2014.10.15 07:07:28.093,7.25787,7.25881,1.00,1.30
2014.10.15 07:07:32.820,7.25765,7.25881,1.00,1.30
2014.10.15 07:07:36.933,7.25747,7.25881,1.00,1.30
2014.10.15 07:07:36.984,7.25747,7.25866,1.00,1.30
2014.10.15 07:07:44.066,7.25727,7.25866,1.00,1.16
2014.10.15 07:07:45.184,7.25727,7.25866,1.00,1.49
2014.10.15 07:07:46.191,7.25727,7.25858,1.00,1.19
2014.10.15 07:07:46.459,7.25708,7.25839,1.00,1.49
2014.10.15 07:07:46.610,7.25671,7.25831,1.30,1.00
2014.10.15 07:07:46.661,7.25671,7.25823,1.30,1.19
2014.10.15 07:07:46.712,7.25657,7.25809,1.00,1.86
2014.10.15 07:07:46.814,7.25644,7.25809,1.99,1.86
2014.10.15 07:07:46.915,7.25641,7.25809,1.30,1.86
2014.10.15 07:07:47.130,7.25637,7.2578,1.00,1.30
2014.10.15 07:07:48.552,7.25637,7.2578,1.00,1.49
2014.10.15 07:07:49.656,7.25637,7.2578,1.00,1.30
2014.10.15 07:07:51.173,7.25647,7.25811,1.30,1.19
2014.10.15 07:07:51.635,7.25647,7.25792,1.30,1.00
2014.10.15 07:07:52.487,7.25619,7.25786,1.91,1.30
2014.10.15 07:07:54.684,7.25619,7.25786,1.49,1.30
2014.10.15 07:07:55.703,7.25619,7.25786,1.49,1.30
2014.10.15 07:07:56.682,7.25619,7.25786,1.49,1.30
2014.10.15 07:07:57.686,7.25619,7.25786,1.49,1.30
2014.10.15 07:07:58.694,7.25619,7.25786,1.49,1.30
2014.10.15 07:07:59.693,7.25619,7.25786,1.49,1.30
2014.10.15 07:08:00.704,7.25619,7.25786,1.49,1.30
2014.10.15 07:08:01.704,7.25619,7.25786,1.91,1.30
2014.10.15 07:08:03.708,7.2562,7.25786,1.19,1.30
2014.10.15 07:08:04.166,7.25654,7.25792,1.30,1.00
2014.10.15 07:08:05.273,7.25654,7.25811,1.30,1.00
2014.10.15 07:08:05.503,7.25654,7.25807,1.30,1.00
2014.10.15 07:08:05.820,7.25654,7.25792,1.30,1.00
2014.10.15 07:08:08.072,7.25621,7.25788,1.69,1.30
2014.10.15 07:08:08.573,7.25621,7.25788,1.94,1.30
2014.10.15 07:08:09.006,7.25656,7.25792,1.30,1.00
2014.10.15 07:08:12.640,7.25656,7.25814,1.30,1.00
2014.10.15 07:08:21.548,7.25676,7.25824,1.00,1.30
2014.10.15 07:08:22.145,7.25679,7.25824,1.00,1.30
2014.10.15 07:08:22.449,7.25735,7.25875,1.00,1.54
2014.10.15 07:08:23.171,7.25735,7.25876,1.00,1.49
2014.10.15 07:08:24.184,7.25735,7.25845,1.00,1.30
2014.10.15 07:08:26.504,7.25735,7.25867,1.00,1.19
2014.10.15 07:08:27.432,7.25735,7.25866,1.00,1.19
2014.10.15 07:08:28.387,7.25735,7.25866,1.00,1.19
2014.10.15 07:08:29.390,7.25735,7.25866,1.00,1.19
2014.10.15 07:08:30.730,7.25735,7.25867,1.00,1.00
2014.10.15 07:08:31.098,7.25735,7.25877,1.72,1.19
2014.10.15 07:08:31.841,7.25735,7.25887,1.72,1.19
2014.10.15 07:08:32.828,7.25735,7.25872,1.00,1.30
2014.10.15 07:08:33.139,7.25735,7.25872,1.00,1.49
2014.10.15 07:08:34.008,7.25735,7.25872,1.00,1.49
2014.10.15 07:08:34.633,7.25735,7.25856,1.00,1.00
2014.10.15 07:08:35.024,7.25735,7.25842,1.00,1.49
2014.10.15 07:08:35.715,7.25735,7.25842,1.00,1.49
2014.10.15 07:08:36.732,7.25735,7.25842,1.00,1.16
2014.10.15 07:08:36.884,7.25717,7.25842,1.00,1.16
2014.10.15 07:08:37.591,7.25717,7.25817,1.00,1.00
2014.10.15 07:08:38.449,7.25717,7.25827,1.00,1.00
2014.10.15 07:08:38.827,7.25717,7.25817,1.00,1.00
2014.10.15 07:08:38.929,7.257,7.25817,1.00,1.00
2014.10.15 07:08:41.415,7.257,7.25812,1.00,1.30
2014.10.15 07:08:41.718,7.25679,7.25777,1.00,1.00
2014.10.15 07:08:41.769,7.25679,7.25787,1.00,1.19
2014.10.15 07:08:42.303,7.25679,7.25777,1.00,1.00
2014.10.15 07:08:42.511,7.25659,7.25777,1.00,1.00
2014.10.15 07:08:42.865,7.25659,7.25767,1.00,1.19
2014.10.15 07:08:43.332,7.2564,7.25776,1.00,1.19
2014.10.15 07:08:43.775,7.2564,7.25782,1.00,1.30
2014.10.15 07:08:44.831,7.25642,7.25802,1.30,1.49
2014.10.15 07:08:44.882,7.25642,7.25807,1.30,1.19
2014.10.15 07:08:45.860,7.25642,7.25807,1.30,1.00
2014.10.15 07:08:45.961,7.25642,7.2581,1.30,1.30
2014.10.15 07:08:46.744,7.25658,7.2581,1.00,1.30
2014.10.15 07:08:47.089,7.25678,7.2581,1.00,1.30
2014.10.15 07:08:49.002,7.25678,7.25802,1.00,1.12
2014.10.15 07:08:49.306,7.25658,7.25776,1.00,1.49
2014.10.15 07:08:49.610,7.25636,7.25745,1.00,1.30
2014.10.15 07:08:52.733,7.25636,7.25745,1.00,1.49
2014.10.15 07:08:53.739,7.25636,7.25745,1.00,1.30
2014.10.15 07:08:58.013,7.25636,7.25745,1.00,1.49
2014.10.15 07:08:58.191,7.2561,7.25745,1.00,1.49
2014.10.15 07:08:59.020,7.2561,7.25745,1.00,1.49
2014.10.15 07:08:59.838,7.2561,7.25729,1.00,1.19
2014.10.15 07:09:00.143,7.25574,7.25674,1.00,1.30
2014.10.15 07:09:01.380,7.25539,7.25674,1.00,1.30
2014.10.15 07:09:01.734,7.25514,7.25674,1.19,1.30
2014.10.15 07:09:02.989,7.25539,7.25688,1.30,1.19
2014.10.15 07:09:03.242,7.25539,7.25707,1.30,1.49
2014.10.15 07:09:03.344,7.25539,7.25707,1.49,1.30
2014.10.15 07:09:04.337,7.25539,7.25707,1.49,1.30
2014.10.15 07:09:06.059,7.25539,7.25707,1.49,1.30
2014.10.15 07:09:07.058,7.25539,7.25707,1.49,1.30
2014.10.15 07:09:07.785,7.25539,7.25707,1.30,1.49
2014.10.15 07:09:08.971,7.25539,7.25707,1.30,1.49
2014.10.15 07:09:09.673,7.25544,7.25707,1.00,1.49
2014.10.15 07:09:10.100,7.25544,7.25707,1.19,1.30
2014.10.15 07:09:11.060,7.25544,7.25707,1.19,1.30
2014.10.15 07:09:11.991,7.25567,7.25708,1.30,1.00
2014.10.15 07:09:12.093,7.25534,7.25698,1.19,1.30
2014.10.15 07:09:12.194,7.25558,7.25708,1.30,1.00
2014.10.15 07:09:14.074,7.25558,7.25708,1.49,1.00
2014.10.15 07:09:16.025,7.25558,7.25708,1.30,1.00
2014.10.15 07:09:17.467,7.25558,7.25726,1.30,1.30
2014.10.15 07:09:18.035,7.25586,7.25726,1.19,1.30
2014.10.15 07:09:18.137,7.25591,7.25746,1.91,1.30
2014.10.15 07:09:18.188,7.25591,7.25758,1.91,1.30
2014.10.15 07:09:18.441,7.25608,7.25758,1.19,1.30
2014.10.15 07:09:18.746,7.25665,7.25801,1.30,1.75
2014.10.15 07:09:19.099,7.25665,7.25826,1.49,1.75
2014.10.15 07:09:19.214,7.25665,7.25826,1.49,1.75
2014.10.15 07:09:19.317,7.25665,7.25826,1.49,1.00
2014.10.15 07:09:19.774,7.25671,7.25834,1.19,1.30
2014.10.15 07:09:19.844,7.25671,7.25834,1.19,1.30
2014.10.15 07:09:20.376,7.25671,7.25834,1.00,1.16
2014.10.15 07:09:20.477,7.25671,7.25818,1.00,1.19
2014.10.15 07:09:20.579,7.25653,7.25797,1.00,1.30
2014.10.15 07:09:20.630,7.25633,7.25797,1.19,1.30
2014.10.15 07:09:21.230,7.25643,7.25797,1.50,1.30
2014.10.15 07:09:21.432,7.25657,7.25826,1.91,1.30
2014.10.15 07:09:21.533,7.25666,7.25826,1.00,1.30
2014.10.15 07:09:21.898,7.25672,7.25826,1.00,1.30
2014.10.15 07:09:22.206,7.25682,7.25826,1.69,1.30
2014.10.15 07:09:22.480,7.25702,7.25856,1.00,1.30
2014.10.15 07:09:25.669,7.25702,7.25856,1.19,1.30
2014.10.15 07:09:26.672,7.25702,7.25856,1.19,1.30
2014.10.15 07:09:28.715,7.25702,7.25856,1.19,1.30
2014.10.15 07:09:29.131,7.25707,7.25856,1.00,1.30
2014.10.15 07:09:29.583,7.25713,7.25856,1.00,1.30
2014.10.15 07:09:29.905,7.25713,7.25856,1.19,1.30
2014.10.15 07:09:30.698,7.25707,7.25856,1.19,1.30
2014.10.15 07:09:31.711,7.25707,7.25856,1.19,1.30
2014.10.15 07:09:31.762,7.25721,7.25856,1.00,1.30
2014.10.15 07:09:31.813,7.25721,7.25889,1.00,1.30
2014.10.15 07:09:31.864,7.2574,7.25889,1.00,1.30
2014.10.15 07:09:31.915,7.25748,7.25914,1.49,1.00
2014.10.15 07:09:31.966,7.2576,7.25917,1.00,1.30
2014.10.15 07:09:32.270,7.2578,7.25934,1.30,1.00
2014.10.15 07:09:33.440,7.2576,7.25921,1.19,1.30
2014.10.15 07:09:34.329,7.2576,7.25921,1.00,1.30
2014.10.15 07:09:34.430,7.25765,7.25921,1.00,1.30
2014.10.15 07:09:34.734,7.25781,7.2595,1.49,1.30
2014.10.15 07:09:35.039,7.25815,7.25954,1.30,1.00
2014.10.15 07:09:35.141,7.25815,7.25977,1.49,1.00
2014.10.15 07:09:36.144,7.25815,7.25977,1.49,1.00
2014.10.15 07:09:37.119,7.25815,7.25977,1.16,1.00
2014.10.15 07:09:38.676,7.25822,7.25982,1.00,1.30
2014.10.15 07:09:40.211,7.25856,7.25982,1.00,1.30
2014.10.15 07:09:43.765,7.25875,7.26015,1.00,1.49
2014.10.15 07:09:43.967,7.25894,7.26015,1.00,1.30
2014.10.15 07:09:44.069,7.25894,7.26041,1.00,1.49
2014.10.15 07:09:45.101,7.25894,7.26041,1.00,1.16
2014.10.15 07:09:46.501,7.25916,7.26041,1.00,1.30
2014.10.15 07:09:50.132,7.25898,7.26041,1.00,1.30
2014.10.15 07:09:50.284,7.25911,7.26079,1.30,1.49
2014.10.15 07:09:50.335,7.25917,7.26079,1.00,1.49
2014.10.15 07:09:50.487,7.25917,7.26079,1.19,1.30
2014.10.15 07:09:50.791,7.25917,7.26079,1.00,1.49
2014.10.15 07:09:51.830,7.25917,7.26079,1.00,1.91
2014.10.15 07:09:52.816,7.25917,7.26071,1.00,1.19
2014.10.15 07:09:53.124,7.25895,7.26049,1.00,1.49
2014.10.15 07:09:53.276,7.25895,7.26027,1.00,1.00
2014.10.15 07:09:53.479,7.25856,7.26015,1.00,2.24
2014.10.15 07:09:53.530,7.25852,7.26006,1.00,1.19
2014.10.15 07:09:53.581,7.25837,7.25983,1.00,1.30
2014.10.15 07:09:56.588,7.25815,7.25983,1.49,1.30
2014.10.15 07:09:56.807,7.25815,7.25983,1.49,1.30
2014.10.15 07:09:58.917,7.25815,7.25983,1.49,1.30
2014.10.15 07:09:59.919,7.25815,7.25983,1.30,1.16
2014.10.15 07:10:00.139,7.25828,7.25983,1.00,1.16
2014.10.15 07:10:05.739,7.25833,7.25983,1.00,1.30
2014.10.15 07:10:05.891,7.25848,7.26002,1.30,1.00
2014.10.15 07:10:06.994,7.25848,7.26002,1.30,1.19
2014.10.15 07:10:08.083,7.25848,7.26002,1.30,1.19
2014.10.15 07:10:08.421,7.25828,7.25988,1.00,1.30
2014.10.15 07:10:08.725,7.2582,7.25984,1.49,1.00
2014.10.15 07:10:09.090,7.2582,7.25984,1.30,1.00
2014.10.15 07:10:10.160,7.2582,7.25984,1.30,1.19
2014.10.15 07:10:10.669,7.2582,7.25965,1.30,1.00
2014.10.15 07:10:11.180,7.2582,7.25965,1.30,1.19
2014.10.15 07:10:11.890,7.2582,7.25952,1.30,1.19
2014.10.15 07:10:11.941,7.258,7.25946,1.30,1.49
2014.10.15 07:10:11.993,7.25782,7.25946,1.00,1.49
2014.10.15 07:10:12.145,7.25778,7.25946,1.30,1.49
2014.10.15 07:10:12.712,7.25778,7.25946,1.49,1.30
2014.10.15 07:10:12.988,7.25788,7.25946,1.30,1.30
2014.10.15 07:10:13.330,7.25808,7.25947,1.30,1.00
2014.10.15 07:10:14.761,7.25808,7.25971,1.30,1.19
2014.10.15 07:10:14.966,7.25822,7.25971,1.00,1.19
2014.10.15 07:10:15.779,7.25822,7.25974,1.00,1.19
2014.10.15 07:10:17.191,7.25822,7.25976,1.00,1.49
2014.10.15 07:10:18.188,7.25822,7.25976,1.00,1.49
2014.10.15 07:10:18.654,7.25822,7.25946,1.00,1.30
2014.10.15 07:10:20.531,7.25822,7.25946,1.00,1.49
2014.10.15 07:10:21.553,7.25822,7.25946,1.00,1.30
2014.10.15 07:10:29.845,7.25804,7.25946,1.00,1.30
2014.10.15 07:10:30.384,7.25782,7.25946,1.19,1.30
2014.10.15 07:10:30.687,7.25782,7.25946,1.19,1.30
2014.10.15 07:10:31.783,7.25782,7.25946,1.00,1.30
2014.10.15 07:10:32.590,7.25777,7.25938,1.49,1.00
2014.10.15 07:10:33.431,7.25777,7.25938,1.30,1.25
2014.10.15 07:10:34.431,7.25777,7.25938,1.49,1.00
2014.10.15 07:10:34.735,7.25802,7.25938,1.00,1.00
2014.10.15 07:10:34.988,7.25805,7.25959,1.49,1.00
2014.10.15 07:10:35.381,7.25819,7.25959,1.00,1.00
2014.10.15 07:10:35.684,7.25833,7.25974,1.00,1.30
2014.10.15 07:10:37.106,7.25833,7.25974,1.19,1.30
2014.10.15 07:10:38.105,7.25833,7.25974,1.19,1.30
2014.10.15 07:10:38.560,7.25897,7.25974,1.00,1.30
2014.10.15 07:10:38.611,7.25897,7.25994,1.00,1.30
2014.10.15 07:10:38.662,7.25897,7.26023,1.00,1.19
2014.10.15 07:10:38.763,7.25897,7.26017,1.00,1.00
2014.10.15 07:10:38.864,7.25936,7.26023,1.00,1.00
2014.10.15 07:10:38.966,7.25936,7.26037,1.00,1.00
2014.10.15 07:10:39.067,7.2594,7.26037,1.00,1.00
2014.10.15 07:10:39.118,7.2594,7.26047,1.00,1.00
2014.10.15 07:10:40.615,7.2594,7.26099,1.00,2.24
2014.10.15 07:10:40.716,7.25931,7.26088,1.30,1.00
2014.10.15 07:10:40.818,7.25934,7.26099,1.00,1.30
2014.10.15 07:10:40.869,7.25934,7.26097,1.00,1.00
2014.10.15 07:10:41.759,7.25934,7.26097,1.19,1.00
2014.10.15 07:10:42.090,7.25934,7.26087,1.19,1.00
2014.10.15 07:10:42.141,7.25934,7.26087,1.00,1.00
2014.10.15 07:10:42.192,7.25934,7.26076,1.00,1.00
2014.10.15 07:10:42.496,7.25934,7.26087,1.00,1.00
2014.10.15 07:10:42.546,7.25934,7.26071,1.00,1.30
2014.10.15 07:10:43.783,7.25915,7.26071,1.00,1.30
2014.10.15 07:10:44.899,7.25915,7.26067,1.00,1.00
2014.10.15 07:10:45.278,7.25915,7.26071,1.00,1.16
2014.10.15 07:10:47.650,7.25915,7.26067,1.00,1.00
2014.10.15 07:10:48.140,7.25915,7.26057,1.00,1.00
2014.10.15 07:10:48.344,7.25936,7.26089,1.30,1.00
2014.10.15 07:10:48.395,7.25936,7.26089,1.49,1.00
2014.10.15 07:10:48.598,7.25936,7.26089,1.30,1.00
2014.10.15 07:10:48.649,7.25936,7.26067,1.30,1.00
2014.10.15 07:10:49.004,7.25936,7.26046,1.30,1.00
2014.10.15 07:10:49.308,7.25935,7.26037,1.00,1.00
2014.10.15 07:10:49.449,7.25935,7.26057,1.00,1.00
2014.10.15 07:10:50.448,7.25935,7.26067,1.00,1.19
2014.10.15 07:10:51.108,7.25935,7.26066,1.00,1.00
2014.10.15 07:10:51.415,7.25935,7.26057,1.00,1.00
2014.10.15 07:10:55.892,7.25935,7.26057,1.00,1.19
2014.10.15 07:10:56.197,7.25935,7.26037,1.00,1.00
2014.10.15 07:10:56.248,7.25935,7.26045,1.00,1.30
2014.10.15 07:10:56.300,7.25935,7.26047,1.00,1.00
2014.10.15 07:10:56.889,7.25935,7.26057,1.00,1.19
2014.10.15 07:10:56.991,7.25935,7.26057,1.00,1.00
2014.10.15 07:10:57.042,7.25935,7.26067,1.00,1.19
2014.10.15 07:10:57.987,7.25935,7.26067,1.00,1.00
2014.10.15 07:10:58.238,7.25935,7.26075,1.00,1.30
2014.10.15 07:10:58.745,7.25954,7.26087,1.00,1.00
2014.10.15 07:10:58.797,7.25954,7.26107,1.00,1.49
2014.10.15 07:10:58.898,7.25954,7.26107,1.19,1.30
2014.10.15 07:10:59.013,7.25967,7.26117,1.30,1.00
2014.10.15 07:11:00.129,7.25967,7.26117,1.49,1.00
2014.10.15 07:11:01.301,7.25967,7.26117,1.30,1.00
2014.10.15 07:11:01.947,7.25967,7.26107,1.30,1.00
2014.10.15 07:11:02.869,7.25954,7.26087,1.19,1.00
2014.10.15 07:11:02.920,7.25954,7.26087,1.00,1.00
2014.10.15 07:11:03.072,7.25954,7.26077,1.00,1.00
2014.10.15 07:11:03.174,7.25964,7.26106,1.30,1.19
2014.10.15 07:11:03.326,7.25964,7.26106,1.30,1.00
2014.10.15 07:11:03.427,7.25964,7.26127,1.30,1.19
2014.10.15 07:11:03.478,7.25976,7.26127,1.00,1.19
2014.10.15 07:11:03.818,7.25992,7.26137,1.30,1.19
2014.10.15 07:11:04.323,7.25992,7.26127,1.30,1.00
2014.10.15 07:11:04.529,7.25992,7.26117,1.30,1.00
2014.10.15 07:11:04.907,7.25976,7.26087,1.00,1.00
2014.10.15 07:11:04.958,7.25976,7.26107,1.00,1.00
2014.10.15 07:11:05.289,7.25976,7.26117,1.00,1.00
2014.10.15 07:11:05.399,7.25976,7.26127,1.00,1.00
2014.10.15 07:11:05.602,7.25976,7.26132,1.00,1.30
2014.10.15 07:11:05.849,7.25976,7.26127,1.00,1.00
2014.10.15 07:11:06.266,7.25976,7.26117,1.00,1.00
2014.10.15 07:11:06.369,7.25976,7.26127,1.00,1.00
2014.10.15 07:11:06.679,7.25976,7.26117,1.00,1.00
2014.10.15 07:11:07.048,7.25976,7.26127,1.00,1.00
2014.10.15 07:11:07.391,7.25976,7.26132,1.00,1.49
2014.10.15 07:11:07.492,7.25992,7.26147,1.30,1.46
2014.10.15 07:11:07.643,7.25992,7.26147,1.30,1.27
2014.10.15 07:11:07.796,7.26022,7.26147,1.30,1.27
2014.10.15 07:11:08.202,7.25994,7.26163,1.30,1.97
2014.10.15 07:11:10.651,7.25994,7.26137,1.30,1.00
2014.10.15 07:11:11.118,7.25994,7.26126,1.30,1.00
2014.10.15 07:11:11.838,7.25994,7.26127,1.30,1.00
2014.10.15 07:11:11.999,7.25994,7.26137,1.30,1.19
2014.10.15 07:11:12.357,7.25994,7.26137,1.30,1.00
2014.10.15 07:11:12.509,7.25994,7.26147,1.30,1.46
2014.10.15 07:11:13.459,7.25994,7.26147,1.30,1.27
2014.10.15 07:11:14.417,7.25994,7.26137,1.30,1.00
2014.10.15 07:11:14.637,7.25994,7.26147,1.30,1.46
2014.10.15 07:11:15.291,7.25994,7.26137,1.30,1.00
2014.10.15 07:11:15.599,7.25994,7.26127,1.30,1.19
2014.10.15 07:11:16.571,7.25994,7.26137,1.30,1.19
2014.10.15 07:11:17.675,7.25994,7.26146,1.30,1.19
2014.10.15 07:11:18.702,7.25994,7.26157,1.30,1.52
2014.10.15 07:11:19.488,7.25994,7.26147,1.30,1.46
2014.10.15 07:11:20.074,7.25994,7.26137,1.30,1.00
2014.10.15 07:11:20.590,7.25994,7.26136,1.30,1.00
2014.10.15 07:11:20.692,7.25994,7.26147,1.30,1.46
2014.10.15 07:11:20.793,7.25994,7.26163,1.16,1.88
2014.10.15 07:11:20.945,7.26011,7.26163,1.00,1.30
2014.10.15 07:11:21.700,7.26061,7.26163,1.00,1.30
2014.10.15 07:11:22.227,7.26061,7.26157,1.00,1.00
2014.10.15 07:11:22.520,7.26061,7.26163,1.00,1.30
2014.10.15 07:11:23.606,7.26083,7.26163,1.00,1.30
2014.10.15 07:11:23.913,7.26113,7.26163,1.00,1.30
2014.10.15 07:11:24.392,7.26138,7.26163,1.00,1.30
2014.10.15 07:11:24.696,7.26116,7.26163,1.00,1.30
2014.10.15 07:11:24.949,7.26087,7.26163,1.00,1.30
2014.10.15 07:11:25.480,7.26064,7.26163,1.00,1.30
2014.10.15 07:11:26.930,7.26064,7.26163,1.00,1.49
2014.10.15 07:11:28.057,7.26064,7.26163,1.00,1.30
2014.10.15 07:11:29.026,7.26064,7.26177,1.00,1.19
2014.10.15 07:11:30.067,7.26064,7.26192,1.00,1.19
2014.10.15 07:11:31.067,7.26085,7.26207,1.00,1.19
2014.10.15 07:11:31.527,7.26103,7.26213,1.00,1.19
2014.10.15 07:11:31.843,7.26103,7.26205,1.00,1.19
2014.10.15 07:11:32.051,7.26083,7.26187,1.00,1.19
2014.10.15 07:11:32.203,7.26083,7.26176,1.00,1.00
2014.10.15 07:11:33.049,7.26083,7.26176,1.00,1.19
2014.10.15 07:11:33.761,7.26083,7.26167,1.00,1.00
2014.10.15 07:11:34.065,7.26058,7.26157,1.00,1.19
2014.10.15 07:11:35.088,7.26058,7.26167,1.00,1.19
2014.10.15 07:11:36.062,7.26058,7.26167,1.00,1.19
2014.10.15 07:11:36.159,7.26058,7.26157,1.00,1.00
2014.10.15 07:11:36.469,7.26058,7.26147,1.00,1.00
2014.10.15 07:11:36.520,7.26058,7.26156,1.00,1.00
2014.10.15 07:11:36.969,7.26058,7.26177,1.00,1.00
2014.10.15 07:11:37.346,7.26076,7.26176,1.00,1.00
2014.10.15 07:11:38.079,7.26076,7.26177,1.00,1.00
2014.10.15 07:11:38.580,7.26076,7.26197,1.00,1.00
2014.10.15 07:11:39.238,7.26076,7.26187,1.00,1.00
2014.10.15 07:11:40.009,7.26076,7.26196,1.00,1.00
2014.10.15 07:11:40.819,7.26076,7.26217,1.00,1.25
2014.10.15 07:11:40.971,7.26096,7.26217,1.00,1.25
2014.10.15 07:11:41.021,7.26096,7.26237,1.00,1.00
2014.10.15 07:11:41.224,7.2612,7.26237,1.00,1.00
2014.10.15 07:11:41.527,7.26101,7.26207,1.00,1.00
2014.10.15 07:11:41.577,7.26101,7.26217,1.00,1.00
2014.10.15 07:11:41.759,7.26119,7.26217,1.00,1.00
2014.10.15 07:11:42.090,7.26101,7.26207,1.00,1.00
2014.10.15 07:11:43.130,7.26101,7.26197,1.00,1.00
2014.10.15 07:11:43.398,7.26083,7.26187,1.00,1.00
2014.10.15 07:11:43.677,7.26083,7.26177,1.00,1.00
2014.10.15 07:11:43.981,7.26083,7.26187,1.00,1.00
2014.10.15 07:11:44.738,7.26083,7.26177,1.00,1.00
2014.10.15 07:11:45.877,7.26083,7.26187,1.00,1.00
2014.10.15 07:11:46.101,7.26083,7.26167,1.00,1.00
2014.10.15 07:11:46.318,7.26083,7.26187,1.00,1.00
2014.10.15 07:11:46.469,7.261,7.26187,1.00,1.00
2014.10.15 07:11:46.570,7.261,7.26207,1.00,1.00
2014.10.15 07:11:46.672,7.261,7.26217,1.00,1.12
2014.10.15 07:11:46.722,7.26123,7.26217,1.00,1.12
2014.10.15 07:11:47.387,7.26123,7.26227,1.00,1.00
2014.10.15 07:11:47.539,7.26123,7.26247,1.00,1.00
2014.10.15 07:11:47.741,7.26123,7.26257,1.00,1.00
2014.10.15 07:11:47.857,7.26123,7.26267,1.00,1.19
2014.10.15 07:11:47.908,7.26149,7.26267,1.00,1.19
2014.10.15 07:11:48.069,7.26149,7.26267,1.00,1.00
2014.10.15 07:11:48.120,7.26172,7.26287,1.00,1.00
2014.10.15 07:11:48.222,7.26172,7.26297,1.00,1.00
2014.10.15 07:11:48.373,7.26191,7.26297,1.00,1.00
2014.10.15 07:11:48.424,7.26191,7.26307,1.00,1.00
2014.10.15 07:11:48.740,7.26191,7.26297,1.00,1.00
2014.10.15 07:11:49.520,7.26191,7.26277,1.00,1.00
2014.10.15 07:11:49.773,7.26172,7.26266,1.00,1.00
2014.10.15 07:11:50.177,7.26172,7.26277,1.00,1.00
2014.10.15 07:11:50.279,7.26172,7.26296,1.00,1.19
2014.10.15 07:11:51.060,7.26172,7.26296,1.00,1.00
2014.10.15 07:11:51.483,7.26172,7.26287,1.00,1.00
2014.10.15 07:11:52.359,7.26172,7.26286,1.00,1.00
2014.10.15 07:11:52.662,7.26172,7.26257,1.00,1.00
2014.10.15 07:11:52.965,7.26172,7.26247,1.00,1.19
2014.10.15 07:11:53.765,7.26172,7.26247,1.00,1.00
2014.10.15 07:11:53.816,7.26172,7.26267,1.00,1.19
2014.10.15 07:11:54.347,7.26172,7.26257,1.00,1.00
2014.10.15 07:11:54.650,7.26153,7.26257,1.00,1.00
2014.10.15 07:11:54.802,7.26153,7.26256,1.00,1.19
2014.10.15 07:11:55.487,7.26153,7.26247,1.00,1.00
2014.10.15 07:11:57.752,7.26153,7.26257,1.00,1.25
2014.10.15 07:11:58.617,7.26153,7.26256,1.00,1.00
2014.10.15 07:11:59.146,7.26153,7.26257,1.00,1.00
2014.10.15 07:11:59.876,7.26153,7.26257,1.00,1.19
2014.10.15 07:12:01.093,7.26153,7.26257,1.00,1.00
2014.10.15 07:12:01.194,7.26153,7.26267,1.00,1.19
2014.10.15 07:12:01.809,7.26153,7.26287,1.00,1.00
2014.10.15 07:12:01.911,7.26173,7.26287,1.00,1.00
2014.10.15 07:12:02.062,7.26173,7.26307,1.00,1.00
2014.10.15 07:12:02.163,7.26173,7.26327,1.00,1.19
2014.10.15 07:12:02.214,7.26193,7.26327,1.00,1.19
2014.10.15 07:12:02.517,7.26215,7.26327,1.00,1.00
2014.10.15 07:12:03.378,7.26215,7.26316,1.00,1.00
2014.10.15 07:12:03.987,7.26215,7.26317,1.00,1.00
2014.10.15 07:12:04.147,7.26215,7.26327,1.00,1.00
2014.10.15 07:12:04.249,7.26215,7.26347,1.00,1.00
2014.10.15 07:12:04.400,7.26234,7.26377,1.00,1.19
2014.10.15 07:12:04.704,7.26254,7.26367,1.00,1.19
2014.10.15 07:12:05.028,7.26254,7.26337,1.00,1.00
2014.10.15 07:12:05.334,7.26236,7.26337,1.00,1.00
2014.10.15 07:12:05.697,7.26236,7.26347,1.00,1.25
2014.10.15 07:12:06.003,7.26236,7.26327,1.00,1.00
2014.10.15 07:12:06.218,7.26236,7.26337,1.00,1.00
2014.10.15 07:12:06.698,7.26218,7.26337,1.00,1.00
2014.10.15 07:12:07.219,7.26218,7.26317,1.00,1.00
2014.10.15 07:12:07.759,7.26218,7.26327,1.00,1.00
2014.10.15 07:12:07.989,7.26218,7.26317,1.00,1.00
2014.10.15 07:12:09.628,7.26218,7.26327,1.00,1.00
2014.10.15 07:12:09.881,7.26218,7.26356,1.00,1.19
2014.10.15 07:12:09.932,7.26218,7.26357,1.00,1.00
2014.10.15 07:12:10.033,7.26237,7.26357,1.00,1.00
2014.10.15 07:12:10.366,7.26256,7.26367,1.00,1.00
2014.10.15 07:12:10.872,7.26256,7.26377,1.00,1.19
2014.10.15 07:12:10.973,7.26256,7.26377,1.00,1.00
2014.10.15 07:12:11.136,7.26238,7.26377,1.00,1.00
2014.10.15 07:12:11.288,7.26238,7.26367,1.00,1.00
2014.10.15 07:12:11.503,7.26238,7.26377,1.00,1.00
2014.10.15 07:12:12.160,7.26238,7.26367,1.00,1.00
2014.10.15 07:12:14.713,7.26238,7.26387,1.00,1.25
2014.10.15 07:12:14.763,7.26261,7.26387,1.00,1.25
2014.10.15 07:12:15.079,7.26261,7.26377,1.00,1.00
2014.10.15 07:12:15.180,7.26261,7.26387,1.00,1.25
2014.10.15 07:12:15.390,7.26261,7.26407,1.00,1.00
2014.10.15 07:12:16.179,7.2624,7.26405,1.00,1.19
2014.10.15 07:12:16.383,7.2624,7.26379,1.00,1.19
2014.10.15 07:12:16.434,7.26221,7.26379,1.00,1.19
2014.10.15 07:12:16.789,7.26221,7.26387,1.00,1.19
2014.10.15 07:12:16.839,7.26237,7.26387,1.00,1.19
2014.10.15 07:12:17.142,7.26237,7.26367,1.00,1.19
2014.10.15 07:12:18.006,7.26237,7.26379,1.00,1.19
2014.10.15 07:12:18.888,7.26237,7.26389,1.00,1.69
2014.10.15 07:12:20.176,7.26237,7.26388,1.00,1.19
2014.10.15 07:12:22.601,7.26237,7.26388,1.00,1.19
2014.10.15 07:12:23.154,7.26237,7.26366,1.00,1.19
2014.10.15 07:12:23.458,7.26237,7.26387,1.00,1.19
2014.10.15 07:12:23.559,7.26259,7.2639,1.00,1.19
2014.10.15 07:12:24.647,7.26259,7.26408,1.00,1.19
2014.10.15 07:12:25.618,7.26259,7.26415,1.00,1.19
2014.10.15 07:12:25.972,7.26263,7.26415,1.00,1.19
2014.10.15 07:12:26.023,7.26263,7.26433,1.00,1.37
2014.10.15 07:12:26.073,7.26278,7.26437,1.00,3.89
2014.10.15 07:12:26.379,7.26298,7.26439,1.00,1.19
2014.10.15 07:12:27.148,7.26298,7.26441,1.00,1.19
2014.10.15 07:12:28.170,7.26361,7.26467,1.00,1.50
2014.10.15 07:12:28.221,7.26361,7.26487,1.00,1.19
2014.10.15 07:12:28.372,7.26336,7.26495,1.00,1.19
2014.10.15 07:12:28.776,7.26336,7.26464,1.00,1.19
2014.10.15 07:12:29.180,7.26313,7.26464,1.00,1.19
2014.10.15 07:12:29.549,7.26313,7.26433,1.00,1.19
2014.10.15 07:12:29.600,7.2629,7.26433,1.00,1.19
2014.10.15 07:12:29.701,7.26271,7.26433,1.00,1.19
2014.10.15 07:12:29.853,7.26271,7.26422,1.00,1.19
2014.10.15 07:12:31.341,7.26271,7.26428,1.00,1.19
2014.10.15 07:12:32.348,7.26271,7.26433,1.00,1.19
2014.10.15 07:12:33.648,7.26271,7.26433,1.00,1.69
2014.10.15 07:12:34.687,7.26271,7.2642,1.00,1.19
2014.10.15 07:12:35.755,7.26271,7.2642,1.00,1.19
2014.10.15 07:12:36.758,7.26271,7.2642,1.00,1.19
2014.10.15 07:12:37.804,7.26271,7.26407,1.00,1.56
2014.10.15 07:12:38.796,7.26271,7.26407,1.00,1.19
2014.10.15 07:12:39.806,7.26271,7.26416,1.00,1.19
2014.10.15 07:12:40.772,7.26271,7.26407,1.00,1.19
2014.10.15 07:12:41.155,7.26289,7.26407,1.00,1.19
2014.10.15 07:12:41.816,7.26289,7.26407,1.00,1.19
2014.10.15 07:12:42.780,7.26289,7.26417,1.00,1.19
2014.10.15 07:12:43.788,7.26289,7.26417,1.00,1.19
2014.10.15 07:12:44.801,7.26289,7.26407,1.00,1.19
2014.10.15 07:12:45.446,7.26289,7.26397,1.00,1.00
2014.10.15 07:12:45.790,7.26289,7.26397,1.00,1.19
2014.10.15 07:12:46.793,7.26289,7.26407,1.00,1.19
2014.10.15 07:12:47.861,7.26289,7.26407,1.00,1.19
2014.10.15 07:12:48.309,7.26289,7.26437,1.00,1.19
2014.10.15 07:12:48.511,7.26307,7.26441,1.00,1.19
2014.10.15 07:12:48.814,7.26328,7.26448,1.00,1.19
2014.10.15 07:12:48.916,7.26328,7.26467,1.00,2.18
2014.10.15 07:12:49.902,7.26328,7.26467,1.00,2.18
2014.10.15 07:12:50.904,7.26328,7.26483,1.00,1.19
2014.10.15 07:12:51.907,7.26328,7.26487,1.00,1.19
2014.10.15 07:12:52.910,7.26328,7.26477,1.00,1.19
2014.10.15 07:12:53.686,7.26328,7.26457,1.00,1.00
2014.10.15 07:12:54.115,7.26328,7.26457,1.00,1.19
2014.10.15 07:12:55.119,7.26328,7.26467,1.00,1.19
2014.10.15 07:12:56.166,7.26328,7.26467,1.00,1.19
2014.10.15 07:12:57.225,7.26328,7.26475,1.00,1.19
2014.10.15 07:13:00.169,7.26328,7.26467,1.00,2.44
2014.10.15 07:13:00.487,7.26308,7.26437,1.00,1.00
2014.10.15 07:13:00.739,7.26308,7.26447,1.00,1.00
2014.10.15 07:13:00.840,7.26308,7.26457,1.00,1.19
2014.10.15 07:13:00.927,7.26308,7.26447,1.00,1.00
2014.10.15 07:13:01.255,7.26308,7.26427,1.00,1.00
2014.10.15 07:13:01.654,7.26308,7.26437,1.00,1.00
2014.10.15 07:13:01.843,7.26308,7.26437,1.00,1.19
2014.10.15 07:13:02.596,7.26308,7.26456,1.00,1.19
2014.10.15 07:13:02.697,7.26347,7.26494,1.00,1.19
2014.10.15 07:13:02.849,7.26347,7.26507,1.00,1.19
2014.10.15 07:13:03.655,7.26347,7.26497,1.00,1.00
2014.10.15 07:13:04.947,7.26347,7.26507,1.00,1.19
2014.10.15 07:13:05.149,7.26376,7.26517,1.00,1.19
2014.10.15 07:13:05.200,7.26376,7.26537,1.00,1.19
2014.10.15 07:13:05.251,7.26397,7.26537,1.00,1.19
2014.10.15 07:13:05.302,7.26397,7.26547,1.00,1.00
2014.10.15 07:13:05.510,7.26416,7.26557,1.00,1.19
2014.10.15 07:13:06.381,7.26416,7.26557,1.00,1.19
2014.10.15 07:13:07.837,7.26416,7.26537,1.00,1.00
2014.10.15 07:13:08.386,7.26416,7.26527,1.00,1.00
2014.10.15 07:13:08.537,7.26396,7.26527,1.00,1.00
2014.10.15 07:13:08.695,7.26396,7.26527,1.00,1.19
2014.10.15 07:13:09.777,7.26396,7.26537,1.00,1.00
2014.10.15 07:13:09.878,7.26423,7.26537,1.50,1.00
2014.10.15 07:13:09.929,7.26423,7.2657,1.50,1.00
2014.10.15 07:13:09.979,7.26457,7.26597,1.00,1.19
2014.10.15 07:13:10.080,7.26457,7.26597,1.00,1.00
2014.10.15 07:13:10.484,7.26457,7.26583,1.00,1.19
2014.10.15 07:13:10.535,7.26438,7.26583,1.00,1.19
2014.10.15 07:13:11.753,7.26438,7.26571,1.00,1.19
2014.10.15 07:13:13.386,7.26419,7.26567,1.00,1.69
2014.10.15 07:13:13.487,7.26419,7.26552,1.00,1.94
2014.10.15 07:13:13.790,7.26419,7.26538,1.00,1.19
2014.10.15 07:13:14.618,7.26419,7.26526,1.00,1.19
2014.10.15 07:13:14.720,7.26401,7.26526,1.00,1.19
2014.10.15 07:13:15.645,7.26401,7.26525,1.00,1.19
2014.10.15 07:13:16.603,7.26401,7.26518,1.00,1.19
2014.10.15 07:13:17.809,7.26413,7.26541,1.00,1.19
2014.10.15 07:13:17.910,7.26422,7.26554,1.00,1.25
2014.10.15 07:13:18.112,7.26444,7.26576,1.00,1.19
2014.10.15 07:13:18.213,7.26425,7.26537,1.00,1.50
2014.10.15 07:13:18.314,7.26402,7.26537,1.00,1.50
2014.10.15 07:13:18.719,7.26402,7.26537,1.00,1.69
2014.10.15 07:13:19.022,7.26402,7.26518,1.00,1.19
2014.10.15 07:13:19.124,7.26382,7.26517,1.00,1.69
2014.10.15 07:13:19.753,7.2636,7.26507,1.00,1.69
2014.10.15 07:13:19.854,7.2636,7.26502,1.00,1.56
2014.10.15 07:13:20.922,7.2636,7.26496,1.00,1.19
2014.10.15 07:13:21.925,7.2636,7.26498,1.00,1.31
2014.10.15 07:13:22.928,7.2636,7.26506,1.00,1.94
2014.10.15 07:13:23.931,7.2636,7.26501,1.00,1.56
2014.10.15 07:13:24.934,7.2636,7.26504,1.00,1.94
2014.10.15 07:13:25.776,7.2636,7.26497,1.00,2.44
2014.10.15 07:13:25.928,7.26339,7.26483,1.00,1.94
2014.10.15 07:13:26.843,7.26339,7.26481,1.00,1.94
2014.10.15 07:13:27.878,7.26339,7.26476,1.00,1.19
2014.10.15 07:13:28.397,7.26339,7.26467,1.00,2.44
2014.10.15 07:13:28.447,7.26313,7.26467,1.00,2.44
2014.10.15 07:13:28.498,7.26313,7.26452,1.00,1.94
2014.10.15 07:13:29.212,7.26313,7.26452,1.00,1.94
2014.10.15 07:13:29.314,7.26313,7.2644,1.00,1.94
2014.10.15 07:13:29.566,7.26313,7.26442,1.00,1.94
2014.10.15 07:13:29.870,7.26313,7.26461,1.00,1.19
2014.10.15 07:13:31.003,7.26313,7.26472,1.00,1.19
2014.10.15 07:13:31.991,7.26313,7.26471,1.00,1.19
2014.10.15 07:13:32.294,7.26341,7.26467,1.00,1.19
2014.10.15 07:13:33.116,7.26341,7.26487,1.00,1.56
2014.10.15 07:13:33.786,7.26341,7.26457,1.00,1.00
2014.10.15 07:13:33.836,7.26322,7.26457,1.00,1.00
2014.10.15 07:13:33.887,7.26322,7.26457,1.00,1.19
2014.10.15 07:13:34.200,7.26343,7.26457,1.00,1.00
2014.10.15 07:13:34.555,7.26343,7.26447,1.00,1.00
2014.10.15 07:13:34.656,7.26343,7.26476,1.00,1.19
2014.10.15 07:13:35.605,7.26343,7.26476,1.00,1.19
2014.10.15 07:13:36.205,7.26343,7.26457,1.00,1.00
2014.10.15 07:13:36.938,7.26343,7.26457,1.00,1.19
2014.10.15 07:13:38.192,7.26343,7.26476,1.00,1.00
2014.10.15 07:13:39.758,7.26343,7.26487,1.00,1.19
2014.10.15 07:13:40.338,7.26343,7.26506,1.00,1.69
2014.10.15 07:13:41.707,7.26343,7.26487,1.00,1.25
2014.10.15 07:13:42.114,7.26343,7.26507,1.00,1.37
2014.10.15 07:13:42.215,7.26367,7.26507,1.00,1.00
2014.10.15 07:13:42.266,7.26367,7.26517,1.00,1.19
2014.10.15 07:13:42.468,7.26367,7.26507,1.00,1.00
2014.10.15 07:13:43.416,7.26367,7.26507,1.00,1.19
2014.10.15 07:13:44.464,7.26367,7.26507,1.00,1.19
2014.10.15 07:13:44.735,7.26367,7.26517,1.00,1.00
2014.10.15 07:13:44.836,7.26388,7.26526,1.00,1.19
2014.10.15 07:13:45.722,7.26388,7.26547,1.00,1.19
2014.10.15 07:13:46.775,7.26388,7.26547,1.00,1.19
2014.10.15 07:13:47.738,7.26388,7.26547,1.00,1.00
2014.10.15 07:13:48.755,7.26388,7.26547,1.00,1.19
2014.10.15 07:13:49.330,7.26407,7.26557,1.00,1.19
2014.10.15 07:13:49.481,7.2643,7.2659,1.00,1.19
2014.10.15 07:13:49.772,7.2643,7.26604,1.19,1.00
2014.10.15 07:13:49.925,7.26453,7.26625,1.00,1.19
2014.10.15 07:13:50.768,7.26453,7.26617,1.00,1.19
2014.10.15 07:13:51.990,7.26453,7.26613,1.00,1.19
2014.10.15 07:13:54.258,7.26453,7.26596,1.00,1.19
2014.10.15 07:13:55.176,7.26453,7.26587,1.00,1.00
2014.10.15 07:13:55.557,7.26453,7.26587,1.00,1.19
2014.10.15 07:13:57.269,7.26453,7.26587,1.00,1.19
2014.10.15 07:13:58.874,7.26453,7.26606,1.00,1.19
2014.10.15 07:13:59.877,7.26453,7.26606,1.00,1.00
2014.10.15 07:14:00.127,7.26453,7.26596,1.00,1.00
2014.10.15 07:14:00.450,7.26453,7.26587,1.00,1.00
2014.10.15 07:14:00.880,7.26453,7.26587,1.00,1.19
2014.10.15 07:14:01.890,7.26453,7.26587,1.00,1.19
2014.10.15 07:14:02.885,7.26453,7.26587,1.00,1.00
2014.10.15 07:14:03.421,7.26453,7.26597,1.00,1.19
2014.10.15 07:14:04.939,7.26453,7.26607,1.00,1.19
2014.10.15 07:14:06.899,7.26453,7.26617,1.00,1.19
2014.10.15 07:14:07.400,7.26453,7.26625,1.19,1.00
2014.10.15 07:14:07.703,7.26475,7.26649,1.00,1.19
2014.10.15 07:14:07.956,7.26451,7.26612,1.19,1.00
2014.10.15 07:14:08.444,7.2645,7.26612,1.19,1.00
2014.10.15 07:14:08.827,7.2645,7.26576,1.19,1.00
2014.10.15 07:14:08.928,7.26412,7.26576,1.00,1.00
2014.10.15 07:14:09.030,7.26412,7.26586,1.00,1.19
2014.10.15 07:14:09.131,7.26433,7.2656,1.50,1.00
2014.10.15 07:14:09.283,7.26446,7.26598,1.00,1.00
2014.10.15 07:14:09.385,7.26446,7.26615,1.00,1.00
2014.10.15 07:14:09.666,7.26446,7.26606,1.00,1.00
2014.10.15 07:14:09.718,7.26441,7.26606,1.00,1.00
2014.10.15 07:14:10.043,7.26445,7.26606,1.00,1.00
2014.10.15 07:14:10.246,7.26445,7.26615,1.19,1.00
2014.10.15 07:14:10.995,7.26427,7.26595,1.19,1.00
2014.10.15 07:14:11.147,7.26389,7.26559,1.19,1.00
2014.10.15 07:14:11.551,7.26368,7.26539,1.19,1.00
2014.10.15 07:14:11.652,7.26367,7.26539,1.00,1.19
2014.10.15 07:14:12.009,7.26342,7.26516,1.19,1.00
2014.10.15 07:14:12.362,7.26342,7.26516,1.00,1.19
2014.10.15 07:14:13.018,7.26361,7.26529,1.00,1.19
2014.10.15 07:14:13.569,7.26361,7.26531,1.00,1.19
2014.10.15 07:14:14.555,7.26361,7.26527,1.00,1.19
2014.10.15 07:14:15.093,7.26341,7.26515,1.00,1.19
2014.10.15 07:14:15.465,7.26341,7.26501,1.00,1.19
2014.10.15 07:14:16.467,7.26341,7.26507,1.00,1.19
2014.10.15 07:14:17.400,7.26341,7.26487,1.00,1.87
2014.10.15 07:14:17.653,7.26322,7.2648,1.00,1.00
2014.10.15 07:14:17.704,7.26322,7.26495,1.00,1.19
2014.10.15 07:14:17.755,7.26325,7.26495,1.19,1.00
2014.10.15 07:14:17.856,7.26348,7.26507,1.00,1.00
2014.10.15 07:14:17.957,7.26348,7.26517,1.00,1.00
2014.10.15 07:14:18.058,7.26373,7.26517,1.00,1.00
2014.10.15 07:14:18.159,7.26373,7.26527,1.00,1.19
2014.10.15 07:14:18.765,7.26373,7.26526,1.00,1.00
2014.10.15 07:14:18.816,7.26391,7.26526,1.00,1.00
2014.10.15 07:14:19.333,7.26391,7.2655,1.00,1.19
2014.10.15 07:14:19.384,7.26391,7.26527,1.00,1.50
2014.10.15 07:14:19.485,7.26365,7.26527,1.00,2.25
2014.10.15 07:14:19.536,7.26365,7.26527,1.00,1.50
2014.10.15 07:14:20.223,7.26365,7.26527,1.00,3.00
2014.10.15 07:14:20.545,7.26365,7.26524,1.00,1.69
2014.10.15 07:14:21.548,7.26365,7.26526,1.00,1.94
2014.10.15 07:14:21.698,7.26334,7.26503,1.00,1.00
2014.10.15 07:14:21.799,7.26334,7.26503,1.00,1.31
2014.10.15 07:14:22.468,7.26353,7.26503,1.00,1.19
2014.10.15 07:14:22.855,7.26353,7.26515,1.00,1.94
2014.10.15 07:14:23.895,7.26353,7.26526,1.00,1.19
2014.10.15 07:14:24.903,7.26353,7.26526,1.00,1.94
2014.10.15 07:14:25.565,7.26353,7.26527,1.00,1.56
2014.10.15 07:14:25.667,7.26372,7.26544,1.25,1.94
2014.10.15 07:14:25.970,7.26395,7.26563,1.00,1.94
2014.10.15 07:14:26.367,7.26395,7.26563,1.00,1.94
2014.10.15 07:14:28.678,7.26395,7.26551,1.00,1.94
2014.10.15 07:14:28.825,7.26395,7.26565,1.00,1.94
2014.10.15 07:14:29.082,7.26395,7.26567,1.00,3.19
2014.10.15 07:14:29.481,7.26395,7.26551,1.00,1.94
2014.10.15 07:14:30.504,7.26395,7.26547,1.00,2.06
2014.10.15 07:14:31.937,7.26395,7.26557,1.00,1.19
2014.10.15 07:14:32.425,7.26395,7.26547,1.00,1.00
2014.10.15 07:14:33.656,7.26395,7.26557,1.00,1.19
2014.10.15 07:14:33.757,7.26395,7.26537,1.00,1.00
2014.10.15 07:14:34.010,7.26377,7.26537,1.00,1.19
2014.10.15 07:14:34.112,7.26399,7.26546,1.00,1.19
2014.10.15 07:14:34.213,7.26399,7.26547,1.00,1.00
2014.10.15 07:14:34.314,7.26399,7.26557,1.00,1.19
2014.10.15 07:14:34.416,7.26399,7.26547,1.00,1.00
2014.10.15 07:14:34.736,7.26399,7.26557,1.00,1.19
2014.10.15 07:14:35.116,7.26399,7.26537,1.00,1.00
2014.10.15 07:14:35.438,7.26399,7.26537,1.00,1.19
2014.10.15 07:14:35.748,7.26399,7.26527,1.00,1.00
2014.10.15 07:14:35.900,7.26377,7.26517,1.00,1.00
2014.10.15 07:14:36.223,7.26377,7.26517,1.00,1.19
2014.10.15 07:14:36.977,7.26396,7.26535,1.00,1.69
2014.10.15 07:14:37.078,7.26373,7.26524,1.00,1.49
2014.10.15 07:14:37.309,7.26373,7.26524,1.00,1.49
2014.10.15 07:14:37.959,7.26373,7.26524,1.00,1.30
2014.10.15 07:14:39.294,7.26395,7.26524,1.00,1.30
2014.10.15 07:14:44.104,7.26357,7.26524,1.19,1.30
2014.10.15 07:14:44.933,7.26357,7.26524,1.19,1.30
2014.10.15 07:14:46.316,7.26357,7.26517,1.19,1.00
2014.10.15 07:14:46.581,7.26357,7.26524,1.19,1.30
2014.10.15 07:14:46.724,7.26357,7.26517,1.19,1.00
2014.10.15 07:14:47.051,7.26357,7.26517,1.00,1.19
2014.10.15 07:14:47.355,7.26356,7.26509,1.30,1.00
2014.10.15 07:14:47.943,7.26356,7.26509,1.30,1.19
2014.10.15 07:14:48.752,7.26335,7.26492,1.00,1.30
2014.10.15 07:14:50.448,7.26336,7.26492,1.00,1.30
2014.10.15 07:14:51.448,7.26342,7.26492,1.00,1.30
2014.10.15 07:14:51.550,7.2636,7.26524,1.19,1.30
2014.10.15 07:14:51.702,7.26397,7.26524,1.00,1.30
2014.10.15 07:14:52.491,7.26397,7.26524,1.00,1.49
2014.10.15 07:14:53.467,7.26397,7.26524,1.00,1.49
2014.10.15 07:14:54.578,7.26397,7.26524,1.00,1.30
2014.10.15 07:15:00.085,7.26397,7.26524,1.00,1.49
2014.10.15 07:15:00.406,7.26397,7.26495,1.00,1.30
2014.10.15 07:15:06.900,7.26397,7.26517,1.00,1.19
2014.10.15 07:15:07.052,7.26397,7.26522,1.00,1.49
2014.10.15 07:15:08.447,7.26397,7.26547,1.00,1.19
2014.10.15 07:15:09.422,7.26397,7.26547,1.00,1.25
2014.10.15 07:15:10.424,7.26397,7.26552,1.00,1.49
2014.10.15 07:15:11.428,7.26397,7.26547,1.00,1.19
2014.10.15 07:15:12.431,7.26397,7.26547,1.00,1.19
2014.10.15 07:15:14.436,7.26397,7.26552,1.00,1.49
2014.10.15 07:15:15.439,7.26397,7.26552,1.00,1.49
2014.10.15 07:15:18.474,7.26397,7.26547,1.00,1.19
2014.10.15 07:15:20.455,7.26397,7.26547,1.00,1.19
2014.10.15 07:15:21.459,7.26397,7.26547,1.00,1.19
2014.10.15 07:15:23.474,7.26397,7.26546,1.00,1.19
2014.10.15 07:15:24.471,7.26397,7.26546,1.00,1.19
2014.10.15 07:15:24.985,7.26397,7.26519,1.00,1.49
2014.10.15 07:15:25.303,7.26397,7.26487,1.00,1.30
2014.10.15 07:15:26.088,7.26397,7.26507,1.00,1.49
2014.10.15 07:15:26.189,7.26397,7.26516,1.00,1.30
2014.10.15 07:15:27.197,7.26397,7.26516,1.00,1.49
2014.10.15 07:15:28.183,7.26397,7.26513,1.00,1.19
2014.10.15 07:15:29.189,7.26397,7.26514,1.00,1.19
2014.10.15 07:15:30.188,7.26397,7.26512,1.00,1.19
2014.10.15 07:15:30.415,7.26379,7.26507,1.00,1.19
2014.10.15 07:15:31.224,7.26379,7.26507,1.00,1.19
2014.10.15 07:15:32.295,7.26379,7.26516,1.00,1.49
2014.10.15 07:15:33.506,7.26379,7.26516,1.00,1.49
2014.10.15 07:15:35.505,7.26379,7.26516,1.00,1.49
2014.10.15 07:15:36.507,7.26379,7.26516,1.00,1.49
2014.10.15 07:15:37.537,7.26379,7.26516,1.00,1.49
2014.10.15 07:15:38.105,7.26379,7.26487,1.00,1.30
2014.10.15 07:15:39.263,7.26379,7.26487,1.00,1.49
2014.10.15 07:15:40.345,7.26379,7.26487,1.00,1.49
2014.10.15 07:15:41.559,7.26379,7.26487,1.00,1.49
2014.10.15 07:15:42.527,7.26379,7.26487,1.00,1.49
2014.10.15 07:15:42.831,7.26358,7.26477,1.00,1.00
2014.10.15 07:15:42.933,7.26358,7.26457,1.00,1.30
2014.10.15 07:15:48.146,7.26358,7.26457,1.00,1.49
2014.10.15 07:15:49.149,7.26358,7.26457,1.00,1.16
2014.10.15 07:15:49.199,7.26317,7.26457,1.00,1.16
2014.10.15 07:15:49.301,7.26298,7.26457,1.00,1.16
2014.10.15 07:15:50.452,7.26298,7.26457,1.00,1.49
2014.10.15 07:15:51.490,7.26298,7.26457,1.00,1.49
2014.10.15 07:15:54.006,7.26288,7.2645,1.30,1.00
2014.10.15 07:15:54.582,7.26288,7.2645,1.30,1.19
2014.10.15 07:15:54.914,7.26288,7.26441,1.30,1.19
2014.10.15 07:15:54.965,7.26276,7.26426,1.00,1.49
2014.10.15 07:15:55.784,7.26276,7.26426,1.00,1.30
2014.10.15 07:15:56.673,7.26258,7.26426,1.30,1.30
2014.10.15 07:15:56.803,7.26258,7.26426,1.30,1.49
2014.10.15 07:15:58.783,7.26258,7.26426,1.30,1.49
2014.10.15 07:16:00.781,7.26258,7.26426,1.30,1.49
2014.10.15 07:16:01.784,7.26258,7.26426,1.30,1.49
2014.10.15 07:16:02.787,7.26258,7.26426,1.30,1.49
2014.10.15 07:16:03.837,7.26258,7.26426,1.30,1.49
2014.10.15 07:16:04.793,7.26258,7.26426,1.30,1.30
2014.10.15 07:16:05.544,7.26258,7.26426,1.30,1.49
2014.10.15 07:16:05.797,7.26239,7.26398,1.00,1.30
2014.10.15 07:16:06.000,7.26239,7.26398,1.00,1.49
2014.10.15 07:16:06.355,7.2623,7.26394,1.30,1.19
2014.10.15 07:16:06.608,7.2622,7.26369,1.00,1.30
2014.10.15 07:16:06.915,7.26248,7.26369,1.00,1.30
2014.10.15 07:16:12.144,7.26248,7.26369,1.00,1.49
2014.10.15 07:16:13.253,7.26248,7.26369,1.00,1.30
2014.10.15 07:16:14.228,7.26248,7.2634,1.00,1.30
2014.10.15 07:16:17.558,7.26226,7.2634,1.00,1.30
2014.10.15 07:16:17.760,7.26226,7.26311,1.00,1.30
2014.10.15 07:16:19.355,7.26208,7.26311,1.00,1.30
2014.10.15 07:16:19.957,7.26208,7.26311,1.00,1.91
2014.10.15 07:16:20.008,7.26185,7.26311,1.00,1.91
2014.10.15 07:16:20.059,7.26185,7.26276,1.00,1.30
2014.10.15 07:16:20.110,7.26167,7.26276,1.00,1.30
2014.10.15 07:16:20.160,7.26167,7.26239,1.00,1.30
2014.10.15 07:16:20.363,7.26167,7.26283,1.00,1.30
2014.10.15 07:16:20.566,7.26167,7.26252,1.00,1.30
2014.10.15 07:16:20.870,7.26167,7.26226,1.00,1.30
2014.10.15 07:16:21.621,7.26146,7.26226,1.00,1.30
2014.10.15 07:16:22.756,7.26126,7.26226,1.00,1.30
2014.10.15 07:16:22.858,7.26126,7.26197,1.00,1.30
2014.10.15 07:16:23.275,7.26099,7.26197,1.00,1.30
2014.10.15 07:16:24.300,7.26081,7.26197,1.00,1.30
2014.10.15 07:16:24.936,7.26101,7.26197,1.00,1.30
2014.10.15 07:16:25.189,7.26101,7.26227,1.00,1.49
2014.10.15 07:16:25.342,7.26101,7.26212,1.00,1.00
2014.10.15 07:16:25.596,7.26082,7.26194,1.00,1.30
2014.10.15 07:16:25.698,7.26064,7.26194,1.00,1.30
2014.10.15 07:16:26.690,7.26064,7.26194,1.00,1.49
2014.10.15 07:16:27.834,7.26064,7.26194,1.00,1.49
2014.10.15 07:16:28.906,7.26064,7.26194,1.00,1.49
2014.10.15 07:16:29.892,7.26064,7.26194,1.00,1.49
2014.10.15 07:16:30.925,7.26064,7.26194,1.00,1.49
2014.10.15 07:16:31.937,7.26064,7.26184,1.00,1.19
2014.10.15 07:16:32.899,7.26064,7.26189,1.00,1.19
2014.10.15 07:16:33.710,7.26064,7.26162,1.00,1.30
2014.10.15 07:16:34.643,7.26083,7.26162,1.00,1.30
2014.10.15 07:16:34.811,7.26083,7.2619,1.00,1.30
2014.10.15 07:16:39.824,7.26083,7.26217,1.00,1.49
2014.10.15 07:16:40.346,7.26083,7.26217,1.00,1.30
2014.10.15 07:16:44.338,7.26083,7.26217,1.00,1.49
2014.10.15 07:16:44.697,7.26083,7.26189,1.00,1.30
2014.10.15 07:16:45.693,7.26083,7.26216,1.00,1.30
2014.10.15 07:16:45.744,7.26102,7.26216,1.00,1.30
2014.10.15 07:16:46.476,7.26074,7.26216,1.00,1.30
2014.10.15 07:16:49.900,7.26096,7.26216,1.00,1.30
2014.10.15 07:16:50.001,7.26096,7.26247,1.00,1.30
2014.10.15 07:16:50.204,7.26109,7.2627,1.30,1.19
2014.10.15 07:16:50.407,7.26109,7.2627,1.30,1.00
2014.10.15 07:16:53.315,7.2611,7.2627,1.19,1.00
2014.10.15 07:16:53.417,7.26143,7.26289,1.50,1.00
2014.10.15 07:16:53.519,7.26143,7.26289,1.69,1.00
2014.10.15 07:16:53.844,7.2617,7.26289,1.30,1.00
2014.10.15 07:16:56.714,7.26191,7.2631,1.30,1.00
2014.10.15 07:17:01.323,7.26169,7.2631,1.49,1.00
2014.10.15 07:17:02.342,7.26169,7.2631,1.30,1.00
2014.10.15 07:17:03.307,7.26171,7.2631,1.00,1.00
2014.10.15 07:17:03.833,7.26169,7.2631,1.30,1.00
2014.10.15 07:17:05.288,7.26158,7.26309,1.00,1.30
2014.10.15 07:17:05.518,7.26146,7.26309,1.00,1.30
2014.10.15 07:17:05.720,7.26141,7.26309,1.16,1.30
2014.10.15 07:17:06.590,7.26139,7.2628,1.19,1.30
2014.10.15 07:17:06.640,7.26139,7.2628,1.00,1.30
2014.10.15 07:17:08.346,7.26136,7.2628,1.00,1.30
2014.10.15 07:17:14.643,7.26129,7.2628,1.00,1.30
2014.10.15 07:17:15.272,7.26123,7.2628,1.50,1.30
2014.10.15 07:17:15.323,7.26118,7.2628,1.25,1.30
2014.10.15 07:17:17.992,7.26118,7.26279,1.00,1.56
2014.10.15 07:17:18.094,7.26097,7.26248,1.00,1.30
2014.10.15 07:17:18.246,7.2608,7.26248,1.49,1.30
2014.10.15 07:17:18.297,7.2608,7.26248,1.30,1.49
2014.10.15 07:17:19.305,7.2608,7.26248,1.16,1.30
2014.10.15 07:17:20.267,7.2608,7.26248,1.49,1.30
2014.10.15 07:17:21.270,7.2608,7.26248,1.49,1.30
2014.10.15 07:17:21.573,7.26107,7.26253,1.30,1.00
2014.10.15 07:17:22.562,7.26111,7.26276,1.00,1.49
2014.10.15 07:17:23.278,7.26111,7.26276,1.00,1.49
2014.10.15 07:17:24.281,7.26111,7.26276,1.00,1.49
2014.10.15 07:17:26.286,7.26111,7.26276,1.00,1.49
2014.10.15 07:17:27.291,7.26111,7.26276,1.00,1.49
2014.10.15 07:17:28.292,7.26111,7.26276,1.00,1.91
2014.10.15 07:17:29.295,7.26111,7.26271,1.00,1.19
2014.10.15 07:17:30.298,7.26111,7.26274,1.00,1.19
2014.10.15 07:17:31.301,7.26111,7.26271,1.00,1.19
2014.10.15 07:17:32.304,7.26111,7.26269,1.00,1.19
2014.10.15 07:17:33.142,7.26111,7.26247,1.00,1.30
2014.10.15 07:17:38.664,7.26111,7.26247,1.19,1.30
2014.10.15 07:17:38.715,7.26111,7.26279,1.19,1.30
2014.10.15 07:17:38.766,7.26131,7.26279,1.19,1.30
2014.10.15 07:17:38.918,7.26138,7.26305,1.30,1.00
2014.10.15 07:17:39.132,7.2615,7.26306,1.00,1.30
2014.10.15 07:17:42.945,7.2615,7.26306,1.00,1.49
2014.10.15 07:17:43.953,7.2615,7.26306,1.00,1.49
2014.10.15 07:17:44.581,7.2615,7.26306,1.19,1.30
2014.10.15 07:17:45.212,7.26167,7.26324,1.30,1.00
2014.10.15 07:17:45.263,7.26173,7.26324,1.69,1.00
2014.10.15 07:17:46.063,7.26174,7.26324,1.00,1.00
2014.10.15 07:17:46.164,7.26167,7.26324,1.30,1.00
2014.10.15 07:17:47.161,7.26167,7.26324,1.30,1.19
2014.10.15 07:17:48.269,7.26167,7.26321,1.30,1.19
2014.10.15 07:17:49.291,7.26167,7.26324,1.30,1.69
2014.10.15 07:17:50.471,7.26167,7.26324,1.30,1.19
2014.10.15 07:17:51.512,7.26167,7.26323,1.30,1.19
2014.10.15 07:17:51.841,7.26191,7.26323,1.00,1.19
2014.10.15 07:17:53.481,7.26191,7.26321,1.00,1.19
2014.10.15 07:17:53.784,7.26302,7.26396,1.30,1.00
2014.10.15 07:17:53.835,7.26332,7.26457,1.00,1.00
2014.10.15 07:17:53.886,7.26332,7.26456,1.00,1.19
2014.10.15 07:17:54.189,7.26289,7.26398,1.00,1.49
2014.10.15 07:17:55.105,7.26289,7.26392,1.00,1.49
2014.10.15 07:17:55.809,7.26308,7.26392,1.00,1.49
2014.10.15 07:17:56.351,7.26308,7.26404,1.00,1.19
2014.10.15 07:17:56.693,7.26308,7.26424,1.00,1.49
2014.10.15 07:17:58.741,7.26308,7.26424,1.00,1.49
2014.10.15 07:17:58.792,7.26326,7.26424,1.00,1.49
2014.10.15 07:17:59.844,7.26326,7.26447,1.00,1.19
2014.10.15 07:18:01.814,7.26326,7.26452,1.00,1.49
2014.10.15 07:18:02.809,7.26326,7.26447,1.00,1.19
2014.10.15 07:18:03.813,7.26326,7.26452,1.00,1.49
2014.10.15 07:18:04.828,7.26326,7.26452,1.00,1.49
2014.10.15 07:18:05.819,7.26326,7.26452,1.00,1.49
2014.10.15 07:18:06.822,7.26326,7.26452,1.00,1.49
2014.10.15 07:18:08.828,7.26326,7.26452,1.00,1.49
2014.10.15 07:18:10.851,7.26326,7.26452,1.00,1.49
2014.10.15 07:18:11.842,7.26326,7.26447,1.00,1.19
2014.10.15 07:18:12.838,7.26326,7.26452,1.00,1.49
2014.10.15 07:18:13.840,7.26326,7.26447,1.00,1.19
2014.10.15 07:18:14.842,7.26326,7.26447,1.00,1.19
2014.10.15 07:18:16.896,7.26326,7.26437,1.00,1.19
2014.10.15 07:18:17.946,7.26326,7.26447,1.00,1.94
2014.10.15 07:18:18.262,7.26307,7.26407,1.00,1.19
2014.10.15 07:18:18.969,7.26307,7.26407,1.00,1.19
2014.10.15 07:18:19.831,7.26307,7.26397,1.00,1.00
2014.10.15 07:18:23.072,7.26307,7.26386,1.00,1.00
2014.10.15 07:18:23.403,7.26307,7.26377,1.00,1.00
2014.10.15 07:18:24.012,7.26307,7.26367,1.00,1.00
2014.10.15 07:18:24.326,7.26288,7.26347,1.00,1.00
2014.10.15 07:18:24.653,7.26288,7.26337,1.00,1.00
2014.10.15 07:18:25.080,7.26288,7.26317,1.00,1.00
2014.10.15 07:18:25.551,7.26288,7.26327,1.00,1.00
2014.10.15 07:18:27.762,7.26288,7.26337,1.00,1.00
2014.10.15 07:18:27.813,7.26266,7.26337,1.00,1.00
2014.10.15 07:18:28.116,7.26266,7.26346,1.00,1.00
2014.10.15 07:18:28.452,7.26266,7.26336,1.00,1.00
2014.10.15 07:18:28.554,7.26266,7.26347,1.00,1.75
2014.10.15 07:18:28.655,7.26266,7.26347,1.00,1.75
2014.10.15 07:18:29.474,7.26266,7.26347,1.00,1.00
2014.10.15 07:18:29.525,7.26266,7.26353,1.00,1.67
2014.10.15 07:18:30.199,7.26266,7.26347,1.00,1.75
2014.10.15 07:18:30.250,7.26248,7.26347,1.00,1.75
2014.10.15 07:18:30.402,7.26248,7.26337,1.00,1.00
2014.10.15 07:18:30.746,7.26248,7.26347,1.00,1.75
2014.10.15 07:18:30.999,7.26248,7.26353,1.00,1.67
2014.10.15 07:18:31.102,7.26248,7.26353,1.00,1.30
2014.10.15 07:18:31.408,7.26248,7.26353,1.00,2.05
2014.10.15 07:18:32.972,7.26248,7.26353,1.00,1.35
2014.10.15 07:18:33.227,7.26268,7.26353,1.00,1.30
2014.10.15 07:18:44.761,7.26268,7.26372,1.00,1.30
2014.10.15 07:18:47.381,7.26296,7.26372,1.00,1.30
2014.10.15 07:18:47.592,7.26296,7.26392,1.00,1.49
2014.10.15 07:18:49.212,7.26296,7.26401,1.00,1.49
2014.10.15 07:18:50.166,7.26296,7.26397,1.00,1.00
2014.10.15 07:18:50.853,7.26296,7.26407,1.00,1.19
2014.10.15 07:18:51.191,7.26296,7.26407,1.00,1.00
2014.10.15 07:18:51.364,7.26296,7.26397,1.00,1.00
2014.10.15 07:18:52.500,7.26296,7.26387,1.00,1.00
2014.10.15 07:18:52.804,7.26296,7.26387,1.00,1.19
2014.10.15 07:18:53.153,7.26296,7.26377,1.00,1.00
2014.10.15 07:18:53.342,7.26296,7.26387,1.00,1.19
2014.10.15 07:18:53.782,7.26296,7.26397,1.00,1.19
2014.10.15 07:18:53.892,7.26296,7.26387,1.00,1.00
2014.10.15 07:18:54.801,7.26296,7.26397,1.00,1.19
2014.10.15 07:18:55.004,7.26296,7.264,1.00,1.30
2014.10.15 07:18:55.360,7.26296,7.26417,1.00,1.19
2014.10.15 07:18:56.041,7.26296,7.26417,1.00,1.19
2014.10.15 07:18:56.091,7.26296,7.26417,1.00,1.94
2014.10.15 07:18:56.414,7.26296,7.26397,1.00,1.00
2014.10.15 07:18:56.742,7.26296,7.26387,1.00,1.00
2014.10.15 07:18:59.321,7.26296,7.26396,1.00,1.30
2014.10.15 07:18:59.881,7.26296,7.26397,1.00,1.00
2014.10.15 07:19:01.439,7.26296,7.26417,1.00,1.19
2014.10.15 07:19:01.844,7.26296,7.26424,1.00,1.49
2014.10.15 07:19:01.895,7.26296,7.26407,1.00,1.50
2014.10.15 07:19:02.916,7.26296,7.26407,1.00,1.69
2014.10.15 07:19:03.920,7.26296,7.26417,1.00,1.19
2014.10.15 07:19:04.101,7.26296,7.2639,1.00,1.30
2014.10.15 07:19:05.352,7.26296,7.26409,1.00,1.30
2014.10.15 07:19:05.403,7.26296,7.26417,1.00,1.30
2014.10.15 07:19:05.454,7.26314,7.26417,1.00,1.30
2014.10.15 07:19:06.931,7.26314,7.26437,1.00,1.91
2014.10.15 07:19:06.981,7.26314,7.26451,1.00,1.19
2014.10.15 07:19:08.053,7.26314,7.26463,1.00,1.49
2014.10.15 07:19:09.165,7.26314,7.26463,1.00,1.49
2014.10.15 07:19:09.317,7.26336,7.26463,1.00,1.49
2014.10.15 07:19:09.368,7.26336,7.26463,1.00,1.30
2014.10.15 07:19:09.470,7.26336,7.26477,1.00,1.19
2014.10.15 07:19:09.977,7.26336,7.26456,1.00,1.30
2014.10.15 07:19:14.584,7.26336,7.26456,1.00,1.49
2014.10.15 07:19:14.989,7.26336,7.26426,1.00,1.49
2014.10.15 07:19:15.991,7.26336,7.26426,1.00,1.30
2014.10.15 07:19:16.864,7.26336,7.26398,1.00,1.30
2014.10.15 07:19:17.989,7.26336,7.26418,1.00,1.30
2014.10.15 07:19:18.040,7.26336,7.26427,1.00,1.30
2014.10.15 07:19:19.102,7.26336,7.26447,1.00,1.30
2014.10.15 07:19:19.203,7.26336,7.26454,1.00,1.30
2014.10.15 07:19:23.507,7.26336,7.26475,1.00,1.30
2014.10.15 07:19:23.557,7.26336,7.26484,1.00,1.49
2014.10.15 07:19:24.206,7.26336,7.26484,1.00,1.49
2014.10.15 07:19:25.218,7.26336,7.26484,1.00,1.49
2014.10.15 07:19:26.260,7.26336,7.26484,1.00,1.49
2014.10.15 07:19:27.320,7.26336,7.26484,1.00,1.49
2014.10.15 07:19:28.424,7.26336,7.26484,1.00,1.49
2014.10.15 07:19:29.427,7.26336,7.26484,1.00,1.49
2014.10.15 07:19:29.518,7.26344,7.26484,1.00,1.49
2014.10.15 07:19:29.671,7.26356,7.2651,1.30,1.50
2014.10.15 07:19:29.772,7.26374,7.26524,1.00,1.30
2014.10.15 07:19:30.076,7.26352,7.26497,1.00,1.30
2014.10.15 07:19:30.126,7.26356,7.26517,1.30,1.30
2014.10.15 07:19:30.177,7.26356,7.26525,1.30,2.24
2014.10.15 07:19:30.482,7.26352,7.26497,1.00,1.30
2014.10.15 07:19:31.604,7.26352,7.26466,1.00,1.30
2014.10.15 07:19:31.922,7.26363,7.26486,1.00,1.30
2014.10.15 07:19:31.973,7.26376,7.26528,1.00,1.30
2014.10.15 07:19:32.176,7.2636,7.26527,1.30,1.69
2014.10.15 07:19:32.227,7.26354,7.26497,1.00,1.30
2014.10.15 07:19:34.130,7.26359,7.26516,1.30,1.49
2014.10.15 07:19:34.182,7.26359,7.26528,1.49,1.72
2014.10.15 07:19:34.233,7.26376,7.26528,1.00,1.30
2014.10.15 07:19:34.537,7.26376,7.26527,1.00,1.69
2014.10.15 07:19:34.588,7.26359,7.26528,1.30,1.49
2014.10.15 07:19:34.740,7.26356,7.26486,1.00,1.30
2014.10.15 07:19:36.439,7.26376,7.26506,1.00,1.49
2014.10.15 07:19:36.490,7.26376,7.26524,1.00,1.30
2014.10.15 07:19:36.693,7.26376,7.26524,1.00,1.54
2014.10.15 07:19:36.794,7.26358,7.26524,1.30,1.54
2014.10.15 07:19:36.846,7.26357,7.26496,1.00,1.30
2014.10.15 07:19:37.930,7.26357,7.26468,1.00,1.30
2014.10.15 07:19:40.850,7.26357,7.26488,1.00,1.30
2014.10.15 07:19:40.902,7.26357,7.26503,1.00,1.30
2014.10.15 07:19:40.955,7.26377,7.26503,1.00,1.30
2014.10.15 07:19:41.209,7.26358,7.26503,1.00,1.30
2014.10.15 07:19:41.463,7.26358,7.26475,1.00,1.30
2014.10.15 07:19:42.501,7.2634,7.26466,1.00,1.30
2014.10.15 07:19:42.773,7.2634,7.26406,1.00,1.30
2014.10.15 07:19:43.028,7.26322,7.26414,1.00,1.30
2014.10.15 07:19:43.180,7.26296,7.26414,1.00,1.30
2014.10.15 07:19:43.384,7.26296,7.26397,1.00,1.30
2014.10.15 07:19:43.688,7.26296,7.26377,1.00,1.30
2014.10.15 07:19:44.910,7.26315,7.26377,1.00,1.30
2014.10.15 07:19:44.961,7.26315,7.26425,1.00,1.30
2014.10.15 07:19:46.353,7.26315,7.26396,1.00,1.30
2014.10.15 07:19:47.456,7.26296,7.26396,1.00,1.30
2014.10.15 07:19:48.432,7.26296,7.26369,1.00,1.30
2014.10.15 07:19:48.871,7.26296,7.26397,1.00,2.47
2014.10.15 07:19:49.649,7.26316,7.26417,1.00,2.05
2014.10.15 07:19:50.105,7.26316,7.26397,1.00,1.50
2014.10.15 07:19:50.640,7.26316,7.26404,1.00,1.30
2014.10.15 07:19:50.741,7.26316,7.26373,1.00,1.30
2014.10.15 07:19:51.181,7.26316,7.26403,1.00,1.30
2014.10.15 07:19:51.383,7.26316,7.26427,1.00,1.50
2014.10.15 07:19:51.638,7.26316,7.26396,1.00,1.30
2014.10.15 07:19:51.942,7.26316,7.26416,1.00,1.30
2014.10.15 07:19:51.993,7.26316,7.26425,1.00,1.30
2014.10.15 07:19:52.348,7.26316,7.26445,1.19,1.30
2014.10.15 07:19:52.399,7.26338,7.26457,1.00,1.30
2014.10.15 07:19:55.702,7.26338,7.26423,1.00,1.30
2014.10.15 07:19:57.242,7.26338,7.26423,1.00,1.49
2014.10.15 07:19:57.344,7.26338,7.26423,1.00,1.30
2014.10.15 07:19:57.546,7.26338,7.26423,1.00,1.49
2014.10.15 07:19:57.851,7.26318,7.26395,1.00,1.30
2014.10.15 07:19:58.155,7.26318,7.26366,1.00,1.30
2014.10.15 07:19:58.553,7.26318,7.26386,1.00,1.30
2014.10.15 07:19:58.654,7.26318,7.26406,1.00,1.00
2014.10.15 07:19:58.705,7.26318,7.26424,1.00,1.30
2014.10.15 07:20:00.473,7.26318,7.26424,1.00,1.49
2014.10.15 07:20:01.481,7.26318,7.26424,1.00,1.49
2014.10.15 07:20:01.854,7.26318,7.26393,1.00,1.30
2014.10.15 07:20:02.641,7.26293,7.26393,1.00,1.30
2014.10.15 07:20:05.380,7.26314,7.26393,1.00,1.30
2014.10.15 07:20:11.422,7.26293,7.26393,1.00,1.30
2014.10.15 07:20:14.612,7.26312,7.26393,1.00,1.30
2014.10.15 07:20:17.654,7.26312,7.26362,1.00,1.30
2014.10.15 07:20:18.354,7.2628,7.26362,1.00,1.30
2014.10.15 07:20:22.124,7.2628,7.26328,1.00,1.30
2014.10.15 07:20:22.791,7.26224,7.26328,1.00,1.30
2014.10.15 07:20:24.652,7.26243,7.26328,1.00,1.30
2014.10.15 07:20:27.953,7.26243,7.26357,1.00,1.30
2014.10.15 07:20:28.055,7.26264,7.26357,1.00,1.30
2014.10.15 07:20:31.198,7.26264,7.26385,1.00,1.30
2014.10.15 07:20:32.331,7.26305,7.26385,1.00,1.30
2014.10.15 07:20:32.685,7.26325,7.26405,1.00,1.30
2014.10.15 07:20:32.736,7.26325,7.26413,1.00,1.30
2014.10.15 07:20:32.787,7.26325,7.26433,1.00,1.30
2014.10.15 07:20:32.838,7.26325,7.26444,1.00,1.30
2014.10.15 07:20:32.889,7.26343,7.26444,1.00,1.30
2014.10.15 07:20:36.783,7.26343,7.26464,1.00,1.30
2014.10.15 07:20:36.834,7.26363,7.26492,1.00,1.49
2014.10.15 07:20:37.239,7.26363,7.26492,1.00,1.16
2014.10.15 07:20:37.594,7.26363,7.26462,1.00,1.30
2014.10.15 07:20:37.746,7.26345,7.26462,1.00,1.30
2014.10.15 07:20:37.848,7.26345,7.26462,1.00,1.49
2014.10.15 07:20:38.151,7.26365,7.26462,1.00,1.30
2014.10.15 07:20:38.405,7.26384,7.26482,1.00,1.30
2014.10.15 07:20:38.658,7.26384,7.2649,1.00,1.30
2014.10.15 07:20:44.838,7.26384,7.26463,1.00,1.00
2014.10.15 07:20:44.990,7.26339,7.26452,1.00,2.10
2014.10.15 07:20:45.091,7.26318,7.26418,1.00,1.30
2014.10.15 07:20:45.192,7.26318,7.2639,1.00,1.30
2014.10.15 07:20:45.294,7.26293,7.2639,1.00,1.30
2014.10.15 07:20:56.648,7.26293,7.26418,1.00,1.30
2014.10.15 07:20:56.851,7.26315,7.26418,1.00,1.30
2014.10.15 07:20:57.075,7.26315,7.26446,1.00,1.30
2014.10.15 07:21:10.222,7.26315,7.26446,1.00,1.49
2014.10.15 07:21:11.224,7.26315,7.26446,1.00,1.30
2014.10.15 07:21:15.277,7.26315,7.26412,1.00,1.30
2014.10.15 07:21:15.328,7.26283,7.26412,1.00,1.30
2014.10.15 07:21:30.691,7.26283,7.26412,1.19,1.30
2014.10.15 07:21:31.828,7.26283,7.26412,1.00,1.30
2014.10.15 07:21:35.615,7.26283,7.26429,1.25,1.30
2014.10.15 07:21:37.810,7.26303,7.26429,1.00,1.30
2014.10.15 07:21:37.861,7.26303,7.2645,1.00,1.30
2014.10.15 07:21:37.912,7.26304,7.26461,1.00,1.49
2014.10.15 07:21:38.814,7.26303,7.26461,2.74,1.30
2014.10.15 07:21:42.155,7.26303,7.26461,2.74,1.49
2014.10.15 07:21:43.241,7.26303,7.26461,2.74,1.30
2014.10.15 07:21:43.292,7.26303,7.26461,3.49,1.30
2014.10.15 07:21:43.495,7.26324,7.26481,2.24,1.30
2014.10.15 07:21:43.596,7.26333,7.26493,1.99,1.30
2014.10.15 07:21:44.683,7.26333,7.26493,2.18,1.30
2014.10.15 07:21:45.995,7.26344,7.26493,1.19,1.30
2014.10.15 07:21:46.096,7.26363,7.26497,1.19,1.00
2014.10.15 07:21:46.147,7.26369,7.26518,1.19,1.00
2014.10.15 07:21:46.350,7.26385,7.26518,1.30,1.00
2014.10.15 07:21:46.604,7.26431,7.26548,1.42,1.00
2014.10.15 07:21:46.806,7.2641,7.26553,1.00,1.30
2014.10.15 07:21:47.881,7.2641,7.26553,1.19,1.30
2014.10.15 07:21:48.090,7.26413,7.26581,1.49,1.30
2014.10.15 07:21:49.058,7.26413,7.26581,1.49,1.30
2014.10.15 07:21:49.362,7.2652,7.26584,1.30,1.00
2014.10.15 07:21:49.413,7.26483,7.26584,2.25,1.00
2014.10.15 07:21:49.464,7.26503,7.26606,2.18,1.60
2014.10.15 07:21:49.769,7.26539,7.26621,1.00,2.10
2014.10.15 07:21:50.339,7.26544,7.26621,1.00,2.10
2014.10.15 07:21:50.671,7.2656,7.26621,1.19,2.10
2014.10.15 07:21:51.512,7.2656,7.26621,1.00,2.10
2014.10.15 07:21:51.563,7.26539,7.26621,1.19,2.10
2014.10.15 07:21:51.614,7.26539,7.26621,1.00,2.10
2014.10.15 07:21:51.766,7.26571,7.26621,1.00,2.10
2014.10.15 07:21:52.192,7.26571,7.2671,1.00,2.29
2014.10.15 07:21:52.293,7.26571,7.26716,1.00,1.30
2014.10.15 07:21:52.881,7.26592,7.26716,1.00,1.30
2014.10.15 07:21:53.821,7.26592,7.26744,1.00,1.49
2014.10.15 07:21:53.997,7.26592,7.26744,1.94,1.30
2014.10.15 07:21:54.099,7.26614,7.26777,1.37,1.30
2014.10.15 07:21:54.201,7.26634,7.26777,1.00,1.30
2014.10.15 07:21:54.303,7.26634,7.26806,1.75,1.49
2014.10.15 07:21:54.404,7.26652,7.26806,1.75,1.49
2014.10.15 07:21:54.506,7.26684,7.26836,1.00,1.49
2014.10.15 07:21:54.861,7.26667,7.26836,1.00,1.49
2014.10.15 07:21:55.506,7.26667,7.26796,1.00,1.30
2014.10.15 07:21:55.709,7.26637,7.26796,1.00,1.49
2014.10.15 07:21:56.749,7.26637,7.26796,1.00,1.49
2014.10.15 07:21:57.835,7.26637,7.26796,1.00,1.49
2014.10.15 07:21:58.426,7.26637,7.26781,1.00,1.19
2014.10.15 07:21:58.578,7.26616,7.26756,1.00,1.30
2014.10.15 07:21:58.629,7.26616,7.26736,1.00,1.49
2014.10.15 07:21:58.680,7.26595,7.26736,1.00,1.49
2014.10.15 07:21:59.034,7.26595,7.2673,1.00,1.19
2014.10.15 07:21:59.237,7.26568,7.2673,1.00,1.19
2014.10.15 07:21:59.338,7.26568,7.26702,1.00,1.49
2014.10.15 07:21:59.592,7.26549,7.26674,1.00,1.30
2014.10.15 07:21:59.895,7.26529,7.26674,1.00,1.30
2014.10.15 07:21:59.997,7.26548,7.26674,1.00,1.30
2014.10.15 07:22:00.149,7.26548,7.26704,1.00,1.19
2014.10.15 07:22:00.250,7.26548,7.2671,1.00,1.30
2014.10.15 07:22:00.723,7.26548,7.26676,1.00,1.30
2014.10.15 07:22:01.441,7.26548,7.26696,1.00,1.30
2014.10.15 07:22:01.492,7.26548,7.26704,1.00,1.30
2014.10.15 07:22:01.796,7.26566,7.26704,1.00,1.30
2014.10.15 07:22:03.567,7.26566,7.26711,1.37,1.30
2014.10.15 07:22:03.618,7.26573,7.26711,1.50,1.30
2014.10.15 07:22:03.922,7.26602,7.26738,1.19,1.30
2014.10.15 07:22:04.075,7.26602,7.26758,1.91,1.30
2014.10.15 07:22:04.126,7.26602,7.2677,1.91,1.30
2014.10.15 07:22:05.064,7.26602,7.2677,1.91,1.30
2014.10.15 07:22:05.903,7.26602,7.26742,1.00,1.30
2014.10.15 07:22:08.590,7.26602,7.26713,1.00,1.30
2014.10.15 07:22:08.691,7.26578,7.26713,1.19,1.30
2014.10.15 07:22:09.190,7.26578,7.26713,1.00,1.30
2014.10.15 07:22:14.331,7.26578,7.26713,1.00,1.49
2014.10.15 07:22:14.634,7.26547,7.26684,1.00,1.49
2014.10.15 07:22:14.786,7.26534,7.26684,1.00,1.49
2014.10.15 07:22:15.040,7.26534,7.26653,1.00,1.30
2014.10.15 07:22:17.279,7.26534,7.26686,1.00,1.49
2014.10.15 07:22:17.432,7.26536,7.26686,1.00,1.49
2014.10.15 07:22:17.644,7.26536,7.26686,1.00,1.30
2014.10.15 07:22:18.172,7.26534,7.26686,1.25,1.30
2014.10.15 07:22:18.817,7.26534,7.26686,1.00,1.49
2014.10.15 07:22:19.319,7.26534,7.26686,1.00,1.49
2014.10.15 07:22:19.753,7.26534,7.26657,1.00,1.30
2014.10.15 07:22:20.059,7.26517,7.2662,1.00,1.30
2014.10.15 07:22:20.379,7.26495,7.2662,1.19,1.30
2014.10.15 07:22:20.671,7.26495,7.2662,1.25,1.30
2014.10.15 07:22:23.280,7.26495,7.26649,1.00,1.30
2014.10.15 07:22:24.038,7.26495,7.26649,1.19,1.30
2014.10.15 07:22:25.645,7.26495,7.26649,1.00,1.30
2014.10.15 07:22:25.990,7.26498,7.26649,1.00,1.30
2014.10.15 07:22:26.328,7.26505,7.26649,1.19,1.30
2014.10.15 07:22:26.379,7.26508,7.26677,1.49,1.90
2014.10.15 07:22:27.058,7.26513,7.26677,1.00,2.09
2014.10.15 07:22:27.364,7.26513,7.26612,1.00,1.30
2014.10.15 07:22:27.516,7.26495,7.26612,1.00,1.30
2014.10.15 07:22:27.618,7.2652,7.26612,1.00,1.30
2014.10.15 07:22:27.720,7.2652,7.26632,1.00,1.30
2014.10.15 07:22:27.824,7.2652,7.26611,1.00,1.30
2014.10.15 07:22:27.926,7.2652,7.26641,1.00,1.16
2014.10.15 07:22:31.328,7.26523,7.26641,1.00,1.30
2014.10.15 07:22:31.429,7.26556,7.2671,1.30,1.30
2014.10.15 07:22:31.480,7.2658,7.2671,1.00,1.30
2014.10.15 07:22:31.784,7.2657,7.26698,1.00,1.30
2014.10.15 07:22:32.088,7.2655,7.2667,1.00,1.30
2014.10.15 07:22:32.681,7.26532,7.2667,1.00,1.49
2014.10.15 07:22:32.732,7.26532,7.26641,1.00,1.30
2014.10.15 07:22:33.035,7.26509,7.2661,1.00,1.30
2014.10.15 07:22:35.749,7.26489,7.2661,1.00,1.30
2014.10.15 07:22:36.430,7.26489,7.26642,1.00,1.30
2014.10.15 07:22:36.532,7.26514,7.26642,1.19,1.30
2014.10.15 07:22:36.634,7.26533,7.26687,1.00,1.30
2014.10.15 07:22:36.837,7.26578,7.26687,1.00,1.30
2014.10.15 07:22:36.939,7.26597,7.26707,1.00,1.00
2014.10.15 07:22:36.990,7.26597,7.26737,1.00,1.00
2014.10.15 07:22:37.042,7.26629,7.26737,1.30,1.00
2014.10.15 07:22:37.093,7.26629,7.26757,1.30,1.99
2014.10.15 07:22:37.195,7.26629,7.26778,1.30,1.60
2014.10.15 07:22:37.247,7.26616,7.26766,1.00,1.30
2014.10.15 07:22:37.449,7.26604,7.26756,1.00,1.30
2014.10.15 07:22:37.551,7.26604,7.26737,1.00,1.30
2014.10.15 07:22:37.857,7.26604,7.26737,1.00,1.49
2014.10.15 07:22:38.183,7.26604,7.26707,1.00,1.30
2014.10.15 07:22:38.608,7.26604,7.26676,1.00,1.30
2014.10.15 07:22:39.151,7.2658,7.26676,1.00,1.30
2014.10.15 07:22:39.505,7.26598,7.26676,1.00,1.30
2014.10.15 07:22:39.556,7.26598,7.2671,1.00,1.30
2014.10.15 07:22:42.151,7.26624,7.2671,1.00,1.30
2014.10.15 07:22:42.254,7.26624,7.2675,1.00,1.30
2014.10.15 07:22:42.508,7.26642,7.2675,1.00,1.30
2014.10.15 07:22:42.660,7.26642,7.26777,1.00,1.30
2014.10.15 07:22:43.461,7.26642,7.26747,1.00,1.30
2014.10.15 07:22:43.918,7.26624,7.26747,1.00,1.30
2014.10.15 07:22:44.139,7.26624,7.2672,1.00,1.30
2014.10.15 07:22:45.735,7.26624,7.2674,1.00,1.30
2014.10.15 07:22:45.786,7.26624,7.26753,1.00,1.30
2014.10.15 07:22:45.887,7.26644,7.26753,1.00,1.30
2014.10.15 07:22:46.039,7.26644,7.26784,1.00,1.30
2014.10.15 07:22:46.238,7.26663,7.26784,1.00,1.30
2014.10.15 07:22:47.455,7.26663,7.26777,1.00,1.00
2014.10.15 07:22:47.759,7.26663,7.26755,1.00,1.30
2014.10.15 07:22:48.274,7.26663,7.26782,1.00,1.30
2014.10.15 07:22:48.428,7.26643,7.26767,1.00,1.00
2014.10.15 07:22:48.479,7.26643,7.2675,1.00,1.30
2014.10.15 07:22:48.783,7.26643,7.26721,1.00,1.30
2014.10.15 07:22:48.834,7.26624,7.26721,1.00,1.30
2014.10.15 07:22:51.460,7.26624,7.26749,1.00,1.30
2014.10.15 07:22:51.713,7.26644,7.26749,1.00,1.30
2014.10.15 07:22:51.865,7.26662,7.26782,1.00,1.30
2014.10.15 07:22:52.668,7.26662,7.26782,1.00,1.49
2014.10.15 07:22:53.012,7.26662,7.26746,1.00,1.30
2014.10.15 07:22:53.063,7.26644,7.26746,1.00,1.30
2014.10.15 07:22:53.372,7.26644,7.26737,1.00,1.00
2014.10.15 07:22:53.474,7.26624,7.26737,1.00,1.00
2014.10.15 07:22:53.677,7.26624,7.26715,1.00,1.30
2014.10.15 07:22:53.829,7.26604,7.26715,1.00,1.30
2014.10.15 07:23:07.417,7.26604,7.26737,1.00,1.00
2014.10.15 07:23:07.468,7.26632,7.2675,1.00,1.30
2014.10.15 07:23:07.722,7.26632,7.26778,1.00,1.30
2014.10.15 07:23:11.599,7.26632,7.26745,1.00,1.30
2014.10.15 07:23:14.292,7.26632,7.26766,1.00,1.30
2014.10.15 07:23:14.343,7.26632,7.2678,1.00,1.16
2014.10.15 07:23:15.399,7.26632,7.2678,1.00,1.49
2014.10.15 07:23:16.396,7.26632,7.2678,1.00,1.30
2014.10.15 07:23:18.010,7.26632,7.2678,1.00,1.49
2014.10.15 07:23:18.976,7.26632,7.2678,1.00,1.49
2014.10.15 07:23:20.319,7.26632,7.2678,1.00,1.49
2014.10.15 07:23:21.084,7.26632,7.2678,1.00,1.49
2014.10.15 07:23:22.112,7.2666,7.268,1.30,1.30
2014.10.15 07:23:22.213,7.26661,7.26817,1.00,1.00
2014.10.15 07:23:22.314,7.26661,7.26816,1.00,2.10
2014.10.15 07:23:22.618,7.2664,7.26762,1.00,1.30
2014.10.15 07:23:24.651,7.2664,7.26782,1.62,1.30
2014.10.15 07:23:24.702,7.26661,7.26802,1.00,1.30
2014.10.15 07:23:24.955,7.26649,7.26802,1.00,1.30
2014.10.15 07:23:25.076,7.26641,7.26802,1.00,1.30
2014.10.15 07:23:25.126,7.26641,7.26769,1.00,1.30
2014.10.15 07:23:26.562,7.26621,7.26769,1.00,1.30
2014.10.15 07:23:26.869,7.26639,7.26804,1.75,1.49
2014.10.15 07:23:27.072,7.26639,7.26804,1.00,1.49
2014.10.15 07:23:27.331,7.2666,7.26804,1.00,1.49
2014.10.15 07:23:27.813,7.2666,7.26804,1.00,1.30
2014.10.15 07:23:28.889,7.2666,7.26797,1.00,1.00
2014.10.15 07:23:29.217,7.2666,7.26804,1.00,1.30
2014.10.15 07:23:33.080,7.2666,7.26804,1.19,1.30
2014.10.15 07:23:33.232,7.26673,7.26824,1.99,1.30
2014.10.15 07:23:33.334,7.26674,7.26834,1.00,1.00
2014.10.15 07:23:33.486,7.26686,7.26834,1.00,1.00
2014.10.15 07:23:34.234,7.26686,7.26834,1.19,1.00
2014.10.15 07:23:34.977,7.26686,7.26834,1.00,1.19
2014.10.15 07:23:35.028,7.26673,7.26834,1.99,1.19
2014.10.15 07:23:35.079,7.26667,7.26834,1.30,1.19
2014.10.15 07:23:35.180,7.2666,7.26799,1.00,1.30
2014.10.15 07:23:35.839,7.26643,7.26799,1.19,1.30
2014.10.15 07:23:36.040,7.26643,7.26799,1.00,1.30
2014.10.15 07:23:36.243,7.26643,7.2677,1.00,1.30
2014.10.15 07:23:36.547,7.26643,7.2677,1.00,1.49
2014.10.15 07:23:36.699,7.26622,7.2677,1.00,1.49
2014.10.15 07:23:36.937,7.26622,7.26742,1.00,1.30
2014.10.15 07:23:37.257,7.26601,7.26742,1.00,1.49
2014.10.15 07:23:38.038,7.26601,7.26711,1.00,1.30
2014.10.15 07:23:38.445,7.26582,7.26711,1.00,1.30
2014.10.15 07:23:39.217,7.26562,7.26711,1.00,1.30
2014.10.15 07:23:39.369,7.26562,7.26711,1.00,1.49
2014.10.15 07:23:40.049,7.26562,7.26682,1.00,1.30
2014.10.15 07:23:40.200,7.26593,7.26761,2.05,1.90
2014.10.15 07:23:40.302,7.26593,7.26761,2.66,1.90
2014.10.15 07:23:40.781,7.26621,7.26773,1.30,2.10
2014.10.15 07:23:41.156,7.26621,7.26773,2.05,2.10
2014.10.15 07:23:41.359,7.26658,7.26789,1.00,1.49
2014.10.15 07:23:41.577,7.26658,7.26809,1.00,1.30
2014.10.15 07:23:41.629,7.26658,7.26817,1.00,1.30
2014.10.15 07:23:42.571,7.26658,7.26817,1.00,1.49
2014.10.15 07:23:42.622,7.26648,7.26813,1.30,1.19
2014.10.15 07:23:42.774,7.26648,7.26796,1.30,1.19
2014.10.15 07:23:42.875,7.26639,7.26788,1.00,1.49
2014.10.15 07:23:43.078,7.26639,7.26761,1.00,1.30
2014.10.15 07:23:43.895,7.26639,7.26761,1.00,1.49
2014.10.15 07:23:44.401,7.26639,7.26761,1.00,1.30
2014.10.15 07:23:44.655,7.26639,7.26781,1.00,1.49
2014.10.15 07:23:46.709,7.26639,7.26792,1.00,1.49
2014.10.15 07:23:47.697,7.26639,7.26792,1.00,1.49
2014.10.15 07:23:48.001,7.26678,7.26812,1.00,1.30
2014.10.15 07:23:48.052,7.26678,7.26824,1.00,1.30
2014.10.15 07:23:48.103,7.26688,7.26844,1.30,1.30
2014.10.15 07:23:48.154,7.26688,7.26852,1.30,1.19
2014.10.15 07:23:49.049,7.26688,7.26852,1.30,1.19
2014.10.15 07:23:50.707,7.26688,7.26852,1.49,1.00
2014.10.15 07:23:52.315,7.26694,7.26852,1.00,1.00
2014.10.15 07:23:52.619,7.26725,7.26852,1.67,1.00
2014.10.15 07:23:52.771,7.26728,7.26893,1.75,1.49
2014.10.15 07:23:52.873,7.26781,7.26893,1.00,1.49
2014.10.15 07:23:52.975,7.26761,7.26893,1.00,1.49
2014.10.15 07:23:53.919,7.26761,7.26893,1.00,1.49
2014.10.15 07:23:54.229,7.26761,7.26865,1.00,1.30
2014.10.15 07:23:54.648,7.26761,7.26863,1.00,1.19
2014.10.15 07:23:54.750,7.26732,7.26823,1.00,1.30
2014.10.15 07:23:56.853,7.26732,7.26823,1.00,1.49
2014.10.15 07:23:57.880,7.26732,7.26814,1.00,1.19
2014.10.15 07:23:58.032,7.26713,7.26814,1.00,1.19
2014.10.15 07:23:58.251,7.26713,7.26792,1.00,1.19
2014.10.15 07:23:58.404,7.26695,7.2679,1.00,1.49
2014.10.15 07:23:59.277,7.26695,7.2679,1.00,1.49
2014.10.15 07:24:01.646,7.26695,7.2679,1.00,1.30
2014.10.15 07:24:02.096,7.26695,7.2681,1.00,1.49
2014.10.15 07:24:02.650,7.26695,7.26822,1.00,1.49
2014.10.15 07:24:03.652,7.26695,7.26822,1.00,1.49
2014.10.15 07:24:04.290,7.26695,7.26794,1.00,1.30
2014.10.15 07:24:07.745,7.26674,7.26794,1.00,1.30
2014.10.15 07:24:09.115,7.26674,7.26794,1.00,1.49
2014.10.15 07:24:10.208,7.26674,7.26787,1.00,1.19
2014.10.15 07:24:10.930,7.26642,7.26785,1.00,1.19
2014.10.15 07:24:11.095,7.26642,7.26764,1.00,1.79
2014.10.15 07:24:12.708,7.26642,7.26756,1.00,1.19
2014.10.15 07:24:13.783,7.26642,7.26753,1.00,1.19
2014.10.15 07:24:14.640,7.2662,7.26753,1.00,1.19
2014.10.15 07:24:14.994,7.26602,7.26748,1.00,1.19
2014.10.15 07:24:15.499,7.26602,7.26731,1.00,1.30
2014.10.15 07:24:16.536,7.26602,7.26731,1.00,1.49
2014.10.15 07:24:16.906,7.26602,7.26718,1.00,1.19
2014.10.15 07:24:17.642,7.2658,7.2672,1.30,1.49
2014.10.15 07:24:17.744,7.26597,7.26748,1.00,1.30
2014.10.15 07:24:17.845,7.26618,7.26741,1.00,1.00
2014.10.15 07:24:18.048,7.2657,7.26715,1.00,1.79
2014.10.15 07:24:18.150,7.2657,7.26692,1.00,1.30
2014.10.15 07:24:20.008,7.2657,7.26692,1.00,1.49
2014.10.15 07:24:20.421,7.2657,7.26665,1.00,1.30
2014.10.15 07:24:21.325,7.26576,7.26685,1.30,1.30
2014.10.15 07:24:21.426,7.26576,7.26717,1.30,2.25
2014.10.15 07:24:21.477,7.26591,7.26739,1.00,1.00
2014.10.15 07:24:21.579,7.26609,7.26745,1.00,1.30
2014.10.15 07:24:21.883,7.26638,7.26745,1.00,1.30
2014.10.15 07:24:26.050,7.26638,7.26745,1.00,1.90
2014.10.15 07:24:26.303,7.2661,7.26723,1.00,1.19
2014.10.15 07:24:26.557,7.26587,7.26716,1.00,1.49
2014.10.15 07:24:27.230,7.26587,7.26714,1.00,1.19
2014.10.15 07:24:27.556,7.26587,7.2669,1.00,1.30
2014.10.15 07:24:27.988,7.26564,7.2669,1.00,1.30
2014.10.15 07:24:28.436,7.26564,7.2669,1.00,1.49
2014.10.15 07:24:29.183,7.26564,7.2671,1.00,1.49
2014.10.15 07:24:29.284,7.26586,7.26722,1.00,1.49
2014.10.15 07:24:29.588,7.26586,7.26722,1.00,1.30
2014.10.15 07:24:30.147,7.26586,7.26722,1.00,1.49
2014.10.15 07:24:31.550,7.26586,7.26722,1.00,1.49
2014.10.15 07:24:33.330,7.26559,7.26722,1.00,1.49
2014.10.15 07:24:33.957,7.26559,7.26722,1.00,1.30
2014.10.15 07:24:34.320,7.26589,7.26722,1.00,1.30
2014.10.15 07:24:34.960,7.26589,7.26722,1.00,1.49
2014.10.15 07:24:36.263,7.26589,7.26722,1.00,1.49
2014.10.15 07:24:37.495,7.26589,7.26722,1.00,1.49
2014.10.15 07:24:39.474,7.26589,7.26722,1.00,1.49
2014.10.15 07:24:40.528,7.26589,7.26722,1.00,1.49
2014.10.15 07:24:41.480,7.26589,7.26722,1.00,1.49
2014.10.15 07:24:42.785,7.26589,7.26722,1.00,1.49
2014.10.15 07:24:43.116,7.26599,7.26689,1.00,1.30
2014.10.15 07:24:43.268,7.26621,7.2676,1.30,1.30
2014.10.15 07:24:43.319,7.26621,7.2676,1.30,1.90
2014.10.15 07:24:43.698,7.26632,7.26766,1.00,1.16
2014.10.15 07:24:43.801,7.26608,7.26766,1.00,1.16
2014.10.15 07:24:44.003,7.26608,7.26745,1.00,1.30
2014.10.15 07:24:44.390,7.26608,7.26745,1.00,1.49
2014.10.15 07:24:45.124,7.26608,7.26733,1.00,1.19
2014.10.15 07:24:45.226,7.26589,7.26714,1.00,1.16
2014.10.15 07:24:46.596,7.26616,7.26714,1.00,1.30
2014.10.15 07:24:46.900,7.26673,7.26757,1.00,1.50
2014.10.15 07:24:47.002,7.26654,7.26757,1.00,1.50
2014.10.15 07:24:47.104,7.26636,7.26757,1.00,1.50
2014.10.15 07:24:47.520,7.26612,7.26758,1.00,1.57
2014.10.15 07:24:48.055,7.26612,7.26758,1.00,1.76
2014.10.15 07:24:48.807,7.26612,7.26752,1.00,1.19
2014.10.15 07:24:49.128,7.26612,7.26729,1.00,1.30
2014.10.15 07:24:50.012,7.26612,7.26729,1.00,1.49
2014.10.15 07:24:50.113,7.26612,7.26766,1.00,1.49
2014.10.15 07:24:50.164,7.26632,7.26766,1.00,1.49
2014.10.15 07:24:50.216,7.26632,7.26766,1.00,1.30
2014.10.15 07:24:50.420,7.26636,7.26787,1.30,1.00
2014.10.15 07:24:50.522,7.26664,7.26787,1.00,1.00
2014.10.15 07:24:50.947,7.2664,7.26757,1.00,1.00
2014.10.15 07:24:51.251,7.2664,7.26747,1.00,1.00
2014.10.15 07:24:51.776,7.2664,7.26757,1.00,1.00
2014.10.15 07:24:52.235,7.2664,7.26747,1.00,1.00
2014.10.15 07:24:53.135,7.2664,7.26771,1.00,1.94
2014.10.15 07:24:53.459,7.26622,7.26771,1.00,1.19
2014.10.15 07:24:55.134,7.26622,7.26766,1.00,1.19
2014.10.15 07:24:56.166,7.26622,7.26761,1.00,1.19
2014.10.15 07:24:57.247,7.26622,7.26767,1.00,1.19
2014.10.15 07:24:58.243,7.26622,7.2677,1.00,1.19
2014.10.15 07:24:59.246,7.26622,7.26767,1.00,1.19
2014.10.15 07:24:59.778,7.26603,7.26745,1.00,1.30
2014.10.15 07:25:01.284,7.26603,7.26745,1.00,1.49
2014.10.15 07:25:01.614,7.2658,7.26745,1.00,1.49
2014.10.15 07:25:01.868,7.2658,7.26717,1.00,1.30
2014.10.15 07:25:02.256,7.2658,7.26717,1.00,1.49
2014.10.15 07:25:03.147,7.26555,7.26717,1.00,2.66
2014.10.15 07:25:03.299,7.26555,7.26709,1.00,1.19
2014.10.15 07:25:03.824,7.26607,7.26709,1.30,1.19
2014.10.15 07:25:03.875,7.26607,7.26717,1.30,1.50
2014.10.15 07:25:03.926,7.26607,7.26752,1.30,1.35
2014.10.15 07:25:03.977,7.26607,7.26757,1.30,1.85
2014.10.15 07:25:04.179,7.26607,7.26752,1.30,1.54
2014.10.15 07:25:04.230,7.26588,7.26743,1.00,1.49
2014.10.15 07:25:04.281,7.26588,7.26727,1.00,1.19
2014.10.15 07:25:05.258,7.26575,7.26727,1.30,1.79
2014.10.15 07:25:05.309,7.26575,7.2672,1.30,1.19
2014.10.15 07:25:05.360,7.26562,7.26712,1.00,1.49
2014.10.15 07:25:06.272,7.26562,7.267,1.00,1.19
2014.10.15 07:25:07.286,7.26562,7.26706,1.00,1.19
2014.10.15 07:25:07.876,7.26618,7.26706,1.00,1.19
2014.10.15 07:25:07.927,7.26618,7.26712,1.00,1.30
2014.10.15 07:25:08.028,7.26618,7.26757,1.00,1.37
2014.10.15 07:25:08.887,7.26618,7.26762,1.19,2.05
2014.10.15 07:25:09.677,7.26618,7.26762,1.19,1.30
2014.10.15 07:25:09.971,7.26624,7.26767,1.30,1.00
2014.10.15 07:25:10.174,7.26624,7.26792,1.30,1.91
2014.10.15 07:25:10.225,7.26624,7.26767,1.30,1.00
2014.10.15 07:25:10.781,7.26597,7.26764,1.19,1.30
2014.10.15 07:25:11.947,7.26597,7.26764,1.19,1.67
2014.10.15 07:25:11.998,7.26595,7.26764,1.49,1.67
2014.10.15 07:25:12.332,7.26629,7.26764,1.00,1.67
2014.10.15 07:25:12.483,7.26657,7.26818,1.30,1.35
2014.10.15 07:25:12.534,7.26659,7.26818,1.19,1.35
2014.10.15 07:25:14.036,7.26657,7.26818,1.49,1.00
2014.10.15 07:25:15.113,7.2667,7.26818,1.19,1.00
2014.10.15 07:25:15.164,7.26677,7.26826,1.19,1.30
2014.10.15 07:25:15.265,7.2671,7.26853,1.00,1.30
2014.10.15 07:25:17.617,7.2671,7.26853,1.19,1.30
2014.10.15 07:25:17.669,7.26721,7.26884,1.49,1.00
2014.10.15 07:25:17.880,7.26732,7.26889,1.00,1.30
2014.10.15 07:25:18.712,7.26732,7.26889,1.19,1.30
2014.10.15 07:25:19.717,7.26732,7.26889,1.19,1.30
2014.10.15 07:25:20.717,7.26732,7.26889,1.19,1.30
2014.10.15 07:25:21.720,7.26732,7.26889,1.19,1.30
2014.10.15 07:25:23.724,7.26732,7.26889,1.00,1.30
2014.10.15 07:25:25.528,7.26732,7.26889,1.00,1.49
2014.10.15 07:25:25.630,7.26721,7.26878,1.30,1.00
2014.10.15 07:25:25.731,7.26721,7.26866,1.30,1.50
2014.10.15 07:25:26.035,7.26692,7.26837,1.72,1.00
2014.10.15 07:25:26.763,7.26674,7.26832,1.00,1.30
2014.10.15 07:25:26.864,7.26674,7.2683,1.00,1.19
2014.10.15 07:25:27.537,7.26674,7.26803,1.00,1.19
2014.10.15 07:25:27.842,7.26653,7.26777,1.00,1.19
2014.10.15 07:25:28.149,7.26653,7.26773,1.00,1.30
2014.10.15 07:25:28.302,7.26653,7.26777,1.00,1.00
2014.10.15 07:25:29.106,7.26653,7.26787,1.00,1.00
2014.10.15 07:25:30.071,7.26653,7.26802,1.00,1.49
2014.10.15 07:25:30.122,7.26653,7.26802,1.00,2.24
2014.10.15 07:25:30.223,7.26634,7.26802,1.30,2.24
2014.10.15 07:25:31.151,7.26634,7.26796,1.30,1.56
2014.10.15 07:25:32.393,7.26634,7.26787,1.30,1.19
2014.10.15 07:25:32.697,7.26634,7.26802,1.49,1.30
2014.10.15 07:25:32.748,7.26666,7.26802,1.00,1.30
2014.10.15 07:25:32.799,7.26666,7.26807,1.00,1.00
2014.10.15 07:25:32.850,7.26666,7.26817,1.00,1.00
2014.10.15 07:25:33.466,7.26666,7.26816,1.00,1.00
2014.10.15 07:25:34.394,7.26666,7.26827,1.00,1.19
2014.10.15 07:25:34.496,7.26685,7.26831,1.00,1.30
2014.10.15 07:25:34.597,7.2669,7.26857,1.30,3.68
2014.10.15 07:25:34.800,7.2669,7.26845,1.30,1.00
2014.10.15 07:25:35.105,7.2669,7.26857,1.30,2.44
2014.10.15 07:25:35.156,7.2669,7.26857,1.30,2.44
2014.10.15 07:25:35.595,7.2669,7.26857,1.30,1.69
2014.10.15 07:25:36.615,7.2669,7.26844,1.49,1.50
2014.10.15 07:25:36.717,7.2669,7.26844,1.30,1.69
2014.10.15 07:25:36.819,7.2669,7.26835,1.30,1.00
2014.10.15 07:25:37.072,7.2669,7.26857,1.30,1.69
2014.10.15 07:25:37.123,7.2669,7.26857,1.30,1.50
2014.10.15 07:25:38.641,7.2669,7.26847,1.30,1.35
2014.10.15 07:25:39.117,7.2669,7.26847,1.30,1.19
2014.10.15 07:25:40.285,7.2669,7.26847,1.30,1.00
2014.10.15 07:25:40.340,7.2669,7.26837,1.30,1.00
2014.10.15 07:25:40.643,7.26685,7.26817,1.00,1.00
2014.10.15 07:25:41.530,7.26685,7.26815,1.00,1.00
2014.10.15 07:25:41.682,7.26664,7.26815,1.19,1.00
2014.10.15 07:25:41.733,7.26664,7.26803,1.00,1.30
2014.10.15 07:25:42.297,7.26664,7.26803,1.00,1.49
2014.10.15 07:25:42.601,7.26628,7.26755,1.00,1.19
2014.10.15 07:25:42.652,7.26609,7.26755,1.00,1.19
2014.10.15 07:25:43.008,7.26589,7.26745,1.00,1.49
2014.10.15 07:25:43.502,7.26589,7.2674,1.00,1.19
2014.10.15 07:25:44.120,7.26589,7.26718,1.00,1.30
2014.10.15 07:25:44.607,7.26589,7.26718,1.00,1.49
2014.10.15 07:25:45.612,7.26589,7.26716,1.00,1.19
2014.10.15 07:25:47.426,7.26589,7.26738,1.00,1.19
2014.10.15 07:25:47.776,7.26591,7.26738,1.30,1.19
2014.10.15 07:25:48.143,7.26611,7.26738,1.30,1.19
2014.10.15 07:25:48.468,7.26626,7.26776,1.00,1.69
2014.10.15 07:25:49.456,7.26626,7.26778,1.00,1.19
2014.10.15 07:25:50.434,7.26626,7.26784,1.00,1.19
2014.10.15 07:25:51.436,7.26626,7.26781,1.00,1.19
2014.10.15 07:25:52.440,7.26626,7.26777,1.00,1.19
2014.10.15 07:25:53.443,7.26626,7.26777,1.00,1.19
2014.10.15 07:25:54.459,7.26626,7.26774,1.00,1.19
2014.10.15 07:25:54.864,7.26639,7.26774,1.30,1.19
2014.10.15 07:25:55.486,7.26639,7.26777,1.30,1.19
2014.10.15 07:25:56.626,7.26645,7.26777,1.00,1.19
2014.10.15 07:25:56.997,7.26652,7.26787,1.30,1.00
2014.10.15 07:25:57.047,7.26671,7.26787,1.30,1.00
2014.10.15 07:25:57.098,7.26671,7.26807,1.30,1.19
2014.10.15 07:25:57.513,7.26671,7.26776,1.30,1.00
2014.10.15 07:25:58.155,7.26671,7.26787,1.30,1.00
2014.10.15 07:25:58.565,7.26671,7.26787,1.30,1.19
2014.10.15 07:25:58.640,7.26665,7.26787,1.00,1.19
2014.10.15 07:25:59.563,7.26665,7.26787,1.00,1.19
2014.10.15 07:26:00.801,7.26665,7.26784,1.00,1.19
2014.10.15 07:26:00.903,7.26644,7.26784,1.00,1.31
2014.10.15 07:26:01.568,7.26644,7.26783,1.00,1.19
2014.10.15 07:26:02.592,7.26644,7.26766,1.00,1.19
2014.10.15 07:26:03.595,7.26644,7.26787,1.00,1.19
2014.10.15 07:26:04.585,7.26644,7.26786,1.00,1.19
2014.10.15 07:26:05.617,7.26644,7.26787,1.00,1.19
2014.10.15 07:26:05.977,7.26674,7.26796,1.30,1.19
2014.10.15 07:26:06.986,7.26674,7.26807,1.30,2.93
2014.10.15 07:26:07.203,7.26674,7.26788,1.30,1.00
2014.10.15 07:26:08.055,7.26674,7.26794,1.30,1.00
2014.10.15 07:26:08.590,7.26674,7.26795,1.30,1.00
2014.10.15 07:26:08.641,7.26674,7.26793,1.30,1.00
2014.10.15 07:26:08.934,7.26674,7.26802,1.30,1.19
2014.10.15 07:26:09.596,7.26674,7.26802,1.30,1.19
2014.10.15 07:26:09.997,7.26674,7.26802,1.30,1.19
2014.10.15 07:26:10.999,7.26674,7.26802,1.30,1.00
2014.10.15 07:26:12.914,7.26699,7.26808,1.30,1.19
2014.10.15 07:26:13.015,7.26699,7.26808,1.30,1.00
2014.10.15 07:26:13.116,7.26722,7.26808,1.30,1.00
2014.10.15 07:26:13.268,7.26722,7.26829,1.30,1.00
2014.10.15 07:26:13.885,7.26722,7.26837,1.30,1.69
2014.10.15 07:26:13.936,7.26722,7.26827,1.30,1.00
2014.10.15 07:26:14.546,7.26722,7.26834,1.30,1.19
2014.10.15 07:26:15.144,7.26722,7.26834,1.30,1.00
2014.10.15 07:26:15.196,7.26717,7.26834,1.30,1.00
2014.10.15 07:26:15.425,7.26717,7.26837,1.30,1.00
2014.10.15 07:26:15.753,7.26717,7.26827,1.30,1.00
2014.10.15 07:26:16.634,7.26717,7.26837,1.30,1.19
2014.10.15 07:26:17.191,7.26717,7.26833,1.30,1.00
2014.10.15 07:26:19.246,7.26717,7.26833,1.30,1.19
2014.10.15 07:26:19.579,7.26717,7.26827,1.30,1.00
2014.10.15 07:26:19.630,7.26717,7.26851,1.30,1.56
2014.10.15 07:26:19.681,7.26717,7.26831,1.30,1.19
2014.10.15 07:26:19.783,7.2669,7.26831,1.30,1.69
2014.10.15 07:26:20.644,7.2669,7.26835,1.30,1.94
2014.10.15 07:26:21.449,7.2669,7.2686,1.30,1.56
2014.10.15 07:26:22.180,7.2669,7.26841,1.30,1.56
2014.10.15 07:26:23.347,7.2669,7.26846,1.30,1.94
2014.10.15 07:26:24.350,7.2669,7.26844,1.30,1.94
2014.10.15 07:26:25.756,7.2669,7.2686,1.30,1.94
2014.10.15 07:26:26.960,7.2669,7.2686,1.30,1.31
2014.10.15 07:26:27.963,7.2669,7.2686,1.30,1.31
2014.10.15 07:26:29.968,7.2669,7.26858,1.30,1.19
2014.10.15 07:26:30.971,7.2669,7.26857,1.30,1.19
2014.10.15 07:26:31.973,7.2669,7.26855,1.30,1.19
2014.10.15 07:26:33.020,7.2669,7.26851,1.30,1.56
2014.10.15 07:26:33.979,7.2669,7.26855,1.30,1.94
2014.10.15 07:26:34.530,7.26718,7.26855,1.30,1.19
2014.10.15 07:26:35.083,7.26718,7.2686,1.30,1.56
2014.10.15 07:26:36.085,7.26718,7.26857,1.30,1.19
2014.10.15 07:26:37.117,7.26718,7.26857,1.30,1.19
2014.10.15 07:26:38.090,7.26718,7.26867,1.30,1.54
2014.10.15 07:26:39.134,7.26718,7.26867,1.30,2.29
2014.10.15 07:26:39.447,7.26708,7.26867,1.00,2.29
2014.10.15 07:26:40.144,7.26708,7.26852,1.00,1.49
2014.10.15 07:26:41.138,7.26708,7.26852,1.00,1.49
2014.10.15 07:26:42.140,7.26708,7.26852,1.00,1.49
2014.10.15 07:26:43.163,7.26708,7.26852,1.00,1.49
2014.10.15 07:26:44.145,7.26708,7.26852,1.00,1.49
2014.10.15 07:26:45.150,7.26708,7.26852,1.00,1.49
2014.10.15 07:26:46.153,7.26708,7.26852,1.00,1.49
2014.10.15 07:26:47.200,7.26708,7.26861,1.00,1.19
2014.10.15 07:26:48.159,7.26708,7.26861,1.00,1.19
2014.10.15 07:26:49.161,7.26708,7.26861,1.00,1.19
2014.10.15 07:26:51.166,7.26708,7.26861,1.00,1.19
2014.10.15 07:26:52.168,7.26708,7.26861,1.00,1.19
2014.10.15 07:26:53.172,7.26708,7.26861,1.00,1.19
2014.10.15 07:26:54.174,7.26708,7.2686,1.00,1.19
2014.10.15 07:26:55.178,7.26708,7.26859,1.00,1.19
2014.10.15 07:26:56.181,7.26708,7.26844,1.00,1.49
2014.10.15 07:26:58.186,7.26708,7.26844,1.00,1.49
2014.10.15 07:26:59.189,7.26708,7.26844,1.00,1.49
2014.10.15 07:27:00.192,7.26708,7.26844,1.00,1.49
2014.10.15 07:27:01.195,7.26708,7.26844,1.00,1.49
2014.10.15 07:27:02.197,7.26708,7.26844,1.00,1.49
2014.10.15 07:27:04.101,7.26708,7.26871,1.00,1.19
2014.10.15 07:27:05.104,7.26708,7.26871,1.00,1.19
2014.10.15 07:27:05.444,7.26708,7.26871,1.19,1.00
2014.10.15 07:27:05.496,7.26737,7.26875,1.00,1.30
2014.10.15 07:27:05.546,7.2674,7.26897,1.30,1.19
2014.10.15 07:27:06.408,7.2674,7.26905,1.30,1.16
2014.10.15 07:27:07.410,7.2674,7.26907,1.30,1.56
2014.10.15 07:27:07.548,7.2674,7.26907,1.30,1.94
2014.10.15 07:27:07.649,7.2674,7.26893,1.30,1.00
2014.10.15 07:27:07.783,7.2674,7.26881,1.30,1.00
2014.10.15 07:27:09.700,7.2674,7.26883,1.30,1.00
2014.10.15 07:27:09.902,7.2676,7.26907,1.00,1.19
2014.10.15 07:27:10.819,7.2677,7.26916,1.30,1.56
2014.10.15 07:27:10.920,7.2677,7.2692,1.30,1.69
2014.10.15 07:27:11.522,7.2677,7.269,1.30,1.00
2014.10.15 07:27:11.853,7.2677,7.26906,1.30,1.19
2014.10.15 07:27:12.446,7.2677,7.26918,1.30,1.00
2014.10.15 07:27:12.649,7.2677,7.26924,1.30,1.37
2014.10.15 07:27:13.295,7.2677,7.26906,1.30,1.00
2014.10.15 07:27:13.447,7.2676,7.26904,1.00,1.31
2014.10.15 07:27:13.764,7.2676,7.26893,1.00,1.00
2014.10.15 07:27:14.082,7.26772,7.26923,1.30,1.56
2014.10.15 07:27:14.633,7.26772,7.26927,1.30,1.94
2014.10.15 07:27:16.032,7.26772,7.26912,1.30,1.00
2014.10.15 07:27:16.386,7.26772,7.26898,1.30,1.75
2014.10.15 07:27:16.488,7.26772,7.26898,1.30,1.12
2014.10.15 07:27:16.590,7.26772,7.2691,1.30,1.00
2014.10.15 07:27:16.929,7.2678,7.26929,1.30,1.35
2014.10.15 07:27:17.235,7.26773,7.26889,1.30,1.00
2014.10.15 07:27:17.556,7.26773,7.26883,1.30,1.19
2014.10.15 07:27:17.981,7.26742,7.26879,1.00,1.19
2014.10.15 07:27:18.779,7.26742,7.26875,1.00,1.19
2014.10.15 07:27:19.466,7.26742,7.26891,1.00,1.54
2014.10.15 07:27:20.461,7.26742,7.26881,1.00,1.69
2014.10.15 07:27:21.806,7.26742,7.26875,1.00,1.19
2014.10.15 07:27:22.795,7.26742,7.26875,1.00,1.19
2014.10.15 07:27:23.115,7.26742,7.26875,1.00,1.94
2014.10.15 07:27:23.419,7.26725,7.26858,1.00,1.19
2014.10.15 07:27:24.313,7.26725,7.26858,1.00,1.56
2014.10.15 07:27:25.284,7.26725,7.26858,1.00,1.19
2014.10.15 07:27:26.410,7.26725,7.26849,1.00,1.30
2014.10.15 07:27:29.144,7.26725,7.26849,1.00,1.49
2014.10.15 07:27:30.102,7.26725,7.26849,1.00,1.49
2014.10.15 07:27:31.207,7.26725,7.26849,1.00,1.30
2014.10.15 07:27:34.264,7.26725,7.26849,1.00,1.49
2014.10.15 07:27:34.947,7.26725,7.26885,1.00,1.49
2014.10.15 07:27:36.027,7.26725,7.26885,1.00,1.49
2014.10.15 07:27:37.029,7.26725,7.26885,1.00,1.91
2014.10.15 07:27:38.060,7.26725,7.26869,1.00,1.31
2014.10.15 07:27:39.037,7.26725,7.26857,1.00,1.19
2014.10.15 07:27:39.341,7.26725,7.26832,1.00,1.19
2014.10.15 07:27:40.447,7.26725,7.26815,1.00,1.49
2014.10.15 07:27:41.378,7.26725,7.26815,1.00,1.30
2014.10.15 07:27:41.429,7.26725,7.26845,1.00,1.49
2014.10.15 07:27:41.755,7.26725,7.26874,1.00,1.86
2014.10.15 07:27:42.760,7.26725,7.26874,1.00,1.49
2014.10.15 07:27:43.764,7.26725,7.26874,1.00,1.49
2014.10.15 07:27:44.768,7.26725,7.26874,1.00,1.91
2014.10.15 07:27:45.809,7.26725,7.26846,1.00,1.30
2014.10.15 07:27:46.457,7.26695,7.26846,1.00,1.30
2014.10.15 07:27:46.905,7.26695,7.26846,1.00,1.49
2014.10.15 07:27:48.407,7.26695,7.26846,1.00,1.49
2014.10.15 07:27:49.486,7.26695,7.26846,1.00,1.49
2014.10.15 07:27:50.681,7.26695,7.26846,1.00,1.49
2014.10.15 07:27:51.533,7.26695,7.26846,1.00,1.49
2014.10.15 07:27:52.494,7.26695,7.26846,1.00,1.49
2014.10.15 07:27:53.523,7.26695,7.26846,1.00,1.49
2014.10.15 07:27:53.994,7.26695,7.26823,1.00,1.30
2014.10.15 07:27:54.298,7.26695,7.26796,1.00,1.49
2014.10.15 07:27:54.400,7.26675,7.26776,1.00,1.30
2014.10.15 07:27:54.451,7.26675,7.26771,1.00,1.19
2014.10.15 07:27:54.755,7.26657,7.26744,1.00,1.49
2014.10.15 07:27:55.058,7.26636,7.26744,1.00,1.49
2014.10.15 07:27:55.711,7.26636,7.26744,1.00,1.49
2014.10.15 07:27:56.848,7.26636,7.26744,1.00,1.49
2014.10.15 07:27:58.018,7.26636,7.26744,1.00,1.49
2014.10.15 07:27:59.993,7.26636,7.26744,1.00,1.49
2014.10.15 07:28:00.993,7.26636,7.26744,1.00,1.49
2014.10.15 07:28:01.995,7.26636,7.26744,1.00,1.49
2014.10.15 07:28:03.008,7.26636,7.26744,1.00,1.49
2014.10.15 07:28:04.043,7.26636,7.26744,1.00,1.49
2014.10.15 07:28:05.044,7.26636,7.26766,1.00,1.19
2014.10.15 07:28:05.364,7.26636,7.26747,1.00,1.00
2014.10.15 07:28:05.668,7.26636,7.26737,1.00,1.00
2014.10.15 07:28:06.238,7.26636,7.26747,1.00,1.19
2014.10.15 07:28:07.155,7.26636,7.26757,1.00,1.19
2014.10.15 07:28:08.332,7.26636,7.26757,1.00,1.19
2014.10.15 07:28:09.115,7.26647,7.26766,1.30,1.19
2014.10.15 07:28:09.420,7.26667,7.26791,1.30,1.19
2014.10.15 07:28:09.522,7.26667,7.26791,1.30,1.00
2014.10.15 07:28:09.573,7.26676,7.26791,1.30,1.00
2014.10.15 07:28:09.624,7.26676,7.26808,1.30,1.00
2014.10.15 07:28:09.675,7.26696,7.26808,1.30,1.00
2014.10.15 07:28:10.211,7.26696,7.26825,1.30,1.19
2014.10.15 07:28:10.566,7.26696,7.26817,1.30,1.00
2014.10.15 07:28:11.156,7.26696,7.26797,1.30,1.00
2014.10.15 07:28:11.414,7.26696,7.26807,1.30,1.00
2014.10.15 07:28:11.516,7.26696,7.26797,1.30,1.00
2014.10.15 07:28:11.719,7.26696,7.26807,1.30,1.00
2014.10.15 07:28:12.742,7.26696,7.26822,1.30,1.19
2014.10.15 07:28:14.538,7.26696,7.26823,1.30,1.00
2014.10.15 07:28:14.589,7.26696,7.26816,1.30,1.00
2014.10.15 07:28:14.791,7.26696,7.26824,1.30,1.00
2014.10.15 07:28:16.751,7.26696,7.26823,1.30,1.00
2014.10.15 07:28:18.842,7.26696,7.26824,1.30,1.00
2014.10.15 07:28:18.892,7.26696,7.26817,1.30,1.00
2014.10.15 07:28:20.163,7.26696,7.26824,1.30,1.00
2014.10.15 07:28:20.405,7.26696,7.26817,1.30,1.00
2014.10.15 07:28:20.602,7.26696,7.2682,1.30,1.00
2014.10.15 07:28:21.264,7.26696,7.26827,1.30,1.00
2014.10.15 07:28:21.416,7.26698,7.2683,1.00,1.00
2014.10.15 07:28:21.518,7.26732,7.2683,1.30,1.00
2014.10.15 07:28:21.619,7.26732,7.26864,1.30,1.00
2014.10.15 07:28:21.822,7.26732,7.26866,1.30,1.00
2014.10.15 07:28:22.192,7.26732,7.26872,1.30,1.19
2014.10.15 07:28:22.693,7.26732,7.26872,1.30,1.00
2014.10.15 07:28:24.174,7.26732,7.26872,1.30,1.19
2014.10.15 07:28:25.477,7.26732,7.26872,1.30,1.19
2014.10.15 07:28:26.480,7.26732,7.26872,1.30,1.19
2014.10.15 07:28:27.487,7.26732,7.26872,1.30,1.69
2014.10.15 07:28:27.819,7.26712,7.26867,1.30,1.49
2014.10.15 07:28:27.870,7.26699,7.26867,1.30,1.49
2014.10.15 07:28:28.485,7.26699,7.26863,1.30,1.19
2014.10.15 07:28:29.507,7.26699,7.26849,1.30,1.19
2014.10.15 07:28:30.490,7.26699,7.26849,1.30,1.19
2014.10.15 07:28:31.493,7.26699,7.26849,1.30,1.19
2014.10.15 07:28:32.534,7.26699,7.26847,1.30,1.19
2014.10.15 07:28:33.498,7.26699,7.26837,1.30,1.19
2014.10.15 07:28:35.503,7.26699,7.26849,1.30,1.19
2014.10.15 07:28:36.505,7.26699,7.26849,1.30,1.19
2014.10.15 07:28:37.454,7.26698,7.26838,1.00,1.49
2014.10.15 07:28:37.803,7.26698,7.26838,1.00,1.49
2014.10.15 07:28:38.845,7.26698,7.26833,1.00,1.19
2014.10.15 07:28:40.420,7.26698,7.26838,1.00,1.49
2014.10.15 07:28:41.423,7.26698,7.26838,1.00,1.49
2014.10.15 07:28:42.425,7.26698,7.26838,1.00,1.49
2014.10.15 07:28:43.034,7.26698,7.26838,1.00,1.30
2014.10.15 07:28:43.135,7.26701,7.2687,1.30,1.49
2014.10.15 07:28:43.236,7.26721,7.26861,1.00,1.19
2014.10.15 07:28:43.544,7.26721,7.26832,1.00,1.19
2014.10.15 07:28:44.082,7.26721,7.26842,1.19,1.19
2014.10.15 07:28:45.035,7.26721,7.26839,1.25,1.19
2014.10.15 07:28:46.084,7.26729,7.26839,1.00,1.19
2014.10.15 07:28:46.186,7.26729,7.26846,1.00,1.19
2014.10.15 07:28:47.071,7.26721,7.26846,1.19,1.19
2014.10.15 07:28:47.244,7.26721,7.26844,1.19,1.19
2014.10.15 07:28:48.048,7.26724,7.26859,1.19,1.19
2014.10.15 07:28:49.070,7.26738,7.26859,1.30,1.19
2014.10.15 07:28:49.121,7.26758,7.26859,1.30,1.19
2014.10.15 07:28:49.273,7.26758,7.26886,1.30,1.19
2014.10.15 07:28:49.735,7.26745,7.26886,1.19,1.19
2014.10.15 07:28:50.291,7.26745,7.26874,1.19,1.19
2014.10.15 07:28:51.682,7.26734,7.26866,1.19,1.19
2014.10.15 07:28:52.665,7.26727,7.26856,1.49,1.19
2014.10.15 07:28:53.670,7.26727,7.26837,1.30,1.19
2014.10.15 07:28:54.675,7.26727,7.26822,1.30,1.19
2014.10.15 07:28:56.680,7.26727,7.26821,1.30,1.19
2014.10.15 07:28:57.692,7.26727,7.26822,1.30,1.19
2014.10.15 07:28:58.685,7.26727,7.26823,1.30,1.19
2014.10.15 07:28:59.728,7.26727,7.2684,1.30,1.19
2014.10.15 07:29:00.692,7.26727,7.26835,1.30,1.19
2014.10.15 07:29:01.515,7.26727,7.26856,1.49,1.19
2014.10.15 07:29:02.851,7.26727,7.26856,1.49,1.19
2014.10.15 07:29:03.836,7.26727,7.26861,1.91,1.19
2014.10.15 07:29:05.312,7.26727,7.2686,1.49,1.19
2014.10.15 07:29:06.813,7.26727,7.26858,1.49,1.19
2014.10.15 07:29:07.816,7.26727,7.26859,1.49,1.19
2014.10.15 07:29:09.822,7.26727,7.26861,1.91,1.19
2014.10.15 07:29:10.824,7.26727,7.26856,1.49,1.19
2014.10.15 07:29:11.827,7.26727,7.26861,1.91,1.19
2014.10.15 07:29:12.831,7.26729,7.26861,1.19,1.19
2014.10.15 07:29:13.836,7.26727,7.26852,1.49,1.19
2014.10.15 07:29:14.839,7.26727,7.26852,1.49,1.19
2014.10.15 07:29:15.870,7.26727,7.26848,1.49,1.19
2014.10.15 07:29:16.881,7.26727,7.26849,1.49,1.19
2014.10.15 07:29:17.849,7.26727,7.26843,1.30,1.19
2014.10.15 07:29:19.801,7.26772,7.26843,1.30,1.19
2014.10.15 07:29:19.902,7.26779,7.26874,1.00,1.00
2014.10.15 07:29:19.954,7.26772,7.26874,1.35,1.00
2014.10.15 07:29:20.005,7.26803,7.26874,1.30,1.00
2014.10.15 07:29:20.055,7.26803,7.26903,1.30,1.00
2014.10.15 07:29:20.107,7.26803,7.26903,1.49,1.00
2014.10.15 07:29:20.158,7.26803,7.26923,1.49,1.19
2014.10.15 07:29:20.935,7.26793,7.269,1.19,1.00
2014.10.15 07:29:20.986,7.26774,7.26898,1.49,1.19
2014.10.15 07:29:22.113,7.26774,7.26893,1.16,1.19
2014.10.15 07:29:23.065,7.26774,7.26896,1.49,1.19
2014.10.15 07:29:24.111,7.26774,7.26881,1.30,1.19
2014.10.15 07:29:25.575,7.26774,7.26882,1.30,1.19
2014.10.15 07:29:26.535,7.26749,7.26882,1.19,1.19
2014.10.15 07:29:26.903,7.26749,7.26875,1.19,1.19
2014.10.15 07:29:27.884,7.26749,7.26881,1.19,1.19
2014.10.15 07:29:28.887,7.2675,7.26884,1.19,1.19
2014.10.15 07:29:29.889,7.26749,7.26873,1.19,1.19
2014.10.15 07:29:31.696,7.26749,7.26864,1.00,1.19
2014.10.15 07:29:32.163,7.26732,7.26864,1.19,1.19
2014.10.15 07:29:32.214,7.26728,7.26845,1.00,1.19
2014.10.15 07:29:33.202,7.26728,7.26842,1.00,1.19
2014.10.15 07:29:34.205,7.26728,7.26838,1.00,1.19
2014.10.15 07:29:35.207,7.26728,7.26839,1.00,1.19
2014.10.15 07:29:37.240,7.26728,7.26827,1.00,1.19
2014.10.15 07:29:37.442,7.26687,7.26807,1.25,1.19
2014.10.15 07:29:37.645,7.26687,7.26785,1.00,1.19
2014.10.15 07:29:38.671,7.26667,7.26785,1.00,1.19
2014.10.15 07:29:39.625,7.26667,7.26779,1.00,1.19
2014.10.15 07:29:40.628,7.26667,7.26776,1.00,1.19
2014.10.15 07:29:41.130,7.26667,7.26799,1.19,1.19
2014.10.15 07:29:42.131,7.26672,7.26806,1.19,1.19
2014.10.15 07:29:43.275,7.26674,7.26808,1.19,1.19
2014.10.15 07:29:44.239,7.26686,7.26807,1.19,1.19
2014.10.15 07:29:45.242,7.26686,7.26804,1.00,1.19
2014.10.15 07:29:46.158,7.26686,7.26784,1.00,1.19
2014.10.15 07:29:46.260,7.26666,7.26784,1.00,1.19
2014.10.15 07:29:46.564,7.2667,7.26804,1.19,1.19
2014.10.15 07:29:46.892,7.26666,7.26783,1.25,1.19
2014.10.15 07:29:47.901,7.26666,7.26786,1.19,1.19
2014.10.15 07:29:48.854,7.26666,7.26793,1.19,1.19
2014.10.15 07:29:49.831,7.26691,7.26793,1.30,1.19
2014.10.15 07:29:49.882,7.26693,7.26831,1.00,1.19
2014.10.15 07:29:51.813,7.26693,7.26816,1.19,1.19
2014.10.15 07:29:52.705,7.26698,7.26832,1.19,1.19
2014.10.15 07:29:53.705,7.26712,7.26837,1.19,1.19
2014.10.15 07:29:54.721,7.26712,7.26841,1.19,1.19
2014.10.15 07:29:55.529,7.26712,7.26815,1.19,1.00
2014.10.15 07:29:55.732,7.26684,7.26794,1.00,1.00
2014.10.15 07:29:55.783,7.26684,7.26772,1.00,1.19
2014.10.15 07:29:55.833,7.26673,7.26772,1.99,1.19
2014.10.15 07:29:55.884,7.26648,7.26772,1.00,1.19
2014.10.15 07:29:55.986,7.26672,7.26753,1.00,1.19
2014.10.15 07:29:56.036,7.26653,7.26753,1.00,1.19
2014.10.15 07:29:56.088,7.26653,7.26774,1.19,1.19
2014.10.15 07:29:56.291,7.26661,7.26797,1.19,1.19
2014.10.15 07:29:56.393,7.26668,7.26827,1.19,1.19
2014.10.15 07:29:56.494,7.26689,7.26823,1.19,1.19
2014.10.15 07:29:56.596,7.26709,7.26827,1.25,1.19
2014.10.15 07:29:57.189,7.2673,7.26865,1.25,1.19
2014.10.15 07:29:58.111,7.26722,7.26856,1.19,1.19
2014.10.15 07:29:59.238,7.26726,7.2686,1.19,1.19
2014.10.15 07:30:00.200,7.26719,7.26853,1.19,1.19
2014.10.15 07:30:01.233,7.26715,7.26849,1.69,1.19
2014.10.15 07:30:02.315,7.26719,7.26844,1.19,1.19
2014.10.15 07:30:03.752,7.26715,7.26842,1.69,1.19
2014.10.15 07:30:04.146,7.26722,7.2684,1.19,1.19
2014.10.15 07:30:05.124,7.26718,7.26834,1.19,1.19
2014.10.15 07:30:05.606,7.26715,7.2682,1.00,1.19
2014.10.15 07:30:06.373,7.26715,7.26829,1.00,1.19
2014.10.15 07:30:07.534,7.26716,7.26837,1.19,1.19
2014.10.15 07:30:08.636,7.26727,7.26837,1.19,1.25
2014.10.15 07:30:09.580,7.26745,7.26887,1.19,1.69
2014.10.15 07:30:09.681,7.26768,7.26887,1.19,1.50
2014.10.15 07:30:09.732,7.26768,7.26893,1.19,1.19
2014.10.15 07:30:09.884,7.26779,7.26903,1.19,1.79
2014.10.15 07:30:10.188,7.26779,7.26877,1.19,1.00
2014.10.15 07:30:10.494,7.26779,7.26863,1.19,1.00
2014.10.15 07:30:10.876,7.26764,7.26869,1.19,1.00
2014.10.15 07:30:11.091,7.26786,7.26869,1.19,1.00
2014.10.15 07:30:11.194,7.26807,7.26921,1.19,1.00
2014.10.15 07:30:11.396,7.26807,7.26905,1.19,1.00
2014.10.15 07:30:11.712,7.26807,7.26895,1.19,1.00
2014.10.15 07:30:12.042,7.26807,7.26892,1.19,1.00
2014.10.15 07:30:12.194,7.26807,7.2691,1.19,1.00
2014.10.15 07:30:12.555,7.26807,7.26919,1.19,1.05
2014.10.15 07:30:12.607,7.26809,7.26919,1.19,1.24
2014.10.15 07:30:12.981,7.26809,7.26914,1.19,1.00
2014.10.15 07:30:13.150,7.26809,7.2692,1.19,1.49
2014.10.15 07:30:13.471,7.26813,7.26918,1.19,1.00
2014.10.15 07:30:13.973,7.26813,7.26924,1.19,1.49
2014.10.15 07:30:14.278,7.26833,7.26894,1.19,1.00
2014.10.15 07:30:14.481,7.26825,7.26894,1.19,1.00
2014.10.15 07:30:14.583,7.26831,7.26894,1.19,1.00
2014.10.15 07:30:14.785,7.26809,7.26894,1.19,1.00
2014.10.15 07:30:15.766,7.26815,7.26894,1.19,1.00
2014.10.15 07:30:16.102,7.26847,7.26894,1.19,1.00
2014.10.15 07:30:16.415,7.26847,7.26913,1.19,1.00
2014.10.15 07:30:16.971,7.26867,7.26913,1.19,1.00
2014.10.15 07:30:17.513,7.26887,7.26913,1.19,1.00
2014.10.15 07:30:18.323,7.26869,7.26913,1.19,1.00
2014.10.15 07:30:19.582,7.26862,7.26913,1.19,1.00
2014.10.15 07:30:20.835,7.26859,7.26913,1.19,1.00
2014.10.15 07:30:21.790,7.2685,7.26913,1.19,1.00
2014.10.15 07:30:23.996,7.26853,7.26913,1.19,1.00
2014.10.15 07:30:24.149,7.26831,7.26913,1.19,1.00
2014.10.15 07:30:24.251,7.26806,7.26913,1.19,1.00
2014.10.15 07:30:25.313,7.26823,7.26913,1.19,1.00
2014.10.15 07:30:25.614,7.26823,7.26893,1.19,1.00
2014.10.15 07:30:27.101,7.26823,7.26939,1.19,2.08
2014.10.15 07:30:27.152,7.26842,7.26939,1.19,2.07
2014.10.15 07:30:27.501,7.26861,7.26939,1.19,2.07
2014.10.15 07:30:27.552,7.26861,7.26939,1.19,1.30
2014.10.15 07:30:27.772,7.26861,7.26939,1.19,2.04
2014.10.15 07:30:27.823,7.26843,7.26939,1.19,2.04
2014.10.15 07:30:28.918,7.26845,7.2692,1.19,1.30
2014.10.15 07:30:29.921,7.26842,7.2692,1.19,1.30
2014.10.15 07:30:31.453,7.26842,7.2692,1.19,1.30
2014.10.15 07:30:31.962,7.26842,7.2692,1.19,1.30
2014.10.15 07:30:32.442,7.26851,7.2692,1.19,1.30
2014.10.15 07:30:33.532,7.26838,7.2692,1.19,1.30
2014.10.15 07:30:34.551,7.26833,7.2692,1.19,1.30
2014.10.15 07:30:35.071,7.26833,7.2692,1.19,1.00
2014.10.15 07:30:35.543,7.26838,7.2692,1.19,1.00
2014.10.15 07:30:36.382,7.26838,7.2692,1.00,1.30
2014.10.15 07:30:36.569,7.26835,7.2692,1.19,1.30
2014.10.15 07:30:36.873,7.26856,7.26943,1.19,1.39
2014.10.15 07:30:37.176,7.26856,7.26923,1.19,1.30
2014.10.15 07:30:37.773,7.26859,7.26923,1.19,1.00
2014.10.15 07:30:38.784,7.26855,7.26923,1.19,1.00
2014.10.15 07:30:39.887,7.26848,7.26923,1.19,1.00
2014.10.15 07:30:39.988,7.26858,7.26923,1.19,1.00
2014.10.15 07:30:41.056,7.26859,7.26923,1.19,1.00
2014.10.15 07:30:41.802,7.26834,7.26923,1.19,1.00
2014.10.15 07:30:42.202,7.26832,7.26923,1.19,1.30
2014.10.15 07:30:42.760,7.26837,7.26923,1.00,1.30
2014.10.15 07:30:44.113,7.26818,7.26923,1.19,1.30
2014.10.15 07:30:44.821,7.26818,7.26923,1.19,1.30
2014.10.15 07:30:45.069,7.26838,7.26923,1.19,1.30
2014.10.15 07:30:46.091,7.26832,7.26923,1.19,1.30
2014.10.15 07:30:47.104,7.26835,7.26923,1.19,1.30
2014.10.15 07:30:47.473,7.26835,7.26923,1.19,1.00
2014.10.15 07:30:48.125,7.26842,7.26923,1.19,1.00
2014.10.15 07:30:49.082,7.26823,7.26923,1.00,1.00
2014.10.15 07:30:50.103,7.26864,7.26923,1.19,1.00
2014.10.15 07:30:50.610,7.26846,7.26923,1.19,1.00
2014.10.15 07:30:50.712,7.26846,7.26923,1.19,1.30
2014.10.15 07:30:51.035,7.26837,7.26923,1.19,1.30
2014.10.15 07:30:51.344,7.26847,7.26923,1.19,1.00
2014.10.15 07:30:52.043,7.26847,7.26923,1.19,1.30
2014.10.15 07:30:52.145,7.26831,7.26923,1.19,1.30
2014.10.15 07:30:53.062,7.26831,7.26897,1.19,1.00
2014.10.15 07:30:53.113,7.26819,7.26897,1.19,1.00
2014.10.15 07:30:53.265,7.26816,7.26919,1.19,1.00
2014.10.15 07:30:53.317,7.26835,7.26919,1.91,1.00
2014.10.15 07:30:54.354,7.26804,7.26919,1.49,1.05
2014.10.15 07:30:54.455,7.26822,7.26919,1.19,1.05
2014.10.15 07:30:54.782,7.26843,7.26898,1.19,1.00
2014.10.15 07:30:54.833,7.26865,7.26918,1.19,1.00
2014.10.15 07:30:54.935,7.26868,7.26952,1.49,1.02
2014.10.15 07:30:55.888,7.26868,7.26952,1.49,1.02
2014.10.15 07:30:56.686,7.26868,7.26957,1.49,1.00
2014.10.15 07:30:56.737,7.26881,7.26957,1.19,1.00
2014.10.15 07:30:56.940,7.26903,7.26983,1.49,1.00
2014.10.15 07:30:57.766,7.26889,7.26983,1.19,1.00
2014.10.15 07:30:57.969,7.26887,7.26983,1.00,1.00
2014.10.15 07:30:58.020,7.26868,7.26983,1.49,1.00
2014.10.15 07:30:58.121,7.26857,7.26956,1.19,1.00
2014.10.15 07:30:59.081,7.26867,7.26956,1.19,1.00
2014.10.15 07:30:59.131,7.26867,7.26982,1.19,1.00
2014.10.15 07:30:59.182,7.26867,7.26971,1.19,1.38
2014.10.15 07:30:59.486,7.26882,7.26952,1.19,1.85
2014.10.15 07:30:59.537,7.2687,7.26952,1.19,1.85
2014.10.15 07:31:00.174,7.2687,7.26962,1.19,1.05
2014.10.15 07:31:00.376,7.26882,7.26972,1.19,1.42
2014.10.15 07:31:00.842,7.26882,7.26947,1.19,1.11
2014.10.15 07:31:01.154,7.26882,7.26949,1.19,1.20
2014.10.15 07:31:01.382,7.26878,7.26949,1.69,1.20
2014.10.15 07:31:02.765,7.26878,7.26949,1.19,1.42
2014.10.15 07:31:03.479,7.26843,7.26949,1.00,1.42
2014.10.15 07:31:03.900,7.26843,7.2695,1.00,1.00
2014.10.15 07:31:04.405,7.26843,7.26971,1.00,1.12
2014.10.15 07:31:04.690,7.26858,7.26971,1.00,1.12
2014.10.15 07:31:05.021,7.26875,7.26971,1.19,1.12
2014.10.15 07:31:05.764,7.26868,7.26971,1.19,1.12
2014.10.15 07:31:06.018,7.26886,7.27002,1.00,1.19
2014.10.15 07:31:06.169,7.26878,7.27002,1.19,1.19
2014.10.15 07:31:06.391,7.26879,7.26981,1.19,1.50
2014.10.15 07:31:06.492,7.2688,7.26984,1.19,1.30
2014.10.15 07:31:06.694,7.26897,7.26971,1.19,1.00
2014.10.15 07:31:07.263,7.26897,7.26982,1.19,1.05
2014.10.15 07:31:07.512,7.26897,7.27004,1.19,2.09
2014.10.15 07:31:07.916,7.26902,7.26975,1.19,1.00
2014.10.15 07:31:08.993,7.269,7.26975,1.19,1.00
2014.10.15 07:31:09.333,7.269,7.27001,1.19,1.35
2014.10.15 07:31:09.434,7.26907,7.26993,1.19,1.20
2014.10.15 07:31:09.901,7.26907,7.26993,1.19,1.20
2014.10.15 07:31:10.206,7.26904,7.26991,1.00,1.34
2014.10.15 07:31:10.258,7.26904,7.27019,1.00,1.19
2014.10.15 07:31:10.360,7.26877,7.2695,1.00,1.05
2014.10.15 07:31:10.461,7.26862,7.2695,1.00,1.05
2014.10.15 07:31:10.564,7.26844,7.2695,1.19,1.35
2014.10.15 07:31:10.891,7.26862,7.2695,1.00,1.35
2014.10.15 07:31:11.195,7.26879,7.26961,1.00,1.62
2014.10.15 07:31:12.002,7.26879,7.26951,1.19,1.34
2014.10.15 07:31:12.569,7.26866,7.2694,1.19,1.16
2014.10.15 07:31:12.952,7.26866,7.26942,1.19,1.04
2014.10.15 07:31:13.336,7.26872,7.26953,1.19,1.08
2014.10.15 07:31:13.983,7.26872,7.2694,1.19,1.00
2014.10.15 07:31:14.553,7.26862,7.2696,1.19,1.26
2014.10.15 07:31:14.893,7.26862,7.26972,1.19,1.26
2014.10.15 07:31:15.196,7.26874,7.26967,1.19,1.41
2014.10.15 07:31:15.803,7.26874,7.26968,1.19,1.14
2014.10.15 07:31:15.854,7.26874,7.26968,1.19,1.14
2014.10.15 07:31:16.454,7.26874,7.26962,1.19,1.17
2014.10.15 07:31:16.556,7.26874,7.2697,1.19,1.29
2014.10.15 07:31:16.759,7.26892,7.26991,1.30,1.94
2014.10.15 07:31:16.810,7.26894,7.26991,1.00,1.94
2014.10.15 07:31:17.443,7.26899,7.26991,1.19,1.94
2014.10.15 07:31:18.451,7.26896,7.26981,1.19,1.32
2014.10.15 07:31:18.509,7.26896,7.27013,1.19,1.00
2014.10.15 07:31:18.611,7.26896,7.26991,1.19,1.38
2014.10.15 07:31:18.712,7.26896,7.27007,1.69,1.38
2014.10.15 07:31:19.202,7.26911,7.27007,1.25,1.50
2014.10.15 07:31:19.651,7.26912,7.27007,1.19,1.50
2014.10.15 07:31:19.929,7.26911,7.26997,1.19,1.04
2014.10.15 07:31:19.980,7.26921,7.26997,1.19,1.04
2014.10.15 07:31:20.031,7.26921,7.27016,1.19,1.02
2014.10.15 07:31:20.200,7.26921,7.27032,1.19,2.31
2014.10.15 07:31:20.838,7.26922,7.27021,1.49,1.20
2014.10.15 07:31:20.939,7.26922,7.27041,1.49,1.03
2014.10.15 07:31:21.092,7.26944,7.27047,1.19,1.84
2014.10.15 07:31:21.743,7.26944,7.27017,1.19,1.16
2014.10.15 07:31:22.059,7.26937,7.27017,1.19,1.16
2014.10.15 07:31:22.313,7.26922,7.27017,1.49,1.16
2014.10.15 07:31:22.364,7.26916,7.27008,1.19,1.02
2014.10.15 07:31:22.734,7.26916,7.26978,1.19,1.08
2014.10.15 07:31:23.305,7.26916,7.27008,1.19,1.98
2014.10.15 07:31:23.712,7.26914,7.27008,1.19,1.98
2014.10.15 07:31:23.763,7.26914,7.27011,1.19,1.32
2014.10.15 07:31:23.966,7.26914,7.27007,1.19,1.26
2014.10.15 07:31:24.822,7.2691,7.26997,1.49,1.30
2014.10.15 07:31:25.979,7.2691,7.26997,1.49,1.30
2014.10.15 07:31:26.081,7.2691,7.26997,1.49,1.47
2014.10.15 07:31:26.753,7.269,7.27003,1.19,1.35
2014.10.15 07:31:27.115,7.26901,7.27002,1.19,1.02
2014.10.15 07:31:27.318,7.26921,7.27002,1.19,1.02
2014.10.15 07:31:28.961,7.26919,7.27002,1.19,1.08
2014.10.15 07:31:29.374,7.26919,7.27006,1.19,1.05
2014.10.15 07:31:29.476,7.26919,7.27012,1.19,1.71
2014.10.15 07:31:30.002,7.26935,7.27012,1.19,1.71
2014.10.15 07:31:31.139,7.26931,7.27002,1.19,1.05
2014.10.15 07:31:31.408,7.26931,7.27022,1.19,1.20
2014.10.15 07:31:31.911,7.26952,7.27022,1.19,1.20
2014.10.15 07:31:33.006,7.26945,7.27022,1.49,1.20
2014.10.15 07:31:34.053,7.26939,7.27022,1.19,1.20
2014.10.15 07:31:35.215,7.26946,7.27022,1.19,1.20
2014.10.15 07:31:36.302,7.26922,7.27011,1.19,1.12
2014.10.15 07:31:36.544,7.26922,7.2703,1.19,1.00
2014.10.15 07:31:37.243,7.2692,7.2703,1.19,1.00
2014.10.15 07:31:38.432,7.26915,7.2703,1.19,1.00
2014.10.15 07:31:40.736,7.26917,7.2703,1.19,1.00
2014.10.15 07:31:40.980,7.26893,7.2703,1.19,1.19
2014.10.15 07:31:41.031,7.26893,7.26979,1.19,1.08
2014.10.15 07:31:42.039,7.26885,7.26988,1.19,1.20
2014.10.15 07:31:42.474,7.26885,7.26993,1.19,1.59
2014.10.15 07:31:43.143,7.26893,7.26993,1.00,1.59
2014.10.15 07:31:43.244,7.26893,7.26994,1.00,1.04
2014.10.15 07:31:43.346,7.26895,7.26994,1.19,1.04
2014.10.15 07:31:43.448,7.26895,7.27002,1.19,1.04
2014.10.15 07:31:43.782,7.26895,7.27002,1.19,1.42
2014.10.15 07:31:44.394,7.26893,7.27002,1.19,1.30
2014.10.15 07:31:44.612,7.26888,7.26987,1.19,1.71
2014.10.15 07:31:45.192,7.26888,7.26998,1.19,2.02
2014.10.15 07:31:45.351,7.26883,7.26998,1.19,2.02
2014.10.15 07:31:46.047,7.26883,7.27004,1.19,1.51
2014.10.15 07:31:46.307,7.26883,7.27002,1.19,1.18
2014.10.15 07:31:46.560,7.26891,7.2701,1.19,2.02
2014.10.15 07:31:47.586,7.26892,7.2701,1.19,1.65
2014.10.15 07:31:49.572,7.26893,7.2701,1.19,1.74
2014.10.15 07:31:50.599,7.26896,7.2701,1.00,1.74
2014.10.15 07:31:51.815,7.26898,7.27,1.00,1.38
2014.10.15 07:31:52.119,7.26903,7.27022,1.30,1.06
2014.10.15 07:31:52.170,7.26919,7.27032,1.19,1.38
2014.10.15 07:31:52.523,7.26919,7.27026,1.19,1.44
2014.10.15 07:31:52.981,7.26918,7.27026,1.19,1.44
2014.10.15 07:31:54.202,7.26904,7.27023,1.19,1.15
2014.10.15 07:31:54.890,7.26904,7.2702,1.19,1.14
2014.10.15 07:31:54.992,7.26904,7.27022,1.19,1.14
2014.10.15 07:31:55.189,7.26917,7.27022,1.19,1.14
2014.10.15 07:31:56.292,7.2692,7.27032,1.19,1.17
2014.10.15 07:31:56.712,7.2692,7.2701,1.19,1.26
2014.10.15 07:31:56.814,7.26903,7.27,1.49,1.02
2014.10.15 07:31:57.797,7.26903,7.27,1.49,1.42
2014.10.15 07:31:59.122,7.2689,7.27,1.19,1.42
2014.10.15 07:32:00.231,7.26882,7.27,1.19,1.34
2014.10.15 07:32:01.208,7.26887,7.27,1.19,1.34
2014.10.15 07:32:01.941,7.26908,7.2701,1.19,1.35
2014.10.15 07:32:02.043,7.26908,7.27022,1.19,1.50
2014.10.15 07:32:02.681,7.26908,7.27,1.19,1.02
2014.10.15 07:32:03.018,7.26916,7.27,1.19,1.34
2014.10.15 07:32:03.790,7.26916,7.26999,1.19,1.12
2014.10.15 07:32:03.987,7.26916,7.27012,1.19,1.42
2014.10.15 07:32:04.038,7.26926,7.27012,1.19,1.42
2014.10.15 07:32:04.139,7.26926,7.27022,1.19,1.38
2014.10.15 07:32:04.344,7.26926,7.2701,1.19,1.05
2014.10.15 07:32:04.687,7.26926,7.2701,1.19,1.38
2014.10.15 07:32:05.477,7.26903,7.2701,1.49,1.29
2014.10.15 07:32:06.050,7.26899,7.27009,1.19,1.11
2014.10.15 07:32:06.334,7.26887,7.2701,1.19,1.39
2014.10.15 07:32:06.870,7.26887,7.26999,1.19,1.42
2014.10.15 07:32:07.338,7.26884,7.26999,1.19,1.42
2014.10.15 07:32:08.131,7.26884,7.27003,1.19,1.03
2014.10.15 07:32:08.688,7.26883,7.27002,1.19,1.03
2014.10.15 07:32:09.371,7.26882,7.27001,1.19,1.03
2014.10.15 07:32:10.391,7.26888,7.27007,1.19,1.03
2014.10.15 07:32:11.351,7.26897,7.2701,1.19,1.38
2014.10.15 07:32:12.091,7.26897,7.2701,1.00,1.78
2014.10.15 07:32:12.354,7.26894,7.2701,1.19,1.78
2014.10.15 07:32:13.457,7.26887,7.2701,1.19,1.30
2014.10.15 07:32:13.963,7.26908,7.27009,1.00,1.83
2014.10.15 07:32:14.469,7.26908,7.27,1.00,1.02
2014.10.15 07:32:14.725,7.26908,7.27013,1.00,1.02
2014.10.15 07:32:14.826,7.26908,7.27028,1.00,1.08
2014.10.15 07:32:14.877,7.26931,7.27028,1.19,1.08
2014.10.15 07:32:15.232,7.26931,7.27032,1.19,1.42
2014.10.15 07:32:15.739,7.26931,7.27028,1.19,1.02
2014.10.15 07:32:15.891,7.26916,7.27028,1.19,1.02
2014.10.15 07:32:16.419,7.26894,7.27028,1.19,2.12
2014.10.15 07:32:16.571,7.26894,7.2701,1.19,1.17
2014.10.15 07:32:17.401,7.2689,7.2701,1.19,1.36
2014.10.15 07:32:17.808,7.2689,7.2702,1.19,1.49
2014.10.15 07:32:17.908,7.26916,7.2702,1.00,1.49
2014.10.15 07:32:18.212,7.26916,7.2702,1.19,1.30
2014.10.15 07:32:18.804,7.26916,7.2704,1.19,1.49
2014.10.15 07:32:19.287,7.26922,7.27048,1.19,1.49
2014.10.15 07:32:20.282,7.26922,7.27017,1.19,1.30
2014.10.15 07:32:20.333,7.26916,7.27017,1.19,1.30
2014.10.15 07:32:21.309,7.26916,7.27017,1.25,1.30
2014.10.15 07:32:22.398,7.26916,7.27017,1.19,1.30
2014.10.15 07:32:23.501,7.26916,7.27017,1.19,1.30
2014.10.15 07:32:24.191,7.26934,7.27017,1.00,1.30
2014.10.15 07:32:28.239,7.26934,7.27017,1.00,1.49
2014.10.15 07:32:29.669,7.26934,7.27017,1.00,1.49
2014.10.15 07:32:30.443,7.26934,7.27008,1.00,1.19
2014.10.15 07:32:31.477,7.26934,7.27004,1.00,1.19
2014.10.15 07:32:31.579,7.26907,7.27004,1.00,1.19
2014.10.15 07:32:32.483,7.26907,7.27017,1.00,1.49
2014.10.15 07:32:33.451,7.26907,7.27002,1.00,1.19
2014.10.15 07:32:33.764,7.26907,7.26983,1.00,1.30
2014.10.15 07:32:35.697,7.26907,7.26983,1.00,1.49
2014.10.15 07:32:36.682,7.26907,7.26974,1.00,1.19
2014.10.15 07:32:37.374,7.26907,7.26954,1.00,1.91
2014.10.15 07:32:37.426,7.26888,7.26954,1.00,1.91
2014.10.15 07:32:37.477,7.26888,7.26931,1.00,1.19
2014.10.15 07:32:37.630,7.26869,7.26924,1.00,1.49
2014.10.15 07:32:38.702,7.26869,7.2692,1.00,1.19
2014.10.15 07:32:39.589,7.26869,7.26921,1.00,1.19
2014.10.15 07:32:40.212,7.26755,7.2688,1.30,1.19
2014.10.15 07:32:40.314,7.2685,7.2688,1.00,1.19
2014.10.15 07:32:40.517,7.26832,7.2688,1.00,1.19
2014.10.15 07:32:41.172,7.26812,7.2688,1.00,1.19
2014.10.15 07:32:41.425,7.26812,7.2688,1.00,1.19
2014.10.15 07:32:41.976,7.26812,7.26862,1.00,1.30
2014.10.15 07:32:42.649,7.26812,7.26862,1.00,1.49
2014.10.15 07:32:43.609,7.26812,7.26862,1.00,1.49
2014.10.15 07:32:44.742,7.26812,7.26891,1.00,1.49
2014.10.15 07:32:45.717,7.26812,7.26875,1.00,1.19
2014.10.15 07:32:46.731,7.26812,7.26879,1.00,1.19
2014.10.15 07:32:47.762,7.26812,7.26877,1.00,1.19
2014.10.15 07:32:48.769,7.26812,7.26881,1.00,1.19
2014.10.15 07:32:49.249,7.26812,7.26891,1.00,1.16
2014.10.15 07:32:56.989,7.26812,7.26891,1.00,1.49
2014.10.15 07:32:57.973,7.26812,7.26891,1.00,1.49
2014.10.15 07:32:58.870,7.26812,7.26891,1.00,1.30
2014.10.15 07:32:59.989,7.26812,7.26891,1.00,1.49
2014.10.15 07:33:00.979,7.26812,7.26884,1.00,1.19
2014.10.15 07:33:01.799,7.26812,7.26862,1.00,1.30
2014.10.15 07:33:02.052,7.26789,7.26862,1.00,1.49
2014.10.15 07:33:04.009,7.26789,7.26861,1.00,1.19
2014.10.15 07:33:04.992,7.26789,7.26862,1.00,1.49
2014.10.15 07:33:06.039,7.26789,7.26862,1.00,1.49
2014.10.15 07:33:06.140,7.2677,7.26854,1.00,1.19
2014.10.15 07:33:06.242,7.2677,7.26828,1.00,1.30
2014.10.15 07:33:06.558,7.26789,7.26828,1.00,1.30
2014.10.15 07:33:08.234,7.26764,7.26826,1.00,1.19
2014.10.15 07:33:09.419,7.26764,7.26822,1.00,1.19
2014.10.15 07:33:10.916,7.26764,7.26828,1.00,1.49
2014.10.15 07:33:11.920,7.26764,7.26828,1.00,1.49
2014.10.15 07:33:12.923,7.26764,7.26828,1.00,1.49
2014.10.15 07:33:13.972,7.26764,7.26828,1.00,1.49
2014.10.15 07:33:15.247,7.26764,7.26828,1.00,1.30
2014.10.15 07:33:16.637,7.26764,7.26828,1.00,1.49
2014.10.15 07:33:17.652,7.26764,7.26828,1.00,1.91
2014.10.15 07:33:18.561,7.26743,7.26828,1.00,1.91
2014.10.15 07:33:18.663,7.26743,7.26808,1.00,1.19
2014.10.15 07:33:19.485,7.26743,7.268,1.00,1.30
2014.10.15 07:33:24.383,7.26743,7.2683,1.00,1.19
2014.10.15 07:33:24.688,7.26743,7.26831,1.00,1.49
2014.10.15 07:33:25.693,7.26743,7.26831,1.00,1.49
2014.10.15 07:33:26.676,7.26743,7.26831,1.00,1.49
2014.10.15 07:33:27.703,7.26743,7.26831,1.00,1.49
2014.10.15 07:33:28.720,7.26743,7.26831,1.00,1.49
2014.10.15 07:33:29.688,7.26743,7.26831,1.00,1.49
2014.10.15 07:33:30.738,7.26743,7.26831,1.00,1.49
2014.10.15 07:33:31.698,7.26743,7.26831,1.00,1.49
2014.10.15 07:33:32.695,7.26743,7.26831,1.00,1.91
2014.10.15 07:33:33.698,7.26743,7.2683,1.00,1.19
2014.10.15 07:33:34.800,7.26743,7.26829,1.00,1.19
2014.10.15 07:33:36.233,7.26743,7.26831,1.00,1.30
2014.10.15 07:33:36.619,7.26763,7.26831,1.00,1.30
2014.10.15 07:33:36.771,7.26763,7.2686,1.00,1.49
2014.10.15 07:33:36.822,7.26782,7.2686,1.00,1.49
2014.10.15 07:33:37.053,7.26782,7.2686,1.00,1.30
2014.10.15 07:33:37.255,7.26801,7.2686,1.00,1.30
2014.10.15 07:33:37.509,7.26824,7.26889,1.00,1.30
2014.10.15 07:33:37.916,7.26849,7.26889,1.00,1.30
2014.10.15 07:33:49.970,7.26858,7.2692,1.00,1.49
2014.10.15 07:33:50.865,7.26858,7.2692,1.00,1.49
2014.10.15 07:33:51.862,7.26858,7.2692,1.00,1.30
2014.10.15 07:33:52.065,7.26858,7.26949,1.00,1.19
2014.10.15 07:33:52.116,7.26876,7.26949,1.00,1.19
2014.10.15 07:33:52.643,7.26876,7.26921,1.00,1.30
2014.10.15 07:33:53.507,7.26876,7.26921,1.00,1.49
2014.10.15 07:33:54.473,7.26876,7.26921,1.00,1.16
2014.10.15 07:33:54.863,7.26876,7.2695,1.00,1.49
2014.10.15 07:33:55.179,7.26876,7.26946,1.00,1.19
2014.10.15 07:33:55.281,7.26876,7.2695,1.00,1.30
2014.10.15 07:33:55.383,7.26876,7.2698,1.00,1.49
2014.10.15 07:33:56.281,7.26876,7.26963,1.00,1.19
2014.10.15 07:33:57.284,7.26876,7.26958,1.00,1.19
2014.10.15 07:33:58.287,7.26876,7.26944,1.00,1.19
2014.10.15 07:33:59.591,7.26876,7.26938,1.00,1.19
2014.10.15 07:34:00.793,7.26876,7.26931,1.00,1.19
2014.10.15 07:34:01.097,7.26876,7.26917,1.00,1.19
2014.10.15 07:34:02.127,7.26875,7.26914,1.00,1.19
2014.10.15 07:34:04.319,7.26876,7.26913,1.00,1.19
2014.10.15 07:34:04.530,7.26876,7.26925,1.00,1.49
2014.10.15 07:34:05.613,7.26876,7.26925,1.00,1.49
2014.10.15 07:34:06.857,7.26876,7.26925,1.00,1.49
2014.10.15 07:34:07.867,7.26876,7.26925,1.00,1.49
2014.10.15 07:34:08.871,7.26876,7.26925,1.00,1.49
2014.10.15 07:34:09.349,7.26876,7.26953,1.00,1.19
2014.10.15 07:34:09.855,7.26876,7.26935,1.00,1.30
2014.10.15 07:34:10.429,7.26876,7.26935,1.00,1.49
2014.10.15 07:34:11.468,7.26876,7.26935,1.00,1.49
2014.10.15 07:34:12.539,7.26876,7.26942,1.00,1.19
2014.10.15 07:34:13.557,7.26876,7.26938,1.00,1.19
2014.10.15 07:34:14.373,7.26876,7.26917,1.00,1.19
2014.10.15 07:34:15.461,7.26872,7.26906,1.00,1.49
2014.10.15 07:34:16.460,7.26857,7.26906,1.00,1.49
2014.10.15 07:34:16.656,7.26857,7.26906,1.00,1.49
2014.10.15 07:34:17.758,7.26857,7.26906,1.00,1.30
2014.10.15 07:34:18.889,7.26857,7.26906,1.00,1.49
2014.10.15 07:34:19.863,7.26857,7.26904,1.00,1.19
2014.10.15 07:34:20.866,7.26857,7.26906,1.00,1.49
2014.10.15 07:34:21.870,7.26857,7.26906,1.00,1.30
2014.10.15 07:34:22.399,7.26875,7.26906,1.00,1.30
2014.10.15 07:34:23.988,7.26875,7.26906,1.00,1.49
2014.10.15 07:34:24.987,7.26875,7.26906,1.00,1.30
2014.10.15 07:34:25.379,7.26875,7.26925,1.00,1.19
2014.10.15 07:34:25.957,7.26875,7.2692,1.00,1.19
2014.10.15 07:34:26.491,7.26874,7.26899,1.00,1.19
2014.10.15 07:34:27.199,7.26854,7.26899,1.00,1.19
2014.10.15 07:34:27.478,7.26854,7.26899,1.00,1.19
2014.10.15 07:34:28.755,7.26854,7.2691,1.00,1.19
2014.10.15 07:34:29.059,7.26854,7.2693,1.00,1.19
2014.10.15 07:34:29.666,7.2688,7.2693,1.00,1.19
2014.10.15 07:34:30.108,7.2688,7.26933,1.00,1.49
2014.10.15 07:34:31.905,7.2688,7.26943,1.00,1.19
2014.10.15 07:34:32.107,7.2688,7.26931,1.00,1.19
2014.10.15 07:34:32.876,7.26876,7.26905,1.00,1.30
2014.10.15 07:34:33.672,7.26873,7.26905,1.00,1.49
2014.10.15 07:34:34.499,7.2688,7.26933,1.00,1.49
2014.10.15 07:34:35.511,7.2688,7.26933,1.00,1.49
2014.10.15 07:34:36.598,7.2688,7.26947,1.00,1.19
2014.10.15 07:34:37.987,7.2688,7.26963,1.00,1.49
2014.10.15 07:34:39.091,7.2688,7.26953,1.00,1.19
2014.10.15 07:34:40.306,7.2688,7.26951,1.00,1.19
2014.10.15 07:34:41.399,7.2688,7.26952,1.00,1.19
2014.10.15 07:34:42.638,7.2688,7.26946,1.00,1.19
2014.10.15 07:34:42.943,7.2688,7.26925,1.00,1.19
2014.10.15 07:34:44.216,7.2688,7.26929,1.00,1.30
2014.10.15 07:34:47.230,7.2688,7.26926,1.00,1.19
2014.10.15 07:34:48.463,7.2688,7.26929,1.00,1.49
2014.10.15 07:34:49.430,7.2688,7.26926,1.00,1.19
2014.10.15 07:34:50.477,7.26879,7.26919,1.00,1.19
2014.10.15 07:34:51.485,7.26877,7.26912,1.00,1.19
2014.10.15 07:34:52.463,7.26875,7.2691,1.00,1.19
2014.10.15 07:34:53.489,7.26859,7.26896,1.00,1.19
2014.10.15 07:34:54.647,7.26859,7.269,1.00,1.49
2014.10.15 07:34:55.677,7.26859,7.269,1.00,1.49
2014.10.15 07:34:56.898,7.26859,7.26909,1.00,1.19
2014.10.15 07:34:57.478,7.26859,7.26934,1.00,1.19
2014.10.15 07:34:59.582,7.26859,7.26922,1.00,1.19
2014.10.15 07:35:00.915,7.26859,7.26939,1.00,1.19
2014.10.15 07:35:01.919,7.26859,7.26943,1.00,1.19
2014.10.15 07:35:03.220,7.26859,7.26953,1.00,1.19
2014.10.15 07:35:03.322,7.26885,7.26958,1.00,1.30
2014.10.15 07:35:03.374,7.26885,7.26964,1.00,1.19
2014.10.15 07:35:04.583,7.26885,7.2698,1.00,1.19
2014.10.15 07:35:05.075,7.26906,7.2698,1.00,1.19
2014.10.15 07:35:05.394,7.26927,7.26975,1.00,1.00
2014.10.15 07:35:06.433,7.26927,7.26975,1.00,1.19
2014.10.15 07:35:07.399,7.26927,7.2698,1.00,1.19
2014.10.15 07:35:08.438,7.26927,7.27001,1.00,1.00
2014.10.15 07:35:08.958,7.26927,7.27016,1.00,1.91
2014.10.15 07:35:09.407,7.26927,7.27016,1.00,1.30
2014.10.15 07:35:09.855,7.26927,7.27022,1.00,1.19
2014.10.15 07:35:10.407,7.26927,7.27022,1.00,1.00
2014.10.15 07:35:11.116,7.26927,7.27021,1.00,1.00
2014.10.15 07:35:12.890,7.26927,7.27022,1.00,1.00
2014.10.15 07:35:13.143,7.26927,7.27017,1.00,1.00
2014.10.15 07:35:13.549,7.26927,7.27016,1.00,1.19
2014.10.15 07:35:14.521,7.26927,7.27012,1.00,1.19
2014.10.15 07:35:15.274,7.26927,7.27022,1.00,1.00
2014.10.15 07:35:15.427,7.26927,7.27031,1.00,1.19
2014.10.15 07:35:16.228,7.26927,7.27031,1.19,1.00
2014.10.15 07:35:16.848,7.26927,7.27029,1.19,1.00
2014.10.15 07:35:17.101,7.26927,7.27034,1.19,1.00
2014.10.15 07:35:17.664,7.26927,7.27034,1.19,1.00
2014.10.15 07:35:18.088,7.26927,7.27039,1.19,1.00
2014.10.15 07:35:18.337,7.26927,7.27039,1.19,1.00
2014.10.15 07:35:18.639,7.26927,7.27039,1.19,1.19
2014.10.15 07:35:19.867,7.26927,7.27051,1.19,1.19
2014.10.15 07:35:20.358,7.26966,7.27046,1.00,1.49
2014.10.15 07:35:20.688,7.26966,7.27029,1.00,1.19
2014.10.15 07:35:21.159,7.26966,7.2703,1.00,1.19
2014.10.15 07:35:21.911,7.26966,7.27013,1.00,1.00
2014.10.15 07:35:22.215,7.26966,7.27013,1.00,1.19
2014.10.15 07:35:22.992,7.26948,7.26998,1.00,1.19
2014.10.15 07:35:25.001,7.26948,7.2699,1.00,1.19
2014.10.15 07:35:26.265,7.26948,7.26998,1.00,1.19
2014.10.15 07:35:27.408,7.26948,7.27003,1.00,1.19
2014.10.15 07:35:28.484,7.26948,7.26995,1.00,1.19
2014.10.15 07:35:29.486,7.26948,7.26998,1.00,1.19
2014.10.15 07:35:31.492,7.26948,7.27007,1.00,1.19
2014.10.15 07:35:32.618,7.26948,7.2701,1.00,1.19
2014.10.15 07:35:33.739,7.26948,7.27011,1.00,1.69
2014.10.15 07:35:34.715,7.26948,7.27011,1.00,1.19
2014.10.15 07:35:35.704,7.26948,7.27009,1.00,1.19
2014.10.15 07:35:36.767,7.26948,7.27019,1.00,1.49
2014.10.15 07:35:37.711,7.26948,7.27019,1.00,1.30
2014.10.15 07:35:39.339,7.26948,7.27052,1.00,1.91
2014.10.15 07:35:39.441,7.26948,7.27052,1.19,1.30
2014.10.15 07:35:39.643,7.26948,7.2704,1.19,1.00
2014.10.15 07:35:39.845,7.26948,7.27042,1.00,1.25
2014.10.15 07:35:40.056,7.26948,7.27039,1.00,1.00
2014.10.15 07:35:40.826,7.26948,7.27037,1.00,1.00
2014.10.15 07:35:41.217,7.26948,7.27032,1.00,1.25
2014.10.15 07:35:42.125,7.26948,7.27034,1.00,1.19
2014.10.15 07:35:43.359,7.26948,7.27034,1.00,1.19
2014.10.15 07:35:44.834,7.26948,7.27034,1.00,1.00
2014.10.15 07:35:45.685,7.26948,7.27032,1.00,1.00
2014.10.15 07:35:46.041,7.26948,7.27038,1.00,1.00
2014.10.15 07:35:46.143,7.26948,7.27038,1.19,1.00
2014.10.15 07:35:46.244,7.26948,7.27072,1.19,1.00
2014.10.15 07:35:46.759,7.26948,7.27071,1.19,1.00
2014.10.15 07:35:47.248,7.26948,7.27071,1.19,1.19
2014.10.15 07:35:48.289,7.26948,7.2705,1.00,1.49
2014.10.15 07:35:49.301,7.26948,7.27047,1.00,1.19
2014.10.15 07:35:51.307,7.26948,7.27036,1.00,1.19
2014.10.15 07:35:52.283,7.26948,7.27021,1.00,1.49
2014.10.15 07:35:53.306,7.26948,7.27043,1.00,1.19
2014.10.15 07:35:54.392,7.26948,7.27052,1.00,1.49
2014.10.15 07:35:55.584,7.26948,7.27043,1.00,1.19
2014.10.15 07:35:55.888,7.26948,7.27023,1.00,1.19
2014.10.15 07:35:55.989,7.26927,7.27023,1.00,1.91
2014.10.15 07:35:56.992,7.26927,7.27021,1.00,1.19
2014.10.15 07:35:58.016,7.26927,7.27022,1.00,1.19
2014.10.15 07:35:58.998,7.26927,7.27023,1.00,1.49
2014.10.15 07:36:00.000,7.26927,7.27023,1.00,1.49
2014.10.15 07:36:01.002,7.26927,7.27023,1.00,1.91
2014.10.15 07:36:02.005,7.26927,7.27023,1.00,1.49
2014.10.15 07:36:04.210,7.26927,7.27023,1.00,1.49
2014.10.15 07:36:05.240,7.26927,7.27023,1.00,1.16
2014.10.15 07:36:07.335,7.26927,7.27023,1.00,1.49
2014.10.15 07:36:08.332,7.26927,7.27023,1.00,1.49
2014.10.15 07:36:09.276,7.26927,7.27043,1.19,1.30
2014.10.15 07:36:09.327,7.26927,7.27051,1.19,1.49
2014.10.15 07:36:10.266,7.26931,7.27051,1.19,1.49
2014.10.15 07:36:11.275,7.26946,7.27051,1.00,1.49
2014.10.15 07:36:11.338,7.26946,7.27051,1.00,1.49
2014.10.15 07:36:11.541,7.26946,7.27042,1.00,1.19
2014.10.15 07:36:12.544,7.26946,7.27037,1.00,1.19
2014.10.15 07:36:13.548,7.26946,7.27042,1.00,1.19
2014.10.15 07:36:14.058,7.26946,7.27051,1.00,1.49
2014.10.15 07:36:15.098,7.26946,7.27065,1.25,1.19
2014.10.15 07:36:15.201,7.26946,7.27042,1.25,1.30
2014.10.15 07:36:16.077,7.26946,7.27042,1.00,1.49
2014.10.15 07:36:17.072,7.26946,7.27028,1.00,1.19
2014.10.15 07:36:18.070,7.26946,7.27033,1.00,1.19
2014.10.15 07:36:19.078,7.26946,7.27021,1.00,1.19
2014.10.15 07:36:20.078,7.26946,7.2702,1.00,1.19
2014.10.15 07:36:21.081,7.26946,7.27017,1.00,1.19
2014.10.15 07:36:22.086,7.26946,7.2702,1.00,1.19
2014.10.15 07:36:23.125,7.26946,7.27042,1.00,1.49
2014.10.15 07:36:23.328,7.26946,7.27042,1.19,1.30
2014.10.15 07:36:23.430,7.26946,7.27074,1.19,1.19
2014.10.15 07:36:24.396,7.26946,7.2707,1.25,1.19
2014.10.15 07:36:24.759,7.26948,7.27077,1.19,1.49
2014.10.15 07:36:25.600,7.26946,7.27073,1.19,1.19
2014.10.15 07:36:26.542,7.26946,7.27039,1.00,1.49
2014.10.15 07:36:27.410,7.26946,7.27025,1.00,1.19
2014.10.15 07:36:28.514,7.26946,7.27039,1.00,1.49
2014.10.15 07:36:29.619,7.26946,7.27056,1.00,1.19
2014.10.15 07:36:30.668,7.26946,7.27051,1.00,1.19
2014.10.15 07:36:31.624,7.26946,7.27048,1.00,1.19
2014.10.15 07:36:32.647,7.26946,7.2704,1.00,1.19
2014.10.15 07:36:33.729,7.26946,7.27042,1.00,1.19
2014.10.15 07:36:34.847,7.26946,7.27037,1.00,1.19
2014.10.15 07:36:36.412,7.26946,7.2702,1.00,1.00
2014.10.15 07:36:36.735,7.26946,7.27013,1.00,1.49
2014.10.15 07:36:37.481,7.26946,7.27008,1.00,1.19
2014.10.15 07:36:38.494,7.26946,7.27004,1.00,1.19
2014.10.15 07:36:39.466,7.26946,7.27013,1.00,1.49
2014.10.15 07:36:39.998,7.26946,7.27026,1.00,1.19
2014.10.15 07:36:41.152,7.26946,7.27031,1.00,1.19
2014.10.15 07:36:42.254,7.26946,7.27033,1.00,1.19
2014.10.15 07:36:42.559,7.26946,7.27013,1.00,1.19
2014.10.15 07:36:43.761,7.26946,7.26995,1.00,1.19
2014.10.15 07:36:45.497,7.26922,7.26995,1.00,1.69
2014.10.15 07:36:45.604,7.26897,7.26995,1.00,1.69
2014.10.15 07:36:46.009,7.26897,7.26975,1.00,1.19
2014.10.15 07:36:46.277,7.26877,7.26974,1.00,1.19
2014.10.15 07:36:46.328,7.26877,7.26954,1.00,1.30
2014.10.15 07:36:46.683,7.26859,7.26954,1.00,1.30
2014.10.15 07:36:46.784,7.26859,7.26953,1.00,1.19
2014.10.15 07:36:47.038,7.26837,7.26923,1.00,1.30
2014.10.15 07:36:47.785,7.26837,7.26923,1.00,1.49
2014.10.15 07:36:48.982,7.26837,7.26918,1.00,1.19
2014.10.15 07:36:49.302,7.2682,7.26895,1.00,1.19
2014.10.15 07:36:50.096,7.2682,7.26892,1.00,1.19
2014.10.15 07:36:50.965,7.26798,7.26892,1.00,1.19
2014.10.15 07:36:51.088,7.26798,7.26879,1.00,1.19
2014.10.15 07:36:51.493,7.26798,7.26895,1.00,1.30
2014.10.15 07:36:51.797,7.26816,7.2691,1.00,1.19
2014.10.15 07:36:52.596,7.26816,7.26909,1.00,1.19
2014.10.15 07:36:53.131,7.26816,7.26884,1.00,1.19
2014.10.15 07:36:53.232,7.26793,7.26884,1.00,1.19
2014.10.15 07:36:54.110,7.26793,7.26879,1.00,1.19
2014.10.15 07:36:54.212,7.26775,7.26879,1.00,1.19
2014.10.15 07:36:55.136,7.26775,7.26882,1.00,1.19
2014.10.15 07:36:55.760,7.26775,7.26863,1.00,1.19
2014.10.15 07:36:55.963,7.26756,7.26858,1.00,1.49
2014.10.15 07:36:56.014,7.26756,7.26844,1.00,1.19
2014.10.15 07:36:56.217,7.26735,7.2683,1.00,1.30
2014.10.15 07:36:56.911,7.26735,7.26853,1.00,1.19
2014.10.15 07:36:57.165,7.26735,7.26848,1.00,1.19
2014.10.15 07:36:58.128,7.26735,7.26855,1.25,1.19
2014.10.15 07:36:58.508,7.26753,7.26855,1.00,1.19
2014.10.15 07:36:58.559,7.26753,7.2686,1.19,1.30
2014.10.15 07:36:58.610,7.26753,7.2688,1.19,1.19
2014.10.15 07:36:58.712,7.26771,7.2688,1.00,1.19
2014.10.15 07:36:58.863,7.26771,7.2689,1.19,1.49
2014.10.15 07:36:59.884,7.26777,7.26909,1.19,1.19
2014.10.15 07:36:59.986,7.26797,7.26924,1.19,1.19
2014.10.15 07:37:00.038,7.26822,7.26926,1.19,1.30
2014.10.15 07:37:00.297,7.26839,7.26959,1.00,1.49
2014.10.15 07:37:00.348,7.26843,7.26959,1.19,1.30
2014.10.15 07:37:00.399,7.26859,7.26959,1.00,1.30
2014.10.15 07:37:00.703,7.26878,7.26981,1.00,1.19
2014.10.15 07:37:01.488,7.26878,7.26987,1.00,1.91
2014.10.15 07:37:01.893,7.26878,7.26968,1.00,1.19
2014.10.15 07:37:02.247,7.2686,7.26968,1.00,1.19
2014.10.15 07:37:02.298,7.2686,7.26987,1.19,1.49
2014.10.15 07:37:03.198,7.2686,7.26967,1.00,1.19
2014.10.15 07:37:03.503,7.2686,7.26945,1.00,1.19
2014.10.15 07:37:04.361,7.2686,7.26938,1.00,1.19
2014.10.15 07:37:04.565,7.2683,7.26938,1.00,1.19
2014.10.15 07:37:06.070,7.2683,7.26927,1.00,1.49
2014.10.15 07:37:06.311,7.2683,7.26927,1.19,1.30
2014.10.15 07:37:07.275,7.2683,7.26927,1.00,1.49
2014.10.15 07:37:08.199,7.2683,7.26916,1.00,1.19
2014.10.15 07:37:09.284,7.2683,7.26914,1.00,1.19
2014.10.15 07:37:11.294,7.2683,7.26926,1.00,1.19
2014.10.15 07:37:12.345,7.26811,7.2692,1.00,1.19
2014.10.15 07:37:12.396,7.26811,7.26917,1.00,1.19
2014.10.15 07:37:13.633,7.26811,7.26916,1.00,1.19
2014.10.15 07:37:13.886,7.26789,7.26911,1.19,1.19
2014.10.15 07:37:14.603,7.26789,7.26911,1.19,1.19
2014.10.15 07:37:15.754,7.26789,7.2692,1.19,1.19
2014.10.15 07:37:16.715,7.26789,7.2692,1.19,1.69
2014.10.15 07:37:17.847,7.26789,7.26918,1.19,1.19
2014.10.15 07:37:18.919,7.26796,7.26927,1.19,1.49
2014.10.15 07:37:19.471,7.26827,7.26947,1.19,1.19
2014.10.15 07:37:19.778,7.26849,7.26963,1.00,1.19
2014.10.15 07:37:20.184,7.26836,7.26955,1.19,1.19
2014.10.15 07:37:20.235,7.26836,7.26949,1.00,1.19
2014.10.15 07:37:20.286,7.26828,7.26949,1.00,1.19
2014.10.15 07:37:21.227,7.26828,7.2694,1.00,1.69
2014.10.15 07:37:21.529,7.26828,7.2694,1.19,1.25
2014.10.15 07:37:21.630,7.26841,7.26974,1.19,1.19
2014.10.15 07:37:22.533,7.26856,7.26985,1.19,1.49
2014.10.15 07:37:22.634,7.26879,7.27005,1.19,1.49
2014.10.15 07:37:22.887,7.26877,7.27006,1.19,1.19
2014.10.15 07:37:23.205,7.26877,7.26977,1.19,1.00
2014.10.15 07:37:23.360,7.26877,7.26977,1.00,1.19
2014.10.15 07:37:24.370,7.26877,7.26985,1.00,1.19
2014.10.15 07:37:25.584,7.26877,7.26983,1.19,1.25
2014.10.15 07:37:26.552,7.26885,7.26991,1.19,1.00
2014.10.15 07:37:26.603,7.26885,7.27006,1.19,1.19
2014.10.15 07:37:26.907,7.26885,7.27002,1.19,1.00
2014.10.15 07:37:27.104,7.26885,7.27004,1.19,1.00
2014.10.15 07:37:27.354,7.26885,7.27002,1.19,1.00
2014.10.15 07:37:27.566,7.26877,7.26985,1.19,1.00
2014.10.15 07:37:29.153,7.26877,7.26985,1.19,1.00
2014.10.15 07:37:30.659,7.26877,7.26985,1.19,1.00
2014.10.15 07:37:30.968,7.26888,7.26993,1.19,1.00
2014.10.15 07:37:31.175,7.26888,7.27006,1.19,1.00
2014.10.15 07:37:31.728,7.26888,7.27,1.19,1.00
2014.10.15 07:37:31.779,7.26877,7.27,1.19,1.19
2014.10.15 07:37:31.981,7.26877,7.26985,1.19,1.00
2014.10.15 07:37:32.766,7.26877,7.26985,1.19,1.00
2014.10.15 07:37:33.769,7.26877,7.26985,1.19,1.25
2014.10.15 07:37:34.155,7.26877,7.26983,1.19,1.00
2014.10.15 07:37:34.650,7.26877,7.26981,1.19,1.00
2014.10.15 07:37:34.701,7.26877,7.26987,1.19,1.19
2014.10.15 07:37:34.887,7.26877,7.26987,1.19,1.00
2014.10.15 07:37:34.938,7.26877,7.26992,1.19,1.19
2014.10.15 07:37:35.258,7.26877,7.26981,1.19,1.00
2014.10.15 07:37:36.134,7.26877,7.26979,1.19,1.00
2014.10.15 07:37:36.185,7.26877,7.26979,1.00,1.19
2014.10.15 07:37:37.279,7.26877,7.26979,1.00,1.19
2014.10.15 07:37:38.786,7.26858,7.26973,1.19,1.25
2014.10.15 07:37:38.888,7.26858,7.26969,1.19,1.00
2014.10.15 07:37:38.939,7.26858,7.26969,1.00,1.19
2014.10.15 07:37:39.682,7.26858,7.26958,1.00,1.00
2014.10.15 07:37:39.784,7.26839,7.26958,1.19,1.00
2014.10.15 07:37:40.110,7.26839,7.26953,1.00,1.19
2014.10.15 07:37:41.291,7.26839,7.26949,1.00,1.49
2014.10.15 07:37:41.638,7.26839,7.26949,1.19,1.30
2014.10.15 07:37:42.744,7.26822,7.26949,1.19,1.49
2014.10.15 07:37:43.741,7.2682,7.26949,1.19,1.49
2014.10.15 07:37:44.701,7.2682,7.26949,1.19,1.49
2014.10.15 07:37:46.004,7.26826,7.26949,1.19,1.49
2014.10.15 07:37:47.255,7.26825,7.26949,1.19,1.49
2014.10.15 07:37:48.237,7.2682,7.26949,1.19,1.49
2014.10.15 07:37:49.336,7.2682,7.26941,1.19,1.19
2014.10.15 07:37:50.318,7.2682,7.26942,1.19,1.19
2014.10.15 07:37:52.333,7.2682,7.26916,1.19,1.30
2014.10.15 07:37:52.859,7.26799,7.26916,1.19,1.49
2014.10.15 07:37:54.933,7.26799,7.26916,1.25,1.49
2014.10.15 07:37:56.536,7.26799,7.26916,1.00,1.49
2014.10.15 07:37:57.739,7.26799,7.26916,1.19,1.49
2014.10.15 07:37:59.442,7.26799,7.26916,1.19,1.49
2014.10.15 07:38:00.550,7.26799,7.26916,1.19,1.49
2014.10.15 07:38:00.870,7.26791,7.26888,1.19,1.30
2014.10.15 07:38:00.921,7.26777,7.26885,1.00,1.19
2014.10.15 07:38:01.376,7.26777,7.26888,1.19,1.30
2014.10.15 07:38:02.392,7.26783,7.26888,1.19,1.30
2014.10.15 07:38:02.866,7.26777,7.26888,1.19,1.30
2014.10.15 07:38:03.875,7.26777,7.26888,1.19,1.91
2014.10.15 07:38:04.886,7.26768,7.26888,1.19,1.49
2014.10.15 07:38:06.367,7.26771,7.26888,1.19,1.30
2014.10.15 07:38:07.195,7.26771,7.26877,1.19,1.00
2014.10.15 07:38:07.415,7.26761,7.26868,1.19,1.00
2014.10.15 07:38:07.693,7.26761,7.26883,1.19,1.19
2014.10.15 07:38:09.393,7.26765,7.26888,1.19,1.49
2014.10.15 07:38:11.379,7.26774,7.26888,1.19,1.30
2014.10.15 07:38:12.583,7.26788,7.26888,1.19,1.30
2014.10.15 07:38:12.634,7.268,7.26922,1.49,1.19
2014.10.15 07:38:12.685,7.26812,7.26932,1.19,1.00
2014.10.15 07:38:12.786,7.26833,7.26931,1.19,1.30
2014.10.15 07:38:12.837,7.26833,7.2694,1.19,1.06
2014.10.15 07:38:13.785,7.26834,7.26968,1.19,1.64
2014.10.15 07:38:13.912,7.26834,7.26968,1.19,1.19
2014.10.15 07:38:15.104,7.26826,7.26942,1.19,1.00
2014.10.15 07:38:15.205,7.26808,7.26939,1.49,1.19
2014.10.15 07:38:15.584,7.26804,7.26919,1.19,1.30
2014.10.15 07:38:16.190,7.26801,7.26918,1.00,1.19
2014.10.15 07:38:17.048,7.26783,7.26918,1.19,1.69
2014.10.15 07:38:17.323,7.26783,7.26914,1.19,1.19
2014.10.15 07:38:18.147,7.26783,7.2689,1.19,1.30
2014.10.15 07:38:18.709,7.26764,7.2689,1.19,1.49
2014.10.15 07:38:21.149,7.26764,7.2689,1.69,1.49
2014.10.15 07:38:22.123,7.26764,7.2689,1.19,1.49
2014.10.15 07:38:23.711,7.26764,7.2689,1.19,1.49
2014.10.15 07:38:25.134,7.26764,7.2689,1.19,1.49
2014.10.15 07:38:26.343,7.26764,7.2689,1.19,1.49
2014.10.15 07:38:29.845,7.26764,7.2689,1.19,1.49
2014.10.15 07:38:30.859,7.26764,7.2689,1.19,1.49
2014.10.15 07:38:31.471,7.26764,7.26863,1.00,1.49
2014.10.15 07:38:31.675,7.2676,7.26863,1.00,1.49
2014.10.15 07:38:31.726,7.2676,7.26846,1.00,1.00
2014.10.15 07:38:31.777,7.26738,7.26846,1.00,1.19
2014.10.15 07:38:32.867,7.26738,7.2685,1.00,1.19
2014.10.15 07:38:33.869,7.26738,7.26849,1.00,1.19
2014.10.15 07:38:34.973,7.26738,7.2684,1.00,1.19
2014.10.15 07:38:35.394,7.26738,7.26851,1.19,1.00
2014.10.15 07:38:35.445,7.26738,7.26855,1.19,1.00
2014.10.15 07:38:35.496,7.26759,7.26855,1.19,1.00
2014.10.15 07:38:35.699,7.26759,7.26893,1.19,1.49
2014.10.15 07:38:35.750,7.26776,7.26893,1.00,1.49
2014.10.15 07:38:36.106,7.26776,7.26874,1.00,1.00
2014.10.15 07:38:36.309,7.26755,7.26863,1.25,1.16
2014.10.15 07:38:37.129,7.26763,7.26863,1.19,1.30
2014.10.15 07:38:37.181,7.26773,7.26883,1.19,1.30
2014.10.15 07:38:37.232,7.26805,7.26908,1.19,1.30
2014.10.15 07:38:37.283,7.26811,7.26915,1.19,1.00
2014.10.15 07:38:37.335,7.26811,7.26943,1.19,1.91
2014.10.15 07:38:37.794,7.26826,7.26943,1.19,1.30
2014.10.15 07:38:39.195,7.26832,7.26943,1.19,1.16
2014.10.15 07:38:40.200,7.26832,7.26943,1.19,1.49
2014.10.15 07:38:42.244,7.26832,7.26943,1.19,1.49
2014.10.15 07:38:43.224,7.26832,7.26943,1.19,1.49
2014.10.15 07:38:45.617,7.26832,7.26936,1.00,1.19
2014.10.15 07:38:45.864,7.26811,7.26936,1.19,1.19
2014.10.15 07:38:46.042,7.26816,7.26937,1.19,1.19
2014.10.15 07:38:47.074,7.26835,7.26943,1.19,1.30
2014.10.15 07:38:48.429,7.26834,7.26943,1.69,1.30
2014.10.15 07:38:49.444,7.26837,7.26943,1.19,1.30
2014.10.15 07:38:51.037,7.26835,7.26943,1.19,1.30
2014.10.15 07:38:52.197,7.26834,7.26943,1.19,1.16
2014.10.15 07:38:53.146,7.26834,7.26943,1.19,1.49
2014.10.15 07:38:53.996,7.26834,7.26935,1.00,1.19
2014.10.15 07:38:54.249,7.26814,7.26916,1.19,1.30
2014.10.15 07:38:54.401,7.26814,7.26907,1.00,1.00
2014.10.15 07:38:54.452,7.26794,7.26907,1.19,1.00
2014.10.15 07:38:54.705,7.26794,7.26901,1.19,1.00
2014.10.15 07:38:55.024,7.26794,7.26907,1.19,1.00
2014.10.15 07:38:55.250,7.26794,7.26916,1.19,1.49
2014.10.15 07:38:55.402,7.268,7.26916,1.19,1.30
2014.10.15 07:38:56.360,7.26798,7.26916,1.19,1.30
2014.10.15 07:38:58.223,7.26794,7.26907,1.00,1.19
2014.10.15 07:38:59.178,7.26794,7.26916,1.19,1.49
2014.10.15 07:39:00.475,7.26794,7.26916,1.19,1.49
2014.10.15 07:39:01.613,7.26794,7.26911,1.25,1.19
2014.10.15 07:39:02.614,7.26794,7.26913,1.19,1.19
2014.10.15 07:39:03.728,7.26794,7.26905,1.00,1.19
2014.10.15 07:39:05.891,7.26794,7.26905,1.19,1.19
2014.10.15 07:39:06.993,7.26794,7.26905,1.00,1.19
2014.10.15 07:39:07.996,7.26794,7.26902,1.19,1.19
2014.10.15 07:39:09.330,7.26794,7.26911,1.19,1.19
2014.10.15 07:39:09.635,7.26815,7.26916,1.19,1.30
2014.10.15 07:39:09.888,7.26815,7.26935,1.19,1.49
2014.10.15 07:39:10.403,7.26833,7.26939,1.00,1.19
2014.10.15 07:39:10.808,7.26833,7.26939,1.19,1.00
2014.10.15 07:39:11.913,7.26833,7.26939,1.19,1.00
2014.10.15 07:39:12.613,7.26833,7.26941,1.19,1.00
2014.10.15 07:39:12.916,7.26833,7.26941,1.19,1.00
2014.10.15 07:39:14.020,7.26833,7.26941,1.19,1.00
2014.10.15 07:39:16.025,7.26833,7.26941,1.19,1.19
2014.10.15 07:39:17.071,7.26838,7.26942,1.19,1.30
2014.10.15 07:39:17.122,7.26851,7.26947,1.19,1.00
2014.10.15 07:39:17.173,7.26858,7.26974,1.19,1.30
2014.10.15 07:39:17.884,7.26875,7.26974,1.19,1.30
2014.10.15 07:39:18.624,7.26875,7.26995,1.19,1.30
2014.10.15 07:39:18.675,7.26875,7.26997,1.19,1.25
2014.10.15 07:39:18.843,7.26872,7.26997,1.19,1.19
2014.10.15 07:39:19.845,7.26871,7.26997,1.19,1.19
2014.10.15 07:39:21.516,7.26871,7.26997,1.19,1.69
2014.10.15 07:39:22.354,7.26871,7.26993,1.19,1.19
2014.10.15 07:39:22.795,7.26871,7.26971,1.00,1.19
2014.10.15 07:39:22.947,7.26838,7.26966,1.19,1.49
2014.10.15 07:39:23.099,7.26847,7.2695,1.19,1.00
2014.10.15 07:39:23.645,7.26838,7.26955,1.19,1.00
2014.10.15 07:39:23.898,7.26822,7.26955,1.19,1.19
2014.10.15 07:39:23.949,7.26851,7.26955,1.00,1.19
2014.10.15 07:39:24.152,7.26822,7.26955,1.19,1.19
2014.10.15 07:39:25.165,7.26825,7.26955,1.19,1.19
2014.10.15 07:39:26.197,7.26816,7.26944,1.19,1.19
2014.10.15 07:39:27.178,7.26803,7.26937,1.19,1.69
2014.10.15 07:39:28.980,7.26799,7.26933,1.19,1.19
2014.10.15 07:39:30.183,7.26798,7.26931,1.49,1.19
2014.10.15 07:39:33.414,7.26798,7.26932,1.91,1.19
2014.10.15 07:39:34.417,7.2681,7.26936,1.19,1.19
2014.10.15 07:39:35.603,7.268,7.26934,1.19,1.19
2014.10.15 07:39:36.732,7.26812,7.26945,1.19,1.19
2014.10.15 07:39:37.911,7.26805,7.26939,1.19,1.19
2014.10.15 07:39:38.914,7.26802,7.26936,1.19,1.19
2014.10.15 07:39:39.521,7.26798,7.26916,1.30,1.19
2014.10.15 07:39:39.876,7.26768,7.26896,1.19,1.19
2014.10.15 07:39:40.645,7.26782,7.26892,1.19,1.00
2014.10.15 07:39:40.696,7.26782,7.26904,1.19,1.19
2014.10.15 07:39:41.770,7.26802,7.26934,1.19,1.19
2014.10.15 07:39:42.879,7.26803,7.26934,1.19,1.19
2014.10.15 07:39:43.195,7.26803,7.26906,1.19,1.00
2014.10.15 07:39:43.475,7.26769,7.26892,1.91,1.00
2014.10.15 07:39:43.585,7.26769,7.26897,1.91,1.19
2014.10.15 07:39:44.392,7.26783,7.26917,1.19,1.19
2014.10.15 07:39:45.610,7.26796,7.26928,1.49,1.19
2014.10.15 07:39:46.624,7.26796,7.2691,1.30,1.00
2014.10.15 07:39:46.726,7.26776,7.2691,1.49,1.00
2014.10.15 07:39:47.933,7.26772,7.269,1.19,1.19
2014.10.15 07:39:48.427,7.26754,7.2688,1.19,1.19
2014.10.15 07:39:49.474,7.26757,7.26891,1.19,1.19
2014.10.15 07:39:50.472,7.26754,7.26886,1.19,1.19
2014.10.15 07:39:53.039,7.26754,7.26879,1.19,1.19
2014.10.15 07:39:54.544,7.26754,7.26879,1.19,1.19
2014.10.15 07:39:55.647,7.26754,7.26873,1.25,1.19
2014.10.15 07:39:56.386,7.2676,7.26882,1.19,1.00
2014.10.15 07:39:56.900,7.26767,7.26898,1.49,1.19
2014.10.15 07:39:57.352,7.26767,7.269,1.49,1.69
2014.10.15 07:39:58.355,7.26768,7.26898,1.19,1.19
2014.10.15 07:39:59.357,7.26767,7.26898,1.49,1.19
2014.10.15 07:40:00.561,7.26767,7.26898,1.91,1.19
2014.10.15 07:40:02.869,7.26776,7.26898,1.19,1.19
2014.10.15 07:40:04.017,7.26772,7.26898,1.19,1.19
2014.10.15 07:40:05.023,7.26772,7.26897,1.19,1.19
2014.10.15 07:40:06.280,7.26773,7.26898,1.19,1.19
2014.10.15 07:40:08.385,7.26781,7.26902,1.19,1.19
2014.10.15 07:40:09.421,7.26796,7.26919,1.19,1.19
2014.10.15 07:40:10.396,7.26801,7.26931,1.19,1.19
2014.10.15 07:40:11.399,7.26794,7.26928,1.19,1.19
2014.10.15 07:40:12.703,7.26788,7.26922,1.19,1.19
2014.10.15 07:40:13.734,7.26787,7.26921,1.19,1.19
2014.10.15 07:40:14.909,7.26785,7.26919,1.19,1.19
2014.10.15 07:40:15.242,7.26773,7.26899,1.19,1.19
2014.10.15 07:40:16.327,7.26767,7.26889,1.49,1.19
2014.10.15 07:40:17.362,7.26754,7.26888,1.91,1.19
2014.10.15 07:40:17.726,7.26773,7.26891,1.19,1.00
2014.10.15 07:40:17.777,7.26773,7.26896,1.19,1.19
2014.10.15 07:40:18.825,7.26789,7.26923,1.19,1.19
2014.10.15 07:40:20.731,7.26787,7.26921,1.19,1.19
2014.10.15 07:40:21.734,7.26786,7.2692,1.19,1.19
2014.10.15 07:40:22.775,7.26797,7.26925,1.19,1.19
2014.10.15 07:40:24.241,7.26796,7.26925,1.19,1.19
2014.10.15 07:40:25.745,7.26791,7.26925,1.19,1.69
2014.10.15 07:40:26.166,7.26782,7.26904,1.49,1.19
2014.10.15 07:40:27.152,7.26772,7.26896,1.19,1.19
2014.10.15 07:40:28.356,7.26757,7.26891,1.19,1.69
2014.10.15 07:40:29.415,7.26764,7.26892,1.19,1.19
2014.10.15 07:40:30.462,7.26773,7.26898,1.19,1.19
2014.10.15 07:40:31.566,7.2677,7.26898,1.19,1.19
2014.10.15 07:40:33.683,7.26769,7.26891,1.19,1.19
2014.10.15 07:40:34.771,7.26765,7.26891,1.19,1.19
2014.10.15 07:40:36.175,7.26759,7.26891,1.19,1.19
2014.10.15 07:40:37.277,7.26758,7.26891,1.19,1.19
2014.10.15 07:40:38.681,7.26763,7.26891,1.19,1.19
2014.10.15 07:40:39.703,7.26764,7.26891,1.19,1.19
2014.10.15 07:40:40.331,7.26783,7.26902,1.19,1.00
2014.10.15 07:40:40.916,7.26783,7.26918,1.91,1.19
2014.10.15 07:40:41.398,7.26802,7.26925,1.19,1.19
2014.10.15 07:40:42.203,7.26796,7.26917,1.19,1.19
2014.10.15 07:40:43.199,7.26783,7.26904,1.49,1.19
2014.10.15 07:40:43.934,7.26769,7.26883,1.00,1.19
2014.10.15 07:40:43.985,7.26752,7.26883,1.49,1.19
2014.10.15 07:40:45.038,7.26752,7.26874,1.49,1.19
2014.10.15 07:40:46.560,7.26752,7.26872,1.49,1.19
2014.10.15 07:40:49.228,7.26752,7.26872,1.49,1.19
2014.10.15 07:40:49.503,7.26723,7.26853,2.09,1.19
2014.10.15 07:40:49.555,7.26723,7.26831,1.90,1.19
2014.10.15 07:40:49.657,7.26706,7.26828,1.19,1.19
2014.10.15 07:40:50.728,7.26691,7.26825,1.19,1.19
2014.10.15 07:40:51.754,7.26692,7.26826,1.19,1.19
2014.10.15 07:40:52.731,7.26693,7.26825,1.19,1.19
2014.10.15 07:40:53.864,7.26692,7.26826,1.19,1.19
2014.10.15 07:40:54.875,7.26696,7.26827,1.19,1.19
2014.10.15 07:40:56.092,7.26705,7.26838,1.19,1.19
2014.10.15 07:40:56.692,7.26705,7.26821,1.19,1.00
2014.10.15 07:40:56.794,7.26688,7.26817,1.49,1.19
2014.10.15 07:40:56.895,7.26665,7.26795,1.19,1.19
2014.10.15 07:40:57.047,7.26659,7.26781,1.19,1.00
2014.10.15 07:40:57.354,7.26659,7.26788,1.19,1.19
2014.10.15 07:40:57.956,7.26656,7.26784,1.49,1.19
2014.10.15 07:41:00.815,7.26643,7.26773,1.19,1.19
2014.10.15 07:41:02.971,7.26643,7.26774,1.19,1.19
2014.10.15 07:41:03.835,7.26658,7.26774,1.30,1.19
2014.10.15 07:41:04.074,7.26658,7.26782,1.49,1.19
2014.10.15 07:41:05.398,7.26658,7.26776,1.49,1.19
2014.10.15 07:41:06.520,7.26658,7.26771,1.16,1.19
2014.10.15 07:41:07.488,7.26658,7.26769,1.30,1.19
2014.10.15 07:41:08.591,7.26658,7.26769,1.16,1.19
2014.10.15 07:41:09.996,7.26658,7.26766,1.49,1.19
2014.10.15 07:41:10.376,7.26685,7.26766,1.30,1.19
2014.10.15 07:41:10.427,7.26685,7.26766,1.30,1.00
2014.10.15 07:41:10.479,7.26685,7.26773,1.30,1.00
2014.10.15 07:41:10.580,7.26685,7.26799,1.30,1.19
2014.10.15 07:41:10.632,7.26685,7.26819,1.91,1.19
2014.10.15 07:41:10.915,7.26713,7.26825,1.30,1.19
2014.10.15 07:41:11.740,7.26713,7.26825,1.49,1.19
2014.10.15 07:41:13.007,7.26713,7.26825,1.49,1.19
2014.10.15 07:41:14.009,7.26713,7.26825,1.30,1.19
2014.10.15 07:41:14.898,7.26695,7.26819,1.19,1.19
2014.10.15 07:41:15.722,7.26692,7.26819,1.19,1.19
2014.10.15 07:41:16.728,7.26695,7.26819,1.19,1.19
2014.10.15 07:41:17.719,7.26691,7.26819,1.19,1.19
2014.10.15 07:41:18.834,7.26696,7.26817,1.19,1.19
2014.10.15 07:41:19.137,7.26696,7.26813,1.19,1.00
2014.10.15 07:41:21.271,7.26694,7.26813,1.19,1.19
2014.10.15 07:41:21.920,7.26694,7.26809,1.19,1.00
2014.10.15 07:41:22.272,7.26696,7.26809,1.19,1.00
2014.10.15 07:41:23.435,7.26694,7.26809,1.69,1.00
2014.10.15 07:41:25.639,7.26696,7.26809,1.19,1.00
2014.10.15 07:41:27.893,7.26694,7.26809,1.69,1.00
2014.10.15 07:41:28.590,7.26694,7.26818,1.69,1.19
2014.10.15 07:41:29.081,7.26694,7.26818,1.19,1.19
2014.10.15 07:41:30.089,7.26694,7.26818,1.19,1.19
2014.10.15 07:41:31.052,7.26694,7.26818,1.19,1.19
2014.10.15 07:41:31.542,7.26722,7.26822,1.30,1.19
2014.10.15 07:41:31.593,7.26722,7.26841,1.16,1.19
2014.10.15 07:41:32.199,7.26729,7.26852,1.19,1.19
2014.10.15 07:41:32.351,7.2675,7.26857,1.30,1.19
2014.10.15 07:41:33.190,7.2675,7.26857,1.49,1.00
2014.10.15 07:41:33.241,7.2675,7.26861,1.49,1.19
2014.10.15 07:41:33.893,7.2675,7.2685,1.30,1.19
2014.10.15 07:41:33.994,7.26721,7.2685,1.19,1.19
2014.10.15 07:41:34.247,7.26717,7.26827,1.19,1.00
2014.10.15 07:41:34.298,7.26713,7.26827,1.30,1.19
2014.10.15 07:41:34.450,7.26713,7.26815,1.30,1.00
2014.10.15 07:41:34.753,7.26697,7.26812,1.19,1.00
2014.10.15 07:41:35.071,7.26697,7.26808,1.19,1.00
2014.10.15 07:41:35.287,7.26683,7.26808,1.49,1.19
2014.10.15 07:41:36.512,7.26689,7.26797,1.19,1.00
2014.10.15 07:41:36.843,7.26689,7.2679,1.19,1.00
2014.10.15 07:41:37.675,7.26676,7.2679,1.19,1.00
2014.10.15 07:41:38.777,7.26673,7.2679,1.19,1.00
2014.10.15 07:41:39.810,7.26673,7.26789,1.19,1.00
2014.10.15 07:41:40.304,7.26673,7.26783,1.19,1.00
2014.10.15 07:41:41.183,7.26669,7.26783,1.19,1.00
2014.10.15 07:41:42.493,7.26669,7.26789,1.19,1.19
2014.10.15 07:41:43.730,7.26682,7.26796,1.19,1.00
2014.10.15 07:41:43.913,7.26682,7.26808,1.19,1.19
2014.10.15 07:41:46.441,7.26679,7.26808,1.19,1.19
2014.10.15 07:41:46.895,7.26679,7.26796,1.19,1.00
2014.10.15 07:41:47.071,7.26679,7.26801,1.19,1.19
2014.10.15 07:41:47.498,7.26681,7.26801,1.19,1.19
2014.10.15 07:41:48.501,7.26678,7.26801,1.19,1.19
2014.10.15 07:41:49.030,7.26678,7.26796,1.19,1.00
2014.10.15 07:41:49.518,7.26678,7.26791,1.19,1.00
2014.10.15 07:41:49.806,7.26667,7.26791,1.19,1.19
2014.10.15 07:41:51.610,7.26663,7.26788,1.19,1.19
2014.10.15 07:41:52.020,7.26663,7.26771,1.19,1.00
2014.10.15 07:41:52.223,7.26636,7.2677,1.19,1.19
2014.10.15 07:41:52.324,7.26627,7.26759,1.91,1.19
2014.10.15 07:41:53.334,7.26631,7.26757,1.19,1.19
2014.10.15 07:41:53.435,7.26608,7.26733,1.19,1.19
2014.10.15 07:41:53.688,7.26608,7.26722,1.19,1.00
2014.10.15 07:41:53.991,7.26608,7.26718,1.19,1.00
2014.10.15 07:41:54.315,7.26608,7.26716,1.19,1.00
2014.10.15 07:41:54.467,7.26599,7.26711,1.19,1.00
2014.10.15 07:41:54.882,7.26599,7.26708,1.19,1.00
2014.10.15 07:41:55.572,7.26593,7.26708,1.19,1.00
2014.10.15 07:41:55.673,7.26593,7.2672,2.44,1.49
2014.10.15 07:41:55.775,7.26613,7.2672,1.19,1.30
2014.10.15 07:41:55.926,7.26613,7.26747,1.19,1.19
2014.10.15 07:41:57.029,7.26608,7.26737,1.19,1.19
2014.10.15 07:41:58.032,7.26606,7.26737,1.19,1.19
2014.10.15 07:41:58.446,7.26628,7.26747,1.19,1.00
2014.10.15 07:41:58.649,7.26628,7.26757,1.19,1.49
2014.10.15 07:41:59.736,7.26633,7.26757,1.19,1.49
2014.10.15 07:42:01.759,7.26653,7.26757,1.19,1.30
2014.10.15 07:42:01.810,7.26653,7.26768,1.19,1.00
2014.10.15 07:42:04.750,7.26653,7.26768,1.19,1.00
2014.10.15 07:42:05.251,7.26653,7.26763,1.19,1.00
2014.10.15 07:42:05.862,7.26639,7.26763,1.19,1.19
2014.10.15 07:42:06.863,7.26638,7.26763,1.19,1.19
2014.10.15 07:42:07.862,7.26642,7.26763,1.19,1.19
2014.10.15 07:42:08.974,7.2664,7.26763,1.19,1.19
2014.10.15 07:42:10.200,7.26642,7.26763,1.19,1.19
2014.10.15 07:42:11.371,7.26638,7.26763,1.19,1.19
2014.10.15 07:42:13.076,7.26637,7.26763,1.19,1.19
2014.10.15 07:42:14.079,7.26641,7.26763,1.19,1.19
2014.10.15 07:42:15.081,7.26644,7.26763,1.19,1.19
2014.10.15 07:42:15.670,7.26644,7.26757,1.19,1.00
2014.10.15 07:42:16.183,7.26644,7.26757,1.19,1.00
2014.10.15 07:42:17.254,7.26644,7.26769,1.19,1.19
2014.10.15 07:42:17.305,7.26657,7.26769,1.19,1.00
2014.10.15 07:42:17.582,7.26657,7.26778,1.19,1.19
2014.10.15 07:42:17.633,7.26678,7.26778,1.19,1.00
2014.10.15 07:42:17.785,7.26678,7.26807,1.19,1.19
2014.10.15 07:42:17.937,7.26698,7.26807,1.19,1.00
2014.10.15 07:42:19.396,7.26699,7.26807,1.19,1.00
2014.10.15 07:42:20.599,7.26696,7.26807,1.19,1.00
2014.10.15 07:42:21.059,7.26696,7.2683,1.19,2.66
2014.10.15 07:42:21.536,7.26715,7.26821,1.19,1.00
2014.10.15 07:42:21.738,7.26715,7.26829,1.19,1.00
2014.10.15 07:42:22.269,7.26715,7.2683,1.19,1.00
2014.10.15 07:42:24.610,7.26716,7.2683,1.19,1.00
2014.10.15 07:42:24.910,7.26716,7.26838,1.19,1.19
2014.10.15 07:42:25.680,7.26716,7.26815,1.19,1.00
2014.10.15 07:42:25.933,7.26711,7.26815,1.30,1.19
2014.10.15 07:42:25.984,7.26702,7.26815,1.19,1.19
2014.10.15 07:42:26.035,7.26702,7.2681,1.19,1.00
2014.10.15 07:42:26.439,7.26714,7.26809,1.19,1.00
2014.10.15 07:42:26.490,7.26714,7.26821,1.19,1.00
2014.10.15 07:42:26.744,7.26714,7.26831,1.19,1.00
2014.10.15 07:42:26.909,7.26714,7.26826,1.19,1.00
2014.10.15 07:42:27.241,7.26714,7.26819,1.19,1.00
2014.10.15 07:42:27.418,7.26704,7.26819,1.19,1.00
2014.10.15 07:42:27.469,7.26704,7.26817,1.19,1.00
2014.10.15 07:42:28.350,7.26704,7.26814,1.19,1.00
2014.10.15 07:42:28.723,7.26687,7.26814,1.19,1.19
2014.10.15 07:42:29.623,7.26687,7.26787,1.19,1.30
2014.10.15 07:42:29.674,7.26666,7.26787,1.19,1.49
2014.10.15 07:42:29.776,7.26662,7.26777,1.69,1.00
2014.10.15 07:42:30.254,7.26646,7.2676,1.19,1.00
2014.10.15 07:42:31.235,7.26631,7.2676,1.19,1.19
2014.10.15 07:42:32.439,7.26632,7.26751,1.19,1.25
2014.10.15 07:42:33.562,7.2664,7.26751,1.19,1.00
2014.10.15 07:42:33.663,7.2664,7.26756,1.19,1.30
2014.10.15 07:42:33.714,7.2664,7.26765,1.19,1.19
2014.10.15 07:42:33.967,7.26662,7.26771,1.19,1.00
2014.10.15 07:42:34.220,7.26676,7.2681,1.19,1.19
2014.10.15 07:42:34.271,7.26698,7.26813,1.19,1.30
2014.10.15 07:42:34.322,7.26698,7.2682,1.19,1.00
2014.10.15 07:42:34.373,7.26716,7.2682,1.19,1.00
2014.10.15 07:42:34.424,7.26716,7.26841,1.19,1.19
2014.10.15 07:42:35.256,7.26736,7.26843,1.19,1.30
2014.10.15 07:42:36.457,7.26737,7.26843,1.19,1.30
2014.10.15 07:42:36.837,7.26754,7.26864,1.19,1.30
2014.10.15 07:42:36.889,7.26754,7.26873,1.19,1.16
2014.10.15 07:42:36.990,7.26774,7.26873,1.19,1.30
2014.10.15 07:42:37.243,7.26774,7.26893,1.19,1.16
2014.10.15 07:42:37.598,7.26774,7.2689,1.19,1.00
2014.10.15 07:42:37.812,7.26754,7.26889,1.19,1.19
2014.10.15 07:42:38.712,7.26775,7.26896,1.19,1.19
2014.10.15 07:42:39.785,7.26774,7.26896,1.19,1.19
2014.10.15 07:42:40.810,7.26772,7.26902,1.19,1.49
2014.10.15 07:42:41.811,7.26762,7.26896,1.19,1.19
2014.10.15 07:42:44.388,7.26757,7.26891,1.19,1.19
2014.10.15 07:42:44.593,7.26777,7.26902,1.19,1.49
2014.10.15 07:42:46.395,7.26778,7.26902,1.19,1.49
2014.10.15 07:42:47.140,7.2681,7.26928,1.19,1.00
2014.10.15 07:42:47.241,7.2681,7.26935,1.19,1.49
2014.10.15 07:42:48.117,7.26805,7.26935,1.19,1.49
2014.10.15 07:42:49.104,7.26808,7.26935,1.19,1.49
2014.10.15 07:42:51.009,7.26805,7.26935,1.19,1.49
2014.10.15 07:42:51.312,7.26779,7.26913,1.19,1.19
2014.10.15 07:42:52.543,7.26779,7.26907,1.19,1.49
2014.10.15 07:42:53.554,7.26763,7.26897,1.19,1.19
2014.10.15 07:42:55.641,7.26765,7.26899,1.19,1.19
2014.10.15 07:42:56.644,7.26763,7.26897,1.19,1.19
2014.10.15 07:42:57.691,7.26753,7.26876,1.19,1.49
2014.10.15 07:42:58.700,7.26724,7.2686,1.19,1.19
2014.10.15 07:42:58.903,7.26724,7.2684,1.19,1.30
2014.10.15 07:42:58.953,7.26699,7.26837,1.19,1.19
2014.10.15 07:43:00.467,7.26698,7.2684,1.19,1.30
2014.10.15 07:43:01.600,7.26714,7.2684,1.19,1.49
2014.10.15 07:43:02.609,7.26694,7.26828,1.19,1.19
2014.10.15 07:43:03.771,7.26698,7.26832,1.19,1.19
2014.10.15 07:43:04.121,7.26698,7.2681,1.19,1.30
2014.10.15 07:43:04.975,7.2669,7.2681,1.19,1.49
2014.10.15 07:43:05.513,7.2671,7.2681,1.19,1.30
2014.10.15 07:43:05.615,7.2671,7.2683,1.19,1.19
2014.10.15 07:43:05.780,7.2673,7.2683,1.19,1.00
2014.10.15 07:43:05.932,7.2673,7.26842,1.19,1.30
2014.10.15 07:43:06.084,7.26718,7.26842,1.19,1.49
2014.10.15 07:43:07.215,7.26717,7.26842,1.19,1.49
2014.10.15 07:43:08.708,7.26712,7.26842,1.19,1.49
2014.10.15 07:43:09.691,7.26708,7.26833,1.19,1.19
2014.10.15 07:43:09.899,7.26693,7.26827,1.19,1.19
2014.10.15 07:43:10.895,7.26687,7.26814,1.19,1.49
2014.10.15 07:43:11.999,7.26678,7.26812,1.19,1.19
2014.10.15 07:43:13.887,7.26695,7.26812,1.75,1.19
2014.10.15 07:43:13.938,7.26729,7.26833,1.30,1.69
2014.10.15 07:43:14.039,7.2672,7.26832,1.19,1.30
2014.10.15 07:43:14.142,7.26737,7.26856,1.30,1.19
2014.10.15 07:43:14.244,7.2674,7.26876,1.19,1.19
2014.10.15 07:43:14.346,7.26755,7.26877,1.19,1.19
2014.10.15 07:43:15.311,7.26746,7.26877,1.19,1.69
2014.10.15 07:43:16.444,7.26749,7.26882,1.19,1.19
2014.10.15 07:43:17.625,7.26754,7.26882,1.19,1.19
2014.10.15 07:43:18.757,7.26777,7.26895,1.19,1.00
2014.10.15 07:43:18.963,7.26755,7.26875,1.19,1.00
2014.10.15 07:43:19.268,7.26755,7.2687,1.19,1.00
2014.10.15 07:43:19.571,7.26755,7.26865,1.19,1.00
2014.10.15 07:43:19.960,7.26755,7.26868,1.19,1.00
2014.10.15 07:43:20.062,7.26748,7.26868,1.19,1.19
2014.10.15 07:43:21.032,7.26757,7.26872,1.19,1.19
2014.10.15 07:43:21.933,7.26766,7.26877,1.19,1.30
2014.10.15 07:43:22.086,7.26766,7.26895,1.19,1.19
2014.10.15 07:43:22.761,7.26766,7.26874,1.19,1.30
2014.10.15 07:43:22.962,7.26756,7.26874,1.19,1.30
2014.10.15 07:43:24.193,7.26752,7.26874,1.19,1.49
2014.10.15 07:43:25.080,7.26742,7.26874,1.19,1.49
2014.10.15 07:43:26.547,7.26748,7.26874,1.19,1.49
2014.10.15 07:43:29.354,7.26751,7.26874,1.19,1.49
2014.10.15 07:43:30.656,7.26741,7.26874,1.19,1.49
2014.10.15 07:43:31.659,7.26729,7.26863,1.19,1.19
2014.10.15 07:43:33.000,7.26734,7.26868,1.19,1.19
2014.10.15 07:43:34.271,7.26729,7.26863,1.19,1.19
2014.10.15 07:43:35.294,7.26733,7.26864,1.19,1.19
2014.10.15 07:43:36.378,7.26727,7.26861,1.69,1.19
2014.10.15 07:43:37.482,7.26736,7.26864,1.19,1.19
2014.10.15 07:43:38.499,7.26727,7.2686,1.19,1.19
2014.10.15 07:43:39.595,7.26728,7.26862,1.19,1.19
2014.10.15 07:43:41.895,7.26727,7.26861,1.69,1.19
2014.10.15 07:43:42.352,7.26727,7.2683,1.69,1.30
2014.10.15 07:43:42.898,7.26727,7.2683,1.19,1.30
2014.10.15 07:43:44.031,7.26727,7.2683,1.19,1.30
2014.10.15 07:43:45.042,7.26735,7.26859,1.19,1.19
2014.10.15 07:43:46.008,7.26736,7.26861,1.19,1.19
2014.10.15 07:43:47.211,7.26737,7.26864,1.19,1.19
2014.10.15 07:43:47.615,7.26757,7.26867,1.19,1.30
2014.10.15 07:43:47.767,7.26757,7.26887,1.19,1.19
2014.10.15 07:43:48.616,7.26763,7.26887,1.19,1.19
2014.10.15 07:43:49.867,7.26779,7.26913,1.19,1.69
2014.10.15 07:43:50.922,7.26778,7.26912,1.19,1.19
2014.10.15 07:43:52.326,7.26781,7.26913,1.19,1.69
2014.10.15 07:43:52.959,7.26802,7.26915,1.19,1.00
2014.10.15 07:43:53.161,7.26802,7.26932,1.19,1.49
2014.10.15 07:43:53.974,7.26818,7.26938,1.19,1.25
2014.10.15 07:43:55.078,7.26831,7.26954,1.19,1.19
2014.10.15 07:43:55.242,7.26821,7.26945,1.49,1.19
2014.10.15 07:43:55.547,7.26791,7.26925,1.49,1.19
2014.10.15 07:43:56.449,7.2681,7.26933,1.19,1.19
2014.10.15 07:43:56.924,7.26831,7.26965,1.19,1.19
2014.10.15 07:43:57.603,7.26831,7.26955,1.19,1.00
2014.10.15 07:43:57.704,7.26825,7.26955,1.91,1.19
2014.10.15 07:43:58.007,7.26804,7.26938,1.19,1.19
2014.10.15 07:43:58.665,7.26829,7.26964,1.19,1.19
2014.10.15 07:43:59.701,7.26821,7.26953,1.19,1.19
2014.10.15 07:44:00.667,7.26823,7.26954,1.19,1.19
2014.10.15 07:44:01.170,7.26844,7.2697,1.19,1.19
2014.10.15 07:44:02.179,7.26839,7.26972,1.19,1.19
2014.10.15 07:44:03.179,7.26841,7.26969,1.19,1.19
2014.10.15 07:44:05.182,7.26836,7.26969,1.19,1.19
2014.10.15 07:44:06.232,7.2684,7.26969,1.19,1.19
2014.10.15 07:44:07.841,7.26841,7.2696,1.19,1.19
2014.10.15 07:44:08.161,7.26841,7.26948,1.19,1.00
2014.10.15 07:44:08.583,7.26841,7.26946,1.19,1.00
2014.10.15 07:44:08.836,7.26822,7.26946,1.19,1.19
2014.10.15 07:44:09.839,7.26821,7.2694,1.19,1.19
2014.10.15 07:44:10.345,7.26821,7.26935,1.19,1.00
2014.10.15 07:44:10.446,7.268,7.26935,1.19,1.69
2014.10.15 07:44:10.548,7.268,7.26912,1.19,1.00
2014.10.15 07:44:11.055,7.268,7.26911,1.19,1.00
2014.10.15 07:44:11.321,7.26774,7.26906,1.19,1.19
2014.10.15 07:44:12.509,7.26771,7.26905,1.19,1.19
2014.10.15 07:44:13.849,7.2677,7.26896,1.49,1.19
2014.10.15 07:44:16.358,7.2677,7.26898,1.49,1.19
2014.10.15 07:44:17.358,7.26771,7.26891,1.19,1.19
2014.10.15 07:44:18.519,7.26775,7.26894,1.19,1.19
2014.10.15 07:44:19.632,7.2677,7.26894,1.49,1.19
2014.10.15 07:44:21.105,7.2677,7.26894,1.91,1.19
2014.10.15 07:44:22.110,7.2677,7.26894,1.49,1.19
2014.10.15 07:44:22.983,7.26744,7.26869,1.19,1.19
2014.10.15 07:44:23.134,7.26754,7.26869,1.19,1.00
2014.10.15 07:44:23.236,7.26754,7.26888,1.19,1.19
2014.10.15 07:44:23.640,7.26774,7.26895,1.19,1.49
2014.10.15 07:44:24.922,7.26782,7.26911,1.19,1.19
2014.10.15 07:44:25.927,7.26783,7.26909,1.19,1.19
2014.10.15 07:44:26.029,7.26769,7.26903,1.19,1.19
2014.10.15 07:44:26.081,7.26769,7.26882,1.19,1.00
2014.10.15 07:44:26.232,7.26748,7.26882,1.19,1.19
2014.10.15 07:44:27.443,7.26756,7.2689,1.19,1.19
2014.10.15 07:44:28.460,7.26752,7.26886,1.19,1.19
2014.10.15 07:44:29.390,7.26728,7.26865,1.19,1.19
2014.10.15 07:44:30.375,7.26733,7.26865,1.19,1.19
2014.10.15 07:44:31.488,7.26752,7.26882,1.19,1.19
2014.10.15 07:44:32.852,7.26755,7.26889,1.19,1.19
2014.10.15 07:44:34.161,7.26759,7.26891,1.19,1.69
2014.10.15 07:44:35.159,7.26769,7.269,1.19,1.19
2014.10.15 07:44:35.888,7.26788,7.26911,1.19,1.19
2014.10.15 07:44:36.575,7.2681,7.26928,1.19,1.00
2014.10.15 07:44:37.083,7.2681,7.26937,1.19,1.19
2014.10.15 07:44:37.598,7.26801,7.26935,1.19,1.19
2014.10.15 07:44:38.053,7.26801,7.26917,1.19,1.00
2014.10.15 07:44:38.388,7.26801,7.26919,1.19,1.25
2014.10.15 07:44:38.920,7.26789,7.26919,1.19,1.19
2014.10.15 07:44:40.011,7.2679,7.26919,1.19,1.19
2014.10.15 07:44:40.986,7.26795,7.26919,1.19,1.19
2014.10.15 07:44:41.989,7.26796,7.26919,1.19,1.19
2014.10.15 07:44:42.993,7.26794,7.26919,1.19,1.19
2014.10.15 07:44:44.308,7.26788,7.26919,1.19,1.19
2014.10.15 07:44:47.057,7.26782,7.26913,1.19,1.19
2014.10.15 07:44:47.471,7.26779,7.26896,1.19,1.00
2014.10.15 07:44:47.779,7.26779,7.26891,1.19,1.00
2014.10.15 07:44:48.048,7.26779,7.26893,1.19,1.00
2014.10.15 07:44:48.150,7.26765,7.26893,1.69,1.19
2014.10.15 07:44:49.241,7.26762,7.26884,1.19,1.19
2014.10.15 07:44:52.740,7.26758,7.26884,1.19,1.19
2014.10.15 07:44:53.273,7.26746,7.26872,1.19,1.19
2014.10.15 07:44:54.431,7.2675,7.26868,1.19,1.16
2014.10.15 07:44:55.050,7.2677,7.26884,1.19,1.00
2014.10.15 07:44:55.203,7.2677,7.26898,1.19,1.19
2014.10.15 07:44:56.173,7.26768,7.26896,1.19,1.19
2014.10.15 07:44:56.534,7.26768,7.26877,1.19,1.00
2014.10.15 07:44:57.007,7.26768,7.26871,1.19,1.00
2014.10.15 07:44:57.059,7.26768,7.26876,1.19,1.00
2014.10.15 07:44:57.211,7.26768,7.26874,1.19,1.00
2014.10.15 07:44:57.468,7.26766,7.26874,1.19,1.00
2014.10.15 07:44:57.519,7.26766,7.26883,1.19,1.00
2014.10.15 07:44:57.755,7.26766,7.26881,1.19,1.00
2014.10.15 07:44:58.309,7.26766,7.2688,1.19,1.00
2014.10.15 07:44:58.471,7.2675,7.2688,1.19,1.19
2014.10.15 07:44:58.522,7.2675,7.26857,1.19,1.00
2014.10.15 07:44:58.775,7.26729,7.26845,1.19,1.00
2014.10.15 07:44:59.272,7.26729,7.26839,1.19,1.00
2014.10.15 07:44:59.578,7.26709,7.2683,1.19,1.00
2014.10.15 07:44:59.731,7.26706,7.26826,1.19,1.00
2014.10.15 07:45:00.256,7.26706,7.26829,1.19,1.00
2014.10.15 07:45:00.657,7.26706,7.26829,1.19,1.19
2014.10.15 07:45:01.005,7.2669,7.26824,1.69,1.19
2014.10.15 07:45:01.895,7.26687,7.26819,1.19,1.19
2014.10.15 07:45:02.450,7.26687,7.26802,1.19,1.30
2014.10.15 07:45:02.980,7.26687,7.26802,1.19,1.30
2014.10.15 07:45:03.972,7.26689,7.26802,1.19,1.30
2014.10.15 07:45:05.275,7.26684,7.26802,1.19,1.30
2014.10.15 07:45:06.579,7.26678,7.26802,1.19,1.49
2014.10.15 07:45:07.281,7.26667,7.26801,1.19,1.69
2014.10.15 07:45:08.425,7.26657,7.26775,1.19,1.30
2014.10.15 07:45:09.316,7.26639,7.26771,1.19,1.19
2014.10.15 07:45:09.737,7.26623,7.26753,1.19,1.19
2014.10.15 07:45:11.520,7.26601,7.26731,1.19,1.19
2014.10.15 07:45:11.622,7.26601,7.26718,1.25,1.19
2014.10.15 07:45:12.601,7.26579,7.26705,1.49,1.19
2014.10.15 07:45:13.709,7.26577,7.26693,1.19,1.19
2014.10.15 07:45:14.810,7.26563,7.26694,1.19,1.19
2014.10.15 07:45:16.421,7.26563,7.2669,1.19,1.19
2014.10.15 07:45:17.525,7.26563,7.26688,1.19,1.19
2014.10.15 07:45:18.830,7.26563,7.26691,1.19,1.19
2014.10.15 07:45:19.838,7.26563,7.26695,1.19,1.19
2014.10.15 07:45:20.965,7.2657,7.26701,1.19,1.19
2014.10.15 07:45:21.342,7.26576,7.26711,1.19,1.19
2014.10.15 07:45:22.100,7.26603,7.26711,1.00,1.19
2014.10.15 07:45:22.354,7.26603,7.26731,1.19,1.69
2014.10.15 07:45:22.871,7.26623,7.26731,1.00,1.19
2014.10.15 07:45:23.174,7.26613,7.26731,1.19,1.19
2014.10.15 07:45:23.450,7.26613,7.26743,1.19,1.19
2014.10.15 07:45:24.997,7.26613,7.2673,1.19,1.19
2014.10.15 07:45:25.098,7.26613,7.26715,1.00,1.19
2014.10.15 07:45:25.149,7.26607,7.26715,1.30,1.19
2014.10.15 07:45:25.201,7.26585,7.26695,1.00,1.19
2014.10.15 07:45:25.252,7.2658,7.26695,1.30,1.19
2014.10.15 07:45:25.302,7.2658,7.2667,1.30,1.19
2014.10.15 07:45:25.404,7.26563,7.2667,1.00,1.19
2014.10.15 07:45:26.380,7.26563,7.26667,1.00,1.19
2014.10.15 07:45:27.406,7.26545,7.26661,1.19,1.19
2014.10.15 07:45:28.118,7.26549,7.26661,1.00,1.19
2014.10.15 07:45:28.370,7.26574,7.26716,1.94,1.19
2014.10.15 07:45:29.370,7.26581,7.26715,1.94,1.19
2014.10.15 07:45:30.369,7.2661,7.26715,1.30,1.19
2014.10.15 07:45:30.420,7.2661,7.26739,1.49,1.19
2014.10.15 07:45:30.622,7.26621,7.26752,1.19,1.19
2014.10.15 07:45:31.578,7.26619,7.26752,1.19,1.19
2014.10.15 07:45:32.418,7.2661,7.26739,1.49,1.19
2014.10.15 07:45:32.950,7.26603,7.26727,1.19,1.00
2014.10.15 07:45:33.689,7.26603,7.26731,1.19,1.19
2014.10.15 07:45:34.118,7.26616,7.26731,1.19,1.00
2014.10.15 07:45:35.086,7.26614,7.26731,1.19,1.00
2014.10.15 07:45:35.566,7.26614,7.26748,1.19,1.19
2014.10.15 07:45:36.089,7.26621,7.26738,1.19,1.00
2014.10.15 07:45:38.628,7.26633,7.26738,1.19,1.00
2014.10.15 07:45:39.078,7.26633,7.26765,1.19,1.19
2014.10.15 07:45:39.281,7.26653,7.26765,1.19,1.00
2014.10.15 07:45:40.323,7.26659,7.26765,1.19,1.00
2014.10.15 07:45:41.779,7.26658,7.26765,1.19,1.00
2014.10.15 07:45:45.890,7.26644,7.26765,1.19,1.19
2014.10.15 07:45:46.992,7.26644,7.26765,1.19,1.19
2014.10.15 07:45:48.095,7.26645,7.26765,1.19,1.19
2014.10.15 07:45:49.402,7.26641,7.26765,1.19,1.19
2014.10.15 07:45:50.400,7.26659,7.26765,1.19,1.00
2014.10.15 07:45:51.605,7.26652,7.26765,1.19,1.00
2014.10.15 07:45:52.628,7.26664,7.26785,1.19,1.19
2014.10.15 07:45:54.009,7.26672,7.26788,1.19,1.00
2014.10.15 07:45:55.113,7.26665,7.26788,1.49,1.19
2014.10.15 07:45:56.415,7.26665,7.26788,1.49,1.19
2014.10.15 07:45:56.747,7.26706,7.26767,1.30,1.00
2014.10.15 07:45:56.798,7.26706,7.26816,1.30,1.19
2014.10.15 07:45:56.849,7.26706,7.26824,1.49,1.19
2014.10.15 07:45:56.950,7.26706,7.26805,1.30,1.19
2014.10.15 07:45:57.153,7.26672,7.26768,1.49,1.00
2014.10.15 07:45:57.355,7.26659,7.26794,1.19,1.19
2014.10.15 07:45:57.786,7.26659,7.26777,1.19,1.00
2014.10.15 07:45:58.148,7.26646,7.26773,1.19,1.19
2014.10.15 07:45:59.276,7.26633,7.26767,1.19,1.19
2014.10.15 07:46:00.238,7.26623,7.26757,1.19,1.19
2014.10.15 07:46:01.059,7.26621,7.26747,1.19,1.19
2014.10.15 07:46:01.160,7.26643,7.26767,1.49,1.19
2014.10.15 07:46:01.413,7.26675,7.26769,1.30,1.19
2014.10.15 07:46:02.277,7.26675,7.26787,1.30,1.19
2014.10.15 07:46:03.352,7.26684,7.26785,1.30,1.19
2014.10.15 07:46:03.454,7.26704,7.26807,1.30,1.19
2014.10.15 07:46:04.543,7.26704,7.26806,1.30,1.19
2014.10.15 07:46:05.644,7.26704,7.26819,1.16,1.19
2014.10.15 07:46:06.087,7.26704,7.26811,1.30,1.19
2014.10.15 07:46:06.340,7.26684,7.2679,1.00,1.19
2014.10.15 07:46:06.390,7.26676,7.26783,1.30,1.19
2014.10.15 07:46:07.388,7.26676,7.26781,1.30,1.19
2014.10.15 07:46:07.439,7.26667,7.26781,1.00,1.19
2014.10.15 07:46:08.277,7.2665,7.26781,1.19,1.19
2014.10.15 07:46:08.379,7.26652,7.26786,1.19,1.19
2014.10.15 07:46:09.368,7.26647,7.26779,1.49,1.19
2014.10.15 07:46:10.967,7.26647,7.26772,1.49,1.19
2014.10.15 07:46:11.961,7.26647,7.2677,1.49,1.19
2014.10.15 07:46:14.667,7.26653,7.2678,1.19,1.19
2014.10.15 07:46:14.974,7.26674,7.26788,1.49,1.00
2014.10.15 07:46:15.076,7.26674,7.26805,1.49,1.19
2014.10.15 07:46:15.921,7.26675,7.26799,1.19,1.19
2014.10.15 07:46:17.082,7.267,7.26824,1.19,1.19
2014.10.15 07:46:17.386,7.2676,7.26857,1.30,1.19
2014.10.15 07:46:17.487,7.26731,7.26836,1.00,1.19
2014.10.15 07:46:17.589,7.26724,7.26809,1.30,1.00
2014.10.15 07:46:17.740,7.26705,7.26809,1.49,1.00
2014.10.15 07:46:17.842,7.26703,7.26816,1.19,1.00
2014.10.15 07:46:18.607,7.26706,7.26816,1.19,1.00
2014.10.15 07:46:18.928,7.26706,7.26812,1.19,1.00
2014.10.15 07:46:19.266,7.26706,7.26807,1.19,1.00
2014.10.15 07:46:19.580,7.26693,7.26803,1.49,1.00
2014.10.15 07:46:20.817,7.26697,7.26803,1.19,1.00
2014.10.15 07:46:21.987,7.26702,7.26803,1.19,1.00
2014.10.15 07:46:22.646,7.26702,7.26799,1.19,1.00
2014.10.15 07:46:23.527,7.26702,7.26812,1.19,1.00
2014.10.15 07:46:23.636,7.26702,7.26814,1.19,1.00
2014.10.15 07:46:24.098,7.26755,7.26813,1.30,1.00
2014.10.15 07:46:24.300,7.26783,7.26886,1.30,1.19
2014.10.15 07:46:24.503,7.26763,7.26858,1.30,1.19
2014.10.15 07:46:24.553,7.26749,7.26858,1.72,1.19
2014.10.15 07:46:24.655,7.26749,7.26833,1.30,1.00
2014.10.15 07:46:24.756,7.26729,7.26833,1.49,1.00
2014.10.15 07:46:24.857,7.26724,7.26831,1.19,1.00
2014.10.15 07:46:25.496,7.26711,7.26831,1.19,1.25
2014.10.15 07:46:25.648,7.26711,7.26829,1.19,1.00
2014.10.15 07:46:25.963,7.26711,7.26822,1.19,1.00
2014.10.15 07:46:26.499,7.2671,7.26822,1.49,1.00
2014.10.15 07:46:27.000,7.2671,7.26821,1.49,1.00
2014.10.15 07:46:27.596,7.2671,7.26817,1.49,1.00
2014.10.15 07:46:27.647,7.2671,7.26817,1.49,1.00
2014.10.15 07:46:28.036,7.26704,7.26814,1.19,1.00
2014.10.15 07:46:28.398,7.26755,7.26838,1.30,1.19
2014.10.15 07:46:28.449,7.26755,7.26854,1.30,1.00
2014.10.15 07:46:28.550,7.26755,7.26854,1.49,1.00
2014.10.15 07:46:28.601,7.26755,7.26888,1.49,1.19
2014.10.15 07:46:29.409,7.26762,7.26896,1.19,1.19
2014.10.15 07:46:30.413,7.26755,7.2688,1.49,1.19
2014.10.15 07:46:31.096,7.26783,7.2688,1.00,1.19
2014.10.15 07:46:31.249,7.26783,7.269,1.00,1.19
2014.10.15 07:46:31.300,7.26785,7.269,1.30,1.19
2014.10.15 07:46:32.243,7.26785,7.26894,1.30,1.19
2014.10.15 07:46:32.548,7.26785,7.26853,1.30,1.00
2014.10.15 07:46:32.599,7.26755,7.26853,1.49,1.00
2014.10.15 07:46:32.650,7.26755,7.26853,1.30,1.19
2014.10.15 07:46:32.802,7.26755,7.26842,1.30,1.00
2014.10.15 07:46:32.904,7.26731,7.26842,1.19,1.00
2014.10.15 07:46:33.128,7.26731,7.26837,1.19,1.00
2014.10.15 07:46:33.536,7.26731,7.26845,1.19,1.00
2014.10.15 07:46:33.638,7.26728,7.26845,1.49,1.19
2014.10.15 07:46:33.891,7.26738,7.26851,1.00,1.69
2014.10.15 07:46:33.992,7.26728,7.26851,1.49,1.69
2014.10.15 07:46:34.337,7.26728,7.26833,1.49,1.00
2014.10.15 07:46:34.787,7.26728,7.2683,1.30,1.69
2014.10.15 07:46:35.828,7.26728,7.2682,1.30,1.19
2014.10.15 07:46:36.880,7.26728,7.26834,1.30,1.19
2014.10.15 07:46:37.032,7.26728,7.26839,1.49,1.19
2014.10.15 07:46:37.133,7.26763,7.26873,1.00,1.00
2014.10.15 07:46:37.185,7.26776,7.26873,1.30,1.00
2014.10.15 07:46:37.286,7.26776,7.26893,1.30,1.19
2014.10.15 07:46:37.539,7.26776,7.26882,1.30,1.19
2014.10.15 07:46:38.019,7.26747,7.26862,1.49,1.19
2014.10.15 07:46:38.071,7.26747,7.26843,1.30,1.00
2014.10.15 07:46:38.884,7.26747,7.26832,1.00,1.19
2014.10.15 07:46:39.037,7.26727,7.26832,1.00,1.19
2014.10.15 07:46:39.240,7.26717,7.26832,1.49,1.19
2014.10.15 07:46:39.550,7.26717,7.26818,1.30,1.19
2014.10.15 07:46:39.905,7.26719,7.26818,1.00,1.19
2014.10.15 07:46:40.458,7.26719,7.26835,1.19,1.19
2014.10.15 07:46:40.667,7.26735,7.2684,1.00,1.19
2014.10.15 07:46:41.456,7.26735,7.26854,1.19,1.19
2014.10.15 07:46:42.856,7.26735,7.26856,1.19,1.69
2014.10.15 07:46:43.407,7.26733,7.26851,1.19,1.00
2014.10.15 07:46:43.955,7.26733,7.2685,1.19,1.00
2014.10.15 07:46:44.293,7.26733,7.26847,1.19,1.00
2014.10.15 07:46:45.126,7.26746,7.26856,1.49,1.19
2014.10.15 07:46:45.266,7.26746,7.26856,1.49,1.00
2014.10.15 07:46:46.306,7.26746,7.26856,1.49,1.00
2014.10.15 07:46:47.322,7.26746,7.26856,1.49,1.00
2014.10.15 07:46:47.474,7.26746,7.26865,1.49,1.19
2014.10.15 07:46:48.477,7.26748,7.26871,1.19,1.19
2014.10.15 07:46:49.280,7.26746,7.26859,1.49,1.19
2014.10.15 07:46:50.298,7.26763,7.26862,1.00,1.19
2014.10.15 07:46:50.502,7.26773,7.26879,1.00,1.19
2014.10.15 07:46:50.553,7.26783,7.26879,1.30,1.19
2014.10.15 07:46:50.856,7.26813,7.26891,1.00,1.19
2014.10.15 07:46:50.958,7.2681,7.26891,1.30,1.19
2014.10.15 07:46:51.111,7.26793,7.26872,1.00,1.19
2014.10.15 07:46:51.263,7.26773,7.26872,1.00,1.19
2014.10.15 07:46:51.415,7.26773,7.26893,1.19,1.69
2014.10.15 07:46:51.466,7.26803,7.26893,1.00,1.69
2014.10.15 07:46:51.830,7.268,7.26893,1.30,1.19
2014.10.15 07:46:51.932,7.26783,7.26893,1.00,1.19
2014.10.15 07:46:52.512,7.26783,7.26874,1.00,1.19
2014.10.15 07:46:52.715,7.26773,7.26874,1.72,1.19
2014.10.15 07:46:53.120,7.26753,7.26853,1.00,1.19
2014.10.15 07:46:54.147,7.26753,7.26853,1.00,1.19
2014.10.15 07:46:54.410,7.26753,7.26861,1.00,1.19
2014.10.15 07:46:54.512,7.26753,7.26876,1.19,1.69
2014.10.15 07:46:54.866,7.26763,7.26876,1.00,1.69
2014.10.15 07:46:55.413,7.26763,7.2687,1.00,1.00
2014.10.15 07:46:55.465,7.26754,7.2687,1.19,1.00
2014.10.15 07:46:56.416,7.26734,7.2687,1.19,1.00
2014.10.15 07:46:57.918,7.26734,7.26858,1.19,1.00
2014.10.15 07:46:58.070,7.26717,7.26858,1.49,1.19
2014.10.15 07:46:58.121,7.26717,7.26841,1.49,1.00
2014.10.15 07:46:58.562,7.26708,7.26827,1.19,1.00
2014.10.15 07:46:58.869,7.26723,7.26831,1.25,1.00
2014.10.15 07:46:59.128,7.26723,7.26831,1.19,1.00
2014.10.15 07:46:59.230,7.26723,7.26847,1.19,1.25
2014.10.15 07:46:59.383,7.26733,7.26847,1.00,1.25
2014.10.15 07:47:00.237,7.26733,7.26847,1.19,1.00
2014.10.15 07:47:01.235,7.26725,7.26847,1.19,1.00
2014.10.15 07:47:02.288,7.26728,7.26847,1.19,1.00
2014.10.15 07:47:02.974,7.26728,7.26835,1.19,1.00
2014.10.15 07:47:03.446,7.26723,7.26835,1.19,1.00
2014.10.15 07:47:04.449,7.26724,7.26835,1.19,1.00
2014.10.15 07:47:04.958,7.26718,7.26834,1.19,1.00
2014.10.15 07:47:05.059,7.26718,7.26831,1.19,1.00
2014.10.15 07:47:05.381,7.26718,7.26834,1.19,1.00
2014.10.15 07:47:05.688,7.26717,7.2683,1.49,1.00
2014.10.15 07:47:05.840,7.26717,7.26835,1.49,1.00
2014.10.15 07:47:06.136,7.26717,7.26837,1.49,1.00
2014.10.15 07:47:06.456,7.26717,7.26837,1.16,1.00
2014.10.15 07:47:07.459,7.26717,7.26837,1.49,1.00
2014.10.15 07:47:08.223,7.26717,7.26835,1.49,1.00
2014.10.15 07:47:08.463,7.26717,7.26835,1.49,1.00
2014.10.15 07:47:08.574,7.26717,7.26865,1.49,1.19
2014.10.15 07:47:08.776,7.26747,7.26865,1.49,1.00
2014.10.15 07:47:08.877,7.26747,7.26873,1.49,1.00
2014.10.15 07:47:09.877,7.26747,7.26873,1.49,1.00
2014.10.15 07:47:11.037,7.26747,7.26873,1.49,1.00
2014.10.15 07:47:11.088,7.26747,7.26879,1.49,1.19
2014.10.15 07:47:11.624,7.26773,7.26885,1.00,1.19
2014.10.15 07:47:11.675,7.26773,7.26894,1.00,1.00
2014.10.15 07:47:11.929,7.26783,7.26906,1.00,1.19
2014.10.15 07:47:12.232,7.26793,7.26916,1.00,1.19
2014.10.15 07:47:12.283,7.26783,7.26916,1.00,1.19
2014.10.15 07:47:12.385,7.26793,7.26916,1.00,1.19
2014.10.15 07:47:12.487,7.26783,7.26916,1.00,1.19
2014.10.15 07:47:12.588,7.26775,7.26916,1.30,1.19
2014.10.15 07:47:12.639,7.26775,7.26881,1.30,1.19
2014.10.15 07:47:12.791,7.26755,7.26881,1.49,1.19
2014.10.15 07:47:12.842,7.26745,7.26855,1.30,1.19
2014.10.15 07:47:12.893,7.26726,7.26855,1.19,1.19
2014.10.15 07:47:13.284,7.26711,7.2684,1.19,1.00
2014.10.15 07:47:13.487,7.26708,7.2684,1.19,1.19
2014.10.15 07:47:13.639,7.2669,7.26819,1.19,1.00
2014.10.15 07:47:13.792,7.26688,7.26817,1.19,1.49
2014.10.15 07:47:13.843,7.2667,7.26794,1.19,1.00
2014.10.15 07:47:13.945,7.26649,7.26794,1.49,1.19
2014.10.15 07:47:14.047,7.26649,7.26782,1.49,1.00
2014.10.15 07:47:14.589,7.26653,7.26781,1.19,1.00
2014.10.15 07:47:14.967,7.26658,7.26782,1.19,1.00
2014.10.15 07:47:15.951,7.26654,7.26782,1.19,1.00
2014.10.15 07:47:16.698,7.26663,7.26799,1.19,1.19
2014.10.15 07:47:16.967,7.26674,7.26799,1.19,1.00
2014.10.15 07:47:17.394,7.26673,7.26793,1.19,1.00
2014.10.15 07:47:17.676,7.2667,7.26797,1.19,1.00
2014.10.15 07:47:17.959,7.26673,7.26797,1.19,1.00
2014.10.15 07:47:18.010,7.26673,7.26803,1.19,1.00
2014.10.15 07:47:18.213,7.26693,7.26803,1.19,1.00
2014.10.15 07:47:18.263,7.26693,7.26826,1.19,1.00
2014.10.15 07:47:18.466,7.26693,7.2682,1.19,1.00
2014.10.15 07:47:18.821,7.26689,7.26799,1.19,1.00
2014.10.15 07:47:19.550,7.26685,7.26799,1.19,1.00
2014.10.15 07:47:19.889,7.26685,7.26801,1.19,1.00
2014.10.15 07:47:20.535,7.26685,7.26799,1.19,1.00
2014.10.15 07:47:20.586,7.26678,7.26799,1.19,1.00
2014.10.15 07:47:21.573,7.26671,7.26799,1.19,1.00
2014.10.15 07:47:21.766,7.26671,7.2679,1.19,1.00
2014.10.15 07:47:22.307,7.26671,7.26794,1.19,1.00
2014.10.15 07:47:22.611,7.26666,7.26794,1.19,1.00
2014.10.15 07:47:23.581,7.26668,7.26794,1.19,1.00
2014.10.15 07:47:24.185,7.26668,7.26786,1.19,1.00
2014.10.15 07:47:24.586,7.26666,7.26786,1.19,1.00
2014.10.15 07:47:25.588,7.26671,7.26786,1.19,1.00
2014.10.15 07:47:26.275,7.26671,7.26784,1.19,1.00
2014.10.15 07:47:26.825,7.26671,7.26786,1.19,1.00
2014.10.15 07:47:27.045,7.26671,7.26774,1.19,1.00
2014.10.15 07:47:27.600,7.26667,7.26774,1.19,1.00
2014.10.15 07:47:27.721,7.26667,7.26771,1.19,1.00
2014.10.15 07:47:28.635,7.26661,7.26774,1.19,1.00
2014.10.15 07:47:29.059,7.26661,7.26788,1.19,1.00
2014.10.15 07:47:29.289,7.26661,7.26781,1.19,1.00
2014.10.15 07:47:29.600,7.26666,7.26781,1.19,1.00
2014.10.15 07:47:30.603,7.26668,7.26781,1.19,1.00
2014.10.15 07:47:31.116,7.26668,7.26773,1.19,1.00
2014.10.15 07:47:31.607,7.26668,7.26767,1.19,1.00
2014.10.15 07:47:32.610,7.26664,7.26767,1.19,1.00
2014.10.15 07:47:32.665,7.26664,7.26752,1.19,1.00
2014.10.15 07:47:32.716,7.2665,7.26752,1.49,1.00
2014.10.15 07:47:32.919,7.26627,7.26752,1.19,1.00
2014.10.15 07:47:33.021,7.26627,7.26733,1.19,1.00
2014.10.15 07:47:33.324,7.26627,7.2673,1.19,1.00
2014.10.15 07:47:33.426,7.26606,7.2673,1.19,1.00
2014.10.15 07:47:33.578,7.26606,7.26716,1.19,1.00
2014.10.15 07:47:34.316,7.26606,7.26718,1.19,1.00
2014.10.15 07:47:34.468,7.26604,7.26718,1.19,1.00
2014.10.15 07:47:34.745,7.26599,7.26716,1.19,1.00
2014.10.15 07:47:35.345,7.26599,7.26714,1.19,1.00
2014.10.15 07:47:35.652,7.26597,7.26714,1.19,1.00
2014.10.15 07:47:36.440,7.26593,7.26731,1.19,1.19
2014.10.15 07:47:36.491,7.26613,7.26731,1.00,1.19
2014.10.15 07:47:36.542,7.26613,7.26731,1.19,1.00
2014.10.15 07:47:36.745,7.26623,7.26743,1.19,1.19
2014.10.15 07:47:36.796,7.26633,7.26743,1.00,1.19
2014.10.15 07:47:36.999,7.26623,7.26754,1.19,1.19
2014.10.15 07:47:37.668,7.26623,7.26754,1.19,1.19
2014.10.15 07:47:37.769,7.26623,7.26754,1.69,1.19
2014.10.15 07:47:38.739,7.26633,7.26754,1.19,1.00
2014.10.15 07:47:39.366,7.26633,7.2676,1.19,1.19
2014.10.15 07:47:39.678,7.26643,7.2676,1.19,1.19
2014.10.15 07:47:41.467,7.26621,7.26743,1.19,1.19
2014.10.15 07:47:42.075,7.2662,7.26736,1.49,1.00
2014.10.15 07:47:42.127,7.2662,7.26723,1.30,1.19
2014.10.15 07:47:42.818,7.2662,7.26713,1.30,1.00
2014.10.15 07:47:42.869,7.26601,7.26713,1.49,1.00
2014.10.15 07:47:42.971,7.26596,7.26706,1.00,1.19
2014.10.15 07:47:43.339,7.26573,7.26706,1.19,1.19
2014.10.15 07:47:44.308,7.26573,7.26701,1.19,1.19
2014.10.15 07:47:45.768,7.26583,7.26701,1.19,1.19
2014.10.15 07:47:46.805,7.26583,7.267,1.19,1.19
2014.10.15 07:47:47.775,7.26566,7.26698,1.19,1.19
2014.10.15 07:47:48.778,7.2657,7.26698,1.19,1.19
2014.10.15 07:47:49.880,7.26563,7.26696,1.69,1.19
2014.10.15 07:47:50.308,7.26563,7.26675,1.50,1.19
2014.10.15 07:47:50.410,7.26563,7.2665,1.00,1.19
2014.10.15 07:47:50.512,7.26539,7.2665,1.00,1.19
2014.10.15 07:47:51.405,7.26539,7.26638,1.00,1.19
2014.10.15 07:47:52.892,7.26539,7.26636,1.00,1.19
2014.10.15 07:47:54.924,7.26539,7.2664,1.00,1.19
2014.10.15 07:47:56.100,7.26539,7.26634,1.00,1.19
2014.10.15 07:47:58.037,7.26539,7.26644,1.00,1.19
2014.10.15 07:48:00.110,7.26539,7.2665,1.00,1.19
2014.10.15 07:48:01.348,7.26544,7.26652,1.00,1.19
2014.10.15 07:48:01.449,7.26544,7.26662,1.19,1.25
2014.10.15 07:48:02.348,7.26549,7.26676,1.19,1.00
2014.10.15 07:48:02.449,7.2657,7.26676,1.19,1.00
2014.10.15 07:48:02.500,7.2657,7.26687,1.19,1.00
2014.10.15 07:48:03.242,7.2657,7.26692,1.19,1.19
2014.10.15 07:48:03.760,7.26584,7.26696,1.00,1.19
2014.10.15 07:48:04.064,7.2662,7.26727,1.19,1.00
2014.10.15 07:48:04.116,7.2662,7.26738,1.19,1.00
2014.10.15 07:48:04.338,7.2662,7.26732,1.19,1.00
2014.10.15 07:48:04.491,7.26592,7.26714,1.69,1.30
2014.10.15 07:48:04.593,7.26592,7.26684,1.69,1.00
2014.10.15 07:48:04.694,7.26571,7.26684,1.19,1.00
2014.10.15 07:48:04.917,7.26571,7.2669,1.19,1.00
2014.10.15 07:48:05.297,7.26553,7.26669,1.19,1.00
2014.10.15 07:48:05.915,7.26553,7.26652,1.19,1.00
2014.10.15 07:48:06.154,7.26553,7.26652,1.00,1.00
2014.10.15 07:48:06.316,7.26553,7.26649,1.00,1.00
2014.10.15 07:48:06.979,7.26553,7.2665,1.00,1.00
2014.10.15 07:48:08.549,7.26553,7.26662,1.00,1.19
2014.10.15 07:48:09.211,7.26559,7.26671,1.19,1.00
2014.10.15 07:48:09.614,7.26559,7.26673,1.19,1.00
2014.10.15 07:48:10.369,7.2656,7.26673,1.19,1.00
2014.10.15 07:48:11.371,7.26559,7.26673,1.19,1.00
2014.10.15 07:48:12.474,7.26562,7.26673,1.19,1.00
2014.10.15 07:48:13.577,7.26564,7.26673,1.19,1.00
2014.10.15 07:48:13.838,7.26564,7.26678,1.19,1.00
2014.10.15 07:48:14.825,7.26561,7.26678,1.19,1.00
2014.10.15 07:48:15.138,7.26561,7.2667,1.19,1.00
2014.10.15 07:48:15.290,7.26553,7.26668,1.19,1.19
2014.10.15 07:48:15.887,7.26553,7.26658,1.00,1.19
2014.10.15 07:48:16.817,7.26554,7.26658,1.00,1.19
2014.10.15 07:48:17.192,7.26554,7.26662,1.00,1.19
2014.10.15 07:48:18.293,7.26554,7.26661,1.00,1.19
2014.10.15 07:48:18.838,7.26553,7.26661,1.00,1.19
2014.10.15 07:48:19.301,7.26553,7.26647,1.00,1.19
2014.10.15 07:48:20.527,7.26553,7.26647,1.00,1.19
2014.10.15 07:48:21.306,7.26553,7.26635,1.00,1.00
2014.10.15 07:48:21.610,7.26553,7.26638,1.00,1.19
2014.10.15 07:48:21.812,7.26533,7.26638,1.50,1.19
2014.10.15 07:48:22.527,7.26533,7.26645,1.69,1.19
2014.10.15 07:48:23.626,7.26533,7.26646,1.69,1.69
2014.10.15 07:48:25.665,7.26553,7.26646,1.00,1.19
2014.10.15 07:48:26.416,7.26553,7.26658,1.19,1.00
2014.10.15 07:48:27.135,7.26553,7.2666,1.19,1.00
2014.10.15 07:48:27.714,7.26546,7.2666,1.49,1.19
2014.10.15 07:48:28.857,7.26546,7.2666,1.49,1.19
2014.10.15 07:48:29.920,7.26546,7.2667,1.49,1.19
2014.10.15 07:48:31.125,7.26546,7.26668,1.49,1.19
2014.10.15 07:48:31.428,7.26553,7.26676,1.19,1.19
2014.10.15 07:48:32.229,7.26553,7.2668,1.69,1.19
2014.10.15 07:48:33.332,7.26553,7.26678,1.69,1.19
2014.10.15 07:48:34.337,7.26553,7.26675,1.19,1.19
2014.10.15 07:48:34.674,7.26553,7.26669,1.19,1.00
2014.10.15 07:48:35.904,7.26553,7.26672,1.19,1.19
2014.10.15 07:48:37.144,7.26553,7.26672,1.19,1.25
2014.10.15 07:48:38.196,7.26553,7.2668,1.69,1.19
2014.10.15 07:48:39.355,7.26553,7.26671,1.69,1.19
2014.10.15 07:48:40.363,7.26553,7.26667,1.69,1.19
2014.10.15 07:48:42.195,7.26553,7.26674,1.19,1.19
2014.10.15 07:48:44.725,7.26553,7.26673,1.19,1.19
2014.10.15 07:48:45.674,7.26553,7.26675,1.19,1.19
2014.10.15 07:48:48.028,7.26553,7.26677,1.69,1.19
2014.10.15 07:48:48.993,7.26553,7.26676,1.69,1.19
2014.10.15 07:48:50.187,7.26553,7.26678,1.19,1.19
2014.10.15 07:48:51.290,7.26553,7.26686,1.69,1.19
2014.10.15 07:48:52.293,7.26559,7.26693,1.19,1.19
2014.10.15 07:48:53.406,7.26578,7.26697,1.49,1.19
2014.10.15 07:48:54.502,7.26578,7.26698,1.49,1.19
2014.10.15 07:48:56.355,7.26578,7.2668,1.30,1.19
2014.10.15 07:48:56.843,7.26578,7.26686,1.30,1.19
2014.10.15 07:48:57.046,7.26588,7.26708,1.49,1.19
2014.10.15 07:48:57.097,7.26608,7.26708,1.30,1.19
2014.10.15 07:48:58.125,7.26608,7.2672,1.49,1.19
2014.10.15 07:48:58.428,7.2661,7.26729,1.19,1.19
2014.10.15 07:48:58.926,7.26617,7.26729,1.00,1.19
2014.10.15 07:48:59.028,7.26617,7.26737,1.19,1.19
2014.10.15 07:48:59.738,7.26623,7.26758,1.19,1.19
2014.10.15 07:49:00.301,7.26615,7.26735,1.19,1.19
2014.10.15 07:49:00.758,7.2662,7.26752,1.19,1.19
2014.10.15 07:49:01.062,7.26642,7.26757,1.30,1.19
2014.10.15 07:49:01.737,7.26642,7.26735,1.30,1.19
2014.10.15 07:49:01.838,7.26642,7.26744,1.30,1.19
2014.10.15 07:49:02.041,7.26642,7.2676,1.16,1.19
2014.10.15 07:49:02.092,7.26647,7.2676,1.00,1.19
2014.10.15 07:49:02.193,7.26647,7.26772,1.69,1.19
2014.10.15 07:49:02.345,7.26664,7.26783,1.00,1.19
2014.10.15 07:49:02.668,7.26668,7.26799,1.19,1.19
2014.10.15 07:49:02.871,7.26694,7.26805,1.00,1.19
2014.10.15 07:49:03.075,7.26694,7.26809,1.19,1.30
2014.10.15 07:49:04.184,7.26685,7.26809,1.19,1.91
2014.10.15 07:49:04.645,7.26693,7.26809,1.00,1.91
2014.10.15 07:49:04.898,7.26693,7.26829,1.00,1.19
2014.10.15 07:49:05.006,7.26693,7.26816,1.19,1.19
2014.10.15 07:49:07.198,7.26687,7.26814,1.19,1.19
2014.10.15 07:49:07.850,7.26727,7.26814,1.00,1.19
2014.10.15 07:49:07.901,7.26727,7.26829,1.19,1.00
2014.10.15 07:49:08.002,7.26727,7.26858,1.19,1.19
2014.10.15 07:49:08.357,7.26743,7.26858,1.00,1.19
2014.10.15 07:49:08.704,7.26745,7.26858,1.00,1.19
2014.10.15 07:49:08.907,7.2678,7.26894,1.50,1.30
2014.10.15 07:49:08.958,7.2678,7.26906,1.50,1.19
2014.10.15 07:49:09.009,7.2678,7.26932,1.50,1.30
2014.10.15 07:49:09.060,7.26813,7.26932,1.00,1.30
2014.10.15 07:49:09.364,7.26823,7.26932,1.00,1.19
2014.10.15 07:49:09.516,7.26835,7.26972,1.00,1.30
2014.10.15 07:49:09.567,7.26835,7.26949,1.25,1.19
2014.10.15 07:49:09.996,7.26839,7.26949,1.30,1.19
2014.10.15 07:49:10.300,7.26842,7.26949,1.00,1.19
2014.10.15 07:49:10.664,7.26845,7.26949,1.00,1.19
2014.10.15 07:49:10.715,7.26845,7.26955,1.00,1.19
2014.10.15 07:49:10.816,7.26849,7.26955,1.00,1.19
2014.10.15 07:49:11.351,7.2685,7.26945,1.00,1.25
2014.10.15 07:49:11.543,7.26845,7.26945,1.00,1.25
2014.10.15 07:49:11.875,7.26845,7.26945,1.00,1.19
2014.10.15 07:49:12.643,7.26849,7.26945,1.00,1.19
2014.10.15 07:49:12.796,7.26849,7.26955,1.00,1.19
2014.10.15 07:49:13.225,7.26862,7.26955,1.00,1.19
2014.10.15 07:49:13.446,7.26856,7.26955,1.00,1.19
2014.10.15 07:49:13.649,7.26858,7.26955,1.00,1.19
2014.10.15 07:49:14.793,7.26858,7.26954,1.00,1.19
2014.10.15 07:49:16.054,7.26856,7.26954,1.00,1.19
2014.10.15 07:49:16.484,7.26856,7.26946,1.00,1.19
2014.10.15 07:49:18.257,7.26859,7.26946,1.00,1.19
2014.10.15 07:49:18.490,7.26859,7.26952,1.00,1.19
2014.10.15 07:49:21.998,7.26859,7.26949,1.00,1.19
2014.10.15 07:49:22.565,7.26879,7.26949,1.00,1.19
2014.10.15 07:49:22.616,7.26879,7.2696,1.00,1.19
2014.10.15 07:49:22.823,7.26879,7.26975,1.00,1.19
2014.10.15 07:49:22.874,7.26871,7.26975,1.00,1.19
2014.10.15 07:49:23.094,7.26874,7.26975,1.00,1.19
2014.10.15 07:49:23.397,7.26874,7.26962,1.00,1.19
2014.10.15 07:49:23.448,7.26869,7.26962,1.00,1.19
2014.10.15 07:49:23.650,7.26851,7.26962,1.19,1.19
2014.10.15 07:49:23.853,7.26851,7.26954,1.00,1.19
2014.10.15 07:49:23.904,7.26849,7.26954,1.00,1.19
2014.10.15 07:49:24.465,7.26844,7.26954,1.25,1.19
2014.10.15 07:49:24.617,7.26844,7.26933,1.00,1.19
2014.10.15 07:49:24.668,7.26839,7.26933,1.30,1.19
2014.10.15 07:49:26.215,7.26839,7.26926,1.30,1.19
2014.10.15 07:49:26.655,7.26823,7.26926,1.00,1.19
2014.10.15 07:49:26.706,7.26813,7.26926,1.19,1.19
2014.10.15 07:49:27.110,7.26833,7.26926,1.00,1.19
2014.10.15 07:49:27.416,7.26843,7.26905,1.00,1.19
2014.10.15 07:49:27.773,7.26833,7.26905,1.00,1.19
2014.10.15 07:49:28.422,7.26833,7.26901,1.00,1.19
2014.10.15 07:49:29.086,7.26843,7.26901,1.00,1.19
2014.10.15 07:49:29.447,7.26843,7.26908,1.00,1.19
2014.10.15 07:49:30.454,7.26843,7.26918,1.00,1.19
2014.10.15 07:49:30.879,7.26863,7.26918,1.00,1.19
2014.10.15 07:49:31.087,7.26853,7.26918,1.00,1.19
2014.10.15 07:49:31.418,7.26843,7.26918,1.00,1.19
2014.10.15 07:49:31.533,7.26843,7.26929,1.00,1.19
2014.10.15 07:49:32.386,7.26853,7.26929,1.00,1.19
2014.10.15 07:49:33.706,7.26863,7.26929,1.00,1.19
2014.10.15 07:49:35.016,7.26864,7.26929,1.00,1.19
2014.10.15 07:49:35.353,7.26837,7.26929,1.30,1.19
2014.10.15 07:49:35.454,7.26837,7.26932,1.30,1.19
2014.10.15 07:49:35.757,7.26837,7.26922,1.30,1.00
2014.10.15 07:49:36.010,7.26837,7.26931,1.30,1.19
2014.10.15 07:49:36.162,7.26837,7.26931,1.30,1.00
2014.10.15 07:49:36.213,7.26837,7.26929,1.30,1.00
2014.10.15 07:49:36.549,7.26837,7.26929,1.30,1.19
2014.10.15 07:49:36.877,7.26837,7.26954,1.30,1.19
2014.10.15 07:49:37.903,7.26837,7.26936,1.30,1.19
2014.10.15 07:49:39.161,7.26837,7.26938,1.30,1.19
2014.10.15 07:49:40.014,7.26837,7.26917,1.30,1.19
2014.10.15 07:49:40.369,7.26837,7.26942,1.30,1.19
2014.10.15 07:49:41.377,7.26837,7.26958,1.49,1.19
2014.10.15 07:49:42.374,7.26837,7.26955,1.16,1.19
2014.10.15 07:49:43.419,7.26837,7.26948,1.30,1.19
2014.10.15 07:49:44.505,7.26837,7.26957,1.16,1.19
2014.10.15 07:49:44.805,7.26837,7.26968,1.49,1.19
2014.10.15 07:49:45.823,7.26843,7.26977,1.19,1.19
2014.10.15 07:49:46.893,7.26845,7.26979,1.19,1.19
2014.10.15 07:49:47.896,7.26847,7.26979,1.19,1.19
2014.10.15 07:49:48.903,7.26838,7.26972,1.19,1.19
2014.10.15 07:49:50.004,7.26837,7.26968,1.49,1.19
2014.10.15 07:49:51.409,7.26839,7.26971,1.69,1.19
2014.10.15 07:49:52.415,7.2685,7.26984,1.19,1.19
2014.10.15 07:49:53.565,7.26855,7.26987,1.19,1.69
2014.10.15 07:49:54.052,7.26883,7.26987,1.00,1.69
2014.10.15 07:49:54.534,7.26883,7.26987,1.00,1.69
2014.10.15 07:49:55.525,7.26883,7.26987,1.00,1.69
2014.10.15 07:49:55.592,7.26893,7.26987,1.00,1.69
2014.10.15 07:49:55.845,7.26884,7.26987,1.00,1.69
2014.10.15 07:49:55.948,7.26893,7.26996,1.19,1.30
2014.10.15 07:49:56.151,7.26903,7.27012,1.00,1.19
2014.10.15 07:49:56.427,7.26894,7.27012,1.19,1.19
2014.10.15 07:49:56.964,7.26884,7.26997,1.69,1.50
2014.10.15 07:49:58.284,7.2688,7.26997,1.19,1.50
2014.10.15 07:49:59.743,7.2688,7.27004,1.19,1.19
2014.10.15 07:50:00.333,7.26881,7.27004,1.19,1.19
2014.10.15 07:50:00.384,7.26881,7.26993,1.19,1.00
2014.10.15 07:50:00.772,7.26859,7.26987,1.19,1.19
2014.10.15 07:50:01.594,7.26858,7.26992,1.19,1.69
2014.10.15 07:50:02.507,7.26858,7.26957,1.19,1.50
2014.10.15 07:50:02.558,7.26848,7.26957,1.19,1.50
2014.10.15 07:50:03.501,7.26838,7.26947,1.19,1.50
2014.10.15 07:50:03.603,7.26837,7.26947,1.30,1.69
2014.10.15 07:50:04.663,7.26837,7.26947,1.30,1.69
2014.10.15 07:50:05.867,7.26837,7.26947,1.49,1.69
2014.10.15 07:50:06.545,7.2684,7.26947,1.00,1.69
2014.10.15 07:50:06.697,7.26845,7.26974,1.19,1.25
2014.10.15 07:50:06.798,7.26866,7.26987,1.30,1.19
2014.10.15 07:50:07.372,7.26866,7.26964,1.30,1.00
2014.10.15 07:50:07.693,7.26866,7.26964,1.30,1.19
2014.10.15 07:50:07.794,7.26846,7.26964,1.30,1.19
2014.10.15 07:50:07.845,7.2684,7.26964,1.19,1.19
2014.10.15 07:50:08.214,7.26838,7.26951,1.30,1.19
2014.10.15 07:50:08.778,7.26838,7.26962,1.49,1.19
2014.10.15 07:50:08.880,7.26847,7.26964,1.19,1.00
2014.10.15 07:50:09.084,7.2686,7.26991,1.19,1.19
2014.10.15 07:50:09.135,7.26886,7.26991,1.00,1.19
2014.10.15 07:50:09.919,7.26874,7.26987,1.30,1.69
2014.10.15 07:50:10.021,7.26855,7.26977,1.00,1.19
2014.10.15 07:50:10.225,7.26855,7.26967,1.00,1.00
2014.10.15 07:50:10.834,7.26904,7.26987,1.00,1.69
2014.10.15 07:50:10.885,7.26913,7.26996,1.50,1.00
2014.10.15 07:50:10.936,7.26913,7.27051,1.50,2.29
2014.10.15 07:50:10.987,7.26921,7.27051,1.19,2.10
2014.10.15 07:50:11.190,7.26905,7.27044,1.49,1.19
2014.10.15 07:50:12.088,7.26883,7.27022,1.19,1.19
2014.10.15 07:50:12.290,7.26881,7.27007,1.19,1.19
2014.10.15 07:50:13.393,7.2686,7.26994,1.19,1.19
2014.10.15 07:50:14.450,7.26848,7.2698,1.49,1.19
2014.10.15 07:50:15.424,7.26838,7.26972,1.19,1.19
2014.10.15 07:50:16.257,7.2686,7.26995,1.19,1.19
2014.10.15 07:50:16.748,7.26891,7.26995,1.00,1.19
2014.10.15 07:50:16.849,7.26868,7.26995,1.19,1.19
2014.10.15 07:50:17.113,7.26891,7.26995,1.30,1.19
2014.10.15 07:50:17.316,7.26861,7.26995,1.19,1.19
2014.10.15 07:50:18.329,7.26857,7.26988,1.19,1.19
2014.10.15 07:50:19.335,7.26845,7.26979,1.19,1.19
2014.10.15 07:50:19.437,7.26866,7.27004,1.19,1.19
2014.10.15 07:50:20.044,7.2685,7.26981,1.19,1.19
2014.10.15 07:50:20.565,7.2686,7.26961,1.00,1.19
2014.10.15 07:50:20.827,7.2686,7.26981,1.19,1.19
2014.10.15 07:50:21.029,7.26879,7.26981,1.00,1.19
2014.10.15 07:50:21.131,7.26872,7.26981,1.30,1.19
2014.10.15 07:50:21.723,7.26848,7.26981,1.19,1.19
2014.10.15 07:50:21.957,7.26848,7.26975,1.19,1.19
2014.10.15 07:50:22.031,7.26856,7.2701,1.19,1.30
2014.10.15 07:50:22.081,7.26961,7.2701,1.60,1.30
2014.10.15 07:50:22.133,7.27007,7.27044,2.72,1.00
2014.10.15 07:50:22.361,7.27043,7.27057,1.30,1.99
2014.10.15 07:50:22.412,7.27043,7.27143,1.30,1.19
2014.10.15 07:50:22.770,7.2702,7.27143,1.00,1.19
2014.10.15 07:50:22.872,7.2702,7.27124,1.00,1.19
2014.10.15 07:50:23.176,7.26994,7.2708,1.30,1.25
2014.10.15 07:50:23.986,7.26994,7.27067,1.30,1.19
2014.10.15 07:50:24.189,7.27045,7.27174,1.00,1.05
2014.10.15 07:50:24.240,7.2709,7.27174,1.30,1.05
2014.10.15 07:50:24.545,7.2711,7.27208,1.00,1.79
2014.10.15 07:50:24.747,7.27117,7.27208,1.00,1.19
2014.10.15 07:50:24.849,7.27131,7.27208,1.00,1.19
2014.10.15 07:50:25.052,7.27097,7.27211,1.19,1.19
2014.10.15 07:50:25.205,7.2709,7.27189,1.49,1.30
2014.10.15 07:50:25.256,7.27079,7.27168,1.00,1.30
2014.10.15 07:50:25.307,7.2705,7.27168,1.19,1.30
2014.10.15 07:50:25.358,7.27035,7.27168,1.19,1.91
2014.10.15 07:50:25.409,7.27062,7.27161,1.00,1.30
2014.10.15 07:50:25.716,7.27043,7.27141,1.00,1.30
2014.10.15 07:50:25.767,7.27023,7.27141,1.19,1.30
2014.10.15 07:50:26.388,7.27022,7.2713,1.00,1.25
2014.10.15 07:50:26.691,7.27026,7.2713,1.00,1.25
2014.10.15 07:50:26.995,7.27045,7.27189,1.00,1.49
2014.10.15 07:50:27.046,7.27071,7.27198,1.30,1.19
2014.10.15 07:50:27.368,7.27091,7.27176,1.00,1.19
2014.10.15 07:50:27.469,7.27087,7.27176,1.00,1.19
2014.10.15 07:50:27.953,7.27088,7.27182,1.00,1.19
2014.10.15 07:50:28.106,7.27098,7.27182,1.00,1.19
2014.10.15 07:50:28.416,7.27106,7.27182,1.00,1.19
2014.10.15 07:50:28.467,7.27106,7.27198,1.00,1.19
2014.10.15 07:50:28.695,7.27101,7.27198,1.00,1.19
2014.10.15 07:50:28.876,7.27096,7.27198,1.00,1.19
2014.10.15 07:50:28.978,7.27096,7.27208,1.00,1.19
2014.10.15 07:50:30.743,7.27093,7.27206,1.19,1.49
2014.10.15 07:50:31.183,7.27093,7.27205,1.00,1.19
2014.10.15 07:50:32.368,7.27093,7.27204,1.00,1.19
2014.10.15 07:50:33.371,7.27093,7.272,1.00,1.19
2014.10.15 07:50:34.347,7.27093,7.27153,1.00,1.30
2014.10.15 07:50:34.398,7.27086,7.27153,1.00,1.30
2014.10.15 07:50:34.550,7.27086,7.27172,1.00,1.30
2014.10.15 07:50:34.651,7.27086,7.27198,1.00,1.19
2014.10.15 07:50:34.753,7.27094,7.27198,1.00,1.19
2014.10.15 07:50:35.099,7.27094,7.27169,1.00,1.30
2014.10.15 07:50:35.150,7.27086,7.27188,1.00,1.49
2014.10.15 07:50:35.363,7.27094,7.27198,1.00,1.19
2014.10.15 07:50:35.414,7.27094,7.27205,1.00,1.19
2014.10.15 07:50:35.718,7.27096,7.27205,1.00,1.19
2014.10.15 07:50:36.425,7.27096,7.27209,1.25,1.19
2014.10.15 07:50:37.123,7.27101,7.27209,1.00,1.19
2014.10.15 07:50:37.344,7.27077,7.27209,1.19,1.19
2014.10.15 07:50:37.496,7.27056,7.27184,1.49,1.19
2014.10.15 07:50:38.491,7.27056,7.2718,1.49,1.19
2014.10.15 07:50:38.794,7.27056,7.2716,1.30,1.19
2014.10.15 07:50:39.098,7.27108,7.27211,1.00,1.19
2014.10.15 07:50:39.351,7.27078,7.27184,1.30,1.19
2014.10.15 07:50:39.402,7.27048,7.27184,1.91,1.19
2014.10.15 07:50:39.605,7.27048,7.2717,1.49,1.19
2014.10.15 07:50:39.807,7.27029,7.27147,1.19,1.19
2014.10.15 07:50:40.111,7.27037,7.27147,1.00,1.19
2014.10.15 07:50:40.314,7.27034,7.27166,1.19,1.19
2014.10.15 07:50:41.073,7.27034,7.27152,1.19,1.30
2014.10.15 07:50:41.225,7.27028,7.27146,1.25,1.19
2014.10.15 07:50:42.251,7.27013,7.27147,1.19,1.19
2014.10.15 07:50:43.309,7.27009,7.27143,1.19,1.19
2014.10.15 07:50:44.154,7.27009,7.27123,1.19,1.30
2014.10.15 07:50:45.113,7.27006,7.27123,1.19,1.30
2014.10.15 07:50:46.117,7.27005,7.27123,1.19,1.30
2014.10.15 07:50:47.121,7.27004,7.27123,1.19,1.30
2014.10.15 07:50:48.123,7.27001,7.27123,1.19,1.49
2014.10.15 07:50:49.228,7.27001,7.27123,1.19,1.49
2014.10.15 07:50:49.403,7.27015,7.27144,1.19,1.49
2014.10.15 07:50:49.454,7.27059,7.27158,1.19,1.30
2014.10.15 07:50:49.505,7.27059,7.27178,1.19,1.30
2014.10.15 07:50:49.555,7.27079,7.27196,1.00,1.19
2014.10.15 07:50:49.859,7.27083,7.27196,1.00,1.19
2014.10.15 07:50:50.162,7.27088,7.27196,1.00,1.19
2014.10.15 07:50:50.365,7.27092,7.27229,1.19,1.30
2014.10.15 07:50:50.466,7.27103,7.27229,1.19,1.49
2014.10.15 07:50:50.770,7.2715,7.27259,1.00,1.49
2014.10.15 07:50:51.123,7.27155,7.27259,1.00,1.49
2014.10.15 07:50:51.838,7.27155,7.27276,1.00,1.19
2014.10.15 07:50:52.255,7.27161,7.27276,1.00,1.19
2014.10.15 07:50:52.883,7.27155,7.27276,1.00,1.19
2014.10.15 07:50:52.985,7.27155,7.27274,1.19,1.19
2014.10.15 07:50:53.643,7.27161,7.27274,1.00,1.19
2014.10.15 07:50:53.873,7.27182,7.27289,1.00,1.49
2014.10.15 07:50:53.974,7.27182,7.27289,1.19,1.30
2014.10.15 07:50:54.025,7.27182,7.27325,1.19,1.49
2014.10.15 07:50:54.076,7.27193,7.27319,1.19,1.19
2014.10.15 07:50:54.177,7.27205,7.27325,1.19,1.16
2014.10.15 07:50:55.384,7.2719,7.27318,1.49,1.19
2014.10.15 07:50:55.485,7.2719,7.27294,1.30,1.19
2014.10.15 07:50:55.536,7.27166,7.27294,1.19,1.19
2014.10.15 07:50:55.587,7.27161,7.27275,1.30,1.19
2014.10.15 07:50:55.738,7.27141,7.27275,1.19,1.19
2014.10.15 07:50:55.891,7.27132,7.27255,1.49,1.19
2014.10.15 07:50:56.144,7.2712,7.27228,1.19,1.30
2014.10.15 07:50:56.195,7.27101,7.27228,1.19,1.49
2014.10.15 07:50:57.184,7.27096,7.27228,1.19,1.49
2014.10.15 07:50:57.589,7.27081,7.27215,1.19,1.19
2014.10.15 07:50:58.714,7.27093,7.27227,1.19,1.19
2014.10.15 07:50:59.189,7.27151,7.27255,1.00,1.19
2014.10.15 07:50:59.493,7.27197,7.27298,1.00,1.19
2014.10.15 07:50:59.797,7.27212,7.27298,1.00,1.19
2014.10.15 07:50:59.898,7.27212,7.27318,1.00,1.49
2014.10.15 07:51:00.152,7.27232,7.27319,1.00,1.19
2014.10.15 07:51:00.304,7.27249,7.27342,1.00,1.19
2014.10.15 07:51:00.406,7.27249,7.27318,1.00,1.19
2014.10.15 07:51:00.507,7.27226,7.27318,1.00,1.19
2014.10.15 07:51:00.710,7.272,7.27318,1.00,1.19
2014.10.15 07:51:01.080,7.272,7.27322,1.19,1.19
2014.10.15 07:51:01.283,7.27236,7.27352,1.19,1.30
2014.10.15 07:51:01.386,7.27236,7.27356,1.19,1.00
2014.10.15 07:51:01.437,7.27236,7.27378,1.19,1.19
2014.10.15 07:51:01.488,7.27262,7.27378,1.00,1.19
2014.10.15 07:51:01.640,7.27262,7.27391,1.69,1.19
2014.10.15 07:51:01.691,7.27286,7.27398,1.00,1.19
2014.10.15 07:51:02.009,7.27288,7.27396,1.00,1.19
2014.10.15 07:51:02.686,7.27307,7.27398,1.00,1.19
2014.10.15 07:51:02.838,7.27307,7.27407,1.19,1.00
2014.10.15 07:51:02.889,7.27307,7.2744,1.19,1.19
2014.10.15 07:51:02.940,7.2733,7.2744,1.00,1.19
2014.10.15 07:51:03.562,7.27298,7.27405,1.00,1.19
2014.10.15 07:51:03.664,7.27298,7.27395,1.00,1.19
2014.10.15 07:51:03.715,7.27283,7.27385,1.00,1.30
2014.10.15 07:51:03.765,7.27283,7.27385,1.00,1.49
2014.10.15 07:51:03.816,7.27269,7.27385,1.00,1.49
2014.10.15 07:51:03.867,7.27269,7.27361,1.00,1.00
2014.10.15 07:51:04.121,7.27267,7.27371,1.19,1.00
2014.10.15 07:51:04.433,7.27267,7.27365,1.19,1.00
2014.10.15 07:51:04.636,7.27267,7.27371,1.19,1.00
2014.10.15 07:51:04.889,7.27268,7.27381,1.19,1.00
2014.10.15 07:51:05.861,7.27268,7.27371,1.00,1.19
2014.10.15 07:51:06.188,7.27268,7.27365,1.00,1.19
2014.10.15 07:51:06.239,7.27239,7.2736,1.00,1.19
2014.10.15 07:51:06.544,7.27239,7.27349,1.00,1.19
2014.10.15 07:51:06.848,7.27187,7.27284,1.00,1.19
2014.10.15 07:51:06.899,7.27169,7.27284,1.00,1.19
2014.10.15 07:51:06.950,7.27169,7.2728,1.00,1.00
2014.10.15 07:51:07.052,7.27169,7.2728,1.00,1.19
2014.10.15 07:51:07.578,7.2717,7.27268,1.00,1.19
2014.10.15 07:51:08.173,7.2717,7.27268,1.00,1.19
2014.10.15 07:51:09.385,7.2717,7.27274,1.00,1.25
2014.10.15 07:51:10.020,7.2717,7.27266,1.00,1.00
2014.10.15 07:51:10.749,7.2717,7.27266,1.00,1.19
2014.10.15 07:51:10.851,7.2717,7.27268,1.00,1.00
2014.10.15 07:51:10.902,7.2717,7.27264,1.00,1.00
2014.10.15 07:51:11.155,7.27148,7.2726,1.00,1.00
2014.10.15 07:51:11.408,7.2718,7.2726,1.00,1.00
2014.10.15 07:51:11.459,7.2718,7.27293,1.00,1.00
2014.10.15 07:51:11.662,7.2718,7.27297,1.00,1.00
2014.10.15 07:51:12.133,7.27156,7.27281,1.19,1.00
2014.10.15 07:51:12.453,7.27204,7.27274,1.00,1.00
2014.10.15 07:51:12.555,7.27204,7.27303,1.00,1.00
2014.10.15 07:51:12.657,7.27212,7.27303,1.00,1.00
2014.10.15 07:51:12.910,7.27212,7.27311,1.00,1.35
2014.10.15 07:51:13.163,7.27203,7.27318,1.00,1.60
2014.10.15 07:51:13.322,7.27203,7.27309,1.00,1.00
2014.10.15 07:51:13.532,7.27203,7.27311,1.00,1.35
2014.10.15 07:51:14.061,7.27216,7.27319,1.00,1.60
2014.10.15 07:51:14.349,7.27186,7.27322,1.00,1.60
2014.10.15 07:51:14.504,7.27179,7.2732,1.00,1.60
2014.10.15 07:51:14.555,7.27208,7.2732,1.00,1.60
2014.10.15 07:51:14.606,7.27208,7.2732,1.00,1.00
2014.10.15 07:51:14.707,7.2726,7.2732,1.00,1.00
2014.10.15 07:51:14.758,7.2726,7.27375,1.00,1.30
2014.10.15 07:51:14.809,7.2729,7.27375,1.00,1.30
2014.10.15 07:51:15.033,7.2729,7.27395,1.00,1.30
2014.10.15 07:51:15.084,7.2729,7.27403,1.00,1.30
2014.10.15 07:51:15.554,7.2729,7.27398,1.00,1.00
2014.10.15 07:51:15.882,7.27276,7.27392,1.00,1.00
2014.10.15 07:51:15.933,7.27276,7.27373,1.00,1.30
2014.10.15 07:51:16.136,7.27261,7.27371,1.00,1.00
2014.10.15 07:51:16.289,7.27261,7.27364,1.00,1.00
2014.10.15 07:51:16.834,7.27261,7.27373,1.00,1.30
2014.10.15 07:51:16.935,7.27278,7.27393,1.30,1.30
2014.10.15 07:51:16.986,7.27309,7.27396,1.19,1.00
2014.10.15 07:51:17.088,7.27322,7.27446,1.19,1.30
2014.10.15 07:51:17.189,7.27378,7.27484,1.19,1.30
2014.10.15 07:51:17.240,7.27395,7.27504,1.00,1.30
2014.10.15 07:51:17.291,7.27404,7.27515,1.19,1.00
2014.10.15 07:51:17.392,7.27395,7.27532,1.00,1.00
2014.10.15 07:51:17.443,7.27466,7.27532,1.00,1.00
2014.10.15 07:51:17.494,7.27466,7.27539,1.00,1.00
2014.10.15 07:51:17.849,7.27466,7.27552,1.00,1.00
2014.10.15 07:51:17.900,7.27427,7.27552,1.00,1.00
2014.10.15 07:51:18.178,7.27427,7.27547,1.00,1.00
2014.10.15 07:51:18.482,7.27457,7.27543,1.00,1.00
2014.10.15 07:51:18.634,7.27457,7.27578,1.00,1.30
2014.10.15 07:51:18.736,7.27481,7.27598,1.00,1.30
2014.10.15 07:51:18.787,7.27481,7.27606,1.00,1.30
2014.10.15 07:51:18.990,7.27465,7.27606,1.00,1.30
2014.10.15 07:51:19.765,7.27486,7.27606,1.00,1.30
2014.10.15 07:51:20.270,7.27487,7.27579,1.00,1.30
2014.10.15 07:51:20.372,7.27486,7.27623,1.00,1.30
2014.10.15 07:51:20.842,7.27486,7.27578,1.00,1.30
2014.10.15 07:51:20.943,7.27486,7.27598,1.00,1.30
2014.10.15 07:51:20.994,7.27486,7.27613,1.00,1.30
2014.10.15 07:51:21.595,7.27487,7.27613,1.00,1.30
2014.10.15 07:51:22.084,7.27487,7.27564,1.00,1.00
2014.10.15 07:51:22.185,7.27432,7.27547,1.19,2.05
2014.10.15 07:51:22.236,7.27381,7.27504,1.30,1.00
2014.10.15 07:51:22.287,7.27366,7.27504,1.00,1.00
2014.10.15 07:51:22.338,7.27391,7.27504,1.79,1.00
2014.10.15 07:51:22.642,7.27453,7.27569,1.69,1.30
2014.10.15 07:51:22.693,7.27483,7.27615,1.19,1.30
2014.10.15 07:51:22.896,7.27488,7.27643,1.00,1.30
2014.10.15 07:51:23.059,7.27488,7.27583,1.00,1.30
2014.10.15 07:51:23.363,7.27485,7.27603,1.19,1.30
2014.10.15 07:51:23.414,7.27485,7.27592,1.19,1.00
2014.10.15 07:51:23.717,7.27512,7.27583,1.00,1.30
2014.10.15 07:51:24.021,7.27482,7.27583,1.19,1.30
2014.10.15 07:51:24.123,7.27482,7.27583,1.00,1.30
2014.10.15 07:51:24.383,7.27472,7.27583,1.00,1.30
2014.10.15 07:51:24.435,7.27469,7.27583,1.19,1.30
2014.10.15 07:51:24.485,7.275,7.27583,1.00,1.30
2014.10.15 07:51:24.911,7.27465,7.27555,1.19,1.30
2014.10.15 07:51:25.013,7.27465,7.27555,1.00,1.30
2014.10.15 07:51:25.267,7.27438,7.27555,1.00,1.30
2014.10.15 07:51:25.470,7.27421,7.27555,1.19,1.30
2014.10.15 07:51:25.521,7.27421,7.27555,1.00,1.30
2014.10.15 07:51:25.572,7.27421,7.27588,1.00,1.90
2014.10.15 07:51:25.673,7.27447,7.27588,1.00,1.90
2014.10.15 07:51:26.027,7.27472,7.27588,1.00,1.90
2014.10.15 07:51:26.331,7.2744,7.27588,1.00,1.90
2014.10.15 07:51:26.382,7.2744,7.27557,1.00,1.30
2014.10.15 07:51:26.799,7.27446,7.27557,1.00,1.30
2014.10.15 07:51:26.900,7.27425,7.27557,1.00,1.30
2014.10.15 07:51:27.002,7.27398,7.27557,1.19,1.30
2014.10.15 07:51:27.053,7.27398,7.27557,1.00,1.30
2014.10.15 07:51:27.204,7.27388,7.27557,1.30,1.30
2014.10.15 07:51:27.356,7.274,7.27557,1.00,1.30
2014.10.15 07:51:27.559,7.27388,7.27557,1.30,1.30
2014.10.15 07:51:27.660,7.27401,7.27557,1.00,1.30
2014.10.15 07:51:27.863,7.27388,7.27557,1.30,1.30
2014.10.15 07:51:28.015,7.27379,7.27521,1.00,1.30
2014.10.15 07:51:28.320,7.274,7.27521,1.00,1.30
2014.10.15 07:51:28.636,7.27413,7.27521,1.00,1.30
2014.10.15 07:51:28.890,7.27429,7.2755,1.00,1.00
2014.10.15 07:51:28.991,7.27435,7.27569,1.00,3.04
2014.10.15 07:51:29.093,7.27442,7.27575,1.00,1.19
2014.10.15 07:51:29.144,7.27442,7.27575,1.00,1.00
2014.10.15 07:51:29.195,7.27466,7.27575,1.00,1.00
2014.10.15 07:51:29.297,7.27451,7.27575,1.00,1.00
2014.10.15 07:51:29.449,7.27454,7.27575,1.00,1.00
2014.10.15 07:51:29.500,7.27454,7.27595,1.00,1.19
2014.10.15 07:51:29.551,7.27454,7.27597,1.00,1.00
2014.10.15 07:51:29.652,7.27467,7.27597,1.00,1.00
2014.10.15 07:51:29.956,7.27443,7.27579,1.00,1.30
2014.10.15 07:51:30.109,7.27423,7.27579,1.00,1.30
2014.10.15 07:51:30.210,7.2744,7.27579,1.00,1.30
2014.10.15 07:51:30.518,7.2744,7.27501,1.00,1.30
2014.10.15 07:51:30.619,7.27432,7.27497,1.00,1.30
2014.10.15 07:51:31.037,7.27419,7.27527,1.00,1.30
2014.10.15 07:51:31.138,7.27405,7.27527,1.00,1.30
2014.10.15 07:51:31.189,7.27385,7.27527,1.00,1.30
2014.10.15 07:51:31.290,7.27372,7.27527,1.19,1.30
2014.10.15 07:51:31.392,7.2741,7.27527,1.00,1.30
2014.10.15 07:51:31.493,7.2741,7.27536,1.00,1.00
2014.10.15 07:51:31.544,7.2741,7.27559,1.00,1.30
2014.10.15 07:51:31.596,7.2741,7.27513,1.00,1.30
2014.10.15 07:51:31.799,7.27428,7.27564,1.00,1.00
2014.10.15 07:51:31.850,7.27414,7.27564,1.00,1.00
2014.10.15 07:51:31.952,7.27431,7.27564,1.00,1.00
2014.10.15 07:51:32.053,7.27412,7.27564,1.00,1.00
2014.10.15 07:51:32.104,7.27412,7.27529,1.00,1.30
2014.10.15 07:51:32.408,7.27397,7.27529,1.00,1.30
2014.10.15 07:51:32.509,7.27374,7.27529,1.19,1.30
2014.10.15 07:51:32.863,7.27365,7.27529,1.00,1.30
2014.10.15 07:51:33.067,7.27383,7.27529,1.00,1.30
2014.10.15 07:51:33.725,7.27385,7.27529,1.00,1.30
2014.10.15 07:51:34.073,7.27371,7.27501,1.00,1.30
2014.10.15 07:51:36.235,7.27369,7.27501,1.00,1.30
2014.10.15 07:51:36.882,7.27346,7.27501,1.19,1.30
2014.10.15 07:51:37.085,7.27347,7.27501,1.19,1.30
2014.10.15 07:51:38.182,7.27351,7.27501,1.19,1.30
2014.10.15 07:51:39.097,7.27346,7.27501,1.19,1.30
2014.10.15 07:51:40.093,7.27361,7.27501,1.25,1.30
2014.10.15 07:51:41.059,7.27361,7.27501,1.19,1.30
2014.10.15 07:51:42.021,7.27384,7.27501,1.00,1.30
2014.10.15 07:51:42.628,7.27385,7.27501,1.00,1.30
2014.10.15 07:51:43.262,7.27384,7.27501,1.00,1.30
2014.10.15 07:51:44.071,7.27385,7.27501,1.00,1.30
2014.10.15 07:51:46.285,7.27385,7.27484,1.00,1.00
2014.10.15 07:51:46.589,7.27331,7.27431,1.00,1.00
2014.10.15 07:51:46.640,7.27331,7.2742,1.00,2.10
2014.10.15 07:51:46.793,7.27252,7.27356,1.30,1.00
2014.10.15 07:51:46.844,7.27233,7.27356,1.00,1.00
2014.10.15 07:51:46.945,7.27225,7.27343,1.00,1.30
2014.10.15 07:51:47.249,7.27229,7.27343,1.00,1.30
2014.10.15 07:51:47.351,7.27215,7.27337,1.00,1.00
2014.10.15 07:51:47.453,7.27232,7.27337,1.00,1.00
2014.10.15 07:51:47.786,7.27194,7.27333,1.00,1.00
2014.10.15 07:51:47.888,7.27186,7.27333,1.00,1.00
2014.10.15 07:51:47.990,7.27186,7.2733,1.00,1.00
2014.10.15 07:51:48.315,7.27193,7.2733,1.00,1.00
2014.10.15 07:51:49.077,7.27193,7.27329,1.00,1.00
2014.10.15 07:51:49.212,7.27183,7.27329,1.00,1.00
2014.10.15 07:51:49.314,7.27187,7.27329,1.00,1.00
2014.10.15 07:51:49.692,7.27187,7.27321,1.00,1.00
2014.10.15 07:51:50.233,7.27187,7.2732,1.00,1.00
2014.10.15 07:51:50.903,7.27193,7.2732,1.00,1.00
2014.10.15 07:51:51.082,7.27193,7.27322,1.00,1.00
2014.10.15 07:51:51.630,7.27175,7.27322,1.30,1.00
2014.10.15 07:51:52.042,7.27175,7.2732,1.30,1.00
2014.10.15 07:51:52.952,7.2719,7.2732,1.00,1.00
2014.10.15 07:51:53.053,7.27175,7.27321,1.30,1.00
2014.10.15 07:51:54.022,7.27175,7.27319,1.30,1.00
2014.10.15 07:51:54.853,7.27174,7.2731,1.00,1.30
2014.10.15 07:51:54.954,7.2716,7.2731,1.87,1.30
2014.10.15 07:51:55.056,7.2716,7.27302,1.12,1.00
2014.10.15 07:51:55.519,7.27164,7.27293,1.00,1.00
2014.10.15 07:51:55.570,7.27153,7.27293,1.94,1.00
2014.10.15 07:51:56.012,7.27153,7.27286,1.75,1.00
2014.10.15 07:51:56.063,7.27153,7.27286,1.00,1.00
2014.10.15 07:51:56.116,7.27145,7.27286,1.00,1.00
2014.10.15 07:51:56.167,7.27143,7.27274,1.00,1.30
2014.10.15 07:51:56.319,7.27133,7.27274,1.37,1.30
2014.10.15 07:51:56.370,7.27133,7.27274,1.00,1.30
2014.10.15 07:51:56.472,7.27123,7.27259,1.00,1.00
2014.10.15 07:51:56.779,7.27123,7.27254,1.00,1.00
2014.10.15 07:51:56.880,7.27117,7.27254,1.00,1.00
2014.10.15 07:51:57.561,7.27117,7.27248,1.00,1.00
2014.10.15 07:51:57.713,7.27104,7.27242,1.00,1.30
2014.10.15 07:51:57.865,7.27114,7.27242,1.00,1.30
2014.10.15 07:51:58.677,7.27123,7.27242,1.00,1.30
2014.10.15 07:51:59.021,7.27154,7.27242,1.00,1.30
2014.10.15 07:51:59.073,7.27154,7.27265,1.00,1.00
2014.10.15 07:51:59.225,7.27153,7.27271,1.00,1.30
2014.10.15 07:51:59.862,7.27163,7.27271,1.00,1.30
2014.10.15 07:52:00.284,7.27153,7.27271,1.00,1.30
2014.10.15 07:52:00.865,7.27163,7.27271,1.00,1.30
2014.10.15 07:52:02.836,7.27155,7.27271,1.00,1.30
2014.10.15 07:52:03.089,7.27143,7.27271,1.00,1.30
2014.10.15 07:52:03.292,7.27163,7.2727,1.00,1.00
2014.10.15 07:52:03.851,7.27163,7.27271,1.00,1.30
2014.10.15 07:52:04.125,7.27131,7.27271,1.75,1.30
2014.10.15 07:52:06.408,7.27124,7.27271,1.37,1.30
2014.10.15 07:52:06.549,7.27143,7.27271,1.00,1.30
2014.10.15 07:52:06.600,7.27151,7.27291,1.00,1.49
2014.10.15 07:52:06.840,7.27184,7.27291,1.00,1.30
2014.10.15 07:52:06.892,7.27193,7.27335,1.00,1.19
2014.10.15 07:52:06.994,7.27203,7.27335,1.00,1.19
2014.10.15 07:52:07.298,7.27203,7.27336,1.00,1.30
2014.10.15 07:52:07.349,7.27214,7.27336,1.00,1.30
2014.10.15 07:52:07.553,7.27193,7.27336,1.00,1.30
2014.10.15 07:52:07.667,7.27193,7.27336,1.00,1.49
2014.10.15 07:52:08.224,7.27203,7.27336,1.00,1.49
2014.10.15 07:52:08.378,7.27203,7.27336,1.00,1.30
2014.10.15 07:52:08.530,7.27213,7.27336,1.00,1.30
2014.10.15 07:52:08.842,7.27223,7.27336,1.00,1.30
2014.10.15 07:52:09.231,7.27203,7.27336,1.00,1.30
2014.10.15 07:52:09.637,7.27193,7.27336,1.00,1.30
2014.10.15 07:52:11.091,7.27185,7.27336,1.00,1.30
2014.10.15 07:52:11.212,7.27183,7.27336,1.50,1.30
2014.10.15 07:52:11.313,7.27284,7.27336,1.00,1.30
2014.10.15 07:52:11.415,7.27277,7.27336,1.00,1.30
2014.10.15 07:52:11.518,7.27281,7.27407,1.30,1.00
2014.10.15 07:52:11.619,7.27277,7.27398,1.00,1.30
2014.10.15 07:52:11.671,7.27281,7.27427,1.30,1.31
2014.10.15 07:52:12.416,7.27281,7.27423,1.30,1.19
2014.10.15 07:52:12.618,7.27253,7.27397,1.30,1.31
2014.10.15 07:52:12.720,7.27253,7.27382,1.30,1.19
2014.10.15 07:52:12.821,7.2725,7.27368,1.00,1.49
2014.10.15 07:52:12.872,7.27223,7.27348,1.00,1.00
2014.10.15 07:52:13.025,7.27223,7.27337,1.00,1.30
2014.10.15 07:52:13.342,7.27239,7.27337,1.00,1.30
2014.10.15 07:52:13.842,7.27239,7.27326,1.00,1.00
2014.10.15 07:52:14.146,7.27216,7.27309,1.00,1.30
2014.10.15 07:52:14.247,7.27201,7.27309,1.50,1.30
2014.10.15 07:52:14.349,7.27193,7.27309,1.00,1.30
2014.10.15 07:52:14.894,7.27194,7.27308,1.00,1.00
2014.10.15 07:52:15.148,7.27183,7.27309,1.00,1.30
2014.10.15 07:52:16.222,7.27197,7.27309,1.00,1.30
2014.10.15 07:52:16.523,7.27193,7.27309,1.00,1.30
2014.10.15 07:52:16.892,7.27183,7.27309,1.50,1.30
2014.10.15 07:52:20.468,7.27183,7.27299,1.00,1.00
2014.10.15 07:52:20.519,7.27174,7.27299,1.00,1.00
2014.10.15 07:52:20.671,7.27183,7.27303,1.00,1.00
2014.10.15 07:52:21.011,7.27193,7.27303,1.00,1.00
2014.10.15 07:52:21.232,7.27193,7.27309,1.00,1.30
2014.10.15 07:52:21.334,7.27203,7.27309,1.00,1.30
2014.10.15 07:52:21.643,7.27223,7.27309,1.00,1.30
2014.10.15 07:52:21.947,7.27233,7.27332,1.00,1.00
2014.10.15 07:52:21.999,7.27244,7.27339,1.00,1.30
2014.10.15 07:52:22.050,7.27244,7.27365,1.00,1.30
2014.10.15 07:52:22.202,7.27254,7.27365,1.00,1.30
2014.10.15 07:52:22.548,7.27243,7.27365,1.00,1.30
2014.10.15 07:52:22.751,7.27253,7.27365,1.00,1.30
2014.10.15 07:52:22.852,7.27223,7.27365,1.00,1.30
2014.10.15 07:52:23.053,7.27217,7.27365,1.00,1.30
2014.10.15 07:52:23.154,7.27215,7.27365,1.00,1.30
2014.10.15 07:52:23.631,7.27208,7.27338,1.00,1.30
2014.10.15 07:52:23.885,7.27193,7.27336,1.00,1.00
2014.10.15 07:52:24.088,7.27193,7.27332,1.00,1.00
2014.10.15 07:52:24.240,7.2719,7.27332,1.00,1.00
2014.10.15 07:52:24.441,7.272,7.27332,1.00,1.00
2014.10.15 07:52:25.019,7.2719,7.27332,1.00,1.00
2014.10.15 07:52:25.171,7.2719,7.27323,1.00,1.00
2014.10.15 07:52:29.641,7.2719,7.27307,1.00,1.30
2014.10.15 07:52:30.055,7.2718,7.27307,1.00,1.30
2014.10.15 07:52:30.257,7.27188,7.27307,1.00,1.30
2014.10.15 07:52:30.362,7.2718,7.27307,1.00,1.30
2014.10.15 07:52:35.683,7.2718,7.27327,1.19,1.30
2014.10.15 07:52:35.734,7.27213,7.27335,1.00,1.30
2014.10.15 07:52:36.088,7.27213,7.27355,1.00,1.30
2014.10.15 07:52:36.139,7.27223,7.27362,1.00,1.72
2014.10.15 07:52:36.962,7.27224,7.27362,1.00,1.30
2014.10.15 07:52:41.552,7.27224,7.27358,1.00,1.00
2014.10.15 07:52:42.254,7.27224,7.27346,1.00,1.00
2014.10.15 07:52:42.407,7.27201,7.27329,1.00,1.30
2014.10.15 07:52:42.509,7.2719,7.27329,1.00,1.30
2014.10.15 07:52:42.559,7.2719,7.2732,1.00,1.00
2014.10.15 07:52:42.712,7.27183,7.2732,1.00,1.00
2014.10.15 07:52:42.762,7.27183,7.27312,1.00,1.00
2014.10.15 07:52:43.384,7.27175,7.27299,1.00,1.30
2014.10.15 07:52:46.892,7.27183,7.27299,1.00,1.30
2014.10.15 07:52:47.213,7.27187,7.27292,1.00,1.00
2014.10.15 07:52:47.542,7.27187,7.27281,1.00,1.00
2014.10.15 07:52:47.694,7.27173,7.27281,1.00,1.00
2014.10.15 07:52:47.745,7.27173,7.27271,1.00,1.30
2014.10.15 07:52:48.049,7.27154,7.27237,1.00,1.30
2014.10.15 07:52:48.252,7.27143,7.27237,1.00,1.30
2014.10.15 07:52:48.863,7.27138,7.27237,1.00,1.30
2014.10.15 07:52:50.851,7.27133,7.27237,1.00,1.30
2014.10.15 07:52:50.953,7.27143,7.27237,1.00,1.30
2014.10.15 07:52:51.383,7.27153,7.27237,1.00,1.30
2014.10.15 07:52:53.706,7.27183,7.27257,1.00,1.30
2014.10.15 07:52:53.757,7.27183,7.27262,1.00,1.00
2014.10.15 07:52:53.909,7.27183,7.27267,1.00,1.30
2014.10.15 07:52:54.202,7.27173,7.27267,1.00,1.72
2014.10.15 07:52:54.253,7.27163,7.27267,1.00,1.72
2014.10.15 07:52:54.457,7.27163,7.27262,1.00,1.00
2014.10.15 07:52:54.508,7.27153,7.27262,1.00,1.00
2014.10.15 07:52:54.690,7.27163,7.27262,1.00,1.00
2014.10.15 07:52:54.998,7.27173,7.2726,1.00,1.00
2014.10.15 07:52:55.452,7.27154,7.2726,1.00,1.00
2014.10.15 07:52:55.673,7.27163,7.2726,1.00,1.00
2014.10.15 07:52:56.181,7.27163,7.27266,1.00,1.00
2014.10.15 07:52:56.333,7.27173,7.27266,1.00,1.00
2014.10.15 07:52:56.535,7.27183,7.27294,1.00,1.19
2014.10.15 07:52:56.586,7.27183,7.27294,1.00,1.00
2014.10.15 07:52:56.840,7.27183,7.27296,1.00,1.30
2014.10.15 07:52:58.837,7.27198,7.27296,1.00,1.30
2014.10.15 07:52:59.116,7.272,7.27356,1.30,1.19
2014.10.15 07:52:59.320,7.27219,7.27356,1.00,1.19
2014.10.15 07:52:59.371,7.27219,7.27368,1.00,1.72
2014.10.15 07:52:59.422,7.27223,7.27368,1.00,1.72
2014.10.15 07:52:59.770,7.27226,7.27358,1.00,1.00
2014.10.15 07:53:00.112,7.27226,7.2734,1.00,1.30
2014.10.15 07:53:00.324,7.27208,7.27339,1.00,1.00
2014.10.15 07:53:00.374,7.27208,7.27322,1.00,1.00
2014.10.15 07:53:00.676,7.27213,7.27322,1.00,1.00
2014.10.15 07:53:00.842,7.27193,7.2734,1.00,1.30
2014.10.15 07:53:00.943,7.27217,7.2734,1.00,1.30
2014.10.15 07:53:01.045,7.27219,7.27371,1.00,1.30
2014.10.15 07:53:01.352,7.27231,7.27371,1.00,1.30
2014.10.15 07:53:01.581,7.27217,7.27364,1.00,1.00
2014.10.15 07:53:01.733,7.27213,7.27364,1.00,1.00
2014.10.15 07:53:01.784,7.27213,7.27359,1.00,1.30
2014.10.15 07:53:02.088,7.27223,7.27339,1.00,1.72
2014.10.15 07:53:02.911,7.27223,7.27333,1.00,1.00
2014.10.15 07:53:03.381,7.27223,7.27333,1.19,1.00
2014.10.15 07:53:03.912,7.27218,7.27325,1.19,1.00
2014.10.15 07:53:04.216,7.27218,7.27322,1.19,1.00
2014.10.15 07:53:04.371,7.27218,7.2733,1.19,1.00
2014.10.15 07:53:04.422,7.27213,7.2733,1.19,1.19
2014.10.15 07:53:04.932,7.27223,7.27322,1.00,1.19
2014.10.15 07:53:05.143,7.27213,7.27332,1.19,1.19
2014.10.15 07:53:05.811,7.27203,7.27328,1.19,1.69
2014.10.15 07:53:06.812,7.27194,7.27321,1.19,1.19
2014.10.15 07:53:08.486,7.27193,7.27319,1.19,1.19
2014.10.15 07:53:09.203,7.27203,7.27305,1.00,1.49
2014.10.15 07:53:09.690,7.27203,7.27305,1.00,1.49
2014.10.15 07:53:10.692,7.27203,7.27305,1.00,1.49
2014.10.15 07:53:12.798,7.27203,7.27305,1.00,1.49
2014.10.15 07:53:15.162,7.27193,7.27305,1.19,1.49
2014.10.15 07:53:15.213,7.27193,7.27305,1.00,1.49
2014.10.15 07:53:15.381,7.27174,7.27305,1.19,1.49
2014.10.15 07:53:16.510,7.27173,7.27293,1.19,1.19
2014.10.15 07:53:16.905,7.27183,7.27293,1.00,1.19
2014.10.15 07:53:17.353,7.27193,7.27293,1.00,1.19
2014.10.15 07:53:17.640,7.27193,7.27305,1.00,1.49
2014.10.15 07:53:18.817,7.27193,7.27305,1.19,1.16
2014.10.15 07:53:19.692,7.27203,7.27305,1.00,1.16
2014.10.15 07:53:19.996,7.27203,7.27304,1.19,1.00
2014.10.15 07:53:20.148,7.27203,7.27302,1.00,1.19
2014.10.15 07:53:21.271,7.27203,7.27302,1.00,1.19
2014.10.15 07:53:22.326,7.27213,7.27305,1.00,1.49
2014.10.15 07:53:22.510,7.27203,7.27305,1.00,1.49
2014.10.15 07:53:22.768,7.27193,7.27305,1.19,1.49
2014.10.15 07:53:22.870,7.27253,7.27308,1.00,1.00
2014.10.15 07:53:22.921,7.27253,7.27333,1.00,1.00
2014.10.15 07:53:22.972,7.27264,7.27367,1.00,1.00
2014.10.15 07:53:23.124,7.27287,7.27367,1.00,1.00
2014.10.15 07:53:23.175,7.27287,7.27414,1.00,1.30
2014.10.15 07:53:23.226,7.27327,7.27433,1.00,1.19
2014.10.15 07:53:23.630,7.27358,7.27437,1.00,1.19
2014.10.15 07:53:24.235,7.27358,7.27437,1.00,1.19
2014.10.15 07:53:25.211,7.27342,7.27437,1.00,1.19
2014.10.15 07:53:25.262,7.27342,7.27437,1.00,1.19
2014.10.15 07:53:26.283,7.27316,7.27437,1.69,1.19
2014.10.15 07:53:26.384,7.27316,7.27437,1.19,1.19
2014.10.15 07:53:26.692,7.27299,7.27414,1.00,1.19
2014.10.15 07:53:26.743,7.2728,7.27412,1.19,1.49
2014.10.15 07:53:27.310,7.2728,7.27391,1.19,1.00
2014.10.15 07:53:27.569,7.27259,7.27381,1.19,1.19
2014.10.15 07:53:27.873,7.27244,7.27373,1.49,1.19
2014.10.15 07:53:28.075,7.27233,7.27349,1.00,1.49
2014.10.15 07:53:28.380,7.27214,7.27317,1.19,1.00
2014.10.15 07:53:28.630,7.27214,7.2732,1.19,1.00
2014.10.15 07:53:28.893,7.27212,7.27325,1.19,1.00
2014.10.15 07:53:29.427,7.27212,7.27324,1.19,1.00
2014.10.15 07:53:29.479,7.272,7.27324,1.19,1.19
2014.10.15 07:53:30.690,7.27192,7.27321,1.19,1.49
2014.10.15 07:53:30.994,7.27192,7.27304,1.19,1.00
2014.10.15 07:53:31.339,7.27192,7.27293,1.19,1.00
2014.10.15 07:53:31.686,7.27176,7.27293,1.19,1.19
2014.10.15 07:53:32.300,7.27176,7.27291,1.19,1.00
2014.10.15 07:53:32.664,7.27181,7.27291,1.19,1.00
2014.10.15 07:53:34.279,7.27181,7.27283,1.19,1.00
2014.10.15 07:53:35.372,7.27179,7.27283,1.19,1.00
2014.10.15 07:53:35.561,7.27179,7.27287,1.19,1.00
2014.10.15 07:53:36.475,7.27176,7.27287,1.19,1.00
2014.10.15 07:53:36.550,7.27176,7.27296,1.19,1.19
2014.10.15 07:53:37.578,7.27185,7.27295,1.19,1.00
2014.10.15 07:53:38.732,7.27188,7.27295,1.19,1.00
2014.10.15 07:53:39.108,7.27188,7.27299,1.19,1.00
2014.10.15 07:53:39.611,7.27199,7.27299,1.19,1.00
2014.10.15 07:53:39.966,7.27199,7.27304,1.19,1.00
2014.10.15 07:53:40.631,7.27196,7.27304,1.19,1.00
2014.10.15 07:53:42.610,7.27199,7.27304,1.19,1.00
2014.10.15 07:53:42.860,7.27199,7.27307,1.19,1.00
2014.10.15 07:53:43.384,7.27208,7.27315,1.19,1.19
2014.10.15 07:53:43.661,7.27213,7.27315,1.19,1.00
2014.10.15 07:53:44.161,7.27213,7.2732,1.19,1.00
2014.10.15 07:53:44.917,7.27211,7.2732,1.19,1.00
2014.10.15 07:53:45.611,7.27211,7.27342,1.19,1.19
2014.10.15 07:53:45.965,7.27219,7.27338,1.19,1.19
2014.10.15 07:53:47.572,7.2722,7.27338,1.19,1.19
2014.10.15 07:53:48.530,7.27222,7.27338,1.19,1.25
2014.10.15 07:53:49.900,7.27222,7.27326,1.19,1.00
2014.10.15 07:53:49.951,7.27218,7.27326,1.19,1.00
2014.10.15 07:53:50.103,7.27218,7.27334,1.19,1.25
2014.10.15 07:53:50.939,7.27215,7.27334,1.19,1.19
2014.10.15 07:53:51.942,7.2722,7.27334,1.19,1.00
2014.10.15 07:53:52.705,7.27235,7.27334,1.30,1.00
2014.10.15 07:53:53.009,7.27271,7.27368,1.30,1.00
2014.10.15 07:53:53.211,7.27283,7.27391,1.19,1.00
2014.10.15 07:53:53.313,7.27283,7.27374,1.19,1.00
2014.10.15 07:53:53.620,7.27283,7.27383,1.19,1.00
2014.10.15 07:53:54.170,7.27285,7.27383,1.19,1.00
2014.10.15 07:53:54.273,7.27271,7.27383,1.49,1.00
2014.10.15 07:53:54.390,7.27271,7.2739,1.49,1.00
2014.10.15 07:53:54.441,7.27301,7.2739,1.30,1.00
2014.10.15 07:53:54.593,7.27303,7.27415,1.00,1.00
2014.10.15 07:53:54.695,7.27301,7.27416,1.72,1.00
2014.10.15 07:53:55.143,7.27324,7.27417,1.00,1.00
2014.10.15 07:53:56.019,7.27324,7.27402,1.00,1.00
2014.10.15 07:53:56.150,7.27301,7.27402,1.16,1.00
2014.10.15 07:53:56.353,7.27301,7.27387,1.16,1.00
2014.10.15 07:53:56.454,7.27297,7.27387,1.00,1.00
2014.10.15 07:53:56.572,7.27297,7.27395,1.00,1.00
2014.10.15 07:53:56.819,7.27302,7.27405,1.30,1.00
2014.10.15 07:53:56.972,7.27307,7.27425,1.19,1.00
2014.10.15 07:53:57.277,7.27365,7.27425,1.00,1.00
2014.10.15 07:53:57.778,7.27364,7.27425,1.00,1.00
2014.10.15 07:53:57.829,7.27364,7.27444,1.00,1.00
2014.10.15 07:53:58.253,7.2733,7.27444,1.49,1.00
2014.10.15 07:53:58.405,7.2733,7.27444,1.30,1.00
2014.10.15 07:53:58.506,7.2733,7.27422,1.30,1.00
2014.10.15 07:53:58.658,7.27306,7.27422,1.00,1.00
2014.10.15 07:53:58.869,7.27327,7.27422,1.00,1.00
2014.10.15 07:54:00.475,7.27339,7.27447,1.30,1.00
2014.10.15 07:54:00.577,7.27368,7.27447,1.00,1.00
2014.10.15 07:54:00.880,7.2737,7.27447,1.00,1.00
2014.10.15 07:54:02.179,7.27367,7.27447,1.00,1.00
2014.10.15 07:54:02.230,7.27367,7.27481,1.00,1.00
2014.10.15 07:54:02.432,7.27367,7.27441,1.00,1.00
2014.10.15 07:54:02.534,7.27309,7.27441,1.49,1.00
2014.10.15 07:54:02.893,7.27313,7.27449,1.19,1.30
2014.10.15 07:54:03.314,7.27421,7.27449,1.00,1.30
2014.10.15 07:54:03.365,7.27425,7.27479,1.00,1.30
2014.10.15 07:54:03.416,7.2745,7.27479,1.00,1.30
2014.10.15 07:54:03.467,7.2745,7.27507,1.00,1.00
2014.10.15 07:54:03.569,7.2745,7.27574,1.00,1.00
2014.10.15 07:54:03.670,7.2745,7.27607,1.00,1.00
2014.10.15 07:54:03.721,7.27444,7.27603,1.00,1.00
2014.10.15 07:54:03.902,7.2745,7.27603,1.30,1.00
2014.10.15 07:54:04.234,7.2747,7.27603,1.30,1.00
2014.10.15 07:54:04.285,7.2747,7.27612,1.30,1.00
2014.10.15 07:54:04.622,7.2747,7.27614,1.30,1.00
2014.10.15 07:54:04.724,7.2747,7.27578,1.30,1.30
2014.10.15 07:54:04.775,7.27448,7.27558,1.00,1.30
2014.10.15 07:54:05.072,7.27444,7.27556,1.00,1.00
2014.10.15 07:54:05.224,7.27413,7.27556,1.00,1.00
2014.10.15 07:54:05.326,7.27395,7.27539,1.00,1.30
2014.10.15 07:54:05.377,7.27395,7.27507,1.00,1.00
2014.10.15 07:54:05.530,7.27379,7.27507,1.00,1.00
2014.10.15 07:54:05.825,7.27379,7.27505,1.00,1.00
2014.10.15 07:54:06.141,7.27379,7.27503,1.00,1.00
2014.10.15 07:54:06.484,7.27361,7.27489,1.19,1.00
2014.10.15 07:54:06.802,7.27361,7.27475,1.19,1.00
2014.10.15 07:54:07.129,7.27361,7.27481,1.19,1.00
2014.10.15 07:54:07.296,7.27361,7.27481,1.00,1.00
2014.10.15 07:54:07.830,7.27361,7.27477,1.00,1.00
2014.10.15 07:54:08.300,7.27361,7.27475,1.00,1.00
2014.10.15 07:54:08.351,7.27361,7.27477,1.00,1.00
2014.10.15 07:54:08.503,7.27367,7.27477,1.19,1.00
2014.10.15 07:54:08.604,7.27367,7.27506,1.19,1.00
2014.10.15 07:54:08.807,7.27372,7.27516,1.19,1.00
2014.10.15 07:54:09.109,7.27372,7.27518,1.19,1.00
2014.10.15 07:54:09.809,7.27372,7.27518,1.19,1.00
2014.10.15 07:54:10.948,7.27372,7.27518,1.19,1.00
2014.10.15 07:54:11.118,7.27388,7.27518,1.00,1.00
2014.10.15 07:54:16.171,7.27412,7.27519,1.00,1.30
2014.10.15 07:54:16.671,7.27433,7.27519,1.00,1.30
2014.10.15 07:54:17.923,7.27411,7.27519,1.00,1.30
2014.10.15 07:54:17.974,7.27411,7.27507,1.00,1.30
2014.10.15 07:54:18.280,7.27413,7.27509,1.00,1.00
2014.10.15 07:54:18.619,7.27427,7.27523,1.00,1.30
2014.10.15 07:54:19.223,7.27447,7.27523,1.00,1.30
2014.10.15 07:54:20.735,7.27447,7.27543,1.00,1.30
2014.10.15 07:54:20.786,7.27442,7.27546,1.00,1.00
2014.10.15 07:54:20.887,7.27442,7.27554,1.00,1.00
2014.10.15 07:54:21.219,7.27406,7.27554,1.19,1.00
2014.10.15 07:54:21.270,7.27406,7.27552,1.25,1.00
2014.10.15 07:54:22.368,7.27406,7.27553,1.25,1.00
2014.10.15 07:54:22.469,7.27406,7.27546,1.00,1.00
2014.10.15 07:54:22.809,7.27408,7.27541,1.30,1.00
2014.10.15 07:54:23.113,7.27408,7.27539,1.30,1.00
2014.10.15 07:54:23.416,7.27406,7.27529,1.00,1.00
2014.10.15 07:54:24.440,7.27406,7.27533,1.00,1.00
2014.10.15 07:54:25.178,7.27406,7.27532,1.00,1.00
2014.10.15 07:54:27.835,7.2739,7.27532,1.25,1.00
2014.10.15 07:54:28.061,7.2739,7.2754,1.25,1.00
2014.10.15 07:54:28.213,7.27404,7.2754,1.00,1.00
2014.10.15 07:54:28.416,7.27409,7.27553,1.30,1.00
2014.10.15 07:54:28.791,7.27409,7.27547,1.30,1.00
2014.10.15 07:54:29.106,7.27385,7.27513,1.00,1.00
2014.10.15 07:54:29.410,7.27444,7.27545,1.30,1.19
2014.10.15 07:54:29.512,7.27444,7.2757,1.30,1.00
2014.10.15 07:54:29.563,7.27444,7.27567,1.30,1.00
2014.10.15 07:54:29.867,7.27444,7.27562,1.30,1.00
2014.10.15 07:54:30.392,7.27445,7.2758,1.00,1.00
2014.10.15 07:54:30.595,7.27444,7.27598,1.30,1.00
2014.10.15 07:54:31.465,7.27462,7.27598,1.00,1.00
2014.10.15 07:54:32.672,7.27462,7.27602,1.00,1.00
2014.10.15 07:54:34.559,7.27462,7.27604,1.00,1.00
2014.10.15 07:54:34.863,7.27462,7.27586,1.00,1.00
2014.10.15 07:54:35.015,7.27444,7.27586,1.49,1.00
2014.10.15 07:54:35.116,7.27444,7.27558,1.30,1.00
2014.10.15 07:54:35.420,7.27444,7.27551,1.30,1.00
2014.10.15 07:54:35.989,7.27444,7.27541,1.30,1.00
2014.10.15 07:54:36.040,7.27416,7.27541,1.00,1.00
2014.10.15 07:54:36.210,7.27416,7.27531,1.00,1.00
2014.10.15 07:54:36.410,7.27416,7.27534,1.00,1.00
2014.10.15 07:54:36.629,7.27416,7.2754,1.00,1.00
2014.10.15 07:54:36.870,7.27416,7.27548,1.00,1.00
2014.10.15 07:54:37.139,7.27494,7.27548,1.30,1.00
2014.10.15 07:54:37.190,7.27494,7.27558,1.30,1.00
2014.10.15 07:54:37.393,7.27494,7.27567,1.30,1.00
2014.10.15 07:54:37.444,7.27477,7.27567,1.30,1.00
2014.10.15 07:54:37.748,7.27477,7.27565,1.30,1.00
2014.10.15 07:54:38.059,7.27477,7.27567,1.30,1.00
2014.10.15 07:54:38.380,7.27477,7.27562,1.30,1.00
2014.10.15 07:54:39.004,7.27477,7.27555,1.30,1.00
2014.10.15 07:54:39.458,7.27477,7.27553,1.30,1.00
2014.10.15 07:54:39.783,7.27477,7.27547,1.30,1.00
2014.10.15 07:54:39.935,7.27477,7.27609,1.30,1.00
2014.10.15 07:54:39.986,7.27518,7.27614,1.30,1.00
2014.10.15 07:54:40.409,7.27518,7.27604,1.30,1.00
2014.10.15 07:54:40.561,7.27498,7.27604,1.30,1.00
2014.10.15 07:54:40.612,7.27488,7.27604,1.30,1.00
2014.10.15 07:54:40.713,7.27488,7.27599,1.30,1.00
2014.10.15 07:54:42.241,7.27488,7.27592,1.30,1.00
2014.10.15 07:54:42.393,7.27468,7.27592,1.30,1.00
2014.10.15 07:54:42.444,7.27454,7.27592,1.30,1.00
2014.10.15 07:54:42.596,7.27454,7.27574,1.30,1.00
2014.10.15 07:54:42.935,7.27454,7.27531,1.30,1.00
2014.10.15 07:54:43.260,7.2742,7.27513,1.30,1.00
2014.10.15 07:54:43.549,7.2742,7.27516,1.30,1.00
2014.10.15 07:54:44.060,7.2742,7.27517,1.30,1.00
2014.10.15 07:54:44.612,7.2742,7.27516,1.30,1.00
2014.10.15 07:54:44.793,7.2742,7.27522,1.30,1.00
2014.10.15 07:54:44.995,7.2742,7.27535,1.30,1.00
2014.10.15 07:54:45.046,7.2742,7.27542,1.30,1.25
2014.10.15 07:54:45.350,7.2742,7.27522,1.30,1.00
2014.10.15 07:54:45.710,7.2742,7.27513,1.30,1.00
2014.10.15 07:54:46.424,7.2742,7.27505,1.30,1.00
2014.10.15 07:54:46.576,7.27389,7.27505,1.30,1.00
2014.10.15 07:54:46.677,7.27389,7.2749,1.30,1.00
2014.10.15 07:54:46.880,7.27389,7.27496,1.30,1.00
2014.10.15 07:54:47.082,7.27389,7.27482,1.30,1.00
2014.10.15 07:54:48.200,7.27389,7.27488,1.30,1.00
2014.10.15 07:54:48.422,7.27389,7.27499,1.30,1.00
2014.10.15 07:54:48.624,7.27389,7.27496,1.30,1.00
2014.10.15 07:54:48.878,7.27389,7.27513,1.30,1.00
2014.10.15 07:54:49.353,7.27399,7.27513,1.30,1.00
2014.10.15 07:54:49.778,7.27419,7.27523,1.30,1.00
2014.10.15 07:54:50.290,7.27419,7.27519,1.30,1.00
2014.10.15 07:54:50.493,7.27387,7.27492,1.30,1.00
2014.10.15 07:54:50.747,7.27387,7.27478,1.30,1.00
2014.10.15 07:54:51.052,7.27387,7.2747,1.30,1.00
2014.10.15 07:54:51.908,7.27387,7.27471,1.30,1.00
2014.10.15 07:54:52.060,7.27355,7.27471,1.30,1.00
2014.10.15 07:54:52.250,7.27361,7.27468,1.00,1.00
2014.10.15 07:54:53.128,7.27361,7.27465,1.00,1.00
2014.10.15 07:54:53.230,7.27355,7.27465,1.30,1.00
2014.10.15 07:54:58.119,7.27327,7.27452,1.30,1.00
2014.10.15 07:54:58.223,7.27327,7.27431,1.30,1.00
2014.10.15 07:54:59.633,7.27327,7.2744,1.30,1.00
2014.10.15 07:54:59.832,7.27327,7.27433,1.30,1.00
2014.10.15 07:55:00.186,7.27327,7.2743,1.30,1.00
2014.10.15 07:55:00.389,7.27327,7.27438,1.30,1.00
2014.10.15 07:55:00.932,7.27327,7.27447,1.30,1.00
2014.10.15 07:55:01.185,7.27327,7.27454,1.30,1.00
2014.10.15 07:55:01.390,7.2736,7.27454,1.30,1.00
2014.10.15 07:55:01.506,7.2736,7.27465,1.30,1.00
2014.10.15 07:55:01.760,7.2736,7.27477,1.30,1.00
2014.10.15 07:55:01.934,7.2736,7.27485,1.30,1.60
2014.10.15 07:55:02.951,7.2736,7.27489,1.30,1.00
2014.10.15 07:55:03.010,7.27385,7.27489,1.00,1.00
2014.10.15 07:55:03.361,7.2739,7.27493,1.30,1.00
2014.10.15 07:55:03.947,7.2739,7.27491,1.30,1.00
2014.10.15 07:55:04.149,7.2739,7.27493,1.30,1.00
2014.10.15 07:55:04.879,7.2739,7.27494,1.30,1.00
2014.10.15 07:55:05.132,7.2739,7.27487,1.30,1.00
2014.10.15 07:55:05.441,7.2739,7.27489,1.30,1.00
2014.10.15 07:55:06.329,7.2739,7.27485,1.30,1.00
2014.10.15 07:55:07.639,7.2739,7.27487,1.30,1.00
2014.10.15 07:55:08.631,7.2739,7.27481,1.30,1.00
2014.10.15 07:55:08.732,7.27362,7.27481,1.30,1.00
2014.10.15 07:55:08.994,7.27362,7.27473,1.30,1.00
2014.10.15 07:55:09.425,7.27362,7.27465,1.30,1.00
2014.10.15 07:55:10.177,7.27362,7.27468,1.30,1.00
2014.10.15 07:55:11.282,7.27362,7.2746,1.30,1.00
2014.10.15 07:55:11.599,7.27362,7.27464,1.30,1.00
2014.10.15 07:55:11.950,7.27362,7.27469,1.30,1.00
2014.10.15 07:55:12.416,7.27362,7.27473,1.30,1.00
2014.10.15 07:55:12.541,7.2739,7.27473,1.30,1.00
2014.10.15 07:55:12.744,7.27419,7.27509,1.30,1.00
2014.10.15 07:55:12.946,7.27419,7.27514,1.30,1.00
2014.10.15 07:55:13.250,7.27419,7.2752,1.30,1.00
2014.10.15 07:55:13.503,7.27419,7.27522,1.30,1.00
2014.10.15 07:55:13.799,7.27419,7.2752,1.30,1.00
2014.10.15 07:55:14.254,7.27448,7.2752,1.30,1.00
2014.10.15 07:55:15.388,7.27448,7.27526,1.30,1.00
2014.10.15 07:55:15.902,7.27448,7.27517,1.30,1.00
2014.10.15 07:55:15.953,7.27427,7.27517,1.00,1.00
2014.10.15 07:55:16.763,7.27419,7.27517,1.00,1.00
2014.10.15 07:55:17.557,7.27419,7.27511,1.00,1.00
2014.10.15 07:55:17.659,7.27415,7.27511,1.30,1.00
2014.10.15 07:55:17.779,7.27415,7.27503,1.30,1.00
2014.10.15 07:55:18.950,7.27387,7.27503,1.30,1.00
2014.10.15 07:55:19.211,7.27387,7.2749,1.30,1.00
2014.10.15 07:55:19.548,7.27387,7.27474,1.30,1.00
2014.10.15 07:55:19.650,7.27387,7.27482,1.30,1.00
2014.10.15 07:55:19.860,7.27364,7.27482,1.00,1.00
2014.10.15 07:55:20.390,7.27363,7.27482,1.25,1.00
2014.10.15 07:55:21.300,7.27363,7.27478,1.00,1.00
2014.10.15 07:55:21.623,7.27363,7.27476,1.00,1.00
2014.10.15 07:55:21.827,7.27343,7.27467,1.00,1.00
2014.10.15 07:55:21.979,7.27325,7.27438,1.49,1.00
2014.10.15 07:55:22.283,7.27325,7.27433,1.49,1.00
2014.10.15 07:55:22.911,7.27325,7.27433,1.30,1.00
2014.10.15 07:55:23.213,7.27325,7.27427,1.30,1.00
2014.10.15 07:55:25.040,7.27325,7.27435,1.49,1.00
2014.10.15 07:55:25.244,7.27325,7.27458,1.49,1.00
2014.10.15 07:55:26.323,7.27327,7.27458,1.19,1.00
2014.10.15 07:55:27.326,7.27332,7.27458,1.19,1.00
2014.10.15 07:55:27.889,7.27332,7.27457,1.19,1.00
2014.10.15 07:55:28.243,7.27332,7.27445,1.19,1.00
2014.10.15 07:55:28.344,7.27308,7.27445,1.19,1.00
2014.10.15 07:55:28.445,7.27308,7.27466,1.19,1.30
2014.10.15 07:55:28.799,7.27308,7.27457,1.19,2.74
2014.10.15 07:55:29.153,7.27308,7.27433,1.19,1.30
2014.10.15 07:55:29.255,7.27308,7.27456,1.19,1.00
2014.10.15 07:55:29.457,7.27299,7.27456,1.49,1.00
2014.10.15 07:55:30.032,7.27299,7.27456,1.30,1.00
2014.10.15 07:55:30.083,7.27299,7.27361,1.30,1.00
2014.10.15 07:55:30.184,7.27286,7.27361,1.00,1.00
2014.10.15 07:55:30.336,7.27276,7.27387,1.00,1.99
2014.10.15 07:55:30.437,7.2725,7.27387,1.19,1.99
2014.10.15 07:55:30.859,7.2725,7.27366,1.19,1.00
2014.10.15 07:55:31.162,7.2725,7.27364,1.19,1.00
2014.10.15 07:55:31.490,7.2725,7.2736,1.19,1.00
2014.10.15 07:55:31.642,7.27236,7.27358,1.19,1.00
2014.10.15 07:55:31.844,7.27236,7.27356,1.19,1.00
2014.10.15 07:55:32.081,7.27236,7.27368,1.19,1.72
2014.10.15 07:55:33.271,7.27246,7.27368,1.19,1.00
2014.10.15 07:55:34.259,7.27246,7.27377,1.19,1.00
2014.10.15 07:55:34.784,7.27246,7.27378,1.69,1.30
2014.10.15 07:55:34.988,7.27264,7.27378,1.19,1.30
2014.10.15 07:55:35.090,7.27267,7.27397,1.49,1.00
2014.10.15 07:55:35.257,7.27264,7.27392,1.19,1.00
2014.10.15 07:55:35.561,7.27264,7.27386,1.19,1.30
2014.10.15 07:55:36.152,7.2726,7.27386,1.19,1.30
2014.10.15 07:55:37.154,7.27255,7.27386,1.19,1.30
2014.10.15 07:55:38.322,7.27255,7.27392,1.19,1.00
2014.10.15 07:55:38.424,7.27255,7.27387,1.19,1.30
2014.10.15 07:55:38.909,7.2726,7.27387,1.19,1.30
2014.10.15 07:55:39.661,7.27255,7.27387,1.19,1.30
2014.10.15 07:55:40.663,7.2726,7.27387,1.19,1.30
2014.10.15 07:55:42.297,7.2726,7.27386,1.19,1.00
2014.10.15 07:55:43.058,7.2726,7.27387,1.19,1.72
2014.10.15 07:55:43.109,7.27248,7.27387,1.19,1.72
2014.10.15 07:55:44.074,7.27251,7.27387,1.19,1.72
2014.10.15 07:55:45.076,7.27253,7.27387,1.19,1.30
2014.10.15 07:55:46.280,7.27248,7.27387,1.19,1.30
2014.10.15 07:55:48.499,7.2726,7.27387,1.19,1.30
2014.10.15 07:55:49.488,7.27257,7.27387,1.19,1.30
2014.10.15 07:55:50.615,7.27258,7.27387,1.19,1.30
2014.10.15 07:55:51.693,7.27257,7.27387,1.19,1.30
2014.10.15 07:55:52.695,7.27259,7.27387,1.19,1.30
2014.10.15 07:55:53.689,7.27259,7.274,1.19,1.00
2014.10.15 07:55:53.740,7.27249,7.274,1.49,1.00
2014.10.15 07:55:53.791,7.27247,7.27389,1.19,1.30
2014.10.15 07:55:54.044,7.27224,7.27389,1.19,1.30
2014.10.15 07:55:54.095,7.27248,7.27382,1.30,1.00
2014.10.15 07:55:54.399,7.27248,7.2737,1.30,1.00
2014.10.15 07:55:54.722,7.27248,7.27368,1.30,1.00
2014.10.15 07:55:55.069,7.27248,7.27365,1.30,1.00
2014.10.15 07:55:55.399,7.27248,7.27363,1.30,1.00
2014.10.15 07:55:56.379,7.27248,7.27362,1.30,1.00
2014.10.15 07:55:56.632,7.27248,7.27379,1.49,1.00
2014.10.15 07:55:56.683,7.27278,7.27379,1.30,1.00
2014.10.15 07:55:56.835,7.27278,7.27391,1.30,1.00
2014.10.15 07:55:57.140,7.27278,7.27395,1.30,1.00
2014.10.15 07:55:57.376,7.27258,7.27395,1.91,1.00
2014.10.15 07:55:58.022,7.27251,7.27395,1.19,1.50
2014.10.15 07:55:59.129,7.27255,7.27392,1.19,1.00
2014.10.15 07:55:59.451,7.27255,7.27388,1.19,1.00
2014.10.15 07:55:59.738,7.27232,7.27388,1.19,1.00
2014.10.15 07:56:00.139,7.27232,7.27386,1.19,1.00
2014.10.15 07:56:00.744,7.27236,7.27386,1.19,1.00
2014.10.15 07:56:01.319,7.27236,7.27372,1.19,1.00
2014.10.15 07:56:01.576,7.27236,7.27392,1.19,1.00
2014.10.15 07:56:01.842,7.27268,7.27392,1.19,1.00
2014.10.15 07:56:01.893,7.27268,7.27399,1.19,1.30
2014.10.15 07:56:02.374,7.27281,7.27399,1.19,1.30
2014.10.15 07:56:02.525,7.27281,7.27417,1.19,1.00
2014.10.15 07:56:03.289,7.273,7.27417,1.30,1.00
2014.10.15 07:56:03.390,7.27281,7.27417,1.19,1.00
2014.10.15 07:56:03.441,7.27287,7.27417,1.19,1.00
2014.10.15 07:56:03.669,7.27272,7.27417,1.30,1.00
2014.10.15 07:56:03.771,7.27272,7.27387,1.30,1.99
2014.10.15 07:56:03.822,7.27251,7.27387,1.19,1.99
2014.10.15 07:56:03.873,7.27243,7.27387,1.19,1.99
2014.10.15 07:56:04.025,7.2723,7.2737,1.79,1.30
2014.10.15 07:56:04.328,7.2723,7.27363,1.79,1.00
2014.10.15 07:56:04.860,7.2723,7.27364,1.19,1.00
2014.10.15 07:56:04.962,7.27224,7.2737,1.19,1.30
2014.10.15 07:56:05.317,7.27244,7.27373,1.30,1.00
2014.10.15 07:56:05.419,7.27213,7.27373,1.49,1.00
2014.10.15 07:56:06.648,7.27213,7.27373,1.49,1.00
2014.10.15 07:56:07.531,7.27213,7.27378,1.49,1.00
2014.10.15 07:56:07.582,7.27229,7.27378,1.00,1.00
2014.10.15 07:56:07.684,7.27213,7.27378,1.49,1.00
2014.10.15 07:56:08.899,7.27213,7.27378,1.30,1.19
2014.10.15 07:56:09.281,7.27213,7.27357,1.30,1.99
2014.10.15 07:56:09.635,7.27213,7.27354,1.30,1.00
2014.10.15 07:56:09.736,7.27213,7.27357,1.30,1.99
2014.10.15 07:56:09.939,7.27213,7.27378,1.30,1.19
2014.10.15 07:56:09.990,7.27213,7.27378,1.30,1.19
2014.10.15 07:56:11.173,7.27213,7.27377,1.30,1.19
2014.10.15 07:56:11.225,7.27206,7.27354,1.00,1.30
2014.10.15 07:56:11.327,7.27228,7.27357,1.30,1.19
2014.10.15 07:56:11.565,7.27189,7.27329,1.00,1.30
2014.10.15 07:56:11.616,7.27196,7.27329,1.00,1.30
2014.10.15 07:56:11.920,7.27175,7.27329,1.19,1.30
2014.10.15 07:56:12.167,7.27175,7.27329,1.00,1.30
2014.10.15 07:56:12.582,7.27161,7.27303,1.30,1.00
2014.10.15 07:56:12.633,7.27151,7.27302,1.19,1.30
2014.10.15 07:56:13.098,7.27134,7.27297,1.19,1.00
2014.10.15 07:56:13.430,7.27131,7.27266,1.19,1.30
2014.10.15 07:56:13.481,7.27127,7.27266,1.00,1.30
2014.10.15 07:56:13.583,7.27114,7.27266,1.00,1.30
2014.10.15 07:56:13.634,7.27109,7.27266,1.25,1.30
2014.10.15 07:56:13.684,7.27109,7.27264,1.25,1.00
2014.10.15 07:56:13.991,7.27098,7.27262,1.49,1.00
2014.10.15 07:56:14.093,7.27098,7.27264,1.49,1.50
2014.10.15 07:56:14.564,7.27113,7.27264,1.00,1.50
2014.10.15 07:56:14.872,7.27123,7.27239,1.00,1.00
2014.10.15 07:56:15.024,7.27098,7.27239,1.30,1.00
2014.10.15 07:56:15.075,7.27098,7.27181,1.30,2.10
2014.10.15 07:56:15.126,7.27079,7.27181,1.19,2.10
2014.10.15 07:56:15.228,7.27079,7.27181,1.00,2.10
2014.10.15 07:56:15.279,7.27053,7.27181,1.00,2.10
2014.10.15 07:56:15.331,7.27041,7.27181,1.49,2.10
2014.10.15 07:56:15.799,7.27041,7.27209,1.49,1.72
2014.10.15 07:56:16.254,7.27054,7.27209,1.00,1.72
2014.10.15 07:56:16.356,7.27041,7.27209,1.49,1.72
2014.10.15 07:56:16.576,7.27058,7.27209,1.00,1.72
2014.10.15 07:56:16.788,7.27041,7.27209,1.91,1.72
2014.10.15 07:56:16.985,7.27043,7.27209,1.19,1.72
2014.10.15 07:56:18.102,7.27045,7.27209,1.69,1.72
2014.10.15 07:56:18.662,7.27077,7.27209,1.00,1.72
2014.10.15 07:56:19.085,7.27091,7.27231,1.00,1.00
2014.10.15 07:56:19.981,7.27069,7.27231,1.30,1.00
2014.10.15 07:56:20.033,7.27073,7.27231,1.00,1.00
2014.10.15 07:56:20.337,7.27104,7.27237,1.19,1.30
2014.10.15 07:56:20.490,7.27111,7.27268,1.91,1.00
2014.10.15 07:56:21.027,7.27127,7.27277,1.19,1.00
2014.10.15 07:56:21.348,7.27127,7.27279,1.19,1.72
2014.10.15 07:56:21.500,7.27127,7.27279,1.19,1.72
2014.10.15 07:56:22.035,7.27123,7.2727,1.19,1.00
2014.10.15 07:56:22.339,7.27123,7.27275,1.69,1.60
2014.10.15 07:56:22.440,7.27141,7.27275,1.00,1.60
2014.10.15 07:56:22.752,7.27143,7.27279,1.00,1.90
2014.10.15 07:56:22.905,7.27141,7.27279,1.00,1.90
2014.10.15 07:56:23.091,7.27133,7.27279,1.19,1.90
2014.10.15 07:56:23.340,7.27143,7.27279,1.00,1.90
2014.10.15 07:56:23.705,7.27133,7.27279,1.19,1.90
2014.10.15 07:56:24.548,7.27139,7.27279,1.19,1.90
2014.10.15 07:56:24.599,7.27139,7.27279,1.19,1.30
2014.10.15 07:56:24.700,7.27173,7.27303,1.00,1.00
2014.10.15 07:56:24.751,7.27173,7.27314,1.00,1.30
2014.10.15 07:56:25.518,7.27173,7.27311,1.00,1.00
2014.10.15 07:56:26.288,7.27163,7.27306,1.25,1.00
2014.10.15 07:56:27.359,7.27163,7.27255,1.00,2.10
2014.10.15 07:56:27.410,7.27157,7.27255,1.00,2.10
2014.10.15 07:56:27.511,7.27125,7.27255,1.00,2.10
2014.10.15 07:56:27.613,7.27119,7.27255,1.00,2.10
2014.10.15 07:56:27.664,7.27105,7.27255,1.30,2.10
2014.10.15 07:56:27.765,7.27096,7.27245,1.19,1.30
2014.10.15 07:56:27.866,7.271,7.27245,1.00,1.30
2014.10.15 07:56:28.596,7.27103,7.27245,1.00,1.30
2014.10.15 07:56:28.697,7.27083,7.27245,1.19,1.30
2014.10.15 07:56:29.629,7.27079,7.27245,1.69,1.30
2014.10.15 07:56:31.033,7.27079,7.27245,1.19,1.30
2014.10.15 07:56:32.136,7.27079,7.27245,1.19,1.30
2014.10.15 07:56:32.360,7.27123,7.27245,1.00,1.30
2014.10.15 07:56:32.583,7.27103,7.27245,1.00,1.30
2014.10.15 07:56:33.567,7.27113,7.27245,1.00,1.30
2014.10.15 07:56:34.170,7.27103,7.27245,1.25,1.30
2014.10.15 07:56:34.448,7.27113,7.27245,1.00,1.30
2014.10.15 07:56:34.599,7.27103,7.27245,1.19,1.30
2014.10.15 07:56:35.445,7.27103,7.27245,1.19,1.30
2014.10.15 07:56:36.548,7.27103,7.27245,1.19,1.30
2014.10.15 07:56:37.650,7.27103,7.27245,1.19,1.30
2014.10.15 07:56:37.750,7.27113,7.27245,1.00,1.30
2014.10.15 07:56:40.256,7.27113,7.27245,1.19,1.30
2014.10.15 07:56:41.470,7.27113,7.27245,1.25,1.30
2014.10.15 07:56:42.835,7.27133,7.27245,1.00,1.30
2014.10.15 07:56:43.797,7.27123,7.27245,1.00,1.30
2014.10.15 07:56:44.128,7.27133,7.27245,1.00,1.30
2014.10.15 07:56:46.822,7.27133,7.27265,1.00,2.10
2014.10.15 07:56:47.084,7.27137,7.27265,1.00,2.10
2014.10.15 07:56:47.594,7.27137,7.27275,1.19,1.30
2014.10.15 07:56:47.647,7.27143,7.27275,1.00,1.30
2014.10.15 07:56:48.638,7.27144,7.27275,1.00,1.30
2014.10.15 07:56:49.010,7.27143,7.27293,1.00,1.00
2014.10.15 07:56:49.111,7.27143,7.27303,1.00,1.30
2014.10.15 07:56:49.213,7.27137,7.27303,1.25,1.30
2014.10.15 07:56:49.307,7.27137,7.27297,1.25,1.00
2014.10.15 07:56:49.725,7.27137,7.27297,1.19,1.00
2014.10.15 07:56:50.077,7.27144,7.27297,1.00,1.00
2014.10.15 07:56:50.128,7.27144,7.27299,1.00,1.00
2014.10.15 07:56:50.181,7.27163,7.27299,1.00,1.00
2014.10.15 07:56:50.333,7.27163,7.27303,1.00,1.30
2014.10.15 07:56:51.610,7.27153,7.27303,1.19,1.30
2014.10.15 07:56:51.848,7.27153,7.27298,1.19,1.00
2014.10.15 07:56:51.899,7.27153,7.27298,1.00,1.00
2014.10.15 07:56:51.950,7.27143,7.27298,1.19,1.00
2014.10.15 07:56:52.168,7.27143,7.27303,1.19,1.30
2014.10.15 07:56:52.895,7.27144,7.27303,1.19,1.30
2014.10.15 07:56:53.339,7.27153,7.27278,1.00,1.00
2014.10.15 07:56:53.390,7.27143,7.27273,1.00,1.00
2014.10.15 07:56:53.441,7.27143,7.27264,1.00,1.30
2014.10.15 07:56:53.745,7.27153,7.27264,1.00,1.30
2014.10.15 07:56:53.948,7.27133,7.27252,1.00,1.30
2014.10.15 07:56:54.049,7.27133,7.27247,1.00,1.00
2014.10.15 07:56:54.252,7.27123,7.27247,1.00,1.00
2014.10.15 07:56:54.303,7.27123,7.27231,1.00,1.30
2014.10.15 07:56:54.796,7.27123,7.27228,1.00,1.00
2014.10.15 07:56:54.948,7.27113,7.27228,1.00,1.60
2014.10.15 07:56:57.547,7.27124,7.27228,1.00,1.60
2014.10.15 07:56:58.540,7.27113,7.27228,1.00,1.60
2014.10.15 07:56:58.742,7.27113,7.27228,1.00,1.79
2014.10.15 07:56:58.793,7.27093,7.27228,1.00,2.29
2014.10.15 07:56:58.844,7.27093,7.27197,1.00,1.30
2014.10.15 07:56:59.420,7.27083,7.27197,1.00,1.30
2014.10.15 07:56:59.529,7.27093,7.27197,1.00,1.30
2014.10.15 07:56:59.834,7.27114,7.27197,1.00,1.30
2014.10.15 07:57:00.416,7.27113,7.27197,1.00,1.30
2014.10.15 07:57:01.073,7.27058,7.27197,1.19,1.30
2014.10.15 07:57:01.552,7.27043,7.27197,1.00,1.30
2014.10.15 07:57:01.704,7.27038,7.27197,1.19,1.72
2014.10.15 07:57:01.755,7.27038,7.2718,1.19,1.00
2014.10.15 07:57:02.132,7.27029,7.27173,1.49,1.00
2014.10.15 07:57:02.183,7.27029,7.27184,1.49,1.00
2014.10.15 07:57:02.234,7.27019,7.27154,1.19,1.30
2014.10.15 07:57:02.335,7.27019,7.27174,1.19,1.30
2014.10.15 07:57:02.386,7.27019,7.2718,1.19,1.30
2014.10.15 07:57:02.733,7.27018,7.2718,1.19,1.30
2014.10.15 07:57:03.950,7.27018,7.2718,1.19,1.30
2014.10.15 07:57:04.948,7.27018,7.2718,1.19,1.30
2014.10.15 07:57:06.189,7.27018,7.2718,1.19,1.30
2014.10.15 07:57:07.120,7.27033,7.2718,1.00,1.30
2014.10.15 07:57:07.458,7.27044,7.2718,1.00,1.30
2014.10.15 07:57:08.101,7.27073,7.2718,1.00,1.30
2014.10.15 07:57:08.152,7.27073,7.27192,1.00,1.00
2014.10.15 07:57:08.203,7.27073,7.27205,1.00,2.10
2014.10.15 07:57:08.401,7.27084,7.27205,1.00,2.10
2014.10.15 07:57:08.720,7.27103,7.27205,1.00,2.10
2014.10.15 07:57:08.871,7.27103,7.27208,1.00,1.00
2014.10.15 07:57:08.922,7.27103,7.2721,1.00,1.30
2014.10.15 07:57:09.327,7.27117,7.2721,1.00,1.30
2014.10.15 07:57:09.839,7.27103,7.2721,1.00,1.30
2014.10.15 07:57:10.047,7.27113,7.2721,1.00,1.30
2014.10.15 07:57:10.422,7.27102,7.2721,1.00,1.30
2014.10.15 07:57:10.726,7.27093,7.2721,1.00,1.30
2014.10.15 07:57:11.149,7.27083,7.2721,1.56,1.30
2014.10.15 07:57:11.702,7.27083,7.2721,1.56,1.30
2014.10.15 07:57:12.211,7.27083,7.2721,1.56,1.30
2014.10.15 07:57:12.807,7.27091,7.2721,1.00,1.30
2014.10.15 07:57:13.380,7.27093,7.2721,1.00,1.30
2014.10.15 07:57:15.378,7.27103,7.2721,1.00,1.30
2014.10.15 07:57:15.877,7.27113,7.2721,1.00,1.30
2014.10.15 07:57:16.200,7.27133,7.2721,1.00,1.30
2014.10.15 07:57:16.650,7.27124,7.27234,1.00,1.00
2014.10.15 07:57:17.199,7.27123,7.27234,1.00,1.00
2014.10.15 07:57:17.484,7.27123,7.27236,1.00,1.00
2014.10.15 07:57:17.737,7.27123,7.27186,1.00,1.00
2014.10.15 07:57:17.991,7.27113,7.27202,1.00,1.30
2014.10.15 07:57:18.042,7.27113,7.27208,1.00,1.00
2014.10.15 07:57:18.093,7.27113,7.27223,1.00,1.00
2014.10.15 07:57:18.194,7.27113,7.27239,1.00,1.00
2014.10.15 07:57:18.462,7.27113,7.27244,1.00,1.00
2014.10.15 07:57:18.848,7.27103,7.27244,1.50,1.00
2014.10.15 07:57:18.899,7.27103,7.27239,1.50,1.00
2014.10.15 07:57:19.229,7.27113,7.27233,1.25,1.00
2014.10.15 07:57:19.677,7.27124,7.27242,1.30,1.00
2014.10.15 07:57:19.981,7.27138,7.27262,1.00,1.00
2014.10.15 07:57:20.133,7.27184,7.27292,2.10,1.30
2014.10.15 07:57:21.629,7.27187,7.27292,1.00,1.30
2014.10.15 07:57:21.680,7.27187,7.27263,1.00,1.30
2014.10.15 07:57:21.731,7.27169,7.27263,1.19,1.30
2014.10.15 07:57:21.832,7.27169,7.27263,1.00,1.30
2014.10.15 07:57:21.883,7.27162,7.27263,1.00,1.30
2014.10.15 07:57:22.469,7.27139,7.27263,1.00,1.30
2014.10.15 07:57:22.576,7.27123,7.27263,1.19,1.30
2014.10.15 07:57:23.130,7.2712,7.27263,1.00,1.30
2014.10.15 07:57:25.140,7.2712,7.27263,1.19,1.30
2014.10.15 07:57:25.666,7.27101,7.27263,1.19,1.30
2014.10.15 07:57:26.021,7.27101,7.27263,1.19,1.30
2014.10.15 07:57:26.645,7.27123,7.27263,1.00,1.30
2014.10.15 07:57:27.381,7.27141,7.27297,1.30,1.00
2014.10.15 07:57:29.962,7.27123,7.27282,1.19,1.30
2014.10.15 07:57:30.265,7.27117,7.27279,1.19,1.00
2014.10.15 07:57:30.468,7.27117,7.27279,1.69,1.00
2014.10.15 07:57:33.346,7.27113,7.27279,1.49,1.00
2014.10.15 07:57:34.917,7.27137,7.27279,1.00,1.00
2014.10.15 07:57:35.019,7.27143,7.27299,1.30,1.00
2014.10.15 07:57:35.070,7.27171,7.27299,1.00,1.00
2014.10.15 07:57:35.273,7.27156,7.27311,1.00,1.30
2014.10.15 07:57:35.685,7.27143,7.27308,1.30,1.37
2014.10.15 07:57:35.787,7.27154,7.27311,1.00,1.86
2014.10.15 07:57:36.038,7.27143,7.27303,1.30,1.69
2014.10.15 07:57:36.336,7.27154,7.27306,1.00,1.19
2014.10.15 07:57:36.879,7.27154,7.27306,1.00,1.19
2014.10.15 07:57:37.132,7.27143,7.27292,1.30,1.00
2014.10.15 07:57:37.183,7.27147,7.27292,1.19,1.00
2014.10.15 07:57:37.488,7.27204,7.27331,1.00,1.30
2014.10.15 07:57:37.590,7.27221,7.27352,1.00,1.00
2014.10.15 07:57:37.641,7.27226,7.27352,1.00,1.00
2014.10.15 07:57:37.793,7.27235,7.27371,1.00,1.30
2014.10.15 07:57:37.894,7.27223,7.27371,1.00,1.30
2014.10.15 07:57:37.996,7.27232,7.27391,1.30,1.30
2014.10.15 07:57:38.199,7.27249,7.27392,1.00,1.35
2014.10.15 07:57:38.403,7.27233,7.27392,1.50,1.35
2014.10.15 07:57:38.760,7.27233,7.27374,1.50,1.00
2014.10.15 07:57:39.106,7.27254,7.27372,1.00,1.30
2014.10.15 07:57:39.779,7.27224,7.27355,1.00,1.00
2014.10.15 07:57:39.881,7.27237,7.27355,1.00,1.00
2014.10.15 07:57:39.982,7.27222,7.27355,1.00,1.00
2014.10.15 07:57:40.134,7.27224,7.27355,1.00,1.00
2014.10.15 07:57:40.505,7.27239,7.27372,1.00,1.49
2014.10.15 07:57:41.083,7.27223,7.27372,1.00,1.30
2014.10.15 07:57:41.606,7.27224,7.27372,1.00,1.30
2014.10.15 07:57:41.657,7.27243,7.27372,1.00,1.30
2014.10.15 07:57:41.969,7.27243,7.27372,1.00,1.49
2014.10.15 07:57:42.908,7.27243,7.27372,1.00,1.49
2014.10.15 07:57:43.299,7.27253,7.27372,1.00,1.49
2014.10.15 07:57:43.848,7.27243,7.27372,1.00,1.49
2014.10.15 07:57:43.899,7.27243,7.27372,1.00,1.49
2014.10.15 07:57:44.885,7.27243,7.27372,1.00,1.49
2014.10.15 07:57:45.360,7.27238,7.27372,1.00,1.49
2014.10.15 07:57:45.517,7.27233,7.27356,1.00,1.19
2014.10.15 07:57:45.568,7.27233,7.27336,1.00,1.00
2014.10.15 07:57:45.679,7.27233,7.27354,1.00,1.00
2014.10.15 07:57:45.730,7.27223,7.27354,1.00,1.00
2014.10.15 07:57:45.937,7.27233,7.27354,1.00,1.00
2014.10.15 07:57:46.140,7.27213,7.27336,1.00,1.30
2014.10.15 07:57:46.241,7.27213,7.27336,1.00,1.49
2014.10.15 07:57:46.393,7.27203,7.27332,1.00,1.19
2014.10.15 07:57:46.707,7.27213,7.27332,1.00,1.19
2014.10.15 07:57:47.037,7.27223,7.27332,1.00,1.00
2014.10.15 07:57:47.381,7.27253,7.27348,1.00,2.10
2014.10.15 07:57:47.569,7.27243,7.27348,1.00,2.10
2014.10.15 07:57:47.808,7.27253,7.27348,1.00,2.10
2014.10.15 07:57:49.799,7.27243,7.27348,1.00,2.10
2014.10.15 07:57:50.687,7.27253,7.27348,1.00,2.10
2014.10.15 07:57:51.018,7.27273,7.27348,1.00,2.10
2014.10.15 07:57:51.068,7.27273,7.27368,1.00,1.00
2014.10.15 07:57:51.220,7.27278,7.27368,1.00,1.00
2014.10.15 07:57:53.636,7.27278,7.27421,1.00,1.30
2014.10.15 07:57:53.687,7.27283,7.27421,1.00,1.30
2014.10.15 07:57:53.738,7.27283,7.27424,1.00,1.00
2014.10.15 07:57:53.789,7.27277,7.27424,1.00,1.00
2014.10.15 07:57:53.941,7.27278,7.27424,1.19,1.00
2014.10.15 07:57:53.993,7.27278,7.27434,1.69,1.90
2014.10.15 07:57:54.145,7.27303,7.27434,1.00,1.90
2014.10.15 07:57:54.491,7.27313,7.27434,1.00,1.90
2014.10.15 07:57:54.769,7.27304,7.27434,1.00,1.90
2014.10.15 07:57:55.431,7.27313,7.27434,1.00,1.90
2014.10.15 07:57:55.869,7.27303,7.27434,1.00,1.90
2014.10.15 07:57:57.186,7.27314,7.27434,1.00,1.90
2014.10.15 07:57:57.490,7.27419,7.2748,1.00,1.00
2014.10.15 07:57:57.642,7.2744,7.27533,1.00,1.30
2014.10.15 07:57:57.743,7.27416,7.27464,1.00,1.30
2014.10.15 07:57:58.047,7.2739,7.27464,1.00,1.30
2014.10.15 07:57:59.039,7.2739,7.27465,1.00,1.00
2014.10.15 07:58:00.218,7.27392,7.27465,1.00,1.00
2014.10.15 07:58:00.999,7.27383,7.27465,1.00,1.00
2014.10.15 07:58:02.239,7.27383,7.27487,1.00,1.00
2014.10.15 07:58:02.341,7.27372,7.27458,1.00,1.00
2014.10.15 07:58:03.559,7.2737,7.27458,1.00,1.00
2014.10.15 07:58:03.761,7.2737,7.27487,1.00,1.00
2014.10.15 07:58:03.956,7.27353,7.27487,1.00,1.00
2014.10.15 07:58:04.066,7.27372,7.27487,1.00,1.00
2014.10.15 07:58:06.376,7.27353,7.27487,1.69,1.00
2014.10.15 07:58:06.528,7.27353,7.2746,1.69,1.00
2014.10.15 07:58:06.847,7.27373,7.2746,1.00,1.00
2014.10.15 07:58:07.255,7.27376,7.2746,1.00,1.00
2014.10.15 07:58:07.307,7.27376,7.27487,1.00,1.00
2014.10.15 07:58:09.179,7.27383,7.27487,1.00,1.00
2014.10.15 07:58:09.888,7.27393,7.27487,1.00,1.00
2014.10.15 07:58:10.091,7.27391,7.27487,1.00,1.00
2014.10.15 07:58:10.142,7.27391,7.27466,1.00,1.00
2014.10.15 07:58:10.258,7.27391,7.27476,1.00,1.00
2014.10.15 07:58:10.309,7.27403,7.27476,1.00,1.00
2014.10.15 07:58:10.360,7.27403,7.27497,1.00,1.00
2014.10.15 07:58:10.462,7.27409,7.27497,1.00,1.00
2014.10.15 07:58:10.816,7.27425,7.27497,1.00,1.00
2014.10.15 07:58:11.364,7.27426,7.27497,1.00,1.00
2014.10.15 07:58:11.678,7.27424,7.27476,1.00,1.00
2014.10.15 07:58:12.017,7.27424,7.27497,1.00,1.00
2014.10.15 07:58:12.908,7.27424,7.27524,1.00,2.10
2014.10.15 07:58:13.212,7.27439,7.27524,1.00,2.10
2014.10.15 07:58:13.313,7.27417,7.27524,1.00,2.10
2014.10.15 07:58:13.415,7.27438,7.27524,1.00,2.10
2014.10.15 07:58:14.569,7.27438,7.27546,1.00,1.30
2014.10.15 07:58:14.621,7.27422,7.27546,1.00,1.30
2014.10.15 07:58:14.693,7.27422,7.27557,1.00,1.00
2014.10.15 07:58:14.981,7.27422,7.27533,1.00,1.00
2014.10.15 07:58:15.623,7.27449,7.27533,1.00,1.00
2014.10.15 07:58:15.938,7.2742,7.27533,1.00,1.00
2014.10.15 07:58:16.408,7.27428,7.27533,1.19,1.00
2014.10.15 07:58:16.892,7.2742,7.27533,1.00,1.00
2014.10.15 07:58:18.466,7.27413,7.27533,1.25,1.00
2014.10.15 07:58:18.618,7.27413,7.27561,1.25,1.00
2014.10.15 07:58:18.719,7.27418,7.27561,1.19,1.00
2014.10.15 07:58:19.375,7.27437,7.27561,1.00,1.00
2014.10.15 07:58:21.370,7.27437,7.27571,1.00,2.10
2014.10.15 07:58:27.644,7.27437,7.27558,1.00,1.00
2014.10.15 07:58:28.247,7.27437,7.27528,1.00,1.30
2014.10.15 07:58:28.348,7.27423,7.27528,1.00,1.30
2014.10.15 07:58:28.500,7.27401,7.27528,1.69,1.30
2014.10.15 07:58:28.602,7.27421,7.27528,1.00,1.30
2014.10.15 07:58:28.704,7.27404,7.27528,1.19,1.30
2014.10.15 07:58:29.246,7.27404,7.27528,1.19,1.30
2014.10.15 07:58:29.743,7.27416,7.27543,1.19,1.00
2014.10.15 07:58:29.947,7.27419,7.27564,1.19,1.90
2014.10.15 07:58:30.049,7.2745,7.27564,1.25,1.90
2014.10.15 07:58:31.039,7.2745,7.27571,1.19,2.10
2014.10.15 07:58:32.151,7.2745,7.27571,1.19,2.10
2014.10.15 07:58:33.148,7.2745,7.27571,1.25,2.10
2014.10.15 07:58:35.067,7.27473,7.27596,1.19,1.00
2014.10.15 07:58:35.269,7.27484,7.27596,1.19,1.00
2014.10.15 07:58:35.326,7.27484,7.27623,1.19,2.10
2014.10.15 07:58:35.863,7.27465,7.27623,1.19,2.10
2014.10.15 07:58:36.391,7.27496,7.27623,1.00,2.10
2014.10.15 07:58:39.276,7.27488,7.27623,1.49,2.10
2014.10.15 07:58:40.172,7.27488,7.27623,1.16,2.10
2014.10.15 07:58:40.712,7.27495,7.27623,1.00,2.10
2014.10.15 07:58:41.375,7.27495,7.27623,1.19,2.10
2014.10.15 07:58:41.697,7.27516,7.2765,1.49,1.00
2014.10.15 07:58:41.951,7.27516,7.27672,1.54,2.10
2014.10.15 07:58:42.002,7.27534,7.27672,1.19,2.10
2014.10.15 07:58:42.104,7.27551,7.27695,1.30,1.00
2014.10.15 07:58:42.208,7.27551,7.27687,1.30,2.10
2014.10.15 07:58:45.462,7.27533,7.27687,1.00,2.10
2014.10.15 07:58:45.514,7.27533,7.2769,1.00,1.30
2014.10.15 07:58:45.615,7.27543,7.2769,1.19,1.30
2014.10.15 07:58:45.926,7.2755,7.27694,1.30,1.00
2014.10.15 07:58:46.028,7.2755,7.27702,1.30,1.00
2014.10.15 07:58:46.129,7.2755,7.27707,1.30,1.00
2014.10.15 07:58:46.180,7.27564,7.27707,1.00,1.00
2014.10.15 07:58:46.484,7.27579,7.27739,1.19,1.72
2014.10.15 07:58:46.586,7.27612,7.27745,1.30,1.00
2014.10.15 07:58:46.688,7.27612,7.27778,1.30,1.19
2014.10.15 07:58:46.739,7.27612,7.27778,1.16,1.00
2014.10.15 07:58:46.891,7.27612,7.2778,1.16,1.00
2014.10.15 07:58:47.704,7.27612,7.2778,1.49,1.00
2014.10.15 07:58:48.037,7.27612,7.2778,1.49,2.10
2014.10.15 07:58:48.138,7.27612,7.2778,1.30,2.29
2014.10.15 07:58:48.189,7.27606,7.27701,1.00,1.30
2014.10.15 07:58:48.290,7.27577,7.27701,1.00,1.30
2014.10.15 07:58:48.442,7.27578,7.27701,1.19,1.30
2014.10.15 07:58:48.493,7.27578,7.27724,1.19,1.00
2014.10.15 07:58:48.645,7.27587,7.27728,1.25,1.30
2014.10.15 07:58:48.747,7.27602,7.27728,1.00,1.30
2014.10.15 07:58:48.798,7.27602,7.27751,1.00,1.60
2014.10.15 07:58:48.849,7.276,7.27751,1.30,1.60
2014.10.15 07:58:49.596,7.276,7.27761,1.30,1.00
2014.10.15 07:58:49.647,7.276,7.27762,1.49,1.00
2014.10.15 07:58:50.294,7.276,7.27768,1.49,1.72
2014.10.15 07:58:50.724,7.276,7.27768,1.49,1.72
2014.10.15 07:58:51.078,7.27602,7.2776,1.19,1.00
2014.10.15 07:58:51.697,7.276,7.2775,1.49,1.00
2014.10.15 07:58:52.159,7.276,7.27756,1.91,1.00
2014.10.15 07:58:52.321,7.276,7.27756,1.91,1.00
2014.10.15 07:58:52.372,7.276,7.27758,1.91,1.00
2014.10.15 07:58:52.728,7.276,7.27764,1.91,1.00
2014.10.15 07:58:52.778,7.27616,7.27764,1.00,1.00
2014.10.15 07:58:52.905,7.27616,7.27768,1.00,1.72
2014.10.15 07:58:53.446,7.27604,7.27768,1.19,1.30
2014.10.15 07:58:53.995,7.27607,7.27767,1.19,1.00
2014.10.15 07:58:54.376,7.27607,7.27767,1.19,1.00
2014.10.15 07:58:55.131,7.27607,7.27766,1.19,1.00
2014.10.15 07:58:55.442,7.27607,7.27768,1.19,1.30
2014.10.15 07:58:55.543,7.27623,7.27768,1.00,1.30
2014.10.15 07:58:55.746,7.27604,7.27768,1.19,1.30
2014.10.15 07:58:55.866,7.2762,7.27768,1.00,1.30
2014.10.15 07:58:56.340,7.2762,7.27768,1.19,1.30
2014.10.15 07:58:56.856,7.27639,7.27768,1.00,1.30
2014.10.15 07:58:57.103,7.27636,7.27768,1.00,1.30
2014.10.15 07:58:57.205,7.27621,7.27768,1.19,1.30
2014.10.15 07:58:57.960,7.27635,7.27768,1.00,1.30
2014.10.15 07:58:58.294,7.27632,7.27768,1.00,1.30
2014.10.15 07:58:58.511,7.27618,7.27768,1.19,1.30
2014.10.15 07:58:59.664,7.27633,7.27768,1.19,1.30
2014.10.15 07:58:59.947,7.27625,7.27768,1.19,1.30
2014.10.15 07:59:01.676,7.27616,7.27768,1.19,1.30
2014.10.15 07:59:02.876,7.27616,7.27768,1.00,1.30
2014.10.15 07:59:03.028,7.27601,7.27768,1.19,1.30
2014.10.15 07:59:04.111,7.27603,7.27768,1.19,1.00
2014.10.15 07:59:04.615,7.27609,7.27769,1.19,1.30
2014.10.15 07:59:05.105,7.27604,7.27769,1.19,1.30
2014.10.15 07:59:06.168,7.276,7.27769,1.30,1.49
2014.10.15 07:59:07.208,7.276,7.27758,1.30,1.19
2014.10.15 07:59:07.360,7.2758,7.27739,1.30,1.30
2014.10.15 07:59:07.411,7.27573,7.27739,1.30,1.49
2014.10.15 07:59:07.724,7.27573,7.27724,1.30,1.00
2014.10.15 07:59:08.040,7.27552,7.27707,1.49,2.10
2014.10.15 07:59:08.192,7.27543,7.27707,1.30,2.29
2014.10.15 07:59:08.294,7.27543,7.277,1.30,1.00
2014.10.15 07:59:09.294,7.27543,7.27692,1.30,1.00
2014.10.15 07:59:09.446,7.27524,7.27682,1.30,1.30
2014.10.15 07:59:09.497,7.27514,7.27682,1.30,2.24
2014.10.15 07:59:10.335,7.27494,7.27651,1.16,1.30
2014.10.15 07:59:10.487,7.27497,7.27651,1.00,1.30
2014.10.15 07:59:10.735,7.27485,7.27651,1.91,1.30
2014.10.15 07:59:11.814,7.27485,7.27651,1.91,1.30
2014.10.15 07:59:12.817,7.27485,7.27651,1.91,1.30
2014.10.15 07:59:14.397,7.27485,7.27651,1.91,1.30
2014.10.15 07:59:15.402,7.27485,7.27651,1.91,1.30
2014.10.15 07:59:16.356,7.27512,7.27659,1.30,1.25
2014.10.15 07:59:16.945,7.2754,7.27659,1.30,1.00
2014.10.15 07:59:17.553,7.2754,7.27687,1.30,1.19
2014.10.15 07:59:18.410,7.2754,7.27686,1.30,1.19
2014.10.15 07:59:19.416,7.2754,7.27673,1.30,1.19
2014.10.15 07:59:20.418,7.2754,7.2767,1.30,1.19
2014.10.15 07:59:21.431,7.2754,7.27664,1.30,1.19
2014.10.15 07:59:22.146,7.27626,7.27716,1.30,1.00
2014.10.15 07:59:22.248,7.27626,7.27733,1.30,1.00
2014.10.15 07:59:22.349,7.27654,7.27753,1.30,1.19
2014.10.15 07:59:23.327,7.27654,7.27753,1.30,1.00
2014.10.15 07:59:26.928,7.27663,7.27753,1.30,1.00
2014.10.15 07:59:27.232,7.27683,7.27753,1.30,1.00
2014.10.15 07:59:27.953,7.27702,7.27753,1.30,1.00
2014.10.15 07:59:28.004,7.27722,7.27816,1.30,1.00
2014.10.15 07:59:28.106,7.27722,7.27851,1.30,1.19
2014.10.15 07:59:29.147,7.27722,7.27858,1.30,1.00
2014.10.15 07:59:30.066,7.27791,7.27858,1.30,1.00
2014.10.15 07:59:30.421,7.27791,7.27876,1.30,1.00
2014.10.15 07:59:36.194,7.27745,7.27876,1.30,1.00
2014.10.15 07:59:36.700,7.27745,7.27888,1.30,1.00
2014.10.15 07:59:38.774,7.27745,7.279,1.30,1.19
2014.10.15 07:59:39.888,7.27745,7.279,1.30,1.19
2014.10.15 07:59:41.191,7.27745,7.279,1.30,1.19
2014.10.15 07:59:42.306,7.27745,7.279,1.30,1.19
2014.10.15 07:59:43.062,7.27745,7.2785,1.30,1.30
2014.10.15 07:59:43.113,7.27704,7.2783,1.00,1.30
2014.10.15 07:59:43.164,7.27691,7.2783,1.00,1.30
2014.10.15 07:59:43.367,7.27691,7.27819,1.00,1.30
2014.10.15 07:59:43.673,7.27673,7.27799,1.19,1.30
2014.10.15 07:59:44.173,7.27673,7.27771,1.19,1.30
2014.10.15 07:59:44.224,7.27673,7.27771,1.19,1.30
2014.10.15 07:59:44.478,7.277,7.27771,1.00,1.30
2014.10.15 07:59:44.731,7.27709,7.27798,1.00,1.30
2014.10.15 07:59:45.485,7.27707,7.27798,1.00,1.30
2014.10.15 07:59:46.936,7.27717,7.27798,1.00,1.30
2014.10.15 07:59:48.422,7.27732,7.27798,1.00,1.30
2014.10.15 07:59:48.930,7.2773,7.27798,1.00,1.30
2014.10.15 07:59:49.608,7.2773,7.27827,1.00,1.30
2014.10.15 07:59:54.068,7.27716,7.27827,1.00,1.30
2014.10.15 07:59:54.328,7.2771,7.27827,1.00,1.30
2014.10.15 07:59:54.838,7.2771,7.27827,1.19,1.30
2014.10.15 07:59:56.648,7.27709,7.27827,1.00,1.30
2014.10.15 07:59:56.851,7.27707,7.27827,1.00,1.30
2014.10.15 07:59:57.173,7.27684,7.27796,1.19,1.30
2014.10.15 07:59:57.275,7.27684,7.27796,1.00,1.30
2014.10.15 07:59:57.686,7.27674,7.27796,1.25,1.30
2014.10.15 07:59:58.076,7.27693,7.27796,1.00,1.30
2014.10.15 07:59:59.659,7.27704,7.27796,1.00,1.30
