2014.10.28 16:00:00.257,7.32803,7.32938,1.00,1.00
2014.10.28 16:00:00.313,7.32803,7.32944,1.00,1.00
2014.10.28 16:00:00.364,7.32813,7.32944,1.00,1.00
2014.10.28 16:00:00.415,7.32813,7.32957,1.00,1.49
2014.10.28 16:00:00.677,7.32799,7.32956,1.00,1.19
2014.10.28 16:00:00.728,7.32793,7.32938,1.00,1.00
2014.10.28 16:00:01.032,7.32803,7.32938,1.00,1.25
2014.10.28 16:00:01.347,7.32813,7.32938,1.00,1.25
2014.10.28 16:00:01.398,7.32813,7.3295,1.00,1.00
2014.10.28 16:00:01.591,7.32813,7.32956,1.00,1.00
2014.10.28 16:00:01.900,7.32804,7.32956,1.00,1.00
2014.10.28 16:00:02.444,7.32813,7.32956,1.00,1.00
2014.10.28 16:00:02.772,7.32823,7.32956,1.00,1.00
2014.10.28 16:00:03.501,7.32823,7.32957,1.00,1.30
2014.10.28 16:00:03.854,7.32813,7.32957,1.00,1.30
2014.10.28 16:00:04.149,7.32813,7.32951,1.00,1.19
2014.10.28 16:00:04.491,7.32813,7.32937,1.00,1.00
2014.10.28 16:00:04.643,7.32789,7.32928,1.30,1.19
2014.10.28 16:00:04.745,7.32803,7.32928,1.00,1.19
2014.10.28 16:00:04.846,7.32789,7.32937,1.30,1.19
2014.10.28 16:00:05.621,7.32789,7.32927,1.30,1.19
2014.10.28 16:00:06.035,7.32789,7.3291,1.30,1.19
2014.10.28 16:00:06.143,7.32769,7.3291,1.30,1.19
2014.10.28 16:00:06.194,7.32763,7.3291,1.00,1.19
2014.10.28 16:00:06.403,7.32761,7.32898,1.30,1.19
2014.10.28 16:00:06.954,7.32763,7.32913,1.00,1.19
2014.10.28 16:00:07.170,7.32763,7.32927,1.00,1.19
2014.10.28 16:00:07.272,7.32773,7.32927,1.00,1.19
2014.10.28 16:00:07.613,7.32793,7.32927,1.00,1.19
2014.10.28 16:00:07.664,7.32793,7.32928,1.00,1.30
2014.10.28 16:00:07.918,7.32779,7.32928,1.00,1.30
2014.10.28 16:00:07.969,7.32794,7.32948,1.30,1.19
2014.10.28 16:00:08.677,7.32794,7.32958,1.30,1.19
2014.10.28 16:00:09.085,7.32796,7.32962,1.00,1.49
2014.10.28 16:00:09.288,7.32823,7.32988,1.30,1.30
2014.10.28 16:00:09.566,7.32833,7.32988,1.00,1.30
2014.10.28 16:00:09.772,7.32823,7.32979,1.30,1.00
2014.10.28 16:00:09.873,7.32823,7.32988,1.30,1.30
2014.10.28 16:00:09.975,7.32824,7.32954,1.00,1.30
2014.10.28 16:00:10.077,7.32823,7.32985,1.00,1.30
2014.10.28 16:00:10.128,7.32817,7.32985,1.30,1.30
2014.10.28 16:00:10.179,7.32817,7.32982,1.30,1.00
2014.10.28 16:00:10.588,7.32817,7.32982,1.30,1.19
2014.10.28 16:00:10.934,7.32817,7.32972,1.30,1.00
2014.10.28 16:00:11.051,7.32817,7.32981,1.30,1.19
2014.10.28 16:00:11.573,7.32817,7.32985,1.30,1.30
2014.10.28 16:00:11.725,7.32817,7.32983,1.30,1.00
2014.10.28 16:00:12.028,7.32817,7.32983,1.30,1.31
2014.10.28 16:00:12.794,7.32817,7.32971,1.30,1.19
2014.10.28 16:00:13.097,7.32851,7.32998,1.30,1.19
2014.10.28 16:00:13.199,7.32851,7.33005,1.30,1.25
2014.10.28 16:00:13.401,7.32851,7.33001,1.30,1.19
2014.10.28 16:00:13.717,7.32853,7.32991,1.00,1.19
2014.10.28 16:00:13.768,7.32851,7.32991,1.30,1.19
2014.10.28 16:00:13.920,7.32851,7.3298,1.30,1.19
2014.10.28 16:00:13.970,7.32844,7.3298,1.00,1.19
2014.10.28 16:00:14.652,7.32853,7.3298,1.00,1.19
2014.10.28 16:00:14.993,7.32853,7.32984,1.00,1.19
2014.10.28 16:00:15.145,7.32843,7.32984,1.00,1.19
2014.10.28 16:00:15.413,7.32853,7.32984,1.00,1.19
2014.10.28 16:00:16.198,7.32853,7.32985,1.00,1.49
2014.10.28 16:00:16.615,7.32843,7.32985,1.00,1.49
2014.10.28 16:00:16.925,7.32833,7.32985,1.69,1.30
2014.10.28 16:00:16.977,7.32848,7.33004,1.30,1.30
2014.10.28 16:00:17.028,7.32848,7.33016,1.30,1.49
2014.10.28 16:00:17.579,7.32853,7.33001,1.00,1.00
2014.10.28 16:00:17.908,7.32864,7.32984,1.00,1.30
2014.10.28 16:00:18.212,7.32873,7.32984,1.00,1.30
2014.10.28 16:00:18.263,7.32864,7.32984,1.00,1.30
2014.10.28 16:00:18.365,7.32833,7.32984,1.60,1.30
2014.10.28 16:00:18.466,7.32845,7.33003,1.30,1.30
2014.10.28 16:00:18.517,7.32845,7.33013,1.30,1.49
2014.10.28 16:00:18.987,7.32847,7.33013,1.00,1.49
2014.10.28 16:00:19.291,7.32857,7.33013,1.19,1.30
2014.10.28 16:00:19.594,7.32863,7.33013,1.00,1.30
2014.10.28 16:00:19.701,7.32853,7.33013,1.31,1.30
2014.10.28 16:00:20.267,7.32875,7.33032,1.30,1.72
2014.10.28 16:00:20.369,7.32875,7.33039,1.30,1.19
2014.10.28 16:00:21.733,7.32875,7.33031,1.30,1.19
2014.10.28 16:00:21.935,7.32875,7.33043,1.30,1.49
2014.10.28 16:00:22.138,7.32875,7.3302,1.30,1.19
2014.10.28 16:00:22.189,7.32855,7.33006,1.30,1.19
2014.10.28 16:00:22.240,7.32844,7.33006,1.30,1.19
2014.10.28 16:00:22.427,7.32863,7.33007,1.00,1.19
2014.10.28 16:00:22.752,7.32863,7.33001,1.00,1.00
2014.10.28 16:00:23.133,7.32863,7.33001,1.00,1.19
2014.10.28 16:00:23.184,7.32854,7.33001,1.00,1.19
2014.10.28 16:00:23.286,7.32854,7.32983,1.00,1.30
2014.10.28 16:00:23.791,7.32853,7.32983,1.00,1.30
2014.10.28 16:00:25.093,7.32876,7.32995,1.30,1.00
2014.10.28 16:00:25.144,7.32876,7.33002,1.30,1.30
2014.10.28 16:00:25.195,7.32876,7.3302,1.30,1.00
2014.10.28 16:00:25.297,7.32876,7.33042,1.30,1.19
2014.10.28 16:00:26.161,7.32876,7.33044,1.30,1.30
2014.10.28 16:00:27.357,7.32876,7.33043,1.30,1.00
2014.10.28 16:00:27.459,7.32876,7.33035,1.30,1.00
2014.10.28 16:00:27.770,7.32876,7.33025,1.30,1.00
2014.10.28 16:00:28.023,7.32909,7.33076,1.30,1.49
2014.10.28 16:00:28.074,7.32909,7.33063,1.30,1.19
2014.10.28 16:00:28.125,7.32889,7.33027,1.30,1.50
2014.10.28 16:00:28.176,7.32879,7.33027,1.30,1.69
2014.10.28 16:00:28.226,7.32873,7.32999,1.00,1.00
2014.10.28 16:00:28.328,7.32884,7.33023,1.30,1.56
2014.10.28 16:00:28.429,7.32884,7.33023,1.30,1.00
2014.10.28 16:00:28.480,7.32884,7.3305,1.30,1.19
2014.10.28 16:00:29.112,7.32885,7.33051,1.00,1.49
2014.10.28 16:00:29.163,7.32885,7.33051,1.75,1.49
2014.10.28 16:00:29.214,7.32912,7.3307,1.30,1.49
2014.10.28 16:00:29.315,7.32903,7.33038,1.00,1.00
2014.10.28 16:00:29.631,7.32873,7.32998,1.00,1.00
2014.10.28 16:00:29.682,7.32863,7.32998,1.00,1.00
2014.10.28 16:00:29.931,7.32843,7.32998,1.00,1.00
2014.10.28 16:00:30.106,7.32843,7.3298,1.00,1.00
2014.10.28 16:00:30.467,7.32843,7.32974,1.00,1.19
2014.10.28 16:00:30.717,7.32833,7.32974,1.00,1.19
2014.10.28 16:00:31.290,7.32833,7.32972,1.00,1.00
2014.10.28 16:00:31.493,7.32833,7.32977,1.00,1.19
2014.10.28 16:00:31.696,7.32833,7.32981,1.69,1.30
2014.10.28 16:00:31.747,7.32845,7.33001,1.72,1.30
2014.10.28 16:00:31.798,7.32845,7.33012,1.72,1.49
2014.10.28 16:00:31.848,7.32845,7.33012,2.05,1.49
2014.10.28 16:00:32.172,7.32874,7.33027,1.30,1.19
2014.10.28 16:00:32.900,7.32874,7.33028,1.30,1.25
2014.10.28 16:00:33.103,7.32874,7.33026,1.30,1.00
2014.10.28 16:00:33.392,7.32874,7.33032,1.30,1.19
2014.10.28 16:00:33.811,7.32874,7.33031,2.09,1.00
2014.10.28 16:00:34.014,7.32912,7.33075,1.94,1.30
2014.10.28 16:00:34.065,7.32912,7.33075,1.19,1.30
2014.10.28 16:00:34.167,7.32912,7.33075,1.94,1.30
2014.10.28 16:00:34.487,7.32903,7.33046,1.00,1.30
2014.10.28 16:00:34.943,7.32913,7.33046,1.00,1.30
2014.10.28 16:00:35.081,7.32903,7.33046,1.00,1.30
2014.10.28 16:00:35.412,7.32893,7.33046,1.00,1.30
2014.10.28 16:00:35.637,7.32879,7.33046,1.49,1.30
2014.10.28 16:00:35.846,7.32879,7.33043,1.49,1.00
2014.10.28 16:00:36.570,7.32879,7.33042,1.49,1.00
2014.10.28 16:00:37.311,7.32879,7.33042,1.30,1.00
2014.10.28 16:00:37.642,7.32879,7.3304,1.30,1.00
2014.10.28 16:00:37.821,7.32879,7.33044,1.30,1.00
2014.10.28 16:00:38.125,7.32879,7.33037,1.30,1.00
2014.10.28 16:00:38.227,7.32879,7.33046,1.30,1.30
2014.10.28 16:00:38.379,7.32884,7.33046,1.00,1.30
2014.10.28 16:00:38.711,7.32879,7.33046,1.30,1.30
2014.10.28 16:00:38.813,7.32879,7.3304,1.30,1.00
2014.10.28 16:00:39.239,7.32879,7.33028,1.30,1.00
2014.10.28 16:00:39.761,7.32879,7.33024,1.30,1.00
2014.10.28 16:00:40.653,7.32879,7.33022,1.30,1.00
2014.10.28 16:00:41.125,7.32884,7.33022,1.00,1.00
2014.10.28 16:00:41.227,7.32884,7.33029,1.00,1.00
2014.10.28 16:00:41.328,7.32893,7.33029,1.00,1.00
2014.10.28 16:00:41.429,7.32893,7.33032,1.00,1.00
2014.10.28 16:00:41.563,7.32893,7.33046,1.00,1.49
2014.10.28 16:00:41.665,7.32893,7.33017,1.00,1.50
2014.10.28 16:00:41.918,7.32883,7.33017,1.00,1.30
2014.10.28 16:00:41.969,7.32887,7.33037,1.30,1.30
2014.10.28 16:00:42.020,7.32893,7.33046,1.00,1.19
2014.10.28 16:00:42.463,7.32903,7.33053,1.00,1.49
2014.10.28 16:00:42.665,7.32903,7.33053,1.00,1.30
2014.10.28 16:00:42.992,7.32913,7.33053,1.00,1.30
2014.10.28 16:00:43.165,7.32916,7.33075,1.30,1.19
2014.10.28 16:00:43.952,7.32916,7.33075,1.30,1.00
2014.10.28 16:00:44.096,7.32916,7.33049,1.30,1.00
2014.10.28 16:00:44.399,7.32893,7.33013,1.00,1.00
2014.10.28 16:00:44.648,7.32873,7.33019,1.00,1.30
2014.10.28 16:00:44.749,7.32882,7.3305,1.30,1.49
2014.10.28 16:00:44.800,7.3291,7.33061,1.30,1.19
2014.10.28 16:00:45.423,7.32881,7.33046,1.90,1.19
2014.10.28 16:00:45.636,7.32881,7.33034,1.30,1.00
2014.10.28 16:00:45.940,7.32881,7.33032,1.30,1.00
2014.10.28 16:00:46.911,7.32881,7.33029,1.30,1.00
2014.10.28 16:00:47.142,7.32881,7.3304,1.30,1.19
2014.10.28 16:00:48.081,7.32881,7.3304,1.30,1.19
2014.10.28 16:00:48.183,7.32861,7.33016,1.49,1.30
2014.10.28 16:00:49.271,7.32853,7.33016,1.19,1.30
2014.10.28 16:00:49.607,7.32863,7.33016,1.00,1.30
2014.10.28 16:00:50.582,7.32854,7.33016,1.19,1.30
2014.10.28 16:00:51.373,7.32853,7.33016,1.69,1.30
2014.10.28 16:00:51.663,7.32863,7.33016,1.00,1.30
2014.10.28 16:00:52.364,7.32863,7.33016,1.19,1.30
2014.10.28 16:00:53.293,7.32882,7.33037,1.30,1.00
2014.10.28 16:00:53.621,7.32883,7.3305,1.00,1.91
2014.10.28 16:00:54.472,7.32883,7.3305,1.00,1.91
2014.10.28 16:00:54.821,7.32903,7.3305,1.00,1.49
2014.10.28 16:00:55.290,7.32913,7.3305,1.00,1.49
2014.10.28 16:00:55.546,7.32903,7.3305,1.00,1.49
2014.10.28 16:00:55.779,7.32903,7.3305,1.00,1.49
2014.10.28 16:00:56.280,7.32893,7.3305,1.00,1.49
2014.10.28 16:00:57.321,7.32893,7.33044,1.00,1.19
2014.10.28 16:00:57.422,7.32882,7.33037,1.30,1.69
2014.10.28 16:00:57.473,7.32882,7.33024,1.30,1.00
2014.10.28 16:00:57.524,7.32873,7.33016,1.00,1.30
2014.10.28 16:00:57.626,7.32863,7.33016,1.00,1.30
2014.10.28 16:00:57.728,7.32873,7.33016,1.00,1.30
2014.10.28 16:00:57.829,7.32877,7.33043,1.30,1.49
2014.10.28 16:00:57.931,7.32877,7.33043,1.30,1.30
2014.10.28 16:01:00.881,7.32881,7.33043,1.00,1.30
2014.10.28 16:01:03.133,7.32896,7.33043,1.19,1.30
2014.10.28 16:01:05.313,7.32891,7.33043,1.19,1.30
2014.10.28 16:01:06.367,7.32888,7.33043,1.19,1.30
2014.10.28 16:01:08.533,7.3289,7.33043,1.19,1.30
2014.10.28 16:01:09.335,7.32877,7.33043,1.49,1.30
2014.10.28 16:01:09.386,7.32877,7.33037,1.49,1.50
2014.10.28 16:01:09.689,7.32873,7.33011,1.19,1.30
2014.10.28 16:01:10.239,7.32873,7.33011,1.00,1.30
2014.10.28 16:01:13.161,7.32864,7.33011,1.00,1.30
2014.10.28 16:01:13.372,7.32873,7.33011,1.00,1.72
2014.10.28 16:01:13.688,7.32883,7.33011,1.00,1.30
2014.10.28 16:01:15.351,7.32873,7.33011,1.00,1.30
2014.10.28 16:01:16.741,7.32863,7.33011,1.00,1.30
2014.10.28 16:01:24.160,7.32873,7.33011,1.00,1.30
2014.10.28 16:01:30.581,7.32873,7.33002,1.00,1.00
2014.10.28 16:01:30.685,7.32843,7.32982,1.00,1.30
2014.10.28 16:01:30.837,7.32843,7.32979,1.00,1.00
2014.10.28 16:01:31.249,7.32833,7.32979,1.00,1.19
2014.10.28 16:01:31.300,7.32833,7.32973,1.00,1.00
2014.10.28 16:01:31.809,7.32823,7.32952,1.00,1.30
2014.10.28 16:01:32.853,7.32824,7.32952,1.00,1.30
2014.10.28 16:01:34.060,7.32853,7.32952,1.00,1.30
2014.10.28 16:01:34.390,7.32843,7.32952,1.00,1.30
2014.10.28 16:01:34.542,7.32854,7.32952,1.00,1.30
2014.10.28 16:01:35.270,7.32843,7.32952,1.00,1.30
2014.10.28 16:01:35.410,7.32853,7.32952,1.00,1.30
2014.10.28 16:01:35.951,7.32863,7.32952,1.00,1.30
2014.10.28 16:01:36.103,7.32863,7.32972,1.00,1.49
2014.10.28 16:01:36.154,7.32873,7.3298,1.00,1.91
2014.10.28 16:01:36.839,7.32844,7.3298,1.00,1.91
2014.10.28 16:01:36.890,7.32844,7.3298,1.00,1.30
2014.10.28 16:01:36.992,7.32844,7.33006,1.00,1.00
2014.10.28 16:01:38.351,7.32853,7.33006,1.00,1.00
2014.10.28 16:01:38.902,7.32844,7.33006,1.00,1.00
2014.10.28 16:01:39.671,7.32841,7.33006,1.54,1.00
2014.10.28 16:01:40.592,7.32841,7.33008,1.54,1.30
2014.10.28 16:01:40.693,7.32853,7.33008,1.00,1.30
2014.10.28 16:01:41.070,7.32863,7.33008,1.00,1.30
2014.10.28 16:01:41.885,7.32873,7.33031,1.30,1.00
2014.10.28 16:01:43.560,7.32873,7.33032,1.30,1.00
2014.10.28 16:01:44.063,7.32873,7.33032,1.30,1.19
2014.10.28 16:01:45.102,7.32873,7.33032,1.30,1.19
2014.10.28 16:01:46.092,7.32873,7.33032,1.30,1.19
2014.10.28 16:01:47.413,7.32873,7.33032,1.30,1.25
2014.10.28 16:01:48.500,7.32873,7.33032,1.30,1.19
2014.10.28 16:01:50.096,7.32873,7.33038,1.30,1.19
2014.10.28 16:01:53.506,7.32873,7.33037,1.30,1.19
2014.10.28 16:01:54.809,7.32873,7.33037,1.30,1.19
2014.10.28 16:01:55.812,7.32873,7.33037,1.30,1.00
2014.10.28 16:01:56.985,7.32883,7.33037,1.50,1.00
2014.10.28 16:01:58.197,7.32873,7.33027,2.47,1.00
2014.10.28 16:01:58.510,7.32843,7.3301,2.44,1.30
2014.10.28 16:01:59.018,7.32842,7.33009,1.91,1.00
2014.10.28 16:01:59.859,7.32843,7.3301,1.00,1.30
2014.10.28 16:01:59.961,7.32853,7.3301,1.50,1.30
2014.10.28 16:02:00.304,7.32883,7.3301,1.50,1.30
2014.10.28 16:02:02.268,7.32863,7.3301,1.00,1.30
2014.10.28 16:02:03.792,7.32853,7.3301,1.19,1.30
2014.10.28 16:02:04.170,7.32853,7.3301,1.00,1.30
2014.10.28 16:02:04.342,7.32864,7.3301,1.00,1.30
2014.10.28 16:02:05.130,7.32873,7.3301,1.00,1.30
2014.10.28 16:02:05.485,7.32883,7.3301,1.00,1.30
2014.10.28 16:02:05.660,7.32873,7.3301,1.00,1.30
2014.10.28 16:02:06.119,7.32883,7.3301,1.00,1.30
2014.10.28 16:02:06.323,7.32873,7.3301,1.00,1.30
2014.10.28 16:02:08.542,7.32853,7.3301,1.00,1.30
2014.10.28 16:02:09.883,7.32863,7.3301,1.00,1.30
2014.10.28 16:02:10.220,7.32873,7.3301,1.00,1.30
2014.10.28 16:02:11.841,7.32863,7.3301,1.00,1.30
2014.10.28 16:02:11.943,7.32853,7.3301,1.00,1.30
2014.10.28 16:02:12.171,7.32873,7.3301,1.00,1.30
2014.10.28 16:02:12.832,7.32854,7.3301,1.00,1.30
2014.10.28 16:02:13.379,7.32873,7.33036,1.00,1.49
2014.10.28 16:02:14.083,7.32873,7.33034,1.00,1.19
2014.10.28 16:02:14.386,7.32873,7.33034,1.19,1.00
2014.10.28 16:02:16.692,7.32871,7.33034,1.49,1.00
2014.10.28 16:02:18.419,7.32871,7.33034,1.30,1.00
2014.10.28 16:02:18.669,7.32871,7.33036,1.30,1.30
2014.10.28 16:02:20.903,7.32871,7.33036,1.49,1.30
2014.10.28 16:02:21.425,7.32871,7.3303,1.49,1.00
2014.10.28 16:02:21.678,7.32833,7.33,1.00,1.30
2014.10.28 16:02:22.205,7.32832,7.33,1.16,1.30
2014.10.28 16:02:22.306,7.32832,7.32989,1.16,1.00
2014.10.28 16:02:22.643,7.32834,7.32989,1.00,1.00
2014.10.28 16:02:23.060,7.32834,7.33,1.00,1.30
2014.10.28 16:02:23.162,7.32844,7.33,1.69,1.30
2014.10.28 16:02:24.358,7.32843,7.33,1.19,1.30
2014.10.28 16:02:25.370,7.32848,7.33,1.19,1.30
2014.10.28 16:02:26.360,7.32841,7.33,1.19,1.30
2014.10.28 16:02:27.659,7.32835,7.33,1.19,1.30
2014.10.28 16:02:28.112,7.32835,7.32993,1.19,1.00
2014.10.28 16:02:28.163,7.32805,7.32969,1.19,1.30
2014.10.28 16:02:29.331,7.32801,7.32958,1.49,1.00
2014.10.28 16:02:29.382,7.32801,7.32958,1.49,1.00
2014.10.28 16:02:29.433,7.32801,7.3295,1.49,1.00
2014.10.28 16:02:29.484,7.32801,7.3295,1.30,1.00
2014.10.28 16:02:29.586,7.32801,7.32942,1.30,1.00
2014.10.28 16:02:29.788,7.32801,7.32947,1.30,1.00
2014.10.28 16:02:30.181,7.3277,7.32937,1.30,1.30
2014.10.28 16:02:30.232,7.3277,7.32906,1.30,1.00
2014.10.28 16:02:30.283,7.32742,7.32906,1.49,1.00
2014.10.28 16:02:30.334,7.32742,7.32866,1.49,1.00
2014.10.28 16:02:31.288,7.32742,7.32866,1.30,1.00
2014.10.28 16:02:31.440,7.32742,7.3285,1.30,1.00
2014.10.28 16:02:32.550,7.32742,7.32852,1.30,1.00
2014.10.28 16:02:33.652,7.32742,7.32852,1.49,1.00
2014.10.28 16:02:34.201,7.32722,7.32846,1.30,1.30
2014.10.28 16:02:34.252,7.32702,7.32846,1.19,1.30
2014.10.28 16:02:34.303,7.32679,7.32826,1.91,1.00
2014.10.28 16:02:34.404,7.32679,7.32815,1.91,1.00
2014.10.28 16:02:34.505,7.32679,7.32823,1.91,1.00
2014.10.28 16:02:34.758,7.32679,7.32821,1.91,1.00
2014.10.28 16:02:35.079,7.32679,7.32819,1.99,1.00
2014.10.28 16:02:36.284,7.32684,7.32819,1.19,1.00
2014.10.28 16:02:37.369,7.32693,7.32819,1.19,1.00
2014.10.28 16:02:37.600,7.32693,7.32836,1.19,1.00
2014.10.28 16:02:37.702,7.32714,7.32836,1.19,1.00
2014.10.28 16:02:37.803,7.32714,7.32846,1.19,1.30
2014.10.28 16:02:38.672,7.32714,7.32849,1.19,1.00
2014.10.28 16:02:38.922,7.32715,7.32847,1.19,1.00
2014.10.28 16:02:39.109,7.32715,7.32849,1.19,1.00
2014.10.28 16:02:39.706,7.32721,7.32849,1.19,1.00
2014.10.28 16:02:40.014,7.32741,7.32858,1.19,1.00
2014.10.28 16:02:40.115,7.32741,7.32863,1.19,1.00
2014.10.28 16:02:40.428,7.32741,7.3286,1.19,1.00
2014.10.28 16:02:41.130,7.32734,7.32848,1.49,1.00
2014.10.28 16:02:41.333,7.32687,7.32843,1.30,1.00
2014.10.28 16:02:41.435,7.32687,7.3279,1.49,1.00
2014.10.28 16:02:41.595,7.32656,7.32779,1.19,1.00
2014.10.28 16:02:42.003,7.32655,7.32771,1.30,1.00
2014.10.28 16:02:42.104,7.32655,7.3279,1.30,1.00
2014.10.28 16:02:42.307,7.32629,7.3279,1.19,1.00
2014.10.28 16:02:42.410,7.32629,7.32793,1.19,1.30
2014.10.28 16:02:42.512,7.32626,7.32793,1.49,1.30
2014.10.28 16:02:44.818,7.32626,7.32793,1.49,1.30
2014.10.28 16:02:46.028,7.32626,7.32793,1.49,1.30
2014.10.28 16:02:46.180,7.32626,7.32791,1.49,1.00
2014.10.28 16:02:47.105,7.32626,7.32791,1.30,1.00
2014.10.28 16:02:47.728,7.32626,7.32793,1.30,1.30
2014.10.28 16:02:48.548,7.32626,7.32793,1.49,1.30
2014.10.28 16:02:49.540,7.32626,7.32793,1.49,1.30
2014.10.28 16:02:50.630,7.32648,7.32793,1.19,1.30
2014.10.28 16:02:50.933,7.32654,7.32821,1.49,1.00
2014.10.28 16:02:51.620,7.32655,7.32821,1.19,1.00
2014.10.28 16:02:52.912,7.32654,7.32821,1.49,1.00
2014.10.28 16:02:53.065,7.32672,7.32822,1.19,1.30
2014.10.28 16:02:54.330,7.3266,7.32822,1.19,1.30
2014.10.28 16:02:55.483,7.32655,7.32822,1.19,1.30
2014.10.28 16:02:56.535,7.32654,7.32822,1.86,1.30
2014.10.28 16:02:56.616,7.32654,7.32822,2.24,1.30
2014.10.28 16:02:56.717,7.32683,7.3284,1.30,1.00
2014.10.28 16:02:58.609,7.32683,7.32842,1.30,1.00
2014.10.28 16:02:59.188,7.32683,7.32843,1.30,1.00
2014.10.28 16:02:59.493,7.32683,7.3283,1.30,1.00
2014.10.28 16:02:59.797,7.32683,7.32814,1.30,1.00
2014.10.28 16:03:00.384,7.32683,7.32815,1.30,1.00
2014.10.28 16:03:00.706,7.32683,7.32813,1.30,1.00
2014.10.28 16:03:06.277,7.32683,7.32822,1.30,1.00
2014.10.28 16:03:06.972,7.32683,7.32826,1.30,1.00
2014.10.28 16:03:07.397,7.32683,7.32819,1.30,1.00
2014.10.28 16:03:07.600,7.32683,7.32832,1.30,1.19
2014.10.28 16:03:07.796,7.32683,7.32834,1.30,1.00
2014.10.28 16:03:07.847,7.32683,7.32843,1.30,1.00
2014.10.28 16:03:08.740,7.32683,7.32839,1.30,1.00
2014.10.28 16:03:08.842,7.32683,7.32841,1.30,1.00
2014.10.28 16:03:09.734,7.32683,7.32843,1.30,1.00
2014.10.28 16:03:09.836,7.32683,7.32847,1.30,1.00
2014.10.28 16:03:10.382,7.32683,7.32847,1.49,1.00
2014.10.28 16:03:10.457,7.32683,7.32851,1.49,1.72
2014.10.28 16:03:10.900,7.32683,7.32851,1.86,1.30
2014.10.28 16:03:11.383,7.32683,7.32851,1.86,1.30
2014.10.28 16:03:12.388,7.32683,7.32851,1.86,1.30
2014.10.28 16:03:13.591,7.32683,7.32851,1.86,1.30
2014.10.28 16:03:14.015,7.32695,7.32851,2.24,1.30
2014.10.28 16:03:14.066,7.32714,7.32869,1.30,1.00
2014.10.28 16:03:14.168,7.32714,7.32879,1.30,1.19
2014.10.28 16:03:14.709,7.32714,7.32869,1.30,1.00
2014.10.28 16:03:15.108,7.32714,7.32869,1.49,1.00
2014.10.28 16:03:15.437,7.32714,7.32865,1.49,1.00
2014.10.28 16:03:16.149,7.32714,7.3287,1.49,1.00
2014.10.28 16:03:16.408,7.32714,7.3287,1.30,1.00
2014.10.28 16:03:16.871,7.32714,7.32863,1.30,1.30
2014.10.28 16:03:17.175,7.32678,7.32843,1.19,1.30
2014.10.28 16:03:17.697,7.32688,7.32843,1.19,1.30
2014.10.28 16:03:18.459,7.32704,7.32872,1.30,1.30
2014.10.28 16:03:18.848,7.32704,7.32872,1.49,1.30
2014.10.28 16:03:19.352,7.32736,7.32892,1.30,1.49
2014.10.28 16:03:19.927,7.32736,7.32897,1.30,1.25
2014.10.28 16:03:19.978,7.327,7.32861,1.19,1.30
2014.10.28 16:03:21.418,7.32713,7.32861,1.19,1.30
2014.10.28 16:03:22.421,7.32713,7.32861,1.19,1.30
2014.10.28 16:03:23.490,7.32724,7.32892,1.49,1.30
2014.10.28 16:03:24.181,7.32724,7.32892,1.16,1.30
2014.10.28 16:03:24.550,7.32724,7.32892,1.49,1.30
2014.10.28 16:03:25.812,7.32724,7.32892,1.49,1.30
2014.10.28 16:03:26.714,7.32724,7.32892,1.49,1.30
2014.10.28 16:03:28.818,7.32724,7.32877,1.49,1.00
2014.10.28 16:03:29.655,7.32724,7.32877,1.30,1.00
2014.10.28 16:03:30.099,7.32724,7.32887,1.30,1.00
2014.10.28 16:03:32.484,7.32704,7.32859,1.49,1.30
2014.10.28 16:03:33.063,7.32695,7.32859,1.19,1.30
2014.10.28 16:03:34.066,7.32698,7.32859,1.19,1.30
2014.10.28 16:03:34.399,7.32732,7.32879,1.30,1.30
2014.10.28 16:03:34.450,7.32732,7.32897,1.30,1.91
2014.10.28 16:03:34.501,7.32737,7.32897,1.19,1.30
2014.10.28 16:03:35.517,7.32732,7.32897,1.49,1.30
2014.10.28 16:03:36.113,7.32731,7.32865,1.19,1.30
2014.10.28 16:03:36.605,7.32708,7.32865,1.19,1.30
2014.10.28 16:03:37.582,7.32705,7.32865,1.19,1.30
2014.10.28 16:03:38.696,7.32697,7.32865,1.49,1.30
2014.10.28 16:03:39.669,7.32703,7.32865,1.00,1.30
2014.10.28 16:03:39.720,7.32703,7.32865,1.19,1.30
2014.10.28 16:03:40.937,7.32698,7.32865,1.19,1.30
2014.10.28 16:03:41.899,7.32708,7.32865,1.19,1.30
2014.10.28 16:03:42.907,7.32697,7.32865,1.72,1.30
2014.10.28 16:03:43.230,7.32708,7.32865,1.00,1.30
2014.10.28 16:03:43.550,7.32726,7.32865,1.00,1.30
2014.10.28 16:03:43.753,7.32737,7.32895,1.19,1.30
2014.10.28 16:03:43.854,7.32742,7.32895,1.00,1.30
2014.10.28 16:03:44.958,7.32731,7.32895,1.19,1.30
2014.10.28 16:03:45.399,7.32729,7.32883,1.19,1.30
2014.10.28 16:03:45.501,7.32696,7.32852,1.30,1.30
2014.10.28 16:03:45.551,7.32689,7.32832,1.19,1.30
2014.10.28 16:03:46.421,7.32689,7.32832,1.19,1.30
2014.10.28 16:03:47.058,7.32702,7.32832,1.00,1.30
2014.10.28 16:03:47.610,7.3271,7.32832,1.00,1.30
2014.10.28 16:03:47.965,7.32693,7.32832,1.00,1.30
2014.10.28 16:03:49.033,7.32693,7.32832,1.19,1.30
2014.10.28 16:03:50.137,7.32693,7.32832,1.19,1.30
2014.10.28 16:03:50.577,7.32704,7.32832,1.00,1.30
2014.10.28 16:03:50.628,7.32704,7.32852,1.00,1.30
2014.10.28 16:03:50.679,7.32704,7.3286,1.00,1.30
2014.10.28 16:03:51.142,7.32704,7.3286,1.19,1.30
2014.10.28 16:03:53.295,7.32702,7.3286,1.00,1.30
2014.10.28 16:03:54.759,7.32708,7.3286,1.00,1.30
2014.10.28 16:03:55.096,7.32673,7.32787,1.00,1.30
2014.10.28 16:03:55.708,7.32684,7.32787,1.00,1.30
2014.10.28 16:03:57.371,7.32684,7.32787,1.75,1.30
2014.10.28 16:03:57.473,7.32703,7.32831,1.00,1.30
2014.10.28 16:03:57.625,7.32703,7.32823,1.00,1.30
2014.10.28 16:03:57.778,7.32673,7.32803,1.00,1.30
2014.10.28 16:03:57.980,7.32683,7.32803,1.00,1.30
2014.10.28 16:04:01.416,7.32667,7.32803,1.94,1.30
2014.10.28 16:04:01.467,7.32689,7.32803,1.00,1.30
2014.10.28 16:04:01.669,7.32686,7.32831,1.00,1.30
2014.10.28 16:04:01.821,7.32683,7.32831,1.00,1.30
2014.10.28 16:04:02.677,7.32683,7.32831,1.37,1.30
2014.10.28 16:04:02.880,7.32683,7.32831,1.00,1.30
2014.10.28 16:04:06.596,7.32673,7.32831,1.00,1.30
2014.10.28 16:04:06.698,7.32683,7.32831,1.00,1.30
2014.10.28 16:04:07.600,7.32683,7.32797,1.00,1.50
2014.10.28 16:04:07.651,7.32653,7.3277,1.00,1.30
2014.10.28 16:04:08.670,7.32643,7.3277,1.00,1.30
2014.10.28 16:04:09.298,7.32604,7.3277,1.79,1.30
2014.10.28 16:04:09.349,7.32603,7.3277,1.85,1.30
2014.10.28 16:04:09.400,7.32643,7.3277,1.50,1.30
2014.10.28 16:04:09.704,7.3266,7.328,1.00,1.30
2014.10.28 16:04:09.807,7.32658,7.328,1.00,1.30
2014.10.28 16:04:12.119,7.32658,7.328,1.19,1.30
2014.10.28 16:04:15.429,7.32644,7.328,1.19,1.30
2014.10.28 16:04:16.433,7.32646,7.328,1.19,1.30
2014.10.28 16:04:17.766,7.32646,7.328,1.19,1.30
2014.10.28 16:04:18.763,7.32652,7.328,1.19,1.30
2014.10.28 16:04:19.797,7.32649,7.328,1.19,1.30
2014.10.28 16:04:20.182,7.32678,7.328,1.19,1.30
2014.10.28 16:04:20.385,7.32683,7.328,1.00,1.30
2014.10.28 16:04:20.538,7.32661,7.328,1.19,1.30
2014.10.28 16:04:21.556,7.32665,7.328,1.00,1.30
2014.10.28 16:04:23.705,7.32676,7.32835,1.00,1.30
2014.10.28 16:04:23.756,7.32683,7.32835,1.00,1.30
2014.10.28 16:04:24.060,7.32699,7.32804,1.00,1.30
2014.10.28 16:04:24.111,7.32683,7.32804,1.19,1.30
2014.10.28 16:04:24.213,7.32671,7.32804,1.00,1.30
2014.10.28 16:04:24.838,7.32671,7.32774,1.00,1.30
2014.10.28 16:04:26.389,7.32671,7.32774,1.19,1.30
2014.10.28 16:04:27.379,7.32669,7.32774,1.19,1.30
2014.10.28 16:04:27.537,7.32669,7.32794,1.19,1.30
2014.10.28 16:04:27.588,7.32669,7.32801,1.19,1.30
2014.10.28 16:04:27.740,7.32656,7.3277,1.19,1.30
2014.10.28 16:04:28.083,7.32653,7.3277,1.19,1.30
2014.10.28 16:04:29.806,7.32653,7.3277,1.00,1.30
2014.10.28 16:04:31.299,7.32653,7.3277,1.19,1.30
2014.10.28 16:04:32.597,7.32653,7.3277,1.19,1.30
2014.10.28 16:04:33.540,7.32653,7.3279,1.19,1.30
2014.10.28 16:04:33.641,7.32653,7.328,1.19,1.30
2014.10.28 16:04:35.304,7.32655,7.328,1.19,1.30
2014.10.28 16:04:36.331,7.32655,7.328,1.19,1.30
2014.10.28 16:04:37.409,7.32655,7.328,1.25,1.30
2014.10.28 16:04:45.830,7.32655,7.328,1.19,1.30
2014.10.28 16:04:46.833,7.32651,7.328,1.19,1.30
2014.10.28 16:04:47.837,7.32651,7.328,1.19,1.30
2014.10.28 16:04:49.042,7.32651,7.328,1.19,1.30
2014.10.28 16:04:49.244,7.32645,7.32787,1.19,1.30
2014.10.28 16:04:49.547,7.32622,7.32766,1.19,1.30
2014.10.28 16:04:50.588,7.32622,7.32766,1.19,1.30
2014.10.28 16:04:51.553,7.32622,7.32766,1.19,1.30
2014.10.28 16:04:51.757,7.32624,7.32766,1.00,1.30
2014.10.28 16:04:51.859,7.32613,7.32766,1.00,1.30
2014.10.28 16:04:51.911,7.32601,7.32766,1.49,1.30
2014.10.28 16:04:53.897,7.32601,7.32766,1.30,1.30
2014.10.28 16:04:57.328,7.32605,7.32766,1.00,1.30
2014.10.28 16:04:57.796,7.3261,7.32766,1.00,1.30
2014.10.28 16:04:58.409,7.3261,7.32766,1.19,1.30
2014.10.28 16:04:58.979,7.32622,7.32766,1.00,1.30
2014.10.28 16:05:01.988,7.32628,7.32766,1.00,1.30
2014.10.28 16:05:04.393,7.32622,7.32766,1.00,1.30
2014.10.28 16:05:04.495,7.32604,7.32766,1.19,1.30
2014.10.28 16:05:05.221,7.3261,7.32766,1.00,1.30
2014.10.28 16:05:06.275,7.32616,7.32766,1.00,1.30
2014.10.28 16:05:06.705,7.32628,7.32766,1.00,1.30
2014.10.28 16:05:06.756,7.32628,7.32787,1.00,1.49
2014.10.28 16:05:07.629,7.32628,7.32795,1.00,1.30
2014.10.28 16:05:08.687,7.32627,7.32795,1.30,1.30
2014.10.28 16:05:10.939,7.32627,7.32795,1.30,1.49
2014.10.28 16:05:11.988,7.32627,7.32795,1.30,1.16
2014.10.28 16:05:16.116,7.32627,7.32795,2.05,1.30
2014.10.28 16:05:16.480,7.32627,7.32795,2.24,1.30
2014.10.28 16:05:18.864,7.32631,7.32795,1.56,1.30
2014.10.28 16:05:19.967,7.32627,7.32795,2.66,1.30
2014.10.28 16:05:20.971,7.32628,7.32795,1.94,1.30
2014.10.28 16:05:22.007,7.3264,7.32795,1.19,1.30
2014.10.28 16:05:23.107,7.32643,7.32795,1.19,1.30
2014.10.28 16:05:24.081,7.32645,7.32795,1.19,1.30
2014.10.28 16:05:25.185,7.32648,7.32795,1.19,1.30
2014.10.28 16:05:26.187,7.32653,7.32795,1.19,1.30
2014.10.28 16:05:26.804,7.32653,7.32815,1.19,1.30
2014.10.28 16:05:27.389,7.32651,7.32816,1.19,1.30
2014.10.28 16:05:29.330,7.32677,7.32836,1.49,1.30
2014.10.28 16:05:29.381,7.32677,7.32844,1.49,1.30
2014.10.28 16:05:30.399,7.32678,7.32844,1.19,1.30
2014.10.28 16:05:31.803,7.32677,7.32844,1.91,1.30
2014.10.28 16:05:34.209,7.32677,7.32844,1.49,1.30
2014.10.28 16:05:35.012,7.32698,7.32844,1.19,1.30
2014.10.28 16:05:37.159,7.32692,7.32844,1.19,1.30
2014.10.28 16:05:38.321,7.32686,7.32844,1.19,1.30
2014.10.28 16:05:39.323,7.32685,7.32844,1.19,1.30
2014.10.28 16:05:40.526,7.32683,7.32844,1.19,1.30
2014.10.28 16:05:41.563,7.32684,7.32844,1.19,1.30
2014.10.28 16:05:42.535,7.32678,7.32844,1.19,1.30
2014.10.28 16:05:43.639,7.32677,7.32844,1.49,1.30
2014.10.28 16:05:45.645,7.32677,7.32844,1.91,1.30
2014.10.28 16:05:47.249,7.32677,7.32844,1.49,1.30
2014.10.28 16:05:48.253,7.32677,7.32844,1.49,1.30
2014.10.28 16:05:48.720,7.32677,7.32835,1.49,1.30
2014.10.28 16:05:48.977,7.32663,7.32815,1.19,1.30
2014.10.28 16:05:49.337,7.32658,7.32808,1.19,1.30
2014.10.28 16:05:49.687,7.32658,7.32788,1.19,1.30
2014.10.28 16:05:51.115,7.32676,7.32788,1.19,1.30
2014.10.28 16:05:52.313,7.32678,7.32788,1.19,1.30
2014.10.28 16:05:53.064,7.32656,7.32788,1.19,1.30
2014.10.28 16:05:54.179,7.32647,7.32788,1.19,1.30
2014.10.28 16:05:54.705,7.32669,7.32788,1.19,1.30
2014.10.28 16:05:54.908,7.3269,7.32826,1.19,1.30
2014.10.28 16:05:55.899,7.32702,7.32826,1.19,1.30
2014.10.28 16:05:56.102,7.32723,7.32853,1.19,1.30
2014.10.28 16:05:57.095,7.32709,7.32853,1.19,1.30
2014.10.28 16:05:58.401,7.32708,7.32853,1.19,1.30
2014.10.28 16:05:59.705,7.32703,7.32853,1.19,1.30
2014.10.28 16:06:02.012,7.32698,7.32853,1.19,1.30
2014.10.28 16:06:03.238,7.32702,7.32853,1.19,1.30
2014.10.28 16:06:04.719,7.32701,7.32853,1.19,1.30
2014.10.28 16:06:09.028,7.327,7.32853,1.19,1.30
2014.10.28 16:06:11.267,7.32698,7.32853,1.19,1.30
2014.10.28 16:06:12.281,7.32698,7.32853,1.19,1.30
2014.10.28 16:06:13.239,7.327,7.32853,1.19,1.30
2014.10.28 16:06:16.548,7.32701,7.32853,1.19,1.30
2014.10.28 16:06:16.852,7.32701,7.32831,1.19,1.30
2014.10.28 16:06:17.778,7.32707,7.32831,1.19,1.30
2014.10.28 16:06:18.856,7.32706,7.32831,1.19,1.30
2014.10.28 16:06:19.958,7.32703,7.32831,1.19,1.30
2014.10.28 16:06:20.374,7.32682,7.32831,1.19,1.30
2014.10.28 16:06:20.426,7.32682,7.32792,1.19,1.30
2014.10.28 16:06:21.410,7.32665,7.32792,1.19,1.30
2014.10.28 16:06:22.095,7.32643,7.32792,1.19,1.30
2014.10.28 16:06:24.303,7.32667,7.32792,1.19,1.30
2014.10.28 16:06:25.279,7.32681,7.32792,1.19,1.30
2014.10.28 16:06:26.327,7.3267,7.32792,1.19,1.30
2014.10.28 16:06:27.403,7.32671,7.32792,1.19,1.30
2014.10.28 16:06:28.488,7.32669,7.32792,1.19,1.30
2014.10.28 16:06:30.094,7.32656,7.32792,1.19,1.30
2014.10.28 16:06:31.197,7.32656,7.32792,1.19,1.30
2014.10.28 16:06:32.011,7.32678,7.32792,1.19,1.30
2014.10.28 16:06:32.303,7.32657,7.32792,1.19,1.30
2014.10.28 16:06:32.607,7.32678,7.32792,1.19,1.30
2014.10.28 16:06:33.526,7.32657,7.32792,1.19,1.30
2014.10.28 16:06:34.615,7.32649,7.32792,1.19,1.30
2014.10.28 16:06:36.021,7.32662,7.32792,1.19,1.30
2014.10.28 16:06:36.748,7.3264,7.32792,1.19,1.30
2014.10.28 16:06:36.799,7.3264,7.32777,1.19,1.30
2014.10.28 16:06:37.106,7.3264,7.32757,1.19,1.30
2014.10.28 16:06:37.828,7.32643,7.32757,1.19,1.30
2014.10.28 16:06:37.980,7.32626,7.32757,1.00,1.30
2014.10.28 16:06:38.307,7.3262,7.32757,1.00,1.30
2014.10.28 16:06:38.459,7.32625,7.32757,1.00,1.30
2014.10.28 16:06:41.716,7.32625,7.32757,1.75,1.30
2014.10.28 16:06:42.468,7.32632,7.32786,1.75,1.49
2014.10.28 16:06:42.620,7.3264,7.32786,1.75,1.49
2014.10.28 16:06:43.253,7.32632,7.32786,1.75,1.30
2014.10.28 16:06:45.527,7.32633,7.32786,1.75,1.30
2014.10.28 16:06:45.738,7.32633,7.32786,1.75,1.30
2014.10.28 16:06:48.851,7.32633,7.32786,1.75,1.30
2014.10.28 16:06:49.668,7.32628,7.32786,1.75,1.30
2014.10.28 16:06:50.385,7.32647,7.32786,1.75,1.30
2014.10.28 16:06:50.487,7.32665,7.32806,1.75,1.49
2014.10.28 16:06:50.538,7.32665,7.32816,1.75,1.49
2014.10.28 16:06:50.639,7.32653,7.32816,1.00,1.30
2014.10.28 16:06:50.690,7.32653,7.32816,1.75,1.30
2014.10.28 16:06:50.993,7.32648,7.32816,1.30,1.30
2014.10.28 16:06:51.505,7.32643,7.32788,1.19,1.30
2014.10.28 16:06:52.103,7.32643,7.32788,1.00,1.30
2014.10.28 16:06:52.730,7.32645,7.32788,1.00,1.30
2014.10.28 16:06:56.813,7.32643,7.32788,1.50,1.30
2014.10.28 16:06:57.924,7.32636,7.32788,1.00,1.30
2014.10.28 16:06:59.102,7.32629,7.32788,1.00,1.30
2014.10.28 16:06:59.204,7.32629,7.32788,1.75,1.30
2014.10.28 16:07:00.077,7.32628,7.32788,1.25,1.30
2014.10.28 16:07:00.127,7.32633,7.32788,1.00,1.30
2014.10.28 16:07:00.686,7.32632,7.32788,1.00,1.30
2014.10.28 16:07:06.248,7.32626,7.32788,1.00,1.30
2014.10.28 16:07:08.225,7.32632,7.32788,1.00,1.30
2014.10.28 16:07:08.534,7.32632,7.32788,1.19,1.30
2014.10.28 16:07:08.852,7.32657,7.32788,1.94,1.30
2014.10.28 16:07:08.953,7.32657,7.32817,1.94,1.30
2014.10.28 16:07:09.635,7.32657,7.32817,1.19,1.30
2014.10.28 16:07:09.686,7.32668,7.32817,1.19,1.30
2014.10.28 16:07:10.186,7.3266,7.32806,1.00,1.30
2014.10.28 16:07:10.237,7.32655,7.32786,1.19,1.30
2014.10.28 16:07:11.173,7.32662,7.32786,1.19,1.30
2014.10.28 16:07:12.287,7.32668,7.32786,1.19,1.30
2014.10.28 16:07:12.511,7.32668,7.32814,1.19,1.30
2014.10.28 16:07:13.277,7.32669,7.32814,1.19,1.30
2014.10.28 16:07:13.378,7.32666,7.32814,1.00,1.30
2014.10.28 16:07:13.531,7.32646,7.32814,1.91,1.30
2014.10.28 16:07:13.581,7.32646,7.32802,1.91,1.30
2014.10.28 16:07:13.909,7.32646,7.32782,1.19,1.30
2014.10.28 16:07:14.370,7.32643,7.32782,1.00,1.30
2014.10.28 16:07:14.878,7.32632,7.32782,1.19,1.30
2014.10.28 16:07:15.496,7.32632,7.32782,1.19,1.30
2014.10.28 16:07:18.277,7.32632,7.32782,1.19,1.30
2014.10.28 16:07:20.783,7.32632,7.32782,1.19,1.30
2014.10.28 16:07:21.914,7.32627,7.32782,1.19,1.30
2014.10.28 16:07:23.088,7.32627,7.32782,1.19,1.30
2014.10.28 16:07:24.091,7.32627,7.32782,1.19,1.30
2014.10.28 16:07:25.096,7.32627,7.32782,1.19,1.30
2014.10.28 16:07:26.203,7.32627,7.32782,1.19,1.30
2014.10.28 16:07:27.210,7.32627,7.32782,1.19,1.30
2014.10.28 16:07:28.307,7.32627,7.32782,1.19,1.30
2014.10.28 16:07:31.013,7.32627,7.32782,1.19,1.30
2014.10.28 16:07:33.345,7.32627,7.32782,1.69,1.30
2014.10.28 16:07:33.654,7.32627,7.32793,2.66,1.30
2014.10.28 16:07:34.333,7.32628,7.32793,1.19,1.30
2014.10.28 16:07:35.448,7.32631,7.32793,1.19,1.30
2014.10.28 16:07:38.233,7.32635,7.32793,1.19,1.30
2014.10.28 16:07:39.247,7.32628,7.32793,1.19,1.30
2014.10.28 16:07:40.389,7.32627,7.32793,1.49,1.30
2014.10.28 16:07:41.444,7.32628,7.32793,1.19,1.30
2014.10.28 16:07:43.551,7.32627,7.32793,1.91,1.30
2014.10.28 16:07:44.692,7.32627,7.32793,1.91,1.30
2014.10.28 16:07:45.757,7.32627,7.32793,1.91,1.30
2014.10.28 16:07:47.060,7.32632,7.32793,1.19,1.30
2014.10.28 16:07:48.764,7.32632,7.32793,1.19,1.30
2014.10.28 16:07:49.867,7.32632,7.32793,1.19,1.30
2014.10.28 16:07:50.970,7.32632,7.32793,1.19,1.30
2014.10.28 16:07:51.872,7.32647,7.32793,1.19,1.30
2014.10.28 16:07:53.176,7.32657,7.32793,1.19,1.30
2014.10.28 16:07:53.685,7.32657,7.32792,1.19,1.30
2014.10.28 16:07:54.184,7.32662,7.32792,1.19,1.30
2014.10.28 16:07:55.105,7.32682,7.32792,1.19,1.30
2014.10.28 16:07:55.604,7.32682,7.32822,1.19,1.30
2014.10.28 16:07:56.488,7.32693,7.32822,1.19,1.30
2014.10.28 16:07:57.492,7.32696,7.32822,1.19,1.30
2014.10.28 16:07:58.733,7.32702,7.32822,1.19,1.30
2014.10.28 16:08:02.007,7.32709,7.32822,1.19,1.30
2014.10.28 16:08:05.826,7.32705,7.32822,1.56,1.30
2014.10.28 16:08:06.821,7.32707,7.32822,1.56,1.30
2014.10.28 16:08:07.923,7.32706,7.32822,1.56,1.30
2014.10.28 16:08:09.141,7.32714,7.32822,1.19,1.30
2014.10.28 16:08:11.247,7.32715,7.32822,1.56,1.30
2014.10.28 16:08:12.270,7.32712,7.32822,1.94,1.30
2014.10.28 16:08:12.371,7.32712,7.32822,1.19,1.30
2014.10.28 16:08:14.582,7.32712,7.32822,1.69,1.30
2014.10.28 16:08:15.619,7.32712,7.32842,1.56,1.30
2014.10.28 16:08:15.670,7.32705,7.32844,1.94,1.30
2014.10.28 16:08:17.501,7.32706,7.32844,1.94,1.30
2014.10.28 16:08:17.602,7.32706,7.32844,1.94,1.30
2014.10.28 16:08:17.805,7.32706,7.32844,1.94,1.30
2014.10.28 16:08:18.698,7.32714,7.32844,1.56,1.30
2014.10.28 16:08:19.706,7.32717,7.32844,1.69,1.30
2014.10.28 16:08:20.178,7.32717,7.32844,1.94,1.30
2014.10.28 16:08:20.313,7.32717,7.32844,1.94,1.30
2014.10.28 16:08:20.423,7.32717,7.32844,1.94,1.30
2014.10.28 16:08:20.727,7.3273,7.32844,1.56,1.30
2014.10.28 16:08:23.581,7.32727,7.32844,1.94,1.30
2014.10.28 16:08:24.323,7.32748,7.32844,1.19,1.30
2014.10.28 16:08:24.374,7.32748,7.32877,1.19,1.30
2014.10.28 16:08:25.392,7.32731,7.32877,1.94,1.30
2014.10.28 16:08:26.400,7.32739,7.32877,1.94,1.30
2014.10.28 16:08:27.607,7.32728,7.32877,1.94,1.30
2014.10.28 16:08:29.028,7.3273,7.32877,1.94,1.30
2014.10.28 16:08:29.130,7.3273,7.32877,1.94,1.30
2014.10.28 16:08:29.885,7.3272,7.32847,1.94,1.50
2014.10.28 16:08:29.936,7.32709,7.32847,2.05,1.50
2014.10.28 16:08:30.061,7.3269,7.32838,1.94,1.30
2014.10.28 16:08:30.213,7.3269,7.32838,1.94,1.30
2014.10.28 16:08:30.315,7.3269,7.32837,1.19,1.50
2014.10.28 16:08:30.589,7.3269,7.32823,1.19,1.30
2014.10.28 16:08:30.916,7.32678,7.32804,1.19,1.30
2014.10.28 16:08:33.039,7.32663,7.32804,1.19,1.30
2014.10.28 16:08:33.090,7.32663,7.32793,1.19,1.30
2014.10.28 16:08:33.140,7.32644,7.32793,1.75,1.30
2014.10.28 16:08:33.191,7.32633,7.32773,1.94,1.30
2014.10.28 16:08:33.242,7.32623,7.32773,1.00,1.30
2014.10.28 16:08:33.394,7.32613,7.32771,1.19,1.00
2014.10.28 16:08:33.756,7.32613,7.32744,1.19,1.30
2014.10.28 16:08:34.373,7.326,7.32744,1.19,1.30
2014.10.28 16:08:34.678,7.32623,7.32744,1.19,1.30
2014.10.28 16:08:34.983,7.32653,7.32781,1.50,1.30
2014.10.28 16:08:35.085,7.32664,7.32781,1.19,1.30
2014.10.28 16:08:35.540,7.32674,7.32781,1.19,1.30
2014.10.28 16:08:36.564,7.32677,7.32781,1.19,1.30
2014.10.28 16:08:37.643,7.32677,7.32781,1.19,1.30
2014.10.28 16:08:38.653,7.32664,7.32781,1.19,1.30
2014.10.28 16:08:39.750,7.32662,7.32781,1.19,1.30
2014.10.28 16:08:40.853,7.3266,7.32781,1.19,1.30
2014.10.28 16:08:41.898,7.32648,7.32749,1.00,1.30
2014.10.28 16:08:41.949,7.32619,7.32749,1.19,1.30
2014.10.28 16:08:42.050,7.32581,7.32749,1.30,1.30
2014.10.28 16:08:42.101,7.32599,7.32749,1.19,1.30
2014.10.28 16:08:42.850,7.3262,7.32749,1.00,1.30
2014.10.28 16:08:43.001,7.32647,7.32787,1.19,1.30
2014.10.28 16:08:43.052,7.32656,7.32787,1.00,1.30
2014.10.28 16:08:43.204,7.32667,7.32819,1.19,1.30
2014.10.28 16:08:44.062,7.32684,7.32819,1.19,1.30
2014.10.28 16:08:45.266,7.32679,7.32819,1.19,1.30
2014.10.28 16:08:45.838,7.32679,7.32806,1.19,1.00
2014.10.28 16:08:45.889,7.32633,7.32762,1.50,1.30
2014.10.28 16:08:46.494,7.32649,7.32762,1.19,1.30
2014.10.28 16:08:46.596,7.32658,7.32782,1.00,1.30
2014.10.28 16:08:46.647,7.32658,7.32794,1.00,1.30
2014.10.28 16:08:47.421,7.3267,7.32794,1.19,1.30
2014.10.28 16:08:48.413,7.32669,7.32794,1.19,1.30
2014.10.28 16:08:49.224,7.32641,7.32794,1.19,1.30
2014.10.28 16:08:50.173,7.32633,7.32794,1.19,1.30
2014.10.28 16:08:52.610,7.32633,7.32794,1.19,1.30
2014.10.28 16:08:55.516,7.32626,7.32794,1.49,1.30
2014.10.28 16:08:57.522,7.32626,7.32794,1.49,1.30
2014.10.28 16:08:58.552,7.32626,7.32794,1.49,1.30
2014.10.28 16:08:59.525,7.32626,7.32794,1.49,1.30
2014.10.28 16:09:00.627,7.32626,7.32794,1.49,1.30
2014.10.28 16:09:01.665,7.32633,7.32794,1.00,1.30
2014.10.28 16:09:02.800,7.32633,7.32751,1.00,1.30
2014.10.28 16:09:02.952,7.32595,7.32751,1.19,1.30
2014.10.28 16:09:03.205,7.32613,7.32751,1.00,1.30
2014.10.28 16:09:03.732,7.32623,7.32751,1.00,1.30
2014.10.28 16:09:04.172,7.32604,7.32751,1.00,1.30
2014.10.28 16:09:05.492,7.32613,7.32751,1.00,1.30
2014.10.28 16:09:10.660,7.32613,7.32723,1.00,1.19
2014.10.28 16:09:10.864,7.32583,7.32703,1.30,1.19
2014.10.28 16:09:10.915,7.32561,7.32695,1.00,1.30
2014.10.28 16:09:11.016,7.32533,7.32692,1.00,1.00
2014.10.28 16:09:11.117,7.32543,7.32695,1.00,1.30
2014.10.28 16:09:11.985,7.32543,7.32684,1.00,1.19
2014.10.28 16:09:12.293,7.32563,7.32684,1.00,1.19
2014.10.28 16:09:12.971,7.32563,7.32666,1.00,1.19
2014.10.28 16:09:13.225,7.32553,7.32666,1.00,1.19
2014.10.28 16:09:13.328,7.32543,7.32666,1.00,1.19
2014.10.28 16:09:13.577,7.32543,7.3264,1.00,1.19
2014.10.28 16:09:13.729,7.32513,7.3264,1.00,1.19
2014.10.28 16:09:13.780,7.32513,7.32619,1.00,1.19
2014.10.28 16:09:14.884,7.32513,7.32621,1.00,1.19
2014.10.28 16:09:15.314,7.32513,7.32596,1.00,1.19
2014.10.28 16:09:15.415,7.32491,7.32596,1.30,1.19
2014.10.28 16:09:15.466,7.32463,7.32596,1.00,1.19
2014.10.28 16:09:15.618,7.32463,7.32621,1.00,1.19
2014.10.28 16:09:16.891,7.32463,7.32621,1.00,1.19
2014.10.28 16:09:17.134,7.32457,7.32621,1.30,1.19
2014.10.28 16:09:17.185,7.32493,7.32624,1.50,1.49
2014.10.28 16:09:17.235,7.32493,7.32657,1.50,1.54
2014.10.28 16:09:17.286,7.32497,7.32657,1.00,1.49
2014.10.28 16:09:17.337,7.32497,7.32657,1.00,1.30
2014.10.28 16:09:17.489,7.32517,7.32657,1.00,1.30
2014.10.28 16:09:17.922,7.32521,7.32657,1.00,1.30
2014.10.28 16:09:17.973,7.32522,7.32686,1.30,1.19
2014.10.28 16:09:19.199,7.32522,7.32689,1.30,1.49
2014.10.28 16:09:19.602,7.32547,7.32689,1.00,1.49
2014.10.28 16:09:19.906,7.3255,7.32689,1.00,1.49
2014.10.28 16:09:20.159,7.32542,7.32689,1.00,1.49
2014.10.28 16:09:20.604,7.32542,7.32689,1.00,1.30
2014.10.28 16:09:21.952,7.32542,7.32613,1.00,1.30
2014.10.28 16:09:22.017,7.32528,7.32613,1.00,1.30
2014.10.28 16:09:22.118,7.32493,7.32613,1.50,1.30
2014.10.28 16:09:22.169,7.32473,7.32613,1.00,1.30
2014.10.28 16:09:23.074,7.32453,7.32613,1.19,1.30
2014.10.28 16:09:23.296,7.32473,7.32613,1.00,1.30
2014.10.28 16:09:24.214,7.32473,7.32613,1.00,1.49
2014.10.28 16:09:24.626,7.32453,7.32613,1.00,1.49
2014.10.28 16:09:25.917,7.32453,7.32613,1.00,1.49
2014.10.28 16:09:26.060,7.32445,7.32613,1.30,1.49
2014.10.28 16:09:27.634,7.32445,7.32577,1.30,1.69
2014.10.28 16:09:28.472,7.32413,7.32562,1.30,1.00
2014.10.28 16:09:28.574,7.32413,7.32562,1.30,1.19
2014.10.28 16:09:28.675,7.32385,7.32553,1.30,1.49
2014.10.28 16:09:29.527,7.32385,7.32553,1.30,1.30
2014.10.28 16:09:29.578,7.32415,7.32553,1.00,1.30
2014.10.28 16:09:29.780,7.32423,7.32582,1.00,1.49
2014.10.28 16:09:29.932,7.32433,7.32582,1.00,1.49
2014.10.28 16:09:30.233,7.32435,7.32582,1.00,1.49
2014.10.28 16:09:30.843,7.32435,7.32582,1.00,1.30
2014.10.28 16:09:32.964,7.32445,7.32613,1.30,1.49
2014.10.28 16:09:33.066,7.32463,7.32613,1.50,1.30
2014.10.28 16:09:33.168,7.32486,7.32654,1.30,1.49
2014.10.28 16:09:33.218,7.32493,7.32654,1.00,1.49
2014.10.28 16:09:33.873,7.32493,7.32591,1.00,1.30
2014.10.28 16:09:33.974,7.32424,7.32591,1.30,1.49
2014.10.28 16:09:35.061,7.32424,7.32589,1.30,1.19
2014.10.28 16:09:36.064,7.32424,7.32589,1.30,1.19
2014.10.28 16:09:37.392,7.32424,7.32591,1.30,1.49
2014.10.28 16:09:37.882,7.32395,7.32557,1.30,1.69
2014.10.28 16:09:38.093,7.324,7.32557,1.00,1.69
2014.10.28 16:09:38.195,7.32408,7.32563,1.00,1.30
2014.10.28 16:09:39.031,7.32451,7.32563,1.00,1.30
2014.10.28 16:09:39.183,7.32462,7.32591,1.00,1.30
2014.10.28 16:09:39.385,7.3246,7.32591,1.00,1.30
2014.10.28 16:09:39.588,7.32462,7.32591,1.00,1.30
2014.10.28 16:09:39.922,7.32464,7.32591,1.00,1.30
2014.10.28 16:09:40.461,7.32462,7.32591,1.00,1.30
2014.10.28 16:09:41.452,7.32454,7.32591,1.19,1.30
2014.10.28 16:09:46.132,7.32456,7.32591,1.19,1.30
2014.10.28 16:09:47.094,7.32459,7.32591,1.19,1.30
2014.10.28 16:09:47.195,7.32463,7.32591,1.00,1.30
2014.10.28 16:09:47.779,7.32463,7.32612,1.00,1.30
2014.10.28 16:09:47.830,7.32463,7.3262,1.00,1.30
2014.10.28 16:09:48.197,7.32461,7.3262,1.25,1.30
2014.10.28 16:09:48.831,7.32453,7.32609,1.69,1.00
2014.10.28 16:09:48.932,7.32415,7.32583,1.49,1.30
2014.10.28 16:09:49.832,7.32415,7.32583,1.30,1.49
2014.10.28 16:09:50.154,7.32415,7.32583,1.30,2.24
2014.10.28 16:09:50.206,7.32415,7.32583,1.30,1.49
2014.10.28 16:09:51.409,7.32415,7.32583,1.30,1.49
2014.10.28 16:09:52.447,7.32415,7.32583,1.30,1.49
2014.10.28 16:09:54.919,7.32415,7.32583,1.30,1.49
2014.10.28 16:09:55.922,7.32415,7.32583,1.30,1.49
2014.10.28 16:09:57.025,7.32415,7.32583,1.30,1.30
2014.10.28 16:09:57.076,7.32466,7.32583,1.00,1.30
2014.10.28 16:09:57.228,7.32493,7.32614,1.50,1.30
2014.10.28 16:09:57.330,7.32516,7.32644,1.00,1.30
2014.10.28 16:09:57.560,7.32512,7.32644,1.00,1.30
2014.10.28 16:09:58.213,7.32511,7.32644,1.00,1.30
2014.10.28 16:09:59.533,7.32514,7.32644,1.00,1.30
2014.10.28 16:10:00.373,7.32511,7.32644,1.00,1.30
2014.10.28 16:10:02.363,7.32513,7.32644,1.00,1.30
2014.10.28 16:10:02.465,7.32513,7.32672,1.00,1.30
2014.10.28 16:10:02.582,7.32545,7.32672,1.00,1.30
2014.10.28 16:10:02.734,7.32545,7.32692,1.00,1.49
2014.10.28 16:10:02.785,7.32545,7.32699,1.00,1.30
2014.10.28 16:10:02.886,7.3256,7.32699,1.00,1.30
2014.10.28 16:10:03.190,7.32562,7.32699,1.00,1.30
2014.10.28 16:10:03.689,7.32566,7.32699,1.00,1.30
2014.10.28 16:10:04.343,7.32543,7.32664,1.50,1.30
2014.10.28 16:10:04.394,7.32521,7.32664,1.00,1.30
2014.10.28 16:10:04.495,7.32497,7.32664,1.30,1.30
2014.10.28 16:10:05.553,7.32497,7.32664,1.30,1.49
2014.10.28 16:10:06.856,7.32497,7.32664,1.30,1.49
2014.10.28 16:10:07.128,7.32477,7.32634,1.49,1.30
2014.10.28 16:10:07.179,7.32466,7.32634,1.30,1.30
2014.10.28 16:10:09.052,7.32483,7.32634,1.00,1.30
2014.10.28 16:10:10.952,7.32493,7.32634,1.00,1.30
2014.10.28 16:10:12.592,7.32483,7.32634,1.00,1.30
2014.10.28 16:10:12.833,7.32469,7.32634,1.00,1.30
2014.10.28 16:10:12.992,7.32479,7.32634,1.00,1.30
2014.10.28 16:10:13.684,7.32479,7.32634,1.00,1.49
2014.10.28 16:10:13.813,7.32466,7.32634,1.30,1.49
2014.10.28 16:10:13.915,7.32473,7.32634,1.00,1.49
2014.10.28 16:10:14.132,7.32466,7.32634,1.30,1.49
2014.10.28 16:10:14.791,7.32466,7.32634,1.30,1.30
2014.10.28 16:10:15.122,7.32483,7.32634,1.00,1.30
2014.10.28 16:10:16.337,7.32483,7.32634,1.00,1.49
2014.10.28 16:10:16.755,7.32493,7.32634,1.00,1.49
2014.10.28 16:10:17.384,7.32493,7.32634,1.00,1.49
2014.10.28 16:10:18.386,7.32493,7.32634,1.00,1.49
2014.10.28 16:10:18.697,7.3251,7.32634,1.00,1.30
2014.10.28 16:10:18.748,7.3252,7.32653,1.00,1.30
2014.10.28 16:10:18.852,7.3252,7.32661,1.00,1.30
2014.10.28 16:10:18.953,7.32525,7.32661,1.00,1.30
2014.10.28 16:10:19.156,7.32523,7.32661,1.00,1.30
2014.10.28 16:10:20.173,7.32523,7.3269,1.72,1.30
2014.10.28 16:10:20.254,7.32537,7.3269,1.00,1.30
2014.10.28 16:10:20.693,7.32541,7.3269,1.00,1.30
2014.10.28 16:10:21.197,7.32542,7.3269,1.00,1.30
2014.10.28 16:10:22.342,7.32538,7.3269,1.00,1.30
2014.10.28 16:10:23.060,7.32538,7.3269,1.00,1.90
2014.10.28 16:10:23.363,7.32474,7.32619,1.00,1.30
2014.10.28 16:10:23.673,7.32493,7.32619,1.00,1.30
2014.10.28 16:10:24.833,7.32483,7.32619,1.00,1.30
2014.10.28 16:10:28.653,7.32473,7.32619,1.00,1.30
2014.10.28 16:10:30.331,7.32483,7.32619,1.00,1.30
2014.10.28 16:10:31.082,7.32465,7.32619,1.19,1.30
2014.10.28 16:10:31.234,7.32465,7.32619,1.00,1.30
2014.10.28 16:10:31.285,7.32453,7.32619,1.19,1.30
2014.10.28 16:10:32.134,7.32451,7.32619,1.49,1.30
2014.10.28 16:10:33.137,7.32451,7.32619,1.49,1.30
2014.10.28 16:10:33.391,7.32451,7.32604,1.30,1.30
2014.10.28 16:10:33.718,7.32427,7.32584,1.19,1.30
2014.10.28 16:10:34.445,7.32422,7.32584,1.19,1.30
2014.10.28 16:10:35.494,7.32422,7.32584,1.69,1.30
2014.10.28 16:10:36.653,7.32422,7.32584,1.69,1.30
2014.10.28 16:10:37.803,7.32422,7.32584,1.69,1.30
2014.10.28 16:10:38.859,7.32417,7.32584,1.49,1.30
2014.10.28 16:10:39.860,7.32417,7.32584,1.49,1.30
2014.10.28 16:10:41.163,7.32417,7.32584,1.49,1.30
2014.10.28 16:10:42.166,7.32417,7.32584,1.49,1.30
2014.10.28 16:10:43.270,7.32417,7.32584,1.49,1.30
2014.10.28 16:10:45.324,7.32417,7.32584,1.49,1.30
2014.10.28 16:10:46.385,7.32417,7.32584,1.49,1.30
2014.10.28 16:10:49.189,7.32417,7.32584,1.49,1.30
2014.10.28 16:10:50.285,7.32417,7.32584,2.24,1.30
2014.10.28 16:10:50.487,7.32447,7.32607,1.30,1.19
2014.10.28 16:10:51.007,7.32428,7.32585,1.49,1.30
2014.10.28 16:10:51.929,7.32421,7.32585,1.19,1.30
2014.10.28 16:10:53.130,7.32421,7.32585,1.19,1.30
2014.10.28 16:10:54.239,7.32421,7.32585,1.19,1.30
2014.10.28 16:10:55.636,7.32421,7.32585,1.19,1.30
2014.10.28 16:10:56.639,7.32421,7.32585,1.19,1.30
2014.10.28 16:11:00.180,7.32421,7.32585,1.19,1.30
2014.10.28 16:11:01.182,7.32421,7.32585,1.19,1.30
2014.10.28 16:11:01.793,7.32429,7.32585,1.37,1.30
2014.10.28 16:11:01.844,7.32445,7.32605,1.30,1.49
2014.10.28 16:11:02.256,7.32445,7.32613,1.30,1.30
2014.10.28 16:11:02.612,7.32445,7.32608,1.30,1.00
2014.10.28 16:11:02.714,7.32445,7.32613,1.30,1.30
2014.10.28 16:11:03.411,7.32445,7.32612,1.30,1.00
2014.10.28 16:11:03.462,7.32445,7.32607,1.30,1.00
2014.10.28 16:11:04.403,7.32445,7.32613,1.30,1.49
2014.10.28 16:11:05.369,7.32445,7.32613,1.49,1.30
2014.10.28 16:11:06.508,7.32445,7.32613,1.49,1.30
2014.10.28 16:11:06.932,7.32445,7.32607,1.49,1.00
2014.10.28 16:11:07.291,7.32445,7.32613,1.49,1.72
2014.10.28 16:11:07.675,7.32445,7.32613,1.30,1.30
2014.10.28 16:11:08.679,7.32445,7.32613,1.49,1.30
2014.10.28 16:11:09.784,7.32445,7.32613,1.49,1.30
2014.10.28 16:11:10.830,7.32445,7.32613,1.49,1.30
2014.10.28 16:11:11.224,7.32458,7.32613,1.19,1.30
2014.10.28 16:11:11.276,7.32477,7.32633,1.49,1.30
2014.10.28 16:11:11.327,7.32477,7.32645,1.49,1.30
2014.10.28 16:11:12.510,7.32478,7.32645,1.19,1.30
2014.10.28 16:11:12.814,7.32506,7.32667,1.30,1.19
2014.10.28 16:11:13.753,7.32506,7.32657,1.30,1.00
2014.10.28 16:11:14.335,7.32506,7.32665,1.30,1.19
2014.10.28 16:11:14.386,7.32521,7.32667,1.00,1.69
2014.10.28 16:11:14.437,7.32533,7.32674,1.50,1.30
2014.10.28 16:11:14.488,7.32549,7.32674,1.00,1.30
2014.10.28 16:11:14.640,7.32556,7.32694,1.00,1.30
2014.10.28 16:11:14.692,7.32556,7.32702,1.00,1.30
2014.10.28 16:11:14.743,7.32559,7.32702,1.00,1.30
2014.10.28 16:11:14.919,7.32556,7.32702,1.00,1.30
2014.10.28 16:11:16.273,7.32549,7.32702,1.00,1.30
2014.10.28 16:11:22.875,7.32562,7.32721,1.30,1.49
2014.10.28 16:11:22.977,7.32566,7.3273,1.00,1.49
2014.10.28 16:11:23.949,7.32566,7.3273,1.19,1.30
2014.10.28 16:11:25.029,7.32566,7.3273,1.19,1.30
2014.10.28 16:11:26.442,7.32562,7.3273,1.30,1.30
2014.10.28 16:11:29.282,7.32562,7.3273,1.30,1.49
2014.10.28 16:11:30.347,7.32562,7.32728,1.30,1.19
2014.10.28 16:11:31.451,7.32562,7.32727,1.30,1.19
2014.10.28 16:11:31.992,7.32549,7.32695,1.00,1.30
2014.10.28 16:11:32.093,7.32532,7.32695,1.19,1.30
2014.10.28 16:11:32.463,7.32528,7.32695,1.30,1.49
2014.10.28 16:11:32.565,7.3252,7.3266,1.00,1.30
2014.10.28 16:11:32.667,7.32516,7.3266,1.19,1.30
2014.10.28 16:11:33.762,7.32501,7.3266,1.00,1.49
2014.10.28 16:11:34.812,7.32501,7.3266,1.00,1.49
2014.10.28 16:11:35.514,7.32507,7.3266,1.00,1.49
2014.10.28 16:11:35.847,7.32519,7.3266,1.00,1.49
2014.10.28 16:11:36.215,7.32519,7.3266,1.00,1.30
2014.10.28 16:11:36.316,7.3252,7.3268,1.30,1.49
2014.10.28 16:11:36.418,7.32524,7.32686,1.00,1.19
2014.10.28 16:11:36.775,7.32536,7.32686,1.00,1.19
2014.10.28 16:11:37.375,7.32536,7.32688,1.00,1.49
2014.10.28 16:11:37.722,7.3253,7.32688,1.00,1.49
2014.10.28 16:11:38.379,7.3253,7.32688,1.00,1.49
2014.10.28 16:11:38.602,7.32524,7.32688,1.00,1.49
2014.10.28 16:11:40.085,7.32524,7.32688,1.00,1.49
2014.10.28 16:11:40.551,7.32527,7.32688,1.00,1.49
2014.10.28 16:11:41.142,7.32527,7.32688,1.00,1.49
2014.10.28 16:11:41.243,7.32537,7.32688,1.00,1.49
2014.10.28 16:11:42.002,7.32549,7.32688,1.00,1.49
2014.10.28 16:11:43.820,7.32549,7.32688,1.00,1.30
2014.10.28 16:11:44.871,7.32543,7.32688,1.00,1.30
2014.10.28 16:11:47.109,7.32543,7.32688,1.00,1.49
2014.10.28 16:11:48.111,7.32543,7.32688,1.00,1.49
2014.10.28 16:11:49.179,7.32543,7.32688,1.00,1.49
2014.10.28 16:11:50.151,7.32543,7.32688,1.00,1.30
2014.10.28 16:11:52.037,7.32537,7.32688,1.00,1.16
2014.10.28 16:11:52.240,7.32528,7.32688,1.00,1.16
2014.10.28 16:11:53.528,7.32528,7.32688,1.00,1.49
2014.10.28 16:11:55.513,7.32523,7.32688,1.00,1.86
2014.10.28 16:11:55.666,7.32517,7.3266,1.00,1.30
2014.10.28 16:11:55.871,7.32505,7.3266,1.00,1.30
2014.10.28 16:11:56.073,7.32511,7.3266,1.00,1.30
2014.10.28 16:11:57.842,7.32511,7.3266,1.00,1.49
2014.10.28 16:11:58.297,7.325,7.3266,1.00,1.49
2014.10.28 16:11:59.147,7.325,7.3266,1.00,1.49
2014.10.28 16:12:00.161,7.325,7.32658,1.00,1.19
2014.10.28 16:12:00.785,7.325,7.32658,1.00,1.94
2014.10.28 16:12:00.836,7.32492,7.32658,1.30,1.94
2014.10.28 16:12:00.887,7.32491,7.32595,1.00,1.30
2014.10.28 16:12:00.989,7.32491,7.3265,1.00,1.49
2014.10.28 16:12:01.040,7.325,7.3265,1.00,1.49
2014.10.28 16:12:01.389,7.32504,7.3265,1.00,1.49
2014.10.28 16:12:02.142,7.32507,7.3265,1.00,1.49
2014.10.28 16:12:02.193,7.32507,7.3265,1.00,1.30
2014.10.28 16:12:02.360,7.32533,7.3265,1.00,1.30
2014.10.28 16:12:02.613,7.32536,7.32676,1.00,1.19
2014.10.28 16:12:02.664,7.32536,7.32679,1.00,1.30
2014.10.28 16:12:03.199,7.32535,7.32679,1.00,1.30
2014.10.28 16:12:03.584,7.32533,7.32679,1.00,1.30
2014.10.28 16:12:06.415,7.32538,7.32679,1.00,1.30
2014.10.28 16:12:07.317,7.32541,7.32679,1.00,1.30
2014.10.28 16:12:07.470,7.32541,7.32708,1.00,1.49
2014.10.28 16:12:08.200,7.32541,7.32708,1.00,1.16
2014.10.28 16:12:08.403,7.32552,7.32708,1.00,1.16
2014.10.28 16:12:08.706,7.32564,7.32708,1.00,1.16
2014.10.28 16:12:10.113,7.32564,7.32677,1.00,1.30
2014.10.28 16:12:10.265,7.32564,7.32698,1.00,1.30
2014.10.28 16:12:10.481,7.32568,7.32726,1.00,1.30
2014.10.28 16:12:10.582,7.32573,7.32726,1.00,1.30
2014.10.28 16:12:10.936,7.32579,7.32726,1.00,1.30
2014.10.28 16:12:11.932,7.32582,7.32726,1.00,1.30
2014.10.28 16:12:11.983,7.32587,7.32754,1.30,1.49
2014.10.28 16:12:12.137,7.32598,7.32754,1.00,1.49
2014.10.28 16:12:12.792,7.32593,7.32754,1.00,1.49
2014.10.28 16:12:12.902,7.32593,7.32754,1.00,1.30
2014.10.28 16:12:13.782,7.32587,7.32754,1.72,1.30
2014.10.28 16:12:14.409,7.32587,7.32754,1.30,1.49
2014.10.28 16:12:15.436,7.32587,7.32754,1.30,1.49
2014.10.28 16:12:17.767,7.32587,7.32754,1.30,1.49
2014.10.28 16:12:18.748,7.32587,7.32754,1.30,1.16
2014.10.28 16:12:19.831,7.32594,7.32754,1.30,1.16
2014.10.28 16:12:20.137,7.32614,7.32776,1.30,1.19
2014.10.28 16:12:21.130,7.32614,7.32782,1.30,1.49
2014.10.28 16:12:22.158,7.32614,7.32782,1.30,1.49
2014.10.28 16:12:24.341,7.32614,7.32782,1.30,1.49
2014.10.28 16:12:25.947,7.32614,7.32782,1.30,1.49
2014.10.28 16:12:29.001,7.32614,7.32767,1.30,1.19
2014.10.28 16:12:30.062,7.32614,7.32766,1.30,1.69
2014.10.28 16:12:32.066,7.32614,7.32766,1.30,1.19
2014.10.28 16:12:33.329,7.32614,7.32757,1.30,1.00
2014.10.28 16:12:34.650,7.32614,7.32766,1.30,1.19
2014.10.28 16:12:35.410,7.32614,7.32762,1.30,1.19
2014.10.28 16:12:36.019,7.32614,7.32762,1.30,1.94
2014.10.28 16:12:36.071,7.32575,7.32736,1.19,1.30
2014.10.28 16:12:36.447,7.32568,7.32736,1.30,1.30
2014.10.28 16:12:37.042,7.32568,7.32727,1.30,1.00
2014.10.28 16:12:38.148,7.32548,7.32706,1.49,1.30
2014.10.28 16:12:38.199,7.3254,7.32706,1.19,1.30
2014.10.28 16:12:39.157,7.3254,7.32706,1.19,1.30
2014.10.28 16:12:40.161,7.3254,7.32706,1.19,1.30
2014.10.28 16:12:41.264,7.3254,7.32706,1.19,1.30
2014.10.28 16:12:42.268,7.3254,7.32706,1.19,1.30
2014.10.28 16:12:43.370,7.3254,7.32706,1.19,1.30
2014.10.28 16:12:44.411,7.3254,7.32706,1.19,1.30
2014.10.28 16:12:45.353,7.32546,7.32706,1.00,1.30
2014.10.28 16:12:48.900,7.32549,7.32706,1.00,1.30
2014.10.28 16:12:49.592,7.32549,7.32706,1.19,1.30
2014.10.28 16:12:50.647,7.32539,7.32706,1.30,1.30
2014.10.28 16:12:52.103,7.32539,7.32706,1.30,1.49
2014.10.28 16:12:54.331,7.32539,7.32706,1.30,1.49
2014.10.28 16:12:56.422,7.32539,7.32706,1.30,1.49
2014.10.28 16:12:58.019,7.32539,7.32706,1.30,1.49
2014.10.28 16:12:58.217,7.32534,7.32699,1.00,1.30
2014.10.28 16:13:00.326,7.32534,7.32699,1.19,1.30
2014.10.28 16:13:01.330,7.32534,7.32699,1.00,1.49
2014.10.28 16:13:01.432,7.32532,7.32699,1.30,1.49
2014.10.28 16:13:02.432,7.32532,7.32699,1.30,1.49
2014.10.28 16:13:04.537,7.32532,7.32699,1.30,1.16
2014.10.28 16:13:08.442,7.32563,7.32725,1.30,1.19
2014.10.28 16:13:08.770,7.32567,7.32728,1.00,1.19
2014.10.28 16:13:09.754,7.32567,7.32729,1.19,1.30
2014.10.28 16:13:11.259,7.32567,7.32729,1.00,1.30
2014.10.28 16:13:11.462,7.32573,7.32729,1.00,1.30
2014.10.28 16:13:12.567,7.32573,7.32729,1.19,1.30
2014.10.28 16:13:13.701,7.32573,7.32729,1.00,1.30
2014.10.28 16:13:14.619,7.32571,7.32729,1.00,1.30
2014.10.28 16:13:14.723,7.32563,7.32729,1.91,1.30
2014.10.28 16:13:14.831,7.32573,7.32729,1.00,1.30
2014.10.28 16:13:15.609,7.32575,7.32729,1.00,1.30
2014.10.28 16:13:15.933,7.32575,7.32729,1.19,1.30
2014.10.28 16:13:16.919,7.32568,7.32729,1.00,1.30
2014.10.28 16:13:17.576,7.32563,7.32729,1.91,1.30
2014.10.28 16:13:17.932,7.32577,7.32729,1.00,1.30
2014.10.28 16:13:18.251,7.32579,7.32729,1.00,1.30
2014.10.28 16:13:18.352,7.3259,7.32758,1.30,1.49
2014.10.28 16:13:18.887,7.3259,7.32758,1.30,1.49
2014.10.28 16:13:20.013,7.3259,7.32758,1.30,1.30
2014.10.28 16:13:23.602,7.3259,7.32758,1.49,1.30
2014.10.28 16:13:24.714,7.3259,7.32758,1.49,1.30
2014.10.28 16:13:24.967,7.32618,7.32785,1.30,1.49
2014.10.28 16:13:25.177,7.32621,7.32785,1.00,1.49
2014.10.28 16:13:25.609,7.32623,7.32785,1.00,1.49
2014.10.28 16:13:26.013,7.32623,7.32785,1.19,1.30
2014.10.28 16:13:27.117,7.32618,7.32785,1.30,1.30
2014.10.28 16:13:28.722,7.32618,7.32785,1.30,1.49
2014.10.28 16:13:29.725,7.32618,7.32785,1.30,1.49
2014.10.28 16:13:31.330,7.32618,7.32785,1.30,1.49
2014.10.28 16:13:32.433,7.32618,7.32785,1.30,1.30
2014.10.28 16:13:33.740,7.32618,7.32781,1.30,1.00
2014.10.28 16:13:38.688,7.32618,7.32784,1.30,1.00
2014.10.28 16:13:39.352,7.32618,7.32784,1.49,1.00
2014.10.28 16:13:42.408,7.32621,7.32784,1.19,1.00
2014.10.28 16:13:42.923,7.32621,7.32785,1.69,1.30
2014.10.28 16:13:43.397,7.32624,7.32785,1.19,1.30
2014.10.28 16:13:45.111,7.32628,7.32796,1.49,1.30
2014.10.28 16:13:45.706,7.32628,7.32796,1.49,1.30
2014.10.28 16:13:46.085,7.32628,7.32791,1.49,1.00
2014.10.28 16:13:46.500,7.32628,7.32787,1.49,1.50
2014.10.28 16:13:46.694,7.32628,7.32787,1.30,1.50
2014.10.28 16:13:51.859,7.32653,7.32787,1.00,2.25
2014.10.28 16:13:55.228,7.32653,7.32796,1.00,1.30
2014.10.28 16:13:55.279,7.32673,7.32796,1.00,1.30
2014.10.28 16:13:55.595,7.32663,7.32796,1.00,1.30
2014.10.28 16:13:56.559,7.32673,7.32796,1.00,1.30
2014.10.28 16:13:59.419,7.32664,7.32796,1.00,1.30
2014.10.28 16:14:00.426,7.32653,7.32796,1.00,2.47
2014.10.28 16:14:00.740,7.32663,7.32796,1.00,2.47
2014.10.28 16:14:01.950,7.32653,7.32796,1.00,2.47
2014.10.28 16:14:02.051,7.32653,7.32787,1.00,1.50
2014.10.28 16:14:02.203,7.32633,7.32787,1.00,1.50
2014.10.28 16:14:02.254,7.32633,7.32767,1.00,1.50
2014.10.28 16:14:02.690,7.32633,7.32779,1.00,1.00
2014.10.28 16:14:02.777,7.32633,7.32785,1.00,1.00
2014.10.28 16:14:03.828,7.32628,7.32785,1.30,1.25
2014.10.28 16:14:03.879,7.32603,7.3276,1.19,1.30
2014.10.28 16:14:03.981,7.32603,7.3276,1.00,1.16
2014.10.28 16:14:04.032,7.32603,7.32758,1.00,1.00
2014.10.28 16:14:05.145,7.32603,7.32758,1.00,1.19
2014.10.28 16:14:05.900,7.32603,7.32753,1.00,1.00
2014.10.28 16:14:06.153,7.32593,7.32747,1.72,1.69
2014.10.28 16:14:06.204,7.32593,7.32733,1.00,1.30
2014.10.28 16:14:09.142,7.32623,7.32733,1.00,1.30
2014.10.28 16:14:09.193,7.32623,7.32757,1.00,1.69
2014.10.28 16:14:10.074,7.32623,7.32757,1.00,1.50
2014.10.28 16:14:10.969,7.32603,7.32757,1.00,1.50
2014.10.28 16:14:13.511,7.32594,7.32757,1.72,1.50
2014.10.28 16:14:13.613,7.32594,7.32731,1.00,1.30
2014.10.28 16:14:14.209,7.32603,7.32731,1.00,1.30
2014.10.28 16:14:19.785,7.32593,7.32731,1.00,1.30
2014.10.28 16:14:22.099,7.32603,7.32731,1.00,1.30
2014.10.28 16:14:25.283,7.32613,7.32731,1.00,1.30
2014.10.28 16:14:33.647,7.32613,7.32747,1.00,1.50
2014.10.28 16:14:35.409,7.32613,7.32748,1.00,1.30
2014.10.28 16:14:41.669,7.32623,7.32748,1.00,1.30
2014.10.28 16:14:46.069,7.32613,7.32748,1.00,1.30
2014.10.28 16:14:53.470,7.32623,7.32748,1.00,1.30
2014.10.28 16:14:53.863,7.32623,7.32766,1.00,1.30
2014.10.28 16:14:56.213,7.32613,7.32766,1.00,1.30
2014.10.28 16:14:56.918,7.32613,7.32762,1.00,1.00
2014.10.28 16:14:57.298,7.32603,7.32762,1.00,1.00
2014.10.28 16:14:57.349,7.32603,7.32756,1.00,1.19
2014.10.28 16:14:58.753,7.32603,7.32756,1.00,1.19
2014.10.28 16:14:59.747,7.32603,7.32746,1.00,1.50
2014.10.28 16:15:01.694,7.32613,7.32746,1.00,1.50
2014.10.28 16:15:01.796,7.32613,7.32759,1.00,1.00
2014.10.28 16:15:01.948,7.32623,7.32759,1.00,1.00
2014.10.28 16:15:01.998,7.32623,7.32766,1.00,1.91
2014.10.28 16:15:02.049,7.32643,7.32766,1.00,1.91
2014.10.28 16:15:02.385,7.32634,7.32766,1.00,1.49
2014.10.28 16:15:02.942,7.32634,7.32766,1.00,1.30
2014.10.28 16:15:03.479,7.32643,7.32766,1.00,1.30
2014.10.28 16:15:05.346,7.32613,7.32766,1.19,1.30
2014.10.28 16:15:05.397,7.32613,7.32766,1.00,1.30
2014.10.28 16:15:05.528,7.32623,7.32766,1.00,1.30
2014.10.28 16:15:06.532,7.32643,7.32766,1.00,1.30
2014.10.28 16:15:10.250,7.32643,7.32786,1.00,1.30
2014.10.28 16:15:10.301,7.32643,7.32797,1.00,1.30
2014.10.28 16:15:14.920,7.32653,7.32797,1.00,1.30
2014.10.28 16:15:15.930,7.32633,7.32797,1.00,1.30
2014.10.28 16:15:16.557,7.32643,7.32797,1.00,1.30
2014.10.28 16:15:17.551,7.32653,7.32797,1.00,1.30
2014.10.28 16:15:23.720,7.32639,7.32797,1.00,1.30
2014.10.28 16:15:23.771,7.32639,7.32768,1.00,1.30
2014.10.28 16:15:23.872,7.32622,7.32768,1.00,1.30
2014.10.28 16:15:23.974,7.32613,7.32741,1.00,1.30
2014.10.28 16:15:24.025,7.32603,7.32741,1.00,1.30
2014.10.28 16:15:24.897,7.32613,7.32741,1.00,1.30
2014.10.28 16:15:27.099,7.32623,7.32741,1.00,1.30
2014.10.28 16:15:29.629,7.32653,7.32741,1.00,1.30
2014.10.28 16:15:30.076,7.32653,7.32772,1.00,1.30
2014.10.28 16:15:30.228,7.32663,7.32772,1.00,1.30
2014.10.28 16:15:30.585,7.32673,7.32772,1.00,1.30
2014.10.28 16:15:32.253,7.32673,7.32799,1.00,1.30
2014.10.28 16:15:32.759,7.32683,7.32799,1.00,1.30
2014.10.28 16:15:33.090,7.32674,7.32799,1.00,1.30
2014.10.28 16:15:33.621,7.32663,7.32799,1.00,1.30
2014.10.28 16:15:40.092,7.32653,7.32771,1.00,1.30
2014.10.28 16:15:40.784,7.32663,7.32771,1.00,1.30
2014.10.28 16:15:42.998,7.32664,7.32771,1.00,1.30
2014.10.28 16:15:43.490,7.32673,7.32771,1.00,1.30
2014.10.28 16:15:43.789,7.32673,7.32799,1.00,1.30
2014.10.28 16:15:47.910,7.32683,7.32799,1.00,1.30
2014.10.28 16:15:48.660,7.32673,7.32799,1.00,1.30
2014.10.28 16:15:50.199,7.32663,7.32799,1.00,1.30
2014.10.28 16:15:52.050,7.32663,7.32812,1.00,1.00
2014.10.28 16:15:52.300,7.32673,7.32812,1.00,1.00
2014.10.28 16:15:53.417,7.32663,7.32812,1.00,1.00
2014.10.28 16:15:55.370,7.32673,7.32812,1.00,1.00
2014.10.28 16:15:57.348,7.32683,7.32812,1.00,1.00
2014.10.28 16:15:57.399,7.32683,7.32815,1.00,1.00
2014.10.28 16:15:57.570,7.32673,7.32815,1.00,1.00
2014.10.28 16:15:57.791,7.32683,7.32815,1.00,1.00
2014.10.28 16:16:00.933,7.32673,7.32815,1.00,1.00
2014.10.28 16:16:01.135,7.32673,7.32795,1.00,1.30
2014.10.28 16:16:01.441,7.32673,7.32776,1.00,1.30
2014.10.28 16:16:06.485,7.32673,7.32806,1.00,1.30
2014.10.28 16:16:06.536,7.32673,7.32793,1.00,1.30
2014.10.28 16:16:06.739,7.32644,7.32773,1.00,1.30
2014.10.28 16:16:07.829,7.32633,7.32773,1.00,1.30
2014.10.28 16:16:11.239,7.32643,7.32773,1.00,1.30
2014.10.28 16:16:13.476,7.32633,7.32773,1.00,1.30
2014.10.28 16:16:15.750,7.32663,7.32773,1.00,1.30
2014.10.28 16:16:15.902,7.32663,7.32797,1.00,1.19
2014.10.28 16:16:16.894,7.32663,7.32801,1.00,1.30
2014.10.28 16:16:18.938,7.32673,7.32801,1.00,1.30
2014.10.28 16:16:19.531,7.32683,7.32801,1.00,1.30
2014.10.28 16:16:20.368,7.32673,7.32801,1.00,1.30
2014.10.28 16:16:21.798,7.32663,7.32801,1.00,1.30
2014.10.28 16:16:22.375,7.32653,7.32801,1.00,1.30
2014.10.28 16:16:22.632,7.32653,7.32801,1.00,1.72
2014.10.28 16:16:22.683,7.32643,7.32801,1.00,1.72
2014.10.28 16:16:22.734,7.32643,7.32787,1.00,1.50
2014.10.28 16:16:23.065,7.32643,7.32772,1.00,1.30
2014.10.28 16:16:24.477,7.32653,7.32772,1.00,1.30
2014.10.28 16:16:24.781,7.32663,7.32772,1.00,1.30
2014.10.28 16:16:24.882,7.32663,7.32801,1.00,1.49
2014.10.28 16:16:25.332,7.32663,7.32801,1.00,1.30
2014.10.28 16:16:25.434,7.32684,7.32801,1.00,1.30
2014.10.28 16:16:25.758,7.32694,7.32801,1.00,1.30
2014.10.28 16:16:26.208,7.32684,7.32801,1.00,1.30
2014.10.28 16:16:29.939,7.32673,7.32801,1.00,1.30
2014.10.28 16:16:32.028,7.32674,7.32801,1.00,1.30
2014.10.28 16:16:33.568,7.32673,7.32801,1.00,1.30
2014.10.28 16:16:34.279,7.32653,7.32798,1.00,1.00
2014.10.28 16:16:34.381,7.32643,7.32783,1.00,1.30
2014.10.28 16:16:34.685,7.32643,7.32763,1.00,1.30
2014.10.28 16:16:35.219,7.32633,7.32763,1.00,1.30
2014.10.28 16:16:36.458,7.32623,7.32763,1.00,1.30
2014.10.28 16:16:40.842,7.32633,7.32763,1.00,1.30
2014.10.28 16:16:44.138,7.32623,7.32763,1.00,1.30
2014.10.28 16:16:44.239,7.32627,7.32787,1.30,1.50
2014.10.28 16:16:44.391,7.32633,7.32787,1.00,1.50
2014.10.28 16:16:44.608,7.32627,7.32787,1.30,1.50
2014.10.28 16:16:44.659,7.32627,7.32793,1.30,1.30
2014.10.28 16:16:44.861,7.32627,7.32767,1.30,1.50
2014.10.28 16:16:45.365,7.32633,7.32767,1.00,1.50
2014.10.28 16:16:46.025,7.32634,7.32767,1.00,1.50
2014.10.28 16:16:56.309,7.32634,7.32772,1.00,1.00
2014.10.28 16:16:56.360,7.32653,7.32772,1.00,1.00
2014.10.28 16:16:56.411,7.32653,7.32777,1.00,2.25
2014.10.28 16:16:56.513,7.32653,7.32767,1.00,1.50
2014.10.28 16:16:59.660,7.32633,7.32767,1.00,1.50
2014.10.28 16:17:00.219,7.32633,7.32767,1.00,1.69
2014.10.28 16:17:00.320,7.32627,7.32767,1.30,1.69
2014.10.28 16:17:00.484,7.32623,7.32766,1.00,1.49
2014.10.28 16:17:01.362,7.32623,7.32766,1.00,1.30
2014.10.28 16:17:02.937,7.32633,7.32766,1.00,1.30
2014.10.28 16:17:03.832,7.32643,7.32767,1.00,1.50
2014.10.28 16:17:03.883,7.32643,7.32787,1.00,1.69
2014.10.28 16:17:03.934,7.32653,7.32787,1.00,1.69
2014.10.28 16:17:04.258,7.32643,7.32787,1.00,1.69
2014.10.28 16:17:04.369,7.32633,7.32787,1.00,1.69
2014.10.28 16:17:04.581,7.32633,7.32757,1.00,1.50
2014.10.28 16:17:08.003,7.32623,7.32757,1.00,1.50
2014.10.28 16:17:32.155,7.32633,7.32757,1.00,1.50
2014.10.28 16:17:32.437,7.32623,7.32757,1.00,1.50
2014.10.28 16:17:33.253,7.32623,7.32766,1.00,1.30
2014.10.28 16:17:33.355,7.32643,7.32766,1.00,1.30
2014.10.28 16:17:33.767,7.32634,7.32766,1.00,1.30
2014.10.28 16:17:33.977,7.32624,7.32766,1.00,1.30
2014.10.28 16:17:34.317,7.32633,7.32766,1.00,1.30
2014.10.28 16:17:34.968,7.32623,7.32766,1.00,1.30
2014.10.28 16:17:39.395,7.32633,7.32766,1.00,1.30
2014.10.28 16:17:40.177,7.32643,7.32766,1.00,1.30
2014.10.28 16:17:42.787,7.32634,7.32766,1.00,1.30
2014.10.28 16:17:42.940,7.32613,7.32757,1.00,1.50
2014.10.28 16:17:42.991,7.32613,7.32738,1.00,1.30
2014.10.28 16:17:43.042,7.32609,7.32738,1.00,1.30
2014.10.28 16:17:43.093,7.32594,7.32738,1.00,1.30
2014.10.28 16:17:43.144,7.32594,7.32738,1.00,1.49
2014.10.28 16:17:43.449,7.32573,7.32706,1.00,1.50
2014.10.28 16:17:44.328,7.32583,7.32706,1.00,1.50
2014.10.28 16:17:44.547,7.32574,7.32706,1.00,1.50
2014.10.28 16:17:45.067,7.32574,7.32709,1.00,1.30
2014.10.28 16:17:45.185,7.32574,7.32707,1.00,1.50
2014.10.28 16:17:45.867,7.32573,7.32709,1.00,1.30
2014.10.28 16:17:49.378,7.32563,7.32709,1.00,1.30
2014.10.28 16:17:49.624,7.32573,7.32709,1.00,1.30
2014.10.28 16:17:49.928,7.32593,7.32709,1.00,1.30
2014.10.28 16:17:50.080,7.32593,7.32737,1.00,2.66
2014.10.28 16:17:50.815,7.32603,7.32737,1.00,2.66
2014.10.28 16:17:50.973,7.32603,7.32737,1.00,2.47
2014.10.28 16:17:56.093,7.32593,7.32737,1.00,2.47
2014.10.28 16:17:56.194,7.32593,7.32737,1.00,2.66
2014.10.28 16:17:56.870,7.32603,7.32737,1.00,1.49
2014.10.28 16:17:57.296,7.32593,7.32737,1.00,1.49
2014.10.28 16:17:57.794,7.32593,7.32737,1.00,1.30
2014.10.28 16:18:00.267,7.32603,7.32737,1.00,1.30
2014.10.28 16:18:01.733,7.32593,7.32737,1.00,1.30
2014.10.28 16:18:04.682,7.32603,7.32737,1.00,1.30
2014.10.28 16:18:07.122,7.32613,7.32737,1.00,1.30
2014.10.28 16:18:07.224,7.32603,7.32737,1.00,1.30
2014.10.28 16:18:07.325,7.32603,7.32717,1.00,1.50
2014.10.28 16:18:07.427,7.32593,7.32726,1.00,1.50
2014.10.28 16:18:07.528,7.32593,7.32717,1.00,1.50
2014.10.28 16:18:07.680,7.32583,7.32717,1.00,1.50
2014.10.28 16:18:08.387,7.32583,7.32727,1.00,1.87
2014.10.28 16:18:08.846,7.32583,7.32717,1.00,1.69
2014.10.28 16:18:09.867,7.32583,7.32727,1.00,2.06
2014.10.28 16:18:09.999,7.32583,7.32717,1.00,1.30
2014.10.28 16:18:12.477,7.32593,7.32717,1.00,1.30
2014.10.28 16:18:13.017,7.32593,7.32752,1.00,1.30
2014.10.28 16:18:13.118,7.32603,7.32752,1.00,1.30
2014.10.28 16:18:16.216,7.32613,7.32752,1.00,1.30
2014.10.28 16:18:16.627,7.32603,7.32752,1.00,1.30
2014.10.28 16:18:17.095,7.32613,7.32752,1.00,1.30
2014.10.28 16:18:17.305,7.32593,7.32747,1.00,1.87
2014.10.28 16:18:18.080,7.32584,7.32747,1.30,2.06
2014.10.28 16:18:18.181,7.32584,7.32727,1.30,1.69
2014.10.28 16:18:18.232,7.32573,7.32715,1.00,1.30
2014.10.28 16:18:18.620,7.32563,7.32715,1.00,1.30
2014.10.28 16:18:19.563,7.32563,7.32715,1.00,1.49
2014.10.28 16:18:20.667,7.32563,7.32715,1.00,1.49
2014.10.28 16:18:22.160,7.32573,7.32715,1.00,1.49
2014.10.28 16:18:22.966,7.32573,7.32715,1.00,1.91
2014.10.28 16:18:23.971,7.32573,7.32715,1.00,1.49
2014.10.28 16:18:24.476,7.32583,7.32715,1.00,1.49
2014.10.28 16:18:25.489,7.32583,7.32715,1.00,1.30
2014.10.28 16:18:25.975,7.32565,7.32715,1.00,1.30
2014.10.28 16:18:26.375,7.32559,7.32715,1.00,1.30
2014.10.28 16:18:26.527,7.32553,7.32715,1.50,1.30
2014.10.28 16:18:28.865,7.32554,7.32715,1.00,1.30
2014.10.28 16:18:29.605,7.32553,7.32715,1.50,1.30
2014.10.28 16:18:33.802,7.32553,7.32705,1.50,1.19
2014.10.28 16:18:33.905,7.3255,7.32705,1.00,1.19
2014.10.28 16:18:34.904,7.3255,7.32707,1.00,1.19
2014.10.28 16:18:36.509,7.3255,7.32715,1.00,1.91
2014.10.28 16:18:37.613,7.3255,7.32715,1.19,1.49
2014.10.28 16:18:38.716,7.3255,7.32714,1.19,1.49
2014.10.28 16:18:39.719,7.3255,7.32714,1.00,1.49
2014.10.28 16:18:40.823,7.3255,7.32714,1.00,1.30
2014.10.28 16:18:41.660,7.32554,7.32714,1.00,1.30
2014.10.28 16:18:41.990,7.32554,7.32714,1.00,1.49
2014.10.28 16:18:43.905,7.3255,7.32714,1.00,1.49
2014.10.28 16:18:44.415,7.3255,7.32714,1.00,1.49
2014.10.28 16:18:45.234,7.3255,7.32708,1.00,1.19
2014.10.28 16:18:45.773,7.32556,7.32714,1.19,1.30
2014.10.28 16:18:46.077,7.32574,7.3273,1.30,1.19
2014.10.28 16:18:46.955,7.32574,7.32742,1.30,1.49
2014.10.28 16:18:49.047,7.32574,7.32742,1.30,1.49
2014.10.28 16:18:49.510,7.32584,7.32742,1.00,1.49
2014.10.28 16:18:49.561,7.32603,7.32768,1.30,1.30
2014.10.28 16:18:49.663,7.32603,7.32768,1.49,1.30
2014.10.28 16:18:49.966,7.32619,7.32768,1.00,1.30
2014.10.28 16:18:50.685,7.32603,7.32768,1.49,1.30
2014.10.28 16:18:51.358,7.32603,7.32768,1.30,1.30
2014.10.28 16:18:52.385,7.32603,7.3276,1.30,1.19
2014.10.28 16:18:53.396,7.32603,7.32766,1.30,1.19
2014.10.28 16:18:53.607,7.32613,7.32766,1.00,1.19
2014.10.28 16:18:53.708,7.32622,7.32768,1.00,1.30
2014.10.28 16:18:53.810,7.32629,7.32768,1.00,1.30
2014.10.28 16:18:53.984,7.32624,7.32768,1.00,1.30
2014.10.28 16:18:54.095,7.32626,7.32768,1.00,1.30
2014.10.28 16:18:54.399,7.32628,7.32768,1.00,1.30
2014.10.28 16:18:54.771,7.32636,7.32768,1.00,1.30
2014.10.28 16:18:56.075,7.3263,7.32768,1.00,1.30
2014.10.28 16:18:56.844,7.32622,7.32768,1.00,1.30
2014.10.28 16:18:57.175,7.32628,7.32768,1.00,1.30
2014.10.28 16:18:58.962,7.3263,7.32784,1.30,1.19
2014.10.28 16:18:59.013,7.3263,7.32792,1.30,1.19
2014.10.28 16:18:59.264,7.32635,7.32792,1.00,1.19
2014.10.28 16:19:02.349,7.3263,7.32792,1.30,1.19
2014.10.28 16:19:02.796,7.32639,7.32792,1.00,1.19
2014.10.28 16:19:03.293,7.32639,7.32798,1.00,1.49
2014.10.28 16:19:04.218,7.32659,7.32808,1.30,1.19
2014.10.28 16:19:04.499,7.32659,7.32824,1.30,1.19
2014.10.28 16:19:05.618,7.32659,7.32815,1.30,1.19
2014.10.28 16:19:06.404,7.32651,7.32799,1.00,1.30
2014.10.28 16:19:06.455,7.32639,7.32799,1.00,1.30
2014.10.28 16:19:06.556,7.32631,7.32799,1.30,1.30
2014.10.28 16:19:06.607,7.32631,7.3279,1.30,1.19
2014.10.28 16:19:07.019,7.32639,7.3279,1.00,1.19
2014.10.28 16:19:07.120,7.32645,7.32799,1.00,1.30
2014.10.28 16:19:07.624,7.32641,7.32799,1.00,1.30
2014.10.28 16:19:08.182,7.32642,7.32799,1.00,1.30
2014.10.28 16:19:10.264,7.32631,7.32799,1.30,1.30
2014.10.28 16:19:10.366,7.32631,7.32799,1.30,1.49
2014.10.28 16:19:10.937,7.3263,7.32764,1.00,1.30
2014.10.28 16:19:11.038,7.32601,7.32764,1.19,1.30
2014.10.28 16:19:11.627,7.32597,7.32764,1.30,1.30
2014.10.28 16:19:11.929,7.32597,7.32764,1.30,1.49
2014.10.28 16:19:13.081,7.32597,7.32764,1.30,1.49
2014.10.28 16:19:14.439,7.32597,7.32764,1.30,1.49
2014.10.28 16:19:14.490,7.32603,7.32764,1.00,1.49
2014.10.28 16:19:15.395,7.32597,7.32764,1.30,1.49
2014.10.28 16:19:15.446,7.32597,7.32764,1.30,1.49
2014.10.28 16:19:15.914,7.32603,7.32764,1.00,1.49
2014.10.28 16:19:16.056,7.32597,7.32764,1.30,1.49
2014.10.28 16:19:16.679,7.32597,7.32764,1.30,1.49
2014.10.28 16:19:17.375,7.32603,7.32764,1.00,1.49
2014.10.28 16:19:17.848,7.32603,7.32764,1.00,1.30
2014.10.28 16:19:21.349,7.32614,7.32764,1.00,1.30
2014.10.28 16:19:21.653,7.32633,7.32764,1.00,1.30
2014.10.28 16:19:22.228,7.32632,7.32764,1.00,1.30
2014.10.28 16:19:22.764,7.32632,7.32784,1.00,1.30
2014.10.28 16:19:22.865,7.32632,7.32796,1.00,1.49
2014.10.28 16:19:23.565,7.32632,7.32796,1.00,1.30
2014.10.28 16:19:25.334,7.32633,7.32796,1.00,1.30
2014.10.28 16:19:28.844,7.32633,7.32796,1.00,2.05
2014.10.28 16:19:29.220,7.32615,7.32764,1.00,1.30
2014.10.28 16:19:33.374,7.32623,7.32764,1.00,1.30
2014.10.28 16:19:33.425,7.32625,7.32777,1.30,1.50
2014.10.28 16:19:33.476,7.32627,7.32792,1.00,1.30
2014.10.28 16:19:34.023,7.32631,7.32792,1.00,1.30
2014.10.28 16:19:34.404,7.32633,7.32792,1.00,1.30
2014.10.28 16:19:35.245,7.32628,7.32792,1.00,1.30
2014.10.28 16:19:35.824,7.32629,7.32792,1.00,1.30
2014.10.28 16:19:36.608,7.32625,7.32792,1.30,1.30
2014.10.28 16:19:37.144,7.32626,7.32792,1.00,1.30
2014.10.28 16:19:38.643,7.32633,7.32792,1.00,1.30
2014.10.28 16:19:48.778,7.32627,7.32792,1.00,1.30
2014.10.28 16:19:48.990,7.32627,7.32777,1.00,2.25
2014.10.28 16:19:49.143,7.32594,7.32761,1.30,1.30
2014.10.28 16:19:49.646,7.32594,7.32761,1.30,1.49
2014.10.28 16:19:50.071,7.32594,7.32746,1.30,1.50
2014.10.28 16:20:00.726,7.32594,7.32757,1.30,3.00
2014.10.28 16:20:01.963,7.32594,7.32747,1.30,1.50
2014.10.28 16:20:06.127,7.32594,7.32757,1.30,2.25
2014.10.28 16:20:07.462,7.32594,7.32757,1.30,1.50
2014.10.28 16:20:07.564,7.32594,7.32761,1.35,1.30
2014.10.28 16:20:07.669,7.32624,7.3278,1.30,1.00
2014.10.28 16:20:07.721,7.32624,7.32787,1.30,1.50
2014.10.28 16:20:07.873,7.32624,7.32792,1.30,1.30
2014.10.28 16:20:19.057,7.32627,7.32792,1.00,1.30
2014.10.28 16:20:19.429,7.32627,7.32787,1.00,1.50
2014.10.28 16:20:23.294,7.32627,7.32792,1.00,1.30
2014.10.28 16:20:28.660,7.32627,7.32794,1.72,1.30
2014.10.28 16:20:30.025,7.32638,7.32794,1.00,1.30
2014.10.28 16:20:30.135,7.32633,7.32794,1.00,1.30
2014.10.28 16:20:30.354,7.32638,7.32794,1.00,1.30
2014.10.28 16:20:30.464,7.32634,7.32794,1.00,1.30
2014.10.28 16:20:30.794,7.32638,7.32794,1.00,1.30
2014.10.28 16:20:31.062,7.32633,7.32794,1.00,1.30
2014.10.28 16:20:48.727,7.32633,7.32797,1.00,2.47
2014.10.28 16:20:53.588,7.3263,7.32797,1.30,2.47
2014.10.28 16:20:56.896,7.32633,7.32797,1.00,2.47
2014.10.28 16:20:58.403,7.3263,7.32797,1.30,2.47
2014.10.28 16:20:58.773,7.32635,7.32797,1.00,1.30
2014.10.28 16:20:59.096,7.32661,7.32829,1.30,1.49
2014.10.28 16:20:59.901,7.32661,7.32829,1.30,1.30
2014.10.28 16:21:00.954,7.32663,7.32829,1.00,1.30
2014.10.28 16:21:05.714,7.32663,7.32827,1.00,1.00
2014.10.28 16:21:05.773,7.32661,7.32827,1.30,1.00
2014.10.28 16:21:09.755,7.32663,7.32827,1.00,1.00
2014.10.28 16:21:09.806,7.32663,7.32829,1.00,1.30
2014.10.28 16:21:10.067,7.32675,7.32829,1.00,1.30
2014.10.28 16:21:15.563,7.3268,7.32829,1.00,1.30
2014.10.28 16:21:19.376,7.3268,7.32836,1.00,1.00
2014.10.28 16:21:20.104,7.3268,7.32827,1.00,1.00
2014.10.28 16:21:20.653,7.32678,7.32827,1.30,1.00
2014.10.28 16:21:21.018,7.32678,7.32817,1.30,1.00
2014.10.28 16:21:21.220,7.32657,7.32797,1.00,1.00
2014.10.28 16:21:21.322,7.32651,7.32787,1.30,1.00
2014.10.28 16:21:21.536,7.32634,7.3279,1.00,1.30
2014.10.28 16:21:21.644,7.32646,7.3279,1.00,1.30
2014.10.28 16:21:21.982,7.32653,7.32817,1.30,1.00
2014.10.28 16:21:23.376,7.32657,7.32821,1.00,1.30
2014.10.28 16:21:24.727,7.32681,7.32837,1.30,1.00
2014.10.28 16:21:25.166,7.32681,7.32827,1.30,1.00
2014.10.28 16:21:25.422,7.32657,7.32807,1.00,1.00
2014.10.28 16:21:25.473,7.32652,7.32807,1.30,1.00
2014.10.28 16:21:25.627,7.32634,7.3279,1.00,1.30
2014.10.28 16:21:25.729,7.32623,7.3279,1.72,1.30
2014.10.28 16:21:27.364,7.32623,7.32787,1.72,1.00
2014.10.28 16:21:28.366,7.32623,7.3279,1.72,1.30
2014.10.28 16:21:33.153,7.32633,7.3279,1.50,1.30
2014.10.28 16:21:33.472,7.32637,7.3279,1.00,1.30
2014.10.28 16:21:33.785,7.32631,7.3279,1.00,1.30
2014.10.28 16:21:45.689,7.32631,7.32792,1.00,1.30
2014.10.28 16:21:51.960,7.32648,7.32792,1.00,1.30
2014.10.28 16:21:52.720,7.32656,7.32823,1.30,1.30
2014.10.28 16:21:54.802,7.32685,7.32837,1.30,1.69
2014.10.28 16:21:54.904,7.32685,7.32847,1.30,2.25
2014.10.28 16:21:54.955,7.32685,7.32827,1.30,1.50
2014.10.28 16:21:55.193,7.32685,7.32847,1.30,1.50
2014.10.28 16:21:59.440,7.32667,7.32823,1.00,1.30
2014.10.28 16:21:59.542,7.32661,7.32823,1.00,1.30
2014.10.28 16:21:59.593,7.32661,7.32823,1.00,1.67
2014.10.28 16:21:59.644,7.32655,7.3282,1.30,1.37
2014.10.28 16:21:59.695,7.32655,7.32807,1.30,1.50
2014.10.28 16:21:59.903,7.32635,7.32795,1.30,1.30
2014.10.28 16:21:59.954,7.32628,7.32795,1.30,1.30
2014.10.28 16:22:04.523,7.32628,7.32795,1.30,1.67
2014.10.28 16:22:07.716,7.32628,7.32795,1.30,1.30
2014.10.28 16:22:10.026,7.32628,7.32795,1.30,2.05
2014.10.28 16:22:18.663,7.32628,7.32795,1.30,1.30
2014.10.28 16:22:29.818,7.32628,7.32795,1.30,2.05
2014.10.28 16:22:30.019,7.32628,7.32795,1.30,1.30
2014.10.28 16:22:32.645,7.32628,7.32795,1.30,2.05
2014.10.28 16:22:32.863,7.32628,7.32795,1.30,1.67
2014.10.28 16:22:34.557,7.32628,7.32795,1.30,2.05
2014.10.28 16:22:35.832,7.32628,7.32795,1.30,2.05
2014.10.28 16:22:35.943,7.32628,7.32795,1.30,1.30
2014.10.28 16:22:36.052,7.32628,7.32795,1.30,2.05
2014.10.28 16:22:36.254,7.32628,7.32795,1.30,1.30
2014.10.28 16:22:36.873,7.32628,7.32795,1.30,2.05
2014.10.28 16:22:37.176,7.32628,7.32795,1.30,1.35
2014.10.28 16:22:37.291,7.32628,7.32791,1.30,1.00
2014.10.28 16:22:40.220,7.32616,7.32783,1.30,1.30
2014.10.28 16:23:00.328,7.3261,7.32778,1.30,1.30
2014.10.28 16:23:10.942,7.3261,7.32778,1.30,2.05
2014.10.28 16:23:11.145,7.32586,7.3275,1.00,1.30
2014.10.28 16:23:14.117,7.32583,7.3275,1.30,1.30
2014.10.28 16:23:14.954,7.32573,7.32723,1.00,1.30
2014.10.28 16:23:15.007,7.32562,7.32723,1.00,1.30
2014.10.28 16:23:15.109,7.32555,7.32723,1.30,1.30
2014.10.28 16:23:15.322,7.32555,7.32723,1.30,1.67
2014.10.28 16:23:15.474,7.32527,7.32694,1.00,1.30
2014.10.28 16:23:26.531,7.32526,7.32694,1.30,1.30
2014.10.28 16:23:27.741,7.32526,7.32692,1.30,1.00
2014.10.28 16:23:27.962,7.32526,7.32694,1.30,1.30
2014.10.28 16:23:28.569,7.32526,7.32694,1.30,1.91
2014.10.28 16:23:29.102,7.32527,7.32694,1.00,1.91
2014.10.28 16:23:29.874,7.32527,7.32694,1.00,1.30
2014.10.28 16:23:32.726,7.32526,7.32694,1.30,1.30
2014.10.28 16:23:32.827,7.32534,7.32694,1.00,1.30
2014.10.28 16:23:35.220,7.32554,7.3272,1.30,1.00
2014.10.28 16:23:35.271,7.32558,7.32722,1.00,1.30
2014.10.28 16:23:35.605,7.32583,7.32746,1.30,1.00
2014.10.28 16:23:35.707,7.32583,7.32751,1.30,1.30
2014.10.28 16:23:35.808,7.32593,7.32751,1.00,1.30
2014.10.28 16:23:36.135,7.32604,7.32751,1.00,1.30
2014.10.28 16:23:36.468,7.32612,7.3278,1.30,1.30
2014.10.28 16:23:37.431,7.32612,7.32779,1.30,1.00
2014.10.28 16:23:37.482,7.32612,7.32779,1.30,1.37
2014.10.28 16:23:37.685,7.3258,7.32748,1.30,1.30
2014.10.28 16:23:37.938,7.3257,7.3272,1.00,1.30
2014.10.28 16:23:38.421,7.32558,7.3272,1.00,1.30
2014.10.28 16:23:38.866,7.32553,7.3272,3.22,1.30
2014.10.28 16:23:39.676,7.32553,7.3272,3.22,1.67
2014.10.28 16:23:40.039,7.32541,7.32691,1.00,1.30
2014.10.28 16:23:41.637,7.32535,7.32691,1.00,1.30
2014.10.28 16:23:42.821,7.32541,7.32691,1.00,1.30
2014.10.28 16:23:43.154,7.32548,7.32691,1.00,1.30
2014.10.28 16:23:44.938,7.32553,7.32711,1.30,1.30
2014.10.28 16:23:45.039,7.32558,7.3272,1.00,1.30
2014.10.28 16:23:45.406,7.32563,7.3272,1.50,1.30
2014.10.28 16:23:46.028,7.32581,7.3272,1.00,1.30
2014.10.28 16:23:46.221,7.32575,7.3272,1.00,1.30
2014.10.28 16:23:46.794,7.3257,7.3272,1.00,1.30
2014.10.28 16:23:47.247,7.32564,7.3272,1.00,1.30
2014.10.28 16:23:47.449,7.32553,7.3272,1.30,1.30
2014.10.28 16:23:50.195,7.32575,7.3272,1.00,1.30
2014.10.28 16:23:50.398,7.32583,7.32751,1.30,1.49
2014.10.28 16:23:50.499,7.32583,7.32751,2.47,1.30
2014.10.28 16:23:51.063,7.32583,7.32746,1.30,1.12
2014.10.28 16:23:51.366,7.32558,7.32723,1.19,1.30
2014.10.28 16:23:51.867,7.32558,7.32723,1.00,1.30
2014.10.28 16:23:52.101,7.32555,7.32723,1.30,1.30
2014.10.28 16:23:55.155,7.32566,7.32723,1.00,1.30
2014.10.28 16:24:02.217,7.3256,7.32723,1.00,1.30
2014.10.28 16:24:03.504,7.32561,7.32723,1.00,1.30
2014.10.28 16:24:05.364,7.32555,7.32723,1.30,1.30
2014.10.28 16:24:10.593,7.32555,7.32723,1.30,1.49
2014.10.28 16:24:11.897,7.32555,7.32723,1.30,1.49
2014.10.28 16:24:13.101,7.32555,7.32723,1.30,1.30
2014.10.28 16:24:13.880,7.32557,7.32723,1.00,1.30
2014.10.28 16:24:14.184,7.32583,7.32749,1.30,1.56
2014.10.28 16:24:15.109,7.32583,7.3275,1.30,1.30
2014.10.28 16:24:17.516,7.32583,7.3275,1.30,1.49
2014.10.28 16:24:18.519,7.32583,7.3275,1.30,1.30
2014.10.28 16:24:19.238,7.32583,7.3275,1.30,2.05
2014.10.28 16:24:19.559,7.32583,7.32743,1.30,1.75
2014.10.28 16:24:20.145,7.32563,7.32716,1.30,1.30
2014.10.28 16:24:20.196,7.32556,7.32716,1.00,1.30
2014.10.28 16:24:20.626,7.32556,7.32716,1.00,1.49
2014.10.28 16:24:21.745,7.32556,7.32716,1.00,1.30
2014.10.28 16:24:29.473,7.32551,7.32716,1.30,1.30
2014.10.28 16:24:33.220,7.32578,7.32737,1.30,1.19
2014.10.28 16:24:33.779,7.32578,7.32741,1.30,1.19
2014.10.28 16:24:34.464,7.32578,7.32745,1.30,1.30
2014.10.28 16:24:42.410,7.32578,7.32745,1.49,1.30
2014.10.28 16:24:42.743,7.32605,7.3277,1.30,1.19
2014.10.28 16:24:43.298,7.32605,7.32757,1.30,1.00
2014.10.28 16:24:43.451,7.32573,7.32739,1.00,1.30
2014.10.28 16:24:43.674,7.32571,7.32739,1.30,1.30
2014.10.28 16:24:45.449,7.32571,7.32738,1.30,1.00
2014.10.28 16:24:45.800,7.32571,7.32738,1.30,1.19
2014.10.28 16:24:46.326,7.32571,7.32732,1.30,1.00
2014.10.28 16:24:46.531,7.32539,7.32705,1.00,1.30
2014.10.28 16:24:46.633,7.32537,7.32705,1.30,1.30
2014.10.28 16:24:48.609,7.32537,7.32705,1.30,1.49
2014.10.28 16:24:49.629,7.32537,7.32705,1.30,1.16
2014.10.28 16:24:51.332,7.32537,7.32705,1.30,1.49
2014.10.28 16:24:53.721,7.32537,7.32705,1.30,1.49
2014.10.28 16:24:55.725,7.32537,7.32705,1.30,1.49
2014.10.28 16:24:56.828,7.32537,7.32705,1.30,1.49
2014.10.28 16:24:57.973,7.32537,7.32705,1.30,1.49
2014.10.28 16:24:59.034,7.32537,7.32705,1.30,1.30
2014.10.28 16:25:00.262,7.32539,7.32705,1.00,1.30
2014.10.28 16:25:00.565,7.32544,7.32705,1.00,1.30
2014.10.28 16:25:00.884,7.32556,7.32705,1.00,1.30
2014.10.28 16:25:02.363,7.32544,7.32705,1.00,1.30
2014.10.28 16:25:02.414,7.32548,7.32705,1.30,1.30
2014.10.28 16:25:02.465,7.32568,7.32732,1.30,1.19
2014.10.28 16:25:02.718,7.32573,7.32736,1.50,1.49
2014.10.28 16:25:03.049,7.32596,7.32742,1.30,1.19
2014.10.28 16:25:03.664,7.32596,7.32747,1.30,1.56
2014.10.28 16:25:05.257,7.32596,7.32757,1.30,1.94
2014.10.28 16:25:05.704,7.32596,7.32757,1.30,1.19
2014.10.28 16:25:06.262,7.32596,7.32764,1.30,1.86
2014.10.28 16:25:07.389,7.32596,7.32756,1.30,1.19
2014.10.28 16:25:08.571,7.32596,7.32757,1.30,1.19
2014.10.28 16:25:09.153,7.32596,7.32747,1.30,1.00
2014.10.28 16:25:09.772,7.32596,7.32757,1.30,1.19
2014.10.28 16:25:11.376,7.32596,7.32757,1.30,1.69
2014.10.28 16:25:12.579,7.32596,7.32746,1.30,1.19
2014.10.28 16:25:14.684,7.32596,7.32757,1.30,1.19
2014.10.28 16:25:15.987,7.32596,7.32752,1.30,1.19
2014.10.28 16:25:17.133,7.32596,7.32758,1.30,1.19
2014.10.28 16:25:18.193,7.32596,7.32764,1.30,1.86
2014.10.28 16:25:22.302,7.32596,7.32757,1.30,1.19
2014.10.28 16:25:23.566,7.32589,7.32757,1.30,2.66
2014.10.28 16:25:23.617,7.32589,7.32757,1.30,1.72
2014.10.28 16:25:26.613,7.32589,7.32749,1.30,1.19
2014.10.28 16:25:26.715,7.32589,7.32757,1.49,1.72
2014.10.28 16:25:26.918,7.32603,7.32757,1.50,1.30
2014.10.28 16:25:27.070,7.32617,7.32785,1.30,1.49
2014.10.28 16:25:27.501,7.32617,7.32767,1.30,1.00
2014.10.28 16:25:27.848,7.32617,7.32767,1.30,1.19
2014.10.28 16:25:29.124,7.32617,7.32767,1.30,1.19
2014.10.28 16:25:30.227,7.32617,7.32767,1.30,1.19
2014.10.28 16:25:31.934,7.32617,7.32785,1.30,1.30
2014.10.28 16:25:33.971,7.32617,7.32785,1.30,1.49
2014.10.28 16:25:35.443,7.32617,7.32785,1.30,1.16
2014.10.28 16:25:38.392,7.32617,7.32776,1.30,1.00
2014.10.28 16:25:38.719,7.32617,7.32785,1.30,1.49
2014.10.28 16:25:39.654,7.32617,7.32785,1.30,1.16
2014.10.28 16:25:41.278,7.32651,7.32785,1.00,1.30
2014.10.28 16:25:41.531,7.32659,7.32816,1.00,1.30
2014.10.28 16:25:41.633,7.3268,7.32848,1.30,1.30
2014.10.28 16:25:42.934,7.32683,7.32848,1.00,1.30
2014.10.28 16:25:48.430,7.32684,7.32848,1.00,1.30
2014.10.28 16:25:49.980,7.32683,7.32848,1.00,1.30
2014.10.28 16:25:51.088,7.3268,7.32827,1.30,1.50
2014.10.28 16:25:59.647,7.3266,7.32807,1.30,1.30
2014.10.28 16:25:59.698,7.3264,7.32807,1.30,2.85
2014.10.28 16:26:05.727,7.3264,7.32807,1.30,3.04
2014.10.28 16:26:06.730,7.3264,7.32807,1.30,3.04
2014.10.28 16:26:08.430,7.3264,7.32807,1.30,3.41
2014.10.28 16:26:09.429,7.3264,7.32805,1.30,1.75
2014.10.28 16:26:09.820,7.3264,7.32805,1.30,1.37
2014.10.28 16:26:10.749,7.3264,7.32807,1.30,2.66
2014.10.28 16:26:11.144,7.3264,7.32807,1.30,2.66
2014.10.28 16:26:13.133,7.3264,7.32807,1.30,3.41
2014.10.28 16:26:13.487,7.3264,7.32803,1.30,1.69
2014.10.28 16:26:14.988,7.3264,7.32807,1.30,3.79
2014.10.28 16:26:17.197,7.3264,7.32807,1.30,3.22
2014.10.28 16:26:17.349,7.3264,7.32806,1.30,1.00
2014.10.28 16:26:17.658,7.3264,7.32807,1.30,3.97
2014.10.28 16:26:19.192,7.3264,7.32807,1.30,4.16
2014.10.28 16:26:19.294,7.3264,7.32801,1.30,1.37
2014.10.28 16:26:19.705,7.32628,7.32795,1.30,1.30
2014.10.28 16:26:25.359,7.32628,7.32787,1.30,1.00
2014.10.28 16:26:33.431,7.32628,7.32795,1.30,1.30
2014.10.28 16:26:34.766,7.32634,7.32795,1.00,1.30
2014.10.28 16:26:35.090,7.32657,7.32816,1.30,1.19
2014.10.28 16:26:36.127,7.32657,7.32817,1.30,2.25
2014.10.28 16:26:43.228,7.32657,7.32807,1.30,1.50
2014.10.28 16:26:43.637,7.32657,7.32797,1.30,1.00
2014.10.28 16:26:43.814,7.32637,7.32796,1.30,1.30
2014.10.28 16:26:43.865,7.32629,7.32796,1.00,1.35
2014.10.28 16:26:44.593,7.32628,7.32796,1.30,2.85
2014.10.28 16:26:44.750,7.32628,7.32796,1.30,3.04
2014.10.28 16:26:45.963,7.32628,7.32796,1.30,2.85
2014.10.28 16:26:49.999,7.32628,7.32786,1.30,1.00
2014.10.28 16:26:53.227,7.32628,7.32777,1.30,1.00
2014.10.28 16:27:03.981,7.32634,7.32777,1.30,1.00
2014.10.28 16:27:05.330,7.32634,7.32797,1.30,2.44
2014.10.28 16:27:05.822,7.32635,7.32802,1.00,1.30
2014.10.28 16:27:05.872,7.32635,7.32797,1.00,1.00
2014.10.28 16:27:06.393,7.32634,7.32797,1.72,1.00
2014.10.28 16:27:06.729,7.32634,7.32802,1.72,1.30
2014.10.28 16:27:06.781,7.32663,7.32807,1.30,1.00
2014.10.28 16:27:10.698,7.32663,7.32817,1.30,1.00
2014.10.28 16:27:11.389,7.32663,7.32797,1.30,1.00
2014.10.28 16:27:11.692,7.32663,7.32807,1.30,1.00
2014.10.28 16:27:12.547,7.32663,7.32797,1.30,1.00
2014.10.28 16:27:13.207,7.32663,7.32807,1.30,1.00
2014.10.28 16:27:17.076,7.32663,7.32797,1.30,1.00
2014.10.28 16:27:19.497,7.32663,7.32807,1.30,1.00
2014.10.28 16:27:20.377,7.32663,7.32817,1.30,2.25
2014.10.28 16:27:20.819,7.32663,7.32827,1.30,1.00
2014.10.28 16:27:21.339,7.32663,7.32826,1.30,1.50
2014.10.28 16:27:22.088,7.32663,7.32817,1.30,1.00
2014.10.28 16:27:24.731,7.32663,7.32826,1.30,1.50
2014.10.28 16:27:27.579,7.32669,7.32826,1.30,1.50
2014.10.28 16:27:33.936,7.32669,7.32827,1.30,1.00
2014.10.28 16:27:34.738,7.32669,7.32817,1.30,1.00
2014.10.28 16:27:35.058,7.32669,7.32807,1.30,1.00
2014.10.28 16:27:35.666,7.32669,7.32817,1.30,2.25
2014.10.28 16:27:36.198,7.32669,7.32807,1.30,1.00
2014.10.28 16:27:36.658,7.32669,7.32817,1.30,1.50
2014.10.28 16:27:36.709,7.32669,7.32827,1.30,1.00
2014.10.28 16:27:37.012,7.32671,7.32827,1.00,1.00
2014.10.28 16:27:37.063,7.32671,7.32836,1.00,1.30
2014.10.28 16:27:37.116,7.32669,7.32836,1.72,1.30
2014.10.28 16:27:37.497,7.32669,7.32827,1.30,1.50
2014.10.28 16:27:40.681,7.32669,7.32817,1.30,1.00
2014.10.28 16:27:43.532,7.32669,7.32836,1.30,1.49
2014.10.28 16:27:43.886,7.32669,7.32827,1.30,1.00
2014.10.28 16:27:44.867,7.32669,7.32836,1.30,1.30
2014.10.28 16:27:44.969,7.32669,7.32827,1.30,1.00
2014.10.28 16:27:45.358,7.32669,7.32817,1.30,1.00
2014.10.28 16:27:45.777,7.32669,7.32827,1.30,1.00
2014.10.28 16:27:47.626,7.32677,7.32827,1.30,2.25
2014.10.28 16:27:47.946,7.32677,7.32837,1.30,2.25
2014.10.28 16:27:50.846,7.32677,7.32836,1.30,1.00
2014.10.28 16:27:51.434,7.32677,7.32836,1.30,1.37
2014.10.28 16:27:51.958,7.32677,7.32836,1.30,1.00
2014.10.28 16:27:52.060,7.32677,7.32845,1.30,1.30
2014.10.28 16:27:52.187,7.3268,7.32845,1.00,1.30
2014.10.28 16:27:52.297,7.32677,7.32845,1.30,1.30
2014.10.28 16:27:52.761,7.32677,7.32845,1.30,2.05
2014.10.28 16:27:52.965,7.32645,7.3281,1.00,1.30
2014.10.28 16:27:53.117,7.32652,7.3281,1.00,1.30
2014.10.28 16:27:53.371,7.3269,7.32856,1.30,1.19
2014.10.28 16:27:53.425,7.3269,7.32856,1.30,1.94
2014.10.28 16:27:53.981,7.3269,7.32847,1.30,1.00
2014.10.28 16:27:55.120,7.3269,7.32852,1.30,1.00
2014.10.28 16:27:55.171,7.3269,7.32857,1.30,2.44
2014.10.28 16:27:55.779,7.3269,7.32847,1.30,1.00
2014.10.28 16:27:57.548,7.3269,7.32856,1.30,1.19
2014.10.28 16:27:58.396,7.3269,7.32856,1.30,1.25
2014.10.28 16:27:59.499,7.3269,7.32856,1.30,1.19
2014.10.28 16:28:00.170,7.3269,7.32847,1.30,1.00
2014.10.28 16:28:01.394,7.3269,7.32858,1.30,1.49
2014.10.28 16:28:01.703,7.32692,7.32858,1.00,1.49
2014.10.28 16:28:01.937,7.32692,7.32858,1.00,1.30
2014.10.28 16:28:02.007,7.32692,7.32856,1.00,1.50
2014.10.28 16:28:02.664,7.32691,7.32856,1.00,1.50
2014.10.28 16:28:02.714,7.32691,7.32858,1.00,1.30
2014.10.28 16:28:03.095,7.32699,7.32858,1.00,1.30
2014.10.28 16:28:03.417,7.32693,7.32858,1.00,1.30
2014.10.28 16:28:03.653,7.32699,7.32858,1.00,1.30
2014.10.28 16:28:03.968,7.32718,7.32867,1.30,2.25
2014.10.28 16:28:24.254,7.32729,7.32867,1.30,1.00
2014.10.28 16:28:38.464,7.32733,7.32867,1.50,1.00
2014.10.28 16:28:38.794,7.32768,7.32867,1.30,1.00
2014.10.28 16:28:44.082,7.32768,7.32866,1.30,1.00
2014.10.28 16:28:49.558,7.32786,7.32866,1.00,1.00
2014.10.28 16:28:49.862,7.32848,7.32868,1.30,1.00
2014.10.28 16:28:50.174,7.32865,7.33033,1.30,1.30
2014.10.28 16:28:50.275,7.32865,7.33033,1.30,1.30
2014.10.28 16:28:50.478,7.32865,7.33002,1.30,1.00
2014.10.28 16:28:50.788,7.32844,7.32903,1.00,1.00
2014.10.28 16:28:50.839,7.32844,7.32875,1.00,1.00
2014.10.28 16:28:50.940,7.32837,7.32875,1.30,1.00
2014.10.28 16:28:53.460,7.32813,7.32867,1.50,1.00
2014.10.28 16:28:54.807,7.32808,7.32867,1.30,1.00
2014.10.28 16:28:56.486,7.32823,7.32867,1.50,1.00
2014.10.28 16:28:56.588,7.32813,7.32867,1.50,1.00
2014.10.28 16:28:59.317,7.32823,7.32867,1.50,1.00
2014.10.28 16:29:02.178,7.32833,7.32867,1.50,1.00
2014.10.28 16:29:05.770,7.32823,7.32867,1.50,1.00
2014.10.28 16:29:06.024,7.32863,7.32872,1.50,1.00
2014.10.28 16:29:06.386,7.32869,7.33002,1.30,1.00
2014.10.28 16:29:06.487,7.32872,7.3302,1.30,1.19
2014.10.28 16:29:06.986,7.32873,7.33038,1.50,1.30
2014.10.28 16:29:07.188,7.32893,7.33038,1.50,1.30
2014.10.28 16:29:07.340,7.32899,7.33054,1.30,1.19
2014.10.28 16:29:08.291,7.32899,7.33056,1.30,1.00
2014.10.28 16:29:08.341,7.32899,7.33054,1.30,1.00
2014.10.28 16:29:08.645,7.32899,7.33043,1.30,1.12
2014.10.28 16:29:08.746,7.3287,7.33037,1.30,1.30
2014.10.28 16:29:08.976,7.3287,7.33032,1.30,1.00
2014.10.28 16:29:09.634,7.3287,7.33028,1.30,1.00
2014.10.28 16:29:12.494,7.3287,7.33033,1.30,1.00
2014.10.28 16:29:15.585,7.3287,7.33031,1.30,1.00
2014.10.28 16:29:15.921,7.32833,7.33,1.30,1.30
2014.10.28 16:29:16.346,7.32853,7.33,1.50,1.30
2014.10.28 16:29:16.447,7.3286,7.33025,1.30,1.00
2014.10.28 16:29:16.498,7.3286,7.33028,1.30,1.30
2014.10.28 16:29:16.686,7.3286,7.33026,1.30,1.00
2014.10.28 16:29:17.774,7.3286,7.33023,1.30,1.00
2014.10.28 16:29:18.897,7.32863,7.33028,1.50,1.30
2014.10.28 16:29:19.448,7.32864,7.33028,1.50,1.30
2014.10.28 16:29:27.035,7.32888,7.33039,1.30,1.00
2014.10.28 16:29:27.136,7.32888,7.3305,1.30,1.19
2014.10.28 16:29:27.704,7.32888,7.33044,1.30,1.00
2014.10.28 16:29:28.026,7.32888,7.33055,1.30,1.86
2014.10.28 16:29:28.127,7.32888,7.33055,1.30,1.30
2014.10.28 16:29:28.228,7.32888,7.33052,1.30,1.00
2014.10.28 16:29:30.314,7.32888,7.33055,1.30,1.30
2014.10.28 16:29:30.963,7.32888,7.33055,1.30,1.67
2014.10.28 16:29:31.216,7.32888,7.3305,1.30,1.00
2014.10.28 16:29:31.305,7.32888,7.33055,1.30,1.67
2014.10.28 16:29:31.964,7.32888,7.33027,1.30,1.00
2014.10.28 16:29:32.116,7.32888,7.33055,1.30,1.67
2014.10.28 16:29:32.997,7.32888,7.33041,1.30,1.00
2014.10.28 16:29:34.736,7.32888,7.33052,1.30,1.00
2014.10.28 16:29:37.046,7.32888,7.33055,1.30,1.30
2014.10.28 16:29:40.125,7.32903,7.33055,1.50,1.30
2014.10.28 16:29:40.227,7.32888,7.33055,1.30,1.30
2014.10.28 16:29:41.344,7.32893,7.33055,1.50,1.30
2014.10.28 16:29:43.994,7.32888,7.33055,1.30,1.30
2014.10.28 16:29:45.709,7.32903,7.33055,1.50,1.30
2014.10.28 16:29:45.861,7.32915,7.3307,1.30,1.00
2014.10.28 16:29:46.816,7.32915,7.33075,1.30,1.00
2014.10.28 16:29:48.465,7.32923,7.33082,1.50,1.00
2014.10.28 16:29:48.566,7.32915,7.33082,1.30,1.00
2014.10.28 16:29:50.774,7.32915,7.33083,1.30,1.30
2014.10.28 16:29:56.268,7.32923,7.33083,1.50,1.30
2014.10.28 16:29:56.522,7.32945,7.33111,1.30,1.19
2014.10.28 16:29:57.264,7.32945,7.33104,1.30,1.00
2014.10.28 16:29:57.577,7.32945,7.33104,1.30,1.56
2014.10.28 16:29:58.454,7.32945,7.33104,1.30,1.56
2014.10.28 16:29:59.515,7.32945,7.33098,1.30,1.19
2014.10.28 16:29:59.566,7.32916,7.33084,1.30,1.30
2014.10.28 16:30:01.239,7.32924,7.33084,1.50,1.30
2014.10.28 16:30:01.547,7.32944,7.33112,1.30,1.49
2014.10.28 16:30:02.386,7.32944,7.33109,1.30,1.00
2014.10.28 16:30:04.076,7.32944,7.33109,1.30,1.19
2014.10.28 16:30:05.686,7.32944,7.33112,1.30,1.30
2014.10.28 16:30:06.384,7.32944,7.33112,1.30,2.05
2014.10.28 16:30:06.960,7.32944,7.33112,1.30,1.30
2014.10.28 16:30:07.690,7.32944,7.33112,1.30,1.49
2014.10.28 16:30:07.996,7.32944,7.33112,1.30,2.66
2014.10.28 16:30:08.301,7.32944,7.33111,1.30,1.94
2014.10.28 16:30:08.704,7.32944,7.33095,1.30,1.00
2014.10.28 16:30:09.298,7.32944,7.33095,1.30,1.19
2014.10.28 16:30:09.625,7.32944,7.33095,1.30,1.94
2014.10.28 16:30:12.735,7.32923,7.33084,1.50,1.67
2014.10.28 16:30:18.156,7.32916,7.33084,1.30,1.54
2014.10.28 16:30:19.122,7.32916,7.33084,1.30,2.24
2014.10.28 16:30:19.375,7.32888,7.33046,1.00,1.30
2014.10.28 16:30:19.426,7.32888,7.33046,1.00,2.05
2014.10.28 16:30:19.527,7.32878,7.33046,1.30,2.05
2014.10.28 16:30:19.730,7.32878,7.3304,1.30,1.37
2014.10.28 16:30:19.808,7.32878,7.3304,1.30,1.00
2014.10.28 16:30:19.909,7.32878,7.33046,1.30,1.35
2014.10.28 16:30:20.061,7.32881,7.33046,1.00,1.35
2014.10.28 16:30:20.406,7.32886,7.33046,1.00,1.30
2014.10.28 16:30:21.053,7.3288,7.33046,1.00,1.30
2014.10.28 16:30:21.501,7.32887,7.33046,1.00,1.30
2014.10.28 16:30:21.805,7.32893,7.33046,1.50,1.30
2014.10.28 16:30:22.481,7.32913,7.33046,1.50,1.30
2014.10.28 16:30:27.185,7.32913,7.33074,1.50,2.05
2014.10.28 16:30:30.036,7.32906,7.33074,1.30,2.05
2014.10.28 16:30:33.596,7.32906,7.33074,1.30,1.67
2014.10.28 16:30:39.870,7.32906,7.33074,1.30,1.30
2014.10.28 16:30:39.972,7.32914,7.33074,1.50,1.30
2014.10.28 16:30:40.298,7.32923,7.33074,1.50,1.30
2014.10.28 16:30:41.059,7.32925,7.33074,1.00,1.30
2014.10.28 16:30:42.604,7.32927,7.33074,1.00,1.30
2014.10.28 16:30:42.706,7.32934,7.33097,1.30,1.00
2014.10.28 16:30:47.616,7.32934,7.33097,1.30,1.37
2014.10.28 16:30:48.507,7.32934,7.33077,1.30,1.00
2014.10.28 16:30:48.810,7.32914,7.33068,1.30,1.30
2014.10.28 16:30:48.861,7.329,7.33068,1.30,1.30
2014.10.28 16:30:48.911,7.329,7.33057,1.30,1.00
2014.10.28 16:30:49.114,7.32869,7.33034,1.00,1.35
2014.10.28 16:30:49.165,7.32869,7.33026,1.00,1.37
2014.10.28 16:30:49.317,7.32867,7.33027,1.30,1.37
2014.10.28 16:30:51.045,7.32867,7.33027,1.30,1.75
2014.10.28 16:30:51.310,7.32839,7.33003,1.00,1.30
2014.10.28 16:30:52.628,7.32844,7.33003,1.00,1.30
2014.10.28 16:30:52.964,7.32846,7.33003,1.00,1.30
2014.10.28 16:30:53.734,7.32857,7.33003,1.00,1.30
2014.10.28 16:30:53.937,7.32868,7.33035,1.30,1.30
2014.10.28 16:30:54.702,7.3288,7.33035,1.00,1.30
2014.10.28 16:31:06.015,7.32883,7.33035,1.00,1.30
2014.10.28 16:31:08.116,7.32873,7.33035,1.00,1.30
2014.10.28 16:31:09.093,7.32868,7.33035,1.30,1.30
2014.10.28 16:31:09.313,7.32873,7.33035,1.00,1.30
2014.10.28 16:31:09.771,7.32877,7.33035,1.00,1.30
2014.10.28 16:31:10.982,7.3288,7.33035,1.00,1.30
2014.10.28 16:31:11.425,7.32884,7.33035,1.00,1.30
2014.10.28 16:31:11.552,7.3288,7.33035,1.00,1.30
2014.10.28 16:31:11.602,7.3288,7.33027,1.00,1.00
2014.10.28 16:31:11.653,7.32871,7.33027,1.00,1.00
2014.10.28 16:31:11.875,7.32868,7.33027,1.72,1.00
2014.10.28 16:31:11.925,7.32868,7.33017,1.72,1.00
2014.10.28 16:31:12.128,7.32868,7.33026,1.30,1.00
2014.10.28 16:31:12.381,7.32868,7.33017,1.30,1.00
2014.10.28 16:31:12.683,7.32868,7.33035,1.30,1.30
2014.10.28 16:31:13.124,7.32868,7.33027,1.30,1.00
2014.10.28 16:31:13.949,7.32864,7.33027,1.30,1.00
2014.10.28 16:31:17.453,7.32865,7.33027,1.00,1.00
2014.10.28 16:31:18.141,7.32866,7.33027,1.00,1.00
2014.10.28 16:31:18.773,7.32864,7.33027,1.30,1.00
2014.10.28 16:31:19.723,7.32864,7.33031,1.30,1.30
2014.10.28 16:31:20.035,7.32864,7.33027,1.30,1.00
2014.10.28 16:31:20.714,7.32864,7.33031,1.30,1.30
2014.10.28 16:31:21.033,7.32864,7.33027,1.30,1.00
2014.10.28 16:31:21.365,7.32899,7.33051,1.30,1.30
2014.10.28 16:31:21.416,7.32899,7.33054,1.30,1.00
2014.10.28 16:31:21.467,7.32899,7.33066,1.30,1.56
2014.10.28 16:31:22.015,7.32899,7.33056,1.30,1.00
2014.10.28 16:31:22.167,7.32899,7.33066,1.30,1.56
2014.10.28 16:31:23.134,7.32899,7.33057,1.30,1.00
2014.10.28 16:31:23.692,7.32899,7.33056,1.30,1.00
2014.10.28 16:31:23.903,7.32899,7.33065,1.30,1.19
2014.10.28 16:31:24.124,7.32899,7.33057,1.30,1.00
2014.10.28 16:31:24.427,7.32899,7.33047,1.30,1.00
2014.10.28 16:31:24.797,7.32899,7.33067,1.30,1.91
2014.10.28 16:31:24.848,7.32903,7.33067,1.50,1.91
2014.10.28 16:31:25.374,7.32912,7.33067,1.00,1.49
2014.10.28 16:31:25.722,7.32922,7.33067,1.00,1.49
2014.10.28 16:31:26.374,7.3292,7.33067,1.00,1.49
2014.10.28 16:31:26.425,7.3292,7.33067,1.00,1.30
2014.10.28 16:31:26.476,7.32903,7.33067,1.50,1.30
2014.10.28 16:31:28.895,7.32913,7.33067,1.50,1.30
2014.10.28 16:31:34.623,7.32923,7.33067,1.50,1.30
2014.10.28 16:31:35.937,7.32933,7.33067,1.50,1.30
2014.10.28 16:31:36.291,7.32933,7.33095,1.50,1.30
2014.10.28 16:31:37.294,7.32934,7.33095,1.00,1.30
2014.10.28 16:31:38.059,7.32938,7.33095,1.00,1.30
2014.10.28 16:31:38.212,7.32955,7.33122,1.30,1.30
2014.10.28 16:31:38.709,7.32955,7.33122,1.30,1.67
2014.10.28 16:31:45.495,7.32935,7.33094,1.30,1.30
2014.10.28 16:31:45.546,7.32933,7.33094,1.50,1.30
2014.10.28 16:31:45.648,7.32927,7.33094,1.30,2.05
2014.10.28 16:32:01.934,7.32927,7.33085,1.30,1.00
2014.10.28 16:32:02.702,7.32927,7.33092,1.30,1.19
2014.10.28 16:32:04.196,7.32927,7.33092,1.30,1.69
2014.10.28 16:32:05.199,7.32927,7.33086,1.30,1.56
2014.10.28 16:32:05.624,7.32913,7.33069,1.50,1.30
2014.10.28 16:32:24.773,7.32934,7.33095,1.50,1.19
2014.10.28 16:32:25.082,7.32943,7.33095,1.50,1.19
2014.10.28 16:32:25.183,7.32943,7.33099,1.50,1.30
2014.10.28 16:32:27.870,7.32951,7.33099,1.00,1.30
2014.10.28 16:32:28.732,7.32945,7.33099,1.00,1.30
2014.10.28 16:32:32.172,7.32943,7.33099,1.50,1.30
2014.10.28 16:32:36.124,7.32953,7.33099,1.50,1.30
2014.10.28 16:32:36.175,7.32961,7.33129,1.30,1.54
2014.10.28 16:32:36.700,7.32961,7.33129,1.30,1.30
2014.10.28 16:32:53.603,7.32966,7.33129,1.00,1.30
2014.10.28 16:32:55.160,7.32983,7.33129,1.50,1.30
2014.10.28 16:32:55.463,7.32985,7.33129,1.00,1.30
2014.10.28 16:32:56.011,7.32983,7.33129,2.25,1.30
2014.10.28 16:32:56.307,7.32986,7.33154,1.30,1.30
2014.10.28 16:32:57.916,7.32993,7.33154,1.50,1.30
2014.10.28 16:32:58.564,7.33003,7.33154,1.50,1.30
2014.10.28 16:32:58.882,7.33023,7.33154,1.50,1.30
2014.10.28 16:32:59.784,7.33016,7.33154,1.00,1.30
2014.10.28 16:32:59.835,7.33019,7.33187,1.30,1.67
2014.10.28 16:32:59.886,7.33022,7.33187,1.00,1.67
2014.10.28 16:33:01.621,7.33019,7.33187,1.30,1.67
2014.10.28 16:33:01.672,7.33019,7.33187,1.30,1.30
2014.10.28 16:33:04.032,7.33019,7.33177,1.30,1.00
2014.10.28 16:33:05.224,7.33019,7.33166,1.30,1.19
2014.10.28 16:33:05.427,7.32988,7.33156,1.30,1.49
2014.10.28 16:33:05.832,7.32988,7.33152,1.30,1.19
2014.10.28 16:33:06.575,7.32988,7.33147,1.30,1.00
2014.10.28 16:33:06.891,7.32988,7.33147,1.30,1.19
2014.10.28 16:33:08.595,7.32988,7.33146,1.30,1.19
2014.10.28 16:33:09.698,7.32988,7.33146,1.30,1.19
2014.10.28 16:33:10.233,7.32968,7.33128,1.30,1.30
2014.10.28 16:33:10.284,7.32963,7.33128,1.50,1.30
2014.10.28 16:33:10.638,7.3296,7.33128,1.30,1.30
2014.10.28 16:33:11.261,7.3296,7.33127,1.30,1.00
2014.10.28 16:33:11.413,7.3296,7.33127,1.30,1.19
2014.10.28 16:33:12.083,7.32963,7.33127,1.50,1.19
2014.10.28 16:33:12.807,7.32963,7.33128,1.50,1.49
2014.10.28 16:33:13.910,7.32963,7.33128,1.50,1.49
2014.10.28 16:33:15.725,7.32973,7.33128,1.50,1.49
2014.10.28 16:33:16.722,7.32973,7.33128,1.50,1.30
2014.10.28 16:33:17.590,7.32963,7.33128,1.50,1.30
2014.10.28 16:33:18.523,7.32963,7.33127,1.50,1.00
2014.10.28 16:33:19.030,7.32963,7.33127,1.50,1.19
2014.10.28 16:33:21.237,7.32963,7.3312,1.50,1.19
2014.10.28 16:33:23.363,7.32963,7.33127,1.50,1.69
2014.10.28 16:33:24.449,7.32963,7.33123,1.50,1.19
2014.10.28 16:33:25.192,7.32963,7.331,1.50,1.30
2014.10.28 16:33:30.574,7.32933,7.331,2.47,1.30
2014.10.28 16:33:30.776,7.32933,7.33067,1.50,1.30
2014.10.28 16:33:31.132,7.32924,7.33067,1.50,1.30
2014.10.28 16:33:32.742,7.32933,7.33067,1.50,1.30
2014.10.28 16:33:35.292,7.32944,7.33067,1.50,1.30
2014.10.28 16:33:35.647,7.32933,7.33067,1.50,1.30
2014.10.28 16:33:45.391,7.32923,7.33067,1.50,1.30
2014.10.28 16:33:48.419,7.32923,7.33067,1.50,1.49
2014.10.28 16:33:50.522,7.32923,7.33067,1.50,1.49
2014.10.28 16:33:51.038,7.32923,7.33054,1.50,1.30
2014.10.28 16:33:53.678,7.32923,7.33054,1.50,1.49
2014.10.28 16:33:53.780,7.32903,7.33054,1.50,1.49
2014.10.28 16:33:54.658,7.32903,7.33054,1.50,1.49
2014.10.28 16:33:56.238,7.32903,7.33054,1.50,1.49
2014.10.28 16:33:57.264,7.32903,7.33052,1.50,1.19
2014.10.28 16:33:57.517,7.32885,7.33024,1.00,1.30
2014.10.28 16:33:57.568,7.32883,7.33024,1.50,1.30
2014.10.28 16:33:57.720,7.32873,7.33024,1.50,1.30
2014.10.28 16:33:58.041,7.32873,7.32993,1.50,1.30
2014.10.28 16:33:59.141,7.32853,7.32993,1.50,1.30
2014.10.28 16:34:01.292,7.32858,7.32993,1.00,1.30
2014.10.28 16:34:01.602,7.32873,7.32993,1.00,1.30
2014.10.28 16:34:01.855,7.32883,7.33019,1.50,1.30
2014.10.28 16:34:02.882,7.32874,7.33019,1.50,1.30
2014.10.28 16:34:04.555,7.32893,7.33019,1.50,1.30
2014.10.28 16:34:04.757,7.32883,7.33019,1.50,1.30
2014.10.28 16:34:05.341,7.32873,7.33019,1.50,1.30
2014.10.28 16:34:05.537,7.32873,7.3301,1.50,1.30
2014.10.28 16:34:05.931,7.32863,7.3299,1.50,1.30
2014.10.28 16:34:07.986,7.32873,7.3299,1.50,1.30
2014.10.28 16:34:11.563,7.32873,7.33019,1.50,1.30
2014.10.28 16:34:11.614,7.32884,7.33019,1.50,1.30
2014.10.28 16:34:18.390,7.32855,7.33019,1.00,1.30
2014.10.28 16:34:18.549,7.32857,7.33019,1.00,1.30
2014.10.28 16:34:18.852,7.32866,7.33019,1.00,1.30
2014.10.28 16:34:19.188,7.32868,7.33019,1.00,1.30
2014.10.28 16:34:19.869,7.32863,7.33019,1.00,1.30
2014.10.28 16:34:19.970,7.32856,7.33019,1.00,1.30
2014.10.28 16:34:20.252,7.32863,7.33019,1.00,1.30
2014.10.28 16:34:20.354,7.32856,7.33019,1.00,1.30
2014.10.28 16:34:20.962,7.32851,7.33019,1.49,1.30
2014.10.28 16:34:21.465,7.32853,7.33019,1.00,1.30
2014.10.28 16:34:21.640,7.32861,7.33019,1.00,1.30
2014.10.28 16:34:25.172,7.32866,7.33019,1.00,1.30
2014.10.28 16:34:25.550,7.32871,7.33019,1.00,1.30
2014.10.28 16:34:26.370,7.32876,7.33019,1.00,1.30
2014.10.28 16:34:28.781,7.32882,7.33019,1.00,1.30
2014.10.28 16:34:31.000,7.32873,7.33019,1.00,1.30
2014.10.28 16:34:31.050,7.32873,7.33008,1.00,1.19
2014.10.28 16:34:31.304,7.32863,7.32991,1.00,1.30
2014.10.28 16:34:31.557,7.32843,7.32991,1.00,1.30
2014.10.28 16:34:36.524,7.32853,7.32991,1.00,1.30
2014.10.28 16:34:37.744,7.32863,7.32991,1.00,1.30
2014.10.28 16:34:38.631,7.32853,7.32991,1.00,1.30
2014.10.28 16:34:39.863,7.32845,7.32991,1.00,1.30
2014.10.28 16:34:40.434,7.32839,7.32991,1.00,1.30
2014.10.28 16:34:40.536,7.32835,7.32991,1.00,1.30
2014.10.28 16:34:40.709,7.32835,7.32963,1.00,1.30
2014.10.28 16:34:40.760,7.32831,7.32963,1.00,1.30
2014.10.28 16:34:41.082,7.3282,7.32963,1.00,1.30
2014.10.28 16:34:41.893,7.32818,7.32963,1.00,1.30
2014.10.28 16:34:41.943,7.32818,7.32963,1.75,1.30
2014.10.28 16:34:44.171,7.3282,7.32963,1.00,1.30
2014.10.28 16:34:44.272,7.32808,7.32963,1.00,1.30
2014.10.28 16:34:44.424,7.32802,7.32955,1.37,1.30
2014.10.28 16:34:44.728,7.32779,7.32935,1.75,1.30
2014.10.28 16:34:45.104,7.32785,7.32935,1.75,1.30
2014.10.28 16:34:45.474,7.32785,7.32935,1.37,1.30
2014.10.28 16:34:45.575,7.32779,7.32907,1.00,1.30
2014.10.28 16:34:45.626,7.32774,7.32907,1.00,1.30
2014.10.28 16:34:46.273,7.32779,7.32907,1.75,1.30
2014.10.28 16:34:46.594,7.32785,7.32907,1.00,1.30
2014.10.28 16:34:46.696,7.32774,7.32907,1.00,1.30
2014.10.28 16:34:47.361,7.32768,7.32907,1.12,1.30
2014.10.28 16:34:47.614,7.32762,7.32907,1.00,1.30
2014.10.28 16:34:49.659,7.32758,7.32907,1.37,1.30
2014.10.28 16:34:54.447,7.32758,7.32907,1.00,1.30
2014.10.28 16:34:55.008,7.32758,7.32907,1.75,1.30
2014.10.28 16:34:55.312,7.32793,7.32907,1.00,1.30
2014.10.28 16:34:55.465,7.32793,7.32942,1.00,1.30
2014.10.28 16:34:56.949,7.32798,7.32942,1.00,1.30
2014.10.28 16:35:00.039,7.32793,7.32942,1.50,1.30
2014.10.28 16:35:00.141,7.32793,7.32942,1.00,1.91
2014.10.28 16:35:01.240,7.32793,7.32942,1.00,1.49
2014.10.28 16:35:01.871,7.32787,7.32942,1.00,1.49
2014.10.28 16:35:02.229,7.32787,7.32942,1.00,1.30
2014.10.28 16:35:02.280,7.32787,7.32913,1.00,1.30
2014.10.28 16:35:02.432,7.32781,7.32913,1.00,1.30
2014.10.28 16:35:02.534,7.3277,7.32913,1.00,1.30
2014.10.28 16:35:06.254,7.32774,7.32913,1.00,1.30
2014.10.28 16:35:06.600,7.32798,7.32913,1.00,1.30
2014.10.28 16:35:12.445,7.32788,7.32913,1.00,1.30
2014.10.28 16:35:12.680,7.32781,7.32913,1.00,1.30
2014.10.28 16:35:12.781,7.32792,7.32913,1.00,1.30
2014.10.28 16:35:13.212,7.32804,7.32913,1.00,1.30
2014.10.28 16:35:14.622,7.32804,7.3294,1.00,1.30
2014.10.28 16:35:14.775,7.3281,7.3294,1.00,1.30
2014.10.28 16:35:15.400,7.32815,7.3294,1.00,1.30
2014.10.28 16:35:16.110,7.32804,7.3294,1.00,1.30
2014.10.28 16:35:18.617,7.32804,7.32902,1.00,1.30
2014.10.28 16:35:18.718,7.32792,7.32902,1.00,1.30
2014.10.28 16:35:18.820,7.32787,7.32902,1.00,1.30
2014.10.28 16:35:18.921,7.32773,7.32902,1.00,1.30
2014.10.28 16:35:19.073,7.3277,7.32902,1.00,1.30
2014.10.28 16:35:19.610,7.32763,7.32902,1.00,1.30
2014.10.28 16:35:20.601,7.3277,7.32902,1.00,1.30
2014.10.28 16:35:20.904,7.32798,7.32902,1.00,1.30
2014.10.28 16:35:24.893,7.32787,7.32902,1.00,1.30
2014.10.28 16:35:25.323,7.32781,7.32902,1.00,1.30
2014.10.28 16:35:26.622,7.3277,7.32902,1.00,1.30
2014.10.28 16:35:34.399,7.32773,7.32902,1.00,1.30
2014.10.28 16:35:34.764,7.32775,7.32902,1.00,1.30
2014.10.28 16:35:36.410,7.32771,7.32902,1.00,1.30
2014.10.28 16:35:36.511,7.32773,7.32902,1.00,1.30
2014.10.28 16:35:36.819,7.32783,7.32902,1.00,1.30
2014.10.28 16:35:36.870,7.32783,7.32933,1.50,1.30
2014.10.28 16:35:36.921,7.32793,7.32933,1.00,1.30
2014.10.28 16:35:37.023,7.32789,7.32933,1.00,1.30
2014.10.28 16:35:37.182,7.32794,7.32933,1.00,1.30
2014.10.28 16:35:37.736,7.32803,7.32933,1.00,1.30
2014.10.28 16:35:38.702,7.328,7.32933,1.00,1.30
2014.10.28 16:35:38.753,7.32794,7.32933,1.00,1.30
2014.10.28 16:35:39.057,7.32789,7.32933,1.00,1.30
2014.10.28 16:35:39.654,7.32789,7.32905,1.00,1.30
2014.10.28 16:35:39.756,7.32783,7.32905,1.50,1.30
2014.10.28 16:35:39.857,7.32771,7.32905,1.00,1.30
2014.10.28 16:35:39.959,7.32766,7.32905,1.00,1.30
2014.10.28 16:35:40.590,7.3276,7.32905,1.00,1.30
2014.10.28 16:35:42.569,7.32753,7.32905,1.00,1.30
2014.10.28 16:35:47.190,7.32754,7.32905,1.00,1.30
2014.10.28 16:35:47.950,7.32763,7.32905,1.00,1.30
2014.10.28 16:35:49.480,7.32773,7.32905,1.00,1.30
2014.10.28 16:35:50.583,7.32783,7.32905,1.00,1.30
2014.10.28 16:35:50.800,7.32793,7.3294,1.00,1.19
2014.10.28 16:35:51.578,7.32793,7.32942,1.00,1.30
2014.10.28 16:35:52.222,7.32803,7.32942,1.00,1.30
2014.10.28 16:36:04.571,7.32806,7.32942,1.00,1.30
2014.10.28 16:36:04.899,7.32813,7.32942,1.00,1.30
2014.10.28 16:36:05.230,7.32823,7.32942,1.00,1.30
2014.10.28 16:36:05.567,7.32843,7.32975,1.00,1.30
2014.10.28 16:36:05.719,7.32854,7.32975,1.00,1.30
2014.10.28 16:36:05.770,7.32863,7.33004,1.00,1.16
2014.10.28 16:36:05.980,7.32854,7.33004,1.50,1.16
2014.10.28 16:36:06.269,7.32863,7.33004,1.00,1.30
2014.10.28 16:36:06.639,7.32854,7.33004,1.00,1.30
2014.10.28 16:36:06.991,7.32859,7.33004,1.00,1.30
2014.10.28 16:36:07.372,7.32863,7.33004,1.00,1.30
2014.10.28 16:36:15.881,7.32863,7.32995,1.00,1.30
2014.10.28 16:36:16.134,7.32837,7.32975,1.00,1.30
2014.10.28 16:36:16.236,7.32823,7.32975,1.00,1.30
2014.10.28 16:36:16.287,7.32819,7.32975,1.00,1.30
2014.10.28 16:36:16.388,7.32819,7.32975,1.00,1.49
2014.10.28 16:36:17.381,7.32819,7.32975,1.00,1.49
2014.10.28 16:36:17.691,7.32831,7.32975,1.00,1.49
2014.10.28 16:36:17.792,7.32837,7.32975,1.00,1.30
2014.10.28 16:36:18.365,7.32842,7.32975,1.00,1.30
2014.10.28 16:36:18.911,7.32838,7.32975,1.00,1.30
2014.10.28 16:36:19.100,7.32833,7.32975,1.50,1.30
2014.10.28 16:36:19.201,7.32808,7.32975,1.30,1.30
2014.10.28 16:36:19.353,7.32808,7.32964,1.30,1.30
2014.10.28 16:36:19.654,7.32799,7.32944,1.00,1.30
2014.10.28 16:36:20.422,7.32795,7.32944,1.00,1.30
2014.10.28 16:36:21.230,7.32794,7.32944,1.50,1.30
2014.10.28 16:36:21.451,7.32843,7.32944,1.50,1.30
2014.10.28 16:36:25.103,7.32833,7.32944,1.50,1.30
2014.10.28 16:36:31.181,7.32813,7.32944,1.50,1.30
2014.10.28 16:36:31.245,7.32813,7.3293,1.50,1.30
2014.10.28 16:36:31.623,7.32813,7.3291,1.50,1.30
2014.10.28 16:36:32.100,7.32803,7.3291,1.50,1.30
2014.10.28 16:36:33.420,7.32814,7.3291,1.50,1.30
2014.10.28 16:36:35.426,7.32833,7.3291,1.50,1.30
2014.10.28 16:36:35.680,7.32833,7.32938,1.50,1.30
2014.10.28 16:36:38.485,7.32843,7.32938,1.50,1.30
2014.10.28 16:36:38.688,7.32863,7.32971,1.50,1.30
2014.10.28 16:36:39.766,7.32863,7.32943,1.50,1.30
2014.10.28 16:36:42.456,7.32843,7.32943,1.50,1.30
2014.10.28 16:36:44.135,7.32863,7.32943,1.50,1.30
2014.10.28 16:36:50.824,7.32873,7.32943,1.50,1.30
2014.10.28 16:36:50.994,7.32873,7.32963,1.50,1.30
2014.10.28 16:36:51.045,7.32893,7.32975,1.50,1.30
2014.10.28 16:37:01.950,7.32903,7.32975,1.50,1.30
2014.10.28 16:37:02.692,7.32913,7.32975,1.50,1.30
2014.10.28 16:37:06.682,7.32923,7.32975,1.50,1.30
2014.10.28 16:37:06.887,7.32923,7.33005,1.50,1.30
2014.10.28 16:37:09.718,7.32883,7.33005,1.50,1.30
2014.10.28 16:37:11.518,7.32874,7.33005,1.50,1.30
2014.10.28 16:37:14.261,7.3287,7.33005,1.00,1.30
2014.10.28 16:37:14.363,7.32873,7.33005,1.50,1.30
2014.10.28 16:37:17.875,7.32913,7.33005,1.50,1.30
2014.10.28 16:37:18.027,7.32913,7.33034,1.50,1.30
2014.10.28 16:37:18.179,7.32913,7.33026,1.50,1.30
2014.10.28 16:37:18.280,7.32875,7.33005,1.00,1.30
2014.10.28 16:37:18.580,7.32873,7.33005,1.50,1.30
2014.10.28 16:37:18.888,7.32869,7.33005,1.00,1.30
2014.10.28 16:37:19.175,7.32858,7.33005,1.00,1.30
2014.10.28 16:37:20.276,7.32852,7.33005,1.00,1.30
2014.10.28 16:37:23.840,7.32853,7.33005,1.50,1.30
2014.10.28 16:37:23.992,7.32858,7.33005,1.00,1.30
2014.10.28 16:37:27.597,7.32865,7.33005,1.00,1.30
2014.10.28 16:37:30.803,7.32858,7.33005,1.00,1.30
2014.10.28 16:37:30.905,7.32853,7.33005,1.50,1.30
2014.10.28 16:37:34.069,7.32852,7.33005,1.00,1.30
2014.10.28 16:37:38.580,7.32852,7.32995,1.00,1.30
2014.10.28 16:37:40.577,7.32859,7.32995,1.00,1.30
2014.10.28 16:37:46.671,7.32852,7.32995,1.00,1.30
2014.10.28 16:37:48.611,7.32846,7.32995,1.00,1.30
2014.10.28 16:37:49.718,7.32846,7.32962,1.00,1.30
2014.10.28 16:37:49.819,7.32841,7.32962,1.00,1.30
2014.10.28 16:37:49.972,7.32829,7.32962,1.00,1.30
2014.10.28 16:37:50.023,7.32829,7.32933,1.00,1.30
2014.10.28 16:37:50.074,7.32818,7.32933,1.00,1.30
2014.10.28 16:37:50.175,7.32803,7.32933,1.50,1.30
2014.10.28 16:37:50.277,7.32806,7.32933,1.00,1.30
2014.10.28 16:37:50.820,7.32795,7.32933,1.00,1.30
2014.10.28 16:37:51.185,7.32777,7.32919,1.00,1.30
2014.10.28 16:37:51.236,7.32777,7.32899,1.00,1.30
2014.10.28 16:37:51.959,7.32766,7.32899,1.00,1.30
2014.10.28 16:37:52.061,7.32755,7.32899,1.00,1.30
2014.10.28 16:37:52.162,7.32743,7.32892,1.00,1.30
2014.10.28 16:37:52.263,7.32743,7.32872,1.00,1.30
2014.10.28 16:37:52.609,7.32749,7.32872,1.00,1.30
2014.10.28 16:37:55.149,7.32737,7.32872,1.00,1.30
2014.10.28 16:37:57.956,7.32741,7.32872,1.00,1.30
2014.10.28 16:38:01.148,7.32743,7.32872,1.00,1.30
2014.10.28 16:38:03.679,7.32749,7.32872,1.00,1.30
2014.10.28 16:38:04.058,7.32754,7.32872,1.00,1.30
2014.10.28 16:38:04.384,7.32754,7.32905,1.00,1.30
2014.10.28 16:38:05.905,7.32749,7.32905,1.00,1.30
2014.10.28 16:38:08.297,7.3275,7.32905,1.00,1.30
2014.10.28 16:38:11.048,7.32742,7.32905,1.00,1.30
2014.10.28 16:38:11.927,7.32737,7.32905,1.30,1.30
2014.10.28 16:38:13.168,7.32726,7.32876,1.00,1.30
2014.10.28 16:38:14.898,7.32714,7.32876,1.00,1.30
2014.10.28 16:38:15.227,7.32709,7.32876,1.30,1.30
2014.10.28 16:38:15.360,7.32703,7.32848,1.69,1.30
2014.10.28 16:38:15.550,7.32703,7.32848,1.00,1.30
2014.10.28 16:38:16.436,7.32709,7.32848,1.00,1.30
2014.10.28 16:38:16.659,7.32703,7.32848,1.00,1.30
2014.10.28 16:38:16.710,7.32703,7.32821,1.00,1.30
2014.10.28 16:38:16.913,7.32663,7.32821,1.75,1.30
2014.10.28 16:38:16.964,7.32663,7.32821,1.00,1.30
2014.10.28 16:38:17.015,7.32657,7.32821,1.00,1.30
2014.10.28 16:38:18.880,7.32653,7.32821,1.67,1.30
2014.10.28 16:38:19.188,7.32651,7.32787,1.00,1.30
2014.10.28 16:38:19.847,7.32645,7.32787,1.00,1.30
2014.10.28 16:38:21.827,7.32655,7.32787,1.00,1.30
2014.10.28 16:38:22.208,7.32656,7.32787,1.19,1.30
2014.10.28 16:38:22.827,7.32685,7.32787,1.19,1.30
2014.10.28 16:38:22.979,7.32667,7.32807,1.69,1.30
2014.10.28 16:38:23.030,7.32667,7.32821,1.69,1.30
2014.10.28 16:38:23.932,7.32673,7.32821,1.19,1.30
2014.10.28 16:38:25.035,7.32673,7.32821,1.19,1.30
2014.10.28 16:38:26.039,7.32673,7.32821,1.19,1.30
2014.10.28 16:38:27.142,7.32673,7.32821,1.19,1.30
2014.10.28 16:38:28.147,7.32673,7.32821,1.19,1.30
2014.10.28 16:38:29.348,7.32673,7.32821,1.19,1.30
2014.10.28 16:38:31.553,7.32673,7.32821,1.19,1.30
2014.10.28 16:38:32.657,7.32673,7.32821,1.19,1.30
2014.10.28 16:38:33.706,7.32673,7.32821,1.19,1.30
2014.10.28 16:38:34.662,7.32673,7.32821,1.00,1.30
2014.10.28 16:38:38.465,7.32667,7.32821,1.19,1.30
2014.10.28 16:38:39.381,7.32667,7.32821,1.19,1.30
2014.10.28 16:38:40.417,7.32667,7.32821,1.00,1.30
2014.10.28 16:38:40.638,7.32674,7.32821,1.00,1.30
2014.10.28 16:38:41.226,7.32702,7.32821,1.00,1.30
2014.10.28 16:38:42.286,7.32696,7.32821,1.00,1.30
2014.10.28 16:38:43.641,7.32696,7.32819,1.00,1.30
2014.10.28 16:38:44.090,7.32706,7.32819,1.00,1.30
2014.10.28 16:38:44.717,7.32705,7.32819,1.00,1.30
2014.10.28 16:38:45.066,7.32708,7.32819,1.00,1.30
2014.10.28 16:38:45.187,7.32705,7.32819,1.00,1.30
2014.10.28 16:38:46.930,7.32711,7.32819,1.00,1.30
2014.10.28 16:38:46.981,7.32711,7.32847,1.00,1.30
2014.10.28 16:38:47.191,7.3274,7.32847,1.00,1.30
2014.10.28 16:38:49.479,7.32741,7.32847,1.00,1.30
2014.10.28 16:38:52.348,7.32746,7.32847,1.00,1.30
2014.10.28 16:38:52.729,7.32752,7.32847,1.00,1.30
2014.10.28 16:38:56.792,7.32752,7.3288,1.00,1.30
2014.10.28 16:38:57.156,7.32761,7.3288,1.00,1.30
2014.10.28 16:39:01.598,7.32769,7.3288,1.00,1.30
2014.10.28 16:39:01.938,7.32775,7.3288,1.00,1.30
2014.10.28 16:39:02.700,7.32774,7.3288,1.00,1.30
2014.10.28 16:39:02.801,7.32767,7.3288,1.00,1.30
2014.10.28 16:39:02.903,7.3275,7.3288,1.00,1.30
2014.10.28 16:39:03.004,7.32733,7.3288,1.00,1.30
2014.10.28 16:39:03.106,7.32727,7.32846,1.00,1.30
2014.10.28 16:39:03.461,7.32733,7.32846,1.00,1.30
2014.10.28 16:39:03.562,7.32727,7.32846,1.00,1.30
2014.10.28 16:39:03.785,7.32737,7.32846,1.00,1.30
2014.10.28 16:39:03.896,7.32727,7.32846,1.00,1.30
2014.10.28 16:39:04.086,7.32733,7.32846,1.00,1.30
2014.10.28 16:39:06.443,7.32738,7.32846,1.00,1.30
2014.10.28 16:39:06.836,7.32744,7.32846,1.00,1.30
2014.10.28 16:39:10.469,7.32736,7.32846,1.00,1.30
2014.10.28 16:39:10.621,7.32714,7.32846,1.00,1.30
2014.10.28 16:39:12.910,7.32722,7.32846,1.00,1.30
2014.10.28 16:39:13.224,7.32725,7.32846,1.00,1.30
2014.10.28 16:39:14.256,7.32728,7.32846,1.00,1.30
2014.10.28 16:39:14.568,7.32734,7.32846,1.00,1.30
2014.10.28 16:39:14.688,7.32726,7.32846,1.00,1.30
2014.10.28 16:39:17.863,7.32722,7.32846,1.00,1.30
2014.10.28 16:39:19.298,7.32728,7.32846,1.00,1.30
2014.10.28 16:39:22.912,7.32741,7.32846,1.00,1.30
2014.10.28 16:39:23.662,7.32741,7.3287,1.00,1.30
2014.10.28 16:39:23.826,7.32735,7.3287,1.00,1.30
2014.10.28 16:39:23.929,7.32746,7.3287,1.00,1.30
2014.10.28 16:39:24.804,7.32744,7.3287,1.00,1.30
2014.10.28 16:39:25.009,7.32767,7.3287,1.00,1.30
2014.10.28 16:39:25.397,7.32771,7.3287,1.00,1.30
2014.10.28 16:39:25.626,7.32771,7.32901,1.00,1.30
2014.10.28 16:39:29.055,7.32761,7.32901,1.00,1.30
2014.10.28 16:39:29.320,7.32761,7.32901,1.00,1.49
2014.10.28 16:39:29.422,7.32749,7.32901,1.00,1.49
2014.10.28 16:39:29.546,7.32761,7.32901,1.00,1.49
2014.10.28 16:39:29.655,7.32755,7.32901,1.00,1.49
2014.10.28 16:39:30.525,7.32755,7.32901,1.00,1.49
2014.10.28 16:39:31.761,7.32755,7.32901,1.00,1.49
2014.10.28 16:39:32.913,7.32755,7.32901,1.00,1.49
2014.10.28 16:39:34.217,7.32755,7.32901,1.00,1.49
2014.10.28 16:39:36.874,7.32743,7.32868,1.00,1.30
2014.10.28 16:39:37.127,7.32715,7.32868,1.00,1.30
2014.10.28 16:39:37.296,7.32715,7.32835,1.00,1.30
2014.10.28 16:39:37.347,7.32704,7.32835,1.00,1.30
2014.10.28 16:39:43.835,7.32684,7.32835,1.00,1.30
2014.10.28 16:39:43.937,7.32676,7.32835,1.00,1.30
2014.10.28 16:39:43.988,7.32676,7.32808,1.00,1.30
2014.10.28 16:39:44.291,7.32695,7.32808,1.00,1.30
2014.10.28 16:39:47.755,7.32702,7.32808,1.00,1.30
2014.10.28 16:39:53.365,7.32698,7.32808,1.00,1.30
2014.10.28 16:39:59.778,7.32704,7.32808,1.00,1.30
2014.10.28 16:40:00.511,7.32704,7.32827,1.00,1.30
2014.10.28 16:40:00.562,7.32704,7.32835,1.00,1.30
2014.10.28 16:40:02.276,7.32705,7.32835,1.00,1.30
2014.10.28 16:40:02.808,7.32704,7.32835,1.00,1.30
2014.10.28 16:40:02.960,7.32709,7.32835,1.00,1.30
2014.10.28 16:40:09.028,7.32721,7.32835,1.00,1.30
2014.10.28 16:40:09.331,7.32727,7.32835,1.00,1.30
2014.10.28 16:40:13.307,7.32721,7.32835,1.00,1.30
2014.10.28 16:40:13.408,7.32705,7.32835,1.00,1.30
2014.10.28 16:40:31.040,7.32727,7.32835,1.00,1.30
2014.10.28 16:40:31.427,7.32736,7.32835,1.00,1.30
2014.10.28 16:40:32.898,7.32742,7.32835,1.00,1.30
2014.10.28 16:40:33.203,7.32765,7.32835,1.00,1.30
2014.10.28 16:40:33.343,7.32759,7.32835,1.00,1.30
2014.10.28 16:40:33.886,7.32765,7.32835,1.00,1.30
2014.10.28 16:40:34.528,7.32759,7.32835,1.00,1.30
2014.10.28 16:41:00.584,7.32759,7.32914,1.00,1.19
2014.10.28 16:41:01.148,7.32759,7.32927,1.00,1.19
2014.10.28 16:41:04.163,7.32759,7.32927,1.00,1.19
2014.10.28 16:41:05.285,7.32759,7.32927,1.00,1.19
2014.10.28 16:41:06.280,7.32759,7.32927,1.00,1.19
2014.10.28 16:41:06.636,7.32765,7.32928,1.00,1.19
2014.10.28 16:41:06.948,7.32794,7.32928,1.00,1.19
2014.10.28 16:41:07.215,7.3279,7.32928,1.00,1.19
2014.10.28 16:41:07.615,7.32795,7.32928,1.00,1.19
2014.10.28 16:41:07.670,7.32795,7.32956,1.00,1.00
2014.10.28 16:41:08.297,7.32795,7.32967,1.00,1.19
2014.10.28 16:41:08.974,7.32795,7.32967,1.00,1.19
2014.10.28 16:41:09.477,7.32795,7.32957,1.00,1.00
2014.10.28 16:41:11.313,7.32795,7.32871,1.00,1.30
2014.10.28 16:41:11.601,7.32795,7.32885,1.00,1.30
2014.10.28 16:41:12.082,7.32795,7.32913,1.00,1.30
2014.10.28 16:41:26.453,7.3279,7.32913,1.00,1.30
2014.10.28 16:41:26.864,7.32795,7.32914,1.00,1.30
2014.10.28 16:41:28.867,7.3279,7.32914,1.00,1.30
2014.10.28 16:41:33.693,7.32795,7.32914,1.00,1.30
2014.10.28 16:41:34.124,7.3279,7.32914,1.00,1.30
2014.10.28 16:41:36.323,7.3279,7.32944,1.00,1.49
2014.10.28 16:41:36.374,7.32795,7.32944,1.00,1.30
2014.10.28 16:41:36.678,7.32841,7.32972,1.00,1.30
2014.10.28 16:41:36.780,7.3283,7.32972,1.00,1.30
2014.10.28 16:41:37.016,7.32818,7.32972,1.00,1.30
2014.10.28 16:41:40.029,7.32818,7.32972,1.00,1.49
2014.10.28 16:41:41.132,7.32818,7.32971,1.00,1.19
2014.10.28 16:41:41.447,7.32824,7.32971,1.00,1.19
2014.10.28 16:41:41.807,7.32836,7.32971,1.00,1.19
2014.10.28 16:41:42.437,7.32836,7.32972,1.00,1.30
2014.10.28 16:41:47.884,7.32842,7.32972,1.00,1.30
2014.10.28 16:41:49.995,7.32836,7.32972,1.00,1.30
2014.10.28 16:41:50.097,7.32824,7.32972,1.00,1.30
2014.10.28 16:41:53.850,7.32836,7.32972,1.00,1.30
2014.10.28 16:41:56.365,7.32844,7.32991,1.30,1.19
2014.10.28 16:41:56.756,7.32836,7.3298,1.00,1.49
2014.10.28 16:41:56.807,7.32831,7.32971,1.00,1.19
2014.10.28 16:41:56.909,7.32819,7.32971,1.00,1.19
2014.10.28 16:41:58.117,7.32819,7.32976,1.00,1.19
2014.10.28 16:41:59.196,7.32819,7.32976,1.00,1.19
2014.10.28 16:42:01.303,7.32819,7.32976,1.00,1.19
2014.10.28 16:42:02.335,7.32819,7.32977,1.00,1.19
2014.10.28 16:42:03.407,7.32819,7.32977,1.00,1.19
2014.10.28 16:42:04.409,7.32819,7.32977,1.00,1.19
2014.10.28 16:42:05.510,7.32819,7.32974,1.00,1.19
2014.10.28 16:42:06.549,7.32819,7.32973,1.00,1.19
2014.10.28 16:42:08.618,7.32819,7.32971,1.00,1.19
2014.10.28 16:42:09.729,7.32819,7.3297,1.00,1.19
2014.10.28 16:42:11.927,7.32819,7.32977,1.00,1.19
2014.10.28 16:42:14.533,7.32819,7.32977,1.00,1.19
2014.10.28 16:42:14.787,7.32818,7.32957,1.00,1.00
2014.10.28 16:42:14.838,7.32813,7.32957,1.00,1.00
2014.10.28 16:42:14.889,7.32813,7.32947,1.00,1.00
2014.10.28 16:42:15.204,7.32807,7.32937,1.00,1.00
2014.10.28 16:42:15.508,7.3279,7.32917,1.00,1.00
2014.10.28 16:42:15.971,7.32779,7.32917,1.30,1.00
2014.10.28 16:42:18.299,7.32772,7.32914,1.00,1.30
2014.10.28 16:42:18.350,7.32767,7.32914,1.00,1.30
2014.10.28 16:42:18.896,7.32772,7.32914,1.00,1.30
2014.10.28 16:42:20.188,7.32777,7.32917,1.30,1.00
2014.10.28 16:42:20.239,7.32777,7.32933,1.30,1.49
2014.10.28 16:42:20.290,7.32777,7.32937,1.30,1.00
2014.10.28 16:42:20.341,7.32801,7.32937,1.00,1.00
2014.10.28 16:42:20.392,7.32801,7.32945,1.00,1.30
2014.10.28 16:42:20.595,7.32808,7.32945,1.00,1.30
2014.10.28 16:42:20.775,7.32801,7.32945,1.00,1.30
2014.10.28 16:42:22.546,7.32801,7.32937,1.00,1.00
2014.10.28 16:42:23.093,7.32801,7.32927,1.00,1.00
2014.10.28 16:42:23.868,7.32793,7.32926,1.00,1.00
2014.10.28 16:42:24.121,7.32793,7.32916,1.00,1.00
2014.10.28 16:42:25.073,7.32793,7.32907,1.00,1.00
2014.10.28 16:42:25.721,7.32782,7.32907,1.00,1.00
2014.10.28 16:42:26.634,7.32782,7.32896,1.00,1.00
2014.10.28 16:42:26.837,7.32777,7.32896,1.00,1.00
2014.10.28 16:42:26.888,7.32777,7.32877,1.00,1.00
2014.10.28 16:42:26.939,7.3277,7.32877,1.00,1.00
2014.10.28 16:42:27.616,7.32765,7.32877,1.00,1.00
2014.10.28 16:42:28.506,7.32765,7.32857,1.00,1.00
2014.10.28 16:42:28.608,7.32753,7.32846,1.00,1.00
2014.10.28 16:42:28.811,7.32745,7.32846,1.30,1.00
2014.10.28 16:42:29.184,7.32746,7.32904,1.00,1.19
2014.10.28 16:42:29.828,7.32746,7.32899,1.00,1.19
2014.10.28 16:42:30.384,7.32745,7.32877,1.30,1.00
2014.10.28 16:42:30.535,7.32714,7.32877,1.30,1.19
2014.10.28 16:42:30.586,7.32724,7.32877,1.00,1.19
2014.10.28 16:42:30.891,7.32742,7.32877,1.00,1.00
2014.10.28 16:42:32.799,7.32742,7.32882,1.00,1.30
2014.10.28 16:42:33.001,7.32753,7.32882,1.00,1.30
2014.10.28 16:42:33.052,7.32753,7.32897,1.00,1.19
2014.10.28 16:42:33.204,7.32764,7.32897,1.00,1.00
2014.10.28 16:42:33.305,7.3276,7.32897,1.00,1.00
2014.10.28 16:42:33.440,7.32762,7.32897,1.00,1.00
2014.10.28 16:42:38.313,7.32762,7.32897,1.00,1.19
2014.10.28 16:42:38.364,7.32746,7.32897,1.30,1.19
2014.10.28 16:42:38.617,7.32754,7.32914,1.19,1.49
2014.10.28 16:42:40.583,7.32759,7.32907,1.19,1.00
2014.10.28 16:42:42.623,7.32759,7.32907,1.25,1.00
2014.10.28 16:42:42.867,7.32759,7.32906,1.00,1.19
2014.10.28 16:42:42.918,7.32746,7.32906,1.30,1.19
2014.10.28 16:42:43.127,7.3275,7.32914,1.19,1.30
2014.10.28 16:42:43.229,7.32762,7.32914,1.00,1.30
2014.10.28 16:42:44.052,7.32777,7.32937,1.30,1.19
2014.10.28 16:42:44.204,7.32779,7.32937,1.00,1.19
2014.10.28 16:42:44.632,7.32791,7.32937,1.00,1.19
2014.10.28 16:42:44.985,7.32791,7.32927,1.00,1.00
2014.10.28 16:42:45.536,7.32791,7.32944,1.00,1.49
2014.10.28 16:42:45.740,7.32796,7.32937,1.00,1.00
2014.10.28 16:42:47.006,7.32796,7.32944,1.00,1.30
2014.10.28 16:42:47.186,7.32796,7.32937,1.00,1.00
2014.10.28 16:42:47.445,7.32805,7.32947,1.30,1.25
2014.10.28 16:42:47.714,7.32808,7.32957,1.00,1.19
2014.10.28 16:42:48.045,7.32805,7.32957,1.30,1.19
2014.10.28 16:42:48.730,7.32805,7.32937,1.30,1.00
2014.10.28 16:42:49.084,7.32805,7.32947,1.30,1.00
2014.10.28 16:42:49.185,7.32805,7.32937,1.30,1.00
2014.10.28 16:42:52.353,7.32805,7.32965,1.30,1.19
2014.10.28 16:42:53.764,7.32805,7.32957,1.30,1.19
2014.10.28 16:42:54.968,7.32805,7.32956,1.30,1.19
2014.10.28 16:42:56.897,7.32805,7.32967,1.30,1.19
2014.10.28 16:43:00.983,7.32805,7.32967,1.30,1.19
2014.10.28 16:43:02.085,7.32805,7.32966,1.30,1.19
2014.10.28 16:43:02.708,7.32794,7.32923,1.00,1.19
2014.10.28 16:43:02.809,7.32788,7.32923,1.00,1.19
2014.10.28 16:43:02.911,7.32774,7.32923,1.30,1.19
2014.10.28 16:43:03.828,7.32774,7.32924,1.30,1.19
2014.10.28 16:43:04.814,7.32774,7.32919,1.30,1.19
2014.10.28 16:43:05.810,7.32774,7.32917,1.30,1.19
2014.10.28 16:43:06.851,7.32774,7.32919,1.30,1.19
2014.10.28 16:43:07.805,7.32774,7.32918,1.30,1.19
2014.10.28 16:43:09.008,7.32774,7.3293,1.30,1.19
2014.10.28 16:43:10.312,7.32774,7.32924,1.30,1.19
2014.10.28 16:43:11.424,7.32774,7.32923,1.30,1.19
2014.10.28 16:43:13.621,7.32774,7.32924,1.30,1.19
2014.10.28 16:43:14.624,7.32774,7.32917,1.30,1.19
2014.10.28 16:43:15.928,7.32774,7.32917,1.30,1.69
2014.10.28 16:43:17.243,7.32759,7.32914,1.00,1.49
2014.10.28 16:43:18.235,7.32759,7.32914,1.00,1.49
2014.10.28 16:43:19.684,7.32759,7.32914,1.00,1.49
2014.10.28 16:43:20.302,7.32747,7.32907,1.30,1.19
2014.10.28 16:43:20.654,7.32747,7.32902,1.30,1.19
2014.10.28 16:43:22.047,7.32747,7.32901,1.30,1.19
2014.10.28 16:43:24.051,7.32747,7.32899,1.30,1.19
2014.10.28 16:43:25.466,7.32714,7.32882,1.30,1.30
2014.10.28 16:43:26.026,7.3272,7.32882,1.00,1.30
2014.10.28 16:43:26.340,7.32732,7.32882,1.00,1.30
2014.10.28 16:43:32.515,7.32743,7.32882,1.00,1.30
2014.10.28 16:43:33.524,7.32743,7.32904,1.00,1.19
2014.10.28 16:43:33.678,7.32743,7.3291,1.00,1.30
2014.10.28 16:43:34.228,7.32743,7.3287,1.00,1.30
2014.10.28 16:43:36.112,7.32755,7.3287,1.00,1.30
2014.10.28 16:43:36.822,7.32743,7.3287,1.00,1.30
2014.10.28 16:43:40.223,7.32738,7.3287,1.00,1.30
2014.10.28 16:43:42.272,7.32749,7.3287,1.00,1.30
2014.10.28 16:43:44.056,7.32755,7.3287,1.00,1.30
2014.10.28 16:43:44.107,7.32755,7.3289,1.00,1.30
2014.10.28 16:43:44.209,7.32755,7.32898,1.00,1.30
2014.10.28 16:43:44.260,7.32766,7.32898,1.00,1.30
2014.10.28 16:43:44.564,7.32794,7.32898,1.00,1.30
2014.10.28 16:43:45.436,7.32794,7.32918,1.00,1.30
2014.10.28 16:43:45.537,7.32794,7.32927,1.00,1.30
2014.10.28 16:43:45.588,7.32799,7.32927,1.00,1.30
2014.10.28 16:43:48.011,7.32805,7.32927,1.00,1.30
2014.10.28 16:43:48.652,7.32811,7.32927,1.00,1.30
2014.10.28 16:43:54.085,7.32805,7.32927,1.00,1.30
2014.10.28 16:44:03.172,7.32811,7.32927,1.00,1.30
2014.10.28 16:44:04.297,7.32804,7.32927,1.00,1.30
2014.10.28 16:44:04.492,7.32811,7.32927,1.00,1.30
2014.10.28 16:44:05.585,7.32811,7.32941,1.00,1.30
2014.10.28 16:44:05.702,7.32816,7.32941,1.00,1.30
2014.10.28 16:44:05.955,7.32807,7.32941,1.00,1.30
2014.10.28 16:44:06.363,7.32811,7.32941,1.00,1.30
2014.10.28 16:44:07.131,7.32807,7.32941,1.00,1.30
2014.10.28 16:44:07.461,7.32811,7.32941,1.00,1.30
2014.10.28 16:44:11.206,7.32807,7.32941,1.00,1.30
2014.10.28 16:44:11.442,7.32811,7.32941,1.00,1.30
2014.10.28 16:44:12.741,7.32808,7.32941,1.00,1.30
2014.10.28 16:44:12.961,7.32811,7.32941,1.00,1.30
2014.10.28 16:44:15.539,7.32805,7.32941,1.00,1.30
2014.10.28 16:44:15.602,7.32799,7.32941,1.00,1.30
2014.10.28 16:44:16.723,7.32795,7.32941,1.00,1.30
2014.10.28 16:44:18.021,7.32799,7.32941,1.00,1.30
2014.10.28 16:44:20.001,7.32805,7.32941,1.00,1.30
2014.10.28 16:44:20.771,7.328,7.32941,1.00,1.30
2014.10.28 16:44:24.047,7.328,7.3291,1.00,1.30
2014.10.28 16:44:24.098,7.32794,7.3291,1.00,1.30
2014.10.28 16:44:24.199,7.32783,7.3291,1.00,1.30
2014.10.28 16:44:24.309,7.32771,7.3291,1.00,1.30
2014.10.28 16:44:24.882,7.32784,7.3291,1.00,1.30
2014.10.28 16:44:25.924,7.32803,7.3291,1.50,1.30
2014.10.28 16:44:26.230,7.32817,7.3291,1.00,1.30
2014.10.28 16:44:26.382,7.32837,7.32948,1.00,1.30
2014.10.28 16:44:29.042,7.3284,7.32948,1.00,1.30
2014.10.28 16:44:29.340,7.3284,7.32969,1.00,1.30
2014.10.28 16:44:29.391,7.3284,7.32977,1.00,1.30
2014.10.28 16:44:29.831,7.32821,7.32977,1.00,1.30
2014.10.28 16:44:30.033,7.32819,7.32977,1.00,1.30
2014.10.28 16:44:34.791,7.32813,7.32977,1.00,1.16
2014.10.28 16:44:34.842,7.32813,7.32977,1.00,1.49
2014.10.28 16:44:35.849,7.32813,7.32973,1.00,1.19
2014.10.28 16:44:36.172,7.32802,7.32947,1.00,1.30
2014.10.28 16:44:36.508,7.32814,7.32947,1.00,1.30
2014.10.28 16:44:36.871,7.32816,7.32947,1.00,1.30
2014.10.28 16:44:37.432,7.3281,7.32947,1.00,1.30
2014.10.28 16:44:38.851,7.32813,7.32947,1.00,1.30
2014.10.28 16:44:39.275,7.32821,7.32947,1.00,1.30
2014.10.28 16:44:39.570,7.32821,7.32975,1.00,1.16
2014.10.28 16:44:39.621,7.32833,7.32975,1.00,1.16
2014.10.28 16:44:40.035,7.32831,7.32975,1.00,1.30
2014.10.28 16:44:40.709,7.32836,7.32975,1.00,1.30
2014.10.28 16:44:52.249,7.32842,7.32975,1.00,1.30
2014.10.28 16:44:55.669,7.32844,7.32975,1.00,1.30
2014.10.28 16:44:59.515,7.32844,7.32987,1.00,1.30
2014.10.28 16:45:02.166,7.32842,7.32987,1.00,1.30
2014.10.28 16:45:02.912,7.32849,7.32987,1.00,1.30
2014.10.28 16:45:03.947,7.32838,7.32987,1.00,1.30
2014.10.28 16:45:03.998,7.32838,7.32977,1.00,1.30
2014.10.28 16:45:04.236,7.32816,7.32957,1.00,1.30
2014.10.28 16:45:04.388,7.32827,7.32957,1.00,1.30
2014.10.28 16:45:04.947,7.32828,7.32957,1.00,1.30
2014.10.28 16:45:07.751,7.32827,7.32957,1.00,1.30
2014.10.28 16:45:09.071,7.32811,7.32957,1.00,1.30
2014.10.28 16:45:09.223,7.32804,7.32957,1.00,1.30
2014.10.28 16:45:23.743,7.32804,7.32957,1.00,1.49
2014.10.28 16:45:24.312,7.32804,7.32938,1.00,1.30
2014.10.28 16:45:30.311,7.32797,7.32938,1.00,1.30
2014.10.28 16:45:30.412,7.32803,7.32938,1.00,1.30
2014.10.28 16:45:33.931,7.32813,7.32938,1.00,1.30
2014.10.28 16:45:34.041,7.32803,7.32938,1.00,1.30
2014.10.28 16:45:44.598,7.32803,7.32952,1.00,1.30
2014.10.28 16:45:52.123,7.32803,7.32952,1.00,1.49
2014.10.28 16:45:53.141,7.32803,7.32952,1.00,1.30
2014.10.28 16:45:56.567,7.32803,7.32952,1.00,1.49
2014.10.28 16:45:57.634,7.32803,7.32952,1.00,1.49
2014.10.28 16:45:59.132,7.32803,7.32952,1.00,1.49
2014.10.28 16:46:00.135,7.32803,7.32952,1.00,1.30
2014.10.28 16:46:03.343,7.32803,7.32952,1.00,1.49
2014.10.28 16:46:04.648,7.32803,7.32952,1.00,1.49
2014.10.28 16:46:07.821,7.32797,7.32947,1.00,1.30
2014.10.28 16:46:13.242,7.32804,7.32947,1.00,1.30
2014.10.28 16:46:25.161,7.32804,7.32952,1.00,1.49
2014.10.28 16:46:25.790,7.32804,7.32952,1.00,1.16
2014.10.28 16:46:30.921,7.32807,7.32952,1.00,1.30
2014.10.28 16:46:31.225,7.32816,7.32952,1.00,1.30
2014.10.28 16:46:31.491,7.32809,7.32952,1.00,1.30
2014.10.28 16:46:36.652,7.32811,7.32952,1.00,1.30
2014.10.28 16:46:45.196,7.32811,7.32964,1.00,1.30
2014.10.28 16:46:45.319,7.32816,7.32964,1.00,1.30
2014.10.28 16:46:46.761,7.32822,7.32964,1.19,1.30
2014.10.28 16:46:46.913,7.32834,7.32984,1.25,1.30
2014.10.28 16:46:46.964,7.32834,7.32993,1.25,1.30
2014.10.28 16:46:47.015,7.32857,7.32993,1.00,1.30
2014.10.28 16:46:47.268,7.3288,7.33024,1.00,1.30
2014.10.28 16:46:47.420,7.32892,7.33024,1.00,1.30
2014.10.28 16:46:47.867,7.32897,7.33024,1.00,1.30
2014.10.28 16:46:48.730,7.32901,7.33024,1.00,1.30
2014.10.28 16:46:50.503,7.32896,7.33024,1.00,1.30
2014.10.28 16:46:50.605,7.32884,7.33024,1.00,1.30
2014.10.28 16:46:52.041,7.32891,7.33024,1.00,1.30
2014.10.28 16:46:55.590,7.32874,7.33024,1.00,1.30
2014.10.28 16:46:55.793,7.32866,7.33024,1.00,1.30
2014.10.28 16:46:55.894,7.3288,7.33024,1.00,1.30
2014.10.28 16:46:56.243,7.32888,7.33024,1.00,1.30
2014.10.28 16:46:59.877,7.32875,7.33024,1.00,1.30
2014.10.28 16:46:59.978,7.32866,7.33024,1.19,1.30
2014.10.28 16:47:00.187,7.32884,7.33024,1.00,1.30
2014.10.28 16:47:01.709,7.32878,7.33024,1.00,1.30
2014.10.28 16:47:02.533,7.32873,7.32983,1.00,1.30
2014.10.28 16:47:02.635,7.32851,7.32983,1.19,1.30
2014.10.28 16:47:03.710,7.32851,7.32983,1.00,1.30
2014.10.28 16:47:04.239,7.32832,7.32983,1.00,1.30
2014.10.28 16:47:04.590,7.32817,7.32983,1.00,1.30
2014.10.28 16:47:04.691,7.32815,7.32983,1.16,1.30
2014.10.28 16:47:11.629,7.32815,7.32983,1.49,1.30
2014.10.28 16:47:14.169,7.32815,7.32983,1.49,1.30
2014.10.28 16:47:15.170,7.32815,7.32983,1.91,1.30
2014.10.28 16:47:17.153,7.3284,7.32983,1.19,1.30
2014.10.28 16:47:17.457,7.32859,7.32983,1.19,1.30
2014.10.28 16:47:18.357,7.32852,7.32983,1.00,1.30
2014.10.28 16:47:19.555,7.32852,7.32983,1.19,1.30
2014.10.28 16:47:20.081,7.32858,7.32983,1.00,1.30
2014.10.28 16:47:20.559,7.32858,7.32983,1.19,1.30
2014.10.28 16:47:21.690,7.32858,7.32983,1.19,1.30
2014.10.28 16:47:22.560,7.32864,7.33003,1.25,1.30
2014.10.28 16:47:23.103,7.32864,7.33004,1.25,1.30
2014.10.28 16:47:23.669,7.32864,7.33004,1.19,1.30
2014.10.28 16:47:24.973,7.32864,7.33004,1.25,1.30
2014.10.28 16:47:27.063,7.32864,7.33004,1.19,1.30
2014.10.28 16:47:27.114,7.32867,7.33024,1.30,1.67
2014.10.28 16:47:27.165,7.32883,7.33035,1.00,1.30
2014.10.28 16:47:27.471,7.32894,7.33035,1.00,1.30
2014.10.28 16:47:30.889,7.32905,7.33055,1.00,1.30
2014.10.28 16:47:30.940,7.32915,7.33063,1.19,1.30
2014.10.28 16:47:31.998,7.32908,7.33063,1.19,1.30
2014.10.28 16:47:35.105,7.32911,7.33063,1.19,1.30
2014.10.28 16:47:36.910,7.32907,7.33063,1.19,1.30
2014.10.28 16:47:38.616,7.32909,7.33063,1.19,1.30
2014.10.28 16:47:39.819,7.32914,7.33063,1.19,1.30
2014.10.28 16:47:40.921,7.32913,7.33063,1.19,1.30
2014.10.28 16:47:43.126,7.32914,7.33063,1.19,1.30
2014.10.28 16:47:45.533,7.32921,7.33063,1.19,1.30
2014.10.28 16:47:46.642,7.32921,7.33063,1.19,1.30
2014.10.28 16:47:49.643,7.32921,7.33063,1.19,1.30
2014.10.28 16:47:50.650,7.32915,7.33063,1.19,1.30
2014.10.28 16:47:51.033,7.3291,7.3306,1.19,1.30
2014.10.28 16:47:53.154,7.32912,7.3306,1.19,1.30
2014.10.28 16:47:54.158,7.32908,7.3306,1.19,1.30
2014.10.28 16:47:54.790,7.32928,7.3306,1.19,1.30
2014.10.28 16:47:54.942,7.32938,7.33098,1.25,1.30
2014.10.28 16:47:55.766,7.32948,7.33098,1.19,1.30
2014.10.28 16:47:57.017,7.3295,7.33098,1.19,1.30
2014.10.28 16:47:58.076,7.32948,7.33098,1.19,1.30
2014.10.28 16:47:59.883,7.32949,7.33098,1.19,1.30
2014.10.28 16:48:00.922,7.3295,7.33098,1.19,1.30
2014.10.28 16:48:02.113,7.3295,7.33098,1.19,1.30
2014.10.28 16:48:03.293,7.32953,7.33098,1.19,1.30
2014.10.28 16:48:04.697,7.32961,7.33098,1.19,1.30
2014.10.28 16:48:06.127,7.32964,7.33098,1.19,1.30
2014.10.28 16:48:08.507,7.32965,7.33098,1.19,1.30
2014.10.28 16:48:09.762,7.32969,7.33098,1.19,1.30
2014.10.28 16:48:10.814,7.32969,7.33098,1.19,1.30
2014.10.28 16:48:11.203,7.32973,7.33131,1.19,1.30
2014.10.28 16:48:11.254,7.32996,7.33131,1.19,1.30
2014.10.28 16:48:11.406,7.33021,7.33151,1.00,1.30
2014.10.28 16:48:11.457,7.33045,7.33175,1.00,1.30
2014.10.28 16:48:11.760,7.33056,7.33195,1.19,1.30
2014.10.28 16:48:11.814,7.33056,7.33203,1.19,1.30
2014.10.28 16:48:12.597,7.33076,7.33203,1.19,1.30
2014.10.28 16:48:13.602,7.33071,7.33203,1.19,1.30
2014.10.28 16:48:14.732,7.33035,7.33203,1.72,1.30
2014.10.28 16:48:14.834,7.33038,7.33203,1.19,1.30
2014.10.28 16:48:16.129,7.33035,7.33203,1.91,1.20
2014.10.28 16:48:16.394,7.33035,7.33203,1.49,1.95
2014.10.28 16:48:16.647,7.33012,7.33175,1.19,1.20
2014.10.28 16:48:17.620,7.33012,7.33175,1.19,1.20
2014.10.28 16:48:18.159,7.33024,7.33175,1.00,1.20
2014.10.28 16:48:18.311,7.33037,7.33205,1.30,1.57
2014.10.28 16:48:22.377,7.33037,7.33205,1.30,1.20
2014.10.28 16:48:22.580,7.33042,7.33205,1.00,1.20
2014.10.28 16:48:22.898,7.33037,7.33205,1.30,1.20
2014.10.28 16:48:24.343,7.33039,7.33205,1.19,1.20
2014.10.28 16:48:26.348,7.33038,7.33205,1.19,1.20
2014.10.28 16:48:27.352,7.33037,7.33205,1.49,1.20
2014.10.28 16:48:28.390,7.33047,7.33205,1.19,1.20
2014.10.28 16:48:28.778,7.33062,7.33205,1.19,1.20
2014.10.28 16:48:29.871,7.33058,7.33205,1.19,1.20
2014.10.28 16:48:30.294,7.33041,7.33205,1.00,1.20
2014.10.28 16:48:30.396,7.33041,7.33174,1.00,1.20
2014.10.28 16:48:30.497,7.3303,7.33174,1.19,1.20
2014.10.28 16:48:31.469,7.33029,7.33174,1.00,1.20
2014.10.28 16:48:33.038,7.33018,7.33174,1.19,1.20
2014.10.28 16:48:33.726,7.33006,7.33145,1.00,1.20
2014.10.28 16:48:33.828,7.33001,7.33145,1.00,1.20
2014.10.28 16:48:34.110,7.33006,7.33145,1.00,1.20
2014.10.28 16:48:34.982,7.33006,7.33145,1.19,1.20
2014.10.28 16:48:36.936,7.33002,7.33109,1.00,1.20
2014.10.28 16:48:36.987,7.32966,7.33109,1.00,1.20
2014.10.28 16:48:37.619,7.3296,7.33109,1.19,1.20
2014.10.28 16:48:38.101,7.32963,7.33109,1.19,1.20
2014.10.28 16:48:39.432,7.32962,7.33109,1.19,1.20
2014.10.28 16:48:41.139,7.32974,7.33109,1.19,1.20
2014.10.28 16:48:42.608,7.32975,7.33109,1.00,1.20
2014.10.28 16:48:42.687,7.32971,7.33109,1.19,1.20
2014.10.28 16:48:43.628,7.32971,7.33109,1.19,1.20
2014.10.28 16:48:44.833,7.32976,7.33109,1.19,1.20
2014.10.28 16:48:47.022,7.32978,7.33109,1.19,1.20
2014.10.28 16:48:48.238,7.32978,7.33109,1.19,1.20
2014.10.28 16:48:48.864,7.32958,7.33109,1.69,1.20
2014.10.28 16:48:49.870,7.32961,7.33109,1.19,1.20
2014.10.28 16:48:50.278,7.32969,7.33137,1.49,1.39
2014.10.28 16:48:50.380,7.32974,7.33137,1.19,1.20
2014.10.28 16:48:51.444,7.3298,7.33137,1.19,1.20
2014.10.28 16:48:52.546,7.32985,7.33137,1.00,1.20
2014.10.28 16:48:55.061,7.32985,7.33137,1.19,1.20
2014.10.28 16:48:56.155,7.32985,7.33137,1.19,1.20
2014.10.28 16:48:57.722,7.32985,7.33137,1.19,1.20
2014.10.28 16:48:58.663,7.32985,7.33137,1.19,1.20
2014.10.28 16:48:59.798,7.32985,7.33137,1.19,1.20
2014.10.28 16:49:00.769,7.32985,7.33137,1.19,1.20
2014.10.28 16:49:01.872,7.32985,7.33137,1.19,1.20
2014.10.28 16:49:05.380,7.32985,7.33137,1.19,1.20
2014.10.28 16:49:08.992,7.32985,7.33137,1.19,1.20
2014.10.28 16:49:10.260,7.32985,7.33142,1.19,1.20
2014.10.28 16:49:11.097,7.32985,7.33142,1.19,1.20
2014.10.28 16:49:12.400,7.32985,7.33142,1.00,1.20
2014.10.28 16:49:13.416,7.33005,7.33142,1.00,1.20
2014.10.28 16:49:13.568,7.33019,7.33162,1.00,1.20
2014.10.28 16:49:13.619,7.33017,7.3317,1.00,1.20
2014.10.28 16:49:17.897,7.33013,7.3317,1.00,1.30
2014.10.28 16:49:20.821,7.33031,7.3317,1.19,1.30
2014.10.28 16:49:20.922,7.33031,7.3319,1.91,1.30
2014.10.28 16:49:20.973,7.33031,7.33196,1.91,1.30
2014.10.28 16:49:21.238,7.33031,7.33196,1.30,1.30
2014.10.28 16:49:22.324,7.33031,7.33196,1.49,1.30
2014.10.28 16:49:23.427,7.33031,7.33196,1.49,1.30
2014.10.28 16:49:26.433,7.33031,7.33196,1.91,1.30
2014.10.28 16:49:27.837,7.33033,7.33196,1.19,1.30
2014.10.28 16:49:29.840,7.33033,7.33196,1.19,1.30
2014.10.28 16:49:31.143,7.33035,7.33196,1.19,1.30
2014.10.28 16:49:32.664,7.33039,7.33196,1.19,1.30
2014.10.28 16:49:37.049,7.33062,7.33196,1.00,1.30
2014.10.28 16:49:37.353,7.33083,7.33196,1.50,1.30
2014.10.28 16:49:37.717,7.33073,7.33196,1.50,1.30
2014.10.28 16:49:40.114,7.33073,7.33224,1.50,1.30
2014.10.28 16:49:40.647,7.33093,7.33224,1.50,1.30
2014.10.28 16:49:51.647,7.33093,7.33259,1.50,1.30
2014.10.28 16:49:51.698,7.33099,7.33259,1.00,1.30
2014.10.28 16:49:52.071,7.33103,7.33259,1.00,1.30
2014.10.28 16:49:53.001,7.33099,7.33259,1.00,1.30
2014.10.28 16:49:53.102,7.33091,7.33259,1.30,1.30
2014.10.28 16:49:53.203,7.33091,7.33251,1.30,1.30
2014.10.28 16:49:53.509,7.33054,7.33201,1.00,1.30
2014.10.28 16:49:53.908,7.3305,7.33201,1.00,1.30
2014.10.28 16:49:54.295,7.33044,7.33201,1.50,1.30
2014.10.28 16:49:54.397,7.33044,7.33193,1.50,1.30
2014.10.28 16:49:54.814,7.33029,7.33172,1.00,1.30
2014.10.28 16:49:55.145,7.33033,7.33172,1.00,1.30
2014.10.28 16:49:57.252,7.33038,7.33172,1.50,1.30
2014.10.28 16:50:14.493,7.33038,7.33191,1.50,1.30
2014.10.28 16:50:14.645,7.33038,7.33191,1.69,1.30
2014.10.28 16:50:14.951,7.33053,7.33191,1.00,1.30
2014.10.28 16:50:17.315,7.33043,7.33183,1.50,1.19
2014.10.28 16:50:17.619,7.32994,7.3314,1.30,1.19
2014.10.28 16:50:17.720,7.32964,7.3313,1.30,1.49
2014.10.28 16:50:17.771,7.32964,7.33124,1.30,1.00
2014.10.28 16:50:18.253,7.32931,7.33093,1.69,1.30
2014.10.28 16:50:18.825,7.32931,7.33093,1.19,1.30
2014.10.28 16:50:18.927,7.32937,7.33093,1.00,1.30
2014.10.28 16:50:18.978,7.32984,7.33093,1.00,1.30
2014.10.28 16:50:19.231,7.32996,7.33125,1.00,1.30
2014.10.28 16:50:19.283,7.33,7.33125,1.00,1.30
2014.10.28 16:50:20.087,7.33003,7.33125,1.00,1.30
2014.10.28 16:50:21.411,7.32997,7.33125,1.00,1.30
2014.10.28 16:50:21.478,7.33015,7.33125,1.00,1.30
2014.10.28 16:50:22.170,7.33027,7.33125,1.00,1.30
2014.10.28 16:50:22.507,7.33032,7.33145,1.00,1.30
2014.10.28 16:50:22.558,7.33032,7.33154,1.00,1.30
2014.10.28 16:50:22.609,7.33038,7.33154,1.00,1.30
2014.10.28 16:50:22.936,7.33056,7.33154,1.00,1.30
2014.10.28 16:50:23.915,7.33059,7.33154,1.00,1.30
2014.10.28 16:50:26.358,7.33061,7.33154,1.00,1.30
2014.10.28 16:50:26.631,7.33077,7.33174,1.00,1.30
2014.10.28 16:50:26.682,7.33077,7.33189,1.00,1.30
2014.10.28 16:50:26.783,7.33092,7.33189,1.00,1.30
2014.10.28 16:50:27.417,7.33097,7.33189,1.00,1.30
2014.10.28 16:50:27.789,7.33099,7.33189,1.00,1.30
2014.10.28 16:50:28.213,7.33107,7.33189,1.00,1.30
2014.10.28 16:50:28.314,7.33107,7.33209,1.00,1.30
2014.10.28 16:50:28.365,7.33107,7.33218,1.00,1.30
2014.10.28 16:50:28.957,7.33108,7.33218,1.00,1.30
2014.10.28 16:50:30.433,7.3311,7.33218,1.00,1.30
2014.10.28 16:50:31.126,7.33109,7.33218,1.00,1.30
2014.10.28 16:50:36.217,7.33113,7.33218,1.00,1.30
2014.10.28 16:50:37.794,7.3312,7.33218,1.00,1.30
2014.10.28 16:50:41.308,7.33123,7.33218,1.00,1.30
2014.10.28 16:50:43.580,7.33123,7.33247,1.00,1.30
2014.10.28 16:50:43.631,7.33128,7.33247,1.00,1.30
2014.10.28 16:50:44.180,7.33138,7.33247,1.00,1.30
2014.10.28 16:50:44.498,7.33144,7.33247,1.00,1.30
2014.10.28 16:50:45.370,7.33142,7.33247,1.00,1.30
2014.10.28 16:50:45.701,7.33144,7.33247,1.00,1.30
2014.10.28 16:50:46.927,7.33142,7.33247,1.00,1.30
2014.10.28 16:50:47.107,7.33144,7.33247,1.00,1.30
2014.10.28 16:50:52.827,7.33142,7.33247,1.00,1.30
2014.10.28 16:50:53.159,7.33144,7.33247,1.00,1.30
2014.10.28 16:51:00.893,7.33142,7.33247,1.00,1.30
2014.10.28 16:51:01.456,7.33144,7.33247,1.00,1.30
2014.10.28 16:51:01.846,7.33138,7.33247,1.00,1.30
2014.10.28 16:51:01.965,7.33103,7.33247,1.50,2.05
2014.10.28 16:51:02.016,7.33103,7.33215,1.50,1.30
2014.10.28 16:51:02.319,7.33093,7.33193,1.50,1.30
2014.10.28 16:51:02.422,7.33029,7.33193,1.00,1.49
2014.10.28 16:51:02.473,7.33029,7.33185,1.00,1.30
2014.10.28 16:51:02.817,7.3303,7.33164,1.00,1.30
2014.10.28 16:51:03.121,7.33032,7.33164,1.00,1.30
2014.10.28 16:51:03.637,7.33022,7.33164,1.00,1.30
2014.10.28 16:51:04.625,7.33025,7.33164,1.19,1.30
2014.10.28 16:51:05.930,7.33032,7.33164,1.19,1.30
2014.10.28 16:51:07.232,7.33031,7.33164,1.19,1.30
2014.10.28 16:51:08.176,7.33032,7.33164,1.19,1.30
2014.10.28 16:51:08.508,7.33076,7.33192,1.00,1.30
2014.10.28 16:51:08.559,7.33068,7.33192,1.19,1.30
2014.10.28 16:51:09.117,7.33077,7.33192,1.00,1.30
2014.10.28 16:51:09.450,7.33083,7.33192,1.00,1.30
2014.10.28 16:51:09.753,7.33085,7.33192,1.19,1.30
2014.10.28 16:51:10.748,7.33086,7.33192,1.00,1.30
2014.10.28 16:51:10.849,7.33086,7.33212,1.00,1.30
2014.10.28 16:51:10.900,7.33086,7.33221,1.00,1.30
2014.10.28 16:51:11.862,7.33122,7.33221,1.19,1.30
2014.10.28 16:51:12.064,7.33122,7.33252,1.19,1.30
2014.10.28 16:51:13.969,7.3315,7.33252,1.00,1.30
2014.10.28 16:51:14.070,7.33157,7.33281,1.00,1.30
2014.10.28 16:51:15.193,7.33161,7.33281,1.00,1.30
2014.10.28 16:51:17.578,7.3315,7.33281,1.19,1.30
2014.10.28 16:51:18.370,7.3315,7.33281,1.00,1.30
2014.10.28 16:51:22.449,7.33144,7.33281,1.00,1.30
2014.10.28 16:51:27.466,7.33147,7.33281,1.00,1.30
2014.10.28 16:51:28.566,7.33143,7.33281,1.00,1.30
2014.10.28 16:51:29.157,7.33145,7.33281,1.00,1.30
2014.10.28 16:51:29.447,7.33143,7.33281,1.00,1.30
2014.10.28 16:51:29.556,7.33146,7.33281,1.00,1.30
2014.10.28 16:51:31.693,7.33147,7.33281,1.00,1.30
2014.10.28 16:51:35.074,7.33124,7.33281,1.00,1.30
2014.10.28 16:51:35.175,7.33114,7.33281,3.41,1.30
2014.10.28 16:51:35.226,7.33114,7.3325,1.19,1.30
2014.10.28 16:51:36.255,7.33114,7.3325,1.00,1.30
2014.10.28 16:51:38.950,7.33112,7.3325,1.25,1.30
2014.10.28 16:51:43.116,7.3311,7.3325,1.00,1.30
2014.10.28 16:51:44.406,7.33108,7.3325,1.00,1.30
2014.10.28 16:51:46.353,7.33108,7.3325,1.19,1.30
2014.10.28 16:51:47.757,7.33108,7.3325,1.19,1.30
2014.10.28 16:51:51.369,7.33108,7.3325,1.19,1.30
2014.10.28 16:51:53.573,7.33108,7.3325,1.00,1.30
2014.10.28 16:51:55.393,7.33108,7.33255,1.25,1.30
2014.10.28 16:51:56.015,7.33108,7.33255,1.19,1.30
2014.10.28 16:51:56.883,7.33108,7.33255,1.19,1.30
2014.10.28 16:51:56.985,7.33107,7.33255,1.00,1.30
2014.10.28 16:51:57.187,7.33098,7.33255,1.00,1.30
2014.10.28 16:51:58.377,7.33098,7.33227,1.00,1.30
2014.10.28 16:51:58.428,7.33096,7.33227,1.00,1.30
2014.10.28 16:52:12.675,7.33092,7.33227,1.00,1.30
2014.10.28 16:52:13.605,7.3308,7.33227,1.00,1.30
2014.10.28 16:52:14.339,7.33075,7.33227,1.00,1.30
2014.10.28 16:52:14.390,7.33075,7.33186,1.00,1.30
2014.10.28 16:52:14.441,7.33057,7.33186,1.00,1.30
2014.10.28 16:52:14.593,7.3304,7.33186,1.00,1.30
2014.10.28 16:52:14.998,7.33029,7.33186,1.19,1.30
2014.10.28 16:52:15.444,7.33029,7.33186,1.00,1.30
2014.10.28 16:52:16.116,7.33023,7.33186,1.19,1.30
2014.10.28 16:52:16.384,7.33023,7.33153,1.19,1.30
2014.10.28 16:52:16.717,7.33017,7.33153,1.00,1.30
2014.10.28 16:52:18.945,7.33022,7.33153,1.00,1.30
2014.10.28 16:52:19.325,7.33025,7.33153,1.00,1.30
2014.10.28 16:52:25.775,7.33033,7.33153,1.00,1.30
2014.10.28 16:52:31.636,7.33062,7.33153,1.00,1.30
2014.10.28 16:52:31.737,7.33074,7.33209,1.00,1.30
2014.10.28 16:52:31.838,7.33083,7.33209,1.00,1.30
2014.10.28 16:52:32.142,7.33121,7.33209,1.00,1.30
2014.10.28 16:52:32.243,7.33121,7.33236,1.00,1.30
2014.10.28 16:52:32.294,7.33139,7.33236,1.00,1.30
2014.10.28 16:52:32.517,7.33143,7.33264,1.00,1.30
2014.10.28 16:52:33.032,7.33144,7.33264,1.00,1.30
2014.10.28 16:52:33.173,7.33142,7.33264,1.00,1.30
2014.10.28 16:52:40.284,7.33147,7.33264,1.00,1.30
2014.10.28 16:52:40.622,7.3316,7.33264,1.00,1.30
2014.10.28 16:52:45.018,7.33139,7.33264,1.00,1.30
2014.10.28 16:52:45.788,7.33128,7.33264,1.00,1.30
2014.10.28 16:52:45.941,7.33122,7.33264,1.00,1.30
2014.10.28 16:52:46.146,7.33111,7.33264,1.19,1.30
2014.10.28 16:52:46.588,7.33105,7.33232,1.19,1.30
2014.10.28 16:52:46.639,7.33103,7.33232,1.00,1.30
2014.10.28 16:52:46.690,7.33091,7.33232,1.00,1.30
2014.10.28 16:52:46.901,7.33093,7.33232,1.00,1.30
2014.10.28 16:52:47.684,7.33097,7.33232,1.00,1.30
2014.10.28 16:52:49.076,7.33097,7.33177,1.00,1.30
2014.10.28 16:52:49.127,7.33056,7.33177,1.00,1.30
2014.10.28 16:52:49.228,7.33031,7.33161,1.19,1.19
2014.10.28 16:52:49.617,7.33031,7.33146,1.19,1.30
2014.10.28 16:52:51.319,7.33014,7.33146,1.19,1.30
2014.10.28 16:52:51.632,7.33032,7.33146,1.19,1.30
2014.10.28 16:52:51.683,7.33032,7.33166,1.19,1.30
2014.10.28 16:52:51.734,7.3305,7.33186,1.00,1.30
2014.10.28 16:52:51.945,7.33055,7.33186,1.00,1.30
2014.10.28 16:52:53.563,7.33055,7.33186,1.75,1.30
2014.10.28 16:52:53.613,7.3306,7.33221,1.37,1.30
2014.10.28 16:52:53.716,7.331,7.33221,1.00,1.30
2014.10.28 16:52:54.027,7.33106,7.33221,1.00,1.30
2014.10.28 16:52:54.296,7.33112,7.3324,1.00,1.30
2014.10.28 16:52:54.347,7.33112,7.33251,1.00,1.30
2014.10.28 16:52:54.946,7.3311,7.33251,1.00,1.30
2014.10.28 16:52:55.136,7.33112,7.33251,1.00,1.30
2014.10.28 16:52:56.677,7.33117,7.33251,1.00,1.30
2014.10.28 16:52:56.981,7.33123,7.33251,1.00,1.30
2014.10.28 16:52:57.115,7.33119,7.33251,1.00,1.30
2014.10.28 16:52:59.687,7.33111,7.33251,1.00,1.30
2014.10.28 16:52:59.879,7.33105,7.33251,1.00,1.30
2014.10.28 16:53:00.457,7.33104,7.33251,1.00,1.30
2014.10.28 16:53:03.274,7.331,7.33251,1.00,1.30
2014.10.28 16:53:13.645,7.33112,7.33251,1.00,1.30
2014.10.28 16:53:13.867,7.33117,7.33285,1.72,1.30
2014.10.28 16:53:13.969,7.33123,7.33285,1.00,1.30
2014.10.28 16:53:14.323,7.3314,7.33285,1.00,1.30
2014.10.28 16:53:17.574,7.33146,7.33285,1.00,1.30
2014.10.28 16:53:20.696,7.3314,7.33285,1.25,1.30
2014.10.28 16:53:21.232,7.33128,7.33256,1.19,1.30
2014.10.28 16:53:21.903,7.33121,7.33256,1.00,1.30
2014.10.28 16:53:22.676,7.33118,7.33256,1.00,1.30
2014.10.28 16:53:23.184,7.33122,7.33256,1.00,1.30
2014.10.28 16:53:24.637,7.33114,7.33256,1.00,1.30
2014.10.28 16:53:26.595,7.33113,7.33256,1.00,1.30
2014.10.28 16:53:31.865,7.33113,7.33256,1.19,1.30
2014.10.28 16:53:34.177,7.33116,7.33256,1.19,1.30
2014.10.28 16:53:35.640,7.33116,7.33256,1.19,1.30
2014.10.28 16:53:36.590,7.33159,7.33303,1.19,1.30
2014.10.28 16:53:36.691,7.33159,7.33272,1.19,1.30
2014.10.28 16:53:36.793,7.33159,7.33303,1.19,1.30
2014.10.28 16:53:37.773,7.33174,7.33303,1.19,1.30
2014.10.28 16:53:38.754,7.33168,7.33303,1.19,1.30
2014.10.28 16:53:39.797,7.33162,7.33303,1.19,1.30
2014.10.28 16:53:40.372,7.33162,7.33273,1.19,1.30
2014.10.28 16:53:40.575,7.33145,7.33273,1.19,1.30
2014.10.28 16:53:41.599,7.33147,7.33273,1.19,1.30
2014.10.28 16:53:43.871,7.33146,7.33273,1.19,1.30
2014.10.28 16:53:44.873,7.33153,7.33273,1.19,1.30
2014.10.28 16:53:46.281,7.33131,7.33273,1.19,1.30
2014.10.28 16:53:47.729,7.33141,7.33273,1.19,1.30
2014.10.28 16:53:48.916,7.33149,7.33273,1.19,1.30
2014.10.28 16:53:54.799,7.33149,7.33273,1.19,1.30
2014.10.28 16:53:56.804,7.33149,7.33273,1.19,1.30
2014.10.28 16:53:58.011,7.33147,7.33273,1.19,1.30
2014.10.28 16:53:59.309,7.33149,7.33273,1.19,1.30
2014.10.28 16:54:00.312,7.33146,7.33273,1.19,1.30
2014.10.28 16:54:00.856,7.33131,7.33273,1.19,1.30
2014.10.28 16:54:01.059,7.33126,7.33265,1.19,1.30
2014.10.28 16:54:01.533,7.33126,7.33245,1.19,1.30
2014.10.28 16:54:01.969,7.33106,7.33245,1.19,1.30
2014.10.28 16:54:03.023,7.33104,7.33245,1.19,1.30
2014.10.28 16:54:04.026,7.33106,7.33245,1.19,1.30
2014.10.28 16:54:05.332,7.33104,7.33245,1.19,1.30
2014.10.28 16:54:06.431,7.33105,7.33245,1.19,1.30
2014.10.28 16:54:08.214,7.33114,7.33245,1.00,1.30
2014.10.28 16:54:08.636,7.33123,7.33245,1.19,1.30
2014.10.28 16:54:11.495,7.33104,7.33245,1.19,1.30
2014.10.28 16:54:12.550,7.33104,7.33245,1.00,1.30
2014.10.28 16:54:12.826,7.33104,7.33217,1.00,1.30
2014.10.28 16:54:12.928,7.33092,7.33217,1.19,1.30
2014.10.28 16:54:14.057,7.33069,7.33217,1.19,1.30
2014.10.28 16:54:15.093,7.3308,7.33217,1.19,1.30
2014.10.28 16:54:15.564,7.33104,7.33217,1.19,1.30
2014.10.28 16:54:16.668,7.3309,7.33217,1.19,1.30
2014.10.28 16:54:17.771,7.33089,7.33217,1.19,1.30
2014.10.28 16:54:18.975,7.33078,7.33217,1.19,1.30
2014.10.28 16:54:20.479,7.33071,7.33217,1.69,1.30
2014.10.28 16:54:22.116,7.33078,7.33217,1.19,1.30
2014.10.28 16:54:22.436,7.33106,7.33246,1.19,1.30
2014.10.28 16:54:22.644,7.33079,7.33237,1.30,1.50
2014.10.28 16:54:22.745,7.33058,7.33219,1.19,1.30
2014.10.28 16:54:23.821,7.33054,7.33187,1.19,1.30
2014.10.28 16:54:23.924,7.33051,7.33187,1.19,1.30
2014.10.28 16:54:24.927,7.33053,7.33187,1.19,1.30
2014.10.28 16:54:25.930,7.33067,7.33187,1.19,1.30
2014.10.28 16:54:26.934,7.33069,7.33187,1.19,1.30
2014.10.28 16:54:27.460,7.33029,7.33187,1.19,1.30
2014.10.28 16:54:28.450,7.33036,7.33187,1.19,1.30
2014.10.28 16:54:29.646,7.3304,7.33187,1.19,1.30
2014.10.28 16:54:30.710,7.33038,7.33187,1.19,1.30
2014.10.28 16:54:33.906,7.33059,7.33187,1.19,1.30
2014.10.28 16:54:34.859,7.3305,7.33187,1.19,1.30
2014.10.28 16:54:36.272,7.3305,7.33187,1.19,1.30
2014.10.28 16:54:37.974,7.3305,7.33187,1.19,1.30
2014.10.28 16:54:39.067,7.33054,7.33187,1.19,1.30
2014.10.28 16:54:40.171,7.33055,7.33187,1.19,1.30
2014.10.28 16:54:40.493,7.33039,7.33159,1.19,1.30
2014.10.28 16:54:41.880,7.33019,7.33159,1.19,1.30
2014.10.28 16:54:43.380,7.3302,7.33159,1.19,1.30
2014.10.28 16:54:43.607,7.33009,7.33159,1.25,1.30
2014.10.28 16:54:44.015,7.33026,7.33159,1.19,1.30
2014.10.28 16:54:44.066,7.33026,7.33179,1.19,1.30
2014.10.28 16:54:44.117,7.33026,7.33186,1.19,1.30
2014.10.28 16:54:44.370,7.33026,7.33157,1.19,1.30
2014.10.28 16:54:44.989,7.33023,7.33157,1.19,1.30
2014.10.28 16:54:45.423,7.33001,7.33157,1.19,1.30
2014.10.28 16:54:46.413,7.32994,7.33157,1.19,1.30
2014.10.28 16:54:47.315,7.33006,7.33157,1.19,1.30
2014.10.28 16:54:47.674,7.33006,7.33153,1.19,1.00
2014.10.28 16:54:48.096,7.33006,7.33129,1.19,1.30
2014.10.28 16:54:48.298,7.33006,7.33149,1.19,1.30
2014.10.28 16:54:48.349,7.33006,7.33158,1.19,1.30
2014.10.28 16:54:48.653,7.3301,7.33158,1.19,1.30
2014.10.28 16:54:49.949,7.33006,7.33158,1.19,1.30
2014.10.28 16:54:51.011,7.3301,7.33158,1.19,1.30
2014.10.28 16:54:52.314,7.33012,7.33158,1.19,1.30
2014.10.28 16:54:53.183,7.33012,7.33132,1.19,1.30
2014.10.28 16:54:53.317,7.33001,7.33132,1.19,1.30
2014.10.28 16:54:54.520,7.33002,7.33132,1.19,1.30
2014.10.28 16:54:55.524,7.33018,7.33132,1.19,1.30
2014.10.28 16:54:57.131,7.33016,7.33132,1.19,1.30
2014.10.28 16:54:58.435,7.33006,7.33132,1.19,1.30
2014.10.28 16:54:58.955,7.33026,7.33132,1.19,1.30
2014.10.28 16:54:59.976,7.33006,7.33132,1.19,1.30
2014.10.28 16:55:01.896,7.33015,7.33132,1.19,1.30
2014.10.28 16:55:02.400,7.32976,7.33132,1.00,1.30
2014.10.28 16:55:02.451,7.32971,7.33132,1.19,1.30
2014.10.28 16:55:04.559,7.32964,7.33132,1.91,1.30
2014.10.28 16:55:04.926,7.32983,7.33132,1.50,1.30
2014.10.28 16:55:05.028,7.32964,7.33132,3.41,1.30
2014.10.28 16:55:05.666,7.3297,7.33132,1.00,1.30
2014.10.28 16:55:06.946,7.32964,7.33132,1.72,1.30
2014.10.28 16:55:07.176,7.32964,7.3312,1.30,1.30
2014.10.28 16:55:07.530,7.32953,7.331,1.19,1.30
2014.10.28 16:55:08.302,7.32953,7.331,1.00,1.30
2014.10.28 16:55:08.456,7.32942,7.331,1.19,1.30
2014.10.28 16:55:09.293,7.32932,7.331,1.30,1.30
2014.10.28 16:55:09.773,7.32941,7.331,1.00,1.30
2014.10.28 16:55:10.096,7.32943,7.331,1.50,1.30
2014.10.28 16:55:10.400,7.32959,7.331,1.00,1.30
2014.10.28 16:55:10.796,7.3297,7.331,1.00,1.30
2014.10.28 16:55:13.444,7.32972,7.3314,1.30,1.30
2014.10.28 16:55:13.495,7.32983,7.3314,1.50,1.30
2014.10.28 16:55:13.847,7.32994,7.3314,1.50,1.30
2014.10.28 16:55:14.034,7.32983,7.3314,1.50,1.30
2014.10.28 16:55:18.916,7.32983,7.3314,1.69,1.30
2014.10.28 16:55:20.306,7.32983,7.3314,1.50,1.30
2014.10.28 16:55:21.514,7.32972,7.3314,2.66,1.30
2014.10.28 16:55:21.635,7.32972,7.3314,1.72,1.30
2014.10.28 16:55:24.476,7.32966,7.33112,1.19,1.30
2014.10.28 16:55:24.920,7.32945,7.33112,1.49,1.30
2014.10.28 16:55:26.225,7.32945,7.33112,1.49,1.30
2014.10.28 16:55:26.837,7.32962,7.33112,1.19,1.30
2014.10.28 16:55:27.040,7.32993,7.33141,1.69,1.30
2014.10.28 16:55:27.399,7.33001,7.33141,1.00,1.30
2014.10.28 16:55:28.334,7.33002,7.33141,1.19,1.30
2014.10.28 16:55:28.687,7.33023,7.33161,1.50,1.30
2014.10.28 16:55:28.739,7.33023,7.33171,1.50,1.30
2014.10.28 16:55:28.790,7.33033,7.33171,1.50,1.30
2014.10.28 16:55:28.891,7.33013,7.33171,1.50,1.30
2014.10.28 16:55:29.547,7.33007,7.33171,1.19,1.30
2014.10.28 16:55:30.244,7.33007,7.33171,1.00,1.30
2014.10.28 16:55:32.751,7.33007,7.33171,1.19,1.30
2014.10.28 16:55:33.956,7.33007,7.33171,1.00,1.30
2014.10.28 16:55:35.565,7.33024,7.33171,1.19,1.30
2014.10.28 16:55:36.965,7.33031,7.33171,1.19,1.30
2014.10.28 16:55:38.369,7.33031,7.33171,1.19,1.30
2014.10.28 16:55:39.472,7.33031,7.33171,1.19,1.30
2014.10.28 16:55:42.113,7.33031,7.33171,1.19,1.30
2014.10.28 16:55:43.181,7.33031,7.33171,1.19,1.30
2014.10.28 16:55:45.386,7.33031,7.33171,1.19,1.30
2014.10.28 16:55:46.488,7.33031,7.33171,1.00,1.30
2014.10.28 16:55:47.732,7.3303,7.33171,1.00,1.30
2014.10.28 16:55:48.795,7.3303,7.33171,1.19,1.30
2014.10.28 16:55:48.903,7.3303,7.33175,1.19,1.30
2014.10.28 16:55:49.896,7.3303,7.33175,1.00,1.30
2014.10.28 16:55:50.107,7.3303,7.33175,1.19,1.30
2014.10.28 16:55:51.209,7.33032,7.33175,1.19,1.30
2014.10.28 16:55:51.541,7.3303,7.33175,1.19,1.30
2014.10.28 16:55:52.531,7.3303,7.33175,1.19,1.30
2014.10.28 16:55:53.521,7.3303,7.33175,1.19,1.30
2014.10.28 16:55:54.542,7.3303,7.33175,1.19,1.30
2014.10.28 16:55:55.213,7.33053,7.33175,1.00,1.30
2014.10.28 16:55:55.884,7.33047,7.33175,1.19,1.30
2014.10.28 16:55:56.939,7.33042,7.33175,1.00,1.30
2014.10.28 16:56:02.105,7.33042,7.33195,1.00,1.30
2014.10.28 16:56:02.207,7.33042,7.33206,1.00,1.30
2014.10.28 16:56:02.258,7.33047,7.33206,1.00,1.30
2014.10.28 16:56:02.766,7.33047,7.33206,1.19,1.30
2014.10.28 16:56:05.406,7.33047,7.33206,1.00,1.30
2014.10.28 16:56:08.193,7.33048,7.33206,1.00,1.30
2014.10.28 16:56:22.649,7.33048,7.332,1.00,1.30
2014.10.28 16:56:23.304,7.33041,7.332,1.19,1.30
2014.10.28 16:56:24.143,7.33041,7.332,1.00,1.30
2014.10.28 16:56:31.342,7.33032,7.332,1.30,1.30
2014.10.28 16:56:31.393,7.33032,7.33177,1.30,1.50
2014.10.28 16:56:31.495,7.33007,7.33172,1.00,1.30
2014.10.28 16:56:31.647,7.33005,7.33172,1.72,1.30
2014.10.28 16:56:31.731,7.33012,7.33172,1.00,1.30
2014.10.28 16:56:32.041,7.33014,7.33172,1.00,1.30
2014.10.28 16:56:32.831,7.33012,7.33172,1.00,1.30
2014.10.28 16:56:33.051,7.33014,7.33172,1.00,1.30
2014.10.28 16:56:33.369,7.33014,7.33158,1.00,1.30
2014.10.28 16:56:33.689,7.32985,7.33138,1.19,1.30
2014.10.28 16:56:34.009,7.33014,7.33138,1.00,1.30
2014.10.28 16:56:34.060,7.32997,7.33138,1.19,1.30
2014.10.28 16:56:34.922,7.33014,7.33138,1.00,1.30
2014.10.28 16:56:37.127,7.33014,7.33168,1.00,1.30
2014.10.28 16:56:37.380,7.33013,7.33168,2.25,1.30
2014.10.28 16:56:37.431,7.33029,7.33196,1.30,1.30
2014.10.28 16:56:37.533,7.33034,7.33196,1.00,1.30
2014.10.28 16:56:37.836,7.33043,7.33196,1.00,1.30
2014.10.28 16:56:38.162,7.33045,7.33196,1.00,1.30
2014.10.28 16:56:38.708,7.33045,7.33196,1.19,1.30
2014.10.28 16:56:39.492,7.33045,7.33196,1.00,1.30
2014.10.28 16:56:40.361,7.33053,7.33196,1.00,1.30
2014.10.28 16:56:41.589,7.3305,7.33196,1.00,1.30
2014.10.28 16:56:41.690,7.33045,7.33196,1.00,1.30
2014.10.28 16:56:43.275,7.33045,7.33186,1.00,1.30
2014.10.28 16:56:43.707,7.33039,7.33166,1.00,1.30
2014.10.28 16:56:45.196,7.33045,7.33166,1.00,1.30
2014.10.28 16:56:45.528,7.33035,7.33166,1.00,1.30
2014.10.28 16:56:45.579,7.33035,7.33142,1.00,1.30
2014.10.28 16:56:45.630,7.32996,7.33122,1.19,1.30
2014.10.28 16:56:45.732,7.32965,7.33122,1.19,1.30
2014.10.28 16:56:45.834,7.33002,7.33122,1.00,1.30
2014.10.28 16:56:46.138,7.33017,7.33122,1.00,1.30
2014.10.28 16:56:46.239,7.33017,7.33152,1.00,1.30
2014.10.28 16:56:47.069,7.33009,7.33152,1.00,1.30
2014.10.28 16:56:47.381,7.33007,7.33152,1.00,1.30
2014.10.28 16:56:48.373,7.33003,7.33152,1.00,1.30
2014.10.28 16:56:48.782,7.3301,7.33152,1.00,1.30
2014.10.28 16:56:50.114,7.33015,7.33152,1.00,1.30
2014.10.28 16:56:56.484,7.33021,7.33152,1.00,1.30
2014.10.28 16:56:56.585,7.33021,7.33183,1.19,1.30
2014.10.28 16:56:56.737,7.33032,7.33183,1.00,1.30
2014.10.28 16:56:58.003,7.33032,7.33155,1.00,1.30
2014.10.28 16:56:58.054,7.33021,7.33155,1.00,1.30
2014.10.28 16:56:58.132,7.33009,7.33155,1.19,1.30
2014.10.28 16:56:59.053,7.33009,7.33155,1.00,1.30
2014.10.28 16:57:01.431,7.33015,7.33155,1.00,1.30
2014.10.28 16:57:03.891,7.33009,7.33155,1.00,1.30
2014.10.28 16:57:04.854,7.33015,7.33155,1.00,1.30
2014.10.28 16:57:04.905,7.33016,7.33184,1.30,1.30
2014.10.28 16:57:04.955,7.33021,7.33184,1.00,1.30
2014.10.28 16:57:05.653,7.33016,7.33184,1.30,1.30
2014.10.28 16:57:08.937,7.33015,7.33156,1.00,1.30
2014.10.28 16:57:09.131,7.33003,7.33156,1.00,1.30
2014.10.28 16:57:13.643,7.33009,7.33156,1.00,1.30
2014.10.28 16:57:29.116,7.33009,7.3315,1.00,1.30
2014.10.28 16:57:33.881,7.33015,7.3315,1.00,1.30
2014.10.28 16:57:34.210,7.33009,7.3315,1.00,1.30
2014.10.28 16:57:49.135,7.33009,7.33145,1.00,1.30
2014.10.28 16:57:54.010,7.33003,7.33145,1.00,1.30
2014.10.28 16:57:54.603,7.32993,7.33136,1.00,1.30
2014.10.28 16:57:54.654,7.32993,7.33116,1.00,1.30
2014.10.28 16:57:54.705,7.3298,7.33116,1.00,1.30
2014.10.28 16:57:54.811,7.32957,7.33116,1.00,1.30
2014.10.28 16:57:55.898,7.32957,7.33108,1.00,1.30
2014.10.28 16:57:56.216,7.32952,7.33088,1.00,1.30
2014.10.28 16:57:56.550,7.32952,7.33052,1.00,1.30
2014.10.28 16:57:56.652,7.32949,7.33052,1.00,1.30
2014.10.28 16:57:57.755,7.32947,7.33052,1.00,1.30
2014.10.28 16:58:00.841,7.32941,7.33052,1.00,1.30
2014.10.28 16:58:05.592,7.32929,7.33052,1.00,1.30
2014.10.28 16:58:05.643,7.32929,7.33025,1.00,1.30
2014.10.28 16:58:05.695,7.32924,7.33025,1.00,1.30
2014.10.28 16:58:05.898,7.32912,7.33025,1.00,1.30
2014.10.28 16:58:06.835,7.32912,7.33014,1.00,1.30
2014.10.28 16:58:06.987,7.32918,7.33031,1.00,1.30
2014.10.28 16:58:07.038,7.32926,7.33031,1.00,1.30
2014.10.28 16:58:07.241,7.32919,7.33031,1.00,1.30
2014.10.28 16:58:08.563,7.32908,7.33031,1.00,1.30
2014.10.28 16:58:08.887,7.32902,7.33031,1.00,1.30
2014.10.28 16:58:08.989,7.32897,7.33031,1.00,1.30
2014.10.28 16:58:09.631,7.32896,7.33031,1.00,1.30
2014.10.28 16:58:09.971,7.32891,7.33,1.00,1.30
2014.10.28 16:58:10.293,7.32886,7.33,1.00,1.30
2014.10.28 16:58:10.773,7.32886,7.33041,1.00,1.30
2014.10.28 16:58:10.897,7.32914,7.33041,1.00,1.30
2014.10.28 16:58:11.281,7.32919,7.33041,1.00,1.30
2014.10.28 16:58:11.750,7.32931,7.33041,1.00,1.30
2014.10.28 16:58:12.490,7.32942,7.33041,1.00,1.30
2014.10.28 16:58:15.460,7.32942,7.33061,1.37,1.30
2014.10.28 16:58:15.511,7.32948,7.33068,1.00,1.30
2014.10.28 16:58:15.612,7.3296,7.33068,1.00,1.30
2014.10.28 16:58:15.714,7.32954,7.33068,1.00,1.30
2014.10.28 16:58:15.793,7.32948,7.33068,1.00,1.30
2014.10.28 16:58:15.945,7.32942,7.33068,1.00,1.30
2014.10.28 16:58:23.832,7.32948,7.33068,1.00,1.30
2014.10.28 16:58:24.154,7.32965,7.33068,1.00,1.30
2014.10.28 16:58:24.487,7.32968,7.33068,1.00,1.30
2014.10.28 16:58:25.810,7.32966,7.33068,1.00,1.30
2014.10.28 16:58:26.022,7.32954,7.33068,1.00,1.30
2014.10.28 16:58:26.174,7.32948,7.33068,1.00,1.30
2014.10.28 16:58:26.443,7.32948,7.33068,1.19,1.30
2014.10.28 16:58:26.646,7.32948,7.33068,1.00,1.30
2014.10.28 16:58:26.697,7.32965,7.33068,1.00,1.30
2014.10.28 16:58:27.963,7.32967,7.33068,1.19,1.30
2014.10.28 16:58:28.267,7.32988,7.33068,1.00,1.30
2014.10.28 16:58:28.318,7.32988,7.33096,1.00,1.30
2014.10.28 16:58:28.471,7.32983,7.33096,1.00,1.30
2014.10.28 16:58:29.921,7.32978,7.33096,1.00,1.30
2014.10.28 16:58:33.733,7.32983,7.33096,1.00,1.30
2014.10.28 16:58:34.061,7.32992,7.33096,1.00,1.30
2014.10.28 16:58:37.482,7.32992,7.33096,1.37,1.30
2014.10.28 16:58:37.633,7.32992,7.33124,1.37,1.30
2014.10.28 16:58:37.684,7.33015,7.33124,1.00,1.30
2014.10.28 16:58:38.019,7.33021,7.33124,1.00,1.30
2014.10.28 16:58:39.003,7.33021,7.33144,1.00,1.30
2014.10.28 16:58:39.054,7.33021,7.33155,1.00,1.30
2014.10.28 16:58:39.156,7.33026,7.33155,1.00,1.30
2014.10.28 16:58:39.461,7.33015,7.33124,1.00,1.30
2014.10.28 16:58:41.312,7.33026,7.33124,1.00,1.30
2014.10.28 16:58:42.315,7.33026,7.33144,1.00,1.30
2014.10.28 16:58:42.366,7.33026,7.33153,1.00,1.30
2014.10.28 16:58:42.417,7.33032,7.33153,1.00,1.30
2014.10.28 16:58:42.645,7.33021,7.33153,1.00,1.30
2014.10.28 16:58:43.778,7.33038,7.33153,1.00,1.30
2014.10.28 16:58:43.879,7.33021,7.33153,1.00,1.30
2014.10.28 16:58:44.278,7.33019,7.33153,1.00,1.30
2014.10.28 16:58:45.864,7.33014,7.33153,1.00,1.30
2014.10.28 16:58:46.206,7.33002,7.33126,1.19,1.30
2014.10.28 16:58:47.094,7.33008,7.33126,1.00,1.30
2014.10.28 16:58:51.509,7.33008,7.33126,1.19,1.30
2014.10.28 16:58:52.820,7.33008,7.33126,1.00,1.30
2014.10.28 16:58:54.841,7.32996,7.33126,1.00,1.30
2014.10.28 16:59:04.225,7.32991,7.33126,1.00,1.30
2014.10.28 16:59:04.326,7.32974,7.33126,1.00,1.30
2014.10.28 16:59:04.428,7.32979,7.33126,1.00,1.30
2014.10.28 16:59:04.973,7.3298,7.33126,1.00,1.30
2014.10.28 16:59:06.234,7.3298,7.33106,1.00,1.30
2014.10.28 16:59:06.721,7.32962,7.33106,1.00,1.30
2014.10.28 16:59:06.873,7.32956,7.33106,1.00,1.30
2014.10.28 16:59:07.049,7.32945,7.33106,1.62,1.30
2014.10.28 16:59:07.100,7.32945,7.33106,1.25,1.30
2014.10.28 16:59:07.460,7.32945,7.33077,1.25,1.30
2014.10.28 16:59:07.869,7.32939,7.33077,1.94,1.30
2014.10.28 16:59:08.198,7.32956,7.33077,1.00,1.30
2014.10.28 16:59:10.032,7.32945,7.33077,1.00,1.30
2014.10.28 16:59:10.351,7.32939,7.33077,1.00,1.30
2014.10.28 16:59:12.548,7.32945,7.33077,1.00,1.30
2014.10.28 16:59:12.810,7.32939,7.33077,1.00,1.30
2014.10.28 16:59:14.528,7.32941,7.33077,1.00,1.30
2014.10.28 16:59:18.635,7.32958,7.33077,1.00,1.30
2014.10.28 16:59:19.041,7.32952,7.33077,1.00,1.30
2014.10.28 16:59:20.625,7.32947,7.33077,1.00,1.30
2014.10.28 16:59:21.238,7.32935,7.33077,1.00,1.30
2014.10.28 16:59:27.600,7.32935,7.33073,1.00,1.30
2014.10.28 16:59:28.845,7.32924,7.33073,1.00,1.30
2014.10.28 16:59:32.376,7.32924,7.33047,1.00,1.50
2014.10.28 16:59:32.477,7.32883,7.33043,1.00,1.30
2014.10.28 16:59:32.528,7.32883,7.33011,1.00,1.30
2014.10.28 16:59:32.579,7.32866,7.33011,1.19,1.30
2014.10.28 16:59:33.342,7.32866,7.33011,1.00,1.30
2014.10.28 16:59:33.582,7.3286,7.33011,1.00,1.30
2014.10.28 16:59:33.683,7.3286,7.32977,1.00,1.30
2014.10.28 16:59:34.579,7.32843,7.32977,1.00,1.30
2014.10.28 16:59:35.352,7.32821,7.32977,1.19,1.30
2014.10.28 16:59:35.402,7.32821,7.32944,1.19,1.30
2014.10.28 16:59:35.655,7.32811,7.32944,1.00,1.30
2014.10.28 16:59:36.103,7.32814,7.32915,1.00,1.30
2014.10.28 16:59:36.299,7.32814,7.32949,1.50,1.30
2014.10.28 16:59:36.349,7.32843,7.32949,1.00,1.30
2014.10.28 16:59:36.552,7.32837,7.32949,1.00,1.30
2014.10.28 16:59:36.668,7.32832,7.32949,1.00,1.30
2014.10.28 16:59:36.747,7.32836,7.32949,1.00,1.30
2014.10.28 16:59:38.180,7.32842,7.32949,1.25,1.30
2014.10.28 16:59:38.484,7.32853,7.32949,1.00,1.30
2014.10.28 16:59:39.326,7.3286,7.32969,1.00,1.30
2014.10.28 16:59:39.377,7.3286,7.32979,1.00,1.30
2014.10.28 16:59:39.428,7.32855,7.32979,1.00,1.30
2014.10.28 16:59:39.987,7.32849,7.32979,1.00,1.30
2014.10.28 16:59:40.088,7.32832,7.32979,1.00,1.30
2014.10.28 16:59:40.139,7.32832,7.3295,1.00,1.30
2014.10.28 16:59:40.503,7.32834,7.3295,1.00,1.30
2014.10.28 16:59:41.278,7.32832,7.3295,1.00,1.30
2014.10.28 16:59:41.369,7.32826,7.3295,1.00,1.30
2014.10.28 16:59:41.917,7.32824,7.3295,1.00,1.30
2014.10.28 16:59:43.568,7.32818,7.3295,1.00,1.30
2014.10.28 16:59:45.989,7.32824,7.3295,1.00,1.30
2014.10.28 16:59:47.879,7.32818,7.3295,1.00,1.30
2014.10.28 16:59:49.399,7.32824,7.3295,1.00,1.30
2014.10.28 16:59:50.278,7.32818,7.3295,1.00,1.30
