2010.05.28 06:00:02.125,7.8764,7.884,1.60,1.60
2010.05.28 06:00:09.250,7.87615,7.88375,1.60,1.60
2010.05.28 06:00:10.839,7.8764,7.88425,1.60,1.60
2010.05.28 06:00:10.963,7.877,7.8846,1.60,2.80
2010.05.28 06:00:11.997,7.87845,7.8832,1.60,1.60
2010.05.28 06:00:16.954,7.8791,7.88305,1.60,1.60
2010.05.28 06:00:17.420,7.8797,7.88325,1.60,1.60
2010.05.28 06:00:18.247,7.87985,7.8838,1.60,1.60
2010.05.28 06:00:18.569,7.8795,7.8834,1.60,1.60
2010.05.28 06:00:22.592,7.87975,7.8837,1.60,1.60
2010.05.28 06:00:26.752,7.88,7.8837,1.60,1.60
2010.05.28 06:00:27.418,7.88,7.8852,1.60,1.60
2010.05.28 06:00:28.751,7.8802,7.885,1.00,1.60
2010.05.28 06:00:28.958,7.8802,7.885,1.00,1.60
2010.05.28 06:00:30.323,7.8803,7.885,1.00,1.60
2010.05.28 06:00:30.522,7.8803,7.885,1.00,1.60
2010.05.28 06:00:30.727,7.8799,7.88475,1.00,1.60
2010.05.28 06:00:31.130,7.88,7.88475,1.00,1.60
2010.05.28 06:00:32.719,7.8799,7.88475,1.00,1.60
2010.05.28 06:00:32.930,7.88,7.88475,1.00,1.60
2010.05.28 06:00:34.325,7.8809,7.88535,2.40,1.60
2010.05.28 06:00:35.016,7.8809,7.88475,2.40,1.60
2010.05.28 06:00:37.820,7.8811,7.8848,2.40,1.60
2010.05.28 06:00:38.758,7.8811,7.88445,2.40,1.60
2010.05.28 06:00:39.311,7.8811,7.8847,2.40,1.60
2010.05.28 06:00:40.008,7.8811,7.8842,2.40,1.60
2010.05.28 06:00:40.184,7.8811,7.88445,2.40,1.60
2010.05.28 06:00:41.983,7.8811,7.8842,2.40,1.60
2010.05.28 06:00:46.492,7.8811,7.88445,2.40,3.20
2010.05.28 06:00:46.618,7.8811,7.88445,2.40,1.60
2010.05.28 06:00:46.945,7.8804,7.8842,1.00,1.60
2010.05.28 06:00:47.155,7.8804,7.8838,1.00,1.60
2010.05.28 06:00:47.365,7.8804,7.88315,1.00,1.60
2010.05.28 06:00:48.153,7.8797,7.88315,3.40,1.60
2010.05.28 06:00:50.201,7.8797,7.8834,3.40,1.60
2010.05.28 06:00:50.621,7.8797,7.88315,3.40,1.60
2010.05.28 06:01:02.794,7.8797,7.8834,3.40,1.60
2010.05.28 06:01:02.868,7.87985,7.8834,1.60,1.60
2010.05.28 06:01:03.078,7.87985,7.8838,1.60,1.60
2010.05.28 06:01:06.307,7.8797,7.8838,3.40,1.60
2010.05.28 06:01:06.525,7.87985,7.8836,1.60,1.60
2010.05.28 06:01:06.735,7.87985,7.8838,1.60,1.60
2010.05.28 06:01:09.321,7.88015,7.88405,1.60,1.60
2010.05.28 06:01:09.669,7.88045,7.8842,1.60,1.00
2010.05.28 06:01:13.208,7.88045,7.8842,1.60,2.60
2010.05.28 06:01:13.278,7.87985,7.8838,1.60,1.60
2010.05.28 06:01:16.219,7.8797,7.883,2.40,1.00
2010.05.28 06:01:17.138,7.87865,7.883,1.60,1.00
2010.05.28 06:01:20.183,7.8785,7.8828,1.00,1.00
2010.05.28 06:01:25.409,7.87855,7.8828,1.60,1.00
2010.05.28 06:01:27.224,7.87885,7.8828,1.60,1.00
2010.05.28 06:01:32.321,7.87885,7.8828,1.60,2.60
2010.05.28 06:01:32.508,7.87885,7.88255,1.60,1.60
2010.05.28 06:01:32.812,7.87865,7.88255,1.60,1.60
2010.05.28 06:01:41.862,7.8785,7.88225,1.00,1.60
2010.05.28 06:02:10.430,7.8785,7.8819,1.00,1.60
2010.05.28 06:02:11.732,7.878,7.88425,8.20,1.60
2010.05.28 06:02:13.180,7.878,7.88355,8.20,1.60
2010.05.28 06:02:13.727,7.8782,7.88375,1.60,1.60
2010.05.28 06:02:20.097,7.8785,7.88405,1.60,1.60
2010.05.28 06:02:20.300,7.88205,7.8867,3.20,1.60
2010.05.28 06:02:20.500,7.88425,7.8867,3.20,1.60
2010.05.28 06:02:20.709,7.881,7.887,3.20,1.60
2010.05.28 06:02:21.494,7.88355,7.88635,3.20,1.60
2010.05.28 06:02:21.843,7.8854,7.88635,3.20,1.60
2010.05.28 06:02:24.968,7.8847,7.8866,3.20,1.60
2010.05.28 06:02:29.330,7.8849,7.8871,3.20,1.60
2010.05.28 06:02:29.512,7.87985,7.8871,3.20,1.60
2010.05.28 06:02:35.857,7.88275,7.8871,1.60,1.60
2010.05.28 06:02:52.917,7.88315,7.8873,1.60,1.60
2010.05.28 06:02:53.008,7.8834,7.8873,1.60,1.60
2010.05.28 06:02:53.101,7.8834,7.88675,1.60,1.60
2010.05.28 06:02:53.712,7.88045,7.88675,3.20,1.60
2010.05.28 06:02:54.066,7.8802,7.88645,1.60,1.60
2010.05.28 06:02:54.414,7.8803,7.8868,1.60,1.00
2010.05.28 06:02:54.664,7.8802,7.8862,1.60,1.00
2010.05.28 06:02:55.399,7.8806,7.8851,1.60,1.00
2010.05.28 06:02:55.673,7.88025,7.8851,1.60,1.00
2010.05.28 06:02:56.788,7.88025,7.8847,1.60,1.00
2010.05.28 06:02:57.298,7.88025,7.8846,1.60,1.00
2010.05.28 06:02:58.059,7.88025,7.8846,1.60,1.00
2010.05.28 06:02:58.430,7.88025,7.8846,1.60,1.00
2010.05.28 06:02:59.658,7.88045,7.885,1.60,1.00
2010.05.28 06:03:04.529,7.8808,7.8853,1.60,1.00
2010.05.28 06:03:04.719,7.8806,7.885,1.60,1.00
2010.05.28 06:03:05.415,7.88025,7.8846,1.60,1.00
2010.05.28 06:03:06.921,7.88025,7.885,1.60,1.00
2010.05.28 06:03:07.018,7.88045,7.885,1.60,1.00
2010.05.28 06:03:08.013,7.88045,7.88465,1.60,1.60
2010.05.28 06:03:08.108,7.88045,7.8844,1.60,1.60
2010.05.28 06:03:11.568,7.8808,7.88475,1.60,1.60
2010.05.28 06:03:14.781,7.8808,7.885,1.60,1.60
2010.05.28 06:03:14.866,7.8811,7.88505,1.60,1.60
2010.05.28 06:03:15.521,7.88085,7.8848,1.60,1.60
2010.05.28 06:03:17.115,7.8811,7.88505,1.60,1.60
2010.05.28 06:03:21.068,7.8809,7.88505,1.60,3.20
2010.05.28 06:03:21.715,7.8809,7.88505,1.60,1.60
2010.05.28 06:03:22.068,7.8809,7.88485,1.60,1.60
2010.05.28 06:03:38.969,7.8809,7.8839,1.60,1.00
2010.05.28 06:03:39.208,7.87975,7.8839,1.60,1.00
2010.05.28 06:03:41.898,7.87995,7.8837,1.60,2.00
2010.05.28 06:03:42.701,7.87995,7.8836,1.60,1.00
2010.05.28 06:03:43.789,7.87995,7.8835,1.60,1.00
2010.05.28 06:03:53.309,7.8797,7.8832,2.60,1.00
2010.05.28 06:03:54.216,7.8797,7.8833,2.60,1.00
2010.05.28 06:03:54.529,7.8797,7.8832,2.60,1.00
2010.05.28 06:03:59.154,7.8797,7.8833,2.60,1.00
2010.05.28 06:04:01.726,7.8799,7.8833,1.00,1.00
2010.05.28 06:04:01.875,7.88015,7.8837,1.60,1.00
2010.05.28 06:04:02.017,7.8801,7.8832,1.60,1.00
2010.05.28 06:04:02.166,7.8797,7.8832,2.60,1.00
2010.05.28 06:04:03.255,7.8791,7.8826,1.60,1.20
2010.05.28 06:04:06.670,7.87885,7.8819,1.60,1.00
2010.05.28 06:04:07.325,7.8787,7.8819,1.00,1.00
2010.05.28 06:04:07.558,7.8787,7.8822,1.00,1.00
2010.05.28 06:04:09.526,7.8787,7.8819,1.00,1.00
2010.05.28 06:04:09.881,7.8789,7.8826,1.60,1.20
2010.05.28 06:04:12.720,7.8795,7.8826,1.60,1.20
2010.05.28 06:04:12.819,7.8795,7.8826,1.60,1.00
2010.05.28 06:04:13.438,7.8794,7.883,1.00,1.00
2010.05.28 06:04:13.763,7.8794,7.8829,1.00,1.00
2010.05.28 06:04:28.826,7.87905,7.8826,1.60,1.20
2010.05.28 06:04:50.954,7.8787,7.8826,1.20,2.80
2010.05.28 06:04:51.090,7.87865,7.882,1.60,1.00
2010.05.28 06:04:52.739,7.8784,7.882,1.60,1.20
2010.05.28 06:04:52.833,7.8784,7.882,1.70,1.00
2010.05.28 06:04:53.004,7.8784,7.882,1.60,1.20
2010.05.28 06:04:53.194,7.8784,7.882,1.70,1.00
2010.05.28 06:04:53.360,7.87865,7.882,1.60,1.00
2010.05.28 06:04:54.206,7.8789,7.8823,1.60,1.00
2010.05.28 06:04:54.549,7.8789,7.8826,1.60,1.20
2010.05.28 06:04:57.918,7.8789,7.8822,1.60,1.00
2010.05.28 06:04:58.108,7.8789,7.8823,1.60,1.00
2010.05.28 06:04:58.300,7.8789,7.8822,1.60,1.00
2010.05.28 06:04:58.489,7.8787,7.8826,1.20,1.20
2010.05.28 06:04:59.124,7.8789,7.8826,1.60,1.20
2010.05.28 06:04:59.251,7.8789,7.8823,1.60,1.00
2010.05.28 06:05:04.981,7.8787,7.8823,1.00,1.00
2010.05.28 06:05:09.150,7.8787,7.8822,1.00,1.00
2010.05.28 06:05:13.677,7.8787,7.8823,1.20,1.00
2010.05.28 06:05:14.240,7.8787,7.8826,1.20,2.80
2010.05.28 06:05:14.266,7.8789,7.8826,1.60,2.80
2010.05.28 06:05:14.617,7.8784,7.8819,1.60,1.00
2010.05.28 06:05:16.501,7.87865,7.882,1.60,1.00
2010.05.28 06:05:16.676,7.8784,7.8819,1.60,1.00
2010.05.28 06:05:17.502,7.8784,7.882,1.60,1.00
2010.05.28 06:05:17.843,7.8784,7.882,1.00,1.00
2010.05.28 06:05:18.682,7.8784,7.8819,1.00,1.00
2010.05.28 06:05:19.120,7.8784,7.8818,1.00,1.00
2010.05.28 06:05:20.035,7.8784,7.8818,1.00,1.00
2010.05.28 06:05:20.286,7.8784,7.8818,1.00,1.00
2010.05.28 06:05:20.532,7.8784,7.8818,1.00,1.00
2010.05.28 06:05:22.021,7.8781,7.8815,2.80,1.00
2010.05.28 06:05:22.433,7.8784,7.8818,1.00,1.00
2010.05.28 06:05:22.638,7.8781,7.8815,2.80,1.00
2010.05.28 06:05:29.007,7.8784,7.8818,1.00,1.00
2010.05.28 06:05:35.520,7.8787,7.882,1.00,1.00
2010.05.28 06:05:37.083,7.8786,7.8818,1.60,1.00
2010.05.28 06:05:37.331,7.8786,7.8817,1.60,2.40
2010.05.28 06:05:37.581,7.87635,7.8817,1.60,2.40
2010.05.28 06:05:41.348,7.87675,7.8818,1.60,1.00
2010.05.28 06:05:42.189,7.87675,7.88255,1.60,1.60
2010.05.28 06:05:46.691,7.87705,7.88255,1.60,1.60
2010.05.28 06:05:47.220,7.87705,7.88275,1.60,1.60
2010.05.28 06:05:53.706,7.8773,7.88275,3.20,1.60
2010.05.28 06:05:53.883,7.87705,7.88275,1.60,1.60
2010.05.28 06:05:54.432,7.87705,7.88255,1.60,1.60
2010.05.28 06:05:56.344,7.8784,7.88255,1.60,1.60
2010.05.28 06:05:57.148,7.8778,7.88195,1.60,1.60
2010.05.28 06:05:58.308,7.87845,7.8824,1.60,1.60
2010.05.28 06:05:58.653,7.878,7.88195,1.60,1.60
2010.05.28 06:06:01.015,7.87695,7.8817,1.60,1.60
2010.05.28 06:06:05.002,7.87755,7.8817,1.60,1.60
2010.05.28 06:06:08.514,7.8777,7.88165,1.60,1.60
2010.05.28 06:06:21.573,7.87795,7.88185,1.60,1.60
2010.05.28 06:06:22.491,7.8782,7.88215,1.60,1.60
2010.05.28 06:06:25.451,7.878,7.88215,1.60,3.20
2010.05.28 06:06:25.585,7.878,7.88195,1.60,1.60
2010.05.28 06:06:27.389,7.8777,7.88165,1.60,1.60
2010.05.28 06:06:29.673,7.8773,7.88125,1.60,1.60
2010.05.28 06:06:30.305,7.8776,7.8815,1.60,1.60
2010.05.28 06:06:33.004,7.8773,7.8815,1.60,3.20
2010.05.28 06:06:33.084,7.8776,7.8815,1.60,1.60
2010.05.28 06:06:42.584,7.8776,7.88175,1.60,1.60
2010.05.28 06:06:42.622,7.8779,7.88185,1.60,1.60
2010.05.28 06:06:50.286,7.8782,7.88215,1.60,1.60
2010.05.28 06:07:06.375,7.87885,7.88275,1.60,1.60
2010.05.28 06:07:10.629,7.879,7.88315,1.60,1.60
2010.05.28 06:07:10.789,7.879,7.8829,1.60,1.60
2010.05.28 06:07:15.729,7.87925,7.8832,1.60,1.60
2010.05.28 06:07:15.853,7.87925,7.8829,1.60,1.60
2010.05.28 06:07:15.969,7.879,7.8829,1.60,1.60
2010.05.28 06:07:22.997,7.8784,7.8823,1.60,1.60
2010.05.28 06:07:24.686,7.878,7.88195,1.60,1.60
2010.05.28 06:07:32.092,7.8777,7.88165,1.60,1.60
2010.05.28 06:07:33.969,7.87795,7.88185,1.60,1.60
2010.05.28 06:07:35.021,7.8777,7.88165,1.60,1.60
2010.05.28 06:07:37.254,7.87795,7.88165,1.60,1.60
2010.05.28 06:07:37.510,7.87795,7.88185,1.60,1.60
2010.05.28 06:07:54.810,7.8777,7.88165,1.60,1.60
2010.05.28 06:07:56.629,7.87795,7.88185,1.60,1.60
2010.05.28 06:08:12.729,7.8782,7.88215,1.60,1.60
2010.05.28 06:08:14.698,7.8786,7.88255,1.60,1.60
2010.05.28 06:08:14.819,7.87835,7.8823,1.60,1.60
2010.05.28 06:08:18.025,7.8786,7.8825,1.60,1.60
2010.05.28 06:08:19.409,7.87835,7.8823,1.60,1.60
2010.05.28 06:08:21.947,7.8786,7.88275,1.60,1.60
2010.05.28 06:08:22.295,7.87885,7.8828,1.60,1.60
2010.05.28 06:08:26.732,7.87865,7.88255,1.60,1.60
2010.05.28 06:08:27.085,7.87885,7.8828,1.60,1.60
2010.05.28 06:08:27.433,7.87865,7.88255,1.60,1.60
2010.05.28 06:08:28.823,7.87885,7.8828,1.60,1.60
2010.05.28 06:08:32.872,7.87865,7.88255,1.60,1.60
2010.05.28 06:08:42.220,7.87925,7.8832,1.60,1.60
2010.05.28 06:08:44.010,7.879,7.88315,1.60,1.60
2010.05.28 06:08:44.325,7.87925,7.8832,1.60,1.60
2010.05.28 06:08:44.602,7.8805,7.8848,1.00,1.60
2010.05.28 06:08:44.872,7.8805,7.88535,1.00,1.60
2010.05.28 06:08:45.883,7.8807,7.88485,1.00,1.60
2010.05.28 06:08:48.449,7.8807,7.88515,1.00,1.60
2010.05.28 06:08:49.429,7.8809,7.88515,1.00,1.60
2010.05.28 06:08:50.621,7.8807,7.88515,1.00,1.60
2010.05.28 06:08:50.669,7.8809,7.88515,1.00,1.60
2010.05.28 06:08:51.687,7.8809,7.88515,1.00,1.60
2010.05.28 06:08:52.275,7.8809,7.8853,1.00,1.00
2010.05.28 06:08:52.574,7.8808,7.88525,1.60,1.60
2010.05.28 06:08:53.128,7.8809,7.88525,1.00,1.60
2010.05.28 06:08:53.748,7.8808,7.88525,1.60,1.60
2010.05.28 06:09:00.173,7.8813,7.88525,1.60,1.60
2010.05.28 06:09:01.756,7.88095,7.88485,1.60,1.60
2010.05.28 06:09:09.187,7.88095,7.8851,1.60,3.20
2010.05.28 06:09:09.208,7.8812,7.8851,1.60,1.60
2010.05.28 06:09:10.889,7.8812,7.8845,1.60,2.40
2010.05.28 06:09:10.992,7.8812,7.884,1.60,1.00
2010.05.28 06:09:11.108,7.8808,7.884,2.40,1.00
2010.05.28 06:09:11.189,7.8808,7.8853,3.40,1.60
2010.05.28 06:09:11.219,7.8808,7.88555,3.40,1.60
2010.05.28 06:09:11.308,7.8808,7.8867,3.40,1.60
2010.05.28 06:09:11.401,7.8808,7.88695,3.40,3.20
2010.05.28 06:09:11.497,7.8808,7.88695,3.40,1.60
2010.05.28 06:09:11.601,7.8808,7.8871,3.40,1.60
2010.05.28 06:09:13.409,7.88105,7.8872,1.60,1.60
2010.05.28 06:09:19.136,7.88115,7.8869,1.60,1.60
2010.05.28 06:09:19.575,7.8818,7.88755,1.60,1.60
2010.05.28 06:09:21.346,7.882,7.8869,1.60,3.20
2010.05.28 06:09:21.691,7.882,7.88665,1.60,1.60
2010.05.28 06:09:22.567,7.88225,7.88665,1.60,1.60
2010.05.28 06:09:22.742,7.88225,7.8869,1.60,1.60
2010.05.28 06:09:23.265,7.8829,7.88725,1.60,1.60
2010.05.28 06:09:23.782,7.8829,7.88755,1.60,3.20
2010.05.28 06:09:24.085,7.8828,7.887,1.60,1.60
2010.05.28 06:09:24.398,7.8828,7.88675,1.60,1.60
2010.05.28 06:09:28.898,7.8828,7.88655,1.60,1.60
2010.05.28 06:09:29.009,7.88105,7.8853,1.60,1.00
2010.05.28 06:09:29.600,7.88075,7.8853,1.60,1.00
2010.05.28 06:09:30.622,7.8811,7.8851,1.60,1.00
2010.05.28 06:09:30.820,7.88175,7.8851,1.60,1.00
2010.05.28 06:09:31.466,7.88175,7.8853,1.60,2.40
2010.05.28 06:09:32.226,7.88075,7.8851,1.60,1.00
2010.05.28 06:09:33.844,7.88135,7.8851,1.60,1.00
2010.05.28 06:09:35.731,7.8809,7.8851,1.60,2.60
2010.05.28 06:09:38.349,7.8814,7.8866,1.60,1.60
2010.05.28 06:09:38.483,7.8814,7.88675,1.60,1.60
2010.05.28 06:09:38.757,7.882,7.887,1.60,1.60
2010.05.28 06:09:39.371,7.88245,7.88725,1.60,1.60
2010.05.28 06:09:39.718,7.8828,7.8876,1.60,1.60
2010.05.28 06:09:41.609,7.883,7.88705,1.60,1.60
2010.05.28 06:09:46.114,7.88305,7.887,1.60,1.60
2010.05.28 06:09:47.020,7.8828,7.88675,1.60,1.60
2010.05.28 06:09:47.986,7.88255,7.88645,1.60,1.60
2010.05.28 06:09:53.255,7.8828,7.88675,1.60,1.60
2010.05.28 06:09:58.335,7.88305,7.887,1.60,1.60
2010.05.28 06:10:01.209,7.88305,7.8863,1.60,1.60
2010.05.28 06:10:01.782,7.88235,7.8863,1.60,1.60
2010.05.28 06:10:01.966,7.88185,7.8857,1.60,1.60
2010.05.28 06:10:02.139,7.8816,7.8857,1.60,1.60
2010.05.28 06:10:04.644,7.8813,7.88525,1.60,1.60
2010.05.28 06:10:04.996,7.8816,7.8855,1.60,1.60
2010.05.28 06:10:07.911,7.88185,7.88575,1.60,1.60
2010.05.28 06:10:08.255,7.8822,7.88615,1.60,1.60
2010.05.28 06:10:12.353,7.8819,7.88605,1.60,1.60
2010.05.28 06:10:12.708,7.8819,7.8858,1.60,1.60
2010.05.28 06:10:13.059,7.8816,7.88555,1.60,1.60
2010.05.28 06:10:16.599,7.8819,7.8858,1.60,1.60
2010.05.28 06:10:16.822,7.8819,7.88555,1.60,1.60
2010.05.28 06:10:17.584,7.8819,7.8858,1.60,1.60
2010.05.28 06:10:41.690,7.88215,7.88605,1.60,1.60
2010.05.28 06:11:04.129,7.88215,7.88625,1.60,1.60
2010.05.28 06:11:04.230,7.88225,7.8862,1.60,1.60
2010.05.28 06:11:16.091,7.88275,7.8867,1.60,1.60
2010.05.28 06:11:23.388,7.8825,7.8864,1.00,1.60
2010.05.28 06:11:24.169,7.8825,7.88635,1.00,1.60
2010.05.28 06:11:24.199,7.8825,7.8861,1.00,1.60
2010.05.28 06:11:24.249,7.8822,7.886,2.40,1.00
2010.05.28 06:11:25.367,7.8821,7.88585,1.00,1.60
2010.05.28 06:11:25.621,7.8821,7.8857,1.00,1.00
2010.05.28 06:11:26.688,7.8821,7.8856,1.00,1.00
2010.05.28 06:11:26.919,7.8821,7.8855,1.00,1.00
2010.05.28 06:11:28.284,7.8821,7.8852,1.00,1.00
2010.05.28 06:11:28.404,7.88165,7.8852,1.60,1.20
2010.05.28 06:11:30.540,7.8819,7.8856,2.40,1.60
2010.05.28 06:11:30.689,7.8819,7.8876,2.40,1.60
2010.05.28 06:11:30.840,7.8822,7.88815,1.60,1.60
2010.05.28 06:11:32.450,7.8822,7.888,1.60,3.20
2010.05.28 06:11:33.063,7.8825,7.888,1.60,1.60
2010.05.28 06:11:34.190,7.8825,7.88775,1.60,1.60
2010.05.28 06:11:35.612,7.8825,7.8862,1.60,1.00
2010.05.28 06:11:35.881,7.88185,7.8862,1.60,1.00
2010.05.28 06:11:38.777,7.8821,7.8858,1.60,1.00
2010.05.28 06:11:39.434,7.8825,7.88645,1.60,1.60
2010.05.28 06:11:42.002,7.8822,7.8861,1.60,1.00
2010.05.28 06:11:42.250,7.8821,7.88605,1.60,1.60
2010.05.28 06:11:42.752,7.88165,7.8857,1.60,2.40
2010.05.28 06:11:42.994,7.88165,7.8856,1.60,1.60
2010.05.28 06:11:43.728,7.88165,7.8855,1.60,1.00
2010.05.28 06:11:44.552,7.88165,7.8856,1.60,2.40
2010.05.28 06:11:44.760,7.88185,7.8856,1.60,1.60
2010.05.28 06:11:45.475,7.88185,7.8858,1.60,1.60
2010.05.28 06:11:45.627,7.88225,7.8858,1.60,1.60
2010.05.28 06:11:45.769,7.88225,7.88615,1.60,1.60
2010.05.28 06:11:50.458,7.8819,7.8856,1.60,1.00
2010.05.28 06:11:51.532,7.8819,7.8855,1.60,1.00
2010.05.28 06:11:52.118,7.8819,7.8856,1.60,1.00
2010.05.28 06:11:52.257,7.88165,7.88555,1.60,1.60
2010.05.28 06:11:52.378,7.8819,7.8856,1.60,1.90
2010.05.28 06:11:52.513,7.8819,7.8856,1.60,1.10
2010.05.28 06:11:52.788,7.8819,7.8856,1.60,1.20
2010.05.28 06:11:53.158,7.8819,7.8856,1.60,2.00
2010.05.28 06:11:53.698,7.8819,7.8855,1.60,1.00
2010.05.28 06:11:54.557,7.88165,7.8852,1.60,1.00
2010.05.28 06:11:59.216,7.8819,7.8855,1.60,1.00
2010.05.28 06:12:03.044,7.88165,7.8852,1.60,1.00
2010.05.28 06:12:04.901,7.882,7.8856,1.60,1.00
2010.05.28 06:12:06.379,7.882,7.88535,1.60,1.60
2010.05.28 06:12:06.953,7.8815,7.88535,3.40,1.60
2010.05.28 06:12:09.478,7.8802,7.8845,2.60,1.60
2010.05.28 06:12:13.075,7.8803,7.88425,1.60,1.60
2010.05.28 06:12:15.633,7.8801,7.884,2.40,1.60
2010.05.28 06:12:21.419,7.8801,7.8834,2.40,1.60
2010.05.28 06:12:21.479,7.8798,7.8834,1.00,1.60
2010.05.28 06:12:22.015,7.87945,7.8834,1.60,1.60
2010.05.28 06:12:22.077,7.8792,7.883,2.40,1.60
2010.05.28 06:12:22.551,7.8788,7.88275,1.60,1.60
2010.05.28 06:12:23.510,7.8789,7.88285,1.60,1.60
2010.05.28 06:12:23.756,7.8793,7.88325,1.60,1.60
2010.05.28 06:12:23.992,7.8791,7.883,1.00,1.60
2010.05.28 06:12:25.093,7.8793,7.883,1.60,1.60
2010.05.28 06:12:25.431,7.8798,7.88345,1.00,1.60
2010.05.28 06:12:26.290,7.8803,7.88445,1.60,1.60
2010.05.28 06:12:26.641,7.88095,7.8847,1.60,1.60
2010.05.28 06:12:26.885,7.88095,7.8851,1.60,4.00
2010.05.28 06:12:30.380,7.8807,7.88465,1.60,1.60
2010.05.28 06:12:31.340,7.8806,7.88455,1.60,1.60
2010.05.28 06:12:31.530,7.8804,7.8843,1.00,1.60
2010.05.28 06:12:43.699,7.88055,7.8845,1.60,1.60
2010.05.28 06:12:47.998,7.8804,7.88445,1.00,1.60
2010.05.28 06:12:48.131,7.8803,7.8842,1.60,1.00
2010.05.28 06:12:48.258,7.8803,7.88385,1.60,1.60
2010.05.28 06:12:48.389,7.87995,7.88385,1.60,1.60
2010.05.28 06:12:52.541,7.88015,7.8841,1.60,1.60
2010.05.28 06:12:57.729,7.88015,7.8842,1.60,1.00
2010.05.28 06:12:57.948,7.8805,7.88445,1.60,1.60
2010.05.28 06:13:06.177,7.8808,7.88475,1.60,1.60
2010.05.28 06:13:13.971,7.88055,7.8845,1.60,1.60
2010.05.28 06:13:14.268,7.8804,7.8842,1.00,1.60
2010.05.28 06:13:22.402,7.87995,7.88385,1.60,1.60
2010.05.28 06:13:27.052,7.8798,7.8836,1.00,1.60
2010.05.28 06:13:32.973,7.87985,7.8838,1.60,1.60
2010.05.28 06:13:33.236,7.8798,7.88355,1.00,1.60
2010.05.28 06:13:34.743,7.87985,7.8838,1.60,1.60
2010.05.28 06:13:37.597,7.88015,7.8841,1.60,1.60
2010.05.28 06:13:41.052,7.8799,7.88385,1.60,1.60
2010.05.28 06:13:45.850,7.88015,7.8841,1.60,1.60
2010.05.28 06:13:47.046,7.8805,7.8842,1.00,1.60
2010.05.28 06:13:47.891,7.8805,7.88445,2.60,1.60
2010.05.28 06:13:55.804,7.88075,7.8847,1.60,1.60
2010.05.28 06:14:01.649,7.8812,7.8849,1.60,1.00
2010.05.28 06:14:01.863,7.8812,7.8851,1.60,1.60
2010.05.28 06:14:14.312,7.8811,7.88485,1.00,1.60
2010.05.28 06:14:20.761,7.8812,7.8851,1.60,1.60
2010.05.28 06:14:27.669,7.88185,7.8851,1.60,1.60
2010.05.28 06:14:27.811,7.88185,7.8858,1.60,1.60
2010.05.28 06:14:28.151,7.88225,7.8862,1.60,1.60
2010.05.28 06:14:30.770,7.88225,7.88595,1.60,1.60
2010.05.28 06:14:30.910,7.882,7.88595,1.60,1.60
2010.05.28 06:14:31.049,7.88225,7.8862,1.60,1.60
2010.05.28 06:14:42.277,7.88225,7.88595,1.60,1.60
2010.05.28 06:14:42.525,7.882,7.88595,1.60,1.60
2010.05.28 06:14:42.773,7.88225,7.8862,1.60,1.60
2010.05.28 06:14:56.710,7.8825,7.8862,1.60,1.60
2010.05.28 06:14:56.950,7.8825,7.88645,1.60,1.60
2010.05.28 06:15:06.500,7.8825,7.8862,1.60,1.60
2010.05.28 06:15:06.750,7.8821,7.8862,1.60,1.60
2010.05.28 06:15:07.751,7.88235,7.8863,1.60,1.60
2010.05.28 06:15:09.233,7.88235,7.88655,1.60,1.60
2010.05.28 06:15:09.441,7.883,7.88695,1.60,1.60
2010.05.28 06:15:09.647,7.8836,7.88755,1.60,1.60
2010.05.28 06:15:11.943,7.88315,7.8873,1.60,3.20
2010.05.28 06:15:12.296,7.8834,7.8873,1.60,1.60
2010.05.28 06:15:20.212,7.88365,7.8876,1.60,1.60
2010.05.28 06:15:20.553,7.8834,7.8873,1.60,1.60
2010.05.28 06:15:22.033,7.88315,7.88705,1.60,1.60
2010.05.28 06:15:22.314,7.8834,7.88735,1.60,1.60
2010.05.28 06:15:28.799,7.88365,7.88735,1.60,1.60
2010.05.28 06:15:28.899,7.88365,7.8876,1.60,1.60
2010.05.28 06:15:35.202,7.88405,7.8876,1.60,1.60
2010.05.28 06:15:35.411,7.88405,7.88795,1.60,1.60
2010.05.28 06:15:39.896,7.8843,7.8882,1.60,1.60
2010.05.28 06:15:41.502,7.88325,7.8876,1.60,1.60
2010.05.28 06:15:41.774,7.88365,7.8879,1.60,1.00
2010.05.28 06:15:43.107,7.8834,7.88715,1.00,1.60
2010.05.28 06:15:50.670,7.8832,7.8869,1.60,1.60
2010.05.28 06:15:50.883,7.883,7.887,2.40,1.60
2010.05.28 06:15:51.507,7.8831,7.887,1.60,1.60
2010.05.28 06:16:22.470,7.8828,7.88665,1.00,1.60
2010.05.28 06:16:22.813,7.88295,7.8869,1.60,1.60
2010.05.28 06:16:27.061,7.88335,7.8871,1.60,3.40
2010.05.28 06:16:27.694,7.8836,7.88755,1.60,1.60
2010.05.28 06:16:27.957,7.88395,7.8877,1.60,1.00
2010.05.28 06:16:30.203,7.8837,7.88765,1.60,1.60
2010.05.28 06:16:40.930,7.88395,7.8877,1.60,1.00
2010.05.28 06:16:44.829,7.8837,7.88765,1.60,1.60
2010.05.28 06:16:44.950,7.88395,7.8877,1.60,1.00
2010.05.28 06:16:50.748,7.8837,7.88765,1.60,1.60
2010.05.28 06:16:50.967,7.88395,7.8877,1.60,1.00
2010.05.28 06:16:53.101,7.8837,7.88765,1.60,1.60
2010.05.28 06:16:53.613,7.8837,7.8877,1.60,1.00
2010.05.28 06:16:53.869,7.88395,7.8877,1.60,1.00
2010.05.28 06:16:55.795,7.88425,7.88815,1.60,1.60
2010.05.28 06:17:04.189,7.88425,7.8884,1.60,2.60
2010.05.28 06:17:04.252,7.8846,7.8884,1.60,1.00
2010.05.28 06:17:04.311,7.8847,7.88855,1.00,1.60
2010.05.28 06:17:04.907,7.88485,7.8888,1.60,4.00
2010.05.28 06:17:06.747,7.88525,7.889,1.60,1.00
2010.05.28 06:17:07.079,7.8855,7.88945,1.60,1.60
2010.05.28 06:17:12.376,7.8859,7.8897,1.60,1.00
2010.05.28 06:17:16.174,7.88615,7.8898,1.60,2.40
2010.05.28 06:17:16.294,7.88615,7.8901,1.60,1.60
2010.05.28 06:17:22.980,7.886,7.88985,1.00,1.60
2010.05.28 06:17:26.520,7.886,7.8897,1.00,1.60
2010.05.28 06:17:29.606,7.8865,7.8903,1.60,1.00
2010.05.28 06:17:31.715,7.88675,7.8906,1.60,2.40
2010.05.28 06:17:32.253,7.88675,7.8909,1.60,1.00
2010.05.28 06:17:32.476,7.8872,7.8909,1.60,1.00
2010.05.28 06:17:35.739,7.8866,7.89045,3.40,1.60
2010.05.28 06:17:37.726,7.8863,7.8902,1.60,1.60
2010.05.28 06:17:38.559,7.88655,7.8903,1.60,1.00
2010.05.28 06:17:39.102,7.8864,7.8903,1.60,1.00
2010.05.28 06:17:47.118,7.8866,7.89035,1.00,1.60
2010.05.28 06:17:47.752,7.88665,7.8906,1.60,4.00
2010.05.28 06:17:48.087,7.88705,7.8909,1.60,1.00
2010.05.28 06:17:49.261,7.8873,7.89125,2.60,1.60
2010.05.28 06:17:49.620,7.88805,7.89195,1.60,1.60
2010.05.28 06:17:49.967,7.88845,7.8922,1.60,1.00
2010.05.28 06:17:51.519,7.8882,7.89215,1.60,1.60
2010.05.28 06:17:53.615,7.8879,7.89175,1.00,1.60
2010.05.28 06:17:58.361,7.88755,7.8915,1.60,1.60
2010.05.28 06:18:00.479,7.8878,7.8916,1.60,1.00
2010.05.28 06:18:01.445,7.88805,7.892,1.60,1.60
2010.05.28 06:18:03.429,7.8879,7.89175,1.00,1.60
2010.05.28 06:18:06.776,7.88805,7.892,1.60,1.60
2010.05.28 06:18:09.939,7.88845,7.8922,1.60,1.00
2010.05.28 06:18:10.803,7.8898,7.8928,1.00,1.60
2010.05.28 06:18:13.019,7.8904,7.8928,1.00,1.60
2010.05.28 06:18:13.806,7.8905,7.8928,1.00,1.60
2010.05.28 06:18:14.298,7.8905,7.89305,1.00,1.60
2010.05.28 06:18:14.427,7.8908,7.89305,1.00,1.60
2010.05.28 06:18:16.052,7.8905,7.89305,1.00,1.60
2010.05.28 06:18:16.259,7.8889,7.8929,1.60,1.00
2010.05.28 06:18:16.457,7.8884,7.89255,1.60,1.60
2010.05.28 06:18:18.807,7.8885,7.89225,1.00,1.60
2010.05.28 06:18:20.385,7.8886,7.89255,1.60,1.60
2010.05.28 06:18:25.053,7.8886,7.89225,1.60,1.60
2010.05.28 06:18:25.276,7.8885,7.89225,1.00,1.60
2010.05.28 06:18:25.979,7.8885,7.8925,1.00,1.60
2010.05.28 06:18:26.188,7.88895,7.8929,1.60,2.60
2010.05.28 06:18:27.113,7.8885,7.89225,1.00,1.60
2010.05.28 06:18:27.991,7.88895,7.8929,1.60,2.50
2010.05.28 06:18:28.752,7.88895,7.8929,1.60,2.50
2010.05.28 06:18:29.015,7.88925,7.89315,1.60,1.60
2010.05.28 06:18:29.271,7.8892,7.8929,1.00,1.60
2010.05.28 06:18:29.529,7.8888,7.8929,2.40,4.10
2010.05.28 06:18:30.313,7.8887,7.89265,1.60,1.60
2010.05.28 06:18:32.210,7.8892,7.8929,1.60,1.00
2010.05.28 06:18:32.535,7.8892,7.89315,2.60,1.60
2010.05.28 06:18:32.859,7.8896,7.8935,1.60,1.00
2010.05.28 06:18:36.510,7.88935,7.8933,1.60,1.60
2010.05.28 06:18:37.897,7.8896,7.8935,1.60,1.00
2010.05.28 06:18:39.843,7.88985,7.8935,1.60,1.00
2010.05.28 06:18:39.997,7.88985,7.8938,1.60,1.60
2010.05.28 06:18:41.149,7.88985,7.89355,1.60,1.60
2010.05.28 06:18:41.491,7.8898,7.89355,1.00,1.60
2010.05.28 06:18:42.182,7.88975,7.8935,1.60,1.00
2010.05.28 06:18:42.491,7.88935,7.8933,1.60,1.60
2010.05.28 06:18:43.255,7.88935,7.8935,1.60,1.00
2010.05.28 06:18:43.472,7.8896,7.8935,1.60,1.00
2010.05.28 06:18:45.079,7.8898,7.8935,1.00,1.00
2010.05.28 06:18:45.592,7.88985,7.8935,1.60,1.00
2010.05.28 06:18:45.868,7.88985,7.8938,1.60,1.60
2010.05.28 06:18:52.880,7.89015,7.8938,1.60,1.60
2010.05.28 06:18:53.091,7.8904,7.8943,1.60,1.60
2010.05.28 06:18:55.915,7.89065,7.89455,1.60,1.60
2010.05.28 06:19:01.318,7.891,7.89495,1.60,1.60
2010.05.28 06:19:04.562,7.8908,7.89475,1.60,1.60
2010.05.28 06:19:04.758,7.89115,7.89475,1.60,1.60
2010.05.28 06:19:05.080,7.89115,7.89505,1.60,1.60
2010.05.28 06:19:06.961,7.89085,7.8948,1.60,1.60
2010.05.28 06:19:08.484,7.89115,7.89505,1.60,1.60
2010.05.28 06:19:10.910,7.89085,7.8948,1.60,1.60
2010.05.28 06:19:13.804,7.8915,7.89545,1.60,1.60
2010.05.28 06:19:18.003,7.8915,7.89505,1.60,1.60
2010.05.28 06:19:18.724,7.89115,7.89505,1.60,1.60
2010.05.28 06:19:19.006,7.89085,7.8948,1.60,1.60
2010.05.28 06:19:21.775,7.89115,7.8948,1.60,1.60
2010.05.28 06:19:21.920,7.89115,7.89505,1.60,1.60
2010.05.28 06:19:22.542,7.89115,7.8953,1.60,3.20
2010.05.28 06:19:22.878,7.8914,7.8953,1.60,1.60
2010.05.28 06:19:27.962,7.89075,7.8953,1.60,1.60
2010.05.28 06:19:30.000,7.89115,7.8953,1.60,1.60
2010.05.28 06:19:30.981,7.89115,7.89505,1.60,1.60
2010.05.28 06:19:31.332,7.89085,7.8948,1.60,1.60
2010.05.28 06:19:32.483,7.89115,7.89505,1.60,1.60
2010.05.28 06:19:35.719,7.89085,7.8948,1.60,1.60
2010.05.28 06:19:43.948,7.8914,7.8953,1.60,1.60
2010.05.28 06:19:51.135,7.89245,7.8968,1.60,1.60
2010.05.28 06:19:52.120,7.89295,7.8973,1.60,1.60
2010.05.28 06:19:53.685,7.8934,7.89735,1.60,1.60
2010.05.28 06:19:54.419,7.89235,7.89735,1.60,1.60
2010.05.28 06:19:55.055,7.892,7.8966,1.00,3.40
2010.05.28 06:19:55.405,7.8909,7.89595,1.60,1.60
2010.05.28 06:19:57.063,7.89065,7.89545,1.60,1.60
2010.05.28 06:19:57.314,7.8894,7.8946,1.60,1.60
2010.05.28 06:19:57.555,7.8894,7.89435,1.60,1.60
2010.05.28 06:19:58.389,7.88895,7.8935,1.60,1.60
2010.05.28 06:19:58.745,7.88835,7.89325,1.60,1.60
2010.05.28 06:19:59.520,7.88885,7.89325,1.60,1.60
2010.05.28 06:20:00.936,7.88945,7.8936,1.60,1.60
2010.05.28 06:20:01.275,7.8872,7.8923,2.60,3.40
2010.05.28 06:20:02.438,7.88785,7.8919,1.60,3.40
2010.05.28 06:20:02.746,7.88825,7.8919,1.60,3.40
2010.05.28 06:20:03.356,7.8885,7.8926,1.60,1.00
2010.05.28 06:20:04.516,7.88865,7.8926,1.60,1.00
2010.05.28 06:20:04.853,7.8883,7.8926,1.00,1.00
2010.05.28 06:20:06.592,7.8883,7.8926,1.00,1.20
2010.05.28 06:20:06.925,7.88785,7.8919,1.60,3.40
2010.05.28 06:20:07.179,7.88775,7.8919,1.60,3.40
2010.05.28 06:20:08.630,7.8876,7.8917,1.00,1.60
2010.05.28 06:20:08.799,7.8876,7.89145,1.00,1.60
2010.05.28 06:20:08.969,7.88725,7.8913,1.60,1.00
2010.05.28 06:20:12.249,7.8875,7.8913,1.60,1.00
2010.05.28 06:20:12.469,7.88775,7.8917,1.60,1.60
2010.05.28 06:20:13.800,7.8877,7.8914,1.00,1.60
2010.05.28 06:20:14.058,7.8883,7.8917,1.00,1.60
2010.05.28 06:20:14.315,7.8884,7.8923,1.60,1.60
2010.05.28 06:20:14.990,7.8884,7.89205,1.60,1.60
2010.05.28 06:20:15.295,7.8883,7.8921,1.00,1.60
2010.05.28 06:20:15.594,7.88835,7.8921,1.60,1.60
2010.05.28 06:20:15.894,7.88875,7.8923,1.60,1.60
2010.05.28 06:20:16.194,7.88875,7.8926,1.60,1.00
2010.05.28 06:20:17.053,7.8885,7.89245,1.60,1.60
2010.05.28 06:20:19.281,7.8883,7.89205,1.00,1.60
2010.05.28 06:20:19.446,7.88785,7.8918,1.60,1.60
2010.05.28 06:20:20.054,7.88845,7.8928,1.60,1.60
2010.05.28 06:20:20.728,7.89,7.8929,3.20,1.60
2010.05.28 06:20:21.970,7.8905,7.8927,3.20,1.60
2010.05.28 06:20:22.914,7.89095,7.8932,3.20,1.60
2010.05.28 06:20:24.925,7.89065,7.893,3.20,1.60
2010.05.28 06:20:25.208,7.89065,7.8926,3.20,2.00
2010.05.28 06:20:25.360,7.8891,7.8925,3.20,3.20
2010.05.28 06:20:25.509,7.88895,7.8924,3.20,3.20
2010.05.28 06:20:25.659,7.8889,7.8923,3.20,3.20
2010.05.28 06:20:26.324,7.8889,7.892,3.20,1.00
2010.05.28 06:20:26.674,7.88905,7.892,3.20,1.00
2010.05.28 06:20:28.299,7.88875,7.89195,3.20,3.20
2010.05.28 06:20:31.100,7.8884,7.8916,3.20,3.20
2010.05.28 06:20:31.329,7.88825,7.89145,3.20,3.20
2010.05.28 06:20:32.375,7.88855,7.89165,3.20,1.60
2010.05.28 06:20:32.621,7.88825,7.89145,3.20,3.20
2010.05.28 06:20:34.690,7.8879,7.89115,3.20,3.20
2010.05.28 06:20:35.051,7.8879,7.891,3.20,1.60
2010.05.28 06:20:35.630,7.8879,7.8904,3.20,1.60
2010.05.28 06:20:35.972,7.88715,7.8902,3.20,3.20
2010.05.28 06:20:37.155,7.88795,7.8914,3.20,3.20
2010.05.28 06:20:42.331,7.88785,7.8909,3.20,3.20
2010.05.28 06:20:43.199,7.88885,7.8916,3.20,1.00
2010.05.28 06:20:43.916,7.88885,7.8921,3.20,3.20
2010.05.28 06:20:44.223,7.88875,7.8918,3.20,3.20
2010.05.28 06:20:44.838,7.88825,7.89125,3.20,3.20
2010.05.28 06:20:45.445,7.8878,7.8908,3.20,3.20
2010.05.28 06:20:45.777,7.8863,7.88975,3.20,3.20
2010.05.28 06:20:48.177,7.88715,7.8902,3.20,5.80
2010.05.28 06:20:48.526,7.8878,7.8908,3.20,3.20
2010.05.28 06:20:50.258,7.8878,7.8908,3.20,6.40
2010.05.28 06:20:51.102,7.88755,7.89055,3.20,3.20
2010.05.28 06:20:51.438,7.88745,7.8905,3.20,3.20
2010.05.28 06:20:54.086,7.8878,7.8908,3.20,3.20
2010.05.28 06:20:54.252,7.88745,7.8905,3.20,3.20
2010.05.28 06:20:55.265,7.88725,7.8903,3.20,3.20
2010.05.28 06:20:55.615,7.8868,7.88985,3.20,3.20
2010.05.28 06:21:03.901,7.8869,7.88985,3.20,3.20
2010.05.28 06:21:04.098,7.88715,7.8902,3.20,3.20
2010.05.28 06:21:04.974,7.8869,7.88985,3.20,3.20
2010.05.28 06:21:05.168,7.8865,7.88955,3.20,3.20
2010.05.28 06:21:05.887,7.88585,7.8889,3.20,3.20
2010.05.28 06:21:06.087,7.8845,7.88795,3.20,3.20
2010.05.28 06:21:07.372,7.8849,7.88795,3.20,3.20
2010.05.28 06:21:08.480,7.8846,7.8876,3.20,3.20
2010.05.28 06:21:08.821,7.8849,7.88795,3.20,3.20
2010.05.28 06:21:09.171,7.8852,7.88825,3.20,3.20
2010.05.28 06:21:09.522,7.88555,7.8885,3.20,3.20
2010.05.28 06:21:10.375,7.88555,7.8886,3.20,3.20
2010.05.28 06:21:10.959,7.88585,7.8889,3.20,3.20
2010.05.28 06:21:11.729,7.8862,7.8892,3.20,3.20
2010.05.28 06:21:19.321,7.88625,7.8892,3.20,3.20
2010.05.28 06:21:19.440,7.8865,7.88955,3.20,3.20
2010.05.28 06:21:19.853,7.8869,7.8898,3.20,3.20
2010.05.28 06:21:20.170,7.8869,7.88995,3.20,3.20
2010.05.28 06:21:21.000,7.888,7.8911,3.20,2.40
2010.05.28 06:21:21.236,7.88765,7.8911,3.20,3.20
2010.05.28 06:21:22.008,7.8885,7.89155,3.20,3.20
2010.05.28 06:21:24.760,7.8882,7.89125,3.20,3.20
2010.05.28 06:21:28.351,7.88785,7.8909,3.20,3.20
2010.05.28 06:21:29.641,7.888,7.89115,3.20,1.60
2010.05.28 06:21:30.257,7.88765,7.8909,3.20,4.80
2010.05.28 06:21:34.824,7.88755,7.8906,3.20,3.20
2010.05.28 06:21:35.868,7.88785,7.8909,3.20,3.20
2010.05.28 06:21:40.398,7.88785,7.8909,3.20,4.80
2010.05.28 06:21:40.611,7.88755,7.8906,3.20,3.20
2010.05.28 06:21:42.130,7.88695,7.88975,1.60,3.20
2010.05.28 06:21:42.289,7.8867,7.88975,1.60,3.20
2010.05.28 06:21:42.450,7.8867,7.89005,1.60,3.20
2010.05.28 06:21:50.429,7.88635,7.88925,1.60,3.20
2010.05.28 06:21:58.356,7.88605,7.88895,1.60,3.20
2010.05.28 06:21:58.706,7.88595,7.8886,1.60,3.20
2010.05.28 06:21:59.403,7.8857,7.8886,1.60,3.20
2010.05.28 06:22:00.418,7.88595,7.88885,1.60,3.20
2010.05.28 06:22:01.353,7.88595,7.88895,1.60,3.20
2010.05.28 06:22:01.961,7.886,7.8892,3.20,3.20
2010.05.28 06:22:05.881,7.88635,7.88955,4.80,3.20
2010.05.28 06:22:06.749,7.88605,7.8892,1.60,3.20
2010.05.28 06:22:08.099,7.88635,7.88955,4.80,3.20
2010.05.28 06:22:08.360,7.88695,7.88985,1.60,3.20
2010.05.28 06:22:08.511,7.88675,7.88985,3.20,3.20
2010.05.28 06:22:09.173,7.88695,7.8902,3.20,3.20
2010.05.28 06:22:09.345,7.88695,7.8902,4.80,3.20
2010.05.28 06:22:10.029,7.88695,7.8899,1.60,3.20
2010.05.28 06:22:10.900,7.8867,7.88955,1.60,3.20
2010.05.28 06:22:12.382,7.88695,7.88955,3.20,3.20
2010.05.28 06:22:12.685,7.88695,7.88955,1.60,3.20
2010.05.28 06:22:14.661,7.88695,7.88965,1.60,3.20
2010.05.28 06:22:17.518,7.8867,7.88955,1.60,3.20
2010.05.28 06:22:19.465,7.88695,7.88955,1.60,3.20
2010.05.28 06:22:19.708,7.88695,7.88965,1.60,3.20
2010.05.28 06:22:21.208,7.88695,7.8894,1.60,3.20
2010.05.28 06:22:21.441,7.88635,7.8894,4.80,3.20
2010.05.28 06:22:21.669,7.88635,7.88925,1.60,3.20
2010.05.28 06:22:23.320,7.8861,7.88895,1.60,3.20
2010.05.28 06:22:27.109,7.8849,7.8883,3.20,3.20
2010.05.28 06:22:27.708,7.8848,7.88825,3.20,3.20
2010.05.28 06:22:33.683,7.8851,7.88835,3.20,3.20
2010.05.28 06:22:40.509,7.885,7.88805,3.20,3.20
2010.05.28 06:22:41.249,7.885,7.8878,3.20,1.00
2010.05.28 06:22:41.441,7.8847,7.8877,3.20,3.20
2010.05.28 06:22:44.311,7.88475,7.8877,3.20,3.20
2010.05.28 06:22:44.946,7.8847,7.8877,3.20,3.20
2010.05.28 06:22:45.670,7.8847,7.8873,3.20,3.20
2010.05.28 06:22:45.941,7.88335,7.8867,1.60,3.20
2010.05.28 06:22:46.210,7.8832,7.8866,4.80,3.20
2010.05.28 06:22:52.029,7.8837,7.88675,3.20,3.20
2010.05.28 06:22:52.360,7.8834,7.8864,4.80,3.20
2010.05.28 06:22:57.429,7.8837,7.88675,3.20,3.20
2010.05.28 06:23:05.198,7.88365,7.8864,1.60,3.20
2010.05.28 06:23:05.248,7.8834,7.8864,4.80,3.20
2010.05.28 06:23:09.095,7.8837,7.88675,3.20,3.20
2010.05.28 06:23:11.458,7.88345,7.8864,3.20,3.20
2010.05.28 06:23:11.726,7.884,7.8866,1.60,3.20
2010.05.28 06:23:11.996,7.88435,7.8873,3.20,3.20
2010.05.28 06:23:12.766,7.88465,7.8876,3.20,3.20
2010.05.28 06:23:13.113,7.88405,7.88705,1.60,3.20
2010.05.28 06:23:16.960,7.88435,7.8874,3.20,3.20
2010.05.28 06:23:21.465,7.88465,7.8877,3.20,3.20
2010.05.28 06:23:21.818,7.8844,7.8874,1.60,3.20
2010.05.28 06:23:30.589,7.8847,7.88745,1.60,3.20
2010.05.28 06:23:30.708,7.8847,7.8877,1.60,6.40
2010.05.28 06:23:31.533,7.8847,7.8877,1.60,3.20
2010.05.28 06:23:31.883,7.8847,7.88745,1.60,3.20
2010.05.28 06:23:35.071,7.8847,7.8877,1.60,3.20
2010.05.28 06:23:35.368,7.8847,7.8877,1.60,6.40
2010.05.28 06:23:35.570,7.8847,7.88745,1.60,3.20
2010.05.28 06:23:44.238,7.8844,7.88745,3.20,3.20
2010.05.28 06:23:44.348,7.88415,7.8872,3.20,3.20
2010.05.28 06:23:44.459,7.88405,7.88705,1.60,3.20
2010.05.28 06:23:46.908,7.88405,7.88655,1.60,3.20
2010.05.28 06:23:47.072,7.8833,7.88635,3.20,3.20
2010.05.28 06:23:47.235,7.88405,7.8875,3.20,5.60
2010.05.28 06:23:47.927,7.88455,7.8875,3.20,2.40
2010.05.28 06:23:48.141,7.8849,7.88845,3.20,1.60
2010.05.28 06:23:48.863,7.8851,7.888,3.20,2.40
2010.05.28 06:23:49.222,7.8857,7.8891,3.20,1.60
2010.05.28 06:23:51.250,7.885,7.88815,1.60,3.20
2010.05.28 06:23:51.458,7.88475,7.88815,3.20,3.20
2010.05.28 06:23:52.667,7.8854,7.8886,3.20,3.20
2010.05.28 06:23:52.880,7.88525,7.8883,3.20,3.20
2010.05.28 06:23:54.069,7.8856,7.88855,3.20,3.20
2010.05.28 06:23:54.382,7.8859,7.88895,3.20,3.20
2010.05.28 06:23:55.522,7.88655,7.8896,3.20,3.20
2010.05.28 06:23:55.763,7.887,7.89,3.20,1.00
2010.05.28 06:23:56.000,7.887,7.8902,3.20,3.20
2010.05.28 06:23:56.729,7.88705,7.89,3.20,3.20
2010.05.28 06:23:57.077,7.88665,7.8899,3.20,3.20
2010.05.28 06:23:57.424,7.8873,7.8909,3.20,3.20
2010.05.28 06:23:58.252,7.8873,7.89085,3.20,1.60
2010.05.28 06:23:58.596,7.8868,7.88995,3.20,4.80
2010.05.28 06:23:58.944,7.8864,7.8896,3.20,3.20
2010.05.28 06:23:59.807,7.8864,7.88955,3.20,1.60
2010.05.28 06:24:00.140,7.8854,7.88885,3.20,3.20
2010.05.28 06:24:00.947,7.885,7.8882,3.20,3.20
2010.05.28 06:24:01.242,7.8848,7.888,3.20,3.20
2010.05.28 06:24:02.083,7.8846,7.88775,3.20,1.60
2010.05.28 06:24:02.436,7.8848,7.888,3.20,3.20
2010.05.28 06:24:03.770,7.8847,7.8877,3.20,3.20
2010.05.28 06:24:08.448,7.885,7.88795,3.20,3.20
2010.05.28 06:24:09.298,7.8847,7.8877,3.20,3.20
2010.05.28 06:24:09.624,7.88435,7.8874,3.20,3.20
2010.05.28 06:24:10.267,7.88435,7.8874,3.20,4.80
2010.05.28 06:24:10.579,7.8832,7.88665,3.20,3.20
2010.05.28 06:24:11.779,7.8837,7.88675,3.20,3.20
2010.05.28 06:24:12.462,7.88405,7.8871,3.20,3.20
2010.05.28 06:24:24.950,7.88435,7.8874,3.20,4.80
2010.05.28 06:24:25.141,7.88435,7.8874,3.20,3.20
2010.05.28 06:24:31.460,7.8841,7.8871,3.20,3.20
2010.05.28 06:24:31.680,7.88405,7.8871,3.20,3.20
2010.05.28 06:24:33.109,7.88405,7.8871,3.20,3.60
2010.05.28 06:24:33.259,7.8837,7.88675,3.20,3.20
2010.05.28 06:24:47.090,7.8834,7.88645,3.20,3.20
2010.05.28 06:24:53.520,7.8828,7.88595,3.20,3.20
2010.05.28 06:24:58.374,7.88215,7.88535,3.20,3.20
2010.05.28 06:25:02.341,7.8822,7.88535,3.20,3.20
2010.05.28 06:25:02.477,7.88245,7.8855,3.20,3.20
2010.05.28 06:25:04.468,7.8825,7.8855,3.20,3.20
2010.05.28 06:25:04.549,7.88275,7.8858,3.20,3.20
2010.05.28 06:25:04.629,7.88285,7.8858,3.20,3.20
2010.05.28 06:25:04.711,7.8831,7.8861,3.20,4.80
2010.05.28 06:25:04.868,7.8831,7.8861,3.20,3.20
2010.05.28 06:25:05.475,7.88275,7.8858,3.20,3.20
2010.05.28 06:25:06.161,7.8831,7.8861,3.20,3.20
2010.05.28 06:25:06.953,7.88305,7.8861,3.20,3.20
2010.05.28 06:25:08.079,7.8827,7.88575,3.20,3.20
2010.05.28 06:25:09.563,7.8836,7.8872,3.20,4.80
2010.05.28 06:25:10.240,7.8839,7.8872,3.20,1.60
2010.05.28 06:25:10.496,7.88425,7.88745,3.20,3.20
2010.05.28 06:25:10.755,7.8855,7.88885,3.20,1.60
2010.05.28 06:25:11.526,7.88645,7.88995,3.20,1.60
2010.05.28 06:25:11.873,7.8857,7.88915,3.20,3.20
2010.05.28 06:25:12.543,7.88525,7.8885,3.20,3.20
2010.05.28 06:25:14.749,7.88495,7.88815,3.20,3.20
2010.05.28 06:25:17.994,7.88435,7.88755,3.20,3.20
2010.05.28 06:25:19.433,7.88465,7.8877,3.20,3.20
2010.05.28 06:25:23.005,7.8844,7.88735,3.20,3.20
2010.05.28 06:25:23.192,7.884,7.88705,3.20,3.20
2010.05.28 06:25:26.752,7.8837,7.8867,3.20,3.20
2010.05.28 06:25:27.533,7.88335,7.8864,3.20,3.20
2010.05.28 06:25:28.536,7.8835,7.88655,3.20,3.20
2010.05.28 06:25:28.808,7.884,7.88705,3.20,3.20
2010.05.28 06:25:29.513,7.8843,7.88735,3.20,3.20
2010.05.28 06:25:30.395,7.88465,7.8876,3.20,3.20
2010.05.28 06:25:30.745,7.88465,7.8877,3.20,3.20
2010.05.28 06:25:30.966,7.88495,7.888,3.20,3.20
2010.05.28 06:25:31.765,7.8838,7.88725,3.20,3.20
2010.05.28 06:25:35.039,7.88365,7.8867,3.20,3.20
2010.05.28 06:25:35.285,7.88355,7.8864,1.60,3.20
2010.05.28 06:25:35.934,7.88335,7.8864,3.20,3.20
2010.05.28 06:25:46.283,7.88305,7.88605,3.20,3.20
2010.05.28 06:25:48.140,7.882,7.8826,9.10,3.20
2010.05.28 06:25:48.289,7.8778,7.8831,3.20,1.60
2010.05.28 06:25:48.558,7.87805,7.8831,3.20,3.20
2010.05.28 06:25:49.099,7.8778,7.8824,3.20,3.20
2010.05.28 06:25:49.369,7.8788,7.88185,3.20,3.20
2010.05.28 06:25:50.373,7.8785,7.8815,3.20,3.20
2010.05.28 06:25:59.360,7.8792,7.88225,3.20,3.20
2010.05.28 06:26:00.304,7.8799,7.88295,3.20,3.20
2010.05.28 06:26:03.628,7.8799,7.88285,3.20,1.60
2010.05.28 06:26:03.752,7.8799,7.8826,3.20,1.60
2010.05.28 06:26:05.748,7.8793,7.88235,3.20,3.20
2010.05.28 06:26:07.918,7.87925,7.8823,3.20,3.20
2010.05.28 06:26:12.574,7.87785,7.8813,3.20,3.20
2010.05.28 06:26:12.925,7.87795,7.8814,3.20,3.20
2010.05.28 06:26:15.163,7.878,7.8804,1.00,3.20
2010.05.28 06:26:15.462,7.8768,7.88025,3.20,3.20
2010.05.28 06:26:15.609,7.8772,7.88035,1.60,3.20
2010.05.28 06:26:15.759,7.8779,7.88135,3.20,3.20
2010.05.28 06:26:18.050,7.8781,7.88075,3.20,1.60
2010.05.28 06:26:18.159,7.8779,7.88015,3.20,3.20
2010.05.28 06:26:18.269,7.8769,7.88015,3.20,3.20
2010.05.28 06:26:18.380,7.8768,7.88005,3.20,3.20
2010.05.28 06:26:18.639,7.8771,7.88035,3.20,3.20
2010.05.28 06:26:19.150,7.8768,7.88005,3.20,3.20
2010.05.28 06:26:19.409,7.87705,7.8801,3.20,3.20
2010.05.28 06:26:20.214,7.877,7.88005,3.20,3.20
2010.05.28 06:26:30.068,7.87705,7.8801,3.20,3.20
2010.05.28 06:26:30.982,7.877,7.88005,3.20,3.20
2010.05.28 06:26:33.255,7.8781,7.8815,3.20,1.00
2010.05.28 06:26:33.359,7.8778,7.8812,3.20,3.20
2010.05.28 06:26:33.701,7.8781,7.88155,3.20,3.20
2010.05.28 06:26:35.699,7.8783,7.881,3.20,1.00
2010.05.28 06:26:36.345,7.8783,7.8811,3.20,1.00
2010.05.28 06:26:36.505,7.87895,7.8822,3.20,3.20
2010.05.28 06:26:36.854,7.87925,7.8825,3.20,4.80
2010.05.28 06:26:37.544,7.8795,7.8823,1.00,3.20
2010.05.28 06:26:37.795,7.8799,7.88295,3.20,3.20
2010.05.28 06:26:38.825,7.87935,7.88175,3.20,3.20
2010.05.28 06:26:39.174,7.8783,7.88185,1.00,3.20
2010.05.28 06:26:39.834,7.8782,7.8814,3.20,3.20
2010.05.28 06:26:40.187,7.8783,7.88135,3.20,3.20
2010.05.28 06:26:41.027,7.8782,7.88115,1.00,3.20
2010.05.28 06:26:41.377,7.878,7.881,3.20,3.20
2010.05.28 06:26:44.968,7.87815,7.881,1.60,3.20
2010.05.28 06:26:45.638,7.8788,7.88225,4.20,3.20
2010.05.28 06:26:45.906,7.8804,7.8833,3.20,1.60
2010.05.28 06:26:46.170,7.8804,7.88345,3.20,1.60
2010.05.28 06:26:47.941,7.88145,7.88325,3.20,1.60
2010.05.28 06:26:48.160,7.8815,7.88455,3.20,1.60
2010.05.28 06:26:48.379,7.88175,7.885,3.20,3.20
2010.05.28 06:26:48.649,7.88215,7.88525,3.20,1.60
2010.05.28 06:26:48.920,7.88215,7.88535,3.20,1.60
2010.05.28 06:26:54.358,7.8819,7.88495,6.40,3.20
2010.05.28 06:26:54.669,7.88185,7.8849,3.20,3.20
2010.05.28 06:26:56.279,7.88175,7.8848,3.20,3.20
2010.05.28 06:26:56.530,7.88165,7.8847,3.20,3.20
2010.05.28 06:27:01.395,7.88165,7.8841,3.20,3.20
2010.05.28 06:27:01.524,7.87905,7.8829,3.20,3.20
2010.05.28 06:27:04.642,7.87965,7.8827,3.20,3.20
2010.05.28 06:27:07.056,7.87935,7.88235,3.20,3.20
2010.05.28 06:27:13.212,7.879,7.88205,3.20,3.20
2010.05.28 06:27:14.055,7.8787,7.88175,3.20,3.20
2010.05.28 06:27:14.224,7.87805,7.8811,3.20,3.20
2010.05.28 06:27:14.393,7.87775,7.88075,3.20,3.20
2010.05.28 06:27:15.263,7.8774,7.88045,3.20,3.20
2010.05.28 06:27:17.132,7.87715,7.8798,3.20,3.20
2010.05.28 06:27:17.413,7.8774,7.88035,3.20,3.20
2010.05.28 06:27:18.202,7.8774,7.88045,3.20,3.20
2010.05.28 06:27:18.907,7.87775,7.88075,3.20,3.20
2010.05.28 06:27:23.165,7.87805,7.881,3.20,3.20
2010.05.28 06:27:23.475,7.87835,7.8814,3.20,3.20
2010.05.28 06:27:24.083,7.8787,7.8817,3.20,2.40
2010.05.28 06:27:24.820,7.8787,7.88175,3.20,3.20
2010.05.28 06:27:25.166,7.87935,7.88235,3.20,3.20
2010.05.28 06:27:28.153,7.8791,7.88205,3.20,3.20
2010.05.28 06:27:28.804,7.879,7.88205,3.20,3.20
2010.05.28 06:27:29.076,7.87835,7.8814,3.20,3.20
2010.05.28 06:27:31.988,7.87805,7.8811,3.20,3.20
2010.05.28 06:27:32.109,7.87835,7.8814,3.20,3.20
2010.05.28 06:27:40.662,7.8787,7.88165,3.20,3.20
2010.05.28 06:27:40.780,7.87835,7.8814,3.20,3.20
2010.05.28 06:27:40.949,7.87845,7.8814,3.20,3.20
2010.05.28 06:27:41.058,7.87835,7.8814,3.20,3.20
2010.05.28 06:27:50.090,7.8787,7.88165,3.20,3.20
2010.05.28 06:27:50.200,7.8787,7.88175,3.20,3.20
2010.05.28 06:27:51.026,7.879,7.88195,3.20,3.20
2010.05.28 06:27:51.283,7.879,7.88205,3.20,3.20
2010.05.28 06:27:53.080,7.8787,7.88175,3.20,3.20
2010.05.28 06:27:53.841,7.879,7.88205,3.20,3.20
2010.05.28 06:28:03.802,7.87835,7.8814,3.20,3.20
2010.05.28 06:28:08.254,7.8785,7.88155,3.20,3.20
2010.05.28 06:28:08.456,7.8787,7.88175,3.20,3.20
2010.05.28 06:28:10.058,7.8785,7.88155,3.20,3.20
2010.05.28 06:28:10.202,7.87825,7.8812,3.20,3.20
2010.05.28 06:28:10.852,7.87835,7.8814,3.20,3.20
2010.05.28 06:28:11.206,7.8787,7.88175,3.20,3.20
2010.05.28 06:28:11.554,7.87835,7.8814,3.20,3.20
2010.05.28 06:28:12.363,7.8772,7.88065,3.20,3.20
2010.05.28 06:28:12.715,7.87655,7.8796,3.20,3.20
2010.05.28 06:28:13.064,7.8756,7.87905,3.20,3.20
2010.05.28 06:28:14.586,7.87535,7.87835,3.20,3.20
2010.05.28 06:28:15.404,7.8751,7.8781,3.20,3.20
2010.05.28 06:28:16.892,7.8754,7.87845,3.20,3.20
2010.05.28 06:28:17.763,7.87605,7.8791,3.20,3.20
2010.05.28 06:28:20.207,7.8757,7.87875,3.20,3.20
2010.05.28 06:28:26.088,7.87605,7.8791,3.20,3.20
2010.05.28 06:28:27.151,7.87635,7.8793,3.20,3.20
2010.05.28 06:28:28.027,7.877,7.88005,3.20,3.20
2010.05.28 06:28:29.625,7.8773,7.88035,3.20,3.20
2010.05.28 06:28:31.471,7.87765,7.8806,3.20,3.20
2010.05.28 06:28:31.670,7.87765,7.8807,3.20,3.20
2010.05.28 06:28:31.870,7.8774,7.88035,1.60,3.20
2010.05.28 06:28:32.597,7.87765,7.8806,3.20,3.20
2010.05.28 06:28:32.946,7.8777,7.8807,3.20,3.20
2010.05.28 06:28:33.293,7.87795,7.881,3.20,3.20
2010.05.28 06:28:34.194,7.8783,7.8813,3.20,3.20
2010.05.28 06:28:35.882,7.87795,7.881,3.20,3.20
2010.05.28 06:28:39.211,7.87765,7.8807,3.20,3.20
2010.05.28 06:28:40.558,7.87815,7.8807,3.20,3.20
2010.05.28 06:28:40.733,7.87795,7.8809,3.20,3.20
2010.05.28 06:28:40.911,7.87795,7.881,3.20,3.20
2010.05.28 06:28:42.910,7.87765,7.8807,3.20,3.20
2010.05.28 06:28:43.984,7.8771,7.88005,2.60,3.20
2010.05.28 06:28:44.370,7.877,7.88005,3.20,3.20
2010.05.28 06:28:45.310,7.8767,7.8797,3.20,3.20
2010.05.28 06:28:45.621,7.8761,7.8791,3.20,3.20
2010.05.28 06:28:45.897,7.87605,7.8789,3.20,1.00
2010.05.28 06:28:46.667,7.87495,7.8783,3.20,3.20
2010.05.28 06:28:47.015,7.87425,7.8777,3.20,3.20
2010.05.28 06:28:48.240,7.87475,7.8778,3.20,3.20
2010.05.28 06:28:48.585,7.8755,7.87895,3.20,3.20
2010.05.28 06:28:49.435,7.87585,7.8791,3.20,1.00
2010.05.28 06:28:49.797,7.87635,7.8794,3.20,3.20
2010.05.28 06:28:50.692,7.87635,7.8794,4.80,3.20
2010.05.28 06:28:50.972,7.87605,7.8791,3.20,3.20
2010.05.28 06:28:51.245,7.8757,7.87875,3.20,3.20
2010.05.28 06:28:52.833,7.87545,7.87845,1.60,3.20
2010.05.28 06:28:53.656,7.8757,7.87875,3.20,3.20
2010.05.28 06:28:53.913,7.87575,7.8788,3.20,3.20
2010.05.28 06:28:54.176,7.87555,7.8786,3.20,3.20
2010.05.28 06:28:55.697,7.87435,7.8778,3.20,3.20
2010.05.28 06:28:56.977,7.8749,7.8779,3.20,3.20
2010.05.28 06:28:57.669,7.8747,7.8773,3.20,1.00
2010.05.28 06:28:58.268,7.87425,7.87715,3.20,1.60
2010.05.28 06:28:58.617,7.87275,7.8762,3.20,3.20
2010.05.28 06:28:59.481,7.8731,7.8763,3.20,1.00
2010.05.28 06:28:59.827,7.8736,7.87665,3.20,3.20
2010.05.28 06:29:00.178,7.87395,7.87695,3.20,3.20
2010.05.28 06:29:01.215,7.8747,7.8781,3.20,3.20
2010.05.28 06:29:02.821,7.8752,7.87825,3.20,3.20
2010.05.28 06:29:03.066,7.8755,7.8785,3.20,3.20
2010.05.28 06:29:03.312,7.8755,7.87855,3.20,3.20
2010.05.28 06:29:04.266,7.87435,7.8778,3.20,3.20
2010.05.28 06:29:05.575,7.87455,7.8775,3.20,1.60
2010.05.28 06:29:05.929,7.87395,7.87695,3.20,3.20
2010.05.28 06:29:07.084,7.8736,7.87665,3.20,3.20
2010.05.28 06:29:07.655,7.8736,7.8761,3.20,1.00
2010.05.28 06:29:09.123,7.87295,7.876,3.20,4.80
2010.05.28 06:29:09.344,7.87275,7.8758,3.20,3.20
2010.05.28 06:29:16.953,7.87265,7.8757,3.20,3.20
2010.05.28 06:29:18.635,7.87265,7.8754,3.20,1.00
2010.05.28 06:29:18.774,7.872,7.87505,3.20,3.20
2010.05.28 06:29:19.785,7.8717,7.87475,3.20,3.20
2010.05.28 06:29:20.478,7.8712,7.8744,3.20,3.20
2010.05.28 06:29:21.275,7.8711,7.8743,3.20,3.20
2010.05.28 06:29:21.540,7.87075,7.87395,3.20,3.20
2010.05.28 06:29:21.885,7.8714,7.8746,3.20,3.20
2010.05.28 06:29:23.155,7.8717,7.87495,3.20,3.20
2010.05.28 06:29:23.392,7.8717,7.87495,4.80,3.20
2010.05.28 06:29:24.132,7.87235,7.87555,3.20,3.20
2010.05.28 06:29:25.669,7.87265,7.8757,3.20,3.20
2010.05.28 06:29:28.892,7.87265,7.8756,3.20,1.60
2010.05.28 06:29:29.019,7.87235,7.87535,3.20,3.20
2010.05.28 06:29:35.330,7.87275,7.8757,3.20,3.20
2010.05.28 06:29:35.550,7.87295,7.876,3.20,3.20
2010.05.28 06:29:38.256,7.8724,7.87535,3.20,3.20
2010.05.28 06:29:38.681,7.87235,7.87535,3.20,3.20
2010.05.28 06:29:38.895,7.87265,7.8757,3.20,3.20
2010.05.28 06:29:39.747,7.87235,7.87535,3.20,3.20
2010.05.28 06:29:44.807,7.87265,7.8756,3.20,3.20
2010.05.28 06:29:45.157,7.8734,7.8767,3.20,1.60
2010.05.28 06:29:45.741,7.8734,7.87685,3.20,3.20
2010.05.28 06:29:46.804,7.8734,7.87645,3.20,3.20
2010.05.28 06:29:47.154,7.8733,7.87635,3.20,3.20
2010.05.28 06:29:49.246,7.87305,7.87515,3.20,3.20
2010.05.28 06:29:49.998,7.8719,7.87515,3.20,3.20
2010.05.28 06:29:50.348,7.8709,7.8743,3.20,3.20
2010.05.28 06:29:52.201,7.87115,7.8743,3.20,3.20
2010.05.28 06:29:52.950,7.87135,7.8744,3.20,3.20
2010.05.28 06:29:53.769,7.8709,7.87395,1.00,3.20
2010.05.28 06:29:54.368,7.8711,7.8742,3.20,3.20
2010.05.28 06:29:54.716,7.87055,7.87375,3.20,3.20
2010.05.28 06:29:55.400,7.87085,7.8739,3.20,3.20
2010.05.28 06:29:57.176,7.87115,7.8742,3.20,3.20
2010.05.28 06:29:58.859,7.8715,7.8745,3.20,1.00
2010.05.28 06:29:59.061,7.87235,7.87595,3.20,3.20
2010.05.28 06:29:59.252,7.873,7.8762,3.20,3.20
2010.05.28 06:29:59.788,7.873,7.87655,3.20,3.20
2010.05.28 06:29:59.987,7.87365,7.877,3.20,2.40
2010.05.28 06:30:00.844,7.87415,7.87735,3.20,3.20
2010.05.28 06:30:01.197,7.87525,7.8786,3.20,1.00
2010.05.28 06:30:01.543,7.87525,7.87885,3.20,3.20
2010.05.28 06:30:02.451,7.8733,7.87715,3.20,3.20
2010.05.28 06:30:02.799,7.87365,7.8775,3.20,3.20
2010.05.28 06:30:03.411,7.8733,7.87715,3.20,3.20
2010.05.28 06:30:07.208,7.8737,7.87645,3.20,1.60
2010.05.28 06:30:07.941,7.87255,7.8758,3.20,3.20
2010.05.28 06:30:08.201,7.8719,7.87515,3.20,3.20
2010.05.28 06:30:09.204,7.8718,7.87485,3.20,3.20
2010.05.28 06:30:11.294,7.8721,7.87515,3.20,3.20
2010.05.28 06:30:15.980,7.8722,7.87515,3.20,3.20
2010.05.28 06:30:16.173,7.87245,7.8755,3.20,3.20
2010.05.28 06:30:16.842,7.87275,7.8758,3.20,3.20
2010.05.28 06:30:17.188,7.8734,7.87645,3.20,3.20
2010.05.28 06:30:24.902,7.8731,7.8761,3.20,3.20
2010.05.28 06:30:25.614,7.8711,7.87475,3.20,3.20
2010.05.28 06:30:26.886,7.87115,7.8742,3.20,3.20
2010.05.28 06:30:30.431,7.87115,7.87405,3.20,1.60
2010.05.28 06:30:31.058,7.87095,7.87355,3.20,3.20
2010.05.28 06:30:31.207,7.87085,7.8738,3.20,3.20
2010.05.28 06:30:31.351,7.87055,7.87355,3.20,3.20
2010.05.28 06:30:31.620,7.87085,7.8739,3.20,3.20
2010.05.28 06:30:32.852,7.87055,7.87355,3.20,3.20
2010.05.28 06:30:33.201,7.8699,7.87295,3.20,3.20
2010.05.28 06:30:34.196,7.8702,7.87325,3.20,3.20
2010.05.28 06:30:39.848,7.87055,7.87355,3.20,3.20
2010.05.28 06:30:42.528,7.87085,7.8739,3.20,3.20
2010.05.28 06:30:49.110,7.8706,7.87355,3.20,3.20
2010.05.28 06:30:49.191,7.87055,7.87355,3.20,3.20
2010.05.28 06:30:49.532,7.87085,7.8739,3.20,3.20
2010.05.28 06:30:51.180,7.87115,7.8741,3.20,1.00
2010.05.28 06:30:51.564,7.8715,7.87445,3.20,3.20
2010.05.28 06:30:51.782,7.8716,7.87465,3.20,3.20
2010.05.28 06:30:53.799,7.8715,7.87455,3.20,3.20
2010.05.28 06:31:00.828,7.8715,7.87445,3.20,1.60
2010.05.28 06:31:01.781,7.8715,7.8741,3.20,1.00
2010.05.28 06:31:01.895,7.87145,7.8737,1.60,3.20
2010.05.28 06:31:02.003,7.8715,7.87445,3.20,1.60
2010.05.28 06:31:02.694,7.87085,7.87385,4.80,1.60
2010.05.28 06:31:03.881,7.87115,7.8741,3.20,1.60
2010.05.28 06:31:04.878,7.87115,7.87385,3.20,1.60
2010.05.28 06:31:05.142,7.87055,7.87355,4.80,3.20
2010.05.28 06:31:09.459,7.8702,7.8732,3.20,1.60
2010.05.28 06:31:21.127,7.87055,7.87345,3.20,1.60
2010.05.28 06:31:21.257,7.8702,7.8732,3.20,1.60
2010.05.28 06:31:22.919,7.8702,7.87295,3.20,1.60
2010.05.28 06:31:23.259,7.8699,7.87295,4.80,4.80
2010.05.28 06:31:28.171,7.8693,7.8723,1.60,3.20
2010.05.28 06:31:28.320,7.86895,7.87195,4.80,4.80
2010.05.28 06:31:30.590,7.86915,7.87195,1.60,4.80
2010.05.28 06:31:31.269,7.86955,7.87195,3.20,1.60
2010.05.28 06:31:31.449,7.86955,7.87255,3.20,1.60
2010.05.28 06:31:40.800,7.8698,7.87255,1.60,1.60
2010.05.28 06:31:41.342,7.8698,7.8726,1.60,3.20
2010.05.28 06:31:41.428,7.8702,7.8732,3.20,1.60
2010.05.28 06:31:44.559,7.8702,7.87295,3.20,1.60
2010.05.28 06:31:44.649,7.86995,7.87295,3.20,4.80
2010.05.28 06:31:44.739,7.8699,7.87295,4.80,4.80
2010.05.28 06:31:45.183,7.8699,7.8725,1.60,3.20
2010.05.28 06:31:45.985,7.8698,7.8728,1.60,4.80
2010.05.28 06:31:53.179,7.8698,7.8727,1.60,1.60
2010.05.28 06:31:53.308,7.86975,7.8727,3.20,1.60
2010.05.28 06:31:57.762,7.8697,7.8727,1.60,4.80
2010.05.28 06:31:57.980,7.86975,7.8727,3.20,1.60
2010.05.28 06:31:59.749,7.87,7.8727,1.00,1.60
2010.05.28 06:31:59.887,7.87035,7.87335,3.20,1.60
2010.05.28 06:32:00.318,7.87035,7.8731,3.20,1.60
2010.05.28 06:32:00.450,7.87005,7.8731,4.80,4.80
2010.05.28 06:32:02.442,7.87035,7.87335,3.20,4.80
2010.05.28 06:32:02.659,7.87035,7.87335,3.20,1.60
2010.05.28 06:32:05.418,7.8707,7.8737,4.80,3.20
2010.05.28 06:32:07.440,7.87095,7.8737,1.60,3.20
2010.05.28 06:32:07.649,7.87135,7.87435,1.60,4.80
2010.05.28 06:32:15.972,7.87135,7.87335,1.60,3.20
2010.05.28 06:32:16.327,7.8696,7.87295,1.60,3.20
2010.05.28 06:32:17.562,7.8701,7.8731,1.60,4.80
2010.05.28 06:32:18.959,7.87005,7.8731,3.20,6.40
2010.05.28 06:32:19.308,7.869,7.87235,1.60,3.20
2010.05.28 06:32:20.424,7.8692,7.87185,1.60,1.60
2010.05.28 06:32:20.726,7.86885,7.8718,1.60,3.20
2010.05.28 06:32:22.185,7.86855,7.8715,1.60,3.20
2010.05.28 06:32:22.536,7.86875,7.87155,4.80,1.60
2010.05.28 06:32:23.383,7.86875,7.8718,4.80,4.80
2010.05.28 06:32:23.737,7.86945,7.87245,1.60,4.80
2010.05.28 06:32:25.531,7.86915,7.8718,1.60,3.20
2010.05.28 06:32:25.640,7.86885,7.8718,1.60,3.20
2010.05.28 06:32:26.961,7.86875,7.87155,3.20,1.60
2010.05.28 06:32:27.224,7.86855,7.8715,1.60,3.20
2010.05.28 06:32:28.802,7.8682,7.87115,1.60,3.20
2010.05.28 06:32:36.457,7.86815,7.87115,3.20,4.80
2010.05.28 06:32:36.515,7.8679,7.87085,1.60,3.20
2010.05.28 06:32:45.644,7.8679,7.8708,1.60,3.20
2010.05.28 06:32:46.443,7.86745,7.8704,3.20,3.20
2010.05.28 06:32:46.748,7.86745,7.8699,3.20,1.60
2010.05.28 06:32:47.570,7.8664,7.8696,1.60,3.20
2010.05.28 06:32:47.919,7.8654,7.8688,4.80,3.20
2010.05.28 06:32:48.265,7.8654,7.8687,1.60,3.20
2010.05.28 06:32:50.887,7.8663,7.86925,1.60,3.20
2010.05.28 06:32:51.070,7.86665,7.8694,1.60,3.20
2010.05.28 06:32:51.251,7.86665,7.86975,1.60,3.20
2010.05.28 06:32:52.150,7.8675,7.8705,3.20,1.60
2010.05.28 06:32:52.496,7.8681,7.8706,1.60,3.20
2010.05.28 06:32:53.140,7.86755,7.8701,3.20,1.00
2010.05.28 06:32:53.491,7.8678,7.8708,3.20,1.60
2010.05.28 06:32:53.832,7.8681,7.87085,1.60,3.20
2010.05.28 06:32:54.574,7.8681,7.8709,1.60,3.20
2010.05.28 06:32:54.928,7.86665,7.8701,4.80,4.80
2010.05.28 06:32:55.275,7.86665,7.8699,1.60,3.20
2010.05.28 06:32:56.110,7.86685,7.8699,4.80,4.80
2010.05.28 06:32:57.492,7.86715,7.8699,3.20,1.60
2010.05.28 06:32:58.195,7.86715,7.8699,1.60,1.60
2010.05.28 06:32:58.354,7.86695,7.8699,3.20,1.60
2010.05.28 06:32:59.700,7.86695,7.8698,3.20,1.60
2010.05.28 06:33:00.049,7.86695,7.8699,3.20,1.60
2010.05.28 06:33:01.532,7.8673,7.87025,3.20,1.60
2010.05.28 06:33:01.725,7.8675,7.87035,1.60,3.20
2010.05.28 06:33:01.915,7.8676,7.8705,3.20,1.60
2010.05.28 06:33:03.341,7.86705,7.86955,3.20,1.60
2010.05.28 06:33:04.052,7.86705,7.8692,3.20,1.60
2010.05.28 06:33:04.372,7.8658,7.869,4.80,1.60
2010.05.28 06:33:05.739,7.8671,7.8701,3.20,1.60
2010.05.28 06:33:06.030,7.8671,7.87045,3.20,1.60
2010.05.28 06:33:07.312,7.86695,7.87,4.80,4.80
2010.05.28 06:33:08.721,7.8673,7.87025,3.20,1.60
2010.05.28 06:33:10.383,7.86705,7.87,3.20,3.20
2010.05.28 06:33:10.558,7.86695,7.87,4.80,4.80
2010.05.28 06:33:11.896,7.8659,7.8692,3.20,1.60
2010.05.28 06:33:12.253,7.86575,7.86905,1.60,3.20
2010.05.28 06:33:13.116,7.8652,7.86855,3.20,1.60
2010.05.28 06:33:13.480,7.8657,7.8686,3.20,1.60
2010.05.28 06:33:15.405,7.8663,7.8686,3.20,1.60
2010.05.28 06:33:15.614,7.8667,7.86895,3.20,1.60
2010.05.28 06:33:15.823,7.86715,7.8695,3.20,1.60
2010.05.28 06:33:16.032,7.86715,7.8696,3.20,1.60
2010.05.28 06:33:16.331,7.86705,7.8697,3.20,1.60
2010.05.28 06:33:21.420,7.86705,7.86995,3.20,1.60
2010.05.28 06:33:21.521,7.8674,7.87035,3.20,1.60
2010.05.28 06:33:22.069,7.8677,7.87035,3.20,1.60
2010.05.28 06:33:23.663,7.86705,7.86985,3.20,1.60
2010.05.28 06:33:25.042,7.86685,7.86985,4.80,1.60
2010.05.28 06:33:25.386,7.86685,7.86985,1.60,1.60
2010.05.28 06:33:25.737,7.8662,7.86925,1.60,1.60
2010.05.28 06:33:29.460,7.8658,7.8687,1.60,3.20
2010.05.28 06:33:30.281,7.86555,7.86855,1.60,1.60
2010.05.28 06:33:32.030,7.8652,7.8682,3.20,1.60
2010.05.28 06:33:32.338,7.8647,7.8675,1.60,3.20
2010.05.28 06:33:32.597,7.86445,7.86745,1.60,1.60
2010.05.28 06:33:33.508,7.8643,7.86735,4.80,1.60
2010.05.28 06:33:35.103,7.86455,7.86735,3.20,1.60
2010.05.28 06:33:35.382,7.86425,7.8671,3.20,1.60
2010.05.28 06:33:35.652,7.86405,7.8671,4.80,4.80
2010.05.28 06:33:36.428,7.8633,7.8664,3.20,1.60
2010.05.28 06:33:41.232,7.8639,7.8663,3.20,1.60
2010.05.28 06:33:41.881,7.8639,7.8662,3.20,1.60
2010.05.28 06:33:41.954,7.8633,7.866,3.20,1.60
2010.05.28 06:33:42.305,7.8633,7.8661,3.20,1.60
2010.05.28 06:33:44.302,7.8636,7.86645,3.20,1.60
2010.05.28 06:33:45.327,7.8639,7.8667,3.20,1.60
2010.05.28 06:33:46.642,7.8637,7.86665,3.20,3.20
2010.05.28 06:33:46.949,7.8636,7.86645,3.20,1.60
2010.05.28 06:33:49.190,7.86425,7.8667,3.20,1.60
2010.05.28 06:33:49.381,7.86425,7.8669,3.20,3.20
2010.05.28 06:33:50.740,7.864,7.86645,3.20,3.20
2010.05.28 06:33:50.998,7.86385,7.8668,1.60,3.20
2010.05.28 06:33:51.240,7.86385,7.86645,1.60,3.20
2010.05.28 06:33:51.794,7.8636,7.86645,1.60,3.20
2010.05.28 06:33:52.145,7.86385,7.8668,1.60,3.20
2010.05.28 06:33:54.074,7.8632,7.86615,1.60,3.20
2010.05.28 06:33:56.202,7.86365,7.8666,1.60,3.20
2010.05.28 06:33:57.181,7.8638,7.86665,3.20,1.60
2010.05.28 06:33:57.273,7.86345,7.86645,3.20,1.60
2010.05.28 06:33:57.624,7.86365,7.8667,4.80,4.80
2010.05.28 06:33:58.437,7.86385,7.8667,3.20,1.60
2010.05.28 06:33:58.705,7.86415,7.86675,3.20,1.60
2010.05.28 06:33:58.975,7.86385,7.8667,3.20,1.60
2010.05.28 06:33:59.751,7.86425,7.86695,3.20,1.60
2010.05.28 06:34:00.095,7.86425,7.867,3.20,1.60
2010.05.28 06:34:00.443,7.86425,7.86695,3.20,1.60
2010.05.28 06:34:01.310,7.8646,7.8676,3.20,1.60
2010.05.28 06:34:01.643,7.86455,7.86735,3.20,1.60
2010.05.28 06:34:02.302,7.86455,7.8673,3.20,1.60
2010.05.28 06:34:03.188,7.8639,7.86675,3.20,1.60
2010.05.28 06:34:04.473,7.8637,7.8666,3.20,1.60
2010.05.28 06:34:04.740,7.8636,7.8666,3.20,1.60
2010.05.28 06:34:05.010,7.86365,7.8665,3.20,1.60
2010.05.28 06:34:05.280,7.86355,7.8665,3.20,1.60
2010.05.28 06:34:05.829,7.86345,7.8665,3.20,4.80
2010.05.28 06:34:08.615,7.8638,7.86665,3.20,1.60
2010.05.28 06:34:10.989,7.864,7.86665,1.60,1.60
2010.05.28 06:34:11.052,7.864,7.86695,1.60,3.20
2010.05.28 06:34:11.320,7.8641,7.86705,3.20,1.60
2010.05.28 06:34:12.659,7.864,7.86695,1.60,3.20
2010.05.28 06:34:13.007,7.8644,7.86705,3.20,1.60
2010.05.28 06:34:13.113,7.8641,7.86705,3.20,1.60
2010.05.28 06:34:13.313,7.86415,7.86705,3.20,1.60
2010.05.28 06:34:13.949,7.8639,7.8668,3.20,1.60
2010.05.28 06:34:14.050,7.8638,7.8668,3.20,1.60
2010.05.28 06:34:14.732,7.864,7.8668,1.60,3.20
2010.05.28 06:34:15.071,7.86395,7.867,3.20,3.20
2010.05.28 06:34:15.569,7.86395,7.8669,3.20,1.60
2010.05.28 06:34:17.512,7.86385,7.8668,1.60,3.20
2010.05.28 06:34:17.960,7.86395,7.86685,3.20,1.60
2010.05.28 06:34:20.619,7.86395,7.86625,3.20,1.60
2010.05.28 06:34:20.783,7.8633,7.86625,3.20,1.60
2010.05.28 06:34:22.320,7.8632,7.86565,1.60,3.20
2010.05.28 06:34:22.710,7.86305,7.8649,1.60,3.20
2010.05.28 06:34:22.910,7.86235,7.8646,1.60,3.20
2010.05.28 06:34:23.110,7.86235,7.8646,1.60,4.30
2010.05.28 06:34:23.311,7.86025,7.8638,1.60,3.20
2010.05.28 06:34:23.431,7.8599,7.86335,4.80,3.20
2010.05.28 06:34:23.551,7.8599,7.86335,1.60,3.20
2010.05.28 06:34:23.669,7.8599,7.8634,1.60,3.20
2010.05.28 06:34:23.899,7.8599,7.86335,1.60,3.20
2010.05.28 06:34:24.129,7.8599,7.8634,1.60,3.20
2010.05.28 06:34:24.249,7.85985,7.8634,1.60,3.20
2010.05.28 06:34:24.509,7.86025,7.8629,1.60,3.20
2010.05.28 06:34:24.638,7.8601,7.8629,1.60,6.40
2010.05.28 06:34:25.269,7.8596,7.8626,3.20,3.20
2010.05.28 06:34:27.705,7.8593,7.8625,3.20,3.20
2010.05.28 06:34:28.792,7.8596,7.8628,3.20,3.20
2010.05.28 06:34:30.202,7.85935,7.8612,3.20,3.20
2010.05.28 06:34:30.526,7.85725,7.85795,1.60,3.20
2010.05.28 06:34:30.694,7.85725,7.85805,1.60,2.40
2010.05.28 06:34:30.862,7.85725,7.8594,1.60,3.20
2010.05.28 06:34:31.686,7.85765,7.8587,1.60,3.20
2010.05.28 06:34:33.594,7.85765,7.8588,1.60,3.20
2010.05.28 06:34:33.892,7.85765,7.858,1.60,3.20
2010.05.28 06:34:34.752,7.85765,7.8587,1.60,3.20
2010.05.28 06:34:35.030,7.85765,7.85895,1.60,3.20
2010.05.28 06:34:35.559,7.85765,7.8595,1.60,3.20
2010.05.28 06:34:35.751,7.85765,7.8588,1.60,3.20
2010.05.28 06:34:36.320,7.85765,7.85845,1.60,3.20
2010.05.28 06:34:36.919,7.85765,7.8587,1.60,1.00
2010.05.28 06:34:37.149,7.85765,7.85855,1.60,3.20
2010.05.28 06:34:37.978,7.85765,7.85895,1.60,3.20
2010.05.28 06:34:41.102,7.85765,7.8583,1.60,3.20
2010.05.28 06:34:42.552,7.85765,7.8581,1.60,3.30
2010.05.28 06:34:42.879,7.85765,7.85815,1.60,3.20
2010.05.28 06:34:43.531,7.85765,7.8593,1.60,3.20
2010.05.28 06:34:43.842,7.85765,7.8599,1.60,3.20
2010.05.28 06:34:44.650,7.85765,7.86005,1.60,3.20
2010.05.28 06:34:45.110,7.85765,7.85975,1.60,3.20
2010.05.28 06:34:45.259,7.85765,7.8597,1.60,3.20
2010.05.28 06:34:46.184,7.85765,7.8594,1.60,3.20
2010.05.28 06:34:46.810,7.85765,7.8592,1.60,3.20
2010.05.28 06:34:48.013,7.8565,7.85855,2.40,3.20
2010.05.28 06:34:48.463,7.8565,7.85825,2.40,3.20
2010.05.28 06:34:49.215,7.8567,7.85755,2.40,1.60
2010.05.28 06:34:49.567,7.8543,7.8563,23.90,1.60
2010.05.28 06:34:50.354,7.85305,7.856,30.60,3.20
2010.05.28 06:34:50.660,7.85145,7.85545,4.80,1.60
2010.05.28 06:34:51.450,7.85145,7.8555,4.80,3.20
2010.05.28 06:34:51.751,7.85215,7.85505,3.20,1.60
2010.05.28 06:34:52.360,7.8517,7.85475,4.30,3.20
2010.05.28 06:34:53.142,7.85175,7.85475,1.60,3.20
2010.05.28 06:34:53.499,7.8515,7.8543,1.60,3.20
2010.05.28 06:34:53.842,7.8511,7.85405,1.60,3.20
2010.05.28 06:34:54.080,7.85135,7.85405,1.60,3.20
2010.05.28 06:34:54.867,7.8511,7.85405,1.60,3.20
2010.05.28 06:34:55.216,7.8524,7.8557,3.20,1.60
2010.05.28 06:34:55.568,7.8524,7.8556,3.20,1.60
2010.05.28 06:34:56.384,7.853,7.8558,3.20,1.00
2010.05.28 06:34:56.617,7.8536,7.857,3.20,3.20
2010.05.28 06:34:56.847,7.8541,7.8573,3.20,1.60
2010.05.28 06:34:57.544,7.8548,7.8582,3.20,3.20
2010.05.28 06:34:57.897,7.85525,7.85865,3.20,3.20
2010.05.28 06:34:58.240,7.8553,7.8587,3.20,3.20
2010.05.28 06:34:58.580,7.85535,7.85855,3.20,3.20
2010.05.28 06:34:59.544,7.85565,7.85885,3.20,3.20
2010.05.28 06:35:00.130,7.85595,7.85895,3.20,3.20
2010.05.28 06:35:00.865,7.85625,7.8593,3.20,3.20
2010.05.28 06:35:01.117,7.8546,7.858,3.20,3.20
2010.05.28 06:35:01.365,7.85395,7.8574,3.20,3.20
2010.05.28 06:35:01.897,7.85425,7.8576,3.20,3.20
2010.05.28 06:35:02.244,7.85445,7.8575,3.20,3.20
2010.05.28 06:35:02.932,7.8542,7.8572,1.60,3.20
2010.05.28 06:35:04.097,7.85395,7.8565,1.60,3.20
2010.05.28 06:35:04.337,7.85455,7.8568,1.60,3.20
2010.05.28 06:35:04.575,7.85455,7.8571,1.60,3.20
2010.05.28 06:35:05.452,7.8542,7.8568,1.60,3.20
2010.05.28 06:35:05.800,7.8544,7.8574,3.20,2.40
2010.05.28 06:35:06.513,7.8547,7.8574,1.60,2.40
2010.05.28 06:35:06.816,7.8545,7.85705,1.60,3.20
2010.05.28 06:35:07.118,7.8545,7.8571,1.60,3.20
2010.05.28 06:35:08.004,7.8544,7.8569,1.60,3.20
2010.05.28 06:35:08.355,7.8548,7.85755,1.60,3.20
2010.05.28 06:35:09.541,7.8522,7.85525,1.00,2.40
2010.05.28 06:35:09.879,7.85165,7.85525,1.60,2.40
2010.05.28 06:35:11.490,7.8523,7.8549,1.60,3.20
2010.05.28 06:35:12.502,7.85205,7.8546,1.60,3.20
2010.05.28 06:35:12.840,7.85205,7.85455,1.60,3.20
2010.05.28 06:35:13.789,7.8518,7.85455,1.60,3.20
2010.05.28 06:35:14.124,7.8518,7.85425,1.60,3.20
2010.05.28 06:35:16.043,7.8514,7.8539,1.60,3.20
2010.05.28 06:35:17.048,7.85115,7.8536,1.60,3.20
2010.05.28 06:35:18.583,7.8505,7.85295,1.60,3.20
2010.05.28 06:35:19.253,7.85015,7.85295,1.60,3.20
2010.05.28 06:35:20.095,7.84975,7.8523,1.60,3.20
2010.05.28 06:35:20.373,7.84975,7.85255,1.60,3.20
2010.05.28 06:35:22.987,7.84925,7.8523,4.80,3.20
2010.05.28 06:35:23.314,7.8499,7.85295,3.20,3.20
2010.05.28 06:35:24.453,7.8502,7.8531,3.20,1.10
2010.05.28 06:35:24.809,7.8499,7.8529,3.20,1.60
2010.05.28 06:35:25.923,7.8499,7.8525,3.20,1.60
2010.05.28 06:35:26.165,7.8496,7.8525,3.20,1.60
2010.05.28 06:35:26.872,7.8496,7.8526,3.20,3.20
2010.05.28 06:35:27.401,7.85005,7.8526,1.60,3.20
2010.05.28 06:35:27.745,7.8502,7.8531,3.20,2.70
2010.05.28 06:35:28.085,7.84985,7.8526,1.60,3.20
2010.05.28 06:35:28.929,7.8496,7.85255,3.20,1.60
2010.05.28 06:35:29.277,7.84975,7.8528,4.80,4.80
2010.05.28 06:35:29.897,7.8497,7.85275,3.20,3.20
2010.05.28 06:35:30.647,7.84975,7.8526,1.60,3.20
2010.05.28 06:35:30.883,7.8499,7.85275,3.20,1.60
2010.05.28 06:35:31.115,7.8499,7.85255,3.20,1.60
2010.05.28 06:35:31.820,7.84975,7.8526,1.60,3.20
2010.05.28 06:35:32.117,7.8496,7.85255,3.20,1.60
2010.05.28 06:35:33.870,7.84925,7.85225,3.20,1.60
2010.05.28 06:35:36.719,7.8494,7.85225,3.20,1.60
2010.05.28 06:35:37.488,7.8494,7.85235,3.20,1.60
2010.05.28 06:35:37.832,7.85,7.85275,3.20,1.60
2010.05.28 06:35:39.560,7.8501,7.85315,4.80,1.60
2010.05.28 06:35:41.103,7.85035,7.85315,3.20,1.60
2010.05.28 06:35:43.128,7.85035,7.85315,4.80,1.60
2010.05.28 06:35:43.303,7.85065,7.8534,3.20,1.60
2010.05.28 06:35:44.813,7.85105,7.854,3.20,1.60
2010.05.28 06:35:45.165,7.85035,7.853,1.60,3.20
2010.05.28 06:35:45.496,7.8497,7.85275,3.20,1.60
2010.05.28 06:35:46.347,7.8501,7.85305,1.60,3.20
2010.05.28 06:35:47.914,7.84985,7.85275,1.60,3.20
2010.05.28 06:35:48.198,7.8501,7.853,1.60,3.20
2010.05.28 06:35:48.483,7.8501,7.85305,1.60,3.20
2010.05.28 06:35:51.041,7.8501,7.85275,1.60,3.20
2010.05.28 06:35:51.337,7.84985,7.85275,1.60,3.20
2010.05.28 06:35:51.588,7.8501,7.85275,1.60,3.20
2010.05.28 06:35:52.334,7.8501,7.85305,1.60,3.20
2010.05.28 06:35:52.656,7.84985,7.85275,1.60,3.20
2010.05.28 06:35:55.031,7.8499,7.8529,3.20,1.60
2010.05.28 06:35:55.373,7.8501,7.85275,1.60,1.60
2010.05.28 06:35:55.901,7.8501,7.85295,1.60,3.20
2010.05.28 06:35:56.017,7.85055,7.8534,3.20,1.60
2010.05.28 06:35:57.155,7.85055,7.8534,3.20,3.20
2010.05.28 06:35:57.504,7.8502,7.85315,3.20,1.60
2010.05.28 06:35:59.080,7.8501,7.85295,1.60,3.20
2010.05.28 06:35:59.693,7.8499,7.8529,3.20,1.60
2010.05.28 06:36:02.399,7.84985,7.8526,1.60,3.20
2010.05.28 06:36:02.561,7.8501,7.8526,1.60,3.20
2010.05.28 06:36:02.721,7.8499,7.8529,3.20,1.60
2010.05.28 06:36:04.017,7.8502,7.85315,3.20,1.60
2010.05.28 06:36:08.809,7.85055,7.8534,3.20,1.60
2010.05.28 06:36:08.975,7.85055,7.8535,3.20,1.60
2010.05.28 06:36:12.369,7.85115,7.854,3.20,1.60
2010.05.28 06:36:14.402,7.8515,7.8544,3.20,1.60
2010.05.28 06:36:16.110,7.8522,7.85455,3.20,3.20
2010.05.28 06:36:16.251,7.85225,7.8548,3.20,1.60
2010.05.28 06:36:16.898,7.85225,7.85505,3.20,3.20
2010.05.28 06:36:17.247,7.85215,7.85505,3.20,1.60
2010.05.28 06:36:18.480,7.852,7.85485,1.60,3.20
2010.05.28 06:36:18.824,7.8518,7.8548,3.20,1.60
2010.05.28 06:36:21.046,7.85215,7.85505,3.20,1.60
2010.05.28 06:36:22.565,7.85245,7.8553,3.20,1.60
2010.05.28 06:36:24.035,7.85245,7.8555,3.20,4.80
2010.05.28 06:36:24.377,7.8531,7.8555,3.20,1.60
2010.05.28 06:36:24.625,7.8531,7.8559,3.20,1.60
2010.05.28 06:36:25.372,7.85275,7.8557,3.20,1.60
2010.05.28 06:36:25.717,7.8529,7.8558,1.60,3.20
2010.05.28 06:36:26.063,7.8534,7.8563,3.20,1.60
2010.05.28 06:36:26.823,7.8532,7.85595,3.20,1.60
2010.05.28 06:36:27.075,7.85275,7.85575,3.20,1.60
2010.05.28 06:36:28.355,7.85215,7.8551,3.20,1.60
2010.05.28 06:36:28.702,7.8518,7.8548,4.80,1.60
2010.05.28 06:36:29.569,7.85215,7.85515,3.20,3.20
2010.05.28 06:36:29.867,7.85275,7.8557,3.20,1.60
2010.05.28 06:36:31.174,7.85275,7.85505,3.20,1.60
2010.05.28 06:36:31.528,7.8531,7.85615,3.20,1.60
2010.05.28 06:36:34.500,7.85275,7.8557,3.20,1.60
2010.05.28 06:36:35.880,7.8531,7.85595,3.20,3.20
2010.05.28 06:36:36.638,7.8531,7.85595,3.20,1.60
2010.05.28 06:36:37.313,7.85505,7.8574,3.20,1.60
2010.05.28 06:36:37.613,7.85365,7.85675,3.20,1.60
2010.05.28 06:36:39.892,7.85295,7.856,3.20,1.60
2010.05.28 06:36:40.234,7.85275,7.8559,3.20,3.20
2010.05.28 06:36:41.065,7.8529,7.8559,1.60,3.20
2010.05.28 06:36:41.337,7.85355,7.8562,4.80,3.20
2010.05.28 06:36:41.610,7.85325,7.8559,1.60,3.20
2010.05.28 06:36:42.161,7.85325,7.8562,1.60,3.20
2010.05.28 06:36:42.505,7.8526,7.85555,1.60,3.20
2010.05.28 06:36:43.192,7.85285,7.8558,4.80,3.20
2010.05.28 06:36:44.014,7.85285,7.8559,4.80,4.80
2010.05.28 06:36:55.111,7.85325,7.8562,1.60,3.20
2010.05.28 06:36:55.281,7.8535,7.8565,4.80,1.60
2010.05.28 06:36:56.781,7.8541,7.85655,1.60,3.20
2010.05.28 06:36:57.476,7.8541,7.85675,4.80,3.20
2010.05.28 06:36:57.827,7.8541,7.8571,4.80,1.60
2010.05.28 06:37:00.071,7.8539,7.85685,1.60,3.20
2010.05.28 06:37:01.133,7.8536,7.85655,1.60,3.20
2010.05.28 06:37:04.128,7.8539,7.85665,1.60,1.60
2010.05.28 06:37:04.476,7.8538,7.85665,3.20,1.60
2010.05.28 06:37:04.665,7.8536,7.85655,1.60,3.20
2010.05.28 06:37:06.380,7.8539,7.85665,1.60,1.60
2010.05.28 06:37:06.719,7.8539,7.85685,1.60,3.20
2010.05.28 06:37:12.415,7.8536,7.85655,1.60,3.20
2010.05.28 06:37:14.107,7.85305,7.8559,1.60,3.20
2010.05.28 06:37:14.459,7.85325,7.8562,1.60,3.20
2010.05.28 06:37:16.124,7.85325,7.85625,4.80,4.80
2010.05.28 06:37:17.909,7.853,7.85595,1.60,3.20
2010.05.28 06:37:20.180,7.853,7.8559,1.60,3.20
2010.05.28 06:37:21.519,7.85325,7.8559,1.60,3.20
2010.05.28 06:37:21.610,7.85325,7.85615,4.80,3.20
2010.05.28 06:37:21.699,7.85325,7.85625,4.80,4.80
2010.05.28 06:37:28.909,7.85325,7.85625,3.20,6.40
2010.05.28 06:37:29.050,7.853,7.8559,1.60,3.20
2010.05.28 06:37:30.854,7.853,7.85595,1.60,3.20
2010.05.28 06:37:34.781,7.85325,7.85595,1.60,3.20
2010.05.28 06:37:35.031,7.85325,7.85625,4.80,4.80
2010.05.28 06:37:37.648,7.85325,7.8562,1.60,3.20
2010.05.28 06:37:45.150,7.8539,7.85675,1.60,3.20
2010.05.28 06:37:45.590,7.8539,7.85685,1.60,3.20
2010.05.28 06:37:49.077,7.8538,7.85665,3.20,1.60
2010.05.28 06:37:49.307,7.85415,7.85685,1.60,3.20
2010.05.28 06:37:49.522,7.8539,7.85685,1.60,3.20
2010.05.28 06:37:53.178,7.85395,7.8569,3.20,1.60
2010.05.28 06:37:54.679,7.8539,7.85685,1.60,3.20
2010.05.28 06:37:56.793,7.85415,7.8571,1.60,3.20
2010.05.28 06:37:56.935,7.85415,7.85715,1.60,4.80
2010.05.28 06:37:57.781,7.8539,7.85685,1.60,3.20
2010.05.28 06:37:58.410,7.8539,7.85675,1.60,3.20
2010.05.28 06:37:59.898,7.8539,7.8569,1.60,1.60
2010.05.28 06:38:00.034,7.8539,7.85675,1.60,3.20
2010.05.28 06:38:01.140,7.8539,7.85665,1.60,1.60
2010.05.28 06:38:01.178,7.8539,7.8564,1.60,3.20
2010.05.28 06:38:01.494,7.8536,7.8564,1.60,3.20
2010.05.28 06:38:07.022,7.85215,7.85535,1.60,3.20
2010.05.28 06:38:07.238,7.85175,7.8547,1.60,3.20
2010.05.28 06:38:07.970,7.8515,7.8547,4.80,3.20
2010.05.28 06:38:08.189,7.8524,7.85575,1.60,3.20
2010.05.28 06:38:10.067,7.8522,7.85525,4.80,4.80
2010.05.28 06:38:10.916,7.8519,7.85455,3.20,3.20
2010.05.28 06:38:11.267,7.85135,7.8543,1.60,3.20
2010.05.28 06:38:15.158,7.85105,7.854,1.60,3.20
2010.05.28 06:38:16.313,7.8507,7.85335,1.60,3.20
2010.05.28 06:38:16.618,7.85045,7.85335,1.60,3.20
2010.05.28 06:38:18.126,7.8501,7.85285,1.60,4.80
2010.05.28 06:38:18.475,7.8498,7.8524,1.60,3.20
2010.05.28 06:38:18.989,7.8498,7.8522,1.60,3.20
2010.05.28 06:38:19.346,7.8497,7.8525,1.60,4.80
2010.05.28 06:38:19.698,7.8497,7.8525,1.60,3.20
2010.05.28 06:38:20.550,7.84945,7.85175,1.60,3.20
2010.05.28 06:38:20.898,7.84775,7.851,1.60,3.20
2010.05.28 06:38:23.927,7.8475,7.8505,1.60,3.20
2010.05.28 06:38:24.267,7.84775,7.8508,3.20,6.40
2010.05.28 06:38:25.027,7.8475,7.8505,1.60,3.20
2010.05.28 06:38:25.963,7.84775,7.8505,1.60,3.20
2010.05.28 06:38:26.835,7.8484,7.8516,3.20,1.60
2010.05.28 06:38:28.610,7.8487,7.8514,3.20,1.60
2010.05.28 06:38:28.807,7.84835,7.8511,1.60,3.20
2010.05.28 06:38:29.005,7.84815,7.8511,1.60,3.20
2010.05.28 06:38:29.205,7.8488,7.8511,1.60,3.20
2010.05.28 06:38:29.916,7.8488,7.85175,1.60,3.20
2010.05.28 06:38:30.605,7.84885,7.8518,3.20,1.60
2010.05.28 06:38:31.828,7.84855,7.85155,1.60,1.60
2010.05.28 06:38:32.092,7.84885,7.8518,3.20,1.60
2010.05.28 06:38:32.353,7.8488,7.85155,1.60,1.60
2010.05.28 06:38:33.099,7.84855,7.85155,1.60,1.60
2010.05.28 06:38:33.152,7.84845,7.8514,3.20,1.60
2010.05.28 06:38:33.498,7.8488,7.85165,1.60,3.20
2010.05.28 06:38:33.848,7.84775,7.8509,1.60,3.20
2010.05.28 06:38:34.893,7.84815,7.851,1.60,3.20
2010.05.28 06:38:35.194,7.84815,7.8504,1.60,3.20
2010.05.28 06:38:36.005,7.84645,7.84985,4.80,3.20
2010.05.28 06:38:36.237,7.84605,7.8491,1.60,3.20
2010.05.28 06:38:37.257,7.84625,7.84875,1.60,3.20
2010.05.28 06:38:37.593,7.8456,7.84845,1.60,3.20
2010.05.28 06:38:38.409,7.84535,7.848,1.60,1.60
2010.05.28 06:38:38.746,7.845,7.8478,1.60,3.20
2010.05.28 06:38:39.944,7.845,7.848,1.60,1.60
2010.05.28 06:38:40.587,7.84525,7.8478,1.60,3.20
2010.05.28 06:38:40.937,7.845,7.8478,1.60,3.20
2010.05.28 06:38:42.069,7.8456,7.84835,1.60,1.00
2010.05.28 06:38:42.292,7.8456,7.84845,1.60,3.20
2010.05.28 06:38:43.059,7.84585,7.84845,1.60,3.20
2010.05.28 06:38:43.340,7.84625,7.8491,1.60,3.20
2010.05.28 06:38:43.684,7.84625,7.8492,1.60,3.60
2010.05.28 06:38:44.247,7.8465,7.8492,1.60,3.60
2010.05.28 06:38:44.557,7.84715,7.8503,3.20,1.60
2010.05.28 06:38:44.865,7.84715,7.8503,3.20,3.20
2010.05.28 06:38:45.412,7.84715,7.85035,3.20,6.40
2010.05.28 06:38:45.774,7.84775,7.85045,4.80,1.00
2010.05.28 06:38:46.128,7.8475,7.8503,1.60,1.60
2010.05.28 06:38:46.991,7.8475,7.84995,1.60,1.60
2010.05.28 06:38:47.307,7.84645,7.8493,1.60,1.60
2010.05.28 06:38:47.624,7.8461,7.8493,3.20,1.60
2010.05.28 06:38:48.217,7.8461,7.84925,3.20,1.60
2010.05.28 06:38:48.559,7.845,7.84845,3.20,4.80
2010.05.28 06:38:48.882,7.8448,7.84815,1.60,3.20
2010.05.28 06:38:49.784,7.8447,7.84765,1.60,3.20
2010.05.28 06:38:50.142,7.8431,7.8464,1.10,3.20
2010.05.28 06:38:50.977,7.8429,7.8461,3.20,3.20
2010.05.28 06:38:51.232,7.84075,7.8447,4.80,3.20
2010.05.28 06:38:51.994,7.84075,7.8444,1.60,3.20
2010.05.28 06:38:52.351,7.8414,7.8443,1.60,3.20
2010.05.28 06:38:53.829,7.84225,7.84495,1.60,3.20
2010.05.28 06:38:54.177,7.8426,7.84545,1.60,3.20
2010.05.28 06:38:54.758,7.84285,7.84545,1.60,3.20
2010.05.28 06:38:55.107,7.84475,7.84785,3.20,1.00
2010.05.28 06:38:55.963,7.8452,7.84785,4.80,1.00
2010.05.28 06:38:56.318,7.8454,7.8486,1.60,1.60
2010.05.28 06:38:57.183,7.84495,7.8478,3.20,1.60
2010.05.28 06:38:57.463,7.84365,7.84675,1.60,4.80
2010.05.28 06:38:58.237,7.8433,7.84675,1.60,4.80
2010.05.28 06:38:58.582,7.8435,7.8465,1.60,3.20
2010.05.28 06:38:59.274,7.84325,7.8459,1.60,1.60
2010.05.28 06:39:00.040,7.84285,7.8459,1.60,4.80
2010.05.28 06:39:00.375,7.84295,7.8459,3.20,1.60
2010.05.28 06:39:01.764,7.8433,7.84615,3.20,1.60
2010.05.28 06:39:03.502,7.8439,7.84675,3.20,1.60
2010.05.28 06:39:04.750,7.8436,7.8465,3.20,1.60
2010.05.28 06:39:05.016,7.8433,7.84625,3.20,1.60
2010.05.28 06:39:06.593,7.8433,7.84615,3.20,1.60
2010.05.28 06:39:06.887,7.8433,7.8459,3.20,1.60
2010.05.28 06:39:07.175,7.8437,7.84615,1.60,1.60
2010.05.28 06:39:08.028,7.8436,7.8465,3.20,1.60
2010.05.28 06:39:09.636,7.84405,7.84675,3.20,1.60
2010.05.28 06:39:09.867,7.84365,7.8466,1.60,3.20
2010.05.28 06:39:10.603,7.84405,7.84675,3.20,1.60
2010.05.28 06:39:12.136,7.84435,7.84715,3.20,1.60
2010.05.28 06:39:14.027,7.8444,7.84715,3.20,1.60
2010.05.28 06:39:14.277,7.84405,7.8469,3.20,1.60
2010.05.28 06:39:15.026,7.84405,7.8471,3.20,1.60
2010.05.28 06:39:15.376,7.8444,7.8471,3.20,1.60
2010.05.28 06:39:15.724,7.8444,7.84735,3.20,1.60
2010.05.28 06:39:16.570,7.84375,7.8467,3.20,1.60
2010.05.28 06:39:18.743,7.84375,7.84625,3.20,1.60
2010.05.28 06:39:18.955,7.84345,7.84625,3.20,1.60
2010.05.28 06:39:20.086,7.8437,7.8466,1.60,3.20
2010.05.28 06:39:20.438,7.8444,7.84715,3.20,1.60
2010.05.28 06:39:22.158,7.8444,7.8469,3.20,1.60
2010.05.28 06:39:22.450,7.84405,7.8469,3.20,1.60
2010.05.28 06:39:23.766,7.84425,7.84715,3.20,1.60
2010.05.28 06:39:24.315,7.8441,7.8471,1.60,3.20
2010.05.28 06:39:24.525,7.8436,7.8465,3.20,1.60
2010.05.28 06:39:28.754,7.8436,7.84665,3.20,3.20
2010.05.28 06:39:29.372,7.84375,7.84665,1.60,3.20
2010.05.28 06:39:29.551,7.8433,7.8463,3.20,4.80
2010.05.28 06:39:29.899,7.8436,7.8465,3.20,1.60
2010.05.28 06:39:30.243,7.8435,7.84625,1.60,1.60
2010.05.28 06:39:30.754,7.8433,7.84625,3.20,1.60
2010.05.28 06:39:31.076,7.8436,7.8465,3.20,1.60
2010.05.28 06:39:33.451,7.84375,7.84665,3.20,1.60
2010.05.28 06:39:33.692,7.8438,7.84665,3.20,1.60
2010.05.28 06:39:34.283,7.84395,7.84685,1.60,3.20
2010.05.28 06:39:34.534,7.8441,7.8471,3.20,1.60
2010.05.28 06:39:35.966,7.84445,7.84735,3.20,1.60
2010.05.28 06:39:36.314,7.84455,7.84745,1.60,3.20
2010.05.28 06:39:37.160,7.84445,7.84735,3.20,1.60
2010.05.28 06:39:38.152,7.84445,7.8471,3.20,1.60
2010.05.28 06:39:38.473,7.8441,7.8471,3.20,1.60
2010.05.28 06:39:39.729,7.84405,7.84705,1.60,3.20
2010.05.28 06:39:40.181,7.8443,7.84725,1.60,3.20
2010.05.28 06:39:40.893,7.8443,7.84735,1.60,4.80
2010.05.28 06:39:41.492,7.84445,7.84735,3.20,1.60
2010.05.28 06:39:41.613,7.8445,7.84735,3.20,1.60
2010.05.28 06:39:41.742,7.84475,7.84735,3.20,1.60
2010.05.28 06:39:41.863,7.84475,7.8476,3.20,1.60
2010.05.28 06:39:43.360,7.84595,7.8476,3.20,1.60
2010.05.28 06:39:43.621,7.8468,7.8482,3.20,1.60
2010.05.28 06:39:43.820,7.84515,7.84795,3.20,1.60
2010.05.28 06:39:44.941,7.84525,7.8483,3.20,3.20
2010.05.28 06:39:47.981,7.8456,7.84825,3.20,3.20
2010.05.28 06:39:48.321,7.8456,7.8486,3.20,1.60
2010.05.28 06:39:50.692,7.847,7.8486,3.20,1.60
2010.05.28 06:39:50.931,7.847,7.84975,3.20,1.60
2010.05.28 06:39:51.175,7.84785,7.8504,3.20,1.60
2010.05.28 06:39:52.148,7.84855,7.85055,3.20,1.60
2010.05.28 06:39:53.459,7.8464,7.8499,1.60,3.20
2010.05.28 06:39:53.774,7.84645,7.8501,3.20,3.20
2010.05.28 06:39:54.607,7.8462,7.84945,3.20,3.20
2010.05.28 06:39:54.929,7.84665,7.8496,1.60,3.20
2010.05.28 06:39:55.258,7.84635,7.84915,1.60,3.20
2010.05.28 06:39:56.078,7.846,7.8488,1.60,3.20
2010.05.28 06:39:56.432,7.84575,7.8488,1.60,3.20
2010.05.28 06:39:56.759,7.84575,7.8485,1.60,3.20
2010.05.28 06:39:57.593,7.84575,7.8482,1.60,3.20
2010.05.28 06:39:57.922,7.84535,7.8482,1.60,3.20
2010.05.28 06:39:58.929,7.8451,7.8482,1.60,3.20
2010.05.28 06:39:59.967,7.84475,7.84745,1.60,3.20
2010.05.28 06:40:00.145,7.84475,7.84775,1.60,3.20
2010.05.28 06:40:00.680,7.84475,7.84745,1.60,3.20
2010.05.28 06:40:01.024,7.84445,7.84725,1.60,3.20
2010.05.28 06:40:01.715,7.8457,7.84735,1.10,3.20
2010.05.28 06:40:03.076,7.84615,7.8477,3.20,1.60
2010.05.28 06:40:03.156,7.84475,7.848,3.20,3.20
2010.05.28 06:40:03.230,7.8448,7.848,1.60,3.20
2010.05.28 06:40:04.001,7.84455,7.84765,1.60,3.20
2010.05.28 06:40:04.084,7.8443,7.84735,1.60,3.20
2010.05.28 06:40:07.523,7.845,7.84765,1.60,3.20
2010.05.28 06:40:07.680,7.845,7.848,1.60,4.80
2010.05.28 06:40:09.295,7.84635,7.848,3.20,1.60
2010.05.28 06:40:09.572,7.84635,7.84935,3.20,1.60
2010.05.28 06:40:10.489,7.845,7.84845,3.20,3.20
2010.05.28 06:40:10.840,7.8452,7.84845,1.60,3.20
2010.05.28 06:40:11.694,7.8455,7.84855,3.20,3.20
2010.05.28 06:40:12.024,7.8458,7.8488,4.80,1.60
2010.05.28 06:40:13.581,7.84555,7.84855,1.60,4.80
2010.05.28 06:40:13.854,7.8455,7.84845,3.20,1.60
2010.05.28 06:40:14.049,7.8455,7.8482,3.20,1.60
2010.05.28 06:40:14.252,7.84515,7.8479,1.60,3.20
2010.05.28 06:40:14.866,7.8449,7.8479,1.60,3.20
2010.05.28 06:40:15.191,7.8452,7.8482,3.20,1.60
2010.05.28 06:40:16.878,7.8452,7.84825,3.20,3.20
2010.05.28 06:40:16.960,7.8454,7.84825,1.60,3.20
2010.05.28 06:40:17.119,7.8452,7.8482,4.80,1.60
2010.05.28 06:40:23.161,7.8452,7.8482,3.20,1.60
2010.05.28 06:40:27.862,7.8455,7.84845,3.20,1.60
2010.05.28 06:40:28.707,7.8455,7.8482,3.20,1.60
2010.05.28 06:40:28.980,7.8452,7.8482,3.20,1.60
2010.05.28 06:40:30.591,7.84655,7.84955,3.20,1.60
2010.05.28 06:40:30.772,7.8467,7.85,3.20,1.60
2010.05.28 06:40:31.448,7.84625,7.8491,3.20,1.60
2010.05.28 06:40:31.638,7.84635,7.8491,3.20,1.60
2010.05.28 06:40:32.044,7.8461,7.8485,3.20,1.60
2010.05.28 06:40:32.743,7.84575,7.8483,3.20,1.60
2010.05.28 06:40:33.072,7.84575,7.848,3.20,3.50
2010.05.28 06:40:33.402,7.84335,7.84695,1.60,3.20
2010.05.28 06:40:34.463,7.84375,7.8467,1.60,3.20
2010.05.28 06:40:34.818,7.8431,7.84605,1.60,3.20
2010.05.28 06:40:35.921,7.8431,7.84595,1.60,3.20
2010.05.28 06:40:36.272,7.8426,7.84565,3.20,3.20
2010.05.28 06:40:36.623,7.84285,7.8454,3.20,3.20
2010.05.28 06:40:37.254,7.8431,7.84615,3.20,3.20
2010.05.28 06:40:37.525,7.8433,7.84635,3.20,3.20
2010.05.28 06:40:41.433,7.84265,7.8457,3.20,3.20
2010.05.28 06:40:41.721,7.842,7.84505,4.80,3.20
2010.05.28 06:40:42.533,7.8417,7.8446,3.20,1.60
2010.05.28 06:40:45.282,7.8431,7.8461,3.20,1.60
2010.05.28 06:40:46.649,7.8435,7.84615,3.20,1.60
2010.05.28 06:40:48.194,7.8433,7.84615,3.20,1.60
2010.05.28 06:40:48.532,7.8433,7.8459,3.20,1.60
2010.05.28 06:40:48.871,7.8439,7.84615,3.20,1.60
2010.05.28 06:40:49.763,7.84445,7.8472,3.20,1.60
2010.05.28 06:40:50.030,7.84455,7.8476,3.20,1.60
2010.05.28 06:40:50.813,7.84455,7.8476,3.20,3.20
2010.05.28 06:40:51.158,7.84575,7.8486,3.20,1.60
2010.05.28 06:40:52.183,7.84655,7.8484,3.20,1.60
2010.05.28 06:40:53.007,7.84635,7.8489,3.20,1.60
2010.05.28 06:40:53.319,7.8471,7.84925,3.20,1.60
2010.05.28 06:40:53.639,7.8471,7.8494,3.20,1.60
2010.05.28 06:40:54.151,7.84685,7.8489,3.20,3.20
2010.05.28 06:40:54.464,7.84535,7.8486,3.20,3.20
2010.05.28 06:40:56.313,7.84645,7.849,3.20,1.60
2010.05.28 06:40:56.654,7.84615,7.8487,3.20,1.60
2010.05.28 06:40:57.516,7.8456,7.84785,3.20,3.20
2010.05.28 06:40:57.977,7.8444,7.84785,3.20,3.20
2010.05.28 06:40:58.199,7.8456,7.84865,1.60,3.20
2010.05.28 06:40:58.922,7.8452,7.84865,3.20,3.20
2010.05.28 06:40:59.263,7.84635,7.84885,3.20,1.60
2010.05.28 06:41:00.283,7.8452,7.84845,3.30,3.20
2010.05.28 06:41:00.602,7.8452,7.8483,3.20,1.60
2010.05.28 06:41:01.702,7.8456,7.8483,1.00,1.60
2010.05.28 06:41:01.993,7.84575,7.8485,3.20,1.60
2010.05.28 06:41:02.285,7.84635,7.84915,3.20,1.60
2010.05.28 06:41:03.083,7.8467,7.84955,3.20,1.60
2010.05.28 06:41:05.131,7.8468,7.84955,3.20,1.60
2010.05.28 06:41:06.480,7.8465,7.8493,3.20,1.60
2010.05.28 06:41:06.859,7.8465,7.8493,3.30,1.60
2010.05.28 06:41:07.205,7.8468,7.84955,3.20,1.60
2010.05.28 06:41:08.295,7.8465,7.8493,3.20,1.60
2010.05.28 06:41:10.192,7.8465,7.8496,3.20,1.00
2010.05.28 06:41:16.130,7.8471,7.8496,3.20,1.00
2010.05.28 06:41:17.010,7.8469,7.8499,1.00,3.20
2010.05.28 06:41:23.884,7.847,7.85005,3.20,3.20
2010.05.28 06:41:24.275,7.847,7.8499,3.20,1.00
2010.05.28 06:41:24.472,7.84675,7.84975,3.20,3.20
2010.05.28 06:41:25.020,7.8475,7.84975,1.00,3.20
2010.05.28 06:41:25.366,7.84765,7.8503,3.20,3.30
2010.05.28 06:41:25.713,7.8472,7.85005,1.00,3.20
2010.05.28 06:41:26.060,7.8473,7.85035,3.20,3.20
2010.05.28 06:41:27.440,7.84765,7.8506,3.20,4.90
2010.05.28 06:41:27.540,7.84765,7.8506,3.20,1.60
2010.05.28 06:41:31.124,7.8474,7.84985,3.20,3.20
2010.05.28 06:41:31.471,7.84585,7.8493,3.20,3.20
2010.05.28 06:41:34.615,7.8464,7.8494,3.20,3.20
2010.05.28 06:41:36.136,7.84575,7.8488,3.20,3.20
2010.05.28 06:41:38.264,7.84605,7.8491,3.20,3.20
2010.05.28 06:41:39.204,7.8454,7.84845,3.20,3.20
2010.05.28 06:41:41.919,7.8448,7.84785,3.20,3.20
2010.05.28 06:41:43.613,7.8451,7.84815,3.20,3.20
2010.05.28 06:41:45.800,7.8448,7.84785,3.20,3.20
2010.05.28 06:41:47.641,7.8438,7.8472,1.10,3.20
2010.05.28 06:41:47.840,7.84375,7.8472,3.20,3.20
2010.05.28 06:41:51.194,7.84425,7.8473,3.20,3.20
2010.05.28 06:41:53.971,7.84325,7.8467,3.20,3.20
2010.05.28 06:41:56.521,7.84375,7.8468,3.20,3.30
2010.05.28 06:41:57.220,7.84345,7.8465,3.20,3.20
2010.05.28 06:41:57.643,7.8429,7.84545,1.90,3.20
2010.05.28 06:41:57.956,7.84075,7.8444,3.20,3.20
2010.05.28 06:41:59.005,7.84045,7.84345,1.60,3.20
2010.05.28 06:42:00.012,7.8407,7.8435,1.60,3.20
2010.05.28 06:42:03.479,7.8406,7.84355,1.60,3.20
2010.05.28 06:42:03.820,7.84075,7.8438,3.20,3.20
2010.05.28 06:42:04.873,7.84045,7.8435,3.20,3.20
2010.05.28 06:42:09.104,7.84075,7.8438,3.20,3.20
2010.05.28 06:42:09.675,7.84045,7.8435,3.20,3.20
2010.05.28 06:42:09.881,7.8389,7.84235,3.20,3.20
2010.05.28 06:42:11.438,7.8388,7.84185,3.20,3.20
2010.05.28 06:42:14.343,7.8386,7.84165,3.20,3.20
2010.05.28 06:42:14.762,7.8388,7.84185,3.20,3.20
2010.05.28 06:42:15.304,7.83945,7.8421,3.20,3.20
2010.05.28 06:42:15.656,7.83945,7.8425,3.20,3.20
2010.05.28 06:42:28.901,7.83975,7.8428,3.20,3.20
2010.05.28 06:42:29.074,7.83995,7.843,3.20,3.20
2010.05.28 06:42:29.403,7.83965,7.84265,3.20,3.20
2010.05.28 06:42:30.023,7.8397,7.84265,3.20,3.20
2010.05.28 06:42:30.371,7.83965,7.84265,3.20,3.20
2010.05.28 06:42:32.236,7.8397,7.84265,3.20,3.20
2010.05.28 06:42:32.313,7.83995,7.843,3.20,3.20
2010.05.28 06:42:40.888,7.83995,7.843,3.20,4.80
2010.05.28 06:42:41.143,7.8393,7.84235,3.20,3.20
2010.05.28 06:42:47.718,7.83905,7.84205,3.20,3.20
2010.05.28 06:42:48.068,7.8386,7.84165,3.20,3.20
2010.05.28 06:42:48.417,7.83805,7.841,3.20,3.20
2010.05.28 06:42:49.195,7.83805,7.8412,3.20,3.20
2010.05.28 06:42:49.507,7.83795,7.841,3.20,3.20
2010.05.28 06:42:51.523,7.8383,7.8413,3.20,3.20
2010.05.28 06:42:58.992,7.8381,7.84115,3.20,3.20
2010.05.28 06:42:59.162,7.83775,7.8408,3.20,3.20
2010.05.28 06:42:59.333,7.83765,7.8407,3.20,3.20
2010.05.28 06:42:59.958,7.83795,7.841,3.20,3.20
2010.05.28 06:43:00.307,7.8376,7.8406,3.20,3.20
2010.05.28 06:43:06.662,7.83815,7.8406,3.20,3.20
2010.05.28 06:43:06.894,7.8383,7.8413,3.20,3.20
2010.05.28 06:43:15.216,7.8386,7.84165,3.20,3.20
2010.05.28 06:43:15.506,7.8389,7.84195,3.20,3.20
2010.05.28 06:43:16.073,7.83925,7.84225,3.20,3.20
2010.05.28 06:43:16.956,7.8399,7.8433,3.20,3.20
2010.05.28 06:43:21.733,7.8401,7.843,3.20,1.60
2010.05.28 06:43:22.077,7.83945,7.8425,3.20,3.20
2010.05.28 06:43:23.827,7.8393,7.84185,1.00,3.20
2010.05.28 06:43:23.962,7.83915,7.84215,3.20,3.20
2010.05.28 06:43:24.222,7.8393,7.84215,1.00,3.20
2010.05.28 06:43:24.481,7.83945,7.8425,3.20,3.20
2010.05.28 06:43:28.742,7.84,7.8425,1.00,3.20
2010.05.28 06:43:28.924,7.8401,7.8431,3.20,3.20
2010.05.28 06:43:33.549,7.8401,7.84315,3.20,3.20
2010.05.28 06:43:33.691,7.8403,7.84315,3.20,3.20
2010.05.28 06:43:33.830,7.84055,7.8433,6.40,1.60
2010.05.28 06:43:33.970,7.8408,7.8436,3.20,1.10
2010.05.28 06:43:34.110,7.8408,7.84385,3.20,3.20
2010.05.28 06:43:36.040,7.8404,7.84345,4.30,3.20
2010.05.28 06:43:36.705,7.8404,7.84315,1.10,3.20
2010.05.28 06:43:36.879,7.8401,7.84315,3.20,3.20
2010.05.28 06:43:41.200,7.84075,7.8438,3.20,3.20
2010.05.28 06:43:43.231,7.84045,7.8435,3.20,3.20
2010.05.28 06:43:45.185,7.8401,7.84315,3.20,3.20
2010.05.28 06:43:46.067,7.84045,7.8434,3.20,1.00
2010.05.28 06:43:46.105,7.8406,7.8435,1.00,3.20
2010.05.28 06:43:46.174,7.84075,7.8438,3.20,3.20
2010.05.28 06:43:46.530,7.8401,7.84315,3.20,3.20
2010.05.28 06:43:47.553,7.8401,7.8431,3.20,1.00
2010.05.28 06:43:47.773,7.8398,7.84285,4.30,3.20
2010.05.28 06:43:51.915,7.8401,7.84315,3.20,3.20
2010.05.28 06:43:54.162,7.8388,7.84225,3.20,3.20
2010.05.28 06:43:54.448,7.8391,7.84255,3.20,3.20
2010.05.28 06:43:55.478,7.8391,7.84175,1.60,3.20
2010.05.28 06:43:55.755,7.83845,7.841,3.20,3.20
2010.05.28 06:43:56.034,7.83795,7.841,3.20,3.20
2010.05.28 06:43:56.916,7.83785,7.8409,3.60,3.20
2010.05.28 06:43:57.265,7.83795,7.841,3.20,3.20
2010.05.28 06:44:13.753,7.83765,7.8407,4.80,3.20
2010.05.28 06:44:33.174,7.8383,7.84135,3.20,3.20
2010.05.28 06:44:35.586,7.83875,7.84135,1.60,3.20
2010.05.28 06:44:35.943,7.8401,7.84305,3.20,3.20
2010.05.28 06:44:36.221,7.8398,7.84345,3.20,3.20
2010.05.28 06:44:37.032,7.83955,7.8426,4.80,3.20
2010.05.28 06:44:38.333,7.83925,7.8423,3.20,3.20
2010.05.28 06:44:38.667,7.8389,7.84195,4.80,3.20
2010.05.28 06:44:39.513,7.8387,7.84165,3.20,3.20
2010.05.28 06:44:39.821,7.8389,7.84195,3.20,3.20
2010.05.28 06:44:40.127,7.8386,7.84165,3.20,3.20
2010.05.28 06:44:41.537,7.8389,7.84195,3.20,3.20
2010.05.28 06:44:43.348,7.83955,7.8422,3.20,3.20
2010.05.28 06:44:43.536,7.8393,7.8423,3.20,3.20
2010.05.28 06:44:43.714,7.83925,7.8423,3.20,3.20
2010.05.28 06:44:44.403,7.8394,7.8423,1.60,3.20
2010.05.28 06:44:44.747,7.83925,7.8423,3.20,3.20
2010.05.28 06:44:46.438,7.8389,7.84195,4.80,3.20
2010.05.28 06:44:48.422,7.83955,7.8422,3.20,3.20
2010.05.28 06:44:49.501,7.83955,7.8426,3.20,3.20
2010.05.28 06:44:50.560,7.83985,7.8426,1.60,3.20
2010.05.28 06:44:53.539,7.83965,7.8423,1.60,3.20
2010.05.28 06:44:55.426,7.8399,7.8426,1.60,3.20
2010.05.28 06:44:57.533,7.84025,7.8426,1.60,3.20
2010.05.28 06:44:57.702,7.84,7.8426,1.60,3.20
2010.05.28 06:44:58.024,7.84025,7.8429,1.60,3.20
2010.05.28 06:44:59.235,7.8405,7.84325,1.60,3.20
2010.05.28 06:45:02.770,7.8405,7.8432,1.60,1.10
2010.05.28 06:45:03.273,7.8405,7.842,1.60,3.20
2010.05.28 06:45:03.455,7.83815,7.84175,3.20,3.20
2010.05.28 06:45:06.167,7.8386,7.84155,1.00,3.20
2010.05.28 06:45:06.334,7.83885,7.8419,3.20,3.30
2010.05.28 06:45:07.013,7.83835,7.84125,1.60,3.20
2010.05.28 06:45:07.364,7.83855,7.84155,3.20,3.20
2010.05.28 06:45:08.810,7.83835,7.84125,1.60,3.20
2010.05.28 06:45:09.555,7.8379,7.84095,3.20,3.20
2010.05.28 06:45:11.624,7.838,7.84095,3.30,3.20
2010.05.28 06:45:11.731,7.8382,7.84125,3.20,3.20
2010.05.28 06:45:15.213,7.838,7.84095,3.30,3.20
2010.05.28 06:45:15.463,7.8382,7.84125,3.20,3.20
2010.05.28 06:45:17.245,7.8385,7.84155,3.20,3.20
2010.05.28 06:45:17.493,7.8386,7.84155,3.20,3.20
2010.05.28 06:45:17.581,7.8388,7.84185,3.20,3.20
2010.05.28 06:45:18.653,7.8388,7.84145,3.30,1.60
2010.05.28 06:45:18.970,7.8388,7.84145,3.20,1.60
2010.05.28 06:45:19.290,7.8389,7.84145,1.00,1.60
2010.05.28 06:45:19.610,7.8388,7.84145,3.20,1.60
2010.05.28 06:45:20.724,7.8388,7.841,3.20,1.60
2010.05.28 06:45:20.926,7.8382,7.841,3.20,1.60
2010.05.28 06:45:23.742,7.8388,7.841,3.20,1.60
2010.05.28 06:45:23.871,7.83895,7.84125,3.20,1.60
2010.05.28 06:45:24.000,7.839,7.84145,3.20,1.60
2010.05.28 06:45:25.563,7.8388,7.84145,3.20,1.60
2010.05.28 06:45:27.531,7.8388,7.84145,3.20,3.20
2010.05.28 06:45:27.602,7.8385,7.8412,3.20,1.60
2010.05.28 06:45:31.258,7.8388,7.84145,3.20,1.60
2010.05.28 06:45:33.968,7.8392,7.84145,3.20,1.60
2010.05.28 06:45:34.074,7.8389,7.84145,3.30,1.60
2010.05.28 06:45:34.174,7.83915,7.84145,3.20,1.60
2010.05.28 06:45:34.269,7.83915,7.84185,3.20,1.60
2010.05.28 06:45:36.375,7.83915,7.84185,3.20,3.20
2010.05.28 06:45:36.509,7.8388,7.8416,3.20,1.60
2010.05.28 06:45:40.909,7.8389,7.8416,3.20,1.60
2010.05.28 06:45:41.659,7.8388,7.8416,3.20,1.60
2010.05.28 06:45:42.331,7.8389,7.8416,3.30,1.60
2010.05.28 06:45:42.418,7.8388,7.8416,3.20,1.60
2010.05.28 06:45:45.691,7.8388,7.8412,3.20,1.60
2010.05.28 06:45:46.406,7.8385,7.84095,3.20,1.60
2010.05.28 06:45:46.706,7.83785,7.8406,3.20,1.60
2010.05.28 06:45:50.392,7.83785,7.8406,3.20,1.70
2010.05.28 06:45:50.607,7.8367,7.83995,3.20,1.60
2010.05.28 06:45:50.809,7.8367,7.8399,3.20,1.60
2010.05.28 06:45:51.976,7.8369,7.83975,3.20,1.60
2010.05.28 06:45:57.112,7.83615,7.839,1.60,3.20
2010.05.28 06:45:57.385,7.83595,7.83875,3.20,1.60
2010.05.28 06:45:59.277,7.8357,7.8381,3.20,1.60
2010.05.28 06:45:59.590,7.83535,7.8381,3.20,1.60
2010.05.28 06:46:00.392,7.8354,7.83785,1.00,1.60
2010.05.28 06:46:00.734,7.83565,7.8384,3.20,1.60
2010.05.28 06:46:02.123,7.83535,7.83835,3.20,4.80
2010.05.28 06:46:02.193,7.83535,7.8381,3.20,1.60
2010.05.28 06:46:02.580,7.8354,7.8381,1.00,1.60
2010.05.28 06:46:02.652,7.83565,7.8381,3.20,1.60
2010.05.28 06:46:02.719,7.83565,7.8384,3.20,1.60
2010.05.28 06:46:06.884,7.8357,7.8384,1.00,1.60
2010.05.28 06:46:07.097,7.8364,7.8396,3.20,1.60
2010.05.28 06:46:10.534,7.8363,7.83915,3.20,1.60
2010.05.28 06:46:10.705,7.8366,7.8394,3.20,1.60
2010.05.28 06:46:14.517,7.8363,7.83915,3.20,1.60
2010.05.28 06:46:15.323,7.83655,7.83925,1.60,1.60
2010.05.28 06:46:15.996,7.8363,7.83925,3.20,1.60
2010.05.28 06:46:16.348,7.8363,7.8391,3.20,1.60
2010.05.28 06:46:18.635,7.83635,7.8394,4.80,4.80
2010.05.28 06:46:18.855,7.8366,7.8394,1.60,4.80
2010.05.28 06:46:19.576,7.83635,7.8394,4.80,4.80
2010.05.28 06:46:21.446,7.8363,7.83915,3.20,1.60
2010.05.28 06:46:22.151,7.83605,7.83875,3.20,1.60
2010.05.28 06:46:22.390,7.83595,7.83875,3.20,1.60
2010.05.28 06:46:24.220,7.83575,7.8387,1.60,3.20
2010.05.28 06:46:24.521,7.83565,7.8385,3.20,1.60
2010.05.28 06:46:32.540,7.8357,7.8385,1.00,1.60
2010.05.28 06:46:32.710,7.83595,7.83875,3.20,1.60
2010.05.28 06:46:33.810,7.836,7.83875,1.00,1.60
2010.05.28 06:46:34.041,7.8363,7.839,3.20,1.60
2010.05.28 06:46:34.994,7.83595,7.83875,3.20,1.60
2010.05.28 06:46:35.831,7.836,7.83875,1.70,1.60
2010.05.28 06:46:36.176,7.8363,7.839,3.20,1.60
2010.05.28 06:46:37.062,7.83635,7.8394,4.80,4.80
2010.05.28 06:46:38.058,7.8369,7.8394,3.20,1.60
2010.05.28 06:46:38.389,7.83635,7.8394,4.80,4.80
2010.05.28 06:46:45.409,7.83635,7.8392,4.80,3.20
2010.05.28 06:46:45.749,7.83635,7.839,1.60,3.20
2010.05.28 06:46:48.710,7.83635,7.8394,4.80,4.80
2010.05.28 06:46:48.820,7.83635,7.8394,4.80,3.20
2010.05.28 06:46:48.931,7.8367,7.8394,1.60,3.20
2010.05.28 06:46:49.139,7.83645,7.8394,1.60,3.20
2010.05.28 06:46:50.019,7.83675,7.83945,3.20,1.60
2010.05.28 06:46:50.301,7.83675,7.8397,4.80,1.60
2010.05.28 06:46:52.719,7.8368,7.8397,1.00,1.60
2010.05.28 06:46:53.472,7.83665,7.8397,4.80,3.20
2010.05.28 06:46:54.202,7.8368,7.8397,1.60,3.20
2010.05.28 06:46:54.830,7.8368,7.8397,1.70,3.20
2010.05.28 06:46:55.470,7.8372,7.8397,1.00,3.20
2010.05.28 06:46:55.671,7.83725,7.83995,3.20,3.20
2010.05.28 06:46:56.554,7.83725,7.8401,3.20,1.60
2010.05.28 06:46:58.631,7.83705,7.83995,3.20,1.60
2010.05.28 06:46:58.769,7.8369,7.83995,3.20,4.80
2010.05.28 06:47:00.245,7.8369,7.8398,3.20,1.60
2010.05.28 06:47:00.696,7.837,7.8398,1.00,1.60
2010.05.28 06:47:00.922,7.83715,7.83995,1.60,3.20
2010.05.28 06:47:01.041,7.83725,7.84015,3.20,1.60
2010.05.28 06:47:05.769,7.83725,7.8401,3.20,1.60
2010.05.28 06:47:06.161,7.83765,7.84035,3.20,1.60
2010.05.28 06:47:06.401,7.83785,7.84075,3.20,1.60
2010.05.28 06:47:07.231,7.83785,7.8408,3.20,1.60
2010.05.28 06:47:09.860,7.8376,7.84055,3.30,1.60
2010.05.28 06:47:10.415,7.8376,7.84055,1.00,1.60
2010.05.28 06:47:10.810,7.83755,7.84055,3.20,1.60
2010.05.28 06:47:20.231,7.83725,7.84015,3.20,1.60
2010.05.28 06:47:24.273,7.83705,7.84,3.20,1.60
2010.05.28 06:47:25.502,7.83705,7.8399,3.20,1.60
2010.05.28 06:47:33.451,7.83725,7.84,3.20,1.60
2010.05.28 06:47:33.584,7.83795,7.84,3.20,1.60
2010.05.28 06:47:33.962,7.8395,7.84145,3.20,1.60
2010.05.28 06:47:34.211,7.83945,7.84145,3.20,1.60
2010.05.28 06:47:37.621,7.83965,7.84105,3.20,1.60
2010.05.28 06:47:37.753,7.8394,7.84105,3.20,1.60
2010.05.28 06:47:37.884,7.83935,7.84105,3.20,1.60
2010.05.28 06:47:38.979,7.83705,7.83975,1.60,3.20
2010.05.28 06:47:39.322,7.83605,7.83975,1.60,3.20
2010.05.28 06:47:40.516,7.83655,7.83935,1.60,3.20
2010.05.28 06:47:41.053,7.8371,7.84035,3.20,3.20
2010.05.28 06:47:41.243,7.83735,7.8406,3.20,6.40
2010.05.28 06:47:41.431,7.83735,7.8406,3.20,3.20
2010.05.28 06:47:44.132,7.83725,7.83945,1.60,3.20
2010.05.28 06:47:44.501,7.8362,7.83945,1.60,3.20
2010.05.28 06:47:44.762,7.83605,7.839,3.20,3.20
2010.05.28 06:47:45.022,7.8354,7.83875,1.60,3.20
2010.05.28 06:47:52.197,7.8363,7.83955,3.20,3.20
2010.05.28 06:47:52.336,7.8364,7.83965,3.20,3.20
2010.05.28 06:47:53.861,7.83615,7.8388,3.20,3.20
2010.05.28 06:47:54.586,7.8355,7.83875,4.80,3.20
2010.05.28 06:47:59.809,7.83575,7.83855,1.60,3.20
2010.05.28 06:48:00.091,7.8358,7.8388,3.20,1.60
2010.05.28 06:48:00.534,7.8359,7.8388,1.00,1.60
2010.05.28 06:48:00.752,7.83615,7.8388,3.20,1.60
2010.05.28 06:48:01.452,7.8364,7.83905,1.60,1.60
2010.05.28 06:48:01.782,7.8359,7.8388,3.20,1.60
2010.05.28 06:48:02.104,7.8358,7.8388,3.20,1.60
2010.05.28 06:48:03.961,7.8359,7.8388,1.00,1.60
2010.05.28 06:48:04.100,7.83615,7.8388,3.20,1.60
2010.05.28 06:48:04.242,7.83615,7.83905,3.20,3.20
2010.05.28 06:48:04.380,7.83615,7.83905,3.20,1.60
2010.05.28 06:48:05.701,7.83675,7.83975,3.20,1.60
2010.05.28 06:48:05.944,7.8368,7.83975,3.20,1.60
2010.05.28 06:48:08.170,7.837,7.83915,3.20,1.60
2010.05.28 06:48:08.391,7.8363,7.83915,1.00,1.60
2010.05.28 06:48:08.500,7.8367,7.83915,3.20,1.60
2010.05.28 06:48:08.731,7.83695,7.83965,3.20,1.60
2010.05.28 06:48:08.960,7.837,7.8398,3.20,1.60
2010.05.28 06:48:09.882,7.83675,7.83945,1.60,3.20
2010.05.28 06:48:10.057,7.83615,7.8389,3.20,1.60
2010.05.28 06:48:11.503,7.8361,7.8389,3.20,1.60
2010.05.28 06:48:13.583,7.8351,7.8383,4.80,1.60
2010.05.28 06:48:14.957,7.83555,7.83855,1.60,4.80
2010.05.28 06:48:15.813,7.83555,7.8385,1.60,1.00
2010.05.28 06:48:16.006,7.83555,7.8382,1.60,3.20
2010.05.28 06:48:16.369,7.83555,7.8385,1.60,1.00
2010.05.28 06:48:16.561,7.83555,7.8382,1.60,3.20
2010.05.28 06:48:19.953,7.83555,7.83855,1.60,4.80
2010.05.28 06:48:20.102,7.8363,7.83855,3.20,1.60
2010.05.28 06:48:20.251,7.8363,7.83905,3.20,1.60
2010.05.28 06:48:20.580,7.83605,7.83905,3.20,4.80
2010.05.28 06:48:21.021,7.83635,7.83905,3.20,1.60
2010.05.28 06:48:21.242,7.8366,7.8394,3.20,1.60
2010.05.28 06:48:24.474,7.83695,7.83965,3.20,1.60
2010.05.28 06:48:24.702,7.83695,7.8394,3.20,3.20
2010.05.28 06:48:24.779,7.83665,7.83915,1.60,3.20
2010.05.28 06:48:24.940,7.83615,7.83915,4.80,4.80
2010.05.28 06:48:29.682,7.83675,7.8391,3.20,1.60
2010.05.28 06:48:30.425,7.83675,7.8396,3.20,1.60
2010.05.28 06:48:34.238,7.8376,7.8402,3.20,1.60
2010.05.28 06:48:34.350,7.8376,7.8397,3.20,1.60
2010.05.28 06:48:34.461,7.83655,7.8397,3.20,1.60
2010.05.28 06:48:37.234,7.8374,7.8402,3.20,1.60
2010.05.28 06:48:37.790,7.83755,7.84045,3.20,1.60
2010.05.28 06:48:38.040,7.8374,7.84045,3.20,1.60
2010.05.28 06:48:38.411,7.83735,7.8398,1.60,3.20
2010.05.28 06:48:39.226,7.83675,7.83975,4.80,1.60
2010.05.28 06:48:41.060,7.83675,7.8395,4.80,1.60
2010.05.28 06:48:41.729,7.83675,7.8395,3.20,1.60
2010.05.28 06:48:41.970,7.8365,7.8395,1.60,4.80
2010.05.28 06:48:43.071,7.83645,7.83925,3.20,1.60
2010.05.28 06:48:43.200,7.8362,7.83915,1.60,3.20
2010.05.28 06:48:44.713,7.83695,7.83975,3.20,1.60
2010.05.28 06:48:45.368,7.8362,7.83915,1.60,3.20
2010.05.28 06:48:48.932,7.83645,7.83935,1.60,1.60
2010.05.28 06:48:49.149,7.83645,7.8394,1.60,3.20
2010.05.28 06:48:49.369,7.8365,7.8394,1.60,3.20
2010.05.28 06:48:50.961,7.8365,7.8394,1.70,3.20
2010.05.28 06:48:51.181,7.83675,7.8394,1.60,3.20
2010.05.28 06:48:51.401,7.83675,7.8398,4.80,4.80
2010.05.28 06:48:57.902,7.8375,7.84055,3.20,1.60
2010.05.28 06:48:58.510,7.8375,7.84015,3.20,3.20
2010.05.28 06:48:58.590,7.8373,7.83995,1.60,3.20
2010.05.28 06:48:58.671,7.8368,7.8398,1.60,3.20
2010.05.28 06:48:59.001,7.83675,7.83975,3.20,1.60
2010.05.28 06:48:59.897,7.8374,7.83975,3.20,1.60
2010.05.28 06:49:00.529,7.8371,7.83975,6.40,1.60
2010.05.28 06:49:00.725,7.8371,7.84005,3.20,1.60
2010.05.28 06:49:03.550,7.8374,7.84025,3.20,1.60
2010.05.28 06:49:03.639,7.8374,7.8403,3.20,1.60
2010.05.28 06:49:10.118,7.83805,7.8409,3.20,1.60
2010.05.28 06:49:12.318,7.83805,7.84095,3.20,1.60
2010.05.28 06:49:21.362,7.83795,7.84045,1.60,3.20
2010.05.28 06:49:22.202,7.83745,7.84035,3.20,1.60
2010.05.28 06:49:22.558,7.83545,7.8391,4.80,3.20
2010.05.28 06:49:22.747,7.8348,7.83845,4.80,3.20
2010.05.28 06:49:23.438,7.8348,7.83845,4.80,4.80
2010.05.28 06:49:28.964,7.83525,7.83825,3.20,1.60
2010.05.28 06:49:29.242,7.83545,7.83835,3.20,1.60
2010.05.28 06:49:29.522,7.8353,7.83765,1.60,3.20
2010.05.28 06:49:29.663,7.8346,7.8374,3.20,1.00
2010.05.28 06:49:30.553,7.8342,7.8371,4.40,1.60
2010.05.28 06:49:31.863,7.8342,7.83685,1.20,1.60
2010.05.28 06:49:36.951,7.8342,7.83625,1.20,3.20
2010.05.28 06:49:37.241,7.8342,7.83625,1.20,4.80
2010.05.28 06:49:40.483,7.8342,7.8358,1.20,1.60
2010.05.28 06:49:40.800,7.8342,7.83575,1.20,1.60
2010.05.28 06:49:41.953,7.8342,7.83545,1.00,1.60
2010.05.28 06:49:43.711,7.8342,7.83555,1.00,1.60
2010.05.28 06:49:46.904,7.8342,7.83565,1.00,3.20
2010.05.28 06:49:47.110,7.8342,7.83605,1.00,1.60
2010.05.28 06:49:50.010,7.8342,7.8358,1.00,1.70
2010.05.28 06:49:50.233,7.8342,7.83555,1.00,1.60
2010.05.28 06:49:54.632,7.8342,7.83545,1.00,1.60
2010.05.28 06:49:55.484,7.8342,7.8352,1.00,1.60
2010.05.28 06:49:55.643,7.8342,7.8352,1.00,1.70
2010.05.28 06:49:56.212,7.8342,7.835,1.00,3.20
2010.05.28 06:49:56.555,7.8315,7.8347,1.60,3.20
2010.05.28 06:49:56.904,7.83095,7.8343,3.20,1.60
2010.05.28 06:49:58.687,7.83135,7.8339,3.20,1.00
2010.05.28 06:49:59.440,7.8311,7.83375,3.20,3.20
2010.05.28 06:49:59.783,7.8307,7.83365,3.20,1.60
2010.05.28 06:50:00.123,7.831,7.8339,3.20,1.60
2010.05.28 06:50:00.896,7.8312,7.83405,1.00,3.20
2010.05.28 06:50:01.163,7.831,7.83395,3.20,1.60
2010.05.28 06:50:01.978,7.83115,7.83405,1.60,3.20
2010.05.28 06:50:02.327,7.83135,7.83415,3.20,1.60
2010.05.28 06:50:02.672,7.83175,7.8343,1.60,1.60
2010.05.28 06:50:03.016,7.83165,7.83455,3.20,1.60
2010.05.28 06:50:04.036,7.83115,7.83395,3.20,1.60
2010.05.28 06:50:04.274,7.831,7.83395,3.20,1.60
2010.05.28 06:50:07.710,7.8309,7.83375,1.00,3.20
2010.05.28 06:50:07.908,7.8307,7.83355,3.20,1.60
2010.05.28 06:50:09.802,7.8309,7.83375,1.00,3.20
2010.05.28 06:50:10.141,7.8309,7.83365,1.00,1.60
2010.05.28 06:50:10.403,7.831,7.8339,3.20,1.60
2010.05.28 06:50:12.063,7.83135,7.83415,3.20,1.60
2010.05.28 06:50:13.014,7.83195,7.83475,3.20,1.60
2010.05.28 06:50:13.345,7.83195,7.83455,3.20,1.60
2010.05.28 06:50:14.150,7.8319,7.8343,1.00,1.60
2010.05.28 06:50:14.459,7.83135,7.8343,3.20,1.60
2010.05.28 06:50:17.493,7.8315,7.8343,1.60,1.60
2010.05.28 06:50:17.837,7.83135,7.8343,3.20,1.60
2010.05.28 06:50:19.645,7.8309,7.8339,1.70,1.60
2010.05.28 06:50:20.966,7.8309,7.83365,1.70,1.60
2010.05.28 06:50:21.317,7.83065,7.8336,1.60,3.20
2010.05.28 06:50:22.654,7.8306,7.83355,1.00,1.60
2010.05.28 06:50:22.811,7.8309,7.83375,1.00,1.60
2010.05.28 06:50:22.971,7.8309,7.8339,1.70,1.60
2010.05.28 06:50:24.287,7.8309,7.8339,1.60,1.70
2010.05.28 06:50:24.632,7.8309,7.8339,1.70,1.60
2010.05.28 06:50:25.330,7.8309,7.8339,1.60,1.60
2010.05.28 06:50:26.041,7.83065,7.8336,1.60,3.20
2010.05.28 06:50:26.238,7.8304,7.8333,3.20,1.60
2010.05.28 06:50:27.759,7.8304,7.8333,3.20,1.70
2010.05.28 06:50:28.102,7.83005,7.833,3.20,1.60
2010.05.28 06:50:30.074,7.83005,7.8326,3.20,1.00
2010.05.28 06:50:30.275,7.8295,7.83245,3.20,1.60
2010.05.28 06:50:31.517,7.82975,7.83265,3.20,1.60
2010.05.28 06:50:33.111,7.8307,7.8334,1.60,3.20
2010.05.28 06:50:33.455,7.8308,7.8339,3.20,1.60
2010.05.28 06:50:34.569,7.8312,7.83415,3.30,1.60
2010.05.28 06:50:35.429,7.83135,7.83415,3.20,1.60
2010.05.28 06:50:36.068,7.831,7.8339,3.20,1.60
2010.05.28 06:50:38.053,7.831,7.8338,3.20,1.60
2010.05.28 06:50:39.563,7.8307,7.8332,3.20,1.60
2010.05.28 06:50:39.811,7.8304,7.8332,3.20,1.60
2010.05.28 06:50:40.346,7.8303,7.83295,1.00,1.60
2010.05.28 06:50:40.682,7.83005,7.83295,3.20,1.60
2010.05.28 06:50:42.137,7.8303,7.83295,1.00,1.60
2010.05.28 06:50:42.488,7.8304,7.83295,3.20,1.60
2010.05.28 06:50:42.694,7.8304,7.83315,3.20,1.60
2010.05.28 06:50:43.409,7.8307,7.8334,3.20,1.60
2010.05.28 06:50:43.620,7.831,7.8338,3.20,1.60
2010.05.28 06:50:45.161,7.83105,7.8338,1.60,1.60
2010.05.28 06:50:45.510,7.83135,7.8338,3.20,1.60
2010.05.28 06:50:45.714,7.83135,7.8341,3.20,1.60
2010.05.28 06:50:46.631,7.831,7.8338,3.20,1.60
2010.05.28 06:50:48.889,7.83165,7.8342,4.80,1.00
2010.05.28 06:50:48.986,7.83175,7.8342,3.20,1.00
2010.05.28 06:50:49.075,7.8319,7.8347,1.00,1.60
2010.05.28 06:50:49.163,7.83195,7.8347,3.20,1.60
2010.05.28 06:50:49.873,7.8316,7.8343,1.60,1.60
2010.05.28 06:50:50.217,7.83115,7.83395,1.60,1.60
2010.05.28 06:50:50.564,7.831,7.83395,3.20,1.60
2010.05.28 06:50:52.060,7.83135,7.8342,3.20,1.60
2010.05.28 06:50:52.385,7.83165,7.8345,3.20,1.70
2010.05.28 06:50:53.181,7.8315,7.83375,1.00,1.60
2010.05.28 06:50:53.279,7.831,7.8339,3.20,1.60
2010.05.28 06:50:54.773,7.83135,7.83415,3.20,1.60
2010.05.28 06:50:55.713,7.8321,7.8354,3.20,1.60
2010.05.28 06:50:55.951,7.8321,7.8353,3.20,1.60
2010.05.28 06:50:59.082,7.83195,7.83485,3.20,1.60
2010.05.28 06:51:00.527,7.8323,7.83495,3.20,1.60
2010.05.28 06:51:00.851,7.83235,7.83455,3.20,1.60
2010.05.28 06:51:01.667,7.83165,7.8343,3.20,1.60
2010.05.28 06:51:01.976,7.83135,7.8343,3.20,1.60
2010.05.28 06:51:02.621,7.83135,7.8342,3.20,1.00
2010.05.28 06:51:03.337,7.83135,7.8343,3.20,1.60
2010.05.28 06:51:04.346,7.83165,7.8343,3.20,1.60
2010.05.28 06:51:04.663,7.83165,7.8342,3.20,1.60
2010.05.28 06:51:07.322,7.83165,7.8345,3.20,1.00
2010.05.28 06:51:07.548,7.83155,7.8345,3.20,3.20
2010.05.28 06:51:08.305,7.83175,7.83455,3.20,1.60
2010.05.28 06:51:08.528,7.83195,7.8348,3.20,1.60
2010.05.28 06:51:14.312,7.8323,7.8348,3.20,1.60
2010.05.28 06:51:14.660,7.8325,7.83495,1.00,1.60
2010.05.28 06:51:15.009,7.83195,7.83495,3.20,1.60
2010.05.28 06:51:26.533,7.8323,7.83495,3.20,1.60
2010.05.28 06:51:26.718,7.8323,7.8352,3.20,1.60
2010.05.28 06:51:27.980,7.8323,7.8352,3.20,1.70
2010.05.28 06:51:28.321,7.83195,7.83495,3.20,1.60
2010.05.28 06:51:29.931,7.83205,7.83495,1.60,1.60
2010.05.28 06:51:30.406,7.83255,7.8354,3.20,1.60
2010.05.28 06:51:31.357,7.8329,7.8354,3.20,1.60
2010.05.28 06:51:31.659,7.8326,7.83555,3.20,1.60
2010.05.28 06:51:35.866,7.83325,7.83605,3.20,1.60
2010.05.28 06:51:35.984,7.83355,7.83645,3.20,1.60
2010.05.28 06:51:36.651,7.8338,7.83645,1.00,1.60
2010.05.28 06:51:36.774,7.83325,7.8362,3.20,1.60
2010.05.28 06:51:41.226,7.83315,7.83595,1.60,3.20
2010.05.28 06:51:41.433,7.8329,7.8358,3.30,1.60
2010.05.28 06:51:49.049,7.8329,7.8358,3.20,1.60
2010.05.28 06:51:49.213,7.8328,7.83565,1.60,3.20
2010.05.28 06:51:49.935,7.8329,7.83555,3.20,1.60
2010.05.28 06:51:51.354,7.8329,7.8358,3.20,1.60
2010.05.28 06:51:52.161,7.8329,7.8358,3.30,1.60
2010.05.28 06:51:54.621,7.8329,7.83575,3.30,1.60
2010.05.28 06:51:55.542,7.8332,7.83575,1.00,1.60
2010.05.28 06:51:55.702,7.83325,7.836,3.20,1.60
2010.05.28 06:51:56.322,7.83325,7.8362,3.20,1.60
2010.05.28 06:51:56.492,7.83355,7.83645,3.20,1.60
2010.05.28 06:51:56.835,7.83355,7.8362,3.20,1.60
2010.05.28 06:51:57.177,7.83325,7.8362,3.20,1.60
2010.05.28 06:52:01.873,7.8332,7.83605,1.00,3.20
2010.05.28 06:52:02.033,7.8329,7.8358,1.00,4.80
2010.05.28 06:52:04.124,7.8332,7.83605,1.00,1.60
2010.05.28 06:52:06.713,7.83305,7.8359,1.60,1.00
2010.05.28 06:52:07.288,7.83305,7.8355,1.60,3.20
2010.05.28 06:52:07.434,7.8326,7.8355,1.00,3.20
2010.05.28 06:52:09.722,7.8323,7.8352,3.20,1.60
2010.05.28 06:52:09.894,7.8325,7.8352,1.00,1.60
2010.05.28 06:52:10.062,7.8325,7.8354,1.00,1.60
2010.05.28 06:52:10.650,7.83245,7.8354,1.60,1.60
2010.05.28 06:52:10.968,7.83245,7.8354,1.60,3.20
2010.05.28 06:52:11.287,7.83245,7.83515,1.60,4.80
2010.05.28 06:52:11.605,7.8324,7.8354,1.60,1.60
2010.05.28 06:52:12.424,7.8325,7.8354,1.00,1.60
2010.05.28 06:52:12.767,7.83255,7.8354,3.20,1.60
2010.05.28 06:52:13.424,7.8326,7.8356,1.60,4.80
2010.05.28 06:52:13.642,7.83255,7.8356,3.20,4.80
2010.05.28 06:52:14.455,7.83255,7.8355,3.20,1.60
2010.05.28 06:52:14.775,7.8325,7.8355,1.60,4.80
2010.05.28 06:52:20.379,7.8325,7.8354,1.60,3.20
2010.05.28 06:52:20.615,7.8321,7.83505,1.00,1.60
2010.05.28 06:52:21.901,7.83205,7.83505,4.80,1.60
2010.05.28 06:52:22.642,7.83235,7.8353,3.20,1.60
2010.05.28 06:52:23.953,7.83295,7.8353,3.20,1.60
2010.05.28 06:52:24.243,7.83225,7.8354,3.20,1.60
2010.05.28 06:52:24.822,7.83195,7.8352,3.20,3.20
2010.05.28 06:52:25.390,7.83215,7.83505,3.20,1.60
2010.05.28 06:52:27.783,7.83225,7.8352,1.60,3.20
2010.05.28 06:52:27.886,7.83245,7.8353,3.20,1.60
2010.05.28 06:52:35.150,7.83235,7.8352,3.20,1.60
2010.05.28 06:52:39.756,7.83245,7.83545,1.60,4.80
2010.05.28 06:52:39.983,7.8327,7.8357,3.20,1.60
2010.05.28 06:52:41.053,7.83205,7.83505,4.80,1.60
2010.05.28 06:52:44.436,7.8322,7.83505,3.20,1.60
2010.05.28 06:52:46.810,7.8323,7.8353,1.60,1.60
2010.05.28 06:52:47.028,7.8328,7.8356,3.20,1.60
2010.05.28 06:52:50.392,7.83275,7.8356,3.20,1.60
2010.05.28 06:52:50.713,7.83285,7.8357,3.20,1.60
2010.05.28 06:52:51.031,7.83285,7.8359,3.20,4.80
2010.05.28 06:52:51.571,7.83285,7.8359,4.80,4.80
2010.05.28 06:52:51.825,7.8332,7.8361,3.20,1.60
2010.05.28 06:52:53.027,7.8332,7.836,3.20,1.60
2010.05.28 06:52:57.761,7.8335,7.836,3.20,1.60
2010.05.28 06:52:58.429,7.8335,7.83625,3.20,1.60
2010.05.28 06:53:00.421,7.8338,7.8367,3.20,1.60
2010.05.28 06:53:01.603,7.83395,7.83685,3.20,1.60
2010.05.28 06:53:04.993,7.8338,7.8367,1.60,3.20
2010.05.28 06:53:07.938,7.83405,7.8367,1.60,3.20
2010.05.28 06:53:08.126,7.83405,7.83695,1.60,3.20
2010.05.28 06:53:08.642,7.83405,7.83705,1.60,3.20
2010.05.28 06:53:09.989,7.8336,7.8366,4.80,1.60
2010.05.28 06:53:13.392,7.8335,7.8365,4.80,1.60
2010.05.28 06:53:18.021,7.8335,7.83645,3.20,1.60
2010.05.28 06:53:18.755,7.833,7.8358,3.20,1.60
2010.05.28 06:53:19.829,7.833,7.83605,4.80,4.80
2010.05.28 06:53:20.180,7.83325,7.8362,4.80,3.20
2010.05.28 06:53:20.526,7.8332,7.83605,3.20,1.60
2010.05.28 06:53:26.102,7.83305,7.8359,1.60,3.20
2010.05.28 06:53:26.724,7.83285,7.8358,3.20,1.60
2010.05.28 06:53:27.169,7.83255,7.8354,3.20,1.60
2010.05.28 06:53:27.418,7.83225,7.83515,3.20,1.60
2010.05.28 06:53:27.964,7.8323,7.83515,3.20,1.60
2010.05.28 06:53:28.214,7.83235,7.8353,1.60,3.20
2010.05.28 06:53:28.555,7.83225,7.835,3.20,1.60
2010.05.28 06:53:30.446,7.83185,7.8347,3.20,1.60
2010.05.28 06:53:32.330,7.8322,7.8345,3.20,1.60
2010.05.28 06:53:33.369,7.83115,7.83415,3.20,1.60
2010.05.28 06:53:33.721,7.83155,7.8347,3.20,3.20
2010.05.28 06:53:34.046,7.8315,7.83455,3.20,1.60
2010.05.28 06:53:34.362,7.8315,7.83455,1.60,1.60
2010.05.28 06:53:38.712,7.83175,7.8346,1.60,3.20
2010.05.28 06:53:38.832,7.83175,7.8348,1.60,1.60
2010.05.28 06:53:40.380,7.83205,7.83505,3.20,1.60
2010.05.28 06:53:41.254,7.83215,7.83515,1.60,1.60
2010.05.28 06:53:41.567,7.8323,7.83515,3.20,1.60
2010.05.28 06:53:42.784,7.83255,7.8354,3.20,1.60
2010.05.28 06:53:47.093,7.83275,7.8354,3.20,1.60
2010.05.28 06:53:47.229,7.8331,7.8358,3.20,1.60
2010.05.28 06:53:47.366,7.8334,7.8364,1.60,3.20
2010.05.28 06:53:47.586,7.8338,7.83645,3.20,1.60
2010.05.28 06:53:48.289,7.8336,7.83645,3.20,1.60
2010.05.28 06:53:48.854,7.8336,7.83625,3.20,3.20
2010.05.28 06:53:49.136,7.83295,7.8359,3.20,1.60
2010.05.28 06:53:50.270,7.83285,7.8356,1.60,3.20
2010.05.28 06:53:53.588,7.8324,7.83515,1.60,3.20
2010.05.28 06:53:53.673,7.8324,7.8351,1.60,3.20
2010.05.28 06:53:54.033,7.8324,7.8353,1.60,3.20
2010.05.28 06:53:54.326,7.83265,7.8356,1.60,3.20
2010.05.28 06:53:55.443,7.83305,7.8356,1.60,3.20
2010.05.28 06:53:55.641,7.83305,7.83585,1.60,3.20
2010.05.28 06:53:56.028,7.83305,7.836,1.60,3.20
2010.05.28 06:53:57.223,7.83305,7.8359,1.60,3.20
2010.05.28 06:53:57.444,7.83305,7.836,1.60,3.20
2010.05.28 06:53:58.197,7.83305,7.8359,1.60,3.20
2010.05.28 06:53:59.172,7.8333,7.8363,1.60,3.20
2010.05.28 06:53:59.774,7.8333,7.83625,1.60,3.20
2010.05.28 06:54:00.624,7.8333,7.8363,1.60,3.20
2010.05.28 06:54:03.111,7.8333,7.83625,1.60,3.20
2010.05.28 06:54:03.194,7.8337,7.83655,1.60,3.20
2010.05.28 06:54:03.416,7.83395,7.83655,1.60,3.20
2010.05.28 06:54:04.283,7.83395,7.83685,1.60,3.20
2010.05.28 06:54:05.224,7.83445,7.83715,3.20,1.60
2010.05.28 06:54:06.210,7.8344,7.83725,3.20,1.60
2010.05.28 06:54:06.373,7.83435,7.83725,3.20,1.60
2010.05.28 06:54:08.065,7.83405,7.83685,3.20,1.60
2010.05.28 06:54:09.503,7.83435,7.83715,3.20,1.60
2010.05.28 06:54:11.828,7.8345,7.83745,1.60,3.20
2010.05.28 06:54:13.347,7.8345,7.8372,1.60,1.60
2010.05.28 06:54:13.700,7.8345,7.8364,1.60,3.20
2010.05.28 06:54:14.348,7.8345,7.8363,1.60,3.20
2010.05.28 06:54:14.675,7.8345,7.836,1.60,3.20
2010.05.28 06:54:16.849,7.8343,7.8361,1.60,3.20
2010.05.28 06:54:20.113,7.8342,7.8361,1.60,3.20
2010.05.28 06:54:20.538,7.83365,7.8367,4.80,4.80
2010.05.28 06:54:20.758,7.83405,7.8367,3.20,1.60
2010.05.28 06:54:21.361,7.83405,7.8369,3.20,1.60
2010.05.28 06:54:21.710,7.83435,7.83715,3.20,1.60
2010.05.28 06:54:23.294,7.83435,7.83665,3.20,1.60
2010.05.28 06:54:23.593,7.8337,7.83665,3.20,1.60
2010.05.28 06:54:26.269,7.8337,7.8365,3.20,1.60
2010.05.28 06:54:26.494,7.8336,7.8365,3.20,1.60
2010.05.28 06:54:27.694,7.8333,7.8361,3.20,1.60
2010.05.28 06:54:28.531,7.83295,7.83585,3.20,1.60
2010.05.28 06:54:32.127,7.83295,7.83585,4.80,1.60
2010.05.28 06:54:32.388,7.8336,7.8362,1.60,1.60
2010.05.28 06:54:32.645,7.83365,7.83685,3.20,1.60
2010.05.28 06:54:32.907,7.83385,7.83685,3.20,1.60
2010.05.28 06:54:35.984,7.83375,7.8366,3.20,1.60
2010.05.28 06:54:40.992,7.8337,7.8366,3.20,1.60
2010.05.28 06:54:42.883,7.83385,7.8366,3.20,1.60
2010.05.28 06:54:43.031,7.83435,7.8371,3.20,1.60
2010.05.28 06:54:43.597,7.83405,7.83685,3.20,1.60
2010.05.28 06:54:45.597,7.83435,7.8371,3.20,1.60
2010.05.28 06:54:45.792,7.83435,7.83685,3.20,1.60
2010.05.28 06:54:45.983,7.83405,7.83685,3.20,1.60
2010.05.28 06:54:46.174,7.8339,7.83685,3.20,1.60
2010.05.28 06:54:47.799,7.83445,7.83695,1.60,3.20
2010.05.28 06:54:48.017,7.83445,7.83735,1.60,3.20
2010.05.28 06:54:48.134,7.83455,7.8375,3.20,1.60
2010.05.28 06:54:48.761,7.83445,7.83735,1.60,3.20
2010.05.28 06:54:49.898,7.83485,7.83775,3.20,1.60
2010.05.28 06:54:57.416,7.8355,7.83835,3.20,1.60
2010.05.28 06:55:02.311,7.8355,7.83855,3.20,3.20
2010.05.28 06:55:02.592,7.8355,7.8385,3.20,1.60
2010.05.28 06:55:05.675,7.8355,7.83855,3.20,3.20
2010.05.28 06:55:06.021,7.83575,7.83875,3.20,1.60
2010.05.28 06:55:08.511,7.83585,7.83875,3.20,1.60
2010.05.28 06:55:13.601,7.83575,7.83875,3.20,1.60
2010.05.28 06:55:14.363,7.8357,7.8385,1.60,1.60
2010.05.28 06:55:14.403,7.8355,7.8385,3.20,1.60
2010.05.28 06:55:14.975,7.8355,7.83855,3.20,3.20
2010.05.28 06:55:15.316,7.8355,7.8385,3.20,1.60
2010.05.28 06:55:16.354,7.8355,7.83845,3.20,3.20
2010.05.28 06:55:16.556,7.83545,7.8381,1.60,1.60
2010.05.28 06:55:16.752,7.8352,7.8381,3.20,1.60
2010.05.28 06:55:18.874,7.83485,7.83785,4.80,1.60
2010.05.28 06:55:19.885,7.83455,7.8375,3.20,1.60
2010.05.28 06:55:29.002,7.83455,7.8371,3.20,1.60
2010.05.28 06:55:29.169,7.8339,7.83685,3.20,1.60
2010.05.28 06:55:33.104,7.8336,7.8366,3.20,1.60
2010.05.28 06:55:39.453,7.83355,7.836,1.60,3.20
2010.05.28 06:55:40.003,7.83295,7.836,4.80,3.20
2010.05.28 06:55:40.365,7.83175,7.8349,1.60,1.60
2010.05.28 06:55:41.216,7.8318,7.83515,3.20,1.60
2010.05.28 06:55:42.246,7.8326,7.83495,3.20,1.60
2010.05.28 06:55:43.091,7.8326,7.8352,3.20,1.60
2010.05.28 06:55:43.465,7.8312,7.8343,3.20,1.60
2010.05.28 06:55:43.640,7.83045,7.83375,1.60,3.20
2010.05.28 06:55:44.405,7.8301,7.83335,1.60,3.20
2010.05.28 06:55:44.573,7.83045,7.8333,3.20,1.60
2010.05.28 06:55:45.328,7.8307,7.8337,3.20,8.00
2010.05.28 06:55:45.679,7.8307,7.8337,3.20,4.80
2010.05.28 06:55:46.370,7.83045,7.83345,3.20,4.80
2010.05.28 06:55:50.184,7.83105,7.83355,3.20,1.60
2010.05.28 06:55:51.065,7.83045,7.83345,3.20,4.80
2010.05.28 06:55:51.411,7.83045,7.83335,3.20,1.60
2010.05.28 06:55:52.870,7.8298,7.83285,3.20,4.80
2010.05.28 06:55:53.049,7.8296,7.83225,3.20,1.60
2010.05.28 06:55:53.754,7.8293,7.83205,3.20,1.60
2010.05.28 06:55:54.097,7.82945,7.8323,3.20,1.60
2010.05.28 06:55:55.287,7.8298,7.8323,3.20,1.60
2010.05.28 06:55:55.543,7.8292,7.832,1.00,1.60
2010.05.28 06:55:55.798,7.8292,7.83145,1.00,1.60
2010.05.28 06:55:56.471,7.8292,7.8314,1.00,3.20
2010.05.28 06:56:00.135,7.8292,7.8308,1.00,1.60
2010.05.28 06:56:00.472,7.8292,7.8308,1.00,4.80
2010.05.28 06:56:01.503,7.8292,7.83075,1.00,1.60
2010.05.28 06:56:03.483,7.82715,7.83055,4.80,1.60
2010.05.28 06:56:03.626,7.82715,7.83015,1.60,1.60
2010.05.28 06:56:03.767,7.82715,7.8301,1.60,3.20
2010.05.28 06:56:04.407,7.8267,7.8301,1.60,3.20
2010.05.28 06:56:04.551,7.8276,7.8302,1.60,1.60
2010.05.28 06:56:04.899,7.82785,7.8306,3.20,1.60
2010.05.28 06:56:05.763,7.8281,7.831,3.20,4.80
2010.05.28 06:56:06.109,7.82785,7.83075,3.20,1.60
2010.05.28 06:56:06.449,7.8285,7.83125,3.20,1.60
2010.05.28 06:56:07.302,7.8269,7.83035,1.60,3.20
2010.05.28 06:56:07.649,7.82735,7.83095,3.20,3.20
2010.05.28 06:56:08.000,7.82735,7.83065,3.20,1.60
2010.05.28 06:56:08.976,7.82735,7.83045,1.60,4.80
2010.05.28 06:56:09.275,7.82725,7.83045,3.20,6.40
2010.05.28 06:56:09.576,7.82755,7.83035,3.20,1.60
2010.05.28 06:56:10.384,7.82735,7.8302,3.20,1.60
2010.05.28 06:56:10.703,7.8277,7.8307,1.60,1.60
2010.05.28 06:56:11.017,7.82795,7.8307,3.20,1.60
2010.05.28 06:56:14.901,7.82785,7.8307,3.20,1.60
2010.05.28 06:56:16.169,7.82825,7.83095,1.00,3.20
2010.05.28 06:56:17.486,7.82785,7.83075,3.20,1.60
2010.05.28 06:56:18.057,7.82785,7.83085,3.20,1.60
2010.05.28 06:56:19.155,7.8278,7.83055,1.60,3.20
2010.05.28 06:56:19.459,7.82785,7.8307,3.20,1.60
2010.05.28 06:56:22.923,7.82825,7.8307,3.20,1.60
2010.05.28 06:56:23.500,7.8283,7.83125,1.60,3.20
2010.05.28 06:56:23.738,7.8284,7.8313,3.20,1.60
2010.05.28 06:56:25.724,7.8282,7.83085,3.20,1.60
2010.05.28 06:56:26.064,7.82805,7.8311,4.80,4.80
2010.05.28 06:56:29.317,7.82815,7.8311,3.20,1.60
2010.05.28 06:56:29.475,7.82825,7.8311,3.20,1.60
2010.05.28 06:56:29.635,7.82825,7.831,3.20,1.60
2010.05.28 06:56:32.001,7.8282,7.8312,1.60,3.20
2010.05.28 06:56:32.230,7.828,7.831,4.80,4.80
2010.05.28 06:56:32.461,7.8287,7.83115,1.60,3.20
2010.05.28 06:56:33.162,7.8291,7.83115,3.20,3.20
2010.05.28 06:56:33.435,7.8291,7.8319,3.20,1.60
2010.05.28 06:56:37.313,7.82945,7.83235,3.20,1.60
2010.05.28 06:56:38.884,7.8291,7.8321,4.80,1.60
2010.05.28 06:56:39.205,7.8291,7.8321,3.20,1.60
2010.05.28 06:56:39.322,7.8291,7.832,3.20,1.60
2010.05.28 06:56:42.262,7.829,7.8318,1.60,3.20
2010.05.28 06:56:42.423,7.82875,7.83175,4.80,1.60
2010.05.28 06:56:42.584,7.829,7.8318,1.60,3.20
2010.05.28 06:56:42.748,7.82905,7.8321,3.20,4.80
2010.05.28 06:56:43.424,7.82905,7.8321,4.80,4.80
2010.05.28 06:56:44.849,7.82905,7.832,4.80,1.00
2010.05.28 06:56:45.182,7.82905,7.8321,4.80,4.80
2010.05.28 06:56:45.507,7.82905,7.8321,3.20,6.40
2010.05.28 06:56:46.342,7.8288,7.8318,1.60,3.20
2010.05.28 06:56:48.512,7.8288,7.83145,1.60,1.60
2010.05.28 06:56:48.764,7.82845,7.83145,4.80,1.60
2010.05.28 06:56:49.067,7.82875,7.8317,3.20,3.20
2010.05.28 06:56:49.731,7.82875,7.8317,3.20,1.60
2010.05.28 06:56:52.738,7.82875,7.8317,3.20,1.70
2010.05.28 06:56:53.022,7.82875,7.8317,3.20,1.60
2010.05.28 06:56:55.074,7.82875,7.83165,3.20,1.60
2010.05.28 06:56:55.329,7.82905,7.832,3.20,1.60
2010.05.28 06:56:56.659,7.8294,7.83225,3.20,1.60
2010.05.28 06:56:58.289,7.83,7.8329,3.20,1.60
2010.05.28 06:57:00.635,7.8299,7.83275,1.60,3.20
2010.05.28 06:57:01.165,7.8297,7.83275,3.20,3.20
2010.05.28 06:57:01.487,7.8297,7.83235,3.20,1.60
2010.05.28 06:57:01.806,7.82965,7.83235,1.60,1.60
2010.05.28 06:57:02.038,7.82905,7.83205,4.80,1.60
2010.05.28 06:57:03.533,7.82875,7.8318,4.80,4.80
2010.05.28 06:57:04.289,7.8292,7.8318,1.60,3.20
2010.05.28 06:57:04.526,7.82945,7.8321,3.20,3.20
2010.05.28 06:57:04.762,7.82955,7.83225,3.20,1.60
2010.05.28 06:57:06.557,7.83025,7.83225,3.20,1.60
2010.05.28 06:57:07.395,7.82985,7.83255,3.20,1.60
2010.05.28 06:57:07.737,7.83045,7.83355,3.20,1.60
2010.05.28 06:57:09.624,7.83035,7.83315,3.20,1.60
2010.05.28 06:57:10.211,7.83035,7.8331,3.20,1.60
2010.05.28 06:57:10.505,7.83005,7.8329,3.20,1.60
2010.05.28 06:57:11.165,7.83,7.8329,3.20,1.60
2010.05.28 06:57:11.356,7.83045,7.83315,3.20,1.60
2010.05.28 06:57:15.201,7.83045,7.8329,3.20,1.60
2010.05.28 06:57:15.517,7.8303,7.8329,3.20,1.60
2010.05.28 06:57:15.823,7.83,7.8329,3.20,1.60
2010.05.28 06:57:22.251,7.83065,7.83335,3.20,1.60
2010.05.28 06:57:24.592,7.83065,7.83315,3.20,1.60
2010.05.28 06:57:24.753,7.8303,7.83315,3.20,1.60
2010.05.28 06:57:29.879,7.83035,7.83335,1.60,3.20
2010.05.28 06:57:30.111,7.83065,7.8334,3.20,1.60
2010.05.28 06:57:30.335,7.8309,7.8336,1.00,1.60
2010.05.28 06:57:31.068,7.83125,7.83395,3.20,1.60
2010.05.28 06:57:31.420,7.83275,7.8363,3.20,1.60
2010.05.28 06:57:32.218,7.8331,7.8367,3.20,1.60
2010.05.28 06:57:32.565,7.83325,7.8363,1.60,1.60
2010.05.28 06:57:32.903,7.8334,7.8363,1.00,1.60
2010.05.28 06:57:33.767,7.83325,7.8363,1.60,1.60
2010.05.28 06:57:34.116,7.833,7.83605,1.60,1.60
2010.05.28 06:57:34.976,7.83275,7.8354,1.00,1.60
2010.05.28 06:57:35.331,7.8324,7.8354,1.60,1.60
2010.05.28 06:57:35.681,7.8329,7.83545,3.20,1.60
2010.05.28 06:57:36.465,7.8329,7.83565,3.20,1.60
2010.05.28 06:57:36.767,7.83225,7.8354,4.80,1.60
2010.05.28 06:57:37.090,7.8329,7.83585,3.20,1.60
2010.05.28 06:57:38.843,7.83315,7.83585,3.20,1.60
2010.05.28 06:57:40.177,7.8339,7.83655,3.20,1.60
2010.05.28 06:57:41.011,7.8339,7.83695,3.20,1.60
2010.05.28 06:57:41.360,7.83475,7.83755,3.20,1.60
2010.05.28 06:57:42.973,7.83475,7.837,3.20,1.60
2010.05.28 06:57:43.183,7.83445,7.83725,3.20,1.60
2010.05.28 06:57:44.938,7.8338,7.83675,3.20,1.60
2010.05.28 06:57:45.690,7.8335,7.83635,3.20,1.60
2010.05.28 06:57:46.036,7.8335,7.8363,3.20,1.60
2010.05.28 06:57:48.854,7.83325,7.83605,1.60,1.60
2010.05.28 06:57:49.497,7.83315,7.83605,3.20,1.60
2010.05.28 06:57:50.657,7.83315,7.8361,3.20,1.60
2010.05.28 06:57:52.636,7.83355,7.8362,4.80,3.20
2010.05.28 06:57:52.896,7.8338,7.83635,3.20,1.60
2010.05.28 06:57:53.443,7.8335,7.83635,3.20,1.60
2010.05.28 06:57:55.312,7.8336,7.8365,1.60,3.20
2010.05.28 06:57:55.549,7.8335,7.83635,3.20,1.60
2010.05.28 06:57:57.672,7.8335,7.8363,3.20,1.60
2010.05.28 06:57:58.342,7.8335,7.8365,4.80,3.20
2010.05.28 06:57:58.444,7.8339,7.83655,3.20,1.60
2010.05.28 06:57:59.879,7.8339,7.83675,3.20,1.60
2010.05.28 06:58:00.080,7.8342,7.8368,3.20,1.60
2010.05.28 06:58:00.842,7.8345,7.8368,1.60,1.60
2010.05.28 06:58:01.740,7.8345,7.83715,3.20,1.60
2010.05.28 06:58:02.093,7.83485,7.8375,3.20,1.60
2010.05.28 06:58:02.374,7.8345,7.83725,3.20,1.60
2010.05.28 06:58:03.137,7.8345,7.8375,3.20,1.60
2010.05.28 06:58:03.331,7.83485,7.8375,3.20,1.60
2010.05.28 06:58:04.437,7.83515,7.83785,3.20,1.60
2010.05.28 06:58:07.338,7.83545,7.83815,3.20,1.60
2010.05.28 06:58:08.809,7.8368,7.83955,1.60,1.60
2010.05.28 06:58:09.049,7.83715,7.8402,3.20,1.60
2010.05.28 06:58:09.845,7.838,7.8402,3.20,1.60
2010.05.28 06:58:10.189,7.83865,7.84145,3.20,1.60
2010.05.28 06:58:11.350,7.8383,7.84105,3.20,1.60
2010.05.28 06:58:12.038,7.838,7.8407,3.20,1.60
2010.05.28 06:58:12.888,7.8377,7.84035,3.20,1.60
2010.05.28 06:58:14.730,7.83755,7.8401,1.60,1.60
2010.05.28 06:58:14.971,7.83735,7.8401,3.20,1.60
2010.05.28 06:58:15.799,7.83705,7.8397,3.20,1.60
2010.05.28 06:58:18.187,7.83675,7.8397,3.20,1.60
2010.05.28 06:58:18.335,7.83705,7.83945,3.20,1.60
2010.05.28 06:58:19.037,7.83675,7.83945,3.20,1.60
2010.05.28 06:58:23.446,7.83705,7.8397,3.20,1.60
2010.05.28 06:58:25.113,7.83675,7.83945,3.20,1.60
2010.05.28 06:58:27.159,7.83705,7.8397,3.20,1.60
2010.05.28 06:58:29.221,7.83675,7.83945,3.20,1.60
2010.05.28 06:58:31.504,7.8364,7.83905,3.20,1.60
2010.05.28 06:58:35.507,7.8361,7.8388,3.20,1.60
2010.05.28 06:58:37.935,7.8364,7.83905,3.20,1.60
2010.05.28 06:58:40.994,7.8361,7.83905,3.20,1.60
2010.05.28 06:58:41.454,7.8364,7.83905,3.20,1.60
2010.05.28 06:58:43.682,7.8364,7.8394,3.20,1.60
2010.05.28 06:58:44.380,7.8363,7.83915,3.20,1.60
2010.05.28 06:58:53.263,7.8361,7.83905,1.60,3.20
2010.05.28 06:58:53.312,7.836,7.83875,3.20,1.60
2010.05.28 06:58:57.521,7.83565,7.8385,3.20,1.60
2010.05.28 06:58:57.730,7.8355,7.8385,1.60,4.80
2010.05.28 06:58:57.936,7.83525,7.83815,3.20,1.60
2010.05.28 06:58:58.623,7.83515,7.83815,3.20,1.60
2010.05.28 06:58:58.967,7.83515,7.83815,4.80,1.60
2010.05.28 06:58:59.667,7.83485,7.8379,4.80,4.80
2010.05.28 06:59:03.334,7.83505,7.838,3.20,1.60
2010.05.28 06:59:10.022,7.83495,7.8379,1.60,3.20
2010.05.28 06:59:10.172,7.83485,7.8379,4.80,4.80
2010.05.28 06:59:10.322,7.83505,7.8379,3.20,1.60
2010.05.28 06:59:10.471,7.83505,7.838,3.20,1.60
2010.05.28 06:59:11.362,7.83525,7.8381,1.60,3.20
2010.05.28 06:59:11.918,7.83535,7.83825,3.20,1.60
2010.05.28 06:59:15.063,7.83525,7.8381,1.60,1.60
2010.05.28 06:59:15.896,7.83515,7.8381,3.20,1.60
2010.05.28 06:59:19.560,7.83525,7.8382,1.60,3.20
2010.05.28 06:59:19.704,7.83535,7.83825,3.20,1.60
2010.05.28 06:59:19.973,7.835,7.838,1.60,3.20
2010.05.28 06:59:20.111,7.835,7.838,1.60,4.80
2010.05.28 06:59:21.083,7.835,7.838,1.60,3.20
2010.05.28 06:59:21.844,7.83525,7.83825,4.80,1.60
2010.05.28 06:59:23.973,7.83535,7.8383,1.60,3.20
2010.05.28 06:59:27.409,7.8359,7.8389,4.80,1.60
2010.05.28 06:59:29.229,7.8359,7.83875,1.60,3.20
2010.05.28 06:59:32.623,7.8359,7.83855,1.60,3.20
2010.05.28 06:59:32.824,7.83475,7.8379,1.60,3.20
2010.05.28 06:59:33.024,7.835,7.8382,4.80,4.80
2010.05.28 06:59:35.412,7.83545,7.8382,1.60,3.20
2010.05.28 06:59:36.202,7.8355,7.8385,3.20,1.60
2010.05.28 06:59:36.485,7.83555,7.8385,3.20,1.60
2010.05.28 06:59:37.007,7.83555,7.83855,3.20,4.80
2010.05.28 06:59:37.368,7.83615,7.83915,3.20,1.60
2010.05.28 06:59:38.559,7.83635,7.83935,3.20,4.80
2010.05.28 06:59:38.921,7.83695,7.8398,3.20,1.60
2010.05.28 06:59:43.660,7.83695,7.84,3.20,4.80
2010.05.28 06:59:43.946,7.8376,7.84045,3.20,1.60
2010.05.28 06:59:47.218,7.83825,7.84105,3.20,1.60
2010.05.28 06:59:48.669,7.83945,7.8417,3.20,1.60
2010.05.28 06:59:50.618,7.83825,7.8414,3.20,1.60
2010.05.28 06:59:52.673,7.83845,7.8415,3.20,3.20
2010.05.28 06:59:53.397,7.839,7.8415,1.60,3.20
2010.05.28 06:59:53.755,7.8388,7.8418,1.60,4.80
2010.05.28 06:59:54.606,7.8388,7.8418,1.60,3.20
2010.05.28 06:59:56.435,7.83855,7.8415,1.60,3.20
2010.05.28 06:59:59.114,7.8388,7.8415,1.60,3.20
2010.05.28 06:59:59.456,7.8388,7.8418,1.60,3.20
