2017.10.16 13:00:01.077,8.11496,8.11612,1.00,1.00
2017.10.16 13:00:01.128,8.11504,8.1162,1.00,1.00
2017.10.16 13:00:01.433,8.115,8.11615,1.00,1.00
2017.10.16 13:00:03.321,8.11513,8.11627,1.00,1.00
2017.10.16 13:00:03.624,8.11517,8.1163,1.00,1.00
2017.10.16 13:00:04.436,8.11512,8.11628,1.00,1.00
2017.10.16 13:00:04.486,8.11505,8.1162,1.00,1.00
2017.10.16 13:00:05.196,8.11508,8.11623,1.00,1.00
2017.10.16 13:00:06.575,8.11503,8.11617,1.00,1.00
2017.10.16 13:00:06.988,8.11503,8.11608,1.00,1.00
2017.10.16 13:00:08.307,8.11489,8.11604,1.00,1.00
2017.10.16 13:00:09.181,8.11492,8.11608,1.00,1.00
2017.10.16 13:00:10.473,8.115,8.11615,1.00,1.00
2017.10.16 13:00:11.911,8.11504,8.11619,1.00,1.00
2017.10.16 13:00:11.962,8.11507,8.11623,1.00,1.00
2017.10.16 13:00:12.136,8.11511,8.11626,1.00,1.00
2017.10.16 13:00:13.395,8.11509,8.11624,1.00,1.00
2017.10.16 13:00:13.844,8.11504,8.11619,1.00,1.00
2017.10.16 13:00:15.854,8.11509,8.11625,1.00,1.00
2017.10.16 13:00:16.330,8.11513,8.11629,1.00,1.00
2017.10.16 13:00:16.928,8.11506,8.11621,1.00,1.00
2017.10.16 13:00:18.156,8.11514,8.11629,1.00,1.00
2017.10.16 13:00:18.739,8.11509,8.11624,1.00,1.00
2017.10.16 13:00:18.993,8.11513,8.11629,1.00,1.00
2017.10.16 13:00:19.123,8.11517,8.11633,1.00,1.00
2017.10.16 13:00:19.822,8.11526,8.11642,1.00,1.00
2017.10.16 13:00:20.226,8.11532,8.11645,1.00,1.00
2017.10.16 13:00:22.878,8.11532,8.11647,1.00,1.00
2017.10.16 13:00:25.450,8.11536,8.11652,1.00,1.50
2017.10.16 13:00:26.839,8.11538,8.11659,1.00,1.00
2017.10.16 13:00:26.890,8.11577,8.11693,1.00,1.60
2017.10.16 13:00:26.992,8.11587,8.11702,1.00,1.00
2017.10.16 13:00:27.349,8.11595,8.11711,1.00,1.00
2017.10.16 13:00:28.388,8.11598,8.11714,1.00,1.00
2017.10.16 13:00:29.811,8.11597,8.11712,1.00,1.00
2017.10.16 13:00:30.288,8.11586,8.11701,1.00,1.00
2017.10.16 13:00:30.607,8.11581,8.11696,1.00,1.00
2017.10.16 13:00:31.911,8.11574,8.11689,1.00,1.00
2017.10.16 13:00:32.063,8.11593,8.11709,1.00,1.00
2017.10.16 13:00:32.113,8.11602,8.11718,1.00,1.00
2017.10.16 13:00:32.442,8.11609,8.11724,1.00,1.00
2017.10.16 13:00:32.544,8.11614,8.1173,1.00,1.00
2017.10.16 13:00:32.649,8.11608,8.11724,1.00,1.00
2017.10.16 13:00:32.956,8.11603,8.11719,1.00,1.00
2017.10.16 13:00:35.256,8.11606,8.11721,1.00,1.00
2017.10.16 13:00:35.608,8.11615,8.11728,1.00,1.00
2017.10.16 13:00:35.896,8.11615,8.1173,1.00,1.00
2017.10.16 13:00:35.947,8.1162,8.1173,1.00,1.00
2017.10.16 13:00:35.998,8.11657,8.11781,1.00,1.60
2017.10.16 13:00:36.049,8.11693,8.11803,1.00,1.60
2017.10.16 13:00:36.151,8.11729,8.11844,1.00,1.60
2017.10.16 13:00:36.202,8.11722,8.1183,1.00,1.00
2017.10.16 13:00:36.253,8.11722,8.11833,1.00,1.00
2017.10.16 13:00:36.354,8.117,8.11822,1.00,1.00
2017.10.16 13:00:36.906,8.11703,8.11822,1.00,1.00
2017.10.16 13:00:36.957,8.11709,8.11833,1.00,1.00
2017.10.16 13:00:37.751,8.11719,8.1184,1.00,1.60
2017.10.16 13:00:38.247,8.11721,8.11842,1.00,1.00
2017.10.16 13:00:38.592,8.11718,8.11842,1.00,1.00
2017.10.16 13:00:39.755,8.11718,8.11842,1.00,1.60
2017.10.16 13:00:41.228,8.11718,8.11842,1.00,1.00
2017.10.16 13:00:41.279,8.11714,8.11837,1.00,1.00
2017.10.16 13:00:43.420,8.11723,8.11838,1.00,1.00
2017.10.16 13:00:43.973,8.11726,8.11841,1.00,1.00
2017.10.16 13:00:44.731,8.11732,8.11847,1.00,1.00
2017.10.16 13:00:45.295,8.11733,8.11848,1.00,1.00
2017.10.16 13:00:46.940,8.11728,8.11843,1.00,1.00
2017.10.16 13:00:46.991,8.11702,8.11818,1.50,1.00
2017.10.16 13:00:47.503,8.11703,8.11817,1.00,1.00
2017.10.16 13:00:48.610,8.11711,8.11826,1.00,1.00
2017.10.16 13:00:48.661,8.11714,8.1183,1.00,1.00
2017.10.16 13:00:49.216,8.11711,8.11826,1.00,1.00
2017.10.16 13:00:49.476,8.11697,8.11813,1.00,1.00
2017.10.16 13:00:49.527,8.11694,8.11809,1.00,1.00
2017.10.16 13:00:49.578,8.1169,8.11806,1.00,1.00
2017.10.16 13:00:49.690,8.11694,8.1181,1.00,1.00
2017.10.16 13:00:50.146,8.1169,8.11805,1.00,1.00
2017.10.16 13:00:50.548,8.11693,8.11808,1.00,1.00
2017.10.16 13:00:50.863,8.11687,8.11802,1.00,1.00
2017.10.16 13:00:51.424,8.11693,8.11809,1.00,1.00
2017.10.16 13:00:51.756,8.1169,8.11805,1.00,1.00
2017.10.16 13:00:52.122,8.11686,8.11801,1.00,1.00
2017.10.16 13:00:52.937,8.11685,8.118,1.00,1.00
2017.10.16 13:00:55.191,8.11687,8.11803,1.00,1.00
2017.10.16 13:00:55.242,8.1172,8.11835,1.00,1.00
2017.10.16 13:00:55.557,8.1173,8.11846,1.00,1.00
2017.10.16 13:00:55.608,8.11739,8.11855,1.00,1.00
2017.10.16 13:00:56.042,8.11754,8.11869,1.00,1.00
2017.10.16 13:00:56.363,8.11742,8.11857,1.00,1.00
2017.10.16 13:00:57.602,8.1175,8.11864,1.00,1.00
2017.10.16 13:00:58.481,8.11757,8.11872,1.00,1.00
2017.10.16 13:00:59.806,8.11755,8.11871,1.00,1.00
2017.10.16 13:01:01.569,8.11754,8.11869,1.00,1.00
2017.10.16 13:01:02.809,8.11755,8.11869,1.00,1.00
2017.10.16 13:01:02.911,8.11752,8.11867,1.00,1.00
2017.10.16 13:01:02.962,8.11751,8.11865,1.00,1.00
2017.10.16 13:01:03.012,8.11747,8.11862,1.00,1.00
2017.10.16 13:01:05.738,8.11751,8.11866,1.00,1.00
2017.10.16 13:01:06.082,8.11758,8.11873,1.00,1.00
2017.10.16 13:01:07.802,8.11753,8.11868,1.00,1.00
2017.10.16 13:01:09.736,8.11765,8.11878,1.00,1.00
2017.10.16 13:01:10.485,8.11772,8.11887,1.00,1.00
2017.10.16 13:01:10.536,8.11781,8.11894,1.00,1.00
2017.10.16 13:01:11.422,8.11789,8.11904,1.00,1.00
2017.10.16 13:01:12.204,8.1179,8.11905,1.00,1.00
2017.10.16 13:01:13.478,8.11791,8.11906,1.00,1.00
2017.10.16 13:01:14.480,8.11786,8.11901,1.00,1.00
2017.10.16 13:01:15.044,8.11778,8.11893,1.00,1.00
2017.10.16 13:01:15.407,8.11774,8.11889,1.00,1.00
2017.10.16 13:01:15.636,8.1175,8.11866,1.50,1.00
2017.10.16 13:01:15.688,8.11748,8.11863,1.00,1.00
2017.10.16 13:01:16.258,8.11746,8.11861,1.00,1.00
2017.10.16 13:01:16.700,8.11743,8.11858,1.00,1.00
2017.10.16 13:01:17.108,8.11758,8.11873,1.00,1.00
2017.10.16 13:01:17.491,8.11772,8.11886,1.00,1.00
2017.10.16 13:01:18.009,8.11772,8.11887,1.00,1.00
2017.10.16 13:01:19.208,8.11763,8.11877,1.00,1.00
2017.10.16 13:01:19.259,8.1175,8.11865,1.00,1.00
2017.10.16 13:01:19.310,8.11741,8.11856,1.00,1.00
2017.10.16 13:01:19.648,8.11699,8.11814,1.00,1.00
2017.10.16 13:01:19.962,8.11688,8.11803,1.00,1.00
2017.10.16 13:01:20.736,8.11685,8.118,1.00,1.00
2017.10.16 13:01:21.857,8.11708,8.11823,1.00,1.00
2017.10.16 13:01:22.210,8.11699,8.11813,1.00,1.00
2017.10.16 13:01:22.911,8.1169,8.11804,1.00,1.00
2017.10.16 13:01:23.012,8.11692,8.11807,1.00,1.00
2017.10.16 13:01:23.710,8.11683,8.11798,1.00,1.00
2017.10.16 13:01:24.047,8.11689,8.11803,1.00,1.00
2017.10.16 13:01:25.327,8.11708,8.11819,1.00,1.60
2017.10.16 13:01:25.378,8.11729,8.11843,1.00,1.00
2017.10.16 13:01:25.480,8.1174,8.11853,1.00,1.00
2017.10.16 13:01:25.530,8.1173,8.11844,1.00,1.00
2017.10.16 13:01:25.834,8.11749,8.11863,1.00,1.00
2017.10.16 13:01:26.180,8.11733,8.11847,1.00,1.00
2017.10.16 13:01:26.649,8.11728,8.11841,1.00,1.00
2017.10.16 13:01:27.934,8.11731,8.11845,1.00,1.00
2017.10.16 13:01:28.508,8.11728,8.1184,1.00,1.00
2017.10.16 13:01:29.430,8.11735,8.1185,1.00,1.00
2017.10.16 13:01:29.481,8.11746,8.11861,1.00,1.00
2017.10.16 13:01:29.807,8.11738,8.11853,1.00,1.00
2017.10.16 13:01:30.108,8.11747,8.11862,1.00,1.00
2017.10.16 13:01:30.462,8.11741,8.11855,1.00,1.00
2017.10.16 13:01:30.764,8.11717,8.11832,1.00,1.00
2017.10.16 13:01:30.815,8.11703,8.11818,1.00,1.00
2017.10.16 13:01:31.170,8.11695,8.11808,1.00,1.00
2017.10.16 13:01:32.297,8.11706,8.1182,1.00,1.00
2017.10.16 13:01:32.399,8.11697,8.11811,1.00,1.00
2017.10.16 13:01:32.723,8.11702,8.11816,1.00,1.00
2017.10.16 13:01:32.774,8.11705,8.1182,1.00,1.00
2017.10.16 13:01:33.133,8.11709,8.11824,1.00,1.00
2017.10.16 13:01:33.460,8.11702,8.11816,1.00,1.00
2017.10.16 13:01:33.790,8.11696,8.1181,1.00,1.00
2017.10.16 13:01:34.913,8.11693,8.11807,1.00,1.00
2017.10.16 13:01:35.376,8.11691,8.11806,1.00,1.00
2017.10.16 13:01:35.584,8.11702,8.11814,1.00,1.00
2017.10.16 13:01:35.732,8.11707,8.1182,1.00,1.00
2017.10.16 13:01:36.898,8.11722,8.11834,1.00,1.00
2017.10.16 13:01:36.949,8.11728,8.11841,1.00,1.00
2017.10.16 13:01:38.287,8.11713,8.11825,1.00,1.00
2017.10.16 13:01:38.591,8.11729,8.11842,1.00,1.00
2017.10.16 13:01:39.430,8.11737,8.11849,1.00,1.00
2017.10.16 13:01:39.481,8.11731,8.11844,1.00,1.00
2017.10.16 13:01:39.886,8.11727,8.11839,1.00,1.00
2017.10.16 13:01:41.443,8.11722,8.11834,1.00,1.00
2017.10.16 13:01:41.798,8.11726,8.11837,1.00,1.00
2017.10.16 13:01:42.779,8.11731,8.11843,1.00,1.00
2017.10.16 13:01:43.135,8.11738,8.11851,1.00,1.00
2017.10.16 13:01:43.187,8.11735,8.11847,1.00,1.00
2017.10.16 13:01:43.568,8.11738,8.11851,1.00,1.00
2017.10.16 13:01:43.620,8.11735,8.11845,1.00,1.00
2017.10.16 13:01:43.871,8.11757,8.1187,1.00,1.00
2017.10.16 13:01:43.922,8.11764,8.11876,1.00,1.00
2017.10.16 13:01:44.463,8.11764,8.11877,1.00,1.00
2017.10.16 13:01:44.997,8.11764,8.11876,1.00,1.00
2017.10.16 13:01:45.690,8.11771,8.11884,1.00,1.00
2017.10.16 13:01:46.255,8.11767,8.11879,1.00,1.00
2017.10.16 13:01:46.769,8.11768,8.11879,1.00,1.00
2017.10.16 13:01:50.406,8.11761,8.11874,1.00,1.00
2017.10.16 13:01:52.812,8.11771,8.11884,1.00,1.00
2017.10.16 13:01:53.117,8.11753,8.11865,1.00,1.00
2017.10.16 13:01:53.421,8.11762,8.11875,1.00,1.00
2017.10.16 13:01:53.471,8.1177,8.11883,1.00,1.00
2017.10.16 13:01:53.775,8.11745,8.11858,1.00,1.00
2017.10.16 13:01:54.072,8.11707,8.1185,1.00,1.00
2017.10.16 13:01:54.123,8.11686,8.11785,1.00,1.00
2017.10.16 13:01:54.174,8.11672,8.1178,1.00,1.00
2017.10.16 13:01:54.226,8.11661,8.11774,1.00,1.00
2017.10.16 13:01:54.277,8.11663,8.11776,1.00,1.00
2017.10.16 13:01:54.631,8.11659,8.11772,1.50,1.00
2017.10.16 13:01:54.783,8.11669,8.11812,1.00,1.60
2017.10.16 13:01:55.195,8.11669,8.11812,1.00,1.60
2017.10.16 13:01:55.432,8.11664,8.11777,1.00,1.00
2017.10.16 13:01:56.089,8.11664,8.11778,1.00,1.00
2017.10.16 13:01:56.394,8.11666,8.1178,1.00,1.00
2017.10.16 13:01:56.815,8.11672,8.11787,1.00,1.00
2017.10.16 13:01:56.967,8.11669,8.11783,1.00,1.00
2017.10.16 13:01:57.494,8.11671,8.11792,1.00,1.00
2017.10.16 13:01:57.836,8.11662,8.11792,1.00,1.60
2017.10.16 13:01:57.988,8.11669,8.11792,1.00,1.00
2017.10.16 13:01:58.090,8.11665,8.11792,1.00,1.00
2017.10.16 13:01:58.191,8.11665,8.11792,1.00,1.60
2017.10.16 13:01:58.514,8.11665,8.11792,1.00,1.00
2017.10.16 13:01:58.930,8.1167,8.11792,1.00,1.00
2017.10.16 13:01:59.234,8.11666,8.11792,1.00,1.60
2017.10.16 13:01:59.585,8.11664,8.11792,1.00,1.60
2017.10.16 13:01:59.951,8.11664,8.11792,1.00,1.00
2017.10.16 13:02:00.991,8.11669,8.11792,1.00,1.00
2017.10.16 13:02:01.295,8.11694,8.11812,1.00,1.00
2017.10.16 13:02:02.821,8.11688,8.11812,1.00,1.00
2017.10.16 13:02:03.878,8.11692,8.11812,1.00,1.00
2017.10.16 13:02:04.271,8.11697,8.11812,1.00,1.00
2017.10.16 13:02:05.473,8.11696,8.11812,1.00,1.00
2017.10.16 13:02:05.801,8.11689,8.11812,1.00,1.00
2017.10.16 13:02:06.072,8.11693,8.11812,1.00,1.00
2017.10.16 13:02:06.646,8.11693,8.1183,1.00,1.60
2017.10.16 13:02:07.144,8.11688,8.11825,1.00,1.60
2017.10.16 13:02:07.245,8.11692,8.11818,1.00,1.00
2017.10.16 13:02:07.576,8.11688,8.11818,1.00,1.60
2017.10.16 13:02:07.694,8.11676,8.11813,1.00,1.60
2017.10.16 13:02:07.746,8.11687,8.11791,1.00,1.00
2017.10.16 13:02:07.798,8.11677,8.11812,1.00,1.00
2017.10.16 13:02:07.899,8.11677,8.11812,1.00,1.60
2017.10.16 13:02:08.381,8.11675,8.11812,1.00,2.10
2017.10.16 13:02:08.492,8.11675,8.11812,1.00,2.10
2017.10.16 13:02:09.627,8.11673,8.11811,1.00,1.00
2017.10.16 13:02:09.919,8.11666,8.11791,1.00,1.00
2017.10.16 13:02:09.972,8.11662,8.11791,1.00,1.00
2017.10.16 13:02:13.360,8.11662,8.11791,1.00,1.60
2017.10.16 13:02:13.412,8.1166,8.11791,1.00,1.60
2017.10.16 13:02:13.564,8.1166,8.11791,1.00,1.00
2017.10.16 13:02:14.956,8.11662,8.11791,1.00,1.00
2017.10.16 13:02:20.466,8.11666,8.11791,1.00,1.50
2017.10.16 13:02:22.158,8.11666,8.1179,1.00,1.00
2017.10.16 13:02:22.489,8.11666,8.11778,1.00,1.00
2017.10.16 13:02:23.117,8.11664,8.11776,1.00,1.00
2017.10.16 13:02:23.588,8.11662,8.11775,1.00,1.00
2017.10.16 13:02:24.575,8.11656,8.11769,1.00,1.00
2017.10.16 13:02:24.881,8.11633,8.11746,1.00,1.00
2017.10.16 13:02:25.859,8.11629,8.11741,1.00,1.00
2017.10.16 13:02:29.985,8.11629,8.11742,1.00,1.00
2017.10.16 13:02:35.201,8.11657,8.1177,1.00,1.00
2017.10.16 13:02:35.510,8.11636,8.11748,1.00,1.00
2017.10.16 13:02:35.612,8.11632,8.11745,1.00,1.00
2017.10.16 13:02:38.147,8.11632,8.11743,1.00,1.00
2017.10.16 13:02:38.359,8.11636,8.11749,1.00,1.00
2017.10.16 13:02:38.917,8.11632,8.11744,1.00,1.00
2017.10.16 13:02:39.761,8.11632,8.11746,1.00,1.00
2017.10.16 13:02:39.862,8.11664,8.11778,1.00,1.00
2017.10.16 13:02:40.178,8.11673,8.11787,1.00,1.00
2017.10.16 13:02:40.497,8.1168,8.11793,1.00,1.00
2017.10.16 13:02:40.599,8.11685,8.11799,1.00,1.00
2017.10.16 13:02:41.149,8.11686,8.118,1.00,1.00
2017.10.16 13:02:41.540,8.1165,8.11764,1.00,1.00
2017.10.16 13:02:41.592,8.11637,8.11756,1.00,1.00
2017.10.16 13:02:41.643,8.11634,8.11756,1.00,1.00
2017.10.16 13:02:41.694,8.11618,8.11729,1.00,1.00
2017.10.16 13:02:41.745,8.11624,8.11738,1.00,1.00
2017.10.16 13:02:41.796,8.11629,8.11743,1.00,1.00
2017.10.16 13:02:42.128,8.11625,8.11739,1.00,1.00
2017.10.16 13:02:42.923,8.11621,8.11735,1.00,1.00
2017.10.16 13:02:44.931,8.11637,8.11751,1.00,1.00
2017.10.16 13:02:45.235,8.11688,8.11802,1.00,1.00
2017.10.16 13:02:45.603,8.11691,8.11805,1.00,1.00
2017.10.16 13:02:46.395,8.11699,8.11813,1.00,1.00
2017.10.16 13:02:49.803,8.11682,8.11796,1.00,1.00
2017.10.16 13:02:50.107,8.11689,8.11801,1.00,1.00
2017.10.16 13:02:50.528,8.11684,8.11798,1.00,1.00
2017.10.16 13:02:52.669,8.11692,8.11806,1.00,1.00
2017.10.16 13:02:53.008,8.1169,8.11803,1.00,1.00
2017.10.16 13:02:53.160,8.11696,8.1181,1.00,1.00
2017.10.16 13:02:57.698,8.11689,8.11803,1.00,1.00
2017.10.16 13:02:58.035,8.11693,8.11807,1.00,1.00
2017.10.16 13:02:58.738,8.11697,8.11811,1.00,1.00
2017.10.16 13:02:59.191,8.11693,8.11807,1.00,1.00
2017.10.16 13:03:03.913,8.11698,8.11812,1.00,1.00
2017.10.16 13:03:04.304,8.1172,8.11834,1.00,1.00
2017.10.16 13:03:04.609,8.11738,8.11851,1.00,1.00
2017.10.16 13:03:05.350,8.11745,8.11858,1.00,1.00
2017.10.16 13:03:05.654,8.11763,8.11876,1.00,1.00
2017.10.16 13:03:06.010,8.11769,8.11881,1.00,1.00
2017.10.16 13:03:06.260,8.1175,8.11883,1.00,1.00
2017.10.16 13:03:06.310,8.11717,8.11831,1.00,1.00
2017.10.16 13:03:07.153,8.11722,8.11836,1.00,1.00
2017.10.16 13:03:08.690,8.11713,8.11827,1.00,1.00
2017.10.16 13:03:09.042,8.11718,8.11831,1.00,1.00
2017.10.16 13:03:09.807,8.11724,8.11838,1.00,1.00
2017.10.16 13:03:11.308,8.11721,8.11834,1.00,1.00
2017.10.16 13:03:11.655,8.11734,8.11847,1.00,1.00
2017.10.16 13:03:12.111,8.11725,8.11837,1.00,1.00
2017.10.16 13:03:13.307,8.11732,8.11845,1.00,1.00
2017.10.16 13:03:13.777,8.1173,8.11844,1.00,1.00
2017.10.16 13:03:15.077,8.11733,8.11847,1.00,1.00
2017.10.16 13:03:17.598,8.11717,8.1183,1.00,1.00
2017.10.16 13:03:17.750,8.11702,8.11816,1.00,1.00
2017.10.16 13:03:17.801,8.11685,8.11799,1.00,1.00
2017.10.16 13:03:18.105,8.11653,8.11766,1.00,1.00
2017.10.16 13:03:18.206,8.11651,8.11765,1.00,1.00
2017.10.16 13:03:18.257,8.11626,8.11739,1.00,1.00
2017.10.16 13:03:18.595,8.1164,8.11754,1.00,1.00
2017.10.16 13:03:18.876,8.11635,8.11746,1.00,1.00
2017.10.16 13:03:18.927,8.11639,8.11753,1.00,1.00
2017.10.16 13:03:19.366,8.11662,8.11774,1.00,1.00
2017.10.16 13:03:19.417,8.11655,8.11768,1.00,1.00
2017.10.16 13:03:19.906,8.11651,8.11764,1.00,1.00
2017.10.16 13:03:20.257,8.11638,8.11751,1.00,1.00
2017.10.16 13:03:20.639,8.11651,8.11764,1.00,1.00
2017.10.16 13:03:21.192,8.11647,8.11761,1.00,1.00
2017.10.16 13:03:21.243,8.11641,8.11754,1.00,1.00
2017.10.16 13:03:22.464,8.1162,8.11733,1.00,1.00
2017.10.16 13:03:22.566,8.1161,8.11724,1.00,1.00
2017.10.16 13:03:22.617,8.11601,8.11715,1.00,1.00
2017.10.16 13:03:22.921,8.11599,8.11703,1.00,1.00
2017.10.16 13:03:23.265,8.11599,8.11713,1.50,1.00
2017.10.16 13:03:28.778,8.11602,8.11716,1.00,1.00
2017.10.16 13:03:30.151,8.11602,8.11715,1.00,1.00
2017.10.16 13:03:30.497,8.11586,8.11699,1.00,1.00
2017.10.16 13:03:31.598,8.11574,8.11687,1.00,1.00
2017.10.16 13:03:31.953,8.11567,8.11679,1.00,1.00
2017.10.16 13:03:32.004,8.11573,8.11686,1.00,1.00
2017.10.16 13:03:32.632,8.11565,8.11679,1.00,1.00
2017.10.16 13:03:32.683,8.11559,8.11672,1.00,1.00
2017.10.16 13:03:33.047,8.11556,8.11666,1.00,1.00
2017.10.16 13:03:35.616,8.11556,8.11659,1.00,1.00
2017.10.16 13:03:35.954,8.11529,8.11639,1.00,1.00
2017.10.16 13:03:36.106,8.11525,8.11638,1.00,1.00
2017.10.16 13:03:36.157,8.11518,8.11631,1.00,1.00
2017.10.16 13:03:36.475,8.11512,8.11626,1.00,1.00
2017.10.16 13:03:38.267,8.11514,8.11627,1.00,1.00
2017.10.16 13:03:40.289,8.11513,8.11626,1.00,1.00
2017.10.16 13:03:40.392,8.11524,8.11638,1.00,1.00
2017.10.16 13:03:40.493,8.11521,8.11635,1.00,1.00
2017.10.16 13:03:40.797,8.11494,8.11608,1.00,1.00
2017.10.16 13:03:41.118,8.11488,8.11602,1.00,1.00
2017.10.16 13:03:41.726,8.11493,8.11606,1.00,1.00
2017.10.16 13:03:44.284,8.11511,8.11624,1.00,1.00
2017.10.16 13:03:44.588,8.11536,8.11649,1.00,1.00
2017.10.16 13:03:45.506,8.11531,8.11644,1.50,1.00
2017.10.16 13:03:48.525,8.11522,8.11635,1.00,1.00
2017.10.16 13:03:50.676,8.11518,8.11631,1.00,1.00
2017.10.16 13:03:51.706,8.11527,8.1164,1.00,1.00
2017.10.16 13:03:53.863,8.11518,8.11626,1.00,1.00
2017.10.16 13:03:54.047,8.11499,8.11612,1.00,1.00
2017.10.16 13:03:54.961,8.11476,8.11587,1.00,1.00
2017.10.16 13:03:55.012,8.11468,8.11581,1.00,1.00
2017.10.16 13:03:55.099,8.11464,8.11577,1.00,1.00
2017.10.16 13:03:55.556,8.1146,8.11573,1.00,1.00
2017.10.16 13:03:55.963,8.11456,8.11569,1.00,1.00
2017.10.16 13:03:56.531,8.11452,8.11564,1.00,1.00
2017.10.16 13:03:56.633,8.11437,8.1155,1.00,1.00
2017.10.16 13:03:56.684,8.11435,8.11548,1.00,1.00
2017.10.16 13:03:58.354,8.11429,8.11542,1.00,1.00
2017.10.16 13:04:00.030,8.11427,8.11538,1.00,1.00
2017.10.16 13:04:00.188,8.11409,8.11522,1.00,1.00
2017.10.16 13:04:00.240,8.11407,8.1152,1.00,1.00
2017.10.16 13:04:00.545,8.114,8.11507,1.00,1.00
2017.10.16 13:04:00.812,8.114,8.11512,1.00,1.00
2017.10.16 13:04:02.428,8.11419,8.11532,1.00,1.00
2017.10.16 13:04:02.536,8.11416,8.11529,1.00,1.00
2017.10.16 13:04:02.840,8.11423,8.11536,1.00,1.00
2017.10.16 13:04:04.590,8.11427,8.1154,1.00,1.00
2017.10.16 13:04:04.693,8.11411,8.11525,1.00,1.00
2017.10.16 13:04:04.744,8.11403,8.11516,1.00,1.00
2017.10.16 13:04:05.305,8.11402,8.11515,1.00,1.00
2017.10.16 13:04:05.715,8.11404,8.11517,1.00,1.00
2017.10.16 13:04:06.277,8.11401,8.11514,1.00,1.00
2017.10.16 13:04:09.006,8.11403,8.11516,1.00,1.00
2017.10.16 13:04:09.310,8.11431,8.11542,1.00,1.00
2017.10.16 13:04:10.727,8.11437,8.1155,1.00,1.00
2017.10.16 13:04:13.838,8.11438,8.11551,1.00,1.00
2017.10.16 13:04:15.195,8.11437,8.1155,1.00,1.00
2017.10.16 13:04:18.523,8.11421,8.11534,1.00,1.00
2017.10.16 13:04:19.561,8.1141,8.11523,1.00,1.00
2017.10.16 13:04:20.004,8.11402,8.11515,1.00,1.00
2017.10.16 13:04:20.565,8.11385,8.11498,1.00,1.00
2017.10.16 13:04:20.867,8.11382,8.11495,1.00,1.00
2017.10.16 13:04:21.957,8.11399,8.1151,1.00,1.00
2017.10.16 13:04:22.009,8.11402,8.11515,1.00,1.00
2017.10.16 13:04:28.868,8.11401,8.11514,1.00,1.00
2017.10.16 13:04:30.239,8.11403,8.11514,1.00,1.00
2017.10.16 13:04:30.558,8.11418,8.11531,1.00,1.00
2017.10.16 13:04:30.609,8.11428,8.11541,1.00,1.00
2017.10.16 13:04:30.919,8.11419,8.1153,1.00,1.00
2017.10.16 13:04:30.970,8.11431,8.11544,1.00,1.00
2017.10.16 13:04:31.410,8.11423,8.11536,1.00,1.00
2017.10.16 13:04:31.747,8.11437,8.1155,1.00,1.00
2017.10.16 13:04:34.296,8.11438,8.11551,1.00,1.00
2017.10.16 13:04:35.376,8.11441,8.11554,1.00,1.00
2017.10.16 13:04:38.388,8.11439,8.11552,1.00,1.00
2017.10.16 13:04:42.582,8.11434,8.11547,1.00,1.00
2017.10.16 13:04:43.898,8.11432,8.11546,1.00,1.00
2017.10.16 13:04:44.637,8.11437,8.1155,1.00,1.00
2017.10.16 13:04:45.285,8.11434,8.11547,1.00,1.00
2017.10.16 13:04:46.569,8.11433,8.11546,1.00,1.00
2017.10.16 13:04:48.062,8.11405,8.11518,1.00,1.00
2017.10.16 13:04:48.368,8.114,8.11513,1.00,1.00
2017.10.16 13:04:50.278,8.11393,8.11506,1.00,1.00
2017.10.16 13:04:58.449,8.11423,8.11536,1.00,1.00
2017.10.16 13:04:58.758,8.11426,8.11539,1.00,1.00
2017.10.16 13:04:59.331,8.11421,8.11534,1.00,1.00
2017.10.16 13:04:59.650,8.11389,8.11502,1.00,1.00
2017.10.16 13:05:00.285,8.1139,8.11503,1.00,1.00
2017.10.16 13:05:01.132,8.11384,8.11497,1.00,1.00
2017.10.16 13:05:01.796,8.11388,8.11501,1.00,1.00
2017.10.16 13:05:04.801,8.11384,8.11495,1.00,1.00
2017.10.16 13:05:04.852,8.1137,8.11483,1.00,1.00
2017.10.16 13:05:04.980,8.11366,8.11477,1.00,1.00
2017.10.16 13:05:05.316,8.11365,8.11479,1.00,1.00
2017.10.16 13:05:05.367,8.11364,8.11472,1.00,1.00
2017.10.16 13:05:05.862,8.11364,8.11468,1.00,1.00
2017.10.16 13:05:06.567,8.11364,8.11473,1.00,1.00
2017.10.16 13:05:06.719,8.11364,8.11467,1.00,1.00
2017.10.16 13:05:08.032,8.11364,8.11463,1.00,1.00
2017.10.16 13:05:09.069,8.11374,8.11487,1.00,1.00
2017.10.16 13:05:09.120,8.11382,8.11495,1.00,1.00
2017.10.16 13:05:10.220,8.11382,8.11502,1.00,1.00
2017.10.16 13:05:10.422,8.11387,8.11508,1.00,1.00
2017.10.16 13:05:11.140,8.11392,8.11513,1.00,1.00
2017.10.16 13:05:11.466,8.11398,8.11516,1.00,1.00
2017.10.16 13:05:11.517,8.11406,8.11525,1.00,1.00
2017.10.16 13:05:11.569,8.11413,8.11534,1.00,1.00
2017.10.16 13:05:11.620,8.1142,8.1154,1.00,1.00
2017.10.16 13:05:12.267,8.1142,8.11541,1.00,1.00
2017.10.16 13:05:12.571,8.11456,8.11564,1.00,1.00
2017.10.16 13:05:12.622,8.11465,8.11576,1.00,1.00
2017.10.16 13:05:12.724,8.1147,8.11576,1.00,1.00
2017.10.16 13:05:12.999,8.1145,8.11571,1.00,1.00
2017.10.16 13:05:13.159,8.11449,8.11565,1.00,1.00
2017.10.16 13:05:13.880,8.11449,8.11569,1.00,1.00
2017.10.16 13:05:14.386,8.11454,8.11575,1.00,1.00
2017.10.16 13:05:15.169,8.11458,8.11576,1.00,1.00
2017.10.16 13:05:15.517,8.11458,8.11579,1.00,1.00
2017.10.16 13:05:15.618,8.11467,8.11587,1.00,1.50
2017.10.16 13:05:16.154,8.11472,8.11587,1.00,1.00
2017.10.16 13:05:16.452,8.11472,8.11591,1.00,1.00
2017.10.16 13:05:16.879,8.11456,8.11577,1.50,1.00
2017.10.16 13:05:17.083,8.1146,8.11581,1.00,1.00
2017.10.16 13:05:17.387,8.11459,8.11579,1.00,1.00
2017.10.16 13:05:17.808,8.11464,8.11582,1.00,1.00
2017.10.16 13:05:17.859,8.1146,8.1158,1.00,1.00
2017.10.16 13:05:18.750,8.11459,8.1158,1.00,1.00
2017.10.16 13:05:19.043,8.11462,8.11583,1.00,1.00
2017.10.16 13:05:20.036,8.11473,8.11591,1.00,1.00
2017.10.16 13:05:20.138,8.11465,8.11584,1.00,1.00
2017.10.16 13:05:20.436,8.11458,8.11579,1.00,1.00
2017.10.16 13:05:20.950,8.11459,8.1158,1.00,1.00
2017.10.16 13:05:21.102,8.11456,8.11575,1.50,1.00
2017.10.16 13:05:21.254,8.11458,8.11579,1.00,1.00
2017.10.16 13:05:21.305,8.11454,8.11575,1.00,1.00
2017.10.16 13:05:21.917,8.1146,8.11581,1.00,1.00
2017.10.16 13:05:22.222,8.11413,8.1153,1.00,1.00
2017.10.16 13:05:22.462,8.11383,8.11504,1.00,1.00
2017.10.16 13:05:22.517,8.11376,8.11497,1.00,1.00
2017.10.16 13:05:22.821,8.11371,8.11491,1.00,1.00
2017.10.16 13:05:23.136,8.11366,8.11484,1.00,1.00
2017.10.16 13:05:23.488,8.11366,8.11487,1.50,1.00
2017.10.16 13:05:23.787,8.11382,8.11501,1.00,1.00
2017.10.16 13:05:24.445,8.11376,8.11497,1.00,1.00
2017.10.16 13:05:25.847,8.11379,8.115,1.00,1.00
2017.10.16 13:05:27.167,8.11374,8.11495,1.00,1.00
2017.10.16 13:05:27.517,8.11366,8.11483,1.00,1.00
2017.10.16 13:05:28.509,8.11358,8.11479,1.00,1.00
2017.10.16 13:05:28.661,8.11347,8.11468,1.00,1.50
2017.10.16 13:05:29.001,8.11353,8.11468,1.00,1.00
2017.10.16 13:05:29.358,8.11342,8.11457,1.00,1.00
2017.10.16 13:05:29.665,8.11345,8.11457,1.00,1.00
2017.10.16 13:05:29.916,8.11345,8.11466,1.00,1.00
2017.10.16 13:05:30.281,8.11335,8.11455,1.00,1.00
2017.10.16 13:05:30.632,8.11347,8.11457,1.00,1.00
2017.10.16 13:05:30.838,8.11347,8.11467,1.00,1.00
2017.10.16 13:05:31.045,8.11349,8.11467,1.00,1.00
2017.10.16 13:05:31.577,8.11349,8.11468,1.00,1.00
2017.10.16 13:05:32.097,8.11344,8.11461,1.00,1.00
2017.10.16 13:05:32.489,8.11352,8.11461,1.00,1.00
2017.10.16 13:05:32.910,8.11352,8.11473,1.00,1.00
2017.10.16 13:05:32.961,8.11358,8.11475,1.00,1.00
2017.10.16 13:05:34.996,8.11358,8.11479,1.00,1.00
2017.10.16 13:05:35.880,8.11357,8.11478,1.00,1.00
2017.10.16 13:05:36.713,8.11362,8.11483,1.00,1.00
2017.10.16 13:05:37.108,8.11372,8.11487,1.00,1.00
2017.10.16 13:05:37.160,8.11372,8.11493,1.00,1.00
2017.10.16 13:05:38.537,8.11375,8.11495,1.00,1.00
2017.10.16 13:05:39.133,8.11379,8.11499,1.00,1.00
2017.10.16 13:05:39.184,8.11384,8.11505,1.00,1.00
2017.10.16 13:05:42.728,8.11388,8.11509,1.00,1.00
2017.10.16 13:05:43.934,8.11381,8.11501,1.00,1.00
2017.10.16 13:05:44.151,8.11382,8.11503,1.00,1.00
2017.10.16 13:05:44.802,8.11373,8.11494,1.00,1.00
2017.10.16 13:05:45.390,8.1137,8.1149,1.00,1.00
2017.10.16 13:05:47.108,8.11368,8.11488,1.00,1.00
2017.10.16 13:05:47.420,8.11362,8.1148,1.00,1.00
2017.10.16 13:05:48.596,8.11357,8.11477,1.00,1.00
2017.10.16 13:05:48.647,8.11352,8.11466,1.00,1.00
2017.10.16 13:05:48.698,8.11344,8.1146,1.00,1.00
2017.10.16 13:05:48.813,8.11344,8.11455,1.00,1.00
2017.10.16 13:05:50.162,8.11344,8.1146,1.00,1.00
2017.10.16 13:05:50.415,8.11344,8.11455,1.00,1.00
2017.10.16 13:05:50.466,8.11335,8.11455,1.00,1.00
2017.10.16 13:05:50.517,8.11331,8.11452,1.00,1.00
2017.10.16 13:05:51.021,8.11332,8.11452,1.00,1.00
2017.10.16 13:05:51.123,8.11328,8.1145,1.00,1.00
2017.10.16 13:05:51.174,8.11317,8.11437,1.00,1.00
2017.10.16 13:05:51.226,8.11319,8.11441,1.00,1.00
2017.10.16 13:05:53.548,8.11322,8.11441,1.00,1.00
2017.10.16 13:05:58.508,8.1133,8.11445,1.00,1.00
2017.10.16 13:05:58.559,8.1132,8.11442,1.00,1.00
2017.10.16 13:05:59.040,8.11322,8.11444,1.00,1.00
2017.10.16 13:05:59.359,8.11318,8.1144,1.00,1.00
2017.10.16 13:05:59.699,8.11323,8.11444,1.00,1.00
2017.10.16 13:06:00.453,8.11322,8.11443,1.00,1.00
2017.10.16 13:06:00.803,8.11319,8.11441,1.00,1.00
2017.10.16 13:06:01.779,8.11306,8.11428,1.00,1.00
2017.10.16 13:06:02.083,8.11318,8.1144,1.00,1.00
2017.10.16 13:06:02.400,8.11325,8.11446,1.00,1.00
2017.10.16 13:06:02.731,8.1137,8.11492,2.10,1.00
2017.10.16 13:06:02.782,8.11387,8.11502,1.00,1.00
2017.10.16 13:06:02.832,8.11397,8.11518,1.00,1.00
2017.10.16 13:06:02.883,8.11406,8.11522,1.00,1.00
2017.10.16 13:06:02.935,8.11406,8.11528,1.00,1.00
2017.10.16 13:06:03.036,8.11416,8.11536,1.00,1.00
2017.10.16 13:06:03.087,8.11424,8.11545,1.00,1.00
2017.10.16 13:06:03.239,8.11433,8.11553,1.00,1.00
2017.10.16 13:06:03.676,8.11442,8.11553,1.00,1.00
2017.10.16 13:06:03.793,8.11442,8.11564,1.00,1.00
2017.10.16 13:06:04.100,8.11448,8.11569,1.00,1.00
2017.10.16 13:06:05.264,8.11456,8.11578,1.00,1.00
2017.10.16 13:06:05.315,8.11443,8.11565,1.00,1.00
2017.10.16 13:06:05.620,8.11435,8.11557,1.00,1.00
2017.10.16 13:06:06.065,8.1144,8.11562,1.00,1.00
2017.10.16 13:06:07.003,8.11437,8.11559,1.00,1.00
2017.10.16 13:06:07.752,8.11436,8.11558,1.00,1.00
2017.10.16 13:06:08.259,8.11441,8.11563,1.00,1.00
2017.10.16 13:06:08.604,8.11444,8.11566,1.00,1.00
2017.10.16 13:06:08.948,8.1144,8.11562,1.00,1.00
2017.10.16 13:06:09.521,8.11432,8.11552,1.00,1.00
2017.10.16 13:06:09.816,8.11436,8.11558,1.00,1.00
2017.10.16 13:06:09.867,8.11445,8.11567,1.00,1.00
2017.10.16 13:06:10.192,8.11463,8.11585,1.00,1.00
2017.10.16 13:06:10.567,8.11468,8.1159,1.00,1.00
2017.10.16 13:06:11.046,8.11468,8.11588,1.00,1.00
2017.10.16 13:06:11.616,8.11471,8.11593,1.00,1.00
2017.10.16 13:06:11.818,8.11476,8.11598,1.00,1.00
2017.10.16 13:06:12.329,8.11481,8.11601,1.00,1.00
2017.10.16 13:06:12.860,8.11481,8.11599,1.00,1.00
2017.10.16 13:06:14.099,8.11479,8.11599,1.00,1.00
2017.10.16 13:06:15.447,8.11478,8.11598,1.00,1.00
2017.10.16 13:06:16.009,8.11476,8.11594,1.00,1.00
2017.10.16 13:06:18.689,8.1148,8.116,1.00,1.00
2017.10.16 13:06:18.908,8.11481,8.11602,1.00,1.00
2017.10.16 13:06:20.146,8.11486,8.11605,1.00,1.00
2017.10.16 13:06:20.461,8.11492,8.11605,1.00,1.00
2017.10.16 13:06:20.957,8.11488,8.11605,1.00,1.00
2017.10.16 13:06:21.323,8.11484,8.11604,1.00,1.00
2017.10.16 13:06:25.545,8.11497,8.11605,1.00,1.00
2017.10.16 13:06:25.596,8.11491,8.11612,1.00,1.00
2017.10.16 13:06:25.647,8.11487,8.11607,1.00,1.00
2017.10.16 13:06:28.549,8.11485,8.11603,1.00,1.00
2017.10.16 13:06:28.953,8.11482,8.11602,1.00,1.00
2017.10.16 13:06:29.158,8.11488,8.11606,1.00,1.00
2017.10.16 13:06:35.986,8.11488,8.11608,1.00,1.00
2017.10.16 13:06:37.474,8.11484,8.11604,1.00,1.00
2017.10.16 13:06:38.501,8.11501,8.11617,1.00,1.00
2017.10.16 13:06:38.552,8.11501,8.11619,1.00,1.00
2017.10.16 13:06:38.703,8.1151,8.1163,1.00,1.00
2017.10.16 13:06:39.257,8.11512,8.11632,1.00,1.00
2017.10.16 13:06:39.308,8.1152,8.11641,1.00,1.00
2017.10.16 13:06:44.179,8.11525,8.11645,1.00,1.00
2017.10.16 13:06:45.515,8.11526,8.11646,1.00,1.00
2017.10.16 13:06:47.000,8.11529,8.11649,1.00,1.00
2017.10.16 13:06:47.101,8.1153,8.11651,1.00,1.00
2017.10.16 13:06:48.830,8.11537,8.11657,1.00,1.00
2017.10.16 13:06:51.017,8.11536,8.11656,1.00,1.00
2017.10.16 13:06:52.301,8.1154,8.1166,1.00,1.00
2017.10.16 13:06:52.739,8.11538,8.11656,1.00,1.00
2017.10.16 13:06:52.791,8.11532,8.11652,1.00,1.00
2017.10.16 13:06:52.929,8.11536,8.11656,1.00,1.00
2017.10.16 13:06:53.669,8.11538,8.11658,1.00,1.00
2017.10.16 13:06:54.283,8.1153,8.1165,1.00,1.00
2017.10.16 13:06:54.682,8.11535,8.11655,1.00,1.00
2017.10.16 13:06:55.496,8.11543,8.11661,1.00,1.00
2017.10.16 13:06:55.651,8.1154,8.1166,1.00,1.00
2017.10.16 13:06:55.704,8.11538,8.11658,1.00,1.00
2017.10.16 13:06:56.217,8.11537,8.11657,1.00,1.00
2017.10.16 13:06:56.583,8.11545,8.11665,1.00,1.00
2017.10.16 13:06:56.786,8.11541,8.11662,1.00,1.00
2017.10.16 13:06:57.457,8.11552,8.11672,1.00,1.00
2017.10.16 13:06:57.788,8.11548,8.11668,1.00,1.00
2017.10.16 13:06:58.796,8.11553,8.11671,1.00,1.00
2017.10.16 13:06:59.179,8.11558,8.11678,1.00,1.00
2017.10.16 13:06:59.424,8.11558,8.1168,1.00,1.00
2017.10.16 13:06:59.768,8.1155,8.11671,1.00,1.00
2017.10.16 13:06:59.819,8.11551,8.11673,1.00,1.00
2017.10.16 13:07:00.536,8.1155,8.11672,1.00,1.00
2017.10.16 13:07:01.593,8.11543,8.11664,1.00,1.00
2017.10.16 13:07:05.992,8.11546,8.11668,1.00,1.00
2017.10.16 13:07:06.093,8.11549,8.1167,1.00,1.00
2017.10.16 13:07:07.407,8.11543,8.11665,1.00,1.00
2017.10.16 13:07:07.736,8.11548,8.1167,1.00,1.00
2017.10.16 13:07:08.091,8.11543,8.11665,1.00,1.00
2017.10.16 13:07:08.397,8.11547,8.11669,1.00,1.00
2017.10.16 13:07:08.912,8.11548,8.1167,1.00,1.00
2017.10.16 13:07:11.376,8.11545,8.11666,1.00,1.00
2017.10.16 13:07:11.528,8.11547,8.11669,1.00,1.00
2017.10.16 13:07:12.088,8.11543,8.11664,1.00,1.00
2017.10.16 13:07:13.135,8.11547,8.11669,1.00,1.00
2017.10.16 13:07:14.254,8.11543,8.11667,1.00,1.00
2017.10.16 13:07:21.087,8.11543,8.1167,1.00,1.00
2017.10.16 13:07:21.138,8.11543,8.11662,1.00,1.00
2017.10.16 13:07:21.946,8.11543,8.11653,1.00,1.00
2017.10.16 13:07:22.048,8.11543,8.11662,1.00,1.00
2017.10.16 13:07:22.323,8.11543,8.11653,1.00,1.00
2017.10.16 13:07:22.374,8.11543,8.11662,1.00,1.00
2017.10.16 13:07:22.425,8.11543,8.11653,1.00,1.00
2017.10.16 13:07:23.760,8.11541,8.11653,1.00,1.00
2017.10.16 13:07:24.177,8.11528,8.11627,1.00,1.00
2017.10.16 13:07:24.228,8.11499,8.11626,1.00,1.00
2017.10.16 13:07:24.278,8.11503,8.11627,1.00,1.00
2017.10.16 13:07:24.583,8.11508,8.11627,1.00,1.00
2017.10.16 13:07:24.728,8.11508,8.11635,1.00,1.00
2017.10.16 13:07:25.374,8.11523,8.11648,1.00,1.00
2017.10.16 13:07:27.206,8.11512,8.11637,1.00,1.00
2017.10.16 13:07:28.328,8.11522,8.11644,1.00,1.00
2017.10.16 13:07:29.238,8.11513,8.11643,1.00,1.00
2017.10.16 13:07:29.847,8.11515,8.1165,1.00,1.00
2017.10.16 13:07:29.900,8.11555,8.11656,1.00,1.00
2017.10.16 13:07:30.029,8.11548,8.1167,1.00,1.00
2017.10.16 13:07:30.313,8.11543,8.11665,1.00,1.00
2017.10.16 13:07:30.967,8.11543,8.11664,1.00,1.00
2017.10.16 13:07:35.863,8.11543,8.11657,1.00,1.00
2017.10.16 13:07:37.689,8.11542,8.11656,1.00,1.00
2017.10.16 13:07:38.372,8.11557,8.11671,1.00,1.00
2017.10.16 13:07:39.046,8.11552,8.11666,1.00,1.00
2017.10.16 13:07:39.394,8.11558,8.11672,1.00,1.00
2017.10.16 13:07:40.998,8.11558,8.1167,1.00,1.00
2017.10.16 13:07:44.268,8.11559,8.11673,1.00,1.00
2017.10.16 13:07:46.030,8.11551,8.11665,1.00,1.00
2017.10.16 13:07:46.346,8.11556,8.1167,1.00,1.00
2017.10.16 13:07:46.447,8.11544,8.11671,1.00,1.00
2017.10.16 13:07:46.736,8.1154,8.11668,1.00,1.00
2017.10.16 13:07:47.270,8.11539,8.11667,1.00,1.00
2017.10.16 13:07:47.697,8.11543,8.11671,1.00,1.00
2017.10.16 13:07:48.002,8.11543,8.11656,1.00,1.00
2017.10.16 13:07:48.053,8.11547,8.11661,1.00,1.00
2017.10.16 13:07:50.244,8.11538,8.11666,1.00,1.00
2017.10.16 13:07:50.295,8.11539,8.11653,1.00,1.00
2017.10.16 13:07:51.136,8.11532,8.11646,1.00,1.00
2017.10.16 13:07:51.853,8.11541,8.11655,1.00,1.00
2017.10.16 13:07:52.347,8.11549,8.11663,1.00,1.00
2017.10.16 13:07:52.655,8.11544,8.11658,1.00,1.00
2017.10.16 13:07:53.788,8.11545,8.11659,1.00,1.00
2017.10.16 13:07:54.109,8.1153,8.11644,1.00,1.00
2017.10.16 13:07:54.433,8.11539,8.11653,1.00,1.00
2017.10.16 13:07:56.913,8.11535,8.11649,1.00,1.00
2017.10.16 13:07:57.224,8.11527,8.11638,1.00,1.00
2017.10.16 13:07:59.298,8.11527,8.11641,1.00,1.00
2017.10.16 13:08:00.216,8.11532,8.11644,1.00,1.00
2017.10.16 13:08:00.268,8.11537,8.11651,1.00,1.00
2017.10.16 13:08:00.541,8.1153,8.11644,1.00,1.00
2017.10.16 13:08:01.391,8.11539,8.11653,1.00,1.00
2017.10.16 13:08:02.381,8.11545,8.11659,1.00,1.00
2017.10.16 13:08:02.766,8.11541,8.11655,1.00,1.00
2017.10.16 13:08:04.006,8.11537,8.11651,1.00,1.00
2017.10.16 13:08:05.525,8.11535,8.11649,1.00,1.00
2017.10.16 13:08:06.194,8.11536,8.11657,1.00,1.00
2017.10.16 13:08:07.030,8.11522,8.11644,1.00,1.00
2017.10.16 13:08:07.165,8.11517,8.11638,1.00,1.00
2017.10.16 13:08:07.470,8.11541,8.11655,1.00,1.00
2017.10.16 13:08:07.811,8.11525,8.11655,1.00,1.00
2017.10.16 13:08:08.631,8.11538,8.11659,1.00,1.00
2017.10.16 13:08:09.020,8.11534,8.11655,1.00,1.00
2017.10.16 13:08:10.004,8.1154,8.11661,1.00,1.00
2017.10.16 13:08:10.349,8.11541,8.11654,1.00,1.00
2017.10.16 13:08:11.361,8.11544,8.11658,1.00,1.00
2017.10.16 13:08:14.329,8.11542,8.11655,1.00,1.00
2017.10.16 13:08:15.254,8.11565,8.1166,1.00,1.00
2017.10.16 13:08:15.305,8.11565,8.11679,1.00,1.00
2017.10.16 13:08:16.084,8.11569,8.11683,1.00,1.50
2017.10.16 13:08:19.261,8.11562,8.11676,1.00,1.00
2017.10.16 13:08:19.312,8.11559,8.11683,1.00,1.00
2017.10.16 13:08:19.414,8.11554,8.11667,1.00,1.00
2017.10.16 13:08:20.117,8.11556,8.1167,1.00,1.00
2017.10.16 13:08:21.196,8.11549,8.11663,1.00,1.00
2017.10.16 13:08:22.112,8.11551,8.11665,1.00,1.00
2017.10.16 13:08:23.191,8.11548,8.11662,1.00,1.00
2017.10.16 13:08:23.958,8.11547,8.11661,1.00,1.00
2017.10.16 13:08:25.515,8.11551,8.11664,1.00,1.00
2017.10.16 13:08:25.826,8.11548,8.1166,1.00,1.00
2017.10.16 13:08:27.124,8.11545,8.11659,1.00,1.00
2017.10.16 13:08:27.266,8.1155,8.11663,1.00,1.00
2017.10.16 13:08:29.388,8.11553,8.11664,1.00,1.00
2017.10.16 13:08:34.354,8.11548,8.11662,1.00,1.00
2017.10.16 13:08:34.405,8.11541,8.11655,1.00,1.00
2017.10.16 13:08:34.457,8.11543,8.11663,1.00,1.00
2017.10.16 13:08:34.509,8.1155,8.11674,1.00,1.00
2017.10.16 13:08:34.619,8.11555,8.11678,1.00,1.00
2017.10.16 13:08:34.936,8.11565,8.11684,1.00,1.00
2017.10.16 13:08:34.989,8.1157,8.11694,1.00,1.00
2017.10.16 13:08:35.040,8.1157,8.1169,1.00,1.00
2017.10.16 13:08:36.226,8.11565,8.1169,1.00,1.00
2017.10.16 13:08:36.475,8.11569,8.1169,1.00,1.00
2017.10.16 13:08:36.743,8.11562,8.1169,1.00,1.50
2017.10.16 13:08:36.793,8.11558,8.11686,1.00,1.00
2017.10.16 13:08:36.982,8.11561,8.1169,1.00,1.50
2017.10.16 13:08:37.100,8.11558,8.11686,1.00,1.00
2017.10.16 13:08:37.406,8.1155,8.11674,1.00,1.00
2017.10.16 13:08:37.457,8.1155,8.11678,1.00,1.00
2017.10.16 13:08:38.901,8.1155,8.11679,1.00,1.00
2017.10.16 13:08:39.320,8.11557,8.11685,1.00,1.00
2017.10.16 13:08:39.625,8.11562,8.11688,1.00,1.00
2017.10.16 13:08:39.864,8.11562,8.1169,1.00,1.50
2017.10.16 13:08:40.676,8.11565,8.1169,1.00,1.00
2017.10.16 13:08:41.009,8.11565,8.11687,1.00,1.00
2017.10.16 13:08:41.369,8.11569,8.11687,1.00,1.00
2017.10.16 13:08:41.420,8.11559,8.11687,1.00,1.00
2017.10.16 13:08:41.471,8.11566,8.11687,1.00,1.00
2017.10.16 13:08:41.774,8.11566,8.11692,1.00,1.00
2017.10.16 13:08:41.825,8.11562,8.11676,1.00,1.00
2017.10.16 13:08:42.237,8.11555,8.11668,1.00,1.00
2017.10.16 13:08:42.541,8.11563,8.11676,1.00,1.00
2017.10.16 13:08:43.299,8.11555,8.11669,1.00,1.00
2017.10.16 13:08:43.665,8.11559,8.11673,1.00,1.00
2017.10.16 13:08:44.189,8.11551,8.11665,1.00,1.00
2017.10.16 13:08:44.523,8.11546,8.1166,1.00,1.00
2017.10.16 13:08:45.746,8.11545,8.11658,1.00,1.00
2017.10.16 13:08:47.104,8.11559,8.11673,1.00,1.00
2017.10.16 13:08:47.155,8.11547,8.1166,1.00,1.00
2017.10.16 13:08:47.460,8.11555,8.11669,1.00,1.00
2017.10.16 13:08:48.506,8.1156,8.11673,1.00,1.00
2017.10.16 13:08:51.257,8.11554,8.11667,1.00,1.00
2017.10.16 13:08:53.908,8.11554,8.11668,1.00,1.00
2017.10.16 13:08:54.493,8.11558,8.11671,1.00,1.00
2017.10.16 13:08:55.236,8.11558,8.11672,1.00,1.00
2017.10.16 13:08:55.566,8.11576,8.11672,1.00,1.00
2017.10.16 13:08:55.617,8.11576,8.1168,1.00,1.00
2017.10.16 13:08:55.838,8.11569,8.1168,1.00,1.00
2017.10.16 13:08:56.138,8.11567,8.1168,1.00,1.00
2017.10.16 13:08:59.246,8.11569,8.11695,1.00,1.00
2017.10.16 13:09:00.707,8.11576,8.11689,1.00,1.00
2017.10.16 13:09:01.037,8.11585,8.11698,1.00,1.00
2017.10.16 13:09:02.401,8.11597,8.1171,1.00,1.00
2017.10.16 13:09:02.947,8.11589,8.11701,1.00,1.00
2017.10.16 13:09:03.597,8.11593,8.11701,1.00,1.00
2017.10.16 13:09:03.750,8.11584,8.11701,1.00,1.00
2017.10.16 13:09:03.801,8.11576,8.11691,1.00,1.00
2017.10.16 13:09:04.199,8.1157,8.11683,1.00,1.00
2017.10.16 13:09:04.798,8.11565,8.11678,1.00,1.00
2017.10.16 13:09:04.900,8.1156,8.11674,1.00,1.00
2017.10.16 13:09:06.328,8.11553,8.11666,1.00,1.00
2017.10.16 13:09:08.938,8.11555,8.11669,1.00,1.00
2017.10.16 13:09:10.007,8.11559,8.11673,1.00,1.00
2017.10.16 13:09:11.397,8.11555,8.11669,1.00,1.00
2017.10.16 13:09:11.750,8.11548,8.11662,1.00,1.00
2017.10.16 13:09:12.096,8.11544,8.11657,1.00,1.00
2017.10.16 13:09:12.647,8.1155,8.11663,1.00,1.00
2017.10.16 13:09:14.448,8.11552,8.11673,1.00,1.00
2017.10.16 13:09:15.238,8.11541,8.11662,1.00,1.00
2017.10.16 13:09:16.021,8.11547,8.11666,1.00,1.00
2017.10.16 13:09:17.158,8.1154,8.11662,1.00,1.00
2017.10.16 13:09:18.642,8.11529,8.11643,1.00,1.00
2017.10.16 13:09:18.947,8.11528,8.11639,1.00,1.00
2017.10.16 13:09:20.347,8.11531,8.11644,1.00,1.00
2017.10.16 13:09:20.617,8.11525,8.11639,1.00,1.00
2017.10.16 13:09:21.317,8.11533,8.11644,1.00,1.00
2017.10.16 13:09:23.997,8.11531,8.11644,1.00,1.00
2017.10.16 13:09:25.257,8.11528,8.1164,1.00,1.00
2017.10.16 13:09:25.647,8.11526,8.11639,1.00,1.00
2017.10.16 13:09:25.698,8.11534,8.11648,1.00,1.00
2017.10.16 13:09:25.800,8.11538,8.11652,1.00,1.00
2017.10.16 13:09:26.686,8.11543,8.11655,1.00,1.00
2017.10.16 13:09:28.982,8.11547,8.11659,1.00,1.50
2017.10.16 13:09:29.478,8.1154,8.11655,1.00,1.00
2017.10.16 13:09:30.390,8.11545,8.11659,1.00,1.50
2017.10.16 13:09:30.673,8.1154,8.11655,1.00,1.00
2017.10.16 13:09:33.838,8.11536,8.11649,1.00,1.00
2017.10.16 13:09:41.041,8.11541,8.11667,1.00,1.00
2017.10.16 13:09:43.697,8.11541,8.11667,1.67,1.00
2017.10.16 13:09:43.798,8.11545,8.11671,1.00,1.00
2017.10.16 13:09:44.558,8.11554,8.11668,1.00,1.00
2017.10.16 13:09:45.247,8.11561,8.11674,1.00,1.00
2017.10.16 13:09:45.298,8.11565,8.11679,1.00,1.00
2017.10.16 13:09:45.867,8.11564,8.11677,1.00,1.00
2017.10.16 13:09:46.237,8.11559,8.11672,1.00,1.00
2017.10.16 13:09:46.390,8.11546,8.1166,1.00,1.00
2017.10.16 13:09:47.735,8.11551,8.11665,1.00,1.00
2017.10.16 13:09:48.409,8.11555,8.11669,1.00,1.00
2017.10.16 13:09:48.887,8.11558,8.11672,1.00,1.00
2017.10.16 13:09:49.576,8.11554,8.11667,1.00,1.00
2017.10.16 13:09:50.154,8.11556,8.11669,1.00,1.00
2017.10.16 13:09:54.030,8.11557,8.1167,1.00,1.00
2017.10.16 13:09:57.677,8.11553,8.11664,1.00,1.00
2017.10.16 13:09:58.239,8.11548,8.11662,1.00,1.00
2017.10.16 13:09:58.508,8.11542,8.11656,1.00,1.00
2017.10.16 13:09:59.072,8.11547,8.11661,1.00,1.00
2017.10.16 13:10:00.192,8.11553,8.11667,1.00,1.00
2017.10.16 13:10:00.509,8.11557,8.1167,1.00,1.00
2017.10.16 13:10:00.907,8.11555,8.11668,1.00,1.00
2017.10.16 13:10:06.456,8.11556,8.1167,1.00,1.00
2017.10.16 13:10:07.391,8.11564,8.11677,1.00,1.00
2017.10.16 13:10:07.695,8.11555,8.11667,1.00,1.00
2017.10.16 13:10:08.430,8.11558,8.11672,1.00,1.00
2017.10.16 13:10:13.016,8.11565,8.11678,1.00,1.00
2017.10.16 13:10:14.568,8.11557,8.11671,1.00,1.00
2017.10.16 13:10:15.925,8.11556,8.11668,1.00,1.00
2017.10.16 13:10:16.525,8.11554,8.11667,1.00,1.00
2017.10.16 13:10:21.436,8.11554,8.11668,1.00,1.00
2017.10.16 13:10:22.033,8.11559,8.1167,1.00,1.00
2017.10.16 13:10:23.442,8.11561,8.11675,1.00,1.00
2017.10.16 13:10:23.493,8.1157,8.11683,1.00,1.00
2017.10.16 13:10:24.110,8.11571,8.11685,1.00,1.00
2017.10.16 13:10:24.640,8.11572,8.11686,1.00,1.00
2017.10.16 13:10:24.924,8.11555,8.11688,1.00,1.00
2017.10.16 13:10:24.974,8.11561,8.11691,1.00,1.00
2017.10.16 13:10:25.025,8.11553,8.11691,1.00,1.00
2017.10.16 13:10:25.076,8.11557,8.11691,1.00,1.00
2017.10.16 13:10:25.418,8.11557,8.11686,1.00,1.00
2017.10.16 13:10:25.774,8.11564,8.11677,1.00,1.00
2017.10.16 13:10:27.666,8.11549,8.1166,1.00,1.00
2017.10.16 13:10:28.684,8.11557,8.11683,1.00,1.00
2017.10.16 13:10:28.735,8.1156,8.11691,1.00,1.00
2017.10.16 13:10:28.786,8.11573,8.11686,1.00,1.00
2017.10.16 13:10:29.154,8.11573,8.11682,1.00,1.00
2017.10.16 13:10:29.324,8.11573,8.11686,1.00,1.00
2017.10.16 13:10:29.637,8.11577,8.1169,1.00,1.00
2017.10.16 13:10:30.338,8.11577,8.11685,1.00,1.00
2017.10.16 13:10:30.490,8.11577,8.1169,1.00,1.00
2017.10.16 13:10:30.591,8.11577,8.11683,1.00,1.00
2017.10.16 13:10:30.693,8.11577,8.1169,1.00,1.00
2017.10.16 13:10:32.507,8.11562,8.11676,1.00,1.00
2017.10.16 13:10:32.772,8.11559,8.11671,1.00,1.00
2017.10.16 13:10:36.491,8.11553,8.11664,1.00,1.00
2017.10.16 13:10:37.616,8.11562,8.11673,1.00,1.00
2017.10.16 13:10:37.962,8.1157,8.11673,1.00,1.00
2017.10.16 13:10:38.262,8.11562,8.11673,1.00,1.00
2017.10.16 13:10:39.975,8.11571,8.11685,1.00,1.00
2017.10.16 13:10:43.464,8.11566,8.11679,1.00,1.00
2017.10.16 13:10:43.799,8.11563,8.11675,1.00,1.00
2017.10.16 13:10:44.628,8.11564,8.11677,1.00,1.00
2017.10.16 13:10:44.834,8.11579,8.11692,1.00,1.00
2017.10.16 13:10:44.973,8.11564,8.1168,1.00,1.00
2017.10.16 13:10:45.025,8.11565,8.11693,1.00,1.00
2017.10.16 13:10:45.076,8.11568,8.11693,1.00,1.00
2017.10.16 13:10:45.380,8.11562,8.11693,1.00,1.50
2017.10.16 13:10:45.582,8.11562,8.11688,1.00,1.00
2017.10.16 13:10:46.046,8.11564,8.11688,1.00,1.00
2017.10.16 13:10:48.678,8.11571,8.11688,1.00,1.00
2017.10.16 13:10:48.730,8.11576,8.11701,1.00,1.00
2017.10.16 13:10:48.933,8.11581,8.11701,1.00,1.00
2017.10.16 13:10:49.328,8.11585,8.11701,1.00,1.00
2017.10.16 13:10:49.743,8.11579,8.1169,1.00,1.00
2017.10.16 13:10:50.008,8.11582,8.11705,1.00,1.00
2017.10.16 13:10:50.110,8.11582,8.11696,1.00,1.00
2017.10.16 13:10:51.529,8.11576,8.11685,1.00,1.00
2017.10.16 13:10:54.149,8.11577,8.11685,1.00,1.00
2017.10.16 13:10:57.027,8.11564,8.11677,1.00,1.00
2017.10.16 13:10:57.078,8.11555,8.11668,1.00,1.00
2017.10.16 13:10:57.381,8.11559,8.11672,1.00,1.00
2017.10.16 13:10:58.579,8.11572,8.11686,1.00,1.00
2017.10.16 13:10:59.594,8.11564,8.11677,1.00,1.00
2017.10.16 13:10:59.899,8.11591,8.11701,1.00,1.00
2017.10.16 13:11:00.350,8.11594,8.11701,1.00,1.00
2017.10.16 13:11:02.439,8.11588,8.11701,1.00,1.50
2017.10.16 13:11:04.462,8.11583,8.11696,1.00,1.00
2017.10.16 13:11:04.614,8.11638,8.11759,1.00,1.00
2017.10.16 13:11:04.665,8.11676,8.11786,1.00,1.00
2017.10.16 13:11:04.767,8.11686,8.11797,1.00,1.00
2017.10.16 13:11:04.868,8.11693,8.11806,1.00,1.00
2017.10.16 13:11:05.502,8.11711,8.11824,1.00,1.00
2017.10.16 13:11:06.441,8.1172,8.11833,1.00,1.00
2017.10.16 13:11:06.928,8.11724,8.11837,1.00,1.00
2017.10.16 13:11:09.222,8.11727,8.11838,1.00,1.00
2017.10.16 13:11:09.816,8.11713,8.11826,1.50,1.00
2017.10.16 13:11:09.918,8.1172,8.11833,1.00,1.00
2017.10.16 13:11:12.099,8.11716,8.11828,1.00,1.00
2017.10.16 13:11:12.251,8.1172,8.11833,1.00,1.00
2017.10.16 13:11:14.722,8.11726,8.11839,1.00,1.00
2017.10.16 13:11:15.185,8.11733,8.11847,1.00,1.00
2017.10.16 13:11:15.725,8.11754,8.11865,1.00,1.00
2017.10.16 13:11:15.776,8.11752,8.11865,1.00,1.50
2017.10.16 13:11:15.827,8.11757,8.11865,1.00,1.00
2017.10.16 13:11:16.170,8.11764,8.11865,1.00,1.00
2017.10.16 13:11:17.188,8.11776,8.11889,1.00,1.00
2017.10.16 13:11:18.284,8.1178,8.11893,1.00,1.00
2017.10.16 13:11:21.556,8.11775,8.11888,1.00,1.00
2017.10.16 13:11:21.972,8.11771,8.11884,1.00,1.00
2017.10.16 13:11:22.843,8.11769,8.11882,1.00,1.00
2017.10.16 13:11:25.115,8.11764,8.11877,1.00,1.00
2017.10.16 13:11:26.643,8.1176,8.11873,1.00,1.00
2017.10.16 13:11:28.934,8.11745,8.11858,1.00,1.00
2017.10.16 13:11:29.718,8.11744,8.11857,1.50,1.00
2017.10.16 13:11:31.099,8.11743,8.11857,1.00,1.00
2017.10.16 13:11:34.352,8.11739,8.11852,1.00,1.00
2017.10.16 13:11:36.586,8.1174,8.11853,1.00,1.00
2017.10.16 13:11:39.411,8.11721,8.11846,1.00,1.00
2017.10.16 13:11:40.247,8.11717,8.11831,1.00,1.00
2017.10.16 13:11:40.551,8.1171,8.11824,1.00,1.00
2017.10.16 13:11:40.821,8.1169,8.1182,1.00,1.50
2017.10.16 13:11:40.872,8.1169,8.11813,1.00,1.00
2017.10.16 13:11:41.214,8.11676,8.1179,1.00,1.00
2017.10.16 13:11:41.519,8.11663,8.11776,1.00,1.00
2017.10.16 13:11:41.721,8.11682,8.11807,1.00,1.00
2017.10.16 13:11:41.772,8.11676,8.11789,1.00,1.00
2017.10.16 13:11:41.823,8.11677,8.11813,1.00,1.00
2017.10.16 13:11:42.160,8.11694,8.11813,1.00,1.00
2017.10.16 13:11:42.261,8.11677,8.11813,1.00,1.00
2017.10.16 13:11:42.312,8.11675,8.11788,1.00,1.00
2017.10.16 13:11:42.470,8.11676,8.11813,1.00,1.00
2017.10.16 13:11:42.677,8.11675,8.11789,1.00,1.00
2017.10.16 13:11:42.978,8.11666,8.11779,1.00,1.00
2017.10.16 13:11:43.029,8.11676,8.11809,1.00,1.00
2017.10.16 13:11:43.080,8.11676,8.11793,1.00,1.00
2017.10.16 13:11:43.131,8.11676,8.11813,1.00,1.00
2017.10.16 13:11:43.182,8.11676,8.11794,1.00,1.00
2017.10.16 13:11:43.378,8.11676,8.11813,1.00,1.00
2017.10.16 13:11:43.479,8.11694,8.11813,1.00,1.00
2017.10.16 13:11:43.581,8.11694,8.11818,1.00,1.00
2017.10.16 13:11:43.683,8.1171,8.11823,1.00,1.00
2017.10.16 13:11:43.785,8.1172,8.11834,1.00,1.00
2017.10.16 13:11:44.557,8.11726,8.1184,1.00,1.00
2017.10.16 13:11:44.790,8.11742,8.11858,1.00,1.00
2017.10.16 13:11:46.119,8.11743,8.11858,1.00,1.00
2017.10.16 13:11:46.689,8.11742,8.11858,1.00,1.00
2017.10.16 13:11:47.265,8.1173,8.11853,1.67,1.00
2017.10.16 13:11:47.597,8.1173,8.11853,1.00,1.00
2017.10.16 13:11:47.721,8.11725,8.11848,1.00,1.00
2017.10.16 13:11:48.060,8.11724,8.11838,1.00,1.00
2017.10.16 13:11:48.369,8.11714,8.11828,1.00,1.00
2017.10.16 13:11:48.676,8.11703,8.11817,1.00,1.00
2017.10.16 13:11:49.058,8.11691,8.11822,1.00,1.00
2017.10.16 13:11:51.616,8.11688,8.1182,1.00,1.00
2017.10.16 13:11:54.268,8.11687,8.11819,1.00,1.00
2017.10.16 13:11:55.242,8.11674,8.11806,1.00,1.00
2017.10.16 13:11:55.571,8.11646,8.11759,1.00,1.00
2017.10.16 13:11:55.860,8.11636,8.1175,1.00,1.00
2017.10.16 13:11:56.507,8.11627,8.1174,1.00,1.00
2017.10.16 13:11:56.821,8.11638,8.11751,1.00,1.00
2017.10.16 13:11:57.145,8.11647,8.1176,1.00,1.00
2017.10.16 13:11:58.229,8.11655,8.11769,1.00,1.00
2017.10.16 13:11:58.702,8.11647,8.1176,1.00,1.00
2017.10.16 13:11:59.045,8.11637,8.1175,1.00,1.00
2017.10.16 13:11:59.350,8.11647,8.1176,1.00,1.00
2017.10.16 13:11:59.686,8.11656,8.11768,1.00,1.00
2017.10.16 13:11:59.737,8.11659,8.11772,1.00,1.00
2017.10.16 13:11:59.839,8.1165,8.11763,1.67,1.00
2017.10.16 13:11:59.941,8.1165,8.11763,1.00,1.00
2017.10.16 13:12:00.344,8.11658,8.11772,1.00,1.00
2017.10.16 13:12:00.396,8.11655,8.11769,1.00,1.00
2017.10.16 13:12:00.710,8.11646,8.11759,1.00,1.00
2017.10.16 13:12:01.047,8.11658,8.11771,1.00,1.00
2017.10.16 13:12:01.386,8.11647,8.1176,1.00,1.00
2017.10.16 13:12:01.611,8.11657,8.11771,1.00,1.00
2017.10.16 13:12:01.713,8.1166,8.11773,1.00,1.00
2017.10.16 13:12:02.018,8.11663,8.11776,1.00,1.00
2017.10.16 13:12:02.119,8.11666,8.1178,1.00,1.00
2017.10.16 13:12:05.385,8.11659,8.1177,1.00,1.00
2017.10.16 13:12:05.585,8.11667,8.11781,1.00,1.00
2017.10.16 13:12:05.659,8.11677,8.1179,1.00,1.00
2017.10.16 13:12:05.710,8.11668,8.11782,1.00,1.00
2017.10.16 13:12:06.382,8.11659,8.11772,1.00,1.00
2017.10.16 13:12:06.797,8.11664,8.11777,1.00,1.00
2017.10.16 13:12:07.012,8.11643,8.11757,1.00,1.00
2017.10.16 13:12:07.600,8.11643,8.11756,1.00,1.00
2017.10.16 13:12:09.322,8.11644,8.11758,1.00,1.00
2017.10.16 13:12:09.487,8.11653,8.11767,1.00,1.00
2017.10.16 13:12:09.735,8.11663,8.11802,1.00,1.00
2017.10.16 13:12:09.840,8.11661,8.11774,1.00,1.00
2017.10.16 13:12:10.143,8.11652,8.11765,1.00,1.00
2017.10.16 13:12:12.097,8.11642,8.11755,1.00,1.00
2017.10.16 13:12:12.148,8.11649,8.1178,1.00,1.00
2017.10.16 13:12:12.417,8.11646,8.1176,1.00,1.00
2017.10.16 13:12:13.119,8.11649,8.11781,1.00,1.00
2017.10.16 13:12:14.808,8.11658,8.11781,1.00,1.00
2017.10.16 13:12:15.645,8.11658,8.1179,1.00,1.00
2017.10.16 13:12:15.696,8.11664,8.11789,1.42,1.00
2017.10.16 13:12:16.581,8.11666,8.1178,1.00,1.00
2017.10.16 13:12:16.937,8.11667,8.1178,1.67,1.00
2017.10.16 13:12:17.511,8.11689,8.11803,1.42,1.00
2017.10.16 13:12:17.562,8.11701,8.11815,1.00,1.00
2017.10.16 13:12:18.268,8.11682,8.11796,1.67,1.00
2017.10.16 13:12:18.370,8.11681,8.11792,1.00,1.00
2017.10.16 13:12:20.815,8.11688,8.11802,1.00,1.00
2017.10.16 13:12:22.142,8.11691,8.11805,1.00,1.00
2017.10.16 13:12:23.294,8.11695,8.11809,1.00,1.00
2017.10.16 13:12:24.328,8.11694,8.11808,1.00,1.00
2017.10.16 13:12:24.833,8.11696,8.1181,1.00,1.00
2017.10.16 13:12:26.696,8.11696,8.11818,1.00,1.00
2017.10.16 13:12:29.484,8.117,8.1182,1.00,1.00
2017.10.16 13:12:29.587,8.11705,8.11827,1.00,1.00
2017.10.16 13:12:30.529,8.11679,8.11801,1.67,1.00
2017.10.16 13:12:30.853,8.11679,8.11798,1.00,1.00
2017.10.16 13:12:30.904,8.11681,8.11803,1.00,1.00
2017.10.16 13:12:31.005,8.11677,8.11799,1.00,1.00
2017.10.16 13:12:31.380,8.11676,8.11797,1.00,1.00
2017.10.16 13:12:34.758,8.11678,8.11801,1.00,1.00
2017.10.16 13:12:36.726,8.11679,8.11801,1.00,1.00
2017.10.16 13:12:38.501,8.11675,8.11798,1.00,1.00
2017.10.16 13:12:38.847,8.11672,8.11795,1.00,1.00
2017.10.16 13:12:39.464,8.11677,8.118,1.00,1.00
2017.10.16 13:12:39.781,8.11679,8.11802,1.00,1.00
2017.10.16 13:12:40.905,8.11675,8.11798,1.00,1.00
2017.10.16 13:12:41.222,8.11672,8.11795,1.00,1.00
2017.10.16 13:12:43.433,8.11677,8.118,1.00,1.00
2017.10.16 13:12:46.225,8.11676,8.11799,1.00,1.00
2017.10.16 13:12:51.736,8.11677,8.11797,1.00,1.00
2017.10.16 13:12:54.389,8.11677,8.11798,1.00,1.00
2017.10.16 13:13:01.255,8.11677,8.11799,1.00,1.00
2017.10.16 13:13:01.728,8.1166,8.11783,1.00,1.00
2017.10.16 13:13:01.780,8.11667,8.11788,1.00,1.00
2017.10.16 13:13:01.881,8.1167,8.11793,1.00,1.00
2017.10.16 13:13:04.877,8.11675,8.11797,1.00,1.00
2017.10.16 13:13:06.816,8.11675,8.11798,1.00,1.00
2017.10.16 13:13:14.466,8.1169,8.11813,1.00,1.00
2017.10.16 13:13:14.780,8.11702,8.11825,1.00,1.00
2017.10.16 13:13:15.084,8.11696,8.11817,1.00,1.00
2017.10.16 13:13:16.330,8.11694,8.11816,1.00,1.00
2017.10.16 13:13:17.574,8.1168,8.1181,1.00,1.00
2017.10.16 13:13:17.675,8.11662,8.11804,1.50,1.00
2017.10.16 13:13:18.518,8.11662,8.11801,1.00,1.50
2017.10.16 13:13:18.917,8.11662,8.11795,1.00,1.00
2017.10.16 13:13:19.916,8.11662,8.118,1.00,1.00
2017.10.16 13:13:20.251,8.11646,8.11788,1.00,1.00
2017.10.16 13:13:20.885,8.11647,8.11789,1.00,1.00
2017.10.16 13:13:21.393,8.1165,8.11792,1.00,1.00
2017.10.16 13:13:21.821,8.1165,8.1179,1.00,1.00
2017.10.16 13:13:22.123,8.1166,8.11798,1.00,1.00
2017.10.16 13:13:23.166,8.11656,8.11795,1.00,1.00
2017.10.16 13:13:23.870,8.1166,8.11798,1.00,1.00
2017.10.16 13:13:24.642,8.11666,8.11798,1.00,1.00
2017.10.16 13:13:25.083,8.11662,8.11798,1.00,1.00
2017.10.16 13:13:25.391,8.11659,8.11798,1.00,1.50
2017.10.16 13:13:25.906,8.11658,8.11797,1.00,1.00
2017.10.16 13:13:26.436,8.11655,8.11794,1.00,1.00
2017.10.16 13:13:27.426,8.1164,8.11777,1.00,1.00
2017.10.16 13:13:27.577,8.11641,8.11781,1.00,1.00
2017.10.16 13:13:29.958,8.11642,8.11777,1.00,1.00
2017.10.16 13:13:32.846,8.11633,8.11769,1.00,1.00
2017.10.16 13:13:36.489,8.1163,8.11765,1.00,1.00
2017.10.16 13:13:36.846,8.1163,8.11753,1.00,1.00
2017.10.16 13:13:37.289,8.11634,8.11755,1.00,1.00
2017.10.16 13:13:37.747,8.11638,8.11759,1.00,1.00
2017.10.16 13:13:38.159,8.11642,8.11765,1.00,1.00
2017.10.16 13:13:38.311,8.11652,8.11775,1.00,1.00
2017.10.16 13:13:44.988,8.11652,8.11774,1.00,1.00
2017.10.16 13:13:47.010,8.11658,8.11779,1.00,1.00
2017.10.16 13:13:49.210,8.11664,8.11779,1.00,1.00
2017.10.16 13:13:49.747,8.11685,8.11779,1.00,1.00
2017.10.16 13:13:49.798,8.11694,8.11817,1.00,1.50
2017.10.16 13:13:51.856,8.11683,8.11823,1.00,1.00
2017.10.16 13:13:52.573,8.11682,8.11822,1.00,1.00
2017.10.16 13:13:54.534,8.11684,8.11823,1.00,1.00
2017.10.16 13:14:00.031,8.11685,8.11821,1.00,1.00
2017.10.16 13:14:01.377,8.11685,8.11819,1.00,1.00
2017.10.16 13:14:06.886,8.11683,8.11806,1.00,1.00
2017.10.16 13:14:11.696,8.11702,8.11823,1.00,1.00
2017.10.16 13:14:12.138,8.11707,8.11823,1.00,1.00
2017.10.16 13:14:12.442,8.11714,8.11823,1.00,1.00
2017.10.16 13:14:15.048,8.11708,8.11823,1.00,1.00
2017.10.16 13:14:15.709,8.11714,8.11823,1.00,1.00
2017.10.16 13:14:16.082,8.11714,8.11835,1.00,1.00
2017.10.16 13:14:16.372,8.11719,8.11835,1.00,1.00
2017.10.16 13:14:16.423,8.11724,8.11847,1.00,1.00
2017.10.16 13:14:16.641,8.11729,8.11857,1.00,1.00
2017.10.16 13:14:17.237,8.11725,8.11857,1.00,1.00
2017.10.16 13:14:17.288,8.11741,8.11867,1.00,1.00
2017.10.16 13:14:18.266,8.11745,8.11867,1.00,1.00
2017.10.16 13:14:18.873,8.11745,8.11878,1.00,1.00
2017.10.16 13:14:20.142,8.11745,8.11879,1.00,1.00
2017.10.16 13:14:20.243,8.11741,8.11877,1.00,1.00
2017.10.16 13:14:20.294,8.11745,8.11879,1.00,1.00
2017.10.16 13:14:20.767,8.11745,8.11867,1.00,1.00
2017.10.16 13:14:21.916,8.11746,8.11867,1.00,1.00
2017.10.16 13:14:22.262,8.11752,8.11867,1.00,1.00
2017.10.16 13:14:22.975,8.11749,8.11867,1.00,1.00
2017.10.16 13:14:24.568,8.11747,8.11867,1.00,1.00
2017.10.16 13:14:25.908,8.11744,8.11867,1.00,1.50
2017.10.16 13:14:26.169,8.11742,8.11864,1.00,1.00
2017.10.16 13:14:26.492,8.11742,8.11857,1.00,1.00
2017.10.16 13:14:27.697,8.11739,8.11857,1.00,1.00
2017.10.16 13:14:27.812,8.11738,8.11842,1.00,1.00
2017.10.16 13:14:27.863,8.11718,8.1184,1.00,1.00
2017.10.16 13:14:29.370,8.11715,8.11827,1.00,1.00
2017.10.16 13:14:29.999,8.11715,8.11835,1.00,1.00
2017.10.16 13:14:30.101,8.11715,8.11837,1.00,1.50
2017.10.16 13:14:31.279,8.11715,8.11836,1.00,1.00
2017.10.16 13:14:31.486,8.11716,8.11838,1.00,1.00
2017.10.16 13:14:31.588,8.11716,8.11827,1.00,1.00
2017.10.16 13:14:33.433,8.11716,8.11837,1.00,1.00
2017.10.16 13:14:34.090,8.11716,8.11838,1.00,1.00
2017.10.16 13:14:36.946,8.11715,8.11837,1.00,1.00
2017.10.16 13:14:37.893,8.11721,8.11841,1.00,1.00
2017.10.16 13:14:38.870,8.11735,8.11858,1.00,1.00
2017.10.16 13:14:38.921,8.11746,8.1186,1.00,1.00
2017.10.16 13:14:38.972,8.11749,8.11869,1.00,1.00
2017.10.16 13:14:39.265,8.11744,8.11866,1.00,1.00
2017.10.16 13:14:39.731,8.11748,8.1187,1.00,1.00
2017.10.16 13:14:42.553,8.11742,8.11865,1.00,1.00
2017.10.16 13:14:42.604,8.11739,8.11859,1.50,1.00
2017.10.16 13:14:43.303,8.11739,8.11861,1.50,1.00
2017.10.16 13:14:43.441,8.11749,8.11869,1.00,1.00
2017.10.16 13:14:43.496,8.11749,8.11871,1.00,1.00
2017.10.16 13:14:45.108,8.11747,8.11869,1.00,1.00
2017.10.16 13:14:46.466,8.11746,8.11868,1.00,1.00
2017.10.16 13:14:47.134,8.11718,8.1184,1.00,1.00
2017.10.16 13:14:47.488,8.11715,8.11837,1.00,1.00
2017.10.16 13:14:47.990,8.11712,8.11835,1.00,1.00
2017.10.16 13:14:48.093,8.11712,8.11827,1.00,1.00
2017.10.16 13:14:48.353,8.11712,8.11835,1.00,1.00
2017.10.16 13:14:48.675,8.11711,8.11833,1.00,1.00
2017.10.16 13:14:50.067,8.11697,8.11837,1.00,1.00
2017.10.16 13:14:50.118,8.11675,8.11791,1.00,1.00
2017.10.16 13:14:50.170,8.11673,8.11791,1.00,1.00
2017.10.16 13:14:50.314,8.11652,8.11767,1.00,1.00
2017.10.16 13:14:50.366,8.11654,8.11774,1.00,1.00
2017.10.16 13:14:51.201,8.11652,8.11772,1.00,1.00
2017.10.16 13:14:51.742,8.11654,8.11776,1.00,1.00
2017.10.16 13:14:52.012,8.11652,8.11771,1.00,1.00
2017.10.16 13:14:52.265,8.11662,8.11784,1.00,1.00
2017.10.16 13:14:52.457,8.11668,8.11787,1.00,1.00
2017.10.16 13:14:52.897,8.11664,8.11786,1.00,1.00
2017.10.16 13:14:53.087,8.11667,8.11787,1.00,1.00
2017.10.16 13:14:53.138,8.11676,8.11798,1.00,1.00
2017.10.16 13:14:53.189,8.11682,8.11799,1.00,1.00
2017.10.16 13:14:54.086,8.11682,8.11804,1.00,1.00
2017.10.16 13:14:54.638,8.11681,8.11803,1.00,1.00
2017.10.16 13:14:56.008,8.11683,8.11805,1.00,1.00
2017.10.16 13:14:58.373,8.11705,8.11819,1.00,1.00
2017.10.16 13:14:58.424,8.11696,8.11818,1.50,1.00
2017.10.16 13:14:58.475,8.11696,8.11815,1.00,1.00
2017.10.16 13:14:58.755,8.11692,8.11814,1.00,1.00
2017.10.16 13:14:59.028,8.11702,8.11824,1.00,1.00
2017.10.16 13:14:59.500,8.11708,8.11828,1.00,1.00
2017.10.16 13:15:00.160,8.11708,8.1183,1.00,1.00
2017.10.16 13:15:00.274,8.11713,8.11835,1.00,1.00
2017.10.16 13:15:01.584,8.11712,8.11834,1.00,1.00
2017.10.16 13:15:02.406,8.11715,8.11837,1.00,1.00
2017.10.16 13:15:02.738,8.11726,8.11848,1.00,1.00
2017.10.16 13:15:04.588,8.11722,8.11843,1.00,1.00
2017.10.16 13:15:05.372,8.11726,8.11848,1.00,1.00
2017.10.16 13:15:05.829,8.11735,8.11855,1.00,1.00
2017.10.16 13:15:05.881,8.11742,8.11864,1.00,1.00
2017.10.16 13:15:06.609,8.11747,8.11868,1.00,1.00
2017.10.16 13:15:07.027,8.11748,8.1187,1.00,1.00
2017.10.16 13:15:07.601,8.11739,8.11861,1.00,1.00
2017.10.16 13:15:09.646,8.11743,8.11865,1.00,1.00
2017.10.16 13:15:10.105,8.1175,8.11871,1.00,1.00
2017.10.16 13:15:13.324,8.11754,8.11875,1.00,1.00
2017.10.16 13:15:14.259,8.1176,8.11881,1.00,1.00
2017.10.16 13:15:14.311,8.11754,8.11876,1.00,1.00
2017.10.16 13:15:15.166,8.11753,8.11875,1.00,1.00
2017.10.16 13:15:15.579,8.11753,8.11887,1.00,1.00
2017.10.16 13:15:15.901,8.11753,8.1188,1.00,1.00
2017.10.16 13:15:16.193,8.11744,8.11877,1.00,1.00
2017.10.16 13:15:16.244,8.1174,8.11877,1.00,1.00
2017.10.16 13:15:16.295,8.11733,8.11856,1.00,1.00
2017.10.16 13:15:16.426,8.11729,8.11856,1.00,1.00
2017.10.16 13:15:16.880,8.11729,8.11862,1.00,1.00
2017.10.16 13:15:17.139,8.11729,8.11864,1.00,1.00
2017.10.16 13:15:18.039,8.11722,8.11854,1.00,1.00
2017.10.16 13:15:19.855,8.11722,8.11866,1.00,1.00
2017.10.16 13:15:19.966,8.11722,8.11864,1.00,1.00
2017.10.16 13:15:20.552,8.11722,8.11856,1.00,1.00
2017.10.16 13:15:22.643,8.11732,8.11856,1.00,1.00
2017.10.16 13:15:22.857,8.11732,8.11867,1.00,1.00
2017.10.16 13:15:24.686,8.11733,8.11867,1.00,1.00
2017.10.16 13:15:25.312,8.11719,8.11847,1.00,1.00
2017.10.16 13:15:25.414,8.11722,8.11857,1.00,1.00
2017.10.16 13:15:25.570,8.11722,8.11847,1.00,1.00
2017.10.16 13:15:26.287,8.11724,8.11847,1.00,1.00
2017.10.16 13:15:26.484,8.11729,8.11854,1.00,1.00
2017.10.16 13:15:26.535,8.11736,8.11857,1.00,1.00
2017.10.16 13:15:26.586,8.11741,8.11864,1.00,1.00
2017.10.16 13:15:26.637,8.11748,8.11872,1.00,1.00
2017.10.16 13:15:26.688,8.11753,8.11872,1.00,1.00
2017.10.16 13:15:26.841,8.11753,8.11881,1.00,1.00
2017.10.16 13:15:27.526,8.11752,8.11882,1.00,1.00
2017.10.16 13:15:29.064,8.1175,8.11882,1.00,1.00
2017.10.16 13:15:29.313,8.11757,8.11882,1.00,1.00
2017.10.16 13:15:29.639,8.11757,8.11887,1.00,1.00
2017.10.16 13:15:30.196,8.11756,8.11886,1.00,1.00
2017.10.16 13:15:30.829,8.11756,8.11887,1.00,1.00
2017.10.16 13:15:31.110,8.11755,8.11881,1.00,1.00
2017.10.16 13:15:31.554,8.11753,8.11881,1.00,1.00
2017.10.16 13:15:31.798,8.1176,8.11881,1.00,1.00
2017.10.16 13:15:33.467,8.11753,8.11881,1.00,1.50
2017.10.16 13:15:33.569,8.11744,8.11881,1.00,1.50
2017.10.16 13:15:33.995,8.11721,8.1186,1.50,1.00
2017.10.16 13:15:34.148,8.11713,8.11839,1.00,1.00
2017.10.16 13:15:34.199,8.11698,8.11839,1.00,1.00
2017.10.16 13:15:34.413,8.11689,8.11833,1.00,1.00
2017.10.16 13:15:36.831,8.11689,8.11828,1.00,1.00
2017.10.16 13:15:37.360,8.1169,8.11828,1.00,1.00
2017.10.16 13:15:37.721,8.11687,8.11811,1.00,1.00
2017.10.16 13:15:38.107,8.11687,8.11797,1.00,1.00
2017.10.16 13:15:38.321,8.11687,8.11807,1.00,1.00
2017.10.16 13:15:39.731,8.11687,8.11806,1.00,1.00
2017.10.16 13:15:40.356,8.11687,8.11807,1.00,1.00
2017.10.16 13:15:41.279,8.11687,8.11797,1.00,1.00
2017.10.16 13:15:42.284,8.11687,8.11807,1.00,1.00
2017.10.16 13:15:46.394,8.11687,8.11796,1.00,1.00
2017.10.16 13:15:46.445,8.11657,8.11795,1.00,1.00
2017.10.16 13:15:46.546,8.11653,8.11777,1.00,1.00
2017.10.16 13:15:47.122,8.11649,8.11777,1.00,1.00
2017.10.16 13:15:47.224,8.11641,8.11767,1.00,1.00
2017.10.16 13:15:47.579,8.11637,8.11767,1.00,1.00
2017.10.16 13:15:47.844,8.11637,8.11753,1.00,1.00
2017.10.16 13:15:48.191,8.1164,8.11753,1.00,1.00
2017.10.16 13:15:48.721,8.1164,8.11764,1.00,1.00
2017.10.16 13:15:48.822,8.11644,8.11764,1.00,1.00
2017.10.16 13:15:49.010,8.11638,8.11764,1.00,1.00
2017.10.16 13:15:50.274,8.11645,8.11764,1.00,1.00
2017.10.16 13:15:50.610,8.1166,8.11774,1.00,1.00
2017.10.16 13:15:50.661,8.11656,8.11774,1.00,1.00
2017.10.16 13:15:50.800,8.11653,8.11774,1.00,1.00
2017.10.16 13:15:51.412,8.11658,8.11787,1.00,1.00
2017.10.16 13:15:51.615,8.11658,8.11767,1.00,1.00
2017.10.16 13:15:52.094,8.11666,8.11767,1.00,1.00
2017.10.16 13:15:52.278,8.11666,8.11777,1.00,1.00
2017.10.16 13:15:54.746,8.11665,8.11777,1.00,1.00
2017.10.16 13:15:57.018,8.11665,8.11789,1.00,1.00
2017.10.16 13:15:59.266,8.11661,8.11789,1.00,1.00
2017.10.16 13:15:59.317,8.11656,8.11775,1.00,1.00
2017.10.16 13:15:59.724,8.1166,8.11775,1.00,1.00
2017.10.16 13:16:00.279,8.11661,8.11775,1.00,1.00
2017.10.16 13:16:05.415,8.11661,8.11776,1.00,1.00
2017.10.16 13:16:05.544,8.11661,8.11788,1.00,1.00
2017.10.16 13:16:05.596,8.11671,8.11798,1.00,1.00
2017.10.16 13:16:06.078,8.11673,8.11798,1.00,1.00
2017.10.16 13:16:07.732,8.11672,8.11798,1.00,1.00
2017.10.16 13:16:08.581,8.11676,8.11798,1.00,1.00
2017.10.16 13:16:09.144,8.11679,8.11809,1.00,1.50
2017.10.16 13:16:09.195,8.11684,8.11809,1.00,1.50
2017.10.16 13:16:09.297,8.1168,8.11809,1.00,1.50
2017.10.16 13:16:10.292,8.1168,8.11808,1.00,1.00
2017.10.16 13:16:10.429,8.11684,8.11808,1.00,1.00
2017.10.16 13:16:10.650,8.11689,8.11814,1.00,1.00
2017.10.16 13:16:10.898,8.11689,8.11817,1.00,1.00
2017.10.16 13:16:11.500,8.11689,8.11819,1.00,1.00
2017.10.16 13:16:12.187,8.11689,8.1182,1.00,1.50
2017.10.16 13:16:12.237,8.11693,8.1182,1.00,1.50
2017.10.16 13:16:12.915,8.11693,8.11827,1.00,1.00
2017.10.16 13:16:12.966,8.11706,8.11827,1.00,1.00
2017.10.16 13:16:13.148,8.11706,8.11829,1.00,1.00
2017.10.16 13:16:13.659,8.11706,8.11831,1.00,1.50
2017.10.16 13:16:14.103,8.117,8.11831,1.00,1.50
2017.10.16 13:16:14.283,8.117,8.11824,1.00,1.00
2017.10.16 13:16:15.221,8.117,8.11825,1.00,1.00
2017.10.16 13:16:15.286,8.11698,8.11825,1.00,1.00
2017.10.16 13:16:16.643,8.11697,8.11825,1.00,1.00
2017.10.16 13:16:16.826,8.11707,8.11826,1.00,1.00
2017.10.16 13:16:16.877,8.11717,8.11842,1.00,1.00
2017.10.16 13:16:16.928,8.11704,8.11842,1.00,1.00
2017.10.16 13:16:16.979,8.11704,8.11831,1.00,1.00
2017.10.16 13:16:17.401,8.11709,8.1183,1.00,1.00
2017.10.16 13:16:18.018,8.11709,8.11831,1.00,1.00
2017.10.16 13:16:18.431,8.11718,8.11831,1.00,1.00
2017.10.16 13:16:21.306,8.11718,8.11853,1.00,1.00
2017.10.16 13:16:21.357,8.11722,8.11853,1.00,1.00
2017.10.16 13:16:21.812,8.11733,8.11861,1.00,1.00
2017.10.16 13:16:22.164,8.11736,8.11861,1.00,1.50
2017.10.16 13:16:22.215,8.11734,8.11861,1.00,1.50
2017.10.16 13:16:22.868,8.11734,8.1186,1.00,1.00
2017.10.16 13:16:24.036,8.11734,8.11859,1.00,1.00
2017.10.16 13:16:24.111,8.11731,8.11859,1.00,1.00
2017.10.16 13:16:25.161,8.11731,8.1186,1.00,1.00
2017.10.16 13:16:25.463,8.11731,8.11858,1.00,1.00
2017.10.16 13:16:25.909,8.11721,8.11838,1.00,1.00
2017.10.16 13:16:26.211,8.11684,8.11807,1.00,1.00
2017.10.16 13:16:27.687,8.11684,8.11812,1.00,1.00
2017.10.16 13:16:29.124,8.11684,8.11809,1.00,1.00
2017.10.16 13:16:30.316,8.11687,8.11809,1.00,1.00
2017.10.16 13:16:30.895,8.11687,8.11808,1.00,1.00
2017.10.16 13:16:31.471,8.11687,8.11809,1.00,1.00
2017.10.16 13:16:32.078,8.11686,8.11809,1.00,1.00
2017.10.16 13:16:34.435,8.11661,8.11787,1.00,1.00
2017.10.16 13:16:34.537,8.11657,8.11778,1.00,1.00
2017.10.16 13:16:35.057,8.11656,8.11778,1.00,1.00
2017.10.16 13:16:35.306,8.1167,8.11794,1.00,1.00
2017.10.16 13:16:35.407,8.11668,8.11794,1.00,1.00
2017.10.16 13:16:36.127,8.11664,8.11777,1.00,1.00
2017.10.16 13:16:36.228,8.11656,8.11777,1.00,1.00
2017.10.16 13:16:36.436,8.11656,8.11781,1.00,1.00
2017.10.16 13:16:36.708,8.11656,8.11783,1.00,1.00
2017.10.16 13:16:36.758,8.11651,8.11777,1.00,1.00
2017.10.16 13:16:41.988,8.11651,8.11791,1.00,1.00
2017.10.16 13:16:42.039,8.11659,8.11791,1.00,1.00
2017.10.16 13:16:42.090,8.11655,8.11791,1.00,1.00
2017.10.16 13:16:42.300,8.11653,8.11791,1.00,1.00
2017.10.16 13:16:42.351,8.1165,8.11791,1.00,1.00
2017.10.16 13:16:42.631,8.11649,8.11786,1.00,1.00
2017.10.16 13:16:43.235,8.11649,8.11781,1.00,1.00
2017.10.16 13:16:44.597,8.11653,8.11781,1.00,1.00
2017.10.16 13:16:45.347,8.11656,8.11781,1.00,1.00
2017.10.16 13:16:46.063,8.11656,8.11791,1.00,1.00
2017.10.16 13:16:46.165,8.11661,8.11791,1.00,1.00
2017.10.16 13:16:46.520,8.11667,8.11795,1.00,1.00
2017.10.16 13:16:49.126,8.11661,8.11787,1.00,1.00
2017.10.16 13:16:49.178,8.11656,8.11787,1.00,1.00
2017.10.16 13:16:49.279,8.11652,8.11787,1.00,1.00
2017.10.16 13:16:49.330,8.11656,8.11787,1.00,1.00
2017.10.16 13:16:51.393,8.11665,8.11795,1.00,1.00
2017.10.16 13:16:51.814,8.1167,8.11795,1.00,1.00
2017.10.16 13:16:52.315,8.11669,8.11795,1.00,1.00
2017.10.16 13:16:53.342,8.11669,8.11794,1.00,1.00
2017.10.16 13:16:53.933,8.11669,8.1179,1.00,1.00
2017.10.16 13:16:54.915,8.1167,8.1179,1.00,1.00
2017.10.16 13:16:55.891,8.11663,8.11783,1.00,1.00
2017.10.16 13:16:57.557,8.11659,8.11779,1.00,1.00
2017.10.16 13:17:00.376,8.1166,8.1178,1.00,1.00
2017.10.16 13:17:01.734,8.11658,8.11779,1.00,1.00
2017.10.16 13:17:05.173,8.11673,8.11791,1.00,1.00
2017.10.16 13:17:05.224,8.11668,8.11789,1.00,1.00
2017.10.16 13:17:05.360,8.11657,8.11778,1.00,1.00
2017.10.16 13:17:06.094,8.11654,8.11774,1.00,1.00
2017.10.16 13:17:06.246,8.11658,8.11779,1.00,1.00
2017.10.16 13:17:06.348,8.11665,8.11785,1.00,1.00
2017.10.16 13:17:07.244,8.1166,8.11781,1.00,1.00
2017.10.16 13:17:07.510,8.11659,8.11779,1.00,1.00
2017.10.16 13:17:07.561,8.11663,8.11784,1.00,1.00
2017.10.16 13:17:08.406,8.11668,8.11789,1.00,1.00
2017.10.16 13:17:11.631,8.11657,8.11776,1.00,1.00
2017.10.16 13:17:15.441,8.11658,8.11776,1.00,1.00
2017.10.16 13:17:15.640,8.11653,8.11776,1.00,1.00
2017.10.16 13:17:16.619,8.11642,8.11762,1.00,1.00
2017.10.16 13:17:16.720,8.11639,8.11762,1.00,1.00
2017.10.16 13:17:19.008,8.11636,8.11752,1.00,1.00
2017.10.16 13:17:19.059,8.11617,8.11752,1.00,1.50
2017.10.16 13:17:19.161,8.11617,8.11735,1.00,1.00
2017.10.16 13:17:19.346,8.11613,8.11735,1.50,1.00
2017.10.16 13:17:24.221,8.11605,8.11735,1.00,1.00
2017.10.16 13:17:24.925,8.11606,8.11735,1.00,1.00
2017.10.16 13:17:26.719,8.11604,8.11735,1.00,1.00
2017.10.16 13:17:26.770,8.11604,8.11719,1.00,1.00
2017.10.16 13:17:27.380,8.11578,8.11708,1.00,1.00
2017.10.16 13:17:27.563,8.11578,8.11694,1.00,1.00
2017.10.16 13:17:28.799,8.11578,8.11707,1.00,1.00
2017.10.16 13:17:28.852,8.11587,8.11707,1.00,1.00
2017.10.16 13:17:28.903,8.11589,8.11727,1.00,1.00
2017.10.16 13:17:28.955,8.11592,8.11727,1.00,1.00
2017.10.16 13:17:30.486,8.11598,8.11727,1.00,1.00
2017.10.16 13:17:33.893,8.11598,8.11716,1.00,1.00
2017.10.16 13:17:37.304,8.116,8.11716,1.00,1.00
2017.10.16 13:17:43.834,8.11594,8.11714,1.00,1.00
2017.10.16 13:17:43.885,8.11585,8.11706,1.00,1.00
2017.10.16 13:17:43.935,8.11578,8.11697,1.00,1.00
2017.10.16 13:17:44.240,8.11578,8.11691,1.00,1.00
2017.10.16 13:17:46.848,8.11578,8.11689,1.00,1.00
2017.10.16 13:17:47.611,8.11571,8.11689,1.00,1.00
2017.10.16 13:17:48.047,8.11566,8.11686,1.00,1.00
2017.10.16 13:17:52.334,8.11557,8.11687,1.00,1.00
2017.10.16 13:17:54.991,8.11558,8.11687,1.00,1.00
2017.10.16 13:17:56.116,8.11565,8.11687,1.00,1.00
2017.10.16 13:17:57.677,8.11565,8.11697,1.00,1.00
2017.10.16 13:18:00.496,8.11565,8.11685,1.00,1.00
2017.10.16 13:18:01.854,8.11567,8.11688,1.00,1.00
2017.10.16 13:18:03.183,8.11567,8.11686,1.00,1.00
2017.10.16 13:18:03.785,8.11567,8.11688,1.00,1.00
2017.10.16 13:18:04.073,8.1157,8.11691,1.00,1.00
2017.10.16 13:18:04.380,8.11596,8.11712,1.00,1.00
2017.10.16 13:18:04.746,8.11596,8.11715,1.00,1.00
2017.10.16 13:18:05.426,8.11596,8.11716,1.00,1.00
2017.10.16 13:18:07.716,8.11605,8.11725,1.00,1.00
2017.10.16 13:18:08.266,8.11605,8.11722,1.00,1.00
2017.10.16 13:18:10.015,8.11606,8.11722,1.00,1.00
2017.10.16 13:18:10.834,8.11634,8.11735,1.00,1.00
2017.10.16 13:18:10.885,8.11634,8.11755,1.00,1.00
2017.10.16 13:18:10.936,8.11656,8.1177,1.00,1.00
2017.10.16 13:18:11.138,8.11663,8.11784,1.00,1.00
2017.10.16 13:18:11.393,8.11667,8.11788,1.00,1.00
2017.10.16 13:18:11.698,8.11677,8.1179,1.00,1.00
2017.10.16 13:18:12.005,8.11677,8.11792,1.00,1.00
2017.10.16 13:18:12.580,8.11677,8.11791,1.00,1.00
2017.10.16 13:18:12.670,8.11677,8.11789,1.00,1.00
2017.10.16 13:18:13.208,8.11677,8.11788,1.00,1.00
2017.10.16 13:18:13.571,8.11677,8.11786,1.00,1.00
2017.10.16 13:18:13.976,8.11677,8.11788,1.00,1.00
2017.10.16 13:18:14.236,8.11677,8.11786,1.00,1.00
2017.10.16 13:18:15.576,8.11677,8.11785,1.00,1.00
2017.10.16 13:18:16.253,8.11677,8.11786,1.00,1.00
2017.10.16 13:18:16.800,8.11673,8.11786,1.00,1.00
2017.10.16 13:18:17.237,8.11673,8.1179,1.00,1.00
2017.10.16 13:18:17.811,8.11673,8.11789,1.00,1.00
2017.10.16 13:18:18.158,8.11657,8.11777,1.00,1.50
2017.10.16 13:18:18.209,8.11649,8.11763,1.00,1.00
2017.10.16 13:18:18.260,8.11646,8.11766,1.00,1.50
2017.10.16 13:18:18.476,8.11646,8.11762,1.00,1.00
2017.10.16 13:18:19.561,8.11652,8.11767,1.00,1.00
2017.10.16 13:18:19.865,8.11652,8.11771,1.00,1.00
2017.10.16 13:18:20.437,8.11651,8.1177,1.00,1.00
2017.10.16 13:18:20.589,8.11651,8.11758,1.00,1.00
2017.10.16 13:18:20.709,8.11643,8.11758,1.00,1.00
2017.10.16 13:18:20.761,8.11639,8.11759,1.00,1.00
2017.10.16 13:18:21.215,8.11643,8.11764,1.00,1.00
2017.10.16 13:18:21.952,8.11643,8.11762,1.00,1.00
2017.10.16 13:18:22.255,8.11512,8.11588,1.00,1.00
2017.10.16 13:18:22.306,8.11461,8.11588,1.67,1.00
2017.10.16 13:18:22.357,8.11461,8.11588,1.00,1.00
2017.10.16 13:18:22.408,8.11461,8.11588,1.67,1.00
2017.10.16 13:18:22.561,8.11481,8.1161,1.00,1.00
2017.10.16 13:18:22.612,8.11478,8.11607,1.00,1.00
2017.10.16 13:18:22.928,8.11486,8.11615,1.00,1.00
2017.10.16 13:18:23.282,8.11499,8.11619,1.00,1.00
2017.10.16 13:18:24.023,8.11498,8.11618,1.00,1.00
2017.10.16 13:18:26.664,8.11498,8.11612,1.00,1.00
2017.10.16 13:18:26.716,8.11489,8.11609,1.67,1.00
2017.10.16 13:18:27.489,8.11486,8.11606,1.67,1.00
2017.10.16 13:18:29.318,8.11477,8.11597,1.67,1.00
2017.10.16 13:18:29.369,8.11469,8.1159,1.67,1.00
2017.10.16 13:18:29.828,8.11494,8.11608,1.00,1.00
2017.10.16 13:18:29.879,8.11476,8.11596,1.67,1.00
2017.10.16 13:18:29.930,8.1148,8.116,1.00,1.00
2017.10.16 13:18:30.578,8.11473,8.11593,1.67,1.00
2017.10.16 13:18:31.638,8.11482,8.11602,1.00,1.00
2017.10.16 13:18:31.840,8.11458,8.11578,1.00,1.00
2017.10.16 13:18:32.217,8.11449,8.11567,1.00,1.00
2017.10.16 13:18:32.907,8.11447,8.11567,1.00,1.00
2017.10.16 13:18:35.582,8.11449,8.11567,1.00,1.00
2017.10.16 13:18:36.691,8.11468,8.11588,1.00,1.00
2017.10.16 13:18:36.792,8.11468,8.11588,1.67,1.00
2017.10.16 13:18:36.894,8.11475,8.11596,1.00,1.00
2017.10.16 13:18:36.996,8.11487,8.11607,1.00,1.00
2017.10.16 13:18:39.200,8.11492,8.11612,1.00,1.00
2017.10.16 13:18:40.076,8.11495,8.11615,1.00,1.00
2017.10.16 13:18:41.689,8.11486,8.11606,1.00,1.00
2017.10.16 13:18:42.047,8.11475,8.11595,1.50,1.00
2017.10.16 13:18:43.552,8.11477,8.11595,1.00,1.00
2017.10.16 13:18:43.889,8.11462,8.11582,1.00,1.00
2017.10.16 13:18:44.381,8.11465,8.11585,1.00,1.00
2017.10.16 13:18:44.818,8.11476,8.11596,1.00,1.00
2017.10.16 13:18:44.869,8.11472,8.11593,1.00,1.00
2017.10.16 13:18:45.601,8.11465,8.11585,1.00,1.00
2017.10.16 13:18:46.943,8.11465,8.11586,1.00,1.00
2017.10.16 13:18:52.454,8.11467,8.11587,1.00,1.00
2017.10.16 13:18:55.106,8.11468,8.11588,1.00,1.00
2017.10.16 13:18:55.967,8.11468,8.11587,1.00,1.00
2017.10.16 13:18:56.362,8.11468,8.11585,1.00,1.00
2017.10.16 13:18:56.589,8.1146,8.11578,1.00,1.00
2017.10.16 13:18:57.427,8.1146,8.11577,1.00,1.00
2017.10.16 13:19:00.263,8.11447,8.11565,1.00,1.00
2017.10.16 13:19:00.314,8.11445,8.11565,1.00,1.00
2017.10.16 13:19:00.631,8.11448,8.11565,1.00,1.00
2017.10.16 13:19:02.022,8.11447,8.11565,1.00,1.00
2017.10.16 13:19:03.208,8.11448,8.11565,1.00,1.00
2017.10.16 13:19:05.814,8.11448,8.11552,1.00,1.00
2017.10.16 13:19:05.867,8.11435,8.11552,1.00,1.00
2017.10.16 13:19:07.131,8.11432,8.11552,1.00,1.00
2017.10.16 13:19:07.304,8.11436,8.11552,1.00,1.00
2017.10.16 13:19:09.813,8.11436,8.11507,1.00,1.00
2017.10.16 13:19:09.864,8.11414,8.11507,1.00,1.00
2017.10.16 13:19:09.916,8.11404,8.11507,1.00,1.00
2017.10.16 13:19:11.071,8.11393,8.11507,1.00,1.00
2017.10.16 13:19:11.122,8.11404,8.11507,1.00,1.00
2017.10.16 13:19:11.173,8.11396,8.11507,1.00,1.00
2017.10.16 13:19:11.224,8.11404,8.11507,1.00,1.00
2017.10.16 13:19:11.535,8.11419,8.11507,1.00,1.00
2017.10.16 13:19:13.063,8.11419,8.11531,1.00,1.00
2017.10.16 13:19:13.296,8.11419,8.11534,1.00,1.00
2017.10.16 13:19:13.949,8.11414,8.11534,1.00,1.00
2017.10.16 13:19:14.000,8.11403,8.11521,1.00,1.00
2017.10.16 13:19:14.102,8.11402,8.11523,1.00,1.00
2017.10.16 13:19:14.260,8.11412,8.11533,1.00,1.00
2017.10.16 13:19:14.689,8.11407,8.11528,1.00,1.00
2017.10.16 13:19:15.088,8.11412,8.11539,1.00,1.00
2017.10.16 13:19:15.646,8.11413,8.11539,1.00,1.00
2017.10.16 13:19:16.858,8.11407,8.11527,1.00,1.00
2017.10.16 13:19:17.641,8.11407,8.11528,1.00,1.00
2017.10.16 13:19:25.168,8.11405,8.11528,1.00,1.00
2017.10.16 13:19:25.753,8.1139,8.11507,1.00,1.00
2017.10.16 13:19:25.855,8.11374,8.11517,1.00,1.00
2017.10.16 13:19:26.229,8.11374,8.11507,1.00,1.00
2017.10.16 13:19:27.937,8.11374,8.11497,1.00,1.00
2017.10.16 13:19:30.595,8.11374,8.11495,1.00,1.00
2017.10.16 13:19:30.646,8.1135,8.11476,1.00,1.00
2017.10.16 13:19:30.748,8.11344,8.11467,1.00,1.00
2017.10.16 13:19:30.849,8.1134,8.11467,1.00,1.00
2017.10.16 13:19:31.281,8.11336,8.11467,1.00,1.00
2017.10.16 13:19:31.651,8.11332,8.11461,1.00,1.00
2017.10.16 13:19:31.881,8.11321,8.11453,1.00,1.00
2017.10.16 13:19:32.053,8.11331,8.11457,1.00,1.00
2017.10.16 13:19:35.496,8.11339,8.11467,1.00,1.00
2017.10.16 13:19:36.734,8.11335,8.11467,1.00,1.50
2017.10.16 13:19:36.785,8.11341,8.11467,1.00,1.00
2017.10.16 13:19:37.463,8.1134,8.11467,1.00,1.00
2017.10.16 13:19:37.807,8.11345,8.11475,1.00,1.00
2017.10.16 13:19:37.971,8.11341,8.1147,1.00,1.00
2017.10.16 13:19:38.438,8.11347,8.11476,1.00,1.00
2017.10.16 13:19:38.923,8.11344,8.11472,1.00,1.00
2017.10.16 13:19:39.584,8.1134,8.11467,1.00,1.00
2017.10.16 13:19:40.195,8.1134,8.1147,1.00,1.00
2017.10.16 13:19:40.628,8.1134,8.11467,1.00,1.00
2017.10.16 13:19:41.029,8.11337,8.11464,1.00,1.00
2017.10.16 13:19:41.735,8.11333,8.11463,1.00,1.00
2017.10.16 13:19:41.786,8.11332,8.11461,1.00,1.00
2017.10.16 13:19:42.176,8.11337,8.11464,1.00,1.00
2017.10.16 13:19:44.442,8.11331,8.11461,1.00,1.00
2017.10.16 13:19:45.740,8.11331,8.11457,1.00,1.00
2017.10.16 13:19:47.214,8.11342,8.11468,1.00,1.00
2017.10.16 13:19:47.568,8.11346,8.11472,1.00,1.00
2017.10.16 13:19:47.879,8.11335,8.11457,1.00,1.00
2017.10.16 13:19:48.882,8.11335,8.11459,1.00,1.00
2017.10.16 13:19:49.742,8.11333,8.11459,1.00,1.00
2017.10.16 13:19:52.678,8.11333,8.11457,1.00,1.00
2017.10.16 13:19:55.225,8.11331,8.11455,1.00,1.00
2017.10.16 13:19:59.761,8.1133,8.11452,1.00,1.00
2017.10.16 13:20:00.042,8.11331,8.11455,1.00,1.00
2017.10.16 13:20:00.253,8.11315,8.11439,1.00,1.00
2017.10.16 13:20:00.602,8.11311,8.11435,1.00,1.00
2017.10.16 13:20:01.143,8.11312,8.11424,1.00,1.00
2017.10.16 13:20:02.105,8.11313,8.11427,1.00,1.00
2017.10.16 13:20:02.376,8.11309,8.11423,1.00,1.00
2017.10.16 13:20:05.267,8.11321,8.11435,1.00,1.00
2017.10.16 13:20:05.605,8.11331,8.11444,1.00,1.00
2017.10.16 13:20:05.656,8.11334,8.11448,1.00,1.00
2017.10.16 13:20:05.858,8.11337,8.11451,1.00,1.00
2017.10.16 13:20:06.175,8.11346,8.1146,1.00,1.00
2017.10.16 13:20:06.773,8.11347,8.11461,1.00,1.00
2017.10.16 13:20:08.505,8.11353,8.11465,1.00,1.00
2017.10.16 13:20:08.556,8.11347,8.11461,1.00,1.00
2017.10.16 13:20:08.759,8.11343,8.11457,1.00,1.00
2017.10.16 13:20:09.636,8.11345,8.11459,1.00,1.00
2017.10.16 13:20:10.267,8.11343,8.11456,1.00,1.00
2017.10.16 13:20:10.927,8.11341,8.11455,1.00,1.00
2017.10.16 13:20:11.857,8.11336,8.11449,1.00,1.00
2017.10.16 13:20:11.959,8.11338,8.11452,1.00,1.00
2017.10.16 13:20:12.074,8.11342,8.11456,1.00,1.00
2017.10.16 13:20:12.419,8.11326,8.1144,1.00,1.00
2017.10.16 13:20:12.899,8.11331,8.11445,1.00,1.00
2017.10.16 13:20:16.938,8.11334,8.11448,1.00,1.00
2017.10.16 13:20:19.292,8.11348,8.11462,1.00,1.00
2017.10.16 13:20:19.617,8.11352,8.11465,1.00,1.00
2017.10.16 13:20:21.168,8.11348,8.11461,1.00,1.00
2017.10.16 13:20:21.220,8.11344,8.11458,1.00,1.00
2017.10.16 13:20:21.548,8.11348,8.11461,1.00,1.00
2017.10.16 13:20:21.599,8.11351,8.11465,1.00,1.00
2017.10.16 13:20:21.801,8.11347,8.11461,1.00,1.00
2017.10.16 13:20:22.274,8.11343,8.11457,1.00,1.00
2017.10.16 13:20:22.645,8.11345,8.11459,1.00,1.00
2017.10.16 13:20:23.560,8.1134,8.11454,1.00,1.00
2017.10.16 13:20:25.297,8.11338,8.11452,1.00,1.00
2017.10.16 13:20:26.222,8.11352,8.11466,1.00,1.00
2017.10.16 13:20:26.577,8.1135,8.11464,1.00,1.00
2017.10.16 13:20:26.879,8.11352,8.11465,1.00,1.00
2017.10.16 13:20:26.993,8.11354,8.11468,1.00,1.00
2017.10.16 13:20:27.886,8.11348,8.11462,1.00,1.00
2017.10.16 13:20:30.160,8.11359,8.11473,1.00,1.00
2017.10.16 13:20:30.679,8.11368,8.11481,1.00,1.00
2017.10.16 13:20:30.831,8.1137,8.11484,1.00,1.00
2017.10.16 13:20:30.933,8.11374,8.11486,1.00,1.00
2017.10.16 13:20:31.370,8.1138,8.11487,1.00,1.00
2017.10.16 13:20:37.675,8.11372,8.11486,1.00,1.00
2017.10.16 13:20:39.335,8.11366,8.1148,1.00,1.00
2017.10.16 13:20:40.098,8.1136,8.11474,1.00,1.00
2017.10.16 13:20:45.837,8.11365,8.11479,1.00,1.00
2017.10.16 13:20:47.195,8.11364,8.11478,1.00,1.00
2017.10.16 13:20:51.242,8.11364,8.11475,1.00,1.00
2017.10.16 13:20:51.394,8.11356,8.1147,1.00,1.00
2017.10.16 13:20:52.705,8.11355,8.11469,1.00,1.00
2017.10.16 13:20:55.379,8.11357,8.11471,1.00,1.00
2017.10.16 13:20:58.168,8.1136,8.11474,1.00,1.00
2017.10.16 13:20:58.688,8.11357,8.11469,1.00,1.00
2017.10.16 13:20:59.010,8.11345,8.11457,1.00,1.00
2017.10.16 13:20:59.481,8.11358,8.11469,1.00,1.00
2017.10.16 13:21:00.138,8.11362,8.11469,1.00,1.00
2017.10.16 13:21:00.867,8.1136,8.11469,1.00,1.00
2017.10.16 13:21:02.226,8.11364,8.11469,1.00,1.00
2017.10.16 13:21:02.782,8.11364,8.11476,1.00,1.00
2017.10.16 13:21:03.163,8.11364,8.11471,1.00,1.00
2017.10.16 13:21:06.063,8.11364,8.11478,1.00,1.00
2017.10.16 13:21:06.114,8.11382,8.11487,1.00,1.00
2017.10.16 13:21:06.165,8.11375,8.11487,1.00,1.00
2017.10.16 13:21:06.576,8.11364,8.11478,1.00,1.00
2017.10.16 13:21:06.628,8.11302,8.11416,1.50,1.00
2017.10.16 13:21:06.933,8.11255,8.11369,1.00,1.00
2017.10.16 13:21:07.255,8.11243,8.11357,1.00,1.00
2017.10.16 13:21:07.681,8.11235,8.11348,1.00,1.00
2017.10.16 13:21:08.129,8.11239,8.11353,1.00,1.00
2017.10.16 13:21:10.620,8.11228,8.11342,1.00,1.00
2017.10.16 13:21:11.400,8.1122,8.11334,1.00,1.00
2017.10.16 13:21:12.845,8.1122,8.1134,1.00,1.00
2017.10.16 13:21:13.715,8.1122,8.11351,1.00,1.00
2017.10.16 13:21:15.030,8.1122,8.11358,1.00,1.00
2017.10.16 13:21:15.081,8.1122,8.11362,1.00,1.50
2017.10.16 13:21:15.553,8.11229,8.11362,1.00,1.00
2017.10.16 13:21:16.375,8.11218,8.11362,1.00,1.00
2017.10.16 13:21:16.426,8.11218,8.1136,1.00,1.00
2017.10.16 13:21:17.189,8.11227,8.11362,1.00,1.00
2017.10.16 13:21:17.493,8.11336,8.11424,1.00,1.00
2017.10.16 13:21:17.544,8.11336,8.11473,1.00,1.00
2017.10.16 13:21:17.646,8.11336,8.11475,1.00,1.00
2017.10.16 13:21:17.697,8.11334,8.11475,1.00,1.00
2017.10.16 13:21:17.950,8.11344,8.11475,1.00,1.00
2017.10.16 13:21:18.230,8.11334,8.11475,1.00,1.00
2017.10.16 13:21:19.117,8.11343,8.11475,1.00,1.00
2017.10.16 13:21:23.183,8.11344,8.11475,1.00,1.00
2017.10.16 13:21:23.285,8.11353,8.11496,1.00,1.00
2017.10.16 13:21:23.645,8.11361,8.11496,1.00,1.00
2017.10.16 13:21:26.350,8.11384,8.11514,1.00,1.00
2017.10.16 13:21:26.401,8.11401,8.11532,1.00,1.00
2017.10.16 13:21:26.452,8.11403,8.11538,1.00,1.00
2017.10.16 13:21:26.553,8.1141,8.11538,1.00,1.00
2017.10.16 13:21:26.654,8.1141,8.11553,1.00,1.00
2017.10.16 13:21:26.820,8.1141,8.11541,1.00,1.00
2017.10.16 13:21:26.925,8.1141,8.11553,1.00,1.00
2017.10.16 13:21:27.765,8.11414,8.11553,1.00,1.00
2017.10.16 13:21:29.114,8.11414,8.11563,1.00,1.50
2017.10.16 13:21:29.215,8.11425,8.11563,1.00,1.50
2017.10.16 13:21:29.794,8.11425,8.11562,1.00,1.00
2017.10.16 13:21:30.350,8.11425,8.11563,1.00,1.00
2017.10.16 13:21:30.401,8.11407,8.11559,1.00,1.50
2017.10.16 13:21:30.503,8.11407,8.11556,1.00,1.00
2017.10.16 13:21:30.978,8.11409,8.11556,1.00,1.00
2017.10.16 13:21:31.379,8.11409,8.11554,1.00,1.00
2017.10.16 13:21:31.700,8.11409,8.11543,1.00,1.00
2017.10.16 13:21:36.144,8.11409,8.11527,1.00,1.00
2017.10.16 13:21:36.195,8.11405,8.11527,1.00,1.00
2017.10.16 13:21:36.707,8.11406,8.11527,1.00,1.00
2017.10.16 13:21:37.529,8.11401,8.11527,1.00,1.00
2017.10.16 13:21:37.580,8.11401,8.11537,1.00,1.00
2017.10.16 13:21:37.682,8.11403,8.11537,1.00,1.00
2017.10.16 13:21:37.840,8.11399,8.11537,1.00,1.00
2017.10.16 13:21:39.248,8.11399,8.11527,1.00,1.00
2017.10.16 13:21:40.446,8.11396,8.11527,1.00,1.00
2017.10.16 13:21:40.733,8.11412,8.11537,1.00,1.00
2017.10.16 13:21:40.784,8.11408,8.11537,1.00,1.00
2017.10.16 13:21:40.836,8.11408,8.11541,1.00,1.00
2017.10.16 13:21:40.938,8.11408,8.11537,1.00,1.00
2017.10.16 13:21:42.240,8.11408,8.11541,1.00,1.00
2017.10.16 13:21:42.341,8.11415,8.11541,1.00,1.00
2017.10.16 13:21:42.595,8.11419,8.11547,1.00,1.00
2017.10.16 13:21:45.984,8.1142,8.11547,1.00,1.00
2017.10.16 13:21:47.316,8.11422,8.11547,1.00,1.00
2017.10.16 13:21:47.544,8.11422,8.11557,1.00,1.00
2017.10.16 13:21:48.185,8.11423,8.11557,1.00,1.00
2017.10.16 13:21:48.614,8.11403,8.11557,1.00,1.00
2017.10.16 13:21:48.728,8.11422,8.11557,1.00,1.00
2017.10.16 13:21:50.275,8.11403,8.11557,1.00,1.00
2017.10.16 13:21:52.977,8.11403,8.11563,1.00,1.00
2017.10.16 13:21:53.200,8.11405,8.11563,1.00,1.00
2017.10.16 13:21:53.706,8.11405,8.11546,1.00,1.00
2017.10.16 13:21:56.174,8.11403,8.11546,1.00,1.00
2017.10.16 13:21:58.708,8.11417,8.11546,1.00,1.00
2017.10.16 13:21:59.013,8.11425,8.11546,1.00,1.00
2017.10.16 13:21:59.234,8.11413,8.11546,1.00,1.00
2017.10.16 13:21:59.441,8.11416,8.11546,1.00,1.00
2017.10.16 13:22:00.736,8.11412,8.11546,1.00,1.00
2017.10.16 13:22:01.366,8.11413,8.11546,1.00,1.00
2017.10.16 13:22:02.392,8.1142,8.11546,1.00,1.00
2017.10.16 13:22:02.444,8.1142,8.11557,1.00,1.00
2017.10.16 13:22:02.545,8.11411,8.11541,1.00,1.00
2017.10.16 13:22:02.905,8.11406,8.11541,1.00,1.00
2017.10.16 13:22:05.684,8.11409,8.11541,1.00,1.00
2017.10.16 13:22:06.344,8.11416,8.11541,1.00,1.00
2017.10.16 13:22:08.066,8.11412,8.11541,1.00,1.00
2017.10.16 13:22:08.219,8.11412,8.11557,1.00,1.00
2017.10.16 13:22:08.320,8.11412,8.1154,1.00,1.00
2017.10.16 13:22:10.445,8.11403,8.11527,1.00,1.00
2017.10.16 13:22:10.775,8.11405,8.11527,1.00,1.00
2017.10.16 13:22:11.963,8.11405,8.11536,1.00,1.00
2017.10.16 13:22:13.488,8.11405,8.11537,1.00,1.00
2017.10.16 13:22:16.017,8.11407,8.11537,1.00,1.00
2017.10.16 13:22:17.412,8.11408,8.11537,1.00,1.00
2017.10.16 13:22:19.455,8.11411,8.11537,1.00,1.00
2017.10.16 13:22:19.773,8.11408,8.11527,1.00,1.00
2017.10.16 13:22:20.526,8.11443,8.11527,1.00,1.00
2017.10.16 13:22:20.577,8.11449,8.11571,1.00,1.00
2017.10.16 13:22:20.629,8.11445,8.11571,1.00,1.00
2017.10.16 13:22:21.087,8.11456,8.11571,1.00,1.00
2017.10.16 13:22:21.358,8.1145,8.11571,1.00,1.00
2017.10.16 13:22:21.409,8.11438,8.11571,1.00,1.00
2017.10.16 13:22:21.511,8.1143,8.11553,1.00,1.00
2017.10.16 13:22:23.377,8.1143,8.11565,1.00,1.00
2017.10.16 13:22:24.038,8.11431,8.11565,1.00,1.00
2017.10.16 13:22:25.539,8.11432,8.11565,1.00,1.00
2017.10.16 13:22:27.913,8.11435,8.11565,1.00,1.00
2017.10.16 13:22:28.218,8.11432,8.11548,1.00,1.00
2017.10.16 13:22:28.621,8.11435,8.11548,1.00,1.00
2017.10.16 13:22:29.129,8.11422,8.11548,1.00,1.00
2017.10.16 13:22:29.231,8.11422,8.11536,1.00,1.00
2017.10.16 13:22:29.651,8.11422,8.11549,1.00,1.00
2017.10.16 13:22:30.654,8.11417,8.11549,1.00,1.00
2017.10.16 13:22:30.806,8.11424,8.11549,1.00,1.00
2017.10.16 13:22:31.593,8.11423,8.11549,1.00,1.00
2017.10.16 13:22:31.914,8.11423,8.11537,1.00,1.00
2017.10.16 13:22:34.565,8.11423,8.11536,1.00,1.00
2017.10.16 13:22:34.810,8.11427,8.11547,1.00,1.00
2017.10.16 13:22:34.861,8.11432,8.11547,1.00,1.00
2017.10.16 13:22:35.163,8.11438,8.11547,1.00,1.00
2017.10.16 13:22:36.121,8.11438,8.11557,1.00,1.00
2017.10.16 13:22:37.965,8.11433,8.11557,1.00,1.00
2017.10.16 13:22:38.602,8.11434,8.11564,1.00,1.00
2017.10.16 13:22:38.653,8.1144,8.11564,1.00,1.00
2017.10.16 13:22:38.957,8.11445,8.11554,1.00,1.00
2017.10.16 13:22:39.009,8.11418,8.11539,1.00,1.00
2017.10.16 13:22:39.060,8.11405,8.11539,1.00,1.00
2017.10.16 13:22:39.111,8.11396,8.11512,1.00,1.00
2017.10.16 13:22:39.163,8.11389,8.11512,1.00,1.00
2017.10.16 13:22:39.214,8.11378,8.1149,1.00,1.00
2017.10.16 13:22:39.405,8.11366,8.11479,1.00,1.00
2017.10.16 13:22:39.457,8.11353,8.11469,1.00,1.00
2017.10.16 13:22:39.508,8.11341,8.11469,1.00,1.00
2017.10.16 13:22:39.995,8.1135,8.11469,1.00,1.00
2017.10.16 13:22:40.046,8.11341,8.11469,1.00,1.00
2017.10.16 13:22:40.278,8.11335,8.11469,1.00,1.00
2017.10.16 13:22:41.100,8.11341,8.11469,1.00,1.00
2017.10.16 13:22:42.622,8.11356,8.1148,1.00,1.00
2017.10.16 13:22:42.828,8.11369,8.11503,1.00,1.00
2017.10.16 13:22:43.565,8.11376,8.11503,1.00,1.00
2017.10.16 13:22:44.233,8.11367,8.11503,1.00,1.00
2017.10.16 13:22:45.004,8.11374,8.11505,1.50,1.00
2017.10.16 13:22:45.585,8.11374,8.11506,1.00,1.00
2017.10.16 13:22:49.130,8.11381,8.11519,1.00,1.00
2017.10.16 13:22:49.181,8.1139,8.11519,1.00,1.00
2017.10.16 13:22:49.232,8.11381,8.11519,1.00,1.00
2017.10.16 13:22:49.435,8.1141,8.1153,1.00,1.00
2017.10.16 13:22:49.486,8.11391,8.1153,1.00,1.00
2017.10.16 13:22:49.537,8.11391,8.11517,1.00,1.00
2017.10.16 13:22:50.689,8.1139,8.11517,1.00,1.00
2017.10.16 13:22:50.740,8.11381,8.11517,1.00,1.00
2017.10.16 13:22:50.792,8.11391,8.11517,1.00,1.00
2017.10.16 13:22:54.630,8.11391,8.11507,1.00,1.00
2017.10.16 13:22:55.316,8.11391,8.11517,1.00,1.00
2017.10.16 13:22:56.005,8.11397,8.11529,1.00,1.00
2017.10.16 13:22:56.057,8.114,8.11529,1.00,1.00
2017.10.16 13:22:57.258,8.11415,8.11529,1.00,1.00
2017.10.16 13:22:57.360,8.11435,8.11551,1.00,1.00
2017.10.16 13:22:57.629,8.11431,8.11551,1.00,1.00
2017.10.16 13:22:57.680,8.11421,8.11551,1.00,1.00
2017.10.16 13:22:59.299,8.11421,8.1154,1.00,1.00
2017.10.16 13:23:01.107,8.11422,8.1154,1.00,1.00
2017.10.16 13:23:07.975,8.11421,8.1154,1.00,1.00
2017.10.16 13:23:09.174,8.11417,8.1154,1.50,1.00
2017.10.16 13:23:09.277,8.11417,8.1155,1.00,1.00
2017.10.16 13:23:09.720,8.11417,8.11538,1.00,1.00
2017.10.16 13:23:10.191,8.11423,8.11538,1.00,1.00
2017.10.16 13:23:10.731,8.11422,8.11538,1.00,1.00
2017.10.16 13:23:13.232,8.11418,8.11538,1.00,1.00
2017.10.16 13:23:16.137,8.11417,8.11538,1.00,1.00
2017.10.16 13:23:17.855,8.11419,8.11538,1.00,1.00
2017.10.16 13:23:21.960,8.11411,8.11538,1.00,1.00
2017.10.16 13:23:22.011,8.11408,8.11538,1.00,1.00
2017.10.16 13:23:22.835,8.11406,8.11538,1.00,1.00
2017.10.16 13:23:23.528,8.11405,8.11538,1.00,1.00
2017.10.16 13:23:24.106,8.11405,8.11541,1.00,1.27
2017.10.16 13:23:24.698,8.11409,8.11546,1.00,1.00
2017.10.16 13:23:24.898,8.11414,8.11551,1.00,1.27
2017.10.16 13:23:25.656,8.11417,8.11551,1.00,1.00
2017.10.16 13:23:31.205,8.11417,8.11554,1.00,1.00
2017.10.16 13:23:32.526,8.11418,8.11554,1.00,1.00
2017.10.16 13:23:37.152,8.11418,8.11556,1.00,1.00
2017.10.16 13:23:38.934,8.11418,8.11556,1.00,1.52
2017.10.16 13:23:40.689,8.11415,8.11556,1.00,1.52
2017.10.16 13:23:47.250,8.11415,8.11556,1.00,1.00
2017.10.16 13:23:47.565,8.11417,8.11556,1.00,1.00
2017.10.16 13:23:47.617,8.11396,8.11547,1.00,1.52
2017.10.16 13:23:47.719,8.11414,8.11541,1.00,1.00
2017.10.16 13:23:47.922,8.11427,8.11564,1.00,1.52
2017.10.16 13:23:48.840,8.11433,8.11567,1.00,1.52
2017.10.16 13:23:48.891,8.11426,8.11562,1.00,1.52
2017.10.16 13:23:48.942,8.11435,8.11562,1.00,1.52
2017.10.16 13:23:49.227,8.11416,8.11553,1.50,1.00
2017.10.16 13:23:49.278,8.11416,8.11547,1.00,1.00
2017.10.16 13:23:50.354,8.11398,8.11534,1.00,1.00
2017.10.16 13:23:52.137,8.11415,8.11544,1.00,1.00
2017.10.16 13:23:53.113,8.11415,8.11551,1.00,1.52
2017.10.16 13:23:55.170,8.11415,8.11548,1.00,1.00
2017.10.16 13:23:55.271,8.11415,8.11544,1.00,1.00
2017.10.16 13:23:56.003,8.11415,8.11538,1.00,1.00
2017.10.16 13:23:57.153,8.11403,8.11538,1.00,1.00
2017.10.16 13:23:57.993,8.11414,8.11538,1.00,1.00
2017.10.16 13:23:58.258,8.11414,8.11541,1.00,1.00
2017.10.16 13:24:02.040,8.11414,8.11537,1.00,1.00
2017.10.16 13:24:02.434,8.11414,8.11529,1.00,1.00
2017.10.16 13:24:03.036,8.11414,8.11528,1.00,1.00
2017.10.16 13:24:04.023,8.11414,8.11525,1.00,1.00
2017.10.16 13:24:05.041,8.11375,8.11502,1.00,1.00
2017.10.16 13:24:05.092,8.11375,8.11497,1.00,1.00
2017.10.16 13:24:05.143,8.11357,8.11483,1.00,1.00
2017.10.16 13:24:05.195,8.11356,8.11481,1.00,1.00
2017.10.16 13:24:05.500,8.11356,8.11472,1.00,1.00
2017.10.16 13:24:07.400,8.11356,8.11469,1.00,1.00
2017.10.16 13:24:08.136,8.11356,8.11471,1.00,1.00
2017.10.16 13:24:10.112,8.11356,8.11467,1.00,1.00
2017.10.16 13:24:14.221,8.11333,8.11462,1.00,1.00
2017.10.16 13:24:14.272,8.11333,8.11452,1.00,1.00
2017.10.16 13:24:14.526,8.1131,8.11439,1.00,1.00
2017.10.16 13:24:14.655,8.11329,8.11454,1.00,1.00
2017.10.16 13:24:15.381,8.11329,8.11458,1.00,1.00
2017.10.16 13:24:16.050,8.11329,8.11458,1.00,1.52
2017.10.16 13:24:16.101,8.11329,8.1145,1.00,1.00
2017.10.16 13:24:16.304,8.11349,8.11479,1.00,1.00
2017.10.16 13:24:16.355,8.11364,8.11479,1.00,1.00
2017.10.16 13:24:16.507,8.11376,8.11512,1.00,1.52
2017.10.16 13:24:16.558,8.11376,8.11512,1.00,1.00
2017.10.16 13:24:16.610,8.1138,8.11516,1.00,1.00
2017.10.16 13:24:17.260,8.11364,8.11498,1.00,1.00
2017.10.16 13:24:17.311,8.11359,8.11495,1.00,1.00
2017.10.16 13:24:17.362,8.1135,8.11486,1.00,1.00
2017.10.16 13:24:17.414,8.11342,8.1148,1.00,1.00
2017.10.16 13:24:17.465,8.11326,8.11462,1.00,1.00
2017.10.16 13:24:17.769,8.11305,8.11441,1.00,1.00
2017.10.16 13:24:18.162,8.11318,8.11446,1.00,1.00
2017.10.16 13:24:18.509,8.11318,8.11442,1.00,1.00
2017.10.16 13:24:19.067,8.11318,8.11442,1.00,1.52
2017.10.16 13:24:20.480,8.11318,8.11431,1.00,1.00
2017.10.16 13:24:21.222,8.11299,8.11428,1.00,1.00
2017.10.16 13:24:21.894,8.11298,8.11427,1.00,1.00
2017.10.16 13:24:22.958,8.11296,8.11422,1.00,1.00
2017.10.16 13:24:24.490,8.11296,8.11418,1.00,1.00
2017.10.16 13:24:40.806,8.11296,8.11419,1.00,1.00
2017.10.16 13:24:49.144,8.11296,8.11423,1.50,1.00
2017.10.16 13:24:49.195,8.11296,8.11419,1.00,1.00
2017.10.16 13:24:50.582,8.11296,8.11414,1.00,1.00
2017.10.16 13:24:50.735,8.11275,8.11396,1.00,1.00
2017.10.16 13:24:52.957,8.11275,8.11392,1.00,1.00
2017.10.16 13:24:53.269,8.11275,8.1139,1.00,1.00
2017.10.16 13:24:53.371,8.1119,8.11318,1.00,1.00
2017.10.16 13:24:53.422,8.11177,8.113,1.00,1.00
2017.10.16 13:24:53.523,8.11147,8.11275,1.00,1.00
2017.10.16 13:24:53.574,8.11137,8.11275,1.00,2.10
2017.10.16 13:24:53.625,8.1112,8.11257,1.50,1.00
2017.10.16 13:24:53.676,8.1112,8.11236,1.00,1.00
2017.10.16 13:24:53.777,8.11086,8.11209,1.00,1.60
2017.10.16 13:24:53.828,8.11079,8.11209,1.00,1.60
2017.10.16 13:24:54.221,8.11051,8.11183,1.00,1.00
2017.10.16 13:24:54.323,8.11036,8.11183,1.50,1.00
2017.10.16 13:24:54.374,8.1103,8.11173,1.00,1.00
2017.10.16 13:24:54.678,8.11035,8.11181,1.00,1.52
2017.10.16 13:24:54.982,8.11078,8.11214,1.00,1.00
2017.10.16 13:24:55.235,8.11086,8.11224,1.00,1.00
2017.10.16 13:24:55.598,8.11095,8.11233,1.00,1.52
2017.10.16 13:24:55.649,8.11095,8.11233,1.00,1.00
2017.10.16 13:24:55.701,8.11104,8.11242,1.00,1.52
2017.10.16 13:24:55.752,8.11104,8.11242,1.00,1.00
2017.10.16 13:24:55.845,8.11106,8.11242,1.00,1.00
2017.10.16 13:24:57.876,8.11115,8.11253,1.00,1.00
2017.10.16 13:24:59.216,8.11115,8.11253,1.00,1.52
2017.10.16 13:24:59.267,8.11111,8.11248,1.00,1.00
2017.10.16 13:24:59.492,8.11114,8.11252,1.00,1.52
2017.10.16 13:25:00.066,8.11111,8.11248,1.00,1.00
2017.10.16 13:25:00.853,8.11104,8.11231,1.00,1.00
2017.10.16 13:25:00.904,8.11106,8.11234,1.00,1.00
2017.10.16 13:25:00.954,8.11125,8.11253,1.00,1.52
2017.10.16 13:25:01.005,8.11134,8.11262,1.00,1.52
2017.10.16 13:25:01.056,8.11145,8.11269,1.00,1.52
2017.10.16 13:25:01.107,8.11145,8.11269,1.00,1.00
2017.10.16 13:25:01.158,8.11145,8.11271,1.00,1.00
2017.10.16 13:25:01.839,8.11153,8.11281,1.00,1.00
2017.10.16 13:25:01.941,8.11166,8.11296,1.00,1.00
2017.10.16 13:25:02.093,8.11166,8.11304,1.50,1.00
2017.10.16 13:25:02.196,8.11175,8.11313,1.00,1.87
2017.10.16 13:25:02.298,8.11175,8.11313,1.00,1.00
2017.10.16 13:25:02.349,8.11186,8.11313,1.00,1.00
2017.10.16 13:25:02.400,8.11186,8.11321,1.00,1.00
2017.10.16 13:25:02.523,8.11206,8.11321,1.00,1.00
2017.10.16 13:25:02.575,8.11206,8.11339,1.00,1.00
2017.10.16 13:25:02.728,8.11206,8.11337,1.00,1.00
2017.10.16 13:25:02.830,8.11208,8.11346,1.00,1.00
2017.10.16 13:25:03.334,8.11207,8.11346,1.00,1.00
2017.10.16 13:25:03.710,8.11218,8.11357,1.00,1.00
2017.10.16 13:25:03.761,8.11208,8.11348,1.00,1.00
2017.10.16 13:25:03.813,8.11217,8.11356,1.00,1.00
2017.10.16 13:25:04.161,8.11208,8.11347,1.00,1.00
2017.10.16 13:25:05.146,8.11208,8.11346,1.00,1.00
2017.10.16 13:25:05.652,8.11206,8.11338,1.00,1.00
2017.10.16 13:25:06.829,8.11206,8.11329,1.00,1.00
2017.10.16 13:25:06.981,8.11182,8.1132,1.00,1.00
2017.10.16 13:25:07.032,8.11173,8.11312,1.50,1.00
2017.10.16 13:25:07.083,8.11168,8.11302,1.00,1.00
2017.10.16 13:25:07.286,8.11155,8.11294,1.00,1.00
2017.10.16 13:25:08.205,8.11153,8.1129,1.00,1.00
2017.10.16 13:25:10.857,8.11154,8.11293,1.00,1.00
2017.10.16 13:25:12.828,8.11207,8.1132,1.00,1.00
2017.10.16 13:25:12.930,8.11197,8.1132,1.00,1.00
2017.10.16 13:25:13.085,8.11197,8.11327,1.00,1.00
2017.10.16 13:25:13.135,8.11189,8.11318,1.00,1.00
2017.10.16 13:25:13.477,8.11208,8.11336,1.00,1.00
2017.10.16 13:25:13.528,8.11206,8.11336,1.00,1.00
2017.10.16 13:25:13.680,8.11206,8.11322,1.00,1.00
2017.10.16 13:25:13.781,8.11193,8.11322,1.00,1.00
2017.10.16 13:25:13.832,8.11175,8.11304,1.00,1.00
2017.10.16 13:25:14.151,8.11168,8.11296,1.00,1.00
2017.10.16 13:25:14.544,8.11217,8.11315,1.00,1.00
2017.10.16 13:25:14.595,8.11208,8.11345,1.00,1.00
2017.10.16 13:25:14.798,8.11208,8.11358,1.00,1.00
2017.10.16 13:25:14.849,8.11227,8.11358,1.00,1.00
2017.10.16 13:25:14.900,8.11227,8.11376,1.00,1.27
2017.10.16 13:25:14.951,8.11208,8.11367,1.00,1.52
2017.10.16 13:25:15.002,8.11226,8.11376,1.00,1.52
2017.10.16 13:25:15.103,8.11226,8.11365,1.00,1.00
2017.10.16 13:25:15.347,8.11226,8.11365,1.00,1.52
2017.10.16 13:25:15.787,8.11194,8.1134,1.00,1.00
2017.10.16 13:25:16.041,8.11194,8.1134,1.00,1.52
2017.10.16 13:25:16.431,8.11168,8.11297,1.00,1.00
2017.10.16 13:25:16.865,8.11168,8.11289,1.00,1.00
2017.10.16 13:25:17.395,8.11161,8.11283,1.00,1.00
2017.10.16 13:25:21.907,8.1116,8.11281,1.00,1.00
2017.10.16 13:25:23.249,8.11157,8.11278,1.00,1.00
2017.10.16 13:25:23.352,8.1116,8.11293,1.00,1.00
2017.10.16 13:25:25.886,8.11162,8.11295,1.00,1.00
2017.10.16 13:25:27.021,8.11167,8.113,1.00,1.00
2017.10.16 13:25:27.517,8.11163,8.11294,1.00,1.00
2017.10.16 13:25:28.752,8.1118,8.11313,1.00,1.00
2017.10.16 13:25:30.157,8.11242,8.11355,1.00,1.00
2017.10.16 13:25:30.208,8.11244,8.11366,1.00,1.00
2017.10.16 13:25:30.259,8.11236,8.11357,1.00,1.00
2017.10.16 13:25:30.562,8.11234,8.11355,1.00,1.00
2017.10.16 13:25:30.664,8.11224,8.11346,1.00,1.00
2017.10.16 13:25:31.397,8.11223,8.11345,1.00,1.00
2017.10.16 13:25:31.722,8.11222,8.11343,1.00,1.00
2017.10.16 13:25:31.874,8.11205,8.11343,1.00,1.00
2017.10.16 13:25:32.789,8.11207,8.11345,1.00,1.00
2017.10.16 13:25:33.484,8.11205,8.11327,1.00,1.00
2017.10.16 13:25:33.788,8.11151,8.11272,1.00,1.00
2017.10.16 13:25:34.092,8.11128,8.11249,1.00,1.00
2017.10.16 13:25:34.402,8.1112,8.11237,1.00,1.00
2017.10.16 13:25:34.909,8.1112,8.11229,1.00,1.00
2017.10.16 13:25:38.183,8.11173,8.11288,1.00,1.00
2017.10.16 13:25:38.234,8.11154,8.1129,1.50,1.00
2017.10.16 13:25:38.284,8.11154,8.11272,1.00,1.00
2017.10.16 13:25:38.336,8.11137,8.11258,1.00,1.00
2017.10.16 13:25:38.387,8.11116,8.11237,1.00,1.00
2017.10.16 13:25:38.488,8.11117,8.11239,1.00,1.00
2017.10.16 13:25:38.539,8.11108,8.11229,1.00,1.00
2017.10.16 13:25:38.681,8.11096,8.11218,1.00,1.00
2017.10.16 13:25:38.732,8.11093,8.11209,1.00,1.00
2017.10.16 13:25:38.884,8.11098,8.11219,1.00,1.00
2017.10.16 13:25:38.935,8.11096,8.11217,1.00,1.00
2017.10.16 13:25:39.497,8.11106,8.11228,1.00,1.00
2017.10.16 13:25:39.599,8.11115,8.11236,1.00,1.00
2017.10.16 13:25:40.916,8.11117,8.11236,1.00,1.00
2017.10.16 13:25:45.219,8.11106,8.11228,1.00,1.00
2017.10.16 13:25:46.453,8.11111,8.11232,1.00,1.00
2017.10.16 13:25:50.022,8.11112,8.11233,1.00,1.00
2017.10.16 13:25:50.897,8.11102,8.11223,1.00,1.00
2017.10.16 13:25:51.204,8.11101,8.11221,1.00,1.00
2017.10.16 13:25:51.603,8.1111,8.11229,1.00,1.00
2017.10.16 13:25:52.261,8.11114,8.11234,1.00,1.00
2017.10.16 13:25:53.151,8.1112,8.11269,1.00,1.00
2017.10.16 13:25:53.202,8.11203,8.11309,1.00,1.00
2017.10.16 13:25:53.304,8.11244,8.11364,1.00,1.00
2017.10.16 13:25:53.575,8.11261,8.11374,1.00,1.00
2017.10.16 13:25:53.626,8.11264,8.11384,1.00,1.00
2017.10.16 13:25:53.678,8.11284,8.114,1.00,1.00
2017.10.16 13:25:53.728,8.11305,8.11432,1.00,1.00
2017.10.16 13:25:53.779,8.11329,8.11437,1.00,1.00
2017.10.16 13:25:53.830,8.11329,8.11455,1.00,1.00
2017.10.16 13:25:53.932,8.11335,8.11464,1.00,1.00
2017.10.16 13:25:53.984,8.11351,8.11464,1.00,1.00
2017.10.16 13:25:54.035,8.11351,8.11473,1.00,1.00
2017.10.16 13:25:54.086,8.11373,8.11483,1.00,1.00
2017.10.16 13:25:54.137,8.11373,8.11491,1.00,1.00
2017.10.16 13:25:54.188,8.11362,8.11491,1.50,1.00
2017.10.16 13:25:54.340,8.11365,8.11491,1.00,1.00
2017.10.16 13:25:54.442,8.11371,8.115,1.00,1.00
2017.10.16 13:25:55.436,8.11378,8.11508,1.00,1.00
2017.10.16 13:25:55.488,8.1139,8.11519,1.00,1.00
2017.10.16 13:25:55.792,8.114,8.11507,1.00,1.00
2017.10.16 13:25:55.843,8.11378,8.11507,1.00,1.00
2017.10.16 13:25:55.894,8.11391,8.11521,1.00,1.00
2017.10.16 13:25:56.509,8.11383,8.11512,1.00,1.00
2017.10.16 13:25:57.393,8.11403,8.11533,1.00,1.00
2017.10.16 13:25:57.444,8.11394,8.11523,1.00,1.00
2017.10.16 13:25:57.953,8.11393,8.11523,1.00,1.00
2017.10.16 13:25:59.484,8.11384,8.11514,1.00,1.00
2017.10.16 13:25:59.689,8.11324,8.11455,1.00,1.00
2017.10.16 13:25:59.791,8.11315,8.11446,1.00,1.00
2017.10.16 13:26:00.096,8.11258,8.11389,1.00,1.00
2017.10.16 13:26:00.400,8.11242,8.11373,1.00,1.00
2017.10.16 13:26:00.728,8.11254,8.11373,1.00,1.00
2017.10.16 13:26:00.855,8.11242,8.11373,1.00,1.00
2017.10.16 13:26:01.465,8.11245,8.11376,1.00,1.00
2017.10.16 13:26:01.769,8.11235,8.11355,1.00,1.00
2017.10.16 13:26:02.171,8.11225,8.11355,1.00,1.00
2017.10.16 13:26:02.734,8.11224,8.11355,1.00,1.00
2017.10.16 13:26:02.786,8.1123,8.11361,1.00,1.00
2017.10.16 13:26:03.591,8.11234,8.11365,1.00,1.00
2017.10.16 13:26:04.196,8.11238,8.11368,1.00,1.00
2017.10.16 13:26:04.663,8.11246,8.11376,1.00,1.00
2017.10.16 13:26:05.635,8.11248,8.11376,1.00,1.00
2017.10.16 13:26:07.779,8.11248,8.11371,1.00,1.00
2017.10.16 13:26:07.830,8.11248,8.11375,1.00,1.00
2017.10.16 13:26:08.356,8.11251,8.11382,1.00,1.00
2017.10.16 13:26:09.739,8.11259,8.11389,1.00,1.00
2017.10.16 13:26:10.522,8.11264,8.11393,1.00,1.00
2017.10.16 13:26:11.782,8.11272,8.11394,1.00,1.00
2017.10.16 13:26:12.086,8.11296,8.11417,1.00,1.00
2017.10.16 13:26:14.066,8.113,8.11421,1.00,1.00
2017.10.16 13:26:16.487,8.11294,8.11416,1.00,1.00
2017.10.16 13:26:17.336,8.11303,8.11425,1.00,1.00
2017.10.16 13:26:17.858,8.11305,8.11426,1.00,1.00
2017.10.16 13:26:19.857,8.11309,8.11428,1.00,1.00
2017.10.16 13:26:20.345,8.11304,8.11425,1.00,1.00
2017.10.16 13:26:20.447,8.11299,8.1142,1.00,1.00
2017.10.16 13:26:20.981,8.11299,8.11421,1.00,1.00
2017.10.16 13:26:21.869,8.11308,8.1143,1.00,1.00
2017.10.16 13:26:22.207,8.11302,8.11424,1.00,1.00
2017.10.16 13:26:22.618,8.11298,8.11417,1.00,1.00
2017.10.16 13:26:23.102,8.11305,8.11426,1.00,1.00
2017.10.16 13:26:23.204,8.11313,8.11434,1.00,1.00
2017.10.16 13:26:23.516,8.113,8.11421,1.00,1.00
2017.10.16 13:26:24.115,8.11298,8.11418,1.00,1.00
2017.10.16 13:26:26.005,8.11298,8.11419,1.00,1.00
2017.10.16 13:26:27.032,8.11303,8.11425,1.00,1.00
2017.10.16 13:26:27.542,8.11323,8.11444,1.00,1.00
2017.10.16 13:26:27.887,8.11332,8.11444,1.00,1.00
2017.10.16 13:26:28.991,8.11332,8.11447,1.00,1.00
2017.10.16 13:26:29.042,8.11332,8.11452,1.00,1.00
2017.10.16 13:26:30.994,8.11334,8.11455,1.00,1.00
2017.10.16 13:26:31.045,8.11338,8.1146,1.00,1.00
2017.10.16 13:26:31.156,8.11333,8.11454,1.00,1.00
2017.10.16 13:26:31.553,8.11338,8.1146,1.00,1.00
2017.10.16 13:26:32.362,8.11346,8.11465,1.00,1.00
2017.10.16 13:26:32.874,8.11344,8.11465,1.00,1.00
2017.10.16 13:26:33.133,8.11352,8.11474,1.00,1.00
2017.10.16 13:26:33.235,8.11358,8.1148,1.00,1.00
2017.10.16 13:26:33.602,8.11369,8.1149,1.00,1.00
2017.10.16 13:26:38.384,8.11367,8.11489,1.00,1.00
2017.10.16 13:26:39.240,8.11348,8.11469,1.00,1.00
2017.10.16 13:26:39.543,8.11364,8.11485,1.00,1.00
2017.10.16 13:26:39.865,8.1136,8.1148,1.00,1.00
2017.10.16 13:26:39.916,8.11355,8.11477,1.00,1.00
2017.10.16 13:26:40.422,8.11355,8.11476,1.00,1.00
2017.10.16 13:26:40.649,8.11361,8.11482,1.00,1.00
2017.10.16 13:26:41.752,8.11366,8.11487,1.00,1.00
2017.10.16 13:26:46.145,8.1137,8.11484,1.00,1.00
2017.10.16 13:26:46.346,8.11363,8.11484,1.00,1.00
2017.10.16 13:26:46.396,8.1137,8.11484,1.00,1.00
2017.10.16 13:26:46.447,8.11363,8.11484,1.00,1.00
2017.10.16 13:26:46.845,8.11352,8.11473,1.00,1.00
2017.10.16 13:26:48.148,8.11351,8.11468,1.00,1.00
2017.10.16 13:26:48.199,8.11341,8.11462,1.00,1.00
2017.10.16 13:26:48.750,8.11338,8.11459,1.00,1.00
2017.10.16 13:26:49.063,8.11333,8.11454,1.00,1.00
2017.10.16 13:26:49.645,8.11337,8.11458,1.00,1.00
2017.10.16 13:26:51.740,8.11359,8.11478,1.00,1.00
2017.10.16 13:26:51.841,8.1136,8.11481,1.00,1.00
2017.10.16 13:26:51.994,8.11366,8.11487,1.00,1.00
2017.10.16 13:26:52.332,8.11379,8.115,1.00,1.00
2017.10.16 13:26:53.414,8.1138,8.11501,1.00,1.00
2017.10.16 13:26:53.735,8.11388,8.11509,1.00,1.00
2017.10.16 13:26:54.169,8.11385,8.11506,1.00,1.00
2017.10.16 13:26:57.789,8.11394,8.11515,1.00,1.00
2017.10.16 13:26:58.358,8.11377,8.11498,1.00,1.00
2017.10.16 13:26:58.663,8.11403,8.11523,1.00,1.00
2017.10.16 13:26:58.769,8.11411,8.11532,1.00,1.00
2017.10.16 13:26:59.064,8.11416,8.11537,1.00,1.00
2017.10.16 13:26:59.462,8.11412,8.11533,1.00,1.00
2017.10.16 13:26:59.953,8.11416,8.11537,1.00,1.00
2017.10.16 13:27:00.361,8.11403,8.11521,1.00,1.00
2017.10.16 13:27:00.691,8.11422,8.11534,1.00,1.00
2017.10.16 13:27:01.577,8.11422,8.1154,1.00,1.00
2017.10.16 13:27:01.987,8.11419,8.1154,1.00,1.00
2017.10.16 13:27:02.202,8.11422,8.1153,1.00,1.00
2017.10.16 13:27:02.253,8.11441,8.1156,1.00,1.00
2017.10.16 13:27:02.305,8.11443,8.11564,1.00,1.00
2017.10.16 13:27:02.457,8.1146,8.11581,1.00,1.00
2017.10.16 13:27:02.769,8.11441,8.11553,1.00,1.00
2017.10.16 13:27:03.365,8.11432,8.11553,1.00,1.00
2017.10.16 13:27:03.416,8.11423,8.11544,1.00,1.00
2017.10.16 13:27:03.840,8.11422,8.11542,1.00,1.00
2017.10.16 13:27:05.561,8.11426,8.11547,1.00,1.00
2017.10.16 13:27:06.385,8.11422,8.1154,1.00,1.00
2017.10.16 13:27:08.300,8.11422,8.11534,1.00,1.00
2017.10.16 13:27:08.807,8.11422,8.11529,1.00,1.00
2017.10.16 13:27:11.096,8.11422,8.1153,1.00,1.00
2017.10.16 13:27:11.414,8.11422,8.11533,1.00,1.00
2017.10.16 13:27:11.559,8.11412,8.11533,1.00,1.00
2017.10.16 13:27:13.277,8.11417,8.11538,1.00,1.00
2017.10.16 13:27:13.587,8.1142,8.11541,1.00,1.00
2017.10.16 13:27:13.989,8.11425,8.11546,1.00,1.00
2017.10.16 13:27:15.865,8.11417,8.11536,1.00,1.00
2017.10.16 13:27:16.425,8.11414,8.11535,1.00,1.00
2017.10.16 13:27:16.950,8.11415,8.11536,1.00,1.00
2017.10.16 13:27:17.239,8.1142,8.11541,1.00,1.00
2017.10.16 13:27:17.987,8.11421,8.11542,1.00,1.00
2017.10.16 13:27:18.356,8.11423,8.11544,1.00,1.00
2017.10.16 13:27:20.025,8.11417,8.11538,1.00,1.00
2017.10.16 13:27:20.410,8.11415,8.11535,1.00,1.00
2017.10.16 13:27:20.959,8.11414,8.11535,1.50,1.00
2017.10.16 13:27:21.708,8.11414,8.11534,1.00,1.00
2017.10.16 13:27:22.469,8.11414,8.11532,1.00,1.00
2017.10.16 13:27:23.514,8.11419,8.1154,1.00,1.00
2017.10.16 13:27:24.260,8.11416,8.11537,1.00,1.00
2017.10.16 13:27:24.656,8.11414,8.11534,1.00,1.00
2017.10.16 13:27:28.152,8.11431,8.1155,1.00,1.00
2017.10.16 13:27:28.315,8.11449,8.11569,1.00,1.00
2017.10.16 13:27:28.981,8.11448,8.11569,1.00,1.00
2017.10.16 13:27:29.173,8.1143,8.11551,1.50,1.00
2017.10.16 13:27:29.523,8.11415,8.11536,1.00,1.00
2017.10.16 13:27:30.346,8.11411,8.11529,1.00,1.00
2017.10.16 13:27:31.239,8.11413,8.11534,1.00,1.00
2017.10.16 13:27:31.636,8.11416,8.11537,1.00,1.00
2017.10.16 13:27:32.994,8.11413,8.11534,1.00,1.00
2017.10.16 13:27:42.606,8.11416,8.11535,1.00,1.00
2017.10.16 13:27:42.657,8.11412,8.11533,1.00,1.00
2017.10.16 13:27:42.708,8.11411,8.1153,1.00,1.00
2017.10.16 13:27:43.036,8.11411,8.11528,1.00,1.00
2017.10.16 13:27:43.617,8.11411,8.11527,1.00,1.00
2017.10.16 13:27:44.081,8.11411,8.11525,1.00,1.00
2017.10.16 13:27:44.504,8.11411,8.11523,1.00,1.00
2017.10.16 13:27:45.750,8.11435,8.11556,1.50,1.00
2017.10.16 13:27:45.801,8.11461,8.11582,1.00,1.00
2017.10.16 13:27:46.106,8.11518,8.11632,1.00,1.00
2017.10.16 13:27:46.157,8.11521,8.11639,1.00,1.00
2017.10.16 13:27:46.708,8.11525,8.11646,1.00,1.00
2017.10.16 13:27:46.760,8.11532,8.11651,1.00,1.00
2017.10.16 13:27:46.861,8.11534,8.11655,1.00,1.00
2017.10.16 13:27:46.912,8.1153,8.11651,1.00,1.00
2017.10.16 13:27:47.166,8.11548,8.11678,1.00,1.00
2017.10.16 13:27:47.269,8.11566,8.11678,1.00,1.00
2017.10.16 13:27:47.320,8.11566,8.1169,1.50,1.00
2017.10.16 13:27:47.371,8.11589,8.11712,1.00,1.00
2017.10.16 13:27:47.626,8.11589,8.11714,1.00,1.00
2017.10.16 13:27:47.728,8.11596,8.11724,1.00,1.00
2017.10.16 13:27:48.024,8.11597,8.11727,1.00,1.00
2017.10.16 13:27:48.890,8.11592,8.11723,1.00,1.00
2017.10.16 13:27:50.265,8.11597,8.11727,1.00,1.00
2017.10.16 13:27:53.534,8.11597,8.11718,1.00,1.00
2017.10.16 13:27:54.533,8.11597,8.1171,1.00,1.00
2017.10.16 13:28:01.697,8.11596,8.11709,1.00,1.00
2017.10.16 13:28:03.054,8.11598,8.11711,1.00,1.00
2017.10.16 13:28:04.061,8.1159,8.11699,1.00,1.00
2017.10.16 13:28:04.340,8.11542,8.11655,1.00,1.00
2017.10.16 13:28:04.391,8.11515,8.11628,1.00,1.00
2017.10.16 13:28:04.442,8.11491,8.11613,1.00,1.00
2017.10.16 13:28:04.543,8.11482,8.11595,1.00,1.00
2017.10.16 13:28:04.848,8.11472,8.11584,1.00,1.00
2017.10.16 13:28:05.332,8.11474,8.11585,1.00,1.00
2017.10.16 13:28:05.861,8.11471,8.11577,1.00,1.00
2017.10.16 13:28:05.912,8.11464,8.11577,1.00,1.00
2017.10.16 13:28:05.963,8.11454,8.11568,1.00,1.00
2017.10.16 13:28:06.166,8.11448,8.11559,1.00,1.00
2017.10.16 13:28:06.268,8.11436,8.1155,1.00,1.00
2017.10.16 13:28:06.713,8.11427,8.1154,1.00,1.00
2017.10.16 13:28:07.438,8.11426,8.11531,1.00,1.00
2017.10.16 13:28:07.490,8.11399,8.11512,1.00,1.00
2017.10.16 13:28:07.592,8.11386,8.11507,1.50,1.00
2017.10.16 13:28:07.693,8.11386,8.11499,1.00,1.00
2017.10.16 13:28:07.744,8.11368,8.1149,1.50,1.00
2017.10.16 13:28:07.848,8.11368,8.11481,1.00,1.00
2017.10.16 13:28:08.103,8.11343,8.11459,1.00,1.00
2017.10.16 13:28:08.581,8.11343,8.11452,1.00,1.00
2017.10.16 13:28:09.505,8.11343,8.11444,1.00,1.00
2017.10.16 13:28:10.239,8.11343,8.11463,1.50,1.00
2017.10.16 13:28:10.622,8.11363,8.11463,1.00,1.00
2017.10.16 13:28:10.913,8.11343,8.11463,1.50,1.00
2017.10.16 13:28:11.137,8.1135,8.11471,1.00,1.00
2017.10.16 13:28:11.189,8.11358,8.1148,1.00,1.00
2017.10.16 13:28:11.687,8.11343,8.1146,1.00,1.00
2017.10.16 13:28:12.043,8.11344,8.11466,1.00,1.00
2017.10.16 13:28:12.154,8.11352,8.11474,1.00,1.00
2017.10.16 13:28:12.458,8.11364,8.11484,1.00,1.00
2017.10.16 13:28:15.210,8.11379,8.11484,1.00,1.00
2017.10.16 13:28:15.468,8.11379,8.11492,1.00,1.00
2017.10.16 13:28:16.253,8.11379,8.11487,1.00,1.00
2017.10.16 13:28:16.727,8.11379,8.11489,1.00,1.00
2017.10.16 13:28:17.744,8.11384,8.11497,1.00,1.00
2017.10.16 13:28:17.795,8.11388,8.11501,1.00,1.00
2017.10.16 13:28:21.869,8.11392,8.11506,1.00,1.00
2017.10.16 13:28:23.079,8.11396,8.11509,1.00,1.00
2017.10.16 13:28:23.650,8.11395,8.11508,1.00,1.00
2017.10.16 13:28:27.545,8.11432,8.11546,1.00,1.00
2017.10.16 13:28:27.596,8.1144,8.11546,1.00,1.00
2017.10.16 13:28:29.829,8.1144,8.11538,1.00,1.00
2017.10.16 13:28:30.099,8.1144,8.11556,1.00,1.00
2017.10.16 13:28:30.684,8.1144,8.11557,1.00,1.00
2017.10.16 13:28:30.984,8.1144,8.11547,1.00,1.00
2017.10.16 13:28:31.035,8.11418,8.11538,1.00,1.00
2017.10.16 13:28:31.782,8.1142,8.11537,1.00,1.00
2017.10.16 13:28:33.114,8.11421,8.1154,1.00,1.00
2017.10.16 13:28:35.326,8.11424,8.11541,1.00,1.00
2017.10.16 13:28:35.958,8.11419,8.11538,1.00,1.00
2017.10.16 13:28:36.060,8.11422,8.11541,1.00,1.00
2017.10.16 13:28:36.363,8.11441,8.11544,1.00,1.00
2017.10.16 13:28:36.414,8.11425,8.11544,1.00,1.00
2017.10.16 13:28:36.465,8.1144,8.11544,1.00,1.00
2017.10.16 13:28:36.516,8.1144,8.11549,1.00,1.00
2017.10.16 13:28:36.715,8.1144,8.11551,1.00,1.00
2017.10.16 13:28:38.624,8.1144,8.11554,1.50,1.00
2017.10.16 13:28:41.130,8.11444,8.11558,1.00,1.00
2017.10.16 13:28:41.565,8.1145,8.11564,1.00,1.00
2017.10.16 13:28:42.775,8.11467,8.11581,1.00,1.00
2017.10.16 13:28:43.031,8.11493,8.11608,1.00,1.00
2017.10.16 13:28:43.432,8.11497,8.1161,1.00,1.00
2017.10.16 13:28:44.845,8.11497,8.11618,1.00,1.00
2017.10.16 13:28:44.896,8.11501,8.11623,1.00,1.00
2017.10.16 13:28:44.998,8.11518,8.11623,1.00,1.00
2017.10.16 13:28:45.137,8.11501,8.11623,1.00,1.00
2017.10.16 13:28:46.181,8.11509,8.11631,1.00,1.00
2017.10.16 13:28:46.519,8.11521,8.11642,1.00,1.00
2017.10.16 13:28:46.570,8.11529,8.11651,1.00,1.00
2017.10.16 13:28:46.622,8.11539,8.11651,1.00,1.00
2017.10.16 13:28:46.673,8.11539,8.1166,1.50,1.00
2017.10.16 13:28:47.829,8.1155,8.11671,1.00,1.00
2017.10.16 13:28:47.996,8.11572,8.11694,1.00,1.00
2017.10.16 13:28:48.047,8.11583,8.11704,1.00,1.00
2017.10.16 13:28:48.099,8.11592,8.11714,1.00,1.00
2017.10.16 13:28:48.151,8.11614,8.11723,1.00,1.00
2017.10.16 13:28:48.202,8.11617,8.11738,1.00,1.00
2017.10.16 13:28:48.304,8.11627,8.11749,1.00,1.00
2017.10.16 13:28:48.355,8.11645,8.11767,1.00,1.00
2017.10.16 13:28:48.677,8.11658,8.11783,1.00,1.00
2017.10.16 13:28:49.640,8.11652,8.11783,1.00,1.00
2017.10.16 13:28:49.691,8.11657,8.11783,1.00,1.00
2017.10.16 13:28:49.742,8.11652,8.11783,1.00,1.00
2017.10.16 13:28:50.163,8.11657,8.11783,1.00,1.00
2017.10.16 13:28:50.690,8.11666,8.11787,1.00,1.00
2017.10.16 13:28:51.996,8.11672,8.11793,1.00,1.00
2017.10.16 13:28:53.069,8.11657,8.11774,1.00,1.00
2017.10.16 13:28:53.387,8.11657,8.11764,1.00,1.00
2017.10.16 13:28:54.429,8.11657,8.11769,1.00,1.00
2017.10.16 13:28:54.480,8.11657,8.11761,1.00,1.00
2017.10.16 13:28:54.689,8.1164,8.11752,1.00,1.00
2017.10.16 13:28:54.740,8.11632,8.11743,1.00,1.00
2017.10.16 13:28:55.044,8.11622,8.11732,1.00,1.00
2017.10.16 13:28:55.095,8.11618,8.11732,1.00,1.00
2017.10.16 13:28:55.146,8.11608,8.11722,1.00,1.00
2017.10.16 13:28:56.044,8.11599,8.11713,1.00,1.00
2017.10.16 13:28:56.379,8.1159,8.11704,1.00,1.00
2017.10.16 13:28:57.779,8.11595,8.11709,1.00,1.00
2017.10.16 13:28:58.205,8.11585,8.11699,1.00,1.00
2017.10.16 13:28:58.534,8.1158,8.11694,1.50,1.00
2017.10.16 13:28:59.095,8.1158,8.11687,1.00,1.00
2017.10.16 13:28:59.662,8.1158,8.11675,1.00,1.00
2017.10.16 13:28:59.763,8.11554,8.11675,1.00,1.00
2017.10.16 13:28:59.814,8.11549,8.11663,1.00,1.00
2017.10.16 13:29:00.153,8.11545,8.11658,1.00,1.00
2017.10.16 13:29:00.204,8.11533,8.11658,1.00,1.00
2017.10.16 13:29:01.816,8.11532,8.11644,1.00,1.00
2017.10.16 13:29:06.840,8.11539,8.11653,1.00,1.00
2017.10.16 13:29:06.941,8.11545,8.11656,1.00,1.00
2017.10.16 13:29:08.320,8.11542,8.11656,1.00,1.00
2017.10.16 13:29:08.775,8.11539,8.11651,1.00,1.00
2017.10.16 13:29:10.153,8.11538,8.11684,1.00,1.00
2017.10.16 13:29:10.356,8.11546,8.1169,1.00,1.00
2017.10.16 13:29:10.407,8.11538,8.11687,1.00,1.00
2017.10.16 13:29:11.405,8.11535,8.11687,1.00,1.50
2017.10.16 13:29:12.069,8.11546,8.11687,1.00,1.00
2017.10.16 13:29:13.456,8.11546,8.11694,1.00,1.00
2017.10.16 13:29:14.047,8.11546,8.11695,1.00,1.00
2017.10.16 13:29:14.622,8.11546,8.11697,1.50,1.00
2017.10.16 13:29:16.528,8.1155,8.11701,1.00,1.00
2017.10.16 13:29:16.852,8.1157,8.11722,1.50,1.60
2017.10.16 13:29:17.301,8.1157,8.1171,1.00,1.00
2017.10.16 13:29:18.245,8.11573,8.1171,1.00,1.00
2017.10.16 13:29:19.245,8.11582,8.1171,1.00,1.00
2017.10.16 13:29:19.346,8.11585,8.11729,1.00,1.60
2017.10.16 13:29:19.777,8.11583,8.11729,1.00,1.60
2017.10.16 13:29:19.990,8.11589,8.11734,1.00,1.60
2017.10.16 13:29:21.975,8.11589,8.11726,1.00,1.00
2017.10.16 13:29:22.077,8.11579,8.11713,1.00,1.00
2017.10.16 13:29:22.128,8.11579,8.11731,1.00,1.00
2017.10.16 13:29:22.179,8.11576,8.11725,1.00,1.00
2017.10.16 13:29:22.631,8.11583,8.11732,1.00,1.60
2017.10.16 13:29:22.935,8.11608,8.11754,1.00,1.00
2017.10.16 13:29:23.088,8.11608,8.11759,1.00,1.00
2017.10.16 13:29:23.731,8.11608,8.11757,1.00,1.00
2017.10.16 13:29:23.987,8.11611,8.11766,1.00,1.00
2017.10.16 13:29:24.140,8.11616,8.11768,1.00,1.00
2017.10.16 13:29:24.479,8.1162,8.11768,1.00,1.00
2017.10.16 13:29:24.716,8.11614,8.11763,1.00,1.00
2017.10.16 13:29:26.070,8.11612,8.11763,1.00,1.50
2017.10.16 13:29:27.195,8.11612,8.11752,1.00,1.00
2017.10.16 13:29:28.034,8.11612,8.11762,1.00,1.00
2017.10.16 13:29:28.827,8.11612,8.11749,1.00,1.00
2017.10.16 13:29:28.878,8.11591,8.11742,1.00,1.00
2017.10.16 13:29:28.929,8.11591,8.11737,1.00,1.00
2017.10.16 13:29:29.068,8.11591,8.1174,1.00,1.00
2017.10.16 13:29:31.015,8.11596,8.11747,1.00,1.00
2017.10.16 13:29:31.353,8.116,8.1175,1.00,1.00
2017.10.16 13:29:31.877,8.11602,8.11751,1.00,1.00
2017.10.16 13:29:32.536,8.11608,8.11751,1.00,1.00
2017.10.16 13:29:32.689,8.11634,8.11791,1.00,1.07
2017.10.16 13:29:32.740,8.11645,8.11794,1.00,1.00
2017.10.16 13:29:32.915,8.11634,8.11785,1.50,1.00
2017.10.16 13:29:32.966,8.11637,8.11788,1.00,1.00
2017.10.16 13:29:33.270,8.11689,8.1184,1.00,1.00
2017.10.16 13:29:33.620,8.11709,8.11861,1.00,1.00
2017.10.16 13:29:33.672,8.11706,8.11855,1.00,1.00
2017.10.16 13:29:33.723,8.11709,8.1186,1.00,1.00
2017.10.16 13:29:33.774,8.11706,8.11855,1.00,1.00
2017.10.16 13:29:34.081,8.11709,8.1186,1.00,1.00
2017.10.16 13:29:34.577,8.11711,8.11862,1.00,1.00
2017.10.16 13:29:34.922,8.11705,8.11856,1.00,1.00
2017.10.16 13:29:35.226,8.1171,8.11861,1.00,1.00
2017.10.16 13:29:35.545,8.11747,8.11896,1.00,1.50
2017.10.16 13:29:35.928,8.1175,8.11896,1.00,1.00
2017.10.16 13:29:38.746,8.11747,8.11896,1.00,1.00
2017.10.16 13:29:41.396,8.11745,8.11896,1.00,1.50
2017.10.16 13:29:41.758,8.11743,8.11894,1.00,1.00
2017.10.16 13:29:42.122,8.1174,8.11891,1.00,1.00
2017.10.16 13:29:42.551,8.11751,8.11896,1.00,1.00
2017.10.16 13:29:42.602,8.11748,8.11896,1.00,1.00
2017.10.16 13:29:42.704,8.11744,8.11895,1.00,1.00
2017.10.16 13:29:43.483,8.11748,8.11896,1.00,1.00
2017.10.16 13:29:43.585,8.1176,8.11911,1.00,1.00
2017.10.16 13:29:43.737,8.11756,8.11908,1.00,1.00
2017.10.16 13:29:44.669,8.11754,8.11903,1.00,1.00
2017.10.16 13:29:45.001,8.11754,8.11894,1.00,1.00
2017.10.16 13:29:46.494,8.11732,8.11892,1.00,1.00
2017.10.16 13:29:46.545,8.11726,8.11873,1.00,1.00
2017.10.16 13:29:46.596,8.11701,8.11852,1.00,1.00
2017.10.16 13:29:46.648,8.11709,8.11854,1.00,1.00
2017.10.16 13:29:46.856,8.11714,8.11864,1.00,1.00
2017.10.16 13:29:46.910,8.11715,8.11866,1.00,1.00
2017.10.16 13:29:47.115,8.11714,8.11859,1.00,1.00
2017.10.16 13:29:47.166,8.11714,8.11862,1.00,1.00
2017.10.16 13:29:48.214,8.11714,8.11874,1.00,1.00
2017.10.16 13:29:48.698,8.11716,8.11874,1.00,1.00
2017.10.16 13:29:48.900,8.11733,8.11893,1.00,1.00
2017.10.16 13:29:49.052,8.1174,8.11893,1.00,1.00
2017.10.16 13:29:49.204,8.11733,8.11893,1.50,1.00
2017.10.16 13:29:49.444,8.11752,8.11893,1.00,1.00
2017.10.16 13:29:49.596,8.11758,8.11903,1.00,1.00
2017.10.16 13:29:50.051,8.11752,8.11894,1.00,1.00
2017.10.16 13:29:50.102,8.11753,8.11903,1.00,1.00
2017.10.16 13:29:50.153,8.11752,8.11894,1.00,1.00
2017.10.16 13:29:51.304,8.11748,8.11894,1.00,1.00
2017.10.16 13:29:51.785,8.11734,8.11894,1.00,1.00
2017.10.16 13:29:52.619,8.11746,8.11894,1.00,1.00
2017.10.16 13:29:52.765,8.1176,8.1192,1.00,1.00
2017.10.16 13:29:54.674,8.11778,8.11935,1.00,1.00
2017.10.16 13:29:55.032,8.11778,8.11933,1.00,1.00
2017.10.16 13:29:56.296,8.11778,8.11937,1.00,1.00
2017.10.16 13:29:56.772,8.11778,8.11934,1.00,1.00
2017.10.16 13:29:57.769,8.11778,8.1193,1.00,1.00
2017.10.16 13:29:58.157,8.11778,8.11934,1.00,1.00
2017.10.16 13:29:58.259,8.11778,8.11938,1.00,1.00
2017.10.16 13:29:58.428,8.11778,8.11936,1.00,1.00
2017.10.16 13:29:58.596,8.11778,8.11938,1.00,1.00
2017.10.16 13:29:58.797,8.11778,8.11935,1.00,1.00
2017.10.16 13:30:00.419,8.11768,8.11912,1.00,1.00
2017.10.16 13:30:00.470,8.11764,8.11912,1.00,1.00
2017.10.16 13:30:01.032,8.11773,8.11912,1.00,1.00
2017.10.16 13:30:01.185,8.11779,8.11938,1.00,1.00
2017.10.16 13:30:01.236,8.11786,8.11938,1.00,1.00
2017.10.16 13:30:01.938,8.11789,8.11938,1.00,1.00
2017.10.16 13:30:02.378,8.11793,8.11938,1.00,1.00
2017.10.16 13:30:02.429,8.11779,8.1193,1.00,1.00
2017.10.16 13:30:02.480,8.11782,8.11933,1.00,1.00
2017.10.16 13:30:02.785,8.11789,8.11938,1.00,1.00
2017.10.16 13:30:03.098,8.11794,8.11938,1.00,1.00
2017.10.16 13:30:03.302,8.11786,8.11937,1.00,1.00
2017.10.16 13:30:03.662,8.1178,8.11931,1.00,1.00
2017.10.16 13:30:03.975,8.11775,8.11915,1.00,1.00
2017.10.16 13:30:04.247,8.11779,8.11927,1.00,1.00
2017.10.16 13:30:04.298,8.11779,8.1193,1.00,1.00
2017.10.16 13:30:04.842,8.11779,8.11916,1.00,1.00
2017.10.16 13:30:04.893,8.11769,8.11916,1.00,1.00
2017.10.16 13:30:04.995,8.11761,8.11916,1.00,1.00
2017.10.16 13:30:05.046,8.11776,8.11916,1.00,1.00
2017.10.16 13:30:05.266,8.11768,8.11916,1.00,1.00
2017.10.16 13:30:05.743,8.11777,8.11916,1.00,1.00
2017.10.16 13:30:06.182,8.11764,8.11916,1.00,1.00
2017.10.16 13:30:06.283,8.11776,8.11916,1.00,1.00
2017.10.16 13:30:07.095,8.11769,8.11916,1.00,1.00
2017.10.16 13:30:07.146,8.11763,8.11916,1.00,1.00
2017.10.16 13:30:07.197,8.11768,8.11916,1.00,1.00
2017.10.16 13:30:07.552,8.11765,8.11916,1.00,1.00
2017.10.16 13:30:08.731,8.11802,8.11932,1.00,1.00
2017.10.16 13:30:08.782,8.1181,8.11951,1.00,1.00
2017.10.16 13:30:08.888,8.1181,8.1197,1.00,1.00
2017.10.16 13:30:08.940,8.1181,8.11967,1.00,1.00
2017.10.16 13:30:09.261,8.1181,8.1197,1.00,1.00
2017.10.16 13:30:09.363,8.1181,8.11967,1.00,1.00
2017.10.16 13:30:09.677,8.1181,8.1196,1.00,1.00
2017.10.16 13:30:10.138,8.11799,8.11941,1.00,1.00
2017.10.16 13:30:10.365,8.11794,8.11941,1.00,1.00
2017.10.16 13:30:10.467,8.11801,8.11943,1.00,1.00
2017.10.16 13:30:10.518,8.11801,8.11959,1.00,1.00
2017.10.16 13:30:10.569,8.11801,8.11938,1.00,1.00
2017.10.16 13:30:10.670,8.11801,8.11947,1.00,1.00
2017.10.16 13:30:10.828,8.11819,8.11961,1.00,1.50
2017.10.16 13:30:11.082,8.11805,8.11961,1.00,1.00
2017.10.16 13:30:11.184,8.11817,8.11961,1.00,1.00
2017.10.16 13:30:11.235,8.11825,8.11983,1.00,1.00
2017.10.16 13:30:11.287,8.11833,8.11983,1.00,1.00
2017.10.16 13:30:11.338,8.11845,8.11999,1.00,1.00
2017.10.16 13:30:11.388,8.11833,8.11986,1.00,1.00
2017.10.16 13:30:11.732,8.11866,8.1202,1.00,1.00
2017.10.16 13:30:11.783,8.11866,8.12025,1.00,1.00
2017.10.16 13:30:11.884,8.11866,8.12009,1.00,1.00
2017.10.16 13:30:12.146,8.11848,8.11999,1.00,1.00
2017.10.16 13:30:12.344,8.11854,8.12003,1.00,1.00
2017.10.16 13:30:12.939,8.11854,8.12004,1.00,1.00
2017.10.16 13:30:13.143,8.11848,8.11999,1.00,1.50
2017.10.16 13:30:13.519,8.11846,8.11997,1.50,1.00
2017.10.16 13:30:13.882,8.11839,8.11987,1.00,1.00
2017.10.16 13:30:14.086,8.11861,8.12011,1.00,1.00
2017.10.16 13:30:14.188,8.11864,8.12003,1.00,1.00
2017.10.16 13:30:14.332,8.11846,8.11997,1.50,1.00
2017.10.16 13:30:14.386,8.1187,8.12027,1.00,1.00
2017.10.16 13:30:14.547,8.1187,8.12022,1.00,1.00
2017.10.16 13:30:14.768,8.1187,8.12024,1.00,1.00
2017.10.16 13:30:15.292,8.1187,8.12026,1.00,1.00
2017.10.16 13:30:15.346,8.1187,8.12021,1.00,1.00
2017.10.16 13:30:15.397,8.1187,8.12025,1.00,1.00
2017.10.16 13:30:15.892,8.11824,8.11971,1.85,1.00
2017.10.16 13:30:16.202,8.11891,8.12038,1.00,1.00
2017.10.16 13:30:16.253,8.119,8.12038,1.00,1.00
2017.10.16 13:30:16.355,8.11891,8.12038,1.00,1.00
2017.10.16 13:30:16.608,8.11878,8.12038,1.00,1.00
2017.10.16 13:30:16.832,8.11897,8.12057,1.00,1.00
2017.10.16 13:30:18.415,8.11897,8.12057,1.60,1.00
2017.10.16 13:30:18.972,8.11897,8.12057,1.00,1.00
2017.10.16 13:30:19.476,8.11917,8.12063,1.00,1.00
2017.10.16 13:30:19.528,8.11917,8.12073,1.00,1.00
2017.10.16 13:30:19.579,8.11913,8.12057,1.00,1.00
2017.10.16 13:30:19.631,8.11898,8.12057,1.00,1.00
2017.10.16 13:30:20.004,8.11904,8.12057,1.00,1.00
2017.10.16 13:30:20.140,8.11899,8.12057,1.00,1.00
2017.10.16 13:30:20.194,8.11897,8.12057,1.00,1.00
2017.10.16 13:30:20.853,8.11897,8.1204,1.00,1.00
2017.10.16 13:30:21.295,8.11899,8.12045,1.00,1.00
2017.10.16 13:30:21.459,8.11899,8.12049,1.00,1.00
2017.10.16 13:30:21.611,8.11897,8.12039,1.00,1.00
2017.10.16 13:30:21.764,8.11898,8.12049,1.00,1.00
2017.10.16 13:30:22.048,8.11901,8.12052,1.00,1.00
2017.10.16 13:30:22.274,8.11897,8.12057,1.00,1.50
2017.10.16 13:30:22.324,8.11903,8.12047,1.00,1.00
2017.10.16 13:30:22.634,8.11897,8.12045,1.00,1.00
2017.10.16 13:30:23.089,8.119,8.12047,1.00,1.00
2017.10.16 13:30:23.448,8.11897,8.12038,1.00,1.00
2017.10.16 13:30:23.583,8.11869,8.12012,1.00,1.00
2017.10.16 13:30:23.634,8.11869,8.12003,1.00,1.00
2017.10.16 13:30:23.685,8.11869,8.12013,1.00,1.00
2017.10.16 13:30:23.736,8.11869,8.12029,1.00,1.00
2017.10.16 13:30:23.788,8.11869,8.12025,1.00,1.00
2017.10.16 13:30:24.097,8.11905,8.12046,1.00,1.00
2017.10.16 13:30:24.527,8.11914,8.12046,1.00,1.00
2017.10.16 13:30:24.578,8.11912,8.12046,1.00,1.00
2017.10.16 13:30:24.682,8.11899,8.12046,1.00,1.00
2017.10.16 13:30:24.838,8.1188,8.1204,1.00,1.00
2017.10.16 13:30:24.889,8.1188,8.12037,1.00,1.00
2017.10.16 13:30:25.345,8.11883,8.1204,1.00,1.00
2017.10.16 13:30:25.396,8.1188,8.1204,1.00,1.00
2017.10.16 13:30:25.599,8.1188,8.12019,1.00,1.00
2017.10.16 13:30:25.865,8.1188,8.12036,1.00,1.00
2017.10.16 13:30:25.916,8.11883,8.1204,1.00,1.00
2017.10.16 13:30:26.018,8.11913,8.1204,1.00,1.00
2017.10.16 13:30:26.069,8.11916,8.12057,1.00,1.00
2017.10.16 13:30:26.120,8.11923,8.12064,1.00,1.00
2017.10.16 13:30:26.210,8.11918,8.12061,1.00,1.00
2017.10.16 13:30:26.313,8.11908,8.12049,1.00,1.50
2017.10.16 13:30:26.616,8.11914,8.12049,1.00,1.00
2017.10.16 13:30:26.718,8.11914,8.12057,1.00,1.50
2017.10.16 13:30:27.625,8.11907,8.12051,1.00,1.00
2017.10.16 13:30:27.732,8.11899,8.12045,1.00,1.00
2017.10.16 13:30:27.783,8.11897,8.12037,1.00,1.00
2017.10.16 13:30:28.417,8.11897,8.12038,1.00,1.00
2017.10.16 13:30:28.660,8.11885,8.12028,1.00,1.00
2017.10.16 13:30:28.858,8.11894,8.12031,1.00,1.00
2017.10.16 13:30:29.166,8.11902,8.12042,1.00,1.00
2017.10.16 13:30:29.438,8.11894,8.12037,1.00,1.00
2017.10.16 13:30:29.489,8.11891,8.12025,1.00,1.00
2017.10.16 13:30:29.896,8.11891,8.12034,1.50,1.00
2017.10.16 13:30:30.418,8.11896,8.1204,1.00,1.00
2017.10.16 13:30:30.519,8.11891,8.12034,1.50,1.00
2017.10.16 13:30:30.827,8.11891,8.1203,1.00,1.00
2017.10.16 13:30:31.160,8.11891,8.12024,1.00,1.00
2017.10.16 13:30:31.578,8.11911,8.12044,1.00,1.00
2017.10.16 13:30:31.629,8.11902,8.12045,1.00,1.00
2017.10.16 13:30:31.680,8.11905,8.12048,1.00,1.00
2017.10.16 13:30:33.497,8.11903,8.12046,1.00,1.00
2017.10.16 13:30:33.801,8.11925,8.12051,1.00,1.00
2017.10.16 13:30:34.014,8.11916,8.12051,1.00,1.00
2017.10.16 13:30:35.070,8.11903,8.12046,1.00,1.00
2017.10.16 13:30:35.324,8.11905,8.12046,1.00,1.00
2017.10.16 13:30:36.531,8.11891,8.12051,1.00,1.00
2017.10.16 13:30:36.582,8.1191,8.12051,1.00,1.00
2017.10.16 13:30:36.892,8.11912,8.12051,1.00,1.00
2017.10.16 13:30:37.647,8.11938,8.12079,1.00,1.00
2017.10.16 13:30:37.698,8.11943,8.12084,1.00,1.50
2017.10.16 13:30:37.749,8.11943,8.12086,1.50,1.00
2017.10.16 13:30:38.292,8.11943,8.12085,1.00,1.00
2017.10.16 13:30:38.832,8.11943,8.12095,1.00,1.00
2017.10.16 13:30:39.192,8.11943,8.1208,1.00,1.00
2017.10.16 13:30:39.643,8.11943,8.12074,1.00,1.00
2017.10.16 13:30:40.044,8.11943,8.12093,1.00,1.60
2017.10.16 13:30:40.146,8.11943,8.12098,1.00,1.00
2017.10.16 13:30:40.197,8.11943,8.121,1.00,1.00
2017.10.16 13:30:40.708,8.11943,8.12091,1.00,1.00
2017.10.16 13:30:41.105,8.11944,8.12088,1.00,1.00
2017.10.16 13:30:41.409,8.11967,8.12111,1.00,1.00
2017.10.16 13:30:41.748,8.1198,8.12124,1.00,1.00
2017.10.16 13:30:42.052,8.11964,8.12095,1.60,1.00
2017.10.16 13:30:42.104,8.11964,8.12095,1.00,1.00
2017.10.16 13:30:42.155,8.11965,8.12109,1.00,1.00
2017.10.16 13:30:42.770,8.11964,8.12105,1.00,1.00
2017.10.16 13:30:43.332,8.11964,8.12101,1.00,1.00
2017.10.16 13:30:43.434,8.1195,8.12094,1.35,1.00
2017.10.16 13:30:43.485,8.11947,8.1209,1.00,1.00
2017.10.16 13:30:43.536,8.11945,8.12094,1.00,1.00
2017.10.16 13:30:43.759,8.11945,8.12087,1.00,1.00
2017.10.16 13:30:43.860,8.11945,8.12094,1.00,1.00
2017.10.16 13:30:45.075,8.11945,8.12105,1.00,1.00
2017.10.16 13:30:45.700,8.11945,8.12087,1.00,1.00
2017.10.16 13:30:45.916,8.11922,8.12078,1.28,1.00
2017.10.16 13:30:46.069,8.11922,8.12075,1.28,1.00
2017.10.16 13:30:46.178,8.11922,8.12078,1.28,1.00
2017.10.16 13:30:46.394,8.11922,8.12074,1.28,1.00
2017.10.16 13:30:46.698,8.11922,8.12068,1.34,1.00
2017.10.16 13:30:46.910,8.11922,8.12074,1.34,1.00
2017.10.16 13:30:47.071,8.11922,8.12077,1.34,1.00
2017.10.16 13:30:47.122,8.11922,8.12073,1.34,1.00
2017.10.16 13:30:47.400,8.11922,8.12077,1.34,1.00
2017.10.16 13:30:47.451,8.11922,8.12082,1.34,1.00
2017.10.16 13:30:47.795,8.11931,8.12074,1.00,1.00
2017.10.16 13:30:48.289,8.11922,8.12082,1.34,1.00
2017.10.16 13:30:48.340,8.1193,8.12074,1.00,1.00
2017.10.16 13:30:48.689,8.11922,8.12082,1.34,1.00
2017.10.16 13:30:48.740,8.11931,8.12074,1.00,1.00
2017.10.16 13:30:48.980,8.11922,8.12082,1.34,1.00
2017.10.16 13:30:49.031,8.11927,8.12071,1.09,1.00
2017.10.16 13:30:49.335,8.11945,8.12081,1.00,1.00
2017.10.16 13:30:49.386,8.11938,8.12081,1.00,1.00
2017.10.16 13:30:49.589,8.11922,8.12081,1.34,1.00
2017.10.16 13:30:49.691,8.11937,8.1208,1.00,1.00
2017.10.16 13:30:50.139,8.11933,8.12077,1.00,1.00
2017.10.16 13:30:50.190,8.1193,8.12073,1.00,1.00
2017.10.16 13:30:50.509,8.11926,8.12069,1.34,1.00
2017.10.16 13:30:50.770,8.11932,8.12075,1.00,1.00
2017.10.16 13:30:51.540,8.11922,8.12081,1.34,1.00
2017.10.16 13:30:52.041,8.11922,8.12082,1.34,1.00
2017.10.16 13:30:52.295,8.11933,8.12074,1.00,1.00
2017.10.16 13:30:52.621,8.1194,8.12081,1.00,1.00
2017.10.16 13:30:53.099,8.11937,8.12081,1.00,1.00
2017.10.16 13:30:53.896,8.11935,8.12078,1.00,1.00
2017.10.16 13:30:54.413,8.11934,8.12078,1.00,1.00
2017.10.16 13:30:56.548,8.11933,8.12077,1.00,1.00
2017.10.16 13:30:57.891,8.11952,8.12083,1.00,1.00
2017.10.16 13:30:57.942,8.11961,8.12104,1.00,1.00
2017.10.16 13:30:58.100,8.11982,8.12126,1.00,1.00
2017.10.16 13:30:58.151,8.11996,8.12128,1.50,1.00
2017.10.16 13:30:58.252,8.11996,8.1214,1.50,1.00
2017.10.16 13:31:00.868,8.11996,8.12137,1.00,1.00
2017.10.16 13:31:01.299,8.11996,8.12139,1.50,1.00
2017.10.16 13:31:01.583,8.12,8.1214,1.00,1.00
2017.10.16 13:31:02.058,8.12003,8.1214,1.00,1.00
2017.10.16 13:31:02.160,8.12009,8.12151,1.00,1.50
2017.10.16 13:31:02.441,8.12012,8.12156,1.00,1.50
2017.10.16 13:31:02.806,8.12018,8.12156,1.00,1.00
2017.10.16 13:31:03.576,8.12024,8.12156,1.00,1.00
2017.10.16 13:31:04.222,8.12026,8.12156,1.00,1.00
2017.10.16 13:31:04.425,8.1203,8.12172,1.00,1.00
2017.10.16 13:31:04.580,8.1203,8.12174,1.00,1.50
2017.10.16 13:31:04.843,8.12022,8.12148,1.00,1.00
2017.10.16 13:31:05.096,8.12018,8.12148,1.00,1.00
2017.10.16 13:31:05.147,8.12018,8.1215,1.00,1.00
2017.10.16 13:31:05.467,8.12034,8.12172,1.00,1.00
2017.10.16 13:31:05.519,8.12029,8.12172,1.00,1.50
2017.10.16 13:31:05.671,8.12026,8.12166,1.00,1.00
2017.10.16 13:31:06.038,8.12019,8.12149,1.00,1.00
2017.10.16 13:31:06.432,8.12017,8.12149,1.00,1.00
2017.10.16 13:31:06.593,8.12003,8.12146,1.00,1.00
2017.10.16 13:31:06.644,8.11995,8.12127,1.00,1.00
2017.10.16 13:31:06.698,8.11993,8.12127,1.00,1.00
2017.10.16 13:31:06.749,8.11989,8.12127,1.00,1.00
2017.10.16 13:31:06.982,8.11989,8.12121,1.00,1.00
2017.10.16 13:31:07.242,8.11989,8.12123,1.00,1.00
2017.10.16 13:31:07.555,8.11989,8.12126,1.00,1.00
2017.10.16 13:31:07.606,8.11982,8.12125,1.00,1.00
2017.10.16 13:31:07.814,8.11982,8.12118,1.00,1.00
2017.10.16 13:31:08.925,8.11985,8.12121,1.00,1.00
2017.10.16 13:31:09.328,8.11985,8.12113,1.00,1.00
2017.10.16 13:31:10.120,8.11981,8.12109,1.00,1.00
2017.10.16 13:31:11.182,8.11984,8.12113,1.00,1.00
2017.10.16 13:31:11.797,8.11976,8.12102,1.50,1.00
2017.10.16 13:31:11.999,8.11942,8.1207,1.00,1.00
2017.10.16 13:31:13.492,8.11958,8.12084,1.00,1.00
2017.10.16 13:31:14.035,8.11941,8.12069,1.00,1.00
2017.10.16 13:31:14.086,8.11938,8.12066,1.00,1.00
2017.10.16 13:31:14.432,8.11971,8.12099,1.50,1.00
2017.10.16 13:31:14.736,8.11973,8.12099,1.00,1.00
2017.10.16 13:31:15.039,8.11971,8.12099,1.00,1.00
2017.10.16 13:31:15.090,8.11975,8.12104,1.00,1.00
2017.10.16 13:31:17.088,8.11981,8.1211,1.00,1.00
2017.10.16 13:31:18.175,8.11986,8.12115,1.00,1.00
2017.10.16 13:31:18.578,8.11982,8.12111,1.00,1.00
2017.10.16 13:31:19.240,8.11977,8.12106,1.00,1.00
2017.10.16 13:31:19.546,8.11979,8.12108,1.00,1.00
2017.10.16 13:31:19.878,8.11986,8.12114,1.00,1.00
2017.10.16 13:31:20.928,8.11982,8.12111,1.00,1.00
2017.10.16 13:31:20.980,8.11986,8.12115,1.00,1.00
2017.10.16 13:31:21.308,8.11982,8.12111,1.00,1.00
2017.10.16 13:31:21.700,8.11976,8.12105,1.00,1.00
2017.10.16 13:31:22.033,8.11974,8.12103,1.00,1.00
2017.10.16 13:31:23.350,8.11978,8.12107,1.00,1.00
2017.10.16 13:31:23.684,8.11993,8.12122,1.00,1.00
2017.10.16 13:31:24.000,8.11991,8.12117,1.00,1.00
2017.10.16 13:31:24.985,8.11991,8.12113,1.00,1.00
2017.10.16 13:31:25.444,8.1197,8.12099,1.00,1.00
2017.10.16 13:31:25.495,8.11977,8.12106,1.00,1.00
2017.10.16 13:31:26.652,8.11979,8.12108,1.00,1.00
2017.10.16 13:31:27.002,8.11982,8.12111,1.00,1.00
2017.10.16 13:31:31.365,8.11985,8.12114,1.00,1.00
2017.10.16 13:31:31.813,8.11982,8.12111,1.00,1.00
2017.10.16 13:31:33.020,8.11985,8.12114,1.00,1.00
2017.10.16 13:31:33.341,8.11995,8.12122,1.00,1.00
2017.10.16 13:31:37.227,8.11991,8.12118,1.00,1.00
2017.10.16 13:31:38.613,8.11988,8.12116,1.00,1.00
2017.10.16 13:31:43.441,8.11954,8.12072,1.00,1.00
2017.10.16 13:31:43.492,8.11934,8.12079,1.00,1.00
2017.10.16 13:31:43.543,8.11954,8.12081,1.00,1.00
2017.10.16 13:31:43.644,8.11942,8.12071,1.00,1.00
2017.10.16 13:31:43.696,8.11956,8.12085,1.00,1.00
2017.10.16 13:31:43.747,8.11932,8.12078,1.00,1.00
2017.10.16 13:31:43.798,8.1193,8.12077,1.00,1.00
2017.10.16 13:31:43.849,8.11921,8.12067,1.00,1.00
2017.10.16 13:31:44.448,8.1193,8.12067,1.00,1.00
2017.10.16 13:31:45.135,8.1193,8.12035,1.00,1.00
2017.10.16 13:31:45.228,8.1191,8.12041,1.00,1.00
2017.10.16 13:31:45.279,8.1191,8.12034,1.00,1.00
2017.10.16 13:31:45.692,8.1191,8.12032,1.00,1.00
2017.10.16 13:31:46.265,8.1191,8.12033,1.00,1.00
2017.10.16 13:31:46.366,8.11892,8.12033,1.00,1.00
2017.10.16 13:31:47.147,8.11883,8.12027,1.00,1.00
2017.10.16 13:31:47.249,8.11902,8.12037,1.00,1.00
2017.10.16 13:31:47.554,8.1189,8.12035,1.00,1.00
2017.10.16 13:31:47.849,8.11894,8.12036,1.00,1.00
2017.10.16 13:31:48.540,8.11899,8.12036,1.00,1.00
2017.10.16 13:31:48.591,8.1189,8.12035,1.00,1.00
2017.10.16 13:31:48.784,8.11894,8.12036,1.00,1.00
2017.10.16 13:31:48.936,8.1189,8.12033,1.00,1.00
2017.10.16 13:31:49.114,8.11894,8.12036,1.00,1.00
2017.10.16 13:31:49.281,8.11889,8.12034,1.00,1.00
2017.10.16 13:31:50.224,8.11888,8.12034,1.00,1.00
2017.10.16 13:31:51.564,8.11884,8.1203,1.00,1.00
2017.10.16 13:31:52.968,8.11865,8.12012,1.00,1.00
2017.10.16 13:31:53.019,8.11862,8.12001,1.00,1.00
2017.10.16 13:31:53.414,8.11862,8.11999,1.00,1.00
2017.10.16 13:31:54.590,8.11862,8.11993,1.00,1.00
2017.10.16 13:31:54.925,8.11862,8.11986,1.00,1.00
2017.10.16 13:31:57.282,8.11841,8.11972,1.00,1.00
2017.10.16 13:31:57.333,8.1182,8.11965,1.00,1.00
2017.10.16 13:31:57.690,8.11818,8.11964,1.50,1.50
2017.10.16 13:31:58.830,8.11834,8.11976,1.00,1.00
2017.10.16 13:31:58.882,8.11829,8.11975,1.00,1.00
2017.10.16 13:31:59.943,8.11845,8.11975,1.00,1.00
2017.10.16 13:32:00.238,8.11845,8.11982,1.00,1.00
2017.10.16 13:32:00.340,8.11848,8.11994,1.00,1.00
2017.10.16 13:32:00.702,8.11851,8.11997,1.00,1.00
2017.10.16 13:32:01.170,8.11867,8.11996,1.00,1.00
2017.10.16 13:32:01.692,8.11867,8.11997,1.00,1.00
2017.10.16 13:32:02.185,8.11866,8.11995,1.00,1.00
2017.10.16 13:32:03.466,8.11868,8.11995,1.00,1.00
2017.10.16 13:32:03.567,8.11866,8.11994,1.00,1.00
2017.10.16 13:32:05.195,8.1187,8.11998,1.00,1.00
2017.10.16 13:32:05.497,8.11863,8.11983,1.00,1.00
2017.10.16 13:32:05.751,8.11832,8.11953,1.00,1.00
2017.10.16 13:32:05.928,8.11829,8.11949,1.00,1.00
2017.10.16 13:32:07.134,8.1184,8.11962,1.00,1.00
2017.10.16 13:32:07.259,8.11845,8.11981,1.00,1.00
2017.10.16 13:32:07.310,8.11874,8.12006,1.00,1.00
2017.10.16 13:32:07.361,8.11877,8.12011,1.00,1.00
2017.10.16 13:32:07.412,8.11868,8.12003,1.00,1.00
2017.10.16 13:32:07.465,8.11876,8.12012,1.00,1.00
2017.10.16 13:32:07.566,8.11879,8.12015,1.00,1.50
2017.10.16 13:32:08.082,8.1188,8.12015,1.00,1.00
2017.10.16 13:32:08.440,8.11886,8.12015,1.00,1.00
2017.10.16 13:32:09.046,8.11893,8.12013,1.00,1.00
2017.10.16 13:32:09.535,8.11889,8.12009,1.00,1.00
2017.10.16 13:32:10.073,8.11888,8.12009,1.00,1.00
2017.10.16 13:32:10.403,8.11886,8.12007,1.00,1.00
2017.10.16 13:32:10.752,8.11891,8.12011,1.00,1.00
2017.10.16 13:32:10.802,8.11895,8.12016,1.00,1.00
2017.10.16 13:32:10.853,8.11885,8.12005,1.00,1.00
2017.10.16 13:32:11.186,8.11891,8.12011,1.00,1.00
2017.10.16 13:32:11.932,8.11896,8.12015,1.00,1.00
2017.10.16 13:32:11.982,8.11891,8.12011,1.00,1.00
2017.10.16 13:32:12.701,8.1189,8.1201,1.00,1.00
2017.10.16 13:32:13.173,8.11894,8.12015,1.00,1.00
2017.10.16 13:32:13.635,8.11889,8.12011,1.00,1.00
2017.10.16 13:32:14.533,8.11894,8.12015,1.00,1.00
2017.10.16 13:32:15.258,8.11889,8.1201,1.00,1.00
2017.10.16 13:32:15.656,8.11885,8.12006,1.00,1.00
2017.10.16 13:32:18.204,8.11877,8.12007,1.00,1.00
2017.10.16 13:32:18.255,8.11864,8.11999,1.00,1.00
2017.10.16 13:32:18.306,8.11861,8.11994,1.00,1.00
2017.10.16 13:32:18.639,8.11856,8.11991,1.00,1.00
2017.10.16 13:32:19.432,8.11894,8.12045,1.60,1.00
2017.10.16 13:32:19.483,8.11935,8.12045,1.00,1.00
2017.10.16 13:32:19.534,8.11932,8.12073,1.00,1.00
2017.10.16 13:32:19.686,8.11936,8.12076,1.00,1.00
2017.10.16 13:32:20.242,8.11934,8.1207,1.00,1.00
2017.10.16 13:32:20.546,8.11943,8.12064,1.00,1.00
2017.10.16 13:32:20.782,8.11938,8.1206,1.00,1.00
2017.10.16 13:32:20.985,8.11907,8.12033,1.50,1.00
2017.10.16 13:32:21.036,8.11908,8.12029,1.00,1.00
2017.10.16 13:32:21.606,8.11907,8.12028,1.00,1.00
2017.10.16 13:32:23.599,8.11903,8.12025,1.00,1.00
2017.10.16 13:32:23.650,8.11875,8.12001,1.60,1.00
2017.10.16 13:32:23.701,8.11875,8.12001,1.00,1.00
2017.10.16 13:32:23.752,8.11871,8.11993,1.00,1.00
2017.10.16 13:32:24.340,8.11866,8.11988,1.00,1.00
2017.10.16 13:32:24.847,8.11865,8.11983,1.00,1.00
2017.10.16 13:32:26.051,8.11867,8.11988,1.00,1.00
2017.10.16 13:32:26.729,8.1187,8.11992,1.00,1.00
2017.10.16 13:32:27.109,8.11874,8.11995,1.00,1.00
2017.10.16 13:32:27.335,8.11871,8.11993,1.00,1.00
2017.10.16 13:32:27.437,8.11867,8.11989,1.00,1.00
2017.10.16 13:32:27.979,8.11868,8.11988,1.00,1.00
2017.10.16 13:32:28.375,8.11865,8.11987,1.00,1.00
2017.10.16 13:32:28.529,8.1186,8.11982,1.00,1.00
2017.10.16 13:32:29.505,8.11867,8.11989,1.00,1.00
2017.10.16 13:32:30.041,8.11881,8.12003,1.00,1.00
2017.10.16 13:32:30.348,8.11887,8.12008,1.00,1.00
2017.10.16 13:32:30.490,8.11898,8.1202,1.00,1.00
2017.10.16 13:32:30.791,8.11909,8.1203,1.00,1.00
2017.10.16 13:32:30.842,8.11912,8.12034,1.00,1.00
2017.10.16 13:32:30.893,8.11909,8.1203,1.00,1.00
2017.10.16 13:32:31.781,8.11904,8.12026,1.00,1.00
2017.10.16 13:32:32.267,8.11899,8.1202,1.00,1.00
2017.10.16 13:32:32.641,8.11891,8.12024,1.00,1.00
2017.10.16 13:32:32.845,8.11875,8.12008,1.00,1.00
2017.10.16 13:32:32.998,8.11858,8.12,1.00,1.00
2017.10.16 13:32:33.596,8.11856,8.11999,1.00,1.00
2017.10.16 13:32:34.138,8.11853,8.11995,1.00,1.00
2017.10.16 13:32:34.678,8.11855,8.11997,1.00,1.00
2017.10.16 13:32:35.000,8.11859,8.12,1.00,1.00
2017.10.16 13:32:36.990,8.11855,8.11998,1.00,1.00
2017.10.16 13:32:37.762,8.11862,8.11983,1.00,1.00
2017.10.16 13:32:37.816,8.11859,8.11981,1.00,1.00
2017.10.16 13:32:37.965,8.11849,8.11971,1.00,1.00
2017.10.16 13:32:38.518,8.11839,8.11966,1.00,1.00
2017.10.16 13:32:38.933,8.11834,8.11966,1.00,1.00
2017.10.16 13:32:38.985,8.11823,8.11964,1.00,1.00
2017.10.16 13:32:39.040,8.11814,8.11958,1.00,1.00
2017.10.16 13:32:39.092,8.1181,8.11939,1.00,1.00
2017.10.16 13:32:39.594,8.11809,8.11942,1.00,1.00
2017.10.16 13:32:39.645,8.11815,8.11942,1.00,1.00
2017.10.16 13:32:40.227,8.11821,8.11942,1.00,1.00
2017.10.16 13:32:40.279,8.11815,8.11942,1.00,1.00
2017.10.16 13:32:40.330,8.1182,8.11942,1.00,1.00
2017.10.16 13:32:40.915,8.11825,8.11942,1.00,1.00
2017.10.16 13:32:41.426,8.11828,8.11942,1.00,1.00
2017.10.16 13:32:41.826,8.11824,8.11942,1.00,1.00
2017.10.16 13:32:41.946,8.11828,8.11942,1.00,1.00
2017.10.16 13:32:42.505,8.11817,8.11936,1.00,1.00
2017.10.16 13:32:42.556,8.11804,8.11923,1.00,1.00
2017.10.16 13:32:42.607,8.11795,8.11916,1.00,1.00
2017.10.16 13:32:42.759,8.11786,8.11908,1.00,1.00
2017.10.16 13:32:42.912,8.11778,8.11899,1.00,1.00
2017.10.16 13:32:44.011,8.11772,8.11894,1.00,1.00
2017.10.16 13:32:45.460,8.11763,8.11885,1.50,1.00
2017.10.16 13:32:45.764,8.11745,8.11867,1.00,1.00
2017.10.16 13:32:46.068,8.11722,8.11843,1.00,1.00
2017.10.16 13:32:46.376,8.11713,8.11834,1.00,1.00
2017.10.16 13:32:46.427,8.11704,8.11826,1.00,1.00
2017.10.16 13:32:47.240,8.11698,8.1182,1.00,1.00
2017.10.16 13:32:47.544,8.11705,8.11826,1.00,1.00
2017.10.16 13:32:47.646,8.11713,8.11835,1.00,1.00
2017.10.16 13:32:47.747,8.11716,8.11838,1.00,1.00
2017.10.16 13:32:48.048,8.11726,8.11848,1.00,1.00
2017.10.16 13:32:48.353,8.11731,8.11853,1.00,1.00
2017.10.16 13:32:48.690,8.11733,8.11854,1.00,1.00
2017.10.16 13:32:49.345,8.11724,8.11846,1.00,1.00
2017.10.16 13:32:49.651,8.11723,8.11844,1.00,1.00
2017.10.16 13:32:50.072,8.11719,8.1184,1.00,1.00
2017.10.16 13:32:50.173,8.1172,8.11842,1.00,1.00
2017.10.16 13:32:52.224,8.11724,8.11845,1.00,1.00
2017.10.16 13:32:52.544,8.11719,8.1184,1.50,1.00
2017.10.16 13:32:53.221,8.11719,8.11839,1.00,1.00
2017.10.16 13:32:53.272,8.11722,8.11843,1.00,1.00
2017.10.16 13:32:54.183,8.11719,8.11839,1.00,1.00
2017.10.16 13:32:56.834,8.11719,8.1184,1.50,1.00
2017.10.16 13:32:57.541,8.11722,8.11843,1.00,1.00
2017.10.16 13:32:58.236,8.11723,8.11844,1.00,1.00
2017.10.16 13:32:59.277,8.11719,8.11838,1.00,1.00
2017.10.16 13:32:59.378,8.11721,8.11843,1.00,1.00
2017.10.16 13:32:59.754,8.11719,8.11838,1.00,1.00
2017.10.16 13:33:00.300,8.11719,8.11839,1.00,1.00
2017.10.16 13:33:00.557,8.11722,8.11844,1.00,1.00
2017.10.16 13:33:02.299,8.11724,8.11846,1.00,1.00
2017.10.16 13:33:05.867,8.11719,8.11839,1.00,1.00
2017.10.16 13:33:07.564,8.11722,8.11843,1.00,1.00
2017.10.16 13:33:09.829,8.11719,8.11839,1.00,1.00
2017.10.16 13:33:11.819,8.11719,8.11838,1.00,1.00
2017.10.16 13:33:14.846,8.11734,8.11855,1.00,1.00
2017.10.16 13:33:14.991,8.11738,8.11859,1.00,1.00
2017.10.16 13:33:15.042,8.11761,8.11883,1.00,1.00
2017.10.16 13:33:15.144,8.11758,8.11879,1.00,1.00
2017.10.16 13:33:17.546,8.11767,8.11888,1.00,1.00
2017.10.16 13:33:17.699,8.11759,8.11881,1.00,1.00
2017.10.16 13:33:18.017,8.11757,8.11876,1.50,1.00
2017.10.16 13:33:18.173,8.11761,8.11882,1.00,1.00
2017.10.16 13:33:18.686,8.11759,8.1188,1.00,1.00
2017.10.16 13:33:19.757,8.11767,8.11889,1.00,1.00
2017.10.16 13:33:19.859,8.11762,8.11884,1.00,1.00
2017.10.16 13:33:21.744,8.11759,8.1188,1.00,1.00
2017.10.16 13:33:24.196,8.1178,8.11908,1.00,1.00
2017.10.16 13:33:24.247,8.11782,8.1191,1.00,1.00
2017.10.16 13:33:24.560,8.11788,8.11916,1.00,1.00
2017.10.16 13:33:24.893,8.11795,8.11917,1.00,1.00
2017.10.16 13:33:25.518,8.1181,8.11936,1.00,1.00
2017.10.16 13:33:25.876,8.11797,8.11925,1.00,1.00
2017.10.16 13:33:25.928,8.11805,8.11927,1.00,1.00
2017.10.16 13:33:26.238,8.11809,8.11929,1.00,1.00
2017.10.16 13:33:26.693,8.11823,8.11945,1.00,1.50
2017.10.16 13:33:27.051,8.1182,8.11941,1.00,1.00
2017.10.16 13:33:27.626,8.11814,8.11935,1.00,1.00
2017.10.16 13:33:27.954,8.1181,8.11932,1.00,1.00
2017.10.16 13:33:29.617,8.11814,8.11935,1.00,1.00
2017.10.16 13:33:30.697,8.11819,8.11938,1.00,1.00
2017.10.16 13:33:31.500,8.11822,8.11943,1.00,1.00
2017.10.16 13:33:32.374,8.11819,8.11941,1.00,1.00
2017.10.16 13:33:32.642,8.1183,8.11945,1.00,1.00
2017.10.16 13:33:32.694,8.11826,8.11945,1.00,1.00
2017.10.16 13:33:33.066,8.11822,8.11944,1.00,1.00
2017.10.16 13:33:33.882,8.11811,8.11933,1.00,1.00
2017.10.16 13:33:34.311,8.11823,8.11944,1.00,1.00
2017.10.16 13:33:34.464,8.11809,8.11931,1.00,1.00
2017.10.16 13:33:34.515,8.11813,8.11934,1.00,1.00
2017.10.16 13:33:36.961,8.11818,8.11939,1.00,1.00
2017.10.16 13:33:37.012,8.11819,8.11941,1.00,1.00
2017.10.16 13:33:37.706,8.11828,8.11945,1.00,1.00
2017.10.16 13:33:38.863,8.11828,8.1195,1.00,1.00
2017.10.16 13:33:39.168,8.11831,8.11952,1.00,1.00
2017.10.16 13:33:39.219,8.11835,8.11957,1.00,1.00
2017.10.16 13:33:39.321,8.11843,8.11964,1.00,1.00
2017.10.16 13:33:40.623,8.11838,8.1196,1.00,1.00
2017.10.16 13:33:41.806,8.11841,8.1196,1.00,1.00
2017.10.16 13:33:43.571,8.11835,8.11956,1.00,1.00
2017.10.16 13:33:45.055,8.11836,8.11956,1.00,1.00
2017.10.16 13:33:47.388,8.11838,8.11959,1.00,1.00
2017.10.16 13:33:49.536,8.11833,8.11955,1.00,1.00
2017.10.16 13:33:49.638,8.11827,8.11969,1.00,1.50
2017.10.16 13:33:49.790,8.11837,8.11959,1.00,1.00
2017.10.16 13:33:50.392,8.11831,8.11952,1.00,1.00
2017.10.16 13:33:51.187,8.11822,8.11943,1.00,1.00
2017.10.16 13:33:51.545,8.11813,8.11932,1.00,1.00
2017.10.16 13:33:51.748,8.11804,8.11944,1.00,1.00
2017.10.16 13:33:52.462,8.1181,8.11932,1.00,1.00
2017.10.16 13:33:53.055,8.1183,8.11948,1.00,1.00
2017.10.16 13:33:53.156,8.11833,8.11955,1.00,1.00
2017.10.16 13:33:53.844,8.11833,8.11954,1.00,1.00
2017.10.16 13:33:54.257,8.1183,8.11965,1.00,1.00
2017.10.16 13:33:54.572,8.11834,8.11966,1.00,1.00
2017.10.16 13:33:54.822,8.11849,8.11984,1.00,1.00
2017.10.16 13:33:54.873,8.11853,8.11988,1.00,1.00
2017.10.16 13:33:55.190,8.11857,8.11992,1.00,1.50
2017.10.16 13:33:55.510,8.11854,8.11975,1.00,1.00
2017.10.16 13:33:55.612,8.11854,8.11977,1.00,1.00
2017.10.16 13:33:55.664,8.11861,8.11984,1.00,1.00
2017.10.16 13:33:56.958,8.11858,8.11981,1.00,1.00
2017.10.16 13:33:57.438,8.11862,8.11985,1.00,1.00
2017.10.16 13:33:58.020,8.11857,8.1198,1.00,1.00
2017.10.16 13:33:58.282,8.11846,8.11981,1.00,1.00
2017.10.16 13:33:58.334,8.11845,8.11966,1.00,1.00
2017.10.16 13:34:00.174,8.11851,8.11972,1.00,1.00
2017.10.16 13:34:00.492,8.11829,8.1195,1.00,1.00
2017.10.16 13:34:00.798,8.11847,8.11967,1.00,1.00
2017.10.16 13:34:01.149,8.11872,8.11967,1.00,1.00
2017.10.16 13:34:01.201,8.11864,8.11985,1.00,1.00
2017.10.16 13:34:02.113,8.11864,8.11984,1.00,1.00
2017.10.16 13:34:02.266,8.11856,8.11977,1.00,1.00
2017.10.16 13:34:03.239,8.11838,8.11956,1.00,1.00
2017.10.16 13:34:03.290,8.11831,8.11952,1.00,1.00
2017.10.16 13:34:03.775,8.11829,8.1195,1.00,1.00
2017.10.16 13:34:04.680,8.11825,8.11944,1.00,1.00
2017.10.16 13:34:05.106,8.11826,8.11947,1.00,1.00
2017.10.16 13:34:09.314,8.11828,8.11947,1.00,1.00
2017.10.16 13:34:09.365,8.11821,8.11942,1.00,1.00
2017.10.16 13:34:09.472,8.11816,8.11937,1.00,1.00
2017.10.16 13:34:09.794,8.11803,8.11924,1.00,1.00
2017.10.16 13:34:09.862,8.1181,8.11932,1.00,1.00
2017.10.16 13:34:11.937,8.11812,8.11933,1.00,1.00
2017.10.16 13:34:12.598,8.11814,8.11935,1.00,1.00
2017.10.16 13:34:12.905,8.11795,8.11916,1.00,1.00
2017.10.16 13:34:13.209,8.11801,8.11922,1.00,1.00
2017.10.16 13:34:16.946,8.11801,8.11921,1.00,1.00
2017.10.16 13:34:17.225,8.11802,8.11935,1.00,1.00
2017.10.16 13:34:18.907,8.11785,8.11915,1.00,1.00
2017.10.16 13:34:19.210,8.11785,8.11927,1.00,1.00
2017.10.16 13:34:19.261,8.11798,8.11927,1.00,1.00
2017.10.16 13:34:19.312,8.11798,8.11935,1.00,1.00
2017.10.16 13:34:20.490,8.11783,8.11919,1.00,1.00
2017.10.16 13:34:20.541,8.11781,8.11919,1.00,1.00
2017.10.16 13:34:20.693,8.11781,8.11916,1.00,1.00
2017.10.16 13:34:21.363,8.11781,8.11919,1.00,1.00
2017.10.16 13:34:21.414,8.11787,8.11924,1.00,1.00
2017.10.16 13:34:21.718,8.11796,8.11917,1.00,1.00
2017.10.16 13:34:21.971,8.11796,8.11936,1.00,1.00
2017.10.16 13:34:22.337,8.11783,8.11905,1.00,1.00
2017.10.16 13:34:22.388,8.11783,8.11924,1.00,1.00
2017.10.16 13:34:22.439,8.1178,8.11924,1.00,1.00
2017.10.16 13:34:24.215,8.11776,8.11921,1.00,1.00
2017.10.16 13:34:24.266,8.11775,8.11915,1.00,1.00
2017.10.16 13:34:24.645,8.11777,8.11915,1.00,1.00
2017.10.16 13:34:25.002,8.11789,8.11924,1.00,1.00
2017.10.16 13:34:25.436,8.11808,8.11924,1.00,1.00
2017.10.16 13:34:26.968,8.1181,8.11924,1.00,1.00
2017.10.16 13:34:27.314,8.11795,8.11916,1.00,1.00
2017.10.16 13:34:29.235,8.1179,8.11907,1.00,1.00
2017.10.16 13:34:29.287,8.1179,8.11923,1.00,1.00
2017.10.16 13:34:29.388,8.11817,8.11938,1.00,1.00
2017.10.16 13:34:29.689,8.11867,8.11987,1.00,1.00
2017.10.16 13:34:30.033,8.11878,8.11998,1.00,1.00
2017.10.16 13:34:30.375,8.11849,8.11969,1.00,1.00
2017.10.16 13:34:30.796,8.11846,8.11964,1.00,1.00
2017.10.16 13:34:31.302,8.11848,8.11969,1.00,1.00
2017.10.16 13:34:31.353,8.11838,8.11958,1.00,1.00
2017.10.16 13:34:31.740,8.11842,8.11962,1.00,1.00
2017.10.16 13:34:32.518,8.11848,8.11966,1.00,1.00
2017.10.16 13:34:33.318,8.1185,8.1197,1.00,1.00
2017.10.16 13:34:35.993,8.11849,8.1197,1.00,1.00
2017.10.16 13:34:37.204,8.11845,8.11965,1.00,1.00
2017.10.16 13:34:38.167,8.1184,8.11962,1.00,1.00
2017.10.16 13:34:38.669,8.1184,8.11961,1.00,1.00
2017.10.16 13:34:39.346,8.11837,8.11958,1.00,1.00
2017.10.16 13:34:41.998,8.11835,8.11956,1.00,1.00
2017.10.16 13:34:45.880,8.11849,8.11969,1.00,1.00
2017.10.16 13:34:46.032,8.11858,8.11979,1.00,1.00
2017.10.16 13:34:46.738,8.11862,8.11982,1.00,1.00
2017.10.16 13:34:47.380,8.11866,8.11987,1.00,1.00
2017.10.16 13:34:47.899,8.11865,8.11986,1.00,1.00
2017.10.16 13:34:48.001,8.11853,8.11972,1.00,1.00
2017.10.16 13:34:48.305,8.11852,8.1197,1.00,1.00
2017.10.16 13:34:48.871,8.11852,8.11973,1.00,1.00
2017.10.16 13:34:50.395,8.11857,8.11978,1.00,1.00
2017.10.16 13:34:50.954,8.11851,8.11972,1.00,1.00
2017.10.16 13:34:51.291,8.11877,8.11998,1.00,1.00
2017.10.16 13:34:51.685,8.11881,8.12002,1.00,1.00
2017.10.16 13:34:52.027,8.11885,8.12006,1.00,1.00
2017.10.16 13:34:52.765,8.11889,8.1201,1.00,1.00
2017.10.16 13:34:53.836,8.11887,8.12005,1.00,1.00
2017.10.16 13:34:53.887,8.11899,8.12019,1.00,1.00
2017.10.16 13:34:53.938,8.11904,8.12025,1.00,1.00
2017.10.16 13:34:54.039,8.11908,8.12028,1.00,1.00
2017.10.16 13:34:54.376,8.11912,8.12031,1.00,1.00
2017.10.16 13:34:54.641,8.11915,8.12036,1.00,1.00
2017.10.16 13:34:54.744,8.11923,8.12043,1.00,1.00
2017.10.16 13:34:54.796,8.11928,8.12049,1.00,1.00
2017.10.16 13:34:55.102,8.11916,8.12037,1.00,1.00
2017.10.16 13:34:56.730,8.11915,8.12036,1.00,1.00
2017.10.16 13:34:57.105,8.11917,8.12036,1.00,1.00
2017.10.16 13:34:57.298,8.11915,8.12035,1.00,1.00
2017.10.16 13:35:00.393,8.11927,8.12048,1.00,1.00
2017.10.16 13:35:00.553,8.11915,8.12036,1.00,1.00
2017.10.16 13:35:00.858,8.11917,8.12037,1.00,1.00
2017.10.16 13:35:00.909,8.1193,8.12051,1.00,1.00
2017.10.16 13:35:00.960,8.11935,8.12053,1.00,1.00
2017.10.16 13:35:01.011,8.1194,8.1206,1.00,1.00
2017.10.16 13:35:01.063,8.11936,8.12057,1.00,1.00
2017.10.16 13:35:01.213,8.11939,8.1206,1.00,1.00
2017.10.16 13:35:01.518,8.11943,8.12064,1.00,1.00
2017.10.16 13:35:02.528,8.11947,8.12068,1.00,1.00
2017.10.16 13:35:02.857,8.1194,8.12061,1.00,1.00
2017.10.16 13:35:03.932,8.11944,8.12064,1.00,1.00
2017.10.16 13:35:05.750,8.1194,8.1206,1.00,1.00
2017.10.16 13:35:05.977,8.11943,8.12064,1.00,1.00
2017.10.16 13:35:06.523,8.11935,8.12056,1.00,1.00
2017.10.16 13:35:06.851,8.11931,8.12052,1.60,1.00
2017.10.16 13:35:06.901,8.11935,8.12056,1.00,1.00
2017.10.16 13:35:08.146,8.1194,8.1206,1.00,1.00
2017.10.16 13:35:09.444,8.11939,8.1206,1.00,1.00
2017.10.16 13:35:09.767,8.11934,8.12055,1.00,1.00
2017.10.16 13:35:12.097,8.11936,8.12057,1.00,1.00
2017.10.16 13:35:13.935,8.11921,8.12041,1.00,1.00
2017.10.16 13:35:14.036,8.11917,8.12038,1.00,1.00
2017.10.16 13:35:14.302,8.11922,8.12043,1.00,1.00
2017.10.16 13:35:15.866,8.11902,8.12041,1.35,1.00
2017.10.16 13:35:15.917,8.1192,8.1204,1.00,1.00
2017.10.16 13:35:17.688,8.11922,8.12042,1.00,1.00
2017.10.16 13:35:18.926,8.11919,8.1204,1.00,1.00
2017.10.16 13:35:21.347,8.11916,8.12037,1.00,1.00
2017.10.16 13:35:21.971,8.11915,8.12035,1.00,1.00
2017.10.16 13:35:22.024,8.11927,8.12048,1.00,1.00
2017.10.16 13:35:22.177,8.11939,8.1206,1.00,1.00
2017.10.16 13:35:22.482,8.11951,8.12072,1.00,1.00
2017.10.16 13:35:22.786,8.11961,8.1208,1.00,1.00
2017.10.16 13:35:23.182,8.11959,8.12078,1.00,1.00
2017.10.16 13:35:23.502,8.11962,8.12083,1.00,1.00
2017.10.16 13:35:23.553,8.11958,8.12076,1.00,1.00
2017.10.16 13:35:23.605,8.11943,8.12064,1.00,1.00
2017.10.16 13:35:23.656,8.11936,8.12055,1.60,1.00
2017.10.16 13:35:23.910,8.11936,8.12057,1.60,1.00
2017.10.16 13:35:24.114,8.11946,8.12067,1.00,1.00
2017.10.16 13:35:24.929,8.11955,8.12076,1.00,1.00
2017.10.16 13:35:26.012,8.11968,8.12089,1.00,1.00
2017.10.16 13:35:26.316,8.11975,8.12096,1.00,1.00
2017.10.16 13:35:26.843,8.11977,8.12098,1.00,1.00
2017.10.16 13:35:27.148,8.11964,8.12085,1.00,1.00
2017.10.16 13:35:27.485,8.11966,8.12087,1.00,1.00
2017.10.16 13:35:27.843,8.1197,8.1209,1.00,1.00
2017.10.16 13:35:29.393,8.11957,8.12078,1.00,1.00
2017.10.16 13:35:29.650,8.11959,8.1208,1.00,1.00
2017.10.16 13:35:29.997,8.11971,8.12091,1.00,1.00
2017.10.16 13:35:31.240,8.11967,8.12087,1.00,1.00
2017.10.16 13:35:32.305,8.11966,8.12087,1.00,1.00
2017.10.16 13:35:33.611,8.11952,8.12073,1.00,1.00
2017.10.16 13:35:33.915,8.11928,8.12049,1.60,1.00
2017.10.16 13:35:34.017,8.11928,8.12049,1.00,1.00
2017.10.16 13:35:35.320,8.11933,8.12053,1.00,1.00
2017.10.16 13:35:36.352,8.11938,8.12059,1.00,1.00
2017.10.16 13:35:36.556,8.11934,8.12055,1.00,1.00
2017.10.16 13:35:37.990,8.11939,8.12057,1.00,1.00
2017.10.16 13:35:39.483,8.11932,8.12051,1.00,1.00
2017.10.16 13:35:39.699,8.11926,8.12051,1.00,1.00
2017.10.16 13:35:40.375,8.11923,8.12046,1.00,1.00
2017.10.16 13:35:40.623,8.11918,8.12043,1.00,1.00
2017.10.16 13:35:40.724,8.11892,8.12017,1.60,1.00
2017.10.16 13:35:40.827,8.119,8.12021,1.00,1.00
2017.10.16 13:35:40.979,8.119,8.12021,1.60,1.00
2017.10.16 13:35:41.080,8.119,8.12021,1.00,1.00
2017.10.16 13:35:41.370,8.11903,8.12023,1.00,1.00
2017.10.16 13:35:41.421,8.11912,8.12033,1.00,1.00
2017.10.16 13:35:42.118,8.1191,8.1203,1.00,1.00
2017.10.16 13:35:42.588,8.11907,8.12028,1.00,1.00
2017.10.16 13:35:42.980,8.11901,8.12022,1.00,1.00
2017.10.16 13:35:43.283,8.11905,8.12025,1.00,1.00
2017.10.16 13:35:43.807,8.11911,8.12032,1.00,1.00
2017.10.16 13:35:43.858,8.1192,8.12041,1.00,1.00
2017.10.16 13:35:44.200,8.11904,8.12024,1.00,1.00
2017.10.16 13:35:44.602,8.11908,8.12026,1.00,1.00
2017.10.16 13:35:44.816,8.11911,8.12032,1.00,1.00
2017.10.16 13:35:44.867,8.11921,8.1204,1.00,1.00
2017.10.16 13:35:45.633,8.11917,8.12037,1.00,1.00
2017.10.16 13:35:45.684,8.11911,8.12032,1.00,1.00
2017.10.16 13:35:45.734,8.11907,8.12028,1.60,1.00
2017.10.16 13:35:46.264,8.11907,8.12028,1.00,1.00
2017.10.16 13:35:46.316,8.11894,8.12025,1.60,1.00
2017.10.16 13:35:46.367,8.11902,8.12023,1.00,1.00
2017.10.16 13:35:46.670,8.1193,8.12049,1.00,1.00
2017.10.16 13:35:47.010,8.11939,8.12059,1.35,1.00
2017.10.16 13:35:47.061,8.11943,8.12063,1.00,1.00
2017.10.16 13:35:47.402,8.11953,8.1207,1.00,1.00
2017.10.16 13:35:47.453,8.11956,8.12077,1.00,1.00
2017.10.16 13:35:47.504,8.11958,8.12078,1.00,1.00
2017.10.16 13:35:47.839,8.1195,8.12071,1.00,1.00
2017.10.16 13:35:48.161,8.11941,8.12061,1.00,1.00
2017.10.16 13:35:48.263,8.11914,8.12035,1.00,1.00
2017.10.16 13:35:48.314,8.11909,8.1203,1.00,1.00
2017.10.16 13:35:48.873,8.11913,8.12034,1.00,1.00
2017.10.16 13:35:49.498,8.11905,8.12025,1.00,1.00
2017.10.16 13:35:49.802,8.1191,8.1203,1.00,1.00
2017.10.16 13:35:50.448,8.11904,8.12025,1.00,1.00
2017.10.16 13:35:50.554,8.1191,8.1203,1.00,1.00
2017.10.16 13:35:50.706,8.1192,8.12041,1.00,1.00
2017.10.16 13:35:50.757,8.11924,8.12044,1.00,1.00
2017.10.16 13:35:50.858,8.11917,8.12038,1.00,1.00
2017.10.16 13:35:51.567,8.11922,8.12042,1.00,1.00
2017.10.16 13:35:51.618,8.11927,8.12048,1.00,1.00
2017.10.16 13:35:51.770,8.11934,8.12054,1.00,1.00
2017.10.16 13:35:51.924,8.11929,8.1205,1.00,1.00
2017.10.16 13:35:52.404,8.11936,8.12056,1.00,1.00
2017.10.16 13:35:52.798,8.11939,8.12057,1.00,1.00
2017.10.16 13:35:54.329,8.11944,8.12057,1.00,1.00
2017.10.16 13:35:54.657,8.11948,8.12057,1.00,1.00
2017.10.16 13:35:54.853,8.11948,8.12069,1.00,1.00
2017.10.16 13:35:56.212,8.11956,8.12077,1.00,1.00
2017.10.16 13:35:56.562,8.1195,8.12071,1.35,1.00
2017.10.16 13:35:57.129,8.1195,8.12071,1.60,1.00
2017.10.16 13:35:58.005,8.1195,8.12071,1.00,1.00
2017.10.16 13:35:59.871,8.11954,8.12075,1.00,1.00
2017.10.16 13:36:00.407,8.11947,8.12067,1.00,1.00
2017.10.16 13:36:00.458,8.11941,8.12062,1.00,1.00
2017.10.16 13:36:00.610,8.11951,8.12067,1.00,1.00
2017.10.16 13:36:00.915,8.12002,8.12067,1.00,1.00
2017.10.16 13:36:01.088,8.12008,8.12128,1.60,1.00
2017.10.16 13:36:01.139,8.12013,8.12133,1.00,1.00
2017.10.16 13:36:01.241,8.12013,8.12126,1.00,1.00
2017.10.16 13:36:01.546,8.12017,8.1213,1.00,1.00
2017.10.16 13:36:01.648,8.11996,8.12122,1.35,1.00
2017.10.16 13:36:01.890,8.12,8.12125,1.00,1.00
2017.10.16 13:36:01.991,8.12006,8.12132,1.00,1.00
2017.10.16 13:36:02.042,8.12004,8.12117,1.00,1.00
2017.10.16 13:36:02.659,8.11998,8.12111,1.00,1.00
2017.10.16 13:36:02.963,8.11977,8.1209,1.00,1.00
2017.10.16 13:36:03.493,8.12004,8.12115,1.00,1.00
2017.10.16 13:36:03.544,8.12002,8.12116,1.00,1.00
2017.10.16 13:36:03.697,8.12007,8.1212,1.00,1.00
2017.10.16 13:36:04.002,8.11997,8.12111,1.60,1.00
2017.10.16 13:36:04.517,8.11999,8.12112,1.60,1.00
2017.10.16 13:36:04.743,8.12003,8.12116,1.00,1.00
2017.10.16 13:36:05.292,8.11994,8.12107,1.00,1.00
2017.10.16 13:36:05.444,8.12004,8.12118,1.00,1.00
2017.10.16 13:36:05.546,8.11995,8.12108,1.00,1.00
2017.10.16 13:36:05.698,8.12001,8.12115,1.00,1.00
2017.10.16 13:36:06.140,8.12001,8.12115,1.60,1.00
2017.10.16 13:36:06.620,8.12001,8.12115,1.00,1.00
2017.10.16 13:36:07.321,8.12014,8.12128,1.00,1.00
2017.10.16 13:36:07.625,8.12013,8.12126,1.00,1.00
2017.10.16 13:36:07.936,8.12005,8.12118,1.00,1.00
2017.10.16 13:36:08.305,8.12002,8.12113,1.00,1.00
2017.10.16 13:36:08.406,8.12,8.12114,1.00,1.00
2017.10.16 13:36:08.508,8.11996,8.12109,1.00,1.00
2017.10.16 13:36:08.913,8.11983,8.12094,1.00,1.00
2017.10.16 13:36:09.252,8.11992,8.12105,1.00,1.00
2017.10.16 13:36:09.303,8.12,8.12113,1.00,1.00
2017.10.16 13:36:09.687,8.12002,8.12115,1.00,1.00
2017.10.16 13:36:10.003,8.11997,8.1211,1.00,1.00
2017.10.16 13:36:10.163,8.11991,8.12105,1.00,1.00
2017.10.16 13:36:10.872,8.12,8.12113,1.00,1.00
2017.10.16 13:36:11.189,8.1201,8.12121,1.00,1.00
2017.10.16 13:36:11.240,8.12014,8.12128,1.00,1.00
2017.10.16 13:36:11.705,8.12021,8.12131,1.00,1.00
2017.10.16 13:36:11.807,8.12016,8.12129,1.00,1.00
2017.10.16 13:36:11.858,8.12012,8.12125,1.00,1.00
2017.10.16 13:36:12.203,8.12021,8.12132,1.00,1.00
2017.10.16 13:36:12.346,8.12013,8.12126,1.00,1.00
2017.10.16 13:36:12.397,8.12017,8.1213,1.00,1.00
2017.10.16 13:36:14.336,8.12023,8.12136,1.00,1.00
2017.10.16 13:36:14.609,8.12036,8.1215,1.00,1.00
2017.10.16 13:36:15.333,8.12032,8.12145,1.00,1.00
2017.10.16 13:36:15.824,8.12039,8.12152,1.00,1.00
2017.10.16 13:36:16.072,8.12034,8.12148,1.00,1.00
2017.10.16 13:36:16.173,8.1204,8.12154,1.00,1.00
2017.10.16 13:36:17.267,8.12037,8.1215,1.00,1.00
2017.10.16 13:36:17.711,8.12043,8.12156,1.00,1.00
2017.10.16 13:36:18.047,8.12025,8.12138,1.00,1.00
2017.10.16 13:36:18.409,8.12015,8.12128,1.00,1.00
2017.10.16 13:36:18.986,8.12023,8.12134,1.00,1.00
2017.10.16 13:36:20.187,8.12026,8.12137,1.00,1.00
2017.10.16 13:36:20.496,8.12021,8.12135,1.00,1.00
2017.10.16 13:36:20.547,8.12018,8.12131,1.00,1.00
2017.10.16 13:36:20.940,8.12023,8.12136,1.00,1.00
2017.10.16 13:36:21.244,8.12032,8.12145,1.00,1.00
2017.10.16 13:36:24.556,8.12027,8.1214,1.00,1.00
2017.10.16 13:36:24.860,8.12021,8.12134,1.00,1.00
2017.10.16 13:36:25.218,8.12013,8.12126,1.00,1.00
2017.10.16 13:36:25.819,8.12014,8.12127,1.00,1.00
2017.10.16 13:36:26.121,8.1201,8.12122,1.00,1.00
2017.10.16 13:36:26.172,8.11998,8.12111,1.00,1.00
2017.10.16 13:36:27.186,8.11988,8.12101,1.00,1.00
2017.10.16 13:36:27.507,8.11983,8.12096,1.00,1.00
2017.10.16 13:36:29.554,8.11981,8.12094,1.00,1.00
2017.10.16 13:36:29.923,8.1198,8.12092,1.00,1.00
2017.10.16 13:36:31.686,8.11976,8.12089,1.00,1.00
2017.10.16 13:36:32.719,8.11969,8.12082,1.00,1.00
2017.10.16 13:36:34.076,8.11968,8.12082,1.00,1.00
2017.10.16 13:36:35.157,8.11955,8.12063,1.00,1.00
2017.10.16 13:36:35.209,8.11948,8.12059,1.00,1.00
2017.10.16 13:36:35.683,8.11941,8.12054,1.00,1.00
2017.10.16 13:36:36.428,8.11949,8.12062,1.00,1.00
2017.10.16 13:36:39.639,8.1193,8.12043,1.00,1.00
2017.10.16 13:36:39.953,8.11894,8.12007,1.00,1.00
2017.10.16 13:36:40.259,8.11879,8.11992,1.00,1.00
2017.10.16 13:36:41.422,8.11874,8.11987,1.00,1.00
2017.10.16 13:36:42.239,8.11876,8.11987,1.00,1.00
2017.10.16 13:36:42.845,8.11871,8.11984,1.00,1.00
2017.10.16 13:36:47.690,8.11875,8.11988,1.00,1.00
2017.10.16 13:36:47.994,8.11863,8.11976,1.00,1.00
2017.10.16 13:36:48.610,8.1187,8.11981,1.00,1.00
2017.10.16 13:36:51.196,8.11868,8.11982,1.00,1.00
2017.10.16 13:36:54.142,8.11875,8.12002,1.00,1.00
2017.10.16 13:36:55.108,8.1187,8.12002,1.00,1.00
2017.10.16 13:36:55.213,8.11873,8.12002,1.00,1.00
2017.10.16 13:36:55.314,8.1187,8.12002,1.00,1.00
2017.10.16 13:36:55.373,8.1187,8.12,1.00,1.00
2017.10.16 13:36:55.475,8.11861,8.11994,1.00,1.00
2017.10.16 13:36:55.526,8.11845,8.11978,1.00,1.00
2017.10.16 13:36:55.576,8.11837,8.11971,1.00,1.00
2017.10.16 13:36:55.738,8.11837,8.11966,1.00,1.00
2017.10.16 13:36:56.041,8.11859,8.11977,1.00,1.00
2017.10.16 13:36:56.143,8.11859,8.11993,1.00,1.00
2017.10.16 13:36:56.295,8.11876,8.11988,1.00,1.00
2017.10.16 13:36:56.663,8.11872,8.11986,1.00,1.00
2017.10.16 13:36:57.257,8.11871,8.11984,1.00,1.00
2017.10.16 13:36:57.497,8.11887,8.12001,1.00,1.00
2017.10.16 13:36:57.924,8.11894,8.12005,1.00,1.00
2017.10.16 13:37:04.136,8.11894,8.12008,1.00,1.00
2017.10.16 13:37:07.035,8.1189,8.12004,1.00,1.00
2017.10.16 13:37:08.497,8.11874,8.11988,1.00,1.00
2017.10.16 13:37:08.841,8.11866,8.11979,1.00,1.00
2017.10.16 13:37:09.150,8.11864,8.11995,1.00,1.00
2017.10.16 13:37:10.038,8.1185,8.11979,1.60,1.00
2017.10.16 13:37:10.089,8.11861,8.11985,1.00,1.00
2017.10.16 13:37:10.140,8.11876,8.1199,1.00,1.00
2017.10.16 13:37:10.616,8.11882,8.11995,1.00,1.00
2017.10.16 13:37:11.836,8.11885,8.11998,1.00,1.00
2017.10.16 13:37:11.925,8.1188,8.11994,1.00,1.00
2017.10.16 13:37:11.976,8.11873,8.11984,1.00,1.00
2017.10.16 13:37:12.027,8.11869,8.11982,1.00,1.00
2017.10.16 13:37:12.354,8.11867,8.11981,1.00,1.00
2017.10.16 13:37:13.782,8.11873,8.11987,1.00,1.00
2017.10.16 13:37:14.131,8.11879,8.11993,1.00,1.00
2017.10.16 13:37:14.435,8.11875,8.11989,1.00,1.00
2017.10.16 13:37:16.835,8.11851,8.11964,1.00,1.00
2017.10.16 13:37:17.374,8.1185,8.11963,1.00,1.00
2017.10.16 13:37:17.809,8.11855,8.11967,1.00,1.00
2017.10.16 13:37:18.969,8.11858,8.11971,1.00,1.00
2017.10.16 13:37:19.167,8.11856,8.1197,1.00,1.00
2017.10.16 13:37:24.676,8.11854,8.11968,1.00,1.00
2017.10.16 13:37:25.498,8.11824,8.11937,1.00,1.00
2017.10.16 13:37:25.824,8.11815,8.11926,1.00,1.00
2017.10.16 13:37:26.826,8.11816,8.11929,1.00,1.00
2017.10.16 13:37:27.054,8.11818,8.11931,1.00,1.00
2017.10.16 13:37:27.257,8.11801,8.11915,1.00,1.00
2017.10.16 13:37:27.410,8.1181,8.11924,1.00,1.00
2017.10.16 13:37:28.622,8.11806,8.11917,1.00,1.00
2017.10.16 13:37:29.478,8.11826,8.1194,1.00,1.00
2017.10.16 13:37:29.529,8.1183,8.11943,1.00,1.00
2017.10.16 13:37:29.631,8.11828,8.11942,1.00,1.00
2017.10.16 13:37:29.783,8.11832,8.11946,1.00,1.00
2017.10.16 13:37:30.099,8.11841,8.11955,1.00,1.00
2017.10.16 13:37:30.555,8.11843,8.11956,1.00,1.00
2017.10.16 13:37:30.913,8.11853,8.11966,1.00,1.50
2017.10.16 13:37:31.501,8.11857,8.11966,1.00,1.00
2017.10.16 13:37:31.815,8.11861,8.11966,1.00,1.00
2017.10.16 13:37:32.692,8.11861,8.11974,1.00,1.00
2017.10.16 13:37:32.845,8.11862,8.11983,1.00,1.00
2017.10.16 13:37:34.217,8.1186,8.11981,1.00,1.00
2017.10.16 13:37:39.289,8.11875,8.11993,1.00,1.00
2017.10.16 13:37:39.391,8.11878,8.11998,1.00,1.00
2017.10.16 13:37:39.858,8.1189,8.12004,1.00,1.00
2017.10.16 13:37:40.214,8.11932,8.12045,1.00,1.50
2017.10.16 13:37:40.471,8.1194,8.12054,1.00,1.00
2017.10.16 13:37:40.572,8.1195,8.12063,1.00,1.00
2017.10.16 13:37:40.892,8.11941,8.12053,1.00,1.00
2017.10.16 13:37:41.631,8.11949,8.12063,1.00,1.00
2017.10.16 13:37:44.448,8.11945,8.12059,1.00,1.00
2017.10.16 13:37:48.225,8.1194,8.12053,1.00,1.00
2017.10.16 13:37:48.550,8.11945,8.12058,1.00,1.00
2017.10.16 13:37:48.971,8.11949,8.12062,1.00,1.00
2017.10.16 13:37:49.672,8.11944,8.12057,1.00,1.00
2017.10.16 13:37:49.824,8.11949,8.12063,1.00,1.00
2017.10.16 13:37:50.027,8.11934,8.12048,1.00,1.00
2017.10.16 13:37:50.339,8.12012,8.12112,1.00,1.00
2017.10.16 13:37:50.644,8.12026,8.12112,1.00,1.00
2017.10.16 13:37:50.745,8.12034,8.12156,1.00,1.00
2017.10.16 13:37:50.968,8.12026,8.12145,1.00,1.00
2017.10.16 13:37:51.360,8.12032,8.12154,1.00,1.00
2017.10.16 13:37:51.511,8.12037,8.12159,1.00,1.00
2017.10.16 13:37:51.844,8.12032,8.12152,1.00,1.00
2017.10.16 13:37:52.198,8.12035,8.12157,1.00,1.00
2017.10.16 13:37:52.249,8.12031,8.12153,1.00,1.00
2017.10.16 13:37:52.555,8.11998,8.12112,1.00,1.00
2017.10.16 13:37:52.860,8.1199,8.12103,1.00,1.00
2017.10.16 13:37:54.341,8.11986,8.12099,1.00,1.00
2017.10.16 13:37:54.761,8.1198,8.12094,1.00,1.00
2017.10.16 13:37:54.813,8.11985,8.12099,1.00,1.00
2017.10.16 13:37:55.120,8.12006,8.1212,1.00,1.00
2017.10.16 13:37:55.795,8.12007,8.1212,1.00,1.00
2017.10.16 13:37:57.223,8.12016,8.1213,1.00,1.00
2017.10.16 13:37:57.568,8.1201,8.12124,1.00,1.00
2017.10.16 13:37:57.957,8.11999,8.12113,1.00,1.00
2017.10.16 13:37:59.721,8.12019,8.12131,1.00,1.00
2017.10.16 13:38:00.370,8.12012,8.12126,1.00,1.00
2017.10.16 13:38:00.573,8.12016,8.12129,1.00,1.00
2017.10.16 13:38:01.832,8.12003,8.12116,1.00,1.00
2017.10.16 13:38:02.746,8.12022,8.12133,1.00,1.00
2017.10.16 13:38:02.797,8.12013,8.12126,1.00,1.00
2017.10.16 13:38:02.849,8.1202,8.12134,1.00,1.00
2017.10.16 13:38:02.900,8.12025,8.12138,1.00,1.00
2017.10.16 13:38:03.417,8.12035,8.12148,1.00,1.00
2017.10.16 13:38:03.619,8.12038,8.12152,1.00,1.00
2017.10.16 13:38:04.255,8.12036,8.1215,1.00,1.00
2017.10.16 13:38:06.381,8.12031,8.12144,1.00,1.00
2017.10.16 13:38:07.276,8.12036,8.1215,1.00,1.00
2017.10.16 13:38:07.521,8.12029,8.12143,1.00,1.00
2017.10.16 13:38:08.016,8.1203,8.12141,1.00,1.00
2017.10.16 13:38:08.067,8.12033,8.12147,1.00,1.00
2017.10.16 13:38:09.614,8.12036,8.1215,1.00,1.00
2017.10.16 13:38:09.971,8.12031,8.12145,1.00,1.00
2017.10.16 13:38:12.442,8.12007,8.12115,1.00,1.00
2017.10.16 13:38:12.493,8.11998,8.12111,1.00,1.00
2017.10.16 13:38:12.908,8.11993,8.12106,1.00,1.00
2017.10.16 13:38:13.300,8.11988,8.12101,1.00,1.00
2017.10.16 13:38:13.710,8.11985,8.12097,1.00,1.00
2017.10.16 13:38:15.272,8.11988,8.12101,1.00,1.00
2017.10.16 13:38:15.682,8.11997,8.12116,1.00,1.00
2017.10.16 13:38:16.733,8.11984,8.12103,1.00,1.00
2017.10.16 13:38:16.835,8.11979,8.12099,1.00,1.00
2017.10.16 13:38:17.229,8.11983,8.12102,1.00,1.00
2017.10.16 13:38:17.587,8.11995,8.12114,1.00,1.00
2017.10.16 13:38:17.928,8.11995,8.12111,1.00,1.00
2017.10.16 13:38:18.438,8.12,8.12116,1.00,1.00
2017.10.16 13:38:19.860,8.12,8.12114,1.00,1.00
2017.10.16 13:38:19.911,8.11996,8.12112,1.00,1.00
2017.10.16 13:38:19.962,8.12001,8.12114,1.00,1.00
2017.10.16 13:38:20.013,8.12001,8.12118,1.00,1.00
2017.10.16 13:38:25.947,8.12001,8.12116,1.00,1.00
2017.10.16 13:38:27.168,8.11977,8.12093,1.00,1.00
2017.10.16 13:38:27.219,8.11973,8.12089,1.00,1.00
2017.10.16 13:38:27.523,8.11976,8.12087,1.00,1.00
2017.10.16 13:38:27.685,8.11973,8.12087,1.00,1.50
2017.10.16 13:38:28.206,8.11964,8.12072,1.00,1.00
2017.10.16 13:38:29.789,8.11964,8.12081,1.00,1.00
2017.10.16 13:38:30.384,8.11975,8.12092,1.00,1.00
2017.10.16 13:38:30.697,8.11992,8.12103,1.00,1.00
2017.10.16 13:38:31.339,8.11998,8.12103,1.00,1.00
2017.10.16 13:38:31.497,8.11998,8.12113,1.00,1.00
2017.10.16 13:38:32.029,8.11997,8.12114,1.00,1.00
2017.10.16 13:38:32.080,8.11993,8.12109,1.00,1.00
2017.10.16 13:38:32.378,8.11985,8.12102,1.00,1.00
2017.10.16 13:38:32.429,8.11992,8.12109,1.00,1.00
2017.10.16 13:38:32.774,8.11978,8.12095,1.00,1.00
2017.10.16 13:38:33.301,8.11978,8.12096,1.00,1.00
2017.10.16 13:38:34.341,8.1198,8.12097,1.00,1.00
2017.10.16 13:38:34.472,8.11982,8.121,1.00,1.00
2017.10.16 13:38:35.086,8.11975,8.12092,1.00,1.00
2017.10.16 13:38:35.137,8.11971,8.12089,1.00,1.00
2017.10.16 13:38:35.188,8.11974,8.12092,1.00,1.50
2017.10.16 13:38:35.714,8.1197,8.12087,1.00,1.00
2017.10.16 13:38:36.144,8.11975,8.12092,1.00,1.00
2017.10.16 13:38:36.626,8.1198,8.12095,1.00,1.00
2017.10.16 13:38:37.079,8.11987,8.12096,1.00,1.00
2017.10.16 13:38:37.708,8.11974,8.12092,1.00,1.00
2017.10.16 13:38:37.759,8.11969,8.12086,1.00,1.00
2017.10.16 13:38:38.222,8.11974,8.12091,1.00,1.00
2017.10.16 13:38:38.572,8.11984,8.12098,1.00,1.00
2017.10.16 13:38:39.009,8.11987,8.12098,1.00,1.00
2017.10.16 13:38:39.857,8.11985,8.12098,1.00,1.00
2017.10.16 13:38:40.367,8.11985,8.12099,1.00,1.00
2017.10.16 13:38:42.478,8.11984,8.12098,1.00,1.00
2017.10.16 13:38:44.720,8.11995,8.12109,1.00,1.00
2017.10.16 13:38:45.080,8.12,8.12114,1.00,1.00
2017.10.16 13:38:45.453,8.12004,8.12115,1.00,1.00
2017.10.16 13:38:46.106,8.12004,8.12117,1.00,1.00
2017.10.16 13:38:47.040,8.12005,8.12119,1.00,1.00
2017.10.16 13:38:47.192,8.12008,8.12122,1.00,1.00
2017.10.16 13:38:47.497,8.1203,8.12144,1.00,1.00
2017.10.16 13:38:48.004,8.12027,8.12141,1.00,1.00
2017.10.16 13:38:48.917,8.12032,8.12146,1.00,1.00
2017.10.16 13:38:51.220,8.12033,8.12144,1.00,1.00
2017.10.16 13:38:51.573,8.12039,8.12153,1.00,1.00
2017.10.16 13:38:52.747,8.12036,8.1215,1.00,1.00
2017.10.16 13:38:58.592,8.12041,8.12155,1.00,1.00
2017.10.16 13:38:59.147,8.12039,8.12153,1.00,1.00
2017.10.16 13:39:03.019,8.1204,8.12154,1.00,1.00
2017.10.16 13:39:06.489,8.12044,8.12158,1.00,1.00
2017.10.16 13:39:06.801,8.1207,8.12184,1.00,1.00
2017.10.16 13:39:11.063,8.12045,8.12158,1.50,1.00
2017.10.16 13:39:11.266,8.12041,8.12155,1.00,1.00
2017.10.16 13:39:11.390,8.12037,8.1215,1.00,1.00
2017.10.16 13:39:12.540,8.12039,8.12153,1.00,1.00
2017.10.16 13:39:12.800,8.12042,8.12156,1.00,1.00
2017.10.16 13:39:13.480,8.1206,8.12174,1.00,1.00
2017.10.16 13:39:13.828,8.12069,8.12174,1.00,1.00
2017.10.16 13:39:13.879,8.12069,8.12183,1.00,1.00
2017.10.16 13:39:13.930,8.12055,8.12168,1.00,1.00
2017.10.16 13:39:14.334,8.12063,8.12176,1.00,1.00
2017.10.16 13:39:14.686,8.12051,8.12165,1.00,1.00
2017.10.16 13:39:14.838,8.1205,8.12163,1.00,1.00
2017.10.16 13:39:15.147,8.12046,8.12159,1.00,1.00
2017.10.16 13:39:16.098,8.12045,8.12156,1.00,1.00
2017.10.16 13:39:17.458,8.12045,8.12155,1.00,1.00
2017.10.16 13:39:18.048,8.12047,8.1216,1.00,1.00
2017.10.16 13:39:19.426,8.12048,8.12161,1.00,1.00
2017.10.16 13:39:20.490,8.12045,8.12156,1.50,1.00
2017.10.16 13:39:20.800,8.12048,8.12161,1.00,1.00
2017.10.16 13:39:21.143,8.12045,8.12157,1.00,1.00
2017.10.16 13:39:22.130,8.12045,8.12156,1.00,1.00
2017.10.16 13:39:22.391,8.1204,8.12153,1.00,1.00
2017.10.16 13:39:22.443,8.12023,8.12133,1.00,1.00
2017.10.16 13:39:22.494,8.1202,8.12133,1.00,1.00
2017.10.16 13:39:22.545,8.12009,8.12122,1.00,1.00
2017.10.16 13:39:22.868,8.12006,8.12119,1.00,1.00
2017.10.16 13:39:23.870,8.12001,8.12115,1.00,1.00
2017.10.16 13:39:23.972,8.11983,8.1209,1.00,1.00
2017.10.16 13:39:24.023,8.11978,8.12091,1.00,1.00
2017.10.16 13:39:24.074,8.11975,8.12088,1.00,1.00
2017.10.16 13:39:24.406,8.11973,8.12086,1.00,1.00
2017.10.16 13:39:24.917,8.11975,8.12088,1.00,1.00
2017.10.16 13:39:27.568,8.11977,8.1209,1.00,1.00
2017.10.16 13:39:28.211,8.11973,8.12085,1.00,1.00
2017.10.16 13:39:28.262,8.11971,8.12084,1.00,1.00
2017.10.16 13:39:28.567,8.11964,8.12066,1.00,1.00
2017.10.16 13:39:28.618,8.11964,8.12078,1.00,1.00
2017.10.16 13:39:28.769,8.1197,8.12079,1.00,1.00
2017.10.16 13:39:29.461,8.1197,8.12083,1.00,1.00
2017.10.16 13:39:33.078,8.11969,8.12082,1.00,1.00
2017.10.16 13:39:35.904,8.11985,8.12093,1.00,1.00
2017.10.16 13:39:36.210,8.11987,8.12093,1.00,1.00
2017.10.16 13:39:36.572,8.1199,8.12093,1.00,1.00
2017.10.16 13:39:37.553,8.11985,8.12093,1.00,1.00
2017.10.16 13:39:37.604,8.11976,8.12089,1.00,1.00
2017.10.16 13:39:38.292,8.11972,8.12085,1.00,1.00
2017.10.16 13:39:39.548,8.11962,8.12075,1.00,1.00
2017.10.16 13:39:40.136,8.11963,8.12076,1.00,1.00
2017.10.16 13:39:40.451,8.11963,8.12071,1.00,1.00
2017.10.16 13:39:41.510,8.11951,8.12064,1.00,1.00
2017.10.16 13:39:42.130,8.11944,8.12058,1.00,1.00
2017.10.16 13:39:42.603,8.11943,8.12056,1.00,1.00
2017.10.16 13:39:44.989,8.11944,8.12057,1.00,1.00
2017.10.16 13:39:45.294,8.11941,8.12052,1.00,1.00
2017.10.16 13:39:52.200,8.11938,8.12067,1.00,1.00
2017.10.16 13:39:52.301,8.11969,8.12067,1.00,1.00
2017.10.16 13:39:52.352,8.11969,8.12082,1.00,1.00
2017.10.16 13:39:52.403,8.11978,8.12091,1.00,1.00
2017.10.16 13:39:52.707,8.12007,8.1212,1.00,1.00
2017.10.16 13:39:53.360,8.11998,8.12111,1.00,1.00
2017.10.16 13:39:53.664,8.11989,8.12102,1.00,1.50
2017.10.16 13:39:53.975,8.11979,8.12092,1.00,1.00
2017.10.16 13:39:55.133,8.11959,8.12072,1.00,1.00
2017.10.16 13:39:55.454,8.11929,8.12042,1.00,1.00
2017.10.16 13:39:56.031,8.1193,8.12043,1.00,1.00
2017.10.16 13:39:56.333,8.11916,8.12026,1.00,1.00
2017.10.16 13:39:56.823,8.11928,8.12041,1.00,1.50
2017.10.16 13:39:56.874,8.11932,8.12041,1.00,1.00
2017.10.16 13:39:56.926,8.11917,8.1203,1.00,1.00
2017.10.16 13:39:56.977,8.11909,8.12022,1.00,1.00
2017.10.16 13:39:57.308,8.11917,8.12028,1.00,1.00
2017.10.16 13:39:57.359,8.11911,8.12024,1.00,1.00
2017.10.16 13:39:58.644,8.11929,8.1204,1.00,1.00
2017.10.16 13:39:58.695,8.1193,8.12043,1.00,1.00
2017.10.16 13:39:58.746,8.11939,8.12049,1.00,1.00
2017.10.16 13:39:58.797,8.11949,8.12062,1.00,1.00
2017.10.16 13:39:58.848,8.11944,8.12057,1.00,1.00
2017.10.16 13:39:59.156,8.11948,8.12052,1.00,1.00
2017.10.16 13:39:59.347,8.11945,8.12052,1.00,1.00
2017.10.16 13:40:00.516,8.11954,8.12067,1.00,1.00
2017.10.16 13:40:00.567,8.11958,8.12071,1.00,1.00
2017.10.16 13:40:00.897,8.11962,8.12073,1.00,1.00
2017.10.16 13:40:01.098,8.11954,8.12067,1.00,1.00
2017.10.16 13:40:01.298,8.11954,8.12065,1.00,1.00
2017.10.16 13:40:01.350,8.11943,8.12056,1.00,1.00
2017.10.16 13:40:04.422,8.11938,8.12051,1.00,1.00
2017.10.16 13:40:04.763,8.11934,8.12047,1.00,1.00
2017.10.16 13:40:05.160,8.1193,8.12041,1.00,1.00
2017.10.16 13:40:06.278,8.11925,8.12039,1.00,1.00
2017.10.16 13:40:06.639,8.11929,8.12042,1.00,1.00
2017.10.16 13:40:07.197,8.11933,8.12046,1.00,1.00
2017.10.16 13:40:10.003,8.1195,8.12067,1.00,1.00
2017.10.16 13:40:11.917,8.11945,8.12056,1.00,1.00
2017.10.16 13:40:12.659,8.11943,8.12056,1.00,1.00
2017.10.16 13:40:14.214,8.11938,8.12051,1.00,1.00
2017.10.16 13:40:14.610,8.1193,8.12043,1.00,1.00
2017.10.16 13:40:16.489,8.11939,8.12052,1.00,1.00
2017.10.16 13:40:16.793,8.11956,8.12069,1.00,1.00
2017.10.16 13:40:18.077,8.11959,8.12072,1.00,1.00
2017.10.16 13:40:19.528,8.11961,8.12073,1.00,1.00
2017.10.16 13:40:20.869,8.11986,8.12099,1.00,1.00
2017.10.16 13:40:20.920,8.12008,8.12121,1.00,1.00
2017.10.16 13:40:21.225,8.12024,8.12137,1.00,1.00
2017.10.16 13:40:21.558,8.12016,8.12129,1.00,1.00
2017.10.16 13:40:21.829,8.12024,8.12138,1.00,1.00
2017.10.16 13:40:21.880,8.12016,8.12129,1.00,1.00
2017.10.16 13:40:22.185,8.12005,8.12118,1.00,1.00
2017.10.16 13:40:22.676,8.12001,8.12114,1.00,1.00
2017.10.16 13:40:22.989,8.12032,8.12145,1.00,1.00
2017.10.16 13:40:24.432,8.12023,8.12137,1.00,1.00
2017.10.16 13:40:25.088,8.1202,8.12133,1.00,1.00
2017.10.16 13:40:27.686,8.12017,8.1213,1.00,1.00
2017.10.16 13:40:28.139,8.12009,8.12123,1.00,1.00
2017.10.16 13:40:28.291,8.12,8.12114,1.00,1.00
2017.10.16 13:40:28.613,8.11998,8.12112,1.00,1.00
2017.10.16 13:40:28.935,8.11989,8.12103,1.00,1.00
2017.10.16 13:40:29.248,8.11983,8.12096,1.00,1.00
2017.10.16 13:40:29.742,8.11963,8.12093,1.00,1.00
2017.10.16 13:40:30.082,8.1198,8.12093,1.00,1.00
2017.10.16 13:40:30.183,8.11978,8.12092,1.00,1.00
2017.10.16 13:40:30.566,8.11987,8.12101,1.00,1.00
2017.10.16 13:40:30.986,8.11993,8.12107,1.00,1.00
2017.10.16 13:40:33.608,8.11997,8.12108,1.00,1.00
2017.10.16 13:40:33.996,8.12001,8.12108,1.00,1.00
2017.10.16 13:40:34.321,8.12011,8.12108,1.00,1.00
2017.10.16 13:40:34.372,8.12038,8.12155,1.00,1.00
2017.10.16 13:40:34.425,8.12046,8.12155,1.00,1.00
2017.10.16 13:40:34.729,8.1205,8.12155,1.00,1.00
2017.10.16 13:40:38.753,8.12065,8.12174,1.00,1.00
2017.10.16 13:40:38.806,8.12074,8.12174,1.00,1.00
2017.10.16 13:40:39.109,8.12079,8.12174,1.00,1.00
2017.10.16 13:40:39.415,8.12083,8.12174,1.00,1.00
2017.10.16 13:40:40.076,8.12079,8.12174,1.00,1.00
2017.10.16 13:40:41.890,8.12088,8.12198,1.00,1.00
2017.10.16 13:40:41.941,8.12097,8.12198,1.00,1.00
2017.10.16 13:40:42.042,8.12102,8.12215,1.00,1.00
2017.10.16 13:40:42.093,8.1209,8.12204,1.00,1.00
2017.10.16 13:40:42.292,8.12103,8.12214,1.00,1.00
2017.10.16 13:40:42.644,8.12096,8.12209,1.00,1.00
2017.10.16 13:40:42.695,8.12102,8.12213,1.00,1.00
2017.10.16 13:40:46.297,8.12082,8.12195,1.00,1.00
2017.10.16 13:40:46.348,8.12077,8.12191,1.00,1.00
2017.10.16 13:40:46.399,8.1207,8.12183,1.00,1.00
2017.10.16 13:40:46.804,8.12075,8.12187,1.00,1.00
2017.10.16 13:40:48.940,8.12084,8.12196,1.00,1.00
2017.10.16 13:40:49.288,8.12086,8.12196,1.00,1.00
2017.10.16 13:40:49.339,8.12092,8.12205,1.00,1.00
2017.10.16 13:40:49.390,8.12103,8.12214,1.00,1.00
2017.10.16 13:40:49.441,8.12111,8.12224,1.00,1.00
2017.10.16 13:40:49.543,8.12123,8.12233,1.00,1.00
2017.10.16 13:40:49.594,8.12143,8.12255,1.00,1.00
2017.10.16 13:40:49.695,8.12137,8.12251,1.00,1.00
2017.10.16 13:40:49.991,8.12128,8.12242,1.00,1.00
2017.10.16 13:40:50.553,8.1212,8.12233,1.00,1.00
2017.10.16 13:40:51.517,8.12124,8.12238,1.00,1.00
2017.10.16 13:40:51.568,8.12131,8.12244,1.00,1.00
2017.10.16 13:40:52.787,8.12102,8.12215,1.00,1.00
2017.10.16 13:40:53.195,8.12097,8.1221,1.00,1.00
2017.10.16 13:40:53.765,8.12094,8.12205,1.00,1.00
2017.10.16 13:40:55.095,8.12094,8.12207,1.00,1.00
2017.10.16 13:40:55.348,8.12098,8.12211,1.00,1.00
2017.10.16 13:40:57.510,8.12092,8.12206,1.00,1.00
2017.10.16 13:40:57.612,8.12088,8.12202,1.00,1.00
2017.10.16 13:40:58.051,8.12083,8.12196,1.00,1.00
2017.10.16 13:40:58.970,8.12071,8.12181,1.00,1.00
2017.10.16 13:40:59.071,8.12076,8.12189,1.00,1.50
2017.10.16 13:40:59.122,8.12084,8.12197,1.00,1.00
2017.10.16 13:41:00.664,8.1208,8.12194,1.00,1.00
2017.10.16 13:41:01.310,8.12075,8.12189,1.00,1.00
2017.10.16 13:41:02.301,8.1208,8.12193,1.00,1.00
2017.10.16 13:41:03.256,8.12081,8.12195,1.00,1.00
2017.10.16 13:41:05.765,8.12071,8.12185,1.00,1.00
2017.10.16 13:41:06.240,8.12056,8.1217,1.00,1.00
2017.10.16 13:41:06.547,8.12052,8.12165,1.00,1.00
2017.10.16 13:41:08.227,8.12069,8.12183,1.00,1.00
2017.10.16 13:41:08.381,8.1206,8.12173,1.00,1.00
2017.10.16 13:41:09.407,8.12069,8.12183,1.00,1.00
2017.10.16 13:41:09.545,8.12075,8.12185,1.00,1.00
2017.10.16 13:41:09.813,8.12065,8.12178,1.00,1.00
2017.10.16 13:41:09.864,8.12059,8.12172,1.00,1.00
2017.10.16 13:41:10.374,8.12058,8.12171,1.00,1.00
2017.10.16 13:41:10.789,8.12096,8.1221,1.00,1.00
2017.10.16 13:41:10.840,8.12074,8.12188,1.00,1.00
2017.10.16 13:41:11.144,8.1208,8.12193,1.00,1.00
2017.10.16 13:41:12.259,8.12081,8.12195,1.00,1.50
2017.10.16 13:41:12.311,8.12095,8.12195,1.00,1.00
2017.10.16 13:41:12.362,8.12105,8.12218,1.00,1.00
2017.10.16 13:41:12.464,8.12118,8.12222,1.00,1.00
2017.10.16 13:41:12.516,8.12143,8.12249,1.00,1.00
2017.10.16 13:41:12.672,8.12164,8.12277,1.00,1.00
2017.10.16 13:41:13.779,8.12149,8.12262,1.00,1.00
2017.10.16 13:41:14.084,8.12156,8.12269,1.00,1.00
2017.10.16 13:41:14.408,8.12149,8.12262,1.00,1.00
2017.10.16 13:41:15.599,8.1216,8.12262,1.00,1.00
2017.10.16 13:41:15.651,8.1216,8.12273,1.00,1.00
2017.10.16 13:41:16.392,8.12165,8.12278,1.00,1.00
2017.10.16 13:41:17.599,8.12156,8.12269,1.00,1.00
2017.10.16 13:41:17.700,8.12152,8.12266,1.00,1.00
2017.10.16 13:41:17.941,8.12152,8.12262,1.00,1.00
2017.10.16 13:41:18.124,8.12152,8.12266,1.00,1.00
2017.10.16 13:41:18.175,8.12152,8.12262,1.00,1.00
2017.10.16 13:41:18.226,8.12142,8.12259,1.00,1.00
2017.10.16 13:41:18.277,8.12124,8.12259,1.00,1.00
2017.10.16 13:41:18.328,8.1213,8.1224,1.00,1.00
2017.10.16 13:41:18.565,8.1213,8.12242,1.00,1.00
2017.10.16 13:41:19.645,8.12127,8.12241,1.00,1.00
2017.10.16 13:41:21.613,8.12131,8.12245,1.00,1.00
2017.10.16 13:41:23.516,8.12126,8.1224,1.00,1.00
2017.10.16 13:41:23.897,8.12122,8.12236,1.00,1.00
2017.10.16 13:41:26.230,8.12118,8.12232,1.00,1.00
2017.10.16 13:41:26.534,8.12123,8.12237,1.00,1.00
2017.10.16 13:41:26.880,8.12132,8.12246,1.00,1.00
2017.10.16 13:41:27.185,8.12155,8.12269,1.00,1.00
2017.10.16 13:41:27.520,8.12174,8.12286,1.00,1.00
2017.10.16 13:41:27.685,8.12182,8.12296,1.00,1.00
2017.10.16 13:41:28.031,8.12165,8.12279,1.00,1.00
2017.10.16 13:41:28.370,8.12161,8.12275,1.00,1.00
2017.10.16 13:41:32.811,8.12156,8.1227,1.00,1.00
2017.10.16 13:41:33.122,8.12126,8.12239,1.00,1.00
2017.10.16 13:41:33.316,8.1212,8.12234,1.00,1.00
2017.10.16 13:41:34.150,8.12116,8.1223,1.00,1.00
2017.10.16 13:41:34.741,8.12116,8.12229,1.00,1.00
2017.10.16 13:41:35.252,8.12103,8.12214,1.00,1.00
2017.10.16 13:41:35.770,8.12105,8.12219,1.00,1.00
2017.10.16 13:41:36.144,8.12109,8.12223,1.00,1.00
2017.10.16 13:41:38.211,8.12113,8.12226,1.00,1.00
2017.10.16 13:41:38.548,8.12109,8.12223,1.00,1.00
2017.10.16 13:41:38.599,8.12115,8.12229,1.00,1.00
2017.10.16 13:41:38.997,8.12109,8.12223,1.00,1.00
2017.10.16 13:41:40.185,8.12113,8.12227,1.00,1.00
2017.10.16 13:41:43.428,8.12119,8.12231,1.00,1.00
2017.10.16 13:41:45.400,8.12126,8.1224,1.00,1.00
2017.10.16 13:41:45.501,8.12113,8.12236,1.00,1.00
2017.10.16 13:41:45.552,8.12113,8.1223,1.00,1.00
2017.10.16 13:41:45.603,8.12103,8.12225,1.00,1.00
2017.10.16 13:41:45.654,8.12089,8.12225,1.00,1.00
2017.10.16 13:41:45.805,8.12098,8.12212,1.00,1.00
2017.10.16 13:41:48.380,8.12097,8.12211,1.00,1.00
2017.10.16 13:41:48.699,8.12094,8.12207,1.00,1.00
2017.10.16 13:41:48.750,8.12088,8.12202,1.00,1.00
2017.10.16 13:41:48.954,8.12083,8.12194,1.00,1.00
2017.10.16 13:41:49.005,8.12076,8.1219,1.00,1.00
2017.10.16 13:41:49.056,8.12073,8.12184,1.00,1.00
2017.10.16 13:41:53.052,8.12073,8.1218,1.00,1.00
2017.10.16 13:41:53.356,8.12073,8.1217,1.00,1.00
2017.10.16 13:41:53.642,8.12073,8.12185,1.00,1.00
2017.10.16 13:41:53.693,8.12105,8.12205,1.00,1.00
2017.10.16 13:41:53.795,8.12077,8.12191,1.00,1.00
2017.10.16 13:41:54.058,8.12073,8.12187,1.00,1.00
2017.10.16 13:41:57.905,8.12088,8.12202,1.00,1.00
2017.10.16 13:41:58.307,8.12083,8.12197,1.00,1.00
2017.10.16 13:41:58.612,8.12073,8.12187,1.00,1.00
2017.10.16 13:41:58.933,8.12075,8.12188,1.00,1.00
2017.10.16 13:41:59.035,8.12073,8.12201,1.00,1.00
2017.10.16 13:41:59.086,8.12073,8.12206,1.00,1.00
2017.10.16 13:41:59.137,8.12073,8.1221,1.00,1.00
2017.10.16 13:41:59.189,8.12083,8.1221,1.00,1.00
2017.10.16 13:41:59.500,8.12094,8.12226,1.00,1.00
2017.10.16 13:41:59.636,8.12094,8.12232,1.00,1.00
2017.10.16 13:41:59.691,8.121,8.12241,1.00,1.00
2017.10.16 13:42:00.318,8.12099,8.1224,1.00,1.00
2017.10.16 13:42:00.612,8.12097,8.12225,1.00,1.00
2017.10.16 13:42:02.616,8.12101,8.12229,1.00,1.00
2017.10.16 13:42:03.377,8.1211,8.12223,1.00,1.00
2017.10.16 13:42:04.852,8.12108,8.12221,1.00,1.00
2017.10.16 13:42:04.953,8.12118,8.12232,1.00,1.00
2017.10.16 13:42:05.247,8.12118,8.1223,1.00,1.00
2017.10.16 13:42:06.138,8.12118,8.12234,1.00,1.00
2017.10.16 13:42:06.952,8.12118,8.1223,1.00,1.00
2017.10.16 13:42:07.550,8.12118,8.12239,1.00,1.00
2017.10.16 13:42:08.013,8.12108,8.12239,1.00,1.00
2017.10.16 13:42:10.200,8.12108,8.12232,1.00,1.00
2017.10.16 13:42:10.748,8.12108,8.12235,1.00,1.00
2017.10.16 13:42:11.080,8.12108,8.12231,1.00,1.00
2017.10.16 13:42:11.366,8.12108,8.12237,1.00,1.00
2017.10.16 13:42:12.442,8.12163,8.12277,1.00,1.00
2017.10.16 13:42:12.747,8.12159,8.12273,1.00,1.00
2017.10.16 13:42:14.509,8.1215,8.12263,1.00,1.00
2017.10.16 13:42:14.813,8.12172,8.12282,1.00,1.00
2017.10.16 13:42:15.126,8.12174,8.12282,1.00,1.00
2017.10.16 13:42:15.468,8.12161,8.12282,1.00,1.00
2017.10.16 13:42:16.282,8.12184,8.12282,1.00,1.00
2017.10.16 13:42:16.485,8.12161,8.12282,1.00,1.00
2017.10.16 13:42:16.536,8.12185,8.12282,1.00,1.00
2017.10.16 13:42:16.856,8.12161,8.12282,1.00,1.00
2017.10.16 13:42:17.183,8.12161,8.1228,1.00,1.00
2017.10.16 13:42:17.234,8.12154,8.1228,1.00,1.00
2017.10.16 13:42:17.507,8.1215,8.12276,1.00,1.00
2017.10.16 13:42:18.451,8.12158,8.1227,1.00,1.00
2017.10.16 13:42:18.824,8.12177,8.12282,1.00,1.00
2017.10.16 13:42:18.875,8.12185,8.12299,1.00,1.00
2017.10.16 13:42:18.926,8.12189,8.12303,1.00,1.50
2017.10.16 13:42:19.231,8.12159,8.12273,1.00,1.00
2017.10.16 13:42:19.578,8.12155,8.12269,1.00,1.00
2017.10.16 13:42:19.990,8.12153,8.12265,1.00,1.00
2017.10.16 13:42:20.367,8.12151,8.12265,1.00,1.00
2017.10.16 13:42:20.908,8.12155,8.12269,1.00,1.00
2017.10.16 13:42:21.333,8.1215,8.12264,1.00,1.00
2017.10.16 13:42:22.499,8.12134,8.12248,1.00,1.00
2017.10.16 13:42:22.803,8.12122,8.12236,1.00,1.00
2017.10.16 13:42:23.395,8.12174,8.12282,1.00,1.00
2017.10.16 13:42:23.497,8.12171,8.12285,1.00,1.00
2017.10.16 13:42:23.548,8.12162,8.12276,1.00,1.00
2017.10.16 13:42:23.700,8.12133,8.1226,1.00,1.00
2017.10.16 13:42:23.751,8.12123,8.1226,1.00,1.00
2017.10.16 13:42:23.802,8.12123,8.12244,1.00,1.00
2017.10.16 13:42:23.853,8.12117,8.12243,1.00,1.00
2017.10.16 13:42:24.207,8.12113,8.12239,1.00,1.00
2017.10.16 13:42:24.259,8.12119,8.12256,1.60,1.00
2017.10.16 13:42:24.446,8.12143,8.12257,1.00,1.00
2017.10.16 13:42:24.913,8.12146,8.1226,1.00,1.00
2017.10.16 13:42:25.324,8.1215,8.12264,1.00,1.00
2017.10.16 13:42:26.058,8.12149,8.12263,1.00,1.00
2017.10.16 13:42:27.575,8.12123,8.12261,1.00,1.00
2017.10.16 13:42:29.553,8.12123,8.1225,1.00,1.00
2017.10.16 13:42:29.884,8.12122,8.12234,1.00,1.00
2017.10.16 13:42:30.718,8.12122,8.12236,1.00,1.00
2017.10.16 13:42:32.763,8.12103,8.12238,1.30,1.00
2017.10.16 13:42:32.815,8.12103,8.12238,1.00,1.00
2017.10.16 13:42:32.866,8.12135,8.12249,1.00,1.50
2017.10.16 13:42:32.916,8.12108,8.12249,1.00,1.00
2017.10.16 13:42:32.967,8.12107,8.12235,1.00,1.00
2017.10.16 13:42:33.344,8.12142,8.12234,1.00,1.00
2017.10.16 13:42:33.447,8.12129,8.12243,1.00,1.00
2017.10.16 13:42:33.498,8.12151,8.12264,1.00,1.00
2017.10.16 13:42:33.803,8.12172,8.12285,1.00,1.00
2017.10.16 13:42:34.814,8.12172,8.12286,1.00,1.00
2017.10.16 13:42:36.537,8.12163,8.12277,1.00,1.00
2017.10.16 13:42:37.454,8.12154,8.12268,1.00,1.00
2017.10.16 13:42:38.002,8.12154,8.12266,1.00,1.00
2017.10.16 13:42:38.053,8.12137,8.1225,1.00,1.00
2017.10.16 13:42:38.104,8.12104,8.12218,1.00,1.00
2017.10.16 13:42:38.155,8.12098,8.12209,1.00,1.00
2017.10.16 13:42:38.361,8.1207,8.12183,1.00,1.00
2017.10.16 13:42:39.136,8.12073,8.12186,1.00,1.00
2017.10.16 13:42:39.598,8.1207,8.12183,1.00,1.00
2017.10.16 13:42:39.936,8.12074,8.12187,1.00,1.00
2017.10.16 13:42:40.445,8.12075,8.12188,1.00,1.00
2017.10.16 13:42:40.749,8.12063,8.12187,1.00,1.00
2017.10.16 13:42:40.800,8.12056,8.12187,1.00,1.00
2017.10.16 13:42:41.257,8.12059,8.12192,1.00,1.00
2017.10.16 13:42:41.308,8.12072,8.12194,1.00,1.00
2017.10.16 13:42:41.411,8.12077,8.12211,1.00,1.00
2017.10.16 13:42:42.751,8.1209,8.12224,1.00,1.00
2017.10.16 13:42:43.079,8.12086,8.12219,1.00,1.00
2017.10.16 13:42:43.240,8.12079,8.12213,1.00,1.00
2017.10.16 13:42:43.922,8.12083,8.12216,1.00,1.00
2017.10.16 13:42:44.264,8.12079,8.12212,1.00,1.00
2017.10.16 13:42:44.583,8.12081,8.12194,1.00,1.00
2017.10.16 13:42:45.778,8.12095,8.12208,1.00,1.00
2017.10.16 13:42:45.829,8.12116,8.12234,1.00,1.50
2017.10.16 13:42:45.880,8.12127,8.1224,1.00,1.00
2017.10.16 13:42:45.931,8.12138,8.12252,1.00,1.00
2017.10.16 13:42:45.982,8.12145,8.12258,1.00,1.50
2017.10.16 13:42:48.466,8.12139,8.12252,1.00,1.00
2017.10.16 13:42:49.825,8.12142,8.12255,1.00,1.00
2017.10.16 13:42:50.792,8.12143,8.12257,1.00,1.00
2017.10.16 13:42:55.335,8.1215,8.12263,1.00,1.50
2017.10.16 13:42:55.486,8.12147,8.12263,1.00,1.00
2017.10.16 13:42:55.814,8.12121,8.12245,1.00,1.00
2017.10.16 13:42:56.017,8.12119,8.12243,1.00,1.00
2017.10.16 13:42:56.334,8.12117,8.12241,1.00,1.00
2017.10.16 13:42:56.685,8.12112,8.12236,1.00,1.00
2017.10.16 13:42:59.910,8.12103,8.12224,1.00,1.00
2017.10.16 13:43:00.070,8.12088,8.12212,1.00,1.00
2017.10.16 13:43:00.431,8.12089,8.12218,1.00,1.00
2017.10.16 13:43:00.900,8.12116,8.12223,1.00,1.00
2017.10.16 13:43:01.098,8.12112,8.12223,1.00,1.00
2017.10.16 13:43:01.149,8.12109,8.12222,1.00,1.00
2017.10.16 13:43:03.007,8.12105,8.12218,1.00,1.00
2017.10.16 13:43:03.501,8.12109,8.12222,1.00,1.00
2017.10.16 13:43:03.915,8.12078,8.12214,1.00,1.00
2017.10.16 13:43:03.968,8.12078,8.12221,1.00,1.00
2017.10.16 13:43:04.480,8.12078,8.12214,1.00,1.00
2017.10.16 13:43:04.961,8.12081,8.12214,1.00,1.00
2017.10.16 13:43:08.217,8.12068,8.12211,1.00,1.00
2017.10.16 13:43:08.384,8.12063,8.12206,1.00,1.00
2017.10.16 13:43:09.215,8.12068,8.12211,1.00,1.00
2017.10.16 13:43:10.371,8.12071,8.122,1.00,1.00
2017.10.16 13:43:10.769,8.12082,8.12208,1.00,1.00
2017.10.16 13:43:11.092,8.12084,8.12213,1.00,1.00
2017.10.16 13:43:11.767,8.12089,8.12214,1.00,1.00
2017.10.16 13:43:12.458,8.12113,8.12214,1.00,1.00
2017.10.16 13:43:12.509,8.12113,8.12237,1.00,1.00
2017.10.16 13:43:12.661,8.12117,8.12237,1.00,1.00
2017.10.16 13:43:12.712,8.12113,8.12237,1.00,1.00
2017.10.16 13:43:15.012,8.12117,8.12237,1.00,1.00
2017.10.16 13:43:18.541,8.12118,8.12231,1.00,1.00
2017.10.16 13:43:19.254,8.12123,8.12236,1.00,1.00
2017.10.16 13:43:19.406,8.12143,8.12257,1.00,1.00
2017.10.16 13:43:19.675,8.12147,8.12258,1.00,1.00
2017.10.16 13:43:20.277,8.12145,8.12258,1.00,1.50
2017.10.16 13:43:20.798,8.12144,8.12257,1.00,1.00
2017.10.16 13:43:21.884,8.1214,8.12253,1.00,1.00
2017.10.16 13:43:22.216,8.12125,8.12238,1.00,1.00
2017.10.16 13:43:23.047,8.12123,8.12234,1.00,1.00
2017.10.16 13:43:23.370,8.12121,8.12234,1.00,1.00
2017.10.16 13:43:25.394,8.1212,8.12233,1.00,1.00
2017.10.16 13:43:27.602,8.12102,8.12215,1.00,1.00
2017.10.16 13:43:27.709,8.12077,8.12196,1.00,1.00
2017.10.16 13:43:27.760,8.12087,8.12206,1.00,1.00
2017.10.16 13:43:28.152,8.12055,8.12168,1.00,1.00
2017.10.16 13:43:28.304,8.12067,8.12181,1.00,1.00
2017.10.16 13:43:28.355,8.12061,8.12175,1.00,1.00
2017.10.16 13:43:28.672,8.12052,8.12166,1.00,1.00
2017.10.16 13:43:28.980,8.12043,8.12157,1.00,1.00
2017.10.16 13:43:29.843,8.12047,8.1216,1.00,1.00
2017.10.16 13:43:30.042,8.12051,8.12165,1.00,1.50
2017.10.16 13:43:30.094,8.12063,8.12177,1.00,1.00
2017.10.16 13:43:30.940,8.12057,8.12175,1.00,1.00
2017.10.16 13:43:32.925,8.12047,8.1216,1.00,1.00
2017.10.16 13:43:33.380,8.12032,8.12146,1.00,1.00
2017.10.16 13:43:34.316,8.12023,8.12137,1.00,1.00
2017.10.16 13:43:34.706,8.12013,8.12126,1.00,1.00
2017.10.16 13:43:34.909,8.11957,8.12071,1.00,1.00
2017.10.16 13:43:34.959,8.1195,8.12063,1.00,1.00
2017.10.16 13:43:35.061,8.11937,8.12058,1.00,1.00
2017.10.16 13:43:35.112,8.11928,8.12046,1.00,1.00
2017.10.16 13:43:35.316,8.11919,8.1204,1.00,1.00
2017.10.16 13:43:35.827,8.11927,8.12046,1.00,1.00
2017.10.16 13:43:35.878,8.11936,8.12058,1.00,1.00
2017.10.16 13:43:35.930,8.11945,8.12065,1.00,1.00
2017.10.16 13:43:35.981,8.11953,8.12075,1.00,1.00
2017.10.16 13:43:36.031,8.11963,8.12085,1.00,1.00
2017.10.16 13:43:36.335,8.12014,8.12127,1.00,1.50
2017.10.16 13:43:36.538,8.11996,8.1211,1.00,1.00
2017.10.16 13:43:36.639,8.11996,8.12107,1.00,1.00
2017.10.16 13:43:36.944,8.11987,8.12101,1.00,1.00
2017.10.16 13:43:37.268,8.12006,8.12119,1.00,1.00
2017.10.16 13:43:38.190,8.11997,8.12111,1.00,1.00
2017.10.16 13:43:38.241,8.11997,8.12107,1.00,1.00
2017.10.16 13:43:38.613,8.11997,8.12111,1.00,1.00
2017.10.16 13:43:39.327,8.11997,8.12107,1.00,1.00
2017.10.16 13:43:39.380,8.11979,8.12093,1.00,1.00
2017.10.16 13:43:39.431,8.11965,8.12078,1.00,1.00
2017.10.16 13:43:39.890,8.11976,8.12079,1.00,1.00
2017.10.16 13:43:39.940,8.11976,8.1209,1.00,1.00
2017.10.16 13:43:39.992,8.11974,8.12088,1.00,1.00
2017.10.16 13:43:40.350,8.11971,8.12085,1.00,1.00
2017.10.16 13:43:40.671,8.11967,8.12081,1.00,1.00
2017.10.16 13:43:41.045,8.11962,8.12076,1.00,1.00
2017.10.16 13:43:41.924,8.11966,8.12079,1.00,1.00
2017.10.16 13:43:41.975,8.11962,8.12076,1.00,1.00
2017.10.16 13:43:43.095,8.1196,8.12074,1.00,1.00
2017.10.16 13:43:43.432,8.11957,8.12069,1.00,1.00
2017.10.16 13:43:44.039,8.11964,8.12077,1.00,1.00
2017.10.16 13:43:44.090,8.11965,8.12079,1.00,1.50
2017.10.16 13:43:44.141,8.1196,8.12072,1.00,1.00
2017.10.16 13:43:44.293,8.11956,8.1207,1.00,1.00
2017.10.16 13:43:44.494,8.11951,8.12065,1.00,1.00
2017.10.16 13:43:45.107,8.11947,8.12061,1.00,1.00
2017.10.16 13:43:45.457,8.11943,8.12055,1.00,1.00
2017.10.16 13:43:46.041,8.11937,8.12049,1.00,1.00
2017.10.16 13:43:46.157,8.11932,8.12046,1.00,1.00
2017.10.16 13:43:46.360,8.11936,8.1205,1.00,1.00
2017.10.16 13:43:46.663,8.11913,8.12027,1.00,1.00
2017.10.16 13:43:46.998,8.11918,8.12032,1.00,1.37
2017.10.16 13:43:47.194,8.11909,8.12023,1.00,1.00
2017.10.16 13:43:47.765,8.11906,8.12019,1.00,1.00
2017.10.16 13:43:48.586,8.11912,8.12025,1.00,1.00
2017.10.16 13:43:48.844,8.11918,8.12032,1.00,1.00
2017.10.16 13:43:49.317,8.11921,8.12034,1.00,1.00
2017.10.16 13:43:49.644,8.11946,8.12052,1.00,1.00
2017.10.16 13:43:50.479,8.11946,8.1206,1.00,1.00
2017.10.16 13:43:50.682,8.11942,8.12056,1.00,1.00
2017.10.16 13:43:51.006,8.11951,8.12065,1.00,1.00
2017.10.16 13:43:53.424,8.11961,8.12075,1.00,1.00
2017.10.16 13:43:53.728,8.11999,8.121,1.00,1.00
2017.10.16 13:43:53.779,8.12001,8.12115,1.00,1.00
2017.10.16 13:43:53.830,8.12009,8.12125,1.00,1.50
2017.10.16 13:43:54.240,8.1202,8.12125,1.00,1.00
2017.10.16 13:43:54.437,8.1202,8.12134,1.00,1.00
2017.10.16 13:43:55.141,8.12012,8.12126,1.00,1.00
2017.10.16 13:43:57.183,8.12008,8.12122,1.00,1.00
2017.10.16 13:43:57.487,8.11986,8.12099,1.00,1.00
2017.10.16 13:43:58.145,8.11983,8.12097,1.00,1.00
2017.10.16 13:43:58.715,8.11991,8.12105,1.00,1.00
2017.10.16 13:43:59.076,8.11998,8.12108,1.00,1.00
2017.10.16 13:43:59.490,8.11986,8.121,1.00,1.00
2017.10.16 13:43:59.642,8.11982,8.12096,1.00,1.00
2017.10.16 13:44:01.185,8.11991,8.12105,1.00,1.00
2017.10.16 13:44:01.439,8.12007,8.12138,1.00,1.53
2017.10.16 13:44:01.490,8.12007,8.12138,1.00,1.50
2017.10.16 13:44:01.541,8.12026,8.12138,1.00,1.00
2017.10.16 13:44:01.861,8.12007,8.12138,1.00,1.00
2017.10.16 13:44:02.850,8.12012,8.12138,1.00,1.00
2017.10.16 13:44:03.820,8.12029,8.12138,1.00,1.00
2017.10.16 13:44:03.871,8.12033,8.12162,1.00,1.00
2017.10.16 13:44:04.974,8.12034,8.12164,1.00,1.50
2017.10.16 13:44:05.360,8.1203,8.12159,1.00,1.00
2017.10.16 13:44:05.794,8.12038,8.12164,1.00,1.00
2017.10.16 13:44:10.484,8.12038,8.12155,1.00,1.00
2017.10.16 13:44:12.105,8.12037,8.12155,1.00,1.00
2017.10.16 13:44:13.136,8.12037,8.12154,1.00,1.00
2017.10.16 13:44:14.250,8.12039,8.12157,1.00,1.00
2017.10.16 13:44:14.406,8.12037,8.1215,1.00,1.00
2017.10.16 13:44:15.294,8.12049,8.12163,1.00,1.00
2017.10.16 13:44:15.396,8.12054,8.12166,1.00,1.00
2017.10.16 13:44:16.425,8.12057,8.12171,1.00,1.00
2017.10.16 13:44:18.666,8.12065,8.12179,1.00,1.00
2017.10.16 13:44:19.348,8.12055,8.12167,1.00,1.00
2017.10.16 13:44:19.398,8.1205,8.12164,1.00,1.00
2017.10.16 13:44:19.449,8.12046,8.12158,1.00,1.00
2017.10.16 13:44:19.576,8.12042,8.12156,1.50,1.00
2017.10.16 13:44:20.081,8.12038,8.12151,1.00,1.00
2017.10.16 13:44:20.405,8.12029,8.12139,1.00,1.00
2017.10.16 13:44:20.539,8.12025,8.12139,1.00,1.00
2017.10.16 13:44:21.897,8.12034,8.12148,1.00,1.00
2017.10.16 13:44:22.202,8.12031,8.12145,1.00,1.00
2017.10.16 13:44:25.519,8.12033,8.12147,1.00,1.00
2017.10.16 13:44:26.467,8.12037,8.12151,1.00,1.00
2017.10.16 13:44:27.905,8.12024,8.12137,1.00,1.00
2017.10.16 13:44:27.956,8.12021,8.12135,1.00,1.00
2017.10.16 13:44:28.007,8.12023,8.12137,1.00,1.00
2017.10.16 13:44:28.562,8.12014,8.12128,1.00,1.00
2017.10.16 13:44:28.890,8.12031,8.12145,1.00,1.00
2017.10.16 13:44:29.243,8.12036,8.12149,1.00,1.00
2017.10.16 13:44:30.599,8.12037,8.12151,1.00,1.00
2017.10.16 13:44:30.650,8.12039,8.12153,1.00,1.00
2017.10.16 13:44:33.676,8.12033,8.12158,1.00,1.00
2017.10.16 13:44:33.905,8.12029,8.12154,1.50,1.00
2017.10.16 13:44:34.207,8.12033,8.12158,1.00,1.00
2017.10.16 13:44:34.956,8.12029,8.12154,1.50,1.00
2017.10.16 13:44:35.397,8.12038,8.12152,1.00,1.00
2017.10.16 13:44:35.701,8.12044,8.12158,1.00,1.00
2017.10.16 13:44:40.655,8.12042,8.12159,1.00,1.00
2017.10.16 13:44:41.572,8.12036,8.12159,1.00,1.00
2017.10.16 13:44:41.847,8.12031,8.12155,1.00,1.00
2017.10.16 13:44:41.898,8.12019,8.12143,1.00,1.00
2017.10.16 13:44:42.202,8.12031,8.12154,1.00,1.00
2017.10.16 13:44:42.253,8.12034,8.12158,1.00,1.00
2017.10.16 13:44:42.945,8.12026,8.1214,1.00,1.00
2017.10.16 13:44:43.286,8.12031,8.12145,1.00,1.00
2017.10.16 13:44:48.707,8.12031,8.12144,1.00,1.00
2017.10.16 13:44:50.064,8.12033,8.12147,1.00,1.00
2017.10.16 13:44:52.878,8.12034,8.12148,1.00,1.00
2017.10.16 13:44:55.575,8.12036,8.1215,1.00,1.00
2017.10.16 13:44:56.969,8.12037,8.1215,1.00,1.00
2017.10.16 13:44:57.555,8.12034,8.12148,1.00,1.00
2017.10.16 13:44:57.752,8.1204,8.12153,1.00,1.00
2017.10.16 13:44:58.935,8.12028,8.12141,1.00,1.00
2017.10.16 13:44:59.139,8.12031,8.12145,1.00,1.00
2017.10.16 13:45:00.207,8.12024,8.12138,1.00,1.00
2017.10.16 13:45:00.522,8.12014,8.12128,1.00,1.00
2017.10.16 13:45:00.624,8.12009,8.12138,1.00,1.00
2017.10.16 13:45:00.920,8.1203,8.12141,1.00,1.00
2017.10.16 13:45:01.025,8.1203,8.12159,1.00,1.00
2017.10.16 13:45:01.076,8.12037,8.12159,1.00,1.00
2017.10.16 13:45:01.462,8.12046,8.12159,1.00,1.50
2017.10.16 13:45:01.784,8.12033,8.12145,1.00,1.00
2017.10.16 13:45:02.174,8.1204,8.12154,1.00,1.00
2017.10.16 13:45:02.230,8.12046,8.12159,1.00,1.00
2017.10.16 13:45:02.649,8.12047,8.12157,1.00,1.00
2017.10.16 13:45:02.818,8.12047,8.12161,1.00,1.00
2017.10.16 13:45:03.351,8.12043,8.12157,1.00,1.00
2017.10.16 13:45:03.769,8.12046,8.12159,1.00,1.00
2017.10.16 13:45:04.396,8.12045,8.12159,1.00,1.00
2017.10.16 13:45:06.143,8.12045,8.12158,1.00,1.00
2017.10.16 13:45:06.193,8.12037,8.12151,1.00,1.00
2017.10.16 13:45:06.511,8.12034,8.12147,1.00,1.00
2017.10.16 13:45:07.320,8.12034,8.12145,1.00,1.00
2017.10.16 13:45:07.668,8.12034,8.12143,1.00,1.00
2017.10.16 13:45:07.917,8.12034,8.12145,1.00,1.00
2017.10.16 13:45:08.218,8.12034,8.12147,1.00,1.00
2017.10.16 13:45:09.223,8.12034,8.12141,1.00,1.00
2017.10.16 13:45:09.724,8.12034,8.12139,1.00,1.00
2017.10.16 13:45:10.064,8.12034,8.12134,1.00,1.00
2017.10.16 13:45:10.166,8.12034,8.12138,1.00,1.00
2017.10.16 13:45:10.420,8.12034,8.12142,1.00,1.00
2017.10.16 13:45:10.600,8.12041,8.12142,1.00,1.00
2017.10.16 13:45:11.367,8.12041,8.12143,1.00,1.00
2017.10.16 13:45:11.678,8.12041,8.12147,1.00,1.00
2017.10.16 13:45:12.277,8.12041,8.12148,1.00,1.00
2017.10.16 13:45:12.819,8.12025,8.12132,1.00,1.00
2017.10.16 13:45:12.870,8.1202,8.12132,1.00,1.00
2017.10.16 13:45:13.134,8.1202,8.12128,1.00,1.00
2017.10.16 13:45:13.287,8.12025,8.12139,1.00,1.00
2017.10.16 13:45:13.583,8.1207,8.12161,1.00,1.00
2017.10.16 13:45:13.700,8.12083,8.12187,1.00,1.00
2017.10.16 13:45:13.785,8.12106,8.12194,1.00,1.00
2017.10.16 13:45:13.857,8.12084,8.12194,1.00,1.00
2017.10.16 13:45:13.909,8.12084,8.12214,1.00,1.00
2017.10.16 13:45:14.117,8.12099,8.12214,1.00,1.00
2017.10.16 13:45:14.219,8.12094,8.12214,1.00,1.00
2017.10.16 13:45:14.343,8.1208,8.12214,1.50,1.00
2017.10.16 13:45:14.396,8.12082,8.12214,1.00,1.00
2017.10.16 13:45:14.728,8.12072,8.12186,1.00,1.00
2017.10.16 13:45:15.033,8.12083,8.12197,1.00,1.00
2017.10.16 13:45:15.427,8.12083,8.12193,1.00,1.00
2017.10.16 13:45:15.881,8.12083,8.12186,1.00,1.00
2017.10.16 13:45:16.127,8.12078,8.12186,1.00,1.00
2017.10.16 13:45:16.181,8.12078,8.12183,1.00,1.00
2017.10.16 13:45:16.488,8.12078,8.12178,1.00,1.00
2017.10.16 13:45:16.838,8.12068,8.12173,1.00,1.00
2017.10.16 13:45:16.889,8.12068,8.12154,1.00,1.00
2017.10.16 13:45:17.458,8.12069,8.12155,1.00,1.00
2017.10.16 13:45:17.767,8.12069,8.12166,1.00,1.00
2017.10.16 13:45:18.422,8.12069,8.1217,1.00,1.00
2017.10.16 13:45:18.762,8.12078,8.12171,1.00,1.00
2017.10.16 13:45:19.279,8.12078,8.12167,1.00,1.00
2017.10.16 13:45:19.599,8.12078,8.12162,1.00,1.00
2017.10.16 13:45:19.666,8.12074,8.12162,1.00,1.00
2017.10.16 13:45:20.197,8.12074,8.12161,1.00,1.00
2017.10.16 13:45:20.626,8.12077,8.12161,1.00,1.00
2017.10.16 13:45:20.728,8.12085,8.12178,1.00,1.00
2017.10.16 13:45:21.049,8.12081,8.12171,1.00,1.00
2017.10.16 13:45:21.351,8.12081,8.12173,1.00,1.00
2017.10.16 13:45:21.594,8.12081,8.12176,1.00,1.00
2017.10.16 13:45:21.645,8.12084,8.12176,1.00,1.00
2017.10.16 13:45:21.956,8.12081,8.12159,1.00,1.00
2017.10.16 13:45:22.113,8.12081,8.12162,1.00,1.00
2017.10.16 13:45:22.411,8.12081,8.12154,1.00,1.00
2017.10.16 13:45:22.950,8.12081,8.12155,1.00,1.00
2017.10.16 13:45:23.513,8.12081,8.12153,1.00,1.00
2017.10.16 13:45:24.042,8.12075,8.12153,1.00,1.00
2017.10.16 13:45:24.143,8.12068,8.12153,1.00,1.00
2017.10.16 13:45:24.194,8.12063,8.12145,1.00,1.00
2017.10.16 13:45:24.347,8.12061,8.12145,1.00,1.00
2017.10.16 13:45:24.522,8.12076,8.12145,1.00,1.00
2017.10.16 13:45:24.573,8.12076,8.12164,1.00,1.00
2017.10.16 13:45:24.758,8.12076,8.12154,1.00,1.00
2017.10.16 13:45:25.037,8.12072,8.12154,1.00,1.00
2017.10.16 13:45:25.088,8.12056,8.1215,1.00,1.00
2017.10.16 13:45:25.139,8.12044,8.1215,1.00,1.00
2017.10.16 13:45:25.190,8.12049,8.12125,1.00,1.00
2017.10.16 13:45:25.433,8.12076,8.12165,1.00,1.00
2017.10.16 13:45:25.635,8.12067,8.12165,1.00,1.00
2017.10.16 13:45:25.686,8.12067,8.1214,1.00,1.00
2017.10.16 13:45:25.737,8.12031,8.1214,1.00,1.00
2017.10.16 13:45:25.991,8.1203,8.12131,1.00,1.00
2017.10.16 13:45:26.309,8.1203,8.12126,1.00,1.00
2017.10.16 13:45:26.555,8.1203,8.1213,1.00,1.00
2017.10.16 13:45:26.862,8.1203,8.12134,1.00,1.00
2017.10.16 13:45:27.109,8.1204,8.12134,1.00,1.00
2017.10.16 13:45:27.159,8.1205,8.12162,1.00,1.00
2017.10.16 13:45:27.433,8.1205,8.12156,1.00,1.00
2017.10.16 13:45:27.731,8.1205,8.12158,1.00,1.00
2017.10.16 13:45:28.331,8.12049,8.1216,1.00,1.00
2017.10.16 13:45:28.565,8.12059,8.1216,1.00,1.00
2017.10.16 13:45:28.667,8.12064,8.12174,1.00,1.00
2017.10.16 13:45:28.947,8.12064,8.12176,1.00,1.00
2017.10.16 13:45:29.234,8.12064,8.12173,1.00,1.00
2017.10.16 13:45:30.025,8.12064,8.12176,1.00,1.00
2017.10.16 13:45:30.527,8.12064,8.12174,1.00,1.00
2017.10.16 13:45:30.940,8.12059,8.12173,1.00,1.00
2017.10.16 13:45:31.234,8.12069,8.12174,1.00,1.00
2017.10.16 13:45:31.552,8.12066,8.12172,1.00,1.00
2017.10.16 13:45:31.704,8.12059,8.12172,1.00,1.50
2017.10.16 13:45:31.824,8.12059,8.12159,1.00,1.00
2017.10.16 13:45:32.190,8.12063,8.12173,1.00,1.00
2017.10.16 13:45:32.307,8.12066,8.12173,1.00,1.00
2017.10.16 13:45:32.726,8.12066,8.1217,1.00,1.00
2017.10.16 13:45:33.088,8.12074,8.12181,1.00,1.00
2017.10.16 13:45:33.388,8.12074,8.12177,1.00,1.00
2017.10.16 13:45:33.591,8.12068,8.12177,1.00,1.00
2017.10.16 13:45:33.642,8.12068,8.12158,1.00,1.00
2017.10.16 13:45:33.693,8.12062,8.12158,1.00,1.00
2017.10.16 13:45:33.795,8.12064,8.12158,1.00,1.00
2017.10.16 13:45:33.916,8.12064,8.12164,1.00,1.00
2017.10.16 13:45:34.389,8.12064,8.12162,1.00,1.00
2017.10.16 13:45:34.653,8.12064,8.12164,1.00,1.00
2017.10.16 13:45:34.907,8.12064,8.12162,1.00,1.00
2017.10.16 13:45:35.114,8.12059,8.12162,1.00,1.00
2017.10.16 13:45:35.216,8.12059,8.12157,1.00,1.00
2017.10.16 13:45:35.823,8.12059,8.1216,1.00,1.00
2017.10.16 13:45:36.409,8.12059,8.12162,1.00,1.00
2017.10.16 13:45:37.013,8.12059,8.12164,1.00,1.00
2017.10.16 13:45:37.309,8.12059,8.12161,1.00,1.00
2017.10.16 13:45:37.461,8.12021,8.12134,1.00,1.00
2017.10.16 13:45:37.563,8.12008,8.12112,1.00,1.00
2017.10.16 13:45:37.766,8.11977,8.1209,1.00,1.00
2017.10.16 13:45:37.933,8.12018,8.12093,1.00,1.00
2017.10.16 13:45:37.986,8.12009,8.12118,1.00,1.00
2017.10.16 13:45:38.088,8.12019,8.12118,1.00,1.00
2017.10.16 13:45:38.291,8.12024,8.1213,1.00,1.00
2017.10.16 13:45:38.541,8.12024,8.12125,1.00,1.00
2017.10.16 13:45:38.871,8.12024,8.12128,1.00,1.00
2017.10.16 13:45:39.099,8.12029,8.12128,1.00,1.00
2017.10.16 13:45:39.443,8.12029,8.12135,1.00,1.00
2017.10.16 13:45:39.565,8.12032,8.12135,1.00,1.00
2017.10.16 13:45:39.860,8.12032,8.12141,1.00,1.00
2017.10.16 13:45:40.038,8.12049,8.12141,1.00,1.00
2017.10.16 13:45:40.089,8.1205,8.12163,1.00,1.50
2017.10.16 13:45:40.140,8.12048,8.12161,1.00,1.00
2017.10.16 13:45:40.292,8.12038,8.12152,1.00,1.00
2017.10.16 13:45:41.557,8.12038,8.12149,1.00,1.00
2017.10.16 13:45:41.826,8.12048,8.12161,1.00,1.00
2017.10.16 13:45:42.760,8.12048,8.12152,1.00,1.00
2017.10.16 13:45:43.042,8.12048,8.1216,1.00,1.00
2017.10.16 13:45:43.322,8.12048,8.12154,1.00,1.00
2017.10.16 13:45:43.642,8.12048,8.12148,1.00,1.00
2017.10.16 13:45:43.771,8.12063,8.12166,1.00,1.00
2017.10.16 13:45:43.873,8.12055,8.12166,1.00,1.00
2017.10.16 13:45:43.925,8.12047,8.12147,1.00,1.00
2017.10.16 13:45:44.253,8.12047,8.12144,1.00,1.00
2017.10.16 13:45:44.532,8.12047,8.12152,1.00,1.00
2017.10.16 13:45:44.714,8.12056,8.12152,1.00,1.00
2017.10.16 13:45:44.871,8.12056,8.12162,1.00,1.00
2017.10.16 13:45:44.922,8.12066,8.12162,1.00,1.00
2017.10.16 13:45:44.973,8.12059,8.12162,1.00,1.00
2017.10.16 13:45:45.587,8.12059,8.12161,1.00,1.00
2017.10.16 13:45:45.866,8.12075,8.12179,1.00,1.00
2017.10.16 13:45:45.917,8.12062,8.12176,1.00,1.00
2017.10.16 13:45:46.245,8.12074,8.1217,1.00,1.00
2017.10.16 13:45:46.296,8.12052,8.12166,1.00,1.00
2017.10.16 13:45:46.347,8.1204,8.12152,1.00,1.00
2017.10.16 13:45:46.557,8.12031,8.12145,1.00,1.00
2017.10.16 13:45:46.608,8.1204,8.12148,1.00,1.00
2017.10.16 13:45:46.852,8.1204,8.12153,1.00,1.00
2017.10.16 13:45:46.954,8.12025,8.12139,1.00,1.00
2017.10.16 13:45:47.180,8.12025,8.12129,1.00,1.00
2017.10.16 13:45:47.231,8.12025,8.12139,1.00,1.00
2017.10.16 13:45:47.281,8.12025,8.12127,1.00,1.00
2017.10.16 13:45:47.540,8.12034,8.12144,1.00,1.00
2017.10.16 13:45:48.487,8.12038,8.12144,1.00,1.00
2017.10.16 13:45:48.749,8.12042,8.12154,1.00,1.00
2017.10.16 13:45:48.822,8.12045,8.12154,1.00,1.00
2017.10.16 13:45:49.653,8.12045,8.12158,1.00,1.00
2017.10.16 13:45:49.805,8.12062,8.12158,1.00,1.00
2017.10.16 13:45:49.856,8.12066,8.12168,1.00,1.00
2017.10.16 13:45:50.205,8.12066,8.12165,1.00,1.00
2017.10.16 13:45:50.434,8.12066,8.12168,1.00,1.00
2017.10.16 13:45:50.985,8.12071,8.12168,1.00,1.00
2017.10.16 13:45:55.689,8.1207,8.12168,1.00,1.00
2017.10.16 13:45:56.015,8.12073,8.12185,1.00,1.00
2017.10.16 13:45:56.200,8.12073,8.12187,1.00,1.00
2017.10.16 13:45:58.341,8.12074,8.12188,1.00,1.00
2017.10.16 13:46:00.392,8.1207,8.12183,1.00,1.00
2017.10.16 13:46:00.805,8.12075,8.12185,1.00,1.00
2017.10.16 13:46:00.891,8.12075,8.12188,1.00,1.00
2017.10.16 13:46:01.619,8.12074,8.12187,1.00,1.00
2017.10.16 13:46:01.721,8.12069,8.12183,1.00,1.00
2017.10.16 13:46:02.183,8.12066,8.12177,1.00,1.00
2017.10.16 13:46:03.584,8.12043,8.12157,1.00,1.00
2017.10.16 13:46:03.635,8.12043,8.12154,1.00,1.00
2017.10.16 13:46:03.686,8.12037,8.12151,1.00,1.00
2017.10.16 13:46:03.849,8.12034,8.12147,1.00,1.00
2017.10.16 13:46:03.900,8.12038,8.12152,1.00,1.00
2017.10.16 13:46:10.753,8.12032,8.12147,1.00,1.00
2017.10.16 13:46:10.864,8.12048,8.12153,1.00,1.00
2017.10.16 13:46:11.004,8.12044,8.12153,1.00,1.00
2017.10.16 13:46:11.673,8.12063,8.12176,1.00,1.00
2017.10.16 13:46:11.724,8.1206,8.12173,1.00,1.00
2017.10.16 13:46:11.971,8.12089,8.12203,1.00,1.00
2017.10.16 13:46:12.149,8.12097,8.12205,1.00,1.00
2017.10.16 13:46:13.371,8.12096,8.12205,1.00,1.00
2017.10.16 13:46:18.881,8.12099,8.12205,1.00,1.00
2017.10.16 13:46:20.110,8.12095,8.12205,1.00,1.00
2017.10.16 13:46:20.161,8.12082,8.12196,1.00,1.50
2017.10.16 13:46:20.212,8.12081,8.12194,1.00,1.00
2017.10.16 13:46:20.736,8.12081,8.12188,1.00,1.00
2017.10.16 13:46:20.947,8.12076,8.12188,1.00,1.00
2017.10.16 13:46:21.477,8.12076,8.1218,1.00,1.00
2017.10.16 13:46:21.580,8.12022,8.12127,1.00,1.00
2017.10.16 13:46:21.681,8.12001,8.12108,1.00,1.00
2017.10.16 13:46:21.784,8.11995,8.121,1.00,1.00
2017.10.16 13:46:21.835,8.11985,8.12099,1.00,1.00
2017.10.16 13:46:22.617,8.11995,8.121,1.00,1.00
2017.10.16 13:46:22.820,8.1199,8.121,1.00,1.00
2017.10.16 13:46:22.872,8.11981,8.1209,1.00,1.00
2017.10.16 13:46:22.923,8.11973,8.12087,1.00,1.00
2017.10.16 13:46:23.435,8.11973,8.12084,1.00,1.00
2017.10.16 13:46:23.771,8.11973,8.12072,1.00,1.00
2017.10.16 13:46:24.083,8.11973,8.1207,1.00,1.00
2017.10.16 13:46:24.635,8.11973,8.12069,1.00,1.00
2017.10.16 13:46:24.686,8.11973,8.12074,1.00,1.00
2017.10.16 13:46:24.773,8.11964,8.12074,1.00,1.00
2017.10.16 13:46:25.026,8.11956,8.12069,1.00,1.00
2017.10.16 13:46:25.426,8.11948,8.12057,1.00,1.00
2017.10.16 13:46:25.799,8.11946,8.12057,1.00,1.00
2017.10.16 13:46:25.966,8.11946,8.1206,1.00,1.00
2017.10.16 13:46:26.018,8.11955,8.12068,1.00,1.00
2017.10.16 13:46:26.256,8.11957,8.12071,1.00,1.00
2017.10.16 13:46:26.650,8.11953,8.12067,1.00,1.00
2017.10.16 13:46:28.406,8.11951,8.12065,1.00,1.00
2017.10.16 13:46:29.311,8.11936,8.12049,1.00,1.00
2017.10.16 13:46:29.538,8.11923,8.12037,1.00,1.00
2017.10.16 13:46:29.590,8.11919,8.12033,1.00,1.00
2017.10.16 13:46:31.231,8.11916,8.12029,1.00,1.00
2017.10.16 13:46:31.282,8.11906,8.1202,1.00,1.00
2017.10.16 13:46:31.333,8.11899,8.12013,1.00,1.00
2017.10.16 13:46:31.896,8.11889,8.12002,1.00,1.00
2017.10.16 13:46:32.242,8.11885,8.11998,1.00,1.00
2017.10.16 13:46:34.008,8.11888,8.12001,1.00,1.00
2017.10.16 13:46:35.269,8.11885,8.11998,1.00,1.00
2017.10.16 13:46:35.448,8.1189,8.12004,1.00,1.00
2017.10.16 13:46:35.500,8.11904,8.12018,1.00,1.00
2017.10.16 13:46:35.810,8.11897,8.1201,1.00,1.00
2017.10.16 13:46:36.070,8.11895,8.12009,1.00,1.00
2017.10.16 13:46:36.530,8.11892,8.12005,1.00,1.00
2017.10.16 13:46:37.062,8.11891,8.12005,1.00,1.00
2017.10.16 13:46:37.622,8.11891,8.12004,1.00,1.50
2017.10.16 13:46:37.795,8.11887,8.12001,1.00,1.00
2017.10.16 13:46:39.067,8.11893,8.12004,1.00,1.50
2017.10.16 13:46:39.400,8.11898,8.12004,1.00,1.00
2017.10.16 13:46:40.034,8.11894,8.12004,1.00,1.00
2017.10.16 13:46:40.780,8.11892,8.12004,1.00,1.00
2017.10.16 13:46:41.616,8.11896,8.12004,1.00,1.00
2017.10.16 13:46:41.963,8.11899,8.12004,1.00,1.00
2017.10.16 13:46:43.432,8.11902,8.12004,1.00,1.00
2017.10.16 13:46:43.774,8.11905,8.12004,1.00,1.00
2017.10.16 13:46:44.568,8.11905,8.12016,1.00,1.00
2017.10.16 13:46:48.399,8.11918,8.12022,1.00,1.00
2017.10.16 13:46:48.558,8.11918,8.12031,1.00,1.00
2017.10.16 13:46:49.227,8.11917,8.12031,1.00,1.00
2017.10.16 13:46:49.991,8.11921,8.12035,1.00,1.00
2017.10.16 13:46:50.534,8.11922,8.12035,1.00,1.00
2017.10.16 13:46:50.872,8.11942,8.12056,1.00,1.00
2017.10.16 13:46:50.973,8.1194,8.12053,1.00,1.00
2017.10.16 13:46:51.719,8.11929,8.12032,1.00,1.00
2017.10.16 13:46:51.770,8.11934,8.12047,1.00,1.00
2017.10.16 13:46:52.398,8.11934,8.12046,1.00,1.00
2017.10.16 13:46:52.974,8.11934,8.12047,1.00,1.00
2017.10.16 13:46:53.200,8.11934,8.12045,1.00,1.00
2017.10.16 13:46:53.374,8.11934,8.12047,1.00,1.00
2017.10.16 13:46:54.190,8.11934,8.12046,1.00,1.00
2017.10.16 13:46:54.406,8.11921,8.12034,1.00,1.00
2017.10.16 13:46:54.592,8.11921,8.1203,1.00,1.00
2017.10.16 13:46:55.095,8.11921,8.12033,1.00,1.00
2017.10.16 13:46:55.468,8.11905,8.12019,1.00,1.00
2017.10.16 13:46:55.519,8.11905,8.12017,1.00,1.00
2017.10.16 13:46:55.835,8.11898,8.12011,1.00,1.00
2017.10.16 13:46:55.937,8.1189,8.12002,1.00,1.00
2017.10.16 13:46:56.930,8.1189,8.12008,1.00,1.00
2017.10.16 13:46:57.135,8.1189,8.12033,1.00,1.50
2017.10.16 13:46:57.186,8.11907,8.12033,1.00,1.50
2017.10.16 13:46:57.390,8.11921,8.1205,1.00,1.00
2017.10.16 13:46:57.441,8.11921,8.12052,1.00,1.00
2017.10.16 13:46:57.492,8.11952,8.12066,1.00,1.00
2017.10.16 13:46:58.461,8.11956,8.12069,1.00,1.00
2017.10.16 13:46:58.782,8.11926,8.12069,1.50,1.00
2017.10.16 13:46:58.991,8.11926,8.12067,1.00,1.00
2017.10.16 13:46:59.507,8.11921,8.12065,1.00,1.00
2017.10.16 13:46:59.559,8.11921,8.12061,1.00,1.00
2017.10.16 13:46:59.662,8.11925,8.12067,1.00,1.00
2017.10.16 13:46:59.815,8.11926,8.12061,1.00,1.00
2017.10.16 13:47:00.196,8.11927,8.12067,1.00,1.00
2017.10.16 13:47:00.688,8.11949,8.12067,1.00,1.50
2017.10.16 13:47:00.739,8.11949,8.12084,1.00,1.00
2017.10.16 13:47:00.841,8.11949,8.12092,1.00,1.00
2017.10.16 13:47:01.890,8.11951,8.12077,1.00,1.00
2017.10.16 13:47:03.334,8.11949,8.12062,1.00,1.00
2017.10.16 13:47:03.644,8.11954,8.12067,1.00,1.00
2017.10.16 13:47:03.985,8.1196,8.12073,1.00,1.00
2017.10.16 13:47:04.321,8.12018,8.12132,1.00,1.00
2017.10.16 13:47:04.372,8.12028,8.12135,1.00,1.00
2017.10.16 13:47:04.423,8.12037,8.1215,1.00,1.00
2017.10.16 13:47:04.727,8.12048,8.12161,1.00,1.00
2017.10.16 13:47:05.109,8.12057,8.1217,1.00,1.00
2017.10.16 13:47:05.380,8.12059,8.12173,1.00,1.00
2017.10.16 13:47:05.540,8.12061,8.12174,1.00,1.00
2017.10.16 13:47:06.796,8.1207,8.12182,1.00,1.00
2017.10.16 13:47:06.847,8.12078,8.12192,1.00,1.00
2017.10.16 13:47:06.899,8.121,8.12208,1.00,1.00
2017.10.16 13:47:07.001,8.12118,8.12228,1.00,1.00
2017.10.16 13:47:07.052,8.12122,8.12228,1.00,1.00
2017.10.16 13:47:07.187,8.12122,8.1224,1.00,1.00
2017.10.16 13:47:07.240,8.12142,8.12248,1.00,1.00
2017.10.16 13:47:07.393,8.12142,8.12264,1.00,1.00
2017.10.16 13:47:07.445,8.12152,8.1227,1.00,1.00
2017.10.16 13:47:07.762,8.12152,8.12267,1.00,1.00
2017.10.16 13:47:08.129,8.1217,8.12281,1.00,1.00
2017.10.16 13:47:08.467,8.1217,8.12278,1.00,1.00
2017.10.16 13:47:08.813,8.1217,8.12274,1.00,1.00
2017.10.16 13:47:08.881,8.1216,8.12274,1.00,1.00
2017.10.16 13:47:09.387,8.1216,8.12273,1.00,1.00
2017.10.16 13:47:09.438,8.1216,8.1227,1.00,1.00
2017.10.16 13:47:10.015,8.1216,8.12271,1.00,1.00
2017.10.16 13:47:10.351,8.1216,8.12274,1.00,1.50
2017.10.16 13:47:10.839,8.12164,8.12275,1.00,1.50
2017.10.16 13:47:11.994,8.12164,8.12274,1.00,1.00
2017.10.16 13:47:12.582,8.12164,8.12271,1.00,1.00
2017.10.16 13:47:13.491,8.12167,8.12271,1.00,1.00
2017.10.16 13:47:13.937,8.12189,8.12271,1.00,1.00
2017.10.16 13:47:13.988,8.12186,8.12288,1.00,1.00
2017.10.16 13:47:14.039,8.1219,8.12288,1.00,1.00
2017.10.16 13:47:14.090,8.12181,8.12288,1.00,1.00
2017.10.16 13:47:14.249,8.12181,8.12293,1.00,1.00
2017.10.16 13:47:14.491,8.12172,8.12286,1.00,1.00
2017.10.16 13:47:14.753,8.12168,8.12282,1.50,1.00
2017.10.16 13:47:15.060,8.12168,8.12278,1.50,1.00
2017.10.16 13:47:15.150,8.12168,8.1228,1.50,1.00
2017.10.16 13:47:15.572,8.12177,8.1228,1.00,1.00
2017.10.16 13:47:15.943,8.12173,8.1228,1.00,1.00
2017.10.16 13:47:16.445,8.12173,8.12284,1.00,1.00
2017.10.16 13:47:17.130,8.12173,8.12286,1.00,1.00
2017.10.16 13:47:18.287,8.12167,8.12281,1.00,1.00
2017.10.16 13:47:19.002,8.12171,8.12284,1.00,1.00
2017.10.16 13:47:19.977,8.12161,8.12275,1.00,1.00
2017.10.16 13:47:20.384,8.12159,8.12273,1.00,1.00
2017.10.16 13:47:21.730,8.12145,8.12246,1.00,1.00
2017.10.16 13:47:21.781,8.12134,8.12247,1.00,1.00
2017.10.16 13:47:21.915,8.12142,8.12249,1.00,1.00
2017.10.16 13:47:22.169,8.12157,8.12269,1.00,1.00
2017.10.16 13:47:22.371,8.12169,8.12279,1.00,1.00
2017.10.16 13:47:22.574,8.12159,8.12272,1.00,1.00
2017.10.16 13:47:22.625,8.12154,8.12264,1.00,1.00
2017.10.16 13:47:22.940,8.12142,8.12244,1.00,1.00
2017.10.16 13:47:22.991,8.12133,8.12243,1.00,1.00
2017.10.16 13:47:23.042,8.12139,8.12244,1.00,1.00
2017.10.16 13:47:23.093,8.12133,8.12243,1.00,1.00
2017.10.16 13:47:23.195,8.12129,8.12243,1.00,1.00
2017.10.16 13:47:23.245,8.12129,8.1224,1.00,1.00
2017.10.16 13:47:23.607,8.12129,8.12243,1.00,1.50
2017.10.16 13:47:24.694,8.12127,8.1224,1.00,1.00
2017.10.16 13:47:25.264,8.12125,8.12238,1.00,1.00
2017.10.16 13:47:25.568,8.12128,8.12241,1.00,1.00
2017.10.16 13:47:26.114,8.12127,8.12241,1.00,1.00
2017.10.16 13:47:26.948,8.12133,8.12246,1.00,1.00
2017.10.16 13:47:27.360,8.12124,8.12237,1.00,1.00
2017.10.16 13:47:28.265,8.12115,8.12229,1.00,1.00
2017.10.16 13:47:28.761,8.12115,8.12227,1.00,1.00
2017.10.16 13:47:29.071,8.12115,8.12224,1.00,1.00
2017.10.16 13:47:29.599,8.12115,8.12225,1.00,1.42
2017.10.16 13:47:29.721,8.12105,8.12219,1.00,1.00
2017.10.16 13:47:30.539,8.12109,8.12222,1.00,1.00
2017.10.16 13:47:30.591,8.12105,8.12219,1.00,1.00
2017.10.16 13:47:33.935,8.12106,8.1222,1.00,1.00
2017.10.16 13:47:33.987,8.12103,8.12216,1.00,1.00
2017.10.16 13:47:34.367,8.12098,8.12208,1.00,1.00
2017.10.16 13:47:34.981,8.12098,8.12209,1.00,1.00
2017.10.16 13:47:35.288,8.12098,8.12206,1.00,1.00
2017.10.16 13:47:35.427,8.12094,8.12206,1.00,1.00
2017.10.16 13:47:35.573,8.121,8.12213,1.00,1.00
2017.10.16 13:47:36.555,8.12104,8.12218,1.00,1.00
2017.10.16 13:47:37.144,8.12105,8.12218,1.00,1.00
2017.10.16 13:47:37.783,8.12108,8.12221,1.00,1.00
2017.10.16 13:47:38.090,8.12118,8.12231,1.00,1.00
2017.10.16 13:47:38.460,8.12122,8.12235,1.00,1.00
2017.10.16 13:47:38.795,8.12127,8.12239,1.00,1.00
2017.10.16 13:47:39.558,8.12122,8.12235,1.00,1.00
2017.10.16 13:47:40.363,8.12119,8.12232,1.00,1.00
2017.10.16 13:47:40.741,8.12115,8.12228,1.00,1.00
2017.10.16 13:47:42.565,8.12121,8.12234,1.00,1.00
2017.10.16 13:47:42.957,8.1213,8.12243,1.00,1.00
2017.10.16 13:47:43.401,8.12141,8.12252,1.00,1.00
2017.10.16 13:47:43.553,8.12139,8.12252,1.00,1.00
2017.10.16 13:47:45.486,8.12131,8.12242,1.00,1.00
2017.10.16 13:47:46.430,8.12129,8.1224,1.00,1.00
2017.10.16 13:47:46.481,8.12124,8.12237,1.00,1.00
2017.10.16 13:47:47.787,8.12115,8.12226,1.00,1.00
2017.10.16 13:47:47.940,8.12108,8.12221,1.00,1.00
2017.10.16 13:47:48.042,8.12111,8.12222,1.00,1.00
2017.10.16 13:47:48.143,8.12111,8.12224,1.00,1.00
2017.10.16 13:47:49.062,8.1211,8.12224,1.00,1.00
2017.10.16 13:47:49.981,8.12105,8.12218,1.00,1.00
2017.10.16 13:47:50.981,8.12115,8.12228,1.00,1.00
2017.10.16 13:47:51.286,8.12121,8.12234,1.00,1.00
2017.10.16 13:47:51.637,8.12126,8.12239,1.00,1.00
2017.10.16 13:47:51.983,8.12122,8.12235,1.00,1.00
2017.10.16 13:47:52.934,8.12126,8.12238,1.00,1.00
2017.10.16 13:47:53.035,8.1213,8.12243,1.00,1.00
2017.10.16 13:47:53.086,8.12126,8.12239,1.00,1.00
2017.10.16 13:47:54.010,8.12135,8.12248,1.00,1.00
2017.10.16 13:47:54.382,8.12144,8.12257,1.00,1.00
2017.10.16 13:47:54.713,8.1214,8.12251,1.00,1.00
2017.10.16 13:47:55.930,8.1214,8.1225,1.00,1.00
2017.10.16 13:47:56.512,8.1214,8.12243,1.00,1.00
2017.10.16 13:47:58.248,8.1214,8.12253,1.50,1.00
2017.10.16 13:47:58.300,8.12129,8.12242,1.00,1.00
2017.10.16 13:47:58.608,8.12138,8.12249,1.00,1.00
2017.10.16 13:48:00.617,8.12132,8.12245,1.00,1.00
2017.10.16 13:48:00.669,8.12129,8.1224,1.00,1.00
2017.10.16 13:48:01.044,8.12129,8.12233,1.00,1.00
2017.10.16 13:48:01.246,8.12129,8.1224,1.00,1.00
2017.10.16 13:48:01.798,8.12129,8.12223,1.00,1.00
2017.10.16 13:48:01.979,8.12127,8.12223,1.00,1.00
2017.10.16 13:48:02.381,8.12127,8.12225,1.00,1.00
2017.10.16 13:48:02.693,8.12127,8.12228,1.00,1.00
2017.10.16 13:48:02.794,8.12118,8.12228,1.00,1.00
2017.10.16 13:48:02.996,8.12118,8.12223,1.00,1.00
2017.10.16 13:48:03.284,8.12118,8.12227,1.00,1.00
2017.10.16 13:48:03.421,8.12126,8.12227,1.00,1.00
2017.10.16 13:48:03.605,8.12126,8.12237,1.00,1.00
2017.10.16 13:48:04.138,8.12131,8.12237,1.00,1.00
2017.10.16 13:48:04.483,8.12131,8.12234,1.00,1.00
2017.10.16 13:48:05.026,8.12131,8.12233,1.00,1.00
2017.10.16 13:48:05.448,8.12131,8.12231,1.00,1.00
2017.10.16 13:48:05.499,8.12127,8.12231,1.00,1.00
2017.10.16 13:48:06.190,8.12127,8.1223,1.00,1.00
2017.10.16 13:48:06.783,8.12127,8.12229,1.00,1.00
2017.10.16 13:48:07.497,8.12127,8.12228,1.00,1.00
2017.10.16 13:48:08.413,8.12125,8.12228,1.00,1.00
2017.10.16 13:48:09.009,8.12125,8.1223,1.00,1.00
2017.10.16 13:48:09.311,8.12125,8.12232,1.00,1.00
2017.10.16 13:48:09.507,8.12116,8.12222,1.00,1.00
2017.10.16 13:48:09.559,8.12101,8.12213,1.00,1.00
2017.10.16 13:48:09.661,8.12101,8.12191,1.00,1.00
2017.10.16 13:48:09.764,8.12097,8.12191,1.00,1.00
2017.10.16 13:48:09.815,8.1209,8.12191,1.00,1.00
2017.10.16 13:48:10.021,8.12079,8.1219,1.50,1.00
2017.10.16 13:48:10.072,8.12077,8.12189,1.00,1.00
2017.10.16 13:48:10.275,8.12072,8.12185,1.00,1.00
2017.10.16 13:48:10.960,8.12067,8.12188,1.00,1.00
2017.10.16 13:48:11.634,8.12067,8.12187,1.00,1.00
2017.10.16 13:48:11.685,8.12064,8.12185,1.00,1.00
2017.10.16 13:48:11.736,8.12064,8.1218,1.00,1.00
2017.10.16 13:48:11.787,8.12056,8.12177,1.00,1.00
2017.10.16 13:48:12.335,8.12056,8.12174,1.00,1.00
2017.10.16 13:48:12.939,8.12056,8.1217,1.00,1.00
2017.10.16 13:48:13.274,8.12052,8.12168,1.00,1.00
2017.10.16 13:48:13.588,8.12052,8.12154,1.00,1.00
2017.10.16 13:48:13.889,8.12052,8.12167,1.00,1.00
2017.10.16 13:48:14.097,8.1205,8.12167,1.00,1.00
2017.10.16 13:48:14.148,8.1205,8.12171,1.00,1.00
2017.10.16 13:48:14.199,8.12061,8.12173,1.00,1.00
2017.10.16 13:48:14.549,8.12121,8.12232,1.00,1.00
2017.10.16 13:48:14.853,8.12121,8.12227,1.00,1.00
2017.10.16 13:48:15.267,8.12121,8.12225,1.00,1.00
2017.10.16 13:48:15.325,8.12121,8.12227,1.00,1.00
2017.10.16 13:48:15.787,8.12113,8.12226,1.00,1.00
2017.10.16 13:48:15.939,8.12104,8.12217,1.00,1.00
2017.10.16 13:48:16.229,8.12086,8.122,1.00,1.00
2017.10.16 13:48:16.432,8.12081,8.1219,1.00,1.00
2017.10.16 13:48:16.645,8.12079,8.1219,1.00,1.00
2017.10.16 13:48:19.122,8.12077,8.1219,1.00,1.00
2017.10.16 13:48:19.811,8.12087,8.12199,1.00,1.00
2017.10.16 13:48:20.480,8.12083,8.12197,1.00,1.00
2017.10.16 13:48:24.243,8.12083,8.12196,1.00,1.00
2017.10.16 13:48:24.514,8.12066,8.12175,1.00,1.00
2017.10.16 13:48:24.565,8.12056,8.1217,1.00,1.00
2017.10.16 13:48:24.615,8.12056,8.12156,1.00,1.00
2017.10.16 13:48:24.717,8.12054,8.12156,1.00,1.00
2017.10.16 13:48:24.887,8.12041,8.12155,1.00,1.00
2017.10.16 13:48:25.044,8.12028,8.12138,1.00,1.00
2017.10.16 13:48:25.248,8.12028,8.12142,1.00,1.00
2017.10.16 13:48:25.450,8.12023,8.12137,1.00,1.00
2017.10.16 13:48:25.815,8.12019,8.12133,1.00,1.00
2017.10.16 13:48:26.142,8.12013,8.12127,1.00,1.00
2017.10.16 13:48:28.232,8.12009,8.12123,1.00,1.00
2017.10.16 13:48:28.537,8.12006,8.1212,1.00,1.00
2017.10.16 13:48:29.545,8.1201,8.12124,1.00,1.00
2017.10.16 13:48:32.619,8.12027,8.12132,1.00,1.00
2017.10.16 13:48:32.720,8.12042,8.1215,1.00,1.00
2017.10.16 13:48:32.771,8.12061,8.1215,1.00,1.00
2017.10.16 13:48:32.923,8.12065,8.12168,1.00,1.00
2017.10.16 13:48:33.126,8.12075,8.12168,1.00,1.00
2017.10.16 13:48:33.177,8.12071,8.12168,1.00,1.00
2017.10.16 13:48:33.228,8.12066,8.12155,1.00,1.00
2017.10.16 13:48:33.648,8.12075,8.12159,1.00,1.00
2017.10.16 13:48:33.805,8.12075,8.12166,1.00,1.00
2017.10.16 13:48:34.163,8.12072,8.12166,1.00,1.00
2017.10.16 13:48:34.404,8.12072,8.12174,1.00,1.00
2017.10.16 13:48:34.758,8.12072,8.12177,1.00,1.00
2017.10.16 13:48:35.057,8.12072,8.12181,1.00,1.00
2017.10.16 13:48:35.547,8.1207,8.12181,1.00,1.00
2017.10.16 13:48:35.700,8.1207,8.12183,1.00,1.00
2017.10.16 13:48:35.962,8.12077,8.12183,1.00,1.00
2017.10.16 13:48:36.013,8.12077,8.12186,1.00,1.00
2017.10.16 13:48:36.329,8.12107,8.12212,1.00,1.00
2017.10.16 13:48:36.582,8.12113,8.12224,1.00,1.00
2017.10.16 13:48:36.875,8.12113,8.12218,1.00,1.00
2017.10.16 13:48:37.018,8.12097,8.12208,1.00,1.00
2017.10.16 13:48:37.069,8.12094,8.122,1.00,1.00
2017.10.16 13:48:37.120,8.12084,8.12197,1.00,1.00
2017.10.16 13:48:37.250,8.12084,8.12171,1.00,1.00
2017.10.16 13:48:37.402,8.12092,8.12188,1.00,1.00
2017.10.16 13:48:37.504,8.1208,8.12188,1.00,1.00
2017.10.16 13:48:37.555,8.1208,8.1217,1.00,1.00
2017.10.16 13:48:37.707,8.12071,8.1217,1.00,1.00
2017.10.16 13:48:37.809,8.12061,8.1217,1.00,1.00
2017.10.16 13:48:37.860,8.12061,8.12173,1.00,1.00
2017.10.16 13:48:38.078,8.12055,8.12169,1.00,1.00
2017.10.16 13:48:38.924,8.12062,8.12174,1.00,1.00
2017.10.16 13:48:39.169,8.12067,8.1218,1.00,1.00
2017.10.16 13:48:39.220,8.12067,8.12165,1.00,1.00
2017.10.16 13:48:39.373,8.12065,8.12165,1.00,1.00
2017.10.16 13:48:39.825,8.12054,8.12166,1.00,1.00
2017.10.16 13:48:39.876,8.12063,8.12165,1.00,1.00
2017.10.16 13:48:40.193,8.12077,8.12165,1.00,1.00
2017.10.16 13:48:40.369,8.12077,8.12182,1.00,1.00
2017.10.16 13:48:40.470,8.12089,8.12182,1.00,1.00
2017.10.16 13:48:40.622,8.12092,8.12188,1.00,1.00
2017.10.16 13:48:41.133,8.12091,8.12188,1.00,1.00
2017.10.16 13:48:41.485,8.12091,8.12196,1.00,1.00
2017.10.16 13:48:41.789,8.12091,8.12194,1.00,1.00
2017.10.16 13:48:42.102,8.12092,8.12196,1.00,1.00
2017.10.16 13:48:42.565,8.12121,8.12214,1.00,1.00
2017.10.16 13:48:42.616,8.12113,8.12214,1.00,1.00
2017.10.16 13:48:42.768,8.12116,8.12214,1.00,1.00
2017.10.16 13:48:42.820,8.12114,8.12214,1.00,1.00
2017.10.16 13:48:42.871,8.12114,8.12221,1.00,1.00
2017.10.16 13:48:43.074,8.12102,8.12215,1.00,1.00
2017.10.16 13:48:43.477,8.12102,8.12213,1.00,1.00
2017.10.16 13:48:44.045,8.12101,8.12212,1.00,1.00
2017.10.16 13:48:44.384,8.12101,8.1221,1.00,1.00
2017.10.16 13:48:44.647,8.12099,8.1221,1.00,1.00
2017.10.16 13:48:44.698,8.12095,8.12196,1.00,1.00
2017.10.16 13:48:45.031,8.12101,8.12199,1.00,1.00
2017.10.16 13:48:45.454,8.12101,8.12194,1.00,1.00
2017.10.16 13:48:45.985,8.12101,8.12193,1.00,1.00
2017.10.16 13:48:46.233,8.12101,8.12202,1.00,1.00
2017.10.16 13:48:46.485,8.12101,8.12205,1.00,1.00
2017.10.16 13:48:47.024,8.12101,8.12206,1.00,1.00
2017.10.16 13:48:47.233,8.12101,8.12209,1.00,1.00
2017.10.16 13:48:47.578,8.12101,8.12207,1.00,1.00
2017.10.16 13:48:47.905,8.12101,8.12204,1.00,1.00
2017.10.16 13:48:48.434,8.12101,8.12201,1.00,1.00
2017.10.16 13:48:48.964,8.12101,8.12202,1.00,1.00
2017.10.16 13:48:49.182,8.12095,8.12202,1.00,1.00
2017.10.16 13:48:49.283,8.12095,8.12196,1.00,1.00
2017.10.16 13:48:49.574,8.12095,8.12201,1.00,1.00
2017.10.16 13:48:50.515,8.12095,8.122,1.00,1.00
2017.10.16 13:48:51.385,8.12095,8.12201,1.00,1.00
2017.10.16 13:48:52.006,8.12095,8.12206,1.00,1.00
2017.10.16 13:48:52.592,8.12095,8.12207,1.00,1.00
2017.10.16 13:48:52.643,8.12095,8.12204,1.00,1.00
2017.10.16 13:48:52.958,8.12095,8.12202,1.00,1.00
2017.10.16 13:48:53.113,8.12091,8.12202,1.00,1.00
2017.10.16 13:48:53.215,8.12091,8.12193,1.00,1.00
2017.10.16 13:48:53.795,8.12091,8.12195,1.00,1.00
2017.10.16 13:48:54.342,8.121,8.12196,1.00,1.00
2017.10.16 13:48:54.477,8.121,8.12206,1.00,1.00
2017.10.16 13:48:54.693,8.121,8.12213,1.00,1.00
2017.10.16 13:48:54.744,8.12105,8.12214,1.00,1.00
2017.10.16 13:48:55.301,8.12105,8.12207,1.00,1.00
2017.10.16 13:48:55.944,8.12105,8.12209,1.00,1.00
2017.10.16 13:48:56.389,8.12104,8.12207,1.00,1.00
2017.10.16 13:48:56.664,8.12104,8.12209,1.00,1.00
2017.10.16 13:48:57.281,8.12104,8.1221,1.00,1.00
2017.10.16 13:48:57.336,8.121,8.1221,1.00,1.00
2017.10.16 13:48:57.572,8.121,8.12204,1.00,1.00
2017.10.16 13:48:57.880,8.121,8.12206,1.00,1.00
2017.10.16 13:48:58.498,8.121,8.12208,1.00,1.00
2017.10.16 13:48:58.564,8.12108,8.12208,1.00,1.00
2017.10.16 13:48:58.807,8.12108,8.12216,1.00,1.00
2017.10.16 13:48:59.106,8.12091,8.12199,1.00,1.00
2017.10.16 13:48:59.410,8.12103,8.12205,1.00,1.00
2017.10.16 13:48:59.651,8.121,8.12205,1.00,1.00
2017.10.16 13:49:00.139,8.12099,8.1221,1.00,1.00
2017.10.16 13:49:00.190,8.12099,8.12199,1.00,1.00
2017.10.16 13:49:02.911,8.12094,8.12199,1.00,1.00
2017.10.16 13:49:02.962,8.12089,8.12199,1.00,1.00
2017.10.16 13:49:04.196,8.12075,8.12194,1.00,1.00
2017.10.16 13:49:04.617,8.12075,8.12196,1.00,1.00
2017.10.16 13:49:04.924,8.12077,8.12199,1.00,1.00
2017.10.16 13:49:05.344,8.12072,8.12193,1.00,1.00
2017.10.16 13:49:11.080,8.12071,8.12193,1.00,1.00
2017.10.16 13:49:13.731,8.12073,8.12194,1.00,1.00
2017.10.16 13:49:14.045,8.12067,8.12186,1.00,1.00
2017.10.16 13:49:17.314,8.12062,8.12175,1.00,1.00
2017.10.16 13:49:17.685,8.12079,8.12192,1.00,1.00
2017.10.16 13:49:19.288,8.1208,8.12193,1.00,1.00
2017.10.16 13:49:19.752,8.12083,8.12197,1.00,1.00
2017.10.16 13:49:20.319,8.1208,8.12193,1.00,1.00
2017.10.16 13:49:22.954,8.1208,8.12194,1.00,1.00
2017.10.16 13:49:24.928,8.12081,8.12195,1.00,1.00
2017.10.16 13:49:25.080,8.12123,8.12238,1.00,1.00
2017.10.16 13:49:25.131,8.12127,8.12241,1.00,1.00
2017.10.16 13:49:25.476,8.12221,8.12314,1.00,1.00
2017.10.16 13:49:25.577,8.12221,8.12332,1.00,1.00
2017.10.16 13:49:25.729,8.1223,8.12332,1.00,1.00
2017.10.16 13:49:25.932,8.12235,8.12349,1.00,1.00
2017.10.16 13:49:26.921,8.12226,8.1234,1.00,1.00
2017.10.16 13:49:27.224,8.12214,8.12328,1.00,1.00
2017.10.16 13:49:27.541,8.12197,8.12311,1.00,1.00
2017.10.16 13:49:27.845,8.12164,8.12278,1.00,1.50
2017.10.16 13:49:28.614,8.12173,8.12287,1.00,1.50
2017.10.16 13:49:28.915,8.12183,8.12297,1.00,1.00
2017.10.16 13:49:30.313,8.12176,8.12288,1.00,1.00
2017.10.16 13:49:32.058,8.1216,8.12274,1.00,1.00
2017.10.16 13:49:32.626,8.12165,8.12278,1.00,1.50
2017.10.16 13:49:32.917,8.12155,8.12269,1.00,1.00
2017.10.16 13:49:32.968,8.12151,8.12265,1.00,1.00
2017.10.16 13:49:33.272,8.1216,8.12273,1.00,1.00
2017.10.16 13:49:33.901,8.12153,8.12267,1.00,1.00
2017.10.16 13:49:34.053,8.12149,8.12263,1.00,1.00
2017.10.16 13:49:34.358,8.1216,8.12274,1.00,1.50
2017.10.16 13:49:34.786,8.12156,8.1227,1.00,1.00
2017.10.16 13:49:35.089,8.1216,8.12274,1.00,1.50
2017.10.16 13:49:35.698,8.1216,8.12273,1.00,1.00
2017.10.16 13:49:35.805,8.12155,8.12269,1.00,1.00
2017.10.16 13:49:36.196,8.1216,8.12274,1.00,1.50
2017.10.16 13:49:36.575,8.12162,8.12273,1.00,1.00
2017.10.16 13:49:36.904,8.12162,8.12268,1.00,1.00
2017.10.16 13:49:37.228,8.12167,8.12277,1.00,1.00
2017.10.16 13:49:37.415,8.12162,8.12276,1.00,1.00
2017.10.16 13:49:37.814,8.12153,8.12262,1.00,1.00
2017.10.16 13:49:38.017,8.12146,8.12258,1.00,1.00
2017.10.16 13:49:38.068,8.1215,8.12262,1.00,1.00
2017.10.16 13:49:38.220,8.12145,8.12259,1.00,1.00
2017.10.16 13:49:38.321,8.12154,8.12263,1.00,1.00
2017.10.16 13:49:38.714,8.12154,8.12265,1.00,1.00
2017.10.16 13:49:39.057,8.12154,8.12259,1.00,1.00
2017.10.16 13:49:39.321,8.12154,8.12261,1.00,1.00
2017.10.16 13:49:39.474,8.12147,8.12261,1.00,1.50
2017.10.16 13:49:39.575,8.12144,8.12256,1.00,1.00
2017.10.16 13:49:39.856,8.12134,8.12248,1.00,1.00
2017.10.16 13:49:40.416,8.12149,8.1226,1.00,1.00
2017.10.16 13:49:40.518,8.12152,8.12266,1.00,1.00
2017.10.16 13:49:40.569,8.12175,8.12283,1.00,1.00
2017.10.16 13:49:40.620,8.12175,8.12286,1.00,1.00
2017.10.16 13:49:40.672,8.12184,8.12298,1.00,1.00
2017.10.16 13:49:40.723,8.12198,8.123,1.00,1.00
2017.10.16 13:49:40.825,8.12193,8.123,1.00,1.00
2017.10.16 13:49:40.927,8.12193,8.12307,1.00,1.00
2017.10.16 13:49:41.859,8.12173,8.12286,1.50,1.00
2017.10.16 13:49:42.011,8.12174,8.12288,1.00,1.00
2017.10.16 13:49:42.365,8.12165,8.12279,1.00,1.00
2017.10.16 13:49:42.681,8.12169,8.12282,1.00,1.00
2017.10.16 13:49:43.170,8.12162,8.12276,1.00,1.00
2017.10.16 13:49:43.681,8.12196,8.12291,1.00,1.00
2017.10.16 13:49:43.733,8.12197,8.12311,1.00,1.00
2017.10.16 13:49:43.785,8.12194,8.12306,1.00,1.00
2017.10.16 13:49:43.837,8.12197,8.12311,1.00,1.00
2017.10.16 13:49:43.889,8.12191,8.12305,1.00,1.00
2017.10.16 13:49:44.261,8.12204,8.12318,1.00,1.00
2017.10.16 13:49:44.567,8.12252,8.12366,1.00,1.00
2017.10.16 13:49:44.872,8.12264,8.12366,1.00,1.00
2017.10.16 13:49:44.923,8.12275,8.12378,1.00,1.00
2017.10.16 13:49:45.220,8.12283,8.12378,1.00,1.00
2017.10.16 13:49:45.271,8.12295,8.12394,1.00,1.00
2017.10.16 13:49:45.373,8.12304,8.12394,1.00,1.00
2017.10.16 13:49:45.427,8.12304,8.12405,1.00,1.00
2017.10.16 13:49:45.855,8.12304,8.12418,1.00,1.00
2017.10.16 13:49:46.141,8.12313,8.12418,1.00,1.50
2017.10.16 13:49:46.282,8.12309,8.12418,1.00,1.00
2017.10.16 13:49:46.333,8.12309,8.12423,1.00,1.00
2017.10.16 13:49:46.485,8.12318,8.12427,1.00,1.00
2017.10.16 13:49:46.637,8.12318,8.12432,1.00,1.00
2017.10.16 13:49:46.884,8.12327,8.12439,1.00,1.00
2017.10.16 13:49:47.188,8.12327,8.12433,1.00,1.00
2017.10.16 13:49:47.495,8.12318,8.12428,1.00,1.00
2017.10.16 13:49:47.647,8.12329,8.12429,1.00,1.00
2017.10.16 13:49:47.849,8.1232,8.12431,1.00,1.00
2017.10.16 13:49:48.153,8.1232,8.12433,1.00,1.00
2017.10.16 13:49:48.204,8.12324,8.12435,1.00,1.00
2017.10.16 13:49:48.508,8.12324,8.12433,1.00,1.00
2017.10.16 13:49:48.761,8.12324,8.12437,1.00,1.00
2017.10.16 13:49:48.980,8.12316,8.12429,1.00,1.00
2017.10.16 13:49:49.183,8.12311,8.12425,1.00,1.00
2017.10.16 13:49:49.234,8.12324,8.12438,1.00,1.00
2017.10.16 13:49:49.632,8.12333,8.12444,1.00,1.00
2017.10.16 13:49:49.735,8.1233,8.12444,1.00,1.50
2017.10.16 13:49:49.785,8.12341,8.12444,1.00,1.00
2017.10.16 13:49:49.887,8.12332,8.12444,1.00,1.00
2017.10.16 13:49:50.170,8.12323,8.12437,1.00,1.00
2017.10.16 13:49:50.272,8.12332,8.12438,1.00,1.00
2017.10.16 13:49:50.677,8.1233,8.12437,1.00,1.00
2017.10.16 13:49:50.880,8.1233,8.12441,1.00,1.00
2017.10.16 13:49:50.931,8.12327,8.12441,1.00,1.50
2017.10.16 13:49:51.084,8.12316,8.12422,1.00,1.00
2017.10.16 13:49:51.347,8.12316,8.12427,1.00,1.00
2017.10.16 13:49:51.800,8.12325,8.12426,1.00,1.00
2017.10.16 13:49:51.996,8.12325,8.12428,1.00,1.00
2017.10.16 13:49:52.146,8.12336,8.1245,1.00,1.00
2017.10.16 13:49:52.197,8.12339,8.12451,1.00,1.00
2017.10.16 13:49:52.462,8.12339,8.12453,1.00,1.00
2017.10.16 13:49:53.346,8.12339,8.12452,1.00,1.00
2017.10.16 13:49:53.397,8.12341,8.12452,1.00,1.00
2017.10.16 13:49:53.738,8.12341,8.1245,1.00,1.00
2017.10.16 13:49:54.065,8.12341,8.12445,1.00,1.00
2017.10.16 13:49:54.248,8.12341,8.12451,1.00,1.00
2017.10.16 13:49:54.549,8.12341,8.12453,1.00,1.00
2017.10.16 13:49:54.694,8.12345,8.12453,1.00,1.00
2017.10.16 13:49:54.745,8.1234,8.12453,1.00,1.00
2017.10.16 13:49:55.456,8.1234,8.12454,1.00,1.00
2017.10.16 13:49:56.169,8.12337,8.12451,1.00,1.00
2017.10.16 13:49:58.827,8.1234,8.12454,1.00,1.00
2017.10.16 13:49:59.174,8.12323,8.12437,1.00,1.00
2017.10.16 13:49:59.484,8.12327,8.12441,1.00,1.00
2017.10.16 13:49:59.918,8.12331,8.12445,1.00,1.00
2017.10.16 13:50:00.228,8.12336,8.1245,1.00,1.50
2017.10.16 13:50:00.539,8.12319,8.12433,1.00,1.00
2017.10.16 13:50:00.884,8.12352,8.12464,1.00,1.00
2017.10.16 13:50:00.935,8.12339,8.12453,1.00,1.00
2017.10.16 13:50:01.349,8.1233,8.12443,1.00,1.00
2017.10.16 13:50:01.451,8.12338,8.12452,1.00,1.00
2017.10.16 13:50:04.336,8.12341,8.12455,1.00,1.00
2017.10.16 13:50:05.457,8.12337,8.12451,1.00,1.00
2017.10.16 13:50:09.551,8.12329,8.1244,1.00,1.00
2017.10.16 13:50:09.858,8.1232,8.12431,1.00,1.00
2017.10.16 13:50:09.959,8.12313,8.12431,1.00,1.00
2017.10.16 13:50:10.010,8.12305,8.12429,1.00,1.00
2017.10.16 13:50:10.320,8.12319,8.12432,1.00,1.00
2017.10.16 13:50:10.861,8.1232,8.12434,1.00,1.00
2017.10.16 13:50:11.014,8.12305,8.12431,1.00,1.00
2017.10.16 13:50:11.287,8.12319,8.12432,1.00,1.00
2017.10.16 13:50:11.770,8.12323,8.12437,1.00,1.00
2017.10.16 13:50:11.909,8.12305,8.1243,1.00,1.00
2017.10.16 13:50:12.010,8.12284,8.12409,1.60,1.00
2017.10.16 13:50:12.264,8.1228,8.12406,1.00,1.00
2017.10.16 13:50:12.592,8.12295,8.12408,1.00,1.00
2017.10.16 13:50:12.662,8.1228,8.12406,1.00,1.00
2017.10.16 13:50:13.185,8.12273,8.12399,1.00,1.00
2017.10.16 13:50:13.502,8.12273,8.12402,1.00,1.00
2017.10.16 13:50:13.717,8.12289,8.12403,1.00,1.00
2017.10.16 13:50:14.128,8.12301,8.12412,1.00,1.00
2017.10.16 13:50:14.280,8.12292,8.12405,1.00,1.00
2017.10.16 13:50:14.384,8.12273,8.12402,1.60,1.00
2017.10.16 13:50:14.616,8.12291,8.12404,1.00,1.00
2017.10.16 13:50:14.982,8.12302,8.12412,1.00,1.00
2017.10.16 13:50:15.032,8.12273,8.124,1.35,1.00
2017.10.16 13:50:15.276,8.12297,8.12408,1.00,1.00
2017.10.16 13:50:15.617,8.12274,8.12403,1.00,1.00
2017.10.16 13:50:15.719,8.12302,8.12412,1.00,1.00
2017.10.16 13:50:15.820,8.12273,8.12404,1.35,1.00
2017.10.16 13:50:16.152,8.12298,8.1241,1.00,1.00
2017.10.16 13:50:16.253,8.12273,8.12403,1.35,1.00
2017.10.16 13:50:16.639,8.12296,8.12408,1.00,1.00
2017.10.16 13:50:16.741,8.12273,8.12403,1.35,1.00
2017.10.16 13:50:17.035,8.123,8.12406,1.00,1.00
2017.10.16 13:50:17.445,8.12294,8.12406,1.00,1.00
2017.10.16 13:50:17.546,8.12273,8.12404,1.00,1.00
2017.10.16 13:50:17.862,8.123,8.12411,1.00,1.00
2017.10.16 13:50:18.276,8.12273,8.12407,1.00,1.00
2017.10.16 13:50:18.327,8.12296,8.1241,1.00,1.00
2017.10.16 13:50:18.378,8.12273,8.12405,1.00,1.00
2017.10.16 13:50:18.712,8.12264,8.12395,1.60,1.00
2017.10.16 13:50:19.235,8.12285,8.12398,1.00,1.00
2017.10.16 13:50:19.538,8.12282,8.12395,1.00,1.00
2017.10.16 13:50:20.725,8.1228,8.12393,1.00,1.00
2017.10.16 13:50:21.644,8.12276,8.12389,1.00,1.00
2017.10.16 13:50:21.746,8.12291,8.12405,1.00,1.00
2017.10.16 13:50:21.797,8.12298,8.12412,1.00,1.50
2017.10.16 13:50:22.103,8.12281,8.12392,1.00,1.00
2017.10.16 13:50:22.453,8.12275,8.12388,1.00,1.00
2017.10.16 13:50:25.395,8.12252,8.12388,1.00,1.00
2017.10.16 13:50:25.805,8.12252,8.12384,1.00,1.00
2017.10.16 13:50:26.116,8.12252,8.12381,1.00,1.00
2017.10.16 13:50:26.579,8.12252,8.12377,1.00,1.00
2017.10.16 13:50:27.559,8.12263,8.124,1.00,1.00
2017.10.16 13:50:27.660,8.12267,8.12405,1.00,1.00
2017.10.16 13:50:27.892,8.12272,8.12409,1.00,1.00
2017.10.16 13:50:28.315,8.12273,8.12396,1.00,1.00
2017.10.16 13:50:31.052,8.12283,8.12396,1.00,1.00
2017.10.16 13:50:34.089,8.12241,8.12342,1.60,1.00
2017.10.16 13:50:34.292,8.1216,8.12273,1.00,1.00
2017.10.16 13:50:34.393,8.12157,8.12253,1.00,1.00
2017.10.16 13:50:34.495,8.12149,8.12253,1.00,1.00
2017.10.16 13:50:34.546,8.12136,8.12253,1.00,1.00
2017.10.16 13:50:34.647,8.12127,8.12249,1.00,1.00
2017.10.16 13:50:34.749,8.1214,8.12253,1.00,1.00
2017.10.16 13:50:35.089,8.1213,8.12252,1.00,1.00
2017.10.16 13:50:38.127,8.12144,8.12257,1.00,1.00
2017.10.16 13:50:38.439,8.12133,8.12246,1.00,1.00
2017.10.16 13:50:39.251,8.12121,8.12235,1.00,1.00
2017.10.16 13:50:41.313,8.12124,8.12238,1.00,1.00
2017.10.16 13:50:41.620,8.12115,8.12229,1.00,1.00
2017.10.16 13:50:43.051,8.12112,8.12225,1.00,1.00
2017.10.16 13:50:43.933,8.12113,8.12226,1.00,1.00
2017.10.16 13:50:44.793,8.12109,8.12223,1.00,1.00
2017.10.16 13:50:47.759,8.12106,8.12218,1.00,1.00
2017.10.16 13:50:47.810,8.12102,8.12215,1.00,1.00
2017.10.16 13:50:48.420,8.12111,8.12224,1.00,1.00
2017.10.16 13:50:48.877,8.12115,8.12227,1.00,1.00
2017.10.16 13:50:49.396,8.12092,8.12205,1.00,1.00
2017.10.16 13:50:49.549,8.12108,8.1221,1.00,1.00
2017.10.16 13:50:49.600,8.12111,8.12224,1.00,1.00
2017.10.16 13:50:49.702,8.12105,8.12218,1.00,1.00
2017.10.16 13:50:49.855,8.1209,8.12204,1.00,1.00
2017.10.16 13:50:50.778,8.12087,8.12201,1.00,1.00
2017.10.16 13:50:53.443,8.12111,8.12214,1.00,1.00
2017.10.16 13:50:53.494,8.1208,8.12193,1.00,1.00
2017.10.16 13:50:53.545,8.12074,8.12187,1.00,1.00
2017.10.16 13:50:53.849,8.12031,8.12141,1.00,1.00
2017.10.16 13:50:55.318,8.1201,8.12121,1.00,1.00
2017.10.16 13:50:55.371,8.1201,8.12119,1.00,1.00
2017.10.16 13:50:55.422,8.11996,8.12107,1.00,1.00
2017.10.16 13:50:55.473,8.11989,8.12103,1.00,1.00
2017.10.16 13:50:55.524,8.1202,8.12119,1.00,1.00
2017.10.16 13:50:55.677,8.12001,8.12114,1.00,1.00
2017.10.16 13:50:55.729,8.11996,8.12109,1.00,1.00
2017.10.16 13:50:56.069,8.12011,8.12124,1.00,1.00
2017.10.16 13:50:56.120,8.12001,8.12115,1.00,1.00
2017.10.16 13:50:56.171,8.12012,8.12126,1.00,1.00
2017.10.16 13:50:58.768,8.12045,8.12156,1.00,1.00
2017.10.16 13:50:58.819,8.12061,8.12194,1.00,1.00
2017.10.16 13:50:58.921,8.12094,8.12194,1.00,1.00
2017.10.16 13:50:59.149,8.12094,8.12198,1.00,1.00
2017.10.16 13:50:59.251,8.12094,8.12207,1.00,1.00
2017.10.16 13:50:59.668,8.12103,8.12216,1.00,1.00
2017.10.16 13:51:01.426,8.12112,8.12225,1.00,1.00
2017.10.16 13:51:01.791,8.12112,8.12219,1.00,1.00
2017.10.16 13:51:01.842,8.12112,8.12225,1.00,1.00
2017.10.16 13:51:01.892,8.12112,8.12219,1.00,1.00
2017.10.16 13:51:02.075,8.12112,8.12225,1.00,1.00
2017.10.16 13:51:02.616,8.12112,8.12226,1.00,1.00
2017.10.16 13:51:03.044,8.12112,8.12219,1.00,1.00
2017.10.16 13:51:03.250,8.12102,8.12216,1.00,1.00
2017.10.16 13:51:03.783,8.12089,8.12202,1.00,1.00
2017.10.16 13:51:04.050,8.12109,8.12223,1.00,1.00
2017.10.16 13:51:04.101,8.12109,8.12219,1.00,1.00
2017.10.16 13:51:04.152,8.121,8.12214,1.00,1.00
2017.10.16 13:51:04.534,8.1211,8.1222,1.00,1.00
2017.10.16 13:51:04.961,8.1211,8.12213,1.00,1.00
2017.10.16 13:51:05.012,8.1211,8.12221,1.00,1.00
2017.10.16 13:51:05.567,8.1211,8.12222,1.00,1.00
2017.10.16 13:51:07.683,8.1211,8.12215,1.00,1.00
2017.10.16 13:51:07.784,8.12059,8.12173,1.00,1.00
2017.10.16 13:51:07.835,8.1204,8.12154,1.60,1.00
2017.10.16 13:51:08.120,8.12013,8.12127,1.00,1.00
2017.10.16 13:51:08.781,8.12004,8.12118,1.00,1.00
2017.10.16 13:51:09.086,8.12021,8.12131,1.00,1.00
2017.10.16 13:51:11.371,8.12026,8.12131,1.00,1.00
2017.10.16 13:51:11.850,8.12004,8.12118,1.00,1.00
2017.10.16 13:51:11.901,8.12018,8.12131,1.00,1.00
2017.10.16 13:51:13.281,8.12019,8.12131,1.00,1.00
2017.10.16 13:51:13.332,8.12004,8.12118,1.00,1.00
2017.10.16 13:51:13.484,8.12019,8.12131,1.00,1.00
2017.10.16 13:51:13.902,8.1201,8.12124,1.00,1.00
2017.10.16 13:51:16.135,8.12018,8.12131,1.00,1.00
2017.10.16 13:51:16.340,8.12014,8.12128,1.00,1.00
2017.10.16 13:51:18.885,8.11939,8.12099,1.60,1.00
2017.10.16 13:51:18.936,8.11987,8.12099,1.00,1.50
2017.10.16 13:51:18.987,8.11967,8.12081,1.00,1.00
2017.10.16 13:51:19.144,8.11967,8.12077,1.00,1.00
2017.10.16 13:51:19.489,8.11965,8.12077,1.00,1.00
2017.10.16 13:51:19.540,8.11954,8.12067,1.00,1.00
2017.10.16 13:51:19.591,8.1194,8.12053,1.00,1.00
2017.10.16 13:51:19.743,8.11907,8.12021,1.00,1.00
2017.10.16 13:51:19.844,8.11898,8.12012,1.00,1.00
2017.10.16 13:51:20.149,8.11881,8.11994,1.00,1.00
2017.10.16 13:51:20.845,8.11884,8.11998,1.00,1.00
2017.10.16 13:51:21.189,8.1188,8.11994,1.00,1.00
2017.10.16 13:51:26.394,8.11879,8.11993,1.00,1.00
2017.10.16 13:51:29.005,8.11878,8.11992,1.00,1.00
2017.10.16 13:51:34.516,8.11882,8.11996,1.00,1.00
2017.10.16 13:51:35.874,8.11881,8.11995,1.00,1.00
2017.10.16 13:51:41.384,8.1188,8.11994,1.00,1.00
2017.10.16 13:51:46.140,8.11911,8.12003,1.00,1.00
2017.10.16 13:51:46.203,8.11915,8.12029,1.00,1.00
2017.10.16 13:51:46.920,8.11925,8.12039,1.00,1.00
2017.10.16 13:51:47.430,8.11926,8.1204,1.00,1.00
2017.10.16 13:51:47.835,8.11915,8.12027,1.00,1.00
2017.10.16 13:51:49.000,8.11922,8.12036,1.00,1.00
2017.10.16 13:51:49.514,8.11914,8.12028,1.00,1.00
2017.10.16 13:51:49.913,8.11886,8.12,1.00,1.00
2017.10.16 13:51:50.642,8.11885,8.11999,1.00,1.00
2017.10.16 13:51:51.510,8.11876,8.1199,1.00,1.00
2017.10.16 13:51:56.414,8.11879,8.11993,1.00,1.00
2017.10.16 13:51:57.242,8.11885,8.11999,1.00,1.00
2017.10.16 13:51:58.326,8.11878,8.11992,1.00,1.00
2017.10.16 13:51:58.646,8.11886,8.12,1.00,1.00
2017.10.16 13:51:59.249,8.11881,8.11995,1.00,1.00
2017.10.16 13:52:00.417,8.11865,8.11979,1.00,1.00
2017.10.16 13:52:00.524,8.11856,8.11977,1.00,1.00
2017.10.16 13:52:00.575,8.11846,8.1196,1.00,1.00
2017.10.16 13:52:00.929,8.11855,8.11969,1.00,1.00
2017.10.16 13:52:01.241,8.11881,8.11989,1.00,1.00
2017.10.16 13:52:01.445,8.11881,8.11995,1.00,1.00
2017.10.16 13:52:01.919,8.11873,8.11984,1.00,1.00
2017.10.16 13:52:02.020,8.11883,8.11997,1.00,1.00
2017.10.16 13:52:02.315,8.11873,8.11987,1.00,1.00
2017.10.16 13:52:02.674,8.11883,8.11997,1.00,1.00
2017.10.16 13:52:02.978,8.11865,8.11979,1.00,1.00
2017.10.16 13:52:03.329,8.11876,8.11989,1.00,1.00
2017.10.16 13:52:03.605,8.11867,8.11981,1.00,1.00
2017.10.16 13:52:04.179,8.11868,8.11981,1.00,1.00
2017.10.16 13:52:04.230,8.11876,8.1199,1.00,1.00
2017.10.16 13:52:04.427,8.11861,8.11975,1.00,1.00
2017.10.16 13:52:04.843,8.11853,8.11967,1.00,1.00
2017.10.16 13:52:05.187,8.11859,8.11973,1.00,1.00
2017.10.16 13:52:05.711,8.11868,8.11981,1.00,1.00
2017.10.16 13:52:05.939,8.1186,8.11974,1.00,1.00
2017.10.16 13:52:06.403,8.11852,8.11965,1.00,1.00
2017.10.16 13:52:06.454,8.11861,8.11975,1.00,1.00
2017.10.16 13:52:06.656,8.1187,8.11984,1.00,1.00
2017.10.16 13:52:07.100,8.11862,8.11974,1.00,1.00
2017.10.16 13:52:07.201,8.11852,8.11966,1.00,1.00
2017.10.16 13:52:07.551,8.11861,8.11974,1.00,1.00
2017.10.16 13:52:07.653,8.11869,8.11983,1.00,1.00
2017.10.16 13:52:07.704,8.11878,8.11992,1.00,1.00
2017.10.16 13:52:08.036,8.11875,8.11989,1.00,1.00
2017.10.16 13:52:08.619,8.11866,8.1198,1.00,1.00
2017.10.16 13:52:09.014,8.11885,8.11999,1.00,1.00
2017.10.16 13:52:11.463,8.11883,8.11996,1.00,1.00
2017.10.16 13:52:11.615,8.11876,8.1199,1.00,1.00
2017.10.16 13:52:11.666,8.11891,8.12005,1.00,1.00
2017.10.16 13:52:12.023,8.11881,8.11995,1.00,1.00
2017.10.16 13:52:14.492,8.11892,8.12006,1.00,1.00
2017.10.16 13:52:15.149,8.11893,8.12007,1.00,1.00
2017.10.16 13:52:15.553,8.11885,8.11999,1.00,1.00
2017.10.16 13:52:15.867,8.11893,8.12006,1.00,1.00
2017.10.16 13:52:16.481,8.11893,8.12005,1.00,1.00
2017.10.16 13:52:17.073,8.11893,8.12006,1.00,1.00
2017.10.16 13:52:17.732,8.11901,8.12015,1.00,1.00
2017.10.16 13:52:17.833,8.11906,8.12028,1.00,1.00
2017.10.16 13:52:17.935,8.1192,8.12032,1.00,1.00
2017.10.16 13:52:19.606,8.1192,8.12033,1.00,1.00
2017.10.16 13:52:21.343,8.11913,8.12026,1.00,1.00
2017.10.16 13:52:21.585,8.11916,8.1203,1.00,1.00
2017.10.16 13:52:21.786,8.11921,8.12035,1.00,1.00
2017.10.16 13:52:22.092,8.11979,8.12093,1.00,1.08
2017.10.16 13:52:22.193,8.11979,8.12093,1.00,1.00
2017.10.16 13:52:22.244,8.11989,8.12103,1.00,1.00
2017.10.16 13:52:22.558,8.12015,8.12129,1.00,1.00
2017.10.16 13:52:23.372,8.12019,8.12133,1.00,1.00
2017.10.16 13:52:23.699,8.12023,8.12137,1.00,1.00
2017.10.16 13:52:24.019,8.12052,8.12165,1.00,1.00
2017.10.16 13:52:24.070,8.12043,8.12157,1.00,1.00
2017.10.16 13:52:24.222,8.12048,8.12161,1.00,1.00
2017.10.16 13:52:24.677,8.12036,8.1215,1.00,1.00
2017.10.16 13:52:24.830,8.1205,8.12163,1.00,1.00
2017.10.16 13:52:25.400,8.12054,8.12167,1.00,1.00
2017.10.16 13:52:26.052,8.1205,8.12163,1.00,1.00
2017.10.16 13:52:26.474,8.12045,8.12158,1.00,1.00
2017.10.16 13:52:26.701,8.1204,8.12154,1.00,1.00
2017.10.16 13:52:27.129,8.12053,8.12165,1.00,1.00
2017.10.16 13:52:28.602,8.12049,8.12162,1.00,1.00
2017.10.16 13:52:29.125,8.1205,8.12163,1.00,1.00
2017.10.16 13:52:30.321,8.12052,8.12166,1.00,1.00
2017.10.16 13:52:31.079,8.12053,8.12167,1.00,1.00
2017.10.16 13:52:31.350,8.12082,8.12187,1.00,1.00
2017.10.16 13:52:31.401,8.12084,8.12197,1.00,1.00
2017.10.16 13:52:33.028,8.12088,8.12199,1.00,1.00
2017.10.16 13:52:33.317,8.12108,8.12222,1.00,1.00
2017.10.16 13:52:33.868,8.12119,8.12232,1.00,1.00
2017.10.16 13:52:34.173,8.12122,8.12235,1.00,1.00
2017.10.16 13:52:34.963,8.12141,8.12254,1.00,1.00
2017.10.16 13:52:35.268,8.12152,8.12265,1.00,1.00
2017.10.16 13:52:35.994,8.12154,8.12267,1.00,1.00
2017.10.16 13:52:36.908,8.12175,8.12289,1.00,1.00
2017.10.16 13:52:37.895,8.1218,8.12291,1.00,1.00
2017.10.16 13:52:38.047,8.12183,8.12296,1.00,1.00
2017.10.16 13:52:38.149,8.12179,8.12292,1.00,1.00
2017.10.16 13:52:38.453,8.12152,8.12265,1.00,1.00
2017.10.16 13:52:38.757,8.12178,8.12291,1.00,1.00
2017.10.16 13:52:39.061,8.12157,8.12268,1.00,1.00
2017.10.16 13:52:39.385,8.12152,8.12263,1.00,1.00
2017.10.16 13:52:39.547,8.12157,8.1227,1.00,1.00
2017.10.16 13:52:39.651,8.12162,8.12273,1.00,1.00
2017.10.16 13:52:39.804,8.12165,8.12278,1.00,1.00
2017.10.16 13:52:39.906,8.12161,8.12274,1.00,1.00
2017.10.16 13:52:40.575,8.12191,8.12302,1.00,1.00
2017.10.16 13:52:40.626,8.12174,8.12287,1.00,1.00
2017.10.16 13:52:40.677,8.12178,8.12292,1.00,1.00
2017.10.16 13:52:40.728,8.12183,8.12296,1.00,1.00
2017.10.16 13:52:41.031,8.12173,8.12286,1.00,1.00
2017.10.16 13:52:41.544,8.12171,8.12284,1.00,1.00
2017.10.16 13:52:42.159,8.12164,8.12277,1.00,1.00
2017.10.16 13:52:42.685,8.12168,8.12282,1.00,1.00
2017.10.16 13:52:44.179,8.12166,8.1228,1.00,1.00
2017.10.16 13:52:45.007,8.12148,8.12262,1.00,1.00
2017.10.16 13:52:45.313,8.12133,8.12246,1.00,1.00
2017.10.16 13:52:45.862,8.12141,8.12255,1.00,1.00
2017.10.16 13:52:45.913,8.12145,8.12259,1.00,1.00
2017.10.16 13:52:46.231,8.12155,8.12269,1.00,1.00
2017.10.16 13:52:46.568,8.1216,8.12273,1.00,1.00
2017.10.16 13:52:47.132,8.12172,8.12283,1.00,1.00
2017.10.16 13:52:47.234,8.12172,8.12286,1.00,1.00
2017.10.16 13:52:47.335,8.12166,8.12279,1.00,1.00
2017.10.16 13:52:48.626,8.12162,8.12274,1.00,1.00
2017.10.16 13:52:49.388,8.12155,8.12268,1.00,1.00
2017.10.16 13:52:49.697,8.12145,8.12259,1.00,1.00
2017.10.16 13:52:49.748,8.12149,8.12263,1.00,1.00
2017.10.16 13:52:50.177,8.12155,8.12269,1.00,1.00
2017.10.16 13:52:51.023,8.12157,8.12271,1.00,1.00
2017.10.16 13:52:51.542,8.1217,8.12284,1.00,1.00
2017.10.16 13:52:51.847,8.12128,8.12255,1.00,1.00
2017.10.16 13:52:51.899,8.12133,8.1225,1.00,1.00
2017.10.16 13:52:52.234,8.12109,8.12223,1.00,1.00
2017.10.16 13:52:52.588,8.12096,8.12213,1.00,1.00
2017.10.16 13:52:52.639,8.12085,8.12213,1.00,1.00
2017.10.16 13:52:52.690,8.12084,8.12198,1.00,1.00
2017.10.16 13:52:53.230,8.12079,8.12192,1.00,1.00
2017.10.16 13:52:54.458,8.1207,8.12183,1.00,1.00
2017.10.16 13:52:54.509,8.12086,8.122,1.00,1.00
2017.10.16 13:52:54.560,8.1208,8.12194,1.00,1.00
2017.10.16 13:52:54.864,8.12062,8.12174,1.00,1.00
2017.10.16 13:52:54.915,8.12073,8.12186,1.00,1.00
2017.10.16 13:52:54.966,8.1206,8.12174,1.00,1.00
2017.10.16 13:52:55.017,8.12048,8.12162,1.00,1.00
2017.10.16 13:52:55.320,8.1204,8.12154,1.00,1.00
2017.10.16 13:52:55.645,8.12032,8.12146,1.00,1.00
2017.10.16 13:52:56.534,8.12038,8.12152,1.00,1.00
2017.10.16 13:52:58.200,8.12034,8.12148,1.00,1.00
2017.10.16 13:52:59.234,8.12044,8.12158,1.00,1.00
2017.10.16 13:52:59.558,8.12032,8.12145,1.00,1.00
2017.10.16 13:53:00.311,8.12026,8.1214,1.00,1.00
2017.10.16 13:53:00.559,8.12022,8.12135,1.00,1.00
2017.10.16 13:53:01.025,8.12009,8.12123,1.00,1.00
2017.10.16 13:53:01.483,8.11999,8.12113,1.00,1.00
2017.10.16 13:53:01.789,8.11989,8.12103,1.00,1.00
2017.10.16 13:53:02.471,8.11986,8.121,1.00,1.00
2017.10.16 13:53:02.802,8.1199,8.12103,1.00,1.00
2017.10.16 13:53:03.004,8.11984,8.12098,1.00,1.00
2017.10.16 13:53:03.055,8.11981,8.12095,1.00,1.00
2017.10.16 13:53:03.360,8.1196,8.12073,1.00,1.00
2017.10.16 13:53:04.696,8.1196,8.12074,1.00,1.00
2017.10.16 13:53:05.741,8.11956,8.1207,1.00,1.00
2017.10.16 13:53:06.742,8.11957,8.1207,1.00,1.00
2017.10.16 13:53:07.801,8.11935,8.12048,1.50,1.00
2017.10.16 13:53:08.105,8.11933,8.12045,1.00,1.00
2017.10.16 13:53:10.009,8.11939,8.12053,1.00,1.00
2017.10.16 13:53:10.793,8.11933,8.12047,1.00,1.00
2017.10.16 13:53:11.098,8.11904,8.12017,1.00,1.00
2017.10.16 13:53:11.297,8.1189,8.12004,1.00,1.00
2017.10.16 13:53:13.649,8.1187,8.11984,1.00,1.00
2017.10.16 13:53:13.953,8.11861,8.11974,1.00,1.00
2017.10.16 13:53:14.156,8.11835,8.11949,1.00,1.00
2017.10.16 13:53:14.257,8.11835,8.11946,1.00,1.00
2017.10.16 13:53:14.308,8.11845,8.11958,1.00,1.00
2017.10.16 13:53:14.409,8.11862,8.11971,1.00,1.00
2017.10.16 13:53:14.460,8.11896,8.12009,1.00,1.00
2017.10.16 13:53:14.512,8.11911,8.12024,1.00,1.00
2017.10.16 13:53:14.834,8.11905,8.12018,1.00,1.00
2017.10.16 13:53:15.138,8.11901,8.12014,1.00,1.00
2017.10.16 13:53:16.026,8.11897,8.12011,1.00,1.00
2017.10.16 13:53:16.389,8.11906,8.12019,1.00,1.00
2017.10.16 13:53:17.233,8.11911,8.12024,1.00,1.00
2017.10.16 13:53:17.832,8.1191,8.12024,1.00,1.00
2017.10.16 13:53:18.969,8.11902,8.12013,1.00,1.00
2017.10.16 13:53:19.726,8.119,8.12013,1.00,1.00
2017.10.16 13:53:21.085,8.11897,8.1201,1.00,1.00
2017.10.16 13:53:21.457,8.11893,8.12006,1.00,1.00
2017.10.16 13:53:21.509,8.11887,8.12001,1.00,1.00
2017.10.16 13:53:21.626,8.11876,8.11989,1.00,1.00
2017.10.16 13:53:22.020,8.1188,8.11993,1.00,1.00
2017.10.16 13:53:23.221,8.11875,8.11988,1.00,1.00
2017.10.16 13:53:24.346,8.11882,8.11995,1.00,1.00
2017.10.16 13:53:25.031,8.11878,8.11989,1.00,1.00
2017.10.16 13:53:26.697,8.11885,8.11998,1.00,1.00
2017.10.16 13:53:26.992,8.11896,8.12009,1.00,1.00
2017.10.16 13:53:28.011,8.119,8.12014,1.00,1.00
2017.10.16 13:53:28.318,8.11883,8.11996,1.00,1.00
2017.10.16 13:53:28.520,8.1188,8.11994,1.00,1.00
2017.10.16 13:53:28.878,8.11892,8.12005,1.00,1.00
2017.10.16 13:53:29.201,8.11904,8.12015,1.00,1.00
2017.10.16 13:53:29.252,8.11901,8.12014,1.00,1.00
2017.10.16 13:53:30.193,8.11911,8.12025,1.00,1.00
2017.10.16 13:53:30.244,8.1192,8.12031,1.00,1.00
2017.10.16 13:53:30.473,8.11914,8.12027,1.00,1.00
2017.10.16 13:53:31.048,8.11919,8.12031,1.00,1.00
2017.10.16 13:53:31.940,8.11901,8.12014,1.00,1.00
2017.10.16 13:53:32.194,8.1191,8.12024,1.00,1.00
2017.10.16 13:53:32.296,8.11919,8.12033,1.00,1.00
2017.10.16 13:53:32.601,8.11961,8.12075,1.00,1.00
2017.10.16 13:53:32.804,8.11962,8.12085,1.00,1.00
2017.10.16 13:53:33.059,8.11971,8.12085,1.00,1.00
2017.10.16 13:53:33.209,8.11972,8.1209,1.00,1.00
2017.10.16 13:53:34.507,8.11961,8.1209,1.00,1.00
2017.10.16 13:53:34.609,8.11959,8.1209,1.00,1.00
2017.10.16 13:53:34.856,8.11961,8.12085,1.00,1.00
2017.10.16 13:53:35.407,8.11963,8.12082,1.00,1.00
2017.10.16 13:53:35.661,8.11957,8.12077,1.00,1.00
2017.10.16 13:53:35.812,8.11959,8.12083,1.00,1.00
2017.10.16 13:53:35.960,8.11963,8.12088,1.00,1.00
2017.10.16 13:53:36.062,8.11973,8.12086,1.00,1.00
2017.10.16 13:53:36.382,8.11977,8.12087,1.00,1.00
2017.10.16 13:53:36.433,8.11964,8.12077,1.00,1.00
2017.10.16 13:53:36.536,8.11948,8.12081,1.00,1.00
2017.10.16 13:53:36.587,8.11954,8.12087,1.00,1.50
2017.10.16 13:53:36.891,8.1195,8.12082,1.00,1.00
2017.10.16 13:53:37.047,8.11944,8.12078,1.00,1.00
2017.10.16 13:53:37.766,8.11946,8.1206,1.00,1.00
2017.10.16 13:53:38.070,8.11936,8.1205,1.00,1.00
2017.10.16 13:53:38.469,8.11941,8.12055,1.00,1.00
2017.10.16 13:53:38.775,8.11933,8.12046,1.00,1.00
2017.10.16 13:53:38.889,8.11924,8.12038,1.00,1.00
2017.10.16 13:53:38.990,8.11913,8.12027,1.00,1.00
2017.10.16 13:53:40.587,8.11901,8.12015,1.00,1.00
2017.10.16 13:53:41.661,8.11908,8.12019,1.00,1.00
2017.10.16 13:53:42.770,8.11903,8.12016,1.00,1.00
2017.10.16 13:53:42.872,8.11911,8.12025,1.00,1.00
2017.10.16 13:53:42.923,8.11903,8.12016,1.00,1.00
2017.10.16 13:53:43.466,8.119,8.12013,1.00,1.00
2017.10.16 13:53:43.669,8.11893,8.12007,1.00,1.00
2017.10.16 13:53:43.872,8.11892,8.12005,1.00,1.00
2017.10.16 13:53:44.178,8.11904,8.12018,1.00,1.00
2017.10.16 13:53:44.430,8.11915,8.12026,1.00,1.00
2017.10.16 13:53:44.481,8.11916,8.12034,1.00,1.00
2017.10.16 13:53:44.532,8.11912,8.12032,1.00,1.00
2017.10.16 13:53:44.734,8.11915,8.12035,1.00,1.00
2017.10.16 13:53:45.090,8.11907,8.1202,1.00,1.00
2017.10.16 13:53:46.184,8.11914,8.12034,1.00,1.00
2017.10.16 13:53:46.733,8.11909,8.12022,1.00,1.00
2017.10.16 13:53:47.036,8.119,8.12013,1.00,1.00
2017.10.16 13:53:48.853,8.11896,8.12009,1.00,1.00
2017.10.16 13:53:49.351,8.11902,8.12016,1.00,1.00
2017.10.16 13:53:49.960,8.11905,8.12031,1.00,1.00
2017.10.16 13:53:50.011,8.11901,8.12014,1.00,1.00
2017.10.16 13:53:50.365,8.11905,8.1203,1.00,1.00
2017.10.16 13:53:51.177,8.119,8.12014,1.00,1.00
2017.10.16 13:53:51.484,8.11903,8.12031,1.00,1.00
2017.10.16 13:53:52.297,8.11901,8.12015,1.00,1.00
2017.10.16 13:53:52.932,8.11904,8.1203,1.00,1.00
2017.10.16 13:53:54.044,8.11898,8.12024,1.00,1.00
2017.10.16 13:53:54.424,8.11892,8.12014,1.00,1.00
2017.10.16 13:53:55.506,8.11914,8.12028,1.00,1.00
2017.10.16 13:53:55.873,8.11914,8.12044,1.00,1.00
2017.10.16 13:53:55.925,8.11917,8.12044,1.00,1.00
2017.10.16 13:53:56.211,8.11917,8.12047,1.00,1.00
2017.10.16 13:53:56.262,8.11926,8.12039,1.00,1.00
2017.10.16 13:53:56.909,8.11923,8.12034,1.00,1.00
2017.10.16 13:53:58.604,8.1192,8.12034,1.00,1.00
2017.10.16 13:53:58.756,8.11924,8.12037,1.00,1.00
2017.10.16 13:53:58.807,8.11925,8.12039,1.00,1.00
2017.10.16 13:53:58.857,8.11928,8.12041,1.00,1.00
2017.10.16 13:53:59.172,8.11922,8.12035,1.00,1.00
2017.10.16 13:53:59.223,8.11917,8.12031,1.50,1.00
2017.10.16 13:53:59.274,8.11922,8.12035,1.00,1.00
2017.10.16 13:53:59.326,8.11926,8.1204,1.00,1.00
2017.10.16 13:53:59.376,8.1193,8.12043,1.00,1.00
2017.10.16 13:53:59.851,8.11933,8.12046,1.00,1.00
2017.10.16 13:54:00.143,8.11927,8.12041,1.00,1.00
2017.10.16 13:54:00.800,8.11925,8.12039,1.00,1.00
2017.10.16 13:54:01.109,8.11921,8.12034,1.00,1.00
2017.10.16 13:54:01.917,8.11919,8.12033,1.00,1.00
2017.10.16 13:54:02.019,8.11922,8.12033,1.00,1.00
2017.10.16 13:54:02.384,8.11927,8.12038,1.00,1.00
2017.10.16 13:54:02.435,8.11922,8.12035,1.00,1.00
2017.10.16 13:54:04.816,8.11917,8.1204,1.00,1.00
2017.10.16 13:54:06.174,8.11918,8.12041,1.00,1.00
2017.10.16 13:54:08.271,8.11938,8.12048,1.00,1.00
2017.10.16 13:54:08.321,8.11938,8.12063,1.00,1.00
2017.10.16 13:54:08.372,8.11953,8.12067,1.00,1.00
2017.10.16 13:54:08.698,8.11948,8.12061,1.00,1.00
2017.10.16 13:54:09.061,8.11958,8.12071,1.00,1.00
2017.10.16 13:54:11.492,8.11963,8.12077,1.00,1.00
2017.10.16 13:54:11.684,8.11967,8.1208,1.00,1.00
2017.10.16 13:54:13.828,8.11947,8.12061,1.00,1.00
2017.10.16 13:54:13.879,8.11959,8.12072,1.00,1.00
2017.10.16 13:54:14.217,8.11963,8.12075,1.00,1.00
2017.10.16 13:54:14.543,8.11967,8.12075,1.00,1.00
2017.10.16 13:54:15.093,8.11971,8.12085,1.00,1.00
2017.10.16 13:54:18.900,8.11986,8.12098,1.00,1.00
2017.10.16 13:54:18.951,8.1198,8.12093,1.00,1.00
2017.10.16 13:54:19.002,8.11975,8.12089,1.00,1.00
2017.10.16 13:54:19.053,8.11979,8.12093,1.00,1.00
2017.10.16 13:54:19.791,8.11975,8.12088,1.00,1.00
2017.10.16 13:54:20.189,8.11972,8.12085,1.00,1.00
2017.10.16 13:54:20.528,8.11974,8.12086,1.00,1.00
2017.10.16 13:54:21.196,8.11974,8.12087,1.00,1.00
2017.10.16 13:54:21.499,8.11971,8.12084,1.00,1.00
2017.10.16 13:54:21.804,8.11973,8.12084,1.00,1.00
2017.10.16 13:54:22.160,8.11979,8.12093,1.00,1.00
2017.10.16 13:54:22.211,8.11988,8.12102,1.00,1.00
2017.10.16 13:54:22.518,8.11993,8.12102,1.00,1.00
2017.10.16 13:54:22.993,8.11988,8.12102,1.00,1.00
2017.10.16 13:54:23.272,8.11986,8.12099,1.00,1.00
2017.10.16 13:54:25.559,8.11985,8.12099,1.00,1.00
2017.10.16 13:54:26.629,8.11982,8.12095,1.50,1.00
2017.10.16 13:54:26.730,8.11988,8.12102,1.00,1.00
2017.10.16 13:54:27.259,8.11987,8.12101,1.00,1.00
2017.10.16 13:54:30.264,8.11998,8.12112,1.00,1.00
2017.10.16 13:54:30.608,8.12004,8.12117,1.00,1.00
2017.10.16 13:54:31.993,8.11998,8.12112,1.00,1.00
2017.10.16 13:54:32.198,8.11993,8.12107,1.50,1.00
2017.10.16 13:54:34.876,8.11991,8.12105,1.00,1.00
2017.10.16 13:54:36.234,8.1199,8.12104,1.00,1.00
2017.10.16 13:54:39.075,8.11978,8.12103,1.00,1.00
2017.10.16 13:54:39.126,8.11965,8.12095,1.00,1.00
2017.10.16 13:54:40.064,8.11965,8.12077,1.00,1.00
2017.10.16 13:54:40.115,8.11922,8.12064,1.50,1.00
2017.10.16 13:54:40.166,8.11914,8.12027,1.00,1.00
2017.10.16 13:54:40.635,8.11911,8.12024,1.00,1.00
2017.10.16 13:54:41.744,8.11906,8.12013,1.00,1.00
2017.10.16 13:54:44.115,8.11906,8.12019,1.50,1.00
2017.10.16 13:54:45.146,8.11867,8.11958,1.00,1.00
2017.10.16 13:54:45.198,8.11845,8.11959,1.00,1.00
2017.10.16 13:54:45.299,8.11843,8.11952,1.00,1.00
2017.10.16 13:54:45.921,8.11843,8.11943,1.00,1.00
2017.10.16 13:54:45.971,8.11825,8.11926,1.00,1.00
2017.10.16 13:54:46.022,8.11825,8.11931,1.00,1.00
2017.10.16 13:54:46.073,8.11825,8.11925,1.00,1.00
2017.10.16 13:54:47.044,8.11797,8.11906,1.00,1.00
2017.10.16 13:54:47.096,8.11801,8.11914,1.00,1.00
2017.10.16 13:54:47.464,8.1181,8.11923,1.00,1.00
2017.10.16 13:54:47.776,8.11803,8.11909,1.00,1.00
2017.10.16 13:54:49.044,8.11824,8.11936,1.00,1.00
2017.10.16 13:54:49.095,8.11824,8.11931,1.00,1.00
2017.10.16 13:54:49.440,8.11824,8.11926,1.00,1.00
2017.10.16 13:54:49.906,8.11824,8.11924,1.00,1.00
2017.10.16 13:54:50.230,8.11824,8.11919,1.00,1.00
2017.10.16 13:54:51.181,8.11824,8.11922,1.00,1.00
2017.10.16 13:54:51.232,8.11824,8.11926,1.00,1.00
2017.10.16 13:54:51.532,8.11813,8.11934,1.00,1.00
2017.10.16 13:54:51.583,8.11819,8.11956,1.00,1.00
2017.10.16 13:54:51.634,8.11838,8.1196,1.00,1.00
2017.10.16 13:54:51.735,8.11849,8.1198,1.00,1.00
2017.10.16 13:54:51.786,8.11876,8.11989,1.00,1.00
2017.10.16 13:54:52.090,8.11897,8.1201,1.00,1.00
2017.10.16 13:54:52.433,8.11891,8.12004,1.00,1.00
2017.10.16 13:54:52.737,8.11899,8.12012,1.00,1.00
2017.10.16 13:54:53.053,8.11895,8.12008,1.00,1.00
2017.10.16 13:54:53.408,8.11887,8.12,1.00,1.00
2017.10.16 13:54:53.776,8.11899,8.12013,1.00,1.00
2017.10.16 13:54:53.827,8.11894,8.12007,1.00,1.00
2017.10.16 13:54:54.361,8.1189,8.12003,1.00,1.00
2017.10.16 13:54:55.899,8.1188,8.11993,1.00,1.00
2017.10.16 13:54:56.774,8.11885,8.11998,1.00,1.00
2017.10.16 13:54:57.160,8.11881,8.11994,1.00,1.00
2017.10.16 13:54:57.211,8.11905,8.12019,1.00,1.00
2017.10.16 13:54:57.262,8.11916,8.12029,1.00,1.00
2017.10.16 13:54:58.500,8.11913,8.12026,1.00,1.00
2017.10.16 13:54:58.841,8.11901,8.12014,1.00,1.00
2017.10.16 13:54:58.942,8.11883,8.11998,1.00,1.00
2017.10.16 13:54:58.993,8.11869,8.11996,1.00,1.00
2017.10.16 13:54:59.044,8.11878,8.11982,1.00,1.00
2017.10.16 13:54:59.095,8.11867,8.1198,1.00,1.00
2017.10.16 13:54:59.146,8.11857,8.11971,1.00,1.00
2017.10.16 13:54:59.349,8.11844,8.11957,1.00,1.00
2017.10.16 13:54:59.671,8.11834,8.11947,1.00,1.00
2017.10.16 13:54:59.975,8.11838,8.11951,1.00,1.00
2017.10.16 13:55:00.279,8.11828,8.11941,1.00,1.00
2017.10.16 13:55:00.602,8.11824,8.11937,1.00,1.00
2017.10.16 13:55:02.815,8.11812,8.11923,1.00,1.00
2017.10.16 13:55:02.917,8.11817,8.1193,1.00,1.00
2017.10.16 13:55:03.023,8.11822,8.11935,1.00,1.00
2017.10.16 13:55:04.300,8.11836,8.11949,1.00,1.00
2017.10.16 13:55:04.931,8.11838,8.11951,1.00,1.00
2017.10.16 13:55:05.628,8.11842,8.11955,1.00,1.00
2017.10.16 13:55:06.832,8.11846,8.11959,1.00,1.00
2017.10.16 13:55:06.883,8.11852,8.11966,1.00,1.00
2017.10.16 13:55:06.934,8.11842,8.11959,1.00,1.00
2017.10.16 13:55:07.036,8.11822,8.11935,1.00,1.00
2017.10.16 13:55:07.341,8.11813,8.11926,1.00,1.00
2017.10.16 13:55:07.821,8.1181,8.11923,1.00,1.00
2017.10.16 13:55:08.267,8.11813,8.11926,1.00,1.00
2017.10.16 13:55:08.874,8.11812,8.11925,1.00,1.00
2017.10.16 13:55:09.289,8.11809,8.11922,1.00,1.00
2017.10.16 13:55:09.593,8.11805,8.11912,1.00,1.00
2017.10.16 13:55:09.825,8.11807,8.1192,1.00,1.00
2017.10.16 13:55:10.665,8.11805,8.11913,1.00,1.00
2017.10.16 13:55:10.910,8.11817,8.11937,1.00,1.00
2017.10.16 13:55:10.968,8.1183,8.11941,1.00,1.00
2017.10.16 13:55:11.020,8.11821,8.11941,1.00,1.00
2017.10.16 13:55:11.324,8.11827,8.11947,1.00,1.00
2017.10.16 13:55:11.798,8.11836,8.11949,1.00,1.00
2017.10.16 13:55:12.244,8.11842,8.11955,1.00,1.00
2017.10.16 13:55:12.897,8.11838,8.11951,1.00,1.00
2017.10.16 13:55:13.366,8.11841,8.11954,1.00,1.00
2017.10.16 13:55:14.680,8.11846,8.11958,1.00,1.00
2017.10.16 13:55:16.254,8.11855,8.11968,1.00,1.00
2017.10.16 13:55:17.680,8.11863,8.11976,1.00,1.00
2017.10.16 13:55:19.961,8.11856,8.11969,1.00,1.00
2017.10.16 13:55:21.318,8.11859,8.11972,1.00,1.00
2017.10.16 13:55:22.819,8.1186,8.11974,1.00,1.00
2017.10.16 13:55:22.920,8.11854,8.11971,1.00,1.00
2017.10.16 13:55:23.173,8.11883,8.11998,1.00,1.00
2017.10.16 13:55:23.224,8.11878,8.11995,1.00,1.00
2017.10.16 13:55:23.377,8.11875,8.1199,1.00,1.00
2017.10.16 13:55:23.834,8.11871,8.11986,1.00,1.00
2017.10.16 13:55:24.008,8.11869,8.11986,1.00,1.00
2017.10.16 13:55:24.160,8.11865,8.11978,1.00,1.00
2017.10.16 13:55:24.347,8.11862,8.11976,1.00,1.00
2017.10.16 13:55:24.399,8.11856,8.11969,1.00,1.00
2017.10.16 13:55:24.713,8.11845,8.11955,1.00,1.00
2017.10.16 13:55:25.139,8.11851,8.11964,1.00,1.00
2017.10.16 13:55:26.031,8.11855,8.11968,1.00,1.00
2017.10.16 13:55:26.828,8.11859,8.11972,1.00,1.00
2017.10.16 13:55:27.402,8.11864,8.11977,1.00,1.00
2017.10.16 13:55:28.546,8.11868,8.11981,1.00,1.00
2017.10.16 13:55:28.862,8.11877,8.1199,1.00,1.00
2017.10.16 13:55:29.206,8.11886,8.11999,1.00,1.00
2017.10.16 13:55:29.504,8.11884,8.11998,1.00,1.00
2017.10.16 13:55:30.011,8.11893,8.12006,1.00,1.00
2017.10.16 13:55:30.390,8.11903,8.12014,1.00,1.00
2017.10.16 13:55:31.154,8.11911,8.12024,1.00,1.00
2017.10.16 13:55:35.853,8.11909,8.12022,1.00,1.00
2017.10.16 13:55:36.157,8.1194,8.12053,1.00,1.00
2017.10.16 13:55:39.401,8.11942,8.12053,1.00,1.00
2017.10.16 13:55:39.452,8.11953,8.12066,1.00,1.00
2017.10.16 13:55:41.891,8.11946,8.12061,1.00,1.00
2017.10.16 13:55:42.983,8.11942,8.12057,1.00,1.00
2017.10.16 13:55:49.782,8.1194,8.12053,1.00,1.00
2017.10.16 13:55:50.897,8.11934,8.12047,1.00,1.00
2017.10.16 13:55:51.446,8.11933,8.12046,1.00,1.00
2017.10.16 13:55:51.783,8.11929,8.1204,1.00,1.00
2017.10.16 13:55:56.093,8.11922,8.12035,1.00,1.00
2017.10.16 13:55:56.243,8.11915,8.12028,1.00,1.00
2017.10.16 13:55:56.548,8.1188,8.11993,1.00,1.00
2017.10.16 13:55:56.852,8.11877,8.1199,1.00,1.00
2017.10.16 13:55:57.160,8.11889,8.12002,1.00,1.00
2017.10.16 13:55:57.906,8.11895,8.12008,1.00,1.00
2017.10.16 13:55:58.565,8.11898,8.12011,1.00,1.00
2017.10.16 13:55:59.592,8.11906,8.12019,1.00,1.00
2017.10.16 13:55:59.895,8.1193,8.12044,1.00,1.00
2017.10.16 13:55:59.946,8.11933,8.12046,1.00,1.00
2017.10.16 13:56:00.251,8.11922,8.12035,1.00,1.00
2017.10.16 13:56:00.353,8.11934,8.12052,1.00,1.00
2017.10.16 13:56:00.404,8.11924,8.12035,1.00,1.00
2017.10.16 13:56:00.556,8.11926,8.12039,1.00,1.00
2017.10.16 13:56:01.495,8.11954,8.12067,1.00,1.00
2017.10.16 13:56:01.863,8.11962,8.12073,1.00,1.00
2017.10.16 13:56:02.205,8.11966,8.12073,1.00,1.00
2017.10.16 13:56:02.357,8.11949,8.12062,1.00,1.00
2017.10.16 13:56:02.458,8.11959,8.12072,1.00,1.00
2017.10.16 13:56:02.779,8.11978,8.12091,1.00,1.00
2017.10.16 13:56:03.138,8.11967,8.1208,1.00,1.00
2017.10.16 13:56:05.050,8.11968,8.12081,1.00,1.00
2017.10.16 13:56:05.539,8.11963,8.12076,1.00,1.00
2017.10.16 13:56:06.582,8.11959,8.12072,1.00,1.00
2017.10.16 13:56:06.951,8.11976,8.12089,1.00,1.00
2017.10.16 13:56:07.170,8.11984,8.12098,1.00,1.00
2017.10.16 13:56:07.383,8.11992,8.12105,1.00,1.00
2017.10.16 13:56:07.695,8.12009,8.12122,1.00,1.00
2017.10.16 13:56:07.998,8.12027,8.1214,1.00,1.00
2017.10.16 13:56:08.261,8.12033,8.12147,1.00,1.00
2017.10.16 13:56:08.313,8.12001,8.12114,1.00,1.00
2017.10.16 13:56:08.600,8.1204,8.12157,1.00,1.00
2017.10.16 13:56:08.834,8.12028,8.12141,1.00,1.00
2017.10.16 13:56:09.143,8.12046,8.12157,1.00,1.00
2017.10.16 13:56:09.523,8.12053,8.12157,1.00,1.00
2017.10.16 13:56:09.574,8.12045,8.12157,1.00,1.00
2017.10.16 13:56:09.625,8.12049,8.12157,1.00,1.00
2017.10.16 13:56:11.162,8.12045,8.12157,1.00,1.00
2017.10.16 13:56:11.264,8.12033,8.12152,1.00,1.00
2017.10.16 13:56:11.366,8.12016,8.12137,1.00,1.00
2017.10.16 13:56:11.418,8.12016,8.12134,1.00,1.00
2017.10.16 13:56:12.019,8.12018,8.12131,1.00,1.00
2017.10.16 13:56:12.385,8.12013,8.12126,1.00,1.00
2017.10.16 13:56:15.159,8.12016,8.12129,1.00,1.00
2017.10.16 13:56:15.703,8.1202,8.12133,1.00,1.00
2017.10.16 13:56:16.241,8.12035,8.12134,1.00,1.00
2017.10.16 13:56:16.292,8.1203,8.12134,1.00,1.00
2017.10.16 13:56:16.343,8.12039,8.12153,1.00,1.00
2017.10.16 13:56:16.394,8.12041,8.12154,1.00,1.00
2017.10.16 13:56:16.778,8.12032,8.12145,1.00,1.00
2017.10.16 13:56:17.121,8.12036,8.12149,1.00,1.00
2017.10.16 13:56:18.078,8.12042,8.12155,1.00,1.00
2017.10.16 13:56:18.448,8.12036,8.12149,1.00,1.00
2017.10.16 13:56:18.842,8.12031,8.12144,1.00,1.00
2017.10.16 13:56:19.472,8.12035,8.12146,1.00,1.00
2017.10.16 13:56:20.081,8.12031,8.12144,1.00,1.00
2017.10.16 13:56:20.855,8.12026,8.12139,1.00,1.00
2017.10.16 13:56:21.438,8.12027,8.1214,1.00,1.00
2017.10.16 13:56:21.782,8.12035,8.12148,1.00,1.00
2017.10.16 13:56:22.211,8.12032,8.12145,1.00,1.00
2017.10.16 13:56:22.644,8.12024,8.12137,1.00,1.00
2017.10.16 13:56:24.772,8.12029,8.12142,1.00,1.00
2017.10.16 13:56:26.175,8.12034,8.12145,1.00,1.00
2017.10.16 13:56:26.949,8.12034,8.12147,1.00,1.00
2017.10.16 13:56:27.833,8.12029,8.1214,1.00,1.00
2017.10.16 13:56:29.624,8.12025,8.12138,1.00,1.00
2017.10.16 13:56:29.830,8.12029,8.12142,1.00,1.00
2017.10.16 13:56:30.272,8.12025,8.12138,1.00,1.00
2017.10.16 13:56:30.390,8.12025,8.12161,1.00,1.00
2017.10.16 13:56:30.441,8.12048,8.12161,1.00,1.00
2017.10.16 13:56:30.542,8.12051,8.12165,1.00,1.00
2017.10.16 13:56:30.648,8.12053,8.12165,1.00,1.00
2017.10.16 13:56:30.888,8.12056,8.12169,1.00,1.00
2017.10.16 13:56:32.443,8.12052,8.12163,1.00,1.00
2017.10.16 13:56:32.595,8.12047,8.12161,1.00,1.00
2017.10.16 13:56:33.294,8.12052,8.12164,1.00,1.00
2017.10.16 13:56:33.345,8.12057,8.1217,1.00,1.00
2017.10.16 13:56:34.256,8.12061,8.12174,1.00,1.00
2017.10.16 13:56:35.110,8.12065,8.12178,1.00,1.00
2017.10.16 13:56:35.683,8.12061,8.12174,1.00,1.00
2017.10.16 13:56:40.963,8.12037,8.1215,1.00,1.00
2017.10.16 13:56:41.279,8.12035,8.12148,1.00,1.00
2017.10.16 13:56:41.330,8.12031,8.12145,1.00,1.00
2017.10.16 13:56:41.978,8.12033,8.12146,1.00,1.00
2017.10.16 13:56:42.601,8.12033,8.12145,1.00,1.00
2017.10.16 13:56:42.652,8.12028,8.12141,1.00,1.00
2017.10.16 13:56:44.630,8.12027,8.12141,1.00,1.00
2017.10.16 13:56:44.975,8.12024,8.12135,1.00,1.00
2017.10.16 13:56:45.026,8.12019,8.12132,1.00,1.00
2017.10.16 13:56:45.695,8.12023,8.12137,1.00,1.00
2017.10.16 13:56:45.999,8.1203,8.12144,1.00,1.00
2017.10.16 13:56:50.140,8.12028,8.12142,1.00,1.00
2017.10.16 13:56:50.937,8.12021,8.12133,1.00,1.00
2017.10.16 13:56:50.988,8.12018,8.12132,1.00,1.00
2017.10.16 13:56:51.039,8.1202,8.12133,1.00,1.00
2017.10.16 13:56:51.549,8.12019,8.12132,1.00,1.00
2017.10.16 13:56:51.600,8.12016,8.1213,1.00,1.00
2017.10.16 13:56:51.651,8.12012,8.12126,1.00,1.00
2017.10.16 13:56:51.955,8.12016,8.12129,1.00,1.00
2017.10.16 13:56:52.264,8.11996,8.1211,1.00,1.00
2017.10.16 13:56:52.315,8.11995,8.12108,1.00,1.00
2017.10.16 13:56:53.051,8.11991,8.12104,1.00,1.00
2017.10.16 13:56:55.021,8.11995,8.12108,1.00,1.00
2017.10.16 13:56:55.072,8.11991,8.12105,1.00,1.00
2017.10.16 13:56:56.838,8.11995,8.12108,1.00,1.00
2017.10.16 13:56:57.707,8.11995,8.12109,1.00,1.00
2017.10.16 13:56:58.028,8.12008,8.12122,1.00,1.00
2017.10.16 13:56:59.660,8.12009,8.12122,1.00,1.00
2017.10.16 13:57:00.213,8.12003,8.12117,1.00,1.00
2017.10.16 13:57:00.265,8.11987,8.121,1.00,1.00
2017.10.16 13:57:00.315,8.1199,8.12104,1.00,1.00
2017.10.16 13:57:00.610,8.11989,8.121,1.00,1.00
2017.10.16 13:57:00.661,8.11991,8.12104,1.00,1.50
2017.10.16 13:57:01.781,8.11997,8.1211,1.00,1.00
2017.10.16 13:57:02.099,8.11992,8.12105,1.00,1.00
2017.10.16 13:57:02.486,8.11996,8.12109,1.00,1.00
2017.10.16 13:57:05.171,8.1199,8.12103,1.00,1.00
2017.10.16 13:57:05.621,8.12003,8.12116,1.00,1.00
2017.10.16 13:57:05.910,8.12007,8.12121,1.00,1.00
2017.10.16 13:57:05.961,8.12011,8.12124,1.00,1.00
2017.10.16 13:57:06.283,8.12005,8.12118,1.00,1.00
2017.10.16 13:57:06.658,8.12003,8.12116,1.00,1.00
2017.10.16 13:57:07.055,8.11998,8.12111,1.00,1.00
2017.10.16 13:57:07.399,8.11989,8.12102,1.00,1.00
2017.10.16 13:57:08.279,8.11992,8.12105,1.00,1.00
2017.10.16 13:57:08.590,8.11989,8.12102,1.00,1.00
2017.10.16 13:57:08.925,8.12,8.12113,1.00,1.00
2017.10.16 13:57:09.425,8.11992,8.12105,1.00,1.00
2017.10.16 13:57:11.567,8.11985,8.12098,1.00,1.00
2017.10.16 13:57:11.920,8.12008,8.12121,1.00,1.00
2017.10.16 13:57:12.288,8.12003,8.12116,1.00,1.00
2017.10.16 13:57:12.698,8.11998,8.12111,1.50,1.00
2017.10.16 13:57:13.661,8.11998,8.12105,1.00,1.00
2017.10.16 13:57:13.790,8.11992,8.12105,1.00,1.00
2017.10.16 13:57:14.690,8.11993,8.12106,1.00,1.00
2017.10.16 13:57:18.291,8.11998,8.12111,1.00,1.00
2017.10.16 13:57:18.769,8.12015,8.12128,1.00,1.00
2017.10.16 13:57:20.200,8.12014,8.12127,1.00,1.00
2017.10.16 13:57:21.558,8.12016,8.12129,1.00,1.00
2017.10.16 13:57:21.915,8.12022,8.12135,1.00,1.00
2017.10.16 13:57:23.888,8.12035,8.12148,1.00,1.00
2017.10.16 13:57:23.939,8.12042,8.12156,1.00,1.00
2017.10.16 13:57:23.990,8.12046,8.1216,1.00,1.00
2017.10.16 13:57:24.305,8.12051,8.12164,1.00,1.00
2017.10.16 13:57:24.584,8.12029,8.12143,1.00,1.00
2017.10.16 13:57:25.804,8.12038,8.12151,1.00,1.00
2017.10.16 13:57:25.856,8.12043,8.12157,1.00,1.00
2017.10.16 13:57:26.119,8.12048,8.12161,1.00,1.00
2017.10.16 13:57:26.455,8.12061,8.12174,1.00,1.00
2017.10.16 13:57:28.749,8.12052,8.12165,1.00,1.00
2017.10.16 13:57:29.762,8.12051,8.12164,1.00,1.00
2017.10.16 13:57:30.197,8.12057,8.1217,1.00,1.00
2017.10.16 13:57:31.170,8.12065,8.12178,1.00,1.00
2017.10.16 13:57:31.504,8.12075,8.12184,1.00,1.00
2017.10.16 13:57:31.723,8.1207,8.12183,1.00,1.00
2017.10.16 13:57:31.825,8.12075,8.12184,1.00,1.00
2017.10.16 13:57:31.876,8.12082,8.12195,1.00,1.00
2017.10.16 13:57:31.978,8.12087,8.122,1.00,1.00
2017.10.16 13:57:32.337,8.12093,8.12206,1.00,1.00
2017.10.16 13:57:32.643,8.12155,8.12268,1.00,1.00
2017.10.16 13:57:32.992,8.12158,8.12271,1.00,1.00
2017.10.16 13:57:33.333,8.12163,8.12276,1.00,1.00
2017.10.16 13:57:33.664,8.12152,8.12266,1.00,1.00
2017.10.16 13:57:33.715,8.1214,8.12253,1.00,1.00
2017.10.16 13:57:33.867,8.12116,8.1223,1.00,1.00
2017.10.16 13:57:33.918,8.12115,8.12228,1.00,1.00
2017.10.16 13:57:34.222,8.12123,8.12236,1.00,1.00
2017.10.16 13:57:34.534,8.12114,8.12225,1.00,1.00
2017.10.16 13:57:35.123,8.12118,8.12231,1.00,1.00
2017.10.16 13:57:35.231,8.12115,8.12228,1.00,1.00
2017.10.16 13:57:35.557,8.12118,8.12231,1.00,1.00
2017.10.16 13:57:36.966,8.1211,8.12223,1.00,1.00
2017.10.16 13:57:37.340,8.12114,8.12227,1.00,1.00
2017.10.16 13:57:38.464,8.12104,8.12234,1.00,1.00
2017.10.16 13:57:38.566,8.12104,8.12224,1.00,1.00
2017.10.16 13:57:38.808,8.12104,8.12234,1.00,1.00
2017.10.16 13:57:38.859,8.12104,8.12224,1.00,1.00
2017.10.16 13:57:39.112,8.12108,8.12238,1.00,1.00
2017.10.16 13:57:39.273,8.12108,8.12228,1.00,1.00
2017.10.16 13:57:39.508,8.12115,8.12244,1.00,1.00
2017.10.16 13:57:39.558,8.12115,8.12236,1.00,1.00
2017.10.16 13:57:39.609,8.12115,8.12244,1.00,1.00
2017.10.16 13:57:39.711,8.12128,8.12254,1.00,1.00
2017.10.16 13:57:39.863,8.12133,8.12263,1.00,1.00
2017.10.16 13:57:39.914,8.12129,8.12259,1.00,1.00
2017.10.16 13:57:40.784,8.12149,8.12277,1.00,1.00
2017.10.16 13:57:40.835,8.1215,8.1228,1.00,1.50
2017.10.16 13:57:40.885,8.12152,8.1228,1.00,1.00
2017.10.16 13:57:40.988,8.12159,8.12289,1.00,1.00
2017.10.16 13:57:41.378,8.1215,8.12278,1.00,1.00
2017.10.16 13:57:41.429,8.12145,8.12275,1.00,1.00
2017.10.16 13:57:42.099,8.12135,8.12272,1.00,1.00
2017.10.16 13:57:42.793,8.1213,8.12266,1.00,1.00
2017.10.16 13:57:43.565,8.12129,8.12265,1.00,1.00
2017.10.16 13:57:43.937,8.12122,8.12255,1.00,1.00
2017.10.16 13:57:43.988,8.12124,8.12261,1.00,1.00
2017.10.16 13:57:44.258,8.12122,8.12252,1.00,1.00
2017.10.16 13:57:44.309,8.1211,8.12247,1.00,1.00
2017.10.16 13:57:44.360,8.1211,8.12239,1.00,1.00
2017.10.16 13:57:45.374,8.12097,8.12234,1.00,1.00
2017.10.16 13:57:45.677,8.12093,8.12231,1.00,1.00
2017.10.16 13:57:45.918,8.12093,8.12228,1.00,1.00
2017.10.16 13:57:46.077,8.12093,8.1223,1.00,1.00
2017.10.16 13:57:46.526,8.12101,8.12233,1.00,1.00
2017.10.16 13:57:46.678,8.12101,8.12236,1.00,1.00
2017.10.16 13:57:46.975,8.12101,8.12231,1.00,1.00
2017.10.16 13:57:47.072,8.12097,8.12231,1.00,1.00
2017.10.16 13:57:47.269,8.12097,8.12234,1.00,1.00
2017.10.16 13:57:47.326,8.12103,8.12234,1.00,1.00
2017.10.16 13:57:47.711,8.12137,8.12251,1.00,1.00
2017.10.16 13:57:48.059,8.12147,8.1226,1.00,1.00
2017.10.16 13:57:48.367,8.12143,8.12249,1.00,1.00
2017.10.16 13:57:48.418,8.12143,8.12253,1.00,1.00
2017.10.16 13:57:50.124,8.12123,8.12233,1.00,1.00
2017.10.16 13:57:50.276,8.12123,8.12263,1.50,1.00
2017.10.16 13:57:50.933,8.12123,8.12262,1.50,1.00
2017.10.16 13:57:51.189,8.12129,8.12262,1.00,1.00
2017.10.16 13:57:51.241,8.12142,8.12279,1.00,1.00
2017.10.16 13:57:51.506,8.12142,8.12276,1.00,1.00
2017.10.16 13:57:52.322,8.12142,8.12275,1.00,1.00
2017.10.16 13:57:52.608,8.12142,8.12279,1.00,1.00
2017.10.16 13:57:52.895,8.12142,8.12282,1.00,1.00
2017.10.16 13:57:53.513,8.12142,8.12278,1.00,1.00
2017.10.16 13:57:53.766,8.12142,8.12283,1.00,1.00
2017.10.16 13:57:54.305,8.12148,8.12283,1.00,1.00
2017.10.16 13:57:56.672,8.1216,8.12298,1.00,1.00
2017.10.16 13:57:56.724,8.12148,8.1229,1.00,1.00
2017.10.16 13:57:56.825,8.12148,8.12284,1.00,1.00
2017.10.16 13:57:57.129,8.12153,8.12285,1.00,1.50
2017.10.16 13:57:57.723,8.12153,8.12284,1.00,1.00
2017.10.16 13:57:58.142,8.12148,8.12281,1.00,1.00
2017.10.16 13:57:59.781,8.1215,8.12283,1.00,1.00
2017.10.16 13:58:00.172,8.12154,8.12287,1.00,1.00
2017.10.16 13:58:00.502,8.12149,8.12283,1.00,1.00
2017.10.16 13:58:04.065,8.12154,8.12278,1.00,1.00
2017.10.16 13:58:04.769,8.12151,8.12277,1.00,1.00
2017.10.16 13:58:05.307,8.12148,8.12276,1.00,1.00
2017.10.16 13:58:06.651,8.12149,8.12278,1.00,1.00
2017.10.16 13:58:08.352,8.12127,8.12256,1.00,1.00
2017.10.16 13:58:08.676,8.1211,8.12238,1.00,1.00
2017.10.16 13:58:09.123,8.12117,8.12243,1.00,1.00
2017.10.16 13:58:09.876,8.12119,8.12233,1.00,1.00
2017.10.16 13:58:10.388,8.12125,8.12239,1.00,1.00
2017.10.16 13:58:10.722,8.12147,8.1226,1.00,1.00
2017.10.16 13:58:11.026,8.12152,8.12265,1.00,1.00
2017.10.16 13:58:12.151,8.12156,8.1227,1.00,1.00
2017.10.16 13:58:12.203,8.12153,8.12279,1.00,1.00
2017.10.16 13:58:12.841,8.12158,8.12284,1.00,1.00
2017.10.16 13:58:13.145,8.12175,8.12301,1.00,1.00
2017.10.16 13:58:13.754,8.12178,8.12304,1.00,1.00
2017.10.16 13:58:14.459,8.12186,8.1231,1.00,1.00
2017.10.16 13:58:15.093,8.12191,8.12312,1.00,1.00
2017.10.16 13:58:15.257,8.122,8.12326,1.00,1.00
2017.10.16 13:58:15.557,8.12195,8.12321,1.00,1.00
2017.10.16 13:58:15.898,8.12187,8.12313,1.00,1.00
2017.10.16 13:58:16.282,8.12198,8.12324,1.00,1.00
2017.10.16 13:58:16.586,8.12215,8.12339,1.00,1.00
2017.10.16 13:58:18.196,8.12211,8.12337,1.00,1.00
2017.10.16 13:58:18.247,8.12216,8.12339,1.00,1.00
2017.10.16 13:58:20.255,8.1221,8.12334,1.00,1.00
2017.10.16 13:58:20.321,8.12209,8.12323,1.00,1.00
2017.10.16 13:58:20.746,8.12234,8.12347,1.00,1.00
2017.10.16 13:58:20.972,8.12216,8.1233,1.00,1.00
2017.10.16 13:58:21.074,8.12213,8.12326,1.00,1.00
2017.10.16 13:58:21.405,8.12219,8.12332,1.00,1.00
2017.10.16 13:58:21.741,8.12234,8.12347,1.00,1.00
2017.10.16 13:58:21.934,8.12228,8.12342,1.00,1.00
2017.10.16 13:58:22.135,8.12232,8.12346,1.00,1.00
2017.10.16 13:58:22.752,8.12228,8.12342,1.00,1.00
2017.10.16 13:58:23.058,8.12231,8.12345,1.00,1.00
2017.10.16 13:58:23.472,8.12227,8.12339,1.00,1.00
2017.10.16 13:58:23.574,8.12221,8.12335,1.00,1.00
2017.10.16 13:58:24.429,8.12228,8.12342,1.00,1.00
2017.10.16 13:58:25.053,8.1222,8.12332,1.00,1.00
2017.10.16 13:58:25.104,8.12211,8.12325,1.00,1.00
2017.10.16 13:58:27.189,8.12209,8.12323,1.00,1.00
2017.10.16 13:58:28.064,8.12237,8.12351,1.00,1.00
2017.10.16 13:58:28.369,8.12242,8.12356,1.00,1.00
2017.10.16 13:58:28.736,8.12237,8.12351,1.00,1.00
2017.10.16 13:58:29.054,8.12229,8.12342,1.00,1.00
2017.10.16 13:58:29.207,8.12184,8.12298,1.00,1.00
2017.10.16 13:58:29.258,8.12177,8.12283,1.00,1.00
2017.10.16 13:58:29.310,8.12163,8.12277,1.00,1.00
2017.10.16 13:58:29.361,8.12149,8.12263,1.00,1.00
2017.10.16 13:58:29.665,8.1214,8.12254,1.00,1.00
2017.10.16 13:58:31.928,8.12136,8.1225,1.00,1.00
2017.10.16 13:58:33.865,8.12123,8.12236,1.00,1.00
2017.10.16 13:58:33.959,8.12121,8.12235,1.00,1.00
2017.10.16 13:58:34.010,8.12125,8.12239,1.00,1.00
2017.10.16 13:58:35.350,8.12124,8.12238,1.00,1.00
2017.10.16 13:58:35.786,8.12129,8.12243,1.00,1.00
2017.10.16 13:58:36.145,8.12116,8.1223,1.00,1.00
2017.10.16 13:58:36.687,8.12114,8.12228,1.00,1.00
2017.10.16 13:58:36.991,8.12095,8.12209,1.00,1.00
2017.10.16 13:58:41.358,8.1209,8.12204,1.00,1.00
2017.10.16 13:58:41.675,8.12077,8.12191,1.00,1.00
2017.10.16 13:58:42.001,8.12075,8.12189,1.00,1.00
2017.10.16 13:58:42.328,8.12081,8.12194,1.00,1.00
2017.10.16 13:58:42.429,8.12085,8.12199,1.00,1.00
2017.10.16 13:58:43.186,8.12081,8.12195,1.00,1.00
2017.10.16 13:58:43.636,8.12085,8.12199,1.00,1.00
2017.10.16 13:58:46.926,8.12079,8.12193,1.00,1.00
2017.10.16 13:58:47.295,8.12057,8.12171,1.00,1.00
2017.10.16 13:58:47.876,8.12057,8.1217,1.00,1.00
2017.10.16 13:58:48.322,8.12063,8.12176,1.00,1.00
2017.10.16 13:58:48.626,8.12077,8.12189,1.00,1.00
2017.10.16 13:58:49.272,8.12081,8.12194,1.00,1.00
2017.10.16 13:58:50.385,8.12077,8.1219,1.00,1.00
2017.10.16 13:58:51.000,8.1209,8.12201,1.00,1.00
2017.10.16 13:58:51.052,8.12087,8.122,1.00,1.00
2017.10.16 13:58:51.576,8.12082,8.12195,1.00,1.00
2017.10.16 13:58:52.634,8.12078,8.12191,1.00,1.00
2017.10.16 13:58:53.451,8.12073,8.12186,1.00,1.00
2017.10.16 13:58:53.770,8.12077,8.1219,1.00,1.00
2017.10.16 13:58:54.371,8.12081,8.12194,1.00,1.00
2017.10.16 13:58:54.872,8.12085,8.12198,1.00,1.00
2017.10.16 13:58:55.732,8.12096,8.12206,1.00,1.00
2017.10.16 13:58:55.784,8.12101,8.12214,1.00,1.00
2017.10.16 13:58:56.108,8.12097,8.1221,1.00,1.00
2017.10.16 13:58:57.880,8.12116,8.12229,1.00,1.00
2017.10.16 13:58:59.492,8.12112,8.12225,1.00,1.00
2017.10.16 13:58:59.948,8.12115,8.12228,1.00,1.00
2017.10.16 13:59:00.290,8.1211,8.12222,1.00,1.00
2017.10.16 13:59:00.550,8.12108,8.12222,1.00,1.00
2017.10.16 13:59:01.156,8.12106,8.1222,1.00,1.00
2017.10.16 13:59:01.466,8.12111,8.12225,1.00,1.00
2017.10.16 13:59:01.928,8.12115,8.12229,1.00,1.00
2017.10.16 13:59:02.360,8.12121,8.12233,1.00,1.00
2017.10.16 13:59:02.981,8.12115,8.12229,1.00,1.00
2017.10.16 13:59:04.528,8.12121,8.12235,1.00,1.00
2017.10.16 13:59:05.168,8.12117,8.12231,1.00,1.00
2017.10.16 13:59:05.642,8.12122,8.12235,1.00,1.00
2017.10.16 13:59:05.693,8.12123,8.12262,1.00,1.00
2017.10.16 13:59:06.278,8.12119,8.12262,1.00,1.50
2017.10.16 13:59:06.735,8.12117,8.1223,1.00,1.00
2017.10.16 13:59:07.038,8.12119,8.12231,1.00,1.00
2017.10.16 13:59:07.102,8.12118,8.12241,1.00,1.00
2017.10.16 13:59:07.413,8.12121,8.12241,1.00,1.00
2017.10.16 13:59:08.237,8.12121,8.1226,1.00,1.00
2017.10.16 13:59:08.288,8.12121,8.12241,1.00,1.00
2017.10.16 13:59:08.390,8.12121,8.1226,1.00,1.00
2017.10.16 13:59:08.491,8.12116,8.12241,1.00,1.00
2017.10.16 13:59:08.542,8.12114,8.12258,1.00,1.00
2017.10.16 13:59:08.593,8.12119,8.12259,1.00,1.00
2017.10.16 13:59:08.796,8.12117,8.12259,1.00,1.00
2017.10.16 13:59:08.963,8.12113,8.12257,1.00,1.00
2017.10.16 13:59:10.172,8.12094,8.12232,1.00,1.00
2017.10.16 13:59:10.223,8.12088,8.12232,1.00,1.50
2017.10.16 13:59:10.274,8.12084,8.12228,1.00,1.00
2017.10.16 13:59:10.592,8.12101,8.12215,1.00,1.00
2017.10.16 13:59:10.997,8.12105,8.12219,1.00,1.00
2017.10.16 13:59:11.162,8.12091,8.1222,1.00,1.00
2017.10.16 13:59:11.542,8.12086,8.12217,1.00,1.00
2017.10.16 13:59:12.257,8.12082,8.12214,1.00,1.00
2017.10.16 13:59:12.510,8.1209,8.12204,1.00,1.00
2017.10.16 13:59:13.246,8.12095,8.12207,1.00,1.00
2017.10.16 13:59:13.297,8.12098,8.12212,1.00,1.00
2017.10.16 13:59:14.581,8.12098,8.12209,1.00,1.00
2017.10.16 13:59:14.930,8.12094,8.12207,1.00,1.00
2017.10.16 13:59:15.502,8.12093,8.12206,1.00,1.00
2017.10.16 13:59:16.407,8.12101,8.12213,1.00,1.00
2017.10.16 13:59:17.550,8.12105,8.12217,1.00,1.00
2017.10.16 13:59:19.083,8.12097,8.12209,1.00,1.00
2017.10.16 13:59:20.179,8.12089,8.12202,1.00,1.00
2017.10.16 13:59:20.332,8.12095,8.12206,1.00,1.00
2017.10.16 13:59:20.440,8.12093,8.12205,1.00,1.00
2017.10.16 13:59:21.540,8.12137,8.12251,1.00,1.00
2017.10.16 13:59:21.591,8.12153,8.12265,1.00,1.00
2017.10.16 13:59:21.767,8.12143,8.12257,1.00,1.00
2017.10.16 13:59:22.351,8.12142,8.12256,1.00,1.00
2017.10.16 13:59:24.606,8.12138,8.12252,1.00,1.00
2017.10.16 13:59:25.065,8.12142,8.12256,1.00,1.00
2017.10.16 13:59:27.308,8.12135,8.1226,1.00,1.00
2017.10.16 13:59:29.960,8.12134,8.12259,1.00,1.00
2017.10.16 13:59:31.964,8.1214,8.12265,1.00,1.00
2017.10.16 13:59:32.301,8.12135,8.12259,1.00,1.00
2017.10.16 13:59:32.352,8.12138,8.12263,1.00,1.00
2017.10.16 13:59:33.086,8.12134,8.12259,1.00,1.00
2017.10.16 13:59:33.839,8.12129,8.12255,1.00,1.00
2017.10.16 13:59:35.387,8.12145,8.12271,1.00,1.00
2017.10.16 13:59:35.699,8.12151,8.12276,1.00,1.00
2017.10.16 13:59:36.013,8.12143,8.12276,1.00,1.00
2017.10.16 13:59:36.165,8.12137,8.1225,1.00,1.00
2017.10.16 13:59:36.828,8.12139,8.12252,1.00,1.00
2017.10.16 13:59:38.338,8.12133,8.12246,1.00,1.00
2017.10.16 13:59:38.542,8.12125,8.12239,1.00,1.00
2017.10.16 13:59:38.594,8.12116,8.12227,1.00,1.00
2017.10.16 13:59:38.695,8.1211,8.12223,1.00,1.00
2017.10.16 13:59:39.184,8.12105,8.12218,1.00,1.00
2017.10.16 13:59:39.755,8.12103,8.12216,1.00,1.00
2017.10.16 13:59:39.999,8.12119,8.12255,1.00,1.00
2017.10.16 13:59:40.050,8.12122,8.12235,1.00,1.00
2017.10.16 13:59:40.422,8.12111,8.12224,1.00,1.00
2017.10.16 13:59:40.789,8.12107,8.12218,1.00,1.00
2017.10.16 13:59:41.361,8.12106,8.12249,1.00,1.00
2017.10.16 13:59:42.338,8.12108,8.12248,1.00,1.00
2017.10.16 13:59:44.990,8.12109,8.12249,1.00,1.00
2017.10.16 13:59:47.707,8.12103,8.12243,1.00,1.00
2017.10.16 13:59:48.015,8.121,8.1224,1.00,1.00
2017.10.16 13:59:48.843,8.12105,8.12245,1.00,1.00
2017.10.16 13:59:49.149,8.12101,8.12239,1.00,1.00
2017.10.16 13:59:49.788,8.12095,8.12235,1.50,1.00
2017.10.16 13:59:49.839,8.121,8.1224,1.00,1.00
2017.10.16 13:59:50.188,8.12045,8.12158,1.00,1.00
2017.10.16 13:59:50.492,8.12028,8.12141,1.00,1.00
2017.10.16 13:59:51.389,8.12014,8.12127,1.00,1.00
2017.10.16 13:59:51.591,8.12003,8.12117,1.00,1.00
2017.10.16 13:59:53.770,8.12007,8.1212,1.00,1.00
2017.10.16 13:59:54.076,8.12022,8.12135,1.00,1.00
2017.10.16 13:59:54.385,8.12028,8.12141,1.00,1.00
2017.10.16 13:59:54.436,8.12033,8.12147,1.00,1.00
2017.10.16 13:59:55.153,8.12029,8.12142,1.00,1.00
2017.10.16 13:59:55.494,8.12033,8.12146,1.00,1.00
2017.10.16 13:59:57.368,8.12029,8.12142,1.00,1.00
2017.10.16 13:59:58.948,8.12006,8.12119,1.00,1.00
2017.10.16 13:59:59.050,8.12001,8.12115,1.00,1.00
2017.10.16 13:59:59.151,8.12019,8.1213,1.00,1.00
2017.10.16 13:59:59.202,8.12019,8.12132,1.00,1.00
2017.10.16 13:59:59.643,8.12026,8.12139,1.00,1.00
