2016.11.17 02:00:01.204,9.17423,9.17707,1.00,1.00
2016.11.17 02:00:01.358,9.17448,9.17766,1.00,1.00
2016.11.17 02:00:01.460,9.1746,9.17767,1.00,1.00
2016.11.17 02:00:01.828,9.17473,9.17767,1.00,1.00
2016.11.17 02:00:01.980,9.17473,9.17817,1.00,1.00
2016.11.17 02:00:02.081,9.17488,9.17817,1.00,1.00
2016.11.17 02:00:02.399,9.17514,9.17817,1.00,1.00
2016.11.17 02:00:02.743,9.17512,9.17817,1.00,1.00
2016.11.17 02:00:02.951,9.17508,9.17817,1.00,1.00
2016.11.17 02:00:03.002,9.17494,9.17817,1.00,1.00
2016.11.17 02:00:03.154,9.17478,9.17817,1.00,1.00
2016.11.17 02:00:03.945,9.17482,9.17817,1.00,1.00
2016.11.17 02:00:04.487,9.17478,9.17817,1.00,1.00
2016.11.17 02:00:04.847,9.17486,9.17817,1.00,1.00
2016.11.17 02:00:05.415,9.17487,9.17817,1.00,1.00
2016.11.17 02:00:06.466,9.17493,9.17817,1.00,1.00
2016.11.17 02:00:07.574,9.17488,9.17817,1.00,1.00
2016.11.17 02:00:08.032,9.17492,9.17817,1.00,1.00
2016.11.17 02:00:08.369,9.17512,9.17817,1.00,1.00
2016.11.17 02:00:08.707,9.17536,9.17817,1.00,1.00
2016.11.17 02:00:08.966,9.1755,9.17867,1.00,1.00
2016.11.17 02:00:09.067,9.17565,9.17867,1.00,1.00
2016.11.17 02:00:09.320,9.17565,9.17917,1.00,1.00
2016.11.17 02:00:09.371,9.17595,9.17917,1.00,1.00
2016.11.17 02:00:09.682,9.1761,9.17917,1.00,1.00
2016.11.17 02:00:10.100,9.17592,9.17917,1.00,1.00
2016.11.17 02:00:11.603,9.17589,9.17917,1.00,1.00
2016.11.17 02:00:14.476,9.17584,9.17917,1.00,1.00
2016.11.17 02:00:14.607,9.17586,9.17917,1.00,1.00
2016.11.17 02:00:14.977,9.17588,9.17917,1.00,1.00
2016.11.17 02:00:15.879,9.1759,9.17917,1.00,1.00
2016.11.17 02:00:17.381,9.17588,9.17917,1.00,1.00
2016.11.17 02:00:17.912,9.17593,9.17917,1.00,1.00
2016.11.17 02:00:18.326,9.17593,9.17907,1.00,1.00
2016.11.17 02:00:24.020,9.17592,9.17907,1.00,1.00
2016.11.17 02:00:24.993,9.17591,9.17907,1.00,1.00
2016.11.17 02:00:25.598,9.17599,9.17907,1.00,1.00
2016.11.17 02:00:25.695,9.17592,9.17907,1.00,1.00
2016.11.17 02:00:26.222,9.17586,9.17907,1.00,1.00
2016.11.17 02:00:26.624,9.17593,9.17907,1.00,1.00
2016.11.17 02:00:26.924,9.17588,9.17907,1.00,1.00
2016.11.17 02:00:28.050,9.17588,9.17897,1.00,1.00
2016.11.17 02:00:28.876,9.17593,9.17897,1.00,1.00
2016.11.17 02:00:29.270,9.17597,9.17897,1.00,1.00
2016.11.17 02:00:30.037,9.17594,9.17897,1.00,1.00
2016.11.17 02:00:32.406,9.17596,9.17897,1.00,1.00
2016.11.17 02:00:32.946,9.1763,9.17897,1.00,1.00
2016.11.17 02:00:33.070,9.1763,9.17947,1.00,1.00
2016.11.17 02:00:33.222,9.17643,9.17947,1.00,1.00
2016.11.17 02:00:33.527,9.17659,9.17947,1.00,1.00
2016.11.17 02:00:34.109,9.17646,9.17947,1.00,1.00
2016.11.17 02:00:34.240,9.17652,9.17947,1.00,1.00
2016.11.17 02:00:34.936,9.17657,9.17947,1.00,1.00
2016.11.17 02:00:37.022,9.17656,9.17947,1.00,1.00
2016.11.17 02:00:38.847,9.17648,9.17947,1.00,1.00
2016.11.17 02:00:39.022,9.17641,9.17947,1.00,1.00
2016.11.17 02:00:39.173,9.1762,9.17947,1.00,1.00
2016.11.17 02:00:39.343,9.1761,9.17947,1.00,1.00
2016.11.17 02:00:39.468,9.17602,9.17947,1.00,1.00
2016.11.17 02:00:39.541,9.17591,9.17947,1.50,1.00
2016.11.17 02:00:43.071,9.17591,9.17927,1.00,1.00
2016.11.17 02:00:45.830,9.17584,9.17927,1.00,1.00
2016.11.17 02:00:47.431,9.17585,9.17927,1.00,1.00
2016.11.17 02:00:48.740,9.17581,9.17927,1.00,1.00
2016.11.17 02:00:50.235,9.17582,9.17927,1.00,1.00
2016.11.17 02:00:53.114,9.17582,9.17907,1.00,1.00
2016.11.17 02:00:54.441,9.17586,9.17907,1.00,1.00
2016.11.17 02:00:55.342,9.17582,9.17907,1.00,1.00
2016.11.17 02:00:55.463,9.17553,9.17907,1.50,1.00
2016.11.17 02:00:55.514,9.17553,9.17897,1.50,1.00
2016.11.17 02:00:55.565,9.17536,9.17897,1.00,1.00
2016.11.17 02:00:55.666,9.17523,9.17896,1.00,1.00
2016.11.17 02:00:55.717,9.17521,9.17884,1.00,1.00
2016.11.17 02:00:55.768,9.175,9.17876,1.00,1.00
2016.11.17 02:00:55.890,9.17499,9.17861,1.00,1.00
2016.11.17 02:00:55.991,9.17477,9.17853,1.50,1.00
2016.11.17 02:00:56.544,9.17477,9.17846,1.00,1.00
2016.11.17 02:00:58.247,9.17477,9.17845,1.00,1.00
2016.11.17 02:01:00.170,9.17477,9.1785,1.00,1.00
2016.11.17 02:01:00.370,9.1751,9.17861,1.00,1.00
2016.11.17 02:01:00.558,9.1751,9.17886,1.00,1.00
2016.11.17 02:01:01.352,9.1751,9.17881,1.00,1.00
2016.11.17 02:01:01.452,9.17514,9.17886,1.00,1.00
2016.11.17 02:01:01.674,9.17544,9.1789,1.00,1.00
2016.11.17 02:01:01.776,9.17544,9.17897,1.00,1.00
2016.11.17 02:01:01.998,9.17557,9.17897,1.00,1.00
2016.11.17 02:01:05.809,9.17557,9.17876,1.00,1.00
2016.11.17 02:01:15.490,9.17557,9.17877,1.00,1.00
2016.11.17 02:01:17.578,9.17559,9.17877,1.00,1.00
2016.11.17 02:01:23.787,9.17557,9.17877,1.00,1.00
2016.11.17 02:01:26.992,9.1756,9.17877,1.00,1.00
2016.11.17 02:01:27.293,9.17588,9.17877,1.00,1.00
2016.11.17 02:01:27.649,9.17603,9.17877,1.00,1.00
2016.11.17 02:01:28.294,9.1761,9.17877,1.00,1.00
2016.11.17 02:01:32.500,9.17612,9.17877,1.00,1.00
2016.11.17 02:01:35.504,9.17616,9.17877,1.00,1.00
2016.11.17 02:01:35.809,9.17616,9.17917,1.00,1.00
2016.11.17 02:01:36.506,9.17617,9.17917,1.00,1.00
2016.11.17 02:01:46.520,9.17612,9.17917,1.00,1.00
2016.11.17 02:01:47.021,9.17608,9.17917,1.00,1.00
2016.11.17 02:01:48.023,9.17609,9.17917,1.00,1.00
2016.11.17 02:01:49.225,9.17603,9.17917,1.00,1.00
2016.11.17 02:01:55.860,9.17603,9.17907,1.00,1.00
2016.11.17 02:01:58.438,9.17599,9.17907,1.00,1.00
2016.11.17 02:01:58.738,9.17597,9.17907,1.00,1.00
2016.11.17 02:01:59.077,9.17578,9.17907,1.50,1.00
2016.11.17 02:02:02.644,9.1758,9.17907,1.00,1.00
2016.11.17 02:02:04.274,9.17579,9.17907,1.00,1.00
2016.11.17 02:02:04.948,9.17581,9.17907,1.00,1.00
2016.11.17 02:02:05.472,9.17585,9.17907,1.00,1.00
2016.11.17 02:02:05.842,9.17585,9.17916,1.00,1.00
2016.11.17 02:02:09.353,9.17578,9.17916,1.00,1.00
2016.11.17 02:02:10.155,9.17582,9.17916,1.00,1.00
2016.11.17 02:02:10.457,9.1759,9.17916,1.00,1.00
2016.11.17 02:02:11.156,9.17597,9.17916,1.00,1.00
2016.11.17 02:02:12.258,9.17599,9.17916,1.00,1.00
2016.11.17 02:02:13.460,9.17598,9.17916,1.00,1.00
2016.11.17 02:02:14.962,9.17594,9.17916,1.00,1.00
2016.11.17 02:02:15.263,9.17601,9.17916,1.00,1.00
2016.11.17 02:02:15.809,9.17601,9.17906,1.00,1.00
2016.11.17 02:02:16.264,9.17591,9.17906,1.00,1.00
2016.11.17 02:02:16.365,9.17583,9.17906,1.00,1.00
2016.11.17 02:02:17.367,9.17584,9.17906,1.00,1.00
2016.11.17 02:02:22.909,9.17593,9.17906,1.00,1.00
2016.11.17 02:02:22.978,9.17588,9.17906,1.00,1.00
2016.11.17 02:02:23.079,9.17604,9.17907,1.50,1.00
2016.11.17 02:02:23.981,9.1761,9.17907,1.00,1.00
2016.11.17 02:02:24.483,9.17605,9.17907,1.00,1.00
2016.11.17 02:02:25.486,9.17604,9.17907,1.00,1.00
2016.11.17 02:02:25.809,9.17604,9.17916,1.00,1.00
2016.11.17 02:02:35.809,9.17604,9.17897,1.00,1.00
2016.11.17 02:02:45.809,9.17604,9.17907,1.00,1.00
2016.11.17 02:02:46.547,9.17607,9.17907,1.00,1.00
2016.11.17 02:02:47.729,9.17604,9.17907,1.00,1.00
2016.11.17 02:02:55.809,9.17604,9.17887,1.00,1.00
2016.11.17 02:02:57.746,9.17611,9.17887,1.00,1.00
2016.11.17 02:02:58.848,9.17604,9.17887,1.50,1.00
2016.11.17 02:03:00.552,9.17588,9.17887,1.00,1.00
2016.11.17 02:03:01.352,9.17585,9.17886,1.00,1.00
2016.11.17 02:03:02.755,9.17587,9.17886,1.00,1.00
2016.11.17 02:03:03.256,9.17592,9.17886,1.00,1.00
2016.11.17 02:03:03.757,9.17602,9.17886,1.00,1.00
2016.11.17 02:03:04.369,9.17591,9.17886,1.00,1.00
2016.11.17 02:03:05.258,9.1759,9.17886,1.00,1.00
2016.11.17 02:03:05.559,9.17585,9.17886,1.00,1.00
2016.11.17 02:03:05.808,9.17585,9.17917,1.00,1.00
2016.11.17 02:03:07.708,9.1759,9.17917,1.00,1.00
2016.11.17 02:03:08.264,9.17592,9.17917,1.00,1.00
2016.11.17 02:03:09.272,9.17613,9.17917,1.00,1.00
2016.11.17 02:03:11.285,9.17635,9.17917,1.00,1.00
2016.11.17 02:03:11.588,9.17642,9.17917,1.00,1.00
2016.11.17 02:03:12.060,9.17652,9.17917,1.00,1.00
2016.11.17 02:03:12.821,9.17644,9.17917,1.00,1.00
2016.11.17 02:03:14.674,9.1764,9.17917,1.00,1.00
2016.11.17 02:03:14.775,9.17645,9.17917,1.00,1.00
2016.11.17 02:03:15.809,9.17645,9.17947,1.00,1.00
2016.11.17 02:03:16.879,9.17657,9.17947,1.00,1.00
2016.11.17 02:03:17.412,9.17663,9.17947,1.00,1.00
2016.11.17 02:03:17.629,9.17655,9.17947,1.00,1.00
2016.11.17 02:03:17.680,9.17645,9.17947,1.00,1.00
2016.11.17 02:03:18.988,9.17644,9.17947,1.00,1.00
2016.11.17 02:03:19.326,9.17628,9.17947,1.00,1.00
2016.11.17 02:03:25.808,9.17628,9.17937,1.00,1.00
2016.11.17 02:03:28.604,9.17632,9.17937,1.00,1.00
2016.11.17 02:03:29.004,9.17638,9.17937,1.00,1.00
2016.11.17 02:03:30.006,9.17644,9.17937,1.00,1.00
2016.11.17 02:03:30.357,9.17649,9.17937,1.00,1.00
2016.11.17 02:03:30.508,9.17608,9.17933,1.00,1.00
2016.11.17 02:03:30.610,9.17608,9.17912,1.00,1.00
2016.11.17 02:03:31.047,9.17579,9.17912,1.00,1.00
2016.11.17 02:03:31.308,9.17588,9.17912,1.00,1.00
2016.11.17 02:03:32.433,9.17583,9.17912,1.00,1.00
2016.11.17 02:03:34.231,9.17591,9.17912,1.00,1.00
2016.11.17 02:03:35.022,9.17592,9.17912,1.00,1.00
2016.11.17 02:03:37.296,9.17592,9.17877,1.00,1.00
2016.11.17 02:03:41.123,9.17595,9.17877,1.00,1.00
2016.11.17 02:03:42.925,9.17595,9.17848,1.00,1.00
2016.11.17 02:03:43.976,9.17593,9.17847,1.00,1.00
2016.11.17 02:03:44.630,9.17599,9.17853,1.00,1.00
2016.11.17 02:03:50.360,9.17618,9.17871,1.00,1.00
2016.11.17 02:03:50.695,9.1764,9.17893,1.00,1.00
2016.11.17 02:03:50.867,9.17648,9.17907,1.00,1.00
2016.11.17 02:03:50.918,9.17648,9.17921,1.00,1.00
2016.11.17 02:03:51.070,9.17697,9.17957,1.00,1.00
2016.11.17 02:03:51.446,9.17718,9.17957,1.00,1.00
2016.11.17 02:03:52.075,9.17714,9.17957,1.00,1.00
2016.11.17 02:03:52.989,9.17722,9.17957,1.00,1.00
2016.11.17 02:03:53.040,9.17722,9.17996,1.00,1.00
2016.11.17 02:03:53.282,9.17725,9.18,1.00,1.00
2016.11.17 02:03:53.383,9.1772,9.17994,1.00,1.00
2016.11.17 02:03:53.487,9.1773,9.18005,1.00,1.00
2016.11.17 02:03:53.588,9.1774,9.18007,1.00,1.00
2016.11.17 02:03:54.047,9.17746,9.18007,1.00,1.00
2016.11.17 02:03:54.467,9.17752,9.18007,1.00,1.00
2016.11.17 02:03:54.938,9.17765,9.18007,1.00,1.00
2016.11.17 02:03:55.050,9.17755,9.18007,1.00,1.50
2016.11.17 02:03:55.280,9.1774,9.17991,1.00,1.00
2016.11.17 02:03:55.381,9.17724,9.17976,1.00,1.00
2016.11.17 02:03:55.564,9.17759,9.18007,1.00,1.00
2016.11.17 02:03:56.280,9.17769,9.18007,1.00,1.00
2016.11.17 02:03:57.076,9.1776,9.18007,1.00,1.00
2016.11.17 02:03:57.287,9.17756,9.18007,1.00,1.00
2016.11.17 02:03:57.741,9.17749,9.18001,1.00,1.00
2016.11.17 02:03:57.791,9.1774,9.17992,1.00,1.00
2016.11.17 02:03:58.109,9.17751,9.18002,1.00,1.00
2016.11.17 02:03:58.762,9.17753,9.18005,1.00,1.00
2016.11.17 02:03:59.976,9.17746,9.17998,1.00,1.00
2016.11.17 02:04:00.610,9.17769,9.18007,1.00,1.00
2016.11.17 02:04:01.177,9.1777,9.18007,1.00,1.00
2016.11.17 02:04:01.674,9.17753,9.18003,1.00,1.00
2016.11.17 02:04:01.893,9.17724,9.17976,1.00,1.00
2016.11.17 02:04:02.282,9.17694,9.17946,1.00,1.00
2016.11.17 02:04:02.788,9.17699,9.17967,1.00,1.00
2016.11.17 02:04:03.176,9.17694,9.17961,1.00,1.00
2016.11.17 02:04:05.682,9.17694,9.17958,1.00,1.00
2016.11.17 02:04:06.133,9.17708,9.1797,1.00,1.00
2016.11.17 02:04:06.590,9.17717,9.17981,1.00,1.00
2016.11.17 02:04:06.820,9.17739,9.18003,1.00,1.00
2016.11.17 02:04:07.992,9.17751,9.18007,1.00,1.00
2016.11.17 02:04:08.295,9.178,9.18007,1.00,1.00
2016.11.17 02:04:08.468,9.178,9.18057,1.00,1.00
2016.11.17 02:04:08.942,9.178,9.18041,1.00,1.00
2016.11.17 02:04:09.336,9.17794,9.18035,1.00,1.00
2016.11.17 02:04:09.448,9.17796,9.18057,1.00,1.00
2016.11.17 02:04:09.693,9.17807,9.18057,1.00,1.00
2016.11.17 02:04:10.121,9.178,9.18057,1.00,1.00
2016.11.17 02:04:10.172,9.1781,9.18057,1.00,1.00
2016.11.17 02:04:10.669,9.1781,9.18053,1.00,1.00
2016.11.17 02:04:11.148,9.1781,9.18046,1.00,1.00
2016.11.17 02:04:11.522,9.17794,9.18029,1.00,1.00
2016.11.17 02:04:11.624,9.17779,9.18048,1.00,1.00
2016.11.17 02:04:12.230,9.17772,9.18039,1.00,1.00
2016.11.17 02:04:12.331,9.17759,9.18028,1.00,1.00
2016.11.17 02:04:12.646,9.17746,9.18014,1.00,1.00
2016.11.17 02:04:13.208,9.17739,9.18007,1.00,1.00
2016.11.17 02:04:13.710,9.17742,9.18011,1.00,1.00
2016.11.17 02:04:14.258,9.17768,9.18036,1.00,1.00
2016.11.17 02:04:14.659,9.17776,9.18045,1.00,1.00
2016.11.17 02:04:16.115,9.1778,9.18017,1.00,1.00
2016.11.17 02:04:17.918,9.17776,9.18014,1.00,1.00
2016.11.17 02:04:18.027,9.17799,9.18038,1.00,1.00
2016.11.17 02:04:19.048,9.17808,9.18047,1.00,1.00
2016.11.17 02:04:20.570,9.17808,9.18066,1.00,1.00
2016.11.17 02:04:23.130,9.17808,9.18047,1.00,1.00
2016.11.17 02:04:23.975,9.17796,9.18035,1.00,1.00
2016.11.17 02:04:24.278,9.17778,9.18017,1.00,1.00
2016.11.17 02:04:24.877,9.17772,9.18037,1.00,1.00
2016.11.17 02:04:25.183,9.17768,9.18033,1.00,1.00
2016.11.17 02:04:25.944,9.17768,9.18008,1.00,1.00
2016.11.17 02:04:26.351,9.17764,9.18004,1.00,1.00
2016.11.17 02:04:28.789,9.17765,9.18006,1.00,1.00
2016.11.17 02:04:30.300,9.17766,9.18007,1.00,1.00
2016.11.17 02:04:35.816,9.17766,9.1801,1.00,1.00
2016.11.17 02:04:39.496,9.17772,9.18015,1.00,1.00
2016.11.17 02:04:40.181,9.17771,9.18015,1.00,1.00
2016.11.17 02:04:42.788,9.17771,9.18034,1.00,1.00
2016.11.17 02:04:43.821,9.17772,9.18035,1.00,1.00
2016.11.17 02:04:43.891,9.17765,9.18025,1.00,1.00
2016.11.17 02:04:44.003,9.17756,9.18018,1.00,1.00
2016.11.17 02:04:44.237,9.17746,9.18009,1.00,1.00
2016.11.17 02:04:44.904,9.17746,9.1799,1.00,1.00
2016.11.17 02:04:45.405,9.17742,9.17986,1.00,1.00
2016.11.17 02:04:45.716,9.17734,9.17978,1.00,1.00
2016.11.17 02:04:46.508,9.17744,9.17987,1.00,1.00
2016.11.17 02:04:47.549,9.17748,9.17991,1.00,1.00
2016.11.17 02:04:47.934,9.17752,9.17995,1.00,1.00
2016.11.17 02:04:49.450,9.17743,9.17986,1.00,1.00
2016.11.17 02:04:49.508,9.17735,9.17979,1.00,1.00
2016.11.17 02:04:50.510,9.17734,9.17978,1.00,1.00
2016.11.17 02:04:50.824,9.17745,9.17988,1.00,1.00
2016.11.17 02:04:51.182,9.17752,9.17992,1.00,1.00
2016.11.17 02:04:51.714,9.17754,9.17994,1.00,1.00
2016.11.17 02:04:52.556,9.17757,9.17997,1.00,1.00
2016.11.17 02:04:52.958,9.17765,9.18005,1.00,1.00
2016.11.17 02:04:53.270,9.17743,9.17983,1.00,1.00
2016.11.17 02:04:53.655,9.17734,9.17974,1.00,1.00
2016.11.17 02:04:55.326,9.17729,9.17968,1.00,1.00
2016.11.17 02:04:55.427,9.17723,9.17963,1.00,1.00
2016.11.17 02:04:55.629,9.17716,9.17956,1.00,1.00
2016.11.17 02:04:56.330,9.17711,9.17951,1.00,1.00
2016.11.17 02:04:57.535,9.17716,9.17956,1.00,1.00
2016.11.17 02:04:57.861,9.17742,9.17982,1.00,1.00
2016.11.17 02:04:58.538,9.1775,9.17989,1.00,1.00
2016.11.17 02:04:59.041,9.17755,9.17993,1.00,1.00
2016.11.17 02:04:59.193,9.1777,9.1801,1.00,1.00
2016.11.17 02:04:59.345,9.17783,9.1802,1.00,1.00
2016.11.17 02:05:00.242,9.17776,9.18016,1.00,1.00
2016.11.17 02:05:00.348,9.17759,9.17997,1.00,1.00
2016.11.17 02:05:01.359,9.17756,9.17995,1.00,1.00
2016.11.17 02:05:02.167,9.17756,9.17994,1.00,1.00
2016.11.17 02:05:03.148,9.17758,9.17996,1.00,1.00
2016.11.17 02:05:04.367,9.17769,9.18007,1.00,1.00
2016.11.17 02:05:04.478,9.17767,9.18031,1.00,1.00
2016.11.17 02:05:05.365,9.17754,9.18,1.00,1.00
2016.11.17 02:05:05.790,9.17752,9.1801,1.00,1.00
2016.11.17 02:05:06.340,9.17752,9.18011,1.00,1.00
2016.11.17 02:05:06.391,9.17757,9.17993,1.00,1.00
2016.11.17 02:05:09.002,9.17759,9.17995,1.00,1.00
2016.11.17 02:05:09.347,9.1779,9.18026,1.00,1.00
2016.11.17 02:05:10.021,9.17811,9.18046,1.00,1.00
2016.11.17 02:05:10.889,9.17814,9.18046,1.00,1.00
2016.11.17 02:05:13.800,9.17815,9.18046,1.00,1.00
2016.11.17 02:05:18.674,9.17815,9.18073,1.00,1.00
2016.11.17 02:05:18.725,9.17846,9.18097,1.00,1.00
2016.11.17 02:05:19.063,9.17864,9.18097,1.00,1.00
2016.11.17 02:05:19.697,9.17856,9.18097,1.00,1.00
2016.11.17 02:05:20.792,9.17855,9.18097,1.00,1.00
2016.11.17 02:05:21.017,9.17865,9.18097,1.00,1.00
2016.11.17 02:05:22.095,9.17875,9.18097,1.00,1.00
2016.11.17 02:05:22.425,9.1787,9.18097,1.00,1.00
2016.11.17 02:05:22.526,9.17856,9.18097,1.00,1.00
2016.11.17 02:05:22.736,9.17847,9.18097,1.00,1.00
2016.11.17 02:05:23.098,9.17834,9.18097,1.00,1.00
2016.11.17 02:05:23.716,9.17838,9.18097,1.00,1.00
2016.11.17 02:05:25.211,9.1785,9.18097,1.00,1.00
2016.11.17 02:05:25.535,9.17872,9.18097,1.00,1.00
2016.11.17 02:05:25.713,9.17857,9.18097,1.00,1.00
2016.11.17 02:05:26.429,9.17852,9.18097,1.00,1.00
2016.11.17 02:05:27.029,9.17851,9.18097,1.00,1.00
2016.11.17 02:05:27.419,9.17847,9.18097,1.00,1.00
2016.11.17 02:05:28.834,9.1785,9.18097,1.00,1.00
2016.11.17 02:05:29.828,9.17853,9.18097,1.00,1.00
2016.11.17 02:05:30.353,9.17885,9.18097,1.00,1.00
2016.11.17 02:05:30.504,9.17888,9.18117,1.00,1.00
2016.11.17 02:05:31.484,9.17894,9.18122,1.00,1.00
2016.11.17 02:05:32.437,9.17895,9.18124,1.00,1.00
2016.11.17 02:05:32.939,9.17895,9.18121,1.00,1.00
2016.11.17 02:05:33.287,9.17875,9.181,1.00,1.00
2016.11.17 02:05:33.588,9.17856,9.18081,1.00,1.00
2016.11.17 02:05:33.856,9.17824,9.1805,1.00,1.00
2016.11.17 02:05:33.957,9.17814,9.18039,1.00,1.00
2016.11.17 02:05:35.853,9.17814,9.18045,1.00,1.00
2016.11.17 02:05:36.191,9.17807,9.18037,1.00,1.00
2016.11.17 02:05:37.896,9.17801,9.18031,1.00,1.00
2016.11.17 02:05:38.766,9.17799,9.1803,1.00,1.00
2016.11.17 02:05:38.867,9.17805,9.18036,1.00,1.00
2016.11.17 02:05:39.099,9.17762,9.17994,1.00,1.00
2016.11.17 02:05:39.890,9.17751,9.17983,1.00,1.00
2016.11.17 02:05:40.072,9.17751,9.18011,1.00,1.00
2016.11.17 02:05:40.522,9.1776,9.1802,1.00,1.00
2016.11.17 02:05:40.896,9.17785,9.18037,1.00,1.00
2016.11.17 02:05:41.524,9.1779,9.18037,1.00,1.00
2016.11.17 02:05:43.407,9.17808,9.18035,1.00,1.00
2016.11.17 02:05:43.709,9.17822,9.18036,1.00,1.00
2016.11.17 02:05:44.104,9.17809,9.18036,1.00,1.50
2016.11.17 02:05:45.104,9.17808,9.18035,1.00,1.00
2016.11.17 02:05:46.334,9.17816,9.18036,1.00,1.00
2016.11.17 02:05:46.436,9.17812,9.18036,1.00,1.00
2016.11.17 02:05:46.492,9.17824,9.18036,1.00,1.00
2016.11.17 02:05:46.909,9.17831,9.18036,1.00,1.00
2016.11.17 02:05:48.095,9.17828,9.18036,1.00,1.00
2016.11.17 02:05:49.261,9.17828,9.18055,1.00,1.00
2016.11.17 02:05:50.901,9.17828,9.18057,1.00,1.00
2016.11.17 02:05:51.548,9.17826,9.18054,1.00,1.00
2016.11.17 02:05:51.802,9.17804,9.18035,1.00,1.00
2016.11.17 02:05:51.903,9.17813,9.18043,1.00,1.00
2016.11.17 02:05:52.604,9.17808,9.18038,1.00,1.00
2016.11.17 02:05:53.422,9.17795,9.18025,1.00,1.00
2016.11.17 02:05:53.535,9.17804,9.18035,1.00,1.00
2016.11.17 02:05:54.238,9.17805,9.18057,1.00,1.00
2016.11.17 02:05:58.914,9.17809,9.18057,1.00,1.00
2016.11.17 02:05:59.261,9.17809,9.18037,1.00,1.00
2016.11.17 02:05:59.461,9.17793,9.18037,1.00,1.00
2016.11.17 02:05:59.863,9.17809,9.18037,1.00,1.00
2016.11.17 02:06:00.816,9.1781,9.18037,1.00,1.00
2016.11.17 02:06:03.432,9.17811,9.18033,1.00,1.00
2016.11.17 02:06:04.421,9.17812,9.1803,1.00,1.00
2016.11.17 02:06:05.667,9.17805,9.18025,1.00,1.00
2016.11.17 02:06:05.944,9.17805,9.18037,1.00,1.00
2016.11.17 02:06:06.656,9.17809,9.18037,1.00,1.00
2016.11.17 02:06:08.648,9.17805,9.18037,1.00,1.00
2016.11.17 02:06:08.749,9.17797,9.18034,1.00,1.00
2016.11.17 02:06:08.850,9.1777,9.17999,1.00,1.00
2016.11.17 02:06:09.152,9.17756,9.18017,1.00,1.00
2016.11.17 02:06:09.253,9.17792,9.18017,1.00,1.00
2016.11.17 02:06:09.873,9.1779,9.18017,1.00,1.00
2016.11.17 02:06:09.974,9.17813,9.18017,1.00,1.00
2016.11.17 02:06:10.932,9.17816,9.18017,1.00,1.00
2016.11.17 02:06:11.421,9.17825,9.18017,1.00,1.00
2016.11.17 02:06:11.981,9.17832,9.18017,1.00,1.00
2016.11.17 02:06:14.783,9.17824,9.18017,1.00,1.00
2016.11.17 02:06:15.067,9.17813,9.18017,1.00,1.00
2016.11.17 02:06:16.042,9.17812,9.18017,1.00,1.00
2016.11.17 02:06:17.159,9.17797,9.18017,1.00,1.50
2016.11.17 02:06:17.570,9.17791,9.18017,1.00,1.00
2016.11.17 02:06:17.645,9.17808,9.18017,1.00,1.00
2016.11.17 02:06:18.146,9.17818,9.18017,1.00,1.00
2016.11.17 02:06:18.474,9.17829,9.18017,1.00,1.00
2016.11.17 02:06:18.575,9.17829,9.18049,1.00,1.00
2016.11.17 02:06:18.697,9.17856,9.18066,1.00,1.00
2016.11.17 02:06:19.081,9.17866,9.18066,1.00,1.00
2016.11.17 02:06:20.077,9.17866,9.18067,1.00,1.00
2016.11.17 02:06:20.418,9.17871,9.18067,1.00,1.00
2016.11.17 02:06:25.161,9.17866,9.18067,1.00,1.00
2016.11.17 02:06:25.401,9.17859,9.18067,1.00,1.00
2016.11.17 02:06:26.191,9.17862,9.18067,1.00,1.00
2016.11.17 02:06:26.666,9.17872,9.18067,1.00,1.00
2016.11.17 02:06:27.612,9.17878,9.18067,1.00,1.00
2016.11.17 02:06:28.168,9.17877,9.18067,1.00,1.00
2016.11.17 02:06:28.356,9.17877,9.18107,1.00,1.00
2016.11.17 02:06:29.186,9.17879,9.18109,1.00,1.00
2016.11.17 02:06:30.878,9.17886,9.18117,1.00,1.00
2016.11.17 02:06:30.979,9.17893,9.18117,1.00,1.00
2016.11.17 02:06:31.887,9.17896,9.18117,1.00,1.00
2016.11.17 02:06:32.312,9.17911,9.18117,1.00,1.00
2016.11.17 02:06:32.762,9.17922,9.18117,1.00,1.00
2016.11.17 02:06:33.476,9.17921,9.18117,1.00,1.00
2016.11.17 02:06:34.990,9.17929,9.18167,1.00,1.00
2016.11.17 02:06:35.421,9.17938,9.18167,1.00,1.00
2016.11.17 02:06:36.022,9.1794,9.18167,1.00,1.00
2016.11.17 02:06:36.986,9.17943,9.18167,1.00,1.00
2016.11.17 02:06:38.028,9.17946,9.18167,1.00,1.00
2016.11.17 02:06:38.150,9.17946,9.18179,1.00,1.00
2016.11.17 02:06:38.201,9.17977,9.1821,1.00,1.00
2016.11.17 02:06:39.033,9.17985,9.18216,1.00,1.00
2016.11.17 02:06:39.987,9.17986,9.18216,1.00,1.00
2016.11.17 02:06:40.979,9.17989,9.18216,1.00,1.00
2016.11.17 02:06:44.197,9.18017,9.18216,1.00,1.00
2016.11.17 02:06:44.799,9.18022,9.18216,1.00,1.00
2016.11.17 02:06:46.316,9.18027,9.18216,1.00,1.00
2016.11.17 02:06:47.984,9.18027,9.18217,1.00,1.00
2016.11.17 02:06:48.154,9.18027,9.18255,1.00,1.00
2016.11.17 02:06:48.205,9.18037,9.18257,1.00,1.00
2016.11.17 02:06:49.017,9.18048,9.18257,1.00,1.00
2016.11.17 02:06:49.253,9.18043,9.18257,1.00,1.00
2016.11.17 02:06:49.419,9.18047,9.18257,1.00,1.00
2016.11.17 02:06:50.228,9.18042,9.18257,1.00,1.00
2016.11.17 02:06:50.345,9.18035,9.18257,1.00,1.00
2016.11.17 02:06:50.446,9.18029,9.18254,1.00,1.00
2016.11.17 02:06:51.007,9.18035,9.18257,1.00,1.00
2016.11.17 02:06:52.429,9.18038,9.18257,1.00,1.00
2016.11.17 02:06:52.830,9.18029,9.18257,1.00,1.00
2016.11.17 02:06:53.129,9.18031,9.18257,1.00,1.00
2016.11.17 02:06:53.434,9.18059,9.18257,1.00,1.00
2016.11.17 02:06:53.652,9.1804,9.18257,1.00,1.50
2016.11.17 02:06:54.495,9.18034,9.18257,1.00,1.00
2016.11.17 02:06:54.545,9.18054,9.18257,1.00,1.00
2016.11.17 02:06:54.890,9.18065,9.18257,1.00,1.00
2016.11.17 02:06:55.137,9.18045,9.18257,1.00,1.00
2016.11.17 02:06:55.949,9.1805,9.18257,1.00,1.00
2016.11.17 02:06:58.105,9.1805,9.18272,1.00,1.00
2016.11.17 02:06:58.268,9.18043,9.18265,1.00,1.00
2016.11.17 02:06:58.932,9.18038,9.1826,1.00,1.00
2016.11.17 02:06:59.544,9.18032,9.18254,1.00,1.00
2016.11.17 02:07:00.222,9.18022,9.18244,1.00,1.00
2016.11.17 02:07:00.648,9.18015,9.18237,1.00,1.00
2016.11.17 02:07:01.137,9.17995,9.18217,1.00,1.00
2016.11.17 02:07:01.917,9.17988,9.18208,1.00,1.00
2016.11.17 02:07:02.459,9.17982,9.18204,1.00,1.00
2016.11.17 02:07:02.761,9.17956,9.18178,1.00,1.00
2016.11.17 02:07:03.762,9.17951,9.18173,1.00,1.00
2016.11.17 02:07:06.032,9.17951,9.18215,1.00,1.00
2016.11.17 02:07:06.653,9.17958,9.18222,1.00,1.00
2016.11.17 02:07:07.039,9.1797,9.18233,1.00,1.00
2016.11.17 02:07:07.367,9.18006,9.18256,1.00,1.00
2016.11.17 02:07:08.177,9.17999,9.18256,1.00,1.00
2016.11.17 02:07:08.671,9.18003,9.18256,1.00,1.00
2016.11.17 02:07:10.708,9.18003,9.18257,1.00,1.00
2016.11.17 02:07:11.148,9.18003,9.18247,1.00,1.00
2016.11.17 02:07:11.489,9.18023,9.18247,1.00,1.00
2016.11.17 02:07:11.832,9.18032,9.18247,1.00,1.00
2016.11.17 02:07:12.842,9.18031,9.18247,1.00,1.00
2016.11.17 02:07:14.048,9.18034,9.18247,1.00,1.00
2016.11.17 02:07:20.708,9.18034,9.18268,1.00,1.00
2016.11.17 02:07:21.072,9.18034,9.18287,1.00,1.00
2016.11.17 02:07:25.187,9.1803,9.18287,1.00,1.00
2016.11.17 02:07:26.591,9.18022,9.18284,1.00,1.00
2016.11.17 02:07:27.406,9.18028,9.18287,1.00,1.00
2016.11.17 02:07:30.011,9.18038,9.18287,1.00,1.00
2016.11.17 02:07:30.974,9.18069,9.18287,1.00,1.00
2016.11.17 02:07:31.969,9.18064,9.18287,1.00,1.00
2016.11.17 02:07:32.434,9.18064,9.18296,1.00,1.00
2016.11.17 02:07:32.485,9.18078,9.1831,1.00,1.00
2016.11.17 02:07:32.917,9.18071,9.18326,1.00,1.00
2016.11.17 02:07:33.771,9.18077,9.18329,1.00,1.00
2016.11.17 02:07:36.074,9.18076,9.18335,1.00,1.00
2016.11.17 02:07:38.209,9.18057,9.18316,1.00,1.00
2016.11.17 02:07:38.899,9.18071,9.18328,1.00,1.00
2016.11.17 02:07:39.080,9.18078,9.18337,1.00,1.00
2016.11.17 02:07:39.186,9.1807,9.18329,1.00,1.00
2016.11.17 02:07:39.512,9.18078,9.18337,1.00,1.00
2016.11.17 02:07:39.872,9.18068,9.18327,1.00,1.00
2016.11.17 02:07:40.182,9.18074,9.18333,1.00,1.00
2016.11.17 02:07:40.974,9.18074,9.18295,1.00,1.00
2016.11.17 02:07:41.024,9.18076,9.18337,1.00,1.00
2016.11.17 02:07:41.126,9.18119,9.18339,1.00,1.00
2016.11.17 02:07:41.227,9.18153,9.18387,1.00,1.00
2016.11.17 02:07:41.423,9.1815,9.1836,1.00,1.00
2016.11.17 02:07:41.997,9.18174,9.18385,1.00,1.00
2016.11.17 02:07:42.186,9.1817,9.18379,1.00,1.00
2016.11.17 02:07:42.605,9.18164,9.18375,1.00,1.00
2016.11.17 02:07:42.918,9.18145,9.18356,1.00,1.00
2016.11.17 02:07:43.336,9.18153,9.18364,1.00,1.00
2016.11.17 02:07:43.820,9.18151,9.18387,1.00,1.00
2016.11.17 02:07:43.889,9.18145,9.18387,1.00,1.00
2016.11.17 02:07:44.137,9.18151,9.18361,1.00,1.00
2016.11.17 02:07:44.555,9.18144,9.18353,1.00,1.00
2016.11.17 02:07:44.890,9.18153,9.18363,1.00,1.00
2016.11.17 02:07:45.098,9.18153,9.18387,1.00,1.00
2016.11.17 02:07:45.293,9.1818,9.18387,1.00,1.00
2016.11.17 02:07:45.596,9.18227,9.18387,1.00,1.00
2016.11.17 02:07:45.697,9.18227,9.18437,1.00,1.00
2016.11.17 02:07:46.022,9.18211,9.18419,1.00,1.00
2016.11.17 02:07:46.495,9.1819,9.18399,1.00,1.00
2016.11.17 02:07:46.895,9.18201,9.18429,1.00,1.00
2016.11.17 02:07:47.497,9.18201,9.18432,1.00,1.00
2016.11.17 02:07:48.007,9.18183,9.18414,1.00,1.00
2016.11.17 02:07:48.314,9.18155,9.18386,1.00,1.00
2016.11.17 02:07:49.237,9.18156,9.18387,1.00,1.00
2016.11.17 02:07:49.639,9.1815,9.18381,1.00,1.00
2016.11.17 02:07:49.701,9.18144,9.18376,1.00,1.00
2016.11.17 02:07:51.176,9.18144,9.18385,1.00,1.00
2016.11.17 02:07:52.313,9.18144,9.18337,1.00,1.00
2016.11.17 02:07:52.706,9.1816,9.18337,1.00,1.00
2016.11.17 02:07:53.307,9.18166,9.18337,1.00,1.00
2016.11.17 02:07:53.526,9.18152,9.18337,1.00,1.00
2016.11.17 02:07:53.627,9.18137,9.18337,1.00,1.00
2016.11.17 02:07:53.829,9.18122,9.18337,1.00,1.00
2016.11.17 02:07:54.327,9.18133,9.18337,1.00,1.00
2016.11.17 02:07:54.714,9.18138,9.18337,1.00,1.00
2016.11.17 02:07:55.176,9.18146,9.18337,1.00,1.00
2016.11.17 02:07:55.613,9.18152,9.18337,1.00,1.00
2016.11.17 02:07:55.914,9.18157,9.18337,1.00,1.00
2016.11.17 02:07:56.416,9.18166,9.18337,1.00,1.00
2016.11.17 02:07:57.363,9.18166,9.18387,1.00,1.00
2016.11.17 02:07:57.619,9.18161,9.18387,1.00,1.00
2016.11.17 02:07:59.141,9.18165,9.18387,1.00,1.00
2016.11.17 02:08:00.145,9.18167,9.18387,1.00,1.00
2016.11.17 02:08:00.348,9.18162,9.18387,1.00,1.00
2016.11.17 02:08:01.275,9.1816,9.18387,1.00,1.00
2016.11.17 02:08:01.861,9.18136,9.18372,1.00,1.00
2016.11.17 02:08:02.134,9.18121,9.1836,1.00,1.00
2016.11.17 02:08:05.374,9.18113,9.18351,1.00,1.00
2016.11.17 02:08:05.758,9.18107,9.18345,1.00,1.00
2016.11.17 02:08:06.340,9.18102,9.18342,1.00,1.00
2016.11.17 02:08:07.363,9.18102,9.18327,1.00,1.00
2016.11.17 02:08:09.246,9.18099,9.18308,1.00,1.00
2016.11.17 02:08:10.192,9.18095,9.18306,1.00,1.00
2016.11.17 02:08:10.249,9.18092,9.18303,1.00,1.00
2016.11.17 02:08:11.251,9.18091,9.18302,1.00,1.00
2016.11.17 02:08:13.785,9.18097,9.18308,1.00,1.00
2016.11.17 02:08:14.785,9.18098,9.18309,1.00,1.00
2016.11.17 02:08:17.880,9.18118,9.18327,1.00,1.00
2016.11.17 02:08:17.981,9.18112,9.18323,1.00,1.00
2016.11.17 02:08:19.001,9.18111,9.18322,1.00,1.00
2016.11.17 02:08:21.185,9.18113,9.18324,1.00,1.00
2016.11.17 02:08:23.316,9.18096,9.18327,1.00,1.00
2016.11.17 02:08:23.417,9.18104,9.18327,1.00,1.00
2016.11.17 02:08:23.599,9.1809,9.18327,1.00,1.00
2016.11.17 02:08:24.276,9.18089,9.18327,1.00,1.00
2016.11.17 02:08:26.894,9.1806,9.1832,1.00,1.00
2016.11.17 02:08:26.995,9.18055,9.18296,1.00,1.00
2016.11.17 02:08:27.383,9.18055,9.18317,1.00,1.00
2016.11.17 02:08:29.607,9.18064,9.18317,1.00,1.00
2016.11.17 02:08:31.393,9.18069,9.18317,1.00,1.00
2016.11.17 02:08:32.311,9.18069,9.1831,1.00,1.00
2016.11.17 02:08:32.412,9.1807,9.18317,1.00,1.00
2016.11.17 02:08:32.918,9.1805,9.18317,1.00,1.00
2016.11.17 02:08:33.122,9.18029,9.18317,1.00,1.00
2016.11.17 02:08:33.297,9.18037,9.18317,1.00,1.00
2016.11.17 02:08:34.100,9.18034,9.18317,1.00,1.00
2016.11.17 02:08:34.802,9.1803,9.18317,1.00,1.00
2016.11.17 02:08:36.204,9.18035,9.18313,1.00,1.00
2016.11.17 02:08:37.362,9.18035,9.18287,1.00,1.00
2016.11.17 02:08:39.112,9.18018,9.18287,1.00,1.00
2016.11.17 02:08:39.213,9.18028,9.18287,1.00,1.00
2016.11.17 02:08:39.368,9.18028,9.18347,1.00,1.00
2016.11.17 02:08:39.419,9.18009,9.18347,1.00,1.00
2016.11.17 02:08:39.470,9.18026,9.18347,1.00,1.00
2016.11.17 02:08:40.356,9.1805,9.18347,1.00,1.00
2016.11.17 02:08:40.586,9.1805,9.18397,1.00,1.00
2016.11.17 02:08:40.636,9.18061,9.18397,1.00,1.00
2016.11.17 02:08:40.940,9.18068,9.18397,1.00,1.00
2016.11.17 02:08:41.290,9.18061,9.18396,1.00,1.00
2016.11.17 02:08:41.522,9.18051,9.18396,1.00,1.00
2016.11.17 02:08:42.223,9.18049,9.18396,1.00,1.00
2016.11.17 02:08:42.327,9.18034,9.18396,1.00,1.00
2016.11.17 02:08:42.402,9.18052,9.18396,1.00,1.00
2016.11.17 02:08:43.198,9.1803,9.18301,1.00,1.00
2016.11.17 02:08:44.121,9.18024,9.1829,1.00,1.00
2016.11.17 02:08:45.069,9.18029,9.18295,1.00,1.00
2016.11.17 02:08:47.228,9.18036,9.18302,1.00,1.00
2016.11.17 02:08:48.430,9.18037,9.18303,1.00,1.00
2016.11.17 02:08:49.855,9.18052,9.18319,1.00,1.00
2016.11.17 02:08:49.956,9.18048,9.18312,1.00,1.00
2016.11.17 02:08:50.033,9.18058,9.18325,1.00,1.00
2016.11.17 02:08:50.835,9.18049,9.18316,1.00,1.00
2016.11.17 02:08:51.246,9.18045,9.18308,1.00,1.00
2016.11.17 02:08:52.641,9.18055,9.18318,1.00,1.00
2016.11.17 02:08:53.140,9.18045,9.18308,1.00,1.00
2016.11.17 02:08:53.641,9.18044,9.18307,1.00,1.00
2016.11.17 02:08:54.278,9.18054,9.18317,1.00,1.00
2016.11.17 02:08:54.879,9.18044,9.18307,1.00,1.00
2016.11.17 02:08:55.344,9.18056,9.18319,1.00,1.00
2016.11.17 02:08:55.645,9.18056,9.18333,1.00,1.00
2016.11.17 02:08:55.946,9.18043,9.1832,1.00,1.00
2016.11.17 02:08:56.271,9.18055,9.18332,1.00,1.00
2016.11.17 02:08:56.647,9.1805,9.18327,1.00,1.00
2016.11.17 02:08:57.157,9.18044,9.18321,1.00,1.00
2016.11.17 02:08:57.518,9.18039,9.18316,1.00,1.00
2016.11.17 02:09:02.259,9.18043,9.1832,1.00,1.00
2016.11.17 02:09:03.261,9.18044,9.18321,1.00,1.00
2016.11.17 02:09:03.801,9.18047,9.18323,1.00,1.00
2016.11.17 02:09:06.266,9.18047,9.1831,1.00,1.00
2016.11.17 02:09:10.473,9.18047,9.18323,1.00,1.00
2016.11.17 02:09:10.632,9.18047,9.18317,1.00,1.00
2016.11.17 02:09:12.977,9.1804,9.18317,1.00,1.50
2016.11.17 02:09:13.979,9.18043,9.18317,1.00,1.00
2016.11.17 02:09:14.311,9.18046,9.18317,1.00,1.00
2016.11.17 02:09:14.379,9.1804,9.18317,1.00,1.50
2016.11.17 02:09:14.980,9.18046,9.18317,1.00,1.00
2016.11.17 02:09:17.088,9.18048,9.18317,1.00,1.00
2016.11.17 02:09:17.408,9.18052,9.18317,1.00,1.00
2016.11.17 02:09:18.063,9.18065,9.18317,1.00,1.00
2016.11.17 02:09:18.385,9.18071,9.18317,1.00,1.00
2016.11.17 02:09:19.387,9.1807,9.18317,1.00,1.00
2016.11.17 02:09:20.632,9.1807,9.18337,1.00,1.00
2016.11.17 02:09:21.291,9.18071,9.18332,1.00,1.00
2016.11.17 02:09:23.141,9.18076,9.18337,1.00,1.00
2016.11.17 02:09:23.472,9.18083,9.18337,1.00,1.00
2016.11.17 02:09:24.100,9.18081,9.18337,1.00,1.00
2016.11.17 02:09:25.102,9.18077,9.18337,1.00,1.50
2016.11.17 02:09:28.712,9.18068,9.18326,1.00,1.00
2016.11.17 02:09:28.958,9.18037,9.18298,1.00,1.00
2016.11.17 02:09:29.916,9.1803,9.18291,1.00,1.00
2016.11.17 02:09:33.524,9.1803,9.18289,1.00,1.00
2016.11.17 02:09:36.330,9.18029,9.18288,1.00,1.00
2016.11.17 02:09:41.773,9.18025,9.18283,1.00,1.00
2016.11.17 02:09:44.344,9.18026,9.18284,1.00,1.00
2016.11.17 02:09:47.648,9.1803,9.18288,1.00,1.00
2016.11.17 02:09:48.175,9.18043,9.18297,1.00,1.00
2016.11.17 02:09:48.627,9.18033,9.18291,1.00,1.00
2016.11.17 02:09:48.983,9.18028,9.18286,1.00,1.00
2016.11.17 02:09:51.787,9.1801,9.18268,1.00,1.00
2016.11.17 02:09:52.237,9.18004,9.18262,1.00,1.00
2016.11.17 02:09:52.862,9.18002,9.1826,1.00,1.00
2016.11.17 02:09:54.265,9.17996,9.18254,1.00,1.00
2016.11.17 02:09:55.021,9.18004,9.18262,1.00,1.00
2016.11.17 02:09:55.769,9.17993,9.18253,1.00,1.00
2016.11.17 02:09:56.318,9.17987,9.18246,1.00,1.00
2016.11.17 02:09:57.980,9.17976,9.18236,1.00,1.00
2016.11.17 02:09:58.196,9.17958,9.18217,1.00,1.00
2016.11.17 02:09:58.407,9.17947,9.18207,1.00,1.00
2016.11.17 02:09:59.407,9.17949,9.18208,1.00,1.00
2016.11.17 02:10:02.787,9.17944,9.18204,1.00,1.00
2016.11.17 02:10:02.906,9.17942,9.18201,1.00,1.00
2016.11.17 02:10:03.989,9.17935,9.18194,1.00,1.00
2016.11.17 02:10:04.358,9.1794,9.18199,1.00,1.00
2016.11.17 02:10:04.928,9.17932,9.18192,1.00,1.00
2016.11.17 02:10:06.394,9.17935,9.18195,1.00,1.00
2016.11.17 02:10:09.114,9.17945,9.18205,1.00,1.00
2016.11.17 02:10:09.198,9.1794,9.18201,1.00,1.00
2016.11.17 02:10:10.601,9.1794,9.18216,1.00,1.50
2016.11.17 02:10:14.407,9.17943,9.18216,1.00,1.00
2016.11.17 02:10:15.410,9.17958,9.18216,1.00,1.00
2016.11.17 02:10:16.613,9.17954,9.18216,1.00,1.00
2016.11.17 02:10:17.415,9.17949,9.18216,1.00,1.00
2016.11.17 02:10:17.716,9.17954,9.18216,1.00,1.00
2016.11.17 02:10:17.916,9.17949,9.18216,1.00,1.00
2016.11.17 02:10:18.202,9.17949,9.18224,1.00,1.00
2016.11.17 02:10:18.617,9.17955,9.18231,1.00,1.00
2016.11.17 02:10:18.917,9.17949,9.18224,1.00,1.00
2016.11.17 02:10:19.118,9.17954,9.1823,1.00,1.00
2016.11.17 02:10:19.919,9.17956,9.18232,1.00,1.00
2016.11.17 02:10:20.720,9.17968,9.18237,1.00,1.00
2016.11.17 02:10:21.422,9.17968,9.1823,1.00,1.00
2016.11.17 02:10:23.125,9.17962,9.18222,1.00,1.00
2016.11.17 02:10:23.347,9.17956,9.18217,1.00,1.00
2016.11.17 02:10:24.333,9.17948,9.1821,1.00,1.00
2016.11.17 02:10:24.527,9.17953,9.18216,1.00,1.00
2016.11.17 02:10:24.627,9.17948,9.1821,1.00,1.00
2016.11.17 02:10:24.728,9.17956,9.18219,1.00,1.00
2016.11.17 02:10:25.629,9.17956,9.18232,1.00,1.00
2016.11.17 02:10:26.230,9.17952,9.18228,1.00,1.00
2016.11.17 02:10:29.440,9.17958,9.18234,1.00,1.00
2016.11.17 02:10:29.999,9.17962,9.18236,1.00,1.00
2016.11.17 02:10:33.642,9.1796,9.18236,1.00,1.50
2016.11.17 02:10:34.877,9.17945,9.18221,1.00,1.00
2016.11.17 02:10:35.845,9.17944,9.18219,1.00,1.00
2016.11.17 02:10:36.446,9.17944,9.18206,1.00,1.00
2016.11.17 02:10:40.652,9.17944,9.18219,1.00,1.00
2016.11.17 02:10:41.754,9.17942,9.18201,1.00,1.00
2016.11.17 02:10:41.854,9.17962,9.18223,1.00,1.00
2016.11.17 02:10:41.955,9.17985,9.18236,1.00,1.00
2016.11.17 02:10:42.107,9.17985,9.18246,1.00,1.00
2016.11.17 02:10:42.376,9.18018,9.1828,1.00,1.00
2016.11.17 02:10:42.956,9.18024,9.18284,1.00,1.00
2016.11.17 02:10:44.476,9.18023,9.18284,1.00,1.00
2016.11.17 02:10:48.865,9.18007,9.18268,1.00,1.00
2016.11.17 02:10:49.874,9.18005,9.18266,1.00,1.00
2016.11.17 02:10:50.069,9.18,9.18266,1.00,1.00
2016.11.17 02:10:51.471,9.18,9.18264,1.00,1.00
2016.11.17 02:10:58.414,9.17984,9.18244,1.00,1.00
2016.11.17 02:10:58.758,9.17969,9.18228,1.00,1.00
2016.11.17 02:10:58.808,9.17953,9.18213,1.00,1.00
2016.11.17 02:10:59.485,9.17947,9.18207,1.00,1.00
2016.11.17 02:11:00.554,9.17953,9.18213,1.00,1.00
2016.11.17 02:11:00.870,9.17957,9.18215,1.00,1.00
2016.11.17 02:11:03.692,9.17955,9.18215,1.00,1.00
2016.11.17 02:11:06.498,9.17958,9.18218,1.00,1.00
2016.11.17 02:11:10.704,9.17958,9.18233,1.00,1.00
2016.11.17 02:11:13.908,9.17953,9.18227,1.00,1.00
2016.11.17 02:11:16.912,9.1796,9.18235,1.00,1.00
2016.11.17 02:11:18.715,9.17961,9.18236,1.00,1.00
2016.11.17 02:11:21.220,9.17953,9.18229,1.00,1.00
2016.11.17 02:11:21.320,9.17949,9.18224,1.00,1.00
2016.11.17 02:11:22.046,9.17949,9.18211,1.00,1.00
2016.11.17 02:11:23.443,9.1796,9.18222,1.00,1.00
2016.11.17 02:11:23.526,9.17956,9.18219,1.00,1.00
2016.11.17 02:11:23.727,9.17973,9.18235,1.00,1.00
2016.11.17 02:11:24.530,9.17978,9.1824,1.00,1.00
2016.11.17 02:11:25.733,9.17978,9.18247,1.00,1.00
2016.11.17 02:11:26.636,9.17981,9.18247,1.00,1.00
2016.11.17 02:11:26.943,9.18,9.18247,1.00,1.00
2016.11.17 02:11:27.239,9.18,9.18276,1.00,1.00
2016.11.17 02:11:27.539,9.18017,9.18292,1.00,1.00
2016.11.17 02:11:27.941,9.18034,9.18296,1.00,1.00
2016.11.17 02:11:29.564,9.18037,9.18296,1.00,1.00
2016.11.17 02:11:31.650,9.18029,9.18292,1.00,1.00
2016.11.17 02:11:31.759,9.1802,9.18285,1.00,1.00
2016.11.17 02:11:32.751,9.18021,9.18285,1.00,1.00
2016.11.17 02:11:33.173,9.18016,9.18281,1.00,1.00
2016.11.17 02:11:36.561,9.18017,9.18266,1.00,1.00
2016.11.17 02:11:39.271,9.18022,9.1827,1.00,1.00
2016.11.17 02:11:40.774,9.18022,9.18285,1.00,1.00
2016.11.17 02:11:41.878,9.18007,9.18272,1.00,1.00
2016.11.17 02:11:41.979,9.17995,9.1824,1.00,1.00
2016.11.17 02:11:42.880,9.17986,9.18244,1.00,1.00
2016.11.17 02:11:45.301,9.17971,9.1823,1.00,1.00
2016.11.17 02:11:45.487,9.17973,9.18231,1.00,1.00
2016.11.17 02:11:46.518,9.17981,9.18212,1.00,1.00
2016.11.17 02:11:49.501,9.17988,9.1822,1.00,1.00
2016.11.17 02:11:51.608,9.17992,9.18234,1.00,1.00
2016.11.17 02:11:55.818,9.17992,9.18221,1.00,1.00
2016.11.17 02:11:57.436,9.17987,9.18215,1.00,1.00
2016.11.17 02:11:57.537,9.17979,9.18208,1.00,1.00
2016.11.17 02:11:57.739,9.17974,9.18203,1.00,1.00
2016.11.17 02:11:58.727,9.17973,9.18202,1.00,1.00
2016.11.17 02:12:03.868,9.17973,9.18201,1.00,1.00
2016.11.17 02:12:04.854,9.17973,9.182,1.00,1.00
2016.11.17 02:12:06.645,9.1797,9.18214,1.00,1.00
2016.11.17 02:12:10.271,9.17979,9.18223,1.00,1.00
2016.11.17 02:12:10.855,9.17981,9.18211,1.00,1.00
2016.11.17 02:12:11.657,9.1799,9.1822,1.00,1.00
2016.11.17 02:12:11.969,9.18012,9.18242,1.00,1.00
2016.11.17 02:12:12.271,9.18034,9.18264,1.00,1.00
2016.11.17 02:12:12.961,9.18043,9.18271,1.00,1.00
2016.11.17 02:12:13.365,9.18046,9.18276,1.00,1.00
2016.11.17 02:12:13.466,9.18051,9.18282,1.00,1.00
2016.11.17 02:12:13.966,9.18057,9.18288,1.00,1.00
2016.11.17 02:12:16.071,9.18062,9.18292,1.00,1.00
2016.11.17 02:12:16.377,9.18062,9.1829,1.00,1.00
2016.11.17 02:12:16.769,9.18057,9.18284,1.00,1.00
2016.11.17 02:12:16.857,9.18057,9.18286,1.00,1.00
2016.11.17 02:12:17.760,9.18057,9.18287,1.00,1.00
2016.11.17 02:12:18.286,9.18061,9.18291,1.00,1.00
2016.11.17 02:12:21.684,9.1806,9.18305,1.00,1.00
2016.11.17 02:12:22.888,9.18066,9.18311,1.00,1.00
2016.11.17 02:12:25.893,9.18066,9.18297,1.00,1.00
2016.11.17 02:12:27.496,9.18061,9.18292,1.00,1.00
2016.11.17 02:12:30.303,9.18056,9.18288,1.00,1.00
2016.11.17 02:12:31.405,9.18051,9.18282,1.00,1.00
2016.11.17 02:12:33.520,9.18036,9.18267,1.00,1.00
2016.11.17 02:12:34.151,9.18045,9.18274,1.00,1.00
2016.11.17 02:12:34.624,9.18055,9.18284,1.00,1.00
2016.11.17 02:12:35.320,9.18055,9.18286,1.00,1.00
2016.11.17 02:12:35.854,9.18066,9.18297,1.00,1.00
2016.11.17 02:12:36.239,9.18084,9.18315,1.00,1.00
2016.11.17 02:12:36.724,9.1809,9.18335,1.00,1.00
2016.11.17 02:12:40.832,9.1809,9.18321,1.00,1.00
2016.11.17 02:12:43.582,9.18094,9.18325,1.00,1.00
2016.11.17 02:12:45.971,9.18098,9.1833,1.00,1.00
2016.11.17 02:12:46.943,9.18099,9.1833,1.00,1.00
2016.11.17 02:12:48.458,9.1814,9.18371,1.00,1.00
2016.11.17 02:12:48.761,9.1815,9.18381,1.00,1.00
2016.11.17 02:12:49.106,9.18183,9.18414,1.00,1.00
2016.11.17 02:12:49.425,9.182,9.18431,1.00,1.00
2016.11.17 02:12:49.726,9.18219,9.18448,1.00,1.00
2016.11.17 02:12:50.107,9.18206,9.18435,1.00,1.00
2016.11.17 02:12:50.158,9.18199,9.1843,1.00,1.00
2016.11.17 02:12:50.589,9.18194,9.18425,1.00,1.00
2016.11.17 02:12:50.971,9.18186,9.18415,1.00,1.00
2016.11.17 02:12:51.767,9.18185,9.1843,1.00,1.00
2016.11.17 02:12:53.688,9.18186,9.18431,1.00,1.00
2016.11.17 02:12:55.885,9.18196,9.18427,1.00,1.00
2016.11.17 02:12:56.203,9.18212,9.18443,1.00,1.00
2016.11.17 02:12:56.683,9.18224,9.18453,1.00,1.00
2016.11.17 02:12:56.985,9.18218,9.18449,1.00,1.00
2016.11.17 02:12:59.025,9.18215,9.18446,1.00,1.00
2016.11.17 02:12:59.995,9.18216,9.18447,1.00,1.00
2016.11.17 02:13:00.798,9.18222,9.18451,1.00,1.00
2016.11.17 02:13:01.011,9.18217,9.18448,1.00,1.00
2016.11.17 02:13:01.136,9.18198,9.18429,1.00,1.00
2016.11.17 02:13:01.439,9.18166,9.18397,1.00,1.00
2016.11.17 02:13:02.171,9.18171,9.18403,1.00,1.00
2016.11.17 02:13:02.309,9.18176,9.18408,1.00,1.00
2016.11.17 02:13:02.752,9.18182,9.18414,1.00,1.00
2016.11.17 02:13:03.314,9.18178,9.18409,1.00,1.00
2016.11.17 02:13:04.117,9.18173,9.18406,1.00,1.00
2016.11.17 02:13:04.821,9.18158,9.18389,1.00,1.00
2016.11.17 02:13:05.175,9.18152,9.18383,1.00,1.00
2016.11.17 02:13:06.753,9.18149,9.1838,1.00,1.00
2016.11.17 02:13:07.282,9.18142,9.18373,1.00,1.00
2016.11.17 02:13:07.626,9.18095,9.18326,1.00,1.00
2016.11.17 02:13:07.937,9.18063,9.18292,1.00,1.00
2016.11.17 02:13:08.038,9.1804,9.1827,1.00,1.00
2016.11.17 02:13:08.451,9.18034,9.18266,1.00,1.00
2016.11.17 02:13:09.048,9.18039,9.18271,1.00,1.00
2016.11.17 02:13:11.864,9.18027,9.18258,1.00,1.00
2016.11.17 02:13:12.167,9.18013,9.18244,1.00,1.00
2016.11.17 02:13:13.067,9.18014,9.18246,1.00,1.00
2016.11.17 02:13:13.254,9.18021,9.1825,1.00,1.00
2016.11.17 02:13:13.487,9.18028,9.1826,1.00,1.00
2016.11.17 02:13:13.589,9.18038,9.18269,1.00,1.00
2016.11.17 02:13:14.459,9.1804,9.18272,1.00,1.00
2016.11.17 02:13:18.385,9.1804,9.18271,1.00,1.00
2016.11.17 02:13:18.936,9.1804,9.18272,1.00,1.00
2016.11.17 02:13:21.784,9.18043,9.18272,1.00,1.00
2016.11.17 02:13:24.683,9.18049,9.18278,1.00,1.00
2016.11.17 02:13:25.180,9.18054,9.18283,1.00,1.00
2016.11.17 02:13:25.954,9.18049,9.18278,1.00,1.00
2016.11.17 02:13:26.206,9.18072,9.18306,1.00,1.00
2016.11.17 02:13:27.007,9.18077,9.18309,1.00,1.00
2016.11.17 02:13:29.707,9.18095,9.18322,1.00,1.00
2016.11.17 02:13:29.939,9.18101,9.1833,1.00,1.00
2016.11.17 02:13:30.701,9.18103,9.18333,1.00,1.00
2016.11.17 02:13:31.703,9.18106,9.18335,1.00,1.00
2016.11.17 02:13:32.438,9.1811,9.1834,1.00,1.00
2016.11.17 02:13:32.542,9.18112,9.18349,1.00,1.00
2016.11.17 02:13:32.643,9.1812,9.18349,1.00,1.00
2016.11.17 02:13:33.509,9.18123,9.18353,1.00,1.00
2016.11.17 02:13:35.237,9.18118,9.18347,1.00,1.00
2016.11.17 02:13:36.819,9.18118,9.18363,1.00,1.00
2016.11.17 02:13:41.033,9.18119,9.18349,1.00,1.00
2016.11.17 02:13:42.640,9.18114,9.18344,1.00,1.00
2016.11.17 02:13:43.278,9.18098,9.18328,1.00,1.00
2016.11.17 02:13:43.868,9.1809,9.1832,1.00,1.00
2016.11.17 02:13:44.238,9.18071,9.18301,1.00,1.00
2016.11.17 02:13:44.887,9.18068,9.18298,1.00,1.00
2016.11.17 02:13:47.748,9.18064,9.18296,1.00,1.00
2016.11.17 02:13:47.849,9.18033,9.18263,1.00,1.00
2016.11.17 02:13:48.152,9.18006,9.18234,1.00,1.00
2016.11.17 02:13:48.557,9.18024,9.18258,1.00,1.00
2016.11.17 02:13:48.693,9.18047,9.18277,1.00,1.00
2016.11.17 02:13:49.156,9.18054,9.18284,1.00,1.00
2016.11.17 02:13:49.457,9.18045,9.18275,1.00,1.00
2016.11.17 02:13:50.156,9.18047,9.18277,1.00,1.00
2016.11.17 02:13:50.660,9.18053,9.18283,1.00,1.00
2016.11.17 02:13:51.267,9.18047,9.18277,1.00,1.00
2016.11.17 02:13:51.861,9.18047,9.18291,1.00,1.00
2016.11.17 02:13:52.767,9.18042,9.18286,1.00,1.00
2016.11.17 02:13:53.074,9.18023,9.18267,1.00,1.00
2016.11.17 02:13:53.315,9.18003,9.18249,1.00,1.00
2016.11.17 02:13:53.970,9.18,9.1825,1.00,1.00
2016.11.17 02:13:55.974,9.18,9.18236,1.00,1.00
2016.11.17 02:13:59.883,9.18003,9.18233,1.00,1.00
2016.11.17 02:14:00.484,9.18,9.1823,1.00,1.00
2016.11.17 02:14:00.887,9.18004,9.18232,1.00,1.00
2016.11.17 02:14:03.131,9.18017,9.18245,1.00,1.00
2016.11.17 02:14:04.101,9.1802,9.18248,1.00,1.00
2016.11.17 02:14:05.746,9.18044,9.18274,1.00,1.00
2016.11.17 02:14:05.847,9.1804,9.18268,1.00,1.00
2016.11.17 02:14:05.948,9.18053,9.18283,1.00,1.00
2016.11.17 02:14:06.823,9.18054,9.18282,1.00,1.00
2016.11.17 02:14:06.943,9.18058,9.18297,1.00,1.00
2016.11.17 02:14:07.245,9.18049,9.18294,1.00,1.00
2016.11.17 02:14:08.245,9.18051,9.18294,1.00,1.00
2016.11.17 02:14:08.624,9.18046,9.18288,1.00,1.00
2016.11.17 02:14:09.213,9.18043,9.18287,1.00,1.00
2016.11.17 02:14:10.422,9.18066,9.1831,1.00,1.00
2016.11.17 02:14:10.771,9.18079,9.18323,1.00,1.00
2016.11.17 02:14:11.263,9.18065,9.18296,1.00,1.00
2016.11.17 02:14:11.628,9.18046,9.18279,1.00,1.00
2016.11.17 02:14:13.541,9.18052,9.18283,1.00,1.00
2016.11.17 02:14:14.928,9.18047,9.18279,1.00,1.00
2016.11.17 02:14:15.575,9.18041,9.18272,1.00,1.00
2016.11.17 02:14:19.038,9.18044,9.18275,1.00,1.00
2016.11.17 02:14:19.839,9.18051,9.1828,1.00,1.00
2016.11.17 02:14:20.350,9.18067,9.18298,1.00,1.00
2016.11.17 02:14:20.844,9.18073,9.18305,1.00,1.00
2016.11.17 02:14:21.955,9.18073,9.18318,1.00,1.00
2016.11.17 02:14:22.958,9.18093,9.18338,1.00,1.00
2016.11.17 02:14:23.451,9.18103,9.18348,1.00,1.00
2016.11.17 02:14:25.888,9.18109,9.18355,1.00,1.00
2016.11.17 02:14:26.090,9.18109,9.18341,1.00,1.00
2016.11.17 02:14:26.438,9.18131,9.18362,1.00,1.00
2016.11.17 02:14:27.018,9.18146,9.18377,1.00,1.00
2016.11.17 02:14:29.870,9.18147,9.18378,1.00,1.00
2016.11.17 02:14:30.310,9.18124,9.18355,1.00,1.00
2016.11.17 02:14:30.796,9.18111,9.18342,1.00,1.00
2016.11.17 02:14:31.420,9.18109,9.1834,1.00,1.00
2016.11.17 02:14:31.760,9.18125,9.18356,1.00,1.00
2016.11.17 02:14:32.678,9.18127,9.18356,1.00,1.00
2016.11.17 02:14:34.080,9.18127,9.18358,1.00,1.00
2016.11.17 02:14:36.885,9.18127,9.18372,1.00,1.00
2016.11.17 02:14:39.702,9.18128,9.18373,1.00,1.00
2016.11.17 02:14:39.991,9.18118,9.18363,1.00,1.00
2016.11.17 02:14:40.592,9.18113,9.18358,1.00,1.00
2016.11.17 02:14:41.093,9.18113,9.18344,1.00,1.00
2016.11.17 02:14:44.341,9.18124,9.18355,1.00,1.00
2016.11.17 02:14:45.099,9.18116,9.18347,1.00,1.00
2016.11.17 02:14:45.839,9.18108,9.18339,1.00,1.00
2016.11.17 02:14:49.117,9.18107,9.18337,1.00,1.00
2016.11.17 02:14:51.908,9.18106,9.18352,1.00,1.00
2016.11.17 02:14:52.352,9.18098,9.18343,1.00,1.00
2016.11.17 02:14:53.038,9.18085,9.1833,1.00,1.00
2016.11.17 02:14:53.580,9.18081,9.18326,1.00,1.00
2016.11.17 02:14:53.920,9.18087,9.18332,1.00,1.00
2016.11.17 02:14:54.272,9.18116,9.18361,1.00,1.00
2016.11.17 02:14:55.016,9.18128,9.18373,1.00,1.00
2016.11.17 02:14:56.116,9.18128,9.18359,1.00,1.00
2016.11.17 02:14:57.318,9.18134,9.18365,1.00,1.00
2016.11.17 02:14:57.621,9.18158,9.18389,1.00,1.00
2016.11.17 02:14:58.649,9.1816,9.1839,1.00,1.00
2016.11.17 02:14:59.437,9.18164,9.18396,1.00,1.00
2016.11.17 02:14:59.924,9.18162,9.18391,1.00,1.00
2016.11.17 02:15:04.169,9.18163,9.18392,1.00,1.00
2016.11.17 02:15:04.435,9.18156,9.18387,1.00,1.00
2016.11.17 02:15:04.546,9.18142,9.18373,1.00,1.00
2016.11.17 02:15:06.989,9.18118,9.18346,1.00,1.00
2016.11.17 02:15:07.041,9.18111,9.18351,1.00,1.00
2016.11.17 02:15:07.142,9.18096,9.18338,1.00,1.00
2016.11.17 02:15:07.542,9.18085,9.18328,1.00,1.00
2016.11.17 02:15:09.749,9.18079,9.18321,1.00,1.00
2016.11.17 02:15:10.149,9.18074,9.18315,1.00,1.00
2016.11.17 02:15:10.351,9.18081,9.18324,1.00,1.00
2016.11.17 02:15:10.452,9.18089,9.18332,1.00,1.00
2016.11.17 02:15:10.680,9.18098,9.18404,1.00,1.00
2016.11.17 02:15:10.823,9.18098,9.18407,1.00,1.00
2016.11.17 02:15:11.923,9.18099,9.18407,1.00,1.00
2016.11.17 02:15:12.069,9.18095,9.18407,1.00,1.00
2016.11.17 02:15:12.390,9.18106,9.18407,1.00,1.00
2016.11.17 02:15:12.848,9.18112,9.18407,1.00,1.00
2016.11.17 02:15:13.058,9.18105,9.18407,1.00,1.00
2016.11.17 02:15:13.692,9.18116,9.18407,1.00,1.00
2016.11.17 02:15:13.844,9.18136,9.18457,1.00,1.00
2016.11.17 02:15:14.549,9.18143,9.18457,1.00,1.00
2016.11.17 02:15:15.468,9.18145,9.18457,1.00,1.00
2016.11.17 02:15:16.969,9.1814,9.18457,1.00,1.00
2016.11.17 02:15:19.182,9.18143,9.18457,1.00,1.00
2016.11.17 02:15:21.451,9.18139,9.18457,1.00,1.00
2016.11.17 02:15:21.584,9.18134,9.18457,1.00,1.00
2016.11.17 02:15:21.978,9.18128,9.18457,1.00,1.00
2016.11.17 02:15:23.816,9.18128,9.18437,1.00,1.00
2016.11.17 02:15:24.694,9.18121,9.18437,1.00,1.00
2016.11.17 02:15:24.800,9.18114,9.18437,1.00,1.00
2016.11.17 02:15:24.901,9.18105,9.18437,1.00,1.00
2016.11.17 02:15:25.191,9.18091,9.18437,1.00,1.00
2016.11.17 02:15:26.293,9.18087,9.18437,1.00,1.00
2016.11.17 02:15:27.627,9.18091,9.18437,1.00,1.00
2016.11.17 02:15:30.504,9.18096,9.18437,1.00,1.00
2016.11.17 02:15:33.868,9.18096,9.18407,1.00,1.00
2016.11.17 02:15:34.229,9.18093,9.18407,1.00,1.00
2016.11.17 02:15:35.029,9.18099,9.18407,1.00,1.00
2016.11.17 02:15:35.213,9.18095,9.18407,1.00,1.00
2016.11.17 02:15:35.539,9.18089,9.18407,1.00,1.00
2016.11.17 02:15:36.017,9.18084,9.18407,1.00,1.00
2016.11.17 02:15:36.920,9.18088,9.18407,1.00,1.00
2016.11.17 02:15:38.525,9.18093,9.18407,1.00,1.00
2016.11.17 02:15:38.907,9.18101,9.18407,1.00,1.00
2016.11.17 02:15:39.553,9.18097,9.18407,1.00,1.00
2016.11.17 02:15:41.172,9.18087,9.18407,1.00,1.00
2016.11.17 02:15:41.332,9.18083,9.18407,1.00,1.00
2016.11.17 02:15:41.571,9.18077,9.18407,1.00,1.00
2016.11.17 02:15:41.835,9.18066,9.18407,1.00,1.00
2016.11.17 02:15:42.837,9.18065,9.18407,1.00,1.00
2016.11.17 02:15:43.817,9.18065,9.18387,1.00,1.00
2016.11.17 02:15:45.040,9.18066,9.18387,1.00,1.00
2016.11.17 02:15:46.251,9.18055,9.18387,1.00,1.00
2016.11.17 02:15:46.352,9.18051,9.18387,1.00,1.00
2016.11.17 02:15:47.178,9.18071,9.18387,1.00,1.00
2016.11.17 02:15:47.581,9.18082,9.18387,1.00,1.00
2016.11.17 02:15:47.910,9.18131,9.18387,1.00,1.00
2016.11.17 02:15:48.011,9.18131,9.18437,1.00,1.00
2016.11.17 02:15:48.653,9.18117,9.18437,1.00,1.00
2016.11.17 02:15:49.657,9.18116,9.18437,1.00,1.00
2016.11.17 02:15:50.258,9.1811,9.18437,1.00,1.00
2016.11.17 02:15:50.358,9.18117,9.18437,1.00,1.00
2016.11.17 02:15:50.708,9.18145,9.18437,1.00,1.00
2016.11.17 02:15:51.014,9.18157,9.18437,1.00,1.00
2016.11.17 02:15:51.580,9.1817,9.18437,1.00,1.00
2016.11.17 02:15:51.779,9.18156,9.18437,1.00,1.00
2016.11.17 02:15:52.668,9.18152,9.18437,1.00,1.00
2016.11.17 02:15:52.971,9.18142,9.18437,1.00,1.00
2016.11.17 02:15:53.573,9.18153,9.18437,1.00,1.00
2016.11.17 02:15:57.931,9.18158,9.18437,1.00,1.00
2016.11.17 02:15:57.984,9.18158,9.18447,1.00,1.00
2016.11.17 02:15:58.910,9.18161,9.18447,1.00,1.00
2016.11.17 02:15:59.315,9.18167,9.18447,1.00,1.00
2016.11.17 02:15:59.890,9.18171,9.18447,1.00,1.00
2016.11.17 02:16:00.191,9.18169,9.18447,1.00,1.00
2016.11.17 02:16:01.094,9.18166,9.18447,1.00,1.00
2016.11.17 02:16:01.196,9.18159,9.18447,1.00,1.00
2016.11.17 02:16:02.109,9.18166,9.18447,1.00,1.00
2016.11.17 02:16:03.137,9.18167,9.18447,1.00,1.00
2016.11.17 02:16:04.243,9.18153,9.18447,1.00,1.00
2016.11.17 02:16:04.304,9.18147,9.18447,1.00,1.00
2016.11.17 02:16:05.307,9.18148,9.18447,1.00,1.00
2016.11.17 02:16:06.921,9.18153,9.18447,1.00,1.00
2016.11.17 02:16:10.331,9.18174,9.18447,1.00,1.50
2016.11.17 02:16:10.663,9.18206,9.18447,1.00,1.00
2016.11.17 02:16:10.713,9.18206,9.185,1.00,1.00
2016.11.17 02:16:10.764,9.18228,9.185,1.00,1.00
2016.11.17 02:16:11.422,9.1822,9.185,1.00,1.00
2016.11.17 02:16:11.871,9.18206,9.185,1.00,1.00
2016.11.17 02:16:12.004,9.18206,9.18506,1.00,1.00
2016.11.17 02:16:12.524,9.18215,9.18506,1.00,1.00
2016.11.17 02:16:12.825,9.18219,9.18506,1.00,1.00
2016.11.17 02:16:13.514,9.18223,9.18506,1.00,1.00
2016.11.17 02:16:14.036,9.18228,9.18507,1.00,1.00
2016.11.17 02:16:15.132,9.18232,9.18507,1.00,1.00
2016.11.17 02:16:18.554,9.18227,9.18507,1.00,1.00
2016.11.17 02:16:19.102,9.18227,9.18517,1.00,1.00
2016.11.17 02:16:19.238,9.18221,9.18517,1.00,1.00
2016.11.17 02:16:24.677,9.18226,9.18517,1.00,1.00
2016.11.17 02:16:25.654,9.18227,9.18517,1.00,1.00
2016.11.17 02:16:25.754,9.18218,9.18517,1.00,1.00
2016.11.17 02:16:29.150,9.18218,9.18507,1.00,1.00
2016.11.17 02:16:30.163,9.18223,9.18507,1.00,1.00
2016.11.17 02:16:34.575,9.18218,9.18507,1.00,1.00
2016.11.17 02:16:34.923,9.18223,9.18507,1.00,1.00
2016.11.17 02:16:35.348,9.18227,9.18507,1.00,1.00
2016.11.17 02:16:36.379,9.1822,9.18507,1.00,1.00
2016.11.17 02:16:37.246,9.1822,9.18547,1.00,1.00
2016.11.17 02:16:37.297,9.18231,9.18547,1.00,1.00
2016.11.17 02:16:38.277,9.18238,9.18547,1.00,1.00
2016.11.17 02:16:38.328,9.18233,9.18547,1.00,1.00
2016.11.17 02:16:38.990,9.18256,9.18547,1.00,1.00
2016.11.17 02:16:39.067,9.18256,9.18549,1.00,1.00
2016.11.17 02:16:39.118,9.18243,9.18549,1.00,1.00
2016.11.17 02:16:39.202,9.18255,9.18549,1.00,1.00
2016.11.17 02:16:39.303,9.18246,9.18549,1.00,1.00
2016.11.17 02:16:40.011,9.18238,9.18549,1.00,1.00
2016.11.17 02:16:41.040,9.18238,9.18556,1.00,1.00
2016.11.17 02:16:41.392,9.18243,9.18556,1.00,1.00
2016.11.17 02:16:43.524,9.18238,9.18556,1.00,1.00
2016.11.17 02:16:43.998,9.18238,9.18547,1.00,1.00
2016.11.17 02:16:44.099,9.18234,9.18546,1.00,1.00
2016.11.17 02:16:44.509,9.1823,9.18546,1.00,1.00
2016.11.17 02:16:45.498,9.18229,9.18546,1.00,1.00
2016.11.17 02:16:50.810,9.1822,9.18546,1.00,1.00
2016.11.17 02:16:51.048,9.18213,9.18546,1.00,1.00
2016.11.17 02:16:52.127,9.18213,9.1854,1.00,1.00
2016.11.17 02:16:53.187,9.1822,9.1854,1.00,1.00
2016.11.17 02:16:54.097,9.1822,9.18527,1.00,1.00
2016.11.17 02:16:54.463,9.18216,9.18527,1.00,1.00
2016.11.17 02:16:55.417,9.18212,9.18527,1.00,1.00
2016.11.17 02:16:57.220,9.18211,9.18527,1.00,1.00
2016.11.17 02:16:58.022,9.18197,9.18527,1.00,1.00
2016.11.17 02:16:58.224,9.18192,9.18527,1.00,1.00
2016.11.17 02:16:58.934,9.18192,9.18514,1.00,1.00
2016.11.17 02:17:00.165,9.18192,9.18527,1.00,1.00
2016.11.17 02:17:00.225,9.1819,9.18527,1.00,1.00
2016.11.17 02:17:01.785,9.1819,9.18497,1.00,1.00
2016.11.17 02:17:01.835,9.18154,9.18496,1.00,1.00
2016.11.17 02:17:01.886,9.18154,9.18486,1.00,1.00
2016.11.17 02:17:02.224,9.18143,9.18467,1.00,1.00
2016.11.17 02:17:02.830,9.18141,9.18467,1.00,1.00
2016.11.17 02:17:03.131,9.18149,9.18467,1.00,1.00
2016.11.17 02:17:03.967,9.1816,9.18467,1.00,1.00
2016.11.17 02:17:04.292,9.18164,9.18467,1.00,1.00
2016.11.17 02:17:05.734,9.18164,9.18496,1.00,1.00
2016.11.17 02:17:05.785,9.18171,9.18496,1.00,1.00
2016.11.17 02:17:06.088,9.18232,9.18497,1.00,1.00
2016.11.17 02:17:06.987,9.18214,9.18497,1.00,1.00
2016.11.17 02:17:07.243,9.18218,9.18497,1.00,1.00
2016.11.17 02:17:07.942,9.18212,9.18497,1.00,1.00
2016.11.17 02:17:10.648,9.18217,9.18497,1.00,1.00
2016.11.17 02:17:10.869,9.18212,9.18497,1.00,1.00
2016.11.17 02:17:11.781,9.18212,9.18507,1.00,1.00
2016.11.17 02:17:14.355,9.18217,9.18507,1.00,1.00
2016.11.17 02:17:14.698,9.18233,9.18507,1.00,1.00
2016.11.17 02:17:15.158,9.18222,9.18507,1.00,1.00
2016.11.17 02:17:15.287,9.18236,9.18507,1.00,1.00
2016.11.17 02:17:18.260,9.18227,9.18507,1.00,1.00
2016.11.17 02:17:18.591,9.18218,9.18507,1.00,1.00
2016.11.17 02:17:18.791,9.18213,9.18507,1.00,1.00
2016.11.17 02:17:19.063,9.18204,9.18507,1.00,1.00
2016.11.17 02:17:19.165,9.18194,9.18507,1.00,1.00
2016.11.17 02:17:19.863,9.18188,9.18507,1.00,1.00
2016.11.17 02:17:21.792,9.18188,9.18487,1.00,1.00
2016.11.17 02:17:28.580,9.18184,9.18487,1.00,1.00
2016.11.17 02:17:28.680,9.18176,9.18487,1.00,1.00
2016.11.17 02:17:29.582,9.18171,9.18487,1.00,1.00
2016.11.17 02:17:31.832,9.18171,9.18467,1.00,1.00
2016.11.17 02:17:33.588,9.18194,9.18467,1.00,1.00
2016.11.17 02:17:34.490,9.18185,9.18467,1.00,1.00
2016.11.17 02:17:38.195,9.18183,9.18467,1.00,1.00
2016.11.17 02:17:41.135,9.18203,9.18467,1.00,1.00
2016.11.17 02:17:41.325,9.18229,9.18517,1.00,1.00
2016.11.17 02:17:42.203,9.18233,9.18517,1.00,1.00
2016.11.17 02:17:45.312,9.18232,9.18517,1.00,1.00
2016.11.17 02:17:48.334,9.18224,9.18517,1.00,1.00
2016.11.17 02:17:48.454,9.18219,9.18517,1.00,1.00
2016.11.17 02:17:48.715,9.18211,9.18517,1.00,1.00
2016.11.17 02:17:49.414,9.18217,9.18517,1.00,1.00
2016.11.17 02:17:50.115,9.18223,9.18517,1.00,1.00
2016.11.17 02:17:50.543,9.18243,9.18517,1.00,1.00
2016.11.17 02:17:50.762,9.18234,9.18517,1.00,1.00
2016.11.17 02:17:50.984,9.18221,9.18517,1.00,1.00
2016.11.17 02:17:51.339,9.18221,9.18537,1.00,1.00
2016.11.17 02:17:51.542,9.18208,9.18537,1.00,1.00
2016.11.17 02:17:51.719,9.18213,9.18537,1.00,1.00
2016.11.17 02:17:51.964,9.18207,9.18537,1.00,1.00
2016.11.17 02:18:00.332,9.18209,9.18537,1.00,1.00
2016.11.17 02:18:01.289,9.18213,9.18507,1.00,1.00
2016.11.17 02:18:03.438,9.18214,9.18507,1.00,1.00
2016.11.17 02:18:04.483,9.18221,9.18507,1.00,1.00
2016.11.17 02:18:04.643,9.18214,9.18507,1.00,1.00
2016.11.17 02:18:04.766,9.18224,9.18507,1.00,1.00
2016.11.17 02:18:05.093,9.18249,9.18507,1.00,1.00
2016.11.17 02:18:05.886,9.18243,9.18507,1.00,1.00
2016.11.17 02:18:07.853,9.18248,9.18507,1.00,1.00
2016.11.17 02:18:08.254,9.18243,9.18507,1.00,1.00
2016.11.17 02:18:09.094,9.18248,9.18507,1.00,1.00
2016.11.17 02:18:11.304,9.18248,9.18526,1.00,1.00
2016.11.17 02:18:13.065,9.18242,9.18526,1.00,1.00
2016.11.17 02:18:15.374,9.1824,9.18526,1.00,1.00
2016.11.17 02:18:16.614,9.18248,9.18526,1.00,1.00
2016.11.17 02:18:19.580,9.18246,9.18526,1.00,1.00
2016.11.17 02:18:19.986,9.18241,9.18526,1.00,1.00
2016.11.17 02:18:20.582,9.18238,9.18526,1.00,1.00
2016.11.17 02:18:21.287,9.18238,9.18537,1.00,1.00
2016.11.17 02:18:27.919,9.18221,9.18537,1.00,1.00
2016.11.17 02:18:28.099,9.18211,9.18537,1.00,1.00
2016.11.17 02:18:28.150,9.18211,9.18527,1.00,1.00
2016.11.17 02:18:28.201,9.182,9.18527,1.00,1.00
2016.11.17 02:18:28.302,9.18187,9.18527,1.00,1.00
2016.11.17 02:18:28.893,9.18187,9.18526,1.00,1.00
2016.11.17 02:18:29.295,9.18178,9.18526,1.00,1.00
2016.11.17 02:18:29.398,9.18185,9.18526,1.00,1.00
2016.11.17 02:18:29.527,9.18175,9.18526,1.00,1.00
2016.11.17 02:18:30.103,9.1817,9.18526,1.00,1.50
2016.11.17 02:18:30.403,9.18165,9.18521,1.00,1.00
2016.11.17 02:18:30.904,9.18164,9.18516,1.00,1.00
2016.11.17 02:18:31.405,9.18164,9.18517,1.00,1.00
2016.11.17 02:18:31.505,9.18164,9.18519,1.00,1.00
2016.11.17 02:18:32.960,9.18164,9.18506,1.00,1.00
2016.11.17 02:18:33.765,9.18164,9.18519,1.00,1.00
2016.11.17 02:18:33.980,9.18164,9.18506,1.00,1.00
2016.11.17 02:18:34.609,9.18162,9.18506,1.00,1.00
2016.11.17 02:18:38.180,9.18162,9.18457,1.00,1.00
2016.11.17 02:18:39.217,9.1816,9.18457,1.00,1.00
2016.11.17 02:18:40.419,9.18153,9.18457,1.00,1.00
2016.11.17 02:18:41.420,9.18149,9.18457,1.00,1.00
2016.11.17 02:18:47.830,9.18155,9.18457,1.00,1.00
2016.11.17 02:18:48.174,9.18174,9.18477,1.00,1.00
2016.11.17 02:18:48.932,9.18178,9.18477,1.00,1.00
2016.11.17 02:18:49.933,9.18177,9.18477,1.00,1.00
2016.11.17 02:18:50.835,9.18173,9.18477,1.00,1.00
2016.11.17 02:18:53.690,9.18169,9.18477,1.00,1.00
2016.11.17 02:18:57.052,9.18164,9.18477,1.00,1.00
2016.11.17 02:18:58.190,9.18159,9.18477,1.00,1.00
2016.11.17 02:19:00.528,9.18153,9.18477,1.00,1.00
2016.11.17 02:19:00.580,9.18146,9.18477,1.00,1.00
2016.11.17 02:19:00.750,9.18141,9.18477,1.00,1.00
2016.11.17 02:19:01.451,9.18146,9.18477,1.00,1.00
2016.11.17 02:19:04.556,9.18142,9.18477,1.00,1.00
2016.11.17 02:19:04.693,9.18146,9.18477,1.00,1.00
2016.11.17 02:19:08.139,9.18146,9.18457,1.00,1.00
2016.11.17 02:19:08.265,9.18143,9.18457,1.00,1.00
2016.11.17 02:19:15.273,9.18128,9.18457,1.00,1.00
2016.11.17 02:19:15.415,9.18121,9.18447,1.00,1.50
2016.11.17 02:19:15.516,9.18099,9.18447,1.00,1.50
2016.11.17 02:19:15.642,9.18088,9.18442,1.00,1.00
2016.11.17 02:19:16.320,9.18098,9.18447,1.00,1.50
2016.11.17 02:19:16.475,9.18091,9.18445,1.00,1.00
2016.11.17 02:19:16.574,9.18098,9.18447,1.00,1.50
2016.11.17 02:19:17.275,9.18091,9.18444,1.00,1.00
2016.11.17 02:19:18.277,9.18085,9.18438,1.00,1.00
2016.11.17 02:19:19.055,9.18079,9.18422,1.00,1.00
2016.11.17 02:19:19.579,9.18074,9.18422,1.00,1.00
2016.11.17 02:19:22.483,9.18073,9.18422,1.00,1.00
2016.11.17 02:19:22.783,9.18079,9.18422,1.00,1.00
2016.11.17 02:19:23.184,9.18073,9.18422,1.00,1.00
2016.11.17 02:19:23.584,9.18079,9.18422,1.00,1.00
2016.11.17 02:19:23.785,9.18073,9.18422,1.00,1.00
2016.11.17 02:19:24.285,9.18079,9.18422,1.00,1.00
2016.11.17 02:19:25.289,9.18089,9.18422,1.00,1.00
2016.11.17 02:19:25.618,9.1808,9.18397,1.00,1.00
2016.11.17 02:19:26.291,9.18073,9.18397,1.00,1.00
2016.11.17 02:19:27.115,9.18078,9.18397,1.00,1.00
2016.11.17 02:19:27.291,9.18072,9.18397,1.00,1.00
2016.11.17 02:19:27.493,9.18079,9.18397,1.00,1.00
2016.11.17 02:19:32.500,9.18085,9.18397,1.00,1.00
2016.11.17 02:19:33.099,9.18082,9.18397,1.00,1.00
2016.11.17 02:19:34.702,9.18084,9.18397,1.00,1.00
2016.11.17 02:19:37.707,9.18078,9.18397,1.00,1.00
2016.11.17 02:19:37.809,9.18073,9.18397,1.00,1.00
2016.11.17 02:19:37.911,9.18067,9.18397,1.00,1.00
2016.11.17 02:19:38.708,9.18062,9.18397,1.00,1.00
2016.11.17 02:19:40.411,9.18066,9.18397,1.00,1.00
2016.11.17 02:19:40.764,9.18076,9.18397,1.00,1.00
2016.11.17 02:19:41.513,9.1808,9.18397,1.00,1.00
2016.11.17 02:19:42.315,9.18072,9.18397,1.00,1.00
2016.11.17 02:19:42.725,9.18067,9.18397,1.00,1.00
2016.11.17 02:19:43.317,9.18064,9.18397,1.00,1.00
2016.11.17 02:19:43.717,9.18058,9.18397,1.00,1.00
2016.11.17 02:19:44.234,9.18043,9.18396,1.00,1.00
2016.11.17 02:19:44.347,9.18034,9.18388,1.00,1.00
2016.11.17 02:19:44.916,9.18034,9.18367,1.00,1.00
2016.11.17 02:19:44.966,9.18026,9.18367,1.00,1.00
2016.11.17 02:19:45.220,9.18021,9.18367,1.00,1.00
2016.11.17 02:19:45.320,9.18027,9.18367,1.00,1.00
2016.11.17 02:19:45.921,9.18022,9.18367,1.00,1.00
2016.11.17 02:19:46.326,9.18026,9.18367,1.00,1.00
2016.11.17 02:19:49.160,9.18022,9.18367,1.00,1.00
2016.11.17 02:19:50.361,9.18041,9.18367,1.00,1.00
2016.11.17 02:19:52.562,9.18036,9.18367,1.00,1.00
2016.11.17 02:19:54.865,9.18036,9.18347,1.00,1.00
2016.11.17 02:19:55.834,9.18028,9.18347,1.00,1.00
2016.11.17 02:19:55.968,9.18018,9.18347,1.00,1.00
2016.11.17 02:19:56.936,9.18014,9.18347,1.00,1.00
2016.11.17 02:19:59.443,9.18027,9.18347,1.00,1.00
2016.11.17 02:20:00.440,9.18034,9.18347,1.00,1.00
2016.11.17 02:20:00.581,9.1803,9.18347,1.00,1.00
2016.11.17 02:20:00.741,9.18025,9.18347,1.00,1.00
2016.11.17 02:20:01.342,9.18014,9.18347,1.00,1.00
2016.11.17 02:20:01.645,9.18037,9.18347,1.00,1.00
2016.11.17 02:20:01.855,9.18029,9.18347,1.00,1.00
2016.11.17 02:20:02.644,9.18024,9.18347,1.00,1.00
2016.11.17 02:20:04.747,9.18023,9.18347,1.00,1.00
2016.11.17 02:20:06.950,9.18028,9.18347,1.00,1.00
2016.11.17 02:20:07.551,9.18022,9.18347,1.00,1.00
2016.11.17 02:20:09.354,9.18028,9.18347,1.00,1.00
2016.11.17 02:20:10.255,9.18022,9.18347,1.00,1.00
2016.11.17 02:20:10.456,9.18027,9.18347,1.00,1.00
2016.11.17 02:20:11.256,9.18031,9.18347,1.00,1.00
2016.11.17 02:20:11.768,9.18023,9.18347,1.00,1.00
2016.11.17 02:20:12.394,9.18034,9.18347,1.00,1.00
2016.11.17 02:20:12.910,9.18035,9.18347,1.00,1.00
2016.11.17 02:20:12.961,9.18024,9.18347,1.00,1.00
2016.11.17 02:20:13.460,9.1802,9.18347,1.00,1.00
2016.11.17 02:20:13.807,9.18045,9.18347,1.00,1.00
2016.11.17 02:20:13.908,9.18037,9.18347,1.00,1.00
2016.11.17 02:20:13.961,9.18046,9.18347,1.00,1.00
2016.11.17 02:20:14.903,9.18046,9.18377,1.00,1.00
2016.11.17 02:20:19.800,9.18045,9.18377,1.00,1.00
2016.11.17 02:20:21.974,9.18058,9.18377,1.00,1.00
2016.11.17 02:20:22.574,9.18059,9.18377,1.00,1.00
2016.11.17 02:20:22.916,9.1807,9.18377,1.00,1.00
2016.11.17 02:20:23.308,9.18085,9.18377,1.00,1.00
2016.11.17 02:20:24.224,9.18078,9.18377,1.00,1.00
2016.11.17 02:20:24.325,9.18089,9.18377,1.00,1.00
2016.11.17 02:20:24.865,9.18089,9.18407,1.00,1.00
2016.11.17 02:20:25.280,9.18082,9.18407,1.00,1.00
2016.11.17 02:20:25.381,9.18087,9.18407,1.00,1.00
2016.11.17 02:20:25.479,9.18082,9.18407,1.00,1.00
2016.11.17 02:20:26.781,9.18083,9.18407,1.00,1.00
2016.11.17 02:20:34.791,9.18085,9.18407,1.00,1.00
2016.11.17 02:20:35.353,9.18085,9.18397,1.00,1.00
2016.11.17 02:20:37.695,9.18086,9.18397,1.00,1.00
2016.11.17 02:20:37.945,9.18079,9.18397,1.00,1.00
2016.11.17 02:20:38.096,9.18071,9.18397,1.00,1.00
2016.11.17 02:20:38.296,9.18082,9.18397,1.00,1.00
2016.11.17 02:20:39.098,9.18077,9.18397,1.00,1.00
2016.11.17 02:20:42.602,9.18056,9.18397,1.00,1.00
2016.11.17 02:20:42.703,9.18031,9.18397,1.00,1.00
2016.11.17 02:20:42.754,9.18031,9.18376,1.00,1.00
2016.11.17 02:20:42.805,9.18024,9.18376,1.00,1.00
2016.11.17 02:20:43.646,9.18016,9.18374,1.00,1.00
2016.11.17 02:20:44.005,9.1801,9.18369,1.00,1.00
2016.11.17 02:20:45.708,9.18002,9.1836,1.00,1.00
2016.11.17 02:20:46.653,9.17986,9.18345,1.00,1.50
2016.11.17 02:20:46.704,9.17986,9.18337,1.00,1.00
2016.11.17 02:20:46.855,9.17958,9.18316,1.00,1.00
2016.11.17 02:20:47.711,9.17945,9.18304,1.00,1.00
2016.11.17 02:20:47.761,9.17945,9.18295,1.00,1.00
2016.11.17 02:20:47.812,9.17939,9.18295,1.00,1.00
2016.11.17 02:20:48.212,9.17931,9.18289,1.00,1.00
2016.11.17 02:20:48.812,9.17928,9.18286,1.00,1.00
2016.11.17 02:20:49.213,9.17933,9.1829,1.00,1.00
2016.11.17 02:20:50.245,9.17931,9.1829,1.00,1.00
2016.11.17 02:20:52.731,9.17931,9.18294,1.00,1.00
2016.11.17 02:20:54.322,9.17938,9.18295,1.00,1.00
2016.11.17 02:20:54.422,9.17933,9.18295,1.00,1.00
2016.11.17 02:20:54.987,9.17933,9.18257,1.00,1.00
2016.11.17 02:20:55.147,9.17928,9.18257,1.00,1.00
2016.11.17 02:21:04.987,9.17928,9.18237,1.00,1.00
2016.11.17 02:21:08.578,9.17905,9.18237,1.00,1.00
2016.11.17 02:21:08.680,9.17894,9.18237,1.00,1.00
2016.11.17 02:21:08.857,9.17884,9.18237,1.00,1.00
2016.11.17 02:21:09.550,9.17889,9.18237,1.00,1.00
2016.11.17 02:21:10.757,9.17885,9.18237,1.00,1.00
2016.11.17 02:21:10.857,9.17883,9.18237,1.00,1.00
2016.11.17 02:21:11.761,9.1788,9.18237,1.00,1.00
2016.11.17 02:21:14.171,9.17877,9.18237,1.00,1.00
2016.11.17 02:21:14.286,9.17865,9.18217,1.00,1.00
2016.11.17 02:21:14.387,9.17858,9.18217,1.00,1.00
2016.11.17 02:21:14.687,9.17847,9.18208,1.00,1.00
2016.11.17 02:21:14.867,9.17847,9.18189,1.00,1.00
2016.11.17 02:21:15.275,9.17842,9.18189,1.00,1.00
2016.11.17 02:21:16.277,9.1784,9.18189,1.00,1.00
2016.11.17 02:21:18.668,9.1784,9.18177,1.00,1.00
2016.11.17 02:21:19.891,9.17835,9.18177,1.00,1.00
2016.11.17 02:21:20.884,9.17834,9.18177,1.00,1.00
2016.11.17 02:21:22.113,9.17829,9.18177,1.00,1.00
2016.11.17 02:21:22.222,9.17812,9.18174,1.00,1.00
2016.11.17 02:21:22.273,9.17812,9.18156,1.00,1.00
2016.11.17 02:21:22.428,9.17795,9.18156,1.00,1.00
2016.11.17 02:21:22.841,9.17785,9.18151,1.00,1.00
2016.11.17 02:21:25.700,9.17785,9.18133,1.00,1.00
2016.11.17 02:21:26.895,9.17783,9.18133,1.00,1.00
2016.11.17 02:21:29.999,9.17782,9.18133,1.00,1.00
2016.11.17 02:21:30.800,9.17786,9.18133,1.00,1.00
2016.11.17 02:21:31.802,9.17787,9.18133,1.00,1.00
2016.11.17 02:21:32.327,9.17787,9.18117,1.00,1.00
2016.11.17 02:21:39.421,9.17758,9.18117,1.00,1.00
2016.11.17 02:21:39.472,9.17758,9.18112,1.00,1.00
2016.11.17 02:21:39.522,9.17748,9.18112,1.00,1.00
2016.11.17 02:21:39.624,9.17735,9.18087,1.00,1.00
2016.11.17 02:21:40.216,9.17718,9.18086,1.00,1.00
2016.11.17 02:21:40.744,9.17728,9.18087,1.00,1.00
2016.11.17 02:21:41.218,9.17732,9.18087,1.00,1.00
2016.11.17 02:21:42.320,9.17733,9.18087,1.00,1.00
2016.11.17 02:21:45.826,9.17732,9.18087,1.00,1.00
2016.11.17 02:21:46.689,9.17736,9.18087,1.00,1.00
2016.11.17 02:21:47.028,9.17738,9.18087,1.00,1.00
2016.11.17 02:21:49.451,9.17738,9.18077,1.00,1.00
2016.11.17 02:21:49.933,9.17736,9.18077,1.00,1.00
2016.11.17 02:21:53.638,9.17746,9.18077,1.00,1.00
2016.11.17 02:21:53.996,9.17776,9.18077,1.00,1.00
2016.11.17 02:21:54.097,9.17786,9.18126,1.00,1.00
2016.11.17 02:21:54.373,9.17799,9.18126,1.00,1.00
2016.11.17 02:21:55.461,9.17834,9.18126,1.00,1.00
2016.11.17 02:21:55.511,9.17834,9.18173,1.00,1.00
2016.11.17 02:21:55.562,9.17852,9.18177,1.00,1.00
2016.11.17 02:21:56.454,9.17854,9.18177,1.00,1.00
2016.11.17 02:21:57.458,9.17858,9.18177,1.00,1.00
2016.11.17 02:21:57.881,9.17849,9.18177,1.00,1.00
2016.11.17 02:21:57.982,9.17843,9.18177,1.00,1.00
2016.11.17 02:21:59.463,9.17837,9.18177,1.00,1.00
2016.11.17 02:21:59.792,9.17841,9.18177,1.00,1.00
2016.11.17 02:22:01.168,9.1784,9.18177,1.00,1.00
2016.11.17 02:22:01.681,9.17836,9.18177,1.00,1.00
2016.11.17 02:22:01.782,9.17868,9.18177,1.00,1.00
2016.11.17 02:22:02.674,9.17871,9.18177,1.00,1.00
2016.11.17 02:22:03.746,9.17871,9.18207,1.00,1.00
2016.11.17 02:22:04.259,9.17867,9.18207,1.00,1.00
2016.11.17 02:22:05.081,9.17864,9.18207,1.00,1.00
2016.11.17 02:22:05.985,9.17867,9.18207,1.00,1.00
2016.11.17 02:22:07.121,9.17864,9.18207,1.00,1.00
2016.11.17 02:22:08.092,9.17862,9.18207,1.00,1.00
2016.11.17 02:22:10.399,9.17858,9.18207,1.00,1.00
2016.11.17 02:22:11.418,9.17834,9.18181,1.00,1.00
2016.11.17 02:22:11.469,9.17813,9.18172,1.00,1.00
2016.11.17 02:22:11.591,9.17767,9.18135,1.00,1.00
2016.11.17 02:22:11.693,9.17767,9.18116,1.00,1.00
2016.11.17 02:22:12.408,9.17747,9.18116,1.00,1.50
2016.11.17 02:22:15.016,9.17758,9.18116,1.00,1.00
2016.11.17 02:22:15.114,9.17752,9.18116,1.00,1.00
2016.11.17 02:22:16.817,9.17747,9.18116,1.00,1.50
2016.11.17 02:22:19.416,9.17747,9.18087,1.00,1.00
2016.11.17 02:22:20.022,9.17751,9.18087,1.00,1.00
2016.11.17 02:22:21.926,9.17752,9.18087,1.00,1.00
2016.11.17 02:22:27.040,9.17751,9.18087,1.00,1.00
2016.11.17 02:22:37.261,9.17746,9.18087,1.00,1.00
2016.11.17 02:22:39.396,9.17746,9.18077,1.00,1.00
2016.11.17 02:22:42.328,9.17718,9.18077,1.00,1.00
2016.11.17 02:22:42.380,9.17705,9.18052,1.00,1.00
2016.11.17 02:22:42.666,9.17705,9.18071,1.00,1.00
2016.11.17 02:22:42.911,9.17727,9.18071,1.00,1.00
2016.11.17 02:22:43.280,9.17739,9.18071,1.00,1.00
2016.11.17 02:22:43.505,9.17739,9.18077,1.00,1.00
2016.11.17 02:22:44.130,9.17758,9.18077,1.00,1.00
2016.11.17 02:22:44.231,9.17752,9.18077,1.00,1.00
2016.11.17 02:22:45.083,9.17747,9.18077,1.00,1.00
2016.11.17 02:22:45.785,9.17742,9.18077,1.00,1.00
2016.11.17 02:22:45.886,9.1772,9.18077,1.00,1.00
2016.11.17 02:22:45.987,9.17729,9.18077,1.00,1.00
2016.11.17 02:22:46.088,9.17718,9.18068,1.00,1.00
2016.11.17 02:22:46.790,9.17708,9.18068,1.00,1.00
2016.11.17 02:22:49.196,9.17706,9.18068,1.00,1.00
2016.11.17 02:22:49.400,9.17706,9.18057,1.00,1.00
2016.11.17 02:22:52.420,9.17692,9.18046,1.00,1.00
2016.11.17 02:22:53.408,9.17706,9.18046,1.00,1.00
2016.11.17 02:22:54.270,9.17721,9.18057,1.00,1.00
2016.11.17 02:22:54.751,9.17724,9.18057,1.00,1.00
2016.11.17 02:22:56.115,9.17728,9.18057,1.00,1.00
2016.11.17 02:22:56.487,9.17733,9.18057,1.00,1.00
2016.11.17 02:22:57.073,9.17739,9.18057,1.00,1.00
2016.11.17 02:22:59.390,9.17739,9.18067,1.00,1.00
2016.11.17 02:23:00.027,9.17749,9.18067,1.00,1.00
2016.11.17 02:23:00.355,9.17755,9.18067,1.00,1.00
2016.11.17 02:23:01.189,9.17754,9.18067,1.00,1.00
2016.11.17 02:23:02.169,9.1775,9.18067,1.00,1.00
2016.11.17 02:23:02.236,9.17745,9.18067,1.00,1.00
2016.11.17 02:23:02.983,9.17732,9.18067,1.00,1.00
2016.11.17 02:23:03.239,9.17729,9.18067,1.00,1.00
2016.11.17 02:23:04.992,9.17727,9.18067,1.00,1.00
2016.11.17 02:23:09.399,9.17727,9.18047,1.00,1.00
2016.11.17 02:23:12.163,9.17723,9.18047,1.00,1.00
2016.11.17 02:23:13.967,9.17722,9.18047,1.00,1.00
2016.11.17 02:23:15.970,9.17724,9.18047,1.00,1.00
2016.11.17 02:23:16.171,9.17717,9.18047,1.00,1.00
2016.11.17 02:23:18.673,9.17724,9.18047,1.00,1.00
2016.11.17 02:23:19.374,9.1773,9.18047,1.00,1.00
2016.11.17 02:23:19.921,9.1773,9.18037,1.00,1.00
2016.11.17 02:23:20.376,9.17728,9.18037,1.00,1.00
2016.11.17 02:23:23.197,9.17734,9.18037,1.00,1.00
2016.11.17 02:23:23.594,9.17739,9.18037,1.00,1.00
2016.11.17 02:23:23.823,9.17718,9.18037,1.00,1.00
2016.11.17 02:23:24.123,9.17693,9.18037,1.00,1.00
2016.11.17 02:23:24.224,9.17682,9.18037,1.00,1.00
2016.11.17 02:23:29.415,9.17682,9.18007,1.00,1.00
2016.11.17 02:23:30.999,9.17685,9.18007,1.00,1.00
2016.11.17 02:23:42.045,9.17712,9.18007,1.00,1.00
2016.11.17 02:23:42.096,9.17712,9.18048,1.00,1.00
2016.11.17 02:23:42.241,9.17718,9.18057,1.00,1.00
2016.11.17 02:23:43.053,9.17722,9.18057,1.00,1.00
2016.11.17 02:23:45.131,9.17723,9.18057,1.00,1.00
2016.11.17 02:23:48.048,9.17728,9.18057,1.00,1.00
2016.11.17 02:23:48.828,9.17739,9.18057,1.00,1.00
2016.11.17 02:23:50.279,9.17742,9.18057,1.00,1.00
2016.11.17 02:23:51.580,9.17746,9.18057,1.00,1.00
2016.11.17 02:23:52.121,9.17746,9.18086,1.00,1.00
2016.11.17 02:23:53.146,9.17747,9.18086,1.00,1.00
2016.11.17 02:23:54.299,9.17748,9.18086,1.00,1.00
2016.11.17 02:24:00.644,9.17751,9.18086,1.00,1.00
2016.11.17 02:24:02.124,9.17751,9.18097,1.00,1.00
2016.11.17 02:24:02.872,9.1772,9.18087,1.50,1.00
2016.11.17 02:24:02.923,9.1772,9.18076,1.00,1.00
2016.11.17 02:24:02.974,9.17697,9.18058,1.00,1.00
2016.11.17 02:24:03.075,9.17674,9.18017,1.00,1.00
2016.11.17 02:24:03.126,9.17652,9.18017,1.00,1.00
2016.11.17 02:24:03.176,9.17652,9.18002,1.00,1.00
2016.11.17 02:24:03.278,9.17627,9.17994,1.00,1.00
2016.11.17 02:24:03.491,9.17627,9.1798,1.00,1.00
2016.11.17 02:24:04.050,9.17625,9.1798,1.00,1.00
2016.11.17 02:24:05.252,9.17627,9.1798,1.00,1.00
2016.11.17 02:24:08.056,9.17626,9.1798,1.00,1.00
2016.11.17 02:24:08.704,9.17626,9.17977,1.00,1.00
2016.11.17 02:24:10.070,9.17633,9.17977,1.00,1.00
2016.11.17 02:24:10.181,9.17617,9.17977,1.00,1.00
2016.11.17 02:24:10.385,9.17629,9.17977,1.00,1.00
2016.11.17 02:24:11.161,9.17623,9.17977,1.00,1.00
2016.11.17 02:24:12.262,9.17624,9.17977,1.00,1.00
2016.11.17 02:24:17.671,9.17617,9.17977,1.00,1.00
2016.11.17 02:24:18.707,9.17615,9.17977,1.00,1.00
2016.11.17 02:24:19.908,9.17612,9.17977,1.00,1.00
2016.11.17 02:24:27.286,9.17624,9.17977,1.00,1.00
2016.11.17 02:24:28.704,9.17624,9.17967,1.00,1.00
2016.11.17 02:24:30.513,9.1763,9.17967,1.00,1.00
2016.11.17 02:24:35.297,9.17628,9.17967,1.00,1.00
2016.11.17 02:24:36.600,9.17633,9.17967,1.00,1.00
2016.11.17 02:24:38.102,9.17619,9.17967,1.00,1.00
2016.11.17 02:24:38.704,9.17619,9.1798,1.00,1.00
2016.11.17 02:24:38.805,9.17614,9.1798,1.00,1.00
2016.11.17 02:24:41.306,9.17619,9.1798,1.00,1.00
2016.11.17 02:24:42.307,9.17639,9.1798,1.00,1.00
2016.11.17 02:24:46.113,9.17635,9.1798,1.00,1.00
2016.11.17 02:24:48.754,9.17635,9.17967,1.00,1.00
2016.11.17 02:24:49.092,9.17632,9.17967,1.00,1.00
2016.11.17 02:24:50.322,9.17635,9.17967,1.00,1.00
2016.11.17 02:24:52.341,9.17626,9.17967,1.00,1.00
2016.11.17 02:24:52.542,9.17619,9.17967,1.00,1.00
2016.11.17 02:24:52.743,9.17609,9.17967,1.00,1.00
2016.11.17 02:24:52.793,9.17609,9.17961,1.00,1.00
2016.11.17 02:24:52.844,9.17588,9.17961,1.00,1.00
2016.11.17 02:24:53.730,9.17584,9.17961,1.00,1.00
2016.11.17 02:24:55.347,9.17603,9.17961,1.00,1.00
2016.11.17 02:24:58.706,9.17603,9.17947,1.00,1.00
2016.11.17 02:25:01.673,9.17623,9.17947,1.00,1.00
2016.11.17 02:25:02.291,9.17645,9.17991,1.00,1.00
2016.11.17 02:25:02.342,9.17645,9.17997,1.00,1.00
2016.11.17 02:25:02.483,9.1766,9.17997,1.00,1.00
2016.11.17 02:25:03.070,9.17641,9.17997,1.00,1.00
2016.11.17 02:25:07.893,9.17668,9.17997,1.00,1.00
2016.11.17 02:25:08.145,9.17701,9.18047,1.00,1.00
2016.11.17 02:25:08.571,9.17687,9.18047,1.00,1.00
2016.11.17 02:25:08.872,9.17706,9.18047,1.00,1.00
2016.11.17 02:25:09.859,9.177,9.18047,1.00,1.00
2016.11.17 02:25:10.760,9.17699,9.18047,1.00,1.00
2016.11.17 02:25:13.064,9.17704,9.18047,1.00,1.00
2016.11.17 02:25:13.367,9.17734,9.18047,1.00,1.00
2016.11.17 02:25:13.772,9.17715,9.18047,1.00,1.00
2016.11.17 02:25:14.083,9.17715,9.18082,1.00,1.00
2016.11.17 02:25:14.568,9.1772,9.18082,1.00,1.00
2016.11.17 02:25:16.171,9.17722,9.18082,1.00,1.00
2016.11.17 02:25:17.374,9.17725,9.18082,1.00,1.00
2016.11.17 02:25:18.176,9.17721,9.18082,1.00,1.00
2016.11.17 02:25:23.185,9.17727,9.18082,1.00,1.00
2016.11.17 02:25:25.125,9.17708,9.18082,1.00,1.00
2016.11.17 02:25:25.226,9.17716,9.18082,1.00,1.00
2016.11.17 02:25:25.329,9.17708,9.18082,1.00,1.00
2016.11.17 02:25:25.536,9.17687,9.18052,1.00,1.00
2016.11.17 02:25:26.050,9.17704,9.18052,1.00,1.00
2016.11.17 02:25:27.796,9.17709,9.18052,1.00,1.00
2016.11.17 02:25:29.399,9.1771,9.18052,1.00,1.00
2016.11.17 02:25:30.232,9.17728,9.18052,1.00,1.00
2016.11.17 02:25:31.203,9.1773,9.18052,1.00,1.00
2016.11.17 02:25:33.208,9.17753,9.18052,1.00,1.00
2016.11.17 02:25:33.259,9.17753,9.18084,1.00,1.00
2016.11.17 02:25:33.310,9.17738,9.18084,1.00,1.00
2016.11.17 02:25:33.411,9.17738,9.18097,1.00,1.00
2016.11.17 02:25:33.512,9.1775,9.18097,1.00,1.00
2016.11.17 02:25:34.354,9.17746,9.18097,1.00,1.00
2016.11.17 02:25:35.634,9.17746,9.18087,1.00,1.00
2016.11.17 02:25:38.252,9.17758,9.18087,1.00,1.00
2016.11.17 02:25:44.338,9.17734,9.18078,1.00,1.00
2016.11.17 02:25:44.466,9.17726,9.18078,1.00,1.00
2016.11.17 02:25:44.820,9.17726,9.18056,1.00,1.00
2016.11.17 02:25:44.870,9.17716,9.18056,1.00,1.00
2016.11.17 02:25:45.327,9.1771,9.18056,1.00,1.00
2016.11.17 02:25:45.527,9.17719,9.18056,1.00,1.00
2016.11.17 02:25:45.578,9.17719,9.18079,1.00,1.00
2016.11.17 02:25:45.629,9.17719,9.18067,1.00,1.00
2016.11.17 02:25:45.728,9.17709,9.18067,1.00,1.00
2016.11.17 02:25:45.929,9.1772,9.18067,1.00,1.00
2016.11.17 02:25:46.329,9.17708,9.18067,1.00,1.00
2016.11.17 02:25:46.530,9.17727,9.18067,1.00,1.00
2016.11.17 02:25:49.836,9.17739,9.18067,1.00,1.00
2016.11.17 02:25:50.195,9.17753,9.18067,1.00,1.00
2016.11.17 02:25:50.838,9.17761,9.18067,1.00,1.00
2016.11.17 02:25:53.267,9.17748,9.18067,1.00,1.00
2016.11.17 02:25:53.342,9.17742,9.18067,1.00,1.00
2016.11.17 02:25:53.570,9.17761,9.18067,1.00,1.00
2016.11.17 02:25:54.354,9.17778,9.18067,1.00,1.00
2016.11.17 02:25:54.886,9.17764,9.18067,1.00,1.00
2016.11.17 02:25:55.590,9.17764,9.18107,1.00,1.00
2016.11.17 02:25:55.947,9.17759,9.18107,1.00,1.00
2016.11.17 02:25:57.488,9.17766,9.18107,1.00,1.00
2016.11.17 02:26:03.859,9.17754,9.18107,1.00,1.00
2016.11.17 02:26:04.064,9.17726,9.18106,1.50,1.00
2016.11.17 02:26:04.259,9.17726,9.18097,1.00,1.00
2016.11.17 02:26:05.583,9.17726,9.18077,1.00,1.00
2016.11.17 02:26:08.768,9.17736,9.18077,1.00,1.00
2016.11.17 02:26:09.073,9.17754,9.18077,1.00,1.00
2016.11.17 02:26:09.971,9.17755,9.18077,1.00,1.00
2016.11.17 02:26:20.126,9.17774,9.18077,1.00,1.00
2016.11.17 02:26:20.228,9.17766,9.18077,1.00,1.00
2016.11.17 02:26:20.329,9.17776,9.18077,1.00,1.00
2016.11.17 02:26:20.827,9.17789,9.18077,1.00,1.00
2016.11.17 02:26:23.294,9.1779,9.18077,1.00,1.00
2016.11.17 02:26:24.898,9.17794,9.18077,1.00,1.00
2016.11.17 02:26:25.633,9.17794,9.18097,1.00,1.00
2016.11.17 02:26:25.812,9.1781,9.18097,1.00,1.00
2016.11.17 02:26:26.269,9.17833,9.18097,1.00,1.00
2016.11.17 02:26:26.902,9.1783,9.18097,1.00,1.00
2016.11.17 02:26:27.554,9.1783,9.18147,1.00,1.00
2016.11.17 02:26:27.708,9.17835,9.18147,1.00,1.00
2016.11.17 02:26:33.041,9.17829,9.18147,1.00,1.00
2016.11.17 02:26:33.248,9.1782,9.18147,1.00,1.00
2016.11.17 02:26:34.259,9.17819,9.18147,1.00,1.00
2016.11.17 02:26:34.315,9.17812,9.18147,1.00,1.00
2016.11.17 02:26:34.459,9.17799,9.18147,1.00,1.00
2016.11.17 02:26:35.360,9.17794,9.18147,1.00,1.00
2016.11.17 02:26:37.504,9.17794,9.18117,1.00,1.00
2016.11.17 02:26:38.327,9.178,9.18117,1.00,1.00
2016.11.17 02:26:44.331,9.17806,9.18117,1.00,1.00
2016.11.17 02:26:44.690,9.17826,9.18117,1.00,1.00
2016.11.17 02:26:45.328,9.17838,9.18117,1.00,1.00
2016.11.17 02:26:46.334,9.17839,9.18117,1.00,1.00
2016.11.17 02:26:47.527,9.17839,9.18147,1.00,1.00
2016.11.17 02:26:49.339,9.17831,9.18147,1.00,1.00
2016.11.17 02:26:53.346,9.17843,9.18147,1.00,1.00
2016.11.17 02:26:59.865,9.17824,9.18147,1.00,1.00
2016.11.17 02:27:01.464,9.17827,9.18147,1.00,1.00
2016.11.17 02:27:02.302,9.17846,9.18147,1.00,1.00
2016.11.17 02:27:02.403,9.17825,9.18147,1.00,1.00
2016.11.17 02:27:02.504,9.17844,9.18147,1.00,1.00
2016.11.17 02:27:02.815,9.17856,9.18147,1.00,1.00
2016.11.17 02:27:04.669,9.1786,9.18147,1.00,1.00
2016.11.17 02:27:05.506,9.17856,9.18147,1.00,1.00
2016.11.17 02:27:06.284,9.17892,9.18197,1.00,1.00
2016.11.17 02:27:06.385,9.17909,9.18197,1.00,1.00
2016.11.17 02:27:07.511,9.17917,9.18197,1.00,1.00
2016.11.17 02:27:08.377,9.17919,9.18197,1.00,1.00
2016.11.17 02:27:09.305,9.1792,9.18197,1.00,1.00
2016.11.17 02:27:16.534,9.17914,9.18197,1.00,1.00
2016.11.17 02:27:20.602,9.17912,9.18197,1.00,1.00
2016.11.17 02:27:26.296,9.17912,9.18187,1.00,1.00
2016.11.17 02:27:28.433,9.17918,9.18187,1.00,1.00
2016.11.17 02:27:29.468,9.17919,9.18187,1.00,1.00
2016.11.17 02:27:34.245,9.17915,9.18187,1.00,1.00
2016.11.17 02:27:36.252,9.17915,9.18217,1.00,1.00
2016.11.17 02:27:46.252,9.17915,9.18207,1.00,1.00
2016.11.17 02:27:56.251,9.17915,9.18217,1.00,1.00
2016.11.17 02:28:06.701,9.17907,9.18217,1.00,1.00
2016.11.17 02:28:06.815,9.179,9.18217,1.00,1.00
2016.11.17 02:28:07.517,9.17894,9.18217,1.00,1.00
2016.11.17 02:28:07.605,9.17886,9.18217,1.00,1.00
2016.11.17 02:28:07.706,9.17877,9.18217,1.00,1.00
2016.11.17 02:28:16.251,9.17877,9.18147,1.00,1.00
2016.11.17 02:28:17.087,9.17876,9.18147,1.00,1.00
2016.11.17 02:28:20.727,9.17875,9.18147,1.00,1.00
2016.11.17 02:28:25.468,9.17875,9.18146,1.00,1.00
2016.11.17 02:28:26.251,9.17875,9.18157,1.00,1.00
2016.11.17 02:28:26.871,9.17879,9.18157,1.00,1.00
2016.11.17 02:28:27.840,9.1788,9.18157,1.00,1.00
2016.11.17 02:28:31.546,9.17878,9.18157,1.00,1.00
2016.11.17 02:28:33.350,9.17873,9.18157,1.00,1.00
2016.11.17 02:28:33.451,9.17869,9.18157,1.00,1.00
2016.11.17 02:28:35.753,9.1787,9.18157,1.00,1.00
2016.11.17 02:28:36.153,9.17867,9.18157,1.00,1.00
2016.11.17 02:28:36.254,9.17867,9.18167,1.00,1.00
2016.11.17 02:28:37.133,9.17866,9.18167,1.00,1.00
2016.11.17 02:28:39.959,9.1787,9.18167,1.00,1.00
2016.11.17 02:28:40.962,9.17871,9.18167,1.00,1.00
2016.11.17 02:28:46.251,9.17871,9.18177,1.00,1.00
2016.11.17 02:28:47.087,9.17872,9.18177,1.00,1.00
2016.11.17 02:28:50.780,9.1787,9.18177,1.00,1.00
2016.11.17 02:28:53.587,9.17852,9.18177,1.00,1.00
2016.11.17 02:29:01.606,9.17853,9.18177,1.00,1.00
2016.11.17 02:29:04.816,9.17872,9.18177,1.00,1.00
2016.11.17 02:29:06.251,9.17872,9.18176,1.00,1.00
2016.11.17 02:29:10.949,9.17868,9.18176,1.00,1.00
2016.11.17 02:29:11.029,9.17851,9.18176,1.00,1.00
2016.11.17 02:29:11.430,9.17834,9.18176,1.00,1.00
2016.11.17 02:29:12.040,9.1783,9.18176,1.00,1.00
2016.11.17 02:29:12.833,9.17818,9.18176,1.00,1.00
2016.11.17 02:29:15.439,9.1782,9.18176,1.00,1.00
2016.11.17 02:29:15.940,9.1781,9.18176,1.00,1.00
2016.11.17 02:29:16.063,9.17815,9.18176,1.00,1.00
2016.11.17 02:29:16.742,9.17824,9.18157,1.00,1.00
2016.11.17 02:29:17.088,9.1783,9.18157,1.00,1.00
2016.11.17 02:29:18.792,9.17855,9.18157,1.00,1.00
2016.11.17 02:29:19.306,9.17863,9.18157,1.00,1.00
2016.11.17 02:29:19.781,9.17866,9.18157,1.00,1.00
2016.11.17 02:29:19.882,9.17866,9.18207,1.00,1.00
2016.11.17 02:29:19.992,9.17876,9.18207,1.00,1.00
2016.11.17 02:29:20.636,9.17885,9.18207,1.00,1.00
2016.11.17 02:29:20.951,9.1788,9.18207,1.00,1.00
2016.11.17 02:29:23.156,9.17886,9.18207,1.00,1.00
2016.11.17 02:29:23.519,9.1789,9.18207,1.00,1.00
2016.11.17 02:29:29.913,9.1789,9.18217,1.00,1.00
2016.11.17 02:29:31.270,9.17886,9.18217,1.00,1.00
2016.11.17 02:29:33.174,9.1789,9.18217,1.00,1.00
2016.11.17 02:29:33.859,9.17905,9.18217,1.00,1.00
2016.11.17 02:29:33.911,9.17917,9.18264,1.00,1.00
2016.11.17 02:29:34.012,9.17931,9.18267,1.00,1.00
2016.11.17 02:29:34.518,9.17964,9.18267,1.00,1.00
2016.11.17 02:29:35.079,9.17969,9.18267,1.00,1.00
2016.11.17 02:29:38.690,9.17963,9.18267,1.00,1.00
2016.11.17 02:29:40.335,9.17968,9.18267,1.00,1.00
2016.11.17 02:29:40.637,9.17994,9.18267,1.00,1.00
2016.11.17 02:29:41.136,9.18007,9.18267,1.00,1.00
2016.11.17 02:29:42.110,9.18008,9.18267,1.00,1.00
2016.11.17 02:29:43.954,9.18008,9.18307,1.00,1.00
2016.11.17 02:29:44.543,9.17997,9.18307,1.00,1.00
2016.11.17 02:29:44.644,9.17995,9.18307,1.00,1.00
2016.11.17 02:29:45.610,9.17993,9.18307,1.00,1.00
2016.11.17 02:29:45.945,9.17998,9.18307,1.00,1.00
2016.11.17 02:29:46.647,9.18,9.18307,1.00,1.00
2016.11.17 02:29:50.024,9.17989,9.18307,1.00,1.00
2016.11.17 02:29:50.326,9.17976,9.18307,1.00,1.00
2016.11.17 02:29:50.451,9.17962,9.18307,1.00,1.00
2016.11.17 02:29:50.652,9.17948,9.18307,1.00,1.00
2016.11.17 02:29:50.703,9.17948,9.18287,1.00,1.00
2016.11.17 02:29:51.429,9.17945,9.18287,1.00,1.00
2016.11.17 02:29:52.143,9.17929,9.18287,1.00,1.00
2016.11.17 02:29:52.360,9.17919,9.18284,1.00,1.00
2016.11.17 02:29:52.935,9.17927,9.18287,1.00,1.00
2016.11.17 02:29:53.937,9.17944,9.18287,1.00,1.00
2016.11.17 02:30:00.764,9.17944,9.18237,1.00,1.00
2016.11.17 02:30:01.755,9.17945,9.18237,1.00,1.00
2016.11.17 02:30:02.962,9.17941,9.18237,1.00,1.00
2016.11.17 02:30:03.964,9.17939,9.18237,1.00,1.00
2016.11.17 02:30:05.079,9.17945,9.18237,1.00,1.00
2016.11.17 02:30:10.790,9.17945,9.18246,1.00,1.00
2016.11.17 02:30:10.913,9.17953,9.18246,1.00,1.00
2016.11.17 02:30:12.028,9.17968,9.18246,1.00,1.00
2016.11.17 02:30:15.596,9.17937,9.18246,1.00,1.00
2016.11.17 02:30:15.898,9.17922,9.18246,1.00,1.00
2016.11.17 02:30:16.599,9.17927,9.18246,1.00,1.00
2016.11.17 02:30:16.900,9.17924,9.18246,1.00,1.00
2016.11.17 02:30:20.756,9.17924,9.18237,1.00,1.00
2016.11.17 02:30:30.127,9.17917,9.18237,1.00,1.00
2016.11.17 02:30:30.229,9.17903,9.18237,1.00,1.00
2016.11.17 02:30:30.330,9.17891,9.18237,1.00,1.00
2016.11.17 02:30:30.756,9.17891,9.18227,1.00,1.00
2016.11.17 02:30:31.270,9.17885,9.18227,1.00,1.00
2016.11.17 02:30:32.030,9.1789,9.18227,1.00,1.00
2016.11.17 02:30:32.581,9.17896,9.18227,1.00,1.00
2016.11.17 02:30:33.533,9.17906,9.18227,1.00,1.00
2016.11.17 02:30:34.135,9.17896,9.18227,1.00,1.00
2016.11.17 02:30:34.435,9.17885,9.18227,1.00,1.00
2016.11.17 02:30:39.043,9.17895,9.18227,1.00,1.00
2016.11.17 02:30:39.674,9.17899,9.18227,1.00,1.00
2016.11.17 02:30:40.345,9.1789,9.18227,1.00,1.00
2016.11.17 02:30:40.779,9.1789,9.18207,1.00,1.00
2016.11.17 02:30:41.391,9.17889,9.18207,1.00,1.00
2016.11.17 02:30:41.648,9.17885,9.18207,1.00,1.00
2016.11.17 02:30:46.858,9.17883,9.18207,1.00,1.00
2016.11.17 02:30:47.671,9.17851,9.18198,1.00,1.00
2016.11.17 02:30:47.801,9.17836,9.18198,1.00,1.00
2016.11.17 02:30:49.000,9.17846,9.18198,1.00,1.00
2016.11.17 02:30:49.313,9.17854,9.18198,1.00,1.00
2016.11.17 02:30:51.075,9.17856,9.18198,1.00,1.00
2016.11.17 02:30:55.006,9.17865,9.18198,1.00,1.00
2016.11.17 02:30:55.827,9.17869,9.18198,1.00,1.00
2016.11.17 02:30:56.567,9.17873,9.18198,1.00,1.00
2016.11.17 02:30:57.726,9.17891,9.18207,1.00,1.00
2016.11.17 02:30:57.776,9.17891,9.18225,1.00,1.00
2016.11.17 02:30:57.827,9.17898,9.18225,1.00,1.00
2016.11.17 02:30:58.201,9.17911,9.18225,1.00,1.00
2016.11.17 02:30:58.252,9.179,9.18225,1.00,1.00
2016.11.17 02:30:58.353,9.17906,9.18237,1.00,1.00
2016.11.17 02:31:01.013,9.17912,9.18237,1.00,1.00
2016.11.17 02:31:01.616,9.17907,9.18237,1.00,1.00
2016.11.17 02:31:01.756,9.179,9.18237,1.00,1.00
2016.11.17 02:31:01.957,9.17878,9.1822,1.00,1.00
2016.11.17 02:31:02.017,9.1786,9.18218,1.00,1.00
2016.11.17 02:31:03.022,9.17859,9.18215,1.00,1.00
2016.11.17 02:31:06.036,9.17863,9.1822,1.00,1.00
2016.11.17 02:31:07.645,9.17875,9.1822,1.00,1.00
2016.11.17 02:31:08.696,9.17876,9.1822,1.00,1.00
2016.11.17 02:31:09.651,9.17871,9.1822,1.00,1.00
2016.11.17 02:31:09.952,9.17867,9.1822,1.00,1.00
2016.11.17 02:31:16.963,9.17868,9.1822,1.00,1.00
2016.11.17 02:31:21.068,9.17866,9.1822,1.00,1.00
2016.11.17 02:31:43.108,9.1787,9.1822,1.00,1.00
2016.11.17 02:31:44.012,9.17849,9.18206,1.00,1.00
2016.11.17 02:31:44.113,9.17834,9.18193,1.00,1.00
2016.11.17 02:31:45.013,9.17826,9.18186,1.00,1.00
2016.11.17 02:31:45.114,9.17823,9.18181,1.00,1.00
2016.11.17 02:31:45.615,9.17831,9.18181,1.00,1.00
2016.11.17 02:31:47.018,9.17829,9.18181,1.00,1.00
2016.11.17 02:31:49.023,9.17807,9.18181,1.00,1.00
2016.11.17 02:31:53.933,9.17829,9.18181,1.00,1.00
2016.11.17 02:31:54.741,9.17829,9.18177,1.00,1.00
2016.11.17 02:31:55.837,9.17835,9.18177,1.00,1.00
2016.11.17 02:31:56.940,9.17829,9.18177,1.00,1.00
2016.11.17 02:31:58.645,9.17808,9.18172,1.00,1.00
2016.11.17 02:31:59.560,9.17798,9.18162,1.00,1.00
2016.11.17 02:32:00.430,9.17798,9.18153,1.00,1.00
2016.11.17 02:32:00.549,9.17796,9.18153,1.00,1.00
2016.11.17 02:32:02.078,9.17794,9.18153,1.00,1.00
2016.11.17 02:32:04.842,9.17794,9.18147,1.00,1.00
2016.11.17 02:32:09.067,9.17798,9.18147,1.00,1.00
2016.11.17 02:32:17.082,9.17794,9.18147,1.00,1.00
2016.11.17 02:32:21.191,9.17806,9.18147,1.00,1.00
2016.11.17 02:32:21.692,9.17804,9.18147,1.00,1.00
2016.11.17 02:32:24.097,9.17805,9.18147,1.00,1.00
2016.11.17 02:32:24.792,9.17805,9.18153,1.00,1.00
2016.11.17 02:32:26.203,9.17793,9.18143,1.00,1.00
2016.11.17 02:32:26.320,9.17783,9.18133,1.00,1.00
2016.11.17 02:32:26.795,9.17783,9.18125,1.00,1.00
2016.11.17 02:32:26.847,9.17772,9.18122,1.00,1.00
2016.11.17 02:32:27.205,9.17766,9.18116,1.00,1.00
2016.11.17 02:32:28.108,9.17777,9.18125,1.00,1.00
2016.11.17 02:32:28.253,9.17772,9.18122,1.00,1.00
2016.11.17 02:32:29.149,9.17768,9.18123,1.00,1.00
2016.11.17 02:32:29.749,9.17775,9.18125,1.00,1.00
2016.11.17 02:32:31.557,9.17787,9.18125,1.00,1.00
2016.11.17 02:32:31.666,9.17793,9.18146,1.00,1.00
2016.11.17 02:32:32.059,9.17801,9.18146,1.00,1.00
2016.11.17 02:32:32.370,9.17813,9.18146,1.00,1.00
2016.11.17 02:32:34.048,9.17821,9.18146,1.00,1.00
2016.11.17 02:32:35.207,9.17825,9.18147,1.00,1.00
2016.11.17 02:32:36.270,9.17828,9.18147,1.00,1.00
2016.11.17 02:32:36.766,9.17822,9.18167,1.00,1.00
2016.11.17 02:32:37.267,9.17826,9.18167,1.00,1.00
2016.11.17 02:32:38.834,9.17841,9.18167,1.00,1.00
2016.11.17 02:32:39.137,9.17863,9.18167,1.00,1.00
2016.11.17 02:32:39.964,9.17866,9.18167,1.00,1.00
2016.11.17 02:32:41.640,9.1786,9.18167,1.00,1.00
2016.11.17 02:32:41.741,9.17855,9.18167,1.00,1.00
2016.11.17 02:32:43.143,9.1786,9.18167,1.00,1.00
2016.11.17 02:32:43.810,9.1786,9.18196,1.00,1.00
2016.11.17 02:32:43.860,9.17905,9.18219,1.00,1.00
2016.11.17 02:32:43.911,9.17905,9.18227,1.00,1.00
2016.11.17 02:32:44.846,9.17903,9.18227,1.00,1.00
2016.11.17 02:32:47.151,9.17902,9.18227,1.00,1.00
2016.11.17 02:32:47.953,9.1789,9.18227,1.00,1.00
2016.11.17 02:32:48.956,9.17894,9.18227,1.00,1.00
2016.11.17 02:32:49.696,9.17874,9.18227,1.00,1.00
2016.11.17 02:32:49.847,9.17874,9.18224,1.00,1.00
2016.11.17 02:32:49.987,9.1787,9.18224,1.00,1.00
2016.11.17 02:32:50.960,9.17869,9.18224,1.00,1.00
2016.11.17 02:32:51.963,9.17867,9.18223,1.00,1.00
2016.11.17 02:32:52.966,9.17866,9.1822,1.00,1.00
2016.11.17 02:32:53.778,9.17866,9.18207,1.00,1.00
2016.11.17 02:32:54.316,9.17865,9.18207,1.00,1.00
2016.11.17 02:32:54.970,9.17863,9.18207,1.00,1.00
2016.11.17 02:32:55.172,9.17879,9.18207,1.00,1.00
2016.11.17 02:32:55.597,9.1789,9.18207,1.00,1.00
2016.11.17 02:32:56.775,9.17861,9.18207,1.00,1.00
2016.11.17 02:32:57.278,9.17878,9.18207,1.00,1.00
2016.11.17 02:32:57.603,9.17895,9.18207,1.00,1.00
2016.11.17 02:32:58.280,9.17898,9.18207,1.00,1.00
2016.11.17 02:32:58.638,9.179,9.18207,1.00,1.00
2016.11.17 02:33:01.191,9.17901,9.18207,1.00,1.00
2016.11.17 02:33:01.689,9.17904,9.18207,1.00,1.00
2016.11.17 02:33:02.738,9.17906,9.18207,1.00,1.00
2016.11.17 02:33:03.828,9.17906,9.18243,1.00,1.00
2016.11.17 02:33:04.997,9.179,9.18243,1.00,1.00
2016.11.17 02:33:05.049,9.179,9.18253,1.00,1.00
2016.11.17 02:33:05.100,9.17947,9.18292,1.00,1.00
2016.11.17 02:33:05.252,9.17947,9.18297,1.00,1.00
2016.11.17 02:33:05.821,9.17962,9.18297,1.00,1.00
2016.11.17 02:33:06.135,9.17954,9.18297,1.00,1.00
2016.11.17 02:33:06.300,9.17959,9.18297,1.00,1.00
2016.11.17 02:33:07.002,9.17954,9.18297,1.00,1.00
2016.11.17 02:33:07.103,9.17959,9.18297,1.00,1.00
2016.11.17 02:33:11.146,9.17975,9.18297,1.00,1.00
2016.11.17 02:33:11.412,9.17961,9.18297,1.00,1.00
2016.11.17 02:33:12.314,9.17957,9.18297,1.00,1.00
2016.11.17 02:33:12.415,9.17964,9.18297,1.00,1.00
2016.11.17 02:33:12.816,9.17985,9.18297,1.00,1.00
2016.11.17 02:33:12.867,9.17985,9.18332,1.00,1.00
2016.11.17 02:33:13.017,9.17996,9.18332,1.00,1.00
2016.11.17 02:33:18.537,9.18012,9.18347,1.00,1.00
2016.11.17 02:33:19.269,9.18034,9.18347,1.00,1.00
2016.11.17 02:33:19.713,9.18045,9.18347,1.00,1.00
2016.11.17 02:33:19.764,9.18041,9.18347,1.00,1.00
2016.11.17 02:33:20.735,9.18036,9.18347,1.00,1.00
2016.11.17 02:33:21.176,9.18044,9.18347,1.00,1.00
2016.11.17 02:33:22.139,9.18045,9.18347,1.00,1.00
2016.11.17 02:33:22.848,9.18045,9.18387,1.00,1.00
2016.11.17 02:33:24.184,9.18054,9.18387,1.00,1.00
2016.11.17 02:33:25.445,9.1806,9.18387,1.00,1.00
2016.11.17 02:33:25.554,9.18055,9.18387,1.00,1.00
2016.11.17 02:33:28.084,9.18057,9.18387,1.00,1.00
2016.11.17 02:33:29.365,9.18032,9.18373,1.00,1.00
2016.11.17 02:33:29.477,9.18011,9.18374,1.00,1.00
2016.11.17 02:33:29.578,9.18014,9.18354,1.00,1.00
2016.11.17 02:33:30.360,9.18005,9.18346,1.00,1.00
2016.11.17 02:33:30.461,9.17999,9.18341,1.00,1.00
2016.11.17 02:33:30.702,9.17999,9.18331,1.00,1.00
2016.11.17 02:33:32.164,9.18,9.18331,1.00,1.00
2016.11.17 02:33:34.318,9.1799,9.18331,1.00,1.50
2016.11.17 02:33:34.419,9.17995,9.18331,1.00,1.00
2016.11.17 02:33:34.870,9.18003,9.18331,1.00,1.00
2016.11.17 02:33:35.893,9.18004,9.18331,1.00,1.00
2016.11.17 02:33:36.822,9.18003,9.18331,1.00,1.00
2016.11.17 02:33:47.227,9.18004,9.18331,1.00,1.00
2016.11.17 02:33:51.405,9.18026,9.18362,1.00,1.00
2016.11.17 02:33:51.511,9.18014,9.18356,1.00,1.00
2016.11.17 02:33:51.714,9.18031,9.18362,1.00,1.00
2016.11.17 02:33:52.100,9.18043,9.18362,1.00,1.00
2016.11.17 02:33:54.443,9.18051,9.18362,1.00,1.00
2016.11.17 02:33:55.206,9.18048,9.18362,1.00,1.00
2016.11.17 02:33:58.608,9.18048,9.18385,1.00,1.00
2016.11.17 02:34:00.753,9.18044,9.18385,1.00,1.00
2016.11.17 02:34:01.244,9.18042,9.18385,1.00,1.00
2016.11.17 02:34:01.555,9.18038,9.18383,1.00,1.00
2016.11.17 02:34:01.956,9.18029,9.18374,1.00,1.00
2016.11.17 02:34:02.514,9.18005,9.18337,1.00,1.00
2016.11.17 02:34:06.420,9.18006,9.18337,1.00,1.00
2016.11.17 02:34:09.526,9.1802,9.18337,1.00,1.00
2016.11.17 02:34:09.726,9.18008,9.18337,1.00,1.00
2016.11.17 02:34:09.866,9.18008,9.18356,1.00,1.00
2016.11.17 02:34:10.527,9.1801,9.18358,1.00,1.00
2016.11.17 02:34:14.237,9.18034,9.18361,1.00,1.00
2016.11.17 02:34:14.490,9.18045,9.18377,1.00,1.00
2016.11.17 02:34:17.289,9.18042,9.18377,1.00,1.00
2016.11.17 02:34:18.342,9.18022,9.18377,1.00,1.50
2016.11.17 02:34:18.393,9.18022,9.18364,1.00,1.00
2016.11.17 02:34:18.443,9.18017,9.18364,1.00,1.00
2016.11.17 02:34:18.878,9.18007,9.18355,1.00,1.00
2016.11.17 02:34:21.492,9.18007,9.18338,1.00,1.00
2016.11.17 02:34:25.206,9.18007,9.18327,1.00,1.00
2016.11.17 02:34:35.206,9.18007,9.18337,1.00,1.00
2016.11.17 02:34:48.906,9.18012,9.18337,1.00,1.00
2016.11.17 02:34:49.155,9.18043,9.18386,1.00,1.50
2016.11.17 02:34:50.113,9.1805,9.18386,1.00,1.50
2016.11.17 02:34:51.537,9.18049,9.18386,1.00,1.50
2016.11.17 02:34:56.287,9.18044,9.18386,1.00,1.50
2016.11.17 02:34:57.778,9.1804,9.18385,1.00,1.00
2016.11.17 02:34:58.274,9.18044,9.18386,1.00,1.50
2016.11.17 02:34:59.106,9.18044,9.18377,1.00,1.00
2016.11.17 02:35:02.381,9.18043,9.18377,1.00,1.00
2016.11.17 02:35:02.603,9.18027,9.18367,1.00,1.00
2016.11.17 02:35:02.792,9.18016,9.1836,1.00,1.00
2016.11.17 02:35:02.906,9.18004,9.18348,1.00,1.00
2016.11.17 02:35:05.847,9.18004,9.18332,1.00,1.00
2016.11.17 02:35:06.582,9.18006,9.18332,1.00,1.00
2016.11.17 02:35:09.392,9.18005,9.18332,1.00,1.00
2016.11.17 02:35:13.001,9.18006,9.18332,1.00,1.00
2016.11.17 02:35:13.603,9.17997,9.18332,1.00,1.00
2016.11.17 02:35:16.327,9.17962,9.18316,1.00,1.00
2016.11.17 02:35:16.428,9.17959,9.18332,1.00,1.00
2016.11.17 02:35:16.630,9.17971,9.18332,1.00,1.00
2016.11.17 02:35:17.013,9.17971,9.18313,1.00,1.00
2016.11.17 02:35:17.613,9.17972,9.18313,1.00,1.00
2016.11.17 02:35:17.939,9.17995,9.18333,1.00,1.00
2016.11.17 02:35:18.618,9.18001,9.18333,1.00,1.00
2016.11.17 02:35:21.202,9.18001,9.18347,1.00,1.00
2016.11.17 02:35:21.624,9.17997,9.18347,1.00,1.00
2016.11.17 02:35:23.930,9.18002,9.18347,1.00,1.00
2016.11.17 02:35:24.431,9.18001,9.18347,1.00,1.00
2016.11.17 02:35:29.108,9.18001,9.18337,1.00,1.00
2016.11.17 02:35:36.658,9.17999,9.18337,1.00,1.00
2016.11.17 02:35:37.059,9.18004,9.18337,1.00,1.00
2016.11.17 02:35:38.061,9.18005,9.18337,1.00,1.00
2016.11.17 02:35:38.665,9.17997,9.18337,1.00,1.00
2016.11.17 02:35:49.142,9.17997,9.18327,1.00,1.00
2016.11.17 02:35:50.588,9.17986,9.18327,1.00,1.00
2016.11.17 02:35:50.699,9.17976,9.18327,1.00,1.50
2016.11.17 02:35:50.789,9.17994,9.18327,1.00,1.00
2016.11.17 02:35:51.690,9.18001,9.18327,1.00,1.00
2016.11.17 02:35:53.945,9.17996,9.18327,1.00,1.00
2016.11.17 02:35:54.469,9.17997,9.18327,1.00,1.00
2016.11.17 02:35:55.396,9.17996,9.18327,1.00,1.00
2016.11.17 02:35:59.108,9.17996,9.18337,1.00,1.00
2016.11.17 02:36:02.510,9.17995,9.18337,1.00,1.00
2016.11.17 02:36:03.324,9.18008,9.18337,1.00,1.00
2016.11.17 02:36:03.412,9.18003,9.18337,1.00,1.00
2016.11.17 02:36:03.734,9.18008,9.18337,1.00,1.00
2016.11.17 02:36:04.320,9.18038,9.18337,1.00,1.00
2016.11.17 02:36:04.922,9.18042,9.18337,1.00,1.00
2016.11.17 02:36:06.721,9.18041,9.18337,1.00,1.00
2016.11.17 02:36:09.209,9.18038,9.18367,1.00,1.00
2016.11.17 02:36:09.754,9.18037,9.18367,1.00,1.00
2016.11.17 02:36:10.829,9.18042,9.18367,1.00,1.00
2016.11.17 02:36:11.647,9.18064,9.18367,1.00,1.00
2016.11.17 02:36:11.964,9.18073,9.18367,1.00,1.00
2016.11.17 02:36:12.015,9.18073,9.18407,1.00,1.00
2016.11.17 02:36:12.066,9.18084,9.18407,1.00,1.00
2016.11.17 02:36:12.334,9.18092,9.18417,1.00,1.00
2016.11.17 02:36:13.035,9.18083,9.18417,1.00,1.00
2016.11.17 02:36:14.039,9.18084,9.18417,1.00,1.00
2016.11.17 02:36:14.253,9.18077,9.18417,1.00,1.00
2016.11.17 02:36:14.370,9.18064,9.18414,1.00,1.00
2016.11.17 02:36:14.425,9.18064,9.18404,1.00,1.00
2016.11.17 02:36:15.341,9.18066,9.18404,1.00,1.00
2016.11.17 02:36:17.545,9.18063,9.18404,1.00,1.00
2016.11.17 02:36:18.146,9.18067,9.18404,1.00,1.00
2016.11.17 02:36:18.963,9.18061,9.18404,1.00,1.00
2016.11.17 02:36:19.794,9.18049,9.18399,1.00,1.00
2016.11.17 02:36:19.967,9.18039,9.18389,1.00,1.00
2016.11.17 02:36:21.988,9.18039,9.18367,1.00,1.00
2016.11.17 02:36:31.869,9.18032,9.18367,1.00,1.00
2016.11.17 02:36:31.989,9.18032,9.18337,1.00,1.00
2016.11.17 02:36:40.419,9.18038,9.18337,1.00,1.00
2016.11.17 02:36:41.988,9.18038,9.18326,1.00,1.00
2016.11.17 02:36:44.396,9.18044,9.18326,1.00,1.00
2016.11.17 02:36:51.988,9.18044,9.18327,1.00,1.00
2016.11.17 02:37:05.641,9.1804,9.18327,1.00,1.00
2016.11.17 02:37:08.689,9.18046,9.18327,1.00,1.00
2016.11.17 02:37:09.648,9.18045,9.18327,1.00,1.00
2016.11.17 02:37:11.988,9.18045,9.18337,1.00,1.00
2016.11.17 02:37:17.660,9.18044,9.18337,1.00,1.00
2016.11.17 02:37:21.865,9.18047,9.18337,1.00,1.00
2016.11.17 02:37:22.387,9.18052,9.18327,1.00,1.00
2016.11.17 02:37:22.691,9.18074,9.18327,1.00,1.00
2016.11.17 02:37:22.910,9.18064,9.18327,1.00,1.00
2016.11.17 02:37:23.468,9.18067,9.18327,1.00,1.00
2016.11.17 02:37:24.971,9.18058,9.18327,1.00,1.00
2016.11.17 02:37:29.480,9.18062,9.18327,1.00,1.00
2016.11.17 02:37:32.038,9.18062,9.18347,1.00,1.00
2016.11.17 02:37:32.727,9.18064,9.18347,1.00,1.00
2016.11.17 02:37:33.686,9.18065,9.18347,1.00,1.00
2016.11.17 02:37:36.892,9.18068,9.18347,1.00,1.00
2016.11.17 02:37:37.793,9.18073,9.18347,1.00,1.00
2016.11.17 02:37:41.399,9.18076,9.18347,1.00,1.00
2016.11.17 02:37:41.988,9.18076,9.18357,1.00,1.00
2016.11.17 02:37:45.304,9.18072,9.18357,1.00,1.00
2016.11.17 02:37:47.707,9.18073,9.18357,1.00,1.00
2016.11.17 02:37:50.430,9.1808,9.18357,1.00,1.00
2016.11.17 02:37:50.582,9.18086,9.18407,1.00,1.00
2016.11.17 02:37:50.749,9.18103,9.18407,1.00,1.00
2016.11.17 02:37:51.270,9.18113,9.18407,1.00,1.00
2016.11.17 02:37:51.719,9.18117,9.18407,1.00,1.00
2016.11.17 02:37:54.727,9.18118,9.18407,1.00,1.00
2016.11.17 02:37:58.146,9.18118,9.18456,1.00,1.00
2016.11.17 02:37:58.237,9.18113,9.18456,1.00,1.00
2016.11.17 02:37:59.240,9.18112,9.18456,1.00,1.00
2016.11.17 02:38:01.346,9.18108,9.18456,1.00,1.00
2016.11.17 02:38:02.751,9.1811,9.18456,1.00,1.00
2016.11.17 02:38:04.257,9.18114,9.18456,1.00,1.00
2016.11.17 02:38:04.792,9.18119,9.18456,1.00,1.00
2016.11.17 02:38:06.166,9.18121,9.18456,1.00,1.00
2016.11.17 02:38:06.468,9.18124,9.18456,1.00,1.00
2016.11.17 02:38:07.185,9.18128,9.18456,1.00,1.00
2016.11.17 02:38:08.145,9.18128,9.18447,1.00,1.00
2016.11.17 02:38:11.900,9.1814,9.18447,1.00,1.00
2016.11.17 02:38:12.215,9.18154,9.18447,1.00,1.00
2016.11.17 02:38:12.882,9.18158,9.18447,1.00,1.00
2016.11.17 02:38:16.231,9.18142,9.18447,1.00,1.00
2016.11.17 02:38:16.389,9.18132,9.18447,1.00,1.00
2016.11.17 02:38:17.190,9.18128,9.18447,1.00,1.00
2016.11.17 02:38:18.146,9.18128,9.18457,1.00,1.00
2016.11.17 02:38:19.293,9.18132,9.18457,1.00,1.00
2016.11.17 02:38:19.594,9.18128,9.18457,1.00,1.00
2016.11.17 02:38:21.901,9.18129,9.18457,1.00,1.00
2016.11.17 02:38:23.043,9.18127,9.18457,1.00,1.00
2016.11.17 02:38:24.909,9.18132,9.18457,1.00,1.00
2016.11.17 02:38:26.112,9.18142,9.18457,1.00,1.00
2016.11.17 02:38:26.817,9.18149,9.18457,1.00,1.00
2016.11.17 02:38:27.219,9.18143,9.18457,1.00,1.00
2016.11.17 02:38:28.146,9.18143,9.18447,1.00,1.00
2016.11.17 02:38:28.923,9.18149,9.18447,1.00,1.00
2016.11.17 02:38:31.047,9.18156,9.18447,1.00,1.00
2016.11.17 02:38:31.331,9.18149,9.18447,1.00,1.00
2016.11.17 02:38:31.428,9.18155,9.18447,1.00,1.00
2016.11.17 02:38:32.116,9.18156,9.18447,1.00,1.00
2016.11.17 02:38:33.933,9.18152,9.18447,1.00,1.00
2016.11.17 02:38:35.462,9.18159,9.18447,1.00,1.00
2016.11.17 02:38:36.966,9.1816,9.18447,1.00,1.00
2016.11.17 02:38:37.383,9.1816,9.18487,1.00,1.00
2016.11.17 02:38:37.942,9.18152,9.18487,1.00,1.00
2016.11.17 02:38:45.958,9.18157,9.18487,1.00,1.00
2016.11.17 02:38:47.383,9.18157,9.18477,1.00,1.00
2016.11.17 02:38:51.964,9.18156,9.18477,1.00,1.00
2016.11.17 02:38:54.581,9.18139,9.18477,1.00,1.00
2016.11.17 02:38:55.569,9.18141,9.18477,1.00,1.00
2016.11.17 02:38:56.009,9.18141,9.18459,1.00,1.00
2016.11.17 02:38:57.569,9.18141,9.18485,1.00,1.00
2016.11.17 02:39:03.580,9.18152,9.18485,1.00,1.00
2016.11.17 02:39:07.105,9.18149,9.18485,1.00,1.00
2016.11.17 02:39:07.433,9.18149,9.18467,1.00,1.00
2016.11.17 02:39:11.491,9.1815,9.18467,1.00,1.00
2016.11.17 02:39:12.310,9.18163,9.18467,1.00,1.00
2016.11.17 02:39:13.012,9.18151,9.18467,1.00,1.00
2016.11.17 02:39:13.094,9.18142,9.18467,1.00,1.00
2016.11.17 02:39:13.995,9.18146,9.18467,1.00,1.00
2016.11.17 02:39:14.325,9.18151,9.18467,1.00,1.00
2016.11.17 02:39:14.997,9.18147,9.18467,1.00,1.00
2016.11.17 02:39:17.221,9.1814,9.18467,1.00,1.00
2016.11.17 02:39:17.908,9.18142,9.18467,1.00,1.00
2016.11.17 02:39:20.623,9.18124,9.18464,1.00,1.00
2016.11.17 02:39:20.726,9.1813,9.18467,1.00,1.00
2016.11.17 02:39:20.827,9.181,9.1844,1.00,1.00
2016.11.17 02:39:21.813,9.18099,9.18439,1.00,1.00
2016.11.17 02:39:22.113,9.18103,9.18441,1.00,1.00
2016.11.17 02:39:22.818,9.18106,9.18446,1.00,1.00
2016.11.17 02:39:23.119,9.18112,9.18448,1.00,1.00
2016.11.17 02:39:24.924,9.18113,9.18448,1.00,1.00
2016.11.17 02:39:25.225,9.18126,9.18448,1.00,1.00
2016.11.17 02:39:25.275,9.18126,9.18457,1.00,1.00
2016.11.17 02:39:25.326,9.18118,9.18457,1.00,1.00
2016.11.17 02:39:26.748,9.18125,9.18457,1.00,1.00
2016.11.17 02:39:26.829,9.18121,9.18457,1.00,1.00
2016.11.17 02:39:26.930,9.18127,9.18457,1.00,1.00
2016.11.17 02:39:27.933,9.18129,9.18457,1.00,1.00
2016.11.17 02:39:29.836,9.18131,9.18457,1.00,1.00
2016.11.17 02:39:30.268,9.18137,9.18457,1.00,1.00
2016.11.17 02:39:30.682,9.18145,9.18457,1.00,1.00
2016.11.17 02:39:30.995,9.18153,9.18457,1.00,1.00
2016.11.17 02:39:31.522,9.18162,9.18457,1.00,1.00
2016.11.17 02:39:31.949,9.18167,9.18457,1.00,1.00
2016.11.17 02:39:32.350,9.18174,9.18457,1.00,1.00
2016.11.17 02:39:32.550,9.18157,9.18457,1.00,1.00
2016.11.17 02:39:32.951,9.18165,9.18457,1.00,1.00
2016.11.17 02:39:33.552,9.18158,9.18457,1.00,1.00
2016.11.17 02:39:34.554,9.18153,9.18457,1.00,1.00
2016.11.17 02:39:34.955,9.18159,9.18457,1.00,1.00
2016.11.17 02:39:37.158,9.18158,9.18457,1.00,1.00
2016.11.17 02:39:38.561,9.18164,9.18457,1.00,1.00
2016.11.17 02:39:39.163,9.18156,9.18457,1.00,1.00
2016.11.17 02:39:39.765,9.18161,9.18457,1.00,1.00
2016.11.17 02:39:40.766,9.18162,9.18457,1.00,1.00
2016.11.17 02:39:40.816,9.18162,9.18477,1.00,1.00
2016.11.17 02:39:47.977,9.18158,9.18477,1.00,1.00
2016.11.17 02:39:49.478,9.18157,9.18477,1.00,1.00
2016.11.17 02:39:50.280,9.18164,9.18477,1.00,1.00
2016.11.17 02:39:51.322,9.18165,9.18477,1.00,1.00
2016.11.17 02:39:52.084,9.18162,9.18477,1.00,1.00
2016.11.17 02:39:52.685,9.18129,9.18477,1.00,1.00
2016.11.17 02:39:52.786,9.181,9.18443,1.00,1.00
2016.11.17 02:39:52.988,9.18061,9.18443,1.00,1.00
2016.11.17 02:39:53.039,9.18061,9.1842,1.00,1.00
2016.11.17 02:39:53.370,9.18042,9.18374,1.00,1.00
2016.11.17 02:39:53.814,9.18037,9.18374,1.00,1.00
2016.11.17 02:39:54.903,9.18027,9.18374,1.00,1.00
2016.11.17 02:39:55.186,9.18028,9.18352,1.00,1.00
2016.11.17 02:39:55.238,9.18018,9.18352,1.00,1.00
2016.11.17 02:39:55.993,9.18015,9.18352,1.00,1.00
2016.11.17 02:39:58.497,9.18014,9.18352,1.00,1.00
2016.11.17 02:39:59.098,9.1801,9.18352,1.00,1.00
2016.11.17 02:40:01.001,9.18015,9.18352,1.00,1.00
2016.11.17 02:40:01.328,9.18035,9.18357,1.00,1.00
2016.11.17 02:40:01.502,9.18025,9.18357,1.00,1.00
2016.11.17 02:40:03.005,9.18026,9.18357,1.00,1.00
2016.11.17 02:40:03.206,9.18033,9.18357,1.00,1.00
2016.11.17 02:40:04.849,9.18049,9.18357,1.00,1.00
2016.11.17 02:40:05.159,9.18055,9.18357,1.00,1.00
2016.11.17 02:40:06.110,9.18056,9.18357,1.00,1.00
2016.11.17 02:40:07.113,9.18054,9.18357,1.00,1.00
2016.11.17 02:40:07.252,9.18059,9.18356,1.00,1.00
2016.11.17 02:40:07.518,9.18059,9.18377,1.00,1.00
2016.11.17 02:40:08.516,9.18062,9.18377,1.00,1.00
2016.11.17 02:40:09.005,9.18083,9.18377,1.00,1.00
2016.11.17 02:40:12.486,9.18083,9.18427,1.00,1.00
2016.11.17 02:40:18.037,9.18087,9.18427,1.00,1.00
2016.11.17 02:40:19.139,9.18061,9.18421,1.00,1.00
2016.11.17 02:40:19.190,9.18061,9.18419,1.00,1.00
2016.11.17 02:40:19.240,9.18055,9.18414,1.00,1.00
2016.11.17 02:40:19.492,9.18055,9.18398,1.00,1.00
2016.11.17 02:40:20.928,9.18055,9.18414,1.00,1.00
2016.11.17 02:40:22.171,9.18058,9.18417,1.00,1.00
2016.11.17 02:40:25.049,9.18058,9.18416,1.00,1.00
2016.11.17 02:40:27.170,9.18077,9.18423,1.00,1.00
2016.11.17 02:40:27.236,9.18077,9.18427,1.00,1.00
2016.11.17 02:40:28.154,9.18086,9.18427,1.00,1.00
2016.11.17 02:40:29.459,9.18086,9.18397,1.00,1.00
2016.11.17 02:40:33.063,9.18084,9.18397,1.00,1.00
2016.11.17 02:40:45.831,9.18103,9.18397,1.00,1.00
2016.11.17 02:40:45.932,9.1811,9.18446,1.00,1.00
2016.11.17 02:40:46.033,9.18124,9.18446,1.00,1.00
2016.11.17 02:40:46.926,9.18135,9.18446,1.00,1.00
2016.11.17 02:40:47.250,9.18166,9.18446,1.00,1.00
2016.11.17 02:40:47.989,9.18168,9.18446,1.00,1.00
2016.11.17 02:40:48.518,9.18168,9.18447,1.00,1.00
2016.11.17 02:40:52.296,9.1817,9.18447,1.00,1.00
2016.11.17 02:40:54.447,9.18166,9.18447,1.00,1.00
2016.11.17 02:40:55.099,9.18163,9.18447,1.00,1.00
2016.11.17 02:40:55.884,9.18163,9.18467,1.00,1.00
2016.11.17 02:40:56.001,9.1816,9.18467,1.00,1.00
2016.11.17 02:40:56.148,9.18157,9.18467,1.00,1.00
2016.11.17 02:40:57.102,9.18154,9.18467,1.00,1.00
2016.11.17 02:41:00.407,9.18136,9.18467,1.00,1.00
2016.11.17 02:41:00.508,9.18121,9.18467,1.00,1.00
2016.11.17 02:41:00.708,9.18121,9.18453,1.00,1.00
2016.11.17 02:41:00.808,9.18111,9.18453,1.00,1.00
2016.11.17 02:41:03.111,9.18112,9.18453,1.00,1.00
2016.11.17 02:41:07.217,9.18125,9.18453,1.00,1.00
2016.11.17 02:41:08.218,9.18132,9.18453,1.00,1.00
2016.11.17 02:41:09.248,9.18149,9.18453,1.00,1.00
2016.11.17 02:41:09.299,9.18149,9.18467,1.00,1.00
2016.11.17 02:41:10.121,9.18151,9.18467,1.00,1.00
2016.11.17 02:41:11.122,9.1815,9.18467,1.00,1.00
2016.11.17 02:41:16.151,9.18156,9.18467,1.00,1.00
2016.11.17 02:41:17.058,9.18151,9.18467,1.00,1.00
2016.11.17 02:41:17.530,9.18141,9.18467,1.00,1.00
2016.11.17 02:41:18.532,9.18143,9.18467,1.00,1.00
2016.11.17 02:41:20.481,9.18147,9.18467,1.00,1.00
2016.11.17 02:41:21.810,9.18147,9.18447,1.00,1.00
2016.11.17 02:41:22.404,9.18148,9.18447,1.00,1.00
2016.11.17 02:41:24.039,9.18152,9.18447,1.00,1.00
2016.11.17 02:41:24.886,9.18155,9.18447,1.00,1.00
2016.11.17 02:41:25.383,9.18144,9.18447,1.00,1.00
2016.11.17 02:41:26.343,9.18145,9.18447,1.00,1.00
2016.11.17 02:41:26.875,9.18159,9.18447,1.00,1.00
2016.11.17 02:41:27.844,9.18157,9.18447,1.00,1.00
2016.11.17 02:41:30.538,9.18157,9.18477,1.00,1.00
2016.11.17 02:41:33.200,9.18154,9.18477,1.00,1.00
2016.11.17 02:41:34.653,9.18151,9.18477,1.00,1.00
2016.11.17 02:41:36.055,9.18156,9.18477,1.00,1.00
2016.11.17 02:41:37.357,9.18157,9.18477,1.00,1.00
2016.11.17 02:41:40.538,9.18157,9.1848,1.00,1.00
2016.11.17 02:41:41.964,9.18168,9.1848,1.00,1.00
2016.11.17 02:41:42.966,9.18164,9.1848,1.00,1.00
2016.11.17 02:41:44.114,9.18169,9.1848,1.00,1.00
2016.11.17 02:41:44.248,9.18172,9.18497,1.00,1.00
2016.11.17 02:41:44.813,9.18142,9.1848,1.00,1.00
2016.11.17 02:41:45.770,9.18137,9.1848,1.00,1.00
2016.11.17 02:41:46.213,9.18143,9.1848,1.00,1.00
2016.11.17 02:41:48.174,9.18148,9.1848,1.00,1.00
2016.11.17 02:41:50.537,9.18148,9.18467,1.00,1.00
2016.11.17 02:41:51.178,9.18143,9.18467,1.00,1.00
2016.11.17 02:42:00.389,9.18149,9.18467,1.00,1.00
2016.11.17 02:42:07.224,9.18166,9.18467,1.00,1.00
2016.11.17 02:42:07.582,9.18172,9.18467,1.00,1.00
2016.11.17 02:42:08.299,9.18173,9.18467,1.00,1.00
2016.11.17 02:42:10.486,9.18173,9.18487,1.00,1.00
2016.11.17 02:42:13.907,9.18168,9.18487,1.00,1.00
2016.11.17 02:42:14.908,9.18167,9.18487,1.00,1.00
2016.11.17 02:42:18.212,9.18166,9.18487,1.00,1.00
2016.11.17 02:42:20.486,9.18166,9.18486,1.00,1.00
2016.11.17 02:42:28.969,9.18207,9.18486,1.00,1.00
2016.11.17 02:42:29.366,9.1819,9.18486,1.00,1.00
2016.11.17 02:42:29.444,9.1817,9.18486,1.00,1.00
2016.11.17 02:42:29.935,9.18167,9.18486,1.00,1.00
2016.11.17 02:42:30.362,9.1816,9.18486,1.00,1.00
2016.11.17 02:42:30.437,9.18168,9.18486,1.00,1.00
2016.11.17 02:42:30.488,9.18168,9.18517,1.00,1.00
2016.11.17 02:42:30.937,9.18161,9.18517,1.00,1.00
2016.11.17 02:42:31.038,9.18151,9.18511,1.00,1.00
2016.11.17 02:42:31.325,9.18151,9.18498,1.00,1.00
2016.11.17 02:42:31.439,9.18146,9.18498,1.00,1.00
2016.11.17 02:42:31.840,9.18138,9.18498,1.00,1.50
2016.11.17 02:42:32.044,9.18114,9.18474,1.50,1.00
2016.11.17 02:42:32.379,9.18102,9.18462,1.00,1.00
2016.11.17 02:42:32.787,9.18091,9.18451,1.00,1.00
2016.11.17 02:42:33.444,9.1809,9.1845,1.00,1.00
2016.11.17 02:42:34.067,9.18094,9.18454,1.00,1.00
2016.11.17 02:42:38.504,9.18094,9.1844,1.00,1.00
2016.11.17 02:42:38.557,9.18089,9.1844,1.00,1.00
2016.11.17 02:42:39.385,9.18094,9.1844,1.00,1.00
2016.11.17 02:42:39.806,9.1812,9.18466,1.00,1.00
2016.11.17 02:42:39.857,9.1812,9.1848,1.00,1.00
2016.11.17 02:42:39.908,9.1812,9.18478,1.00,1.00
2016.11.17 02:42:40.358,9.18139,9.18485,1.00,1.00
2016.11.17 02:42:42.375,9.18139,9.18466,1.00,1.00
2016.11.17 02:42:43.973,9.18134,9.18466,1.00,1.00
2016.11.17 02:42:44.173,9.18129,9.18466,1.00,1.00
2016.11.17 02:42:47.379,9.18127,9.18466,1.00,1.00
2016.11.17 02:42:47.512,9.18132,9.18466,1.00,1.00
2016.11.17 02:42:48.483,9.18128,9.18466,1.00,1.00
2016.11.17 02:42:49.986,9.18132,9.18466,1.00,1.00
2016.11.17 02:42:52.325,9.18132,9.18447,1.00,1.00
2016.11.17 02:42:52.491,9.1813,9.18447,1.00,1.00
2016.11.17 02:43:02.335,9.1813,9.18427,1.00,1.00
2016.11.17 02:43:07.530,9.18128,9.18427,1.00,1.00
2016.11.17 02:43:12.355,9.18128,9.18417,1.00,1.00
2016.11.17 02:43:12.946,9.18103,9.18417,1.00,1.00
2016.11.17 02:43:12.998,9.18092,9.18417,1.00,1.00
2016.11.17 02:43:13.049,9.18101,9.18417,1.00,1.00
2016.11.17 02:43:13.151,9.18087,9.18417,1.00,1.00
2016.11.17 02:43:13.392,9.18075,9.18417,1.00,1.00
2016.11.17 02:43:13.871,9.18055,9.18412,1.00,1.00
2016.11.17 02:43:14.683,9.18055,9.18416,1.00,1.50
2016.11.17 02:43:18.153,9.1805,9.18411,1.00,1.00
2016.11.17 02:43:19.455,9.18058,9.18416,1.00,1.00
2016.11.17 02:43:20.638,9.18069,9.18416,1.00,1.00
2016.11.17 02:43:22.559,9.18066,9.18416,1.00,1.00
2016.11.17 02:43:23.710,9.18066,9.18377,1.00,1.00
2016.11.17 02:43:23.962,9.18059,9.18377,1.00,1.00
2016.11.17 02:43:28.969,9.18064,9.18377,1.00,1.00
2016.11.17 02:43:32.177,9.18069,9.18377,1.00,1.00
2016.11.17 02:43:33.686,9.18069,9.18387,1.00,1.00
2016.11.17 02:43:36.980,9.18062,9.18387,1.00,1.00
2016.11.17 02:43:37.981,9.18063,9.18387,1.00,1.00
2016.11.17 02:43:38.983,9.18067,9.18387,1.00,1.00
2016.11.17 02:43:39.984,9.18068,9.18387,1.00,1.00
2016.11.17 02:43:40.185,9.18063,9.18387,1.00,1.00
2016.11.17 02:43:42.188,9.18067,9.18387,1.00,1.00
2016.11.17 02:43:42.288,9.18062,9.18387,1.00,1.00
2016.11.17 02:43:42.489,9.18055,9.18387,1.00,1.00
2016.11.17 02:43:44.995,9.1806,9.18367,1.00,1.00
2016.11.17 02:43:48.403,9.18056,9.18367,1.00,1.00
2016.11.17 02:43:51.240,9.1806,9.18367,1.00,1.00
2016.11.17 02:43:51.969,9.18056,9.18367,1.00,1.00
2016.11.17 02:43:52.913,9.18057,9.18367,1.00,1.00
2016.11.17 02:43:53.685,9.18057,9.18357,1.00,1.00
2016.11.17 02:43:54.384,9.18056,9.18357,1.00,1.00
2016.11.17 02:44:03.443,9.18057,9.18357,1.00,1.00
2016.11.17 02:44:04.362,9.18057,9.18347,1.00,1.00
2016.11.17 02:44:04.950,9.18051,9.18347,1.00,1.00
2016.11.17 02:44:05.195,9.18045,9.18347,1.00,1.00
2016.11.17 02:44:05.352,9.18024,9.18347,1.00,1.00
2016.11.17 02:44:05.403,9.18011,9.18347,1.00,1.00
2016.11.17 02:44:05.905,9.17994,9.18346,1.00,1.00
2016.11.17 02:44:06.006,9.17975,9.1833,1.00,1.00
2016.11.17 02:44:06.057,9.17962,9.18342,1.00,1.00
2016.11.17 02:44:06.184,9.17985,9.18326,1.00,1.00
2016.11.17 02:44:06.443,9.17985,9.1834,1.00,1.00
2016.11.17 02:44:06.566,9.17999,9.18347,1.00,1.00
2016.11.17 02:44:09.560,9.18003,9.18347,1.00,1.00
2016.11.17 02:44:15.855,9.18003,9.18297,1.00,1.00
2016.11.17 02:44:18.173,9.17998,9.18297,1.00,1.00
2016.11.17 02:44:20.380,9.17992,9.18297,1.00,1.00
2016.11.17 02:44:23.680,9.17991,9.18297,1.00,1.00
2016.11.17 02:44:30.891,9.17999,9.18297,1.00,1.00
2016.11.17 02:44:31.216,9.17979,9.18297,1.00,1.00
2016.11.17 02:44:31.492,9.1799,9.18297,1.00,1.00
2016.11.17 02:44:32.193,9.17993,9.18297,1.00,1.00
2016.11.17 02:44:33.495,9.17997,9.18297,1.00,1.00
2016.11.17 02:44:33.996,9.17991,9.18297,1.00,1.00
2016.11.17 02:44:36.118,9.17997,9.18297,1.00,1.00
2016.11.17 02:44:38.132,9.18001,9.18297,1.00,1.00
2016.11.17 02:44:45.904,9.18001,9.18327,1.00,1.00
2016.11.17 02:44:48.015,9.18007,9.18327,1.00,1.00
2016.11.17 02:44:49.017,9.18008,9.18327,1.00,1.00
2016.11.17 02:44:52.721,9.18007,9.18327,1.00,1.00
2016.11.17 02:44:55.904,9.18007,9.18317,1.00,1.00
2016.11.17 02:44:58.076,9.18038,9.18317,1.00,1.00
2016.11.17 02:44:59.029,9.18051,9.18317,1.00,1.00
2016.11.17 02:45:00.031,9.1805,9.18317,1.00,1.00
2016.11.17 02:45:00.244,9.1805,9.18367,1.00,1.00
2016.11.17 02:45:01.433,9.18054,9.18367,1.00,1.00
2016.11.17 02:45:12.184,9.1805,9.18367,1.00,1.00
2016.11.17 02:45:15.304,9.18041,9.18346,1.00,1.00
2016.11.17 02:45:15.402,9.18024,9.18346,1.00,1.00
2016.11.17 02:45:15.453,9.18021,9.18346,1.00,1.00
2016.11.17 02:45:15.504,9.18005,9.18346,1.00,1.00
2016.11.17 02:45:15.605,9.18003,9.18346,1.00,1.00
2016.11.17 02:45:16.559,9.18002,9.18346,1.00,1.00
2016.11.17 02:45:16.877,9.17998,9.18346,1.00,1.00
2016.11.17 02:45:16.960,9.18003,9.18346,1.00,1.00
2016.11.17 02:45:18.146,9.18003,9.18335,1.00,1.00
2016.11.17 02:45:18.563,9.18001,9.18335,1.00,1.00
2016.11.17 02:45:25.304,9.18001,9.18287,1.00,1.00
2016.11.17 02:45:35.254,9.18001,9.18286,1.00,1.00
2016.11.17 02:45:36.185,9.18001,9.18267,1.00,1.00
2016.11.17 02:45:44.110,9.18016,9.18267,1.00,1.00
2016.11.17 02:45:44.350,9.18025,9.18316,1.00,1.00
2016.11.17 02:45:45.101,9.1803,9.18316,1.00,1.00
2016.11.17 02:45:46.804,9.18019,9.18316,1.00,1.00
2016.11.17 02:45:46.905,9.18025,9.18316,1.00,1.00
2016.11.17 02:45:47.347,9.18006,9.18316,1.00,1.00
2016.11.17 02:45:48.706,9.18008,9.18316,1.00,1.00
2016.11.17 02:45:49.407,9.18002,9.18316,1.00,1.00
2016.11.17 02:45:50.110,9.18001,9.18316,1.00,1.00
2016.11.17 02:45:52.811,9.18002,9.18316,1.00,1.00
2016.11.17 02:45:52.955,9.17999,9.18316,1.00,1.00
2016.11.17 02:45:54.323,9.17999,9.18277,1.00,1.00
2016.11.17 02:45:55.715,9.17997,9.18277,1.00,1.00
2016.11.17 02:46:00.322,9.18001,9.18277,1.00,1.00
2016.11.17 02:46:04.323,9.18001,9.18276,1.00,1.00
2016.11.17 02:46:04.374,9.18001,9.18287,1.00,1.00
2016.11.17 02:46:07.832,9.18002,9.18287,1.00,1.00
2016.11.17 02:46:09.156,9.17998,9.18287,1.00,1.00
2016.11.17 02:46:09.334,9.17992,9.18287,1.00,1.00
2016.11.17 02:46:09.534,9.17998,9.18287,1.00,1.00
2016.11.17 02:46:10.536,9.18,9.18287,1.00,1.00
2016.11.17 02:46:14.945,9.17994,9.18287,1.00,1.00
2016.11.17 02:46:15.042,9.17991,9.18287,1.00,1.00
2016.11.17 02:46:15.943,9.17995,9.18287,1.00,1.00
2016.11.17 02:46:19.368,9.17984,9.18287,1.00,1.00
2016.11.17 02:46:19.451,9.17987,9.18287,1.00,1.00
2016.11.17 02:46:19.864,9.17981,9.18287,1.00,1.00
2016.11.17 02:46:20.850,9.17995,9.18287,1.00,1.00
2016.11.17 02:46:20.952,9.17985,9.18287,1.00,1.00
2016.11.17 02:46:22.954,9.17988,9.18287,1.00,1.00
2016.11.17 02:46:23.456,9.17993,9.18287,1.00,1.00
2016.11.17 02:46:23.556,9.17988,9.18287,1.00,1.00
2016.11.17 02:46:24.323,9.17988,9.18297,1.00,1.00
2016.11.17 02:46:25.360,9.17993,9.18297,1.00,1.00
2016.11.17 02:46:54.323,9.17993,9.18306,1.00,1.00
2016.11.17 02:46:55.813,9.17998,9.18306,1.00,1.00
2016.11.17 02:47:10.861,9.18,9.18306,1.00,1.00
2016.11.17 02:47:11.444,9.18,9.18307,1.00,1.00
2016.11.17 02:47:20.794,9.17977,9.18307,1.00,1.00
2016.11.17 02:47:20.865,9.17977,9.18297,1.00,1.00
2016.11.17 02:47:20.915,9.1797,9.18297,1.00,1.00
2016.11.17 02:47:21.117,9.17971,9.18307,1.00,1.00
2016.11.17 02:47:21.175,9.17988,9.18307,1.00,1.00
2016.11.17 02:47:21.976,9.17993,9.18287,1.00,1.00
2016.11.17 02:47:23.124,9.17995,9.18287,1.00,1.00
2016.11.17 02:47:23.739,9.17998,9.18287,1.00,1.00
2016.11.17 02:47:24.279,9.18002,9.18287,1.00,1.00
2016.11.17 02:47:25.280,9.18003,9.18287,1.00,1.00
2016.11.17 02:47:30.087,9.18004,9.18287,1.00,1.00
2016.11.17 02:47:31.186,9.18004,9.18307,1.00,1.00
2016.11.17 02:47:33.891,9.18002,9.18307,1.00,1.00
2016.11.17 02:47:40.902,9.18001,9.18307,1.00,1.00
2016.11.17 02:47:48.515,9.18008,9.18307,1.00,1.00
2016.11.17 02:47:51.121,9.18002,9.18307,1.00,1.00
2016.11.17 02:47:51.824,9.18003,9.18307,1.00,1.00
2016.11.17 02:47:53.126,9.18001,9.18307,1.00,1.00
2016.11.17 02:47:54.049,9.18,9.18307,1.00,1.00
2016.11.17 02:47:55.933,9.18001,9.18307,1.00,1.00
2016.11.17 02:47:56.740,9.18004,9.18307,1.00,1.00
2016.11.17 02:47:57.237,9.18009,9.18307,1.00,1.00
2016.11.17 02:47:59.370,9.18004,9.18307,1.00,1.00
2016.11.17 02:48:00.142,9.18002,9.18307,1.00,1.00
2016.11.17 02:48:01.186,9.18002,9.18317,1.00,1.00
2016.11.17 02:48:11.186,9.18002,9.18307,1.00,1.00
2016.11.17 02:48:31.186,9.18002,9.18317,1.00,1.00
2016.11.17 02:48:34.000,9.18001,9.18317,1.00,1.00
2016.11.17 02:48:43.513,9.18008,9.18317,1.00,1.00
2016.11.17 02:48:49.024,9.18006,9.18317,1.00,1.00
2016.11.17 02:48:51.186,9.18006,9.18327,1.00,1.00
2016.11.17 02:48:59.940,9.18002,9.18327,1.00,1.00
2016.11.17 02:49:00.041,9.18038,9.18377,1.00,1.00
2016.11.17 02:49:00.142,9.18083,9.18377,1.00,1.00
2016.11.17 02:49:00.942,9.18092,9.18377,1.00,1.00
2016.11.17 02:49:01.447,9.18087,9.18377,1.00,1.00
2016.11.17 02:49:03.749,9.18093,9.18377,1.00,1.00
2016.11.17 02:49:04.663,9.18086,9.18377,1.00,1.00
2016.11.17 02:49:08.257,9.18089,9.18377,1.00,1.00
2016.11.17 02:49:09.977,9.18089,9.18397,1.00,1.00
2016.11.17 02:49:10.261,9.18091,9.18397,1.00,1.00
2016.11.17 02:49:10.362,9.18087,9.18397,1.00,1.00
2016.11.17 02:49:12.664,9.18086,9.18397,1.00,1.00
2016.11.17 02:49:19.978,9.18086,9.18387,1.00,1.00
2016.11.17 02:49:34.106,9.18089,9.18387,1.00,1.00
2016.11.17 02:49:35.309,9.18093,9.18387,1.00,1.00
2016.11.17 02:49:35.408,9.18089,9.18387,1.00,1.00
2016.11.17 02:49:38.316,9.18085,9.18387,1.00,1.00
2016.11.17 02:49:39.919,9.18089,9.18387,1.00,1.00
2016.11.17 02:49:40.020,9.18089,9.18397,1.00,1.00
2016.11.17 02:49:49.977,9.18089,9.18377,1.00,1.00
2016.11.17 02:49:50.887,9.18081,9.18377,1.00,1.00
2016.11.17 02:49:50.989,9.18053,9.18377,1.00,1.00
2016.11.17 02:49:51.090,9.18024,9.18373,1.00,1.00
2016.11.17 02:49:51.142,9.1802,9.18373,1.00,1.00
2016.11.17 02:49:51.948,9.18011,9.18364,1.00,1.00
2016.11.17 02:49:52.356,9.18004,9.18357,1.00,1.00
2016.11.17 02:49:52.941,9.18005,9.18358,1.00,1.00
2016.11.17 02:49:53.287,9.18039,9.18377,1.00,1.00
2016.11.17 02:49:54.253,9.18041,9.18377,1.00,1.00
2016.11.17 02:50:00.403,9.18038,9.18377,1.00,1.00
2016.11.17 02:50:00.703,9.18031,9.18375,1.00,1.00
2016.11.17 02:50:00.767,9.18023,9.18367,1.00,1.00
2016.11.17 02:50:01.368,9.18017,9.18361,1.00,1.00
2016.11.17 02:50:02.773,9.18012,9.18356,1.00,1.00
2016.11.17 02:50:04.175,9.18009,9.18353,1.00,1.00
2016.11.17 02:50:10.897,9.18009,9.18327,1.00,1.00
2016.11.17 02:50:13.995,9.18026,9.18327,1.00,1.00
2016.11.17 02:50:14.997,9.18027,9.18327,1.00,1.00
2016.11.17 02:50:15.999,9.18019,9.18327,1.00,1.00
2016.11.17 02:50:18.205,9.18023,9.18327,1.00,1.00
2016.11.17 02:50:18.405,9.18017,9.18327,1.00,1.00
2016.11.17 02:50:19.409,9.18015,9.18327,1.00,1.00
2016.11.17 02:50:20.312,9.18011,9.18327,1.00,1.00
2016.11.17 02:50:20.631,9.18006,9.18327,1.00,1.00
2016.11.17 02:50:20.847,9.18006,9.18337,1.00,1.00
2016.11.17 02:50:23.321,9.18013,9.18337,1.00,1.00
2016.11.17 02:50:24.425,9.18004,9.18337,1.00,1.00
2016.11.17 02:50:26.228,9.18005,9.18337,1.00,1.00
2016.11.17 02:50:30.897,9.18005,9.18317,1.00,1.00
2016.11.17 02:50:30.948,9.18,9.18317,1.00,1.00
2016.11.17 02:50:31.641,9.18008,9.18317,1.00,1.00
2016.11.17 02:50:35.452,9.18012,9.18317,1.00,1.00
2016.11.17 02:50:37.255,9.18006,9.18317,1.00,1.00
2016.11.17 02:50:38.460,9.18012,9.18317,1.00,1.00
2016.11.17 02:50:40.898,9.18012,9.18307,1.00,1.00
2016.11.17 02:50:42.671,9.18004,9.18307,1.00,1.00
2016.11.17 02:50:49.106,9.18007,9.18307,1.00,1.00
2016.11.17 02:50:50.080,9.18008,9.18307,1.00,1.00
2016.11.17 02:50:50.897,9.18008,9.18325,1.00,1.00
2016.11.17 02:50:56.302,9.17999,9.18325,1.00,1.00
2016.11.17 02:51:00.509,9.17998,9.18325,1.00,1.00
2016.11.17 02:51:03.314,9.18003,9.18325,1.00,1.00
2016.11.17 02:51:08.022,9.17973,9.18325,1.00,1.00
2016.11.17 02:51:09.524,9.17999,9.18325,1.00,1.00
2016.11.17 02:51:11.326,9.18,9.18325,1.00,1.00
2016.11.17 02:51:12.427,9.18006,9.18325,1.00,1.00
2016.11.17 02:51:12.828,9.17999,9.18325,1.00,1.00
2016.11.17 02:51:13.707,9.18,9.18325,1.00,1.00
2016.11.17 02:51:15.531,9.17996,9.18325,1.00,1.00
2016.11.17 02:51:15.660,9.17976,9.18325,1.00,1.00
2016.11.17 02:51:15.845,9.17951,9.18325,1.00,1.00
2016.11.17 02:51:15.946,9.17964,9.18325,1.00,1.00
2016.11.17 02:51:16.833,9.17969,9.18325,1.00,1.00
2016.11.17 02:51:17.535,9.17992,9.18325,1.00,1.00
2016.11.17 02:51:18.636,9.17995,9.18325,1.00,1.00
2016.11.17 02:51:19.137,9.17986,9.18325,1.00,1.00
2016.11.17 02:51:19.239,9.17967,9.18325,1.00,1.00
2016.11.17 02:51:19.340,9.17945,9.18325,1.00,1.00
2016.11.17 02:51:19.538,9.17943,9.18325,1.00,1.00
2016.11.17 02:51:19.639,9.17927,9.18306,1.00,1.00
2016.11.17 02:51:19.741,9.17922,9.18306,1.50,1.00
2016.11.17 02:51:19.943,9.17938,9.18306,1.00,1.00
2016.11.17 02:51:20.254,9.17964,9.18306,1.00,1.00
2016.11.17 02:51:20.941,9.17963,9.18306,1.00,1.00
2016.11.17 02:51:21.042,9.1794,9.18306,1.00,1.00
2016.11.17 02:51:21.341,9.17959,9.18306,1.00,1.00
2016.11.17 02:51:21.665,9.17991,9.18326,1.00,1.00
2016.11.17 02:51:21.866,9.17967,9.18326,1.00,1.00
2016.11.17 02:51:26.351,9.17969,9.18326,1.00,1.00
2016.11.17 02:51:29.323,9.17969,9.18327,1.00,1.00
2016.11.17 02:51:31.058,9.17976,9.18327,1.00,1.00
2016.11.17 02:51:32.605,9.17997,9.18327,1.00,1.00
2016.11.17 02:51:33.011,9.18025,9.18327,1.00,1.00
2016.11.17 02:51:33.150,9.18015,9.18372,1.00,1.00
2016.11.17 02:51:34.063,9.18039,9.18372,1.00,1.00
2016.11.17 02:51:34.263,9.18015,9.18372,1.00,1.00
2016.11.17 02:51:35.265,9.18016,9.18372,1.00,1.00
2016.11.17 02:51:38.474,9.18008,9.18372,1.00,1.00
2016.11.17 02:51:38.575,9.18016,9.18372,1.00,1.00
2016.11.17 02:51:39.079,9.18042,9.18372,1.00,1.00
2016.11.17 02:51:45.290,9.18017,9.18372,1.00,1.00
2016.11.17 02:51:56.409,9.18019,9.18372,1.00,1.00
2016.11.17 02:52:04.125,9.18018,9.18372,1.00,1.00
2016.11.17 02:52:08.637,9.18016,9.18372,1.00,1.00
2016.11.17 02:52:12.171,9.1799,9.18367,1.50,1.00
2016.11.17 02:52:12.234,9.1799,9.1835,1.00,1.00
2016.11.17 02:52:12.285,9.17966,9.1835,1.00,1.00
2016.11.17 02:52:12.386,9.17974,9.18349,1.00,1.00
2016.11.17 02:52:12.836,9.17974,9.18321,1.00,1.00
2016.11.17 02:52:13.252,9.17969,9.18321,1.00,1.00
2016.11.17 02:52:13.577,9.17993,9.18321,1.00,1.00
2016.11.17 02:52:14.389,9.18001,9.18321,1.00,1.00
2016.11.17 02:52:15.890,9.1797,9.18321,1.00,1.00
2016.11.17 02:52:16.091,9.17994,9.18321,1.00,1.00
2016.11.17 02:52:18.136,9.17998,9.18321,1.00,1.00
2016.11.17 02:52:18.961,9.17999,9.18321,1.00,1.00
2016.11.17 02:52:19.962,9.18001,9.18321,1.00,1.00
2016.11.17 02:52:26.476,9.18004,9.18321,1.00,1.00
2016.11.17 02:52:26.804,9.17997,9.18321,1.00,1.00
2016.11.17 02:52:27.079,9.18003,9.18321,1.00,1.00
2016.11.17 02:52:27.249,9.18003,9.18327,1.00,1.00
2016.11.17 02:52:27.883,9.17997,9.18327,1.00,1.00
2016.11.17 02:52:28.184,9.18003,9.18327,1.00,1.00
2016.11.17 02:52:28.484,9.17997,9.18327,1.00,1.00
2016.11.17 02:52:30.592,9.18007,9.18327,1.00,1.00
2016.11.17 02:52:34.509,9.18004,9.18327,1.00,1.00
2016.11.17 02:52:35.113,9.17986,9.18321,1.00,1.00
2016.11.17 02:52:35.163,9.17986,9.18316,1.00,1.00
2016.11.17 02:52:35.919,9.17995,9.18316,1.00,1.00
2016.11.17 02:52:39.832,9.17988,9.18316,1.00,1.00
2016.11.17 02:52:40.645,9.17979,9.18316,1.00,1.00
2016.11.17 02:52:41.539,9.17989,9.18316,1.00,1.00
2016.11.17 02:52:43.141,9.17994,9.18316,1.00,1.00
2016.11.17 02:52:53.021,9.17988,9.18316,1.00,1.50
2016.11.17 02:52:53.103,9.17978,9.18316,1.00,1.50
2016.11.17 02:52:53.204,9.17973,9.18316,1.00,1.50
2016.11.17 02:52:53.305,9.17983,9.18316,1.00,1.50
2016.11.17 02:52:54.075,9.17988,9.18316,1.00,1.50
2016.11.17 02:52:56.986,9.17992,9.18316,1.00,1.50
2016.11.17 02:52:57.988,9.17991,9.18316,1.00,1.50
2016.11.17 02:53:01.697,9.17996,9.18316,1.00,1.50
2016.11.17 02:53:03.200,9.17991,9.18316,1.00,1.50
2016.11.17 02:53:04.506,9.1799,9.18316,1.00,1.50
2016.11.17 02:53:08.719,9.17991,9.18316,1.00,1.00
2016.11.17 02:53:10.919,9.17991,9.18327,1.00,1.00
2016.11.17 02:53:10.970,9.17997,9.18327,1.00,1.00
2016.11.17 02:53:11.565,9.18003,9.18327,1.00,1.00
2016.11.17 02:53:11.826,9.17982,9.18327,1.00,1.00
2016.11.17 02:53:11.927,9.17986,9.18324,1.00,1.00
2016.11.17 02:53:12.386,9.17986,9.18317,1.00,1.00
2016.11.17 02:53:12.529,9.17982,9.18317,1.00,1.00
2016.11.17 02:53:13.038,9.17983,9.18317,1.00,1.00
2016.11.17 02:53:13.835,9.17981,9.18317,1.00,1.00
2016.11.17 02:53:15.743,9.1798,9.18317,1.00,1.50
2016.11.17 02:53:15.844,9.17992,9.18317,1.00,1.50
2016.11.17 02:53:17.045,9.17997,9.18317,1.00,1.50
2016.11.17 02:53:19.552,9.17996,9.18317,1.00,1.50
2016.11.17 02:53:22.105,9.17993,9.18317,1.00,1.50
2016.11.17 02:53:22.161,9.17989,9.18317,1.00,1.50
2016.11.17 02:53:23.206,9.17988,9.18317,1.00,1.50
2016.11.17 02:53:24.006,9.17991,9.18317,1.00,1.50
2016.11.17 02:53:24.510,9.17995,9.18317,1.00,1.50
2016.11.17 02:53:25.773,9.18002,9.18317,1.00,1.00
2016.11.17 02:53:30.794,9.18006,9.18317,1.00,1.00
2016.11.17 02:53:33.522,9.18001,9.18317,1.00,1.00
2016.11.17 02:53:33.623,9.18071,9.18367,1.00,1.00
2016.11.17 02:53:34.073,9.18081,9.18367,1.00,1.00
2016.11.17 02:53:34.517,9.18094,9.18367,1.00,1.00
2016.11.17 02:53:34.604,9.18087,9.18367,1.00,1.00
2016.11.17 02:53:38.115,9.18082,9.18367,1.00,1.00
2016.11.17 02:53:38.828,9.18078,9.18367,1.00,1.00
2016.11.17 02:53:40.169,9.18056,9.18367,1.00,1.00
2016.11.17 02:53:41.129,9.18052,9.18367,1.00,1.00
2016.11.17 02:53:41.635,9.18048,9.18367,1.00,1.00
2016.11.17 02:53:43.525,9.18048,9.18377,1.00,1.00
2016.11.17 02:53:44.434,9.18044,9.18377,1.00,1.00
2016.11.17 02:53:46.036,9.18033,9.18377,1.00,1.00
2016.11.17 02:53:46.137,9.18082,9.18407,1.00,1.00
2016.11.17 02:53:46.188,9.18088,9.18437,1.00,1.00
2016.11.17 02:53:46.239,9.18142,9.18437,1.00,1.00
2016.11.17 02:53:46.340,9.18142,9.18487,1.00,1.00
2016.11.17 02:53:46.983,9.18095,9.18471,1.00,1.00
2016.11.17 02:53:47.038,9.18128,9.18471,1.00,1.00
2016.11.17 02:53:47.089,9.18128,9.18487,1.00,1.00
2016.11.17 02:53:47.265,9.18124,9.18487,1.00,1.00
2016.11.17 02:53:47.384,9.18107,9.18487,1.00,1.00
2016.11.17 02:53:47.486,9.18141,9.18487,1.00,1.00
2016.11.17 02:53:48.063,9.18153,9.18487,1.00,1.00
2016.11.17 02:53:48.413,9.18164,9.18487,1.00,1.00
2016.11.17 02:53:48.985,9.18165,9.18487,1.00,1.00
2016.11.17 02:53:49.451,9.18177,9.18487,1.00,1.00
2016.11.17 02:53:49.652,9.18166,9.18487,1.00,1.00
2016.11.17 02:53:50.669,9.18157,9.18487,1.00,1.00
2016.11.17 02:53:51.359,9.18154,9.18487,1.00,1.00
2016.11.17 02:53:51.460,9.1813,9.18487,1.00,1.00
2016.11.17 02:53:51.511,9.1813,9.18482,1.00,1.00
2016.11.17 02:53:51.673,9.1812,9.18478,1.00,1.00
2016.11.17 02:53:51.723,9.1812,9.18478,1.00,1.67
2016.11.17 02:53:51.774,9.18104,9.18479,1.00,1.67
2016.11.17 02:53:51.973,9.18086,9.18455,1.00,1.00
2016.11.17 02:53:52.434,9.18083,9.1844,1.00,1.00
2016.11.17 02:53:53.024,9.18083,9.18435,1.00,1.00
2016.11.17 02:53:53.374,9.18081,9.18435,1.00,1.00
2016.11.17 02:53:59.145,9.18081,9.18417,1.00,1.00
2016.11.17 02:53:59.279,9.18081,9.18438,1.00,1.00
2016.11.17 02:53:59.984,9.18085,9.18438,1.00,1.00
2016.11.17 02:54:00.290,9.18106,9.18447,1.00,1.00
2016.11.17 02:54:00.636,9.18116,9.18447,1.00,1.00
2016.11.17 02:54:00.983,9.18126,9.18447,1.00,1.00
2016.11.17 02:54:04.696,9.18125,9.18447,1.00,1.00
2016.11.17 02:54:06.295,9.18125,9.18464,1.00,1.00
2016.11.17 02:54:08.804,9.18124,9.18464,1.00,1.00
2016.11.17 02:54:13.495,9.18124,9.18457,1.00,1.00
2016.11.17 02:54:13.546,9.1808,9.18457,1.00,1.00
2016.11.17 02:54:13.596,9.18066,9.18429,1.00,1.00
2016.11.17 02:54:13.941,9.18063,9.18413,1.00,1.00
2016.11.17 02:54:14.816,9.18063,9.18407,1.00,1.00
2016.11.17 02:54:14.867,9.18056,9.18407,1.00,1.00
2016.11.17 02:54:15.105,9.18056,9.18388,1.00,1.00
2016.11.17 02:54:16.728,9.1805,9.18388,1.00,1.00
2016.11.17 02:54:16.828,9.18056,9.18388,1.00,1.00
2016.11.17 02:54:18.230,9.18051,9.18388,1.00,1.00
2016.11.17 02:54:22.768,9.18067,9.18388,1.00,1.00
2016.11.17 02:54:22.869,9.18079,9.18407,1.00,1.00
2016.11.17 02:54:23.771,9.18085,9.18407,1.00,1.00
2016.11.17 02:54:27.381,9.18085,9.18411,1.00,1.00
2016.11.17 02:54:28.493,9.18066,9.18411,1.00,1.00
2016.11.17 02:54:28.605,9.18053,9.18401,1.00,1.00
2016.11.17 02:54:28.656,9.18053,9.18391,1.00,1.00
2016.11.17 02:54:29.567,9.18054,9.18391,1.00,1.00
2016.11.17 02:54:30.872,9.18055,9.18391,1.00,1.00
2016.11.17 02:54:35.333,9.18046,9.18391,1.00,1.00
2016.11.17 02:54:35.909,9.18047,9.18391,1.00,1.00
2016.11.17 02:54:38.894,9.18046,9.18391,1.00,1.00
2016.11.17 02:54:40.598,9.18041,9.18389,1.00,1.00
2016.11.17 02:54:41.317,9.18033,9.1837,1.00,1.00
2016.11.17 02:54:42.303,9.18036,9.1837,1.00,1.00
2016.11.17 02:54:44.206,9.18037,9.1837,1.00,1.00
2016.11.17 02:54:49.726,9.18035,9.1837,1.00,1.00
2016.11.17 02:54:57.330,9.18035,9.18367,1.00,1.00
2016.11.17 02:55:03.676,9.1804,9.18367,1.00,1.00
2016.11.17 02:55:04.769,9.18041,9.18367,1.00,1.00
2016.11.17 02:55:17.333,9.18041,9.1837,1.00,1.00
2016.11.17 02:55:19.791,9.1804,9.1837,1.00,1.00
2016.11.17 02:55:23.996,9.18038,9.1837,1.00,1.00
2016.11.17 02:55:31.210,9.18036,9.1837,1.00,1.00
2016.11.17 02:55:34.841,9.18038,9.1837,1.00,1.00
2016.11.17 02:55:37.334,9.18038,9.18357,1.00,1.00
2016.11.17 02:55:47.333,9.18038,9.18366,1.00,1.00
2016.11.17 02:55:49.844,9.18041,9.18366,1.00,1.00
2016.11.17 02:55:51.246,9.18044,9.18366,1.00,1.00
2016.11.17 02:55:54.049,9.18041,9.18366,1.00,1.00
2016.11.17 02:55:57.333,9.18041,9.18367,1.00,1.00
2016.11.17 02:55:57.383,9.18041,9.18357,1.00,1.00
2016.11.17 02:56:04.864,9.18039,9.18357,1.00,1.00
2016.11.17 02:56:07.333,9.18039,9.18356,1.00,1.00
2016.11.17 02:56:09.069,9.1804,9.18356,1.00,1.00
2016.11.17 02:56:17.333,9.1804,9.18337,1.00,1.00
2016.11.17 02:56:17.860,9.18045,9.18337,1.00,1.00
2016.11.17 02:56:19.897,9.18046,9.18337,1.00,1.00
2016.11.17 02:56:21.800,9.18075,9.18337,1.00,1.00
2016.11.17 02:56:22.083,9.18075,9.18387,1.00,1.00
2016.11.17 02:56:22.802,9.1808,9.18387,1.00,1.00
2016.11.17 02:56:22.931,9.18052,9.18387,1.00,1.00
2016.11.17 02:56:23.923,9.18047,9.18386,1.00,1.00
2016.11.17 02:56:24.004,9.18051,9.18387,1.00,1.00
2016.11.17 02:56:32.084,9.18051,9.18367,1.00,1.00
2016.11.17 02:56:34.918,9.18054,9.18367,1.00,1.00
2016.11.17 02:56:39.124,9.18052,9.18367,1.00,1.00
2016.11.17 02:56:42.083,9.18052,9.18357,1.00,1.00
2016.11.17 02:56:44.333,9.18059,9.18357,1.00,1.00
2016.11.17 02:56:49.847,9.18075,9.18357,1.00,1.00
2016.11.17 02:56:50.847,9.18084,9.18357,1.00,1.00
2016.11.17 02:56:52.133,9.18084,9.18387,1.00,1.00
2016.11.17 02:56:54.153,9.18083,9.18387,1.00,1.00
2016.11.17 02:56:57.010,9.18099,9.18387,1.00,1.00
2016.11.17 02:57:02.117,9.18099,9.18417,1.00,1.00
2016.11.17 02:57:04.980,9.18095,9.18417,1.00,1.00
2016.11.17 02:57:05.530,9.18108,9.18417,1.00,1.00
2016.11.17 02:57:05.846,9.18119,9.18417,1.00,1.00
2016.11.17 02:57:06.168,9.1814,9.18417,1.00,1.00
2016.11.17 02:57:06.686,9.18131,9.18417,1.00,1.00
2016.11.17 02:57:06.887,9.18136,9.18417,1.00,1.00
2016.11.17 02:57:09.192,9.18137,9.18417,1.00,1.00
2016.11.17 02:57:12.097,9.18137,9.18447,1.00,1.00
2016.11.17 02:57:15.503,9.18135,9.18447,1.00,1.00
2016.11.17 02:57:15.703,9.1813,9.18447,1.00,1.00
2016.11.17 02:57:16.504,9.18125,9.18447,1.00,1.00
2016.11.17 02:57:20.009,9.18126,9.18447,1.00,1.00
2016.11.17 02:57:20.209,9.1812,9.18447,1.00,1.00
2016.11.17 02:57:20.411,9.18096,9.18445,1.00,1.00
2016.11.17 02:57:20.512,9.18088,9.18435,1.00,1.00
2016.11.17 02:57:21.415,9.18092,9.18441,1.00,1.00
2016.11.17 02:57:24.221,9.18094,9.18443,1.00,1.00
2016.11.17 02:57:30.655,9.18094,9.18416,1.00,1.00
2016.11.17 02:57:33.857,9.18086,9.18416,1.00,1.00
2016.11.17 02:57:35.040,9.18083,9.18416,1.00,1.00
2016.11.17 02:57:40.655,9.18083,9.18397,1.00,1.00
2016.11.17 02:57:48.281,9.18052,9.18397,1.00,1.00
2016.11.17 02:57:48.382,9.18061,9.18397,1.00,1.00
2016.11.17 02:57:48.910,9.18062,9.18397,1.00,1.00
2016.11.17 02:57:49.465,9.18065,9.18397,1.00,1.00
2016.11.17 02:57:50.375,9.18064,9.18397,1.00,1.00
2016.11.17 02:57:50.868,9.18058,9.18387,1.00,1.00
2016.11.17 02:57:52.072,9.18063,9.18387,1.00,1.00
2016.11.17 02:57:54.276,9.18061,9.18387,1.00,1.00
2016.11.17 02:57:54.510,9.18058,9.18387,1.00,1.00
2016.11.17 02:57:55.481,9.18057,9.18387,1.00,1.00
2016.11.17 02:57:57.084,9.18056,9.18387,1.00,1.00
2016.11.17 02:58:00.654,9.18056,9.18377,1.00,1.00
2016.11.17 02:58:05.099,9.18054,9.18377,1.00,1.00
2016.11.17 02:58:05.700,9.18043,9.18377,1.00,1.00
2016.11.17 02:58:05.941,9.18049,9.18377,1.00,1.00
2016.11.17 02:58:06.703,9.18045,9.18377,1.00,1.00
2016.11.17 02:58:10.704,9.18045,9.18357,1.00,1.00
2016.11.17 02:58:17.922,9.18049,9.18357,1.00,1.00
2016.11.17 02:58:18.265,9.18012,9.18357,1.00,1.00
2016.11.17 02:58:18.367,9.18002,9.18351,1.00,1.00
2016.11.17 02:58:18.529,9.17993,9.18342,1.00,1.00
2016.11.17 02:58:18.867,9.1801,9.18357,1.00,1.00
2016.11.17 02:58:19.190,9.18044,9.18357,1.00,1.00
2016.11.17 02:58:19.658,9.18057,9.18357,1.00,1.00
2016.11.17 02:58:20.330,9.18058,9.18357,1.00,1.00
2016.11.17 02:58:20.667,9.18058,9.18387,1.00,1.00
2016.11.17 02:58:22.334,9.18053,9.18387,1.00,1.00
2016.11.17 02:58:22.535,9.18056,9.18387,1.00,1.00
2016.11.17 02:58:23.409,9.18052,9.18387,1.00,1.00
2016.11.17 02:58:25.241,9.18056,9.18387,1.00,1.00
2016.11.17 02:58:26.273,9.18052,9.18387,1.00,1.00
2016.11.17 02:58:29.163,9.18057,9.18387,1.00,1.00
2016.11.17 02:58:30.655,9.18057,9.18347,1.00,1.00
2016.11.17 02:58:35.161,9.18055,9.18347,1.00,1.00
2016.11.17 02:58:35.663,9.18052,9.18347,1.00,1.00
2016.11.17 02:58:36.265,9.18056,9.18347,1.00,1.00
2016.11.17 02:58:36.666,9.18052,9.18347,1.00,1.00
2016.11.17 02:58:39.192,9.18056,9.18347,1.00,1.00
2016.11.17 02:58:46.186,9.18052,9.18347,1.00,1.00
2016.11.17 02:58:46.669,9.18046,9.18347,1.00,1.00
2016.11.17 02:58:47.791,9.1804,9.18347,1.00,1.00
2016.11.17 02:58:53.746,9.18045,9.18347,1.00,1.00
2016.11.17 02:59:03.423,9.18019,9.18347,1.00,1.00
2016.11.17 02:59:03.538,9.18022,9.18347,1.00,1.00
2016.11.17 02:59:03.909,9.18033,9.18347,1.00,1.00
2016.11.17 02:59:04.620,9.18039,9.18347,1.00,1.00
2016.11.17 02:59:05.622,9.18038,9.18347,1.00,1.00
2016.11.17 02:59:05.924,9.18044,9.18347,1.00,1.00
2016.11.17 02:59:10.705,9.18044,9.18377,1.00,1.00
2016.11.17 02:59:22.501,9.18023,9.18365,1.00,1.00
2016.11.17 02:59:22.602,9.18015,9.18365,1.00,1.00
2016.11.17 02:59:22.703,9.18008,9.18356,1.00,1.00
2016.11.17 02:59:23.657,9.18005,9.18355,1.00,1.00
2016.11.17 02:59:24.459,9.18008,9.18359,1.00,1.00
2016.11.17 02:59:25.463,9.18009,9.1836,1.00,1.00
2016.11.17 02:59:27.266,9.18009,9.18362,1.00,1.00
2016.11.17 02:59:29.474,9.18005,9.18358,1.00,1.00
2016.11.17 02:59:30.277,9.18008,9.18361,1.00,1.00
2016.11.17 02:59:30.654,9.18004,9.18357,1.00,1.50
2016.11.17 02:59:33.583,9.18004,9.18347,1.00,1.00
2016.11.17 02:59:33.634,9.17992,9.18347,1.00,1.00
2016.11.17 02:59:33.735,9.17988,9.1834,1.00,1.00
2016.11.17 02:59:34.690,9.17994,9.18347,1.00,1.50
2016.11.17 02:59:34.790,9.18002,9.18347,1.00,1.00
2016.11.17 02:59:35.792,9.18003,9.18347,1.00,1.00
2016.11.17 02:59:36.494,9.17999,9.18347,1.00,1.00
2016.11.17 02:59:36.898,9.18004,9.18347,1.00,1.00
2016.11.17 02:59:37.497,9.17999,9.18347,1.00,1.00
2016.11.17 02:59:37.898,9.18004,9.18347,1.00,1.00
2016.11.17 02:59:38.514,9.17998,9.18347,1.00,1.00
2016.11.17 02:59:38.615,9.17977,9.1833,1.00,1.00
2016.11.17 02:59:38.716,9.17969,9.18341,1.00,1.00
2016.11.17 02:59:38.806,9.17969,9.18337,1.00,1.00
2016.11.17 02:59:38.907,9.17926,9.1831,1.00,1.00
2016.11.17 02:59:39.008,9.17951,9.1831,1.00,1.00
2016.11.17 02:59:39.059,9.17951,9.18328,1.00,1.00
2016.11.17 02:59:39.180,9.17951,9.18298,1.00,1.00
2016.11.17 02:59:39.231,9.17919,9.18298,1.00,1.00
2016.11.17 02:59:39.411,9.17963,9.18308,1.00,1.00
2016.11.17 02:59:39.513,9.17963,9.1833,1.00,1.00
2016.11.17 02:59:39.614,9.17964,9.18317,1.00,1.00
2016.11.17 02:59:39.937,9.1798,9.18333,1.00,1.00
2016.11.17 02:59:42.023,9.17986,9.18337,1.00,1.00
2016.11.17 02:59:43.014,9.17987,9.18337,1.00,1.00
2016.11.17 02:59:44.395,9.17971,9.18323,1.00,1.00
2016.11.17 02:59:44.528,9.17968,9.18312,1.00,1.00
2016.11.17 02:59:44.629,9.17959,9.18312,1.00,1.00
2016.11.17 02:59:44.730,9.1795,9.18302,1.00,1.00
2016.11.17 02:59:44.868,9.1794,9.18293,1.00,1.00
2016.11.17 02:59:45.019,9.17928,9.1828,1.00,1.00
2016.11.17 02:59:45.731,9.17923,9.18274,1.00,1.00
2016.11.17 02:59:47.089,9.17921,9.18274,1.00,1.00
2016.11.17 02:59:47.139,9.17914,9.18266,1.00,1.00
2016.11.17 02:59:48.245,9.1791,9.18262,1.00,1.00
2016.11.17 02:59:49.838,9.17924,9.18267,1.00,1.00
2016.11.17 02:59:50.289,9.17941,9.18267,1.00,1.00
2016.11.17 02:59:50.440,9.17932,9.18265,1.00,1.00
2016.11.17 02:59:50.934,9.17937,9.18267,1.00,1.00
2016.11.17 02:59:52.639,9.17941,9.18267,1.00,1.00
2016.11.17 02:59:54.543,9.17938,9.18267,1.00,1.00
2016.11.17 02:59:55.045,9.17951,9.18267,1.00,1.00
2016.11.17 02:59:55.550,9.17946,9.18267,1.00,1.00
2016.11.17 02:59:56.148,9.17942,9.18267,1.00,1.00
2016.11.17 02:59:57.152,9.17941,9.18267,1.00,1.00
