2008.12.29 11:00:01.977,7.6459,7.6517,1.20,2.80
2008.12.29 11:00:02.197,7.6459,7.6511,1.20,1.20
2008.12.29 11:00:02.257,7.6459,7.6517,1.40,1.20
2008.12.29 11:00:02.667,7.6459,7.6521,1.40,1.60
2008.12.29 11:00:03.187,7.6461,7.6523,1.00,1.20
2008.12.29 11:00:03.937,7.6465,7.6523,1.00,1.20
2008.12.29 11:00:04.227,7.6461,7.6523,1.00,1.20
2008.12.29 11:00:06.326,7.6464,7.6522,1.20,1.20
2008.12.29 11:00:07.916,7.647,7.6522,1.20,1.20
2008.12.29 11:00:07.966,7.6469,7.6522,1.00,1.20
2008.12.29 11:00:08.386,7.6459,7.6523,1.20,1.20
2008.12.29 11:00:09.176,7.6461,7.6523,1.00,1.20
2008.12.29 11:00:11.855,7.6464,7.6528,1.20,1.20
2008.12.29 11:00:12.195,7.6471,7.6528,1.00,1.20
2008.12.29 11:00:13.015,7.6475,7.6527,1.20,1.20
2008.12.29 11:00:13.764,7.6471,7.6528,1.00,1.20
2008.12.29 11:00:17.984,7.6471,7.6522,1.00,1.20
2008.12.29 11:00:18.513,7.647,7.6522,1.20,1.20
2008.12.29 11:00:18.913,7.647,7.6528,1.20,1.20
2008.12.29 11:00:19.153,7.647,7.6522,1.20,1.20
2008.12.29 11:00:19.663,7.647,7.6522,1.40,1.20
2008.12.29 11:00:24.112,7.6459,7.6523,1.20,1.20
2008.12.29 11:00:25.412,7.6462,7.6523,1.00,1.20
2008.12.29 11:00:25.862,7.6465,7.6517,1.20,1.20
2008.12.29 11:00:33.840,7.6454,7.6506,1.40,1.20
2008.12.29 11:00:34.299,7.6454,7.651,1.40,1.60
2008.12.29 11:00:34.580,7.6453,7.6517,1.20,1.20
2008.12.29 11:00:36.299,7.6452,7.6512,8.00,1.20
2008.12.29 11:00:38.578,7.6454,7.6512,1.20,1.20
2008.12.29 11:00:38.698,7.6455,7.6512,1.00,1.20
2008.12.29 11:00:47.717,7.6462,7.6514,1.20,2.80
2008.12.29 11:00:48.116,7.6455,7.6514,1.00,1.60
2008.12.29 11:00:48.696,7.6465,7.6517,1.00,1.20
2008.12.29 11:00:49.176,7.6462,7.6517,1.00,1.20
2008.12.29 11:00:49.456,7.6462,7.6512,1.00,1.20
2008.12.29 11:00:51.255,7.6465,7.6517,1.40,1.20
2008.12.29 11:00:52.746,7.6467,7.6519,1.20,1.20
2008.12.29 11:00:53.205,7.647,7.6522,1.40,1.20
2008.12.29 11:00:53.995,7.6475,7.6527,1.20,1.20
2008.12.29 11:00:55.224,7.6475,7.6533,1.20,1.20
2008.12.29 11:00:56.284,7.6486,7.6538,1.20,1.20
2008.12.29 11:00:58.304,7.6475,7.6533,1.20,1.20
2008.12.29 11:00:59.353,7.6477,7.6533,1.00,1.20
2008.12.29 11:01:00.153,7.6477,7.6527,1.00,1.20
2008.12.29 11:01:01.353,7.6475,7.6527,1.20,1.20
2008.12.29 11:01:02.993,7.6475,7.6533,1.20,1.20
2008.12.29 11:01:03.333,7.6475,7.6531,1.40,1.60
2008.12.29 11:01:03.903,7.6475,7.6533,1.20,1.20
2008.12.29 11:01:04.252,7.6464,7.6522,1.20,1.20
2008.12.29 11:01:05.252,7.6465,7.6517,1.20,1.20
2008.12.29 11:01:05.762,7.6466,7.6522,1.00,1.20
2008.12.29 11:01:07.211,7.647,7.6522,1.20,1.20
2008.12.29 11:01:07.782,7.6475,7.6527,1.20,1.20
2008.12.29 11:01:08.121,7.6469,7.6533,1.20,1.20
2008.12.29 11:01:09.002,7.6471,7.6528,1.00,1.20
2008.12.29 11:01:09.931,7.647,7.6522,1.40,1.20
2008.12.29 11:01:14.220,7.6471,7.6528,1.00,1.20
2008.12.29 11:01:14.690,7.6465,7.6517,1.20,1.20
2008.12.29 11:01:21.988,7.6459,7.6523,1.20,1.20
2008.12.29 11:01:22.278,7.6466,7.6523,1.00,1.20
2008.12.29 11:01:22.338,7.6459,7.6523,1.20,1.20
2008.12.29 11:01:23.868,7.6466,7.6522,1.00,1.20
2008.12.29 11:01:24.847,7.647,7.6522,1.20,1.20
2008.12.29 11:01:28.136,7.6475,7.6527,1.40,1.20
2008.12.29 11:01:30.626,7.6478,7.653,1.20,1.20
2008.12.29 11:01:30.746,7.6478,7.653,1.40,1.20
2008.12.29 11:01:31.386,7.6481,7.6533,1.20,1.20
2008.12.29 11:01:31.626,7.6481,7.6533,1.40,1.20
2008.12.29 11:01:31.915,7.6481,7.6526,1.00,1.20
2008.12.29 11:01:32.375,7.648,7.6526,1.20,1.20
2008.12.29 11:01:33.066,7.6491,7.6543,1.20,1.20
2008.12.29 11:01:33.245,7.6502,7.6548,1.20,1.20
2008.12.29 11:01:36.654,7.6507,7.6554,1.20,1.60
2008.12.29 11:01:36.945,7.6507,7.6559,1.20,1.20
2008.12.29 11:01:38.334,7.6507,7.6553,1.20,1.20
2008.12.29 11:01:39.454,7.6504,7.6548,1.20,1.20
2008.12.29 11:01:40.144,7.6505,7.6555,1.20,1.20
2008.12.29 11:01:41.924,7.6496,7.6556,1.00,1.20
2008.12.29 11:01:42.683,7.6494,7.655,1.20,1.20
2008.12.29 11:01:43.303,7.6495,7.655,1.00,1.20
2008.12.29 11:01:45.842,7.6494,7.6544,1.40,1.20
2008.12.29 11:01:46.582,7.6494,7.6544,1.20,1.20
2008.12.29 11:01:46.902,7.6494,7.655,1.20,1.20
2008.12.29 11:01:47.252,7.6495,7.655,1.00,1.20
2008.12.29 11:01:48.312,7.6495,7.6548,1.00,1.20
2008.12.29 11:01:48.721,7.6491,7.6548,1.20,1.20
2008.12.29 11:01:51.551,7.6485,7.6548,1.20,1.20
2008.12.29 11:01:52.771,7.6491,7.6548,1.20,1.20
2008.12.29 11:01:55.680,7.6486,7.6548,1.00,1.20
2008.12.29 11:01:56.210,7.6496,7.6547,1.20,1.20
2008.12.29 11:01:56.670,7.6485,7.6542,1.40,1.20
2008.12.29 11:01:56.960,7.6491,7.6542,1.20,1.20
2008.12.29 11:01:57.310,7.6491,7.6548,1.20,1.20
2008.12.29 11:01:58.189,7.6491,7.6548,1.40,1.20
2008.12.29 11:01:59.239,7.6492,7.6552,1.20,2.80
2008.12.29 11:01:59.639,7.6486,7.6552,1.20,1.20
2008.12.29 11:02:00.269,7.649,7.6552,1.00,2.80
2008.12.29 11:02:01.128,7.6491,7.6552,1.00,2.80
2008.12.29 11:02:02.718,7.6491,7.6552,1.00,1.60
2008.12.29 11:02:03.068,7.6481,7.6553,1.20,1.20
2008.12.29 11:02:03.648,7.6481,7.6547,1.20,1.20
2008.12.29 11:02:04.068,7.6485,7.6552,1.00,1.60
2008.12.29 11:02:04.558,7.6481,7.6547,1.20,1.20
2008.12.29 11:02:05.418,7.6485,7.6546,1.00,1.60
2008.12.29 11:02:06.427,7.6486,7.6546,1.00,1.60
2008.12.29 11:02:06.657,7.6486,7.6546,1.40,1.60
2008.12.29 11:02:07.107,7.6486,7.655,1.20,1.20
2008.12.29 11:02:07.347,7.6481,7.6533,1.20,1.20
2008.12.29 11:02:08.157,7.6486,7.655,1.20,1.20
2008.12.29 11:02:08.677,7.6491,7.6548,1.00,1.60
2008.12.29 11:02:09.097,7.648,7.6556,1.20,1.20
2008.12.29 11:02:09.487,7.6476,7.6556,1.00,1.20
2008.12.29 11:02:09.947,7.6484,7.6551,1.00,1.60
2008.12.29 11:02:10.356,7.6471,7.6551,1.00,1.20
2008.12.29 11:02:11.046,7.6475,7.6551,1.20,1.20
2008.12.29 11:02:11.526,7.648,7.6556,1.20,1.20
2008.12.29 11:02:11.986,7.648,7.655,1.20,1.20
2008.12.29 11:02:12.276,7.648,7.6556,1.20,1.20
2008.12.29 11:02:12.896,7.6488,7.6553,1.00,1.60
2008.12.29 11:02:13.186,7.6488,7.655,1.00,1.20
2008.12.29 11:02:13.416,7.6487,7.6548,1.00,1.60
2008.12.29 11:02:14.525,7.6475,7.6551,1.20,1.20
2008.12.29 11:02:14.755,7.647,7.6538,1.20,1.20
2008.12.29 11:02:16.205,7.6478,7.6538,1.00,1.20
2008.12.29 11:02:16.545,7.6473,7.6538,1.00,2.80
2008.12.29 11:02:16.825,7.6478,7.6538,1.00,1.20
2008.12.29 11:02:17.405,7.6476,7.6538,1.20,1.20
2008.12.29 11:02:17.935,7.6479,7.6543,1.00,1.20
2008.12.29 11:02:18.514,7.647,7.6538,1.20,1.20
2008.12.29 11:02:19.034,7.6476,7.6538,1.20,1.20
2008.12.29 11:02:19.594,7.6478,7.6538,1.00,1.20
2008.12.29 11:02:21.894,7.6479,7.6538,1.00,1.20
2008.12.29 11:02:22.593,7.648,7.6543,1.00,1.60
2008.12.29 11:02:23.173,7.6482,7.6543,1.00,1.60
2008.12.29 11:02:23.853,7.6498,7.6543,1.20,1.60
2008.12.29 11:02:24.433,7.6501,7.6548,1.00,1.20
2008.12.29 11:02:25.363,7.6497,7.6549,1.00,2.80
2008.12.29 11:02:25.763,7.6487,7.6549,1.20,1.20
2008.12.29 11:02:26.182,7.6493,7.6548,1.00,1.60
2008.12.29 11:02:28.432,7.6487,7.6548,1.00,1.60
2008.12.29 11:02:28.882,7.6478,7.6552,1.20,1.20
2008.12.29 11:02:29.112,7.6473,7.6553,1.20,1.20
2008.12.29 11:02:29.452,7.6482,7.6548,1.00,1.60
2008.12.29 11:02:30.662,7.6473,7.6547,1.20,1.20
2008.12.29 11:02:31.221,7.6474,7.6536,1.20,1.20
2008.12.29 11:02:31.961,7.6473,7.6541,1.20,1.20
2008.12.29 11:02:32.321,7.6479,7.6539,1.00,1.60
2008.12.29 11:02:38.129,7.648,7.6539,1.00,1.60
2008.12.29 11:02:41.909,7.648,7.6539,1.00,2.80
2008.12.29 11:02:41.959,7.6481,7.6537,1.00,1.60
2008.12.29 11:02:42.798,7.6487,7.6537,1.20,1.60
2008.12.29 11:02:43.189,7.6487,7.6539,1.20,1.20
2008.12.29 11:02:43.418,7.6492,7.6538,1.00,1.60
2008.12.29 11:02:45.158,7.6488,7.6537,1.00,1.60
2008.12.29 11:02:45.908,7.6481,7.6539,1.20,1.20
2008.12.29 11:02:46.408,7.6475,7.6539,1.20,1.20
2008.12.29 11:02:48.287,7.6482,7.6537,1.00,1.60
2008.12.29 11:02:50.037,7.6483,7.6539,1.00,1.20
2008.12.29 11:02:50.477,7.6475,7.6539,1.20,1.20
2008.12.29 11:02:51.126,7.6482,7.6537,1.00,1.60
2008.12.29 11:02:52.276,7.6482,7.6536,1.00,1.60
2008.12.29 11:02:57.845,7.649,7.6536,1.20,1.20
2008.12.29 11:02:58.195,7.6481,7.6545,1.20,1.20
2008.12.29 11:02:58.595,7.6475,7.6545,1.20,1.20
2008.12.29 11:03:01.104,7.6475,7.6539,1.20,1.20
2008.12.29 11:03:01.554,7.6481,7.6539,1.20,1.20
2008.12.29 11:03:06.683,7.6482,7.6528,1.20,1.20
2008.12.29 11:03:07.202,7.6486,7.6528,1.00,1.60
2008.12.29 11:03:07.543,7.6488,7.6536,1.00,1.60
2008.12.29 11:03:08.002,7.6488,7.6533,1.00,1.20
2008.12.29 11:03:08.182,7.6481,7.6533,1.20,1.20
2008.12.29 11:03:08.712,7.6487,7.6539,1.20,1.20
2008.12.29 11:03:09.232,7.6492,7.6537,1.00,1.60
2008.12.29 11:03:09.683,7.6481,7.6539,1.20,1.20
2008.12.29 11:03:10.182,7.6487,7.6539,1.20,1.20
2008.12.29 11:03:10.532,7.6492,7.6537,1.00,1.60
2008.12.29 11:03:19.010,7.6492,7.6537,1.40,1.60
2008.12.29 11:03:19.420,7.6496,7.6538,1.00,2.80
2008.12.29 11:03:21.999,7.6492,7.6544,1.20,1.20
2008.12.29 11:03:22.419,7.6486,7.6544,1.20,1.20
2008.12.29 11:03:23.179,7.6498,7.6544,1.20,1.20
2008.12.29 11:03:25.408,7.6503,7.6548,1.00,1.60
2008.12.29 11:03:25.818,7.6492,7.655,1.20,1.20
2008.12.29 11:03:25.938,7.6486,7.655,1.20,1.20
2008.12.29 11:03:27.698,7.6486,7.6544,1.20,1.20
2008.12.29 11:03:27.808,7.6493,7.6541,1.00,1.60
2008.12.29 11:03:31.787,7.6488,7.6542,1.00,1.60
2008.12.29 11:03:36.756,7.6493,7.6541,1.00,1.60
2008.12.29 11:03:37.805,7.6493,7.6539,1.00,1.20
2008.12.29 11:03:38.265,7.6507,7.655,1.00,1.60
2008.12.29 11:03:38.615,7.6491,7.6555,1.20,1.20
2008.12.29 11:03:39.135,7.6486,7.6556,1.20,1.20
2008.12.29 11:03:39.495,7.6493,7.6552,1.00,1.60
2008.12.29 11:03:43.574,7.6487,7.6539,1.20,1.20
2008.12.29 11:03:43.974,7.6486,7.6556,1.20,1.20
2008.12.29 11:03:44.324,7.6486,7.655,1.20,1.20
2008.12.29 11:03:44.723,7.6493,7.655,1.00,1.20
2008.12.29 11:03:45.023,7.6486,7.655,1.20,1.20
2008.12.29 11:03:46.623,7.6479,7.6544,1.20,1.20
2008.12.29 11:03:47.323,7.6479,7.6544,1.40,1.20
2008.12.29 11:03:48.993,7.6479,7.6544,1.20,1.20
2008.12.29 11:03:49.402,7.6473,7.6544,1.20,1.20
2008.12.29 11:03:50.032,7.6471,7.6544,1.00,2.80
2008.12.29 11:03:51.802,7.6473,7.6544,1.20,2.80
2008.12.29 11:03:52.262,7.6475,7.6538,1.00,1.20
2008.12.29 11:03:52.652,7.6473,7.6538,1.20,1.20
2008.12.29 11:03:53.132,7.6474,7.6533,1.20,1.20
2008.12.29 11:03:53.311,7.6475,7.6533,1.00,1.20
2008.12.29 11:03:57.670,7.6474,7.6533,1.20,1.20
2008.12.29 11:03:57.900,7.6473,7.6544,1.20,1.20
2008.12.29 11:03:59.270,7.6475,7.6544,1.00,1.20
2008.12.29 11:04:02.619,7.6479,7.6544,1.20,1.20
2008.12.29 11:04:02.799,7.648,7.6544,1.00,1.20
2008.12.29 11:04:03.199,7.6479,7.6544,1.20,1.20
2008.12.29 11:04:03.719,7.6483,7.6548,1.20,1.20
2008.12.29 11:04:04.169,7.6485,7.6548,1.00,1.20
2008.12.29 11:04:06.858,7.6495,7.6548,1.20,1.20
2008.12.29 11:04:07.198,7.6495,7.6543,1.20,1.20
2008.12.29 11:04:08.198,7.6495,7.6548,1.40,1.20
2008.12.29 11:04:09.418,7.6495,7.6543,1.40,1.20
2008.12.29 11:04:09.948,7.6495,7.6547,1.20,1.60
2008.12.29 11:04:10.348,7.6495,7.6548,1.20,1.20
2008.12.29 11:04:11.337,7.6495,7.6548,1.40,1.20
2008.12.29 11:04:12.317,7.6495,7.6548,1.20,1.20
2008.12.29 11:04:13.187,7.6495,7.6548,1.40,1.20
2008.12.29 11:04:14.216,7.6495,7.6548,1.20,1.20
2008.12.29 11:04:14.556,7.65,7.6548,1.20,1.20
2008.12.29 11:04:16.616,7.6495,7.6548,1.40,1.20
2008.12.29 11:04:17.196,7.6495,7.6551,1.00,1.60
2008.12.29 11:04:17.376,7.6496,7.6553,1.00,1.20
2008.12.29 11:04:18.816,7.6501,7.6553,1.00,1.20
2008.12.29 11:04:20.275,7.6502,7.6559,1.00,1.20
2008.12.29 11:04:20.605,7.6505,7.6559,1.20,1.20
2008.12.29 11:04:21.065,7.65,7.6559,1.20,1.20
2008.12.29 11:04:21.465,7.6502,7.6559,1.00,1.20
2008.12.29 11:04:38.141,7.65,7.6559,1.20,1.20
2008.12.29 11:04:41.020,7.6505,7.6559,1.20,1.20
2008.12.29 11:04:41.180,7.6511,7.6559,1.20,1.20
2008.12.29 11:04:41.530,7.6505,7.6559,1.20,1.20
2008.12.29 11:04:43.380,7.6511,7.6559,1.20,1.20
2008.12.29 11:04:44.549,7.6505,7.6559,1.20,1.20
2008.12.29 11:04:45.699,7.6505,7.6553,1.20,1.20
2008.12.29 11:04:46.109,7.6505,7.6559,1.20,1.20
2008.12.29 11:04:46.679,7.6505,7.6559,1.40,1.20
2008.12.29 11:04:47.518,7.65,7.6548,1.20,1.20
2008.12.29 11:04:47.858,7.65,7.6554,1.20,1.20
2008.12.29 11:04:47.969,7.6501,7.656,1.00,1.20
2008.12.29 11:04:49.318,7.65,7.6554,1.40,1.20
2008.12.29 11:04:49.558,7.65,7.656,1.20,1.20
2008.12.29 11:04:50.008,7.65,7.6554,1.20,1.20
2008.12.29 11:04:50.408,7.65,7.656,1.20,1.20
2008.12.29 11:04:51.337,7.6512,7.656,1.00,1.20
2008.12.29 11:04:51.677,7.65,7.656,1.20,1.20
2008.12.29 11:04:52.127,7.6501,7.656,1.00,1.20
2008.12.29 11:04:54.177,7.6502,7.656,1.00,1.20
2008.12.29 11:04:55.187,7.6504,7.6564,1.00,1.60
2008.12.29 11:04:57.286,7.6502,7.657,1.20,1.20
2008.12.29 11:04:57.756,7.6515,7.6565,1.00,1.60
2008.12.29 11:04:59.616,7.6519,7.6603,1.00,2.80
2008.12.29 11:05:00.535,7.6522,7.6603,1.20,2.80
2008.12.29 11:05:01.275,7.6524,7.6603,1.00,1.20
2008.12.29 11:05:01.515,7.6507,7.66,1.20,1.20
2008.12.29 11:05:02.395,7.6508,7.66,1.00,1.20
2008.12.29 11:05:04.184,7.6507,7.66,1.20,1.20
2008.12.29 11:05:05.274,7.6512,7.66045,1.20,1.60
2008.12.29 11:05:05.614,7.65065,7.6605,1.00,1.20
2008.12.29 11:05:06.244,7.6509,7.6605,1.00,1.20
2008.12.29 11:05:09.114,7.6509,7.6606,1.00,2.80
2008.12.29 11:05:09.634,7.6504,7.6594,1.00,1.20
2008.12.29 11:05:10.214,7.6501,7.6594,1.20,1.20
2008.12.29 11:05:10.443,7.6503,7.6594,1.00,1.20
2008.12.29 11:05:11.193,7.6507,7.6594,1.20,1.20
2008.12.29 11:05:11.533,7.6507,7.6594,1.40,1.20
2008.12.29 11:05:12.212,7.6502,7.6589,1.40,1.20
2008.12.29 11:05:13.012,7.6507,7.6593,1.20,1.60
2008.12.29 11:05:13.242,7.6507,7.6594,1.20,1.20
2008.12.29 11:05:14.182,7.6507,7.6594,1.40,1.20
2008.12.29 11:05:15.342,7.6508,7.6594,1.00,1.20
2008.12.29 11:05:16.092,7.6501,7.65965,1.20,1.60
2008.12.29 11:05:16.152,7.649,7.656,1.80,1.20
2008.12.29 11:05:16.551,7.6501,7.656,1.00,1.20
2008.12.29 11:05:17.471,7.6511,7.6565,1.20,1.20
2008.12.29 11:05:18.002,7.6511,7.6571,1.20,1.20
2008.12.29 11:05:18.571,7.6511,7.6571,1.40,1.20
2008.12.29 11:05:19.742,7.6522,7.6576,1.20,1.20
2008.12.29 11:05:20.201,7.6511,7.6577,1.20,1.20
2008.12.29 11:05:21.750,7.6511,7.6582,1.20,1.20
2008.12.29 11:05:22.040,7.6517,7.6571,1.20,1.20
2008.12.29 11:05:24.250,7.6511,7.6571,1.20,1.20
2008.12.29 11:05:25.179,7.6512,7.6571,1.00,1.20
2008.12.29 11:05:25.989,7.6517,7.6571,1.20,1.20
2008.12.29 11:05:26.389,7.6516,7.6576,1.20,1.20
2008.12.29 11:05:26.789,7.6516,7.6582,1.20,1.20
2008.12.29 11:05:27.409,7.6519,7.6582,1.00,1.20
2008.12.29 11:05:28.249,7.6516,7.6576,1.20,1.20
2008.12.29 11:05:28.609,7.6517,7.6576,1.00,1.20
2008.12.29 11:05:28.999,7.6517,7.6579,1.00,1.60
2008.12.29 11:05:29.588,7.6527,7.6581,1.20,1.20
2008.12.29 11:05:30.458,7.6525,7.6579,1.20,1.20
2008.12.29 11:05:30.678,7.6527,7.6581,1.20,1.20
2008.12.29 11:05:32.568,7.6527,7.6581,1.40,1.20
2008.12.29 11:05:34.217,7.6527,7.6581,1.20,1.20
2008.12.29 11:05:35.137,7.6527,7.6581,1.40,1.20
2008.12.29 11:05:36.397,7.6527,7.6587,1.20,1.20
2008.12.29 11:05:36.616,7.6529,7.6595,1.20,1.20
2008.12.29 11:05:36.897,7.653,7.6592,1.00,1.60
2008.12.29 11:05:38.476,7.6529,7.6595,1.20,1.20
2008.12.29 11:05:38.996,7.6536,7.658,1.20,1.20
2008.12.29 11:05:39.986,7.6535,7.6585,1.20,1.20
2008.12.29 11:05:40.566,7.6541,7.6585,1.20,1.20
2008.12.29 11:05:41.616,7.6535,7.6585,1.20,1.20
2008.12.29 11:05:42.145,7.6536,7.658,1.20,1.20
2008.12.29 11:05:42.725,7.6535,7.6585,1.20,1.20
2008.12.29 11:05:44.327,7.6535,7.6585,1.40,1.20
2008.12.29 11:05:44.675,7.6537,7.6587,1.20,1.20
2008.12.29 11:05:47.374,7.6543,7.6587,1.20,1.20
2008.12.29 11:05:53.523,7.6548,7.6592,1.20,1.20
2008.12.29 11:05:55.702,7.6545,7.6592,1.00,1.20
2008.12.29 11:05:55.862,7.6542,7.6592,1.20,1.20
2008.12.29 11:05:56.872,7.6543,7.6587,1.20,1.20
2008.12.29 11:05:59.711,7.6551,7.6593,1.20,1.60
2008.12.29 11:06:00.101,7.6551,7.6595,1.20,1.20
2008.12.29 11:06:00.621,7.6553,7.6597,1.20,1.20
2008.12.29 11:06:02.530,7.6551,7.6598,1.00,1.20
2008.12.29 11:06:02.990,7.6548,7.6598,1.20,1.20
2008.12.29 11:06:03.570,7.6553,7.6597,1.20,1.20
2008.12.29 11:06:04.320,7.6553,7.6603,1.40,1.20
2008.12.29 11:06:04.950,7.6553,7.6603,1.20,1.20
2008.12.29 11:06:05.130,7.6559,7.6603,1.20,1.20
2008.12.29 11:06:06.159,7.6564,7.6608,1.20,1.20
2008.12.29 11:06:07.959,7.6563,7.6603,1.00,1.20
2008.12.29 11:06:08.469,7.6559,7.6603,1.20,1.20
2008.12.29 11:06:10.089,7.6569,7.6613,1.20,1.20
2008.12.29 11:06:10.618,7.6575,7.6619,1.20,2.80
2008.12.29 11:06:11.189,7.6575,7.6619,1.20,1.20
2008.12.29 11:06:11.828,7.6558,7.6614,1.20,1.20
2008.12.29 11:06:13.088,7.6564,7.6608,1.20,1.20
2008.12.29 11:06:13.498,7.6564,7.6614,1.20,1.20
2008.12.29 11:06:13.908,7.6564,7.6608,1.20,1.20
2008.12.29 11:06:14.298,7.6564,7.6614,1.20,1.20
2008.12.29 11:06:15.097,7.6569,7.6613,1.20,1.20
2008.12.29 11:06:17.237,7.6564,7.6608,1.20,1.20
2008.12.29 11:06:18.917,7.6564,7.6614,1.20,1.20
2008.12.29 11:06:19.496,7.6564,7.6614,1.40,1.20
2008.12.29 11:06:20.066,7.6564,7.6618,1.40,1.60
2008.12.29 11:06:20.286,7.6565,7.6648,1.00,1.20
2008.12.29 11:06:21.196,7.6564,7.6648,1.20,1.20
2008.12.29 11:06:22.445,7.6566,7.6648,1.00,1.20
2008.12.29 11:06:27.274,7.657,7.6648,1.20,1.20
2008.12.29 11:06:27.734,7.657,7.6648,1.40,1.20
2008.12.29 11:06:27.964,7.6566,7.6648,1.00,1.20
2008.12.29 11:06:28.084,7.657,7.6648,1.20,1.20
2008.12.29 11:06:29.314,7.657,7.6648,1.40,1.20
2008.12.29 11:06:30.214,7.6575,7.6653,1.40,1.20
2008.12.29 11:06:30.593,7.6575,7.6659,1.20,1.20
2008.12.29 11:06:31.563,7.6577,7.6659,1.00,1.20
2008.12.29 11:06:31.673,7.6575,7.6659,1.20,1.20
2008.12.29 11:06:32.063,7.65675,7.6658,1.00,1.20
2008.12.29 11:06:32.473,7.6565,7.6658,1.20,1.20
2008.12.29 11:06:33.473,7.6566,7.6658,1.00,1.20
2008.12.29 11:06:33.993,7.6571,7.6658,1.20,1.20
2008.12.29 11:06:34.343,7.6571,7.6658,1.40,1.20
2008.12.29 11:06:34.753,7.6565,7.6658,1.20,1.20
2008.12.29 11:06:35.053,7.65625,7.6647,1.00,1.20
2008.12.29 11:06:35.402,7.656,7.6647,1.40,1.20
2008.12.29 11:06:35.924,7.6555,7.6642,1.40,1.20
2008.12.29 11:06:36.432,7.6555,7.6642,1.20,1.20
2008.12.29 11:06:37.432,7.656,7.6647,1.20,1.60
2008.12.29 11:06:37.892,7.656,7.6659,1.40,1.20
2008.12.29 11:06:38.552,7.6563,7.6659,1.00,1.20
2008.12.29 11:06:38.672,7.656,7.6659,1.40,1.20
2008.12.29 11:06:40.501,7.6563,7.6659,1.00,1.20
2008.12.29 11:06:41.021,7.6576,7.6664,1.00,1.20
2008.12.29 11:06:41.291,7.65645,7.6663,1.00,1.60
2008.12.29 11:06:41.761,7.65625,7.6663,1.00,1.60
2008.12.29 11:06:44.180,7.65655,7.6666,1.00,1.60
2008.12.29 11:06:46.120,7.657,7.6666,1.20,1.60
2008.12.29 11:06:46.520,7.65655,7.6664,1.00,1.20
2008.12.29 11:06:47.080,7.6563,7.6663,1.00,1.60
2008.12.29 11:06:47.370,7.65655,7.6666,1.00,1.60
2008.12.29 11:06:48.139,7.6576,7.6663,1.40,1.20
2008.12.29 11:06:48.999,7.6568,7.66685,1.00,1.60
2008.12.29 11:06:49.299,7.65655,7.6666,1.00,1.60
2008.12.29 11:06:50.539,7.656,7.6659,1.40,1.20
2008.12.29 11:06:50.939,7.6568,7.6658,1.00,1.20
2008.12.29 11:06:51.229,7.6568,7.66685,1.00,1.60
2008.12.29 11:06:51.749,7.6563,7.6663,1.00,1.60
2008.12.29 11:06:52.169,7.6565,7.6663,1.20,1.60
2008.12.29 11:06:52.629,7.65655,7.6664,1.00,1.20
2008.12.29 11:06:53.038,7.6566,7.663,1.00,1.20
2008.12.29 11:06:53.398,7.6565,7.6619,1.20,1.20
2008.12.29 11:06:53.748,7.6559,7.6625,1.20,1.20
2008.12.29 11:06:54.158,7.6561,7.6625,1.00,1.20
2008.12.29 11:06:54.458,7.656,7.6625,1.00,1.20
2008.12.29 11:06:55.268,7.6559,7.6619,1.40,1.20
2008.12.29 11:06:55.618,7.6559,7.6613,1.20,1.20
2008.12.29 11:06:56.497,7.6554,7.6614,1.20,1.20
2008.12.29 11:06:57.068,7.6554,7.6608,1.20,1.20
2008.12.29 11:06:58.537,7.6549,7.6608,1.00,1.20
2008.12.29 11:06:59.447,7.6549,7.6603,1.20,1.20
2008.12.29 11:07:00.217,7.6543,7.6603,1.20,1.20
2008.12.29 11:07:00.696,7.6544,7.6603,1.00,1.20
2008.12.29 11:07:01.246,7.6543,7.6603,1.20,1.20
2008.12.29 11:07:01.766,7.6543,7.6597,1.20,1.20
2008.12.29 11:07:03.296,7.6538,7.6592,1.20,1.20
2008.12.29 11:07:03.646,7.6526,7.6598,1.20,1.20
2008.12.29 11:07:03.986,7.6529,7.6598,1.00,1.20
2008.12.29 11:07:04.715,7.6532,7.6604,1.20,1.20
2008.12.29 11:07:05.516,7.6543,7.6603,1.20,1.20
2008.12.29 11:07:05.865,7.6545,7.6603,1.00,1.20
2008.12.29 11:07:06.436,7.6543,7.6603,1.20,1.20
2008.12.29 11:07:07.145,7.6535,7.6598,1.00,1.20
2008.12.29 11:07:09.114,7.6533,7.6592,1.00,1.20
2008.12.29 11:07:09.834,7.6538,7.6592,1.00,1.20
2008.12.29 11:07:10.204,7.6532,7.6592,1.20,1.20
2008.12.29 11:07:11.124,7.6533,7.6592,1.00,1.20
2008.12.29 11:07:11.684,7.6543,7.6595,1.20,1.60
2008.12.29 11:07:12.154,7.6543,7.6597,1.40,1.20
2008.12.29 11:07:12.484,7.6543,7.6609,1.20,1.20
2008.12.29 11:07:13.104,7.6543,7.6597,1.20,1.20
2008.12.29 11:07:13.503,7.6538,7.6592,1.20,1.20
2008.12.29 11:07:13.903,7.6532,7.6592,1.20,1.20
2008.12.29 11:07:16.243,7.6553,7.6619,1.20,1.20
2008.12.29 11:07:16.773,7.6559,7.6613,1.20,1.20
2008.12.29 11:07:17.192,7.6554,7.661,1.20,1.60
2008.12.29 11:07:17.522,7.654,7.6609,1.00,1.20
2008.12.29 11:07:20.072,7.6537,7.6609,1.20,1.20
2008.12.29 11:07:20.531,7.6537,7.6603,1.20,1.20
2008.12.29 11:07:20.992,7.6549,7.6603,1.20,1.20
2008.12.29 11:07:21.561,7.6537,7.6603,1.20,1.20
2008.12.29 11:07:22.261,7.654,7.6598,1.00,1.20
2008.12.29 11:07:22.871,7.6543,7.6603,1.20,1.20
2008.12.29 11:07:23.341,7.6545,7.6603,1.00,1.20
2008.12.29 11:07:27.710,7.6556,7.6603,1.00,1.20
2008.12.29 11:07:28.050,7.6556,7.6614,1.00,1.20
2008.12.29 11:07:29.020,7.6556,7.6616,1.00,1.60
2008.12.29 11:07:30.079,7.6556,7.6603,1.00,1.20
2008.12.29 11:07:30.479,7.6552,7.6614,1.00,1.20
2008.12.29 11:07:30.719,7.6542,7.6614,1.20,1.20
2008.12.29 11:07:37.158,7.6543,7.6603,1.20,1.20
2008.12.29 11:07:37.388,7.6549,7.6603,1.40,1.20
2008.12.29 11:07:38.957,7.6549,7.6597,1.00,1.20
2008.12.29 11:07:39.417,7.6543,7.6603,1.20,1.20
2008.12.29 11:07:40.117,7.6548,7.6614,1.20,1.20
2008.12.29 11:07:40.577,7.6552,7.6614,1.00,1.20
2008.12.29 11:07:40.917,7.6552,7.6615,1.00,1.60
2008.12.29 11:07:41.267,7.6552,7.6614,1.00,1.20
2008.12.29 11:07:42.377,7.6552,7.6615,1.00,1.60
2008.12.29 11:07:42.486,7.6552,7.6614,1.00,1.20
2008.12.29 11:07:42.896,7.6554,7.6608,1.20,1.20
2008.12.29 11:07:42.956,7.6555,7.6608,1.00,1.20
2008.12.29 11:07:46.376,7.6565,7.6619,1.20,1.20
2008.12.29 11:07:46.605,7.6565,7.6619,1.40,1.20
2008.12.29 11:07:47.805,7.6564,7.6624,1.20,1.20
2008.12.29 11:07:48.566,7.657,7.6624,1.20,1.20
2008.12.29 11:07:48.965,7.6576,7.663,1.40,1.20
2008.12.29 11:07:50.285,7.6571,7.6629,1.20,1.20
2008.12.29 11:07:50.704,7.6582,7.6634,1.20,1.20
2008.12.29 11:07:51.874,7.6577,7.6629,1.20,1.20
2008.12.29 11:07:52.494,7.6577,7.6629,1.40,1.20
2008.12.29 11:07:53.064,7.6577,7.6629,1.00,1.20
2008.12.29 11:07:53.303,7.6573,7.6629,1.00,1.20
2008.12.29 11:08:01.472,7.6582,7.6632,1.20,1.60
2008.12.29 11:08:02.002,7.6582,7.6634,1.40,1.20
2008.12.29 11:08:03.421,7.6588,7.6638,1.20,1.60
2008.12.29 11:08:04.001,7.6588,7.664,1.40,1.20
2008.12.29 11:08:04.471,7.6582,7.664,1.20,1.20
2008.12.29 11:08:05.441,7.6582,7.6634,1.40,1.20
2008.12.29 11:08:07.850,7.6588,7.664,1.40,1.20
2008.12.29 11:08:10.560,7.6593,7.6644,1.20,1.60
2008.12.29 11:08:10.980,7.6593,7.6645,1.40,1.20
2008.12.29 11:08:12.709,7.6589,7.6645,1.00,1.20
2008.12.29 11:08:12.829,7.6593,7.6645,1.20,1.20
2008.12.29 11:08:15.698,7.6593,7.6651,1.20,1.20
2008.12.29 11:08:19.727,7.6598,7.665,1.40,1.20
2008.12.29 11:08:25.226,7.6593,7.6651,1.20,1.20
2008.12.29 11:08:27.746,7.6593,7.6645,1.20,1.20
2008.12.29 11:08:28.835,7.6593,7.6651,1.20,1.20
2008.12.29 11:08:30.405,7.6598,7.665,1.20,1.20
2008.12.29 11:08:30.985,7.6598,7.6648,1.00,1.20
2008.12.29 11:08:31.215,7.659,7.6648,1.20,1.20
2008.12.29 11:08:32.324,7.659,7.6642,1.40,1.20
2008.12.29 11:08:33.064,7.6595,7.6647,1.40,1.20
2008.12.29 11:08:34.154,7.6595,7.6642,1.00,1.20
2008.12.29 11:08:34.264,7.659,7.6642,1.40,1.20
2008.12.29 11:08:43.582,7.6595,7.6646,1.20,1.60
2008.12.29 11:08:43.641,7.6595,7.6647,1.40,1.20
2008.12.29 11:08:48.760,7.6596,7.6678,1.20,3.20
2008.12.29 11:08:51.590,7.6601,7.6678,1.20,3.20
2008.12.29 11:08:52.050,7.66,7.6678,1.00,3.20
2008.12.29 11:08:52.520,7.6595,7.6678,1.20,3.20
2008.12.29 11:08:53.159,7.6596,7.6678,1.40,3.20
2008.12.29 11:08:53.569,7.6596,7.6678,1.20,3.20
2008.12.29 11:08:53.909,7.65945,7.6678,1.00,3.20
2008.12.29 11:08:57.498,7.65865,7.6671,1.20,1.20
2008.12.29 11:08:57.798,7.6584,7.6672,1.00,1.20
2008.12.29 11:09:01.497,7.65815,7.6672,1.00,1.20
2008.12.29 11:09:04.287,7.658,7.6666,1.20,1.20
2008.12.29 11:09:04.567,7.65815,7.6666,1.00,1.20
2008.12.29 11:09:05.077,7.6585,7.6671,1.20,1.20
2008.12.29 11:09:05.366,7.65865,7.6671,1.00,1.20
2008.12.29 11:09:05.997,7.65815,7.6672,1.00,1.20
2008.12.29 11:09:07.676,7.65785,7.6666,1.00,1.20
2008.12.29 11:09:09.175,7.658,7.6666,1.20,1.20
2008.12.29 11:09:09.585,7.65815,7.6666,1.00,1.20
2008.12.29 11:09:10.535,7.65785,7.6666,1.00,1.20
2008.12.29 11:09:11.125,7.65815,7.6666,1.00,1.20
2008.12.29 11:09:12.015,7.65785,7.6666,1.00,1.20
2008.12.29 11:09:13.824,7.6576,7.6667,1.00,2.80
2008.12.29 11:09:14.174,7.6576,7.6667,1.00,1.20
2008.12.29 11:09:14.514,7.6582,7.6672,1.00,1.20
2008.12.29 11:09:14.744,7.6582,7.6671,1.00,1.20
2008.12.29 11:09:15.704,7.6582,7.6666,1.00,1.20
2008.12.29 11:09:16.273,7.6574,7.666,1.80,1.20
2008.12.29 11:09:16.614,7.6574,7.666,1.20,1.20
2008.12.29 11:09:17.344,7.6575,7.666,1.00,1.20
2008.12.29 11:09:18.293,7.6575,7.6661,1.00,1.20
2008.12.29 11:09:18.623,7.65625,7.6661,1.00,1.20
2008.12.29 11:09:19.093,7.656,7.66605,1.00,1.60
2008.12.29 11:09:19.953,7.65575,7.6655,1.00,1.60
2008.12.29 11:09:20.413,7.6563,7.6655,1.20,1.20
2008.12.29 11:09:34.239,7.6566,7.6655,1.00,1.20
2008.12.29 11:09:48.056,7.6562,7.6655,1.00,1.60
2008.12.29 11:09:48.636,7.656,7.6656,1.00,1.20
2008.12.29 11:09:48.986,7.6563,7.6655,1.20,1.20
2008.12.29 11:09:51.035,7.6569,7.6655,1.20,1.20
2008.12.29 11:09:51.485,7.657,7.6656,1.00,1.20
2008.12.29 11:09:52.065,7.656,7.6656,1.00,1.20
2008.12.29 11:09:53.845,7.6563,7.6655,1.20,1.20
2008.12.29 11:09:54.304,7.6564,7.665,1.20,1.20
2008.12.29 11:09:56.404,7.656,7.665,1.00,1.20
2008.12.29 11:09:57.154,7.656,7.6645,1.00,1.20
2008.12.29 11:09:57.804,7.65625,7.665,1.00,1.20
2008.12.29 11:09:58.603,7.6554,7.665,1.80,1.20
2008.12.29 11:09:59.063,7.6566,7.665,1.00,1.20
2008.12.29 11:09:59.453,7.65625,7.665,1.00,1.20
2008.12.29 11:09:59.903,7.6566,7.665,1.00,1.20
2008.12.29 11:10:01.453,7.65655,7.665,1.00,1.20
2008.12.29 11:10:07.001,7.65625,7.665,1.00,1.20
2008.12.29 11:10:07.941,7.6571,7.6655,1.00,1.20
2008.12.29 11:10:09.351,7.6568,7.6656,1.00,1.20
2008.12.29 11:10:09.811,7.65655,7.6656,1.00,1.20
2008.12.29 11:10:10.111,7.65555,7.6656,1.80,1.20
2008.12.29 11:10:10.401,7.6571,7.6655,1.00,1.20
2008.12.29 11:10:19.699,7.6569,7.6655,1.20,1.20
2008.12.29 11:10:19.868,7.65655,7.6656,1.00,2.80
2008.12.29 11:10:20.168,7.65655,7.665,1.00,1.20
2008.12.29 11:10:21.118,7.65625,7.665,1.00,1.20
2008.12.29 11:10:24.038,7.6554,7.665,1.80,1.20
2008.12.29 11:10:24.337,7.6566,7.665,1.00,1.20
2008.12.29 11:10:27.687,7.65625,7.665,1.00,1.20
2008.12.29 11:10:30.057,7.6566,7.665,1.00,1.20
2008.12.29 11:10:30.906,7.65705,7.6655,1.00,1.20
2008.12.29 11:10:32.345,7.6576,7.6661,1.00,1.20
2008.12.29 11:10:32.855,7.65785,7.6666,1.00,1.20
2008.12.29 11:10:33.665,7.65785,7.6661,1.00,1.20
2008.12.29 11:10:34.066,7.65815,7.6661,1.00,1.20
2008.12.29 11:10:34.805,7.6584,7.6672,1.00,1.20
2008.12.29 11:10:35.435,7.65815,7.6672,1.00,1.20
2008.12.29 11:10:36.354,7.6585,7.6671,1.20,1.20
2008.12.29 11:10:36.864,7.6587,7.6671,1.00,1.20
2008.12.29 11:10:38.314,7.6587,7.6674,1.00,1.60
2008.12.29 11:10:38.714,7.6592,7.6678,1.00,3.20
2008.12.29 11:10:39.993,7.65945,7.6678,1.00,3.20
2008.12.29 11:10:40.763,7.6592,7.6678,1.00,3.20
2008.12.29 11:10:42.303,7.65895,7.6677,1.00,1.20
2008.12.29 11:10:42.993,7.65865,7.6671,1.00,1.20
2008.12.29 11:10:46.032,7.65865,7.6672,1.00,1.20
2008.12.29 11:10:46.562,7.6584,7.6672,1.00,1.20
2008.12.29 11:10:48.502,7.6587,7.6672,1.00,1.20
2008.12.29 11:10:48.791,7.6584,7.6672,1.00,1.20
2008.12.29 11:10:49.251,7.65865,7.6672,1.00,1.20
2008.12.29 11:10:49.762,7.6584,7.6672,1.00,1.20
2008.12.29 11:10:50.103,7.6587,7.6677,1.20,1.20
2008.12.29 11:10:50.461,7.659,7.6677,1.00,1.20
2008.12.29 11:10:51.381,7.659,7.6676,1.00,1.60
2008.12.29 11:10:52.191,7.6591,7.6676,1.00,1.60
2008.12.29 11:10:53.040,7.659,7.6677,1.00,1.20
2008.12.29 11:10:53.490,7.6586,7.667,1.00,1.60
2008.12.29 11:10:56.460,7.6581,7.6671,1.20,1.20
2008.12.29 11:10:56.859,7.6582,7.6672,1.00,1.20
2008.12.29 11:10:57.439,7.6579,7.6672,1.00,1.20
2008.12.29 11:10:58.129,7.6579,7.6668,1.00,1.60
2008.12.29 11:10:58.579,7.6582,7.6669,1.00,1.60
2008.12.29 11:11:01.498,7.6586,7.667,1.00,1.60
2008.12.29 11:11:04.238,7.659,7.6678,1.00,3.20
2008.12.29 11:11:05.058,7.659,7.6678,1.00,4.80
2008.12.29 11:11:07.327,7.659,7.6678,1.00,3.20
2008.12.29 11:11:08.437,7.659,7.6678,1.00,4.80
2008.12.29 11:11:09.007,7.6588,7.6674,1.00,1.60
2008.12.29 11:11:10.766,7.6588,7.6673,1.00,1.60
2008.12.29 11:11:20.624,7.6589,7.6673,1.00,1.60
2008.12.29 11:11:21.523,7.659,7.6677,1.00,1.60
2008.12.29 11:11:23.373,7.65845,7.6677,1.00,2.80
2008.12.29 11:11:24.004,7.65845,7.6678,1.00,3.20
2008.12.29 11:11:24.173,7.6587,7.6678,1.00,3.20
2008.12.29 11:11:26.412,7.6587,7.6677,1.00,1.20
2008.12.29 11:11:26.872,7.6575,7.6672,1.80,1.60
2008.12.29 11:11:27.622,7.6586,7.6672,1.20,1.60
2008.12.29 11:11:28.032,7.6594,7.6677,1.00,1.20
2008.12.29 11:11:28.262,7.659,7.6678,1.00,3.20
2008.12.29 11:11:29.931,7.659,7.6677,1.00,1.20
2008.12.29 11:11:30.102,7.659,7.6678,1.00,3.20
2008.12.29 11:11:37.769,7.65925,7.6678,1.00,3.20
2008.12.29 11:11:40.139,7.6593,7.6674,1.00,1.60
2008.12.29 11:11:40.619,7.6595,7.6678,1.00,3.20
2008.12.29 11:11:41.209,7.65925,7.6678,1.00,3.20
2008.12.29 11:11:42.719,7.6597,7.6678,1.20,3.20
2008.12.29 11:11:43.568,7.6604,7.6678,1.00,3.20
2008.12.29 11:11:44.018,7.65925,7.6678,1.00,3.20
2008.12.29 11:11:44.658,7.6604,7.6678,1.00,3.20
2008.12.29 11:11:47.307,7.6594,7.6678,1.00,4.80
2008.12.29 11:11:47.987,7.65925,7.6678,1.00,3.20
2008.12.29 11:11:49.367,7.659,7.6677,1.00,1.60
2008.12.29 11:11:51.906,7.6592,7.6677,1.20,1.60
2008.12.29 11:11:52.026,7.6595,7.6678,1.00,3.20
2008.12.29 11:11:52.396,7.6587,7.6678,1.00,3.20
2008.12.29 11:11:52.616,7.659,7.6678,1.00,3.20
2008.12.29 11:11:53.667,7.65925,7.6678,1.00,3.20
2008.12.29 11:11:54.426,7.6583,7.6678,1.60,3.20
2008.12.29 11:11:54.895,7.66,7.6678,1.00,3.20
2008.12.29 11:12:06.563,7.6604,7.6678,1.00,3.20
2008.12.29 11:12:10.512,7.66,7.6678,1.00,3.20
2008.12.29 11:12:13.041,7.66005,7.6678,1.00,3.20
2008.12.29 11:12:14.801,7.6598,7.6678,1.00,3.20
2008.12.29 11:12:15.511,7.65935,7.6678,1.60,3.20
2008.12.29 11:12:16.200,7.66085,7.6678,1.00,3.20
2008.12.29 11:12:19.560,7.6611,7.6678,1.00,3.20
2008.12.29 11:12:20.089,7.66085,7.6678,1.00,3.20
2008.12.29 11:12:20.869,7.6611,7.6678,1.00,3.20
2008.12.29 11:12:21.559,7.6603,7.6678,1.00,3.20
2008.12.29 11:12:23.919,7.6606,7.6678,1.00,3.20
2008.12.29 11:12:24.839,7.66005,7.6678,1.00,3.20
2008.12.29 11:12:26.168,7.6603,7.6678,1.00,3.20
2008.12.29 11:12:27.088,7.66855,7.6688,1.00,1.20
2008.12.29 11:12:48.403,7.66445,7.6688,2.00,1.20
2008.12.29 11:12:54.831,7.66465,7.6688,2.00,1.20
2008.12.29 11:12:55.291,7.6644,7.6688,2.00,1.20
2008.12.29 11:12:58.360,7.66465,7.6688,2.00,1.20
2008.12.29 11:13:00.050,7.6644,7.6688,2.00,1.20
2008.12.29 11:13:00.580,7.6648,7.6688,2.00,1.20
2008.12.29 11:13:01.219,7.66445,7.6688,2.00,1.20
2008.12.29 11:13:02.239,7.664,7.6688,2.00,1.20
2008.12.29 11:13:03.239,7.6635,7.6688,2.00,1.20
2008.12.29 11:13:03.979,7.6634,7.6688,2.00,1.20
2008.12.29 11:13:04.509,7.66355,7.6688,2.00,1.20
2008.12.29 11:13:05.669,7.6634,7.6688,2.00,1.20
2008.12.29 11:13:05.948,7.66385,7.6688,2.00,1.20
2008.12.29 11:13:06.479,7.66365,7.6688,2.00,1.20
2008.12.29 11:13:09.088,7.6643,7.6688,2.00,1.20
2008.12.29 11:13:09.617,7.66465,7.6688,2.00,1.20
2008.12.29 11:13:09.897,7.66445,7.6688,2.00,1.20
2008.12.29 11:13:13.916,7.66395,7.6688,2.00,1.20
2008.12.29 11:13:16.326,7.66365,7.6688,2.00,1.20
2008.12.29 11:13:16.786,7.6643,7.6688,2.00,1.20
2008.12.29 11:13:17.706,7.66355,7.6688,2.00,1.20
2008.12.29 11:13:18.226,7.66335,7.6688,2.00,1.20
2008.12.29 11:13:21.404,7.66355,7.6688,2.00,1.20
2008.12.29 11:13:22.664,7.6631,7.6688,2.00,1.20
2008.12.29 11:13:23.724,7.6633,7.6688,2.00,1.20
2008.12.29 11:13:24.284,7.6632,7.6688,2.00,1.20
2008.12.29 11:13:26.173,7.66405,7.6688,2.00,1.20
2008.12.29 11:13:27.354,7.66395,7.6688,2.00,1.20
2008.12.29 11:13:31.052,7.6641,7.6688,2.00,1.20
2008.12.29 11:13:36.471,7.66345,7.6688,2.00,1.20
2008.12.29 11:13:47.149,7.6643,7.6688,2.00,1.20
2008.12.29 11:13:50.168,7.6639,7.6688,2.00,1.20
2008.12.29 11:13:50.468,7.6639,7.6751,2.00,1.60
2008.12.29 11:13:51.098,7.6639,7.6748,2.00,1.60
2008.12.29 11:13:52.357,7.6639,7.6749,2.00,1.60
2008.12.29 11:13:54.207,7.6639,7.6748,2.00,1.60
2008.12.29 11:13:55.126,7.6639,7.6748,2.40,1.60
2008.12.29 11:13:56.396,7.6651,7.6748,1.00,1.60
2008.12.29 11:14:00.385,7.6634,7.677,2.00,1.20
2008.12.29 11:14:01.205,7.66375,7.677,2.00,1.20
2008.12.29 11:14:02.215,7.6655,7.6745,1.00,1.60
2008.12.29 11:14:03.195,7.6647,7.6743,1.00,1.60
2008.12.29 11:14:03.614,7.66375,7.6743,2.00,1.60
2008.12.29 11:14:03.945,7.6655,7.6745,1.00,1.60
2008.12.29 11:14:10.393,7.6655,7.6744,1.00,1.60
2008.12.29 11:14:18.401,7.6656,7.6744,1.00,1.60
2008.12.29 11:14:19.291,7.6657,7.6748,1.00,1.60
2008.12.29 11:14:20.970,7.66375,7.6747,2.00,1.60
2008.12.29 11:14:25.499,7.6653,7.6747,1.00,1.60
2008.12.29 11:14:42.785,7.664,7.6728,1.00,1.60
2008.12.29 11:14:44.385,7.6632,7.6728,2.00,1.60
2008.12.29 11:14:44.585,7.6648,7.6742,1.00,1.60
2008.12.29 11:14:45.115,7.6632,7.677,2.00,1.20
2008.12.29 11:14:45.354,7.66345,7.677,2.00,1.20
2008.12.29 11:14:45.714,7.6647,7.6747,1.00,1.60
2008.12.29 11:14:46.944,7.6635,7.6723,1.00,1.60
2008.12.29 11:14:48.164,7.6629,7.6717,1.00,1.60
2008.12.29 11:14:48.904,7.6632,7.6726,1.00,1.60
2008.12.29 11:14:49.354,7.6621,7.6763,1.00,1.00
2008.12.29 11:14:50.153,7.6629,7.6717,1.00,1.60
2008.12.29 11:14:51.063,7.6621,7.6752,1.00,1.00
2008.12.29 11:14:52.533,7.6625,7.6716,1.00,1.60
2008.12.29 11:14:52.822,7.6621,7.6728,1.00,1.60
2008.12.29 11:14:53.442,7.6621,7.6736,1.00,1.60
2008.12.29 11:14:53.602,7.6623,7.6733,2.00,1.60
2008.12.29 11:14:53.942,7.6621,7.6733,2.80,1.60
2008.12.29 11:14:54.343,7.66255,7.6733,2.00,1.60
2008.12.29 11:14:54.752,7.66255,7.67385,2.00,1.60
2008.12.29 11:14:55.442,7.66225,7.6736,2.00,1.60
2008.12.29 11:14:55.742,7.66255,7.67385,2.00,1.60
2008.12.29 11:14:56.272,7.66255,7.6736,2.00,1.60
2008.12.29 11:14:57.651,7.6621,7.67385,2.80,1.60
2008.12.29 11:14:57.821,7.6621,7.6733,2.80,1.60
2008.12.29 11:14:58.221,7.6621,7.6731,2.80,1.60
2008.12.29 11:14:58.841,7.66225,7.6731,2.00,1.60
2008.12.29 11:14:59.361,7.66225,7.6732,2.00,1.60
2008.12.29 11:15:02.410,7.6621,7.6732,1.00,1.60
2008.12.29 11:15:02.580,7.6621,7.6731,1.00,1.60
2008.12.29 11:15:03.040,7.6621,7.67305,1.00,1.60
2008.12.29 11:15:03.960,7.6621,7.6727,1.00,1.60
2008.12.29 11:15:05.290,7.6621,7.6726,1.00,1.60
2008.12.29 11:15:06.569,7.6621,7.6733,1.00,1.60
2008.12.29 11:15:07.079,7.6621,7.67305,1.00,1.60
2008.12.29 11:15:08.179,7.6621,7.6726,1.00,1.60
2008.12.29 11:15:10.469,7.6621,7.6727,1.00,1.60
2008.12.29 11:15:12.538,7.6625,7.6727,2.00,1.60
2008.12.29 11:15:12.928,7.66305,7.6744,2.00,1.60
2008.12.29 11:15:13.508,7.6634,7.6744,2.00,1.60
2008.12.29 11:15:13.958,7.6634,7.67465,2.00,1.60
2008.12.29 11:15:14.127,7.6634,7.6742,2.00,1.60
2008.12.29 11:15:15.837,7.6641,7.6748,2.00,1.60
2008.12.29 11:15:16.118,7.66315,7.67465,2.00,1.60
2008.12.29 11:15:16.507,7.66315,7.6751,2.00,1.60
2008.12.29 11:15:17.697,7.66315,7.6746,2.00,1.60
2008.12.29 11:15:18.057,7.66285,7.6749,2.00,1.60
2008.12.29 11:15:19.346,7.66285,7.6748,2.00,1.60
2008.12.29 11:15:19.936,7.6623,7.6748,2.00,1.60
2008.12.29 11:15:20.286,7.66245,7.6727,2.00,1.60
2008.12.29 11:15:20.746,7.6624,7.6741,2.00,1.60
2008.12.29 11:15:21.106,7.6624,7.6736,2.00,1.60
2008.12.29 11:15:21.506,7.66255,7.6736,2.00,1.60
2008.12.29 11:15:21.966,7.66255,7.67385,2.00,1.60
2008.12.29 11:15:22.195,7.66255,7.6735,2.00,1.60
2008.12.29 11:15:22.945,7.66215,7.6735,2.00,1.60
2008.12.29 11:15:23.385,7.6621,7.6733,1.00,1.60
2008.12.29 11:15:23.625,7.6621,7.6728,1.00,1.60
2008.12.29 11:15:23.915,7.6621,7.67225,1.00,1.60
2008.12.29 11:15:24.315,7.6621,7.6727,1.00,1.60
2008.12.29 11:15:24.775,7.6621,7.6705,1.00,1.60
2008.12.29 11:15:25.235,7.6621,7.6709,1.00,1.60
2008.12.29 11:15:26.044,7.6621,7.6713,1.00,1.60
2008.12.29 11:15:27.994,7.6621,7.6716,1.00,1.60
2008.12.29 11:15:30.004,7.6621,7.6713,1.00,1.60
2008.12.29 11:15:30.354,7.6621,7.672,1.00,1.60
2008.12.29 11:15:32.403,7.6621,7.6716,1.00,1.60
2008.12.29 11:15:33.174,7.6621,7.6725,1.00,1.60
2008.12.29 11:15:33.533,7.6621,7.67305,1.00,1.60
2008.12.29 11:15:33.763,7.66215,7.6735,2.00,1.60
2008.12.29 11:15:34.233,7.6621,7.67305,1.00,1.60
2008.12.29 11:15:36.922,7.6624,7.67305,2.00,1.60
2008.12.29 11:15:37.422,7.6624,7.6732,2.00,1.60
2008.12.29 11:15:37.872,7.6621,7.67455,1.00,1.60
2008.12.29 11:15:38.553,7.6621,7.674,1.00,1.60
2008.12.29 11:15:39.411,7.66255,7.6735,2.00,1.60
2008.12.29 11:15:40.171,7.66255,7.67385,2.00,1.60
2008.12.29 11:15:40.821,7.6624,7.67385,2.00,1.60
2008.12.29 11:15:41.181,7.6624,7.6731,2.00,1.60
2008.12.29 11:15:43.171,7.6628,7.6732,2.00,1.60
2008.12.29 11:15:43.391,7.6628,7.6741,2.00,1.60
2008.12.29 11:15:45.060,7.66285,7.6741,2.00,1.60
2008.12.29 11:15:46.510,7.66265,7.6741,2.00,1.60
2008.12.29 11:15:47.069,7.6624,7.6736,2.00,1.60
2008.12.29 11:15:47.480,7.6622,7.6736,2.00,1.60
2008.12.29 11:15:47.979,7.6622,7.6733,2.00,1.60
2008.12.29 11:15:50.469,7.6621,7.6743,1.00,3.20
2008.12.29 11:15:50.649,7.6621,7.674,1.00,1.60
2008.12.29 11:15:54.308,7.6621,7.67455,1.00,1.60
2008.12.29 11:15:55.178,7.66225,7.673,2.00,1.60
2008.12.29 11:15:55.587,7.66215,7.6733,2.00,1.60
2008.12.29 11:15:56.027,7.66235,7.6731,2.00,1.60
2008.12.29 11:15:58.147,7.66255,7.6731,2.00,1.60
2008.12.29 11:15:58.657,7.66235,7.6735,2.00,1.60
2008.12.29 11:15:58.996,7.66235,7.6736,2.00,1.60
2008.12.29 11:16:02.706,7.66255,7.6736,2.00,1.60
2008.12.29 11:16:02.986,7.66255,7.6732,2.00,1.60
2008.12.29 11:16:08.065,7.66255,7.6729,2.00,1.60
2008.12.29 11:16:10.374,7.66255,7.67385,2.00,1.60
2008.12.29 11:16:10.604,7.66255,7.6736,2.00,1.60
2008.12.29 11:16:11.064,7.66245,7.6732,2.00,1.60
2008.12.29 11:16:11.663,7.6624,7.6736,2.00,1.60
2008.12.29 11:16:12.183,7.66215,7.67385,2.00,1.60
2008.12.29 11:16:12.633,7.6621,7.6726,1.00,1.60
2008.12.29 11:16:13.033,7.6621,7.673,1.00,1.60
2008.12.29 11:16:14.243,7.66255,7.6732,2.00,1.60
2008.12.29 11:16:14.703,7.6621,7.67305,1.00,1.60
2008.12.29 11:16:15.732,7.6621,7.6724,1.00,1.60
2008.12.29 11:16:16.183,7.6621,7.6728,1.00,1.60
2008.12.29 11:16:16.643,7.6621,7.6735,1.00,1.60
2008.12.29 11:16:16.872,7.6621,7.6719,1.00,1.60
2008.12.29 11:16:23.711,7.6621,7.671,1.00,1.60
2008.12.29 11:16:26.740,7.6621,7.6705,1.00,1.60
2008.12.29 11:16:30.139,7.6621,7.67,1.00,1.60
2008.12.29 11:16:30.549,7.65965,7.67,2.00,1.60
2008.12.29 11:16:30.719,7.65915,7.6709,2.00,1.60
2008.12.29 11:16:31.069,7.65915,7.67065,2.00,1.60
2008.12.29 11:16:31.949,7.65935,7.67065,2.00,1.60
2008.12.29 11:16:32.229,7.65935,7.6704,2.00,1.60
2008.12.29 11:16:34.338,7.6596,7.6705,2.00,1.60
2008.12.29 11:16:34.738,7.6594,7.6705,2.00,1.60
2008.12.29 11:16:34.848,7.6594,7.6704,2.00,1.60
2008.12.29 11:16:36.918,7.6591,7.6704,2.00,1.60
2008.12.29 11:16:37.317,7.6593,7.67,2.00,1.60
2008.12.29 11:16:38.257,7.6596,7.6712,2.00,1.60
2008.12.29 11:16:38.477,7.6594,7.6704,2.00,1.60
2008.12.29 11:16:39.357,7.6591,7.6704,2.00,1.60
2008.12.29 11:16:40.047,7.6591,7.67,2.00,1.60
2008.12.29 11:16:40.517,7.6586,7.67,2.00,1.60
2008.12.29 11:16:41.086,7.6586,7.6694,2.00,1.60
2008.12.29 11:16:42.106,7.6583,7.6694,2.00,1.60
2008.12.29 11:16:42.736,7.6583,7.6693,2.00,1.60
2008.12.29 11:16:44.606,7.6585,7.6693,2.00,1.60
2008.12.29 11:16:45.065,7.6583,7.6694,2.00,1.60
2008.12.29 11:16:45.365,7.6583,7.66985,2.00,1.60
2008.12.29 11:16:46.755,7.65805,7.6689,2.00,1.60
2008.12.29 11:16:47.435,7.65755,7.6684,2.00,1.60
2008.12.29 11:16:53.543,7.65755,7.6678,2.00,1.60
2008.12.29 11:16:53.704,7.657,7.6678,2.00,1.60
2008.12.29 11:16:58.952,7.6567,7.6677,2.00,1.60
2008.12.29 11:16:59.062,7.65645,7.6677,2.00,1.60
2008.12.29 11:16:59.352,7.65645,7.6673,2.00,1.60
2008.12.29 11:17:00.502,7.6562,7.6672,2.00,1.60
2008.12.29 11:17:04.311,7.65605,7.6672,2.00,1.60
2008.12.29 11:17:04.421,7.65605,7.6674,2.00,1.60
2008.12.29 11:17:04.941,7.6558,7.6674,2.00,1.60
2008.12.29 11:17:05.171,7.6558,7.667,2.00,1.60
2008.12.29 11:17:05.291,7.6558,7.66745,2.00,1.60
2008.12.29 11:17:06.610,7.65525,7.6684,2.00,1.60
2008.12.29 11:17:07.150,7.65525,7.6665,2.00,1.60
2008.12.29 11:17:07.840,7.65475,7.6665,2.00,1.60
2008.12.29 11:17:08.370,7.65445,7.6661,2.00,1.60
2008.12.29 11:17:09.060,7.6534,7.6668,2.00,1.60
2008.12.29 11:17:09.580,7.6521,7.657,1.00,1.20
2008.12.29 11:17:09.850,7.6517,7.6565,1.20,1.20
2008.12.29 11:17:10.760,7.6521,7.6565,1.00,1.20
2008.12.29 11:17:11.219,7.65245,7.6564,1.00,1.20
2008.12.29 11:17:11.619,7.65295,7.66505,1.00,1.60
2008.12.29 11:17:12.009,7.65325,7.6582,1.00,1.20
2008.12.29 11:17:12.349,7.6522,7.6587,1.20,1.20
2008.12.29 11:17:13.219,7.6524,7.6587,1.00,1.20
2008.12.29 11:17:13.739,7.6524,7.658,1.00,1.20
2008.12.29 11:17:13.969,7.6523,7.658,1.00,1.20
2008.12.29 11:17:14.368,7.6515,7.66125,1.00,1.60
2008.12.29 11:17:15.168,7.6535,7.66285,1.00,1.60
2008.12.29 11:17:15.608,7.6524,7.6587,1.00,1.20
2008.12.29 11:17:16.068,7.6522,7.6587,1.20,1.20
2008.12.29 11:17:16.418,7.6521,7.6582,1.00,1.20
2008.12.29 11:17:17.048,7.6523,7.6582,1.20,1.20
2008.12.29 11:17:18.547,7.6523,7.6582,1.40,1.20
2008.12.29 11:17:23.196,7.6528,7.6581,1.20,1.20
2008.12.29 11:17:23.876,7.6528,7.6586,1.20,1.60
2008.12.29 11:17:24.616,7.653,7.6593,1.00,1.20
2008.12.29 11:17:25.177,7.6533,7.6592,1.20,1.20
2008.12.29 11:17:25.586,7.6534,7.6592,1.00,1.20
2008.12.29 11:17:26.326,7.6528,7.6593,1.20,1.20
2008.12.29 11:17:27.515,7.653,7.6593,1.00,1.20
2008.12.29 11:17:28.085,7.6528,7.6593,1.20,1.20
2008.12.29 11:17:29.075,7.653,7.6593,1.00,1.20
2008.12.29 11:17:29.685,7.653,7.6594,1.00,1.60
2008.12.29 11:17:29.855,7.653,7.6598,1.00,1.20
2008.12.29 11:17:30.135,7.6533,7.6598,1.20,1.20
2008.12.29 11:17:31.334,7.6535,7.6598,1.00,1.20
2008.12.29 11:17:31.914,7.6533,7.6592,1.20,1.20
2008.12.29 11:17:33.424,7.6534,7.6592,1.00,1.20
2008.12.29 11:17:34.523,7.6534,7.6587,1.40,1.20
2008.12.29 11:17:34.914,7.6534,7.6587,1.20,1.20
2008.12.29 11:17:35.954,7.6533,7.6591,1.40,1.60
2008.12.29 11:17:36.193,7.6534,7.6592,1.00,1.20
2008.12.29 11:17:37.043,7.6539,7.6592,1.20,1.20
2008.12.29 11:17:38.263,7.6539,7.6592,1.40,1.20
2008.12.29 11:17:38.732,7.654,7.6598,1.00,1.20
2008.12.29 11:17:39.822,7.6544,7.6601,1.40,1.60
2008.12.29 11:17:39.932,7.655,7.6603,1.40,1.20
2008.12.29 11:17:40.392,7.655,7.6603,1.20,1.20
2008.12.29 11:17:40.742,7.6549,7.6614,1.20,1.20
2008.12.29 11:17:41.082,7.6555,7.6614,1.20,1.20
2008.12.29 11:17:41.482,7.6556,7.6614,1.00,1.20
2008.12.29 11:17:42.042,7.6552,7.6614,1.00,1.20
2008.12.29 11:17:42.152,7.6544,7.6597,1.40,1.20
2008.12.29 11:17:42.782,7.6549,7.6605,1.20,1.60
2008.12.29 11:17:43.082,7.6549,7.6608,1.20,1.20
2008.12.29 11:17:43.491,7.6543,7.6614,1.20,1.20
2008.12.29 11:17:44.491,7.6546,7.6614,1.00,1.20
2008.12.29 11:17:45.531,7.6547,7.6609,1.00,1.20
2008.12.29 11:17:46.941,7.6555,7.6608,1.40,1.20
2008.12.29 11:17:48.370,7.6555,7.66,1.00,1.20
2008.12.29 11:17:48.840,7.6544,7.6597,1.20,1.20
2008.12.29 11:17:53.199,7.65335,7.6624,1.60,1.60
2008.12.29 11:17:53.479,7.654,7.6624,1.00,1.60
2008.12.29 11:17:53.929,7.65485,7.6666,1.00,1.00
2008.12.29 11:17:54.449,7.65405,7.6658,1.00,1.60
2008.12.29 11:17:56.588,7.65305,7.6658,1.80,1.60
2008.12.29 11:17:57.039,7.65455,7.6664,1.00,1.60
2008.12.29 11:17:57.328,7.6543,7.66635,1.00,1.60
2008.12.29 11:17:58.668,7.6543,7.6662,1.00,1.60
2008.12.29 11:17:58.898,7.65405,7.6666,1.00,1.80
2008.12.29 11:17:59.348,7.65405,7.6666,1.00,3.40
2008.12.29 11:18:03.257,7.65405,7.6656,1.00,1.60
2008.12.29 11:18:03.537,7.65375,7.6654,1.00,1.60
2008.12.29 11:18:03.946,7.6528,7.6654,1.60,1.60
2008.12.29 11:18:04.407,7.6543,7.66635,1.00,1.60
2008.12.29 11:18:04.646,7.6543,7.6659,1.00,1.60
2008.12.29 11:18:05.576,7.65455,7.6663,1.00,1.60
2008.12.29 11:18:06.446,7.65455,7.6666,1.00,1.00
2008.12.29 11:18:07.096,7.65455,7.6663,1.00,1.60
2008.12.29 11:18:13.314,7.65485,7.6666,1.00,1.00
2008.12.29 11:18:14.254,7.65385,7.6666,1.80,1.00
2008.12.29 11:18:14.604,7.65535,7.6666,1.00,1.00
2008.12.29 11:18:14.784,7.65465,7.6666,1.80,1.00
2008.12.29 11:18:15.024,7.6559,7.6666,1.00,1.00
2008.12.29 11:18:15.544,7.65535,7.6666,1.00,1.00
2008.12.29 11:18:17.633,7.6559,7.6666,1.00,1.00
2008.12.29 11:18:18.033,7.65615,7.6666,1.00,1.00
2008.12.29 11:18:18.423,7.6559,7.6666,1.00,1.00
2008.12.29 11:18:19.973,7.65655,7.6666,1.60,1.00
2008.12.29 11:18:20.323,7.6552,7.6666,2.20,1.00
2008.12.29 11:18:20.903,7.6567,7.6666,1.00,1.00
2008.12.29 11:18:21.702,7.65655,7.6666,1.60,1.00
2008.12.29 11:18:22.052,7.6567,7.6666,1.00,1.00
2008.12.29 11:18:22.392,7.65645,7.6666,1.00,1.00
2008.12.29 11:18:23.612,7.65775,7.6666,1.00,1.00
2008.12.29 11:18:24.212,7.6575,7.6666,1.00,1.00
2008.12.29 11:18:28.280,7.65655,7.6666,1.60,1.00
2008.12.29 11:18:28.960,7.6583,7.6666,1.00,1.00
2008.12.29 11:18:30.060,7.65855,7.6666,1.00,1.00
2008.12.29 11:18:30.350,7.6583,7.6666,1.00,1.00
2008.12.29 11:18:30.750,7.6575,7.6666,1.00,1.00
2008.12.29 11:18:32.710,7.65695,7.6666,1.00,1.00
2008.12.29 11:18:33.849,7.6567,7.6666,1.00,1.00
2008.12.29 11:18:34.289,7.65645,7.6666,1.00,1.00
2008.12.29 11:18:36.359,7.65695,7.6666,1.00,1.00
2008.12.29 11:18:36.829,7.65725,7.6666,1.00,1.00
2008.12.29 11:18:37.248,7.656,7.6666,1.60,1.00
2008.12.29 11:18:37.709,7.6575,7.6666,1.00,1.00
2008.12.29 11:18:39.118,7.65775,7.6666,1.00,1.00
2008.12.29 11:18:39.408,7.65705,7.6658,1.00,1.20
2008.12.29 11:18:42.127,7.65675,7.6653,1.00,1.20
2008.12.29 11:18:47.656,7.6585,7.6653,1.00,1.20
2008.12.29 11:18:47.826,7.6585,7.6659,1.00,1.60
2008.12.29 11:18:49.085,7.6587,7.6659,1.00,1.60
2008.12.29 11:18:50.075,7.6594,7.6659,1.00,1.60
2008.12.29 11:18:51.325,7.6597,7.6659,1.00,1.60
2008.12.29 11:18:52.115,7.6599,7.6659,1.00,1.60
2008.12.29 11:18:53.504,7.66,7.6659,1.00,1.60
2008.12.29 11:19:01.083,7.6595,7.6657,1.00,1.60
2008.12.29 11:19:02.412,7.6596,7.6657,1.00,1.60
2008.12.29 11:19:04.232,7.66,7.6658,1.00,1.60
2008.12.29 11:19:05.052,7.6596,7.6657,1.00,1.60
2008.12.29 11:19:05.522,7.6585,7.6666,1.00,1.00
2008.12.29 11:19:05.862,7.6596,7.6657,1.00,1.60
2008.12.29 11:19:11.490,7.6601,7.6658,1.00,1.60
2008.12.29 11:19:12.120,7.65825,7.6666,1.00,1.00
2008.12.29 11:19:12.400,7.6596,7.6656,1.00,1.60
2008.12.29 11:19:14.090,7.6601,7.6658,1.00,1.60
2008.12.29 11:19:14.559,7.6596,7.6656,1.00,1.60
2008.12.29 11:19:15.250,7.6579,7.6654,1.00,1.20
2008.12.29 11:19:24.117,7.6578,7.6652,1.40,1.60
2008.12.29 11:19:24.177,7.6583,7.6653,1.20,1.20
2008.12.29 11:19:25.097,7.6583,7.6653,1.40,1.20
2008.12.29 11:19:25.837,7.6583,7.6648,1.00,1.20
2008.12.29 11:19:26.306,7.6578,7.6648,1.40,1.20
2008.12.29 11:19:26.987,7.6578,7.6654,1.20,1.20
2008.12.29 11:19:27.456,7.658,7.6654,1.00,1.20
2008.12.29 11:19:33.355,7.6578,7.6648,1.40,1.20
2008.12.29 11:19:35.584,7.6578,7.6654,1.20,1.20
2008.12.29 11:19:37.724,7.658,7.6654,1.00,1.20
2008.12.29 11:19:40.644,7.6583,7.6653,1.20,1.20
2008.12.29 11:19:41.343,7.6578,7.6648,1.20,1.20
2008.12.29 11:19:41.734,7.6579,7.6648,1.00,1.20
2008.12.29 11:19:42.144,7.6578,7.6654,1.20,1.20
2008.12.29 11:19:42.483,7.658,7.6654,1.00,1.20
2008.12.29 11:19:44.472,7.6581,7.6655,1.00,1.60
2008.12.29 11:19:44.802,7.6581,7.6654,1.00,1.20
2008.12.29 11:19:45.772,7.6585,7.6653,1.00,1.20
2008.12.29 11:19:47.562,7.6578,7.6654,1.20,1.20
2008.12.29 11:19:48.192,7.6578,7.6648,1.20,1.20
2008.12.29 11:19:48.781,7.6575,7.6648,1.00,1.20
2008.12.29 11:19:49.871,7.6573,7.6643,1.20,1.20
2008.12.29 11:19:50.571,7.6561,7.6643,1.20,1.20
2008.12.29 11:19:50.921,7.65595,7.6652,1.00,1.20
2008.12.29 11:19:51.371,7.6565,7.6658,1.00,1.20
2008.12.29 11:19:51.550,7.657,7.6663,1.00,1.20
2008.12.29 11:19:52.300,7.657,7.6659,1.00,1.60
2008.12.29 11:19:52.470,7.6562,7.6659,1.60,1.60
2008.12.29 11:19:52.820,7.6577,7.666,1.00,1.60
2008.12.29 11:19:53.500,7.6562,7.6655,1.80,1.60
2008.12.29 11:19:53.740,7.6562,7.6655,3.00,1.60
2008.12.29 11:19:54.291,7.6577,7.6666,1.00,1.00
2008.12.29 11:19:54.400,7.65745,7.6661,1.00,1.20
2008.12.29 11:19:54.700,7.6581,7.6651,1.00,1.60
2008.12.29 11:19:54.870,7.65745,7.6661,1.00,1.20
2008.12.29 11:19:56.289,7.658,7.6652,1.00,1.60
2008.12.29 11:19:56.699,7.65745,7.6661,1.00,1.20
2008.12.29 11:19:57.329,7.6584,7.6661,1.20,1.20
2008.12.29 11:19:57.729,7.6584,7.6666,1.20,1.00
2008.12.29 11:19:58.399,7.6592,7.6666,1.00,1.00
2008.12.29 11:20:00.129,7.65945,7.6666,1.00,1.00
2008.12.29 11:20:01.108,7.6592,7.6666,1.20,1.00
2008.12.29 11:20:02.768,7.6592,7.6666,1.00,1.00
2008.12.29 11:20:03.757,7.66025,7.6666,1.00,1.00
2008.12.29 11:20:06.947,7.66,7.6666,1.00,1.00
2008.12.29 11:20:07.007,7.66025,7.6666,1.00,1.00
2008.12.29 11:20:07.977,7.6592,7.6666,1.00,1.00
2008.12.29 11:20:08.966,7.66025,7.6666,1.00,1.00
2008.12.29 11:20:12.186,7.66025,7.666,1.00,1.20
2008.12.29 11:20:12.886,7.6595,7.666,1.20,1.20
2008.12.29 11:20:13.455,7.6596,7.666,1.00,1.20
2008.12.29 11:20:17.425,7.6597,7.666,1.00,1.20
2008.12.29 11:20:19.554,7.6597,7.6662,1.00,1.60
2008.12.29 11:20:19.604,7.661,7.6665,1.00,1.20
2008.12.29 11:20:19.945,7.6596,7.6665,1.00,1.20
2008.12.29 11:20:20.114,7.6594,7.6665,1.20,1.20
2008.12.29 11:20:20.683,7.6606,7.6665,1.20,1.20
2008.12.29 11:20:21.133,7.6606,7.6666,1.00,1.00
2008.12.29 11:20:21.663,7.6605,7.6666,1.20,1.00
2008.12.29 11:20:22.193,7.6607,7.6666,1.00,1.00
2008.12.29 11:20:22.663,7.6607,7.6669,1.00,8.80
2008.12.29 11:20:23.133,7.6611,7.6669,1.20,8.80
2008.12.29 11:20:23.483,7.6611,7.667,1.40,1.20
2008.12.29 11:20:26.402,7.6612,7.667,1.00,1.20
2008.12.29 11:20:28.621,7.6611,7.6664,1.40,1.20
2008.12.29 11:20:29.132,7.6611,7.6664,1.20,1.20
2008.12.29 11:20:30.771,7.6617,7.6666,1.20,1.00
2008.12.29 11:20:31.271,7.6611,7.667,1.20,1.20
2008.12.29 11:20:31.781,7.6612,7.667,1.00,1.20
2008.12.29 11:20:36.880,7.6617,7.6666,1.20,1.00
2008.12.29 11:20:37.280,7.6611,7.667,1.20,1.20
2008.12.29 11:20:37.740,7.6617,7.6666,1.20,1.00
2008.12.29 11:20:38.129,7.6612,7.667,1.00,1.20
2008.12.29 11:20:39.519,7.6612,7.6664,1.00,1.20
2008.12.29 11:20:39.979,7.661,7.6666,1.00,1.00
2008.12.29 11:20:41.469,7.661,7.6694,1.00,1.00
2008.12.29 11:20:41.969,7.6607,7.6669,1.00,8.80
2008.12.29 11:20:44.668,7.661,7.6669,1.00,8.80
2008.12.29 11:20:44.718,7.661,7.6694,1.00,1.00
2008.12.29 11:20:59.095,7.6608,7.6692,1.00,1.20
2008.12.29 11:20:59.214,7.6608,7.6669,1.00,8.80
2008.12.29 11:20:59.484,7.6608,7.6666,1.00,1.00
2008.12.29 11:21:00.104,7.661,7.6669,1.00,8.80
2008.12.29 11:21:00.464,7.661,7.6694,1.00,1.00
2008.12.29 11:21:07.002,7.6607,7.667,1.00,1.20
2008.12.29 11:21:07.222,7.6607,7.6669,1.00,8.80
2008.12.29 11:21:08.592,7.6607,7.6648,1.00,1.20
2008.12.29 11:21:08.992,7.659,7.6649,1.20,1.20
2008.12.29 11:21:09.632,7.659,7.6643,1.20,1.20
2008.12.29 11:21:10.941,7.6595,7.6648,1.20,1.20
2008.12.29 11:21:13.851,7.6594,7.6666,1.20,1.00
2008.12.29 11:21:14.351,7.66,7.6666,1.20,1.00
2008.12.29 11:21:15.171,7.6597,7.6666,1.00,1.00
2008.12.29 11:21:15.510,7.66,7.6666,1.20,1.00
2008.12.29 11:21:15.930,7.6594,7.6665,1.20,1.20
2008.12.29 11:21:16.340,7.6606,7.6665,1.20,1.20
2008.12.29 11:21:16.870,7.6606,7.6659,1.20,1.20
2008.12.29 11:21:17.260,7.6606,7.6665,1.40,1.20
2008.12.29 11:21:19.889,7.6611,7.6669,1.20,1.60
2008.12.29 11:21:19.999,7.6611,7.667,1.20,1.20
2008.12.29 11:21:20.469,7.6622,7.6675,1.20,1.20
2008.12.29 11:21:21.319,7.6621,7.6692,1.20,1.20
2008.12.29 11:21:21.709,7.6629,7.6692,1.00,1.20
2008.12.29 11:21:22.409,7.6621,7.6694,1.20,1.00
2008.12.29 11:21:23.378,7.6621,7.6692,1.20,1.20
2008.12.29 11:21:23.808,7.6622,7.6675,1.20,1.20
2008.12.29 11:21:24.228,7.6622,7.6681,1.20,1.20
2008.12.29 11:21:24.578,7.6622,7.6675,1.20,1.20
2008.12.29 11:21:26.178,7.6613,7.6676,1.00,1.20
2008.12.29 11:21:26.468,7.6616,7.6675,1.20,1.20
2008.12.29 11:21:26.988,7.6616,7.6666,1.20,1.00
2008.12.29 11:21:27.227,7.6613,7.6677,1.00,1.60
2008.12.29 11:21:27.617,7.661,7.6681,1.20,1.20
2008.12.29 11:21:27.917,7.6616,7.6687,1.20,1.20
2008.12.29 11:21:28.267,7.661,7.6687,1.20,1.20
2008.12.29 11:21:29.467,7.6613,7.6687,1.00,2.80
2008.12.29 11:21:30.097,7.661,7.6669,1.20,8.80
2008.12.29 11:21:30.397,7.661,7.6687,1.20,1.20
2008.12.29 11:21:31.377,7.6614,7.6687,1.00,2.80
2008.12.29 11:21:43.673,7.6628,7.6686,1.00,1.20
2008.12.29 11:21:44.083,7.6627,7.668,1.20,1.20
2008.12.29 11:21:46.953,7.6612,7.6681,1.00,1.20
2008.12.29 11:21:47.463,7.6613,7.6681,1.00,1.20
2008.12.29 11:21:47.853,7.6638,7.6682,1.20,1.60
2008.12.29 11:21:48.023,7.6621,7.6686,1.20,1.20
2008.12.29 11:21:49.513,7.6621,7.6692,1.20,1.20
2008.12.29 11:21:49.902,7.6624,7.6692,1.00,1.20
2008.12.29 11:21:50.012,7.6614,7.6687,1.00,2.80
2008.12.29 11:21:51.901,7.6619,7.6687,1.00,1.20
2008.12.29 11:21:52.472,7.6619,7.6681,1.00,1.20
2008.12.29 11:21:52.921,7.66205,7.6708,1.00,1.20
2008.12.29 11:21:57.670,7.66205,7.6703,1.00,1.20
2008.12.29 11:21:58.010,7.6618,7.6703,1.00,1.20
2008.12.29 11:21:58.530,7.6617,7.6697,1.40,1.20
2008.12.29 11:21:59.630,7.6617,7.6701,1.40,1.60
2008.12.29 11:21:59.850,7.6617,7.6697,1.40,1.20
2008.12.29 11:22:00.250,7.6618,7.6703,1.00,1.20
2008.12.29 11:22:01.050,7.6617,7.6697,1.40,1.20
2008.12.29 11:22:01.529,7.6617,7.6701,1.40,1.60
2008.12.29 11:22:01.759,7.6618,7.6703,1.00,1.20
2008.12.29 11:22:04.878,7.6618,7.6705,1.00,1.60
2008.12.29 11:22:04.939,7.6607,7.6706,1.00,1.60
2008.12.29 11:22:05.458,7.6607,7.6705,1.00,1.60
2008.12.29 11:22:07.438,7.6607,7.6706,1.00,1.60
2008.12.29 11:22:07.957,7.6607,7.671,1.00,1.60
2008.12.29 11:22:09.128,7.6607,7.6705,1.00,1.60
2008.12.29 11:22:12.257,7.6607,7.6704,1.00,1.60
2008.12.29 11:22:12.896,7.6604,7.6703,1.00,1.60
2008.12.29 11:22:13.366,7.6604,7.67,1.00,1.60
2008.12.29 11:22:14.226,7.6599,7.6698,1.00,1.60
2008.12.29 11:22:14.866,7.6596,7.6709,1.00,1.60
2008.12.29 11:22:15.216,7.6596,7.66995,1.00,1.60
2008.12.29 11:22:15.976,7.6599,7.6702,1.00,1.60
2008.12.29 11:22:16.326,7.66015,7.6705,1.00,1.60
2008.12.29 11:22:16.716,7.6604,7.67075,1.00,1.60
2008.12.29 11:22:17.245,7.6604,7.6704,1.00,1.60
2008.12.29 11:22:18.455,7.6596,7.66995,1.00,1.60
2008.12.29 11:22:18.925,7.6599,7.6702,1.00,1.60
2008.12.29 11:22:20.125,7.6596,7.6698,1.00,1.60
2008.12.29 11:22:20.465,7.6599,7.6702,1.00,1.60
2008.12.29 11:22:21.924,7.6589,7.6697,1.60,1.60
2008.12.29 11:22:22.245,7.66015,7.6705,1.00,1.60
2008.12.29 11:22:22.634,7.6604,7.6704,1.00,1.60
2008.12.29 11:22:23.254,7.66015,7.67,1.00,1.60
2008.12.29 11:22:24.844,7.6592,7.67,1.60,1.60
2008.12.29 11:22:25.934,7.6607,7.671,1.00,1.60
2008.12.29 11:22:26.283,7.66015,7.6705,1.00,1.60
2008.12.29 11:22:26.703,7.6599,7.6702,1.00,1.60
2008.12.29 11:22:29.323,7.6592,7.6702,1.60,1.60
2008.12.29 11:22:30.122,7.6607,7.67145,1.00,1.60
2008.12.29 11:22:30.352,7.66015,7.6705,1.00,1.60
2008.12.29 11:22:30.682,7.6599,7.6702,1.00,1.60
2008.12.29 11:22:35.281,7.6599,7.6697,1.00,1.60
2008.12.29 11:22:36.571,7.6606,7.6697,1.60,1.60
2008.12.29 11:22:36.731,7.6606,7.6702,1.60,1.60
2008.12.29 11:22:36.951,7.6621,7.6699,1.00,1.60
2008.12.29 11:22:40.090,7.6622,7.6699,1.00,1.60
2008.12.29 11:22:41.130,7.6625,7.6699,1.00,1.60
2008.12.29 11:22:42.129,7.6626,7.6699,1.00,1.60
2008.12.29 11:22:42.710,7.6625,7.6695,1.00,1.60
2008.12.29 11:22:43.409,7.66185,7.6719,1.00,1.60
2008.12.29 11:22:44.229,7.6626,7.6699,1.00,1.60
2008.12.29 11:22:49.728,7.6625,7.6695,1.00,1.60
2008.12.29 11:22:51.478,7.6624,7.669,1.00,1.60
2008.12.29 11:22:51.877,7.6608,7.67085,1.00,1.60
2008.12.29 11:22:52.627,7.6619,7.6685,1.00,1.60
2008.12.29 11:22:58.816,7.6622,7.6688,1.00,1.60
2008.12.29 11:22:59.265,7.6618,7.6687,1.00,1.60
2008.12.29 11:23:00.105,7.6624,7.6686,1.00,1.60
2008.12.29 11:23:01.195,7.6627,7.6686,1.00,1.60
2008.12.29 11:23:02.324,7.6629,7.6687,1.00,1.60
2008.12.29 11:23:03.194,7.6629,7.6686,1.00,1.60
2008.12.29 11:23:06.364,7.6628,7.6682,1.00,1.60
2008.12.29 11:23:06.934,7.6629,7.6686,1.00,1.60
2008.12.29 11:23:07.334,7.6621,7.6695,1.20,1.20
2008.12.29 11:23:07.903,7.6629,7.6686,1.00,1.60
2008.12.29 11:23:08.593,7.6627,7.6701,1.20,1.20
2008.12.29 11:23:09.423,7.663,7.669,1.00,1.60
2008.12.29 11:23:09.583,7.6632,7.6706,1.20,1.20
2008.12.29 11:23:09.913,7.6632,7.6712,1.20,1.20
2008.12.29 11:23:10.323,7.6646,7.6702,1.00,1.60
2008.12.29 11:23:12.072,7.6627,7.6712,1.00,1.20
2008.12.29 11:23:12.682,7.66245,7.6712,1.00,1.20
2008.12.29 11:23:13.022,7.6632,7.6712,1.20,1.20
2008.12.29 11:23:13.532,7.6646,7.6702,1.00,1.60
2008.12.29 11:23:14.312,7.66245,7.6712,1.00,1.20
2008.12.29 11:23:15.022,7.6615,7.6712,1.60,1.20
2008.12.29 11:23:15.352,7.6646,7.6702,1.00,1.60
2008.12.29 11:23:19.320,7.6646,7.6701,1.00,1.60
2008.12.29 11:23:21.460,7.66215,7.67,1.00,1.60
2008.12.29 11:23:21.630,7.6599,7.67,1.00,1.60
2008.12.29 11:23:24.659,7.66015,7.6701,1.00,1.60
2008.12.29 11:23:25.179,7.6599,7.67,1.00,1.60
2008.12.29 11:23:25.529,7.66015,7.6705,1.00,1.60
2008.12.29 11:23:25.989,7.6599,7.67,1.00,1.60
2008.12.29 11:23:26.449,7.6612,7.6711,1.00,1.60
2008.12.29 11:23:27.069,7.66095,7.671,1.00,1.60
2008.12.29 11:23:27.859,7.66095,7.6713,1.00,1.60
2008.12.29 11:23:28.268,7.66,7.6717,1.00,1.60
2008.12.29 11:23:29.368,7.66,7.6714,1.00,1.60
2008.12.29 11:23:29.778,7.66,7.6714,1.60,1.60
2008.12.29 11:23:29.888,7.6615,7.6715,1.00,1.60
2008.12.29 11:23:30.178,7.6612,7.67155,1.00,1.60
2008.12.29 11:23:30.478,7.66025,7.67155,1.60,1.60
2008.12.29 11:23:30.828,7.66175,7.6721,1.00,1.60
2008.12.29 11:23:31.108,7.6612,7.67155,1.00,1.60
2008.12.29 11:23:32.197,7.6612,7.6711,1.00,1.60
2008.12.29 11:23:34.557,7.66175,7.6721,1.00,1.60
2008.12.29 11:23:35.127,7.662,7.672,1.00,1.60
2008.12.29 11:23:35.816,7.66275,7.672,1.60,1.60
2008.12.29 11:23:36.326,7.66425,7.6722,1.00,1.60
2008.12.29 11:23:36.906,7.66505,7.6725,1.00,1.00
2008.12.29 11:23:37.706,7.6656,7.6725,1.00,1.00
2008.12.29 11:23:39.276,7.6659,7.6725,1.00,1.00
2008.12.29 11:23:40.315,7.6661,7.6725,1.00,1.00
2008.12.29 11:23:41.465,7.6662,7.6725,1.00,1.00
2008.12.29 11:23:42.065,7.6663,7.6725,1.00,1.00
2008.12.29 11:23:42.815,7.6655,7.6725,1.00,1.00
2008.12.29 11:23:44.604,7.6651,7.6721,1.00,1.60
2008.12.29 11:23:44.994,7.66455,7.6725,1.00,1.00
2008.12.29 11:23:45.394,7.66505,7.6725,1.00,1.00
2008.12.29 11:23:46.144,7.66465,7.6725,1.60,1.00
2008.12.29 11:23:46.664,7.66505,7.6725,1.00,1.00
2008.12.29 11:23:46.944,7.6662,7.6725,1.00,1.00
2008.12.29 11:23:48.374,7.6656,7.6725,1.00,1.00
2008.12.29 11:23:49.123,7.6666,7.6725,1.00,1.00
2008.12.29 11:23:49.353,7.6666,7.6728,1.00,1.20
2008.12.29 11:23:50.743,7.66505,7.6728,1.00,1.20
2008.12.29 11:23:50.973,7.6648,7.6725,1.00,1.00
2008.12.29 11:23:52.592,7.6657,7.6725,1.00,1.00
2008.12.29 11:23:52.863,7.6648,7.6725,1.00,1.00
2008.12.29 11:23:53.192,7.66505,7.6725,1.00,1.00
2008.12.29 11:23:54.142,7.6657,7.6725,1.00,1.00
2008.12.29 11:23:58.211,7.66505,7.6725,1.00,1.00
2008.12.29 11:23:58.611,7.6648,7.6725,1.00,1.00
2008.12.29 11:23:59.411,7.6658,7.6725,1.00,1.00
2008.12.29 11:24:04.040,7.6654,7.6725,1.00,1.80
2008.12.29 11:24:05.149,7.6658,7.6725,1.00,1.00
2008.12.29 11:24:05.439,7.6654,7.6725,1.00,1.80
2008.12.29 11:24:06.009,7.6658,7.6725,1.00,1.00
2008.12.29 11:24:07.729,7.6659,7.6725,1.00,1.00
2008.12.29 11:24:09.199,7.664,7.6725,1.00,1.00
2008.12.29 11:24:10.348,7.6648,7.6725,1.00,1.00
2008.12.29 11:24:15.447,7.6654,7.6725,1.00,1.80
2008.12.29 11:24:17.166,7.6652,7.672,1.00,1.60
2008.12.29 11:24:20.236,7.6667,7.6725,1.00,1.00
2008.12.29 11:24:20.346,7.66535,7.6728,1.00,1.20
2008.12.29 11:24:21.116,7.66535,7.6725,1.00,1.00
2008.12.29 11:24:21.465,7.66455,7.6725,1.00,1.00
2008.12.29 11:24:24.095,7.66385,7.6725,2.20,1.00
2008.12.29 11:24:24.555,7.6663,7.6725,1.00,1.00
2008.12.29 11:24:25.615,7.6667,7.6725,1.00,1.00
2008.12.29 11:24:26.144,7.66535,7.6725,1.00,1.00
2008.12.29 11:24:29.264,7.66505,7.6725,1.00,1.00
2008.12.29 11:24:31.833,7.66455,7.6725,1.00,1.00
2008.12.29 11:24:32.363,7.6648,7.6725,1.00,1.00
2008.12.29 11:24:32.593,7.66505,7.6725,1.00,1.00
2008.12.29 11:24:34.613,7.6657,7.6722,1.00,1.60
2008.12.29 11:24:35.022,7.66505,7.6725,1.00,1.00
2008.12.29 11:24:37.582,7.6658,7.6725,1.00,1.00
2008.12.29 11:24:37.981,7.6657,7.6722,1.00,1.60
2008.12.29 11:24:38.581,7.66425,7.6725,1.00,1.00
2008.12.29 11:24:39.552,7.6651,7.6716,1.00,1.60
2008.12.29 11:24:40.311,7.664,7.6725,1.00,1.00
2008.12.29 11:24:42.281,7.66345,7.6725,1.00,1.00
2008.12.29 11:24:44.570,7.6642,7.671,1.00,1.60
2008.12.29 11:24:45.300,7.6629,7.6725,1.00,1.00
2008.12.29 11:24:46.669,7.6642,7.671,1.00,1.60
2008.12.29 11:24:47.089,7.6629,7.6725,1.00,1.00
2008.12.29 11:24:51.598,7.6642,7.671,1.00,1.60
2008.12.29 11:24:53.928,7.6646,7.6711,1.00,1.60
2008.12.29 11:25:04.215,7.6647,7.6715,1.00,1.60
2008.12.29 11:25:07.135,7.6632,7.6725,1.00,1.00
2008.12.29 11:25:16.202,7.6642,7.671,1.00,1.60
2008.12.29 11:25:20.981,7.6635,7.67,1.00,1.60
2008.12.29 11:25:26.070,7.6632,7.6672,1.20,1.20
2008.12.29 11:25:30.999,7.6635,7.668,1.20,1.60
2008.12.29 11:25:38.107,7.6634,7.668,1.40,1.60
2008.12.29 11:25:38.677,7.664,7.67155,1.20,1.60
2008.12.29 11:25:39.427,7.664,7.6685,1.20,1.60
2008.12.29 11:25:42.656,7.6645,7.6685,1.20,1.60
2008.12.29 11:25:43.356,7.6645,7.669,1.20,1.60
2008.12.29 11:25:43.656,7.6645,7.669,1.40,1.60
2008.12.29 11:25:46.635,7.6641,7.6689,1.00,1.60
2008.12.29 11:25:48.435,7.664,7.67185,1.20,1.60
2008.12.29 11:25:49.174,7.6635,7.6679,1.20,1.60
2008.12.29 11:25:51.294,7.6635,7.6679,1.40,1.60
2008.12.29 11:25:52.783,7.6635,7.6679,1.00,1.60
2008.12.29 11:25:53.303,7.6629,7.6672,1.20,1.60
2008.12.29 11:25:53.903,7.6624,7.67025,1.20,1.60
2008.12.29 11:25:54.133,7.6625,7.6672,1.00,1.60
2008.12.29 11:25:55.183,7.6629,7.6673,1.00,1.60
2008.12.29 11:25:55.463,7.6629,7.6673,1.40,1.60
2008.12.29 11:25:58.392,7.6635,7.67105,1.20,1.60
2008.12.29 11:25:58.722,7.6634,7.67105,1.20,1.60
2008.12.29 11:25:58.952,7.6636,7.6683,1.00,1.60
2008.12.29 11:26:01.231,7.663,7.6677,1.00,1.60
2008.12.29 11:26:01.562,7.6629,7.67075,1.20,1.60
2008.12.29 11:26:02.781,7.6635,7.6679,1.40,1.60
2008.12.29 11:26:03.142,7.6635,7.6679,1.00,1.60
2008.12.29 11:26:03.601,7.663,7.6677,1.00,1.60
2008.12.29 11:26:09.060,7.6635,7.6677,1.20,1.60
2008.12.29 11:26:09.519,7.6635,7.6679,1.40,1.60
2008.12.29 11:26:14.828,7.663,7.6698,1.20,1.60
2008.12.29 11:26:14.998,7.6629,7.6698,1.40,1.60
2008.12.29 11:26:16.258,7.6629,7.6688,1.40,1.60
2008.12.29 11:26:17.168,7.6629,7.6683,1.40,1.60
2008.12.29 11:26:18.237,7.6629,7.668,1.40,1.60
2008.12.29 11:26:19.337,7.6629,7.6679,1.40,1.60
2008.12.29 11:26:20.177,7.6635,7.6679,1.20,1.60
2008.12.29 11:26:20.337,7.6635,7.67105,1.20,1.60
2008.12.29 11:26:20.917,7.6635,7.67075,1.20,1.60
2008.12.29 11:26:21.197,7.6635,7.67105,1.20,1.60
2008.12.29 11:26:21.587,7.6629,7.6679,1.40,1.60
2008.12.29 11:26:22.117,7.6629,7.6678,1.40,1.60
2008.12.29 11:26:25.426,7.6631,7.6703,1.00,1.60
2008.12.29 11:26:27.305,7.6632,7.6703,1.00,1.60
2008.12.29 11:26:30.984,7.6633,7.6703,1.00,1.60
2008.12.29 11:26:34.553,7.663,7.67215,1.20,1.60
2008.12.29 11:26:35.173,7.663,7.67245,1.20,1.60
2008.12.29 11:26:35.453,7.663,7.67215,1.20,1.60
2008.12.29 11:26:36.323,7.6633,7.6703,1.00,1.60
2008.12.29 11:26:40.082,7.6633,7.6702,1.00,1.60
2008.12.29 11:26:42.301,7.6624,7.67135,1.20,1.60
2008.12.29 11:26:42.481,7.6624,7.67165,1.20,1.60
2008.12.29 11:26:44.361,7.6624,7.6696,1.40,1.60
2008.12.29 11:26:45.571,7.6621,7.6687,1.00,1.60
2008.12.29 11:26:46.031,7.6614,7.6703,1.20,1.60
2008.12.29 11:26:46.150,7.6616,7.6682,1.00,1.60
2008.12.29 11:26:49.490,7.6617,7.6682,1.00,1.60
2008.12.29 11:26:55.579,7.6614,7.6703,1.20,1.60
2008.12.29 11:26:56.358,7.6617,7.6682,1.00,1.60
2008.12.29 11:26:56.918,7.6611,7.6676,1.00,1.60
2008.12.29 11:26:57.888,7.6608,7.67005,1.20,1.60
2008.12.29 11:26:59.287,7.6611,7.6676,1.00,1.60
2008.12.29 11:27:07.835,7.6614,7.6676,1.20,1.60
2008.12.29 11:27:08.225,7.6617,7.6682,1.00,1.60
2008.12.29 11:27:19.293,7.6619,7.6686,1.20,1.60
2008.12.29 11:27:19.873,7.6622,7.6687,1.00,1.60
2008.12.29 11:27:20.222,7.6618,7.6686,1.00,1.60
2008.12.29 11:27:20.912,7.6613,7.6711,1.20,1.60
2008.12.29 11:27:21.332,7.6624,7.6719,1.20,1.60
2008.12.29 11:27:21.792,7.6624,7.67215,1.20,1.60
2008.12.29 11:27:22.722,7.6635,7.6706,1.00,1.60
2008.12.29 11:27:23.222,7.6619,7.6706,2.20,1.60
2008.12.29 11:27:23.511,7.6629,7.6706,1.00,1.60
2008.12.29 11:27:25.091,7.6629,7.6706,1.40,1.60
2008.12.29 11:27:25.201,7.6635,7.6706,1.00,1.60
2008.12.29 11:27:25.801,7.6629,7.6706,1.00,1.60
2008.12.29 11:27:27.151,7.663,7.6696,1.20,1.60
2008.12.29 11:27:27.561,7.6633,7.6698,1.00,1.60
2008.12.29 11:27:28.070,7.6624,7.67215,1.20,1.60
2008.12.29 11:27:28.411,7.6625,7.67215,1.20,1.60
2008.12.29 11:27:28.760,7.6627,7.6692,1.00,1.60
2008.12.29 11:27:29.540,7.6623,7.6691,1.00,1.60
2008.12.29 11:27:30.720,7.6625,7.67135,1.20,1.60
2008.12.29 11:27:34.189,7.6624,7.67135,1.20,1.60
2008.12.29 11:27:34.899,7.6629,7.67245,1.20,1.60
2008.12.29 11:27:35.299,7.6629,7.67165,1.20,1.60
2008.12.29 11:27:35.649,7.6629,7.67245,1.20,1.60
2008.12.29 11:27:37.178,7.6635,7.67245,1.20,1.60
2008.12.29 11:27:37.638,7.6639,7.6707,1.00,1.60
2008.12.29 11:27:38.398,7.6643,7.6708,1.00,1.60
2008.12.29 11:27:40.648,7.6646,7.6708,1.20,1.60
2008.12.29 11:27:41.118,7.665,7.6718,1.00,1.60
2008.12.29 11:27:41.467,7.664,7.6725,1.20,1.00
2008.12.29 11:27:41.757,7.6641,7.6725,1.20,1.00
2008.12.29 11:27:42.217,7.6645,7.6713,1.00,1.60
2008.12.29 11:27:43.147,7.664,7.6725,1.20,1.00
2008.12.29 11:27:47.876,7.6641,7.6725,1.20,1.00
2008.12.29 11:27:48.046,7.6643,7.6708,1.00,1.60
2008.12.29 11:27:52.125,7.665,7.6718,1.00,1.60
2008.12.29 11:27:53.116,7.6656,7.6725,1.20,1.00
2008.12.29 11:27:54.244,7.6651,7.6725,1.20,1.00
2008.12.29 11:27:55.094,7.6635,7.6725,1.80,1.00
2008.12.29 11:27:55.554,7.6651,7.6725,1.20,1.00
2008.12.29 11:27:56.634,7.6656,7.6725,1.00,1.00
2008.12.29 11:27:57.154,7.6645,7.6725,1.20,1.00
2008.12.29 11:28:00.453,7.666,7.6725,1.00,1.00
2008.12.29 11:28:01.492,7.6657,7.6725,1.20,1.00
2008.12.29 11:28:03.712,7.6646,7.6725,1.20,1.00
2008.12.29 11:28:04.162,7.6646,7.67245,1.20,1.60
2008.12.29 11:28:05.661,7.6651,7.67245,1.20,1.60
2008.12.29 11:28:06.081,7.6654,7.6719,1.00,1.60
2008.12.29 11:28:07.901,7.665,7.6718,1.00,1.60
2008.12.29 11:28:08.241,7.6646,7.67215,1.20,1.60
2008.12.29 11:28:08.351,7.664,7.67135,1.20,1.60
2008.12.29 11:28:08.921,7.664,7.67215,1.20,1.60
2008.12.29 11:28:09.661,7.664,7.6711,1.00,1.60
2008.12.29 11:28:18.848,7.663,7.67135,1.20,1.60
2008.12.29 11:28:19.248,7.6634,7.6702,1.00,1.60
2008.12.29 11:28:23.337,7.663,7.67085,1.20,1.60
2008.12.29 11:28:23.567,7.663,7.6711,1.20,1.60
2008.12.29 11:28:26.217,7.664,7.6705,1.00,1.60
2008.12.29 11:28:26.676,7.6638,7.6703,1.00,1.60
2008.12.29 11:28:26.976,7.663,7.6711,1.20,1.60
2008.12.29 11:28:27.368,7.6635,7.67135,1.20,1.60
2008.12.29 11:28:27.586,7.663,7.67135,1.20,1.60
2008.12.29 11:28:28.926,7.6635,7.67135,1.20,1.60
2008.12.29 11:28:29.556,7.663,7.67135,1.20,1.60
2008.12.29 11:28:31.305,7.6635,7.67135,1.20,1.60
2008.12.29 11:28:31.815,7.663,7.67135,1.20,1.60
2008.12.29 11:28:34.804,7.6634,7.6702,1.00,1.60
2008.12.29 11:28:39.863,7.6632,7.6697,1.00,1.60
2008.12.29 11:28:53.560,7.6628,7.6696,1.00,1.60
2008.12.29 11:28:54.030,7.6624,7.6703,1.20,1.60
2008.12.29 11:28:54.320,7.6619,7.67005,1.20,1.60
2008.12.29 11:28:56.399,7.6622,7.6687,1.00,1.60
2008.12.29 11:29:03.657,7.6627,7.6692,1.00,1.60
2008.12.29 11:29:04.127,7.6625,7.67005,1.20,1.60
2008.12.29 11:29:04.477,7.6619,7.67005,1.20,1.60
2008.12.29 11:29:16.045,7.6623,7.6691,1.00,1.60
2008.12.29 11:29:19.863,7.6622,7.6687,1.00,1.60
2008.12.29 11:29:26.562,7.6627,7.6692,1.00,1.60
2008.12.29 11:29:27.202,7.6623,7.6691,1.00,1.60
2008.12.29 11:29:27.772,7.6625,7.6691,1.20,1.60
2008.12.29 11:29:27.942,7.6623,7.6691,1.00,1.60
2008.12.29 11:29:29.511,7.663,7.6695,1.00,1.60
2008.12.29 11:29:29.791,7.663,7.6695,1.40,1.60
2008.12.29 11:29:30.021,7.663,7.67085,1.20,1.60
2008.12.29 11:29:59.264,7.6628,7.6696,1.00,1.60
2008.12.29 11:30:05.472,7.663,7.6696,1.20,1.60
2008.12.29 11:30:05.642,7.6632,7.6697,1.00,1.60
2008.12.29 11:30:05.872,7.663,7.6711,1.20,1.60
2008.12.29 11:30:06.222,7.663,7.67085,1.20,1.60
2008.12.29 11:30:13.530,7.6625,7.67085,1.20,1.60
2008.12.29 11:30:13.930,7.6625,7.6703,1.20,1.60
2008.12.29 11:30:14.341,7.6624,7.67055,1.20,1.60
2008.12.29 11:30:16.170,7.663,7.67055,1.20,1.60
2008.12.29 11:30:16.860,7.6632,7.6697,1.00,1.60
2008.12.29 11:30:19.919,7.6627,7.6692,1.00,1.60
2008.12.29 11:30:24.438,7.6624,7.6688,1.20,1.60
2008.12.29 11:30:26.047,7.6624,7.6678,1.20,1.60
2008.12.29 11:30:26.987,7.6624,7.6673,1.20,1.60
2008.12.29 11:30:28.297,7.6624,7.667,1.20,1.60
2008.12.29 11:30:28.747,7.6624,7.6669,1.20,1.60
2008.12.29 11:30:32.906,7.6623,7.6669,1.40,1.60
2008.12.29 11:30:33.016,7.6629,7.6673,1.20,1.60
2008.12.29 11:30:33.416,7.6629,7.6674,1.20,1.60
2008.12.29 11:30:35.165,7.6628,7.6674,1.00,1.60
2008.12.29 11:30:35.565,7.6624,7.6673,1.00,1.60
2008.12.29 11:30:40.114,7.6624,7.6673,1.40,1.60
2008.12.29 11:30:40.554,7.6624,7.6669,1.20,1.60
2008.12.29 11:30:41.234,7.6624,7.6668,1.20,1.60
2008.12.29 11:30:44.843,7.6624,7.6672,1.00,1.60
2008.12.29 11:30:45.193,7.6623,7.66915,1.20,1.60
2008.12.29 11:30:46.283,7.6624,7.6672,1.00,1.60
2008.12.29 11:30:50.322,7.6625,7.6672,1.00,1.60
2008.12.29 11:30:59.200,7.6624,7.6668,1.40,1.60
2008.12.29 11:31:14.806,7.6624,7.6668,1.00,1.60
2008.12.29 11:31:15.036,7.6625,7.6672,1.00,1.60
2008.12.29 11:31:31.112,7.6629,7.6672,1.20,1.60
2008.12.29 11:31:31.502,7.6629,7.6673,1.40,1.60
2008.12.29 11:31:32.112,7.6624,7.66915,1.20,1.60
2008.12.29 11:31:32.452,7.6624,7.6689,1.20,1.60
2008.12.29 11:31:33.891,7.6624,7.6668,1.40,1.60
2008.12.29 11:31:44.578,7.6625,7.6672,1.00,1.60
2008.12.29 11:31:47.118,7.6624,7.6668,1.00,1.60
2008.12.29 11:31:47.358,7.6625,7.6672,1.00,1.60
2008.12.29 11:31:47.938,7.6624,7.6668,1.40,1.60
2008.12.29 11:31:48.278,7.6624,7.6668,1.00,1.60
2008.12.29 11:31:48.568,7.6623,7.66915,1.20,1.60
2008.12.29 11:31:49.308,7.6624,7.6689,1.20,1.60
2008.12.29 11:32:07.063,7.6629,7.6673,1.40,1.60
2008.12.29 11:32:07.693,7.6629,7.6673,1.00,1.60
2008.12.29 11:32:08.193,7.6623,7.66915,1.20,1.60
2008.12.29 11:32:34.887,7.6629,7.6673,1.40,1.60
2008.12.29 11:32:35.118,7.6619,7.6673,2.20,1.60
2008.12.29 11:32:35.476,7.6619,7.66915,1.80,1.60
2008.12.29 11:32:35.766,7.6629,7.66945,1.20,1.60
2008.12.29 11:32:38.656,7.6634,7.6678,1.40,1.60
2008.12.29 11:32:38.996,7.6634,7.67025,1.20,1.60
2008.12.29 11:32:41.455,7.6642,7.6686,1.00,1.60
2008.12.29 11:32:41.865,7.664,7.6705,1.20,1.60
2008.12.29 11:32:52.192,7.6645,7.6689,1.00,1.60
2008.12.29 11:32:52.602,7.664,7.6684,1.40,1.60
2008.12.29 11:33:00.500,7.6645,7.6684,1.20,1.60
2008.12.29 11:33:01.010,7.6645,7.6713,1.20,1.60
2008.12.29 11:33:03.460,7.6656,7.6713,1.20,1.60
2008.12.29 11:33:03.850,7.6644,7.6713,1.20,1.60
2008.12.29 11:33:04.359,7.6644,7.67235,1.20,1.60
2008.12.29 11:33:04.709,7.665,7.6721,1.20,1.60
2008.12.29 11:33:06.879,7.6652,7.6699,1.00,1.60
2008.12.29 11:33:07.049,7.6644,7.67155,1.20,1.60
2008.12.29 11:33:08.558,7.6645,7.67155,1.20,1.60
2008.12.29 11:33:09.018,7.6639,7.67105,1.20,1.60
2008.12.29 11:33:09.258,7.665,7.67155,1.20,1.60
2008.12.29 11:33:09.898,7.6639,7.67155,1.20,1.60
2008.12.29 11:33:10.588,7.6641,7.6688,1.00,1.60
2008.12.29 11:33:11.908,7.6645,7.6689,1.00,1.60
2008.12.29 11:33:12.377,7.6645,7.6689,1.40,1.60
2008.12.29 11:33:17.006,7.664,7.6684,1.40,1.60
2008.12.29 11:33:17.176,7.664,7.6684,1.00,1.60
2008.12.29 11:33:17.526,7.6639,7.67075,1.20,1.60
2008.12.29 11:33:18.146,7.6642,7.6692,1.00,1.60
2008.12.29 11:33:19.626,7.6645,7.6688,1.20,1.60
2008.12.29 11:33:20.036,7.6645,7.67105,1.20,1.60
2008.12.29 11:33:23.285,7.664,7.67105,1.20,1.60
2008.12.29 11:33:23.675,7.664,7.6705,1.20,1.60
2008.12.29 11:33:30.903,7.6641,7.6688,1.00,1.60
2008.12.29 11:33:31.643,7.6639,7.67105,1.20,1.60
2008.12.29 11:33:32.053,7.6639,7.6713,1.20,1.60
2008.12.29 11:33:32.333,7.6639,7.67105,1.20,1.60
2008.12.29 11:33:34.192,7.6645,7.6713,1.20,1.60
2008.12.29 11:33:35.003,7.6639,7.6713,1.20,1.60
2008.12.29 11:33:35.582,7.6642,7.6692,1.00,1.60
2008.12.29 11:33:38.891,7.6646,7.6693,1.00,1.60
2008.12.29 11:33:42.001,7.6645,7.6692,1.20,1.60
2008.12.29 11:33:42.290,7.6642,7.6692,1.00,1.60
2008.12.29 11:33:42.410,7.6641,7.6688,1.00,1.60
2008.12.29 11:33:47.769,7.6642,7.6714,1.00,1.60
2008.12.29 11:33:47.949,7.664,7.67075,1.20,1.60
2008.12.29 11:33:48.059,7.6639,7.67075,1.40,1.60
2008.12.29 11:33:48.459,7.664,7.67075,1.20,1.60
2008.12.29 11:33:48.689,7.6642,7.6714,1.00,1.60
2008.12.29 11:33:50.379,7.6643,7.6714,1.00,1.60
2008.12.29 11:33:54.487,7.6643,7.6713,1.00,1.60
2008.12.29 11:33:59.926,7.6642,7.6709,1.00,1.60
2008.12.29 11:34:03.375,7.6643,7.6709,1.00,1.60
2008.12.29 11:34:12.323,7.6643,7.6708,1.00,1.60
2008.12.29 11:34:14.893,7.6638,7.6703,1.00,1.60
2008.12.29 11:34:15.752,7.6635,7.6702,1.20,1.60
2008.12.29 11:34:16.102,7.6634,7.6702,1.00,1.60
2008.12.29 11:34:20.991,7.6638,7.6703,1.00,1.60
2008.12.29 11:34:22.781,7.6632,7.6697,1.00,1.60
2008.12.29 11:34:23.110,7.6634,7.6702,1.00,1.60
2008.12.29 11:34:23.280,7.663,7.6711,1.20,1.60
2008.12.29 11:34:24.860,7.663,7.6695,1.00,1.60
2008.12.29 11:34:25.370,7.663,7.6695,1.40,1.60
2008.12.29 11:34:26.010,7.6634,7.6702,1.00,1.60
2008.12.29 11:34:26.430,7.6632,7.6697,1.00,1.60
2008.12.29 11:34:26.779,7.6634,7.6702,1.00,1.60
2008.12.29 11:34:26.900,7.6629,7.67135,1.20,1.60
2008.12.29 11:34:32.818,7.6639,7.6707,1.00,1.60
2008.12.29 11:34:33.158,7.6629,7.67135,1.20,1.60
2008.12.29 11:34:35.218,7.6641,7.67135,1.20,1.60
2008.12.29 11:34:35.557,7.6643,7.6708,1.00,1.60
2008.12.29 11:34:51.264,7.6635,7.6706,1.00,1.60
2008.12.29 11:34:52.304,7.6643,7.6708,1.00,1.60
2008.12.29 11:34:52.523,7.6635,7.6706,1.00,1.60
2008.12.29 11:34:54.353,7.6635,7.6706,1.40,1.60
2008.12.29 11:34:54.803,7.6639,7.6707,1.00,1.60
2008.12.29 11:34:56.352,7.6641,7.6707,1.20,1.60
2008.12.29 11:34:56.582,7.6635,7.67165,1.20,1.60
2008.12.29 11:35:00.272,7.6634,7.6702,1.00,1.60
2008.12.29 11:35:00.671,7.6629,7.67135,1.20,1.60
2008.12.29 11:35:00.911,7.663,7.6711,1.20,1.60
2008.12.29 11:35:01.511,7.663,7.67085,1.20,1.60
2008.12.29 11:35:02.061,7.6624,7.67085,1.20,1.60
2008.12.29 11:35:02.461,7.6628,7.6696,1.00,1.60
2008.12.29 11:35:02.901,7.6624,7.6703,1.20,1.60
2008.12.29 11:35:03.361,7.6624,7.67055,1.20,1.60
2008.12.29 11:35:03.751,7.6624,7.67085,1.20,1.60
2008.12.29 11:35:04.051,7.6634,7.6702,1.00,1.60
2008.12.29 11:35:05.101,7.663,7.67085,1.20,1.60
2008.12.29 11:35:11.639,7.6624,7.67055,1.20,1.60
2008.12.29 11:35:11.919,7.6624,7.67085,1.20,1.60
2008.12.29 11:35:12.319,7.6624,7.67055,1.20,1.60
2008.12.29 11:35:19.097,7.6619,7.67055,1.20,1.60
2008.12.29 11:35:19.967,7.6619,7.67125,1.20,1.60
2008.12.29 11:35:20.427,7.6622,7.6687,1.00,1.60
2008.12.29 11:35:21.076,7.6623,7.6691,1.00,1.60
2008.12.29 11:35:21.347,7.6624,7.6695,1.00,1.60
2008.12.29 11:35:21.866,7.6619,7.6703,1.20,1.60
2008.12.29 11:35:23.616,7.6623,7.6691,1.00,1.60
2008.12.29 11:35:25.355,7.6624,7.6691,1.20,1.60
2008.12.29 11:35:25.936,7.6626,7.6695,1.00,1.60
2008.12.29 11:35:27.265,7.6632,7.6694,1.00,1.60
2008.12.29 11:35:28.305,7.6635,7.6694,1.00,1.60
2008.12.29 11:35:29.244,7.6636,7.6694,1.00,1.60
2008.12.29 11:35:30.154,7.6621,7.6692,1.00,1.60
2008.12.29 11:35:35.843,7.6623,7.6696,1.00,1.60
2008.12.29 11:35:36.453,7.6623,7.6702,1.00,1.60
2008.12.29 11:35:37.473,7.6627,7.6697,1.00,1.60
2008.12.29 11:35:38.042,7.6626,7.67055,1.20,1.60
2008.12.29 11:35:40.342,7.6631,7.6698,1.40,1.60
2008.12.29 11:35:40.982,7.6631,7.6698,1.00,1.60
2008.12.29 11:35:41.541,7.6626,7.67055,1.20,1.60
2008.12.29 11:35:42.061,7.6626,7.67065,1.20,1.60
2008.12.29 11:35:42.341,7.6618,7.66915,1.20,1.60
2008.12.29 11:35:42.741,7.6618,7.6689,1.20,1.60
2008.12.29 11:35:43.151,7.6619,7.6687,1.00,1.60
2008.12.29 11:35:44.501,7.6619,7.6682,1.00,1.60
2008.12.29 11:35:45.130,7.6619,7.6673,1.00,1.60
2008.12.29 11:35:45.610,7.6618,7.66915,1.20,1.60
2008.12.29 11:35:46.050,7.6617,7.66915,1.20,1.60
2008.12.29 11:35:46.271,7.6619,7.6678,1.00,1.60
2008.12.29 11:35:47.430,7.6619,7.6672,1.00,1.60
2008.12.29 11:35:49.440,7.662,7.6672,1.00,1.60
2008.12.29 11:35:54.778,7.6621,7.66865,1.20,1.60
2008.12.29 11:35:55.118,7.6615,7.66835,1.20,1.60
2008.12.29 11:35:55.738,7.6615,7.6681,1.20,1.60
2008.12.29 11:35:56.318,7.6615,7.6661,1.40,1.60
2008.12.29 11:35:56.768,7.6616,7.66755,1.20,1.60
2008.12.29 11:35:57.278,7.6615,7.6681,1.20,1.60
2008.12.29 11:35:57.618,7.661,7.66785,1.20,1.60
2008.12.29 11:35:58.018,7.661,7.66755,1.20,1.60
2008.12.29 11:35:58.648,7.6616,7.666,1.20,1.60
2008.12.29 11:35:59.177,7.661,7.66755,1.20,1.60
2008.12.29 11:35:59.407,7.661,7.6673,1.20,1.60
2008.12.29 11:36:00.537,7.661,7.6655,1.40,1.60
2008.12.29 11:36:01.317,7.661,7.6673,1.20,1.60
2008.12.29 11:36:02.357,7.661,7.66755,1.20,1.60
2008.12.29 11:36:04.166,7.6611,7.6659,1.00,1.60
2008.12.29 11:36:05.836,7.661,7.6688,1.20,1.60
2008.12.29 11:36:06.116,7.661,7.6655,1.40,1.60
2008.12.29 11:36:07.195,7.661,7.6654,1.40,1.60
2008.12.29 11:36:13.374,7.661,7.6654,1.00,1.60
2008.12.29 11:36:14.073,7.6602,7.6652,1.00,1.60
2008.12.29 11:36:14.234,7.6599,7.6665,1.20,1.60
2008.12.29 11:36:14.684,7.66,7.66625,1.20,1.60
2008.12.29 11:36:16.503,7.6605,7.66595,1.20,1.60
2008.12.29 11:36:17.093,7.6594,7.66625,1.20,1.60
2008.12.29 11:36:18.533,7.6596,7.6652,1.00,1.60
2008.12.29 11:36:20.252,7.6594,7.66595,1.20,1.60
2008.12.29 11:36:25.311,7.6597,7.6647,1.00,1.60
2008.12.29 11:36:26.651,7.66,7.66595,1.20,1.60
2008.12.29 11:36:27.600,7.66,7.6644,1.40,1.60
2008.12.29 11:36:27.960,7.66,7.66625,1.20,1.60
2008.12.29 11:36:29.590,7.6605,7.66675,1.20,1.60
2008.12.29 11:36:29.860,7.6605,7.66705,1.20,1.60
2008.12.29 11:36:30.260,7.6599,7.66705,1.20,1.60
2008.12.29 11:36:30.670,7.6605,7.66705,1.20,1.60
2008.12.29 11:36:31.600,7.6599,7.66775,1.20,3.20
2008.12.29 11:36:32.010,7.6594,7.66625,1.20,1.60
2008.12.29 11:36:32.469,7.6594,7.6638,1.40,1.60
2008.12.29 11:36:32.929,7.6605,7.6638,1.20,1.60
2008.12.29 11:36:33.619,7.6605,7.66675,1.20,1.60
2008.12.29 11:36:34.129,7.6599,7.66675,1.20,1.60
2008.12.29 11:36:34.539,7.6594,7.6665,1.20,1.60
2008.12.29 11:36:35.759,7.6598,7.6654,1.00,1.60
2008.12.29 11:36:37.958,7.6595,7.66625,1.20,1.60
2008.12.29 11:36:38.528,7.6595,7.6665,1.20,1.60
2008.12.29 11:36:38.998,7.6601,7.6665,1.20,1.60
2008.12.29 11:36:39.687,7.6606,7.66675,1.20,1.60
2008.12.29 11:36:44.597,7.6601,7.6665,1.20,1.60
2008.12.29 11:36:46.826,7.6606,7.665,1.40,1.60
2008.12.29 11:36:47.846,7.6612,7.6656,1.40,1.60
2008.12.29 11:36:48.196,7.6606,7.66705,1.20,1.60
2008.12.29 11:36:48.865,7.6612,7.66705,1.20,1.60
2008.12.29 11:36:49.155,7.6612,7.6656,1.40,1.60
2008.12.29 11:36:53.644,7.6612,7.6656,1.00,1.60
2008.12.29 11:36:54.054,7.6608,7.6655,1.00,1.60
2008.12.29 11:36:56.124,7.6606,7.66675,1.20,1.60
2008.12.29 11:37:02.192,7.6608,7.6655,1.00,1.60
2008.12.29 11:37:02.542,7.6612,7.6673,1.20,1.60
2008.12.29 11:37:04.901,7.6606,7.6673,1.20,1.60
2008.12.29 11:37:05.421,7.6608,7.6655,1.00,1.60
2008.12.29 11:37:06.631,7.6606,7.665,1.40,1.60
2008.12.29 11:37:06.861,7.6606,7.6648,1.40,1.60
2008.12.29 11:37:07.331,7.6606,7.6648,1.00,1.60
2008.12.29 11:37:07.921,7.6529,7.6633,1.20,1.60
2008.12.29 11:37:08.401,7.6529,7.66385,1.20,1.60
2008.12.29 11:37:08.680,7.6529,7.6636,1.20,1.60
2008.12.29 11:37:09.260,7.65495,7.6636,1.60,1.60
2008.12.29 11:37:09.541,7.657,7.6655,1.00,1.60
2008.12.29 11:37:10.910,7.6571,7.6654,1.00,1.60
2008.12.29 11:37:12.530,7.6575,7.6653,1.00,2.80
2008.12.29 11:37:13.559,7.6578,7.6653,1.20,2.80
2008.12.29 11:37:13.859,7.6581,7.6655,1.00,1.60
2008.12.29 11:37:15.439,7.659,7.6655,1.00,1.60
2008.12.29 11:37:16.369,7.6594,7.6655,1.00,1.60
2008.12.29 11:37:17.339,7.6596,7.6654,1.00,1.60
2008.12.29 11:37:18.378,7.6597,7.6654,1.00,1.60
2008.12.29 11:37:19.658,7.6596,7.665,1.00,1.60
2008.12.29 11:37:23.987,7.6596,7.66625,1.00,1.60
2008.12.29 11:37:24.257,7.6596,7.665,1.00,1.60
2008.12.29 11:37:25.116,7.6597,7.665,1.00,1.60
2008.12.29 11:37:28.996,7.6581,7.66745,1.20,1.60
2008.12.29 11:37:29.345,7.6569,7.6647,1.00,1.60
2008.12.29 11:37:29.985,7.6573,7.6647,1.20,1.60
2008.12.29 11:37:30.215,7.6575,7.6649,1.00,1.60
2008.12.29 11:37:31.675,7.6584,7.6649,1.00,1.60
2008.12.29 11:37:32.365,7.6568,7.66515,1.20,1.60
2008.12.29 11:37:33.105,7.6582,7.664,1.00,1.60
2008.12.29 11:37:33.624,7.6585,7.664,1.00,1.60
2008.12.29 11:37:34.354,7.6586,7.664,1.00,1.60
2008.12.29 11:37:36.344,7.6573,7.6657,1.20,1.60
2008.12.29 11:37:37.314,7.6592,7.6649,1.00,1.60
2008.12.29 11:37:37.774,7.6573,7.6657,1.20,1.60
2008.12.29 11:37:38.353,7.6586,7.664,1.00,1.60
2008.12.29 11:37:40.603,7.6563,7.66615,1.20,3.20
2008.12.29 11:37:41.133,7.6581,7.6634,1.00,1.60
2008.12.29 11:37:41.543,7.6562,7.6649,1.20,1.60
2008.12.29 11:37:41.832,7.6582,7.6638,1.00,1.60
2008.12.29 11:37:43.782,7.6562,7.6649,1.20,1.60
2008.12.29 11:37:43.892,7.6573,7.6649,1.20,1.60
2008.12.29 11:37:44.712,7.6591,7.6644,1.00,1.60
2008.12.29 11:37:45.652,7.6573,7.66695,1.20,3.20
2008.12.29 11:37:46.061,7.6582,7.6672,1.20,1.60
2008.12.29 11:37:47.121,7.6584,7.6672,1.00,1.60
2008.12.29 11:37:47.991,7.6587,7.66745,1.20,1.60
2008.12.29 11:37:48.441,7.6593,7.66745,1.20,1.60
2008.12.29 11:37:49.251,7.6594,7.6677,1.00,1.60
2008.12.29 11:37:49.771,7.6593,7.66745,1.40,1.60
2008.12.29 11:37:50.870,7.6599,7.66745,1.20,1.60
2008.12.29 11:37:51.510,7.6593,7.6684,1.00,1.60
2008.12.29 11:37:52.310,7.6587,7.66745,1.20,1.60
2008.12.29 11:37:53.860,7.659,7.66745,1.00,1.60
2008.12.29 11:37:55.989,7.6599,7.668,1.00,1.60
2008.12.29 11:37:56.279,7.6587,7.6677,1.20,1.60
2008.12.29 11:37:56.689,7.6587,7.66745,1.20,1.60
2008.12.29 11:37:57.849,7.6599,7.66745,1.20,1.60
2008.12.29 11:37:58.199,7.6599,7.668,1.40,1.60
2008.12.29 11:37:59.598,7.6593,7.66745,1.20,1.60
2008.12.29 11:38:00.068,7.6593,7.6677,1.20,1.60
2008.12.29 11:38:00.558,7.6587,7.66745,1.20,1.60
2008.12.29 11:38:01.178,7.6599,7.668,1.40,1.60
2008.12.29 11:38:01.688,7.6599,7.668,1.00,1.60
2008.12.29 11:38:02.198,7.6593,7.66745,1.20,1.60
2008.12.29 11:38:02.588,7.6593,7.6677,1.20,1.60
2008.12.29 11:38:03.467,7.6595,7.6677,1.00,1.60
2008.12.29 11:38:07.326,7.6594,7.66745,1.00,1.60
2008.12.29 11:38:07.906,7.6599,7.6677,1.20,1.60
2008.12.29 11:38:08.476,7.66,7.668,1.00,1.60
2008.12.29 11:38:12.325,7.6595,7.6677,1.00,1.60
2008.12.29 11:38:12.725,7.6587,7.66745,1.20,1.60
2008.12.29 11:38:13.075,7.6601,7.66825,1.20,1.60
2008.12.29 11:38:13.415,7.6595,7.6677,1.00,1.60
2008.12.29 11:38:14.305,7.6587,7.66745,1.20,1.60
2008.12.29 11:38:15.195,7.66,7.668,1.00,1.60
2008.12.29 11:38:17.364,7.6592,7.66745,1.00,1.60
2008.12.29 11:38:17.704,7.6587,7.6672,1.20,1.60
2008.12.29 11:38:17.824,7.6587,7.66745,1.20,1.60
2008.12.29 11:38:19.603,7.6592,7.66745,1.00,1.60
2008.12.29 11:38:21.143,7.6586,7.6669,1.00,1.60
2008.12.29 11:38:21.873,7.6593,7.66745,1.20,1.60
2008.12.29 11:38:24.212,7.6591,7.6672,1.00,1.60
2008.12.29 11:38:24.682,7.6582,7.6669,1.20,1.60
2008.12.29 11:38:25.022,7.6591,7.6672,1.00,1.60
2008.12.29 11:38:25.462,7.6582,7.6669,1.20,1.60
2008.12.29 11:38:26.482,7.6599,7.6669,1.20,1.60
2008.12.29 11:38:27.112,7.66,7.668,1.00,1.60
2008.12.29 11:38:27.981,7.6592,7.6684,1.00,1.60
2008.12.29 11:38:28.492,7.6588,7.6684,1.20,1.60
2008.12.29 11:38:28.951,7.6588,7.66745,1.20,1.60
2008.12.29 11:38:29.251,7.6586,7.6672,1.00,1.60
2008.12.29 11:38:30.341,7.6587,7.6672,1.20,1.60
2008.12.29 11:38:30.561,7.6588,7.6672,1.20,1.60
2008.12.29 11:38:31.791,7.6595,7.66745,1.00,1.60
2008.12.29 11:38:32.700,7.6596,7.6677,1.00,1.60
2008.12.29 11:38:33.510,7.66,7.668,1.00,1.60
2008.12.29 11:38:34.120,7.6599,7.668,1.20,1.60
2008.12.29 11:38:35.760,7.6596,7.6677,1.00,1.60
2008.12.29 11:38:36.820,7.6596,7.6687,1.00,11.20
2008.12.29 11:38:37.399,7.6586,7.6672,1.00,1.60
2008.12.29 11:38:38.179,7.6582,7.6669,1.20,1.60
2008.12.29 11:38:39.449,7.6591,7.6672,1.00,1.60
2008.12.29 11:38:39.789,7.6582,7.6672,1.20,1.60
2008.12.29 11:38:41.328,7.6591,7.6672,1.00,1.60
2008.12.29 11:38:41.788,7.6587,7.6687,1.20,9.60
2008.12.29 11:38:42.138,7.6592,7.6684,1.00,1.60
2008.12.29 11:38:42.428,7.6593,7.6669,1.20,1.60
2008.12.29 11:38:42.938,7.6588,7.6672,1.20,1.60
2008.12.29 11:38:43.967,7.6595,7.66745,1.00,1.60
2008.12.29 11:38:44.917,7.6588,7.6672,1.20,1.60
2008.12.29 11:38:45.607,7.6588,7.66665,1.20,1.60
2008.12.29 11:38:45.907,7.6588,7.6669,1.20,1.60
2008.12.29 11:38:48.336,7.6593,7.6669,1.20,1.60
2008.12.29 11:38:48.736,7.6595,7.66745,1.00,1.60
2008.12.29 11:38:49.206,7.6588,7.6672,1.20,1.60
2008.12.29 11:38:49.676,7.6582,7.6669,1.20,1.60
2008.12.29 11:38:50.016,7.6583,7.6679,1.20,3.20
2008.12.29 11:38:50.396,7.6577,7.6661,1.20,1.60
2008.12.29 11:38:50.806,7.6582,7.6669,1.20,1.60
2008.12.29 11:38:51.956,7.6584,7.6664,1.00,1.60
2008.12.29 11:38:52.405,7.6577,7.6661,1.20,1.60
2008.12.29 11:38:52.705,7.6583,7.6664,1.20,1.60
2008.12.29 11:38:54.115,7.6585,7.6664,1.20,1.60
2008.12.29 11:38:54.235,7.6587,7.66665,1.00,1.60
2008.12.29 11:38:54.625,7.6588,7.66665,1.20,1.60
2008.12.29 11:38:55.106,7.6588,7.6669,1.20,1.60
2008.12.29 11:38:56.874,7.6588,7.66665,1.20,1.60
2008.12.29 11:38:57.514,7.6588,7.6669,1.20,1.60
2008.12.29 11:38:57.864,7.6582,7.6669,1.20,1.60
2008.12.29 11:38:58.204,7.6584,7.6664,1.00,1.60
2008.12.29 11:38:58.484,7.6577,7.6661,1.20,1.60
2008.12.29 11:39:00.083,7.6583,7.6661,1.20,1.60
2008.12.29 11:39:00.484,7.6584,7.6664,1.00,1.60
2008.12.29 11:39:00.973,7.6577,7.6661,1.20,1.60
2008.12.29 11:39:01.714,7.6583,7.6661,1.20,1.60
2008.12.29 11:39:02.273,7.6584,7.6664,1.00,1.60
2008.12.29 11:39:02.443,7.6582,7.6669,1.20,1.60
2008.12.29 11:39:03.083,7.6582,7.66665,1.20,1.60
2008.12.29 11:39:03.303,7.6577,7.66665,1.20,1.60
2008.12.29 11:39:03.603,7.6581,7.6664,1.00,1.60
2008.12.29 11:39:05.532,7.6588,7.6664,1.20,1.60
2008.12.29 11:39:06.572,7.6582,7.66665,1.20,1.60
2008.12.29 11:39:07.772,7.6583,7.66665,1.20,1.60
2008.12.29 11:39:08.112,7.6584,7.6664,1.00,1.60
2008.12.29 11:39:09.271,7.6588,7.6664,1.20,1.60
2008.12.29 11:39:09.731,7.6589,7.6669,1.00,1.60
2008.12.29 11:39:11.841,7.6585,7.66665,1.00,1.60
2008.12.29 11:39:14.390,7.6588,7.66665,1.20,1.60
2008.12.29 11:39:14.780,7.6588,7.6669,1.20,1.60
2008.12.29 11:39:15.190,7.6591,7.6672,1.00,1.60
2008.12.29 11:39:16.990,7.6588,7.6672,1.20,1.60
2008.12.29 11:39:18.039,7.6588,7.6669,1.20,1.60
2008.12.29 11:39:18.859,7.6593,7.66745,1.20,1.60
2008.12.29 11:39:22.548,7.6593,7.6677,1.20,1.60
2008.12.29 11:39:23.068,7.6593,7.66745,1.20,1.60
2008.12.29 11:39:24.658,7.6593,7.668,1.20,1.60
2008.12.29 11:39:30.176,7.6598,7.668,1.20,1.60
2008.12.29 11:39:30.926,7.6601,7.66825,1.00,1.60
2008.12.29 11:39:32.256,7.6604,7.66825,1.20,1.60
2008.12.29 11:39:32.696,7.6598,7.66825,1.20,1.60
2008.12.29 11:39:33.725,7.6604,7.66825,1.20,1.60
2008.12.29 11:39:34.165,7.6605,7.6685,1.00,1.60
2008.12.29 11:39:34.666,7.6598,7.66825,1.20,1.60
2008.12.29 11:39:36.095,7.6595,7.66745,1.00,1.60
2008.12.29 11:39:39.614,7.6595,7.6684,1.00,1.60
2008.12.29 11:39:40.214,7.6588,7.6669,1.20,1.60
2008.12.29 11:39:41.164,7.6591,7.6672,1.00,1.60
2008.12.29 11:39:46.483,7.6592,7.66745,1.00,1.60
2008.12.29 11:39:48.502,7.6591,7.6672,1.00,1.60
2008.12.29 11:39:49.292,7.6593,7.6672,1.20,1.60
2008.12.29 11:39:49.582,7.6588,7.6672,1.20,1.60
2008.12.29 11:39:49.983,7.6593,7.66745,1.20,1.60
2008.12.29 11:39:50.492,7.6591,7.6672,1.00,1.60
2008.12.29 11:39:51.221,7.6588,7.6672,1.20,1.60
2008.12.29 11:39:51.341,7.6593,7.66745,1.20,1.60
2008.12.29 11:39:51.641,7.6588,7.66745,1.20,1.60
2008.12.29 11:39:51.941,7.6591,7.6672,1.00,1.60
2008.12.29 11:39:52.391,7.6593,7.6672,1.20,1.60
2008.12.29 11:39:53.331,7.6588,7.6672,1.20,1.60
2008.12.29 11:39:53.631,7.6593,7.6672,1.20,1.60
2008.12.29 11:39:53.981,7.6595,7.66745,1.00,1.60
2008.12.29 11:39:54.340,7.6588,7.6672,1.20,1.60
2008.12.29 11:39:55.250,7.6595,7.66745,1.00,1.60
2008.12.29 11:39:56.060,7.6588,7.6672,1.20,1.60
2008.12.29 11:39:56.680,7.6589,7.6669,1.00,1.60
2008.12.29 11:39:57.700,7.6591,7.6672,1.00,1.60
2008.12.29 11:40:02.349,7.6589,7.6669,1.00,1.60
2008.12.29 11:40:03.158,7.6591,7.6672,1.00,1.60
2008.12.29 11:40:07.057,7.6589,7.6669,1.00,1.60
2008.12.29 11:40:08.187,7.6585,7.66665,1.00,1.60
2008.12.29 11:40:09.987,7.6593,7.66665,1.20,1.60
2008.12.29 11:40:10.407,7.6582,7.6669,1.20,1.60
2008.12.29 11:40:10.857,7.6576,7.66665,1.20,1.60
2008.12.29 11:40:12.206,7.6581,7.6664,1.00,1.60
2008.12.29 11:40:14.886,7.658,7.6661,1.00,1.60
2008.12.29 11:40:17.805,7.6583,7.6661,1.20,1.60
2008.12.29 11:40:18.325,7.6584,7.6664,1.00,1.60
2008.12.29 11:40:26.943,7.6585,7.66665,1.00,1.60
2008.12.29 11:40:27.233,7.6582,7.66665,1.20,1.60
2008.12.29 11:40:49.887,7.6587,7.6683,1.20,1.60
2008.12.29 11:40:51.337,7.6602,7.6677,1.00,1.60
2008.12.29 11:40:52.477,7.6607,7.6677,1.00,1.60
2008.12.29 11:40:53.456,7.661,7.6677,1.00,1.60
2008.12.29 11:40:54.166,7.6605,7.6677,1.00,1.60
2008.12.29 11:40:55.346,7.6606,7.6677,1.00,1.60
2008.12.29 11:40:58.865,7.6606,7.66865,1.00,1.60
2008.12.29 11:40:59.335,7.6589,7.66715,1.00,1.60
2008.12.29 11:41:01.994,7.659,7.66715,1.00,1.60
2008.12.29 11:41:05.703,7.6595,7.66745,1.00,1.60
2008.12.29 11:41:11.562,7.6596,7.66745,1.00,1.60
2008.12.29 11:41:14.281,7.66,7.6676,1.00,1.60
2008.12.29 11:41:18.271,7.66,7.6676,1.00,1.60
2008.12.29 11:41:20.360,7.66,7.6675,1.00,1.60
2008.12.29 11:41:22.359,7.6604,7.6675,1.20,1.60
2008.12.29 11:41:22.709,7.6605,7.6677,1.00,1.60
2008.12.29 11:41:24.419,7.66,7.6675,1.00,1.60
2008.12.29 11:41:29.757,7.6601,7.6675,1.00,1.60
2008.12.29 11:41:30.048,7.66,7.6671,1.00,1.60
2008.12.29 11:41:30.167,7.6601,7.6675,1.00,1.60
2008.12.29 11:41:31.917,7.66,7.6671,1.00,1.60
2008.12.29 11:41:35.366,7.6598,7.6677,1.20,1.60
2008.12.29 11:41:35.956,7.6592,7.66745,1.20,1.60
2008.12.29 11:41:38.855,7.6601,7.6675,1.00,1.60
2008.12.29 11:41:48.433,7.6597,7.6674,1.00,1.60
2008.12.29 11:41:51.013,7.6605,7.6676,1.00,1.60
2008.12.29 11:41:51.592,7.6596,7.667,1.00,1.60
2008.12.29 11:41:52.242,7.6593,7.66745,1.20,1.60
2008.12.29 11:41:52.592,7.6593,7.66715,1.20,1.60
2008.12.29 11:41:53.812,7.6593,7.6668,1.20,1.60
2008.12.29 11:41:54.272,7.6591,7.6668,1.00,1.60
2008.12.29 11:41:54.731,7.6593,7.6668,1.20,1.60
2008.12.29 11:41:54.842,7.6596,7.667,1.00,1.60
2008.12.29 11:41:58.411,7.6596,7.66785,1.00,1.60
2008.12.29 11:41:59.240,7.6589,7.666,1.00,1.60
2008.12.29 11:42:00.790,7.6587,7.6669,1.20,1.60
2008.12.29 11:42:01.230,7.6587,7.66715,1.20,1.60
2008.12.29 11:42:01.580,7.6591,7.66715,1.00,1.60
2008.12.29 11:42:02.270,7.6591,7.66785,1.00,1.60
2008.12.29 11:42:02.870,7.6589,7.666,1.00,1.60
2008.12.29 11:42:03.849,7.6587,7.66635,1.20,1.60
2008.12.29 11:42:04.080,7.6587,7.6669,1.20,1.60
2008.12.29 11:42:08.848,7.6594,7.6665,1.00,1.60
2008.12.29 11:42:09.488,7.6593,7.66715,1.20,1.60
2008.12.29 11:42:09.758,7.6594,7.6665,1.00,1.60
2008.12.29 11:42:11.158,7.6589,7.666,1.00,1.60
2008.12.29 11:42:14.517,7.659,7.66635,1.00,1.60
2008.12.29 11:42:14.637,7.6589,7.666,1.00,1.60
2008.12.29 11:42:14.987,7.6588,7.66665,1.20,1.60
2008.12.29 11:42:15.287,7.6588,7.66635,1.20,1.60
2008.12.29 11:42:15.517,7.6587,7.66635,1.20,1.60
2008.12.29 11:42:15.637,7.659,7.6664,1.00,1.60
2008.12.29 11:42:16.916,7.6587,7.66635,1.20,1.60
2008.12.29 11:42:17.436,7.6587,7.66665,1.20,1.60
2008.12.29 11:42:21.905,7.6588,7.66665,1.20,1.60
2008.12.29 11:42:22.195,7.6589,7.666,1.00,1.60
2008.12.29 11:42:44.940,7.6589,7.6668,1.00,1.60
2008.12.29 11:42:45.289,7.6589,7.666,1.00,1.60
2008.12.29 11:42:45.690,7.658,7.6654,1.00,1.60
2008.12.29 11:42:46.210,7.6582,7.66585,1.20,1.60
2008.12.29 11:42:46.609,7.6577,7.66585,1.20,1.60
2008.12.29 11:42:46.719,7.6577,7.66555,1.20,1.60
2008.12.29 11:42:47.999,7.658,7.6654,1.00,1.60
2008.12.29 11:42:48.509,7.6577,7.6653,1.20,1.60
2008.12.29 11:42:48.958,7.658,7.6654,1.00,1.60
2008.12.29 11:42:50.238,7.658,7.66625,1.00,1.60
2008.12.29 11:42:50.568,7.6573,7.6644,1.00,1.60
2008.12.29 11:42:51.098,7.6577,7.6653,1.20,1.60
2008.12.29 11:42:58.146,7.6571,7.6653,1.20,1.60
2008.12.29 11:42:58.366,7.6574,7.6648,1.00,1.60
2008.12.29 11:42:58.706,7.6572,7.66475,1.20,1.60
2008.12.29 11:43:04.535,7.6569,7.66475,1.20,1.60
2008.12.29 11:43:04.825,7.657,7.6641,1.00,1.60
2008.12.29 11:43:05.395,7.6569,7.6645,1.20,1.60
2008.12.29 11:43:05.904,7.657,7.6641,1.00,1.60
2008.12.29 11:43:06.254,7.6569,7.6639,1.20,1.60
2008.12.29 11:43:08.594,7.6568,7.6639,1.00,1.60
2008.12.29 11:43:11.913,7.6569,7.6643,1.00,1.60
2008.12.29 11:43:17.932,7.6572,7.6643,1.20,1.60
2008.12.29 11:43:18.411,7.6573,7.6644,1.00,1.60
2008.12.29 11:43:18.951,7.6566,7.66475,1.20,1.60
2008.12.29 11:43:19.431,7.6566,7.6645,1.20,1.60
2008.12.29 11:43:31.218,7.6572,7.66475,1.20,1.60
2008.12.29 11:43:31.668,7.6578,7.6649,1.00,1.60
2008.12.29 11:43:32.258,7.6571,7.66505,1.20,1.60
2008.12.29 11:43:45.385,7.6581,7.6652,1.00,1.60
2008.12.29 11:43:45.945,7.6582,7.66585,1.20,1.60
2008.12.29 11:43:47.005,7.6584,7.6655,1.00,1.60
2008.12.29 11:43:49.564,7.6588,7.6655,1.20,1.60
2008.12.29 11:43:49.864,7.6588,7.66635,1.20,1.60
2008.12.29 11:43:51.524,7.6594,7.6665,1.00,1.60
2008.12.29 11:43:52.823,7.6598,7.6665,1.20,1.60
2008.12.29 11:43:53.303,7.66,7.6671,1.00,1.60
2008.12.29 11:43:53.803,7.6593,7.6669,1.20,1.60
2008.12.29 11:43:54.263,7.6596,7.667,1.00,1.60
2008.12.29 11:43:54.772,7.6591,7.6668,1.00,1.60
2008.12.29 11:43:55.232,7.6587,7.66665,1.20,1.60
2008.12.29 11:44:00.931,7.6587,7.6663,1.20,1.60
2008.12.29 11:44:01.151,7.658,7.6663,1.00,1.60
2008.12.29 11:44:01.601,7.6582,7.66635,1.20,1.60
2008.12.29 11:44:18.607,7.6586,7.6663,1.00,1.60
2008.12.29 11:44:21.266,7.6587,7.66665,1.20,1.60
2008.12.29 11:44:21.596,7.659,7.6664,1.00,1.60
2008.12.29 11:44:28.274,7.6593,7.6668,1.20,1.60
2008.12.29 11:44:28.684,7.6596,7.667,1.00,1.60
2008.12.29 11:44:29.114,7.6587,7.6669,1.20,1.60
2008.12.29 11:44:30.024,7.6588,7.66785,1.20,1.60
2008.12.29 11:44:30.314,7.6589,7.666,1.00,1.60
2008.12.29 11:44:31.484,7.6587,7.6669,1.20,1.60
2008.12.29 11:44:31.884,7.6587,7.66735,1.20,1.60
2008.12.29 11:44:32.394,7.6582,7.66735,1.20,1.60
2008.12.29 11:44:32.564,7.6584,7.6655,1.00,1.60
2008.12.29 11:44:33.123,7.6582,7.6661,1.20,1.60
2008.12.29 11:44:33.763,7.6586,7.6663,1.00,1.60
2008.12.29 11:44:43.451,7.658,7.6661,1.00,1.60
2008.12.29 11:44:47.000,7.6587,7.6661,1.20,1.60
2008.12.29 11:44:47.200,7.659,7.6664,1.00,1.60
2008.12.29 11:44:49.769,7.6594,7.6665,1.00,1.60
2008.12.29 11:44:51.799,7.6592,7.6663,1.00,1.60
2008.12.29 11:44:54.208,7.6589,7.666,1.00,1.60
2008.12.29 11:44:57.397,7.6593,7.666,1.20,1.60
2008.12.29 11:44:57.867,7.6593,7.6669,1.20,1.60
2008.12.29 11:44:59.317,7.6587,7.6669,1.20,1.60
2008.12.29 11:45:01.377,7.6593,7.6669,1.20,1.60
2008.12.29 11:45:01.666,7.6596,7.667,1.00,1.60
2008.12.29 11:45:05.635,7.6589,7.666,1.00,1.60
2008.12.29 11:45:07.755,7.659,7.6664,1.00,1.60
2008.12.29 11:45:10.624,7.6589,7.666,1.00,1.60
2008.12.29 11:45:11.234,7.659,7.6664,1.00,1.60
2008.12.29 11:45:12.904,7.6591,7.6668,1.00,1.60
2008.12.29 11:45:15.333,7.6589,7.666,1.00,1.60
2008.12.29 11:45:15.673,7.659,7.6664,1.00,1.60
2008.12.29 11:45:15.853,7.6587,7.6669,1.20,1.60
2008.12.29 11:45:15.963,7.6587,7.66785,1.20,1.60
2008.12.29 11:45:16.473,7.6593,7.66635,1.20,1.60
2008.12.29 11:45:16.893,7.6594,7.6665,1.00,1.60
2008.12.29 11:45:17.473,7.6572,7.66635,1.80,1.60
2008.12.29 11:45:17.823,7.6582,7.66635,1.20,1.60
2008.12.29 11:45:19.092,7.6588,7.66785,1.20,1.60
2008.12.29 11:45:19.442,7.6582,7.66635,1.20,1.60
2008.12.29 11:45:19.782,7.6588,7.66635,1.20,1.60
2008.12.29 11:45:22.132,7.6588,7.6659,1.20,1.60
2008.12.29 11:45:22.362,7.6588,7.66635,1.20,1.60
2008.12.29 11:45:22.471,7.6582,7.66635,1.20,1.60
2008.12.29 11:45:22.921,7.6585,7.6659,1.00,1.60
2008.12.29 11:45:23.451,7.6591,7.6668,1.00,1.60
2008.12.29 11:45:24.151,7.6593,7.6668,1.20,1.60
2008.12.29 11:45:24.391,7.6587,7.6669,1.20,1.60
2008.12.29 11:45:25.201,7.6582,7.66585,1.20,1.60
2008.12.29 11:45:25.921,7.659,7.66585,1.20,1.60
2008.12.29 11:45:26.381,7.6581,7.66665,1.20,1.60
2008.12.29 11:45:26.891,7.6581,7.66635,1.20,1.60
2008.12.29 11:45:27.310,7.6588,7.6661,1.20,1.60
2008.12.29 11:45:27.650,7.6587,7.66635,1.20,1.60
2008.12.29 11:45:28.050,7.6587,7.66665,1.20,1.60
2008.12.29 11:45:28.400,7.6592,7.66745,1.20,1.60
2008.12.29 11:45:30.060,7.6587,7.6669,1.20,1.60
2008.12.29 11:45:30.460,7.6593,7.66715,1.20,1.60
2008.12.29 11:45:31.379,7.6598,7.66745,1.20,1.60
2008.12.29 11:45:31.950,7.6598,7.6677,1.20,1.60
2008.12.29 11:45:32.399,7.6603,7.6685,1.20,1.60
2008.12.29 11:45:33.039,7.6609,7.6687,1.20,8.00
2008.12.29 11:45:33.679,7.6614,7.6687,1.20,8.00
2008.12.29 11:45:34.659,7.662,7.6687,1.20,8.00
2008.12.29 11:45:35.468,7.6614,7.6687,1.20,8.00
2008.12.29 11:45:36.218,7.6616,7.6687,1.00,9.60
2008.12.29 11:45:37.108,7.6614,7.6687,1.20,8.00
2008.12.29 11:45:40.217,7.6603,7.6687,1.20,8.00
2008.12.29 11:45:40.677,7.6603,7.667,1.20,7.20
2008.12.29 11:45:41.197,7.6597,7.667,1.20,7.20
2008.12.29 11:45:42.457,7.6608,7.667,1.20,7.20
2008.12.29 11:45:42.867,7.6613,7.667,1.00,7.20
2008.12.29 11:45:43.547,7.6613,7.6687,1.00,8.00
2008.12.29 11:45:44.007,7.6609,7.6687,1.20,8.00
2008.12.29 11:45:44.656,7.662,7.6687,1.20,8.00
2008.12.29 11:45:45.516,7.6614,7.6687,1.20,8.00
2008.12.29 11:45:47.785,7.6617,7.6687,1.20,8.00
2008.12.29 11:45:48.745,7.6618,7.6687,1.00,8.00
2008.12.29 11:45:49.155,7.662,7.6687,1.20,8.00
2008.12.29 11:45:50.635,7.6614,7.6687,1.20,8.00
2008.12.29 11:45:50.975,7.6616,7.6687,1.00,9.60
2008.12.29 11:45:51.725,7.6616,7.668,1.00,7.20
2008.12.29 11:45:52.754,7.6612,7.668,1.00,7.20
2008.12.29 11:45:53.334,7.6614,7.668,1.20,7.20
2008.12.29 11:45:56.393,7.6609,7.668,1.20,7.20
2008.12.29 11:45:56.513,7.6609,7.667,1.20,7.20
2008.12.29 11:46:05.791,7.661,7.667,1.00,7.20
2008.12.29 11:46:06.251,7.6609,7.667,1.20,7.20
2008.12.29 11:46:08.280,7.661,7.667,1.00,7.20
2008.12.29 11:46:09.670,7.6616,7.667,1.00,7.20
2008.12.29 11:46:10.170,7.6616,7.668,1.00,7.20
2008.12.29 11:46:10.502,7.6608,7.668,1.20,7.20
2008.12.29 11:46:10.740,7.6608,7.667,1.20,7.20
2008.12.29 11:46:11.080,7.6614,7.667,1.20,7.20
2008.12.29 11:46:11.430,7.6617,7.668,1.00,7.20
2008.12.29 11:46:12.000,7.6616,7.668,1.00,7.20
2008.12.29 11:46:14.109,7.6616,7.668,1.00,14.40
2008.12.29 11:46:16.658,7.6616,7.668,1.00,7.20
2008.12.29 11:46:20.468,7.661,7.668,1.00,7.20
2008.12.29 11:46:24.797,7.6609,7.668,1.20,7.20
2008.12.29 11:46:30.255,7.6609,7.668,1.20,8.00
2008.12.29 11:46:30.705,7.6612,7.668,1.00,8.00
2008.12.29 11:46:30.995,7.6609,7.668,1.20,8.00
2008.12.29 11:46:45.691,7.6614,7.668,1.20,8.00
2008.12.29 11:46:46.211,7.6609,7.668,1.20,8.00
2008.12.29 11:46:50.080,7.6602,7.6679,1.00,1.60
2008.12.29 11:46:50.810,7.6598,7.6677,1.20,1.60
2008.12.29 11:46:54.689,7.6602,7.6679,1.00,1.60
2008.12.29 11:46:54.809,7.6601,7.6675,1.00,1.60
2008.12.29 11:46:55.039,7.6598,7.66795,1.20,1.60
2008.12.29 11:46:56.049,7.6601,7.6675,1.00,1.60
2008.12.29 11:47:13.514,7.6604,7.6675,1.20,1.60
2008.12.29 11:47:13.965,7.6605,7.6676,1.00,1.60
2008.12.29 11:47:16.334,7.6601,7.6675,1.00,1.60
2008.12.29 11:47:25.822,7.6604,7.6675,1.20,1.60
2008.12.29 11:47:26.122,7.6605,7.6676,1.00,1.60
2008.12.29 11:47:28.181,7.6598,7.6675,1.20,1.60
2008.12.29 11:47:28.401,7.6605,7.6676,1.00,1.60
2008.12.29 11:47:28.871,7.6598,7.6677,1.20,1.60
2008.12.29 11:47:30.381,7.6597,7.6674,1.00,1.60
2008.12.29 11:47:30.901,7.6582,7.66635,1.20,1.60
2008.12.29 11:47:31.181,7.6581,7.66635,1.20,1.60
2008.12.29 11:47:31.591,7.6582,7.66635,1.20,1.60
2008.12.29 11:47:34.799,7.66,7.66635,1.00,1.60
2008.12.29 11:47:34.909,7.66,7.6671,1.00,1.60
2008.12.29 11:47:35.259,7.6598,7.6677,1.20,1.60
2008.12.29 11:47:35.659,7.6604,7.6677,1.20,1.60
2008.12.29 11:47:36.049,7.6605,7.6676,1.00,1.60
2008.12.29 11:47:36.399,7.6601,7.6675,1.00,1.60
2008.12.29 11:47:38.459,7.6587,7.66715,1.20,1.60
2008.12.29 11:47:39.029,7.6591,7.66715,1.00,1.60
2008.12.29 11:47:41.718,7.6591,7.6668,1.00,1.60
2008.12.29 11:47:42.178,7.6586,7.6663,1.00,1.60
2008.12.29 11:47:45.197,7.6587,7.6663,1.20,1.60
2008.12.29 11:47:45.597,7.6587,7.6669,1.20,1.60
2008.12.29 11:47:45.817,7.6581,7.66665,1.20,1.60
2008.12.29 11:47:46.447,7.6586,7.66665,1.00,1.60
2008.12.29 11:47:47.826,7.6596,7.667,1.00,1.60
2008.12.29 11:47:48.657,7.6593,7.66715,1.20,1.60
2008.12.29 11:47:50.016,7.6594,7.6665,1.00,1.60
2008.12.29 11:47:51.436,7.6585,7.6659,1.00,1.60
2008.12.29 11:47:52.605,7.6581,7.6658,1.00,1.60
2008.12.29 11:47:52.935,7.6571,7.66555,1.20,1.60
2008.12.29 11:47:55.056,7.6576,7.66555,1.20,1.60
2008.12.29 11:47:55.455,7.6581,7.6658,1.00,1.60
2008.12.29 11:47:55.685,7.6571,7.66555,1.20,1.60
2008.12.29 11:47:56.214,7.657,7.66555,1.20,1.60
2008.12.29 11:47:56.784,7.657,7.66585,1.20,1.60
2008.12.29 11:47:57.854,7.6575,7.66555,1.00,1.60
2008.12.29 11:47:58.184,7.6576,7.66585,1.00,1.60
2008.12.29 11:48:04.172,7.658,7.6661,1.00,1.60
2008.12.29 11:48:04.343,7.6581,7.6658,1.00,1.60
2008.12.29 11:48:07.862,7.6582,7.6658,1.20,1.60
2008.12.29 11:48:08.152,7.6585,7.6659,1.00,1.60
2008.12.29 11:48:08.951,7.6593,7.6663,1.20,1.60
2008.12.29 11:48:09.581,7.6594,7.6665,1.00,1.60
2008.12.29 11:48:09.911,7.6593,7.66715,1.20,1.60
2008.12.29 11:48:10.031,7.6598,7.66715,1.20,1.60
2008.12.29 11:48:10.781,7.6601,7.6675,1.00,1.60
2008.12.29 11:48:11.351,7.6592,7.66795,1.20,1.60
2008.12.29 11:48:14.220,7.6593,7.66795,1.20,1.60
2008.12.29 11:48:14.610,7.66,7.6671,1.00,1.60
2008.12.29 11:48:15.130,7.6593,7.66715,1.20,1.60
2008.12.29 11:48:18.059,7.6605,7.6676,1.00,1.60
2008.12.29 11:48:18.169,7.6596,7.667,1.00,1.60
2008.12.29 11:48:18.529,7.6598,7.667,1.20,1.60
2008.12.29 11:48:18.819,7.6598,7.66745,1.20,1.60
2008.12.29 11:48:19.159,7.6601,7.6675,1.00,1.60
2008.12.29 11:48:19.619,7.66,7.6671,1.00,1.60
2008.12.29 11:48:20.209,7.6593,7.66715,1.20,1.60
2008.12.29 11:48:24.548,7.6609,7.66715,1.20,1.60
2008.12.29 11:48:25.398,7.661,7.668,1.00,6.80
2008.12.29 11:48:25.928,7.6593,7.66715,1.20,1.60
2008.12.29 11:48:26.497,7.66,7.6671,1.00,1.60
2008.12.29 11:48:28.197,7.6593,7.6669,1.20,1.60
2008.12.29 11:48:30.167,7.66,7.6671,1.00,1.60
2008.12.29 11:48:30.456,7.6593,7.66715,1.20,1.60
2008.12.29 11:48:32.835,7.6596,7.6677,1.00,1.60
2008.12.29 11:48:32.896,7.6592,7.66745,1.20,1.60
2008.12.29 11:48:33.366,7.6587,7.6669,1.20,1.60
2008.12.29 11:48:33.936,7.6587,7.66785,1.20,1.60
2008.12.29 11:48:34.335,7.6586,7.6663,1.00,1.60
2008.12.29 11:48:34.575,7.6586,7.66665,1.00,1.60
2008.12.29 11:48:34.815,7.6582,7.66635,1.20,1.60
2008.12.29 11:48:36.116,7.6576,7.66585,1.20,1.60
2008.12.29 11:48:37.444,7.6571,7.66555,1.20,1.60
2008.12.29 11:48:38.055,7.6598,7.66745,1.20,1.60
2008.12.29 11:48:38.395,7.6598,7.66795,1.20,1.60
2008.12.29 11:48:39.024,7.6597,7.668,1.20,6.80
2008.12.29 11:48:39.774,7.6603,7.6679,1.20,1.60
2008.12.29 11:48:40.234,7.6602,7.6679,1.00,1.60
2008.12.29 11:48:40.684,7.6597,7.6677,1.20,1.60
2008.12.29 11:48:40.924,7.6603,7.668,1.20,6.80
2008.12.29 11:48:41.274,7.6598,7.668,1.20,6.80
2008.12.29 11:48:41.833,7.6597,7.66795,1.20,1.60
2008.12.29 11:48:42.233,7.6597,7.668,1.20,6.80
2008.12.29 11:48:42.583,7.6598,7.668,1.20,6.80
2008.12.29 11:48:42.983,7.6602,7.6679,1.00,1.60
2008.12.29 11:48:43.463,7.6604,7.6675,1.20,1.60
2008.12.29 11:48:44.093,7.6598,7.66795,1.20,1.60
2008.12.29 11:48:44.553,7.6598,7.6677,1.20,1.60
2008.12.29 11:48:44.973,7.6597,7.6674,1.00,1.60
2008.12.29 11:48:45.433,7.6593,7.6669,1.20,1.60
2008.12.29 11:48:45.492,7.6593,7.66715,1.20,1.60
2008.12.29 11:48:46.212,7.6592,7.66745,1.20,1.60
2008.12.29 11:48:46.552,7.6586,7.66745,1.20,1.60
2008.12.29 11:48:48.872,7.6593,7.66745,1.20,1.60
2008.12.29 11:48:49.282,7.6593,7.66715,1.20,1.60
2008.12.29 11:48:50.242,7.6596,7.667,1.00,1.60
2008.12.29 11:48:50.751,7.6587,7.66745,1.20,1.60
2008.12.29 11:48:51.091,7.6592,7.66795,1.20,1.60
2008.12.29 11:48:51.381,7.6597,7.66795,1.20,1.60
2008.12.29 11:48:51.781,7.6592,7.668,1.20,6.80
2008.12.29 11:48:52.121,7.6592,7.66795,1.20,1.60
2008.12.29 11:48:52.411,7.6598,7.66795,1.20,1.60
2008.12.29 11:48:52.691,7.6598,7.6677,1.20,1.60
2008.12.29 11:48:56.890,7.6604,7.6677,1.20,1.60
2008.12.29 11:48:57.240,7.6605,7.6676,1.00,1.60
2008.12.29 11:48:59.709,7.6606,7.668,1.00,8.40
2008.12.29 11:49:02.289,7.6605,7.6676,1.00,1.60
2008.12.29 11:49:02.689,7.6606,7.668,1.00,8.40
2008.12.29 11:49:05.918,7.6603,7.668,1.20,6.80
2008.12.29 11:49:09.087,7.6606,7.668,1.00,8.40
2008.12.29 11:49:11.507,7.6606,7.668,1.00,1.60
2008.12.29 11:49:11.846,7.6605,7.6676,1.00,1.60
2008.12.29 11:49:12.296,7.6603,7.66825,1.20,1.60
2008.12.29 11:49:13.806,7.6604,7.66825,1.20,1.60
2008.12.29 11:49:14.665,7.6605,7.6676,1.00,1.60
2008.12.29 11:49:15.295,7.6614,7.6687,1.20,8.00
2008.12.29 11:49:15.655,7.6603,7.6687,1.20,8.00
2008.12.29 11:49:16.075,7.6603,7.66825,1.20,1.60
2008.12.29 11:49:18.755,7.6604,7.66825,1.20,1.60
2008.12.29 11:49:19.394,7.6605,7.6676,1.00,1.60
2008.12.29 11:49:19.515,7.6606,7.668,1.00,1.60
2008.12.29 11:49:20.084,7.6604,7.66795,1.20,1.60
2008.12.29 11:49:20.714,7.6603,7.66795,1.20,1.60
2008.12.29 11:49:21.064,7.6606,7.668,1.00,1.60
2008.12.29 11:49:21.994,7.6605,7.6676,1.00,1.60
2008.12.29 11:49:22.454,7.6601,7.6675,1.00,1.60
2008.12.29 11:49:22.623,7.6598,7.66795,1.20,1.60
2008.12.29 11:49:24.803,7.6601,7.6675,1.00,1.60
2008.12.29 11:49:27.443,7.6598,7.6687,1.20,8.00
2008.12.29 11:49:27.892,7.6597,7.6685,1.20,1.60
2008.12.29 11:49:28.122,7.6602,7.6685,1.00,1.60
2008.12.29 11:49:29.632,7.6602,7.66825,1.00,1.60
2008.12.29 11:49:37.800,7.6602,7.6679,1.00,1.60
2008.12.29 11:49:39.930,7.6601,7.6675,1.00,1.60
2008.12.29 11:49:40.689,7.6604,7.6675,1.20,1.60
2008.12.29 11:49:41.619,7.6609,7.66795,1.20,1.60
2008.12.29 11:49:42.149,7.6609,7.6685,1.20,1.60
2008.12.29 11:49:42.329,7.6612,7.6686,1.00,1.60
2008.12.29 11:49:47.918,7.6616,7.6687,1.00,9.60
2008.12.29 11:49:48.777,7.6609,7.6685,1.20,1.60
2008.12.29 11:49:50.567,7.6612,7.6686,1.00,1.60
2008.12.29 11:49:56.675,7.6614,7.6686,1.20,1.60
2008.12.29 11:49:56.915,7.6616,7.6687,1.00,9.60
2008.12.29 11:49:58.005,7.6619,7.6687,1.20,9.60
2008.12.29 11:49:58.405,7.6625,7.6687,1.20,8.00
2008.12.29 11:49:58.755,7.6632,7.6687,1.00,8.00
2008.12.29 11:49:59.205,7.6632,7.6703,1.00,1.60
2008.12.29 11:50:03.174,7.6636,7.6705,1.20,1.60
2008.12.29 11:50:03.514,7.6636,7.6712,1.20,1.60
2008.12.29 11:50:05.463,7.6636,7.668,1.20,6.40
2008.12.29 11:50:07.243,7.6636,7.6712,1.20,1.60
2008.12.29 11:50:10.322,7.6635,7.6712,1.20,1.60
2008.12.29 11:50:10.382,7.6639,7.6716,1.00,1.60
2008.12.29 11:50:10.792,7.6641,7.6716,1.20,1.60
2008.12.29 11:50:11.352,7.6646,7.67225,1.20,1.60
2008.12.29 11:50:12.902,7.6641,7.67225,1.20,1.60
2008.12.29 11:50:13.241,7.6641,7.6732,1.20,1.60
2008.12.29 11:50:13.531,7.6642,7.6713,1.00,1.60
2008.12.29 11:50:14.061,7.6635,7.668,1.20,6.40
2008.12.29 11:50:15.201,7.6652,7.6721,1.20,1.60
2008.12.29 11:50:15.621,7.665,7.6721,1.00,1.60
2008.12.29 11:50:16.121,7.6649,7.6723,1.00,1.60
2008.12.29 11:50:18.700,7.66355,7.6733,1.00,1.60
2008.12.29 11:50:19.150,7.66355,7.6736,1.00,1.60
2008.12.29 11:50:19.560,7.6638,7.67385,1.00,1.60
2008.12.29 11:50:21.859,7.66435,7.6744,1.00,1.60
2008.12.29 11:50:22.319,7.6662,7.6744,1.20,1.60
2008.12.29 11:50:25.329,7.667,7.6744,1.00,1.60
2008.12.29 11:50:25.769,7.6668,7.6744,1.20,1.60
2008.12.29 11:50:26.118,7.6667,7.6744,1.20,1.60
2008.12.29 11:50:26.878,7.667,7.6744,1.00,1.60
2008.12.29 11:50:27.238,7.6655,7.6736,1.00,1.60
2008.12.29 11:50:27.638,7.6645,7.67305,1.20,1.60
2008.12.29 11:50:27.988,7.6657,7.67305,1.20,1.60
2008.12.29 11:50:28.408,7.6662,7.6736,1.20,1.60
2008.12.29 11:50:28.928,7.6664,7.6735,1.00,1.60
2008.12.29 11:50:31.397,7.6667,7.6741,1.20,1.60
2008.12.29 11:50:31.637,7.6667,7.6756,1.20,1.60
2008.12.29 11:50:32.107,7.6662,7.6741,1.20,1.60
2008.12.29 11:50:33.577,7.6662,7.67385,1.20,1.60
2008.12.29 11:50:37.915,7.6667,7.67385,1.20,1.60
2008.12.29 11:50:38.275,7.6668,7.67385,1.20,1.60
2008.12.29 11:50:38.945,7.6669,7.674,1.00,1.60
2008.12.29 11:50:39.165,7.6662,7.6741,1.20,1.60
2008.12.29 11:50:41.454,7.6667,7.67465,1.20,1.60
2008.12.29 11:50:41.735,7.6662,7.67465,1.20,1.60
2008.12.29 11:50:41.965,7.6666,7.6743,1.00,1.60
2008.12.29 11:50:43.534,7.6668,7.6743,1.20,1.60
2008.12.29 11:50:43.834,7.6662,7.67385,1.20,1.60
2008.12.29 11:50:44.584,7.6668,7.6739,1.20,1.60
2008.12.29 11:50:45.164,7.6662,7.6741,1.20,1.60
2008.12.29 11:50:51.002,7.6668,7.6741,1.20,1.60
2008.12.29 11:50:51.523,7.6669,7.674,1.00,1.60
2008.12.29 11:50:52.022,7.6675,7.6746,1.00,1.60
2008.12.29 11:50:52.612,7.6673,7.6752,1.20,1.60
2008.12.29 11:50:53.132,7.6673,7.6764,1.20,1.60
2008.12.29 11:50:53.692,7.6673,7.6749,1.20,1.60
2008.12.29 11:50:54.082,7.6689,7.6754,1.20,1.60
2008.12.29 11:50:54.482,7.6691,7.6762,1.00,1.60
2008.12.29 11:50:55.241,7.6693,7.677,1.00,1.60
2008.12.29 11:50:55.741,7.6688,7.67735,1.20,1.60
2008.12.29 11:50:59.560,7.6688,7.6775,1.20,1.60
2008.12.29 11:51:00.060,7.6678,7.6757,1.20,1.60
2008.12.29 11:51:00.420,7.6672,7.67545,1.20,1.60
2008.12.29 11:51:04.659,7.6678,7.67545,1.20,1.60
2008.12.29 11:51:04.949,7.6681,7.6755,1.00,1.60
2008.12.29 11:51:05.469,7.6689,7.6755,1.20,1.60
2008.12.29 11:51:05.999,7.6691,7.6762,1.00,1.60
2008.12.29 11:51:06.299,7.6678,7.676,1.20,1.60
2008.12.29 11:51:09.738,7.6681,7.6755,1.00,1.60
2008.12.29 11:51:11.717,7.668,7.6751,1.00,1.60
2008.12.29 11:51:16.336,7.6669,7.674,1.00,1.60
2008.12.29 11:51:16.626,7.6662,7.67385,1.20,1.60
2008.12.29 11:51:17.036,7.6665,7.6739,1.00,1.60
2008.12.29 11:51:17.386,7.6666,7.6743,1.00,1.60
2008.12.29 11:51:19.425,7.6673,7.6743,1.20,1.60
2008.12.29 11:51:19.815,7.6675,7.6746,1.00,1.60
2008.12.29 11:51:20.755,7.6673,7.6743,1.20,1.60
2008.12.29 11:51:21.095,7.6666,7.6743,1.00,1.60
2008.12.29 11:51:21.325,7.6665,7.6739,1.00,1.60
2008.12.29 11:51:26.334,7.6667,7.67465,1.20,1.60
2008.12.29 11:51:27.403,7.6668,7.67465,1.20,1.60
2008.12.29 11:51:27.694,7.6662,7.6741,1.20,1.60
2008.12.29 11:51:28.463,7.6662,7.67385,1.20,1.60
2008.12.29 11:51:29.833,7.6657,7.67385,1.20,1.60
2008.12.29 11:51:30.603,7.666,7.6734,1.00,1.60
2008.12.29 11:51:30.953,7.6662,7.6741,1.20,1.60
2008.12.29 11:51:31.293,7.6656,7.6741,1.20,1.60
2008.12.29 11:51:31.653,7.6661,7.6738,1.00,1.60
2008.12.29 11:51:32.053,7.6662,7.6741,1.20,1.60
2008.12.29 11:51:32.512,7.6662,7.6744,1.20,1.60
2008.12.29 11:51:32.902,7.6665,7.6739,1.00,1.60
2008.12.29 11:51:33.322,7.6657,7.6736,1.20,1.60
2008.12.29 11:51:35.112,7.6662,7.6736,1.20,1.60
2008.12.29 11:51:35.232,7.6664,7.6735,1.00,1.60
2008.12.29 11:51:36.381,7.6662,7.6763,1.00,1.00
2008.12.29 11:51:37.281,7.6662,7.6776,1.00,1.20
2008.12.29 11:51:37.681,7.66445,7.6776,1.00,1.20
2008.12.29 11:51:38.081,7.665,7.6776,1.00,1.20
2008.12.29 11:51:38.661,7.6646,7.6774,1.00,1.00
2008.12.29 11:51:39.411,7.6639,7.6774,1.00,1.00
2008.12.29 11:51:39.821,7.66365,7.6774,1.00,1.00
2008.12.29 11:51:40.000,7.6645,7.6774,1.00,1.00
2008.12.29 11:51:40.590,7.6639,7.6773,1.00,1.00
2008.12.29 11:51:41.330,7.6649,7.6773,1.00,1.00
2008.12.29 11:51:43.400,7.6645,7.6769,1.00,1.00
2008.12.29 11:51:43.689,7.66335,7.6769,1.00,1.00
2008.12.29 11:51:44.390,7.6644,7.67685,1.00,1.00
2008.12.29 11:51:45.019,7.6639,7.67635,1.00,1.00
2008.12.29 11:51:45.839,7.66255,7.67625,1.00,1.00
2008.12.29 11:51:46.469,7.6633,7.6763,1.00,1.00
2008.12.29 11:51:46.819,7.66285,7.67625,1.00,1.00
2008.12.29 11:51:47.289,7.6639,7.67625,1.00,1.00
2008.12.29 11:51:48.279,7.66285,7.67625,1.00,1.00
2008.12.29 11:51:48.448,7.66185,7.67625,1.80,1.00
2008.12.29 11:51:48.669,7.66185,7.67675,1.80,1.00
2008.12.29 11:51:49.239,7.6644,7.67675,1.00,1.00
2008.12.29 11:51:51.488,7.6644,7.6768,1.00,1.00
2008.12.29 11:51:52.248,7.66365,7.67735,1.00,1.00
2008.12.29 11:51:52.997,7.66415,7.6776,1.00,1.20
2008.12.29 11:51:53.217,7.6647,7.6776,1.00,1.20
2008.12.29 11:51:54.177,7.6648,7.6776,1.00,1.20
2008.12.29 11:51:54.717,7.6657,7.6776,1.00,1.20
2008.12.29 11:51:55.187,7.66415,7.6776,1.00,1.20
2008.12.29 11:51:55.587,7.6655,7.6776,1.00,1.20
2008.12.29 11:51:58.276,7.665,7.6776,1.00,1.20
2008.12.29 11:52:00.626,7.6614,7.6776,1.20,1.20
2008.12.29 11:52:00.855,7.6608,7.6776,4.00,1.20
2008.12.29 11:52:01.775,7.6614,7.6776,1.20,1.20
2008.12.29 11:52:04.065,7.6609,7.6776,1.60,1.20
2008.12.29 11:52:05.874,7.6614,7.6776,1.20,1.20
2008.12.29 11:52:11.523,7.6608,7.6776,4.00,1.20
2008.12.29 11:52:11.863,7.6614,7.6776,1.20,1.20
2008.12.29 11:52:32.408,7.6614,7.6772,1.20,1.00
2008.12.29 11:52:36.547,7.6614,7.6771,1.20,1.00
2008.12.29 11:52:38.716,7.6614,7.67665,1.20,1.00
2008.12.29 11:52:39.277,7.6614,7.6734,1.20,1.00
2008.12.29 11:52:40.076,7.6614,7.67265,1.20,1.00
2008.12.29 11:52:42.385,7.6614,7.6703,1.20,1.60
2008.12.29 11:52:43.245,7.6614,7.6693,1.20,1.60
2008.12.29 11:52:44.116,7.6614,7.67245,1.20,1.00
2008.12.29 11:52:44.585,7.6614,7.6682,1.20,1.60
2008.12.29 11:52:46.384,7.6614,7.6676,1.20,1.60
2008.12.29 11:52:46.944,7.6614,7.6723,1.20,1.00
2008.12.29 11:52:47.694,7.6614,7.6686,1.20,1.60
2008.12.29 11:52:47.924,7.6614,7.6671,1.20,1.60
2008.12.29 11:52:48.044,7.6608,7.6671,2.40,1.60
2008.12.29 11:52:49.604,7.6608,7.66655,2.40,1.60
2008.12.29 11:52:49.884,7.6597,7.66655,4.60,1.60
2008.12.29 11:52:50.343,7.6597,7.6668,4.60,1.60
2008.12.29 11:52:50.953,7.6608,7.6669,2.40,1.60
2008.12.29 11:52:51.473,7.65755,7.6654,1.60,1.60
2008.12.29 11:52:54.982,7.65755,7.6661,1.60,1.60
2008.12.29 11:52:55.332,7.65755,7.6646,1.60,1.60
2008.12.29 11:52:56.152,7.65755,7.66485,1.60,1.60
2008.12.29 11:52:56.992,7.65755,7.6654,1.60,1.60
2008.12.29 11:52:57.342,7.65755,7.6653,1.60,1.60
2008.12.29 11:53:01.861,7.65755,7.6651,1.60,1.60
2008.12.29 11:53:03.800,7.65755,7.6648,1.60,1.60
2008.12.29 11:53:04.270,7.65755,7.66485,1.60,1.60
2008.12.29 11:53:05.290,7.65755,7.6646,1.60,2.80
2008.12.29 11:53:06.030,7.65755,7.6643,1.60,1.60
2008.12.29 11:53:06.431,7.65755,7.66485,1.60,1.60
2008.12.29 11:53:07.089,7.65755,7.6647,1.60,1.60
2008.12.29 11:53:10.379,7.65755,7.6651,1.60,2.80
2008.12.29 11:53:11.409,7.65755,7.6653,1.60,1.60
2008.12.29 11:53:11.868,7.65755,7.66485,1.60,1.60
2008.12.29 11:53:12.228,7.65755,7.6651,1.60,1.60
2008.12.29 11:53:13.268,7.65755,7.6651,1.60,2.80
2008.12.29 11:53:15.787,7.65755,7.6647,1.60,1.60
2008.12.29 11:53:17.427,7.65755,7.6651,1.60,2.80
2008.12.29 11:53:19.836,7.6573,7.6651,1.00,2.80
2008.12.29 11:53:20.656,7.6576,7.6651,1.20,2.80
2008.12.29 11:53:20.996,7.6577,7.6652,1.00,1.60
2008.12.29 11:53:22.656,7.6579,7.6659,1.00,1.60
2008.12.29 11:53:24.675,7.6579,7.6662,1.00,1.60
2008.12.29 11:53:25.725,7.6574,7.6659,1.00,1.60
2008.12.29 11:53:27.145,7.6585,7.66645,1.00,1.60
2008.12.29 11:53:32.173,7.6584,7.6662,1.00,2.80
2008.12.29 11:53:36.462,7.6587,7.6662,1.20,2.80
2008.12.29 11:53:36.813,7.6588,7.6663,1.00,1.60
2008.12.29 11:53:36.982,7.6589,7.6667,1.00,2.80
2008.12.29 11:53:40.691,7.6589,7.6669,1.00,1.60
2008.12.29 11:53:41.101,7.6577,7.6652,1.00,1.60
2008.12.29 11:53:41.451,7.6573,7.6651,1.00,2.80
2008.12.29 11:53:42.151,7.6571,7.6651,1.20,1.60
2008.12.29 11:53:42.571,7.6572,7.6647,1.00,1.60
2008.12.29 11:53:45.490,7.6573,7.6651,1.00,2.80
2008.12.29 11:53:46.600,7.6572,7.6647,1.00,1.60
2008.12.29 11:53:50.799,7.6576,7.66635,1.20,1.60
2008.12.29 11:53:51.139,7.6571,7.66485,1.20,1.60
2008.12.29 11:53:51.539,7.657,7.66485,1.20,1.60
2008.12.29 11:53:51.699,7.657,7.6651,1.20,1.60
2008.12.29 11:53:52.689,7.6571,7.6651,1.20,1.60
2008.12.29 11:53:53.299,7.6572,7.6647,1.00,1.60
2008.12.29 11:53:56.378,7.6576,7.6647,1.20,1.60
2008.12.29 11:53:56.957,7.6575,7.66565,1.20,1.60
2008.12.29 11:53:57.297,7.6579,7.6659,1.00,1.60
2008.12.29 11:53:59.077,7.6583,7.6663,1.00,1.60
2008.12.29 11:54:00.236,7.6591,7.6663,1.00,1.60
2008.12.29 11:54:01.166,7.6589,7.6655,1.00,1.60
2008.12.29 11:54:01.606,7.6593,7.6655,1.00,1.60
2008.12.29 11:54:01.836,7.6594,7.6659,1.00,1.60
2008.12.29 11:54:02.237,7.6574,7.6667,1.20,1.60
2008.12.29 11:54:02.876,7.6592,7.6658,1.00,1.60
2008.12.29 11:54:03.736,7.6574,7.6667,1.20,1.60
2008.12.29 11:54:04.026,7.6574,7.66645,1.20,1.60
2008.12.29 11:54:04.146,7.6593,7.6658,1.00,1.60
2008.12.29 11:54:05.115,7.6585,7.6644,1.00,1.60
2008.12.29 11:54:05.396,7.6569,7.66535,1.20,1.60
2008.12.29 11:54:06.375,7.6585,7.6644,1.00,1.60
2008.12.29 11:54:07.115,7.6569,7.6643,1.20,1.60
2008.12.29 11:54:08.035,7.6568,7.6643,1.40,1.60
2008.12.29 11:54:08.385,7.6569,7.6647,1.00,1.60
2008.12.29 11:54:08.915,7.6571,7.665,1.00,1.60
2008.12.29 11:54:09.334,7.6573,7.6653,1.20,1.60
2008.12.29 11:54:09.555,7.6576,7.66555,1.00,1.60
2008.12.29 11:54:12.194,7.6575,7.6652,1.00,1.60
2008.12.29 11:54:12.764,7.6579,7.6652,1.20,1.60
2008.12.29 11:54:13.184,7.6579,7.6653,1.40,1.60
2008.12.29 11:54:13.974,7.6574,7.6648,1.40,1.60
2008.12.29 11:54:15.403,7.6574,7.6648,1.00,1.60
2008.12.29 11:54:15.873,7.6569,7.6643,1.00,1.60
2008.12.29 11:54:16.103,7.6569,7.6643,1.40,1.60
2008.12.29 11:54:16.403,7.6569,7.6645,1.20,1.60
2008.12.29 11:54:17.683,7.6569,7.6643,1.40,1.60
2008.12.29 11:54:17.902,7.6574,7.6653,1.20,1.60
2008.12.29 11:54:18.302,7.6568,7.6653,1.20,1.60
2008.12.29 11:54:18.662,7.6574,7.665,1.20,1.60
2008.12.29 11:54:19.122,7.6576,7.6652,1.00,1.60
2008.12.29 11:54:19.732,7.6579,7.6653,1.20,1.60
2008.12.29 11:54:20.252,7.6579,7.66555,1.20,1.60
2008.12.29 11:54:20.372,7.658,7.6653,1.00,1.60
2008.12.29 11:54:21.002,7.6576,7.6652,1.00,1.60
2008.12.29 11:54:23.461,7.658,7.6653,1.00,2.80
2008.12.29 11:54:23.911,7.6569,7.666,1.20,3.20
2008.12.29 11:54:24.201,7.6569,7.6645,1.20,1.60
2008.12.29 11:54:24.321,7.6569,7.6642,1.40,1.60
2008.12.29 11:54:26.030,7.6569,7.6642,1.00,1.60
2008.12.29 11:54:26.331,7.6568,7.665,1.20,1.60
2008.12.29 11:54:27.020,7.6568,7.66475,1.20,1.60
2008.12.29 11:54:27.250,7.6571,7.6646,1.00,1.60
2008.12.29 11:54:30.589,7.6574,7.6646,1.20,1.60
2008.12.29 11:54:30.919,7.6575,7.6647,1.00,1.60
2008.12.29 11:54:32.149,7.6571,7.6646,1.00,1.60
2008.12.29 11:54:34.248,7.6574,7.6646,1.20,1.60
2008.12.29 11:54:34.359,7.6575,7.6647,1.00,1.60
2008.12.29 11:54:34.928,7.6571,7.6646,1.00,1.60
2008.12.29 11:54:35.668,7.6574,7.6649,1.00,1.60
2008.12.29 11:54:37.328,7.6572,7.6656,1.20,1.60
2008.12.29 11:54:38.747,7.6584,7.6649,1.00,1.60
2008.12.29 11:54:39.317,7.659,7.665,1.00,1.60
2008.12.29 11:54:41.347,7.659,7.6649,1.00,1.60
2008.12.29 11:54:41.797,7.6586,7.6648,1.00,1.60
2008.12.29 11:54:43.106,7.6577,7.6659,1.20,1.60
2008.12.29 11:54:43.576,7.6583,7.6659,1.20,1.60
2008.12.29 11:54:44.056,7.6596,7.6655,1.00,1.60
2008.12.29 11:54:45.786,7.6591,7.6653,1.00,1.60
2008.12.29 11:54:48.115,7.6598,7.6657,1.00,1.60
2008.12.29 11:54:48.235,7.6601,7.666,1.00,1.60
2008.12.29 11:54:50.254,7.6601,7.6659,1.00,1.60
2008.12.29 11:54:52.724,7.6603,7.6661,1.00,1.60
2008.12.29 11:54:53.884,7.6597,7.6655,1.00,1.60
2008.12.29 11:54:56.073,7.6602,7.666,1.00,1.60
2008.12.29 11:54:59.072,7.6599,7.6659,1.00,1.60
2008.12.29 11:55:00.493,7.6594,7.6654,1.00,1.60
2008.12.29 11:55:04.141,7.6576,7.6653,1.00,1.60
2008.12.29 11:55:04.551,7.658,7.6653,1.20,1.60
2008.12.29 11:55:04.612,7.6581,7.6653,1.00,1.60
2008.12.29 11:55:04.961,7.6586,7.66555,1.20,1.60
2008.12.29 11:55:06.481,7.6586,7.66555,1.40,1.60
2008.12.29 11:55:09.700,7.6581,7.6655,1.40,1.60
2008.12.29 11:55:10.180,7.6581,7.66555,1.20,1.60
2008.12.29 11:55:11.159,7.6581,7.6655,1.40,1.60
2008.12.29 11:55:15.099,7.6581,7.6654,1.40,1.60
2008.12.29 11:55:18.028,7.6581,7.6654,1.00,1.60
2008.12.29 11:55:18.328,7.6577,7.6653,1.00,2.80
2008.12.29 11:55:19.617,7.658,7.6649,1.20,1.60
2008.12.29 11:55:19.898,7.658,7.6653,1.20,1.60
2008.12.29 11:55:20.167,7.658,7.665,1.20,1.60
2008.12.29 11:55:21.247,7.6581,7.665,1.00,1.60
2008.12.29 11:55:25.436,7.6582,7.6653,1.00,1.60
2008.12.29 11:55:27.066,7.6581,7.665,1.00,1.60
2008.12.29 11:55:32.794,7.658,7.6653,1.20,1.60
2008.12.29 11:55:33.324,7.6583,7.6653,1.00,1.60
2008.12.29 11:55:34.124,7.658,7.6653,1.20,1.60
2008.12.29 11:55:34.465,7.6582,7.665,1.00,1.60
2008.12.29 11:55:34.684,7.658,7.665,1.20,1.60
2008.12.29 11:55:35.094,7.658,7.6653,1.20,1.60
2008.12.29 11:55:36.394,7.6582,7.665,1.00,1.60
2008.12.29 11:55:39.493,7.658,7.665,1.20,1.60
2008.12.29 11:55:40.362,7.658,7.6653,1.20,1.60
2008.12.29 11:55:41.112,7.6582,7.6653,1.00,2.80
2008.12.29 11:55:41.453,7.6587,7.66555,1.00,1.60
2008.12.29 11:55:43.332,7.6588,7.66555,1.00,1.60
2008.12.29 11:55:43.792,7.6588,7.6658,1.00,1.60
2008.12.29 11:55:43.952,7.6591,7.6661,1.20,1.60
2008.12.29 11:55:46.391,7.6585,7.6661,1.20,1.60
2008.12.29 11:55:46.731,7.6588,7.6658,1.00,1.60
2008.12.29 11:55:49.790,7.6588,7.6665,1.00,1.60
2008.12.29 11:55:49.960,7.658,7.665,1.20,1.60
2008.12.29 11:56:00.668,7.6584,7.66555,1.00,1.60
2008.12.29 11:56:01.947,7.6581,7.66555,1.00,1.60
2008.12.29 11:56:03.337,7.6581,7.6652,1.00,1.60
2008.12.29 11:56:04.277,7.6581,7.6649,1.00,1.60
2008.12.29 11:56:05.266,7.6579,7.66555,1.20,1.60
2008.12.29 11:56:06.586,7.6581,7.6647,1.00,1.60
2008.12.29 11:56:06.996,7.6581,7.6646,1.00,1.60
2008.12.29 11:56:16.174,7.6582,7.6646,1.00,1.60
2008.12.29 11:56:18.313,7.6582,7.6652,1.00,1.60
2008.12.29 11:56:23.032,7.6579,7.66555,1.20,1.60
2008.12.29 11:56:23.902,7.6585,7.6658,1.20,1.60
2008.12.29 11:56:24.362,7.658,7.665,1.20,1.60
2008.12.29 11:56:25.342,7.658,7.6637,1.40,1.60
2008.12.29 11:56:27.242,7.6585,7.6637,1.20,1.60
2008.12.29 11:56:27.531,7.6585,7.6642,1.40,1.60
2008.12.29 11:56:27.981,7.6585,7.6658,1.20,1.60
2008.12.29 11:56:28.661,7.6588,7.6651,1.00,1.60
2008.12.29 11:56:30.191,7.6592,7.6652,1.00,1.60
2008.12.29 11:56:30.830,7.6588,7.6651,1.00,1.60
2008.12.29 11:56:32.000,7.6601,7.6658,1.40,1.60
2008.12.29 11:56:32.630,7.6601,7.66715,1.20,1.60
2008.12.29 11:56:39.768,7.6596,7.6669,1.20,1.60
2008.12.29 11:56:42.238,7.6596,7.6653,1.40,1.60
2008.12.29 11:56:42.638,7.6596,7.6669,1.20,1.60
2008.12.29 11:56:50.885,7.6592,7.6669,1.20,1.60
2008.12.29 11:56:51.055,7.6593,7.6669,1.20,1.60
2008.12.29 11:56:51.345,7.6593,7.6654,1.20,1.60
2008.12.29 11:56:51.525,7.6592,7.6658,1.40,1.60
2008.12.29 11:56:53.515,7.6593,7.6658,1.00,1.60
2008.12.29 11:56:53.905,7.6593,7.6654,1.20,1.60
2008.12.29 11:56:54.415,7.6592,7.6667,1.20,1.60
2008.12.29 11:56:55.604,7.6593,7.6658,1.00,1.60
2008.12.29 11:56:59.714,7.6593,7.6654,1.20,1.60
2008.12.29 11:57:02.253,7.6593,7.6653,1.20,1.60
2008.12.29 11:57:05.812,7.6598,7.667,1.20,1.60
2008.12.29 11:57:07.361,7.6598,7.6659,1.40,1.60
2008.12.29 11:57:08.391,7.6598,7.6659,1.00,1.60
2008.12.29 11:57:08.851,7.6598,7.6659,1.40,1.60
2008.12.29 11:57:09.271,7.6603,7.6663,1.20,1.60
2008.12.29 11:57:09.671,7.6603,7.6675,1.20,1.60
2008.12.29 11:57:10.251,7.6603,7.6664,1.40,1.60
2008.12.29 11:57:11.301,7.6603,7.6663,1.40,1.60
2008.12.29 11:57:15.579,7.6606,7.6663,1.20,1.60
2008.12.29 11:57:15.739,7.6606,7.6675,1.20,1.60
2008.12.29 11:57:16.029,7.6603,7.6675,1.20,1.60
2008.12.29 11:57:16.369,7.6603,7.6663,1.40,1.60
2008.12.29 11:57:19.679,7.6605,7.6668,1.00,1.60
2008.12.29 11:57:20.079,7.6609,7.6669,1.40,1.60
2008.12.29 11:57:20.368,7.6603,7.6678,1.20,1.60
2008.12.29 11:57:21.338,7.6609,7.6667,1.20,1.60
2008.12.29 11:57:21.808,7.6603,7.6678,1.20,1.60
2008.12.29 11:57:23.498,7.6609,7.6668,1.40,1.60
2008.12.29 11:57:23.608,7.6609,7.6668,1.00,1.60
2008.12.29 11:57:23.898,7.6603,7.6678,1.20,1.60
2008.12.29 11:57:24.967,7.6609,7.6668,1.00,1.60
2008.12.29 11:57:25.437,7.6609,7.6668,1.40,1.60
2008.12.29 11:57:27.247,7.6609,7.6668,1.00,1.60
2008.12.29 11:57:27.827,7.6605,7.6667,1.00,1.60
2008.12.29 11:57:34.275,7.6614,7.6667,1.20,1.60
2008.12.29 11:57:34.745,7.6615,7.6674,1.00,1.60
2008.12.29 11:57:53.710,7.6616,7.6678,1.00,1.60
2008.12.29 11:57:55.380,7.6611,7.6673,1.00,1.60
2008.12.29 11:58:00.819,7.6614,7.6686,1.20,1.60
2008.12.29 11:58:01.169,7.6614,7.66885,1.20,1.60
2008.12.29 11:58:02.079,7.6609,7.66885,1.20,1.60
2008.12.29 11:58:02.588,7.6611,7.6673,1.00,1.60
2008.12.29 11:58:04.099,7.6612,7.6677,1.00,1.60
2008.12.29 11:58:04.618,7.662,7.6677,1.20,1.60
2008.12.29 11:58:05.008,7.662,7.66965,1.20,1.60
2008.12.29 11:58:05.460,7.6623,7.6688,1.00,1.60
2008.12.29 11:58:05.747,7.6627,7.6689,1.00,1.60
2008.12.29 11:58:06.157,7.662,7.6713,1.20,24.00
2008.12.29 11:58:06.737,7.6617,7.6688,1.00,1.60
2008.12.29 11:58:07.137,7.6625,7.6713,1.20,24.00
2008.12.29 11:58:07.527,7.66165,7.67125,1.00,1.00
2008.12.29 11:58:07.947,7.661,7.6685,1.40,1.60
2008.12.29 11:58:08.917,7.6611,7.6685,1.20,1.60
2008.12.29 11:58:09.267,7.6612,7.6684,1.00,1.60
2008.12.29 11:58:10.176,7.66125,7.6713,1.00,24.00
2008.12.29 11:58:10.536,7.6616,7.6688,1.00,1.60
2008.12.29 11:58:11.676,7.6618,7.6689,1.00,1.60
2008.12.29 11:58:12.146,7.6611,7.6689,1.00,1.60
2008.12.29 11:58:12.596,7.661,7.6685,1.40,1.60
2008.12.29 11:58:13.226,7.6611,7.6689,1.00,1.60
2008.12.29 11:58:13.736,7.661,7.6685,1.40,1.60
2008.12.29 11:58:14.136,7.661,7.6703,1.20,1.20
2008.12.29 11:58:14.365,7.66055,7.6703,1.00,1.20
2008.12.29 11:58:14.825,7.6583,7.6688,1.00,1.60
2008.12.29 11:58:15.405,7.6584,7.6688,1.00,1.60
2008.12.29 11:58:23.443,7.65695,7.6697,1.00,1.20
2008.12.29 11:58:23.843,7.6572,7.6703,1.00,1.20
2008.12.29 11:58:26.033,7.6574,7.6686,1.00,1.60
2008.12.29 11:58:26.672,7.6579,7.6682,1.00,1.60
2008.12.29 11:58:27.182,7.6575,7.6697,1.00,1.20
2008.12.29 11:58:27.762,7.6572,7.6699,1.00,1.00
2008.12.29 11:58:28.122,7.6567,7.66965,1.00,1.00
2008.12.29 11:58:28.462,7.6582,7.6692,1.00,1.60
2008.12.29 11:58:28.752,7.6568,7.6687,1.00,1.60
2008.12.29 11:58:29.262,7.65695,7.6697,1.00,1.20
2008.12.29 11:58:29.811,7.6567,7.6697,1.00,1.20
2008.12.29 11:58:30.391,7.6568,7.6684,1.00,1.60
2008.12.29 11:58:31.381,7.6568,7.6682,1.00,1.60
2008.12.29 11:58:32.001,7.6575,7.6683,1.00,1.60
2008.12.29 11:58:32.981,7.6577,7.6697,1.20,1.20
2008.12.29 11:58:33.661,7.6592,7.6682,1.00,1.60
2008.12.29 11:58:34.181,7.6582,7.6703,1.20,1.20
2008.12.29 11:58:34.650,7.6583,7.6703,1.20,1.20
2008.12.29 11:58:34.881,7.65695,7.6707,1.00,2.20
2008.12.29 11:58:35.450,7.656,7.6707,1.60,2.20
2008.12.29 11:58:35.970,7.6577,7.6678,1.00,1.60
2008.12.29 11:58:36.530,7.65625,7.6703,1.60,1.20
2008.12.29 11:58:36.820,7.65775,7.67005,1.00,1.00
2008.12.29 11:58:36.931,7.6572,7.67005,1.00,1.00
2008.12.29 11:58:37.440,7.65625,7.6703,1.60,1.20
2008.12.29 11:58:38.030,7.65775,7.6703,1.00,2.20
2008.12.29 11:58:38.550,7.6588,7.6689,1.00,1.60
2008.12.29 11:58:40.089,7.6589,7.6693,1.00,1.60
2008.12.29 11:58:40.449,7.65855,7.6708,1.00,1.20
2008.12.29 11:58:40.739,7.65855,7.6711,1.00,1.00
2008.12.29 11:58:41.799,7.6592,7.6687,1.00,1.60
2008.12.29 11:58:42.199,7.6577,7.6689,1.20,1.20
2008.12.29 11:58:42.728,7.6578,7.6663,1.00,1.60
2008.12.29 11:58:43.258,7.6574,7.6662,1.00,1.60
2008.12.29 11:58:43.709,7.6588,7.6663,1.20,1.60
2008.12.29 11:58:44.069,7.6587,7.6663,1.00,1.60
2008.12.29 11:58:44.518,7.6576,7.6689,1.20,1.20
2008.12.29 11:58:45.039,7.6572,7.6689,1.00,2.20
2008.12.29 11:58:45.748,7.6573,7.6656,1.00,1.60
2008.12.29 11:58:46.678,7.6583,7.6657,1.00,1.60
2008.12.29 11:58:47.087,7.6582,7.66885,1.20,1.00
2008.12.29 11:58:47.667,7.6582,7.66875,1.20,1.00
2008.12.29 11:58:48.127,7.6583,7.6657,1.00,1.60
2008.12.29 11:58:48.637,7.6588,7.6657,1.20,1.60
2008.12.29 11:58:48.937,7.6588,7.6658,1.20,1.60
2008.12.29 11:58:50.447,7.6588,7.6658,1.40,1.60
2008.12.29 11:58:51.277,7.6584,7.6657,1.00,1.60
2008.12.29 11:58:56.125,7.6582,7.6652,1.40,1.60
2008.12.29 11:58:57.935,7.6584,7.6657,1.00,1.60
2008.12.29 11:58:58.445,7.6576,7.66845,1.20,1.00
2008.12.29 11:58:59.285,7.658,7.6655,1.00,1.60
2008.12.29 11:59:01.294,7.6582,7.6655,1.20,1.60
2008.12.29 11:59:01.684,7.6584,7.6656,1.00,1.60
2008.12.29 11:59:02.344,7.6582,7.6686,1.20,1.00
2008.12.29 11:59:03.103,7.6584,7.6656,1.00,1.60
2008.12.29 11:59:04.244,7.6593,7.666,1.20,1.60
2008.12.29 11:59:04.693,7.6593,7.66935,1.20,1.00
2008.12.29 11:59:05.593,7.6594,7.6663,1.00,1.60
2008.12.29 11:59:05.883,7.6593,7.6659,1.20,1.60
2008.12.29 11:59:07.763,7.659,7.6651,1.00,1.60
2008.12.29 11:59:08.162,7.6589,7.6655,1.20,1.60
2008.12.29 11:59:08.452,7.6583,7.6655,1.20,1.60
2008.12.29 11:59:09.082,7.6589,7.6645,1.20,1.60
2008.12.29 11:59:09.482,7.6588,7.6645,1.00,1.60
2008.12.29 11:59:09.712,7.6583,7.6643,1.40,1.60
2008.12.29 11:59:10.182,7.6589,7.6644,1.20,1.60
2008.12.29 11:59:10.412,7.6588,7.6644,1.00,1.60
2008.12.29 11:59:10.752,7.6583,7.66525,1.20,1.60
2008.12.29 11:59:11.212,7.658,7.6642,1.00,1.60
2008.12.29 11:59:11.332,7.6589,7.6642,1.20,1.60
2008.12.29 11:59:12.022,7.6571,7.6642,1.00,1.60
2008.12.29 11:59:12.482,7.6581,7.66485,1.20,1.60
2008.12.29 11:59:12.902,7.6575,7.6651,1.20,1.60
2008.12.29 11:59:13.241,7.6575,7.6637,1.40,1.60
2008.12.29 11:59:13.791,7.6577,7.6637,1.20,1.60
2008.12.29 11:59:14.151,7.6577,7.6643,1.40,1.60
2008.12.29 11:59:14.741,7.6577,7.66515,1.20,1.60
2008.12.29 11:59:15.261,7.6583,7.6687,1.00,1.20
2008.12.29 11:59:15.441,7.65805,7.66935,1.00,1.00
2008.12.29 11:59:15.781,7.65805,7.6693,1.00,1.00
2008.12.29 11:59:16.400,7.658,7.6693,1.00,1.00
2008.12.29 11:59:18.700,7.658,7.6694,1.00,1.00
2008.12.29 11:59:19.110,7.6585,7.6694,1.00,1.00
2008.12.29 11:59:19.510,7.6585,7.6692,1.00,1.00
2008.12.29 11:59:20.060,7.658,7.6684,1.20,1.60
2008.12.29 11:59:20.339,7.658,7.6677,1.20,1.20
2008.12.29 11:59:21.379,7.658,7.6656,1.20,1.60
2008.12.29 11:59:22.410,7.658,7.6638,1.20,1.60
2008.12.29 11:59:23.579,7.658,7.6631,1.20,1.60
2008.12.29 11:59:24.259,7.658,7.6628,1.20,1.60
2008.12.29 11:59:24.309,7.6579,7.6628,1.00,1.60
2008.12.29 11:59:24.829,7.658,7.6672,1.20,1.20
2008.12.29 11:59:25.408,7.658,7.6626,1.20,1.60
2008.12.29 11:59:26.428,7.658,7.6672,1.20,1.20
2008.12.29 11:59:27.748,7.658,7.6625,1.20,1.60
2008.12.29 11:59:28.458,7.658,7.6666,1.20,1.20
2008.12.29 11:59:28.758,7.6575,7.6624,1.00,1.60
2008.12.29 11:59:29.707,7.658,7.6625,1.20,1.60
2008.12.29 11:59:29.927,7.658,7.6624,1.20,1.60
2008.12.29 11:59:30.157,7.6575,7.6624,1.00,1.60
2008.12.29 11:59:30.897,7.6575,7.662,1.20,1.60
2008.12.29 11:59:33.606,7.658,7.662,1.20,1.60
2008.12.29 11:59:34.116,7.658,7.6625,1.20,1.60
2008.12.29 11:59:35.436,7.6575,7.6624,1.40,1.60
2008.12.29 11:59:36.056,7.6575,7.662,1.20,1.60
2008.12.29 11:59:36.756,7.657,7.6618,1.00,1.60
2008.12.29 11:59:37.325,7.6569,7.6617,1.20,1.60
2008.12.29 11:59:37.765,7.6566,7.6617,1.00,1.60
2008.12.29 11:59:38.625,7.6571,7.6622,1.00,1.60
2008.12.29 11:59:38.865,7.6568,7.6655,1.20,1.20
2008.12.29 11:59:39.735,7.6574,7.6655,1.20,1.20
2008.12.29 11:59:40.085,7.6574,7.6614,1.20,1.60
2008.12.29 11:59:40.205,7.6569,7.6614,1.40,1.60
2008.12.29 11:59:41.005,7.6575,7.6619,1.20,1.60
2008.12.29 11:59:41.404,7.6575,7.6655,1.20,1.20
2008.12.29 11:59:42.005,7.657,7.6661,1.00,1.20
2008.12.29 11:59:42.294,7.6569,7.6661,1.20,1.20
2008.12.29 11:59:42.644,7.6569,7.6614,1.40,1.60
2008.12.29 11:59:46.693,7.6563,7.6607,1.40,1.60
2008.12.29 11:59:48.713,7.6563,7.665,1.20,1.20
2008.12.29 11:59:49.642,7.6569,7.6613,1.40,1.60
2008.12.29 11:59:51.362,7.6569,7.6613,1.00,1.60
2008.12.29 11:59:52.052,7.6568,7.6655,1.20,1.20
2008.12.29 11:59:52.312,7.6574,7.6655,1.20,1.20
2008.12.29 11:59:52.492,7.6574,7.6661,1.20,1.20
2008.12.29 11:59:55.591,7.6569,7.6613,1.40,1.60
2008.12.29 11:59:57.071,7.6574,7.6613,1.20,1.60
2008.12.29 11:59:57.401,7.6574,7.6617,1.20,1.60
2008.12.29 11:59:57.520,7.6574,7.6655,1.20,1.20
2008.12.29 11:59:57.691,7.6573,7.6661,1.20,1.20
