2018.02.23 19:00:00.552,8.16133,8.16303,1.00,1.00
2018.02.23 19:00:00.864,8.16152,8.1632,1.00,1.00
2018.02.23 19:00:00.915,8.16165,8.16335,1.00,1.00
2018.02.23 19:00:01.017,8.1616,8.1633,1.00,1.00
2018.02.23 19:00:01.322,8.16148,8.16318,1.00,1.00
2018.02.23 19:00:01.631,8.16137,8.16307,1.00,1.00
2018.02.23 19:00:01.984,8.16146,8.16316,1.00,1.00
2018.02.23 19:00:02.384,8.16156,8.16326,1.00,1.00
2018.02.23 19:00:02.758,8.16164,8.16334,1.00,1.00
2018.02.23 19:00:03.075,8.16156,8.16326,1.00,1.00
2018.02.23 19:00:03.388,8.16148,8.16318,1.00,1.00
2018.02.23 19:00:03.735,8.16139,8.16309,1.00,1.00
2018.02.23 19:00:04.087,8.16131,8.16299,1.00,1.00
2018.02.23 19:00:04.445,8.16161,8.16331,1.00,1.00
2018.02.23 19:00:05.184,8.1617,8.1634,1.00,1.00
2018.02.23 19:00:05.487,8.16181,8.16351,1.00,1.00
2018.02.23 19:00:05.829,8.16179,8.16349,1.00,1.00
2018.02.23 19:00:06.570,8.16175,8.16345,1.00,1.00
2018.02.23 19:00:07.632,8.16166,8.16336,1.00,1.00
2018.02.23 19:00:07.982,8.16168,8.16338,1.00,1.00
2018.02.23 19:00:08.343,8.16159,8.16329,1.00,1.00
2018.02.23 19:00:08.976,8.16156,8.16326,1.00,1.00
2018.02.23 19:00:13.183,8.16153,8.16323,1.00,1.00
2018.02.23 19:00:14.161,8.16154,8.16324,1.00,1.00
2018.02.23 19:00:14.833,8.1616,8.1633,1.00,1.00
2018.02.23 19:00:15.160,8.16141,8.16309,1.00,1.00
2018.02.23 19:00:15.312,8.16149,8.16319,1.00,1.00
2018.02.23 19:00:16.627,8.16147,8.16317,1.00,1.00
2018.02.23 19:00:24.005,8.16149,8.16317,1.00,1.00
2018.02.23 19:00:26.846,8.16137,8.16307,1.00,1.00
2018.02.23 19:00:27.165,8.16148,8.16316,1.00,1.00
2018.02.23 19:00:28.213,8.16153,8.16323,1.00,1.00
2018.02.23 19:00:31.385,8.16155,8.16325,1.00,1.00
2018.02.23 19:00:32.331,8.16163,8.16331,1.00,1.00
2018.02.23 19:00:32.812,8.16165,8.16333,1.00,1.00
2018.02.23 19:00:37.569,8.16171,8.16341,1.00,1.00
2018.02.23 19:00:38.573,8.1618,8.1635,1.00,1.00
2018.02.23 19:00:39.119,8.16189,8.16359,1.00,1.00
2018.02.23 19:00:39.433,8.16201,8.16371,1.00,1.00
2018.02.23 19:00:43.044,8.1621,8.16384,1.00,1.00
2018.02.23 19:00:43.196,8.16223,8.16393,1.00,1.00
2018.02.23 19:00:44.156,8.16223,8.16393,1.08,1.00
2018.02.23 19:00:45.246,8.16225,8.16406,1.08,1.00
2018.02.23 19:00:45.366,8.16225,8.16406,1.00,1.00
2018.02.23 19:00:45.623,8.16231,8.16406,1.00,1.00
2018.02.23 19:00:45.964,8.16241,8.16413,1.00,1.00
2018.02.23 19:00:47.653,8.1626,8.1643,1.00,1.00
2018.02.23 19:00:47.958,8.16287,8.16455,1.00,1.00
2018.02.23 19:00:48.487,8.16295,8.16465,1.00,1.00
2018.02.23 19:00:48.964,8.16302,8.16472,1.00,1.00
2018.02.23 19:00:49.360,8.16322,8.16492,1.00,1.00
2018.02.23 19:00:49.743,8.16322,8.16492,1.08,1.00
2018.02.23 19:00:49.936,8.16327,8.16497,1.11,1.00
2018.02.23 19:00:49.987,8.16324,8.16494,1.08,1.00
2018.02.23 19:00:50.685,8.16323,8.16493,1.11,1.00
2018.02.23 19:00:51.639,8.16297,8.16473,1.08,1.00
2018.02.23 19:00:51.952,8.16278,8.16438,1.08,1.00
2018.02.23 19:00:52.168,8.16278,8.16446,1.08,1.00
2018.02.23 19:00:52.445,8.16278,8.16456,1.08,1.00
2018.02.23 19:00:52.546,8.16304,8.16474,1.11,1.00
2018.02.23 19:00:52.907,8.16314,8.16482,1.00,1.00
2018.02.23 19:00:53.111,8.16335,8.16505,1.11,1.00
2018.02.23 19:00:53.162,8.16345,8.16513,1.00,1.00
2018.02.23 19:00:53.264,8.16354,8.16524,1.00,1.00
2018.02.23 19:00:53.315,8.16354,8.16524,1.08,1.00
2018.02.23 19:00:53.833,8.16354,8.16524,1.00,1.00
2018.02.23 19:00:54.065,8.16357,8.16527,1.00,1.00
2018.02.23 19:00:54.394,8.16366,8.16536,1.00,1.00
2018.02.23 19:00:58.406,8.1637,8.1654,1.00,1.00
2018.02.23 19:01:02.860,8.16374,8.16544,1.00,1.00
2018.02.23 19:01:03.261,8.16364,8.16534,1.00,1.00
2018.02.23 19:01:03.585,8.16367,8.16535,1.00,1.00
2018.02.23 19:01:04.257,8.16363,8.16533,1.00,1.00
2018.02.23 19:01:05.001,8.16374,8.16544,1.00,1.00
2018.02.23 19:01:05.389,8.16352,8.1652,1.00,1.00
2018.02.23 19:01:05.669,8.1636,8.1653,1.00,1.00
2018.02.23 19:01:05.720,8.16363,8.16531,1.00,1.00
2018.02.23 19:01:06.418,8.16368,8.16538,1.00,1.00
2018.02.23 19:01:06.734,8.16364,8.16534,1.00,1.00
2018.02.23 19:01:07.235,8.16365,8.16535,1.00,1.00
2018.02.23 19:01:07.792,8.16364,8.16534,1.00,1.00
2018.02.23 19:01:09.095,8.16359,8.16529,1.00,1.00
2018.02.23 19:01:09.398,8.16362,8.16532,1.00,1.00
2018.02.23 19:01:09.704,8.16359,8.16529,1.00,1.00
2018.02.23 19:01:10.015,8.16361,8.16531,1.00,1.00
2018.02.23 19:01:13.352,8.16357,8.16527,1.00,1.00
2018.02.23 19:01:16.673,8.16352,8.16522,1.00,1.00
2018.02.23 19:01:17.264,8.16358,8.16528,1.00,1.00
2018.02.23 19:01:22.823,8.16357,8.16527,1.00,1.00
2018.02.23 19:01:24.125,8.16356,8.16526,1.00,1.00
2018.02.23 19:01:25.070,8.16372,8.16542,1.00,1.00
2018.02.23 19:01:25.375,8.16353,8.16523,1.00,1.00
2018.02.23 19:01:28.366,8.1636,8.1653,1.00,1.00
2018.02.23 19:01:30.005,8.16361,8.16531,1.00,1.00
2018.02.23 19:01:32.046,8.16357,8.16527,1.00,1.00
2018.02.23 19:01:34.226,8.16354,8.16524,1.00,1.00
2018.02.23 19:01:34.622,8.16362,8.16532,1.00,1.00
2018.02.23 19:01:35.415,8.16369,8.16539,1.00,1.00
2018.02.23 19:01:36.140,8.16384,8.16557,1.00,1.00
2018.02.23 19:01:36.191,8.16374,8.16552,1.00,1.00
2018.02.23 19:01:37.604,8.16374,8.16549,1.00,1.00
2018.02.23 19:01:43.363,8.16376,8.16551,1.00,1.00
2018.02.23 19:01:48.674,8.16374,8.16549,1.00,1.00
2018.02.23 19:01:49.745,8.16373,8.16548,1.00,1.00
2018.02.23 19:01:52.927,8.16371,8.16546,1.00,1.00
2018.02.23 19:01:59.851,8.1638,8.16555,1.00,1.00
2018.02.23 19:02:00.814,8.16369,8.16544,1.00,1.00
2018.02.23 19:02:01.118,8.16387,8.16562,1.00,1.00
2018.02.23 19:02:01.475,8.16387,8.16552,1.00,1.00
2018.02.23 19:02:01.667,8.16385,8.16552,1.00,1.00
2018.02.23 19:02:01.769,8.16382,8.16552,1.00,1.00
2018.02.23 19:02:01.872,8.1639,8.16565,1.00,1.00
2018.02.23 19:02:01.923,8.1639,8.1656,1.00,1.00
2018.02.23 19:02:01.975,8.16382,8.16557,1.00,1.00
2018.02.23 19:02:02.026,8.1639,8.1656,1.00,1.00
2018.02.23 19:02:02.077,8.16382,8.16557,1.00,1.00
2018.02.23 19:02:02.128,8.16382,8.16553,1.00,1.00
2018.02.23 19:02:02.630,8.16391,8.1656,1.00,1.00
2018.02.23 19:02:03.050,8.16382,8.16554,1.00,1.00
2018.02.23 19:02:03.100,8.16391,8.16554,1.00,1.00
2018.02.23 19:02:03.252,8.16383,8.16554,1.00,1.00
2018.02.23 19:02:03.651,8.164,8.16554,1.00,1.00
2018.02.23 19:02:03.703,8.16411,8.16586,1.00,1.00
2018.02.23 19:02:03.754,8.16418,8.1659,1.00,1.00
2018.02.23 19:02:04.059,8.1642,8.16592,1.00,1.00
2018.02.23 19:02:04.470,8.164,8.16588,1.00,1.00
2018.02.23 19:02:04.522,8.16397,8.16572,1.00,1.50
2018.02.23 19:02:04.858,8.16388,8.16563,1.00,1.00
2018.02.23 19:02:07.760,8.16379,8.16546,1.00,1.00
2018.02.23 19:02:07.811,8.16371,8.16546,1.00,1.00
2018.02.23 19:02:08.015,8.1637,8.16537,1.00,1.00
2018.02.23 19:02:09.215,8.1637,8.16532,1.00,1.00
2018.02.23 19:02:10.009,8.16357,8.1653,1.00,1.00
2018.02.23 19:02:10.573,8.16375,8.16548,1.00,1.00
2018.02.23 19:02:10.879,8.16402,8.1657,1.00,1.00
2018.02.23 19:02:10.930,8.16392,8.16567,1.00,1.00
2018.02.23 19:02:10.982,8.16396,8.1657,1.00,1.00
2018.02.23 19:02:11.454,8.16404,8.1657,1.00,1.00
2018.02.23 19:02:11.788,8.16412,8.1657,1.00,1.00
2018.02.23 19:02:12.164,8.16412,8.16587,1.00,1.00
2018.02.23 19:02:12.987,8.16389,8.16562,1.50,1.00
2018.02.23 19:02:13.296,8.16392,8.16567,1.00,1.00
2018.02.23 19:02:13.347,8.1639,8.16565,1.00,1.00
2018.02.23 19:02:13.669,8.16398,8.1657,1.00,1.00
2018.02.23 19:02:14.097,8.1641,8.1657,1.00,1.00
2018.02.23 19:02:14.425,8.16413,8.1657,1.00,1.00
2018.02.23 19:02:16.057,8.16432,8.16588,1.00,1.00
2018.02.23 19:02:16.214,8.16426,8.16593,1.00,1.00
2018.02.23 19:02:16.448,8.16437,8.16593,1.00,1.00
2018.02.23 19:02:16.958,8.16428,8.16593,1.00,1.00
2018.02.23 19:02:17.125,8.1643,8.16593,1.00,1.00
2018.02.23 19:02:17.228,8.16443,8.16616,1.00,1.00
2018.02.23 19:02:17.279,8.16416,8.16591,1.00,1.00
2018.02.23 19:02:17.331,8.16441,8.16617,1.00,1.00
2018.02.23 19:02:17.381,8.16423,8.16598,1.00,1.00
2018.02.23 19:02:17.724,8.1644,8.16615,1.00,1.00
2018.02.23 19:02:17.877,8.1643,8.16606,1.00,1.00
2018.02.23 19:02:17.928,8.16421,8.16596,1.00,1.00
2018.02.23 19:02:18.234,8.1644,8.16615,1.00,1.00
2018.02.23 19:02:18.564,8.16466,8.16641,1.00,1.00
2018.02.23 19:02:18.900,8.16459,8.16634,1.00,1.00
2018.02.23 19:02:21.160,8.16468,8.16643,1.00,1.00
2018.02.23 19:02:21.466,8.16471,8.16646,1.00,1.50
2018.02.23 19:02:21.780,8.16467,8.16642,1.00,1.00
2018.02.23 19:02:22.535,8.16474,8.16654,1.00,1.00
2018.02.23 19:02:23.050,8.16475,8.16655,1.00,1.00
2018.02.23 19:02:24.246,8.16476,8.16661,1.00,1.00
2018.02.23 19:02:25.835,8.16471,8.16658,1.00,1.00
2018.02.23 19:02:25.937,8.16491,8.16666,1.00,1.00
2018.02.23 19:02:26.241,8.16458,8.16633,1.00,1.00
2018.02.23 19:02:26.616,8.16439,8.16614,1.00,1.00
2018.02.23 19:02:26.890,8.16447,8.16625,1.00,1.00
2018.02.23 19:02:27.721,8.16444,8.16623,1.00,1.00
2018.02.23 19:02:27.772,8.16442,8.16621,1.00,1.00
2018.02.23 19:02:28.528,8.16442,8.16625,1.00,1.00
2018.02.23 19:02:28.681,8.16458,8.16626,1.00,1.00
2018.02.23 19:02:28.732,8.16458,8.16633,1.00,1.00
2018.02.23 19:02:28.935,8.16451,8.16624,1.00,1.00
2018.02.23 19:02:31.983,8.16429,8.16604,1.00,1.00
2018.02.23 19:02:32.035,8.16422,8.16615,1.00,1.00
2018.02.23 19:02:32.189,8.16448,8.16623,1.00,1.00
2018.02.23 19:02:32.494,8.16418,8.1661,1.00,1.00
2018.02.23 19:02:33.939,8.16436,8.16611,1.00,1.00
2018.02.23 19:02:34.261,8.16444,8.16619,1.00,1.00
2018.02.23 19:02:34.363,8.16418,8.16612,1.00,1.00
2018.02.23 19:02:34.465,8.16437,8.16612,1.00,1.00
2018.02.23 19:02:34.834,8.16416,8.16608,1.00,1.00
2018.02.23 19:02:37.973,8.16416,8.1661,1.50,1.00
2018.02.23 19:02:39.275,8.16416,8.16606,1.50,1.00
2018.02.23 19:02:42.113,8.16431,8.16606,1.00,1.00
2018.02.23 19:02:42.462,8.16441,8.16616,1.00,1.00
2018.02.23 19:02:43.483,8.16436,8.16611,1.00,1.00
2018.02.23 19:02:48.797,8.16433,8.16608,1.00,1.00
2018.02.23 19:02:49.991,8.1644,8.16615,1.00,1.00
2018.02.23 19:02:50.931,8.16437,8.16612,1.00,1.00
2018.02.23 19:02:51.237,8.16441,8.16616,1.00,1.00
2018.02.23 19:02:51.709,8.16449,8.16617,1.00,1.00
2018.02.23 19:02:52.087,8.16453,8.16617,1.00,1.00
2018.02.23 19:02:52.428,8.16449,8.16617,1.00,1.00
2018.02.23 19:02:52.479,8.16445,8.16617,1.00,1.00
2018.02.23 19:02:52.530,8.16437,8.16612,1.00,1.00
2018.02.23 19:02:52.582,8.16441,8.16614,1.00,1.00
2018.02.23 19:02:52.913,8.16441,8.16612,1.00,1.00
2018.02.23 19:02:54.305,8.16434,8.16609,1.00,1.00
2018.02.23 19:02:54.611,8.16431,8.16604,1.00,1.00
2018.02.23 19:02:55.104,8.16431,8.16602,1.00,1.00
2018.02.23 19:02:56.133,8.16432,8.16605,1.00,1.00
2018.02.23 19:02:56.184,8.16441,8.16612,1.00,1.00
2018.02.23 19:02:56.235,8.16438,8.16612,1.00,1.00
2018.02.23 19:02:57.663,8.16432,8.16607,1.00,1.00
2018.02.23 19:02:58.514,8.16436,8.16611,1.00,1.00
2018.02.23 19:03:00.193,8.16424,8.16593,1.00,1.00
2018.02.23 19:03:00.448,8.16437,8.16611,1.00,1.00
2018.02.23 19:03:00.657,8.16432,8.16603,1.00,1.00
2018.02.23 19:03:01.677,8.16432,8.166,1.00,1.00
2018.02.23 19:03:01.728,8.16432,8.16605,1.00,1.00
2018.02.23 19:03:02.956,8.16439,8.16611,1.00,1.00
2018.02.23 19:03:03.438,8.1645,8.16622,1.00,1.00
2018.02.23 19:03:08.057,8.1645,8.16621,1.00,1.00
2018.02.23 19:03:10.009,8.16446,8.16613,1.00,1.00
2018.02.23 19:03:13.567,8.16453,8.16613,1.00,1.00
2018.02.23 19:03:13.719,8.16443,8.16613,1.00,1.00
2018.02.23 19:03:13.872,8.16454,8.16629,1.00,1.00
2018.02.23 19:03:14.229,8.16451,8.16626,1.00,1.00
2018.02.23 19:03:14.565,8.16449,8.16622,1.00,1.00
2018.02.23 19:03:15.393,8.16449,8.16619,1.00,1.00
2018.02.23 19:03:17.960,8.16444,8.16609,1.00,1.00
2018.02.23 19:03:18.453,8.16435,8.16587,1.00,1.00
2018.02.23 19:03:18.965,8.16442,8.16587,1.00,1.00
2018.02.23 19:03:19.016,8.16442,8.16605,1.00,1.00
2018.02.23 19:03:24.413,8.16448,8.16605,1.00,1.00
2018.02.23 19:03:24.715,8.16451,8.16605,1.00,1.00
2018.02.23 19:03:24.918,8.16434,8.16605,1.00,1.00
2018.02.23 19:03:25.038,8.16457,8.16624,1.00,1.00
2018.02.23 19:03:25.357,8.16457,8.16605,1.00,1.00
2018.02.23 19:03:25.960,8.16447,8.16622,1.00,1.00
2018.02.23 19:03:26.011,8.16437,8.16587,1.00,1.00
2018.02.23 19:03:26.113,8.16437,8.16605,1.00,1.00
2018.02.23 19:03:26.164,8.16446,8.16605,1.00,1.00
2018.02.23 19:03:26.727,8.16456,8.16605,1.00,1.00
2018.02.23 19:03:27.040,8.16446,8.16605,1.00,1.00
2018.02.23 19:03:28.600,8.16455,8.16605,1.00,1.00
2018.02.23 19:03:29.139,8.16446,8.16605,1.00,1.00
2018.02.23 19:03:29.416,8.16456,8.16624,1.00,1.00
2018.02.23 19:03:29.744,8.16456,8.16605,1.00,1.00
2018.02.23 19:03:29.947,8.16456,8.16624,1.00,1.00
2018.02.23 19:03:29.999,8.16451,8.16624,1.00,1.00
2018.02.23 19:03:30.207,8.16461,8.16642,1.00,1.00
2018.02.23 19:03:30.941,8.16462,8.16642,1.40,1.00
2018.02.23 19:03:31.245,8.16513,8.16678,1.00,1.00
2018.02.23 19:03:31.498,8.16535,8.1671,1.00,1.00
2018.02.23 19:03:31.600,8.16516,8.16691,1.00,1.00
2018.02.23 19:03:31.936,8.16524,8.16699,1.00,1.00
2018.02.23 19:03:32.381,8.16532,8.16701,1.00,1.00
2018.02.23 19:03:32.585,8.1654,8.16715,1.00,1.00
2018.02.23 19:03:32.703,8.16535,8.1671,1.00,1.00
2018.02.23 19:03:33.005,8.16545,8.16718,1.00,1.00
2018.02.23 19:03:33.469,8.16541,8.16716,1.00,1.00
2018.02.23 19:03:33.753,8.1655,8.16718,1.00,1.00
2018.02.23 19:03:33.957,8.16541,8.16716,1.00,1.00
2018.02.23 19:03:34.059,8.16552,8.16718,1.00,1.00
2018.02.23 19:03:34.111,8.16561,8.16736,1.00,1.00
2018.02.23 19:03:35.374,8.16551,8.16726,1.00,1.00
2018.02.23 19:03:35.684,8.1657,8.16745,1.00,1.00
2018.02.23 19:03:36.605,8.16579,8.16754,1.00,1.00
2018.02.23 19:03:36.910,8.16585,8.1676,1.00,1.00
2018.02.23 19:03:37.215,8.16614,8.16789,1.00,1.00
2018.02.23 19:03:37.520,8.16608,8.16783,1.18,1.00
2018.02.23 19:03:37.723,8.16583,8.16758,1.00,1.00
2018.02.23 19:03:38.134,8.1658,8.16755,1.00,1.00
2018.02.23 19:03:38.517,8.16572,8.16747,1.00,1.00
2018.02.23 19:03:39.379,8.16581,8.16754,1.00,1.00
2018.02.23 19:03:39.481,8.1659,8.16765,1.00,1.00
2018.02.23 19:03:43.113,8.16669,8.16805,1.00,1.00
2018.02.23 19:03:43.266,8.16686,8.16898,1.00,1.60
2018.02.23 19:03:43.317,8.16657,8.16871,1.37,1.60
2018.02.23 19:03:43.368,8.16642,8.16856,1.00,1.60
2018.02.23 19:03:43.420,8.16651,8.16863,1.00,1.00
2018.02.23 19:03:43.471,8.1664,8.16855,1.00,1.00
2018.02.23 19:03:43.871,8.1666,8.16835,1.00,1.00
2018.02.23 19:03:44.188,8.16677,8.16852,1.00,1.00
2018.02.23 19:03:44.500,8.16659,8.16834,1.00,1.00
2018.02.23 19:03:46.862,8.16698,8.16873,1.00,1.00
2018.02.23 19:03:47.015,8.16721,8.16897,1.00,1.00
2018.02.23 19:03:47.066,8.16706,8.16882,1.00,1.00
2018.02.23 19:03:47.371,8.16724,8.16897,1.00,1.00
2018.02.23 19:03:47.423,8.16725,8.169,1.00,1.00
2018.02.23 19:03:47.474,8.16734,8.16909,1.00,1.00
2018.02.23 19:03:47.576,8.16723,8.16899,1.00,1.00
2018.02.23 19:03:47.728,8.16732,8.16907,1.00,1.00
2018.02.23 19:03:47.932,8.16722,8.16898,1.00,1.00
2018.02.23 19:03:47.984,8.16723,8.16896,1.00,1.00
2018.02.23 19:03:48.087,8.16733,8.16908,1.00,1.00
2018.02.23 19:03:48.138,8.16723,8.16898,1.00,1.00
2018.02.23 19:03:48.189,8.16732,8.16908,1.00,1.00
2018.02.23 19:03:48.580,8.1674,8.16913,1.00,1.00
2018.02.23 19:03:48.716,8.16719,8.16895,1.00,1.00
2018.02.23 19:03:49.057,8.1673,8.16903,1.00,1.00
2018.02.23 19:03:50.610,8.16739,8.16914,1.00,1.00
2018.02.23 19:03:50.775,8.16728,8.16903,1.00,1.00
2018.02.23 19:03:52.429,8.16738,8.16913,1.00,1.00
2018.02.23 19:03:52.760,8.16735,8.1691,1.00,1.00
2018.02.23 19:03:53.191,8.16738,8.16913,1.00,1.00
2018.02.23 19:03:53.854,8.16749,8.16922,1.00,1.00
2018.02.23 19:03:54.462,8.16749,8.16924,1.00,1.00
2018.02.23 19:03:54.513,8.16744,8.16919,1.00,1.00
2018.02.23 19:03:54.823,8.16744,8.16917,1.00,1.00
2018.02.23 19:03:56.084,8.16734,8.16909,1.00,1.00
2018.02.23 19:03:58.633,8.16727,8.16902,1.00,1.00
2018.02.23 19:03:59.953,8.16787,8.16942,1.00,1.00
2018.02.23 19:04:00.131,8.1676,8.16936,1.00,1.00
2018.02.23 19:04:00.182,8.16791,8.16942,1.00,1.00
2018.02.23 19:04:00.438,8.16791,8.16966,1.00,1.00
2018.02.23 19:04:01.060,8.16761,8.16936,1.00,1.00
2018.02.23 19:04:01.364,8.16773,8.16917,1.00,1.00
2018.02.23 19:04:01.617,8.16795,8.1697,1.00,1.00
2018.02.23 19:04:01.769,8.16812,8.16975,1.00,1.00
2018.02.23 19:04:01.886,8.1678,8.16955,1.00,1.00
2018.02.23 19:04:01.987,8.16815,8.16995,1.00,1.00
2018.02.23 19:04:02.038,8.16817,8.1699,1.00,1.00
2018.02.23 19:04:02.089,8.16825,8.17,1.00,1.00
2018.02.23 19:04:02.191,8.16811,8.16986,1.00,1.00
2018.02.23 19:04:02.496,8.16817,8.16992,1.00,1.00
2018.02.23 19:04:02.879,8.16826,8.16995,1.00,1.00
2018.02.23 19:04:09.471,8.16827,8.16995,1.00,1.00
2018.02.23 19:04:13.272,8.16827,8.17002,1.00,1.00
2018.02.23 19:04:13.752,8.16823,8.16998,1.00,1.00
2018.02.23 19:04:14.576,8.16827,8.17002,1.00,1.00
2018.02.23 19:04:15.015,8.16832,8.17005,1.00,1.00
2018.02.23 19:04:15.067,8.16814,8.1699,1.00,1.00
2018.02.23 19:04:15.118,8.16817,8.16992,1.00,1.00
2018.02.23 19:04:15.864,8.16836,8.17005,1.00,1.00
2018.02.23 19:04:15.969,8.1683,8.17005,1.00,1.50
2018.02.23 19:04:16.021,8.16824,8.16999,1.00,1.00
2018.02.23 19:04:16.330,8.1683,8.17003,1.00,1.00
2018.02.23 19:04:20.623,8.16833,8.17005,1.00,1.00
2018.02.23 19:04:21.425,8.16839,8.17005,1.00,1.00
2018.02.23 19:04:22.643,8.16788,8.17005,1.00,1.00
2018.02.23 19:04:22.694,8.16782,8.17005,1.00,1.00
2018.02.23 19:04:23.150,8.16843,8.17005,1.00,1.00
2018.02.23 19:04:24.077,8.16785,8.17005,1.00,1.00
2018.02.23 19:04:28.724,8.16787,8.17005,1.00,1.00
2018.02.23 19:04:29.139,8.16783,8.16997,1.00,1.00
2018.02.23 19:04:34.016,8.16781,8.16998,1.00,1.00
2018.02.23 19:04:34.496,8.1679,8.17005,1.00,1.00
2018.02.23 19:04:34.885,8.16798,8.17005,1.00,1.00
2018.02.23 19:04:35.487,8.168,8.17005,1.00,1.00
2018.02.23 19:04:39.017,8.16807,8.17005,1.00,1.00
2018.02.23 19:04:39.318,8.16803,8.17005,1.00,1.00
2018.02.23 19:04:39.515,8.16809,8.17005,1.00,1.00
2018.02.23 19:04:42.480,8.16801,8.17005,1.00,1.00
2018.02.23 19:04:43.753,8.16806,8.17005,1.00,1.00
2018.02.23 19:04:44.062,8.16811,8.17005,1.00,1.00
2018.02.23 19:04:44.396,8.16867,8.17026,1.00,1.00
2018.02.23 19:04:45.217,8.16863,8.17026,1.00,1.00
2018.02.23 19:04:46.113,8.16823,8.17005,1.00,1.00
2018.02.23 19:04:46.164,8.16807,8.17001,1.00,1.00
2018.02.23 19:04:48.609,8.16826,8.17001,1.00,1.50
2018.02.23 19:04:48.712,8.16809,8.17001,1.00,1.00
2018.02.23 19:04:49.035,8.16806,8.17001,1.00,1.00
2018.02.23 19:04:50.460,8.16822,8.16984,1.00,1.00
2018.02.23 19:04:50.511,8.16804,8.16985,1.00,1.00
2018.02.23 19:04:50.745,8.16805,8.16998,1.00,1.00
2018.02.23 19:04:51.057,8.16808,8.17,1.00,1.00
2018.02.23 19:04:51.108,8.16808,8.17019,1.00,1.00
2018.02.23 19:04:51.159,8.16833,8.17001,1.22,1.00
2018.02.23 19:04:51.211,8.16877,8.17019,1.00,1.00
2018.02.23 19:04:51.262,8.16877,8.17025,1.00,1.00
2018.02.23 19:04:51.364,8.16877,8.17036,1.00,1.00
2018.02.23 19:04:51.566,8.16877,8.17038,1.00,1.00
2018.02.23 19:04:51.622,8.16886,8.17038,1.00,1.00
2018.02.23 19:04:51.673,8.16886,8.17041,1.00,1.00
2018.02.23 19:04:52.115,8.1684,8.17037,2.08,1.00
2018.02.23 19:04:52.167,8.16823,8.17009,1.30,1.00
2018.02.23 19:04:52.472,8.16879,8.17017,1.00,1.00
2018.02.23 19:04:52.625,8.16808,8.17005,1.30,1.00
2018.02.23 19:04:57.498,8.16817,8.17017,1.30,1.00
2018.02.23 19:04:57.642,8.16817,8.17,1.30,1.00
2018.02.23 19:04:58.125,8.16813,8.17017,1.30,1.00
2018.02.23 19:04:58.227,8.16813,8.16987,1.30,1.00
2018.02.23 19:05:00.192,8.16817,8.16981,1.30,1.00
2018.02.23 19:05:00.804,8.16826,8.16981,1.12,1.00
2018.02.23 19:05:02.559,8.16836,8.17001,1.12,1.00
2018.02.23 19:05:02.610,8.16823,8.17004,1.12,1.00
2018.02.23 19:05:02.661,8.16833,8.16985,1.12,1.00
2018.02.23 19:05:02.815,8.16888,8.17017,1.00,1.00
2018.02.23 19:05:02.866,8.16888,8.17033,1.00,1.00
2018.02.23 19:05:03.757,8.16888,8.17046,1.00,1.00
2018.02.23 19:05:04.268,8.16896,8.17046,1.00,1.00
2018.02.23 19:05:05.882,8.16892,8.17046,1.00,1.00
2018.02.23 19:05:06.793,8.16832,8.17026,1.34,1.00
2018.02.23 19:05:06.844,8.16833,8.16997,1.06,1.00
2018.02.23 19:05:07.153,8.1684,8.17016,1.06,1.00
2018.02.23 19:05:07.204,8.16832,8.17014,1.66,1.00
2018.02.23 19:05:07.255,8.1686,8.17016,1.07,1.00
2018.02.23 19:05:07.306,8.1686,8.17047,1.07,1.00
2018.02.23 19:05:07.780,8.16893,8.17047,1.00,1.00
2018.02.23 19:05:08.035,8.16878,8.17047,1.00,1.00
2018.02.23 19:05:08.087,8.16916,8.17057,1.00,1.00
2018.02.23 19:05:08.139,8.16912,8.17057,1.00,1.00
2018.02.23 19:05:08.292,8.16894,8.17068,1.00,1.00
2018.02.23 19:05:08.394,8.16894,8.17049,1.00,1.00
2018.02.23 19:05:08.545,8.16885,8.17049,1.00,1.00
2018.02.23 19:05:08.596,8.16874,8.17048,1.00,1.00
2018.02.23 19:05:08.803,8.16863,8.17029,1.00,1.00
2018.02.23 19:05:08.855,8.16855,8.17029,1.06,1.00
2018.02.23 19:05:08.957,8.16823,8.17025,1.06,1.00
2018.02.23 19:05:09.264,8.16807,8.17,1.06,1.00
2018.02.23 19:05:09.616,8.16801,8.16975,1.06,1.00
2018.02.23 19:05:10.687,8.16796,8.16975,1.06,1.00
2018.02.23 19:05:14.024,8.16823,8.17004,1.00,1.00
2018.02.23 19:05:14.076,8.16823,8.17004,1.13,1.00
2018.02.23 19:05:14.677,8.16823,8.17004,1.13,1.00
2018.02.23 19:05:15.441,8.16815,8.16982,1.13,1.00
2018.02.23 19:05:16.039,8.16801,8.16982,1.13,1.00
2018.02.23 19:05:17.709,8.16801,8.16982,1.13,1.00
2018.02.23 19:05:25.044,8.16805,8.16982,1.13,1.00
2018.02.23 19:05:28.802,8.16805,8.16966,1.13,1.00
2018.02.23 19:05:28.912,8.16805,8.16935,1.00,1.00
2018.02.23 19:05:28.963,8.16771,8.16964,1.00,1.00
2018.02.23 19:05:29.015,8.16823,8.16964,1.00,1.50
2018.02.23 19:05:29.118,8.16823,8.16992,1.00,1.00
2018.02.23 19:05:29.277,8.16831,8.16985,1.00,1.00
2018.02.23 19:05:29.328,8.16831,8.17005,1.00,1.00
2018.02.23 19:05:29.574,8.16831,8.16986,1.00,1.00
2018.02.23 19:05:29.625,8.16831,8.17005,1.00,1.00
2018.02.23 19:05:29.801,8.16831,8.16985,1.00,1.00
2018.02.23 19:05:30.151,8.16842,8.16985,1.00,1.00
2018.02.23 19:05:30.202,8.16842,8.17008,1.00,1.00
2018.02.23 19:05:30.304,8.16842,8.1699,1.00,1.00
2018.02.23 19:05:31.182,8.16833,8.1699,1.00,1.00
2018.02.23 19:05:31.284,8.16843,8.17005,1.00,1.00
2018.02.23 19:05:31.335,8.16843,8.16982,1.00,1.00
2018.02.23 19:05:31.538,8.16837,8.16982,1.00,1.00
2018.02.23 19:05:33.283,8.16824,8.16982,1.00,1.00
2018.02.23 19:05:36.848,8.16789,8.16959,1.00,1.00
2018.02.23 19:05:37.028,8.16747,8.16928,1.37,1.00
2018.02.23 19:05:37.081,8.16737,8.16948,1.58,1.00
2018.02.23 19:05:37.132,8.16783,8.16948,1.00,1.00
2018.02.23 19:05:37.438,8.16783,8.16945,1.00,1.00
2018.02.23 19:05:37.741,8.16794,8.16945,1.00,1.00
2018.02.23 19:05:38.854,8.16797,8.16945,1.00,1.00
2018.02.23 19:05:38.905,8.16794,8.16945,1.00,1.00
2018.02.23 19:05:38.956,8.16784,8.16959,1.00,1.00
2018.02.23 19:05:39.008,8.16784,8.16945,1.00,1.00
2018.02.23 19:05:39.358,8.16798,8.16945,1.00,1.00
2018.02.23 19:05:39.595,8.16806,8.16978,1.00,1.00
2018.02.23 19:05:39.646,8.16816,8.16978,1.00,1.00
2018.02.23 19:05:40.261,8.16816,8.16976,1.00,1.00
2018.02.23 19:05:41.871,8.16797,8.16943,1.00,1.00
2018.02.23 19:05:42.187,8.16787,8.16943,1.00,1.00
2018.02.23 19:05:43.843,8.16786,8.16943,1.00,1.00
2018.02.23 19:05:44.123,8.16796,8.16943,1.00,1.00
2018.02.23 19:05:44.183,8.16753,8.16943,1.24,1.00
2018.02.23 19:05:44.234,8.16779,8.16943,1.00,1.00
2018.02.23 19:05:44.285,8.16762,8.16943,1.00,1.00
2018.02.23 19:05:44.336,8.16762,8.1693,1.00,1.00
2018.02.23 19:05:44.386,8.16762,8.16936,1.00,1.00
2018.02.23 19:05:44.488,8.16749,8.16925,1.31,1.00
2018.02.23 19:05:45.656,8.16744,8.16919,1.31,1.00
2018.02.23 19:05:46.208,8.1675,8.16924,1.34,1.00
2018.02.23 19:05:46.813,8.16747,8.16922,1.31,1.00
2018.02.23 19:05:46.865,8.16751,8.16924,1.24,1.00
2018.02.23 19:05:49.154,8.16761,8.16924,1.00,1.00
2018.02.23 19:05:50.629,8.16746,8.16921,1.24,1.00
2018.02.23 19:05:50.833,8.16753,8.16924,1.14,1.00
2018.02.23 19:05:53.284,8.16746,8.16937,1.61,1.00
2018.02.23 19:05:53.336,8.16746,8.16952,2.11,1.00
2018.02.23 19:05:54.665,8.16748,8.16956,1.61,1.00
2018.02.23 19:05:56.683,8.1676,8.16965,1.19,1.00
2018.02.23 19:05:57.418,8.16762,8.16969,1.00,1.00
2018.02.23 19:05:58.873,8.16762,8.16972,1.00,1.00
2018.02.23 19:05:59.436,8.16762,8.16953,1.00,1.00
2018.02.23 19:05:59.632,8.16745,8.16946,1.14,1.00
2018.02.23 19:06:00.327,8.16721,8.16896,1.14,1.00
2018.02.23 19:06:00.378,8.16721,8.1689,1.00,1.00
2018.02.23 19:06:00.429,8.16719,8.1689,1.00,1.00
2018.02.23 19:06:00.481,8.16719,8.1687,1.00,1.00
2018.02.23 19:06:00.582,8.16706,8.1687,1.00,1.00
2018.02.23 19:06:00.861,8.1669,8.1687,1.00,1.00
2018.02.23 19:06:02.002,8.16699,8.1687,1.00,1.00
2018.02.23 19:06:02.057,8.16699,8.1688,1.00,1.00
2018.02.23 19:06:03.915,8.16703,8.1688,1.00,1.00
2018.02.23 19:06:08.387,8.16695,8.1688,1.00,1.00
2018.02.23 19:06:08.438,8.16692,8.1688,1.00,1.00
2018.02.23 19:06:09.741,8.16687,8.1688,1.00,1.50
2018.02.23 19:06:09.861,8.16661,8.16832,1.00,1.00
2018.02.23 19:06:09.912,8.16657,8.16832,1.00,1.00
2018.02.23 19:06:10.014,8.16647,8.16822,1.00,1.00
2018.02.23 19:06:10.611,8.16639,8.16814,1.00,1.00
2018.02.23 19:06:13.903,8.16641,8.16815,1.00,1.00
2018.02.23 19:06:14.453,8.16641,8.16816,1.00,1.00
2018.02.23 19:06:16.486,8.16649,8.16824,1.00,1.00
2018.02.23 19:06:16.950,8.16668,8.16847,1.00,1.00
2018.02.23 19:06:17.052,8.16668,8.16851,1.00,1.00
2018.02.23 19:06:20.244,8.16675,8.16851,1.00,1.00
2018.02.23 19:06:20.566,8.16687,8.16851,1.00,1.00
2018.02.23 19:06:22.468,8.16699,8.16869,1.00,1.00
2018.02.23 19:06:22.519,8.16702,8.16878,1.00,1.00
2018.02.23 19:06:23.673,8.16695,8.16878,1.00,1.00
2018.02.23 19:06:24.356,8.16689,8.16889,1.00,1.00
2018.02.23 19:06:24.407,8.16672,8.16887,1.00,1.00
2018.02.23 19:06:24.459,8.16672,8.16874,1.00,1.00
2018.02.23 19:06:24.879,8.16672,8.16876,1.50,1.00
2018.02.23 19:06:26.574,8.16703,8.16878,1.00,1.00
2018.02.23 19:06:27.090,8.16707,8.16882,1.00,1.00
2018.02.23 19:06:27.425,8.16703,8.16878,1.00,1.00
2018.02.23 19:06:28.956,8.16704,8.16879,1.00,1.00
2018.02.23 19:06:34.245,8.16702,8.16877,1.00,1.00
2018.02.23 19:06:34.922,8.1671,8.16885,1.00,1.00
2018.02.23 19:06:36.378,8.16704,8.16879,1.00,1.00
2018.02.23 19:06:38.930,8.16712,8.16887,1.00,1.50
2018.02.23 19:06:39.287,8.16732,8.16905,1.00,1.00
2018.02.23 19:06:39.755,8.16734,8.16905,1.00,1.00
2018.02.23 19:06:43.015,8.16715,8.16903,1.00,1.00
2018.02.23 19:06:43.269,8.16715,8.16871,1.00,1.00
2018.02.23 19:06:43.371,8.16699,8.16871,1.00,1.00
2018.02.23 19:06:43.574,8.16682,8.16857,1.00,1.00
2018.02.23 19:06:43.626,8.16677,8.16852,1.00,1.00
2018.02.23 19:06:44.247,8.16673,8.16848,1.00,1.00
2018.02.23 19:06:44.684,8.1667,8.16845,1.00,1.00
2018.02.23 19:06:46.270,8.16669,8.16853,1.00,1.00
2018.02.23 19:06:46.322,8.16668,8.16843,1.00,1.00
2018.02.23 19:06:47.717,8.16667,8.16853,1.00,1.00
2018.02.23 19:06:52.496,8.16671,8.16853,1.00,1.00
2018.02.23 19:06:53.487,8.16674,8.16853,1.00,1.00
2018.02.23 19:06:54.785,8.16676,8.16853,1.00,1.00
2018.02.23 19:06:58.061,8.16688,8.16853,1.00,1.00
2018.02.23 19:06:58.239,8.1668,8.16854,1.00,1.00
2018.02.23 19:07:02.240,8.16677,8.16854,1.00,1.00
2018.02.23 19:07:02.444,8.16683,8.16854,1.00,1.00
2018.02.23 19:07:02.747,8.16692,8.16854,1.00,1.00
2018.02.23 19:07:02.798,8.16688,8.16854,1.00,1.00
2018.02.23 19:07:02.899,8.16694,8.16854,1.00,1.00
2018.02.23 19:07:02.950,8.16695,8.16876,1.00,1.00
2018.02.23 19:07:03.001,8.16703,8.16876,1.00,1.00
2018.02.23 19:07:03.326,8.16694,8.16858,1.00,1.00
2018.02.23 19:07:03.377,8.1669,8.16858,1.00,1.00
2018.02.23 19:07:03.481,8.16701,8.16858,1.00,1.00
2018.02.23 19:07:03.621,8.16701,8.16876,1.00,1.00
2018.02.23 19:07:03.673,8.1671,8.16876,1.00,1.00
2018.02.23 19:07:03.936,8.1669,8.16858,1.00,1.00
2018.02.23 19:07:03.987,8.16706,8.16858,1.00,1.00
2018.02.23 19:07:04.039,8.16687,8.16858,1.00,1.00
2018.02.23 19:07:04.090,8.16668,8.16839,1.00,1.00
2018.02.23 19:07:04.795,8.16669,8.16839,1.00,1.00
2018.02.23 19:07:08.048,8.16677,8.16858,1.00,1.00
2018.02.23 19:07:08.099,8.16669,8.1684,1.00,1.00
2018.02.23 19:07:08.150,8.16682,8.16858,1.00,1.00
2018.02.23 19:07:08.252,8.16682,8.1684,1.00,1.00
2018.02.23 19:07:08.557,8.16684,8.1684,1.00,1.00
2018.02.23 19:07:09.865,8.16675,8.1684,1.00,1.00
2018.02.23 19:07:14.024,8.16674,8.1684,1.00,1.00
2018.02.23 19:07:16.083,8.16681,8.1684,1.00,1.00
2018.02.23 19:07:16.473,8.16681,8.16858,1.00,1.00
2018.02.23 19:07:16.525,8.16689,8.16858,1.00,1.00
2018.02.23 19:07:18.461,8.16697,8.16858,1.00,1.00
2018.02.23 19:07:18.666,8.16703,8.16875,1.00,1.00
2018.02.23 19:07:18.717,8.16713,8.16875,1.00,1.00
2018.02.23 19:07:18.828,8.16705,8.16875,1.00,1.00
2018.02.23 19:07:18.880,8.16696,8.16858,1.00,1.00
2018.02.23 19:07:18.931,8.16704,8.16876,1.00,1.00
2018.02.23 19:07:18.982,8.16695,8.16858,1.00,1.00
2018.02.23 19:07:19.332,8.16703,8.16858,1.00,1.00
2018.02.23 19:07:19.383,8.16694,8.16858,1.00,1.00
2018.02.23 19:07:22.465,8.16699,8.16858,1.00,1.00
2018.02.23 19:07:23.022,8.16698,8.16858,1.00,1.00
2018.02.23 19:07:23.543,8.16701,8.16858,1.00,1.00
2018.02.23 19:07:24.845,8.16694,8.16858,1.00,1.00
2018.02.23 19:07:27.692,8.16688,8.16858,1.00,1.00
2018.02.23 19:07:29.095,8.16689,8.16858,1.00,1.00
2018.02.23 19:07:34.385,8.16688,8.16858,1.00,1.00
2018.02.23 19:07:38.645,8.1669,8.16858,1.00,1.00
2018.02.23 19:07:39.875,8.16692,8.16858,1.00,1.00
2018.02.23 19:07:43.101,8.16682,8.16857,1.00,1.00
2018.02.23 19:07:43.408,8.16677,8.1685,1.00,1.00
2018.02.23 19:07:43.732,8.16654,8.16832,1.00,1.00
2018.02.23 19:07:43.783,8.16644,8.16818,1.00,1.00
2018.02.23 19:07:43.885,8.16621,8.168,1.00,1.00
2018.02.23 19:07:43.988,8.16646,8.168,1.00,1.00
2018.02.23 19:07:44.388,8.16651,8.168,1.00,1.00
2018.02.23 19:07:44.692,8.16648,8.168,1.00,1.00
2018.02.23 19:07:45.064,8.16642,8.168,1.00,1.00
2018.02.23 19:07:45.418,8.16646,8.168,1.00,1.00
2018.02.23 19:07:45.716,8.16643,8.168,1.00,1.00
2018.02.23 19:07:46.313,8.16643,8.16806,1.00,1.00
2018.02.23 19:07:48.181,8.16655,8.16806,1.00,1.00
2018.02.23 19:07:49.292,8.16657,8.16827,1.00,1.00
2018.02.23 19:07:49.343,8.16657,8.16821,1.00,1.00
2018.02.23 19:07:50.004,8.16655,8.16821,1.00,1.00
2018.02.23 19:07:51.082,8.16664,8.16821,1.00,1.00
2018.02.23 19:07:51.387,8.16676,8.16821,1.00,1.00
2018.02.23 19:07:51.593,8.16694,8.16845,1.00,1.00
2018.02.23 19:07:51.645,8.16711,8.16876,1.00,1.00
2018.02.23 19:07:51.696,8.16744,8.1689,1.00,1.00
2018.02.23 19:07:51.849,8.1678,8.16937,1.00,1.00
2018.02.23 19:07:51.952,8.1679,8.16955,1.00,1.00
2018.02.23 19:07:52.003,8.16797,8.16956,1.00,1.00
2018.02.23 19:07:52.054,8.16792,8.16956,1.00,1.00
2018.02.23 19:07:52.105,8.16782,8.1694,1.00,1.00
2018.02.23 19:07:52.570,8.1679,8.1694,1.00,1.00
2018.02.23 19:07:52.758,8.1679,8.16958,1.00,1.50
2018.02.23 19:07:53.281,8.1679,8.16942,1.00,1.00
2018.02.23 19:07:54.063,8.16796,8.16942,1.00,1.00
2018.02.23 19:07:54.432,8.168,8.16942,1.00,1.00
2018.02.23 19:07:54.956,8.16797,8.16942,1.00,1.00
2018.02.23 19:07:55.177,8.16791,8.16942,1.00,1.00
2018.02.23 19:07:55.490,8.16795,8.16942,1.00,1.00
2018.02.23 19:07:59.113,8.16797,8.16942,1.00,1.00
2018.02.23 19:07:59.215,8.16797,8.16959,1.00,1.00
2018.02.23 19:07:59.780,8.16819,8.16959,1.00,1.00
2018.02.23 19:07:59.832,8.16823,8.16969,1.00,1.00
2018.02.23 19:07:59.958,8.16817,8.16985,1.00,1.00
2018.02.23 19:08:00.009,8.16825,8.16993,1.00,1.00
2018.02.23 19:08:00.315,8.16819,8.16974,1.00,1.00
2018.02.23 19:08:00.497,8.16784,8.16974,1.00,1.00
2018.02.23 19:08:02.321,8.16789,8.16974,1.00,1.00
2018.02.23 19:08:03.689,8.16797,8.16976,1.00,1.00
2018.02.23 19:08:04.261,8.16797,8.16975,1.00,1.00
2018.02.23 19:08:04.643,8.16801,8.16975,1.00,1.00
2018.02.23 19:08:17.672,8.16801,8.16976,1.00,1.00
2018.02.23 19:08:19.455,8.168,8.16974,1.00,1.00
2018.02.23 19:08:23.682,8.16803,8.16975,1.00,1.00
2018.02.23 19:08:25.003,8.16807,8.16975,1.00,1.00
2018.02.23 19:08:26.916,8.16799,8.16966,1.00,1.00
2018.02.23 19:08:29.173,8.16798,8.16965,1.00,1.00
2018.02.23 19:08:33.718,8.16811,8.16978,1.00,1.00
2018.02.23 19:08:34.226,8.16812,8.16977,1.00,1.00
2018.02.23 19:08:38.483,8.16793,8.16975,1.00,1.00
2018.02.23 19:08:38.535,8.16788,8.16969,1.00,1.00
2018.02.23 19:08:38.765,8.16784,8.16969,1.00,1.00
2018.02.23 19:08:38.817,8.16786,8.16969,1.00,1.00
2018.02.23 19:08:39.129,8.16824,8.16991,1.00,1.00
2018.02.23 19:08:39.302,8.16786,8.16992,1.00,1.00
2018.02.23 19:08:39.353,8.16786,8.1697,1.00,1.00
2018.02.23 19:08:39.947,8.16779,8.1697,1.00,1.00
2018.02.23 19:08:40.497,8.1678,8.1697,1.00,1.00
2018.02.23 19:08:44.220,8.16779,8.1697,1.00,1.50
2018.02.23 19:08:49.337,8.16792,8.1697,1.00,1.00
2018.02.23 19:08:49.757,8.16825,8.16988,1.00,1.00
2018.02.23 19:08:49.859,8.16822,8.16988,1.00,1.00
2018.02.23 19:08:50.420,8.16809,8.16976,1.00,1.00
2018.02.23 19:08:53.665,8.16799,8.16961,1.00,1.00
2018.02.23 19:08:53.987,8.16802,8.16961,1.00,1.00
2018.02.23 19:08:54.585,8.16801,8.16961,1.00,1.00
2018.02.23 19:08:55.109,8.16806,8.16961,1.00,1.00
2018.02.23 19:08:55.262,8.16814,8.16976,1.00,1.00
2018.02.23 19:08:58.800,8.16818,8.16976,1.00,1.00
2018.02.23 19:08:59.123,8.16855,8.16998,1.00,1.00
2018.02.23 19:08:59.174,8.16833,8.16998,1.00,1.00
2018.02.23 19:08:59.275,8.16826,8.16998,1.00,1.00
2018.02.23 19:08:59.452,8.1682,8.16998,1.00,1.00
2018.02.23 19:09:04.149,8.1682,8.16987,1.00,1.00
2018.02.23 19:09:06.599,8.16837,8.16998,1.00,1.00
2018.02.23 19:09:06.650,8.16846,8.17014,1.00,1.00
2018.02.23 19:09:06.701,8.16846,8.17003,1.00,1.00
2018.02.23 19:09:06.936,8.16846,8.17014,1.00,1.00
2018.02.23 19:09:06.987,8.16838,8.17005,1.00,1.00
2018.02.23 19:09:07.323,8.16838,8.16998,1.00,1.00
2018.02.23 19:09:07.654,8.16829,8.16989,1.00,1.00
2018.02.23 19:09:07.704,8.16817,8.16989,1.00,1.00
2018.02.23 19:09:10.055,8.1681,8.16989,1.00,1.00
2018.02.23 19:09:11.517,8.1681,8.16969,1.00,1.00
2018.02.23 19:09:11.622,8.16802,8.16969,1.00,1.00
2018.02.23 19:09:12.632,8.16809,8.16969,1.00,1.00
2018.02.23 19:09:12.964,8.16804,8.16964,1.00,1.00
2018.02.23 19:09:14.263,8.16802,8.16964,1.00,1.00
2018.02.23 19:09:16.208,8.16796,8.16964,1.00,1.00
2018.02.23 19:09:16.427,8.16762,8.16943,1.00,1.00
2018.02.23 19:09:16.478,8.16732,8.16924,1.00,1.00
2018.02.23 19:09:16.529,8.16742,8.16908,1.00,1.00
2018.02.23 19:09:16.731,8.16738,8.16905,1.00,1.50
2018.02.23 19:09:16.839,8.16729,8.16905,1.00,1.00
2018.02.23 19:09:17.192,8.16734,8.16902,1.00,1.00
2018.02.23 19:09:18.263,8.16737,8.16905,1.00,1.50
2018.02.23 19:09:20.149,8.1673,8.16898,1.00,1.00
2018.02.23 19:09:20.556,8.16722,8.16886,1.00,1.00
2018.02.23 19:09:20.760,8.16731,8.16899,1.00,1.00
2018.02.23 19:09:20.811,8.16726,8.16889,1.00,1.00
2018.02.23 19:09:20.862,8.16726,8.16894,1.00,1.00
2018.02.23 19:09:22.970,8.16739,8.16904,1.00,1.00
2018.02.23 19:09:23.601,8.16723,8.16904,1.00,1.00
2018.02.23 19:09:23.779,8.16668,8.16883,1.95,1.00
2018.02.23 19:09:24.097,8.16675,8.1687,1.88,1.00
2018.02.23 19:09:24.383,8.16676,8.16884,1.67,1.00
2018.02.23 19:09:24.545,8.16686,8.16893,1.60,1.00
2018.02.23 19:09:24.785,8.16731,8.16894,1.00,1.00
2018.02.23 19:09:24.837,8.16727,8.16894,1.00,1.50
2018.02.23 19:09:25.538,8.16735,8.16899,1.00,1.00
2018.02.23 19:09:26.345,8.16747,8.16899,1.00,1.00
2018.02.23 19:09:26.661,8.16754,8.16899,1.00,1.00
2018.02.23 19:09:28.288,8.16767,8.16899,1.00,1.00
2018.02.23 19:09:28.339,8.16771,8.16926,1.00,1.00
2018.02.23 19:09:29.323,8.1677,8.16926,1.00,1.00
2018.02.23 19:09:29.572,8.16758,8.16926,1.00,1.50
2018.02.23 19:09:31.893,8.16763,8.16926,1.00,1.00
2018.02.23 19:09:31.944,8.16714,8.16926,1.30,1.00
2018.02.23 19:09:32.704,8.16714,8.16929,1.30,1.00
2018.02.23 19:09:32.755,8.16716,8.16921,1.30,1.00
2018.02.23 19:09:33.067,8.16716,8.16919,1.30,1.00
2018.02.23 19:09:33.693,8.16716,8.16919,1.30,1.00
2018.02.23 19:09:38.398,8.16726,8.16919,1.00,1.00
2018.02.23 19:09:38.725,8.16719,8.16909,1.05,1.00
2018.02.23 19:09:40.135,8.1672,8.16908,1.00,1.00
2018.02.23 19:09:42.611,8.1674,8.16908,1.00,1.00
2018.02.23 19:09:44.323,8.16741,8.16909,1.00,1.00
2018.02.23 19:09:48.778,8.16749,8.16916,1.00,1.00
2018.02.23 19:09:49.170,8.16753,8.16918,1.00,1.00
2018.02.23 19:09:49.283,8.16753,8.1692,1.00,1.00
2018.02.23 19:09:49.334,8.16753,8.16909,1.00,1.00
2018.02.23 19:09:49.832,8.16759,8.16909,1.00,1.00
2018.02.23 19:09:50.161,8.16753,8.16909,1.00,1.00
2018.02.23 19:09:50.263,8.16745,8.16909,1.00,1.00
2018.02.23 19:09:53.843,8.16748,8.16909,1.00,1.00
2018.02.23 19:09:55.195,8.16743,8.16909,1.00,1.00
2018.02.23 19:09:55.778,8.16731,8.16898,1.00,1.00
2018.02.23 19:09:56.075,8.16736,8.16904,1.00,1.00
2018.02.23 19:09:57.197,8.16741,8.16909,1.00,1.50
2018.02.23 19:09:57.540,8.16759,8.16923,1.00,1.00
2018.02.23 19:09:59.354,8.16754,8.16921,1.00,1.00
2018.02.23 19:10:00.020,8.16754,8.16917,1.00,1.00
2018.02.23 19:10:00.355,8.16764,8.16917,1.00,1.00
2018.02.23 19:10:04.664,8.16762,8.16917,1.00,1.00
2018.02.23 19:10:05.713,8.16786,8.1694,1.00,1.00
2018.02.23 19:10:05.764,8.16778,8.1694,1.00,1.00
2018.02.23 19:10:05.865,8.16769,8.16937,1.00,1.00
2018.02.23 19:10:06.177,8.16765,8.16933,1.00,1.00
2018.02.23 19:10:06.792,8.16765,8.16916,1.00,1.00
2018.02.23 19:10:08.885,8.16768,8.16916,1.00,1.00
2018.02.23 19:10:10.175,8.16765,8.16916,1.00,1.00
2018.02.23 19:10:14.383,8.16768,8.16916,1.00,1.00
2018.02.23 19:10:19.732,8.16765,8.16916,1.00,1.00
2018.02.23 19:10:22.473,8.16771,8.16916,1.00,1.00
2018.02.23 19:10:22.578,8.16768,8.16916,1.00,1.00
2018.02.23 19:10:23.240,8.16756,8.16916,1.00,1.00
2018.02.23 19:10:23.291,8.16761,8.16916,1.00,1.00
2018.02.23 19:10:23.903,8.1676,8.16916,1.00,1.00
2018.02.23 19:10:25.205,8.16757,8.16916,1.00,1.00
2018.02.23 19:10:31.068,8.16751,8.16916,1.00,1.00
2018.02.23 19:10:31.974,8.16748,8.16915,1.00,1.00
2018.02.23 19:10:32.480,8.16752,8.16916,1.00,1.00
2018.02.23 19:10:37.520,8.16761,8.16916,1.00,1.00
2018.02.23 19:10:37.571,8.16758,8.16916,1.00,1.00
2018.02.23 19:10:38.608,8.16769,8.16916,1.00,1.00
2018.02.23 19:10:38.660,8.16752,8.16919,1.00,1.00
2018.02.23 19:10:38.779,8.16751,8.16902,1.00,1.00
2018.02.23 19:10:38.831,8.16703,8.16883,1.37,1.00
2018.02.23 19:10:39.265,8.16727,8.16884,1.00,1.00
2018.02.23 19:10:39.488,8.16712,8.16884,1.30,1.00
2018.02.23 19:10:39.539,8.16731,8.16884,1.00,1.00
2018.02.23 19:10:39.590,8.16712,8.16884,1.30,1.00
2018.02.23 19:10:39.727,8.16726,8.16884,1.00,1.00
2018.02.23 19:10:40.284,8.16721,8.16884,1.00,1.00
2018.02.23 19:10:40.792,8.16703,8.16884,1.87,1.00
2018.02.23 19:10:41.657,8.1672,8.16901,1.05,1.00
2018.02.23 19:10:41.708,8.16705,8.16883,1.37,1.00
2018.02.23 19:10:41.760,8.16721,8.169,1.00,1.00
2018.02.23 19:10:41.862,8.16705,8.16883,1.37,1.00
2018.02.23 19:10:46.076,8.16728,8.16883,1.00,1.00
2018.02.23 19:10:46.127,8.16704,8.16883,1.37,1.00
2018.02.23 19:10:48.580,8.16702,8.16879,1.37,1.00
2018.02.23 19:10:49.369,8.16702,8.16865,1.30,1.00
2018.02.23 19:10:49.420,8.16687,8.16855,1.00,1.00
2018.02.23 19:10:49.472,8.16658,8.16839,1.07,1.00
2018.02.23 19:10:49.523,8.16655,8.16825,1.00,1.00
2018.02.23 19:10:49.730,8.16635,8.16801,1.00,1.00
2018.02.23 19:10:49.858,8.16635,8.16825,1.00,1.00
2018.02.23 19:10:49.911,8.16635,8.16799,1.00,1.00
2018.02.23 19:10:49.962,8.16632,8.16799,1.00,1.00
2018.02.23 19:10:50.984,8.1663,8.16825,1.00,1.00
2018.02.23 19:10:51.136,8.16626,8.16794,1.00,1.00
2018.02.23 19:10:52.018,8.16628,8.16817,1.00,1.00
2018.02.23 19:10:52.243,8.16628,8.16825,1.00,1.00
2018.02.23 19:10:52.294,8.16627,8.16794,1.00,1.00
2018.02.23 19:10:52.592,8.16627,8.16816,1.00,1.00
2018.02.23 19:10:52.664,8.16626,8.16793,1.00,1.00
2018.02.23 19:10:55.142,8.16636,8.16803,1.00,1.00
2018.02.23 19:10:55.265,8.16631,8.16799,1.00,1.00
2018.02.23 19:10:55.642,8.16631,8.16816,1.00,1.00
2018.02.23 19:10:57.564,8.16626,8.16816,1.00,1.00
2018.02.23 19:10:59.568,8.16624,8.16816,1.00,1.00
2018.02.23 19:11:01.595,8.1662,8.16816,1.00,1.00
2018.02.23 19:11:03.811,8.16615,8.16816,1.00,1.00
2018.02.23 19:11:04.811,8.16613,8.16816,1.00,1.00
2018.02.23 19:11:05.088,8.1662,8.16816,1.00,1.00
2018.02.23 19:11:05.393,8.1663,8.16816,1.00,1.00
2018.02.23 19:11:10.324,8.16622,8.16816,1.00,1.00
2018.02.23 19:11:12.679,8.16625,8.16816,1.00,1.00
2018.02.23 19:11:13.797,8.16629,8.16816,1.00,1.00
2018.02.23 19:11:14.503,8.16628,8.16816,1.00,1.00
2018.02.23 19:11:14.942,8.16621,8.16814,1.00,1.00
2018.02.23 19:11:15.781,8.16614,8.16808,1.00,1.00
2018.02.23 19:11:15.832,8.16603,8.16789,1.00,1.00
2018.02.23 19:11:15.883,8.16594,8.16787,1.00,1.00
2018.02.23 19:11:15.934,8.16582,8.16775,1.00,1.00
2018.02.23 19:11:16.238,8.1659,8.16758,1.00,1.00
2018.02.23 19:11:16.578,8.16607,8.16774,1.00,1.00
2018.02.23 19:11:17.112,8.16608,8.16775,1.00,1.00
2018.02.23 19:11:17.480,8.16589,8.16756,1.00,1.00
2018.02.23 19:11:18.336,8.16586,8.16773,1.00,1.00
2018.02.23 19:11:18.438,8.16586,8.16766,1.00,1.00
2018.02.23 19:11:18.489,8.16586,8.16773,1.00,1.00
2018.02.23 19:11:19.848,8.16588,8.16775,1.00,1.00
2018.02.23 19:11:20.301,8.16589,8.16755,1.00,1.00
2018.02.23 19:11:24.149,8.16589,8.16756,1.00,1.00
2018.02.23 19:11:25.342,8.16591,8.16758,1.00,1.00
2018.02.23 19:11:29.533,8.16589,8.16756,1.00,1.00
2018.02.23 19:11:34.846,8.1659,8.16757,1.00,1.00
2018.02.23 19:11:39.102,8.16589,8.16756,1.00,1.00
2018.02.23 19:11:40.355,8.16585,8.16753,1.00,1.00
2018.02.23 19:11:41.897,8.16584,8.16749,1.00,1.00
2018.02.23 19:11:44.564,8.16589,8.16756,1.00,1.00
2018.02.23 19:11:44.965,8.16594,8.16761,1.00,1.00
2018.02.23 19:11:45.431,8.16595,8.16763,1.00,1.00
2018.02.23 19:11:55.385,8.16593,8.1676,1.00,1.00
2018.02.23 19:12:00.790,8.16593,8.1677,1.00,1.00
2018.02.23 19:12:00.892,8.16593,8.16766,1.00,1.00
2018.02.23 19:12:01.244,8.16601,8.16766,1.00,1.00
2018.02.23 19:12:04.118,8.16608,8.16764,1.00,1.00
2018.02.23 19:12:04.220,8.16606,8.16764,1.00,1.00
2018.02.23 19:12:05.388,8.16619,8.16764,1.00,1.00
2018.02.23 19:12:05.987,8.16624,8.16764,1.00,1.00
2018.02.23 19:12:06.291,8.1663,8.16756,1.00,1.00
2018.02.23 19:12:06.648,8.16633,8.16756,1.00,1.00
2018.02.23 19:12:06.699,8.16633,8.16759,1.00,1.00
2018.02.23 19:12:08.505,8.16624,8.16759,1.00,1.00
2018.02.23 19:12:08.555,8.16633,8.16758,1.00,1.00
2018.02.23 19:12:09.121,8.16632,8.16758,1.00,1.00
2018.02.23 19:12:13.330,8.16635,8.16758,1.00,1.00
2018.02.23 19:12:13.432,8.16631,8.16758,1.00,1.00
2018.02.23 19:12:14.623,8.1663,8.16758,1.00,1.00
2018.02.23 19:12:16.326,8.16626,8.16759,1.00,1.00
2018.02.23 19:12:17.016,8.16636,8.16757,1.00,1.00
2018.02.23 19:12:17.979,8.16641,8.16757,1.00,1.00
2018.02.23 19:12:18.286,8.16643,8.16753,1.00,1.00
2018.02.23 19:12:18.595,8.16656,8.16753,1.00,1.00
2018.02.23 19:12:18.902,8.16661,8.16758,1.00,1.00
2018.02.23 19:12:19.452,8.16661,8.16751,1.00,1.00
2018.02.23 19:12:19.758,8.16677,8.1676,1.00,1.00
2018.02.23 19:12:19.860,8.16677,8.16766,1.00,1.00
2018.02.23 19:12:20.595,8.16683,8.16771,1.00,1.00
2018.02.23 19:12:21.048,8.16683,8.16767,1.00,1.00
2018.02.23 19:12:21.451,8.16649,8.1676,1.00,1.00
2018.02.23 19:12:21.502,8.16649,8.16757,1.00,1.00
2018.02.23 19:12:21.824,8.16667,8.16757,1.00,1.00
2018.02.23 19:12:22.302,8.16663,8.16757,1.00,1.00
2018.02.23 19:12:23.123,8.1668,8.1687,1.00,1.00
2018.02.23 19:12:23.174,8.1669,8.16879,1.00,1.00
2018.02.23 19:12:23.438,8.16709,8.16899,1.00,1.00
2018.02.23 19:12:23.540,8.16701,8.1689,1.00,1.00
2018.02.23 19:12:23.849,8.16692,8.16881,1.00,1.00
2018.02.23 19:12:24.170,8.16691,8.16878,1.00,1.00
2018.02.23 19:12:25.342,8.16682,8.16871,1.00,1.00
2018.02.23 19:12:29.653,8.16683,8.16873,1.00,1.00
2018.02.23 19:12:32.509,8.16689,8.16878,1.00,1.00
2018.02.23 19:12:33.987,8.16685,8.16875,1.00,1.00
2018.02.23 19:12:34.966,8.16683,8.16873,1.00,1.00
2018.02.23 19:12:37.196,8.16687,8.16876,1.00,1.00
2018.02.23 19:12:39.173,8.16685,8.16874,1.00,1.00
2018.02.23 19:12:40.485,8.16689,8.16878,1.00,1.00
2018.02.23 19:12:43.162,8.16687,8.16874,1.00,1.00
2018.02.23 19:12:44.683,8.16685,8.16874,1.00,1.00
2018.02.23 19:12:53.928,8.16688,8.16877,1.00,1.00
2018.02.23 19:12:54.535,8.16683,8.16872,1.00,1.00
2018.02.23 19:12:55.411,8.16688,8.16878,1.00,1.00
2018.02.23 19:12:55.513,8.1669,8.16879,1.00,1.00
2018.02.23 19:12:55.920,8.16682,8.16871,1.00,1.50
2018.02.23 19:12:55.971,8.16676,8.16866,1.00,1.00
2018.02.23 19:12:56.569,8.16671,8.1686,1.00,1.00
2018.02.23 19:13:05.025,8.16669,8.16859,1.00,1.00
2018.02.23 19:13:09.232,8.16668,8.16858,1.00,1.00
2018.02.23 19:13:10.535,8.16668,8.16857,1.00,1.00
2018.02.23 19:13:18.036,8.16677,8.16866,1.00,1.00
2018.02.23 19:13:18.993,8.167,8.16859,1.00,1.00
2018.02.23 19:13:19.307,8.16703,8.16859,1.00,1.00
2018.02.23 19:13:19.492,8.16703,8.16869,1.00,1.00
2018.02.23 19:13:20.057,8.16701,8.16867,1.00,1.00
2018.02.23 19:13:22.622,8.16707,8.16872,1.00,1.00
2018.02.23 19:13:23.358,8.16715,8.16882,1.00,1.00
2018.02.23 19:13:23.927,8.16705,8.16872,1.50,1.00
2018.02.23 19:13:24.628,8.16704,8.16871,1.00,1.00
2018.02.23 19:13:25.586,8.16699,8.16867,1.00,1.00
2018.02.23 19:13:26.176,8.16697,8.16864,1.00,1.00
2018.02.23 19:13:29.808,8.16697,8.16865,1.00,1.00
2018.02.23 19:13:34.049,8.16701,8.16869,1.00,1.00
2018.02.23 19:13:35.085,8.16702,8.16869,1.00,1.00
2018.02.23 19:13:38.211,8.16704,8.16871,1.00,1.00
2018.02.23 19:13:38.787,8.16708,8.16873,1.00,1.00
2018.02.23 19:13:38.838,8.16712,8.16879,1.00,1.50
2018.02.23 19:13:39.093,8.16714,8.16879,1.00,1.00
2018.02.23 19:13:39.146,8.16707,8.16874,1.00,1.00
2018.02.23 19:13:39.251,8.16702,8.16869,1.00,1.00
2018.02.23 19:13:40.588,8.16695,8.16862,1.00,1.00
2018.02.23 19:13:40.893,8.16693,8.1686,1.00,1.00
2018.02.23 19:13:41.286,8.16693,8.16835,1.00,1.00
2018.02.23 19:13:41.596,8.16693,8.16841,1.00,1.00
2018.02.23 19:13:41.648,8.16693,8.16849,1.00,1.00
2018.02.23 19:13:41.873,8.16693,8.16846,1.00,1.00
2018.02.23 19:13:41.924,8.16693,8.16857,1.00,1.00
2018.02.23 19:13:42.160,8.16693,8.16848,1.00,1.00
2018.02.23 19:13:42.503,8.16693,8.16842,1.00,1.00
2018.02.23 19:13:42.712,8.16675,8.1684,1.00,1.00
2018.02.23 19:13:42.864,8.16669,8.16836,1.00,1.00
2018.02.23 19:13:44.839,8.16671,8.16838,1.00,1.00
2018.02.23 19:13:45.177,8.16669,8.16836,1.00,1.00
2018.02.23 19:13:48.718,8.16676,8.16843,1.00,1.00
2018.02.23 19:13:49.069,8.16676,8.16841,1.00,1.00
2018.02.23 19:13:49.386,8.16676,8.16838,1.00,1.00
2018.02.23 19:13:50.469,8.16676,8.1683,1.00,1.00
2018.02.23 19:13:50.775,8.16658,8.16812,1.00,1.00
2018.02.23 19:13:51.359,8.16658,8.16809,1.00,1.00
2018.02.23 19:13:51.738,8.16658,8.16807,1.00,1.00
2018.02.23 19:13:55.500,8.16658,8.16805,1.00,1.00
2018.02.23 19:13:55.625,8.16658,8.16809,1.00,1.00
2018.02.23 19:13:57.351,8.16658,8.16812,1.00,1.00
2018.02.23 19:13:59.833,8.16658,8.1681,1.00,1.00
2018.02.23 19:14:05.177,8.16658,8.16812,1.00,1.00
2018.02.23 19:14:06.126,8.16658,8.16814,1.00,1.00
2018.02.23 19:14:06.345,8.16662,8.16829,1.00,1.00
2018.02.23 19:14:06.512,8.16667,8.16834,1.00,1.00
2018.02.23 19:14:06.895,8.16671,8.16839,1.00,1.50
2018.02.23 19:14:06.996,8.16665,8.16832,1.00,1.00
2018.02.23 19:14:09.368,8.16668,8.16836,1.00,1.00
2018.02.23 19:14:09.535,8.16673,8.16839,1.00,1.00
2018.02.23 19:14:12.626,8.16677,8.16839,1.00,1.00
2018.02.23 19:14:12.727,8.16675,8.16839,1.00,1.00
2018.02.23 19:14:12.880,8.16688,8.16854,1.00,1.00
2018.02.23 19:14:12.931,8.16694,8.16861,1.00,1.00
2018.02.23 19:14:13.133,8.16688,8.16853,1.00,1.00
2018.02.23 19:14:13.508,8.16678,8.16844,1.00,1.00
2018.02.23 19:14:14.057,8.16677,8.16844,1.00,1.00
2018.02.23 19:14:14.578,8.16688,8.16844,1.00,1.00
2018.02.23 19:14:15.117,8.16677,8.16844,1.00,1.00
2018.02.23 19:14:15.991,8.16669,8.16835,1.00,1.00
2018.02.23 19:14:20.175,8.16669,8.16832,1.00,1.00
2018.02.23 19:14:22.512,8.16672,8.16839,1.00,1.00
2018.02.23 19:14:22.701,8.16669,8.16835,1.00,1.00
2018.02.23 19:14:24.385,8.16669,8.16833,1.00,1.00
2018.02.23 19:14:25.636,8.16669,8.16828,1.00,1.00
2018.02.23 19:14:25.837,8.16653,8.16821,1.00,1.00
2018.02.23 19:14:27.172,8.16659,8.16825,1.00,1.00
2018.02.23 19:14:29.903,8.16659,8.16826,1.00,1.00
2018.02.23 19:14:35.206,8.16657,8.16825,1.00,1.00
2018.02.23 19:14:35.577,8.16668,8.16832,1.00,1.00
2018.02.23 19:14:40.105,8.16674,8.16841,1.00,1.00
2018.02.23 19:14:40.825,8.16671,8.16839,1.00,1.00
2018.02.23 19:14:50.235,8.16673,8.1684,1.00,1.00
2018.02.23 19:14:50.522,8.16677,8.16845,1.00,1.00
2018.02.23 19:14:52.492,8.16682,8.16849,1.00,1.00
2018.02.23 19:14:52.797,8.16693,8.1686,1.00,1.00
2018.02.23 19:14:53.534,8.16701,8.16868,1.00,1.00
2018.02.23 19:14:53.855,8.16707,8.16872,1.00,1.00
2018.02.23 19:14:54.183,8.16713,8.16872,1.00,1.00
2018.02.23 19:14:54.449,8.16714,8.16882,1.00,1.00
2018.02.23 19:14:55.745,8.16714,8.16881,1.00,1.00
2018.02.23 19:14:57.949,8.16732,8.169,1.00,1.00
2018.02.23 19:14:58.038,8.16738,8.16903,1.00,1.00
2018.02.23 19:14:58.140,8.16755,8.16923,1.00,1.00
2018.02.23 19:14:58.244,8.16741,8.16927,1.00,1.00
2018.02.23 19:14:58.295,8.16756,8.16924,1.00,1.00
2018.02.23 19:14:58.600,8.16747,8.16915,1.00,1.50
2018.02.23 19:14:58.933,8.16735,8.16903,1.00,1.00
2018.02.23 19:14:59.587,8.16726,8.16894,1.00,1.00
2018.02.23 19:15:00.873,8.16722,8.1689,1.50,1.00
2018.02.23 19:15:03.175,8.16722,8.16885,1.00,1.00
2018.02.23 19:15:09.486,8.16722,8.16887,1.00,1.00
2018.02.23 19:15:10.075,8.16723,8.1689,1.00,1.00
2018.02.23 19:15:10.776,8.16725,8.16893,1.00,1.00
2018.02.23 19:15:12.107,8.16722,8.16887,1.00,1.00
2018.02.23 19:15:12.560,8.16722,8.16881,1.00,1.00
2018.02.23 19:15:12.922,8.16709,8.16876,1.00,1.00
2018.02.23 19:15:12.974,8.16706,8.16872,1.00,1.00
2018.02.23 19:15:13.319,8.16703,8.16864,1.00,1.00
2018.02.23 19:15:14.983,8.16703,8.16863,1.00,1.00
2018.02.23 19:15:24.592,8.16709,8.16863,1.00,1.00
2018.02.23 19:15:25.856,8.16709,8.1687,1.00,1.00
2018.02.23 19:15:30.014,8.16709,8.16865,1.00,1.00
2018.02.23 19:15:31.728,8.16697,8.16865,1.00,1.00
2018.02.23 19:15:34.970,8.16694,8.1686,1.00,1.00
2018.02.23 19:15:38.142,8.16691,8.16855,1.00,1.00
2018.02.23 19:15:40.442,8.16692,8.1686,1.00,1.00
2018.02.23 19:15:40.836,8.16694,8.16862,1.00,1.00
2018.02.23 19:15:42.001,8.16715,8.16895,1.00,1.00
2018.02.23 19:15:42.213,8.16726,8.16893,1.00,1.00
2018.02.23 19:15:45.084,8.1673,8.16895,1.00,1.00
2018.02.23 19:15:49.159,8.16735,8.16895,1.00,1.00
2018.02.23 19:15:49.211,8.16756,8.16917,1.00,1.00
2018.02.23 19:15:49.262,8.16764,8.16931,1.00,1.00
2018.02.23 19:15:49.396,8.16767,8.16934,1.00,1.00
2018.02.23 19:15:49.735,8.16763,8.1693,1.00,1.00
2018.02.23 19:15:50.082,8.16767,8.16934,1.00,1.00
2018.02.23 19:15:50.389,8.16772,8.16939,1.00,1.00
2018.02.23 19:15:50.592,8.16767,8.16935,1.00,1.00
2018.02.23 19:15:51.460,8.16784,8.16951,1.00,1.00
2018.02.23 19:15:51.819,8.1679,8.16957,1.00,1.00
2018.02.23 19:15:52.623,8.16798,8.16965,1.00,1.00
2018.02.23 19:15:53.523,8.16811,8.16979,1.00,1.00
2018.02.23 19:15:53.574,8.16808,8.16973,1.00,1.00
2018.02.23 19:15:54.613,8.16805,8.16973,1.00,1.00
2018.02.23 19:15:55.919,8.16805,8.16972,1.00,1.00
2018.02.23 19:15:56.042,8.16803,8.1697,1.00,1.00
2018.02.23 19:15:56.194,8.16806,8.16974,1.00,1.00
2018.02.23 19:15:57.794,8.16799,8.16954,1.00,1.00
2018.02.23 19:15:57.845,8.16777,8.16942,1.00,1.00
2018.02.23 19:15:57.896,8.16788,8.16955,1.00,1.00
2018.02.23 19:15:57.947,8.16791,8.16959,1.00,1.00
2018.02.23 19:15:57.998,8.16785,8.16953,1.00,1.00
2018.02.23 19:15:58.347,8.16764,8.16931,1.00,1.00
2018.02.23 19:15:58.659,8.16766,8.16933,1.00,1.00
2018.02.23 19:16:00.074,8.16765,8.16932,1.00,1.00
2018.02.23 19:16:03.876,8.16771,8.16939,1.00,1.00
2018.02.23 19:16:04.369,8.16779,8.16947,1.00,1.00
2018.02.23 19:16:05.385,8.16778,8.16943,1.00,1.00
2018.02.23 19:16:09.593,8.16776,8.16943,1.00,1.00
2018.02.23 19:16:10.895,8.16772,8.16939,1.00,1.00
2018.02.23 19:16:14.204,8.16775,8.16942,1.00,1.00
2018.02.23 19:16:14.507,8.16779,8.16946,1.00,1.00
2018.02.23 19:16:14.841,8.16784,8.16951,1.00,1.00
2018.02.23 19:16:20.418,8.16787,8.16952,1.00,1.00
2018.02.23 19:16:21.630,8.16789,8.16957,1.00,1.00
2018.02.23 19:16:21.680,8.16793,8.16961,1.00,1.00
2018.02.23 19:16:22.030,8.1681,8.16978,1.00,1.00
2018.02.23 19:16:23.160,8.16816,8.16984,1.00,1.00
2018.02.23 19:16:23.495,8.16811,8.16979,1.00,1.00
2018.02.23 19:16:24.661,8.16811,8.16978,1.00,1.00
2018.02.23 19:16:26.784,8.16796,8.16964,1.00,1.00
2018.02.23 19:16:30.134,8.16796,8.16963,1.00,1.00
2018.02.23 19:16:32.523,8.16789,8.16956,1.00,1.00
2018.02.23 19:16:32.948,8.16785,8.16952,1.00,1.00
2018.02.23 19:16:33.867,8.16789,8.16957,1.00,1.00
2018.02.23 19:16:35.465,8.16791,8.16959,1.00,1.00
2018.02.23 19:16:39.653,8.16792,8.1696,1.00,1.00
2018.02.23 19:16:40.088,8.16788,8.16956,1.00,1.00
2018.02.23 19:16:40.394,8.16765,8.16929,1.00,1.00
2018.02.23 19:16:40.496,8.16766,8.16939,1.00,1.00
2018.02.23 19:16:40.956,8.16769,8.16944,1.00,1.00
2018.02.23 19:16:43.631,8.16765,8.16937,1.00,1.00
2018.02.23 19:16:43.785,8.16744,8.16925,1.00,1.00
2018.02.23 19:16:43.836,8.16744,8.16937,1.00,1.00
2018.02.23 19:16:43.887,8.16761,8.16943,1.00,1.00
2018.02.23 19:16:43.939,8.16743,8.16935,1.00,1.00
2018.02.23 19:16:44.434,8.16767,8.16944,1.00,1.00
2018.02.23 19:16:44.624,8.16749,8.1693,1.00,1.00
2018.02.23 19:16:47.379,8.16743,8.16931,1.00,1.00
2018.02.23 19:16:47.430,8.16743,8.16927,1.00,1.00
2018.02.23 19:16:48.244,8.1672,8.1691,1.00,1.00
2018.02.23 19:16:48.295,8.16736,8.16919,1.00,1.00
2018.02.23 19:16:48.620,8.16743,8.16918,1.00,1.00
2018.02.23 19:16:49.331,8.16747,8.16922,1.00,1.00
2018.02.23 19:16:50.489,8.16749,8.16924,1.00,1.00
2018.02.23 19:16:52.038,8.1675,8.16925,1.00,1.00
2018.02.23 19:16:52.378,8.16747,8.16922,1.00,1.00
2018.02.23 19:16:54.689,8.16749,8.16924,1.00,1.00
2018.02.23 19:16:55.807,8.16745,8.1692,1.00,1.00
2018.02.23 19:16:56.288,8.16741,8.16916,1.00,1.00
2018.02.23 19:17:02.092,8.16747,8.1692,1.00,1.00
2018.02.23 19:17:05.505,8.16747,8.16922,1.00,1.00
2018.02.23 19:17:11.030,8.16749,8.16925,1.00,1.00
2018.02.23 19:17:17.571,8.16761,8.16928,1.00,1.00
2018.02.23 19:17:19.935,8.16729,8.16904,1.00,1.00
2018.02.23 19:17:19.987,8.16745,8.16906,1.00,1.00
2018.02.23 19:17:20.038,8.1675,8.16923,1.00,1.00
2018.02.23 19:17:20.577,8.1675,8.16924,1.00,1.00
2018.02.23 19:17:20.730,8.16739,8.16909,1.00,1.00
2018.02.23 19:17:20.984,8.16728,8.16909,1.50,1.00
2018.02.23 19:17:21.112,8.16746,8.16909,1.00,1.00
2018.02.23 19:17:21.164,8.16728,8.16909,1.50,1.00
2018.02.23 19:17:21.316,8.16743,8.16909,1.00,1.00
2018.02.23 19:17:24.743,8.16745,8.16909,1.00,1.00
2018.02.23 19:17:26.045,8.16744,8.16909,1.00,1.00
2018.02.23 19:17:29.512,8.16746,8.16909,1.00,1.00
2018.02.23 19:17:29.563,8.1674,8.16909,1.00,1.00
2018.02.23 19:17:29.700,8.16736,8.16909,1.00,1.00
2018.02.23 19:17:30.267,8.16742,8.16909,1.00,1.00
2018.02.23 19:17:31.415,8.16736,8.16909,1.00,1.00
2018.02.23 19:17:31.689,8.1674,8.16909,1.00,1.00
2018.02.23 19:17:31.994,8.16728,8.16909,1.50,1.00
2018.02.23 19:17:32.096,8.16746,8.16924,1.00,1.00
2018.02.23 19:17:32.147,8.16728,8.16909,1.00,1.00
2018.02.23 19:17:32.455,8.16747,8.16924,1.00,1.00
2018.02.23 19:17:32.719,8.16727,8.16908,1.00,1.00
2018.02.23 19:17:32.769,8.16746,8.16924,1.00,1.00
2018.02.23 19:17:32.820,8.16727,8.16908,1.00,1.00
2018.02.23 19:17:32.871,8.16746,8.16924,1.00,1.00
2018.02.23 19:17:32.973,8.16746,8.16927,1.00,1.00
2018.02.23 19:17:33.419,8.16764,8.16939,1.00,1.00
2018.02.23 19:17:33.521,8.16746,8.16927,1.00,1.00
2018.02.23 19:17:34.159,8.16764,8.16939,1.00,1.00
2018.02.23 19:17:34.210,8.16746,8.16927,1.00,1.00
2018.02.23 19:17:42.095,8.16746,8.16902,1.00,1.00
2018.02.23 19:17:42.146,8.16734,8.16901,1.00,1.00
2018.02.23 19:17:42.197,8.16734,8.16899,1.00,1.00
2018.02.23 19:17:42.505,8.16736,8.16899,1.00,1.00
2018.02.23 19:17:42.555,8.16736,8.16906,1.00,1.50
2018.02.23 19:17:42.905,8.16736,8.16897,1.00,1.00
2018.02.23 19:17:43.074,8.16735,8.16902,1.00,1.00
2018.02.23 19:17:43.125,8.16734,8.16906,1.00,1.00
2018.02.23 19:17:43.346,8.16729,8.16906,1.00,1.00
2018.02.23 19:17:43.397,8.16744,8.16925,1.00,1.00
2018.02.23 19:17:43.550,8.16749,8.16925,1.00,1.50
2018.02.23 19:17:45.283,8.16748,8.16923,1.00,1.00
2018.02.23 19:17:45.884,8.16752,8.16925,1.00,1.00
2018.02.23 19:17:45.987,8.1675,8.16925,1.00,1.50
2018.02.23 19:17:46.038,8.16748,8.16923,1.00,1.00
2018.02.23 19:17:46.345,8.16732,8.16903,1.00,1.00
2018.02.23 19:17:47.876,8.1674,8.16919,1.00,1.00
2018.02.23 19:17:47.927,8.1674,8.16902,1.00,1.00
2018.02.23 19:17:48.228,8.1674,8.16897,1.00,1.00
2018.02.23 19:17:48.843,8.1674,8.16895,1.00,1.00
2018.02.23 19:17:50.063,8.16799,8.16895,1.00,1.00
2018.02.23 19:17:50.277,8.16799,8.16908,1.00,1.00
2018.02.23 19:17:50.329,8.16797,8.16908,1.00,1.00
2018.02.23 19:17:50.835,8.16797,8.16909,1.00,1.00
2018.02.23 19:17:51.474,8.16792,8.16909,1.00,1.00
2018.02.23 19:17:52.832,8.16792,8.16913,1.00,1.00
2018.02.23 19:17:54.803,8.16792,8.16915,1.00,1.00
2018.02.23 19:17:55.064,8.16796,8.16915,1.00,1.00
2018.02.23 19:17:56.125,8.16796,8.16919,1.00,1.00
2018.02.23 19:17:58.120,8.16795,8.16919,1.00,1.00
2018.02.23 19:17:58.719,8.16796,8.16919,1.00,1.00
2018.02.23 19:17:59.103,8.16792,8.16919,1.00,1.00
2018.02.23 19:17:59.204,8.16798,8.16921,1.00,1.00
2018.02.23 19:17:59.324,8.16792,8.16921,1.00,1.00
2018.02.23 19:18:02.347,8.16792,8.16915,1.00,1.00
2018.02.23 19:18:02.692,8.16796,8.16899,1.00,1.00
2018.02.23 19:18:03.886,8.16794,8.16899,1.00,1.00
2018.02.23 19:18:07.259,8.16796,8.16899,1.00,1.00
2018.02.23 19:18:07.586,8.16799,8.169,1.00,1.00
2018.02.23 19:18:08.064,8.16798,8.16885,1.00,1.00
2018.02.23 19:18:10.046,8.16796,8.16904,1.00,1.00
2018.02.23 19:18:10.228,8.16793,8.16922,1.00,1.00
2018.02.23 19:18:10.331,8.16791,8.16922,1.00,1.00
2018.02.23 19:18:10.855,8.16792,8.16922,1.00,1.50
2018.02.23 19:18:11.570,8.16791,8.16922,1.00,1.00
2018.02.23 19:18:13.263,8.16789,8.16922,1.00,1.00
2018.02.23 19:18:14.333,8.16787,8.16922,1.00,1.00
2018.02.23 19:18:14.384,8.16787,8.1694,1.00,1.00
2018.02.23 19:18:14.435,8.16787,8.16922,1.00,1.00
2018.02.23 19:18:14.903,8.16789,8.16922,1.00,1.00
2018.02.23 19:18:15.353,8.16789,8.16931,1.00,1.00
2018.02.23 19:18:15.404,8.16789,8.16921,1.00,1.00
2018.02.23 19:18:15.986,8.16788,8.16921,1.00,1.00
2018.02.23 19:18:16.487,8.16791,8.16922,1.00,1.00
2018.02.23 19:18:17.029,8.16789,8.1694,1.00,1.00
2018.02.23 19:18:17.131,8.16789,8.16921,1.00,1.00
2018.02.23 19:18:18.483,8.16791,8.16921,1.00,1.00
2018.02.23 19:18:18.586,8.16784,8.16938,1.00,1.00
2018.02.23 19:18:18.637,8.16816,8.16955,1.00,1.00
2018.02.23 19:18:18.688,8.1681,8.16983,1.00,1.00
2018.02.23 19:18:18.739,8.16814,8.16983,1.00,1.00
2018.02.23 19:18:18.791,8.16804,8.17013,1.00,1.00
2018.02.23 19:18:18.842,8.16802,8.16977,1.00,1.00
2018.02.23 19:18:19.159,8.16793,8.16928,1.00,1.00
2018.02.23 19:18:19.566,8.16786,8.16937,1.00,1.00
2018.02.23 19:18:19.895,8.16786,8.1694,1.00,1.00
2018.02.23 19:18:19.997,8.16786,8.16945,1.00,1.00
2018.02.23 19:18:20.071,8.16786,8.16935,1.00,1.00
2018.02.23 19:18:20.122,8.16786,8.16954,1.00,1.00
2018.02.23 19:18:20.224,8.16786,8.16946,1.00,1.00
2018.02.23 19:18:20.428,8.16786,8.16953,1.00,1.00
2018.02.23 19:18:20.605,8.16786,8.16944,1.00,1.00
2018.02.23 19:18:21.135,8.16786,8.16935,1.00,1.00
2018.02.23 19:18:21.376,8.16786,8.16943,1.00,1.00
2018.02.23 19:18:21.478,8.16786,8.16934,1.00,1.00
2018.02.23 19:18:21.792,8.1679,8.16938,1.00,1.00
2018.02.23 19:18:22.153,8.1679,8.1692,1.00,1.00
2018.02.23 19:18:23.884,8.16789,8.1692,1.00,1.00
2018.02.23 19:18:24.233,8.16789,8.16917,1.00,1.00
2018.02.23 19:18:24.382,8.16789,8.16925,1.00,1.00
2018.02.23 19:18:24.433,8.16789,8.1692,1.00,1.00
2018.02.23 19:18:26.253,8.16786,8.1692,1.00,1.00
2018.02.23 19:18:26.766,8.16787,8.1692,1.00,1.00
2018.02.23 19:18:27.414,8.16791,8.1692,1.00,1.00
2018.02.23 19:18:30.641,8.16793,8.1692,1.00,1.00
2018.02.23 19:18:31.004,8.16793,8.16913,1.00,1.00
2018.02.23 19:18:31.207,8.16793,8.1692,1.00,1.00
2018.02.23 19:18:31.309,8.16786,8.1692,1.00,1.00
2018.02.23 19:18:33.145,8.16791,8.1692,1.00,1.00
2018.02.23 19:18:33.928,8.16792,8.1692,1.00,1.00
2018.02.23 19:18:34.268,8.16788,8.1692,1.00,1.00
2018.02.23 19:18:34.573,8.16786,8.1692,1.00,1.00
2018.02.23 19:18:36.350,8.16797,8.16944,1.00,1.00
2018.02.23 19:18:36.401,8.16812,8.16964,1.00,1.00
2018.02.23 19:18:36.517,8.1683,8.16983,1.00,1.00
2018.02.23 19:18:36.568,8.16821,8.16989,1.00,1.00
2018.02.23 19:18:36.619,8.16818,8.16989,1.00,1.00
2018.02.23 19:18:37.224,8.16817,8.16989,1.00,1.00
2018.02.23 19:18:38.196,8.16823,8.16989,1.00,1.00
2018.02.23 19:18:38.501,8.16832,8.16998,1.00,1.00
2018.02.23 19:18:41.243,8.16833,8.16998,1.00,1.00
2018.02.23 19:18:42.737,8.16833,8.17,1.00,1.00
2018.02.23 19:18:50.715,8.16834,8.17,1.00,1.00
2018.02.23 19:18:51.132,8.16837,8.17,1.00,1.00
2018.02.23 19:18:53.162,8.16832,8.17,1.00,1.00
2018.02.23 19:18:54.291,8.16837,8.17,1.00,1.00
2018.02.23 19:18:55.253,8.16833,8.17,1.00,1.00
2018.02.23 19:18:56.785,8.16833,8.17006,1.00,1.00
2018.02.23 19:18:58.202,8.16837,8.1701,1.00,1.00
2018.02.23 19:18:58.354,8.16849,8.17024,1.00,1.50
2018.02.23 19:18:58.506,8.16859,8.17024,1.00,1.00
2018.02.23 19:18:58.659,8.16849,8.17024,1.00,1.50
2018.02.23 19:18:58.827,8.16832,8.17007,1.00,1.00
2018.02.23 19:18:59.082,8.16807,8.16995,1.00,1.00
2018.02.23 19:18:59.381,8.16787,8.16978,1.00,1.00
2018.02.23 19:18:59.586,8.16796,8.16971,1.00,1.00
2018.02.23 19:18:59.637,8.16797,8.16978,1.00,1.00
2018.02.23 19:18:59.688,8.16801,8.16974,1.00,1.00
2018.02.23 19:18:59.794,8.16809,8.16984,1.00,1.00
2018.02.23 19:18:59.845,8.16796,8.16966,1.00,1.00
2018.02.23 19:19:00.242,8.16796,8.16962,1.00,1.00
2018.02.23 19:19:00.345,8.16783,8.16958,1.00,1.00
2018.02.23 19:19:00.396,8.1678,8.16961,1.00,1.00
2018.02.23 19:19:00.822,8.16783,8.16947,1.00,1.00
2018.02.23 19:19:01.249,8.16783,8.16961,1.00,1.00
2018.02.23 19:19:01.351,8.16783,8.16946,1.00,1.00
2018.02.23 19:19:01.835,8.16783,8.16961,1.00,1.00
2018.02.23 19:19:05.770,8.16786,8.16961,1.00,1.00
2018.02.23 19:19:08.809,8.16787,8.16961,1.00,1.00
2018.02.23 19:19:09.152,8.16801,8.16979,1.00,1.00
2018.02.23 19:19:09.403,8.16801,8.16981,1.00,1.00
2018.02.23 19:19:09.952,8.16803,8.16981,1.00,1.00
2018.02.23 19:19:10.500,8.16807,8.16981,1.00,1.00
2018.02.23 19:19:11.115,8.16826,8.17002,1.00,1.00
2018.02.23 19:19:11.268,8.16822,8.17002,1.00,1.00
2018.02.23 19:19:11.817,8.16821,8.17002,1.00,1.00
2018.02.23 19:19:13.722,8.16802,8.16983,1.50,1.00
2018.02.23 19:19:21.466,8.16803,8.16983,1.00,1.00
2018.02.23 19:19:22.541,8.16806,8.16983,1.00,1.00
2018.02.23 19:19:22.644,8.16802,8.16983,1.50,1.00
2018.02.23 19:19:24.983,8.16803,8.16983,1.00,1.00
2018.02.23 19:19:35.822,8.16802,8.16983,1.00,1.00
2018.02.23 19:19:41.031,8.16802,8.16976,1.00,1.00
2018.02.23 19:19:49.526,8.16806,8.16979,1.00,1.00
2018.02.23 19:19:52.163,8.16841,8.16979,1.00,1.00
2018.02.23 19:19:52.568,8.1684,8.16991,1.00,1.00
2018.02.23 19:19:52.619,8.16839,8.16999,1.00,1.00
2018.02.23 19:19:52.671,8.16835,8.16999,1.00,1.00
2018.02.23 19:19:52.901,8.16835,8.1699,1.00,1.00
2018.02.23 19:19:55.047,8.16836,8.16999,1.00,1.00
2018.02.23 19:19:55.162,8.16833,8.16999,1.00,1.00
2018.02.23 19:19:55.577,8.16835,8.17004,1.00,1.00
2018.02.23 19:19:55.808,8.16844,8.17016,1.00,1.00
2018.02.23 19:19:55.859,8.16853,8.17023,1.00,1.00
2018.02.23 19:19:55.910,8.16853,8.17026,1.00,1.00
2018.02.23 19:19:56.191,8.16854,8.17029,1.00,1.00
2018.02.23 19:19:56.769,8.16863,8.17034,1.00,1.00
2018.02.23 19:19:56.820,8.16866,8.1704,1.00,1.00
2018.02.23 19:20:00.604,8.1688,8.17056,1.00,1.00
2018.02.23 19:20:00.655,8.16886,8.17059,1.00,1.00
2018.02.23 19:20:00.706,8.16889,8.17064,1.00,1.00
2018.02.23 19:20:00.756,8.16878,8.17053,1.00,1.00
2018.02.23 19:20:01.060,8.16872,8.17047,1.00,1.00
2018.02.23 19:20:05.883,8.16871,8.17046,1.00,1.00
2018.02.23 19:20:10.123,8.1687,8.17045,1.00,1.00
2018.02.23 19:20:10.437,8.16882,8.17057,1.00,1.00
2018.02.23 19:20:11.858,8.16887,8.17062,1.00,1.00
2018.02.23 19:20:14.535,8.16883,8.17058,1.00,1.00
2018.02.23 19:20:20.944,8.16885,8.1706,1.00,1.00
2018.02.23 19:20:22.524,8.16881,8.17052,1.00,1.00
2018.02.23 19:20:22.861,8.16885,8.17042,1.00,1.00
2018.02.23 19:20:23.512,8.16885,8.17045,1.00,1.00
2018.02.23 19:20:25.090,8.16885,8.17051,1.00,1.00
2018.02.23 19:20:25.141,8.16882,8.17055,1.00,1.00
2018.02.23 19:20:25.243,8.16889,8.17064,1.00,1.00
2018.02.23 19:20:25.396,8.16897,8.17072,1.00,1.00
2018.02.23 19:20:25.853,8.16893,8.17066,1.00,1.00
2018.02.23 19:20:26.294,8.16896,8.17071,1.00,1.00
2018.02.23 19:20:26.345,8.1689,8.17065,1.00,1.00
2018.02.23 19:20:26.662,8.16881,8.17056,1.00,1.00
2018.02.23 19:20:28.235,8.16877,8.1705,1.00,1.00
2018.02.23 19:20:28.338,8.16882,8.17057,1.00,1.00
2018.02.23 19:20:28.537,8.16945,8.17066,1.00,1.00
2018.02.23 19:20:30.644,8.16945,8.17068,1.00,1.00
2018.02.23 19:20:31.235,8.16942,8.17068,1.00,1.00
2018.02.23 19:20:34.289,8.16941,8.17068,1.00,1.00
2018.02.23 19:20:35.568,8.16939,8.17068,1.00,1.00
2018.02.23 19:20:40.994,8.16937,8.17068,1.00,1.00
2018.02.23 19:20:42.963,8.16937,8.17087,1.00,1.00
2018.02.23 19:20:51.102,8.16937,8.17086,1.00,1.00
2018.02.23 19:20:52.494,8.16937,8.17081,1.00,1.00
2018.02.23 19:20:52.544,8.16937,8.17085,1.00,1.00
2018.02.23 19:20:55.181,8.16938,8.17085,1.00,1.00
2018.02.23 19:20:56.465,8.16938,8.17083,1.00,1.00
2018.02.23 19:20:58.933,8.16937,8.17087,1.00,1.50
2018.02.23 19:20:59.188,8.16939,8.17079,1.00,1.00
2018.02.23 19:20:59.544,8.16939,8.17096,1.00,1.00
2018.02.23 19:20:59.805,8.16939,8.17082,1.00,1.00
2018.02.23 19:21:00.657,8.16936,8.17095,1.00,1.00
2018.02.23 19:21:01.284,8.16936,8.17082,1.00,1.00
2018.02.23 19:21:04.688,8.16937,8.17078,1.00,1.00
2018.02.23 19:21:07.064,8.16937,8.17082,1.00,1.00
2018.02.23 19:21:08.963,8.16938,8.17082,1.00,1.00
2018.02.23 19:21:15.824,8.16937,8.17082,1.00,1.00
2018.02.23 19:21:19.996,8.16936,8.17082,1.00,1.00
2018.02.23 19:21:20.504,8.16936,8.17081,1.00,1.00
2018.02.23 19:21:23.972,8.16938,8.17081,1.00,1.00
2018.02.23 19:21:24.566,8.16938,8.17082,1.00,1.00
2018.02.23 19:21:24.929,8.16938,8.17075,1.00,1.00
2018.02.23 19:21:26.525,8.16938,8.17077,1.00,1.00
2018.02.23 19:21:28.675,8.16941,8.17071,1.00,1.00
2018.02.23 19:21:28.726,8.16941,8.17076,1.00,1.00
2018.02.23 19:21:29.191,8.16939,8.17078,1.00,1.00
2018.02.23 19:21:30.753,8.16939,8.17082,1.00,1.50
2018.02.23 19:21:34.041,8.16939,8.17075,1.00,1.00
2018.02.23 19:21:34.093,8.16941,8.1708,1.00,1.00
2018.02.23 19:21:34.242,8.16939,8.17082,1.00,1.00
2018.02.23 19:21:34.493,8.16939,8.1708,1.00,1.00
2018.02.23 19:21:34.807,8.16939,8.17075,1.00,1.00
2018.02.23 19:21:36.061,8.16939,8.17078,1.00,1.00
2018.02.23 19:21:36.999,8.16939,8.17079,1.00,1.00
2018.02.23 19:21:38.303,8.16936,8.17082,1.00,1.00
2018.02.23 19:21:38.405,8.16936,8.17094,1.00,1.00
2018.02.23 19:21:38.456,8.16936,8.17101,1.00,1.00
2018.02.23 19:21:39.094,8.16932,8.17101,1.00,1.00
2018.02.23 19:21:39.357,8.16939,8.17111,1.00,1.00
2018.02.23 19:21:41.038,8.16951,8.1712,1.00,1.00
2018.02.23 19:21:41.089,8.16956,8.17129,1.00,1.00
2018.02.23 19:21:41.139,8.16955,8.17126,1.00,1.00
2018.02.23 19:21:41.190,8.16955,8.17129,1.00,1.00
2018.02.23 19:21:41.521,8.16951,8.17119,1.00,1.00
2018.02.23 19:21:41.964,8.16949,8.17116,1.50,1.00
2018.02.23 19:21:43.252,8.16955,8.17123,1.00,1.00
2018.02.23 19:21:43.883,8.16949,8.17117,1.50,1.00
2018.02.23 19:21:44.753,8.16955,8.17122,1.00,1.00
2018.02.23 19:21:45.075,8.1695,8.17116,1.00,1.00
2018.02.23 19:21:46.473,8.16953,8.1712,1.00,1.00
2018.02.23 19:21:46.525,8.16958,8.17125,1.00,1.00
2018.02.23 19:21:48.738,8.16963,8.1713,1.00,1.00
2018.02.23 19:21:49.647,8.16968,8.17133,1.00,1.00
2018.02.23 19:21:51.084,8.16969,8.17135,1.00,1.00
2018.02.23 19:21:52.571,8.16973,8.1714,1.00,1.00
2018.02.23 19:21:52.954,8.16971,8.17137,1.00,1.00
2018.02.23 19:21:53.503,8.16971,8.17136,1.00,1.00
2018.02.23 19:21:55.148,8.16971,8.17131,1.00,1.00
2018.02.23 19:21:56.600,8.16971,8.17135,1.00,1.00
2018.02.23 19:22:00.825,8.16971,8.17138,1.00,1.00
2018.02.23 19:22:06.108,8.16973,8.1714,1.00,1.00
2018.02.23 19:22:11.615,8.16974,8.17142,1.00,1.00
2018.02.23 19:22:15.685,8.16982,8.17147,1.00,1.00
2018.02.23 19:22:18.361,8.16985,8.17153,1.00,1.00
2018.02.23 19:22:18.412,8.16989,8.17156,1.00,1.00
2018.02.23 19:22:20.091,8.16999,8.17164,1.00,1.00
2018.02.23 19:22:20.195,8.16997,8.17164,1.00,1.50
2018.02.23 19:22:20.246,8.16993,8.1716,1.00,1.00
2018.02.23 19:22:21.352,8.17004,8.17164,1.00,1.00
2018.02.23 19:22:22.599,8.16999,8.17164,1.00,1.00
2018.02.23 19:22:23.120,8.17004,8.17164,1.00,1.00
2018.02.23 19:22:26.645,8.17,8.17164,1.00,1.00
2018.02.23 19:22:27.646,8.16987,8.17154,1.00,1.00
2018.02.23 19:22:27.968,8.16984,8.17151,1.00,1.00
2018.02.23 19:22:30.267,8.16989,8.17156,1.00,1.00
2018.02.23 19:22:30.586,8.17003,8.1717,1.00,1.00
2018.02.23 19:22:30.637,8.16998,8.17166,1.00,1.00
2018.02.23 19:22:30.815,8.17003,8.1717,1.00,1.00
2018.02.23 19:22:31.152,8.16998,8.17166,1.00,1.00
2018.02.23 19:22:40.209,8.16994,8.17162,1.00,1.00
2018.02.23 19:22:41.675,8.16994,8.1716,1.00,1.00
2018.02.23 19:22:42.519,8.17,8.17165,1.00,1.00
2018.02.23 19:22:42.570,8.17004,8.17171,1.00,1.00
2018.02.23 19:22:43.207,8.17022,8.17183,1.00,1.00
2018.02.23 19:22:43.258,8.1702,8.17187,1.00,1.00
2018.02.23 19:22:43.360,8.17013,8.17181,1.00,1.00
2018.02.23 19:22:48.256,8.1701,8.17171,1.00,1.00
2018.02.23 19:22:48.602,8.16966,8.17095,1.00,1.00
2018.02.23 19:22:48.655,8.16966,8.1712,1.00,1.00
2018.02.23 19:22:48.706,8.16966,8.17126,1.00,1.00
2018.02.23 19:22:49.476,8.16966,8.17132,1.00,1.00
2018.02.23 19:22:49.578,8.16966,8.17145,1.00,1.00
2018.02.23 19:22:49.681,8.16991,8.17161,1.00,1.00
2018.02.23 19:22:49.790,8.16996,8.17172,1.00,1.00
2018.02.23 19:22:49.957,8.16991,8.17169,1.00,1.00
2018.02.23 19:22:50.221,8.16991,8.17163,1.00,1.00
2018.02.23 19:22:50.910,8.16968,8.17149,1.00,1.00
2018.02.23 19:22:57.421,8.16984,8.17165,1.00,1.00
2018.02.23 19:22:57.726,8.16984,8.17155,1.00,1.00
2018.02.23 19:22:59.497,8.16984,8.17159,1.00,1.00
2018.02.23 19:22:59.548,8.16984,8.17154,1.00,1.00
2018.02.23 19:22:59.599,8.16965,8.17146,1.00,1.00
2018.02.23 19:23:03.749,8.16965,8.17143,1.00,1.00
2018.02.23 19:23:05.799,8.16969,8.17146,1.00,1.00
2018.02.23 19:23:06.332,8.16974,8.17146,1.00,1.00
2018.02.23 19:23:06.609,8.16986,8.17163,1.00,1.00
2018.02.23 19:23:08.155,8.17003,8.17163,1.00,1.00
2018.02.23 19:23:08.206,8.17008,8.17181,1.00,1.00
2018.02.23 19:23:09.925,8.17022,8.17181,1.00,1.00
2018.02.23 19:23:10.063,8.17028,8.17197,1.00,1.00
2018.02.23 19:23:10.273,8.17022,8.17197,1.00,1.00
2018.02.23 19:23:10.767,8.17016,8.17188,1.00,1.00
2018.02.23 19:23:11.266,8.17019,8.17196,1.00,1.00
2018.02.23 19:23:13.593,8.17023,8.17197,1.00,1.00
2018.02.23 19:23:14.516,8.17026,8.17197,1.00,1.00
2018.02.23 19:23:15.944,8.17027,8.17197,1.00,1.00
2018.02.23 19:23:22.527,8.17034,8.17197,1.00,1.00
2018.02.23 19:23:22.578,8.17043,8.17218,1.00,1.00
2018.02.23 19:23:23.512,8.17056,8.17218,1.00,1.00
2018.02.23 19:23:23.563,8.17056,8.17233,1.00,1.00
2018.02.23 19:23:24.322,8.1706,8.17236,1.00,1.00
2018.02.23 19:23:26.765,8.17055,8.17229,1.00,1.00
2018.02.23 19:23:40.494,8.17055,8.17228,1.00,1.00
2018.02.23 19:23:42.954,8.17056,8.17233,1.00,1.00
2018.02.23 19:23:43.004,8.17055,8.17221,1.00,1.00
2018.02.23 19:23:43.398,8.17055,8.17227,1.00,1.00
2018.02.23 19:23:46.290,8.17056,8.17234,1.00,1.00
2018.02.23 19:23:46.341,8.17061,8.17236,1.00,1.00
2018.02.23 19:23:50.123,8.17056,8.17233,1.00,1.00
2018.02.23 19:23:50.174,8.17055,8.17222,1.00,1.00
2018.02.23 19:23:50.388,8.17034,8.17211,1.00,1.00
2018.02.23 19:23:50.841,8.17033,8.17208,1.00,1.00
2018.02.23 19:23:51.382,8.17033,8.17209,1.00,1.00
2018.02.23 19:23:52.238,8.17034,8.17211,1.00,1.00
2018.02.23 19:23:52.289,8.17036,8.17213,1.00,1.00
2018.02.23 19:23:52.615,8.17033,8.17199,1.00,1.00
2018.02.23 19:23:53.967,8.17011,8.17167,1.00,1.00
2018.02.23 19:23:55.523,8.17009,8.17167,1.00,1.00
2018.02.23 19:23:55.815,8.17004,8.17167,1.00,1.00
2018.02.23 19:23:56.944,8.16995,8.17167,1.00,1.00
2018.02.23 19:23:58.367,8.16986,8.17167,1.00,1.00
2018.02.23 19:23:58.419,8.1696,8.17153,1.00,1.00
2018.02.23 19:23:58.553,8.16951,8.17136,1.00,1.00
2018.02.23 19:23:58.605,8.16943,8.17136,1.00,1.00
2018.02.23 19:23:58.656,8.16953,8.17145,1.00,1.00
2018.02.23 19:23:58.758,8.16953,8.17147,1.00,1.00
2018.02.23 19:24:01.404,8.16953,8.1713,1.00,1.00
2018.02.23 19:24:01.869,8.16957,8.17134,1.00,1.00
2018.02.23 19:24:01.928,8.16952,8.17147,1.00,1.00
2018.02.23 19:24:01.980,8.16957,8.17147,1.00,1.00
2018.02.23 19:24:02.444,8.16959,8.17147,1.00,1.00
2018.02.23 19:24:02.767,8.16968,8.17147,1.00,1.00
2018.02.23 19:24:03.262,8.16972,8.17147,1.00,1.00
2018.02.23 19:24:03.583,8.16983,8.17167,1.00,1.00
2018.02.23 19:24:04.011,8.16986,8.17167,1.00,1.00
2018.02.23 19:24:04.721,8.16991,8.17167,1.00,1.00
2018.02.23 19:24:04.984,8.16987,8.17164,1.00,1.00
2018.02.23 19:24:06.717,8.16991,8.17164,1.00,1.00
2018.02.23 19:24:07.076,8.17,8.17164,1.00,1.00
2018.02.23 19:24:09.629,8.17004,8.17164,1.00,1.00
2018.02.23 19:24:10.001,8.17009,8.17185,1.00,1.00
2018.02.23 19:24:10.204,8.17016,8.17185,1.00,1.00
2018.02.23 19:24:10.896,8.1702,8.17185,1.00,1.00
2018.02.23 19:24:11.098,8.17018,8.17185,1.00,1.00
2018.02.23 19:24:12.607,8.17026,8.17185,1.00,1.00
2018.02.23 19:24:12.761,8.17028,8.17201,1.00,1.00
2018.02.23 19:24:12.812,8.17023,8.17201,1.00,1.50
2018.02.23 19:24:12.864,8.17028,8.17201,1.00,1.00
2018.02.23 19:24:14.304,8.17021,8.17198,1.00,1.00
2018.02.23 19:24:15.909,8.17021,8.17195,1.00,1.00
2018.02.23 19:24:16.344,8.17023,8.17195,1.00,1.00
2018.02.23 19:24:16.695,8.17018,8.17195,1.00,1.50
2018.02.23 19:24:16.853,8.17022,8.17195,1.00,1.00
2018.02.23 19:24:19.819,8.17005,8.17179,1.00,1.00
2018.02.23 19:24:19.870,8.17002,8.17179,1.00,1.00
2018.02.23 19:24:21.404,8.16999,8.17174,1.00,1.00
2018.02.23 19:24:21.753,8.16994,8.17161,1.00,1.00
2018.02.23 19:24:24.686,8.16998,8.17161,1.00,1.00
2018.02.23 19:24:25.583,8.16997,8.17161,1.00,1.00
2018.02.23 19:24:25.905,8.16989,8.17161,1.00,1.00
2018.02.23 19:24:25.957,8.16993,8.17161,1.00,1.00
2018.02.23 19:24:27.447,8.1698,8.17161,1.00,1.00
2018.02.23 19:24:28.042,8.16992,8.17161,1.00,1.00
2018.02.23 19:24:28.391,8.16998,8.17161,1.00,1.00
2018.02.23 19:24:31.130,8.16996,8.17161,1.00,1.00
2018.02.23 19:24:42.360,8.16992,8.17161,1.00,1.00
2018.02.23 19:24:43.928,8.16988,8.17161,1.00,1.00
2018.02.23 19:24:43.979,8.16981,8.17159,1.00,1.00
2018.02.23 19:24:44.095,8.1698,8.17154,1.00,1.00
2018.02.23 19:24:44.446,8.16972,8.17137,1.00,1.00
2018.02.23 19:24:46.123,8.16969,8.17137,1.00,1.00
2018.02.23 19:24:49.236,8.16964,8.17137,1.00,1.00
2018.02.23 19:24:51.436,8.16965,8.17137,1.00,1.00
2018.02.23 19:24:52.142,8.16972,8.17137,1.00,1.00
2018.02.23 19:24:54.052,8.16969,8.17137,1.00,1.00
2018.02.23 19:24:55.688,8.16967,8.17137,1.00,1.00
2018.02.23 19:24:56.945,8.16971,8.17137,1.00,1.00
2018.02.23 19:25:04.197,8.16973,8.17137,1.00,1.00
2018.02.23 19:25:05.912,8.1697,8.17137,1.00,1.00
2018.02.23 19:25:06.464,8.16973,8.17137,1.00,1.00
2018.02.23 19:25:12.784,8.16957,8.17121,1.00,1.00
2018.02.23 19:25:19.743,8.16959,8.17121,1.00,1.00
2018.02.23 19:25:20.042,8.16955,8.17121,1.00,1.00
2018.02.23 19:25:21.496,8.16952,8.17121,1.00,1.00
2018.02.23 19:25:22.250,8.16945,8.1712,1.00,1.00
2018.02.23 19:25:22.352,8.16945,8.17104,1.00,1.00
2018.02.23 19:25:23.056,8.16935,8.17104,1.00,1.00
2018.02.23 19:25:24.881,8.16931,8.17104,1.00,1.00
2018.02.23 19:25:26.786,8.16935,8.17104,1.00,1.00
2018.02.23 19:25:36.525,8.16933,8.17104,1.00,1.00
2018.02.23 19:25:38.406,8.16939,8.17104,1.00,1.00
2018.02.23 19:25:40.213,8.16935,8.17104,1.00,1.00
2018.02.23 19:25:42.035,8.16939,8.17104,1.00,1.00
2018.02.23 19:25:50.300,8.16957,8.17104,1.00,1.00
2018.02.23 19:25:50.351,8.16963,8.17129,1.00,1.00
2018.02.23 19:25:50.403,8.16967,8.17143,1.00,1.00
2018.02.23 19:25:51.169,8.16972,8.17146,1.00,1.00
2018.02.23 19:25:52.533,8.16982,8.17146,1.00,1.00
2018.02.23 19:25:52.636,8.17003,8.17178,1.00,1.00
2018.02.23 19:25:55.809,8.17006,8.17181,1.00,1.50
2018.02.23 19:25:59.844,8.17008,8.17183,1.00,1.00
2018.02.23 19:26:00.171,8.1701,8.17185,1.00,1.00
2018.02.23 19:26:01.274,8.17014,8.17187,1.00,1.50
2018.02.23 19:26:03.859,8.17019,8.17187,1.00,1.00
2018.02.23 19:26:03.917,8.17039,8.1721,1.00,1.00
2018.02.23 19:26:03.968,8.1705,8.17225,1.00,1.00
2018.02.23 19:26:04.121,8.17067,8.17242,1.00,1.00
2018.02.23 19:26:04.273,8.17055,8.17249,1.00,1.00
2018.02.23 19:26:04.933,8.17061,8.1726,1.00,1.00
2018.02.23 19:26:05.085,8.1706,8.17245,1.00,1.00
2018.02.23 19:26:05.395,8.17055,8.17239,1.00,1.00
2018.02.23 19:26:05.997,8.17053,8.17235,1.00,1.00
2018.02.23 19:26:06.199,8.1705,8.17235,1.00,1.00
2018.02.23 19:26:06.750,8.17051,8.17236,1.00,1.00
2018.02.23 19:26:09.540,8.17055,8.1724,1.00,1.00
2018.02.23 19:26:12.128,8.17058,8.17234,1.00,1.00
2018.02.23 19:26:21.614,8.17056,8.17231,1.00,1.00
2018.02.23 19:26:22.530,8.17054,8.17229,1.00,1.00
2018.02.23 19:26:24.219,8.17052,8.17227,1.00,1.00
2018.02.23 19:26:26.804,8.17063,8.17238,1.00,1.00
2018.02.23 19:26:27.134,8.1707,8.17245,1.00,1.00
2018.02.23 19:26:28.991,8.17059,8.17234,1.00,1.00
2018.02.23 19:26:29.370,8.17068,8.17243,1.00,1.00
2018.02.23 19:26:31.333,8.17072,8.17247,1.00,1.00
2018.02.23 19:26:36.689,8.17074,8.17249,1.00,1.00
2018.02.23 19:26:42.196,8.17068,8.17264,1.00,1.00
2018.02.23 19:26:42.247,8.17077,8.17264,1.00,1.00
2018.02.23 19:26:42.349,8.17077,8.17288,1.00,1.00
2018.02.23 19:26:42.451,8.17082,8.17288,1.00,1.00
2018.02.23 19:26:42.821,8.1713,8.17303,1.00,1.00
2018.02.23 19:26:43.023,8.17106,8.17292,1.00,1.00
2018.02.23 19:26:43.074,8.17136,8.17311,1.00,1.00
2018.02.23 19:26:43.402,8.17097,8.17289,1.00,1.00
2018.02.23 19:26:43.504,8.17097,8.17287,1.00,1.00
2018.02.23 19:26:45.146,8.17093,8.17275,1.00,1.00
2018.02.23 19:26:45.249,8.17061,8.17267,1.00,1.00
2018.02.23 19:26:45.725,8.17075,8.1725,1.00,1.00
2018.02.23 19:26:45.776,8.1706,8.17261,1.00,1.00
2018.02.23 19:26:45.901,8.1706,8.17252,1.00,1.00
2018.02.23 19:26:46.251,8.17077,8.17252,1.00,1.00
2018.02.23 19:26:46.556,8.1707,8.17245,1.00,1.00
2018.02.23 19:26:46.658,8.1706,8.1725,1.00,1.00
2018.02.23 19:26:46.710,8.17075,8.17278,1.00,1.00
2018.02.23 19:26:46.812,8.17128,8.1729,1.00,1.00
2018.02.23 19:26:46.864,8.17118,8.17287,1.00,1.00
2018.02.23 19:26:46.915,8.17077,8.17287,1.50,1.50
2018.02.23 19:26:46.966,8.17077,8.17271,1.50,1.00
2018.02.23 19:26:47.350,8.17077,8.17274,1.00,1.00
2018.02.23 19:26:47.656,8.17077,8.17258,1.00,1.00
2018.02.23 19:26:48.589,8.17079,8.17254,1.00,1.00
2018.02.23 19:26:49.018,8.17085,8.1726,1.00,1.00
2018.02.23 19:26:49.348,8.1708,8.17255,1.00,1.00
2018.02.23 19:26:50.014,8.17084,8.17259,1.00,1.00
2018.02.23 19:26:51.675,8.17085,8.1726,1.00,1.00
2018.02.23 19:26:52.571,8.17077,8.1725,1.50,1.00
2018.02.23 19:26:53.157,8.17077,8.17251,1.00,1.00
2018.02.23 19:27:00.473,8.1708,8.17255,1.00,1.00
2018.02.23 19:27:05.642,8.17077,8.17251,1.00,1.00
2018.02.23 19:27:06.705,8.17078,8.17253,1.00,1.00
2018.02.23 19:27:06.756,8.1708,8.17255,1.00,1.00
2018.02.23 19:27:07.105,8.17084,8.17259,1.00,1.00
2018.02.23 19:27:08.008,8.17081,8.17256,1.00,1.00
2018.02.23 19:27:10.936,8.17079,8.17254,1.00,1.00
2018.02.23 19:27:12.215,8.1708,8.17255,1.00,1.00
2018.02.23 19:27:16.424,8.17079,8.17254,1.00,1.00
2018.02.23 19:27:17.738,8.17077,8.17252,1.50,1.00
2018.02.23 19:27:18.710,8.17077,8.17246,1.00,1.00
2018.02.23 19:27:21.734,8.17076,8.17246,1.00,1.00
2018.02.23 19:27:22.445,8.17061,8.17236,1.00,1.00
2018.02.23 19:27:22.496,8.17067,8.17239,1.00,1.00
2018.02.23 19:27:25.992,8.17068,8.17239,1.00,1.00
2018.02.23 19:27:27.281,8.17065,8.17239,1.00,1.00
2018.02.23 19:27:30.418,8.17058,8.17221,1.00,1.00
2018.02.23 19:27:31.465,8.17059,8.17221,1.00,1.00
2018.02.23 19:27:35.192,8.17062,8.17221,1.00,1.00
2018.02.23 19:27:35.729,8.17065,8.17221,1.00,1.00
2018.02.23 19:27:36.087,8.17069,8.17221,1.00,1.00
2018.02.23 19:27:36.575,8.17071,8.17221,1.00,1.00
2018.02.23 19:27:36.764,8.17069,8.17221,1.00,1.00
2018.02.23 19:27:40.973,8.17072,8.17221,1.00,1.00
2018.02.23 19:27:41.488,8.17064,8.17221,1.00,1.00
2018.02.23 19:27:41.590,8.17059,8.17221,1.00,1.00
2018.02.23 19:27:41.642,8.17057,8.17198,1.00,1.00
2018.02.23 19:27:41.694,8.17055,8.17198,1.00,1.00
2018.02.23 19:27:41.795,8.17048,8.17198,1.00,1.00
2018.02.23 19:27:42.289,8.17044,8.17198,1.00,1.00
2018.02.23 19:27:43.131,8.17039,8.17198,1.00,1.00
2018.02.23 19:27:46.500,8.1704,8.17198,1.00,1.00
2018.02.23 19:27:47.687,8.17046,8.17198,1.00,1.00
2018.02.23 19:27:48.381,8.1704,8.17198,1.00,1.00
2018.02.23 19:27:51.794,8.17038,8.17198,1.00,1.00
2018.02.23 19:27:52.952,8.17043,8.17198,1.00,1.00
2018.02.23 19:27:53.277,8.17047,8.17198,1.00,1.00
2018.02.23 19:27:53.609,8.17051,8.17198,1.00,1.00
2018.02.23 19:27:53.925,8.17055,8.17198,1.00,1.00
2018.02.23 19:27:56.053,8.17056,8.17198,1.00,1.00
2018.02.23 19:27:56.640,8.17065,8.17215,1.00,1.00
2018.02.23 19:27:57.355,8.17068,8.17215,1.00,1.00
2018.02.23 19:28:01.531,8.1707,8.17215,1.00,1.00
2018.02.23 19:28:07.998,8.17089,8.17215,1.00,1.00
2018.02.23 19:28:08.049,8.17094,8.17235,1.00,1.00
2018.02.23 19:28:08.173,8.17098,8.17235,1.00,1.00
2018.02.23 19:28:08.709,8.17099,8.17235,1.00,1.00
2018.02.23 19:28:09.980,8.17103,8.17235,1.00,1.00
2018.02.23 19:28:10.283,8.17115,8.17267,1.00,1.00
2018.02.23 19:28:10.385,8.17099,8.17267,1.00,1.00
2018.02.23 19:28:10.486,8.17108,8.17267,1.00,1.00
2018.02.23 19:28:10.693,8.17099,8.17291,1.50,1.00
2018.02.23 19:28:10.745,8.17099,8.17273,1.00,1.00
2018.02.23 19:28:11.066,8.17108,8.17273,1.00,1.00
2018.02.23 19:28:11.433,8.17099,8.17273,1.00,1.00
2018.02.23 19:28:12.377,8.17101,8.17273,1.00,1.00
2018.02.23 19:28:14.075,8.17097,8.17272,1.00,1.00
2018.02.23 19:28:14.128,8.17092,8.17267,1.00,1.00
2018.02.23 19:28:14.357,8.17097,8.17273,1.00,1.50
2018.02.23 19:28:14.580,8.17091,8.17266,1.00,1.00
2018.02.23 19:28:19.602,8.17091,8.17255,1.00,1.00
2018.02.23 19:28:20.619,8.17091,8.17251,1.00,1.00
2018.02.23 19:28:21.867,8.17093,8.17251,1.00,1.00
2018.02.23 19:28:23.431,8.17097,8.17251,1.00,1.00
2018.02.23 19:28:27.365,8.17094,8.17251,1.00,1.00
2018.02.23 19:28:31.200,8.17099,8.17251,1.00,1.00
2018.02.23 19:28:36.885,8.17098,8.17251,1.00,1.00
2018.02.23 19:28:40.556,8.17103,8.17251,1.00,1.00
2018.02.23 19:28:41.104,8.17102,8.17251,1.00,1.00
2018.02.23 19:28:42.395,8.1711,8.17251,1.00,1.00
2018.02.23 19:28:43.183,8.17114,8.17251,1.00,1.00
2018.02.23 19:28:44.480,8.17111,8.17251,1.00,1.00
2018.02.23 19:28:46.533,8.17117,8.17251,1.00,1.00
2018.02.23 19:28:46.684,8.17127,8.1727,1.00,1.00
2018.02.23 19:28:46.736,8.17127,8.17286,1.00,1.00
2018.02.23 19:28:46.988,8.1713,8.17286,1.00,1.00
2018.02.23 19:28:47.173,8.17122,8.17286,1.00,1.00
2018.02.23 19:28:47.292,8.17132,8.17286,1.00,1.00
2018.02.23 19:28:47.445,8.17132,8.17292,1.00,1.00
2018.02.23 19:28:47.496,8.17122,8.17292,1.00,1.00
2018.02.23 19:28:47.668,8.17131,8.17292,1.00,1.00
2018.02.23 19:28:47.820,8.17123,8.17292,1.00,1.00
2018.02.23 19:28:48.023,8.17123,8.17314,1.00,1.00
2018.02.23 19:28:48.073,8.1714,8.17314,1.00,1.00
2018.02.23 19:28:48.276,8.17142,8.17317,1.00,1.00
2018.02.23 19:28:48.327,8.1714,8.17303,1.00,1.00
2018.02.23 19:28:48.378,8.17131,8.17303,1.00,1.00
2018.02.23 19:28:48.759,8.17122,8.17298,1.00,1.00
2018.02.23 19:28:48.912,8.17131,8.17303,1.00,1.00
2018.02.23 19:28:49.113,8.17121,8.17296,1.00,1.00
2018.02.23 19:28:49.215,8.17134,8.17303,1.00,1.00
2018.02.23 19:28:49.266,8.17124,8.17299,1.00,1.00
2018.02.23 19:28:49.317,8.17124,8.17282,1.00,1.00
2018.02.23 19:28:49.419,8.17124,8.17299,1.00,1.00
2018.02.23 19:28:51.965,8.17126,8.17299,1.00,1.00
2018.02.23 19:28:56.122,8.17124,8.17299,1.00,1.00
2018.02.23 19:28:57.455,8.1712,8.17295,1.00,1.00
2018.02.23 19:28:57.896,8.1712,8.17268,1.00,1.00
2018.02.23 19:28:58.199,8.17112,8.17287,1.00,1.00
2018.02.23 19:28:58.424,8.17112,8.17269,1.00,1.00
2018.02.23 19:28:58.784,8.17123,8.17263,1.00,1.00
2018.02.23 19:29:07.412,8.17124,8.17263,1.00,1.00
2018.02.23 19:29:07.614,8.17124,8.17284,1.00,1.00
2018.02.23 19:29:07.665,8.17129,8.17266,1.00,1.00
2018.02.23 19:29:07.818,8.17129,8.17286,1.00,1.00
2018.02.23 19:29:09.328,8.17131,8.17286,1.00,1.00
2018.02.23 19:29:11.194,8.17134,8.17286,1.00,1.00
2018.02.23 19:29:14.706,8.17137,8.17286,1.00,1.00
2018.02.23 19:29:15.737,8.1714,8.17286,1.00,1.00
2018.02.23 19:29:16.750,8.17141,8.17286,1.00,1.00
2018.02.23 19:29:19.692,8.17189,8.17286,1.00,1.00
2018.02.23 19:29:23.980,8.17186,8.17286,1.00,1.00
2018.02.23 19:29:27.114,8.17189,8.17286,1.00,1.00
2018.02.23 19:29:27.847,8.17185,8.17304,1.00,1.00
2018.02.23 19:29:30.723,8.17187,8.17304,1.00,1.00
2018.02.23 19:29:33.930,8.17184,8.17304,1.00,1.00
2018.02.23 19:29:34.395,8.17175,8.17304,1.00,1.00
2018.02.23 19:29:34.446,8.17175,8.17326,1.00,1.00
2018.02.23 19:29:34.701,8.17175,8.17345,1.00,1.00
2018.02.23 19:29:34.939,8.17175,8.17325,1.00,1.00
2018.02.23 19:29:35.281,8.17175,8.17345,1.00,1.00
2018.02.23 19:29:35.485,8.17176,8.17326,1.00,1.00
2018.02.23 19:29:35.838,8.17176,8.17334,1.00,1.00
2018.02.23 19:29:35.889,8.17171,8.17345,1.00,1.00
2018.02.23 19:29:35.940,8.17176,8.17345,1.00,1.00
2018.02.23 19:29:36.202,8.17171,8.17345,1.00,1.00
2018.02.23 19:29:36.565,8.17206,8.17345,1.00,1.00
2018.02.23 19:29:36.616,8.17206,8.17363,1.00,1.00
2018.02.23 19:29:36.667,8.17182,8.17363,1.00,1.00
2018.02.23 19:29:36.768,8.17205,8.17363,1.00,1.00
2018.02.23 19:29:37.107,8.17182,8.17363,1.00,1.00
2018.02.23 19:29:37.159,8.17176,8.17352,1.00,1.00
2018.02.23 19:29:37.316,8.17171,8.17352,1.00,1.00
2018.02.23 19:29:39.213,8.17167,8.17352,1.00,1.00
2018.02.23 19:29:39.416,8.17211,8.17352,1.00,1.00
2018.02.23 19:29:39.467,8.17167,8.17352,1.00,1.00
2018.02.23 19:29:39.732,8.17182,8.17352,1.00,1.00
2018.02.23 19:29:39.783,8.17182,8.17376,1.00,1.00
2018.02.23 19:29:40.870,8.17177,8.17376,1.00,1.00
2018.02.23 19:29:41.241,8.17177,8.17373,1.00,1.00
2018.02.23 19:29:41.783,8.17177,8.17371,1.00,1.00
2018.02.23 19:29:42.338,8.17177,8.1737,1.00,1.00
2018.02.23 19:29:42.861,8.17177,8.17362,1.00,1.00
2018.02.23 19:29:49.103,8.17177,8.17368,1.00,1.00
2018.02.23 19:29:51.459,8.17177,8.17364,1.00,1.00
2018.02.23 19:29:51.778,8.17168,8.17354,1.50,1.00
2018.02.23 19:29:51.987,8.17168,8.17363,1.50,1.00
2018.02.23 19:29:52.038,8.17171,8.17368,1.00,1.00
2018.02.23 19:29:52.302,8.17169,8.17368,1.00,1.00
2018.02.23 19:29:52.353,8.17169,8.17379,1.00,1.00
2018.02.23 19:29:52.960,8.17169,8.17361,1.00,1.00
2018.02.23 19:29:53.290,8.17177,8.17377,1.00,1.00
2018.02.23 19:29:53.341,8.1718,8.17379,1.00,1.00
2018.02.23 19:29:53.674,8.17186,8.1738,1.00,1.00
2018.02.23 19:29:54.033,8.17184,8.1738,1.00,1.00
2018.02.23 19:29:56.185,8.17184,8.17384,1.50,1.00
2018.02.23 19:29:56.972,8.17185,8.17385,1.00,1.00
2018.02.23 19:29:57.397,8.17184,8.1738,1.00,1.00
2018.02.23 19:29:57.977,8.17188,8.17383,1.00,1.00
2018.02.23 19:29:58.091,8.17184,8.1738,1.50,1.00
2018.02.23 19:30:00.123,8.17189,8.17384,1.00,1.00
2018.02.23 19:30:00.529,8.17185,8.1738,1.00,1.00
2018.02.23 19:30:01.318,8.17184,8.17375,1.00,1.00
2018.02.23 19:30:01.666,8.17199,8.17294,1.00,1.00
2018.02.23 19:30:01.998,8.17197,8.17291,1.00,1.00
2018.02.23 19:30:02.691,8.17197,8.17308,1.00,1.00
2018.02.23 19:30:03.257,8.17191,8.17308,1.00,1.00
2018.02.23 19:30:03.854,8.17192,8.17308,1.00,1.00
2018.02.23 19:30:04.609,8.17187,8.17322,1.00,1.00
2018.02.23 19:30:04.660,8.17187,8.17318,1.00,1.00
2018.02.23 19:30:04.963,8.17187,8.17315,1.00,1.00
2018.02.23 19:30:05.266,8.17198,8.17285,1.00,1.00
2018.02.23 19:30:05.528,8.17198,8.17287,1.00,1.50
2018.02.23 19:30:05.580,8.17199,8.17292,1.00,1.00
2018.02.23 19:30:05.631,8.17199,8.17287,1.00,1.50
2018.02.23 19:30:05.682,8.17199,8.17293,1.00,1.00
2018.02.23 19:30:05.959,8.17199,8.17286,1.00,1.00
2018.02.23 19:30:06.272,8.17199,8.17292,1.00,1.00
2018.02.23 19:30:06.424,8.172,8.17268,1.00,1.00
2018.02.23 19:30:07.004,8.17201,8.17268,1.00,1.00
2018.02.23 19:30:07.714,8.172,8.17268,1.00,1.00
2018.02.23 19:30:10.825,8.17202,8.17268,1.00,1.00
2018.02.23 19:30:11.680,8.17201,8.17268,1.00,1.00
2018.02.23 19:30:11.851,8.17198,8.17292,1.00,1.00
2018.02.23 19:30:11.902,8.17198,8.17296,1.00,1.00
2018.02.23 19:30:12.005,8.17195,8.17296,1.00,1.00
2018.02.23 19:30:12.056,8.17189,8.17312,1.00,1.00
2018.02.23 19:30:12.576,8.17189,8.17307,1.00,1.00
2018.02.23 19:30:14.092,8.17189,8.17315,1.00,1.00
2018.02.23 19:30:15.844,8.17189,8.17319,1.00,1.00
2018.02.23 19:30:15.895,8.17186,8.17319,1.00,1.00
2018.02.23 19:30:16.443,8.17186,8.17318,1.00,1.00
2018.02.23 19:30:16.597,8.17185,8.17312,1.00,1.00
2018.02.23 19:30:16.904,8.17194,8.17311,1.00,1.00
2018.02.23 19:30:19.365,8.17194,8.17295,1.00,1.00
2018.02.23 19:30:22.626,8.17196,8.17295,1.00,1.00
2018.02.23 19:30:22.729,8.17193,8.17295,1.00,1.00
2018.02.23 19:30:24.074,8.17193,8.17317,1.00,1.00
2018.02.23 19:30:24.126,8.17187,8.17331,1.00,1.00
2018.02.23 19:30:24.177,8.1718,8.1735,1.00,1.00
2018.02.23 19:30:24.228,8.17182,8.17341,1.00,1.00
2018.02.23 19:30:24.337,8.17182,8.17352,1.00,1.00
2018.02.23 19:30:24.388,8.17191,8.17361,1.00,1.00
2018.02.23 19:30:24.702,8.17183,8.17353,1.00,1.00
2018.02.23 19:30:25.007,8.17177,8.17344,1.00,1.00
2018.02.23 19:30:27.606,8.17177,8.17341,1.00,1.00
2018.02.23 19:30:31.813,8.17177,8.17339,1.00,1.00
2018.02.23 19:30:35.186,8.17176,8.17354,1.00,1.00
2018.02.23 19:30:35.237,8.17188,8.17358,1.00,1.50
2018.02.23 19:30:35.970,8.17179,8.17349,1.00,1.00
2018.02.23 19:30:36.569,8.17178,8.17348,1.00,1.00
2018.02.23 19:30:42.051,8.17187,8.17349,1.00,1.00
2018.02.23 19:30:42.773,8.17188,8.17349,1.00,1.00
2018.02.23 19:30:43.130,8.17181,8.17303,1.00,1.00
2018.02.23 19:30:43.181,8.17181,8.17309,1.00,1.00
2018.02.23 19:30:43.232,8.17189,8.17274,1.00,1.00
2018.02.23 19:30:43.375,8.17184,8.17317,1.00,1.00
2018.02.23 19:30:43.427,8.17175,8.17322,1.00,1.00
2018.02.23 19:30:44.142,8.17178,8.17322,1.00,1.00
2018.02.23 19:30:46.726,8.17183,8.17322,1.00,1.00
2018.02.23 19:30:48.978,8.17183,8.17319,1.00,1.00
2018.02.23 19:30:49.360,8.17186,8.17295,1.00,1.00
2018.02.23 19:30:50.248,8.17186,8.17313,1.00,1.00
2018.02.23 19:30:51.667,8.17186,8.17333,1.00,1.00
2018.02.23 19:30:52.204,8.17186,8.17332,1.00,1.00
2018.02.23 19:30:52.772,8.17181,8.17332,1.00,1.00
2018.02.23 19:30:54.143,8.1718,8.17336,1.00,1.00
2018.02.23 19:30:54.197,8.17177,8.17346,1.00,1.00
2018.02.23 19:30:54.248,8.17177,8.17333,1.00,1.00
2018.02.23 19:30:54.559,8.17181,8.17327,1.00,1.00
2018.02.23 19:30:54.904,8.17181,8.17315,1.00,1.00
2018.02.23 19:30:55.639,8.17181,8.17319,1.00,1.00
2018.02.23 19:30:56.354,8.17181,8.17309,1.00,1.00
2018.02.23 19:31:04.986,8.17185,8.17317,1.00,1.00
2018.02.23 19:31:05.036,8.17185,8.17309,1.00,1.00
2018.02.23 19:31:05.646,8.17185,8.17327,1.00,1.00
2018.02.23 19:31:07.184,8.17185,8.17326,1.00,1.00
2018.02.23 19:31:11.439,8.17185,8.17325,1.00,1.00
2018.02.23 19:31:12.696,8.17185,8.17328,1.00,1.00
2018.02.23 19:31:20.373,8.17182,8.17328,1.00,1.00
2018.02.23 19:31:30.834,8.1716,8.17328,1.00,1.00
2018.02.23 19:31:30.885,8.17184,8.17328,1.00,1.00
2018.02.23 19:31:33.951,8.17184,8.17321,1.00,1.00
2018.02.23 19:31:34.303,8.17184,8.17307,1.00,1.00
2018.02.23 19:31:40.831,8.17183,8.17307,1.00,1.00
2018.02.23 19:31:50.832,8.17185,8.17307,1.00,1.00
2018.02.23 19:31:51.408,8.17184,8.17307,1.00,1.00
2018.02.23 19:31:53.683,8.17188,8.17299,1.00,1.00
2018.02.23 19:31:56.482,8.17188,8.173,1.00,1.00
2018.02.23 19:31:57.464,8.17189,8.17294,1.00,1.00
2018.02.23 19:31:57.517,8.17189,8.17303,1.00,1.00
2018.02.23 19:31:57.930,8.17189,8.17295,1.00,1.00
2018.02.23 19:31:58.115,8.17187,8.17295,1.00,1.00
2018.02.23 19:31:58.217,8.17187,8.17303,1.00,1.00
2018.02.23 19:32:00.051,8.17187,8.17307,1.00,1.00
2018.02.23 19:32:02.613,8.17184,8.17307,1.00,1.00
2018.02.23 19:32:03.906,8.17186,8.17274,1.00,1.00
2018.02.23 19:32:04.060,8.17195,8.17286,1.00,1.00
2018.02.23 19:32:04.111,8.17195,8.17282,1.00,1.00
2018.02.23 19:32:04.162,8.17195,8.17303,1.00,1.00
2018.02.23 19:32:04.613,8.17192,8.17308,1.00,1.00
2018.02.23 19:32:06.459,8.17192,8.17306,1.00,1.00
2018.02.23 19:32:06.813,8.17189,8.17306,1.00,1.00
2018.02.23 19:32:07.922,8.17189,8.17308,1.00,1.00
2018.02.23 19:32:09.011,8.17187,8.17308,1.00,1.00
2018.02.23 19:32:10.115,8.17186,8.17308,1.00,1.00
2018.02.23 19:32:12.216,8.17185,8.17328,1.00,1.00
2018.02.23 19:32:12.267,8.17185,8.17326,1.00,1.00
2018.02.23 19:32:12.369,8.17185,8.17328,1.00,1.00
2018.02.23 19:32:13.831,8.17185,8.1732,1.00,1.00
2018.02.23 19:32:13.934,8.17187,8.17328,1.00,1.00
2018.02.23 19:32:13.986,8.1718,8.17328,1.00,1.00
2018.02.23 19:32:17.669,8.17184,8.17328,1.00,1.00
2018.02.23 19:32:17.906,8.17181,8.17327,1.00,1.00
2018.02.23 19:32:18.009,8.17181,8.17315,1.00,1.00
2018.02.23 19:32:18.315,8.17184,8.17315,1.00,1.00
2018.02.23 19:32:22.133,8.17184,8.17325,1.00,1.00
2018.02.23 19:32:22.337,8.17184,8.17322,1.00,1.00
2018.02.23 19:32:22.973,8.17187,8.17306,1.00,1.00
2018.02.23 19:32:23.097,8.17187,8.17324,1.00,1.00
2018.02.23 19:32:23.148,8.17187,8.17327,1.00,1.00
2018.02.23 19:32:23.386,8.17189,8.17327,1.00,1.00
2018.02.23 19:32:27.662,8.17185,8.17327,1.00,1.00
2018.02.23 19:32:30.216,8.17181,8.17327,1.00,1.00
2018.02.23 19:32:32.650,8.17183,8.17327,1.00,1.00
2018.02.23 19:32:37.071,8.17181,8.17327,1.00,1.00
2018.02.23 19:32:47.187,8.17182,8.17327,1.00,1.00
2018.02.23 19:32:47.238,8.17182,8.17349,1.00,1.00
2018.02.23 19:32:47.430,8.17192,8.17349,1.00,1.00
2018.02.23 19:32:47.532,8.17201,8.17371,1.00,1.00
2018.02.23 19:32:47.987,8.17201,8.17355,1.00,1.00
2018.02.23 19:32:52.395,8.17202,8.17355,1.00,1.00
2018.02.23 19:32:56.631,8.17203,8.17355,1.00,1.00
2018.02.23 19:32:57.905,8.17196,8.17355,1.00,1.00
2018.02.23 19:33:12.952,8.17197,8.17355,1.00,1.00
2018.02.23 19:33:17.180,8.17193,8.17355,1.00,1.00
2018.02.23 19:33:27.965,8.17197,8.17355,1.00,1.00
2018.02.23 19:33:37.484,8.17198,8.17355,1.00,1.00
2018.02.23 19:33:46.692,8.17196,8.17355,1.00,1.00
2018.02.23 19:33:46.743,8.17202,8.17374,1.00,1.00
2018.02.23 19:33:46.794,8.17196,8.17365,1.00,1.00
2018.02.23 19:33:46.955,8.17204,8.17385,1.00,1.00
2018.02.23 19:33:47.006,8.17254,8.17404,1.00,1.00
2018.02.23 19:33:47.057,8.17262,8.1743,1.00,1.00
2018.02.23 19:33:47.158,8.17268,8.1743,1.00,1.00
2018.02.23 19:33:47.461,8.17278,8.17436,1.00,1.00
2018.02.23 19:33:47.990,8.17287,8.17464,1.00,1.00
2018.02.23 19:33:48.382,8.17305,8.17472,1.00,1.00
2018.02.23 19:33:48.433,8.17305,8.17483,1.00,1.00
2018.02.23 19:33:48.483,8.17305,8.17472,1.00,1.00
2018.02.23 19:33:49.374,8.17296,8.17472,1.00,1.00
2018.02.23 19:33:50.867,8.17305,8.17472,1.00,1.00
2018.02.23 19:33:50.969,8.17305,8.17483,1.00,1.00
2018.02.23 19:33:51.489,8.17302,8.17479,1.00,1.00
2018.02.23 19:33:52.514,8.17303,8.17481,1.00,1.00
2018.02.23 19:33:52.972,8.173,8.17478,1.00,1.00
2018.02.23 19:33:55.353,8.17308,8.17486,1.00,1.00
2018.02.23 19:33:55.604,8.17238,8.17433,1.00,1.00
2018.02.23 19:33:55.706,8.1722,8.17433,1.00,1.00
2018.02.23 19:33:59.103,8.17264,8.17433,1.00,1.00
2018.02.23 19:33:59.154,8.17264,8.17442,1.00,1.00
2018.02.23 19:33:59.205,8.17275,8.17451,1.00,1.00
2018.02.23 19:33:59.256,8.17283,8.17461,1.00,1.00
2018.02.23 19:33:59.358,8.17283,8.17448,1.00,1.00
2018.02.23 19:33:59.499,8.17287,8.17464,1.00,1.00
2018.02.23 19:34:00.106,8.17284,8.1746,1.00,1.00
2018.02.23 19:34:00.161,8.17287,8.17464,1.00,1.00
2018.02.23 19:34:00.740,8.17297,8.17466,1.00,1.00
2018.02.23 19:34:02.233,8.17299,8.17466,1.00,1.00
2018.02.23 19:34:06.994,8.17257,8.17466,1.00,1.00
2018.02.23 19:34:09.049,8.17257,8.17462,1.00,1.00
2018.02.23 19:34:09.394,8.17251,8.17462,1.00,1.00
2018.02.23 19:34:09.445,8.17263,8.17441,1.00,1.00
2018.02.23 19:34:09.886,8.17253,8.17429,1.00,1.00
2018.02.23 19:34:10.218,8.17263,8.17429,1.00,1.00
2018.02.23 19:34:10.784,8.17251,8.17429,1.00,1.50
2018.02.23 19:34:11.306,8.17242,8.17419,1.00,1.00
2018.02.23 19:34:11.798,8.17244,8.17422,1.00,1.00
2018.02.23 19:34:13.148,8.17245,8.17423,1.00,1.00
2018.02.23 19:34:13.452,8.17271,8.17446,1.00,1.00
2018.02.23 19:34:13.503,8.17249,8.17448,1.00,1.50
2018.02.23 19:34:13.616,8.17265,8.17441,1.00,1.00
2018.02.23 19:34:13.667,8.17249,8.17448,1.00,1.50
2018.02.23 19:34:14.003,8.17251,8.17448,1.00,1.00
2018.02.23 19:34:14.437,8.17249,8.17448,1.00,1.50
2018.02.23 19:34:14.489,8.17231,8.17413,1.00,1.00
2018.02.23 19:34:14.794,8.17188,8.17383,1.57,1.00
2018.02.23 19:34:14.947,8.17191,8.17386,1.37,1.00
2018.02.23 19:34:15.147,8.17193,8.17392,1.37,1.00
2018.02.23 19:34:15.473,8.17191,8.17402,1.37,1.00
2018.02.23 19:34:18.496,8.17193,8.1738,1.30,1.00
2018.02.23 19:34:18.819,8.17206,8.17363,1.16,1.00
2018.02.23 19:34:19.407,8.17202,8.17363,1.16,1.00
2018.02.23 19:34:19.896,8.17194,8.17363,1.30,1.00
2018.02.23 19:34:19.998,8.17189,8.17346,1.49,1.00
2018.02.23 19:34:20.344,8.17178,8.17343,1.87,1.00
2018.02.23 19:34:24.709,8.17179,8.17343,1.41,1.00
2018.02.23 19:34:27.688,8.17188,8.17344,1.37,1.00
2018.02.23 19:34:27.740,8.17195,8.17363,1.30,1.00
2018.02.23 19:34:27.792,8.17186,8.17383,1.73,1.00
2018.02.23 19:34:28.105,8.17187,8.17392,1.67,1.00
2018.02.23 19:34:28.156,8.17187,8.17401,1.64,1.00
2018.02.23 19:34:30.007,8.172,8.17399,1.00,1.00
2018.02.23 19:34:30.311,8.17208,8.17364,1.00,1.00
2018.02.23 19:34:30.464,8.172,8.17364,1.00,1.00
2018.02.23 19:34:31.519,8.17203,8.17364,1.00,1.00
2018.02.23 19:34:32.293,8.17206,8.17364,1.00,1.00
2018.02.23 19:34:32.616,8.17215,8.17364,1.00,1.00
2018.02.23 19:34:32.667,8.17206,8.17364,1.00,1.00
2018.02.23 19:34:35.083,8.172,8.17364,1.00,1.00
2018.02.23 19:34:35.228,8.17197,8.17347,1.30,1.00
2018.02.23 19:34:35.968,8.17197,8.17347,1.30,1.00
2018.02.23 19:34:47.033,8.17199,8.17347,1.00,1.00
2018.02.23 19:34:47.535,8.17198,8.17347,1.05,1.00
2018.02.23 19:34:48.994,8.17206,8.1736,1.00,1.00
2018.02.23 19:34:49.045,8.17208,8.1736,1.00,1.00
2018.02.23 19:34:49.097,8.17207,8.1738,1.00,1.00
2018.02.23 19:34:49.350,8.17217,8.17398,1.00,1.00
2018.02.23 19:34:49.997,8.1722,8.1738,1.00,1.00
2018.02.23 19:34:50.308,8.17212,8.17362,1.00,1.00
2018.02.23 19:34:52.425,8.17208,8.17362,1.00,1.00
2018.02.23 19:34:52.622,8.17213,8.17362,1.00,1.00
2018.02.23 19:34:52.674,8.17209,8.17362,1.00,1.00
2018.02.23 19:34:53.947,8.17205,8.17362,1.00,1.00
2018.02.23 19:34:56.520,8.17211,8.17362,1.00,1.00
2018.02.23 19:34:56.888,8.17205,8.17381,1.00,1.00
2018.02.23 19:34:56.939,8.17219,8.174,1.00,1.00
2018.02.23 19:34:56.991,8.17208,8.17381,1.00,1.00
2018.02.23 19:34:57.154,8.17219,8.174,1.00,1.00
2018.02.23 19:34:57.413,8.17208,8.1738,1.00,1.00
2018.02.23 19:34:57.568,8.17205,8.1738,1.00,1.00
2018.02.23 19:35:00.245,8.17218,8.1738,1.00,1.00
2018.02.23 19:35:00.546,8.17242,8.17399,1.00,1.00
2018.02.23 19:35:02.501,8.17249,8.17399,1.00,1.00
2018.02.23 19:35:02.553,8.17259,8.17415,1.00,1.00
2018.02.23 19:35:02.658,8.1724,8.17415,1.00,1.00
2018.02.23 19:35:02.709,8.1725,8.17421,1.00,1.00
2018.02.23 19:35:02.862,8.17234,8.17419,1.00,1.00
2018.02.23 19:35:03.263,8.17238,8.17419,1.00,1.00
2018.02.23 19:35:03.314,8.17212,8.17403,1.00,1.00
2018.02.23 19:35:03.568,8.1721,8.17397,1.00,1.00
2018.02.23 19:35:03.890,8.17192,8.17383,1.30,1.00
2018.02.23 19:35:04.191,8.17191,8.17351,1.30,1.00
2018.02.23 19:35:08.332,8.17192,8.17367,1.30,1.00
2018.02.23 19:35:08.383,8.17224,8.17367,1.00,1.00
2018.02.23 19:35:08.434,8.17231,8.17385,1.00,1.00
2018.02.23 19:35:08.535,8.17241,8.17404,1.00,1.00
2018.02.23 19:35:08.586,8.17226,8.17404,1.00,1.00
2018.02.23 19:35:09.002,8.17243,8.17404,1.00,1.00
2018.02.23 19:35:09.370,8.17233,8.17386,1.00,1.00
2018.02.23 19:35:09.753,8.17242,8.17404,1.00,1.00
2018.02.23 19:35:10.280,8.17242,8.17386,1.00,1.00
2018.02.23 19:35:10.331,8.17242,8.17404,1.00,1.00
2018.02.23 19:35:10.383,8.17233,8.17386,1.00,1.00
2018.02.23 19:35:10.485,8.17243,8.17404,1.00,1.00
2018.02.23 19:35:10.536,8.17238,8.17386,1.00,1.00
2018.02.23 19:35:10.588,8.17238,8.17404,1.00,1.00
2018.02.23 19:35:10.639,8.17238,8.17386,1.00,1.00
2018.02.23 19:35:10.799,8.17246,8.17404,1.00,1.00
2018.02.23 19:35:10.850,8.17246,8.1741,1.00,1.00
2018.02.23 19:35:11.240,8.17237,8.17392,1.00,1.00
2018.02.23 19:35:11.913,8.17236,8.17392,1.00,1.00
2018.02.23 19:35:13.183,8.17234,8.17392,1.00,1.00
2018.02.23 19:35:17.428,8.17233,8.17392,1.00,1.00
2018.02.23 19:35:18.080,8.17233,8.17385,1.00,1.00
2018.02.23 19:35:22.053,8.1722,8.17385,1.00,1.00
2018.02.23 19:35:22.204,8.1722,8.17366,1.00,1.00
2018.02.23 19:35:22.357,8.1722,8.17384,1.00,1.00
2018.02.23 19:35:22.458,8.17186,8.17365,1.00,1.00
2018.02.23 19:35:22.578,8.17184,8.17348,1.00,1.00
2018.02.23 19:35:22.730,8.1715,8.17328,1.00,1.00
2018.02.23 19:35:26.926,8.17158,8.1733,1.00,1.00
2018.02.23 19:35:28.205,8.17161,8.1733,1.00,1.00
2018.02.23 19:35:30.072,8.1718,8.1733,1.00,1.00
2018.02.23 19:35:30.124,8.17195,8.17347,1.00,1.00
2018.02.23 19:35:30.228,8.17202,8.17347,1.00,1.00
2018.02.23 19:35:30.280,8.17212,8.17368,1.00,1.00
2018.02.23 19:35:30.332,8.17216,8.17387,1.00,1.00
2018.02.23 19:35:30.383,8.17221,8.17387,1.00,1.00
2018.02.23 19:35:30.659,8.17211,8.17387,1.00,1.00
2018.02.23 19:35:30.710,8.17206,8.17387,1.50,1.00
2018.02.23 19:35:30.962,8.17211,8.17387,1.00,1.00
2018.02.23 19:35:31.013,8.17206,8.17387,1.00,1.00
2018.02.23 19:35:32.225,8.1722,8.17387,1.00,1.00
2018.02.23 19:35:32.327,8.17213,8.17387,1.00,1.00
2018.02.23 19:35:32.508,8.17207,8.17387,1.00,1.00
2018.02.23 19:35:32.610,8.17212,8.17387,1.00,1.00
2018.02.23 19:35:34.167,8.1722,8.17387,1.00,1.00
2018.02.23 19:35:34.470,8.17243,8.17403,1.00,1.00
2018.02.23 19:35:34.628,8.17254,8.1742,1.00,1.00
2018.02.23 19:35:37.724,8.17253,8.1742,1.00,1.00
2018.02.23 19:35:40.687,8.17253,8.17426,1.00,1.00
2018.02.23 19:35:41.828,8.1726,8.17426,1.00,1.00
2018.02.23 19:35:41.880,8.17254,8.17426,1.00,1.00
2018.02.23 19:35:42.158,8.1726,8.17426,1.00,1.00
2018.02.23 19:35:43.236,8.17255,8.17426,1.00,1.00
2018.02.23 19:35:52.420,8.17261,8.17426,1.00,1.00
2018.02.23 19:35:52.471,8.17265,8.17443,1.00,1.00
2018.02.23 19:35:52.521,8.17276,8.17435,1.00,1.00
2018.02.23 19:35:52.572,8.17276,8.17453,1.00,1.00
2018.02.23 19:35:52.623,8.17272,8.1745,1.00,1.00
2018.02.23 19:35:52.724,8.17281,8.17453,1.00,1.00
2018.02.23 19:35:52.926,8.17282,8.17496,1.00,1.00
2018.02.23 19:35:52.977,8.17288,8.17496,1.00,1.00
2018.02.23 19:35:53.281,8.17317,8.17517,1.00,1.50
2018.02.23 19:35:53.489,8.17293,8.17498,1.00,1.00
2018.02.23 19:35:53.692,8.17281,8.1748,1.00,1.00
2018.02.23 19:35:54.016,8.17292,8.1747,1.00,1.00
2018.02.23 19:35:54.331,8.17284,8.17461,1.00,1.00
2018.02.23 19:35:54.770,8.17284,8.17458,1.00,1.00
2018.02.23 19:35:54.821,8.17273,8.17451,1.00,1.00
2018.02.23 19:35:55.710,8.17266,8.17443,1.00,1.00
2018.02.23 19:35:55.761,8.17261,8.17439,1.00,1.00
2018.02.23 19:35:55.813,8.17274,8.17452,1.00,1.00
2018.02.23 19:35:56.140,8.17265,8.17443,1.00,1.00
2018.02.23 19:35:56.443,8.17267,8.17443,1.00,1.00
2018.02.23 19:35:56.774,8.1727,8.17448,1.00,1.00
2018.02.23 19:35:57.405,8.17266,8.17444,1.00,1.00
2018.02.23 19:35:58.265,8.17267,8.17445,1.00,1.00
2018.02.23 19:35:59.099,8.17274,8.1745,1.00,1.00
2018.02.23 19:36:00.154,8.17263,8.17441,1.00,1.00
2018.02.23 19:36:00.205,8.17256,8.17435,1.00,1.00
2018.02.23 19:36:01.179,8.17238,8.17435,1.00,1.00
2018.02.23 19:36:01.232,8.17241,8.17433,1.00,1.00
2018.02.23 19:36:02.351,8.17227,8.17406,1.00,1.00
2018.02.23 19:36:02.920,8.17233,8.17406,1.00,1.00
2018.02.23 19:36:03.644,8.17242,8.17406,1.00,1.00
2018.02.23 19:36:05.716,8.17242,8.17397,1.00,1.00
2018.02.23 19:36:05.767,8.17228,8.17397,1.00,1.00
2018.02.23 19:36:07.818,8.17227,8.17397,1.00,1.00
2018.02.23 19:36:09.526,8.1724,8.17397,1.00,1.00
2018.02.23 19:36:22.814,8.17242,8.17397,1.00,1.00
2018.02.23 19:36:31.844,8.17254,8.17397,1.00,1.00
2018.02.23 19:36:31.896,8.17254,8.17412,1.00,1.00
2018.02.23 19:36:35.215,8.17258,8.17412,1.00,1.00
2018.02.23 19:36:37.844,8.17257,8.17412,1.00,1.00
2018.02.23 19:36:38.410,8.17253,8.17412,1.00,1.00
2018.02.23 19:36:43.355,8.17246,8.17412,1.00,1.00
2018.02.23 19:36:43.407,8.17242,8.17412,1.00,1.00
2018.02.23 19:36:44.370,8.17247,8.17412,1.00,1.00
2018.02.23 19:36:44.526,8.17264,8.17433,1.00,1.00
2018.02.23 19:36:45.988,8.17268,8.17433,1.00,1.00
2018.02.23 19:36:46.629,8.17276,8.17433,1.00,1.00
2018.02.23 19:36:46.731,8.17299,8.1748,1.00,1.00
2018.02.23 19:36:46.984,8.17316,8.17525,1.00,1.00
2018.02.23 19:36:47.035,8.17373,8.17526,1.00,1.00
2018.02.23 19:36:47.136,8.17376,8.17547,1.00,1.00
2018.02.23 19:36:47.238,8.1738,8.17547,1.00,1.00
2018.02.23 19:36:47.543,8.17382,8.17547,1.00,1.00
2018.02.23 19:36:47.645,8.17383,8.1756,1.00,1.00
2018.02.23 19:36:47.886,8.17387,8.17563,1.00,1.00
2018.02.23 19:36:49.800,8.17393,8.17563,1.00,1.00
2018.02.23 19:36:50.136,8.1739,8.17563,1.00,1.00
2018.02.23 19:36:50.937,8.17364,8.17548,1.00,1.00
2018.02.23 19:36:50.988,8.17364,8.17527,1.00,1.00
2018.02.23 19:36:51.205,8.17345,8.17522,1.00,1.00
2018.02.23 19:36:52.205,8.1734,8.17514,1.00,1.00
2018.02.23 19:36:52.765,8.17336,8.17514,1.00,1.00
2018.02.23 19:36:53.383,8.17326,8.17504,1.00,1.00
2018.02.23 19:36:57.375,8.17334,8.17511,1.00,1.00
2018.02.23 19:36:57.698,8.1734,8.17517,1.00,1.00
2018.02.23 19:36:58.272,8.1734,8.17508,1.00,1.00
2018.02.23 19:36:58.323,8.1734,8.17532,1.00,1.00
2018.02.23 19:36:58.374,8.17337,8.17532,1.00,1.00
2018.02.23 19:36:58.475,8.17356,8.17552,1.00,1.00
2018.02.23 19:36:58.765,8.17356,8.17568,1.00,1.00
2018.02.23 19:36:59.512,8.17371,8.17568,1.00,1.00
2018.02.23 19:36:59.821,8.17371,8.17561,1.00,1.00
2018.02.23 19:37:00.264,8.17371,8.17556,1.00,1.00
2018.02.23 19:37:00.690,8.17357,8.17556,1.00,1.00
2018.02.23 19:37:01.293,8.17332,8.17537,1.00,1.00
2018.02.23 19:37:01.456,8.1734,8.17518,1.00,1.00
2018.02.23 19:37:01.761,8.17333,8.17511,1.00,1.00
2018.02.23 19:37:02.248,8.17333,8.17509,1.00,1.00
2018.02.23 19:37:02.299,8.17324,8.17501,1.00,1.00
2018.02.23 19:37:04.498,8.17343,8.17518,1.00,1.00
2018.02.23 19:37:04.785,8.17328,8.17529,1.00,1.00
2018.02.23 19:37:04.837,8.17356,8.17545,1.00,1.00
2018.02.23 19:37:05.942,8.17356,8.17559,1.00,1.00
2018.02.23 19:37:07.141,8.17356,8.17527,1.00,1.00
2018.02.23 19:37:07.438,8.17342,8.17519,1.00,1.00
2018.02.23 19:37:07.540,8.17333,8.17509,1.00,1.00
2018.02.23 19:37:07.692,8.17325,8.17503,1.00,1.00
2018.02.23 19:37:08.458,8.17332,8.1751,1.00,1.50
2018.02.23 19:37:08.832,8.17325,8.17503,1.00,1.00
2018.02.23 19:37:11.859,8.17316,8.17494,1.00,1.00
2018.02.23 19:37:11.910,8.17298,8.17484,1.00,1.00
2018.02.23 19:37:12.011,8.17285,8.17484,1.00,1.00
2018.02.23 19:37:12.150,8.17285,8.17488,1.00,1.00
2018.02.23 19:37:12.201,8.17285,8.17486,1.00,1.00
2018.02.23 19:37:12.554,8.17315,8.17486,1.00,1.00
2018.02.23 19:37:13.438,8.17319,8.17486,1.00,1.00
2018.02.23 19:37:18.261,8.1731,8.17486,1.00,1.00
2018.02.23 19:37:18.715,8.17318,8.17486,1.00,1.00
2018.02.23 19:37:19.610,8.17314,8.17486,1.00,1.00
2018.02.23 19:37:19.712,8.17314,8.17477,1.00,1.00
2018.02.23 19:37:20.016,8.17318,8.17477,1.00,1.00
2018.02.23 19:37:20.252,8.1731,8.17477,1.00,1.00
2018.02.23 19:37:20.508,8.1731,8.17471,1.00,1.00
2018.02.23 19:37:23.433,8.17314,8.17471,1.00,1.00
2018.02.23 19:37:27.143,8.17312,8.17471,1.00,1.00
2018.02.23 19:37:28.445,8.17317,8.17471,1.00,1.00
2018.02.23 19:37:28.872,8.17319,8.17471,1.00,1.00
2018.02.23 19:37:32.653,8.17313,8.17471,1.00,1.00
2018.02.23 19:37:36.409,8.17306,8.17471,1.00,1.00
2018.02.23 19:37:36.460,8.17306,8.17444,1.00,1.00
2018.02.23 19:37:36.829,8.17304,8.17444,1.00,1.00
2018.02.23 19:37:37.965,8.17305,8.17444,1.00,1.00
2018.02.23 19:37:42.163,8.17305,8.17465,1.00,1.00
2018.02.23 19:37:43.475,8.17313,8.17465,1.00,1.00
2018.02.23 19:37:52.670,8.17328,8.17483,1.00,1.00
2018.02.23 19:37:52.721,8.17323,8.17483,1.00,1.00
2018.02.23 19:37:52.772,8.17332,8.17483,1.00,1.00
2018.02.23 19:37:53.171,8.17334,8.17483,1.00,1.00
2018.02.23 19:37:53.405,8.17325,8.17483,1.00,1.00
2018.02.23 19:37:53.456,8.17329,8.17483,1.00,1.00
2018.02.23 19:37:53.630,8.17315,8.17483,1.00,1.00
2018.02.23 19:37:53.988,8.17322,8.17483,1.00,1.00
2018.02.23 19:37:54.039,8.17329,8.175,1.00,1.00
2018.02.23 19:37:54.091,8.17321,8.17497,1.00,1.00
2018.02.23 19:37:54.192,8.17319,8.17483,1.00,1.00
2018.02.23 19:37:54.356,8.17314,8.17483,1.00,1.00
2018.02.23 19:37:56.045,8.17318,8.17483,1.00,1.00
2018.02.23 19:37:57.203,8.17321,8.17483,1.00,1.00
2018.02.23 19:37:58.507,8.17324,8.17483,1.00,1.00
2018.02.23 19:38:02.098,8.17321,8.17483,1.00,1.00
2018.02.23 19:38:02.149,8.17318,8.17483,1.00,1.00
2018.02.23 19:38:02.755,8.17319,8.17483,1.00,1.00
2018.02.23 19:38:05.522,8.17316,8.17483,1.00,1.00
2018.02.23 19:38:10.533,8.1728,8.17461,1.00,1.00
2018.02.23 19:38:10.585,8.17275,8.17437,1.30,1.00
2018.02.23 19:38:15.723,8.17278,8.17459,1.05,1.00
2018.02.23 19:38:15.774,8.17291,8.17459,1.00,1.00
2018.02.23 19:38:16.108,8.17282,8.17457,1.00,1.00
2018.02.23 19:38:16.210,8.17278,8.17441,1.05,1.00
2018.02.23 19:38:17.753,8.17283,8.17441,1.00,1.00
2018.02.23 19:38:17.804,8.1728,8.17441,1.00,1.00
2018.02.23 19:38:19.286,8.17289,8.17461,1.00,1.00
2018.02.23 19:38:19.446,8.1728,8.17461,1.00,1.00
2018.02.23 19:38:19.497,8.17287,8.17461,1.00,1.00
2018.02.23 19:38:21.236,8.17287,8.17443,1.00,1.00
2018.02.23 19:38:21.576,8.17295,8.17443,1.00,1.00
2018.02.23 19:38:21.669,8.17279,8.17443,1.00,1.00
2018.02.23 19:38:22.920,8.17275,8.17443,1.30,1.00
2018.02.23 19:38:24.643,8.17279,8.17443,1.00,1.00
2018.02.23 19:38:24.693,8.17288,8.17443,1.00,1.00
2018.02.23 19:38:24.744,8.17279,8.17443,1.00,1.00
2018.02.23 19:38:24.795,8.17282,8.17443,1.00,1.00
2018.02.23 19:38:24.896,8.17265,8.17443,1.37,1.00
2018.02.23 19:38:25.429,8.17265,8.17443,1.37,1.00
2018.02.23 19:38:26.071,8.17265,8.17443,1.37,1.00
2018.02.23 19:38:30.202,8.17265,8.17443,1.37,1.00
2018.02.23 19:38:42.216,8.17292,8.17443,1.00,1.00
2018.02.23 19:38:43.595,8.17296,8.17443,1.00,1.00
2018.02.23 19:38:44.529,8.173,8.17443,1.00,1.00
2018.02.23 19:38:45.455,8.17284,8.17443,1.00,1.00
2018.02.23 19:38:45.506,8.17276,8.17443,1.30,1.00
2018.02.23 19:38:46.648,8.17293,8.17443,1.00,1.00
2018.02.23 19:38:58.674,8.17295,8.17443,1.00,1.00
2018.02.23 19:39:01.373,8.1729,8.17443,1.00,1.00
2018.02.23 19:39:10.068,8.17283,8.17443,1.00,1.00
2018.02.23 19:39:10.176,8.17265,8.17443,1.30,1.00
2018.02.23 19:39:13.956,8.17297,8.1746,1.00,1.00
2018.02.23 19:39:14.321,8.17299,8.1746,1.00,1.00
2018.02.23 19:39:17.878,8.17297,8.1746,1.00,1.00
2018.02.23 19:39:18.182,8.17288,8.1746,1.00,1.00
2018.02.23 19:39:20.116,8.17292,8.1746,1.00,1.00
2018.02.23 19:39:22.636,8.17295,8.1746,1.00,1.00
2018.02.23 19:39:25.837,8.17291,8.1746,1.00,1.00
2018.02.23 19:39:26.623,8.17296,8.1746,1.00,1.00
2018.02.23 19:39:26.854,8.17331,8.175,1.00,1.00
2018.02.23 19:39:26.905,8.17331,8.17519,1.00,1.00
2018.02.23 19:39:26.957,8.17341,8.17519,1.00,1.00
2018.02.23 19:39:27.008,8.17341,8.17528,1.00,1.00
2018.02.23 19:39:27.059,8.17338,8.17528,1.00,1.00
2018.02.23 19:39:27.161,8.17346,8.17524,1.00,1.00
2018.02.23 19:39:27.212,8.17337,8.17528,1.00,1.00
2018.02.23 19:39:27.925,8.17343,8.17528,1.00,1.00
2018.02.23 19:39:27.976,8.17328,8.17528,1.00,1.00
2018.02.23 19:39:28.027,8.17328,8.17504,1.00,1.00
2018.02.23 19:39:28.539,8.17334,8.17504,1.00,1.00
2018.02.23 19:39:29.073,8.17335,8.17504,1.00,1.00
2018.02.23 19:39:31.505,8.17339,8.17504,1.00,1.00
2018.02.23 19:39:31.847,8.17331,8.17504,1.00,1.00
2018.02.23 19:39:32.906,8.17325,8.17504,1.00,1.00
2018.02.23 19:39:37.096,8.17324,8.17504,1.00,1.00
2018.02.23 19:39:37.704,8.17325,8.17504,1.00,1.00
2018.02.23 19:39:37.755,8.17337,8.17531,1.00,1.00
2018.02.23 19:39:37.863,8.17345,8.17531,1.00,1.00
2018.02.23 19:39:38.189,8.17351,8.17529,1.00,1.00
2018.02.23 19:39:38.831,8.1735,8.17532,1.00,1.00
2018.02.23 19:39:38.884,8.17351,8.17529,1.00,1.00
2018.02.23 19:39:39.205,8.17361,8.17532,1.00,1.00
2018.02.23 19:39:40.071,8.17352,8.1753,1.00,1.00
2018.02.23 19:39:41.113,8.17364,8.17532,1.00,1.00
2018.02.23 19:39:41.381,8.17355,8.17532,1.00,1.00
2018.02.23 19:39:41.590,8.17357,8.17532,1.00,1.00
2018.02.23 19:39:41.641,8.17349,8.17532,1.00,1.00
2018.02.23 19:39:42.150,8.17332,8.17532,1.00,1.00
2018.02.23 19:39:42.201,8.17332,8.175,1.00,1.00
2018.02.23 19:39:42.302,8.17332,8.1752,1.00,1.00
2018.02.23 19:39:42.906,8.17333,8.1752,1.00,1.00
2018.02.23 19:39:43.716,8.17336,8.1752,1.00,1.00
2018.02.23 19:39:46.366,8.17331,8.1752,1.00,1.00
2018.02.23 19:39:46.417,8.17324,8.1752,1.00,1.00
2018.02.23 19:39:46.468,8.17324,8.17503,1.00,1.00
2018.02.23 19:39:46.789,8.17322,8.17494,1.00,1.00
2018.02.23 19:39:47.907,8.17326,8.17494,1.00,1.00
2018.02.23 19:39:49.080,8.17333,8.17494,1.00,1.00
2018.02.23 19:39:49.233,8.17343,8.17521,1.00,1.50
2018.02.23 19:39:49.560,8.17366,8.17542,1.00,1.50
2018.02.23 19:39:49.764,8.17368,8.17552,1.00,1.00
2018.02.23 19:39:49.815,8.17368,8.17569,1.00,1.50
2018.02.23 19:39:50.041,8.17391,8.17569,1.00,1.50
2018.02.23 19:39:53.234,8.17391,8.1757,1.00,1.00
2018.02.23 19:39:58.224,8.17391,8.17577,1.00,1.00
2018.02.23 19:39:58.747,8.17391,8.17589,1.00,1.00
2018.02.23 19:39:59.521,8.17391,8.17586,1.00,1.00
2018.02.23 19:39:59.733,8.17359,8.17556,1.00,1.00
2018.02.23 19:39:59.892,8.17359,8.17554,1.00,1.00
2018.02.23 19:40:01.138,8.17359,8.17548,1.00,1.00
2018.02.23 19:40:02.587,8.17359,8.17552,1.00,1.00
2018.02.23 19:40:02.953,8.17359,8.17548,1.00,1.00
2018.02.23 19:40:05.921,8.17359,8.17552,1.00,1.00
2018.02.23 19:40:05.973,8.17359,8.1756,1.00,1.00
2018.02.23 19:40:08.264,8.17359,8.17559,1.00,1.00
2018.02.23 19:40:08.733,8.17372,8.17559,1.00,1.00
2018.02.23 19:40:12.365,8.17372,8.17556,1.00,1.00
2018.02.23 19:40:13.637,8.17372,8.17541,1.00,1.00
2018.02.23 19:40:13.790,8.17338,8.1753,1.00,1.50
2018.02.23 19:40:16.584,8.1734,8.1753,1.00,1.00
2018.02.23 19:40:17.623,8.1736,8.1753,1.00,1.00
2018.02.23 19:40:17.948,8.17368,8.1753,1.00,1.00
2018.02.23 19:40:18.027,8.17368,8.17545,1.00,1.00
2018.02.23 19:40:18.078,8.17348,8.17526,1.00,1.50
2018.02.23 19:40:18.129,8.17348,8.1752,1.00,1.00
2018.02.23 19:40:18.458,8.1734,8.17496,1.00,1.00
2018.02.23 19:40:18.930,8.17331,8.17496,1.00,1.00
2018.02.23 19:40:19.810,8.17331,8.17503,1.00,1.00
2018.02.23 19:40:22.040,8.17319,8.17503,1.00,1.00
2018.02.23 19:40:22.709,8.1732,8.17498,1.00,1.00
2018.02.23 19:40:22.963,8.17343,8.17524,1.00,1.00
2018.02.23 19:40:23.216,8.17361,8.17524,1.00,1.00
2018.02.23 19:40:24.032,8.17361,8.17506,1.00,1.00
2018.02.23 19:40:24.133,8.17352,8.17506,1.00,1.00
2018.02.23 19:40:24.189,8.1734,8.17506,1.00,1.00
2018.02.23 19:40:24.442,8.1734,8.17483,1.00,1.00
2018.02.23 19:40:25.105,8.17331,8.17483,1.00,1.00
2018.02.23 19:40:28.805,8.17332,8.17483,1.00,1.00
2018.02.23 19:40:30.946,8.17329,8.17483,1.00,1.00
2018.02.23 19:40:31.363,8.17321,8.17483,1.00,1.00
2018.02.23 19:40:34.387,8.17327,8.175,1.00,1.00
2018.02.23 19:40:34.539,8.1734,8.17521,1.00,1.00
2018.02.23 19:40:42.044,8.17354,8.17521,1.00,1.00
2018.02.23 19:40:42.532,8.17352,8.17521,1.00,1.00
2018.02.23 19:40:44.178,8.1734,8.17521,1.00,1.00
2018.02.23 19:40:44.229,8.17339,8.175,1.00,1.00
2018.02.23 19:40:44.331,8.17334,8.175,1.00,1.00
2018.02.23 19:40:44.729,8.17325,8.17479,1.00,1.00
2018.02.23 19:40:46.644,8.17325,8.17497,1.00,1.00
2018.02.23 19:40:46.695,8.17325,8.17479,1.00,1.00
2018.02.23 19:40:46.746,8.17338,8.17497,1.00,1.00
2018.02.23 19:40:46.798,8.17349,8.17497,1.00,1.00
2018.02.23 19:40:47.142,8.17334,8.17497,1.00,1.00
2018.02.23 19:40:47.193,8.17338,8.17519,1.00,1.00
2018.02.23 19:40:47.244,8.17346,8.17519,1.00,1.00
2018.02.23 19:40:47.550,8.17354,8.17519,1.00,1.00
2018.02.23 19:40:47.875,8.17337,8.175,1.00,1.00
2018.02.23 19:40:49.019,8.17337,8.17483,1.00,1.00
2018.02.23 19:40:49.413,8.17328,8.17483,1.00,1.00
2018.02.23 19:40:49.465,8.17317,8.17483,1.00,1.00
2018.02.23 19:40:52.462,8.1733,8.17483,1.00,1.00
2018.02.23 19:40:53.969,8.17325,8.17483,1.00,1.00
2018.02.23 19:40:58.889,8.17326,8.17483,1.00,1.00
2018.02.23 19:41:08.391,8.17328,8.17483,1.00,1.00
2018.02.23 19:41:13.895,8.17333,8.17483,1.00,1.00
2018.02.23 19:41:17.999,8.17329,8.17483,1.00,1.00
2018.02.23 19:41:18.051,8.17312,8.17463,1.00,1.00
2018.02.23 19:41:18.450,8.17329,8.17463,1.00,1.00
2018.02.23 19:41:21.336,8.17321,8.17463,1.00,1.00
2018.02.23 19:41:21.468,8.17317,8.17463,1.00,1.00
2018.02.23 19:41:21.619,8.17378,8.17495,1.00,1.00
2018.02.23 19:41:21.672,8.17378,8.17514,1.00,1.00
2018.02.23 19:41:21.723,8.17389,8.17495,1.00,1.00
2018.02.23 19:41:21.774,8.17402,8.17514,1.00,1.00
2018.02.23 19:41:22.279,8.17402,8.1753,1.00,1.00
2018.02.23 19:41:22.609,8.17382,8.1753,1.00,1.00
2018.02.23 19:41:22.660,8.17358,8.1753,1.00,1.00
2018.02.23 19:41:23.829,8.17358,8.17529,1.00,1.00
2018.02.23 19:41:25.003,8.17349,8.17529,1.00,1.00
2018.02.23 19:41:25.541,8.17341,8.17512,1.00,1.00
2018.02.23 19:41:25.877,8.17332,8.17494,1.00,1.00
2018.02.23 19:41:26.161,8.17325,8.17494,1.00,1.00
2018.02.23 19:41:26.810,8.17324,8.17494,1.00,1.00
2018.02.23 19:41:27.639,8.17325,8.17494,1.00,1.00
2018.02.23 19:41:28.602,8.17325,8.17475,1.00,1.00
2018.02.23 19:41:30.659,8.17325,8.17494,1.00,1.00
2018.02.23 19:41:33.170,8.17332,8.17494,1.00,1.00
2018.02.23 19:41:35.153,8.17336,8.17494,1.00,1.00
2018.02.23 19:41:35.482,8.17344,8.17494,1.00,1.00
2018.02.23 19:41:35.754,8.17335,8.17494,1.00,1.00
2018.02.23 19:41:36.865,8.17339,8.17494,1.00,1.00
2018.02.23 19:41:36.967,8.17336,8.17494,1.00,1.00
2018.02.23 19:41:38.367,8.17347,8.17494,1.00,1.00
2018.02.23 19:41:38.419,8.17347,8.17515,1.00,1.00
2018.02.23 19:41:43.998,8.17343,8.17515,1.00,1.00
2018.02.23 19:41:48.839,8.17339,8.17515,1.00,1.00
2018.02.23 19:41:48.890,8.17338,8.17498,1.00,1.00
2018.02.23 19:41:48.941,8.17336,8.17498,1.00,1.00
2018.02.23 19:41:49.043,8.17332,8.17498,1.00,1.00
2018.02.23 19:41:53.485,8.17329,8.17498,1.00,1.00
2018.02.23 19:41:55.276,8.17337,8.17498,1.00,1.00
2018.02.23 19:41:55.516,8.17367,8.17545,1.00,1.50
2018.02.23 19:41:55.567,8.1736,8.17525,1.00,1.00
2018.02.23 19:41:56.109,8.1735,8.17525,1.00,1.00
2018.02.23 19:41:56.210,8.17347,8.17523,1.00,1.00
2018.02.23 19:41:57.185,8.17344,8.17515,1.00,1.00
2018.02.23 19:41:57.733,8.17344,8.17516,1.00,1.00
2018.02.23 19:41:57.984,8.17344,8.17519,1.00,1.00
2018.02.23 19:41:58.985,8.17349,8.17525,1.00,1.00
2018.02.23 19:41:59.940,8.17352,8.17525,1.00,1.00
2018.02.23 19:42:03.243,8.17344,8.1752,1.00,1.00
2018.02.23 19:42:05.653,8.17373,8.17525,1.00,1.00
2018.02.23 19:42:05.967,8.17378,8.17525,1.00,1.00
2018.02.23 19:42:06.684,8.17377,8.17525,1.00,1.00
2018.02.23 19:42:08.504,8.17374,8.17525,1.00,1.00
2018.02.23 19:42:12.389,8.17374,8.1755,1.00,1.00
2018.02.23 19:42:13.366,8.17369,8.17541,1.00,1.00
2018.02.23 19:42:13.539,8.17373,8.17548,1.00,1.00
2018.02.23 19:42:13.590,8.17373,8.1755,1.00,1.00
2018.02.23 19:42:14.110,8.17384,8.1755,1.00,1.00
2018.02.23 19:42:14.162,8.17392,8.17573,1.00,1.00
2018.02.23 19:42:14.263,8.17392,8.17568,1.00,1.00
2018.02.23 19:42:15.328,8.17392,8.1756,1.00,1.00
2018.02.23 19:42:15.379,8.17377,8.17553,1.00,1.00
2018.02.23 19:42:15.431,8.17387,8.17553,1.00,1.00
2018.02.23 19:42:15.482,8.17379,8.17553,1.00,1.00
2018.02.23 19:42:17.808,8.17366,8.17532,1.00,1.00
2018.02.23 19:42:18.223,8.17373,8.17532,1.00,1.00
2018.02.23 19:42:18.578,8.17375,8.17532,1.00,1.00
2018.02.23 19:42:20.596,8.17331,8.1751,1.00,1.00
2018.02.23 19:42:20.698,8.17336,8.1751,1.00,1.00
2018.02.23 19:42:21.110,8.17343,8.1751,1.00,1.00
2018.02.23 19:42:22.255,8.17352,8.1751,1.00,1.00
2018.02.23 19:42:22.306,8.17339,8.1751,1.00,1.00
2018.02.23 19:42:22.357,8.17348,8.1751,1.00,1.00
2018.02.23 19:42:22.408,8.17343,8.1751,1.00,1.00
2018.02.23 19:42:22.956,8.17344,8.1751,1.00,1.00
2018.02.23 19:42:23.534,8.17345,8.1751,1.00,1.00
2018.02.23 19:42:23.687,8.17351,8.1751,1.00,1.00
2018.02.23 19:42:24.202,8.17331,8.17507,1.00,1.00
2018.02.23 19:42:24.253,8.1733,8.17494,1.00,1.00
2018.02.23 19:42:24.388,8.17326,8.17494,1.00,1.00
2018.02.23 19:42:24.533,8.17336,8.17494,1.00,1.00
2018.02.23 19:42:26.490,8.17343,8.17494,1.00,1.00
2018.02.23 19:42:26.541,8.17332,8.17494,1.00,1.00
2018.02.23 19:42:26.695,8.17316,8.17492,1.00,1.00
2018.02.23 19:42:26.746,8.17316,8.17445,1.00,1.00
2018.02.23 19:42:26.797,8.17291,8.1747,1.00,1.00
2018.02.23 19:42:26.848,8.17291,8.17452,1.00,1.00
2018.02.23 19:42:26.900,8.17291,8.17455,1.00,1.00
2018.02.23 19:42:26.951,8.17291,8.17453,1.00,1.00
2018.02.23 19:42:27.002,8.17276,8.17455,1.37,1.00
2018.02.23 19:42:28.227,8.17276,8.17468,1.37,1.00
2018.02.23 19:42:29.045,8.17276,8.1747,1.37,1.00
2018.02.23 19:42:32.694,8.17276,8.1747,1.37,1.00
2018.02.23 19:42:43.959,8.17289,8.1747,1.00,1.00
2018.02.23 19:42:45.228,8.17306,8.1747,1.00,1.00
2018.02.23 19:42:49.212,8.17314,8.17492,1.00,1.00
2018.02.23 19:42:49.466,8.1732,8.175,1.00,1.00
2018.02.23 19:42:52.675,8.1732,8.17498,1.00,1.00
2018.02.23 19:42:53.596,8.17323,8.17498,1.00,1.00
2018.02.23 19:42:54.623,8.17327,8.17498,1.00,1.00
2018.02.23 19:42:55.425,8.17365,8.17518,1.00,1.00
2018.02.23 19:42:55.476,8.17362,8.17532,1.00,1.00
2018.02.23 19:42:55.527,8.17358,8.17535,1.00,1.00
2018.02.23 19:42:57.811,8.17359,8.17537,1.00,1.00
2018.02.23 19:42:59.130,8.17358,8.17536,1.00,1.00
2018.02.23 19:43:02.166,8.17335,8.17511,1.00,1.00
2018.02.23 19:43:02.268,8.17353,8.17531,1.00,1.00
2018.02.23 19:43:02.319,8.17356,8.17534,1.00,1.00
2018.02.23 19:43:03.314,8.17353,8.17531,1.00,1.00
2018.02.23 19:43:08.624,8.17355,8.17532,1.00,1.00
2018.02.23 19:43:12.144,8.17352,8.1753,1.00,1.00
2018.02.23 19:43:12.195,8.17345,8.17504,1.00,1.00
2018.02.23 19:43:12.449,8.17325,8.17505,1.00,1.00
2018.02.23 19:43:12.680,8.17328,8.17505,1.00,1.00
2018.02.23 19:43:13.170,8.17325,8.17505,1.00,1.00
2018.02.23 19:43:13.228,8.17327,8.17504,1.00,1.00
2018.02.23 19:43:13.931,8.17324,8.17505,1.00,1.00
2018.02.23 19:43:13.982,8.17326,8.17505,1.00,1.00
2018.02.23 19:43:14.573,8.17326,8.17504,1.00,1.00
2018.02.23 19:43:18.343,8.1733,8.17505,1.00,1.00
2018.02.23 19:43:30.500,8.17322,8.175,1.00,1.00
2018.02.23 19:43:30.554,8.17316,8.17494,1.00,1.00
2018.02.23 19:43:31.488,8.17319,8.17496,1.00,1.00
2018.02.23 19:43:32.382,8.17323,8.17496,1.00,1.00
2018.02.23 19:43:33.373,8.17329,8.17496,1.00,1.00
2018.02.23 19:43:38.687,8.17331,8.17496,1.00,1.00
2018.02.23 19:43:45.156,8.17331,8.1749,1.00,1.00
2018.02.23 19:43:45.501,8.17339,8.1749,1.00,1.00
2018.02.23 19:43:45.807,8.17335,8.1749,1.00,1.00
2018.02.23 19:43:48.403,8.17337,8.1749,1.00,1.00
2018.02.23 19:43:50.397,8.17337,8.17507,1.00,1.00
2018.02.23 19:43:52.618,8.17332,8.17507,1.00,1.00
2018.02.23 19:43:52.670,8.17326,8.17498,1.00,1.00
2018.02.23 19:43:53.760,8.17326,8.175,1.00,1.00
2018.02.23 19:43:53.811,8.17326,8.17503,1.50,1.00
2018.02.23 19:43:54.238,8.17335,8.17507,1.00,1.00
2018.02.23 19:43:59.225,8.17331,8.17507,1.00,1.00
2018.02.23 19:44:05.091,8.17326,8.17504,1.50,1.00
2018.02.23 19:44:05.610,8.17337,8.17507,1.00,1.00
2018.02.23 19:44:07.736,8.1735,8.17524,1.00,1.00
2018.02.23 19:44:07.787,8.17365,8.17533,1.00,1.00
2018.02.23 19:44:08.112,8.17385,8.17541,1.00,1.00
2018.02.23 19:44:08.434,8.17393,8.17541,1.00,1.00
2018.02.23 19:44:12.953,8.17395,8.17541,1.00,1.00
2018.02.23 19:44:14.252,8.17391,8.17541,1.00,1.00
2018.02.23 19:44:14.307,8.1737,8.17541,1.00,1.00
2018.02.23 19:44:14.636,8.17364,8.17518,1.00,1.00
2018.02.23 19:44:14.965,8.1737,8.17518,1.00,1.00
2018.02.23 19:44:15.016,8.17371,8.17541,1.00,1.00
2018.02.23 19:44:15.068,8.17366,8.17541,1.00,1.00
2018.02.23 19:44:18.187,8.17376,8.17541,1.00,1.00
2018.02.23 19:44:18.492,8.17379,8.17541,1.00,1.00
2018.02.23 19:44:19.414,8.17366,8.17541,1.50,1.00
2018.02.23 19:44:19.465,8.17366,8.17524,1.00,1.00
2018.02.23 19:44:19.517,8.17361,8.17524,1.00,1.00
2018.02.23 19:44:19.796,8.17352,8.17524,1.00,1.00
2018.02.23 19:44:19.902,8.17346,8.17523,1.50,1.00
2018.02.23 19:44:19.953,8.17367,8.17524,1.00,1.00
2018.02.23 19:44:21.892,8.17363,8.17524,1.00,1.00
2018.02.23 19:44:24.037,8.1736,8.17524,1.00,1.00
2018.02.23 19:44:24.271,8.17351,8.17524,1.00,1.00
2018.02.23 19:44:24.373,8.1736,8.17524,1.00,1.00
2018.02.23 19:44:24.475,8.17357,8.17524,1.00,1.00
2018.02.23 19:44:24.526,8.17352,8.17524,1.00,1.00
2018.02.23 19:44:27.984,8.1735,8.17524,1.00,1.00
2018.02.23 19:44:29.285,8.17351,8.17524,1.00,1.00
2018.02.23 19:44:30.853,8.1734,8.17506,1.00,1.00
2018.02.23 19:44:31.192,8.17344,8.17506,1.00,1.00
2018.02.23 19:44:32.464,8.1734,8.17506,1.00,1.00
2018.02.23 19:44:32.515,8.17343,8.17506,1.00,1.00
2018.02.23 19:44:33.493,8.17345,8.17506,1.00,1.00
2018.02.23 19:44:33.872,8.17353,8.17506,1.00,1.00
2018.02.23 19:44:34.126,8.17353,8.17524,1.00,1.00
2018.02.23 19:44:34.227,8.1736,8.17524,1.00,1.00
2018.02.23 19:44:34.560,8.17364,8.17524,1.00,1.00
2018.02.23 19:44:38.805,8.1736,8.17524,1.00,1.00
2018.02.23 19:44:40.704,8.17351,8.17524,1.00,1.00
2018.02.23 19:44:40.807,8.17349,8.17524,1.00,1.00
2018.02.23 19:44:43.012,8.1735,8.17524,1.00,1.00
2018.02.23 19:44:44.363,8.17353,8.17524,1.00,1.00
2018.02.23 19:44:52.771,8.17351,8.17524,1.00,1.00
2018.02.23 19:44:52.822,8.17355,8.17524,1.00,1.00
2018.02.23 19:44:53.667,8.17365,8.17524,1.00,1.00
2018.02.23 19:44:53.718,8.1738,8.17541,1.00,1.00
2018.02.23 19:44:55.812,8.17391,8.17541,1.00,1.00
2018.02.23 19:44:56.025,8.17387,8.17541,1.00,1.00
2018.02.23 19:45:03.574,8.17385,8.17541,1.00,1.00
2018.02.23 19:45:08.872,8.17384,8.17541,1.00,1.00
2018.02.23 19:45:10.883,8.17382,8.17541,1.00,1.00
2018.02.23 19:45:10.934,8.17368,8.17541,1.00,1.00
2018.02.23 19:45:16.912,8.17366,8.17541,1.00,1.00
2018.02.23 19:45:17.068,8.1737,8.17541,1.00,1.00
2018.02.23 19:45:17.169,8.17366,8.17541,1.00,1.00
2018.02.23 19:45:20.527,8.1736,8.17522,1.00,1.00
2018.02.23 19:45:20.578,8.17321,8.17502,1.00,1.00
2018.02.23 19:45:20.629,8.17321,8.175,1.00,1.00
2018.02.23 19:45:21.177,8.17323,8.17501,1.00,1.00
2018.02.23 19:45:23.896,8.17323,8.175,1.00,1.00
2018.02.23 19:45:24.202,8.17336,8.17502,1.00,1.00
2018.02.23 19:45:24.254,8.17326,8.17502,1.00,1.00
2018.02.23 19:45:24.305,8.17321,8.17493,1.00,1.00
2018.02.23 19:45:24.693,8.17315,8.17483,1.00,1.00
2018.02.23 19:45:26.893,8.17312,8.17483,1.00,1.00
2018.02.23 19:45:27.173,8.17315,8.17483,1.00,1.00
2018.02.23 19:45:29.405,8.1732,8.17483,1.00,1.00
2018.02.23 19:45:32.637,8.17324,8.17483,1.00,1.00
2018.02.23 19:45:38.924,8.17323,8.17483,1.00,1.00
2018.02.23 19:45:40.521,8.17321,8.17483,1.00,1.00
2018.02.23 19:45:41.031,8.17313,8.17483,1.00,1.00
2018.02.23 19:45:41.082,8.17302,8.17483,1.00,1.00
2018.02.23 19:45:41.133,8.17331,8.17512,1.00,1.00
2018.02.23 19:45:41.479,8.17384,8.17531,1.00,1.00
2018.02.23 19:45:41.530,8.17373,8.17531,1.00,1.00
2018.02.23 19:45:41.581,8.17355,8.17531,1.00,1.00
2018.02.23 19:45:41.825,8.1737,8.17531,1.00,1.00
2018.02.23 19:45:42.866,8.17379,8.17531,1.00,1.00
2018.02.23 19:45:43.701,8.17375,8.17531,1.00,1.00
2018.02.23 19:45:43.752,8.17352,8.17531,1.00,1.00
2018.02.23 19:45:46.829,8.1735,8.17531,1.50,1.00
2018.02.23 19:45:48.643,8.17352,8.17531,1.00,1.00
2018.02.23 19:46:01.910,8.1735,8.17531,1.00,1.00
2018.02.23 19:46:01.962,8.1735,8.17509,1.00,1.00
2018.02.23 19:46:02.068,8.1731,8.17491,1.00,1.00
2018.02.23 19:46:03.875,8.17319,8.17491,1.00,1.00
2018.02.23 19:46:05.952,8.17322,8.17491,1.00,1.00
2018.02.23 19:46:06.305,8.17347,8.17491,1.00,1.00
2018.02.23 19:46:09.216,8.17347,8.17515,1.00,1.00
2018.02.23 19:46:12.599,8.17356,8.17515,1.00,1.00
2018.02.23 19:46:13.047,8.17346,8.17515,1.00,1.00
2018.02.23 19:46:13.098,8.17355,8.17515,1.00,1.00
2018.02.23 19:46:18.575,8.17373,8.17515,1.00,1.00
2018.02.23 19:46:18.627,8.17381,8.17553,1.00,1.00
2018.02.23 19:46:18.728,8.17407,8.17553,1.00,1.00
2018.02.23 19:46:18.779,8.17416,8.17572,1.00,1.00
2018.02.23 19:46:18.831,8.17416,8.17575,1.00,1.00
2018.02.23 19:46:18.882,8.17425,8.17575,1.00,1.00
2018.02.23 19:46:19.123,8.17434,8.17599,1.00,1.00
2018.02.23 19:46:19.338,8.17443,8.17599,1.00,1.00
2018.02.23 19:46:19.736,8.17443,8.17608,1.00,1.00
2018.02.23 19:46:20.220,8.17423,8.17594,1.00,1.00
2018.02.23 19:46:20.685,8.17413,8.17591,1.00,1.00
2018.02.23 19:46:21.631,8.17405,8.17576,1.00,1.00
2018.02.23 19:46:22.093,8.17405,8.17583,1.00,1.00
2018.02.23 19:46:22.195,8.17405,8.17574,1.00,1.00
2018.02.23 19:46:24.051,8.17406,8.17574,1.00,1.00
2018.02.23 19:46:28.222,8.17408,8.17574,1.00,1.00
2018.02.23 19:46:29.525,8.17411,8.17574,1.00,1.00
2018.02.23 19:46:30.379,8.17403,8.17574,1.00,1.00
2018.02.23 19:46:33.382,8.17381,8.17552,1.00,1.00
2018.02.23 19:46:33.873,8.17387,8.17552,1.00,1.00
2018.02.23 19:46:35.379,8.1738,8.17552,1.00,1.00
2018.02.23 19:46:35.430,8.17371,8.17545,1.00,1.00
2018.02.23 19:46:35.583,8.17362,8.17529,1.00,1.00
2018.02.23 19:46:39.056,8.1736,8.17529,1.00,1.00
2018.02.23 19:46:39.612,8.17368,8.17529,1.00,1.00
2018.02.23 19:46:48.765,8.17363,8.17529,1.00,1.00
2018.02.23 19:46:48.986,8.17361,8.17529,1.00,1.00
2018.02.23 19:46:49.040,8.17346,8.17524,1.00,1.00
2018.02.23 19:46:49.384,8.17356,8.17529,1.00,1.00
2018.02.23 19:46:58.282,8.17352,8.17529,1.00,1.00
2018.02.23 19:46:59.584,8.17349,8.17527,1.00,1.00
2018.02.23 19:47:02.691,8.17361,8.17529,1.00,1.00
2018.02.23 19:47:02.742,8.17356,8.17529,1.00,1.00
2018.02.23 19:47:02.793,8.1736,8.17523,1.00,1.00
2018.02.23 19:47:03.840,8.17358,8.17523,1.00,1.00
2018.02.23 19:47:06.332,8.17352,8.17523,1.00,1.00
2018.02.23 19:47:06.611,8.17357,8.17523,1.00,1.00
2018.02.23 19:47:06.921,8.17357,8.17506,1.00,1.00
2018.02.23 19:47:10.053,8.17343,8.17506,1.00,1.00
2018.02.23 19:47:12.984,8.17335,8.17506,1.00,1.00
2018.02.23 19:47:13.036,8.1734,8.17506,1.00,1.00
2018.02.23 19:47:13.726,8.17325,8.17506,1.00,1.50
2018.02.23 19:47:13.932,8.17331,8.17485,1.00,1.00
2018.02.23 19:47:13.984,8.17333,8.17504,1.00,1.00
2018.02.23 19:47:14.035,8.17343,8.17504,1.00,1.00
2018.02.23 19:47:14.616,8.17345,8.17504,1.00,1.00
2018.02.23 19:47:15.203,8.17346,8.17504,1.00,1.00
2018.02.23 19:47:15.305,8.17344,8.17504,1.00,1.00
2018.02.23 19:47:18.823,8.17342,8.17504,1.00,1.00
2018.02.23 19:47:22.689,8.17349,8.17504,1.00,1.00
2018.02.23 19:47:22.820,8.17344,8.17504,1.00,1.00
2018.02.23 19:47:23.678,8.17349,8.17504,1.00,1.00
2018.02.23 19:47:24.667,8.17342,8.17504,1.00,1.00
2018.02.23 19:47:25.209,8.17346,8.17504,1.00,1.00
2018.02.23 19:47:25.527,8.17339,8.17504,1.00,1.00
2018.02.23 19:47:25.904,8.17303,8.17482,1.00,1.00
2018.02.23 19:47:26.107,8.17316,8.17482,1.00,1.00
2018.02.23 19:47:26.431,8.17295,8.17469,1.00,1.00
2018.02.23 19:47:26.572,8.17319,8.17485,1.00,1.00
2018.02.23 19:47:26.625,8.17333,8.17503,1.00,1.00
2018.02.23 19:47:26.676,8.17337,8.17485,1.00,1.00
2018.02.23 19:47:26.900,8.17333,8.17485,1.00,1.00
2018.02.23 19:47:28.362,8.17335,8.17485,1.00,1.00
2018.02.23 19:47:29.680,8.17329,8.17485,1.00,1.00
2018.02.23 19:47:29.732,8.17319,8.17485,1.00,1.00
2018.02.23 19:47:31.245,8.17314,8.17475,1.00,1.00
2018.02.23 19:47:31.942,8.17319,8.17475,1.00,1.00
2018.02.23 19:47:32.706,8.17323,8.17475,1.00,1.00
2018.02.23 19:47:33.854,8.17324,8.17475,1.00,1.00
2018.02.23 19:47:36.392,8.17328,8.17475,1.00,1.00
2018.02.23 19:47:44.675,8.17333,8.17475,1.00,1.00
2018.02.23 19:47:48.119,8.17338,8.17475,1.00,1.00
2018.02.23 19:47:48.171,8.17344,8.17489,1.00,1.00
2018.02.23 19:47:48.222,8.17349,8.17509,1.00,1.00
2018.02.23 19:47:48.273,8.17329,8.17492,1.00,1.00
2018.02.23 19:47:48.830,8.17311,8.17489,1.50,1.00
2018.02.23 19:47:48.882,8.17307,8.17465,1.00,1.00
2018.02.23 19:47:49.196,8.17321,8.17465,1.00,1.00
2018.02.23 19:47:51.195,8.17319,8.17465,1.00,1.00
2018.02.23 19:47:51.246,8.17327,8.17465,1.00,1.00
2018.02.23 19:47:51.297,8.17327,8.17482,1.00,1.00
2018.02.23 19:47:51.348,8.17325,8.17482,1.00,1.00
2018.02.23 19:47:52.441,8.17329,8.17482,1.00,1.00
2018.02.23 19:47:54.114,8.17335,8.17482,1.00,1.00
2018.02.23 19:47:57.681,8.17339,8.17482,1.00,1.00
2018.02.23 19:47:58.402,8.17337,8.17482,1.00,1.00
2018.02.23 19:48:00.108,8.17333,8.17482,1.00,1.00
2018.02.23 19:48:00.209,8.17328,8.17482,1.00,1.00
2018.02.23 19:48:00.459,8.17338,8.17482,1.00,1.00
2018.02.23 19:48:02.256,8.17334,8.17482,1.00,1.00
2018.02.23 19:48:04.315,8.17331,8.17482,1.00,1.00
2018.02.23 19:48:04.663,8.17327,8.17482,1.00,1.00
2018.02.23 19:48:09.224,8.17328,8.17482,1.00,1.00
2018.02.23 19:48:13.155,8.17332,8.17482,1.00,1.00
2018.02.23 19:48:14.763,8.17331,8.17482,1.00,1.00
2018.02.23 19:48:22.714,8.17335,8.17482,1.00,1.00
2018.02.23 19:48:23.675,8.17331,8.17482,1.00,1.00
2018.02.23 19:48:24.257,8.1733,8.17482,1.00,1.00
2018.02.23 19:48:28.462,8.17328,8.17482,1.00,1.00
2018.02.23 19:48:29.801,8.17325,8.17482,1.00,1.00
2018.02.23 19:48:29.905,8.17319,8.17482,1.00,1.00
2018.02.23 19:48:30.044,8.17316,8.17453,1.00,1.00
2018.02.23 19:48:30.145,8.17328,8.17468,1.00,1.00
2018.02.23 19:48:30.998,8.17331,8.17468,1.00,1.00
2018.02.23 19:48:31.831,8.17323,8.17468,1.00,1.00
2018.02.23 19:48:34.005,8.17326,8.17468,1.00,1.00
2018.02.23 19:48:36.233,8.1734,8.17468,1.00,1.00
2018.02.23 19:48:36.363,8.1734,8.17485,1.00,1.00
2018.02.23 19:48:36.486,8.17333,8.17485,1.00,1.00
2018.02.23 19:48:36.638,8.17326,8.17485,1.00,1.00
2018.02.23 19:48:36.916,8.17322,8.17485,1.00,1.00
2018.02.23 19:48:37.149,8.17332,8.17485,1.00,1.00
2018.02.23 19:48:37.199,8.1733,8.17485,1.00,1.00
2018.02.23 19:48:37.250,8.17323,8.17485,1.00,1.00
2018.02.23 19:48:37.501,8.17318,8.17485,1.00,1.00
2018.02.23 19:48:37.552,8.17334,8.17485,1.00,1.00
2018.02.23 19:48:37.602,8.17322,8.17485,1.00,1.00
2018.02.23 19:48:37.929,8.17339,8.17485,1.00,1.00
2018.02.23 19:48:38.186,8.1733,8.17485,1.00,1.00
2018.02.23 19:48:38.502,8.17333,8.17485,1.00,1.00
2018.02.23 19:48:38.787,8.17319,8.17485,1.00,1.00
2018.02.23 19:48:38.894,8.17337,8.17485,1.00,1.00
2018.02.23 19:48:38.996,8.17334,8.17485,1.00,1.00
2018.02.23 19:48:39.048,8.17339,8.17485,1.00,1.00
2018.02.23 19:48:39.401,8.17343,8.17485,1.00,1.00
2018.02.23 19:48:39.453,8.17328,8.17485,1.00,1.00
2018.02.23 19:48:39.504,8.17328,8.17467,1.00,1.00
2018.02.23 19:48:39.657,8.17326,8.17467,1.00,1.00
2018.02.23 19:48:39.860,8.17326,8.17485,1.00,1.00
2018.02.23 19:48:40.445,8.1731,8.17485,1.00,1.00
2018.02.23 19:48:40.496,8.17283,8.17462,1.30,1.00
2018.02.23 19:48:40.809,8.17302,8.17446,1.00,1.00
2018.02.23 19:48:41.152,8.1731,8.17446,1.00,1.00
2018.02.23 19:48:43.512,8.17309,8.17446,1.00,1.00
2018.02.23 19:48:44.708,8.17319,8.17446,1.00,1.00
2018.02.23 19:48:45.011,8.17322,8.17446,1.00,1.00
2018.02.23 19:48:47.253,8.17304,8.17446,1.00,1.00
2018.02.23 19:48:47.556,8.17318,8.17446,1.00,1.00
2018.02.23 19:48:47.872,8.17312,8.17446,1.00,1.00
2018.02.23 19:48:48.332,8.17322,8.17446,1.00,1.00
2018.02.23 19:48:49.003,8.17323,8.17446,1.00,1.00
2018.02.23 19:48:50.120,8.17326,8.17446,1.00,1.00
2018.02.23 19:48:50.323,8.17326,8.17468,1.00,1.00
2018.02.23 19:48:51.083,8.17316,8.17468,1.00,1.00
2018.02.23 19:48:52.937,8.17326,8.17468,1.00,1.00
2018.02.23 19:48:53.240,8.17336,8.17468,1.00,1.00
2018.02.23 19:48:54.467,8.17334,8.17468,1.00,1.00
2018.02.23 19:48:56.215,8.17316,8.17468,1.00,1.00
2018.02.23 19:48:58.536,8.17319,8.17468,1.00,1.00
2018.02.23 19:48:59.825,8.17322,8.17468,1.00,1.00
2018.02.23 19:49:05.402,8.1733,8.17468,1.00,1.00
2018.02.23 19:49:08.324,8.17332,8.17468,1.00,1.00
2018.02.23 19:49:08.375,8.1733,8.17488,1.00,1.00
2018.02.23 19:49:08.427,8.1733,8.1747,1.00,1.00
2018.02.23 19:49:09.344,8.17329,8.1747,1.00,1.00
2018.02.23 19:49:10.276,8.1733,8.1747,1.00,1.00
2018.02.23 19:49:10.327,8.17326,8.1747,1.00,1.00
2018.02.23 19:49:10.646,8.17329,8.1747,1.00,1.00
2018.02.23 19:49:10.912,8.17324,8.1747,1.00,1.00
2018.02.23 19:49:10.963,8.17328,8.1747,1.00,1.00
2018.02.23 19:49:12.254,8.17333,8.1747,1.00,1.00
2018.02.23 19:49:12.557,8.17325,8.1747,1.00,1.00
2018.02.23 19:49:12.708,8.17329,8.1747,1.00,1.00
2018.02.23 19:49:17.047,8.17321,8.1747,1.00,1.00
2018.02.23 19:49:17.099,8.17318,8.1747,1.00,1.00
2018.02.23 19:49:17.150,8.1732,8.1747,1.00,1.00
2018.02.23 19:49:17.669,8.1733,8.1747,1.00,1.00
2018.02.23 19:49:17.720,8.17344,8.17502,1.00,1.00
2018.02.23 19:49:17.926,8.17339,8.17484,1.00,1.00
2018.02.23 19:49:17.977,8.17339,8.17502,1.00,1.00
2018.02.23 19:49:18.079,8.17339,8.17484,1.00,1.00
2018.02.23 19:49:18.408,8.17342,8.17484,1.00,1.00
2018.02.23 19:49:18.776,8.17326,8.17466,1.00,1.00
2018.02.23 19:49:19.090,8.17329,8.17466,1.00,1.00
2018.02.23 19:49:19.428,8.17332,8.17466,1.00,1.00
2018.02.23 19:49:21.647,8.17328,8.17466,1.00,1.00
2018.02.23 19:49:24.375,8.1733,8.17466,1.00,1.00
2018.02.23 19:49:26.662,8.17324,8.17466,1.00,1.00
2018.02.23 19:49:28.591,8.17322,8.17466,1.00,1.00
2018.02.23 19:49:29.914,8.17321,8.17466,1.00,1.00
2018.02.23 19:49:30.295,8.1733,8.17466,1.00,1.00
2018.02.23 19:49:30.499,8.17321,8.17466,1.00,1.00
2018.02.23 19:49:30.550,8.17327,8.17466,1.00,1.00
2018.02.23 19:49:30.602,8.17318,8.17466,1.00,1.00
2018.02.23 19:49:30.718,8.17323,8.17466,1.00,1.00
2018.02.23 19:49:30.823,8.17318,8.17466,1.00,1.00
2018.02.23 19:49:32.716,8.17322,8.17466,1.00,1.00
2018.02.23 19:49:36.881,8.17297,8.17466,1.00,1.00
2018.02.23 19:49:36.933,8.17297,8.17448,1.00,1.00
2018.02.23 19:49:39.406,8.17299,8.17448,1.00,1.00
2018.02.23 19:49:39.788,8.17317,8.17448,1.00,1.00
2018.02.23 19:49:39.839,8.17323,8.17468,1.00,1.00
2018.02.23 19:49:39.891,8.17315,8.17468,1.00,1.00
2018.02.23 19:49:40.043,8.17325,8.17468,1.00,1.00
2018.02.23 19:49:41.196,8.17325,8.1745,1.00,1.00
2018.02.23 19:49:42.685,8.17317,8.1745,1.00,1.00
2018.02.23 19:49:44.915,8.17315,8.1745,1.00,1.00
2018.02.23 19:49:49.123,8.17318,8.1745,1.00,1.00
2018.02.23 19:49:50.531,8.17322,8.1745,1.00,1.00
2018.02.23 19:49:50.633,8.17312,8.17452,1.00,1.00
2018.02.23 19:49:51.309,8.17308,8.17452,1.00,1.00
2018.02.23 19:49:51.462,8.17294,8.17452,1.00,1.00
2018.02.23 19:49:51.515,8.17294,8.17426,1.00,1.00
2018.02.23 19:49:52.413,8.17293,8.17426,1.00,1.00
2018.02.23 19:49:52.722,8.17302,8.17443,1.00,1.00
2018.02.23 19:49:52.773,8.17305,8.17443,1.00,1.00
2018.02.23 19:49:53.490,8.17301,8.17443,1.00,1.00
2018.02.23 19:49:54.478,8.17304,8.17443,1.00,1.00
2018.02.23 19:49:55.664,8.1731,8.17443,1.00,1.00
2018.02.23 19:49:55.972,8.17313,8.17443,1.00,1.00
2018.02.23 19:49:59.950,8.17308,8.17443,1.00,1.00
2018.02.23 19:50:02.265,8.17304,8.17443,1.00,1.00
2018.02.23 19:50:04.197,8.17306,8.17443,1.00,1.00
2018.02.23 19:50:05.676,8.17303,8.17443,1.00,1.00
2018.02.23 19:50:06.162,8.17281,8.17443,1.22,1.00
2018.02.23 19:50:06.254,8.1728,8.17443,1.00,1.00
2018.02.23 19:50:06.305,8.17265,8.17431,1.00,1.00
2018.02.23 19:50:06.356,8.17265,8.17411,1.00,1.00
2018.02.23 19:50:06.706,8.17263,8.17429,1.08,1.00
2018.02.23 19:50:08.223,8.17268,8.17429,1.08,1.00
2018.02.23 19:50:11.134,8.1728,8.17429,1.00,1.00
2018.02.23 19:50:15.009,8.17281,8.17429,1.00,1.00
2018.02.23 19:50:18.611,8.17274,8.17429,1.00,1.00
2018.02.23 19:50:19.233,8.17273,8.17429,1.00,1.00
2018.02.23 19:50:22.660,8.17275,8.17429,1.00,1.00
2018.02.23 19:50:24.494,8.17276,8.17429,1.00,1.00
2018.02.23 19:50:28.702,8.17277,8.17429,1.00,1.00
2018.02.23 19:50:30.004,8.17276,8.17429,1.00,1.00
2018.02.23 19:50:33.726,8.17275,8.17429,1.00,1.00
2018.02.23 19:50:36.796,8.17287,8.17449,1.00,1.00
2018.02.23 19:50:37.825,8.17293,8.17449,1.00,1.00
2018.02.23 19:50:37.962,8.17289,8.17449,1.00,1.00
2018.02.23 19:50:38.082,8.17289,8.17465,1.00,1.00
2018.02.23 19:50:38.296,8.17306,8.17481,1.00,1.00
2018.02.23 19:50:38.617,8.17311,8.17481,1.00,1.00
2018.02.23 19:50:38.719,8.17315,8.17486,1.00,1.00
2018.02.23 19:50:38.873,8.1732,8.17503,1.00,1.00
2018.02.23 19:50:39.058,8.17324,8.17503,1.00,1.00
2018.02.23 19:50:39.160,8.17324,8.17512,1.00,1.00
2018.02.23 19:50:39.213,8.17337,8.17512,1.00,1.00
2018.02.23 19:50:39.560,8.1734,8.17512,1.00,1.00
2018.02.23 19:50:39.762,8.17322,8.17512,1.00,1.00
2018.02.23 19:50:40.301,8.17315,8.17512,1.00,1.00
2018.02.23 19:50:40.353,8.17309,8.17512,1.00,1.00
2018.02.23 19:50:40.404,8.17302,8.17512,1.00,1.00
2018.02.23 19:50:40.456,8.17301,8.17512,1.00,2.10
2018.02.23 19:50:40.507,8.17291,8.17494,1.00,1.00
2018.02.23 19:50:41.118,8.17296,8.17494,1.00,1.00
2018.02.23 19:50:41.523,8.173,8.17494,1.00,1.00
2018.02.23 19:50:41.625,8.17312,8.17511,1.00,1.00
2018.02.23 19:50:41.727,8.17312,8.17517,1.00,1.60
2018.02.23 19:50:41.988,8.17326,8.17517,1.00,1.00
2018.02.23 19:50:44.297,8.17352,8.17531,1.00,1.00
2018.02.23 19:50:44.349,8.17352,8.17535,1.00,1.00
2018.02.23 19:50:44.742,8.17364,8.17535,1.00,1.00
2018.02.23 19:50:44.793,8.17373,8.17557,1.00,1.00
2018.02.23 19:50:44.844,8.17373,8.17573,1.00,1.00
2018.02.23 19:50:44.895,8.17366,8.17573,1.00,1.00
2018.02.23 19:50:44.946,8.17367,8.17576,1.00,1.00
2018.02.23 19:50:45.072,8.17386,8.17563,1.00,1.00
2018.02.23 19:50:45.123,8.17378,8.17556,1.00,1.00
2018.02.23 19:50:45.175,8.17363,8.17541,1.00,1.00
2018.02.23 19:50:45.277,8.17369,8.17551,1.00,1.00
2018.02.23 19:50:45.329,8.17374,8.17551,1.00,1.00
2018.02.23 19:50:45.380,8.17374,8.17557,1.00,1.00
2018.02.23 19:50:45.482,8.17366,8.17557,1.00,1.00
2018.02.23 19:50:46.076,8.17367,8.17557,1.00,1.00
2018.02.23 19:50:46.127,8.17373,8.17557,1.00,1.00
2018.02.23 19:50:46.951,8.17363,8.17557,1.00,1.00
2018.02.23 19:50:47.203,8.17377,8.17571,1.00,1.00
2018.02.23 19:50:47.508,8.17384,8.17574,1.00,1.00
2018.02.23 19:50:48.017,8.17366,8.17569,1.00,1.00
2018.02.23 19:50:49.244,8.17365,8.17567,1.00,1.00
2018.02.23 19:50:49.593,8.17386,8.17574,1.00,1.00
2018.02.23 19:50:50.204,8.17392,8.1757,1.00,1.00
2018.02.23 19:50:50.716,8.17383,8.17574,1.00,1.00
2018.02.23 19:50:51.141,8.17394,8.17585,1.00,1.00
2018.02.23 19:50:51.192,8.17394,8.17593,1.00,1.00
2018.02.23 19:50:51.294,8.17403,8.17579,1.00,1.00
2018.02.23 19:50:51.857,8.17395,8.17593,1.00,1.00
2018.02.23 19:50:52.811,8.17401,8.17593,1.00,1.00
2018.02.23 19:50:53.128,8.17413,8.17591,1.00,1.00
2018.02.23 19:50:53.546,8.17405,8.17593,1.00,1.00
2018.02.23 19:50:54.293,8.174,8.17593,1.00,1.00
2018.02.23 19:50:54.344,8.17391,8.17591,1.00,1.60
2018.02.23 19:50:54.395,8.1738,8.1758,1.50,1.00
2018.02.23 19:50:54.447,8.17387,8.17565,1.00,1.00
2018.02.23 19:50:54.915,8.17381,8.17558,1.00,1.00
2018.02.23 19:50:54.966,8.17381,8.17576,1.00,1.00
2018.02.23 19:50:55.589,8.17386,8.17576,1.00,1.00
2018.02.23 19:50:56.839,8.17386,8.17576,1.00,1.60
2018.02.23 19:50:56.891,8.17364,8.17562,1.00,1.00
2018.02.23 19:50:56.942,8.17364,8.17562,1.00,1.60
2018.02.23 19:50:57.275,8.17307,8.17484,1.00,1.00
2018.02.23 19:50:57.325,8.17309,8.17487,1.00,1.00
2018.02.23 19:50:57.477,8.17318,8.17495,1.00,1.50
2018.02.23 19:50:57.968,8.17312,8.1749,1.00,1.00
2018.02.23 19:50:58.068,8.17321,8.17495,1.00,1.00
2018.02.23 19:50:58.789,8.17328,8.17495,1.00,1.00
2018.02.23 19:50:59.098,8.17353,8.17513,1.00,1.00
2018.02.23 19:50:59.504,8.17344,8.17513,1.00,1.00
2018.02.23 19:51:00.066,8.17343,8.17513,1.00,1.00
2018.02.23 19:51:00.783,8.173,8.17495,1.00,1.00
2018.02.23 19:51:00.838,8.17314,8.17486,1.00,1.00
2018.02.23 19:51:00.889,8.17294,8.17486,1.00,1.00
2018.02.23 19:51:00.996,8.17316,8.17486,1.00,1.00
2018.02.23 19:51:01.048,8.17312,8.17486,1.00,1.00
2018.02.23 19:51:01.100,8.17311,8.17473,1.00,1.00
2018.02.23 19:51:01.331,8.17307,8.17473,1.00,1.00
2018.02.23 19:51:01.382,8.17299,8.17473,1.00,1.00
2018.02.23 19:51:01.612,8.17304,8.17473,1.00,1.00
2018.02.23 19:51:04.273,8.17302,8.17473,1.00,1.00
2018.02.23 19:51:04.699,8.17307,8.17473,1.00,1.00
2018.02.23 19:51:08.336,8.173,8.17473,1.00,1.00
2018.02.23 19:51:08.387,8.17268,8.17469,1.46,1.00
2018.02.23 19:51:08.540,8.17268,8.17453,1.45,1.00
2018.02.23 19:51:08.865,8.173,8.17453,1.00,1.00
2018.02.23 19:51:10.113,8.17308,8.17453,1.00,1.00
2018.02.23 19:51:10.713,8.17309,8.17453,1.00,1.00
2018.02.23 19:51:11.352,8.17309,8.1747,1.00,1.00
2018.02.23 19:51:13.225,8.17306,8.1747,1.00,1.00
2018.02.23 19:51:13.782,8.17307,8.1747,1.00,1.00
2018.02.23 19:51:13.833,8.17304,8.1747,1.00,1.00
2018.02.23 19:51:14.431,8.17303,8.1747,1.00,1.00
2018.02.23 19:51:14.707,8.17283,8.1745,1.32,1.00
2018.02.23 19:51:14.760,8.17293,8.17466,1.30,1.00
2018.02.23 19:51:15.194,8.17302,8.17445,1.00,1.00
2018.02.23 19:51:15.245,8.17299,8.17445,1.00,1.00
2018.02.23 19:51:15.412,8.17294,8.17445,1.00,1.00
2018.02.23 19:51:15.464,8.17278,8.17462,1.30,1.00
2018.02.23 19:51:15.566,8.17297,8.17462,1.00,1.00
2018.02.23 19:51:15.616,8.17279,8.17462,1.30,1.00
2018.02.23 19:51:21.145,8.1727,8.17431,1.07,1.00
2018.02.23 19:51:21.247,8.17266,8.17431,1.00,1.00
2018.02.23 19:51:21.298,8.17266,8.1742,1.00,1.00
2018.02.23 19:51:21.603,8.17243,8.17416,1.58,1.00
2018.02.23 19:51:22.039,8.17259,8.17437,1.08,1.50
2018.02.23 19:51:22.145,8.17257,8.17433,1.08,1.00
2018.02.23 19:51:22.450,8.17251,8.17428,1.08,1.00
2018.02.23 19:51:22.705,8.17254,8.17431,1.08,1.00
2018.02.23 19:51:23.422,8.17257,8.17434,1.08,1.00
2018.02.23 19:51:23.631,8.17251,8.17429,1.08,1.00
2018.02.23 19:51:26.540,8.17249,8.17426,1.08,1.00
2018.02.23 19:51:26.694,8.17224,8.17402,1.00,1.00
2018.02.23 19:51:26.747,8.1722,8.17381,1.00,1.00
2018.02.23 19:51:26.799,8.17194,8.17375,1.00,1.00
2018.02.23 19:51:26.952,8.1718,8.17376,1.00,1.00
2018.02.23 19:51:27.003,8.17207,8.17376,1.00,1.00
2018.02.23 19:51:28.714,8.17203,8.17376,1.00,1.00
2018.02.23 19:51:31.600,8.17186,8.17363,1.00,1.00
2018.02.23 19:51:31.755,8.17184,8.17361,1.00,1.00
2018.02.23 19:51:32.093,8.17175,8.17369,1.00,1.00
2018.02.23 19:51:32.144,8.17175,8.1735,1.00,1.00
2018.02.23 19:51:32.467,8.17178,8.17356,1.00,1.00
2018.02.23 19:51:32.748,8.17173,8.17351,1.00,1.00
2018.02.23 19:51:33.071,8.17166,8.17343,1.00,1.00
2018.02.23 19:51:33.451,8.17161,8.17338,1.00,1.00
2018.02.23 19:51:34.333,8.17168,8.17345,1.00,1.00
2018.02.23 19:51:35.656,8.17174,8.17352,1.00,1.00
2018.02.23 19:51:36.412,8.17162,8.1734,1.00,1.00
2018.02.23 19:51:36.724,8.17153,8.17331,1.00,1.00
2018.02.23 19:51:37.156,8.17157,8.17334,1.00,1.50
2018.02.23 19:51:39.644,8.17159,8.17334,1.00,1.50
2018.02.23 19:51:41.497,8.1716,8.17334,1.00,1.00
2018.02.23 19:51:42.906,8.17165,8.17334,1.00,1.00
2018.02.23 19:51:43.224,8.17198,8.17369,1.00,1.00
2018.02.23 19:51:43.276,8.17189,8.17367,1.00,1.00
2018.02.23 19:51:43.532,8.17181,8.17359,1.00,1.00
2018.02.23 19:51:43.634,8.1717,8.17369,1.00,1.60
2018.02.23 19:51:43.685,8.17168,8.17369,1.00,1.60
2018.02.23 19:51:43.895,8.1717,8.17369,1.00,1.60
2018.02.23 19:51:44.307,8.17173,8.17369,1.00,1.60
2018.02.23 19:51:44.596,8.17168,8.17369,1.00,1.60
2018.02.23 19:51:44.730,8.17173,8.17369,1.00,1.60
2018.02.23 19:51:45.178,8.17169,8.17369,1.00,1.60
2018.02.23 19:51:47.644,8.17165,8.17369,1.00,1.60
2018.02.23 19:51:47.746,8.17169,8.17369,1.00,1.60
2018.02.23 19:51:48.027,8.17165,8.17369,1.00,1.60
2018.02.23 19:51:48.128,8.17169,8.17369,1.00,1.60
2018.02.23 19:51:48.230,8.17164,8.17369,1.00,1.60
2018.02.23 19:51:48.427,8.17158,8.17352,1.00,1.60
2018.02.23 19:51:48.755,8.17141,8.17348,1.00,1.60
2018.02.23 19:51:49.364,8.17139,8.17344,1.00,1.60
2018.02.23 19:51:49.466,8.17135,8.1734,1.00,1.60
2018.02.23 19:51:54.430,8.17135,8.1734,1.00,1.60
2018.02.23 19:51:54.481,8.1714,8.17345,1.00,1.60
2018.02.23 19:51:54.532,8.17136,8.17341,1.00,1.60
2018.02.23 19:51:55.364,8.17136,8.17341,1.00,1.60
2018.02.23 19:52:06.830,8.17136,8.17314,1.00,1.00
2018.02.23 19:52:08.239,8.17141,8.17319,1.00,1.00
2018.02.23 19:52:09.098,8.17141,8.17319,1.00,1.60
2018.02.23 19:52:09.149,8.17135,8.17313,1.00,1.60
2018.02.23 19:52:09.200,8.17109,8.17286,1.00,1.00
2018.02.23 19:52:09.251,8.17109,8.17282,1.00,1.60
2018.02.23 19:52:09.302,8.17099,8.17276,1.00,1.60
2018.02.23 19:52:09.404,8.17099,8.17277,1.00,1.60
2018.02.23 19:52:09.643,8.17096,8.17273,1.00,1.60
2018.02.23 19:52:09.694,8.1709,8.17267,1.30,1.00
2018.02.23 19:52:10.028,8.17086,8.17264,1.30,1.60
2018.02.23 19:52:10.526,8.17096,8.17269,1.00,1.60
2018.02.23 19:52:10.637,8.17087,8.17269,1.30,1.60
2018.02.23 19:52:13.237,8.17083,8.17261,1.40,1.60
2018.02.23 19:52:13.608,8.17076,8.17248,1.37,1.00
2018.02.23 19:52:16.513,8.17072,8.17276,1.57,1.60
2018.02.23 19:52:21.727,8.17074,8.17276,1.37,1.00
2018.02.23 19:52:22.768,8.17072,8.17258,1.57,1.00
2018.02.23 19:52:28.814,8.17073,8.17264,1.63,1.60
2018.02.23 19:52:29.111,8.17073,8.17255,1.63,1.00
2018.02.23 19:52:29.162,8.17073,8.17264,1.63,1.60
2018.02.23 19:52:29.987,8.17073,8.17264,1.63,1.00
2018.02.23 19:52:30.132,8.17082,8.17258,1.37,1.00
2018.02.23 19:52:30.285,8.17073,8.17269,1.63,1.00
2018.02.23 19:52:30.800,8.17073,8.17253,1.63,1.00
2018.02.23 19:52:30.851,8.17073,8.17271,1.63,1.00
2018.02.23 19:52:33.059,8.17108,8.17271,1.00,1.00
2018.02.23 19:52:33.251,8.17103,8.17271,1.00,1.00
2018.02.23 19:52:34.033,8.17105,8.17271,1.00,1.00
2018.02.23 19:52:34.453,8.17108,8.17271,1.00,1.00
2018.02.23 19:52:37.780,8.17103,8.17271,1.00,1.00
2018.02.23 19:52:37.832,8.17097,8.17249,1.00,1.00
2018.02.23 19:52:39.567,8.17102,8.17249,1.00,1.00
2018.02.23 19:52:41.881,8.17102,8.17247,1.00,1.00
2018.02.23 19:52:42.131,8.17098,8.17247,1.00,1.00
2018.02.23 19:52:42.183,8.17096,8.17247,1.00,1.00
2018.02.23 19:52:42.285,8.17096,8.17271,1.00,1.00
2018.02.23 19:52:42.336,8.17102,8.17271,1.00,1.00
2018.02.23 19:52:43.972,8.17104,8.17271,1.00,1.00
2018.02.23 19:52:45.275,8.17107,8.17271,1.00,1.00
2018.02.23 19:52:47.791,8.17107,8.17263,1.00,1.00
2018.02.23 19:52:51.994,8.17103,8.17263,1.00,1.00
2018.02.23 19:52:54.271,8.171,8.17263,1.00,1.00
2018.02.23 19:52:54.328,8.17094,8.17263,1.00,1.00
2018.02.23 19:52:54.379,8.17098,8.17257,1.00,1.00
2018.02.23 19:52:55.276,8.17102,8.17257,1.00,1.00
2018.02.23 19:52:55.328,8.17093,8.17257,1.05,1.00
2018.02.23 19:52:55.442,8.171,8.17257,1.00,1.00
2018.02.23 19:52:55.771,8.17109,8.17257,1.00,1.00
2018.02.23 19:52:56.327,8.17117,8.17257,1.00,1.00
2018.02.23 19:52:58.244,8.17122,8.17257,1.00,1.00
2018.02.23 19:52:58.790,8.17105,8.17257,1.00,1.00
2018.02.23 19:52:59.014,8.17103,8.17257,1.00,1.00
2018.02.23 19:53:00.224,8.17107,8.17257,1.00,1.00
2018.02.23 19:53:00.673,8.17109,8.17257,1.00,1.00
2018.02.23 19:53:01.475,8.17106,8.17257,1.00,1.00
2018.02.23 19:53:08.221,8.17104,8.17257,1.00,1.00
2018.02.23 19:53:11.038,8.17108,8.17257,1.00,1.00
2018.02.23 19:53:12.179,8.17101,8.17231,1.00,1.00
2018.02.23 19:53:14.078,8.17102,8.17231,1.00,1.00
2018.02.23 19:53:15.353,8.17104,8.17231,1.00,1.00
2018.02.23 19:53:15.818,8.17098,8.17231,1.00,1.00
2018.02.23 19:53:15.993,8.17106,8.17247,1.00,1.00
2018.02.23 19:53:16.046,8.17102,8.17247,1.00,1.00
2018.02.23 19:53:16.943,8.17106,8.17247,1.00,1.00
2018.02.23 19:53:18.467,8.17111,8.17247,1.00,1.00
2018.02.23 19:53:19.543,8.17112,8.17247,1.00,1.00
2018.02.23 19:53:24.855,8.1711,8.17247,1.00,1.00
2018.02.23 19:53:26.674,8.17108,8.17247,1.00,1.00
2018.02.23 19:53:30.365,8.17109,8.17247,1.00,1.00
2018.02.23 19:53:34.119,8.17113,8.17247,1.00,1.00
2018.02.23 19:53:34.417,8.17109,8.17247,1.00,1.00
2018.02.23 19:53:38.722,8.17116,8.17247,1.00,1.00
2018.02.23 19:53:38.773,8.17106,8.17247,1.00,1.00
2018.02.23 19:53:39.887,8.17103,8.17247,1.00,1.00
2018.02.23 19:53:42.438,8.17128,8.17247,1.00,1.00
2018.02.23 19:53:42.489,8.17122,8.17247,1.00,1.00
2018.02.23 19:53:42.947,8.17136,8.17247,1.00,1.00
2018.02.23 19:53:43.165,8.17127,8.17247,1.00,1.00
2018.02.23 19:53:44.092,8.17128,8.17247,1.00,1.00
2018.02.23 19:53:44.457,8.17128,8.17271,1.00,1.00
2018.02.23 19:53:45.395,8.17123,8.17271,1.00,1.00
2018.02.23 19:53:45.547,8.17129,8.17271,1.00,1.00
2018.02.23 19:53:47.751,8.17141,8.17291,1.00,1.00
2018.02.23 19:53:47.802,8.17151,8.1731,1.00,1.00
2018.02.23 19:53:47.955,8.17146,8.1731,1.00,1.00
2018.02.23 19:53:49.738,8.17147,8.1731,1.00,1.00
2018.02.23 19:53:51.209,8.17143,8.1731,1.00,1.00
2018.02.23 19:53:54.914,8.17145,8.1731,1.00,1.00
2018.02.23 19:54:00.233,8.17141,8.1731,1.00,1.00
2018.02.23 19:54:00.286,8.17145,8.1731,1.00,1.00
2018.02.23 19:54:00.388,8.17143,8.1731,1.00,1.00
2018.02.23 19:54:00.439,8.17134,8.17292,1.00,1.00
2018.02.23 19:54:00.491,8.17129,8.17292,1.00,1.00
2018.02.23 19:54:04.657,8.17126,8.17292,1.00,1.00
2018.02.23 19:54:09.173,8.17121,8.17292,1.00,1.00
2018.02.23 19:54:10.793,8.17126,8.17292,1.00,1.00
2018.02.23 19:54:12.123,8.17121,8.17292,1.00,1.00
2018.02.23 19:54:12.174,8.17105,8.17269,1.00,1.00
2018.02.23 19:54:12.478,8.1712,8.17269,1.00,1.00
2018.02.23 19:54:12.542,8.17115,8.17269,1.00,1.00
2018.02.23 19:54:13.948,8.1712,8.17269,1.00,1.00
2018.02.23 19:54:24.974,8.17121,8.17269,1.00,1.00
2018.02.23 19:54:26.174,8.17112,8.17269,1.00,1.00
2018.02.23 19:54:26.227,8.1711,8.17269,1.00,1.00
2018.02.23 19:54:27.290,8.17115,8.17269,1.00,1.00
2018.02.23 19:54:29.658,8.17108,8.17269,1.00,1.00
2018.02.23 19:54:30.257,8.17107,8.17269,1.00,1.00
2018.02.23 19:54:30.427,8.17112,8.17269,1.00,1.00
2018.02.23 19:54:34.066,8.17102,8.17269,1.00,1.00
2018.02.23 19:54:35.252,8.17107,8.17269,1.00,1.00
2018.02.23 19:54:41.895,8.17126,8.17295,1.00,1.00
2018.02.23 19:54:42.048,8.17135,8.17303,1.00,1.00
2018.02.23 19:54:42.099,8.17126,8.17297,1.00,1.00
2018.02.23 19:54:42.756,8.17122,8.17297,1.00,1.50
2018.02.23 19:54:44.976,8.17116,8.17296,1.00,1.00
2018.02.23 19:54:45.029,8.17116,8.17271,1.00,1.00
2018.02.23 19:54:45.084,8.171,8.17267,1.00,1.00
2018.02.23 19:54:45.223,8.171,8.17278,1.00,1.00
2018.02.23 19:54:45.566,8.17116,8.17281,1.00,1.00
2018.02.23 19:54:45.618,8.17114,8.17281,1.00,1.00
2018.02.23 19:54:46.720,8.17108,8.17281,1.00,1.00
2018.02.23 19:54:47.060,8.171,8.17278,1.50,1.00
2018.02.23 19:54:47.111,8.17104,8.17281,1.00,1.50
2018.02.23 19:54:48.127,8.17107,8.17281,1.00,1.00
2018.02.23 19:54:55.034,8.17109,8.17281,1.00,1.00
2018.02.23 19:55:00.122,8.17121,8.17281,1.00,1.00
2018.02.23 19:55:00.463,8.17129,8.17281,1.00,1.00
2018.02.23 19:55:00.514,8.17129,8.17307,1.00,1.50
2018.02.23 19:55:00.941,8.17132,8.17307,1.00,1.50
2018.02.23 19:55:03.729,8.17137,8.17307,1.00,1.00
2018.02.23 19:55:10.064,8.17138,8.17307,1.00,1.00
2018.02.23 19:55:14.272,8.1714,8.17307,1.00,1.00
2018.02.23 19:55:15.575,8.17138,8.17307,1.00,1.00
2018.02.23 19:55:22.891,8.17126,8.17301,1.50,1.00
2018.02.23 19:55:23.736,8.17111,8.17276,1.00,1.00
2018.02.23 19:55:23.837,8.17108,8.17276,1.00,1.00
2018.02.23 19:55:23.888,8.17106,8.17276,1.00,1.00
2018.02.23 19:55:31.980,8.17095,8.17264,1.00,1.00
2018.02.23 19:55:32.184,8.1705,8.17223,1.00,1.00
2018.02.23 19:55:32.386,8.17057,8.1723,1.00,1.00
2018.02.23 19:55:32.830,8.17058,8.17233,1.00,1.50
2018.02.23 19:55:33.235,8.17063,8.17233,1.00,1.00
2018.02.23 19:55:34.813,8.17061,8.17233,1.00,1.00
2018.02.23 19:55:40.125,8.17059,8.17233,1.00,1.00
2018.02.23 19:55:44.334,8.17061,8.17233,1.00,1.00
2018.02.23 19:55:44.532,8.17055,8.1723,1.00,1.00
2018.02.23 19:55:44.583,8.17049,8.17213,1.00,1.00
2018.02.23 19:55:44.634,8.17049,8.17224,1.00,1.00
2018.02.23 19:55:44.685,8.17059,8.17231,1.00,1.00
2018.02.23 19:55:45.640,8.17061,8.17231,1.00,1.00
2018.02.23 19:55:49.843,8.17063,8.17231,1.00,1.00
2018.02.23 19:55:52.726,8.1706,8.17231,1.00,1.00
2018.02.23 19:55:52.777,8.1702,8.17213,1.76,1.00
2018.02.23 19:55:53.098,8.17032,8.17206,1.37,1.00
2018.02.23 19:55:53.374,8.17026,8.17221,1.37,1.00
2018.02.23 19:55:54.331,8.17026,8.17223,1.37,1.00
2018.02.23 19:55:54.588,8.1702,8.17221,1.46,1.00
2018.02.23 19:55:55.138,8.1702,8.1722,1.46,1.00
2018.02.23 19:55:56.390,8.17026,8.17223,1.37,1.00
2018.02.23 19:55:56.693,8.17031,8.17237,1.37,1.00
2018.02.23 19:55:56.744,8.17026,8.17228,1.37,1.00
2018.02.23 19:55:56.795,8.17034,8.17237,1.40,1.00
2018.02.23 19:55:57.103,8.17034,8.17242,1.40,1.00
2018.02.23 19:55:57.155,8.17022,8.17225,1.52,1.00
2018.02.23 19:55:57.461,8.17015,8.17223,1.52,1.00
2018.02.23 19:55:57.838,8.17008,8.17193,1.12,1.00
2018.02.23 19:55:58.173,8.16999,8.17173,1.34,1.00
2018.02.23 19:55:58.485,8.17014,8.17189,1.34,1.50
2018.02.23 19:55:58.536,8.17007,8.17173,1.34,1.00
2018.02.23 19:55:58.791,8.17004,8.17196,1.34,1.00
2018.02.23 19:55:58.943,8.17017,8.17199,1.34,1.00
2018.02.23 19:55:59.364,8.17019,8.17201,1.34,1.00
2018.02.23 19:55:59.883,8.17026,8.17205,1.34,1.00
2018.02.23 19:56:05.307,8.17051,8.17226,1.00,1.00
2018.02.23 19:56:06.253,8.17056,8.17228,1.00,1.00
2018.02.23 19:56:10.184,8.17057,8.17228,1.00,1.00
2018.02.23 19:56:13.287,8.17055,8.17228,1.00,1.50
2018.02.23 19:56:14.392,8.17056,8.17228,1.00,1.00
2018.02.23 19:56:15.229,8.17057,8.17228,1.00,1.00
2018.02.23 19:56:15.695,8.17054,8.17227,1.00,1.00
2018.02.23 19:56:17.093,8.17041,8.17216,1.26,1.00
2018.02.23 19:56:17.662,8.17045,8.1722,1.00,1.00
2018.02.23 19:56:18.969,8.17049,8.17225,1.00,1.50
2018.02.23 19:56:19.935,8.17053,8.17225,1.00,1.00
2018.02.23 19:56:25.214,8.17052,8.17225,1.00,1.00
2018.02.23 19:56:25.265,8.17049,8.17224,1.00,1.00
2018.02.23 19:56:25.862,8.17048,8.17223,1.00,1.00
2018.02.23 19:56:30.725,8.17049,8.17224,1.00,1.00
2018.02.23 19:56:35.130,8.17054,8.17225,1.00,1.00
2018.02.23 19:56:36.313,8.17054,8.17216,1.00,1.00
2018.02.23 19:56:37.733,8.1705,8.17216,1.00,1.00
2018.02.23 19:56:37.785,8.17048,8.17211,1.00,1.00
2018.02.23 19:56:38.412,8.17055,8.17211,1.00,1.00
2018.02.23 19:56:39.326,8.1706,8.17211,1.00,1.00
2018.02.23 19:56:39.480,8.17083,8.17235,1.00,1.00
2018.02.23 19:56:39.554,8.17075,8.17235,1.00,1.00
2018.02.23 19:56:39.605,8.17065,8.17235,1.00,1.00
2018.02.23 19:56:44.369,8.17061,8.17235,1.00,1.00
2018.02.23 19:56:45.805,8.17068,8.17235,1.00,1.00
2018.02.23 19:56:47.201,8.1707,8.17235,1.00,1.00
2018.02.23 19:56:48.008,8.17066,8.17235,1.00,1.00
2018.02.23 19:56:49.963,8.17068,8.17235,1.00,1.00
2018.02.23 19:56:52.206,8.1706,8.17235,1.00,1.50
2018.02.23 19:56:52.257,8.17065,8.17235,1.00,1.00
2018.02.23 19:56:52.769,8.17057,8.17232,1.00,1.00
2018.02.23 19:56:53.790,8.17071,8.17235,1.00,1.00
2018.02.23 19:56:53.841,8.17066,8.17235,1.00,1.00
2018.02.23 19:56:54.094,8.17058,8.17233,1.00,1.00
2018.02.23 19:56:56.925,8.17065,8.17235,1.00,1.00
2018.02.23 19:56:56.977,8.1706,8.17235,1.00,1.50
2018.02.23 19:56:57.084,8.17064,8.17235,1.00,1.00
2018.02.23 19:56:57.512,8.17066,8.17235,1.00,1.00
2018.02.23 19:56:59.533,8.17065,8.17235,1.00,1.00
2018.02.23 19:57:00.260,8.17063,8.17235,1.00,1.00
2018.02.23 19:57:00.362,8.17068,8.17235,1.00,1.00
2018.02.23 19:57:00.785,8.17071,8.17235,1.00,1.00
2018.02.23 19:57:04.438,8.17077,8.17235,1.00,1.00
2018.02.23 19:57:05.001,8.17075,8.17235,1.00,1.00
2018.02.23 19:57:10.021,8.17071,8.17235,1.00,1.00
2018.02.23 19:57:11.572,8.17076,8.17235,1.00,1.00
2018.02.23 19:57:11.723,8.17073,8.17235,1.00,1.00
2018.02.23 19:57:13.257,8.17067,8.17235,1.00,1.00
2018.02.23 19:57:13.308,8.17049,8.17211,1.00,1.00
2018.02.23 19:57:13.464,8.17035,8.17211,1.26,1.00
2018.02.23 19:57:14.370,8.17035,8.17203,1.26,1.00
2018.02.23 19:57:14.421,8.17035,8.17203,1.00,1.00
2018.02.23 19:57:14.472,8.17035,8.17198,1.00,1.00
2018.02.23 19:57:14.523,8.17035,8.17212,1.00,1.00
2018.02.23 19:57:15.815,8.17035,8.17211,1.00,1.00
2018.02.23 19:57:16.893,8.17035,8.17216,1.00,1.50
2018.02.23 19:57:18.144,8.17035,8.17212,1.00,1.00
2018.02.23 19:57:18.875,8.17035,8.17216,1.00,1.50
2018.02.23 19:57:19.362,8.17035,8.17212,1.00,1.00
2018.02.23 19:57:20.023,8.17035,8.1721,1.00,1.00
2018.02.23 19:57:20.475,8.17035,8.1719,1.00,1.00
2018.02.23 19:57:20.904,8.17019,8.1719,1.00,1.00
2018.02.23 19:57:20.956,8.17019,8.17172,1.00,1.00
2018.02.23 19:57:21.101,8.16983,8.17156,1.00,1.00
2018.02.23 19:57:21.153,8.16983,8.17151,1.00,1.00
2018.02.23 19:57:21.306,8.16972,8.17145,1.50,1.00
2018.02.23 19:57:21.358,8.16969,8.17144,1.50,1.00
2018.02.23 19:57:21.410,8.16969,8.17132,1.00,1.00
2018.02.23 19:57:21.562,8.16963,8.17132,1.00,1.00
2018.02.23 19:57:21.613,8.16963,8.1713,1.00,1.00
2018.02.23 19:57:21.665,8.16961,8.1713,1.00,1.00
2018.02.23 19:57:22.576,8.16965,8.1714,1.00,1.00
2018.02.23 19:57:24.221,8.16963,8.17138,1.00,1.00
2018.02.23 19:57:24.602,8.16958,8.17133,1.00,1.00
2018.02.23 19:57:27.718,8.16962,8.17138,1.00,1.00
2018.02.23 19:57:27.877,8.16968,8.17144,1.00,1.00
2018.02.23 19:57:28.182,8.1698,8.17156,1.00,1.00
2018.02.23 19:57:28.525,8.16988,8.17163,1.00,1.00
2018.02.23 19:57:29.484,8.16983,8.17155,1.00,1.00
2018.02.23 19:57:29.781,8.16984,8.17159,1.00,1.00
2018.02.23 19:57:30.125,8.17006,8.1717,1.00,1.00
2018.02.23 19:57:30.177,8.17012,8.17187,1.00,1.00
2018.02.23 19:57:30.228,8.17017,8.17209,1.00,1.00
2018.02.23 19:57:30.482,8.17008,8.17192,1.00,1.00
2018.02.23 19:57:30.787,8.17008,8.17174,1.00,1.00
2018.02.23 19:57:30.955,8.16996,8.17171,1.00,1.00
2018.02.23 19:57:31.108,8.16986,8.17157,1.00,1.00
2018.02.23 19:57:31.493,8.16994,8.17169,1.00,1.00
2018.02.23 19:57:31.874,8.16984,8.17158,1.00,1.00
2018.02.23 19:57:35.052,8.16984,8.17157,1.00,1.00
2018.02.23 19:57:36.009,8.16987,8.17162,1.00,1.00
2018.02.23 19:57:36.484,8.17003,8.17162,1.00,1.00
2018.02.23 19:57:36.535,8.17003,8.17172,1.00,1.00
2018.02.23 19:57:36.724,8.16999,8.17172,1.00,1.00
2018.02.23 19:57:39.652,8.16993,8.17168,1.00,1.00
2018.02.23 19:57:43.368,8.17015,8.17169,1.00,1.00
2018.02.23 19:57:43.420,8.17026,8.17194,1.00,1.00
2018.02.23 19:57:43.471,8.17033,8.17194,1.00,1.00
2018.02.23 19:57:43.524,8.17028,8.17194,1.00,1.00
2018.02.23 19:57:43.637,8.17022,8.17194,1.50,1.00
2018.02.23 19:57:44.177,8.17026,8.17194,1.00,1.00
2018.02.23 19:57:44.279,8.17022,8.17194,1.50,1.00
2018.02.23 19:57:44.859,8.17028,8.17194,1.00,1.00
2018.02.23 19:57:45.874,8.17026,8.17194,1.00,1.00
2018.02.23 19:57:46.720,8.17022,8.17194,1.00,1.00
2018.02.23 19:57:46.822,8.17029,8.17194,1.00,1.00
2018.02.23 19:57:46.874,8.17025,8.17194,1.00,1.00
2018.02.23 19:57:46.925,8.17022,8.17189,1.00,1.00
2018.02.23 19:57:47.027,8.17014,8.17188,1.00,1.00
2018.02.23 19:57:47.672,8.17028,8.17194,1.00,1.00
2018.02.23 19:57:50.082,8.1703,8.17194,1.00,1.00
2018.02.23 19:57:52.825,8.17031,8.17205,1.00,1.00
2018.02.23 19:57:55.418,8.17031,8.17203,1.00,1.00
2018.02.23 19:57:59.602,8.17031,8.17205,1.00,1.00
2018.02.23 19:58:03.488,8.17055,8.17236,1.00,1.00
2018.02.23 19:58:03.618,8.17063,8.17244,1.00,1.00
2018.02.23 19:58:03.933,8.17063,8.1723,1.00,1.00
2018.02.23 19:58:05.085,8.17093,8.17264,1.00,1.00
2018.02.23 19:58:05.186,8.17093,8.17268,1.00,1.00
2018.02.23 19:58:05.237,8.17114,8.17289,1.00,1.00
2018.02.23 19:58:05.540,8.17098,8.17273,1.00,1.00
2018.02.23 19:58:08.165,8.1711,8.17283,1.00,1.00
2018.02.23 19:58:08.216,8.17112,8.17287,1.00,1.00
2018.02.23 19:58:08.268,8.17116,8.17291,1.00,1.00
2018.02.23 19:58:08.652,8.17123,8.17298,1.00,1.00
2018.02.23 19:58:10.445,8.17125,8.173,1.00,1.00
2018.02.23 19:58:11.531,8.17128,8.17303,1.00,1.00
2018.02.23 19:58:15.975,8.17125,8.17301,1.00,1.00
2018.02.23 19:58:19.433,8.17121,8.17296,1.00,1.00
2018.02.23 19:58:22.178,8.17115,8.17278,1.00,1.00
2018.02.23 19:58:22.229,8.17102,8.1727,1.00,1.00
2018.02.23 19:58:22.280,8.17091,8.1727,1.00,1.00
2018.02.23 19:58:22.638,8.17095,8.1727,1.00,1.00
2018.02.23 19:58:23.529,8.17099,8.17274,1.00,1.00
2018.02.23 19:58:23.947,8.17114,8.17289,1.00,1.00
2018.02.23 19:58:24.793,8.17131,8.17306,1.00,1.00
2018.02.23 19:58:24.851,8.17127,8.17306,1.00,1.00
2018.02.23 19:58:24.902,8.17127,8.17331,1.00,1.00
2018.02.23 19:58:25.055,8.17126,8.17301,1.00,1.00
2018.02.23 19:58:25.481,8.17121,8.17296,1.00,1.00
2018.02.23 19:58:27.064,8.17115,8.17272,1.00,1.00
2018.02.23 19:58:27.115,8.17102,8.17267,1.00,1.00
2018.02.23 19:58:27.167,8.17102,8.17255,1.00,1.00
2018.02.23 19:58:27.218,8.17083,8.17255,1.00,1.00
2018.02.23 19:58:27.726,8.17084,8.17255,1.00,1.00
2018.02.23 19:58:28.258,8.17078,8.17255,1.00,1.00
2018.02.23 19:58:28.310,8.17069,8.17238,1.00,1.00
2018.02.23 19:58:28.364,8.17057,8.17232,1.00,1.00
2018.02.23 19:58:28.517,8.17066,8.17243,1.00,1.00
2018.02.23 19:58:28.620,8.17069,8.17245,1.00,1.00
2018.02.23 19:58:28.761,8.1706,8.17237,1.00,1.00
2018.02.23 19:58:29.004,8.17066,8.17244,1.00,1.00
2018.02.23 19:58:29.356,8.17063,8.17238,1.00,1.00
2018.02.23 19:58:29.762,8.17076,8.17245,1.00,1.00
2018.02.23 19:58:30.218,8.1707,8.17245,1.00,1.00
2018.02.23 19:58:30.301,8.17066,8.17244,1.00,1.00
2018.02.23 19:58:30.352,8.17057,8.17245,1.00,1.00
2018.02.23 19:58:36.101,8.17052,8.17245,1.30,1.00
2018.02.23 19:58:36.254,8.17052,8.17243,1.30,1.00
2018.02.23 19:58:37.356,8.17052,8.1724,1.30,1.00
2018.02.23 19:58:37.703,8.17052,8.17236,1.30,1.00
2018.02.23 19:58:38.326,8.17052,8.17233,1.30,1.00
2018.02.23 19:58:38.377,8.17052,8.17244,1.30,1.00
2018.02.23 19:58:38.913,8.17064,8.17245,1.00,1.00
2018.02.23 19:58:38.964,8.1706,8.17245,1.00,1.00
2018.02.23 19:58:42.373,8.17063,8.17245,1.00,1.00
2018.02.23 19:58:42.707,8.17063,8.17239,1.00,1.00
2018.02.23 19:58:42.758,8.1706,8.17239,1.50,1.00
2018.02.23 19:58:47.911,8.17058,8.17239,1.00,1.00
2018.02.23 19:58:53.098,8.17048,8.17222,1.30,1.00
2018.02.23 19:58:53.513,8.17042,8.17197,1.00,1.00
2018.02.23 19:58:53.666,8.17012,8.17199,1.00,1.00
2018.02.23 19:58:53.819,8.17017,8.17194,1.00,1.00
2018.02.23 19:58:53.870,8.17011,8.17195,1.00,1.00
2018.02.23 19:58:54.166,8.17011,8.17191,1.00,1.00
2018.02.23 19:58:54.526,8.17011,8.17186,1.00,1.00
2018.02.23 19:58:55.961,8.16979,8.1718,1.00,1.00
2018.02.23 19:58:56.012,8.16976,8.17137,1.00,1.00
2018.02.23 19:58:56.214,8.16956,8.17137,1.50,1.00
2018.02.23 19:58:56.366,8.16959,8.17136,1.00,1.00
2018.02.23 19:58:56.544,8.16958,8.17155,1.00,1.00
2018.02.23 19:58:58.011,8.16956,8.17151,1.00,1.00
2018.02.23 19:58:58.436,8.16956,8.17131,1.00,1.00
2018.02.23 19:58:59.322,8.16956,8.17127,1.00,1.00
2018.02.23 19:59:00.173,8.16947,8.17125,1.00,1.00
2018.02.23 19:59:00.224,8.16955,8.17133,1.00,1.00
2018.02.23 19:59:00.529,8.1696,8.17136,1.00,1.00
2018.02.23 19:59:01.048,8.16945,8.17123,1.00,1.00
2018.02.23 19:59:01.099,8.16943,8.17115,1.00,1.00
2018.02.23 19:59:01.150,8.16946,8.17123,1.00,1.00
2018.02.23 19:59:01.261,8.1695,8.17127,1.00,1.00
2018.02.23 19:59:04.324,8.16944,8.17122,1.00,1.00
2018.02.23 19:59:04.665,8.16953,8.17131,1.00,1.00
2018.02.23 19:59:05.272,8.16946,8.17123,1.00,1.00
2018.02.23 19:59:06.155,8.16951,8.17128,1.00,1.00
2018.02.23 19:59:06.705,8.1695,8.17127,1.00,1.00
2018.02.23 19:59:10.501,8.16946,8.17123,1.00,1.00
2018.02.23 19:59:10.941,8.16949,8.17125,1.00,1.00
2018.02.23 19:59:11.103,8.16953,8.1713,1.00,1.00
2018.02.23 19:59:11.154,8.16949,8.17127,1.00,1.00
2018.02.23 19:59:12.400,8.16943,8.17121,1.50,1.00
2018.02.23 19:59:12.953,8.16945,8.17123,1.00,1.00
2018.02.23 19:59:13.489,8.16943,8.17108,1.00,1.00
2018.02.23 19:59:13.756,8.16927,8.17104,1.00,1.00
2018.02.23 19:59:13.925,8.16936,8.17114,1.00,1.00
2018.02.23 19:59:14.757,8.16926,8.17104,1.00,1.00
2018.02.23 19:59:15.096,8.1693,8.17107,1.00,1.00
2018.02.23 19:59:16.077,8.16935,8.17111,1.00,1.00
2018.02.23 19:59:23.434,8.16949,8.17125,1.00,1.00
2018.02.23 19:59:23.536,8.16952,8.17129,1.00,1.00
2018.02.23 19:59:25.126,8.16956,8.17133,1.00,1.00
2018.02.23 19:59:30.239,8.1696,8.17137,1.00,1.00
2018.02.23 19:59:30.542,8.1694,8.17117,1.00,1.00
2018.02.23 19:59:30.795,8.1693,8.17108,1.00,1.00
2018.02.23 19:59:31.497,8.16939,8.17116,1.00,1.00
2018.02.23 19:59:32.113,8.16933,8.17111,1.00,1.00
2018.02.23 19:59:32.349,8.1692,8.17098,1.00,1.00
2018.02.23 19:59:32.664,8.16917,8.17094,1.00,1.00
2018.02.23 19:59:32.995,8.16915,8.17091,1.00,1.50
2018.02.23 19:59:33.114,8.1691,8.17088,1.00,1.00
2018.02.23 19:59:33.426,8.16919,8.17091,1.00,1.00
2018.02.23 19:59:33.753,8.16928,8.17091,1.00,1.00
2018.02.23 19:59:34.055,8.16923,8.17091,1.00,1.00
2018.02.23 19:59:34.107,8.16915,8.17091,1.00,1.00
2018.02.23 19:59:34.361,8.16905,8.17082,1.07,1.00
2018.02.23 19:59:34.460,8.16913,8.17091,1.00,1.50
2018.02.23 19:59:34.512,8.16922,8.171,1.00,1.00
2018.02.23 19:59:35.342,8.16927,8.17104,1.00,1.00
2018.02.23 19:59:35.750,8.16931,8.17108,1.00,1.00
2018.02.23 19:59:36.100,8.16917,8.17093,1.00,1.00
2018.02.23 19:59:36.413,8.16925,8.17096,1.00,1.00
2018.02.23 19:59:36.515,8.16912,8.17089,1.00,1.00
2018.02.23 19:59:36.661,8.16903,8.17081,1.32,1.00
2018.02.23 19:59:36.969,8.16802,8.16977,1.00,1.00
2018.02.23 19:59:37.286,8.16785,8.16951,1.00,1.00
2018.02.23 19:59:37.438,8.16751,8.16923,1.00,1.00
2018.02.23 19:59:37.489,8.16751,8.16911,1.00,1.00
2018.02.23 19:59:37.644,8.16724,8.16905,1.00,1.00
2018.02.23 19:59:37.696,8.16698,8.16871,1.00,1.00
2018.02.23 19:59:37.816,8.16685,8.1686,1.00,1.00
2018.02.23 19:59:37.867,8.16684,8.16853,1.00,1.00
2018.02.23 19:59:37.918,8.16639,8.16853,1.00,1.00
2018.02.23 19:59:37.968,8.16637,8.16844,1.00,1.00
2018.02.23 19:59:38.172,8.16602,8.16816,1.00,1.00
2018.02.23 19:59:38.324,8.16598,8.16806,1.00,1.00
2018.02.23 19:59:38.425,8.16594,8.16806,1.00,1.00
2018.02.23 19:59:38.625,8.16573,8.16783,1.00,1.00
2018.02.23 19:59:38.677,8.16561,8.16775,1.00,1.00
2018.02.23 19:59:38.729,8.16557,8.16766,1.00,1.00
2018.02.23 19:59:39.035,8.16541,8.16749,1.00,1.00
2018.02.23 19:59:39.137,8.16563,8.16777,1.00,1.00
2018.02.23 19:59:39.188,8.1656,8.16774,1.00,1.00
2018.02.23 19:59:39.510,8.1658,8.16794,1.00,1.00
2018.02.23 19:59:40.056,8.16576,8.1679,1.00,1.00
2018.02.23 19:59:40.384,8.16578,8.16792,1.00,1.00
2018.02.23 19:59:40.725,8.16574,8.16788,1.00,1.00
2018.02.23 19:59:41.137,8.1657,8.16784,1.00,1.00
2018.02.23 19:59:42.053,8.16566,8.1678,1.00,1.00
2018.02.23 19:59:42.387,8.16575,8.16789,1.00,1.00
2018.02.23 19:59:42.697,8.16571,8.16785,1.00,1.00
2018.02.23 19:59:43.377,8.16563,8.16777,1.00,1.00
2018.02.23 19:59:43.633,8.16444,8.16665,1.00,1.00
2018.02.23 19:59:43.684,8.16444,8.16673,1.00,1.60
2018.02.23 19:59:43.735,8.16442,8.16695,1.00,1.00
2018.02.23 19:59:43.787,8.16451,8.16704,1.00,1.60
2018.02.23 19:59:43.990,8.16469,8.16722,1.00,1.00
2018.02.23 19:59:44.092,8.16461,8.16714,1.00,1.00
2018.02.23 19:59:44.406,8.16528,8.16742,1.00,1.00
2018.02.23 19:59:44.508,8.16537,8.16752,1.00,1.00
2018.02.23 19:59:44.661,8.16529,8.16743,1.00,1.00
2018.02.23 19:59:44.965,8.16546,8.1676,1.00,1.00
2018.02.23 19:59:45.278,8.16542,8.16756,1.00,1.00
2018.02.23 19:59:45.583,8.16525,8.16739,1.00,1.00
2018.02.23 19:59:45.888,8.16537,8.16751,1.00,1.00
2018.02.23 19:59:46.193,8.16586,8.168,1.00,1.00
2018.02.23 19:59:46.615,8.16577,8.16791,1.00,1.00
2018.02.23 19:59:47.242,8.16573,8.16787,1.00,1.00
2018.02.23 19:59:49.015,8.16565,8.16779,1.00,1.00
2018.02.23 19:59:49.334,8.16573,8.16787,1.00,1.00
2018.02.23 19:59:49.639,8.16564,8.16778,1.00,1.00
2018.02.23 19:59:49.946,8.166,8.16814,1.00,1.00
2018.02.23 19:59:50.272,8.16666,8.16814,1.38,1.00
2018.02.23 19:59:50.374,8.166,8.16814,1.00,1.00
2018.02.23 19:59:51.071,8.16604,8.16816,1.00,1.00
2018.02.23 19:59:51.130,8.16611,8.16825,1.00,1.00
2018.02.23 19:59:51.181,8.16614,8.16828,1.00,1.00
2018.02.23 19:59:51.235,8.16611,8.16826,1.00,1.00
2018.02.23 19:59:51.388,8.16602,8.16816,1.00,1.00
2018.02.23 19:59:51.965,8.16592,8.16807,1.00,1.00
2018.02.23 19:59:54.142,8.16586,8.168,1.00,1.00
2018.02.23 19:59:54.488,8.16592,8.16806,1.00,1.00
2018.02.23 19:59:54.810,8.16601,8.16815,1.00,1.00
2018.02.23 19:59:55.235,8.16624,8.16799,1.00,1.00
2018.02.23 19:59:55.633,8.16626,8.16801,1.00,1.00
2018.02.23 19:59:56.081,8.16621,8.16796,1.00,1.00
2018.02.23 19:59:56.414,8.16616,8.16791,1.00,1.00
2018.02.23 19:59:57.030,8.16621,8.16796,1.00,1.00
2018.02.23 19:59:58.586,8.16626,8.16799,1.00,1.00
2018.02.23 19:59:59.842,8.16623,8.16798,1.00,1.00
