2018.02.20 13:00:00.158,8.07411,8.07546,1.00,1.00
2018.02.20 13:00:00.209,8.07398,8.07538,1.00,1.00
2018.02.20 13:00:00.260,8.07388,8.07538,1.00,1.00
2018.02.20 13:00:00.311,8.07393,8.07537,1.00,1.00
2018.02.20 13:00:00.909,8.07403,8.07545,1.00,1.00
2018.02.20 13:00:01.915,8.07401,8.07545,1.00,1.00
2018.02.20 13:00:02.105,8.07388,8.07527,1.00,1.00
2018.02.20 13:00:02.207,8.07389,8.07533,1.00,1.00
2018.02.20 13:00:02.257,8.07388,8.07529,1.00,1.00
2018.02.20 13:00:02.354,8.07392,8.07535,1.00,1.00
2018.02.20 13:00:02.407,8.07388,8.07527,1.00,1.00
2018.02.20 13:00:02.458,8.07388,8.07532,1.50,1.00
2018.02.20 13:00:02.560,8.07388,8.07523,1.00,1.00
2018.02.20 13:00:02.664,8.07391,8.07535,1.00,1.00
2018.02.20 13:00:02.715,8.07396,8.0754,1.00,1.00
2018.02.20 13:00:03.041,8.07435,8.0754,1.00,1.00
2018.02.20 13:00:03.490,8.07435,8.07544,1.00,1.00
2018.02.20 13:00:03.678,8.07435,8.07552,1.00,1.37
2018.02.20 13:00:03.838,8.07435,8.07552,1.00,1.00
2018.02.20 13:00:03.890,8.07435,8.07558,1.00,1.00
2018.02.20 13:00:04.112,8.07435,8.07554,1.00,1.00
2018.02.20 13:00:04.163,8.0741,8.0753,1.00,1.00
2018.02.20 13:00:04.215,8.0741,8.07539,1.00,1.00
2018.02.20 13:00:04.266,8.07428,8.07537,1.00,1.00
2018.02.20 13:00:04.844,8.07428,8.07536,1.00,1.00
2018.02.20 13:00:05.498,8.07428,8.07542,1.00,1.00
2018.02.20 13:00:05.550,8.07428,8.07536,1.00,1.00
2018.02.20 13:00:06.109,8.07404,8.07519,1.00,1.00
2018.02.20 13:00:06.210,8.07404,8.07524,1.00,1.00
2018.02.20 13:00:06.313,8.07423,8.07524,1.00,1.00
2018.02.20 13:00:06.365,8.07423,8.07532,1.00,1.00
2018.02.20 13:00:07.015,8.07423,8.07527,1.00,1.00
2018.02.20 13:00:07.824,8.07423,8.07538,1.00,1.12
2018.02.20 13:00:07.875,8.07438,8.07539,1.00,1.37
2018.02.20 13:00:08.968,8.07438,8.07544,1.00,1.00
2018.02.20 13:00:09.313,8.07438,8.07548,1.00,1.00
2018.02.20 13:00:09.366,8.07438,8.07553,1.00,1.37
2018.02.20 13:00:10.318,8.07458,8.07558,1.00,1.37
2018.02.20 13:00:10.807,8.07458,8.07558,1.00,1.00
2018.02.20 13:00:11.412,8.07458,8.07562,1.00,1.00
2018.02.20 13:00:12.239,8.07475,8.07562,1.00,1.00
2018.02.20 13:00:13.894,8.07475,8.07556,1.00,1.00
2018.02.20 13:00:14.300,8.07475,8.07561,1.00,1.00
2018.02.20 13:00:14.546,8.07475,8.07568,1.00,1.00
2018.02.20 13:00:14.597,8.07496,8.07598,1.00,1.35
2018.02.20 13:00:15.058,8.07496,8.07595,1.00,1.00
2018.02.20 13:00:15.175,8.07496,8.07589,1.00,1.00
2018.02.20 13:00:15.277,8.07496,8.07595,1.00,1.00
2018.02.20 13:00:16.832,8.07519,8.07595,1.00,1.00
2018.02.20 13:00:16.939,8.07519,8.07599,1.00,1.00
2018.02.20 13:00:17.639,8.07519,8.07608,1.00,1.00
2018.02.20 13:00:18.105,8.07519,8.07603,1.00,1.00
2018.02.20 13:00:18.156,8.07519,8.07608,1.00,1.00
2018.02.20 13:00:18.877,8.07519,8.07612,1.00,1.00
2018.02.20 13:00:20.095,8.07519,8.07616,1.00,1.00
2018.02.20 13:00:20.198,8.07537,8.07623,1.00,1.00
2018.02.20 13:00:20.400,8.07518,8.07623,1.00,1.00
2018.02.20 13:00:20.655,8.07518,8.07626,1.00,1.00
2018.02.20 13:00:24.200,8.07518,8.07631,1.00,1.00
2018.02.20 13:00:24.770,8.07534,8.07646,1.00,1.37
2018.02.20 13:00:26.127,8.07534,8.07646,1.00,1.00
2018.02.20 13:00:26.458,8.07534,8.07648,1.00,1.00
2018.02.20 13:00:29.814,8.07534,8.07644,1.00,1.00
2018.02.20 13:00:30.172,8.07562,8.07644,1.00,1.00
2018.02.20 13:00:31.588,8.07562,8.07646,1.00,1.00
2018.02.20 13:00:31.969,8.07562,8.07652,1.00,1.00
2018.02.20 13:00:32.437,8.07562,8.07661,1.00,1.00
2018.02.20 13:00:32.488,8.07562,8.07669,1.00,1.37
2018.02.20 13:00:32.743,8.0758,8.07683,1.00,1.75
2018.02.20 13:00:32.845,8.07597,8.07684,1.00,1.00
2018.02.20 13:00:32.918,8.07597,8.07688,1.00,1.00
2018.02.20 13:00:32.969,8.07597,8.07693,1.00,1.00
2018.02.20 13:00:34.905,8.07597,8.07707,1.00,1.37
2018.02.20 13:00:34.956,8.07622,8.07707,1.00,1.37
2018.02.20 13:00:35.722,8.07622,8.07717,1.00,1.37
2018.02.20 13:00:35.824,8.0764,8.07755,1.00,1.75
2018.02.20 13:00:35.876,8.07638,8.07755,1.00,1.75
2018.02.20 13:00:36.467,8.07638,8.07726,1.00,1.00
2018.02.20 13:00:36.586,8.07638,8.07729,1.00,1.00
2018.02.20 13:00:37.086,8.07638,8.07736,1.00,1.00
2018.02.20 13:00:37.765,8.07638,8.0774,1.00,1.00
2018.02.20 13:00:37.816,8.07638,8.07748,1.00,1.00
2018.02.20 13:00:38.045,8.07638,8.07752,1.00,1.00
2018.02.20 13:00:38.760,8.07654,8.07752,1.00,1.00
2018.02.20 13:00:38.811,8.07654,8.07761,1.00,1.37
2018.02.20 13:00:38.862,8.0767,8.07769,1.00,1.37
2018.02.20 13:00:39.397,8.0767,8.07773,1.00,1.00
2018.02.20 13:00:39.499,8.0767,8.07756,1.00,1.00
2018.02.20 13:00:39.826,8.0767,8.07742,1.00,1.00
2018.02.20 13:00:39.979,8.07639,8.07738,1.00,1.00
2018.02.20 13:00:40.030,8.07639,8.07741,1.00,1.00
2018.02.20 13:00:40.612,8.07639,8.07746,1.00,1.00
2018.02.20 13:00:40.792,8.07639,8.07743,1.00,1.00
2018.02.20 13:00:41.488,8.07639,8.07746,1.00,1.00
2018.02.20 13:00:42.226,8.07639,8.07741,1.00,1.00
2018.02.20 13:00:42.278,8.07639,8.07746,1.00,1.00
2018.02.20 13:00:42.379,8.07658,8.07746,1.00,1.00
2018.02.20 13:00:42.532,8.07678,8.07781,1.00,1.37
2018.02.20 13:00:42.728,8.07658,8.07781,1.00,1.37
2018.02.20 13:00:42.778,8.07658,8.0774,1.00,1.00
2018.02.20 13:00:42.829,8.07638,8.07732,1.00,1.00
2018.02.20 13:00:42.981,8.07638,8.07709,1.00,1.00
2018.02.20 13:00:43.032,8.07612,8.07704,1.00,1.00
2018.02.20 13:00:43.083,8.07612,8.07701,1.00,1.00
2018.02.20 13:00:43.134,8.07584,8.07686,1.00,1.00
2018.02.20 13:00:43.185,8.07584,8.07697,1.00,1.00
2018.02.20 13:00:43.236,8.07584,8.07691,1.00,1.00
2018.02.20 13:00:43.492,8.07584,8.07695,1.00,1.00
2018.02.20 13:00:43.622,8.07584,8.07698,1.00,1.00
2018.02.20 13:00:43.938,8.07584,8.07702,1.00,1.00
2018.02.20 13:00:43.990,8.07584,8.07696,1.00,1.00
2018.02.20 13:00:44.041,8.07584,8.07701,1.00,1.00
2018.02.20 13:00:45.522,8.07603,8.07701,1.00,1.00
2018.02.20 13:00:45.625,8.07603,8.07706,1.00,1.00
2018.02.20 13:00:46.231,8.07603,8.07701,1.00,1.00
2018.02.20 13:00:46.999,8.07603,8.07707,1.00,1.00
2018.02.20 13:00:47.183,8.07603,8.07705,1.00,1.00
2018.02.20 13:00:47.851,8.07603,8.07706,1.00,1.00
2018.02.20 13:00:48.273,8.07603,8.0771,1.00,1.00
2018.02.20 13:00:48.325,8.07603,8.07722,1.00,1.00
2018.02.20 13:00:48.427,8.0763,8.07726,1.00,1.00
2018.02.20 13:00:48.825,8.0763,8.07721,1.00,1.00
2018.02.20 13:00:48.953,8.0763,8.07731,1.00,1.37
2018.02.20 13:00:49.912,8.0763,8.07731,1.00,1.00
2018.02.20 13:00:50.168,8.0763,8.07737,1.00,1.00
2018.02.20 13:00:50.219,8.0763,8.07741,1.00,1.37
2018.02.20 13:00:50.270,8.0763,8.07733,1.00,1.00
2018.02.20 13:00:50.321,8.0763,8.07737,1.00,1.00
2018.02.20 13:00:51.453,8.0763,8.07743,1.00,1.37
2018.02.20 13:00:51.504,8.0763,8.07743,1.00,1.00
2018.02.20 13:00:51.606,8.0763,8.07756,1.00,1.00
2018.02.20 13:00:51.759,8.0763,8.07753,1.00,1.00
2018.02.20 13:00:54.298,8.07651,8.07753,1.00,1.00
2018.02.20 13:00:55.866,8.07651,8.07759,1.00,1.00
2018.02.20 13:00:56.800,8.07651,8.07755,1.00,1.00
2018.02.20 13:00:56.901,8.07651,8.07759,1.00,1.00
2018.02.20 13:00:57.218,8.07651,8.07754,1.00,1.00
2018.02.20 13:00:57.320,8.07651,8.07757,1.00,1.00
2018.02.20 13:00:57.517,8.07651,8.07759,1.00,1.00
2018.02.20 13:00:57.974,8.07651,8.07764,1.00,1.00
2018.02.20 13:00:58.350,8.07651,8.07759,1.00,1.00
2018.02.20 13:00:59.079,8.07651,8.07763,1.00,1.00
2018.02.20 13:00:59.230,8.07651,8.07803,1.00,1.75
2018.02.20 13:00:59.281,8.07675,8.07803,1.00,1.75
2018.02.20 13:01:00.345,8.07705,8.07815,1.00,1.00
2018.02.20 13:01:00.928,8.07723,8.07815,1.00,1.00
2018.02.20 13:01:01.036,8.07723,8.07847,1.00,1.00
2018.02.20 13:01:01.195,8.07723,8.07806,1.00,1.00
2018.02.20 13:01:01.247,8.07723,8.07811,1.00,1.00
2018.02.20 13:01:01.408,8.07723,8.07804,1.00,1.00
2018.02.20 13:01:02.074,8.07697,8.07801,1.00,1.00
2018.02.20 13:01:02.125,8.07714,8.07795,1.00,1.00
2018.02.20 13:01:02.461,8.07714,8.07782,1.00,1.00
2018.02.20 13:01:03.995,8.07714,8.07786,1.00,1.00
2018.02.20 13:01:04.090,8.07714,8.0779,1.00,1.00
2018.02.20 13:01:04.141,8.07714,8.07797,1.00,1.00
2018.02.20 13:01:04.193,8.07714,8.07795,1.00,1.00
2018.02.20 13:01:04.502,8.07714,8.07784,1.00,1.00
2018.02.20 13:01:05.446,8.07714,8.07794,1.00,1.00
2018.02.20 13:01:06.881,8.07714,8.07804,1.00,1.00
2018.02.20 13:01:07.066,8.07714,8.0785,1.00,1.37
2018.02.20 13:01:07.117,8.07714,8.07815,1.00,1.00
2018.02.20 13:01:07.683,8.07714,8.07849,1.00,1.12
2018.02.20 13:01:07.734,8.07714,8.0781,1.00,1.00
2018.02.20 13:01:08.539,8.07714,8.07848,1.00,1.00
2018.02.20 13:01:08.875,8.07714,8.07852,1.00,1.00
2018.02.20 13:01:08.930,8.07714,8.07849,1.00,1.00
2018.02.20 13:01:09.244,8.07732,8.07852,1.00,1.00
2018.02.20 13:01:09.348,8.07755,8.07903,1.00,1.00
2018.02.20 13:01:09.450,8.07755,8.07909,1.00,1.00
2018.02.20 13:01:09.501,8.07738,8.07901,1.00,1.00
2018.02.20 13:01:09.553,8.07738,8.07833,1.00,1.00
2018.02.20 13:01:09.665,8.07738,8.07841,1.00,1.00
2018.02.20 13:01:09.767,8.07738,8.07849,1.00,1.00
2018.02.20 13:01:10.042,8.07738,8.07845,1.00,1.00
2018.02.20 13:01:10.679,8.07738,8.07844,1.00,1.00
2018.02.20 13:01:10.862,8.07738,8.07852,1.00,1.00
2018.02.20 13:01:11.167,8.07744,8.07818,1.00,1.00
2018.02.20 13:01:11.270,8.07744,8.0786,1.00,1.50
2018.02.20 13:01:11.372,8.07766,8.07855,1.00,1.00
2018.02.20 13:01:11.424,8.07766,8.07868,1.00,1.00
2018.02.20 13:01:11.985,8.07766,8.07871,1.00,1.00
2018.02.20 13:01:12.212,8.07766,8.07877,1.00,1.00
2018.02.20 13:01:12.314,8.07766,8.07873,1.00,1.00
2018.02.20 13:01:12.465,8.07766,8.07877,1.00,1.00
2018.02.20 13:01:12.991,8.07787,8.07882,1.00,1.00
2018.02.20 13:01:13.042,8.07787,8.07887,1.00,1.00
2018.02.20 13:01:13.713,8.07787,8.07875,1.00,1.00
2018.02.20 13:01:15.532,8.07787,8.07871,1.00,1.00
2018.02.20 13:01:15.583,8.07769,8.07871,1.00,1.00
2018.02.20 13:01:15.903,8.07769,8.0788,1.00,1.00
2018.02.20 13:01:17.060,8.07769,8.07882,1.00,1.00
2018.02.20 13:01:19.354,8.07769,8.07886,1.00,1.00
2018.02.20 13:01:21.093,8.07769,8.07883,1.00,1.00
2018.02.20 13:01:23.797,8.07769,8.0788,1.00,1.00
2018.02.20 13:01:25.430,8.07769,8.07876,1.00,1.00
2018.02.20 13:01:26.200,8.07769,8.07866,1.00,1.00
2018.02.20 13:01:26.252,8.0775,8.07854,1.00,1.00
2018.02.20 13:01:26.875,8.0775,8.07856,1.00,1.00
2018.02.20 13:01:27.082,8.0775,8.07861,1.00,1.00
2018.02.20 13:01:27.134,8.07755,8.07861,1.00,1.00
2018.02.20 13:01:27.508,8.07755,8.07854,1.00,1.00
2018.02.20 13:01:28.241,8.07755,8.07863,1.00,1.00
2018.02.20 13:01:28.293,8.07755,8.07872,1.00,1.00
2018.02.20 13:01:28.498,8.07755,8.07878,1.00,1.00
2018.02.20 13:01:29.418,8.07755,8.07875,1.00,1.00
2018.02.20 13:01:30.314,8.07774,8.07875,1.00,1.00
2018.02.20 13:01:30.445,8.07774,8.07886,1.00,1.00
2018.02.20 13:01:30.497,8.07774,8.07892,1.00,1.00
2018.02.20 13:01:30.718,8.07774,8.07889,1.00,1.00
2018.02.20 13:01:32.089,8.07774,8.07886,1.00,1.00
2018.02.20 13:01:32.418,8.07774,8.07898,1.00,1.00
2018.02.20 13:01:32.570,8.07774,8.07894,1.00,1.00
2018.02.20 13:01:32.875,8.07753,8.07867,1.00,1.00
2018.02.20 13:01:32.981,8.07753,8.07872,1.00,1.00
2018.02.20 13:01:33.192,8.07753,8.07878,1.00,1.00
2018.02.20 13:01:33.244,8.07753,8.07889,1.00,1.00
2018.02.20 13:01:33.389,8.07772,8.07889,1.00,1.00
2018.02.20 13:01:33.727,8.07772,8.07905,1.00,1.00
2018.02.20 13:01:33.779,8.07787,8.07905,1.00,1.00
2018.02.20 13:01:37.475,8.07787,8.07898,1.00,1.00
2018.02.20 13:01:37.995,8.07787,8.07911,1.00,1.00
2018.02.20 13:01:38.936,8.07787,8.07919,1.00,1.00
2018.02.20 13:01:38.987,8.07787,8.07924,1.00,1.00
2018.02.20 13:01:39.428,8.07823,8.07924,1.00,1.00
2018.02.20 13:01:39.479,8.07805,8.07924,1.00,1.00
2018.02.20 13:01:39.530,8.07823,8.07924,1.00,1.00
2018.02.20 13:01:40.736,8.07844,8.07943,1.00,1.00
2018.02.20 13:01:40.787,8.07842,8.07943,1.00,1.00
2018.02.20 13:01:41.857,8.07842,8.07941,1.00,1.00
2018.02.20 13:01:42.876,8.07842,8.07961,1.00,1.00
2018.02.20 13:01:42.928,8.07863,8.07966,1.00,1.00
2018.02.20 13:01:43.253,8.0783,8.07922,1.00,1.00
2018.02.20 13:01:43.559,8.0781,8.07894,1.00,1.00
2018.02.20 13:01:44.256,8.0781,8.07895,1.00,1.00
2018.02.20 13:01:44.826,8.0781,8.07902,1.00,1.00
2018.02.20 13:01:44.878,8.07812,8.07902,1.00,1.00
2018.02.20 13:01:45.829,8.07812,8.07906,1.00,1.00
2018.02.20 13:01:46.322,8.07812,8.07901,1.00,1.00
2018.02.20 13:01:46.653,8.07812,8.07895,1.00,1.00
2018.02.20 13:01:47.123,8.07812,8.07899,1.00,1.00
2018.02.20 13:01:47.659,8.07812,8.07898,1.00,1.00
2018.02.20 13:01:48.024,8.07812,8.07902,1.00,1.00
2018.02.20 13:01:48.579,8.07812,8.07901,1.00,1.00
2018.02.20 13:01:50.991,8.07812,8.07898,1.00,1.00
2018.02.20 13:01:51.671,8.07789,8.07898,1.00,1.00
2018.02.20 13:01:51.724,8.07789,8.07894,1.00,1.00
2018.02.20 13:01:51.775,8.07789,8.07904,1.00,1.00
2018.02.20 13:01:51.826,8.07789,8.07901,1.00,1.00
2018.02.20 13:01:54.266,8.07789,8.07905,1.00,1.00
2018.02.20 13:01:54.318,8.07789,8.07914,1.00,1.00
2018.02.20 13:01:54.370,8.07811,8.07914,1.00,1.00
2018.02.20 13:01:54.578,8.07811,8.07918,1.00,1.00
2018.02.20 13:01:54.628,8.07828,8.07928,1.00,1.00
2018.02.20 13:01:54.932,8.07828,8.07911,1.00,1.00
2018.02.20 13:01:55.809,8.07828,8.07907,1.00,1.00
2018.02.20 13:01:55.860,8.07807,8.07914,1.00,1.00
2018.02.20 13:01:56.037,8.07807,8.0791,1.00,1.00
2018.02.20 13:01:56.088,8.07789,8.07896,1.00,1.00
2018.02.20 13:01:56.190,8.07789,8.0789,1.00,1.00
2018.02.20 13:01:56.898,8.07789,8.07889,1.00,1.00
2018.02.20 13:01:57.243,8.07789,8.07879,1.00,1.00
2018.02.20 13:01:57.592,8.07765,8.07888,1.00,1.00
2018.02.20 13:01:57.812,8.07765,8.07884,1.00,1.00
2018.02.20 13:01:58.091,8.07765,8.07886,1.00,1.00
2018.02.20 13:01:58.418,8.07765,8.07884,1.00,1.00
2018.02.20 13:01:58.797,8.07765,8.07886,1.00,1.00
2018.02.20 13:01:59.088,8.07765,8.07883,1.00,1.00
2018.02.20 13:01:59.477,8.07765,8.07886,1.00,1.00
2018.02.20 13:02:00.025,8.07765,8.07887,1.00,1.00
2018.02.20 13:02:00.308,8.07765,8.07885,1.00,1.00
2018.02.20 13:02:00.620,8.07765,8.07877,1.00,1.00
2018.02.20 13:02:00.794,8.07765,8.07885,1.00,1.00
2018.02.20 13:02:00.968,8.07765,8.07882,1.00,1.00
2018.02.20 13:02:01.274,8.07739,8.07847,1.00,1.00
2018.02.20 13:02:02.150,8.07739,8.07852,1.00,1.00
2018.02.20 13:02:03.717,8.07739,8.07855,1.00,1.00
2018.02.20 13:02:04.880,8.07739,8.07852,1.00,1.00
2018.02.20 13:02:07.169,8.07739,8.07856,1.00,1.00
2018.02.20 13:02:08.036,8.07758,8.07871,1.00,1.00
2018.02.20 13:02:08.088,8.07758,8.07885,1.00,1.00
2018.02.20 13:02:08.140,8.07775,8.07896,1.00,1.00
2018.02.20 13:02:08.471,8.07791,8.07903,1.00,1.00
2018.02.20 13:02:08.734,8.07791,8.07912,1.00,1.00
2018.02.20 13:02:09.150,8.07791,8.07914,1.00,1.00
2018.02.20 13:02:09.399,8.07791,8.07911,1.00,1.00
2018.02.20 13:02:09.947,8.07791,8.07896,1.00,1.00
2018.02.20 13:02:10.063,8.07773,8.07888,1.00,1.00
2018.02.20 13:02:10.115,8.07773,8.07874,1.00,1.00
2018.02.20 13:02:10.217,8.07752,8.07866,1.00,1.00
2018.02.20 13:02:10.268,8.07752,8.07857,1.00,1.00
2018.02.20 13:02:11.668,8.07752,8.07859,1.00,1.00
2018.02.20 13:02:11.875,8.07752,8.07861,1.00,1.00
2018.02.20 13:02:12.404,8.07752,8.07857,1.00,1.00
2018.02.20 13:02:12.723,8.07752,8.07882,1.00,1.00
2018.02.20 13:02:13.877,8.07752,8.0789,1.00,1.00
2018.02.20 13:02:13.928,8.07774,8.0789,1.00,1.00
2018.02.20 13:02:14.637,8.07774,8.07884,1.00,1.00
2018.02.20 13:02:17.178,8.07774,8.07883,1.00,1.00
2018.02.20 13:02:18.113,8.07774,8.0788,1.00,1.00
2018.02.20 13:02:18.265,8.07774,8.07883,1.00,1.00
2018.02.20 13:02:18.316,8.07774,8.07888,1.00,1.00
2018.02.20 13:02:18.621,8.07774,8.07894,1.00,1.00
2018.02.20 13:02:18.672,8.07774,8.07881,1.00,1.00
2018.02.20 13:02:18.862,8.07774,8.07883,1.00,1.00
2018.02.20 13:02:20.890,8.07774,8.07876,1.00,1.00
2018.02.20 13:02:20.941,8.07754,8.07857,1.00,1.00
2018.02.20 13:02:20.992,8.07754,8.07853,1.00,1.00
2018.02.20 13:02:21.094,8.07735,8.07853,1.00,1.00
2018.02.20 13:02:21.200,8.07735,8.07853,1.00,1.37
2018.02.20 13:02:21.251,8.07714,8.07837,1.00,1.00
2018.02.20 13:02:21.302,8.07714,8.07826,1.00,1.00
2018.02.20 13:02:22.500,8.07714,8.07821,1.00,1.00
2018.02.20 13:02:23.100,8.07714,8.07818,1.00,1.00
2018.02.20 13:02:24.006,8.07714,8.07811,1.00,1.00
2018.02.20 13:02:24.170,8.07689,8.07803,1.00,1.00
2018.02.20 13:02:24.221,8.07689,8.07791,1.00,1.00
2018.02.20 13:02:24.375,8.07667,8.07782,1.00,1.00
2018.02.20 13:02:25.056,8.07667,8.078,1.00,1.00
2018.02.20 13:02:25.109,8.07667,8.07792,1.00,1.00
2018.02.20 13:02:25.546,8.07667,8.07786,1.00,1.00
2018.02.20 13:02:26.161,8.07667,8.07782,1.00,1.00
2018.02.20 13:02:26.528,8.07667,8.07773,1.00,1.00
2018.02.20 13:02:26.811,8.07648,8.07765,1.00,1.00
2018.02.20 13:02:26.862,8.07648,8.07759,1.00,1.00
2018.02.20 13:02:27.069,8.07627,8.07749,1.00,1.00
2018.02.20 13:02:27.171,8.07627,8.07747,1.00,1.00
2018.02.20 13:02:27.518,8.07605,8.07739,1.00,1.00
2018.02.20 13:02:27.774,8.07605,8.07744,1.00,1.00
2018.02.20 13:02:28.327,8.07628,8.07753,1.00,1.00
2018.02.20 13:02:28.899,8.07628,8.07763,1.00,1.00
2018.02.20 13:02:28.951,8.07628,8.07755,1.00,1.00
2018.02.20 13:02:29.365,8.07628,8.0775,1.00,1.00
2018.02.20 13:02:29.417,8.07628,8.0776,1.00,1.00
2018.02.20 13:02:29.469,8.07646,8.07771,1.00,1.00
2018.02.20 13:02:29.623,8.07646,8.07775,1.00,1.00
2018.02.20 13:02:29.674,8.07646,8.07779,1.00,1.00
2018.02.20 13:02:29.981,8.07646,8.07784,1.00,1.00
2018.02.20 13:02:32.088,8.07646,8.07778,1.00,1.00
2018.02.20 13:02:32.401,8.0763,8.07747,1.00,1.00
2018.02.20 13:02:32.700,8.07559,8.07677,1.00,1.00
2018.02.20 13:02:32.752,8.07547,8.07656,1.00,1.00
2018.02.20 13:02:32.855,8.07525,8.07661,1.00,1.00
2018.02.20 13:02:32.906,8.07525,8.07655,1.00,1.00
2018.02.20 13:02:33.238,8.07521,8.07649,1.00,1.00
2018.02.20 13:02:33.544,8.07505,8.07634,1.00,1.00
2018.02.20 13:02:33.707,8.07505,8.07632,1.00,1.00
2018.02.20 13:02:33.863,8.07465,8.07595,1.00,1.00
2018.02.20 13:02:34.082,8.07465,8.07592,1.00,1.00
2018.02.20 13:02:34.385,8.07463,8.07575,1.00,1.00
2018.02.20 13:02:34.561,8.07463,8.07581,1.00,1.00
2018.02.20 13:02:34.983,8.07463,8.07598,1.00,1.00
2018.02.20 13:02:35.084,8.07463,8.07596,1.00,1.00
2018.02.20 13:02:35.387,8.07463,8.07589,1.00,1.00
2018.02.20 13:02:35.707,8.07463,8.07594,1.00,1.00
2018.02.20 13:02:35.858,8.07463,8.07605,1.00,1.00
2018.02.20 13:02:35.909,8.07479,8.07612,1.00,1.00
2018.02.20 13:02:35.960,8.07479,8.07617,1.00,1.00
2018.02.20 13:02:36.062,8.07479,8.07623,1.00,1.00
2018.02.20 13:02:38.947,8.07479,8.07618,1.00,1.00
2018.02.20 13:02:39.965,8.07479,8.07612,1.00,1.00
2018.02.20 13:02:40.272,8.07479,8.07607,1.00,1.00
2018.02.20 13:02:40.417,8.07479,8.07611,1.00,1.00
2018.02.20 13:02:40.469,8.07479,8.07618,1.00,1.00
2018.02.20 13:02:40.856,8.07481,8.07626,1.00,1.00
2018.02.20 13:02:40.907,8.07501,8.07634,1.00,1.00
2018.02.20 13:02:40.959,8.07501,8.0764,1.00,1.00
2018.02.20 13:02:41.010,8.07501,8.07643,1.00,1.00
2018.02.20 13:02:41.520,8.07501,8.07644,1.00,1.00
2018.02.20 13:02:42.181,8.07501,8.07638,1.00,1.00
2018.02.20 13:02:42.232,8.07501,8.07643,1.00,1.00
2018.02.20 13:02:44.318,8.07501,8.07646,1.00,1.00
2018.02.20 13:02:44.661,8.07524,8.07665,1.00,1.00
2018.02.20 13:02:45.042,8.07524,8.07649,1.00,1.00
2018.02.20 13:02:45.365,8.07524,8.07645,1.00,1.00
2018.02.20 13:02:47.031,8.07524,8.07641,1.00,1.00
2018.02.20 13:02:47.133,8.0749,8.07619,1.00,1.00
2018.02.20 13:02:47.286,8.0749,8.07622,1.00,1.00
2018.02.20 13:02:48.389,8.0749,8.07615,1.00,1.00
2018.02.20 13:02:48.698,8.0749,8.07611,1.00,1.00
2018.02.20 13:02:49.034,8.0749,8.076,1.00,1.00
2018.02.20 13:02:49.085,8.07467,8.07589,1.00,1.00
2018.02.20 13:02:50.947,8.07467,8.07593,1.00,1.00
2018.02.20 13:02:54.218,8.07467,8.07581,1.00,1.00
2018.02.20 13:02:54.419,8.07447,8.07578,1.00,1.00
2018.02.20 13:02:54.762,8.07447,8.07572,1.00,1.00
2018.02.20 13:02:55.412,8.07447,8.07573,1.00,1.00
2018.02.20 13:02:55.569,8.07447,8.07579,1.00,1.00
2018.02.20 13:02:55.620,8.07447,8.07586,1.00,1.00
2018.02.20 13:02:55.830,8.07468,8.07597,1.00,1.00
2018.02.20 13:02:55.933,8.07468,8.07601,1.00,1.00
2018.02.20 13:02:55.984,8.07468,8.07606,1.00,1.00
2018.02.20 13:02:56.035,8.07483,8.0761,1.00,1.00
2018.02.20 13:02:56.758,8.07483,8.07607,1.00,1.00
2018.02.20 13:02:57.242,8.07483,8.07613,1.00,1.00
2018.02.20 13:02:58.048,8.07483,8.07618,1.00,1.00
2018.02.20 13:02:58.586,8.07483,8.07629,1.50,1.00
2018.02.20 13:02:58.638,8.07522,8.07636,1.00,1.00
2018.02.20 13:02:58.689,8.07522,8.0765,1.00,1.00
2018.02.20 13:02:58.740,8.07522,8.07655,1.00,1.00
2018.02.20 13:02:58.792,8.07542,8.07666,1.00,1.00
2018.02.20 13:02:59.014,8.07544,8.0768,1.00,1.00
2018.02.20 13:02:59.283,8.07544,8.07676,1.00,1.00
2018.02.20 13:02:59.592,8.07544,8.07682,1.00,1.00
2018.02.20 13:03:00.158,8.0756,8.07682,1.00,1.00
2018.02.20 13:03:00.575,8.07563,8.07682,1.00,1.00
2018.02.20 13:03:01.859,8.07563,8.07689,1.00,1.00
2018.02.20 13:03:04.245,8.07563,8.07684,1.00,1.00
2018.02.20 13:03:05.439,8.07563,8.0768,1.00,1.00
2018.02.20 13:03:05.529,8.07563,8.07685,1.00,1.00
2018.02.20 13:03:06.041,8.07563,8.07686,1.00,1.00
2018.02.20 13:03:06.587,8.07563,8.0769,1.00,1.00
2018.02.20 13:03:06.638,8.0758,8.07694,1.00,1.00
2018.02.20 13:03:07.008,8.07581,8.07687,1.00,1.00
2018.02.20 13:03:07.110,8.0756,8.0767,1.00,1.00
2018.02.20 13:03:07.659,8.0756,8.07674,1.00,1.00
2018.02.20 13:03:07.710,8.0756,8.07681,1.00,1.00
2018.02.20 13:03:08.232,8.0756,8.07677,1.00,1.00
2018.02.20 13:03:08.453,8.0756,8.07682,1.00,1.00
2018.02.20 13:03:08.651,8.0756,8.07694,1.00,1.00
2018.02.20 13:03:08.703,8.07577,8.07694,1.00,1.00
2018.02.20 13:03:11.161,8.07577,8.0769,1.00,1.00
2018.02.20 13:03:11.806,8.07577,8.07687,1.00,1.00
2018.02.20 13:03:12.364,8.07577,8.07683,1.00,1.00
2018.02.20 13:03:13.455,8.07577,8.07687,1.00,1.00
2018.02.20 13:03:14.249,8.07577,8.07683,1.00,1.00
2018.02.20 13:03:16.686,8.07577,8.07687,1.00,1.00
2018.02.20 13:03:17.351,8.07577,8.07682,1.00,1.00
2018.02.20 13:03:17.402,8.07561,8.07678,1.00,1.00
2018.02.20 13:03:17.525,8.07545,8.07661,1.00,1.00
2018.02.20 13:03:18.820,8.07545,8.07666,1.00,1.00
2018.02.20 13:03:19.383,8.07545,8.07659,1.00,1.00
2018.02.20 13:03:23.152,8.07545,8.07654,1.00,1.00
2018.02.20 13:03:24.888,8.07545,8.07661,1.00,1.00
2018.02.20 13:03:25.359,8.07545,8.07665,1.00,1.00
2018.02.20 13:03:25.512,8.07545,8.07672,1.00,1.00
2018.02.20 13:03:25.563,8.07545,8.07682,1.00,1.00
2018.02.20 13:03:25.664,8.07545,8.07685,1.00,1.00
2018.02.20 13:03:25.765,8.07564,8.07685,1.00,1.00
2018.02.20 13:03:26.629,8.07564,8.07695,1.00,1.00
2018.02.20 13:03:26.683,8.07564,8.0769,1.00,1.00
2018.02.20 13:03:29.750,8.07564,8.07694,1.00,1.00
2018.02.20 13:03:29.802,8.07581,8.07732,1.00,1.00
2018.02.20 13:03:29.854,8.07601,8.07732,1.00,1.00
2018.02.20 13:03:30.160,8.07601,8.07717,1.00,1.00
2018.02.20 13:03:30.415,8.07601,8.0772,1.00,1.00
2018.02.20 13:03:30.796,8.07601,8.07717,1.00,1.00
2018.02.20 13:03:32.329,8.07601,8.07718,1.00,1.00
2018.02.20 13:03:33.199,8.07621,8.07727,1.00,1.00
2018.02.20 13:03:33.776,8.07621,8.07717,1.00,1.00
2018.02.20 13:03:34.509,8.07621,8.07721,1.00,1.00
2018.02.20 13:03:34.561,8.07621,8.07726,1.00,1.00
2018.02.20 13:03:34.612,8.07621,8.07733,1.00,1.00
2018.02.20 13:03:34.715,8.07636,8.07739,1.00,1.00
2018.02.20 13:03:34.767,8.07636,8.07749,1.00,1.00
2018.02.20 13:03:34.861,8.07636,8.07752,1.00,1.00
2018.02.20 13:03:34.912,8.07653,8.07752,1.00,1.00
2018.02.20 13:03:36.282,8.07653,8.07756,1.00,1.00
2018.02.20 13:03:37.502,8.07653,8.07759,1.00,1.00
2018.02.20 13:03:37.747,8.07653,8.07766,1.00,1.00
2018.02.20 13:03:37.799,8.07668,8.07774,1.00,1.00
2018.02.20 13:03:38.130,8.07668,8.07758,1.00,1.00
2018.02.20 13:03:40.293,8.07667,8.07758,1.00,1.00
2018.02.20 13:03:40.968,8.07667,8.07756,1.00,1.00
2018.02.20 13:03:41.288,8.0765,8.07756,1.00,1.00
2018.02.20 13:03:41.339,8.0765,8.07744,1.00,1.00
2018.02.20 13:03:41.442,8.07628,8.07732,1.00,1.00
2018.02.20 13:03:41.844,8.07629,8.07736,1.00,1.00
2018.02.20 13:03:44.026,8.07629,8.07726,1.00,1.00
2018.02.20 13:03:44.865,8.07629,8.07729,1.00,1.00
2018.02.20 13:03:44.990,8.07629,8.07724,1.00,1.00
2018.02.20 13:03:46.664,8.07629,8.0772,1.00,1.00
2018.02.20 13:03:46.868,8.07605,8.0772,1.00,1.00
2018.02.20 13:03:47.365,8.07605,8.07726,1.00,1.00
2018.02.20 13:03:47.839,8.07605,8.07724,1.00,1.00
2018.02.20 13:03:48.112,8.07605,8.07733,1.00,1.00
2018.02.20 13:03:48.654,8.07605,8.07729,1.00,1.00
2018.02.20 13:03:48.989,8.07605,8.07723,1.00,1.00
2018.02.20 13:03:49.443,8.07605,8.07715,1.00,1.00
2018.02.20 13:03:49.494,8.07605,8.07722,1.00,1.00
2018.02.20 13:03:50.045,8.07605,8.07723,1.00,1.00
2018.02.20 13:03:50.198,8.07605,8.07728,1.00,1.00
2018.02.20 13:03:50.300,8.07605,8.07734,1.00,1.00
2018.02.20 13:03:50.458,8.07605,8.07737,1.00,1.00
2018.02.20 13:03:53.463,8.07605,8.07733,1.00,1.00
2018.02.20 13:03:54.006,8.07605,8.07739,1.00,1.00
2018.02.20 13:03:54.262,8.07605,8.07741,1.00,1.00
2018.02.20 13:03:56.878,8.07605,8.07742,1.00,1.00
2018.02.20 13:03:57.282,8.07605,8.07745,1.00,1.00
2018.02.20 13:03:57.334,8.07621,8.07749,1.00,1.00
2018.02.20 13:03:57.385,8.07621,8.07756,1.00,1.00
2018.02.20 13:03:57.539,8.07621,8.07752,1.00,1.00
2018.02.20 13:03:57.925,8.07621,8.07732,1.00,1.00
2018.02.20 13:03:59.147,8.07605,8.07732,1.00,1.00
2018.02.20 13:03:59.957,8.07605,8.07738,1.00,1.00
2018.02.20 13:04:00.917,8.07621,8.07741,1.00,1.00
2018.02.20 13:04:02.358,8.07621,8.0775,1.00,1.00
2018.02.20 13:04:02.409,8.07621,8.07745,1.00,1.00
2018.02.20 13:04:02.821,8.07621,8.07739,1.00,1.00
2018.02.20 13:04:03.176,8.07621,8.07735,1.00,1.00
2018.02.20 13:04:03.479,8.07621,8.07729,1.00,1.00
2018.02.20 13:04:05.578,8.07621,8.07726,1.00,1.00
2018.02.20 13:04:08.220,8.07621,8.0773,1.00,1.00
2018.02.20 13:04:08.322,8.07621,8.07734,1.00,1.00
2018.02.20 13:04:08.423,8.07621,8.07738,1.00,1.00
2018.02.20 13:04:11.864,8.07621,8.07743,1.00,1.00
2018.02.20 13:04:12.376,8.07622,8.07776,1.00,1.00
2018.02.20 13:04:12.470,8.07622,8.07788,1.00,1.00
2018.02.20 13:04:12.524,8.07653,8.07788,1.00,1.00
2018.02.20 13:04:12.575,8.07653,8.07802,1.00,1.37
2018.02.20 13:04:12.678,8.07653,8.07774,1.00,1.00
2018.02.20 13:04:13.018,8.07675,8.07774,1.00,1.00
2018.02.20 13:04:13.573,8.07674,8.07774,1.00,1.00
2018.02.20 13:04:13.897,8.07656,8.07751,1.00,1.00
2018.02.20 13:04:14.205,8.07656,8.07745,1.00,1.00
2018.02.20 13:04:14.475,8.07611,8.07726,1.00,1.00
2018.02.20 13:04:14.527,8.07611,8.07747,1.00,1.00
2018.02.20 13:04:14.581,8.07611,8.07751,1.00,1.00
2018.02.20 13:04:15.230,8.07632,8.07751,1.00,1.00
2018.02.20 13:04:16.488,8.07606,8.07751,1.00,1.00
2018.02.20 13:04:16.990,8.07595,8.07735,1.00,1.00
2018.02.20 13:04:17.358,8.07583,8.07728,1.37,1.00
2018.02.20 13:04:17.660,8.07572,8.07716,2.25,1.00
2018.02.20 13:04:18.017,8.07572,8.07716,1.50,1.00
2018.02.20 13:04:19.652,8.07559,8.07713,1.00,1.00
2018.02.20 13:04:19.703,8.07553,8.07713,1.37,1.00
2018.02.20 13:04:19.755,8.07546,8.07695,1.37,1.00
2018.02.20 13:04:21.200,8.07567,8.07721,1.00,1.00
2018.02.20 13:04:21.252,8.07551,8.07697,1.37,1.00
2018.02.20 13:04:21.507,8.07543,8.07689,1.50,1.00
2018.02.20 13:04:21.558,8.0755,8.07696,1.00,1.00
2018.02.20 13:04:21.920,8.07543,8.07678,1.00,1.00
2018.02.20 13:04:22.240,8.07543,8.07664,1.00,1.00
2018.02.20 13:04:22.342,8.07522,8.07664,1.00,1.00
2018.02.20 13:04:22.444,8.0752,8.07664,1.00,1.00
2018.02.20 13:04:23.433,8.075,8.07646,1.00,1.00
2018.02.20 13:04:23.484,8.075,8.07646,1.00,1.37
2018.02.20 13:04:23.536,8.0748,8.07626,1.00,1.00
2018.02.20 13:04:23.689,8.07464,8.07608,1.00,1.00
2018.02.20 13:04:23.741,8.0745,8.07596,1.00,1.00
2018.02.20 13:04:23.894,8.07439,8.07595,1.00,1.37
2018.02.20 13:04:23.945,8.07437,8.07585,1.00,1.00
2018.02.20 13:04:24.322,8.07437,8.07585,1.00,1.37
2018.02.20 13:04:24.630,8.07437,8.07573,1.00,1.00
2018.02.20 13:04:25.498,8.07454,8.076,1.00,1.75
2018.02.20 13:04:25.859,8.07462,8.07608,1.00,1.75
2018.02.20 13:04:26.168,8.07462,8.07608,1.00,1.00
2018.02.20 13:04:26.221,8.0748,8.07624,1.00,1.37
2018.02.20 13:04:26.528,8.07487,8.07633,1.00,1.75
2018.02.20 13:04:26.758,8.07481,8.07627,1.00,1.37
2018.02.20 13:04:27.263,8.0749,8.07635,1.00,1.00
2018.02.20 13:04:28.804,8.07486,8.07631,1.00,1.00
2018.02.20 13:04:31.016,8.07481,8.07627,1.00,1.00
2018.02.20 13:04:31.118,8.07486,8.07632,1.00,1.00
2018.02.20 13:04:33.619,8.07476,8.07618,1.12,1.00
2018.02.20 13:04:33.722,8.07469,8.07614,1.00,1.00
2018.02.20 13:04:33.876,8.07482,8.07628,1.00,1.00
2018.02.20 13:04:33.928,8.07503,8.07649,1.00,1.75
2018.02.20 13:04:34.046,8.07512,8.07658,1.00,1.00
2018.02.20 13:04:34.098,8.07515,8.07661,1.00,1.00
2018.02.20 13:04:34.425,8.07537,8.07682,1.00,1.75
2018.02.20 13:04:34.731,8.07545,8.07691,1.00,1.75
2018.02.20 13:04:35.457,8.0754,8.07684,1.00,1.75
2018.02.20 13:04:36.418,8.0754,8.07684,1.00,1.00
2018.02.20 13:04:36.911,8.07536,8.07682,1.00,1.00
2018.02.20 13:04:37.055,8.07534,8.07669,1.00,1.00
2018.02.20 13:04:37.156,8.07525,8.07669,1.00,1.00
2018.02.20 13:04:37.715,8.07525,8.07665,1.00,1.00
2018.02.20 13:04:37.766,8.07521,8.07667,1.00,1.00
2018.02.20 13:04:38.384,8.07506,8.07662,1.00,1.00
2018.02.20 13:04:38.435,8.07493,8.07639,1.00,1.75
2018.02.20 13:04:38.743,8.0745,8.07569,1.00,1.37
2018.02.20 13:04:38.845,8.07424,8.07569,1.00,1.37
2018.02.20 13:04:39.308,8.07436,8.07582,1.00,1.75
2018.02.20 13:04:39.409,8.07432,8.07576,1.00,1.37
2018.02.20 13:04:39.460,8.07435,8.0758,1.00,1.75
2018.02.20 13:04:39.631,8.07435,8.0758,1.00,1.00
2018.02.20 13:04:39.733,8.07427,8.07573,1.00,1.00
2018.02.20 13:04:40.559,8.07425,8.07571,1.00,1.00
2018.02.20 13:04:40.890,8.0743,8.07575,1.00,1.00
2018.02.20 13:04:41.232,8.07435,8.07579,1.00,1.12
2018.02.20 13:04:41.661,8.07426,8.07572,1.00,1.00
2018.02.20 13:04:41.741,8.07432,8.07578,1.00,1.00
2018.02.20 13:04:42.099,8.07439,8.07583,1.00,1.37
2018.02.20 13:04:42.150,8.07418,8.07563,1.00,1.00
2018.02.20 13:04:42.345,8.07413,8.07558,1.00,1.00
2018.02.20 13:04:42.919,8.07412,8.07558,1.00,1.00
2018.02.20 13:04:43.269,8.07405,8.07548,1.00,1.00
2018.02.20 13:04:43.616,8.07395,8.0754,1.00,1.00
2018.02.20 13:04:43.773,8.07386,8.07532,1.00,1.00
2018.02.20 13:04:43.926,8.07368,8.07513,1.00,1.00
2018.02.20 13:04:44.029,8.07359,8.07505,1.00,1.00
2018.02.20 13:04:44.080,8.07358,8.07485,1.00,1.00
2018.02.20 13:04:44.182,8.07342,8.07485,1.00,1.00
2018.02.20 13:04:44.336,8.07332,8.07478,1.00,1.00
2018.02.20 13:04:45.533,8.07343,8.07488,1.00,1.50
2018.02.20 13:04:45.584,8.07332,8.07478,1.00,1.00
2018.02.20 13:04:45.686,8.07341,8.07485,1.00,1.00
2018.02.20 13:04:45.789,8.07356,8.07501,1.00,1.00
2018.02.20 13:04:45.892,8.07361,8.07506,1.00,1.00
2018.02.20 13:04:46.170,8.07357,8.07503,1.00,1.00
2018.02.20 13:04:46.769,8.07357,8.07503,1.00,1.37
2018.02.20 13:04:47.484,8.07359,8.07505,1.00,1.37
2018.02.20 13:04:48.411,8.07359,8.07505,1.00,1.00
2018.02.20 13:04:48.686,8.07363,8.07509,1.00,1.00
2018.02.20 13:04:49.025,8.07376,8.07521,1.00,1.37
2018.02.20 13:04:49.619,8.07385,8.07528,1.00,1.37
2018.02.20 13:04:49.874,8.07378,8.07523,1.00,1.00
2018.02.20 13:04:49.926,8.07402,8.07547,1.00,1.75
2018.02.20 13:04:50.926,8.07406,8.07552,1.00,1.75
2018.02.20 13:04:50.977,8.07406,8.07552,1.00,1.37
2018.02.20 13:04:51.325,8.07409,8.07555,1.00,1.37
2018.02.20 13:04:51.784,8.07421,8.07567,1.00,1.75
2018.02.20 13:04:52.171,8.07421,8.07567,1.00,1.00
2018.02.20 13:04:52.912,8.07431,8.07577,1.00,1.37
2018.02.20 13:04:53.214,8.07436,8.07581,1.00,1.37
2018.02.20 13:04:53.623,8.07436,8.07581,1.00,1.00
2018.02.20 13:04:54.461,8.07453,8.07598,1.00,1.37
2018.02.20 13:04:54.564,8.07454,8.076,1.00,1.00
2018.02.20 13:04:55.288,8.07421,8.07585,1.37,1.00
2018.02.20 13:04:55.339,8.07421,8.0755,1.00,1.00
2018.02.20 13:04:55.391,8.07389,8.07522,1.00,1.00
2018.02.20 13:04:55.443,8.07361,8.07521,1.00,1.00
2018.02.20 13:04:55.494,8.07356,8.0752,1.00,1.00
2018.02.20 13:04:55.545,8.07344,8.0752,1.37,1.00
2018.02.20 13:04:55.596,8.07344,8.0752,1.00,1.00
2018.02.20 13:04:55.647,8.07344,8.0752,1.37,1.00
2018.02.20 13:04:55.987,8.07368,8.07514,1.00,1.00
2018.02.20 13:04:57.014,8.07366,8.07509,1.00,1.00
2018.02.20 13:04:57.065,8.07371,8.07516,1.00,1.00
2018.02.20 13:04:59.023,8.07359,8.07505,1.00,1.00
2018.02.20 13:04:59.075,8.07344,8.07488,1.00,1.00
2018.02.20 13:04:59.127,8.07337,8.07483,1.00,1.00
2018.02.20 13:04:59.179,8.07325,8.07471,1.00,1.00
2018.02.20 13:04:59.486,8.0734,8.07484,1.00,1.00
2018.02.20 13:04:59.639,8.0733,8.07476,1.00,1.00
2018.02.20 13:04:59.691,8.07326,8.07472,1.00,1.00
2018.02.20 13:05:00.007,8.07331,8.07477,1.00,1.00
2018.02.20 13:05:01.445,8.07338,8.07484,1.00,1.00
2018.02.20 13:05:01.777,8.0735,8.07494,1.00,1.00
2018.02.20 13:05:01.828,8.07353,8.07499,1.00,1.00
2018.02.20 13:05:01.981,8.07359,8.07505,1.00,1.00
2018.02.20 13:05:02.296,8.07367,8.07513,1.00,1.00
2018.02.20 13:05:02.957,8.0736,8.07505,1.00,1.00
2018.02.20 13:05:03.009,8.07366,8.07512,1.00,1.00
2018.02.20 13:05:05.966,8.07375,8.07512,1.00,1.00
2018.02.20 13:05:06.309,8.07382,8.07519,1.00,1.00
2018.02.20 13:05:06.804,8.07386,8.07523,1.00,1.00
2018.02.20 13:05:07.135,8.0739,8.07525,1.00,1.00
2018.02.20 13:05:07.186,8.07395,8.07532,1.00,1.00
2018.02.20 13:05:07.237,8.07392,8.07527,1.00,1.00
2018.02.20 13:05:10.963,8.07397,8.07532,1.00,1.00
2018.02.20 13:05:11.267,8.07438,8.07573,1.00,1.75
2018.02.20 13:05:11.318,8.07418,8.07554,1.00,1.37
2018.02.20 13:05:11.663,8.07398,8.07536,1.00,1.00
2018.02.20 13:05:12.281,8.07436,8.07555,1.00,1.37
2018.02.20 13:05:12.334,8.07436,8.07576,1.00,1.37
2018.02.20 13:05:12.436,8.07445,8.07576,1.00,1.37
2018.02.20 13:05:13.074,8.07426,8.07561,1.00,1.00
2018.02.20 13:05:13.600,8.07427,8.07564,1.00,1.00
2018.02.20 13:05:13.803,8.0743,8.07568,1.00,1.00
2018.02.20 13:05:13.855,8.07443,8.0758,1.00,1.37
2018.02.20 13:05:14.009,8.0742,8.07555,1.00,1.00
2018.02.20 13:05:14.103,8.0742,8.07549,1.00,1.00
2018.02.20 13:05:14.160,8.07395,8.0753,1.00,1.00
2018.02.20 13:05:14.262,8.074,8.07537,1.00,1.00
2018.02.20 13:05:14.589,8.07394,8.07531,1.00,1.00
2018.02.20 13:05:14.948,8.07374,8.07506,1.00,1.00
2018.02.20 13:05:16.112,8.07374,8.07509,1.00,1.00
2018.02.20 13:05:16.163,8.07376,8.07513,1.00,1.00
2018.02.20 13:05:16.214,8.07387,8.07524,1.00,1.37
2018.02.20 13:05:17.111,8.07398,8.07535,1.00,1.50
2018.02.20 13:05:17.162,8.07394,8.07531,1.00,1.37
2018.02.20 13:05:17.322,8.07402,8.0754,1.00,1.75
2018.02.20 13:05:17.373,8.07432,8.07568,1.00,1.37
2018.02.20 13:05:17.425,8.07426,8.07563,1.00,1.00
2018.02.20 13:05:18.554,8.07438,8.07575,1.00,1.37
2018.02.20 13:05:18.606,8.07447,8.07584,1.00,1.37
2018.02.20 13:05:19.706,8.07443,8.0758,1.00,1.37
2018.02.20 13:05:19.891,8.0747,8.07607,1.00,1.37
2018.02.20 13:05:20.378,8.07479,8.07617,1.00,1.50
2018.02.20 13:05:20.713,8.07502,8.07632,1.00,1.75
2018.02.20 13:05:20.815,8.07511,8.07647,1.00,1.37
2018.02.20 13:05:20.867,8.07507,8.07644,1.00,1.37
2018.02.20 13:05:21.155,8.07525,8.0766,1.00,1.75
2018.02.20 13:05:21.463,8.07531,8.07668,1.00,1.75
2018.02.20 13:05:22.338,8.07531,8.07668,1.00,1.75
2018.02.20 13:05:22.815,8.07549,8.07685,1.00,1.75
2018.02.20 13:05:23.450,8.07561,8.07686,1.00,1.12
2018.02.20 13:05:23.501,8.07569,8.07706,1.00,1.75
2018.02.20 13:05:23.713,8.07566,8.07703,1.00,1.37
2018.02.20 13:05:24.356,8.07555,8.07692,1.00,1.37
2018.02.20 13:05:24.407,8.07547,8.07684,1.00,1.00
2018.02.20 13:05:24.510,8.07543,8.0768,1.00,1.00
2018.02.20 13:05:24.561,8.07538,8.07676,1.00,1.00
2018.02.20 13:05:24.762,8.07536,8.07671,1.00,1.00
2018.02.20 13:05:25.264,8.0754,8.07675,1.00,1.00
2018.02.20 13:05:25.365,8.07535,8.07672,1.00,1.00
2018.02.20 13:05:27.058,8.07538,8.07675,1.00,1.00
2018.02.20 13:05:27.711,8.07528,8.07665,1.00,1.00
2018.02.20 13:05:28.100,8.07537,8.07675,1.00,1.12
2018.02.20 13:05:28.347,8.07537,8.07675,1.00,1.37
2018.02.20 13:05:29.925,8.07537,8.07675,1.00,1.00
2018.02.20 13:05:30.176,8.07527,8.07665,1.00,1.00
2018.02.20 13:05:30.498,8.07537,8.07674,1.00,1.00
2018.02.20 13:05:30.927,8.07528,8.07665,1.00,1.00
2018.02.20 13:05:31.246,8.07528,8.07663,1.00,1.00
2018.02.20 13:05:31.953,8.07522,8.07657,1.00,1.00
2018.02.20 13:05:32.004,8.07515,8.07652,1.00,1.00
2018.02.20 13:05:32.824,8.07518,8.07653,1.00,1.00
2018.02.20 13:05:33.244,8.07525,8.07661,1.00,1.00
2018.02.20 13:05:33.296,8.07529,8.07666,1.00,1.00
2018.02.20 13:05:33.678,8.07521,8.07658,1.00,1.00
2018.02.20 13:05:34.083,8.07517,8.07654,1.00,1.00
2018.02.20 13:05:34.411,8.07513,8.07648,1.00,1.00
2018.02.20 13:05:34.638,8.07508,8.07645,1.00,1.00
2018.02.20 13:05:34.689,8.07511,8.07646,1.00,1.00
2018.02.20 13:05:35.374,8.07504,8.07641,1.00,1.00
2018.02.20 13:05:35.476,8.07501,8.07638,1.00,1.00
2018.02.20 13:05:36.273,8.07492,8.0763,1.00,1.00
2018.02.20 13:05:36.426,8.07501,8.07638,1.00,1.00
2018.02.20 13:05:36.534,8.07494,8.07632,1.00,1.00
2018.02.20 13:05:36.645,8.0749,8.07628,1.00,1.00
2018.02.20 13:05:36.996,8.07448,8.07585,1.00,1.00
2018.02.20 13:05:37.380,8.07445,8.07582,1.00,1.00
2018.02.20 13:05:37.960,8.07453,8.0759,1.00,1.00
2018.02.20 13:05:38.282,8.07469,8.07591,1.00,1.00
2018.02.20 13:05:38.434,8.07469,8.07606,1.00,1.37
2018.02.20 13:05:39.184,8.07478,8.07615,1.00,1.00
2018.02.20 13:05:39.286,8.07478,8.07608,1.00,1.00
2018.02.20 13:05:39.421,8.07478,8.07615,1.00,1.00
2018.02.20 13:05:39.574,8.07478,8.07608,1.00,1.00
2018.02.20 13:05:39.626,8.07478,8.07615,1.00,1.00
2018.02.20 13:05:39.677,8.07478,8.07607,1.00,1.00
2018.02.20 13:05:39.830,8.07478,8.07615,1.00,1.00
2018.02.20 13:05:39.883,8.07474,8.07611,1.00,1.00
2018.02.20 13:05:40.228,8.07478,8.07615,1.00,1.00
2018.02.20 13:05:40.554,8.07476,8.07613,1.00,1.00
2018.02.20 13:05:41.532,8.07468,8.07611,1.00,1.00
2018.02.20 13:05:42.088,8.07466,8.07609,1.00,1.00
2018.02.20 13:05:42.634,8.07462,8.07605,1.00,1.00
2018.02.20 13:05:44.988,8.07466,8.07605,1.00,1.00
2018.02.20 13:05:45.302,8.07466,8.07605,1.00,1.37
2018.02.20 13:05:47.599,8.07464,8.07608,1.00,1.37
2018.02.20 13:05:47.830,8.07464,8.07605,1.00,1.00
2018.02.20 13:05:49.891,8.07471,8.07605,1.00,1.00
2018.02.20 13:05:50.210,8.07467,8.07605,1.00,1.00
2018.02.20 13:05:51.107,8.07461,8.07605,1.00,1.50
2018.02.20 13:05:51.159,8.07444,8.07588,1.00,1.00
2018.02.20 13:05:51.564,8.07441,8.07582,1.00,1.00
2018.02.20 13:05:52.103,8.0744,8.07583,1.00,1.00
2018.02.20 13:05:52.445,8.07436,8.07579,1.00,1.00
2018.02.20 13:05:55.619,8.07439,8.07583,1.00,1.50
2018.02.20 13:05:55.672,8.07452,8.07583,1.00,1.00
2018.02.20 13:05:55.997,8.07459,8.07583,1.00,1.00
2018.02.20 13:05:56.112,8.07452,8.07583,1.00,1.00
2018.02.20 13:05:56.188,8.07452,8.07594,1.00,1.00
2018.02.20 13:05:56.690,8.07443,8.07586,1.00,1.00
2018.02.20 13:05:57.192,8.07446,8.07587,1.00,1.00
2018.02.20 13:05:57.764,8.0745,8.07592,1.00,1.00
2018.02.20 13:05:58.260,8.07441,8.07584,1.00,1.00
2018.02.20 13:05:59.477,8.07437,8.07581,1.00,1.00
2018.02.20 13:05:59.527,8.07432,8.07576,1.00,1.00
2018.02.20 13:06:00.019,8.07425,8.07567,1.00,1.00
2018.02.20 13:06:00.230,8.0742,8.07564,1.00,1.00
2018.02.20 13:06:00.961,8.07417,8.07554,1.00,1.00
2018.02.20 13:06:01.012,8.07413,8.07554,1.00,1.00
2018.02.20 13:06:02.391,8.07403,8.07547,1.00,1.00
2018.02.20 13:06:02.879,8.07401,8.07544,1.00,1.00
2018.02.20 13:06:04.398,8.07414,8.07557,1.00,1.00
2018.02.20 13:06:04.450,8.07408,8.07552,1.00,1.00
2018.02.20 13:06:04.501,8.07404,8.07548,1.00,1.00
2018.02.20 13:06:05.112,8.07409,8.07552,1.00,1.00
2018.02.20 13:06:05.506,8.07403,8.07546,1.00,1.00
2018.02.20 13:06:05.766,8.074,8.07544,1.00,1.00
2018.02.20 13:06:06.345,8.07396,8.07539,1.00,1.00
2018.02.20 13:06:06.398,8.07389,8.07533,1.50,1.00
2018.02.20 13:06:07.218,8.07401,8.07545,1.00,1.00
2018.02.20 13:06:07.640,8.07403,8.07546,1.00,1.00
2018.02.20 13:06:09.278,8.07407,8.0755,1.00,1.00
2018.02.20 13:06:09.595,8.07416,8.07559,1.00,1.37
2018.02.20 13:06:10.066,8.07413,8.07555,1.00,1.12
2018.02.20 13:06:10.543,8.07419,8.07562,1.00,1.00
2018.02.20 13:06:12.075,8.07423,8.07565,1.00,1.00
2018.02.20 13:06:12.392,8.07438,8.07581,1.00,1.37
2018.02.20 13:06:13.918,8.07438,8.07581,1.00,1.00
2018.02.20 13:06:14.061,8.07441,8.07584,1.00,1.00
2018.02.20 13:06:14.214,8.07452,8.07596,1.00,1.00
2018.02.20 13:06:14.266,8.07444,8.07585,1.00,1.00
2018.02.20 13:06:14.598,8.07444,8.07572,1.00,1.00
2018.02.20 13:06:14.700,8.07428,8.07572,1.00,1.00
2018.02.20 13:06:15.237,8.07426,8.07569,1.00,1.00
2018.02.20 13:06:15.414,8.07418,8.07562,1.00,1.00
2018.02.20 13:06:17.521,8.07415,8.07558,1.00,1.00
2018.02.20 13:06:17.573,8.07415,8.07564,1.00,1.00
2018.02.20 13:06:17.624,8.07411,8.0756,1.00,1.00
2018.02.20 13:06:17.819,8.07409,8.0756,1.00,1.00
2018.02.20 13:06:18.990,8.07414,8.07563,1.00,1.00
2018.02.20 13:06:20.086,8.07414,8.07559,1.00,1.00
2018.02.20 13:06:20.233,8.07414,8.07563,1.00,1.00
2018.02.20 13:06:20.627,8.07414,8.07557,1.00,1.00
2018.02.20 13:06:20.678,8.07406,8.07557,1.00,1.00
2018.02.20 13:06:24.882,8.0741,8.07568,1.00,1.37
2018.02.20 13:06:24.933,8.07415,8.07585,1.00,1.75
2018.02.20 13:06:25.317,8.07425,8.07576,1.00,1.37
2018.02.20 13:06:26.577,8.07425,8.07576,1.00,1.00
2018.02.20 13:06:27.189,8.07426,8.07577,1.00,1.00
2018.02.20 13:06:27.418,8.07428,8.07579,1.00,1.00
2018.02.20 13:06:27.864,8.0743,8.07581,1.00,1.00
2018.02.20 13:06:29.118,8.0745,8.07593,1.00,1.00
2018.02.20 13:06:29.423,8.07459,8.07602,1.00,1.37
2018.02.20 13:06:29.729,8.07468,8.0761,1.00,1.37
2018.02.20 13:06:30.138,8.07476,8.07616,1.00,1.37
2018.02.20 13:06:30.240,8.07479,8.07616,1.00,1.37
2018.02.20 13:06:30.343,8.07474,8.07616,1.00,1.37
2018.02.20 13:06:30.394,8.0747,8.07614,1.00,1.37
2018.02.20 13:06:30.530,8.07457,8.076,1.00,1.00
2018.02.20 13:06:30.581,8.07449,8.07593,1.00,1.00
2018.02.20 13:06:30.632,8.07436,8.07577,1.00,1.00
2018.02.20 13:06:30.684,8.07441,8.07584,1.00,1.00
2018.02.20 13:06:31.218,8.07437,8.07581,1.00,1.00
2018.02.20 13:06:32.696,8.0743,8.07573,1.00,1.00
2018.02.20 13:06:32.987,8.07426,8.0757,1.50,1.00
2018.02.20 13:06:33.039,8.07426,8.07553,1.00,1.00
2018.02.20 13:06:33.091,8.07406,8.0755,1.00,1.00
2018.02.20 13:06:33.386,8.07411,8.07553,1.00,1.00
2018.02.20 13:06:33.437,8.07426,8.0757,1.00,1.00
2018.02.20 13:06:33.641,8.0743,8.07573,1.00,1.00
2018.02.20 13:06:35.103,8.07433,8.07577,1.00,1.00
2018.02.20 13:06:38.427,8.0743,8.07573,1.00,1.00
2018.02.20 13:06:38.482,8.07425,8.07569,1.00,1.00
2018.02.20 13:06:39.350,8.07429,8.07572,1.00,1.00
2018.02.20 13:06:39.677,8.07434,8.07577,1.00,1.00
2018.02.20 13:06:39.984,8.07427,8.0757,1.00,1.00
2018.02.20 13:06:40.084,8.0743,8.07574,1.00,1.00
2018.02.20 13:06:40.446,8.07434,8.07578,1.00,1.50
2018.02.20 13:06:40.755,8.0743,8.07573,1.00,1.00
2018.02.20 13:06:42.208,8.07429,8.07573,1.00,1.00
2018.02.20 13:06:43.438,8.07416,8.07572,1.00,1.00
2018.02.20 13:06:43.489,8.07407,8.0755,1.00,1.00
2018.02.20 13:06:43.744,8.07392,8.07536,1.00,1.00
2018.02.20 13:06:43.796,8.07396,8.07539,1.00,1.00
2018.02.20 13:06:44.272,8.07371,8.0753,1.00,1.00
2018.02.20 13:06:44.323,8.07353,8.07502,1.00,1.00
2018.02.20 13:06:44.476,8.07327,8.07493,1.00,1.00
2018.02.20 13:06:44.578,8.0733,8.07473,1.00,1.00
2018.02.20 13:06:45.046,8.07333,8.07476,1.00,1.00
2018.02.20 13:06:45.584,8.07329,8.07473,1.00,1.00
2018.02.20 13:06:45.635,8.07325,8.07465,1.00,1.00
2018.02.20 13:06:45.687,8.07317,8.07461,1.00,1.00
2018.02.20 13:06:46.041,8.07303,8.07443,1.00,1.00
2018.02.20 13:06:46.143,8.07293,8.07435,1.00,1.00
2018.02.20 13:06:46.195,8.07303,8.07446,1.00,1.00
2018.02.20 13:06:46.296,8.07328,8.07471,1.00,1.00
2018.02.20 13:06:46.499,8.07339,8.07483,1.00,1.00
2018.02.20 13:06:46.706,8.07343,8.07486,1.00,1.00
2018.02.20 13:06:47.719,8.07345,8.07489,1.00,1.00
2018.02.20 13:06:48.243,8.07341,8.07485,1.00,1.00
2018.02.20 13:06:49.070,8.07354,8.07498,1.00,1.00
2018.02.20 13:06:49.500,8.07351,8.07494,1.00,1.00
2018.02.20 13:06:50.952,8.07354,8.07498,1.00,1.00
2018.02.20 13:06:51.922,8.07364,8.07505,1.00,1.00
2018.02.20 13:06:51.974,8.07364,8.07508,1.00,1.00
2018.02.20 13:06:52.025,8.07368,8.07511,1.00,1.37
2018.02.20 13:06:52.076,8.07361,8.07505,1.00,1.00
2018.02.20 13:06:52.127,8.07358,8.07501,1.00,1.00
2018.02.20 13:06:53.142,8.07364,8.07507,1.00,1.00
2018.02.20 13:06:53.326,8.0737,8.07514,1.00,1.00
2018.02.20 13:06:53.429,8.07376,8.07518,1.00,1.12
2018.02.20 13:06:53.734,8.07382,8.0752,1.00,1.37
2018.02.20 13:06:53.939,8.07393,8.07537,1.00,1.00
2018.02.20 13:06:54.092,8.07396,8.07538,1.00,1.00
2018.02.20 13:06:54.194,8.07387,8.07531,1.00,1.00
2018.02.20 13:06:54.297,8.07379,8.07523,1.00,1.00
2018.02.20 13:06:54.602,8.07383,8.07527,1.00,1.00
2018.02.20 13:06:55.080,8.07386,8.0753,1.00,1.00
2018.02.20 13:06:55.433,8.07392,8.07535,1.00,1.50
2018.02.20 13:06:55.777,8.07384,8.07527,1.00,1.00
2018.02.20 13:06:56.568,8.07396,8.07535,1.00,1.00
2018.02.20 13:06:57.142,8.07397,8.07535,1.00,1.00
2018.02.20 13:06:57.744,8.07394,8.07535,1.00,1.00
2018.02.20 13:06:57.845,8.07398,8.07535,1.00,1.00
2018.02.20 13:06:58.457,8.07397,8.07535,1.00,1.00
2018.02.20 13:06:59.010,8.07403,8.07535,1.00,1.00
2018.02.20 13:06:59.661,8.07403,8.07545,1.00,1.00
2018.02.20 13:06:59.763,8.07406,8.0755,1.00,1.00
2018.02.20 13:06:59.867,8.07414,8.07558,1.00,1.00
2018.02.20 13:07:00.178,8.07431,8.07567,1.00,1.37
2018.02.20 13:07:00.348,8.07431,8.07567,1.00,1.00
2018.02.20 13:07:00.400,8.07439,8.07567,1.00,1.00
2018.02.20 13:07:00.502,8.07444,8.07587,1.00,1.00
2018.02.20 13:07:00.606,8.07447,8.07591,1.00,1.00
2018.02.20 13:07:00.759,8.07449,8.07591,1.00,1.00
2018.02.20 13:07:00.868,8.07443,8.07592,1.00,1.00
2018.02.20 13:07:00.920,8.0744,8.07582,1.00,1.00
2018.02.20 13:07:02.700,8.07431,8.07575,1.00,1.00
2018.02.20 13:07:03.176,8.07437,8.0758,1.00,1.00
2018.02.20 13:07:03.522,8.07445,8.07588,1.00,1.00
2018.02.20 13:07:04.471,8.07451,8.07594,1.00,1.00
2018.02.20 13:07:04.583,8.07457,8.07601,1.00,1.00
2018.02.20 13:07:04.634,8.07462,8.07606,1.00,1.37
2018.02.20 13:07:04.685,8.07457,8.07601,1.00,1.00
2018.02.20 13:07:04.736,8.07465,8.07609,1.00,1.87
2018.02.20 13:07:04.787,8.07462,8.07605,1.00,1.12
2018.02.20 13:07:04.939,8.07466,8.07609,1.00,1.87
2018.02.20 13:07:05.160,8.07452,8.07609,1.00,1.37
2018.02.20 13:07:07.211,8.07458,8.07602,1.00,1.00
2018.02.20 13:07:07.538,8.07489,8.07632,1.00,1.75
2018.02.20 13:07:07.662,8.07489,8.07632,1.00,1.00
2018.02.20 13:07:07.714,8.07499,8.07643,1.00,1.00
2018.02.20 13:07:07.766,8.07491,8.07634,1.00,1.00
2018.02.20 13:07:08.078,8.07489,8.07632,1.00,1.00
2018.02.20 13:07:09.043,8.07484,8.07628,1.00,1.00
2018.02.20 13:07:12.296,8.07488,8.07631,1.00,1.00
2018.02.20 13:07:12.593,8.07497,8.07641,1.00,1.00
2018.02.20 13:07:12.644,8.07493,8.07635,1.00,1.00
2018.02.20 13:07:13.572,8.07501,8.07644,1.00,1.50
2018.02.20 13:07:14.057,8.07496,8.0764,1.00,1.00
2018.02.20 13:07:14.159,8.07492,8.07636,1.00,1.00
2018.02.20 13:07:14.626,8.07497,8.07639,1.00,1.00
2018.02.20 13:07:17.425,8.07517,8.0766,1.00,1.37
2018.02.20 13:07:17.578,8.07504,8.07645,1.00,1.00
2018.02.20 13:07:17.629,8.07497,8.07641,1.00,1.00
2018.02.20 13:07:17.782,8.07492,8.07635,1.00,1.00
2018.02.20 13:07:18.108,8.07489,8.07632,1.00,1.00
2018.02.20 13:07:18.351,8.07483,8.07627,1.00,1.00
2018.02.20 13:07:18.717,8.0748,8.07624,1.00,1.00
2018.02.20 13:07:19.549,8.07489,8.07628,1.00,1.00
2018.02.20 13:07:22.243,8.075,8.07628,1.00,1.00
2018.02.20 13:07:22.334,8.07504,8.07648,1.00,1.50
2018.02.20 13:07:24.455,8.07512,8.07648,1.00,1.00
2018.02.20 13:07:24.507,8.07512,8.07656,1.00,1.00
2018.02.20 13:07:24.674,8.07516,8.0766,1.00,1.00
2018.02.20 13:07:24.989,8.07505,8.07649,1.00,1.00
2018.02.20 13:07:27.225,8.07508,8.07652,1.00,1.00
2018.02.20 13:07:27.842,8.07483,8.07627,1.00,1.00
2018.02.20 13:07:28.197,8.07469,8.07609,1.00,1.00
2018.02.20 13:07:28.299,8.07461,8.07604,1.00,1.00
2018.02.20 13:07:29.031,8.07466,8.0761,1.00,1.00
2018.02.20 13:07:29.488,8.07463,8.07606,1.00,1.00
2018.02.20 13:07:30.978,8.07459,8.07602,1.00,1.00
2018.02.20 13:07:31.232,8.0745,8.07594,1.00,1.00
2018.02.20 13:07:31.283,8.07444,8.07587,1.00,1.00
2018.02.20 13:07:32.771,8.07438,8.07582,1.00,1.00
2018.02.20 13:07:32.975,8.07435,8.07579,1.00,1.00
2018.02.20 13:07:33.931,8.07439,8.07582,1.00,1.00
2018.02.20 13:07:34.033,8.07441,8.07585,1.00,1.00
2018.02.20 13:07:34.085,8.07444,8.07588,1.00,1.00
2018.02.20 13:07:34.562,8.07436,8.07579,1.00,1.00
2018.02.20 13:07:34.882,8.0744,8.07583,1.00,1.00
2018.02.20 13:07:36.346,8.07446,8.0759,1.00,1.00
2018.02.20 13:07:36.490,8.07459,8.07598,1.00,1.00
2018.02.20 13:07:36.642,8.07459,8.07603,1.00,1.00
2018.02.20 13:07:36.743,8.07455,8.07599,1.00,1.00
2018.02.20 13:07:37.288,8.07459,8.07603,1.00,1.00
2018.02.20 13:07:37.598,8.0747,8.07617,1.00,1.00
2018.02.20 13:07:37.650,8.07447,8.07616,1.00,1.00
2018.02.20 13:07:37.702,8.07445,8.07587,1.00,1.00
2018.02.20 13:07:37.905,8.07449,8.07593,1.00,1.00
2018.02.20 13:07:38.116,8.07454,8.07597,1.00,1.00
2018.02.20 13:07:38.268,8.07458,8.07602,1.00,1.00
2018.02.20 13:07:38.982,8.07473,8.07616,1.00,1.50
2018.02.20 13:07:39.318,8.0747,8.07611,1.00,1.00
2018.02.20 13:07:41.501,8.07464,8.07608,1.00,1.00
2018.02.20 13:07:41.705,8.07472,8.07616,1.00,1.00
2018.02.20 13:07:42.082,8.07479,8.07622,1.00,1.00
2018.02.20 13:07:42.156,8.07473,8.07617,1.00,1.00
2018.02.20 13:07:42.259,8.07481,8.07624,1.00,1.00
2018.02.20 13:07:42.487,8.07483,8.07627,1.00,1.00
2018.02.20 13:07:42.538,8.07475,8.07619,1.00,1.00
2018.02.20 13:07:42.866,8.07482,8.07626,1.00,1.00
2018.02.20 13:07:43.172,8.07507,8.07648,1.00,1.00
2018.02.20 13:07:43.295,8.07519,8.07663,1.00,1.00
2018.02.20 13:07:43.347,8.07531,8.07668,1.00,1.00
2018.02.20 13:07:43.654,8.07533,8.07677,1.00,1.12
2018.02.20 13:07:45.760,8.07532,8.07675,1.00,1.00
2018.02.20 13:07:46.045,8.07536,8.0768,1.00,1.00
2018.02.20 13:07:46.479,8.07532,8.07675,1.00,1.00
2018.02.20 13:07:47.212,8.07528,8.07671,1.00,1.00
2018.02.20 13:07:47.854,8.07527,8.07668,1.00,1.00
2018.02.20 13:07:48.079,8.07525,8.07669,1.00,1.00
2018.02.20 13:07:50.462,8.07517,8.07661,1.00,1.00
2018.02.20 13:07:50.886,8.07515,8.07659,1.00,1.00
2018.02.20 13:07:51.750,8.07509,8.07652,1.00,1.00
2018.02.20 13:07:53.306,8.07515,8.07659,1.00,1.00
2018.02.20 13:07:53.564,8.07524,8.07666,1.00,1.00
2018.02.20 13:07:53.616,8.0752,8.07663,1.00,1.00
2018.02.20 13:07:53.667,8.07517,8.07661,1.00,1.00
2018.02.20 13:07:53.718,8.07529,8.07672,1.00,1.00
2018.02.20 13:07:53.769,8.07534,8.07678,1.00,1.00
2018.02.20 13:07:54.678,8.07539,8.07682,1.00,1.00
2018.02.20 13:07:55.419,8.07545,8.07685,1.00,1.00
2018.02.20 13:07:55.834,8.07559,8.07701,1.00,1.00
2018.02.20 13:07:55.886,8.07571,8.07701,1.00,1.00
2018.02.20 13:07:56.203,8.07576,8.07724,1.00,1.75
2018.02.20 13:07:57.108,8.07576,8.07724,1.00,1.00
2018.02.20 13:07:57.211,8.07585,8.07729,1.00,1.00
2018.02.20 13:07:57.358,8.07581,8.07727,1.00,1.00
2018.02.20 13:07:57.806,8.07574,8.07718,1.00,1.00
2018.02.20 13:07:58.036,8.07555,8.07701,1.00,1.00
2018.02.20 13:07:58.088,8.07552,8.07696,1.00,1.00
2018.02.20 13:07:59.989,8.07555,8.07705,1.00,1.12
2018.02.20 13:08:00.041,8.07541,8.07686,1.00,1.00
2018.02.20 13:08:00.348,8.07554,8.07699,1.00,1.00
2018.02.20 13:08:00.718,8.07559,8.077,1.00,1.00
2018.02.20 13:08:01.946,8.07559,8.07703,1.00,1.00
2018.02.20 13:08:01.998,8.07565,8.07709,1.00,1.00
2018.02.20 13:08:02.449,8.07569,8.07709,1.00,1.00
2018.02.20 13:08:02.745,8.07566,8.07709,1.00,1.00
2018.02.20 13:08:02.870,8.07566,8.07706,1.00,1.00
2018.02.20 13:08:03.074,8.07561,8.07706,1.00,1.00
2018.02.20 13:08:03.949,8.07563,8.07711,1.00,1.00
2018.02.20 13:08:04.000,8.07577,8.07716,1.00,1.00
2018.02.20 13:08:04.102,8.07587,8.07732,1.00,1.00
2018.02.20 13:08:05.400,8.07608,8.07758,1.00,1.75
2018.02.20 13:08:05.555,8.07591,8.07736,1.00,1.00
2018.02.20 13:08:05.658,8.07587,8.07732,1.00,1.00
2018.02.20 13:08:05.761,8.07582,8.07728,1.50,1.00
2018.02.20 13:08:05.813,8.07587,8.07732,1.00,1.00
2018.02.20 13:08:08.496,8.0756,8.07705,1.37,1.00
2018.02.20 13:08:08.547,8.0756,8.07705,1.00,1.00
2018.02.20 13:08:09.084,8.07585,8.0773,1.00,1.00
2018.02.20 13:08:09.607,8.07586,8.07731,1.00,1.00
2018.02.20 13:08:10.098,8.0758,8.07725,1.00,1.00
2018.02.20 13:08:10.402,8.07566,8.07711,1.00,1.00
2018.02.20 13:08:10.706,8.07563,8.07701,1.00,1.00
2018.02.20 13:08:11.122,8.07529,8.07675,1.00,1.00
2018.02.20 13:08:11.498,8.07533,8.07678,1.00,1.00
2018.02.20 13:08:11.549,8.0754,8.07686,1.00,1.12
2018.02.20 13:08:11.601,8.07537,8.07682,1.00,1.00
2018.02.20 13:08:11.906,8.07546,8.07691,1.00,1.37
2018.02.20 13:08:12.091,8.07525,8.07669,1.00,1.00
2018.02.20 13:08:12.676,8.07525,8.07671,1.50,1.00
2018.02.20 13:08:16.945,8.07516,8.07661,1.00,1.00
2018.02.20 13:08:17.151,8.07519,8.07665,1.00,1.00
2018.02.20 13:08:17.292,8.07523,8.07669,1.00,1.00
2018.02.20 13:08:17.777,8.07532,8.07677,1.00,1.00
2018.02.20 13:08:17.932,8.07527,8.07673,1.00,1.00
2018.02.20 13:08:18.144,8.07528,8.07671,1.00,1.00
2018.02.20 13:08:23.360,8.07534,8.07677,1.00,1.00
2018.02.20 13:08:23.701,8.07538,8.07681,1.00,1.00
2018.02.20 13:08:24.588,8.07542,8.07686,1.00,1.00
2018.02.20 13:08:24.640,8.07547,8.07691,1.00,1.00
2018.02.20 13:08:27.436,8.07553,8.07697,1.00,1.37
2018.02.20 13:08:27.747,8.07577,8.07713,1.00,1.00
2018.02.20 13:08:27.943,8.07566,8.07707,1.00,1.00
2018.02.20 13:08:27.995,8.07562,8.07704,1.37,1.00
2018.02.20 13:08:28.047,8.07565,8.07709,1.00,1.00
2018.02.20 13:08:28.354,8.07562,8.07705,1.00,1.00
2018.02.20 13:08:28.702,8.07571,8.07713,1.00,1.00
2018.02.20 13:08:29.312,8.07574,8.07718,1.00,1.00
2018.02.20 13:08:29.426,8.07577,8.07721,1.00,1.37
2018.02.20 13:08:29.732,8.07591,8.07729,1.00,1.37
2018.02.20 13:08:30.092,8.07586,8.07729,1.00,1.37
2018.02.20 13:08:30.198,8.07586,8.07729,1.00,1.00
2018.02.20 13:08:31.623,8.07587,8.07752,1.00,1.37
2018.02.20 13:08:32.004,8.07602,8.07746,1.00,1.00
2018.02.20 13:08:32.335,8.07588,8.07732,1.00,1.00
2018.02.20 13:08:32.950,8.07587,8.0773,1.00,1.00
2018.02.20 13:08:33.269,8.07583,8.07726,1.00,1.00
2018.02.20 13:08:37.096,8.07586,8.07726,1.00,1.00
2018.02.20 13:08:37.148,8.07597,8.07741,1.00,1.00
2018.02.20 13:08:37.200,8.07601,8.07745,1.00,1.37
2018.02.20 13:08:37.506,8.07606,8.07749,1.00,1.37
2018.02.20 13:08:38.255,8.076,8.07744,1.00,1.37
2018.02.20 13:08:38.316,8.076,8.07744,1.00,1.00
2018.02.20 13:08:39.538,8.07595,8.07738,1.00,1.00
2018.02.20 13:08:40.096,8.07599,8.07741,1.00,1.00
2018.02.20 13:08:41.441,8.07605,8.07749,1.00,1.00
2018.02.20 13:08:41.595,8.076,8.07743,1.00,1.00
2018.02.20 13:08:41.646,8.07596,8.0774,1.00,1.00
2018.02.20 13:08:41.698,8.07586,8.07725,1.00,1.00
2018.02.20 13:08:41.749,8.07578,8.07721,1.00,1.00
2018.02.20 13:08:41.885,8.07573,8.07717,1.00,1.00
2018.02.20 13:08:41.960,8.0757,8.07713,1.00,1.00
2018.02.20 13:08:42.385,8.07566,8.07699,1.00,1.00
2018.02.20 13:08:42.437,8.0755,8.07688,1.00,1.00
2018.02.20 13:08:44.604,8.0755,8.07684,1.00,1.00
2018.02.20 13:08:44.955,8.07541,8.07684,1.00,1.00
2018.02.20 13:08:45.609,8.07541,8.07678,1.00,1.00
2018.02.20 13:08:47.660,8.07533,8.07676,1.00,1.00
2018.02.20 13:08:48.237,8.07532,8.07676,1.00,1.00
2018.02.20 13:08:49.437,8.07529,8.07671,1.00,1.00
2018.02.20 13:08:52.140,8.07537,8.07678,1.00,1.00
2018.02.20 13:08:52.364,8.07559,8.07703,1.00,1.00
2018.02.20 13:08:52.416,8.07565,8.07705,1.00,1.00
2018.02.20 13:08:52.729,8.07569,8.07705,1.00,1.00
2018.02.20 13:08:53.100,8.07564,8.07705,1.00,1.00
2018.02.20 13:08:54.457,8.07558,8.07701,1.00,1.00
2018.02.20 13:08:54.509,8.07551,8.07695,1.37,1.00
2018.02.20 13:08:54.834,8.07551,8.07695,1.00,1.00
2018.02.20 13:08:55.211,8.07541,8.07684,1.00,1.00
2018.02.20 13:08:55.262,8.07537,8.07681,1.00,1.00
2018.02.20 13:08:55.314,8.07533,8.07676,1.00,1.00
2018.02.20 13:08:56.878,8.07536,8.0768,1.00,1.00
2018.02.20 13:08:56.981,8.07539,8.07683,1.00,1.00
2018.02.20 13:08:57.530,8.0754,8.07683,1.00,1.00
2018.02.20 13:09:00.914,8.07538,8.07683,1.00,1.00
2018.02.20 13:09:03.007,8.07538,8.07684,1.00,1.00
2018.02.20 13:09:07.934,8.07547,8.07692,1.00,1.00
2018.02.20 13:09:08.429,8.07555,8.07701,1.00,1.00
2018.02.20 13:09:09.211,8.0756,8.07706,1.00,1.00
2018.02.20 13:09:09.519,8.07565,8.07711,1.00,1.00
2018.02.20 13:09:11.262,8.0757,8.07711,1.00,1.00
2018.02.20 13:09:11.365,8.0757,8.07714,1.00,1.00
2018.02.20 13:09:11.416,8.07573,8.07718,1.00,1.00
2018.02.20 13:09:11.645,8.07577,8.07723,1.00,1.00
2018.02.20 13:09:11.887,8.07581,8.07726,1.00,1.00
2018.02.20 13:09:12.508,8.0758,8.07726,1.00,1.00
2018.02.20 13:09:12.977,8.07589,8.07734,1.00,1.00
2018.02.20 13:09:13.404,8.07585,8.07731,1.00,1.00
2018.02.20 13:09:13.455,8.07578,8.07723,1.00,1.00
2018.02.20 13:09:13.687,8.07586,8.07732,1.00,1.00
2018.02.20 13:09:14.762,8.07595,8.0774,1.00,1.50
2018.02.20 13:09:15.113,8.07605,8.0774,1.00,1.00
2018.02.20 13:09:15.164,8.07623,8.07767,1.00,1.00
2018.02.20 13:09:15.267,8.07639,8.07783,1.00,1.00
2018.02.20 13:09:16.227,8.0764,8.07783,1.00,1.00
2018.02.20 13:09:16.279,8.07647,8.07793,1.00,1.00
2018.02.20 13:09:18.059,8.07654,8.078,1.00,1.00
2018.02.20 13:09:18.570,8.07655,8.07801,1.00,1.00
2018.02.20 13:09:21.141,8.0766,8.07806,1.00,1.00
2018.02.20 13:09:21.905,8.07649,8.07795,1.00,1.00
2018.02.20 13:09:22.222,8.07651,8.07797,1.00,1.00
2018.02.20 13:09:25.293,8.07661,8.07805,1.00,1.00
2018.02.20 13:09:25.430,8.07669,8.07814,1.00,1.00
2018.02.20 13:09:25.634,8.07678,8.07823,1.00,1.00
2018.02.20 13:09:25.988,8.07688,8.07833,1.00,1.00
2018.02.20 13:09:26.293,8.07682,8.07827,1.00,1.00
2018.02.20 13:09:27.540,8.07682,8.07828,1.00,1.00
2018.02.20 13:09:30.546,8.07669,8.07815,1.37,1.00
2018.02.20 13:09:31.276,8.07684,8.0783,1.00,1.00
2018.02.20 13:09:31.408,8.07676,8.0782,1.00,1.00
2018.02.20 13:09:31.463,8.07665,8.07811,1.00,1.00
2018.02.20 13:09:31.514,8.07662,8.07803,1.00,1.00
2018.02.20 13:09:31.569,8.07657,8.07802,1.00,1.00
2018.02.20 13:09:32.126,8.07657,8.07803,1.00,1.00
2018.02.20 13:09:33.078,8.0766,8.07806,1.00,1.00
2018.02.20 13:09:33.699,8.07657,8.07802,1.00,1.00
2018.02.20 13:09:34.984,8.07648,8.0779,1.00,1.00
2018.02.20 13:09:35.678,8.0765,8.07794,1.00,1.00
2018.02.20 13:09:38.519,8.07657,8.07801,1.00,1.00
2018.02.20 13:09:39.126,8.07658,8.07802,1.00,1.00
2018.02.20 13:09:40.497,8.07661,8.07805,1.00,1.00
2018.02.20 13:09:42.107,8.07657,8.07801,1.00,1.00
2018.02.20 13:09:42.425,8.07649,8.07792,1.00,1.00
2018.02.20 13:09:42.754,8.07649,8.07788,1.00,1.00
2018.02.20 13:09:43.801,8.07627,8.07764,1.00,1.00
2018.02.20 13:09:44.108,8.07611,8.07754,1.00,1.37
2018.02.20 13:09:44.159,8.07611,8.07754,1.00,1.00
2018.02.20 13:09:44.503,8.07614,8.07758,1.00,1.00
2018.02.20 13:09:44.657,8.0761,8.07754,1.00,1.00
2018.02.20 13:09:44.990,8.07601,8.07748,1.00,1.00
2018.02.20 13:09:45.041,8.07579,8.07745,1.37,1.00
2018.02.20 13:09:46.176,8.07577,8.07738,1.00,1.00
2018.02.20 13:09:46.558,8.07577,8.0771,1.00,1.00
2018.02.20 13:09:46.609,8.07545,8.0771,1.00,1.00
2018.02.20 13:09:47.423,8.07546,8.0771,1.00,1.00
2018.02.20 13:09:48.332,8.07558,8.07715,1.00,1.00
2018.02.20 13:09:48.660,8.07572,8.07716,1.00,1.00
2018.02.20 13:09:48.968,8.07582,8.07725,1.00,1.00
2018.02.20 13:09:49.299,8.07592,8.07736,1.00,1.37
2018.02.20 13:09:50.166,8.07592,8.07736,1.00,1.00
2018.02.20 13:09:50.217,8.07597,8.07741,1.00,1.00
2018.02.20 13:09:50.521,8.07603,8.07747,1.00,1.50
2018.02.20 13:09:53.085,8.07608,8.07747,1.00,1.00
2018.02.20 13:09:53.392,8.07613,8.07747,1.00,1.00
2018.02.20 13:09:54.051,8.07609,8.07747,1.00,1.00
2018.02.20 13:09:56.057,8.07604,8.07747,1.00,2.25
2018.02.20 13:09:56.160,8.07599,8.07743,1.00,1.00
2018.02.20 13:09:56.211,8.07596,8.07738,1.00,1.00
2018.02.20 13:09:57.601,8.07591,8.07735,1.00,1.00
2018.02.20 13:09:58.039,8.07576,8.07738,1.00,1.00
2018.02.20 13:09:58.390,8.07576,8.07743,1.00,1.00
2018.02.20 13:09:58.544,8.07576,8.07738,1.00,1.00
2018.02.20 13:09:58.758,8.07576,8.07744,1.00,1.00
2018.02.20 13:10:00.000,8.07576,8.07747,1.00,1.00
2018.02.20 13:10:02.619,8.07612,8.07751,1.00,1.00
2018.02.20 13:10:02.670,8.07628,8.07771,1.00,1.37
2018.02.20 13:10:03.349,8.07625,8.07769,1.00,1.37
2018.02.20 13:10:04.114,8.07625,8.07769,1.00,1.00
2018.02.20 13:10:04.776,8.07634,8.07778,1.00,1.37
2018.02.20 13:10:05.032,8.07629,8.07773,1.00,1.12
2018.02.20 13:10:05.927,8.07625,8.07769,1.00,1.00
2018.02.20 13:10:06.239,8.07617,8.07759,1.00,1.00
2018.02.20 13:10:07.373,8.07612,8.07753,1.00,1.00
2018.02.20 13:10:07.426,8.07615,8.07759,1.00,1.00
2018.02.20 13:10:07.477,8.07622,8.07766,1.00,1.00
2018.02.20 13:10:07.797,8.07634,8.07773,1.00,1.00
2018.02.20 13:10:08.098,8.07629,8.07773,1.00,1.50
2018.02.20 13:10:08.565,8.07626,8.07768,1.00,1.00
2018.02.20 13:10:08.835,8.0763,8.07773,1.00,1.00
2018.02.20 13:10:09.466,8.0763,8.07774,1.00,1.00
2018.02.20 13:10:09.753,8.07635,8.07779,1.00,1.00
2018.02.20 13:10:10.403,8.0763,8.07774,1.00,1.00
2018.02.20 13:10:10.907,8.07621,8.07765,1.00,1.00
2018.02.20 13:10:12.644,8.07622,8.07766,1.00,1.00
2018.02.20 13:10:13.041,8.07625,8.07769,1.00,1.00
2018.02.20 13:10:13.407,8.07621,8.07764,1.00,1.00
2018.02.20 13:10:14.554,8.07626,8.0777,1.00,1.00
2018.02.20 13:10:15.004,8.07636,8.0778,1.00,1.00
2018.02.20 13:10:15.320,8.07623,8.07767,1.00,1.00
2018.02.20 13:10:16.339,8.0763,8.07772,1.00,1.00
2018.02.20 13:10:16.764,8.07638,8.07782,1.00,1.37
2018.02.20 13:10:17.366,8.07638,8.07782,1.00,1.00
2018.02.20 13:10:18.107,8.07645,8.07783,1.00,1.00
2018.02.20 13:10:18.158,8.07641,8.07783,1.00,1.00
2018.02.20 13:10:20.095,8.07636,8.0778,1.00,1.00
2018.02.20 13:10:23.618,8.07623,8.07767,1.00,1.00
2018.02.20 13:10:23.966,8.07618,8.07762,1.00,1.00
2018.02.20 13:10:25.200,8.07614,8.07758,1.00,1.00
2018.02.20 13:10:25.523,8.076,8.07744,1.00,1.00
2018.02.20 13:10:27.025,8.07604,8.07748,1.00,1.00
2018.02.20 13:10:27.557,8.07609,8.07752,1.00,1.00
2018.02.20 13:10:28.800,8.07613,8.07757,1.00,1.00
2018.02.20 13:10:28.852,8.07638,8.07784,1.00,1.75
2018.02.20 13:10:28.903,8.07644,8.07786,1.00,1.00
2018.02.20 13:10:28.955,8.07657,8.07801,1.00,1.37
2018.02.20 13:10:29.637,8.07663,8.07805,1.00,1.37
2018.02.20 13:10:29.841,8.07685,8.07827,1.00,1.00
2018.02.20 13:10:30.094,8.07688,8.07832,1.00,1.00
2018.02.20 13:10:30.623,8.07677,8.07819,1.00,1.00
2018.02.20 13:10:31.364,8.07664,8.07808,1.00,1.00
2018.02.20 13:10:31.415,8.07657,8.07801,1.00,1.00
2018.02.20 13:10:31.785,8.07652,8.07793,1.00,1.00
2018.02.20 13:10:31.887,8.07656,8.078,1.00,1.00
2018.02.20 13:10:31.938,8.07663,8.07807,1.00,1.37
2018.02.20 13:10:32.309,8.07669,8.07813,1.00,1.37
2018.02.20 13:10:33.044,8.07669,8.07813,1.00,1.00
2018.02.20 13:10:33.176,8.07664,8.07808,1.00,1.00
2018.02.20 13:10:33.716,8.07663,8.07806,1.00,1.00
2018.02.20 13:10:34.121,8.07671,8.07813,1.00,1.00
2018.02.20 13:10:34.422,8.07674,8.07818,1.00,1.37
2018.02.20 13:10:34.749,8.0767,8.07812,1.00,1.00
2018.02.20 13:10:34.924,8.07665,8.07808,1.00,1.00
2018.02.20 13:10:38.289,8.07657,8.07801,1.00,1.00
2018.02.20 13:10:38.747,8.07669,8.07801,1.00,1.00
2018.02.20 13:10:38.798,8.07669,8.07812,1.00,1.00
2018.02.20 13:10:39.326,8.07668,8.07812,1.50,1.00
2018.02.20 13:10:39.712,8.07655,8.07794,1.00,1.00
2018.02.20 13:10:39.972,8.0761,8.07752,1.00,1.00
2018.02.20 13:10:40.276,8.07606,8.07752,1.00,1.00
2018.02.20 13:10:40.439,8.07621,8.07764,1.00,1.00
2018.02.20 13:10:41.347,8.07628,8.07772,1.00,1.00
2018.02.20 13:10:41.399,8.07624,8.07768,1.00,1.00
2018.02.20 13:10:41.922,8.07617,8.0776,1.00,1.00
2018.02.20 13:10:42.086,8.07615,8.07759,1.00,1.00
2018.02.20 13:10:42.973,8.07615,8.07761,1.00,1.00
2018.02.20 13:10:43.026,8.07623,8.07766,1.00,1.00
2018.02.20 13:10:43.078,8.07628,8.07774,1.00,1.00
2018.02.20 13:10:43.130,8.07645,8.07791,1.00,1.37
2018.02.20 13:10:43.560,8.07651,8.07795,1.00,1.37
2018.02.20 13:10:43.946,8.07651,8.07795,1.00,1.00
2018.02.20 13:10:45.217,8.07652,8.07795,1.00,1.00
2018.02.20 13:10:46.474,8.07656,8.07802,1.00,1.00
2018.02.20 13:10:46.575,8.07659,8.07805,1.00,1.00
2018.02.20 13:10:47.551,8.07668,8.07814,1.00,1.37
2018.02.20 13:10:48.177,8.07668,8.07814,1.00,1.00
2018.02.20 13:10:48.514,8.07677,8.07822,1.00,1.28
2018.02.20 13:10:48.882,8.07693,8.07838,1.00,1.28
2018.02.20 13:10:49.215,8.07696,8.07838,1.00,1.37
2018.02.20 13:10:49.779,8.07696,8.07838,1.00,1.00
2018.02.20 13:10:51.592,8.07689,8.07834,1.00,1.00
2018.02.20 13:10:51.824,8.077,8.07838,1.00,1.00
2018.02.20 13:10:51.875,8.07704,8.0785,1.00,1.37
2018.02.20 13:10:52.029,8.0771,8.07856,1.00,1.37
2018.02.20 13:10:53.032,8.07717,8.07858,1.00,1.00
2018.02.20 13:10:53.133,8.07712,8.07858,1.00,1.50
2018.02.20 13:10:54.374,8.07709,8.07853,1.00,1.00
2018.02.20 13:10:56.116,8.077,8.07845,1.00,1.00
2018.02.20 13:10:56.219,8.07725,8.07858,1.00,1.00
2018.02.20 13:10:56.321,8.07729,8.07873,1.00,1.37
2018.02.20 13:10:56.373,8.07731,8.07877,1.00,1.37
2018.02.20 13:10:56.728,8.07734,8.07877,1.00,1.37
2018.02.20 13:10:57.055,8.07736,8.07877,1.00,1.37
2018.02.20 13:10:57.164,8.07734,8.07877,1.00,1.37
2018.02.20 13:10:57.567,8.07734,8.07877,1.00,1.00
2018.02.20 13:10:57.844,8.07731,8.07877,1.00,1.00
2018.02.20 13:10:57.946,8.07727,8.07868,1.00,1.00
2018.02.20 13:10:58.049,8.0771,8.07853,1.00,1.00
2018.02.20 13:10:58.707,8.07709,8.07853,1.00,1.00
2018.02.20 13:10:59.023,8.07709,8.07848,1.00,1.00
2018.02.20 13:10:59.267,8.07703,8.07848,1.00,1.00
2018.02.20 13:10:59.320,8.07693,8.07832,1.00,1.00
2018.02.20 13:10:59.372,8.0769,8.07832,1.00,1.00
2018.02.20 13:10:59.423,8.07691,8.07837,1.00,1.00
2018.02.20 13:10:59.474,8.0769,8.07834,1.00,1.00
2018.02.20 13:11:00.025,8.0769,8.07833,1.00,1.00
2018.02.20 13:11:00.334,8.077,8.07846,1.00,1.00
2018.02.20 13:11:00.385,8.07708,8.07846,1.00,1.00
2018.02.20 13:11:00.488,8.07708,8.07849,1.00,1.00
2018.02.20 13:11:00.590,8.07708,8.07846,1.00,1.00
2018.02.20 13:11:00.691,8.077,8.07846,1.00,1.00
2018.02.20 13:11:02.160,8.07703,8.07844,1.00,1.00
2018.02.20 13:11:02.262,8.07703,8.07847,1.00,1.00
2018.02.20 13:11:02.363,8.07708,8.07853,1.00,1.12
2018.02.20 13:11:02.414,8.07704,8.07849,1.00,1.00
2018.02.20 13:11:02.728,8.07716,8.07853,1.00,1.12
2018.02.20 13:11:02.962,8.07714,8.07853,1.00,1.12
2018.02.20 13:11:03.065,8.07719,8.07865,1.00,1.37
2018.02.20 13:11:03.366,8.07727,8.07873,1.00,1.75
2018.02.20 13:11:03.676,8.07732,8.07873,1.00,1.75
2018.02.20 13:11:03.974,8.07732,8.07873,1.00,1.00
2018.02.20 13:11:05.868,8.07731,8.07876,1.00,1.00
2018.02.20 13:11:05.919,8.0775,8.07896,1.00,1.37
2018.02.20 13:11:06.121,8.07758,8.07904,1.00,1.00
2018.02.20 13:11:06.644,8.07762,8.07907,1.00,1.00
2018.02.20 13:11:06.951,8.07765,8.07907,1.00,1.00
2018.02.20 13:11:07.227,8.07763,8.07907,1.00,1.00
2018.02.20 13:11:07.772,8.07762,8.07907,1.50,1.00
2018.02.20 13:11:08.122,8.07767,8.07907,1.00,1.00
2018.02.20 13:11:08.694,8.07763,8.07907,1.00,1.00
2018.02.20 13:11:09.515,8.07762,8.07907,1.50,1.00
2018.02.20 13:11:11.997,8.07763,8.07907,1.00,1.00
2018.02.20 13:11:12.654,8.07762,8.07907,1.50,1.00
2018.02.20 13:11:13.023,8.07767,8.07907,1.00,1.00
2018.02.20 13:11:13.125,8.07767,8.0791,1.00,1.00
2018.02.20 13:11:13.577,8.07765,8.0791,1.00,1.00
2018.02.20 13:11:13.838,8.07767,8.0791,1.00,1.00
2018.02.20 13:11:14.440,8.07764,8.0791,1.00,1.00
2018.02.20 13:11:15.024,8.07768,8.07914,1.00,1.00
2018.02.20 13:11:15.608,8.07773,8.07918,1.00,1.00
2018.02.20 13:11:15.967,8.07776,8.07917,1.00,1.00
2018.02.20 13:11:16.268,8.07778,8.07917,1.00,1.00
2018.02.20 13:11:16.881,8.0778,8.07917,1.00,1.00
2018.02.20 13:11:16.933,8.0778,8.07924,1.00,1.00
2018.02.20 13:11:17.595,8.07781,8.07927,1.00,1.37
2018.02.20 13:11:17.911,8.0778,8.07914,1.00,1.00
2018.02.20 13:11:18.059,8.0778,8.07923,1.00,1.00
2018.02.20 13:11:18.110,8.07777,8.07923,1.00,1.00
2018.02.20 13:11:18.312,8.07776,8.07918,1.00,1.00
2018.02.20 13:11:18.684,8.07776,8.07913,1.00,1.00
2018.02.20 13:11:19.336,8.07778,8.07913,1.00,1.00
2018.02.20 13:11:19.980,8.07774,8.07913,1.00,1.00
2018.02.20 13:11:20.110,8.07774,8.07909,1.00,1.00
2018.02.20 13:11:21.243,8.07773,8.07909,1.00,1.00
2018.02.20 13:11:22.541,8.07772,8.07909,1.00,1.00
2018.02.20 13:11:23.151,8.07773,8.07909,1.00,1.00
2018.02.20 13:11:23.711,8.07772,8.07909,1.00,1.00
2018.02.20 13:11:24.475,8.07773,8.07909,1.00,1.00
2018.02.20 13:11:25.115,8.07769,8.07909,1.00,1.00
2018.02.20 13:11:25.434,8.07774,8.07909,1.00,1.00
2018.02.20 13:11:25.749,8.07776,8.07909,1.00,1.00
2018.02.20 13:11:26.316,8.07777,8.07909,1.00,1.00
2018.02.20 13:11:26.837,8.07776,8.07906,1.00,1.00
2018.02.20 13:11:27.220,8.07778,8.07906,1.00,1.00
2018.02.20 13:11:27.816,8.07778,8.07907,1.00,1.00
2018.02.20 13:11:29.364,8.07776,8.07907,1.00,1.00
2018.02.20 13:11:29.667,8.07774,8.07907,1.00,1.00
2018.02.20 13:11:29.999,8.07769,8.07907,1.00,1.00
2018.02.20 13:11:30.265,8.07767,8.07907,1.00,1.00
2018.02.20 13:11:30.606,8.07781,8.07916,1.00,1.00
2018.02.20 13:11:30.984,8.07785,8.07916,1.00,1.00
2018.02.20 13:11:31.478,8.07787,8.07916,1.00,1.00
2018.02.20 13:11:31.530,8.07787,8.07925,1.00,1.00
2018.02.20 13:11:31.779,8.07795,8.07925,1.00,1.00
2018.02.20 13:11:32.345,8.07796,8.07925,1.00,1.00
2018.02.20 13:11:32.396,8.07793,8.07925,1.00,1.00
2018.02.20 13:11:32.681,8.07795,8.07925,1.00,1.00
2018.02.20 13:11:32.984,8.07798,8.07925,1.00,1.00
2018.02.20 13:11:33.339,8.07801,8.07932,1.00,1.00
2018.02.20 13:11:33.648,8.07804,8.07932,1.00,1.00
2018.02.20 13:11:34.217,8.07806,8.07932,1.00,1.00
2018.02.20 13:11:34.503,8.07806,8.07941,1.00,1.00
2018.02.20 13:11:34.554,8.07808,8.07941,1.00,1.00
2018.02.20 13:11:35.899,8.07809,8.07941,1.00,1.00
2018.02.20 13:11:36.306,8.07811,8.07941,1.00,1.00
2018.02.20 13:11:36.408,8.07809,8.07941,1.00,1.00
2018.02.20 13:11:36.595,8.0782,8.0795,1.00,1.00
2018.02.20 13:11:36.903,8.07846,8.07986,1.00,1.00
2018.02.20 13:11:36.954,8.07849,8.07978,1.00,1.00
2018.02.20 13:11:37.196,8.07847,8.07978,1.00,1.00
2018.02.20 13:11:37.806,8.07846,8.07978,1.00,1.00
2018.02.20 13:11:38.371,8.07847,8.07978,1.00,1.00
2018.02.20 13:11:38.577,8.07848,8.07986,1.00,1.00
2018.02.20 13:11:38.628,8.07859,8.07993,1.00,1.12
2018.02.20 13:11:38.945,8.07863,8.07993,1.00,1.12
2018.02.20 13:11:39.361,8.07866,8.07993,1.00,1.12
2018.02.20 13:11:39.493,8.07863,8.07993,1.00,1.12
2018.02.20 13:11:40.035,8.07863,8.07997,1.00,1.00
2018.02.20 13:11:40.137,8.0786,8.07991,1.00,1.00
2018.02.20 13:11:40.444,8.07861,8.07993,1.00,1.00
2018.02.20 13:11:40.577,8.07861,8.07996,1.00,1.00
2018.02.20 13:11:40.704,8.07855,8.07983,1.00,1.00
2018.02.20 13:11:41.031,8.07854,8.07974,1.00,1.00
2018.02.20 13:11:41.615,8.07852,8.07974,1.00,1.00
2018.02.20 13:11:41.914,8.07854,8.07974,1.00,1.00
2018.02.20 13:11:42.676,8.07853,8.07974,1.00,1.00
2018.02.20 13:11:43.307,8.07853,8.07975,1.00,1.00
2018.02.20 13:11:43.459,8.07853,8.07992,1.00,1.37
2018.02.20 13:11:43.511,8.07871,8.07995,1.00,1.37
2018.02.20 13:11:43.838,8.07886,8.08007,1.00,1.37
2018.02.20 13:11:44.056,8.07886,8.08007,1.00,1.00
2018.02.20 13:11:44.107,8.07883,8.08007,1.00,1.00
2018.02.20 13:11:44.437,8.07881,8.08007,1.00,1.00
2018.02.20 13:11:45.440,8.07881,8.08003,1.00,1.00
2018.02.20 13:11:45.802,8.07889,8.08003,1.00,1.00
2018.02.20 13:11:46.343,8.07889,8.08004,1.00,1.00
2018.02.20 13:11:46.662,8.07893,8.08004,1.00,1.00
2018.02.20 13:11:47.023,8.07895,8.08004,1.00,1.00
2018.02.20 13:11:47.386,8.07896,8.08013,1.00,1.00
2018.02.20 13:11:47.911,8.07897,8.08013,1.00,1.00
2018.02.20 13:11:47.962,8.07899,8.08013,1.00,1.00
2018.02.20 13:11:48.370,8.079,8.08033,1.00,1.37
2018.02.20 13:11:48.539,8.07917,8.0805,1.00,1.75
2018.02.20 13:11:49.012,8.0793,8.08039,1.00,1.37
2018.02.20 13:11:49.116,8.07912,8.08034,1.00,1.00
2018.02.20 13:11:49.269,8.07912,8.08039,1.00,1.00
2018.02.20 13:11:49.508,8.07912,8.08045,1.00,1.00
2018.02.20 13:11:49.661,8.07912,8.08049,1.00,1.00
2018.02.20 13:11:50.140,8.07912,8.08057,1.50,1.00
2018.02.20 13:11:50.192,8.07922,8.08067,1.00,1.00
2018.02.20 13:11:50.500,8.07939,8.0807,1.00,1.00
2018.02.20 13:11:50.551,8.07935,8.0807,1.00,1.00
2018.02.20 13:11:50.652,8.07955,8.0807,1.00,1.00
2018.02.20 13:11:50.754,8.0795,8.0807,1.00,1.00
2018.02.20 13:11:51.048,8.0795,8.08081,1.00,1.00
2018.02.20 13:11:51.099,8.07962,8.08109,1.00,1.75
2018.02.20 13:11:51.150,8.07962,8.08109,1.00,1.00
2018.02.20 13:11:53.201,8.07967,8.08109,1.00,1.00
2018.02.20 13:11:54.056,8.07966,8.08109,1.00,1.00
2018.02.20 13:11:54.108,8.07966,8.08112,1.50,1.00
2018.02.20 13:11:54.381,8.07969,8.08112,1.00,1.00
2018.02.20 13:11:54.700,8.0798,8.08123,1.00,1.00
2018.02.20 13:11:54.751,8.07986,8.08132,1.00,1.00
2018.02.20 13:11:54.802,8.08,8.08132,1.00,1.00
2018.02.20 13:11:54.905,8.08008,8.08154,1.00,1.00
2018.02.20 13:11:55.007,8.08029,8.08154,1.00,1.00
2018.02.20 13:11:55.275,8.08022,8.08154,1.00,1.00
2018.02.20 13:11:55.503,8.08024,8.08154,1.00,1.00
2018.02.20 13:11:55.833,8.08043,8.08178,1.00,1.37
2018.02.20 13:11:56.162,8.0804,8.08178,1.00,1.37
2018.02.20 13:11:56.694,8.08041,8.08178,1.00,1.37
2018.02.20 13:11:56.845,8.08041,8.08178,1.00,1.00
2018.02.20 13:11:57.097,8.08043,8.08178,1.00,1.00
2018.02.20 13:11:57.805,8.08047,8.08178,1.00,1.00
2018.02.20 13:11:58.261,8.0805,8.08179,1.00,1.00
2018.02.20 13:11:58.702,8.08052,8.08179,1.00,1.00
2018.02.20 13:11:59.251,8.08053,8.08179,1.00,1.00
2018.02.20 13:11:59.706,8.08113,8.08241,1.00,1.75
2018.02.20 13:11:59.757,8.08115,8.08257,1.00,1.75
2018.02.20 13:11:59.809,8.08094,8.08231,1.00,1.00
2018.02.20 13:11:59.861,8.08099,8.08236,1.60,1.12
2018.02.20 13:11:59.912,8.08101,8.08236,1.00,1.12
2018.02.20 13:12:00.015,8.08116,8.08236,1.00,1.12
2018.02.20 13:12:00.506,8.08107,8.08244,1.00,1.37
2018.02.20 13:12:00.766,8.0812,8.08257,1.00,1.75
2018.02.20 13:12:00.818,8.0812,8.08257,1.00,1.00
2018.02.20 13:12:00.920,8.08097,8.08234,1.00,1.00
2018.02.20 13:12:01.296,8.08105,8.08243,1.00,1.00
2018.02.20 13:12:01.348,8.08094,8.08231,1.00,1.00
2018.02.20 13:12:01.768,8.081,8.08237,1.00,1.00
2018.02.20 13:12:02.072,8.08092,8.08229,1.00,1.00
2018.02.20 13:12:02.471,8.08089,8.08224,1.00,1.00
2018.02.20 13:12:02.726,8.08089,8.08226,1.00,1.00
2018.02.20 13:12:02.778,8.081,8.08237,1.00,1.00
2018.02.20 13:12:03.039,8.08092,8.08237,1.00,1.00
2018.02.20 13:12:03.162,8.08094,8.08237,1.00,1.00
2018.02.20 13:12:03.324,8.08098,8.08244,1.00,1.00
2018.02.20 13:12:03.375,8.08102,8.08248,1.00,1.00
2018.02.20 13:12:03.714,8.08113,8.08297,1.00,1.75
2018.02.20 13:12:03.765,8.08108,8.08305,1.00,1.87
2018.02.20 13:12:03.816,8.08128,8.0831,1.00,1.75
2018.02.20 13:12:03.867,8.08119,8.08307,1.50,1.75
2018.02.20 13:12:04.019,8.08119,8.08254,1.50,1.00
2018.02.20 13:12:05.224,8.08127,8.08265,1.00,1.00
2018.02.20 13:12:05.334,8.08127,8.08256,1.00,1.00
2018.02.20 13:12:05.385,8.08105,8.08251,1.00,1.00
2018.02.20 13:12:05.487,8.08115,8.0826,1.00,1.00
2018.02.20 13:12:05.538,8.08106,8.08252,1.00,1.00
2018.02.20 13:12:10.460,8.0811,8.08255,1.00,1.00
2018.02.20 13:12:11.703,8.08129,8.08275,1.00,1.37
2018.02.20 13:12:11.754,8.08137,8.08283,1.00,1.00
2018.02.20 13:12:12.310,8.08146,8.08292,1.00,1.00
2018.02.20 13:12:12.868,8.08149,8.08295,1.00,1.00
2018.02.20 13:12:14.881,8.08167,8.08312,1.00,1.00
2018.02.20 13:12:15.226,8.0818,8.08325,1.00,1.37
2018.02.20 13:12:16.096,8.0818,8.08323,1.00,1.00
2018.02.20 13:12:16.147,8.08175,8.08319,1.00,1.00
2018.02.20 13:12:16.437,8.08165,8.08309,1.00,1.00
2018.02.20 13:12:16.743,8.08125,8.08267,1.00,1.00
2018.02.20 13:12:16.847,8.08119,8.08262,1.00,1.00
2018.02.20 13:12:17.147,8.08123,8.08267,1.00,1.00
2018.02.20 13:12:17.198,8.08127,8.08271,1.00,1.00
2018.02.20 13:12:17.528,8.08132,8.08274,1.00,1.00
2018.02.20 13:12:17.732,8.08139,8.08282,1.00,1.00
2018.02.20 13:12:17.834,8.08143,8.08286,1.00,1.00
2018.02.20 13:12:18.168,8.0813,8.08272,1.00,1.00
2018.02.20 13:12:18.619,8.08128,8.0827,1.00,1.00
2018.02.20 13:12:19.265,8.08131,8.08275,1.00,1.00
2018.02.20 13:12:19.317,8.0812,8.08264,1.00,1.00
2018.02.20 13:12:19.712,8.08125,8.08268,1.00,1.00
2018.02.20 13:12:19.865,8.08129,8.08273,1.00,1.00
2018.02.20 13:12:21.412,8.0812,8.08264,1.00,1.00
2018.02.20 13:12:22.469,8.08124,8.08267,1.00,1.00
2018.02.20 13:12:24.077,8.08132,8.08276,1.00,1.00
2018.02.20 13:12:24.128,8.08136,8.0828,1.00,1.00
2018.02.20 13:12:24.434,8.08132,8.08274,1.00,1.00
2018.02.20 13:12:24.718,8.08118,8.08262,1.00,1.00
2018.02.20 13:12:24.821,8.0811,8.08254,1.00,1.00
2018.02.20 13:12:25.238,8.08103,8.08244,1.00,1.00
2018.02.20 13:12:26.805,8.08107,8.08251,1.00,1.00
2018.02.20 13:12:26.857,8.08115,8.08258,1.00,1.00
2018.02.20 13:12:27.273,8.08099,8.08242,1.00,1.00
2018.02.20 13:12:27.439,8.08094,8.08238,1.00,1.00
2018.02.20 13:12:27.962,8.081,8.08242,1.00,1.00
2018.02.20 13:12:28.036,8.08095,8.08239,1.00,1.00
2018.02.20 13:12:28.138,8.08086,8.08229,1.00,1.00
2018.02.20 13:12:30.525,8.08082,8.08225,1.00,1.00
2018.02.20 13:12:30.782,8.08053,8.08197,1.00,1.00
2018.02.20 13:12:30.833,8.08049,8.08192,1.00,1.00
2018.02.20 13:12:31.498,8.08048,8.08187,1.00,1.00
2018.02.20 13:12:31.548,8.08046,8.08187,1.00,1.00
2018.02.20 13:12:31.701,8.08052,8.08196,1.00,1.00
2018.02.20 13:12:32.940,8.08046,8.0819,1.00,1.00
2018.02.20 13:12:33.246,8.08041,8.08184,1.00,1.00
2018.02.20 13:12:33.550,8.08036,8.08178,1.00,1.00
2018.02.20 13:12:33.782,8.0804,8.08184,1.00,1.00
2018.02.20 13:12:34.259,8.08036,8.0818,1.00,1.00
2018.02.20 13:12:35.480,8.0804,8.08184,1.00,1.00
2018.02.20 13:12:36.029,8.08031,8.08181,1.00,1.00
2018.02.20 13:12:36.080,8.08031,8.08176,1.00,1.00
2018.02.20 13:12:36.561,8.08016,8.08176,1.00,1.00
2018.02.20 13:12:36.612,8.0802,8.08179,1.00,1.00
2018.02.20 13:12:42.930,8.08018,8.08178,1.00,1.00
2018.02.20 13:12:43.515,8.08018,8.08179,1.00,1.87
2018.02.20 13:12:44.136,8.08018,8.08179,1.00,1.60
2018.02.20 13:12:46.362,8.08018,8.08179,1.00,1.50
2018.02.20 13:12:47.370,8.08021,8.08179,1.00,1.00
2018.02.20 13:12:47.739,8.08014,8.08175,1.00,1.00
2018.02.20 13:12:48.439,8.08009,8.08174,1.00,1.00
2018.02.20 13:12:50.146,8.08009,8.08169,1.00,1.00
2018.02.20 13:12:50.338,8.08009,8.08175,1.00,1.00
2018.02.20 13:12:50.541,8.08009,8.08172,1.00,1.00
2018.02.20 13:12:53.004,8.08009,8.08175,1.00,1.00
2018.02.20 13:12:54.915,8.08013,8.08179,1.00,1.00
2018.02.20 13:12:55.249,8.08026,8.08181,1.00,1.00
2018.02.20 13:12:57.178,8.08026,8.08178,1.00,1.00
2018.02.20 13:12:58.009,8.08026,8.08179,1.00,1.00
2018.02.20 13:12:58.536,8.08026,8.0818,1.00,1.00
2018.02.20 13:13:00.731,8.08027,8.08194,1.00,1.37
2018.02.20 13:13:00.782,8.08036,8.08196,1.00,1.37
2018.02.20 13:13:00.885,8.08048,8.08212,1.00,1.00
2018.02.20 13:13:00.936,8.08054,8.08218,1.00,1.00
2018.02.20 13:13:01.284,8.08048,8.08212,1.00,1.00
2018.02.20 13:13:01.654,8.08048,8.08205,1.00,1.00
2018.02.20 13:13:02.230,8.08048,8.08204,1.00,1.00
2018.02.20 13:13:03.373,8.08048,8.08191,1.00,1.00
2018.02.20 13:13:04.124,8.08038,8.0818,1.00,1.00
2018.02.20 13:13:04.458,8.0803,8.08163,1.00,1.00
2018.02.20 13:13:04.722,8.08019,8.08163,1.00,1.00
2018.02.20 13:13:04.784,8.08015,8.08159,1.00,1.00
2018.02.20 13:13:08.959,8.08026,8.08169,1.00,1.00
2018.02.20 13:13:09.010,8.08037,8.08181,1.00,1.00
2018.02.20 13:13:11.017,8.08041,8.08185,1.00,1.00
2018.02.20 13:13:11.330,8.08038,8.08182,1.00,1.00
2018.02.20 13:13:11.935,8.08037,8.08181,1.00,1.00
2018.02.20 13:13:12.338,8.08041,8.08185,1.00,1.00
2018.02.20 13:13:12.741,8.08043,8.08187,1.00,1.00
2018.02.20 13:13:13.172,8.08045,8.08189,1.00,1.00
2018.02.20 13:13:15.121,8.08057,8.08201,1.00,1.00
2018.02.20 13:13:15.537,8.08062,8.08203,1.00,1.00
2018.02.20 13:13:15.717,8.08052,8.08195,1.00,1.00
2018.02.20 13:13:15.768,8.08052,8.08187,1.00,1.00
2018.02.20 13:13:15.972,8.0804,8.08184,1.00,1.00
2018.02.20 13:13:16.528,8.0804,8.08183,1.00,1.00
2018.02.20 13:13:16.660,8.08045,8.08189,1.00,1.00
2018.02.20 13:13:17.036,8.0805,8.08189,1.00,1.00
2018.02.20 13:13:17.087,8.0809,8.08231,1.00,1.00
2018.02.20 13:13:17.139,8.08091,8.08235,1.00,1.00
2018.02.20 13:13:17.190,8.081,8.08237,1.00,1.00
2018.02.20 13:13:17.849,8.081,8.08244,1.00,1.37
2018.02.20 13:13:17.950,8.08113,8.08257,1.00,1.00
2018.02.20 13:13:18.533,8.08116,8.0826,1.00,1.00
2018.02.20 13:13:18.849,8.08122,8.08266,1.00,1.00
2018.02.20 13:13:19.178,8.08126,8.08268,1.00,1.00
2018.02.20 13:13:21.453,8.08134,8.08278,1.00,1.00
2018.02.20 13:13:21.555,8.08139,8.08283,1.00,1.00
2018.02.20 13:13:22.657,8.08143,8.08286,1.00,1.00
2018.02.20 13:13:22.759,8.08137,8.08281,1.00,1.00
2018.02.20 13:13:23.198,8.0814,8.08284,1.00,1.00
2018.02.20 13:13:23.581,8.08151,8.08294,1.00,1.00
2018.02.20 13:13:24.295,8.08155,8.08298,1.00,1.00
2018.02.20 13:13:24.501,8.08181,8.08325,1.00,1.00
2018.02.20 13:13:24.553,8.08176,8.0832,1.00,1.00
2018.02.20 13:13:24.875,8.08184,8.08328,1.00,1.00
2018.02.20 13:13:25.203,8.08193,8.08337,1.00,1.00
2018.02.20 13:13:26.567,8.08196,8.0834,1.00,1.00
2018.02.20 13:13:28.018,8.08195,8.08339,1.00,1.00
2018.02.20 13:13:28.413,8.08197,8.08341,1.00,1.00
2018.02.20 13:13:29.075,8.08198,8.08342,1.00,1.00
2018.02.20 13:13:29.230,8.08196,8.08342,1.00,1.00
2018.02.20 13:13:30.058,8.08211,8.08355,1.00,1.00
2018.02.20 13:13:30.260,8.08227,8.08373,1.00,1.00
2018.02.20 13:13:30.896,8.0824,8.08386,1.00,1.00
2018.02.20 13:13:31.229,8.08197,8.08343,1.00,1.00
2018.02.20 13:13:31.533,8.08171,8.08317,1.00,1.00
2018.02.20 13:13:31.887,8.08176,8.08322,1.00,1.00
2018.02.20 13:13:32.194,8.08167,8.08313,1.00,1.00
2018.02.20 13:13:33.529,8.08172,8.08316,1.00,1.00
2018.02.20 13:13:34.611,8.08173,8.08319,1.00,1.00
2018.02.20 13:13:34.662,8.08177,8.08323,1.00,1.00
2018.02.20 13:13:35.744,8.08171,8.08317,1.00,1.00
2018.02.20 13:13:36.091,8.08167,8.08313,1.00,1.00
2018.02.20 13:13:38.626,8.08172,8.08318,1.00,1.00
2018.02.20 13:13:38.972,8.08167,8.08313,1.00,1.00
2018.02.20 13:13:39.168,8.08144,8.0831,1.00,1.00
2018.02.20 13:13:39.649,8.08162,8.0831,1.00,1.00
2018.02.20 13:13:39.976,8.08181,8.08326,1.00,1.00
2018.02.20 13:13:40.355,8.08172,8.08326,1.00,1.00
2018.02.20 13:13:40.737,8.08172,8.08318,1.00,1.00
2018.02.20 13:13:41.401,8.08183,8.08329,1.00,1.00
2018.02.20 13:13:41.759,8.08179,8.0832,1.00,1.00
2018.02.20 13:13:41.913,8.08154,8.08312,1.87,1.00
2018.02.20 13:13:42.670,8.08154,8.08312,1.12,1.00
2018.02.20 13:13:43.098,8.08154,8.08306,1.12,1.00
2018.02.20 13:13:43.373,8.08156,8.0831,1.00,1.00
2018.02.20 13:13:44.146,8.08156,8.08319,1.00,1.00
2018.02.20 13:13:44.197,8.08156,8.08323,1.00,1.00
2018.02.20 13:13:44.248,8.08156,8.08323,1.60,1.00
2018.02.20 13:13:44.351,8.0816,8.08327,1.35,1.00
2018.02.20 13:13:44.555,8.08162,8.08327,1.00,1.00
2018.02.20 13:13:45.255,8.08161,8.08327,1.12,1.00
2018.02.20 13:13:45.676,8.08162,8.08327,1.37,1.00
2018.02.20 13:13:45.800,8.08164,8.08335,1.37,1.50
2018.02.20 13:13:45.852,8.08164,8.08333,1.37,1.00
2018.02.20 13:13:46.153,8.08177,8.08333,1.00,1.00
2018.02.20 13:13:48.440,8.08177,8.08343,1.00,1.00
2018.02.20 13:13:48.492,8.08196,8.08343,1.00,1.00
2018.02.20 13:13:48.696,8.08213,8.08364,1.00,1.00
2018.02.20 13:13:48.849,8.08213,8.0836,1.00,1.00
2018.02.20 13:13:49.674,8.08213,8.08374,1.00,1.00
2018.02.20 13:13:50.089,8.08213,8.08378,1.00,1.00
2018.02.20 13:13:50.235,8.08213,8.08362,1.00,1.00
2018.02.20 13:13:50.868,8.08213,8.08361,1.00,1.00
2018.02.20 13:13:51.096,8.08213,8.08369,1.00,1.00
2018.02.20 13:13:51.147,8.08213,8.08372,1.00,1.00
2018.02.20 13:13:51.300,8.08213,8.08365,1.00,1.00
2018.02.20 13:13:52.284,8.08213,8.08371,1.00,1.00
2018.02.20 13:13:52.437,8.08213,8.08367,1.00,1.00
2018.02.20 13:13:52.802,8.08213,8.08363,1.00,1.00
2018.02.20 13:13:52.988,8.08213,8.08369,1.00,1.00
2018.02.20 13:13:53.089,8.08213,8.08357,1.00,1.00
2018.02.20 13:13:53.191,8.08193,8.08339,1.00,1.00
2018.02.20 13:13:53.292,8.08184,8.0833,1.00,1.00
2018.02.20 13:13:53.597,8.08159,8.08305,1.50,1.00
2018.02.20 13:13:53.907,8.08138,8.08281,1.00,1.00
2018.02.20 13:13:54.090,8.0814,8.08286,1.00,1.00
2018.02.20 13:13:54.244,8.08134,8.08278,1.00,1.00
2018.02.20 13:13:54.499,8.08125,8.08271,1.00,1.00
2018.02.20 13:13:54.551,8.08127,8.08273,1.00,1.00
2018.02.20 13:13:54.983,8.08129,8.08275,1.00,1.00
2018.02.20 13:13:55.413,8.08123,8.08266,1.00,1.00
2018.02.20 13:13:55.586,8.0812,8.08266,1.00,1.00
2018.02.20 13:13:55.638,8.08112,8.08258,1.00,1.00
2018.02.20 13:13:56.368,8.081,8.0824,1.50,1.00
2018.02.20 13:13:56.419,8.08085,8.08231,1.00,1.00
2018.02.20 13:13:56.470,8.08082,8.08223,1.50,1.00
2018.02.20 13:13:56.863,8.08067,8.08213,1.00,1.00
2018.02.20 13:13:57.569,8.0805,8.08196,1.00,1.00
2018.02.20 13:13:57.966,8.08046,8.08192,1.00,1.00
2018.02.20 13:13:58.472,8.08045,8.08191,1.00,1.00
2018.02.20 13:13:58.795,8.08042,8.08182,1.00,1.00
2018.02.20 13:13:59.431,8.08036,8.08182,1.00,1.00
2018.02.20 13:14:00.728,8.08027,8.08172,1.00,1.00
2018.02.20 13:14:01.035,8.08021,8.08163,1.00,1.00
2018.02.20 13:14:01.100,8.08017,8.08163,1.00,1.00
2018.02.20 13:14:01.642,8.08016,8.0816,1.00,1.00
2018.02.20 13:14:02.342,8.08004,8.0815,1.00,1.00
2018.02.20 13:14:03.624,8.08006,8.08151,1.00,1.00
2018.02.20 13:14:03.829,8.08009,8.08155,1.00,1.00
2018.02.20 13:14:05.768,8.08013,8.08159,1.00,1.00
2018.02.20 13:14:06.161,8.08018,8.08164,1.00,1.00
2018.02.20 13:14:06.686,8.08019,8.08164,1.00,1.00
2018.02.20 13:14:07.240,8.0802,8.08164,1.00,1.00
2018.02.20 13:14:07.574,8.08002,8.08131,1.00,1.00
2018.02.20 13:14:07.625,8.07999,8.08131,1.00,1.00
2018.02.20 13:14:07.911,8.07997,8.08131,1.00,1.00
2018.02.20 13:14:08.240,8.08002,8.08137,1.00,1.00
2018.02.20 13:14:08.451,8.08002,8.08126,1.00,1.00
2018.02.20 13:14:08.502,8.08002,8.08137,1.00,1.00
2018.02.20 13:14:08.631,8.08008,8.08144,1.00,1.00
2018.02.20 13:14:09.481,8.08008,8.08141,1.00,1.00
2018.02.20 13:14:10.005,8.08008,8.08148,1.00,1.00
2018.02.20 13:14:10.236,8.08006,8.08148,1.00,1.00
2018.02.20 13:14:10.836,8.08007,8.08148,1.00,1.00
2018.02.20 13:14:11.370,8.08006,8.08148,1.00,1.00
2018.02.20 13:14:11.421,8.08006,8.08152,1.50,1.00
2018.02.20 13:14:11.765,8.08008,8.08152,1.00,1.00
2018.02.20 13:14:12.232,8.08009,8.08149,1.00,1.00
2018.02.20 13:14:12.384,8.08,8.08145,1.00,1.00
2018.02.20 13:14:12.699,8.08005,8.08145,1.00,1.00
2018.02.20 13:14:13.183,8.08005,8.08143,1.00,1.00
2018.02.20 13:14:13.572,8.08007,8.08144,1.00,1.00
2018.02.20 13:14:13.836,8.08008,8.08152,1.00,1.00
2018.02.20 13:14:14.168,8.0801,8.08156,1.00,1.00
2018.02.20 13:14:14.219,8.08012,8.08156,1.00,1.00
2018.02.20 13:14:14.753,8.08011,8.08156,1.00,1.00
2018.02.20 13:14:15.096,8.08013,8.08156,1.00,1.00
2018.02.20 13:14:15.198,8.08018,8.08164,1.00,1.00
2018.02.20 13:14:15.250,8.08025,8.08171,1.00,1.00
2018.02.20 13:14:15.589,8.08027,8.08162,1.00,1.00
2018.02.20 13:14:15.877,8.08021,8.08163,1.00,1.00
2018.02.20 13:14:16.677,8.08019,8.08163,1.00,1.00
2018.02.20 13:14:17.220,8.0802,8.08163,1.00,1.00
2018.02.20 13:14:17.271,8.08023,8.08163,1.00,1.00
2018.02.20 13:14:17.548,8.08019,8.08163,1.00,1.00
2018.02.20 13:14:18.662,8.08018,8.08162,1.00,1.00
2018.02.20 13:14:18.714,8.08018,8.08157,1.00,1.00
2018.02.20 13:14:19.180,8.08016,8.08153,1.00,1.00
2018.02.20 13:14:19.231,8.08014,8.08153,1.00,1.00
2018.02.20 13:14:19.779,8.08015,8.08153,1.00,1.00
2018.02.20 13:14:20.503,8.08016,8.08153,1.00,1.00
2018.02.20 13:14:21.271,8.08016,8.0815,1.00,1.00
2018.02.20 13:14:21.389,8.08014,8.0815,1.00,1.00
2018.02.20 13:14:22.024,8.08014,8.08153,1.00,1.00
2018.02.20 13:14:22.125,8.08019,8.08153,1.00,1.00
2018.02.20 13:14:23.194,8.08021,8.08153,1.00,1.00
2018.02.20 13:14:23.504,8.08025,8.08153,1.00,1.00
2018.02.20 13:14:23.879,8.08028,8.08153,1.00,1.00
2018.02.20 13:14:24.846,8.08031,8.08153,1.00,1.00
2018.02.20 13:14:24.896,8.08031,8.08157,1.00,1.00
2018.02.20 13:14:24.960,8.08031,8.08161,1.00,1.00
2018.02.20 13:14:25.131,8.08035,8.08161,1.00,1.00
2018.02.20 13:14:25.711,8.08034,8.08161,1.00,1.00
2018.02.20 13:14:25.762,8.08031,8.08161,1.00,1.00
2018.02.20 13:14:26.337,8.08032,8.08161,1.00,1.00
2018.02.20 13:14:26.388,8.0803,8.08161,1.00,1.00
2018.02.20 13:14:26.930,8.08031,8.08161,1.00,1.00
2018.02.20 13:14:27.436,8.08032,8.08161,1.00,1.00
2018.02.20 13:14:27.730,8.08029,8.08161,1.00,1.00
2018.02.20 13:14:27.900,8.08029,8.08169,1.00,1.00
2018.02.20 13:14:27.952,8.08033,8.08179,1.00,1.00
2018.02.20 13:14:28.003,8.08038,8.08173,1.00,1.00
2018.02.20 13:14:28.567,8.0804,8.08173,1.00,1.00
2018.02.20 13:14:28.896,8.08032,8.08167,1.00,1.00
2018.02.20 13:14:29.189,8.08036,8.08167,1.00,1.00
2018.02.20 13:14:29.748,8.08038,8.08167,1.00,1.00
2018.02.20 13:14:30.282,8.08039,8.08167,1.00,1.00
2018.02.20 13:14:30.689,8.08042,8.08167,1.00,1.00
2018.02.20 13:14:31.179,8.08041,8.08176,1.00,1.00
2018.02.20 13:14:31.592,8.08039,8.08176,1.00,1.00
2018.02.20 13:14:31.861,8.08041,8.08176,1.00,1.00
2018.02.20 13:14:32.392,8.0804,8.08176,1.00,1.00
2018.02.20 13:14:32.916,8.08042,8.08176,1.00,1.00
2018.02.20 13:14:33.532,8.08044,8.08176,1.00,1.00
2018.02.20 13:14:33.889,8.08044,8.0818,1.00,1.00
2018.02.20 13:14:33.940,8.08042,8.0818,1.00,1.00
2018.02.20 13:14:34.066,8.08042,8.08185,1.00,1.00
2018.02.20 13:14:34.568,8.08043,8.08185,1.00,1.00
2018.02.20 13:14:34.919,8.08023,8.08177,1.00,1.00
2018.02.20 13:14:34.972,8.08021,8.08156,1.00,1.00
2018.02.20 13:14:35.227,8.08019,8.0816,1.00,1.00
2018.02.20 13:14:35.431,8.08019,8.08156,1.00,1.00
2018.02.20 13:14:35.571,8.08019,8.08161,1.00,1.50
2018.02.20 13:14:35.853,8.08023,8.08161,1.00,1.50
2018.02.20 13:14:36.464,8.0802,8.0816,1.00,1.00
2018.02.20 13:14:36.791,8.08026,8.0816,1.00,1.00
2018.02.20 13:14:37.331,8.08027,8.08158,1.00,1.00
2018.02.20 13:14:37.382,8.08017,8.08158,1.00,1.00
2018.02.20 13:14:37.636,8.08015,8.08158,1.00,1.00
2018.02.20 13:14:38.306,8.08014,8.08158,1.00,1.00
2018.02.20 13:14:38.582,8.08016,8.08158,1.00,1.00
2018.02.20 13:14:38.880,8.08013,8.08158,1.00,1.00
2018.02.20 13:14:40.203,8.0801,8.0815,1.00,1.00
2018.02.20 13:14:40.538,8.07956,8.08111,1.00,1.00
2018.02.20 13:14:40.590,8.07955,8.0809,1.00,1.00
2018.02.20 13:14:40.943,8.07955,8.08062,1.00,1.37
2018.02.20 13:14:41.197,8.07906,8.08048,1.00,1.00
2018.02.20 13:14:41.333,8.07906,8.0804,1.00,1.00
2018.02.20 13:14:41.435,8.07906,8.08043,1.00,1.00
2018.02.20 13:14:41.486,8.07906,8.08047,1.00,1.00
2018.02.20 13:14:41.645,8.07906,8.08053,1.00,1.37
2018.02.20 13:14:41.746,8.07908,8.08053,1.00,1.37
2018.02.20 13:14:42.026,8.07903,8.08049,1.00,1.00
2018.02.20 13:14:42.078,8.07903,8.08049,1.00,1.37
2018.02.20 13:14:42.333,8.07897,8.08038,1.00,1.12
2018.02.20 13:14:42.384,8.07897,8.0803,1.00,1.00
2018.02.20 13:14:42.569,8.07897,8.08039,1.00,1.37
2018.02.20 13:14:43.277,8.07899,8.08039,1.00,1.37
2018.02.20 13:14:43.628,8.07895,8.08032,1.00,1.00
2018.02.20 13:14:43.731,8.07895,8.08038,1.00,1.37
2018.02.20 13:14:43.897,8.079,8.08038,1.00,1.37
2018.02.20 13:14:44.230,8.07916,8.08048,1.00,1.37
2018.02.20 13:14:44.281,8.07909,8.08048,1.00,1.37
2018.02.20 13:14:44.544,8.07901,8.08042,1.00,1.37
2018.02.20 13:14:45.178,8.07902,8.08042,1.00,1.37
2018.02.20 13:14:45.229,8.07902,8.08042,1.00,1.00
2018.02.20 13:14:45.282,8.07902,8.08022,1.00,1.00
2018.02.20 13:14:45.334,8.0788,8.08025,1.00,1.00
2018.02.20 13:14:45.386,8.0788,8.08014,1.00,1.00
2018.02.20 13:14:45.674,8.07841,8.07985,1.00,1.00
2018.02.20 13:14:45.725,8.07841,8.07983,1.00,1.00
2018.02.20 13:14:45.776,8.07841,8.07994,1.00,1.00
2018.02.20 13:14:45.827,8.07845,8.08,1.00,1.00
2018.02.20 13:14:45.928,8.07841,8.07996,1.50,1.00
2018.02.20 13:14:46.244,8.07841,8.07994,1.00,1.00
2018.02.20 13:14:46.634,8.07862,8.08002,1.00,1.00
2018.02.20 13:14:47.251,8.07862,8.08005,1.00,1.00
2018.02.20 13:14:47.303,8.07862,8.07997,1.00,1.00
2018.02.20 13:14:47.648,8.0785,8.07963,1.00,1.00
2018.02.20 13:14:47.699,8.07832,8.07958,1.00,1.00
2018.02.20 13:14:47.750,8.07832,8.07945,1.00,1.00
2018.02.20 13:14:47.802,8.07832,8.07959,1.00,1.00
2018.02.20 13:14:47.905,8.07832,8.07964,1.00,1.00
2018.02.20 13:14:47.957,8.07832,8.0797,1.00,1.37
2018.02.20 13:14:48.008,8.07842,8.0797,1.00,1.37
2018.02.20 13:14:48.336,8.07856,8.07995,1.00,1.00
2018.02.20 13:14:48.387,8.07856,8.0799,1.00,1.00
2018.02.20 13:14:48.439,8.07856,8.07997,1.00,1.00
2018.02.20 13:14:48.542,8.07873,8.07993,1.00,1.00
2018.02.20 13:14:48.593,8.07873,8.07997,1.00,1.00
2018.02.20 13:14:48.645,8.07873,8.0799,1.00,1.00
2018.02.20 13:14:48.747,8.07856,8.07988,1.00,1.00
2018.02.20 13:14:48.798,8.07856,8.0798,1.00,1.00
2018.02.20 13:14:49.024,8.07842,8.0798,1.00,1.00
2018.02.20 13:14:49.125,8.07842,8.07967,1.00,1.00
2018.02.20 13:14:49.277,8.0784,8.07967,1.00,1.00
2018.02.20 13:14:49.844,8.07839,8.07967,1.00,1.00
2018.02.20 13:14:50.801,8.07835,8.07962,1.00,1.00
2018.02.20 13:14:51.004,8.07835,8.07964,1.00,1.00
2018.02.20 13:14:51.317,8.07835,8.07975,1.00,1.00
2018.02.20 13:14:51.521,8.0784,8.07975,1.00,1.00
2018.02.20 13:14:52.029,8.07839,8.07975,1.00,1.00
2018.02.20 13:14:52.583,8.0784,8.07975,1.00,1.00
2018.02.20 13:14:52.917,8.07842,8.07975,1.00,1.00
2018.02.20 13:14:53.137,8.07842,8.07982,1.00,1.00
2018.02.20 13:14:53.188,8.07852,8.07982,1.00,1.00
2018.02.20 13:14:53.239,8.07852,8.07986,1.00,1.00
2018.02.20 13:14:53.791,8.07853,8.07986,1.00,1.00
2018.02.20 13:14:54.332,8.07852,8.08003,1.00,1.37
2018.02.20 13:14:54.383,8.07871,8.08008,1.00,1.37
2018.02.20 13:14:54.697,8.07875,8.08008,1.00,1.37
2018.02.20 13:14:54.748,8.07873,8.08008,1.00,1.37
2018.02.20 13:14:55.027,8.07875,8.08008,1.00,1.37
2018.02.20 13:14:55.342,8.07878,8.08019,1.00,1.75
2018.02.20 13:14:55.396,8.07878,8.08019,1.00,1.00
2018.02.20 13:14:55.509,8.07878,8.08027,1.00,1.00
2018.02.20 13:14:55.560,8.07896,8.08041,1.00,1.37
2018.02.20 13:14:55.899,8.07907,8.08041,1.00,1.37
2018.02.20 13:14:56.102,8.079,8.08043,1.00,1.50
2018.02.20 13:14:56.390,8.07882,8.08024,1.50,1.00
2018.02.20 13:14:56.442,8.07882,8.08018,1.50,1.00
2018.02.20 13:14:56.557,8.0787,8.08013,1.00,1.00
2018.02.20 13:14:56.608,8.0787,8.08017,1.00,1.00
2018.02.20 13:14:56.659,8.07878,8.08017,1.00,1.00
2018.02.20 13:14:56.968,8.07884,8.08017,1.00,1.00
2018.02.20 13:14:57.132,8.07884,8.08024,1.00,1.00
2018.02.20 13:14:57.184,8.07884,8.0802,1.00,1.00
2018.02.20 13:14:57.286,8.07878,8.0802,1.00,1.00
2018.02.20 13:14:57.851,8.0788,8.0802,1.00,1.00
2018.02.20 13:14:58.410,8.07879,8.0802,1.00,1.00
2018.02.20 13:14:58.717,8.0788,8.08015,1.00,1.00
2018.02.20 13:14:59.025,8.0787,8.07987,1.00,1.00
2018.02.20 13:14:59.077,8.07853,8.07987,1.00,1.00
2018.02.20 13:14:59.197,8.07846,8.07987,1.00,1.00
2018.02.20 13:14:59.730,8.07847,8.07987,1.00,1.00
2018.02.20 13:15:00.107,8.07842,8.07987,1.00,1.00
2018.02.20 13:15:00.472,8.07832,8.07987,1.00,1.00
2018.02.20 13:15:00.770,8.07833,8.07977,1.00,1.00
2018.02.20 13:15:01.324,8.07828,8.07968,1.00,1.00
2018.02.20 13:15:01.702,8.07812,8.0795,1.00,1.00
2018.02.20 13:15:01.974,8.07812,8.07954,1.00,1.00
2018.02.20 13:15:02.392,8.07812,8.07949,1.00,1.00
2018.02.20 13:15:02.444,8.07812,8.07954,1.00,1.00
2018.02.20 13:15:02.546,8.07813,8.07959,1.00,1.00
2018.02.20 13:15:03.739,8.07812,8.07957,1.00,1.00
2018.02.20 13:15:04.611,8.07821,8.07957,1.00,1.00
2018.02.20 13:15:04.663,8.07821,8.07963,1.00,1.00
2018.02.20 13:15:04.765,8.07821,8.07966,1.00,1.00
2018.02.20 13:15:05.339,8.07821,8.07967,1.00,1.00
2018.02.20 13:15:05.675,8.07819,8.07959,1.00,1.00
2018.02.20 13:15:05.979,8.07812,8.07953,1.00,1.00
2018.02.20 13:15:06.296,8.07812,8.07958,1.00,1.00
2018.02.20 13:15:06.541,8.07815,8.07961,1.00,1.00
2018.02.20 13:15:06.904,8.0782,8.07966,1.00,1.00
2018.02.20 13:15:07.532,8.0782,8.07975,1.00,1.00
2018.02.20 13:15:08.123,8.07824,8.07979,1.00,1.00
2018.02.20 13:15:08.561,8.07824,8.0797,1.00,1.00
2018.02.20 13:15:09.472,8.07832,8.07978,1.00,1.00
2018.02.20 13:15:09.778,8.07829,8.07974,1.00,1.00
2018.02.20 13:15:10.102,8.07825,8.07969,1.50,1.00
2018.02.20 13:15:10.922,8.07822,8.07967,1.00,1.00
2018.02.20 13:15:11.142,8.07823,8.07958,1.00,1.00
2018.02.20 13:15:11.457,8.07828,8.07958,1.00,1.00
2018.02.20 13:15:12.303,8.07826,8.07958,1.00,1.00
2018.02.20 13:15:13.228,8.07826,8.0796,1.00,1.00
2018.02.20 13:15:13.586,8.07831,8.0796,1.00,1.00
2018.02.20 13:15:13.637,8.07845,8.07983,1.00,1.12
2018.02.20 13:15:13.689,8.07848,8.07983,1.00,1.12
2018.02.20 13:15:14.007,8.07853,8.07978,1.00,1.00
2018.02.20 13:15:14.544,8.07857,8.07978,1.00,1.00
2018.02.20 13:15:15.048,8.07858,8.07978,1.00,1.00
2018.02.20 13:15:15.612,8.07862,8.07978,1.00,1.00
2018.02.20 13:15:15.987,8.07867,8.07978,1.00,1.00
2018.02.20 13:15:16.114,8.07862,8.07978,1.00,1.00
2018.02.20 13:15:16.367,8.07864,8.07978,1.00,1.00
2018.02.20 13:15:16.898,8.07862,8.07964,1.00,1.00
2018.02.20 13:15:17.052,8.07845,8.0796,1.00,1.00
2018.02.20 13:15:17.167,8.07845,8.07956,1.00,1.00
2018.02.20 13:15:17.218,8.07847,8.0797,1.00,1.00
2018.02.20 13:15:18.026,8.07866,8.07967,1.00,1.00
2018.02.20 13:15:18.112,8.07866,8.07991,1.00,1.37
2018.02.20 13:15:18.164,8.07911,8.08035,1.00,1.00
2018.02.20 13:15:18.317,8.07929,8.0805,1.00,1.00
2018.02.20 13:15:18.368,8.07932,8.08054,1.00,1.00
2018.02.20 13:15:18.420,8.07932,8.08067,1.00,1.00
2018.02.20 13:15:18.471,8.07947,8.08094,1.00,1.00
2018.02.20 13:15:18.523,8.07965,8.08104,1.00,1.00
2018.02.20 13:15:18.575,8.07965,8.08112,1.00,1.00
2018.02.20 13:15:18.627,8.07965,8.08121,1.00,1.00
2018.02.20 13:15:18.678,8.07986,8.0813,1.00,1.00
2018.02.20 13:15:18.780,8.07986,8.08134,1.00,1.00
2018.02.20 13:15:18.831,8.07992,8.08134,1.00,1.00
2018.02.20 13:15:19.182,8.07996,8.08134,1.00,1.00
2018.02.20 13:15:19.362,8.08024,8.08174,1.00,1.00
2018.02.20 13:15:19.515,8.08017,8.08174,1.00,1.00
2018.02.20 13:15:19.845,8.08014,8.08174,1.00,1.00
2018.02.20 13:15:20.006,8.08013,8.08166,1.00,1.00
2018.02.20 13:15:20.561,8.08016,8.08176,1.00,1.00
2018.02.20 13:15:20.893,8.08013,8.08167,1.00,1.00
2018.02.20 13:15:20.945,8.08007,8.08167,1.50,1.00
2018.02.20 13:15:20.996,8.08007,8.08132,1.00,1.00
2018.02.20 13:15:21.099,8.07981,8.08138,1.75,1.00
2018.02.20 13:15:21.150,8.07981,8.08129,1.00,1.00
2018.02.20 13:15:21.201,8.07981,8.08126,1.00,1.00
2018.02.20 13:15:21.253,8.07981,8.08129,1.00,1.00
2018.02.20 13:15:21.390,8.07976,8.08134,1.00,1.00
2018.02.20 13:15:21.442,8.0798,8.0814,1.00,1.00
2018.02.20 13:15:21.566,8.07974,8.08134,1.00,1.00
2018.02.20 13:15:21.933,8.07977,8.08137,1.00,1.00
2018.02.20 13:15:22.341,8.07979,8.08145,1.00,1.00
2018.02.20 13:15:22.443,8.07984,8.08145,1.00,1.00
2018.02.20 13:15:22.771,8.07989,8.08145,1.00,1.00
2018.02.20 13:15:22.887,8.0799,8.08156,1.00,1.00
2018.02.20 13:15:22.938,8.08002,8.08165,1.00,1.00
2018.02.20 13:15:23.245,8.08014,8.08173,1.00,1.00
2018.02.20 13:15:23.718,8.08019,8.08173,1.00,1.00
2018.02.20 13:15:24.049,8.08023,8.08173,1.37,1.00
2018.02.20 13:15:24.101,8.08023,8.08182,1.37,1.00
2018.02.20 13:15:24.553,8.08032,8.08176,1.00,1.00
2018.02.20 13:15:25.148,8.08035,8.08179,1.00,1.00
2018.02.20 13:15:25.483,8.0805,8.08187,1.00,1.00
2018.02.20 13:15:25.815,8.08063,8.08187,1.00,1.00
2018.02.20 13:15:26.684,8.08063,8.08207,1.00,1.50
2018.02.20 13:15:27.387,8.08068,8.08207,1.00,1.00
2018.02.20 13:15:28.156,8.08068,8.08212,1.00,1.00
2018.02.20 13:15:28.258,8.08067,8.0821,1.00,1.00
2018.02.20 13:15:28.560,8.08088,8.08223,1.00,1.00
2018.02.20 13:15:28.882,8.08113,8.08243,1.00,1.00
2018.02.20 13:15:28.984,8.08113,8.08256,1.00,1.00
2018.02.20 13:15:29.036,8.08127,8.0827,1.00,1.00
2018.02.20 13:15:29.247,8.08146,8.0829,1.00,1.00
2018.02.20 13:15:29.299,8.08135,8.08279,1.37,1.00
2018.02.20 13:15:29.603,8.08142,8.08285,1.00,1.00
2018.02.20 13:15:29.755,8.08146,8.0829,1.00,1.00
2018.02.20 13:15:30.918,8.08149,8.08293,1.00,1.00
2018.02.20 13:15:31.312,8.0817,8.08314,1.00,1.50
2018.02.20 13:15:32.066,8.08176,8.08316,1.00,1.00
2018.02.20 13:15:32.384,8.08179,8.08331,1.00,1.00
2018.02.20 13:15:32.550,8.08179,8.0832,1.00,1.00
2018.02.20 13:15:32.601,8.0817,8.0832,1.00,1.00
2018.02.20 13:15:32.767,8.08173,8.0832,1.00,1.00
2018.02.20 13:15:33.077,8.08181,8.0832,1.00,1.00
2018.02.20 13:15:33.516,8.08176,8.0832,1.00,1.00
2018.02.20 13:15:33.690,8.08185,8.0832,1.00,1.00
2018.02.20 13:15:33.791,8.08177,8.0832,1.00,1.00
2018.02.20 13:15:33.893,8.08177,8.08329,1.00,1.00
2018.02.20 13:15:33.944,8.08173,8.08325,1.00,1.00
2018.02.20 13:15:34.270,8.0817,8.08312,1.37,1.00
2018.02.20 13:15:34.321,8.0817,8.08312,1.00,1.00
2018.02.20 13:15:34.372,8.0817,8.08304,1.00,1.00
2018.02.20 13:15:34.473,8.08165,8.08308,1.00,1.00
2018.02.20 13:15:34.524,8.08159,8.08303,1.00,1.00
2018.02.20 13:15:34.643,8.08156,8.08298,1.00,1.00
2018.02.20 13:15:34.746,8.08151,8.08295,1.37,1.00
2018.02.20 13:15:34.848,8.08138,8.08282,1.00,1.00
2018.02.20 13:15:35.989,8.08115,8.08259,1.00,1.00
2018.02.20 13:15:36.300,8.08118,8.08262,1.00,1.00
2018.02.20 13:15:38.167,8.08114,8.08255,1.00,1.00
2018.02.20 13:15:38.823,8.08122,8.08266,1.00,1.00
2018.02.20 13:15:38.882,8.08116,8.0826,1.00,1.00
2018.02.20 13:15:39.189,8.08102,8.08246,1.00,1.00
2018.02.20 13:15:39.623,8.081,8.08241,1.00,1.00
2018.02.20 13:15:41.252,8.08103,8.08246,1.00,1.00
2018.02.20 13:15:41.303,8.08106,8.0825,1.00,1.00
2018.02.20 13:15:41.456,8.08117,8.08261,1.00,1.00
2018.02.20 13:15:42.777,8.08129,8.08273,1.00,1.00
2018.02.20 13:15:43.143,8.08139,8.08277,1.00,1.00
2018.02.20 13:15:43.495,8.08143,8.08286,1.00,1.00
2018.02.20 13:15:43.597,8.08153,8.08297,1.00,1.00
2018.02.20 13:15:43.851,8.0815,8.08293,1.00,1.00
2018.02.20 13:15:45.129,8.08157,8.083,1.00,1.00
2018.02.20 13:15:45.282,8.0816,8.08304,1.00,1.00
2018.02.20 13:15:46.302,8.0816,8.08285,1.00,1.00
2018.02.20 13:15:46.405,8.08105,8.08257,1.75,1.00
2018.02.20 13:15:46.456,8.08103,8.08244,1.00,1.00
2018.02.20 13:15:46.507,8.08103,8.08252,1.00,1.00
2018.02.20 13:15:46.558,8.0811,8.08253,1.00,1.00
2018.02.20 13:15:46.807,8.08115,8.08259,1.00,1.00
2018.02.20 13:15:46.908,8.08124,8.08267,1.00,1.00
2018.02.20 13:15:47.228,8.08128,8.08261,1.00,1.00
2018.02.20 13:15:47.592,8.08128,8.08265,1.00,1.00
2018.02.20 13:15:48.120,8.08128,8.08269,1.00,1.00
2018.02.20 13:15:48.222,8.08129,8.08273,1.00,1.00
2018.02.20 13:15:48.273,8.08128,8.08257,1.00,1.00
2018.02.20 13:15:48.503,8.08128,8.08264,1.00,1.00
2018.02.20 13:15:48.556,8.08128,8.08268,1.00,1.00
2018.02.20 13:15:48.608,8.08133,8.08277,1.00,1.00
2018.02.20 13:15:49.209,8.08136,8.0828,1.00,1.00
2018.02.20 13:15:49.551,8.08128,8.08269,1.00,1.00
2018.02.20 13:15:51.797,8.08128,8.08254,1.00,1.00
2018.02.20 13:15:51.847,8.08119,8.08254,1.00,1.00
2018.02.20 13:15:51.898,8.0811,8.08254,1.50,1.00
2018.02.20 13:15:52.034,8.0811,8.08249,1.00,1.00
2018.02.20 13:15:52.290,8.08096,8.08238,1.37,1.00
2018.02.20 13:15:53.196,8.08098,8.08242,1.00,1.00
2018.02.20 13:15:53.247,8.08103,8.08246,1.00,1.00
2018.02.20 13:15:53.561,8.08107,8.08246,1.00,1.00
2018.02.20 13:15:53.895,8.08104,8.08246,1.00,1.00
2018.02.20 13:15:54.165,8.08106,8.08246,1.00,1.00
2018.02.20 13:15:54.383,8.0812,8.08264,1.00,1.00
2018.02.20 13:15:54.441,8.08123,8.08264,1.00,1.00
2018.02.20 13:15:54.492,8.08126,8.08269,1.00,1.00
2018.02.20 13:15:54.700,8.08131,8.08269,1.00,1.00
2018.02.20 13:15:55.034,8.08133,8.08269,1.00,1.00
2018.02.20 13:15:55.254,8.08134,8.08278,1.00,1.00
2018.02.20 13:15:55.424,8.08144,8.08287,1.00,1.00
2018.02.20 13:15:55.728,8.08146,8.08287,1.00,1.00
2018.02.20 13:15:55.960,8.08144,8.08287,1.00,1.00
2018.02.20 13:15:56.011,8.0817,8.08314,1.00,1.00
2018.02.20 13:15:56.062,8.08173,8.08317,1.00,1.00
2018.02.20 13:15:56.366,8.08175,8.08318,1.00,1.00
2018.02.20 13:15:56.771,8.08168,8.08312,1.00,1.00
2018.02.20 13:15:56.822,8.08146,8.08302,1.00,1.00
2018.02.20 13:15:56.872,8.08146,8.08296,1.00,1.00
2018.02.20 13:15:56.923,8.08128,8.08291,1.37,1.00
2018.02.20 13:15:57.043,8.08146,8.08289,1.00,1.00
2018.02.20 13:15:57.487,8.08151,8.08294,1.00,1.00
2018.02.20 13:15:57.640,8.08172,8.08316,1.00,1.00
2018.02.20 13:15:58.563,8.08175,8.08318,1.00,1.00
2018.02.20 13:15:58.865,8.08187,8.08331,1.00,1.00
2018.02.20 13:15:58.917,8.08187,8.08331,1.00,1.37
2018.02.20 13:15:58.968,8.08187,8.08331,1.00,1.00
2018.02.20 13:15:59.812,8.08196,8.08339,1.00,1.00
2018.02.20 13:16:00.270,8.08202,8.08345,1.00,1.00
2018.02.20 13:16:00.587,8.08216,8.08355,1.00,1.00
2018.02.20 13:16:00.933,8.08223,8.08355,1.00,1.00
2018.02.20 13:16:01.198,8.0822,8.08355,1.00,1.00
2018.02.20 13:16:01.770,8.08218,8.08355,1.00,1.00
2018.02.20 13:16:02.116,8.08216,8.08355,1.00,1.00
2018.02.20 13:16:02.544,8.0822,8.08364,1.00,1.00
2018.02.20 13:16:02.702,8.08228,8.08371,1.00,1.00
2018.02.20 13:16:03.003,8.08243,8.08384,1.00,1.00
2018.02.20 13:16:03.054,8.08255,8.08398,1.00,1.00
2018.02.20 13:16:03.107,8.08258,8.08402,1.00,1.00
2018.02.20 13:16:03.159,8.08268,8.08412,1.00,1.00
2018.02.20 13:16:03.466,8.0827,8.08414,1.00,1.00
2018.02.20 13:16:03.783,8.08268,8.08409,1.00,1.00
2018.02.20 13:16:04.088,8.0828,8.08416,1.00,1.00
2018.02.20 13:16:04.140,8.08277,8.08416,1.00,1.00
2018.02.20 13:16:04.293,8.08277,8.08409,1.00,1.00
2018.02.20 13:16:04.396,8.08262,8.08399,1.00,1.00
2018.02.20 13:16:04.448,8.08262,8.08395,1.00,1.00
2018.02.20 13:16:04.723,8.08253,8.0839,1.00,1.00
2018.02.20 13:16:05.261,8.08254,8.0839,1.00,1.00
2018.02.20 13:16:05.312,8.08251,8.0839,1.00,1.00
2018.02.20 13:16:05.771,8.08261,8.08405,1.00,1.00
2018.02.20 13:16:05.822,8.08258,8.08402,1.00,1.00
2018.02.20 13:16:06.172,8.08256,8.08397,1.00,1.00
2018.02.20 13:16:06.223,8.08253,8.08397,1.00,1.00
2018.02.20 13:16:06.873,8.08251,8.08388,1.00,1.00
2018.02.20 13:16:07.100,8.08251,8.08397,1.00,1.00
2018.02.20 13:16:07.672,8.08252,8.08397,1.00,1.00
2018.02.20 13:16:07.723,8.08252,8.08384,1.00,1.00
2018.02.20 13:16:07.828,8.08239,8.08384,1.00,1.00
2018.02.20 13:16:08.394,8.0824,8.08384,1.00,1.00
2018.02.20 13:16:08.803,8.08238,8.08384,1.00,1.00
2018.02.20 13:16:09.127,8.0824,8.08384,1.00,1.00
2018.02.20 13:16:09.182,8.08253,8.08404,1.00,1.12
2018.02.20 13:16:09.233,8.08258,8.08404,1.00,1.12
2018.02.20 13:16:09.763,8.08264,8.08407,1.00,1.37
2018.02.20 13:16:10.073,8.08268,8.08418,1.00,1.37
2018.02.20 13:16:10.405,8.08277,8.08418,1.00,1.37
2018.02.20 13:16:10.616,8.08279,8.08418,1.00,1.00
2018.02.20 13:16:10.667,8.08279,8.08421,1.00,1.00
2018.02.20 13:16:11.114,8.08279,8.08425,1.00,1.00
2018.02.20 13:16:11.758,8.0828,8.08425,1.00,1.00
2018.02.20 13:16:12.033,8.0828,8.08427,1.00,1.00
2018.02.20 13:16:12.237,8.08278,8.08427,1.00,1.00
2018.02.20 13:16:12.638,8.08286,8.08439,1.00,1.00
2018.02.20 13:16:12.689,8.083,8.08457,1.00,1.37
2018.02.20 13:16:12.993,8.0829,8.08436,1.00,1.00
2018.02.20 13:16:13.308,8.08281,8.08424,1.00,1.00
2018.02.20 13:16:13.361,8.08281,8.08428,1.00,1.00
2018.02.20 13:16:13.565,8.08277,8.08428,1.50,1.00
2018.02.20 13:16:13.617,8.08277,8.08423,1.50,1.00
2018.02.20 13:16:14.077,8.08279,8.08423,1.00,1.00
2018.02.20 13:16:14.409,8.08281,8.08423,1.00,1.00
2018.02.20 13:16:15.081,8.0828,8.08423,1.00,1.00
2018.02.20 13:16:15.457,8.08278,8.08423,1.00,1.00
2018.02.20 13:16:15.508,8.08278,8.08428,1.00,1.00
2018.02.20 13:16:15.559,8.08283,8.08436,1.00,1.00
2018.02.20 13:16:15.721,8.08293,8.08446,1.00,1.37
2018.02.20 13:16:15.953,8.08301,8.08454,1.00,1.00
2018.02.20 13:16:16.055,8.08316,8.08454,1.00,1.00
2018.02.20 13:16:16.106,8.08316,8.08465,1.00,1.00
2018.02.20 13:16:16.360,8.08314,8.08465,1.00,1.00
2018.02.20 13:16:16.687,8.08316,8.08465,1.00,1.00
2018.02.20 13:16:17.695,8.08314,8.08465,1.00,1.00
2018.02.20 13:16:18.028,8.08317,8.0847,1.50,1.00
2018.02.20 13:16:18.320,8.08326,8.0847,1.00,1.00
2018.02.20 13:16:18.905,8.08326,8.08469,1.00,1.00
2018.02.20 13:16:19.572,8.08325,8.08469,1.00,1.00
2018.02.20 13:16:20.083,8.08324,8.08469,1.00,1.00
2018.02.20 13:16:20.805,8.08326,8.08469,1.00,1.00
2018.02.20 13:16:21.245,8.08326,8.08463,1.00,1.00
2018.02.20 13:16:21.573,8.08325,8.08436,1.00,1.00
2018.02.20 13:16:21.675,8.08287,8.08431,1.00,1.00
2018.02.20 13:16:21.886,8.08282,8.08431,1.00,1.00
2018.02.20 13:16:22.397,8.08283,8.0843,1.00,1.00
2018.02.20 13:16:22.447,8.08283,8.08418,1.00,1.00
2018.02.20 13:16:22.578,8.08273,8.08412,1.00,1.00
2018.02.20 13:16:22.629,8.08273,8.08415,1.00,1.00
2018.02.20 13:16:22.680,8.08273,8.08417,1.00,1.00
2018.02.20 13:16:22.782,8.08273,8.08412,1.00,1.00
2018.02.20 13:16:23.106,8.08254,8.08396,1.00,1.00
2018.02.20 13:16:23.654,8.08253,8.08396,1.00,1.00
2018.02.20 13:16:23.985,8.08256,8.08396,1.00,1.00
2018.02.20 13:16:24.322,8.08269,8.08422,1.00,1.37
2018.02.20 13:16:24.373,8.08277,8.08425,1.00,1.75
2018.02.20 13:16:24.742,8.08288,8.08428,1.00,1.75
2018.02.20 13:16:25.095,8.08289,8.08428,1.00,1.00
2018.02.20 13:16:25.221,8.08287,8.08428,1.00,1.00
2018.02.20 13:16:25.370,8.08287,8.08432,1.00,1.00
2018.02.20 13:16:25.525,8.0829,8.08432,1.00,1.00
2018.02.20 13:16:26.157,8.08287,8.08432,1.00,1.00
2018.02.20 13:16:27.107,8.08285,8.08432,1.00,1.00
2018.02.20 13:16:27.303,8.08285,8.08426,1.00,1.00
2018.02.20 13:16:27.405,8.08276,8.08426,1.00,1.00
2018.02.20 13:16:28.289,8.08275,8.08426,1.00,1.00
2018.02.20 13:16:28.442,8.08285,8.08437,1.00,1.00
2018.02.20 13:16:28.494,8.08288,8.08437,1.00,1.00
2018.02.20 13:16:28.844,8.08304,8.08451,1.00,1.37
2018.02.20 13:16:29.179,8.08311,8.08451,1.00,1.37
2018.02.20 13:16:29.618,8.08311,8.08442,1.00,1.00
2018.02.20 13:16:29.926,8.08311,8.0844,1.00,1.00
2018.02.20 13:16:30.104,8.08311,8.08433,1.00,1.00
2018.02.20 13:16:30.643,8.08311,8.08432,1.00,1.00
2018.02.20 13:16:30.795,8.08282,8.08432,1.00,1.00
2018.02.20 13:16:31.175,8.0829,8.08442,1.00,1.00
2018.02.20 13:16:31.671,8.08303,8.08455,1.00,1.00
2018.02.20 13:16:33.126,8.083,8.08446,1.00,1.00
2018.02.20 13:16:33.430,8.083,8.0844,1.00,1.00
2018.02.20 13:16:33.889,8.083,8.08443,1.00,1.00
2018.02.20 13:16:34.521,8.083,8.08439,1.00,1.00
2018.02.20 13:16:34.572,8.083,8.08445,1.00,1.00
2018.02.20 13:16:34.673,8.08303,8.08456,1.00,1.00
2018.02.20 13:16:34.724,8.08313,8.08465,1.00,1.00
2018.02.20 13:16:34.876,8.08317,8.0847,1.00,1.12
2018.02.20 13:16:35.249,8.08308,8.08461,1.00,1.00
2018.02.20 13:16:36.735,8.08322,8.08461,1.00,1.00
2018.02.20 13:16:42.079,8.08322,8.08474,1.00,1.00
2018.02.20 13:16:42.131,8.08341,8.08481,1.00,1.00
2018.02.20 13:16:42.182,8.08341,8.08487,1.00,1.00
2018.02.20 13:16:42.284,8.08341,8.08493,1.50,1.37
2018.02.20 13:16:42.455,8.08369,8.08517,1.00,1.00
2018.02.20 13:16:42.507,8.08369,8.08522,1.00,1.00
2018.02.20 13:16:42.559,8.0836,8.08512,1.00,1.00
2018.02.20 13:16:43.089,8.08375,8.08512,1.00,1.00
2018.02.20 13:16:43.140,8.08359,8.08512,1.00,1.00
2018.02.20 13:16:43.191,8.08376,8.08512,1.00,1.00
2018.02.20 13:16:43.358,8.08376,8.0852,1.00,1.00
2018.02.20 13:16:43.409,8.08376,8.08518,1.00,1.00
2018.02.20 13:16:43.664,8.08376,8.08521,1.00,1.00
2018.02.20 13:16:43.716,8.08376,8.08517,1.00,1.00
2018.02.20 13:16:44.280,8.08376,8.08521,1.00,1.00
2018.02.20 13:16:44.331,8.08376,8.08529,1.50,1.00
2018.02.20 13:16:44.383,8.0838,8.08533,1.00,1.00
2018.02.20 13:16:44.688,8.08376,8.08527,1.50,1.00
2018.02.20 13:16:47.496,8.08394,8.08527,1.00,1.00
2018.02.20 13:16:48.289,8.08394,8.08532,1.00,1.00
2018.02.20 13:16:48.919,8.08394,8.08535,1.00,1.00
2018.02.20 13:16:49.160,8.08394,8.08543,1.00,1.00
2018.02.20 13:16:49.212,8.08394,8.08547,1.50,1.00
2018.02.20 13:16:49.478,8.08399,8.08547,1.00,1.00
2018.02.20 13:16:49.580,8.0841,8.0856,1.00,1.00
2018.02.20 13:16:50.082,8.0841,8.08553,1.00,1.00
2018.02.20 13:16:50.455,8.0841,8.08549,1.00,1.00
2018.02.20 13:16:50.765,8.0841,8.08544,1.00,1.00
2018.02.20 13:16:51.017,8.08392,8.08531,1.00,1.00
2018.02.20 13:16:52.085,8.08392,8.08544,1.00,1.00
2018.02.20 13:16:52.239,8.08409,8.08551,1.00,1.00
2018.02.20 13:16:52.846,8.08409,8.08555,1.00,1.37
2018.02.20 13:16:53.173,8.08409,8.08546,1.00,1.00
2018.02.20 13:16:53.564,8.08409,8.08554,1.00,1.37
2018.02.20 13:16:53.667,8.0842,8.08573,1.00,1.00
2018.02.20 13:16:53.718,8.08442,8.08581,1.00,1.37
2018.02.20 13:16:53.821,8.08474,8.08617,1.00,1.00
2018.02.20 13:16:53.872,8.08485,8.08638,1.50,1.00
2018.02.20 13:16:53.924,8.08503,8.08648,1.00,1.00
2018.02.20 13:16:53.975,8.08507,8.0866,1.00,1.00
2018.02.20 13:16:54.027,8.08521,8.08669,1.00,1.00
2018.02.20 13:16:54.324,8.08571,8.08741,1.00,1.00
2018.02.20 13:16:54.375,8.08571,8.08747,1.00,1.37
2018.02.20 13:16:54.426,8.08561,8.08728,1.00,1.00
2018.02.20 13:16:54.729,8.08602,8.08771,1.00,1.00
2018.02.20 13:16:54.781,8.08607,8.08785,1.00,1.00
2018.02.20 13:16:54.832,8.08613,8.08777,1.00,1.00
2018.02.20 13:16:54.985,8.08605,8.08782,1.50,1.37
2018.02.20 13:16:55.035,8.08605,8.08753,1.00,1.00
2018.02.20 13:16:55.086,8.08596,8.08753,1.00,1.00
2018.02.20 13:16:55.137,8.08596,8.08718,1.00,1.81
2018.02.20 13:16:55.340,8.08596,8.08753,1.00,1.00
2018.02.20 13:16:55.898,8.08596,8.08735,1.00,1.00
2018.02.20 13:16:56.000,8.08596,8.08748,1.00,1.00
2018.02.20 13:16:56.051,8.0858,8.08748,1.00,1.00
2018.02.20 13:16:56.210,8.0858,8.08744,1.00,1.00
2018.02.20 13:16:56.516,8.0858,8.08737,1.00,1.00
2018.02.20 13:16:57.891,8.0858,8.08729,1.00,1.00
2018.02.20 13:16:57.942,8.08559,8.08726,1.00,1.00
2018.02.20 13:16:57.993,8.08559,8.08718,1.00,1.00
2018.02.20 13:16:58.095,8.0854,8.08718,1.00,1.00
2018.02.20 13:16:58.248,8.0854,8.08712,1.00,1.00
2018.02.20 13:16:58.455,8.08537,8.08712,1.00,1.00
2018.02.20 13:16:58.611,8.08537,8.08714,1.00,1.50
2018.02.20 13:16:59.011,8.08532,8.0871,1.12,1.00
2018.02.20 13:16:59.065,8.08518,8.08695,1.00,1.00
2018.02.20 13:16:59.367,8.08518,8.0869,1.00,1.00
2018.02.20 13:16:59.419,8.08514,8.0869,1.00,1.00
2018.02.20 13:16:59.471,8.0851,8.08674,1.00,1.00
2018.02.20 13:16:59.654,8.08488,8.08666,1.00,1.37
2018.02.20 13:16:59.707,8.08485,8.08663,1.00,1.12
2018.02.20 13:16:59.860,8.08485,8.08656,1.00,1.00
2018.02.20 13:17:00.165,8.08485,8.0866,1.00,1.00
2018.02.20 13:17:00.518,8.08485,8.08663,1.00,1.12
2018.02.20 13:17:00.678,8.08483,8.08654,1.00,1.00
2018.02.20 13:17:00.730,8.08476,8.08654,1.00,1.00
2018.02.20 13:17:00.912,8.08481,8.08659,1.00,1.00
2018.02.20 13:17:01.218,8.0847,8.08648,1.50,1.00
2018.02.20 13:17:01.542,8.08476,8.08653,1.00,1.00
2018.02.20 13:17:03.149,8.08491,8.08669,1.00,1.37
2018.02.20 13:17:03.381,8.08501,8.08678,1.00,1.00
2018.02.20 13:17:03.998,8.08498,8.08676,1.00,1.00
2018.02.20 13:17:05.134,8.08504,8.08681,1.00,1.00
2018.02.20 13:17:05.439,8.08499,8.08676,1.00,1.00
2018.02.20 13:17:05.490,8.0849,8.08668,1.00,1.00
2018.02.20 13:17:05.540,8.08496,8.08649,1.00,1.00
2018.02.20 13:17:06.876,8.08507,8.08649,1.00,1.00
2018.02.20 13:17:06.928,8.08509,8.08662,1.00,1.00
2018.02.20 13:17:06.979,8.08519,8.08671,1.00,1.00
2018.02.20 13:17:08.291,8.08511,8.08662,1.00,1.00
2018.02.20 13:17:08.637,8.08507,8.08655,1.00,1.37
2018.02.20 13:17:09.482,8.08496,8.08648,1.00,1.00
2018.02.20 13:17:09.688,8.08495,8.08645,1.00,1.00
2018.02.20 13:17:14.657,8.08492,8.08645,1.00,1.00
2018.02.20 13:17:14.945,8.08502,8.08655,1.00,1.00
2018.02.20 13:17:16.887,8.08499,8.08651,1.00,1.00
2018.02.20 13:17:18.496,8.08503,8.08656,1.00,1.00
2018.02.20 13:17:18.672,8.085,8.08653,1.00,1.00
2018.02.20 13:17:18.988,8.08504,8.08656,1.00,1.00
2018.02.20 13:17:19.413,8.08499,8.08652,1.00,1.00
2018.02.20 13:17:20.083,8.08497,8.08647,1.00,1.00
2018.02.20 13:17:20.449,8.08497,8.08639,1.00,1.00
2018.02.20 13:17:20.500,8.08487,8.08639,1.00,1.00
2018.02.20 13:17:20.552,8.08479,8.08625,1.00,1.00
2018.02.20 13:17:20.857,8.08465,8.08616,1.00,1.00
2018.02.20 13:17:20.908,8.0846,8.08613,1.00,1.00
2018.02.20 13:17:23.811,8.08397,8.0853,1.00,1.60
2018.02.20 13:17:23.863,8.08369,8.08521,1.25,1.00
2018.02.20 13:17:23.914,8.08333,8.08477,1.00,1.00
2018.02.20 13:17:24.016,8.08292,8.08465,1.00,1.00
2018.02.20 13:17:24.118,8.08292,8.08455,1.00,1.00
2018.02.20 13:17:24.420,8.08292,8.08445,1.00,1.00
2018.02.20 13:17:24.819,8.08292,8.0842,1.00,1.00
2018.02.20 13:17:28.498,8.08292,8.08421,1.00,1.00
2018.02.20 13:17:29.479,8.08292,8.08433,1.00,1.37
2018.02.20 13:17:29.638,8.08311,8.08456,1.00,1.00
2018.02.20 13:17:31.555,8.08311,8.0844,1.00,1.00
2018.02.20 13:17:33.442,8.08311,8.08457,1.00,1.00
2018.02.20 13:17:33.696,8.08311,8.08467,1.00,1.00
2018.02.20 13:17:33.877,8.08332,8.08489,1.00,1.50
2018.02.20 13:17:34.187,8.08353,8.08503,1.00,1.75
2018.02.20 13:17:35.028,8.08353,8.08492,1.00,1.37
2018.02.20 13:17:35.130,8.08353,8.08488,1.00,1.00
2018.02.20 13:17:35.470,8.08353,8.08484,1.00,1.00
2018.02.20 13:17:35.773,8.08323,8.08484,1.00,1.00
2018.02.20 13:17:36.132,8.08319,8.08478,1.00,1.00
2018.02.20 13:17:36.441,8.08299,8.08456,1.00,1.00
2018.02.20 13:17:36.765,8.08299,8.08448,1.00,1.00
2018.02.20 13:17:38.148,8.08299,8.08438,1.00,1.00
2018.02.20 13:17:38.199,8.08279,8.08438,2.25,1.00
2018.02.20 13:17:38.250,8.08279,8.08433,2.25,1.00
2018.02.20 13:17:39.193,8.08279,8.08436,1.00,1.00
2018.02.20 13:17:40.113,8.08285,8.08446,1.00,1.37
2018.02.20 13:17:40.462,8.08285,8.08446,1.00,1.75
2018.02.20 13:17:41.031,8.08285,8.08446,1.00,1.00
2018.02.20 13:17:41.427,8.08281,8.08443,1.00,1.00
2018.02.20 13:17:41.578,8.08281,8.08462,1.00,1.37
2018.02.20 13:17:41.629,8.08279,8.08441,1.50,1.00
2018.02.20 13:17:43.072,8.08279,8.08436,1.00,1.00
2018.02.20 13:17:43.123,8.08269,8.08439,1.00,1.00
2018.02.20 13:17:43.175,8.08269,8.08436,1.00,1.00
2018.02.20 13:17:43.330,8.08267,8.08436,1.00,1.00
2018.02.20 13:17:43.505,8.08274,8.08435,1.00,1.00
2018.02.20 13:17:43.950,8.08279,8.08441,1.00,1.00
2018.02.20 13:17:44.658,8.08279,8.08441,1.00,1.37
2018.02.20 13:17:46.185,8.08286,8.08441,1.00,1.37
2018.02.20 13:17:46.513,8.08286,8.08437,1.00,1.00
2018.02.20 13:17:46.847,8.08336,8.08481,1.00,1.37
2018.02.20 13:17:47.195,8.0834,8.08494,1.50,1.75
2018.02.20 13:17:47.353,8.08366,8.08506,1.00,1.00
2018.02.20 13:17:47.454,8.08366,8.08515,1.00,1.00
2018.02.20 13:17:47.677,8.08366,8.08517,1.00,1.00
2018.02.20 13:17:47.728,8.08366,8.08508,1.00,1.00
2018.02.20 13:17:47.779,8.08366,8.08517,1.00,1.00
2018.02.20 13:17:48.459,8.08366,8.08507,1.00,1.00
2018.02.20 13:17:49.055,8.08366,8.08506,1.00,1.00
2018.02.20 13:17:50.159,8.08366,8.085,1.00,1.00
2018.02.20 13:17:50.212,8.08347,8.08497,1.00,1.00
2018.02.20 13:17:50.315,8.08329,8.08482,1.00,1.37
2018.02.20 13:17:50.418,8.08324,8.08477,1.00,1.00
2018.02.20 13:17:50.469,8.08316,8.08477,1.00,1.00
2018.02.20 13:17:51.071,8.08316,8.08476,1.00,1.00
2018.02.20 13:17:51.446,8.08316,8.08476,1.00,1.37
2018.02.20 13:17:51.900,8.08301,8.08461,1.00,1.00
2018.02.20 13:17:52.001,8.08296,8.08461,1.00,1.00
2018.02.20 13:17:52.838,8.08296,8.08461,1.00,1.37
2018.02.20 13:17:54.232,8.08296,8.08461,1.00,1.37
2018.02.20 13:17:55.019,8.08291,8.08461,1.00,1.37
2018.02.20 13:17:55.726,8.08308,8.08464,1.00,1.37
2018.02.20 13:17:55.827,8.08283,8.08452,1.50,1.37
2018.02.20 13:17:56.992,8.08291,8.08452,1.00,1.37
2018.02.20 13:17:57.371,8.08283,8.08452,1.50,1.00
2018.02.20 13:17:57.480,8.08283,8.08447,1.50,1.00
2018.02.20 13:17:58.030,8.08284,8.08454,1.00,1.43
2018.02.20 13:17:58.334,8.08288,8.08454,1.00,1.43
2018.02.20 13:17:58.609,8.08289,8.08454,1.00,1.37
2018.02.20 13:17:59.292,8.08289,8.08454,1.00,1.37
2018.02.20 13:17:59.425,8.08284,8.08454,1.00,1.37
2018.02.20 13:18:00.846,8.08284,8.0843,1.00,1.00
2018.02.20 13:18:01.234,8.08284,8.08446,1.00,1.37
2018.02.20 13:18:01.769,8.08284,8.0843,1.00,1.00
2018.02.20 13:18:01.870,8.08289,8.08446,1.00,1.37
2018.02.20 13:18:01.921,8.08293,8.0845,1.00,1.37
2018.02.20 13:18:02.227,8.08297,8.08454,1.00,1.87
2018.02.20 13:18:02.538,8.08306,8.08454,1.00,1.37
2018.02.20 13:18:03.623,8.08322,8.08477,1.00,1.75
2018.02.20 13:18:04.122,8.0834,8.0849,1.00,1.75
2018.02.20 13:18:04.451,8.08348,8.08493,1.00,1.75
2018.02.20 13:18:04.604,8.08344,8.08493,1.00,1.75
2018.02.20 13:18:04.758,8.08348,8.08497,1.00,1.75
2018.02.20 13:18:04.951,8.08357,8.08515,1.00,1.37
2018.02.20 13:18:05.939,8.08357,8.08499,1.00,1.00
2018.02.20 13:18:06.093,8.08345,8.08499,1.00,1.00
2018.02.20 13:18:06.220,8.08345,8.08505,1.00,1.00
2018.02.20 13:18:06.748,8.08345,8.08497,1.00,1.37
2018.02.20 13:18:07.949,8.08329,8.08491,1.00,1.12
2018.02.20 13:18:08.000,8.08323,8.08491,1.00,1.12
2018.02.20 13:18:08.169,8.08323,8.08487,1.00,1.00
2018.02.20 13:18:08.526,8.08323,8.08485,1.00,1.00
2018.02.20 13:18:09.136,8.08323,8.08485,1.00,1.60
2018.02.20 13:18:09.187,8.08302,8.08452,1.00,1.00
2018.02.20 13:18:09.239,8.08287,8.08452,1.00,1.00
2018.02.20 13:18:09.382,8.08282,8.08447,1.00,1.00
2018.02.20 13:18:10.263,8.08282,8.08452,1.00,1.00
2018.02.20 13:18:10.315,8.08321,8.08452,1.00,1.00
2018.02.20 13:18:10.639,8.08328,8.08468,1.00,1.75
2018.02.20 13:18:11.058,8.08324,8.08485,1.00,1.35
2018.02.20 13:18:11.210,8.08329,8.08485,1.00,1.35
2018.02.20 13:18:11.560,8.08331,8.08489,1.00,1.97
2018.02.20 13:18:13.150,8.08336,8.08489,1.00,1.37
2018.02.20 13:18:13.485,8.08338,8.08492,1.00,1.37
2018.02.20 13:18:13.971,8.08338,8.08473,1.00,1.00
2018.02.20 13:18:14.024,8.08314,8.08473,1.00,1.37
2018.02.20 13:18:14.229,8.08314,8.08461,1.00,1.00
2018.02.20 13:18:14.779,8.08316,8.08462,1.00,1.00
2018.02.20 13:18:15.090,8.08335,8.08481,1.00,1.37
2018.02.20 13:18:15.961,8.08372,8.08484,1.00,1.00
2018.02.20 13:18:16.071,8.08354,8.08493,1.00,1.12
2018.02.20 13:18:16.325,8.08357,8.08493,1.00,1.12
2018.02.20 13:18:16.376,8.08354,8.08493,1.00,1.12
2018.02.20 13:18:17.143,8.0834,8.08498,1.00,1.00
2018.02.20 13:18:17.296,8.0834,8.0849,1.00,1.00
2018.02.20 13:18:17.347,8.08338,8.0849,1.00,1.00
2018.02.20 13:18:17.630,8.08336,8.08487,1.00,1.00
2018.02.20 13:18:18.261,8.08328,8.08487,1.00,1.00
2018.02.20 13:18:18.539,8.08328,8.08477,1.00,1.00
2018.02.20 13:18:19.099,8.08328,8.08478,1.00,1.00
2018.02.20 13:18:19.375,8.08312,8.08477,1.00,1.00
2018.02.20 13:18:19.480,8.08309,8.08468,1.00,1.00
2018.02.20 13:18:19.982,8.08309,8.08461,1.00,1.00
2018.02.20 13:18:20.506,8.08309,8.08469,1.00,1.00
2018.02.20 13:18:20.669,8.08309,8.08461,1.00,1.00
2018.02.20 13:18:20.972,8.08309,8.08474,1.00,1.37
2018.02.20 13:18:21.182,8.08314,8.08469,1.00,1.00
2018.02.20 13:18:21.503,8.08328,8.08477,1.00,1.37
2018.02.20 13:18:21.810,8.08328,8.0848,1.00,1.12
2018.02.20 13:18:23.477,8.08334,8.08486,1.00,1.37
2018.02.20 13:18:23.528,8.08334,8.08486,1.00,1.37
2018.02.20 13:18:24.514,8.08328,8.08483,1.00,1.37
2018.02.20 13:18:24.949,8.08341,8.0849,1.00,1.37
2018.02.20 13:18:25.255,8.08352,8.08505,1.00,1.75
2018.02.20 13:18:25.784,8.08359,8.08509,1.00,1.75
2018.02.20 13:18:26.009,8.084,8.08547,1.00,1.00
2018.02.20 13:18:26.061,8.08398,8.08551,1.00,1.50
2018.02.20 13:18:26.636,8.08399,8.08558,1.00,1.00
2018.02.20 13:18:26.792,8.08414,8.08568,1.00,1.37
2018.02.20 13:18:27.127,8.08418,8.08569,1.00,1.37
2018.02.20 13:18:27.178,8.08418,8.08569,1.00,1.00
2018.02.20 13:18:27.382,8.08407,8.08568,1.00,1.00
2018.02.20 13:18:27.839,8.08412,8.08569,1.00,1.00
2018.02.20 13:18:28.130,8.08419,8.08578,1.00,1.00
2018.02.20 13:18:28.182,8.08433,8.08585,1.00,1.37
2018.02.20 13:18:28.488,8.08438,8.08597,1.00,1.75
2018.02.20 13:18:29.373,8.08438,8.08593,1.00,1.00
2018.02.20 13:18:29.600,8.08447,8.086,1.00,1.37
2018.02.20 13:18:29.651,8.08443,8.08603,1.00,1.37
2018.02.20 13:18:29.753,8.08438,8.08599,1.00,1.37
2018.02.20 13:18:29.910,8.08434,8.08591,1.00,1.00
2018.02.20 13:18:29.961,8.08434,8.08587,1.00,1.00
2018.02.20 13:18:30.164,8.08434,8.08593,1.00,1.00
2018.02.20 13:18:30.818,8.08434,8.08593,1.00,1.37
2018.02.20 13:18:30.920,8.08434,8.08584,1.00,1.00
2018.02.20 13:18:31.249,8.08434,8.0858,1.00,1.00
2018.02.20 13:18:31.539,8.08434,8.08587,1.00,1.00
2018.02.20 13:18:31.590,8.08434,8.08591,1.00,1.50
2018.02.20 13:18:31.696,8.08434,8.08587,1.00,1.00
2018.02.20 13:18:31.960,8.08434,8.08593,1.00,1.37
2018.02.20 13:18:32.211,8.08434,8.08585,1.00,1.00
2018.02.20 13:18:32.312,8.08411,8.08568,1.00,1.00
2018.02.20 13:18:32.363,8.08411,8.0856,1.00,1.00
2018.02.20 13:18:32.414,8.08396,8.08558,1.00,1.00
2018.02.20 13:18:32.465,8.08407,8.08566,1.00,1.00
2018.02.20 13:18:32.516,8.084,8.08562,1.00,1.00
2018.02.20 13:18:32.669,8.08397,8.08558,1.00,1.00
2018.02.20 13:18:33.436,8.08449,8.08565,1.00,1.00
2018.02.20 13:18:33.538,8.08433,8.08566,1.00,1.00
2018.02.20 13:18:33.589,8.08429,8.08566,1.00,1.00
2018.02.20 13:18:33.641,8.08424,8.08566,1.00,1.00
2018.02.20 13:18:33.794,8.08424,8.08563,1.00,1.00
2018.02.20 13:18:34.139,8.08424,8.0856,1.00,1.00
2018.02.20 13:18:34.190,8.08401,8.08559,1.00,1.00
2018.02.20 13:18:34.241,8.08401,8.08554,1.00,1.00
2018.02.20 13:18:34.343,8.08401,8.0856,1.00,2.25
2018.02.20 13:18:34.395,8.08401,8.08552,1.00,1.00
2018.02.20 13:18:34.708,8.08401,8.08554,1.00,1.00
2018.02.20 13:18:35.279,8.08401,8.08555,1.00,1.00
2018.02.20 13:18:35.629,8.08401,8.08559,1.00,1.00
2018.02.20 13:18:36.236,8.08425,8.0857,1.00,1.37
2018.02.20 13:18:36.287,8.08407,8.08564,1.00,1.37
2018.02.20 13:18:36.338,8.08394,8.08555,1.00,1.00
2018.02.20 13:18:36.490,8.08404,8.0856,1.00,1.37
2018.02.20 13:18:37.361,8.08398,8.08559,1.00,1.00
2018.02.20 13:18:37.983,8.08424,8.08569,1.00,1.00
2018.02.20 13:18:38.034,8.08406,8.08562,1.00,1.00
2018.02.20 13:18:38.085,8.08399,8.08552,1.00,1.00
2018.02.20 13:18:38.137,8.084,8.08561,1.00,1.00
2018.02.20 13:18:38.188,8.08399,8.08556,1.00,1.00
2018.02.20 13:18:38.493,8.08403,8.08556,1.00,1.00
2018.02.20 13:18:38.545,8.08392,8.08554,1.00,1.00
2018.02.20 13:18:39.182,8.08408,8.08562,1.00,1.00
2018.02.20 13:18:39.234,8.08411,8.08568,1.00,1.00
2018.02.20 13:18:39.285,8.08414,8.08573,1.00,1.00
2018.02.20 13:18:39.509,8.08411,8.08565,1.00,1.00
2018.02.20 13:18:40.038,8.08411,8.08566,1.00,1.00
2018.02.20 13:18:40.586,8.08411,8.08566,1.00,1.37
2018.02.20 13:18:41.121,8.08411,8.0856,1.00,1.00
2018.02.20 13:18:41.172,8.08411,8.08568,1.00,1.37
2018.02.20 13:18:41.675,8.08411,8.08563,1.00,1.00
2018.02.20 13:18:42.397,8.0839,8.08542,1.00,1.00
2018.02.20 13:18:42.702,8.0839,8.08545,1.00,1.75
2018.02.20 13:18:43.383,8.0839,8.08545,1.00,1.00
2018.02.20 13:18:43.651,8.0839,8.08548,1.00,1.00
2018.02.20 13:18:43.930,8.0839,8.08546,1.00,1.00
2018.02.20 13:18:44.325,8.0839,8.08542,1.00,1.00
2018.02.20 13:18:45.040,8.08409,8.08542,1.00,1.00
2018.02.20 13:18:45.192,8.08445,8.08589,1.00,1.00
2018.02.20 13:18:45.243,8.08464,8.08589,1.00,1.00
2018.02.20 13:18:45.294,8.08456,8.08589,1.00,1.00
2018.02.20 13:18:45.345,8.08473,8.08621,1.00,1.37
2018.02.20 13:18:45.598,8.08487,8.08645,1.00,1.00
2018.02.20 13:18:45.801,8.08487,8.08642,1.00,1.00
2018.02.20 13:18:46.127,8.08487,8.08632,1.00,1.00
2018.02.20 13:18:46.178,8.08484,8.08632,1.00,1.00
2018.02.20 13:18:46.354,8.08484,8.08626,1.00,1.00
2018.02.20 13:18:46.631,8.08476,8.08626,1.00,1.00
2018.02.20 13:18:46.768,8.08476,8.08618,1.00,1.00
2018.02.20 13:18:47.301,8.08476,8.08617,1.00,1.00
2018.02.20 13:18:47.708,8.08476,8.0861,1.00,1.00
2018.02.20 13:18:47.888,8.08412,8.08568,1.00,1.00
2018.02.20 13:18:47.940,8.08426,8.08567,1.00,1.00
2018.02.20 13:18:48.085,8.0839,8.08542,1.00,1.00
2018.02.20 13:18:48.137,8.0839,8.08524,1.00,1.00
2018.02.20 13:18:48.190,8.08367,8.08524,1.00,1.50
2018.02.20 13:18:48.445,8.08367,8.08508,1.00,1.00
2018.02.20 13:18:48.841,8.08367,8.08515,1.00,1.00
2018.02.20 13:18:48.945,8.08367,8.08511,1.00,1.00
2018.02.20 13:18:49.251,8.08367,8.08514,1.00,1.00
2018.02.20 13:18:49.399,8.08372,8.08514,1.00,1.00
2018.02.20 13:18:49.519,8.08372,8.08516,1.00,1.00
2018.02.20 13:18:49.656,8.0839,8.08516,1.00,1.00
2018.02.20 13:18:49.848,8.0839,8.08525,1.00,1.00
2018.02.20 13:18:49.950,8.08392,8.08525,1.00,1.00
2018.02.20 13:18:50.436,8.08392,8.08528,1.00,1.00
2018.02.20 13:18:50.753,8.08392,8.08531,1.00,1.00
2018.02.20 13:18:50.928,8.08408,8.08531,1.00,1.00
2018.02.20 13:18:51.264,8.08408,8.08527,1.00,1.00
2018.02.20 13:18:51.695,8.08408,8.08529,1.00,1.00
2018.02.20 13:18:52.242,8.08408,8.08532,1.00,1.00
2018.02.20 13:18:52.526,8.08408,8.08535,1.00,1.00
2018.02.20 13:18:53.035,8.08408,8.08536,1.00,1.00
2018.02.20 13:18:53.140,8.08408,8.08538,1.00,1.00
2018.02.20 13:18:53.192,8.08392,8.08538,1.00,1.00
2018.02.20 13:18:53.244,8.08391,8.08519,1.00,1.00
2018.02.20 13:18:53.584,8.08391,8.08516,1.00,1.00
2018.02.20 13:18:53.926,8.08391,8.08524,1.00,1.00
2018.02.20 13:18:54.146,8.08391,8.08535,1.00,1.00
2018.02.20 13:18:54.430,8.08391,8.0855,1.00,1.00
2018.02.20 13:18:54.532,8.08409,8.0855,1.00,1.00
2018.02.20 13:18:54.583,8.08411,8.08556,1.00,1.00
2018.02.20 13:18:54.633,8.08425,8.08573,1.00,1.87
2018.02.20 13:18:55.704,8.08425,8.0857,1.00,1.00
2018.02.20 13:18:55.931,8.08443,8.08576,1.00,1.37
2018.02.20 13:18:57.104,8.08461,8.08592,1.00,1.00
2018.02.20 13:18:57.257,8.08461,8.08606,1.00,1.37
2018.02.20 13:18:58.389,8.08461,8.08606,1.00,1.00
2018.02.20 13:18:58.491,8.08443,8.08596,1.00,1.00
2018.02.20 13:18:58.712,8.08443,8.08598,1.50,1.00
2018.02.20 13:18:58.763,8.08452,8.086,1.00,1.00
2018.02.20 13:18:59.296,8.08467,8.08601,1.00,1.00
2018.02.20 13:18:59.398,8.08467,8.08609,1.00,1.00
2018.02.20 13:18:59.657,8.08467,8.08613,1.00,1.00
2018.02.20 13:19:00.212,8.08467,8.08612,1.00,1.00
2018.02.20 13:19:00.264,8.08467,8.08608,1.00,1.00
2018.02.20 13:19:00.651,8.08476,8.08619,1.00,1.00
2018.02.20 13:19:00.860,8.08476,8.08633,1.00,1.50
2018.02.20 13:19:01.450,8.08476,8.08632,1.00,1.00
2018.02.20 13:19:01.820,8.08492,8.08632,1.00,1.00
2018.02.20 13:19:01.870,8.08492,8.08634,1.00,1.00
2018.02.20 13:19:01.972,8.08476,8.08634,1.00,1.00
2018.02.20 13:19:02.720,8.08476,8.08633,1.00,1.00
2018.02.20 13:19:02.917,8.08492,8.08633,1.00,1.00
2018.02.20 13:19:03.037,8.08492,8.08637,1.00,1.00
2018.02.20 13:19:03.457,8.08476,8.08637,1.00,1.50
2018.02.20 13:19:03.618,8.08476,8.08633,1.00,1.00
2018.02.20 13:19:04.241,8.08489,8.08632,1.00,1.00
2018.02.20 13:19:04.292,8.08492,8.08639,1.00,1.00
2018.02.20 13:19:04.825,8.08492,8.0864,1.00,1.00
2018.02.20 13:19:05.362,8.08492,8.08641,1.00,1.00
2018.02.20 13:19:05.927,8.08492,8.08638,1.00,1.00
2018.02.20 13:19:06.226,8.08492,8.08643,1.00,1.00
2018.02.20 13:19:06.348,8.08492,8.08637,1.00,1.00
2018.02.20 13:19:06.552,8.08466,8.08627,1.00,1.00
2018.02.20 13:19:06.604,8.0848,8.08615,1.00,1.00
2018.02.20 13:19:07.084,8.0848,8.08613,1.00,1.00
2018.02.20 13:19:07.702,8.0848,8.08614,1.00,1.00
2018.02.20 13:19:07.754,8.08451,8.08612,1.50,1.00
2018.02.20 13:19:07.865,8.08451,8.08609,1.00,1.00
2018.02.20 13:19:08.084,8.08451,8.08612,1.50,1.00
2018.02.20 13:19:08.136,8.08451,8.08608,1.50,1.00
2018.02.20 13:19:08.529,8.08451,8.08599,1.50,1.00
2018.02.20 13:19:08.852,8.08454,8.08599,1.00,1.00
2018.02.20 13:19:09.110,8.08463,8.08609,1.00,1.00
2018.02.20 13:19:09.364,8.08463,8.08603,1.00,1.00
2018.02.20 13:19:09.953,8.0846,8.08603,1.00,1.00
2018.02.20 13:19:10.005,8.0846,8.086,1.00,1.00
2018.02.20 13:19:10.259,8.0846,8.08602,1.00,1.00
2018.02.20 13:19:10.380,8.08452,8.08602,1.00,1.00
2018.02.20 13:19:10.897,8.08452,8.08603,1.00,1.00
2018.02.20 13:19:11.527,8.08452,8.08602,1.00,1.00
2018.02.20 13:19:11.578,8.08452,8.08604,1.00,1.00
2018.02.20 13:19:11.760,8.08452,8.08606,1.00,1.00
2018.02.20 13:19:12.213,8.08452,8.08595,1.00,1.00
2018.02.20 13:19:13.193,8.08473,8.08595,1.00,1.00
2018.02.20 13:19:13.244,8.08473,8.08606,1.00,1.00
2018.02.20 13:19:13.322,8.08484,8.08624,1.00,1.37
2018.02.20 13:19:13.373,8.08473,8.08639,1.00,1.75
2018.02.20 13:19:13.476,8.08482,8.08639,1.00,1.75
2018.02.20 13:19:13.527,8.08473,8.08639,1.00,1.75
2018.02.20 13:19:13.836,8.08485,8.08633,1.00,1.37
2018.02.20 13:19:14.730,8.08485,8.0863,1.00,1.00
2018.02.20 13:19:15.488,8.08485,8.08636,1.00,1.00
2018.02.20 13:19:15.747,8.08485,8.08632,1.00,1.00
2018.02.20 13:19:16.569,8.08489,8.08632,1.00,1.00
2018.02.20 13:19:16.881,8.08498,8.08643,1.00,1.50
2018.02.20 13:19:18.305,8.08498,8.08645,1.00,1.00
2018.02.20 13:19:19.079,8.08498,8.08644,1.00,1.00
2018.02.20 13:19:19.722,8.08515,8.08652,1.00,1.00
2018.02.20 13:19:19.929,8.08515,8.08666,1.00,1.37
2018.02.20 13:19:20.590,8.08515,8.0867,1.50,1.50
2018.02.20 13:19:21.096,8.0852,8.0867,1.00,1.00
2018.02.20 13:19:21.385,8.0852,8.08672,1.00,1.00
2018.02.20 13:19:22.031,8.0852,8.08673,1.00,1.00
2018.02.20 13:19:22.752,8.0852,8.08672,1.00,1.00
2018.02.20 13:19:22.803,8.08528,8.08672,1.00,1.00
2018.02.20 13:19:23.430,8.08528,8.08673,1.00,1.00
2018.02.20 13:19:23.765,8.08532,8.08676,1.00,1.00
2018.02.20 13:19:24.100,8.08544,8.08685,1.00,1.00
2018.02.20 13:19:24.359,8.08544,8.08688,1.00,1.00
2018.02.20 13:19:24.411,8.08553,8.08688,1.00,1.00
2018.02.20 13:19:24.462,8.08559,8.08705,1.00,1.00
2018.02.20 13:19:24.514,8.08562,8.08705,1.00,1.00
2018.02.20 13:19:24.565,8.08559,8.08705,1.00,1.00
2018.02.20 13:19:25.016,8.08565,8.08705,1.00,1.00
2018.02.20 13:19:25.066,8.08565,8.08713,1.00,1.00
2018.02.20 13:19:25.406,8.08575,8.08722,1.00,1.00
2018.02.20 13:19:25.647,8.08575,8.08725,1.00,1.00
2018.02.20 13:19:26.141,8.08575,8.0873,1.00,1.00
2018.02.20 13:19:26.193,8.08578,8.0873,1.00,1.00
2018.02.20 13:19:26.244,8.08578,8.08734,1.00,1.00
2018.02.20 13:19:26.880,8.08578,8.08733,1.00,1.00
2018.02.20 13:19:27.497,8.08578,8.08734,1.00,1.00
2018.02.20 13:19:28.125,8.08578,8.08733,1.00,1.00
2018.02.20 13:19:28.202,8.08586,8.08734,1.00,1.00
2018.02.20 13:19:28.252,8.08583,8.08734,1.00,1.00
2018.02.20 13:19:28.437,8.08583,8.08736,1.00,1.00
2018.02.20 13:19:28.488,8.08594,8.08736,1.00,1.00
2018.02.20 13:19:28.539,8.08583,8.08736,1.00,1.00
2018.02.20 13:19:28.699,8.08583,8.08729,1.00,1.00
2018.02.20 13:19:28.750,8.0858,8.08729,1.00,1.00
2018.02.20 13:19:28.819,8.08576,8.08729,1.50,1.00
2018.02.20 13:19:29.300,8.08576,8.08727,1.50,1.00
2018.02.20 13:19:29.609,8.08561,8.0871,1.00,1.00
2018.02.20 13:19:29.660,8.08552,8.0871,1.00,1.37
2018.02.20 13:19:30.194,8.08552,8.08696,1.00,1.00
2018.02.20 13:19:30.501,8.08552,8.08688,1.00,1.00
2018.02.20 13:19:31.594,8.08552,8.08686,1.00,1.00
2018.02.20 13:19:31.645,8.08528,8.08686,1.00,1.00
2018.02.20 13:19:31.697,8.08523,8.08669,1.00,1.00
2018.02.20 13:19:32.194,8.08523,8.08663,1.00,1.00
2018.02.20 13:19:32.527,8.08523,8.08661,1.00,1.00
2018.02.20 13:19:32.578,8.08512,8.08661,1.00,1.00
2018.02.20 13:19:32.751,8.08505,8.08655,1.00,1.00
2018.02.20 13:19:32.955,8.08505,8.08652,1.00,1.00
2018.02.20 13:19:33.287,8.08505,8.08648,1.00,1.00
2018.02.20 13:19:33.926,8.08505,8.08647,1.00,1.00
2018.02.20 13:19:34.238,8.08505,8.08645,1.00,1.00
2018.02.20 13:19:34.289,8.08488,8.08645,1.00,1.00
2018.02.20 13:19:34.340,8.08488,8.08636,1.00,1.00
2018.02.20 13:19:34.489,8.08486,8.08636,1.00,1.00
2018.02.20 13:19:35.557,8.08486,8.08635,1.00,1.00
2018.02.20 13:19:36.164,8.08486,8.08636,1.00,1.50
2018.02.20 13:19:37.396,8.08486,8.08635,1.00,1.00
2018.02.20 13:19:37.647,8.08486,8.08638,1.00,1.00
2018.02.20 13:19:38.392,8.08486,8.08644,1.00,1.00
2018.02.20 13:19:38.617,8.08503,8.08644,1.00,1.00
2018.02.20 13:19:38.668,8.08503,8.08647,1.00,1.00
2018.02.20 13:19:38.801,8.08505,8.08647,1.00,1.00
2018.02.20 13:19:39.117,8.08487,8.08647,1.00,1.00
2018.02.20 13:19:39.260,8.08487,8.08645,1.00,1.00
2018.02.20 13:19:39.575,8.08487,8.08641,1.00,1.00
2018.02.20 13:19:39.923,8.08487,8.08633,1.00,1.00
2018.02.20 13:19:40.228,8.08487,8.08638,1.00,1.00
2018.02.20 13:19:40.653,8.08487,8.08635,1.00,1.00
2018.02.20 13:19:40.941,8.08487,8.08638,1.00,1.50
2018.02.20 13:19:41.155,8.08491,8.08638,1.00,1.00
2018.02.20 13:19:41.257,8.08491,8.08652,1.00,1.37
2018.02.20 13:19:41.552,8.08491,8.08649,1.00,1.00
2018.02.20 13:19:41.854,8.08512,8.08652,1.00,1.37
2018.02.20 13:19:43.200,8.08512,8.08657,1.00,1.00
2018.02.20 13:19:43.251,8.08512,8.08659,1.00,1.00
2018.02.20 13:19:43.812,8.08512,8.08661,1.00,1.00
2018.02.20 13:19:43.952,8.08529,8.08661,1.00,1.00
2018.02.20 13:19:44.055,8.08529,8.08676,1.00,1.37
2018.02.20 13:19:44.700,8.08529,8.08676,1.00,1.50
2018.02.20 13:19:45.851,8.08531,8.08677,1.00,1.00
2018.02.20 13:19:45.902,8.08531,8.08687,1.00,1.37
2018.02.20 13:19:46.003,8.08529,8.08687,1.00,1.37
2018.02.20 13:19:46.054,8.08529,8.08676,1.00,1.00
2018.02.20 13:19:46.303,8.08513,8.08665,1.00,1.00
2018.02.20 13:19:46.354,8.08532,8.08673,1.00,1.50
2018.02.20 13:19:46.557,8.08532,8.0868,1.50,1.00
2018.02.20 13:19:46.608,8.08563,8.0868,1.00,1.00
2018.02.20 13:19:46.709,8.08564,8.08697,1.00,1.00
2018.02.20 13:19:47.065,8.08564,8.08717,1.00,1.00
2018.02.20 13:19:47.343,8.08564,8.08719,1.00,1.12
2018.02.20 13:19:48.122,8.08564,8.08718,1.00,1.00
2018.02.20 13:19:48.173,8.08564,8.08716,1.00,1.00
2018.02.20 13:19:48.510,8.08581,8.08727,1.00,1.00
2018.02.20 13:19:49.116,8.08581,8.08726,1.50,1.00
2018.02.20 13:19:49.168,8.08581,8.08729,1.50,1.00
2018.02.20 13:19:49.437,8.08581,8.08722,1.00,1.00
2018.02.20 13:19:50.021,8.08581,8.08721,1.50,1.00
2018.02.20 13:19:50.353,8.08581,8.08718,1.50,1.00
2018.02.20 13:19:51.501,8.08581,8.08727,1.00,1.00
2018.02.20 13:19:51.559,8.08581,8.08718,1.00,1.00
2018.02.20 13:19:52.128,8.08581,8.08719,1.00,1.00
2018.02.20 13:19:52.493,8.08581,8.08721,1.00,1.00
2018.02.20 13:19:53.092,8.08581,8.08718,1.00,1.00
2018.02.20 13:19:53.453,8.08581,8.08716,1.00,1.00
2018.02.20 13:19:53.770,8.08599,8.08733,1.00,1.00
2018.02.20 13:19:54.113,8.08599,8.08727,1.00,1.00
2018.02.20 13:19:54.444,8.08599,8.08725,1.00,1.00
2018.02.20 13:19:55.428,8.08577,8.08725,1.00,1.00
2018.02.20 13:19:55.480,8.08582,8.08732,1.00,1.00
2018.02.20 13:19:55.531,8.08585,8.08732,1.00,1.00
2018.02.20 13:19:55.774,8.08585,8.08745,1.00,1.00
2018.02.20 13:19:56.297,8.08585,8.08746,1.00,2.25
2018.02.20 13:19:56.412,8.08577,8.08738,1.00,1.00
2018.02.20 13:19:56.717,8.08543,8.08704,1.00,1.00
2018.02.20 13:19:57.083,8.08543,8.08689,1.00,1.00
2018.02.20 13:19:57.358,8.08538,8.0869,1.00,1.00
2018.02.20 13:19:57.410,8.08535,8.0869,1.12,1.00
2018.02.20 13:19:57.562,8.08535,8.08693,1.00,1.00
2018.02.20 13:19:57.715,8.08518,8.08674,1.00,1.00
2018.02.20 13:19:58.030,8.08522,8.08672,1.00,1.00
2018.02.20 13:19:58.330,8.08522,8.08674,1.50,1.00
2018.02.20 13:19:58.511,8.08527,8.08674,1.00,1.00
2018.02.20 13:19:58.680,8.08527,8.08678,1.00,1.00
2018.02.20 13:19:58.916,8.08523,8.08678,1.00,1.00
2018.02.20 13:19:58.968,8.08523,8.08672,1.00,1.00
2018.02.20 13:19:59.262,8.08503,8.08661,1.00,1.50
2018.02.20 13:19:59.314,8.08491,8.08649,1.00,1.00
2018.02.20 13:19:59.417,8.08471,8.08632,1.00,1.00
2018.02.20 13:19:59.468,8.08463,8.0862,1.00,1.00
2018.02.20 13:20:00.249,8.08463,8.08625,1.50,1.00
2018.02.20 13:20:00.300,8.08467,8.08627,1.00,1.00
2018.02.20 13:20:00.738,8.08487,8.08636,1.00,1.00
2018.02.20 13:20:01.088,8.08487,8.08619,1.00,1.00
2018.02.20 13:20:01.369,8.08468,8.08619,1.00,1.00
2018.02.20 13:20:01.744,8.08458,8.08619,1.00,1.50
2018.02.20 13:20:01.796,8.08467,8.08619,1.37,1.00
2018.02.20 13:20:01.899,8.08458,8.08619,1.00,1.50
2018.02.20 13:20:01.951,8.08395,8.08549,1.00,1.00
2018.02.20 13:20:02.053,8.08374,8.08531,1.00,1.00
2018.02.20 13:20:02.104,8.08369,8.08526,1.37,1.00
2018.02.20 13:20:02.206,8.0834,8.08522,1.00,1.00
2018.02.20 13:20:02.257,8.08339,8.08513,1.00,1.00
2018.02.20 13:20:02.309,8.08321,8.08504,1.50,1.00
2018.02.20 13:20:03.065,8.08326,8.08504,1.00,1.00
2018.02.20 13:20:03.391,8.0834,8.08504,1.00,1.00
2018.02.20 13:20:03.694,8.08383,8.08508,1.00,1.00
2018.02.20 13:20:03.919,8.08431,8.08561,1.00,1.12
2018.02.20 13:20:03.971,8.0844,8.08561,1.00,1.12
2018.02.20 13:20:04.022,8.08442,8.08584,1.00,1.00
2018.02.20 13:20:04.226,8.08449,8.08584,1.00,1.00
2018.02.20 13:20:04.529,8.08465,8.08584,1.00,1.00
2018.02.20 13:20:04.631,8.08458,8.08584,1.00,1.00
2018.02.20 13:20:04.682,8.08458,8.08613,1.00,1.37
2018.02.20 13:20:04.733,8.08451,8.08605,1.00,1.37
2018.02.20 13:20:04.859,8.08447,8.08608,1.00,1.37
2018.02.20 13:20:04.910,8.08447,8.08596,1.00,1.00
2018.02.20 13:20:04.962,8.08443,8.08596,1.00,1.00
2018.02.20 13:20:05.064,8.08445,8.08596,1.00,1.00
2018.02.20 13:20:05.115,8.08435,8.08592,1.00,1.00
2018.02.20 13:20:05.166,8.0843,8.08591,1.00,1.00
2018.02.20 13:20:05.218,8.08434,8.08592,1.00,1.00
2018.02.20 13:20:05.541,8.08447,8.08588,1.00,1.00
2018.02.20 13:20:05.644,8.08451,8.08604,1.00,1.00
2018.02.20 13:20:05.782,8.08451,8.0861,1.00,1.00
2018.02.20 13:20:05.833,8.08465,8.08626,1.00,1.37
2018.02.20 13:20:06.100,8.0846,8.08613,1.00,1.37
2018.02.20 13:20:07.288,8.08468,8.08615,1.00,1.37
2018.02.20 13:20:07.339,8.08464,8.08615,1.00,1.37
2018.02.20 13:20:07.395,8.08457,8.08615,1.00,1.37
2018.02.20 13:20:07.446,8.08456,8.08615,1.00,1.00
2018.02.20 13:20:07.538,8.08456,8.0861,1.00,1.00
2018.02.20 13:20:07.589,8.0845,8.08609,1.00,1.00
2018.02.20 13:20:07.641,8.0845,8.086,1.00,1.00
2018.02.20 13:20:07.692,8.0844,8.08599,1.00,1.00
2018.02.20 13:20:07.795,8.08429,8.08591,1.00,1.00
2018.02.20 13:20:08.240,8.08426,8.08587,1.00,1.00
2018.02.20 13:20:08.638,8.08426,8.08585,1.00,1.00
2018.02.20 13:20:08.690,8.08421,8.08585,1.00,1.00
2018.02.20 13:20:08.792,8.08436,8.08597,1.00,1.00
2018.02.20 13:20:09.097,8.08452,8.08607,1.00,1.37
2018.02.20 13:20:09.204,8.08438,8.08597,1.00,1.00
2018.02.20 13:20:09.306,8.08431,8.08592,1.50,1.00
2018.02.20 13:20:09.461,8.08431,8.08589,1.00,1.00
2018.02.20 13:20:09.760,8.08431,8.08592,1.00,1.00
2018.02.20 13:20:09.811,8.08431,8.08586,1.00,1.00
2018.02.20 13:20:10.144,8.08431,8.08584,1.00,1.00
2018.02.20 13:20:10.478,8.08431,8.0858,1.00,1.00
2018.02.20 13:20:10.649,8.08431,8.08586,1.00,1.00
2018.02.20 13:20:10.700,8.08431,8.08584,1.00,1.00
2018.02.20 13:20:10.752,8.08431,8.08586,1.00,1.00
2018.02.20 13:20:11.260,8.08431,8.08587,1.00,1.00
2018.02.20 13:20:11.311,8.08431,8.0858,1.00,1.00
2018.02.20 13:20:11.761,8.08431,8.08577,1.00,1.00
2018.02.20 13:20:12.653,8.08431,8.08575,1.00,1.00
2018.02.20 13:20:13.314,8.08431,8.08577,1.00,1.00
2018.02.20 13:20:13.828,8.08431,8.08576,1.00,1.00
2018.02.20 13:20:14.347,8.08431,8.08577,1.00,1.00
2018.02.20 13:20:14.936,8.08431,8.08582,1.00,1.00
2018.02.20 13:20:14.987,8.08431,8.08585,1.00,1.00
2018.02.20 13:20:15.236,8.08434,8.08585,1.00,1.00
2018.02.20 13:20:15.288,8.08434,8.0859,1.00,1.00
2018.02.20 13:20:15.667,8.08434,8.08586,1.00,1.00
2018.02.20 13:20:15.973,8.08434,8.08575,1.00,1.00
2018.02.20 13:20:16.176,8.08417,8.08575,1.00,1.00
2018.02.20 13:20:16.228,8.08417,8.08571,1.00,1.00
2018.02.20 13:20:16.580,8.0842,8.08582,1.00,1.00
2018.02.20 13:20:16.783,8.08424,8.08585,1.00,1.00
2018.02.20 13:20:17.316,8.08424,8.08586,1.00,1.00
2018.02.20 13:20:17.699,8.0842,8.08581,1.00,1.00
2018.02.20 13:20:17.750,8.08424,8.08586,1.00,1.00
2018.02.20 13:20:17.802,8.08439,8.08586,1.00,1.00
2018.02.20 13:20:17.853,8.08424,8.08586,1.00,1.00
2018.02.20 13:20:18.270,8.08423,8.08582,1.00,1.00
2018.02.20 13:20:18.474,8.08413,8.08574,1.00,1.00
2018.02.20 13:20:18.627,8.08404,8.08566,1.00,1.00
2018.02.20 13:20:18.778,8.0841,8.08571,1.00,1.00
2018.02.20 13:20:19.652,8.08414,8.08575,1.00,1.50
2018.02.20 13:20:19.981,8.0842,8.08577,1.00,1.00
2018.02.20 13:20:21.313,8.0842,8.08582,1.50,1.00
2018.02.20 13:20:21.660,8.08424,8.08586,1.00,1.00
2018.02.20 13:20:21.968,8.08434,8.0859,1.00,1.00
2018.02.20 13:20:22.035,8.08431,8.0859,1.00,1.50
2018.02.20 13:20:22.213,8.08426,8.08587,1.00,1.00
2018.02.20 13:20:22.479,8.08422,8.08583,1.00,1.00
2018.02.20 13:20:23.172,8.0842,8.08578,1.00,1.00
2018.02.20 13:20:23.273,8.08404,8.08565,1.00,1.00
2018.02.20 13:20:23.374,8.08403,8.08561,1.00,1.00
2018.02.20 13:20:23.711,8.08381,8.08519,1.00,1.00
2018.02.20 13:20:23.925,8.08356,8.08497,1.00,1.00
2018.02.20 13:20:24.127,8.08356,8.08491,1.00,1.00
2018.02.20 13:20:24.178,8.08333,8.08491,1.00,1.00
2018.02.20 13:20:24.230,8.08331,8.08483,1.00,1.00
2018.02.20 13:20:24.282,8.08322,8.08483,1.00,1.00
2018.02.20 13:20:24.390,8.08325,8.08487,1.00,1.00
2018.02.20 13:20:24.834,8.0833,8.08491,1.00,1.00
2018.02.20 13:20:25.141,8.08343,8.08504,1.00,1.00
2018.02.20 13:20:25.498,8.0834,8.08493,1.00,1.00
2018.02.20 13:20:25.548,8.0834,8.08495,1.00,1.00
2018.02.20 13:20:25.700,8.0834,8.08497,1.00,1.00
2018.02.20 13:20:25.751,8.08363,8.08497,1.00,1.00
2018.02.20 13:20:25.803,8.08363,8.08513,1.00,1.00
2018.02.20 13:20:25.904,8.08363,8.08518,1.00,1.00
2018.02.20 13:20:26.484,8.08363,8.08521,1.00,1.00
2018.02.20 13:20:26.538,8.08363,8.08525,1.50,1.00
2018.02.20 13:20:26.589,8.08367,8.08527,1.00,1.00
2018.02.20 13:20:26.690,8.08367,8.08529,1.00,1.00
2018.02.20 13:20:26.799,8.08371,8.08533,1.00,1.00
2018.02.20 13:20:28.883,8.08373,8.08534,1.00,1.00
2018.02.20 13:20:29.187,8.08392,8.08551,1.00,1.37
2018.02.20 13:20:29.496,8.08403,8.08556,1.00,1.75
2018.02.20 13:20:29.748,8.08413,8.08556,1.00,1.00
2018.02.20 13:20:29.799,8.08413,8.08567,1.00,1.00
2018.02.20 13:20:30.206,8.08401,8.08563,1.00,1.00
2018.02.20 13:20:30.257,8.08399,8.08556,1.00,1.00
2018.02.20 13:20:31.202,8.08399,8.08555,1.00,1.00
2018.02.20 13:20:32.017,8.08414,8.08555,1.00,1.00
2018.02.20 13:20:32.526,8.08414,8.08556,1.00,1.12
2018.02.20 13:20:32.856,8.08414,8.08556,1.00,1.37
2018.02.20 13:20:33.898,8.08414,8.08556,1.00,1.37
2018.02.20 13:20:34.871,8.08417,8.0856,1.00,1.37
2018.02.20 13:20:35.150,8.08418,8.08569,1.00,1.37
2018.02.20 13:20:35.272,8.0842,8.08569,1.00,1.37
2018.02.20 13:20:36.423,8.08445,8.08575,1.00,1.37
2018.02.20 13:20:38.647,8.08445,8.08585,1.00,1.37
2018.02.20 13:20:38.698,8.08454,8.08585,1.00,1.37
2018.02.20 13:20:39.826,8.08454,8.08589,1.00,1.00
2018.02.20 13:20:40.159,8.08454,8.08587,1.00,1.00
2018.02.20 13:20:40.548,8.08454,8.08584,1.00,1.00
2018.02.20 13:20:41.137,8.08454,8.08583,1.00,1.00
2018.02.20 13:20:41.190,8.08454,8.0859,1.00,1.00
2018.02.20 13:20:41.457,8.08454,8.08593,1.00,1.00
2018.02.20 13:20:41.784,8.08485,8.08595,1.00,1.00
2018.02.20 13:20:41.886,8.08485,8.08623,1.00,1.75
2018.02.20 13:20:41.937,8.08489,8.08623,1.00,1.75
2018.02.20 13:20:42.242,8.08518,8.08623,1.00,1.00
2018.02.20 13:20:42.419,8.08518,8.08636,1.00,1.00
2018.02.20 13:20:42.470,8.08518,8.08644,1.00,1.00
2018.02.20 13:20:42.782,8.08518,8.08647,1.00,1.00
2018.02.20 13:20:43.099,8.08518,8.08643,1.00,1.00
2018.02.20 13:20:43.679,8.08518,8.08655,1.00,1.00
2018.02.20 13:20:43.981,8.08518,8.08642,1.00,1.00
2018.02.20 13:20:44.496,8.08518,8.08641,1.00,1.00
2018.02.20 13:20:44.880,8.08518,8.08645,1.00,1.00
2018.02.20 13:20:45.486,8.08518,8.08647,1.00,1.00
2018.02.20 13:20:45.815,8.08518,8.08654,1.00,1.00
2018.02.20 13:20:46.200,8.08518,8.08636,1.00,1.00
2018.02.20 13:20:46.353,8.08488,8.08633,1.00,1.37
2018.02.20 13:20:46.631,8.08488,8.08618,1.00,1.00
2018.02.20 13:20:46.979,8.08488,8.08615,1.00,1.00
2018.02.20 13:20:47.030,8.08488,8.08627,1.00,1.37
2018.02.20 13:20:47.232,8.08511,8.08627,1.00,1.37
2018.02.20 13:20:47.409,8.08511,8.08641,1.00,1.00
2018.02.20 13:20:47.460,8.08511,8.08643,1.00,1.00
2018.02.20 13:20:47.511,8.08511,8.08662,1.00,1.37
2018.02.20 13:20:47.562,8.08518,8.08662,1.00,1.37
2018.02.20 13:20:47.865,8.08537,8.08679,1.00,1.75
2018.02.20 13:20:48.776,8.08537,8.08644,1.00,1.00
2018.02.20 13:20:49.298,8.08537,8.08645,1.00,1.00
2018.02.20 13:20:49.633,8.08537,8.08641,1.00,1.00
2018.02.20 13:20:49.850,8.08511,8.08641,1.00,1.00
2018.02.20 13:20:49.953,8.08511,8.08639,1.00,1.00
2018.02.20 13:20:50.532,8.08511,8.08638,1.00,1.00
2018.02.20 13:20:50.860,8.08511,8.08624,1.00,1.00
2018.02.20 13:20:51.794,8.08511,8.08626,1.00,1.00
2018.02.20 13:20:52.483,8.08511,8.08629,1.00,1.00
2018.02.20 13:20:53.304,8.08511,8.08627,1.00,1.00
2018.02.20 13:20:53.848,8.08511,8.08628,1.00,1.00
2018.02.20 13:20:54.358,8.08511,8.08627,1.00,1.00
2018.02.20 13:20:55.119,8.08511,8.08628,1.00,1.37
2018.02.20 13:20:55.439,8.08511,8.08624,1.00,1.00
2018.02.20 13:20:55.775,8.08511,8.08627,1.00,1.37
2018.02.20 13:20:57.100,8.08511,8.08632,1.00,1.00
2018.02.20 13:20:57.302,8.08511,8.08634,1.00,1.00
2018.02.20 13:20:57.617,8.08511,8.08636,1.00,1.00
2018.02.20 13:20:58.205,8.08511,8.08637,1.00,1.00
2018.02.20 13:20:58.258,8.08511,8.08642,1.00,1.37
2018.02.20 13:20:58.611,8.08511,8.08645,1.00,1.00
2018.02.20 13:20:58.662,8.0854,8.08645,1.00,1.00
2018.02.20 13:20:59.214,8.0854,8.08649,1.00,1.00
2018.02.20 13:21:00.114,8.0854,8.08648,1.00,1.00
2018.02.20 13:21:00.383,8.08512,8.08632,1.00,1.00
2018.02.20 13:21:00.673,8.08512,8.0863,1.00,1.00
2018.02.20 13:21:00.981,8.08512,8.08609,1.00,1.00
2018.02.20 13:21:02.029,8.08512,8.08597,1.00,1.00
2018.02.20 13:21:02.343,8.08512,8.08595,1.00,1.00
2018.02.20 13:21:02.683,8.08512,8.08591,1.00,1.00
2018.02.20 13:21:02.757,8.08483,8.08591,1.00,1.00
2018.02.20 13:21:02.920,8.08483,8.08595,1.00,1.00
2018.02.20 13:21:03.232,8.08483,8.08584,1.00,1.00
2018.02.20 13:21:03.840,8.08483,8.08589,1.00,1.00
2018.02.20 13:21:04.418,8.08483,8.08588,1.00,1.00
2018.02.20 13:21:05.018,8.08483,8.08589,1.00,1.00
2018.02.20 13:21:05.069,8.08483,8.08587,1.00,1.00
2018.02.20 13:21:05.336,8.08483,8.08589,1.00,1.00
2018.02.20 13:21:05.919,8.08483,8.08588,1.00,1.00
2018.02.20 13:21:06.341,8.08483,8.08591,1.00,1.00
2018.02.20 13:21:06.610,8.08483,8.08595,1.00,1.00
2018.02.20 13:21:06.861,8.08483,8.08599,1.00,1.00
2018.02.20 13:21:06.963,8.08487,8.08599,1.00,1.00
2018.02.20 13:21:07.190,8.08487,8.08602,1.00,1.00
2018.02.20 13:21:07.530,8.08487,8.08606,1.00,1.00
2018.02.20 13:21:07.581,8.08517,8.08606,1.00,1.00
2018.02.20 13:21:07.633,8.08517,8.08624,1.00,1.00
2018.02.20 13:21:07.684,8.08522,8.08624,1.00,1.00
2018.02.20 13:21:08.031,8.08544,8.08636,1.00,1.00
2018.02.20 13:21:08.575,8.08544,8.08633,1.00,1.00
2018.02.20 13:21:09.020,8.08544,8.08635,1.00,1.00
2018.02.20 13:21:09.318,8.08544,8.08642,1.00,1.00
2018.02.20 13:21:09.885,8.08544,8.08643,1.00,1.00
2018.02.20 13:21:09.937,8.08544,8.08648,1.00,1.00
2018.02.20 13:21:10.506,8.08544,8.08649,1.00,1.00
2018.02.20 13:21:11.076,8.08544,8.08631,1.00,1.00
2018.02.20 13:21:11.276,8.08517,8.08631,1.00,1.00
2018.02.20 13:21:11.377,8.08517,8.08623,1.00,1.00
2018.02.20 13:21:11.907,8.08517,8.08624,1.00,1.00
2018.02.20 13:21:12.241,8.08517,8.08616,1.00,1.00
2018.02.20 13:21:12.619,8.08517,8.08622,1.00,1.00
2018.02.20 13:21:12.912,8.08517,8.08613,1.00,1.00
2018.02.20 13:21:13.239,8.08517,8.08619,1.00,1.00
2018.02.20 13:21:13.523,8.08517,8.08611,1.00,1.00
2018.02.20 13:21:13.808,8.08517,8.08613,1.00,1.00
2018.02.20 13:21:14.133,8.08517,8.08621,1.00,1.00
2018.02.20 13:21:14.692,8.08517,8.0862,1.00,1.00
2018.02.20 13:21:15.240,8.08517,8.08617,1.00,1.00
2018.02.20 13:21:15.584,8.0848,8.08602,1.00,1.00
2018.02.20 13:21:15.635,8.0848,8.08585,1.00,1.00
2018.02.20 13:21:15.941,8.0848,8.08577,1.00,1.00
2018.02.20 13:21:16.211,8.0848,8.08587,1.00,1.00
2018.02.20 13:21:16.877,8.0848,8.08585,1.00,1.00
2018.02.20 13:21:17.475,8.0848,8.08589,1.00,1.00
2018.02.20 13:21:17.727,8.0848,8.08607,1.00,1.37
2018.02.20 13:21:18.715,8.0848,8.08618,1.50,1.00
2018.02.20 13:21:18.769,8.08506,8.08618,1.00,1.00
2018.02.20 13:21:18.891,8.08506,8.08623,1.00,1.00
2018.02.20 13:21:19.210,8.08506,8.08625,1.00,1.12
2018.02.20 13:21:20.113,8.08506,8.08638,1.00,1.00
2018.02.20 13:21:20.435,8.08506,8.08652,1.00,1.37
2018.02.20 13:21:21.034,8.08506,8.08639,1.00,1.00
2018.02.20 13:21:21.400,8.08527,8.08638,1.00,1.00
2018.02.20 13:21:21.731,8.08527,8.08618,1.00,1.00
2018.02.20 13:21:21.782,8.08494,8.08602,1.00,1.00
2018.02.20 13:21:22.060,8.08494,8.0861,1.00,1.00
2018.02.20 13:21:22.568,8.08494,8.08611,1.00,1.00
2018.02.20 13:21:22.670,8.08494,8.08622,1.00,1.37
2018.02.20 13:21:23.098,8.08494,8.08614,1.00,1.00
2018.02.20 13:21:23.282,8.08494,8.08616,1.00,1.00
2018.02.20 13:21:23.688,8.08494,8.08599,1.00,1.00
2018.02.20 13:21:24.198,8.08494,8.086,1.00,1.00
2018.02.20 13:21:24.318,8.08494,8.08602,1.00,1.00
2018.02.20 13:21:25.028,8.08494,8.08603,1.00,1.00
2018.02.20 13:21:25.553,8.08494,8.08602,1.00,1.00
2018.02.20 13:21:26.073,8.08494,8.08604,1.00,1.00
2018.02.20 13:21:26.390,8.08494,8.08602,1.00,1.00
2018.02.20 13:21:26.917,8.08494,8.08601,1.00,1.00
2018.02.20 13:21:27.328,8.08494,8.08604,1.00,1.00
2018.02.20 13:21:27.909,8.08494,8.08603,1.00,1.00
2018.02.20 13:21:28.367,8.08494,8.08611,1.00,1.00
2018.02.20 13:21:28.918,8.08498,8.08612,1.00,1.00
2018.02.20 13:21:29.278,8.08498,8.08618,1.00,1.00
2018.02.20 13:21:29.797,8.08498,8.08619,1.00,1.00
2018.02.20 13:21:29.849,8.08498,8.08625,1.00,1.00
2018.02.20 13:21:30.149,8.08498,8.08633,1.00,1.37
2018.02.20 13:21:30.595,8.08518,8.0864,1.00,1.00
2018.02.20 13:21:30.924,8.08534,8.08657,1.00,1.37
2018.02.20 13:21:31.537,8.08522,8.08664,1.00,1.37
2018.02.20 13:21:31.978,8.08522,8.08658,1.00,1.00
2018.02.20 13:21:32.029,8.08522,8.08666,1.00,1.00
2018.02.20 13:21:32.353,8.08522,8.08657,1.00,1.00
2018.02.20 13:21:32.651,8.08522,8.0866,1.00,1.00
2018.02.20 13:21:32.966,8.08522,8.08665,1.00,1.00
2018.02.20 13:21:33.130,8.08525,8.08665,1.00,1.00
2018.02.20 13:21:33.439,8.08536,8.08671,1.00,1.00
2018.02.20 13:21:33.846,8.0854,8.08671,1.00,1.00
2018.02.20 13:21:34.126,8.0854,8.08676,1.00,1.37
2018.02.20 13:21:34.269,8.08554,8.08676,1.00,1.37
2018.02.20 13:21:34.320,8.08554,8.08676,1.00,1.00
2018.02.20 13:21:34.411,8.08571,8.08676,1.00,1.00
2018.02.20 13:21:34.462,8.08571,8.08693,1.00,1.37
2018.02.20 13:21:34.778,8.08593,8.08732,1.00,1.75
2018.02.20 13:21:34.830,8.0861,8.08732,1.00,1.37
2018.02.20 13:21:35.511,8.08639,8.08756,1.00,1.75
2018.02.20 13:21:36.649,8.08639,8.0876,1.00,1.00
2018.02.20 13:21:36.900,8.08639,8.08774,1.00,1.37
2018.02.20 13:21:38.088,8.08639,8.08767,1.00,1.37
2018.02.20 13:21:38.303,8.08639,8.08761,1.00,1.00
2018.02.20 13:21:38.818,8.08639,8.08756,1.00,1.00
2018.02.20 13:21:39.126,8.08639,8.08754,1.00,1.00
2018.02.20 13:21:39.297,8.08639,8.08756,1.00,1.50
2018.02.20 13:21:39.446,8.08639,8.08756,1.00,1.87
2018.02.20 13:21:40.409,8.08639,8.08736,1.00,1.00
2018.02.20 13:21:40.613,8.08595,8.08722,1.00,1.37
2018.02.20 13:21:40.825,8.08595,8.08704,1.00,1.00
2018.02.20 13:21:41.149,8.08595,8.08675,1.00,1.00
2018.02.20 13:21:41.495,8.08595,8.08685,1.00,1.00
2018.02.20 13:21:42.006,8.08595,8.08684,1.00,1.00
2018.02.20 13:21:42.336,8.08568,8.0868,1.00,1.00
2018.02.20 13:21:42.388,8.08568,8.08662,1.00,1.00
2018.02.20 13:21:42.836,8.08568,8.08645,1.00,1.00
2018.02.20 13:21:43.141,8.08568,8.08641,1.00,1.00
2018.02.20 13:21:44.248,8.08592,8.08641,1.00,1.00
2018.02.20 13:21:44.657,8.08592,8.08643,1.00,1.00
2018.02.20 13:21:44.708,8.08592,8.08661,1.00,1.00
2018.02.20 13:21:44.780,8.08592,8.08656,1.00,1.00
2018.02.20 13:21:44.883,8.08592,8.08696,1.00,1.00
2018.02.20 13:21:44.934,8.08592,8.08699,1.00,1.00
2018.02.20 13:21:45.036,8.08592,8.08703,1.00,1.00
2018.02.20 13:21:45.189,8.08618,8.08703,1.00,1.00
2018.02.20 13:21:45.537,8.08638,8.08746,1.00,1.00
2018.02.20 13:21:45.712,8.08638,8.08755,1.00,1.00
2018.02.20 13:21:46.240,8.08638,8.08756,1.00,1.00
2018.02.20 13:21:46.291,8.08638,8.08776,1.00,1.37
2018.02.20 13:21:46.342,8.08664,8.08776,1.00,1.00
2018.02.20 13:21:46.618,8.08664,8.08783,1.00,1.00
2018.02.20 13:21:46.877,8.08664,8.08767,1.00,1.00
2018.02.20 13:21:47.188,8.08664,8.0877,1.00,1.00
2018.02.20 13:21:47.838,8.08664,8.08783,1.00,1.00
2018.02.20 13:21:48.143,8.08664,8.0879,1.00,1.00
2018.02.20 13:21:48.683,8.08664,8.08785,1.00,1.00
2018.02.20 13:21:49.034,8.08664,8.08771,1.00,1.00
2018.02.20 13:21:49.541,8.08664,8.08772,1.00,1.00
2018.02.20 13:21:50.237,8.08664,8.08775,1.00,1.00
2018.02.20 13:21:50.509,8.08664,8.0878,1.00,1.00
2018.02.20 13:21:51.040,8.08664,8.08781,1.00,1.00
2018.02.20 13:21:51.281,8.08664,8.08786,1.00,1.00
2018.02.20 13:21:51.836,8.08664,8.08788,1.00,1.00
2018.02.20 13:21:52.165,8.08664,8.08779,1.00,1.00
2018.02.20 13:21:52.451,8.08664,8.0879,1.00,1.00
2018.02.20 13:21:52.962,8.08664,8.08791,1.00,1.00
2018.02.20 13:21:53.064,8.08664,8.08785,1.00,1.00
2018.02.20 13:21:53.348,8.08664,8.08788,1.00,1.00
2018.02.20 13:21:53.978,8.08664,8.08789,1.00,1.00
2018.02.20 13:21:54.242,8.08664,8.08783,1.00,1.00
2018.02.20 13:21:54.535,8.08664,8.08786,1.00,1.00
2018.02.20 13:21:54.858,8.08664,8.08783,1.00,1.00
2018.02.20 13:21:55.142,8.08664,8.08785,1.00,1.00
2018.02.20 13:21:55.471,8.08664,8.08791,1.00,1.00
2018.02.20 13:21:55.795,8.08664,8.08783,1.00,1.00
2018.02.20 13:21:56.136,8.08664,8.08788,1.00,1.00
2018.02.20 13:21:56.354,8.08664,8.08786,1.00,1.00
2018.02.20 13:21:56.660,8.08664,8.08763,1.00,1.75
2018.02.20 13:21:56.813,8.08664,8.08763,1.00,1.00
2018.02.20 13:21:56.864,8.08664,8.08783,1.00,1.12
2018.02.20 13:21:57.179,8.08664,8.08773,1.00,1.00
2018.02.20 13:21:57.720,8.08664,8.08775,1.00,1.00
2018.02.20 13:21:58.295,8.08664,8.08774,1.00,1.00
2018.02.20 13:21:58.346,8.08664,8.08795,1.00,1.75
2018.02.20 13:21:58.962,8.08705,8.08807,1.00,1.00
2018.02.20 13:21:59.196,8.08705,8.0883,1.00,1.12
2018.02.20 13:22:00.148,8.08705,8.08831,1.00,1.37
2018.02.20 13:22:00.429,8.08681,8.08805,1.00,1.00
2018.02.20 13:22:00.788,8.08681,8.08798,1.00,1.00
2018.02.20 13:22:01.082,8.08681,8.08807,1.00,1.00
2018.02.20 13:22:01.427,8.08681,8.08823,1.00,1.00
2018.02.20 13:22:01.944,8.08681,8.08824,1.00,1.00
2018.02.20 13:22:01.996,8.08681,8.08834,1.00,1.00
2018.02.20 13:22:02.048,8.08681,8.08833,1.00,1.75
2018.02.20 13:22:03.134,8.08681,8.08817,1.00,1.00
2018.02.20 13:22:03.286,8.08681,8.0882,1.00,1.00
2018.02.20 13:22:03.501,8.08681,8.08829,1.00,1.50
2018.02.20 13:22:03.603,8.08685,8.08829,1.00,1.00
2018.02.20 13:22:04.104,8.08685,8.08833,1.00,1.00
2018.02.20 13:22:04.286,8.08685,8.08833,1.00,1.37
2018.02.20 13:22:04.599,8.08716,8.08841,1.00,1.75
2018.02.20 13:22:05.943,8.08716,8.08826,1.00,1.37
2018.02.20 13:22:07.067,8.08716,8.08843,1.00,1.75
2018.02.20 13:22:07.656,8.08716,8.08847,1.00,1.75
2018.02.20 13:22:08.207,8.08716,8.0883,1.00,1.37
2018.02.20 13:22:09.358,8.08716,8.08834,1.00,1.75
2018.02.20 13:22:10.882,8.08716,8.08826,1.00,1.75
2018.02.20 13:22:13.122,8.08716,8.08821,1.00,1.00
2018.02.20 13:22:13.173,8.08716,8.08827,1.00,1.87
2018.02.20 13:22:14.312,8.08689,8.08792,1.00,1.37
2018.02.20 13:22:14.364,8.08689,8.08792,1.00,1.37
2018.02.20 13:22:14.623,8.08656,8.08778,1.00,1.00
2018.02.20 13:22:15.133,8.08656,8.0876,1.00,1.37
2018.02.20 13:22:15.236,8.08631,8.0876,1.00,1.37
2018.02.20 13:22:16.471,8.08631,8.0876,1.00,1.75
2018.02.20 13:22:18.754,8.08631,8.0876,1.00,1.75
2018.02.20 13:22:19.174,8.08631,8.0872,1.00,1.00
2018.02.20 13:22:19.296,8.08604,8.08732,1.00,1.37
2018.02.20 13:22:19.854,8.08604,8.08724,1.00,1.75
2018.02.20 13:22:20.542,8.08569,8.08693,1.00,1.37
2018.02.20 13:22:20.795,8.08569,8.0869,1.00,1.00
2018.02.20 13:22:20.846,8.08569,8.08695,1.00,1.37
2018.02.20 13:22:21.745,8.08569,8.08692,1.00,1.75
2018.02.20 13:22:23.258,8.08569,8.08705,1.00,1.75
2018.02.20 13:22:24.377,8.08569,8.0869,1.00,1.75
2018.02.20 13:22:25.613,8.08569,8.08686,1.00,1.75
2018.02.20 13:22:26.933,8.08569,8.08686,1.00,1.75
2018.02.20 13:22:27.087,8.08569,8.08699,1.00,1.37
2018.02.20 13:22:27.139,8.08597,8.08699,1.00,1.37
2018.02.20 13:22:28.253,8.08597,8.08725,1.00,1.75
2018.02.20 13:22:28.866,8.08597,8.08725,1.00,1.75
2018.02.20 13:22:31.828,8.08597,8.08738,1.00,1.75
2018.02.20 13:22:32.953,8.08597,8.08734,1.00,1.75
2018.02.20 13:22:34.660,8.08597,8.08738,1.00,1.75
2018.02.20 13:22:36.210,8.08597,8.08716,1.00,1.12
2018.02.20 13:22:36.363,8.08597,8.08701,1.00,1.00
2018.02.20 13:22:36.414,8.08597,8.08716,1.00,1.12
2018.02.20 13:22:37.223,8.08597,8.08716,1.00,1.75
2018.02.20 13:22:37.905,8.0857,8.08695,1.00,1.37
2018.02.20 13:22:38.007,8.0857,8.0868,1.00,1.00
2018.02.20 13:22:38.313,8.08543,8.08665,1.00,1.37
2018.02.20 13:22:38.937,8.08543,8.08665,1.00,1.75
2018.02.20 13:22:39.039,8.08511,8.08648,1.00,2.25
2018.02.20 13:22:40.183,8.08511,8.08655,1.00,1.37
2018.02.20 13:22:40.286,8.08537,8.0867,1.00,1.75
2018.02.20 13:22:41.464,8.08539,8.08692,1.00,1.75
2018.02.20 13:22:41.572,8.08543,8.08692,1.00,1.75
2018.02.20 13:22:41.623,8.08564,8.08704,1.00,1.37
2018.02.20 13:22:42.828,8.08564,8.08719,1.00,1.75
2018.02.20 13:22:43.133,8.0856,8.08622,1.00,1.00
2018.02.20 13:22:43.184,8.08506,8.08616,1.00,1.00
2018.02.20 13:22:43.286,8.08506,8.08619,1.00,1.00
2018.02.20 13:22:43.337,8.08506,8.08622,1.00,1.00
2018.02.20 13:22:43.388,8.08506,8.08628,1.00,1.00
2018.02.20 13:22:43.575,8.08506,8.08637,1.00,1.37
2018.02.20 13:22:44.393,8.08506,8.08637,1.00,2.25
2018.02.20 13:22:45.516,8.08529,8.08653,1.00,1.75
2018.02.20 13:22:46.091,8.08529,8.08653,1.00,1.37
2018.02.20 13:22:47.276,8.08529,8.0867,1.00,1.75
2018.02.20 13:22:48.583,8.08529,8.08651,1.00,1.75
2018.02.20 13:22:50.036,8.08529,8.08656,1.00,1.37
2018.02.20 13:22:50.698,8.08502,8.08649,1.00,1.37
2018.02.20 13:22:51.746,8.08502,8.08647,1.00,1.50
2018.02.20 13:22:54.733,8.08502,8.08648,1.00,1.75
2018.02.20 13:22:55.186,8.08502,8.08626,1.00,1.87
2018.02.20 13:22:55.448,8.08474,8.08587,1.00,1.37
2018.02.20 13:22:55.500,8.0845,8.08577,1.00,1.00
2018.02.20 13:22:55.654,8.0845,8.08595,1.00,1.37
2018.02.20 13:22:55.706,8.08457,8.08618,1.00,1.75
2018.02.20 13:22:56.012,8.08462,8.08623,1.00,1.75
2018.02.20 13:22:56.318,8.0846,8.08611,1.00,1.75
2018.02.20 13:22:56.369,8.08441,8.086,1.00,1.37
2018.02.20 13:22:56.472,8.08439,8.08595,1.00,1.37
2018.02.20 13:22:56.827,8.08434,8.08595,1.00,1.37
2018.02.20 13:22:56.878,8.08441,8.08595,1.00,1.37
2018.02.20 13:22:56.929,8.08434,8.08595,1.00,1.37
2018.02.20 13:22:56.980,8.08442,8.08595,1.00,1.37
2018.02.20 13:22:57.083,8.08434,8.08595,1.00,1.37
2018.02.20 13:22:57.134,8.08441,8.08595,1.00,1.37
2018.02.20 13:22:57.236,8.08434,8.08595,1.00,1.37
2018.02.20 13:22:57.832,8.08434,8.08595,1.00,1.37
2018.02.20 13:22:59.133,8.08448,8.08606,1.00,1.75
2018.02.20 13:22:59.817,8.08447,8.08606,1.00,1.75
2018.02.20 13:22:59.868,8.08441,8.08602,1.00,1.75
2018.02.20 13:23:00.166,8.08437,8.08598,1.00,1.37
2018.02.20 13:23:00.614,8.08433,8.08594,1.00,1.37
2018.02.20 13:23:00.665,8.08433,8.08594,1.00,1.75
2018.02.20 13:23:03.185,8.08449,8.0861,1.00,1.75
2018.02.20 13:23:03.529,8.08455,8.08614,1.00,1.75
2018.02.20 13:23:04.508,8.08455,8.08614,1.00,1.37
2018.02.20 13:23:04.829,8.08439,8.086,1.00,1.00
2018.02.20 13:23:04.925,8.08438,8.08602,1.00,1.12
2018.02.20 13:23:04.976,8.08438,8.08584,1.00,1.00
2018.02.20 13:23:05.401,8.08438,8.08579,1.00,1.00
2018.02.20 13:23:05.893,8.08438,8.08583,1.00,1.00
2018.02.20 13:23:05.945,8.08438,8.08588,1.00,1.00
2018.02.20 13:23:06.047,8.08438,8.08592,1.00,1.37
2018.02.20 13:23:08.160,8.08438,8.08588,1.00,1.50
2018.02.20 13:23:08.844,8.08423,8.08584,1.50,1.37
2018.02.20 13:23:10.442,8.08423,8.08584,1.50,1.37
2018.02.20 13:23:11.707,8.08414,8.08575,1.00,1.37
2018.02.20 13:23:12.017,8.08411,8.0857,1.00,1.00
2018.02.20 13:23:12.285,8.08407,8.08561,1.00,1.00
2018.02.20 13:23:12.336,8.08391,8.08552,1.00,1.00
2018.02.20 13:23:12.861,8.08387,8.08548,1.00,1.00
2018.02.20 13:23:13.209,8.08362,8.08523,1.00,1.00
2018.02.20 13:23:14.197,8.08364,8.08526,1.00,1.37
2018.02.20 13:23:14.815,8.08379,8.08534,1.00,1.37
2018.02.20 13:23:15.722,8.0838,8.08542,1.00,1.75
2018.02.20 13:23:15.875,8.08368,8.08529,1.00,1.37
2018.02.20 13:23:16.337,8.08368,8.08529,1.00,1.37
2018.02.20 13:23:16.494,8.08361,8.08522,1.00,1.00
2018.02.20 13:23:16.546,8.08359,8.08521,1.00,1.00
2018.02.20 13:23:16.751,8.08418,8.08543,2.10,1.75
2018.02.20 13:23:16.907,8.0849,8.08597,1.00,1.00
2018.02.20 13:23:16.958,8.08468,8.08606,1.00,1.00
2018.02.20 13:23:17.010,8.08493,8.08606,1.00,1.00
2018.02.20 13:23:17.062,8.08476,8.08606,1.00,1.00
2018.02.20 13:23:17.115,8.08481,8.08606,1.00,1.00
2018.02.20 13:23:17.167,8.08476,8.08606,1.00,1.00
2018.02.20 13:23:17.269,8.08476,8.08636,1.00,1.37
2018.02.20 13:23:17.320,8.08478,8.0864,1.50,1.37
2018.02.20 13:23:17.562,8.08448,8.08609,1.00,1.00
2018.02.20 13:23:17.613,8.08447,8.08598,1.00,1.00
2018.02.20 13:23:17.996,8.08445,8.08602,1.00,1.37
2018.02.20 13:23:18.047,8.08448,8.08609,1.00,1.37
2018.02.20 13:23:18.353,8.08507,8.08662,1.00,1.75
2018.02.20 13:23:19.430,8.08507,8.08668,1.00,1.37
2018.02.20 13:23:19.691,8.08488,8.08646,1.00,1.00
2018.02.20 13:23:19.743,8.08479,8.08629,1.00,1.37
2018.02.20 13:23:19.887,8.0847,8.08614,1.00,1.00
2018.02.20 13:23:19.938,8.0847,8.08618,1.00,1.12
2018.02.20 13:23:20.143,8.08461,8.08622,1.00,1.87
2018.02.20 13:23:20.195,8.08452,8.08608,1.00,1.00
2018.02.20 13:23:20.726,8.08452,8.08612,1.00,1.00
2018.02.20 13:23:21.259,8.08452,8.08612,1.00,1.37
2018.02.20 13:23:22.448,8.08452,8.08612,1.00,1.50
2018.02.20 13:23:22.799,8.08418,8.08568,1.00,1.37
2018.02.20 13:23:22.850,8.08399,8.08552,1.00,1.00
2018.02.20 13:23:22.904,8.08399,8.08547,1.00,1.00
2018.02.20 13:23:22.955,8.08399,8.08552,1.00,1.00
2018.02.20 13:23:23.117,8.08399,8.0855,1.00,1.00
2018.02.20 13:23:23.731,8.08399,8.08546,1.00,1.00
2018.02.20 13:23:24.057,8.08385,8.08546,1.00,1.50
2018.02.20 13:23:24.196,8.08378,8.08531,1.00,1.00
2018.02.20 13:23:24.247,8.08361,8.08516,1.00,1.00
2018.02.20 13:23:24.350,8.08361,8.08519,1.00,1.00
2018.02.20 13:23:24.609,8.08361,8.08512,1.00,1.00
2018.02.20 13:23:25.374,8.08361,8.08522,1.50,1.37
2018.02.20 13:23:25.565,8.08364,8.08525,1.00,1.37
2018.02.20 13:23:26.596,8.08364,8.08525,1.00,1.37
2018.02.20 13:23:27.318,8.08361,8.08521,1.00,1.37
2018.02.20 13:23:27.664,8.08361,8.08521,1.00,1.37
2018.02.20 13:23:28.115,8.08372,8.08534,1.00,2.25
2018.02.20 13:23:28.397,8.08364,8.08526,1.00,1.37
2018.02.20 13:23:28.449,8.08361,8.08519,1.00,1.00
2018.02.20 13:23:28.500,8.08361,8.08516,1.00,1.00
2018.02.20 13:23:29.132,8.08361,8.08516,1.00,1.37
2018.02.20 13:23:30.248,8.08363,8.08524,1.00,1.50
2018.02.20 13:23:30.553,8.08388,8.08549,1.00,1.75
2018.02.20 13:23:31.691,8.08388,8.08549,1.00,1.37
2018.02.20 13:23:32.402,8.08381,8.08542,1.00,1.00
2018.02.20 13:23:32.457,8.08378,8.08518,1.00,1.00
2018.02.20 13:23:32.508,8.08365,8.0852,1.00,1.00
2018.02.20 13:23:32.679,8.0836,8.08515,1.00,1.00
2018.02.20 13:23:32.983,8.08356,8.08508,1.00,1.00
2018.02.20 13:23:33.641,8.08385,8.0854,1.00,1.75
2018.02.20 13:23:33.692,8.08406,8.08561,1.00,1.37
2018.02.20 13:23:33.950,8.08399,8.08534,1.00,1.00
2018.02.20 13:23:34.001,8.08381,8.08532,1.00,1.00
2018.02.20 13:23:34.053,8.08383,8.08538,1.00,1.00
2018.02.20 13:23:34.482,8.08366,8.08521,1.50,1.00
2018.02.20 13:23:34.795,8.08366,8.08519,1.00,1.00
2018.02.20 13:23:35.137,8.08364,8.08513,1.00,1.00
2018.02.20 13:23:35.445,8.08364,8.08509,1.00,1.00
2018.02.20 13:23:35.649,8.08364,8.08512,1.00,1.00
2018.02.20 13:23:35.803,8.0838,8.08512,1.00,1.37
2018.02.20 13:23:36.132,8.08382,8.08525,1.00,1.37
2018.02.20 13:23:38.137,8.08382,8.08525,1.00,1.37
2018.02.20 13:23:40.597,8.08357,8.08527,1.00,1.75
2018.02.20 13:23:40.876,8.08378,8.08538,1.00,1.87
2018.02.20 13:23:40.928,8.08395,8.08559,1.00,1.75
2018.02.20 13:23:41.589,8.08374,8.08544,1.00,1.75
2018.02.20 13:23:43.698,8.08374,8.08541,1.00,1.75
2018.02.20 13:23:45.270,8.08359,8.08527,1.00,1.50
2018.02.20 13:23:45.636,8.08359,8.08518,1.00,1.87
2018.02.20 13:23:45.892,8.08334,8.08502,1.00,1.75
2018.02.20 13:23:45.944,8.08347,8.08518,1.00,1.87
2018.02.20 13:23:46.937,8.08347,8.0852,1.00,1.75
2018.02.20 13:23:47.185,8.08368,8.08531,1.00,1.87
2018.02.20 13:23:47.498,8.0837,8.08531,1.00,1.87
2018.02.20 13:23:49.021,8.0837,8.08538,1.00,1.75
2018.02.20 13:23:49.728,8.08385,8.08552,1.00,1.87
2018.02.20 13:23:50.037,8.08387,8.0855,1.00,1.75
2018.02.20 13:23:51.042,8.08369,8.08529,1.00,1.75
2018.02.20 13:23:52.161,8.08369,8.08539,1.00,1.75
2018.02.20 13:23:53.853,8.08369,8.08532,1.00,1.75
2018.02.20 13:23:54.909,8.08346,8.08513,1.00,1.75
2018.02.20 13:23:54.960,8.08317,8.08487,1.00,1.75
2018.02.20 13:23:55.689,8.08315,8.08488,1.00,1.75
2018.02.20 13:23:56.145,8.08315,8.08488,1.00,1.75
2018.02.20 13:23:56.992,8.08316,8.08488,1.00,1.75
2018.02.20 13:23:57.340,8.08327,8.08488,1.00,1.75
2018.02.20 13:23:57.442,8.0832,8.08488,1.00,1.75
2018.02.20 13:23:57.494,8.08323,8.08488,1.00,1.75
2018.02.20 13:23:57.545,8.08315,8.08488,1.00,1.75
2018.02.20 13:23:57.949,8.08318,8.08488,1.00,1.75
2018.02.20 13:23:58.058,8.08315,8.08488,1.00,1.75
2018.02.20 13:23:58.917,8.08331,8.08495,1.00,1.75
2018.02.20 13:23:58.968,8.08313,8.08485,1.00,1.75
2018.02.20 13:24:00.220,8.08313,8.08486,1.00,1.75
2018.02.20 13:24:00.576,8.08329,8.08502,1.00,1.75
2018.02.20 13:24:01.206,8.08338,8.08502,1.00,1.75
2018.02.20 13:24:01.860,8.08334,8.08502,1.00,1.37
2018.02.20 13:24:02.240,8.08329,8.08502,1.00,1.37
2018.02.20 13:24:03.488,8.08329,8.08502,1.00,1.75
2018.02.20 13:24:03.656,8.08308,8.08481,1.00,1.50
2018.02.20 13:24:05.516,8.08308,8.08431,1.00,1.00
2018.02.20 13:24:05.567,8.08244,8.08423,1.00,1.12
2018.02.20 13:24:05.619,8.08263,8.08399,1.00,1.00
2018.02.20 13:24:05.749,8.08228,8.08376,1.00,1.00
2018.02.20 13:24:05.800,8.08212,8.08372,1.00,1.00
2018.02.20 13:24:05.850,8.08212,8.08394,1.00,2.25
2018.02.20 13:24:06.154,8.08215,8.084,1.00,2.25
2018.02.20 13:24:06.542,8.08218,8.084,1.00,1.75
2018.02.20 13:24:06.847,8.08223,8.08401,1.00,1.87
2018.02.20 13:24:07.462,8.08223,8.084,1.00,1.75
2018.02.20 13:24:07.564,8.08207,8.08391,1.00,1.75
2018.02.20 13:24:07.615,8.08205,8.08399,1.00,1.75
2018.02.20 13:24:07.819,8.08187,8.0838,1.00,1.37
2018.02.20 13:24:07.871,8.08187,8.08356,1.00,1.00
2018.02.20 13:24:08.206,8.08169,8.08353,1.00,1.75
2018.02.20 13:24:08.733,8.08172,8.08354,1.00,1.75
2018.02.20 13:24:08.784,8.08165,8.08347,1.50,1.75
2018.02.20 13:24:09.125,8.08171,8.0833,1.00,1.37
2018.02.20 13:24:09.177,8.08171,8.0833,1.00,1.37
2018.02.20 13:24:09.316,8.08192,8.08372,1.00,1.87
2018.02.20 13:24:09.419,8.08212,8.08382,1.00,1.50
2018.02.20 13:24:09.574,8.08193,8.08385,1.00,1.75
2018.02.20 13:24:09.625,8.08193,8.08372,1.00,1.87
2018.02.20 13:24:10.224,8.08194,8.08353,1.00,1.75
2018.02.20 13:24:10.804,8.08193,8.08351,1.00,1.75
2018.02.20 13:24:11.058,8.08193,8.08351,1.00,1.37
2018.02.20 13:24:11.630,8.08195,8.08354,1.00,1.37
2018.02.20 13:24:11.681,8.08181,8.0834,1.00,1.00
2018.02.20 13:24:11.782,8.08174,8.08333,1.00,1.00
2018.02.20 13:24:12.124,8.08173,8.08321,1.00,1.00
2018.02.20 13:24:12.490,8.08173,8.08327,1.00,1.00
2018.02.20 13:24:12.541,8.08173,8.08323,1.00,1.37
2018.02.20 13:24:13.542,8.08175,8.08334,1.00,1.37
2018.02.20 13:24:13.888,8.08189,8.08348,1.00,1.37
2018.02.20 13:24:13.940,8.08191,8.08348,1.00,1.37
2018.02.20 13:24:14.479,8.08144,8.08294,1.00,1.00
2018.02.20 13:24:14.530,8.08144,8.08277,1.00,1.00
2018.02.20 13:24:14.586,8.08144,8.08294,1.00,1.00
2018.02.20 13:24:14.638,8.08144,8.08275,1.00,1.00
2018.02.20 13:24:14.787,8.08144,8.0833,1.00,1.00
2018.02.20 13:24:14.839,8.08165,8.0833,1.00,1.00
2018.02.20 13:24:14.890,8.08165,8.08359,1.00,1.50
2018.02.20 13:24:14.999,8.08188,8.08345,1.00,1.00
2018.02.20 13:24:15.325,8.08182,8.08334,1.00,1.00
2018.02.20 13:24:15.695,8.08182,8.0833,1.00,1.00
2018.02.20 13:24:16.008,8.08182,8.08334,1.00,1.00
2018.02.20 13:24:16.924,8.08182,8.08328,1.00,1.00
2018.02.20 13:24:17.076,8.08166,8.08317,1.00,1.00
2018.02.20 13:24:17.525,8.08168,8.08325,1.00,1.00
2018.02.20 13:24:17.674,8.08172,8.08329,1.00,1.00
2018.02.20 13:24:18.000,8.08172,8.08329,1.00,1.37
2018.02.20 13:24:18.526,8.08175,8.08332,1.00,1.75
2018.02.20 13:24:19.393,8.08175,8.08332,1.00,1.37
2018.02.20 13:24:19.857,8.08179,8.08336,1.00,1.37
2018.02.20 13:24:20.455,8.08184,8.08341,1.00,1.37
2018.02.20 13:24:20.745,8.08131,8.08281,1.00,1.37
2018.02.20 13:24:20.797,8.08124,8.08281,1.00,1.37
2018.02.20 13:24:21.815,8.08128,8.08285,1.00,1.37
2018.02.20 13:24:22.121,8.08142,8.08297,1.00,1.75
2018.02.20 13:24:23.196,8.08142,8.08297,1.00,1.37
2018.02.20 13:24:23.534,8.08149,8.08306,1.00,1.50
2018.02.20 13:24:23.636,8.08145,8.08302,1.00,1.37
2018.02.20 13:24:24.765,8.08162,8.08319,1.00,1.37
2018.02.20 13:24:24.816,8.08166,8.08323,1.00,1.37
2018.02.20 13:24:27.194,8.08162,8.08319,1.00,1.37
2018.02.20 13:24:27.245,8.08156,8.08313,1.00,1.12
2018.02.20 13:24:27.296,8.08153,8.0831,1.00,1.00
2018.02.20 13:24:27.774,8.08149,8.08306,1.00,1.00
2018.02.20 13:24:28.083,8.08147,8.08302,1.00,1.00
2018.02.20 13:24:28.443,8.08138,8.08295,1.00,1.37
2018.02.20 13:24:29.310,8.08133,8.0829,1.00,1.37
2018.02.20 13:24:29.514,8.08133,8.0829,1.00,1.37
2018.02.20 13:24:30.617,8.08129,8.08286,1.00,1.37
2018.02.20 13:24:30.669,8.08135,8.08291,1.00,1.37
2018.02.20 13:24:33.001,8.08135,8.08291,1.00,1.37
2018.02.20 13:24:33.325,8.08137,8.08294,1.00,1.75
2018.02.20 13:24:33.477,8.08134,8.08306,1.00,1.75
2018.02.20 13:24:34.103,8.08149,8.08306,1.00,1.75
2018.02.20 13:24:34.154,8.08149,8.08306,1.00,1.75
2018.02.20 13:24:35.662,8.08149,8.08304,1.00,1.37
2018.02.20 13:24:36.819,8.08154,8.08311,1.00,1.37
2018.02.20 13:24:37.408,8.08154,8.08311,1.00,1.37
2018.02.20 13:24:38.027,8.08149,8.08304,1.00,1.12
2018.02.20 13:24:38.079,8.08149,8.0829,1.00,1.00
2018.02.20 13:24:38.284,8.08149,8.08293,1.00,1.00
2018.02.20 13:24:38.441,8.08149,8.08302,1.00,1.00
2018.02.20 13:24:38.839,8.0815,8.08307,1.00,1.37
2018.02.20 13:24:38.891,8.08154,8.08311,1.00,1.37
2018.02.20 13:24:39.200,8.08172,8.08314,1.00,1.37
2018.02.20 13:24:40.245,8.08172,8.08322,1.00,1.37
2018.02.20 13:24:40.652,8.08172,8.08307,1.00,1.00
2018.02.20 13:24:40.747,8.08152,8.08307,1.00,1.00
2018.02.20 13:24:41.970,8.08152,8.08307,1.00,1.75
2018.02.20 13:24:42.875,8.08133,8.08289,1.00,1.00
2018.02.20 13:24:43.244,8.08133,8.08289,1.00,1.37
2018.02.20 13:24:44.088,8.08139,8.08296,1.00,1.37
2018.02.20 13:24:44.608,8.08138,8.08301,1.00,1.37
2018.02.20 13:24:44.817,8.08133,8.0829,1.00,1.37
2018.02.20 13:24:45.654,8.08133,8.08285,1.00,1.37
2018.02.20 13:24:45.809,8.08133,8.08276,1.00,1.00
2018.02.20 13:24:47.061,8.081,8.0821,1.00,1.00
2018.02.20 13:24:47.113,8.0806,8.08223,1.00,1.00
2018.02.20 13:24:47.164,8.08057,8.08199,1.00,1.00
2018.02.20 13:24:47.385,8.08055,8.08199,1.00,1.00
2018.02.20 13:24:48.600,8.08055,8.08211,1.00,1.37
2018.02.20 13:24:48.651,8.08073,8.08229,1.00,1.00
2018.02.20 13:24:48.702,8.08098,8.08235,1.00,1.75
2018.02.20 13:24:50.205,8.08098,8.08227,1.00,1.00
2018.02.20 13:24:51.638,8.08098,8.08227,1.00,1.37
2018.02.20 13:24:52.425,8.08083,8.08232,1.00,1.37
2018.02.20 13:24:52.780,8.08083,8.08223,1.00,1.00
2018.02.20 13:24:53.151,8.08083,8.08234,1.00,1.37
2018.02.20 13:24:53.900,8.08083,8.08255,1.00,1.75
2018.02.20 13:24:54.244,8.08102,8.08267,1.00,1.87
2018.02.20 13:24:54.697,8.08123,8.08282,1.00,1.75
2018.02.20 13:24:54.849,8.08108,8.08282,1.00,1.75
2018.02.20 13:24:55.148,8.08113,8.08269,1.00,1.37
2018.02.20 13:24:55.452,8.08117,8.08278,1.00,1.75
2018.02.20 13:24:55.756,8.08131,8.0828,1.00,1.75
2018.02.20 13:24:56.329,8.08131,8.08288,1.00,1.37
2018.02.20 13:24:57.900,8.08131,8.08291,1.00,1.75
2018.02.20 13:24:58.128,8.08117,8.08273,1.00,1.37
2018.02.20 13:24:58.179,8.08117,8.08261,1.00,1.00
2018.02.20 13:24:58.282,8.08117,8.08263,1.00,1.00
2018.02.20 13:24:58.339,8.08101,8.08263,1.00,1.00
2018.02.20 13:24:58.398,8.08101,8.08257,1.00,1.00
2018.02.20 13:24:58.704,8.08101,8.08268,1.00,1.75
2018.02.20 13:24:59.603,8.08105,8.08267,1.00,1.75
2018.02.20 13:24:59.654,8.08101,8.08267,1.50,1.75
2018.02.20 13:25:00.378,8.08102,8.08267,1.00,1.75
2018.02.20 13:25:00.759,8.08101,8.08268,1.00,1.75
2018.02.20 13:25:00.871,8.08105,8.08268,1.00,1.75
2018.02.20 13:25:01.176,8.08163,8.08295,1.00,1.75
2018.02.20 13:25:02.608,8.08163,8.08297,1.00,1.37
2018.02.20 13:25:03.802,8.08163,8.08297,1.00,1.12
2018.02.20 13:25:04.948,8.08163,8.08307,1.00,1.37
2018.02.20 13:25:05.255,8.0825,8.08385,1.00,1.37
2018.02.20 13:25:05.402,8.08228,8.08386,1.50,1.37
2018.02.20 13:25:05.453,8.08255,8.08386,1.00,1.37
2018.02.20 13:25:05.505,8.08253,8.08416,1.00,1.75
2018.02.20 13:25:06.288,8.08273,8.08411,1.00,1.75
2018.02.20 13:25:06.339,8.08273,8.0842,1.00,1.75
2018.02.20 13:25:06.491,8.08255,8.08396,1.00,1.00
2018.02.20 13:25:06.592,8.08255,8.08392,1.00,1.00
2018.02.20 13:25:06.877,8.08255,8.084,1.00,1.50
2018.02.20 13:25:08.036,8.08255,8.08399,1.00,1.00
2018.02.20 13:25:08.220,8.08255,8.08399,1.00,1.75
2018.02.20 13:25:08.924,8.08237,8.08391,1.00,1.37
2018.02.20 13:25:10.080,8.08237,8.08381,1.00,1.75
2018.02.20 13:25:10.444,8.08253,8.08403,1.00,1.75
2018.02.20 13:25:10.495,8.08253,8.08412,1.00,1.37
2018.02.20 13:25:11.121,8.08253,8.08398,1.00,1.00
2018.02.20 13:25:11.276,8.08253,8.08402,1.00,1.37
2018.02.20 13:25:11.707,8.08256,8.08413,1.00,1.37
2018.02.20 13:25:12.013,8.08269,8.08417,1.00,1.75
2018.02.20 13:25:12.471,8.08285,8.08425,1.00,1.75
2018.02.20 13:25:13.694,8.08285,8.08429,1.00,1.00
2018.02.20 13:25:13.746,8.08305,8.08474,1.00,1.75
2018.02.20 13:25:13.798,8.08323,8.08494,1.00,1.75
2018.02.20 13:25:13.850,8.0834,8.08494,1.00,1.75
2018.02.20 13:25:13.952,8.0834,8.08494,1.00,1.00
2018.02.20 13:25:14.055,8.0834,8.08513,1.00,1.50
2018.02.20 13:25:14.581,8.08341,8.08498,1.00,1.00
2018.02.20 13:25:15.184,8.0834,8.08494,1.00,1.00
2018.02.20 13:25:15.637,8.0834,8.08497,1.50,1.00
2018.02.20 13:25:15.940,8.08357,8.08502,1.00,1.37
2018.02.20 13:25:17.094,8.08372,8.08543,1.00,1.87
2018.02.20 13:25:17.980,8.0837,8.08525,1.00,1.75
2018.02.20 13:25:18.082,8.0837,8.08525,1.00,1.00
2018.02.20 13:25:18.857,8.0837,8.08521,1.00,1.00
2018.02.20 13:25:19.160,8.08367,8.08547,1.00,1.75
2018.02.20 13:25:19.211,8.08367,8.08547,1.00,1.75
2018.02.20 13:25:19.580,8.08374,8.08531,1.00,1.75
2018.02.20 13:25:19.732,8.08349,8.08493,1.00,1.00
2018.02.20 13:25:19.783,8.08349,8.08497,1.00,1.00
2018.02.20 13:25:19.835,8.08349,8.08501,1.00,1.00
2018.02.20 13:25:20.101,8.08349,8.0849,1.00,1.00
2018.02.20 13:25:20.152,8.08349,8.08492,1.00,1.00
2018.02.20 13:25:20.270,8.08349,8.08494,1.00,1.00
2018.02.20 13:25:20.819,8.08349,8.08486,1.00,1.00
2018.02.20 13:25:21.125,8.08332,8.08473,1.00,1.00
2018.02.20 13:25:21.176,8.08332,8.08477,1.00,1.00
2018.02.20 13:25:21.732,8.08332,8.08478,1.00,1.00
2018.02.20 13:25:21.944,8.08332,8.08478,1.00,1.37
2018.02.20 13:25:22.326,8.08332,8.08469,1.00,1.00
2018.02.20 13:25:22.529,8.08294,8.08446,1.00,1.00
2018.02.20 13:25:22.580,8.08294,8.08446,1.00,1.37
2018.02.20 13:25:22.885,8.08364,8.08514,1.00,1.00
2018.02.20 13:25:22.936,8.08386,8.08514,1.00,1.00
2018.02.20 13:25:23.084,8.08373,8.08551,1.00,1.00
2018.02.20 13:25:23.137,8.08414,8.08561,1.00,1.00
2018.02.20 13:25:23.290,8.08414,8.0857,1.00,1.37
2018.02.20 13:25:23.342,8.08433,8.08607,1.00,1.75
2018.02.20 13:25:23.393,8.08431,8.08607,1.00,1.75
2018.02.20 13:25:23.547,8.08431,8.08561,1.00,1.00
2018.02.20 13:25:23.731,8.08415,8.08561,1.00,1.00
2018.02.20 13:25:23.939,8.08415,8.08547,1.00,1.00
2018.02.20 13:25:23.990,8.08398,8.08541,1.00,1.00
2018.02.20 13:25:24.093,8.08398,8.08549,1.00,1.00
2018.02.20 13:25:24.405,8.08398,8.08549,1.00,1.37
2018.02.20 13:25:25.028,8.08399,8.08558,1.00,1.37
2018.02.20 13:25:25.333,8.08418,8.08562,1.00,1.37
2018.02.20 13:25:25.878,8.08437,8.08592,1.00,1.75
2018.02.20 13:25:26.236,8.08435,8.08545,1.00,1.00
2018.02.20 13:25:26.288,8.08435,8.08552,1.00,1.00
2018.02.20 13:25:26.444,8.08435,8.08572,1.00,1.37
2018.02.20 13:25:27.356,8.08435,8.08581,1.00,1.37
2018.02.20 13:25:28.158,8.08435,8.08574,1.00,1.00
2018.02.20 13:25:28.354,8.08435,8.08583,1.00,1.37
2018.02.20 13:25:28.508,8.08454,8.086,1.00,1.75
2018.02.20 13:25:28.559,8.08454,8.086,1.00,1.37
2018.02.20 13:25:29.038,8.08433,8.08552,1.00,1.00
2018.02.20 13:25:29.191,8.08433,8.08579,1.00,1.00
2018.02.20 13:25:29.242,8.08433,8.08583,1.00,1.00
2018.02.20 13:25:29.345,8.08433,8.0859,1.50,1.37
2018.02.20 13:25:29.761,8.08433,8.0859,1.50,1.00
2018.02.20 13:25:29.919,8.08453,8.08595,1.00,1.00
2018.02.20 13:25:29.970,8.08453,8.08597,1.00,1.00
2018.02.20 13:25:30.282,8.08459,8.08616,1.00,1.37
2018.02.20 13:25:30.334,8.0847,8.08616,1.00,1.37
2018.02.20 13:25:30.787,8.08483,8.08627,1.00,1.75
2018.02.20 13:25:30.838,8.08479,8.08627,1.00,1.00
2018.02.20 13:25:30.892,8.08497,8.08627,1.00,1.00
2018.02.20 13:25:30.943,8.08497,8.08645,1.00,1.00
2018.02.20 13:25:30.994,8.08501,8.08664,1.00,1.37
2018.02.20 13:25:31.045,8.0851,8.08664,1.00,1.37
2018.02.20 13:25:31.355,8.08514,8.08666,1.00,1.50
2018.02.20 13:25:31.659,8.08517,8.08666,1.00,1.50
2018.02.20 13:25:32.141,8.08522,8.08667,1.00,1.00
2018.02.20 13:25:32.295,8.08524,8.08667,1.00,1.00
2018.02.20 13:25:32.347,8.08524,8.08676,1.00,1.00
2018.02.20 13:25:32.565,8.08528,8.08676,1.00,1.00
2018.02.20 13:25:32.616,8.08526,8.08676,1.00,1.00
2018.02.20 13:25:32.667,8.08526,8.08679,1.00,1.37
2018.02.20 13:25:33.700,8.08526,8.08681,1.00,1.00
2018.02.20 13:25:33.847,8.08532,8.08682,1.00,1.00
2018.02.20 13:25:33.898,8.08532,8.08685,1.00,1.50
2018.02.20 13:25:33.950,8.08538,8.08685,1.00,1.00
2018.02.20 13:25:34.154,8.08536,8.08685,1.00,1.00
2018.02.20 13:25:34.257,8.0853,8.08687,1.00,1.37
2018.02.20 13:25:34.361,8.08529,8.08677,1.00,1.00
2018.02.20 13:25:34.565,8.08529,8.0868,1.00,1.00
2018.02.20 13:25:34.616,8.08536,8.0868,1.00,1.00
2018.02.20 13:25:34.933,8.08544,8.08701,1.00,1.37
2018.02.20 13:25:35.240,8.0855,8.08713,1.00,1.75
2018.02.20 13:25:35.291,8.08555,8.08713,1.00,1.00
2018.02.20 13:25:35.342,8.08561,8.08736,1.00,1.37
2018.02.20 13:25:35.493,8.08573,8.0873,1.00,1.37
2018.02.20 13:25:35.798,8.08592,8.08747,1.00,1.00
2018.02.20 13:25:35.849,8.08592,8.08738,1.00,1.00
2018.02.20 13:25:36.052,8.08565,8.08714,1.00,1.00
2018.02.20 13:25:36.181,8.08565,8.08716,1.00,1.00
2018.02.20 13:25:36.232,8.08567,8.08716,1.00,1.00
2018.02.20 13:25:36.574,8.08577,8.08734,1.00,1.37
2018.02.20 13:25:36.983,8.08584,8.08734,1.00,1.37
2018.02.20 13:25:37.084,8.08568,8.08725,1.00,1.37
2018.02.20 13:25:37.135,8.08567,8.08711,1.00,1.00
2018.02.20 13:25:37.237,8.08554,8.08711,1.00,1.00
2018.02.20 13:25:37.339,8.08551,8.08707,1.00,1.00
2018.02.20 13:25:37.648,8.08551,8.08702,1.00,1.00
2018.02.20 13:25:38.164,8.08541,8.08698,1.00,1.00
2018.02.20 13:25:38.216,8.08535,8.08685,1.00,1.00
2018.02.20 13:25:38.522,8.08535,8.08682,1.00,1.00
2018.02.20 13:25:39.135,8.08535,8.0868,1.00,1.00
2018.02.20 13:25:39.975,8.08535,8.08675,1.00,1.00
2018.02.20 13:25:41.694,8.08512,8.08604,1.00,1.00
2018.02.20 13:25:41.746,8.08465,8.08623,1.00,1.00
2018.02.20 13:25:41.798,8.08486,8.08645,1.00,1.00
2018.02.20 13:25:41.850,8.08487,8.08622,1.00,1.00
2018.02.20 13:25:42.002,8.08487,8.08636,1.00,1.00
2018.02.20 13:25:42.103,8.0849,8.08636,1.00,1.00
2018.02.20 13:25:42.486,8.0849,8.08632,1.00,1.00
2018.02.20 13:25:42.588,8.08458,8.08607,1.37,1.00
2018.02.20 13:25:43.123,8.08458,8.08607,1.00,1.00
2018.02.20 13:25:43.225,8.08458,8.08603,1.00,1.00
2018.02.20 13:25:43.275,8.08435,8.0859,1.00,1.00
2018.02.20 13:25:43.909,8.08435,8.08585,1.00,1.00
2018.02.20 13:25:44.212,8.08435,8.08591,1.00,1.00
2018.02.20 13:25:44.313,8.08441,8.08591,1.00,1.00
2018.02.20 13:25:47.194,8.08461,8.08599,1.00,1.00
2018.02.20 13:25:47.272,8.08461,8.08605,1.00,1.00
2018.02.20 13:25:47.481,8.08445,8.0859,1.00,1.00
2018.02.20 13:25:47.584,8.08427,8.08551,1.00,1.00
2018.02.20 13:25:47.635,8.08408,8.08535,1.00,1.00
2018.02.20 13:25:47.687,8.08393,8.08503,1.00,1.00
2018.02.20 13:25:47.789,8.08379,8.08496,1.00,1.00
2018.02.20 13:25:47.840,8.08379,8.0851,1.00,1.00
2018.02.20 13:25:47.891,8.08361,8.08468,1.00,1.00
2018.02.20 13:25:48.068,8.08346,8.08478,1.00,1.00
2018.02.20 13:25:48.170,8.08346,8.08474,1.00,1.00
2018.02.20 13:25:48.220,8.08344,8.08474,1.00,1.00
2018.02.20 13:25:48.322,8.08344,8.08478,1.00,1.00
2018.02.20 13:25:48.373,8.08344,8.08482,1.00,1.00
2018.02.20 13:25:48.474,8.08344,8.08478,1.00,1.00
2018.02.20 13:25:48.643,8.08344,8.08483,1.00,1.00
2018.02.20 13:25:49.061,8.08363,8.08494,1.00,1.00
2018.02.20 13:25:49.163,8.08363,8.08535,1.00,1.75
2018.02.20 13:25:49.318,8.08363,8.08508,1.00,1.00
2018.02.20 13:25:49.630,8.08363,8.08513,1.00,1.00
2018.02.20 13:25:49.926,8.08363,8.08515,1.00,1.00
2018.02.20 13:25:50.028,8.08363,8.0852,1.00,1.37
2018.02.20 13:25:51.025,8.08365,8.08529,1.00,1.37
2018.02.20 13:25:51.668,8.08365,8.08529,1.00,1.37
2018.02.20 13:25:51.719,8.08378,8.08529,1.00,1.37
2018.02.20 13:25:52.066,8.08401,8.08545,1.00,1.75
2018.02.20 13:25:52.277,8.08402,8.08548,1.00,1.00
2018.02.20 13:25:53.176,8.08402,8.08535,1.00,1.37
2018.02.20 13:25:53.228,8.08384,8.0853,1.00,1.37
2018.02.20 13:25:54.161,8.08405,8.0855,1.00,1.75
2018.02.20 13:25:55.212,8.08405,8.08564,1.00,1.37
2018.02.20 13:25:55.979,8.08413,8.08575,1.00,1.37
2018.02.20 13:25:56.282,8.08461,8.08606,1.00,1.37
2018.02.20 13:25:57.396,8.08462,8.08625,1.00,1.37
2018.02.20 13:25:57.478,8.08481,8.08625,1.00,1.37
2018.02.20 13:25:57.782,8.08505,8.08649,1.00,1.75
2018.02.20 13:25:58.352,8.08504,8.08652,1.00,1.75
2018.02.20 13:25:58.777,8.08504,8.08652,1.00,1.37
2018.02.20 13:25:59.974,8.08504,8.08658,1.00,1.37
2018.02.20 13:26:00.127,8.08524,8.08697,1.00,2.25
2018.02.20 13:26:00.229,8.08533,8.08697,1.00,1.37
2018.02.20 13:26:00.281,8.08544,8.08699,1.00,1.37
2018.02.20 13:26:00.618,8.08554,8.08715,1.00,1.75
2018.02.20 13:26:00.928,8.08557,8.08719,1.00,1.75
2018.02.20 13:26:01.293,8.08562,8.08722,1.00,1.75
2018.02.20 13:26:01.637,8.08565,8.08727,1.50,1.75
2018.02.20 13:26:01.742,8.08584,8.08765,1.00,1.87
2018.02.20 13:26:01.845,8.08586,8.08765,1.00,1.87
2018.02.20 13:26:02.153,8.08591,8.08753,1.00,1.75
2018.02.20 13:26:02.366,8.08586,8.08747,1.00,1.75
2018.02.20 13:26:02.980,8.0859,8.08751,1.00,1.75
2018.02.20 13:26:03.082,8.0859,8.08751,1.00,1.37
2018.02.20 13:26:03.197,8.08596,8.08757,1.00,1.37
2018.02.20 13:26:03.636,8.08578,8.08749,1.00,1.00
2018.02.20 13:26:03.687,8.08559,8.08707,1.00,1.00
2018.02.20 13:26:03.738,8.08542,8.08701,1.00,1.00
2018.02.20 13:26:03.790,8.08542,8.08694,1.00,1.37
2018.02.20 13:26:04.144,8.08547,8.08708,1.00,1.75
2018.02.20 13:26:05.063,8.08547,8.08699,1.00,1.37
2018.02.20 13:26:05.697,8.08547,8.08689,1.00,1.00
2018.02.20 13:26:05.748,8.08531,8.08689,1.00,1.00
2018.02.20 13:26:06.552,8.08531,8.08689,1.00,1.75
2018.02.20 13:26:08.014,8.08531,8.08673,1.00,1.37
2018.02.20 13:26:08.067,8.08514,8.08665,1.00,1.37
2018.02.20 13:26:08.272,8.08517,8.0868,1.00,1.37
2018.02.20 13:26:08.648,8.0852,8.08684,1.00,1.75
2018.02.20 13:26:09.369,8.08517,8.0867,1.00,1.37
2018.02.20 13:26:09.421,8.08514,8.08632,1.00,1.00
2018.02.20 13:26:09.686,8.08514,8.08644,1.00,1.00
2018.02.20 13:26:10.421,8.08514,8.08649,1.00,1.00
2018.02.20 13:26:10.634,8.08514,8.08653,1.00,1.00
2018.02.20 13:26:10.686,8.08514,8.08667,1.00,1.37
2018.02.20 13:26:11.091,8.08516,8.08671,1.00,1.37
2018.02.20 13:26:12.160,8.08531,8.08675,1.00,1.37
2018.02.20 13:26:12.565,8.0855,8.08697,1.00,1.75
2018.02.20 13:26:13.073,8.0853,8.0867,1.00,1.37
2018.02.20 13:26:13.731,8.0853,8.08678,1.00,1.00
2018.02.20 13:26:14.033,8.08532,8.08685,1.00,1.37
2018.02.20 13:26:14.135,8.0854,8.08695,1.00,1.37
2018.02.20 13:26:14.442,8.08557,8.08698,1.00,1.00
2018.02.20 13:26:14.493,8.08557,8.08705,1.00,1.00
2018.02.20 13:26:14.700,8.08559,8.08712,1.00,1.00
2018.02.20 13:26:14.928,8.08562,8.08717,1.00,1.37
2018.02.20 13:26:15.680,8.08562,8.08717,1.00,1.12
2018.02.20 13:26:16.279,8.08578,8.08731,1.00,1.50
2018.02.20 13:26:16.452,8.08582,8.08737,1.00,1.00
2018.02.20 13:26:16.952,8.08594,8.08714,1.00,1.00
2018.02.20 13:26:17.003,8.08573,8.08752,1.00,1.00
2018.02.20 13:26:17.054,8.08573,8.08744,1.00,1.00
2018.02.20 13:26:17.105,8.08573,8.08748,1.00,1.00
2018.02.20 13:26:17.208,8.08573,8.08751,1.00,1.00
2018.02.20 13:26:17.272,8.08573,8.0871,1.00,1.00
2018.02.20 13:26:17.386,8.08573,8.08725,1.00,1.00
2018.02.20 13:26:17.438,8.08574,8.08729,1.00,1.00
2018.02.20 13:26:17.489,8.08573,8.08725,1.00,1.00
2018.02.20 13:26:17.540,8.08575,8.08729,1.00,1.00
2018.02.20 13:26:17.709,8.0858,8.08735,1.00,1.00
2018.02.20 13:26:17.811,8.08584,8.08739,1.00,1.00
2018.02.20 13:26:18.246,8.08594,8.08743,1.00,1.00
2018.02.20 13:26:19.374,8.08594,8.08738,1.00,1.00
2018.02.20 13:26:19.597,8.08641,8.08787,1.00,1.00
2018.02.20 13:26:19.648,8.08641,8.08819,1.00,1.75
2018.02.20 13:26:19.699,8.08641,8.08772,1.00,1.00
2018.02.20 13:26:20.003,8.08607,8.08754,1.00,1.37
2018.02.20 13:26:20.054,8.08607,8.0874,1.00,1.00
2018.02.20 13:26:20.382,8.08582,8.08705,1.00,1.00
2018.02.20 13:26:20.484,8.08563,8.08699,1.00,1.00
2018.02.20 13:26:21.682,8.08563,8.08699,1.00,1.37
2018.02.20 13:26:22.356,8.08542,8.08697,1.50,1.37
2018.02.20 13:26:22.427,8.08542,8.08691,1.00,1.00
2018.02.20 13:26:22.942,8.08542,8.08679,1.00,1.00
2018.02.20 13:26:23.183,8.08542,8.08688,1.00,1.00
2018.02.20 13:26:23.471,8.08542,8.08692,1.00,1.00
2018.02.20 13:26:23.609,8.08542,8.08683,1.00,1.37
2018.02.20 13:26:24.221,8.08542,8.08687,1.00,1.00
2018.02.20 13:26:24.613,8.08542,8.08667,1.00,1.00
2018.02.20 13:26:24.922,8.08502,8.08645,1.00,1.00
2018.02.20 13:26:24.973,8.08502,8.08649,1.00,1.00
2018.02.20 13:26:25.024,8.08503,8.08656,1.00,1.00
2018.02.20 13:26:25.075,8.08506,8.08661,1.00,1.00
2018.02.20 13:26:25.402,8.08523,8.08668,1.00,1.37
2018.02.20 13:26:26.027,8.08526,8.08671,1.00,1.75
2018.02.20 13:26:26.179,8.08543,8.0868,1.00,1.37
2018.02.20 13:26:26.799,8.0854,8.08653,1.00,1.37
2018.02.20 13:26:27.104,8.08507,8.08622,1.00,1.37
2018.02.20 13:26:27.620,8.08524,8.08637,1.00,1.75
2018.02.20 13:26:27.723,8.08524,8.08641,1.00,1.00
2018.02.20 13:26:27.928,8.08524,8.08647,1.00,1.00
2018.02.20 13:26:28.030,8.08524,8.08651,1.00,1.00
2018.02.20 13:26:28.192,8.08524,8.08647,1.00,1.00
2018.02.20 13:26:28.243,8.08524,8.08659,1.00,1.37
2018.02.20 13:26:29.454,8.08524,8.0866,1.00,1.00
2018.02.20 13:26:29.555,8.08546,8.08684,1.00,1.00
2018.02.20 13:26:29.606,8.08546,8.08688,1.00,1.37
2018.02.20 13:26:29.707,8.0857,8.08702,1.00,1.75
2018.02.20 13:26:29.758,8.0857,8.0871,1.00,1.00
2018.02.20 13:26:29.860,8.0857,8.08714,1.00,1.00
2018.02.20 13:26:29.911,8.0857,8.0872,1.50,1.00
2018.02.20 13:26:29.962,8.0859,8.0872,1.00,1.00
2018.02.20 13:26:30.013,8.0859,8.08725,1.00,1.12
2018.02.20 13:26:30.459,8.0859,8.08721,1.00,1.00
2018.02.20 13:26:30.772,8.0859,8.08712,1.00,1.00
2018.02.20 13:26:31.092,8.0859,8.0872,1.00,1.00
2018.02.20 13:26:31.810,8.0859,8.08716,1.00,1.00
2018.02.20 13:26:32.753,8.0859,8.0872,1.00,1.37
2018.02.20 13:26:33.861,8.0859,8.08727,1.00,1.00
2018.02.20 13:26:34.074,8.0859,8.08713,1.00,1.00
2018.02.20 13:26:34.381,8.08588,8.08707,1.00,1.00
2018.02.20 13:26:34.720,8.08588,8.08704,1.00,1.00
2018.02.20 13:26:35.101,8.08588,8.08702,1.00,1.00
2018.02.20 13:26:36.476,8.08588,8.08708,1.00,1.00
2018.02.20 13:26:36.528,8.08588,8.08712,1.00,1.37
2018.02.20 13:26:36.631,8.08588,8.0872,1.00,1.00
2018.02.20 13:26:36.682,8.08588,8.08729,1.00,1.00
2018.02.20 13:26:37.508,8.08588,8.08725,1.00,1.00
2018.02.20 13:26:37.854,8.08588,8.08703,1.00,1.00
2018.02.20 13:26:38.484,8.08588,8.08706,1.00,1.00
2018.02.20 13:26:39.573,8.08588,8.08718,1.00,1.37
2018.02.20 13:26:40.772,8.08588,8.08723,1.00,1.37
2018.02.20 13:26:41.136,8.08604,8.08726,1.00,1.37
2018.02.20 13:26:41.239,8.08604,8.08739,1.00,1.00
2018.02.20 13:26:41.290,8.08604,8.08733,1.00,1.00
2018.02.20 13:26:41.392,8.08604,8.08736,1.00,1.00
2018.02.20 13:26:41.753,8.08604,8.08732,1.00,1.00
2018.02.20 13:26:42.129,8.08604,8.08729,1.00,1.00
2018.02.20 13:26:42.294,8.08604,8.08734,1.00,1.37
2018.02.20 13:26:43.760,8.08604,8.08729,1.00,1.00
2018.02.20 13:26:44.016,8.08604,8.08737,1.00,1.37
2018.02.20 13:26:45.561,8.08604,8.08742,1.00,1.37
2018.02.20 13:26:45.674,8.08604,8.08724,1.00,1.00
2018.02.20 13:26:45.850,8.08604,8.08723,1.00,1.00
2018.02.20 13:26:45.901,8.08604,8.08737,1.00,1.00
2018.02.20 13:26:46.106,8.08627,8.08754,1.00,1.37
2018.02.20 13:26:46.410,8.08643,8.08769,1.00,1.75
2018.02.20 13:26:46.629,8.08643,8.08778,1.00,1.00
2018.02.20 13:26:47.021,8.08643,8.08774,1.00,1.00
2018.02.20 13:26:47.328,8.08603,8.08727,1.00,1.00
2018.02.20 13:26:47.439,8.08603,8.08729,1.00,1.00
2018.02.20 13:26:47.490,8.08591,8.08725,1.00,1.00
2018.02.20 13:26:48.211,8.08591,8.08731,1.00,1.00
2018.02.20 13:26:48.262,8.08591,8.08742,1.00,1.37
2018.02.20 13:26:48.416,8.08608,8.08742,1.00,1.37
2018.02.20 13:26:48.622,8.08602,8.08755,1.00,1.37
2018.02.20 13:26:48.673,8.08596,8.08726,1.00,1.37
2018.02.20 13:26:48.983,8.08596,8.08703,1.00,1.00
2018.02.20 13:26:49.035,8.08566,8.08711,1.00,1.37
2018.02.20 13:26:49.158,8.08566,8.08703,1.00,1.00
2018.02.20 13:26:50.047,8.08566,8.08703,1.00,1.37
2018.02.20 13:26:50.566,8.08584,8.08714,1.00,1.75
2018.02.20 13:26:51.447,8.08584,8.08754,1.00,1.75
2018.02.20 13:26:51.497,8.08601,8.08767,1.00,1.87
2018.02.20 13:26:52.117,8.08617,8.08751,1.00,1.75
2018.02.20 13:26:53.273,8.08617,8.0875,1.00,1.12
2018.02.20 13:26:54.399,8.08617,8.08749,1.00,1.00
2018.02.20 13:26:54.685,8.08617,8.08753,1.00,1.37
2018.02.20 13:26:55.683,8.08599,8.08704,1.00,1.37
2018.02.20 13:26:55.734,8.08558,8.08695,1.00,1.00
2018.02.20 13:26:55.800,8.08543,8.08695,1.00,1.00
2018.02.20 13:26:55.851,8.08543,8.08679,1.00,1.00
2018.02.20 13:26:56.003,8.08557,8.08696,1.00,1.00
2018.02.20 13:26:56.384,8.08581,8.08696,1.00,1.00
2018.02.20 13:26:56.615,8.08581,8.08712,1.00,1.37
2018.02.20 13:26:57.897,8.08581,8.08704,1.00,1.37
2018.02.20 13:26:57.948,8.08561,8.08698,1.00,1.37
2018.02.20 13:26:58.049,8.08561,8.08691,1.00,1.00
2018.02.20 13:26:59.223,8.08561,8.08691,1.00,1.37
2018.02.20 13:26:59.326,8.08545,8.08681,1.00,1.00
2018.02.20 13:26:59.878,8.08545,8.08682,1.00,1.12
2018.02.20 13:27:00.561,8.08565,8.087,1.00,1.75
2018.02.20 13:27:02.058,8.08565,8.08695,1.00,1.37
2018.02.20 13:27:03.145,8.08565,8.08694,1.00,1.37
2018.02.20 13:27:05.101,8.08565,8.08705,1.00,1.37
2018.02.20 13:27:07.683,8.08565,8.087,1.00,1.37
2018.02.20 13:27:08.384,8.08565,8.08683,1.00,1.00
2018.02.20 13:27:08.595,8.08549,8.08674,1.00,1.00
2018.02.20 13:27:08.980,8.08549,8.08679,1.00,1.00
2018.02.20 13:27:09.695,8.08549,8.08684,1.00,1.00
2018.02.20 13:27:10.057,8.08549,8.08647,1.00,1.00
2018.02.20 13:27:10.109,8.08503,8.08629,1.00,1.00
2018.02.20 13:27:10.160,8.08503,8.08599,1.00,1.00
2018.02.20 13:27:10.262,8.08503,8.08618,1.00,1.00
2018.02.20 13:27:10.909,8.08485,8.08618,1.00,1.00
2018.02.20 13:27:11.062,8.08485,8.08615,1.00,1.00
2018.02.20 13:27:11.583,8.08485,8.08613,1.00,1.00
2018.02.20 13:27:11.769,8.08485,8.08617,1.00,1.00
2018.02.20 13:27:11.820,8.08485,8.0862,1.00,1.37
2018.02.20 13:27:13.349,8.08485,8.08624,1.00,1.37
2018.02.20 13:27:13.400,8.08485,8.0862,1.00,1.00
2018.02.20 13:27:13.487,8.08485,8.08634,1.00,1.37
2018.02.20 13:27:13.538,8.08505,8.08634,1.00,1.37
2018.02.20 13:27:14.530,8.08505,8.08624,1.00,1.37
2018.02.20 13:27:15.799,8.08505,8.08639,1.00,1.50
2018.02.20 13:27:17.985,8.08523,8.08666,1.00,1.75
2018.02.20 13:27:18.036,8.08541,8.08666,1.00,1.00
2018.02.20 13:27:18.087,8.08541,8.08666,1.00,1.37
2018.02.20 13:27:18.438,8.08581,8.08711,1.00,1.37
2018.02.20 13:27:19.483,8.08581,8.08711,1.00,1.37
2018.02.20 13:27:19.738,8.08597,8.08767,1.00,1.75
2018.02.20 13:27:21.452,8.08597,8.08767,1.00,1.75
2018.02.20 13:27:22.305,8.08597,8.0871,1.00,1.00
2018.02.20 13:27:22.853,8.08597,8.08709,1.00,1.00
2018.02.20 13:27:23.170,8.08597,8.08703,1.00,1.37
2018.02.20 13:27:24.118,8.08597,8.08707,1.00,1.37
2018.02.20 13:27:24.238,8.08576,8.08699,1.00,1.00
2018.02.20 13:27:24.382,8.08576,8.08695,1.00,1.00
2018.02.20 13:27:24.755,8.08576,8.08692,1.00,1.00
2018.02.20 13:27:24.806,8.08558,8.08682,1.00,1.00
2018.02.20 13:27:24.859,8.08558,8.08675,1.00,1.00
2018.02.20 13:27:25.239,8.08558,8.08675,1.00,1.37
2018.02.20 13:27:25.943,8.08558,8.08672,1.00,1.00
2018.02.20 13:27:26.096,8.08535,8.08657,1.00,1.00
2018.02.20 13:27:26.700,8.08535,8.0866,1.00,1.00
2018.02.20 13:27:27.422,8.08535,8.0866,1.00,1.37
2018.02.20 13:27:29.280,8.08519,8.08651,1.00,1.00
2018.02.20 13:27:29.331,8.08519,8.08636,1.00,1.00
2018.02.20 13:27:29.434,8.08496,8.08624,1.00,1.00
2018.02.20 13:27:29.485,8.08496,8.08624,1.00,1.37
2018.02.20 13:27:30.876,8.08496,8.08622,1.00,1.00
2018.02.20 13:27:31.403,8.08496,8.08626,1.00,1.37
2018.02.20 13:27:32.403,8.08496,8.08626,1.00,1.12
2018.02.20 13:27:34.409,8.08515,8.08653,1.00,1.75
2018.02.20 13:27:34.510,8.08532,8.08661,1.00,1.00
2018.02.20 13:27:34.662,8.08532,8.08669,1.00,1.37
2018.02.20 13:27:35.256,8.08532,8.08661,1.00,1.00
2018.02.20 13:27:35.732,8.08532,8.08661,1.00,1.37
2018.02.20 13:27:36.949,8.08532,8.08655,1.00,1.00
2018.02.20 13:27:37.256,8.08532,8.08655,1.00,1.37
2018.02.20 13:27:38.091,8.08532,8.08678,1.00,1.00
2018.02.20 13:27:38.142,8.08553,8.08681,1.00,1.00
2018.02.20 13:27:38.193,8.08553,8.08691,1.00,1.37
2018.02.20 13:27:38.451,8.08571,8.08697,1.00,1.37
2018.02.20 13:27:39.360,8.08571,8.0868,1.00,1.00
2018.02.20 13:27:39.793,8.08571,8.08675,1.00,1.00
2018.02.20 13:27:40.308,8.08571,8.08674,1.00,1.00
2018.02.20 13:27:40.359,8.08571,8.08678,1.00,1.37
2018.02.20 13:27:42.114,8.08571,8.08692,1.00,1.37
2018.02.20 13:27:44.718,8.08544,8.08675,1.00,1.37
2018.02.20 13:27:45.222,8.0856,8.08702,1.00,1.75
2018.02.20 13:27:45.324,8.08577,8.0871,1.00,1.37
2018.02.20 13:27:45.645,8.08601,8.08721,1.00,1.75
2018.02.20 13:27:45.696,8.08583,8.08726,1.00,1.75
2018.02.20 13:27:45.747,8.08602,8.08726,1.00,1.75
2018.02.20 13:27:46.688,8.08602,8.08735,1.00,1.37
2018.02.20 13:27:46.739,8.08602,8.08726,1.00,1.00
2018.02.20 13:27:46.915,8.08581,8.08711,1.00,1.00
2018.02.20 13:27:47.427,8.08581,8.08715,1.00,1.00
2018.02.20 13:27:47.854,8.08581,8.0872,1.00,1.00
2018.02.20 13:27:48.319,8.08581,8.0872,1.00,1.37
2018.02.20 13:27:51.358,8.08581,8.08704,1.00,1.00
2018.02.20 13:27:51.489,8.08581,8.08708,1.00,1.37
2018.02.20 13:27:51.539,8.08581,8.08704,1.00,1.00
2018.02.20 13:27:52.156,8.08581,8.08708,1.00,1.37
2018.02.20 13:27:52.257,8.08581,8.08702,1.00,1.00
2018.02.20 13:27:52.308,8.08581,8.08728,1.00,1.75
2018.02.20 13:27:52.359,8.08581,8.08728,1.00,1.75
2018.02.20 13:27:53.757,8.08581,8.08735,1.00,1.75
2018.02.20 13:27:55.040,8.08581,8.08735,1.00,1.75
2018.02.20 13:27:56.259,8.08581,8.08735,1.00,2.62
2018.02.20 13:27:56.673,8.08596,8.08735,1.00,1.87
2018.02.20 13:27:57.588,8.08596,8.08759,1.00,1.75
2018.02.20 13:27:57.639,8.08602,8.08767,1.00,1.75
2018.02.20 13:27:58.019,8.08607,8.08767,1.00,1.75
2018.02.20 13:27:58.439,8.08611,8.08767,1.00,1.75
2018.02.20 13:27:58.736,8.08611,8.08767,1.00,1.75
2018.02.20 13:27:58.837,8.08596,8.08757,1.00,1.37
2018.02.20 13:27:58.888,8.08621,8.08757,1.00,1.37
2018.02.20 13:28:00.107,8.08623,8.0879,1.00,1.75
2018.02.20 13:28:00.158,8.08621,8.08768,1.00,1.37
2018.02.20 13:28:00.393,8.08629,8.08792,1.00,1.75
2018.02.20 13:28:00.754,8.08626,8.08792,1.00,1.75
2018.02.20 13:28:01.175,8.08637,8.08795,1.00,1.75
2018.02.20 13:28:01.429,8.08617,8.08768,1.00,1.50
2018.02.20 13:28:02.666,8.08617,8.08764,1.00,1.75
2018.02.20 13:28:04.105,8.08617,8.08758,1.00,1.75
2018.02.20 13:28:04.679,8.08595,8.0875,1.00,1.75
2018.02.20 13:28:06.224,8.08595,8.0875,1.00,1.75
2018.02.20 13:28:07.452,8.08595,8.08754,1.00,1.75
2018.02.20 13:28:09.429,8.08595,8.08745,1.00,1.75
2018.02.20 13:28:09.935,8.08576,8.08734,1.00,1.75
2018.02.20 13:28:09.986,8.08556,8.08718,1.00,1.37
2018.02.20 13:28:10.038,8.08556,8.08716,1.00,1.75
2018.02.20 13:28:11.739,8.08556,8.08694,1.00,1.75
2018.02.20 13:28:12.241,8.08539,8.08694,1.00,1.75
2018.02.20 13:28:16.930,8.08543,8.08694,1.00,1.75
2018.02.20 13:28:17.350,8.08539,8.08694,1.00,1.75
2018.02.20 13:28:18.512,8.08539,8.08692,1.00,1.75
2018.02.20 13:28:21.610,8.08539,8.08685,1.00,1.75
2018.02.20 13:28:24.413,8.08539,8.08677,1.00,1.37
2018.02.20 13:28:25.600,8.08539,8.08677,1.00,1.50
2018.02.20 13:28:29.235,8.08523,8.08667,1.00,1.37
2018.02.20 13:28:30.344,8.08523,8.08665,1.00,1.75
2018.02.20 13:28:30.801,8.08553,8.08705,1.00,1.75
2018.02.20 13:28:30.903,8.08558,8.08713,1.00,1.75
2018.02.20 13:28:31.210,8.08608,8.08751,1.00,1.37
2018.02.20 13:28:31.505,8.08612,8.08764,1.00,1.75
2018.02.20 13:28:31.847,8.08623,8.08779,1.00,1.75
2018.02.20 13:28:32.173,8.08618,8.08777,1.00,1.75
2018.02.20 13:28:32.592,8.08618,8.08777,1.00,1.75
2018.02.20 13:28:32.744,8.08639,8.08786,1.00,1.75
2018.02.20 13:28:34.149,8.08639,8.08786,1.00,1.37
2018.02.20 13:28:35.646,8.08639,8.08798,1.00,1.37
2018.02.20 13:28:35.697,8.08641,8.08798,1.00,1.37
2018.02.20 13:28:36.046,8.08656,8.08801,1.00,1.50
2018.02.20 13:28:36.133,8.08652,8.08801,1.00,1.50
2018.02.20 13:28:36.836,8.08652,8.08801,1.00,1.00
2018.02.20 13:28:36.887,8.08652,8.08797,1.00,1.00
2018.02.20 13:28:37.194,8.08652,8.0879,1.00,1.00
2018.02.20 13:28:37.245,8.08652,8.08793,1.00,1.00
2018.02.20 13:28:38.386,8.08669,8.08802,1.00,1.00
2018.02.20 13:28:38.436,8.08669,8.08814,1.00,1.00
2018.02.20 13:28:38.956,8.0865,8.08805,1.00,1.00
2018.02.20 13:28:39.109,8.0865,8.08795,1.00,1.00
2018.02.20 13:28:39.211,8.08632,8.08791,1.00,1.00
2018.02.20 13:28:39.364,8.08632,8.08782,1.50,1.00
2018.02.20 13:28:40.467,8.08632,8.08774,1.00,1.00
2018.02.20 13:28:40.833,8.08632,8.08766,1.00,1.00
2018.02.20 13:28:41.172,8.08632,8.0877,1.00,1.00
2018.02.20 13:28:41.879,8.08632,8.08778,1.00,1.37
2018.02.20 13:28:41.930,8.0865,8.08794,1.00,1.75
2018.02.20 13:28:42.276,8.08655,8.08806,1.00,1.75
2018.02.20 13:28:42.608,8.08669,8.0881,1.00,1.75
2018.02.20 13:28:43.020,8.08669,8.0881,1.00,1.00
2018.02.20 13:28:45.957,8.08669,8.08814,1.00,1.00
2018.02.20 13:28:46.109,8.08669,8.0881,1.00,1.00
2018.02.20 13:28:48.807,8.08669,8.08807,1.00,1.00
2018.02.20 13:28:50.408,8.08669,8.08806,1.00,1.00
2018.02.20 13:28:50.797,8.0867,8.08809,1.00,1.00
2018.02.20 13:28:51.079,8.08669,8.08805,1.00,1.00
2018.02.20 13:28:51.385,8.08636,8.08782,1.00,1.37
2018.02.20 13:28:51.755,8.08643,8.08782,1.00,1.37
2018.02.20 13:28:52.304,8.08642,8.08779,1.00,1.37
2018.02.20 13:28:52.356,8.08637,8.08779,1.00,1.37
2018.02.20 13:28:52.516,8.08637,8.08779,1.00,1.00
2018.02.20 13:28:52.619,8.08634,8.08779,1.00,1.00
2018.02.20 13:28:52.942,8.08639,8.08779,1.00,1.00
2018.02.20 13:28:53.372,8.08636,8.08779,1.00,1.00
2018.02.20 13:28:53.937,8.08638,8.08779,1.00,1.00
2018.02.20 13:28:54.338,8.0864,8.08779,1.00,1.00
2018.02.20 13:28:54.933,8.08637,8.08779,1.00,1.00
2018.02.20 13:28:55.961,8.08626,8.08751,1.00,1.00
2018.02.20 13:28:56.505,8.08625,8.08751,1.00,1.00
2018.02.20 13:28:58.943,8.08606,8.08751,1.00,1.37
2018.02.20 13:28:58.995,8.08587,8.08711,1.00,1.37
2018.02.20 13:29:00.185,8.08587,8.08713,1.00,1.00
2018.02.20 13:29:00.556,8.08587,8.08729,1.00,1.37
2018.02.20 13:29:00.608,8.08592,8.08732,1.00,1.37
2018.02.20 13:29:01.247,8.08595,8.08736,1.00,1.37
2018.02.20 13:29:01.596,8.08597,8.08736,1.00,1.37
2018.02.20 13:29:01.917,8.08598,8.08736,1.00,1.00
2018.02.20 13:29:02.110,8.086,8.08736,1.00,1.00
2018.02.20 13:29:02.645,8.08604,8.08767,1.00,1.75
2018.02.20 13:29:02.956,8.08604,8.08737,1.00,1.00
2018.02.20 13:29:03.592,8.08623,8.08762,1.00,1.00
2018.02.20 13:29:03.976,8.08623,8.08757,1.00,1.00
2018.02.20 13:29:04.383,8.08623,8.08755,1.00,1.00
2018.02.20 13:29:04.536,8.08606,8.08748,1.00,1.00
2018.02.20 13:29:04.586,8.08606,8.08736,1.00,1.00
2018.02.20 13:29:04.894,8.08606,8.08732,1.00,1.00
2018.02.20 13:29:04.945,8.08584,8.08729,1.00,1.00
2018.02.20 13:29:04.996,8.08549,8.08681,1.00,1.00
2018.02.20 13:29:05.047,8.08547,8.08681,1.00,1.50
2018.02.20 13:29:05.098,8.08547,8.08675,1.00,1.00
2018.02.20 13:29:05.250,8.08519,8.08653,1.00,1.00
2018.02.20 13:29:05.423,8.08526,8.08675,1.00,1.00
2018.02.20 13:29:05.855,8.08511,8.08657,1.50,1.00
2018.02.20 13:29:06.490,8.0851,8.08648,1.00,1.00
2018.02.20 13:29:06.559,8.0851,8.08657,1.00,1.00
2018.02.20 13:29:07.382,8.0851,8.08661,1.00,1.37
2018.02.20 13:29:07.433,8.0851,8.08661,1.00,1.00
2018.02.20 13:29:07.656,8.0851,8.08656,1.00,1.00
2018.02.20 13:29:08.102,8.0851,8.08662,1.00,1.00
2018.02.20 13:29:08.755,8.0851,8.08683,1.00,2.25
2018.02.20 13:29:09.332,8.08514,8.08683,1.00,2.25
2018.02.20 13:29:09.725,8.08612,8.08765,1.00,1.75
2018.02.20 13:29:10.042,8.08626,8.08774,1.00,1.87
2018.02.20 13:29:10.094,8.08614,8.0876,1.00,1.75
2018.02.20 13:29:10.145,8.08621,8.0876,1.00,1.75
2018.02.20 13:29:10.488,8.08628,8.0876,1.00,1.00
2018.02.20 13:29:10.585,8.08628,8.08769,1.00,1.00
2018.02.20 13:29:11.203,8.08634,8.08786,1.00,1.75
2018.02.20 13:29:11.255,8.08647,8.08791,1.00,1.00
2018.02.20 13:29:11.702,8.08647,8.08795,1.00,1.00
2018.02.20 13:29:11.803,8.08651,8.08799,1.00,1.00
2018.02.20 13:29:12.107,8.08651,8.08797,1.00,1.00
2018.02.20 13:29:12.611,8.08653,8.08797,1.00,1.00
2018.02.20 13:29:13.194,8.08655,8.08797,1.00,1.00
2018.02.20 13:29:13.315,8.08655,8.08801,1.50,1.00
2018.02.20 13:29:13.366,8.08668,8.08814,1.00,1.37
2018.02.20 13:29:13.808,8.08676,8.08822,1.00,1.37
2018.02.20 13:29:14.876,8.08676,8.08822,1.00,1.00
2018.02.20 13:29:14.927,8.08678,8.08824,1.00,1.00
2018.02.20 13:29:15.409,8.08698,8.08834,1.00,1.37
2018.02.20 13:29:16.144,8.08698,8.08834,1.00,1.37
2018.02.20 13:29:16.250,8.08698,8.08823,1.00,1.00
2018.02.20 13:29:16.404,8.08683,8.08815,1.00,1.00
2018.02.20 13:29:16.576,8.08681,8.08815,1.00,1.00
2018.02.20 13:29:16.811,8.08681,8.08811,1.00,1.00
2018.02.20 13:29:16.913,8.08681,8.08819,1.00,1.00
2018.02.20 13:29:17.213,8.0867,8.08819,1.00,1.00
2018.02.20 13:29:17.265,8.0867,8.08791,1.00,1.00
2018.02.20 13:29:17.579,8.0867,8.08725,1.00,1.00
2018.02.20 13:29:17.681,8.0859,8.08705,1.00,1.00
2018.02.20 13:29:17.885,8.0858,8.08705,1.00,1.00
2018.02.20 13:29:18.218,8.08578,8.08705,1.00,1.00
2018.02.20 13:29:18.517,8.08578,8.08701,1.00,1.00
2018.02.20 13:29:18.856,8.08578,8.08679,1.00,1.00
2018.02.20 13:29:18.959,8.08555,8.08689,1.00,1.00
2018.02.20 13:29:19.011,8.08557,8.08703,1.00,1.00
2018.02.20 13:29:19.062,8.08572,8.08703,1.00,1.00
2018.02.20 13:29:19.365,8.08574,8.08703,1.00,1.00
2018.02.20 13:29:19.613,8.08572,8.08703,1.00,1.00
2018.02.20 13:29:20.128,8.08573,8.08703,1.00,1.00
2018.02.20 13:29:20.179,8.08574,8.08727,1.00,1.37
2018.02.20 13:29:20.280,8.08582,8.08727,1.00,1.37
2018.02.20 13:29:20.331,8.08573,8.08727,1.50,1.37
2018.02.20 13:29:20.382,8.08582,8.08727,1.00,1.00
2018.02.20 13:29:20.433,8.08598,8.08727,1.00,1.00
2018.02.20 13:29:20.990,8.08593,8.08727,1.00,1.00
2018.02.20 13:29:21.322,8.0859,8.08727,1.00,1.00
2018.02.20 13:29:21.690,8.08586,8.08727,1.00,1.00
2018.02.20 13:29:21.900,8.08583,8.08727,1.00,1.00
2018.02.20 13:29:22.637,8.08582,8.08727,1.50,1.00
2018.02.20 13:29:22.790,8.08582,8.0871,1.00,1.00
2018.02.20 13:29:22.994,8.08517,8.08671,1.50,1.50
2018.02.20 13:29:23.046,8.08526,8.08671,1.00,1.00
2018.02.20 13:29:23.250,8.08538,8.08686,1.00,1.50
2018.02.20 13:29:23.475,8.08534,8.08686,1.50,1.50
2018.02.20 13:29:24.236,8.08559,8.0867,1.00,1.00
2018.02.20 13:29:24.288,8.08517,8.08651,1.00,1.00
2018.02.20 13:29:24.339,8.08514,8.08642,1.00,1.00
2018.02.20 13:29:24.442,8.08514,8.08653,1.00,1.00
2018.02.20 13:29:24.494,8.08515,8.08667,1.00,1.00
2018.02.20 13:29:24.749,8.08515,8.0867,1.00,1.00
2018.02.20 13:29:24.801,8.08558,8.0871,1.00,1.75
2018.02.20 13:29:24.853,8.08581,8.08725,1.00,1.00
2018.02.20 13:29:24.956,8.08593,8.08745,1.00,1.75
2018.02.20 13:29:25.069,8.08591,8.08741,1.00,1.37
2018.02.20 13:29:25.120,8.08569,8.08713,1.00,1.00
2018.02.20 13:29:25.172,8.08558,8.08713,1.00,1.00
2018.02.20 13:29:25.223,8.08555,8.08713,1.00,1.00
2018.02.20 13:29:25.275,8.08552,8.08686,1.00,1.00
2018.02.20 13:29:25.427,8.08541,8.08686,1.00,1.00
2018.02.20 13:29:25.742,8.08537,8.08685,1.00,1.00
2018.02.20 13:29:25.844,8.08537,8.0868,1.00,1.00
2018.02.20 13:29:25.975,8.08519,8.08677,1.00,1.00
2018.02.20 13:29:26.026,8.08519,8.08671,1.00,1.00
2018.02.20 13:29:26.317,8.08517,8.08671,1.00,1.00
2018.02.20 13:29:26.775,8.08519,8.08677,1.00,1.37
2018.02.20 13:29:26.877,8.08517,8.08677,1.50,1.87
2018.02.20 13:29:26.929,8.08525,8.08686,1.00,1.37
2018.02.20 13:29:27.110,8.08517,8.08676,1.00,1.37
2018.02.20 13:29:27.212,8.08515,8.08669,1.00,1.12
2018.02.20 13:29:27.364,8.0852,8.08669,1.00,1.12
2018.02.20 13:29:27.547,8.08515,8.08669,1.00,1.12
2018.02.20 13:29:27.599,8.08513,8.08669,1.00,1.12
2018.02.20 13:29:27.702,8.08513,8.08657,1.00,1.00
2018.02.20 13:29:28.102,8.08513,8.08648,1.00,1.00
2018.02.20 13:29:28.153,8.08502,8.08648,1.00,1.00
2018.02.20 13:29:28.208,8.08491,8.08648,1.00,1.37
2018.02.20 13:29:28.528,8.08509,8.08651,1.00,1.75
2018.02.20 13:29:29.628,8.08509,8.08651,1.00,1.37
2018.02.20 13:29:30.872,8.08509,8.08651,1.00,1.12
2018.02.20 13:29:31.202,8.08511,8.08651,1.00,1.12
2018.02.20 13:29:31.468,8.08537,8.08698,1.00,1.00
2018.02.20 13:29:31.569,8.08538,8.08703,1.00,1.12
2018.02.20 13:29:31.721,8.08558,8.0872,1.00,1.37
2018.02.20 13:29:31.935,8.08548,8.08721,1.00,1.37
2018.02.20 13:29:31.986,8.08546,8.08697,1.00,1.00
2018.02.20 13:29:32.038,8.08536,8.08697,1.00,1.00
2018.02.20 13:29:32.194,8.08535,8.08688,1.00,1.00
2018.02.20 13:29:32.336,8.0853,8.08688,1.00,1.00
2018.02.20 13:29:32.438,8.08529,8.08679,1.00,1.37
2018.02.20 13:29:32.642,8.08518,8.08679,1.00,1.37
2018.02.20 13:29:32.773,8.08518,8.08665,1.00,1.00
2018.02.20 13:29:32.824,8.08516,8.08665,1.00,1.00
2018.02.20 13:29:32.925,8.08508,8.08665,1.00,1.00
2018.02.20 13:29:33.223,8.08506,8.08665,1.00,1.00
2018.02.20 13:29:33.923,8.08506,8.08665,1.00,1.37
2018.02.20 13:29:34.704,8.08494,8.08665,1.00,1.37
2018.02.20 13:29:34.807,8.08489,8.08649,1.00,1.00
2018.02.20 13:29:35.166,8.08481,8.08649,1.00,1.00
2018.02.20 13:29:35.449,8.08476,8.08649,1.00,1.00
2018.02.20 13:29:36.112,8.08476,8.08649,1.00,1.37
2018.02.20 13:29:36.452,8.08493,8.08649,1.00,1.37
2018.02.20 13:29:36.890,8.08495,8.08649,1.00,1.37
2018.02.20 13:29:37.306,8.08502,8.08649,1.00,1.37
2018.02.20 13:29:37.694,8.08516,8.08669,1.00,1.37
2018.02.20 13:29:37.953,8.08509,8.08667,1.00,1.37
2018.02.20 13:29:38.063,8.08516,8.08667,1.00,1.37
2018.02.20 13:29:38.114,8.08516,8.08667,1.00,1.00
2018.02.20 13:29:39.696,8.08521,8.08667,1.00,1.00
2018.02.20 13:29:39.748,8.08521,8.08683,1.00,1.00
2018.02.20 13:29:40.880,8.08517,8.08683,1.00,1.00
2018.02.20 13:29:41.782,8.0852,8.08683,1.00,1.00
2018.02.20 13:29:43.243,8.08516,8.08683,1.00,1.00
2018.02.20 13:29:45.381,8.08516,8.08683,1.00,1.37
2018.02.20 13:29:46.237,8.08513,8.08683,1.50,1.37
2018.02.20 13:29:46.925,8.08524,8.08683,1.00,1.00
2018.02.20 13:29:47.276,8.08536,8.08683,1.00,1.00
2018.02.20 13:29:47.327,8.08546,8.08702,1.00,1.00
2018.02.20 13:29:47.379,8.08552,8.08702,1.00,1.00
2018.02.20 13:29:47.688,8.08576,8.0873,1.00,1.75
2018.02.20 13:29:47.792,8.08572,8.0873,1.00,1.75
2018.02.20 13:29:48.021,8.08566,8.0873,1.00,1.75
2018.02.20 13:29:48.072,8.08552,8.08715,1.00,1.37
2018.02.20 13:29:48.123,8.08545,8.08715,1.00,1.37
2018.02.20 13:29:48.174,8.08549,8.08715,1.00,1.37
2018.02.20 13:29:49.288,8.08554,8.08715,1.00,1.37
2018.02.20 13:29:49.515,8.08554,8.08715,1.00,1.37
2018.02.20 13:29:50.096,8.08567,8.08715,1.00,1.37
2018.02.20 13:29:50.250,8.08564,8.08715,1.00,1.37
2018.02.20 13:29:50.304,8.08559,8.08715,1.00,1.37
2018.02.20 13:29:50.358,8.08549,8.08715,1.00,1.37
2018.02.20 13:29:50.562,8.08544,8.08715,1.00,1.37
2018.02.20 13:29:50.613,8.08542,8.08698,1.00,1.00
2018.02.20 13:29:51.136,8.08537,8.08698,1.00,1.00
2018.02.20 13:29:51.394,8.08528,8.08698,1.00,1.00
2018.02.20 13:29:51.965,8.08527,8.08697,1.00,1.00
2018.02.20 13:29:52.117,8.08505,8.08675,1.00,1.37
2018.02.20 13:29:52.218,8.08486,8.08656,1.00,1.00
2018.02.20 13:29:52.552,8.0849,8.08656,1.00,1.00
2018.02.20 13:29:52.879,8.08472,8.08627,1.00,1.00
2018.02.20 13:29:52.981,8.08444,8.08604,1.00,1.00
2018.02.20 13:29:53.032,8.08435,8.08588,1.00,1.00
2018.02.20 13:29:53.342,8.08426,8.08587,1.00,1.00
2018.02.20 13:29:53.444,8.08418,8.08579,1.00,1.00
2018.02.20 13:29:54.354,8.08418,8.08573,1.00,1.00
2018.02.20 13:29:54.456,8.08408,8.08569,1.00,1.37
2018.02.20 13:29:54.558,8.08417,8.08573,1.00,1.37
2018.02.20 13:29:54.935,8.08425,8.08576,1.00,1.37
2018.02.20 13:29:55.249,8.08434,8.08576,1.00,1.37
2018.02.20 13:29:55.802,8.08429,8.08576,1.00,1.37
2018.02.20 13:29:56.067,8.08433,8.08576,1.00,1.37
2018.02.20 13:29:56.524,8.08444,8.08594,1.50,1.75
2018.02.20 13:29:56.884,8.08447,8.08594,1.00,1.75
2018.02.20 13:29:56.989,8.08454,8.08607,1.00,1.00
2018.02.20 13:29:57.041,8.08484,8.08627,1.00,1.37
2018.02.20 13:29:57.092,8.08484,8.08645,1.00,1.00
2018.02.20 13:29:57.144,8.08488,8.0864,1.00,1.00
2018.02.20 13:29:57.513,8.08494,8.08645,1.00,1.00
2018.02.20 13:29:57.615,8.08504,8.08657,1.00,1.00
2018.02.20 13:29:58.146,8.08508,8.0866,1.00,1.00
2018.02.20 13:29:59.470,8.08512,8.08664,1.00,1.00
2018.02.20 13:29:59.777,8.08524,8.08676,1.00,1.00
2018.02.20 13:30:00.338,8.08515,8.08674,1.00,1.00
2018.02.20 13:30:00.540,8.08525,8.08675,1.00,1.00
2018.02.20 13:30:00.977,8.08532,8.08685,1.50,1.00
2018.02.20 13:30:01.028,8.08551,8.08694,1.00,1.37
2018.02.20 13:30:01.135,8.08575,8.08721,1.00,1.37
2018.02.20 13:30:01.187,8.08578,8.08721,1.00,1.37
2018.02.20 13:30:01.340,8.08571,8.08728,1.00,1.37
2018.02.20 13:30:01.392,8.08575,8.08736,1.00,1.75
2018.02.20 13:30:01.443,8.08571,8.0873,1.00,1.37
2018.02.20 13:30:01.496,8.08575,8.08736,1.00,1.75
2018.02.20 13:30:01.547,8.08573,8.08734,1.00,1.75
2018.02.20 13:30:01.810,8.0858,8.08741,1.00,1.75
2018.02.20 13:30:02.126,8.08593,8.08741,1.00,1.75
2018.02.20 13:30:02.177,8.08593,8.08741,1.00,1.00
2018.02.20 13:30:02.228,8.08601,8.08741,1.00,1.00
2018.02.20 13:30:02.544,8.08637,8.08782,1.00,1.00
2018.02.20 13:30:02.595,8.0864,8.08782,1.00,1.00
2018.02.20 13:30:02.647,8.08636,8.08782,1.00,1.00
2018.02.20 13:30:02.793,8.08631,8.08782,1.00,1.00
2018.02.20 13:30:02.845,8.08628,8.08782,1.00,1.00
2018.02.20 13:30:02.896,8.08619,8.0878,1.00,1.00
2018.02.20 13:30:02.947,8.08631,8.08786,1.00,1.00
2018.02.20 13:30:02.998,8.08626,8.08786,1.00,1.00
2018.02.20 13:30:03.049,8.08631,8.08786,1.00,1.00
2018.02.20 13:30:03.363,8.08641,8.08802,1.00,1.37
2018.02.20 13:30:03.977,8.08643,8.08803,1.00,1.37
2018.02.20 13:30:04.080,8.08652,8.08811,1.00,1.50
2018.02.20 13:30:04.351,8.0865,8.08811,1.00,1.50
2018.02.20 13:30:05.256,8.08658,8.08814,1.00,1.37
2018.02.20 13:30:06.499,8.08674,8.08836,1.00,2.25
2018.02.20 13:30:07.616,8.08684,8.08846,1.00,1.37
2018.02.20 13:30:07.667,8.08693,8.08847,1.00,1.37
2018.02.20 13:30:08.244,8.08689,8.08847,1.00,1.37
2018.02.20 13:30:08.474,8.08682,8.08844,1.00,1.37
2018.02.20 13:30:08.525,8.08678,8.08839,1.00,1.37
2018.02.20 13:30:08.577,8.08669,8.08831,1.00,1.00
2018.02.20 13:30:08.629,8.08662,8.08823,1.00,1.00
2018.02.20 13:30:08.885,8.08636,8.08798,1.00,1.00
2018.02.20 13:30:09.016,8.08635,8.08796,1.00,1.00
2018.02.20 13:30:09.333,8.08633,8.08793,1.00,1.00
2018.02.20 13:30:09.627,8.08631,8.08792,1.00,1.00
2018.02.20 13:30:09.894,8.08634,8.08793,1.00,1.00
2018.02.20 13:30:10.710,8.08637,8.08793,1.00,1.00
2018.02.20 13:30:11.058,8.08645,8.08793,1.00,1.00
2018.02.20 13:30:11.161,8.08636,8.08798,1.00,1.12
2018.02.20 13:30:11.213,8.08631,8.08793,1.00,1.00
2018.02.20 13:30:12.170,8.08622,8.08783,1.00,1.00
2018.02.20 13:30:12.486,8.08634,8.08796,1.00,1.37
2018.02.20 13:30:13.476,8.08634,8.08796,1.00,1.37
2018.02.20 13:30:15.291,8.08645,8.08798,1.00,1.37
2018.02.20 13:30:15.841,8.08653,8.08793,1.00,1.87
2018.02.20 13:30:16.097,8.08643,8.08793,1.00,1.87
2018.02.20 13:30:16.148,8.0864,8.08793,1.00,1.87
2018.02.20 13:30:16.353,8.08645,8.08793,1.00,1.87
2018.02.20 13:30:16.555,8.08645,8.08798,1.00,1.37
2018.02.20 13:30:16.607,8.0864,8.08798,1.00,1.37
2018.02.20 13:30:16.761,8.08652,8.08798,1.00,1.37
2018.02.20 13:30:18.167,8.08652,8.08798,1.00,1.00
2018.02.20 13:30:18.820,8.08644,8.08806,1.00,1.00
2018.02.20 13:30:18.906,8.08641,8.08797,1.00,1.00
2018.02.20 13:30:18.957,8.08622,8.08799,1.50,1.00
2018.02.20 13:30:19.109,8.08622,8.0878,1.00,1.00
2018.02.20 13:30:19.361,8.08604,8.08764,1.00,1.00
2018.02.20 13:30:19.412,8.08604,8.08764,1.00,1.37
2018.02.20 13:30:20.301,8.08604,8.08754,1.00,1.00
2018.02.20 13:30:20.635,8.08593,8.08754,1.00,1.50
2018.02.20 13:30:20.687,8.08589,8.08762,1.00,2.25
2018.02.20 13:30:21.666,8.08573,8.08741,1.00,1.37
2018.02.20 13:30:21.876,8.08573,8.08727,1.00,1.75
2018.02.20 13:30:21.928,8.08561,8.08722,1.00,1.75
2018.02.20 13:30:22.040,8.08558,8.08722,1.00,1.75
2018.02.20 13:30:23.080,8.08558,8.08712,1.00,1.75
2018.02.20 13:30:24.116,8.08578,8.08726,1.00,1.75
2018.02.20 13:30:24.219,8.08578,8.08726,1.00,1.00
2018.02.20 13:30:24.434,8.08578,8.0873,1.00,1.00
2018.02.20 13:30:25.038,8.08578,8.08733,1.00,1.37
2018.02.20 13:30:25.360,8.08578,8.08733,1.00,1.75
2018.02.20 13:30:26.523,8.08578,8.08722,1.00,1.75
2018.02.20 13:30:26.625,8.0856,8.08722,1.00,1.75
2018.02.20 13:30:26.943,8.08607,8.08747,1.00,1.37
2018.02.20 13:30:27.248,8.08616,8.08769,1.00,1.75
2018.02.20 13:30:27.582,8.08627,8.08769,1.00,1.75
2018.02.20 13:30:28.232,8.08627,8.08771,1.00,1.00
2018.02.20 13:30:28.384,8.08627,8.08783,1.00,1.87
2018.02.20 13:30:28.672,8.08634,8.08783,1.00,1.87
2018.02.20 13:30:29.067,8.08626,8.08783,1.00,1.37
2018.02.20 13:30:29.169,8.08631,8.08787,1.00,1.37
2018.02.20 13:30:29.778,8.08635,8.08796,1.00,2.25
2018.02.20 13:30:29.869,8.08635,8.08796,1.00,1.87
2018.02.20 13:30:30.119,8.08638,8.08799,1.00,1.37
2018.02.20 13:30:30.647,8.08639,8.088,1.00,1.37
2018.02.20 13:30:31.110,8.08639,8.088,1.00,1.00
2018.02.20 13:30:31.314,8.08649,8.08801,1.00,1.00
2018.02.20 13:30:31.687,8.08644,8.08801,1.00,1.00
2018.02.20 13:30:32.991,8.08644,8.08801,1.00,1.37
2018.02.20 13:30:33.042,8.08638,8.08799,1.00,1.37
2018.02.20 13:30:33.144,8.08631,8.08792,1.50,1.00
2018.02.20 13:30:33.563,8.08623,8.08777,1.00,1.00
2018.02.20 13:30:33.969,8.08641,8.08803,1.00,1.87
2018.02.20 13:30:34.389,8.08641,8.08793,1.00,1.00
2018.02.20 13:30:34.952,8.08638,8.08793,1.00,1.00
2018.02.20 13:30:35.003,8.08624,8.08785,1.00,1.50
2018.02.20 13:30:35.054,8.08627,8.08781,1.00,1.00
2018.02.20 13:30:35.134,8.08627,8.08785,1.00,1.00
2018.02.20 13:30:35.683,8.08628,8.08785,1.00,1.00
2018.02.20 13:30:36.228,8.08619,8.0878,1.00,1.00
2018.02.20 13:30:36.592,8.08619,8.0878,1.00,1.37
2018.02.20 13:30:37.351,8.08615,8.08776,1.00,1.00
2018.02.20 13:30:37.984,8.08615,8.08776,1.00,1.37
2018.02.20 13:30:38.991,8.08621,8.08782,1.00,1.37
2018.02.20 13:30:39.471,8.08614,8.08773,1.00,1.37
2018.02.20 13:30:39.522,8.08614,8.08773,1.00,1.37
2018.02.20 13:30:39.846,8.0862,8.08781,1.00,1.37
2018.02.20 13:30:40.816,8.0862,8.08781,1.00,1.37
2018.02.20 13:30:41.231,8.08632,8.08785,1.00,1.37
2018.02.20 13:30:41.596,8.08638,8.08785,1.00,1.37
2018.02.20 13:30:42.030,8.08644,8.08785,1.00,1.37
2018.02.20 13:30:42.190,8.08644,8.08785,1.00,1.00
2018.02.20 13:30:42.241,8.08648,8.08804,1.00,1.00
2018.02.20 13:30:43.556,8.08648,8.08809,1.00,1.87
2018.02.20 13:30:43.608,8.08653,8.08809,1.00,1.37
2018.02.20 13:30:43.810,8.08648,8.08807,1.00,1.37
2018.02.20 13:30:44.166,8.08648,8.08804,1.00,1.00
2018.02.20 13:30:44.749,8.08648,8.08807,1.00,1.87
2018.02.20 13:30:44.872,8.08648,8.08807,1.00,1.87
2018.02.20 13:30:44.937,8.08644,8.08805,1.00,1.37
2018.02.20 13:30:45.039,8.08648,8.08807,1.00,1.37
2018.02.20 13:30:45.348,8.08669,8.08826,1.00,1.75
2018.02.20 13:30:45.502,8.08679,8.08826,1.00,1.00
2018.02.20 13:30:45.554,8.08687,8.08831,1.00,1.00
2018.02.20 13:30:45.605,8.08687,8.08846,1.00,1.87
2018.02.20 13:30:45.656,8.08695,8.08846,1.00,1.37
2018.02.20 13:30:45.706,8.08692,8.08846,1.00,1.37
2018.02.20 13:30:45.757,8.08688,8.08846,1.00,1.37
2018.02.20 13:30:46.434,8.08681,8.08843,1.00,1.37
2018.02.20 13:30:46.486,8.08681,8.08835,1.00,1.00
2018.02.20 13:30:46.638,8.08678,8.08835,1.00,1.00
2018.02.20 13:30:46.768,8.08678,8.08831,1.00,1.00
2018.02.20 13:30:47.071,8.08678,8.08834,1.00,1.00
2018.02.20 13:30:47.122,8.08677,8.08824,1.00,1.00
2018.02.20 13:30:47.173,8.08656,8.08815,1.00,1.00
2018.02.20 13:30:47.225,8.08654,8.0881,1.00,1.00
2018.02.20 13:30:47.276,8.08649,8.0881,1.00,1.00
2018.02.20 13:30:47.513,8.08649,8.08806,1.00,1.00
2018.02.20 13:30:48.048,8.08645,8.08806,1.00,1.37
2018.02.20 13:30:49.234,8.08645,8.08807,1.00,1.87
2018.02.20 13:30:49.476,8.08649,8.08808,1.00,1.37
2018.02.20 13:30:49.864,8.08645,8.08806,1.00,1.12
2018.02.20 13:30:50.094,8.08645,8.0879,1.00,1.00
2018.02.20 13:30:50.649,8.08648,8.0879,1.00,1.00
2018.02.20 13:30:51.615,8.08635,8.0879,1.00,1.00
2018.02.20 13:30:51.666,8.08624,8.08785,1.00,1.00
2018.02.20 13:30:51.717,8.08618,8.08765,1.00,1.00
2018.02.20 13:30:51.820,8.08606,8.08765,1.00,1.00
2018.02.20 13:30:51.871,8.08606,8.08745,1.00,1.00
2018.02.20 13:30:51.992,8.08617,8.08763,1.00,1.00
2018.02.20 13:30:52.855,8.08617,8.08757,1.00,1.00
2018.02.20 13:30:52.907,8.08594,8.08745,1.00,1.00
2018.02.20 13:30:53.074,8.0859,8.08745,1.00,1.00
2018.02.20 13:30:53.610,8.0859,8.08744,1.00,1.00
2018.02.20 13:30:54.632,8.08603,8.08744,1.00,1.00
2018.02.20 13:30:54.683,8.08597,8.08745,1.00,1.00
2018.02.20 13:30:54.786,8.08592,8.08745,1.00,1.00
2018.02.20 13:30:55.174,8.08599,8.08745,1.00,1.00
2018.02.20 13:30:55.531,8.08575,8.08745,1.00,1.00
2018.02.20 13:31:01.830,8.08552,8.08722,1.00,1.00
2018.02.20 13:31:02.230,8.08536,8.08706,1.00,1.00
2018.02.20 13:31:06.517,8.0853,8.0869,1.00,1.00
2018.02.20 13:31:06.619,8.08539,8.0871,1.00,1.00
2018.02.20 13:31:06.670,8.08559,8.08717,1.00,1.37
2018.02.20 13:31:07.214,8.08559,8.08717,1.00,1.37
2018.02.20 13:31:08.163,8.08579,8.08727,1.00,1.37
2018.02.20 13:31:08.332,8.08579,8.08727,1.00,1.37
2018.02.20 13:31:08.910,8.08559,8.08727,1.00,1.37
2018.02.20 13:31:09.825,8.08555,8.08712,1.00,1.00
2018.02.20 13:31:09.893,8.08553,8.08712,1.00,1.00
2018.02.20 13:31:10.563,8.08552,8.08712,1.00,1.00
2018.02.20 13:31:11.230,8.08551,8.08712,1.00,1.00
2018.02.20 13:31:11.516,8.08541,8.08712,1.00,1.37
2018.02.20 13:31:11.669,8.08522,8.08691,1.00,1.00
2018.02.20 13:31:11.823,8.08538,8.08691,1.00,1.00
2018.02.20 13:31:12.730,8.08541,8.08712,1.00,1.37
2018.02.20 13:31:12.781,8.08554,8.08712,1.00,1.37
2018.02.20 13:31:13.085,8.0857,8.08712,1.00,1.37
2018.02.20 13:31:13.940,8.08557,8.08712,1.00,1.37
2018.02.20 13:31:13.991,8.08551,8.08712,1.00,1.87
2018.02.20 13:31:14.448,8.08541,8.08712,1.00,1.37
2018.02.20 13:31:14.499,8.08554,8.08712,1.00,1.37
2018.02.20 13:31:14.857,8.08558,8.08712,1.00,1.37
2018.02.20 13:31:15.195,8.08566,8.08712,1.00,1.37
2018.02.20 13:31:15.351,8.08562,8.08712,1.00,1.37
2018.02.20 13:31:15.453,8.08554,8.08712,1.00,1.37
2018.02.20 13:31:15.618,8.08573,8.08712,1.00,1.37
2018.02.20 13:31:15.669,8.08567,8.08712,1.00,1.37
2018.02.20 13:31:15.720,8.08563,8.08712,1.00,1.37
2018.02.20 13:31:15.822,8.08559,8.08712,1.00,1.75
2018.02.20 13:31:16.375,8.08554,8.08712,1.00,1.75
2018.02.20 13:31:16.545,8.08563,8.08712,1.00,1.75
2018.02.20 13:31:16.596,8.08557,8.08712,1.00,1.75
2018.02.20 13:31:16.698,8.0855,8.08711,1.00,1.75
2018.02.20 13:31:16.749,8.08544,8.08693,1.00,1.37
2018.02.20 13:31:16.800,8.08536,8.08693,1.00,1.37
2018.02.20 13:31:17.483,8.08532,8.08693,1.00,1.37
2018.02.20 13:31:17.588,8.08511,8.08672,1.00,1.50
2018.02.20 13:31:17.640,8.08505,8.08658,1.00,1.12
2018.02.20 13:31:17.693,8.08483,8.08639,1.00,1.75
2018.02.20 13:31:17.850,8.0846,8.08621,1.00,1.37
2018.02.20 13:31:17.902,8.0846,8.08618,1.00,1.75
2018.02.20 13:31:18.267,8.08456,8.08606,1.00,1.75
2018.02.20 13:31:18.493,8.08461,8.08622,1.00,1.75
2018.02.20 13:31:18.605,8.0848,8.08642,1.00,1.75
2018.02.20 13:31:18.658,8.0849,8.08646,1.00,1.75
2018.02.20 13:31:18.821,8.08488,8.08646,1.00,1.75
2018.02.20 13:31:19.337,8.08495,8.08646,1.00,1.75
2018.02.20 13:31:19.671,8.08506,8.08648,1.00,1.75
2018.02.20 13:31:19.724,8.08498,8.08648,1.00,1.75
2018.02.20 13:31:19.898,8.085,8.08648,1.00,1.75
2018.02.20 13:31:19.949,8.085,8.08648,1.00,1.75
2018.02.20 13:31:20.000,8.085,8.08623,1.00,1.00
2018.02.20 13:31:20.391,8.08456,8.086,1.00,1.37
2018.02.20 13:31:20.594,8.08461,8.08605,1.00,1.37
2018.02.20 13:31:21.102,8.08449,8.08605,1.00,1.37
2018.02.20 13:31:21.215,8.08426,8.08587,1.00,1.00
2018.02.20 13:31:21.266,8.08403,8.08564,1.00,1.37
2018.02.20 13:31:21.317,8.08397,8.08556,1.00,1.37
2018.02.20 13:31:21.420,8.084,8.08552,1.00,1.37
2018.02.20 13:31:21.677,8.08375,8.08567,1.00,1.37
2018.02.20 13:31:21.728,8.08386,8.08567,1.00,1.37
2018.02.20 13:31:22.054,8.08356,8.08515,1.00,1.37
2018.02.20 13:31:22.403,8.08406,8.08548,1.00,1.00
2018.02.20 13:31:22.454,8.08406,8.08565,1.00,1.75
2018.02.20 13:31:22.505,8.08409,8.08566,1.00,1.75
2018.02.20 13:31:22.700,8.08396,8.08542,1.00,1.00
2018.02.20 13:31:23.871,8.0839,8.08542,1.00,1.00
2018.02.20 13:31:23.923,8.08376,8.08537,1.00,1.00
2018.02.20 13:31:23.974,8.08376,8.08525,1.00,1.00
2018.02.20 13:31:24.407,8.0836,8.08522,1.00,1.00
2018.02.20 13:31:24.459,8.08356,8.08506,1.00,1.37
2018.02.20 13:31:25.000,8.08349,8.08508,1.00,1.37
2018.02.20 13:31:25.051,8.08335,8.0849,1.00,1.00
2018.02.20 13:31:25.103,8.08329,8.0849,1.00,1.50
2018.02.20 13:31:25.154,8.08347,8.0849,1.00,1.00
2018.02.20 13:31:25.256,8.08355,8.08506,1.00,1.37
2018.02.20 13:31:25.308,8.0836,8.08506,1.00,1.37
2018.02.20 13:31:25.712,8.08337,8.08506,1.00,1.37
2018.02.20 13:31:25.764,8.08321,8.08506,1.12,1.37
2018.02.20 13:31:25.816,8.08321,8.08484,1.00,1.00
2018.02.20 13:31:26.127,8.08322,8.08466,1.00,1.37
2018.02.20 13:31:26.723,8.0832,8.08466,1.00,1.37
2018.02.20 13:31:26.775,8.08317,8.08466,1.00,1.37
2018.02.20 13:31:26.827,8.08307,8.08466,1.00,1.37
2018.02.20 13:31:26.878,8.08316,8.08466,1.00,1.37
2018.02.20 13:31:27.500,8.08316,8.08466,1.00,1.37
2018.02.20 13:31:27.552,8.08325,8.08485,1.00,1.75
2018.02.20 13:31:27.658,8.08363,8.08508,1.00,1.37
2018.02.20 13:31:27.846,8.08358,8.0852,1.00,1.75
2018.02.20 13:31:27.898,8.08367,8.08524,1.00,1.75
2018.02.20 13:31:27.950,8.08362,8.08523,1.00,1.75
2018.02.20 13:31:28.438,8.08365,8.08524,1.00,1.75
2018.02.20 13:31:28.490,8.08351,8.08544,1.00,1.75
2018.02.20 13:31:28.588,8.08365,8.08544,1.00,1.75
2018.02.20 13:31:28.692,8.08365,8.08544,1.00,1.37
2018.02.20 13:31:28.845,8.08371,8.08544,1.00,1.37
2018.02.20 13:31:29.252,8.08371,8.0852,1.00,1.00
2018.02.20 13:31:29.530,8.08344,8.08497,1.37,1.00
2018.02.20 13:31:29.582,8.08352,8.08514,1.00,1.37
2018.02.20 13:31:29.685,8.08359,8.08531,1.00,1.00
2018.02.20 13:31:29.894,8.08353,8.08531,1.00,1.00
2018.02.20 13:31:30.219,8.08353,8.08514,1.00,1.00
2018.02.20 13:31:30.320,8.08342,8.08514,1.00,1.00
2018.02.20 13:31:30.475,8.08345,8.08514,1.00,1.00
2018.02.20 13:31:30.798,8.08348,8.08514,1.00,1.00
2018.02.20 13:31:31.135,8.0835,8.08514,1.00,1.00
2018.02.20 13:31:31.348,8.08354,8.08535,1.00,1.37
2018.02.20 13:31:31.399,8.0836,8.08535,1.00,1.37
2018.02.20 13:31:31.500,8.08383,8.08559,1.00,1.00
2018.02.20 13:31:31.551,8.08384,8.08559,1.37,1.00
2018.02.20 13:31:31.965,8.08393,8.08555,1.00,1.00
2018.02.20 13:31:32.466,8.08392,8.08555,1.00,1.00
2018.02.20 13:31:32.628,8.08389,8.08555,1.00,1.00
2018.02.20 13:31:32.942,8.08383,8.08555,1.00,1.00
2018.02.20 13:31:33.227,8.08381,8.08555,1.00,1.00
2018.02.20 13:31:33.773,8.0838,8.08555,1.00,1.00
2018.02.20 13:31:34.296,8.08381,8.08555,1.00,1.00
2018.02.20 13:31:34.347,8.08362,8.08539,1.37,1.00
2018.02.20 13:31:34.501,8.08362,8.08539,1.00,1.00
2018.02.20 13:31:34.811,8.08361,8.08514,1.00,1.00
2018.02.20 13:31:34.913,8.08346,8.08514,1.00,1.00
2018.02.20 13:31:34.964,8.08344,8.08514,1.00,1.00
2018.02.20 13:31:35.176,8.08327,8.08495,1.37,1.00
2018.02.20 13:31:35.992,8.08331,8.08495,1.00,1.00
2018.02.20 13:31:37.146,8.0833,8.08495,1.00,1.00
2018.02.20 13:31:37.436,8.08311,8.08478,1.00,1.00
2018.02.20 13:31:37.539,8.08321,8.08478,1.00,1.00
2018.02.20 13:31:37.641,8.08333,8.08498,1.00,1.00
2018.02.20 13:31:38.401,8.08326,8.08498,1.00,1.00
2018.02.20 13:31:38.657,8.08325,8.08498,1.00,1.75
2018.02.20 13:31:38.941,8.08323,8.08482,1.00,1.37
2018.02.20 13:31:38.993,8.08329,8.08482,1.00,1.37
2018.02.20 13:31:39.044,8.08323,8.08482,1.50,1.37
2018.02.20 13:31:39.096,8.08329,8.08482,1.00,1.37
2018.02.20 13:31:39.148,8.08327,8.08482,1.00,1.37
2018.02.20 13:31:39.199,8.08329,8.08482,1.00,1.37
2018.02.20 13:31:39.251,8.08327,8.08482,1.00,1.37
2018.02.20 13:31:39.302,8.08329,8.08482,1.00,1.37
2018.02.20 13:31:39.354,8.08327,8.08482,1.50,1.37
2018.02.20 13:31:39.507,8.08324,8.08482,1.00,1.37
2018.02.20 13:31:39.893,8.08329,8.08482,1.00,1.37
2018.02.20 13:31:39.944,8.08323,8.08482,1.00,1.37
2018.02.20 13:31:39.995,8.08333,8.08482,1.00,1.00
2018.02.20 13:31:40.046,8.08331,8.08499,1.00,1.00
2018.02.20 13:31:40.199,8.08338,8.08499,1.00,1.00
2018.02.20 13:31:40.832,8.08337,8.08499,1.00,1.00
2018.02.20 13:31:41.021,8.08334,8.08499,1.00,1.00
2018.02.20 13:31:41.270,8.08332,8.08499,1.00,1.00
2018.02.20 13:31:41.593,8.08335,8.08499,1.00,1.00
2018.02.20 13:31:41.931,8.08351,8.08516,1.00,1.37
2018.02.20 13:31:41.983,8.08351,8.08516,1.00,1.00
2018.02.20 13:31:42.203,8.08355,8.08516,1.00,1.00
2018.02.20 13:31:42.679,8.08337,8.08516,1.00,1.00
2018.02.20 13:31:43.017,8.08333,8.08516,1.00,1.00
2018.02.20 13:31:43.170,8.08332,8.08499,1.00,1.00
2018.02.20 13:31:43.476,8.0834,8.08493,1.00,1.00
2018.02.20 13:31:43.850,8.08341,8.08493,1.37,1.00
2018.02.20 13:31:43.902,8.08358,8.08514,1.00,1.00
2018.02.20 13:31:43.953,8.08355,8.08514,1.00,1.00
2018.02.20 13:31:44.427,8.08385,8.08534,1.00,1.00
2018.02.20 13:31:44.478,8.08389,8.08551,1.00,1.00
2018.02.20 13:31:44.581,8.08399,8.08551,1.00,1.00
2018.02.20 13:31:44.930,8.08403,8.08567,1.00,1.37
2018.02.20 13:31:44.985,8.08415,8.08567,1.00,1.37
2018.02.20 13:31:45.039,8.08415,8.08567,1.00,1.00
2018.02.20 13:31:45.092,8.08418,8.08567,1.00,1.00
2018.02.20 13:31:45.432,8.08421,8.08567,1.00,1.00
2018.02.20 13:31:45.806,8.08423,8.08567,1.00,1.00
2018.02.20 13:31:46.058,8.08421,8.08567,1.00,1.00
2018.02.20 13:31:46.315,8.08421,8.08581,1.00,1.00
2018.02.20 13:31:46.366,8.0843,8.08581,1.00,1.00
2018.02.20 13:31:47.037,8.08431,8.08581,1.00,1.00
2018.02.20 13:31:47.091,8.08434,8.08601,1.00,1.37
2018.02.20 13:31:47.252,8.08446,8.08598,1.00,1.37
2018.02.20 13:31:47.303,8.08447,8.08598,1.00,1.00
2018.02.20 13:31:47.354,8.08457,8.08618,1.00,1.00
2018.02.20 13:31:47.635,8.08461,8.08618,1.00,1.00
2018.02.20 13:31:47.927,8.08457,8.08618,1.50,1.00
2018.02.20 13:31:48.826,8.08458,8.08618,1.00,1.00
2018.02.20 13:31:48.928,8.08468,8.08618,1.00,1.00
2018.02.20 13:31:49.871,8.08474,8.08618,1.00,1.00
2018.02.20 13:31:50.300,8.08477,8.08618,1.00,1.00
2018.02.20 13:31:50.657,8.08485,8.08618,1.00,1.00
2018.02.20 13:31:51.173,8.08486,8.08618,1.00,1.00
2018.02.20 13:31:51.505,8.0849,8.08636,1.00,1.00
2018.02.20 13:31:52.346,8.08497,8.08636,1.00,1.00
2018.02.20 13:31:52.573,8.08512,8.08653,1.00,1.00
2018.02.20 13:31:52.625,8.08522,8.08653,1.00,1.00
2018.02.20 13:31:52.727,8.08527,8.08674,1.00,1.00
2018.02.20 13:31:52.780,8.08524,8.08674,1.00,1.00
2018.02.20 13:31:52.831,8.08519,8.08674,1.00,1.00
2018.02.20 13:31:52.882,8.08515,8.08677,1.00,1.00
2018.02.20 13:31:53.458,8.08526,8.08677,1.00,1.00
2018.02.20 13:31:53.768,8.08544,8.08677,1.00,1.00
2018.02.20 13:31:54.666,8.08551,8.08697,1.00,1.00
2018.02.20 13:31:54.721,8.08554,8.08697,1.00,1.00
2018.02.20 13:31:55.906,8.08555,8.08697,1.00,1.00
2018.02.20 13:31:56.009,8.08561,8.08714,1.00,1.00
2018.02.20 13:31:56.111,8.08558,8.08714,1.00,1.00
2018.02.20 13:31:57.026,8.08547,8.08714,1.00,1.00
2018.02.20 13:31:57.528,8.08547,8.08714,1.00,1.37
2018.02.20 13:31:59.301,8.08544,8.08714,1.00,1.37
2018.02.20 13:31:59.352,8.08544,8.08692,1.00,1.00
2018.02.20 13:32:00.477,8.08545,8.08692,1.00,1.00
2018.02.20 13:32:00.829,8.08547,8.08692,1.00,1.00
2018.02.20 13:32:01.473,8.08546,8.08692,1.00,1.00
2018.02.20 13:32:01.788,8.08577,8.08711,1.00,1.00
2018.02.20 13:32:02.050,8.08581,8.08729,1.00,1.37
2018.02.20 13:32:02.101,8.08582,8.08729,1.00,1.00
2018.02.20 13:32:02.153,8.08587,8.08729,1.00,1.00
2018.02.20 13:32:02.479,8.08592,8.08729,1.00,1.00
2018.02.20 13:32:02.741,8.0859,8.08729,1.50,1.00
2018.02.20 13:32:03.334,8.08602,8.08729,1.00,1.00
2018.02.20 13:32:03.386,8.0861,8.08755,1.00,1.00
2018.02.20 13:32:03.438,8.08617,8.08755,1.00,1.00
2018.02.20 13:32:03.744,8.08624,8.08774,1.00,1.00
2018.02.20 13:32:03.851,8.08624,8.08797,1.00,1.00
2018.02.20 13:32:03.912,8.0862,8.08797,1.00,1.00
2018.02.20 13:32:04.016,8.08616,8.08778,1.00,1.00
2018.02.20 13:32:04.068,8.08597,8.08781,1.00,1.87
2018.02.20 13:32:04.120,8.08605,8.08781,1.00,1.37
2018.02.20 13:32:04.329,8.08602,8.08781,1.00,1.37
2018.02.20 13:32:04.380,8.08605,8.08781,1.00,1.37
2018.02.20 13:32:04.639,8.08597,8.0877,1.00,1.37
2018.02.20 13:32:04.691,8.08595,8.08779,1.00,1.37
2018.02.20 13:32:04.843,8.0861,8.08771,1.00,1.37
2018.02.20 13:32:05.067,8.08606,8.08767,1.00,1.37
2018.02.20 13:32:05.273,8.08621,8.08781,1.00,1.37
2018.02.20 13:32:05.324,8.08621,8.08781,1.00,1.37
2018.02.20 13:32:05.439,8.08624,8.08781,1.00,1.37
2018.02.20 13:32:05.744,8.08628,8.08781,1.00,1.37
2018.02.20 13:32:05.795,8.0862,8.08781,1.00,1.37
2018.02.20 13:32:05.846,8.08616,8.08781,1.00,1.37
2018.02.20 13:32:05.948,8.08609,8.08781,1.00,1.37
2018.02.20 13:32:05.999,8.08599,8.08764,1.00,1.00
2018.02.20 13:32:06.322,8.0863,8.08785,1.00,1.37
2018.02.20 13:32:06.525,8.08625,8.08785,1.00,1.37
2018.02.20 13:32:06.727,8.08608,8.08784,1.00,1.37
2018.02.20 13:32:07.984,8.08605,8.08782,1.00,1.37
2018.02.20 13:32:08.315,8.08605,8.08782,1.00,1.37
2018.02.20 13:32:08.817,8.08599,8.08766,1.00,1.37
2018.02.20 13:32:08.960,8.08597,8.0876,1.00,1.00
2018.02.20 13:32:09.012,8.0858,8.08745,1.00,1.00
2018.02.20 13:32:09.063,8.0858,8.08728,1.00,1.37
2018.02.20 13:32:09.165,8.08552,8.08723,1.00,1.00
2018.02.20 13:32:09.217,8.08549,8.08723,1.00,1.00
2018.02.20 13:32:09.853,8.08552,8.08723,1.00,1.00
2018.02.20 13:32:10.160,8.08563,8.08723,1.00,1.00
2018.02.20 13:32:10.608,8.08557,8.08723,1.00,1.37
2018.02.20 13:32:10.843,8.08554,8.08723,1.00,1.37
2018.02.20 13:32:11.100,8.0855,8.08718,1.00,1.37
2018.02.20 13:32:11.389,8.08548,8.08718,1.00,1.37
2018.02.20 13:32:12.095,8.08549,8.08723,1.00,1.37
2018.02.20 13:32:12.248,8.0855,8.08699,1.00,1.00
2018.02.20 13:32:12.298,8.08533,8.08699,1.00,1.00
2018.02.20 13:32:12.602,8.08529,8.08699,1.00,1.00
2018.02.20 13:32:12.830,8.08529,8.08697,1.00,1.00
2018.02.20 13:32:13.373,8.08535,8.08714,1.00,1.37
2018.02.20 13:32:13.678,8.08563,8.08711,1.50,1.37
2018.02.20 13:32:13.729,8.08548,8.08705,1.00,1.37
2018.02.20 13:32:13.932,8.08558,8.08711,1.00,1.37
2018.02.20 13:32:14.202,8.0858,8.0873,1.00,1.00
2018.02.20 13:32:14.256,8.08575,8.0873,1.00,1.00
2018.02.20 13:32:14.758,8.08576,8.0873,1.00,1.00
2018.02.20 13:32:15.267,8.08576,8.0873,1.00,1.37
2018.02.20 13:32:16.228,8.08572,8.08729,1.00,1.12
2018.02.20 13:32:16.689,8.08572,8.08703,1.00,1.00
2018.02.20 13:32:16.820,8.08563,8.08703,1.00,1.00
2018.02.20 13:32:16.871,8.08563,8.08703,1.00,1.37
2018.02.20 13:32:17.397,8.08562,8.08703,1.00,1.37
2018.02.20 13:32:18.388,8.08562,8.08703,1.00,1.00
2018.02.20 13:32:18.888,8.08571,8.08703,1.00,1.00
2018.02.20 13:32:18.991,8.08562,8.08703,1.00,1.00
2018.02.20 13:32:20.022,8.0856,8.08703,1.00,1.00
2018.02.20 13:32:20.325,8.08554,8.08703,1.50,1.00
2018.02.20 13:32:20.477,8.0855,8.08703,1.00,1.00
2018.02.20 13:32:20.528,8.08562,8.08703,1.00,1.00
2018.02.20 13:32:21.018,8.08558,8.08703,1.00,1.00
2018.02.20 13:32:24.501,8.08553,8.08703,1.00,1.00
2018.02.20 13:32:24.552,8.08553,8.08686,1.00,1.00
2018.02.20 13:32:26.903,8.08557,8.08686,1.00,1.00
2018.02.20 13:32:27.070,8.0855,8.08686,1.00,1.00
2018.02.20 13:32:30.321,8.08552,8.08686,1.00,1.00
2018.02.20 13:32:31.072,8.08558,8.08686,1.00,1.00
2018.02.20 13:32:31.123,8.08571,8.0871,1.00,1.00
2018.02.20 13:32:31.173,8.08578,8.0871,1.00,1.00
2018.02.20 13:32:31.224,8.08578,8.08727,1.00,1.00
2018.02.20 13:32:32.406,8.08571,8.08727,1.00,1.00
2018.02.20 13:32:32.486,8.08577,8.08727,1.00,1.00
2018.02.20 13:32:33.624,8.08572,8.08727,1.00,1.00
2018.02.20 13:32:33.726,8.08575,8.08727,1.00,1.00
2018.02.20 13:32:33.803,8.08572,8.08727,1.00,1.00
2018.02.20 13:32:34.229,8.08567,8.08724,1.12,1.00
2018.02.20 13:32:34.424,8.08567,8.0871,1.12,1.00
2018.02.20 13:32:34.962,8.08561,8.0871,1.00,1.00
2018.02.20 13:32:35.014,8.08555,8.0871,1.00,1.50
2018.02.20 13:32:35.160,8.08559,8.0871,1.00,1.00
2018.02.20 13:32:35.813,8.08561,8.0871,1.00,1.00
2018.02.20 13:32:37.074,8.08566,8.0871,1.00,1.00
2018.02.20 13:32:39.519,8.08557,8.0871,1.00,1.00
2018.02.20 13:32:39.679,8.0855,8.0871,1.37,1.60
2018.02.20 13:32:39.780,8.08524,8.08673,1.00,1.00
2018.02.20 13:32:39.881,8.08516,8.08673,1.00,1.00
2018.02.20 13:32:44.575,8.08512,8.08664,1.00,1.00
2018.02.20 13:32:44.903,8.08501,8.08656,1.87,1.00
2018.02.20 13:32:45.208,8.08517,8.08656,1.00,1.00
2018.02.20 13:32:45.909,8.08519,8.08656,1.00,1.00
2018.02.20 13:32:46.772,8.0852,8.08656,1.00,1.00
2018.02.20 13:32:47.306,8.08529,8.08656,1.00,1.00
2018.02.20 13:32:47.358,8.08537,8.08675,1.00,1.00
2018.02.20 13:32:47.410,8.08539,8.08694,1.00,1.00
2018.02.20 13:32:49.034,8.08533,8.0869,1.50,1.00
2018.02.20 13:32:49.085,8.08531,8.08681,1.00,1.00
2018.02.20 13:32:49.540,8.08535,8.08678,1.00,1.00
2018.02.20 13:32:50.313,8.08538,8.08678,1.00,1.00
2018.02.20 13:32:50.790,8.08543,8.08678,1.00,1.00
2018.02.20 13:32:50.983,8.08561,8.08698,1.00,1.00
2018.02.20 13:32:51.036,8.08563,8.08698,1.00,1.00
2018.02.20 13:32:51.380,8.08552,8.08698,1.00,1.00
2018.02.20 13:32:51.432,8.0854,8.08681,1.00,1.00
2018.02.20 13:32:51.484,8.08529,8.08681,1.00,1.50
2018.02.20 13:32:51.536,8.08539,8.08681,1.00,1.00
2018.02.20 13:32:51.819,8.08551,8.08698,1.00,1.00
2018.02.20 13:32:54.121,8.08539,8.08694,1.00,1.00
2018.02.20 13:32:54.181,8.08539,8.08681,1.00,1.00
2018.02.20 13:32:54.235,8.08529,8.08681,1.37,1.00
2018.02.20 13:32:54.337,8.08536,8.08681,1.00,1.00
2018.02.20 13:32:56.744,8.08528,8.08679,1.00,1.00
2018.02.20 13:32:56.931,8.08525,8.08679,1.00,1.00
2018.02.20 13:32:57.335,8.08519,8.08674,1.12,1.00
2018.02.20 13:32:57.387,8.08514,8.08662,1.00,1.00
2018.02.20 13:32:57.439,8.08508,8.08659,1.00,1.00
2018.02.20 13:32:57.490,8.08499,8.08645,1.00,1.00
2018.02.20 13:32:57.541,8.0849,8.08645,1.37,1.50
2018.02.20 13:32:57.919,8.08485,8.0864,1.37,1.00
2018.02.20 13:32:58.071,8.08458,8.08613,1.00,1.00
2018.02.20 13:32:58.122,8.08458,8.0861,1.00,1.00
2018.02.20 13:32:58.173,8.0846,8.08615,1.00,1.00
2018.02.20 13:32:58.224,8.08457,8.08602,1.50,1.00
2018.02.20 13:32:58.275,8.08455,8.08602,1.00,1.00
2018.02.20 13:32:58.326,8.08449,8.08602,1.37,1.00
2018.02.20 13:32:58.377,8.08456,8.08602,1.00,1.00
2018.02.20 13:32:58.782,8.0846,8.08602,1.00,1.00
2018.02.20 13:32:59.477,8.08465,8.08602,1.00,1.00
2018.02.20 13:33:00.359,8.08467,8.08602,1.00,1.00
2018.02.20 13:33:01.021,8.08462,8.08602,1.00,1.00
2018.02.20 13:33:01.073,8.08458,8.08602,1.00,1.00
2018.02.20 13:33:01.349,8.08477,8.08602,1.00,1.00
2018.02.20 13:33:01.400,8.08483,8.08626,1.00,1.00
2018.02.20 13:33:01.862,8.08485,8.08626,1.00,1.00
2018.02.20 13:33:01.913,8.0848,8.08626,1.00,1.00
2018.02.20 13:33:02.015,8.08461,8.08616,1.00,1.00
2018.02.20 13:33:02.066,8.08454,8.08604,1.00,1.00
2018.02.20 13:33:02.388,8.0846,8.08604,1.00,1.00
2018.02.20 13:33:02.439,8.08457,8.08604,1.00,1.00
2018.02.20 13:33:03.049,8.08448,8.08603,1.00,1.00
2018.02.20 13:33:03.100,8.08439,8.08594,1.00,1.00
2018.02.20 13:33:03.437,8.08445,8.086,1.00,1.00
2018.02.20 13:33:03.767,8.0845,8.08605,1.00,1.50
2018.02.20 13:33:05.868,8.08456,8.08605,1.00,1.00
2018.02.20 13:33:06.787,8.08456,8.08609,1.00,1.00
2018.02.20 13:33:07.064,8.08456,8.08606,1.00,1.00
2018.02.20 13:33:08.102,8.08463,8.08606,1.00,1.00
2018.02.20 13:33:08.206,8.08475,8.08624,1.00,1.00
2018.02.20 13:33:08.257,8.08465,8.0862,1.00,1.00
2018.02.20 13:33:08.409,8.08461,8.08616,1.00,1.00
2018.02.20 13:33:08.719,8.08457,8.08612,1.00,1.00
2018.02.20 13:33:09.159,8.08466,8.08621,1.00,1.00
2018.02.20 13:33:10.465,8.08458,8.08611,1.00,1.00
2018.02.20 13:33:10.668,8.0843,8.08585,1.00,1.00
2018.02.20 13:33:10.719,8.08424,8.08578,1.00,1.00
2018.02.20 13:33:10.871,8.08414,8.08569,1.00,1.00
2018.02.20 13:33:10.922,8.08424,8.08576,1.00,1.00
2018.02.20 13:33:11.249,8.08429,8.08576,1.00,1.00
2018.02.20 13:33:11.396,8.08436,8.08591,1.00,1.00
2018.02.20 13:33:11.448,8.08429,8.08584,1.00,1.00
2018.02.20 13:33:11.753,8.08434,8.08589,1.00,1.00
2018.02.20 13:33:12.087,8.0843,8.08585,1.00,1.00
2018.02.20 13:33:12.436,8.0839,8.08545,1.00,1.00
2018.02.20 13:33:12.746,8.08388,8.08517,1.00,1.00
2018.02.20 13:33:13.046,8.08372,8.08517,1.00,1.00
2018.02.20 13:33:13.170,8.0837,8.08528,1.00,1.00
2018.02.20 13:33:13.373,8.0837,8.08531,1.50,1.00
2018.02.20 13:33:14.148,8.08377,8.08539,1.00,1.00
2018.02.20 13:33:15.342,8.08374,8.08535,1.00,1.00
2018.02.20 13:33:15.700,8.0837,8.08531,1.50,1.00
2018.02.20 13:33:19.458,8.08387,8.08534,1.00,1.00
2018.02.20 13:33:19.516,8.08396,8.08553,1.00,1.00
2018.02.20 13:33:19.567,8.08399,8.08553,1.00,1.00
2018.02.20 13:33:19.893,8.08403,8.08553,1.00,1.00
2018.02.20 13:33:20.136,8.084,8.08553,1.00,1.00
2018.02.20 13:33:20.606,8.08418,8.08573,1.00,1.00
2018.02.20 13:33:20.657,8.08424,8.08583,1.00,1.00
2018.02.20 13:33:20.983,8.08425,8.08588,1.00,1.00
2018.02.20 13:33:21.084,8.0843,8.08588,1.00,1.00
2018.02.20 13:33:28.507,8.08423,8.08586,1.00,1.00
2018.02.20 13:33:28.611,8.08412,8.08571,1.00,1.00
2018.02.20 13:33:28.662,8.08412,8.08574,1.00,1.00
2018.02.20 13:33:28.865,8.08431,8.08585,1.00,1.00
2018.02.20 13:33:29.498,8.08433,8.08585,1.00,1.00
2018.02.20 13:33:30.039,8.08434,8.08585,1.00,1.00
2018.02.20 13:33:30.680,8.08433,8.08585,1.00,1.00
2018.02.20 13:33:34.210,8.08428,8.08585,1.00,1.00
2018.02.20 13:33:34.312,8.08424,8.08585,1.00,1.00
2018.02.20 13:33:34.633,8.08417,8.08581,1.00,1.00
2018.02.20 13:33:34.787,8.08423,8.08584,1.00,1.00
2018.02.20 13:33:35.186,8.08428,8.08584,1.00,1.00
2018.02.20 13:33:37.399,8.0843,8.08584,1.00,1.00
2018.02.20 13:33:39.642,8.08421,8.08582,1.00,1.00
2018.02.20 13:33:41.283,8.08425,8.08584,1.00,1.00
2018.02.20 13:33:41.866,8.08419,8.0858,1.00,1.00
2018.02.20 13:33:42.067,8.08423,8.08584,1.00,1.50
2018.02.20 13:33:44.889,8.08427,8.08584,1.00,1.00
2018.02.20 13:33:49.094,8.08437,8.08584,1.00,1.00
2018.02.20 13:33:49.145,8.08448,8.08612,1.00,1.00
2018.02.20 13:33:49.196,8.08454,8.08619,1.00,1.37
2018.02.20 13:33:49.503,8.08469,8.08622,1.00,1.00
2018.02.20 13:33:50.979,8.08469,8.08624,1.00,1.00
2018.02.20 13:33:52.528,8.08469,8.08618,1.00,1.00
2018.02.20 13:33:52.728,8.0847,8.08631,1.00,1.00
2018.02.20 13:33:52.880,8.08478,8.08637,1.00,1.00
2018.02.20 13:33:52.931,8.0848,8.0864,1.00,1.00
2018.02.20 13:33:53.186,8.08475,8.08637,1.00,1.00
2018.02.20 13:33:53.418,8.08484,8.0864,1.00,1.00
2018.02.20 13:33:53.881,8.08488,8.0864,1.00,1.00
2018.02.20 13:33:53.932,8.08482,8.0864,1.00,1.00
2018.02.20 13:33:54.239,8.08491,8.08643,1.00,1.00
2018.02.20 13:33:55.188,8.08491,8.0865,1.00,1.00
2018.02.20 13:33:55.382,8.08493,8.08654,1.00,1.00
2018.02.20 13:33:57.165,8.08491,8.08647,1.00,1.00
2018.02.20 13:33:57.695,8.08504,8.08661,1.00,1.00
2018.02.20 13:33:57.748,8.0851,8.08661,1.00,1.00
2018.02.20 13:33:58.112,8.08517,8.08661,1.00,1.00
2018.02.20 13:33:59.066,8.08508,8.08661,1.00,1.00
2018.02.20 13:33:59.117,8.08508,8.08661,1.37,1.00
2018.02.20 13:33:59.327,8.08508,8.08661,1.00,1.00
2018.02.20 13:33:59.566,8.08508,8.08659,1.00,1.00
2018.02.20 13:33:59.617,8.085,8.08659,1.00,1.00
2018.02.20 13:33:59.804,8.08491,8.08652,1.00,1.00
2018.02.20 13:34:00.260,8.08509,8.08657,1.00,1.00
2018.02.20 13:34:00.313,8.08517,8.08678,1.00,1.00
2018.02.20 13:34:00.364,8.08539,8.08679,1.00,1.00
2018.02.20 13:34:00.416,8.08528,8.08679,1.00,1.00
2018.02.20 13:34:00.653,8.08527,8.08681,1.00,1.00
2018.02.20 13:34:01.253,8.08527,8.08672,1.00,1.00
2018.02.20 13:34:01.354,8.08527,8.08681,1.00,1.00
2018.02.20 13:34:02.865,8.08527,8.08685,1.00,1.00
2018.02.20 13:34:03.151,8.08528,8.08689,1.00,1.00
2018.02.20 13:34:03.387,8.08541,8.08689,1.00,1.00
2018.02.20 13:34:03.543,8.0857,8.08731,1.00,1.00
2018.02.20 13:34:03.646,8.08578,8.08731,1.00,1.00
2018.02.20 13:34:03.697,8.08585,8.08745,1.00,1.00
2018.02.20 13:34:03.928,8.08597,8.08745,1.00,1.00
2018.02.20 13:34:04.030,8.08619,8.08776,1.00,1.00
2018.02.20 13:34:04.325,8.0861,8.08771,1.00,1.00
2018.02.20 13:34:05.067,8.08603,8.08762,1.00,1.00
2018.02.20 13:34:05.401,8.08603,8.08757,1.00,1.00
2018.02.20 13:34:05.531,8.08594,8.0875,1.00,1.00
2018.02.20 13:34:05.683,8.08594,8.08744,1.00,1.00
2018.02.20 13:34:06.105,8.08605,8.08745,1.00,1.00
2018.02.20 13:34:06.156,8.08603,8.08745,1.00,1.00
2018.02.20 13:34:06.257,8.08598,8.08745,1.00,1.00
2018.02.20 13:34:06.309,8.08598,8.0875,1.00,1.00
2018.02.20 13:34:06.366,8.08603,8.0875,1.00,1.00
2018.02.20 13:34:06.468,8.08599,8.0875,1.00,1.00
2018.02.20 13:34:06.570,8.08594,8.0875,1.00,1.00
2018.02.20 13:34:06.976,8.08594,8.08755,1.00,1.00
2018.02.20 13:34:07.079,8.08597,8.08758,1.00,1.00
2018.02.20 13:34:07.393,8.08599,8.0876,1.00,1.00
2018.02.20 13:34:07.740,8.08583,8.08743,1.00,1.00
2018.02.20 13:34:08.789,8.08583,8.08737,1.00,1.00
2018.02.20 13:34:09.228,8.086,8.08749,1.00,1.00
2018.02.20 13:34:09.330,8.08608,8.08759,1.00,1.00
2018.02.20 13:34:09.608,8.08608,8.08764,1.00,1.00
2018.02.20 13:34:09.659,8.08617,8.08764,1.00,1.00
2018.02.20 13:34:09.914,8.08617,8.08766,1.00,1.00
2018.02.20 13:34:11.879,8.08632,8.08766,1.00,1.00
2018.02.20 13:34:12.732,8.08632,8.08793,1.00,1.00
2018.02.20 13:34:12.783,8.08635,8.08793,1.00,1.00
2018.02.20 13:34:13.089,8.0868,8.08835,1.00,1.37
2018.02.20 13:34:13.191,8.08689,8.0884,1.00,1.00
2018.02.20 13:34:14.470,8.08689,8.08844,1.00,1.00
2018.02.20 13:34:14.858,8.08698,8.08857,1.00,1.00
2018.02.20 13:34:14.910,8.08705,8.08857,1.00,1.00
2018.02.20 13:34:15.012,8.08698,8.08857,1.00,1.00
2018.02.20 13:34:15.114,8.08697,8.08853,1.00,1.00
2018.02.20 13:34:15.633,8.08697,8.08854,1.00,1.00
2018.02.20 13:34:16.021,8.08698,8.08858,1.00,1.00
2018.02.20 13:34:16.588,8.08698,8.08859,1.00,1.00
2018.02.20 13:34:16.639,8.08693,8.08854,1.00,1.00
2018.02.20 13:34:16.971,8.08731,8.08884,1.00,1.00
2018.02.20 13:34:17.022,8.08731,8.08892,1.00,1.37
2018.02.20 13:34:18.183,8.08731,8.08892,1.00,1.00
2018.02.20 13:34:18.334,8.08721,8.08882,1.00,1.00
2018.02.20 13:34:18.659,8.08702,8.08863,1.37,1.00
2018.02.20 13:34:18.710,8.08692,8.08853,1.00,1.00
2018.02.20 13:34:18.761,8.08687,8.08847,1.00,1.00
2018.02.20 13:34:18.812,8.08679,8.08841,1.00,1.00
2018.02.20 13:34:18.914,8.08666,8.08827,1.37,1.00
2018.02.20 13:34:19.017,8.08653,8.08814,1.00,1.00
2018.02.20 13:34:19.915,8.08665,8.08817,1.00,1.00
2018.02.20 13:34:20.069,8.08653,8.08814,1.00,1.00
2018.02.20 13:34:20.121,8.08641,8.08803,1.00,1.00
2018.02.20 13:34:20.172,8.08641,8.08798,1.00,1.00
2018.02.20 13:34:20.440,8.08641,8.088,1.00,1.00
2018.02.20 13:34:20.743,8.08641,8.08803,1.00,1.00
2018.02.20 13:34:21.030,8.0864,8.08801,1.00,1.00
2018.02.20 13:34:21.132,8.08636,8.08798,1.50,1.00
2018.02.20 13:34:21.183,8.0864,8.08801,1.00,1.00
2018.02.20 13:34:21.664,8.0864,8.08791,1.00,1.00
2018.02.20 13:34:21.931,8.0864,8.08796,1.00,1.00
2018.02.20 13:34:22.235,8.0864,8.08793,1.00,1.00
2018.02.20 13:34:22.560,8.0864,8.08797,1.00,1.00
2018.02.20 13:34:23.118,8.0864,8.08798,1.00,1.00
2018.02.20 13:34:23.169,8.0864,8.08794,1.00,1.00
2018.02.20 13:34:23.830,8.0864,8.08796,1.00,1.00
2018.02.20 13:34:24.441,8.0864,8.08797,1.00,1.00
2018.02.20 13:34:24.905,8.0864,8.08794,1.00,1.00
2018.02.20 13:34:25.006,8.08647,8.08808,1.00,1.00
2018.02.20 13:34:25.057,8.08663,8.08813,1.00,1.00
2018.02.20 13:34:25.360,8.08671,8.08819,1.00,1.00
2018.02.20 13:34:25.761,8.08674,8.08819,1.00,1.00
2018.02.20 13:34:27.543,8.08671,8.08819,1.00,1.00
2018.02.20 13:34:30.306,8.08653,8.08808,1.00,1.00
2018.02.20 13:34:30.357,8.08643,8.08804,1.00,1.00
2018.02.20 13:34:30.408,8.08617,8.08778,1.00,1.00
2018.02.20 13:34:30.724,8.08608,8.08769,1.00,1.00
2018.02.20 13:34:31.193,8.08616,8.08778,1.00,1.00
2018.02.20 13:34:31.398,8.08607,8.08768,1.00,1.00
2018.02.20 13:34:32.084,8.08607,8.08767,1.00,1.00
2018.02.20 13:34:33.585,8.08594,8.08749,1.00,1.00
2018.02.20 13:34:33.699,8.08582,8.08743,1.37,1.00
2018.02.20 13:34:33.750,8.0858,8.08729,1.37,1.00
2018.02.20 13:34:34.057,8.0858,8.08728,1.00,1.00
2018.02.20 13:34:34.108,8.08562,8.08712,1.00,1.00
2018.02.20 13:34:34.261,8.08565,8.08726,1.00,1.00
2018.02.20 13:34:34.314,8.08562,8.08717,1.00,1.00
2018.02.20 13:34:34.524,8.08562,8.08721,1.00,1.00
2018.02.20 13:34:34.625,8.08564,8.08724,1.00,1.00
2018.02.20 13:34:34.726,8.08564,8.08726,1.00,1.00
2018.02.20 13:34:36.053,8.08569,8.08731,1.00,1.00
2018.02.20 13:34:36.734,8.08575,8.08732,1.00,1.50
2018.02.20 13:34:37.949,8.08572,8.08732,1.00,1.00
2018.02.20 13:34:38.210,8.08551,8.08675,1.00,1.00
2018.02.20 13:34:38.261,8.08535,8.08675,1.00,1.00
2018.02.20 13:34:38.392,8.08523,8.0867,1.00,1.00
2018.02.20 13:34:38.544,8.08523,8.08664,1.00,1.00
2018.02.20 13:34:38.595,8.08499,8.08664,1.37,1.00
2018.02.20 13:34:38.820,8.08499,8.08654,1.37,1.00
2018.02.20 13:34:39.254,8.08481,8.08642,1.75,1.00
2018.02.20 13:34:39.406,8.08481,8.08644,1.75,1.00
2018.02.20 13:34:39.511,8.08481,8.08644,1.00,1.00
2018.02.20 13:34:39.726,8.08481,8.08647,1.00,1.00
2018.02.20 13:34:40.281,8.08481,8.08648,1.00,1.00
2018.02.20 13:34:40.332,8.08481,8.0865,1.00,1.00
2018.02.20 13:34:40.641,8.08476,8.08651,1.37,1.00
2018.02.20 13:34:40.946,8.08498,8.08652,1.00,1.00
2018.02.20 13:34:40.997,8.085,8.0866,1.00,1.00
2018.02.20 13:34:41.048,8.08507,8.08668,1.00,1.00
2018.02.20 13:34:41.099,8.08522,8.08678,1.00,1.00
2018.02.20 13:34:41.150,8.08522,8.08681,1.00,1.00
2018.02.20 13:34:41.251,8.08531,8.08692,1.00,1.00
2018.02.20 13:34:41.587,8.08522,8.08678,1.00,1.00
2018.02.20 13:34:41.823,8.08493,8.0865,1.00,1.00
2018.02.20 13:34:42.174,8.08489,8.0865,1.00,1.00
2018.02.20 13:34:42.473,8.08493,8.08651,1.00,1.00
2018.02.20 13:34:42.798,8.08516,8.08667,1.00,1.00
2018.02.20 13:34:42.849,8.08522,8.08675,1.00,1.00
2018.02.20 13:34:42.950,8.08518,8.08679,1.00,1.00
2018.02.20 13:34:43.858,8.08522,8.0868,1.00,1.00
2018.02.20 13:34:44.108,8.08522,8.08682,1.00,1.00
2018.02.20 13:34:44.675,8.08522,8.08683,1.00,1.50
2018.02.20 13:34:44.777,8.08531,8.08684,1.00,1.00
2018.02.20 13:34:45.067,8.08531,8.08687,1.00,1.00
2018.02.20 13:34:45.169,8.08534,8.08687,1.00,1.00
2018.02.20 13:34:45.511,8.08527,8.08688,1.00,1.50
2018.02.20 13:34:45.667,8.08531,8.08691,1.00,1.00
2018.02.20 13:34:46.099,8.08531,8.08689,1.00,1.00
2018.02.20 13:34:46.165,8.08526,8.08687,1.50,1.00
2018.02.20 13:34:46.267,8.08526,8.08683,1.00,1.00
2018.02.20 13:34:46.369,8.08521,8.08683,1.00,2.25
2018.02.20 13:34:46.420,8.08517,8.08678,1.00,1.00
2018.02.20 13:34:46.739,8.08487,8.08646,1.00,1.50
2018.02.20 13:34:47.331,8.08486,8.08645,1.00,1.00
2018.02.20 13:34:47.745,8.08495,8.0865,1.00,1.00
2018.02.20 13:34:47.947,8.08495,8.08656,1.00,1.50
2018.02.20 13:34:48.099,8.0847,8.08631,1.00,1.00
2018.02.20 13:34:48.306,8.08474,8.08642,1.00,1.00
2018.02.20 13:34:48.357,8.08484,8.08642,1.00,1.00
2018.02.20 13:34:48.408,8.08474,8.08642,1.00,1.00
2018.02.20 13:34:48.459,8.08466,8.08623,1.03,1.00
2018.02.20 13:34:48.561,8.08461,8.08622,1.00,1.00
2018.02.20 13:34:48.662,8.08458,8.0862,1.00,1.00
2018.02.20 13:34:48.763,8.08458,8.08618,1.00,1.00
2018.02.20 13:34:49.031,8.08458,8.0862,1.00,1.50
2018.02.20 13:34:49.323,8.08458,8.08617,1.00,1.00
2018.02.20 13:34:49.639,8.08467,8.08623,1.00,1.00
2018.02.20 13:34:49.998,8.08467,8.08621,1.00,1.00
2018.02.20 13:34:50.357,8.08467,8.08617,1.00,1.00
2018.02.20 13:34:50.556,8.08467,8.08621,1.00,1.00
2018.02.20 13:34:50.607,8.0847,8.08621,1.00,1.00
2018.02.20 13:34:50.658,8.0847,8.08631,1.00,1.00
2018.02.20 13:34:50.709,8.08449,8.08631,1.00,1.00
2018.02.20 13:34:50.759,8.0848,8.08631,1.00,1.00
2018.02.20 13:34:50.861,8.08449,8.08631,1.00,1.00
2018.02.20 13:34:50.912,8.08483,8.08631,1.00,1.00
2018.02.20 13:34:51.195,8.0848,8.08631,1.00,1.00
2018.02.20 13:34:51.348,8.08482,8.08631,1.00,1.00
2018.02.20 13:34:51.653,8.0849,8.08635,1.00,1.00
2018.02.20 13:34:51.754,8.0849,8.08649,1.00,1.00
2018.02.20 13:34:52.190,8.0849,8.0865,1.00,1.37
2018.02.20 13:34:52.491,8.08508,8.08667,1.00,1.75
2018.02.20 13:34:52.544,8.08513,8.08667,1.00,1.00
2018.02.20 13:34:52.595,8.08514,8.0867,1.00,1.00
2018.02.20 13:34:52.706,8.08518,8.0867,1.00,1.00
2018.02.20 13:34:53.886,8.08522,8.0867,1.00,1.00
2018.02.20 13:34:54.266,8.08498,8.08649,1.00,1.00
2018.02.20 13:34:54.423,8.08512,8.08659,1.00,1.00
2018.02.20 13:34:54.524,8.08509,8.08659,1.00,1.00
2018.02.20 13:34:54.575,8.08505,8.08659,1.00,1.00
2018.02.20 13:34:54.626,8.08495,8.08653,1.00,1.00
2018.02.20 13:34:54.677,8.08491,8.08653,1.00,1.00
2018.02.20 13:34:54.829,8.0849,8.08649,1.00,1.00
2018.02.20 13:34:55.153,8.085,8.08661,1.00,1.00
2018.02.20 13:34:55.256,8.08488,8.08651,1.50,1.00
2018.02.20 13:34:55.307,8.08488,8.08648,1.50,1.00
2018.02.20 13:34:55.625,8.08488,8.08644,1.50,1.00
2018.02.20 13:34:56.122,8.08499,8.08645,1.00,1.00
2018.02.20 13:34:56.173,8.08493,8.08645,1.00,1.00
2018.02.20 13:34:56.224,8.08507,8.08655,1.00,1.37
2018.02.20 13:34:56.333,8.08496,8.08655,1.00,1.37
2018.02.20 13:34:56.384,8.08488,8.08655,1.50,1.37
2018.02.20 13:34:56.439,8.08488,8.08651,1.00,1.00
2018.02.20 13:34:56.593,8.08469,8.08642,1.00,1.00
2018.02.20 13:34:56.718,8.08489,8.08642,1.00,1.00
2018.02.20 13:34:57.053,8.08492,8.08642,1.00,1.00
2018.02.20 13:34:57.925,8.08493,8.08645,1.00,1.00
2018.02.20 13:34:57.976,8.08518,8.08664,1.00,1.00
2018.02.20 13:34:58.178,8.08515,8.08676,1.50,1.00
2018.02.20 13:34:58.279,8.08518,8.08676,1.00,1.00
2018.02.20 13:34:58.666,8.08515,8.0867,1.00,1.00
2018.02.20 13:34:59.664,8.08474,8.08644,1.00,1.00
2018.02.20 13:34:59.715,8.08474,8.08642,1.00,1.00
2018.02.20 13:34:59.818,8.08474,8.08644,1.00,1.00
2018.02.20 13:35:00.486,8.08492,8.08644,1.00,1.00
2018.02.20 13:35:01.220,8.08502,8.08644,1.00,1.00
2018.02.20 13:35:01.271,8.085,8.08644,1.00,1.00
2018.02.20 13:35:02.941,8.08519,8.08676,1.00,1.12
2018.02.20 13:35:03.043,8.08537,8.0868,1.00,1.00
2018.02.20 13:35:03.094,8.08532,8.0868,1.00,1.00
2018.02.20 13:35:03.247,8.08521,8.0868,1.00,1.00
2018.02.20 13:35:03.451,8.08509,8.08667,1.00,1.00
2018.02.20 13:35:03.553,8.08492,8.08655,1.00,1.00
2018.02.20 13:35:03.604,8.08497,8.08654,1.00,1.00
2018.02.20 13:35:03.780,8.08492,8.08653,1.00,1.00
2018.02.20 13:35:03.831,8.08504,8.08654,1.00,1.00
2018.02.20 13:35:03.883,8.08492,8.08654,1.00,1.00
2018.02.20 13:35:03.934,8.08492,8.08651,1.00,1.00
2018.02.20 13:35:04.036,8.08494,8.08656,1.00,1.00
2018.02.20 13:35:04.096,8.08492,8.08653,1.00,1.00
2018.02.20 13:35:04.466,8.08492,8.0865,1.00,1.00
2018.02.20 13:35:04.778,8.08492,8.08644,1.00,1.00
2018.02.20 13:35:06.026,8.08467,8.08626,1.00,1.00
2018.02.20 13:35:06.476,8.08469,8.08626,1.00,1.00
2018.02.20 13:35:08.951,8.08465,8.08626,1.00,1.00
2018.02.20 13:35:09.156,8.08474,8.08626,1.00,1.00
2018.02.20 13:35:09.219,8.08472,8.08626,1.00,1.00
2018.02.20 13:35:09.270,8.08475,8.08626,1.00,1.00
2018.02.20 13:35:09.322,8.08472,8.08626,1.00,1.00
2018.02.20 13:35:09.993,8.08467,8.08626,1.00,1.00
2018.02.20 13:35:10.353,8.08472,8.08626,1.00,1.00
2018.02.20 13:35:10.689,8.0849,8.08646,1.00,1.37
2018.02.20 13:35:11.510,8.08493,8.08646,1.00,1.37
2018.02.20 13:35:11.561,8.08493,8.08646,1.00,1.00
2018.02.20 13:35:12.580,8.08479,8.08646,1.00,1.00
2018.02.20 13:35:13.086,8.0848,8.08646,1.00,1.00
2018.02.20 13:35:13.535,8.08484,8.08646,1.00,1.00
2018.02.20 13:35:15.656,8.08481,8.08646,1.00,1.00
2018.02.20 13:35:15.867,8.08483,8.08646,1.00,1.00
2018.02.20 13:35:17.358,8.08493,8.08659,1.00,1.37
2018.02.20 13:35:17.685,8.08514,8.08681,1.00,1.00
2018.02.20 13:35:17.844,8.08526,8.08684,1.00,1.00
2018.02.20 13:35:17.996,8.08556,8.08722,1.00,1.00
2018.02.20 13:35:18.047,8.08562,8.08722,1.00,1.00
2018.02.20 13:35:18.360,8.08573,8.08735,1.00,1.37
2018.02.20 13:35:18.664,8.08571,8.08726,1.00,1.37
2018.02.20 13:35:18.715,8.08565,8.08722,1.00,1.00
2018.02.20 13:35:19.162,8.08574,8.08735,1.00,1.00
2018.02.20 13:35:19.706,8.08571,8.08732,1.00,1.00
2018.02.20 13:35:20.704,8.08571,8.08725,1.00,1.00
2018.02.20 13:35:20.806,8.08552,8.08713,1.00,1.00
2018.02.20 13:35:21.157,8.08558,8.08719,1.00,1.00
2018.02.20 13:35:21.925,8.08561,8.08721,1.00,1.00
2018.02.20 13:35:22.496,8.08567,8.08721,1.00,1.12
2018.02.20 13:35:22.961,8.08572,8.08721,1.00,1.12
2018.02.20 13:35:23.994,8.08563,8.08721,1.00,1.00
2018.02.20 13:35:24.148,8.0856,8.08721,1.00,1.50
2018.02.20 13:35:24.531,8.08551,8.087,1.00,1.00
2018.02.20 13:35:24.683,8.08539,8.08697,1.00,1.00
2018.02.20 13:35:25.255,8.08543,8.08697,1.00,1.00
2018.02.20 13:35:26.202,8.08544,8.08697,1.00,1.00
2018.02.20 13:35:26.545,8.08578,8.08729,1.00,1.37
2018.02.20 13:35:26.851,8.0858,8.08729,1.00,1.37
2018.02.20 13:35:27.535,8.0858,8.08729,1.00,1.00
2018.02.20 13:35:27.637,8.08585,8.08729,1.00,1.00
2018.02.20 13:35:28.360,8.08592,8.08729,1.00,1.00
2018.02.20 13:35:28.412,8.086,8.08746,1.00,1.37
2018.02.20 13:35:28.564,8.08594,8.08746,1.00,1.37
2018.02.20 13:35:28.953,8.08589,8.08741,1.00,1.00
2018.02.20 13:35:29.066,8.08581,8.08736,1.00,1.00
2018.02.20 13:35:29.283,8.08581,8.08731,1.00,1.00
2018.02.20 13:35:29.893,8.08581,8.0873,1.00,1.00
2018.02.20 13:35:30.658,8.0858,8.0873,1.00,1.00
2018.02.20 13:35:32.768,8.0858,8.08732,1.00,1.00
2018.02.20 13:35:33.066,8.08591,8.08743,1.00,1.00
2018.02.20 13:35:33.370,8.08602,8.08757,1.00,1.50
2018.02.20 13:35:33.527,8.08628,8.08757,1.00,1.00
2018.02.20 13:35:33.688,8.08623,8.08757,1.00,1.00
2018.02.20 13:35:33.838,8.08627,8.08757,1.00,1.00
2018.02.20 13:35:33.991,8.08648,8.088,1.00,1.00
2018.02.20 13:35:34.043,8.08662,8.08817,1.00,1.00
2018.02.20 13:35:34.145,8.08667,8.08817,1.00,1.00
2018.02.20 13:35:34.248,8.08659,8.08817,1.00,1.00
2018.02.20 13:35:34.300,8.08653,8.08812,1.00,1.00
2018.02.20 13:35:34.402,8.0865,8.08811,1.00,1.00
2018.02.20 13:35:34.617,8.0865,8.08806,1.00,1.00
2018.02.20 13:35:34.851,8.08648,8.08806,1.00,1.00
2018.02.20 13:35:34.903,8.08648,8.08801,1.00,1.00
2018.02.20 13:35:35.198,8.08648,8.08803,1.00,1.00
2018.02.20 13:35:35.546,8.08648,8.08805,1.00,1.00
2018.02.20 13:35:36.107,8.08648,8.08802,1.00,1.00
2018.02.20 13:35:36.159,8.08637,8.08798,1.00,1.00
2018.02.20 13:35:36.210,8.08619,8.0878,1.50,1.00
2018.02.20 13:35:36.363,8.08597,8.08776,1.00,1.00
2018.02.20 13:35:36.466,8.08612,8.08774,1.00,1.00
2018.02.20 13:35:36.825,8.08618,8.08777,1.00,1.00
2018.02.20 13:35:37.416,8.08621,8.0878,1.00,1.00
2018.02.20 13:35:37.621,8.08635,8.08796,1.00,1.00
2018.02.20 13:35:37.685,8.08645,8.08799,1.00,1.00
2018.02.20 13:35:37.988,8.08666,8.08799,1.00,1.00
2018.02.20 13:35:38.089,8.08666,8.08825,1.00,1.37
2018.02.20 13:35:38.252,8.08662,8.08824,1.00,1.37
2018.02.20 13:35:38.650,8.08665,8.08828,1.00,1.37
2018.02.20 13:35:38.813,8.08665,8.08828,1.00,1.00
2018.02.20 13:35:38.915,8.08674,8.08837,1.00,1.87
2018.02.20 13:35:39.258,8.08676,8.08837,1.00,1.37
2018.02.20 13:35:39.621,8.08678,8.08841,1.00,1.37
2018.02.20 13:35:39.824,8.08673,8.08836,1.00,1.37
2018.02.20 13:35:39.926,8.08671,8.08835,1.00,1.37
2018.02.20 13:35:39.978,8.08671,8.08835,1.00,1.00
2018.02.20 13:35:40.112,8.0868,8.08842,1.00,1.37
2018.02.20 13:35:40.608,8.08677,8.0884,1.00,1.37
2018.02.20 13:35:40.660,8.08675,8.08839,1.00,1.37
2018.02.20 13:35:40.711,8.08673,8.08836,1.00,1.00
2018.02.20 13:35:41.221,8.08677,8.08838,1.00,1.00
2018.02.20 13:35:41.552,8.08698,8.08842,1.00,1.00
2018.02.20 13:35:43.515,8.08713,8.08864,1.00,1.12
2018.02.20 13:35:43.667,8.08713,8.08868,1.00,1.00
2018.02.20 13:35:43.738,8.08721,8.08876,1.00,1.00
2018.02.20 13:35:44.067,8.08726,8.0888,1.00,1.00
2018.02.20 13:35:44.999,8.08716,8.0887,1.00,1.00
2018.02.20 13:35:45.050,8.0872,8.08875,1.00,1.00
2018.02.20 13:35:45.144,8.08723,8.08877,1.00,1.00
2018.02.20 13:35:45.503,8.0872,8.08875,1.00,1.00
2018.02.20 13:35:45.605,8.08738,8.08883,1.00,1.00
2018.02.20 13:35:45.656,8.08748,8.08901,1.00,1.37
2018.02.20 13:35:46.317,8.08751,8.08904,1.00,1.37
2018.02.20 13:35:46.440,8.08757,8.08904,1.00,1.00
2018.02.20 13:35:46.491,8.08778,8.08928,1.00,1.50
2018.02.20 13:35:46.542,8.08783,8.08938,1.00,1.37
2018.02.20 13:35:46.845,8.08788,8.08943,1.00,1.37
2018.02.20 13:35:47.513,8.08803,8.08945,1.00,1.00
2018.02.20 13:35:47.666,8.08813,8.08968,1.00,1.50
2018.02.20 13:35:47.717,8.08818,8.08968,1.00,1.00
2018.02.20 13:35:47.869,8.08818,8.0897,1.00,1.00
2018.02.20 13:35:48.140,8.08818,8.08972,1.00,1.00
2018.02.20 13:35:48.740,8.08812,8.08965,1.00,1.00
2018.02.20 13:35:49.135,8.08812,8.08963,1.00,1.00
2018.02.20 13:35:49.743,8.08812,8.08964,1.00,1.00
2018.02.20 13:35:49.947,8.08767,8.08959,1.37,1.00
2018.02.20 13:35:49.999,8.08767,8.0894,1.37,1.00
2018.02.20 13:35:50.313,8.0879,8.08935,1.00,1.00
2018.02.20 13:35:50.593,8.0879,8.0894,1.00,1.00
2018.02.20 13:35:50.862,8.08792,8.0894,1.00,1.00
2018.02.20 13:35:51.484,8.08791,8.0894,1.00,1.00
2018.02.20 13:35:51.535,8.08785,8.0894,1.00,1.50
2018.02.20 13:35:51.637,8.08794,8.0894,1.00,1.00
2018.02.20 13:35:51.851,8.08794,8.08943,1.00,1.00
2018.02.20 13:35:52.482,8.08794,8.08944,1.00,1.00
2018.02.20 13:35:52.698,8.08799,8.08945,1.00,1.00
2018.02.20 13:35:53.140,8.08807,8.08953,1.00,1.00
2018.02.20 13:35:54.022,8.08799,8.08953,1.00,1.00
2018.02.20 13:35:54.073,8.08789,8.08944,1.00,1.00
2018.02.20 13:35:54.175,8.08797,8.08943,1.00,1.00
2018.02.20 13:35:54.483,8.0882,8.08956,1.00,1.00
2018.02.20 13:35:54.634,8.08811,8.08956,1.00,1.00
2018.02.20 13:35:54.685,8.08811,8.0896,1.00,1.00
2018.02.20 13:35:56.012,8.08811,8.08959,1.00,1.00
2018.02.20 13:35:56.276,8.08808,8.08959,1.00,1.00
2018.02.20 13:35:56.328,8.08797,8.08949,1.00,1.00
2018.02.20 13:35:56.378,8.0877,8.0892,1.37,1.00
2018.02.20 13:35:56.429,8.08763,8.08913,1.00,1.00
2018.02.20 13:35:56.526,8.08747,8.08899,1.00,1.00
2018.02.20 13:35:56.581,8.08745,8.08887,1.00,1.00
2018.02.20 13:35:56.743,8.0873,8.08883,1.00,1.00
2018.02.20 13:35:56.846,8.08718,8.0887,1.00,1.00
2018.02.20 13:35:57.000,8.08694,8.08847,1.00,1.00
2018.02.20 13:35:57.587,8.087,8.08848,1.00,1.00
2018.02.20 13:35:58.131,8.08704,8.08848,1.00,1.00
2018.02.20 13:35:58.318,8.08697,8.08848,1.00,1.00
2018.02.20 13:36:00.003,8.08695,8.08848,1.00,1.50
2018.02.20 13:36:00.318,8.087,8.08848,1.00,1.00
2018.02.20 13:36:00.520,8.08726,8.08878,1.00,1.00
2018.02.20 13:36:00.571,8.0873,8.0888,1.00,1.00
2018.02.20 13:36:00.622,8.08726,8.08878,1.00,1.00
2018.02.20 13:36:00.723,8.08726,8.08864,1.00,1.00
2018.02.20 13:36:01.124,8.0873,8.08864,1.00,1.00
2018.02.20 13:36:01.176,8.08726,8.08864,1.00,1.00
2018.02.20 13:36:01.283,8.08726,8.08868,1.00,1.00
2018.02.20 13:36:01.403,8.0873,8.08868,1.00,1.00
2018.02.20 13:36:01.610,8.0873,8.0887,1.00,1.00
2018.02.20 13:36:01.862,8.08735,8.0887,1.00,1.00
2018.02.20 13:36:02.103,8.08735,8.08878,1.00,1.00
2018.02.20 13:36:02.600,8.08732,8.08879,1.00,1.00
2018.02.20 13:36:02.714,8.08732,8.08872,1.00,1.00
2018.02.20 13:36:02.766,8.08726,8.08872,1.00,1.00
2018.02.20 13:36:03.047,8.08726,8.08866,1.00,1.00
2018.02.20 13:36:03.659,8.08688,8.08847,1.37,1.00
2018.02.20 13:36:03.820,8.08717,8.08847,1.00,1.00
2018.02.20 13:36:03.922,8.08717,8.08856,1.00,1.00
2018.02.20 13:36:04.121,8.08722,8.08856,1.00,1.00
2018.02.20 13:36:04.274,8.08728,8.08866,1.00,1.00
2018.02.20 13:36:04.325,8.08723,8.08866,1.00,1.00
2018.02.20 13:36:04.400,8.0873,8.08866,1.00,1.00
2018.02.20 13:36:04.553,8.0873,8.08871,1.00,1.00
2018.02.20 13:36:05.089,8.0873,8.08872,1.00,1.00
2018.02.20 13:36:05.190,8.08725,8.08873,1.00,1.00
2018.02.20 13:36:05.292,8.08706,8.08873,1.00,1.00
2018.02.20 13:36:05.342,8.08662,8.08793,1.00,1.00
2018.02.20 13:36:05.393,8.08634,8.08793,1.06,1.00
2018.02.20 13:36:05.545,8.08634,8.08791,1.00,1.00
2018.02.20 13:36:05.870,8.08639,8.08791,1.00,1.00
2018.02.20 13:36:06.277,8.08634,8.08786,1.50,1.00
2018.02.20 13:36:07.624,8.08643,8.08794,1.00,1.00
2018.02.20 13:36:08.458,8.08651,8.08804,1.00,1.00
2018.02.20 13:36:09.556,8.08634,8.088,1.00,1.00
2018.02.20 13:36:09.607,8.08634,8.08796,1.00,1.00
2018.02.20 13:36:10.259,8.08634,8.08805,1.00,1.50
2018.02.20 13:36:10.565,8.08634,8.08802,1.00,1.00
2018.02.20 13:36:10.916,8.08661,8.08805,1.00,1.00
2018.02.20 13:36:10.967,8.08656,8.08805,1.00,1.00
2018.02.20 13:36:13.403,8.08676,8.08814,1.00,1.00
2018.02.20 13:36:13.608,8.08689,8.08837,1.00,1.00
2018.02.20 13:36:13.754,8.08704,8.08837,1.00,1.00
2018.02.20 13:36:13.805,8.08704,8.08841,1.00,1.00
2018.02.20 13:36:14.083,8.08704,8.08847,1.00,1.00
2018.02.20 13:36:14.774,8.08714,8.08847,1.00,1.00
2018.02.20 13:36:14.825,8.08714,8.08859,1.00,1.00
2018.02.20 13:36:14.968,8.08714,8.08864,1.00,1.00
2018.02.20 13:36:15.155,8.08695,8.08858,1.37,1.00
2018.02.20 13:36:15.209,8.08689,8.08847,1.75,1.00
2018.02.20 13:36:15.311,8.08707,8.08857,1.00,1.00
2018.02.20 13:36:15.464,8.08689,8.08847,1.75,1.00
2018.02.20 13:36:16.113,8.08695,8.08847,1.00,1.00
2018.02.20 13:36:16.552,8.08723,8.0886,1.00,1.00
2018.02.20 13:36:16.837,8.08778,8.08923,1.00,1.00
2018.02.20 13:36:16.989,8.0878,8.08923,1.00,1.00
2018.02.20 13:36:17.297,8.0879,8.08925,1.00,1.00
2018.02.20 13:36:17.449,8.0879,8.08932,1.00,1.00
2018.02.20 13:36:17.720,8.0879,8.08938,1.00,1.00
2018.02.20 13:36:17.943,8.0879,8.08933,1.00,1.00
2018.02.20 13:36:17.995,8.0879,8.08938,1.00,1.00
2018.02.20 13:36:18.050,8.0879,8.08927,1.00,1.00
2018.02.20 13:36:18.101,8.08785,8.08927,1.00,1.00
2018.02.20 13:36:18.341,8.08785,8.08931,1.00,1.00
2018.02.20 13:36:18.493,8.08793,8.08931,1.00,1.00
2018.02.20 13:36:18.545,8.0879,8.08931,1.00,1.00
2018.02.20 13:36:18.597,8.08747,8.08928,1.37,1.50
2018.02.20 13:36:18.649,8.08747,8.08902,1.37,1.00
2018.02.20 13:36:18.701,8.08723,8.08884,1.00,1.00
2018.02.20 13:36:18.804,8.08727,8.08879,1.00,1.00
2018.02.20 13:36:19.150,8.08716,8.08864,1.00,1.00
2018.02.20 13:36:19.201,8.0871,8.08862,1.00,1.00
2018.02.20 13:36:19.253,8.08704,8.08855,1.00,1.00
2018.02.20 13:36:19.559,8.08655,8.08807,1.75,1.00
2018.02.20 13:36:19.612,8.08661,8.08811,1.00,1.00
2018.02.20 13:36:19.780,8.08685,8.08811,1.00,1.00
2018.02.20 13:36:20.173,8.08685,8.08833,1.00,1.00
2018.02.20 13:36:20.224,8.08685,8.08838,1.00,1.00
2018.02.20 13:36:20.446,8.08692,8.08828,1.00,1.00
2018.02.20 13:36:20.799,8.08696,8.08828,1.00,1.00
2018.02.20 13:36:21.309,8.08694,8.08828,1.00,1.00
2018.02.20 13:36:21.830,8.08695,8.08828,1.00,1.00
2018.02.20 13:36:21.882,8.087,8.08845,1.00,1.00
2018.02.20 13:36:22.034,8.08703,8.08845,1.00,1.00
2018.02.20 13:36:22.209,8.087,8.08845,1.00,1.00
2018.02.20 13:36:22.362,8.0871,8.08845,1.00,1.00
2018.02.20 13:36:22.679,8.08712,8.08845,1.00,1.00
2018.02.20 13:36:22.807,8.08703,8.08845,1.00,1.00
2018.02.20 13:36:23.720,8.08699,8.08845,1.00,1.00
2018.02.20 13:36:23.771,8.08704,8.08845,1.00,1.00
2018.02.20 13:36:23.822,8.087,8.08845,1.00,1.00
2018.02.20 13:36:23.974,8.08692,8.08845,1.00,1.50
2018.02.20 13:36:24.025,8.08699,8.08845,1.00,1.00
2018.02.20 13:36:24.237,8.08697,8.08845,1.00,1.00
2018.02.20 13:36:24.380,8.08686,8.08839,1.00,1.00
2018.02.20 13:36:24.762,8.08684,8.08834,1.00,1.00
2018.02.20 13:36:28.742,8.08685,8.08837,1.00,1.00
2018.02.20 13:36:28.793,8.08689,8.0884,1.00,1.00
2018.02.20 13:36:29.118,8.08714,8.08865,1.00,1.00
2018.02.20 13:36:29.425,8.08723,8.08865,1.00,1.00
2018.02.20 13:36:30.161,8.08728,8.08865,1.00,1.00
2018.02.20 13:36:30.403,8.08743,8.08896,1.00,1.00
2018.02.20 13:36:30.454,8.08748,8.08899,1.00,1.50
2018.02.20 13:36:30.769,8.08751,8.08899,1.00,1.00
2018.02.20 13:36:30.820,8.08766,8.08917,1.00,1.00
2018.02.20 13:36:30.871,8.0877,8.0892,1.00,1.50
2018.02.20 13:36:30.974,8.0876,8.08913,1.00,1.00
2018.02.20 13:36:31.025,8.08765,8.08917,1.00,1.00
2018.02.20 13:36:31.076,8.0876,8.08913,1.00,1.00
2018.02.20 13:36:31.219,8.08762,8.08914,1.00,1.00
2018.02.20 13:36:32.021,8.08764,8.08916,1.00,1.00
2018.02.20 13:36:32.344,8.08769,8.0892,1.00,1.50
2018.02.20 13:36:32.937,8.08766,8.08917,1.00,1.00
2018.02.20 13:36:33.333,8.08766,8.0891,1.00,1.00
2018.02.20 13:36:33.397,8.08766,8.08913,1.00,1.00
2018.02.20 13:36:33.589,8.08754,8.08906,1.00,1.00
2018.02.20 13:36:33.692,8.08754,8.08903,1.00,1.00
2018.02.20 13:36:34.253,8.08754,8.08902,1.00,1.00
2018.02.20 13:36:34.470,8.08754,8.08904,1.00,1.00
2018.02.20 13:36:34.580,8.08759,8.08904,1.00,1.00
2018.02.20 13:36:34.790,8.08753,8.08903,1.00,1.00
2018.02.20 13:36:35.076,8.08753,8.089,1.00,1.00
2018.02.20 13:36:35.366,8.08786,8.08934,1.00,1.00
2018.02.20 13:36:35.418,8.08802,8.08934,1.00,1.00
2018.02.20 13:36:35.653,8.08815,8.08949,1.00,1.00
2018.02.20 13:36:35.704,8.08822,8.08949,1.00,1.00
2018.02.20 13:36:36.008,8.08849,8.08972,1.00,1.00
2018.02.20 13:36:36.110,8.08849,8.08996,1.00,1.00
2018.02.20 13:36:36.160,8.08856,8.08996,1.00,1.00
2018.02.20 13:36:36.288,8.08851,8.08996,1.00,1.00
2018.02.20 13:36:36.425,8.08848,8.08998,1.00,1.00
2018.02.20 13:36:37.014,8.08848,8.09,1.00,1.50
2018.02.20 13:36:37.125,8.08848,8.08996,1.00,1.00
2018.02.20 13:36:37.434,8.08852,8.08996,1.00,1.00
2018.02.20 13:36:37.486,8.08841,8.08994,1.37,1.00
2018.02.20 13:36:37.537,8.08836,8.08982,1.37,1.00
2018.02.20 13:36:37.814,8.08852,8.08997,1.00,1.00
2018.02.20 13:36:37.867,8.0887,8.09007,1.00,1.00
2018.02.20 13:36:38.120,8.08881,8.09027,1.12,1.00
2018.02.20 13:36:38.171,8.08886,8.09027,1.00,1.00
2018.02.20 13:36:38.400,8.0887,8.09016,1.00,1.00
2018.02.20 13:36:38.451,8.08859,8.08999,1.00,1.00
2018.02.20 13:36:38.502,8.08833,8.08982,1.00,1.00
2018.02.20 13:36:38.553,8.08846,8.08982,1.00,1.00
2018.02.20 13:36:38.858,8.08846,8.08979,1.00,1.00
2018.02.20 13:36:39.333,8.0884,8.08978,1.00,1.00
2018.02.20 13:36:39.434,8.0884,8.08978,1.37,1.00
2018.02.20 13:36:39.783,8.08832,8.08976,1.00,1.00
2018.02.20 13:36:39.966,8.08844,8.08976,1.00,1.00
2018.02.20 13:36:40.017,8.08824,8.08977,1.00,1.00
2018.02.20 13:36:40.068,8.08822,8.08967,1.00,1.00
2018.02.20 13:36:40.373,8.08774,8.08926,1.00,1.00
2018.02.20 13:36:40.474,8.08767,8.08917,1.00,1.00
2018.02.20 13:36:41.385,8.08757,8.0891,1.00,1.00
2018.02.20 13:36:41.436,8.08762,8.08911,1.00,1.00
2018.02.20 13:36:41.487,8.08753,8.08906,1.00,1.00
2018.02.20 13:36:41.538,8.08744,8.08897,1.00,1.00
2018.02.20 13:36:41.950,8.08734,8.08887,1.00,1.00
2018.02.20 13:36:42.995,8.08738,8.08891,1.00,1.00
2018.02.20 13:36:43.758,8.08752,8.08904,1.00,1.37
2018.02.20 13:36:44.011,8.08738,8.08891,1.00,1.00
2018.02.20 13:36:44.113,8.08742,8.08894,1.00,1.00
2018.02.20 13:36:44.684,8.08721,8.08873,1.00,1.00
2018.02.20 13:36:45.036,8.08689,8.08832,1.00,1.00
2018.02.20 13:36:45.087,8.08671,8.08817,1.00,1.00
2018.02.20 13:36:45.139,8.08662,8.08815,1.00,1.00
2018.02.20 13:36:45.190,8.08654,8.08806,1.00,1.00
2018.02.20 13:36:45.242,8.08636,8.08799,1.00,1.00
2018.02.20 13:36:45.395,8.08626,8.08798,1.50,1.00
2018.02.20 13:36:45.446,8.08626,8.08795,1.00,1.00
2018.02.20 13:36:45.497,8.08624,8.08795,1.00,1.00
2018.02.20 13:36:45.549,8.08624,8.08786,1.00,1.00
2018.02.20 13:36:45.882,8.08631,8.08783,1.00,1.00
2018.02.20 13:36:46.396,8.0862,8.08772,1.00,1.00
2018.02.20 13:36:46.544,8.08607,8.0876,1.00,1.00
2018.02.20 13:36:46.596,8.08606,8.08748,1.00,1.00
2018.02.20 13:36:46.919,8.08601,8.08745,1.00,1.00
2018.02.20 13:36:47.021,8.08593,8.08745,1.00,1.00
2018.02.20 13:36:47.185,8.08593,8.08739,1.00,1.00
2018.02.20 13:36:47.451,8.08588,8.08739,1.00,1.00
2018.02.20 13:36:47.572,8.08577,8.08729,1.00,1.00
2018.02.20 13:36:47.623,8.0857,8.08722,1.00,1.00
2018.02.20 13:36:47.937,8.08566,8.08715,1.00,1.00
2018.02.20 13:36:47.989,8.08564,8.08714,1.00,1.00
2018.02.20 13:36:48.040,8.08564,8.0871,1.00,1.00
2018.02.20 13:36:48.092,8.08545,8.08697,1.00,1.00
2018.02.20 13:36:48.195,8.08543,8.08691,1.00,1.00
2018.02.20 13:36:48.574,8.08541,8.08691,1.00,1.50
2018.02.20 13:36:48.625,8.08528,8.08679,1.00,1.00
2018.02.20 13:36:48.727,8.08528,8.08677,1.00,1.00
2018.02.20 13:36:49.050,8.08528,8.08679,1.00,1.00
2018.02.20 13:36:49.701,8.08528,8.08678,1.00,1.00
2018.02.20 13:36:50.191,8.08528,8.08676,1.00,1.00
2018.02.20 13:36:50.360,8.08528,8.08679,1.00,1.50
2018.02.20 13:36:50.891,8.08536,8.08678,1.00,1.00
2018.02.20 13:36:50.942,8.08536,8.08688,1.00,1.00
2018.02.20 13:36:51.145,8.08527,8.0868,1.00,1.00
2018.02.20 13:36:51.196,8.08494,8.08667,1.00,1.00
2018.02.20 13:36:51.247,8.08494,8.08671,1.00,1.00
2018.02.20 13:36:51.298,8.08494,8.0868,1.00,1.00
2018.02.20 13:36:51.400,8.08534,8.08687,1.00,1.00
2018.02.20 13:36:51.914,8.08535,8.08687,1.00,1.00
2018.02.20 13:36:53.694,8.08548,8.08701,1.00,1.37
2018.02.20 13:36:53.746,8.08565,8.08714,1.00,1.00
2018.02.20 13:36:53.797,8.08574,8.08728,1.00,1.12
2018.02.20 13:36:53.848,8.08583,8.08728,1.00,1.12
2018.02.20 13:36:54.154,8.08591,8.08747,1.00,1.75
2018.02.20 13:36:54.206,8.08589,8.08741,1.00,1.50
2018.02.20 13:36:54.783,8.08585,8.08737,1.00,1.37
2018.02.20 13:36:54.834,8.08585,8.08737,1.00,1.00
2018.02.20 13:36:55.059,8.08595,8.08748,1.00,1.00
2018.02.20 13:36:55.110,8.08591,8.08743,1.00,1.00
2018.02.20 13:36:55.281,8.08597,8.0875,1.00,1.00
2018.02.20 13:36:56.121,8.08608,8.08761,1.00,1.00
2018.02.20 13:36:56.450,8.0868,8.0883,1.00,1.12
2018.02.20 13:36:56.502,8.08682,8.08835,1.00,1.00
2018.02.20 13:36:56.604,8.08687,8.08839,1.00,1.00
2018.02.20 13:36:56.910,8.08689,8.08841,1.00,1.00
2018.02.20 13:36:58.288,8.08693,8.08845,1.00,1.00
2018.02.20 13:36:58.338,8.08696,8.08849,1.00,1.00
2018.02.20 13:36:58.536,8.08707,8.08859,1.00,1.00
2018.02.20 13:36:58.891,8.08716,8.08868,1.00,1.00
2018.02.20 13:36:59.837,8.0872,8.08872,1.00,1.00
2018.02.20 13:37:00.142,8.0871,8.08862,1.00,1.00
2018.02.20 13:37:00.636,8.08715,8.08868,1.00,1.50
2018.02.20 13:37:00.758,8.08706,8.08859,1.00,1.00
2018.02.20 13:37:01.107,8.08713,8.08866,1.00,1.00
2018.02.20 13:37:01.447,8.08699,8.08851,1.00,1.00
2018.02.20 13:37:01.601,8.08688,8.08841,1.00,1.00
2018.02.20 13:37:01.653,8.08668,8.08821,1.00,1.00
2018.02.20 13:37:01.960,8.0866,8.08811,1.00,1.00
2018.02.20 13:37:03.223,8.08663,8.08816,1.00,1.00
2018.02.20 13:37:03.375,8.0866,8.08812,1.50,1.00
2018.02.20 13:37:03.780,8.0866,8.08799,1.00,1.00
2018.02.20 13:37:03.833,8.08644,8.08795,1.00,1.00
2018.02.20 13:37:03.885,8.08637,8.08787,1.00,1.00
2018.02.20 13:37:04.041,8.08614,8.08776,1.00,1.00
2018.02.20 13:37:04.144,8.08614,8.08771,1.00,1.00
2018.02.20 13:37:04.572,8.08614,8.08768,1.00,1.00
2018.02.20 13:37:04.878,8.086,8.08752,1.00,1.00
2018.02.20 13:37:05.183,8.0862,8.08768,1.00,1.00
2018.02.20 13:37:05.233,8.08598,8.08749,1.00,1.00
2018.02.20 13:37:06.141,8.08598,8.08738,1.00,1.00
2018.02.20 13:37:06.295,8.08616,8.08767,1.00,1.00
2018.02.20 13:37:06.346,8.08604,8.08757,1.00,1.00
2018.02.20 13:37:06.500,8.086,8.08752,1.00,1.00
2018.02.20 13:37:07.884,8.08598,8.08747,1.00,1.00
2018.02.20 13:37:07.935,8.08595,8.08747,1.00,1.50
2018.02.20 13:37:07.987,8.08591,8.08743,1.00,1.00
2018.02.20 13:37:08.302,8.08573,8.08725,1.00,1.00
2018.02.20 13:37:09.285,8.08592,8.08727,1.00,1.00
2018.02.20 13:37:09.387,8.08597,8.08745,1.00,1.00
2018.02.20 13:37:09.438,8.086,8.08745,1.00,1.00
2018.02.20 13:37:09.780,8.08605,8.08745,1.00,1.00
2018.02.20 13:37:11.644,8.0861,8.08745,1.00,1.00
2018.02.20 13:37:11.696,8.08615,8.08766,1.00,1.37
2018.02.20 13:37:11.748,8.08619,8.08766,1.00,1.37
2018.02.20 13:37:12.887,8.08624,8.08766,1.00,1.37
2018.02.20 13:37:12.939,8.08628,8.08779,1.00,1.00
2018.02.20 13:37:12.999,8.08631,8.08783,1.00,1.87
2018.02.20 13:37:13.112,8.0864,8.08783,1.00,1.12
2018.02.20 13:37:13.547,8.08643,8.08783,1.00,1.12
2018.02.20 13:37:13.683,8.08658,8.08804,1.00,1.00
2018.02.20 13:37:13.839,8.08649,8.08801,1.00,1.00
2018.02.20 13:37:15.541,8.08653,8.08804,1.00,1.00
2018.02.20 13:37:15.592,8.08664,8.08827,1.00,1.37
2018.02.20 13:37:15.694,8.08682,8.0883,1.00,1.37
2018.02.20 13:37:16.213,8.08683,8.0883,1.00,1.37
2018.02.20 13:37:16.264,8.08677,8.08829,1.00,1.00
2018.02.20 13:37:16.365,8.08674,8.08826,1.00,1.00
2018.02.20 13:37:16.762,8.08679,8.0883,1.00,1.00
2018.02.20 13:37:17.099,8.08687,8.0883,1.00,1.00
2018.02.20 13:37:17.150,8.0868,8.0883,1.00,1.00
2018.02.20 13:37:18.668,8.08676,8.08828,1.00,1.00
2018.02.20 13:37:18.821,8.08669,8.08822,1.00,1.00
2018.02.20 13:37:18.873,8.08656,8.08809,1.00,1.00
2018.02.20 13:37:19.184,8.08651,8.08804,1.00,1.00
2018.02.20 13:37:20.972,8.08648,8.08801,1.00,1.00
2018.02.20 13:37:21.387,8.08646,8.08797,1.00,1.00
2018.02.20 13:37:21.661,8.08646,8.08799,1.00,1.00
2018.02.20 13:37:22.957,8.08646,8.08799,1.00,1.37
2018.02.20 13:37:23.433,8.0865,8.08803,1.00,1.37
2018.02.20 13:37:24.681,8.0865,8.08803,1.00,1.00
2018.02.20 13:37:25.601,8.0865,8.08798,1.00,1.00
2018.02.20 13:37:25.652,8.08634,8.08783,1.00,1.00
2018.02.20 13:37:25.859,8.08613,8.08776,1.00,1.00
2018.02.20 13:37:25.910,8.08621,8.08774,1.00,1.00
2018.02.20 13:37:28.904,8.08637,8.08782,1.00,1.37
2018.02.20 13:37:29.075,8.08652,8.08803,1.00,1.00
2018.02.20 13:37:31.317,8.08652,8.08804,1.00,1.00
2018.02.20 13:37:33.577,8.08642,8.08795,1.00,1.00
2018.02.20 13:37:33.730,8.08636,8.08789,1.00,1.00
2018.02.20 13:37:34.037,8.08629,8.08781,1.00,1.00
2018.02.20 13:37:34.343,8.08633,8.08781,1.00,1.00
2018.02.20 13:37:34.395,8.08631,8.08781,1.00,1.00
2018.02.20 13:37:34.446,8.08639,8.08781,1.00,1.00
2018.02.20 13:37:34.701,8.08659,8.08812,1.00,1.37
2018.02.20 13:37:34.752,8.08669,8.08812,1.00,1.37
2018.02.20 13:37:34.804,8.08669,8.08812,1.00,1.00
2018.02.20 13:37:35.179,8.08678,8.0882,1.00,1.00
2018.02.20 13:37:36.415,8.08685,8.08829,1.00,1.00
2018.02.20 13:37:36.602,8.08692,8.08834,1.00,1.00
2018.02.20 13:37:36.653,8.08693,8.08837,1.00,1.00
2018.02.20 13:37:36.922,8.08689,8.08833,1.00,1.00
2018.02.20 13:37:37.583,8.08686,8.0883,1.00,1.00
2018.02.20 13:37:38.343,8.08683,8.08826,1.00,1.00
2018.02.20 13:37:38.670,8.08665,8.08801,1.00,1.00
2018.02.20 13:37:38.721,8.08662,8.08806,1.00,1.00
2018.02.20 13:37:38.825,8.08672,8.08812,1.00,1.00
2018.02.20 13:37:38.876,8.08672,8.08816,1.00,1.00
2018.02.20 13:37:38.928,8.08675,8.08819,1.00,1.00
2018.02.20 13:37:39.261,8.08664,8.08806,1.00,1.00
2018.02.20 13:37:40.888,8.08664,8.08797,1.00,1.00
2018.02.20 13:37:42.863,8.08664,8.08806,1.00,1.12
2018.02.20 13:37:42.914,8.08666,8.08809,1.00,1.37
2018.02.20 13:37:43.225,8.08682,8.08825,1.00,1.75
2018.02.20 13:37:44.170,8.08682,8.08825,1.00,1.00
2018.02.20 13:37:44.221,8.08686,8.0883,1.00,1.00
2018.02.20 13:37:45.038,8.08705,8.08849,1.00,1.37
2018.02.20 13:37:45.141,8.08723,8.08867,1.00,1.00
2018.02.20 13:37:45.244,8.08735,8.08874,1.00,1.00
2018.02.20 13:37:45.585,8.0874,8.08874,1.00,1.00
2018.02.20 13:37:45.858,8.08736,8.08874,1.00,1.00
2018.02.20 13:37:45.910,8.08731,8.08874,1.00,1.50
2018.02.20 13:37:45.961,8.08736,8.0888,1.00,1.37
2018.02.20 13:37:46.113,8.08729,8.08872,1.00,1.00
2018.02.20 13:37:46.927,8.08738,8.08881,1.00,1.37
2018.02.20 13:37:46.978,8.08738,8.08881,1.00,1.00
2018.02.20 13:37:48.073,8.08734,8.08877,1.00,1.00
2018.02.20 13:37:48.377,8.08725,8.08868,1.00,1.00
2018.02.20 13:37:48.493,8.08721,8.08865,1.00,1.00
2018.02.20 13:37:48.548,8.0872,8.08856,1.00,1.00
2018.02.20 13:37:48.701,8.08712,8.08856,1.00,1.00
2018.02.20 13:37:48.907,8.08721,8.08865,1.00,1.00
2018.02.20 13:37:50.312,8.08726,8.08866,1.00,1.00
2018.02.20 13:37:51.439,8.08734,8.08866,1.00,1.00
2018.02.20 13:37:51.491,8.08734,8.08878,1.00,1.00
2018.02.20 13:37:52.279,8.08743,8.08887,1.00,1.37
2018.02.20 13:37:52.331,8.08743,8.08887,1.00,1.00
2018.02.20 13:37:52.449,8.08756,8.08898,1.00,1.37
2018.02.20 13:37:52.553,8.08766,8.0891,1.00,1.00
2018.02.20 13:37:52.604,8.0877,8.08913,1.00,1.00
2018.02.20 13:37:55.457,8.08774,8.08918,1.00,1.00
2018.02.20 13:37:55.865,8.0878,8.08924,1.00,1.00
2018.02.20 13:37:56.208,8.08791,8.08934,1.00,1.00
2018.02.20 13:37:56.725,8.08798,8.08941,1.00,1.87
2018.02.20 13:37:57.668,8.08798,8.08941,1.00,1.50
2018.02.20 13:37:58.049,8.08814,8.08958,1.00,1.00
2018.02.20 13:37:58.101,8.08827,8.08971,1.00,1.37
2018.02.20 13:37:58.408,8.08831,8.08975,1.00,1.37
2018.02.20 13:37:59.143,8.08841,8.08985,1.00,1.00
2018.02.20 13:37:59.194,8.08846,8.08989,1.00,1.00
2018.02.20 13:37:59.500,8.08853,8.08996,1.00,1.00
2018.02.20 13:38:00.966,8.0885,8.08994,1.00,1.00
2018.02.20 13:38:01.021,8.08837,8.08981,1.00,1.00
2018.02.20 13:38:01.346,8.08833,8.08977,1.00,1.00
2018.02.20 13:38:03.527,8.08827,8.08971,1.00,1.00
2018.02.20 13:38:03.956,8.08826,8.08967,1.00,1.00
2018.02.20 13:38:05.158,8.08828,8.08971,1.00,1.00
2018.02.20 13:38:05.311,8.08836,8.08971,1.00,1.00
2018.02.20 13:38:05.363,8.08836,8.0898,1.00,1.00
2018.02.20 13:38:06.470,8.08832,8.08973,1.00,1.00
2018.02.20 13:38:10.024,8.08838,8.08981,1.00,1.00
2018.02.20 13:38:10.076,8.08842,8.0899,1.00,1.00
2018.02.20 13:38:10.128,8.08846,8.09007,1.00,1.37
2018.02.20 13:38:10.513,8.08851,8.08995,1.00,1.37
2018.02.20 13:38:10.846,8.08856,8.08997,1.00,1.37
2018.02.20 13:38:11.722,8.08848,8.08991,1.00,1.12
2018.02.20 13:38:11.774,8.08836,8.0898,1.00,1.00
2018.02.20 13:38:11.825,8.0883,8.08972,1.00,1.00
2018.02.20 13:38:12.131,8.08826,8.08968,1.00,1.00
2018.02.20 13:38:14.772,8.0882,8.08964,1.00,1.00
2018.02.20 13:38:14.926,8.08814,8.08957,1.00,1.00
2018.02.20 13:38:15.640,8.08821,8.08964,1.00,1.00
2018.02.20 13:38:15.998,8.08828,8.08972,1.00,1.37
2018.02.20 13:38:16.050,8.08829,8.08972,1.00,1.00
2018.02.20 13:38:16.101,8.08833,8.08977,1.00,1.00
2018.02.20 13:38:16.153,8.08841,8.08985,1.00,1.00
2018.02.20 13:38:17.847,8.08846,8.08989,1.00,1.00
2018.02.20 13:38:18.029,8.08832,8.08976,1.00,1.00
2018.02.20 13:38:18.135,8.08832,8.08971,1.00,1.37
2018.02.20 13:38:18.447,8.0882,8.08956,1.00,1.00
2018.02.20 13:38:18.498,8.08813,8.08956,1.00,1.00
2018.02.20 13:38:20.205,8.08821,8.08964,1.00,1.00
2018.02.20 13:38:21.501,8.08814,8.08957,1.00,1.00
2018.02.20 13:38:23.258,8.08833,8.08976,1.00,1.00
2018.02.20 13:38:23.628,8.0885,8.08988,1.00,1.37
2018.02.20 13:38:24.201,8.0885,8.08994,1.00,1.00
2018.02.20 13:38:25.716,8.08841,8.08985,1.00,1.00
2018.02.20 13:38:26.022,8.08829,8.08973,1.00,1.00
2018.02.20 13:38:26.796,8.08824,8.08967,1.00,1.00
2018.02.20 13:38:31.033,8.08824,8.08968,1.00,1.00
2018.02.20 13:38:32.992,8.08834,8.08978,1.00,1.00
2018.02.20 13:38:33.297,8.08827,8.08971,1.00,1.00
2018.02.20 13:38:33.613,8.08803,8.08946,1.50,1.00
2018.02.20 13:38:33.832,8.08799,8.08943,1.00,1.00
2018.02.20 13:38:34.775,8.08795,8.08939,1.00,1.00
2018.02.20 13:38:35.150,8.0879,8.08932,1.00,1.00
2018.02.20 13:38:35.465,8.08797,8.08932,1.00,1.00
2018.02.20 13:38:35.743,8.08808,8.0895,1.00,1.00
2018.02.20 13:38:35.846,8.08813,8.0895,1.00,1.00
2018.02.20 13:38:35.975,8.08805,8.0895,1.00,1.00
2018.02.20 13:38:36.027,8.08813,8.0895,1.00,1.00
2018.02.20 13:38:36.284,8.08818,8.08962,1.00,1.00
2018.02.20 13:38:36.568,8.08826,8.08966,1.00,1.00
2018.02.20 13:38:36.804,8.08824,8.08966,1.00,1.00
2018.02.20 13:38:39.528,8.08839,8.08966,1.00,1.00
2018.02.20 13:38:39.580,8.08842,8.08986,1.00,1.00
2018.02.20 13:38:39.631,8.08846,8.08987,1.00,1.00
2018.02.20 13:38:40.024,8.08853,8.08987,1.00,1.00
2018.02.20 13:38:40.845,8.08856,8.08987,1.00,1.00
2018.02.20 13:38:41.679,8.08856,8.09,1.00,1.00
2018.02.20 13:38:41.731,8.08863,8.09006,1.00,1.00
2018.02.20 13:38:42.039,8.08884,8.09026,1.00,1.00
2018.02.20 13:38:42.749,8.08886,8.0903,1.00,1.00
2018.02.20 13:38:45.899,8.08882,8.09025,1.00,1.00
2018.02.20 13:38:46.054,8.08864,8.09008,1.00,1.00
2018.02.20 13:38:46.496,8.08868,8.09012,1.00,1.00
2018.02.20 13:38:46.827,8.08879,8.09021,1.00,1.50
2018.02.20 13:38:47.201,8.08885,8.09021,1.00,1.50
2018.02.20 13:38:49.155,8.08864,8.09008,1.00,1.00
2018.02.20 13:38:49.567,8.0887,8.09013,1.00,1.00
2018.02.20 13:38:50.134,8.08875,8.09019,1.00,1.00
2018.02.20 13:38:50.908,8.08882,8.09021,1.00,1.50
2018.02.20 13:38:51.632,8.08878,8.09021,1.00,1.50
2018.02.20 13:38:53.130,8.08874,8.09018,1.00,1.00
2018.02.20 13:38:53.231,8.08881,8.09021,1.00,1.00
2018.02.20 13:38:56.131,8.08872,8.09016,1.00,1.00
2018.02.20 13:38:57.304,8.08869,8.09012,1.00,1.00
2018.02.20 13:38:57.711,8.08877,8.09021,1.00,1.50
2018.02.20 13:38:58.028,8.08888,8.09031,1.00,1.00
2018.02.20 13:38:58.234,8.08873,8.09017,1.00,1.00
2018.02.20 13:38:58.285,8.0887,8.09013,1.00,1.00
2018.02.20 13:38:58.491,8.08864,8.09008,1.00,1.00
2018.02.20 13:38:58.625,8.08861,8.09002,1.00,1.00
2018.02.20 13:38:58.830,8.08851,8.08995,1.00,1.00
2018.02.20 13:38:58.983,8.08847,8.08991,1.00,1.00
2018.02.20 13:38:59.288,8.08855,8.08996,1.00,1.00
2018.02.20 13:39:00.212,8.08851,8.08994,1.00,1.00
2018.02.20 13:39:00.366,8.08842,8.08986,1.00,1.00
2018.02.20 13:39:00.417,8.08834,8.08978,1.00,1.00
2018.02.20 13:39:00.520,8.08811,8.08958,1.00,1.00
2018.02.20 13:39:00.991,8.08799,8.08946,1.00,1.00
2018.02.20 13:39:01.298,8.08792,8.08937,1.00,1.00
2018.02.20 13:39:02.440,8.08792,8.08933,1.00,1.00
2018.02.20 13:39:02.598,8.08776,8.08924,1.00,1.00
2018.02.20 13:39:02.896,8.08776,8.08922,1.00,1.00
2018.02.20 13:39:03.406,8.08776,8.08921,1.00,1.00
2018.02.20 13:39:03.589,8.08752,8.089,1.00,1.00
2018.02.20 13:39:04.233,8.08765,8.08903,1.00,1.00
2018.02.20 13:39:04.285,8.08767,8.08914,1.00,1.00
2018.02.20 13:39:04.439,8.08765,8.08903,1.00,1.00
2018.02.20 13:39:04.867,8.08744,8.08886,1.00,1.00
2018.02.20 13:39:04.970,8.08744,8.08876,1.00,1.00
2018.02.20 13:39:06.558,8.08744,8.08882,1.00,1.00
2018.02.20 13:39:06.609,8.08744,8.08886,1.00,1.00
2018.02.20 13:39:07.077,8.08742,8.08887,1.00,1.00
2018.02.20 13:39:07.129,8.08742,8.08893,1.50,1.50
2018.02.20 13:39:08.214,8.08742,8.08881,1.00,1.00
2018.02.20 13:39:08.317,8.08737,8.08881,1.00,1.00
2018.02.20 13:39:08.505,8.08707,8.08852,1.00,1.00
2018.02.20 13:39:08.557,8.08693,8.08837,1.00,1.00
2018.02.20 13:39:08.863,8.08681,8.08825,1.00,1.00
2018.02.20 13:39:09.776,8.08675,8.08818,1.00,1.00
2018.02.20 13:39:10.442,8.08651,8.08794,1.00,1.00
2018.02.20 13:39:10.493,8.08647,8.08791,1.00,1.00
2018.02.20 13:39:10.545,8.08645,8.08787,1.00,1.00
2018.02.20 13:39:10.866,8.08653,8.08792,1.00,1.00
2018.02.20 13:39:11.289,8.08679,8.08815,1.00,1.00
2018.02.20 13:39:11.905,8.08698,8.0883,1.00,1.37
2018.02.20 13:39:11.956,8.08706,8.08845,1.00,1.00
2018.02.20 13:39:12.187,8.08711,8.0885,1.00,1.00
2018.02.20 13:39:12.522,8.08706,8.08845,1.00,1.00
2018.02.20 13:39:12.777,8.08714,8.08854,1.00,1.00
2018.02.20 13:39:12.930,8.08706,8.08845,1.00,1.00
2018.02.20 13:39:13.252,8.08716,8.08855,1.00,1.87
2018.02.20 13:39:13.303,8.08714,8.08854,1.00,1.00
2018.02.20 13:39:13.640,8.08672,8.08855,1.50,1.00
2018.02.20 13:39:13.691,8.08672,8.08844,1.00,1.00
2018.02.20 13:39:13.752,8.08647,8.0883,1.37,1.00
2018.02.20 13:39:13.855,8.08699,8.08838,1.00,1.00
2018.02.20 13:39:13.907,8.08702,8.08842,1.00,1.00
2018.02.20 13:39:14.133,8.08714,8.0885,1.00,1.00
2018.02.20 13:39:14.599,8.08711,8.0885,1.00,1.50
2018.02.20 13:39:16.214,8.0871,8.0885,1.00,1.50
2018.02.20 13:39:16.769,8.08711,8.0885,1.00,1.50
2018.02.20 13:39:17.066,8.08708,8.08847,1.00,1.00
2018.02.20 13:39:17.425,8.08714,8.0885,1.00,1.00
2018.02.20 13:39:17.808,8.08709,8.08848,1.00,1.00
2018.02.20 13:39:20.521,8.08715,8.0885,1.00,1.00
2018.02.20 13:39:20.825,8.08746,8.08873,1.00,1.00
2018.02.20 13:39:21.619,8.08742,8.08873,1.00,1.00
2018.02.20 13:39:23.222,8.08722,8.08861,1.00,1.00
2018.02.20 13:39:23.401,8.08712,8.08851,1.00,1.00
2018.02.20 13:39:25.929,8.08717,8.08856,1.00,1.50
2018.02.20 13:39:27.418,8.0872,8.08856,1.00,1.00
2018.02.20 13:39:28.538,8.08736,8.08873,1.00,1.00
2018.02.20 13:39:28.590,8.08732,8.08871,1.00,1.00
2018.02.20 13:39:28.981,8.08716,8.08853,1.00,1.00
2018.02.20 13:39:29.599,8.08715,8.08854,1.00,1.00
2018.02.20 13:39:30.731,8.0872,8.08859,1.00,1.00
2018.02.20 13:39:31.342,8.08722,8.08861,1.00,1.00
2018.02.20 13:39:31.661,8.08717,8.08856,1.00,1.00
2018.02.20 13:39:32.042,8.08708,8.08848,1.00,1.00
2018.02.20 13:39:32.145,8.087,8.08839,1.00,1.00
2018.02.20 13:39:32.247,8.08693,8.08833,1.00,1.00
2018.02.20 13:39:32.299,8.08686,8.08824,1.00,1.00
2018.02.20 13:39:32.452,8.0869,8.0883,1.00,1.50
2018.02.20 13:39:33.709,8.08683,8.08822,1.00,1.00
2018.02.20 13:39:33.811,8.08675,8.08815,1.00,1.00
2018.02.20 13:39:33.862,8.08669,8.08809,1.00,1.00
2018.02.20 13:39:34.171,8.08657,8.08796,1.00,1.00
2018.02.20 13:39:35.436,8.08661,8.088,1.00,1.00
2018.02.20 13:39:36.656,8.08663,8.08802,1.00,1.00
2018.02.20 13:39:36.969,8.08698,8.08837,1.00,1.00
2018.02.20 13:39:37.611,8.08699,8.08838,1.00,1.00
2018.02.20 13:39:38.380,8.08707,8.08845,1.00,1.00
2018.02.20 13:39:38.432,8.08707,8.08847,1.00,1.00
2018.02.20 13:39:38.534,8.08715,8.08851,1.00,1.00
2018.02.20 13:39:39.266,8.08716,8.08851,1.00,1.00
2018.02.20 13:39:39.607,8.08716,8.08855,1.00,1.00
2018.02.20 13:39:39.758,8.08723,8.08862,1.00,1.00
2018.02.20 13:39:42.046,8.08727,8.08866,1.00,1.00
2018.02.20 13:39:44.153,8.08768,8.08881,1.00,1.00
2018.02.20 13:39:44.257,8.08759,8.08899,1.00,1.37
2018.02.20 13:39:44.310,8.08775,8.08906,1.00,1.00
2018.02.20 13:39:44.415,8.0877,8.08906,1.00,1.00
2018.02.20 13:39:44.542,8.08764,8.08903,1.00,1.00
2018.02.20 13:39:44.593,8.08768,8.08906,1.00,1.00
2018.02.20 13:39:45.207,8.08768,8.08907,1.00,1.00
2018.02.20 13:39:45.635,8.08773,8.08912,1.00,1.00
2018.02.20 13:39:45.960,8.08784,8.08917,1.00,1.00
2018.02.20 13:39:46.450,8.08788,8.08917,1.00,1.00
2018.02.20 13:39:47.844,8.08718,8.08833,1.00,1.00
2018.02.20 13:39:48.049,8.08664,8.08785,1.00,1.00
2018.02.20 13:39:48.152,8.08664,8.08796,1.00,1.00
2018.02.20 13:39:49.878,8.08665,8.08796,1.00,1.00
2018.02.20 13:39:51.681,8.08659,8.08797,1.00,1.00
2018.02.20 13:39:54.206,8.08648,8.08781,1.00,1.00
2018.02.20 13:39:54.257,8.08644,8.08781,1.00,1.00
2018.02.20 13:39:54.411,8.08651,8.08789,1.00,1.00
2018.02.20 13:39:54.513,8.08667,8.08804,1.00,1.00
2018.02.20 13:39:54.838,8.08695,8.0883,1.00,1.37
2018.02.20 13:39:56.270,8.08695,8.0883,1.00,1.00
2018.02.20 13:39:57.284,8.08678,8.08816,1.00,1.00
2018.02.20 13:39:57.337,8.08654,8.0881,1.00,1.00
2018.02.20 13:39:57.388,8.08654,8.08813,1.00,1.00
2018.02.20 13:39:57.439,8.0867,8.08805,1.00,1.00
2018.02.20 13:39:59.115,8.08672,8.0881,1.00,1.00
2018.02.20 13:39:59.472,8.08666,8.08801,1.00,1.00
2018.02.20 13:39:59.925,8.08661,8.08799,1.00,1.00
2018.02.20 13:40:00.958,8.08669,8.08807,1.00,1.00
2018.02.20 13:40:01.083,8.0867,8.0881,1.00,1.00
2018.02.20 13:40:01.606,8.08669,8.0881,1.00,1.00
2018.02.20 13:40:01.902,8.08678,8.08817,1.00,1.00
2018.02.20 13:40:02.496,8.08685,8.08825,1.00,1.00
2018.02.20 13:40:02.636,8.08725,8.08856,1.00,1.37
2018.02.20 13:40:02.842,8.08728,8.08898,1.00,1.37
2018.02.20 13:40:03.040,8.08729,8.08879,1.00,1.00
2018.02.20 13:40:03.250,8.08726,8.08879,1.00,1.00
2018.02.20 13:40:03.352,8.0873,8.08879,1.00,1.00
2018.02.20 13:40:03.662,8.0873,8.08864,1.00,1.00
2018.02.20 13:40:03.715,8.08715,8.08864,1.00,1.00
2018.02.20 13:40:03.766,8.08712,8.08864,1.00,1.00
2018.02.20 13:40:03.924,8.08724,8.08863,1.00,1.00
2018.02.20 13:40:04.428,8.08733,8.08863,1.00,1.00
2018.02.20 13:40:04.642,8.08728,8.08863,1.00,1.00
2018.02.20 13:40:05.287,8.08736,8.08863,1.00,1.00
2018.02.20 13:40:05.601,8.08745,8.08887,1.00,1.37
2018.02.20 13:40:06.025,8.08741,8.08882,1.00,1.37
2018.02.20 13:40:06.077,8.0873,8.08871,1.00,1.37
2018.02.20 13:40:06.229,8.08723,8.08865,1.00,1.00
2018.02.20 13:40:06.280,8.08726,8.08868,1.00,1.00
2018.02.20 13:40:06.584,8.08743,8.08885,1.00,1.00
2018.02.20 13:40:07.340,8.08752,8.08892,1.00,1.00
2018.02.20 13:40:07.728,8.08768,8.08909,1.00,1.37
2018.02.20 13:40:07.905,8.08768,8.08909,1.00,1.00
2018.02.20 13:40:08.258,8.08775,8.08915,1.00,1.00
2018.02.20 13:40:08.564,8.0877,8.0891,1.00,1.00
2018.02.20 13:40:09.391,8.08764,8.08905,1.00,1.00
2018.02.20 13:40:09.452,8.08763,8.08893,1.00,1.00
2018.02.20 13:40:14.105,8.08775,8.08911,1.00,1.00
2018.02.20 13:40:14.157,8.08788,8.08911,1.00,1.00
2018.02.20 13:40:14.311,8.08807,8.08949,1.00,1.75
2018.02.20 13:40:16.262,8.08808,8.08947,1.00,1.75
2018.02.20 13:40:17.301,8.08808,8.08947,1.00,1.00
2018.02.20 13:40:18.182,8.08802,8.08943,1.00,1.00
2018.02.20 13:40:18.843,8.08794,8.08935,1.00,1.00
2018.02.20 13:40:21.763,8.08798,8.0894,1.00,1.00
2018.02.20 13:40:22.374,8.08778,8.0892,1.00,1.00
2018.02.20 13:40:22.677,8.08782,8.08924,1.00,1.00
2018.02.20 13:40:25.658,8.08786,8.08928,1.00,1.50
2018.02.20 13:40:28.031,8.08791,8.08928,1.00,1.00
2018.02.20 13:40:28.335,8.08801,8.08928,1.00,1.00
2018.02.20 13:40:30.018,8.08795,8.08928,1.00,1.00
2018.02.20 13:40:30.069,8.08791,8.08928,1.00,1.00
2018.02.20 13:40:30.120,8.08786,8.08928,1.00,1.50
2018.02.20 13:40:30.539,8.0878,8.08921,1.00,1.00
2018.02.20 13:40:30.925,8.08769,8.0891,1.00,1.50
2018.02.20 13:40:31.258,8.08768,8.08907,1.00,1.00
2018.02.20 13:40:32.337,8.08767,8.0891,1.00,1.50
2018.02.20 13:40:32.703,8.08764,8.08905,1.00,1.00
2018.02.20 13:40:32.890,8.08753,8.08896,1.00,1.00
2018.02.20 13:40:33.293,8.08747,8.08891,1.00,1.00
2018.02.20 13:40:33.344,8.08754,8.08893,1.00,1.00
2018.02.20 13:40:34.425,8.08758,8.08893,1.00,1.00
2018.02.20 13:40:34.579,8.08773,8.08912,1.00,1.00
2018.02.20 13:40:34.938,8.08769,8.08911,1.00,1.00
2018.02.20 13:40:36.292,8.08774,8.08912,1.00,1.50
2018.02.20 13:40:36.691,8.08779,8.08912,1.00,1.00
2018.02.20 13:40:36.769,8.08766,8.08912,1.00,1.00
2018.02.20 13:40:36.820,8.08759,8.08911,1.00,1.00
2018.02.20 13:40:38.049,8.08763,8.08912,1.00,1.00
2018.02.20 13:40:38.453,8.08771,8.08912,1.00,1.00
2018.02.20 13:40:40.119,8.08777,8.08912,1.00,1.00
2018.02.20 13:40:40.170,8.08774,8.08924,1.00,1.00
2018.02.20 13:40:40.223,8.08803,8.0893,1.00,1.00
2018.02.20 13:40:40.531,8.08791,8.08942,1.00,1.00
2018.02.20 13:40:40.737,8.08791,8.0893,1.00,1.00
2018.02.20 13:40:43.676,8.08782,8.0893,1.00,1.50
2018.02.20 13:40:43.838,8.08775,8.08911,1.00,1.00
2018.02.20 13:40:44.424,8.08779,8.08911,1.00,1.00
2018.02.20 13:40:46.317,8.08776,8.08911,1.00,1.00
2018.02.20 13:40:46.658,8.08771,8.08911,1.00,1.00
2018.02.20 13:40:46.709,8.08765,8.08911,1.00,1.00
2018.02.20 13:40:46.760,8.08771,8.08911,1.00,1.00
2018.02.20 13:40:46.811,8.08762,8.08909,1.00,1.00
2018.02.20 13:40:47.114,8.08762,8.08906,1.00,1.00
2018.02.20 13:40:47.635,8.08762,8.08905,1.00,1.00
2018.02.20 13:40:47.686,8.08758,8.08905,1.00,1.00
2018.02.20 13:40:48.173,8.08758,8.0889,1.00,1.00
2018.02.20 13:40:48.915,8.08758,8.08903,1.00,1.00
2018.02.20 13:40:49.017,8.08758,8.08909,1.00,1.50
2018.02.20 13:40:49.590,8.08758,8.08907,1.00,1.00
2018.02.20 13:40:49.968,8.08755,8.08904,1.00,1.00
2018.02.20 13:40:50.869,8.08747,8.08901,1.00,1.00
2018.02.20 13:40:51.849,8.08746,8.08904,1.00,1.00
2018.02.20 13:40:51.987,8.08762,8.08911,1.00,1.00
2018.02.20 13:40:52.038,8.08765,8.08923,1.00,1.00
2018.02.20 13:40:52.089,8.08772,8.08928,1.00,1.00
2018.02.20 13:40:52.535,8.08753,8.08911,1.00,1.00
2018.02.20 13:40:52.586,8.08747,8.08905,1.00,1.00
2018.02.20 13:40:52.892,8.08753,8.08911,1.00,1.00
2018.02.20 13:40:53.416,8.08749,8.08905,1.00,1.00
2018.02.20 13:40:55.670,8.08759,8.08914,1.00,1.00
2018.02.20 13:40:55.822,8.08753,8.08911,1.00,1.00
2018.02.20 13:40:56.513,8.08757,8.08914,1.00,1.00
2018.02.20 13:40:58.087,8.08753,8.08911,1.00,1.00
2018.02.20 13:40:58.430,8.08774,8.08914,1.00,1.00
2018.02.20 13:40:58.481,8.08774,8.08932,1.00,1.00
2018.02.20 13:40:58.532,8.08787,8.08934,1.00,1.00
2018.02.20 13:40:58.634,8.08794,8.08952,1.00,1.37
2018.02.20 13:40:59.000,8.08794,8.08952,1.00,1.00
2018.02.20 13:40:59.694,8.08789,8.08944,1.00,1.00
2018.02.20 13:41:00.424,8.08782,8.0894,1.00,1.00
2018.02.20 13:41:00.528,8.08778,8.08934,1.00,1.00
2018.02.20 13:41:00.580,8.08773,8.08931,1.50,1.00
2018.02.20 13:41:01.461,8.08773,8.08931,2.25,1.00
2018.02.20 13:41:01.512,8.08776,8.08934,1.50,1.00
2018.02.20 13:41:01.563,8.0878,8.08938,1.37,1.00
2018.02.20 13:41:01.614,8.08784,8.08942,1.37,1.00
2018.02.20 13:41:01.716,8.08795,8.08953,1.00,1.00
2018.02.20 13:41:01.771,8.0881,8.08976,1.00,1.00
2018.02.20 13:41:01.822,8.08811,8.08979,1.00,1.00
2018.02.20 13:41:01.873,8.08846,8.09011,1.00,1.00
2018.02.20 13:41:02.201,8.08837,8.08998,1.00,1.00
2018.02.20 13:41:02.968,8.08837,8.08998,1.37,1.00
2018.02.20 13:41:04.415,8.08837,8.08998,1.37,1.00
2018.02.20 13:41:06.215,8.08832,8.08998,1.37,1.00
2018.02.20 13:41:06.612,8.08823,8.08977,1.37,1.00
2018.02.20 13:41:07.098,8.08837,8.09002,1.12,1.00
2018.02.20 13:41:07.149,8.08837,8.08997,1.12,1.00
2018.02.20 13:41:07.709,8.08837,8.08994,1.12,1.00
2018.02.20 13:41:08.135,8.08837,8.08994,1.37,1.00
2018.02.20 13:41:10.531,8.08837,8.09006,1.37,1.00
2018.02.20 13:41:10.632,8.0884,8.08994,1.12,1.00
2018.02.20 13:41:10.940,8.08828,8.08991,1.37,1.00
2018.02.20 13:41:11.270,8.08828,8.08985,1.37,1.00
2018.02.20 13:41:11.773,8.08828,8.08992,1.37,1.00
2018.02.20 13:41:11.824,8.08828,8.08997,1.37,1.00
2018.02.20 13:41:11.977,8.08838,8.09001,1.37,1.00
2018.02.20 13:41:12.029,8.08842,8.09004,1.00,1.00
2018.02.20 13:41:12.131,8.08849,8.09012,1.00,1.00
2018.02.20 13:41:12.269,8.08849,8.09018,1.50,1.00
2018.02.20 13:41:13.416,8.08849,8.09018,1.37,1.00
2018.02.20 13:41:13.742,8.08836,8.09001,1.75,1.00
2018.02.20 13:41:14.649,8.08834,8.09001,1.37,1.00
2018.02.20 13:41:15.055,8.08828,8.08991,1.87,1.00
2018.02.20 13:41:15.379,8.08821,8.08983,1.50,1.00
2018.02.20 13:41:15.841,8.08821,8.08983,1.37,1.00
2018.02.20 13:41:18.692,8.08819,8.08983,1.37,1.00
2018.02.20 13:41:20.256,8.08828,8.08983,1.00,1.00
2018.02.20 13:41:20.567,8.08866,8.08983,1.00,1.00
2018.02.20 13:41:21.815,8.08866,8.09004,1.00,1.00
2018.02.20 13:41:21.866,8.08867,8.09002,1.00,1.00
2018.02.20 13:41:22.298,8.08866,8.09005,1.00,1.00
2018.02.20 13:41:25.382,8.08871,8.0901,1.00,1.00
2018.02.20 13:41:26.541,8.08863,8.09002,1.00,1.00
2018.02.20 13:41:31.429,8.08865,8.09004,1.00,1.00
2018.02.20 13:41:32.163,8.08851,8.08991,1.00,1.00
2018.02.20 13:41:32.264,8.08857,8.08996,1.00,1.00
2018.02.20 13:41:32.591,8.08864,8.09003,1.00,1.00
2018.02.20 13:41:33.229,8.08859,8.08998,1.00,1.00
2018.02.20 13:41:33.523,8.0885,8.0899,1.00,1.00
2018.02.20 13:41:34.256,8.08841,8.08981,1.00,1.00
2018.02.20 13:41:34.573,8.08867,8.09006,1.00,1.00
2018.02.20 13:41:34.831,8.08843,8.08983,1.00,1.00
2018.02.20 13:41:35.517,8.08832,8.08972,1.37,1.00
2018.02.20 13:41:35.671,8.08818,8.08958,1.00,1.00
2018.02.20 13:41:35.876,8.08834,8.08971,1.00,1.50
2018.02.20 13:41:36.199,8.08845,8.08985,1.00,1.00
2018.02.20 13:41:36.366,8.0884,8.0898,1.00,1.00
2018.02.20 13:41:36.681,8.08846,8.08986,1.00,1.00
2018.02.20 13:41:37.043,8.08862,8.08992,1.00,1.00
2018.02.20 13:41:37.094,8.08857,8.08992,1.00,1.00
2018.02.20 13:41:37.148,8.08855,8.08992,1.00,1.00
2018.02.20 13:41:37.709,8.0885,8.08987,1.00,1.00
2018.02.20 13:41:38.199,8.08865,8.08992,1.00,1.00
2018.02.20 13:41:38.506,8.08905,8.09011,1.00,1.00
2018.02.20 13:41:38.687,8.08884,8.09011,1.00,1.00
2018.02.20 13:41:39.008,8.08879,8.09011,1.00,1.00
2018.02.20 13:41:39.311,8.08876,8.09011,1.00,1.00
2018.02.20 13:41:39.464,8.08882,8.09011,1.00,1.00
2018.02.20 13:41:39.515,8.08882,8.0902,1.00,1.00
2018.02.20 13:41:42.378,8.08881,8.09018,1.00,1.00
2018.02.20 13:41:42.906,8.08884,8.09021,1.00,1.00
2018.02.20 13:41:43.230,8.08886,8.09023,1.00,1.00
2018.02.20 13:41:44.333,8.08881,8.09018,1.00,1.00
2018.02.20 13:41:44.675,8.08871,8.09008,1.00,1.00
2018.02.20 13:41:46.255,8.08867,8.09005,1.00,1.00
2018.02.20 13:41:46.306,8.08858,8.08996,1.00,1.00
2018.02.20 13:41:46.679,8.08858,8.08992,1.00,1.00
2018.02.20 13:41:47.351,8.08858,8.09002,1.00,1.00
2018.02.20 13:41:47.631,8.08858,8.08999,1.00,1.00
2018.02.20 13:41:47.787,8.08845,8.08989,1.00,1.00
2018.02.20 13:41:48.289,8.08844,8.0899,1.00,1.00
2018.02.20 13:41:48.390,8.0884,8.08986,1.00,1.00
2018.02.20 13:41:48.742,8.08844,8.0899,1.00,1.00
2018.02.20 13:41:49.108,8.08834,8.0898,1.00,1.00
2018.02.20 13:41:51.631,8.08843,8.08987,1.00,1.00
2018.02.20 13:41:52.254,8.08816,8.08962,1.00,1.00
2018.02.20 13:41:52.306,8.08831,8.08978,1.00,1.00
2018.02.20 13:41:52.408,8.08833,8.08978,1.00,1.00
2018.02.20 13:41:52.584,8.08819,8.08965,1.00,1.00
2018.02.20 13:41:52.636,8.08817,8.08963,1.00,1.00
2018.02.20 13:41:52.943,8.08815,8.08961,1.00,1.00
2018.02.20 13:41:54.241,8.08812,8.08958,1.00,1.00
2018.02.20 13:41:56.606,8.08808,8.08954,1.87,1.00
2018.02.20 13:41:57.877,8.08808,8.08954,1.50,1.00
2018.02.20 13:42:01.203,8.08805,8.0895,1.00,1.00
2018.02.20 13:42:01.507,8.08788,8.08934,1.37,1.00
2018.02.20 13:42:01.850,8.08799,8.08935,1.00,1.00
2018.02.20 13:42:02.164,8.08802,8.08935,1.00,1.00
2018.02.20 13:42:02.295,8.08802,8.08948,1.00,1.00
2018.02.20 13:42:03.186,8.08797,8.08943,1.00,1.00
2018.02.20 13:42:06.948,8.08803,8.08948,1.00,1.00
2018.02.20 13:42:09.173,8.08806,8.08952,1.00,1.00
2018.02.20 13:42:10.973,8.08825,8.0897,1.00,1.00
2018.02.20 13:42:11.278,8.08837,8.08973,1.00,1.00
2018.02.20 13:42:13.530,8.0883,8.08973,1.00,1.00
2018.02.20 13:42:13.581,8.0883,8.08967,1.00,1.00
2018.02.20 13:42:13.633,8.0883,8.0897,1.00,1.00
2018.02.20 13:42:13.806,8.08833,8.08978,1.00,1.00
2018.02.20 13:42:13.858,8.08842,8.08986,1.00,1.00
2018.02.20 13:42:14.020,8.08844,8.0899,1.00,1.00
2018.02.20 13:42:14.071,8.08858,8.09,1.00,1.00
2018.02.20 13:42:14.635,8.0886,8.09,1.00,1.00
2018.02.20 13:42:14.982,8.08852,8.08998,1.00,1.00
2018.02.20 13:42:15.952,8.08854,8.09,1.00,1.00
2018.02.20 13:42:16.426,8.08863,8.09009,1.00,1.00
2018.02.20 13:42:17.131,8.08863,8.09008,1.00,1.00
2018.02.20 13:42:21.981,8.0886,8.09019,1.37,1.50
2018.02.20 13:42:22.563,8.08856,8.09014,1.37,1.00
2018.02.20 13:42:24.256,8.08856,8.09014,1.37,1.00
2018.02.20 13:42:24.308,8.08863,8.09019,1.00,1.00
2018.02.20 13:42:24.411,8.08897,8.09056,1.00,1.00
2018.02.20 13:42:24.462,8.08908,8.09058,1.12,1.00
2018.02.20 13:42:25.753,8.08901,8.09058,1.00,1.00
2018.02.20 13:42:25.803,8.08899,8.09045,1.00,1.00
2018.02.20 13:42:26.143,8.08863,8.09008,1.00,1.00
2018.02.20 13:42:26.473,8.08859,8.09004,1.12,1.00
2018.02.20 13:42:28.041,8.0885,8.08996,1.00,1.00
2018.02.20 13:42:28.975,8.08859,8.08996,1.00,1.00
2018.02.20 13:42:29.838,8.0885,8.08988,1.00,1.00
2018.02.20 13:42:30.698,8.08855,8.0899,1.00,1.00
2018.02.20 13:42:30.901,8.0884,8.08986,1.00,1.00
2018.02.20 13:42:31.037,8.08834,8.08963,1.00,1.00
2018.02.20 13:42:31.089,8.08828,8.08963,1.00,1.00
2018.02.20 13:42:31.141,8.08805,8.08942,1.37,1.00
2018.02.20 13:42:32.761,8.08794,8.08925,1.00,1.00
2018.02.20 13:42:32.812,8.08784,8.08921,1.00,1.00
2018.02.20 13:42:33.897,8.08776,8.08913,1.00,1.00
2018.02.20 13:42:34.676,8.08771,8.08908,1.00,1.00
2018.02.20 13:42:35.459,8.08762,8.08899,1.00,1.00
2018.02.20 13:42:35.511,8.08755,8.08896,1.50,1.00
2018.02.20 13:42:35.947,8.08736,8.08874,1.37,1.00
2018.02.20 13:42:36.050,8.08714,8.08856,1.00,1.00
2018.02.20 13:42:36.101,8.08709,8.08859,1.00,1.00
2018.02.20 13:42:36.204,8.08739,8.08882,1.00,1.00
2018.02.20 13:42:36.537,8.08752,8.08885,1.00,1.00
2018.02.20 13:42:36.872,8.08762,8.08904,1.00,1.00
2018.02.20 13:42:37.140,8.08765,8.08908,1.00,1.00
2018.02.20 13:42:37.192,8.08774,8.08918,1.00,1.00
2018.02.20 13:42:37.294,8.08771,8.08913,1.00,1.00
2018.02.20 13:42:37.345,8.08779,8.08922,1.00,1.00
2018.02.20 13:42:38.593,8.08787,8.08924,1.00,1.00
2018.02.20 13:42:39.681,8.08779,8.08924,1.00,1.00
2018.02.20 13:42:40.060,8.08788,8.08933,1.00,1.00
2018.02.20 13:42:42.696,8.08796,8.08941,1.00,1.00
2018.02.20 13:42:44.181,8.08775,8.08921,1.00,1.00
2018.02.20 13:42:44.232,8.08772,8.08918,1.00,1.00
2018.02.20 13:42:45.497,8.08777,8.08921,1.00,1.00
2018.02.20 13:42:45.644,8.08781,8.08927,1.00,1.00
2018.02.20 13:42:45.695,8.08787,8.0893,1.00,1.00
2018.02.20 13:42:45.796,8.0879,8.08935,1.00,1.00
2018.02.20 13:42:46.094,8.08794,8.0894,1.00,1.00
2018.02.20 13:42:48.130,8.08789,8.08935,1.00,1.00
2018.02.20 13:42:48.434,8.08786,8.08931,1.00,1.00
2018.02.20 13:42:50.372,8.08777,8.08923,1.00,1.00
2018.02.20 13:42:50.474,8.08773,8.08919,1.00,1.00
2018.02.20 13:42:50.955,8.08777,8.08923,1.00,1.00
2018.02.20 13:42:51.881,8.08786,8.08923,1.00,1.00
2018.02.20 13:42:52.465,8.08787,8.08922,1.00,1.00
2018.02.20 13:42:52.949,8.08783,8.0892,1.00,1.00
2018.02.20 13:42:53.118,8.08778,8.08915,1.00,1.00
2018.02.20 13:42:53.219,8.08764,8.08902,1.00,1.00
2018.02.20 13:42:53.270,8.08756,8.08893,1.37,1.00
2018.02.20 13:42:53.372,8.08748,8.08885,1.00,1.00
2018.02.20 13:42:53.423,8.08742,8.08877,1.00,1.00
2018.02.20 13:42:54.363,8.08748,8.08885,1.00,1.00
2018.02.20 13:42:54.851,8.08751,8.08885,1.00,1.00
2018.02.20 13:42:55.682,8.08754,8.0889,1.00,1.00
2018.02.20 13:42:55.733,8.08757,8.08894,1.00,1.00
2018.02.20 13:42:55.785,8.0876,8.08895,1.00,1.00
2018.02.20 13:42:56.086,8.08772,8.08902,1.00,1.00
2018.02.20 13:42:56.187,8.08772,8.08905,1.00,1.00
2018.02.20 13:42:56.289,8.08772,8.0891,1.50,1.00
2018.02.20 13:42:56.466,8.08776,8.08913,1.00,1.00
2018.02.20 13:42:58.998,8.0879,8.08913,1.00,1.00
2018.02.20 13:42:59.804,8.0879,8.08918,1.00,1.00
2018.02.20 13:42:59.856,8.0879,8.08925,1.00,1.00
2018.02.20 13:42:59.908,8.08793,8.0893,1.00,1.00
2018.02.20 13:42:59.959,8.0879,8.08924,1.00,1.00
2018.02.20 13:43:00.316,8.0879,8.08919,1.00,1.00
2018.02.20 13:43:00.765,8.0879,8.08915,1.00,1.00
2018.02.20 13:43:02.626,8.0879,8.08911,1.00,1.00
2018.02.20 13:43:02.779,8.0879,8.08919,1.00,1.00
2018.02.20 13:43:02.932,8.0879,8.0893,1.00,1.00
2018.02.20 13:43:03.085,8.0879,8.08921,1.00,1.00
2018.02.20 13:43:03.594,8.0879,8.08916,1.00,1.00
2018.02.20 13:43:04.102,8.0879,8.08909,1.00,1.00
2018.02.20 13:43:04.153,8.08769,8.08905,1.00,1.00
2018.02.20 13:43:04.398,8.08769,8.089,1.00,1.00
2018.02.20 13:43:05.178,8.08769,8.08903,1.00,1.00
2018.02.20 13:43:07.069,8.08769,8.08913,1.00,1.00
2018.02.20 13:43:07.653,8.08769,8.08917,1.00,1.00
2018.02.20 13:43:07.706,8.08788,8.08921,1.00,1.00
2018.02.20 13:43:07.757,8.08788,8.08923,1.00,1.00
2018.02.20 13:43:07.861,8.08788,8.08912,1.00,1.00
2018.02.20 13:43:08.015,8.08745,8.08885,1.37,1.00
2018.02.20 13:43:08.066,8.08745,8.08881,1.37,1.00
2018.02.20 13:43:08.854,8.08745,8.0889,1.37,1.00
2018.02.20 13:43:09.006,8.08774,8.08894,1.00,1.00
2018.02.20 13:43:09.057,8.08755,8.08894,1.00,1.00
2018.02.20 13:43:10.265,8.08755,8.0889,1.00,1.00
2018.02.20 13:43:10.922,8.08755,8.08893,1.00,1.00
2018.02.20 13:43:11.281,8.08755,8.08879,1.00,1.00
2018.02.20 13:43:11.332,8.08755,8.08891,1.00,1.00
2018.02.20 13:43:11.383,8.08759,8.08896,1.00,1.00
2018.02.20 13:43:11.435,8.08762,8.089,1.00,1.00
2018.02.20 13:43:11.738,8.08769,8.08906,1.00,1.00
2018.02.20 13:43:13.277,8.08765,8.08902,1.00,1.00
2018.02.20 13:43:15.051,8.08755,8.08883,1.00,1.00
2018.02.20 13:43:15.103,8.08746,8.08883,1.00,1.00
2018.02.20 13:43:15.154,8.08735,8.08872,1.50,1.00
2018.02.20 13:43:15.257,8.08739,8.08876,1.01,1.00
2018.02.20 13:43:15.309,8.08735,8.08871,1.00,1.00
2018.02.20 13:43:15.515,8.08726,8.08863,1.00,1.00
2018.02.20 13:43:15.566,8.08716,8.0885,1.00,1.00
2018.02.20 13:43:15.804,8.0867,8.08807,1.50,1.00
2018.02.20 13:43:15.855,8.08667,8.08802,1.00,1.00
2018.02.20 13:43:15.957,8.08665,8.08802,1.00,1.00
2018.02.20 13:43:16.009,8.08647,8.08781,1.37,1.00
2018.02.20 13:43:16.060,8.08648,8.08787,1.00,1.00
2018.02.20 13:43:16.212,8.08638,8.08778,1.00,1.00
2018.02.20 13:43:16.314,8.08628,8.08766,1.00,1.00
2018.02.20 13:43:16.519,8.08611,8.0875,1.00,1.00
2018.02.20 13:43:16.620,8.08613,8.08752,1.00,1.00
2018.02.20 13:43:17.855,8.0862,8.08759,1.00,1.00
2018.02.20 13:43:18.161,8.08623,8.08762,1.00,1.00
2018.02.20 13:43:18.270,8.08616,8.08756,1.00,1.00
2018.02.20 13:43:19.194,8.08621,8.0876,1.00,1.00
2018.02.20 13:43:19.950,8.08625,8.08765,1.00,1.37
2018.02.20 13:43:20.002,8.08629,8.08769,1.00,1.00
2018.02.20 13:43:20.053,8.08639,8.08779,1.00,1.00
2018.02.20 13:43:20.374,8.0865,8.0879,1.00,1.37
2018.02.20 13:43:20.425,8.08647,8.08786,1.00,1.37
2018.02.20 13:43:20.633,8.08655,8.08794,1.00,1.50
2018.02.20 13:43:20.949,8.08663,8.08803,1.00,1.75
2018.02.20 13:43:21.535,8.08663,8.08803,1.00,1.00
2018.02.20 13:43:21.688,8.0866,8.08799,1.00,1.00
2018.02.20 13:43:22.096,8.08663,8.08803,1.00,1.00
2018.02.20 13:43:22.318,8.08668,8.08805,1.00,1.00
2018.02.20 13:43:22.369,8.08668,8.08807,1.00,1.00
2018.02.20 13:43:23.887,8.08677,8.08817,1.00,1.37
2018.02.20 13:43:24.232,8.08684,8.08823,1.00,1.37
2018.02.20 13:43:25.113,8.08684,8.08823,1.00,1.00
2018.02.20 13:43:26.654,8.0868,8.0882,1.00,1.00
2018.02.20 13:43:26.758,8.08672,8.08808,1.00,1.00
2018.02.20 13:43:26.809,8.08674,8.08814,1.00,1.00
2018.02.20 13:43:26.912,8.08678,8.08817,1.00,1.00
2018.02.20 13:43:27.356,8.08681,8.0882,1.00,1.00
2018.02.20 13:43:28.638,8.0869,8.08829,1.00,1.00
2018.02.20 13:43:29.249,8.08699,8.08839,1.00,1.00
2018.02.20 13:43:29.403,8.08708,8.08847,1.00,1.37
2018.02.20 13:43:30.315,8.08722,8.08861,1.00,1.75
2018.02.20 13:43:30.366,8.08722,8.08861,1.00,1.00
2018.02.20 13:43:31.195,8.08718,8.08858,1.00,1.00
2018.02.20 13:43:31.247,8.08715,8.08847,1.00,1.00
2018.02.20 13:43:31.416,8.08718,8.08855,1.00,1.00
2018.02.20 13:43:31.718,8.08725,8.08864,1.00,1.00
2018.02.20 13:43:31.769,8.08721,8.0886,1.00,1.00
2018.02.20 13:43:32.685,8.08718,8.08856,1.00,1.00
2018.02.20 13:43:32.736,8.08727,8.08866,1.00,1.00
2018.02.20 13:43:32.787,8.08718,8.08856,1.00,1.00
2018.02.20 13:43:33.117,8.08718,8.08848,1.00,1.00
2018.02.20 13:43:33.269,8.08697,8.08836,1.00,1.00
2018.02.20 13:43:33.321,8.08692,8.08831,1.00,1.00
2018.02.20 13:43:33.698,8.08689,8.08829,1.00,1.00
2018.02.20 13:43:33.837,8.08692,8.08832,1.00,1.00
2018.02.20 13:43:34.171,8.08698,8.08837,1.00,1.00
2018.02.20 13:43:35.095,8.08689,8.08827,1.00,1.00
2018.02.20 13:43:35.539,8.08698,8.08837,1.00,1.00
2018.02.20 13:43:35.992,8.08725,8.08847,1.00,1.00
2018.02.20 13:43:36.151,8.08764,8.08893,1.00,1.00
2018.02.20 13:43:36.202,8.08755,8.08907,1.00,1.00
2018.02.20 13:43:36.253,8.08755,8.08918,1.00,1.00
2018.02.20 13:43:36.303,8.08762,8.08908,1.00,1.00
2018.02.20 13:43:37.170,8.08775,8.08911,1.00,1.00
2018.02.20 13:43:37.379,8.08766,8.08912,1.00,1.00
2018.02.20 13:43:38.675,8.08775,8.08921,1.00,1.00
2018.02.20 13:43:38.998,8.0872,8.08864,1.75,1.00
2018.02.20 13:43:39.373,8.0872,8.08864,1.00,1.00
2018.02.20 13:43:39.425,8.087,8.0884,1.00,1.00
2018.02.20 13:43:39.967,8.0869,8.08831,1.37,1.00
2018.02.20 13:43:40.431,8.08663,8.08809,1.75,1.00
2018.02.20 13:43:40.482,8.08663,8.08809,1.00,1.00
2018.02.20 13:43:40.534,8.08662,8.08797,1.00,1.00
2018.02.20 13:43:40.764,8.08646,8.0879,1.37,1.00
2018.02.20 13:43:40.818,8.0865,8.08796,1.00,1.00
2018.02.20 13:43:40.869,8.08643,8.08787,1.37,1.00
2018.02.20 13:43:40.970,8.08657,8.08803,1.00,1.00
2018.02.20 13:43:41.021,8.08659,8.08794,1.00,1.00
2018.02.20 13:43:41.071,8.08659,8.088,1.00,1.00
2018.02.20 13:43:41.122,8.08659,8.08802,1.50,1.00
2018.02.20 13:43:41.173,8.08662,8.08807,1.00,1.00
2018.02.20 13:43:41.275,8.08659,8.08798,1.00,1.00
2018.02.20 13:43:41.326,8.08659,8.08803,1.00,1.00
2018.02.20 13:43:41.478,8.08664,8.08809,1.00,1.00
2018.02.20 13:43:42.514,8.08659,8.088,1.00,1.00
2018.02.20 13:43:42.566,8.08654,8.088,1.00,1.00
2018.02.20 13:43:42.618,8.08655,8.08791,1.00,1.00
2018.02.20 13:43:42.669,8.08651,8.08791,1.00,1.00
2018.02.20 13:43:42.833,8.08645,8.08791,1.37,1.00
2018.02.20 13:43:42.884,8.08649,8.08794,1.12,1.00
2018.02.20 13:43:43.063,8.08643,8.08771,1.37,1.00
2018.02.20 13:43:43.114,8.08625,8.08784,1.75,1.00
2018.02.20 13:43:43.165,8.08609,8.08774,1.00,1.00
2018.02.20 13:43:43.215,8.08615,8.08767,1.00,1.00
2018.02.20 13:43:43.368,8.08601,8.08767,1.37,1.00
2018.02.20 13:43:43.419,8.08611,8.08757,1.00,1.50
2018.02.20 13:43:43.470,8.08609,8.08775,1.00,1.00
2018.02.20 13:43:43.624,8.08615,8.08777,1.00,1.00
2018.02.20 13:43:43.931,8.08637,8.08791,1.00,1.00
2018.02.20 13:43:43.983,8.08649,8.08813,1.00,1.00
2018.02.20 13:43:44.086,8.08644,8.08811,1.12,1.00
2018.02.20 13:43:44.245,8.08675,8.08821,1.00,1.00
2018.02.20 13:43:44.564,8.08668,8.08814,1.00,1.00
2018.02.20 13:43:44.904,8.08667,8.08806,1.00,1.00
2018.02.20 13:43:45.153,8.08656,8.08801,1.00,1.00
2018.02.20 13:43:45.255,8.08652,8.08798,1.00,1.00
2018.02.20 13:43:45.434,8.08656,8.08802,1.00,1.00
2018.02.20 13:43:46.356,8.08665,8.08811,1.00,1.00
2018.02.20 13:43:46.662,8.08669,8.08815,1.00,1.00
2018.02.20 13:43:47.034,8.08684,8.0883,1.00,1.00
2018.02.20 13:43:47.499,8.08676,8.08822,1.00,1.00
2018.02.20 13:43:47.805,8.08673,8.08818,1.00,1.00
2018.02.20 13:43:48.395,8.08666,8.0881,1.12,1.00
2018.02.20 13:43:48.891,8.08678,8.08816,1.00,1.00
2018.02.20 13:43:49.199,8.08632,8.08778,1.75,1.00
2018.02.20 13:43:49.512,8.0864,8.0877,1.50,1.00
2018.02.20 13:43:50.115,8.08638,8.08784,1.75,1.00
2018.02.20 13:43:50.174,8.08647,8.08793,1.00,1.00
2018.02.20 13:43:50.226,8.0865,8.08793,1.87,1.00
2018.02.20 13:43:50.277,8.08647,8.08793,1.00,1.00
2018.02.20 13:43:52.158,8.08643,8.08789,1.37,1.00
2018.02.20 13:43:53.300,8.08638,8.08784,1.37,1.00
2018.02.20 13:43:54.101,8.08642,8.08787,1.37,1.00
2018.02.20 13:43:54.462,8.08642,8.08787,1.00,1.00
2018.02.20 13:43:55.326,8.08635,8.08779,1.37,1.00
2018.02.20 13:43:55.799,8.08635,8.08779,1.00,1.00
2018.02.20 13:43:57.416,8.08635,8.08773,1.00,1.00
2018.02.20 13:43:58.957,8.08635,8.08776,1.00,1.00
2018.02.20 13:44:03.165,8.08618,8.08763,1.37,1.00
2018.02.20 13:44:03.929,8.08618,8.08758,1.37,1.00
2018.02.20 13:44:04.319,8.08618,8.08758,1.37,1.00
2018.02.20 13:44:08.888,8.08618,8.08758,1.00,1.00
2018.02.20 13:44:10.636,8.08618,8.08756,1.00,1.00
2018.02.20 13:44:13.836,8.08619,8.08756,1.00,1.00
2018.02.20 13:44:16.707,8.0862,8.08756,1.00,1.00
2018.02.20 13:44:16.853,8.08626,8.08763,1.00,1.00
2018.02.20 13:44:16.905,8.08643,8.08777,1.50,1.00
2018.02.20 13:44:17.007,8.08643,8.0878,1.50,1.00
2018.02.20 13:44:17.420,8.08649,8.08786,1.00,1.00
2018.02.20 13:44:17.724,8.08664,8.08798,1.00,1.00
2018.02.20 13:44:18.178,8.0866,8.08789,1.00,1.00
2018.02.20 13:44:18.505,8.0866,8.08786,1.00,1.00
2018.02.20 13:44:18.848,8.0866,8.08778,1.00,1.00
2018.02.20 13:44:19.060,8.08639,8.08774,1.00,1.00
2018.02.20 13:44:19.111,8.08639,8.08764,1.00,1.00
2018.02.20 13:44:19.263,8.08639,8.08769,1.00,1.00
2018.02.20 13:44:19.314,8.08639,8.08776,1.00,1.00
2018.02.20 13:44:20.423,8.08639,8.08772,1.00,1.00
2018.02.20 13:44:20.526,8.08639,8.08776,1.00,1.50
2018.02.20 13:44:22.219,8.08639,8.08773,1.00,1.00
2018.02.20 13:44:22.678,8.08639,8.08771,1.00,1.00
2018.02.20 13:44:23.420,8.08639,8.08766,1.00,1.00
2018.02.20 13:44:24.130,8.08639,8.08761,1.00,1.00
2018.02.20 13:44:24.283,8.0862,8.08761,1.00,1.00
2018.02.20 13:44:24.334,8.08622,8.08766,1.00,1.00
2018.02.20 13:44:24.385,8.08626,8.08769,1.00,1.00
2018.02.20 13:44:25.146,8.0863,8.08774,1.00,1.00
2018.02.20 13:44:26.257,8.0863,8.08774,1.37,1.00
2018.02.20 13:44:27.132,8.08637,8.0878,1.00,1.00
2018.02.20 13:44:27.184,8.0864,8.08784,1.00,1.00
2018.02.20 13:44:27.236,8.08653,8.08797,1.00,1.00
2018.02.20 13:44:27.539,8.08637,8.08779,1.00,1.00
2018.02.20 13:44:27.993,8.08637,8.08774,1.00,1.00
2018.02.20 13:44:28.403,8.08637,8.08767,1.00,1.00
2018.02.20 13:44:28.507,8.08637,8.08774,1.00,1.00
2018.02.20 13:44:31.773,8.08637,8.08772,1.00,1.00
2018.02.20 13:44:33.193,8.08637,8.08761,1.00,1.00
2018.02.20 13:44:33.498,8.08618,8.08758,1.37,1.00
2018.02.20 13:44:33.601,8.08618,8.08751,1.37,1.00
2018.02.20 13:44:33.936,8.08618,8.08747,1.37,1.00
2018.02.20 13:44:33.987,8.08618,8.08751,1.37,1.00
2018.02.20 13:44:34.191,8.08618,8.08754,1.37,1.00
2018.02.20 13:44:34.243,8.08618,8.08751,1.37,1.00
2018.02.20 13:44:34.295,8.08607,8.08751,1.00,1.00
2018.02.20 13:44:37.248,8.08606,8.0875,1.00,1.00
2018.02.20 13:44:39.366,8.086,8.08743,1.37,1.00
2018.02.20 13:44:39.692,8.08617,8.08757,1.00,1.00
2018.02.20 13:44:39.795,8.08594,8.08752,1.00,1.00
2018.02.20 13:44:39.847,8.08594,8.08747,1.00,1.00
2018.02.20 13:44:40.188,8.08569,8.08738,1.75,1.00
2018.02.20 13:44:40.510,8.08567,8.08717,1.75,1.00
2018.02.20 13:44:40.699,8.08552,8.08717,1.00,1.00
2018.02.20 13:44:40.791,8.0855,8.08717,1.12,1.00
2018.02.20 13:44:40.843,8.0855,8.08707,1.12,1.00
2018.02.20 13:44:41.098,8.0855,8.08717,1.12,1.00
2018.02.20 13:44:41.201,8.0855,8.08704,1.12,1.00
2018.02.20 13:44:42.485,8.0855,8.08681,1.00,1.00
2018.02.20 13:44:42.537,8.08534,8.08681,1.37,1.00
2018.02.20 13:44:43.840,8.08534,8.08704,1.37,1.00
2018.02.20 13:44:44.047,8.08534,8.08679,1.37,1.00
2018.02.20 13:44:44.589,8.08534,8.08704,1.37,1.00
2018.02.20 13:44:45.462,8.08534,8.08704,1.37,1.00
2018.02.20 13:44:45.990,8.08535,8.08697,1.37,1.00
2018.02.20 13:44:47.131,8.08534,8.08697,1.37,1.00
2018.02.20 13:44:47.589,8.08534,8.08687,1.37,1.00
2018.02.20 13:44:48.135,8.08519,8.08686,1.75,1.00
2018.02.20 13:44:48.581,8.08513,8.08682,1.75,1.00
2018.02.20 13:44:48.735,8.08513,8.08682,1.37,1.00
2018.02.20 13:44:50.128,8.08513,8.08682,1.37,1.00
2018.02.20 13:44:50.392,8.0849,8.08662,1.75,1.00
2018.02.20 13:44:50.714,8.08489,8.0865,1.75,1.00
2018.02.20 13:44:51.629,8.08486,8.0864,1.00,1.00
2018.02.20 13:44:51.756,8.08486,8.0865,1.00,1.00
2018.02.20 13:44:51.807,8.08486,8.08637,1.00,1.00
2018.02.20 13:44:52.311,8.08486,8.08647,1.00,1.00
2018.02.20 13:44:53.323,8.08486,8.08647,1.37,1.00
2018.02.20 13:44:54.412,8.08506,8.08647,1.00,1.00
2018.02.20 13:44:54.463,8.08505,8.08667,1.00,1.00
2018.02.20 13:44:54.979,8.08505,8.08666,1.00,1.00
2018.02.20 13:44:58.096,8.08501,8.08666,1.12,1.00
2018.02.20 13:44:58.310,8.08495,8.08661,1.37,1.00
2018.02.20 13:44:58.462,8.08492,8.08658,1.37,1.00
2018.02.20 13:44:58.717,8.08488,8.08653,1.37,1.00
2018.02.20 13:44:59.094,8.0848,8.0864,1.37,1.00
2018.02.20 13:44:59.400,8.08464,8.08628,1.75,1.00
2018.02.20 13:45:00.717,8.08464,8.08628,1.37,1.00
2018.02.20 13:45:01.731,8.08475,8.08629,1.00,1.00
2018.02.20 13:45:01.875,8.08494,8.08651,1.00,1.00
2018.02.20 13:45:02.404,8.08494,8.08652,1.00,1.00
2018.02.20 13:45:03.136,8.0849,8.08652,1.37,1.00
2018.02.20 13:45:03.440,8.0846,8.08626,1.75,1.00
2018.02.20 13:45:03.938,8.08472,8.08634,1.75,1.00
2018.02.20 13:45:04.394,8.08467,8.08634,1.37,1.00
2018.02.20 13:45:04.646,8.08462,8.08631,1.37,1.00
2018.02.20 13:45:05.078,8.08472,8.08634,1.12,1.00
2018.02.20 13:45:05.129,8.08477,8.08634,1.00,1.00
2018.02.20 13:45:05.180,8.08471,8.08634,1.37,1.00
2018.02.20 13:45:05.332,8.08478,8.08637,1.00,1.00
2018.02.20 13:45:05.455,8.08478,8.0864,1.00,1.00
2018.02.20 13:45:05.558,8.08478,8.08644,1.37,1.00
2018.02.20 13:45:05.879,8.08478,8.08639,1.37,1.00
2018.02.20 13:45:06.126,8.08478,8.08641,1.37,1.00
2018.02.20 13:45:06.177,8.08479,8.08648,1.12,1.00
2018.02.20 13:45:06.616,8.08479,8.08648,1.37,1.00
2018.02.20 13:45:07.342,8.08483,8.08638,1.37,1.00
2018.02.20 13:45:07.761,8.08483,8.08629,1.37,1.00
2018.02.20 13:45:08.022,8.08486,8.08632,1.37,1.00
2018.02.20 13:45:08.153,8.0849,8.08636,1.12,1.00
2018.02.20 13:45:08.205,8.08493,8.08639,1.00,1.00
2018.02.20 13:45:08.511,8.08507,8.08653,1.50,1.00
2018.02.20 13:45:08.854,8.08517,8.08663,1.00,1.00
2018.02.20 13:45:09.510,8.08517,8.08663,1.37,1.00
2018.02.20 13:45:11.412,8.08522,8.08668,1.00,1.00
2018.02.20 13:45:11.516,8.08526,8.08672,1.00,1.00
2018.02.20 13:45:11.844,8.08529,8.08675,1.00,1.00
2018.02.20 13:45:12.581,8.08535,8.08678,1.00,1.00
2018.02.20 13:45:12.890,8.08532,8.08678,1.37,1.50
2018.02.20 13:45:13.866,8.08532,8.08678,1.37,1.50
2018.02.20 13:45:16.826,8.08532,8.08678,1.00,1.50
2018.02.20 13:45:16.878,8.08529,8.08675,1.37,1.00
2018.02.20 13:45:17.200,8.08539,8.08685,1.00,1.00
2018.02.20 13:45:17.469,8.08555,8.08701,1.00,1.00
2018.02.20 13:45:18.198,8.08552,8.08695,1.00,1.00
2018.02.20 13:45:18.799,8.08552,8.08695,1.37,1.00
2018.02.20 13:45:21.032,8.08556,8.08702,1.37,1.00
2018.02.20 13:45:21.341,8.08552,8.08698,1.87,1.00
2018.02.20 13:45:21.688,8.08552,8.08692,1.00,1.00
2018.02.20 13:45:22.069,8.08531,8.08656,1.12,1.00
2018.02.20 13:45:22.120,8.08509,8.08636,1.37,1.00
2018.02.20 13:45:22.172,8.08516,8.08662,1.00,1.00
2018.02.20 13:45:22.224,8.08512,8.08658,1.00,1.00
2018.02.20 13:45:22.563,8.08509,8.08655,1.87,1.00
2018.02.20 13:45:23.598,8.08509,8.08655,1.87,1.00
2018.02.20 13:45:23.673,8.08516,8.08662,1.37,1.00
2018.02.20 13:45:23.775,8.08525,8.08669,1.00,1.00
2018.02.20 13:45:23.827,8.08529,8.08675,1.00,1.00
2018.02.20 13:45:23.929,8.08531,8.08677,1.00,1.00
2018.02.20 13:45:24.273,8.08546,8.08686,1.37,1.00
2018.02.20 13:45:25.485,8.08553,8.08697,1.37,1.00
2018.02.20 13:45:25.537,8.08553,8.08697,1.00,1.00
2018.02.20 13:45:26.241,8.08554,8.087,1.00,1.00
2018.02.20 13:45:31.611,8.08551,8.08697,1.37,1.00
2018.02.20 13:45:32.036,8.08546,8.08692,1.87,1.00
2018.02.20 13:45:32.088,8.08552,8.08698,1.12,1.00
2018.02.20 13:45:32.725,8.08546,8.08689,1.37,1.00
2018.02.20 13:45:33.249,8.08546,8.08689,1.37,1.00
2018.02.20 13:45:34.529,8.08546,8.08683,1.37,1.00
2018.02.20 13:45:34.683,8.08546,8.08687,1.37,1.00
2018.02.20 13:45:35.057,8.08546,8.08691,1.37,1.00
2018.02.20 13:45:35.234,8.08549,8.08695,1.00,1.00
2018.02.20 13:45:35.285,8.08558,8.08704,1.00,1.00
2018.02.20 13:45:35.603,8.08573,8.08719,1.00,1.00
2018.02.20 13:45:35.921,8.0857,8.08716,1.00,1.00
2018.02.20 13:45:36.278,8.08574,8.0872,1.00,1.00
2018.02.20 13:45:36.610,8.08588,8.08734,1.37,1.00
2018.02.20 13:45:36.942,8.08591,8.08737,1.00,1.00
2018.02.20 13:45:36.993,8.08595,8.08741,1.00,1.00
2018.02.20 13:45:37.418,8.08601,8.08745,1.00,1.00
2018.02.20 13:45:38.170,8.08601,8.08745,1.37,1.00
2018.02.20 13:45:38.858,8.0859,8.08726,1.12,1.00
2018.02.20 13:45:39.244,8.08576,8.08722,1.75,1.00
2018.02.20 13:45:40.725,8.08576,8.08722,1.37,1.00
2018.02.20 13:45:41.510,8.0859,8.08736,1.00,1.00
2018.02.20 13:45:41.561,8.08588,8.08733,1.00,1.00
2018.02.20 13:45:41.865,8.08574,8.0872,1.37,1.00
2018.02.20 13:45:42.380,8.08574,8.0872,1.37,1.00
2018.02.20 13:45:42.755,8.08568,8.08712,1.37,1.00
2018.02.20 13:45:42.860,8.08568,8.08721,1.37,1.00
2018.02.20 13:45:43.649,8.08568,8.08716,1.37,1.00
2018.02.20 13:45:44.225,8.08568,8.08719,1.37,1.00
2018.02.20 13:45:44.276,8.08568,8.08719,1.00,1.00
2018.02.20 13:45:46.893,8.08568,8.08716,1.00,1.00
2018.02.20 13:45:52.431,8.08568,8.08709,1.00,1.00
2018.02.20 13:45:53.151,8.08568,8.08712,1.00,1.00
2018.02.20 13:45:53.384,8.08568,8.08708,1.00,1.00
2018.02.20 13:45:54.181,8.08568,8.0871,1.00,1.00
2018.02.20 13:45:57.354,8.08583,8.08738,1.00,1.50
2018.02.20 13:45:57.418,8.08598,8.08752,1.75,1.00
2018.02.20 13:45:57.767,8.08623,8.08763,1.87,1.00
2018.02.20 13:45:57.920,8.08619,8.08774,1.12,1.00
2018.02.20 13:46:00.519,8.08619,8.08774,1.37,1.00
2018.02.20 13:46:01.464,8.08614,8.08768,1.37,1.00
2018.02.20 13:46:01.768,8.08611,8.08765,1.37,1.00
2018.02.20 13:46:02.050,8.08591,8.08745,1.37,1.00
2018.02.20 13:46:02.101,8.08584,8.08739,1.75,1.00
2018.02.20 13:46:02.407,8.08581,8.08734,1.75,1.00
2018.02.20 13:46:03.140,8.08581,8.08734,1.37,1.00
2018.02.20 13:46:06.863,8.08581,8.08734,1.37,1.00
2018.02.20 13:46:07.429,8.08579,8.08733,2.25,1.00
2018.02.20 13:46:12.740,8.08583,8.08738,1.37,1.00
2018.02.20 13:46:12.841,8.08589,8.08743,1.37,1.00
2018.02.20 13:46:12.942,8.08589,8.08743,1.75,1.00
2018.02.20 13:46:13.094,8.08589,8.08743,1.37,1.00
2018.02.20 13:46:13.246,8.08592,8.08747,1.12,1.00
2018.02.20 13:46:14.130,8.08592,8.08747,1.37,1.00
2018.02.20 13:46:15.142,8.08591,8.08745,1.75,1.00
2018.02.20 13:46:15.651,8.08591,8.08745,1.37,1.00
2018.02.20 13:46:16.175,8.08585,8.08736,1.12,1.00
2018.02.20 13:46:16.951,8.08585,8.08729,1.12,1.00
2018.02.20 13:46:17.002,8.08579,8.08733,2.25,1.00
2018.02.20 13:46:17.053,8.08579,8.08725,1.37,1.00
2018.02.20 13:46:17.103,8.08605,8.08733,1.87,1.00
2018.02.20 13:46:17.205,8.08583,8.08737,1.37,1.00
2018.02.20 13:46:17.348,8.08583,8.08726,1.37,1.00
2018.02.20 13:46:17.847,8.08577,8.0874,1.37,1.00
2018.02.20 13:46:18.293,8.08577,8.08733,1.37,1.00
2018.02.20 13:46:19.424,8.08577,8.08727,1.37,1.00
2018.02.20 13:46:22.223,8.08577,8.08727,1.00,1.00
2018.02.20 13:46:22.468,8.08577,8.08716,1.00,1.00
2018.02.20 13:46:26.157,8.08577,8.08723,1.12,1.00
2018.02.20 13:46:26.314,8.08577,8.08723,1.37,1.00
2018.02.20 13:46:28.036,8.08577,8.08731,1.37,1.00
2018.02.20 13:46:28.827,8.08577,8.08735,1.37,1.00
2018.02.20 13:46:29.389,8.08577,8.0873,1.37,1.00
2018.02.20 13:46:29.925,8.08577,8.08727,1.37,1.00
2018.02.20 13:46:31.810,8.08577,8.08727,1.00,1.50
2018.02.20 13:46:31.861,8.08577,8.08724,1.00,1.00
2018.02.20 13:46:37.532,8.08577,8.08719,1.00,1.00
2018.02.20 13:46:40.176,8.08577,8.08725,1.00,1.00
2018.02.20 13:46:40.228,8.08577,8.08728,1.00,1.00
2018.02.20 13:46:40.382,8.08577,8.08743,1.50,1.00
2018.02.20 13:46:40.535,8.08581,8.08747,1.00,1.50
2018.02.20 13:46:41.743,8.08581,8.08747,1.37,1.50
2018.02.20 13:46:43.325,8.0859,8.08747,1.12,1.00
2018.02.20 13:46:43.729,8.08621,8.08761,1.00,1.00
2018.02.20 13:46:44.035,8.08629,8.08775,1.75,1.00
2018.02.20 13:46:44.173,8.08629,8.0878,1.75,1.00
2018.02.20 13:46:44.357,8.08629,8.0878,1.00,1.00
2018.02.20 13:46:46.041,8.08609,8.0877,1.37,1.00
2018.02.20 13:46:46.092,8.08609,8.08755,1.37,1.00
2018.02.20 13:46:46.502,8.08609,8.08755,1.37,1.00
2018.02.20 13:46:47.008,8.08609,8.08754,1.37,1.00
2018.02.20 13:46:47.332,8.08609,8.08751,1.37,1.00
2018.02.20 13:46:47.910,8.08609,8.08751,1.37,1.00
2018.02.20 13:46:48.011,8.08609,8.08747,1.37,1.00
2018.02.20 13:46:48.163,8.08609,8.08751,1.37,1.00
2018.02.20 13:46:48.315,8.08609,8.08747,1.37,1.00
2018.02.20 13:46:48.769,8.08592,8.08742,1.75,1.00
2018.02.20 13:46:48.974,8.08549,8.0871,1.75,1.00
2018.02.20 13:46:49.075,8.08549,8.08707,1.75,1.00
2018.02.20 13:46:49.394,8.08531,8.08687,1.75,1.00
2018.02.20 13:46:50.444,8.08532,8.08687,1.37,1.00
2018.02.20 13:46:52.625,8.08532,8.08685,1.00,1.00
2018.02.20 13:46:53.012,8.08532,8.08679,1.00,1.00
2018.02.20 13:46:53.320,8.08471,8.08612,1.37,1.00
2018.02.20 13:46:53.454,8.0844,8.08604,1.75,1.00
2018.02.20 13:46:53.506,8.0844,8.08595,1.75,1.00
2018.02.20 13:46:54.970,8.08438,8.08595,1.37,1.00
2018.02.20 13:46:55.375,8.08438,8.08602,1.37,1.00
2018.02.20 13:46:55.478,8.08445,8.08606,1.00,1.00
2018.02.20 13:46:56.475,8.08445,8.08606,1.37,1.00
2018.02.20 13:46:56.785,8.08472,8.08616,1.00,1.00
2018.02.20 13:46:56.837,8.08479,8.08636,1.00,1.00
2018.02.20 13:46:56.889,8.08479,8.08638,1.00,1.00
2018.02.20 13:46:56.940,8.08479,8.08638,1.37,1.00
2018.02.20 13:46:56.992,8.08484,8.08648,1.37,1.00
2018.02.20 13:46:57.146,8.085,8.08651,1.00,1.00
2018.02.20 13:46:57.237,8.08499,8.08656,1.00,1.00
2018.02.20 13:46:57.390,8.08501,8.08656,1.00,1.00
2018.02.20 13:46:57.723,8.08501,8.08653,1.00,1.00
2018.02.20 13:47:00.668,8.08501,8.08657,1.00,1.50
2018.02.20 13:47:00.821,8.08501,8.08661,1.00,1.00
2018.02.20 13:47:00.872,8.08501,8.08654,1.00,1.00
2018.02.20 13:47:01.448,8.08501,8.08656,1.00,1.00
2018.02.20 13:47:01.499,8.08501,8.08656,1.37,1.00
2018.02.20 13:47:01.551,8.08505,8.08665,1.37,1.00
2018.02.20 13:47:01.603,8.08527,8.08667,1.00,1.00
2018.02.20 13:47:01.654,8.08527,8.0868,1.00,1.00
2018.02.20 13:47:01.756,8.08527,8.08687,1.00,1.00
2018.02.20 13:47:01.807,8.08527,8.0868,1.00,1.00
2018.02.20 13:47:02.178,8.08527,8.08685,1.00,1.00
2018.02.20 13:47:03.026,8.08529,8.08685,1.00,1.00
2018.02.20 13:47:03.742,8.08529,8.08685,1.37,1.00
2018.02.20 13:47:05.666,8.08533,8.08695,1.37,1.50
2018.02.20 13:47:07.548,8.08536,8.08682,1.00,1.00
2018.02.20 13:47:09.696,8.08536,8.08682,1.37,1.00
2018.02.20 13:47:09.931,8.08547,8.08693,1.37,1.00
2018.02.20 13:47:10.033,8.0856,8.08693,1.00,1.00
2018.02.20 13:47:10.084,8.08547,8.08693,1.37,1.00
2018.02.20 13:47:10.136,8.08556,8.08693,1.00,1.00
2018.02.20 13:47:10.442,8.08579,8.08716,1.00,1.00
2018.02.20 13:47:10.787,8.08587,8.08724,1.00,1.00
2018.02.20 13:47:11.310,8.08588,8.08725,1.00,1.00
2018.02.20 13:47:11.722,8.08579,8.08716,1.00,1.00
2018.02.20 13:47:12.343,8.08563,8.08707,1.37,1.00
2018.02.20 13:47:12.394,8.0856,8.08701,1.37,1.00
2018.02.20 13:47:13.288,8.0858,8.08701,1.00,1.00
2018.02.20 13:47:13.390,8.08582,8.08704,1.00,1.00
2018.02.20 13:47:13.442,8.086,8.08722,1.00,1.00
2018.02.20 13:47:13.493,8.08582,8.08725,1.00,1.00
2018.02.20 13:47:13.560,8.08598,8.08734,1.00,1.00
2018.02.20 13:47:13.612,8.08564,8.08729,1.50,1.00
2018.02.20 13:47:13.715,8.08572,8.08716,1.37,1.00
2018.02.20 13:47:14.785,8.08572,8.08716,1.12,1.00
2018.02.20 13:47:15.669,8.08579,8.08723,1.00,1.00
2018.02.20 13:47:15.975,8.08564,8.08702,1.37,1.00
2018.02.20 13:47:16.812,8.08564,8.08695,1.37,1.00
2018.02.20 13:47:16.863,8.08564,8.08695,1.00,1.00
2018.02.20 13:47:16.914,8.08539,8.08681,1.37,1.00
2018.02.20 13:47:17.151,8.08538,8.08678,1.37,1.00
2018.02.20 13:47:18.300,8.08538,8.08678,1.00,1.00
2018.02.20 13:47:18.826,8.08538,8.08669,1.00,1.00
2018.02.20 13:47:19.177,8.08538,8.08669,1.37,1.00
2018.02.20 13:47:19.507,8.08538,8.08669,1.00,1.00
2018.02.20 13:47:21.134,8.08538,8.08669,1.37,1.00
2018.02.20 13:47:22.025,8.08538,8.08669,1.00,1.00
2018.02.20 13:47:22.586,8.08538,8.08662,1.00,1.00
2018.02.20 13:47:30.591,8.08538,8.08658,1.00,1.00
2018.02.20 13:47:32.089,8.08538,8.08666,1.00,1.00
2018.02.20 13:47:32.851,8.08538,8.08665,1.00,1.00
2018.02.20 13:47:35.750,8.08538,8.08677,1.00,1.00
2018.02.20 13:47:35.802,8.0854,8.08677,1.00,1.00
2018.02.20 13:47:35.854,8.08543,8.08687,1.00,1.50
2018.02.20 13:47:35.905,8.08546,8.08687,1.00,1.00
2018.02.20 13:47:35.956,8.08555,8.08698,1.00,1.00
2018.02.20 13:47:36.481,8.08555,8.08699,1.00,1.00
2018.02.20 13:47:37.610,8.0855,8.08694,1.00,1.00
2018.02.20 13:47:40.379,8.08538,8.08683,1.37,1.00
2018.02.20 13:47:40.732,8.08538,8.08675,1.37,1.00
2018.02.20 13:47:41.102,8.08538,8.08671,1.37,1.00
2018.02.20 13:47:41.464,8.08538,8.08667,1.37,1.00
2018.02.20 13:47:41.515,8.08538,8.08675,1.37,1.00
2018.02.20 13:47:41.567,8.08538,8.0868,1.00,1.00
2018.02.20 13:47:41.721,8.08538,8.08671,1.00,1.00
2018.02.20 13:47:41.961,8.08538,8.08678,1.00,1.00
2018.02.20 13:47:42.013,8.08544,8.08687,1.00,1.00
2018.02.20 13:47:42.064,8.0855,8.08694,1.00,1.00
2018.02.20 13:47:42.115,8.08556,8.087,1.00,1.00
2018.02.20 13:47:42.430,8.08556,8.087,1.37,1.00
2018.02.20 13:47:43.322,8.08563,8.08707,1.50,1.00
2018.02.20 13:47:43.463,8.08563,8.08703,1.00,1.00
2018.02.20 13:47:44.456,8.08563,8.08703,1.37,1.00
2018.02.20 13:47:45.391,8.08564,8.08707,1.37,1.00
2018.02.20 13:47:45.443,8.08576,8.0872,1.00,1.00
2018.02.20 13:47:45.494,8.08582,8.08723,1.00,1.50
2018.02.20 13:47:45.647,8.08583,8.08727,1.00,1.00
2018.02.20 13:47:47.205,8.08585,8.08728,1.00,1.00
2018.02.20 13:47:47.776,8.08585,8.08728,1.37,1.00
2018.02.20 13:47:50.489,8.08585,8.08728,1.37,1.00
2018.02.20 13:47:50.833,8.08565,8.08709,1.75,1.00
2018.02.20 13:47:51.809,8.08565,8.08709,1.37,1.00
2018.02.20 13:47:51.987,8.08562,8.08706,1.87,1.00
2018.02.20 13:47:52.496,8.08574,8.08717,1.00,1.00
2018.02.20 13:47:52.547,8.08587,8.08727,1.50,1.00
2018.02.20 13:47:52.599,8.08587,8.08731,1.50,1.00
2018.02.20 13:47:52.650,8.08587,8.08728,1.00,1.00
2018.02.20 13:47:54.090,8.08587,8.08728,1.37,1.00
2018.02.20 13:47:54.643,8.08587,8.08719,1.37,1.00
2018.02.20 13:48:03.700,8.08587,8.08722,1.37,1.00
2018.02.20 13:48:04.168,8.08609,8.0874,1.00,1.00
2018.02.20 13:48:04.220,8.08611,8.08748,1.00,1.00
2018.02.20 13:48:05.495,8.08611,8.08748,1.37,1.00
2018.02.20 13:48:05.931,8.08619,8.08756,1.37,1.00
2018.02.20 13:48:06.566,8.08623,8.0876,1.00,1.00
2018.02.20 13:48:06.720,8.08627,8.08764,1.00,1.00
2018.02.20 13:48:07.028,8.08652,8.08788,1.00,1.00
2018.02.20 13:48:07.131,8.08653,8.0879,1.00,1.00
2018.02.20 13:48:07.668,8.08652,8.08784,1.00,1.00
2018.02.20 13:48:07.975,8.08636,8.08766,1.37,1.00
2018.02.20 13:48:08.282,8.08636,8.08762,1.37,1.00
2018.02.20 13:48:09.210,8.08636,8.0877,1.00,1.00
2018.02.20 13:48:09.862,8.08639,8.08776,1.00,1.00
2018.02.20 13:48:09.963,8.08652,8.08783,1.00,1.00
2018.02.20 13:48:15.188,8.08652,8.08787,1.00,1.00
2018.02.20 13:48:15.290,8.08652,8.08782,1.00,1.00
2018.02.20 13:48:16.253,8.08652,8.08788,1.00,1.00
2018.02.20 13:48:16.304,8.08652,8.08784,1.00,1.00
2018.02.20 13:48:17.209,8.08652,8.08782,1.00,1.00
2018.02.20 13:48:17.808,8.08652,8.08781,1.00,1.00
2018.02.20 13:48:18.470,8.08652,8.08782,1.00,1.00
2018.02.20 13:48:22.224,8.08652,8.08778,1.00,1.00
2018.02.20 13:48:22.698,8.08652,8.08769,1.00,1.00
2018.02.20 13:48:23.679,8.08652,8.08768,1.00,1.00
2018.02.20 13:48:24.159,8.08633,8.08755,1.37,1.00
2018.02.20 13:48:24.815,8.08633,8.08755,1.50,1.00
2018.02.20 13:48:24.867,8.08633,8.08755,1.00,1.00
2018.02.20 13:48:28.457,8.08633,8.08752,1.00,1.00
2018.02.20 13:48:31.318,8.08633,8.08762,1.00,1.00
2018.02.20 13:48:31.421,8.08633,8.08769,1.00,1.00
2018.02.20 13:48:31.472,8.08636,8.08775,1.00,1.00
2018.02.20 13:48:32.589,8.08633,8.08764,1.00,1.00
2018.02.20 13:48:32.742,8.08635,8.08775,1.00,1.00
2018.02.20 13:48:32.795,8.0864,8.08779,1.00,1.00
2018.02.20 13:48:33.125,8.0868,8.08795,1.00,1.00
2018.02.20 13:48:34.391,8.0868,8.08805,1.00,1.00
2018.02.20 13:48:34.442,8.0868,8.08813,1.00,1.00
2018.02.20 13:48:34.494,8.08681,8.08821,1.00,1.00
2018.02.20 13:48:34.866,8.08696,8.08821,1.00,1.00
2018.02.20 13:48:34.917,8.08714,8.0884,1.00,1.00
2018.02.20 13:48:34.968,8.08713,8.08836,1.00,1.00
2018.02.20 13:48:35.351,8.08713,8.08846,1.00,1.00
2018.02.20 13:48:35.505,8.08713,8.08865,1.00,1.00
2018.02.20 13:48:35.556,8.08713,8.08876,1.00,1.50
2018.02.20 13:48:35.675,8.08713,8.08847,1.00,1.00
2018.02.20 13:48:35.821,8.08718,8.08887,1.37,1.00
2018.02.20 13:48:35.974,8.08717,8.08856,1.37,1.00
2018.02.20 13:48:36.280,8.08711,8.08837,1.37,1.00
2018.02.20 13:48:36.924,8.08721,8.08858,1.00,1.00
2018.02.20 13:48:36.976,8.08733,8.08872,1.00,1.00
2018.02.20 13:48:37.027,8.08736,8.08875,1.00,1.00
2018.02.20 13:48:37.131,8.08759,8.08899,1.00,1.50
2018.02.20 13:48:37.234,8.08747,8.08892,1.37,1.00
2018.02.20 13:48:37.352,8.08745,8.08899,1.37,1.00
2018.02.20 13:48:37.454,8.08728,8.08885,1.75,1.00
2018.02.20 13:48:37.504,8.08746,8.08902,1.37,1.00
2018.02.20 13:48:37.555,8.08748,8.0891,1.37,1.50
2018.02.20 13:48:37.657,8.08745,8.08908,1.37,1.00
2018.02.20 13:48:37.708,8.08753,8.0891,1.37,1.50
2018.02.20 13:48:38.444,8.08757,8.08903,1.00,1.00
2018.02.20 13:48:38.751,8.0877,8.08908,1.00,1.00
2018.02.20 13:48:38.941,8.08801,8.08948,1.00,1.00
2018.02.20 13:48:38.993,8.08807,8.08987,1.00,1.10
2018.02.20 13:48:39.045,8.08817,8.08961,1.00,1.00
2018.02.20 13:48:39.097,8.08816,8.08967,1.00,1.00
2018.02.20 13:48:39.148,8.08802,8.08944,1.00,1.00
2018.02.20 13:48:39.455,8.08775,8.08917,1.75,1.00
2018.02.20 13:48:39.537,8.0878,8.08924,1.37,1.00
2018.02.20 13:48:39.589,8.08791,8.08926,1.37,1.00
2018.02.20 13:48:39.641,8.08793,8.08936,1.37,1.00
2018.02.20 13:48:39.693,8.08791,8.08956,1.37,1.00
2018.02.20 13:48:39.795,8.08791,8.08929,1.37,1.00
2018.02.20 13:48:39.847,8.08791,8.08932,1.37,1.00
2018.02.20 13:48:41.134,8.08791,8.08932,1.37,1.00
2018.02.20 13:48:41.460,8.08796,8.0894,1.37,1.00
2018.02.20 13:48:41.664,8.08802,8.08944,1.37,1.00
2018.02.20 13:48:42.207,8.08794,8.08937,1.37,1.00
2018.02.20 13:48:42.258,8.08801,8.08945,1.37,1.00
2018.02.20 13:48:42.310,8.08801,8.08945,1.37,1.00
2018.02.20 13:48:42.463,8.08784,8.08951,1.75,1.00
2018.02.20 13:48:42.564,8.08784,8.08935,1.75,1.00
2018.02.20 13:48:42.901,8.08784,8.08915,1.75,1.00
2018.02.20 13:48:43.187,8.08765,8.08896,1.37,1.00
2018.02.20 13:48:43.238,8.08765,8.089,1.37,1.00
2018.02.20 13:48:43.289,8.08765,8.08905,1.37,1.00
2018.02.20 13:48:43.340,8.08767,8.0891,1.37,1.00
2018.02.20 13:48:44.202,8.08765,8.08904,1.37,1.00
2018.02.20 13:48:44.618,8.08765,8.08891,1.37,1.00
2018.02.20 13:48:45.169,8.08765,8.08895,1.37,1.00
2018.02.20 13:48:45.313,8.08765,8.089,1.00,1.00
2018.02.20 13:48:45.364,8.08765,8.08903,1.00,1.00
2018.02.20 13:48:45.778,8.08765,8.08907,1.00,1.00
2018.02.20 13:48:46.153,8.08765,8.08897,1.00,1.00
2018.02.20 13:48:46.475,8.08765,8.08894,1.00,1.00
2018.02.20 13:48:46.833,8.08765,8.08889,1.00,1.00
2018.02.20 13:48:47.488,8.08765,8.08886,1.00,1.00
2018.02.20 13:48:48.151,8.08765,8.08885,1.00,1.00
2018.02.20 13:48:49.647,8.08765,8.08897,1.00,1.00
2018.02.20 13:48:50.354,8.08765,8.08908,1.00,1.00
2018.02.20 13:48:50.405,8.08771,8.08908,1.00,1.00
2018.02.20 13:48:51.472,8.08771,8.08913,1.00,1.00
2018.02.20 13:48:52.702,8.08771,8.08913,1.75,1.00
2018.02.20 13:48:52.759,8.08771,8.08924,1.75,1.10
2018.02.20 13:48:52.914,8.08793,8.0894,1.00,1.10
2018.02.20 13:48:53.017,8.08793,8.0895,1.00,1.00
2018.02.20 13:48:53.069,8.08793,8.08948,1.00,1.00
2018.02.20 13:48:53.986,8.08793,8.08948,1.37,1.00
2018.02.20 13:48:54.337,8.08793,8.08942,1.37,1.00
2018.02.20 13:48:55.121,8.08793,8.08942,1.37,1.00
2018.02.20 13:48:55.172,8.08793,8.08952,1.37,1.00
2018.02.20 13:48:55.275,8.08793,8.08956,1.37,1.00
2018.02.20 13:48:55.655,8.08794,8.08958,1.75,1.00
2018.02.20 13:48:55.706,8.08794,8.08949,1.75,1.00
2018.02.20 13:48:56.218,8.08793,8.08949,1.37,1.00
2018.02.20 13:48:56.521,8.08793,8.08956,1.75,1.00
2018.02.20 13:48:56.802,8.08793,8.08959,1.37,1.00
2018.02.20 13:48:57.309,8.0881,8.08958,1.37,1.00
2018.02.20 13:48:57.625,8.0881,8.08958,1.37,1.00
2018.02.20 13:48:57.991,8.0881,8.08953,1.37,1.00
2018.02.20 13:48:58.531,8.0881,8.0895,1.37,1.00
2018.02.20 13:48:59.035,8.0881,8.0895,1.00,1.00
2018.02.20 13:49:00.367,8.0881,8.08946,1.00,1.00
2018.02.20 13:49:01.962,8.0881,8.08941,1.00,1.00
2018.02.20 13:49:02.065,8.08784,8.0893,1.75,1.00
2018.02.20 13:49:02.117,8.08784,8.08934,1.75,1.00
2018.02.20 13:49:02.219,8.08784,8.08924,1.75,1.00
2018.02.20 13:49:02.633,8.08784,8.08928,1.75,1.00
2018.02.20 13:49:02.684,8.08784,8.08923,1.75,1.00
2018.02.20 13:49:03.041,8.08784,8.08923,1.37,1.00
2018.02.20 13:49:03.093,8.08784,8.08923,1.00,1.00
2018.02.20 13:49:03.337,8.08784,8.08927,1.00,1.00
2018.02.20 13:49:03.426,8.08784,8.08924,1.00,1.00
2018.02.20 13:49:03.873,8.08784,8.08928,1.00,1.00
2018.02.20 13:49:04.051,8.08784,8.08933,1.00,1.00
2018.02.20 13:49:04.163,8.08784,8.08965,1.00,1.00
2018.02.20 13:49:04.264,8.08784,8.08947,1.37,1.00
2018.02.20 13:49:06.883,8.08784,8.08947,1.37,1.00
2018.02.20 13:49:07.557,8.08784,8.08942,1.37,1.00
2018.02.20 13:49:07.874,8.08784,8.0894,1.37,1.00
2018.02.20 13:49:08.229,8.08784,8.08932,1.50,1.00
2018.02.20 13:49:08.532,8.08784,8.08923,1.37,1.00
2018.02.20 13:49:09.095,8.08784,8.0892,1.37,1.00
2018.02.20 13:49:09.577,8.08784,8.0892,1.00,1.00
2018.02.20 13:49:12.026,8.08784,8.08918,1.00,1.00
2018.02.20 13:49:12.374,8.08762,8.08893,1.37,1.00
2018.02.20 13:49:12.425,8.08762,8.08901,1.37,1.00
2018.02.20 13:49:12.476,8.08762,8.08896,1.37,1.00
2018.02.20 13:49:12.821,8.08762,8.08893,1.37,1.00
2018.02.20 13:49:13.598,8.08762,8.08893,1.00,1.00
2018.02.20 13:49:14.779,8.08762,8.08897,1.00,1.00
2018.02.20 13:49:14.885,8.08764,8.08905,1.00,1.00
2018.02.20 13:49:15.038,8.08767,8.08911,1.00,1.00
2018.02.20 13:49:15.289,8.08772,8.08913,1.00,1.00
2018.02.20 13:49:16.577,8.08765,8.08909,1.00,1.00
2018.02.20 13:49:16.730,8.08757,8.08899,1.37,1.00
2018.02.20 13:49:17.064,8.08751,8.08894,1.37,1.00
2018.02.20 13:49:17.390,8.08749,8.08892,1.37,1.00
2018.02.20 13:49:17.441,8.08749,8.08892,1.37,1.00
2018.02.20 13:49:18.025,8.08749,8.08893,1.87,1.00
2018.02.20 13:49:18.556,8.08749,8.08893,1.50,1.00
2018.02.20 13:49:19.717,8.08749,8.08893,2.25,1.00
2018.02.20 13:49:19.768,8.08749,8.08893,1.50,1.00
2018.02.20 13:49:19.869,8.08749,8.08899,1.00,1.00
2018.02.20 13:49:19.920,8.08749,8.08896,1.00,1.00
2018.02.20 13:49:20.224,8.08749,8.08844,1.00,1.00
2018.02.20 13:49:22.469,8.08749,8.08844,1.75,1.00
2018.02.20 13:49:23.143,8.08749,8.08844,1.00,1.00
2018.02.20 13:49:23.657,8.08726,8.08844,1.37,1.00
2018.02.20 13:49:23.864,8.08687,8.08844,1.87,1.00
2018.02.20 13:49:23.915,8.08687,8.08837,1.37,1.00
2018.02.20 13:49:24.435,8.08676,8.08835,1.75,1.00
2018.02.20 13:49:24.749,8.08672,8.08827,1.75,1.00
2018.02.20 13:49:25.125,8.08655,8.08813,1.37,1.00
2018.02.20 13:49:25.329,8.08655,8.08807,1.37,1.00
2018.02.20 13:49:25.644,8.08643,8.08793,1.75,1.00
2018.02.20 13:49:25.980,8.08641,8.08791,1.75,1.00
2018.02.20 13:49:26.627,8.08627,8.08786,1.75,1.00
2018.02.20 13:49:26.679,8.08618,8.08776,1.37,1.00
2018.02.20 13:49:26.878,8.08625,8.08782,1.00,1.00
2018.02.20 13:49:26.929,8.08629,8.08782,1.00,1.00
2018.02.20 13:49:27.340,8.08623,8.08776,1.00,1.00
2018.02.20 13:49:27.391,8.08626,8.08782,1.00,1.00
2018.02.20 13:49:27.585,8.08623,8.08782,1.50,1.50
2018.02.20 13:49:27.636,8.08623,8.08766,1.50,1.00
2018.02.20 13:49:27.986,8.08631,8.08766,1.00,1.00
2018.02.20 13:49:28.494,8.08631,8.08776,1.00,1.00
2018.02.20 13:49:31.270,8.08635,8.08776,1.00,1.00
2018.02.20 13:49:31.371,8.08646,8.08792,1.00,1.00
2018.02.20 13:49:32.129,8.0865,8.08792,1.00,1.00
2018.02.20 13:49:32.245,8.08655,8.08813,1.00,1.00
2018.02.20 13:49:33.859,8.08659,8.08817,1.00,1.50
2018.02.20 13:49:34.820,8.08663,8.08817,1.00,1.00
2018.02.20 13:49:35.126,8.08669,8.08817,1.00,1.00
2018.02.20 13:49:35.453,8.08667,8.08811,1.00,1.00
2018.02.20 13:49:35.941,8.0868,8.08823,1.00,1.00
2018.02.20 13:49:37.052,8.08673,8.08816,1.00,1.00
2018.02.20 13:49:37.404,8.08677,8.08821,1.00,1.00
2018.02.20 13:49:38.129,8.08676,8.0882,1.00,1.00
2018.02.20 13:49:39.516,8.08681,8.0882,1.00,1.00
2018.02.20 13:49:39.567,8.08681,8.0884,1.00,1.00
2018.02.20 13:49:39.669,8.08681,8.08834,1.37,1.00
2018.02.20 13:49:39.974,8.08724,8.08844,1.00,1.00
2018.02.20 13:49:40.285,8.08736,8.08844,1.00,1.00
2018.02.20 13:49:40.866,8.08734,8.08844,1.00,1.00
2018.02.20 13:49:41.448,8.08732,8.08844,1.00,1.00
2018.02.20 13:49:41.827,8.08724,8.08844,1.00,1.00
2018.02.20 13:49:42.081,8.08741,8.08844,1.00,1.00
2018.02.20 13:49:42.336,8.08723,8.08844,1.00,1.00
2018.02.20 13:49:42.929,8.08722,8.08844,1.00,1.00
2018.02.20 13:49:43.239,8.0872,8.08844,1.00,1.00
2018.02.20 13:49:46.661,8.08725,8.08844,1.00,1.00
2018.02.20 13:49:47.404,8.08727,8.08844,1.00,1.00
2018.02.20 13:49:48.316,8.08724,8.08844,1.00,1.00
2018.02.20 13:49:48.419,8.08719,8.08844,1.00,1.00
2018.02.20 13:49:48.540,8.08726,8.08844,1.00,1.00
2018.02.20 13:49:48.846,8.08734,8.08844,1.37,1.00
2018.02.20 13:49:49.963,8.08732,8.08844,1.00,1.00
2018.02.20 13:49:50.654,8.08733,8.08844,1.00,1.00
2018.02.20 13:49:51.594,8.08729,8.08844,1.00,1.00
2018.02.20 13:49:51.646,8.08731,8.08844,1.00,1.00
2018.02.20 13:49:51.931,8.08728,8.08844,1.50,1.00
2018.02.20 13:49:52.570,8.08726,8.08844,1.00,1.00
2018.02.20 13:49:52.951,8.08732,8.08844,1.00,1.00
2018.02.20 13:49:53.945,8.08748,8.08844,1.00,1.00
2018.02.20 13:49:54.275,8.08761,8.08844,1.00,1.00
2018.02.20 13:49:57.691,8.08764,8.08844,1.00,1.00
2018.02.20 13:49:58.016,8.08771,8.08844,1.00,1.00
2018.02.20 13:49:58.363,8.08773,8.08844,1.00,1.00
2018.02.20 13:49:58.614,8.08767,8.08844,1.00,1.00
2018.02.20 13:49:59.470,8.08773,8.08844,1.00,1.00
2018.02.20 13:50:00.623,8.08777,8.08844,1.00,1.00
2018.02.20 13:50:00.944,8.08782,8.08844,1.00,1.00
2018.02.20 13:50:01.248,8.08777,8.08844,1.00,1.00
2018.02.20 13:50:01.985,8.08777,8.08867,1.00,1.00
2018.02.20 13:50:05.789,8.08778,8.08867,1.00,1.00
2018.02.20 13:50:06.327,8.08779,8.08867,1.00,1.00
2018.02.20 13:50:06.429,8.08777,8.08867,1.00,1.00
2018.02.20 13:50:06.967,8.08773,8.08862,1.00,1.00
2018.02.20 13:50:07.069,8.08768,8.08862,1.00,1.00
2018.02.20 13:50:07.364,8.08766,8.08862,1.12,1.00
2018.02.20 13:50:07.644,8.08773,8.08862,1.00,1.00
2018.02.20 13:50:08.149,8.08772,8.08862,1.00,1.00
2018.02.20 13:50:08.511,8.0877,8.08862,1.00,1.00
2018.02.20 13:50:08.562,8.08787,8.08862,1.00,1.00
2018.02.20 13:50:08.820,8.08816,8.08925,1.37,1.00
2018.02.20 13:50:08.871,8.08823,8.08937,1.00,1.00
2018.02.20 13:50:08.922,8.08823,8.0896,1.00,1.00
2018.02.20 13:50:08.974,8.08826,8.0896,1.00,1.00
2018.02.20 13:50:09.230,8.08834,8.08977,1.00,1.00
2018.02.20 13:50:09.772,8.08834,8.08978,1.00,1.00
2018.02.20 13:50:10.171,8.08834,8.08978,1.37,1.00
2018.02.20 13:50:10.708,8.08833,8.08977,1.37,1.00
2018.02.20 13:50:11.781,8.08833,8.08977,1.37,1.00
2018.02.20 13:50:12.273,8.0883,8.08972,1.37,1.00
2018.02.20 13:50:13.926,8.0883,8.08972,1.00,1.00
2018.02.20 13:50:15.414,8.08826,8.08969,1.37,1.00
2018.02.20 13:50:15.597,8.0883,8.08974,1.00,1.00
2018.02.20 13:50:16.088,8.08827,8.08969,1.37,1.00
2018.02.20 13:50:16.387,8.0883,8.08974,1.00,1.00
2018.02.20 13:50:17.429,8.08829,8.08972,1.00,1.00
2018.02.20 13:50:17.725,8.08833,8.08977,1.00,1.00
2018.02.20 13:50:18.841,8.08833,8.08977,1.37,1.00
2018.02.20 13:50:22.832,8.08833,8.08977,1.00,1.00
2018.02.20 13:50:22.989,8.08827,8.08968,1.37,1.00
2018.02.20 13:50:23.309,8.08819,8.08958,1.37,1.00
2018.02.20 13:50:24.405,8.08814,8.08958,1.37,1.00
2018.02.20 13:50:24.549,8.08818,8.08962,1.00,1.00
2018.02.20 13:50:25.140,8.08819,8.08962,1.00,1.00
2018.02.20 13:50:25.191,8.08822,8.08965,1.00,1.00
2018.02.20 13:50:25.585,8.08811,8.08954,1.37,1.00
2018.02.20 13:50:25.917,8.08803,8.08945,1.37,1.00
2018.02.20 13:50:26.018,8.08805,8.08948,1.37,1.00
2018.02.20 13:50:26.471,8.08816,8.08958,1.00,1.00
2018.02.20 13:50:26.603,8.08812,8.08955,1.37,1.00
2018.02.20 13:50:26.945,8.08816,8.08957,1.00,1.00
2018.02.20 13:50:27.275,8.08819,8.08957,1.00,1.00
2018.02.20 13:50:27.689,8.08817,8.08957,1.00,1.00
2018.02.20 13:50:28.213,8.08818,8.08957,1.00,1.00
2018.02.20 13:50:28.264,8.08821,8.08965,1.00,1.50
2018.02.20 13:50:28.520,8.08827,8.08965,1.00,1.00
2018.02.20 13:50:30.811,8.08831,8.08965,1.00,1.00
2018.02.20 13:50:32.231,8.08818,8.08954,1.37,1.00
2018.02.20 13:50:32.354,8.08818,8.08949,1.37,1.00
2018.02.20 13:50:32.406,8.08811,8.08955,1.37,1.00
2018.02.20 13:50:32.509,8.08818,8.08959,1.37,1.00
2018.02.20 13:50:33.529,8.08831,8.08965,1.00,1.00
2018.02.20 13:50:33.884,8.08831,8.08975,1.00,1.00
2018.02.20 13:50:34.488,8.08832,8.08975,1.00,1.00
2018.02.20 13:50:35.125,8.08831,8.08975,1.00,1.00
2018.02.20 13:50:36.392,8.08832,8.08975,1.00,1.00
2018.02.20 13:50:36.657,8.08834,8.08975,1.00,1.00
2018.02.20 13:50:37.035,8.08844,8.08981,1.00,1.00
2018.02.20 13:50:37.150,8.08842,8.08986,1.00,1.00
2018.02.20 13:50:37.760,8.08834,8.0897,1.37,1.00
2018.02.20 13:50:38.015,8.08832,8.08976,1.37,1.00
2018.02.20 13:50:38.314,8.08829,8.08972,2.62,1.00
2018.02.20 13:50:38.653,8.08829,8.08969,1.37,1.00
2018.02.20 13:50:39.760,8.08829,8.08969,1.37,1.00
2018.02.20 13:50:40.078,8.08829,8.08965,1.37,1.00
2018.02.20 13:50:42.339,8.08829,8.08965,1.37,1.00
2018.02.20 13:50:43.881,8.08829,8.08965,1.00,1.00
2018.02.20 13:50:44.135,8.08837,8.08995,1.00,1.00
2018.02.20 13:50:44.186,8.08844,8.08995,1.00,1.00
2018.02.20 13:50:44.237,8.0884,8.08995,1.00,1.00
2018.02.20 13:50:44.470,8.08839,8.08981,1.00,1.00
2018.02.20 13:50:45.264,8.08842,8.08985,1.00,1.00
2018.02.20 13:50:46.332,8.08838,8.08982,1.37,1.00
2018.02.20 13:50:46.542,8.08842,8.08985,1.00,1.00
2018.02.20 13:50:47.326,8.08844,8.08985,1.00,1.00
2018.02.20 13:50:47.499,8.08851,8.08994,1.00,1.00
2018.02.20 13:50:47.654,8.08854,8.08994,1.00,1.00
2018.02.20 13:50:47.964,8.08848,8.08986,1.00,1.00
2018.02.20 13:50:48.015,8.08848,8.08994,1.00,1.00
2018.02.20 13:50:48.628,8.08849,8.08994,1.00,1.00
2018.02.20 13:50:49.222,8.08848,8.08994,1.37,1.00
2018.02.20 13:50:50.380,8.08848,8.08994,1.37,1.00
2018.02.20 13:50:51.031,8.08848,8.08991,1.37,1.00
2018.02.20 13:50:52.275,8.08853,8.08991,1.00,1.00
2018.02.20 13:50:52.896,8.08854,8.08991,1.00,1.00
2018.02.20 13:50:53.603,8.08853,8.08991,1.00,1.00
2018.02.20 13:50:53.917,8.08854,8.08985,1.00,1.00
2018.02.20 13:50:53.969,8.08849,8.08985,1.37,1.00
2018.02.20 13:50:54.353,8.08853,8.08985,1.00,1.00
2018.02.20 13:50:54.761,8.08829,8.08985,1.75,1.00
2018.02.20 13:50:54.812,8.08826,8.08983,1.75,1.00
2018.02.20 13:50:55.343,8.0883,8.08982,1.50,1.00
2018.02.20 13:50:55.890,8.08837,8.08983,1.37,1.00
2018.02.20 13:50:56.143,8.08908,8.09067,1.60,1.00
2018.02.20 13:50:56.194,8.08908,8.09069,1.60,1.50
2018.02.20 13:50:56.572,8.08934,8.09091,1.37,1.00
2018.02.20 13:50:56.667,8.0896,8.09092,2.10,1.00
2018.02.20 13:50:56.719,8.08946,8.09104,1.87,1.00
2018.02.20 13:50:56.773,8.08946,8.091,1.37,1.00
2018.02.20 13:50:57.077,8.08929,8.09056,1.37,1.00
2018.02.20 13:50:57.863,8.08933,8.09056,1.00,1.00
2018.02.20 13:50:58.106,8.0893,8.09056,1.00,1.00
2018.02.20 13:50:58.651,8.08929,8.09056,1.00,1.00
2018.02.20 13:50:58.710,8.08923,8.09056,1.12,1.00
2018.02.20 13:50:58.761,8.08905,8.09047,1.37,1.00
2018.02.20 13:50:58.812,8.08905,8.09049,1.37,1.00
2018.02.20 13:50:58.950,8.08905,8.09035,1.37,1.00
2018.02.20 13:50:59.001,8.08905,8.09045,1.37,1.00
2018.02.20 13:50:59.153,8.08913,8.09034,1.37,1.00
2018.02.20 13:50:59.255,8.08913,8.09029,1.00,1.00
2018.02.20 13:50:59.357,8.08902,8.09029,1.00,1.00
2018.02.20 13:50:59.660,8.08904,8.09029,1.00,1.00
2018.02.20 13:50:59.837,8.08904,8.09036,1.00,1.00
2018.02.20 13:51:00.038,8.08904,8.09032,1.00,1.00
2018.02.20 13:51:00.190,8.08905,8.09035,1.00,1.00
2018.02.20 13:51:00.241,8.08905,8.09043,1.00,1.00
2018.02.20 13:51:00.292,8.08915,8.09047,1.00,1.00
2018.02.20 13:51:00.596,8.08895,8.09048,1.37,1.00
2018.02.20 13:51:01.474,8.08908,8.09048,1.00,1.00
2018.02.20 13:51:01.768,8.08906,8.09049,1.12,1.00
2018.02.20 13:51:02.260,8.08904,8.09049,1.37,1.00
2018.02.20 13:51:03.579,8.08905,8.09056,1.37,1.00
2018.02.20 13:51:03.630,8.08905,8.09062,1.37,1.00
2018.02.20 13:51:03.682,8.08923,8.09062,1.00,1.00
2018.02.20 13:51:03.733,8.08941,8.09085,1.00,1.00
2018.02.20 13:51:03.784,8.0896,8.09096,1.00,1.00
2018.02.20 13:51:03.835,8.0896,8.09103,1.00,1.00
2018.02.20 13:51:03.887,8.08969,8.09103,1.00,1.00
2018.02.20 13:51:04.841,8.08962,8.09103,1.00,1.00
2018.02.20 13:51:04.892,8.08962,8.09101,1.00,1.00
2018.02.20 13:51:05.742,8.08962,8.091,1.00,1.00
2018.02.20 13:51:06.082,8.08964,8.091,1.00,1.00
2018.02.20 13:51:06.442,8.08967,8.09101,1.00,1.00
2018.02.20 13:51:06.731,8.0896,8.09098,1.00,1.00
2018.02.20 13:51:07.086,8.0897,8.09098,1.00,1.00
2018.02.20 13:51:07.360,8.08968,8.09098,1.00,1.00
2018.02.20 13:51:07.863,8.08967,8.09098,1.00,1.00
2018.02.20 13:51:07.965,8.08971,8.09098,1.00,1.00
2018.02.20 13:51:08.333,8.08967,8.09098,1.00,1.00
2018.02.20 13:51:08.618,8.08963,8.09097,1.00,1.00
2018.02.20 13:51:08.942,8.08961,8.09097,1.00,1.00
2018.02.20 13:51:09.386,8.08962,8.09102,1.00,1.00
2018.02.20 13:51:09.655,8.08967,8.09102,1.00,1.00
2018.02.20 13:51:09.936,8.08962,8.09102,1.00,1.00
2018.02.20 13:51:10.515,8.08966,8.09102,1.00,1.00
2018.02.20 13:51:10.848,8.08963,8.09101,1.00,1.00
2018.02.20 13:51:11.116,8.08966,8.09101,1.00,1.00
2018.02.20 13:51:11.413,8.0896,8.09101,1.00,1.00
2018.02.20 13:51:11.725,8.08962,8.09101,1.00,1.00
2018.02.20 13:51:11.910,8.08951,8.09101,1.00,1.00
2018.02.20 13:51:11.962,8.08951,8.09091,1.00,1.00
2018.02.20 13:51:12.839,8.08952,8.09091,1.00,1.00
2018.02.20 13:51:13.152,8.08956,8.09091,1.00,1.00
2018.02.20 13:51:13.543,8.08961,8.09091,1.00,1.00
2018.02.20 13:51:13.998,8.08964,8.09091,1.00,1.00
2018.02.20 13:51:14.351,8.08964,8.09088,1.00,1.00
2018.02.20 13:51:14.632,8.08954,8.0909,1.00,1.00
2018.02.20 13:51:14.733,8.08937,8.09081,1.37,1.00
2018.02.20 13:51:14.784,8.08937,8.09072,1.37,1.00
2018.02.20 13:51:15.109,8.08901,8.09051,1.00,1.00
2018.02.20 13:51:15.211,8.08884,8.09039,1.37,1.00
2018.02.20 13:51:15.517,8.08878,8.09029,1.37,1.00
2018.02.20 13:51:15.832,8.08875,8.09016,1.37,1.00
2018.02.20 13:51:16.816,8.08862,8.09016,1.75,1.00
2018.02.20 13:51:17.277,8.08862,8.09021,1.75,1.00
2018.02.20 13:51:17.548,8.0886,8.09019,1.75,1.00
2018.02.20 13:51:17.867,8.0886,8.09029,1.75,1.00
2018.02.20 13:51:18.367,8.0886,8.09029,1.50,1.00
2018.02.20 13:51:19.200,8.08858,8.09017,1.75,1.00
2018.02.20 13:51:20.697,8.08857,8.09029,1.75,1.00
2018.02.20 13:51:21.547,8.08857,8.09029,1.75,1.00
2018.02.20 13:51:22.256,8.08875,8.09037,1.37,1.00
2018.02.20 13:51:22.307,8.08857,8.09029,2.25,1.00
2018.02.20 13:51:22.713,8.08913,8.0907,1.00,1.00
2018.02.20 13:51:22.764,8.08931,8.09085,1.00,1.00
2018.02.20 13:51:22.815,8.08936,8.09093,1.00,1.00
2018.02.20 13:51:22.867,8.0895,8.09093,1.00,1.00
2018.02.20 13:51:22.918,8.08954,8.09099,1.00,1.00
2018.02.20 13:51:22.970,8.0895,8.09099,1.00,1.00
2018.02.20 13:51:23.021,8.08952,8.09099,1.00,1.00
2018.02.20 13:51:23.339,8.08965,8.09099,1.00,1.00
2018.02.20 13:51:23.478,8.0897,8.09109,1.00,1.00
2018.02.20 13:51:24.168,8.08965,8.09109,1.00,1.00
2018.02.20 13:51:24.226,8.08965,8.09107,1.00,1.00
2018.02.20 13:51:24.534,8.08958,8.09098,1.37,1.00
2018.02.20 13:51:24.760,8.08958,8.09098,1.00,1.00
2018.02.20 13:51:24.862,8.0896,8.09098,1.00,1.00
2018.02.20 13:51:25.178,8.08963,8.09098,1.00,1.00
2018.02.20 13:51:25.487,8.08965,8.09098,1.00,1.00
2018.02.20 13:51:26.051,8.08965,8.09099,1.00,1.00
2018.02.20 13:51:26.697,8.08964,8.09099,1.00,1.00
2018.02.20 13:51:26.999,8.0897,8.09099,1.00,1.00
2018.02.20 13:51:27.350,8.08973,8.09099,1.00,1.00
2018.02.20 13:51:27.767,8.08977,8.09099,1.00,1.00
2018.02.20 13:51:28.794,8.08979,8.09109,1.00,1.00
2018.02.20 13:51:28.846,8.08996,8.09111,1.00,1.00
2018.02.20 13:51:28.897,8.08996,8.0912,1.00,1.00
2018.02.20 13:51:28.949,8.09,8.09159,1.00,1.00
2018.02.20 13:51:29.102,8.09035,8.09176,1.00,1.00
2018.02.20 13:51:29.153,8.09035,8.09185,1.00,1.00
2018.02.20 13:51:29.255,8.09035,8.09177,1.00,1.00
2018.02.20 13:51:29.559,8.0904,8.09177,1.00,1.00
2018.02.20 13:51:29.831,8.09043,8.09186,1.00,1.00
2018.02.20 13:51:29.882,8.09044,8.09199,1.00,1.00
2018.02.20 13:51:29.933,8.09044,8.09202,1.00,1.00
2018.02.20 13:51:29.984,8.09061,8.09202,1.00,1.00
2018.02.20 13:51:30.085,8.09044,8.09202,1.00,1.00
2018.02.20 13:51:30.136,8.09044,8.09198,1.00,1.00
2018.02.20 13:51:30.238,8.09044,8.09202,1.00,1.00
2018.02.20 13:51:30.339,8.09044,8.09199,1.00,1.00
2018.02.20 13:51:30.717,8.09039,8.09193,1.00,1.00
2018.02.20 13:51:30.977,8.0905,8.09207,1.00,1.00
2018.02.20 13:51:31.028,8.09043,8.09199,1.00,1.00
2018.02.20 13:51:31.332,8.09052,8.09206,1.00,1.00
2018.02.20 13:51:31.633,8.0906,8.09191,1.00,1.00
2018.02.20 13:51:31.684,8.0906,8.09217,1.37,1.00
2018.02.20 13:51:31.737,8.0906,8.09227,1.37,1.00
2018.02.20 13:51:31.789,8.09069,8.09227,1.00,1.00
2018.02.20 13:51:31.840,8.0906,8.09247,2.62,1.00
2018.02.20 13:51:31.891,8.0906,8.09227,2.62,1.00
2018.02.20 13:51:31.942,8.09076,8.09238,1.37,1.00
2018.02.20 13:51:32.063,8.09085,8.09237,1.00,1.00
2018.02.20 13:51:32.166,8.09111,8.09267,1.00,1.00
2018.02.20 13:51:32.217,8.09127,8.0927,1.00,1.00
2018.02.20 13:51:32.520,8.09124,8.09255,1.00,1.00
2018.02.20 13:51:32.571,8.09107,8.09261,1.00,1.00
2018.02.20 13:51:32.735,8.09107,8.09257,1.00,1.00
2018.02.20 13:51:33.039,8.09096,8.09234,1.00,1.00
2018.02.20 13:51:33.409,8.09104,8.09234,1.00,1.00
2018.02.20 13:51:33.460,8.09101,8.09234,1.00,1.00
2018.02.20 13:51:33.713,8.09098,8.09234,1.00,1.00
2018.02.20 13:51:33.815,8.09098,8.09238,1.00,1.00
2018.02.20 13:51:33.956,8.09098,8.09243,1.00,1.00
2018.02.20 13:51:34.007,8.09098,8.09248,1.00,1.00
2018.02.20 13:51:34.059,8.09108,8.09248,1.00,1.00
2018.02.20 13:51:34.364,8.09112,8.09248,1.00,1.00
2018.02.20 13:51:34.466,8.09112,8.09261,1.00,1.00
2018.02.20 13:51:34.517,8.09112,8.09269,1.00,1.00
2018.02.20 13:51:34.568,8.09129,8.09269,1.00,1.00
2018.02.20 13:51:34.895,8.09131,8.09269,1.00,1.00
2018.02.20 13:51:35.034,8.09131,8.09299,1.00,1.00
2018.02.20 13:51:35.085,8.0916,8.09312,1.00,1.00
2018.02.20 13:51:35.389,8.09177,8.09312,1.00,1.00
2018.02.20 13:51:35.490,8.09165,8.09312,1.00,1.00
2018.02.20 13:51:35.815,8.09168,8.09312,1.00,1.00
2018.02.20 13:51:36.122,8.09154,8.09304,1.37,1.00
2018.02.20 13:51:36.861,8.09135,8.09304,1.37,1.00
2018.02.20 13:51:36.912,8.09135,8.09289,1.37,1.00
2018.02.20 13:51:37.289,8.09132,8.09284,1.37,1.00
2018.02.20 13:51:37.461,8.0914,8.09292,1.37,1.00
2018.02.20 13:51:38.088,8.0914,8.09292,1.00,1.00
2018.02.20 13:51:38.140,8.09138,8.09278,1.00,1.00
2018.02.20 13:51:38.394,8.09128,8.0928,1.37,1.00
2018.02.20 13:51:39.214,8.09135,8.09284,1.12,1.00
2018.02.20 13:51:39.266,8.09136,8.09284,1.37,1.00
2018.02.20 13:51:39.470,8.0914,8.09293,1.12,1.00
2018.02.20 13:51:39.521,8.09142,8.09293,1.00,1.00
2018.02.20 13:51:39.712,8.09162,8.0933,1.37,1.00
2018.02.20 13:51:40.089,8.0917,8.09307,1.37,1.00
2018.02.20 13:51:40.193,8.09153,8.09314,1.75,1.00
2018.02.20 13:51:40.244,8.0917,8.09333,1.37,1.00
2018.02.20 13:51:40.296,8.0917,8.09331,1.37,1.00
2018.02.20 13:51:40.456,8.0917,8.09339,1.37,1.00
2018.02.20 13:51:40.508,8.09173,8.0935,1.37,1.00
2018.02.20 13:51:40.611,8.09184,8.09332,1.00,1.00
2018.02.20 13:51:40.917,8.09179,8.0932,1.00,1.00
2018.02.20 13:51:41.205,8.09185,8.09333,1.00,1.00
2018.02.20 13:51:41.358,8.09179,8.09327,1.00,1.00
2018.02.20 13:51:41.666,8.09157,8.09305,1.75,1.00
2018.02.20 13:51:41.835,8.0917,8.09318,1.37,1.00
2018.02.20 13:51:41.937,8.09159,8.0932,1.50,1.00
2018.02.20 13:51:42.091,8.09166,8.09324,1.37,1.00
2018.02.20 13:51:42.363,8.09164,8.09319,1.37,1.00
2018.02.20 13:51:42.413,8.09164,8.09307,1.00,1.00
2018.02.20 13:51:42.515,8.09164,8.09304,1.00,1.00
2018.02.20 13:51:42.842,8.09206,8.09295,1.00,1.00
2018.02.20 13:51:43.145,8.09179,8.09291,1.00,1.00
2018.02.20 13:51:43.297,8.09179,8.09279,1.00,1.00
2018.02.20 13:51:43.456,8.09179,8.0929,1.00,1.50
2018.02.20 13:51:43.507,8.09179,8.09295,1.00,1.00
2018.02.20 13:51:43.559,8.09179,8.0929,1.00,1.00
2018.02.20 13:51:43.660,8.09179,8.09292,1.00,1.00
2018.02.20 13:51:43.929,8.09179,8.09289,1.00,1.00
2018.02.20 13:51:44.251,8.09144,8.09282,1.00,1.00
2018.02.20 13:51:44.631,8.09144,8.09286,1.00,1.00
2018.02.20 13:51:44.736,8.09146,8.09286,1.00,1.00
2018.02.20 13:51:45.250,8.09145,8.093,1.00,1.00
2018.02.20 13:51:45.353,8.0915,8.093,1.00,1.00
2018.02.20 13:51:45.408,8.0915,8.09304,1.00,1.00
2018.02.20 13:51:45.509,8.0915,8.09304,1.37,1.00
2018.02.20 13:51:45.883,8.09158,8.09306,1.00,1.00
2018.02.20 13:51:46.247,8.09155,8.09302,1.00,1.00
2018.02.20 13:51:46.548,8.09185,8.09302,1.00,1.00
2018.02.20 13:51:46.650,8.09185,8.09306,1.00,1.00
2018.02.20 13:51:46.702,8.09185,8.09312,1.00,1.00
2018.02.20 13:51:46.754,8.09185,8.09321,1.00,1.00
2018.02.20 13:51:46.805,8.09185,8.09326,1.00,1.00
2018.02.20 13:51:47.010,8.09228,8.09388,1.00,1.00
2018.02.20 13:51:47.060,8.09258,8.09388,1.00,1.00
2018.02.20 13:51:47.111,8.09258,8.09408,1.00,1.00
2018.02.20 13:51:47.215,8.09258,8.09361,1.00,1.00
2018.02.20 13:51:47.317,8.09225,8.09351,1.00,1.00
2018.02.20 13:51:47.375,8.09225,8.09363,1.00,1.00
2018.02.20 13:51:47.426,8.09225,8.0935,1.00,1.00
2018.02.20 13:51:47.477,8.09225,8.0936,1.00,1.00
2018.02.20 13:51:47.675,8.09225,8.09362,1.00,1.00
2018.02.20 13:51:48.199,8.09262,8.09363,1.00,1.00
2018.02.20 13:51:48.506,8.09262,8.09344,1.00,1.00
2018.02.20 13:51:48.629,8.09262,8.09352,1.00,1.00
2018.02.20 13:51:48.784,8.09262,8.09342,1.00,1.00
2018.02.20 13:51:48.988,8.09262,8.09356,1.00,1.00
2018.02.20 13:51:49.042,8.09262,8.09358,1.00,1.00
2018.02.20 13:51:49.093,8.09262,8.09366,1.00,1.00
2018.02.20 13:51:49.298,8.09262,8.0936,1.00,1.00
2018.02.20 13:51:49.673,8.09262,8.09379,1.00,1.00
2018.02.20 13:51:49.726,8.09262,8.09391,1.00,1.00
2018.02.20 13:51:49.778,8.09262,8.09402,1.00,1.00
2018.02.20 13:51:49.829,8.09303,8.09412,1.00,1.00
2018.02.20 13:51:50.280,8.09303,8.09407,1.00,1.00
2018.02.20 13:51:50.332,8.09303,8.09413,1.00,1.00
2018.02.20 13:51:50.384,8.09303,8.09401,1.00,1.00
2018.02.20 13:51:50.486,8.09303,8.09403,1.00,1.00
2018.02.20 13:51:50.537,8.09303,8.09405,1.00,1.00
2018.02.20 13:51:50.639,8.09303,8.09416,1.00,1.00
2018.02.20 13:51:50.741,8.09303,8.09419,1.00,1.00
2018.02.20 13:51:50.894,8.09303,8.09438,1.00,1.00
2018.02.20 13:51:51.051,8.09303,8.09436,1.00,1.00
2018.02.20 13:51:51.398,8.09336,8.09428,1.00,1.00
2018.02.20 13:51:51.731,8.09336,8.09431,1.00,1.00
2018.02.20 13:51:51.897,8.09336,8.09421,1.00,1.00
2018.02.20 13:51:52.259,8.09303,8.09388,1.00,1.00
2018.02.20 13:51:53.080,8.09303,8.09401,1.00,1.00
2018.02.20 13:51:53.132,8.09303,8.09404,1.00,1.00
2018.02.20 13:51:53.184,8.09303,8.09412,1.00,1.00
2018.02.20 13:51:53.235,8.09303,8.09416,1.00,1.00
2018.02.20 13:51:53.432,8.09303,8.09413,1.00,1.00
2018.02.20 13:51:53.787,8.09303,8.09401,1.00,1.00
2018.02.20 13:51:53.838,8.09303,8.09412,1.00,1.00
2018.02.20 13:51:54.143,8.09303,8.09421,1.00,1.00
2018.02.20 13:51:54.885,8.09303,8.09428,1.00,1.00
2018.02.20 13:51:55.038,8.09303,8.09409,1.00,1.00
2018.02.20 13:51:55.191,8.09303,8.0942,1.00,1.00
2018.02.20 13:51:55.242,8.09303,8.09407,1.00,1.00
2018.02.20 13:51:55.294,8.09304,8.09434,1.00,1.00
2018.02.20 13:51:55.396,8.09326,8.09437,1.00,1.00
2018.02.20 13:51:55.447,8.09337,8.09468,1.00,1.50
2018.02.20 13:51:55.498,8.09337,8.09459,1.00,1.00
2018.02.20 13:51:55.549,8.09337,8.09464,1.00,1.00
2018.02.20 13:51:55.600,8.09337,8.0946,1.00,1.00
2018.02.20 13:51:56.212,8.09337,8.09462,1.00,1.00
2018.02.20 13:51:56.314,8.09337,8.09457,1.00,1.00
2018.02.20 13:51:56.684,8.09337,8.0946,1.00,1.00
2018.02.20 13:51:56.786,8.09337,8.09464,1.00,1.00
2018.02.20 13:51:56.989,8.09337,8.09455,1.00,1.00
2018.02.20 13:51:57.198,8.09337,8.09464,1.00,1.00
2018.02.20 13:51:57.251,8.09359,8.09468,1.00,1.00
2018.02.20 13:51:57.352,8.0936,8.09486,1.00,1.00
2018.02.20 13:51:57.403,8.0936,8.09492,1.00,1.00
2018.02.20 13:51:57.454,8.0936,8.09497,1.00,1.00
2018.02.20 13:51:57.657,8.0936,8.09501,1.00,1.00
2018.02.20 13:51:57.815,8.09391,8.09501,1.00,1.00
2018.02.20 13:51:58.142,8.09391,8.09497,1.00,1.00
2018.02.20 13:51:58.294,8.09391,8.09523,1.00,1.00
2018.02.20 13:51:58.345,8.09404,8.09533,1.00,1.00
2018.02.20 13:51:58.536,8.09432,8.09573,1.00,1.00
2018.02.20 13:51:58.588,8.09432,8.09542,1.00,1.00
2018.02.20 13:51:58.947,8.09432,8.09547,1.00,1.00
2018.02.20 13:51:59.012,8.09432,8.0953,1.00,1.00
2018.02.20 13:51:59.067,8.09398,8.09517,1.00,1.00
2018.02.20 13:51:59.119,8.09398,8.09514,1.00,1.00
2018.02.20 13:51:59.431,8.09365,8.09464,1.00,1.00
2018.02.20 13:51:59.615,8.09326,8.0944,1.00,1.00
2018.02.20 13:51:59.667,8.09326,8.09444,1.00,1.00
2018.02.20 13:51:59.769,8.09326,8.09415,1.00,1.00
2018.02.20 13:51:59.871,8.09326,8.09424,1.00,1.00
2018.02.20 13:51:59.927,8.09326,8.09426,1.00,1.00
2018.02.20 13:51:59.980,8.0935,8.09426,1.00,1.00
2018.02.20 13:52:00.137,8.09347,8.09477,1.00,1.00
2018.02.20 13:52:00.188,8.09347,8.0948,1.00,1.00
2018.02.20 13:52:00.240,8.09347,8.09488,1.00,1.00
2018.02.20 13:52:00.291,8.09374,8.09507,1.00,1.00
2018.02.20 13:52:00.342,8.09374,8.09515,1.00,1.00
2018.02.20 13:52:00.393,8.09374,8.09501,1.00,1.00
2018.02.20 13:52:00.671,8.09376,8.09515,1.00,1.00
2018.02.20 13:52:00.722,8.09376,8.09519,1.00,1.00
2018.02.20 13:52:00.773,8.09376,8.09521,1.50,1.00
2018.02.20 13:52:00.824,8.09408,8.09521,1.00,1.00
2018.02.20 13:52:00.926,8.09408,8.0953,1.00,1.00
2018.02.20 13:52:00.977,8.09408,8.09534,1.00,1.00
2018.02.20 13:52:01.078,8.09408,8.09544,1.00,1.00
2018.02.20 13:52:01.129,8.09408,8.0954,1.00,1.00
2018.02.20 13:52:01.594,8.09423,8.09555,1.00,1.00
2018.02.20 13:52:01.645,8.09424,8.09571,1.00,1.00
2018.02.20 13:52:01.696,8.09449,8.09579,1.00,1.00
2018.02.20 13:52:01.747,8.09454,8.09613,1.00,1.00
2018.02.20 13:52:01.798,8.09477,8.09617,1.00,1.00
2018.02.20 13:52:01.851,8.09473,8.09617,1.00,1.00
2018.02.20 13:52:01.976,8.09508,8.09617,1.00,1.00
2018.02.20 13:52:02.077,8.09519,8.0965,1.00,2.06
2018.02.20 13:52:02.179,8.09519,8.09659,1.00,1.00
2018.02.20 13:52:02.331,8.09519,8.09655,1.00,1.00
2018.02.20 13:52:02.614,8.09486,8.09636,1.00,1.00
2018.02.20 13:52:02.665,8.09486,8.09611,1.00,1.00
2018.02.20 13:52:02.972,8.09486,8.09594,1.00,1.00
2018.02.20 13:52:03.074,8.09486,8.096,1.00,1.00
2018.02.20 13:52:03.125,8.09486,8.09607,1.00,1.60
2018.02.20 13:52:03.176,8.09486,8.09607,1.00,1.00
2018.02.20 13:52:03.376,8.09486,8.09617,1.00,1.00
2018.02.20 13:52:03.580,8.09486,8.09611,1.00,1.00
2018.02.20 13:52:03.911,8.09486,8.09597,1.00,1.00
2018.02.20 13:52:03.980,8.09486,8.09602,1.00,1.00
2018.02.20 13:52:04.239,8.09486,8.09598,1.00,1.00
2018.02.20 13:52:04.392,8.09486,8.09606,1.00,1.00
2018.02.20 13:52:04.443,8.09486,8.09613,1.00,1.00
2018.02.20 13:52:04.496,8.09486,8.09618,1.00,1.00
2018.02.20 13:52:04.547,8.09491,8.09636,1.00,1.00
2018.02.20 13:52:04.598,8.09487,8.09636,1.00,1.00
2018.02.20 13:52:04.650,8.09487,8.09657,1.00,1.50
2018.02.20 13:52:04.845,8.09521,8.09667,1.00,1.00
2018.02.20 13:52:05.156,8.09521,8.09658,1.00,1.00
2018.02.20 13:52:05.455,8.09521,8.09667,1.00,1.50
2018.02.20 13:52:05.674,8.09521,8.09652,1.00,1.00
2018.02.20 13:52:05.878,8.09521,8.09663,1.00,1.00
2018.02.20 13:52:06.081,8.09521,8.09661,1.00,1.00
2018.02.20 13:52:06.518,8.09521,8.09643,1.00,1.00
2018.02.20 13:52:06.569,8.09521,8.09652,1.00,1.00
2018.02.20 13:52:06.811,8.09521,8.09659,1.00,1.00
2018.02.20 13:52:06.863,8.09521,8.09656,1.00,1.60
2018.02.20 13:52:07.006,8.09524,8.09674,1.00,1.00
2018.02.20 13:52:07.057,8.09521,8.09661,1.00,1.00
2018.02.20 13:52:07.209,8.09521,8.09667,1.00,1.00
2018.02.20 13:52:07.377,8.09521,8.09663,1.00,1.00
2018.02.20 13:52:07.428,8.09521,8.09667,1.00,1.00
2018.02.20 13:52:07.557,8.09521,8.0966,1.00,1.00
2018.02.20 13:52:07.863,8.09521,8.09647,1.00,1.00
2018.02.20 13:52:08.167,8.09521,8.09641,1.00,1.00
2018.02.20 13:52:08.380,8.09521,8.09648,1.00,1.00
2018.02.20 13:52:08.815,8.09521,8.09666,1.00,1.00
2018.02.20 13:52:08.866,8.09528,8.09662,1.00,1.00
2018.02.20 13:52:09.171,8.09568,8.09694,1.00,1.00
2018.02.20 13:52:09.474,8.09568,8.09667,1.00,1.00
2018.02.20 13:52:09.649,8.09534,8.09661,1.00,1.00
2018.02.20 13:52:09.911,8.09534,8.09665,1.00,1.00
2018.02.20 13:52:10.102,8.09534,8.0967,1.00,1.00
2018.02.20 13:52:10.153,8.09542,8.09661,1.00,1.00
2018.02.20 13:52:10.204,8.09534,8.09661,1.00,1.00
2018.02.20 13:52:10.305,8.09534,8.09656,1.00,1.00
2018.02.20 13:52:10.672,8.0956,8.09656,1.00,1.00
2018.02.20 13:52:11.037,8.0956,8.09662,1.00,1.00
2018.02.20 13:52:11.362,8.0956,8.09655,1.00,1.00
2018.02.20 13:52:11.682,8.0956,8.09651,1.00,1.00
2018.02.20 13:52:11.837,8.0956,8.09654,1.00,1.00
2018.02.20 13:52:11.940,8.0956,8.09671,1.00,1.00
2018.02.20 13:52:12.393,8.0956,8.09677,1.00,1.00
2018.02.20 13:52:12.597,8.0956,8.09681,1.00,1.00
2018.02.20 13:52:12.795,8.0956,8.09688,1.00,1.00
2018.02.20 13:52:12.896,8.0956,8.09684,1.50,1.00
2018.02.20 13:52:12.947,8.0956,8.09692,1.50,1.00
2018.02.20 13:52:13.030,8.0956,8.097,1.50,1.00
2018.02.20 13:52:13.081,8.09577,8.09711,1.00,1.00
2018.02.20 13:52:13.131,8.09577,8.09715,1.00,1.00
2018.02.20 13:52:13.237,8.09613,8.09715,1.00,1.00
2018.02.20 13:52:13.288,8.09613,8.09719,1.00,1.00
2018.02.20 13:52:13.389,8.09613,8.09729,1.00,1.00
2018.02.20 13:52:13.491,8.09613,8.09723,1.00,1.00
2018.02.20 13:52:13.542,8.09613,8.09734,1.00,1.00
2018.02.20 13:52:13.744,8.09645,8.09768,1.00,1.00
2018.02.20 13:52:13.898,8.09645,8.09754,1.00,1.00
2018.02.20 13:52:14.202,8.09645,8.09718,1.00,1.00
2018.02.20 13:52:14.785,8.09645,8.09722,1.00,1.00
2018.02.20 13:52:14.887,8.09645,8.09727,1.00,1.00
2018.02.20 13:52:14.939,8.09645,8.09744,1.00,1.00
2018.02.20 13:52:14.991,8.09645,8.09748,1.00,1.00
2018.02.20 13:52:15.093,8.09645,8.09742,1.00,1.00
2018.02.20 13:52:15.267,8.09645,8.09747,1.00,1.00
2018.02.20 13:52:16.609,8.09645,8.0973,1.00,1.00
2018.02.20 13:52:16.863,8.09645,8.09733,1.00,1.00
2018.02.20 13:52:16.914,8.09645,8.09742,1.00,1.00
2018.02.20 13:52:17.154,8.09645,8.09737,1.00,1.00
2018.02.20 13:52:17.390,8.09588,8.09692,1.00,1.00
2018.02.20 13:52:17.442,8.09588,8.09687,1.00,1.00
2018.02.20 13:52:17.748,8.09588,8.09671,1.00,1.00
2018.02.20 13:52:18.062,8.09588,8.09677,1.00,1.00
2018.02.20 13:52:18.164,8.09588,8.0967,1.00,1.00
2018.02.20 13:52:18.215,8.09588,8.09683,1.00,1.00
2018.02.20 13:52:18.729,8.09588,8.09693,1.00,1.00
2018.02.20 13:52:18.781,8.09588,8.09697,1.00,1.00
2018.02.20 13:52:18.921,8.09588,8.097,1.00,1.00
2018.02.20 13:52:18.972,8.09599,8.09724,1.00,1.00
2018.02.20 13:52:19.023,8.09599,8.09728,1.00,1.00
2018.02.20 13:52:19.125,8.09599,8.09724,1.00,1.00
2018.02.20 13:52:19.328,8.09599,8.09734,1.00,1.00
2018.02.20 13:52:19.379,8.09599,8.09744,1.00,1.00
2018.02.20 13:52:19.480,8.09602,8.09748,1.00,1.00
2018.02.20 13:52:19.530,8.09629,8.09748,1.00,1.00
2018.02.20 13:52:19.877,8.09629,8.09719,1.00,1.00
2018.02.20 13:52:20.563,8.09629,8.09701,1.00,1.00
2018.02.20 13:52:20.614,8.09596,8.09705,1.00,1.00
2018.02.20 13:52:20.715,8.09596,8.09711,1.00,1.00
2018.02.20 13:52:20.816,8.09596,8.09714,1.00,1.00
2018.02.20 13:52:20.867,8.09601,8.09741,1.00,1.00
2018.02.20 13:52:20.918,8.09629,8.09741,1.00,1.00
2018.02.20 13:52:21.282,8.09629,8.09746,1.00,1.00
2018.02.20 13:52:21.538,8.09629,8.09738,1.00,1.00
2018.02.20 13:52:21.589,8.09629,8.09741,1.00,1.00
2018.02.20 13:52:21.741,8.09629,8.09747,1.00,1.00
2018.02.20 13:52:21.792,8.09629,8.09733,1.00,1.00
2018.02.20 13:52:21.843,8.09596,8.09704,1.00,1.00
2018.02.20 13:52:21.995,8.09596,8.09698,1.00,1.00
2018.02.20 13:52:22.449,8.09596,8.09736,1.00,1.00
2018.02.20 13:52:22.551,8.09596,8.09741,1.00,1.00
2018.02.20 13:52:22.602,8.09596,8.09698,1.00,1.00
2018.02.20 13:52:23.548,8.09596,8.09693,1.00,1.00
2018.02.20 13:52:23.985,8.09596,8.09699,1.00,1.00
2018.02.20 13:52:24.427,8.09596,8.09708,1.00,1.00
2018.02.20 13:52:24.697,8.09596,8.09703,1.00,1.00
2018.02.20 13:52:24.841,8.09596,8.09712,1.00,1.00
2018.02.20 13:52:24.892,8.09596,8.0971,1.00,1.00
2018.02.20 13:52:25.282,8.09596,8.09706,1.00,1.00
2018.02.20 13:52:25.388,8.09596,8.09718,1.00,1.00
2018.02.20 13:52:25.643,8.09596,8.09729,1.00,1.00
2018.02.20 13:52:25.795,8.0961,8.09742,1.00,1.00
2018.02.20 13:52:25.890,8.0961,8.09748,1.00,1.00
2018.02.20 13:52:26.468,8.0962,8.09763,1.00,1.00
2018.02.20 13:52:26.671,8.09616,8.0976,1.00,1.00
2018.02.20 13:52:26.722,8.09656,8.0976,1.00,1.00
2018.02.20 13:52:26.976,8.09656,8.09765,1.00,1.00
2018.02.20 13:52:27.510,8.09656,8.09743,1.00,1.00
2018.02.20 13:52:27.901,8.09656,8.09763,1.00,1.00
2018.02.20 13:52:27.952,8.09656,8.09775,1.00,1.00
2018.02.20 13:52:28.228,8.09656,8.09779,1.00,1.00
2018.02.20 13:52:28.844,8.09656,8.09786,1.00,1.00
2018.02.20 13:52:28.898,8.09656,8.09777,1.00,1.00
2018.02.20 13:52:29.204,8.09656,8.09763,1.00,1.00
2018.02.20 13:52:29.510,8.09656,8.09744,1.00,1.00
2018.02.20 13:52:29.879,8.09656,8.09748,1.00,1.00
2018.02.20 13:52:29.930,8.09656,8.09743,1.00,1.00
2018.02.20 13:52:30.236,8.09656,8.09723,1.00,1.00
2018.02.20 13:52:30.459,8.09625,8.09697,1.00,1.00
2018.02.20 13:52:30.512,8.09625,8.09691,1.00,1.00
2018.02.20 13:52:30.828,8.09625,8.09687,1.00,1.00
2018.02.20 13:52:31.297,8.09625,8.09683,1.00,1.00
2018.02.20 13:52:31.416,8.09591,8.09683,1.00,1.00
2018.02.20 13:52:32.451,8.09591,8.09686,1.00,1.00
2018.02.20 13:52:32.553,8.09591,8.09694,1.00,1.00
2018.02.20 13:52:32.655,8.09591,8.09702,1.00,1.00
2018.02.20 13:52:33.234,8.09591,8.09686,1.00,1.00
2018.02.20 13:52:33.671,8.09591,8.09669,1.00,1.00
2018.02.20 13:52:34.463,8.09591,8.09678,1.00,1.00
2018.02.20 13:52:34.628,8.09591,8.09673,1.00,1.00
2018.02.20 13:52:35.491,8.09591,8.09686,1.00,1.00
2018.02.20 13:52:35.542,8.09591,8.09681,1.00,1.00
2018.02.20 13:52:36.374,8.09591,8.09679,1.00,1.00
2018.02.20 13:52:37.961,8.09591,8.09673,1.00,1.00
2018.02.20 13:52:38.935,8.09591,8.09677,1.00,1.00
2018.02.20 13:52:38.989,8.09591,8.09693,1.00,1.00
2018.02.20 13:52:39.040,8.09591,8.09725,1.00,1.00
2018.02.20 13:52:39.224,8.09591,8.09695,1.00,1.00
2018.02.20 13:52:40.818,8.09591,8.09699,1.00,1.00
2018.02.20 13:52:40.924,8.09591,8.09702,1.00,1.00
2018.02.20 13:52:40.975,8.09591,8.09708,1.00,1.00
2018.02.20 13:52:41.026,8.09591,8.09704,1.00,1.00
2018.02.20 13:52:41.178,8.09591,8.09717,1.00,1.00
2018.02.20 13:52:41.448,8.09591,8.09712,1.00,1.00
2018.02.20 13:52:41.753,8.09591,8.09688,1.00,1.00
2018.02.20 13:52:42.009,8.09591,8.09697,1.00,1.00
2018.02.20 13:52:42.061,8.09591,8.09707,1.00,1.00
2018.02.20 13:52:43.725,8.09591,8.09717,1.00,1.00
2018.02.20 13:52:43.777,8.09591,8.09726,1.00,1.00
2018.02.20 13:52:43.828,8.09591,8.09716,1.00,1.00
2018.02.20 13:52:43.880,8.09591,8.0972,1.00,1.00
2018.02.20 13:52:43.931,8.09591,8.09727,1.00,1.00
2018.02.20 13:52:44.033,8.09591,8.09725,1.00,1.00
2018.02.20 13:52:44.448,8.09591,8.09708,1.00,1.00
2018.02.20 13:52:44.679,8.09591,8.09727,1.00,1.00
2018.02.20 13:52:45.521,8.09591,8.09719,1.00,1.00
2018.02.20 13:52:46.097,8.09591,8.09712,1.00,1.00
2018.02.20 13:52:46.419,8.09591,8.09706,1.00,1.00
2018.02.20 13:52:46.739,8.09591,8.0971,1.00,1.00
2018.02.20 13:52:46.790,8.09591,8.09719,1.00,1.00
2018.02.20 13:52:47.623,8.09591,8.09726,1.00,1.00
2018.02.20 13:52:47.830,8.09591,8.09723,1.00,1.00
2018.02.20 13:52:47.948,8.09593,8.09736,1.00,1.00
2018.02.20 13:52:48.000,8.0961,8.09741,1.00,1.00
2018.02.20 13:52:48.119,8.0961,8.09744,1.00,1.00
2018.02.20 13:52:48.171,8.09609,8.09727,1.00,1.00
2018.02.20 13:52:48.475,8.09576,8.09707,1.00,1.00
2018.02.20 13:52:48.996,8.09576,8.09698,1.00,1.00
2018.02.20 13:52:49.309,8.09576,8.09684,1.00,1.00
2018.02.20 13:52:49.616,8.09576,8.09672,1.00,1.00
2018.02.20 13:52:49.821,8.09576,8.09698,1.00,1.00
2018.02.20 13:52:50.359,8.09576,8.09697,1.00,1.00
2018.02.20 13:52:51.063,8.09576,8.09684,1.00,1.00
2018.02.20 13:52:51.369,8.09576,8.09676,1.00,1.00
2018.02.20 13:52:51.799,8.09576,8.0969,1.00,1.00
2018.02.20 13:52:51.850,8.09576,8.09694,1.00,1.00
2018.02.20 13:52:51.952,8.09576,8.09697,1.00,1.00
2018.02.20 13:52:52.136,8.09576,8.09702,1.00,1.00
2018.02.20 13:52:52.786,8.09577,8.09715,1.00,1.00
2018.02.20 13:52:52.939,8.09576,8.09707,1.00,1.00
2018.02.20 13:52:53.093,8.09576,8.09709,1.00,1.00
2018.02.20 13:52:53.144,8.09576,8.09713,1.50,1.00
2018.02.20 13:52:53.239,8.09587,8.09728,1.00,1.50
2018.02.20 13:52:53.290,8.09576,8.09718,1.50,1.00
2018.02.20 13:52:53.392,8.09588,8.09727,1.00,1.00
2018.02.20 13:52:53.708,8.09595,8.09735,1.00,1.00
2018.02.20 13:52:54.365,8.09607,8.09735,1.00,1.00
2018.02.20 13:52:54.921,8.09607,8.09726,1.00,1.00
2018.02.20 13:52:55.224,8.09607,8.09722,1.00,1.00
2018.02.20 13:52:55.376,8.09607,8.09728,1.00,1.00
2018.02.20 13:52:55.427,8.09607,8.09723,1.00,1.00
2018.02.20 13:52:57.298,8.09607,8.09721,1.00,1.00
2018.02.20 13:52:57.612,8.09607,8.09716,1.00,1.00
2018.02.20 13:52:57.714,8.09607,8.09724,1.00,1.00
2018.02.20 13:52:58.370,8.09607,8.0972,1.00,1.00
2018.02.20 13:52:58.547,8.09607,8.09726,1.00,1.00
2018.02.20 13:53:01.037,8.09607,8.09729,1.00,1.00
2018.02.20 13:53:01.088,8.0961,8.09738,1.00,1.00
2018.02.20 13:53:02.805,8.0961,8.09739,1.00,1.00
2018.02.20 13:53:02.973,8.09612,8.09749,1.00,1.00
2018.02.20 13:53:03.024,8.0961,8.09747,1.50,1.00
2018.02.20 13:53:03.353,8.09607,8.09737,1.00,1.00
2018.02.20 13:53:04.258,8.09607,8.09731,1.00,1.00
2018.02.20 13:53:04.563,8.09607,8.09729,1.00,1.00
2018.02.20 13:53:04.959,8.09607,8.0974,1.00,1.00
2018.02.20 13:53:06.787,8.09619,8.09754,1.00,1.00
2018.02.20 13:53:06.889,8.09608,8.09746,1.00,1.00
2018.02.20 13:53:07.716,8.09607,8.09741,1.00,1.00
2018.02.20 13:53:08.030,8.09607,8.09727,1.00,1.00
2018.02.20 13:53:08.385,8.09607,8.09718,1.00,1.00
2018.02.20 13:53:08.641,8.09607,8.09728,1.00,1.00
2018.02.20 13:53:08.843,8.09607,8.09725,1.00,1.00
2018.02.20 13:53:09.149,8.09607,8.09719,1.00,1.00
2018.02.20 13:53:10.503,8.09607,8.09717,1.00,1.00
2018.02.20 13:53:10.937,8.09607,8.0972,1.00,1.00
2018.02.20 13:53:11.690,8.09607,8.09677,1.00,1.00
2018.02.20 13:53:11.742,8.09607,8.09689,1.00,1.00
2018.02.20 13:53:11.793,8.09607,8.09699,1.00,1.00
2018.02.20 13:53:11.945,8.09607,8.09705,1.00,1.00
2018.02.20 13:53:12.069,8.09607,8.09673,1.00,1.00
2018.02.20 13:53:12.120,8.09607,8.09691,1.00,1.00
2018.02.20 13:53:12.172,8.09607,8.09689,1.00,1.00
2018.02.20 13:53:12.274,8.09571,8.0969,1.00,1.00
2018.02.20 13:53:12.504,8.09571,8.09694,1.00,1.00
2018.02.20 13:53:13.512,8.09571,8.09685,1.00,1.00
2018.02.20 13:53:14.319,8.09571,8.09681,1.00,1.00
2018.02.20 13:53:14.636,8.09571,8.09675,1.00,1.00
2018.02.20 13:53:15.532,8.09571,8.09679,1.00,1.00
2018.02.20 13:53:16.573,8.09571,8.09671,1.00,1.00
2018.02.20 13:53:18.122,8.09571,8.09682,1.00,1.00
2018.02.20 13:53:20.733,8.09571,8.0966,1.00,1.00
2018.02.20 13:53:20.886,8.09548,8.09643,1.00,1.00
2018.02.20 13:53:20.937,8.09548,8.09647,1.00,1.00
2018.02.20 13:53:20.988,8.09548,8.0966,1.00,1.00
2018.02.20 13:53:21.141,8.09548,8.09644,1.00,1.00
2018.02.20 13:53:21.651,8.09548,8.09643,1.00,1.00
2018.02.20 13:53:22.048,8.09548,8.0965,1.00,1.00
2018.02.20 13:53:22.201,8.09548,8.09643,1.00,1.00
2018.02.20 13:53:22.750,8.09548,8.09648,1.00,1.00
2018.02.20 13:53:23.060,8.09548,8.09661,1.00,1.00
2018.02.20 13:53:23.111,8.09548,8.09664,1.00,1.00
2018.02.20 13:53:23.221,8.09548,8.09671,1.00,1.00
2018.02.20 13:53:23.375,8.09581,8.09675,1.00,1.00
2018.02.20 13:53:23.426,8.09581,8.09692,1.00,1.00
2018.02.20 13:53:23.498,8.09581,8.09683,1.00,1.00
2018.02.20 13:53:23.549,8.09581,8.09685,1.00,1.00
2018.02.20 13:53:26.760,8.09581,8.09687,1.00,1.00
2018.02.20 13:53:26.811,8.09581,8.09692,1.00,1.00
2018.02.20 13:53:27.501,8.09581,8.09693,1.00,1.00
2018.02.20 13:53:28.519,8.0961,8.09693,1.00,1.00
2018.02.20 13:53:28.571,8.0961,8.09705,1.00,1.00
2018.02.20 13:53:28.673,8.0961,8.09736,1.00,1.00
2018.02.20 13:53:28.725,8.0961,8.09706,1.00,1.00
2018.02.20 13:53:28.776,8.0961,8.09727,1.00,1.00
2018.02.20 13:53:29.069,8.09638,8.09727,1.00,1.00
2018.02.20 13:53:29.536,8.09638,8.09739,1.00,1.00
2018.02.20 13:53:29.865,8.09638,8.09742,1.00,1.00
2018.02.20 13:53:30.068,8.09638,8.09738,1.00,1.00
2018.02.20 13:53:30.704,8.09638,8.09737,1.00,1.00
2018.02.20 13:53:31.677,8.09638,8.09747,1.00,1.00
2018.02.20 13:53:31.728,8.09638,8.09741,1.00,1.00
2018.02.20 13:53:31.808,8.09638,8.09752,1.00,1.00
2018.02.20 13:53:31.860,8.09638,8.09768,1.00,1.00
2018.02.20 13:53:32.325,8.09638,8.09752,1.00,1.00
2018.02.20 13:53:32.692,8.09638,8.09748,1.00,1.00
2018.02.20 13:53:32.845,8.09638,8.09755,1.00,1.00
2018.02.20 13:53:33.506,8.09638,8.09789,1.00,1.01
2018.02.20 13:53:33.557,8.09699,8.09834,1.00,1.00
2018.02.20 13:53:33.658,8.09699,8.09838,1.00,1.00
2018.02.20 13:53:33.709,8.09699,8.0984,1.00,1.00
2018.02.20 13:53:33.760,8.09699,8.09821,1.00,1.00
2018.02.20 13:53:34.079,8.09666,8.09802,1.00,1.00
2018.02.20 13:53:34.794,8.09666,8.09797,1.00,1.00
2018.02.20 13:53:34.891,8.09638,8.09797,1.00,1.00
2018.02.20 13:53:34.942,8.09638,8.09782,1.00,1.00
2018.02.20 13:53:35.256,8.09638,8.09777,1.00,1.00
2018.02.20 13:53:36.131,8.09638,8.09782,1.00,1.00
2018.02.20 13:53:36.182,8.09638,8.09802,1.00,1.00
2018.02.20 13:53:36.435,8.09638,8.09797,1.00,1.00
2018.02.20 13:53:36.779,8.09638,8.09778,1.00,1.00
2018.02.20 13:53:37.567,8.09638,8.09777,1.00,1.50
2018.02.20 13:53:37.871,8.09638,8.09745,1.00,1.00
2018.02.20 13:53:37.972,8.09606,8.09745,1.00,1.00
2018.02.20 13:53:38.337,8.09606,8.09735,1.00,1.00
2018.02.20 13:53:38.428,8.09606,8.09744,1.00,1.00
2018.02.20 13:53:38.971,8.09606,8.09745,1.00,1.00
2018.02.20 13:53:39.575,8.09606,8.09749,1.00,1.00
2018.02.20 13:53:40.084,8.09606,8.09752,1.00,1.00
2018.02.20 13:53:40.570,8.09606,8.0975,1.00,1.00
2018.02.20 13:53:42.110,8.09606,8.09747,1.00,1.00
2018.02.20 13:53:42.614,8.09606,8.09743,1.00,1.00
2018.02.20 13:53:43.855,8.09606,8.09737,1.00,1.00
2018.02.20 13:53:43.957,8.09578,8.09716,1.00,1.00
2018.02.20 13:53:44.110,8.09578,8.09713,1.00,1.00
2018.02.20 13:53:44.422,8.09578,8.09707,1.00,1.00
2018.02.20 13:53:44.830,8.09578,8.09713,1.00,1.60
2018.02.20 13:53:44.882,8.09578,8.09687,1.00,1.00
2018.02.20 13:53:44.933,8.09545,8.09687,1.00,1.00
2018.02.20 13:53:45.137,8.09545,8.09681,1.00,1.00
2018.02.20 13:53:47.102,8.0955,8.09687,1.00,1.00
2018.02.20 13:53:47.204,8.09555,8.09699,1.00,1.00
2018.02.20 13:53:47.255,8.09546,8.09699,1.00,1.00
2018.02.20 13:53:47.306,8.09546,8.09703,1.00,1.00
2018.02.20 13:53:47.408,8.09545,8.09682,1.00,1.00
2018.02.20 13:53:47.964,8.09545,8.09681,1.00,1.00
2018.02.20 13:53:48.473,8.09545,8.09682,1.00,1.00
2018.02.20 13:53:48.796,8.09545,8.09685,1.00,1.00
2018.02.20 13:53:48.975,8.09546,8.0969,1.00,1.00
2018.02.20 13:53:49.027,8.09579,8.09707,1.00,1.00
2018.02.20 13:53:49.078,8.09579,8.09716,1.00,1.00
2018.02.20 13:53:50.016,8.09606,8.09716,1.00,1.00
2018.02.20 13:53:50.067,8.09606,8.09743,1.00,1.00
2018.02.20 13:53:50.118,8.09606,8.09758,1.00,1.00
2018.02.20 13:53:50.169,8.09606,8.09746,1.00,1.00
2018.02.20 13:53:50.221,8.09606,8.0976,1.00,1.00
2018.02.20 13:53:50.510,8.09606,8.09748,1.00,1.00
2018.02.20 13:53:50.816,8.09606,8.09754,1.00,1.00
2018.02.20 13:53:50.867,8.09606,8.09758,1.00,1.00
2018.02.20 13:53:50.970,8.09607,8.0977,1.50,1.00
2018.02.20 13:53:51.022,8.09611,8.09776,1.00,1.00
2018.02.20 13:53:51.166,8.0962,8.09777,1.00,1.00
2018.02.20 13:53:51.471,8.09645,8.09781,1.00,1.00
2018.02.20 13:53:51.775,8.09645,8.09776,1.00,1.00
2018.02.20 13:53:52.879,8.09645,8.0978,1.00,1.00
2018.02.20 13:53:52.942,8.09645,8.09784,1.00,1.00
2018.02.20 13:53:53.150,8.09645,8.0979,1.00,1.00
2018.02.20 13:53:53.305,8.09645,8.09782,1.00,1.00
2018.02.20 13:53:53.627,8.09645,8.0978,1.00,1.00
2018.02.20 13:53:54.087,8.09645,8.09767,1.00,1.00
2018.02.20 13:53:54.389,8.09645,8.09761,1.00,1.00
2018.02.20 13:53:54.694,8.09645,8.09748,1.00,1.00
2018.02.20 13:53:55.741,8.09645,8.09755,1.00,1.00
2018.02.20 13:53:55.946,8.09645,8.09761,1.00,1.00
2018.02.20 13:53:55.999,8.09645,8.09777,1.00,1.00
2018.02.20 13:53:56.529,8.09645,8.09778,1.00,1.00
2018.02.20 13:53:57.201,8.09645,8.09792,1.00,1.00
2018.02.20 13:53:57.314,8.09645,8.09789,1.00,1.00
2018.02.20 13:53:58.411,8.09645,8.09767,1.00,1.00
2018.02.20 13:53:58.635,8.09645,8.09771,1.00,1.00
2018.02.20 13:53:58.839,8.09645,8.09787,1.00,1.00
2018.02.20 13:53:59.871,8.09645,8.09763,1.00,1.00
2018.02.20 13:54:00.267,8.09645,8.0978,1.00,1.00
2018.02.20 13:54:00.369,8.09674,8.0978,1.00,1.00
2018.02.20 13:54:00.420,8.09674,8.09796,1.00,1.00
2018.02.20 13:54:04.989,8.09674,8.09812,1.00,1.00
2018.02.20 13:54:05.041,8.09707,8.09827,1.00,1.00
2018.02.20 13:54:05.296,8.09707,8.09829,1.00,1.00
2018.02.20 13:54:05.586,8.09707,8.09849,1.00,1.00
2018.02.20 13:54:05.689,8.09707,8.09847,1.00,1.00
2018.02.20 13:54:05.997,8.09707,8.09837,1.50,1.00
2018.02.20 13:54:06.048,8.09707,8.09848,1.50,1.00
2018.02.20 13:54:06.266,8.09707,8.09851,1.00,1.00
2018.02.20 13:54:06.317,8.09707,8.09848,1.00,1.00
2018.02.20 13:54:06.570,8.09707,8.0985,1.00,1.00
2018.02.20 13:54:06.671,8.09707,8.09857,1.00,1.00
2018.02.20 13:54:07.174,8.09707,8.09855,1.00,1.00
2018.02.20 13:54:07.523,8.09707,8.09847,1.00,1.00
2018.02.20 13:54:07.920,8.09707,8.0985,1.00,1.00
2018.02.20 13:54:07.971,8.09707,8.09857,1.00,1.00
2018.02.20 13:54:08.104,8.09709,8.09857,1.00,1.00
2018.02.20 13:54:08.155,8.09707,8.09857,1.00,1.00
2018.02.20 13:54:08.206,8.09741,8.09857,1.00,1.50
2018.02.20 13:54:08.553,8.09741,8.09851,1.00,1.00
2018.02.20 13:54:09.178,8.09741,8.09855,1.00,1.00
2018.02.20 13:54:09.480,8.09741,8.09849,1.00,1.00
2018.02.20 13:54:09.800,8.09707,8.0984,1.00,1.00
2018.02.20 13:54:10.707,8.09707,8.09836,1.00,1.00
2018.02.20 13:54:11.013,8.09679,8.09817,1.00,1.60
2018.02.20 13:54:11.114,8.09675,8.09817,1.00,1.00
2018.02.20 13:54:11.329,8.09675,8.0982,1.00,1.00
2018.02.20 13:54:11.567,8.09691,8.0982,1.00,1.00
2018.02.20 13:54:11.721,8.09705,8.09841,1.00,1.00
2018.02.20 13:54:11.823,8.09705,8.09837,1.00,1.00
2018.02.20 13:54:16.217,8.09705,8.09818,1.00,1.00
2018.02.20 13:54:16.371,8.09674,8.09818,1.00,1.50
2018.02.20 13:54:16.423,8.09674,8.09813,1.00,1.00
2018.02.20 13:54:16.500,8.09674,8.09818,1.50,1.50
2018.02.20 13:54:16.552,8.0968,8.09818,1.00,1.00
2018.02.20 13:54:16.856,8.097,8.09835,1.00,1.00
2018.02.20 13:54:17.704,8.097,8.09834,1.00,1.00
2018.02.20 13:54:18.008,8.097,8.09817,1.00,1.00
2018.02.20 13:54:18.173,8.097,8.0983,1.00,1.00
2018.02.20 13:54:18.275,8.097,8.09835,1.00,1.60
2018.02.20 13:54:18.789,8.097,8.09835,1.00,1.00
2018.02.20 13:54:19.969,8.097,8.09834,1.00,1.00
2018.02.20 13:54:21.069,8.097,8.09847,1.00,1.00
2018.02.20 13:54:21.170,8.097,8.09836,1.00,1.00
2018.02.20 13:54:21.221,8.09703,8.09857,1.00,1.00
2018.02.20 13:54:21.322,8.09703,8.09838,1.00,1.00
2018.02.20 13:54:21.423,8.09703,8.09851,1.00,1.00
2018.02.20 13:54:21.739,8.097,8.09849,1.00,1.00
2018.02.20 13:54:21.790,8.097,8.09827,1.00,1.00
2018.02.20 13:54:22.045,8.09672,8.09826,1.00,1.50
2018.02.20 13:54:22.580,8.09672,8.09829,1.00,1.00
2018.02.20 13:54:23.773,8.09702,8.09829,1.00,1.00
2018.02.20 13:54:24.284,8.09702,8.0985,1.00,1.00
2018.02.20 13:54:24.793,8.09741,8.0985,1.00,1.00
2018.02.20 13:54:24.896,8.09741,8.09862,1.00,1.00
2018.02.20 13:54:25.050,8.09741,8.09867,1.00,1.00
2018.02.20 13:54:25.101,8.09741,8.09861,1.00,1.00
2018.02.20 13:54:25.256,8.09741,8.0987,1.00,1.00
2018.02.20 13:54:25.308,8.09741,8.09863,1.00,1.00
2018.02.20 13:54:25.360,8.09708,8.0985,1.00,1.00
2018.02.20 13:54:25.462,8.09708,8.09844,1.00,1.00
2018.02.20 13:54:26.613,8.09708,8.0985,1.00,1.00
2018.02.20 13:54:26.794,8.09708,8.09844,1.00,1.00
2018.02.20 13:54:27.313,8.09708,8.09843,1.00,1.00
2018.02.20 13:54:27.883,8.09708,8.09844,1.00,1.00
2018.02.20 13:54:28.245,8.09728,8.0985,1.00,1.00
2018.02.20 13:54:28.686,8.09728,8.09841,1.00,1.00
2018.02.20 13:54:28.989,8.09702,8.09837,1.00,1.00
2018.02.20 13:54:29.317,8.09702,8.0985,1.00,1.00
2018.02.20 13:54:29.368,8.09702,8.09845,1.00,1.00
2018.02.20 13:54:29.984,8.09702,8.0985,1.00,1.00
2018.02.20 13:54:32.159,8.09732,8.09857,1.00,1.00
2018.02.20 13:54:32.663,8.09732,8.09846,1.00,1.00
2018.02.20 13:54:32.764,8.09706,8.09833,1.00,1.00
2018.02.20 13:54:32.816,8.09706,8.09837,1.00,1.00
2018.02.20 13:54:32.966,8.09706,8.09842,1.00,1.00
2018.02.20 13:54:33.018,8.09718,8.09847,1.00,1.00
2018.02.20 13:54:33.325,8.09718,8.09809,1.00,1.00
2018.02.20 13:54:33.376,8.09692,8.09804,1.00,1.00
2018.02.20 13:54:33.528,8.09692,8.09807,1.00,1.00
2018.02.20 13:54:34.220,8.09692,8.09827,1.00,1.00
2018.02.20 13:54:34.656,8.09692,8.09837,1.00,1.00
2018.02.20 13:54:34.711,8.09718,8.09836,1.00,1.00
2018.02.20 13:54:35.234,8.09718,8.09837,1.00,1.00
2018.02.20 13:54:35.581,8.09718,8.09827,1.00,1.00
2018.02.20 13:54:35.887,8.09718,8.09806,1.00,1.00
2018.02.20 13:54:36.193,8.09477,8.09548,1.00,4.35
2018.02.20 13:54:36.294,8.09429,8.09548,1.00,4.35
2018.02.20 13:54:36.547,8.09381,8.09496,1.00,1.00
2018.02.20 13:54:36.751,8.09381,8.09497,1.00,1.60
2018.02.20 13:54:37.062,8.09381,8.0948,1.00,1.00
2018.02.20 13:54:37.712,8.09351,8.0948,1.00,1.00
2018.02.20 13:54:38.130,8.09351,8.09497,1.00,1.00
2018.02.20 13:54:38.284,8.09351,8.09508,1.00,1.00
2018.02.20 13:54:38.336,8.09351,8.09534,1.00,1.60
2018.02.20 13:54:38.387,8.09399,8.09534,1.00,1.60
2018.02.20 13:54:38.812,8.09399,8.09518,1.00,1.00
2018.02.20 13:54:40.030,8.09399,8.09529,1.00,1.00
2018.02.20 13:54:40.342,8.09399,8.09532,1.00,1.35
2018.02.20 13:54:40.494,8.09399,8.09522,1.00,1.00
2018.02.20 13:54:40.795,8.09399,8.09507,1.00,1.35
2018.02.20 13:54:41.185,8.09368,8.09507,1.00,1.35
2018.02.20 13:54:41.328,8.09368,8.09503,1.00,1.00
2018.02.20 13:54:41.717,8.09368,8.09507,1.00,1.00
2018.02.20 13:54:42.101,8.09368,8.09515,1.00,1.50
2018.02.20 13:54:42.248,8.09368,8.09511,1.00,1.00
2018.02.20 13:54:42.855,8.09368,8.09515,1.00,1.50
2018.02.20 13:54:43.028,8.09389,8.09515,1.00,1.00
2018.02.20 13:54:43.231,8.09389,8.09517,1.00,1.00
2018.02.20 13:54:43.283,8.09389,8.09513,1.00,1.00
2018.02.20 13:54:43.385,8.09389,8.09523,1.00,1.00
2018.02.20 13:54:44.195,8.09389,8.09511,1.00,1.00
2018.02.20 13:54:44.388,8.09362,8.09491,1.00,1.00
2018.02.20 13:54:44.439,8.09362,8.09494,1.00,1.00
2018.02.20 13:54:44.491,8.09367,8.09522,1.00,1.00
2018.02.20 13:54:44.543,8.09382,8.09533,1.00,1.00
2018.02.20 13:54:44.696,8.09399,8.09555,1.00,1.00
2018.02.20 13:54:44.748,8.09413,8.09566,1.00,1.00
2018.02.20 13:54:45.088,8.09463,8.0961,1.00,1.00
2018.02.20 13:54:45.140,8.09464,8.0963,1.00,1.00
2018.02.20 13:54:45.242,8.09473,8.09631,1.00,1.00
2018.02.20 13:54:45.548,8.09517,8.09647,1.00,1.98
2018.02.20 13:54:45.878,8.0956,8.09646,1.00,1.00
2018.02.20 13:54:45.979,8.09596,8.09706,1.00,1.00
2018.02.20 13:54:46.080,8.09596,8.09727,1.00,2.10
2018.02.20 13:54:46.131,8.09596,8.09736,1.00,1.37
2018.02.20 13:54:46.283,8.09637,8.09726,1.00,1.00
2018.02.20 13:54:46.333,8.09637,8.09742,1.00,1.00
2018.02.20 13:54:46.435,8.09637,8.09753,1.00,1.00
2018.02.20 13:54:46.885,8.09637,8.09759,1.00,1.00
2018.02.20 13:54:47.483,8.09637,8.09763,1.00,1.00
2018.02.20 13:54:47.666,8.09637,8.09747,1.00,1.00
2018.02.20 13:54:47.850,8.09611,8.09728,1.00,1.00
2018.02.20 13:54:47.902,8.09611,8.09732,1.00,1.00
2018.02.20 13:54:48.063,8.09611,8.09741,1.00,1.00
2018.02.20 13:54:50.074,8.09611,8.09731,1.00,1.00
2018.02.20 13:54:50.382,8.09611,8.0971,1.00,1.00
2018.02.20 13:54:50.662,8.09552,8.09671,1.00,1.00
2018.02.20 13:54:50.795,8.09552,8.09658,1.00,1.00
2018.02.20 13:54:51.048,8.09552,8.09672,1.00,1.50
2018.02.20 13:54:51.202,8.09543,8.09618,1.00,1.60
2018.02.20 13:54:51.253,8.09546,8.09584,1.00,1.00
2018.02.20 13:54:51.304,8.09508,8.09556,1.00,1.60
2018.02.20 13:54:51.355,8.09424,8.09534,1.00,1.00
2018.02.20 13:54:51.487,8.09409,8.09514,1.00,1.00
2018.02.20 13:54:51.539,8.09401,8.09514,1.00,1.00
2018.02.20 13:54:51.642,8.09401,8.09497,1.00,1.00
2018.02.20 13:54:51.901,8.09369,8.09488,1.00,1.00
2018.02.20 13:54:52.003,8.09369,8.09482,1.00,1.00
2018.02.20 13:54:52.309,8.09369,8.09473,1.00,1.00
2018.02.20 13:54:52.645,8.09369,8.0948,1.00,1.00
2018.02.20 13:54:53.050,8.09369,8.09485,1.00,1.00
2018.02.20 13:54:53.278,8.09369,8.0948,1.00,1.00
2018.02.20 13:54:53.329,8.09338,8.09471,1.00,1.00
2018.02.20 13:54:53.531,8.09369,8.09471,1.00,1.00
2018.02.20 13:54:53.683,8.09369,8.09474,1.00,1.00
2018.02.20 13:54:54.891,8.09369,8.09489,1.00,1.00
2018.02.20 13:54:54.942,8.09338,8.09489,1.00,1.00
2018.02.20 13:54:54.994,8.09338,8.09504,1.00,1.00
2018.02.20 13:54:55.197,8.09348,8.09515,1.00,1.00
2018.02.20 13:54:55.248,8.09425,8.09515,1.00,1.00
2018.02.20 13:54:55.592,8.09446,8.09596,1.00,1.00
2018.02.20 13:54:55.643,8.09484,8.09596,1.00,1.00
2018.02.20 13:54:55.948,8.09536,8.09657,1.00,1.00
2018.02.20 13:54:56.049,8.09546,8.09657,1.00,1.00
2018.02.20 13:54:56.312,8.09546,8.09685,1.00,1.00
2018.02.20 13:54:56.382,8.09585,8.09692,1.00,1.00
2018.02.20 13:54:56.584,8.09585,8.09703,1.00,1.00
2018.02.20 13:54:56.901,8.09585,8.09699,1.00,1.00
2018.02.20 13:54:57.211,8.09649,8.09719,1.00,1.00
2018.02.20 13:54:57.313,8.09649,8.0973,1.00,1.00
2018.02.20 13:54:57.616,8.09649,8.09738,1.00,1.00
2018.02.20 13:54:58.493,8.09649,8.09748,1.00,1.00
2018.02.20 13:54:58.544,8.09649,8.09755,1.00,1.00
2018.02.20 13:54:58.927,8.09649,8.09765,1.00,1.00
2018.02.20 13:54:58.979,8.09688,8.09765,1.00,1.00
2018.02.20 13:54:59.131,8.09688,8.09768,1.00,1.00
2018.02.20 13:54:59.691,8.09688,8.09767,1.00,1.00
2018.02.20 13:54:59.742,8.09688,8.09756,1.00,1.00
2018.02.20 13:55:00.048,8.09688,8.0975,1.00,1.00
2018.02.20 13:55:00.593,8.09688,8.09749,1.00,1.00
2018.02.20 13:55:00.898,8.09688,8.09739,1.00,1.00
2018.02.20 13:55:00.949,8.09688,8.09751,1.00,1.00
2018.02.20 13:55:01.207,8.09688,8.09749,1.00,1.00
2018.02.20 13:55:01.426,8.09688,8.09766,1.00,1.00
2018.02.20 13:55:01.634,8.09644,8.09766,1.00,1.00
2018.02.20 13:55:01.685,8.09644,8.09752,1.00,1.00
2018.02.20 13:55:01.890,8.09587,8.09705,1.00,1.00
2018.02.20 13:55:02.094,8.09587,8.0969,1.00,1.00
2018.02.20 13:55:02.439,8.09555,8.09678,1.00,1.00
2018.02.20 13:55:02.779,8.09555,8.09674,1.00,1.00
2018.02.20 13:55:02.983,8.09528,8.09651,1.00,1.00
2018.02.20 13:55:03.136,8.09528,8.09649,1.00,1.00
2018.02.20 13:55:03.487,8.09528,8.09642,1.00,1.00
2018.02.20 13:55:03.590,8.09537,8.09659,1.00,1.00
2018.02.20 13:55:03.745,8.09537,8.09676,1.00,1.00
2018.02.20 13:55:04.050,8.09537,8.09682,1.00,1.00
2018.02.20 13:55:04.570,8.09537,8.09683,1.00,1.00
2018.02.20 13:55:04.978,8.09541,8.09682,1.00,1.00
2018.02.20 13:55:05.277,8.09541,8.09686,1.00,1.00
2018.02.20 13:55:05.555,8.09541,8.09692,1.00,1.00
2018.02.20 13:55:05.739,8.09599,8.09692,1.00,1.00
2018.02.20 13:55:06.259,8.09599,8.09693,1.00,1.00
2018.02.20 13:55:06.360,8.09599,8.09708,1.00,1.00
2018.02.20 13:55:06.581,8.09659,8.09708,1.00,1.00
2018.02.20 13:55:06.632,8.09664,8.09725,1.00,1.00
2018.02.20 13:55:06.849,8.09664,8.0975,1.00,1.00
2018.02.20 13:55:07.168,8.09664,8.09747,1.00,1.00
2018.02.20 13:55:07.698,8.09664,8.09748,1.00,1.00
2018.02.20 13:55:08.238,8.09664,8.09749,1.00,1.00
2018.02.20 13:55:08.340,8.09664,8.09757,1.00,1.00
2018.02.20 13:55:08.493,8.09664,8.09743,1.00,1.00
2018.02.20 13:55:08.799,8.09635,8.09738,1.00,1.00
2018.02.20 13:55:08.951,8.09635,8.09732,1.00,1.00
2018.02.20 13:55:09.052,8.09635,8.09742,1.00,1.00
2018.02.20 13:55:09.255,8.09635,8.09749,1.00,1.00
2018.02.20 13:55:09.306,8.09661,8.09749,1.00,1.00
2018.02.20 13:55:09.356,8.09661,8.09754,1.00,1.00
2018.02.20 13:55:09.739,8.09675,8.09732,1.00,1.00
2018.02.20 13:55:09.790,8.09649,8.09732,1.00,1.00
2018.02.20 13:55:10.296,8.09649,8.09722,1.00,1.00
2018.02.20 13:55:10.348,8.09613,8.09722,1.00,1.00
2018.02.20 13:55:10.499,8.09613,8.09713,1.00,1.00
2018.02.20 13:55:10.601,8.09611,8.09713,1.00,1.00
2018.02.20 13:55:10.652,8.09611,8.09728,1.00,1.00
2018.02.20 13:55:10.955,8.09611,8.09737,1.00,1.00
2018.02.20 13:55:11.057,8.09644,8.09737,1.00,1.00
2018.02.20 13:55:11.107,8.09644,8.09746,1.00,1.00
2018.02.20 13:55:11.624,8.09644,8.09763,1.00,1.50
2018.02.20 13:55:11.928,8.09644,8.09761,1.00,1.00
2018.02.20 13:55:12.536,8.09644,8.09738,1.00,1.00
2018.02.20 13:55:12.642,8.0961,8.09725,1.00,1.00
2018.02.20 13:55:12.750,8.0961,8.09733,1.00,1.00
2018.02.20 13:55:13.203,8.0961,8.09735,1.00,1.00
2018.02.20 13:55:13.508,8.0961,8.09738,1.00,1.00
2018.02.20 13:55:14.372,8.0961,8.09742,1.00,1.00
2018.02.20 13:55:14.423,8.0961,8.09746,1.00,1.00
2018.02.20 13:55:14.726,8.0961,8.09752,1.00,1.00
2018.02.20 13:55:15.033,8.0961,8.09759,1.00,1.00
2018.02.20 13:55:15.135,8.0961,8.09771,1.00,1.00
2018.02.20 13:55:15.338,8.09661,8.09776,1.00,1.00
2018.02.20 13:55:15.390,8.09661,8.09786,1.00,1.00
2018.02.20 13:55:15.560,8.09661,8.09792,1.00,1.00
2018.02.20 13:55:15.667,8.09661,8.09804,1.00,1.00
2018.02.20 13:55:15.825,8.09685,8.09805,1.00,1.00
2018.02.20 13:55:15.981,8.09685,8.0981,1.00,1.00
2018.02.20 13:55:16.231,8.09685,8.09816,1.00,1.00
2018.02.20 13:55:16.283,8.09685,8.09818,1.00,1.00
2018.02.20 13:55:16.533,8.09685,8.09809,1.00,1.00
2018.02.20 13:55:16.804,8.09685,8.09815,1.00,1.00
2018.02.20 13:55:16.933,8.09685,8.0981,1.00,1.00
2018.02.20 13:55:17.071,8.09685,8.09814,1.00,1.00
2018.02.20 13:55:17.325,8.09685,8.09818,1.00,1.00
2018.02.20 13:55:17.427,8.09685,8.09825,1.00,1.00
2018.02.20 13:55:17.894,8.09685,8.09833,1.00,1.00
2018.02.20 13:55:17.946,8.09685,8.09826,1.00,1.00
2018.02.20 13:55:18.447,8.09685,8.09825,1.00,1.00
2018.02.20 13:55:18.764,8.09685,8.09821,1.00,1.00
2018.02.20 13:55:18.816,8.09685,8.09828,1.00,1.00
2018.02.20 13:55:18.969,8.09685,8.09843,1.00,1.00
2018.02.20 13:55:19.021,8.09701,8.09846,1.00,1.00
2018.02.20 13:55:19.399,8.09719,8.09829,1.00,1.00
2018.02.20 13:55:19.602,8.09693,8.09825,1.00,1.00
2018.02.20 13:55:20.000,8.09693,8.09816,1.00,1.00
2018.02.20 13:55:20.052,8.09693,8.09821,1.00,1.50
2018.02.20 13:55:20.410,8.09693,8.09832,1.00,1.00
2018.02.20 13:55:20.544,8.09708,8.09832,1.00,1.00
2018.02.20 13:55:20.697,8.09708,8.09837,1.00,1.60
2018.02.20 13:55:20.912,8.09708,8.09837,1.00,1.00
2018.02.20 13:55:21.186,8.09708,8.09815,1.00,1.00
2018.02.20 13:55:21.378,8.09708,8.09832,1.00,1.00
2018.02.20 13:55:21.484,8.09708,8.09825,1.00,1.00
2018.02.20 13:55:21.795,8.09708,8.09798,1.00,1.00
2018.02.20 13:55:21.900,8.09708,8.09808,1.00,1.00
2018.02.20 13:55:22.104,8.09681,8.09808,1.00,1.00
2018.02.20 13:55:22.256,8.09681,8.0983,1.00,1.00
2018.02.20 13:55:22.308,8.09681,8.09827,1.00,1.00
2018.02.20 13:55:22.624,8.09695,8.09827,1.00,1.00
2018.02.20 13:55:22.675,8.09695,8.09832,1.00,1.50
2018.02.20 13:55:22.727,8.09695,8.09821,1.00,1.00
2018.02.20 13:55:22.933,8.09695,8.09828,1.00,1.00
2018.02.20 13:55:23.035,8.09695,8.09824,1.00,1.00
2018.02.20 13:55:23.340,8.0967,8.09786,1.00,1.00
2018.02.20 13:55:23.522,8.0967,8.09788,1.00,1.00
2018.02.20 13:55:23.772,8.0967,8.0978,1.00,1.00
2018.02.20 13:55:24.078,8.0967,8.0977,1.00,1.00
2018.02.20 13:55:24.408,8.0967,8.09767,1.00,1.00
2018.02.20 13:55:25.140,8.0967,8.09785,1.00,1.00
2018.02.20 13:55:25.344,8.0967,8.0978,1.00,1.00
2018.02.20 13:55:25.448,8.0967,8.09784,1.00,1.00
2018.02.20 13:55:26.306,8.0967,8.09767,1.00,1.00
2018.02.20 13:55:26.634,8.0967,8.09774,1.00,1.00
2018.02.20 13:55:26.846,8.0967,8.09759,1.00,1.00
2018.02.20 13:55:26.975,8.09629,8.09752,1.00,1.00
2018.02.20 13:55:27.076,8.09629,8.09759,1.00,1.50
2018.02.20 13:55:27.127,8.09629,8.09757,1.00,1.00
2018.02.20 13:55:27.335,8.09629,8.09759,1.00,1.00
2018.02.20 13:55:27.389,8.09629,8.09775,1.00,1.00
2018.02.20 13:55:27.491,8.09657,8.09775,1.00,1.00
2018.02.20 13:55:29.562,8.09657,8.09762,1.00,1.00
2018.02.20 13:55:29.953,8.09657,8.09758,1.00,1.00
2018.02.20 13:55:30.004,8.09657,8.09761,1.00,1.00
2018.02.20 13:55:30.055,8.09657,8.09754,1.00,1.50
2018.02.20 13:55:30.209,8.09616,8.09735,1.00,1.00
2018.02.20 13:55:30.260,8.09616,8.09752,1.00,1.00
2018.02.20 13:55:30.311,8.09617,8.09756,1.00,1.00
2018.02.20 13:55:30.363,8.09642,8.09756,1.00,1.50
2018.02.20 13:55:30.788,8.09642,8.09776,1.00,1.00
2018.02.20 13:55:31.042,8.09662,8.09776,1.00,1.00
2018.02.20 13:55:31.497,8.09662,8.09761,1.00,1.00
2018.02.20 13:55:31.679,8.09636,8.09759,1.00,1.00
2018.02.20 13:55:31.730,8.09636,8.09776,1.00,1.00
2018.02.20 13:55:31.831,8.09636,8.09782,1.00,1.00
2018.02.20 13:55:31.882,8.09636,8.09787,1.00,1.00
2018.02.20 13:55:31.983,8.09662,8.09787,1.00,1.00
2018.02.20 13:55:32.517,8.09662,8.09782,1.00,1.00
2018.02.20 13:55:33.059,8.09662,8.09784,1.00,1.00
2018.02.20 13:55:33.211,8.09662,8.09779,1.00,1.00
2018.02.20 13:55:33.522,8.09662,8.09776,1.00,1.00
2018.02.20 13:55:34.008,8.09662,8.09771,1.00,1.00
2018.02.20 13:55:34.111,8.09662,8.09773,1.00,1.00
2018.02.20 13:55:38.134,8.09662,8.09775,1.00,1.00
2018.02.20 13:55:38.240,8.09662,8.09784,1.00,1.00
2018.02.20 13:55:38.413,8.09662,8.09787,1.00,1.00
2018.02.20 13:55:38.464,8.09662,8.09795,1.00,1.00
2018.02.20 13:55:38.515,8.09662,8.09791,1.00,1.00
2018.02.20 13:55:38.617,8.09662,8.09801,1.00,1.00
2018.02.20 13:55:38.971,8.09662,8.0979,1.00,1.00
2018.02.20 13:55:39.520,8.09662,8.09791,1.00,1.00
2018.02.20 13:55:39.871,8.09662,8.09789,1.00,1.00
2018.02.20 13:55:40.074,8.09662,8.09791,1.00,1.00
2018.02.20 13:55:41.002,8.09662,8.09809,1.00,1.00
2018.02.20 13:55:41.053,8.09662,8.09807,1.00,1.00
2018.02.20 13:55:41.366,8.09701,8.09844,1.00,1.00
2018.02.20 13:55:41.688,8.09728,8.0988,1.00,1.50
2018.02.20 13:55:41.739,8.09754,8.0988,1.00,1.50
2018.02.20 13:55:42.105,8.09754,8.09856,1.00,1.00
2018.02.20 13:55:42.156,8.09754,8.09858,1.00,1.00
2018.02.20 13:55:42.359,8.09726,8.09858,1.00,1.00
2018.02.20 13:55:42.511,8.09726,8.09853,1.00,1.00
2018.02.20 13:55:42.941,8.09726,8.09856,1.00,1.00
2018.02.20 13:55:43.094,8.09726,8.09852,1.00,1.00
2018.02.20 13:55:43.417,8.09726,8.09848,1.00,1.00
2018.02.20 13:55:43.802,8.09726,8.09838,1.00,1.00
2018.02.20 13:55:43.853,8.09726,8.09845,1.00,1.00
2018.02.20 13:55:43.905,8.09726,8.09851,1.00,1.00
2018.02.20 13:55:43.957,8.09726,8.09856,1.00,1.50
2018.02.20 13:55:44.109,8.09726,8.09852,1.00,1.00
2018.02.20 13:55:44.619,8.09726,8.09875,1.00,1.00
2018.02.20 13:55:44.799,8.09767,8.09891,1.00,1.00
2018.02.20 13:55:44.901,8.09767,8.09893,1.00,1.00
2018.02.20 13:55:44.952,8.09787,8.09893,1.00,1.00
2018.02.20 13:55:45.446,8.09787,8.09898,1.00,1.00
2018.02.20 13:55:45.588,8.09813,8.09912,1.00,1.50
2018.02.20 13:55:45.640,8.09813,8.0992,1.00,1.00
2018.02.20 13:55:45.691,8.09813,8.09932,1.00,1.50
2018.02.20 13:55:45.742,8.09813,8.09942,1.00,1.00
2018.02.20 13:55:45.793,8.09813,8.09952,1.50,1.00
2018.02.20 13:55:45.844,8.09846,8.09952,1.00,1.00
2018.02.20 13:55:46.264,8.09846,8.09954,1.00,1.00
2018.02.20 13:55:46.314,8.09846,8.09951,1.00,1.00
2018.02.20 13:55:46.661,8.09846,8.09947,1.00,1.00
2018.02.20 13:55:46.956,8.09846,8.09951,1.00,1.00
2018.02.20 13:55:48.093,8.09817,8.09935,1.00,1.00
2018.02.20 13:55:48.297,8.09817,8.09929,1.00,1.00
2018.02.20 13:55:48.647,8.09817,8.09948,1.00,1.50
2018.02.20 13:55:48.699,8.09817,8.09955,1.00,1.00
2018.02.20 13:55:48.802,8.09817,8.09953,1.00,1.00
2018.02.20 13:55:49.256,8.09817,8.09937,1.00,1.00
2018.02.20 13:55:49.563,8.09817,8.0991,1.00,1.00
2018.02.20 13:55:49.665,8.09817,8.09913,1.00,1.00
2018.02.20 13:55:49.830,8.09817,8.09916,1.00,1.00
2018.02.20 13:55:50.215,8.09817,8.09924,1.00,1.00
2018.02.20 13:55:50.267,8.09817,8.09928,1.00,1.00
2018.02.20 13:55:50.319,8.09817,8.09931,1.00,1.00
2018.02.20 13:55:50.644,8.09817,8.09916,1.00,1.00
2018.02.20 13:55:50.982,8.09817,8.09909,1.00,1.00
2018.02.20 13:55:51.137,8.09817,8.0992,1.00,1.00
2018.02.20 13:55:51.191,8.09817,8.09939,1.00,1.00
2018.02.20 13:55:51.242,8.09817,8.09954,1.00,1.00
2018.02.20 13:55:51.293,8.09817,8.09974,1.00,1.00
2018.02.20 13:55:51.344,8.09817,8.1,1.00,1.00
2018.02.20 13:55:51.396,8.09867,8.09964,1.00,1.00
2018.02.20 13:55:51.565,8.09867,8.09974,1.00,1.00
2018.02.20 13:55:51.615,8.09867,8.09946,1.00,1.00
2018.02.20 13:55:51.920,8.09799,8.09927,1.00,1.00
2018.02.20 13:55:52.021,8.09799,8.09938,1.00,1.00
2018.02.20 13:55:52.210,8.09802,8.09948,1.00,1.00
2018.02.20 13:55:52.261,8.0986,8.09972,1.00,1.00
2018.02.20 13:55:52.313,8.0986,8.09994,1.00,1.00
2018.02.20 13:55:52.416,8.0986,8.09981,1.00,1.00
2018.02.20 13:55:52.742,8.0986,8.10003,1.00,1.00
2018.02.20 13:55:52.905,8.0986,8.10007,1.00,1.00
2018.02.20 13:55:53.010,8.0986,8.10005,1.00,1.00
2018.02.20 13:55:53.372,8.09886,8.10005,1.00,1.00
2018.02.20 13:55:53.423,8.09886,8.10021,1.00,1.50
2018.02.20 13:55:53.482,8.09886,8.10033,1.00,1.00
2018.02.20 13:55:53.533,8.09886,8.10042,1.50,1.00
2018.02.20 13:55:53.939,8.09909,8.10048,1.00,1.50
2018.02.20 13:55:54.246,8.09909,8.10042,1.00,1.00
2018.02.20 13:55:54.609,8.09909,8.10046,1.00,1.00
2018.02.20 13:55:54.660,8.09909,8.1005,1.00,1.00
2018.02.20 13:55:55.025,8.09909,8.10053,1.00,1.00
2018.02.20 13:55:55.076,8.09909,8.10056,1.00,1.00
2018.02.20 13:55:55.179,8.09909,8.1006,1.00,1.00
2018.02.20 13:55:55.230,8.09945,8.1006,1.00,1.00
2018.02.20 13:55:55.425,8.09945,8.10063,1.00,1.00
2018.02.20 13:55:55.615,8.09945,8.10085,1.50,1.00
2018.02.20 13:55:55.937,8.09945,8.10078,1.00,1.00
2018.02.20 13:55:56.897,8.09945,8.10082,1.00,1.00
2018.02.20 13:55:57.029,8.09945,8.10094,1.00,1.00
2018.02.20 13:55:57.182,8.09945,8.10096,1.00,1.00
2018.02.20 13:55:58.067,8.09956,8.10096,1.00,1.00
2018.02.20 13:55:58.412,8.0998,8.10115,1.00,1.00
2018.02.20 13:55:58.765,8.0998,8.10105,1.00,1.00
2018.02.20 13:55:59.455,8.0998,8.10097,1.00,1.00
2018.02.20 13:55:59.777,8.0998,8.10091,1.00,1.00
2018.02.20 13:56:00.023,8.0998,8.10093,1.00,1.00
2018.02.20 13:56:00.074,8.0998,8.1011,1.00,1.00
2018.02.20 13:56:00.175,8.0998,8.10122,1.00,1.00
2018.02.20 13:56:00.378,8.0998,8.10104,1.00,1.00
2018.02.20 13:56:00.677,8.09951,8.10084,1.00,1.00
2018.02.20 13:56:00.830,8.09951,8.10073,1.00,1.00
2018.02.20 13:56:01.142,8.09951,8.10067,1.00,1.00
2018.02.20 13:56:01.346,8.09951,8.10073,1.00,1.00
2018.02.20 13:56:01.653,8.09951,8.10068,1.00,1.00
2018.02.20 13:56:02.176,8.09951,8.10067,1.00,1.00
2018.02.20 13:56:02.537,8.09951,8.10073,1.00,1.00
2018.02.20 13:56:02.758,8.09951,8.10084,1.00,1.00
2018.02.20 13:56:02.809,8.09951,8.10096,1.00,1.00
2018.02.20 13:56:02.861,8.09977,8.10099,1.00,1.00
2018.02.20 13:56:03.085,8.09977,8.10101,1.00,1.00
2018.02.20 13:56:03.644,8.09977,8.10098,1.00,1.00
2018.02.20 13:56:03.963,8.09964,8.10037,1.00,1.50
2018.02.20 13:56:04.065,8.09926,8.10042,1.00,1.00
2018.02.20 13:56:04.167,8.09926,8.1004,1.00,1.00
2018.02.20 13:56:04.481,8.09926,8.10012,1.00,1.00
2018.02.20 13:56:04.684,8.09895,8.09993,1.00,1.00
2018.02.20 13:56:04.735,8.09895,8.10001,1.00,1.00
2018.02.20 13:56:04.786,8.09895,8.09987,1.00,1.00
2018.02.20 13:56:05.137,8.09895,8.09967,1.00,1.00
2018.02.20 13:56:05.440,8.09895,8.09955,1.00,1.00
2018.02.20 13:56:05.789,8.09843,8.09954,1.00,1.00
2018.02.20 13:56:06.298,8.09843,8.09955,1.00,1.00
2018.02.20 13:56:06.368,8.09868,8.09971,1.00,1.00
2018.02.20 13:56:06.673,8.09838,8.09971,1.00,1.00
2018.02.20 13:56:06.775,8.09838,8.09968,1.00,1.00
2018.02.20 13:56:07.114,8.09838,8.09952,1.00,1.00
2018.02.20 13:56:07.911,8.0981,8.09952,1.00,1.00
2018.02.20 13:56:08.511,8.0981,8.0987,1.00,1.00
2018.02.20 13:56:08.613,8.09712,8.09819,1.00,1.00
2018.02.20 13:56:08.716,8.09712,8.098,1.00,1.00
2018.02.20 13:56:08.876,8.09656,8.09763,1.00,1.00
2018.02.20 13:56:08.927,8.09656,8.09744,1.00,1.00
2018.02.20 13:56:09.386,8.09624,8.09744,1.00,1.00
2018.02.20 13:56:09.488,8.09624,8.09723,1.00,1.00
2018.02.20 13:56:09.540,8.09624,8.09742,1.00,1.00
2018.02.20 13:56:09.642,8.09624,8.09748,1.00,1.00
2018.02.20 13:56:09.871,8.09624,8.09766,1.00,1.00
2018.02.20 13:56:10.458,8.09624,8.09782,1.00,1.00
2018.02.20 13:56:10.699,8.09644,8.09782,1.00,1.00
2018.02.20 13:56:12.386,8.09644,8.09745,1.00,1.00
2018.02.20 13:56:12.491,8.09605,8.09745,1.00,1.00
2018.02.20 13:56:12.739,8.09606,8.09742,1.00,1.00
2018.02.20 13:56:12.790,8.09605,8.09761,1.00,1.00
2018.02.20 13:56:12.892,8.09637,8.09761,1.00,1.00
2018.02.20 13:56:15.157,8.09605,8.09761,1.00,1.00
2018.02.20 13:56:15.208,8.09605,8.09757,1.00,1.00
2018.02.20 13:56:15.514,8.09605,8.09754,1.00,1.00
2018.02.20 13:56:15.831,8.09605,8.0975,1.00,1.00
2018.02.20 13:56:16.082,8.09605,8.09765,1.00,1.00
2018.02.20 13:56:16.134,8.09624,8.09765,1.00,1.00
2018.02.20 13:56:16.185,8.09614,8.09792,1.00,1.50
2018.02.20 13:56:16.236,8.09618,8.09792,1.00,1.00
2018.02.20 13:56:16.567,8.0967,8.09809,1.00,1.00
2018.02.20 13:56:17.618,8.0967,8.09804,1.00,1.00
2018.02.20 13:56:19.609,8.0967,8.09798,1.00,1.00
2018.02.20 13:56:19.835,8.0967,8.09801,1.00,1.00
2018.02.20 13:56:20.052,8.0967,8.09798,1.00,1.00
2018.02.20 13:56:20.374,8.0967,8.09784,1.00,1.00
2018.02.20 13:56:21.724,8.0967,8.09776,1.00,1.00
2018.02.20 13:56:21.848,8.09644,8.09765,1.00,1.00
2018.02.20 13:56:22.000,8.09644,8.09799,1.00,1.00
2018.02.20 13:56:22.202,8.09672,8.09799,1.00,1.00
2018.02.20 13:56:22.522,8.09672,8.09794,1.00,1.00
2018.02.20 13:56:22.888,8.09672,8.09791,1.00,1.00
2018.02.20 13:56:23.204,8.09672,8.09783,1.00,1.00
2018.02.20 13:56:23.255,8.09672,8.098,1.00,1.00
2018.02.20 13:56:23.529,8.09672,8.09787,1.00,1.00
2018.02.20 13:56:23.634,8.09672,8.09795,1.00,1.00
2018.02.20 13:56:23.801,8.09672,8.09792,1.00,1.00
2018.02.20 13:56:23.852,8.09672,8.09801,1.00,1.00
2018.02.20 13:56:25.248,8.09672,8.09817,1.00,1.00
2018.02.20 13:56:25.299,8.09676,8.09816,1.00,1.00
2018.02.20 13:56:25.604,8.09739,8.09849,1.00,1.00
2018.02.20 13:56:28.633,8.09739,8.0983,1.00,1.00
2018.02.20 13:56:28.786,8.09726,8.0983,1.00,1.00
2018.02.20 13:56:28.837,8.0973,8.0985,1.00,1.00
2018.02.20 13:56:28.994,8.0971,8.0985,1.00,1.00
2018.02.20 13:56:29.643,8.0971,8.09833,1.00,1.00
2018.02.20 13:56:30.420,8.09723,8.09833,1.00,1.00
2018.02.20 13:56:33.267,8.09695,8.09833,1.00,1.00
2018.02.20 13:56:36.104,8.09705,8.09833,1.00,1.00
2018.02.20 13:56:36.205,8.0973,8.09861,1.00,1.50
2018.02.20 13:56:36.814,8.0973,8.09856,1.00,1.00
2018.02.20 13:56:37.129,8.0973,8.09849,1.00,1.00
2018.02.20 13:56:37.432,8.0973,8.09854,1.00,1.00
2018.02.20 13:56:37.647,8.0973,8.0986,1.00,1.00
2018.02.20 13:56:38.111,8.09736,8.09861,1.00,1.00
2018.02.20 13:56:38.630,8.09735,8.09861,1.00,1.00
2018.02.20 13:56:39.601,8.09767,8.09861,1.00,1.00
2018.02.20 13:56:39.652,8.09767,8.09879,1.00,1.00
2018.02.20 13:56:39.798,8.09772,8.09879,1.00,1.00
2018.02.20 13:56:41.293,8.09772,8.09869,1.00,1.00
2018.02.20 13:56:41.344,8.09746,8.09858,1.00,1.50
2018.02.20 13:56:43.897,8.09746,8.09857,1.00,1.00
2018.02.20 13:56:44.451,8.09746,8.09858,1.00,1.00
2018.02.20 13:56:45.446,8.09746,8.09856,1.00,1.00
2018.02.20 13:56:45.498,8.09719,8.09856,1.00,1.00
2018.02.20 13:56:45.599,8.09719,8.09858,1.00,1.00
2018.02.20 13:56:46.112,8.09722,8.09858,1.00,1.00
2018.02.20 13:56:46.412,8.0972,8.09858,1.00,1.00
2018.02.20 13:56:46.939,8.09719,8.09858,1.00,1.00
2018.02.20 13:56:46.991,8.09722,8.09858,1.00,1.00
2018.02.20 13:56:47.316,8.09719,8.09858,1.00,1.00
2018.02.20 13:56:47.792,8.09721,8.09858,1.00,1.00
2018.02.20 13:56:48.349,8.09722,8.09858,1.00,1.00
2018.02.20 13:56:48.850,8.09721,8.09858,1.00,1.00
2018.02.20 13:56:49.038,8.09719,8.09858,1.50,1.00
2018.02.20 13:56:49.328,8.09725,8.09858,1.00,1.00
2018.02.20 13:56:49.608,8.09722,8.09858,1.00,1.00
2018.02.20 13:56:49.919,8.09726,8.09858,1.00,1.00
2018.02.20 13:56:50.253,8.09732,8.09858,1.00,1.00
2018.02.20 13:56:50.628,8.09732,8.09839,1.00,1.00
2018.02.20 13:56:50.679,8.09711,8.09838,1.00,1.00
2018.02.20 13:56:50.833,8.09706,8.09839,1.00,1.00
2018.02.20 13:56:51.037,8.09716,8.09839,1.00,1.00
2018.02.20 13:56:51.451,8.0974,8.09839,1.00,1.00
2018.02.20 13:56:58.391,8.0974,8.09857,1.00,1.00
2018.02.20 13:57:00.101,8.09759,8.09895,1.00,1.00
2018.02.20 13:57:00.203,8.09759,8.09903,1.00,1.00
2018.02.20 13:57:00.405,8.09796,8.0992,1.00,1.00
2018.02.20 13:57:00.711,8.09861,8.09981,1.00,1.00
2018.02.20 13:57:00.763,8.09861,8.09983,1.00,1.00
2018.02.20 13:57:00.867,8.09918,8.10003,1.00,1.00
2018.02.20 13:57:00.918,8.09918,8.10024,1.00,1.00
2018.02.20 13:57:01.172,8.09918,8.10047,1.00,1.00
2018.02.20 13:57:01.554,8.09918,8.1005,1.00,1.00
2018.02.20 13:57:02.543,8.09918,8.10046,1.00,1.00
2018.02.20 13:57:02.800,8.0989,8.10023,1.00,1.00
2018.02.20 13:57:02.852,8.0989,8.10035,1.00,1.00
2018.02.20 13:57:02.903,8.0989,8.10029,1.00,1.00
2018.02.20 13:57:03.239,8.0989,8.10013,1.00,1.00
2018.02.20 13:57:03.543,8.0989,8.1001,1.00,1.00
2018.02.20 13:57:03.595,8.0989,8.10013,1.00,1.00
2018.02.20 13:57:04.208,8.0989,8.09994,1.00,1.00
2018.02.20 13:57:04.259,8.09863,8.09994,1.00,1.00
2018.02.20 13:57:04.722,8.09863,8.10014,1.00,1.00
2018.02.20 13:57:04.981,8.09892,8.10014,1.00,1.00
2018.02.20 13:57:05.484,8.09892,8.10015,1.00,1.00
2018.02.20 13:57:07.317,8.09892,8.10023,1.00,1.00
2018.02.20 13:57:08.749,8.09892,8.10025,1.00,1.00
2018.02.20 13:57:09.433,8.09892,8.10031,1.00,1.00
2018.02.20 13:57:09.485,8.09895,8.10031,1.00,1.00
2018.02.20 13:57:09.814,8.09919,8.10047,1.00,1.00
2018.02.20 13:57:10.515,8.09919,8.10054,1.00,1.00
2018.02.20 13:57:10.998,8.09919,8.10051,1.00,1.00
2018.02.20 13:57:11.313,8.09919,8.10038,1.00,1.00
2018.02.20 13:57:11.713,8.09919,8.10046,1.00,1.00
2018.02.20 13:57:11.766,8.09931,8.09991,1.00,1.00
2018.02.20 13:57:11.817,8.09919,8.09997,1.00,1.00
2018.02.20 13:57:11.868,8.09919,8.10026,1.00,1.00
2018.02.20 13:57:11.972,8.09919,8.10024,1.00,1.00
2018.02.20 13:57:12.074,8.09891,8.10024,1.00,1.00
2018.02.20 13:57:12.125,8.09891,8.10026,1.00,1.00
2018.02.20 13:57:12.176,8.09891,8.10016,1.00,1.00
2018.02.20 13:57:12.496,8.09891,8.10012,1.00,1.00
2018.02.20 13:57:12.894,8.09909,8.10012,1.00,1.00
2018.02.20 13:57:12.945,8.09909,8.10016,1.00,1.00
2018.02.20 13:57:13.161,8.09909,8.10021,1.00,1.00
2018.02.20 13:57:13.349,8.09909,8.10033,1.00,1.00
2018.02.20 13:57:13.400,8.09909,8.10042,1.00,1.00
2018.02.20 13:57:13.553,8.09912,8.10045,1.00,1.50
2018.02.20 13:57:13.605,8.09917,8.10056,1.00,1.00
2018.02.20 13:57:13.657,8.09921,8.10056,1.00,1.00
2018.02.20 13:57:14.011,8.09935,8.10062,1.00,1.00
2018.02.20 13:57:17.296,8.09935,8.10052,1.00,1.00
2018.02.20 13:57:17.502,8.09935,8.10059,1.00,1.00
2018.02.20 13:57:17.604,8.09935,8.10057,1.00,1.00
2018.02.20 13:57:17.915,8.09935,8.10047,1.00,1.00
2018.02.20 13:57:18.016,8.09935,8.10052,1.00,1.00
2018.02.20 13:57:18.067,8.09935,8.10057,1.00,1.00
2018.02.20 13:57:18.320,8.09935,8.10055,1.00,1.00
2018.02.20 13:57:18.638,8.09935,8.1004,1.00,1.50
2018.02.20 13:57:18.963,8.09935,8.10038,1.00,1.00
2018.02.20 13:57:19.703,8.09935,8.1004,1.00,1.00
2018.02.20 13:57:21.652,8.09935,8.10057,1.00,1.00
2018.02.20 13:57:21.753,8.09935,8.10063,1.00,1.00
2018.02.20 13:57:21.905,8.09935,8.1007,1.00,1.00
2018.02.20 13:57:21.956,8.09975,8.1007,1.00,1.00
2018.02.20 13:57:22.139,8.09975,8.10079,1.00,1.00
2018.02.20 13:57:22.966,8.09975,8.10066,1.00,1.00
2018.02.20 13:57:23.017,8.09975,8.10074,1.00,1.00
2018.02.20 13:57:23.068,8.09975,8.10069,1.00,1.00
2018.02.20 13:57:23.346,8.0994,8.1004,1.00,1.00
2018.02.20 13:57:23.397,8.0994,8.10036,1.00,1.00
2018.02.20 13:57:23.448,8.0994,8.10041,1.00,1.00
2018.02.20 13:57:23.652,8.0994,8.10032,1.00,1.00
2018.02.20 13:57:23.906,8.0994,8.10042,1.00,1.00
2018.02.20 13:57:23.957,8.0994,8.10051,1.00,1.00
2018.02.20 13:57:24.109,8.0994,8.10059,1.00,1.00
2018.02.20 13:57:24.239,8.0994,8.10061,1.00,1.00
2018.02.20 13:57:24.292,8.0994,8.10069,1.00,1.50
2018.02.20 13:57:24.393,8.0998,8.10076,1.00,1.00
2018.02.20 13:57:24.497,8.0998,8.10081,1.00,1.00
2018.02.20 13:57:24.747,8.0998,8.10086,1.00,1.00
2018.02.20 13:57:24.848,8.0998,8.10089,1.00,1.50
2018.02.20 13:57:25.534,8.0998,8.10077,1.00,1.00
2018.02.20 13:57:25.637,8.0998,8.10089,1.00,1.00
2018.02.20 13:57:26.046,8.0998,8.1008,1.00,1.00
2018.02.20 13:57:26.097,8.0998,8.10083,1.00,1.00
2018.02.20 13:57:26.180,8.0998,8.10085,1.00,1.00
2018.02.20 13:57:26.231,8.0998,8.10089,1.00,1.00
2018.02.20 13:57:27.666,8.0998,8.10111,1.00,1.00
2018.02.20 13:57:27.926,8.1001,8.10128,1.00,1.00
2018.02.20 13:57:28.637,8.1001,8.10148,1.00,1.00
2018.02.20 13:57:29.321,8.10033,8.10148,1.00,1.00
2018.02.20 13:57:29.456,8.10033,8.10151,1.00,1.00
2018.02.20 13:57:29.507,8.10033,8.10156,1.00,1.00
2018.02.20 13:57:29.658,8.10033,8.1017,1.00,1.00
2018.02.20 13:57:29.709,8.10033,8.10179,1.50,1.00
2018.02.20 13:57:29.760,8.1004,8.10197,1.00,1.00
2018.02.20 13:57:29.812,8.10053,8.10216,1.00,1.00
2018.02.20 13:57:29.865,8.10083,8.10183,1.00,1.00
2018.02.20 13:57:29.915,8.10083,8.10212,1.00,1.00
2018.02.20 13:57:30.201,8.10083,8.10205,1.00,1.00
2018.02.20 13:57:30.252,8.10083,8.10216,1.00,1.00
2018.02.20 13:57:30.303,8.10084,8.10228,1.00,1.00
2018.02.20 13:57:30.354,8.10086,8.1023,1.00,1.00
2018.02.20 13:57:30.656,8.10116,8.10232,1.00,1.00
2018.02.20 13:57:31.246,8.10116,8.1022,1.00,1.00
2018.02.20 13:57:31.297,8.10116,8.10229,1.00,1.00
2018.02.20 13:57:31.348,8.10116,8.10208,1.00,1.00
2018.02.20 13:57:31.752,8.10116,8.1022,1.00,1.00
2018.02.20 13:57:31.902,8.10116,8.10233,1.00,1.00
2018.02.20 13:57:32.116,8.10116,8.1023,1.00,1.00
2018.02.20 13:57:32.167,8.10116,8.10233,1.00,1.00
2018.02.20 13:57:33.830,8.10116,8.10236,1.00,1.00
2018.02.20 13:57:33.939,8.10151,8.10245,1.00,1.00
2018.02.20 13:57:34.042,8.10151,8.10255,1.00,1.00
2018.02.20 13:57:34.093,8.10151,8.10251,1.00,1.00
2018.02.20 13:57:34.951,8.10151,8.10256,1.00,1.00
2018.02.20 13:57:35.210,8.10151,8.1025,1.00,1.00
2018.02.20 13:57:35.649,8.10151,8.10255,1.00,1.00
2018.02.20 13:57:35.700,8.10151,8.10259,1.00,1.00
2018.02.20 13:57:35.811,8.10151,8.10263,1.00,1.00
2018.02.20 13:57:35.913,8.10151,8.10267,1.00,1.00
2018.02.20 13:57:37.262,8.10151,8.10272,1.00,1.00
2018.02.20 13:57:37.391,8.10151,8.10267,1.00,1.00
2018.02.20 13:57:38.831,8.10151,8.10258,1.00,1.00
2018.02.20 13:57:39.135,8.10151,8.10266,1.00,1.00
2018.02.20 13:57:40.570,8.10151,8.10287,1.00,1.00
2018.02.20 13:57:40.623,8.10179,8.10296,1.00,1.00
2018.02.20 13:57:40.725,8.10179,8.10298,1.00,1.00
2018.02.20 13:57:40.827,8.10179,8.1026,1.00,1.00
2018.02.20 13:57:41.083,8.10127,8.10217,1.00,1.00
2018.02.20 13:57:41.334,8.10127,8.10215,1.00,1.00
2018.02.20 13:57:42.532,8.10127,8.10222,1.00,1.00
2018.02.20 13:57:42.735,8.10127,8.10229,1.00,1.00
2018.02.20 13:57:44.037,8.10127,8.10238,1.00,1.00
2018.02.20 13:57:44.241,8.10127,8.10232,1.00,1.00
2018.02.20 13:57:44.293,8.10127,8.10236,1.00,1.00
2018.02.20 13:57:46.070,8.10127,8.10246,1.00,1.00
2018.02.20 13:57:46.411,8.10127,8.10244,1.00,1.00
2018.02.20 13:57:46.563,8.10133,8.10258,1.00,1.00
2018.02.20 13:57:46.614,8.10156,8.10258,1.00,1.00
2018.02.20 13:57:46.665,8.10156,8.10283,1.00,1.00
2018.02.20 13:57:46.767,8.10156,8.10281,1.00,1.00
2018.02.20 13:57:47.100,8.10189,8.10308,1.00,1.00
2018.02.20 13:57:48.328,8.10189,8.10311,1.00,1.00
2018.02.20 13:57:48.381,8.10189,8.10302,1.00,1.00
2018.02.20 13:57:48.534,8.10189,8.10306,1.00,1.00
2018.02.20 13:57:48.672,8.10189,8.10294,1.00,1.00
2018.02.20 13:57:48.724,8.10189,8.10296,1.00,1.00
2018.02.20 13:57:48.775,8.10189,8.103,1.00,1.00
2018.02.20 13:57:49.047,8.10189,8.1029,1.00,1.00
2018.02.20 13:57:49.352,8.10189,8.1027,1.00,1.00
2018.02.20 13:57:49.649,8.10189,8.1028,1.00,1.00
2018.02.20 13:57:49.701,8.10189,8.10292,1.00,1.00
2018.02.20 13:57:49.987,8.10189,8.10273,1.00,1.00
2018.02.20 13:57:50.367,8.10189,8.10278,1.00,1.00
2018.02.20 13:57:50.419,8.10189,8.10288,1.00,1.00
2018.02.20 13:57:50.470,8.10189,8.10293,1.00,1.00
2018.02.20 13:57:50.521,8.10189,8.10295,1.00,1.00
2018.02.20 13:57:50.573,8.10189,8.1029,1.00,1.00
2018.02.20 13:57:50.624,8.10189,8.10295,1.00,1.00
2018.02.20 13:57:50.828,8.10189,8.10291,1.00,1.00
2018.02.20 13:57:51.100,8.10189,8.10301,1.00,1.00
2018.02.20 13:57:51.151,8.10189,8.10296,1.00,1.00
2018.02.20 13:57:51.713,8.10189,8.10284,1.00,1.00
2018.02.20 13:57:52.042,8.10189,8.10278,1.00,1.00
2018.02.20 13:57:52.093,8.10189,8.10283,1.00,1.00
2018.02.20 13:57:52.295,8.10189,8.10279,1.00,1.00
2018.02.20 13:57:52.619,8.10189,8.10275,1.00,1.00
2018.02.20 13:57:52.670,8.10189,8.10279,1.00,1.00
2018.02.20 13:57:52.873,8.10189,8.10285,1.00,1.00
2018.02.20 13:57:52.974,8.10189,8.103,1.00,1.00
2018.02.20 13:57:53.075,8.10189,8.10308,1.00,1.50
2018.02.20 13:57:53.177,8.10199,8.10299,1.00,1.00
2018.02.20 13:57:53.416,8.10199,8.10303,1.00,1.00
2018.02.20 13:57:53.717,8.10199,8.10308,1.00,1.00
2018.02.20 13:57:53.769,8.10199,8.10322,1.00,1.00
2018.02.20 13:57:54.110,8.10199,8.10324,1.00,1.00
2018.02.20 13:57:54.248,8.10199,8.10315,1.00,1.00
2018.02.20 13:57:54.353,8.10199,8.10323,1.00,1.00
2018.02.20 13:57:54.570,8.10199,8.1031,1.00,1.00
2018.02.20 13:57:54.951,8.10199,8.10314,1.00,1.00
2018.02.20 13:57:55.002,8.10199,8.10318,1.00,1.00
2018.02.20 13:57:55.215,8.10199,8.10314,1.00,1.00
2018.02.20 13:57:57.375,8.10199,8.10315,1.00,1.00
2018.02.20 13:57:57.894,8.10199,8.1032,1.00,1.00
2018.02.20 13:57:58.116,8.10204,8.10329,1.00,1.00
2018.02.20 13:57:58.295,8.10199,8.10329,1.00,1.00
2018.02.20 13:57:58.497,8.10237,8.10334,1.00,1.00
2018.02.20 13:57:58.599,8.10237,8.10338,1.00,1.00
2018.02.20 13:57:58.711,8.10237,8.10334,1.00,1.00
2018.02.20 13:57:59.019,8.10237,8.10315,1.00,1.00
2018.02.20 13:57:59.069,8.10237,8.10339,1.00,1.50
2018.02.20 13:57:59.120,8.10237,8.10343,1.00,1.00
2018.02.20 13:58:01.034,8.10237,8.10355,1.00,1.00
2018.02.20 13:58:01.286,8.10237,8.10358,1.00,1.00
2018.02.20 13:58:01.540,8.10237,8.10355,1.00,1.00
2018.02.20 13:58:01.619,8.10237,8.10358,1.00,1.50
2018.02.20 13:58:02.114,8.10237,8.10363,1.00,1.00
2018.02.20 13:58:02.340,8.10237,8.10358,1.00,1.00
2018.02.20 13:58:03.016,8.10237,8.10371,1.00,1.00
2018.02.20 13:58:03.067,8.10273,8.10371,1.00,1.00
2018.02.20 13:58:03.201,8.10273,8.10375,1.00,1.00
2018.02.20 13:58:03.253,8.10273,8.10372,1.00,1.00
2018.02.20 13:58:03.564,8.10273,8.1037,1.00,1.00
2018.02.20 13:58:03.872,8.10234,8.10333,1.00,1.00
2018.02.20 13:58:04.704,8.10234,8.10338,1.00,1.00
2018.02.20 13:58:05.048,8.10234,8.10345,1.00,1.00
2018.02.20 13:58:05.398,8.10234,8.1034,1.00,1.00
2018.02.20 13:58:06.320,8.10234,8.10337,1.00,1.00
2018.02.20 13:58:06.645,8.10234,8.10329,1.00,1.00
2018.02.20 13:58:06.951,8.10234,8.10305,1.00,1.00
2018.02.20 13:58:07.634,8.10234,8.10316,1.00,1.00
2018.02.20 13:58:07.737,8.10234,8.10313,1.00,1.00
2018.02.20 13:58:08.049,8.10234,8.10301,1.00,1.00
2018.02.20 13:58:08.310,8.10234,8.10311,1.00,1.00
2018.02.20 13:58:08.413,8.10234,8.10305,1.00,1.00
2018.02.20 13:58:08.907,8.10234,8.10309,1.00,1.00
2018.02.20 13:58:08.957,8.10234,8.10306,1.00,1.00
2018.02.20 13:58:10.407,8.10204,8.10306,1.00,1.00
2018.02.20 13:58:12.328,8.10229,8.10325,1.00,1.00
2018.02.20 13:58:12.650,8.10229,8.10291,1.00,1.00
2018.02.20 13:58:12.752,8.10197,8.10286,1.00,1.00
2018.02.20 13:58:13.781,8.10197,8.10303,1.00,1.00
2018.02.20 13:58:14.663,8.10197,8.10296,1.00,1.00
2018.02.20 13:58:14.997,8.10197,8.10288,1.00,1.00
2018.02.20 13:58:15.304,8.10197,8.10272,1.00,1.00
2018.02.20 13:58:15.406,8.10197,8.10283,1.00,1.00
2018.02.20 13:58:15.458,8.10197,8.10285,1.00,1.00
2018.02.20 13:58:16.073,8.10197,8.10304,1.00,1.00
2018.02.20 13:58:16.124,8.10197,8.10317,1.00,1.00
2018.02.20 13:58:16.176,8.10197,8.10322,1.00,1.00
2018.02.20 13:58:16.325,8.10223,8.10322,1.00,1.00
2018.02.20 13:58:17.632,8.10223,8.10325,1.00,1.00
2018.02.20 13:58:18.456,8.10249,8.10343,1.00,1.50
2018.02.20 13:58:18.776,8.10249,8.10334,1.00,1.00
2018.02.20 13:58:19.119,8.10249,8.10337,1.00,1.00
2018.02.20 13:58:20.524,8.10249,8.10343,1.00,1.00
2018.02.20 13:58:20.626,8.10249,8.10368,1.00,1.00
2018.02.20 13:58:20.677,8.10249,8.10363,1.00,1.00
2018.02.20 13:58:20.729,8.10249,8.10368,1.00,1.00
2018.02.20 13:58:20.781,8.10249,8.10363,1.00,1.00
2018.02.20 13:58:20.832,8.10249,8.10366,1.00,1.00
2018.02.20 13:58:21.111,8.10249,8.1036,1.00,1.00
2018.02.20 13:58:21.416,8.10249,8.1035,1.00,1.00
2018.02.20 13:58:21.845,8.10249,8.10353,1.00,1.00
2018.02.20 13:58:22.180,8.10249,8.10346,1.00,1.00
2018.02.20 13:58:22.332,8.10249,8.10351,1.00,1.00
2018.02.20 13:58:22.553,8.10249,8.10346,1.00,1.00
2018.02.20 13:58:22.858,8.10249,8.10337,1.00,1.00
2018.02.20 13:58:23.163,8.10249,8.10333,1.00,1.00
2018.02.20 13:58:23.497,8.10249,8.10328,1.00,1.00
2018.02.20 13:58:23.895,8.10249,8.10338,1.00,1.00
2018.02.20 13:58:24.012,8.10249,8.10344,1.00,1.00
2018.02.20 13:58:24.065,8.10249,8.10346,1.00,1.00
2018.02.20 13:58:24.219,8.10249,8.10333,1.00,1.00
2018.02.20 13:58:24.522,8.10249,8.10314,1.00,1.00
2018.02.20 13:58:24.851,8.10249,8.10304,1.00,1.00
2018.02.20 13:58:25.178,8.10249,8.10322,1.00,1.00
2018.02.20 13:58:25.331,8.10249,8.10336,1.00,1.00
2018.02.20 13:58:25.729,8.10249,8.1033,1.00,1.00
2018.02.20 13:58:25.831,8.10249,8.10332,1.00,1.00
2018.02.20 13:58:25.932,8.10249,8.10336,1.00,1.50
2018.02.20 13:58:26.642,8.10249,8.10329,1.00,1.00
2018.02.20 13:58:26.749,8.10249,8.10336,1.00,1.50
2018.02.20 13:58:27.729,8.10249,8.10326,1.00,1.00
2018.02.20 13:58:27.832,8.10249,8.1033,1.00,1.00
2018.02.20 13:58:27.883,8.10249,8.10336,1.00,1.00
2018.02.20 13:58:28.188,8.10249,8.10333,1.00,1.00
2018.02.20 13:58:28.510,8.10249,8.10336,1.00,1.00
2018.02.20 13:58:28.561,8.10249,8.10355,1.00,1.50
2018.02.20 13:58:32.707,8.10282,8.10376,1.00,1.00
2018.02.20 13:58:33.403,8.10282,8.10371,1.00,1.00
2018.02.20 13:58:33.810,8.10282,8.10365,1.00,1.00
2018.02.20 13:58:34.185,8.10282,8.10356,1.00,1.00
2018.02.20 13:58:34.363,8.10282,8.1036,1.00,1.00
2018.02.20 13:58:34.469,8.10282,8.10378,1.00,1.00
2018.02.20 13:58:34.520,8.10282,8.1038,1.00,1.00
2018.02.20 13:58:34.621,8.10282,8.10382,1.00,1.00
2018.02.20 13:58:35.862,8.10282,8.10384,1.00,1.00
2018.02.20 13:58:36.108,8.10282,8.10409,1.00,1.00
2018.02.20 13:58:36.159,8.10315,8.10411,1.00,1.00
2018.02.20 13:58:36.264,8.10315,8.10414,1.00,1.00
2018.02.20 13:58:36.467,8.10315,8.10417,1.00,1.00
2018.02.20 13:58:36.742,8.10315,8.10427,1.00,1.00
2018.02.20 13:58:36.894,8.10341,8.10427,1.00,1.00
2018.02.20 13:58:37.363,8.10341,8.10432,1.00,1.00
2018.02.20 13:58:37.829,8.10341,8.10434,1.00,1.50
2018.02.20 13:58:37.881,8.10341,8.10437,1.00,1.00
2018.02.20 13:58:38.290,8.10341,8.10429,1.00,1.00
2018.02.20 13:58:38.611,8.10341,8.10421,1.00,1.00
2018.02.20 13:58:38.955,8.10341,8.10426,1.00,1.00
2018.02.20 13:58:39.106,8.10341,8.1043,1.00,1.00
2018.02.20 13:58:39.238,8.10341,8.10427,1.00,1.00
2018.02.20 13:58:39.341,8.10341,8.10436,1.00,1.00
2018.02.20 13:58:39.393,8.10341,8.1045,1.00,1.00
2018.02.20 13:58:39.444,8.10369,8.1045,1.00,1.00
2018.02.20 13:58:39.839,8.10369,8.1047,1.00,1.00
2018.02.20 13:58:39.890,8.10369,8.10466,1.00,1.00
2018.02.20 13:58:40.234,8.10369,8.10455,1.00,1.00
2018.02.20 13:58:40.539,8.10369,8.1044,1.00,1.00
2018.02.20 13:58:40.643,8.10341,8.10432,1.00,1.00
2018.02.20 13:58:40.850,8.10341,8.10437,1.00,1.00
2018.02.20 13:58:40.901,8.10341,8.10441,1.00,1.00
2018.02.20 13:58:41.070,8.10341,8.10433,1.00,1.00
2018.02.20 13:58:41.223,8.10308,8.10414,1.00,1.50
2018.02.20 13:58:41.274,8.10308,8.10395,1.00,1.00
2018.02.20 13:58:41.657,8.10308,8.1039,1.00,1.00
2018.02.20 13:58:42.170,8.10308,8.10383,1.00,1.00
2018.02.20 13:58:42.404,8.10308,8.1039,1.00,1.00
2018.02.20 13:58:42.563,8.10308,8.10383,1.00,1.00
2018.02.20 13:58:43.133,8.10272,8.10371,1.00,1.00
2018.02.20 13:58:43.270,8.10272,8.1036,1.00,1.00
2018.02.20 13:58:43.322,8.10272,8.10362,1.00,1.00
2018.02.20 13:58:43.424,8.10272,8.10355,1.00,1.00
2018.02.20 13:58:43.779,8.10246,8.10355,1.00,1.00
2018.02.20 13:58:44.066,8.10246,8.1035,1.00,1.00
2018.02.20 13:58:44.917,8.10246,8.10327,1.00,1.00
2018.02.20 13:58:45.019,8.1022,8.10307,1.00,1.00
2018.02.20 13:58:45.145,8.1022,8.10312,1.00,1.00
2018.02.20 13:58:45.249,8.1022,8.10315,1.00,1.00
2018.02.20 13:58:45.401,8.1022,8.10302,1.00,1.00
2018.02.20 13:58:45.654,8.10194,8.10296,1.00,1.00
2018.02.20 13:58:45.705,8.10194,8.10288,1.00,1.00
2018.02.20 13:58:46.281,8.10194,8.10294,1.00,1.00
2018.02.20 13:58:46.332,8.10194,8.10289,1.00,1.00
2018.02.20 13:58:46.652,8.10194,8.10285,1.00,1.00
2018.02.20 13:58:46.960,8.10194,8.10278,1.00,1.00
2018.02.20 13:58:47.011,8.10167,8.10254,1.00,1.00
2018.02.20 13:58:47.163,8.10167,8.10247,1.00,1.00
2018.02.20 13:58:47.466,8.10167,8.10245,1.00,1.00
2018.02.20 13:58:47.945,8.10167,8.10238,1.00,1.00
2018.02.20 13:58:48.046,8.10141,8.10248,1.00,1.00
2018.02.20 13:58:48.360,8.10141,8.10252,1.00,1.00
2018.02.20 13:58:48.411,8.10141,8.10248,1.00,1.00
2018.02.20 13:58:49.072,8.10141,8.10233,1.00,1.00
2018.02.20 13:58:49.393,8.10141,8.10213,1.00,1.00
2018.02.20 13:58:49.444,8.10141,8.10217,1.00,1.00
2018.02.20 13:58:49.596,8.10141,8.10221,1.00,1.00
2018.02.20 13:58:49.698,8.10141,8.10217,1.00,1.00
2018.02.20 13:58:50.005,8.10141,8.10219,1.00,1.00
2018.02.20 13:58:50.057,8.10141,8.10229,1.00,1.00
2018.02.20 13:58:50.232,8.10141,8.10239,1.00,1.00
2018.02.20 13:58:50.333,8.10141,8.10234,1.00,1.00
2018.02.20 13:58:50.384,8.10141,8.10238,1.00,1.00
2018.02.20 13:58:50.788,8.10141,8.10235,1.00,1.00
2018.02.20 13:58:51.048,8.10112,8.10235,1.00,1.00
2018.02.20 13:58:51.099,8.10112,8.10227,1.00,1.00
2018.02.20 13:58:51.508,8.10112,8.10223,1.00,1.00
2018.02.20 13:58:51.560,8.10112,8.10227,1.00,1.00
2018.02.20 13:58:51.611,8.10112,8.10217,1.00,1.00
2018.02.20 13:58:51.771,8.10112,8.10221,1.00,1.00
2018.02.20 13:58:51.822,8.10112,8.10217,1.00,1.00
2018.02.20 13:58:52.011,8.10112,8.10222,1.00,1.00
2018.02.20 13:58:52.365,8.10112,8.10219,1.00,1.00
2018.02.20 13:58:53.413,8.10112,8.10223,1.00,1.00
2018.02.20 13:58:53.464,8.10112,8.10216,1.00,1.00
2018.02.20 13:58:53.748,8.10112,8.1022,1.00,1.00
2018.02.20 13:58:53.959,8.10112,8.10222,1.00,1.00
2018.02.20 13:58:54.180,8.10112,8.10219,1.00,1.00
2018.02.20 13:58:54.282,8.10112,8.10221,1.00,1.00
2018.02.20 13:58:54.507,8.10112,8.10213,1.00,1.00
2018.02.20 13:58:54.810,8.10112,8.10208,1.00,1.50
2018.02.20 13:58:56.174,8.10112,8.1023,1.00,1.00
2018.02.20 13:58:56.497,8.10112,8.10227,1.00,1.00
2018.02.20 13:58:57.826,8.10112,8.1023,1.00,1.00
2018.02.20 13:58:58.804,8.10112,8.10233,1.00,1.00
2018.02.20 13:58:59.586,8.10112,8.10225,1.00,1.00
2018.02.20 13:58:59.637,8.10112,8.10229,1.00,1.00
2018.02.20 13:59:00.291,8.10112,8.10239,1.00,1.00
2018.02.20 13:59:00.493,8.10112,8.1023,1.00,1.00
2018.02.20 13:59:01.123,8.10112,8.10237,1.00,1.00
2018.02.20 13:59:01.230,8.10112,8.10241,1.00,1.00
2018.02.20 13:59:01.332,8.10148,8.10244,1.00,1.00
2018.02.20 13:59:01.384,8.10148,8.10253,1.00,1.50
2018.02.20 13:59:01.639,8.10148,8.10251,1.00,1.00
2018.02.20 13:59:01.962,8.10148,8.10248,1.00,1.00
2018.02.20 13:59:02.238,8.10148,8.10253,1.00,1.00
2018.02.20 13:59:02.289,8.10148,8.10247,1.00,1.00
2018.02.20 13:59:02.618,8.10119,8.10231,1.00,1.00
2018.02.20 13:59:02.821,8.10118,8.10224,1.00,1.00
2018.02.20 13:59:03.125,8.10118,8.1022,1.00,1.00
2018.02.20 13:59:03.463,8.10118,8.10218,1.00,1.00
2018.02.20 13:59:03.778,8.10118,8.10213,1.00,1.00
2018.02.20 13:59:03.829,8.10118,8.10218,1.00,1.00
2018.02.20 13:59:03.933,8.10118,8.1021,1.00,1.00
2018.02.20 13:59:04.454,8.10118,8.10215,1.00,1.00
2018.02.20 13:59:04.506,8.10093,8.10208,1.00,1.00
2018.02.20 13:59:04.557,8.10093,8.10204,1.00,1.00
2018.02.20 13:59:04.862,8.10093,8.10194,1.00,1.00
2018.02.20 13:59:05.353,8.10093,8.10189,1.00,1.00
2018.02.20 13:59:05.675,8.10093,8.10146,1.00,1.00
2018.02.20 13:59:05.726,8.10063,8.10143,1.00,1.00
2018.02.20 13:59:05.778,8.10063,8.10157,1.00,1.00
2018.02.20 13:59:05.931,8.10063,8.10151,1.00,1.00
2018.02.20 13:59:06.033,8.10063,8.10156,1.00,1.00
2018.02.20 13:59:06.261,8.10034,8.10157,1.00,1.00
2018.02.20 13:59:06.363,8.10034,8.1016,1.00,1.00
2018.02.20 13:59:06.515,8.10034,8.10157,1.00,1.00
2018.02.20 13:59:06.820,8.10034,8.1015,1.00,1.00
2018.02.20 13:59:07.338,8.10034,8.10151,1.00,1.00
2018.02.20 13:59:07.592,8.10034,8.10157,1.00,1.00
2018.02.20 13:59:07.694,8.10034,8.10154,1.00,1.00
2018.02.20 13:59:07.796,8.10034,8.10158,1.00,1.00
2018.02.20 13:59:07.897,8.10034,8.10155,1.00,1.00
2018.02.20 13:59:08.056,8.10034,8.10159,1.00,1.00
2018.02.20 13:59:08.990,8.10034,8.10158,1.00,1.00
2018.02.20 13:59:09.041,8.10034,8.1016,1.00,1.00
2018.02.20 13:59:10.670,8.10085,8.10186,1.00,1.00
2018.02.20 13:59:11.324,8.10098,8.10186,1.00,1.00
2018.02.20 13:59:14.857,8.10098,8.10198,1.00,1.00
2018.02.20 13:59:15.434,8.10098,8.1021,1.00,1.00
2018.02.20 13:59:15.486,8.10098,8.10214,1.00,1.00
2018.02.20 13:59:15.540,8.10098,8.10208,1.00,1.00
2018.02.20 13:59:15.846,8.10098,8.10194,1.00,1.00
2018.02.20 13:59:16.690,8.10098,8.10196,1.00,1.50
2018.02.20 13:59:18.229,8.10098,8.10186,1.00,1.00
2018.02.20 13:59:18.508,8.10098,8.10189,1.00,1.00
2018.02.20 13:59:19.195,8.10098,8.10185,1.00,1.00
2018.02.20 13:59:19.400,8.1007,8.10167,1.00,1.00
2018.02.20 13:59:19.676,8.1007,8.10173,1.00,1.00
2018.02.20 13:59:19.779,8.1007,8.10162,1.00,1.00
2018.02.20 13:59:20.789,8.1007,8.10157,1.00,1.00
2018.02.20 13:59:21.146,8.1007,8.10165,1.00,1.00
2018.02.20 13:59:21.197,8.1007,8.10173,1.00,1.00
2018.02.20 13:59:24.046,8.1007,8.10169,1.00,1.00
2018.02.20 13:59:24.173,8.1007,8.10176,1.00,1.00
2018.02.20 13:59:24.426,8.1007,8.10198,1.00,1.00
2018.02.20 13:59:24.478,8.1007,8.102,1.00,1.00
2018.02.20 13:59:24.731,8.1007,8.10206,1.00,1.00
2018.02.20 13:59:25.415,8.1007,8.10202,1.00,1.00
2018.02.20 13:59:25.728,8.1007,8.10196,1.00,1.00
2018.02.20 13:59:26.032,8.1007,8.1018,1.00,1.00
2018.02.20 13:59:26.524,8.1007,8.10171,1.00,1.00
2018.02.20 13:59:27.073,8.1007,8.10167,1.00,1.00
2018.02.20 13:59:27.500,8.1007,8.10161,1.00,1.00
2018.02.20 13:59:28.288,8.1007,8.10158,1.00,1.00
2018.02.20 13:59:28.577,8.10041,8.10157,1.00,1.00
2018.02.20 13:59:29.694,8.10041,8.10148,1.00,1.00
2018.02.20 13:59:29.997,8.10041,8.10136,1.00,1.00
2018.02.20 13:59:31.214,8.10041,8.10142,1.00,1.00
2018.02.20 13:59:31.265,8.10041,8.10145,1.00,1.00
2018.02.20 13:59:31.575,8.10041,8.10149,1.00,1.00
2018.02.20 13:59:32.334,8.10041,8.1014,1.00,1.00
2018.02.20 13:59:32.681,8.10041,8.10131,1.00,1.00
2018.02.20 13:59:33.537,8.10041,8.1013,1.00,1.00
2018.02.20 13:59:34.132,8.10041,8.10127,1.00,1.00
2018.02.20 13:59:34.708,8.10041,8.10122,1.00,1.00
2018.02.20 13:59:34.938,8.10014,8.10122,1.00,1.00
2018.02.20 13:59:36.685,8.10014,8.10116,1.00,1.00
2018.02.20 13:59:36.993,8.10014,8.10063,1.00,1.00
2018.02.20 13:59:37.044,8.09996,8.10085,1.00,1.00
2018.02.20 13:59:37.146,8.09996,8.10082,1.00,1.00
2018.02.20 13:59:37.325,8.09996,8.1009,1.00,1.00
2018.02.20 13:59:37.376,8.09982,8.10082,1.00,1.00
2018.02.20 13:59:37.478,8.09982,8.10076,1.00,1.00
2018.02.20 13:59:37.631,8.09982,8.10081,1.00,1.00
2018.02.20 13:59:37.683,8.09982,8.1009,1.00,1.00
2018.02.20 13:59:37.735,8.09982,8.10096,1.00,1.00
2018.02.20 13:59:38.234,8.09982,8.10087,1.00,1.00
2018.02.20 13:59:39.538,8.09951,8.10087,1.00,1.00
2018.02.20 13:59:39.589,8.09951,8.10078,1.00,1.00
2018.02.20 13:59:39.894,8.09951,8.10047,1.00,1.00
2018.02.20 13:59:39.996,8.09925,8.10047,1.00,1.00
2018.02.20 13:59:40.162,8.09925,8.1005,1.00,1.00
2018.02.20 13:59:40.215,8.09925,8.10057,1.00,1.00
2018.02.20 13:59:40.268,8.09925,8.10055,1.00,1.00
2018.02.20 13:59:40.575,8.09925,8.10034,1.00,1.00
2018.02.20 13:59:41.090,8.09925,8.10025,1.00,1.00
2018.02.20 13:59:41.922,8.09925,8.10011,1.00,1.00
2018.02.20 13:59:42.252,8.09925,8.10006,1.00,1.00
2018.02.20 13:59:42.304,8.09897,8.10006,1.00,1.00
2018.02.20 13:59:42.476,8.09897,8.10003,1.00,1.00
2018.02.20 13:59:42.640,8.09897,8.10011,1.00,1.00
2018.02.20 13:59:43.700,8.09897,8.10016,1.00,1.00
2018.02.20 13:59:43.751,8.09897,8.1002,1.00,1.00
2018.02.20 13:59:43.954,8.09897,8.10027,1.00,1.00
2018.02.20 13:59:44.161,8.09897,8.10031,1.00,1.00
2018.02.20 13:59:47.445,8.09917,8.10011,1.00,1.00
2018.02.20 13:59:47.495,8.09884,8.10002,1.00,1.00
2018.02.20 13:59:47.546,8.09884,8.10012,1.00,1.00
2018.02.20 13:59:47.648,8.09884,8.10019,1.00,1.00
2018.02.20 13:59:47.750,8.09884,8.10027,1.00,1.50
2018.02.20 13:59:47.801,8.09904,8.10023,1.00,1.00
2018.02.20 13:59:47.852,8.09904,8.10031,1.00,1.00
2018.02.20 13:59:48.569,8.09904,8.1003,1.00,1.00
2018.02.20 13:59:49.134,8.09904,8.10029,1.00,1.00
2018.02.20 13:59:49.792,8.09904,8.10034,1.00,1.00
2018.02.20 13:59:50.497,8.09904,8.10043,1.00,1.00
2018.02.20 13:59:52.137,8.09904,8.10047,1.00,1.00
2018.02.20 13:59:53.418,8.09904,8.1004,1.00,1.00
2018.02.20 13:59:54.129,8.09904,8.10038,1.00,1.00
2018.02.20 13:59:54.689,8.09904,8.10039,1.00,1.00
2018.02.20 13:59:56.121,8.09904,8.10042,1.00,1.00
2018.02.20 13:59:56.222,8.09904,8.10047,1.50,1.00
2018.02.20 13:59:56.272,8.09904,8.1004,1.00,1.00
2018.02.20 13:59:56.606,8.09904,8.10013,1.00,1.00
2018.02.20 13:59:56.897,8.09904,8.10022,1.00,1.00
2018.02.20 13:59:58.337,8.09904,8.10025,1.00,1.00
2018.02.20 13:59:58.664,8.09904,8.10036,1.00,1.00
2018.02.20 13:59:58.766,8.09904,8.10039,1.00,1.00
2018.02.20 13:59:59.527,8.09906,8.10049,1.00,1.00
2018.02.20 13:59:59.807,8.09904,8.10045,1.00,1.00
