2009.03.20 08:00:00.331,7.9884,7.99545,1.60,1.40
2009.03.20 08:00:02.601,7.98845,7.9955,1.60,1.40
2009.03.20 08:00:03.680,7.98855,7.9956,1.60,1.40
2009.03.20 08:00:05.140,7.9885,7.99555,1.60,1.40
2009.03.20 08:00:05.900,7.9888,7.99585,1.60,1.40
2009.03.20 08:00:06.920,7.98855,7.9956,1.60,1.40
2009.03.20 08:00:07.439,7.98875,7.9958,1.60,1.40
2009.03.20 08:00:08.399,7.98905,7.9961,1.60,1.40
2009.03.20 08:00:08.789,7.98895,7.99595,1.60,1.40
2009.03.20 08:00:09.129,7.9884,7.99545,1.60,1.40
2009.03.20 08:00:09.749,7.98875,7.9958,1.60,1.40
2009.03.20 08:00:10.029,7.98645,7.9943,1.60,1.40
2009.03.20 08:00:10.549,7.9865,7.9943,1.40,1.40
2009.03.20 08:00:11.069,7.9865,7.9943,2.20,1.40
2009.03.20 08:00:12.268,7.9872,7.99425,1.60,1.40
2009.03.20 08:00:16.907,7.9875,7.99455,1.60,1.40
2009.03.20 08:00:17.597,7.9872,7.99425,1.60,1.40
2009.03.20 08:00:25.595,7.9875,7.99425,1.40,1.40
2009.03.20 08:00:25.875,7.98775,7.9948,1.60,1.40
2009.03.20 08:00:26.685,7.9891,7.9954,1.60,8.00
2009.03.20 08:00:26.975,7.98705,7.9947,1.60,1.40
2009.03.20 08:00:28.884,7.9891,7.99695,1.60,1.40
2009.03.20 08:00:30.814,7.9903,7.99765,1.60,1.60
2009.03.20 08:00:33.433,7.9907,7.99745,1.60,1.60
2009.03.20 08:00:37.572,7.9909,7.99745,1.60,1.60
2009.03.20 08:00:38.142,7.9909,7.99795,1.60,1.40
2009.03.20 08:00:39.122,7.9906,7.99765,1.60,1.40
2009.03.20 08:00:40.722,7.98845,7.9963,1.60,1.40
2009.03.20 08:00:43.261,7.9891,7.99615,1.60,1.40
2009.03.20 08:00:45.001,7.9894,7.9964,1.60,1.40
2009.03.20 08:00:47.310,7.98975,7.99675,1.60,1.40
2009.03.20 08:00:47.820,7.989,7.99605,1.60,1.40
2009.03.20 08:00:51.929,7.9876,7.995,1.60,1.40
2009.03.20 08:00:52.879,7.98765,7.995,2.20,1.40
2009.03.20 08:00:53.118,7.98835,7.9954,1.60,1.40
2009.03.20 08:00:54.078,7.988,7.99505,1.60,1.40
2009.03.20 08:00:54.429,7.98805,7.9951,1.60,1.40
2009.03.20 08:01:08.165,7.98795,7.9949,1.40,1.40
2009.03.20 08:01:08.325,7.98855,7.9956,1.60,1.40
2009.03.20 08:01:12.524,7.9882,7.99525,1.60,1.40
2009.03.20 08:01:13.184,7.98795,7.99495,1.60,1.40
2009.03.20 08:01:14.903,7.98785,7.9949,1.60,1.40
2009.03.20 08:01:15.313,7.98795,7.99495,1.60,1.40
2009.03.20 08:01:17.193,7.98785,7.9949,1.60,1.40
2009.03.20 08:01:18.592,7.98795,7.99495,1.60,1.40
2009.03.20 08:01:19.122,7.98865,7.9954,1.60,1.00
2009.03.20 08:01:19.352,7.98865,7.9959,1.60,1.40
2009.03.20 08:01:24.211,7.9886,7.99565,1.60,1.40
2009.03.20 08:01:26.431,7.98885,7.9959,1.60,1.40
2009.03.20 08:01:31.979,7.98915,7.99615,1.60,1.40
2009.03.20 08:01:32.959,7.9894,7.99645,1.60,1.40
2009.03.20 08:01:34.010,7.98915,7.99615,1.60,1.40
2009.03.20 08:01:34.528,7.98885,7.9959,1.60,1.40
2009.03.20 08:01:38.317,7.98935,7.9964,1.60,1.40
2009.03.20 08:01:39.157,7.9894,7.99645,1.60,1.40
2009.03.20 08:01:41.477,7.98955,7.99655,1.60,1.40
2009.03.20 08:01:41.827,7.98925,7.9963,1.60,1.40
2009.03.20 08:01:44.956,7.98945,7.9965,1.60,1.40
2009.03.20 08:01:48.535,7.99,7.99705,1.60,1.40
2009.03.20 08:01:49.155,7.9906,7.99735,1.60,1.00
2009.03.20 08:01:49.275,7.9906,7.99765,1.60,1.40
2009.03.20 08:01:50.255,7.99065,7.9977,1.60,1.40
2009.03.20 08:01:51.174,7.9909,7.9979,1.60,1.40
2009.03.20 08:01:53.584,7.9908,7.99785,1.60,1.40
2009.03.20 08:01:54.914,7.9911,7.99815,1.60,1.40
2009.03.20 08:01:55.923,7.9914,7.99845,1.60,1.40
2009.03.20 08:01:56.833,7.9925,7.99995,1.60,1.40
2009.03.20 08:01:57.173,7.9919,7.99935,1.60,1.40
2009.03.20 08:01:59.093,7.99185,7.99885,1.60,1.40
2009.03.20 08:02:00.042,7.99155,7.9986,1.60,1.40
2009.03.20 08:02:02.142,7.99185,7.99885,1.60,1.40
2009.03.20 08:02:07.480,7.99155,7.9986,1.60,1.40
2009.03.20 08:02:10.910,7.99185,7.99885,1.60,1.40
2009.03.20 08:02:11.989,7.9921,7.99915,1.60,1.40
2009.03.20 08:02:12.339,7.9922,7.9992,1.60,1.40
2009.03.20 08:02:13.399,7.99275,7.9998,1.60,1.40
2009.03.20 08:02:13.899,7.9924,7.99945,1.60,1.40
2009.03.20 08:02:18.348,7.9932,8.00065,1.60,1.40
2009.03.20 08:02:19.897,7.99365,8.0007,1.60,1.40
2009.03.20 08:02:20.937,7.99385,8.0009,1.60,1.40
2009.03.20 08:02:23.316,7.9939,8.00095,1.60,1.40
2009.03.20 08:02:24.446,7.99375,8.0008,1.60,1.40
2009.03.20 08:02:26.286,7.9935,8.0005,1.60,1.40
2009.03.20 08:02:26.976,7.99365,8.0007,1.60,1.40
2009.03.20 08:02:27.506,7.9935,8.0005,1.60,1.40
2009.03.20 08:02:28.615,7.99375,8.0008,1.60,1.40
2009.03.20 08:02:34.424,7.9937,8.00075,1.60,1.40
2009.03.20 08:02:38.103,7.99395,8.001,1.60,1.40
2009.03.20 08:02:38.563,7.995,8.00245,1.60,1.40
2009.03.20 08:02:39.633,7.9957,8.0025,1.60,1.60
2009.03.20 08:02:39.913,7.9957,8.00275,1.60,1.40
2009.03.20 08:02:40.612,7.9959,8.00295,1.60,1.40
2009.03.20 08:02:41.522,7.9957,8.00275,1.60,1.40
2009.03.20 08:02:41.912,7.996,8.003,1.60,1.40
2009.03.20 08:02:44.342,7.99605,8.00305,1.60,1.60
2009.03.20 08:02:50.690,7.9959,8.003,1.60,1.40
2009.03.20 08:02:51.320,7.99595,8.00305,1.60,3.00
2009.03.20 08:02:51.550,7.99595,8.00305,1.60,1.40
2009.03.20 08:02:54.319,7.99565,8.00275,1.60,1.40
2009.03.20 08:02:55.639,7.9954,8.00245,1.60,1.40
2009.03.20 08:02:57.968,7.99525,8.00235,1.60,1.40
2009.03.20 08:03:01.267,7.9952,8.00225,1.60,1.40
2009.03.20 08:03:06.956,7.99755,8.0046,1.60,1.40
2009.03.20 08:03:07.016,7.9988,8.0057,1.60,1.60
2009.03.20 08:03:07.756,7.9988,8.0064,1.60,1.40
2009.03.20 08:03:08.056,8.00045,8.0079,1.60,3.00
2009.03.20 08:03:09.336,8.0006,8.00765,1.60,1.40
2009.03.20 08:03:09.806,8.00145,8.0077,1.60,1.60
2009.03.20 08:03:10.275,8.00145,8.0089,1.60,2.20
2009.03.20 08:03:10.725,8.00195,8.00915,1.60,3.00
2009.03.20 08:03:11.735,8.00185,8.00885,1.60,1.40
2009.03.20 08:03:12.505,8.002,8.00905,1.60,1.40
2009.03.20 08:03:13.065,8.00265,8.0097,1.60,1.40
2009.03.20 08:03:14.104,8.0032,8.0102,1.60,1.40
2009.03.20 08:03:15.294,8.0032,8.01015,1.60,1.00
2009.03.20 08:03:15.764,7.9998,8.00715,8.00,1.40
2009.03.20 08:03:16.214,7.99985,8.00715,8.00,1.40
2009.03.20 08:03:16.714,7.99965,8.00645,8.00,1.40
2009.03.20 08:03:17.114,8.0001,8.00605,8.00,1.40
2009.03.20 08:03:17.473,8.0001,8.00645,8.00,1.40
2009.03.20 08:03:20.303,7.99825,8.00275,1.40,1.40
2009.03.20 08:03:20.643,7.99825,8.0042,1.00,1.40
2009.03.20 08:03:20.973,7.9985,8.0038,1.40,1.40
2009.03.20 08:03:22.292,7.9985,8.00375,1.40,1.40
2009.03.20 08:03:23.492,7.99885,8.0038,1.00,1.40
2009.03.20 08:03:24.942,7.99915,8.0038,1.40,1.40
2009.03.20 08:03:25.532,7.99915,8.0038,2.20,1.40
2009.03.20 08:03:25.702,7.99925,8.0038,2.20,1.40
2009.03.20 08:03:26.122,7.99925,8.0043,1.00,1.40
2009.03.20 08:03:26.861,8.0003,8.0044,1.40,1.40
2009.03.20 08:03:27.141,8.00025,8.005,2.20,1.40
2009.03.20 08:03:27.421,8.00025,8.00545,2.20,1.40
2009.03.20 08:03:27.981,8.00045,8.00555,2.20,1.40
2009.03.20 08:03:28.811,8.0009,8.00555,1.40,1.40
2009.03.20 08:03:29.041,8.00105,8.00615,1.40,1.40
2009.03.20 08:03:29.451,8.00105,8.00615,2.20,1.40
2009.03.20 08:03:30.401,8.0015,8.0064,2.20,1.40
2009.03.20 08:03:31.030,8.00205,8.0065,1.40,1.40
2009.03.20 08:03:31.380,8.00205,8.0065,2.20,1.40
2009.03.20 08:03:35.519,8.00165,8.00645,2.20,1.40
2009.03.20 08:03:35.799,8.00105,8.00645,2.20,1.40
2009.03.20 08:03:36.949,8.00105,8.0059,2.20,1.40
2009.03.20 08:03:40.628,8.00105,8.0058,2.20,1.40
2009.03.20 08:03:42.497,8.00105,8.0056,2.20,1.40
2009.03.20 08:03:44.107,8.00045,8.0056,2.20,1.40
2009.03.20 08:03:44.337,8.00125,8.0056,1.40,1.40
2009.03.20 08:03:44.847,8.00085,8.0056,2.20,1.40
2009.03.20 08:03:45.137,8.00085,8.0061,2.20,1.40
2009.03.20 08:03:45.377,8.0015,8.0061,1.00,1.40
2009.03.20 08:03:45.777,8.0015,8.00645,1.00,1.40
2009.03.20 08:03:46.127,8.00105,8.00645,2.20,1.40
2009.03.20 08:03:46.367,8.00105,8.0059,2.20,1.40
2009.03.20 08:03:46.827,8.00145,8.0059,1.40,1.40
2009.03.20 08:03:47.226,8.00145,8.0059,2.20,1.40
2009.03.20 08:03:50.406,8.0016,8.00695,2.20,1.40
2009.03.20 08:03:50.746,8.0015,8.00695,1.00,1.40
2009.03.20 08:03:51.205,8.00105,8.00645,1.00,1.40
2009.03.20 08:03:51.655,8.00105,8.0065,1.00,1.40
2009.03.20 08:03:52.095,8.0,8.00645,2.20,1.40
2009.03.20 08:03:52.385,8.0003,8.00645,1.40,1.40
2009.03.20 08:03:52.775,8.0003,8.0067,2.20,1.40
2009.03.20 08:03:53.115,8.00125,8.0067,1.40,1.40
2009.03.20 08:03:53.515,8.00125,8.0067,2.20,1.40
2009.03.20 08:03:53.755,8.00125,8.0082,2.20,1.40
2009.03.20 08:03:54.794,8.00125,8.0079,2.20,1.40
2009.03.20 08:03:55.325,8.0015,8.0079,1.40,1.40
2009.03.20 08:03:55.544,8.0015,8.0077,2.20,1.40
2009.03.20 08:03:56.624,8.00165,8.0078,1.40,1.40
2009.03.20 08:03:57.014,8.00165,8.0078,2.20,1.40
2009.03.20 08:03:57.694,8.00145,8.0078,2.20,1.40
2009.03.20 08:04:00.613,8.00145,8.00775,2.20,1.40
2009.03.20 08:04:01.403,8.0026,8.0102,1.60,3.20
2009.03.20 08:04:01.573,8.0026,8.01025,1.60,1.40
2009.03.20 08:04:02.343,8.0036,8.01125,1.60,1.40
2009.03.20 08:04:03.493,8.0042,8.0109,1.60,1.00
2009.03.20 08:04:03.662,8.0042,8.01125,1.60,1.40
2009.03.20 08:04:04.012,8.00385,8.0109,1.60,1.40
2009.03.20 08:04:05.154,8.00135,8.00915,3.20,1.40
2009.03.20 08:04:05.722,8.00145,8.00915,2.20,1.40
2009.03.20 08:04:06.232,8.0021,8.0091,1.60,1.40
2009.03.20 08:04:06.502,8.0034,8.0106,1.60,8.00
2009.03.20 08:04:06.842,8.0034,8.01105,1.60,1.40
2009.03.20 08:04:07.182,8.0014,8.00925,1.60,1.40
2009.03.20 08:04:08.461,8.00315,8.011,1.60,1.40
2009.03.20 08:04:09.421,8.00375,8.0116,1.60,1.40
2009.03.20 08:04:09.991,8.00445,8.0115,1.60,1.40
2009.03.20 08:04:10.751,8.0022,8.01005,1.60,1.40
2009.03.20 08:04:14.130,8.00255,8.00945,2.20,1.40
2009.03.20 08:04:14.540,8.0029,8.00995,1.60,1.40
2009.03.20 08:04:14.830,8.0031,8.01015,1.60,1.40
2009.03.20 08:04:16.409,8.00335,8.01035,1.60,1.40
2009.03.20 08:04:17.759,8.0031,8.01015,1.60,1.40
2009.03.20 08:04:18.219,8.00335,8.01035,1.60,1.40
2009.03.20 08:04:19.449,8.00475,8.011,1.60,8.00
2009.03.20 08:04:19.689,8.00475,8.01235,1.60,1.40
2009.03.20 08:04:19.988,8.0049,8.01255,1.60,1.40
2009.03.20 08:04:20.498,8.0049,8.01255,1.60,3.00
2009.03.20 08:04:20.838,8.005,8.01205,1.60,1.40
2009.03.20 08:04:21.638,8.00385,8.0113,1.60,1.40
2009.03.20 08:04:22.098,8.00355,8.011,1.60,1.40
2009.03.20 08:04:23.178,8.0038,8.01085,1.60,1.40
2009.03.20 08:04:23.758,8.0037,8.01075,1.60,1.40
2009.03.20 08:04:23.877,8.00475,8.0122,1.60,1.40
2009.03.20 08:04:25.447,8.00485,8.0119,1.60,1.40
2009.03.20 08:04:26.207,8.00515,8.01215,1.60,1.40
2009.03.20 08:04:27.207,8.0048,8.01185,1.60,1.40
2009.03.20 08:04:27.387,8.00445,8.0115,1.60,1.40
2009.03.20 08:04:27.967,8.0042,8.01125,1.60,1.40
2009.03.20 08:04:28.936,8.0045,8.01155,1.60,1.40
2009.03.20 08:04:29.746,8.0042,8.01125,1.60,1.40
2009.03.20 08:04:30.026,8.00365,8.0106,2.20,1.40
2009.03.20 08:04:30.286,8.0039,8.0106,1.40,1.40
2009.03.20 08:04:30.736,8.0039,8.0106,2.20,1.40
2009.03.20 08:04:31.776,8.0039,8.0105,2.20,1.40
2009.03.20 08:04:32.056,8.0039,8.01055,2.20,1.40
2009.03.20 08:04:32.995,8.0039,8.0103,2.20,1.40
2009.03.20 08:04:33.495,8.0041,8.0103,1.40,1.40
2009.03.20 08:04:33.675,8.0041,8.0106,1.40,1.40
2009.03.20 08:04:34.077,8.0041,8.0106,2.20,1.40
2009.03.20 08:04:35.265,8.0041,8.0103,1.00,1.40
2009.03.20 08:04:35.565,8.00375,8.0103,1.40,1.40
2009.03.20 08:04:36.056,8.00355,8.01025,2.20,1.40
2009.03.20 08:04:37.394,8.00355,8.01005,2.20,1.40
2009.03.20 08:04:38.404,8.00355,8.00995,2.20,1.40
2009.03.20 08:04:38.874,8.00295,8.00995,3.20,1.40
2009.03.20 08:04:39.434,8.0027,8.0093,2.20,1.40
2009.03.20 08:04:39.774,8.00285,8.0093,2.20,1.40
2009.03.20 08:04:40.114,8.00335,8.0106,1.60,1.40
2009.03.20 08:04:40.554,8.00285,8.0095,1.00,1.40
2009.03.20 08:04:40.963,8.0026,8.0095,2.20,1.40
2009.03.20 08:04:41.193,8.0026,8.0092,2.20,1.40
2009.03.20 08:04:41.423,8.00285,8.00955,1.40,1.40
2009.03.20 08:04:41.893,8.00285,8.00935,2.20,1.40
2009.03.20 08:04:42.803,8.003,8.00965,1.40,1.40
2009.03.20 08:04:42.973,8.003,8.00965,2.20,1.40
2009.03.20 08:04:43.153,8.00265,8.00965,2.20,1.40
2009.03.20 08:04:43.543,8.003,8.0096,1.40,1.40
2009.03.20 08:04:43.942,8.003,8.0096,2.20,1.40
2009.03.20 08:04:44.163,8.0034,8.00985,1.40,1.40
2009.03.20 08:04:44.513,8.0034,8.00985,2.20,1.40
2009.03.20 08:04:46.112,8.0034,8.00995,2.20,1.40
2009.03.20 08:04:47.142,8.00365,8.00995,1.40,1.40
2009.03.20 08:04:47.382,8.00365,8.0102,2.20,1.40
2009.03.20 08:04:47.442,8.00365,8.0102,1.00,1.40
2009.03.20 08:04:47.712,8.00345,8.0102,1.00,1.40
2009.03.20 08:04:48.122,8.0032,8.0096,2.20,1.40
2009.03.20 08:04:49.032,8.0032,8.00965,2.20,1.40
2009.03.20 08:04:52.891,8.00305,8.00935,2.20,1.40
2009.03.20 08:04:53.181,8.00265,8.00935,2.20,1.40
2009.03.20 08:04:53.760,8.00265,8.009,2.20,1.40
2009.03.20 08:04:55.040,8.00265,8.00895,2.20,1.40
2009.03.20 08:04:56.290,8.00265,8.00875,2.20,1.40
2009.03.20 08:04:56.529,8.00225,8.00875,2.20,1.40
2009.03.20 08:04:57.639,8.0025,8.00875,1.40,1.40
2009.03.20 08:04:57.979,8.0025,8.009,2.20,1.40
2009.03.20 08:05:00.859,8.0028,8.0093,2.20,1.40
2009.03.20 08:05:01.668,8.0028,8.00935,2.20,1.40
2009.03.20 08:05:01.959,8.0031,8.00935,2.20,1.40
2009.03.20 08:05:02.298,8.0031,8.00935,1.40,1.40
2009.03.20 08:05:02.538,8.0031,8.00935,2.20,1.40
2009.03.20 08:05:02.768,8.0031,8.0093,2.20,1.40
2009.03.20 08:05:03.588,8.0031,8.00965,2.20,1.40
2009.03.20 08:05:04.008,8.00365,8.00965,1.40,1.40
2009.03.20 08:05:04.668,8.00365,8.00985,2.20,1.40
2009.03.20 08:05:04.888,8.00365,8.01025,2.20,1.40
2009.03.20 08:05:05.288,8.00365,8.01025,1.00,1.40
2009.03.20 08:05:05.687,8.00345,8.00995,2.20,1.40
2009.03.20 08:05:06.797,8.00345,8.0099,2.20,1.40
2009.03.20 08:05:07.187,8.00345,8.00995,2.20,1.40
2009.03.20 08:05:09.407,8.0037,8.0102,2.20,1.40
2009.03.20 08:05:10.276,8.00375,8.01025,8.00,1.40
2009.03.20 08:05:11.146,8.004,8.01055,2.20,1.40
2009.03.20 08:05:12.646,8.00425,8.0107,1.40,1.40
2009.03.20 08:05:12.856,8.00425,8.0107,2.20,1.40
2009.03.20 08:05:13.426,8.00425,8.01075,2.20,1.40
2009.03.20 08:05:13.916,8.0048,8.01075,1.40,1.40
2009.03.20 08:05:14.306,8.0048,8.01075,2.20,1.40
2009.03.20 08:05:14.547,8.0048,8.0113,2.20,1.40
2009.03.20 08:05:15.096,8.0048,8.0113,1.00,1.40
2009.03.20 08:05:15.435,8.0046,8.01105,2.20,1.40
2009.03.20 08:05:18.134,8.00485,8.01105,1.40,1.40
2009.03.20 08:05:18.524,8.00485,8.01135,2.20,1.40
2009.03.20 08:05:19.924,8.00485,8.0114,2.20,1.40
2009.03.20 08:05:20.614,8.00525,8.0114,1.40,1.40
2009.03.20 08:05:21.084,8.0062,8.0114,1.40,1.40
2009.03.20 08:05:21.364,8.0062,8.0131,2.20,1.40
2009.03.20 08:05:21.654,8.006,8.0131,2.20,1.40
2009.03.20 08:05:24.143,8.00655,8.01265,2.20,1.40
2009.03.20 08:05:24.483,8.00655,8.01365,2.20,1.40
2009.03.20 08:05:25.333,8.00635,8.0133,1.40,1.40
2009.03.20 08:05:25.802,8.00635,8.0131,1.00,1.40
2009.03.20 08:05:26.103,8.0061,8.0129,2.20,1.40
2009.03.20 08:05:27.672,8.0061,8.0128,2.20,1.40
2009.03.20 08:05:30.671,8.0061,8.0129,2.20,1.40
2009.03.20 08:05:30.892,8.0071,8.01435,1.60,1.00
2009.03.20 08:05:31.221,8.0071,8.01455,1.60,1.40
2009.03.20 08:05:31.341,8.00775,8.01455,8.00,1.40
2009.03.20 08:05:32.251,8.00845,8.0154,8.00,1.40
2009.03.20 08:05:32.581,8.0088,8.0154,8.00,1.40
2009.03.20 08:05:33.041,8.0088,8.01565,8.00,1.40
2009.03.20 08:05:33.631,8.00855,8.01545,8.00,1.40
2009.03.20 08:05:33.801,8.009,8.01605,1.60,1.40
2009.03.20 08:05:34.560,8.00895,8.016,1.60,1.40
2009.03.20 08:05:34.960,8.0084,8.01545,1.60,1.40
2009.03.20 08:05:37.220,8.0081,8.01515,1.60,1.40
2009.03.20 08:05:37.560,8.00795,8.015,1.60,1.40
2009.03.20 08:05:37.950,8.00835,8.015,1.40,1.40
2009.03.20 08:05:38.279,8.00835,8.0147,2.20,1.40
2009.03.20 08:05:38.509,8.00835,8.0147,1.00,1.40
2009.03.20 08:05:38.860,8.0085,8.0147,1.00,1.40
2009.03.20 08:05:39.189,8.00865,8.015,8.00,1.40
2009.03.20 08:05:39.479,8.00925,8.0167,1.60,1.40
2009.03.20 08:05:40.229,8.00895,8.0164,1.60,1.40
2009.03.20 08:05:40.579,8.00925,8.01625,1.60,1.40
2009.03.20 08:05:41.229,8.00915,8.01615,1.60,1.40
2009.03.20 08:05:41.848,8.00905,8.0161,1.60,1.40
2009.03.20 08:05:43.258,8.00935,8.0164,1.60,1.40
2009.03.20 08:05:44.778,8.0096,8.01665,1.60,1.40
2009.03.20 08:05:45.518,8.00995,8.01635,1.40,1.40
2009.03.20 08:05:46.038,8.01025,8.0175,1.60,1.40
2009.03.20 08:05:46.787,8.01035,8.0176,1.60,1.40
2009.03.20 08:05:47.567,8.01015,8.0168,1.00,1.40
2009.03.20 08:05:47.917,8.01015,8.01685,2.20,1.40
2009.03.20 08:05:47.967,8.01035,8.01685,1.40,1.40
2009.03.20 08:05:48.287,8.011,8.0182,1.60,1.40
2009.03.20 08:05:48.867,8.0112,8.01845,1.60,1.40
2009.03.20 08:05:49.517,8.01115,8.01815,1.60,1.60
2009.03.20 08:05:49.977,8.01115,8.0182,1.60,1.40
2009.03.20 08:05:50.777,8.0115,8.01855,1.60,3.00
2009.03.20 08:05:51.456,8.01125,8.0183,1.60,3.00
2009.03.20 08:05:51.986,8.01005,8.0175,3.20,1.40
2009.03.20 08:05:53.956,8.01025,8.01725,2.20,1.40
2009.03.20 08:05:54.586,8.0102,8.01725,1.60,1.40
2009.03.20 08:05:54.815,8.01085,8.0179,1.60,1.00
2009.03.20 08:05:55.206,8.01085,8.0181,1.60,1.40
2009.03.20 08:05:55.637,8.0112,8.01845,1.60,1.40
2009.03.20 08:05:56.075,8.01195,8.0186,1.60,1.60
2009.03.20 08:05:56.875,8.0114,8.01845,1.60,2.00
2009.03.20 08:05:57.285,8.01075,8.0178,1.60,1.40
2009.03.20 08:05:58.245,8.01105,8.0179,1.60,1.00
2009.03.20 08:05:58.355,8.01105,8.0181,1.60,1.40
2009.03.20 08:06:00.684,8.01135,8.0184,1.60,1.40
2009.03.20 08:06:01.234,8.0114,8.01845,1.60,1.40
2009.03.20 08:06:01.524,8.0114,8.0184,1.60,1.60
2009.03.20 08:06:02.024,8.01135,8.0184,1.60,1.40
2009.03.20 08:06:02.534,8.0107,8.01775,1.60,1.40
2009.03.20 08:06:02.814,8.01065,8.01765,1.60,1.40
2009.03.20 08:06:03.324,8.01085,8.0179,1.60,1.40
2009.03.20 08:06:03.783,8.0107,8.01775,1.60,1.40
2009.03.20 08:06:04.173,8.01075,8.0178,1.60,1.40
2009.03.20 08:06:04.883,8.011,8.01805,1.60,1.40
2009.03.20 08:06:05.863,8.01095,8.018,1.60,1.40
2009.03.20 08:06:06.383,8.011,8.01805,1.60,1.40
2009.03.20 08:06:07.173,8.0116,8.01865,1.60,1.40
2009.03.20 08:06:08.032,8.0116,8.0186,1.60,1.40
2009.03.20 08:06:09.002,8.01135,8.0184,1.60,1.40
2009.03.20 08:06:09.452,8.0114,8.01845,1.60,1.40
2009.03.20 08:06:09.682,8.01135,8.0184,1.60,1.40
2009.03.20 08:06:13.691,8.0113,8.01835,1.60,1.40
2009.03.20 08:06:18.280,8.01125,8.01825,1.60,1.40
2009.03.20 08:06:18.910,8.011,8.01805,1.60,1.40
2009.03.20 08:06:21.719,8.0104,8.01745,1.60,1.40
2009.03.20 08:06:25.518,8.0105,8.0175,1.60,1.40
2009.03.20 08:06:26.578,8.0104,8.01745,1.60,1.40
2009.03.20 08:06:30.077,8.01015,8.0172,1.60,1.40
2009.03.20 08:06:33.926,8.01035,8.0174,1.60,1.40
2009.03.20 08:06:36.655,8.01025,8.01725,1.60,1.40
2009.03.20 08:06:39.295,8.01,8.01705,1.60,1.40
2009.03.20 08:06:42.184,8.0097,8.01675,1.60,1.40
2009.03.20 08:06:42.974,8.00975,8.0168,1.60,1.40
2009.03.20 08:06:45.003,8.0097,8.01675,1.60,1.40
2009.03.20 08:06:46.143,8.00975,8.0168,1.60,1.40
2009.03.20 08:06:46.733,8.00945,8.0165,1.60,1.40
2009.03.20 08:06:47.073,8.0091,8.01615,1.60,1.40
2009.03.20 08:06:47.703,8.00955,8.01635,1.40,1.40
2009.03.20 08:06:48.043,8.0102,8.0174,1.60,1.40
2009.03.20 08:06:51.192,8.0107,8.0177,1.60,1.60
2009.03.20 08:06:54.033,8.0107,8.0173,1.60,1.60
2009.03.20 08:06:54.502,8.0104,8.0173,1.60,1.60
2009.03.20 08:06:56.361,8.01015,8.0171,1.60,1.60
2009.03.20 08:07:01.839,8.0109,8.01805,1.60,1.60
2009.03.20 08:07:06.108,8.01065,8.0164,1.60,1.60
2009.03.20 08:07:06.588,8.01065,8.01645,1.60,1.60
2009.03.20 08:07:07.108,8.01045,8.0164,1.60,1.60
2009.03.20 08:07:07.228,8.01045,8.0163,1.60,1.60
2009.03.20 08:07:07.758,8.01045,8.01625,1.60,1.60
2009.03.20 08:07:10.787,8.0101,8.0162,1.60,1.60
2009.03.20 08:07:11.247,8.0094,8.01415,8.00,1.60
2009.03.20 08:07:11.537,8.00785,8.0143,3.00,1.60
2009.03.20 08:07:11.927,8.00795,8.01415,1.60,1.60
2009.03.20 08:07:12.737,8.0065,8.0137,1.60,1.40
2009.03.20 08:07:13.077,8.0065,8.0121,1.60,1.60
2009.03.20 08:07:13.347,8.00455,8.01235,1.60,1.40
2009.03.20 08:07:13.816,8.00455,8.0109,1.60,1.60
2009.03.20 08:07:14.097,8.00395,8.01005,1.60,1.60
2009.03.20 08:07:14.616,8.0039,8.0108,4.80,1.40
2009.03.20 08:07:14.956,8.0039,8.01015,4.80,1.40
2009.03.20 08:07:15.306,8.0038,8.00985,1.60,1.60
2009.03.20 08:07:15.646,8.00325,8.0099,1.60,1.60
2009.03.20 08:07:16.296,8.00325,8.00975,1.60,1.60
2009.03.20 08:07:16.836,8.0032,8.0097,1.60,1.60
2009.03.20 08:07:17.115,8.0037,8.00975,1.60,1.60
2009.03.20 08:07:18.036,8.0044,8.01025,1.60,1.40
2009.03.20 08:07:18.325,8.0034,8.01025,2.20,1.40
2009.03.20 08:07:18.915,8.00445,8.01025,1.60,1.40
2009.03.20 08:07:19.425,8.0039,8.0104,1.60,1.60
2009.03.20 08:07:19.655,8.0039,8.01035,1.60,1.60
2009.03.20 08:07:20.125,8.0048,8.01035,1.60,1.60
2009.03.20 08:07:20.595,8.0048,8.01065,1.60,1.60
2009.03.20 08:07:20.895,8.00505,8.01125,1.60,1.60
2009.03.20 08:07:21.175,8.00505,8.0113,1.60,1.60
2009.03.20 08:07:21.814,8.0051,8.01125,1.60,1.60
2009.03.20 08:07:22.734,8.0051,8.0113,1.60,1.60
2009.03.20 08:07:23.314,8.0051,8.01125,1.60,1.60
2009.03.20 08:07:23.764,8.00505,8.01125,1.60,1.60
2009.03.20 08:07:24.344,8.0056,8.01135,1.60,1.60
2009.03.20 08:07:24.744,8.00555,8.01125,1.60,1.60
2009.03.20 08:07:25.424,8.00555,8.01155,1.60,1.60
2009.03.20 08:07:25.833,8.00555,8.01165,1.60,1.60
2009.03.20 08:07:26.124,8.00555,8.0117,1.60,1.60
2009.03.20 08:07:26.404,8.00555,8.01185,1.60,1.60
2009.03.20 08:07:26.633,8.00555,8.0115,1.60,1.60
2009.03.20 08:07:28.693,8.00555,8.01145,1.60,1.60
2009.03.20 08:07:29.973,8.00525,8.01145,1.60,1.60
2009.03.20 08:07:30.142,8.00525,8.0118,1.60,1.60
2009.03.20 08:07:30.532,8.00525,8.01125,1.60,1.60
2009.03.20 08:07:30.993,8.0046,8.01105,1.60,1.60
2009.03.20 08:07:31.272,8.0046,8.011,1.60,1.60
2009.03.20 08:07:31.872,8.00465,8.01105,1.60,1.60
2009.03.20 08:07:32.092,8.00465,8.0116,1.60,1.60
2009.03.20 08:07:32.272,8.0049,8.01125,1.60,1.60
2009.03.20 08:07:32.673,8.0049,8.011,1.60,1.60
2009.03.20 08:07:33.012,8.0046,8.011,1.60,1.60
2009.03.20 08:07:33.751,8.00455,8.01095,1.60,1.60
2009.03.20 08:07:33.981,8.0043,8.01095,1.60,1.60
2009.03.20 08:07:34.311,8.0043,8.011,1.60,1.60
2009.03.20 08:07:34.522,8.0039,8.00985,1.40,1.40
2009.03.20 08:07:34.742,8.00395,8.00985,2.20,1.40
2009.03.20 08:07:34.921,8.00395,8.0097,2.20,1.40
2009.03.20 08:07:35.141,8.0036,8.0097,2.20,1.40
2009.03.20 08:07:35.361,8.0036,8.01,2.20,1.40
2009.03.20 08:07:35.591,8.0043,8.0098,1.40,1.40
2009.03.20 08:07:36.151,8.0046,8.007,2.20,1.00
2009.03.20 08:07:36.541,8.00485,8.007,1.40,1.00
2009.03.20 08:07:36.831,8.0051,8.007,2.20,1.00
2009.03.20 08:07:38.071,8.0051,8.0066,1.00,1.00
2009.03.20 08:07:38.471,8.00375,8.0066,1.60,1.00
2009.03.20 08:07:38.811,8.0035,8.0066,2.20,1.00
2009.03.20 08:07:40.670,8.00385,8.0066,1.40,1.00
2009.03.20 08:07:41.370,8.00385,8.0066,2.20,1.00
2009.03.20 08:07:41.720,8.00415,8.0066,1.00,1.00
2009.03.20 08:07:42.179,8.0042,8.0066,1.60,1.00
2009.03.20 08:07:42.720,8.00485,8.0066,1.40,1.00
2009.03.20 08:07:43.020,8.00485,8.0066,1.00,1.00
2009.03.20 08:07:43.409,8.00515,8.0066,1.40,1.00
2009.03.20 08:07:44.089,8.00525,8.0066,2.20,1.00
2009.03.20 08:07:46.209,8.0054,8.0066,1.40,1.00
2009.03.20 08:07:46.659,8.0054,8.0066,2.20,1.00
2009.03.20 08:07:47.928,8.00545,8.0066,1.40,1.00
2009.03.20 08:07:48.228,8.0054,8.0066,2.20,1.00
2009.03.20 08:07:51.177,8.0054,8.0066,1.00,1.00
2009.03.20 08:07:51.457,8.0052,8.0066,2.20,1.00
2009.03.20 08:08:05.344,8.0054,8.0066,1.40,1.00
2009.03.20 08:08:05.744,8.0054,8.0066,1.00,1.00
2009.03.20 08:08:05.964,8.0052,8.0066,2.20,1.00
2009.03.20 08:08:06.893,8.0054,8.0066,1.40,1.00
2009.03.20 08:08:07.183,8.0054,8.0066,2.20,1.00
2009.03.20 08:08:10.523,8.0052,8.0066,2.20,1.00
2009.03.20 08:08:12.162,8.0052,8.0066,1.00,1.00
2009.03.20 08:08:12.632,8.00535,8.0066,2.20,1.00
2009.03.20 08:08:13.102,8.0049,8.0066,1.00,1.00
2009.03.20 08:08:13.442,8.00475,8.0066,1.40,1.00
2009.03.20 08:08:13.832,8.00485,8.0066,2.20,1.00
2009.03.20 08:08:14.901,8.0051,8.0066,1.40,1.00
2009.03.20 08:08:15.242,8.0051,8.0066,2.20,1.00
2009.03.20 08:08:34.417,8.0054,8.0066,1.40,1.00
2009.03.20 08:08:37.216,8.00535,8.0066,2.20,1.00
2009.03.20 08:08:37.846,8.00595,8.0066,1.40,1.00
2009.03.20 08:08:38.026,8.00545,8.0066,2.20,1.00
2009.03.20 08:08:39.826,8.00545,8.0066,1.00,1.00
2009.03.20 08:08:40.126,8.00535,8.0066,2.20,1.00
2009.03.20 08:08:42.836,8.00595,8.0066,1.40,1.00
2009.03.20 08:08:43.065,8.0058,8.0066,1.40,1.00
2009.03.20 08:08:43.125,8.00595,8.0066,1.00,1.00
2009.03.20 08:08:43.415,8.00585,8.0066,1.00,1.00
2009.03.20 08:08:43.645,8.00585,8.0066,2.20,1.00
2009.03.20 08:08:45.454,8.0058,8.0066,1.40,1.00
2009.03.20 08:08:45.684,8.00585,8.0066,1.00,1.00
2009.03.20 08:08:45.854,8.00585,8.0066,2.20,1.00
2009.03.20 08:08:46.004,8.00625,8.0066,1.40,1.00
2009.03.20 08:08:46.284,8.00625,8.0066,2.20,1.00
2009.03.20 08:08:47.534,8.0066,8.0077,2.20,1.60
2009.03.20 08:08:48.893,8.00685,8.0075,1.00,1.60
2009.03.20 08:08:49.453,8.0066,8.0075,1.00,1.60
2009.03.20 08:08:49.783,8.0066,8.0075,1.40,1.60
2009.03.20 08:08:50.223,8.0064,8.0075,2.20,1.60
2009.03.20 08:09:03.060,8.0053,8.0075,3.00,1.40
2009.03.20 08:09:03.400,8.0056,8.0075,1.40,1.40
2009.03.20 08:09:04.370,8.0054,8.0075,1.00,1.40
2009.03.20 08:09:04.659,8.0053,8.0075,1.40,1.40
2009.03.20 08:09:05.389,8.0052,8.0075,2.20,1.40
2009.03.20 08:09:05.609,8.00595,8.0075,1.60,1.40
2009.03.20 08:09:08.908,8.008,8.0118,1.40,1.90
2009.03.20 08:09:11.918,8.008,8.0128,1.40,1.00
2009.03.20 08:09:12.208,8.0077,8.0085,1.40,1.40
2009.03.20 08:09:12.888,8.0074,8.0085,1.40,1.40
2009.03.20 08:09:13.277,8.0077,8.0115,1.40,1.90
2009.03.20 08:09:18.326,8.0072,8.0075,2.20,1.40
2009.03.20 08:09:20.406,8.008,8.0128,1.40,1.00
2009.03.20 08:09:23.695,8.0079,8.0117,1.40,1.00
2009.03.20 08:09:25.854,8.0085,8.0122,1.40,1.00
2009.03.20 08:09:26.134,8.0086,8.0124,1.40,1.00
2009.03.20 08:09:42.041,8.0092,8.0141,1.40,2.40
2009.03.20 08:09:42.431,8.0092,8.0131,1.40,1.00
2009.03.20 08:09:42.780,8.0095,8.0134,1.40,1.00
2009.03.20 08:09:45.770,8.0092,8.0129,1.40,1.00
2009.03.20 08:09:46.340,8.0095,8.0132,1.40,1.00
2009.03.20 08:09:46.630,8.0098,8.0135,1.40,1.00
2009.03.20 08:09:47.831,8.0092,8.0129,1.40,1.00
2009.03.20 08:09:50.678,8.0092,8.013,1.40,1.00
2009.03.20 08:09:51.528,8.0098,8.0133,1.40,1.00
2009.03.20 08:09:51.868,8.0098,8.0135,1.40,1.60
2009.03.20 08:09:52.388,8.0098,8.01355,1.40,1.60
2009.03.20 08:09:52.798,8.0092,8.0129,1.40,1.00
2009.03.20 08:09:53.018,8.0099,8.0132,1.40,2.40
2009.03.20 08:09:53.318,8.0099,8.0132,1.40,1.00
2009.03.20 08:09:53.558,8.0105,8.0138,1.40,1.60
2009.03.20 08:09:53.838,8.0105,8.0146,1.40,1.00
2009.03.20 08:09:54.218,8.011,8.0147,1.40,1.00
2009.03.20 08:09:56.267,8.0115,8.0151,1.40,1.00
2009.03.20 08:09:57.647,8.01155,8.0151,1.60,1.00
2009.03.20 08:09:58.667,8.0115,8.0151,3.00,1.00
2009.03.20 08:09:59.406,8.0125,8.0155,1.40,1.60
2009.03.20 08:10:00.038,8.0125,8.0162,1.40,1.00
2009.03.20 08:10:00.786,8.0133,8.0168,1.40,1.00
2009.03.20 08:10:01.996,8.011,8.0161,1.40,1.00
2009.03.20 08:10:03.745,8.012,8.0167,1.40,1.00
2009.03.20 08:10:04.385,8.01025,8.0156,1.60,1.00
2009.03.20 08:10:04.726,8.0114,8.0159,1.40,1.00
2009.03.20 08:10:05.085,8.01075,8.0159,1.60,1.00
2009.03.20 08:10:05.465,8.0124,8.0168,1.40,1.00
2009.03.20 08:10:06.105,8.0125,8.01665,1.60,1.60
2009.03.20 08:10:07.534,8.01085,8.0162,1.60,1.00
2009.03.20 08:10:07.704,8.0117,8.0162,1.40,1.00
2009.03.20 08:10:08.764,8.0119,8.0159,1.40,1.00
2009.03.20 08:10:09.214,8.0121,8.0162,1.40,1.00
2009.03.20 08:10:09.504,8.0124,8.0177,1.40,2.40
2009.03.20 08:10:10.713,8.0124,8.0167,1.40,1.00
2009.03.20 08:10:11.363,8.0127,8.017,1.40,1.00
2009.03.20 08:10:12.493,8.0124,8.0165,1.40,1.00
2009.03.20 08:10:14.473,8.0121,8.0162,1.40,1.00
2009.03.20 08:10:14.943,8.0127,8.0162,1.40,1.00
2009.03.20 08:10:15.183,8.0127,8.0165,1.40,1.00
2009.03.20 08:10:16.542,8.0133,8.017,1.40,1.00
2009.03.20 08:10:16.872,8.0127,8.0165,1.40,1.00
2009.03.20 08:10:17.342,8.0124,8.0162,1.40,1.00
2009.03.20 08:10:18.402,8.0109,8.0159,3.00,1.00
2009.03.20 08:10:18.622,8.0117,8.0156,1.40,1.00
2009.03.20 08:10:20.521,8.0116,8.0153,1.40,1.00
2009.03.20 08:10:21.541,8.01275,8.0159,1.60,1.00
2009.03.20 08:10:21.931,8.0128,8.0159,1.60,1.00
2009.03.20 08:10:22.851,8.01305,8.0162,1.60,1.00
2009.03.20 08:10:23.131,8.01315,8.0165,1.60,1.00
2009.03.20 08:10:23.481,8.01395,8.017,1.60,1.00
2009.03.20 08:10:25.700,8.0141,8.017,1.60,1.00
2009.03.20 08:10:26.030,8.0141,8.0165,1.60,1.00
2009.03.20 08:10:26.200,8.01335,8.0165,1.60,1.00
2009.03.20 08:10:27.789,8.0135,8.0159,1.60,1.00
2009.03.20 08:10:28.080,8.01285,8.0159,1.60,1.00
2009.03.20 08:10:28.649,8.0129,8.0159,1.60,1.00
2009.03.20 08:10:29.729,8.013,8.0159,1.60,1.00
2009.03.20 08:10:30.489,8.013,8.0162,1.60,1.00
2009.03.20 08:10:30.789,8.01335,8.0165,1.60,1.00
2009.03.20 08:10:31.489,8.01345,8.0165,1.60,1.00
2009.03.20 08:10:31.769,8.0135,8.0165,1.60,1.00
2009.03.20 08:10:32.489,8.0119,8.0162,1.40,1.00
2009.03.20 08:10:32.878,8.01295,8.0162,1.60,1.00
2009.03.20 08:10:33.748,8.0132,8.0165,1.60,1.00
2009.03.20 08:10:34.498,8.013,8.0162,1.60,1.00
2009.03.20 08:10:34.788,8.0134,8.0165,1.60,1.00
2009.03.20 08:10:35.128,8.01295,8.0162,1.60,1.00
2009.03.20 08:10:35.977,8.0128,8.0159,1.60,1.00
2009.03.20 08:10:36.207,8.0129,8.0159,1.60,1.00
2009.03.20 08:10:36.788,8.0129,8.0162,1.60,1.00
2009.03.20 08:10:37.237,8.01315,8.0165,1.60,1.00
2009.03.20 08:10:37.517,8.0134,8.0165,1.60,1.00
2009.03.20 08:10:37.917,8.01355,8.0165,1.60,1.00
2009.03.20 08:10:39.077,8.0135,8.0165,1.60,1.00
2009.03.20 08:10:39.727,8.0136,8.0168,1.60,1.00
2009.03.20 08:10:41.016,8.0136,8.0161,1.60,1.00
2009.03.20 08:10:41.457,8.0126,8.0161,1.60,1.00
2009.03.20 08:10:41.736,8.01265,8.0161,1.60,1.00
2009.03.20 08:10:42.196,8.0127,8.0159,1.60,1.00
2009.03.20 08:10:43.646,8.01295,8.0159,1.60,1.00
2009.03.20 08:10:43.765,8.0108,8.0162,1.60,1.00
2009.03.20 08:10:44.055,8.0128,8.0168,1.60,1.00
2009.03.20 08:10:44.106,8.01315,8.0168,1.60,1.00
2009.03.20 08:10:44.695,8.01325,8.0168,1.60,1.00
2009.03.20 08:10:46.975,8.0134,8.0165,1.60,1.00
2009.03.20 08:10:47.315,8.01355,8.0165,1.60,1.00
2009.03.20 08:10:58.402,8.0136,8.0171,1.60,1.00
2009.03.20 08:10:58.722,8.014,8.0171,1.60,1.00
2009.03.20 08:10:59.082,8.01405,8.0171,1.60,1.00
2009.03.20 08:11:02.851,8.01405,8.0168,1.60,1.00
2009.03.20 08:11:02.971,8.01335,8.0165,1.60,1.00
2009.03.20 08:11:03.151,8.01335,8.0171,1.60,1.00
2009.03.20 08:11:03.431,8.01355,8.0171,1.60,1.00
2009.03.20 08:11:03.491,8.0138,8.0175,1.60,1.00
2009.03.20 08:11:04.711,8.0112,8.0171,3.20,1.00
2009.03.20 08:11:04.950,8.0134,8.0177,1.60,1.00
2009.03.20 08:11:05.181,8.0135,8.0177,1.60,1.00
2009.03.20 08:11:05.641,8.0124,8.0175,1.40,1.00
2009.03.20 08:11:05.870,8.0138,8.0177,1.60,1.00
2009.03.20 08:11:06.100,8.0138,8.0175,1.60,1.00
2009.03.20 08:11:06.500,8.0142,8.0177,1.60,1.00
2009.03.20 08:11:06.790,8.01425,8.0175,1.60,1.00
2009.03.20 08:11:07.010,8.0138,8.0175,1.60,1.00
2009.03.20 08:11:07.310,8.0139,8.0175,1.60,1.00
2009.03.20 08:11:08.380,8.0098,8.0169,1.60,1.00
2009.03.20 08:11:08.560,8.0098,8.0171,1.60,1.00
2009.03.20 08:11:08.790,8.0098,8.0169,1.60,1.00
2009.03.20 08:11:09.010,8.00905,8.0165,1.60,1.40
2009.03.20 08:11:10.119,8.00945,8.0165,1.60,2.40
2009.03.20 08:11:10.359,8.00895,8.01595,1.60,1.40
2009.03.20 08:11:12.669,8.0087,8.01575,1.60,1.40
2009.03.20 08:11:13.499,8.0083,8.01535,1.60,1.40
2009.03.20 08:11:14.548,8.00825,8.0153,1.60,1.40
2009.03.20 08:11:15.388,8.0095,8.01645,1.40,1.40
2009.03.20 08:11:15.628,8.01055,8.01645,1.60,1.40
2009.03.20 08:11:17.157,8.0107,8.01625,1.60,1.40
2009.03.20 08:11:17.378,8.0107,8.016,1.60,1.40
2009.03.20 08:11:17.837,8.01045,8.016,1.60,1.40
2009.03.20 08:11:18.017,8.0105,8.016,1.60,1.40
2009.03.20 08:11:18.367,8.0107,8.016,1.60,1.40
2009.03.20 08:11:18.687,8.0103,8.016,1.60,1.40
2009.03.20 08:11:19.049,8.0107,8.016,1.60,1.40
2009.03.20 08:11:19.277,8.0108,8.016,1.60,1.40
2009.03.20 08:11:22.026,8.01005,8.0167,1.60,1.00
2009.03.20 08:11:22.486,8.0101,8.0168,1.60,1.00
2009.03.20 08:11:23.656,8.0104,8.0168,1.60,1.00
2009.03.20 08:11:23.826,8.0104,8.0168,3.20,1.00
2009.03.20 08:11:23.996,8.012,8.017,1.60,1.00
2009.03.20 08:11:24.276,8.01055,8.01745,3.00,1.40
2009.03.20 08:11:24.665,8.01085,8.0176,1.60,1.00
2009.03.20 08:11:25.626,8.0111,8.0176,1.60,1.00
2009.03.20 08:11:26.285,8.0111,8.0174,1.60,1.00
2009.03.20 08:11:26.755,8.01095,8.0174,1.60,1.00
2009.03.20 08:11:27.385,8.01215,8.0176,1.60,1.00
2009.03.20 08:11:27.555,8.0107,8.0176,1.60,1.00
2009.03.20 08:11:27.835,8.01085,8.0176,1.60,1.00
2009.03.20 08:11:28.175,8.01085,8.0174,1.60,1.00
2009.03.20 08:11:28.345,8.01085,8.0172,1.60,1.00
2009.03.20 08:11:28.525,8.0109,8.0168,1.60,1.00
2009.03.20 08:11:28.915,8.0113,8.0168,1.60,1.00
2009.03.20 08:11:29.215,8.0113,8.0169,1.60,1.00
2009.03.20 08:11:29.725,8.01295,8.0171,1.60,1.00
2009.03.20 08:11:30.654,8.013,8.0171,1.60,1.00
2009.03.20 08:11:30.874,8.0111,8.0171,3.00,1.00
2009.03.20 08:11:31.114,8.013,8.0175,1.60,1.00
2009.03.20 08:11:31.224,8.0131,8.0175,1.60,1.00
2009.03.20 08:11:31.734,8.0132,8.0175,1.60,1.00
2009.03.20 08:11:32.254,8.0111,8.0173,1.60,1.00
2009.03.20 08:11:32.994,8.01155,8.0173,1.60,1.00
2009.03.20 08:11:33.164,8.01365,8.0177,1.60,1.00
2009.03.20 08:11:34.023,8.0139,8.018,1.40,1.00
2009.03.20 08:11:34.183,8.01505,8.018,1.60,1.00
2009.03.20 08:11:35.753,8.01495,8.018,1.60,1.00
2009.03.20 08:11:36.303,8.01495,8.0174,1.60,1.00
2009.03.20 08:11:36.883,8.0144,8.0174,1.60,1.00
2009.03.20 08:11:37.333,8.01415,8.0172,1.60,1.00
2009.03.20 08:11:37.733,8.0142,8.0172,1.60,1.00
2009.03.20 08:11:38.193,8.0142,8.0174,1.60,1.00
2009.03.20 08:11:39.052,8.0145,8.0174,1.60,1.00
2009.03.20 08:11:39.522,8.01435,8.0174,1.60,1.00
2009.03.20 08:11:39.682,8.0148,8.0174,1.60,1.00
2009.03.20 08:11:44.032,8.0151,8.0183,1.60,1.00
2009.03.20 08:11:44.441,8.0146,8.0183,1.40,1.00
2009.03.20 08:11:44.841,8.01655,8.01995,1.60,1.40
2009.03.20 08:11:45.191,8.01685,8.0203,1.60,1.00
2009.03.20 08:11:45.481,8.0159,8.0203,1.40,1.00
2009.03.20 08:11:45.761,8.0164,8.02,1.60,1.00
2009.03.20 08:11:46.050,8.0167,8.0198,1.60,1.00
2009.03.20 08:11:46.560,8.0147,8.0188,1.60,1.00
2009.03.20 08:11:47.070,8.014,8.0188,1.60,1.00
2009.03.20 08:11:47.550,8.0155,8.0186,1.60,1.00
2009.03.20 08:11:47.770,8.0159,8.0178,1.60,1.00
2009.03.20 08:11:50.129,8.01365,8.0182,1.60,1.00
2009.03.20 08:11:50.359,8.0136,8.0186,1.60,1.00
2009.03.20 08:11:50.639,8.01395,8.0187,1.60,1.40
2009.03.20 08:11:51.029,8.01395,8.0186,1.60,1.00
2009.03.20 08:11:51.370,8.01415,8.0186,1.60,1.00
2009.03.20 08:11:51.649,8.01415,8.01925,1.60,1.40
2009.03.20 08:11:51.979,8.013,8.0191,1.40,1.00
2009.03.20 08:11:52.329,8.0143,8.0191,1.60,1.00
2009.03.20 08:11:53.239,8.01465,8.0194,1.60,1.00
2009.03.20 08:11:53.869,8.0127,8.0194,1.60,1.00
2009.03.20 08:11:54.279,8.0145,8.0194,1.60,1.00
2009.03.20 08:11:54.499,8.0145,8.0201,1.60,1.00
2009.03.20 08:11:54.958,8.01505,8.0201,1.60,1.00
2009.03.20 08:11:55.188,8.01495,8.02,1.60,1.00
2009.03.20 08:11:55.409,8.0149,8.0195,1.60,1.00
2009.03.20 08:11:55.758,8.01535,8.02,1.60,1.00
2009.03.20 08:11:56.338,8.0136,8.0197,1.40,1.00
2009.03.20 08:11:56.688,8.016,8.0197,1.60,1.00
2009.03.20 08:11:56.958,8.016,8.0204,1.60,1.40
2009.03.20 08:11:57.298,8.01395,8.0203,3.00,1.40
2009.03.20 08:12:00.007,8.01485,8.0225,1.60,2.40
2009.03.20 08:12:00.567,8.0163,8.0215,1.60,1.00
2009.03.20 08:12:01.287,8.0143,8.0209,1.60,1.00
2009.03.20 08:12:01.677,8.01415,8.0204,1.60,1.00
2009.03.20 08:12:02.198,8.014,8.0204,1.40,1.00
2009.03.20 08:12:02.956,8.01535,8.0204,1.60,1.00
2009.03.20 08:12:03.636,8.0153,8.02,1.60,1.00
2009.03.20 08:12:03.976,8.01315,8.02,1.60,1.00
2009.03.20 08:12:04.256,8.016,8.0199,1.60,1.00
2009.03.20 08:12:04.666,8.01595,8.0199,1.60,1.00
2009.03.20 08:12:05.006,8.01555,8.0199,1.60,1.00
2009.03.20 08:12:05.286,8.01605,8.0196,1.60,1.00
2009.03.20 08:12:06.076,8.016,8.0196,1.60,1.00
2009.03.20 08:12:06.715,8.01595,8.0208,1.60,2.40
2009.03.20 08:12:06.945,8.01595,8.0195,1.60,1.00
2009.03.20 08:12:07.445,8.0154,8.0192,1.60,1.00
2009.03.20 08:12:07.785,8.01555,8.0194,1.60,1.00
2009.03.20 08:12:08.175,8.0163,8.0195,1.60,1.00
2009.03.20 08:12:08.725,8.01635,8.0195,1.60,1.00
2009.03.20 08:12:09.465,8.0143,8.0195,1.60,1.00
2009.03.20 08:12:09.875,8.0167,8.0207,1.60,1.00
2009.03.20 08:12:10.275,8.0166,8.0207,1.60,1.00
2009.03.20 08:12:10.605,8.0168,8.0207,1.60,1.00
2009.03.20 08:12:11.534,8.0172,8.0201,1.60,1.00
2009.03.20 08:12:11.765,8.0169,8.0201,1.60,1.00
2009.03.20 08:12:14.034,8.0176,8.0213,1.60,1.00
2009.03.20 08:12:14.484,8.0175,8.0211,1.60,1.00
2009.03.20 08:12:14.934,8.0172,8.0208,1.60,1.00
2009.03.20 08:12:15.214,8.01795,8.0214,1.60,1.00
2009.03.20 08:12:15.953,8.0176,8.0211,1.60,1.00
2009.03.20 08:12:16.233,8.01775,8.0214,1.60,1.00
2009.03.20 08:12:16.863,8.018,8.0214,1.60,1.00
2009.03.20 08:12:17.103,8.0155,8.0208,1.60,1.00
2009.03.20 08:12:17.343,8.0161,8.0205,1.40,1.00
2009.03.20 08:12:17.613,8.0174,8.0211,1.60,1.00
2009.03.20 08:12:18.293,8.01785,8.0214,1.60,1.00
2009.03.20 08:12:18.583,8.0181,8.0214,1.60,1.00
2009.03.20 08:12:21.212,8.018,8.0214,1.60,1.00
2009.03.20 08:12:21.842,8.01805,8.0214,1.60,1.00
2009.03.20 08:12:22.612,8.0181,8.0214,1.60,1.00
2009.03.20 08:12:23.022,8.01795,8.0214,1.60,1.00
2009.03.20 08:12:23.481,8.018,8.0214,1.60,1.00
2009.03.20 08:12:24.881,8.018,8.0209,1.60,1.00
2009.03.20 08:12:25.721,8.01795,8.0209,1.60,1.00
2009.03.20 08:12:26.631,8.018,8.0209,1.60,1.00
2009.03.20 08:12:27.341,8.01775,8.0209,1.60,1.00
2009.03.20 08:12:27.630,8.01765,8.0209,1.60,1.00
2009.03.20 08:12:28.270,8.01755,8.0209,1.60,1.00
2009.03.20 08:12:28.500,8.01765,8.0209,1.60,1.00
2009.03.20 08:12:29.790,8.0174,8.0209,1.60,1.00
2009.03.20 08:12:29.960,8.0174,8.0208,1.60,1.00
2009.03.20 08:12:30.709,8.0174,8.0209,1.60,1.00
2009.03.20 08:12:31.200,8.0176,8.0208,1.60,1.00
2009.03.20 08:12:31.590,8.0174,8.0202,1.60,1.00
2009.03.20 08:12:31.930,8.01685,8.0202,1.60,1.00
2009.03.20 08:12:32.300,8.0168,8.0202,1.60,1.00
2009.03.20 08:12:32.649,8.01685,8.0202,1.60,1.00
2009.03.20 08:12:33.449,8.01685,8.0208,1.60,1.00
2009.03.20 08:12:33.849,8.0174,8.0208,1.60,1.00
2009.03.20 08:12:37.188,8.0169,8.0197,1.60,1.00
2009.03.20 08:12:37.578,8.0168,8.0197,1.60,1.00
2009.03.20 08:12:38.248,8.01675,8.0197,1.60,1.00
2009.03.20 08:12:38.468,8.0168,8.0197,1.60,1.00
2009.03.20 08:12:38.918,8.0168,8.0197,1.60,1.20
2009.03.20 08:12:39.138,8.0164,8.0197,1.60,1.20
2009.03.20 08:12:39.758,8.0163,8.0197,1.60,1.20
2009.03.20 08:12:41.597,8.01625,8.0197,1.60,1.20
2009.03.20 08:12:44.607,8.0158,8.0191,1.60,1.00
2009.03.20 08:12:49.525,8.01585,8.0191,1.60,1.00
2009.03.20 08:12:50.095,8.01575,8.0191,1.60,1.00
2009.03.20 08:12:51.296,8.0158,8.0191,1.60,1.00
2009.03.20 08:12:53.584,8.01575,8.0191,1.60,1.00
2009.03.20 08:12:54.684,8.01575,8.0186,1.60,1.00
2009.03.20 08:12:55.084,8.01575,8.0185,1.60,1.00
2009.03.20 08:12:55.135,8.0131,8.0185,1.60,1.00
2009.03.20 08:12:55.494,8.01485,8.0186,1.60,1.00
2009.03.20 08:12:55.664,8.0149,8.0186,1.60,1.00
2009.03.20 08:12:56.074,8.0153,8.0186,1.60,1.00
2009.03.20 08:12:58.583,8.01575,8.0186,1.60,1.00
2009.03.20 08:12:59.333,8.01545,8.0186,1.60,1.00
2009.03.20 08:12:59.743,8.0155,8.0186,1.60,1.00
2009.03.20 08:12:59.973,8.0155,8.0179,1.60,1.00
2009.03.20 08:13:00.373,8.0149,8.0179,1.60,1.00
2009.03.20 08:13:01.762,8.01485,8.0177,1.60,1.00
2009.03.20 08:13:03.212,8.0148,8.0177,1.60,1.00
2009.03.20 08:13:03.822,8.01455,8.0177,1.60,1.00
2009.03.20 08:13:04.002,8.01455,8.0174,1.60,1.00
2009.03.20 08:13:04.102,8.01425,8.0174,1.60,1.00
2009.03.20 08:13:04.272,8.01425,8.0175,1.60,1.00
2009.03.20 08:13:04.722,8.014,8.0177,1.60,1.00
2009.03.20 08:13:05.072,8.0142,8.0173,1.60,1.00
2009.03.20 08:13:07.291,8.01425,8.0173,1.60,1.00
2009.03.20 08:13:07.631,8.0143,8.0173,1.60,1.00
2009.03.20 08:13:07.980,8.0148,8.0173,1.60,1.00
2009.03.20 08:13:14.141,8.0148,8.0173,1.60,1.00
2009.03.20 08:13:15.389,8.0149,8.0173,1.60,1.00
2009.03.20 08:13:17.069,8.01485,8.0173,1.60,1.00
2009.03.20 08:13:17.698,8.0148,8.0173,1.60,1.00
2009.03.20 08:13:19.168,8.01485,8.0173,1.60,1.00
2009.03.20 08:13:21.048,8.0149,8.0173,1.60,1.00
2009.03.20 08:13:26.376,8.01415,8.0169,1.60,1.00
2009.03.20 08:13:27.366,8.0142,8.0169,1.60,1.00
2009.03.20 08:13:27.706,8.01415,8.0169,1.60,1.00
2009.03.20 08:13:28.396,8.0142,8.0169,1.60,1.00
2009.03.20 08:13:36.144,8.01415,8.0169,1.60,1.00
2009.03.20 08:13:38.673,8.0142,8.0169,1.60,1.00
2009.03.20 08:13:39.193,8.0148,8.0193,1.60,2.00
2009.03.20 08:13:39.373,8.0148,8.0173,1.60,1.00
2009.03.20 08:13:39.553,8.01485,8.0173,1.60,1.00
2009.03.20 08:13:40.364,8.01535,8.0173,1.60,1.00
2009.03.20 08:13:40.583,8.0151,8.0169,1.60,1.00
2009.03.20 08:13:41.363,8.0149,8.0169,1.60,1.00
2009.03.20 08:13:41.693,8.0153,8.0169,1.60,1.00
2009.03.20 08:13:44.852,8.0147,8.0169,1.60,1.00
2009.03.20 08:13:45.252,8.0149,8.0169,1.60,1.00
2009.03.20 08:13:45.601,8.0147,8.0169,1.60,1.00
2009.03.20 08:13:46.131,8.0149,8.0169,1.60,1.00
2009.03.20 08:13:46.622,8.0148,8.0169,1.60,1.00
2009.03.20 08:13:46.901,8.0148,8.0162,1.60,1.00
2009.03.20 08:13:47.071,8.01425,8.0162,1.60,1.00
2009.03.20 08:13:48.731,8.0142,8.016,1.60,1.00
2009.03.20 08:13:49.261,8.01415,8.016,1.60,1.00
2009.03.20 08:13:49.651,8.01425,8.016,1.60,1.00
2009.03.20 08:13:50.001,8.014,8.016,1.60,1.00
2009.03.20 08:13:50.111,8.01405,8.016,1.60,1.00
2009.03.20 08:13:52.160,8.0143,8.016,1.60,1.00
2009.03.20 08:13:52.800,8.0145,8.016,1.60,1.00
2009.03.20 08:13:53.930,8.0133,8.016,1.40,1.00
2009.03.20 08:13:54.379,8.0141,8.016,1.60,1.00
2009.03.20 08:13:55.699,8.014,8.016,1.60,1.00
2009.03.20 08:13:55.989,8.014,8.016,1.60,1.00
2009.03.20 08:13:56.219,8.01345,8.016,1.60,1.00
2009.03.20 08:13:56.869,8.01345,8.0159,1.60,1.00
2009.03.20 08:13:59.908,8.0133,8.0159,1.60,1.00
2009.03.20 08:14:00.368,8.01345,8.0159,1.60,1.00
2009.03.20 08:14:00.978,8.01405,8.0159,1.60,1.00
2009.03.20 08:14:01.378,8.01415,8.0159,1.60,1.00
2009.03.20 08:14:01.828,8.01385,8.0159,1.60,1.00
2009.03.20 08:14:02.178,8.01345,8.0159,1.60,1.00
2009.03.20 08:14:02.688,8.0141,8.0159,1.60,1.00
2009.03.20 08:14:03.377,8.0142,8.0159,1.40,1.00
2009.03.20 08:14:03.497,8.0142,8.0159,1.40,1.00
2009.03.20 08:14:03.717,8.0141,8.0159,1.60,1.00
2009.03.20 08:14:03.997,8.01465,8.0159,1.60,1.00
2009.03.20 08:14:04.347,8.01525,8.0159,1.60,1.00
2009.03.20 08:14:04.517,8.014,8.0159,1.40,1.00
2009.03.20 08:14:04.737,8.01525,8.0159,1.60,1.00
2009.03.20 08:14:05.417,8.01305,8.0159,3.20,1.00
2009.03.20 08:14:05.757,8.01545,8.0159,1.60,1.00
2009.03.20 08:14:06.267,8.0138,8.0159,1.40,1.00
2009.03.20 08:14:06.616,8.0153,8.0159,1.60,1.00
2009.03.20 08:14:07.437,8.01295,8.0159,1.60,1.00
2009.03.20 08:14:07.956,8.01485,8.0159,1.60,1.00
2009.03.20 08:14:08.366,8.0146,8.0159,1.60,1.00
2009.03.20 08:14:08.636,8.0145,8.0159,1.60,1.00
2009.03.20 08:14:09.086,8.01465,8.0159,1.60,1.00
2009.03.20 08:14:09.666,8.01505,8.0159,1.60,1.00
2009.03.20 08:14:10.646,8.01525,8.0159,1.60,1.00
2009.03.20 08:14:11.175,8.01475,8.0159,1.60,1.00
2009.03.20 08:14:11.936,8.01465,8.0159,1.60,1.00
2009.03.20 08:14:12.605,8.01445,8.0159,1.60,1.00
2009.03.20 08:14:13.245,8.0145,8.0159,1.60,1.00
2009.03.20 08:14:14.185,8.015,8.0159,1.60,1.00
2009.03.20 08:14:14.455,8.01475,8.0159,1.60,1.00
2009.03.20 08:14:14.734,8.01405,8.0159,1.60,1.00
2009.03.20 08:14:15.166,8.01425,8.0159,1.60,1.00
2009.03.20 08:14:15.794,8.0138,8.0159,1.40,1.00
2009.03.20 08:14:17.064,8.014,8.0159,1.40,1.00
2009.03.20 08:14:17.504,8.0143,8.0159,1.40,1.00
2009.03.20 08:14:19.044,8.0138,8.0159,1.40,1.00
2009.03.20 08:14:19.453,8.014,8.0159,1.40,1.00
2009.03.20 08:14:19.964,8.01375,8.0159,1.60,1.00
2009.03.20 08:14:23.352,8.013,8.0159,1.40,1.00
2009.03.20 08:14:23.712,8.01315,8.0159,1.60,1.00
2009.03.20 08:14:24.332,8.0129,8.0159,1.40,1.00
2009.03.20 08:14:24.622,8.0132,8.0159,1.40,1.00
2009.03.20 08:14:26.542,8.01385,8.0159,1.60,1.00
2009.03.20 08:14:27.701,8.0132,8.0159,1.60,1.00
2009.03.20 08:14:28.441,8.01335,8.0159,1.60,1.00
2009.03.20 08:14:28.791,8.0134,8.0159,1.60,1.00
2009.03.20 08:14:30.242,8.01295,8.0159,1.60,1.00
2009.03.20 08:14:30.681,8.0126,8.0156,1.60,1.00
2009.03.20 08:14:31.141,8.0128,8.0156,1.60,1.00
2009.03.20 08:14:31.611,8.0126,8.0156,1.60,1.00
2009.03.20 08:14:33.310,8.0126,8.0155,1.60,1.00
2009.03.20 08:14:33.540,8.01245,8.0152,1.60,1.00
2009.03.20 08:14:33.810,8.01205,8.0152,1.60,1.00
2009.03.20 08:14:34.210,8.0122,8.0152,1.60,1.00
2009.03.20 08:14:34.730,8.01215,8.0152,1.60,1.00
2009.03.20 08:14:35.430,8.01215,8.0151,1.60,1.00
2009.03.20 08:14:36.359,8.0122,8.0151,1.60,1.00
2009.03.20 08:14:36.579,8.0122,8.0144,1.60,1.00
2009.03.20 08:14:36.809,8.01195,8.0144,1.60,1.00
2009.03.20 08:14:38.359,8.012,8.0144,1.60,1.00
2009.03.20 08:14:38.659,8.0118,8.0144,1.60,1.00
2009.03.20 08:14:38.939,8.0116,8.0138,1.60,1.00
2009.03.20 08:14:39.219,8.0114,8.0138,1.60,1.00
2009.03.20 08:14:39.450,8.0108,8.0137,1.60,1.00
2009.03.20 08:14:39.789,8.011,8.0143,1.60,1.00
2009.03.20 08:14:39.848,8.011,8.013,1.60,1.00
2009.03.20 08:14:41.178,8.0111,8.0128,1.40,1.00
2009.03.20 08:14:41.358,8.01165,8.0128,1.60,1.00
2009.03.20 08:14:43.428,8.0112,8.0128,1.60,1.00
2009.03.20 08:14:46.607,8.0119,8.0128,1.60,1.00
2009.03.20 08:14:47.508,8.011,8.0128,1.60,1.00
2009.03.20 08:14:48.497,8.01125,8.0128,1.60,1.00
2009.03.20 08:14:48.737,8.0108,8.0128,1.40,1.00
2009.03.20 08:14:49.396,8.01105,8.0128,1.60,1.00
2009.03.20 08:14:49.897,8.0112,8.0128,1.60,1.00
2009.03.20 08:14:50.976,8.01095,8.0128,1.60,1.00
2009.03.20 08:14:51.256,8.011,8.0128,1.60,1.00
2009.03.20 08:14:52.226,8.01145,8.0128,1.60,1.00
2009.03.20 08:14:53.065,8.01105,8.0128,1.60,1.00
2009.03.20 08:14:53.175,8.01145,8.0128,1.60,1.00
2009.03.20 08:14:53.575,8.01165,8.0128,1.60,1.00
2009.03.20 08:14:54.915,8.01145,8.0128,1.60,1.00
2009.03.20 08:14:55.145,8.01155,8.0128,1.60,1.00
2009.03.20 08:14:56.705,8.0115,8.0128,1.60,1.00
2009.03.20 08:14:57.104,8.01125,8.0128,1.60,1.00
2009.03.20 08:14:57.274,8.0115,8.0128,1.60,1.00
2009.03.20 08:14:57.674,8.0102,8.0128,1.40,1.00
2009.03.20 08:14:58.154,8.01125,8.0128,1.60,1.00
2009.03.20 08:15:00.553,8.01155,8.0128,1.60,1.00
2009.03.20 08:15:01.453,8.01085,8.0128,1.60,1.00
2009.03.20 08:15:01.683,8.01085,8.0129,1.60,1.00
2009.03.20 08:15:01.853,8.01085,8.0134,1.60,1.00
2009.03.20 08:15:02.213,8.0109,8.0134,1.60,1.00
2009.03.20 08:15:02.913,8.01095,8.0134,1.60,1.00
2009.03.20 08:15:03.433,8.011,8.0148,1.40,1.60
2009.03.20 08:15:03.843,8.01165,8.015,1.60,1.00
2009.03.20 08:15:04.123,8.0121,8.0152,1.60,1.00
2009.03.20 08:15:04.523,8.01165,8.0148,1.60,1.00
2009.03.20 08:15:05.052,8.01165,8.015,1.60,1.00
2009.03.20 08:15:05.462,8.01205,8.015,1.60,1.00
2009.03.20 08:15:05.623,8.0121,8.015,1.60,1.00
2009.03.20 08:15:06.692,8.01005,8.0146,1.60,1.00
2009.03.20 08:15:12.190,8.0105,8.0146,1.60,1.00
2009.03.20 08:15:13.750,8.0112,8.0149,1.40,1.00
2009.03.20 08:15:14.230,8.012,8.0149,1.60,1.00
2009.03.20 08:15:17.179,8.01215,8.0149,1.60,1.00
2009.03.20 08:15:19.109,8.01235,8.0152,1.60,1.00
2009.03.20 08:15:19.909,8.0126,8.0155,1.60,1.00
2009.03.20 08:15:20.249,8.0126,8.0149,1.60,1.00
2009.03.20 08:15:20.479,8.0113,8.0153,1.40,1.00
2009.03.20 08:15:21.198,8.0122,8.0153,1.60,1.00
2009.03.20 08:15:21.878,8.01165,8.0155,1.60,1.00
2009.03.20 08:15:22.458,8.0119,8.0155,1.60,1.00
2009.03.20 08:15:23.048,8.01185,8.0155,1.60,1.00
2009.03.20 08:15:23.338,8.01185,8.0153,1.60,1.00
2009.03.20 08:15:23.748,8.0117,8.0153,1.60,1.00
2009.03.20 08:15:24.318,8.01125,8.0149,1.60,1.00
2009.03.20 08:15:24.778,8.0116,8.0153,1.60,1.00
2009.03.20 08:15:25.677,8.0116,8.0149,1.60,1.00
2009.03.20 08:15:26.077,8.01125,8.0149,1.60,1.00
2009.03.20 08:15:26.357,8.0114,8.0143,1.60,1.00
2009.03.20 08:15:26.597,8.01125,8.0143,1.60,1.00
2009.03.20 08:15:28.097,8.0112,8.0143,1.60,1.00
2009.03.20 08:15:29.187,8.01125,8.0143,1.60,1.00
2009.03.20 08:15:33.026,8.01125,8.0149,1.60,1.00
2009.03.20 08:15:33.265,8.0113,8.0149,1.60,1.00
2009.03.20 08:15:38.495,8.0113,8.0143,1.60,1.00
2009.03.20 08:15:38.674,8.01125,8.0143,1.60,1.00
2009.03.20 08:15:43.833,8.01125,8.0139,1.60,1.00
2009.03.20 08:15:48.272,8.0108,8.0143,3.00,1.00
2009.03.20 08:15:48.372,8.0112,8.0143,1.60,1.00
2009.03.20 08:15:48.752,8.01115,8.0143,1.60,1.00
2009.03.20 08:15:52.171,8.0112,8.0143,1.60,1.00
2009.03.20 08:15:53.261,8.0113,8.0143,1.60,1.00
2009.03.20 08:15:54.051,8.0108,8.0143,1.40,1.00
2009.03.20 08:15:56.580,8.0112,8.0149,1.40,1.00
2009.03.20 08:16:05.358,8.0112,8.0149,1.60,1.00
2009.03.20 08:16:05.638,8.0111,8.0149,1.40,1.00
2009.03.20 08:16:07.787,8.0114,8.0149,1.40,1.00
2009.03.20 08:16:12.466,8.0112,8.0146,1.60,1.00
2009.03.20 08:16:12.626,8.0089,8.0146,1.40,1.00
2009.03.20 08:16:14.586,8.00935,8.0146,1.60,1.00
2009.03.20 08:16:15.486,8.0093,8.0146,1.40,1.00
2009.03.20 08:16:15.705,8.0096,8.015,1.40,1.00
2009.03.20 08:16:16.055,8.0099,8.0152,3.00,1.00
2009.03.20 08:16:16.345,8.0099,8.015,1.60,1.00
2009.03.20 08:16:16.755,8.0096,8.015,1.40,1.00
2009.03.20 08:16:17.975,8.0103,8.015,1.40,1.00
2009.03.20 08:16:18.804,8.0089,8.0147,1.60,1.00
2009.03.20 08:16:19.434,8.0098,8.0147,1.40,1.00
2009.03.20 08:16:20.544,8.0101,8.0153,3.00,1.00
2009.03.20 08:16:20.774,8.009,8.0153,1.60,1.00
2009.03.20 08:16:21.304,8.0084,8.0147,1.60,1.00
2009.03.20 08:16:23.913,8.00875,8.0147,1.60,1.00
2009.03.20 08:16:24.033,8.0096,8.0151,1.40,1.00
2009.03.20 08:16:24.214,8.0096,8.0151,3.00,1.00
2009.03.20 08:16:24.513,8.0086,8.0151,3.00,1.00
2009.03.20 08:16:25.133,8.0101,8.0153,1.60,1.00
2009.03.20 08:16:25.593,8.00905,8.0165,1.60,2.40
2009.03.20 08:16:27.913,8.0091,8.0161,1.60,2.40
2009.03.20 08:16:31.172,8.00895,8.0153,1.60,1.00
2009.03.20 08:16:33.941,8.00865,8.0157,1.60,2.40
2009.03.20 08:16:34.231,8.0099,8.0153,1.40,1.00
2009.03.20 08:16:35.181,8.0104,8.0157,1.40,2.40
2009.03.20 08:16:35.861,8.0107,8.0157,1.60,1.40
2009.03.20 08:16:36.210,8.0107,8.0157,1.40,1.40
2009.03.20 08:16:36.550,8.0114,8.0157,1.40,1.40
2009.03.20 08:16:37.641,8.011,8.0157,1.40,1.40
2009.03.20 08:16:38.220,8.01035,8.0169,1.60,1.00
2009.03.20 08:16:38.680,8.01035,8.0176,1.60,2.40
2009.03.20 08:16:39.030,8.0101,8.0161,1.60,1.00
2009.03.20 08:16:40.510,8.01015,8.0159,1.60,1.00
2009.03.20 08:16:41.329,8.01015,8.0153,1.60,1.00
2009.03.20 08:16:41.719,8.00945,8.0149,1.60,1.00
2009.03.20 08:16:42.130,8.0102,8.0165,1.40,2.40
2009.03.20 08:16:42.759,8.01025,8.0165,1.60,2.40
2009.03.20 08:16:43.369,8.0104,8.0163,1.40,2.40
2009.03.20 08:16:44.528,8.0104,8.0155,1.40,1.00
2009.03.20 08:16:47.608,8.0103,8.0153,1.40,1.00
2009.03.20 08:16:47.847,8.0103,8.0149,1.40,1.00
2009.03.20 08:16:48.117,8.0103,8.0149,3.00,1.00
2009.03.20 08:16:49.157,8.0103,8.0149,1.40,1.00
2009.03.20 08:16:50.617,8.0104,8.0153,1.40,1.00
2009.03.20 08:16:51.127,8.0103,8.0149,1.40,1.00
2009.03.20 08:16:53.366,8.0106,8.0152,1.40,1.00
2009.03.20 08:16:54.807,8.00915,8.0149,1.60,1.00
2009.03.20 08:16:54.916,8.0101,8.0149,1.40,1.00
2009.03.20 08:16:55.756,8.00915,8.0149,1.60,1.00
2009.03.20 08:16:56.136,8.0104,8.0152,1.40,1.00
2009.03.20 08:17:05.993,8.0106,8.0143,1.40,1.60
2009.03.20 08:17:06.973,8.01,8.0143,1.40,1.60
2009.03.20 08:17:07.413,8.01,8.0135,1.40,1.60
2009.03.20 08:17:07.713,8.00855,8.01325,1.60,1.60
2009.03.20 08:17:08.193,8.00835,8.014,1.60,1.00
2009.03.20 08:17:08.593,8.0092,8.01315,1.40,1.60
2009.03.20 08:17:09.283,8.0106,8.01365,1.40,1.60
2009.03.20 08:17:10.312,8.0108,8.0135,1.40,1.60
2009.03.20 08:17:10.602,8.0105,8.0135,1.40,1.60
2009.03.20 08:17:11.002,8.0102,8.01335,1.40,1.60
2009.03.20 08:17:11.462,8.0102,8.01305,1.40,1.60
2009.03.20 08:17:12.352,8.0102,8.01285,1.40,1.60
2009.03.20 08:17:12.632,8.0096,8.01285,1.40,1.60
2009.03.20 08:17:13.031,8.00815,8.01235,1.60,1.60
2009.03.20 08:17:13.311,8.00815,8.0122,1.60,1.60
2009.03.20 08:17:13.972,8.0088,8.01185,1.40,1.60
2009.03.20 08:17:14.431,8.009,8.01175,1.40,1.60
2009.03.20 08:17:16.031,8.009,8.0118,1.40,1.60
2009.03.20 08:17:16.481,8.0093,8.0122,1.40,1.60
2009.03.20 08:17:17.180,8.0092,8.0122,1.40,1.60
2009.03.20 08:17:17.400,8.009,8.0122,1.40,1.60
2009.03.20 08:17:17.701,8.009,8.0118,1.40,1.60
2009.03.20 08:17:20.040,8.009,8.0121,1.40,1.60
2009.03.20 08:17:21.900,8.0087,8.0121,1.40,1.60
2009.03.20 08:17:24.129,8.0081,8.0118,1.40,1.00
2009.03.20 08:17:24.919,8.0084,8.0114,1.40,1.60
2009.03.20 08:17:25.319,8.0084,8.0116,1.40,1.60
2009.03.20 08:17:25.799,8.0082,8.01185,1.40,1.60
2009.03.20 08:17:25.849,8.0087,8.01185,1.40,1.60
2009.03.20 08:17:26.478,8.0087,8.0118,1.40,1.60
2009.03.20 08:17:26.709,8.0087,8.0119,1.40,1.60
2009.03.20 08:17:27.238,8.0087,8.01195,1.40,1.60
2009.03.20 08:17:28.048,8.0087,8.012,1.40,1.60
2009.03.20 08:17:28.338,8.0084,8.012,1.40,1.60
2009.03.20 08:17:29.078,8.0087,8.0119,1.40,1.60
2009.03.20 08:17:29.777,8.0087,8.01195,1.40,1.60
2009.03.20 08:17:30.117,8.0087,8.012,1.40,1.60
2009.03.20 08:17:30.907,8.009,8.012,1.40,1.60
2009.03.20 08:17:30.967,8.0087,8.012,1.40,1.60
2009.03.20 08:17:31.517,8.009,8.012,1.40,1.60
2009.03.20 08:17:31.627,8.009,8.0127,1.40,1.00
2009.03.20 08:17:32.677,8.009,8.01215,1.40,1.60
2009.03.20 08:17:34.466,8.0092,8.0126,1.40,1.60
2009.03.20 08:17:34.806,8.009,8.0122,1.40,1.60
2009.03.20 08:17:35.226,8.009,8.01215,1.40,1.60
2009.03.20 08:17:35.686,8.009,8.0121,1.40,1.60
2009.03.20 08:17:36.136,8.009,8.01215,1.40,1.60
2009.03.20 08:17:38.325,8.0092,8.0122,1.40,1.60
2009.03.20 08:17:38.505,8.0092,8.0126,1.40,1.60
2009.03.20 08:17:38.746,8.0092,8.01235,1.40,1.60
2009.03.20 08:17:39.265,8.0092,8.0124,1.40,1.60
2009.03.20 08:17:39.785,8.0092,8.01235,1.40,1.60
2009.03.20 08:17:40.175,8.0087,8.0118,1.40,1.60
2009.03.20 08:17:40.795,8.0092,8.0128,1.40,1.60
2009.03.20 08:17:42.974,8.0093,8.0126,1.40,1.60
2009.03.20 08:17:43.734,8.009,8.0126,1.40,1.60
2009.03.20 08:17:43.974,8.009,8.0122,1.40,1.60
2009.03.20 08:17:46.245,8.009,8.01235,1.40,1.60
2009.03.20 08:17:47.273,8.009,8.0122,1.40,1.60
2009.03.20 08:17:53.532,8.009,8.01225,1.40,1.60
2009.03.20 08:17:56.301,8.0087,8.01225,1.40,1.60
2009.03.20 08:17:56.681,8.0087,8.01205,1.40,1.60
2009.03.20 08:17:57.422,8.0084,8.0116,1.40,1.60
2009.03.20 08:17:58.510,8.0059,8.00935,1.40,1.60
2009.03.20 08:17:59.540,8.0069,8.01115,1.40,1.60
2009.03.20 08:18:00.000,8.0069,8.01145,1.40,1.60
2009.03.20 08:18:00.170,8.0069,8.0114,1.40,1.60
2009.03.20 08:18:01.790,8.0051,8.011,1.60,1.60
2009.03.20 08:18:02.010,8.0051,8.01075,1.60,1.60
2009.03.20 08:18:03.449,8.0055,8.0108,1.60,1.60
2009.03.20 08:18:06.609,8.0055,8.01075,1.60,1.60
2009.03.20 08:18:08.898,8.0055,8.0108,1.60,1.60
2009.03.20 08:18:13.937,8.0055,8.01075,1.60,1.60
2009.03.20 08:18:15.696,8.0052,8.0103,1.60,1.60
2009.03.20 08:18:16.266,8.0052,8.01005,1.60,1.60
2009.03.20 08:18:16.796,8.0052,8.01,1.60,1.60
2009.03.20 08:18:17.196,8.005,8.0124,3.00,3.00
2009.03.20 08:18:17.536,8.005,8.011,3.00,1.60
2009.03.20 08:18:18.056,8.00525,8.0127,1.60,2.40
2009.03.20 08:18:18.816,8.0062,8.011,1.40,1.60
2009.03.20 08:18:19.035,8.0053,8.0112,1.60,1.60
2009.03.20 08:18:19.486,8.0053,8.0111,1.60,1.60
2009.03.20 08:18:19.665,8.0048,8.01055,1.60,1.60
2009.03.20 08:18:20.595,8.00515,8.0106,1.60,1.60
2009.03.20 08:18:21.215,8.00525,8.0127,1.60,2.40
2009.03.20 08:18:21.965,8.00525,8.011,1.60,1.60
2009.03.20 08:18:26.004,8.0055,8.0107,1.60,1.60
2009.03.20 08:18:26.654,8.0055,8.01075,1.60,1.60
2009.03.20 08:18:27.744,8.0055,8.01065,1.60,1.60
2009.03.20 08:18:29.863,8.0055,8.0104,1.60,1.60
2009.03.20 08:18:30.023,8.0052,8.0104,1.60,1.60
2009.03.20 08:18:30.383,8.0052,8.01035,1.60,1.60
2009.03.20 08:18:31.393,8.0055,8.01035,1.60,1.60
2009.03.20 08:18:31.733,8.0055,8.01065,1.60,1.60
2009.03.20 08:18:32.082,8.0055,8.0104,1.60,1.60
2009.03.20 08:18:32.942,8.0055,8.01035,1.60,1.60
2009.03.20 08:18:33.282,8.0055,8.01065,1.60,1.60
2009.03.20 08:18:36.121,8.0062,8.01065,1.40,1.60
2009.03.20 08:18:36.351,8.00505,8.01065,1.60,1.60
2009.03.20 08:18:36.531,8.00505,8.01055,1.60,1.60
2009.03.20 08:18:37.441,8.0062,8.01055,1.40,1.60
2009.03.20 08:18:37.611,8.00525,8.0129,1.60,2.40
2009.03.20 08:18:41.410,8.0055,8.01105,1.60,1.60
2009.03.20 08:18:42.160,8.00565,8.01105,1.60,1.60
2009.03.20 08:18:42.560,8.0068,8.0112,1.40,1.60
2009.03.20 08:18:43.050,8.0068,8.01135,1.40,1.60
2009.03.20 08:18:43.400,8.0068,8.0121,1.40,1.00
2009.03.20 08:18:43.749,8.007,8.0115,1.40,1.60
2009.03.20 08:18:44.499,8.00595,8.0115,1.60,1.60
2009.03.20 08:18:44.669,8.00595,8.01155,1.60,1.60
2009.03.20 08:18:45.239,8.0071,8.01135,1.40,1.60
2009.03.20 08:18:45.579,8.00615,8.01175,1.60,1.60
2009.03.20 08:18:45.809,8.0074,8.0115,1.40,1.60
2009.03.20 08:18:45.989,8.0074,8.01195,1.40,1.60
2009.03.20 08:18:46.369,8.00615,8.0118,1.60,1.60
2009.03.20 08:18:46.609,8.0062,8.0125,1.60,1.00
2009.03.20 08:18:46.959,8.0074,8.01195,1.40,1.60
2009.03.20 08:18:47.249,8.0062,8.01195,1.60,1.60
2009.03.20 08:18:47.639,8.0062,8.01175,1.60,1.60
2009.03.20 08:18:48.169,8.00615,8.0115,1.60,1.60
2009.03.20 08:18:48.339,8.0074,8.01195,1.40,1.60
2009.03.20 08:18:48.719,8.00615,8.01195,1.60,1.60
2009.03.20 08:18:48.888,8.0062,8.01175,1.60,1.60
2009.03.20 08:18:49.238,8.00615,8.0115,1.60,1.60
2009.03.20 08:18:50.258,8.0074,8.01195,1.40,1.60
2009.03.20 08:18:50.658,8.0074,8.0118,1.40,1.60
2009.03.20 08:18:51.668,8.0062,8.0115,1.60,1.60
2009.03.20 08:18:52.238,8.0062,8.01385,1.60,3.00
2009.03.20 08:18:56.197,8.0088,8.0132,1.40,1.60
2009.03.20 08:18:57.016,8.0095,8.0141,1.40,1.60
2009.03.20 08:18:57.466,8.0095,8.0151,1.40,1.00
2009.03.20 08:18:57.916,8.00895,8.0152,1.60,1.00
2009.03.20 08:18:59.316,8.00915,8.01435,1.60,1.60
2009.03.20 08:18:59.486,8.0099,8.01435,1.40,1.60
2009.03.20 08:19:00.056,8.0079,8.014,3.00,1.00
2009.03.20 08:19:00.326,8.0079,8.0137,3.00,1.60
2009.03.20 08:19:00.556,8.0089,8.0134,1.40,1.00
2009.03.20 08:19:00.846,8.00785,8.0134,1.60,1.00
2009.03.20 08:19:01.185,8.009,8.0139,1.40,1.00
2009.03.20 08:19:01.515,8.0076,8.0133,3.00,1.60
2009.03.20 08:19:02.365,8.0086,8.01325,1.40,1.60
2009.03.20 08:19:02.665,8.0086,8.0133,1.40,1.60
2009.03.20 08:19:02.965,8.0088,8.0133,1.40,1.60
2009.03.20 08:19:03.315,8.0094,8.0147,1.40,1.00
2009.03.20 08:19:03.835,8.0096,8.01445,1.40,1.60
2009.03.20 08:19:04.664,8.0096,8.0157,1.40,2.40
2009.03.20 08:19:05.014,8.0096,8.01445,1.40,1.60
2009.03.20 08:19:06.634,8.0099,8.01435,1.40,1.60
2009.03.20 08:19:07.254,8.0099,8.0144,1.40,1.60
2009.03.20 08:19:07.494,8.0099,8.01445,1.40,1.60
2009.03.20 08:19:08.054,8.0093,8.0139,1.40,1.60
2009.03.20 08:19:08.724,8.0104,8.0139,1.40,1.60
2009.03.20 08:19:09.003,8.0104,8.01435,1.40,1.60
2009.03.20 08:19:12.363,8.0109,8.0147,1.40,1.00
2009.03.20 08:19:13.732,8.0128,8.0148,1.40,1.60
2009.03.20 08:19:13.952,8.0128,8.016,1.40,1.60
2009.03.20 08:19:14.173,8.0131,8.016,1.40,1.60
2009.03.20 08:19:14.392,8.0132,8.0163,1.60,1.60
2009.03.20 08:19:14.912,8.01355,8.0184,1.60,1.60
2009.03.20 08:19:15.092,8.0134,8.01635,1.60,1.60
2009.03.20 08:19:15.662,8.0134,8.01645,1.40,1.60
2009.03.20 08:19:15.892,8.0134,8.0172,1.40,1.60
2009.03.20 08:19:18.701,8.0134,8.0165,1.40,1.60
2009.03.20 08:19:18.931,8.0131,8.0165,1.40,1.60
2009.03.20 08:19:19.161,8.0131,8.01635,1.40,1.60
2009.03.20 08:19:26.129,8.01135,8.0165,1.60,1.00
2009.03.20 08:19:26.469,8.0126,8.01585,1.40,1.60
2009.03.20 08:19:26.809,8.0125,8.01555,1.40,1.60
2009.03.20 08:19:27.139,8.0125,8.0154,1.40,1.60
2009.03.20 08:19:27.599,8.0122,8.01535,1.40,1.60
2009.03.20 08:19:28.129,8.0122,8.0153,1.40,1.60
2009.03.20 08:19:28.349,8.0124,8.0153,1.40,1.60
2009.03.20 08:19:28.809,8.0124,8.01525,1.40,1.60
2009.03.20 08:19:28.989,8.0124,8.0153,1.40,1.60
2009.03.20 08:19:34.517,8.0099,8.01455,1.40,1.60
2009.03.20 08:19:34.637,8.0099,8.01435,1.40,1.60
2009.03.20 08:19:34.907,8.0099,8.0158,1.40,1.00
2009.03.20 08:19:35.618,8.0099,8.0151,1.40,1.00
2009.03.20 08:19:35.947,8.0099,8.01475,1.40,1.60
2009.03.20 08:19:39.896,8.0102,8.01495,1.40,1.60
2009.03.20 08:19:40.276,8.0099,8.01485,1.40,1.60
2009.03.20 08:19:40.786,8.0099,8.016,1.40,2.40
2009.03.20 08:19:41.246,8.0087,8.016,3.00,2.40
2009.03.20 08:19:41.725,8.0094,8.0147,1.40,1.00
2009.03.20 08:19:42.266,8.0112,8.0147,1.40,1.60
2009.03.20 08:19:42.676,8.0112,8.01495,1.40,1.60
2009.03.20 08:19:43.825,8.0116,8.0149,1.40,1.60
2009.03.20 08:19:44.055,8.0114,8.0149,1.40,1.60
2009.03.20 08:19:44.165,8.0114,8.01475,1.40,1.60
2009.03.20 08:19:44.515,8.0111,8.01475,1.40,1.60
2009.03.20 08:19:44.745,8.0111,8.01445,1.40,1.60
2009.03.20 08:19:45.315,8.0111,8.0144,1.40,1.60
2009.03.20 08:19:45.765,8.0111,8.0145,1.40,1.60
2009.03.20 08:19:54.583,8.0115,8.0152,1.40,1.00
2009.03.20 08:19:57.942,8.0094,8.0144,1.60,1.00
2009.03.20 08:19:58.282,8.0088,8.0144,1.60,1.00
2009.03.20 08:19:58.561,8.0088,8.014,1.60,1.00
2009.03.20 08:19:59.081,8.0098,8.0138,1.40,1.00
2009.03.20 08:20:00.051,8.0101,8.014,1.40,1.00
2009.03.20 08:20:00.221,8.01,8.0138,1.40,1.00
2009.03.20 08:20:01.871,8.0103,8.014,1.40,1.00
2009.03.20 08:20:02.321,8.0103,8.014,3.00,1.00
2009.03.20 08:20:03.820,8.0107,8.0152,1.40,1.00
2009.03.20 08:20:04.000,8.01085,8.0152,1.60,1.00
2009.03.20 08:20:05.560,8.0108,8.015,1.60,1.00
2009.03.20 08:20:07.549,8.0103,8.015,1.60,1.00
2009.03.20 08:20:07.849,8.0115,8.0156,1.40,1.00
2009.03.20 08:20:08.029,8.0123,8.0156,1.60,1.00
2009.03.20 08:20:09.089,8.01275,8.0156,1.60,1.00
2009.03.20 08:20:09.429,8.01275,8.0155,1.60,1.00
2009.03.20 08:20:09.539,8.0129,8.0159,1.60,1.00
2009.03.20 08:20:09.769,8.0128,8.0159,1.60,1.00
2009.03.20 08:20:10.339,8.013,8.0159,1.60,1.00
2009.03.20 08:20:13.248,8.01315,8.0159,1.60,1.00
2009.03.20 08:20:13.928,8.01295,8.0157,1.60,1.00
2009.03.20 08:20:14.168,8.01295,8.0159,1.60,1.00
2009.03.20 08:20:14.348,8.01305,8.0155,1.60,1.00
2009.03.20 08:20:15.107,8.0131,8.0155,1.60,1.00
2009.03.20 08:20:15.397,8.0131,8.0157,1.60,1.00
2009.03.20 08:20:15.737,8.01325,8.0157,1.60,1.00
2009.03.20 08:20:16.187,8.01325,8.0158,1.60,1.00
2009.03.20 08:20:17.237,8.0133,8.0158,1.60,1.00
2009.03.20 08:20:17.407,8.0133,8.0161,1.60,1.00
2009.03.20 08:20:17.747,8.0138,8.0167,1.60,1.00
2009.03.20 08:20:24.745,8.01455,8.017,1.60,1.00
2009.03.20 08:20:25.035,8.01445,8.017,1.60,1.00
2009.03.20 08:20:26.495,8.01425,8.017,1.60,1.00
2009.03.20 08:20:27.355,8.01425,8.0167,1.60,1.00
2009.03.20 08:20:27.764,8.0137,8.0167,1.60,1.00
2009.03.20 08:20:28.944,8.01385,8.0167,1.60,1.00
2009.03.20 08:20:29.114,8.01395,8.0167,1.60,1.00
2009.03.20 08:20:29.914,8.01415,8.017,1.60,1.00
2009.03.20 08:20:30.504,8.014,8.0167,1.60,1.00
2009.03.20 08:20:30.774,8.0141,8.0167,1.60,1.00
2009.03.20 08:20:32.654,8.0141,8.0164,1.60,1.00
2009.03.20 08:20:32.953,8.0136,8.0164,1.40,1.00
2009.03.20 08:20:33.173,8.01375,8.0164,1.60,1.00
2009.03.20 08:20:33.583,8.0111,8.0139,1.60,1.00
2009.03.20 08:20:34.013,8.0104,8.0133,8.00,1.00
2009.03.20 08:20:34.233,8.008,8.0129,1.60,1.00
2009.03.20 08:20:34.473,8.008,8.0132,1.60,1.00
2009.03.20 08:20:34.933,8.0086,8.0125,1.40,1.00
2009.03.20 08:20:35.113,8.0074,8.0123,1.60,1.00
2009.03.20 08:20:35.733,8.0077,8.0123,1.60,1.00
2009.03.20 08:20:36.003,8.0077,8.0119,1.60,1.00
2009.03.20 08:20:36.222,8.0094,8.0129,1.40,1.00
2009.03.20 08:20:36.592,8.00965,8.0125,1.60,1.00
2009.03.20 08:20:36.872,8.0076,8.0125,1.60,1.00
2009.03.20 08:20:37.202,8.0089,8.0127,3.00,1.00
2009.03.20 08:20:37.972,8.00995,8.0125,1.60,1.00
2009.03.20 08:20:38.322,8.0093,8.0121,1.40,1.00
2009.03.20 08:20:38.622,8.0098,8.0127,1.40,1.00
2009.03.20 08:20:38.902,8.0103,8.0125,1.60,1.00
2009.03.20 08:20:39.132,8.0098,8.0125,1.40,1.00
2009.03.20 08:20:39.482,8.0094,8.0127,1.40,1.00
2009.03.20 08:20:39.872,8.0101,8.0127,1.60,1.00
2009.03.20 08:20:40.041,8.0102,8.0127,1.60,1.00
2009.03.20 08:20:40.271,8.0102,8.0128,1.60,1.00
2009.03.20 08:20:40.662,8.01035,8.0131,1.60,1.00
2009.03.20 08:20:41.351,8.01055,8.0128,1.60,1.00
2009.03.20 08:20:41.531,8.01025,8.0128,1.60,1.00
2009.03.20 08:20:41.861,8.01065,8.0131,1.60,1.00
2009.03.20 08:20:42.221,8.01055,8.0131,1.60,1.00
2009.03.20 08:20:43.121,8.0105,8.0131,1.60,1.00
2009.03.20 08:20:44.580,8.01065,8.0131,1.60,1.00
2009.03.20 08:20:44.860,8.01065,8.0134,1.60,1.00
2009.03.20 08:20:45.021,8.0108,8.0131,1.60,1.00
2009.03.20 08:20:45.371,8.0107,8.0134,1.60,1.00
2009.03.20 08:20:45.780,8.01085,8.0134,1.60,1.00
2009.03.20 08:20:46.180,8.0109,8.0134,1.60,1.00
2009.03.20 08:20:47.340,8.0109,8.0158,1.60,1.60
2009.03.20 08:20:47.690,8.01165,8.016,1.60,1.40
2009.03.20 08:20:47.810,8.01,8.0175,3.00,1.60
2009.03.20 08:20:48.189,8.0119,8.0175,1.60,1.60
2009.03.20 08:20:48.530,8.0125,8.0171,1.60,1.00
2009.03.20 08:20:48.989,8.0124,8.01785,1.60,1.40
2009.03.20 08:20:49.459,8.01135,8.0175,1.60,1.60
2009.03.20 08:20:49.869,8.01095,8.0175,1.60,1.60
2009.03.20 08:20:51.489,8.0114,8.0176,1.60,1.60
2009.03.20 08:20:52.258,8.0113,8.01805,1.60,1.60
2009.03.20 08:20:52.908,8.0115,8.01805,1.60,1.60
2009.03.20 08:20:53.538,8.01155,8.01805,1.60,1.60
2009.03.20 08:20:54.388,8.0116,8.01805,1.60,1.60
2009.03.20 08:20:55.008,8.01165,8.01805,1.60,1.60
2009.03.20 08:20:55.848,8.0115,8.01805,1.60,1.60
2009.03.20 08:20:56.647,8.013,8.0181,1.40,1.00
2009.03.20 08:20:56.938,8.0118,8.0177,1.60,1.00
2009.03.20 08:20:59.287,8.012,8.0176,1.60,1.00
2009.03.20 08:20:59.347,8.01335,8.0176,1.60,1.00
2009.03.20 08:20:59.577,8.01085,8.0176,1.60,1.00
2009.03.20 08:21:00.197,8.01095,8.0176,1.60,1.00
2009.03.20 08:21:01.976,8.0112,8.0176,1.60,1.00
2009.03.20 08:21:03.886,8.01105,8.0176,1.60,1.00
2009.03.20 08:21:04.046,8.01105,8.0174,1.60,1.00
2009.03.20 08:21:04.335,8.0104,8.0168,1.60,1.00
2009.03.20 08:21:05.016,8.0104,8.0166,1.60,1.00
2009.03.20 08:21:05.475,8.0104,8.0162,1.60,1.00
2009.03.20 08:21:05.645,8.01,8.0162,1.60,1.00
2009.03.20 08:21:05.925,8.00985,8.0162,1.60,1.00
2009.03.20 08:21:06.585,8.0098,8.0162,1.60,1.00
2009.03.20 08:21:08.185,8.011,8.0167,1.60,1.00
2009.03.20 08:21:08.525,8.01185,8.01695,1.60,1.40
2009.03.20 08:21:09.035,8.0116,8.0176,1.40,1.00
2009.03.20 08:21:09.364,8.01255,8.0176,1.60,1.00
2009.03.20 08:21:09.934,8.01255,8.0177,1.60,1.00
2009.03.20 08:21:10.104,8.0117,8.0177,1.60,1.00
2009.03.20 08:21:12.064,8.0119,8.0171,1.60,1.00
2009.03.20 08:21:12.124,8.0113,8.0171,1.60,1.00
2009.03.20 08:21:12.914,8.01075,8.0167,1.60,1.00
2009.03.20 08:21:13.144,8.01015,8.0159,1.60,1.00
2009.03.20 08:21:13.664,8.00995,8.0159,1.60,1.00
2009.03.20 08:21:14.363,8.0099,8.0157,1.60,1.00
2009.03.20 08:21:14.873,8.00985,8.0157,1.60,1.00
2009.03.20 08:21:15.353,8.0099,8.0157,1.60,1.00
2009.03.20 08:21:17.183,8.0099,8.0161,1.60,1.00
2009.03.20 08:21:17.643,8.0112,8.0144,1.60,1.00
2009.03.20 08:21:18.042,8.01065,8.0144,1.60,1.00
2009.03.20 08:21:19.672,8.01085,8.0136,1.60,1.00
2009.03.20 08:21:19.962,8.0107,8.0136,1.40,1.00
2009.03.20 08:21:20.372,8.0108,8.0136,1.60,1.00
2009.03.20 08:21:20.552,8.0107,8.0136,3.00,1.00
2009.03.20 08:21:21.302,8.0102,8.013,1.60,1.00
2009.03.20 08:21:21.592,8.0101,8.01315,1.40,1.60
2009.03.20 08:21:21.981,8.0101,8.0134,1.40,1.00
2009.03.20 08:21:22.441,8.0091,8.013,1.40,1.00
2009.03.20 08:21:23.171,8.0088,8.0124,1.40,1.00
2009.03.20 08:21:23.711,8.0093,8.0126,1.40,1.00
2009.03.20 08:21:25.231,8.0087,8.0121,1.40,1.00
2009.03.20 08:21:27.620,8.00855,8.0118,1.60,1.00
2009.03.20 08:21:27.850,8.0081,8.0118,1.40,1.00
2009.03.20 08:21:32.049,8.0069,8.0099,1.40,1.00
2009.03.20 08:21:32.400,8.0065,8.0094,1.40,1.00
2009.03.20 08:21:32.959,8.0072,8.01,1.40,1.00
2009.03.20 08:21:35.038,8.0069,8.0097,1.40,1.00
2009.03.20 08:21:35.308,8.0069,8.01,1.40,1.00
2009.03.20 08:21:35.478,8.0072,8.01,1.40,1.00
2009.03.20 08:21:35.588,8.0072,8.00985,1.40,1.60
2009.03.20 08:21:35.808,8.0072,8.0101,1.40,1.60
2009.03.20 08:21:36.108,8.0065,8.01375,1.60,1.60
2009.03.20 08:21:36.608,8.0065,8.01375,3.00,1.60
2009.03.20 08:21:37.128,8.00735,8.0146,1.60,1.60
2009.03.20 08:21:37.807,8.00735,8.0147,1.60,1.60
2009.03.20 08:21:39.407,8.0076,8.0142,1.60,1.60
2009.03.20 08:21:39.887,8.00755,8.0142,1.60,1.60
2009.03.20 08:21:41.067,8.00735,8.01425,1.60,1.60
2009.03.20 08:21:42.876,8.00735,8.014,1.60,1.60
2009.03.20 08:21:43.176,8.0076,8.0131,1.60,1.60
2009.03.20 08:21:43.526,8.00725,8.0135,1.60,1.60
2009.03.20 08:21:44.156,8.00725,8.0136,1.60,1.60
2009.03.20 08:21:44.396,8.00715,8.0129,1.60,1.60
2009.03.20 08:21:45.606,8.00715,8.01285,1.60,1.60
2009.03.20 08:21:46.006,8.00685,8.0123,1.60,1.60
2009.03.20 08:21:46.975,8.00645,8.0123,1.60,1.60
2009.03.20 08:21:47.315,8.00645,8.01175,1.60,1.60
2009.03.20 08:21:47.665,8.0059,8.01175,1.60,1.60
2009.03.20 08:21:48.755,8.00595,8.01175,1.60,1.60
2009.03.20 08:21:49.855,8.00585,8.01175,1.60,1.60
2009.03.20 08:21:51.414,8.00565,8.01165,1.60,1.60
2009.03.20 08:21:51.874,8.00565,8.0111,1.60,1.60
2009.03.20 08:21:52.284,8.00565,8.0102,1.60,1.60
2009.03.20 08:21:52.514,8.00555,8.0102,1.60,1.60
2009.03.20 08:21:52.964,8.0039,8.0101,1.60,1.60
2009.03.20 08:21:53.364,8.004,8.0099,1.60,1.60
2009.03.20 08:21:53.954,8.0039,8.00935,1.60,1.60
2009.03.20 08:21:54.414,8.00365,8.00935,1.60,1.60
2009.03.20 08:21:56.113,8.00365,8.0087,1.60,1.60
2009.03.20 08:21:56.554,8.00255,8.0087,1.60,1.60
2009.03.20 08:21:58.292,8.0028,8.00865,1.60,1.60
2009.03.20 08:21:58.843,8.0028,8.0087,1.60,1.60
2009.03.20 08:21:59.602,8.0028,8.0092,1.60,1.60
2009.03.20 08:22:00.012,8.0035,8.0092,1.60,1.60
2009.03.20 08:22:00.412,8.00335,8.0092,1.60,1.60
2009.03.20 08:22:04.761,8.00355,8.0106,1.60,1.60
2009.03.20 08:22:05.331,8.00455,8.01125,1.60,1.60
2009.03.20 08:22:06.141,8.00455,8.0116,1.60,1.60
2009.03.20 08:22:06.503,8.00535,8.0116,1.60,1.60
2009.03.20 08:22:06.901,8.00535,8.01165,1.60,1.60
2009.03.20 08:22:07.200,8.0057,8.0117,1.60,1.60
2009.03.20 08:22:07.580,8.0055,8.0111,1.60,1.60
2009.03.20 08:22:08.460,8.0058,8.0116,1.60,1.60
2009.03.20 08:22:08.930,8.00575,8.0116,1.60,1.60
2009.03.20 08:22:10.250,8.0055,8.0117,1.60,1.60
2009.03.20 08:22:10.650,8.0055,8.011,1.60,1.60
2009.03.20 08:22:10.990,8.0061,8.011,1.60,1.60
2009.03.20 08:22:11.440,8.0061,8.01155,1.60,1.60
2009.03.20 08:22:11.969,8.006,8.01155,1.60,1.60
2009.03.20 08:22:12.599,8.0061,8.01155,1.60,1.60
2009.03.20 08:22:13.319,8.0058,8.0101,1.60,1.00
2009.03.20 08:22:13.789,8.0037,8.0099,1.60,2.40
2009.03.20 08:22:14.069,8.0042,8.0096,1.40,1.00
2009.03.20 08:22:14.809,8.0033,8.0088,1.60,1.00
2009.03.20 08:22:15.029,8.0041,8.0088,1.40,1.00
2009.03.20 08:22:15.259,8.0044,8.0104,1.40,2.40
2009.03.20 08:22:15.648,8.0044,8.0094,1.40,1.00
2009.03.20 08:22:16.788,8.0049,8.00935,1.40,1.60
2009.03.20 08:22:17.428,8.0049,8.0094,1.40,1.00
2009.03.20 08:22:17.658,8.0052,8.0097,1.40,2.40
2009.03.20 08:22:18.288,8.0052,8.00965,1.40,1.60
2009.03.20 08:22:18.638,8.0052,8.0097,1.40,1.00
2009.03.20 08:22:19.427,8.0055,8.01,1.40,1.00
2009.03.20 08:22:19.607,8.0041,8.0097,1.60,1.00
2009.03.20 08:22:20.347,8.005,8.0097,1.40,1.00
2009.03.20 08:22:21.987,8.0049,8.0094,1.40,1.00
2009.03.20 08:22:26.586,8.0055,8.01175,1.60,1.60
2009.03.20 08:22:27.515,8.0056,8.01165,1.60,1.60
2009.03.20 08:22:27.735,8.0055,8.0114,1.40,3.00
2009.03.20 08:22:27.916,8.00415,8.0114,1.60,3.00
2009.03.20 08:22:28.195,8.00415,8.01115,1.60,1.60
2009.03.20 08:22:28.665,8.005,8.01025,1.40,1.60
2009.03.20 08:22:28.775,8.0041,8.0107,1.60,1.60
2009.03.20 08:22:30.425,8.0044,8.0116,1.60,1.60
2009.03.20 08:22:31.205,8.0047,8.0116,1.60,1.60
2009.03.20 08:22:31.384,8.0047,8.01185,1.60,1.60
2009.03.20 08:22:31.724,8.0047,8.0112,1.60,1.60
2009.03.20 08:22:32.874,8.0057,8.01005,1.40,1.60
2009.03.20 08:22:33.284,8.0057,8.0113,1.40,1.60
2009.03.20 08:22:33.694,8.0051,8.0124,1.60,1.60
2009.03.20 08:22:35.014,8.0063,8.01135,1.40,1.60
2009.03.20 08:22:35.184,8.0054,8.01275,1.60,1.60
2009.03.20 08:22:35.694,8.0054,8.0128,1.60,2.40
2009.03.20 08:22:35.923,8.00575,8.013,1.60,1.60
2009.03.20 08:22:36.593,8.00595,8.01185,1.60,1.60
2009.03.20 08:22:37.004,8.0071,8.01275,1.40,1.60
2009.03.20 08:22:37.503,8.008,8.01255,1.40,1.60
2009.03.20 08:22:38.003,8.008,8.01355,1.40,1.60
2009.03.20 08:22:38.294,8.0092,8.0144,1.40,1.60
2009.03.20 08:22:38.573,8.0089,8.0147,1.40,1.00
2009.03.20 08:22:38.973,8.00865,8.0155,1.60,1.60
2009.03.20 08:22:39.673,8.00885,8.0157,1.60,1.60
2009.03.20 08:22:39.903,8.00885,8.0151,1.60,1.60
2009.03.20 08:22:40.472,8.00775,8.0149,1.60,1.60
2009.03.20 08:22:41.102,8.00775,8.0146,1.60,1.00
2009.03.20 08:22:41.323,8.00805,8.01515,1.60,1.60
2009.03.20 08:22:42.132,8.0092,8.0146,1.40,1.60
2009.03.20 08:22:42.362,8.00835,8.01525,1.60,1.60
2009.03.20 08:22:42.762,8.00835,8.0147,1.60,1.60
2009.03.20 08:22:43.172,8.00805,8.0147,1.60,1.60
2009.03.20 08:22:43.582,8.00775,8.0144,1.60,1.60
2009.03.20 08:22:45.261,8.00775,8.0141,1.60,1.60
2009.03.20 08:22:45.501,8.0071,8.0141,1.60,1.60
2009.03.20 08:22:53.189,8.0069,8.0128,1.60,1.60
2009.03.20 08:22:53.989,8.0066,8.0128,1.60,1.60
2009.03.20 08:22:54.279,8.0066,8.0132,1.60,1.60
2009.03.20 08:22:54.549,8.00555,8.01245,1.60,1.60
2009.03.20 08:22:54.899,8.00555,8.0123,1.60,2.40
2009.03.20 08:22:55.119,8.00555,8.01285,1.60,1.60
2009.03.20 08:22:55.879,8.00515,8.01165,1.60,1.60
2009.03.20 08:22:56.279,8.00485,8.01165,1.60,1.60
2009.03.20 08:22:56.449,8.00485,8.01195,1.60,1.60
2009.03.20 08:22:57.148,8.00485,8.011,1.60,1.00
2009.03.20 08:22:57.548,8.00485,8.0112,1.60,1.00
2009.03.20 08:22:58.078,8.00485,8.0116,1.60,1.00
2009.03.20 08:22:58.358,8.00515,8.01205,1.60,1.60
2009.03.20 08:22:58.578,8.00515,8.0122,1.60,3.00
2009.03.20 08:22:59.208,8.00515,8.011,1.60,1.60
2009.03.20 08:22:59.448,8.0061,8.0129,1.60,1.60
2009.03.20 08:23:00.768,8.0057,8.0113,1.40,1.00
2009.03.20 08:23:00.937,8.0057,8.01105,1.40,1.60
2009.03.20 08:23:01.217,8.0046,8.0107,1.60,1.60
2009.03.20 08:23:01.857,8.0046,8.0105,1.60,1.60
2009.03.20 08:23:02.147,8.00465,8.0121,1.60,2.40
2009.03.20 08:23:04.466,8.0061,8.0108,1.40,1.60
2009.03.20 08:23:04.696,8.0055,8.0108,1.60,1.60
2009.03.20 08:23:04.867,8.0067,8.0118,1.40,1.60
2009.03.20 08:23:05.316,8.0067,8.0119,1.40,1.60
2009.03.20 08:23:06.396,8.0071,8.0117,1.40,1.60
2009.03.20 08:23:06.626,8.00725,8.0142,1.60,1.60
2009.03.20 08:23:08.625,8.00725,8.0138,1.60,1.60
2009.03.20 08:23:09.065,8.00775,8.0145,1.60,1.60
2009.03.20 08:23:10.145,8.0084,8.0145,1.60,1.60
2009.03.20 08:23:10.505,8.0084,8.01495,1.60,1.60
2009.03.20 08:23:11.825,8.00865,8.01415,1.60,1.60
2009.03.20 08:23:12.115,8.00815,8.014,1.60,1.60
2009.03.20 08:23:12.635,8.0079,8.0141,1.60,1.60
2009.03.20 08:23:13.105,8.0066,8.0138,1.60,1.40
2009.03.20 08:23:14.514,8.0065,8.0135,1.60,1.40
2009.03.20 08:23:24.971,8.00685,8.0138,1.60,1.60
2009.03.20 08:23:25.301,8.00685,8.0139,1.60,1.40
2009.03.20 08:23:25.691,8.00685,8.0138,1.60,1.60
2009.03.20 08:23:26.421,8.00685,8.0139,1.60,1.40
2009.03.20 08:23:30.920,8.0075,8.01425,1.60,1.60
2009.03.20 08:23:31.850,8.00775,8.01435,1.60,1.60
2009.03.20 08:23:32.350,8.00775,8.0148,1.60,1.40
2009.03.20 08:23:32.800,8.0081,8.015,1.60,1.60
2009.03.20 08:23:33.080,8.0081,8.01515,1.60,1.40
2009.03.20 08:23:33.749,8.0082,8.0149,1.60,1.60
2009.03.20 08:23:34.089,8.0082,8.01455,1.60,1.60
2009.03.20 08:23:34.549,8.0082,8.0144,1.60,1.60
2009.03.20 08:23:36.259,8.0082,8.01495,1.60,1.60
2009.03.20 08:23:36.649,8.0082,8.0149,1.60,1.60
2009.03.20 08:23:37.469,8.0082,8.01495,1.60,1.60
2009.03.20 08:23:38.278,8.00845,8.01445,1.60,1.60
2009.03.20 08:23:38.548,8.00845,8.0151,1.60,1.60
2009.03.20 08:23:38.718,8.00845,8.01495,1.60,1.60
2009.03.20 08:23:39.528,8.00875,8.01495,1.60,1.60
2009.03.20 08:23:39.868,8.00875,8.0157,1.60,1.60
2009.03.20 08:23:40.198,8.00875,8.01565,1.60,1.60
2009.03.20 08:23:40.708,8.0093,8.01565,1.60,1.60
2009.03.20 08:23:41.158,8.0093,8.01635,1.60,1.40
2009.03.20 08:23:41.608,8.0093,8.0157,1.60,1.60
2009.03.20 08:23:41.997,8.0091,8.01615,1.60,3.00
2009.03.20 08:23:42.267,8.0091,8.01615,1.60,1.40
2009.03.20 08:23:42.727,8.0091,8.0156,1.60,1.60
2009.03.20 08:23:43.127,8.00905,8.0156,1.60,1.60
2009.03.20 08:23:43.467,8.00905,8.01555,1.60,1.60
2009.03.20 08:23:43.757,8.00905,8.0155,1.60,1.60
2009.03.20 08:23:44.217,8.00905,8.0156,1.60,1.60
2009.03.20 08:23:44.837,8.00905,8.0155,1.60,1.60
2009.03.20 08:23:46.277,8.00905,8.0156,1.60,1.60
2009.03.20 08:23:46.686,8.0087,8.01485,1.60,1.60
2009.03.20 08:23:47.156,8.0075,8.0144,1.60,1.60
2009.03.20 08:23:47.787,8.0072,8.01435,1.60,1.60
2009.03.20 08:23:48.066,8.0072,8.01395,1.60,1.60
2009.03.20 08:23:48.296,8.00745,8.0142,1.60,1.60
2009.03.20 08:23:48.586,8.00745,8.0145,1.60,1.40
2009.03.20 08:23:49.166,8.0078,8.01455,1.60,1.60
2009.03.20 08:23:49.586,8.0078,8.01445,1.60,1.60
2009.03.20 08:23:49.755,8.0078,8.0144,1.60,1.60
2009.03.20 08:23:50.605,8.0078,8.0145,1.60,1.60
2009.03.20 08:23:52.045,8.0078,8.01435,1.60,1.60
2009.03.20 08:23:52.395,8.00775,8.01435,1.60,1.60
2009.03.20 08:23:54.174,8.0078,8.01435,1.60,1.60
2009.03.20 08:23:56.004,8.00755,8.0141,1.60,1.60
2009.03.20 08:23:56.754,8.00755,8.0139,1.60,1.60
2009.03.20 08:23:57.214,8.00755,8.0138,1.60,1.60
2009.03.20 08:23:57.444,8.00755,8.01405,1.60,1.60
2009.03.20 08:23:57.674,8.00755,8.0139,1.60,1.60
2009.03.20 08:23:57.914,8.0074,8.0144,1.60,1.60
2009.03.20 08:23:58.024,8.00745,8.0144,1.60,1.60
2009.03.20 08:23:58.393,8.00745,8.0145,1.60,1.40
2009.03.20 08:23:58.753,8.0075,8.01455,1.60,3.00
2009.03.20 08:23:59.453,8.0075,8.01455,1.60,1.40
2009.03.20 08:23:59.683,8.00805,8.01475,1.60,1.60
2009.03.20 08:23:59.743,8.00805,8.0149,1.60,1.60
2009.03.20 08:23:59.973,8.0081,8.0149,1.60,1.60
2009.03.20 08:24:02.202,8.00845,8.01495,1.60,1.60
2009.03.20 08:24:14.250,8.00845,8.0149,1.60,1.60
2009.03.20 08:24:14.419,8.0084,8.0149,1.60,1.60
2009.03.20 08:24:17.599,8.0084,8.01495,1.60,1.60
2009.03.20 08:24:17.949,8.00845,8.01495,1.60,1.60
2009.03.20 08:24:18.758,8.00845,8.0149,1.60,1.60
2009.03.20 08:24:23.607,8.00845,8.0151,1.60,1.60
2009.03.20 08:24:24.177,8.00845,8.015,1.60,1.60
2009.03.20 08:24:24.567,8.00845,8.01495,1.60,1.60
2009.03.20 08:24:25.067,8.00875,8.015,1.60,1.60
2009.03.20 08:24:25.788,8.00905,8.01565,1.60,1.60
2009.03.20 08:24:26.348,8.00905,8.01605,1.60,1.40
2009.03.20 08:24:26.847,8.00925,8.0162,1.60,1.60
2009.03.20 08:24:27.066,8.00925,8.0161,1.60,1.60
2009.03.20 08:24:27.566,8.00925,8.0157,1.60,1.60
2009.03.20 08:24:27.916,8.00925,8.01555,1.60,1.60
2009.03.20 08:24:29.406,8.00885,8.01555,1.60,1.60
2009.03.20 08:24:29.806,8.00885,8.0151,1.60,1.60
2009.03.20 08:24:29.966,8.00825,8.0151,1.60,1.60
2009.03.20 08:24:30.436,8.00825,8.0153,1.60,1.40
2009.03.20 08:24:30.606,8.00825,8.015,1.60,1.60
2009.03.20 08:24:31.116,8.00895,8.01555,1.60,1.60
2009.03.20 08:24:32.065,8.00895,8.0156,1.60,1.60
2009.03.20 08:24:32.635,8.00895,8.01555,1.60,1.60
2009.03.20 08:24:32.875,8.00905,8.01555,1.60,1.60
2009.03.20 08:24:41.203,8.00905,8.0155,1.60,1.60
2009.03.20 08:24:42.223,8.0093,8.0158,1.60,1.60
2009.03.20 08:24:42.563,8.0093,8.01635,1.60,1.40
2009.03.20 08:24:43.063,8.01,8.01655,1.60,1.60
2009.03.20 08:24:43.223,8.01,8.0169,1.60,1.60
2009.03.20 08:24:43.732,8.01,8.01685,1.60,1.60
2009.03.20 08:24:45.902,8.0103,8.01685,1.60,1.60
2009.03.20 08:24:46.252,8.0103,8.01735,1.60,1.40
2009.03.20 08:24:46.632,8.01035,8.0174,1.60,1.40
2009.03.20 08:24:46.812,8.01035,8.01645,1.60,1.60
2009.03.20 08:24:47.032,8.01035,8.0165,1.60,1.60
2009.03.20 08:24:47.621,8.00975,8.01695,1.60,3.00
2009.03.20 08:24:47.892,8.00975,8.01675,1.60,1.40
2009.03.20 08:24:53.810,8.0114,8.01805,1.60,1.60
2009.03.20 08:24:54.040,8.0114,8.01855,1.60,1.60
2009.03.20 08:24:54.580,8.01145,8.01855,1.60,1.60
2009.03.20 08:24:55.670,8.01155,8.01855,1.60,1.60
2009.03.20 08:24:55.840,8.0116,8.01855,1.60,1.60
2009.03.20 08:24:56.249,8.0116,8.01805,1.60,1.60
2009.03.20 08:25:01.008,8.0115,8.01805,1.60,1.60
2009.03.20 08:25:01.069,8.0115,8.0184,1.60,1.60
2009.03.20 08:25:01.398,8.01155,8.0184,1.60,1.60
2009.03.20 08:25:01.758,8.0116,8.0186,1.60,1.60
2009.03.20 08:25:02.228,8.0116,8.01865,1.60,3.00
2009.03.20 08:25:02.738,8.01205,8.0191,1.60,3.00
2009.03.20 08:25:03.028,8.01205,8.0191,1.60,1.40
2009.03.20 08:25:03.248,8.01235,8.01915,1.60,1.60
2009.03.20 08:25:03.877,8.0123,8.0191,1.60,1.60
2009.03.20 08:25:04.147,8.0123,8.019,1.60,1.60
2009.03.20 08:25:04.498,8.01225,8.019,1.60,1.60
2009.03.20 08:25:05.837,8.0129,8.0196,1.60,1.60
2009.03.20 08:25:06.347,8.01235,8.01955,1.60,1.60
2009.03.20 08:25:06.527,8.01235,8.0196,1.60,1.40
2009.03.20 08:25:07.367,8.01275,8.0198,1.60,1.40
2009.03.20 08:25:07.757,8.01275,8.0198,1.60,3.00
2009.03.20 08:25:08.326,8.0131,8.0198,1.60,1.60
2009.03.20 08:25:09.236,8.0131,8.01985,1.60,1.60
2009.03.20 08:25:09.906,8.0131,8.01965,1.60,1.60
2009.03.20 08:25:10.086,8.0131,8.0197,1.60,1.60
2009.03.20 08:25:11.176,8.0131,8.0192,1.60,1.60
2009.03.20 08:25:11.416,8.0131,8.01965,1.60,1.60
2009.03.20 08:25:11.656,8.0131,8.02015,1.60,1.40
2009.03.20 08:25:12.006,8.01255,8.0196,1.60,1.40
2009.03.20 08:25:12.535,8.01255,8.01945,1.60,1.60
2009.03.20 08:25:12.876,8.013,8.01945,1.60,1.60
2009.03.20 08:25:13.905,8.01245,8.01945,1.60,1.60
2009.03.20 08:25:14.245,8.01265,8.01955,1.60,1.60
2009.03.20 08:25:14.635,8.0129,8.0196,1.60,1.60
2009.03.20 08:25:15.235,8.0129,8.0192,1.60,1.60
2009.03.20 08:25:15.345,8.01265,8.0192,1.60,1.60
2009.03.20 08:25:15.865,8.01295,8.0198,1.60,1.60
2009.03.20 08:25:16.145,8.01295,8.0197,1.60,1.60
2009.03.20 08:25:17.846,8.0133,8.02005,1.60,1.60
2009.03.20 08:25:18.424,8.0133,8.02035,1.60,1.40
2009.03.20 08:25:19.334,8.0137,8.02025,1.60,1.60
2009.03.20 08:25:19.784,8.0137,8.0198,1.60,1.60
2009.03.20 08:25:20.084,8.01245,8.0193,1.60,1.60
2009.03.20 08:25:20.584,8.01245,8.0197,1.60,1.40
2009.03.20 08:25:21.393,8.01365,8.0203,1.60,1.60
2009.03.20 08:25:22.603,8.01415,8.0203,1.60,1.60
2009.03.20 08:25:23.053,8.0141,8.02105,1.60,1.60
2009.03.20 08:25:23.113,8.0141,8.0209,1.60,1.60
2009.03.20 08:25:23.473,8.0145,8.0209,1.60,1.60
2009.03.20 08:25:23.693,8.0145,8.02095,1.60,1.60
2009.03.20 08:25:24.273,8.0147,8.0215,1.60,1.60
2009.03.20 08:25:24.603,8.015,8.0219,1.60,1.60
2009.03.20 08:25:25.414,8.015,8.0221,1.60,1.40
2009.03.20 08:25:25.653,8.015,8.02205,1.60,1.40
2009.03.20 08:25:25.712,8.0157,8.02275,1.60,1.40
2009.03.20 08:25:26.842,8.01565,8.0227,1.60,1.40
2009.03.20 08:25:27.062,8.015,8.0215,1.40,1.00
2009.03.20 08:25:27.943,8.01465,8.0212,1.60,1.00
2009.03.20 08:25:30.011,8.01425,8.0213,1.60,2.40
2009.03.20 08:25:30.751,8.014,8.0205,2.20,1.00
2009.03.20 08:25:31.261,8.014,8.0204,2.20,1.00
2009.03.20 08:25:31.731,8.01375,8.0201,2.20,1.00
2009.03.20 08:25:32.381,8.01395,8.0199,1.40,1.00
2009.03.20 08:25:32.611,8.01395,8.0202,2.20,1.00
2009.03.20 08:25:34.490,8.01395,8.0203,2.20,1.00
2009.03.20 08:25:34.660,8.01375,8.0203,3.20,1.00
2009.03.20 08:25:35.000,8.01395,8.0203,1.40,1.00
2009.03.20 08:25:35.340,8.01395,8.0203,2.20,1.00
2009.03.20 08:25:36.210,8.01375,8.0203,3.20,1.00
2009.03.20 08:25:36.620,8.01375,8.02,3.20,1.00
2009.03.20 08:25:37.759,8.01375,8.0199,3.20,1.00
2009.03.20 08:25:38.049,8.01335,8.0199,1.60,1.00
2009.03.20 08:25:38.439,8.01335,8.0193,1.60,1.00
2009.03.20 08:25:38.969,8.01335,8.0191,1.60,1.00
2009.03.20 08:25:39.259,8.0126,8.0191,1.60,1.00
2009.03.20 08:25:40.289,8.01255,8.0189,1.60,1.00
2009.03.20 08:25:41.608,8.01225,8.0184,3.20,1.00
2009.03.20 08:25:41.839,8.01325,8.0184,1.60,1.00
2009.03.20 08:25:42.128,8.01365,8.019,1.60,1.00
2009.03.20 08:25:42.308,8.0124,8.019,1.40,1.00
2009.03.20 08:25:42.648,8.0136,8.019,1.60,1.00
2009.03.20 08:25:43.598,8.0136,8.0187,1.60,1.00
2009.03.20 08:25:44.008,8.01235,8.0187,3.20,1.00
2009.03.20 08:25:44.358,8.01355,8.019,1.60,1.00
2009.03.20 08:25:44.868,8.0141,8.0195,1.60,1.40
2009.03.20 08:25:45.208,8.0142,8.0195,1.60,1.40
2009.03.20 08:25:45.327,8.0132,8.0195,2.20,1.40
2009.03.20 08:25:45.898,8.01415,8.0196,1.60,1.00
2009.03.20 08:25:46.827,8.0142,8.0196,1.60,1.00
2009.03.20 08:25:47.507,8.0132,8.0196,1.40,1.00
2009.03.20 08:25:47.727,8.01435,8.0194,1.60,1.00
2009.03.20 08:25:48.137,8.01435,8.0197,1.60,1.00
2009.03.20 08:25:48.487,8.01305,8.0197,1.60,1.00
2009.03.20 08:25:48.657,8.0142,8.0197,1.60,1.00
2009.03.20 08:25:49.047,8.0144,8.0197,1.60,1.00
2009.03.20 08:25:50.656,8.01455,8.0197,1.60,1.00
2009.03.20 08:25:51.496,8.0149,8.02,1.60,1.00
2009.03.20 08:25:52.126,8.01495,8.02,1.60,1.00
2009.03.20 08:25:53.486,8.0149,8.02,1.60,1.00
2009.03.20 08:25:53.775,8.0149,8.02035,1.60,1.40
2009.03.20 08:25:54.006,8.0154,8.0206,1.60,1.00
2009.03.20 08:25:54.176,8.0155,8.0206,1.60,1.00
2009.03.20 08:25:54.575,8.0158,8.0208,1.60,1.00
2009.03.20 08:25:55.185,8.01605,8.0211,1.60,1.00
2009.03.20 08:25:56.285,8.0161,8.0211,1.60,1.00
2009.03.20 08:26:03.893,8.01605,8.0211,1.60,1.00
2009.03.20 08:26:07.062,8.01445,8.0194,1.60,1.00
2009.03.20 08:26:07.342,8.01445,8.01955,1.60,1.40
2009.03.20 08:26:07.582,8.0148,8.01955,1.60,1.40
2009.03.20 08:26:07.842,8.0148,8.02,1.60,1.00
2009.03.20 08:26:09.542,8.0144,8.0197,1.60,1.00
2009.03.20 08:26:09.772,8.01425,8.0197,1.60,1.00
2009.03.20 08:26:13.031,8.0121,8.0187,1.60,1.00
2009.03.20 08:26:13.261,8.0128,8.0184,1.60,1.00
2009.03.20 08:26:13.751,8.01155,8.0184,2.20,1.00
2009.03.20 08:26:14.450,8.01285,8.0182,1.60,1.00
2009.03.20 08:26:14.740,8.0129,8.0182,1.60,1.00
2009.03.20 08:26:15.430,8.01295,8.0182,1.60,1.00
2009.03.20 08:26:16.470,8.01325,8.0185,1.60,1.00
2009.03.20 08:26:16.920,8.01335,8.0185,1.60,1.00
2009.03.20 08:26:17.271,8.01325,8.0182,1.60,1.00
2009.03.20 08:26:17.740,8.0132,8.0185,1.60,1.00
2009.03.20 08:26:18.290,8.0132,8.0181,1.60,1.00
2009.03.20 08:26:18.460,8.0132,8.0176,1.60,1.00
2009.03.20 08:26:18.859,8.0126,8.0176,1.60,1.00
2009.03.20 08:26:19.190,8.01255,8.0176,1.60,1.00
2009.03.20 08:26:20.209,8.01255,8.0179,1.60,2.40
2009.03.20 08:26:20.389,8.01265,8.0178,1.60,1.00
2009.03.20 08:26:20.609,8.01265,8.0179,1.60,1.40
2009.03.20 08:26:20.959,8.01285,8.0179,1.60,1.40
2009.03.20 08:26:21.119,8.013,8.0179,1.60,1.40
2009.03.20 08:26:21.739,8.013,8.01815,1.60,1.40
2009.03.20 08:26:22.019,8.0126,8.0181,1.60,1.00
2009.03.20 08:26:22.349,8.0126,8.0178,1.60,1.00
2009.03.20 08:26:22.809,8.0124,8.0175,1.60,1.00
2009.03.20 08:26:23.108,8.01235,8.0175,1.60,1.00
2009.03.20 08:26:26.558,8.0119,8.0169,1.60,1.00
2009.03.20 08:26:26.787,8.0117,8.0172,1.60,1.00
2009.03.20 08:26:27.297,8.0116,8.0169,1.60,1.00
2009.03.20 08:26:27.887,8.0117,8.0169,1.60,1.00
2009.03.20 08:26:28.877,8.0117,8.0172,1.60,1.00
2009.03.20 08:26:29.097,8.012,8.0169,1.60,1.00
2009.03.20 08:26:29.627,8.0116,8.0169,1.60,1.00
2009.03.20 08:26:29.787,8.01175,8.0169,1.60,1.00
2009.03.20 08:26:30.137,8.0117,8.0169,1.60,1.00
2009.03.20 08:26:32.257,8.0117,8.01735,1.60,1.40
2009.03.20 08:26:32.646,8.0126,8.0181,1.60,1.00
2009.03.20 08:26:34.386,8.0111,8.0178,3.20,1.00
2009.03.20 08:26:34.676,8.0111,8.0175,3.20,1.00
2009.03.20 08:26:35.985,8.0113,8.0178,1.60,1.00
2009.03.20 08:26:36.326,8.0113,8.0176,1.60,1.00
2009.03.20 08:26:36.505,8.0113,8.0172,1.60,1.00
2009.03.20 08:26:36.795,8.0113,8.0176,1.60,1.00
2009.03.20 08:26:37.475,8.0111,8.0176,2.20,1.00
2009.03.20 08:26:38.105,8.0118,8.0176,1.60,1.00
2009.03.20 08:26:38.695,8.01185,8.0176,1.60,1.00
2009.03.20 08:26:39.275,8.0121,8.0176,1.60,1.00
2009.03.20 08:26:42.864,8.0121,8.0172,1.60,1.00
2009.03.20 08:26:43.134,8.01175,8.0172,1.60,1.00
2009.03.20 08:26:43.313,8.012,8.0176,1.60,2.40
2009.03.20 08:26:43.584,8.01195,8.0176,1.60,2.40
2009.03.20 08:26:43.754,8.01205,8.0176,1.60,1.00
2009.03.20 08:26:44.153,8.0121,8.01765,1.60,1.40
2009.03.20 08:26:44.503,8.01235,8.01765,1.60,1.40
2009.03.20 08:26:44.853,8.01235,8.0175,1.60,1.00
2009.03.20 08:26:45.203,8.0122,8.0175,1.60,1.00
2009.03.20 08:26:48.762,8.01225,8.0175,1.60,1.00
2009.03.20 08:26:52.142,8.0123,8.0175,1.60,1.00
2009.03.20 08:26:52.501,8.0123,8.0178,1.60,1.00
2009.03.20 08:26:52.731,8.01235,8.0178,1.60,1.00
2009.03.20 08:26:59.769,8.0125,8.0178,1.60,1.00
2009.03.20 08:27:02.269,8.0124,8.0172,1.60,1.00
2009.03.20 08:27:02.609,8.01205,8.0172,1.60,1.00
2009.03.20 08:27:03.289,8.01085,8.0169,1.60,1.00
2009.03.20 08:27:03.719,8.01085,8.0166,1.60,1.00
2009.03.20 08:27:04.068,8.01085,8.016,1.60,1.00
2009.03.20 08:27:04.759,8.01105,8.0154,1.60,1.00
2009.03.20 08:27:05.168,8.01105,8.0151,1.60,1.00
2009.03.20 08:27:06.418,8.0105,8.0151,1.60,1.00
2009.03.20 08:27:06.638,8.0105,8.0157,1.60,1.00
2009.03.20 08:27:06.978,8.0102,8.016,1.60,1.00
2009.03.20 08:27:07.278,8.01055,8.016,1.60,1.00
2009.03.20 08:27:08.287,8.01065,8.016,1.60,1.00
2009.03.20 08:27:08.677,8.01065,8.01635,1.60,1.40
2009.03.20 08:27:09.017,8.01005,8.0163,1.40,1.00
2009.03.20 08:27:09.357,8.01005,8.01635,1.40,1.40
2009.03.20 08:27:09.587,8.01085,8.01635,1.60,1.40
2009.03.20 08:27:11.117,8.01105,8.016,1.60,1.40
2009.03.20 08:27:12.257,8.011,8.016,1.60,1.40
2009.03.20 08:27:12.547,8.011,8.016,1.60,1.00
2009.03.20 08:27:12.767,8.01075,8.016,1.60,1.00
2009.03.20 08:27:13.826,8.01075,8.0157,1.60,1.00
2009.03.20 08:27:14.156,8.0092,8.0157,1.60,1.00
2009.03.20 08:27:14.546,8.00975,8.0151,1.60,1.00
2009.03.20 08:27:14.886,8.00975,8.0154,1.60,1.00
2009.03.20 08:27:15.286,8.00935,8.0154,1.40,1.00
2009.03.20 08:27:15.456,8.00935,8.01575,1.40,1.40
2009.03.20 08:27:15.847,8.01025,8.01575,1.60,1.40
2009.03.20 08:27:16.016,8.0104,8.01575,1.60,1.40
2009.03.20 08:27:16.246,8.0103,8.01575,1.60,1.40
2009.03.20 08:27:16.425,8.0103,8.016,1.60,1.00
2009.03.20 08:27:16.655,8.01035,8.016,1.60,1.00
2009.03.20 08:27:17.965,8.01055,8.0157,1.60,1.00
2009.03.20 08:27:18.385,8.0089,8.0157,1.60,1.00
2009.03.20 08:27:18.565,8.0089,8.0151,1.60,1.00
2009.03.20 08:27:19.695,8.0091,8.0149,1.60,1.00
2009.03.20 08:27:20.035,8.00925,8.0146,1.60,1.00
2009.03.20 08:27:20.315,8.0092,8.0146,1.60,1.00
2009.03.20 08:27:20.724,8.0088,8.0143,1.60,1.00
2009.03.20 08:27:21.074,8.0087,8.014,1.60,1.00
2009.03.20 08:27:21.704,8.0087,8.0143,1.60,1.00
2009.03.20 08:27:21.754,8.00865,8.0143,1.60,1.00
2009.03.20 08:27:22.054,8.00865,8.014,1.60,1.00
2009.03.20 08:27:27.273,8.0087,8.014,1.60,1.00
2009.03.20 08:27:28.182,8.00875,8.014,1.60,1.00
2009.03.20 08:27:28.403,8.00875,8.0143,1.60,2.40
2009.03.20 08:27:28.512,8.00875,8.0143,1.60,1.00
2009.03.20 08:27:28.832,8.00885,8.0143,1.60,1.00
2009.03.20 08:27:29.292,8.00905,8.0145,1.60,1.40
2009.03.20 08:27:29.532,8.00925,8.0145,1.60,1.40
2009.03.20 08:27:29.932,8.00925,8.0144,1.60,1.40
2009.03.20 08:27:31.392,8.00985,8.0151,1.60,1.00
2009.03.20 08:27:31.802,8.00995,8.0151,1.60,1.00
2009.03.20 08:27:37.141,8.01135,8.0156,1.60,1.00
2009.03.20 08:27:37.950,8.0112,8.0156,1.60,1.00
2009.03.20 08:27:38.280,8.01165,8.0168,1.60,2.40
2009.03.20 08:27:38.630,8.01165,8.0158,1.60,1.00
2009.03.20 08:27:39.410,8.01175,8.0158,1.60,1.00
2009.03.20 08:27:40.270,8.0118,8.0156,1.60,1.00
2009.03.20 08:27:45.518,8.0118,8.0153,1.60,1.00
2009.03.20 08:27:45.628,8.01145,8.0153,1.60,1.00
2009.03.20 08:27:47.168,8.0115,8.0153,1.60,1.00
2009.03.20 08:27:52.747,8.0114,8.0159,3.00,1.00
2009.03.20 08:27:52.917,8.012,8.0159,1.60,1.00
2009.03.20 08:27:53.207,8.0122,8.0169,1.60,1.00
2009.03.20 08:27:53.647,8.0123,8.0169,1.60,1.00
2009.03.20 08:27:54.266,8.01225,8.0167,1.60,1.00
2009.03.20 08:27:55.136,8.01235,8.0167,1.60,1.00
2009.03.20 08:27:55.306,8.01235,8.0161,1.60,1.00
2009.03.20 08:27:55.656,8.01205,8.0161,1.60,1.00
2009.03.20 08:27:56.006,8.0117,8.0164,1.40,1.00
2009.03.20 08:27:56.236,8.01215,8.0164,1.60,1.00
2009.03.20 08:27:59.155,8.01215,8.0176,1.60,1.40
2009.03.20 08:27:59.395,8.0126,8.0176,1.60,1.40
2009.03.20 08:27:59.575,8.01125,8.01795,1.60,1.60
2009.03.20 08:28:00.954,8.01045,8.017,1.60,1.00
2009.03.20 08:28:03.744,8.01035,8.0165,1.60,1.00
2009.03.20 08:28:03.864,8.011,8.0177,1.60,1.60
2009.03.20 08:28:04.094,8.011,8.01775,1.60,1.60
2009.03.20 08:28:04.774,8.0109,8.01775,1.60,1.60
2009.03.20 08:28:05.694,8.0121,8.0169,1.60,1.60
2009.03.20 08:28:05.914,8.00895,8.0156,1.60,1.00
2009.03.20 08:28:06.094,8.00905,8.0153,1.60,1.00
2009.03.20 08:28:06.443,8.01025,8.0153,1.60,1.00
2009.03.20 08:28:06.623,8.00845,8.015,1.60,1.00
2009.03.20 08:28:08.123,8.00885,8.0145,1.60,1.00
2009.03.20 08:28:08.513,8.00855,8.0145,1.60,1.00
2009.03.20 08:28:08.683,8.00855,8.0142,1.60,1.00
2009.03.20 08:28:09.043,8.0082,8.0136,1.60,1.00
2009.03.20 08:28:09.393,8.0082,8.0133,1.60,1.00
2009.03.20 08:28:09.842,8.0069,8.0131,1.60,1.00
2009.03.20 08:28:10.193,8.0069,8.0128,1.60,1.00
2009.03.20 08:28:10.882,8.00685,8.0128,1.60,1.00
2009.03.20 08:28:11.103,8.0068,8.0128,1.60,1.00
2009.03.20 08:28:13.512,8.0068,8.0125,1.60,1.00
2009.03.20 08:28:13.802,8.0065,8.0125,1.60,1.00
2009.03.20 08:28:15.571,8.0064,8.0125,3.00,1.00
2009.03.20 08:28:16.011,8.0079,8.0128,1.60,1.00
2009.03.20 08:28:16.741,8.0081,8.0128,1.60,1.00
2009.03.20 08:28:17.081,8.00875,8.0133,1.60,1.00
2009.03.20 08:28:17.721,8.0088,8.0133,1.60,1.00
2009.03.20 08:28:18.341,8.00895,8.0133,1.60,1.00
2009.03.20 08:28:18.570,8.00905,8.0133,1.60,1.00
2009.03.20 08:28:19.061,8.0087,8.0133,1.60,1.00
2009.03.20 08:28:19.671,8.00695,8.0127,1.60,1.00
2009.03.20 08:28:24.229,8.01005,8.0148,1.60,1.00
2009.03.20 08:28:24.799,8.0096,8.0151,1.40,1.00
2009.03.20 08:28:25.429,8.0088,8.0148,1.60,1.00
2009.03.20 08:28:26.348,8.0088,8.0151,3.00,1.00
2009.03.20 08:28:26.518,8.01035,8.0151,1.60,1.00
2009.03.20 08:28:27.568,8.0089,8.0151,1.60,1.00
2009.03.20 08:28:29.848,8.01065,8.0154,1.60,1.00
2009.03.20 08:28:30.138,8.00905,8.0154,1.60,1.00
2009.03.20 08:28:35.376,8.00935,8.0154,1.60,1.00
2009.03.20 08:28:38.106,8.012,8.0163,1.60,1.00
2009.03.20 08:28:39.735,8.0109,8.0174,3.00,1.00
2009.03.20 08:28:39.965,8.0109,8.0171,1.60,1.00
2009.03.20 08:28:40.365,8.01065,8.0181,1.60,2.40
2009.03.20 08:28:40.775,8.01245,8.0176,1.60,1.00
2009.03.20 08:28:41.225,8.0124,8.0176,1.60,1.00
2009.03.20 08:28:41.605,8.01245,8.0174,1.60,1.00
2009.03.20 08:28:44.114,8.00895,8.0147,1.60,1.00
2009.03.20 08:28:44.564,8.00795,8.0154,1.60,2.40
2009.03.20 08:28:45.974,8.00815,8.0151,1.60,1.60
2009.03.20 08:28:46.094,8.00815,8.0138,1.60,1.00
2009.03.20 08:28:46.454,8.00755,8.0135,1.60,1.00
2009.03.20 08:28:47.393,8.0072,8.0133,3.00,1.00
2009.03.20 08:28:50.093,8.00735,8.0133,1.60,1.00
2009.03.20 08:28:52.252,8.00865,8.0139,1.60,1.00
2009.03.20 08:28:52.492,8.007,8.0139,3.00,1.00
2009.03.20 08:28:53.062,8.00705,8.0139,1.60,1.00
2009.03.20 08:28:54.182,8.00895,8.0139,1.60,1.00
2009.03.20 08:28:55.382,8.00945,8.0139,1.60,1.00
2009.03.20 08:28:55.732,8.0094,8.0139,1.60,1.00
2009.03.20 08:28:57.701,8.0095,8.0139,1.60,1.00
2009.03.20 08:28:58.091,8.0096,8.0145,1.60,1.00
2009.03.20 08:28:59.040,8.0096,8.0139,1.60,1.00
2009.03.20 08:28:59.320,8.00965,8.0139,1.60,1.00
2009.03.20 08:29:01.610,8.0094,8.0139,1.60,1.00
2009.03.20 08:29:02.910,8.00715,8.0146,1.60,2.40
2009.03.20 08:29:13.077,8.01285,8.0159,1.60,1.00
2009.03.20 08:29:15.896,8.01265,8.0156,1.60,1.00
2009.03.20 08:29:16.296,8.01275,8.0156,1.60,1.00
2009.03.20 08:29:16.776,8.0127,8.0156,1.60,1.00
2009.03.20 08:29:18.036,8.0128,8.0159,1.60,1.00
2009.03.20 08:29:18.316,8.01285,8.0159,1.60,1.00
2009.03.20 08:29:20.795,8.0132,8.0159,1.60,1.00
2009.03.20 08:29:21.065,8.0133,8.0162,1.60,1.00
2009.03.20 08:29:21.735,8.01325,8.0162,1.60,1.00
2009.03.20 08:29:28.264,8.0132,8.0162,1.60,1.00
2009.03.20 08:29:29.893,8.0132,8.0165,1.60,1.00
2009.03.20 08:29:30.113,8.01365,8.0165,1.60,1.00
2009.03.20 08:29:30.943,8.0132,8.0162,1.60,1.00
2009.03.20 08:29:31.283,8.0138,8.0168,1.60,1.00
2009.03.20 08:29:31.633,8.01395,8.0171,1.60,1.00
2009.03.20 08:29:32.153,8.01415,8.0171,1.60,1.00
2009.03.20 08:29:34.322,8.01415,8.0176,1.60,1.00
2009.03.20 08:29:34.712,8.0147,8.0181,1.60,1.00
2009.03.20 08:29:35.062,8.0147,8.0194,1.60,2.40
2009.03.20 08:29:35.232,8.01475,8.0184,1.60,1.00
2009.03.20 08:29:35.622,8.01485,8.0184,1.60,1.00
2009.03.20 08:29:37.661,8.0149,8.0182,1.60,1.00
2009.03.20 08:29:38.181,8.01475,8.0182,1.60,1.00
2009.03.20 08:29:42.110,8.01505,8.0186,1.60,1.00
2009.03.20 08:29:45.689,8.01495,8.0182,1.60,1.00
2009.03.20 08:29:48.329,8.01495,8.0176,1.60,1.00
2009.03.20 08:29:48.639,8.0146,8.0176,1.60,1.00
2009.03.20 08:29:50.568,8.0146,8.0179,1.60,1.00
2009.03.20 08:29:50.628,8.01495,8.0179,1.60,1.00
2009.03.20 08:29:51.038,8.01515,8.0179,1.60,1.00
2009.03.20 08:29:51.438,8.01495,8.0179,1.60,1.00
2009.03.20 08:29:52.218,8.0151,8.0179,1.60,1.00
2009.03.20 08:29:53.359,8.01505,8.0179,1.60,1.00
2009.03.20 08:29:56.167,8.0151,8.0179,1.60,1.00
2009.03.20 08:29:57.746,8.01505,8.0179,1.60,1.00
2009.03.20 08:29:58.216,8.01455,8.0174,1.60,1.00
2009.03.20 08:29:58.796,8.014,8.0174,1.60,1.00
2009.03.20 08:29:59.006,8.012,8.0171,3.00,1.00
2009.03.20 08:29:59.456,8.0135,8.0165,1.60,1.00
2009.03.20 08:29:59.696,8.0114,8.0165,3.00,1.00
2009.03.20 08:29:59.976,8.01295,8.0162,1.60,1.00
2009.03.20 08:30:00.206,8.0128,8.0162,1.60,1.00
2009.03.20 08:30:01.806,8.0132,8.0159,1.60,1.00
2009.03.20 08:30:02.126,8.01045,8.0153,1.60,1.00
2009.03.20 08:30:02.476,8.01185,8.0153,1.60,1.00
2009.03.20 08:30:02.655,8.0122,8.0156,1.60,1.00
2009.03.20 08:30:04.125,8.0127,8.0156,1.60,1.00
2009.03.20 08:30:04.295,8.0127,8.0159,1.60,1.00
2009.03.20 08:30:06.494,8.0124,8.0159,1.60,1.00
2009.03.20 08:30:07.294,8.0127,8.0159,1.60,1.00
2009.03.20 08:30:08.144,8.01275,8.0159,1.60,1.00
2009.03.20 08:30:08.994,8.01265,8.0156,1.60,1.00
2009.03.20 08:30:09.734,8.0126,8.0156,1.60,1.00
2009.03.20 08:30:10.543,8.0126,8.0159,1.60,1.00
2009.03.20 08:30:10.723,8.01275,8.0159,1.60,1.00
2009.03.20 08:30:11.293,8.013,8.0164,1.60,1.00
2009.03.20 08:30:11.683,8.0131,8.0164,1.60,1.00
2009.03.20 08:30:12.133,8.0132,8.0164,1.60,1.00
2009.03.20 08:30:12.813,8.01295,8.0164,1.60,1.00
2009.03.20 08:30:13.263,8.01275,8.0159,1.60,1.00
2009.03.20 08:30:13.553,8.01265,8.0159,1.60,1.00
2009.03.20 08:30:13.843,8.01265,8.0156,1.60,1.00
2009.03.20 08:30:14.073,8.01275,8.0156,1.60,1.00
2009.03.20 08:30:15.262,8.01265,8.0156,1.60,1.00
2009.03.20 08:30:16.772,8.0122,8.0153,1.60,1.00
2009.03.20 08:30:16.892,8.01225,8.0153,1.60,1.00
2009.03.20 08:30:19.811,8.0123,8.0153,1.60,1.00
2009.03.20 08:30:21.841,8.0123,8.0146,1.60,1.00
2009.03.20 08:30:22.071,8.0111,8.0143,1.60,1.00
2009.03.20 08:30:22.710,8.01085,8.0143,1.60,1.00
2009.03.20 08:30:23.690,8.01115,8.0141,1.60,1.00
2009.03.20 08:30:24.700,8.01125,8.0141,1.60,1.00
2009.03.20 08:30:25.720,8.01125,8.0144,1.60,1.00
2009.03.20 08:30:25.780,8.0115,8.0147,1.60,1.00
2009.03.20 08:30:26.050,8.0117,8.0147,1.60,1.00
2009.03.20 08:30:26.799,8.0116,8.0153,1.40,1.00
2009.03.20 08:30:27.079,8.0121,8.0153,1.60,1.00
2009.03.20 08:30:27.779,8.01275,8.0156,1.60,1.00
2009.03.20 08:30:28.279,8.01305,8.0159,1.60,1.00
2009.03.20 08:30:28.619,8.0128,8.0156,1.60,1.00
2009.03.20 08:30:28.969,8.0128,8.0159,1.60,1.00
2009.03.20 08:30:29.309,8.0129,8.0156,1.60,1.00
2009.03.20 08:30:29.799,8.01275,8.0159,1.60,1.00
2009.03.20 08:30:30.138,8.0128,8.0159,1.60,1.00
2009.03.20 08:30:30.309,8.01275,8.0159,1.60,1.00
2009.03.20 08:30:30.589,8.0132,8.0162,1.60,1.00
2009.03.20 08:30:30.748,8.01335,8.0162,1.60,1.00
2009.03.20 08:30:41.136,8.0134,8.0162,1.60,1.00
2009.03.20 08:30:49.934,8.0123,8.01565,1.40,1.60
2009.03.20 08:30:50.214,8.0123,8.0156,1.40,1.60
2009.03.20 08:30:50.914,8.0123,8.01565,1.40,1.60
2009.03.20 08:30:58.572,8.0128,8.01565,1.40,1.60
2009.03.20 08:30:58.962,8.0128,8.0161,1.40,1.60
2009.03.20 08:30:59.492,8.0131,8.0161,1.40,1.60
2009.03.20 08:30:59.841,8.0131,8.0163,1.40,1.60
2009.03.20 08:31:00.183,8.0131,8.01585,1.40,1.60
2009.03.20 08:31:00.351,8.0128,8.01585,1.40,1.60
2009.03.20 08:31:00.691,8.0128,8.0165,1.40,1.00
2009.03.20 08:31:01.431,8.0131,8.0168,1.40,1.00
2009.03.20 08:31:04.820,8.0134,8.017,1.40,1.60
2009.03.20 08:31:05.370,8.0137,8.0174,1.40,1.00
2009.03.20 08:31:06.390,8.0143,8.01755,1.40,1.60
2009.03.20 08:31:07.010,8.0143,8.0179,1.40,1.00
2009.03.20 08:31:07.410,8.014,8.0176,1.40,1.00
2009.03.20 08:31:08.020,8.0143,8.0179,1.40,1.00
2009.03.20 08:31:09.539,8.0146,8.0182,1.40,1.00
2009.03.20 08:31:13.918,8.0149,8.01835,1.40,1.60
2009.03.20 08:31:14.268,8.0152,8.0188,1.40,1.00
2009.03.20 08:31:15.258,8.0147,8.0188,1.40,1.00
2009.03.20 08:31:15.728,8.0116,8.0169,1.60,1.00
2009.03.20 08:31:15.948,8.0118,8.0163,1.40,1.00
2009.03.20 08:31:16.239,8.0118,8.01625,1.40,1.60
2009.03.20 08:31:17.009,8.0119,8.0156,1.40,1.00
2009.03.20 08:31:17.297,8.01065,8.0153,1.60,1.00
2009.03.20 08:31:17.587,8.0114,8.0153,1.40,1.00
2009.03.20 08:31:19.927,8.0119,8.0156,1.40,1.00
2009.03.20 08:31:20.616,8.0116,8.0153,1.40,1.00
2009.03.20 08:31:23.046,8.0119,8.0156,1.40,1.00
2009.03.20 08:31:24.575,8.0116,8.0153,1.40,1.00
2009.03.20 08:31:30.494,8.0119,8.0156,1.40,1.00
2009.03.20 08:31:30.824,8.0125,8.0162,1.40,1.00
2009.03.20 08:31:30.994,8.0124,8.0164,1.40,1.00
2009.03.20 08:31:32.564,8.0128,8.0165,1.40,1.00
2009.03.20 08:31:33.563,8.0125,8.0162,1.40,1.00
2009.03.20 08:31:34.543,8.0108,8.0156,1.60,1.00
2009.03.20 08:31:35.003,8.0117,8.0156,1.40,1.00
2009.03.20 08:31:36.133,8.01225,8.0156,1.60,1.00
2009.03.20 08:31:37.542,8.01215,8.0156,1.60,1.00
2009.03.20 08:31:42.151,8.01195,8.0156,1.60,1.00
2009.03.20 08:31:44.891,8.0125,8.0162,1.40,1.00
2009.03.20 08:31:45.110,8.0128,8.0165,1.40,1.00
2009.03.20 08:31:45.570,8.01285,8.0165,1.60,1.00
2009.03.20 08:31:45.800,8.0131,8.0168,1.40,1.00
2009.03.20 08:31:46.090,8.01355,8.0171,1.60,1.00
2009.03.20 08:31:50.119,8.013,8.017,1.40,1.00
2009.03.20 08:31:50.839,8.0131,8.0168,1.40,1.00
2009.03.20 08:31:51.219,8.01285,8.0165,1.60,1.00
2009.03.20 08:31:51.569,8.0134,8.0171,1.40,1.00
2009.03.20 08:31:53.388,8.0133,8.017,1.40,1.00
2009.03.20 08:31:53.778,8.01335,8.017,1.60,1.00
2009.03.20 08:31:56.478,8.0136,8.0172,1.40,1.00
2009.03.20 08:31:56.588,8.0134,8.017,1.40,1.00
2009.03.20 08:31:57.218,8.0135,8.017,1.60,1.00
2009.03.20 08:31:57.447,8.0135,8.0167,1.60,1.00
2009.03.20 08:31:57.857,8.01035,8.0167,1.60,1.00
2009.03.20 08:31:58.457,8.0103,8.0179,3.00,2.40
2009.03.20 08:32:00.667,8.01155,8.0167,1.60,1.00
2009.03.20 08:32:00.837,8.0115,8.0167,1.40,1.00
2009.03.20 08:32:01.877,8.012,8.0168,1.40,1.00
2009.03.20 08:32:05.325,8.0127,8.0174,1.60,1.00
2009.03.20 08:32:05.665,8.0131,8.0184,1.40,1.00
2009.03.20 08:32:06.565,8.0129,8.0177,1.40,1.00
2009.03.20 08:32:07.035,8.0128,8.0168,1.40,1.00
2009.03.20 08:32:09.324,8.0129,8.0168,1.60,1.00
2009.03.20 08:32:09.844,8.0128,8.0168,1.40,1.00
2009.03.20 08:32:10.375,8.0125,8.0165,1.40,1.00
2009.03.20 08:32:10.784,8.0128,8.0168,1.40,1.00
2009.03.20 08:32:11.234,8.0135,8.0175,1.40,1.00
2009.03.20 08:32:11.414,8.01325,8.0171,1.60,1.00
2009.03.20 08:32:11.644,8.0129,8.0171,1.40,1.00
2009.03.20 08:32:11.984,8.0128,8.0168,1.60,1.00
2009.03.20 08:32:12.204,8.0126,8.0168,1.40,1.00
2009.03.20 08:32:13.513,8.013,8.0174,1.40,1.00
2009.03.20 08:32:13.803,8.0137,8.0177,1.40,1.00
2009.03.20 08:32:14.154,8.0134,8.0174,1.40,1.00
2009.03.20 08:32:14.853,8.0134,8.0173,1.40,1.00
2009.03.20 08:32:17.202,8.0137,8.0176,1.40,1.00
2009.03.20 08:32:22.231,8.014,8.0176,1.40,1.00
2009.03.20 08:32:22.391,8.0143,8.0182,1.40,1.00
2009.03.20 08:32:22.842,8.0141,8.0176,1.60,1.00
2009.03.20 08:32:23.301,8.0137,8.0176,1.40,1.00
2009.03.20 08:32:27.570,8.0143,8.0182,1.40,1.00
2009.03.20 08:32:31.349,8.014,8.0179,1.40,1.00
2009.03.20 08:32:32.580,8.0134,8.0179,1.60,1.00
2009.03.20 08:32:33.039,8.014,8.0179,1.40,1.00
2009.03.20 08:32:34.518,8.0139,8.0179,1.40,1.00
2009.03.20 08:32:35.078,8.0144,8.0181,1.40,1.00
2009.03.20 08:32:35.338,8.0147,8.0184,1.40,1.00
2009.03.20 08:32:35.738,8.0144,8.0181,3.00,1.00
2009.03.20 08:32:36.318,8.01445,8.0181,1.60,1.00
2009.03.20 08:32:36.848,8.0144,8.0181,3.00,1.00
2009.03.20 08:32:37.828,8.0144,8.0181,1.40,1.00
2009.03.20 08:32:48.705,8.01495,8.018,1.60,1.00
2009.03.20 08:32:50.346,8.01495,8.0178,1.60,1.00
2009.03.20 08:32:50.685,8.0148,8.0178,1.60,1.00
2009.03.20 08:32:54.214,8.0141,8.0172,1.60,1.00
2009.03.20 08:32:54.603,8.0142,8.0172,1.60,1.00
2009.03.20 08:32:55.413,8.01415,8.0172,1.60,1.00
2009.03.20 08:32:55.703,8.0142,8.0172,1.60,1.00
2009.03.20 08:32:56.483,8.01425,8.0172,1.60,1.00
2009.03.20 08:33:06.351,8.0145,8.0175,1.60,1.00
2009.03.20 08:33:06.801,8.01445,8.0175,1.60,1.00
2009.03.20 08:33:09.410,8.01445,8.0179,1.60,1.00
2009.03.20 08:33:09.810,8.0138,8.0175,1.40,1.00
2009.03.20 08:33:28.796,8.0138,8.0169,1.40,1.00
2009.03.20 08:33:28.965,8.01215,8.0158,1.60,1.00
2009.03.20 08:33:29.195,8.0125,8.0153,1.60,1.20
2009.03.20 08:33:29.415,8.0113,8.0153,9.40,1.20
2009.03.20 08:33:29.685,8.0113,8.0141,8.00,1.00
2009.03.20 08:33:29.915,8.0093,8.0135,1.40,1.00
2009.03.20 08:33:30.535,8.00805,8.0128,1.60,1.00
2009.03.20 08:33:30.875,8.00805,8.0121,1.60,1.00
2009.03.20 08:33:31.385,8.0077,8.0121,1.60,1.00
2009.03.20 08:33:31.555,8.0077,8.012,1.60,1.00
2009.03.20 08:33:31.895,8.00705,8.012,1.60,1.00
2009.03.20 08:33:32.244,8.0083,8.0122,1.40,1.00
2009.03.20 08:33:32.694,8.00685,8.012,1.60,1.00
2009.03.20 08:33:33.264,8.0083,8.012,1.40,1.00
2009.03.20 08:33:34.004,8.0084,8.0127,1.40,1.00
2009.03.20 08:33:34.124,8.009,8.0128,1.40,1.00
2009.03.20 08:33:34.844,8.0095,8.0131,1.40,1.00
2009.03.20 08:33:36.225,8.0098,8.0134,1.40,1.00
2009.03.20 08:33:36.973,8.01,8.0137,1.40,1.00
2009.03.20 08:33:38.273,8.01,8.0137,3.00,1.00
2009.03.20 08:33:38.783,8.0101,8.0137,1.60,1.00
2009.03.20 08:33:39.563,8.0106,8.0143,1.40,1.00
2009.03.20 08:33:40.263,8.0109,8.0146,1.40,1.00
2009.03.20 08:33:40.893,8.0112,8.0149,1.40,1.00
2009.03.20 08:33:41.183,8.01105,8.0146,1.60,1.00
2009.03.20 08:33:41.462,8.0109,8.0146,1.40,1.00
2009.03.20 08:33:57.229,8.0116,8.0157,1.40,1.00
2009.03.20 08:33:57.528,8.0113,8.0158,1.40,1.00
2009.03.20 08:33:57.808,8.0112,8.0167,1.40,2.40
2009.03.20 08:33:57.978,8.0117,8.0158,1.40,1.00
2009.03.20 08:33:58.318,8.0125,8.0163,1.40,1.00
2009.03.20 08:33:58.698,8.0126,8.0168,1.40,1.00
2009.03.20 08:33:59.688,8.01225,8.0167,1.60,1.00
2009.03.20 08:34:00.178,8.01235,8.0167,1.60,1.00
2009.03.20 08:34:01.117,8.01235,8.0158,1.60,1.00
2009.03.20 08:34:01.358,8.0123,8.0161,1.40,1.00
2009.03.20 08:34:01.528,8.0123,8.0161,3.00,1.00
2009.03.20 08:34:02.037,8.012,8.0158,1.60,1.00
2009.03.20 08:34:02.737,8.0125,8.016,1.40,1.00
2009.03.20 08:34:02.847,8.01275,8.0161,1.60,1.00
2009.03.20 08:34:03.477,8.0131,8.0168,1.40,1.00
2009.03.20 08:34:03.707,8.01335,8.0168,1.60,1.00
2009.03.20 08:34:04.346,8.01345,8.0171,1.60,1.00
2009.03.20 08:34:04.926,8.0135,8.0171,1.60,1.00
2009.03.20 08:34:06.007,8.0135,8.0171,3.00,1.00
2009.03.20 08:34:06.177,8.0136,8.0172,1.60,1.00
2009.03.20 08:34:06.676,8.0136,8.0176,1.60,1.00
2009.03.20 08:34:06.966,8.0135,8.0176,3.00,1.00
2009.03.20 08:34:10.725,8.0141,8.0178,3.00,1.00
2009.03.20 08:34:11.775,8.0146,8.0181,1.40,1.00
2009.03.20 08:34:13.515,8.01455,8.0178,1.60,1.00
2009.03.20 08:34:13.804,8.0141,8.0178,3.00,1.00
2009.03.20 08:34:14.854,8.01415,8.0178,1.60,1.00
2009.03.20 08:34:21.633,8.0142,8.0178,1.40,1.00
2009.03.20 08:34:21.933,8.0155,8.0193,1.40,1.60
2009.03.20 08:34:22.223,8.01565,8.0194,1.60,1.00
2009.03.20 08:34:22.812,8.0156,8.0194,1.60,1.00
2009.03.20 08:34:23.152,8.0157,8.0192,1.40,1.00
2009.03.20 08:34:23.532,8.0159,8.0196,1.40,1.00
2009.03.20 08:34:23.702,8.01605,8.0196,1.60,1.00
2009.03.20 08:34:25.122,8.01605,8.0189,1.60,1.00
2009.03.20 08:34:25.512,8.01575,8.0189,1.60,1.00
2009.03.20 08:34:26.442,8.01535,8.0185,1.60,1.00
2009.03.20 08:34:26.831,8.01555,8.0185,1.60,1.00
2009.03.20 08:34:30.310,8.0158,8.0188,1.60,1.00
2009.03.20 08:34:30.820,8.01585,8.0188,1.60,1.00
2009.03.20 08:34:32.820,8.01585,8.0185,1.60,1.00
2009.03.20 08:34:33.100,8.01535,8.0185,1.60,1.00
2009.03.20 08:34:33.330,8.0155,8.0185,1.60,1.00
2009.03.20 08:34:34.129,8.01555,8.0185,1.60,1.00
2009.03.20 08:34:34.929,8.01555,8.0183,1.60,1.00
2009.03.20 08:34:35.139,8.01485,8.0183,1.60,1.00
2009.03.20 08:34:37.759,8.0149,8.0183,1.60,1.00
2009.03.20 08:34:38.098,8.01475,8.018,1.60,1.00
2009.03.20 08:34:38.378,8.01475,8.0179,1.60,1.00
2009.03.20 08:34:38.589,8.0148,8.0179,1.60,1.00
2009.03.20 08:34:39.038,8.0142,8.0173,1.60,1.00
2009.03.20 08:34:39.588,8.0144,8.0181,1.40,1.00
2009.03.20 08:34:39.978,8.015,8.0181,1.60,1.00
2009.03.20 08:34:41.758,8.015,8.0182,1.60,1.00
2009.03.20 08:34:42.388,8.01525,8.0182,1.60,1.00
2009.03.20 08:34:43.487,8.0156,8.0204,1.40,2.40
2009.03.20 08:34:43.937,8.01605,8.0194,1.60,1.00
2009.03.20 08:34:44.407,8.01545,8.0191,1.60,1.00
2009.03.20 08:34:44.807,8.01315,8.0186,1.60,1.00
2009.03.20 08:34:45.687,8.01315,8.0182,1.60,1.00
2009.03.20 08:34:46.007,8.0147,8.0182,1.60,1.00
2009.03.20 08:34:46.527,8.0146,8.0182,1.60,1.00
2009.03.20 08:34:48.436,8.0148,8.0179,1.60,1.00
2009.03.20 08:34:49.436,8.0144,8.01785,1.40,1.60
2009.03.20 08:34:58.164,8.0135,8.0172,1.40,1.00
2009.03.20 08:35:01.783,8.0118,8.0165,1.60,1.00
2009.03.20 08:35:02.692,8.0125,8.0165,1.40,1.00
2009.03.20 08:35:03.042,8.0128,8.0165,1.60,1.00
2009.03.20 08:35:04.082,8.01135,8.0154,1.60,1.00
2009.03.20 08:35:04.362,8.0095,8.0148,3.00,1.00
2009.03.20 08:35:04.693,8.0107,8.0148,1.60,1.00
2009.03.20 08:35:05.032,8.0108,8.0151,1.40,1.00
2009.03.20 08:35:08.002,8.01155,8.0152,1.60,1.00
2009.03.20 08:35:08.361,8.0112,8.0149,1.40,1.00
2009.03.20 08:35:08.711,8.0113,8.0149,1.40,1.00
2009.03.20 08:35:09.521,8.0113,8.0154,3.00,1.00
2009.03.20 08:35:09.981,8.0113,8.0154,1.40,1.00
2009.03.20 08:35:10.321,8.0113,8.0149,1.40,1.00
2009.03.20 08:35:10.841,8.01195,8.016,1.60,1.00
2009.03.20 08:35:11.351,8.0121,8.016,1.60,1.00
2009.03.20 08:35:11.581,8.0119,8.016,1.40,1.00
2009.03.20 08:35:12.201,8.01215,8.0158,1.60,1.00
2009.03.20 08:35:12.380,8.01215,8.0152,1.60,1.00
2009.03.20 08:35:12.740,8.01155,8.0149,1.60,1.00
2009.03.20 08:35:13.080,8.0113,8.0149,1.40,1.00
2009.03.20 08:35:15.650,8.0116,8.0152,1.60,1.00
2009.03.20 08:35:16.739,8.01155,8.0152,1.60,1.00
2009.03.20 08:35:17.199,8.0117,8.0152,1.60,1.00
2009.03.20 08:35:19.009,8.0118,8.0155,1.40,1.00
2009.03.20 08:35:19.249,8.0118,8.0155,3.00,1.00
2009.03.20 08:35:20.238,8.0118,8.0155,1.40,1.00
2009.03.20 08:35:20.778,8.0118,8.0155,3.00,1.00
2009.03.20 08:35:21.279,8.01215,8.0158,1.60,1.00
2009.03.20 08:35:21.688,8.0121,8.0158,1.40,1.00
2009.03.20 08:35:22.038,8.01235,8.0158,1.60,1.00
2009.03.20 08:35:22.508,8.0127,8.0164,1.40,1.00
2009.03.20 08:35:22.898,8.0128,8.0164,1.60,1.00
2009.03.20 08:35:23.288,8.0129,8.0164,1.60,1.00
2009.03.20 08:35:24.167,8.0127,8.0164,3.00,1.00
2009.03.20 08:35:24.677,8.0105,8.0159,3.00,1.00
2009.03.20 08:35:24.897,8.0121,8.0165,1.40,1.00
2009.03.20 08:35:25.597,8.01185,8.0165,1.60,1.00
2009.03.20 08:35:25.977,8.012,8.0165,1.40,1.00
2009.03.20 08:35:26.337,8.01235,8.0165,1.60,1.00
2009.03.20 08:35:26.507,8.0125,8.0165,1.60,1.00
2009.03.20 08:35:27.217,8.0125,8.0165,1.40,1.00
2009.03.20 08:35:28.066,8.0127,8.0165,1.60,1.00
2009.03.20 08:35:28.976,8.0127,8.0163,1.60,1.00
2009.03.20 08:35:29.306,8.01265,8.0161,1.60,1.00
2009.03.20 08:35:30.306,8.01125,8.0161,1.60,1.00
2009.03.20 08:35:30.596,8.01235,8.0161,1.60,1.00
2009.03.20 08:35:30.936,8.01235,8.0165,1.60,1.00
2009.03.20 08:35:31.846,8.0133,8.017,1.40,1.00
2009.03.20 08:35:32.196,8.0137,8.017,1.60,1.00
2009.03.20 08:35:32.595,8.01355,8.017,1.60,1.00
2009.03.20 08:35:33.285,8.0135,8.0167,1.60,1.00
2009.03.20 08:35:33.566,8.01115,8.0165,1.60,1.00
2009.03.20 08:35:33.925,8.0123,8.0165,1.60,1.00
2009.03.20 08:35:34.205,8.01215,8.0165,1.60,1.00
2009.03.20 08:35:34.555,8.01215,8.0166,1.60,1.00
2009.03.20 08:35:34.835,8.0135,8.018,1.40,1.00
2009.03.20 08:35:35.614,8.01385,8.0186,1.60,1.00
2009.03.20 08:35:35.895,8.0141,8.0186,1.60,1.00
2009.03.20 08:35:36.124,8.01425,8.0184,1.60,1.00
2009.03.20 08:35:37.164,8.0141,8.0178,1.60,1.00
2009.03.20 08:35:37.864,8.0139,8.0178,1.40,1.00
2009.03.20 08:35:39.194,8.0136,8.0172,1.40,1.00
2009.03.20 08:35:39.304,8.0133,8.017,1.40,1.00
2009.03.20 08:35:41.164,8.0136,8.0173,1.40,2.40
2009.03.20 08:35:41.503,8.0136,8.0173,1.40,1.00
2009.03.20 08:35:42.013,8.0139,8.0176,1.40,1.00
2009.03.20 08:35:45.492,8.0142,8.0179,1.40,1.00
2009.03.20 08:35:45.903,8.0136,8.0172,1.40,1.00
2009.03.20 08:35:46.732,8.01225,8.017,1.60,1.00
2009.03.20 08:35:47.072,8.0131,8.017,1.40,1.00
2009.03.20 08:35:47.462,8.0134,8.01745,1.40,1.60
2009.03.20 08:35:47.872,8.0134,8.0177,1.40,1.00
2009.03.20 08:35:50.061,8.0136,8.0175,1.40,1.00
2009.03.20 08:35:50.411,8.0136,8.0173,1.40,1.00
2009.03.20 08:35:52.140,8.0143,8.0175,1.40,1.00
2009.03.20 08:35:52.311,8.0143,8.01795,1.40,1.60
2009.03.20 08:35:52.521,8.0142,8.01795,1.40,1.60
2009.03.20 08:35:52.970,8.0142,8.0181,1.40,1.00
2009.03.20 08:35:53.370,8.0144,8.0185,1.40,1.00
2009.03.20 08:35:55.490,8.0148,8.0185,1.40,1.00
2009.03.20 08:35:55.780,8.015,8.0187,1.40,1.00
2009.03.20 08:35:55.950,8.015,8.019,1.40,1.00
2009.03.20 08:35:56.699,8.0154,8.0191,1.40,1.00
2009.03.20 08:35:58.219,8.0157,8.0193,1.40,1.00
2009.03.20 08:35:58.669,8.0154,8.0191,1.40,1.00
2009.03.20 08:36:01.249,8.0154,8.0187,1.40,1.00
2009.03.20 08:36:01.408,8.0151,8.0187,1.40,1.00
2009.03.20 08:36:06.548,8.0148,8.0185,1.40,1.00
2009.03.20 08:36:07.177,8.0145,8.0181,1.40,1.00
2009.03.20 08:36:07.568,8.0144,8.0185,1.40,1.00
2009.03.20 08:36:09.646,8.0145,8.0181,1.40,1.00
2009.03.20 08:36:23.483,8.0148,8.0185,1.40,1.00
2009.03.20 08:36:24.513,8.0148,8.0181,1.40,1.00
2009.03.20 08:36:24.733,8.0145,8.0181,1.40,1.00
2009.03.20 08:36:35.860,8.0142,8.0179,1.40,1.00
2009.03.20 08:36:39.689,8.0145,8.0181,1.40,1.00
2009.03.20 08:36:40.099,8.0145,8.0178,1.40,1.60
2009.03.20 08:36:43.898,8.0148,8.0183,1.40,1.60
2009.03.20 08:36:44.748,8.0148,8.01815,1.40,1.60
2009.03.20 08:36:44.968,8.0148,8.01835,1.40,1.60
2009.03.20 08:36:46.577,8.0147,8.01835,1.40,1.60
2009.03.20 08:36:46.858,8.0147,8.0178,1.40,1.60
2009.03.20 08:36:47.197,8.0147,8.017,1.40,1.60
2009.03.20 08:36:47.367,8.01255,8.01685,1.60,1.60
2009.03.20 08:36:47.727,8.01255,8.0176,1.60,1.00
2009.03.20 08:36:48.117,8.0135,8.01695,1.40,1.60
2009.03.20 08:36:48.697,8.0145,8.01725,1.40,1.60
2009.03.20 08:36:49.437,8.0145,8.01735,1.40,1.60
2009.03.20 08:36:49.667,8.0142,8.01715,1.40,1.60
2009.03.20 08:36:50.087,8.0142,8.017,1.40,1.60
2009.03.20 08:36:50.676,8.0139,8.017,1.40,1.60
2009.03.20 08:36:51.216,8.0139,8.0168,1.40,1.60
2009.03.20 08:36:51.666,8.0139,8.01675,1.40,1.60
2009.03.20 08:36:52.526,8.0125,8.0164,1.40,1.00
2009.03.20 08:36:52.806,8.0125,8.01565,1.40,1.60
2009.03.20 08:36:53.046,8.0122,8.01565,1.40,1.60
2009.03.20 08:36:53.276,8.0122,8.0163,1.40,1.00
2009.03.20 08:36:53.675,8.0124,8.0155,1.40,1.60
2009.03.20 08:36:53.956,8.0129,8.0155,1.40,1.60
2009.03.20 08:36:54.356,8.0129,8.01615,1.40,1.60
2009.03.20 08:36:54.825,8.0135,8.018,1.40,1.00
2009.03.20 08:36:55.285,8.0135,8.019,1.40,2.40
2009.03.20 08:36:55.655,8.0129,8.0168,1.40,1.60
2009.03.20 08:36:56.225,8.0134,8.0168,1.40,1.60
2009.03.20 08:36:56.675,8.0135,8.01645,1.40,1.60
2009.03.20 08:36:57.215,8.0139,8.01665,1.40,1.60
2009.03.20 08:36:59.084,8.0134,8.01585,1.40,1.60
2009.03.20 08:36:59.484,8.01205,8.01585,1.60,1.60
2009.03.20 08:36:59.714,8.01205,8.01625,1.60,1.60
2009.03.20 08:36:59.894,8.01205,8.01585,1.60,1.60
2009.03.20 08:37:00.114,8.0132,8.01555,1.40,1.60
2009.03.20 08:37:00.394,8.0132,8.01665,1.40,1.60
2009.03.20 08:37:00.744,8.0132,8.0172,1.40,1.00
2009.03.20 08:37:01.024,8.0133,8.019,1.40,2.40
2009.03.20 08:37:01.264,8.0135,8.01665,1.40,1.60
2009.03.20 08:37:04.263,8.013,8.01565,1.40,1.60
2009.03.20 08:37:04.673,8.0131,8.01595,1.40,1.60
2009.03.20 08:37:06.333,8.0136,8.01595,1.40,1.60
2009.03.20 08:37:06.733,8.0136,8.01645,1.40,1.60
2009.03.20 08:37:07.182,8.0136,8.0164,1.40,1.60
2009.03.20 08:37:07.353,8.0139,8.0164,1.40,1.60
2009.03.20 08:37:07.812,8.0139,8.0166,1.40,1.60
2009.03.20 08:37:08.632,8.0139,8.017,1.40,1.00
2009.03.20 08:37:08.922,8.0133,8.0162,1.40,1.60
2009.03.20 08:37:09.272,8.0133,8.01615,1.40,1.60
2009.03.20 08:37:10.092,8.0136,8.0164,1.40,1.60
2009.03.20 08:37:10.392,8.0136,8.0174,1.40,1.00
2009.03.20 08:37:10.882,8.0136,8.01665,1.40,1.60
2009.03.20 08:37:12.501,8.0139,8.01645,1.40,1.60
2009.03.20 08:37:13.301,8.0139,8.0166,1.40,1.60
2009.03.20 08:37:14.731,8.0133,8.0166,1.40,1.60
2009.03.20 08:37:15.121,8.0133,8.01585,1.40,1.60
2009.03.20 08:37:15.460,8.0133,8.0166,1.40,1.60
2009.03.20 08:37:15.800,8.0131,8.01615,1.40,1.60
2009.03.20 08:37:16.180,8.0137,8.0165,1.40,1.60
2009.03.20 08:37:16.860,8.0137,8.01655,1.40,1.60
2009.03.20 08:37:17.950,8.0136,8.0164,1.40,1.60
2009.03.20 08:37:18.370,8.0136,8.01635,1.40,1.60
2009.03.20 08:37:18.550,8.0137,8.01635,1.40,1.60
2009.03.20 08:37:18.960,8.0115,8.0164,1.60,1.00
2009.03.20 08:37:19.360,8.012,8.0154,1.40,1.60
2009.03.20 08:37:19.949,8.012,8.01515,1.40,1.60
2009.03.20 08:37:20.479,8.0124,8.01505,1.40,1.60
2009.03.20 08:37:21.359,8.013,8.0151,1.40,1.60
2009.03.20 08:37:21.789,8.013,8.01545,1.40,1.60
2009.03.20 08:37:21.959,8.013,8.01595,1.40,1.60
2009.03.20 08:37:22.459,8.0134,8.0189,1.40,4.00
2009.03.20 08:37:22.749,8.0134,8.0189,1.40,2.40
2009.03.20 08:37:23.139,8.0134,8.0168,1.40,1.60
2009.03.20 08:37:23.939,8.0133,8.01595,1.40,1.60
2009.03.20 08:37:24.118,8.0133,8.0164,1.40,1.60
2009.03.20 08:37:25.288,8.0134,8.016,1.40,1.60
2009.03.20 08:37:25.518,8.0134,8.01645,1.40,1.60
2009.03.20 08:37:26.318,8.0146,8.0195,1.40,2.40
2009.03.20 08:37:26.550,8.01355,8.02095,1.60,1.60
2009.03.20 08:37:27.708,8.01395,8.0203,1.60,1.60
2009.03.20 08:37:30.207,8.01395,8.0204,1.60,1.60
2009.03.20 08:37:30.487,8.01395,8.0191,1.60,1.60
2009.03.20 08:37:30.667,8.0138,8.0191,1.60,1.60
2009.03.20 08:37:31.117,8.0138,8.02,1.60,2.40
2009.03.20 08:37:31.499,8.0138,8.01825,1.60,1.60
2009.03.20 08:37:31.736,8.0131,8.0201,1.60,1.60
2009.03.20 08:37:32.126,8.0131,8.01995,1.60,1.60
2009.03.20 08:37:33.306,8.01285,8.01925,1.60,1.60
2009.03.20 08:37:34.086,8.01275,8.01925,1.60,1.60
2009.03.20 08:37:34.836,8.01265,8.01925,1.60,1.60
2009.03.20 08:37:35.915,8.01265,8.019,1.60,1.60
2009.03.20 08:37:36.205,8.0124,8.019,1.60,2.40
2009.03.20 08:37:37.225,8.0122,8.019,1.60,2.40
2009.03.20 08:37:37.395,8.0122,8.01865,1.60,1.60
2009.03.20 08:37:37.805,8.0122,8.01805,1.60,1.60
2009.03.20 08:37:40.115,8.01145,8.01805,1.60,1.60
2009.03.20 08:37:40.505,8.01145,8.0178,1.60,1.60
2009.03.20 08:37:41.184,8.01145,8.0173,1.60,1.60
2009.03.20 08:37:41.364,8.0107,8.016,1.60,1.60
2009.03.20 08:37:45.044,8.0109,8.0173,1.60,1.60
2009.03.20 08:37:46.373,8.01085,8.0173,1.60,1.60
2009.03.20 08:37:46.883,8.01085,8.01595,1.60,1.60
2009.03.20 08:37:47.053,8.01085,8.0181,1.60,1.60
2009.03.20 08:37:47.393,8.01115,8.01615,1.60,1.60
2009.03.20 08:37:47.513,8.0122,8.0186,1.40,3.00
2009.03.20 08:37:47.813,8.01155,8.01825,1.60,1.60
2009.03.20 08:37:48.033,8.01155,8.0179,1.60,1.60
2009.03.20 08:37:48.312,8.01155,8.0181,1.60,1.60
2009.03.20 08:37:48.663,8.01175,8.01795,1.60,1.60
2009.03.20 08:37:49.023,8.01175,8.0183,1.60,1.60
2009.03.20 08:37:49.492,8.0125,8.0172,1.40,1.60
2009.03.20 08:37:49.832,8.0101,8.0166,1.60,1.60
2009.03.20 08:37:50.332,8.0101,8.01775,1.60,1.40
2009.03.20 08:37:50.562,8.01035,8.01665,1.60,1.60
2009.03.20 08:37:51.732,8.01075,8.0161,1.60,1.60
2009.03.20 08:37:52.121,8.01075,8.0157,1.60,1.60
2009.03.20 08:37:52.342,8.0105,8.0157,1.60,1.60
2009.03.20 08:37:52.731,8.0105,8.0156,1.60,1.60
2009.03.20 08:37:53.011,8.0105,8.0157,1.60,1.60
2009.03.20 08:37:55.881,8.0105,8.01545,1.60,1.60
2009.03.20 08:37:56.750,8.0105,8.0157,1.60,1.60
2009.03.20 08:37:58.750,8.01085,8.01595,1.60,1.60
2009.03.20 08:38:02.139,8.01145,8.01675,1.60,1.60
2009.03.20 08:38:02.639,8.0116,8.0168,1.60,1.60
2009.03.20 08:38:03.039,8.0117,8.0168,1.60,1.60
2009.03.20 08:38:06.718,8.01205,8.01685,1.60,1.60
2009.03.20 08:38:06.958,8.01205,8.0171,1.60,1.60
2009.03.20 08:38:07.128,8.01205,8.017,1.60,1.60
2009.03.20 08:38:07.638,8.01205,8.01945,1.60,3.00
2009.03.20 08:38:08.228,8.01205,8.0175,1.60,1.60
2009.03.20 08:38:09.317,8.01205,8.01715,1.60,1.60
2009.03.20 08:38:11.537,8.0148,8.0187,1.40,1.60
2009.03.20 08:38:21.135,8.0158,8.0187,1.40,1.60
2009.03.20 08:38:21.475,8.0158,8.01905,1.40,1.60
2009.03.20 08:38:21.704,8.0158,8.019,1.40,1.60
2009.03.20 08:38:22.394,8.0155,8.0189,1.40,1.60
2009.03.20 08:38:22.854,8.0155,8.0187,1.40,1.60
2009.03.20 08:38:23.024,8.0155,8.0189,1.40,1.60
2009.03.20 08:38:23.774,8.0155,8.01895,1.40,1.60
2009.03.20 08:38:31.112,8.0136,8.0176,1.40,1.60
2009.03.20 08:38:31.272,8.0136,8.0176,2.20,1.60
2009.03.20 08:38:31.572,8.0136,8.0176,1.00,1.60
2009.03.20 08:38:31.912,8.0134,8.0199,2.20,3.00
2009.03.20 08:38:32.202,8.0134,8.0191,2.20,1.00
2009.03.20 08:38:34.281,8.0134,8.0178,2.20,1.60
2009.03.20 08:38:34.771,8.014,8.0183,1.40,1.60
2009.03.20 08:38:34.991,8.014,8.0183,2.20,1.60
2009.03.20 08:38:35.381,8.014,8.0182,1.00,1.60
2009.03.20 08:38:35.732,8.014,8.0182,2.20,1.60
2009.03.20 08:38:36.241,8.0142,8.0183,2.20,1.60
2009.03.20 08:38:36.581,8.0142,8.0182,2.20,1.60
2009.03.20 08:38:37.901,8.0141,8.0182,2.20,1.60
2009.03.20 08:38:38.370,8.0141,8.01785,2.20,1.60
2009.03.20 08:38:38.830,8.0141,8.01785,1.00,1.60
2009.03.20 08:38:39.060,8.01375,8.01765,2.20,1.60
2009.03.20 08:38:39.710,8.01375,8.01775,2.20,1.60
2009.03.20 08:38:40.700,8.01375,8.01765,2.20,1.60
2009.03.20 08:38:41.040,8.01375,8.0181,1.00,1.60
2009.03.20 08:38:41.679,8.0132,8.0181,1.60,1.60
2009.03.20 08:38:42.010,8.0133,8.0177,3.00,1.60
2009.03.20 08:38:42.129,8.0133,8.0202,3.80,2.40
2009.03.20 08:38:42.729,8.0133,8.0183,3.80,1.60
2009.03.20 08:38:45.979,8.0133,8.0179,1.00,1.60
2009.03.20 08:38:46.209,8.0131,8.0177,2.20,1.60
2009.03.20 08:38:46.378,8.0133,8.0177,1.40,1.60
2009.03.20 08:38:46.618,8.0133,8.0202,3.00,2.40
2009.03.20 08:38:46.968,8.0136,8.01865,1.40,1.60
2009.03.20 08:38:47.138,8.01355,8.0192,1.00,1.00
2009.03.20 08:38:47.308,8.0131,8.0192,2.20,1.00
2009.03.20 08:38:47.478,8.0133,8.0192,3.80,1.00
2009.03.20 08:38:47.778,8.013,8.0185,1.40,1.00
2009.03.20 08:38:48.008,8.013,8.01815,1.40,1.60
2009.03.20 08:38:48.348,8.0133,8.0188,3.80,1.00
2009.03.20 08:38:54.066,8.0133,8.0185,1.00,1.00
2009.03.20 08:38:54.417,8.0131,8.0185,2.20,1.00
2009.03.20 08:38:54.526,8.0133,8.0188,3.00,1.00
2009.03.20 08:38:54.636,8.0133,8.0188,3.80,1.00
2009.03.20 08:38:54.866,8.0133,8.0189,3.80,1.00
2009.03.20 08:38:55.166,8.0133,8.0189,3.00,1.00
2009.03.20 08:38:55.286,8.0144,8.0202,1.40,1.40
2009.03.20 08:38:55.636,8.015,8.0202,1.40,1.40
2009.03.20 08:38:56.626,8.01505,8.0214,1.60,1.00
2009.03.20 08:38:57.146,8.0152,8.0214,1.60,1.00
2009.03.20 08:38:57.896,8.0153,8.0212,1.60,1.00
2009.03.20 08:38:58.765,8.0153,8.0212,1.60,2.40
2009.03.20 08:38:59.115,8.0153,8.021,1.60,1.60
2009.03.20 08:38:59.505,8.0153,8.0212,1.60,1.00
2009.03.20 08:39:00.845,8.0157,8.02055,1.40,1.40
2009.03.20 08:39:01.065,8.0157,8.02045,1.40,1.40
2009.03.20 08:39:01.345,8.0156,8.02045,1.40,1.40
2009.03.20 08:39:01.635,8.0128,8.0177,1.60,1.00
2009.03.20 08:39:01.855,8.0128,8.0179,1.60,1.00
2009.03.20 08:39:02.146,8.0124,8.0179,8.00,1.00
2009.03.20 08:39:02.424,8.01195,8.0185,2.20,1.00
2009.03.20 08:39:02.654,8.01215,8.0178,2.20,1.60
2009.03.20 08:39:03.614,8.01215,8.0179,2.20,1.60
2009.03.20 08:39:03.954,8.01215,8.0178,2.20,1.60
2009.03.20 08:39:04.404,8.0124,8.0178,1.40,1.60
2009.03.20 08:39:04.744,8.01215,8.0176,2.20,1.00
2009.03.20 08:39:05.704,8.01215,8.0176,1.00,1.00
2009.03.20 08:39:06.244,8.01165,8.017,1.60,1.00
2009.03.20 08:39:06.654,8.0112,8.0169,1.60,1.00
2009.03.20 08:39:06.944,8.0112,8.0164,1.60,1.00
2009.03.20 08:39:07.223,8.0108,8.0163,1.60,1.00
2009.03.20 08:39:07.873,8.0108,8.01625,1.60,1.60
2009.03.20 08:39:08.273,8.0103,8.0163,1.40,1.00
2009.03.20 08:39:08.573,8.0103,8.0162,2.20,1.60
2009.03.20 08:39:08.893,8.0102,8.0161,1.60,1.00
2009.03.20 08:39:09.223,8.0101,8.0158,2.20,1.00
2009.03.20 08:39:09.913,8.00995,8.0149,1.60,1.00
2009.03.20 08:39:10.262,8.00935,8.0149,2.20,1.00
2009.03.20 08:39:10.603,8.0099,8.0149,1.40,1.00
2009.03.20 08:39:10.893,8.01035,8.0149,1.40,1.00
2009.03.20 08:39:11.272,8.01035,8.0161,2.20,1.00
2009.03.20 08:39:11.662,8.00995,8.0159,2.20,1.00
2009.03.20 08:39:11.992,8.00985,8.0145,1.60,1.00
2009.03.20 08:39:12.602,8.00945,8.0155,1.40,1.00
2009.03.20 08:39:12.892,8.00945,8.0155,2.20,1.00
2009.03.20 08:39:13.342,8.00935,8.0151,2.20,1.00
2009.03.20 08:39:13.642,8.00915,8.0147,1.60,1.60
2009.03.20 08:39:13.992,8.00945,8.0151,1.40,1.00
2009.03.20 08:39:14.512,8.00975,8.0153,1.00,1.00
2009.03.20 08:39:14.921,8.00975,8.0153,2.20,1.00
2009.03.20 08:39:15.271,8.00975,8.0165,2.20,2.40
2009.03.20 08:39:15.611,8.01035,8.0156,1.40,1.60
2009.03.20 08:39:16.301,8.01065,8.01635,1.00,1.60
2009.03.20 08:39:16.531,8.0112,8.01685,1.40,1.60
2009.03.20 08:39:16.981,8.0114,8.01765,1.40,1.40
2009.03.20 08:39:17.451,8.0112,8.0176,1.40,1.00
2009.03.20 08:39:17.741,8.01115,8.0171,1.00,1.00
2009.03.20 08:39:18.301,8.0108,8.0163,1.60,1.00
2009.03.20 08:39:18.931,8.01075,8.0163,1.60,1.00
2009.03.20 08:39:19.280,8.01075,8.0159,1.60,1.00
2009.03.20 08:39:19.980,8.01045,8.0159,2.20,1.00
2009.03.20 08:39:20.390,8.01095,8.01625,1.40,1.60
2009.03.20 08:39:20.880,8.0108,8.0162,2.20,1.00
2009.03.20 08:39:22.949,8.01095,8.0163,2.20,1.60
2009.03.20 08:39:23.119,8.01095,8.0164,2.20,1.00
2009.03.20 08:39:25.959,8.0112,8.0179,3.00,2.40
2009.03.20 08:39:26.129,8.01175,8.0169,2.20,1.00
2009.03.20 08:39:26.359,8.0121,8.0177,1.40,1.00
2009.03.20 08:39:26.599,8.0121,8.0187,1.40,2.40
2009.03.20 08:39:27.009,8.0121,8.0188,3.80,2.40
2009.03.20 08:39:27.298,8.0134,8.018,1.40,1.00
2009.03.20 08:39:27.868,8.0137,8.0183,1.40,1.00
2009.03.20 08:39:28.278,8.0124,8.0178,1.60,1.00
2009.03.20 08:39:28.678,8.0141,8.018,1.40,1.00
2009.03.20 08:39:29.478,8.01315,8.0184,1.60,1.00
2009.03.20 08:39:34.187,8.0149,8.0189,1.40,1.00
2009.03.20 08:39:34.467,8.015,8.0191,1.40,1.00
2009.03.20 08:39:34.807,8.0132,8.0189,1.60,1.00
2009.03.20 08:39:35.087,8.0144,8.019,1.40,1.00
2009.03.20 08:39:36.158,8.0157,8.0204,1.40,1.00
2009.03.20 08:39:36.506,8.0156,8.02005,1.40,1.40
2009.03.20 08:39:36.896,8.0143,8.0208,1.60,1.00
2009.03.20 08:39:37.186,8.0151,8.0206,1.40,1.00
2009.03.20 08:39:37.476,8.01415,8.02,1.60,1.00
2009.03.20 08:39:37.686,8.0162,8.0203,1.40,2.40
2009.03.20 08:39:38.136,8.0162,8.0203,1.40,1.00
2009.03.20 08:39:44.224,8.0173,8.0214,1.40,1.00
2009.03.20 08:39:44.904,8.0177,8.0217,1.40,1.00
2009.03.20 08:39:45.204,8.0184,8.0224,1.40,1.00
2009.03.20 08:39:48.014,8.0196,8.02435,1.40,1.00
2009.03.20 08:39:48.243,8.01875,8.0251,1.60,1.60
2009.03.20 08:39:48.303,8.018,8.025,1.60,1.00
2009.03.20 08:39:48.603,8.0191,8.0251,1.60,1.00
2009.03.20 08:39:49.593,8.0177,8.0244,1.60,1.00
2009.03.20 08:39:49.773,8.01695,8.0242,1.60,1.40
2009.03.20 08:39:50.633,8.0172,8.02425,1.60,1.40
2009.03.20 08:39:51.263,8.0177,8.02475,1.60,1.40
2009.03.20 08:39:52.753,8.0175,8.02455,1.60,1.40
2009.03.20 08:39:53.322,8.01745,8.0245,1.60,1.40
2009.03.20 08:39:53.902,8.0174,8.02445,1.60,1.40
2009.03.20 08:39:54.812,8.0171,8.02415,1.60,1.40
2009.03.20 08:39:55.331,8.01785,8.0244,1.60,1.00
2009.03.20 08:39:55.511,8.01785,8.0245,1.60,1.00
2009.03.20 08:39:59.101,8.01765,8.0242,1.60,1.00
2009.03.20 08:40:00.540,8.0176,8.0242,1.60,1.00
2009.03.20 08:40:00.880,8.01755,8.0242,1.60,1.00
2009.03.20 08:40:02.400,8.0185,8.0242,1.60,1.00
2009.03.20 08:40:02.460,8.0185,8.0246,1.60,1.40
2009.03.20 08:40:02.750,8.0182,8.0251,1.60,1.00
2009.03.20 08:40:03.800,8.0185,8.0251,1.60,1.00
2009.03.20 08:40:04.189,8.0195,8.0251,1.60,1.00
2009.03.20 08:40:05.289,8.01975,8.0251,1.60,1.00
2009.03.20 08:40:11.418,8.01885,8.0253,1.60,1.00
2009.03.20 08:40:11.918,8.01975,8.0258,1.60,1.00
2009.03.20 08:40:12.088,8.0201,8.0259,1.60,1.00
2009.03.20 08:40:13.067,8.02035,8.0259,1.60,1.00
2009.03.20 08:40:14.147,8.019,8.0253,1.60,1.00
2009.03.20 08:40:14.427,8.01865,8.0253,3.20,1.00
2009.03.20 08:40:16.687,8.01975,8.025,1.60,1.00
2009.03.20 08:40:17.026,8.0194,8.0253,1.60,1.00
2009.03.20 08:40:17.256,8.0195,8.0253,1.60,1.00
2009.03.20 08:40:17.426,8.01955,8.0253,1.60,1.00
2009.03.20 08:40:18.246,8.01975,8.0256,1.60,1.00
2009.03.20 08:40:18.816,8.02025,8.0256,1.60,1.00
2009.03.20 08:40:22.435,8.02025,8.0257,1.60,1.40
2009.03.20 08:40:22.725,8.021,8.0262,1.60,1.00
2009.03.20 08:40:26.944,8.02095,8.0262,1.60,1.00
2009.03.20 08:40:30.603,8.021,8.0262,1.60,1.00
2009.03.20 08:40:31.643,8.0209,8.0262,1.60,1.00
2009.03.20 08:40:35.262,8.02095,8.0262,1.60,1.00
2009.03.20 08:40:36.692,8.0208,8.0262,1.60,1.00
2009.03.20 08:40:37.212,8.0208,8.0264,1.60,1.00
2009.03.20 08:40:37.492,8.02115,8.0262,1.60,1.00
2009.03.20 08:40:37.612,8.0208,8.0262,1.60,1.00
2009.03.20 08:40:38.121,8.02075,8.0262,1.60,1.00
2009.03.20 08:40:39.731,8.0208,8.0262,1.60,1.00
2009.03.20 08:40:40.770,8.02085,8.0265,1.60,1.00
2009.03.20 08:40:41.121,8.0211,8.0265,1.60,1.00
2009.03.20 08:40:41.511,8.0211,8.0262,1.60,1.00
2009.03.20 08:40:41.630,8.02085,8.0265,1.60,1.00
2009.03.20 08:40:42.020,8.0198,8.0265,1.00,1.00
2009.03.20 08:40:42.140,8.0209,8.0265,1.60,1.00
2009.03.20 08:40:43.800,8.02115,8.02685,1.60,1.40
2009.03.20 08:40:44.230,8.0211,8.02685,1.60,1.40
2009.03.20 08:40:44.850,8.02095,8.0265,1.60,1.00
2009.03.20 08:40:46.230,8.02105,8.0265,1.60,1.00
2009.03.20 08:40:46.449,8.02105,8.0262,1.60,1.00
2009.03.20 08:40:47.009,8.02075,8.0262,1.60,1.00
2009.03.20 08:40:47.289,8.0211,8.0262,1.60,1.00
2009.03.20 08:40:49.208,8.02075,8.0262,1.60,1.00
2009.03.20 08:40:49.548,8.02075,8.0265,1.60,1.00
2009.03.20 08:40:49.898,8.02095,8.0265,1.60,1.00
2009.03.20 08:40:50.188,8.02105,8.0265,1.60,1.00
2009.03.20 08:40:50.958,8.0211,8.0265,1.60,1.00
2009.03.20 08:40:52.708,8.0209,8.0262,1.60,1.00
2009.03.20 08:40:54.178,8.0194,8.0262,1.60,1.00
2009.03.20 08:40:54.527,8.02055,8.0259,1.60,1.00
2009.03.20 08:40:54.758,8.02015,8.0259,1.60,1.00
2009.03.20 08:40:57.137,8.01905,8.0259,1.60,1.00
2009.03.20 08:40:57.477,8.01905,8.0258,1.60,1.00
2009.03.20 08:40:57.537,8.019,8.0258,1.60,1.00
2009.03.20 08:40:57.706,8.019,8.0261,1.60,1.00
2009.03.20 08:40:58.316,8.0199,8.0261,1.60,1.00
2009.03.20 08:40:58.436,8.0203,8.0275,1.60,2.40
2009.03.20 08:41:00.906,8.0203,8.0261,1.60,1.00
2009.03.20 08:41:01.087,8.02005,8.0261,1.60,1.00
2009.03.20 08:41:01.446,8.02005,8.0265,1.60,1.00
2009.03.20 08:41:06.185,8.0189,8.0258,2.20,1.40
2009.03.20 08:41:06.414,8.0189,8.02585,2.20,1.40
2009.03.20 08:41:07.064,8.0189,8.0259,3.20,1.40
2009.03.20 08:41:16.432,8.0214,8.0259,1.60,1.00
2009.03.20 08:41:16.602,8.01905,8.0262,1.60,1.00
2009.03.20 08:41:16.762,8.01895,8.0259,1.40,1.40
2009.03.20 08:41:16.932,8.01905,8.0259,1.00,1.40
2009.03.20 08:41:17.222,8.01905,8.0259,2.20,1.40
2009.03.20 08:41:18.251,8.01945,8.0262,2.20,1.40
2009.03.20 08:41:20.491,8.01915,8.0262,1.60,1.40
2009.03.20 08:41:20.601,8.01865,8.0257,1.60,1.40
2009.03.20 08:41:24.200,8.01875,8.0258,1.60,1.40
2009.03.20 08:41:25.980,8.01875,8.0255,1.60,1.00
2009.03.20 08:41:26.220,8.01815,8.02515,1.60,1.40
2009.03.20 08:41:26.780,8.01795,8.0247,2.20,1.40
2009.03.20 08:41:27.229,8.0192,8.0247,1.40,1.40
2009.03.20 08:41:27.679,8.0192,8.02595,1.40,1.40
2009.03.20 08:41:27.959,8.01905,8.02595,2.20,1.40
2009.03.20 08:41:29.160,8.01925,8.02575,1.00,1.40
2009.03.20 08:41:29.339,8.01925,8.0258,1.00,1.40
2009.03.20 08:41:29.749,8.0188,8.0258,1.60,1.40
2009.03.20 08:41:29.969,8.0186,8.02565,1.60,1.40
2009.03.20 08:41:30.879,8.0187,8.02575,1.60,1.40
2009.03.20 08:41:31.168,8.01835,8.0254,1.60,1.40
2009.03.20 08:41:33.798,8.0181,8.02515,1.60,1.40
2009.03.20 08:41:34.408,8.018,8.02505,1.60,1.40
2009.03.20 08:41:38.896,8.01775,8.0248,1.60,1.40
2009.03.20 08:41:39.466,8.0178,8.02485,1.60,1.40
2009.03.20 08:41:39.746,8.0181,8.02515,1.60,1.40
2009.03.20 08:41:40.087,8.0208,8.02515,1.40,1.40
2009.03.20 08:41:40.416,8.01995,8.0278,1.60,2.40
2009.03.20 08:41:43.755,8.02035,8.0265,1.60,1.00
2009.03.20 08:41:43.815,8.01905,8.0265,1.60,2.40
2009.03.20 08:41:43.925,8.0201,8.0265,1.60,2.40
2009.03.20 08:41:44.045,8.021,8.0265,1.40,1.40
2009.03.20 08:41:44.625,8.02015,8.0276,1.60,2.40
2009.03.20 08:41:44.905,8.0205,8.0269,1.60,1.00
2009.03.20 08:41:45.657,8.0207,8.0264,1.60,1.00
2009.03.20 08:41:46.065,8.0205,8.0264,1.60,1.00
2009.03.20 08:41:46.565,8.0222,8.0266,1.40,1.00
2009.03.20 08:41:46.795,8.0225,8.0268,1.40,1.00
2009.03.20 08:41:52.653,8.0232,8.0271,1.40,1.00
2009.03.20 08:41:57.652,8.0235,8.0275,1.40,1.00
2009.03.20 08:41:58.582,8.0238,8.02905,1.40,1.40
2009.03.20 08:41:58.812,8.02345,8.0309,1.60,1.40
2009.03.20 08:41:59.462,8.024,8.031,1.60,1.00
2009.03.20 08:42:00.082,8.0239,8.0306,1.60,1.00
2009.03.20 08:42:04.071,8.0236,8.0306,1.60,1.00
2009.03.20 08:42:04.421,8.0238,8.0306,1.60,1.00
2009.03.20 08:42:05.160,8.02385,8.0306,1.60,1.00
2009.03.20 08:42:05.500,8.02375,8.0306,1.60,1.00
2009.03.20 08:42:06.290,8.0237,8.0278,1.40,1.00
2009.03.20 08:42:06.530,8.0215,8.0274,1.60,1.00
2009.03.20 08:42:06.690,8.0228,8.0275,1.40,1.00
2009.03.20 08:42:08.120,8.0229,8.0268,1.40,1.00
2009.03.20 08:42:08.479,8.02295,8.03035,1.60,1.40
2009.03.20 08:42:08.939,8.0235,8.0307,1.60,1.00
2009.03.20 08:42:10.019,8.02245,8.0297,1.60,1.40
2009.03.20 08:42:10.839,8.0223,8.02955,1.60,1.40
2009.03.20 08:42:11.878,8.0225,8.0293,1.60,4.80
2009.03.20 08:42:11.998,8.0225,8.0271,1.60,1.00
2009.03.20 08:42:12.049,8.0203,8.0271,1.60,1.00
2009.03.20 08:42:12.229,8.0225,8.0272,1.40,1.00
2009.03.20 08:42:13.498,8.0231,8.02885,1.40,1.40
2009.03.20 08:42:13.558,8.02305,8.0295,1.60,1.60
2009.03.20 08:42:13.788,8.02305,8.03045,1.60,1.40
2009.03.20 08:42:13.958,8.0238,8.02995,1.40,1.40
2009.03.20 08:42:14.118,8.0236,8.0307,1.60,1.00
2009.03.20 08:42:21.236,8.02255,8.0298,1.60,1.40
2009.03.20 08:42:21.876,8.0223,8.02955,1.60,1.40
2009.03.20 08:42:25.445,8.02325,8.0302,1.60,1.00
2009.03.20 08:42:25.625,8.0233,8.0302,1.60,1.00
2009.03.20 08:42:28.644,8.0231,8.0299,1.60,1.00
2009.03.20 08:42:29.214,8.02305,8.0299,1.60,1.00
2009.03.20 08:42:29.784,8.023,8.0299,1.60,1.00
2009.03.20 08:42:31.374,8.023,8.03,1.60,2.40
2009.03.20 08:42:31.544,8.0235,8.03,1.60,1.00
2009.03.20 08:42:31.934,8.02485,8.0297,1.60,1.00
2009.03.20 08:42:32.324,8.0228,8.03,1.60,1.00
2009.03.20 08:42:32.723,8.023,8.03,1.60,1.00
2009.03.20 08:42:33.345,8.02345,8.03,1.60,1.00
2009.03.20 08:42:33.573,8.02345,8.0269,1.60,1.00
2009.03.20 08:42:33.803,8.02475,8.0269,1.60,1.00
2009.03.20 08:42:34.043,8.0218,8.0269,1.40,1.00
2009.03.20 08:42:34.213,8.02295,8.0269,1.60,1.00
2009.03.20 08:42:35.533,8.0239,8.02705,1.40,1.60
2009.03.20 08:42:35.823,8.02275,8.0272,1.60,1.60
2009.03.20 08:42:36.153,8.02475,8.0304,1.60,2.40
2009.03.20 08:42:36.613,8.02305,8.0304,1.60,1.00
2009.03.20 08:42:43.101,8.0233,8.03,1.60,1.00
2009.03.20 08:42:43.211,8.0233,8.0303,1.60,1.00
2009.03.20 08:42:43.441,8.02485,8.0304,1.60,1.40
2009.03.20 08:42:43.561,8.02525,8.0304,1.60,1.40
2009.03.20 08:42:43.771,8.0234,8.0306,1.60,1.00
2009.03.20 08:42:48.080,8.0257,8.0306,1.60,1.00
2009.03.20 08:42:48.670,8.0257,8.0303,1.60,1.00
2009.03.20 08:42:48.909,8.0255,8.03,1.60,1.00
2009.03.20 08:42:49.030,8.02325,8.03,1.60,1.00
2009.03.20 08:42:49.380,8.02305,8.03,1.60,1.00
2009.03.20 08:42:50.219,8.02335,8.03,1.60,1.00
2009.03.20 08:42:50.789,8.0235,8.03,1.60,1.00
2009.03.20 08:42:55.468,8.0235,8.0303,1.60,1.00
2009.03.20 08:42:55.588,8.0238,8.0303,1.60,1.00
2009.03.20 08:42:55.978,8.0238,8.03,1.60,1.00
2009.03.20 08:42:56.568,8.02355,8.0305,1.60,1.00
2009.03.20 08:42:57.867,8.02355,8.03,1.60,1.00
2009.03.20 08:42:58.077,8.0235,8.03,1.60,1.00
2009.03.20 08:42:58.917,8.0236,8.0303,1.60,1.00
2009.03.20 08:42:59.137,8.0236,8.0297,1.60,1.00
2009.03.20 08:42:59.827,8.02335,8.03,1.60,1.00
2009.03.20 08:43:01.196,8.0232,8.03025,3.00,1.40
2009.03.20 08:43:01.636,8.02525,8.03025,1.60,1.40
2009.03.20 08:43:01.847,8.0235,8.0303,1.60,1.00
2009.03.20 08:43:02.256,8.0235,8.0306,1.60,1.00
2009.03.20 08:43:02.666,8.02365,8.0306,1.60,1.00
2009.03.20 08:43:04.156,8.02545,8.0306,1.60,1.00
2009.03.20 08:43:04.276,8.0234,8.0303,1.60,1.00
2009.03.20 08:43:06.825,8.0239,8.0303,1.60,1.00
2009.03.20 08:43:07.295,8.0239,8.0306,1.60,1.00
2009.03.20 08:43:07.975,8.02395,8.0306,1.60,1.00
2009.03.20 08:43:09.105,8.0253,8.0306,1.60,1.00
2009.03.20 08:43:09.384,8.0253,8.03105,1.60,1.40
2009.03.20 08:43:09.664,8.0264,8.03105,1.60,1.40
2009.03.20 08:43:14.293,8.0247,8.0315,1.60,1.00
2009.03.20 08:43:14.693,8.0247,8.0318,1.60,1.00
2009.03.20 08:43:15.423,8.0251,8.0315,1.60,1.00
2009.03.20 08:43:15.883,8.02505,8.0315,1.60,1.00
2009.03.20 08:43:16.183,8.0251,8.0315,1.60,1.00
2009.03.20 08:43:16.463,8.0251,8.0318,1.60,1.00
2009.03.20 08:43:16.643,8.02565,8.0315,1.60,1.00
2009.03.20 08:43:17.043,8.02565,8.0316,1.60,1.00
2009.03.20 08:43:17.443,8.027,8.0322,1.60,1.00
2009.03.20 08:43:17.713,8.02745,8.0322,1.60,1.00
2009.03.20 08:43:18.532,8.0265,8.0324,1.60,1.00
2009.03.20 08:43:18.753,8.0265,8.0327,1.60,1.00
2009.03.20 08:43:19.053,8.02655,8.0327,1.60,1.00
2009.03.20 08:43:19.503,8.0271,8.0347,1.60,2.40
2009.03.20 08:43:20.442,8.0285,8.0343,1.40,1.00
2009.03.20 08:43:20.792,8.0294,8.0339,1.60,1.00
2009.03.20 08:43:21.322,8.02945,8.0339,1.60,1.00
2009.03.20 08:43:21.492,8.0279,8.0339,1.60,1.00
2009.03.20 08:43:24.141,8.0278,8.0339,1.60,1.00
2009.03.20 08:43:24.541,8.0278,8.0336,1.60,1.00
2009.03.20 08:43:24.861,8.0281,8.0341,1.60,1.00
2009.03.20 08:43:25.101,8.0294,8.0351,1.40,1.00
2009.03.20 08:43:25.451,8.0288,8.0356,1.60,1.60
2009.03.20 08:43:25.691,8.0288,8.0343,1.60,1.00
2009.03.20 08:43:25.971,8.0288,8.0349,1.60,1.00
2009.03.20 08:43:26.321,8.0284,8.0349,1.60,1.00
2009.03.20 08:43:27.361,8.0284,8.0346,1.60,1.00
2009.03.20 08:43:32.209,8.0284,8.0343,1.60,1.00
2009.03.20 08:43:32.449,8.0284,8.034,1.60,1.00
2009.03.20 08:43:32.679,8.0284,8.035,1.60,1.60
2009.03.20 08:43:32.789,8.0273,8.0336,1.60,1.00
2009.03.20 08:43:33.089,8.0287,8.0344,1.60,1.60
2009.03.20 08:43:33.319,8.0287,8.0331,1.60,1.00
2009.03.20 08:43:33.439,8.0287,8.0341,1.60,2.40
2009.03.20 08:43:34.129,8.02655,8.0331,1.60,1.00
2009.03.20 08:43:34.649,8.02655,8.0337,1.60,1.00
2009.03.20 08:43:35.059,8.0267,8.0337,1.60,1.00
2009.03.20 08:43:35.299,8.02715,8.0335,1.60,1.00
2009.03.20 08:43:35.748,8.02715,8.0341,1.60,1.00
2009.03.20 08:43:36.548,8.0278,8.0339,1.40,1.40
2009.03.20 08:43:36.998,8.0285,8.0339,1.40,1.40
2009.03.20 08:43:37.618,8.029,8.0343,1.40,1.00
2009.03.20 08:43:39.467,8.02785,8.0343,1.60,1.00
2009.03.20 08:43:40.448,8.02775,8.0336,1.60,1.00
2009.03.20 08:43:40.787,8.02795,8.0333,1.60,1.00
2009.03.20 08:43:41.247,8.0279,8.0333,1.40,1.00
2009.03.20 08:43:43.966,8.0279,8.0335,1.40,2.40
2009.03.20 08:43:44.197,8.0279,8.0335,1.40,1.00
2009.03.20 08:43:45.156,8.0279,8.0333,1.40,1.60
2009.03.20 08:43:45.596,8.028,8.03375,1.40,1.40
2009.03.20 08:43:45.977,8.028,8.03385,1.40,1.40
2009.03.20 08:43:46.146,8.0285,8.0341,1.40,1.00
2009.03.20 08:43:46.775,8.027,8.0334,3.00,1.00
2009.03.20 08:43:51.064,8.0273,8.0334,1.60,1.00
2009.03.20 08:43:53.764,8.0283,8.0337,1.40,1.00
2009.03.20 08:43:55.173,8.02735,8.0337,1.60,1.00
2009.03.20 08:43:55.744,8.02745,8.0337,1.60,1.00
2009.03.20 08:43:56.263,8.02755,8.0337,1.60,1.00
2009.03.20 08:43:57.063,8.02765,8.0337,1.60,1.00
2009.03.20 08:43:57.913,8.02785,8.0335,1.60,1.00
2009.03.20 08:43:58.093,8.02785,8.035,1.60,1.60
2009.03.20 08:43:58.273,8.02785,8.0349,1.60,1.00
2009.03.20 08:43:58.623,8.0289,8.0349,1.40,1.00
2009.03.20 08:43:58.853,8.029,8.035,1.40,1.00
2009.03.20 08:43:59.522,8.0278,8.0347,1.60,1.00
2009.03.20 08:43:59.853,8.0289,8.0347,1.40,1.00
2009.03.20 08:44:00.202,8.02915,8.0368,1.60,1.40
2009.03.20 08:44:00.982,8.02995,8.0374,1.60,1.40
2009.03.20 08:44:01.502,8.0306,8.0375,1.60,1.60
2009.03.20 08:44:05.111,8.0305,8.0374,1.60,1.60
2009.03.20 08:44:05.782,8.03045,8.0374,1.60,1.60
2009.03.20 08:44:08.580,8.03045,8.0373,1.60,1.60
2009.03.20 08:44:08.871,8.03065,8.0373,1.60,1.60
2009.03.20 08:44:09.900,8.0308,8.03785,1.60,1.40
2009.03.20 08:44:10.960,8.03085,8.0379,1.60,1.40
2009.03.20 08:44:11.590,8.0309,8.03795,1.60,3.00
2009.03.20 08:44:13.529,8.0309,8.0374,1.60,1.60
2009.03.20 08:44:14.009,8.03065,8.0374,1.60,1.60
2009.03.20 08:44:14.979,8.0305,8.0374,1.60,1.60
2009.03.20 08:44:15.898,8.0305,8.0374,1.60,1.00
2009.03.20 08:44:16.239,8.0305,8.0367,1.60,1.00
2009.03.20 08:44:16.480,8.03125,8.0367,1.60,1.00
2009.03.20 08:44:16.589,8.03185,8.0393,1.60,1.40
2009.03.20 08:44:17.028,8.0322,8.03945,1.60,1.60
2009.03.20 08:44:17.258,8.0322,8.0396,1.60,1.60
2009.03.20 08:44:17.538,8.0322,8.0393,1.60,1.60
2009.03.20 08:44:18.248,8.0324,8.03905,1.60,1.60
2009.03.20 08:44:19.178,8.0322,8.0391,1.60,1.60
2009.03.20 08:44:19.418,8.0322,8.0387,1.60,1.60
2009.03.20 08:44:19.998,8.0322,8.0386,1.60,1.60
2009.03.20 08:44:20.218,8.03195,8.0386,1.60,1.60
2009.03.20 08:44:20.637,8.03195,8.03805,1.60,1.60
2009.03.20 08:44:20.917,8.0313,8.03805,1.60,1.60
2009.03.20 08:44:22.167,8.03125,8.03805,1.60,1.60
2009.03.20 08:44:22.617,8.03125,8.03805,1.60,1.00
2009.03.20 08:44:22.967,8.0314,8.0384,1.60,1.40
2009.03.20 08:44:23.477,8.03145,8.0385,1.60,3.00
2009.03.20 08:44:23.817,8.03145,8.03845,1.60,1.60
2009.03.20 08:44:24.726,8.03195,8.039,1.60,1.40
2009.03.20 08:44:25.066,8.0321,8.0391,1.60,3.00
2009.03.20 08:44:25.416,8.0321,8.0386,1.60,1.60
2009.03.20 08:44:26.236,8.0319,8.0386,1.60,1.60
2009.03.20 08:44:27.316,8.03185,8.0386,1.60,1.60
2009.03.20 08:44:27.536,8.03185,8.0389,1.60,1.40
2009.03.20 08:44:28.595,8.0321,8.0391,1.60,3.00
2009.03.20 08:44:29.735,8.03215,8.0391,1.60,1.60
2009.03.20 08:44:31.805,8.0322,8.03925,1.60,1.40
2009.03.20 08:44:34.034,8.0347,8.04215,1.60,1.40
2009.03.20 08:44:34.504,8.035,8.042,1.60,1.60
2009.03.20 08:44:35.014,8.03545,8.04205,1.60,1.60
2009.03.20 08:44:35.464,8.03525,8.0412,1.60,1.60
2009.03.20 08:44:35.814,8.03375,8.03965,1.60,1.60
2009.03.20 08:44:35.974,8.03415,8.0392,1.60,2.40
2009.03.20 08:44:36.464,8.03135,8.0392,1.60,2.40
2009.03.20 08:44:36.753,8.03305,8.0385,1.60,1.00
2009.03.20 08:44:37.094,8.03155,8.0375,1.60,1.00
2009.03.20 08:44:37.394,8.0328,8.0375,1.60,1.00
2009.03.20 08:44:37.723,8.03315,8.03815,1.60,1.40
2009.03.20 08:44:40.283,8.0333,8.0378,1.60,1.00
2009.03.20 08:44:40.912,8.03095,8.0375,1.60,1.00
2009.03.20 08:44:41.532,8.03285,8.0378,1.60,1.00
2009.03.20 08:44:41.772,8.0329,8.0378,1.60,1.00
2009.03.20 08:44:42.132,8.03305,8.0378,1.60,1.00
2009.03.20 08:44:42.472,8.0313,8.0378,1.60,1.00
2009.03.20 08:44:44.662,8.03205,8.0393,1.60,2.40
2009.03.20 08:44:45.231,8.03205,8.03925,1.60,1.60
2009.03.20 08:44:45.472,8.0335,8.038,1.60,1.00
2009.03.20 08:44:45.751,8.0311,8.0374,1.60,1.00
2009.03.20 08:44:46.281,8.0305,8.0371,1.60,1.00
2009.03.20 08:44:46.681,8.0303,8.0366,1.60,1.00
2009.03.20 08:44:47.042,8.03065,8.0377,1.60,1.60
2009.03.20 08:44:47.381,8.03065,8.0362,1.60,1.00
2009.03.20 08:44:48.031,8.03,8.0362,1.60,1.00
2009.03.20 08:44:48.841,8.02995,8.0372,1.60,2.40
2009.03.20 08:44:49.181,8.0296,8.0359,3.20,1.00
2009.03.20 08:44:49.300,8.0296,8.0359,1.60,1.00
2009.03.20 08:44:50.370,8.03125,8.036,1.60,1.00
2009.03.20 08:44:51.220,8.02945,8.036,1.60,1.00
2009.03.20 08:44:51.730,8.02945,8.0354,1.60,1.00
2009.03.20 08:44:52.030,8.029,8.0351,1.60,1.00
2009.03.20 08:44:52.839,8.0289,8.0351,3.00,1.00
2009.03.20 08:44:53.129,8.0289,8.0351,4.60,1.00
2009.03.20 08:44:53.639,8.0287,8.0349,1.60,1.00
2009.03.20 08:44:54.560,8.0301,8.0346,1.60,1.00
2009.03.20 08:44:54.729,8.028,8.0346,1.60,1.00
2009.03.20 08:44:55.989,8.029,8.0351,1.60,1.00
2009.03.20 08:44:58.228,8.029,8.0351,3.20,1.00
2009.03.20 08:44:59.328,8.02915,8.0351,1.60,1.00
2009.03.20 08:45:00.758,8.02885,8.0349,3.20,1.00
2009.03.20 08:45:01.288,8.02885,8.0349,1.60,1.00
2009.03.20 08:45:01.528,8.02875,8.0349,1.60,1.00
2009.03.20 08:45:02.498,8.0289,8.0349,1.60,1.00
2009.03.20 08:45:03.187,8.02865,8.0349,1.60,1.00
2009.03.20 08:45:06.146,8.0301,8.0349,1.60,1.00
2009.03.20 08:45:06.436,8.028,8.0346,3.20,1.00
2009.03.20 08:45:06.676,8.028,8.0346,1.60,1.00
2009.03.20 08:45:07.346,8.02785,8.0353,1.60,2.40
2009.03.20 08:45:07.866,8.02825,8.0342,1.60,1.00
2009.03.20 08:45:08.086,8.02785,8.0342,1.60,1.00
2009.03.20 08:45:08.426,8.0277,8.0342,3.00,1.00
2009.03.20 08:45:09.726,8.02785,8.034,1.60,1.00
2009.03.20 08:45:10.735,8.02815,8.034,1.60,1.00
2009.03.20 08:45:11.145,8.02965,8.0346,1.60,1.00
2009.03.20 08:45:11.375,8.02975,8.0346,1.60,1.00
2009.03.20 08:45:16.064,8.03015,8.0358,1.60,2.40
2009.03.20 08:45:16.354,8.03025,8.0351,1.60,1.00
2009.03.20 08:45:17.414,8.02825,8.0349,1.60,1.00
2009.03.20 08:45:17.973,8.0282,8.0348,1.60,1.00
2009.03.20 08:45:20.503,8.0289,8.0351,3.00,1.00
2009.03.20 08:45:21.233,8.0287,8.0348,1.60,1.00
2009.03.20 08:45:22.383,8.0286,8.0348,1.60,1.00
2009.03.20 08:45:24.052,8.0304,8.0359,1.60,1.40
2009.03.20 08:45:24.442,8.0306,8.0359,1.60,1.40
2009.03.20 08:45:24.732,8.03055,8.0359,1.60,1.40
2009.03.20 08:45:25.062,8.0302,8.0359,1.60,1.40
2009.03.20 08:45:25.112,8.0309,8.0357,1.60,1.40
2009.03.20 08:45:25.512,8.0309,8.036,1.60,1.00
2009.03.20 08:45:25.801,8.0311,8.036,1.60,1.00
2009.03.20 08:45:26.432,8.02885,8.0359,1.60,1.00
2009.03.20 08:45:27.371,8.03055,8.036,1.60,1.00
2009.03.20 08:45:27.941,8.0292,8.036,1.60,1.00
2009.03.20 08:45:28.221,8.0304,8.036,1.40,1.00
2009.03.20 08:45:28.511,8.0311,8.0363,1.40,1.00
2009.03.20 08:45:28.801,8.0316,8.036,1.60,1.00
2009.03.20 08:45:29.361,8.02955,8.0372,1.60,2.40
2009.03.20 08:45:30.111,8.0295,8.0362,1.60,1.00
2009.03.20 08:45:31.200,8.03115,8.0363,1.60,1.00
2009.03.20 08:45:31.650,8.03,8.0363,1.60,1.00
2009.03.20 08:45:32.060,8.0316,8.0374,1.40,2.40
2009.03.20 08:45:32.340,8.0321,8.0374,1.60,1.00
2009.03.20 08:45:32.620,8.0328,8.038,1.60,2.40
2009.03.20 08:45:32.860,8.03295,8.038,1.60,2.40
2009.03.20 08:45:33.150,8.03335,8.0378,1.60,1.00
2009.03.20 08:45:33.480,8.0336,8.0381,1.60,1.00
2009.03.20 08:45:33.820,8.0316,8.0381,1.60,1.00
2009.03.20 08:45:34.199,8.033,8.0387,1.40,1.00
2009.03.20 08:45:34.839,8.03235,8.0387,1.60,1.00
2009.03.20 08:45:35.239,8.0338,8.0393,1.40,1.00
2009.03.20 08:45:35.589,8.0329,8.0393,1.60,1.00
2009.03.20 08:45:36.789,8.0331,8.039,1.60,1.00
2009.03.20 08:45:37.030,8.0335,8.0391,1.60,1.00
2009.03.20 08:45:37.309,8.0335,8.0384,1.60,1.00
2009.03.20 08:45:38.229,8.0323,8.0381,1.60,1.00
2009.03.20 08:45:39.089,8.03215,8.0381,1.60,1.00
2009.03.20 08:45:39.510,8.03235,8.0396,1.60,2.40
2009.03.20 08:45:39.950,8.03205,8.039,1.60,1.00
2009.03.20 08:45:40.228,8.0325,8.039,1.60,1.00
2009.03.20 08:45:41.148,8.0325,8.0389,1.60,1.00
2009.03.20 08:45:42.389,8.0325,8.0384,1.60,1.00
2009.03.20 08:45:42.558,8.0324,8.0384,1.60,1.00
2009.03.20 08:45:42.958,8.0335,8.039,1.40,1.00
2009.03.20 08:45:43.197,8.03415,8.039,1.60,1.00
2009.03.20 08:45:43.547,8.03225,8.0389,1.60,1.00
2009.03.20 08:45:44.868,8.0329,8.039,1.60,1.00
2009.03.20 08:45:45.387,8.0329,8.0389,1.60,1.00
2009.03.20 08:45:45.627,8.0326,8.0384,1.60,1.00
2009.03.20 08:45:48.876,8.0326,8.0381,1.60,1.00
2009.03.20 08:45:49.056,8.03205,8.0393,1.60,2.40
2009.03.20 08:45:51.126,8.0327,8.0383,1.40,1.00
2009.03.20 08:45:51.465,8.03155,8.0377,1.60,1.00
2009.03.20 08:45:51.905,8.03155,8.039,1.60,2.40
2009.03.20 08:45:55.164,8.03185,8.038,1.60,1.00
2009.03.20 08:45:56.504,8.0332,8.0378,1.60,1.00
2009.03.20 08:45:56.854,8.033,8.0381,1.60,1.00
2009.03.20 08:45:57.154,8.03335,8.0378,1.60,1.00
2009.03.20 08:45:57.384,8.0315,8.0378,1.60,1.00
2009.03.20 08:45:57.614,8.03145,8.0378,1.60,1.00
2009.03.20 08:45:58.014,8.03145,8.0383,1.60,1.00
2009.03.20 08:46:00.054,8.03205,8.0383,1.60,1.00
2009.03.20 08:46:00.284,8.0335,8.0384,1.60,1.00
2009.03.20 08:46:00.613,8.0318,8.0384,3.00,1.00
2009.03.20 08:46:00.853,8.03185,8.0384,1.60,1.00
2009.03.20 08:46:02.243,8.0323,8.0389,3.00,1.00
2009.03.20 08:46:05.332,8.0335,8.0389,1.60,1.00
2009.03.20 08:46:06.262,8.03185,8.0384,1.60,1.00
2009.03.20 08:46:07.961,8.0326,8.0387,1.60,1.00
2009.03.20 08:46:08.192,8.0326,8.0384,1.60,1.00
2009.03.20 08:46:08.591,8.03235,8.0396,1.60,2.40
2009.03.20 08:46:09.871,8.0323,8.0386,1.60,1.00
2009.03.20 08:46:12.290,8.03235,8.0396,1.60,2.40
2009.03.20 08:46:12.620,8.03195,8.0385,1.60,1.00
2009.03.20 08:46:12.851,8.03195,8.0383,1.60,1.00
2009.03.20 08:46:12.961,8.03195,8.0349,1.60,1.00
2009.03.20 08:46:13.240,8.0325,8.0349,1.00,1.00
2009.03.20 08:46:14.940,8.0325,8.0339,1.00,1.00
2009.03.20 08:46:15.160,8.0325,8.0337,1.00,1.00
2009.03.20 08:46:15.580,8.0325,8.0333,1.00,1.00
2009.03.20 08:46:16.340,8.0325,8.033,1.00,1.00
2009.03.20 08:46:16.509,8.0325,8.03255,1.00,1.50
2009.03.20 08:46:17.649,8.0325,8.0335,1.00,1.00
2009.03.20 08:46:18.359,8.0325,8.0332,1.00,1.00
2009.03.20 08:46:19.099,8.0325,8.0334,1.00,1.00
2009.03.20 08:46:19.429,8.0325,8.033,1.00,1.00
2009.03.20 08:46:20.078,8.0325,8.0331,1.00,1.00
2009.03.20 08:46:21.088,8.0325,8.0326,1.00,1.00
2009.03.20 08:46:21.448,8.0325,8.0329,1.00,1.00
2009.03.20 08:46:26.487,8.0325,8.0327,1.00,1.00
2009.03.20 08:46:27.047,8.0325,8.03445,1.00,2.20
2009.03.20 08:46:29.496,8.0271,8.0314,1.30,1.00
2009.03.20 08:46:29.676,8.0325,8.03255,1.00,1.50
2009.03.20 08:46:30.146,8.0325,8.03365,1.00,2.20
2009.03.20 08:46:30.316,8.0325,8.03385,1.00,1.40
2009.03.20 08:46:30.726,8.0325,8.0337,1.00,1.40
2009.03.20 08:46:30.946,8.0325,8.0346,1.00,8.00
2009.03.20 08:46:31.246,8.0325,8.03325,1.00,2.20
2009.03.20 08:46:32.376,8.0265,8.0312,1.40,1.00
2009.03.20 08:46:33.365,8.0262,8.0303,1.40,1.00
2009.03.20 08:46:33.805,8.026,8.0297,8.00,1.00
2009.03.20 08:46:34.385,8.026,8.0299,9.40,1.00
2009.03.20 08:46:34.565,8.0262,8.0297,1.40,1.00
2009.03.20 08:46:34.845,8.0262,8.0292,1.40,1.00
2009.03.20 08:46:35.075,8.0262,8.0291,1.40,1.00
2009.03.20 08:46:35.345,8.0262,8.0297,1.40,1.00
2009.03.20 08:46:36.075,8.0269,8.0308,1.40,1.00
2009.03.20 08:46:37.435,8.0263,8.03,1.40,1.00
2009.03.20 08:46:39.104,8.0269,8.031,1.40,1.00
2009.03.20 08:46:39.504,8.02715,8.031,1.60,1.00
2009.03.20 08:46:39.723,8.0269,8.031,1.40,1.00
2009.03.20 08:46:39.944,8.0274,8.0315,1.40,1.00
2009.03.20 08:46:41.634,8.0279,8.0316,1.40,1.00
2009.03.20 08:46:41.983,8.02565,8.0309,1.60,1.00
2009.03.20 08:46:42.253,8.027,8.0316,1.40,1.00
2009.03.20 08:46:42.374,8.0271,8.0328,1.40,2.40
2009.03.20 08:46:43.123,8.0269,8.0322,1.40,2.40
2009.03.20 08:46:45.553,8.0269,8.0312,1.40,1.00
2009.03.20 08:46:47.682,8.0268,8.0305,1.40,1.00
2009.03.20 08:46:49.251,8.0257,8.0299,1.40,1.00
2009.03.20 08:46:49.631,8.0257,8.03125,1.40,1.40
2009.03.20 08:46:49.921,8.02515,8.0298,1.60,1.00
2009.03.20 08:46:50.261,8.0256,8.0298,1.40,1.00
2009.03.20 08:46:51.071,8.0259,8.0298,1.40,1.00
2009.03.20 08:46:52.251,8.0253,8.0297,1.40,1.00
2009.03.20 08:46:52.641,8.0253,8.0303,1.40,2.40
2009.03.20 08:46:52.760,8.0254,8.0298,1.40,1.00
2009.03.20 08:46:54.700,8.0261,8.0304,1.40,1.00
2009.03.20 08:46:58.189,8.0235,8.0292,3.00,1.00
2009.03.20 08:46:58.759,8.02375,8.029,1.60,1.00
2009.03.20 08:46:59.419,8.02365,8.0285,1.60,1.00
2009.03.20 08:47:00.459,8.0246,8.0287,1.40,1.00
2009.03.20 08:47:00.759,8.025,8.0287,1.40,1.00
2009.03.20 08:47:01.099,8.02375,8.0287,1.60,1.00
2009.03.20 08:47:01.398,8.0255,8.0292,1.40,1.00
2009.03.20 08:47:04.538,8.0256,8.0289,1.40,1.00
2009.03.20 08:47:05.257,8.0259,8.0293,1.40,1.00
2009.03.20 08:47:07.387,8.0255,8.0292,1.40,1.00
2009.03.20 08:47:08.107,8.0253,8.0287,1.40,1.00
2009.03.20 08:47:09.007,8.0253,8.0269,1.40,1.60
2009.03.20 08:47:09.586,8.0255,8.0269,1.40,1.60
2009.03.20 08:47:11.216,8.0253,8.0265,1.40,1.60
2009.03.20 08:47:11.517,8.0255,8.0265,1.40,1.60
2009.03.20 08:47:13.136,8.025,8.0265,1.40,1.60
2009.03.20 08:47:15.535,8.0255,8.0265,1.40,1.60
2009.03.20 08:47:20.854,8.025,8.0265,1.40,1.60
2009.03.20 08:47:21.414,8.0247,8.0265,1.40,1.60
2009.03.20 08:47:23.893,8.025,8.0265,1.40,1.60
2009.03.20 08:47:24.293,8.0247,8.0265,1.40,1.60
2009.03.20 08:47:26.323,8.0236,8.0265,1.60,1.60
2009.03.20 08:47:26.492,8.0251,8.0265,1.40,1.60
2009.03.20 08:47:27.182,8.0254,8.0265,1.40,1.60
2009.03.20 08:47:27.942,8.0259,8.0265,1.40,1.60
2009.03.20 08:47:30.132,8.0263,8.0265,1.40,1.60
2009.03.20 08:47:32.971,8.0259,8.0265,1.40,1.60
2009.03.20 08:47:33.541,8.02445,8.0265,1.60,1.60
2009.03.20 08:47:34.060,8.0254,8.0265,1.40,1.60
2009.03.20 08:47:34.960,8.026,8.0265,1.40,1.60
2009.03.20 08:47:35.312,8.0263,8.0265,1.40,1.60
2009.03.20 08:47:35.820,8.0269,8.0306,1.40,2.10
2009.03.20 08:47:36.180,8.0269,8.0316,1.40,1.00
2009.03.20 08:47:36.630,8.0254,8.0275,1.60,1.60
2009.03.20 08:47:36.930,8.0267,8.0275,1.40,1.60
2009.03.20 08:47:37.310,8.0266,8.0275,1.40,1.60
2009.03.20 08:47:41.419,8.0268,8.0304,1.40,1.00
2009.03.20 08:47:43.258,8.0265,8.0269,1.40,1.60
2009.03.20 08:47:44.748,8.0266,8.0297,1.40,2.10
2009.03.20 08:47:45.798,8.0266,8.0302,1.40,1.00
2009.03.20 08:47:46.128,8.02515,8.0299,1.60,1.00
2009.03.20 08:47:46.468,8.02495,8.0269,1.60,1.60
2009.03.20 08:47:46.987,8.0248,8.0269,1.60,1.60
2009.03.20 08:47:47.747,8.02495,8.0265,1.60,1.60
2009.03.20 08:47:54.425,8.0244,8.0265,1.60,1.60
2009.03.20 08:47:54.825,8.02365,8.0265,1.60,1.60
2009.03.20 08:47:57.455,8.02415,8.0265,1.60,1.60
2009.03.20 08:48:03.034,8.02425,8.0265,1.60,1.60
2009.03.20 08:48:03.383,8.02415,8.0265,1.60,1.60
2009.03.20 08:48:04.173,8.0243,8.0265,1.60,1.60
2009.03.20 08:48:06.053,8.024,8.0265,3.00,1.60
2009.03.20 08:48:06.533,8.0248,8.0265,1.40,1.60
2009.03.20 08:48:07.422,8.0258,8.0265,1.40,1.60
2009.03.20 08:48:12.991,8.0257,8.0265,1.40,1.60
2009.03.20 08:48:13.551,8.026,8.0265,1.40,1.60
2009.03.20 08:48:14.681,8.0263,8.0265,1.40,1.60
2009.03.20 08:48:14.960,8.02455,8.0265,1.60,1.60
2009.03.20 08:48:15.351,8.0258,8.0265,1.40,1.60
2009.03.20 08:48:16.620,8.0261,8.0265,1.40,1.60
2009.03.20 08:48:16.840,8.026,8.0265,1.40,1.60
2009.03.20 08:48:18.270,8.0263,8.0265,1.40,1.60
2009.03.20 08:48:18.789,8.02485,8.0265,2.20,1.60
2009.03.20 08:48:19.130,8.0267,8.0304,1.40,2.10
2009.03.20 08:48:19.459,8.0272,8.0304,1.40,2.10
2009.03.20 08:48:19.859,8.0272,8.0308,1.40,1.00
2009.03.20 08:48:22.119,8.0271,8.0307,1.40,1.00
2009.03.20 08:48:22.469,8.027,8.0307,1.40,1.00
2009.03.20 08:48:22.639,8.027,8.0306,1.40,1.00
2009.03.20 08:48:23.578,8.026,8.0299,1.40,1.00
2009.03.20 08:48:23.978,8.026,8.0303,1.40,1.00
2009.03.20 08:48:24.098,8.026,8.0299,1.40,1.00
2009.03.20 08:48:24.338,8.0256,8.0295,1.40,1.00
2009.03.20 08:48:24.978,8.0255,8.0292,1.40,1.00
2009.03.20 08:48:26.598,8.0258,8.0295,1.40,1.00
2009.03.20 08:48:28.047,8.0257,8.0293,1.40,1.00
2009.03.20 08:48:32.436,8.0262,8.0297,1.40,1.00
2009.03.20 08:48:32.666,8.02435,8.0291,1.60,1.00
2009.03.20 08:48:32.896,8.0251,8.0291,1.40,1.00
2009.03.20 08:48:37.475,8.0232,8.0288,1.40,1.00
2009.03.20 08:48:38.086,8.0235,8.0291,1.40,1.00
2009.03.20 08:48:38.885,8.0242,8.0295,1.40,1.00
2009.03.20 08:48:39.355,8.0239,8.0292,1.40,1.00
2009.03.20 08:48:50.522,8.0264,8.0306,1.40,1.00
2009.03.20 08:48:50.902,8.0243,8.0297,1.60,1.00
2009.03.20 08:48:51.142,8.0239,8.0297,1.40,1.00
2009.03.20 08:48:54.421,8.0242,8.0295,1.40,1.00
2009.03.20 08:48:56.820,8.0245,8.0298,1.40,1.00
2009.03.20 08:48:56.981,8.0238,8.0301,3.00,1.00
2009.03.20 08:48:57.760,8.0264,8.0301,1.40,1.00
2009.03.20 08:48:58.000,8.0264,8.0303,1.40,1.00
2009.03.20 08:49:08.708,8.0274,8.0309,1.40,1.00
2009.03.20 08:49:09.527,8.0271,8.0306,1.40,1.00
2009.03.20 08:49:10.857,8.0268,8.0303,1.40,1.00
2009.03.20 08:49:16.487,8.0271,8.0306,1.40,1.00
2009.03.20 08:49:17.785,8.0268,8.0303,1.40,1.00
2009.03.20 08:49:18.935,8.0274,8.031,1.40,1.00
2009.03.20 08:49:28.703,8.028,8.0315,1.40,1.00
2009.03.20 08:49:28.883,8.0277,8.0313,1.40,1.00
2009.03.20 08:49:36.151,8.0281,8.032,1.40,1.00
2009.03.20 08:49:38.140,8.0284,8.0324,1.40,1.00
2009.03.20 08:49:39.740,8.0289,8.0324,1.40,1.00
2009.03.20 08:49:40.360,8.0301,8.03375,1.40,1.40
2009.03.20 08:49:40.690,8.0301,8.0341,1.40,1.00
2009.03.20 08:49:40.990,8.0295,8.0335,1.40,1.00
2009.03.20 08:49:41.270,8.0298,8.0338,1.40,1.00
2009.03.20 08:49:43.169,8.0301,8.0341,1.40,1.00
2009.03.20 08:49:43.339,8.0307,8.0342,1.60,1.00
2009.03.20 08:49:43.739,8.0323,8.0367,1.40,8.80
2009.03.20 08:49:44.089,8.0315,8.0364,1.40,1.00
2009.03.20 08:49:44.759,8.0324,8.036,1.40,1.00
2009.03.20 08:49:46.008,8.0331,8.037,1.40,1.00
2009.03.20 08:49:46.849,8.0328,8.0367,1.40,1.00
2009.03.20 08:49:48.208,8.0327,8.0363,1.40,1.00
2009.03.20 08:49:49.768,8.033,8.0365,1.40,1.00
2009.03.20 08:49:50.397,8.0333,8.0368,1.40,1.00
2009.03.20 08:49:52.957,8.0336,8.0371,1.40,1.00
2009.03.20 08:49:53.177,8.0337,8.0372,1.40,1.00
2009.03.20 08:49:54.667,8.034,8.0375,1.40,1.00
2009.03.20 08:49:56.956,8.0345,8.0381,1.40,1.00
2009.03.20 08:49:58.326,8.0347,8.0381,1.40,1.00
2009.03.20 08:49:59.595,8.0351,8.0387,1.40,1.00
2009.03.20 08:50:00.635,8.0349,8.04015,1.40,1.40
2009.03.20 08:50:00.915,8.03445,8.04035,1.60,1.60
2009.03.20 08:50:01.435,8.03455,8.04035,1.60,1.60
2009.03.20 08:50:01.655,8.0347,8.04015,1.60,1.60
2009.03.20 08:50:02.165,8.0346,8.04015,1.60,1.60
2009.03.20 08:50:02.506,8.0344,8.0397,1.60,1.60
2009.03.20 08:50:03.344,8.0344,8.03915,1.60,1.60
2009.03.20 08:50:03.574,8.0338,8.03915,1.60,1.60
2009.03.20 08:50:03.984,8.0338,8.039,1.60,1.60
2009.03.20 08:50:04.214,8.0336,8.039,1.60,1.60
2009.03.20 08:50:05.434,8.0338,8.039,1.60,1.60
2009.03.20 08:50:06.074,8.0338,8.0396,1.60,1.60
2009.03.20 08:50:06.484,8.0339,8.0396,1.60,1.60
2009.03.20 08:50:06.974,8.034,8.0396,1.60,1.60
2009.03.20 08:50:08.183,8.03425,8.03955,1.60,1.60
2009.03.20 08:50:08.533,8.03425,8.0396,1.60,1.60
2009.03.20 08:50:09.033,8.0341,8.0396,1.60,1.60
2009.03.20 08:50:09.363,8.0341,8.03955,1.60,1.60
2009.03.20 08:50:11.003,8.03425,8.03955,1.60,1.60
2009.03.20 08:50:11.632,8.0344,8.03955,1.60,1.60
2009.03.20 08:50:14.312,8.03525,8.04165,1.60,1.60
2009.03.20 08:50:14.772,8.03535,8.04165,1.60,1.60
2009.03.20 08:50:15.182,8.0354,8.04165,1.60,1.60
2009.03.20 08:50:16.811,8.0354,8.04125,1.60,1.60
2009.03.20 08:50:16.981,8.0352,8.04125,1.60,1.60
2009.03.20 08:50:17.911,8.0351,8.04125,1.60,1.60
2009.03.20 08:50:18.611,8.03485,8.041,1.60,1.60
2009.03.20 08:50:19.811,8.03535,8.0411,1.60,1.60
2009.03.20 08:50:20.270,8.03535,8.04105,1.60,1.60
2009.03.20 08:50:20.550,8.03485,8.04105,1.60,1.60
2009.03.20 08:50:20.960,8.03485,8.04125,1.60,1.60
2009.03.20 08:50:21.750,8.0352,8.04135,1.60,1.60
2009.03.20 08:50:22.030,8.0352,8.041,1.60,1.60
2009.03.20 08:50:22.390,8.03485,8.041,1.60,1.60
2009.03.20 08:50:27.888,8.0348,8.041,1.60,1.60
2009.03.20 08:50:31.597,8.03485,8.04125,1.60,1.60
2009.03.20 08:50:32.407,8.03485,8.04145,1.60,1.60
2009.03.20 08:50:32.577,8.0352,8.041,1.60,1.60
2009.03.20 08:50:33.097,8.0348,8.041,1.60,1.60
2009.03.20 08:50:33.777,8.0348,8.04065,1.60,1.60
2009.03.20 08:50:33.947,8.03455,8.04065,1.60,1.60
2009.03.20 08:50:34.297,8.03455,8.0404,1.60,1.60
2009.03.20 08:50:34.647,8.03455,8.04065,1.60,1.60
2009.03.20 08:50:35.097,8.03445,8.04065,1.60,1.60
2009.03.20 08:50:35.427,8.03445,8.04085,1.60,1.60
2009.03.20 08:50:35.946,8.03445,8.04065,1.60,1.60
2009.03.20 08:50:36.176,8.03445,8.0404,1.60,1.60
2009.03.20 08:50:37.726,8.03415,8.0404,1.60,1.60
2009.03.20 08:50:39.495,8.03425,8.0404,1.60,1.60
2009.03.20 08:50:41.125,8.03415,8.0404,1.60,1.60
2009.03.20 08:50:41.885,8.03415,8.04005,1.60,1.60
2009.03.20 08:50:42.165,8.034,8.0398,1.60,1.60
2009.03.20 08:50:42.455,8.034,8.04005,1.60,1.60
2009.03.20 08:50:42.735,8.03365,8.04005,1.60,1.60
2009.03.20 08:50:43.125,8.03365,8.04045,1.60,1.60
2009.03.20 08:50:43.755,8.0341,8.0403,1.60,1.60
2009.03.20 08:50:47.634,8.03415,8.0403,1.60,1.60
2009.03.20 08:50:48.773,8.0341,8.0403,1.60,1.60
2009.03.20 08:50:49.693,8.0339,8.03985,1.60,1.60
2009.03.20 08:50:49.983,8.0335,8.03985,1.60,1.60
2009.03.20 08:50:52.153,8.03365,8.03985,1.60,1.60
2009.03.20 08:50:52.822,8.03355,8.03985,1.60,1.60
2009.03.20 08:50:53.942,8.03345,8.03985,1.60,1.60
2009.03.20 08:50:54.852,8.0335,8.03985,1.60,1.60
2009.03.20 08:50:55.772,8.0351,8.03985,1.60,1.60
2009.03.20 08:50:58.121,8.0335,8.03925,1.60,1.60
2009.03.20 08:50:58.861,8.0329,8.03925,1.60,1.60
2009.03.20 08:51:00.710,8.03295,8.03925,1.60,1.60
2009.03.20 08:51:01.001,8.03305,8.03925,1.60,1.60
2009.03.20 08:51:01.680,8.03305,8.03945,1.60,1.60
2009.03.20 08:51:02.011,8.033,8.03945,1.60,1.60
2009.03.20 08:51:02.790,8.033,8.03885,1.60,1.60
2009.03.20 08:51:03.360,8.033,8.0383,1.60,1.60
2009.03.20 08:51:03.600,8.0319,8.0383,1.60,1.60
2009.03.20 08:51:04.400,8.0319,8.03805,1.60,1.60
2009.03.20 08:51:04.860,8.03175,8.03805,1.60,1.60
2009.03.20 08:51:06.319,8.03185,8.03805,1.60,1.60
2009.03.20 08:51:07.829,8.03185,8.0391,1.60,1.40
2009.03.20 08:51:08.009,8.0325,8.03975,1.60,1.60
2009.03.20 08:51:09.119,8.0327,8.03965,1.60,1.60
2009.03.20 08:51:09.698,8.03285,8.0391,1.60,1.60
2009.03.20 08:51:09.989,8.03275,8.0391,1.60,1.60
2009.03.20 08:51:10.398,8.03285,8.039,1.60,1.60
2009.03.20 08:51:10.928,8.0327,8.039,1.60,1.60
2009.03.20 08:51:12.538,8.0334,8.03945,1.60,1.60
2009.03.20 08:51:12.818,8.0334,8.0402,1.60,1.60
2009.03.20 08:51:13.057,8.0336,8.0402,1.60,1.60
2009.03.20 08:51:13.527,8.0337,8.0402,1.60,1.60
2009.03.20 08:51:14.317,8.03375,8.0402,1.60,1.60
2009.03.20 08:51:14.667,8.0335,8.03965,1.60,1.60
2009.03.20 08:51:15.007,8.0335,8.0402,1.60,1.60
2009.03.20 08:51:15.527,8.0337,8.0402,1.60,1.60
2009.03.20 08:51:16.007,8.03375,8.0402,1.60,1.60
2009.03.20 08:51:16.976,8.03385,8.0402,1.60,1.60
2009.03.20 08:51:17.196,8.03385,8.03945,1.60,1.60
2009.03.20 08:51:17.586,8.0331,8.0398,1.60,1.60
2009.03.20 08:51:17.936,8.0331,8.04035,1.60,3.00
2009.03.20 08:51:18.576,8.034,8.0402,1.60,1.60
2009.03.20 08:51:19.136,8.034,8.0401,1.60,1.60
2009.03.20 08:51:19.436,8.03375,8.0401,1.60,1.60
2009.03.20 08:51:21.176,8.03395,8.04005,1.60,1.60
2009.03.20 08:51:21.687,8.0342,8.0401,1.60,1.60
2009.03.20 08:51:22.215,8.034,8.0401,1.60,1.60
2009.03.20 08:51:22.835,8.03395,8.0401,1.60,1.60
2009.03.20 08:51:24.615,8.03395,8.04015,1.60,1.60
2009.03.20 08:51:24.975,8.03395,8.04005,1.60,1.60
2009.03.20 08:51:25.954,8.0338,8.04005,1.60,1.60
2009.03.20 08:51:26.534,8.0338,8.04015,1.60,1.60
2009.03.20 08:51:27.864,8.0341,8.03995,1.60,1.60
2009.03.20 08:51:28.324,8.0341,8.04065,1.60,1.00
2009.03.20 08:51:28.494,8.0347,8.04125,1.60,1.60
2009.03.20 08:51:29.194,8.0347,8.04135,1.60,1.60
2009.03.20 08:51:30.053,8.03485,8.04125,1.60,1.60
2009.03.20 08:51:30.293,8.03485,8.0408,1.60,1.60
2009.03.20 08:51:30.643,8.0345,8.0408,1.60,1.60
2009.03.20 08:51:31.103,8.0345,8.04065,1.60,1.60
2009.03.20 08:51:31.963,8.0348,8.04135,1.60,1.60
2009.03.20 08:51:32.423,8.03485,8.04135,1.60,1.60
2009.03.20 08:51:33.602,8.03495,8.04135,1.60,1.60
2009.03.20 08:51:34.273,8.035,8.04135,1.60,1.60
2009.03.20 08:51:36.042,8.03475,8.0408,1.60,1.60
2009.03.20 08:51:44.430,8.03495,8.04135,1.60,1.60
2009.03.20 08:51:45.550,8.03495,8.0413,1.60,1.60
2009.03.20 08:51:45.780,8.03535,8.0413,1.60,1.60
2009.03.20 08:51:47.399,8.03595,8.04185,1.60,1.60
2009.03.20 08:51:48.189,8.03595,8.04135,1.60,1.60
2009.03.20 08:51:48.569,8.03535,8.04135,1.60,1.60
2009.03.20 08:51:49.768,8.03515,8.04135,1.60,1.60
2009.03.20 08:51:50.358,8.0351,8.04135,1.60,1.60
2009.03.20 08:51:53.488,8.0354,8.0413,1.60,1.60
2009.03.20 08:51:53.998,8.03525,8.0413,1.60,1.60
2009.03.20 08:51:54.568,8.0354,8.0413,1.60,1.60
2009.03.20 08:51:54.807,8.0354,8.04085,1.60,1.60
2009.03.20 08:51:55.098,8.0354,8.04135,1.60,1.60
2009.03.20 08:51:55.457,8.03495,8.04135,1.60,1.60
2009.03.20 08:51:56.157,8.035,8.04135,1.60,1.60
2009.03.20 08:51:56.507,8.03505,8.04135,1.60,1.60
2009.03.20 08:52:00.226,8.035,8.04135,1.60,1.60
2009.03.20 08:52:01.276,8.03535,8.0413,1.60,1.60
2009.03.20 08:52:01.886,8.03535,8.04085,1.60,1.60
2009.03.20 08:52:01.946,8.03475,8.04085,1.60,1.60
2009.03.20 08:52:02.296,8.03475,8.04135,1.60,1.60
2009.03.20 08:52:02.826,8.03475,8.0413,1.60,1.60
2009.03.20 08:52:03.165,8.03495,8.0413,1.60,1.60
2009.03.20 08:52:03.775,8.0353,8.0413,1.60,1.60
2009.03.20 08:52:04.295,8.0353,8.04185,1.60,1.60
2009.03.20 08:52:04.525,8.03595,8.04185,1.60,1.60
2009.03.20 08:52:05.185,8.03595,8.04195,1.60,1.60
2009.03.20 08:52:05.765,8.03535,8.0414,1.60,1.60
2009.03.20 08:52:09.484,8.03585,8.0419,1.60,1.60
2009.03.20 08:52:10.793,8.0357,8.0419,1.60,1.60
2009.03.20 08:52:11.533,8.0355,8.0419,1.60,1.60
2009.03.20 08:52:11.833,8.0356,8.0419,1.60,1.60
2009.03.20 08:52:12.343,8.0356,8.04135,1.60,1.60
2009.03.20 08:52:13.603,8.03535,8.04135,1.60,1.60
2009.03.20 08:52:19.821,8.03545,8.04135,1.60,1.60
2009.03.20 08:52:20.181,8.03545,8.04185,1.60,1.60
2009.03.20 08:52:20.471,8.0355,8.04185,1.60,1.60
2009.03.20 08:52:21.271,8.0356,8.04185,1.60,1.60
2009.03.20 08:52:21.611,8.03535,8.04135,1.60,1.60
2009.03.20 08:52:22.041,8.03535,8.04185,1.60,1.60
2009.03.20 08:52:23.201,8.0355,8.04185,1.60,1.60
2009.03.20 08:52:23.251,8.0355,8.04135,1.60,1.60
2009.03.20 08:52:23.471,8.0355,8.04185,1.60,1.60
2009.03.20 08:52:24.270,8.0355,8.04095,1.60,1.60
2009.03.20 08:52:25.001,8.03485,8.04145,1.60,1.60
2009.03.20 08:52:26.020,8.03495,8.04125,1.60,1.60
2009.03.20 08:52:26.320,8.035,8.04125,1.60,1.60
2009.03.20 08:52:27.379,8.035,8.0418,1.60,1.60
2009.03.20 08:52:30.159,8.035,8.0413,1.60,1.60
2009.03.20 08:52:41.236,8.03505,8.0413,1.60,1.60
2009.03.20 08:52:42.226,8.0351,8.0413,1.60,1.60
2009.03.20 08:52:48.694,8.03475,8.04075,1.60,1.60
2009.03.20 08:52:49.384,8.03485,8.04125,1.60,1.60
2009.03.20 08:52:50.074,8.035,8.04125,1.60,1.60
2009.03.20 08:52:53.443,8.035,8.04075,1.60,1.60
2009.03.20 08:52:53.863,8.035,8.04125,1.60,1.60
2009.03.20 08:52:54.203,8.03475,8.04125,1.60,1.60
2009.03.20 08:52:54.553,8.03495,8.04125,1.60,1.60
2009.03.20 08:52:55.233,8.03495,8.04135,1.60,1.60
2009.03.20 08:52:55.522,8.0351,8.04135,1.60,1.60
2009.03.20 08:52:56.572,8.03585,8.0418,1.60,1.60
2009.03.20 08:52:57.432,8.03595,8.0418,1.60,1.60
2009.03.20 08:52:58.852,8.03585,8.0418,1.60,1.60
2009.03.20 08:52:59.941,8.03595,8.0418,1.60,1.60
2009.03.20 08:53:01.451,8.03595,8.04255,1.60,1.60
2009.03.20 08:53:01.781,8.0361,8.04255,1.60,1.60
2009.03.20 08:53:02.281,8.03615,8.04255,1.60,1.60
2009.03.20 08:53:03.061,8.03625,8.042,1.60,1.60
2009.03.20 08:53:05.490,8.03625,8.04245,1.60,1.60
2009.03.20 08:53:05.730,8.0366,8.04245,1.60,1.60
2009.03.20 08:53:07.070,8.0366,8.04255,1.60,1.60
2009.03.20 08:53:07.310,8.0364,8.04195,1.60,1.60
2009.03.20 08:53:07.870,8.036,8.04205,1.60,1.60
2009.03.20 08:53:08.150,8.036,8.0413,1.60,1.60
2009.03.20 08:53:08.430,8.036,8.04075,1.60,1.60
2009.03.20 08:53:08.670,8.0346,8.04075,1.60,1.60
2009.03.20 08:53:09.529,8.03475,8.04075,1.60,1.60
2009.03.20 08:53:11.759,8.0351,8.04125,1.60,1.60
2009.03.20 08:53:12.629,8.03515,8.04125,1.60,1.60
2009.03.20 08:53:12.808,8.0351,8.04125,1.60,1.60
2009.03.20 08:53:18.317,8.0351,8.04075,1.60,1.60
2009.03.20 08:53:18.827,8.03485,8.04075,1.60,1.60
2009.03.20 08:53:21.017,8.03475,8.04075,1.60,1.60
2009.03.20 08:53:21.766,8.0346,8.0407,1.60,1.60
2009.03.20 08:53:22.376,8.0345,8.0407,1.60,1.60
2009.03.20 08:53:23.006,8.03445,8.0407,1.60,1.60
2009.03.20 08:53:24.106,8.0344,8.0407,1.60,1.60
2009.03.20 08:53:26.365,8.0344,8.0406,1.60,1.60
2009.03.20 08:53:26.715,8.0347,8.0406,1.60,1.60
2009.03.20 08:53:29.524,8.03475,8.0406,1.60,1.60
2009.03.20 08:53:30.444,8.0348,8.0406,1.60,1.60
2009.03.20 08:53:31.644,8.03485,8.0406,1.60,1.60
2009.03.20 08:53:36.603,8.03475,8.0406,1.60,1.60
2009.03.20 08:53:36.832,8.0348,8.0406,1.60,1.60
2009.03.20 08:53:38.832,8.03475,8.0406,1.60,1.60
2009.03.20 08:53:44.651,8.0347,8.0406,1.60,1.60
2009.03.20 08:53:45.850,8.03465,8.0406,1.60,1.60
2009.03.20 08:53:46.140,8.03465,8.04025,1.60,1.60
2009.03.20 08:53:46.711,8.03465,8.04085,1.60,1.60
2009.03.20 08:53:46.880,8.03435,8.04085,1.60,1.60
2009.03.20 08:53:47.230,8.03435,8.0407,1.60,1.60
2009.03.20 08:53:50.350,8.03435,8.04015,1.60,1.60
2009.03.20 08:53:50.670,8.03415,8.04015,1.60,1.60
2009.03.20 08:53:51.709,8.0342,8.04015,1.60,1.60
2009.03.20 08:53:52.119,8.0342,8.0407,1.60,1.60
2009.03.20 08:53:52.689,8.0343,8.0407,1.60,1.60
2009.03.20 08:53:55.728,8.03465,8.0407,1.60,1.60
2009.03.20 08:53:56.608,8.0344,8.0407,1.60,1.60
2009.03.20 08:53:56.948,8.0344,8.0406,1.60,1.60
2009.03.20 08:53:57.358,8.03465,8.0406,1.60,1.60
2009.03.20 08:53:57.698,8.03465,8.04055,1.60,1.60
2009.03.20 08:53:57.918,8.0346,8.04055,1.60,1.60
2009.03.20 08:54:01.137,8.0347,8.04055,1.60,1.60
2009.03.20 08:54:10.784,8.03475,8.04055,1.60,1.60
2009.03.20 08:54:16.323,8.03475,8.0401,1.60,1.60
2009.03.20 08:54:16.563,8.0342,8.0401,1.60,1.60
2009.03.20 08:54:21.812,8.0341,8.04005,1.60,1.00
2009.03.20 08:54:22.112,8.03425,8.0408,1.60,1.60
2009.03.20 08:54:22.512,8.03425,8.0376,1.60,1.00
2009.03.20 08:54:22.802,8.0304,8.0376,1.60,1.00
2009.03.20 08:54:22.921,8.0303,8.0374,1.60,1.00
2009.03.20 08:54:23.352,8.0303,8.0372,1.60,1.00
2009.03.20 08:54:23.582,8.0301,8.0368,1.60,1.00
2009.03.20 08:54:24.491,8.0301,8.0368,1.60,1.00
2009.03.20 08:54:24.902,8.0301,8.037,1.60,1.00
2009.03.20 08:54:25.351,8.0302,8.037,1.60,1.00
2009.03.20 08:54:25.631,8.0307,8.0371,1.60,1.00
2009.03.20 08:54:25.921,8.0307,8.0365,1.60,1.00
2009.03.20 08:54:26.271,8.0301,8.0371,1.60,1.00
2009.03.20 08:54:27.530,8.0301,8.03695,1.60,1.60
2009.03.20 08:54:27.940,8.0301,8.0365,1.60,1.00
2009.03.20 08:54:28.220,8.0299,8.0365,1.60,1.00
2009.03.20 08:54:28.900,8.03015,8.0365,1.60,1.00
2009.03.20 08:54:29.230,8.03015,8.037,1.60,1.00
2009.03.20 08:54:29.520,8.0303,8.037,1.60,1.00
2009.03.20 08:54:30.589,8.03055,8.037,1.60,1.00
2009.03.20 08:54:31.189,8.03045,8.037,1.60,1.00
2009.03.20 08:54:31.810,8.0304,8.037,1.60,1.00
2009.03.20 08:54:32.829,8.0304,8.0373,1.60,2.40
2009.03.20 08:54:33.209,8.0304,8.0373,1.60,1.00
2009.03.20 08:54:34.779,8.0306,8.0373,1.60,1.00
2009.03.20 08:54:35.249,8.0306,8.0376,1.60,1.00
2009.03.20 08:54:35.798,8.0307,8.0376,1.60,1.00
2009.03.20 08:54:36.408,8.03085,8.0378,1.60,1.60
2009.03.20 08:54:37.628,8.03085,8.0376,1.60,1.60
2009.03.20 08:54:38.138,8.03085,8.0374,1.60,1.60
2009.03.20 08:54:38.468,8.03065,8.0374,1.60,1.60
2009.03.20 08:54:38.698,8.03065,8.03695,1.60,1.60
2009.03.20 08:54:39.108,8.03065,8.0367,1.60,1.60
2009.03.20 08:54:39.397,8.03005,8.03695,1.60,1.60
2009.03.20 08:54:39.748,8.03005,8.0367,1.60,1.60
2009.03.20 08:54:42.357,8.03015,8.03695,1.60,1.60
2009.03.20 08:54:42.588,8.03015,8.0372,1.60,3.00
2009.03.20 08:54:43.607,8.03045,8.03695,1.60,1.60
2009.03.20 08:54:44.017,8.0304,8.03695,1.60,1.60
2009.03.20 08:54:46.176,8.03035,8.03695,1.60,1.60
2009.03.20 08:54:50.185,8.03065,8.03695,1.60,1.60
2009.03.20 08:54:50.345,8.03065,8.0367,1.60,1.60
2009.03.20 08:54:51.624,8.02965,8.03635,1.60,1.60
2009.03.20 08:54:52.155,8.0295,8.03635,1.60,1.60
2009.03.20 08:54:53.014,8.03,8.0366,1.60,1.60
2009.03.20 08:54:55.563,8.0298,8.0366,1.60,1.60
2009.03.20 08:54:55.963,8.0298,8.036,1.60,1.60
2009.03.20 08:54:56.523,8.0293,8.036,1.60,1.60
2009.03.20 08:54:56.914,8.0293,8.0362,1.60,1.60
2009.03.20 08:54:59.033,8.02955,8.036,1.60,1.60
2009.03.20 08:54:59.892,8.02965,8.036,1.60,1.60
2009.03.20 08:55:00.512,8.02955,8.036,1.60,1.60
2009.03.20 08:55:01.502,8.02965,8.036,1.60,1.60
2009.03.20 08:55:02.172,8.0297,8.036,1.60,1.60
2009.03.20 08:55:03.992,8.02945,8.036,1.60,1.60
2009.03.20 08:55:06.451,8.02945,8.036,1.60,1.60
2009.03.20 08:55:06.911,8.02965,8.036,1.60,1.60
2009.03.20 08:55:07.451,8.0297,8.036,1.60,1.60
2009.03.20 08:55:08.960,8.02945,8.036,1.60,1.60
2009.03.20 08:55:09.021,8.02945,8.0362,1.60,1.60
2009.03.20 08:55:09.700,8.02945,8.0362,1.60,1.00
2009.03.20 08:55:09.920,8.03005,8.0366,1.60,1.60
2009.03.20 08:55:11.060,8.03,8.0366,1.60,1.60
2009.03.20 08:55:13.479,8.03005,8.0366,1.60,1.60
2009.03.20 08:55:14.390,8.03015,8.0366,1.60,1.60
2009.03.20 08:55:17.578,8.03,8.0366,1.60,1.60
2009.03.20 08:55:18.098,8.03005,8.0366,1.60,1.60
2009.03.20 08:55:18.568,8.03,8.0366,1.60,1.60
2009.03.20 08:55:20.078,8.03005,8.0366,1.60,1.60
2009.03.20 08:55:21.007,8.0301,8.0366,1.60,1.60
2009.03.20 08:55:21.637,8.0301,8.037,1.60,1.60
2009.03.20 08:55:22.157,8.03035,8.037,1.60,1.60
2009.03.20 08:55:24.437,8.0304,8.037,1.60,1.60
2009.03.20 08:55:26.026,8.0304,8.0368,1.60,1.60
2009.03.20 08:55:26.556,8.03015,8.0368,1.60,1.60
2009.03.20 08:55:26.726,8.03015,8.037,1.60,1.60
2009.03.20 08:55:27.256,8.0303,8.037,1.60,1.60
2009.03.20 08:55:27.646,8.03035,8.0366,1.60,1.60
2009.03.20 08:55:28.146,8.029,8.036,1.60,1.60
2009.03.20 08:55:28.496,8.0289,8.036,1.60,1.60
2009.03.20 08:55:37.443,8.0284,8.035,1.60,1.00
2009.03.20 08:55:37.664,8.0284,8.035,1.60,1.60
2009.03.20 08:55:38.263,8.0283,8.035,1.60,1.60
2009.03.20 08:55:40.593,8.0283,8.0344,1.60,1.60
2009.03.20 08:55:48.911,8.0283,8.03485,1.60,1.60
2009.03.20 08:55:51.620,8.0281,8.03485,1.60,1.60
2009.03.20 08:55:51.960,8.0281,8.0346,1.60,1.60
2009.03.20 08:55:52.430,8.02805,8.0346,1.60,1.60
2009.03.20 08:55:52.840,8.028,8.0346,1.60,1.60
2009.03.20 08:55:55.649,8.028,8.03485,1.60,1.60
2009.03.20 08:55:55.869,8.0283,8.03485,1.60,1.60
2009.03.20 08:55:57.818,8.0283,8.03495,1.60,1.60
2009.03.20 08:56:01.218,8.0284,8.0353,1.60,1.60
2009.03.20 08:56:01.798,8.02845,8.0353,1.60,1.60
2009.03.20 08:56:02.437,8.0285,8.0353,1.60,1.60
2009.03.20 08:56:02.667,8.0285,8.03505,1.60,1.60
2009.03.20 08:56:03.067,8.0283,8.0353,1.60,3.00
2009.03.20 08:56:03.747,8.02845,8.0353,1.60,1.60
2009.03.20 08:56:04.277,8.0285,8.0353,1.60,1.60
2009.03.20 08:56:04.827,8.0285,8.0353,1.60,1.60
2009.03.20 08:56:05.047,8.0285,8.0353,1.60,1.00
2009.03.20 08:56:05.347,8.0285,8.03555,1.60,1.40
2009.03.20 08:56:06.386,8.0283,8.0351,1.60,1.60
2009.03.20 08:56:06.607,8.0283,8.0353,1.60,3.00
2009.03.20 08:56:06.836,8.02885,8.0357,1.60,1.60
2009.03.20 08:56:23.043,8.02875,8.0357,1.60,1.60
2009.03.20 08:56:26.841,8.02875,8.03505,1.60,1.60
2009.03.20 08:56:27.002,8.02945,8.0336,1.60,1.00
2009.03.20 08:56:27.171,8.02975,8.0336,1.60,1.00
2009.03.20 08:56:28.591,8.0299,8.0332,1.60,1.00
2009.03.20 08:56:29.181,8.03025,8.0332,1.60,1.00
2009.03.20 08:56:31.860,8.0297,8.0344,1.40,1.00
2009.03.20 08:56:34.240,8.03175,8.0356,1.60,1.00
2009.03.20 08:56:34.810,8.0308,8.0362,1.40,1.00
2009.03.20 08:56:35.280,8.0293,8.0348,1.60,1.00
2009.03.20 08:56:35.620,8.03075,8.0349,1.60,1.00
2009.03.20 08:56:35.960,8.03035,8.0346,1.60,1.00
2009.03.20 08:56:36.299,8.0303,8.0345,1.60,1.00
2009.03.20 08:56:36.769,8.03115,8.0345,1.60,1.00
2009.03.20 08:56:37.119,8.0311,8.0345,1.60,1.00
2009.03.20 08:56:37.389,8.0311,8.0342,1.60,1.00
2009.03.20 08:56:37.739,8.0308,8.0342,1.60,1.00
2009.03.20 08:56:38.529,8.0309,8.0342,1.60,1.00
2009.03.20 08:56:39.079,8.03115,8.0345,1.60,1.00
2009.03.20 08:56:39.379,8.03135,8.0359,1.60,1.40
2009.03.20 08:56:39.668,8.02915,8.0365,1.60,1.60
2009.03.20 08:56:40.858,8.02955,8.03645,1.60,1.60
2009.03.20 08:56:43.138,8.02955,8.0362,1.60,1.00
2009.03.20 08:56:43.308,8.02965,8.03665,1.60,1.60
2009.03.20 08:56:43.597,8.03105,8.0366,1.60,1.00
2009.03.20 08:56:43.817,8.03105,8.03665,1.60,1.60
2009.03.20 08:56:43.927,8.02955,8.03665,3.20,1.60
2009.03.20 08:56:44.217,8.02955,8.03665,1.60,1.60
2009.03.20 08:56:44.457,8.03125,8.0365,1.60,1.00
2009.03.20 08:56:44.687,8.02915,8.0364,1.60,1.60
2009.03.20 08:56:45.847,8.03105,8.0335,1.60,1.00
2009.03.20 08:56:46.297,8.03005,8.0337,1.60,1.00
2009.03.20 08:56:46.767,8.0302,8.0337,1.60,1.00
2009.03.20 08:56:47.107,8.0306,8.0339,1.60,1.00
2009.03.20 08:56:47.526,8.0311,8.0342,1.60,1.00
2009.03.20 08:56:47.746,8.03045,8.0342,1.60,1.00
2009.03.20 08:56:47.916,8.0313,8.0345,1.40,1.60
2009.03.20 08:56:48.256,8.0301,8.0345,1.60,1.60
2009.03.20 08:56:48.546,8.03005,8.0345,1.60,1.60
2009.03.20 08:56:49.326,8.02995,8.0345,1.60,1.60
2009.03.20 08:56:49.896,8.02985,8.0372,1.60,1.00
2009.03.20 08:56:53.355,8.03105,8.0368,1.60,1.00
2009.03.20 08:56:53.465,8.03,8.0368,3.00,1.00
2009.03.20 08:56:56.384,8.0305,8.0368,1.60,1.00
2009.03.20 08:57:00.274,8.031,8.037,1.60,1.00
2009.03.20 08:57:00.674,8.03025,8.037,1.60,1.00
2009.03.20 08:57:04.662,8.03045,8.0373,1.60,1.60
2009.03.20 08:57:05.112,8.0302,8.0364,1.60,1.00
2009.03.20 08:57:06.522,8.0303,8.0362,1.60,1.00
2009.03.20 08:57:07.832,8.02985,8.0362,1.60,1.00
2009.03.20 08:57:08.332,8.02995,8.0362,1.60,1.00
2009.03.20 08:57:08.501,8.03125,8.0365,1.60,1.00
2009.03.20 08:57:08.621,8.0313,8.0365,1.60,1.00
2009.03.20 08:57:17.479,8.0299,8.0365,3.00,1.00
2009.03.20 08:57:17.659,8.0299,8.0365,1.60,1.00
2009.03.20 08:57:17.779,8.02935,8.0365,1.60,1.00
2009.03.20 08:57:21.688,8.0308,8.03635,1.60,1.40
2009.03.20 08:57:22.028,8.0289,8.0362,1.60,1.00
2009.03.20 08:57:22.388,8.029,8.0362,1.60,1.00
2009.03.20 08:57:22.808,8.0321,8.0364,1.40,1.00
2009.03.20 08:57:24.207,8.033,8.0364,1.60,1.00
2009.03.20 08:57:24.368,8.0334,8.0364,1.40,1.00
2009.03.20 08:57:24.658,8.0334,8.037,1.40,1.00
2009.03.20 08:57:25.007,8.0337,8.0372,1.40,1.00
2009.03.20 08:57:25.277,8.0341,8.0372,1.60,1.00
2009.03.20 08:57:25.387,8.03415,8.0372,1.60,1.00
2009.03.20 08:57:25.787,8.0344,8.0382,1.40,1.00
2009.03.20 08:57:26.427,8.0347,8.0382,1.60,1.00
2009.03.20 08:57:26.667,8.03515,8.0379,1.60,1.00
2009.03.20 08:57:26.897,8.0347,8.0374,1.60,1.00
2009.03.20 08:57:27.397,8.0341,8.0377,1.40,1.00
2009.03.20 08:57:27.677,8.03495,8.0377,1.60,1.00
2009.03.20 08:57:28.147,8.03435,8.0377,1.60,1.00
2009.03.20 08:57:28.506,8.03435,8.0374,1.60,1.00
2009.03.20 08:57:28.796,8.0323,8.0365,1.40,1.00
2009.03.20 08:57:29.337,8.03255,8.0365,1.60,1.00
2009.03.20 08:57:29.506,8.03255,8.0362,1.60,1.00
2009.03.20 08:57:29.686,8.03245,8.0362,1.60,1.00
2009.03.20 08:57:30.436,8.0332,8.0367,1.40,1.00
2009.03.20 08:57:31.536,8.0339,8.0371,1.60,1.00
2009.03.20 08:57:32.166,8.0335,8.0371,1.40,1.00
2009.03.20 08:57:32.635,8.0342,8.0371,1.60,1.00
2009.03.20 08:57:32.866,8.03425,8.0358,1.60,1.00
2009.03.20 08:57:33.025,8.032,8.0358,1.60,1.00
2009.03.20 08:57:33.475,8.03005,8.0358,1.60,1.00
2009.03.20 08:57:38.124,8.0305,8.0353,1.60,1.00
2009.03.20 08:57:41.813,8.0305,8.0341,1.60,1.00
2009.03.20 08:57:42.043,8.03065,8.0342,1.60,1.00
2009.03.20 08:57:42.783,8.03085,8.0342,1.60,1.00
2009.03.20 08:57:45.242,8.0308,8.034,1.60,1.00
2009.03.20 08:57:47.932,8.0308,8.0341,1.60,1.00
2009.03.20 08:57:48.162,8.03035,8.0341,1.60,1.00
2009.03.20 08:57:48.392,8.028,8.0334,1.60,1.00
2009.03.20 08:57:48.981,8.0296,8.0331,1.60,1.00
2009.03.20 08:57:49.222,8.02915,8.0331,1.60,1.00
2009.03.20 08:57:49.862,8.029,8.0325,1.60,1.00
2009.03.20 08:57:51.701,8.02985,8.0327,1.60,1.00
2009.03.20 08:57:51.811,8.02985,8.0325,1.60,1.00
2009.03.20 08:57:52.151,8.0294,8.0325,1.60,1.00
2009.03.20 08:57:53.631,8.02985,8.0327,1.60,1.00
2009.03.20 08:57:54.681,8.0299,8.0327,1.60,1.00
2009.03.20 08:57:55.190,8.03,8.0327,1.60,1.00
2009.03.20 08:57:55.530,8.03,8.0332,1.60,1.00
2009.03.20 08:57:55.810,8.0301,8.0337,1.40,1.00
2009.03.20 08:57:56.030,8.03045,8.0343,1.60,1.00
2009.03.20 08:57:56.310,8.0305,8.0355,1.60,2.40
2009.03.20 08:57:56.780,8.03045,8.0355,1.60,2.40
2009.03.20 08:57:57.130,8.03045,8.0341,1.60,1.00
2009.03.20 08:57:58.379,8.03055,8.0337,1.60,1.00
2009.03.20 08:57:59.209,8.0305,8.0337,1.60,1.00
2009.03.20 08:58:00.329,8.0298,8.033,1.60,1.00
2009.03.20 08:58:00.609,8.0297,8.033,1.60,1.00
2009.03.20 08:58:01.308,8.02965,8.033,1.60,1.00
2009.03.20 08:58:02.818,8.02925,8.0325,1.60,1.00
2009.03.20 08:58:02.998,8.02925,8.0322,1.60,1.00
2009.03.20 08:58:03.168,8.0293,8.0322,1.60,1.00
2009.03.20 08:58:03.568,8.02905,8.0322,1.60,1.00
2009.03.20 08:58:03.728,8.0295,8.0328,1.60,1.00
2009.03.20 08:58:04.258,8.02965,8.0328,1.60,1.00
2009.03.20 08:58:05.057,8.02925,8.0325,1.60,1.00
2009.03.20 08:58:05.878,8.02905,8.0322,1.60,1.00
2009.03.20 08:58:06.287,8.02915,8.0322,1.60,1.00
2009.03.20 08:58:08.027,8.02925,8.0325,1.60,1.00
2009.03.20 08:58:08.137,8.0292,8.0325,1.60,1.00
2009.03.20 08:58:09.118,8.0292,8.0322,1.60,1.00
2009.03.20 08:58:09.647,8.02915,8.0322,1.60,1.00
2009.03.20 08:58:09.987,8.02915,8.0325,1.60,1.00
2009.03.20 08:58:10.216,8.0292,8.0325,1.60,1.00
2009.03.20 08:58:13.406,8.0292,8.0331,1.60,1.00
2009.03.20 08:58:13.566,8.0294,8.0331,1.60,1.00
2009.03.20 08:58:14.035,8.0298,8.0331,1.60,1.00
2009.03.20 08:58:16.615,8.02965,8.0328,1.60,1.00
2009.03.20 08:58:17.085,8.0297,8.0328,1.60,1.00
2009.03.20 08:58:17.994,8.0297,8.0331,1.60,1.00
2009.03.20 08:58:18.225,8.0274,8.0324,1.60,1.00
2009.03.20 08:58:18.625,8.02965,8.0324,1.60,1.00
2009.03.20 08:58:18.804,8.02925,8.033,1.60,1.00
2009.03.20 08:58:19.144,8.02885,8.0327,1.60,1.00
2009.03.20 08:58:19.544,8.02905,8.0331,1.60,1.00
2009.03.20 08:58:20.154,8.0295,8.0331,1.40,1.00
2009.03.20 08:58:20.484,8.02985,8.0331,1.60,1.00
2009.03.20 08:58:20.764,8.0298,8.0331,1.60,1.00
2009.03.20 08:58:21.344,8.02985,8.0331,1.60,1.00
2009.03.20 08:58:21.724,8.0298,8.0331,1.60,1.00
2009.03.20 08:58:22.294,8.0298,8.0328,1.60,1.00
2009.03.20 08:58:22.863,8.02965,8.0328,1.60,1.00
2009.03.20 08:58:24.643,8.0297,8.0325,1.60,1.00
2009.03.20 08:58:24.943,8.02925,8.0325,1.60,1.00
2009.03.20 08:58:25.183,8.02945,8.0325,1.60,1.00
2009.03.20 08:58:28.872,8.0294,8.0325,1.60,1.00
2009.03.20 08:58:29.092,8.0293,8.0325,1.60,1.00
2009.03.20 08:58:30.132,8.02935,8.0325,1.60,1.00
2009.03.20 08:58:31.751,8.0294,8.0325,1.60,1.00
2009.03.20 08:58:32.171,8.02935,8.0325,1.60,1.00
2009.03.20 08:58:33.271,8.0293,8.0325,1.60,1.00
2009.03.20 08:58:33.641,8.02935,8.0325,1.60,1.00
2009.03.20 08:58:38.619,8.0294,8.0325,1.60,1.00
2009.03.20 08:58:39.509,8.02935,8.0325,1.60,1.00
2009.03.20 08:58:40.709,8.02945,8.0325,1.60,1.00
2009.03.20 08:58:42.798,8.0295,8.0325,1.60,1.00
2009.03.20 08:58:43.878,8.0295,8.0328,1.60,1.00
2009.03.20 08:58:44.518,8.02965,8.0328,1.60,1.00
2009.03.20 08:58:45.818,8.02965,8.0325,1.60,1.00
2009.03.20 08:58:46.098,8.0295,8.0325,1.60,1.00
2009.03.20 08:58:47.337,8.0295,8.0328,1.60,1.00
2009.03.20 08:58:47.667,8.02965,8.0328,1.60,1.00
2009.03.20 08:58:48.877,8.02965,8.0325,1.60,1.00
2009.03.20 08:58:49.057,8.0295,8.0325,1.60,1.00
2009.03.20 08:58:51.706,8.02945,8.0325,1.60,1.00
2009.03.20 08:58:52.216,8.0295,8.0325,1.60,1.00
2009.03.20 08:58:54.556,8.0295,8.0331,1.60,1.00
2009.03.20 08:58:54.616,8.02975,8.0331,1.60,1.00
2009.03.20 08:58:58.765,8.0302,8.0334,1.60,1.00
2009.03.20 08:58:58.934,8.0302,8.0331,1.60,1.00
2009.03.20 08:58:59.455,8.0299,8.0331,1.60,1.00
2009.03.20 08:58:59.685,8.03,8.0331,1.60,1.00
2009.03.20 08:59:01.534,8.02975,8.0328,1.60,1.00
2009.03.20 08:59:04.303,8.02975,8.0331,1.60,1.00
2009.03.20 08:59:04.663,8.02985,8.0331,1.60,1.00
2009.03.20 08:59:05.563,8.03005,8.0331,1.60,1.00
2009.03.20 08:59:08.952,8.03005,8.0328,1.60,1.00
2009.03.20 08:59:09.342,8.0298,8.0328,1.60,1.00
2009.03.20 08:59:10.422,8.0298,8.0331,1.60,1.00
2009.03.20 08:59:10.822,8.03005,8.0331,1.60,1.00
2009.03.20 08:59:12.352,8.02965,8.0332,1.60,1.00
2009.03.20 08:59:12.641,8.0303,8.0332,1.60,1.00
2009.03.20 08:59:14.231,8.0303,8.0348,1.60,1.00
2009.03.20 08:59:14.291,8.0309,8.0348,1.60,1.00
2009.03.20 08:59:17.520,8.02965,8.0367,1.60,1.60
2009.03.20 08:59:17.750,8.0322,8.0372,1.40,1.00
2009.03.20 08:59:17.930,8.03305,8.0372,1.60,1.00
2009.03.20 08:59:18.610,8.03305,8.0365,1.60,1.00
2009.03.20 08:59:18.940,8.0329,8.0363,1.60,1.00
2009.03.20 08:59:19.170,8.0292,8.0363,1.60,1.00
2009.03.20 08:59:20.270,8.0308,8.0333,1.60,1.00
2009.03.20 08:59:20.620,8.0298,8.0335,1.60,1.00
2009.03.20 08:59:20.979,8.03035,8.0335,1.60,1.00
2009.03.20 08:59:21.659,8.0295,8.0367,1.60,1.00
2009.03.20 08:59:22.869,8.03045,8.0335,1.60,1.00
2009.03.20 08:59:24.039,8.03065,8.0334,1.60,1.00
2009.03.20 08:59:24.158,8.0296,8.0334,1.60,1.00
2009.03.20 08:59:24.379,8.0296,8.0345,1.60,1.60
2009.03.20 08:59:24.679,8.0296,8.0364,1.60,1.00
2009.03.20 08:59:25.128,8.0296,8.0332,1.60,1.00
2009.03.20 08:59:25.418,8.0303,8.0332,1.60,1.00
2009.03.20 08:59:26.728,8.0291,8.0352,1.60,1.60
2009.03.20 08:59:27.078,8.0291,8.0364,3.20,1.00
2009.03.20 08:59:27.828,8.0309,8.036,1.60,1.00
2009.03.20 08:59:28.118,8.0309,8.0354,1.60,1.00
2009.03.20 08:59:28.457,8.02865,8.0357,1.60,1.00
2009.03.20 08:59:28.737,8.0284,8.0354,1.60,1.00
2009.03.20 08:59:31.077,8.02885,8.0354,1.60,1.00
2009.03.20 08:59:34.426,8.0288,8.0354,1.60,1.00
2009.03.20 08:59:35.566,8.02875,8.0354,1.60,1.00
2009.03.20 08:59:36.386,8.02885,8.0354,1.60,1.00
2009.03.20 08:59:36.565,8.0288,8.0354,1.60,1.00
2009.03.20 08:59:37.075,8.02885,8.0354,1.60,1.00
2009.03.20 08:59:38.275,8.032,8.0356,1.60,1.00
2009.03.20 08:59:38.615,8.03205,8.0356,1.60,1.00
2009.03.20 08:59:39.815,8.03275,8.0359,1.60,1.00
2009.03.20 08:59:40.175,8.03295,8.0362,1.60,1.00
2009.03.20 08:59:40.594,8.033,8.0362,1.60,1.00
2009.03.20 08:59:40.985,8.033,8.0365,1.60,1.00
2009.03.20 08:59:41.224,8.0326,8.0365,1.40,1.00
2009.03.20 08:59:41.814,8.03375,8.0371,1.60,1.00
2009.03.20 08:59:42.224,8.0337,8.0371,1.60,1.00
2009.03.20 08:59:42.524,8.0337,8.0368,1.60,1.00
2009.03.20 08:59:42.814,8.0336,8.0368,1.60,1.00
2009.03.20 08:59:43.834,8.0338,8.0371,1.60,1.00
2009.03.20 08:59:43.894,8.034,8.0371,1.60,1.00
2009.03.20 08:59:44.294,8.0339,8.0365,1.60,1.00
2009.03.20 08:59:44.404,8.03285,8.0365,1.60,1.00
2009.03.20 08:59:44.814,8.03185,8.0365,1.60,1.00
2009.03.20 08:59:45.323,8.03385,8.0376,1.60,1.00
2009.03.20 08:59:45.793,8.03385,8.038,1.60,1.00
2009.03.20 08:59:46.083,8.0336,8.0386,1.40,1.00
2009.03.20 08:59:46.593,8.034,8.0396,1.40,2.40
2009.03.20 08:59:46.993,8.03195,8.0369,1.60,1.00
2009.03.20 08:59:47.173,8.0335,8.0371,1.60,1.00
2009.03.20 08:59:47.583,8.03325,8.0371,1.60,1.00
2009.03.20 08:59:47.853,8.0338,8.038,1.60,1.00
2009.03.20 08:59:48.093,8.0342,8.0373,1.60,1.00
2009.03.20 08:59:48.482,8.0342,8.0367,1.60,1.00
2009.03.20 08:59:48.743,8.0343,8.0373,1.40,1.00
2009.03.20 08:59:48.982,8.0347,8.0386,1.60,1.00
2009.03.20 08:59:49.392,8.0347,8.038,1.60,1.00
2009.03.20 08:59:49.672,8.03465,8.038,1.60,1.00
2009.03.20 08:59:50.432,8.03465,8.0372,1.60,1.00
2009.03.20 08:59:50.842,8.03445,8.0372,1.60,1.00
2009.03.20 08:59:51.982,8.03455,8.0377,1.60,1.00
2009.03.20 08:59:52.511,8.03445,8.0377,1.60,1.00
2009.03.20 08:59:52.862,8.03445,8.0375,1.60,1.00
2009.03.20 08:59:53.042,8.03435,8.0375,1.60,1.00
2009.03.20 08:59:54.571,8.03435,8.0378,1.60,1.00
2009.03.20 08:59:54.991,8.0345,8.0378,1.60,1.00
2009.03.20 08:59:55.341,8.03445,8.0378,1.60,1.00
