2009.03.09 12:00:00.064,9.1878,9.1912,1.20,1.20
2009.03.09 12:00:01.023,9.1882,9.1912,1.20,1.20
2009.03.09 12:00:01.373,9.1875,9.1906,1.20,1.20
2009.03.09 12:00:01.723,9.1879,9.1926,1.20,1.20
2009.03.09 12:00:02.003,9.1859,9.1905,1.20,1.20
2009.03.09 12:00:02.293,9.1863,9.1906,1.20,1.20
2009.03.09 12:00:03.183,9.1867,9.1904,1.20,1.20
2009.03.09 12:00:03.523,9.1873,9.1929,1.20,1.20
2009.03.09 12:00:03.873,9.1876,9.19315,1.20,1.00
2009.03.09 12:00:04.382,9.1885,9.1936,1.20,1.20
2009.03.09 12:00:04.612,9.1885,9.1934,1.20,2.00
2009.03.09 12:00:05.273,9.1881,9.193,1.20,1.20
2009.03.09 12:00:06.222,9.1879,9.1926,1.20,1.20
2009.03.09 12:00:06.452,9.1886,9.193,1.20,1.20
2009.03.09 12:00:06.722,9.1887,9.1936,1.20,1.00
2009.03.09 12:00:06.942,9.1891,9.1962,1.20,1.60
2009.03.09 12:00:08.122,9.1891,9.19515,1.20,1.20
2009.03.09 12:00:08.292,9.1875,9.19515,2.80,1.60
2009.03.09 12:00:08.811,9.1885,9.19515,1.20,1.60
2009.03.09 12:00:09.721,9.1883,9.1942,1.20,1.00
2009.03.09 12:00:10.641,9.1889,9.1942,1.20,1.00
2009.03.09 12:00:10.981,9.1885,9.194,1.20,1.00
2009.03.09 12:00:11.261,9.1883,9.1947,1.20,1.00
2009.03.09 12:00:17.139,9.1883,9.194,1.20,1.20
2009.03.09 12:00:17.309,9.1881,9.194,1.20,1.20
2009.03.09 12:00:17.479,9.1881,9.194,1.20,1.00
2009.03.09 12:00:17.589,9.1885,9.194,1.20,1.00
2009.03.09 12:00:18.069,9.1885,9.19385,1.20,1.00
2009.03.09 12:00:20.249,9.1889,9.1949,1.20,1.60
2009.03.09 12:00:20.859,9.1882,9.1937,1.20,1.00
2009.03.09 12:00:21.238,9.1885,9.1941,1.20,1.00
2009.03.09 12:00:21.399,9.1889,9.1941,1.20,1.00
2009.03.09 12:00:21.568,9.1889,9.1949,1.20,1.60
2009.03.09 12:00:22.708,9.1885,9.194,1.20,1.00
2009.03.09 12:00:23.108,9.1882,9.19345,1.20,1.00
2009.03.09 12:00:23.528,9.1878,9.19345,1.20,1.00
2009.03.09 12:00:23.748,9.1878,9.1933,1.20,1.00
2009.03.09 12:00:24.248,9.1881,9.19395,1.20,1.60
2009.03.09 12:00:24.468,9.1881,9.19395,1.20,1.00
2009.03.09 12:00:24.698,9.1885,9.19395,1.20,1.00
2009.03.09 12:00:26.817,9.1885,9.1941,1.20,1.20
2009.03.09 12:00:26.997,9.1892,9.19455,1.20,1.00
2009.03.09 12:00:27.377,9.1889,9.19455,1.20,1.00
2009.03.09 12:00:27.787,9.1889,9.1947,1.20,1.00
2009.03.09 12:00:27.958,9.1892,9.1947,1.20,1.00
2009.03.09 12:00:29.437,9.1899,9.1953,1.20,1.00
2009.03.09 12:00:29.726,9.1903,9.1953,1.20,1.00
2009.03.09 12:00:29.897,9.1903,9.1957,1.20,1.20
2009.03.09 12:00:30.127,9.1903,9.1954,1.20,1.20
2009.03.09 12:00:30.416,9.1891,9.19475,1.20,1.00
2009.03.09 12:00:34.605,9.1889,9.1947,1.20,1.20
2009.03.09 12:00:34.725,9.1889,9.19425,1.20,1.20
2009.03.09 12:00:34.835,9.1885,9.19425,1.20,1.20
2009.03.09 12:00:35.175,9.1885,9.194,1.20,1.00
2009.03.09 12:00:35.405,9.1891,9.1946,1.20,1.00
2009.03.09 12:00:36.165,9.1887,9.1947,1.20,1.00
2009.03.09 12:00:36.395,9.1891,9.1947,1.20,1.60
2009.03.09 12:00:36.635,9.1889,9.1947,1.20,1.60
2009.03.09 12:00:37.894,9.1889,9.1947,1.20,1.00
2009.03.09 12:00:48.492,9.1891,9.1947,1.20,1.00
2009.03.09 12:00:56.010,9.1895,9.1945,1.20,1.00
2009.03.09 12:01:02.878,9.1896,9.1945,1.20,1.00
2009.03.09 12:01:06.018,9.1892,9.1946,1.20,1.60
2009.03.09 12:01:07.408,9.1892,9.1946,1.20,1.00
2009.03.09 12:01:07.518,9.1894,9.19525,1.20,1.00
2009.03.09 12:01:07.907,9.19,9.19525,1.20,1.00
2009.03.09 12:01:08.877,9.1896,9.19465,1.20,1.00
2009.03.09 12:01:09.227,9.19,9.19465,1.20,1.00
2009.03.09 12:01:09.457,9.19,9.1953,1.20,1.00
2009.03.09 12:01:12.066,9.1903,9.1927,1.20,1.20
2009.03.09 12:01:12.486,9.19,9.1927,1.20,1.20
2009.03.09 12:01:12.836,9.1903,9.1927,1.20,1.20
2009.03.09 12:01:13.166,9.1899,9.1927,1.20,1.20
2009.03.09 12:01:16.415,9.1903,9.1927,1.20,1.20
2009.03.09 12:01:17.105,9.1899,9.1927,1.20,1.20
2009.03.09 12:01:17.785,9.1896,9.1927,1.20,1.20
2009.03.09 12:01:20.514,9.19,9.1927,1.20,1.20
2009.03.09 12:01:22.344,9.1896,9.1927,1.20,1.20
2009.03.09 12:01:22.644,9.1899,9.1927,1.20,1.20
2009.03.09 12:01:23.085,9.1883,9.1927,2.80,1.20
2009.03.09 12:01:23.373,9.1893,9.1927,1.20,1.20
2009.03.09 12:01:24.503,9.1894,9.1927,1.20,1.20
2009.03.09 12:01:25.293,9.1898,9.1927,1.20,1.20
2009.03.09 12:01:26.933,9.1891,9.1927,1.20,1.20
2009.03.09 12:01:28.142,9.1894,9.1927,1.20,1.20
2009.03.09 12:01:30.862,9.1891,9.1927,1.20,1.20
2009.03.09 12:01:33.411,9.1884,9.1927,1.20,1.20
2009.03.09 12:01:35.081,9.1872,9.1927,2.80,1.20
2009.03.09 12:01:35.421,9.1882,9.1927,1.20,1.20
2009.03.09 12:01:42.349,9.1881,9.1927,1.20,1.20
2009.03.09 12:01:42.619,9.1876,9.1927,1.20,1.20
2009.03.09 12:01:43.989,9.18615,9.1927,1.60,1.20
2009.03.09 12:01:44.148,9.1887,9.1927,1.20,1.20
2009.03.09 12:01:44.708,9.18745,9.1927,1.60,1.20
2009.03.09 12:01:45.278,9.1877,9.1927,2.80,1.20
2009.03.09 12:01:46.008,9.1885,9.1927,1.20,1.20
2009.03.09 12:01:46.578,9.18725,9.1927,1.60,1.20
2009.03.09 12:01:48.337,9.1881,9.1927,1.20,1.20
2009.03.09 12:01:48.747,9.1884,9.1927,1.20,1.20
2009.03.09 12:01:49.487,9.1887,9.1927,1.20,1.20
2009.03.09 12:01:49.947,9.188,9.1927,1.20,1.20
2009.03.09 12:01:50.537,9.1868,9.1927,2.80,1.20
2009.03.09 12:01:50.827,9.1882,9.1927,1.20,1.20
2009.03.09 12:01:52.956,9.188,9.1927,1.20,1.20
2009.03.09 12:01:54.516,9.1884,9.1927,1.20,1.20
2009.03.09 12:01:56.467,9.188,9.1927,1.20,1.20
2009.03.09 12:01:59.105,9.1884,9.1927,1.20,1.20
2009.03.09 12:02:02.914,9.1887,9.1927,1.20,1.20
2009.03.09 12:02:03.593,9.1872,9.1927,2.80,1.20
2009.03.09 12:02:03.824,9.1885,9.1927,1.20,1.20
2009.03.09 12:02:07.333,9.1894,9.1927,1.20,1.20
2009.03.09 12:02:07.563,9.1891,9.1927,1.20,1.20
2009.03.09 12:02:07.943,9.1894,9.1927,1.20,1.20
2009.03.09 12:02:08.752,9.18785,9.1927,1.60,1.20
2009.03.09 12:02:09.452,9.1887,9.1927,1.20,1.20
2009.03.09 12:02:15.501,9.1894,9.1927,1.20,1.20
2009.03.09 12:02:15.681,9.1891,9.1927,1.20,1.20
2009.03.09 12:02:16.031,9.1894,9.1927,1.20,1.20
2009.03.09 12:02:17.660,9.1891,9.1927,1.20,1.20
2009.03.09 12:02:19.060,9.1884,9.1927,2.80,1.20
2009.03.09 12:02:19.230,9.1884,9.1927,1.60,1.20
2009.03.09 12:02:24.408,9.1889,9.1927,1.20,1.20
2009.03.09 12:02:25.048,9.1887,9.1927,1.20,1.20
2009.03.09 12:02:25.388,9.1894,9.1927,1.20,1.20
2009.03.09 12:02:25.728,9.189,9.1927,1.20,1.20
2009.03.09 12:02:27.398,9.18745,9.1927,1.60,1.20
2009.03.09 12:02:28.689,9.1888,9.1927,1.20,1.20
2009.03.09 12:02:30.537,9.18745,9.1927,1.60,1.20
2009.03.09 12:02:36.886,9.1884,9.1927,1.20,1.20
2009.03.09 12:02:37.455,9.1881,9.1927,1.20,1.20
2009.03.09 12:02:42.274,9.1886,9.1927,1.20,1.20
2009.03.09 12:02:44.424,9.1871,9.1927,2.80,1.20
2009.03.09 12:02:44.644,9.1884,9.1927,1.20,1.20
2009.03.09 12:02:46.583,9.1883,9.1927,1.20,1.20
2009.03.09 12:02:46.803,9.1886,9.1927,1.20,1.20
2009.03.09 12:02:49.493,9.1883,9.1927,1.20,1.20
2009.03.09 12:02:49.842,9.1886,9.1927,1.20,1.20
2009.03.09 12:02:50.352,9.1883,9.1927,1.20,1.20
2009.03.09 12:02:55.051,9.1887,9.1927,1.20,1.20
2009.03.09 12:02:56.821,9.1889,9.1927,1.20,1.20
2009.03.09 12:02:57.160,9.1894,9.1927,1.20,1.20
2009.03.09 12:02:57.381,9.18805,9.1927,1.60,1.20
2009.03.09 12:02:57.781,9.1892,9.1927,1.20,1.20
2009.03.09 12:02:59.841,9.18825,9.1927,1.60,1.20
2009.03.09 12:03:00.070,9.1896,9.1927,1.20,1.20
2009.03.09 12:03:03.839,9.1882,9.1927,2.80,1.20
2009.03.09 12:03:04.239,9.1882,9.1927,1.60,1.20
2009.03.09 12:03:04.519,9.1892,9.1927,1.20,1.20
2009.03.09 12:03:08.738,9.1896,9.1927,1.20,1.20
2009.03.09 12:03:09.138,9.1884,9.1927,1.60,1.20
2009.03.09 12:03:09.648,9.1892,9.1927,1.20,1.20
2009.03.09 12:03:09.818,9.1889,9.1927,1.20,1.20
2009.03.09 12:03:13.967,9.188,9.1927,1.60,1.20
2009.03.09 12:03:15.696,9.18765,9.1927,1.60,1.20
2009.03.09 12:03:15.976,9.1885,9.1927,1.20,1.20
2009.03.09 12:03:17.496,9.1891,9.1927,1.20,1.20
2009.03.09 12:03:19.265,9.1887,9.1927,1.20,1.20
2009.03.09 12:03:20.725,9.1874,9.1927,1.60,1.20
2009.03.09 12:03:21.515,9.1885,9.1927,1.20,1.20
2009.03.09 12:03:23.484,9.1891,9.1927,1.20,1.20
2009.03.09 12:03:23.874,9.1887,9.1927,1.20,1.20
2009.03.09 12:03:25.814,9.1874,9.1927,1.60,1.20
2009.03.09 12:03:26.164,9.1874,9.1927,1.20,1.20
2009.03.09 12:03:29.403,9.188,9.1927,1.20,1.20
2009.03.09 12:03:29.623,9.1884,9.1927,1.20,1.20
2009.03.09 12:03:30.413,9.1881,9.1927,1.20,1.20
2009.03.09 12:03:31.392,9.1887,9.1927,1.20,1.20
2009.03.09 12:03:31.992,9.1884,9.1927,1.20,1.20
2009.03.09 12:03:32.272,9.1887,9.1927,1.20,1.20
2009.03.09 12:03:32.602,9.1891,9.1927,1.20,1.20
2009.03.09 12:03:32.952,9.1876,9.1927,1.60,1.20
2009.03.09 12:03:33.123,9.18755,9.1927,1.60,1.20
2009.03.09 12:03:33.522,9.1887,9.1927,1.20,1.20
2009.03.09 12:03:33.922,9.1889,9.1927,1.20,1.20
2009.03.09 12:03:34.282,9.1892,9.1927,1.20,1.20
2009.03.09 12:03:35.741,9.1891,9.1927,1.20,1.20
2009.03.09 12:03:36.471,9.1898,9.1927,1.20,1.20
2009.03.09 12:03:36.771,9.1894,9.1927,1.20,1.20
2009.03.09 12:03:37.871,9.1898,9.1927,1.20,1.20
2009.03.09 12:03:38.041,9.1894,9.1927,1.20,1.20
2009.03.09 12:03:38.361,9.1891,9.1927,1.20,1.20
2009.03.09 12:03:42.640,9.18755,9.1927,1.60,1.20
2009.03.09 12:03:43.309,9.1885,9.1927,1.20,1.20
2009.03.09 12:03:45.149,9.1891,9.1927,1.20,1.20
2009.03.09 12:03:47.998,9.1898,9.1927,1.20,1.20
2009.03.09 12:03:48.589,9.1891,9.1927,1.20,1.20
2009.03.09 12:03:48.998,9.1887,9.1927,1.20,1.20
2009.03.09 12:03:50.078,9.1891,9.1927,1.20,1.20
2009.03.09 12:03:52.187,9.1887,9.1927,1.20,1.20
2009.03.09 12:03:53.087,9.1891,9.1927,1.20,1.20
2009.03.09 12:03:55.717,9.1898,9.1927,1.20,1.20
2009.03.09 12:03:56.806,9.1903,9.1927,1.20,1.20
2009.03.09 12:03:57.436,9.19,9.1927,1.20,1.20
2009.03.09 12:03:57.716,9.1894,9.1927,1.20,1.20
2009.03.09 12:03:57.836,9.19,9.1927,1.20,1.20
2009.03.09 12:03:58.406,9.1894,9.1927,1.20,1.20
2009.03.09 12:03:59.546,9.19,9.1927,1.20,1.20
2009.03.09 12:03:59.935,9.1894,9.1927,1.20,1.20
2009.03.09 12:04:00.886,9.1905,9.1927,1.20,1.20
2009.03.09 12:04:01.565,9.19,9.1927,1.20,1.20
2009.03.09 12:04:01.875,9.1898,9.1927,1.20,1.20
2009.03.09 12:04:02.935,9.1906,9.1927,1.20,1.20
2009.03.09 12:04:03.565,9.1909,9.1927,1.20,1.20
2009.03.09 12:04:04.674,9.191,9.1927,1.20,1.20
2009.03.09 12:04:04.904,9.1903,9.1927,1.20,1.20
2009.03.09 12:04:05.075,9.1899,9.1927,1.20,1.20
2009.03.09 12:04:05.774,9.1896,9.1927,1.20,1.20
2009.03.09 12:04:07.624,9.1899,9.1927,1.20,1.20
2009.03.09 12:04:08.373,9.1896,9.1927,1.20,1.20
2009.03.09 12:04:08.654,9.1903,9.1927,1.20,1.20
2009.03.09 12:04:09.513,9.1907,9.1927,1.20,1.20
2009.03.09 12:04:09.863,9.1901,9.1927,1.20,1.20
2009.03.09 12:04:10.323,9.1899,9.1927,1.20,1.20
2009.03.09 12:04:10.963,9.1903,9.1927,1.20,1.20
2009.03.09 12:04:11.303,9.1896,9.1927,1.20,1.20
2009.03.09 12:04:11.942,9.1903,9.1927,1.20,1.20
2009.03.09 12:04:12.443,9.1899,9.1927,1.20,1.20
2009.03.09 12:04:13.182,9.1887,9.1927,3.40,1.20
2009.03.09 12:04:13.412,9.1903,9.1927,1.20,1.20
2009.03.09 12:04:13.762,9.1895,9.1927,1.20,1.20
2009.03.09 12:04:16.431,9.1903,9.1927,1.20,1.20
2009.03.09 12:04:17.061,9.1896,9.1927,1.20,1.20
2009.03.09 12:04:18.201,9.1899,9.1927,1.20,1.20
2009.03.09 12:04:20.021,9.1903,9.1927,1.20,1.20
2009.03.09 12:04:20.251,9.1899,9.1927,1.20,1.20
2009.03.09 12:04:21.890,9.1896,9.1927,1.20,1.20
2009.03.09 12:04:22.760,9.1903,9.1927,1.20,1.20
2009.03.09 12:04:27.979,9.1899,9.1927,1.20,1.20
2009.03.09 12:04:39.476,9.1903,9.1927,1.20,1.20
2009.03.09 12:04:41.645,9.1899,9.1927,1.20,1.20
2009.03.09 12:04:48.484,9.1903,9.1927,1.20,1.20
2009.03.09 12:04:48.844,9.1896,9.1927,1.20,1.20
2009.03.09 12:04:49.653,9.1899,9.1927,1.20,1.20
2009.03.09 12:04:56.262,9.1897,9.1927,1.20,1.20
2009.03.09 12:04:56.832,9.1899,9.1927,1.20,1.20
2009.03.09 12:05:00.541,9.1903,9.1927,1.20,1.20
2009.03.09 12:05:00.761,9.1899,9.1927,1.20,1.20
2009.03.09 12:05:07.149,9.1883,9.1927,1.20,1.20
2009.03.09 12:05:07.269,9.1882,9.1927,1.20,1.20
2009.03.09 12:05:07.419,9.1876,9.1927,1.20,1.20
2009.03.09 12:05:07.689,9.1867,9.1926,1.20,1.20
2009.03.09 12:05:08.249,9.1864,9.1922,1.20,1.20
2009.03.09 12:05:08.599,9.1871,9.1927,1.20,1.20
2009.03.09 12:05:09.269,9.188,9.1927,1.20,1.20
2009.03.09 12:05:10.598,9.1877,9.1927,1.20,1.20
2009.03.09 12:05:11.388,9.1878,9.1927,1.20,1.20
2009.03.09 12:05:13.938,9.1888,9.1927,1.20,1.20
2009.03.09 12:05:14.297,9.1886,9.1927,1.20,1.20
2009.03.09 12:05:14.628,9.1885,9.1927,1.20,1.20
2009.03.09 12:05:15.017,9.1888,9.1927,1.20,1.20
2009.03.09 12:05:15.187,9.1881,9.1927,1.20,1.20
2009.03.09 12:05:15.407,9.1885,9.1927,1.20,1.20
2009.03.09 12:05:16.047,9.1881,9.1927,1.20,1.20
2009.03.09 12:05:16.727,9.1888,9.1927,1.20,1.20
2009.03.09 12:05:17.537,9.1881,9.1927,1.20,1.20
2009.03.09 12:05:17.977,9.1888,9.1927,1.20,1.20
2009.03.09 12:05:18.147,9.1885,9.1927,1.20,1.20
2009.03.09 12:05:18.726,9.1875,9.1927,1.20,1.20
2009.03.09 12:05:19.056,9.1877,9.1927,1.20,1.20
2009.03.09 12:05:20.496,9.18715,9.1927,2.20,1.20
2009.03.09 12:05:20.666,9.1885,9.1927,1.20,1.20
2009.03.09 12:05:21.596,9.1896,9.1927,1.20,1.20
2009.03.09 12:05:22.275,9.1903,9.1927,1.20,1.20
2009.03.09 12:05:22.625,9.1898,9.1927,1.20,1.20
2009.03.09 12:05:23.065,9.1895,9.1927,1.20,1.20
2009.03.09 12:05:23.825,9.1891,9.1927,1.20,1.20
2009.03.09 12:05:24.625,9.1887,9.1927,1.20,1.20
2009.03.09 12:05:24.955,9.1884,9.1927,1.20,1.20
2009.03.09 12:05:26.714,9.1885,9.1927,1.20,1.20
2009.03.09 12:05:26.994,9.188,9.1927,1.20,1.20
2009.03.09 12:05:29.024,9.18695,9.1927,2.20,1.20
2009.03.09 12:05:29.564,9.1885,9.1927,1.20,1.20
2009.03.09 12:05:29.904,9.1889,9.1927,1.20,1.20
2009.03.09 12:05:30.313,9.1891,9.1927,1.20,1.20
2009.03.09 12:05:31.753,9.1888,9.1927,1.20,1.20
2009.03.09 12:05:32.353,9.1894,9.1927,1.20,1.20
2009.03.09 12:05:33.203,9.1886,9.1927,1.20,1.20
2009.03.09 12:05:37.082,9.1885,9.1927,1.20,1.20
2009.03.09 12:05:38.332,9.1875,9.1927,1.20,1.20
2009.03.09 12:05:40.571,9.1881,9.1927,1.20,1.20
2009.03.09 12:05:42.111,9.1885,9.1927,1.20,1.20
2009.03.09 12:05:42.571,9.1881,9.1927,1.20,1.20
2009.03.09 12:05:42.910,9.189,9.1927,1.20,1.20
2009.03.09 12:05:43.360,9.1897,9.1927,1.20,1.20
2009.03.09 12:05:44.850,9.1886,9.1927,1.20,1.20
2009.03.09 12:05:45.890,9.1892,9.1927,1.20,1.20
2009.03.09 12:05:46.220,9.1885,9.1927,1.20,1.20
2009.03.09 12:05:46.560,9.1888,9.1927,1.20,1.20
2009.03.09 12:05:47.030,9.1892,9.1927,1.20,1.20
2009.03.09 12:05:48.049,9.1893,9.1927,1.20,1.20
2009.03.09 12:05:48.279,9.188,9.1927,1.20,1.20
2009.03.09 12:05:48.569,9.1887,9.1927,1.20,1.20
2009.03.09 12:05:49.109,9.1883,9.1927,1.20,1.20
2009.03.09 12:05:51.229,9.1881,9.1927,1.20,1.20
2009.03.09 12:05:52.649,9.1877,9.1927,1.20,1.20
2009.03.09 12:05:52.818,9.1874,9.1934,1.20,2.00
2009.03.09 12:05:53.108,9.1874,9.1926,1.20,1.20
2009.03.09 12:05:53.758,9.1877,9.1929,1.20,1.20
2009.03.09 12:05:54.578,9.1874,9.1934,1.20,2.00
2009.03.09 12:05:54.848,9.1877,9.1927,1.20,1.20
2009.03.09 12:05:55.298,9.1881,9.1927,1.20,1.20
2009.03.09 12:05:57.197,9.1881,9.1904,1.20,1.00
2009.03.09 12:05:57.317,9.1885,9.1904,1.20,1.00
2009.03.09 12:05:57.597,9.1881,9.1904,1.20,1.00
2009.03.09 12:05:58.177,9.1885,9.1904,1.20,1.00
2009.03.09 12:05:58.927,9.1888,9.19,1.20,1.00
2009.03.09 12:05:59.647,9.1877,9.19,1.00,1.00
2009.03.09 12:05:59.886,9.1879,9.19,1.20,1.00
2009.03.09 12:06:00.906,9.1885,9.19,1.20,1.00
2009.03.09 12:06:06.695,9.1881,9.19,1.20,1.00
2009.03.09 12:06:09.794,9.1874,9.19,1.20,1.00
2009.03.09 12:06:13.023,9.1857,9.19,2.20,1.00
2009.03.09 12:06:13.864,9.1857,9.1927,2.20,1.20
2009.03.09 12:06:14.083,9.1854,9.1923,2.20,1.20
2009.03.09 12:06:14.553,9.1857,9.1929,2.20,1.00
2009.03.09 12:06:14.843,9.1861,9.193,2.20,1.20
2009.03.09 12:06:15.103,9.18645,9.1926,2.20,1.20
2009.03.09 12:06:15.383,9.1868,9.1927,2.20,1.20
2009.03.09 12:06:16.122,9.1871,9.1927,2.20,1.20
2009.03.09 12:06:16.463,9.18715,9.1927,2.20,1.20
2009.03.09 12:06:16.862,9.1879,9.1927,1.00,1.20
2009.03.09 12:06:17.192,9.18665,9.1927,2.20,1.20
2009.03.09 12:06:18.142,9.18695,9.1927,2.20,1.20
2009.03.09 12:06:20.132,9.1879,9.1927,1.00,1.20
2009.03.09 12:06:20.192,9.1864,9.1927,2.20,1.20
2009.03.09 12:06:21.101,9.18665,9.1927,2.20,1.20
2009.03.09 12:06:21.732,9.18715,9.1927,2.20,1.20
2009.03.09 12:06:22.061,9.18685,9.1927,2.20,1.20
2009.03.09 12:06:23.301,9.18655,9.1927,2.20,1.20
2009.03.09 12:06:29.389,9.1873,9.1923,1.00,1.20
2009.03.09 12:06:29.630,9.1862,9.1923,2.20,1.20
2009.03.09 12:06:29.969,9.18595,9.1926,2.20,1.20
2009.03.09 12:06:37.217,9.18615,9.1914,2.20,1.60
2009.03.09 12:06:37.557,9.18615,9.1904,2.20,1.00
2009.03.09 12:06:38.827,9.18585,9.19,2.20,1.00
2009.03.09 12:06:39.887,9.18655,9.19,1.00,1.00
2009.03.09 12:06:40.447,9.18495,9.19,2.20,1.00
2009.03.09 12:06:43.986,9.18615,9.19,3.00,1.00
2009.03.09 12:06:44.615,9.18615,9.19,2.20,1.00
2009.03.09 12:06:46.455,9.1864,9.19,2.20,1.00
2009.03.09 12:06:47.015,9.18615,9.19,3.00,1.00
2009.03.09 12:06:47.345,9.18615,9.19,2.20,1.00
2009.03.09 12:06:55.393,9.1864,9.19,2.20,1.00
2009.03.09 12:06:55.903,9.18615,9.19,3.00,1.00
2009.03.09 12:06:56.063,9.18615,9.19,2.20,1.00
2009.03.09 12:06:59.822,9.1864,9.19,2.20,1.00
2009.03.09 12:07:02.171,9.18615,9.19,3.00,1.00
2009.03.09 12:07:02.451,9.18615,9.19,2.20,1.00
2009.03.09 12:07:05.661,9.18585,9.19,2.20,1.00
2009.03.09 12:07:08.060,9.18615,9.19,2.20,1.00
2009.03.09 12:07:14.509,9.1864,9.19,2.20,1.00
2009.03.09 12:07:17.478,9.18715,9.19,1.00,1.00
2009.03.09 12:07:17.717,9.18595,9.19,2.20,1.00
2009.03.09 12:07:24.966,9.18585,9.19,2.20,1.00
2009.03.09 12:07:27.935,9.1851,9.19,2.20,1.00
2009.03.09 12:07:30.994,9.18545,9.19,1.00,1.00
2009.03.09 12:07:31.165,9.1841,9.19,2.20,2.00
2009.03.09 12:07:31.624,9.1844,9.19,2.20,1.00
2009.03.09 12:07:32.954,9.18485,9.19,2.20,1.00
2009.03.09 12:07:33.694,9.18435,9.19,2.20,1.00
2009.03.09 12:07:37.463,9.18475,9.19,2.20,1.00
2009.03.09 12:07:37.983,9.1843,9.19,2.20,1.00
2009.03.09 12:07:43.821,9.1842,9.19,2.20,1.00
2009.03.09 12:07:44.281,9.1842,9.1898,2.20,1.20
2009.03.09 12:07:46.700,9.1836,9.1894,2.20,1.20
2009.03.09 12:07:47.890,9.1836,9.19045,2.20,1.60
2009.03.09 12:07:48.000,9.1836,9.186,2.20,1.20
2009.03.09 12:07:48.110,9.18135,9.186,1.60,1.20
2009.03.09 12:07:48.330,9.18085,9.186,2.20,1.20
2009.03.09 12:07:48.920,9.18105,9.186,2.20,1.20
2009.03.09 12:07:49.030,9.18105,9.1893,2.20,2.00
2009.03.09 12:07:49.190,9.1816,9.1894,1.60,1.20
2009.03.09 12:07:49.370,9.1816,9.186,1.60,1.20
2009.03.09 12:07:49.590,9.1822,9.1899,1.20,2.00
2009.03.09 12:07:49.760,9.1814,9.189,1.60,8.00
2009.03.09 12:07:49.880,9.1814,9.19,1.60,1.20
2009.03.09 12:07:50.040,9.1822,9.1876,1.20,1.20
2009.03.09 12:07:50.160,9.1819,9.1868,1.20,1.20
2009.03.09 12:07:51.049,9.1824,9.1894,1.20,1.20
2009.03.09 12:07:51.389,9.1818,9.1894,1.60,1.20
2009.03.09 12:07:51.789,9.1818,9.1904,1.60,2.00
2009.03.09 12:07:52.249,9.1806,9.1865,2.20,1.20
2009.03.09 12:07:52.539,9.1815,9.1865,1.20,1.20
2009.03.09 12:07:52.829,9.1811,9.1861,1.20,1.20
2009.03.09 12:07:53.109,9.1799,9.1857,2.20,1.20
2009.03.09 12:07:53.459,9.17955,9.1843,2.20,1.20
2009.03.09 12:07:53.759,9.1803,9.1833,1.00,1.20
2009.03.09 12:07:54.169,9.17735,9.1829,2.20,1.20
2009.03.09 12:07:54.628,9.17745,9.1866,2.20,2.60
2009.03.09 12:07:54.849,9.17715,9.1827,1.60,1.20
2009.03.09 12:07:55.468,9.1771,9.1827,2.20,1.20
2009.03.09 12:07:55.578,9.1777,9.1827,1.20,1.20
2009.03.09 12:07:55.809,9.17645,9.1824,2.20,1.20
2009.03.09 12:07:56.158,9.1774,9.182,1.20,1.20
2009.03.09 12:07:56.548,9.1773,9.1814,1.20,1.20
2009.03.09 12:07:57.218,9.17605,9.1815,2.20,1.20
2009.03.09 12:07:57.548,9.1774,9.1843,1.20,8.00
2009.03.09 12:07:57.788,9.17645,9.182,1.60,1.20
2009.03.09 12:07:58.018,9.1771,9.182,1.20,1.20
2009.03.09 12:07:58.588,9.1774,9.1846,1.20,1.20
2009.03.09 12:07:58.928,9.1774,9.1835,1.20,1.20
2009.03.09 12:07:59.777,9.1764,9.1824,2.20,1.20
2009.03.09 12:07:59.948,9.1764,9.1837,2.20,1.20
2009.03.09 12:08:00.957,9.1786,9.1837,1.20,1.20
2009.03.09 12:08:01.187,9.1765,9.1838,1.60,1.20
2009.03.09 12:08:01.367,9.17655,9.1835,2.20,1.20
2009.03.09 12:08:02.097,9.1764,9.1835,2.20,1.20
2009.03.09 12:08:04.766,9.17725,9.1838,2.20,1.20
2009.03.09 12:08:05.046,9.17725,9.1835,2.20,1.20
2009.03.09 12:08:05.336,9.1771,9.1835,2.20,1.20
2009.03.09 12:08:06.116,9.1793,9.1838,1.20,1.20
2009.03.09 12:08:06.916,9.1797,9.1841,1.20,1.20
2009.03.09 12:08:07.266,9.1773,9.1838,1.60,1.20
2009.03.09 12:08:07.606,9.1777,9.1838,2.20,1.20
2009.03.09 12:08:07.936,9.1789,9.184,1.20,1.20
2009.03.09 12:08:09.965,9.17785,9.1837,2.20,1.20
2009.03.09 12:08:10.375,9.17815,9.184,2.20,1.20
2009.03.09 12:08:11.865,9.17835,9.1834,2.20,1.20
2009.03.09 12:08:14.444,9.17905,9.1815,2.20,1.00
2009.03.09 12:08:14.784,9.1799,9.1815,1.20,1.00
2009.03.09 12:08:17.643,9.17935,9.1815,2.20,1.00
2009.03.09 12:08:17.873,9.1802,9.1815,1.20,1.00
2009.03.09 12:08:18.163,9.1799,9.1815,1.00,1.00
2009.03.09 12:08:18.323,9.1786,9.1815,2.20,1.00
2009.03.09 12:08:18.763,9.17885,9.1815,2.20,1.00
2009.03.09 12:08:18.943,9.1799,9.1815,1.20,1.00
2009.03.09 12:08:20.673,9.1786,9.1815,3.00,1.00
2009.03.09 12:08:20.952,9.1786,9.1815,2.20,1.00
2009.03.09 12:08:25.351,9.18,9.1815,1.20,1.00
2009.03.09 12:08:27.791,9.1782,9.1815,2.20,1.00
2009.03.09 12:08:28.251,9.1808,9.1815,1.20,1.00
2009.03.09 12:08:29.111,9.1804,9.1815,1.20,1.00
2009.03.09 12:08:31.260,9.1804,9.1815,1.20,1.00
2009.03.09 12:08:32.010,9.1772,9.1815,2.00,1.00
2009.03.09 12:08:32.460,9.17645,9.1815,2.20,1.00
2009.03.09 12:08:33.090,9.1776,9.1815,2.00,1.00
2009.03.09 12:08:33.259,9.1762,9.181,2.20,1.20
2009.03.09 12:08:33.599,9.1759,9.1809,2.20,1.20
2009.03.09 12:08:35.109,9.17665,9.1815,2.20,1.00
2009.03.09 12:08:35.689,9.1774,9.1815,1.20,1.00
2009.03.09 12:08:35.859,9.1762,9.1813,3.00,1.20
2009.03.09 12:08:36.148,9.1762,9.1813,2.20,1.20
2009.03.09 12:08:36.428,9.1771,9.1809,1.20,1.20
2009.03.09 12:08:36.768,9.1759,9.1809,2.20,1.20
2009.03.09 12:08:37.458,9.17675,9.1815,2.20,1.00
2009.03.09 12:08:37.868,9.17735,9.1809,1.00,1.20
2009.03.09 12:08:38.088,9.17555,9.181,2.20,1.20
2009.03.09 12:08:38.248,9.1768,9.1815,1.20,1.00
2009.03.09 12:08:39.128,9.1768,9.1815,1.20,1.00
2009.03.09 12:08:39.368,9.1758,9.1815,1.60,1.00
2009.03.09 12:08:40.527,9.17595,9.1815,2.20,1.00
2009.03.09 12:08:40.758,9.17575,9.1815,1.60,1.00
2009.03.09 12:08:41.388,9.17565,9.1815,1.60,1.00
2009.03.09 12:08:41.617,9.17565,9.1814,1.60,1.20
2009.03.09 12:08:41.947,9.1754,9.1809,1.00,1.20
2009.03.09 12:08:42.337,9.1741,9.1809,2.20,1.20
2009.03.09 12:08:43.487,9.17505,9.1809,2.20,1.20
2009.03.09 12:08:43.847,9.17535,9.1815,8.00,1.00
2009.03.09 12:08:44.177,9.1762,9.1815,1.20,1.00
2009.03.09 12:08:44.507,9.1767,9.1815,1.20,1.00
2009.03.09 12:08:44.847,9.1769,9.1815,1.20,1.00
2009.03.09 12:08:45.086,9.1773,9.1815,1.20,1.00
2009.03.09 12:08:45.837,9.17605,9.1815,2.20,1.00
2009.03.09 12:08:49.835,9.1765,9.1815,2.20,1.00
2009.03.09 12:08:50.066,9.1768,9.1815,2.20,1.00
2009.03.09 12:08:50.305,9.1774,9.1815,1.00,1.00
2009.03.09 12:08:50.756,9.17465,9.1815,2.20,1.00
2009.03.09 12:08:52.415,9.17575,9.1815,2.20,1.00
2009.03.09 12:08:52.975,9.17535,9.1815,2.20,1.00
2009.03.09 12:08:54.024,9.1751,9.1815,2.20,1.00
2009.03.09 12:08:54.254,9.1752,9.1815,2.20,1.00
2009.03.09 12:08:54.604,9.17575,9.1815,2.20,1.00
2009.03.09 12:08:55.274,9.17535,9.1815,2.20,1.00
2009.03.09 12:08:55.594,9.1751,9.1815,2.20,1.00
2009.03.09 12:08:56.434,9.1753,9.1815,2.20,1.00
2009.03.09 12:08:56.844,9.17505,9.1815,2.20,1.00
2009.03.09 12:08:57.574,9.17535,9.1815,2.20,1.00
2009.03.09 12:09:00.663,9.17595,9.1815,1.00,1.00
2009.03.09 12:09:00.783,9.17595,9.1814,1.00,1.20
2009.03.09 12:09:00.833,9.1753,9.1813,2.20,1.20
2009.03.09 12:09:01.203,9.1753,9.1815,2.20,1.00
2009.03.09 12:09:01.382,9.17505,9.1815,2.20,1.00
2009.03.09 12:09:03.372,9.17535,9.1815,2.20,1.00
2009.03.09 12:09:04.742,9.17505,9.1815,2.20,1.00
2009.03.09 12:09:05.582,9.17535,9.1815,2.20,1.00
2009.03.09 12:09:07.271,9.17575,9.1815,2.20,1.00
2009.03.09 12:09:07.491,9.1755,9.1815,2.20,1.00
2009.03.09 12:09:07.891,9.17575,9.1815,2.20,1.00
2009.03.09 12:09:08.171,9.17605,9.1815,2.20,1.00
2009.03.09 12:09:08.521,9.1765,9.1815,2.20,1.00
2009.03.09 12:09:08.861,9.1762,9.1815,2.20,1.00
2009.03.09 12:09:09.270,9.1765,9.1815,2.20,1.00
2009.03.09 12:09:10.440,9.1762,9.1815,2.20,1.00
2009.03.09 12:09:12.520,9.17575,9.1815,2.20,1.00
2009.03.09 12:09:13.080,9.1755,9.1815,2.20,1.00
2009.03.09 12:09:14.959,9.17505,9.1814,2.20,1.20
2009.03.09 12:09:15.299,9.17505,9.1815,2.20,1.00
2009.03.09 12:09:16.609,9.1751,9.1815,2.20,1.00
2009.03.09 12:09:17.749,9.17565,9.1815,2.20,1.00
2009.03.09 12:09:17.969,9.1754,9.1815,2.20,1.00
2009.03.09 12:09:20.458,9.17565,9.1814,2.20,1.20
2009.03.09 12:09:20.798,9.17565,9.1815,2.20,1.00
2009.03.09 12:09:23.477,9.1754,9.1815,3.00,1.00
2009.03.09 12:09:23.597,9.1757,9.1815,2.20,1.00
2009.03.09 12:09:26.676,9.17615,9.1815,2.20,1.00
2009.03.09 12:09:27.246,9.17645,9.1815,2.20,1.00
2009.03.09 12:09:28.406,9.17685,9.1815,2.20,1.00
2009.03.09 12:09:30.256,9.1771,9.1815,2.20,1.00
2009.03.09 12:09:30.539,9.1776,9.1815,2.20,1.00
2009.03.09 12:09:30.765,9.1779,9.1815,2.20,1.00
2009.03.09 12:09:31.055,9.1783,9.1815,2.20,1.00
2009.03.09 12:09:31.395,9.178,9.1815,2.20,1.00
2009.03.09 12:09:31.735,9.178,9.1815,2.20,1.20
2009.03.09 12:09:32.025,9.1783,9.1815,2.20,1.20
2009.03.09 12:09:33.805,9.17805,9.1815,2.20,1.20
2009.03.09 12:09:34.125,9.17875,9.1815,1.00,1.20
2009.03.09 12:09:34.585,9.17865,9.1815,1.00,1.20
2009.03.09 12:09:35.294,9.1774,9.1815,2.20,1.20
2009.03.09 12:09:36.374,9.1773,9.1815,2.20,1.20
2009.03.09 12:09:38.314,9.17805,9.1815,1.00,1.20
2009.03.09 12:09:38.604,9.17635,9.1815,2.20,1.20
2009.03.09 12:09:38.894,9.17665,9.1815,2.20,1.20
2009.03.09 12:09:39.185,9.17635,9.1815,2.20,1.20
2009.03.09 12:09:46.312,9.17685,9.1815,2.20,1.20
2009.03.09 12:09:49.151,9.17715,9.1815,2.20,1.20
2009.03.09 12:09:49.381,9.1776,9.1815,2.20,1.20
2009.03.09 12:09:50.101,9.1779,9.1815,2.20,1.20
2009.03.09 12:09:50.381,9.1783,9.1815,2.20,1.00
2009.03.09 12:09:52.390,9.1772,9.1815,2.20,1.00
2009.03.09 12:09:52.670,9.1774,9.1815,2.20,1.00
2009.03.09 12:09:53.550,9.1779,9.1815,2.20,1.00
2009.03.09 12:09:53.840,9.17865,9.1815,1.00,1.00
2009.03.09 12:09:54.080,9.1774,9.1815,2.20,1.00
2009.03.09 12:09:55.220,9.1773,9.1815,2.20,1.00
2009.03.09 12:09:58.749,9.1776,9.1815,2.20,1.00
2009.03.09 12:10:02.558,9.1773,9.1815,2.20,1.00
2009.03.09 12:10:03.248,9.1776,9.1815,2.20,1.00
2009.03.09 12:10:05.667,9.1773,9.1815,2.20,1.00
2009.03.09 12:10:12.855,9.1776,9.1815,2.20,1.00
2009.03.09 12:10:13.325,9.17805,9.1815,1.00,1.00
2009.03.09 12:10:13.606,9.17655,9.1815,2.20,1.00
2009.03.09 12:10:14.005,9.17665,9.1815,2.20,1.00
2009.03.09 12:10:19.464,9.17655,9.1815,2.20,1.00
2009.03.09 12:10:23.233,9.1773,9.1815,1.00,1.00
2009.03.09 12:10:23.563,9.17595,9.1815,2.20,1.00
2009.03.09 12:10:26.492,9.17585,9.1815,2.20,1.00
2009.03.09 12:10:27.522,9.17655,9.1815,1.00,1.00
2009.03.09 12:10:27.821,9.1752,9.1815,2.20,1.00
2009.03.09 12:10:29.691,9.1757,9.1815,2.20,1.00
2009.03.09 12:10:36.129,9.17615,9.1815,2.20,1.00
2009.03.09 12:10:36.469,9.17655,9.1815,1.00,1.00
2009.03.09 12:10:36.590,9.1752,9.1815,2.20,1.00
2009.03.09 12:10:36.939,9.1766,9.1815,1.20,1.00
2009.03.09 12:10:37.339,9.1752,9.1815,2.20,1.00
2009.03.09 12:10:40.089,9.1757,9.1815,2.20,1.00
2009.03.09 12:10:47.567,9.1756,9.1815,2.20,1.00
2009.03.09 12:10:50.046,9.1778,9.1815,1.20,1.00
2009.03.09 12:10:51.186,9.1786,9.1815,1.20,1.00
2009.03.09 12:10:51.636,9.179,9.1815,1.20,1.00
2009.03.09 12:11:00.124,9.1793,9.1815,1.20,1.00
2009.03.09 12:11:00.963,9.1799,9.1815,1.20,1.00
2009.03.09 12:11:01.603,9.1798,9.1815,1.20,1.00
2009.03.09 12:11:02.273,9.1793,9.1815,1.20,1.00
2009.03.09 12:11:05.582,9.1794,9.1815,1.20,1.00
2009.03.09 12:11:05.802,9.1793,9.1815,1.20,1.00
2009.03.09 12:11:06.432,9.1794,9.1815,1.20,1.00
2009.03.09 12:11:06.652,9.1793,9.1815,1.20,1.00
2009.03.09 12:11:07.002,9.1794,9.1815,1.20,1.00
2009.03.09 12:11:08.362,9.18,9.1815,1.20,1.00
2009.03.09 12:11:08.582,9.17785,9.1815,2.20,1.00
2009.03.09 12:11:09.721,9.178,9.1815,3.00,1.00
2009.03.09 12:11:09.891,9.17825,9.1815,2.20,1.00
2009.03.09 12:11:11.431,9.178,9.1815,3.00,1.00
2009.03.09 12:11:11.601,9.178,9.1815,2.20,1.00
2009.03.09 12:11:11.871,9.17825,9.1815,2.20,1.00
2009.03.09 12:11:13.170,9.178,9.1815,3.00,1.00
2009.03.09 12:11:13.451,9.17825,9.1815,2.20,1.00
2009.03.09 12:11:14.760,9.178,9.1815,2.20,1.00
2009.03.09 12:11:15.500,9.17875,9.1815,1.00,1.00
2009.03.09 12:11:15.730,9.1774,9.1815,2.20,1.00
2009.03.09 12:11:16.130,9.1788,9.1815,1.20,1.00
2009.03.09 12:11:16.410,9.1784,9.1815,1.20,1.00
2009.03.09 12:11:17.919,9.1774,9.1815,2.20,1.00
2009.03.09 12:11:19.290,9.17815,9.1815,2.20,1.00
2009.03.09 12:11:19.409,9.179,9.1815,1.20,1.00
2009.03.09 12:11:40.824,9.1793,9.1815,2.20,1.00
2009.03.09 12:11:41.114,9.18005,9.1815,1.00,1.00
2009.03.09 12:11:41.174,9.1783,9.1815,1.60,1.00
2009.03.09 12:11:41.514,9.17785,9.1815,2.20,1.00
2009.03.09 12:11:47.602,9.17795,9.1815,2.20,1.00
2009.03.09 12:11:47.722,9.178,9.1815,2.20,1.00
2009.03.09 12:11:49.612,9.1787,9.1815,1.00,1.00
2009.03.09 12:11:49.942,9.1773,9.1815,2.20,1.00
2009.03.09 12:11:50.291,9.1779,9.1815,2.20,1.00
2009.03.09 12:11:50.811,9.17865,9.1813,1.00,1.20
2009.03.09 12:11:51.042,9.1777,9.1813,2.20,1.20
2009.03.09 12:11:51.271,9.1777,9.1815,2.20,1.00
2009.03.09 12:11:51.562,9.1772,9.1813,2.20,1.20
2009.03.09 12:11:52.251,9.1774,9.1809,2.20,1.20
2009.03.09 12:11:53.721,9.1769,9.1805,2.20,1.20
2009.03.09 12:11:54.011,9.17765,9.1805,1.00,1.20
2009.03.09 12:11:54.381,9.1764,9.1802,2.20,1.20
2009.03.09 12:11:56.100,9.1769,9.1806,2.20,1.20
2009.03.09 12:11:56.330,9.17765,9.1806,1.00,1.20
2009.03.09 12:11:56.690,9.1769,9.1806,2.20,1.20
2009.03.09 12:11:57.320,9.1769,9.1802,2.20,1.20
2009.03.09 12:11:57.660,9.17765,9.1806,1.00,1.20
2009.03.09 12:11:58.010,9.1764,9.1802,2.20,1.20
2009.03.09 12:11:59.620,9.17735,9.1799,1.00,1.20
2009.03.09 12:11:59.909,9.176,9.1799,2.20,1.20
2009.03.09 12:12:00.879,9.1763,9.1802,2.20,1.20
2009.03.09 12:12:01.399,9.1769,9.1806,2.20,1.20
2009.03.09 12:12:03.308,9.17765,9.1806,1.00,1.20
2009.03.09 12:12:03.479,9.1764,9.1806,2.20,1.20
2009.03.09 12:12:07.977,9.17735,9.1806,1.00,1.20
2009.03.09 12:12:08.197,9.17735,9.1799,1.00,1.20
2009.03.09 12:12:08.307,9.17625,9.1802,2.20,1.20
2009.03.09 12:12:08.787,9.176,9.1802,3.00,1.20
2009.03.09 12:12:09.067,9.176,9.1799,3.00,1.20
2009.03.09 12:12:09.347,9.176,9.1799,2.20,1.20
2009.03.09 12:12:11.066,9.17695,9.1797,1.00,1.20
2009.03.09 12:12:11.346,9.17525,9.1797,2.20,1.20
2009.03.09 12:12:11.627,9.175,9.1797,2.20,1.20
2009.03.09 12:12:11.857,9.17455,9.1791,2.20,1.20
2009.03.09 12:12:13.126,9.1749,9.1789,2.20,1.20
2009.03.09 12:12:13.296,9.1749,9.1796,2.20,1.20
2009.03.09 12:12:16.025,9.17545,9.1796,2.20,1.20
2009.03.09 12:12:18.825,9.17615,9.1796,2.20,1.20
2009.03.09 12:12:19.065,9.17615,9.1803,2.20,1.20
2009.03.09 12:12:22.454,9.17625,9.1806,1.60,1.20
2009.03.09 12:12:25.693,9.17615,9.1803,2.20,1.20
2009.03.09 12:12:31.352,9.1765,9.1807,2.20,2.80
2009.03.09 12:12:32.301,9.1765,9.1807,2.20,4.00
2009.03.09 12:12:39.719,9.17715,9.1807,2.20,4.00
2009.03.09 12:12:40.000,9.17715,9.1807,2.20,2.80
2009.03.09 12:13:05.164,9.1776,9.1807,2.20,2.80
2009.03.09 12:13:06.263,9.1779,9.1807,2.20,2.80
2009.03.09 12:13:13.972,9.1789,9.1807,1.00,2.80
2009.03.09 12:13:14.211,9.17815,9.1807,2.20,2.80
2009.03.09 12:13:20.540,9.17865,9.1807,2.20,2.80
2009.03.09 12:13:21.010,9.17905,9.1807,2.20,2.80
2009.03.09 12:13:21.890,9.1791,9.1807,2.20,2.80
2009.03.09 12:13:22.229,9.1791,9.1832,2.20,1.20
2009.03.09 12:13:32.237,9.17935,9.1831,2.20,1.20
2009.03.09 12:13:32.568,9.1791,9.1828,3.00,1.20
2009.03.09 12:13:32.857,9.1791,9.1828,2.20,1.20
2009.03.09 12:13:36.126,9.17935,9.1828,2.20,1.20
2009.03.09 12:13:36.296,9.1791,9.1831,3.00,1.20
2009.03.09 12:13:36.518,9.1791,9.1831,2.20,1.20
2009.03.09 12:13:36.806,9.1791,9.1828,2.20,1.20
2009.03.09 12:13:39.235,9.17985,9.1828,1.00,1.20
2009.03.09 12:13:39.285,9.1786,9.1828,2.20,1.20
2009.03.09 12:13:39.456,9.1786,9.1824,2.20,1.20
2009.03.09 12:13:39.875,9.17885,9.1828,2.20,1.20
2009.03.09 12:13:40.385,9.17935,9.1828,2.20,1.20
2009.03.09 12:13:40.675,9.17935,9.1831,2.20,1.20
2009.03.09 12:13:40.845,9.1801,9.1824,1.00,1.20
2009.03.09 12:13:41.055,9.17955,9.1824,1.00,1.20
2009.03.09 12:13:41.215,9.1791,9.1821,1.00,1.20
2009.03.09 12:13:41.515,9.17785,9.1817,2.20,1.20
2009.03.09 12:13:41.805,9.17815,9.1821,2.20,1.20
2009.03.09 12:13:43.474,9.17805,9.1821,2.20,1.20
2009.03.09 12:13:43.764,9.17835,9.1817,2.20,1.20
2009.03.09 12:13:43.884,9.17835,9.1821,2.20,1.20
2009.03.09 12:13:44.464,9.1791,9.1817,1.00,1.20
2009.03.09 12:13:44.644,9.17785,9.1817,2.20,1.20
2009.03.09 12:13:45.614,9.1784,9.1821,2.20,1.20
2009.03.09 12:13:45.954,9.1786,9.1824,2.20,1.20
2009.03.09 12:13:46.303,9.17905,9.1828,2.20,1.20
2009.03.09 12:13:47.323,9.1798,9.1824,1.00,1.20
2009.03.09 12:13:47.675,9.17855,9.1824,2.20,1.20
2009.03.09 12:14:02.850,9.17865,9.1821,2.20,1.20
2009.03.09 12:14:03.309,9.17865,9.1825,2.20,1.20
2009.03.09 12:14:11.557,9.17885,9.1828,2.20,1.20
2009.03.09 12:14:12.017,9.17875,9.1825,2.20,1.20
2009.03.09 12:14:16.676,9.17905,9.1829,2.20,1.20
2009.03.09 12:14:19.896,9.17905,9.1811,2.20,1.20
2009.03.09 12:14:31.202,9.17935,9.1807,2.20,1.20
2009.03.09 12:14:33.942,9.17985,9.1807,2.20,1.20
2009.03.09 12:14:35.251,9.1806,9.1807,1.00,1.20
2009.03.09 12:14:35.582,9.17895,9.1807,2.20,1.20
2009.03.09 12:14:36.161,9.17895,9.1807,2.20,1.00
2009.03.09 12:14:40.041,9.1799,9.1807,1.00,1.00
2009.03.09 12:14:40.270,9.1786,9.1807,2.20,1.00
2009.03.09 12:14:40.790,9.1787,9.1807,2.20,1.00
2009.03.09 12:14:41.470,9.17915,9.1807,2.20,1.00
2009.03.09 12:14:45.859,9.1789,9.1807,3.00,1.00
2009.03.09 12:14:46.179,9.1789,9.1807,2.20,1.00
2009.03.09 12:14:47.538,9.1782,9.1807,2.20,1.00
2009.03.09 12:14:48.228,9.178,9.1807,2.20,1.00
2009.03.09 12:14:55.407,9.17775,9.1807,3.00,1.00
2009.03.09 12:14:55.807,9.17775,9.1807,2.20,1.00
2009.03.09 12:14:57.806,9.17835,9.1807,2.20,1.00
2009.03.09 12:14:58.766,9.1788,9.1807,2.20,1.00
2009.03.09 12:15:00.406,9.17975,9.1807,1.00,1.00
2009.03.09 12:15:00.585,9.1783,9.1807,2.20,1.00
2009.03.09 12:15:02.395,9.17775,9.1807,2.20,1.00
2009.03.09 12:15:02.625,9.17805,9.1807,2.20,1.00
2009.03.09 12:15:03.375,9.17845,9.1807,2.20,1.00
2009.03.09 12:15:03.715,9.1786,9.1807,2.20,1.00
2009.03.09 12:15:03.945,9.17845,9.1807,2.20,1.00
2009.03.09 12:15:05.245,9.17905,9.1807,2.20,1.00
2009.03.09 12:15:05.594,9.17905,9.1807,10.20,1.00
2009.03.09 12:15:05.884,9.17905,9.1807,2.20,1.00
2009.03.09 12:15:06.514,9.17905,9.184,2.20,1.20
2009.03.09 12:15:06.754,9.17905,9.184,3.00,1.20
2009.03.09 12:15:06.964,9.1794,9.1836,2.20,1.20
2009.03.09 12:15:07.654,9.1793,9.1832,2.20,1.20
2009.03.09 12:15:08.014,9.17915,9.1832,2.20,1.20
2009.03.09 12:15:09.094,9.1794,9.1832,2.20,1.20
2009.03.09 12:15:09.324,9.1794,9.1836,2.20,1.20
2009.03.09 12:15:09.533,9.17975,9.184,2.20,1.20
2009.03.09 12:15:09.943,9.1797,9.184,2.20,1.20
2009.03.09 12:15:10.183,9.1797,9.1836,2.20,1.20
2009.03.09 12:15:10.543,9.18015,9.1829,1.00,1.20
2009.03.09 12:15:10.883,9.17905,9.1829,2.20,1.20
2009.03.09 12:15:11.223,9.17905,9.1832,2.20,1.20
2009.03.09 12:15:12.863,9.17965,9.1836,2.20,1.20
2009.03.09 12:15:13.272,9.18035,9.1836,2.20,1.20
2009.03.09 12:15:13.563,9.18035,9.1843,2.20,1.20
2009.03.09 12:15:13.742,9.18095,9.1843,1.00,1.20
2009.03.09 12:15:13.972,9.1799,9.1843,2.20,1.20
2009.03.09 12:15:14.142,9.1807,9.1836,1.00,1.20
2009.03.09 12:15:14.422,9.17955,9.1836,2.20,1.20
2009.03.09 12:15:14.773,9.17975,9.1836,2.20,1.20
2009.03.09 12:15:15.122,9.18055,9.184,1.00,1.20
2009.03.09 12:15:15.412,9.1796,9.1834,2.20,1.20
2009.03.09 12:15:15.692,9.1799,9.1834,2.20,1.20
2009.03.09 12:15:15.922,9.1799,9.1838,2.20,1.20
2009.03.09 12:15:16.272,9.18065,9.1838,1.00,1.20
2009.03.09 12:15:16.612,9.1796,9.1831,2.20,1.20
2009.03.09 12:15:16.951,9.1807,9.1838,1.00,1.20
2009.03.09 12:15:17.292,9.17965,9.1834,2.20,1.20
2009.03.09 12:15:18.852,9.18015,9.1838,2.20,1.20
2009.03.09 12:15:22.930,9.17955,9.1831,2.20,1.20
2009.03.09 12:15:25.739,9.17965,9.1831,2.20,1.20
2009.03.09 12:15:40.216,9.1807,9.1838,2.20,1.20
2009.03.09 12:15:40.326,9.1807,9.1842,2.20,1.20
2009.03.09 12:15:40.556,9.18095,9.1842,2.20,1.20
2009.03.09 12:15:41.246,9.1807,9.1845,3.00,1.20
2009.03.09 12:15:41.586,9.1807,9.1842,2.20,1.20
2009.03.09 12:15:41.865,9.18095,9.1845,2.20,1.20
2009.03.09 12:15:43.005,9.1807,9.1842,2.20,1.20
2009.03.09 12:15:43.395,9.1807,9.1855,2.20,1.20
2009.03.09 12:15:43.746,9.18095,9.1855,2.20,1.20
2009.03.09 12:15:47.594,9.18095,9.1851,2.20,1.20
2009.03.09 12:15:52.713,9.1808,9.1848,2.20,1.20
2009.03.09 12:15:53.053,9.1805,9.1844,2.20,1.20
2009.03.09 12:15:53.643,9.18005,9.1841,2.20,1.20
2009.03.09 12:15:55.232,9.18035,9.1841,2.20,1.20
2009.03.09 12:15:55.462,9.18005,9.1844,2.20,1.20
2009.03.09 12:15:55.702,9.18005,9.1841,2.20,1.20
2009.03.09 12:15:56.832,9.18035,9.1841,2.20,1.20
2009.03.09 12:15:57.342,9.18035,9.1844,2.20,1.20
2009.03.09 12:16:00.231,9.18035,9.1845,2.20,1.20
2009.03.09 12:16:02.930,9.18125,9.1849,1.00,1.20
2009.03.09 12:16:03.211,9.1813,9.1856,2.20,1.20
2009.03.09 12:16:05.780,9.1812,9.1852,2.20,1.20
2009.03.09 12:16:07.139,9.18195,9.1849,1.00,1.20
2009.03.09 12:16:07.589,9.1806,9.1849,2.20,1.20
2009.03.09 12:16:09.429,9.1808,9.1845,2.20,1.20
2009.03.09 12:16:09.699,9.1808,9.1849,2.20,1.20
2009.03.09 12:16:10.109,9.1811,9.1849,2.20,1.20
2009.03.09 12:16:10.338,9.1811,9.1852,2.20,1.20
2009.03.09 12:16:11.119,9.1811,9.1851,2.20,1.20
2009.03.09 12:16:11.338,9.1814,9.1855,2.20,1.20
2009.03.09 12:16:11.678,9.1817,9.1855,2.20,1.20
2009.03.09 12:16:12.028,9.1817,9.1859,2.20,1.20
2009.03.09 12:16:12.268,9.18245,9.1855,1.00,1.20
2009.03.09 12:16:12.608,9.1812,9.1855,2.20,1.20
2009.03.09 12:16:24.347,9.1814,9.1851,2.20,1.20
2009.03.09 12:16:24.725,9.1814,9.1855,2.20,1.20
2009.03.09 12:16:26.005,9.1811,9.1851,2.20,1.20
2009.03.09 12:16:27.525,9.18165,9.1861,2.20,1.20
2009.03.09 12:16:28.144,9.1814,9.1861,3.00,1.20
2009.03.09 12:16:28.485,9.1814,9.1857,2.20,1.20
2009.03.09 12:16:31.463,9.1817,9.1855,2.20,1.20
2009.03.09 12:16:31.703,9.1817,9.1859,2.20,1.20
2009.03.09 12:16:33.933,9.1814,9.1855,2.20,1.20
2009.03.09 12:16:35.842,9.1817,9.1862,2.20,1.20
2009.03.09 12:16:36.172,9.18145,9.1855,2.20,1.20
2009.03.09 12:16:37.572,9.1817,9.1855,2.20,1.20
2009.03.09 12:16:37.792,9.1821,9.1862,2.20,1.20
2009.03.09 12:16:38.022,9.18185,9.1862,2.20,1.20
2009.03.09 12:16:38.242,9.18185,9.1859,2.20,1.20
2009.03.09 12:16:42.561,9.18165,9.1859,2.20,1.20
2009.03.09 12:16:42.671,9.18165,9.1855,2.20,1.20
2009.03.09 12:16:42.851,9.1824,9.1855,1.00,1.20
2009.03.09 12:16:43.091,9.18095,9.1851,2.20,1.20
2009.03.09 12:16:56.338,9.18215,9.1862,2.20,1.20
2009.03.09 12:16:57.507,9.18185,9.1862,2.20,1.20
2009.03.09 12:16:58.357,9.18145,9.1855,2.20,1.20
2009.03.09 12:17:00.886,9.18115,9.1855,2.20,1.20
2009.03.09 12:17:01.117,9.18115,9.1851,2.20,1.20
2009.03.09 12:17:02.796,9.18165,9.1851,2.20,1.20
2009.03.09 12:17:03.136,9.18165,9.1861,2.20,1.20
2009.03.09 12:17:06.025,9.18215,9.1859,2.20,1.20
2009.03.09 12:17:06.295,9.18215,9.1862,2.20,1.20
2009.03.09 12:17:09.394,9.183,9.1866,1.00,1.20
2009.03.09 12:17:09.674,9.183,9.1857,1.00,1.20
2009.03.09 12:17:09.794,9.181,9.1857,2.20,1.20
2009.03.09 12:17:11.914,9.1817,9.1855,2.20,1.20
2009.03.09 12:17:12.024,9.1817,9.1859,2.20,1.20
2009.03.09 12:17:15.123,9.1816,9.1855,2.20,1.20
2009.03.09 12:17:16.043,9.18115,9.1855,2.20,1.20
2009.03.09 12:17:16.383,9.18115,9.1851,2.20,1.20
2009.03.09 12:17:17.173,9.1812,9.1855,2.20,1.20
2009.03.09 12:17:18.602,9.1817,9.1855,2.20,1.20
2009.03.09 12:17:18.762,9.1817,9.1859,2.20,1.20
2009.03.09 12:17:22.161,9.18235,9.1859,2.20,1.20
2009.03.09 12:17:22.441,9.18235,9.1866,2.20,1.20
2009.03.09 12:17:22.841,9.18215,9.1866,3.00,1.20
2009.03.09 12:17:23.121,9.18215,9.1862,2.20,1.20
2009.03.09 12:17:26.070,9.18215,9.1859,2.20,1.20
2009.03.09 12:17:26.530,9.18215,9.1862,2.20,1.20
2009.03.09 12:17:26.640,9.18185,9.1859,2.20,1.20
2009.03.09 12:17:29.280,9.18215,9.1862,2.20,1.20
2009.03.09 12:17:29.849,9.18185,9.1862,2.20,1.20
2009.03.09 12:17:30.659,9.18185,9.1863,2.20,1.20
2009.03.09 12:17:30.769,9.18295,9.1862,1.00,1.20
2009.03.09 12:17:31.039,9.18165,9.1862,2.20,1.20
2009.03.09 12:17:34.248,9.18215,9.1855,1.00,1.20
2009.03.09 12:17:34.478,9.18115,9.1855,2.20,1.20
2009.03.09 12:17:34.758,9.1809,9.1855,2.20,1.20
2009.03.09 12:17:34.988,9.18115,9.1855,2.20,1.20
2009.03.09 12:17:36.608,9.18165,9.1859,2.20,1.20
2009.03.09 12:17:36.838,9.1814,9.1859,2.20,1.20
2009.03.09 12:17:37.118,9.1814,9.1855,2.20,1.20
2009.03.09 12:17:37.637,9.1817,9.1859,2.20,1.20
2009.03.09 12:17:39.777,9.18215,9.1862,2.20,1.20
2009.03.09 12:17:42.596,9.1824,9.1866,2.20,1.20
2009.03.09 12:17:43.107,9.183,9.1866,1.00,1.20
2009.03.09 12:17:43.386,9.181,9.1866,2.20,1.20
2009.03.09 12:17:43.616,9.181,9.1857,2.20,1.20
2009.03.09 12:17:46.055,9.1811,9.1854,2.20,1.20
2009.03.09 12:17:46.285,9.18125,9.1855,2.20,1.20
2009.03.09 12:17:46.675,9.18135,9.1855,2.20,1.20
2009.03.09 12:17:54.753,9.1811,9.1855,2.20,1.20
2009.03.09 12:17:55.034,9.18045,9.1854,2.20,1.20
2009.03.09 12:17:55.333,9.18095,9.1846,2.20,1.20
2009.03.09 12:17:55.623,9.1817,9.1846,1.00,1.20
2009.03.09 12:17:55.853,9.18035,9.185,2.20,1.20
2009.03.09 12:17:56.203,9.1802,9.1846,2.20,1.20
2009.03.09 12:17:59.892,9.18115,9.1837,1.00,1.20
2009.03.09 12:18:02.072,9.1795,9.1837,2.20,1.20
2009.03.09 12:18:02.412,9.18025,9.183,1.00,1.20
2009.03.09 12:18:02.751,9.17875,9.183,2.20,1.20
2009.03.09 12:18:03.101,9.17835,9.1826,2.20,1.20
2009.03.09 12:18:03.771,9.17845,9.1822,2.20,1.20
2009.03.09 12:18:04.051,9.17845,9.1826,2.20,1.20
2009.03.09 12:18:04.321,9.17875,9.1826,2.20,1.20
2009.03.09 12:18:04.651,9.17875,9.183,2.20,1.20
2009.03.09 12:18:04.941,9.1785,9.1826,2.20,1.20
2009.03.09 12:18:06.620,9.1788,9.1826,2.20,1.20
2009.03.09 12:18:06.850,9.1788,9.1832,2.20,1.20
2009.03.09 12:18:07.362,9.1788,9.183,2.20,1.20
2009.03.09 12:18:08.780,9.17915,9.1833,2.20,1.20
2009.03.09 12:18:09.450,9.1799,9.1833,2.20,1.20
2009.03.09 12:18:09.620,9.1799,9.1843,2.20,1.20
2009.03.09 12:18:09.900,9.17965,9.1843,2.20,1.20
2009.03.09 12:18:10.080,9.17995,9.1843,2.20,1.20
2009.03.09 12:18:10.819,9.17965,9.1839,2.20,1.20
2009.03.09 12:18:11.839,9.17925,9.1839,2.20,1.20
2009.03.09 12:18:12.229,9.17925,9.1833,2.20,1.20
2009.03.09 12:18:12.409,9.1795,9.1837,2.20,1.20
2009.03.09 12:18:12.529,9.17995,9.1837,2.20,1.20
2009.03.09 12:18:12.879,9.1806,9.1841,1.00,1.20
2009.03.09 12:18:13.219,9.1791,9.1844,2.20,1.20
2009.03.09 12:18:13.569,9.17905,9.1844,2.20,1.20
2009.03.09 12:18:13.809,9.17905,9.1835,2.20,1.20
2009.03.09 12:18:14.898,9.17925,9.1839,2.20,1.20
2009.03.09 12:18:15.338,9.17925,9.1833,2.20,1.20
2009.03.09 12:18:15.508,9.17995,9.1837,2.20,1.20
2009.03.09 12:18:15.679,9.17995,9.1841,2.20,1.20
2009.03.09 12:18:15.848,9.1806,9.1841,1.00,1.20
2009.03.09 12:18:16.148,9.1793,9.1839,2.20,1.20
2009.03.09 12:18:17.688,9.17925,9.1839,2.20,1.20
2009.03.09 12:18:17.908,9.17925,9.1833,2.20,1.20
2009.03.09 12:18:18.418,9.1795,9.1839,2.20,1.20
2009.03.09 12:18:18.828,9.1799,9.1841,2.20,1.20
2009.03.09 12:18:26.086,9.17855,9.1832,3.00,1.20
2009.03.09 12:18:26.755,9.17815,9.1832,2.20,1.20
2009.03.09 12:18:27.035,9.17815,9.1828,2.20,1.20
2009.03.09 12:18:27.265,9.1782,9.1822,3.00,1.20
2009.03.09 12:18:27.635,9.17845,9.1822,2.20,1.20
2009.03.09 12:18:27.875,9.17845,9.1826,2.20,1.20
2009.03.09 12:18:30.245,9.1782,9.1822,2.20,1.20
2009.03.09 12:18:32.814,9.17845,9.1822,2.20,1.20
2009.03.09 12:18:32.994,9.17845,9.1826,2.20,1.20
2009.03.09 12:18:33.344,9.1782,9.1826,2.20,1.20
2009.03.09 12:18:33.634,9.1782,9.1822,2.20,1.20
2009.03.09 12:18:35.213,9.17845,9.1822,2.20,1.20
2009.03.09 12:18:35.393,9.17845,9.1826,2.20,1.20
2009.03.09 12:18:38.143,9.1782,9.1822,2.20,1.20
2009.03.09 12:18:46.221,9.17655,9.181,2.20,1.20
2009.03.09 12:18:46.451,9.1767,9.1813,2.20,1.20
2009.03.09 12:18:46.731,9.177,9.1811,2.20,1.20
2009.03.09 12:18:50.960,9.17735,9.1815,2.20,1.20
2009.03.09 12:18:52.869,9.178,9.1815,2.20,1.20
2009.03.09 12:18:53.159,9.178,9.1822,2.20,1.20
2009.03.09 12:18:59.778,9.17845,9.1825,2.20,1.20
2009.03.09 12:19:00.048,9.1788,9.1825,2.20,1.20
2009.03.09 12:19:00.108,9.1788,9.1829,2.20,1.20
2009.03.09 12:19:00.287,9.17855,9.1825,3.00,1.20
2009.03.09 12:19:00.559,9.17855,9.1825,2.20,1.20
2009.03.09 12:19:04.316,9.1782,9.1825,2.20,1.20
2009.03.09 12:19:04.666,9.1782,9.1822,2.20,1.20
2009.03.09 12:19:07.286,9.1782,9.1814,2.20,1.20
2009.03.09 12:19:07.446,9.1785,9.1814,2.20,1.20
2009.03.09 12:19:07.796,9.1788,9.1814,2.20,1.20
2009.03.09 12:19:08.936,9.17945,9.1812,2.20,1.20
2009.03.09 12:19:09.276,9.17925,9.1812,3.00,1.20
2009.03.09 12:19:09.496,9.17925,9.1812,2.20,1.20
2009.03.09 12:19:09.775,9.1782,9.1812,2.20,1.20
2009.03.09 12:19:10.065,9.17835,9.1812,2.20,1.20
2009.03.09 12:19:10.655,9.17845,9.1812,2.20,1.20
2009.03.09 12:19:11.675,9.1788,9.1812,2.20,1.20
2009.03.09 12:19:12.205,9.1791,9.1812,2.20,1.20
2009.03.09 12:19:12.545,9.1794,9.1812,2.20,1.20
2009.03.09 12:19:13.124,9.1789,9.1812,2.20,1.20
2009.03.09 12:19:13.794,9.17965,9.1812,1.00,1.20
2009.03.09 12:19:14.024,9.1784,9.1812,2.20,1.20
2009.03.09 12:19:15.674,9.1789,9.1812,2.20,1.20
2009.03.09 12:19:18.423,9.17955,9.1812,2.20,1.20
2009.03.09 12:19:18.853,9.1793,9.1812,3.00,1.20
2009.03.09 12:19:19.083,9.1796,9.1812,2.20,1.20
2009.03.09 12:19:19.293,9.1793,9.1812,2.20,1.20
2009.03.09 12:19:21.013,9.17945,9.1812,2.20,1.20
2009.03.09 12:19:21.233,9.17975,9.1812,2.20,1.20
2009.03.09 12:19:22.252,9.17945,9.1812,2.20,1.20
2009.03.09 12:19:32.170,9.17985,9.1812,2.20,1.00
2009.03.09 12:19:46.406,9.17995,9.1844,3.00,1.20
2009.03.09 12:19:46.576,9.1805,9.1844,2.20,1.20
2009.03.09 12:19:46.918,9.18025,9.1848,2.20,1.20
2009.03.09 12:19:59.743,9.1796,9.1848,1.60,1.20
2009.03.09 12:19:59.843,9.1798,9.1844,2.20,1.20
2009.03.09 12:20:00.023,9.18055,9.1844,1.00,1.20
2009.03.09 12:20:00.193,9.18055,9.1841,1.00,1.20
2009.03.09 12:20:00.353,9.1793,9.1841,2.20,1.20
2009.03.09 12:20:01.033,9.179,9.1837,2.20,1.20
2009.03.09 12:20:01.712,9.1794,9.1836,2.20,1.20
2009.03.09 12:20:02.632,9.1795,9.1836,2.20,1.20
2009.03.09 12:20:03.663,9.1795,9.1837,2.20,1.20
2009.03.09 12:20:04.622,9.1795,9.1836,2.20,1.20
2009.03.09 12:20:06.131,9.1795,9.1837,2.20,1.20
2009.03.09 12:20:07.341,9.1801,9.1833,1.00,1.20
2009.03.09 12:20:07.521,9.17925,9.1836,2.20,1.20
2009.03.09 12:20:08.151,9.1787,9.1829,2.20,1.20
2009.03.09 12:20:08.501,9.1787,9.183,2.20,1.20
2009.03.09 12:20:09.921,9.17945,9.1833,2.20,1.20
2009.03.09 12:20:10.100,9.17945,9.1837,2.20,1.20
2009.03.09 12:20:11.820,9.1799,9.1841,2.20,1.20
2009.03.09 12:20:13.140,9.1802,9.1844,2.20,1.20
2009.03.09 12:20:23.857,9.18095,9.1841,1.00,1.20
2009.03.09 12:20:24.027,9.1797,9.1841,2.20,1.20
2009.03.09 12:20:24.767,9.1797,9.184,2.20,1.20
2009.03.09 12:20:25.127,9.17995,9.184,2.20,1.20
2009.03.09 12:20:25.287,9.18015,9.1844,2.20,1.20
2009.03.09 12:20:37.514,9.1806,9.1844,2.20,1.20
2009.03.09 12:20:37.624,9.1806,9.1847,2.20,1.20
2009.03.09 12:20:38.714,9.1805,9.1839,2.20,1.20
2009.03.09 12:20:42.633,9.1802,9.1837,2.20,1.20
2009.03.09 12:20:42.983,9.1802,9.1834,2.20,1.20
2009.03.09 12:20:56.619,9.1802,9.1837,2.20,1.20
2009.03.09 12:20:57.009,9.1805,9.1837,2.20,1.20
2009.03.09 12:20:57.979,9.18095,9.1837,2.20,1.20
2009.03.09 12:20:58.269,9.1812,9.1844,2.20,1.20
2009.03.09 12:20:58.789,9.18095,9.1841,2.20,1.20
2009.03.09 12:21:13.595,9.18095,9.1841,2.20,1.20
2009.03.09 12:21:14.235,9.1812,9.1841,2.20,1.20
2009.03.09 12:21:14.405,9.1812,9.1844,2.20,1.20
2009.03.09 12:21:23.243,9.18165,9.1848,2.20,1.20
2009.03.09 12:21:23.483,9.18195,9.1852,2.20,1.20
2009.03.09 12:21:24.232,9.18195,9.1851,2.20,1.20
2009.03.09 12:21:26.612,9.18165,9.1847,2.20,1.20
2009.03.09 12:21:27.812,9.18195,9.1847,2.20,1.20
2009.03.09 12:21:28.042,9.18195,9.1851,2.20,1.20
2009.03.09 12:21:30.501,9.1818,9.1851,2.20,1.20
2009.03.09 12:21:34.150,9.1815,9.1847,2.20,1.20
2009.03.09 12:21:35.640,9.18225,9.1847,1.00,1.20
2009.03.09 12:21:35.860,9.181,9.1843,2.20,1.20
2009.03.09 12:21:36.980,9.1812,9.1844,2.20,1.20
2009.03.09 12:21:37.679,9.18175,9.1851,2.20,1.20
2009.03.09 12:21:41.658,9.1812,9.1843,2.20,1.20
2009.03.09 12:21:43.178,9.1812,9.186,2.20,1.20
2009.03.09 12:21:53.326,9.181,9.1856,2.20,1.20
2009.03.09 12:21:53.665,9.181,9.1857,2.20,1.20
2009.03.09 12:22:02.084,9.1813,9.186,3.40,1.20
2009.03.09 12:22:03.093,9.1816,9.1864,3.40,1.20
2009.03.09 12:22:03.833,9.1813,9.186,3.40,1.20
2009.03.09 12:22:08.662,9.1816,9.186,2.20,1.20
2009.03.09 12:22:08.942,9.1816,9.1864,3.40,1.20
2009.03.09 12:22:09.122,9.1816,9.1863,3.40,1.20
2009.03.09 12:22:09.672,9.1824,9.1863,1.20,1.20
2009.03.09 12:22:10.131,9.1814,9.1863,3.40,1.20
2009.03.09 12:22:10.254,9.1824,9.1863,1.20,1.20
2009.03.09 12:22:10.531,9.18,9.1863,2.20,1.20
2009.03.09 12:22:10.701,9.18,9.185,2.20,1.20
2009.03.09 12:22:10.871,9.18015,9.1854,2.20,1.20
2009.03.09 12:22:11.101,9.18095,9.185,1.00,1.20
2009.03.09 12:22:11.451,9.17985,9.185,2.20,1.20
2009.03.09 12:22:18.580,9.1809,9.1848,1.20,1.20
2009.03.09 12:22:18.749,9.18085,9.1841,1.00,1.20
2009.03.09 12:22:19.109,9.1806,9.1846,1.20,1.20
2009.03.09 12:22:19.600,9.17965,9.1846,2.20,1.20
2009.03.09 12:22:25.978,9.1806,9.1846,1.20,1.20
2009.03.09 12:22:26.248,9.1804,9.1842,1.00,1.20
2009.03.09 12:22:26.468,9.17935,9.1842,2.20,1.20
2009.03.09 12:22:27.287,9.1801,9.1838,1.00,1.20
2009.03.09 12:22:27.747,9.1789,9.1838,3.40,1.20
2009.03.09 12:22:36.705,9.1791,9.1835,3.40,1.20
2009.03.09 12:22:37.445,9.1788,9.1835,3.40,1.20
2009.03.09 12:22:39.334,9.1796,9.1835,1.20,1.20
2009.03.09 12:22:39.804,9.1787,9.1826,1.00,1.20
2009.03.09 12:22:40.034,9.1775,9.1826,3.40,1.20
2009.03.09 12:22:41.234,9.17735,9.182,2.20,1.20
2009.03.09 12:22:41.464,9.1785,9.1824,1.20,1.20
2009.03.09 12:22:44.303,9.1791,9.1828,1.20,1.20
2009.03.09 12:22:44.753,9.1791,9.1827,1.20,1.20
2009.03.09 12:22:45.483,9.1775,9.1824,3.40,1.20
2009.03.09 12:22:49.962,9.1785,9.1824,1.20,1.20
2009.03.09 12:22:50.472,9.17715,9.1824,2.20,1.20
2009.03.09 12:22:50.702,9.1778,9.1817,1.20,1.20
2009.03.09 12:22:51.111,9.17755,9.1817,1.00,1.20
2009.03.09 12:22:51.342,9.1764,9.1817,2.20,1.20
2009.03.09 12:22:51.571,9.1772,9.181,1.00,1.20
2009.03.09 12:22:51.791,9.17605,9.181,2.20,1.20
2009.03.09 12:22:54.461,9.17645,9.181,2.20,1.20
2009.03.09 12:22:54.741,9.1774,9.1813,1.20,1.20
2009.03.09 12:22:55.500,9.1778,9.1817,1.20,1.20
2009.03.09 12:22:56.340,9.1758,9.181,3.40,1.20
2009.03.09 12:22:57.210,9.1776,9.1817,1.20,1.20
2009.03.09 12:22:59.999,9.1777,9.1813,1.00,1.20
2009.03.09 12:23:00.270,9.1776,9.1813,1.20,1.20
2009.03.09 12:23:00.490,9.176,9.181,3.40,1.20
2009.03.09 12:23:03.289,9.17695,9.1806,1.00,1.20
2009.03.09 12:23:03.469,9.1757,9.1806,3.40,1.20
2009.03.09 12:23:05.608,9.1772,9.1813,1.20,1.20
2009.03.09 12:23:05.958,9.1758,9.181,4.20,1.20
2009.03.09 12:23:06.248,9.1758,9.181,3.40,1.20
2009.03.09 12:23:06.818,9.1774,9.181,1.20,1.20
2009.03.09 12:23:07.108,9.1774,9.1813,1.20,1.20
2009.03.09 12:23:10.908,9.17615,9.1806,2.20,1.20
2009.03.09 12:23:11.187,9.17705,9.1806,1.00,1.20
2009.03.09 12:23:11.247,9.176,9.1806,2.20,1.20
2009.03.09 12:23:11.827,9.1763,9.1819,2.20,1.20
2009.03.09 12:23:12.387,9.17725,9.1812,1.00,1.20
2009.03.09 12:23:12.797,9.1772,9.1812,1.20,1.20
2009.03.09 12:23:13.206,9.1757,9.1806,3.40,1.20
2009.03.09 12:23:13.556,9.177,9.181,1.20,1.20
2009.03.09 12:23:13.906,9.176,9.181,3.40,1.20
2009.03.09 12:23:14.296,9.1772,9.1811,1.20,1.20
2009.03.09 12:23:14.646,9.1768,9.1808,1.20,1.20
2009.03.09 12:23:15.545,9.1771,9.1807,1.20,1.20
2009.03.09 12:23:17.025,9.177,9.1805,1.20,1.20
2009.03.09 12:23:17.765,9.1771,9.1806,1.20,1.20
2009.03.09 12:23:18.005,9.1771,9.1807,1.20,1.20
2009.03.09 12:23:18.495,9.177,9.1805,1.20,1.20
2009.03.09 12:23:18.975,9.1771,9.1806,1.20,1.20
2009.03.09 12:23:26.133,9.1774,9.1813,1.20,1.20
2009.03.09 12:23:29.642,9.1777,9.1813,1.20,1.20
2009.03.09 12:23:30.142,9.1773,9.1811,1.20,1.20
2009.03.09 12:23:30.303,9.1769,9.1806,1.20,1.20
2009.03.09 12:23:32.272,9.1766,9.1803,1.20,1.20
2009.03.09 12:23:32.662,9.1762,9.1799,1.20,1.20
2009.03.09 12:23:34.971,9.1758,9.1796,2.00,1.20
2009.03.09 12:23:35.201,9.1758,9.1796,1.20,1.20
2009.03.09 12:23:35.381,9.1764,9.1803,1.20,1.20
2009.03.09 12:23:36.410,9.17545,9.1803,2.20,1.20
2009.03.09 12:23:36.690,9.1765,9.1813,1.20,1.20
2009.03.09 12:23:36.911,9.1771,9.1813,1.20,1.20
2009.03.09 12:23:38.790,9.1769,9.1806,1.20,1.20
2009.03.09 12:23:42.219,9.17585,9.1806,2.20,1.20
2009.03.09 12:23:42.450,9.1771,9.1811,1.20,1.20
2009.03.09 12:23:42.909,9.1766,9.1813,2.20,1.20
2009.03.09 12:23:43.129,9.1778,9.1818,1.20,1.20
2009.03.09 12:23:43.759,9.17725,9.1818,2.20,1.20
2009.03.09 12:23:44.149,9.1786,9.182,1.20,1.20
2009.03.09 12:23:44.499,9.1782,9.182,1.20,1.20
2009.03.09 12:23:45.408,9.1773,9.182,2.20,1.20
2009.03.09 12:23:45.529,9.1786,9.182,1.20,1.20
2009.03.09 12:23:45.878,9.1782,9.182,1.20,1.20
2009.03.09 12:23:48.078,9.1784,9.182,1.20,1.20
2009.03.09 12:23:48.498,9.1773,9.1821,2.20,1.20
2009.03.09 12:23:48.828,9.1786,9.1825,1.20,1.20
2009.03.09 12:23:49.568,9.1781,9.182,1.20,1.20
2009.03.09 12:23:55.336,9.1789,9.182,1.20,1.20
2009.03.09 12:23:55.856,9.1785,9.1824,1.20,1.20
2009.03.09 12:23:59.455,9.1791,9.1828,1.20,1.20
2009.03.09 12:23:59.575,9.1781,9.1822,1.20,1.20
2009.03.09 12:24:00.185,9.177,9.1812,1.20,1.20
2009.03.09 12:24:00.935,9.17635,9.1805,1.00,1.20
2009.03.09 12:24:01.285,9.1767,9.1808,1.20,1.20
2009.03.09 12:24:03.794,9.1776,9.1813,1.20,1.20
2009.03.09 12:24:04.064,9.176,9.181,3.40,1.20
2009.03.09 12:24:04.294,9.177,9.181,1.20,1.20
2009.03.09 12:24:04.634,9.17575,9.1806,2.20,1.20
2009.03.09 12:24:12.732,9.1767,9.1802,1.20,1.20
2009.03.09 12:24:12.902,9.17565,9.1803,2.20,1.20
2009.03.09 12:24:13.712,9.17555,9.1801,2.20,1.20
2009.03.09 12:24:14.171,9.17605,9.1807,2.20,1.20
2009.03.09 12:24:15.571,9.17605,9.1808,2.20,1.20
2009.03.09 12:24:16.201,9.1769,9.1808,1.20,1.20
2009.03.09 12:24:16.321,9.17585,9.1807,2.20,1.20
2009.03.09 12:24:17.081,9.1772,9.1808,1.20,1.20
2009.03.09 12:24:18.361,9.17705,9.1802,1.00,1.20
2009.03.09 12:24:18.650,9.17555,9.1801,2.20,1.20
2009.03.09 12:24:20.451,9.17575,9.1802,2.20,1.20
2009.03.09 12:24:24.689,9.1774,9.1806,1.20,1.20
2009.03.09 12:24:25.209,9.1774,9.1822,1.20,1.20
2009.03.09 12:24:31.277,9.17605,9.1819,2.20,1.20
2009.03.09 12:24:39.305,9.17725,9.183,2.20,1.20
2009.03.09 12:24:40.285,9.17725,9.1833,2.20,1.20
2009.03.09 12:24:40.445,9.17755,9.1833,2.20,1.20
2009.03.09 12:24:44.234,9.17755,9.1834,2.20,1.20
2009.03.09 12:24:45.944,9.17755,9.183,2.20,1.20
2009.03.09 12:24:46.124,9.17725,9.183,2.20,1.20
2009.03.09 12:24:49.243,9.177,9.183,2.20,1.20
2009.03.09 12:24:49.414,9.177,9.1827,2.20,1.20
2009.03.09 12:24:52.472,9.178,9.1828,1.20,1.20
2009.03.09 12:24:52.872,9.1783,9.1832,1.20,1.20
2009.03.09 12:24:53.402,9.17745,9.1832,2.20,1.20
2009.03.09 12:24:53.702,9.1787,9.1835,1.20,1.20
2009.03.09 12:25:01.890,9.1788,9.1835,1.20,1.20
2009.03.09 12:25:13.487,9.1785,9.1807,1.20,1.20
2009.03.09 12:25:14.997,9.1781,9.1803,1.20,1.20
2009.03.09 12:25:19.146,9.1765,9.1803,3.40,1.20
2009.03.09 12:25:19.665,9.1775,9.1803,1.20,1.20
2009.03.09 12:25:20.006,9.1772,9.1803,1.20,1.20
2009.03.09 12:25:25.104,9.177,9.1803,2.00,1.20
2009.03.09 12:25:25.214,9.177,9.1803,1.20,1.20
2009.03.09 12:25:25.374,9.17585,9.1803,2.20,1.20
2009.03.09 12:25:25.496,9.1772,9.1803,1.20,1.20
2009.03.09 12:25:27.434,9.17675,9.1803,2.20,1.20
2009.03.09 12:25:27.704,9.1779,9.1803,1.20,1.20
2009.03.09 12:25:27.933,9.1775,9.1803,1.20,1.20
2009.03.09 12:25:28.454,9.1766,9.1803,2.20,1.20
2009.03.09 12:25:28.803,9.1779,9.1803,1.20,1.20
2009.03.09 12:25:31.783,9.177,9.1803,2.20,1.20
2009.03.09 12:25:32.054,9.1783,9.1803,1.20,1.20
2009.03.09 12:25:34.642,9.1773,9.1803,3.40,1.20
2009.03.09 12:25:34.762,9.1783,9.1803,1.20,1.20
2009.03.09 12:25:40.701,9.1788,9.1803,1.20,1.20
2009.03.09 12:25:43.380,9.1794,9.1803,1.20,1.20
2009.03.09 12:25:43.650,9.179,9.1803,1.20,1.20
2009.03.09 12:25:44.730,9.1796,9.1803,1.20,1.20
2009.03.09 12:25:47.769,9.1791,9.1803,2.20,1.20
2009.03.09 12:25:48.059,9.1791,9.1858,2.20,1.20
2009.03.09 12:25:48.719,9.17885,9.1858,2.20,1.20
2009.03.09 12:25:49.169,9.17915,9.1858,2.20,1.20
2009.03.09 12:25:49.679,9.1799,9.1823,1.00,1.20
2009.03.09 12:25:50.308,9.1785,9.1823,2.20,1.20
2009.03.09 12:25:50.538,9.17925,9.1823,1.00,1.20
2009.03.09 12:25:50.820,9.1782,9.1812,2.20,1.20
2009.03.09 12:25:50.998,9.1782,9.1816,2.20,1.20
2009.03.09 12:25:51.448,9.1785,9.1819,2.20,1.20
2009.03.09 12:25:51.948,9.17845,9.1816,2.20,1.20
2009.03.09 12:25:54.387,9.1787,9.1819,2.20,1.20
2009.03.09 12:25:55.597,9.17915,9.1819,2.20,1.20
2009.03.09 12:25:55.827,9.17885,9.1819,2.20,1.20
2009.03.09 12:25:58.956,9.1781,9.1815,2.20,1.20
2009.03.09 12:26:09.694,9.17885,9.1815,1.00,1.20
2009.03.09 12:26:09.794,9.17885,9.1822,1.00,4.80
2009.03.09 12:26:09.974,9.1764,9.1813,8.00,3.20
2009.03.09 12:26:10.083,9.17555,9.1813,1.60,11.20
2009.03.09 12:26:10.563,9.17555,9.1782,1.60,1.20
2009.03.09 12:26:12.003,9.17595,9.1776,1.60,1.20
2009.03.09 12:26:14.212,9.17595,9.1777,1.60,1.20
2009.03.09 12:26:14.432,9.17595,9.1781,1.60,1.20
2009.03.09 12:26:15.042,9.17595,9.1813,1.60,1.20
2009.03.09 12:26:15.162,9.17605,9.1813,1.60,1.20
2009.03.09 12:26:15.892,9.17605,9.1817,1.60,1.20
2009.03.09 12:26:16.582,9.17605,9.1824,1.60,1.60
2009.03.09 12:26:16.762,9.17605,9.1789,1.60,1.20
2009.03.09 12:26:16.872,9.17605,9.1781,1.60,1.20
2009.03.09 12:26:18.092,9.17285,9.1777,1.60,1.20
2009.03.09 12:26:18.321,9.17275,9.1777,2.20,1.20
2009.03.09 12:26:24.890,9.1731,9.1777,2.20,1.20
2009.03.09 12:26:29.869,9.17285,9.1777,2.20,1.20
2009.03.09 12:26:30.329,9.17285,9.1773,2.20,1.20
2009.03.09 12:26:31.129,9.1722,9.1766,3.00,1.20
2009.03.09 12:26:31.239,9.1722,9.1766,2.20,1.20
2009.03.09 12:26:33.168,9.1719,9.1766,2.20,1.20
2009.03.09 12:26:33.388,9.1719,9.1768,2.20,1.20
2009.03.09 12:26:33.498,9.17325,9.1768,6.60,1.20
2009.03.09 12:26:36.687,9.1735,9.1791,1.20,1.00
2009.03.09 12:26:36.857,9.1738,9.18125,1.20,1.40
2009.03.09 12:26:37.507,9.1739,9.18125,8.00,1.40
2009.03.09 12:26:37.857,9.1742,9.18125,1.20,1.40
2009.03.09 12:26:41.916,9.1739,9.1807,8.00,1.20
2009.03.09 12:26:42.086,9.1735,9.1807,1.20,1.20
2009.03.09 12:26:42.486,9.1739,9.1808,1.20,1.60
2009.03.09 12:26:42.686,9.1739,9.18075,1.20,1.40
2009.03.09 12:26:44.116,9.1742,9.18075,1.20,1.40
2009.03.09 12:26:44.285,9.1736,9.18075,1.20,1.40
2009.03.09 12:26:44.735,9.1742,9.18055,1.20,1.40
2009.03.09 12:26:44.906,9.1736,9.18055,1.20,1.40
2009.03.09 12:26:45.135,9.1742,9.18055,1.20,1.40
2009.03.09 12:26:45.515,9.1736,9.1798,1.20,1.40
2009.03.09 12:26:45.945,9.1742,9.1798,1.20,1.40
2009.03.09 12:26:52.264,9.1739,9.1798,1.20,1.40
2009.03.09 12:26:54.283,9.1742,9.1798,1.20,1.40
2009.03.09 12:26:55.563,9.1738,9.1783,1.20,1.20
2009.03.09 12:26:55.623,9.1727,9.1783,2.20,1.20
2009.03.09 12:26:55.683,9.173,9.1787,3.40,1.20
2009.03.09 12:26:59.352,9.17365,9.1783,2.20,1.20
2009.03.09 12:26:59.812,9.17365,9.1786,2.20,1.20
2009.03.09 12:27:00.502,9.17395,9.1786,2.20,1.20
2009.03.09 12:27:01.121,9.17395,9.179,2.20,1.20
2009.03.09 12:27:01.341,9.1744,9.179,2.20,1.20
2009.03.09 12:27:01.761,9.1741,9.179,2.20,1.20
2009.03.09 12:27:02.032,9.1751,9.18,1.20,1.40
2009.03.09 12:27:02.261,9.1755,9.18,1.20,1.40
2009.03.09 12:27:03.371,9.1757,9.1809,1.20,1.40
2009.03.09 12:27:04.011,9.1753,9.1809,1.20,1.40
2009.03.09 12:27:04.651,9.1757,9.1807,1.20,1.40
2009.03.09 12:27:06.140,9.175,9.1807,1.20,1.40
2009.03.09 12:27:07.510,9.175,9.1824,1.20,1.20
2009.03.09 12:27:07.840,9.17455,9.1824,1.60,1.20
2009.03.09 12:27:08.670,9.17485,9.1822,1.60,1.20
2009.03.09 12:27:09.360,9.175,9.1822,1.20,1.20
2009.03.09 12:27:17.338,9.1753,9.18155,1.20,1.40
2009.03.09 12:27:18.077,9.1753,9.18185,1.20,1.40
2009.03.09 12:27:18.537,9.175,9.1816,1.20,1.60
2009.03.09 12:27:18.758,9.1746,9.1816,1.20,1.00
2009.03.09 12:27:19.147,9.175,9.18185,1.20,1.40
2009.03.09 12:27:19.387,9.175,9.18225,1.20,2.40
2009.03.09 12:27:20.367,9.175,9.1822,1.20,1.20
2009.03.09 12:27:21.567,9.1746,9.1816,1.20,1.20
2009.03.09 12:27:21.627,9.1746,9.1816,1.20,1.60
2009.03.09 12:27:21.857,9.175,9.1822,1.20,1.20
2009.03.09 12:27:22.096,9.175,9.1816,1.20,1.20
2009.03.09 12:27:22.317,9.1747,9.1816,1.20,1.00
2009.03.09 12:27:22.486,9.1747,9.1816,1.20,1.60
2009.03.09 12:27:22.846,9.1747,9.182,1.20,1.20
2009.03.09 12:27:23.276,9.1751,9.18225,1.20,1.60
2009.03.09 12:27:23.886,9.1749,9.18225,1.60,1.60
2009.03.09 12:27:24.586,9.1749,9.1822,1.60,1.20
2009.03.09 12:27:24.866,9.1753,9.18225,1.60,1.60
2009.03.09 12:27:25.166,9.1753,9.1824,1.60,1.20
2009.03.09 12:27:25.446,9.1753,9.1844,1.60,1.20
2009.03.09 12:27:25.736,9.17515,9.1845,1.60,1.60
2009.03.09 12:27:26.135,9.1751,9.1845,1.60,1.60
2009.03.09 12:27:29.115,9.1751,9.18405,1.60,1.20
2009.03.09 12:27:29.515,9.1758,9.18405,1.20,1.20
2009.03.09 12:27:29.914,9.1755,9.1817,8.00,1.20
2009.03.09 12:27:30.084,9.1751,9.1817,1.60,1.20
2009.03.09 12:27:31.994,9.1751,9.1809,1.60,1.20
2009.03.09 12:27:32.324,9.1751,9.1813,1.60,1.20
2009.03.09 12:27:34.133,9.17495,9.1817,1.60,1.20
2009.03.09 12:27:35.284,9.1757,9.1817,1.20,1.20
2009.03.09 12:27:38.122,9.1745,9.1817,2.80,1.20
2009.03.09 12:27:38.812,9.1755,9.1817,1.20,1.20
2009.03.09 12:27:40.392,9.1742,9.1813,2.20,1.20
2009.03.09 12:27:44.391,9.17585,9.1813,1.60,1.20
2009.03.09 12:27:44.561,9.17585,9.1812,1.60,1.20
2009.03.09 12:27:44.801,9.17605,9.1812,1.60,1.20
2009.03.09 12:27:45.041,9.174,9.1812,2.20,1.20
2009.03.09 12:27:45.871,9.17405,9.1812,1.60,1.20
2009.03.09 12:27:48.600,9.1744,9.1812,2.20,1.20
2009.03.09 12:27:49.000,9.17415,9.1808,1.60,1.20
2009.03.09 12:27:49.181,9.17425,9.1808,2.20,1.20
2009.03.09 12:27:49.400,9.17425,9.1812,2.20,1.20
2009.03.09 12:27:49.920,9.17455,9.1812,2.20,1.20
2009.03.09 12:27:50.320,9.1759,9.1846,1.20,1.40
2009.03.09 12:27:50.620,9.176,9.1846,8.00,1.40
2009.03.09 12:27:52.229,9.1762,9.1838,8.00,1.40
2009.03.09 12:27:52.789,9.1765,9.1841,1.20,1.40
2009.03.09 12:27:52.969,9.1761,9.1841,1.20,1.40
2009.03.09 12:27:53.129,9.1765,9.18525,1.60,1.60
2009.03.09 12:27:54.319,9.1765,9.1844,1.60,1.60
2009.03.09 12:27:54.669,9.17645,9.1804,1.60,1.20
2009.03.09 12:27:55.059,9.1771,9.1804,1.60,1.20
2009.03.09 12:27:56.388,9.1767,9.1794,1.60,1.20
2009.03.09 12:27:57.388,9.174,9.1794,3.40,1.20
2009.03.09 12:27:59.398,9.1747,9.1798,3.40,1.20
2009.03.09 12:28:01.527,9.17515,9.1798,2.20,1.20
2009.03.09 12:28:01.647,9.17515,9.18,2.20,1.20
2009.03.09 12:28:02.027,9.17515,9.1802,2.20,1.20
2009.03.09 12:28:02.307,9.1754,9.1802,2.20,1.20
2009.03.09 12:28:02.587,9.1754,9.1809,2.20,1.20
2009.03.09 12:28:02.887,9.1767,9.1809,8.00,1.20
2009.03.09 12:28:03.177,9.1768,9.18395,1.20,1.40
2009.03.09 12:28:04.036,9.1771,9.18395,1.20,1.40
2009.03.09 12:28:04.386,9.1771,9.1837,1.20,1.40
2009.03.09 12:28:05.626,9.1778,9.1866,1.60,2.40
2009.03.09 12:28:08.415,9.1779,9.18555,1.60,1.60
2009.03.09 12:28:10.065,9.1778,9.18555,1.60,1.60
2009.03.09 12:28:10.565,9.1778,9.1854,1.60,1.20
2009.03.09 12:28:10.795,9.1779,9.1854,1.60,1.00
2009.03.09 12:28:10.965,9.1779,9.18545,1.60,1.20
2009.03.09 12:28:11.185,9.1779,9.1855,1.60,1.20
2009.03.09 12:28:11.644,9.1778,9.1855,1.60,1.20
2009.03.09 12:28:15.373,9.1778,9.18545,1.60,1.20
2009.03.09 12:28:15.554,9.1778,9.18545,1.60,1.60
2009.03.09 12:28:15.724,9.178,9.18545,1.60,1.60
2009.03.09 12:28:19.013,9.17815,9.18545,1.60,1.60
2009.03.09 12:28:19.243,9.17815,9.18545,1.60,1.00
2009.03.09 12:28:19.523,9.17815,9.18615,1.60,1.60
2009.03.09 12:28:19.762,9.1783,9.18615,1.60,1.00
2009.03.09 12:28:20.043,9.1783,9.1862,1.60,1.00
2009.03.09 12:28:20.383,9.17835,9.1862,1.60,1.00
2009.03.09 12:28:22.403,9.17835,9.1862,1.60,1.60
2009.03.09 12:28:22.912,9.17835,9.1862,1.60,1.00
2009.03.09 12:28:23.142,9.1785,9.1862,1.60,1.00
2009.03.09 12:28:24.231,9.17835,9.1862,1.60,1.00
2009.03.09 12:28:32.720,9.17635,9.1829,2.20,1.20
2009.03.09 12:28:32.949,9.17635,9.1825,2.20,1.20
2009.03.09 12:28:38.588,9.17635,9.1823,2.20,1.20
2009.03.09 12:28:44.436,9.1757,9.1817,2.20,1.20
2009.03.09 12:28:46.266,9.17625,9.1819,2.20,1.20
2009.03.09 12:28:46.616,9.17625,9.1824,2.20,1.20
2009.03.09 12:28:46.846,9.17595,9.1824,2.20,1.20
2009.03.09 12:28:47.136,9.17595,9.182,2.20,1.20
2009.03.09 12:28:49.415,9.1773,9.1825,1.20,1.00
2009.03.09 12:28:52.874,9.1771,9.1825,1.20,1.00
2009.03.09 12:28:53.355,9.1759,9.1825,3.40,1.00
2009.03.09 12:28:54.064,9.17605,9.1825,2.20,1.00
2009.03.09 12:28:55.884,9.1773,9.1825,1.20,1.00
2009.03.09 12:28:59.283,9.17635,9.1825,2.20,1.00
2009.03.09 12:28:59.503,9.1777,9.1825,1.20,1.00
2009.03.09 12:29:00.423,9.1773,9.1825,1.20,1.00
2009.03.09 12:29:01.472,9.1779,9.1825,1.20,1.00
2009.03.09 12:29:02.193,9.1775,9.1825,1.20,1.00
2009.03.09 12:29:06.501,9.177,9.1827,1.20,1.00
2009.03.09 12:29:09.751,9.1771,9.1825,1.20,1.00
2009.03.09 12:29:10.670,9.1774,9.1825,1.20,1.00
2009.03.09 12:29:11.720,9.1774,9.1837,1.20,1.60
2009.03.09 12:29:12.060,9.17605,9.1837,2.20,1.60
2009.03.09 12:29:12.280,9.1772,9.1827,1.20,1.00
2009.03.09 12:29:13.911,9.1774,9.1837,1.20,1.60
2009.03.09 12:29:14.310,9.1771,9.1837,1.20,1.60
2009.03.09 12:29:18.058,9.1776,9.1827,1.20,1.00
2009.03.09 12:29:20.378,9.1768,9.1825,2.20,1.00
2009.03.09 12:29:20.608,9.178,9.1825,1.20,1.00
2009.03.09 12:29:21.288,9.1776,9.1825,1.20,1.00
2009.03.09 12:29:24.927,9.1768,9.1825,2.20,1.00
2009.03.09 12:29:25.386,9.178,9.1825,1.20,1.00
2009.03.09 12:29:26.436,9.1778,9.1825,1.20,1.00
2009.03.09 12:29:28.006,9.1765,9.1825,3.40,1.00
2009.03.09 12:29:30.325,9.1764,9.1825,3.40,1.00
2009.03.09 12:29:31.275,9.1767,9.1825,2.20,1.00
2009.03.09 12:29:31.485,9.1767,9.1825,3.40,1.00
2009.03.09 12:29:32.295,9.1764,9.1825,3.40,1.00
2009.03.09 12:29:36.064,9.1767,9.1825,2.20,1.00
2009.03.09 12:29:36.344,9.1776,9.1825,1.20,1.00
2009.03.09 12:29:41.633,9.1762,9.1825,3.40,1.00
2009.03.09 12:29:44.792,9.17675,9.1819,1.00,1.20
2009.03.09 12:29:44.972,9.1755,9.1824,3.40,1.20
2009.03.09 12:29:45.132,9.1769,9.1837,1.20,1.60
2009.03.09 12:29:47.041,9.1771,9.1827,1.20,1.00
2009.03.09 12:29:47.261,9.1767,9.1821,1.20,1.20
2009.03.09 12:29:57.839,9.17595,9.1824,2.20,1.20
2009.03.09 12:29:58.079,9.1767,9.1819,1.20,1.20
2009.03.09 12:29:58.659,9.1771,9.1839,1.20,1.60
2009.03.09 12:30:06.627,9.1771,9.1823,1.20,1.20
2009.03.09 12:30:06.787,9.1767,9.1823,1.20,1.20
2009.03.09 12:30:07.247,9.1771,9.1839,1.20,1.60
2009.03.09 12:30:08.006,9.177,9.1839,1.20,1.60
2009.03.09 12:30:10.646,9.1779,9.1835,1.20,1.60
2009.03.09 12:30:10.946,9.1772,9.1827,1.20,1.00
2009.03.09 12:30:11.165,9.1772,9.1821,1.20,1.20
2009.03.09 12:30:11.346,9.17535,9.1821,2.20,1.20
2009.03.09 12:30:12.275,9.1767,9.1839,1.20,1.60
2009.03.09 12:30:12.555,9.1774,9.1829,1.20,1.00
2009.03.09 12:30:13.065,9.17665,9.1829,2.20,1.00
2009.03.09 12:30:13.345,9.1764,9.1825,3.40,1.00
2009.03.09 12:30:13.615,9.1771,9.1819,1.20,1.20
2009.03.09 12:30:14.005,9.1767,9.1819,1.20,1.20
2009.03.09 12:30:14.445,9.1766,9.1812,1.20,1.20
2009.03.09 12:30:14.675,9.1763,9.1812,1.20,1.20
2009.03.09 12:30:15.024,9.1763,9.1819,1.20,1.20
2009.03.09 12:30:15.424,9.1763,9.1812,1.20,1.20
2009.03.09 12:30:15.755,9.1759,9.1812,1.20,1.20
2009.03.09 12:30:16.784,9.1766,9.1819,1.20,1.20
2009.03.09 12:30:17.064,9.1766,9.1812,1.20,1.20
2009.03.09 12:30:17.344,9.17455,9.1812,2.20,1.20
2009.03.09 12:30:17.694,9.1744,9.1812,2.20,1.20
2009.03.09 12:30:17.874,9.1755,9.1812,1.20,1.20
2009.03.09 12:30:18.224,9.1759,9.1819,1.20,1.20
2009.03.09 12:30:19.664,9.17555,9.1819,2.20,1.20
2009.03.09 12:30:19.963,9.1764,9.1819,1.20,1.20
2009.03.09 12:30:20.193,9.1761,9.1819,1.20,1.20
2009.03.09 12:30:20.423,9.1764,9.1819,1.20,1.20
2009.03.09 12:30:20.963,9.1761,9.1819,1.20,1.20
2009.03.09 12:30:21.193,9.17555,9.1819,2.20,1.20
2009.03.09 12:30:21.423,9.1764,9.1819,1.20,1.20
2009.03.09 12:30:23.573,9.1767,9.1819,1.20,1.20
2009.03.09 12:30:24.182,9.1763,9.1819,1.20,1.20
2009.03.09 12:30:25.312,9.1772,9.1825,1.20,1.00
2009.03.09 12:30:26.352,9.1774,9.1837,1.20,1.60
2009.03.09 12:30:26.712,9.1771,9.1837,1.20,1.60
2009.03.09 12:30:28.251,9.1774,9.1827,1.20,1.00
2009.03.09 12:30:29.441,9.178,9.1825,1.20,1.00
2009.03.09 12:30:29.711,9.1779,9.1825,1.20,1.00
2009.03.09 12:30:29.941,9.1775,9.1825,1.20,1.00
2009.03.09 12:30:30.981,9.1774,9.1837,1.20,1.60
2009.03.09 12:30:31.271,9.177,9.1837,1.20,1.60
2009.03.09 12:30:32.380,9.177,9.1827,1.20,1.00
2009.03.09 12:30:32.560,9.17545,9.1821,2.20,1.20
2009.03.09 12:30:32.800,9.177,9.1827,1.20,1.00
2009.03.09 12:30:33.310,9.177,9.1837,1.20,1.60
2009.03.09 12:30:33.600,9.1766,9.1837,1.20,1.60
2009.03.09 12:30:33.880,9.177,9.1827,1.20,1.00
2009.03.09 12:30:34.270,9.17545,9.1821,2.20,1.20
2009.03.09 12:30:37.949,9.1763,9.1819,1.20,1.20
2009.03.09 12:30:39.089,9.1766,9.1819,1.20,1.20
2009.03.09 12:30:41.018,9.1763,9.1819,1.20,1.20
2009.03.09 12:30:45.087,9.17555,9.1819,2.20,1.20
2009.03.09 12:30:45.267,9.1764,9.1819,1.20,1.20
2009.03.09 12:30:45.437,9.1761,9.1819,1.20,1.20
2009.03.09 12:30:46.397,9.17475,9.1812,2.20,1.20
2009.03.09 12:30:47.177,9.17505,9.1812,2.20,1.20
2009.03.09 12:30:47.587,9.1761,9.1819,1.20,1.20
2009.03.09 12:30:49.896,9.17475,9.1812,2.20,1.20
2009.03.09 12:30:50.076,9.1761,9.1819,1.20,1.20
2009.03.09 12:30:52.486,9.1746,9.181,2.20,1.20
2009.03.09 12:30:52.656,9.1757,9.1814,1.20,1.20
2009.03.09 12:30:53.016,9.1738,9.1807,4.00,1.20
2009.03.09 12:30:53.306,9.17395,9.1807,2.20,1.20
2009.03.09 12:30:53.575,9.17395,9.1808,2.20,1.20
2009.03.09 12:30:53.865,9.1751,9.1812,1.20,1.20
2009.03.09 12:30:54.215,9.174,9.1805,3.40,1.20
2009.03.09 12:30:54.615,9.1743,9.1812,3.40,1.20
2009.03.09 12:30:54.915,9.1757,9.1812,1.20,1.20
2009.03.09 12:30:56.055,9.1759,9.1806,1.20,1.00
2009.03.09 12:30:57.534,9.17385,9.1805,2.20,1.20
2009.03.09 12:30:58.554,9.1749,9.1805,1.20,1.20
2009.03.09 12:31:00.124,9.1743,9.1805,2.20,1.20
2009.03.09 12:31:00.363,9.1743,9.1806,3.40,1.00
2009.03.09 12:31:02.593,9.1745,9.1789,3.40,1.20
2009.03.09 12:31:03.393,9.1753,9.1789,1.20,1.20
2009.03.09 12:31:03.673,9.174,9.1785,3.40,1.20
2009.03.09 12:31:06.852,9.1751,9.1785,1.20,1.20
2009.03.09 12:31:07.142,9.17455,9.1785,2.20,1.20
2009.03.09 12:31:07.542,9.17505,9.1785,2.20,1.20
2009.03.09 12:31:07.822,9.1765,9.181,1.20,1.00
2009.03.09 12:31:08.572,9.1761,9.181,1.20,1.00
2009.03.09 12:31:14.300,9.176,9.1806,1.20,1.00
2009.03.09 12:31:14.570,9.1763,9.1806,1.20,1.00
2009.03.09 12:31:15.190,9.17505,9.1806,2.20,1.00
2009.03.09 12:31:15.540,9.1761,9.1806,1.20,1.00
2009.03.09 12:31:15.760,9.1753,9.1806,2.20,1.00
2009.03.09 12:31:15.990,9.1765,9.1806,1.20,1.00
2009.03.09 12:31:16.630,9.1761,9.1806,1.20,1.00
2009.03.09 12:31:19.699,9.17555,9.1806,2.20,1.00
2009.03.09 12:31:20.099,9.1765,9.1806,1.20,1.00
2009.03.09 12:31:21.668,9.1774,9.1806,1.20,1.00
2009.03.09 12:31:22.329,9.17695,9.1806,2.20,1.00
2009.03.09 12:31:22.668,9.17645,9.1806,2.20,1.00
2009.03.09 12:31:22.998,9.1776,9.1806,1.20,1.00
2009.03.09 12:31:23.968,9.1762,9.1806,3.40,1.00
2009.03.09 12:31:24.368,9.1776,9.1806,1.20,1.00
2009.03.09 12:31:24.647,9.178,9.1806,1.20,1.00
2009.03.09 12:31:24.988,9.17605,9.1806,2.20,1.00
2009.03.09 12:31:25.287,9.1774,9.1806,1.20,1.00
2009.03.09 12:31:25.898,9.176,9.1806,3.40,1.00
2009.03.09 12:31:26.807,9.17695,9.1806,2.20,1.00
2009.03.09 12:31:27.027,9.1767,9.1806,2.20,1.00
2009.03.09 12:31:27.317,9.1776,9.1806,1.20,1.00
2009.03.09 12:31:27.597,9.1762,9.1806,3.40,1.00
2009.03.09 12:31:27.947,9.1765,9.1806,2.20,1.00
2009.03.09 12:31:28.277,9.1769,9.1806,1.20,1.00
2009.03.09 12:31:28.557,9.1765,9.1806,1.20,1.00
2009.03.09 12:31:29.117,9.1763,9.1806,1.20,1.00
2009.03.09 12:31:29.396,9.176,9.1806,1.20,1.00
2009.03.09 12:31:29.736,9.1755,9.1806,2.20,1.00
2009.03.09 12:31:30.076,9.17595,9.1806,2.20,1.00
2009.03.09 12:31:30.497,9.17625,9.1806,2.20,1.00
2009.03.09 12:31:30.786,9.1769,9.1806,1.20,1.00
2009.03.09 12:31:31.356,9.1765,9.1806,1.20,1.00
2009.03.09 12:31:33.615,9.176,9.1806,1.20,1.00
2009.03.09 12:31:35.106,9.1767,9.1806,1.20,1.00
2009.03.09 12:31:35.405,9.1763,9.1806,1.20,1.00
2009.03.09 12:31:35.735,9.17555,9.1806,2.20,1.00
2009.03.09 12:31:36.015,9.1765,9.1806,1.20,1.00
2009.03.09 12:31:36.416,9.176,9.1806,2.20,1.00
2009.03.09 12:31:36.585,9.1769,9.1806,1.20,1.00
2009.03.09 12:31:37.195,9.17575,9.1806,2.20,1.00
2009.03.09 12:31:37.365,9.1765,9.1806,1.20,1.00
2009.03.09 12:31:37.875,9.1769,9.1806,1.20,1.00
2009.03.09 12:31:38.514,9.1767,9.1806,1.20,1.00
2009.03.09 12:31:38.854,9.17505,9.1806,2.20,1.00
2009.03.09 12:31:39.185,9.1761,9.1806,1.20,1.00
2009.03.09 12:31:41.384,9.17555,9.1806,2.20,1.00
2009.03.09 12:31:41.734,9.1765,9.1806,1.20,1.00
2009.03.09 12:31:42.583,9.1761,9.1806,1.20,1.00
2009.03.09 12:31:42.883,9.17595,9.1806,2.20,1.00
2009.03.09 12:31:43.464,9.1768,9.1806,1.20,1.00
2009.03.09 12:31:44.223,9.17605,9.1806,2.20,1.00
2009.03.09 12:31:44.563,9.1772,9.1806,1.20,1.00
2009.03.09 12:31:44.913,9.1768,9.1806,1.20,1.00
2009.03.09 12:31:46.882,9.17545,9.1806,2.20,1.00
2009.03.09 12:31:47.333,9.17575,9.1806,2.20,1.00
2009.03.09 12:31:47.502,9.1768,9.1806,1.20,1.00
2009.03.09 12:31:48.432,9.1765,9.1806,2.20,1.00
2009.03.09 12:31:48.882,9.1767,9.1806,3.40,1.00
2009.03.09 12:31:50.112,9.1779,9.1806,1.20,1.00
2009.03.09 12:31:51.141,9.1782,9.1806,1.20,1.00
2009.03.09 12:31:52.831,9.1775,9.1837,1.20,1.20
2009.03.09 12:31:53.123,9.1775,9.1833,1.20,1.20
2009.03.09 12:31:53.351,9.17635,9.1833,2.20,1.20
2009.03.09 12:31:54.820,9.1779,9.185,1.20,2.00
2009.03.09 12:31:58.669,9.1781,9.1838,1.20,1.20
2009.03.09 12:31:58.889,9.17635,9.1831,2.20,1.20
2009.03.09 12:32:00.439,9.176,9.1829,3.40,1.20
2009.03.09 12:32:00.790,9.17635,9.1841,2.20,2.00
2009.03.09 12:32:01.019,9.1772,9.1841,1.20,2.00
2009.03.09 12:32:01.499,9.1758,9.1831,3.40,1.20
2009.03.09 12:32:01.779,9.1777,9.1838,1.20,1.20
2009.03.09 12:32:06.268,9.1778,9.1836,1.20,1.20
2009.03.09 12:32:08.537,9.1781,9.1836,1.20,1.20
2009.03.09 12:32:13.346,9.1778,9.1836,1.20,1.20
2009.03.09 12:32:14.935,9.1778,9.1835,1.20,1.20
2009.03.09 12:32:15.266,9.1795,9.1838,1.20,1.20
2009.03.09 12:32:16.795,9.1795,9.1834,1.20,1.20
2009.03.09 12:32:19.844,9.1789,9.1829,1.20,1.20
2009.03.09 12:32:20.084,9.176,9.1828,3.40,1.20
2009.03.09 12:32:22.114,9.17695,9.1828,2.20,1.20
2009.03.09 12:32:22.354,9.1779,9.1832,1.20,1.20
2009.03.09 12:32:22.754,9.1779,9.1836,1.20,1.20
2009.03.09 12:32:23.494,9.1781,9.181,1.20,1.00
2009.03.09 12:32:23.843,9.1782,9.184,1.20,1.20
2009.03.09 12:32:25.603,9.1803,9.1846,1.20,1.00
2009.03.09 12:32:25.713,9.1803,9.1847,1.20,1.20
2009.03.09 12:32:26.043,9.1803,9.1846,1.20,1.20
2009.03.09 12:32:31.382,9.1814,9.1854,1.20,1.20
2009.03.09 12:32:31.722,9.1804,9.185,1.20,1.20
2009.03.09 12:32:36.160,9.17785,9.1842,1.60,1.20
2009.03.09 12:32:36.380,9.1774,9.1842,2.20,1.20
2009.03.09 12:32:36.610,9.17745,9.1843,2.20,1.20
2009.03.09 12:32:37.970,9.17795,9.1837,2.20,1.20
2009.03.09 12:32:38.310,9.1777,9.1842,2.20,1.20
2009.03.09 12:32:38.710,9.1777,9.1841,2.20,1.20
2009.03.09 12:32:39.360,9.17795,9.1843,2.20,1.20
2009.03.09 12:32:40.720,9.1774,9.1837,2.20,1.20
2009.03.09 12:32:40.950,9.1784,9.1852,1.20,1.20
2009.03.09 12:32:41.289,9.178,9.1852,2.20,1.20
2009.03.09 12:32:41.569,9.1791,9.1873,1.20,2.00
2009.03.09 12:32:41.859,9.1798,9.1869,1.20,2.00
2009.03.09 12:32:42.149,9.1799,9.1869,1.20,1.20
2009.03.09 12:32:44.109,9.179,9.1876,2.20,2.00
2009.03.09 12:32:45.978,9.1792,9.1862,2.20,1.20
2009.03.09 12:32:54.206,9.1792,9.1873,2.20,2.00
2009.03.09 12:32:54.486,9.17975,9.1863,2.20,1.20
2009.03.09 12:32:54.836,9.17975,9.1867,2.20,1.20
2009.03.09 12:32:55.956,9.18015,9.1865,2.20,1.20
2009.03.09 12:32:57.855,9.1804,9.1881,2.20,2.00
2009.03.09 12:32:58.085,9.1804,9.1873,2.20,1.20
2009.03.09 12:32:58.735,9.18085,9.18735,2.20,1.00
2009.03.09 12:32:59.075,9.18085,9.1872,2.20,1.20
2009.03.09 12:33:00.195,9.18035,9.1872,2.20,1.20
2009.03.09 12:33:00.415,9.1806,9.1871,2.20,1.20
2009.03.09 12:33:00.934,9.17945,9.1871,3.60,1.20
2009.03.09 12:33:01.205,9.17945,9.1856,3.60,1.20
2009.03.09 12:33:01.444,9.17945,9.1856,2.20,1.20
2009.03.09 12:33:03.684,9.18025,9.1859,2.20,1.20
2009.03.09 12:33:04.074,9.181,9.1859,1.00,1.20
2009.03.09 12:33:04.354,9.181,9.1859,1.00,1.20
2009.03.09 12:33:04.654,9.17975,9.1859,2.20,1.20
2009.03.09 12:33:05.334,9.18005,9.1859,2.20,1.20
2009.03.09 12:33:06.673,9.18025,9.1852,2.20,1.20
2009.03.09 12:33:06.843,9.18025,9.1859,2.20,1.20
2009.03.09 12:33:07.283,9.18025,9.1856,2.20,1.20
2009.03.09 12:33:07.633,9.18015,9.1859,2.20,1.20
2009.03.09 12:33:08.094,9.18015,9.1856,2.20,1.20
2009.03.09 12:33:08.453,9.1803,9.1856,2.20,1.20
2009.03.09 12:33:08.903,9.1809,9.1856,1.00,1.20
2009.03.09 12:33:09.072,9.1795,9.1856,2.20,1.20
2009.03.09 12:33:09.302,9.1795,9.1852,2.20,1.20
2009.03.09 12:33:12.622,9.17975,9.1845,1.00,1.20
2009.03.09 12:33:12.901,9.179,9.1839,2.20,1.20
2009.03.09 12:33:13.131,9.17975,9.1839,1.00,1.20
2009.03.09 12:33:13.582,9.17805,9.1841,2.20,1.20
2009.03.09 12:33:15.101,9.1785,9.1845,2.20,1.20
2009.03.09 12:33:16.361,9.1782,9.1839,3.00,1.20
2009.03.09 12:33:16.591,9.1782,9.1839,2.20,1.20
2009.03.09 12:33:16.760,9.1787,9.1852,2.20,1.00
2009.03.09 12:33:17.051,9.1787,9.1853,2.20,1.20
2009.03.09 12:33:17.170,9.1788,9.1857,2.20,1.20
2009.03.09 12:33:17.341,9.1788,9.1853,2.20,1.20
2009.03.09 12:33:18.300,9.1788,9.1855,2.20,1.20
2009.03.09 12:33:18.580,9.179,9.1856,2.20,2.00
2009.03.09 12:33:18.990,9.17825,9.1849,2.20,1.20
2009.03.09 12:33:19.350,9.17855,9.1863,2.20,2.00
2009.03.09 12:33:20.410,9.17855,9.1852,2.20,1.20
2009.03.09 12:33:21.270,9.17895,9.1853,2.20,1.20
2009.03.09 12:33:21.439,9.17895,9.1867,2.20,2.00
2009.03.09 12:33:24.849,9.17865,9.1857,2.20,1.20
2009.03.09 12:33:25.138,9.17865,9.1853,2.20,1.20
2009.03.09 12:33:25.419,9.17865,9.1852,2.20,1.20
2009.03.09 12:33:29.518,9.1823,9.1852,1.20,1.20
2009.03.09 12:33:29.747,9.17925,9.1852,1.60,1.20
2009.03.09 12:33:29.918,9.1797,9.1852,1.00,1.20
2009.03.09 12:33:30.037,9.17825,9.1852,2.20,1.20
2009.03.09 12:33:36.386,9.1815,9.1857,1.20,1.20
2009.03.09 12:33:39.565,9.1819,9.185,1.20,1.20
2009.03.09 12:33:39.785,9.1789,9.185,1.60,1.20
2009.03.09 12:33:40.065,9.17825,9.185,2.20,1.20
2009.03.09 12:33:42.814,9.1784,9.185,2.20,1.20
2009.03.09 12:33:43.094,9.1784,9.1847,2.20,1.20
2009.03.09 12:33:43.384,9.17855,9.185,2.20,1.20
2009.03.09 12:33:43.844,9.1787,9.185,2.20,1.20
2009.03.09 12:33:48.413,9.1787,9.1843,2.20,1.20
2009.03.09 12:33:48.583,9.17815,9.1843,2.80,1.20
2009.03.09 12:33:48.863,9.1783,9.1847,2.20,1.20
2009.03.09 12:33:49.372,9.1784,9.1847,2.20,1.20
2009.03.09 12:33:53.922,9.17785,9.1842,2.20,1.20
2009.03.09 12:33:58.111,9.1746,9.1832,2.20,1.20
2009.03.09 12:33:58.451,9.1755,9.1826,2.20,1.20
2009.03.09 12:33:58.901,9.17495,9.1823,2.20,1.20
2009.03.09 12:33:59.300,9.17545,9.1826,2.20,1.20
2009.03.09 12:33:59.590,9.1756,9.1826,2.20,1.20
2009.03.09 12:33:59.990,9.1763,9.1826,2.20,1.20
2009.03.09 12:34:00.330,9.1763,9.1836,2.20,1.20
2009.03.09 12:34:00.850,9.1764,9.1836,2.20,1.20
2009.03.09 12:34:01.070,9.1764,9.1839,2.20,1.20
2009.03.09 12:34:01.770,9.1765,9.1837,2.20,1.20
2009.03.09 12:34:02.059,9.1765,9.1834,2.20,1.20
2009.03.09 12:34:02.360,9.1755,9.1845,2.20,2.80
2009.03.09 12:34:02.700,9.1744,9.1811,2.20,1.20
2009.03.09 12:34:03.059,9.17515,9.1811,1.00,1.20
2009.03.09 12:34:03.439,9.1741,9.1809,2.20,1.20
2009.03.09 12:34:04.239,9.17485,9.1799,1.00,1.20
2009.03.09 12:34:04.519,9.17395,9.1795,2.20,1.20
2009.03.09 12:34:04.859,9.17395,9.1799,2.20,1.20
2009.03.09 12:34:05.149,9.1741,9.1799,2.20,1.20
2009.03.09 12:34:06.838,9.1746,9.1802,2.20,1.20
2009.03.09 12:34:07.068,9.17505,9.1802,2.20,1.20
2009.03.09 12:34:07.478,9.17505,9.1806,2.20,1.20
2009.03.09 12:34:08.778,9.1755,9.1809,2.20,1.20
2009.03.09 12:34:09.128,9.1752,9.1807,2.20,1.20
2009.03.09 12:34:09.418,9.17595,9.1806,1.00,1.20
2009.03.09 12:34:09.698,9.17455,9.1806,2.20,1.20
2009.03.09 12:34:11.317,9.1755,9.1801,1.00,1.20
2009.03.09 12:34:11.587,9.17425,9.18,2.20,1.20
2009.03.09 12:34:12.997,9.17425,9.1794,2.20,1.20
2009.03.09 12:34:13.517,9.1747,9.18,2.20,1.20
2009.03.09 12:34:14.607,9.1747,9.1805,2.20,1.20
2009.03.09 12:34:14.837,9.17545,9.18,1.00,1.20
2009.03.09 12:34:15.057,9.1747,9.18,2.20,1.20
2009.03.09 12:34:15.296,9.1752,9.18,1.00,1.20
2009.03.09 12:34:15.756,9.1742,9.18,2.20,1.20
2009.03.09 12:34:18.616,9.17445,9.18,2.20,1.20
2009.03.09 12:34:25.664,9.1752,9.1798,1.00,1.20
2009.03.09 12:34:25.724,9.1738,9.1798,2.20,1.20
2009.03.09 12:34:26.254,9.1741,9.1798,2.20,1.20
2009.03.09 12:34:26.364,9.1741,9.18,2.20,1.20
2009.03.09 12:34:31.193,9.1743,9.1798,2.20,1.20
2009.03.09 12:34:31.592,9.1743,9.18,2.20,1.20
2009.03.09 12:34:33.712,9.1743,9.1801,2.20,1.20
2009.03.09 12:34:39.021,9.17375,9.1795,2.20,1.20
2009.03.09 12:34:50.968,9.1733,9.1791,2.20,1.20
2009.03.09 12:34:51.837,9.1739,9.1791,2.20,1.20
2009.03.09 12:34:52.008,9.1739,9.1803,2.20,1.00
2009.03.09 12:34:52.118,9.1737,9.1807,2.20,1.20
2009.03.09 12:34:52.288,9.1737,9.1803,2.20,1.20
2009.03.09 12:34:54.407,9.17325,9.1801,2.20,1.20
2009.03.09 12:34:54.697,9.17325,9.1808,2.20,2.00
2009.03.09 12:34:58.286,9.1733,9.1794,2.20,1.20
2009.03.09 12:34:58.466,9.1733,9.1798,2.20,1.20
2009.03.09 12:34:59.256,9.1736,9.1801,2.20,1.20
2009.03.09 12:34:59.666,9.17405,9.1801,2.20,1.20
2009.03.09 12:34:59.836,9.17405,9.1805,2.20,1.20
2009.03.09 12:35:01.705,9.17435,9.1805,2.20,1.20
2009.03.09 12:35:01.995,9.17435,9.1808,2.20,1.20
2009.03.09 12:35:02.095,9.1738,9.1801,3.00,1.20
2009.03.09 12:35:02.215,9.1738,9.1801,2.20,1.20
2009.03.09 12:35:03.805,9.17405,9.1801,2.20,1.20
2009.03.09 12:35:04.084,9.17405,9.1805,2.20,1.20
2009.03.09 12:35:04.824,9.17435,9.1805,2.20,1.20
2009.03.09 12:35:05.314,9.17435,9.1808,2.20,1.20
2009.03.09 12:35:05.894,9.17475,9.1812,2.20,1.20
2009.03.09 12:35:06.164,9.17505,9.1812,2.20,1.20
2009.03.09 12:35:06.514,9.17505,9.1815,2.20,1.20
2009.03.09 12:35:06.684,9.17475,9.1812,2.20,1.20
2009.03.09 12:35:07.024,9.17445,9.1808,2.20,1.20
2009.03.09 12:35:07.694,9.17485,9.1801,1.00,1.20
2009.03.09 12:35:08.034,9.1736,9.1801,2.20,1.20
2009.03.09 12:35:08.723,9.1736,9.1794,2.20,1.20
2009.03.09 12:35:09.073,9.1735,9.1794,2.20,1.20
2009.03.09 12:35:09.373,9.1735,9.1793,2.20,1.20
2009.03.09 12:35:09.793,9.17365,9.1793,2.20,1.20
2009.03.09 12:35:10.123,9.17335,9.1793,2.20,1.20
2009.03.09 12:35:10.414,9.17335,9.179,2.20,1.20
2009.03.09 12:35:10.593,9.17395,9.1787,1.00,1.20
2009.03.09 12:35:10.833,9.17275,9.1787,2.20,1.20
2009.03.09 12:35:12.492,9.17265,9.1787,2.20,1.20
2009.03.09 12:35:12.672,9.17265,9.1783,2.20,1.20
2009.03.09 12:35:14.222,9.1722,9.1779,2.20,1.20
2009.03.09 12:35:14.812,9.17255,9.1779,2.20,1.20
2009.03.09 12:35:15.032,9.17255,9.1789,2.20,1.20
2009.03.09 12:35:15.422,9.17255,9.1788,2.20,1.20
2009.03.09 12:35:15.722,9.17285,9.1788,2.20,1.20
2009.03.09 12:35:16.002,9.17255,9.1792,2.20,1.20
2009.03.09 12:35:16.282,9.17255,9.1786,2.20,1.20
2009.03.09 12:35:20.441,9.1723,9.1786,2.20,1.20
2009.03.09 12:35:20.561,9.1723,9.1783,2.20,1.20
2009.03.09 12:35:34.867,9.17255,9.1783,2.20,1.20
2009.03.09 12:35:35.107,9.17255,9.1786,2.20,1.20
2009.03.09 12:35:35.327,9.17285,9.1791,2.20,1.20
2009.03.09 12:35:35.507,9.17255,9.1803,2.20,2.00
2009.03.09 12:35:35.797,9.17255,9.1789,2.20,1.20
2009.03.09 12:35:38.676,9.1723,9.1783,2.20,1.20
2009.03.09 12:35:38.906,9.17255,9.1787,2.20,1.20
2009.03.09 12:35:39.646,9.1723,9.1783,2.20,1.20
2009.03.09 12:35:40.146,9.17255,9.1787,2.20,1.20
2009.03.09 12:35:42.065,9.17285,9.1791,2.20,1.20
2009.03.09 12:35:44.405,9.17355,9.1798,2.20,1.20
2009.03.09 12:35:45.634,9.1733,9.1794,2.20,1.20
2009.03.09 12:35:55.132,9.1733,9.1804,2.20,1.20
2009.03.09 12:35:56.622,9.17335,9.1796,2.20,1.20
2009.03.09 12:35:57.362,9.174,9.1796,2.20,1.20
2009.03.09 12:35:57.472,9.174,9.1804,2.20,1.20
2009.03.09 12:35:57.811,9.1743,9.1807,2.20,1.20
2009.03.09 12:35:58.181,9.17405,9.1807,2.20,1.20
2009.03.09 12:35:58.291,9.1743,9.1807,2.20,1.20
2009.03.09 12:35:58.531,9.17405,9.1802,2.20,1.20
2009.03.09 12:36:04.970,9.17475,9.1809,2.20,1.20
2009.03.09 12:36:05.140,9.17445,9.1805,2.20,1.20
2009.03.09 12:36:05.590,9.17475,9.1802,2.20,1.20
2009.03.09 12:36:05.880,9.17405,9.1802,2.20,1.20
2009.03.09 12:36:06.260,9.17405,9.1809,2.20,1.20
2009.03.09 12:36:06.799,9.1747,9.1809,2.20,1.20
2009.03.09 12:36:07.329,9.1741,9.1802,2.20,1.20
2009.03.09 12:36:07.549,9.17405,9.1802,2.20,1.20
2009.03.09 12:36:07.729,9.17405,9.1809,2.20,1.20
2009.03.09 12:36:08.469,9.1747,9.1809,2.20,1.20
2009.03.09 12:36:09.419,9.175,9.1813,2.20,1.20
2009.03.09 12:36:10.409,9.17475,9.1825,2.20,2.00
2009.03.09 12:36:10.639,9.17445,9.1809,2.20,1.20
2009.03.09 12:36:11.318,9.17485,9.1809,1.00,1.20
2009.03.09 12:36:11.538,9.17385,9.1802,2.20,1.20
2009.03.09 12:36:11.718,9.17385,9.1802,2.20,1.20
2009.03.09 12:36:11.938,9.17385,9.1809,2.20,1.20
2009.03.09 12:36:13.588,9.17405,9.1802,2.20,1.20
2009.03.09 12:36:14.507,9.17375,9.1802,2.20,1.20
2009.03.09 12:36:14.907,9.17405,9.1802,2.20,1.20
2009.03.09 12:36:18.126,9.17375,9.1798,2.20,1.20
2009.03.09 12:36:18.287,9.17405,9.1798,2.20,1.20
2009.03.09 12:36:18.530,9.17405,9.1802,2.20,1.20
2009.03.09 12:36:18.887,9.17405,9.1809,2.20,1.20
2009.03.09 12:36:19.717,9.17405,9.1802,2.20,1.20
2009.03.09 12:36:20.066,9.17405,9.1809,2.20,1.20
2009.03.09 12:36:20.416,9.17405,9.1802,2.20,1.20
2009.03.09 12:36:24.015,9.17405,9.1805,2.20,1.20
2009.03.09 12:36:24.395,9.17405,9.1809,2.20,1.20
2009.03.09 12:36:24.735,9.1747,9.1809,2.20,1.20
2009.03.09 12:36:25.005,9.1747,9.1808,2.20,1.20
2009.03.09 12:36:25.415,9.17475,9.1809,2.20,1.20
2009.03.09 12:36:30.634,9.17505,9.1809,2.20,1.20
2009.03.09 12:36:30.983,9.17505,9.1813,2.20,1.20
2009.03.09 12:36:31.263,9.17575,9.1813,2.20,1.20
2009.03.09 12:36:31.433,9.17575,9.182,2.20,1.20
2009.03.09 12:36:31.604,9.1755,9.1816,2.20,1.20
2009.03.09 12:36:33.373,9.1752,9.1813,2.20,1.20
2009.03.09 12:36:35.393,9.17475,9.1825,2.20,2.00
2009.03.09 12:36:35.722,9.17475,9.1811,2.20,1.20
2009.03.09 12:36:36.172,9.17445,9.1811,2.20,1.20
2009.03.09 12:36:36.352,9.17445,9.181,2.20,1.20
2009.03.09 12:36:36.752,9.17445,9.1805,2.20,1.20
2009.03.09 12:36:40.411,9.1742,9.1807,2.20,1.20
2009.03.09 12:36:40.701,9.17375,9.1802,2.20,1.20
2009.03.09 12:36:41.041,9.1733,9.1798,3.80,1.20
2009.03.09 12:36:41.221,9.1733,9.1794,3.80,1.20
2009.03.09 12:36:41.331,9.1733,9.1794,2.20,1.20
2009.03.09 12:36:42.481,9.1733,9.1795,2.20,1.20
2009.03.09 12:36:42.751,9.1733,9.1799,2.20,1.20
2009.03.09 12:36:43.021,9.1736,9.1799,2.20,1.20
2009.03.09 12:36:43.691,9.17375,9.1799,2.20,1.20
2009.03.09 12:36:43.970,9.17405,9.1799,2.20,1.20
2009.03.09 12:36:44.300,9.17405,9.1802,2.20,1.20
2009.03.09 12:36:44.930,9.1736,9.1795,2.20,1.20
2009.03.09 12:36:45.390,9.1736,9.1799,2.20,1.20
2009.03.09 12:36:45.740,9.17305,9.1793,3.00,1.20
2009.03.09 12:36:46.100,9.17305,9.1791,2.20,1.20
2009.03.09 12:36:46.330,9.17255,9.1803,2.20,2.00
2009.03.09 12:36:46.670,9.17255,9.1789,2.20,1.20
2009.03.09 12:36:47.010,9.1723,9.1785,2.20,1.20
2009.03.09 12:36:48.549,9.1718,9.1783,1.20,1.20
2009.03.09 12:36:48.889,9.17075,9.1783,2.20,1.20
2009.03.09 12:36:49.129,9.17075,9.1771,2.20,1.20
2009.03.09 12:36:49.799,9.17025,9.1767,2.20,1.20
2009.03.09 12:36:50.129,9.1701,9.1764,2.20,1.20
2009.03.09 12:36:50.819,9.17065,9.1769,2.20,1.20
2009.03.09 12:36:51.099,9.1704,9.1765,2.20,1.20
2009.03.09 12:36:52.418,9.1707,9.1769,2.20,1.20
2009.03.09 12:36:53.588,9.1707,9.1768,2.20,1.20
2009.03.09 12:36:58.987,9.17105,9.1772,2.20,1.20
2009.03.09 12:37:00.267,9.1714,9.1772,2.20,1.20
2009.03.09 12:37:00.796,9.17115,9.1772,2.20,1.20
2009.03.09 12:37:01.146,9.17085,9.1768,2.20,1.20
2009.03.09 12:37:01.946,9.17045,9.1765,2.20,1.20
2009.03.09 12:37:02.396,9.1704,9.1772,2.20,1.20
2009.03.09 12:37:02.786,9.1704,9.1765,2.20,1.20
2009.03.09 12:37:03.556,9.17065,9.1768,2.20,1.20
2009.03.09 12:37:04.535,9.17105,9.1768,2.20,1.20
2009.03.09 12:37:04.826,9.1708,9.1768,2.20,1.20
2009.03.09 12:37:05.105,9.1711,9.1772,2.20,1.20
2009.03.09 12:37:05.345,9.1708,9.1772,2.20,1.20
2009.03.09 12:37:05.645,9.1711,9.1772,2.20,1.20
2009.03.09 12:37:06.655,9.1714,9.1775,2.20,1.20
2009.03.09 12:37:06.835,9.17085,9.1768,3.00,1.20
2009.03.09 12:37:06.995,9.1711,9.1772,2.20,1.20
2009.03.09 12:37:07.335,9.1708,9.1772,2.20,1.20
2009.03.09 12:37:07.395,9.1708,9.1768,2.20,1.20
2009.03.09 12:37:09.684,9.17035,9.1768,2.20,1.20
2009.03.09 12:37:09.864,9.17035,9.1765,2.20,1.20
2009.03.09 12:37:14.283,9.17105,9.1765,2.20,1.20
2009.03.09 12:37:14.903,9.1714,9.1777,2.20,1.20
2009.03.09 12:37:19.242,9.17185,9.178,2.20,1.20
2009.03.09 12:37:20.572,9.17155,9.1776,2.20,1.20
2009.03.09 12:37:20.981,9.17185,9.178,2.20,1.20
2009.03.09 12:37:21.321,9.17215,9.1783,2.20,1.20
2009.03.09 12:37:25.490,9.17185,9.1783,2.20,1.20
2009.03.09 12:37:25.840,9.17185,9.178,2.20,1.20
2009.03.09 12:37:33.500,9.17185,9.1779,2.20,1.20
2009.03.09 12:37:34.618,9.17155,9.1779,2.20,1.20
2009.03.09 12:37:34.918,9.17155,9.1775,2.20,1.20
2009.03.09 12:37:40.137,9.1702,9.1767,2.20,1.20
2009.03.09 12:37:40.437,9.1707,9.1768,2.20,1.20
2009.03.09 12:37:41.526,9.1707,9.1769,2.20,1.20
2009.03.09 12:37:42.426,9.17105,9.1773,2.20,1.20
2009.03.09 12:37:50.324,9.1714,9.1776,2.20,1.20
2009.03.09 12:37:59.052,9.1714,9.1775,2.20,1.20
2009.03.09 12:38:04.111,9.17135,9.1777,2.20,1.20
2009.03.09 12:38:04.781,9.1711,9.1774,2.20,1.20
2009.03.09 12:38:06.870,9.1714,9.1772,2.20,1.20
2009.03.09 12:38:06.980,9.1714,9.1775,2.20,1.20
2009.03.09 12:38:10.760,9.1721,9.1775,2.20,1.20
2009.03.09 12:38:10.929,9.1721,9.1785,2.20,1.20
2009.03.09 12:38:11.110,9.17185,9.1781,2.20,1.20
2009.03.09 12:38:11.509,9.17155,9.1781,2.20,1.20
2009.03.09 12:38:11.629,9.17155,9.1777,2.20,1.20
2009.03.09 12:38:12.089,9.1721,9.1775,2.20,1.20
2009.03.09 12:38:12.429,9.1721,9.1785,2.20,1.20
2009.03.09 12:38:12.779,9.17185,9.1781,2.20,1.20
2009.03.09 12:38:13.629,9.17155,9.1775,2.20,1.20
2009.03.09 12:38:13.679,9.1721,9.1775,2.20,1.20
2009.03.09 12:38:14.418,9.1721,9.1785,2.20,1.20
2009.03.09 12:38:15.219,9.17215,9.1785,2.20,1.20
2009.03.09 12:38:18.697,9.1728,9.1783,2.20,1.20
2009.03.09 12:38:19.038,9.1728,9.179,2.20,1.20
2009.03.09 12:38:19.327,9.17355,9.179,2.20,1.20
2009.03.09 12:38:19.607,9.17355,9.1797,2.20,1.20
2009.03.09 12:38:21.047,9.17405,9.1801,2.20,1.20
2009.03.09 12:38:22.307,9.1743,9.1805,2.20,1.20
2009.03.09 12:38:22.597,9.17375,9.1799,3.00,1.20
2009.03.09 12:38:22.947,9.17375,9.1799,2.20,1.20
2009.03.09 12:38:23.176,9.17375,9.1803,2.20,1.20
2009.03.09 12:38:23.457,9.17405,9.1803,2.20,1.20
2009.03.09 12:38:24.146,9.17375,9.1797,2.20,1.20
2009.03.09 12:38:30.155,9.17405,9.1801,2.20,1.20
2009.03.09 12:38:31.064,9.17405,9.1808,2.20,1.20
2009.03.09 12:38:32.554,9.1747,9.1808,2.20,1.20
2009.03.09 12:38:32.714,9.1745,9.1808,2.20,1.20
2009.03.09 12:38:32.995,9.1745,9.1805,2.20,1.20
2009.03.09 12:38:35.813,9.17475,9.1805,2.20,1.20
2009.03.09 12:38:35.993,9.17445,9.1805,2.20,1.20
2009.03.09 12:38:36.283,9.17475,9.1805,2.20,1.20
2009.03.09 12:38:36.444,9.17475,9.1808,2.20,1.20
2009.03.09 12:38:38.103,9.17445,9.1808,2.20,1.20
2009.03.09 12:38:38.283,9.17445,9.1805,2.20,1.20
2009.03.09 12:38:39.402,9.17385,9.1803,2.20,1.20
2009.03.09 12:38:41.862,9.17375,9.1803,2.20,1.20
2009.03.09 12:38:42.272,9.17375,9.1806,2.20,1.20
2009.03.09 12:38:44.571,9.17375,9.1807,2.20,1.20
2009.03.09 12:38:46.041,9.1744,9.1811,2.20,1.20
2009.03.09 12:38:46.211,9.1744,9.1807,2.20,1.20
2009.03.09 12:38:46.491,9.17375,9.1807,2.20,1.20
2009.03.09 12:38:53.589,9.1744,9.1811,2.20,1.20
2009.03.09 12:38:56.198,9.1745,9.1814,2.20,1.20
2009.03.09 12:38:56.818,9.17515,9.1818,2.20,1.20
2009.03.09 12:38:57.208,9.1745,9.1818,2.20,1.20
2009.03.09 12:38:57.978,9.1745,9.1814,2.20,1.20
2009.03.09 12:39:01.717,9.1745,9.1811,2.20,1.20
2009.03.09 12:39:01.768,9.17455,9.1811,2.20,1.20
2009.03.09 12:39:03.847,9.1745,9.1811,2.20,1.20
2009.03.09 12:39:04.086,9.1745,9.1814,2.20,1.20
2009.03.09 12:39:05.066,9.17455,9.1811,2.20,1.20
2009.03.09 12:39:07.856,9.1742,9.1811,2.20,1.20
2009.03.09 12:39:07.965,9.1742,9.1824,2.20,1.20
2009.03.09 12:39:08.306,9.17485,9.1827,2.20,1.20
2009.03.09 12:39:08.605,9.17465,9.1827,2.20,1.20
2009.03.09 12:39:08.826,9.17465,9.1824,2.20,1.20
2009.03.09 12:39:09.055,9.1745,9.1822,2.20,1.20
2009.03.09 12:39:09.745,9.175,9.1818,2.20,1.20
2009.03.09 12:39:10.205,9.17485,9.1818,2.20,1.20
2009.03.09 12:39:14.294,9.17455,9.1811,2.20,1.20
2009.03.09 12:39:17.513,9.17455,9.1818,2.20,1.20
2009.03.09 12:39:17.563,9.1751,9.1818,2.20,1.20
2009.03.09 12:39:18.363,9.1745,9.1814,2.20,1.20
2009.03.09 12:39:21.022,9.1745,9.1818,2.20,1.20
2009.03.09 12:39:21.262,9.17515,9.1818,2.20,1.20
2009.03.09 12:39:21.492,9.1752,9.1818,2.20,1.20
2009.03.09 12:39:21.952,9.1752,9.1822,2.20,1.20
2009.03.09 12:39:22.242,9.1753,9.1822,2.20,1.20
2009.03.09 12:39:22.422,9.1753,9.1818,2.20,1.20
2009.03.09 12:39:23.512,9.1743,9.1814,2.20,1.20
2009.03.09 12:39:24.042,9.17435,9.1814,2.20,1.20
2009.03.09 12:39:25.131,9.17435,9.1814,2.20,1.20
2009.03.09 12:39:26.581,9.175,9.1818,2.20,1.20
2009.03.09 12:39:29.630,9.17435,9.1818,2.20,1.20
2009.03.09 12:39:29.980,9.17435,9.1814,2.20,1.20
2009.03.09 12:39:44.716,9.17415,9.1814,2.20,1.20
2009.03.09 12:39:46.306,9.17475,9.1818,2.20,1.20
2009.03.09 12:39:46.476,9.1741,9.1818,2.20,1.20
2009.03.09 12:39:46.976,9.1741,9.1814,2.20,1.20
2009.03.09 12:39:47.156,9.17405,9.1814,2.20,1.20
2009.03.09 12:39:56.884,9.1741,9.1811,2.20,1.20
2009.03.09 12:39:57.404,9.17415,9.1811,2.20,1.20
2009.03.09 12:39:58.913,9.17475,9.1811,2.20,1.20
2009.03.09 12:39:59.153,9.174,9.1811,2.20,1.20
2009.03.09 12:40:01.832,9.174,9.181,2.20,1.20
2009.03.09 12:40:02.512,9.1747,9.1814,2.20,1.20
2009.03.09 12:40:03.072,9.17405,9.1814,2.20,1.20
2009.03.09 12:40:03.362,9.17405,9.181,2.20,1.20
2009.03.09 12:40:05.002,9.17465,9.181,2.20,1.20
2009.03.09 12:40:05.572,9.17465,9.182,2.20,1.20
2009.03.09 12:40:08.021,9.1747,9.1812,2.20,1.20
2009.03.09 12:40:08.311,9.17535,9.1816,2.20,1.20
2009.03.09 12:40:08.481,9.1747,9.1812,2.20,1.20
2009.03.09 12:40:08.782,9.17535,9.1816,2.20,1.20
2009.03.09 12:40:10.440,9.1747,9.1814,2.20,1.20
2009.03.09 12:40:10.720,9.1747,9.181,2.20,1.20
2009.03.09 12:40:11.380,9.17535,9.181,2.20,1.20
2009.03.09 12:40:11.770,9.17545,9.182,2.20,1.20
2009.03.09 12:40:12.060,9.1761,9.182,2.20,1.20
2009.03.09 12:40:12.240,9.17545,9.182,2.20,1.20
2009.03.09 12:40:12.410,9.1758,9.1823,2.20,1.20
2009.03.09 12:40:13.310,9.1757,9.1825,2.20,1.20
2009.03.09 12:40:13.590,9.1762,9.1825,2.20,1.20
2009.03.09 12:40:13.830,9.17585,9.1821,2.20,1.20
2009.03.09 12:40:14.059,9.17645,9.1825,2.20,1.20
2009.03.09 12:40:14.399,9.17645,9.1829,2.20,1.20
2009.03.09 12:40:14.749,9.17595,9.1825,2.20,1.20
2009.03.09 12:40:15.180,9.17605,9.1825,2.20,1.20
2009.03.09 12:40:15.469,9.1764,9.1838,2.20,1.20
2009.03.09 12:40:15.749,9.1761,9.1798,2.20,1.20
2009.03.09 12:40:15.969,9.17685,9.179,1.00,1.20
2009.03.09 12:40:16.239,9.1755,9.1783,2.20,1.20
2009.03.09 12:40:18.998,9.17645,9.1775,1.00,1.20
2009.03.09 12:40:19.288,9.176,9.1788,1.00,1.20
2009.03.09 12:40:19.518,9.17285,9.1791,2.20,1.20
2009.03.09 12:40:20.888,9.1733,9.1789,2.20,1.20
2009.03.09 12:40:21.228,9.17285,9.1786,2.20,1.20
2009.03.09 12:40:22.597,9.17315,9.1786,2.20,1.20
2009.03.09 12:40:22.947,9.17315,9.1789,2.20,1.20
2009.03.09 12:40:23.927,9.1737,9.1789,1.00,1.20
2009.03.09 12:40:24.287,9.1737,9.1782,1.00,1.20
2009.03.09 12:40:24.617,9.17245,9.1782,2.20,1.20
2009.03.09 12:40:25.297,9.1725,9.1782,2.20,1.20
2009.03.09 12:40:27.906,9.17225,9.1782,2.20,1.20
2009.03.09 12:40:28.236,9.17225,9.1778,2.20,1.20
2009.03.09 12:40:28.456,9.17255,9.1778,2.20,1.20
2009.03.09 12:40:28.636,9.17255,9.1782,2.20,1.20
2009.03.09 12:40:28.747,9.17225,9.1782,2.20,1.20
2009.03.09 12:40:29.358,9.17225,9.1778,2.20,1.20
2009.03.09 12:40:30.777,9.17255,9.1778,2.20,1.20
2009.03.09 12:40:30.996,9.17225,9.1778,2.20,1.20
2009.03.09 12:40:41.933,9.17255,9.1782,2.20,1.20
2009.03.09 12:40:42.233,9.17325,9.1789,2.20,1.20
2009.03.09 12:40:42.533,9.174,9.1793,2.20,1.20
2009.03.09 12:40:42.933,9.174,9.1797,2.20,1.20
2009.03.09 12:40:43.222,9.1737,9.1797,2.20,1.20
2009.03.09 12:40:43.512,9.1734,9.1791,2.20,1.20
2009.03.09 12:40:44.142,9.1734,9.1799,2.20,1.20
2009.03.09 12:40:45.283,9.173,9.1794,2.20,1.20
2009.03.09 12:40:45.872,9.1733,9.1794,2.20,1.20
2009.03.09 12:40:46.202,9.1733,9.1797,2.20,1.20
2009.03.09 12:40:46.542,9.1735,9.1797,2.20,1.20
2009.03.09 12:40:46.882,9.1734,9.1797,2.20,1.20
2009.03.09 12:40:48.881,9.17355,9.1797,2.20,1.20
2009.03.09 12:40:49.101,9.17355,9.1801,2.20,1.20
2009.03.09 12:40:49.461,9.1737,9.1801,2.20,1.20
2009.03.09 12:40:49.811,9.174,9.1805,2.20,1.20
2009.03.09 12:40:51.410,9.17415,9.1808,2.20,1.20
2009.03.09 12:40:51.750,9.1744,9.18325,1.20,1.20
2009.03.09 12:40:52.040,9.17455,9.18335,1.60,1.00
2009.03.09 12:40:52.371,9.175,9.1835,1.60,1.20
2009.03.09 12:40:52.660,9.175,9.1835,1.60,1.60
2009.03.09 12:40:53.170,9.17465,9.1835,1.60,1.20
2009.03.09 12:40:53.570,9.17465,9.183,1.60,1.20
2009.03.09 12:40:53.900,9.17515,9.18295,1.60,1.20
2009.03.09 12:40:54.280,9.1745,9.1824,1.60,1.20
2009.03.09 12:40:54.620,9.1745,9.1827,1.60,1.20
2009.03.09 12:40:54.970,9.1745,9.1829,1.60,1.00
2009.03.09 12:40:55.260,9.1744,9.183,1.60,1.60
2009.03.09 12:40:55.609,9.1744,9.18295,1.60,1.20
2009.03.09 12:40:56.629,9.1744,9.18395,1.60,1.60
2009.03.09 12:40:56.979,9.17465,9.18395,1.60,1.60
2009.03.09 12:40:57.459,9.17465,9.18385,1.60,1.20
2009.03.09 12:40:57.579,9.17525,9.18385,1.60,1.20
2009.03.09 12:40:58.209,9.1751,9.18365,1.60,1.20
2009.03.09 12:40:58.719,9.1751,9.18375,1.60,1.60
2009.03.09 12:41:01.029,9.1751,9.18365,1.60,1.20
2009.03.09 12:41:01.548,9.17525,9.18365,1.60,1.20
2009.03.09 12:41:01.778,9.1751,9.18365,1.60,1.20
2009.03.09 12:41:02.817,9.1751,9.18375,1.60,1.60
2009.03.09 12:41:04.947,9.17525,9.18375,1.60,1.60
2009.03.09 12:41:05.228,9.17525,9.18365,1.60,1.20
2009.03.09 12:41:05.507,9.1751,9.18375,1.60,1.60
2009.03.09 12:41:06.627,9.1748,9.1835,1.60,1.20
2009.03.09 12:41:07.147,9.1751,9.18375,1.60,1.60
2009.03.09 12:41:08.066,9.17485,9.18375,1.60,1.60
2009.03.09 12:41:10.646,9.1748,9.18375,1.60,1.60
2009.03.09 12:41:13.575,9.17465,9.18375,1.60,1.60
2009.03.09 12:41:13.755,9.17465,9.1831,1.60,1.60
2009.03.09 12:41:15.954,9.17415,9.1824,1.60,1.20
2009.03.09 12:41:16.175,9.17415,9.1823,1.60,1.20
2009.03.09 12:41:16.525,9.17355,9.1823,1.60,2.80
2009.03.09 12:41:16.694,9.17355,9.18165,1.60,1.60
2009.03.09 12:41:17.144,9.1731,9.18165,1.60,1.60
2009.03.09 12:41:18.794,9.17325,9.18165,1.60,1.60
2009.03.09 12:41:19.084,9.1731,9.18165,1.60,1.60
2009.03.09 12:41:25.272,9.17305,9.18165,1.60,1.60
2009.03.09 12:41:28.752,9.1726,9.18095,1.60,1.20
2009.03.09 12:41:28.922,9.1726,9.18095,1.60,1.60
2009.03.09 12:41:29.152,9.1726,9.18085,1.60,1.20
2009.03.09 12:41:29.501,9.17215,9.1808,1.60,1.20
2009.03.09 12:41:29.851,9.17215,9.18085,1.60,1.60
2009.03.09 12:41:30.511,9.17185,9.18085,1.60,1.60
2009.03.09 12:41:30.791,9.17215,9.18085,1.60,1.60
2009.03.09 12:41:31.481,9.17245,9.18075,1.60,1.20
2009.03.09 12:41:32.290,9.17245,9.18085,1.60,1.00
2009.03.09 12:41:32.620,9.17305,9.18145,1.60,1.60
2009.03.09 12:41:33.110,9.17335,9.18145,1.60,1.60
2009.03.09 12:41:34.360,9.1732,9.18145,1.60,1.60
2009.03.09 12:41:35.600,9.17305,9.18145,1.60,1.60
2009.03.09 12:41:41.299,9.1729,9.18145,1.60,1.60
2009.03.09 12:41:41.978,9.1729,9.18145,1.60,1.00
2009.03.09 12:41:42.148,9.1727,9.18155,1.60,1.60
2009.03.09 12:41:44.748,9.1728,9.18155,1.60,1.60
2009.03.09 12:41:45.107,9.17255,9.18155,1.60,1.60
2009.03.09 12:41:48.287,9.17245,9.18155,1.60,1.60
2009.03.09 12:41:51.156,9.17255,9.18155,1.60,1.60
2009.03.09 12:41:51.966,9.17265,9.18155,1.60,1.60
2009.03.09 12:41:58.464,9.1729,9.18155,1.60,1.60
2009.03.09 12:41:59.084,9.17295,9.18155,1.60,1.60
2009.03.09 12:41:59.254,9.17295,9.1815,1.60,1.20
2009.03.09 12:41:59.784,9.1728,9.1815,1.60,1.20
2009.03.09 12:42:00.334,9.1732,9.1815,1.60,1.20
2009.03.09 12:42:02.463,9.17295,9.1815,1.60,1.20
2009.03.09 12:42:07.432,9.17295,9.18095,1.60,1.20
2009.03.09 12:42:07.662,9.17295,9.18095,1.60,1.00
2009.03.09 12:42:07.832,9.17305,9.18155,1.60,1.60
2009.03.09 12:42:08.102,9.17305,9.1815,1.60,1.20
2009.03.09 12:42:08.752,9.17295,9.1815,1.60,1.20
2009.03.09 12:42:09.032,9.17295,9.18155,1.60,1.60
2009.03.09 12:42:09.922,9.1732,9.1823,1.60,1.60
2009.03.09 12:42:10.161,9.1732,9.1823,1.60,1.00
2009.03.09 12:42:10.381,9.1731,9.1822,1.60,1.20
2009.03.09 12:42:10.911,9.1731,9.18115,1.60,1.20
2009.03.09 12:42:11.251,9.17275,9.18175,1.60,1.60
2009.03.09 12:42:11.601,9.1726,9.18175,1.60,1.60
2009.03.09 12:42:12.351,9.17265,9.18155,1.60,1.60
2009.03.09 12:42:12.471,9.17265,9.1815,1.60,1.20
2009.03.09 12:42:13.131,9.1731,9.1815,1.60,1.20
2009.03.09 12:42:13.601,9.1731,9.18155,1.60,1.00
2009.03.09 12:42:13.761,9.1731,9.1823,1.60,1.60
2009.03.09 12:42:14.410,9.17335,9.1823,1.60,1.60
2009.03.09 12:42:17.780,9.17335,9.18165,1.60,1.20
2009.03.09 12:42:17.899,9.1731,9.18165,1.60,1.60
2009.03.09 12:42:20.029,9.1736,9.18165,1.60,1.00
2009.03.09 12:42:20.189,9.1736,9.1822,1.60,1.60
2009.03.09 12:42:20.770,9.17385,9.1822,1.60,1.60
2009.03.09 12:42:21.579,9.1736,9.1822,1.60,1.20
2009.03.09 12:42:22.159,9.1735,9.1822,1.60,1.20
2009.03.09 12:42:23.338,9.1735,9.1822,1.60,1.00
2009.03.09 12:42:23.608,9.1736,9.1822,1.60,1.00
2009.03.09 12:42:24.898,9.17375,9.1822,1.60,1.00
2009.03.09 12:42:25.348,9.1744,9.1822,1.60,1.00
2009.03.09 12:42:25.648,9.1743,9.1822,1.60,1.00
2009.03.09 12:42:26.318,9.1744,9.1822,1.60,1.00
2009.03.09 12:42:26.608,9.1747,9.1822,1.60,1.00
2009.03.09 12:42:26.937,9.17485,9.1822,1.60,1.00
2009.03.09 12:42:27.107,9.17455,9.1822,1.60,1.00
2009.03.09 12:42:27.837,9.1745,9.1822,1.60,1.00
2009.03.09 12:42:28.987,9.1744,9.1822,1.60,1.00
2009.03.09 12:42:29.797,9.1743,9.1822,1.60,1.00
2009.03.09 12:42:30.087,9.17435,9.1822,1.60,1.00
2009.03.09 12:42:31.986,9.1745,9.1822,1.60,1.00
2009.03.09 12:42:32.436,9.1749,9.1822,1.60,1.00
2009.03.09 12:42:33.076,9.1748,9.1822,1.60,1.00
2009.03.09 12:42:34.996,9.1744,9.1822,1.60,1.00
2009.03.09 12:42:36.635,9.1745,9.1822,1.60,1.00
2009.03.09 12:42:37.755,9.1753,9.1822,1.60,1.00
2009.03.09 12:42:38.735,9.17545,9.1822,1.60,1.00
2009.03.09 12:42:39.075,9.1757,9.1822,1.60,1.00
2009.03.09 12:42:40.594,9.17555,9.1822,1.60,1.00
2009.03.09 12:42:41.714,9.1758,9.1822,1.60,1.00
2009.03.09 12:42:43.154,9.176,9.1822,1.60,1.00
2009.03.09 12:42:43.603,9.17645,9.1822,1.60,1.00
2009.03.09 12:42:46.103,9.1769,9.1822,1.60,1.00
2009.03.09 12:42:46.783,9.17695,9.1822,1.60,1.00
2009.03.09 12:42:47.353,9.17785,9.1822,1.60,1.00
2009.03.09 12:42:48.022,9.17845,9.1822,1.60,1.00
2009.03.09 12:42:48.602,9.17905,9.1822,1.60,1.00
2009.03.09 12:42:49.592,9.179,9.1822,1.60,1.00
2009.03.09 12:42:50.262,9.17895,9.1822,1.60,1.00
2009.03.09 12:42:51.052,9.1796,9.1822,1.60,1.00
2009.03.09 12:42:51.742,9.17935,9.1822,1.60,1.00
2009.03.09 12:42:52.141,9.179,9.1822,1.60,1.00
2009.03.09 12:42:52.492,9.1792,9.1822,1.60,1.00
2009.03.09 12:42:53.011,9.17905,9.1822,1.60,1.00
2009.03.09 12:42:54.381,9.179,9.1822,1.60,1.00
2009.03.09 12:42:57.500,9.17865,9.1822,1.60,1.00
2009.03.09 12:42:58.240,9.17885,9.1822,1.60,1.00
2009.03.09 12:43:00.969,9.17895,9.1822,1.60,1.00
2009.03.09 12:43:01.879,9.179,9.1822,1.60,1.00
2009.03.09 12:43:04.128,9.1792,9.1822,1.60,1.00
2009.03.09 12:43:04.928,9.179,9.1822,1.60,1.00
2009.03.09 12:43:05.490,9.17905,9.1822,1.60,1.00
2009.03.09 12:43:06.708,9.179,9.1822,1.60,1.00
2009.03.09 12:43:07.118,9.17885,9.1822,1.60,1.00
2009.03.09 12:43:09.147,9.1788,9.1822,1.60,1.00
2009.03.09 12:43:11.946,9.17915,9.1822,1.60,1.00
2009.03.09 12:43:12.246,9.17945,9.1822,1.60,1.00
2009.03.09 12:43:12.476,9.18025,9.1822,1.60,1.00
2009.03.09 12:43:12.916,9.1804,9.1822,1.60,1.00
2009.03.09 12:43:14.726,9.18075,9.1822,1.60,1.00
2009.03.09 12:43:15.276,9.1806,9.1822,1.60,1.00
2009.03.09 12:43:15.785,9.18125,9.1822,1.60,1.00
2009.03.09 12:43:16.815,9.18115,9.1822,1.60,1.00
2009.03.09 12:43:17.145,9.1813,9.1822,1.60,1.00
2009.03.09 12:43:17.805,9.1812,9.1822,1.60,1.00
2009.03.09 12:43:18.595,9.1811,9.1822,1.60,1.00
2009.03.09 12:43:21.634,9.1814,9.1822,1.60,1.00
2009.03.09 12:43:21.974,9.1801,9.1822,1.60,1.00
2009.03.09 12:43:22.794,9.18055,9.1822,1.60,1.00
2009.03.09 12:43:23.574,9.18065,9.1822,1.60,1.00
2009.03.09 12:43:24.324,9.18085,9.1822,1.60,1.00
2009.03.09 12:43:24.963,9.181,9.1822,1.60,1.00
2009.03.09 12:43:25.194,9.1816,9.1822,1.60,1.00
2009.03.09 12:43:25.753,9.18035,9.1822,1.60,1.00
2009.03.09 12:43:26.083,9.1803,9.1822,1.60,1.00
2009.03.09 12:43:26.423,9.1804,9.1822,1.60,1.00
2009.03.09 12:43:26.813,9.18015,9.1822,1.60,1.00
2009.03.09 12:43:27.323,9.18025,9.1822,1.60,1.00
2009.03.09 12:43:28.633,9.18005,9.1822,1.60,1.00
2009.03.09 12:43:29.922,9.1806,9.1822,1.60,1.00
2009.03.09 12:43:30.462,9.1808,9.1822,1.60,1.00
2009.03.09 12:43:30.862,9.1809,9.1822,1.60,1.00
2009.03.09 12:43:31.842,9.18185,9.1822,1.60,1.00
2009.03.09 12:43:32.772,9.1815,9.1822,1.60,1.00
2009.03.09 12:43:33.522,9.1824,9.18965,1.60,2.10
2009.03.09 12:43:33.762,9.1824,9.1922,1.60,1.20
2009.03.09 12:43:33.991,9.1825,9.1842,1.60,1.00
2009.03.09 12:43:34.541,9.18265,9.1842,1.60,1.00
2009.03.09 12:43:35.241,9.1826,9.19025,1.60,2.30
2009.03.09 12:43:35.591,9.1826,9.19225,1.60,1.60
2009.03.09 12:43:37.182,9.18215,9.1896,1.60,1.20
2009.03.09 12:43:37.461,9.18215,9.1842,1.60,1.00
2009.03.09 12:43:38.570,9.1818,9.1822,1.60,1.00
2009.03.09 12:43:39.190,9.1791,9.1822,1.60,1.00
2009.03.09 12:43:39.820,9.179,9.1822,2.20,1.00
2009.03.09 12:43:40.620,9.1797,9.1822,2.20,1.00
2009.03.09 12:43:40.970,9.17995,9.1822,2.20,1.00
2009.03.09 12:43:41.249,9.1804,9.1822,2.20,1.00
2009.03.09 12:43:41.470,9.1807,9.1822,2.20,1.00
2009.03.09 12:43:43.609,9.1805,9.1822,1.60,1.00
2009.03.09 12:43:44.289,9.1801,9.1822,2.20,1.00
2009.03.09 12:43:45.459,9.18065,9.1822,2.20,1.00
2009.03.09 12:43:45.789,9.18015,9.1822,2.20,1.00
2009.03.09 12:43:46.028,9.1799,9.1822,1.60,1.00
2009.03.09 12:43:46.818,9.17995,9.1822,2.20,1.00
2009.03.09 12:43:47.218,9.18085,9.1822,1.60,1.00
2009.03.09 12:43:47.678,9.1802,9.1822,1.60,1.00
2009.03.09 12:43:47.958,9.1809,9.1822,2.20,1.00
2009.03.09 12:43:48.178,9.18035,9.1822,2.20,1.00
2009.03.09 12:43:48.528,9.1811,9.1822,2.20,1.00
2009.03.09 12:43:49.368,9.18075,9.1822,2.20,1.00
2009.03.09 12:43:50.747,9.1815,9.1822,1.00,1.00
2009.03.09 12:43:51.097,9.18,9.1822,1.60,1.00
2009.03.09 12:43:51.957,9.18,9.1822,2.20,1.00
2009.03.09 12:43:52.237,9.18035,9.1822,2.20,1.00
2009.03.09 12:43:53.157,9.181,9.1822,2.20,1.00
2009.03.09 12:43:54.736,9.18175,9.1822,1.00,1.00
2009.03.09 12:43:55.086,9.1803,9.1822,2.20,1.00
2009.03.09 12:43:56.346,9.18125,9.1822,1.00,1.00
2009.03.09 12:43:56.816,9.17985,9.1822,2.20,1.00
2009.03.09 12:43:57.226,9.1806,9.1822,1.00,1.00
2009.03.09 12:43:57.506,9.17955,9.1822,2.20,1.00
2009.03.09 12:43:57.806,9.17985,9.1822,2.20,1.00
2009.03.09 12:43:58.036,9.17955,9.1822,2.20,1.00
2009.03.09 12:43:58.955,9.1806,9.1822,1.00,1.00
2009.03.09 12:43:59.255,9.17955,9.1822,2.20,1.00
2009.03.09 12:43:59.885,9.1803,9.1822,2.00,1.00
2009.03.09 12:44:00.175,9.1803,9.1822,1.00,1.00
2009.03.09 12:44:00.465,9.17925,9.1822,2.20,1.00
2009.03.09 12:44:00.805,9.1794,9.1822,2.20,1.00
2009.03.09 12:44:03.384,9.18,9.1822,2.20,1.00
2009.03.09 12:44:03.675,9.18075,9.1822,2.20,1.00
2009.03.09 12:44:05.174,9.1815,9.1822,1.00,1.00
2009.03.09 12:44:05.654,9.18025,9.1822,2.20,1.00
2009.03.09 12:44:06.404,9.17985,9.1822,2.20,1.00
2009.03.09 12:44:07.333,9.1808,9.1822,1.00,1.00
2009.03.09 12:44:07.723,9.17955,9.1822,2.20,1.00
2009.03.09 12:44:11.713,9.1803,9.1822,2.20,1.00
2009.03.09 12:44:12.542,9.18105,9.1822,1.00,1.00
2009.03.09 12:44:12.712,9.1798,9.1822,2.20,1.00
2009.03.09 12:44:13.425,9.18025,9.1822,2.20,1.00
2009.03.09 12:44:13.602,9.18,9.1822,3.00,1.00
2009.03.09 12:44:13.652,9.18025,9.1822,2.20,1.00
2009.03.09 12:44:14.692,9.1813,9.1822,1.00,1.00
2009.03.09 12:44:15.071,9.18,9.1822,2.20,1.00
2009.03.09 12:44:15.402,9.18005,9.1822,2.20,1.00
2009.03.09 12:44:15.731,9.1808,9.1822,1.00,1.00
2009.03.09 12:44:16.121,9.18025,9.1822,2.20,1.00
2009.03.09 12:44:17.621,9.18035,9.1822,2.20,1.00
2009.03.09 12:44:20.111,9.1817,9.1853,2.20,1.20
2009.03.09 12:44:20.760,9.1821,9.1853,2.20,1.20
2009.03.09 12:44:21.100,9.1824,9.1853,2.20,1.20
2009.03.09 12:44:21.440,9.1821,9.1853,2.20,1.20
2009.03.09 12:44:21.830,9.1821,9.1852,2.20,1.20
2009.03.09 12:44:22.170,9.1821,9.1853,2.20,1.20
2009.03.09 12:44:22.510,9.1826,9.186,2.20,1.20
2009.03.09 12:44:22.850,9.18315,9.186,2.20,1.20
2009.03.09 12:44:23.080,9.1841,9.1881,1.20,1.20
2009.03.09 12:44:24.459,9.1827,9.1871,2.40,1.20
2009.03.09 12:44:24.749,9.1824,9.1871,2.20,1.20
2009.03.09 12:44:25.039,9.18195,9.1868,2.20,1.20
2009.03.09 12:44:25.730,9.1829,9.1866,1.20,1.20
2009.03.09 12:44:26.069,9.18165,9.1862,2.20,1.20
2009.03.09 12:44:26.429,9.1812,9.1858,3.40,1.20
2009.03.09 12:44:27.539,9.1822,9.1858,1.20,1.20
2009.03.09 12:44:27.719,9.18195,9.1855,1.00,1.20
2009.03.09 12:44:27.898,9.1809,9.1855,2.20,1.20
2009.03.09 12:44:28.298,9.182,9.1855,1.20,1.20
2009.03.09 12:44:28.578,9.1812,9.1858,3.40,1.20
2009.03.09 12:44:29.148,9.1827,9.1862,1.20,1.20
2009.03.09 12:44:29.938,9.18225,9.1858,1.00,1.20
2009.03.09 12:44:30.298,9.1812,9.1858,3.40,1.20
2009.03.09 12:44:31.828,9.1817,9.1858,2.20,1.20
2009.03.09 12:44:32.057,9.1827,9.1862,1.20,1.20
2009.03.09 12:44:32.727,9.1838,9.1872,1.20,1.20
2009.03.09 12:44:34.157,9.184,9.1873,1.20,1.20
2009.03.09 12:44:34.637,9.1844,9.1877,1.20,1.20
2009.03.09 12:44:34.867,9.1848,9.1899,1.20,1.20
2009.03.09 12:44:35.267,9.1836,9.1895,1.60,1.20
2009.03.09 12:44:35.496,9.1829,9.1888,1.60,1.20
2009.03.09 12:44:36.067,9.1843,9.1887,1.20,1.20
2009.03.09 12:44:37.157,9.1846,9.192,1.20,1.20
2009.03.09 12:44:37.336,9.1839,9.192,1.60,1.20
2009.03.09 12:44:38.836,9.1841,9.1928,1.60,2.00
2009.03.09 12:44:39.166,9.1841,9.1914,1.60,1.20
2009.03.09 12:44:39.456,9.1841,9.1911,1.60,1.20
2009.03.09 12:44:39.686,9.18345,9.1911,3.80,1.20
2009.03.09 12:44:41.235,9.18365,9.1909,1.60,1.20
2009.03.09 12:44:41.795,9.1841,9.1922,2.20,1.20
2009.03.09 12:44:42.095,9.1844,9.1922,1.60,1.20
2009.03.09 12:44:42.395,9.1844,9.1918,1.60,1.20
2009.03.09 12:44:42.795,9.1844,9.192,1.60,1.20
2009.03.09 12:44:43.765,9.1841,9.1918,1.60,1.20
2009.03.09 12:44:44.104,9.1841,9.1912,1.60,1.20
2009.03.09 12:44:45.244,9.18415,9.1912,1.60,1.20
2009.03.09 12:44:46.254,9.1842,9.1912,2.20,1.20
2009.03.09 12:44:46.494,9.1842,9.1916,2.20,1.20
2009.03.09 12:44:50.103,9.18435,9.1906,1.60,1.20
2009.03.09 12:44:50.495,9.18425,9.1906,1.60,1.20
2009.03.09 12:44:54.163,9.18425,9.1899,1.60,1.20
2009.03.09 12:44:54.622,9.1831,9.1902,1.60,1.20
2009.03.09 12:44:55.042,9.1822,9.1902,1.60,1.20
2009.03.09 12:44:55.382,9.1821,9.1895,1.60,1.20
2009.03.09 12:44:55.661,9.182,9.1899,1.60,1.20
2009.03.09 12:44:56.241,9.1826,9.1899,1.60,1.20
2009.03.09 12:44:56.911,9.18265,9.1899,1.60,1.20
2009.03.09 12:44:57.261,9.18265,9.1851,1.60,1.20
2009.03.09 12:44:57.431,9.182,9.1851,8.00,1.20
2009.03.09 12:44:57.711,9.18095,9.1851,2.20,1.20
2009.03.09 12:44:58.281,9.1817,9.183,1.00,1.20
2009.03.09 12:44:58.511,9.18105,9.183,1.00,1.20
2009.03.09 12:44:58.841,9.18,9.1827,2.20,1.20
2009.03.09 12:44:59.591,9.1803,9.1827,2.20,1.20
2009.03.09 12:44:59.931,9.1805,9.183,2.20,1.20
2009.03.09 12:45:00.571,9.18125,9.1825,1.00,1.20
2009.03.09 12:45:00.910,9.1785,9.1825,2.20,1.20
2009.03.09 12:45:01.260,9.1788,9.1825,2.20,1.20
2009.03.09 12:45:01.880,9.1788,9.1829,2.20,1.20
2009.03.09 12:45:02.280,9.17965,9.1832,2.20,1.20
2009.03.09 12:45:02.510,9.1804,9.1832,1.00,1.20
2009.03.09 12:45:02.810,9.1778,9.1832,1.20,1.20
2009.03.09 12:45:10.588,9.1782,9.1832,1.20,2.60
2009.03.09 12:45:12.608,9.1782,9.18265,1.20,1.40
2009.03.09 12:45:12.887,9.1782,9.18305,1.20,1.40
2009.03.09 12:45:13.337,9.1782,9.1831,1.20,1.40
2009.03.09 12:45:14.267,9.1782,9.1832,1.20,2.60
2009.03.09 12:45:14.617,9.1782,9.18265,1.20,1.40
2009.03.09 12:45:15.247,9.1782,9.1832,1.20,1.20
2009.03.09 12:45:21.086,9.1789,9.18465,2.20,1.40
2009.03.09 12:45:21.445,9.17885,9.188,2.20,4.80
2009.03.09 12:45:21.716,9.1795,9.188,2.20,4.80
2009.03.09 12:45:22.295,9.1788,9.1892,1.60,1.40
2009.03.09 12:45:22.535,9.1834,9.19135,8.00,1.40
2009.03.09 12:45:22.885,9.1842,9.1937,1.60,1.20
2009.03.09 12:45:23.185,9.18475,9.1944,1.60,1.20
2009.03.09 12:45:23.485,9.185,9.1946,1.60,1.20
2009.03.09 12:45:23.775,9.1876,9.1946,1.60,1.20
2009.03.09 12:45:24.065,9.1876,9.1944,1.60,1.20
2009.03.09 12:45:24.355,9.18655,9.1927,1.60,1.20
2009.03.09 12:45:24.694,9.18655,9.1931,1.60,1.20
2009.03.09 12:45:24.995,9.18795,9.1931,1.60,1.20
2009.03.09 12:45:25.394,9.1877,9.1951,1.60,1.20
2009.03.09 12:45:25.734,9.1867,9.1931,8.00,1.20
2009.03.09 12:45:26.146,9.18655,9.1931,1.60,1.20
2009.03.09 12:45:26.484,9.18715,9.1939,1.60,1.20
2009.03.09 12:45:26.774,9.1874,9.1935,1.60,1.20
2009.03.09 12:45:27.114,9.1863,9.1929,8.00,1.20
2009.03.09 12:45:28.224,9.1865,9.1949,8.00,1.40
2009.03.09 12:45:28.454,9.1841,9.1947,1.60,1.20
2009.03.09 12:45:28.684,9.18275,9.1936,1.60,1.40
2009.03.09 12:45:29.033,9.18275,9.1924,1.60,1.20
2009.03.09 12:45:29.534,9.18425,9.19485,1.60,1.40
2009.03.09 12:45:29.883,9.18465,9.1951,1.60,1.20
2009.03.09 12:45:30.124,9.1834,9.1924,1.60,1.20
2009.03.09 12:45:30.413,9.1834,9.19405,1.60,1.40
2009.03.09 12:45:30.743,9.18415,9.1948,1.60,1.40
2009.03.09 12:45:31.363,9.18495,9.1954,1.60,1.40
2009.03.09 12:45:31.603,9.18495,9.1947,1.60,1.20
2009.03.09 12:45:31.813,9.1851,9.1947,1.60,1.20
2009.03.09 12:45:32.053,9.1834,9.1924,1.60,1.20
2009.03.09 12:45:32.513,9.18355,9.1924,1.60,1.20
2009.03.09 12:45:32.904,9.185,9.1939,1.60,1.20
2009.03.09 12:45:33.353,9.1856,9.1962,1.60,1.20
2009.03.09 12:45:33.763,9.1859,9.1939,1.60,1.20
2009.03.09 12:45:34.042,9.18455,9.1952,1.60,1.40
2009.03.09 12:45:34.382,9.1858,9.1939,1.60,1.20
2009.03.09 12:45:34.712,9.1858,9.19645,1.60,1.40
2009.03.09 12:45:35.362,9.18625,9.1966,1.60,1.20
2009.03.09 12:45:35.712,9.1849,9.19555,1.60,1.40
2009.03.09 12:45:36.002,9.1858,9.19625,1.60,1.40
2009.03.09 12:45:36.402,9.1849,9.19535,1.60,1.40
2009.03.09 12:45:36.752,9.18625,9.196,1.60,1.20
2009.03.09 12:45:37.102,9.18625,9.1964,1.60,1.20
2009.03.09 12:45:37.272,9.18435,9.195,1.60,1.40
2009.03.09 12:45:37.542,9.18435,9.1937,1.60,1.20
2009.03.09 12:45:37.711,9.18435,9.195,1.60,1.40
2009.03.09 12:45:37.932,9.18445,9.19505,1.60,1.40
2009.03.09 12:45:38.101,9.18535,9.19595,1.60,1.40
2009.03.09 12:45:38.681,9.18575,9.1957,1.60,1.20
2009.03.09 12:45:38.981,9.18575,9.1932,1.60,1.20
2009.03.09 12:45:39.291,9.18405,9.1947,1.60,1.40
2009.03.09 12:45:40.041,9.18495,9.1956,1.60,1.40
2009.03.09 12:45:40.711,9.18405,9.193,1.60,1.20
2009.03.09 12:45:41.061,9.185,9.1934,1.60,1.20
2009.03.09 12:45:41.411,9.1864,9.194,1.60,1.20
2009.03.09 12:45:41.640,9.1864,9.1933,1.60,1.20
2009.03.09 12:45:42.280,9.18605,9.1936,1.60,1.20
2009.03.09 12:45:42.510,9.1864,9.1916,2.20,1.20
2009.03.09 12:45:42.790,9.1861,9.194,2.20,1.20
2009.03.09 12:45:43.010,9.1863,9.194,1.60,1.20
2009.03.09 12:45:43.470,9.1863,9.1936,1.60,1.20
2009.03.09 12:45:43.760,9.1863,9.194,1.60,1.20
2009.03.09 12:45:44.000,9.18625,9.1929,1.60,1.20
2009.03.09 12:45:44.240,9.18655,9.1909,2.20,1.20
2009.03.09 12:45:44.750,9.18645,9.1909,2.20,1.20
2009.03.09 12:45:45.099,9.18535,9.1936,2.20,1.20
2009.03.09 12:45:45.450,9.1861,9.1933,1.60,1.20
2009.03.09 12:45:45.790,9.18765,9.1937,2.20,1.20
2009.03.09 12:45:46.079,9.1877,9.1913,1.60,1.20
2009.03.09 12:45:46.359,9.18805,9.1913,2.20,1.20
2009.03.09 12:45:46.579,9.1883,9.1913,2.20,1.20
2009.03.09 12:45:47.169,9.1885,9.1937,2.20,1.20
2009.03.09 12:45:47.739,9.18925,9.1927,1.00,1.20
2009.03.09 12:45:48.029,9.1877,9.1927,2.20,1.20
2009.03.09 12:45:48.319,9.1877,9.1925,2.20,1.20
2009.03.09 12:45:49.019,9.1877,9.1926,2.20,1.20
2009.03.09 12:45:49.469,9.1882,9.193,2.20,1.20
2009.03.09 12:45:50.158,9.18845,9.1905,1.00,1.20
2009.03.09 12:45:50.438,9.18635,9.19305,1.00,1.40
2009.03.09 12:45:50.778,9.1852,9.1882,2.20,1.20
2009.03.09 12:45:51.018,9.1852,9.1885,2.20,1.20
2009.03.09 12:45:51.368,9.18455,9.1885,2.20,1.20
2009.03.09 12:45:51.718,9.1837,9.188,2.20,1.20
2009.03.09 12:45:52.308,9.18275,9.1928,1.60,1.20
2009.03.09 12:45:52.608,9.1844,9.1928,1.60,1.20
2009.03.09 12:45:52.988,9.1844,9.1925,1.60,1.20
2009.03.09 12:45:53.158,9.1836,9.1925,1.60,1.20
2009.03.09 12:45:53.507,9.18305,9.1891,2.20,1.20
2009.03.09 12:45:53.738,9.18275,9.1915,1.60,1.20
2009.03.09 12:45:53.968,9.18355,9.1915,1.60,1.20
2009.03.09 12:45:54.308,9.18355,9.1911,1.60,1.20
2009.03.09 12:45:54.657,9.1833,9.1911,1.60,1.20
2009.03.09 12:45:54.937,9.18355,9.1907,2.20,1.20
2009.03.09 12:45:55.337,9.18375,9.1888,2.20,1.20
2009.03.09 12:45:55.917,9.1837,9.1888,1.00,1.20
2009.03.09 12:45:56.197,9.1835,9.1911,1.60,1.20
2009.03.09 12:45:56.477,9.18375,9.1911,2.20,1.20
2009.03.09 12:45:56.787,9.18375,9.1888,2.20,1.20
2009.03.09 12:45:57.637,9.1833,9.1876,2.20,1.20
2009.03.09 12:45:59.027,9.183,9.1872,2.20,1.20
2009.03.09 12:45:59.086,9.183,9.1866,2.20,1.20
2009.03.09 12:45:59.826,9.18155,9.1868,1.60,1.20
2009.03.09 12:46:00.156,9.1805,9.1868,2.20,1.20
2009.03.09 12:46:00.376,9.1805,9.1875,2.20,1.20
2009.03.09 12:46:00.716,9.18,9.1871,1.60,1.20
2009.03.09 12:46:01.106,9.18075,9.1859,2.20,1.20
2009.03.09 12:46:01.437,9.18095,9.1862,2.20,1.20
2009.03.09 12:46:01.766,9.1812,9.1866,2.20,1.20
2009.03.09 12:46:02.126,9.1824,9.1925,1.60,8.00
2009.03.09 12:46:02.565,9.1824,9.1932,1.60,1.20
2009.03.09 12:46:02.785,9.1833,9.1904,1.60,1.20
2009.03.09 12:46:03.136,9.18175,9.1894,1.60,1.20
2009.03.09 12:46:03.545,9.1833,9.1921,1.60,1.20
2009.03.09 12:46:05.225,9.1814,9.1894,1.60,1.20
2009.03.09 12:46:05.455,9.1814,9.189,1.60,1.20
2009.03.09 12:46:05.745,9.1809,9.1891,1.60,1.20
2009.03.09 12:46:06.255,9.18255,9.1918,1.60,1.20
2009.03.09 12:46:06.484,9.18255,9.1915,1.60,1.20
2009.03.09 12:46:06.764,9.182,9.1915,1.60,1.20
2009.03.09 12:46:07.464,9.1805,9.1887,1.60,1.20
2009.03.09 12:46:08.114,9.18195,9.1915,1.60,1.20
2009.03.09 12:46:08.804,9.18045,9.1887,1.60,1.20
2009.03.09 12:46:09.324,9.18205,9.1915,1.60,1.20
2009.03.09 12:46:09.714,9.18065,9.1913,1.60,1.40
2009.03.09 12:46:09.944,9.18215,9.1915,1.60,1.20
2009.03.09 12:46:10.693,9.1822,9.1911,1.60,1.20
2009.03.09 12:46:11.093,9.18075,9.1887,1.60,1.20
2009.03.09 12:46:11.323,9.18075,9.1914,1.60,1.40
2009.03.09 12:46:11.613,9.18215,9.1915,1.60,1.20
2009.03.09 12:46:13.053,9.18415,9.1891,1.60,1.20
2009.03.09 12:46:13.213,9.183,9.1891,8.00,1.20
2009.03.09 12:46:13.453,9.18265,9.1891,1.60,1.20
2009.03.09 12:46:13.793,9.18265,9.1919,1.60,1.20
2009.03.09 12:46:14.133,9.18435,9.1919,1.60,1.20
2009.03.09 12:46:15.102,9.18405,9.1915,1.60,1.20
2009.03.09 12:46:15.692,9.18495,9.1925,1.60,1.20
2009.03.09 12:46:17.852,9.18515,9.191,1.60,1.20
2009.03.09 12:46:18.072,9.18415,9.191,1.60,1.20
2009.03.09 12:46:18.192,9.1843,9.191,1.20,1.20
2009.03.09 12:46:18.252,9.1844,9.1896,1.20,1.20
2009.03.09 12:46:18.371,9.1844,9.1912,1.20,1.20
2009.03.09 12:46:18.721,9.184,9.1912,1.60,1.20
2009.03.09 12:46:18.891,9.1839,9.1912,1.60,1.20
2009.03.09 12:46:20.141,9.1846,9.1896,1.20,1.20
2009.03.09 12:46:20.851,9.1839,9.1909,1.60,1.20
2009.03.09 12:46:21.192,9.18355,9.1901,2.20,1.20
2009.03.09 12:46:21.421,9.1836,9.1869,3.80,1.20
2009.03.09 12:46:21.871,9.1836,9.1869,2.20,1.20
2009.03.09 12:46:22.682,9.18345,9.1865,2.20,1.20
2009.03.09 12:46:23.931,9.18335,9.1862,2.20,1.20
2009.03.09 12:46:24.280,9.1831,9.1865,2.20,1.20
2009.03.09 12:46:24.570,9.1831,9.1862,2.20,1.20
2009.03.09 12:46:25.170,9.18395,9.1862,1.00,1.20
2009.03.09 12:46:25.440,9.1829,9.1862,2.20,1.20
2009.03.09 12:46:25.800,9.18365,9.1858,1.00,1.20
2009.03.09 12:46:26.200,9.1826,9.1858,2.20,1.20
2009.03.09 12:46:26.500,9.18215,9.1854,2.20,1.20
2009.03.09 12:46:26.840,9.18245,9.1854,2.20,1.20
2009.03.09 12:46:27.179,9.1831,9.1854,2.20,1.20
2009.03.09 12:46:27.539,9.1831,9.1864,2.20,1.20
2009.03.09 12:46:28.349,9.18385,9.186,1.00,1.20
2009.03.09 12:46:28.519,9.1826,9.186,2.20,1.20
2009.03.09 12:46:30.469,9.18305,9.1858,2.20,1.20
2009.03.09 12:46:30.739,9.18305,9.1862,2.20,1.20
2009.03.09 12:46:31.598,9.18365,9.1862,1.00,1.20
2009.03.09 12:46:31.868,9.18255,9.1858,2.20,1.20
2009.03.09 12:46:32.168,9.1826,9.1858,2.20,1.20
2009.03.09 12:46:32.668,9.18045,9.1854,1.60,1.20
2009.03.09 12:46:32.938,9.17905,9.1855,2.20,1.20
2009.03.09 12:46:33.288,9.1787,9.1876,2.20,1.20
2009.03.09 12:46:33.578,9.17945,9.1876,1.60,1.20
2009.03.09 12:46:33.808,9.17985,9.1872,1.60,1.20
2009.03.09 12:46:34.098,9.1796,9.1876,1.60,1.20
2009.03.09 12:46:34.678,9.17975,9.1868,1.60,1.20
2009.03.09 12:46:35.328,9.1795,9.1851,1.60,1.20
2009.03.09 12:46:35.678,9.1807,9.1851,1.00,1.20
2009.03.09 12:46:35.917,9.181,9.1876,1.60,1.20
2009.03.09 12:46:36.138,9.18095,9.1876,1.60,1.20
2009.03.09 12:46:37.117,9.18145,9.1876,1.60,1.20
2009.03.09 12:46:37.517,9.18145,9.1872,1.60,1.20
2009.03.09 12:46:37.687,9.1811,9.1872,1.60,1.20
2009.03.09 12:46:38.137,9.18145,9.1876,1.60,1.20
2009.03.09 12:46:40.196,9.1813,9.1872,1.60,1.20
2009.03.09 12:46:41.346,9.18155,9.1875,1.60,1.20
2009.03.09 12:46:41.636,9.18145,9.1875,1.60,1.20
2009.03.09 12:46:43.475,9.18155,9.1875,1.60,1.20
2009.03.09 12:46:44.085,9.18165,9.1875,1.60,1.20
2009.03.09 12:46:44.595,9.18175,9.1875,1.60,1.20
2009.03.09 12:46:45.115,9.18185,9.1875,1.60,1.20
2009.03.09 12:46:45.455,9.1828,9.1875,1.20,1.20
2009.03.09 12:46:45.975,9.18215,9.1875,2.20,1.20
2009.03.09 12:46:46.255,9.18265,9.1861,2.20,1.20
2009.03.09 12:46:46.655,9.1841,9.1875,1.20,1.20
2009.03.09 12:46:47.015,9.1841,9.1879,1.20,1.20
2009.03.09 12:46:48.215,9.1845,9.1872,1.20,1.20
2009.03.09 12:46:50.685,9.1839,9.1872,2.20,1.20
2009.03.09 12:46:52.093,9.18345,9.1868,2.20,1.20
2009.03.09 12:46:53.993,9.18405,9.1868,1.00,1.20
2009.03.09 12:46:54.223,9.18285,9.1861,2.20,1.20
2009.03.09 12:46:54.513,9.18285,9.1864,2.20,1.20
2009.03.09 12:46:56.262,9.18345,9.1864,2.20,1.20
2009.03.09 12:46:56.552,9.18345,9.1868,2.20,1.20
2009.03.09 12:46:56.902,9.18325,9.1868,3.00,1.20
2009.03.09 12:46:57.233,9.1835,9.1868,2.20,1.20
2009.03.09 12:46:59.422,9.1832,9.1864,2.20,1.20
2009.03.09 12:47:02.111,9.1838,9.1861,1.00,1.20
2009.03.09 12:47:02.341,9.1826,9.1861,2.20,1.20
2009.03.09 12:47:06.300,9.18305,9.1864,2.20,1.20
2009.03.09 12:47:12.088,9.1821,9.1845,2.20,1.20
2009.03.09 12:47:12.369,9.1827,9.1845,1.00,1.20
2009.03.09 12:47:12.538,9.1827,9.1838,1.00,1.20
2009.03.09 12:47:12.699,9.1812,9.1838,2.20,1.20
2009.03.09 12:47:12.938,9.18145,9.1841,2.20,1.20
2009.03.09 12:47:13.059,9.1822,9.1838,1.00,1.20
2009.03.09 12:47:13.478,9.18115,9.1836,2.20,1.20
2009.03.09 12:47:13.708,9.18145,9.1836,2.20,1.20
2009.03.09 12:47:13.988,9.18145,9.1839,2.20,1.20
2009.03.09 12:47:15.428,9.18165,9.1855,2.20,1.20
2009.03.09 12:47:15.658,9.18165,9.185,2.20,1.20
2009.03.09 12:47:16.007,9.18155,9.1855,2.20,1.20
2009.03.09 12:47:16.177,9.18155,9.185,2.20,1.20
2009.03.09 12:47:16.407,9.1828,9.1853,1.20,1.20
2009.03.09 12:47:16.758,9.18135,9.1853,2.20,1.20
2009.03.09 12:47:17.097,9.1821,9.1853,2.00,1.20
2009.03.09 12:47:17.437,9.1821,9.1849,1.20,1.20
2009.03.09 12:47:17.967,9.182,9.1849,1.00,1.20
2009.03.09 12:47:18.187,9.182,9.1842,1.00,1.20
2009.03.09 12:47:18.307,9.18035,9.1842,2.20,1.20
2009.03.09 12:47:18.837,9.1814,9.1842,1.20,1.20
2009.03.09 12:47:19.008,9.18035,9.1842,2.20,1.20
2009.03.09 12:47:19.487,9.1813,9.183,1.20,1.20
2009.03.09 12:47:21.916,9.1795,9.1824,2.20,1.20
2009.03.09 12:47:22.776,9.17935,9.1824,2.20,1.20
2009.03.09 12:47:22.996,9.1806,9.1824,1.20,1.20
2009.03.09 12:47:23.166,9.1806,9.1821,1.20,1.20
2009.03.09 12:47:23.406,9.1805,9.1821,1.20,1.20
2009.03.09 12:47:25.715,9.1778,9.1817,2.20,1.20
2009.03.09 12:47:25.955,9.17855,9.1817,1.00,1.20
2009.03.09 12:47:26.125,9.17855,9.1812,1.00,1.20
2009.03.09 12:47:26.305,9.17745,9.1812,2.20,1.20
2009.03.09 12:47:26.475,9.1784,9.1812,1.20,1.20
2009.03.09 12:47:26.646,9.177,9.1808,2.20,1.20
2009.03.09 12:47:32.334,9.1774,9.1794,1.20,1.20
2009.03.09 12:47:32.634,9.17615,9.1794,2.20,1.20
2009.03.09 12:47:32.754,9.1769,9.1794,1.00,1.20
2009.03.09 12:47:32.974,9.1757,9.179,2.20,1.20
2009.03.09 12:47:33.534,9.17645,9.179,1.00,1.20
2009.03.09 12:47:33.944,9.1754,9.1786,3.40,1.20
2009.03.09 12:47:35.503,9.17585,9.1786,2.20,1.20
2009.03.09 12:47:35.733,9.17585,9.179,2.20,1.20
2009.03.09 12:47:36.763,9.1756,9.179,4.20,1.20
2009.03.09 12:47:37.003,9.1756,9.1786,3.40,1.20
2009.03.09 12:47:37.472,9.177,9.1786,1.20,1.20
2009.03.09 12:47:37.752,9.17575,9.1786,2.20,1.20
2009.03.09 12:47:38.102,9.1755,9.179,2.20,1.20
2009.03.09 12:47:39.022,9.17665,9.179,1.00,1.20
2009.03.09 12:47:39.192,9.1754,9.1786,3.40,1.20
2009.03.09 12:47:39.312,9.1755,9.179,2.20,1.20
2009.03.09 12:47:39.752,9.1755,9.1793,2.20,1.20
2009.03.09 12:47:39.982,9.17565,9.1793,2.20,1.20
2009.03.09 12:47:40.931,9.1757,9.1793,2.20,1.20
2009.03.09 12:47:41.252,9.1757,9.1788,2.20,1.20
2009.03.09 12:47:41.592,9.1764,9.1784,1.20,1.20
2009.03.09 12:47:42.211,9.176,9.178,1.20,1.20
2009.03.09 12:47:42.451,9.1757,9.1777,1.20,1.20
2009.03.09 12:47:42.961,9.17455,9.1777,2.20,1.20
2009.03.09 12:47:43.251,9.1753,9.1773,1.00,1.20
2009.03.09 12:47:43.531,9.1749,9.177,1.20,1.20
2009.03.09 12:47:43.751,9.175,9.1786,1.20,1.20
2009.03.09 12:47:44.041,9.1751,9.1772,1.20,1.20
2009.03.09 12:47:44.561,9.1744,9.1772,1.20,1.20
2009.03.09 12:47:44.841,9.1733,9.1764,2.20,1.20
2009.03.09 12:47:45.191,9.1733,9.1768,2.20,1.20
2009.03.09 12:47:45.490,9.1736,9.1768,2.20,1.20
2009.03.09 12:47:45.760,9.1749,9.1772,1.20,1.20
2009.03.09 12:47:47.230,9.1757,9.1777,1.20,1.20
2009.03.09 12:47:47.630,9.17445,9.177,2.20,1.20
2009.03.09 12:47:47.800,9.1757,9.1785,1.20,1.20
2009.03.09 12:47:48.040,9.1762,9.18185,1.20,1.00
2009.03.09 12:47:48.200,9.17635,9.1827,1.60,1.20
2009.03.09 12:47:48.480,9.17635,9.1831,1.60,1.20
2009.03.09 12:47:48.590,9.17635,9.1827,1.60,1.20
2009.03.09 12:47:49.060,9.17665,9.1793,1.60,1.20
2009.03.09 12:47:49.350,9.17505,9.1793,2.20,1.20
2009.03.09 12:47:49.700,9.1752,9.1797,2.20,1.20
2009.03.09 12:47:49.930,9.1753,9.1797,2.20,1.20
2009.03.09 12:47:50.339,9.17545,9.1787,2.20,1.20
2009.03.09 12:47:50.699,9.17625,9.1802,2.20,1.20
2009.03.09 12:47:51.379,9.177,9.1798,1.00,1.20
2009.03.09 12:47:51.709,9.17695,9.1792,1.00,1.20
2009.03.09 12:47:52.100,9.1768,9.1786,1.20,1.20
2009.03.09 12:47:53.908,9.1757,9.1779,1.20,1.20
2009.03.09 12:47:55.648,9.1763,9.1778,1.20,1.20
2009.03.09 12:47:55.888,9.1761,9.1775,1.20,1.20
2009.03.09 12:47:56.998,9.1751,9.1766,1.20,1.20
2009.03.09 12:47:58.737,9.1753,9.1767,1.20,1.20
2009.03.09 12:47:58.967,9.1752,9.1767,1.20,1.20
2009.03.09 12:48:01.927,9.1753,9.1767,1.20,1.20
2009.03.09 12:48:02.557,9.1752,9.1764,1.20,1.20
2009.03.09 12:48:03.396,9.1753,9.1764,1.20,1.20
2009.03.09 12:48:08.605,9.1753,9.1767,1.20,1.20
2009.03.09 12:48:09.745,9.1756,9.1819,1.20,1.00
2009.03.09 12:48:09.905,9.17515,9.1826,1.60,8.80
2009.03.09 12:48:10.075,9.17515,9.1802,1.60,1.20
2009.03.09 12:48:10.305,9.1755,9.1802,1.20,1.20
2009.03.09 12:48:10.475,9.1755,9.18225,1.20,1.00
2009.03.09 12:48:10.594,9.1756,9.1802,1.20,1.20
2009.03.09 12:48:10.764,9.1756,9.18165,1.20,1.00
2009.03.09 12:48:11.124,9.1749,9.1828,1.60,2.00
2009.03.09 12:48:11.474,9.17495,9.1818,1.60,1.20
2009.03.09 12:48:11.804,9.1749,9.1813,1.60,1.20
2009.03.09 12:48:12.684,9.1754,9.1813,2.80,1.20
2009.03.09 12:48:12.854,9.1754,9.1817,1.60,1.20
2009.03.09 12:48:13.314,9.1754,9.1814,1.60,1.20
2009.03.09 12:48:14.633,9.1749,9.1814,1.60,1.20
2009.03.09 12:48:14.863,9.17505,9.1814,1.60,1.20
2009.03.09 12:48:15.083,9.1757,9.1807,1.20,1.20
2009.03.09 12:48:16.943,9.17505,9.1817,1.60,1.20
2009.03.09 12:48:17.173,9.17505,9.1816,1.60,1.20
2009.03.09 12:48:18.103,9.17505,9.1806,1.60,1.20
2009.03.09 12:48:18.332,9.1748,9.1806,2.20,1.20
2009.03.09 12:48:18.612,9.176,9.1805,1.20,1.20
2009.03.09 12:48:18.843,9.175,9.1813,3.40,1.20
2009.03.09 12:48:19.482,9.175,9.1823,3.40,1.20
2009.03.09 12:48:19.892,9.17585,9.1823,1.60,1.20
2009.03.09 12:48:20.222,9.17585,9.1824,1.60,1.20
2009.03.09 12:48:20.562,9.1759,9.1821,1.60,1.20
2009.03.09 12:48:21.032,9.17585,9.1821,1.60,1.20
2009.03.09 12:48:22.642,9.17585,9.1815,1.60,1.20
2009.03.09 12:48:22.811,9.1755,9.1814,5.00,1.20
2009.03.09 12:48:22.982,9.1755,9.1814,3.40,1.20
2009.03.09 12:48:23.091,9.17565,9.1814,2.20,1.20
2009.03.09 12:48:26.221,9.1763,9.1821,2.20,1.20
2009.03.09 12:48:27.350,9.17725,9.1821,2.20,1.20
2009.03.09 12:48:27.690,9.17725,9.1831,2.20,1.20
2009.03.09 12:48:30.809,9.178,9.1829,1.20,1.20
2009.03.09 12:48:31.080,9.17745,9.1839,1.60,1.20
2009.03.09 12:48:31.369,9.1774,9.1838,1.60,1.20
2009.03.09 12:48:31.659,9.1774,9.1842,1.60,1.20
2009.03.09 12:48:31.949,9.1778,9.1849,3.40,1.20
2009.03.09 12:48:32.249,9.1791,9.1851,1.20,1.20
2009.03.09 12:48:32.599,9.1783,9.1851,1.60,1.20
2009.03.09 12:48:32.869,9.1787,9.1862,1.60,1.20
2009.03.09 12:48:33.099,9.179,9.1862,2.20,1.20
2009.03.09 12:48:33.319,9.1794,9.1847,2.20,1.20
2009.03.09 12:48:33.799,9.17945,9.1841,2.20,1.20
2009.03.09 12:48:34.099,9.17915,9.1837,2.20,1.20
2009.03.09 12:48:34.449,9.1787,9.1833,2.20,1.20
2009.03.09 12:48:34.789,9.1787,9.1829,2.20,1.20
2009.03.09 12:48:35.458,9.1787,9.183,2.20,1.20
2009.03.09 12:48:36.868,9.1784,9.183,2.20,1.20
2009.03.09 12:48:37.048,9.17865,9.1826,2.20,1.20
2009.03.09 12:48:37.628,9.1779,9.1853,3.40,1.20
2009.03.09 12:48:38.028,9.1782,9.1853,2.20,1.20
2009.03.09 12:48:38.248,9.1787,9.1824,1.60,1.20
2009.03.09 12:48:38.468,9.1787,9.1827,1.60,1.20
2009.03.09 12:48:38.868,9.1793,9.1827,1.20,1.20
2009.03.09 12:48:39.197,9.1795,9.1849,1.20,1.20
2009.03.09 12:48:39.537,9.1795,9.1856,1.20,1.20
2009.03.09 12:48:39.648,9.1796,9.1855,1.20,1.20
2009.03.09 12:48:41.687,9.1798,9.1843,1.20,1.20
2009.03.09 12:48:42.087,9.1798,9.1842,1.20,1.20
2009.03.09 12:48:42.267,9.17945,9.1842,2.20,1.20
2009.03.09 12:48:42.607,9.17895,9.1842,2.20,1.20
2009.03.09 12:48:43.127,9.17835,9.1836,2.20,1.20
2009.03.09 12:48:44.167,9.17835,9.1837,2.20,1.20
2009.03.09 12:48:45.386,9.1788,9.1837,2.20,1.20
2009.03.09 12:48:45.776,9.1788,9.1841,2.20,1.20
2009.03.09 12:48:46.006,9.17945,9.1848,2.20,1.20
2009.03.09 12:48:46.246,9.1798,9.1848,2.20,1.20
2009.03.09 12:48:46.416,9.1798,9.1852,2.20,1.20
2009.03.09 12:48:46.826,9.1805,9.1852,1.20,1.20
2009.03.09 12:48:47.156,9.1788,9.185,3.80,1.20
2009.03.09 12:48:47.505,9.17895,9.1843,2.20,1.20
2009.03.09 12:48:47.785,9.17935,9.1864,2.20,1.20
2009.03.09 12:48:48.025,9.1803,9.1864,1.20,1.20
2009.03.09 12:48:48.375,9.17985,9.1853,2.20,1.20
2009.03.09 12:48:48.605,9.17985,9.1852,2.20,1.20
2009.03.09 12:48:52.265,9.1805,9.1848,1.20,1.20
2009.03.09 12:48:52.504,9.1801,9.1864,1.60,1.20
2009.03.09 12:48:53.064,9.1801,9.1865,1.60,1.20
2009.03.09 12:48:53.234,9.18015,9.1835,1.60,1.20
2009.03.09 12:48:53.514,9.1796,9.1835,2.20,1.20
2009.03.09 12:48:54.324,9.1795,9.1831,2.20,1.20
2009.03.09 12:48:54.614,9.1795,9.183,2.20,1.20
2009.03.09 12:48:54.844,9.1797,9.183,2.20,1.20
2009.03.09 12:48:55.134,9.1797,9.1858,2.20,1.20
2009.03.09 12:48:55.603,9.1796,9.1857,2.80,1.20
2009.03.09 12:48:55.874,9.1801,9.1867,2.20,1.20
2009.03.09 12:48:56.114,9.1816,9.187,1.60,1.20
2009.03.09 12:48:56.673,9.1816,9.1858,1.20,1.20
2009.03.09 12:48:57.583,9.18205,9.1866,1.60,1.20
2009.03.09 12:48:57.813,9.1827,9.1865,1.20,1.20
2009.03.09 12:49:03.942,9.1841,9.1863,1.20,1.20
2009.03.09 12:49:04.112,9.1841,9.186,1.20,1.20
2009.03.09 12:49:04.282,9.1841,9.1859,1.20,1.20
2009.03.09 12:49:07.081,9.1843,9.1863,1.20,1.20
2009.03.09 12:49:07.321,9.1843,9.1867,1.20,1.20
2009.03.09 12:49:08.001,9.185,9.187,1.20,1.20
2009.03.09 12:49:08.730,9.1851,9.1875,1.20,1.20
2009.03.09 12:49:09.200,9.1851,9.1874,1.20,1.20
2009.03.09 12:49:11.550,9.1851,9.1887,1.20,1.20
2009.03.09 12:49:12.109,9.1863,9.1887,1.20,1.20
2009.03.09 12:49:12.739,9.18365,9.1884,1.60,1.20
2009.03.09 12:49:13.079,9.1834,9.1884,2.20,1.20
2009.03.09 12:49:13.479,9.1834,9.1883,2.20,1.20
2009.03.09 12:49:13.769,9.18445,9.1887,2.20,1.20
2009.03.09 12:49:14.049,9.1839,9.1883,2.20,1.20
2009.03.09 12:49:14.389,9.18455,9.1887,2.20,1.20
2009.03.09 12:49:15.379,9.18565,9.1891,2.20,1.20
2009.03.09 12:49:15.608,9.18615,9.1894,2.20,1.20
2009.03.09 12:49:15.889,9.18655,9.1896,2.20,1.20
2009.03.09 12:49:16.188,9.18655,9.1903,2.20,1.20
2009.03.09 12:49:18.028,9.18525,9.1899,2.20,1.20
2009.03.09 12:49:18.478,9.18525,9.1895,2.20,1.20
2009.03.09 12:49:18.658,9.1854,9.1895,2.20,1.20
2009.03.09 12:49:19.757,9.18625,9.1899,2.20,1.20
2009.03.09 12:49:22.677,9.1872,9.1899,1.00,1.20
2009.03.09 12:49:22.977,9.18485,9.1892,2.20,1.20
2009.03.09 12:49:23.327,9.18485,9.1888,2.20,1.20
2009.03.09 12:49:23.737,9.18515,9.1891,2.20,1.20
2009.03.09 12:49:23.907,9.1856,9.1895,2.20,1.20
2009.03.09 12:49:24.816,9.18675,9.1895,1.00,1.20
2009.03.09 12:49:25.107,9.1835,9.1886,2.20,1.20
2009.03.09 12:49:25.956,9.18415,9.1886,2.20,1.20
2009.03.09 12:49:26.186,9.18455,9.1887,2.20,1.20
2009.03.09 12:49:26.567,9.18495,9.188,2.20,1.20
2009.03.09 12:49:27.036,9.18505,9.1903,1.60,1.20
2009.03.09 12:49:27.326,9.1857,9.1903,1.00,1.20
2009.03.09 12:49:27.726,9.1855,9.1903,2.20,1.20
2009.03.09 12:49:28.067,9.18575,9.1906,1.60,1.20
2009.03.09 12:49:28.186,9.1858,9.1908,2.20,1.20
2009.03.09 12:49:28.426,9.186,9.1908,1.60,1.20
2009.03.09 12:49:28.656,9.186,9.1902,1.60,1.20
2009.03.09 12:49:29.105,9.18605,9.1906,2.20,1.20
2009.03.09 12:49:29.666,9.1862,9.1906,2.20,1.20
2009.03.09 12:49:30.017,9.18605,9.1902,2.20,1.20
2009.03.09 12:49:30.355,9.1861,9.1915,2.20,1.20
2009.03.09 12:49:30.635,9.1881,9.1915,1.20,1.20
2009.03.09 12:49:30.975,9.1881,9.1911,1.20,1.20
2009.03.09 12:49:31.315,9.1873,9.1911,1.20,1.20
2009.03.09 12:49:31.765,9.1883,9.1909,1.20,1.20
2009.03.09 12:49:32.215,9.189,9.1913,1.20,1.20
2009.03.09 12:49:32.515,9.1892,9.1915,1.20,1.20
2009.03.09 12:49:33.094,9.1901,9.1921,1.20,1.20
2009.03.09 12:49:33.494,9.1907,9.1921,1.20,1.20
2009.03.09 12:49:33.714,9.1907,9.1931,1.20,1.20
2009.03.09 12:49:33.944,9.1907,9.1935,1.20,1.20
2009.03.09 12:49:34.324,9.1914,9.1939,1.20,1.20
2009.03.09 12:49:35.354,9.186,9.19335,1.20,8.00
2009.03.09 12:49:35.694,9.1853,9.1892,1.20,1.20
2009.03.09 12:49:36.144,9.1853,9.1888,1.20,1.20
2009.03.09 12:49:36.554,9.187,9.1888,1.20,1.20
2009.03.09 12:49:36.893,9.187,9.1882,1.20,1.20
2009.03.09 12:49:37.303,9.187,9.1886,1.20,1.20
2009.03.09 12:49:38.293,9.1863,9.188,1.20,1.20
2009.03.09 12:49:38.903,9.187,9.188,1.20,1.20
2009.03.09 12:49:39.413,9.187,9.1882,1.20,1.20
2009.03.09 12:49:40.323,9.1873,9.1941,1.20,2.00
2009.03.09 12:49:40.652,9.1875,9.1922,1.20,1.20
2009.03.09 12:49:41.033,9.188,9.1944,1.20,1.20
2009.03.09 12:49:41.382,9.18795,9.1944,1.60,1.20
2009.03.09 12:49:41.552,9.1879,9.1934,1.60,1.20
2009.03.09 12:49:42.243,9.1886,9.1934,1.20,1.20
2009.03.09 12:49:43.772,9.1874,9.1928,1.60,1.20
2009.03.09 12:49:44.122,9.18695,9.1928,1.60,1.20
2009.03.09 12:49:45.321,9.18725,9.1926,1.60,1.20
2009.03.09 12:49:45.892,9.1885,9.1927,1.20,1.20
2009.03.09 12:49:46.601,9.1879,9.1924,1.20,1.20
2009.03.09 12:49:46.951,9.1881,9.1923,1.20,1.20
2009.03.09 12:49:47.282,9.188,9.1919,1.20,1.20
2009.03.09 12:49:47.631,9.1881,9.1919,1.20,1.20
2009.03.09 12:49:48.031,9.1881,9.1923,1.20,1.20
2009.03.09 12:49:48.321,9.1879,9.1923,1.20,1.20
2009.03.09 12:49:48.551,9.1879,9.1899,1.20,1.20
2009.03.09 12:49:49.491,9.1872,9.1895,1.20,1.20
2009.03.09 12:49:50.000,9.1872,9.1888,1.20,1.20
2009.03.09 12:49:51.170,9.1873,9.1917,1.20,1.20
2009.03.09 12:49:51.510,9.1874,9.1913,1.20,1.20
2009.03.09 12:49:51.850,9.1864,9.1913,1.60,1.20
2009.03.09 12:49:52.130,9.1864,9.1915,1.60,1.20
2009.03.09 12:49:53.779,9.1865,9.1911,1.60,1.20
2009.03.09 12:49:55.549,9.1889,9.1911,1.20,1.20
2009.03.09 12:49:56.689,9.1893,9.1931,1.20,1.20
2009.03.09 12:49:56.919,9.1894,9.1931,1.20,1.20
2009.03.09 12:49:57.499,9.1887,9.1927,1.20,1.20
2009.03.09 12:49:58.009,9.1877,9.1919,1.20,1.20
2009.03.09 12:49:58.598,9.1877,9.1916,1.20,1.20
2009.03.09 12:49:59.388,9.1879,9.1912,1.20,1.20
2009.03.09 12:49:59.608,9.1873,9.1905,1.20,1.20
2009.03.09 12:49:59.908,9.1874,9.191,1.20,1.20
2009.03.09 12:50:00.258,9.1873,9.1906,1.20,1.20
2009.03.09 12:50:00.658,9.187,9.1902,1.20,1.20
2009.03.09 12:50:01.008,9.1877,9.1906,1.20,1.20
2009.03.09 12:50:01.738,9.1864,9.1897,1.00,1.20
2009.03.09 12:50:02.148,9.1875,9.1904,1.20,1.20
2009.03.09 12:50:02.547,9.1875,9.1908,1.20,1.20
2009.03.09 12:50:03.217,9.1883,9.1908,1.20,1.20
2009.03.09 12:50:06.966,9.1884,9.1911,1.20,1.20
2009.03.09 12:50:07.596,9.1891,9.1915,1.20,1.20
2009.03.09 12:50:08.166,9.1878,9.1911,1.20,1.20
2009.03.09 12:50:08.396,9.1878,9.1912,1.20,1.20
2009.03.09 12:50:08.906,9.1878,9.1911,1.20,1.20
2009.03.09 12:50:09.726,9.188,9.1915,1.20,1.20
2009.03.09 12:50:10.066,9.1873,9.1908,1.20,1.20
2009.03.09 12:50:11.836,9.1862,9.1905,2.20,1.20
2009.03.09 12:50:12.015,9.1876,9.1912,1.20,1.20
2009.03.09 12:50:13.035,9.1887,9.1916,1.20,1.20
2009.03.09 12:50:13.425,9.188,9.1916,1.20,1.20
2009.03.09 12:50:13.815,9.18635,9.1914,2.20,1.20
2009.03.09 12:50:14.574,9.1878,9.1912,1.20,1.20
2009.03.09 12:50:15.494,9.1871,9.1908,1.20,1.20
2009.03.09 12:50:16.974,9.188,9.1912,1.20,1.20
2009.03.09 12:50:17.204,9.1873,9.1908,1.20,1.20
2009.03.09 12:50:18.023,9.188,9.1912,1.20,1.20
2009.03.09 12:50:18.493,9.1873,9.1912,1.20,1.20
2009.03.09 12:50:18.734,9.1873,9.1908,1.20,1.20
2009.03.09 12:50:19.473,9.1872,9.1908,1.20,1.20
2009.03.09 12:50:21.223,9.1872,9.1905,1.20,1.20
2009.03.09 12:50:21.563,9.1872,9.1908,1.20,1.20
2009.03.09 12:50:22.363,9.1871,9.1908,2.20,1.20
2009.03.09 12:50:22.703,9.1883,9.1921,1.20,1.20
2009.03.09 12:50:22.933,9.189,9.1925,1.20,1.20
2009.03.09 12:50:23.153,9.189,9.1928,1.20,1.20
2009.03.09 12:50:23.722,9.1887,9.1922,1.20,1.20
2009.03.09 12:50:24.062,9.1887,9.1921,1.20,1.20
2009.03.09 12:50:24.662,9.1865,9.1915,3.40,1.20
2009.03.09 12:50:26.502,9.1883,9.1915,1.20,1.20
2009.03.09 12:50:26.842,9.1883,9.1919,1.20,1.20
2009.03.09 12:50:27.841,9.1877,9.1915,2.00,1.20
2009.03.09 12:50:28.121,9.1877,9.1915,1.20,1.20
2009.03.09 12:50:29.211,9.1879,9.1911,1.20,1.20
2009.03.09 12:50:31.650,9.1876,9.1908,1.20,1.20
2009.03.09 12:50:31.920,9.1879,9.1912,1.20,1.20
2009.03.09 12:50:35.180,9.1879,9.1927,1.20,1.20
2009.03.09 12:50:35.420,9.188,9.1942,1.20,2.00
2009.03.09 12:50:35.640,9.188,9.194,1.20,1.60
2009.03.09 12:50:35.809,9.18595,9.1887,1.60,1.20
2009.03.09 12:50:36.029,9.1851,9.1887,1.20,1.20
2009.03.09 12:50:37.879,9.1855,9.1881,1.20,1.20
2009.03.09 12:50:38.339,9.1855,9.188,1.20,1.20
2009.03.09 12:50:42.308,9.1839,9.1873,2.20,1.20
2009.03.09 12:50:42.538,9.1853,9.1873,1.20,1.20
2009.03.09 12:50:42.827,9.1853,9.188,1.20,1.20
2009.03.09 12:50:44.637,9.1862,9.1884,1.20,1.20
2009.03.09 12:50:45.097,9.1855,9.1884,1.20,1.20
2009.03.09 12:50:45.327,9.1855,9.188,1.20,1.20
2009.03.09 12:50:45.847,9.1855,9.1877,1.20,1.20
2009.03.09 12:50:46.137,9.1855,9.1884,1.20,1.20
2009.03.09 12:50:46.477,9.1855,9.188,1.20,1.20
2009.03.09 12:50:48.127,9.1854,9.1876,1.20,1.20
2009.03.09 12:50:48.406,9.1855,9.188,1.20,1.20
2009.03.09 12:50:50.606,9.1855,9.1876,1.20,1.20
2009.03.09 12:50:51.116,9.1862,9.1886,1.20,1.20
2009.03.09 12:50:51.975,9.1855,9.1882,1.20,1.20
2009.03.09 12:50:52.215,9.1862,9.1884,1.20,1.20
2009.03.09 12:50:52.855,9.1862,9.1887,1.20,1.20
2009.03.09 12:50:53.025,9.1869,9.189,1.20,1.20
2009.03.09 12:50:53.135,9.1862,9.189,1.20,1.20
2009.03.09 12:50:53.535,9.1862,9.1887,1.20,1.20
2009.03.09 12:50:53.835,9.1862,9.1883,1.20,1.20
2009.03.09 12:50:54.685,9.1845,9.187,1.20,1.20
2009.03.09 12:50:55.724,9.1841,9.1865,1.20,1.20
2009.03.09 12:50:56.384,9.1841,9.1861,1.20,1.20
2009.03.09 12:50:56.744,9.184,9.1862,1.20,1.20
2009.03.09 12:50:58.094,9.1847,9.1862,1.20,1.20
2009.03.09 12:50:58.274,9.1847,9.1865,1.20,1.20
2009.03.09 12:50:58.454,9.1847,9.1869,1.20,1.20
2009.03.09 12:50:58.794,9.1841,9.1865,1.20,1.20
2009.03.09 12:50:59.244,9.1841,9.1869,1.20,1.20
2009.03.09 12:50:59.533,9.1848,9.1869,1.20,1.20
2009.03.09 12:50:59.824,9.1841,9.1869,1.20,1.20
2009.03.09 12:51:00.463,9.1841,9.1873,1.20,1.20
2009.03.09 12:51:01.033,9.1848,9.1873,1.20,1.20
2009.03.09 12:51:01.723,9.1841,9.1873,1.20,1.20
2009.03.09 12:51:02.063,9.1841,9.1869,1.20,1.20
2009.03.09 12:51:03.663,9.1841,9.1875,1.20,1.20
2009.03.09 12:51:04.123,9.1841,9.1869,1.20,1.20
2009.03.09 12:51:04.412,9.1848,9.1869,1.20,1.20
2009.03.09 12:51:04.752,9.1848,9.1873,1.20,1.20
2009.03.09 12:51:06.702,9.1848,9.1877,1.20,1.20
2009.03.09 12:51:07.033,9.1848,9.1873,1.20,1.20
2009.03.09 12:51:08.061,9.1851,9.1873,1.20,1.20
2009.03.09 12:51:15.530,9.1851,9.1874,1.20,1.20
2009.03.09 12:51:16.120,9.1844,9.1871,1.20,1.20
2009.03.09 12:51:16.699,9.1844,9.187,1.20,1.20
2009.03.09 12:51:17.379,9.1844,9.1871,1.20,1.20
2009.03.09 12:51:17.979,9.1844,9.187,1.20,1.20
2009.03.09 12:51:18.729,9.184,9.1866,1.20,1.20
2009.03.09 12:51:19.179,9.1846,9.1869,1.20,1.20
2009.03.09 12:51:19.409,9.1838,9.1866,1.20,1.20
2009.03.09 12:51:20.409,9.1838,9.1862,1.20,1.20
2009.03.09 12:51:23.118,9.184,9.1866,1.20,1.20
2009.03.09 12:51:25.427,9.1846,9.1869,1.20,1.20
2009.03.09 12:51:26.127,9.1853,9.1879,1.20,1.20
2009.03.09 12:51:26.457,9.1862,9.1879,1.20,1.20
2009.03.09 12:51:26.797,9.1862,9.189,1.20,1.20
2009.03.09 12:51:27.857,9.1862,9.1887,1.20,1.20
2009.03.09 12:51:28.147,9.1862,9.1883,1.20,1.20
2009.03.09 12:51:28.877,9.1862,9.1887,1.20,1.20
2009.03.09 12:51:31.776,9.1868,9.1891,1.20,1.20
2009.03.09 12:51:32.775,9.1875,9.1898,1.20,1.20
2009.03.09 12:51:33.336,9.1884,9.1898,1.20,1.20
2009.03.09 12:51:33.565,9.1884,9.1908,1.20,1.20
2009.03.09 12:51:34.085,9.1877,9.1908,1.20,1.20
2009.03.09 12:51:34.315,9.1884,9.1908,1.20,1.20
2009.03.09 12:51:35.605,9.1884,9.1902,1.20,1.20
2009.03.09 12:51:36.205,9.1877,9.1899,1.20,1.20
2009.03.09 12:51:37.055,9.187,9.1899,1.20,1.20
2009.03.09 12:51:37.404,9.187,9.1895,1.20,1.20
2009.03.09 12:51:38.694,9.187,9.1901,1.20,1.20
2009.03.09 12:51:40.144,9.187,9.1893,1.20,1.20
2009.03.09 12:51:40.365,9.1877,9.1901,1.20,1.20
2009.03.09 12:51:40.933,9.1877,9.1904,1.20,1.20
2009.03.09 12:51:42.173,9.1877,9.1899,1.20,1.20
2009.03.09 12:51:45.453,9.187,9.1893,1.20,1.20
2009.03.09 12:51:45.802,9.186,9.1893,1.20,1.20
2009.03.09 12:51:46.182,9.186,9.189,1.20,1.20
2009.03.09 12:51:46.642,9.186,9.1884,1.20,1.20
2009.03.09 12:51:47.462,9.1862,9.1888,1.20,1.20
2009.03.09 12:51:48.422,9.1868,9.1895,1.20,1.20
2009.03.09 12:51:48.932,9.1868,9.1899,1.20,1.20
2009.03.09 12:51:49.461,9.1877,9.1899,1.20,1.20
2009.03.09 12:51:51.801,9.187,9.1896,1.20,1.20
2009.03.09 12:51:52.830,9.1877,9.1899,1.20,1.20
2009.03.09 12:51:53.120,9.187,9.1899,1.20,1.20
2009.03.09 12:51:53.360,9.1877,9.1899,1.20,1.20
2009.03.09 12:51:53.930,9.187,9.1892,1.20,1.20
2009.03.09 12:51:54.220,9.187,9.1896,1.20,1.20
2009.03.09 12:51:54.860,9.187,9.1892,1.20,1.20
2009.03.09 12:51:55.510,9.187,9.1896,1.20,1.20
2009.03.09 12:51:56.140,9.186,9.1887,1.20,1.20
2009.03.09 12:51:57.379,9.1864,9.1885,1.20,1.20
2009.03.09 12:51:59.089,9.1864,9.1879,1.20,1.20
2009.03.09 12:51:59.199,9.1857,9.1879,1.20,1.20
2009.03.09 12:52:02.628,9.1857,9.1881,1.20,1.20
2009.03.09 12:52:02.968,9.1858,9.1887,1.20,1.20
2009.03.09 12:52:03.138,9.1857,9.1887,1.20,1.20
2009.03.09 12:52:03.248,9.1857,9.1879,1.20,1.20
2009.03.09 12:52:03.548,9.1857,9.1887,1.20,1.20
2009.03.09 12:52:03.818,9.187,9.1894,1.20,1.20
2009.03.09 12:52:06.918,9.1872,9.1891,1.20,1.20
2009.03.09 12:52:07.358,9.1872,9.1892,1.20,1.20
2009.03.09 12:52:08.657,9.1872,9.1891,1.20,1.20
2009.03.09 12:52:09.127,9.1872,9.1892,1.20,1.20
2009.03.09 12:52:09.567,9.1872,9.1891,1.20,1.20
2009.03.09 12:52:09.907,9.1872,9.1895,1.20,1.20
2009.03.09 12:52:10.586,9.1872,9.1891,1.20,1.20
2009.03.09 12:52:11.037,9.1872,9.1895,1.20,1.20
2009.03.09 12:52:20.094,9.1872,9.1896,1.20,1.20
2009.03.09 12:52:20.596,9.1879,9.1903,1.20,1.20
2009.03.09 12:52:20.874,9.1879,9.1916,1.20,1.20
2009.03.09 12:52:21.444,9.188,9.1919,1.20,1.20
2009.03.09 12:52:23.833,9.188,9.1918,1.20,1.20
2009.03.09 12:52:24.993,9.1882,9.1918,1.20,1.20
2009.03.09 12:52:25.333,9.1872,9.1956,1.60,1.20
2009.03.09 12:52:25.632,9.1871,9.1956,1.60,1.20
2009.03.09 12:52:25.963,9.18735,9.1958,1.60,1.20
2009.03.09 12:52:26.243,9.18745,9.1922,1.60,1.20
2009.03.09 12:52:26.632,9.1885,9.1929,1.20,1.20
2009.03.09 12:52:27.602,9.1885,9.1922,1.20,1.20
2009.03.09 12:52:28.022,9.18845,9.1922,1.60,1.20
2009.03.09 12:52:28.192,9.1907,9.1956,1.20,8.00
2009.03.09 12:52:28.312,9.19,9.1966,1.60,1.20
2009.03.09 12:52:28.602,9.18995,9.1966,1.60,1.20
2009.03.09 12:52:28.772,9.18975,9.1953,1.60,1.20
2009.03.09 12:52:29.052,9.18975,9.1949,1.60,1.20
2009.03.09 12:52:29.342,9.18775,9.1945,1.60,1.20
2009.03.09 12:52:29.632,9.1892,9.1952,1.20,1.20
2009.03.09 12:52:29.981,9.1882,9.1952,2.80,1.20
2009.03.09 12:52:31.162,9.18875,9.1952,1.60,1.20
2009.03.09 12:52:32.461,9.189,9.1956,1.60,1.20
2009.03.09 12:52:32.701,9.189,9.1952,1.60,1.20
2009.03.09 12:52:34.871,9.18875,9.1952,1.60,1.20
2009.03.09 12:52:35.041,9.18875,9.1953,1.60,1.20
2009.03.09 12:52:35.200,9.18875,9.1949,1.60,1.20
2009.03.09 12:52:37.320,9.18895,9.1928,2.20,1.20
2009.03.09 12:52:37.660,9.1897,9.1921,1.00,1.20
2009.03.09 12:52:38.010,9.1891,9.1921,2.20,1.20
2009.03.09 12:52:38.640,9.18885,9.1924,3.00,1.20
2009.03.09 12:52:39.049,9.18885,9.192,2.20,1.20
2009.03.09 12:52:39.489,9.18945,9.192,1.00,1.20
2009.03.09 12:52:39.789,9.1883,9.1943,1.60,1.20
2009.03.09 12:52:40.069,9.1882,9.1943,2.20,1.20
2009.03.09 12:52:40.339,9.188,9.1953,1.60,1.20
2009.03.09 12:52:41.659,9.188,9.1945,3.80,1.20
2009.03.09 12:52:43.148,9.1884,9.1945,2.20,1.20
2009.03.09 12:52:43.488,9.1884,9.1949,2.20,1.20
2009.03.09 12:52:43.669,9.1889,9.1949,2.20,1.20
2009.03.09 12:52:43.948,9.1889,9.1952,2.20,1.20
2009.03.09 12:52:44.128,9.1898,9.1952,1.60,1.20
2009.03.09 12:52:44.638,9.18955,9.1948,1.60,1.20
2009.03.09 12:52:45.078,9.1896,9.1952,1.60,1.20
2009.03.09 12:52:46.468,9.1901,9.1952,1.60,1.20
2009.03.09 12:52:47.187,9.19,9.1952,1.60,1.20
2009.03.09 12:52:47.638,9.18975,9.1952,1.60,1.20
2009.03.09 12:52:47.877,9.18975,9.1948,1.60,1.20
2009.03.09 12:52:48.677,9.1895,9.1948,1.60,1.20
2009.03.09 12:52:50.966,9.1895,9.1948,3.80,1.20
2009.03.09 12:52:51.196,9.18975,9.1952,1.60,1.20
2009.03.09 12:52:52.516,9.18995,9.1952,1.60,1.20
2009.03.09 12:52:52.686,9.18995,9.1948,1.60,1.20
2009.03.09 12:52:53.026,9.1895,9.1944,2.20,1.20
2009.03.09 12:52:53.436,9.1896,9.1941,2.20,1.20
2009.03.09 12:52:53.826,9.18945,9.1941,2.20,1.20
2009.03.09 12:52:54.296,9.1901,9.1941,2.20,1.20
2009.03.09 12:52:54.526,9.18955,9.1934,2.20,1.20
2009.03.09 12:52:55.416,9.1905,9.1934,1.00,1.20
2009.03.09 12:52:55.646,9.1903,9.1922,1.20,1.20
2009.03.09 12:52:56.335,9.1897,9.1914,1.00,1.20
2009.03.09 12:52:56.685,9.1896,9.1914,1.20,1.20
2009.03.09 12:52:57.355,9.1898,9.1932,1.20,1.20
2009.03.09 12:52:59.874,9.1904,9.1927,1.20,1.20
2009.03.09 12:53:01.904,9.1904,9.1923,1.20,1.20
2009.03.09 12:53:02.254,9.1897,9.1923,1.20,1.20
2009.03.09 12:53:02.604,9.1904,9.192,1.20,1.20
2009.03.09 12:53:03.004,9.1897,9.192,1.20,1.20
2009.03.09 12:53:03.894,9.1893,9.1916,1.20,1.20
2009.03.09 12:53:04.073,9.1897,9.192,1.20,1.20
2009.03.09 12:53:04.653,9.189,9.1916,1.20,1.20
2009.03.09 12:53:05.113,9.18825,9.1916,2.20,1.20
2009.03.09 12:53:05.353,9.1895,9.192,1.20,1.20
2009.03.09 12:53:05.973,9.1895,9.1916,1.20,1.20
2009.03.09 12:53:06.303,9.1888,9.1916,1.20,1.20
2009.03.09 12:53:08.063,9.1875,9.1902,1.00,1.20
2009.03.09 12:53:08.412,9.1866,9.1898,1.20,1.20
2009.03.09 12:53:08.642,9.1866,9.1897,1.20,1.20
2009.03.09 12:53:09.212,9.1865,9.1887,1.20,1.20
2009.03.09 12:53:09.842,9.186,9.1887,1.20,1.20
2009.03.09 12:53:10.073,9.1866,9.189,1.20,1.20
2009.03.09 12:53:11.692,9.1875,9.1894,1.20,1.20
2009.03.09 12:53:12.151,9.1875,9.1898,1.20,1.20
2009.03.09 12:53:15.351,9.1882,9.1905,1.20,1.20
2009.03.09 12:53:16.950,9.1883,9.1909,1.20,1.20
2009.03.09 12:53:23.119,9.1873,9.19,1.20,1.20
2009.03.09 12:53:24.189,9.1881,9.1901,1.20,1.20
2009.03.09 12:53:24.598,9.1873,9.1905,2.00,1.20
2009.03.09 12:53:24.888,9.1873,9.1901,2.00,1.20
2009.03.09 12:53:25.109,9.1873,9.1901,1.20,1.20
2009.03.09 12:53:25.398,9.1881,9.1905,1.20,1.20
2009.03.09 12:53:29.587,9.1882,9.1905,1.20,1.20
2009.03.09 12:53:32.967,9.18745,9.1912,2.20,1.20
2009.03.09 12:53:33.376,9.1887,9.1912,1.20,1.20
2009.03.09 12:53:43.314,9.1895,9.1912,1.20,1.20
2009.03.09 12:53:43.594,9.1895,9.1922,1.20,1.20
2009.03.09 12:53:49.602,9.1897,9.1923,1.20,1.20
2009.03.09 12:53:49.772,9.18895,9.1923,2.20,1.20
2009.03.09 12:53:49.892,9.1902,9.1923,1.20,1.20
2009.03.09 12:53:50.272,9.1902,9.1927,1.20,1.20
2009.03.09 12:53:50.452,9.1903,9.1927,1.20,1.20
2009.03.09 12:53:50.792,9.1903,9.1931,1.20,1.20
2009.03.09 12:53:54.111,9.1904,9.1927,1.20,1.20
2009.03.09 12:53:55.071,9.1897,9.1923,1.20,1.20
2009.03.09 12:53:56.391,9.1904,9.1927,1.20,1.20
2009.03.09 12:53:57.710,9.1892,9.1927,3.40,1.20
2009.03.09 12:53:58.150,9.1903,9.1931,1.20,1.20
2009.03.09 12:54:00.691,9.19015,9.1922,1.00,1.20
2009.03.09 12:54:00.860,9.1897,9.1922,1.20,1.20
2009.03.09 12:54:05.159,9.1897,9.1923,1.20,1.20
2009.03.09 12:54:05.708,9.1886,9.1923,2.20,1.20
2009.03.09 12:54:06.048,9.19,9.1927,1.20,1.20
2009.03.09 12:54:07.068,9.1901,9.1931,1.20,1.20
2009.03.09 12:54:08.958,9.1904,9.1927,1.20,1.20
2009.03.09 12:54:11.237,9.18965,9.1927,2.20,1.20
2009.03.09 12:54:11.567,9.1909,9.1934,1.20,1.20
2009.03.09 12:54:13.326,9.1898,9.1962,1.60,1.20
2009.03.09 12:54:13.866,9.18905,9.1933,1.60,1.20
2009.03.09 12:54:13.987,9.1889,9.1908,1.20,1.20
2009.03.09 12:54:15.776,9.1891,9.1907,1.20,1.20
2009.03.09 12:54:15.946,9.18795,9.1907,2.20,1.20
2009.03.09 12:54:16.126,9.1894,9.1911,1.20,1.20
2009.03.09 12:54:16.906,9.19,9.1915,1.60,1.20
2009.03.09 12:54:17.235,9.1901,9.1946,1.20,1.20
2009.03.09 12:54:17.585,9.1901,9.194,1.20,1.20
2009.03.09 12:54:18.985,9.1902,9.1936,1.20,1.20
2009.03.09 12:54:20.375,9.1902,9.1933,1.20,1.20
2009.03.09 12:54:21.115,9.1891,9.1936,2.20,1.20
2009.03.09 12:54:21.395,9.1891,9.1933,2.20,1.20
2009.03.09 12:54:21.925,9.18925,9.1936,2.20,1.20
2009.03.09 12:54:22.885,9.1894,9.1936,2.20,1.20
2009.03.09 12:54:23.235,9.1897,9.1936,2.20,1.20
2009.03.09 12:54:23.764,9.1894,9.1933,2.20,1.20
2009.03.09 12:54:25.433,9.1894,9.1956,2.20,1.20
2009.03.09 12:54:25.774,9.19065,9.1952,1.60,1.20
2009.03.09 12:54:26.363,9.19065,9.199,1.60,1.20
2009.03.09 12:54:26.583,9.1906,9.199,1.60,1.20
2009.03.09 12:54:27.083,9.19065,9.199,1.60,2.00
2009.03.09 12:54:27.433,9.1901,9.1975,1.60,1.20
2009.03.09 12:54:27.793,9.19065,9.1985,1.60,1.20
2009.03.09 12:54:28.433,9.1908,9.1985,1.60,1.20
2009.03.09 12:54:28.943,9.1908,9.1986,1.60,1.20
2009.03.09 12:54:29.103,9.1904,9.1986,1.60,1.20
2009.03.09 12:54:29.273,9.1904,9.1979,1.60,1.20
2009.03.09 12:54:29.623,9.1904,9.1988,1.60,1.20
2009.03.09 12:54:29.912,9.19095,9.1988,1.60,1.20
2009.03.09 12:54:30.932,9.19095,9.199,1.60,1.20
2009.03.09 12:54:31.383,9.1906,9.199,8.00,1.20
2009.03.09 12:54:31.782,9.19055,9.199,1.60,1.20
2009.03.09 12:54:32.182,9.19125,9.1969,1.60,1.20
2009.03.09 12:54:32.462,9.18985,9.1973,1.60,1.20
2009.03.09 12:54:33.922,9.19005,9.1965,1.60,1.20
2009.03.09 12:54:34.152,9.19005,9.1969,1.60,1.20
2009.03.09 12:54:34.381,9.18985,9.1965,1.60,1.20
2009.03.09 12:54:34.561,9.19015,9.1965,1.60,1.20
2009.03.09 12:54:35.131,9.18975,9.1965,1.60,1.20
2009.03.09 12:54:36.001,9.18985,9.1965,1.60,1.20
2009.03.09 12:54:39.930,9.19015,9.1975,2.20,1.20
2009.03.09 12:54:42.620,9.19045,9.1965,1.60,1.20
2009.03.09 12:54:42.900,9.1902,9.1969,1.60,1.20
2009.03.09 12:54:43.009,9.1902,9.1966,1.60,1.20
2009.03.09 12:54:43.220,9.1902,9.197,1.60,1.20
2009.03.09 12:54:43.509,9.18895,9.1995,1.60,1.20
2009.03.09 12:54:43.629,9.19035,9.1995,1.60,1.20
2009.03.09 12:54:45.299,9.18985,9.1981,1.60,1.20
2009.03.09 12:54:45.819,9.191,9.2003,1.60,1.20
2009.03.09 12:54:46.169,9.191,9.2006,1.60,1.20
2009.03.09 12:54:46.589,9.1913,9.2006,1.60,1.20
2009.03.09 12:54:47.038,9.1915,9.2012,1.60,1.20
2009.03.09 12:54:47.268,9.1915,9.2004,1.60,1.20
2009.03.09 12:54:47.488,9.192,9.2008,1.60,1.20
2009.03.09 12:54:47.848,9.1916,9.2018,1.60,2.60
2009.03.09 12:54:48.628,9.19175,9.2008,1.60,1.20
2009.03.09 12:54:48.798,9.19175,9.2004,1.60,1.20
2009.03.09 12:54:49.158,9.19175,9.2008,1.60,1.20
2009.03.09 12:54:49.728,9.1921,9.2006,1.60,1.20
2009.03.09 12:54:50.008,9.1921,9.201,1.60,1.20
2009.03.09 12:54:50.818,9.19215,9.201,1.60,1.20
2009.03.09 12:54:51.567,9.1921,9.201,1.60,1.20
2009.03.09 12:54:52.617,9.192,9.2006,1.60,1.20
2009.03.09 12:54:53.497,9.19195,9.2006,1.60,1.20
2009.03.09 12:54:54.507,9.19215,9.2006,1.60,1.20
2009.03.09 12:54:55.457,9.19215,9.201,1.60,1.20
2009.03.09 12:54:55.636,9.19215,9.2006,1.60,1.20
2009.03.09 12:54:56.226,9.1921,9.201,1.60,1.20
2009.03.09 12:54:56.606,9.19225,9.2006,1.60,1.20
2009.03.09 12:54:57.006,9.19235,9.2002,1.60,1.20
2009.03.09 12:54:57.466,9.1922,9.2012,1.60,1.20
2009.03.09 12:54:57.856,9.19235,9.2004,1.60,1.20
2009.03.09 12:54:58.146,9.19235,9.2012,1.60,1.20
2009.03.09 12:54:58.436,9.19295,9.1999,1.60,1.20
2009.03.09 12:54:58.786,9.19305,9.2021,1.60,1.20
2009.03.09 12:54:59.186,9.19305,9.2028,1.60,1.20
2009.03.09 12:54:59.526,9.1931,9.2028,1.60,1.20
2009.03.09 12:55:00.065,9.19305,9.2024,1.60,1.20
2009.03.09 12:55:00.355,9.193,9.2008,1.60,1.20
2009.03.09 12:55:00.575,9.1919,9.2015,1.60,1.20
2009.03.09 12:55:00.805,9.1929,9.2035,1.60,2.60
2009.03.09 12:55:01.325,9.19275,9.2025,1.60,1.20
2009.03.09 12:55:01.935,9.19295,9.2017,1.60,1.20
2009.03.09 12:55:02.345,9.1928,9.2017,1.60,1.20
2009.03.09 12:55:03.015,9.19265,9.2029,1.60,2.60
2009.03.09 12:55:04.214,9.19275,9.2019,1.60,1.20
2009.03.09 12:55:04.684,9.19265,9.2029,1.60,2.60
2009.03.09 12:55:05.974,9.19275,9.2019,1.60,1.20
2009.03.09 12:55:06.324,9.19275,9.2004,1.60,1.20
2009.03.09 12:55:06.494,9.1915,9.2004,1.60,1.20
2009.03.09 12:55:06.784,9.19255,9.2021,1.60,1.20
2009.03.09 12:55:07.384,9.19255,9.2025,1.60,1.20
2009.03.09 12:55:08.433,9.19295,9.201,1.60,1.20
2009.03.09 12:55:08.783,9.19225,9.201,1.60,1.20
2009.03.09 12:55:09.073,9.1922,9.2023,1.60,1.20
2009.03.09 12:55:09.254,9.1929,9.2019,1.60,1.20
2009.03.09 12:55:09.483,9.1929,9.2015,1.60,1.20
2009.03.09 12:55:09.943,9.19235,9.2015,1.60,1.20
2009.03.09 12:55:13.202,9.1922,9.2013,1.60,1.20
2009.03.09 12:55:13.432,9.1922,9.2006,1.60,1.20
2009.03.09 12:55:13.662,9.19105,9.2002,1.60,1.20
2009.03.09 12:55:14.352,9.1908,9.2002,1.60,1.20
2009.03.09 12:55:15.042,9.1912,9.2006,1.60,1.20
2009.03.09 12:55:19.301,9.1912,9.2002,1.60,1.20
2009.03.09 12:55:19.650,9.1911,9.2002,1.60,1.20
2009.03.09 12:55:24.410,9.1911,9.2006,1.60,1.20
2009.03.09 12:55:24.469,9.19125,9.2006,1.60,1.20
2009.03.09 12:55:26.629,9.1909,9.2006,1.60,1.20
2009.03.09 12:55:26.859,9.1909,9.1999,1.60,1.20
2009.03.09 12:55:27.268,9.19075,9.1999,1.60,1.20
2009.03.09 12:55:28.188,9.191,9.2002,1.60,1.20
2009.03.09 12:55:30.458,9.191,9.1999,1.60,1.20
2009.03.09 12:55:34.097,9.1909,9.1999,1.60,1.20
2009.03.09 12:55:34.887,9.19015,9.1986,1.60,1.20
2009.03.09 12:55:35.177,9.1901,9.199,1.60,1.20
2009.03.09 12:55:36.836,9.19055,9.1988,1.60,1.20
2009.03.09 12:55:37.546,9.1901,9.1988,1.60,1.20
2009.03.09 12:55:38.406,9.19055,9.1992,1.60,1.20
2009.03.09 12:55:38.786,9.19055,9.1986,1.60,1.20
2009.03.09 12:55:39.246,9.1904,9.1986,1.60,1.20
2009.03.09 12:55:39.526,9.1904,9.199,1.60,1.20
2009.03.09 12:55:40.255,9.1907,9.1995,1.60,1.20
2009.03.09 12:55:40.495,9.1907,9.1992,1.60,1.20
2009.03.09 12:55:41.525,9.1907,9.1995,1.60,1.20
2009.03.09 12:55:41.855,9.19085,9.1995,1.60,1.20
2009.03.09 12:55:42.205,9.19085,9.2011,1.60,2.60
2009.03.09 12:55:42.375,9.19085,9.2005,1.60,1.20
2009.03.09 12:55:42.735,9.1914,9.2005,1.60,1.20
2009.03.09 12:55:43.115,9.1914,9.2001,1.60,1.20
2009.03.09 12:55:43.445,9.192,9.1999,1.60,1.20
2009.03.09 12:55:43.725,9.1913,9.1995,1.60,1.20
2009.03.09 12:55:44.515,9.19105,9.1995,1.60,1.20
2009.03.09 12:55:44.744,9.1913,9.1995,1.60,1.20
2009.03.09 12:55:44.974,9.1913,9.1999,1.60,1.20
2009.03.09 12:55:45.214,9.1926,9.1999,1.60,1.20
2009.03.09 12:55:45.454,9.19205,9.1999,1.60,1.20
2009.03.09 12:55:45.744,9.19275,9.1999,1.60,1.20
2009.03.09 12:55:45.964,9.19275,9.1996,1.60,1.20
2009.03.09 12:55:46.185,9.19255,9.1996,1.60,1.20
2009.03.09 12:55:47.444,9.1927,9.1996,1.60,1.20
2009.03.09 12:55:48.314,9.19265,9.1996,1.60,1.20
2009.03.09 12:55:49.053,9.19205,9.199,1.60,1.20
2009.03.09 12:55:49.494,9.19185,9.199,1.60,1.20
2009.03.09 12:55:49.963,9.1917,9.1987,1.60,1.20
2009.03.09 12:55:50.653,9.1915,9.1985,1.60,1.20
2009.03.09 12:55:51.233,9.1912,9.1981,1.60,1.20
2009.03.09 12:55:52.663,9.19105,9.1981,1.60,1.20
2009.03.09 12:55:54.162,9.1912,9.1985,1.60,1.20
2009.03.09 12:55:54.622,9.1912,9.1988,1.60,1.20
2009.03.09 12:55:54.952,9.1917,9.1988,1.60,1.20
2009.03.09 12:55:55.122,9.19185,9.1988,1.60,1.20
2009.03.09 12:55:55.992,9.1917,9.1988,1.60,1.20
2009.03.09 12:55:56.462,9.1917,9.1981,1.60,1.20
2009.03.09 12:55:56.702,9.19165,9.1985,1.60,1.20
2009.03.09 12:55:57.791,9.19135,9.1985,1.60,1.20
2009.03.09 12:55:58.141,9.19135,9.1981,1.60,1.20
2009.03.09 12:55:58.641,9.1911,9.1981,1.60,1.20
2009.03.09 12:55:59.211,9.19105,9.1981,1.60,1.20
2009.03.09 12:55:59.551,9.19105,9.1974,1.60,1.20
2009.03.09 12:55:59.841,9.1903,9.1974,1.60,1.20
2009.03.09 12:56:00.761,9.19025,9.1974,1.60,1.20
2009.03.09 12:56:01.410,9.1909,9.1981,1.60,1.20
2009.03.09 12:56:02.410,9.1908,9.1977,1.60,1.20
2009.03.09 12:56:02.571,9.1908,9.1974,1.60,1.20
2009.03.09 12:56:03.350,9.1903,9.1974,1.60,1.20
2009.03.09 12:56:04.330,9.1903,9.1968,1.60,1.20
2009.03.09 12:56:04.500,9.18985,9.1968,1.60,1.20
2009.03.09 12:56:04.960,9.1901,9.1972,1.60,1.20
2009.03.09 12:56:05.130,9.1901,9.1976,1.60,1.20
2009.03.09 12:56:05.720,9.19085,9.1974,1.60,1.20
2009.03.09 12:56:06.170,9.19205,9.1978,1.60,1.20
2009.03.09 12:56:06.639,9.19205,9.1981,1.60,1.20
2009.03.09 12:56:06.979,9.19205,9.1978,1.60,1.20
2009.03.09 12:56:07.259,9.1926,9.1978,1.60,1.20
2009.03.09 12:56:08.429,9.1929,9.1978,1.60,1.20
2009.03.09 12:56:09.208,9.19255,9.1978,1.60,1.20
2009.03.09 12:56:09.710,9.19255,9.1981,1.60,1.20
2009.03.09 12:56:09.998,9.1926,9.1978,1.60,1.20
2009.03.09 12:56:10.338,9.1929,9.1985,1.60,1.20
2009.03.09 12:56:12.298,9.1926,9.1985,1.60,1.20
2009.03.09 12:56:15.117,9.19285,9.1985,1.60,1.20
2009.03.09 12:56:15.287,9.19285,9.1981,1.60,1.20
2009.03.09 12:56:17.346,9.19285,9.1978,1.60,1.20
2009.03.09 12:56:17.627,9.1926,9.1974,1.60,1.20
2009.03.09 12:56:18.287,9.19215,9.1974,2.20,1.20
2009.03.09 12:56:18.466,9.19215,9.197,2.20,1.20
2009.03.09 12:56:19.386,9.19175,9.1963,2.20,1.20
2009.03.09 12:56:19.686,9.1915,9.1967,2.40,1.20
2009.03.09 12:56:20.026,9.1915,9.1967,1.60,1.20
2009.03.09 12:56:20.356,9.19235,9.1983,1.60,1.20
2009.03.09 12:56:20.766,9.19255,9.1983,1.60,1.20
2009.03.09 12:56:21.126,9.19155,9.1993,1.60,1.20
2009.03.09 12:56:21.576,9.19255,9.1993,1.60,1.20
2009.03.09 12:56:22.065,9.19215,9.1993,1.60,1.20
2009.03.09 12:56:22.925,9.19235,9.2017,1.60,2.00
2009.03.09 12:56:23.655,9.19235,9.2007,1.60,1.20
2009.03.09 12:56:23.885,9.19265,9.2011,1.60,1.20
2009.03.09 12:56:24.175,9.19265,9.2014,1.60,1.20
2009.03.09 12:56:24.345,9.19325,9.2014,1.60,1.20
2009.03.09 12:56:24.565,9.19335,9.2014,1.60,1.20
2009.03.09 12:56:24.805,9.19335,9.2024,1.60,1.20
2009.03.09 12:56:25.154,9.1937,9.2027,8.00,1.20
2009.03.09 12:56:25.484,9.19375,9.2031,1.60,1.20
2009.03.09 12:56:25.805,9.1945,9.2031,8.00,1.20
2009.03.09 12:56:26.044,9.1948,9.2029,1.60,1.20
2009.03.09 12:56:26.534,9.1951,9.2029,1.60,1.20
2009.03.09 12:56:27.204,9.1929,9.2004,1.60,1.20
2009.03.09 12:56:27.494,9.1913,9.2004,2.20,1.20
2009.03.09 12:56:27.784,9.1913,9.1997,2.20,1.20
2009.03.09 12:56:28.064,9.19055,9.1997,2.20,1.20
2009.03.09 12:56:28.514,9.19095,9.1987,2.20,1.20
2009.03.09 12:56:28.794,9.1902,9.1984,1.60,1.20
2009.03.09 12:56:30.523,9.1901,9.1982,2.20,1.20
2009.03.09 12:56:30.923,9.1901,9.1978,2.20,1.20
2009.03.09 12:56:31.223,9.1902,9.1978,2.20,1.20
2009.03.09 12:56:32.813,9.19075,9.1978,2.20,1.20
2009.03.09 12:56:33.213,9.19075,9.1999,2.20,2.60
2009.03.09 12:56:33.543,9.1906,9.1989,2.20,1.20
2009.03.09 12:56:34.003,9.19055,9.1989,2.20,1.20
2009.03.09 12:56:35.142,9.19065,9.1989,2.20,1.20
2009.03.09 12:56:36.962,9.1906,9.198,1.60,1.20
2009.03.09 12:56:37.142,9.1906,9.1984,1.60,1.20
2009.03.09 12:56:37.382,9.19005,9.1984,1.60,1.20
2009.03.09 12:56:37.552,9.19005,9.1998,1.60,1.20
2009.03.09 12:56:37.902,9.1901,9.2002,9.60,1.20
2009.03.09 12:56:38.292,9.1906,9.2002,1.60,1.20
2009.03.09 12:56:38.591,9.1913,9.2,1.60,1.20
2009.03.09 12:56:39.301,9.1914,9.2,1.60,1.20
2009.03.09 12:56:39.591,9.19065,9.2,1.60,1.20
2009.03.09 12:56:39.821,9.19065,9.1988,1.60,1.20
2009.03.09 12:56:40.731,9.19095,9.1988,2.20,1.20
2009.03.09 12:56:40.971,9.1908,9.1989,1.60,1.20
2009.03.09 12:56:41.191,9.19035,9.1982,2.20,1.20
2009.03.09 12:56:41.881,9.1903,9.1982,1.60,1.20
2009.03.09 12:56:42.180,9.1899,9.197,2.20,1.20
2009.03.09 12:56:44.190,9.18925,9.1984,1.60,1.20
2009.03.09 12:56:44.300,9.19,9.1984,1.60,1.20
2009.03.09 12:56:44.760,9.19,9.1991,9.60,1.20
2009.03.09 12:56:44.990,9.1906,9.2006,1.60,1.20
2009.03.09 12:56:45.440,9.1913,9.2006,1.60,1.20
2009.03.09 12:56:45.950,9.1913,9.2004,1.60,1.20
2009.03.09 12:56:46.329,9.19205,9.2009,1.60,1.20
2009.03.09 12:56:46.610,9.1926,9.2009,1.60,1.20
2009.03.09 12:56:46.939,9.1926,9.2008,1.60,1.20
2009.03.09 12:56:47.279,9.1929,9.20015,1.60,1.20
2009.03.09 12:56:47.559,9.1923,9.1981,2.20,1.20
2009.03.09 12:56:47.899,9.19205,9.1977,2.20,1.20
2009.03.09 12:56:48.589,9.19175,9.1973,2.20,1.20
2009.03.09 12:56:49.039,9.19235,9.197,2.20,1.20
2009.03.09 12:56:49.379,9.19235,9.1977,2.20,1.20
2009.03.09 12:56:49.599,9.1928,9.198,2.20,1.20
2009.03.09 12:56:50.299,9.1931,9.1984,2.20,1.20
2009.03.09 12:56:50.889,9.19255,9.1977,2.20,1.20
2009.03.09 12:56:53.388,9.19205,9.1973,2.20,1.20
2009.03.09 12:56:56.227,9.1931,9.1984,2.20,1.20
2009.03.09 12:57:00.066,9.19255,9.1977,3.00,1.20
2009.03.09 12:57:00.236,9.19255,9.1977,2.20,1.20
2009.03.09 12:57:00.636,9.193,9.197,1.00,1.20
2009.03.09 12:57:00.867,9.19185,9.197,2.20,1.20
2009.03.09 12:57:01.086,9.19185,9.1973,2.20,1.20
2009.03.09 12:57:01.367,9.19215,9.1973,2.20,1.20
2009.03.09 12:57:01.866,9.19285,9.1977,2.20,1.20
2009.03.09 12:57:02.206,9.19305,9.1984,2.20,1.20
2009.03.09 12:57:03.255,9.19355,9.1988,2.20,1.20
2009.03.09 12:57:03.925,9.19385,9.1988,2.20,1.20
2009.03.09 12:57:04.105,9.19385,9.1991,2.20,1.20
2009.03.09 12:57:04.785,9.19355,9.1991,2.20,1.20
2009.03.09 12:57:05.065,9.19385,9.1988,2.20,1.20
2009.03.09 12:57:05.455,9.19385,9.1991,2.20,1.20
2009.03.09 12:57:05.695,9.19395,9.1995,2.20,1.20
2009.03.09 12:57:05.925,9.19395,9.1991,2.20,1.20
2009.03.09 12:57:06.155,9.19455,9.1991,2.20,1.20
2009.03.09 12:57:06.545,9.19455,9.2001,2.20,1.20
2009.03.09 12:57:08.844,9.195,9.2002,2.20,1.20
2009.03.09 12:57:09.074,9.1953,9.2006,2.20,1.20
2009.03.09 12:57:11.523,9.195,9.201,2.20,1.20
2009.03.09 12:57:11.803,9.1953,9.2004,2.20,1.20
2009.03.09 12:57:12.094,9.19575,9.2004,2.20,1.20
2009.03.09 12:57:12.433,9.195,9.2006,2.20,1.20
2009.03.09 12:57:12.653,9.19525,9.2002,2.20,1.20
2009.03.09 12:57:12.943,9.19575,9.2007,2.20,1.20
2009.03.09 12:57:13.233,9.19575,9.2011,2.20,1.20
2009.03.09 12:57:13.523,9.19575,9.2015,2.20,1.20
2009.03.09 12:57:13.863,9.19575,9.2011,2.20,1.20
2009.03.09 12:57:15.813,9.19575,9.2015,2.20,1.20
2009.03.09 12:57:16.442,9.19575,9.201,2.20,1.20
2009.03.09 12:57:16.962,9.195,9.2003,2.20,1.20
2009.03.09 12:57:18.092,9.1947,9.1999,2.20,1.20
2009.03.09 12:57:18.362,9.195,9.2003,2.20,1.20
2009.03.09 12:57:18.642,9.1943,9.2001,2.20,1.20
2009.03.09 12:57:18.998,9.1943,9.1996,2.20,1.20
2009.03.09 12:57:19.292,9.19455,9.1996,2.20,1.20
2009.03.09 12:57:19.522,9.19455,9.1999,2.20,1.20
2009.03.09 12:57:20.681,9.19455,9.1992,2.20,1.20
2009.03.09 12:57:21.241,9.19455,9.1999,2.20,1.20
2009.03.09 12:57:23.931,9.19425,9.1996,2.20,1.20
2009.03.09 12:57:24.271,9.19355,9.1996,2.20,1.20
2009.03.09 12:57:24.550,9.19425,9.199,2.20,1.20
2009.03.09 12:57:24.840,9.19365,9.1998,2.20,1.20
2009.03.09 12:57:25.060,9.19365,9.1996,2.20,1.20
2009.03.09 12:57:25.230,9.19425,9.1998,2.20,1.20
2009.03.09 12:57:25.670,9.194,9.1998,2.20,1.20
2009.03.09 12:57:26.010,9.194,9.1987,2.20,1.20
2009.03.09 12:57:26.350,9.1933,9.1987,2.20,1.20
2009.03.09 12:57:26.740,9.19355,9.1994,2.20,1.20
2009.03.09 12:57:27.010,9.19355,9.199,2.20,1.20
2009.03.09 12:57:27.240,9.19385,9.1988,2.20,1.20
2009.03.09 12:57:27.639,9.19385,9.1992,2.20,1.20
2009.03.09 12:57:28.319,9.19325,9.1992,3.00,1.20
2009.03.09 12:57:28.669,9.19325,9.1985,2.20,1.20
2009.03.09 12:57:29.069,9.19355,9.1985,2.20,1.20
2009.03.09 12:57:29.419,9.19355,9.1988,2.20,1.20
2009.03.09 12:57:30.629,9.19385,9.1988,2.20,1.20
2009.03.09 12:57:30.899,9.19385,9.1992,2.20,1.20
2009.03.09 12:57:33.208,9.19355,9.1988,2.20,1.20
2009.03.09 12:57:33.429,9.19385,9.1992,2.20,1.20
2009.03.09 12:57:35.158,9.19325,9.1992,2.20,1.20
2009.03.09 12:57:35.218,9.19325,9.1985,2.20,1.20
2009.03.09 12:57:37.737,9.1937,9.1985,1.00,1.20
2009.03.09 12:57:38.207,9.19235,9.1985,2.20,1.20
2009.03.09 12:57:38.387,9.19235,9.1979,2.20,1.20
2009.03.09 12:57:38.897,9.1926,9.1979,2.20,1.20
2009.03.09 12:57:39.217,9.1928,9.1983,2.20,1.20
2009.03.09 12:57:41.796,9.1931,9.1981,2.20,1.20
2009.03.09 12:57:41.966,9.1931,9.1985,2.20,1.20
2009.03.09 12:57:43.536,9.1928,9.1981,2.20,1.20
2009.03.09 12:57:44.165,9.1925,9.1977,2.20,1.20
2009.03.09 12:57:48.445,9.1918,9.197,2.20,1.20
2009.03.09 12:57:51.854,9.19135,9.197,2.20,1.20
2009.03.09 12:57:52.034,9.19135,9.1966,2.20,1.20
2009.03.09 12:57:52.824,9.19105,9.1963,2.20,1.20
2009.03.09 12:57:55.383,9.1916,9.1963,2.20,1.20
2009.03.09 12:57:55.733,9.1916,9.197,2.20,1.20
2009.03.09 12:57:55.853,9.19135,9.197,2.20,1.20
2009.03.09 12:57:56.033,9.19135,9.1966,2.20,1.20
2009.03.09 12:57:56.433,9.19165,9.197,2.20,1.20
2009.03.09 12:58:03.901,9.19135,9.197,2.20,1.20
2009.03.09 12:58:04.131,9.19135,9.1966,2.20,1.20
2009.03.09 12:58:05.660,9.19105,9.1963,2.20,1.20
2009.03.09 12:58:06.060,9.19135,9.1966,2.20,1.20
2009.03.09 12:58:06.350,9.19165,9.1966,2.20,1.20
2009.03.09 12:58:06.520,9.19165,9.197,2.20,1.20
2009.03.09 12:58:09.399,9.1923,9.197,2.20,1.20
2009.03.09 12:58:10.009,9.1923,9.1977,2.20,1.20
2009.03.09 12:58:10.419,9.1928,9.1981,2.20,1.20
2009.03.09 12:58:11.669,9.19285,9.1977,1.00,1.20
2009.03.09 12:58:12.009,9.19285,9.197,1.00,1.20
2009.03.09 12:58:12.368,9.19065,9.1966,2.20,1.20
2009.03.09 12:58:12.649,9.19095,9.1966,2.20,1.20
2009.03.09 12:58:14.868,9.19105,9.1966,2.20,1.20
2009.03.09 12:58:14.988,9.19105,9.1963,2.20,1.20
2009.03.09 12:58:16.118,9.1906,9.1963,2.20,1.20
2009.03.09 12:58:16.448,9.1912,9.1959,1.00,1.20
2009.03.09 12:58:16.737,9.1901,9.1955,2.20,1.20
2009.03.09 12:58:17.468,9.18965,9.1955,2.20,1.20
2009.03.09 12:58:17.587,9.18965,9.1952,2.20,1.20
2009.03.09 12:58:18.127,9.19015,9.1955,2.20,1.20
2009.03.09 12:58:19.317,9.1906,9.1955,2.20,1.20
2009.03.09 12:58:19.427,9.1906,9.1959,2.20,1.20
2009.03.09 12:58:20.177,9.1909,9.1963,2.20,1.20
2009.03.09 12:58:22.506,9.1909,9.1962,2.20,1.20
2009.03.09 12:58:22.736,9.1906,9.1962,2.20,1.20
2009.03.09 12:58:23.006,9.1906,9.1959,2.20,1.20
2009.03.09 12:58:24.206,9.19025,9.1959,2.20,1.20
2009.03.09 12:58:24.706,9.19025,9.1955,2.20,1.20
2009.03.09 12:58:24.996,9.1909,9.1955,1.00,1.20
2009.03.09 12:58:25.225,9.1894,9.1948,2.20,1.20
2009.03.09 12:58:25.406,9.1899,9.1948,2.20,1.20
2009.03.09 12:58:25.735,9.1899,9.1955,2.20,1.20
2009.03.09 12:58:26.945,9.18985,9.1951,2.20,1.20
2009.03.09 12:58:27.251,9.18955,9.1951,2.20,1.20
2009.03.09 12:58:27.416,9.18955,9.1948,2.20,1.20
2009.03.09 12:58:28.915,9.1899,9.1949,2.20,1.20
2009.03.09 12:58:29.385,9.1906,9.1949,1.20,1.20
2009.03.09 12:58:29.615,9.1907,9.1949,1.20,1.20
2009.03.09 12:58:29.965,9.1911,9.1953,1.20,1.20
2009.03.09 12:58:30.294,9.1907,9.1949,1.20,1.20
2009.03.09 12:58:30.654,9.1913,9.1953,1.20,1.20
2009.03.09 12:58:31.004,9.1909,9.1949,1.20,1.20
2009.03.09 12:58:34.403,9.19035,9.1949,2.20,1.20
2009.03.09 12:58:34.753,9.1914,9.1966,1.20,1.20
2009.03.09 12:58:37.882,9.19045,9.1964,2.20,1.20
2009.03.09 12:58:38.053,9.1915,9.1968,1.20,1.20
2009.03.09 12:58:39.012,9.19075,9.1972,2.20,1.20
2009.03.09 12:58:39.332,9.192,9.20065,1.20,1.40
2009.03.09 12:58:39.512,9.1918,9.2004,1.60,1.20
2009.03.09 12:58:39.912,9.19175,9.2004,1.60,1.20
2009.03.09 12:58:40.272,9.19125,9.2,1.60,1.20
2009.03.09 12:58:40.492,9.19145,9.2,1.60,1.20
2009.03.09 12:58:40.782,9.1917,9.2,1.60,1.20
2009.03.09 12:58:41.681,9.1917,9.1996,1.60,1.20
2009.03.09 12:58:42.122,9.1914,9.1996,1.60,1.20
2009.03.09 12:58:42.661,9.1924,9.2022,1.60,1.20
2009.03.09 12:58:43.521,9.1923,9.2022,1.60,1.20
2009.03.09 12:58:44.661,9.1926,9.2018,1.60,1.20
2009.03.09 12:58:48.570,9.1927,9.2018,1.60,1.20
2009.03.09 12:58:49.030,9.1927,9.2014,1.60,1.20
2009.03.09 12:58:49.370,9.19245,9.2014,1.60,1.20
2009.03.09 12:58:50.419,9.1922,9.2011,1.60,1.20
2009.03.09 12:58:51.080,9.19195,9.2011,1.60,1.20
2009.03.09 12:58:51.729,9.1929,9.2011,1.60,1.20
2009.03.09 12:58:52.069,9.1929,9.2013,1.60,1.20
2009.03.09 12:58:52.349,9.19285,9.2013,1.60,1.20
2009.03.09 12:58:52.969,9.1929,9.2013,1.60,1.20
2009.03.09 12:58:53.369,9.1932,9.202,1.60,1.20
2009.03.09 12:58:54.039,9.19395,9.2024,1.60,1.20
2009.03.09 12:58:54.598,9.1943,9.2028,1.60,1.20
2009.03.09 12:58:55.258,9.1951,9.2031,1.60,1.20
2009.03.09 12:58:55.708,9.1951,9.2041,1.60,1.20
2009.03.09 12:58:56.038,9.1956,9.2041,1.60,1.20
2009.03.09 12:58:57.128,9.1956,9.2035,1.60,1.20
2009.03.09 12:58:57.908,9.1956,9.2028,1.60,1.20
2009.03.09 12:58:58.298,9.19425,9.2028,1.60,1.20
2009.03.09 12:58:59.327,9.19455,9.2028,1.60,1.20
2009.03.09 12:58:59.567,9.1945,9.2028,1.60,1.20
2009.03.09 12:59:00.127,9.1944,9.2021,1.60,1.20
2009.03.09 12:59:00.357,9.19365,9.2021,1.60,1.20
2009.03.09 12:59:00.527,9.19365,9.2014,1.60,1.20
2009.03.09 12:59:00.747,9.19365,9.2027,1.60,1.20
2009.03.09 12:59:00.977,9.19375,9.2019,1.60,1.20
2009.03.09 12:59:01.367,9.19365,9.2019,1.60,1.20
2009.03.09 12:59:02.057,9.19315,9.2011,1.60,1.20
2009.03.09 12:59:02.407,9.19385,9.2009,2.20,1.20
2009.03.09 12:59:03.096,9.19455,9.2014,2.20,1.20
2009.03.09 12:59:03.386,9.1939,9.201,2.20,1.20
2009.03.09 12:59:05.146,9.19465,9.201,2.20,1.20
2009.03.09 12:59:05.556,9.1951,9.2012,2.20,1.20
2009.03.09 12:59:05.776,9.1951,9.2015,2.20,1.20
2009.03.09 12:59:08.535,9.1954,9.2015,2.20,1.20
2009.03.09 12:59:08.705,9.1954,9.2019,2.20,1.20
2009.03.09 12:59:11.865,9.19525,9.2019,2.20,1.20
2009.03.09 12:59:12.095,9.19525,9.2015,2.20,1.20
2009.03.09 12:59:13.874,9.19465,9.2015,2.20,1.20
2009.03.09 12:59:13.934,9.19465,9.2012,2.20,1.20
2009.03.09 12:59:14.324,9.19455,9.2008,2.20,1.20
2009.03.09 12:59:14.434,9.19465,9.2008,2.20,1.20
2009.03.09 12:59:14.963,9.19465,9.2012,2.20,1.20
2009.03.09 12:59:17.353,9.19455,9.2008,2.20,1.20
2009.03.09 12:59:17.983,9.19395,9.2001,2.20,1.20
2009.03.09 12:59:18.393,9.1938,9.2004,2.20,1.20
2009.03.09 12:59:18.743,9.19395,9.2004,2.20,1.20
2009.03.09 12:59:19.502,9.1938,9.2004,2.20,1.20
2009.03.09 12:59:19.782,9.19395,9.2001,2.20,1.20
2009.03.09 12:59:20.062,9.19395,9.2004,2.20,1.20
2009.03.09 12:59:21.322,9.1938,9.2001,2.20,1.20
2009.03.09 12:59:21.842,9.19435,9.2008,2.20,1.20
2009.03.09 12:59:22.062,9.19465,9.2008,2.20,1.20
2009.03.09 12:59:22.352,9.19455,9.2012,2.20,1.20
2009.03.09 12:59:22.812,9.19455,9.2008,2.20,1.20
2009.03.09 12:59:23.891,9.19465,9.2012,2.20,1.20
2009.03.09 12:59:24.391,9.19455,9.2008,2.20,1.20
2009.03.09 12:59:24.791,9.19465,9.2008,2.20,1.20
2009.03.09 12:59:24.951,9.19465,9.2012,2.20,1.20
2009.03.09 12:59:25.251,9.1951,9.2015,2.20,1.20
2009.03.09 12:59:29.060,9.19465,9.2015,2.20,1.20
2009.03.09 12:59:29.180,9.19465,9.2012,2.20,1.20
2009.03.09 12:59:29.770,9.1947,9.2012,2.20,1.20
2009.03.09 12:59:29.990,9.1947,9.1987,2.20,1.20
2009.03.09 12:59:30.889,9.1944,9.1983,2.20,1.20
2009.03.09 12:59:31.380,9.1947,9.1983,2.20,1.20
2009.03.09 12:59:31.720,9.1945,9.1983,2.20,1.20
2009.03.09 12:59:32.230,9.1945,9.1975,2.20,1.20
2009.03.09 12:59:32.519,9.19425,9.1971,3.00,1.20
2009.03.09 12:59:32.909,9.19425,9.1971,2.20,1.20
2009.03.09 12:59:33.199,9.1945,9.1969,2.20,1.20
2009.03.09 12:59:33.549,9.1945,9.1973,2.20,1.20
2009.03.09 12:59:34.788,9.1948,9.1973,2.20,1.20
2009.03.09 12:59:34.949,9.1948,9.1976,2.20,1.20
2009.03.09 12:59:36.208,9.19555,9.197,1.00,1.20
2009.03.09 12:59:36.519,9.19415,9.197,2.20,1.20
2009.03.09 12:59:37.678,9.19435,9.1977,2.20,1.20
2009.03.09 12:59:40.687,9.19425,9.1977,2.20,1.20
2009.03.09 12:59:40.908,9.19425,9.1983,2.20,1.20
2009.03.09 12:59:41.817,9.19425,9.1984,2.20,1.20
2009.03.09 12:59:44.017,9.19425,9.1988,2.20,1.20
2009.03.09 12:59:44.256,9.1955,9.1988,1.20,1.20
2009.03.09 12:59:47.106,9.1957,9.1987,1.20,1.20
2009.03.09 12:59:51.894,9.1962,9.1989,1.20,1.20
2009.03.09 12:59:54.184,9.1964,9.1993,1.20,1.20
2009.03.09 12:59:54.364,9.1952,9.2033,2.80,1.20
2009.03.09 12:59:54.864,9.1952,9.2034,2.80,1.20
2009.03.09 12:59:56.063,9.19545,9.203,1.60,1.20
2009.03.09 12:59:56.623,9.1962,9.203,1.20,1.20
2009.03.09 12:59:56.853,9.1963,9.2034,1.20,1.20
2009.03.09 12:59:57.193,9.1959,9.2034,1.60,1.20
2009.03.09 12:59:57.783,9.1961,9.2037,2.80,1.20
2009.03.09 12:59:58.023,9.1969,9.2037,1.20,1.20
2009.03.09 12:59:59.463,9.1956,9.2034,1.60,1.20
