2011.06.30 18:00:00.824,6.31875,6.32122,1.15,1.50
2011.06.30 18:00:06.882,6.31885,6.32122,1.35,1.50
2011.06.30 18:00:07.213,6.31909,6.32122,1.30,1.50
2011.06.30 18:00:08.374,6.31885,6.32122,1.35,1.50
2011.06.30 18:00:08.489,6.31874,6.32122,1.15,1.50
2011.06.30 18:00:09.241,6.31871,6.32122,1.15,1.50
2011.06.30 18:00:24.763,6.31857,6.32104,1.15,1.50
2011.06.30 18:00:26.203,6.31845,6.32099,1.30,1.50
2011.06.30 18:00:30.192,6.31836,6.32092,1.15,1.50
2011.06.30 18:00:30.695,6.31835,6.3208,1.15,1.50
2011.06.30 18:00:32.744,6.31836,6.32093,1.35,1.50
2011.06.30 18:00:33.072,6.3185,6.32102,1.35,2.25
2011.06.30 18:00:33.513,6.31828,6.32082,1.36,1.35
2011.06.30 18:00:33.732,6.31828,6.32015,1.36,2.10
2011.06.30 18:00:33.953,6.31779,6.32008,1.36,4.35
2011.06.30 18:00:34.062,6.31779,6.31994,1.36,3.75
2011.06.30 18:00:34.172,6.31779,6.31994,1.30,3.75
2011.06.30 18:00:34.391,6.31779,6.32008,1.30,3.75
2011.06.30 18:00:36.236,6.31835,6.32075,4.35,1.50
2011.06.30 18:00:36.355,6.31853,6.32115,1.35,1.50
2011.06.30 18:00:36.462,6.31857,6.32115,1.30,1.50
2011.06.30 18:00:37.512,6.31863,6.32116,1.30,1.35
2011.06.30 18:00:38.882,6.31881,6.32126,1.30,1.35
2011.06.30 18:00:40.272,6.31896,6.32145,1.15,1.50
2011.06.30 18:00:52.092,6.31893,6.32141,1.35,1.50
2011.06.30 18:00:52.628,6.31871,6.32126,1.15,1.50
2011.06.30 18:01:05.060,6.31866,6.32127,1.30,1.50
2011.06.30 18:01:08.954,6.3188,6.32146,1.30,1.50
2011.06.30 18:01:09.175,6.31889,6.32146,1.30,1.50
2011.06.30 18:01:19.742,6.31892,6.32146,1.30,1.50
2011.06.30 18:01:23.062,6.31902,6.32146,1.30,1.50
2011.06.30 18:01:25.716,6.31902,6.32143,1.30,1.50
2011.06.30 18:01:25.935,6.31884,6.32126,1.30,1.50
2011.06.30 18:01:26.153,6.31876,6.32126,1.30,1.50
2011.06.30 18:01:26.592,6.31874,6.32119,1.30,1.50
2011.06.30 18:01:29.462,6.31867,6.32119,2.05,1.50
2011.06.30 18:01:36.204,6.31867,6.3211,1.30,1.50
2011.06.30 18:01:36.422,6.31856,6.32098,1.90,1.50
2011.06.30 18:01:36.643,6.31858,6.32109,1.30,1.50
2011.06.30 18:01:36.752,6.31864,6.32118,1.30,1.50
2011.06.30 18:01:36.972,6.31864,6.32118,1.30,1.50
2011.06.30 18:01:41.502,6.31938,6.32118,1.30,1.50
2011.06.30 18:01:51.223,6.31958,6.32109,1.30,5.25
2011.06.30 18:01:51.555,6.31911,6.3206,1.30,1.35
2011.06.30 18:01:51.663,6.31911,6.32052,1.30,1.45
2011.06.30 18:01:51.774,6.319,6.32029,1.30,1.50
2011.06.30 18:01:51.885,6.31877,6.32028,1.30,1.35
2011.06.30 18:01:51.995,6.31877,6.32028,1.30,1.35
2011.06.30 18:01:52.433,6.31872,6.32021,1.30,1.35
2011.06.30 18:01:52.764,6.3183,6.31985,1.30,1.50
2011.06.30 18:01:52.874,6.31835,6.3199,1.30,1.50
2011.06.30 18:01:52.986,6.31835,6.31991,1.30,1.35
2011.06.30 18:01:53.103,6.31857,6.32007,1.30,1.35
2011.06.30 18:01:54.567,6.31857,6.32034,1.30,1.50
2011.06.30 18:01:54.686,6.31883,6.32038,1.30,3.75
2011.06.30 18:01:54.807,6.31889,6.32055,1.30,1.35
2011.06.30 18:01:54.926,6.31779,6.32055,1.30,1.35
2011.06.30 18:01:55.036,6.31777,6.32055,1.30,1.35
2011.06.30 18:01:55.153,6.31777,6.32049,1.30,1.50
2011.06.30 18:01:55.811,6.31777,6.32049,1.30,1.50
2011.06.30 18:01:56.033,6.31797,6.32049,1.30,1.50
2011.06.30 18:01:56.582,6.31797,6.32055,1.30,1.35
2011.06.30 18:01:56.929,6.31797,6.32055,1.30,1.35
2011.06.30 18:01:57.605,6.31797,6.32049,1.30,1.50
2011.06.30 18:01:58.044,6.31797,6.32046,1.30,1.50
2011.06.30 18:01:58.895,6.31848,6.32023,1.30,1.50
2011.06.30 18:01:59.912,6.31754,6.32023,1.15,1.50
2011.06.30 18:02:00.611,6.31773,6.32043,1.35,1.50
2011.06.30 18:02:00.833,6.31775,6.32047,1.50,1.50
2011.06.30 18:02:01.052,6.31795,6.32047,1.50,1.50
2011.06.30 18:02:01.382,6.31793,6.32047,1.35,1.50
2011.06.30 18:02:01.492,6.31795,6.32047,1.30,1.50
2011.06.30 18:02:02.263,6.31793,6.32047,1.35,1.50
2011.06.30 18:02:02.593,6.31765,6.32017,1.30,1.35
2011.06.30 18:02:02.702,6.31765,6.32014,1.30,1.35
2011.06.30 18:02:03.373,6.31769,6.32014,1.30,1.35
2011.06.30 18:02:03.813,6.31785,6.32038,1.35,1.50
2011.06.30 18:02:04.032,6.31786,6.32041,1.30,1.50
2011.06.30 18:02:04.362,6.31786,6.32052,1.30,1.50
2011.06.30 18:02:04.472,6.31805,6.32061,1.30,1.50
2011.06.30 18:02:04.692,6.31805,6.32061,1.30,1.50
2011.06.30 18:02:05.582,6.31807,6.32061,1.30,1.50
2011.06.30 18:02:08.292,6.31807,6.3206,1.30,1.50
2011.06.30 18:02:08.401,6.31807,6.32061,1.30,1.50
2011.06.30 18:02:08.512,6.31807,6.32061,1.30,1.50
2011.06.30 18:02:08.731,6.31807,6.32054,1.30,1.50
2011.06.30 18:02:09.323,6.31807,6.32061,1.30,1.50
2011.06.30 18:02:10.061,6.31807,6.32054,1.30,1.50
2011.06.30 18:02:11.371,6.31807,6.32061,1.30,1.50
2011.06.30 18:02:11.922,6.31807,6.32054,1.30,1.50
2011.06.30 18:02:12.254,6.31784,6.32023,1.30,1.35
2011.06.30 18:02:12.363,6.31778,6.32017,1.50,1.35
2011.06.30 18:02:12.581,6.31771,6.32017,1.30,1.35
2011.06.30 18:02:15.663,6.31753,6.31992,4.50,1.35
2011.06.30 18:02:15.773,6.31723,6.31973,1.30,1.35
2011.06.30 18:02:15.993,6.31754,6.31974,1.35,1.50
2011.06.30 18:02:16.406,6.31741,6.31998,1.15,2.25
2011.06.30 18:02:17.402,6.31754,6.32003,1.35,1.50
2011.06.30 18:02:17.513,6.31754,6.32003,1.90,1.50
2011.06.30 18:02:26.883,6.31754,6.31999,1.90,1.50
2011.06.30 18:02:27.102,6.31754,6.32,1.90,1.13
2011.06.30 18:02:29.583,6.31755,6.32007,1.30,1.35
2011.06.30 18:02:31.455,6.31755,6.32007,1.30,1.35
2011.06.30 18:02:32.420,6.31755,6.32009,1.30,1.35
2011.06.30 18:02:33.004,6.31755,6.32007,1.30,1.35
2011.06.30 18:02:34.402,6.31755,6.32007,1.30,2.10
2011.06.30 18:02:34.732,6.31754,6.32003,1.35,1.50
2011.06.30 18:02:35.703,6.3175,6.31997,1.15,1.50
2011.06.30 18:02:35.923,6.31729,6.31982,1.30,1.35
2011.06.30 18:02:36.142,6.31724,6.31982,1.30,1.35
2011.06.30 18:02:36.582,6.31724,6.3198,1.30,1.35
2011.06.30 18:02:38.682,6.31724,6.31968,1.30,1.50
2011.06.30 18:02:38.793,6.3169,6.3195,1.15,1.50
2011.06.30 18:02:39.122,6.3169,6.31941,1.15,1.50
2011.06.30 18:02:39.562,6.31703,6.31947,1.15,1.50
2011.06.30 18:02:44.153,6.31703,6.31971,1.90,1.50
2011.06.30 18:02:44.372,6.31715,6.31972,1.30,2.25
2011.06.30 18:02:51.964,6.31704,6.31963,1.30,1.50
2011.06.30 18:02:53.062,6.31704,6.31972,1.30,2.25
2011.06.30 18:02:54.692,6.31715,6.31972,1.30,2.25
2011.06.30 18:02:55.382,6.31703,6.3196,1.15,1.50
2011.06.30 18:02:55.603,6.31688,6.31942,1.35,1.50
2011.06.30 18:02:56.043,6.31688,6.31942,1.35,1.50
2011.06.30 18:02:59.238,6.31684,6.31936,1.30,1.35
2011.06.30 18:03:06.733,6.3166,6.31868,1.30,1.35
2011.06.30 18:03:06.953,6.31614,6.31868,1.30,1.35
2011.06.30 18:03:16.294,6.31617,6.31853,1.30,1.35
2011.06.30 18:03:16.513,6.31632,6.31871,1.30,1.35
2011.06.30 18:03:17.585,6.3164,6.31871,1.30,1.35
2011.06.30 18:03:17.802,6.31625,6.31871,1.30,1.35
2011.06.30 18:03:18.481,6.31637,6.31871,1.30,1.35
2011.06.30 18:03:20.142,6.31637,6.31882,1.30,1.50
2011.06.30 18:03:20.364,6.31649,6.31882,1.30,1.50
2011.06.30 18:03:21.692,6.31649,6.31895,1.30,1.35
2011.06.30 18:03:21.803,6.31663,6.31897,1.30,1.35
2011.06.30 18:03:23.961,6.31663,6.31895,1.30,1.35
2011.06.30 18:03:24.293,6.31653,6.31895,1.30,1.35
2011.06.30 18:04:02.425,6.31653,6.31897,1.30,1.35
2011.06.30 18:04:07.922,6.31662,6.31914,1.15,4.50
2011.06.30 18:04:08.143,6.31679,6.31917,1.30,1.35
2011.06.30 18:04:08.364,6.31679,6.31922,1.30,2.10
2011.06.30 18:04:08.801,6.31679,6.31922,1.30,1.35
2011.06.30 18:04:10.492,6.31717,6.31922,1.30,1.35
2011.06.30 18:04:11.579,6.3175,6.31922,1.30,1.35
2011.06.30 18:04:23.073,6.3175,6.31917,1.30,1.35
2011.06.30 18:04:23.184,6.31742,6.31917,1.30,1.35
2011.06.30 18:04:25.582,6.31742,6.31922,1.30,2.10
2011.06.30 18:04:28.922,6.31744,6.31922,1.30,2.10
2011.06.30 18:04:30.554,6.31744,6.31922,1.30,1.35
2011.06.30 18:04:30.773,6.31722,6.31922,1.30,1.35
2011.06.30 18:04:52.331,6.31748,6.31922,1.30,1.35
2011.06.30 18:04:53.771,6.31814,6.31922,1.30,1.35
2011.06.30 18:04:58.932,6.3181,6.31922,1.30,1.35
2011.06.30 18:05:00.832,6.31805,6.31922,1.30,1.35
2011.06.30 18:05:02.005,6.31809,6.31922,1.30,1.35
2011.06.30 18:05:02.223,6.31803,6.31917,1.30,1.35
2011.06.30 18:05:02.884,6.31803,6.31912,1.30,1.50
2011.06.30 18:05:03.687,6.318,6.31914,1.30,1.50
2011.06.30 18:05:03.803,6.318,6.31914,1.30,1.50
2011.06.30 18:05:04.084,6.318,6.31917,1.30,1.35
2011.06.30 18:05:05.714,6.3179,6.31914,1.30,1.50
2011.06.30 18:05:05.935,6.31795,6.31917,1.30,1.35
2011.06.30 18:05:06.593,6.31813,6.31917,1.30,1.35
2011.06.30 18:05:10.661,6.31813,6.31942,1.30,1.50
2011.06.30 18:05:10.772,6.31825,6.31942,1.30,1.50
2011.06.30 18:05:13.803,6.31795,6.31942,1.30,1.50
2011.06.30 18:05:21.623,6.31795,6.31939,1.30,1.50
2011.06.30 18:05:22.438,6.31795,6.31943,1.30,1.50
2011.06.30 18:05:34.512,6.31766,6.31953,1.30,1.50
2011.06.30 18:05:42.723,6.31766,6.31837,1.30,1.35
2011.06.30 18:05:43.345,6.31665,6.31837,1.30,1.35
2011.06.30 18:05:44.723,6.31685,6.31883,1.30,2.25
2011.06.30 18:05:44.834,6.31685,6.31916,1.30,1.50
2011.06.30 18:05:44.942,6.31685,6.31933,1.30,1.50
2011.06.30 18:05:55.059,6.31664,6.31933,2.05,1.50
2011.06.30 18:05:55.573,6.31664,6.31941,2.05,4.50
2011.06.30 18:05:57.054,6.31693,6.31947,1.30,1.50
2011.06.30 18:05:57.165,6.31693,6.31953,1.30,1.50
2011.06.30 18:05:57.274,6.31693,6.31953,1.30,1.50
2011.06.30 18:05:58.821,6.31693,6.31947,1.30,1.50
2011.06.30 18:06:06.996,6.31693,6.31945,1.30,1.50
2011.06.30 18:06:13.152,6.31693,6.31947,1.30,1.50
2011.06.30 18:06:16.577,6.31713,6.31947,1.30,1.50
2011.06.30 18:06:16.912,6.31779,6.31947,1.30,1.50
2011.06.30 18:06:35.433,6.31766,6.3194,1.30,1.50
2011.06.30 18:06:38.643,6.31735,6.31941,1.30,1.50
2011.06.30 18:06:44.685,6.31726,6.31932,1.30,1.50
2011.06.30 18:06:57.713,6.31745,6.31949,1.30,1.50
2011.06.30 18:06:58.602,6.31736,6.31942,1.30,1.50
2011.06.30 18:06:58.729,6.3173,6.31942,1.30,1.50
2011.06.30 18:06:58.841,6.31706,6.31942,1.30,1.50
2011.06.30 18:07:00.053,6.31696,6.31924,1.30,1.50
2011.06.30 18:07:18.594,6.31696,6.31895,1.30,4.50
2011.06.30 18:07:18.813,6.31618,6.3187,2.05,1.50
2011.06.30 18:07:22.073,6.3164,6.31871,1.30,1.35
2011.06.30 18:07:22.294,6.31644,6.31873,1.30,1.35
2011.06.30 18:07:25.684,6.31644,6.31896,1.30,2.25
2011.06.30 18:07:38.122,6.31644,6.31885,1.30,1.50
2011.06.30 18:07:39.633,6.31645,6.31885,1.30,1.50
2011.06.30 18:07:39.962,6.3171,6.31886,1.30,1.50
2011.06.30 18:07:44.713,6.31602,6.31877,1.35,1.50
2011.06.30 18:07:56.373,6.31615,6.31869,1.35,1.50
2011.06.30 18:07:57.263,6.31615,6.31867,1.35,1.50
2011.06.30 18:08:01.757,6.31601,6.31865,1.35,1.35
2011.06.30 18:08:02.533,6.31608,6.31865,1.30,1.35
2011.06.30 18:08:04.142,6.31601,6.31865,1.35,1.35
2011.06.30 18:08:08.123,6.31608,6.31865,1.30,1.35
2011.06.30 18:08:21.234,6.31623,6.31869,2.10,1.50
2011.06.30 18:08:21.563,6.31662,6.31902,1.35,1.50
2011.06.30 18:08:24.482,6.31693,6.31902,2.10,1.50
2011.06.30 18:08:24.703,6.31731,6.32005,1.35,1.50
2011.06.30 18:08:28.603,6.31704,6.31978,4.35,1.50
2011.06.30 18:08:28.713,6.31668,6.31957,3.00,3.75
2011.06.30 18:08:28.822,6.31653,6.31922,3.75,2.25
2011.06.30 18:08:28.932,6.31631,6.31922,4.30,2.25
2011.06.30 18:08:29.042,6.31608,6.319,1.36,3.75
2011.06.30 18:08:31.673,6.31609,6.31894,1.36,3.75
2011.06.30 18:08:32.514,6.31609,6.31891,1.36,3.75
2011.06.30 18:08:32.842,6.31609,6.31889,1.36,3.75
2011.06.30 18:08:33.593,6.31609,6.3187,1.36,3.75
2011.06.30 18:08:33.926,6.31609,6.31866,1.30,3.75
2011.06.30 18:08:34.254,6.31609,6.31859,1.30,3.75
2011.06.30 18:08:34.964,6.31608,6.31847,1.30,3.75
2011.06.30 18:08:35.294,6.31608,6.31844,1.30,3.75
2011.06.30 18:08:35.514,6.31592,6.31838,1.30,3.75
2011.06.30 18:08:35.732,6.31592,6.31828,1.30,3.75
2011.06.30 18:08:36.063,6.31592,6.31824,1.30,3.75
2011.06.30 18:08:36.393,6.31592,6.31821,1.30,3.75
2011.06.30 18:08:36.723,6.31592,6.31843,1.30,2.25
2011.06.30 18:08:36.832,6.31592,6.31885,1.30,1.50
2011.06.30 18:08:38.733,6.31592,6.31861,1.30,1.50
2011.06.30 18:08:38.843,6.31592,6.31842,1.30,1.50
2011.06.30 18:08:39.172,6.31661,6.31842,1.30,1.50
2011.06.30 18:08:39.856,6.31661,6.3183,1.30,1.35
2011.06.30 18:08:39.965,6.31635,6.31818,1.30,1.50
2011.06.30 18:08:40.402,6.31564,6.31818,1.30,1.50
2011.06.30 18:08:42.003,6.31634,6.31818,1.30,1.50
2011.06.30 18:08:42.334,6.31625,6.31818,1.30,1.50
2011.06.30 18:08:42.444,6.31631,6.31821,1.30,1.50
2011.06.30 18:08:43.493,6.31628,6.31818,1.30,1.50
2011.06.30 18:08:43.933,6.31625,6.31818,1.30,1.50
2011.06.30 18:08:45.338,6.31625,6.31818,1.30,1.50
2011.06.30 18:08:45.564,6.31642,6.31823,1.30,1.50
2011.06.30 18:08:45.792,6.31635,6.31824,1.30,1.50
2011.06.30 18:08:45.906,6.31659,6.31824,1.30,1.50
2011.06.30 18:08:46.016,6.31679,6.31864,1.30,4.50
2011.06.30 18:08:46.463,6.31673,6.31868,1.30,1.50
2011.06.30 18:08:46.684,6.31672,6.31868,1.30,1.50
2011.06.30 18:08:46.905,6.31693,6.31874,1.30,1.50
2011.06.30 18:08:52.793,6.31693,6.31868,1.30,1.50
2011.06.30 18:08:54.383,6.31683,6.31887,1.30,1.50
2011.06.30 18:09:00.852,6.31664,6.31888,1.30,1.50
2011.06.30 18:09:02.882,6.31636,6.31888,1.05,1.50
2011.06.30 18:09:06.423,6.31636,6.31888,1.05,1.50
2011.06.30 18:09:12.003,6.31636,6.31888,1.05,1.50
2011.06.30 18:09:12.592,6.31636,6.31888,1.05,1.50
2011.06.30 18:09:13.523,6.31636,6.31888,1.65,1.50
2011.06.30 18:09:13.742,6.31643,6.31888,1.45,1.50
2011.06.30 18:09:14.734,6.31653,6.31906,1.35,1.35
2011.06.30 18:09:15.064,6.31645,6.31897,1.35,1.50
2011.06.30 18:09:15.172,6.31645,6.31904,1.90,1.50
2011.06.30 18:09:15.634,6.31645,6.31897,1.90,1.50
2011.06.30 18:09:20.365,6.31645,6.3189,1.15,4.50
2011.06.30 18:09:20.475,6.31634,6.31872,1.30,1.35
2011.06.30 18:09:20.584,6.31634,6.31865,1.12,1.50
2011.06.30 18:09:20.913,6.31614,6.31862,1.43,1.50
2011.06.30 18:09:21.243,6.31601,6.31865,1.30,1.50
2011.06.30 18:09:47.241,6.31611,6.31868,1.30,1.50
2011.06.30 18:09:47.682,6.31611,6.31867,1.30,1.50
2011.06.30 18:09:49.303,6.31627,6.31872,1.30,1.35
2011.06.30 18:09:49.854,6.31616,6.31872,1.30,1.35
2011.06.30 18:09:53.295,6.31612,6.31868,1.30,1.50
2011.06.30 18:09:53.404,6.31612,6.31864,1.30,1.50
2011.06.30 18:09:55.692,6.31602,6.31864,1.30,1.50
2011.06.30 18:09:56.132,6.31612,6.31864,1.30,1.50
2011.06.30 18:09:58.213,6.31593,6.31859,1.15,1.50
2011.06.30 18:09:58.542,6.3159,6.31837,1.15,1.50
2011.06.30 18:10:00.404,6.31593,6.31856,1.15,1.50
2011.06.30 18:10:01.442,6.31585,6.31835,1.30,1.35
2011.06.30 18:10:01.662,6.31585,6.31802,1.30,1.30
2011.06.30 18:10:01.772,6.31585,6.31749,1.30,3.75
2011.06.30 18:10:02.102,6.31576,6.31747,1.30,3.75
2011.06.30 18:10:02.745,6.31576,6.31745,1.30,3.75
2011.06.30 18:10:03.193,6.31604,6.31757,1.30,3.75
2011.06.30 18:10:03.879,6.31604,6.31756,1.30,3.75
2011.06.30 18:10:04.397,6.31585,6.3177,1.30,3.75
2011.06.30 18:10:04.624,6.31585,6.31767,1.30,3.75
2011.06.30 18:10:06.823,6.31585,6.31765,1.30,3.75
2011.06.30 18:10:07.293,6.31577,6.31762,1.30,3.75
2011.06.30 18:10:07.403,6.31577,6.31759,1.30,3.75
2011.06.30 18:10:09.593,6.31561,6.31757,1.30,3.75
2011.06.30 18:10:09.703,6.31561,6.31751,1.30,3.75
2011.06.30 18:10:09.813,6.31561,6.31751,1.30,3.75
2011.06.30 18:10:10.033,6.3155,6.31734,1.30,3.75
2011.06.30 18:10:10.142,6.3155,6.31747,1.30,3.75
2011.06.30 18:10:10.472,6.3155,6.3175,1.30,3.75
2011.06.30 18:10:10.693,6.3155,6.31748,1.30,3.75
2011.06.30 18:10:12.065,6.3143,6.31616,1.30,1.35
2011.06.30 18:10:14.262,6.31312,6.31576,1.41,1.35
2011.06.30 18:10:15.034,6.31312,6.31562,1.30,1.35
2011.06.30 18:10:15.143,6.3129,6.31562,1.30,1.35
2011.06.30 18:10:15.473,6.31326,6.31562,3.75,1.35
2011.06.30 18:10:15.803,6.31413,6.31779,3.87,4.45
2011.06.30 18:10:19.109,6.31433,6.31739,3.75,4.45
2011.06.30 18:10:19.822,6.31398,6.31673,2.25,4.45
2011.06.30 18:10:23.315,6.31408,6.31686,2.25,4.45
2011.06.30 18:10:26.970,6.31408,6.31662,2.25,1.45
2011.06.30 18:10:27.321,6.31408,6.31649,2.25,1.50
2011.06.30 18:10:27.656,6.31408,6.31648,2.25,1.50
2011.06.30 18:10:27.764,6.31427,6.31661,2.25,1.50
2011.06.30 18:10:28.503,6.31427,6.31661,2.25,1.50
2011.06.30 18:10:29.265,6.31428,6.31662,2.25,1.45
2011.06.30 18:10:29.484,6.31428,6.31662,2.25,1.45
2011.06.30 18:10:30.722,6.31438,6.31662,2.25,1.45
2011.06.30 18:10:35.036,6.31447,6.31606,2.25,1.50
2011.06.30 18:10:35.364,6.31457,6.31622,3.00,1.50
2011.06.30 18:10:35.796,6.31488,6.31628,2.25,1.50
2011.06.30 18:10:36.014,6.31488,6.31645,2.25,1.50
2011.06.30 18:10:36.234,6.31488,6.31643,2.25,1.50
2011.06.30 18:10:36.673,6.31518,6.31643,2.25,1.50
2011.06.30 18:10:36.782,6.31487,6.31643,2.25,1.50
2011.06.30 18:10:37.005,6.31487,6.31658,2.25,1.50
2011.06.30 18:10:37.225,6.31488,6.31663,3.75,1.50
2011.06.30 18:10:37.333,6.31517,6.31658,2.25,1.50
2011.06.30 18:10:37.444,6.31488,6.31658,2.25,1.50
2011.06.30 18:10:40.172,6.31488,6.3165,2.25,1.50
2011.06.30 18:10:47.164,6.31477,6.3165,2.25,1.50
2011.06.30 18:10:47.274,6.31477,6.3165,2.25,1.50
2011.06.30 18:10:49.254,6.31487,6.31632,2.25,1.50
2011.06.30 18:10:51.242,6.31467,6.31632,2.25,1.50
2011.06.30 18:10:51.353,6.31467,6.31624,2.25,1.50
2011.06.30 18:10:51.683,6.31465,6.31624,4.50,1.50
2011.06.30 18:10:51.792,6.31466,6.31648,1.30,1.50
2011.06.30 18:10:53.472,6.31478,6.31648,3.75,1.50
2011.06.30 18:10:53.583,6.31478,6.31648,4.50,1.50
2011.06.30 18:10:53.803,6.31483,6.31648,3.75,1.50
2011.06.30 18:10:54.583,6.3148,6.31648,3.75,1.50
2011.06.30 18:10:54.803,6.31473,6.31648,3.75,1.50
2011.06.30 18:10:54.912,6.31497,6.31648,2.25,1.50
2011.06.30 18:10:55.290,6.31497,6.31654,2.25,1.50
2011.06.30 18:10:55.402,6.31497,6.31677,2.25,1.50
2011.06.30 18:11:01.855,6.31478,6.31677,2.25,1.50
2011.06.30 18:11:02.075,6.31497,6.31677,2.25,1.50
2011.06.30 18:11:04.576,6.31498,6.31677,2.25,1.50
2011.06.30 18:11:04.795,6.31479,6.31732,4.30,1.45
2011.06.30 18:11:08.342,6.31467,6.31732,1.30,1.45
2011.06.30 18:11:16.425,6.31488,6.31735,1.30,1.45
2011.06.30 18:11:16.754,6.31517,6.31735,2.25,1.45
2011.06.30 18:11:17.893,6.31517,6.31732,2.25,1.45
2011.06.30 18:11:18.060,6.31517,6.31735,2.25,1.45
2011.06.30 18:11:30.763,6.31508,6.31735,2.25,1.45
2011.06.30 18:11:34.314,6.31518,6.31753,2.25,1.45
2011.06.30 18:11:34.645,6.31527,6.31767,2.25,1.50
2011.06.30 18:11:34.864,6.31528,6.31772,2.25,1.45
2011.06.30 18:11:35.372,6.31528,6.31772,2.25,1.45
2011.06.30 18:11:38.014,6.31517,6.31773,2.25,1.45
2011.06.30 18:11:39.313,6.31508,6.31773,2.80,1.45
2011.06.30 18:11:39.532,6.31508,6.31773,2.25,1.45
2011.06.30 18:11:43.163,6.31517,6.31755,2.25,1.45
2011.06.30 18:11:45.697,6.31517,6.31767,3.55,1.45
2011.06.30 18:11:45.808,6.31517,6.31773,3.55,1.45
2011.06.30 18:11:48.412,6.31522,6.31773,1.30,1.45
2011.06.30 18:11:49.273,6.31527,6.31773,2.25,1.45
2011.06.30 18:11:52.473,6.31527,6.31773,3.00,1.45
2011.06.30 18:11:52.694,6.31568,6.31852,2.86,4.50
2011.06.30 18:11:53.134,6.31568,6.31852,3.61,4.50
2011.06.30 18:12:00.015,6.31619,6.31861,4.50,5.25
2011.06.30 18:12:00.448,6.31587,6.31861,1.30,5.25
2011.06.30 18:12:00.567,6.31577,6.31859,1.36,4.50
2011.06.30 18:12:00.685,6.31577,6.31853,1.36,4.50
2011.06.30 18:12:07.161,6.31582,6.31869,1.30,4.50
2011.06.30 18:12:12.184,6.31582,6.31857,1.36,4.50
2011.06.30 18:12:14.874,6.31578,6.31866,2.86,1.50
2011.06.30 18:12:19.693,6.31614,6.31902,1.30,4.50
2011.06.30 18:12:21.613,6.31614,6.31873,1.30,3.75
2011.06.30 18:12:21.833,6.31614,6.31901,1.30,4.50
2011.06.30 18:12:22.443,6.31651,6.31935,1.30,4.50
2011.06.30 18:12:22.983,6.31676,6.31935,1.30,4.50
2011.06.30 18:12:23.093,6.31698,6.31944,1.30,1.45
2011.06.30 18:12:23.554,6.31676,6.31893,1.30,3.75
2011.06.30 18:12:23.883,6.31698,6.31944,1.30,1.45
2011.06.30 18:12:27.353,6.31676,6.31924,1.30,3.75
2011.06.30 18:12:28.002,6.31716,6.3197,1.30,1.50
2011.06.30 18:12:31.353,6.31708,6.3197,1.30,1.50
2011.06.30 18:12:31.955,6.31708,6.31904,1.30,3.75
2011.06.30 18:12:32.172,6.31708,6.3197,1.30,1.50
2011.06.30 18:12:34.002,6.31708,6.31899,1.30,3.75
2011.06.30 18:12:34.112,6.31708,6.3197,1.30,1.50
2011.06.30 18:12:43.193,6.31716,6.3197,1.30,1.50
2011.06.30 18:12:44.174,6.31716,6.31946,1.30,2.10
2011.06.30 18:12:44.284,6.31683,6.31929,1.30,1.35
2011.06.30 18:12:44.504,6.3166,6.31878,1.30,3.75
2011.06.30 18:12:44.723,6.31722,6.32011,1.30,1.50
2011.06.30 18:12:45.163,6.31727,6.32011,1.30,1.50
2011.06.30 18:12:46.974,6.31727,6.31944,1.30,1.50
2011.06.30 18:12:47.084,6.31704,6.31944,3.81,2.25
2011.06.30 18:12:47.303,6.31655,6.31902,1.36,3.75
2011.06.30 18:12:47.805,6.31655,6.31845,1.36,3.75
2011.06.30 18:12:48.133,6.31655,6.31851,1.36,3.75
2011.06.30 18:12:48.464,6.31655,6.31845,1.36,3.75
2011.06.30 18:12:48.684,6.31645,6.31847,1.36,3.75
2011.06.30 18:12:48.906,6.31645,6.31844,1.36,3.75
2011.06.30 18:12:49.123,6.31645,6.31846,1.36,3.75
2011.06.30 18:12:49.452,6.31645,6.31848,1.36,3.75
2011.06.30 18:12:49.713,6.31645,6.31845,1.36,3.75
2011.06.30 18:12:54.353,6.31645,6.31846,1.36,3.75
2011.06.30 18:12:54.903,6.31645,6.31849,1.36,3.75
2011.06.30 18:12:59.545,6.31645,6.31864,1.36,3.75
2011.06.30 18:12:59.656,6.31645,6.31856,1.36,3.75
2011.06.30 18:13:00.173,6.31655,6.31849,1.36,3.75
2011.06.30 18:13:01.682,6.31655,6.3185,1.36,3.75
2011.06.30 18:13:02.632,6.31655,6.31849,1.36,3.75
2011.06.30 18:13:03.313,6.31655,6.31845,1.36,3.75
2011.06.30 18:13:03.864,6.31642,6.31842,1.36,3.75
2011.06.30 18:13:04.192,6.31642,6.31844,1.36,3.75
2011.06.30 18:13:04.853,6.31642,6.31846,1.36,3.75
2011.06.30 18:13:05.405,6.31642,6.31847,1.36,3.75
2011.06.30 18:13:06.492,6.31642,6.31849,1.36,3.75
2011.06.30 18:13:07.743,6.31642,6.31846,1.36,3.75
2011.06.30 18:13:10.712,6.31642,6.31816,1.36,1.50
2011.06.30 18:13:27.464,6.3165,6.31825,1.36,1.50
2011.06.30 18:13:28.654,6.3165,6.31825,1.36,1.50
2011.06.30 18:13:29.786,6.31659,6.31832,1.36,1.50
2011.06.30 18:13:33.102,6.31659,6.31859,1.36,4.50
2011.06.30 18:13:36.655,6.31682,6.31862,1.36,1.50
2011.06.30 18:13:36.766,6.31659,6.31873,1.36,1.50
2011.06.30 18:13:36.875,6.31692,6.31894,1.36,4.50
2011.06.30 18:13:37.570,6.31684,6.31884,1.36,4.50
2011.06.30 18:13:43.154,6.31692,6.31898,1.36,1.50
2011.06.30 18:13:44.347,6.31694,6.31903,1.36,1.50
2011.06.30 18:13:46.892,6.31693,6.3189,1.36,4.50
2011.06.30 18:13:53.693,6.31694,6.31887,1.36,3.75
2011.06.30 18:13:54.873,6.31694,6.31891,1.36,3.75
2011.06.30 18:13:55.093,6.31694,6.31888,1.36,3.75
2011.06.30 18:13:55.366,6.31718,6.31893,1.36,3.75
2011.06.30 18:13:55.478,6.3173,6.31928,1.56,3.75
2011.06.30 18:13:55.704,6.31738,6.31934,1.36,3.75
2011.06.30 18:13:55.925,6.31738,6.31929,1.36,3.75
2011.06.30 18:13:56.144,6.31738,6.31933,1.36,3.75
2011.06.30 18:13:56.252,6.31738,6.31931,1.36,3.75
2011.06.30 18:13:56.713,6.31738,6.31933,1.36,3.75
2011.06.30 18:13:56.823,6.31738,6.31935,1.36,3.75
2011.06.30 18:13:57.497,6.31738,6.31941,1.36,3.75
2011.06.30 18:13:57.613,6.31738,6.31949,1.36,3.75
2011.06.30 18:13:57.724,6.31738,6.31954,1.36,3.75
2011.06.30 18:13:58.334,6.31738,6.31944,1.36,3.75
2011.06.30 18:13:58.860,6.3175,6.31965,1.36,1.50
2011.06.30 18:14:14.174,6.3175,6.31965,1.36,1.50
2011.06.30 18:14:14.393,6.31741,6.31981,1.36,4.50
2011.06.30 18:14:14.505,6.31741,6.31981,1.36,3.75
2011.06.30 18:14:16.752,6.31741,6.31984,1.36,3.75
2011.06.30 18:14:17.082,6.3175,6.31988,1.36,3.75
2011.06.30 18:14:17.192,6.3175,6.31985,1.36,3.75
2011.06.30 18:14:19.593,6.3175,6.31988,1.36,3.75
2011.06.30 18:14:30.744,6.3175,6.31991,1.36,3.75
2011.06.30 18:14:30.997,6.3175,6.31991,1.36,4.50
2011.06.30 18:14:40.984,6.3175,6.31991,1.36,1.50
2011.06.30 18:14:41.203,6.31766,6.32007,1.36,1.50
2011.06.30 18:14:42.475,6.31757,6.31998,1.36,1.50
2011.06.30 18:14:43.734,6.31757,6.32006,1.36,4.50
2011.06.30 18:14:43.845,6.31771,6.32006,1.36,4.50
2011.06.30 18:14:43.955,6.31771,6.32006,1.36,3.75
2011.06.30 18:14:44.283,6.31794,6.32015,1.36,4.50
2011.06.30 18:14:44.883,6.31794,6.32033,1.36,1.50
2011.06.30 18:14:44.993,6.31794,6.32044,1.36,1.50
2011.06.30 18:14:45.784,6.31821,6.32063,1.36,1.50
2011.06.30 18:14:48.853,6.31797,6.32049,1.36,1.50
2011.06.30 18:14:52.493,6.31797,6.32026,1.36,1.50
2011.06.30 18:14:52.847,6.31797,6.31959,1.36,1.50
2011.06.30 18:15:07.525,6.31797,6.31949,1.36,1.50
2011.06.30 18:15:14.153,6.31797,6.31979,1.36,1.50
2011.06.30 18:15:17.784,6.31797,6.31979,1.36,1.50
2011.06.30 18:15:31.963,6.31797,6.32055,1.36,1.50
2011.06.30 18:15:36.145,6.3181,6.32064,1.36,4.50
2011.06.30 18:15:36.365,6.31821,6.32069,1.36,4.50
2011.06.30 18:15:37.306,6.31794,6.32039,1.36,3.75
2011.06.30 18:15:37.661,6.31794,6.32036,1.36,3.75
2011.06.30 18:15:42.631,6.31794,6.32036,1.36,4.50
2011.06.30 18:15:42.946,6.31794,6.32011,1.36,1.50
2011.06.30 18:15:44.446,6.3175,6.32002,1.36,1.50
2011.06.30 18:15:44.554,6.3175,6.32027,1.36,5.25
2011.06.30 18:15:44.665,6.3175,6.32,1.36,3.75
2011.06.30 18:15:44.775,6.3175,6.32,1.36,3.75
2011.06.30 18:15:44.883,6.31728,6.31992,1.36,4.50
2011.06.30 18:15:44.994,6.31728,6.3198,1.36,1.50
2011.06.30 18:15:45.104,6.31728,6.3198,1.36,1.50
2011.06.30 18:15:46.674,6.31728,6.31979,1.36,1.50
2011.06.30 18:15:47.005,6.31734,6.31955,1.36,1.50
2011.06.30 18:15:47.227,6.31743,6.31955,1.36,1.50
2011.06.30 18:15:48.563,6.31743,6.31964,1.36,1.50
2011.06.30 18:15:56.223,6.31743,6.31997,1.36,4.50
2011.06.30 18:15:57.314,6.31753,6.31997,1.36,3.75
2011.06.30 18:15:57.533,6.31753,6.32015,1.36,4.50
2011.06.30 18:15:57.645,6.31768,6.32015,1.30,4.50
2011.06.30 18:16:12.875,6.31769,6.32029,4.56,4.50
2011.06.30 18:16:12.986,6.31784,6.32029,1.36,3.75
2011.06.30 18:16:13.386,6.31784,6.32039,1.36,4.50
2011.06.30 18:16:16.814,6.31794,6.32036,1.36,3.75
2011.06.30 18:16:19.313,6.31794,6.32038,1.36,3.75
2011.06.30 18:16:19.753,6.31794,6.3203,1.36,3.75
2011.06.30 18:16:29.084,6.31788,6.32026,1.36,3.75
2011.06.30 18:16:49.832,6.31788,6.3203,1.36,3.75
2011.06.30 18:16:51.993,6.31788,6.32026,1.36,3.75
2011.06.30 18:16:52.666,6.31788,6.3203,1.36,3.75
2011.06.30 18:16:53.213,6.31788,6.3203,1.36,3.75
2011.06.30 18:16:53.626,6.31788,6.32027,1.36,3.75
2011.06.30 18:16:55.143,6.31788,6.3203,1.36,3.75
2011.06.30 18:16:55.364,6.31802,6.3203,1.36,3.75
2011.06.30 18:16:55.695,6.31823,6.32068,1.36,3.75
2011.06.30 18:16:56.133,6.31823,6.32071,1.36,3.75
2011.06.30 18:16:56.352,6.31823,6.32073,1.36,3.75
2011.06.30 18:17:18.245,6.31823,6.32066,1.36,3.75
2011.06.30 18:17:18.705,6.31817,6.32066,1.36,4.50
2011.06.30 18:17:18.818,6.318,6.32051,1.36,3.75
2011.06.30 18:17:18.934,6.318,6.32047,1.36,3.75
2011.06.30 18:17:19.267,6.318,6.32042,1.36,3.75
2011.06.30 18:17:19.705,6.318,6.32044,1.36,3.75
2011.06.30 18:17:19.922,6.318,6.32042,1.36,3.75
2011.06.30 18:17:20.354,6.318,6.32038,1.36,3.75
2011.06.30 18:17:20.572,6.318,6.32041,1.36,3.75
2011.06.30 18:17:20.793,6.318,6.32043,1.36,3.75
2011.06.30 18:17:22.536,6.318,6.32044,1.36,3.75
2011.06.30 18:17:22.923,6.318,6.32042,1.36,3.75
2011.06.30 18:17:23.834,6.318,6.32052,1.36,5.25
2011.06.30 18:17:24.653,6.318,6.3205,1.36,3.75
2011.06.30 18:17:24.763,6.318,6.32052,1.36,1.50
2011.06.30 18:17:25.762,6.318,6.32051,1.36,3.75
2011.06.30 18:17:26.840,6.318,6.32052,1.36,1.50
2011.06.30 18:17:28.615,6.31822,6.32063,1.36,3.75
2011.06.30 18:17:28.834,6.31822,6.32067,1.36,4.50
2011.06.30 18:17:29.273,6.31822,6.32046,1.36,3.75
2011.06.30 18:17:29.384,6.31822,6.32059,1.36,3.75
2011.06.30 18:17:29.605,6.31822,6.32062,1.36,3.75
2011.06.30 18:17:29.825,6.31822,6.32071,1.36,4.50
2011.06.30 18:17:31.553,6.31822,6.32065,1.36,3.75
2011.06.30 18:17:32.244,6.31822,6.32065,1.36,3.75
2011.06.30 18:17:32.353,6.31822,6.32074,1.36,1.50
2011.06.30 18:17:32.465,6.31797,6.32067,1.36,1.50
2011.06.30 18:17:32.571,6.31797,6.32067,1.30,1.50
2011.06.30 18:17:32.682,6.31797,6.31959,1.30,3.75
2011.06.30 18:17:34.014,6.31797,6.31935,1.30,3.75
2011.06.30 18:17:36.603,6.31789,6.31931,1.30,3.75
2011.06.30 18:17:36.962,6.31789,6.31935,1.30,3.75
2011.06.30 18:17:38.177,6.31789,6.31934,1.30,3.75
2011.06.30 18:17:40.744,6.31789,6.31866,1.30,3.75
2011.06.30 18:17:48.282,6.31649,6.3186,1.30,3.75
2011.06.30 18:17:48.393,6.31649,6.31868,1.30,3.75
2011.06.30 18:17:48.613,6.31649,6.31873,1.30,3.75
2011.06.30 18:17:49.303,6.31649,6.3193,1.30,3.75
2011.06.30 18:17:49.842,6.31634,6.3193,1.30,3.75
2011.06.30 18:17:50.533,6.31645,6.31938,1.30,3.75
2011.06.30 18:17:50.683,6.31645,6.3194,1.30,3.75
2011.06.30 18:17:51.014,6.31645,6.31943,1.30,3.75
2011.06.30 18:17:51.573,6.31645,6.31928,1.30,3.75
2011.06.30 18:17:52.283,6.31651,6.31957,4.30,3.75
2011.06.30 18:17:52.613,6.31663,6.31967,4.30,3.75
2011.06.30 18:17:52.724,6.31669,6.31973,4.30,3.75
2011.06.30 18:17:52.834,6.31669,6.31973,4.30,3.75
2011.06.30 18:17:53.073,6.31672,6.31978,4.30,3.75
2011.06.30 18:17:53.602,6.31661,6.31967,4.30,3.75
2011.06.30 18:17:53.974,6.31667,6.31971,4.30,3.75
2011.06.30 18:17:54.222,6.31668,6.31974,4.30,3.75
2011.06.30 18:17:55.340,6.3167,6.31976,4.30,3.75
2011.06.30 18:17:55.713,6.31669,6.31975,4.30,3.75
2011.06.30 18:17:55.822,6.31667,6.31971,4.30,3.75
2011.06.30 18:17:56.769,6.31669,6.31973,4.30,3.75
2011.06.30 18:17:56.993,6.31671,6.31975,4.30,3.75
2011.06.30 18:17:57.374,6.31671,6.31975,4.30,4.50
2011.06.30 18:17:58.217,6.31671,6.31916,4.30,1.50
2011.06.30 18:17:58.774,6.31709,6.31916,3.75,1.50
2011.06.30 18:17:59.438,6.31712,6.31916,3.75,1.50
2011.06.30 18:17:59.807,6.31715,6.31916,3.75,1.50
2011.06.30 18:18:00.363,6.31714,6.31916,3.75,1.50
2011.06.30 18:18:01.193,6.31726,6.31916,3.75,1.50
2011.06.30 18:18:01.523,6.31731,6.31916,3.75,1.50
2011.06.30 18:18:01.634,6.31731,6.3193,3.75,1.50
2011.06.30 18:18:02.408,6.3173,6.3193,3.75,1.50
2011.06.30 18:18:06.083,6.31743,6.3193,3.75,1.50
2011.06.30 18:18:06.303,6.31743,6.31949,3.75,1.50
2011.06.30 18:18:06.523,6.31741,6.31949,3.75,1.50
2011.06.30 18:18:06.633,6.31741,6.31872,3.75,4.50
2011.06.30 18:18:06.853,6.31716,6.31872,3.75,4.50
2011.06.30 18:18:06.964,6.31576,6.31872,1.30,4.50
2011.06.30 18:18:12.483,6.31596,6.31847,1.30,1.50
2011.06.30 18:18:12.929,6.31596,6.31814,1.30,1.50
2011.06.30 18:18:13.874,6.31565,6.31783,1.30,1.50
2011.06.30 18:18:14.205,6.31586,6.31838,1.30,1.35
2011.06.30 18:18:14.315,6.31605,6.31842,1.15,4.50
2011.06.30 18:18:14.755,6.31605,6.31858,1.15,1.35
2011.06.30 18:18:15.203,6.31631,6.31881,1.30,4.35
2011.06.30 18:18:18.564,6.31665,6.31918,1.35,1.35
2011.06.30 18:18:19.713,6.3165,6.31907,1.15,1.13
2011.06.30 18:18:21.043,6.3165,6.31895,1.15,1.50
2011.06.30 18:18:21.373,6.31649,6.31829,1.15,1.50
2011.06.30 18:18:22.294,6.3165,6.31818,1.15,1.50
2011.06.30 18:18:26.063,6.31641,6.31798,1.30,1.50
2011.06.30 18:18:26.283,6.31641,6.31774,1.30,1.50
2011.06.30 18:18:26.613,6.31479,6.31698,1.30,1.50
2011.06.30 18:18:27.453,6.31479,6.31698,1.30,1.50
2011.06.30 18:18:27.563,6.31469,6.31676,4.30,1.50
2011.06.30 18:18:28.633,6.31502,6.31676,3.75,1.50
2011.06.30 18:18:29.142,6.31503,6.31676,3.75,1.50
2011.06.30 18:18:29.363,6.31503,6.31709,4.30,1.50
2011.06.30 18:18:30.373,6.31503,6.31685,4.30,1.50
2011.06.30 18:18:30.754,6.31503,6.31685,4.30,1.50
2011.06.30 18:18:30.863,6.31503,6.31673,4.30,1.50
2011.06.30 18:18:31.412,6.31508,6.31673,3.75,1.50
2011.06.30 18:18:31.969,6.31508,6.31673,3.75,1.50
2011.06.30 18:18:33.665,6.31508,6.31697,3.75,1.50
2011.06.30 18:18:33.774,6.31508,6.31673,3.75,1.50
2011.06.30 18:18:35.552,6.31508,6.31713,3.75,1.50
2011.06.30 18:18:36.643,6.31508,6.3164,3.75,1.07
2011.06.30 18:18:37.084,6.31441,6.31558,3.75,1.07
2011.06.30 18:18:37.656,6.31437,6.31559,3.75,1.07
2011.06.30 18:18:37.873,6.31433,6.31558,3.75,1.07
2011.06.30 18:18:38.123,6.31435,6.31538,3.75,1.07
2011.06.30 18:18:39.573,6.31437,6.31539,3.75,1.07
2011.06.30 18:18:39.946,6.31415,6.31539,3.75,1.07
2011.06.30 18:18:40.275,6.31415,6.31539,3.75,1.07
2011.06.30 18:18:40.726,6.31405,6.31663,3.75,1.45
2011.06.30 18:18:44.934,6.31427,6.31622,3.75,1.45
2011.06.30 18:18:45.044,6.31415,6.31632,3.75,1.45
2011.06.30 18:18:45.373,6.31412,6.31622,3.75,1.45
2011.06.30 18:18:45.483,6.31406,6.31622,3.75,1.45
2011.06.30 18:18:48.084,6.31408,6.31633,3.75,1.45
2011.06.30 18:18:51.295,6.31411,6.31653,3.75,1.45
2011.06.30 18:18:51.926,6.31436,6.31662,3.75,1.45
2011.06.30 18:18:52.641,6.31435,6.31603,3.75,1.45
2011.06.30 18:18:54.517,6.31433,6.31592,3.75,1.45
2011.06.30 18:18:54.626,6.31433,6.31613,3.75,1.45
2011.06.30 18:18:54.733,6.31294,6.31609,1.30,4.50
2011.06.30 18:18:54.843,6.31294,6.31607,1.30,1.50
2011.06.30 18:18:56.494,6.31314,6.31584,1.30,1.50
2011.06.30 18:18:57.019,6.31314,6.31548,1.30,1.50
2011.06.30 18:18:58.374,6.3135,6.31548,3.75,1.50
2011.06.30 18:18:58.703,6.31359,6.31548,3.75,1.50
2011.06.30 18:18:59.416,6.3136,6.31548,3.75,1.50
2011.06.30 18:19:01.745,6.31363,6.31548,3.75,1.50
2011.06.30 18:19:02.063,6.31365,6.31548,3.75,1.50
2011.06.30 18:19:04.023,6.31368,6.31548,3.75,1.50
2011.06.30 18:19:04.465,6.31362,6.31548,3.75,1.50
2011.06.30 18:19:04.904,6.31329,6.31527,3.75,1.50
2011.06.30 18:19:06.491,6.31331,6.31527,3.75,1.50
2011.06.30 18:19:07.423,6.31327,6.31527,3.75,1.50
2011.06.30 18:19:08.494,6.31292,6.31525,3.75,1.50
2011.06.30 18:19:08.603,6.31292,6.31501,3.75,1.50
2011.06.30 18:19:10.293,6.31292,6.31455,3.75,1.50
2011.06.30 18:19:10.403,6.31251,6.31455,3.75,1.50
2011.06.30 18:19:10.512,6.31228,6.31455,3.75,1.50
2011.06.30 18:19:10.622,6.31225,6.31455,3.75,1.50
2011.06.30 18:19:10.732,6.31227,6.31455,3.75,1.50
2011.06.30 18:19:11.063,6.31229,6.31455,3.75,1.50
2011.06.30 18:19:12.963,6.31194,6.31455,3.75,1.50
2011.06.30 18:19:13.183,6.31194,6.31409,3.75,1.50
2011.06.30 18:19:13.484,6.31191,6.31409,3.75,1.50
2011.06.30 18:19:13.763,6.31196,6.31409,3.75,1.50
2011.06.30 18:19:14.093,6.31199,6.31409,3.75,1.50
2011.06.30 18:19:14.644,6.31195,6.31409,3.75,1.50
2011.06.30 18:19:15.474,6.31218,6.31409,3.75,1.50
2011.06.30 18:19:15.694,6.31218,6.31416,3.75,1.50
2011.06.30 18:19:15.803,6.31231,6.31416,3.75,1.50
2011.06.30 18:19:17.284,6.31231,6.31429,3.75,1.50
2011.06.30 18:19:17.504,6.31231,6.31452,3.75,1.50
2011.06.30 18:19:19.185,6.31221,6.31452,3.75,1.50
2011.06.30 18:19:19.403,6.31257,6.31457,3.75,1.50
2011.06.30 18:19:19.513,6.31254,6.31457,3.75,1.50
2011.06.30 18:19:19.872,6.31254,6.31457,3.75,1.50
2011.06.30 18:19:20.205,6.31311,6.31438,3.75,1.50
2011.06.30 18:19:20.563,6.31315,6.31438,3.75,1.50
2011.06.30 18:19:21.956,6.31314,6.31438,3.75,1.50
2011.06.30 18:19:22.503,6.31315,6.31438,3.75,1.50
2011.06.30 18:19:24.715,6.31301,6.31438,3.75,1.50
2011.06.30 18:19:25.604,6.31301,6.31429,3.75,1.50
2011.06.30 18:19:25.714,6.31293,6.31429,3.75,1.50
2011.06.30 18:19:25.934,6.3128,6.31427,3.75,1.50
2011.06.30 18:19:26.154,6.31288,6.31427,3.75,1.50
2011.06.30 18:19:26.775,6.31294,6.31429,3.75,1.50
2011.06.30 18:19:27.103,6.31299,6.31429,3.75,1.50
2011.06.30 18:19:27.683,6.31301,6.31429,3.75,1.50
2011.06.30 18:19:28.613,6.31292,6.31429,3.75,1.50
2011.06.30 18:19:28.833,6.31283,6.31429,3.75,1.50
2011.06.30 18:19:29.614,6.31281,6.31429,3.75,1.50
2011.06.30 18:19:30.673,6.31283,6.31429,3.75,1.50
2011.06.30 18:19:33.534,6.3128,6.31429,3.75,1.50
2011.06.30 18:19:34.273,6.31283,6.31429,3.75,1.50
2011.06.30 18:19:36.623,6.31281,6.31429,3.75,1.50
2011.06.30 18:19:37.324,6.31282,6.31404,3.75,1.50
2011.06.30 18:19:37.658,6.31273,6.31337,3.75,1.50
2011.06.30 18:19:38.412,6.31284,6.31337,3.75,1.50
2011.06.30 18:19:39.393,6.31282,6.31337,3.75,1.50
2011.06.30 18:19:39.965,6.31281,6.31337,3.75,1.50
2011.06.30 18:19:40.073,6.31279,6.31337,3.75,1.50
2011.06.30 18:19:42.661,6.31281,6.31337,3.75,1.50
2011.06.30 18:19:43.103,6.31277,6.31337,3.75,1.50
2011.06.30 18:19:45.540,6.31279,6.31337,3.75,1.50
2011.06.30 18:19:46.664,6.31272,6.31337,3.75,1.50
2011.06.30 18:19:46.883,6.31274,6.31337,3.75,1.50
2011.06.30 18:19:48.113,6.31266,6.31478,3.75,1.50
2011.06.30 18:19:49.315,6.31266,6.31511,3.75,1.50
2011.06.30 18:19:49.644,6.31268,6.31519,3.75,1.50
2011.06.30 18:19:49.755,6.31268,6.31519,3.75,1.50
2011.06.30 18:19:49.863,6.31272,6.31519,3.75,1.50
2011.06.30 18:19:51.024,6.31258,6.31519,3.75,1.50
2011.06.30 18:19:51.244,6.31263,6.31507,3.75,1.50
2011.06.30 18:19:51.463,6.31258,6.31507,3.75,1.50
2011.06.30 18:19:51.573,6.31265,6.31507,3.75,1.50
2011.06.30 18:19:52.509,6.31267,6.31507,3.75,1.50
2011.06.30 18:19:52.929,6.31258,6.31507,3.75,1.50
2011.06.30 18:19:53.155,6.31266,6.31507,3.75,1.50
2011.06.30 18:19:54.098,6.31242,6.31507,3.75,1.50
2011.06.30 18:19:54.213,6.31236,6.31507,4.30,1.50
2011.06.30 18:19:54.323,6.31236,6.31478,4.30,4.50
2011.06.30 18:19:54.543,6.31235,6.31462,3.75,1.50
2011.06.30 18:19:55.684,6.3121,6.31462,4.30,1.50
2011.06.30 18:19:56.966,6.31214,6.31501,1.36,4.50
2011.06.30 18:20:00.665,6.31231,6.31519,4.36,1.50
2011.06.30 18:20:00.995,6.31231,6.3144,4.30,4.50
2011.06.30 18:20:01.213,6.31231,6.3144,3.75,4.50
2011.06.30 18:20:01.323,6.31179,6.3144,1.30,4.50
2011.06.30 18:20:04.263,6.31179,6.3141,1.30,3.75
2011.06.30 18:20:04.593,6.31179,6.31402,1.30,3.75
2011.06.30 18:20:04.705,6.31165,6.31403,1.30,3.75
2011.06.30 18:20:04.924,6.31165,6.3141,1.36,3.75
2011.06.30 18:20:05.144,6.31165,6.31414,1.36,3.75
2011.06.30 18:20:07.516,6.3122,6.31404,1.15,3.75
2011.06.30 18:20:07.734,6.31227,6.31429,1.30,3.75
2011.06.30 18:20:07.844,6.31227,6.3149,1.30,3.75
2011.06.30 18:20:09.703,6.31279,6.31522,3.75,1.50
2011.06.30 18:20:13.593,6.3127,6.31522,3.75,1.50
2011.06.30 18:20:13.815,6.31276,6.31522,3.75,1.50
2011.06.30 18:20:15.824,6.31245,6.31522,4.30,1.50
2011.06.30 18:20:15.933,6.31245,6.31499,3.75,1.50
2011.06.30 18:20:19.174,6.31246,6.31499,3.75,1.50
2011.06.30 18:20:19.785,6.31249,6.31499,3.75,1.50
2011.06.30 18:20:20.414,6.3125,6.31499,3.75,1.50
2011.06.30 18:20:22.743,6.31242,6.31499,3.75,1.50
2011.06.30 18:20:24.063,6.31239,6.31499,3.75,1.50
2011.06.30 18:20:27.254,6.31241,6.31499,3.75,1.50
2011.06.30 18:20:28.423,6.31238,6.31499,3.75,1.50
2011.06.30 18:20:31.713,6.3123,6.31499,4.30,1.50
2011.06.30 18:20:31.823,6.31232,6.31499,3.75,1.50
2011.06.30 18:20:32.643,6.31237,6.31499,3.75,1.50
2011.06.30 18:20:32.974,6.31248,6.315,3.75,1.50
2011.06.30 18:20:33.083,6.31248,6.3151,3.75,1.50
2011.06.30 18:20:34.713,6.3125,6.3151,3.75,1.50
2011.06.30 18:20:40.704,6.31252,6.3151,3.75,1.50
2011.06.30 18:20:41.023,6.31255,6.3151,3.75,1.50
2011.06.30 18:20:42.185,6.31258,6.3151,3.75,1.50
2011.06.30 18:20:42.841,6.3126,6.3151,3.75,1.50
2011.06.30 18:20:42.954,6.31258,6.3151,3.75,1.50
2011.06.30 18:20:46.985,6.31255,6.3151,3.75,1.50
2011.06.30 18:20:47.583,6.31258,6.3151,3.75,1.50
2011.06.30 18:20:48.084,6.31269,6.3151,3.75,1.50
2011.06.30 18:20:48.304,6.31282,6.31516,3.75,1.50
2011.06.30 18:20:48.523,6.31268,6.31533,3.75,1.50
2011.06.30 18:20:48.742,6.31272,6.31533,3.75,1.50
2011.06.30 18:20:49.073,6.31278,6.31533,3.75,1.50
2011.06.30 18:20:49.434,6.31282,6.31516,3.75,1.50
2011.06.30 18:20:49.544,6.31279,6.31516,3.75,1.50
2011.06.30 18:20:49.764,6.31266,6.31516,3.75,1.50
2011.06.30 18:20:51.584,6.31264,6.31516,1.30,1.50
2011.06.30 18:20:57.366,6.31273,6.31516,3.75,1.50
2011.06.30 18:20:57.474,6.31279,6.3152,3.75,1.50
2011.06.30 18:20:57.693,6.31272,6.31528,4.30,1.50
2011.06.30 18:20:57.803,6.3128,6.31528,3.75,1.50
2011.06.30 18:20:58.223,6.31277,6.31529,4.30,1.50
2011.06.30 18:20:58.993,6.31284,6.31529,3.75,1.50
2011.06.30 18:20:59.323,6.31287,6.31538,3.75,1.50
2011.06.30 18:20:59.545,6.31289,6.31538,3.75,1.50
2011.06.30 18:20:59.943,6.31284,6.31538,4.50,1.50
2011.06.30 18:21:01.948,6.31276,6.31553,3.75,1.50
2011.06.30 18:21:02.055,6.3127,6.31541,4.30,1.50
2011.06.30 18:21:05.333,6.31272,6.31541,3.75,1.50
2011.06.30 18:21:06.275,6.31277,6.31541,3.75,1.50
2011.06.30 18:21:08.013,6.31272,6.3153,4.50,1.50
2011.06.30 18:21:08.344,6.31276,6.3153,1.30,1.50
2011.06.30 18:21:10.808,6.3128,6.31535,4.30,1.50
2011.06.30 18:21:14.204,6.31282,6.31469,4.30,1.50
2011.06.30 18:21:14.533,6.31301,6.31469,4.50,1.50
2011.06.30 18:21:18.965,6.31302,6.31578,1.36,1.50
2011.06.30 18:21:19.294,6.31302,6.31511,1.36,1.50
2011.06.30 18:21:19.407,6.31329,6.31588,3.75,1.50
2011.06.30 18:21:19.626,6.31329,6.31604,4.50,1.50
2011.06.30 18:21:19.734,6.31336,6.31604,3.75,1.50
2011.06.30 18:21:19.956,6.31334,6.31604,3.75,1.50
2011.06.30 18:21:20.544,6.31336,6.31584,3.75,1.50
2011.06.30 18:21:20.763,6.31336,6.31584,4.30,1.50
2011.06.30 18:21:21.344,6.31325,6.31577,4.36,4.50
2011.06.30 18:21:21.563,6.3131,6.31552,4.50,1.50
2011.06.30 18:21:21.674,6.3131,6.31552,3.75,1.50
2011.06.30 18:21:21.783,6.31312,6.31552,3.75,1.50
2011.06.30 18:21:21.893,6.31301,6.31552,4.30,1.50
2011.06.30 18:21:22.164,6.31303,6.31552,3.75,1.50
2011.06.30 18:21:22.527,6.31305,6.31552,3.75,1.50
2011.06.30 18:21:22.913,6.31312,6.31552,3.75,1.50
2011.06.30 18:21:23.133,6.31306,6.31552,3.75,1.50
2011.06.30 18:21:24.078,6.31292,6.31552,4.50,1.50
2011.06.30 18:21:34.375,6.31294,6.31485,3.75,4.50
2011.06.30 18:21:34.593,6.31266,6.31462,1.30,1.35
2011.06.30 18:21:34.704,6.31238,6.31462,1.30,1.35
2011.06.30 18:21:36.756,6.31248,6.31462,1.30,1.35
2011.06.30 18:21:36.868,6.31246,6.31462,1.30,1.35
2011.06.30 18:21:46.406,6.3125,6.3146,1.30,1.50
2011.06.30 18:21:46.734,6.31249,6.31462,1.30,1.35
2011.06.30 18:21:47.205,6.3123,6.31462,1.30,1.35
2011.06.30 18:21:47.316,6.3123,6.31447,1.30,4.50
2011.06.30 18:21:47.534,6.31201,6.31422,1.30,1.35
2011.06.30 18:21:51.377,6.31211,6.31447,1.30,1.35
2011.06.30 18:21:51.484,6.31211,6.31458,1.30,5.10
2011.06.30 18:21:51.594,6.31226,6.31458,1.30,1.35
2011.06.30 18:21:55.043,6.312,6.31458,1.30,1.35
2011.06.30 18:21:55.855,6.312,6.31388,1.30,1.35
2011.06.30 18:21:56.075,6.31159,6.31388,1.30,1.35
2011.06.30 18:21:56.404,6.31159,6.31395,1.30,1.35
2011.06.30 18:21:58.653,6.31159,6.3141,1.30,1.35
2011.06.30 18:21:58.984,6.3117,6.31411,1.30,1.35
2011.06.30 18:21:59.094,6.31118,6.31365,4.36,2.10
2011.06.30 18:21:59.203,6.31087,6.31365,3.81,2.10
2011.06.30 18:21:59.863,6.31051,6.31357,4.36,3.75
2011.06.30 18:22:00.395,6.31054,6.31358,4.36,3.75
2011.06.30 18:22:00.753,6.3106,6.31364,4.36,3.75
2011.06.30 18:22:00.864,6.31071,6.31358,1.36,4.50
2011.06.30 18:22:01.554,6.3111,6.31382,3.81,1.50
2011.06.30 18:22:01.665,6.31056,6.31358,1.36,3.75
2011.06.30 18:22:01.994,6.31052,6.31358,3.81,4.50
2011.06.30 18:22:02.323,6.31059,6.31365,3.81,4.50
2011.06.30 18:22:02.905,6.31059,6.31365,3.81,4.50
2011.06.30 18:22:03.124,6.31068,6.31374,3.81,4.50
2011.06.30 18:22:04.834,6.3108,6.31384,3.81,4.50
2011.06.30 18:22:05.846,6.31095,6.31393,4.56,1.50
2011.06.30 18:22:06.332,6.31178,6.31291,1.30,4.50
2011.06.30 18:22:06.447,6.31144,6.31291,1.30,4.50
2011.06.30 18:22:06.565,6.3093,6.31122,3.75,2.10
2011.06.30 18:22:06.674,6.30709,6.31095,3.75,4.35
2011.06.30 18:22:06.893,6.30903,6.31095,3.75,4.35
2011.06.30 18:22:07.002,6.30853,6.31122,3.75,2.10
2011.06.30 18:22:07.112,6.30853,6.31237,3.75,3.75
2011.06.30 18:22:07.223,6.30853,6.31237,3.83,3.75
2011.06.30 18:22:07.553,6.30854,6.31226,1.38,3.75
2011.06.30 18:22:07.902,6.30894,6.31179,1.38,3.75
2011.06.30 18:22:08.402,6.30894,6.31182,1.38,3.75
2011.06.30 18:22:08.734,6.30894,6.3118,1.38,3.75
2011.06.30 18:22:09.062,6.30894,6.31167,1.38,3.75
2011.06.30 18:22:09.564,6.30884,6.31172,1.38,3.75
2011.06.30 18:22:09.893,6.30886,6.3119,4.38,3.75
2011.06.30 18:22:10.005,6.30884,6.3118,1.38,3.75
2011.06.30 18:22:10.335,6.30964,6.31243,1.38,1.35
2011.06.30 18:22:11.194,6.30964,6.31243,1.38,1.35
2011.06.30 18:22:11.303,6.30964,6.31243,1.38,2.05
2011.06.30 18:22:11.857,6.30985,6.31223,1.40,2.20
2011.06.30 18:22:12.185,6.30985,6.31214,1.05,1.50
2011.06.30 18:22:12.795,6.30984,6.31173,1.14,1.45
2011.06.30 18:22:14.274,6.30985,6.31172,1.05,1.45
2011.06.30 18:22:15.034,6.30995,6.31153,1.03,1.45
2011.06.30 18:22:15.826,6.30985,6.31162,1.19,1.45
2011.06.30 18:22:16.478,6.30985,6.31162,1.19,1.45
2011.06.30 18:22:16.835,6.30985,6.31162,1.19,1.45
2011.06.30 18:22:17.213,6.30975,6.31162,1.31,1.45
2011.06.30 18:22:17.663,6.30985,6.31162,1.25,1.45
2011.06.30 18:22:17.884,6.30985,6.31163,1.19,1.45
2011.06.30 18:22:18.953,6.30984,6.31183,1.10,1.45
2011.06.30 18:22:19.724,6.30975,6.31162,1.05,1.45
2011.06.30 18:22:20.973,6.30912,6.31193,3.83,1.45
2011.06.30 18:22:21.927,6.31038,6.31124,1.20,1.50
2011.06.30 18:22:25.334,6.31038,6.31124,1.48,1.50
2011.06.30 18:22:25.444,6.30898,6.31124,4.31,1.50
2011.06.30 18:22:25.553,6.30896,6.31233,4.31,1.45
2011.06.30 18:22:25.663,6.31038,6.31233,1.32,1.45
2011.06.30 18:22:27.130,6.31059,6.31183,1.40,1.45
2011.06.30 18:22:33.317,6.31059,6.31172,1.17,1.45
2011.06.30 18:22:36.295,6.31059,6.31172,1.17,1.50
2011.06.30 18:22:36.406,6.31068,6.31233,1.07,2.05
2011.06.30 18:22:36.953,6.31038,6.31233,1.17,2.05
2011.06.30 18:22:37.293,6.31038,6.31252,1.17,1.35
2011.06.30 18:22:37.406,6.31038,6.31203,1.17,1.50
2011.06.30 18:22:38.164,6.31059,6.31203,1.09,1.50
2011.06.30 18:22:38.811,6.31048,6.31203,1.15,1.50
2011.06.30 18:22:39.415,6.31059,6.31203,1.32,1.50
2011.06.30 18:22:39.744,6.31059,6.31203,1.07,1.50
2011.06.30 18:22:41.944,6.31058,6.31185,1.32,1.50
2011.06.30 18:22:42.464,6.31058,6.3121,1.03,1.50
2011.06.30 18:22:42.903,6.31048,6.31221,1.19,1.50
2011.06.30 18:22:43.423,6.31048,6.31222,1.19,1.50
2011.06.30 18:22:45.965,6.31069,6.31222,1.08,1.50
2011.06.30 18:22:46.624,6.31068,6.31222,1.20,1.50
2011.06.30 18:22:47.394,6.31068,6.31222,1.14,1.50
2011.06.30 18:22:49.926,6.31068,6.31197,1.14,1.50
2011.06.30 18:22:50.036,6.31068,6.31223,1.24,1.45
2011.06.30 18:22:50.364,6.31058,6.31223,1.36,1.45
2011.06.30 18:22:53.074,6.31069,6.31223,1.02,1.45
2011.06.30 18:22:54.713,6.31069,6.31223,1.02,1.45
2011.06.30 18:22:55.485,6.31069,6.31233,1.16,1.30
2011.06.30 18:22:55.704,6.31069,6.31243,1.16,1.35
2011.06.30 18:22:55.814,6.31058,6.31233,1.16,1.35
2011.06.30 18:22:56.033,6.31059,6.31179,1.48,1.50
2011.06.30 18:22:56.255,6.31059,6.3119,1.48,1.50
2011.06.30 18:22:59.459,6.31059,6.31193,1.48,1.50
2011.06.30 18:23:01.735,6.31059,6.31169,1.31,1.50
2011.06.30 18:23:02.064,6.30812,6.31158,3.83,3.75
2011.06.30 18:23:02.174,6.30812,6.31158,3.75,4.45
2011.06.30 18:23:02.745,6.30782,6.31124,3.75,1.45
2011.06.30 18:23:03.296,6.30888,6.31171,3.75,1.50
2011.06.30 18:23:03.734,6.3089,6.31171,3.75,1.50
2011.06.30 18:23:04.064,6.30954,6.31171,3.75,1.50
2011.06.30 18:23:04.561,6.3097,6.31171,3.75,1.50
2011.06.30 18:23:07.007,6.30897,6.3117,4.30,1.50
2011.06.30 18:23:07.334,6.30905,6.31162,4.30,1.50
2011.06.30 18:23:08.782,6.30891,6.31146,4.30,1.50
2011.06.30 18:23:11.264,6.30964,6.31146,3.75,1.50
2011.06.30 18:23:13.374,6.30956,6.31146,3.75,1.50
2011.06.30 18:23:13.813,6.3096,6.31146,3.75,1.50
2011.06.30 18:23:16.923,6.3096,6.31123,3.75,1.50
2011.06.30 18:23:17.310,6.3096,6.31065,3.75,1.50
2011.06.30 18:23:18.266,6.30953,6.31051,3.75,1.50
2011.06.30 18:23:18.485,6.3094,6.31051,3.75,1.50
2011.06.30 18:23:18.814,6.30942,6.31042,3.75,1.50
2011.06.30 18:23:19.144,6.30939,6.31042,3.75,1.50
2011.06.30 18:23:19.474,6.30941,6.31042,3.75,1.50
2011.06.30 18:23:19.843,6.30945,6.31042,3.75,1.50
2011.06.30 18:23:22.078,6.30941,6.31042,3.75,1.50
2011.06.30 18:23:22.617,6.30937,6.31042,3.75,1.50
2011.06.30 18:23:23.633,6.30933,6.31042,3.75,1.50
2011.06.30 18:23:24.074,6.30931,6.31042,3.75,1.50
2011.06.30 18:23:24.293,6.30928,6.31042,3.75,1.50
2011.06.30 18:23:25.495,6.30933,6.31042,3.75,1.50
2011.06.30 18:23:28.445,6.30933,6.31042,3.75,1.50
2011.06.30 18:23:29.874,6.30933,6.31042,3.75,1.50
2011.06.30 18:23:30.325,6.3093,6.31042,3.75,1.50
2011.06.30 18:23:30.434,6.30926,6.31042,3.75,1.50
2011.06.30 18:23:30.653,6.30931,6.31042,3.75,1.50
2011.06.30 18:23:30.763,6.30927,6.31042,3.75,1.50
2011.06.30 18:23:31.093,6.30931,6.31042,3.75,1.50
2011.06.30 18:23:31.534,6.30931,6.31064,3.75,1.50
2011.06.30 18:23:31.645,6.30933,6.31064,3.75,1.50
2011.06.30 18:23:32.033,6.30935,6.31064,3.75,1.50
2011.06.30 18:23:32.924,6.3073,6.31033,1.30,3.75
2011.06.30 18:23:33.035,6.3073,6.31002,1.30,4.50
2011.06.30 18:23:33.253,6.30694,6.31002,1.30,4.50
2011.06.30 18:23:33.694,6.30896,6.31023,4.50,1.45
2011.06.30 18:23:33.915,6.30896,6.31165,4.50,1.50
2011.06.30 18:23:34.023,6.30896,6.3119,4.50,1.50
2011.06.30 18:23:36.484,6.30936,6.31145,4.50,1.35
2011.06.30 18:23:36.595,6.30825,6.31115,1.50,1.35
2011.06.30 18:23:36.709,6.30811,6.31115,3.75,1.35
2011.06.30 18:23:36.824,6.30827,6.31115,4.50,1.35
2011.06.30 18:23:36.934,6.30831,6.31123,4.50,1.35
2011.06.30 18:23:37.849,6.30884,6.31156,3.81,1.50
2011.06.30 18:23:37.964,6.30884,6.3119,4.36,4.50
2011.06.30 18:23:39.214,6.3089,6.31192,4.36,1.50
2011.06.30 18:23:40.155,6.3091,6.31212,4.36,1.50
2011.06.30 18:23:40.814,6.30901,6.312,1.36,4.50
2011.06.30 18:23:41.945,6.30895,6.31182,1.36,4.50
2011.06.30 18:23:42.493,6.30912,6.31195,1.36,4.50
2011.06.30 18:23:43.378,6.3091,6.31192,1.36,1.50
2011.06.30 18:23:43.499,6.3091,6.3118,1.36,4.50
2011.06.30 18:23:44.022,6.3091,6.31173,1.36,4.50
2011.06.30 18:23:48.323,6.30872,6.31173,1.36,4.50
2011.06.30 18:23:49.285,6.31148,6.31532,3.81,3.75
2011.06.30 18:23:49.395,6.31176,6.31584,3.75,1.50
2011.06.30 18:23:49.506,6.3112,6.31592,3.81,1.50
2011.06.30 18:23:49.616,6.3112,6.31614,3.81,1.50
2011.06.30 18:23:50.297,6.31026,6.31583,1.41,1.50
2011.06.30 18:23:51.193,6.31103,6.31583,1.19,1.50
2011.06.30 18:23:52.394,6.31123,6.31582,1.19,1.50
2011.06.30 18:23:52.763,6.31123,6.31582,1.19,1.50
2011.06.30 18:23:52.985,6.31123,6.31574,1.19,1.50
2011.06.30 18:23:53.314,6.31122,6.31574,1.19,1.50
2011.06.30 18:23:53.774,6.31122,6.31574,1.19,1.50
2011.06.30 18:23:54.295,6.31122,6.31575,1.19,1.50
2011.06.30 18:23:54.624,6.31177,6.31575,1.19,1.50
2011.06.30 18:23:54.734,6.31176,6.31595,1.19,1.50
2011.06.30 18:23:54.843,6.31176,6.31594,1.19,1.50
2011.06.30 18:23:55.403,6.31177,6.31581,1.19,1.50
2011.06.30 18:23:55.514,6.31177,6.31581,1.19,1.50
2011.06.30 18:23:55.956,6.31177,6.31581,1.19,1.50
2011.06.30 18:23:56.068,6.31177,6.31556,1.19,1.50
2011.06.30 18:23:56.323,6.31177,6.31556,1.19,1.50
2011.06.30 18:23:56.433,6.31177,6.31556,1.19,1.50
2011.06.30 18:23:56.764,6.31176,6.31546,1.19,1.50
2011.06.30 18:23:56.983,6.31176,6.31546,1.19,1.50
2011.06.30 18:23:58.815,6.31138,6.31546,1.19,1.50
2011.06.30 18:23:59.507,6.31209,6.31535,4.50,4.50
2011.06.30 18:23:59.835,6.31223,6.31547,4.50,4.50
2011.06.30 18:23:59.945,6.31223,6.31547,4.50,3.75
2011.06.30 18:24:00.056,6.31225,6.31549,4.50,3.75
2011.06.30 18:24:00.169,6.31231,6.31555,4.50,4.50
2011.06.30 18:24:00.394,6.31234,6.31558,4.50,3.75
2011.06.30 18:24:00.504,6.31234,6.31558,4.50,3.75
2011.06.30 18:24:00.958,6.31251,6.31555,4.50,3.75
2011.06.30 18:24:01.078,6.31243,6.31547,4.50,3.75
2011.06.30 18:24:02.505,6.3124,6.31546,4.50,3.75
2011.06.30 18:24:03.187,6.31237,6.31541,4.56,3.75
2011.06.30 18:24:03.623,6.31233,6.31539,4.56,3.75
2011.06.30 18:24:03.847,6.3122,6.31526,4.50,3.75
2011.06.30 18:24:04.065,6.31208,6.31514,4.56,3.75
2011.06.30 18:24:04.394,6.31254,6.3151,1.38,3.75
2011.06.30 18:24:04.815,6.31505,6.31549,1.87,3.75
2011.06.30 18:24:05.039,6.3151,6.31555,1.07,4.50
2011.06.30 18:24:05.268,6.31511,6.31577,1.27,4.50
2011.06.30 18:24:05.495,6.31527,6.31577,1.81,4.50
2011.06.30 18:24:05.855,6.3156,6.31565,1.91,3.75
2011.06.30 18:24:06.317,6.31558,6.31563,1.81,3.75
2011.06.30 18:24:06.677,6.316,6.31615,1.22,4.50
2011.06.30 18:24:06.893,6.31248,6.32312,1.30,1.50
2011.06.30 18:24:07.004,6.3154,6.31687,1.34,1.50
2011.06.30 18:24:07.113,6.3154,6.31687,1.34,1.50
2011.06.30 18:24:07.335,6.31504,6.3165,1.34,3.75
2011.06.30 18:24:07.443,6.31253,6.3165,1.30,3.75
2011.06.30 18:24:07.553,6.31253,6.3165,1.30,3.75
2011.06.30 18:24:07.886,6.31277,6.31675,1.05,4.50
2011.06.30 18:24:08.216,6.31507,6.31553,1.40,3.75
2011.06.30 18:24:08.323,6.31261,6.31553,1.30,3.75
2011.06.30 18:24:08.766,6.3126,6.31616,1.38,1.50
2011.06.30 18:24:08.875,6.3124,6.31536,1.38,3.75
2011.06.30 18:24:08.986,6.3124,6.31536,1.30,3.75
2011.06.30 18:24:09.096,6.31213,6.31636,1.40,4.50
2011.06.30 18:24:09.203,6.31213,6.3153,1.30,3.75
2011.06.30 18:24:09.703,6.31257,6.31532,1.30,3.75
2011.06.30 18:24:11.064,6.31275,6.31531,1.30,3.75
2011.06.30 18:24:11.653,6.31275,6.31527,1.30,3.75
2011.06.30 18:24:11.914,6.31275,6.31533,1.30,3.75
2011.06.30 18:24:12.494,6.31275,6.31532,1.30,3.75
2011.06.30 18:24:12.985,6.31275,6.31537,1.30,3.75
2011.06.30 18:24:13.363,6.31275,6.31539,1.30,3.75
2011.06.30 18:24:13.582,6.31275,6.3153,1.30,3.75
2011.06.30 18:24:15.542,6.31275,6.31535,1.30,3.75
2011.06.30 18:24:15.915,6.31275,6.31531,1.30,3.75
2011.06.30 18:24:16.133,6.31275,6.31538,1.30,3.75
2011.06.30 18:24:16.284,6.31275,6.31536,1.30,3.75
2011.06.30 18:24:16.855,6.31275,6.31539,1.30,3.75
2011.06.30 18:24:16.964,6.31235,6.31525,4.30,1.50
2011.06.30 18:24:19.855,6.31233,6.31502,1.30,1.45
2011.06.30 18:24:20.317,6.31201,6.31471,1.30,4.50
2011.06.30 18:24:20.429,6.31223,6.31471,1.30,3.75
2011.06.30 18:24:20.545,6.31222,6.3149,1.30,1.50
2011.06.30 18:24:20.765,6.31222,6.31494,1.30,4.50
2011.06.30 18:24:20.984,6.31233,6.31497,1.30,3.75
2011.06.30 18:24:21.094,6.31233,6.31509,1.36,1.35
2011.06.30 18:24:21.206,6.31256,6.31509,1.36,1.35
2011.06.30 18:24:22.218,6.31233,6.31509,1.36,1.35
2011.06.30 18:24:23.545,6.31239,6.31502,1.30,1.50
2011.06.30 18:24:25.104,6.3122,6.31485,1.36,1.50
2011.06.30 18:24:25.434,6.3122,6.31474,1.36,1.50
2011.06.30 18:24:27.340,6.3122,6.31474,1.30,1.50
2011.06.30 18:24:27.456,6.31213,6.31474,1.36,1.50
2011.06.30 18:24:31.735,6.3122,6.31474,1.50,1.50
2011.06.30 18:24:31.844,6.31213,6.31474,1.36,1.50
2011.06.30 18:24:53.746,6.31198,6.3145,1.36,1.50
2011.06.30 18:24:54.754,6.31247,6.3145,1.14,1.50
2011.06.30 18:24:55.496,6.31248,6.3145,1.18,1.50
2011.06.30 18:25:02.735,6.31237,6.3145,1.23,1.50
2011.06.30 18:25:03.644,6.31248,6.3145,1.14,1.50
2011.06.30 18:25:08.593,6.31247,6.31474,1.11,1.50
2011.06.30 18:25:09.213,6.31248,6.3147,1.34,1.50
2011.06.30 18:25:10.513,6.31247,6.3147,1.16,1.50
2011.06.30 18:25:11.063,6.31238,6.3147,1.59,1.50
2011.06.30 18:25:17.883,6.31248,6.31544,1.58,4.50
2011.06.30 18:25:17.994,6.31299,6.3157,3.75,1.50
2011.06.30 18:25:18.103,6.31299,6.3157,3.75,1.50
2011.06.30 18:25:19.943,6.31297,6.31579,3.75,1.50
2011.06.30 18:25:20.203,6.31302,6.31579,3.75,1.50
2011.06.30 18:25:26.283,6.31295,6.31579,3.75,1.50
2011.06.30 18:25:26.526,6.31303,6.31579,3.75,1.50
2011.06.30 18:25:26.965,6.31298,6.31579,3.75,1.50
2011.06.30 18:25:27.395,6.31308,6.31603,3.75,1.50
2011.06.30 18:25:27.954,6.31324,6.31603,3.75,1.50
2011.06.30 18:25:28.625,6.31333,6.31603,3.75,1.50
2011.06.30 18:25:28.843,6.31331,6.31603,3.75,1.50
2011.06.30 18:25:29.404,6.31327,6.31603,3.75,1.50
2011.06.30 18:25:30.044,6.31336,6.31613,3.75,1.50
2011.06.30 18:25:30.374,6.31338,6.31613,3.75,1.50
2011.06.30 18:25:30.706,6.3134,6.31623,3.75,1.50
2011.06.30 18:25:31.245,6.31333,6.31623,3.75,1.50
2011.06.30 18:25:32.374,6.31334,6.31623,3.75,1.50
2011.06.30 18:25:33.253,6.31334,6.31624,5.05,1.50
2011.06.30 18:25:36.467,6.31322,6.31614,4.30,1.50
2011.06.30 18:25:36.686,6.31321,6.31614,1.30,4.50
2011.06.30 18:25:36.903,6.31335,6.31625,1.30,1.50
2011.06.30 18:25:40.035,6.31335,6.31596,1.30,3.75
2011.06.30 18:25:40.145,6.31335,6.31603,1.30,4.50
2011.06.30 18:25:40.549,6.3131,6.31602,1.30,1.50
2011.06.30 18:25:40.873,6.31318,6.31611,1.30,1.50
2011.06.30 18:25:41.964,6.31335,6.31628,1.30,5.25
2011.06.30 18:25:44.294,6.31319,6.31612,1.30,1.50
2011.06.30 18:25:59.215,6.31338,6.3163,1.30,4.50
2011.06.30 18:26:05.004,6.31365,6.31633,3.75,1.50
2011.06.30 18:26:05.114,6.31365,6.31656,4.30,1.50
2011.06.30 18:26:17.685,6.3135,6.31644,1.30,1.50
2011.06.30 18:26:19.765,6.31339,6.31644,5.05,1.50
2011.06.30 18:26:20.213,6.31339,6.31628,1.30,4.50
2011.06.30 18:26:24.635,6.31349,6.31643,1.30,1.50
2011.06.30 18:26:33.844,6.31354,6.31656,1.30,1.50
2011.06.30 18:26:34.394,6.31354,6.31646,1.30,1.50
2011.06.30 18:26:34.833,6.31365,6.31657,4.30,1.50
2011.06.30 18:26:38.727,6.31364,6.3165,1.30,4.50
2011.06.30 18:26:51.292,6.31354,6.31644,1.30,4.50
2011.06.30 18:26:53.554,6.31457,6.31658,1.30,1.50
2011.06.30 18:26:54.655,6.31503,6.31687,1.30,1.50
2011.06.30 18:26:55.314,6.31503,6.31686,1.30,4.50
2011.06.30 18:26:55.534,6.31507,6.31688,1.30,1.50
2011.06.30 18:26:56.444,6.31516,6.31697,1.30,1.50
2011.06.30 18:27:00.794,6.31507,6.31686,1.30,4.50
2011.06.30 18:27:03.407,6.31364,6.31679,1.30,5.25
2011.06.30 18:27:12.486,6.31376,6.31658,4.30,1.50
2011.06.30 18:27:12.704,6.31376,6.31657,4.30,1.50
2011.06.30 18:27:12.925,6.31354,6.31644,1.30,1.50
2011.06.30 18:27:13.805,6.31363,6.31656,1.30,1.50
2011.06.30 18:27:14.026,6.3139,6.31679,4.30,1.50
2011.06.30 18:27:15.384,6.31403,6.31697,1.30,5.25
2011.06.30 18:27:18.744,6.31396,6.31688,1.30,1.50
2011.06.30 18:27:19.564,6.31396,6.3168,1.30,4.50
2011.06.30 18:28:03.556,6.31395,6.31686,4.30,1.50
2011.06.30 18:28:07.244,6.31402,6.31695,1.30,1.50
2011.06.30 18:28:18.184,6.31402,6.31663,1.30,3.75
2011.06.30 18:28:18.294,6.31384,6.31643,1.30,1.50
2011.06.30 18:28:48.486,6.31384,6.31638,1.30,1.50
2011.06.30 18:28:48.954,6.31331,6.31624,5.05,1.50
2011.06.30 18:28:49.395,6.31341,6.31633,1.36,4.50
2011.06.30 18:28:51.505,6.31342,6.31634,4.36,1.50
2011.06.30 18:29:34.867,6.31377,6.31631,1.30,1.50
2011.06.30 18:29:35.735,6.31379,6.31631,1.30,1.50
2011.06.30 18:29:45.084,6.31384,6.31652,1.30,1.50
2011.06.30 18:29:45.305,6.31394,6.31655,1.36,1.50
2011.06.30 18:29:45.415,6.314,6.31656,1.30,1.50
2011.06.30 18:29:46.195,6.31411,6.31673,1.30,1.50
2011.06.30 18:29:46.525,6.31481,6.31673,1.30,1.50
2011.06.30 18:29:51.554,6.31479,6.31673,1.30,1.50
2011.06.30 18:29:52.624,6.31488,6.31675,1.30,1.50
2011.06.30 18:30:06.276,6.31488,6.31699,1.30,1.50
2011.06.30 18:30:06.387,6.31488,6.31699,1.30,1.50
2011.06.30 18:30:07.565,6.31468,6.31642,1.30,1.13
2011.06.30 18:30:07.693,6.31468,6.31642,1.30,1.13
2011.06.30 18:30:08.275,6.31466,6.31643,1.30,1.65
2011.06.30 18:30:09.354,6.31466,6.31642,1.30,1.40
2011.06.30 18:30:17.684,6.31466,6.31642,1.30,1.31
2011.06.30 18:30:24.623,6.31453,6.31642,1.30,1.29
2011.06.30 18:30:24.742,6.31456,6.31625,1.30,1.06
2011.06.30 18:30:25.183,6.31461,6.31625,1.30,1.29
2011.06.30 18:30:27.254,6.31455,6.31625,1.30,1.06
2011.06.30 18:30:27.364,6.31432,6.31625,1.30,1.06
2011.06.30 18:30:37.384,6.31432,6.31626,1.30,1.08
2011.06.30 18:30:44.057,6.31422,6.31625,1.30,1.04
2011.06.30 18:30:44.274,6.31422,6.31621,1.30,1.15
2011.06.30 18:30:44.634,6.31422,6.31634,1.30,1.24
2011.06.30 18:30:44.854,6.31422,6.31609,1.30,1.08
2011.06.30 18:30:47.715,6.31422,6.31618,1.30,1.22
2011.06.30 18:30:47.825,6.31422,6.31619,1.30,1.04
2011.06.30 18:30:48.265,6.31422,6.31613,1.30,1.22
2011.06.30 18:30:48.666,6.31422,6.31669,1.30,1.50
2011.06.30 18:30:48.996,6.31486,6.31609,1.30,1.53
2011.06.30 18:30:56.346,6.31486,6.3159,1.30,1.40
2011.06.30 18:31:03.865,6.31486,6.31579,1.30,1.03
2011.06.30 18:31:07.754,6.31347,6.31589,4.56,1.09
2011.06.30 18:31:09.341,6.31388,6.31589,1.30,1.20
2011.06.30 18:31:12.729,6.31388,6.3158,1.30,1.22
2011.06.30 18:31:16.250,6.31388,6.31581,1.30,1.33
2011.06.30 18:31:33.254,6.31367,6.31581,1.30,1.33
2011.06.30 18:31:35.493,6.31368,6.31552,3.75,1.29
2011.06.30 18:31:35.604,6.31368,6.31561,3.75,1.13
2011.06.30 18:31:35.714,6.31368,6.31569,3.75,1.38
2011.06.30 18:31:36.049,6.31368,6.31569,4.30,1.38
2011.06.30 18:31:36.683,6.31371,6.31569,4.30,1.38
2011.06.30 18:31:36.792,6.31372,6.31569,4.30,1.04
2011.06.30 18:31:36.903,6.31383,6.31569,1.30,1.04
2011.06.30 18:31:37.713,6.31383,6.3157,1.30,1.26
2011.06.30 18:31:45.764,6.31389,6.3157,1.30,1.26
2011.06.30 18:31:46.093,6.31389,6.31592,1.30,1.26
2011.06.30 18:31:47.023,6.31389,6.31583,1.30,1.26
2011.06.30 18:31:47.462,6.31392,6.31592,4.30,1.11
2011.06.30 18:31:47.572,6.31399,6.31592,3.75,1.11
2011.06.30 18:31:47.684,6.31399,6.31641,3.75,1.73
2011.06.30 18:31:47.902,6.31399,6.316,3.75,1.02
2011.06.30 18:31:48.394,6.31398,6.31567,3.75,1.33
2011.06.30 18:31:48.782,6.31434,6.31589,1.30,1.13
2011.06.30 18:31:48.892,6.31434,6.31642,1.30,1.41
2011.06.30 18:31:49.003,6.31434,6.31599,1.30,1.06
2011.06.30 18:31:49.404,6.31434,6.31595,1.30,1.26
2011.06.30 18:31:49.732,6.3145,6.316,1.30,1.26
2011.06.30 18:31:50.332,6.3145,6.31601,1.30,1.08
2011.06.30 18:31:51.327,6.3145,6.31602,1.30,1.33
2011.06.30 18:31:54.753,6.3145,6.31599,1.30,1.33
2011.06.30 18:31:54.867,6.31437,6.3159,1.30,1.29
2011.06.30 18:31:55.202,6.31428,6.31575,1.30,1.24
2011.06.30 18:31:55.393,6.31428,6.31652,1.30,1.50
2011.06.30 18:31:55.613,6.31428,6.31573,1.30,1.71
2011.06.30 18:31:55.723,6.31426,6.31573,1.30,1.71
2011.06.30 18:32:11.353,6.31426,6.31574,1.30,1.43
2011.06.30 18:32:11.463,6.31396,6.31564,1.30,1.05
2011.06.30 18:32:16.383,6.31396,6.31563,1.30,1.14
2011.06.30 18:32:19.374,6.31396,6.31574,1.30,1.36
2011.06.30 18:32:22.164,6.31396,6.31578,1.30,1.11
2011.06.30 18:32:22.384,6.31396,6.31573,1.30,1.08
2011.06.30 18:32:22.493,6.31396,6.31575,1.30,1.02
2011.06.30 18:32:22.603,6.31396,6.31597,1.30,1.11
2011.06.30 18:32:23.175,6.31396,6.31575,1.30,1.24
2011.06.30 18:32:26.355,6.31413,6.31576,1.30,1.02
2011.06.30 18:32:26.465,6.31413,6.3161,1.30,1.29
2011.06.30 18:32:26.573,6.31413,6.31561,1.30,1.08
2011.06.30 18:32:29.963,6.31398,6.31561,1.30,1.24
2011.06.30 18:32:31.582,6.31398,6.31573,1.30,1.38
2011.06.30 18:32:31.803,6.31381,6.31575,4.50,1.24
2011.06.30 18:32:31.910,6.31382,6.31645,4.50,1.50
2011.06.30 18:32:32.602,6.31393,6.31645,1.50,1.50
2011.06.30 18:32:33.496,6.31472,6.31645,1.30,1.50
2011.06.30 18:32:35.275,6.3148,6.31645,1.30,1.50
2011.06.30 18:32:37.724,6.31495,6.31648,1.30,1.50
2011.06.30 18:32:37.943,6.31489,6.31648,1.30,1.50
2011.06.30 18:32:38.723,6.31481,6.31645,1.30,1.50
2011.06.30 18:32:39.956,6.315,6.31666,1.30,1.50
2011.06.30 18:32:48.164,6.31514,6.31668,1.30,1.50
2011.06.30 18:32:50.965,6.31514,6.31691,1.30,1.50
2011.06.30 18:32:51.183,6.31525,6.31691,1.30,1.50
2011.06.30 18:32:51.843,6.31495,6.31691,1.30,1.50
2011.06.30 18:32:58.844,6.3151,6.31692,1.30,1.50
2011.06.30 18:33:04.024,6.3151,6.31716,1.30,1.50
2011.06.30 18:33:04.463,6.31533,6.31724,1.30,1.35
2011.06.30 18:33:07.493,6.31469,6.31724,1.30,1.35
2011.06.30 18:33:08.367,6.31439,6.31707,1.30,1.50
2011.06.30 18:33:08.954,6.31438,6.31705,1.30,1.50
2011.06.30 18:33:25.954,6.31427,6.31682,1.30,1.50
2011.06.30 18:33:26.064,6.31427,6.31679,1.30,1.50
2011.06.30 18:33:30.747,6.31404,6.31672,1.30,1.50
2011.06.30 18:33:30.864,6.31394,6.31648,5.05,1.50
2011.06.30 18:33:31.644,6.31392,6.31648,1.35,1.50
2011.06.30 18:33:52.084,6.31374,6.31631,1.30,1.50
2011.06.30 18:33:52.304,6.31374,6.31626,1.30,1.50
2011.06.30 18:33:54.115,6.31352,6.3162,2.05,1.50
2011.06.30 18:33:54.223,6.31352,6.31606,1.30,1.50
2011.06.30 18:33:57.193,6.31343,6.31606,1.30,1.50
2011.06.30 18:34:11.694,6.31331,6.31589,4.30,1.50
2011.06.30 18:34:12.353,6.31318,6.31578,1.13,1.50
2011.06.30 18:34:12.913,6.31319,6.31578,1.13,2.25
2011.06.30 18:34:13.023,6.31319,6.31578,1.13,1.50
2011.06.30 18:34:13.133,6.3132,6.31578,1.30,1.50
2011.06.30 18:34:16.005,6.31309,6.3155,1.30,4.50
2011.06.30 18:34:16.333,6.31283,6.31525,4.50,1.50
2011.06.30 18:34:17.334,6.31296,6.31543,1.50,1.50
2011.06.30 18:34:19.213,6.31306,6.31552,1.30,1.50
2011.06.30 18:34:19.544,6.3132,6.31564,3.75,1.50
2011.06.30 18:34:19.990,6.31312,6.31568,1.13,1.50
2011.06.30 18:34:20.213,6.31312,6.31564,1.13,1.50
2011.06.30 18:34:22.935,6.31312,6.31567,1.30,1.50
2011.06.30 18:34:23.153,6.31309,6.31568,1.30,1.50
2011.06.30 18:34:23.374,6.3131,6.31564,1.30,1.50
2011.06.30 18:34:31.736,6.3131,6.31578,1.30,1.50
2011.06.30 18:34:31.957,6.31312,6.31568,1.30,1.50
2011.06.30 18:34:34.204,6.31312,6.31564,1.30,1.50
2011.06.30 18:34:39.563,6.31312,6.31564,1.30,1.50
2011.06.30 18:34:41.824,6.31312,6.31564,1.30,1.50
2011.06.30 18:34:44.520,6.31312,6.31565,1.30,1.50
2011.06.30 18:34:46.933,6.31312,6.31564,1.30,1.50
2011.06.30 18:34:49.235,6.31312,6.31564,1.30,1.50
2011.06.30 18:34:51.346,6.31334,6.31579,1.50,1.50
2011.06.30 18:34:51.458,6.3132,6.31569,3.75,1.50
2011.06.30 18:34:51.683,6.3131,6.31565,1.30,1.50
2011.06.30 18:34:57.643,6.31312,6.31565,3.75,1.50
2011.06.30 18:34:58.193,6.3131,6.31565,1.30,1.50
2011.06.30 18:34:59.004,6.31295,6.31555,4.30,1.50
2011.06.30 18:34:59.490,6.31295,6.31542,4.30,1.50
2011.06.30 18:35:13.824,6.31291,6.31539,1.30,1.50
2011.06.30 18:35:14.199,6.31271,6.31533,1.30,1.50
2011.06.30 18:35:14.320,6.31268,6.31522,1.30,1.50
2011.06.30 18:35:14.434,6.31262,6.31522,1.30,1.50
2011.06.30 18:35:19.407,6.31267,6.31532,1.50,1.50
2011.06.30 18:35:19.624,6.31279,6.31543,1.30,1.50
2011.06.30 18:35:25.233,6.31289,6.31543,1.30,1.50
2011.06.30 18:35:37.463,6.31289,6.31534,1.30,1.50
2011.06.30 18:35:37.685,6.31253,6.31515,1.30,1.50
2011.06.30 18:35:37.794,6.31253,6.31505,1.30,1.50
2011.06.30 18:35:38.015,6.31253,6.31508,1.30,1.50
2011.06.30 18:35:39.190,6.31253,6.31505,1.30,1.50
2011.06.30 18:35:40.095,6.31255,6.31512,1.30,1.50
2011.06.30 18:35:40.314,6.3127,6.31522,1.30,1.50
2011.06.30 18:35:41.923,6.31278,6.31532,1.30,1.50
2011.06.30 18:35:44.564,6.31278,6.31523,1.30,1.50
2011.06.30 18:35:46.374,6.31262,6.31522,1.30,1.50
2011.06.30 18:35:58.423,6.31262,6.31496,1.30,3.75
2011.06.30 18:35:58.645,6.3124,6.31502,1.36,1.50
2011.06.30 18:35:58.755,6.31217,6.31471,1.30,1.50
2011.06.30 18:36:03.271,6.31241,6.31505,1.30,1.50
2011.06.30 18:36:03.823,6.31253,6.31502,1.30,1.50
2011.06.30 18:36:04.045,6.31235,6.31502,1.30,1.50
2011.06.30 18:36:14.903,6.31229,6.31498,2.05,1.50
2011.06.30 18:36:15.124,6.31229,6.31481,1.30,1.50
2011.06.30 18:36:16.704,6.31216,6.31481,1.30,1.50
2011.06.30 18:36:20.095,6.31207,6.31461,1.30,1.50
2011.06.30 18:36:20.314,6.31197,6.31461,1.15,1.50
2011.06.30 18:36:20.533,6.31187,6.31439,1.35,1.50
2011.06.30 18:36:23.738,6.31197,6.31463,1.15,1.50
2011.06.30 18:36:23.856,6.31191,6.31444,1.15,1.50
2011.06.30 18:36:29.587,6.3119,6.31444,1.30,1.50
2011.06.30 18:36:45.113,6.31168,6.31435,1.30,1.50
2011.06.30 18:36:45.333,6.31168,6.31422,1.30,1.50
2011.06.30 18:36:50.564,6.31174,6.31422,1.30,1.50
2011.06.30 18:36:53.525,6.31168,6.31422,1.30,1.50
2011.06.30 18:36:53.852,6.31168,6.31422,1.59,1.50
2011.06.30 18:36:54.514,6.31168,6.31422,1.30,1.50
2011.06.30 18:36:58.864,6.31172,6.31441,1.30,1.50
2011.06.30 18:36:58.974,6.31183,6.31444,1.30,1.50
2011.06.30 18:36:59.194,6.3119,6.31444,1.30,1.50
2011.06.30 18:37:00.583,6.31183,6.31444,1.30,1.50
2011.06.30 18:37:38.735,6.31188,6.31451,4.50,1.50
2011.06.30 18:37:38.953,6.31193,6.31467,1.30,1.50
2011.06.30 18:37:40.303,6.31205,6.31467,1.30,1.50
2011.06.30 18:37:41.164,6.31194,6.31462,1.30,1.50
2011.06.30 18:37:41.603,6.31192,6.31444,1.30,1.50
2011.06.30 18:37:48.066,6.31212,6.31462,4.50,1.50
2011.06.30 18:37:48.175,6.31212,6.3148,4.50,1.50
2011.06.30 18:37:48.285,6.31231,6.31491,1.30,1.50
2011.06.30 18:37:48.753,6.3123,6.31491,1.30,1.50
2011.06.30 18:37:48.867,6.31237,6.31491,1.30,1.50
2011.06.30 18:37:50.704,6.31228,6.31491,1.30,1.50
2011.06.30 18:37:56.676,6.31212,6.31491,4.50,1.50
2011.06.30 18:37:56.786,6.31212,6.31476,4.50,1.35
2011.06.30 18:37:57.007,6.31201,6.31456,1.30,1.50
2011.06.30 18:38:00.210,6.31202,6.31456,1.30,1.50
2011.06.30 18:38:01.944,6.31202,6.31471,5.05,1.50
2011.06.30 18:38:02.163,6.31219,6.31471,1.30,1.50
2011.06.30 18:38:02.494,6.31202,6.31463,1.30,1.50
2011.06.30 18:38:02.605,6.31199,6.31454,1.30,1.50
2011.06.30 18:38:03.324,6.31199,6.31444,1.30,1.50
2011.06.30 18:38:03.435,6.31186,6.31443,1.30,1.50
2011.06.30 18:38:06.345,6.31194,6.31454,1.30,1.50
2011.06.30 18:38:20.274,6.31202,6.31454,1.30,1.50
2011.06.30 18:38:21.573,6.31185,6.31454,1.30,2.25
2011.06.30 18:38:22.534,6.31199,6.31454,1.30,1.50
2011.06.30 18:38:28.160,6.31183,6.3143,1.15,1.50
2011.06.30 18:38:32.175,6.31183,6.31452,1.30,2.25
2011.06.30 18:38:32.505,6.31205,6.31474,1.30,1.50
2011.06.30 18:38:38.592,6.31222,6.31463,1.50,1.50
2011.06.30 18:38:38.933,6.31287,6.31463,1.30,1.50
2011.06.30 18:38:39.236,6.31287,6.3146,1.30,1.50
2011.06.30 18:38:39.564,6.31262,6.31442,1.30,1.50
2011.06.30 18:38:40.405,6.31273,6.31441,1.30,1.50
2011.06.30 18:38:46.017,6.31169,6.31441,1.35,1.50
2011.06.30 18:38:47.417,6.31183,6.31433,1.30,1.50
2011.06.30 18:38:47.528,6.3116,6.31423,1.30,1.50
2011.06.30 18:38:47.756,6.31155,6.31413,1.30,1.50
2011.06.30 18:38:48.217,6.31155,6.31413,1.30,1.50
2011.06.30 18:39:02.445,6.31159,6.31423,4.50,1.50
2011.06.30 18:39:02.555,6.31175,6.31423,1.30,1.50
2011.06.30 18:39:02.667,6.31184,6.31436,1.35,1.50
2011.06.30 18:39:02.778,6.31186,6.31438,1.15,1.50
2011.06.30 18:39:03.104,6.31192,6.31459,1.30,1.50
2011.06.30 18:39:06.965,6.31207,6.31462,4.50,1.50
2011.06.30 18:39:07.185,6.31222,6.31475,1.30,1.50
2011.06.30 18:39:09.658,6.31244,6.31491,1.35,1.50
2011.06.30 18:39:09.886,6.31251,6.31519,1.30,1.50
2011.06.30 18:39:11.324,6.31265,6.31519,1.30,1.50
2011.06.30 18:39:11.545,6.31265,6.31519,1.30,1.50
2011.06.30 18:39:12.370,6.31265,6.31519,1.30,1.50
2011.06.30 18:39:25.604,6.31267,6.31519,1.30,1.50
2011.06.30 18:39:41.323,6.31335,6.31536,1.30,1.35
2011.06.30 18:39:41.436,6.31329,6.3154,1.30,1.35
2011.06.30 18:39:43.954,6.31346,6.31536,1.30,1.35
2011.06.30 18:39:46.273,6.31315,6.31532,1.30,1.50
2011.06.30 18:39:47.065,6.31323,6.31543,1.30,2.25
2011.06.30 18:39:47.174,6.31323,6.31542,1.30,1.50
2011.06.30 18:39:47.637,6.3131,6.31533,1.30,1.50
2011.06.30 18:39:48.467,6.3131,6.31526,1.30,1.50
2011.06.30 18:39:49.565,6.3131,6.31542,1.30,1.50
2011.06.30 18:39:49.785,6.31321,6.31542,1.30,1.50
2011.06.30 18:39:55.625,6.31321,6.31545,1.30,1.50
2011.06.30 18:39:56.943,6.3132,6.31542,1.30,1.50
2011.06.30 18:39:57.164,6.3131,6.31558,1.50,1.50
2011.06.30 18:39:57.384,6.31292,6.31563,1.35,1.50
2011.06.30 18:39:57.605,6.3129,6.31545,1.90,1.50
2011.06.30 18:39:57.714,6.3129,6.31542,1.90,1.50
2011.06.30 18:40:03.377,6.31292,6.31555,1.35,1.50
2011.06.30 18:40:03.597,6.31292,6.31543,1.15,1.50
2011.06.30 18:40:03.814,6.31289,6.31544,1.35,1.50
2011.06.30 18:40:04.384,6.31289,6.31543,1.35,1.50
2011.06.30 18:40:05.494,6.31289,6.31542,1.35,1.50
2011.06.30 18:40:08.146,6.31292,6.31545,1.35,1.50
2011.06.30 18:40:08.365,6.31293,6.31562,1.30,1.50
2011.06.30 18:40:08.473,6.31292,6.31543,1.15,1.50
2011.06.30 18:40:08.806,6.31289,6.31543,1.35,1.50
2011.06.30 18:40:12.416,6.31292,6.31554,1.35,1.50
2011.06.30 18:40:12.525,6.31294,6.31563,1.30,1.50
2011.06.30 18:40:12.634,6.31292,6.31543,1.15,1.50
2011.06.30 18:40:12.964,6.31289,6.31543,1.35,1.50
2011.06.30 18:40:20.445,6.31292,6.31553,1.35,1.50
2011.06.30 18:40:20.557,6.31297,6.31561,1.30,4.50
2011.06.30 18:40:20.665,6.31292,6.31542,1.15,1.50
2011.06.30 18:40:20.775,6.31285,6.31543,1.15,1.50
2011.06.30 18:40:20.997,6.31292,6.31542,1.15,1.50
2011.06.30 18:40:21.324,6.313,6.31543,1.30,1.50
2011.06.30 18:40:23.294,6.31317,6.31567,1.30,1.50
2011.06.30 18:40:23.513,6.31317,6.31567,1.30,1.50
2011.06.30 18:40:23.733,6.31309,6.31569,2.05,1.50
2011.06.30 18:40:24.584,6.31313,6.31573,4.50,1.35
2011.06.30 18:40:24.695,6.31328,6.31574,1.30,1.35
2011.06.30 18:40:25.745,6.31365,6.31622,1.35,1.50
2011.06.30 18:40:26.312,6.31348,6.316,1.15,1.50
2011.06.30 18:40:31.632,6.31338,6.316,1.30,1.50
2011.06.30 18:40:34.714,6.31338,6.316,1.30,1.50
2011.06.30 18:40:37.094,6.31346,6.316,1.30,1.50
2011.06.30 18:40:40.947,6.31369,6.316,1.30,1.50
2011.06.30 18:40:41.387,6.31431,6.316,1.30,1.50
2011.06.30 18:40:45.156,6.3131,6.31578,3.75,1.50
2011.06.30 18:40:45.264,6.3132,6.31592,4.50,1.50
2011.06.30 18:40:45.375,6.31328,6.31605,1.30,1.50
2011.06.30 18:40:45.484,6.31328,6.31615,1.30,2.10
2011.06.30 18:40:45.924,6.31325,6.31613,1.30,1.50
2011.06.30 18:40:46.685,6.31331,6.31592,1.30,1.50
2011.06.30 18:40:46.794,6.31331,6.31585,1.30,1.50
2011.06.30 18:40:50.694,6.31324,6.31585,1.30,1.50
2011.06.30 18:40:57.454,6.31303,6.31565,4.30,1.35
2011.06.30 18:40:57.565,6.31296,6.31554,1.30,1.50
2011.06.30 18:41:07.403,6.3129,6.31554,1.35,1.50
2011.06.30 18:41:10.505,6.31287,6.31534,1.15,1.50
2011.06.30 18:41:10.835,6.31276,6.3153,1.35,1.50
2011.06.30 18:41:11.164,6.31272,6.3153,1.30,1.50
2011.06.30 18:41:11.707,6.31259,6.31529,1.30,1.50
2011.06.30 18:41:14.713,6.31251,6.3152,4.50,1.50
2011.06.30 18:41:14.824,6.3125,6.31508,1.30,1.50
2011.06.30 18:41:15.384,6.31254,6.31508,1.30,1.50
2011.06.30 18:41:15.604,6.3131,6.31508,1.30,1.50
2011.06.30 18:41:16.190,6.31313,6.31508,1.30,1.50
2011.06.30 18:41:18.344,6.31299,6.31508,1.30,1.50
2011.06.30 18:41:18.784,6.31324,6.31524,1.30,4.50
2011.06.30 18:41:19.894,6.31321,6.31522,1.30,1.50
2011.06.30 18:41:21.425,6.31326,6.31529,1.30,1.50
2011.06.30 18:41:21.891,6.31326,6.31523,1.30,1.50
2011.06.30 18:41:30.874,6.31322,6.31501,1.30,1.50
2011.06.30 18:41:31.204,6.31304,6.31482,1.30,1.50
2011.06.30 18:41:31.314,6.31276,6.31466,1.30,1.50
2011.06.30 18:41:33.785,6.31276,6.31461,1.30,1.50
2011.06.30 18:41:34.004,6.31253,6.31444,1.30,1.50
2011.06.30 18:41:35.332,6.31247,6.31444,1.30,1.50
2011.06.30 18:41:35.554,6.31224,6.31444,1.30,1.50
2011.06.30 18:41:36.214,6.31193,6.31444,1.35,1.50
2011.06.30 18:41:36.324,6.31192,6.31444,1.90,1.50
2011.06.30 18:41:44.696,6.31215,6.31463,1.30,1.50
2011.06.30 18:41:48.966,6.31223,6.31485,1.30,1.50
2011.06.30 18:41:49.079,6.31232,6.31486,1.35,1.50
2011.06.30 18:41:49.414,6.31256,6.31514,1.30,1.35
2011.06.30 18:41:55.514,6.31243,6.31503,1.35,1.50
2011.06.30 18:41:55.624,6.31243,6.31495,1.35,1.50
2011.06.30 18:41:59.446,6.31242,6.31486,1.15,1.50
2011.06.30 18:41:59.775,6.31216,6.3147,1.35,1.50
2011.06.30 18:42:01.274,6.31238,6.31492,1.35,2.25
2011.06.30 18:42:02.236,6.31238,6.31492,1.35,1.50
2011.06.30 18:42:08.394,6.31237,6.31481,1.15,1.50
2011.06.30 18:42:08.723,6.31216,6.3147,1.35,1.50
2011.06.30 18:42:09.964,6.31215,6.3147,1.30,1.50
2011.06.30 18:42:19.294,6.31195,6.31462,1.35,1.50
2011.06.30 18:42:24.636,6.31207,6.3147,1.30,1.50
2011.06.30 18:42:29.804,6.31195,6.31464,1.49,1.50
2011.06.30 18:42:35.824,6.31208,6.3147,1.30,1.50
2011.06.30 18:42:43.353,6.31198,6.3147,1.30,1.50
2011.06.30 18:42:44.201,6.31197,6.3147,1.43,1.50
2011.06.30 18:42:45.065,6.31195,6.31444,1.28,1.50
2011.06.30 18:42:45.286,6.31183,6.31437,1.49,1.50
2011.06.30 18:42:52.684,6.31161,6.31423,1.43,1.50
2011.06.30 18:42:53.013,6.3116,6.31415,1.43,1.50
2011.06.30 18:42:57.834,6.3116,6.31415,1.43,1.50
2011.06.30 18:42:58.684,6.31185,6.31432,1.43,1.35
2011.06.30 18:42:59.276,6.31198,6.31452,1.35,1.50
2011.06.30 18:42:59.488,6.31198,6.31452,1.35,1.50
2011.06.30 18:43:01.783,6.31201,6.31452,1.15,1.50
2011.06.30 18:43:03.933,6.31201,6.31452,1.15,1.50
2011.06.30 18:43:10.724,6.31201,6.31452,1.15,1.50
2011.06.30 18:43:11.054,6.31168,6.31421,1.49,1.35
2011.06.30 18:43:11.385,6.31173,6.31421,1.64,1.35
2011.06.30 18:43:14.838,6.31173,6.31421,1.43,1.35
2011.06.30 18:43:15.933,6.31173,6.31421,1.43,1.35
2011.06.30 18:43:22.891,6.31176,6.31421,1.43,1.35
2011.06.30 18:43:27.667,6.31245,6.31421,1.30,1.35
2011.06.30 18:43:27.885,6.3124,6.31421,1.30,1.35
2011.06.30 18:43:29.919,6.31255,6.31407,1.30,1.50
2011.06.30 18:43:30.147,6.31253,6.31391,1.30,1.50
2011.06.30 18:43:30.256,6.31229,6.31391,1.30,1.50
2011.06.30 18:43:33.165,6.31229,6.31352,1.30,4.50
2011.06.30 18:43:33.276,6.31194,6.31327,1.30,1.50
2011.06.30 18:43:33.386,6.31169,6.31327,1.30,1.50
2011.06.30 18:43:37.774,6.31169,6.31324,1.30,1.50
2011.06.30 18:43:38.103,6.31144,6.31305,1.30,1.50
2011.06.30 18:43:41.373,6.31155,6.31309,1.30,1.50
2011.06.30 18:43:42.846,6.31142,6.31305,1.30,1.50
2011.06.30 18:43:43.285,6.31136,6.31305,1.30,1.50
2011.06.30 18:43:43.504,6.31112,6.31305,1.30,1.50
2011.06.30 18:43:45.504,6.31122,6.31307,1.30,1.50
2011.06.30 18:43:46.051,6.31114,6.31305,1.30,1.50
2011.06.30 18:43:48.675,6.31053,6.31305,1.50,1.50
2011.06.30 18:43:48.894,6.3104,6.31305,1.30,1.50
2011.06.30 18:43:50.066,6.3103,6.31305,1.90,1.50
2011.06.30 18:43:53.704,6.31048,6.31299,5.25,1.50
2011.06.30 18:43:53.815,6.31073,6.31327,1.35,1.50
2011.06.30 18:43:57.494,6.31076,6.31327,1.35,1.50
2011.06.30 18:43:58.066,6.31073,6.31327,1.35,1.50
2011.06.30 18:43:58.516,6.31076,6.31327,1.35,1.50
2011.06.30 18:43:58.625,6.31073,6.31327,1.35,1.50
2011.06.30 18:43:59.226,6.3109,6.3133,4.50,2.10
2011.06.30 18:43:59.554,6.31115,6.31344,1.35,1.50
2011.06.30 18:43:59.665,6.31103,6.31347,2.10,1.50
2011.06.30 18:44:00.264,6.31103,6.31347,2.10,1.50
2011.06.30 18:44:00.924,6.31103,6.31347,2.10,1.50
2011.06.30 18:44:03.275,6.31103,6.31347,2.10,1.50
2011.06.30 18:44:11.544,6.31093,6.31347,1.35,1.50
2011.06.30 18:44:21.824,6.311,6.31354,1.35,1.50
2011.06.30 18:44:22.176,6.31117,6.31354,4.50,1.50
2011.06.30 18:44:22.290,6.31142,6.31396,1.35,1.50
2011.06.30 18:44:29.195,6.31132,6.31376,1.15,1.50
2011.06.30 18:44:29.525,6.31121,6.31373,1.35,1.50
2011.06.30 18:44:31.285,6.31121,6.31368,1.35,1.50
2011.06.30 18:44:31.725,6.31121,6.31373,1.35,1.50
2011.06.30 18:44:34.205,6.31147,6.31399,2.10,1.50
2011.06.30 18:44:34.427,6.31154,6.31399,1.15,1.50
2011.06.30 18:44:45.205,6.31154,6.31405,1.15,1.50
2011.06.30 18:44:45.623,6.31147,6.31399,1.35,1.50
2011.06.30 18:44:46.068,6.31122,6.31378,1.30,1.35
2011.06.30 18:44:46.186,6.3112,6.31376,1.30,1.50
2011.06.30 18:44:57.427,6.31146,6.31401,1.35,1.50
2011.06.30 18:44:57.647,6.31146,6.31401,1.35,1.50
2011.06.30 18:45:00.905,6.31139,6.31383,1.15,1.50
2011.06.30 18:45:01.235,6.31125,6.31379,1.35,1.50
2011.06.30 18:45:01.711,6.31125,6.31379,1.35,1.50
2011.06.30 18:45:03.676,6.31131,6.31384,1.15,1.50
2011.06.30 18:45:03.785,6.31146,6.31401,1.35,1.50
2011.06.30 18:45:04.434,6.31146,6.31401,1.35,1.50
2011.06.30 18:45:11.244,6.3117,6.31401,1.30,1.50
2011.06.30 18:45:12.007,6.31193,6.31414,1.30,1.35
2011.06.30 18:45:12.116,6.31193,6.31424,1.30,1.50
2011.06.30 18:45:14.995,6.31215,6.31431,1.30,1.50
2011.06.30 18:45:18.746,6.31207,6.31424,1.43,1.50
2011.06.30 18:45:18.858,6.31165,6.31413,1.28,1.45
2011.06.30 18:45:18.976,6.31148,6.31402,1.49,1.50
2011.06.30 18:45:21.404,6.31148,6.31402,1.49,1.50
2011.06.30 18:45:28.104,6.31148,6.31402,1.49,1.50
2011.06.30 18:45:32.225,6.31148,6.31402,1.49,1.50
2011.06.30 18:45:35.344,6.31165,6.31413,1.49,1.45
2011.06.30 18:45:35.872,6.31165,6.31413,1.49,1.45
2011.06.30 18:45:46.738,6.31192,6.31438,1.43,1.45
2011.06.30 18:45:46.845,6.31192,6.31445,1.43,1.35
2011.06.30 18:45:47.393,6.31185,6.31445,1.43,1.35
2011.06.30 18:45:49.184,6.31185,6.31445,1.43,1.35
2011.06.30 18:45:58.998,6.31193,6.31447,1.43,1.35
2011.06.30 18:46:05.576,6.31193,6.31447,1.43,1.35
2011.06.30 18:46:12.044,6.31193,6.31449,2.18,1.50
2011.06.30 18:46:14.244,6.31262,6.31448,1.30,1.50
2011.06.30 18:46:19.215,6.31282,6.31468,1.30,1.50
2011.06.30 18:46:19.545,6.3129,6.31468,1.30,1.50
2011.06.30 18:46:24.034,6.31284,6.31468,1.30,1.50
2011.06.30 18:46:28.594,6.31298,6.31468,1.30,1.50
2011.06.30 18:46:30.506,6.31326,6.31493,1.30,1.35
2011.06.30 18:46:35.544,6.31283,6.3148,1.30,1.35
2011.06.30 18:46:40.557,6.31296,6.31494,1.30,1.35
2011.06.30 18:46:42.214,6.31296,6.31495,1.30,1.50
2011.06.30 18:46:42.545,6.31306,6.31502,1.30,1.50
2011.06.30 18:46:43.985,6.31298,6.31494,1.30,1.50
2011.06.30 18:46:44.565,6.31298,6.31505,1.30,1.50
2011.06.30 18:46:50.396,6.31308,6.31515,1.30,1.35
2011.06.30 18:46:50.725,6.31319,6.31518,1.30,1.50
2011.06.30 18:46:50.946,6.31337,6.3153,1.30,1.50
2011.06.30 18:46:51.274,6.31339,6.31539,1.30,1.50
2011.06.30 18:46:54.025,6.31327,6.31524,1.30,1.50
2011.06.30 18:46:55.275,6.31296,6.31518,1.43,1.35
2011.06.30 18:46:55.387,6.31296,6.31513,1.43,1.35
2011.06.30 18:46:55.496,6.31272,6.315,1.43,1.50
2011.06.30 18:46:55.717,6.31272,6.31513,1.43,1.35
2011.06.30 18:46:55.935,6.31277,6.31514,1.43,1.35
2011.06.30 18:46:56.155,6.31288,6.31513,1.43,1.35
2011.06.30 18:46:57.344,6.31322,6.31557,1.30,1.50
2011.06.30 18:46:57.564,6.31324,6.31558,1.43,1.50
2011.06.30 18:46:58.005,6.31324,6.31553,1.43,1.50
2011.06.30 18:46:58.926,6.31306,6.31529,1.43,1.35
2011.06.30 18:46:59.704,6.31306,6.31529,1.43,1.35
2011.06.30 18:47:00.035,6.31284,6.31487,1.43,1.50
2011.06.30 18:47:00.614,6.3126,6.31487,1.43,1.50
2011.06.30 18:47:04.375,6.3126,6.31489,1.43,1.35
2011.06.30 18:47:04.594,6.31274,6.31502,1.43,1.35
2011.06.30 18:47:09.445,6.31274,6.31506,1.43,1.50
2011.06.30 18:47:10.124,6.31274,6.31506,1.43,1.50
2011.06.30 18:47:10.676,6.31304,6.31523,1.43,1.35
2011.06.30 18:47:16.918,6.31291,6.31548,1.43,1.50
2011.06.30 18:47:17.027,6.31301,6.31553,1.43,1.35
2011.06.30 18:47:17.136,6.3129,6.31552,1.28,1.50
2011.06.30 18:47:28.624,6.3129,6.31536,1.28,1.50
2011.06.30 18:47:35.901,6.31301,6.31536,1.43,1.50
2011.06.30 18:47:36.738,6.31368,6.31535,1.30,1.50
2011.06.30 18:47:38.075,6.31382,6.31548,1.30,1.50
2011.06.30 18:47:38.295,6.31382,6.31553,1.30,1.35
2011.06.30 18:47:38.516,6.31389,6.31557,1.30,1.35
2011.06.30 18:47:41.594,6.31389,6.31553,1.30,1.35
2011.06.30 18:47:41.815,6.31374,6.31542,1.30,1.50
2011.06.30 18:47:47.495,6.31388,6.31554,1.30,1.35
2011.06.30 18:47:50.968,6.31411,6.31558,1.30,1.35
2011.06.30 18:47:53.986,6.31411,6.31579,1.30,1.50
2011.06.30 18:47:56.185,6.31404,6.31579,1.30,1.50
2011.06.30 18:47:56.295,6.31381,6.31579,1.30,1.50
2011.06.30 18:47:59.726,6.31381,6.31546,1.30,4.50
2011.06.30 18:48:00.055,6.3133,6.31522,1.30,1.35
2011.06.30 18:48:00.636,6.31326,6.31522,1.30,1.35
2011.06.30 18:48:02.296,6.3134,6.31522,1.30,1.35
2011.06.30 18:48:05.857,6.3134,6.31548,1.30,1.50
2011.06.30 18:48:06.075,6.31355,6.31561,1.30,1.50
2011.06.30 18:48:06.746,6.31362,6.31561,1.30,1.50
2011.06.30 18:48:09.884,6.31352,6.31551,1.30,1.50
2011.06.30 18:48:10.835,6.31364,6.3156,1.30,1.50
2011.06.30 18:48:14.615,6.3135,6.31548,1.30,1.50
2011.06.30 18:48:16.991,6.3132,6.31549,1.30,1.50
2011.06.30 18:48:17.327,6.31333,6.3156,1.30,1.50
2011.06.30 18:48:36.494,6.31333,6.31548,1.30,1.50
2011.06.30 18:48:37.106,6.31339,6.31562,1.30,1.50
2011.06.30 18:48:37.216,6.31347,6.31588,2.05,2.05
2011.06.30 18:48:37.325,6.31347,6.31595,2.05,1.35
2011.06.30 18:48:37.544,6.31349,6.31599,1.30,1.35
2011.06.30 18:48:39.366,6.31372,6.31606,1.30,1.35
2011.06.30 18:48:39.477,6.31394,6.31629,1.35,1.50
2011.06.30 18:48:39.587,6.31402,6.31642,1.15,1.50
2011.06.30 18:48:39.695,6.31399,6.31641,1.15,1.50
2011.06.30 18:48:40.244,6.31373,6.31624,1.43,1.35
2011.06.30 18:48:43.243,6.31389,6.31625,1.28,1.50
2011.06.30 18:48:43.363,6.31399,6.31651,1.30,1.50
2011.06.30 18:48:43.694,6.31399,6.31651,1.30,1.50
2011.06.30 18:48:44.217,6.31399,6.31648,1.30,1.50
2011.06.30 18:48:44.544,6.31373,6.31611,4.60,1.35
2011.06.30 18:48:44.654,6.31373,6.31611,4.47,1.35
2011.06.30 18:48:44.764,6.31373,6.31604,4.49,4.50
2011.06.30 18:48:45.313,6.3135,6.31585,1.42,1.50
2011.06.30 18:48:48.223,6.31361,6.31585,1.18,1.50
2011.06.30 18:48:50.893,6.3137,6.31585,1.10,1.50
2011.06.30 18:48:51.425,6.3135,6.31573,1.49,4.50
2011.06.30 18:48:51.976,6.31307,6.3155,1.29,1.50
2011.06.30 18:48:52.089,6.31352,6.31563,1.30,1.50
2011.06.30 18:48:52.314,6.31352,6.31569,1.30,1.50
2011.06.30 18:48:53.164,6.31352,6.31569,1.10,1.50
2011.06.30 18:48:56.394,6.31352,6.31569,1.27,1.50
2011.06.30 18:48:57.135,6.31399,6.31569,1.30,1.50
2011.06.30 18:49:17.287,6.31394,6.31569,1.30,1.50
2011.06.30 18:49:17.393,6.3137,6.31569,1.74,1.50
2011.06.30 18:49:37.573,6.31364,6.31569,1.05,1.50
2011.06.30 18:49:39.039,6.3136,6.31569,1.03,1.50
2011.06.30 18:49:39.755,6.31361,6.31569,1.01,1.50
2011.06.30 18:49:39.975,6.31388,6.31593,1.23,1.50
2011.06.30 18:49:46.635,6.31402,6.31604,1.15,1.50
2011.06.30 18:49:47.187,6.31402,6.31628,1.15,1.50
2011.06.30 18:49:47.405,6.31422,6.31628,1.15,1.50
2011.06.30 18:49:57.901,6.31395,6.31628,1.15,1.50
2011.06.30 18:50:03.024,6.31406,6.31655,1.15,1.50
2011.06.30 18:50:03.244,6.31407,6.31655,1.15,1.50
2011.06.30 18:50:03.684,6.31405,6.31655,1.15,1.50
2011.06.30 18:50:04.013,6.31405,6.31655,1.28,1.50
2011.06.30 18:50:04.575,6.31405,6.31653,1.28,1.50
2011.06.30 18:50:07.505,6.31405,6.31639,1.28,1.50
2011.06.30 18:50:09.004,6.31396,6.31648,1.49,1.50
2011.06.30 18:50:09.114,6.31396,6.31648,1.35,1.50
2011.06.30 18:50:09.224,6.3141,6.31648,1.15,1.50
2011.06.30 18:50:09.933,6.31419,6.31653,1.15,1.50
2011.06.30 18:50:17.723,6.31422,6.31653,1.15,1.50
2011.06.30 18:50:21.887,6.315,6.31668,1.30,1.50
2011.06.30 18:50:31.134,6.315,6.31672,1.30,1.50
2011.06.30 18:50:31.246,6.315,6.31672,1.30,4.50
2011.06.30 18:50:31.356,6.31511,6.31666,1.30,4.50
2011.06.30 18:50:32.294,6.315,6.31664,1.30,4.50
2011.06.30 18:50:32.973,6.31384,6.31649,1.15,1.50
2011.06.30 18:50:34.567,6.31422,6.31674,1.35,1.50
2011.06.30 18:50:35.158,6.31444,6.31674,1.35,1.50
2011.06.30 18:50:36.141,6.31507,6.31684,1.30,5.25
2011.06.30 18:50:36.804,6.31517,6.31685,1.30,1.50
2011.06.30 18:50:39.885,6.31517,6.31669,1.30,1.50
2011.06.30 18:50:39.995,6.315,6.31663,1.30,1.50
2011.06.30 18:50:40.105,6.31475,6.31663,1.30,1.50
2011.06.30 18:50:46.158,6.31483,6.31684,1.30,1.50
2011.06.30 18:50:47.836,6.31432,6.31684,1.35,1.50
2011.06.30 18:50:54.524,6.31468,6.31684,1.15,1.50
2011.06.30 18:50:54.968,6.31489,6.31684,1.30,1.50
2011.06.30 18:51:01.318,6.31494,6.31684,1.30,1.50
2011.06.30 18:51:01.439,6.31468,6.31684,1.15,1.50
2011.06.30 18:51:01.559,6.31468,6.31684,1.15,1.50
2011.06.30 18:51:21.420,6.31448,6.31684,1.15,1.50
2011.06.30 18:51:25.275,6.31457,6.31684,1.15,1.50
2011.06.30 18:51:30.565,6.31445,6.31684,1.15,1.50
2011.06.30 18:51:31.294,6.31432,6.31684,1.59,1.50
2011.06.30 18:51:31.624,6.3143,6.31654,1.45,1.50
2011.06.30 18:51:34.643,6.31423,6.31654,1.06,1.50
2011.06.30 18:51:35.374,6.31412,6.31654,1.12,1.50
2011.06.30 18:51:36.477,6.3143,6.31654,1.44,1.50
2011.06.30 18:51:36.941,6.31422,6.3163,1.14,1.50
2011.06.30 18:51:38.784,6.31423,6.31652,1.02,1.50
2011.06.30 18:51:39.387,6.31417,6.31652,1.52,1.50
2011.06.30 18:51:39.914,6.31425,6.31652,1.42,1.50
2011.06.30 18:51:40.486,6.31425,6.31652,1.34,1.50
2011.06.30 18:51:41.939,6.31439,6.31652,1.44,1.50
2011.06.30 18:51:42.279,6.315,6.31676,1.30,1.50
2011.06.30 18:51:44.247,6.315,6.31655,1.30,1.50
2011.06.30 18:51:56.653,6.31422,6.31654,1.10,1.50
2011.06.30 18:52:07.561,6.31422,6.31654,1.17,1.50
2011.06.30 18:52:11.015,6.31423,6.31654,1.03,1.50
2011.06.30 18:52:12.335,6.31412,6.31654,1.12,1.50
2011.06.30 18:52:15.069,6.31413,6.31654,1.08,1.50
2011.06.30 18:52:25.924,6.31422,6.31654,1.03,1.50
2011.06.30 18:52:40.444,6.31437,6.31654,2.19,1.50
2011.06.30 18:52:40.556,6.31437,6.31669,2.19,1.50
2011.06.30 18:52:43.577,6.31422,6.31658,1.16,4.50
2011.06.30 18:52:43.686,6.31422,6.31633,1.16,1.50
2011.06.30 18:52:44.244,6.31423,6.31633,1.11,1.50
2011.06.30 18:52:44.813,6.31423,6.31633,1.11,1.50
2011.06.30 18:52:45.287,6.31422,6.31659,1.04,1.50
2011.06.30 18:52:45.723,6.31422,6.31659,1.04,1.50
2011.06.30 18:52:47.245,6.31423,6.31636,1.02,1.50
2011.06.30 18:52:50.055,6.31423,6.3163,1.02,1.50
2011.06.30 18:52:52.996,6.31423,6.31642,1.04,1.50
2011.06.30 18:52:54.894,6.31422,6.31642,1.08,1.50
2011.06.30 18:52:59.607,6.31413,6.31622,1.01,1.50
2011.06.30 18:53:00.806,6.31413,6.3162,1.01,1.50
2011.06.30 18:53:04.554,6.31413,6.3162,1.01,1.50
2011.06.30 18:53:12.153,6.31436,6.31633,1.39,1.50
2011.06.30 18:53:33.124,6.31424,6.31633,1.36,1.50
2011.06.30 18:53:34.406,6.31422,6.3162,1.09,4.50
2011.06.30 18:53:36.074,6.31396,6.31597,1.50,1.50
2011.06.30 18:53:36.658,6.31396,6.31597,1.49,1.50
2011.06.30 18:53:38.444,6.31376,6.31595,1.42,1.50
2011.06.30 18:53:38.965,6.31376,6.31595,1.19,1.50
2011.06.30 18:53:40.668,6.31376,6.31577,1.19,1.50
2011.06.30 18:53:42.226,6.31354,6.31563,1.38,1.50
2011.06.30 18:53:44.387,6.31354,6.31555,1.25,1.50
2011.06.30 18:53:51.944,6.31353,6.31552,1.35,1.50
2011.06.30 18:53:53.856,6.31327,6.31548,1.24,1.50
2011.06.30 18:53:57.075,6.31327,6.31548,1.50,1.50
2011.06.30 18:53:57.184,6.31327,6.31563,1.50,1.50
2011.06.30 18:54:00.486,6.31327,6.31565,1.21,4.50
2011.06.30 18:54:02.145,6.31335,6.31565,1.36,4.50
2011.06.30 18:54:02.521,6.31335,6.31562,1.29,1.50
2011.06.30 18:54:03.076,6.31335,6.31552,1.21,1.50
2011.06.30 18:54:10.365,6.31335,6.31539,1.21,1.50
2011.06.30 18:54:11.644,6.31297,6.31487,1.40,1.50
2011.06.30 18:54:12.304,6.31297,6.31507,1.18,1.50
2011.06.30 18:54:12.525,6.31297,6.31507,1.54,1.50
2011.06.30 18:54:16.106,6.31364,6.31507,1.16,1.50
2011.06.30 18:54:19.494,6.31364,6.31507,1.41,1.50
2011.06.30 18:54:21.303,6.31368,6.31544,1.41,3.75
2011.06.30 18:54:22.600,6.31368,6.31544,1.03,3.75
2011.06.30 18:54:23.363,6.31368,6.31544,1.20,3.75
2011.06.30 18:54:23.773,6.31368,6.31542,1.37,3.75
2011.06.30 18:54:30.985,6.31368,6.31529,1.37,3.75
2011.06.30 18:54:34.561,6.31343,6.31529,1.43,3.75
2011.06.30 18:54:34.673,6.31337,6.31529,1.43,4.50
2011.06.30 18:54:36.465,6.31313,6.31533,1.43,1.50
2011.06.30 18:54:36.575,6.31357,6.31543,1.47,1.50
2011.06.30 18:54:37.074,6.31344,6.31544,1.46,3.75
2011.06.30 18:54:37.313,6.31344,6.3154,1.46,3.75
2011.06.30 18:54:37.644,6.31348,6.31542,1.46,1.50
2011.06.30 18:54:37.975,6.31348,6.31528,1.46,1.50
2011.06.30 18:54:41.629,6.31344,6.31512,1.37,1.50
2011.06.30 18:54:47.185,6.31344,6.31557,1.33,3.75
2011.06.30 18:54:47.295,6.31344,6.31557,1.33,4.50
2011.06.30 18:54:47.649,6.31354,6.31542,1.33,1.50
2011.06.30 18:54:54.225,6.31371,6.31556,1.45,1.50
2011.06.30 18:54:54.334,6.31396,6.31565,1.25,1.50
2011.06.30 18:54:55.055,6.31371,6.31556,1.45,1.50
2011.06.30 18:55:05.550,6.31373,6.31588,1.23,1.50
2011.06.30 18:55:06.104,6.31386,6.31588,1.23,1.50
2011.06.30 18:55:06.815,6.31369,6.31568,1.28,1.50
2011.06.30 18:55:07.254,6.31367,6.31564,1.34,1.50
2011.06.30 18:55:09.115,6.31367,6.31566,1.45,1.50
2011.06.30 18:55:09.224,6.31367,6.3158,1.45,4.50
2011.06.30 18:55:09.334,6.31396,6.3158,1.39,3.75
2011.06.30 18:55:09.555,6.31389,6.31597,1.23,1.50
2011.06.30 18:55:09.993,6.31388,6.31589,1.33,1.50
2011.06.30 18:55:25.505,6.31367,6.31589,1.47,1.50
2011.06.30 18:55:27.164,6.31367,6.31589,1.26,1.50
2011.06.30 18:55:29.284,6.31367,6.31589,1.36,1.50
2011.06.30 18:55:30.154,6.31367,6.31595,1.44,1.50
2011.06.30 18:55:30.270,6.31367,6.31609,1.33,1.50
2011.06.30 18:55:30.826,6.31367,6.31595,1.38,1.50
2011.06.30 18:55:34.646,6.31367,6.31587,1.41,1.50
2011.06.30 18:55:35.234,6.31367,6.31587,1.38,1.50
2011.06.30 18:55:37.963,6.31424,6.31587,1.54,1.50
2011.06.30 18:55:42.164,6.31424,6.31609,1.56,1.50
2011.06.30 18:55:42.605,6.31413,6.31609,1.12,1.50
2011.06.30 18:55:42.824,6.31367,6.31609,1.35,1.50
2011.06.30 18:55:43.045,6.31367,6.31609,1.35,1.50
2011.06.30 18:55:43.595,6.31367,6.31588,1.38,1.50
2011.06.30 18:55:44.005,6.31367,6.31588,1.38,1.50
2011.06.30 18:55:45.025,6.31343,6.31578,1.40,5.25
2011.06.30 18:55:45.636,6.31343,6.31553,1.35,1.50
2011.06.30 18:55:46.404,6.31343,6.31553,1.28,1.50
2011.06.30 18:55:48.615,6.31343,6.31553,1.27,1.50
2011.06.30 18:55:53.673,6.31343,6.31553,1.38,1.50
2011.06.30 18:55:54.225,6.31343,6.31553,1.40,1.50
2011.06.30 18:55:55.456,6.31343,6.31553,1.18,1.50
2011.06.30 18:55:57.865,6.31343,6.31553,1.57,1.50
2011.06.30 18:56:10.694,6.31343,6.31553,1.47,1.50
2011.06.30 18:56:10.934,6.31343,6.31553,1.47,1.50
2011.06.30 18:56:11.459,6.31343,6.31553,1.28,1.50
2011.06.30 18:56:12.055,6.31343,6.31553,1.22,1.50
2011.06.30 18:56:12.604,6.31343,6.31553,1.38,1.50
2011.06.30 18:56:12.825,6.31343,6.31553,1.27,1.50
2011.06.30 18:56:13.567,6.31343,6.31553,1.52,1.50
2011.06.30 18:56:20.538,6.31343,6.3158,1.37,1.50
2011.06.30 18:56:20.646,6.31343,6.3158,1.35,1.50
2011.06.30 18:56:25.155,6.31385,6.3158,1.42,1.50
2011.06.30 18:56:30.525,6.31385,6.3158,1.19,1.50
2011.06.30 18:56:38.684,6.31385,6.31601,1.19,1.50
2011.06.30 18:56:39.236,6.31385,6.31601,1.40,1.50
2011.06.30 18:56:40.464,6.31423,6.31601,1.06,1.50
2011.06.30 18:56:40.685,6.31462,6.31651,1.30,1.50
2011.06.30 18:56:47.774,6.31484,6.31679,1.30,1.50
2011.06.30 18:56:49.206,6.31465,6.31662,1.15,1.50
2011.06.30 18:56:52.164,6.31421,6.31643,1.05,1.50
2011.06.30 18:56:54.615,6.31412,6.3163,1.22,1.50
2011.06.30 18:56:54.945,6.31421,6.31617,1.11,1.50
2011.06.30 18:57:00.836,6.31421,6.31617,1.11,1.50
2011.06.30 18:57:01.164,6.31421,6.31617,1.10,1.50
2011.06.30 18:57:01.908,6.31421,6.31617,1.14,1.50
2011.06.30 18:57:04.575,6.31421,6.31617,1.05,1.50
2011.06.30 18:57:04.795,6.31412,6.31621,1.24,1.50
2011.06.30 18:57:06.586,6.31412,6.3165,1.24,1.50
2011.06.30 18:57:07.304,6.31413,6.3165,1.11,1.50
2011.06.30 18:57:08.475,6.31421,6.3165,1.05,1.50
2011.06.30 18:57:13.855,6.31421,6.3165,1.12,1.50
2011.06.30 18:57:14.485,6.31421,6.3165,1.10,1.50
2011.06.30 18:57:15.075,6.31413,6.3165,1.08,1.50
2011.06.30 18:57:15.636,6.31421,6.3165,1.16,1.50
2011.06.30 18:57:15.965,6.31413,6.31633,1.15,1.50
2011.06.30 18:57:16.294,6.31421,6.31624,1.12,1.50
2011.06.30 18:57:17.105,6.31421,6.31624,1.10,1.50
2011.06.30 18:57:18.185,6.31421,6.31624,1.49,1.50
2011.06.30 18:57:18.844,6.31421,6.31624,1.56,1.50
2011.06.30 18:57:18.954,6.31421,6.31624,1.56,1.50
2011.06.30 18:57:20.304,6.31421,6.31624,1.54,1.50
2011.06.30 18:57:27.617,6.31421,6.31624,1.54,1.50
2011.06.30 18:57:28.394,6.31421,6.31624,1.46,1.50
2011.06.30 18:57:30.005,6.31422,6.31624,1.01,1.50
2011.06.30 18:57:38.942,6.31421,6.31624,1.06,1.50
2011.06.30 18:57:45.315,6.31421,6.31624,1.06,1.50
2011.06.30 18:57:56.247,6.31396,6.31612,1.29,1.50
2011.06.30 18:57:57.019,6.31386,6.31602,1.54,1.50
2011.06.30 18:57:59.214,6.31453,6.31603,1.30,1.50
2011.06.30 18:58:00.179,6.31461,6.31612,1.30,1.50
2011.06.30 18:58:01.257,6.31461,6.31623,1.30,1.50
2011.06.30 18:58:02.286,6.31469,6.31623,1.30,1.50
2011.06.30 18:58:04.565,6.31457,6.31622,1.30,1.50
2011.06.30 18:58:05.848,6.31474,6.31623,1.30,1.50
2011.06.30 18:58:06.683,6.31474,6.31623,1.30,1.50
2011.06.30 18:58:06.905,6.31474,6.31606,1.30,1.50
2011.06.30 18:58:19.191,6.31448,6.31606,1.30,1.50
2011.06.30 18:58:19.494,6.31424,6.31606,1.49,1.50
2011.06.30 18:58:22.975,6.31435,6.31616,1.39,1.50
2011.06.30 18:58:23.086,6.31435,6.31625,1.39,1.50
2011.06.30 18:58:24.758,6.31425,6.31605,1.57,1.50
2011.06.30 18:58:24.866,6.31429,6.31624,1.57,1.50
2011.06.30 18:58:24.976,6.31429,6.31624,1.57,1.50
2011.06.30 18:58:25.415,6.31429,6.31624,1.65,1.50
2011.06.30 18:58:26.480,6.31455,6.31634,1.30,1.50
2011.06.30 18:58:26.925,6.31455,6.31646,1.30,1.50
2011.06.30 18:58:32.330,6.31455,6.31614,1.30,1.50
2011.06.30 18:58:35.117,6.31442,6.31622,1.39,1.50
2011.06.30 18:58:35.775,6.31436,6.31621,1.39,1.50
2011.06.30 18:58:37.375,6.3144,6.31635,1.39,1.50
2011.06.30 18:58:38.656,6.3144,6.31635,1.39,1.50
2011.06.30 18:58:40.521,6.31432,6.31632,1.60,1.50
2011.06.30 18:58:41.367,6.31423,6.31614,1.45,1.50
2011.06.30 18:58:44.105,6.31414,6.31634,1.74,1.50
2011.06.30 18:58:44.214,6.31425,6.31634,1.45,1.50
2011.06.30 18:58:44.764,6.31425,6.31632,1.43,1.50
2011.06.30 18:58:45.302,6.31425,6.31632,1.38,1.50
2011.06.30 18:58:46.664,6.31425,6.31614,1.38,1.50
2011.06.30 18:58:48.175,6.31414,6.31613,1.49,1.50
2011.06.30 18:58:49.024,6.31425,6.31613,1.38,1.50
2011.06.30 18:58:49.244,6.31425,6.31623,1.38,1.50
2011.06.30 18:58:51.993,6.31422,6.31613,1.49,1.50
2011.06.30 18:58:52.570,6.31415,6.31613,1.52,1.50
2011.06.30 18:58:53.138,6.31413,6.31613,1.15,1.50
2011.06.30 18:58:53.796,6.31412,6.31613,1.15,1.50
2011.06.30 18:58:54.015,6.31412,6.31615,1.15,1.50
2011.06.30 18:59:00.065,6.31423,6.31625,1.04,1.50
2011.06.30 18:59:00.175,6.31423,6.31613,1.04,1.50
2011.06.30 18:59:01.715,6.31394,6.31613,1.46,1.50
2011.06.30 18:59:02.267,6.31423,6.31645,1.07,1.50
2011.06.30 18:59:02.378,6.31438,6.31656,1.24,1.50
2011.06.30 18:59:03.369,6.31426,6.31631,1.38,4.50
2011.06.30 18:59:03.489,6.31422,6.31631,1.06,8.25
2011.06.30 18:59:04.389,6.31396,6.31628,1.47,1.50
2011.06.30 18:59:05.266,6.31408,6.31621,1.30,1.50
2011.06.30 18:59:09.999,6.31391,6.31623,1.43,1.50
2011.06.30 18:59:10.572,6.31391,6.31616,1.51,1.50
2011.06.30 18:59:10.692,6.31401,6.31628,1.51,1.50
2011.06.30 18:59:12.566,6.31399,6.31616,1.51,1.50
2011.06.30 18:59:14.056,6.3139,6.31616,1.36,1.50
2011.06.30 18:59:18.156,6.3139,6.31613,1.27,1.50
2011.06.30 18:59:18.485,6.31387,6.3158,1.32,1.50
2011.06.30 18:59:19.044,6.31387,6.3158,1.25,1.50
2011.06.30 18:59:20.996,6.31387,6.3158,1.45,1.50
2011.06.30 18:59:21.324,6.31429,6.3158,1.55,1.50
2011.06.30 18:59:25.247,6.31444,6.31601,1.30,1.50
2011.06.30 18:59:35.076,6.31336,6.31582,1.42,1.50
2011.06.30 18:59:35.921,6.31403,6.31574,1.57,1.50
2011.06.30 18:59:37.168,6.31423,6.31574,1.72,1.50
2011.06.30 18:59:37.496,6.31413,6.31574,1.08,1.50
2011.06.30 18:59:38.226,6.31413,6.31574,1.08,1.50
2011.06.30 18:59:40.068,6.31413,6.31558,1.08,1.50
2011.06.30 18:59:41.193,6.31384,6.3154,1.17,1.50
2011.06.30 18:59:43.664,6.31314,6.3154,1.22,1.50
2011.06.30 18:59:43.996,6.31293,6.31543,1.15,1.50
2011.06.30 18:59:44.477,6.31293,6.3155,1.15,1.50
2011.06.30 18:59:45.135,6.31414,6.31551,1.43,1.50
2011.06.30 18:59:45.466,6.31338,6.31551,1.68,1.50
2011.06.30 18:59:45.797,6.31338,6.31545,1.68,1.50
2011.06.30 18:59:46.125,6.31379,6.31545,1.45,1.50
2011.06.30 18:59:46.456,6.31346,6.31545,1.22,1.50
2011.06.30 18:59:46.785,6.3136,6.31545,1.02,1.50
2011.06.30 18:59:55.937,6.31406,6.31555,1.35,1.50
2011.06.30 18:59:56.156,6.31375,6.31555,1.30,1.50
2011.06.30 18:59:56.835,6.31401,6.31555,1.26,1.50
2011.06.30 18:59:57.315,6.31375,6.31555,1.30,1.50
