2012.09.11 06:00:01.054,6.64197,6.64387,1.89,2.03
2012.09.11 06:00:01.371,6.64212,6.6441,2.03,2.35
2012.09.11 06:00:01.812,6.64197,6.64387,1.89,2.03
2012.09.11 06:00:02.288,6.64197,6.64354,1.89,2.25
2012.09.11 06:00:02.421,6.64132,6.64331,2.03,2.35
2012.09.11 06:00:03.151,6.64132,6.64317,2.03,2.03
2012.09.11 06:00:03.221,6.64095,6.64294,2.03,2.03
2012.09.11 06:00:04.341,6.64095,6.64288,2.03,2.03
2012.09.11 06:00:04.473,6.64067,6.64265,2.03,2.03
2012.09.11 06:00:05.086,6.64099,6.64288,2.03,2.03
2012.09.11 06:00:05.161,6.64099,6.64295,2.03,2.03
2012.09.11 06:00:05.231,6.64071,6.64269,2.03,2.03
2012.09.11 06:00:06.350,6.64047,6.64204,2.03,2.03
2012.09.11 06:00:06.421,6.64008,6.64204,2.03,2.03
2012.09.11 06:00:14.301,6.64008,6.64201,2.03,2.03
2012.09.11 06:00:14.496,6.63979,6.64177,2.03,2.03
2012.09.11 06:00:19.651,6.6399,6.64177,2.03,2.03
2012.09.11 06:00:19.722,6.64014,6.64213,2.03,2.03
2012.09.11 06:00:20.647,6.64014,6.64211,2.03,2.03
2012.09.11 06:00:20.961,6.63989,6.64186,2.03,2.03
2012.09.11 06:00:21.562,6.63953,6.64149,2.03,2.03
2012.09.11 06:00:22.591,6.63928,6.64119,2.03,2.03
2012.09.11 06:00:22.662,6.63921,6.64119,2.03,2.03
2012.09.11 06:00:28.141,6.63921,6.64108,2.03,2.03
2012.09.11 06:00:28.297,6.63885,6.64084,2.03,2.03
2012.09.11 06:00:32.523,6.63856,6.64055,2.03,2.03
2012.09.11 06:00:32.852,6.63834,6.64032,2.03,2.03
2012.09.11 06:00:33.165,6.63834,6.64029,2.03,2.03
2012.09.11 06:00:33.383,6.63805,6.64005,2.03,2.03
2012.09.11 06:00:35.119,6.63828,6.64029,2.03,4.05
2012.09.11 06:00:36.811,6.63802,6.64009,2.03,2.03
2012.09.11 06:00:37.183,6.63808,6.64009,2.03,2.03
2012.09.11 06:00:37.752,6.63832,6.64033,2.03,2.03
2012.09.11 06:00:38.101,6.638,6.64005,2.03,2.03
2012.09.11 06:00:39.534,6.63779,6.6398,2.03,2.03
2012.09.11 06:00:39.841,6.63739,6.63939,2.03,2.03
2012.09.11 06:00:40.164,6.63715,6.63913,2.03,2.03
2012.09.11 06:00:40.234,6.63708,6.63913,2.03,2.03
2012.09.11 06:00:43.593,6.63683,6.6389,2.03,2.03
2012.09.11 06:00:43.782,6.63659,6.63859,2.03,2.03
2012.09.11 06:00:43.852,6.63652,6.63859,2.03,2.03
2012.09.11 06:00:44.205,6.6368,6.63878,1.17,2.03
2012.09.11 06:00:44.641,6.63784,6.63878,1.02,2.03
2012.09.11 06:00:45.332,6.63775,6.63878,1.13,2.03
2012.09.11 06:00:45.462,6.63775,6.63901,1.13,2.03
2012.09.11 06:00:47.472,6.63795,6.64014,1.01,1.38
2012.09.11 06:00:47.545,6.63663,6.64014,2.93,1.05
2012.09.11 06:00:47.623,6.63663,6.64014,2.03,1.05
2012.09.11 06:00:47.943,6.63714,6.63974,2.03,2.03
2012.09.11 06:00:49.092,6.63759,6.63955,2.03,2.03
2012.09.11 06:00:49.822,6.63759,6.63955,2.78,2.03
2012.09.11 06:00:52.721,6.63759,6.63955,2.78,2.03
2012.09.11 06:00:53.991,6.63783,6.63979,2.03,2.03
2012.09.11 06:00:54.501,6.63783,6.6398,2.03,2.03
2012.09.11 06:00:54.570,6.63783,6.6398,2.03,2.78
2012.09.11 06:00:56.660,6.63789,6.6398,2.03,2.78
2012.09.11 06:00:56.981,6.63813,6.64009,2.03,2.78
2012.09.11 06:00:57.473,6.63821,6.64009,2.03,2.78
2012.09.11 06:00:57.781,6.63867,6.64066,2.03,4.80
2012.09.11 06:00:59.474,6.63844,6.64034,2.03,2.78
2012.09.11 06:00:59.541,6.63838,6.64034,2.03,2.78
2012.09.11 06:01:01.364,6.63838,6.64034,2.03,2.78
2012.09.11 06:01:01.632,6.63805,6.64003,2.03,2.78
2012.09.11 06:01:01.831,6.63805,6.64003,2.03,2.78
2012.09.11 06:01:03.380,6.63805,6.64003,2.03,2.78
2012.09.11 06:01:05.370,6.63781,6.63977,2.03,2.78
2012.09.11 06:01:05.440,6.63781,6.63977,2.03,2.03
2012.09.11 06:01:06.073,6.63817,6.64013,2.03,2.78
2012.09.11 06:01:06.143,6.63822,6.64013,2.03,2.78
2012.09.11 06:01:06.210,6.63845,6.64043,2.03,2.78
2012.09.11 06:01:10.866,6.63789,6.63972,2.78,2.03
2012.09.11 06:01:10.941,6.63755,6.63972,2.03,2.78
2012.09.11 06:01:11.804,6.63755,6.63972,2.03,2.78
2012.09.11 06:01:12.151,6.63755,6.63952,2.03,2.78
2012.09.11 06:01:14.274,6.63785,6.63982,2.03,2.78
2012.09.11 06:01:14.401,6.63785,6.6398,2.03,2.78
2012.09.11 06:01:14.471,6.63781,6.6398,2.03,4.80
2012.09.11 06:01:14.543,6.63781,6.6398,2.03,2.78
2012.09.11 06:01:14.733,6.63781,6.6398,2.78,2.03
2012.09.11 06:01:15.263,6.63781,6.63979,2.78,2.03
2012.09.11 06:01:15.333,6.63781,6.63979,2.03,2.78
2012.09.11 06:01:15.523,6.63781,6.63979,2.03,2.78
2012.09.11 06:01:15.712,6.63816,6.64014,2.03,2.78
2012.09.11 06:01:15.783,6.63816,6.64014,2.03,2.78
2012.09.11 06:01:16.261,6.63816,6.64014,2.03,2.78
2012.09.11 06:01:20.112,6.63816,6.64014,2.03,2.78
2012.09.11 06:01:23.905,6.63791,6.63989,2.03,2.78
2012.09.11 06:01:23.974,6.63767,6.63966,2.78,2.03
2012.09.11 06:01:24.843,6.6379,6.63989,2.03,2.78
2012.09.11 06:01:24.942,6.6379,6.63989,2.03,2.78
2012.09.11 06:01:25.322,6.63765,6.63962,2.03,2.03
2012.09.11 06:01:26.422,6.63791,6.63987,2.03,2.78
2012.09.11 06:01:31.701,6.6382,6.64019,2.03,2.78
2012.09.11 06:01:39.370,6.6382,6.64019,2.03,2.03
2012.09.11 06:01:41.522,6.63796,6.63994,4.05,2.03
2012.09.11 06:01:51.503,6.63796,6.63994,2.78,2.03
2012.09.11 06:01:51.811,6.63897,6.63994,1.89,2.03
2012.09.11 06:01:52.121,6.63897,6.64017,1.89,2.03
2012.09.11 06:01:52.191,6.63897,6.64062,1.89,2.03
2012.09.11 06:01:52.260,6.63897,6.64112,1.89,2.78
2012.09.11 06:01:53.581,6.63917,6.64112,1.89,2.03
2012.09.11 06:01:55.713,6.63917,6.64112,1.89,2.78
2012.09.11 06:01:57.224,6.63915,6.64092,2.03,1.08
2012.09.11 06:01:58.451,6.63915,6.64092,2.03,1.08
2012.09.11 06:02:02.961,6.63915,6.64092,2.03,1.08
2012.09.11 06:02:03.390,6.63915,6.64092,2.03,1.08
2012.09.11 06:02:03.462,6.63889,6.64088,2.03,2.78
2012.09.11 06:02:04.142,6.63888,6.64055,2.12,2.78
2012.09.11 06:02:04.471,6.63888,6.64055,2.12,2.78
2012.09.11 06:02:05.362,6.63889,6.6408,2.03,2.78
2012.09.11 06:02:10.432,6.63889,6.64085,2.03,2.78
2012.09.11 06:02:12.551,6.63889,6.64085,2.03,2.78
2012.09.11 06:02:13.381,6.63911,6.64092,2.03,1.08
2012.09.11 06:02:19.780,6.63911,6.64092,2.03,1.08
2012.09.11 06:02:30.262,6.63911,6.64092,2.03,1.08
2012.09.11 06:02:30.580,6.63942,6.64133,2.03,1.30
2012.09.11 06:02:30.655,6.63942,6.64092,2.03,1.08
2012.09.11 06:02:30.904,6.6391,6.64092,2.03,1.08
2012.09.11 06:02:31.231,6.6391,6.64092,2.03,1.08
2012.09.11 06:02:31.603,6.63942,6.64092,2.03,1.08
2012.09.11 06:02:42.090,6.63942,6.64092,2.03,1.08
2012.09.11 06:02:51.112,6.63942,6.64092,2.03,1.08
2012.09.11 06:02:51.578,6.6392,6.64092,2.03,1.08
2012.09.11 06:03:00.921,6.63925,6.64092,2.03,1.08
2012.09.11 06:03:01.232,6.63983,6.64162,2.78,1.08
2012.09.11 06:03:01.421,6.64006,6.64202,2.03,1.30
2012.09.11 06:03:01.672,6.64006,6.64182,2.03,1.08
2012.09.11 06:03:02.309,6.64006,6.64195,2.03,2.58
2012.09.11 06:03:02.383,6.6395,6.64147,2.03,2.58
2012.09.11 06:03:06.541,6.63958,6.64147,2.64,2.25
2012.09.11 06:03:06.612,6.63981,6.6418,2.03,2.35
2012.09.11 06:03:06.682,6.63981,6.6418,2.78,2.35
2012.09.11 06:03:06.753,6.63998,6.6418,2.64,2.03
2012.09.11 06:03:06.824,6.64008,6.64205,2.78,2.58
2012.09.11 06:03:06.951,6.64039,6.6422,2.03,1.30
2012.09.11 06:03:07.201,6.64039,6.64233,2.03,1.08
2012.09.11 06:03:07.864,6.64072,6.64233,2.03,1.08
2012.09.11 06:03:07.933,6.64072,6.64251,2.03,1.50
2012.09.11 06:03:08.003,6.64072,6.64251,2.03,1.50
2012.09.11 06:03:08.338,6.63953,6.6419,2.03,2.58
2012.09.11 06:03:14.162,6.63948,6.6414,2.03,2.35
2012.09.11 06:03:14.231,6.63941,6.6414,2.78,2.35
2012.09.11 06:03:21.330,6.63943,6.6414,1.50,2.35
2012.09.11 06:03:23.032,6.63974,6.6417,2.03,2.58
2012.09.11 06:03:24.912,6.63948,6.64144,2.78,2.58
2012.09.11 06:03:27.711,6.63948,6.64144,2.78,2.58
2012.09.11 06:03:29.422,6.63973,6.6417,2.03,2.58
2012.09.11 06:03:29.834,6.63973,6.6417,3.53,2.58
2012.09.11 06:03:30.681,6.63977,6.6417,1.50,2.58
2012.09.11 06:03:31.399,6.63989,6.6417,1.50,2.58
2012.09.11 06:03:45.060,6.63989,6.6417,1.50,2.58
2012.09.11 06:04:00.062,6.6402,6.64189,2.03,2.58
2012.09.11 06:04:00.383,6.6402,6.64218,2.03,2.58
2012.09.11 06:04:00.453,6.6402,6.64218,2.78,2.58
2012.09.11 06:04:00.953,6.63979,6.64169,1.50,2.03
2012.09.11 06:04:01.021,6.63979,6.64169,1.50,2.03
2012.09.11 06:04:02.221,6.63982,6.64169,1.50,2.03
2012.09.11 06:04:13.030,6.63977,6.64169,2.64,2.03
2012.09.11 06:04:15.503,6.63986,6.64188,2.78,2.35
2012.09.11 06:04:20.452,6.64003,6.64159,2.78,2.03
2012.09.11 06:04:20.810,6.64027,6.64135,2.03,2.03
2012.09.11 06:04:33.237,6.64029,6.64135,2.03,2.03
2012.09.11 06:04:33.576,6.64054,6.64156,2.03,2.03
2012.09.11 06:04:34.312,6.6403,6.64133,2.03,2.03
2012.09.11 06:04:34.543,6.6403,6.64133,2.03,2.35
2012.09.11 06:04:34.613,6.64008,6.64101,2.03,2.03
2012.09.11 06:04:34.683,6.64008,6.6411,2.03,2.03
2012.09.11 06:04:34.751,6.64002,6.64103,2.03,2.03
2012.09.11 06:04:44.871,6.64024,6.64103,2.03,2.03
2012.09.11 06:04:45.002,6.64018,6.64119,2.03,2.35
2012.09.11 06:04:48.785,6.64019,6.64119,2.03,2.35
2012.09.11 06:04:48.852,6.64044,6.64146,2.03,2.35
2012.09.11 06:04:52.706,6.64019,6.64124,2.03,2.35
2012.09.11 06:04:52.771,6.64013,6.64124,2.03,2.35
2012.09.11 06:05:00.734,6.64041,6.64144,2.03,2.35
2012.09.11 06:05:06.123,6.64018,6.64116,2.03,2.35
2012.09.11 06:05:06.190,6.64012,6.64116,2.03,2.35
2012.09.11 06:05:12.012,6.64013,6.64116,2.03,2.35
2012.09.11 06:05:12.237,6.64036,6.64139,2.03,2.35
2012.09.11 06:05:14.811,6.6401,6.64112,2.03,2.03
2012.09.11 06:05:31.294,6.63984,6.64087,2.03,2.03
2012.09.11 06:05:31.481,6.64015,6.64118,2.03,2.58
2012.09.11 06:05:45.081,6.64039,6.6414,2.03,2.25
2012.09.11 06:05:45.392,6.64076,6.64177,2.03,2.25
2012.09.11 06:05:45.463,6.64079,6.64177,2.03,2.03
2012.09.11 06:05:45.532,6.64103,6.64204,2.03,2.03
2012.09.11 06:05:45.961,6.64128,6.64229,2.03,2.03
2012.09.11 06:05:46.574,6.64151,6.64252,2.03,2.03
2012.09.11 06:05:46.884,6.6425,6.64319,2.03,2.03
2012.09.11 06:05:46.953,6.6425,6.64373,2.03,2.03
2012.09.11 06:05:48.102,6.64297,6.644,2.03,2.03
2012.09.11 06:05:53.476,6.64274,6.64376,2.03,2.03
2012.09.11 06:05:53.993,6.64275,6.64376,2.03,2.03
2012.09.11 06:05:54.063,6.64299,6.64403,2.03,2.03
2012.09.11 06:05:55.491,6.64337,6.64403,1.89,2.03
2012.09.11 06:05:55.563,6.64337,6.64425,1.89,2.03
2012.09.11 06:05:55.633,6.64348,6.6445,2.03,2.03
2012.09.11 06:05:56.014,6.64486,6.64597,2.03,1.30
2012.09.11 06:05:56.082,6.64486,6.6463,2.03,3.00
2012.09.11 06:05:56.152,6.64486,6.6463,2.03,2.03
2012.09.11 06:05:56.222,6.64462,6.64605,4.05,2.03
2012.09.11 06:05:56.531,6.64309,6.6445,2.78,2.03
2012.09.11 06:05:56.601,6.64309,6.6445,2.03,2.03
2012.09.11 06:05:57.794,6.64303,6.64406,2.03,2.03
2012.09.11 06:05:57.862,6.64259,6.64362,2.78,2.03
2012.09.11 06:06:01.610,6.64259,6.64362,2.78,2.03
2012.09.11 06:06:01.860,6.64259,6.64362,2.03,2.03
2012.09.11 06:06:01.932,6.64288,6.64389,2.03,2.03
2012.09.11 06:06:02.121,6.64309,6.64421,2.03,2.03
2012.09.11 06:06:13.032,6.6428,6.64387,2.03,2.03
2012.09.11 06:06:13.342,6.64204,6.64344,2.78,2.03
2012.09.11 06:06:14.331,6.64179,6.64311,2.03,2.03
2012.09.11 06:06:14.401,6.64163,6.64311,2.03,2.03
2012.09.11 06:06:29.893,6.64159,6.64283,2.03,2.03
2012.09.11 06:06:38.720,6.64173,6.64307,2.03,2.03
2012.09.11 06:06:40.993,6.64173,6.64307,2.78,2.03
2012.09.11 06:06:43.284,6.64197,6.64321,2.03,2.03
2012.09.11 06:06:57.415,6.64172,6.64297,2.78,2.03
2012.09.11 06:06:58.134,6.64198,6.64323,2.03,2.03
2012.09.11 06:07:08.302,6.64193,6.64318,2.03,2.03
2012.09.11 06:07:14.389,6.64167,6.64318,2.78,2.35
2012.09.11 06:07:14.462,6.64174,6.64275,2.03,2.03
2012.09.11 06:07:14.758,6.64067,6.64208,2.03,2.35
2012.09.11 06:07:17.553,6.64111,6.64212,2.03,2.58
2012.09.11 06:07:19.335,6.64111,6.64212,2.03,2.58
2012.09.11 06:07:19.406,6.64137,6.64238,2.03,2.58
2012.09.11 06:07:22.612,6.64137,6.64238,2.03,2.03
2012.09.11 06:07:22.742,6.64144,6.64238,2.03,2.03
2012.09.11 06:07:23.312,6.64169,6.64271,2.03,2.35
2012.09.11 06:07:24.683,6.6417,6.64271,2.03,2.35
2012.09.11 06:07:25.042,6.64195,6.64297,2.03,2.35
2012.09.11 06:07:27.275,6.6417,6.64277,2.03,2.58
2012.09.11 06:07:27.343,6.64165,6.64277,2.03,2.58
2012.09.11 06:07:28.323,6.64165,6.64268,2.03,2.58
2012.09.11 06:07:28.392,6.64136,6.64244,2.03,2.58
2012.09.11 06:07:36.833,6.64116,6.64219,2.03,2.35
2012.09.11 06:07:39.571,6.64091,6.64192,2.03,2.03
2012.09.11 06:07:42.569,6.64079,6.64183,2.03,2.35
2012.09.11 06:07:42.944,6.64051,6.6415,2.03,2.03
2012.09.11 06:07:43.073,6.64075,6.64176,2.03,2.35
2012.09.11 06:07:52.494,6.64101,6.64202,2.03,2.35
2012.09.11 06:07:52.623,6.64101,6.64202,2.03,2.03
2012.09.11 06:07:52.812,6.64103,6.64202,2.03,2.03
2012.09.11 06:07:53.122,6.64126,6.64229,2.03,2.58
2012.09.11 06:07:59.996,6.6414,6.64229,2.03,2.35
2012.09.11 06:08:00.134,6.64163,6.64266,2.03,2.58
2012.09.11 06:08:01.793,6.64195,6.64296,2.03,2.35
2012.09.11 06:08:02.192,6.64195,6.64296,2.03,2.35
2012.09.11 06:08:03.393,6.64225,6.64328,2.03,2.58
2012.09.11 06:08:03.644,6.64225,6.64328,2.03,2.58
2012.09.11 06:08:04.838,6.64228,6.64328,2.03,2.35
2012.09.11 06:08:05.459,6.64252,6.64359,2.03,2.35
2012.09.11 06:08:05.904,6.64215,6.64318,2.03,2.35
2012.09.11 06:08:06.578,6.64215,6.64318,2.03,2.35
2012.09.11 06:08:07.184,6.64183,6.64287,2.03,2.35
2012.09.11 06:08:07.271,6.64185,6.64287,2.03,2.35
2012.09.11 06:08:07.824,6.6421,6.64312,2.03,2.35
2012.09.11 06:08:15.739,6.64185,6.6428,2.03,2.03
2012.09.11 06:08:15.813,6.64179,6.6428,2.03,2.03
2012.09.11 06:08:27.972,6.64203,6.64306,2.03,2.35
2012.09.11 06:08:28.896,6.64203,6.64306,2.03,2.03
2012.09.11 06:08:28.973,6.64235,6.64337,2.03,2.35
2012.09.11 06:08:48.882,6.64236,6.64338,2.03,2.35
2012.09.11 06:08:57.563,6.64236,6.64338,2.03,2.03
2012.09.11 06:08:59.883,6.64236,6.64338,2.03,2.35
2012.09.11 06:08:59.953,6.64209,6.64313,2.03,2.35
2012.09.11 06:09:00.546,6.64183,6.64287,2.03,2.03
2012.09.11 06:09:01.535,6.64225,6.64328,2.03,2.03
2012.09.11 06:09:01.845,6.64225,6.64328,2.03,2.35
2012.09.11 06:09:02.284,6.64194,6.64297,2.03,2.03
2012.09.11 06:09:03.542,6.64194,6.64297,2.03,2.35
2012.09.11 06:09:04.372,6.6422,6.64321,2.03,2.35
2012.09.11 06:09:04.683,6.6425,6.64353,2.03,2.35
2012.09.11 06:09:06.815,6.64226,6.64328,2.03,2.35
2012.09.11 06:09:06.881,6.64222,6.64328,2.03,2.35
2012.09.11 06:09:10.491,6.64194,6.64298,2.03,2.35
2012.09.11 06:09:13.484,6.64202,6.64298,2.03,2.35
2012.09.11 06:09:13.976,6.64227,6.64328,2.03,2.35
2012.09.11 06:09:16.452,6.64195,6.64297,2.03,2.35
2012.09.11 06:09:17.272,6.64202,6.64297,2.03,2.35
2012.09.11 06:09:17.583,6.64226,6.64329,2.03,2.35
2012.09.11 06:09:18.017,6.64253,6.64354,2.03,2.35
2012.09.11 06:09:21.123,6.64253,6.64354,2.03,2.35
2012.09.11 06:09:21.453,6.64126,6.64286,2.78,2.35
2012.09.11 06:09:22.046,6.64103,6.64244,2.03,2.58
2012.09.11 06:09:22.587,6.64158,6.64261,2.03,2.35
2012.09.11 06:09:23.194,6.64189,6.64292,2.03,2.35
2012.09.11 06:09:30.584,6.64189,6.64292,2.03,2.03
2012.09.11 06:09:30.997,6.64189,6.64292,2.78,2.03
2012.09.11 06:09:31.492,6.64221,6.64322,2.03,2.35
2012.09.11 06:09:32.113,6.64228,6.64322,2.03,2.35
2012.09.11 06:09:32.479,6.64252,6.64354,2.03,2.58
2012.09.11 06:09:33.374,6.64228,6.64322,2.03,2.35
2012.09.11 06:09:33.445,6.64221,6.64322,2.03,2.35
2012.09.11 06:09:34.993,6.64252,6.64354,2.03,2.58
2012.09.11 06:09:37.833,6.64225,6.64329,2.03,2.35
2012.09.11 06:09:39.283,6.64252,6.64353,2.03,2.58
2012.09.11 06:09:40.951,6.64252,6.64354,2.03,2.58
2012.09.11 06:09:50.846,6.64228,6.64328,2.03,2.35
2012.09.11 06:09:50.925,6.64226,6.64328,2.03,2.35
2012.09.11 06:10:07.496,6.64227,6.64328,2.03,2.35
2012.09.11 06:10:07.963,6.64252,6.64354,2.03,2.58
2012.09.11 06:10:10.393,6.64252,6.64354,2.03,2.58
2012.09.11 06:10:12.401,6.64252,6.64354,2.03,2.25
2012.09.11 06:10:12.593,6.64297,6.644,2.03,2.03
2012.09.11 06:10:15.043,6.64331,6.64433,2.03,2.03
2012.09.11 06:10:20.802,6.64354,6.64455,2.03,2.03
2012.09.11 06:10:35.282,6.6438,6.6448,2.03,2.03
2012.09.11 06:10:35.352,6.6438,6.64482,2.03,2.03
2012.09.11 06:10:35.842,6.64357,6.64459,2.03,2.03
2012.09.11 06:10:41.991,6.64389,6.6449,2.03,2.03
2012.09.11 06:10:44.065,6.64389,6.6449,2.03,2.25
2012.09.11 06:10:44.382,6.64389,6.6449,2.03,2.58
2012.09.11 06:10:44.522,6.64288,6.64412,2.03,2.35
2012.09.11 06:10:57.059,6.64328,6.64443,2.03,2.58
2012.09.11 06:10:57.542,6.64337,6.64443,2.03,2.35
2012.09.11 06:10:57.613,6.6436,6.64478,2.03,2.03
2012.09.11 06:10:57.803,6.64383,6.64501,2.03,2.03
2012.09.11 06:10:58.112,6.64412,6.64529,2.03,2.03
2012.09.11 06:10:58.554,6.64425,6.64529,2.03,2.03
2012.09.11 06:10:58.873,6.64449,6.64565,2.03,2.03
2012.09.11 06:10:58.942,6.64498,6.64565,1.89,2.03
2012.09.11 06:10:59.072,6.64547,6.64681,2.03,2.78
2012.09.11 06:10:59.202,6.64547,6.64681,2.03,2.03
2012.09.11 06:10:59.392,6.64547,6.64681,2.78,2.03
2012.09.11 06:10:59.522,6.6457,6.64707,2.03,2.03
2012.09.11 06:10:59.653,6.64581,6.64707,2.03,2.03
2012.09.11 06:10:59.723,6.64605,6.6474,2.03,2.03
2012.09.11 06:10:59.792,6.64584,6.64717,2.03,2.03
2012.09.11 06:11:00.143,6.64566,6.64672,2.03,2.03
2012.09.11 06:11:00.334,6.64598,6.64705,2.03,2.03
2012.09.11 06:11:00.944,6.64577,6.64681,2.03,2.03
2012.09.11 06:11:01.132,6.64528,6.64652,2.03,2.03
2012.09.11 06:11:01.535,6.64542,6.64687,2.03,2.03
2012.09.11 06:11:01.852,6.64504,6.64655,2.03,2.03
2012.09.11 06:11:02.108,6.64469,6.64624,2.03,2.03
2012.09.11 06:11:02.842,6.64502,6.64658,2.03,2.03
2012.09.11 06:11:04.344,6.64502,6.64654,2.03,2.03
2012.09.11 06:11:04.412,6.64473,6.64629,2.03,2.03
2012.09.11 06:11:15.683,6.64448,6.64554,2.03,2.78
2012.09.11 06:11:15.932,6.64318,6.64459,2.03,2.03
2012.09.11 06:11:19.183,6.64313,6.6441,2.03,2.03
2012.09.11 06:11:19.253,6.64307,6.6441,2.03,2.03
2012.09.11 06:11:28.063,6.64337,6.64438,2.03,2.03
2012.09.11 06:11:30.543,6.64337,6.64438,2.03,2.35
2012.09.11 06:11:41.014,6.64306,6.64407,2.03,2.03
2012.09.11 06:12:01.154,6.64316,6.64417,2.03,2.03
2012.09.11 06:12:05.098,6.64341,6.64441,2.03,2.03
2012.09.11 06:12:05.173,6.64341,6.64444,2.03,2.03
2012.09.11 06:12:13.971,6.64317,6.64356,2.03,2.35
2012.09.11 06:12:14.043,6.64212,6.64356,2.03,2.35
2012.09.11 06:12:14.232,6.64218,6.64356,2.03,2.35
2012.09.11 06:12:14.585,6.64302,6.64445,2.03,2.03
2012.09.11 06:12:27.752,6.64322,6.64425,2.78,2.03
2012.09.11 06:12:34.483,6.64316,6.64417,2.78,2.03
2012.09.11 06:12:39.403,6.64316,6.64417,2.03,2.03
2012.09.11 06:12:39.487,6.64316,6.64417,2.03,2.35
2012.09.11 06:12:54.382,6.64305,6.64407,2.03,2.03
2012.09.11 06:12:59.484,6.64282,6.64384,2.03,2.03
2012.09.11 06:13:05.204,6.6425,6.64354,2.03,2.03
2012.09.11 06:13:06.303,6.64279,6.64381,2.03,2.35
2012.09.11 06:13:16.462,6.64248,6.64349,2.03,2.03
2012.09.11 06:13:35.072,6.64248,6.64343,2.03,2.03
2012.09.11 06:13:35.143,6.64216,6.64319,2.03,2.03
2012.09.11 06:13:35.904,6.64216,6.64319,2.03,2.35
2012.09.11 06:13:36.214,6.64185,6.64288,2.03,2.03
2012.09.11 06:13:39.634,6.64185,6.6428,2.03,2.03
2012.09.11 06:13:39.704,6.64154,6.64256,2.03,2.03
2012.09.11 06:13:39.774,6.64154,6.64256,2.03,2.35
2012.09.11 06:13:42.056,6.64179,6.64283,2.03,2.58
2012.09.11 06:13:42.123,6.64179,6.64283,2.03,2.25
2012.09.11 06:13:42.239,6.64156,6.64257,2.03,2.03
2012.09.11 06:13:42.315,6.64153,6.64257,2.03,2.03
2012.09.11 06:13:51.632,6.64162,6.64257,2.03,2.03
2012.09.11 06:13:52.122,6.64185,6.64288,2.03,2.03
2012.09.11 06:14:07.045,6.64159,6.6426,2.03,2.03
2012.09.11 06:14:07.352,6.64159,6.6426,2.03,2.35
2012.09.11 06:14:07.835,6.64127,6.6423,2.03,2.03
2012.09.11 06:14:13.054,6.64131,6.6423,2.03,2.03
2012.09.11 06:14:13.254,6.64203,6.64303,2.03,2.03
2012.09.11 06:14:13.322,6.64227,6.64328,2.03,2.03
2012.09.11 06:14:13.454,6.64232,6.64387,2.03,2.78
2012.09.11 06:14:14.523,6.6424,6.64387,2.03,2.78
2012.09.11 06:14:14.833,6.64269,6.64395,2.03,2.78
2012.09.11 06:14:15.435,6.6427,6.64427,2.03,2.78
2012.09.11 06:14:19.352,6.64248,6.64399,2.03,2.78
2012.09.11 06:14:19.422,6.6422,6.64375,2.03,2.78
2012.09.11 06:14:19.615,6.64211,6.643,2.03,2.03
2012.09.11 06:14:19.683,6.64236,6.64337,2.03,2.03
2012.09.11 06:14:19.811,6.64219,6.64376,2.03,2.03
2012.09.11 06:14:21.336,6.64251,6.64366,2.03,2.03
2012.09.11 06:14:21.402,6.64239,6.64394,2.03,2.78
2012.09.11 06:14:29.117,6.64239,6.64394,2.03,2.78
2012.09.11 06:14:29.444,6.64263,6.64421,2.03,2.78
2012.09.11 06:14:30.074,6.64313,6.64435,2.03,2.78
2012.09.11 06:14:31.733,6.6429,6.64445,2.03,2.78
2012.09.11 06:14:36.464,6.64316,6.64473,2.03,2.78
2012.09.11 06:14:37.414,6.6434,6.64498,2.03,2.78
2012.09.11 06:14:43.382,6.64363,6.6452,2.03,2.78
2012.09.11 06:14:43.952,6.64363,6.6452,2.03,2.78
2012.09.11 06:14:46.733,6.64323,6.64487,2.03,2.78
2012.09.11 06:14:48.732,6.64347,6.64505,2.03,2.78
2012.09.11 06:14:53.595,6.64326,6.64481,2.03,2.78
2012.09.11 06:14:53.782,6.64326,6.64481,2.03,2.78
2012.09.11 06:14:54.034,6.64302,6.6445,2.03,2.78
2012.09.11 06:14:54.222,6.64295,6.6445,2.03,2.78
2012.09.11 06:14:54.293,6.6432,6.64475,2.03,2.78
2012.09.11 06:14:56.783,6.6432,6.64475,2.03,2.78
2012.09.11 06:14:57.186,6.6435,6.64507,2.03,2.78
2012.09.11 06:14:57.663,6.6435,6.64507,2.03,2.78
2012.09.11 06:15:02.963,6.64326,6.64482,2.03,2.78
2012.09.11 06:15:03.034,6.64324,6.64482,2.03,2.78
2012.09.11 06:15:03.973,6.64348,6.64503,2.03,2.78
2012.09.11 06:15:04.547,6.64348,6.64503,2.03,2.78
2012.09.11 06:15:04.744,6.64333,6.64459,2.03,2.78
2012.09.11 06:15:04.812,6.64333,6.64459,2.03,2.78
2012.09.11 06:15:04.884,6.64343,6.64495,2.03,2.78
2012.09.11 06:15:16.043,6.64362,6.64519,2.03,2.78
2012.09.11 06:15:17.015,6.64362,6.64519,2.03,2.78
2012.09.11 06:15:21.073,6.64339,6.64483,2.03,2.78
2012.09.11 06:15:21.144,6.64331,6.6446,2.03,2.78
2012.09.11 06:15:21.213,6.64328,6.64483,2.03,2.78
2012.09.11 06:15:21.934,6.64343,6.64468,2.03,2.78
2012.09.11 06:15:22.241,6.64339,6.64493,2.03,2.78
2012.09.11 06:15:22.372,6.64342,6.64469,2.03,2.78
2012.09.11 06:15:22.561,6.64339,6.64493,2.03,2.78
2012.09.11 06:15:22.633,6.64342,6.64469,2.03,2.78
2012.09.11 06:15:22.972,6.64338,6.64495,2.03,2.78
2012.09.11 06:15:23.102,6.64342,6.64469,2.03,2.78
2012.09.11 06:15:23.232,6.64338,6.64493,2.03,2.78
2012.09.11 06:15:23.303,6.64332,6.64457,2.03,2.78
2012.09.11 06:15:23.491,6.64327,6.64485,2.03,2.78
2012.09.11 06:15:23.562,6.64332,6.64457,2.03,2.78
2012.09.11 06:15:23.753,6.64328,6.64482,2.03,2.78
2012.09.11 06:15:23.881,6.64332,6.64457,2.03,2.78
2012.09.11 06:15:23.951,6.64328,6.64482,2.03,2.78
2012.09.11 06:15:24.093,6.64332,6.64457,2.03,2.78
2012.09.11 06:15:24.162,6.64323,6.64481,2.03,2.78
2012.09.11 06:15:24.291,6.64328,6.64453,2.03,2.78
2012.09.11 06:15:24.422,6.64324,6.64478,2.03,2.78
2012.09.11 06:15:27.562,6.64347,6.64472,2.03,2.78
2012.09.11 06:15:27.735,6.64342,6.64499,2.03,2.78
2012.09.11 06:15:38.892,6.64283,6.64531,1.05,2.78
2012.09.11 06:15:40.894,6.64328,6.64531,2.03,2.78
2012.09.11 06:15:41.196,6.64353,6.64508,2.03,2.78
2012.09.11 06:15:46.052,6.64353,6.64508,4.05,2.03
2012.09.11 06:15:46.121,6.64376,6.64533,2.03,2.03
2012.09.11 06:15:52.405,6.64376,6.64533,2.03,2.78
2012.09.11 06:15:56.882,6.64361,6.64507,2.03,2.78
2012.09.11 06:15:57.081,6.64361,6.64507,2.03,2.78
2012.09.11 06:15:57.153,6.64343,6.6448,2.03,2.78
2012.09.11 06:15:57.222,6.64343,6.6448,2.03,2.78
2012.09.11 06:15:58.346,6.64343,6.6448,2.03,2.78
2012.09.11 06:15:58.765,6.64353,6.64505,2.03,2.78
2012.09.11 06:16:18.351,6.64335,6.64493,2.03,2.78
2012.09.11 06:16:19.524,6.64335,6.64493,2.03,2.78
2012.09.11 06:16:19.653,6.64359,6.64486,2.03,2.78
2012.09.11 06:16:20.881,6.64359,6.64486,2.03,2.78
2012.09.11 06:16:24.021,6.64359,6.64486,2.03,2.78
2012.09.11 06:16:24.092,6.6433,6.64488,2.03,2.78
2012.09.11 06:16:41.237,6.64355,6.64513,2.03,2.78
2012.09.11 06:16:41.314,6.64355,6.64513,2.03,2.78
2012.09.11 06:16:41.385,6.64381,6.64508,2.03,2.78
2012.09.11 06:16:41.573,6.6438,6.64537,2.03,2.78
2012.09.11 06:16:42.117,6.64383,6.64537,2.03,2.78
2012.09.11 06:16:42.667,6.64407,6.64562,2.03,2.78
2012.09.11 06:16:48.814,6.64429,6.64586,2.03,2.03
2012.09.11 06:16:58.893,6.64429,6.64586,2.03,2.03
2012.09.11 06:16:59.453,6.64454,6.64612,2.03,2.03
2012.09.11 06:16:59.522,6.64341,6.64612,1.05,2.78
2012.09.11 06:17:02.491,6.64363,6.64612,1.05,2.78
2012.09.11 06:17:02.624,6.64363,6.64612,1.80,2.78
2012.09.11 06:17:05.796,6.64388,6.64637,1.05,2.78
2012.09.11 06:17:06.624,6.64494,6.64667,2.03,2.03
2012.09.11 06:17:06.721,6.64488,6.64667,2.03,2.03
2012.09.11 06:17:08.050,6.64514,6.6469,2.03,2.03
2012.09.11 06:17:08.140,6.64519,6.64695,2.03,2.03
2012.09.11 06:17:08.594,6.64512,6.6467,2.03,2.03
2012.09.11 06:17:15.754,6.64487,6.64646,2.03,2.03
2012.09.11 06:17:17.293,6.64462,6.64625,2.03,2.03
2012.09.11 06:17:17.975,6.64461,6.64625,2.03,2.03
2012.09.11 06:17:20.096,6.64461,6.64625,2.03,2.78
2012.09.11 06:17:22.674,6.64434,6.64595,2.03,2.78
2012.09.11 06:17:24.569,6.64436,6.64595,2.03,2.78
2012.09.11 06:17:24.882,6.64459,6.64617,2.03,2.78
2012.09.11 06:17:25.387,6.64487,6.64642,2.03,2.78
2012.09.11 06:17:27.569,6.64455,6.64611,2.03,2.78
2012.09.11 06:17:28.105,6.64455,6.64611,2.03,2.78
2012.09.11 06:17:28.533,6.64481,6.64606,2.03,2.78
2012.09.11 06:17:28.664,6.64476,6.64631,2.03,4.80
2012.09.11 06:17:32.685,6.64476,6.64568,2.03,1.08
2012.09.11 06:17:32.874,6.64442,6.64545,2.03,2.03
2012.09.11 06:17:34.494,6.64418,6.64512,2.03,2.03
2012.09.11 06:17:34.565,6.64411,6.64512,2.03,2.03
2012.09.11 06:17:35.914,6.64387,6.6449,4.05,2.03
2012.09.11 06:17:37.354,6.64355,6.64459,2.03,2.03
2012.09.11 06:17:37.794,6.64381,6.64485,2.03,2.25
2012.09.11 06:17:43.916,6.64417,6.64508,2.03,2.03
2012.09.11 06:17:43.985,6.64386,6.64487,2.03,2.03
2012.09.11 06:17:59.295,6.64396,6.64487,2.03,2.03
2012.09.11 06:17:59.712,6.64421,6.64523,2.03,2.35
2012.09.11 06:18:03.363,6.64385,6.64489,2.03,2.03
2012.09.11 06:18:14.145,6.64362,6.64466,2.03,2.03
2012.09.11 06:18:14.996,6.64362,6.64466,2.03,2.35
2012.09.11 06:18:15.067,6.64331,6.64435,2.03,2.03
2012.09.11 06:18:16.455,6.64331,6.64427,2.03,2.03
2012.09.11 06:18:16.764,6.64331,6.64435,2.03,2.03
2012.09.11 06:18:16.835,6.64328,6.64433,2.03,2.03
2012.09.11 06:18:19.141,6.64328,6.64433,2.03,2.58
2012.09.11 06:18:19.273,6.64304,6.64408,2.03,2.03
2012.09.11 06:18:19.343,6.64296,6.64408,2.03,2.03
2012.09.11 06:18:22.803,6.64323,6.64428,2.03,2.25
2012.09.11 06:18:23.506,6.64323,6.64428,2.03,2.03
2012.09.11 06:18:23.903,6.64348,6.64452,2.03,2.03
2012.09.11 06:18:23.973,6.64348,6.6446,2.03,2.03
2012.09.11 06:18:44.083,6.64343,6.64444,2.03,2.03
2012.09.11 06:18:52.305,6.64363,6.64468,2.03,2.35
2012.09.11 06:19:00.743,6.64333,6.64439,2.03,2.03
2012.09.11 06:19:02.926,6.64308,6.64408,2.03,2.03
2012.09.11 06:19:02.997,6.64306,6.64408,2.03,2.03
2012.09.11 06:19:03.573,6.64306,6.64395,2.03,2.03
2012.09.11 06:19:03.644,6.64269,6.64372,2.03,2.03
2012.09.11 06:19:06.704,6.643,6.64395,2.03,2.03
2012.09.11 06:19:06.776,6.643,6.64403,2.03,2.03
2012.09.11 06:19:07.464,6.6427,6.64371,2.03,2.03
2012.09.11 06:19:08.554,6.64306,6.64401,2.03,2.03
2012.09.11 06:19:08.624,6.64275,6.64376,2.03,2.03
2012.09.11 06:19:09.116,6.64303,6.64376,2.03,2.03
2012.09.11 06:19:09.186,6.64326,6.64429,2.03,2.25
2012.09.11 06:19:09.257,6.643,6.64403,2.03,2.03
2012.09.11 06:19:11.523,6.64276,6.64372,2.03,2.03
2012.09.11 06:19:11.595,6.64269,6.64372,2.03,2.03
2012.09.11 06:19:11.726,6.64246,6.6434,2.03,2.03
2012.09.11 06:19:11.796,6.64239,6.6434,2.03,2.03
2012.09.11 06:19:15.474,6.64265,6.64365,2.03,2.35
2012.09.11 06:19:27.846,6.64266,6.64366,2.03,2.03
2012.09.11 06:19:27.915,6.64291,6.64392,2.03,2.03
2012.09.11 06:19:30.903,6.64292,6.64392,2.03,2.03
2012.09.11 06:19:31.463,6.64317,6.64418,2.03,2.35
2012.09.11 06:19:38.982,6.64292,6.64383,2.03,2.03
2012.09.11 06:19:39.055,6.64279,6.64383,2.03,2.03
2012.09.11 06:19:39.434,6.64279,6.64383,2.03,2.25
2012.09.11 06:19:39.682,6.64279,6.64383,2.03,2.03
2012.09.11 06:19:40.028,6.64279,6.64375,2.03,2.03
2012.09.11 06:19:40.350,6.64249,6.6435,2.03,2.03
2012.09.11 06:19:45.817,6.64255,6.6435,2.03,2.03
2012.09.11 06:19:45.893,6.64279,6.64383,2.03,2.03
2012.09.11 06:19:52.383,6.64279,6.64381,2.03,2.03
2012.09.11 06:19:52.695,6.64254,6.64356,2.03,2.03
2012.09.11 06:19:57.532,6.64255,6.64356,2.03,2.03
2012.09.11 06:19:57.603,6.64279,6.64383,2.03,2.03
2012.09.11 06:20:16.652,6.6431,6.64414,2.03,2.58
2012.09.11 06:20:16.904,6.6431,6.64414,2.03,2.03
2012.09.11 06:20:25.094,6.64312,6.64414,2.03,2.03
2012.09.11 06:20:25.224,6.64335,6.64439,2.03,2.03
2012.09.11 06:20:44.785,6.64364,6.64462,2.03,2.25
2012.09.11 06:20:45.112,6.64367,6.64494,2.03,2.58
2012.09.11 06:20:45.364,6.64441,6.64543,2.03,1.08
2012.09.11 06:20:45.433,6.6448,6.64543,2.03,1.08
2012.09.11 06:20:45.562,6.6448,6.64581,2.03,1.13
2012.09.11 06:20:45.693,6.6448,6.64582,2.03,1.08
2012.09.11 06:20:45.822,6.6448,6.64582,2.03,1.08
2012.09.11 06:20:46.293,6.6448,6.64575,2.03,1.73
2012.09.11 06:20:46.542,6.64446,6.64515,2.03,2.35
2012.09.11 06:20:46.615,6.64387,6.64515,2.03,2.35
2012.09.11 06:20:48.834,6.6441,6.64513,2.03,2.35
2012.09.11 06:20:51.255,6.6441,6.64513,2.03,2.03
2012.09.11 06:20:52.063,6.64386,6.6449,2.03,2.03
2012.09.11 06:20:53.653,6.64386,6.6449,2.78,2.03
2012.09.11 06:20:53.969,6.64464,6.64544,2.03,2.03
2012.09.11 06:20:54.046,6.64464,6.64588,2.03,2.03
2012.09.11 06:20:59.697,6.64508,6.64611,2.03,2.78
2012.09.11 06:21:03.654,6.64508,6.64606,2.03,2.03
2012.09.11 06:21:03.722,6.6448,6.64582,2.03,2.03
2012.09.11 06:21:04.794,6.64444,6.64546,2.03,2.03
2012.09.11 06:21:05.122,6.64421,6.64523,2.03,2.03
2012.09.11 06:21:06.124,6.64399,6.645,2.03,2.03
2012.09.11 06:21:07.893,6.64376,6.64477,2.03,2.03
2012.09.11 06:21:12.565,6.64376,6.64477,2.03,2.25
2012.09.11 06:21:12.695,6.64344,6.64447,2.03,2.03
2012.09.11 06:21:13.614,6.64318,6.6442,2.03,2.03
2012.09.11 06:21:16.545,6.64288,6.64391,2.03,2.03
2012.09.11 06:21:18.835,6.64265,6.64369,2.03,2.03
2012.09.11 06:21:23.685,6.6429,6.64391,2.03,2.03
2012.09.11 06:21:28.285,6.64313,6.64414,2.03,2.03
2012.09.11 06:21:41.344,6.64287,6.64391,2.03,2.03
2012.09.11 06:21:51.484,6.64321,6.64414,2.03,2.03
2012.09.11 06:21:51.552,6.64321,6.64425,2.03,2.35
2012.09.11 06:21:57.413,6.64321,6.64425,2.40,2.03
2012.09.11 06:21:57.483,6.64321,6.64425,2.03,2.03
2012.09.11 06:21:57.555,6.64323,6.64425,2.03,2.03
2012.09.11 06:21:57.624,6.64348,6.64464,2.03,2.03
2012.09.11 06:21:57.816,6.64374,6.64492,2.03,2.03
2012.09.11 06:21:57.944,6.64374,6.64492,2.78,2.03
2012.09.11 06:21:58.134,6.64445,6.64559,2.03,2.03
2012.09.11 06:22:02.933,6.64445,6.64559,2.78,2.03
2012.09.11 06:22:03.124,6.64477,6.64595,2.03,2.03
2012.09.11 06:22:03.554,6.64501,6.64617,2.03,2.03
2012.09.11 06:22:03.865,6.64558,6.6467,2.03,2.78
2012.09.11 06:22:06.275,6.64534,6.64648,2.03,2.03
2012.09.11 06:22:08.473,6.64534,6.64646,2.03,2.03
2012.09.11 06:22:08.795,6.64534,6.64629,2.03,1.08
2012.09.11 06:22:08.924,6.64507,6.64622,2.03,2.35
2012.09.11 06:22:09.552,6.64507,6.64612,2.03,1.08
2012.09.11 06:22:09.863,6.64481,6.6457,2.03,2.35
2012.09.11 06:22:09.934,6.64429,6.64546,2.03,2.35
2012.09.11 06:22:10.483,6.64429,6.64546,2.03,2.35
2012.09.11 06:22:10.554,6.64403,6.64521,2.03,2.35
2012.09.11 06:22:10.683,6.64379,6.64495,2.03,2.35
2012.09.11 06:22:11.154,6.64356,6.64471,2.03,2.03
2012.09.11 06:22:11.466,6.64358,6.64471,2.03,2.03
2012.09.11 06:22:11.774,6.64382,6.64495,2.03,2.03
2012.09.11 06:22:12.310,6.64428,6.64544,2.03,2.03
2012.09.11 06:22:13.713,6.64436,6.64544,2.03,2.03
2012.09.11 06:22:14.024,6.64521,6.64673,2.03,2.03
2012.09.11 06:22:14.093,6.64529,6.64673,2.03,2.03
2012.09.11 06:22:14.404,6.64553,6.6471,2.03,2.78
2012.09.11 06:22:15.144,6.64628,6.6469,1.89,2.78
2012.09.11 06:22:15.297,6.64628,6.64735,1.89,2.78
2012.09.11 06:22:15.365,6.6465,6.64768,2.03,2.78
2012.09.11 06:22:15.494,6.6465,6.64768,2.03,2.78
2012.09.11 06:22:16.744,6.64656,6.64768,2.03,2.78
2012.09.11 06:22:16.873,6.64679,6.64797,2.03,2.03
2012.09.11 06:22:17.064,6.64704,6.64819,2.03,2.03
2012.09.11 06:22:17.613,6.64704,6.64796,2.03,2.03
2012.09.11 06:22:17.684,6.6466,6.64773,2.03,2.03
2012.09.11 06:22:18.036,6.64639,6.64717,2.03,2.03
2012.09.11 06:22:18.104,6.64584,6.64693,2.03,2.03
2012.09.11 06:22:18.294,6.64559,6.64661,2.03,2.03
2012.09.11 06:22:19.334,6.64534,6.64589,2.03,2.03
2012.09.11 06:22:19.405,6.64426,6.64564,2.78,2.03
2012.09.11 06:22:19.474,6.64432,6.64564,2.03,2.03
2012.09.11 06:22:19.543,6.64455,6.64579,2.03,2.03
2012.09.11 06:22:21.599,6.64475,6.64571,2.03,2.03
2012.09.11 06:22:21.664,6.64445,6.64546,2.03,2.03
2012.09.11 06:22:23.826,6.6442,6.64537,2.03,2.03
2012.09.11 06:22:28.023,6.64443,6.6456,2.03,2.03
2012.09.11 06:22:30.213,6.64443,6.6456,2.03,2.78
2012.09.11 06:22:43.614,6.6442,6.64534,2.03,2.78
2012.09.11 06:22:45.323,6.64439,6.64558,2.03,2.78
2012.09.11 06:22:49.442,6.64415,6.64535,2.03,2.78
2012.09.11 06:22:50.874,6.64407,6.6451,2.03,2.03
2012.09.11 06:22:58.225,6.64437,6.64538,2.03,2.78
2012.09.11 06:23:08.407,6.64437,6.64538,2.03,2.03
2012.09.11 06:23:08.727,6.64445,6.64538,2.03,2.03
2012.09.11 06:23:09.076,6.64469,6.64571,2.03,2.78
2012.09.11 06:23:13.204,6.64469,6.64571,2.03,2.03
2012.09.11 06:23:15.463,6.64469,6.64535,2.03,2.03
2012.09.11 06:23:15.533,6.64418,6.64511,1.89,2.03
2012.09.11 06:23:17.773,6.64443,6.64535,2.03,2.03
2012.09.11 06:23:17.844,6.64443,6.64547,2.03,2.03
2012.09.11 06:23:18.044,6.6442,6.64521,2.03,2.03
2012.09.11 06:23:18.114,6.64417,6.64521,2.03,2.03
2012.09.11 06:23:27.401,6.64417,6.64514,2.03,2.03
2012.09.11 06:23:27.476,6.64388,6.64489,3.92,2.03
2012.09.11 06:23:30.772,6.64399,6.64489,2.03,2.03
2012.09.11 06:23:30.842,6.64423,6.64526,2.03,2.03
2012.09.11 06:23:37.832,6.6445,6.6455,2.03,2.03
2012.09.11 06:23:38.426,6.6445,6.64551,2.03,2.03
2012.09.11 06:23:40.723,6.6445,6.64544,2.03,2.03
2012.09.11 06:23:40.833,6.64417,6.6452,2.03,2.03
2012.09.11 06:23:53.694,6.6445,6.6452,2.03,2.03
2012.09.11 06:23:53.763,6.64474,6.64578,2.03,2.03
2012.09.11 06:23:55.096,6.64512,6.64614,2.03,2.58
2012.09.11 06:23:55.343,6.64512,6.64614,2.03,2.25
2012.09.11 06:23:55.619,6.64512,6.64607,2.03,2.03
2012.09.11 06:23:55.755,6.64481,6.64584,2.03,2.03
2012.09.11 06:24:15.751,6.64483,6.64587,2.03,2.03
2012.09.11 06:24:21.374,6.64457,6.64567,2.03,2.03
2012.09.11 06:24:24.725,6.64467,6.64567,2.03,2.03
2012.09.11 06:24:24.792,6.64491,6.64595,2.03,2.03
2012.09.11 06:24:25.504,6.64494,6.64595,2.03,2.03
2012.09.11 06:24:25.575,6.64518,6.64626,2.03,2.03
2012.09.11 06:24:26.402,6.64516,6.64635,2.03,2.03
2012.09.11 06:24:26.823,6.64493,6.6461,2.03,2.03
2012.09.11 06:24:27.177,6.6446,6.64579,2.03,2.03
2012.09.11 06:24:28.126,6.6453,6.64579,2.03,2.03
2012.09.11 06:24:28.195,6.64553,6.64692,2.03,2.25
2012.09.11 06:24:28.324,6.64526,6.64663,2.03,2.03
2012.09.11 06:24:29.695,6.6449,6.6461,2.03,2.03
2012.09.11 06:24:34.975,6.64469,6.64586,2.03,2.03
2012.09.11 06:24:38.455,6.64434,6.64554,2.03,2.03
2012.09.11 06:24:39.744,6.64434,6.64549,2.03,2.03
2012.09.11 06:24:40.126,6.64395,6.64496,2.03,2.03
2012.09.11 06:24:41.773,6.64395,6.64488,2.03,2.03
2012.09.11 06:24:41.844,6.64368,6.64464,1.89,2.03
2012.09.11 06:24:47.465,6.64363,6.64464,2.03,2.03
2012.09.11 06:24:48.736,6.64363,6.64459,2.03,2.03
2012.09.11 06:24:48.806,6.64333,6.64436,2.03,2.03
2012.09.11 06:24:49.566,6.64339,6.64436,2.03,2.03
2012.09.11 06:24:50.083,6.64362,6.64466,2.03,2.03
2012.09.11 06:24:50.214,6.64386,6.64489,2.03,2.03
2012.09.11 06:24:52.316,6.64413,6.64516,2.03,2.03
2012.09.11 06:24:53.796,6.64424,6.6454,2.03,2.03
2012.09.11 06:24:53.985,6.64424,6.64543,2.03,2.03
2012.09.11 06:24:56.076,6.64424,6.64532,2.03,2.03
2012.09.11 06:24:56.145,6.64397,6.64509,2.03,2.03
2012.09.11 06:24:56.215,6.64421,6.6454,2.03,2.03
2012.09.11 06:24:56.957,6.64445,6.64562,2.03,2.03
2012.09.11 06:25:04.996,6.64429,6.64531,2.03,2.03
2012.09.11 06:25:13.594,6.64469,6.64531,2.78,2.03
2012.09.11 06:25:13.824,6.64533,6.64654,2.03,2.03
2012.09.11 06:25:15.764,6.64533,6.64634,2.03,2.58
2012.09.11 06:25:15.835,6.64508,6.64612,2.03,2.35
2012.09.11 06:25:15.965,6.64476,6.64579,2.03,2.03
2012.09.11 06:25:16.214,6.64476,6.64579,2.03,2.35
2012.09.11 06:25:16.284,6.64453,6.64553,2.03,2.35
2012.09.11 06:25:16.355,6.64425,6.64513,2.03,2.03
2012.09.11 06:25:16.424,6.64412,6.64513,2.03,2.03
2012.09.11 06:25:18.374,6.64387,6.64489,2.03,2.03
2012.09.11 06:25:23.854,6.6442,6.64513,2.03,2.03
2012.09.11 06:25:23.924,6.6442,6.64521,2.03,2.03
2012.09.11 06:25:25.666,6.64389,6.6449,2.03,2.03
2012.09.11 06:25:27.993,6.64396,6.6449,2.03,2.03
2012.09.11 06:25:28.066,6.64419,6.64522,2.03,2.03
2012.09.11 06:25:31.345,6.64419,6.64517,2.03,2.03
2012.09.11 06:25:31.415,6.6439,6.64494,2.03,2.03
2012.09.11 06:25:39.447,6.6439,6.64494,2.03,2.35
2012.09.11 06:25:47.693,6.64368,6.64469,2.03,2.03
2012.09.11 06:25:58.286,6.64339,6.6444,2.03,2.03
2012.09.11 06:26:01.570,6.64365,6.64472,2.03,2.03
2012.09.11 06:26:04.878,6.64342,6.64441,2.03,2.03
2012.09.11 06:26:04.945,6.64338,6.64441,2.03,2.03
2012.09.11 06:26:20.995,6.64343,6.64441,2.03,2.03
2012.09.11 06:26:21.388,6.64368,6.64469,2.03,2.35
2012.09.11 06:26:26.723,6.64368,6.64469,2.03,2.03
2012.09.11 06:26:26.854,6.64374,6.64469,2.03,2.03
2012.09.11 06:26:27.284,6.64397,6.64501,2.03,2.35
2012.09.11 06:26:28.075,6.64367,6.64469,2.03,2.03
2012.09.11 06:26:48.034,6.64345,6.64449,2.03,2.03
2012.09.11 06:26:53.474,6.64321,6.64424,2.03,2.03
2012.09.11 06:26:55.073,6.64322,6.64424,2.03,2.03
2012.09.11 06:26:55.382,6.64347,6.64448,2.03,2.03
2012.09.11 06:26:55.456,6.64366,6.64483,2.03,2.03
2012.09.11 06:27:00.658,6.64398,6.64515,2.03,2.03
2012.09.11 06:27:04.406,6.64372,6.64491,2.03,2.03
2012.09.11 06:27:08.854,6.64397,6.64515,2.03,4.05
2012.09.11 06:27:16.233,6.64372,6.64491,2.03,2.03
2012.09.11 06:27:22.005,6.64405,6.64524,2.03,2.03
2012.09.11 06:27:22.424,6.64382,6.64496,2.03,2.03
2012.09.11 06:27:22.493,6.64379,6.64496,2.03,2.03
2012.09.11 06:27:24.274,6.64354,6.64474,2.03,2.03
2012.09.11 06:27:28.810,6.64378,6.64496,2.03,2.03
2012.09.11 06:27:29.205,6.64347,6.64464,2.03,2.03
2012.09.11 06:27:31.846,6.64375,6.64495,2.03,2.03
2012.09.11 06:27:35.284,6.64352,6.6447,2.03,2.03
2012.09.11 06:27:35.859,6.64351,6.6447,2.03,2.03
2012.09.11 06:27:48.060,6.6437,6.6447,2.03,2.03
2012.09.11 06:27:48.134,6.64395,6.64512,2.03,2.03
2012.09.11 06:27:49.525,6.64468,6.6456,1.89,2.03
2012.09.11 06:27:49.595,6.64527,6.64663,2.03,2.03
2012.09.11 06:27:50.025,6.64527,6.64634,2.03,2.03
2012.09.11 06:27:50.094,6.64472,6.6461,2.03,2.03
2012.09.11 06:27:56.845,6.64468,6.64566,1.89,2.03
2012.09.11 06:27:57.315,6.64468,6.6454,1.89,2.03
2012.09.11 06:27:57.757,6.64437,6.6454,2.03,2.03
2012.09.11 06:27:57.835,6.64399,6.645,2.03,2.03
2012.09.11 06:27:57.966,6.64358,6.64475,2.03,2.03
2012.09.11 06:27:58.156,6.64389,6.6449,2.03,2.03
2012.09.11 06:28:00.390,6.64359,6.64467,2.03,2.03
2012.09.11 06:28:00.706,6.64384,6.64467,2.03,2.03
2012.09.11 06:28:00.776,6.64408,6.64525,2.03,2.03
2012.09.11 06:28:01.356,6.64409,6.64525,2.03,2.03
2012.09.11 06:28:01.425,6.64433,6.64552,2.03,2.03
2012.09.11 06:28:01.775,6.64527,6.64552,1.89,2.03
2012.09.11 06:28:01.905,6.64527,6.64574,2.64,2.03
2012.09.11 06:28:02.035,6.64529,6.64653,2.40,2.03
2012.09.11 06:28:02.105,6.64552,6.64676,2.03,2.03
2012.09.11 06:28:02.175,6.64568,6.64676,1.89,2.03
2012.09.11 06:28:02.245,6.64576,6.64697,2.03,2.03
2012.09.11 06:28:04.084,6.64607,6.64697,1.89,2.03
2012.09.11 06:28:05.395,6.64607,6.64697,2.64,2.03
2012.09.11 06:28:05.587,6.64637,6.6472,1.89,2.03
2012.09.11 06:28:05.716,6.64644,6.64746,2.03,2.03
2012.09.11 06:28:06.834,6.64618,6.64722,2.03,2.03
2012.09.11 06:28:06.905,6.64618,6.64713,2.03,2.03
2012.09.11 06:28:06.975,6.64586,6.6469,2.03,2.03
2012.09.11 06:28:07.818,6.64565,6.64666,2.03,2.03
2012.09.11 06:28:07.895,6.64532,6.64636,2.03,2.03
2012.09.11 06:28:08.027,6.64532,6.64612,2.03,2.48
2012.09.11 06:28:08.217,6.64368,6.64511,2.03,2.03
2012.09.11 06:28:08.284,6.64396,6.64511,2.03,2.03
2012.09.11 06:28:08.356,6.6442,6.64563,2.03,2.03
2012.09.11 06:28:08.876,6.64461,6.64603,2.03,2.03
2012.09.11 06:28:09.195,6.64438,6.6458,2.03,2.03
2012.09.11 06:28:09.564,6.64418,6.64535,2.03,2.03
2012.09.11 06:28:09.995,6.64442,6.64548,2.03,2.03
2012.09.11 06:28:10.461,6.64457,6.64576,2.03,2.03
2012.09.11 06:28:11.519,6.64435,6.64553,2.03,2.03
2012.09.11 06:28:12.366,6.64435,6.64546,2.03,2.03
2012.09.11 06:28:12.435,6.64404,6.64521,2.03,2.03
2012.09.11 06:28:18.614,6.6438,6.64497,2.03,2.03
2012.09.11 06:28:27.125,6.64356,6.64497,2.03,2.78
2012.09.11 06:28:27.195,6.64314,6.64437,2.03,2.78
2012.09.11 06:28:27.587,6.64243,6.64366,2.03,2.03
2012.09.11 06:28:34.204,6.64243,6.64346,2.03,2.35
2012.09.11 06:28:34.396,6.64212,6.64315,2.03,2.03
2012.09.11 06:28:34.465,6.64212,6.64315,2.03,2.35
2012.09.11 06:28:36.806,6.64212,6.64312,2.03,1.30
2012.09.11 06:28:37.576,6.64155,6.64258,2.03,2.35
2012.09.11 06:28:38.116,6.64155,6.64258,2.03,2.58
2012.09.11 06:28:38.199,6.64155,6.6425,2.03,2.03
2012.09.11 06:28:38.265,6.64122,6.64226,2.03,2.03
2012.09.11 06:28:41.264,6.64145,6.64249,2.03,2.03
2012.09.11 06:28:42.655,6.64148,6.64249,2.03,2.03
2012.09.11 06:28:42.966,6.64172,6.64274,2.03,2.25
2012.09.11 06:28:43.724,6.64147,6.64248,2.03,2.03
2012.09.11 06:28:44.437,6.6417,6.64273,2.03,2.25
2012.09.11 06:28:49.923,6.6417,6.64274,2.03,2.03
2012.09.11 06:28:50.738,6.6417,6.64265,2.03,2.03
2012.09.11 06:28:50.895,6.64138,6.64241,2.03,2.03
2012.09.11 06:28:54.305,6.64146,6.64241,2.03,2.03
2012.09.11 06:28:54.373,6.64171,6.64272,2.03,2.03
2012.09.11 06:28:59.306,6.64183,6.64272,2.03,2.03
2012.09.11 06:28:59.376,6.64206,6.64309,2.03,2.25
2012.09.11 06:28:59.805,6.64206,6.64309,2.03,2.58
2012.09.11 06:29:00.460,6.64211,6.64315,2.03,2.58
2012.09.11 06:29:00.930,6.64181,6.64282,2.03,2.03
2012.09.11 06:29:06.385,6.64188,6.64282,2.03,2.03
2012.09.11 06:29:06.455,6.64212,6.64314,2.03,2.03
2012.09.11 06:29:06.585,6.64212,6.64314,2.03,2.35
2012.09.11 06:29:10.254,6.64212,6.64314,2.03,2.03
2012.09.11 06:29:12.786,6.6418,6.64283,2.03,2.03
2012.09.11 06:29:28.664,6.6415,6.64251,2.03,2.03
2012.09.11 06:29:30.299,6.64124,6.64225,2.03,2.03
2012.09.11 06:29:33.424,6.64155,6.64256,2.03,2.35
2012.09.11 06:29:35.376,6.64031,6.64242,1.05,1.08
2012.09.11 06:29:35.454,6.64018,6.64097,1.89,1.13
2012.09.11 06:29:35.706,6.63906,6.64067,2.03,2.03
2012.09.11 06:29:35.775,6.63906,6.64024,2.03,1.08
2012.09.11 06:29:35.846,6.63867,6.64024,2.78,1.08
2012.09.11 06:29:35.915,6.63867,6.64024,3.00,1.08
2012.09.11 06:29:36.225,6.64023,6.64205,2.03,2.78
2012.09.11 06:29:36.413,6.64023,6.64205,2.03,2.03
2012.09.11 06:29:42.205,6.64039,6.64138,2.03,2.03
2012.09.11 06:29:42.274,6.64037,6.64138,2.03,2.03
2012.09.11 06:29:49.104,6.64069,6.64162,2.03,2.03
2012.09.11 06:29:49.174,6.64069,6.6417,2.03,2.03
2012.09.11 06:29:55.611,6.64036,6.64139,2.03,2.03
2012.09.11 06:29:55.817,6.64004,6.64108,2.03,2.03
2012.09.11 06:29:57.249,6.64038,6.64142,2.03,2.78
2012.09.11 06:29:59.014,6.64038,6.64142,2.03,2.03
2012.09.11 06:29:59.162,6.64061,6.64157,2.03,1.08
2012.09.11 06:29:59.555,6.6403,6.64133,2.03,2.03
2012.09.11 06:30:01.275,6.64032,6.64133,2.03,2.03
2012.09.11 06:30:01.624,6.64057,6.64152,2.03,1.08
2012.09.11 06:30:03.254,6.6403,6.64133,2.03,2.03
2012.09.11 06:30:05.986,6.64,6.64102,2.03,2.03
2012.09.11 06:30:07.576,6.64036,6.64126,2.03,2.03
2012.09.11 06:30:07.645,6.64036,6.64139,2.03,2.03
2012.09.11 06:30:10.597,6.64036,6.64139,2.03,2.78
2012.09.11 06:30:11.145,6.64036,6.64111,2.03,2.03
2012.09.11 06:30:11.395,6.63985,6.64086,2.03,2.03
2012.09.11 06:30:12.078,6.63958,6.6407,2.03,2.03
2012.09.11 06:30:12.446,6.63958,6.6407,2.03,2.78
2012.09.11 06:30:12.766,6.63938,6.64044,2.03,2.03
2012.09.11 06:30:14.086,6.63963,6.64071,2.03,2.03
2012.09.11 06:30:14.220,6.63939,6.64044,2.03,2.03
2012.09.11 06:30:14.785,6.63938,6.64044,2.03,2.03
2012.09.11 06:30:16.023,6.63963,6.64066,2.03,2.78
2012.09.11 06:30:19.417,6.6398,6.64066,2.03,2.78
2012.09.11 06:30:19.725,6.64004,6.64108,2.03,2.78
2012.09.11 06:30:19.796,6.64004,6.64108,2.03,2.78
2012.09.11 06:30:21.596,6.6398,6.6407,2.03,2.03
2012.09.11 06:30:21.666,6.63969,6.6407,2.03,2.03
2012.09.11 06:30:23.906,6.63969,6.6407,2.03,2.78
2012.09.11 06:30:23.975,6.63944,6.64034,2.03,2.03
2012.09.11 06:30:24.046,6.63933,6.64034,2.03,2.03
2012.09.11 06:30:24.354,6.63958,6.64059,2.03,2.35
2012.09.11 06:30:24.425,6.63958,6.64061,2.03,2.03
2012.09.11 06:30:27.066,6.6399,6.64084,2.03,2.78
2012.09.11 06:30:28.926,6.6399,6.64091,2.03,2.03
2012.09.11 06:30:31.188,6.6403,6.64115,2.03,2.03
2012.09.11 06:30:31.325,6.6403,6.64134,2.03,2.03
2012.09.11 06:30:34.265,6.64057,6.64159,2.03,2.03
2012.09.11 06:30:44.425,6.64057,6.64159,2.03,2.78
2012.09.11 06:30:44.497,6.64025,6.64129,2.03,2.03
2012.09.11 06:30:45.156,6.63974,6.64076,2.25,2.03
2012.09.11 06:30:45.667,6.63976,6.64076,2.03,2.03
2012.09.11 06:30:45.977,6.64,6.6409,2.03,1.08
2012.09.11 06:30:46.105,6.64,6.64094,2.03,2.78
2012.09.11 06:30:46.451,6.64,6.64073,2.03,1.08
2012.09.11 06:30:46.531,6.63886,6.64009,2.03,2.03
2012.09.11 06:30:46.608,6.63913,6.64033,2.03,2.03
2012.09.11 06:30:46.795,6.63887,6.64008,2.03,2.03
2012.09.11 06:30:47.109,6.63912,6.64032,2.03,2.03
2012.09.11 06:30:47.297,6.63938,6.64059,2.03,2.03
2012.09.11 06:30:47.855,6.63958,6.64061,2.03,2.03
2012.09.11 06:30:48.932,6.63958,6.64054,2.03,2.78
2012.09.11 06:30:49.691,6.63926,6.6403,2.03,2.03
2012.09.11 06:30:50.585,6.63928,6.6403,2.03,2.03
2012.09.11 06:30:50.946,6.63953,6.64055,2.03,2.78
2012.09.11 06:30:51.638,6.63928,6.6403,2.03,2.03
2012.09.11 06:30:51.774,6.63926,6.6403,2.03,2.03
2012.09.11 06:30:53.196,6.63926,6.6403,2.03,2.35
2012.09.11 06:30:53.748,6.63926,6.64022,2.03,1.08
2012.09.11 06:30:53.935,6.63926,6.64022,2.03,1.08
2012.09.11 06:30:54.304,6.63911,6.64014,2.03,2.03
2012.09.11 06:30:54.506,6.63885,6.63988,2.03,2.03
2012.09.11 06:30:54.815,6.63926,6.6403,2.03,2.35
2012.09.11 06:30:54.885,6.63926,6.6403,2.03,2.03
2012.09.11 06:30:55.196,6.63928,6.6403,2.03,2.03
2012.09.11 06:30:55.267,6.63952,6.64056,2.03,2.03
2012.09.11 06:30:55.456,6.63952,6.64056,2.03,2.78
2012.09.11 06:30:56.249,6.63952,6.64056,2.03,2.78
2012.09.11 06:30:56.326,6.6388,6.63983,2.03,2.03
2012.09.11 06:30:57.405,6.6388,6.63983,2.03,2.35
2012.09.11 06:30:57.536,6.63856,6.63957,2.03,2.03
2012.09.11 06:30:57.608,6.63854,6.63957,2.03,2.03
2012.09.11 06:30:58.347,6.6383,6.6393,2.03,2.03
2012.09.11 06:30:58.876,6.63829,6.6393,2.03,2.03
2012.09.11 06:30:59.371,6.63829,6.63928,2.03,2.78
2012.09.11 06:30:59.706,6.63829,6.63893,2.03,1.08
2012.09.11 06:31:00.387,6.63802,6.63893,2.03,1.08
2012.09.11 06:31:00.606,6.63774,6.63879,2.03,2.78
2012.09.11 06:31:00.696,6.63774,6.63879,2.03,2.78
2012.09.11 06:31:01.035,6.63774,6.63879,2.03,2.78
2012.09.11 06:31:01.859,6.63751,6.63873,2.03,2.78
2012.09.11 06:31:02.105,6.63751,6.63873,2.03,2.78
2012.09.11 06:31:02.426,6.63751,6.63839,2.03,1.08
2012.09.11 06:31:02.555,6.6372,6.63839,2.03,1.08
2012.09.11 06:31:03.215,6.6372,6.63833,2.03,1.08
2012.09.11 06:31:03.346,6.6367,6.63833,2.03,1.08
2012.09.11 06:31:04.115,6.63635,6.63802,2.25,2.03
2012.09.11 06:31:04.504,6.63635,6.63777,2.25,1.08
2012.09.11 06:31:04.815,6.63635,6.63773,2.03,1.08
2012.09.11 06:31:05.096,6.63594,6.6376,2.03,2.78
2012.09.11 06:31:06.098,6.6357,6.63755,2.03,3.00
2012.09.11 06:31:06.177,6.6357,6.63734,2.03,1.08
2012.09.11 06:31:06.247,6.63507,6.63694,2.03,2.35
2012.09.11 06:31:06.568,6.63529,6.63694,2.03,2.35
2012.09.11 06:31:06.651,6.63492,6.63677,2.25,2.03
2012.09.11 06:31:07.508,6.63492,6.63677,2.25,2.35
2012.09.11 06:31:07.850,6.63492,6.63663,2.03,1.08
2012.09.11 06:31:07.925,6.63492,6.63671,2.03,1.08
2012.09.11 06:31:07.995,6.63457,6.63654,1.89,2.03
2012.09.11 06:31:08.922,6.63427,6.63625,2.03,1.08
2012.09.11 06:31:08.999,6.63408,6.63625,2.64,1.08
2012.09.11 06:31:09.137,6.63408,6.63612,2.64,1.08
2012.09.11 06:31:09.206,6.63408,6.63621,2.64,1.08
2012.09.11 06:31:09.547,6.63408,6.63612,1.89,1.08
2012.09.11 06:31:09.868,6.63367,6.63586,2.25,1.08
2012.09.11 06:31:10.080,6.63387,6.63596,1.50,2.35
2012.09.11 06:31:10.228,6.63387,6.63596,1.50,2.35
2012.09.11 06:31:10.577,6.63458,6.63596,1.89,2.03
2012.09.11 06:31:10.989,6.63427,6.63633,1.89,1.08
2012.09.11 06:31:12.094,6.63458,6.63646,1.89,2.78
2012.09.11 06:31:12.308,6.63427,6.63618,1.89,2.78
2012.09.11 06:31:12.386,6.63427,6.63618,1.89,2.03
2012.09.11 06:31:12.456,6.63427,6.63633,1.89,1.08
2012.09.11 06:31:12.525,6.63457,6.63644,1.89,2.78
2012.09.11 06:31:13.028,6.63457,6.63644,1.89,2.78
2012.09.11 06:31:13.109,6.63457,6.63644,1.89,2.03
2012.09.11 06:31:13.428,6.63457,6.63644,1.89,2.78
2012.09.11 06:31:13.557,6.63427,6.63633,1.89,1.08
2012.09.11 06:31:13.626,6.63443,6.63633,2.03,1.08
2012.09.11 06:31:13.696,6.63427,6.63629,1.89,2.78
2012.09.11 06:31:14.494,6.63427,6.63629,1.89,2.78
2012.09.11 06:31:14.795,6.63427,6.63629,1.89,2.78
2012.09.11 06:31:14.925,6.63427,6.63629,1.89,2.03
2012.09.11 06:31:15.057,6.63427,6.63604,1.89,2.03
2012.09.11 06:31:15.498,6.63458,6.6363,1.89,2.78
2012.09.11 06:31:15.980,6.63458,6.63599,1.89,2.03
2012.09.11 06:31:16.726,6.63414,6.63599,2.03,2.03
2012.09.11 06:31:17.256,6.63414,6.63599,2.03,2.78
2012.09.11 06:31:18.021,6.63409,6.63576,2.03,2.03
2012.09.11 06:31:18.335,6.63407,6.6355,1.89,2.03
2012.09.11 06:31:19.015,6.63416,6.6358,2.03,2.78
2012.09.11 06:31:19.086,6.63416,6.6358,2.03,2.78
2012.09.11 06:31:19.229,6.63384,6.63549,2.03,2.03
2012.09.11 06:31:19.495,6.63384,6.63549,2.03,2.78
2012.09.11 06:31:21.743,6.63357,6.6352,1.89,2.78
2012.09.11 06:31:21.867,6.63331,6.63484,2.03,2.03
2012.09.11 06:31:21.946,6.63349,6.63515,2.03,2.35
2012.09.11 06:31:22.136,6.63324,6.63488,2.25,2.03
2012.09.11 06:31:22.777,6.63324,6.63488,2.25,2.78
2012.09.11 06:31:23.117,6.63293,6.63445,2.03,2.78
2012.09.11 06:31:23.187,6.63257,6.63421,2.03,2.78
2012.09.11 06:31:23.317,6.63248,6.63391,1.89,2.03
2012.09.11 06:31:24.128,6.63248,6.63417,1.89,2.78
2012.09.11 06:31:24.756,6.63257,6.63443,2.03,2.78
2012.09.11 06:31:26.149,6.63257,6.63443,2.03,2.03
2012.09.11 06:31:26.232,6.63277,6.63443,1.89,2.03
2012.09.11 06:31:26.789,6.63295,6.63459,2.03,2.78
2012.09.11 06:31:26.868,6.63295,6.63459,2.03,2.78
2012.09.11 06:31:27.605,6.63295,6.63459,2.03,2.03
2012.09.11 06:31:27.931,6.63323,6.63486,2.03,2.03
2012.09.11 06:31:28.869,6.63372,6.63512,2.03,2.03
2012.09.11 06:31:28.964,6.63397,6.63562,2.03,2.03
2012.09.11 06:31:29.156,6.63428,6.63587,2.03,2.58
2012.09.11 06:31:29.835,6.63458,6.63612,2.03,1.30
2012.09.11 06:31:30.172,6.63469,6.63612,2.03,1.30
2012.09.11 06:31:31.228,6.63469,6.63616,2.03,1.08
2012.09.11 06:31:31.312,6.63469,6.63612,2.03,1.08
2012.09.11 06:31:31.695,6.63439,6.63605,2.03,2.35
2012.09.11 06:31:31.886,6.63439,6.63605,2.03,2.35
2012.09.11 06:31:31.956,6.63471,6.63636,2.03,2.58
2012.09.11 06:31:33.145,6.63503,6.63667,2.03,2.58
2012.09.11 06:31:33.747,6.63503,6.63667,2.03,2.58
2012.09.11 06:31:33.875,6.63503,6.63667,2.03,2.58
2012.09.11 06:31:35.147,6.63503,6.63637,2.03,1.08
2012.09.11 06:31:35.229,6.63476,6.63637,2.03,1.08
2012.09.11 06:31:37.899,6.63476,6.63642,2.03,2.35
2012.09.11 06:31:37.967,6.6352,6.63644,2.03,2.35
2012.09.11 06:31:42.926,6.63551,6.63673,2.03,2.35
2012.09.11 06:31:44.637,6.63551,6.63673,2.03,2.03
2012.09.11 06:31:44.956,6.63564,6.63673,2.03,2.03
2012.09.11 06:31:45.284,6.63589,6.6369,2.03,2.03
2012.09.11 06:31:47.271,6.63558,6.63659,2.03,2.03
2012.09.11 06:31:48.356,6.63559,6.63659,2.03,2.03
2012.09.11 06:31:48.665,6.63583,6.63686,2.03,2.03
2012.09.11 06:31:49.373,6.6361,6.63711,2.03,2.35
2012.09.11 06:31:49.447,6.63584,6.63685,2.03,2.03
2012.09.11 06:31:51.095,6.63607,6.6371,2.03,4.38
2012.09.11 06:32:02.294,6.63611,6.6371,2.03,2.35
2012.09.11 06:32:02.559,6.63635,6.63738,2.03,2.58
2012.09.11 06:32:04.546,6.63635,6.63738,2.03,2.58
2012.09.11 06:32:04.916,6.63604,6.63706,2.03,2.35
2012.09.11 06:32:06.167,6.63628,6.6373,2.03,2.35
2012.09.11 06:32:06.237,6.63628,6.6373,2.03,2.35
2012.09.11 06:32:06.557,6.63655,6.63758,2.03,2.35
2012.09.11 06:32:06.876,6.63624,6.63726,2.03,2.35
2012.09.11 06:32:08.855,6.63624,6.63719,2.03,2.03
2012.09.11 06:32:08.926,6.63593,6.63694,2.03,2.03
2012.09.11 06:32:08.995,6.63593,6.63694,2.03,2.35
2012.09.11 06:32:09.608,6.63594,6.63694,2.03,2.35
2012.09.11 06:32:09.917,6.63618,6.63721,2.03,2.35
2012.09.11 06:32:10.045,6.63618,6.63721,2.03,2.35
2012.09.11 06:32:10.115,6.6364,6.63747,2.03,2.58
2012.09.11 06:32:10.976,6.63616,6.63725,2.03,2.35
2012.09.11 06:32:11.046,6.6365,6.63758,2.03,2.58
2012.09.11 06:32:11.176,6.6365,6.63758,2.03,2.35
2012.09.11 06:32:11.248,6.6365,6.63758,2.03,2.35
2012.09.11 06:32:11.387,6.6365,6.63758,2.03,2.35
2012.09.11 06:32:13.627,6.6365,6.63758,2.03,2.58
2012.09.11 06:32:14.075,6.6365,6.63758,2.03,2.58
2012.09.11 06:32:14.147,6.63627,6.63731,2.03,2.03
2012.09.11 06:32:14.275,6.63613,6.63714,2.03,2.03
2012.09.11 06:32:14.717,6.63639,6.63738,2.03,2.35
2012.09.11 06:32:16.755,6.63639,6.6374,2.03,2.03
2012.09.11 06:32:19.720,6.63569,6.63671,2.03,2.35
2012.09.11 06:32:19.857,6.63546,6.63649,2.03,2.03
2012.09.11 06:32:22.477,6.63546,6.63649,2.03,2.35
2012.09.11 06:32:23.566,6.63523,6.63621,2.03,2.35
2012.09.11 06:32:23.635,6.6352,6.63621,2.03,2.35
2012.09.11 06:32:26.217,6.6349,6.63591,2.03,2.35
2012.09.11 06:32:26.536,6.63465,6.63561,2.03,2.35
2012.09.11 06:32:26.606,6.63458,6.63561,2.03,2.35
2012.09.11 06:32:27.585,6.63458,6.63561,2.03,2.03
2012.09.11 06:32:27.716,6.63482,6.63583,2.03,2.58
2012.09.11 06:32:30.886,6.63457,6.6358,2.03,2.03
2012.09.11 06:32:32.678,6.63433,6.63591,2.03,2.58
2012.09.11 06:32:32.755,6.63425,6.63591,2.03,2.58
2012.09.11 06:32:35.360,6.63425,6.63591,2.03,2.58
2012.09.11 06:32:35.687,6.63399,6.63565,2.03,2.58
2012.09.11 06:32:36.354,6.63399,6.63565,2.03,2.58
2012.09.11 06:32:36.666,6.63399,6.63565,2.78,2.58
2012.09.11 06:32:37.088,6.63399,6.63565,2.03,2.58
2012.09.11 06:32:37.157,6.63399,6.63565,2.03,2.58
2012.09.11 06:32:38.925,6.63364,6.63429,2.03,1.50
2012.09.11 06:32:38.995,6.63306,6.63411,1.05,1.45
2012.09.11 06:32:39.186,6.63339,6.63411,1.50,1.08
2012.09.11 06:32:39.448,6.63419,6.63605,2.03,2.03
2012.09.11 06:32:39.530,6.63442,6.63626,2.03,2.03
2012.09.11 06:32:39.855,6.63404,6.63587,2.03,2.35
2012.09.11 06:32:40.395,6.63404,6.63587,2.03,2.03
2012.09.11 06:32:41.500,6.63426,6.63547,2.03,2.03
2012.09.11 06:32:41.803,6.6345,6.63572,2.03,2.35
2012.09.11 06:32:42.567,6.63426,6.63548,2.03,2.78
2012.09.11 06:32:42.874,6.63426,6.63531,2.03,2.35
2012.09.11 06:32:43.164,6.63423,6.63524,2.03,2.35
2012.09.11 06:32:43.235,6.63385,6.63507,2.03,2.03
2012.09.11 06:32:45.550,6.63378,6.63481,2.03,2.03
2012.09.11 06:32:46.371,6.63378,6.63473,2.03,2.58
2012.09.11 06:32:46.452,6.63276,6.63397,2.03,2.03
2012.09.11 06:32:46.777,6.63276,6.63397,2.03,2.35
2012.09.11 06:32:47.469,6.63296,6.63397,2.03,2.03
2012.09.11 06:32:47.600,6.63258,6.63382,2.03,2.03
2012.09.11 06:32:47.837,6.63263,6.63387,2.03,2.03
2012.09.11 06:32:47.908,6.6326,6.63411,2.03,2.03
2012.09.11 06:32:47.978,6.6326,6.63426,2.03,2.25
2012.09.11 06:32:48.336,6.63235,6.63401,2.03,2.03
2012.09.11 06:32:48.787,6.63235,6.63397,2.03,1.08
2012.09.11 06:32:48.919,6.63223,6.63387,2.03,2.03
2012.09.11 06:32:49.168,6.63227,6.63387,2.64,2.03
2012.09.11 06:32:49.478,6.6323,6.63387,2.03,2.03
2012.09.11 06:32:49.884,6.63254,6.63418,2.03,2.03
2012.09.11 06:32:52.975,6.63281,6.63433,2.03,1.08
2012.09.11 06:32:53.644,6.63281,6.63433,2.03,1.30
2012.09.11 06:32:54.136,6.63249,6.63415,2.03,2.25
2012.09.11 06:32:55.017,6.63249,6.63413,2.03,1.73
2012.09.11 06:32:55.356,6.63249,6.634,2.03,1.08
2012.09.11 06:32:55.685,6.63242,6.63366,2.03,2.03
2012.09.11 06:32:57.309,6.63217,6.63339,2.03,2.03
2012.09.11 06:32:57.772,6.63217,6.63339,2.03,2.35
2012.09.11 06:32:59.096,6.63193,6.63314,2.03,2.03
2012.09.11 06:32:59.229,6.6319,6.63314,2.03,2.03
2012.09.11 06:32:59.486,6.63215,6.63337,2.03,4.38
2012.09.11 06:33:01.257,6.63215,6.6333,2.03,2.03
2012.09.11 06:33:01.326,6.63183,6.63305,2.03,2.03
2012.09.11 06:33:01.769,6.63236,6.63305,2.03,2.03
2012.09.11 06:33:02.292,6.63261,6.63383,2.03,2.03
2012.09.11 06:33:02.537,6.63267,6.63383,2.03,2.03
2012.09.11 06:33:02.848,6.63291,6.63392,2.03,2.03
2012.09.11 06:33:03.196,6.63316,6.63419,2.03,2.35
2012.09.11 06:33:03.827,6.63292,6.6337,2.03,2.03
2012.09.11 06:33:03.899,6.63267,6.6337,2.03,2.03
2012.09.11 06:33:04.688,6.63295,6.63396,2.03,2.03
2012.09.11 06:33:06.076,6.63309,6.63431,2.03,2.25
2012.09.11 06:33:07.927,6.63309,6.63417,2.03,2.03
2012.09.11 06:33:07.996,6.6327,6.63394,2.03,2.03
2012.09.11 06:33:09.016,6.63247,6.63364,3.92,2.03
2012.09.11 06:33:09.267,6.63268,6.63392,2.03,2.03
2012.09.11 06:33:10.519,6.6327,6.63392,2.03,2.03
2012.09.11 06:33:10.865,6.63294,6.63416,2.03,2.03
2012.09.11 06:33:13.718,6.63286,6.63452,2.03,2.25
2012.09.11 06:33:13.847,6.63298,6.63452,2.64,2.25
2012.09.11 06:33:14.047,6.63354,6.63508,2.03,1.30
2012.09.11 06:33:14.857,6.63329,6.63488,2.03,2.03
2012.09.11 06:33:14.927,6.63354,6.63518,2.03,2.58
2012.09.11 06:33:15.659,6.63322,6.63488,2.03,2.03
2012.09.11 06:33:16.366,6.63323,6.63488,2.03,2.03
2012.09.11 06:33:16.496,6.63347,6.63469,2.03,2.03
2012.09.11 06:33:16.896,6.6337,6.63492,2.03,2.03
2012.09.11 06:33:18.176,6.63371,6.63492,2.03,2.03
2012.09.11 06:33:18.491,6.63395,6.63503,2.03,1.30
2012.09.11 06:33:20.847,6.63423,6.63545,2.03,2.58
2012.09.11 06:33:22.118,6.63408,6.63564,2.03,1.30
2012.09.11 06:33:22.308,6.63408,6.63573,2.03,1.30
2012.09.11 06:33:22.436,6.63441,6.63573,2.03,1.30
2012.09.11 06:33:22.565,6.63441,6.63591,2.03,1.30
2012.09.11 06:33:23.187,6.63442,6.63606,2.03,2.58
2012.09.11 06:33:23.327,6.63442,6.63573,2.03,1.30
2012.09.11 06:33:23.991,6.63442,6.63522,2.03,1.08
2012.09.11 06:33:24.103,6.63376,6.635,2.03,2.03
2012.09.11 06:33:25.188,6.634,6.63504,2.03,2.58
2012.09.11 06:33:27.046,6.634,6.63504,2.03,2.03
2012.09.11 06:33:27.118,6.63443,6.63527,2.03,2.03
2012.09.11 06:33:27.198,6.63443,6.63544,2.03,2.25
2012.09.11 06:33:27.397,6.63443,6.63544,2.03,2.03
2012.09.11 06:33:28.488,6.6345,6.63544,2.03,2.03
2012.09.11 06:33:28.929,6.63473,6.63576,2.03,2.58
2012.09.11 06:33:34.087,6.63473,6.63576,2.03,2.25
2012.09.11 06:33:34.456,6.63473,6.63576,2.03,2.03
2012.09.11 06:33:34.846,6.6348,6.63576,2.03,2.03
2012.09.11 06:33:35.229,6.63504,6.63605,2.03,2.03
2012.09.11 06:33:36.817,6.6348,6.63579,2.03,2.03
2012.09.11 06:33:36.889,6.63478,6.63579,2.03,2.03
2012.09.11 06:33:40.256,6.63503,6.63604,2.03,2.03
2012.09.11 06:33:40.326,6.63503,6.63606,2.03,2.03
2012.09.11 06:33:41.004,6.63503,6.63606,2.03,2.35
2012.09.11 06:33:41.305,6.63473,6.63574,2.03,2.03
2012.09.11 06:33:42.038,6.63449,6.63506,2.03,2.03
2012.09.11 06:33:42.110,6.63405,6.63482,2.03,1.08
2012.09.11 06:33:42.249,6.63405,6.63473,2.03,1.08
2012.09.11 06:33:42.734,6.63337,6.6344,2.03,2.35
2012.09.11 06:33:42.809,6.63337,6.6344,2.03,2.03
2012.09.11 06:33:42.995,6.63335,6.63459,2.03,2.03
2012.09.11 06:33:44.607,6.6333,6.63454,2.03,2.03
2012.09.11 06:33:46.326,6.63327,6.63493,2.03,2.35
2012.09.11 06:33:53.365,6.63297,6.63461,2.03,2.35
2012.09.11 06:33:53.675,6.63314,6.63439,2.03,2.35
2012.09.11 06:33:54.400,6.63314,6.63433,2.03,1.08
2012.09.11 06:33:54.608,6.63198,6.63363,2.03,2.35
2012.09.11 06:33:54.983,6.63175,6.63376,2.03,2.58
2012.09.11 06:33:55.060,6.6317,6.63376,2.03,2.58
2012.09.11 06:33:56.146,6.63215,6.63379,2.03,2.58
2012.09.11 06:33:58.880,6.63215,6.63379,2.03,2.35
2012.09.11 06:33:58.946,6.63247,6.63389,2.03,1.30
2012.09.11 06:33:59.197,6.6319,6.63354,2.03,2.58
2012.09.11 06:33:59.327,6.63216,6.6338,2.03,2.58
2012.09.11 06:33:59.458,6.63216,6.6338,2.03,2.25
2012.09.11 06:33:59.527,6.63227,6.6338,2.03,2.25
2012.09.11 06:33:59.837,6.63253,6.6338,2.03,2.25
2012.09.11 06:33:59.906,6.63253,6.6338,2.03,2.03
2012.09.11 06:34:00.366,6.63253,6.63416,2.03,2.58
2012.09.11 06:34:00.621,6.63277,6.63443,2.03,2.58
2012.09.11 06:34:03.258,6.63265,6.63387,2.03,2.03
2012.09.11 06:34:03.386,6.63265,6.63387,2.03,2.25
2012.09.11 06:34:03.707,6.63265,6.63387,2.03,2.58
2012.09.11 06:34:03.836,6.63236,6.63347,2.03,2.35
2012.09.11 06:34:04.208,6.63236,6.63347,2.03,2.03
2012.09.11 06:34:04.429,6.63303,6.63404,2.03,2.58
2012.09.11 06:34:06.239,6.63303,6.63404,2.03,2.35
2012.09.11 06:34:06.317,6.63303,6.63404,2.03,2.03
2012.09.11 06:34:10.048,6.63303,6.63395,2.03,2.03
2012.09.11 06:34:10.325,6.6327,6.63371,2.03,2.03
2012.09.11 06:34:11.495,6.63244,6.63345,2.03,2.03
2012.09.11 06:34:14.915,6.63172,6.63216,1.89,1.05
2012.09.11 06:34:14.985,6.63008,6.63147,1.88,2.35
2012.09.11 06:34:15.114,6.62962,6.63142,2.03,1.08
2012.09.11 06:34:15.185,6.62962,6.63136,2.03,1.35
2012.09.11 06:34:15.375,6.62938,6.63097,2.03,2.03
2012.09.11 06:34:15.448,6.62934,6.63091,2.03,1.35
2012.09.11 06:34:15.756,6.62934,6.63039,2.03,1.08
2012.09.11 06:34:16.067,6.62923,6.62999,2.03,1.08
2012.09.11 06:34:16.137,6.62913,6.62999,2.03,1.08
2012.09.11 06:34:16.847,6.62869,6.62972,2.03,2.03
2012.09.11 06:34:17.846,6.62839,6.6294,2.03,2.35
2012.09.11 06:34:20.175,6.62886,6.62964,2.03,2.35
2012.09.11 06:34:21.367,6.62886,6.62987,2.03,2.03
2012.09.11 06:34:21.436,6.62887,6.62987,2.03,2.35
2012.09.11 06:34:21.687,6.62923,6.63023,2.03,2.35
2012.09.11 06:34:21.817,6.62947,6.63048,2.03,2.35
2012.09.11 06:34:22.836,6.62921,6.63024,2.03,2.35
2012.09.11 06:34:23.900,6.62945,6.63046,2.03,2.78
2012.09.11 06:34:24.306,6.62949,6.63046,2.03,2.78
2012.09.11 06:34:24.375,6.62949,6.63046,2.03,2.03
2012.09.11 06:34:24.448,6.62973,6.63056,2.03,1.13
2012.09.11 06:34:26.347,6.62872,6.62917,2.77,3.75
2012.09.11 06:34:26.478,6.6285,6.62898,1.25,2.40
2012.09.11 06:34:26.546,6.62773,6.62898,1.84,2.63
2012.09.11 06:34:26.615,6.62773,6.62898,1.09,2.63
2012.09.11 06:34:26.816,6.62762,6.62898,1.27,2.03
2012.09.11 06:34:26.886,6.62756,6.62898,2.03,2.03
2012.09.11 06:34:26.956,6.62809,6.6295,2.03,2.35
2012.09.11 06:34:27.145,6.62807,6.6295,2.03,2.35
2012.09.11 06:34:27.417,6.62887,6.6299,2.03,2.58
2012.09.11 06:34:28.087,6.62887,6.6299,2.03,2.25
2012.09.11 06:34:28.160,6.62935,6.63036,2.03,2.25
2012.09.11 06:34:28.310,6.62821,6.62964,2.03,2.35
2012.09.11 06:34:28.734,6.62798,6.62899,2.03,2.03
2012.09.11 06:34:28.811,6.62772,6.62899,2.03,2.35
2012.09.11 06:34:29.256,6.62758,6.62899,2.03,2.35
2012.09.11 06:34:29.327,6.62815,6.62919,2.03,2.58
2012.09.11 06:34:29.885,6.62816,6.62918,2.03,2.58
2012.09.11 06:34:30.894,6.62841,6.62944,2.03,2.58
2012.09.11 06:34:30.968,6.62841,6.62944,2.03,2.58
2012.09.11 06:34:33.136,6.62841,6.62944,2.03,2.03
2012.09.11 06:34:33.270,6.62937,6.63078,2.03,2.35
2012.09.11 06:34:33.576,6.62988,6.63123,2.03,1.08
2012.09.11 06:34:33.707,6.62953,6.63094,2.03,2.03
2012.09.11 06:34:33.777,6.62953,6.6309,2.03,1.50
2012.09.11 06:34:34.217,6.62953,6.63083,2.03,1.08
2012.09.11 06:34:34.548,6.62845,6.62986,2.03,2.03
2012.09.11 06:34:34.616,6.62845,6.62986,2.03,2.25
2012.09.11 06:34:34.817,6.62868,6.63008,2.03,1.08
2012.09.11 06:34:35.757,6.62766,6.62909,2.03,2.35
2012.09.11 06:34:36.305,6.62766,6.62909,2.03,2.03
2012.09.11 06:34:36.376,6.6283,6.62989,2.03,2.03
2012.09.11 06:34:36.507,6.62813,6.62956,2.03,2.03
2012.09.11 06:34:36.868,6.62833,6.62956,2.03,2.35
2012.09.11 06:34:37.578,6.62855,6.62956,2.03,2.03
2012.09.11 06:34:38.147,6.62855,6.62956,2.03,2.35
2012.09.11 06:34:38.275,6.6283,6.62931,2.03,2.35
2012.09.11 06:34:38.406,6.62828,6.62931,2.03,2.35
2012.09.11 06:34:38.775,6.62828,6.62931,2.03,2.03
2012.09.11 06:34:38.847,6.62828,6.62926,2.03,2.03
2012.09.11 06:34:38.976,6.62828,6.62931,2.03,2.03
2012.09.11 06:34:39.136,6.62824,6.62925,2.03,2.03
2012.09.11 06:34:43.695,6.62877,6.62925,2.64,2.03
2012.09.11 06:34:44.089,6.62952,6.63075,2.03,2.03
2012.09.11 06:34:44.467,6.62926,6.63049,2.03,2.03
2012.09.11 06:34:44.788,6.62855,6.62976,2.03,2.03
2012.09.11 06:34:44.857,6.62901,6.63024,2.03,2.03
2012.09.11 06:34:44.925,6.6287,6.62991,2.03,2.03
2012.09.11 06:34:45.237,6.62843,6.62946,2.03,2.03
2012.09.11 06:34:45.955,6.62849,6.62946,2.03,2.03
2012.09.11 06:34:46.326,6.62874,6.62975,2.03,2.03
2012.09.11 06:34:46.877,6.62907,6.63,2.03,2.03
2012.09.11 06:34:46.946,6.62907,6.63008,2.03,2.03
2012.09.11 06:34:47.524,6.62866,6.62967,2.03,2.03
2012.09.11 06:34:48.334,6.62889,6.6299,2.03,2.03
2012.09.11 06:34:49.678,6.62889,6.6299,2.03,2.78
2012.09.11 06:34:50.327,6.62862,6.62965,2.03,2.03
2012.09.11 06:34:50.597,6.62886,6.62987,2.03,2.03
2012.09.11 06:34:53.959,6.62886,6.62981,2.03,2.03
2012.09.11 06:34:54.424,6.62855,6.62956,2.03,2.35
2012.09.11 06:34:54.573,6.62862,6.62956,2.03,2.35
2012.09.11 06:34:54.836,6.62887,6.62988,2.03,2.03
2012.09.11 06:34:55.418,6.6291,6.63011,2.03,2.03
2012.09.11 06:34:57.495,6.62913,6.63011,2.03,2.03
2012.09.11 06:34:57.565,6.62937,6.63038,2.03,2.03
2012.09.11 06:35:01.008,6.62901,6.63002,2.03,2.03
2012.09.11 06:35:01.959,6.62927,6.6303,2.03,2.03
2012.09.11 06:35:02.738,6.62903,6.63004,2.03,2.03
2012.09.11 06:35:03.638,6.6291,6.63004,2.03,2.03
2012.09.11 06:35:04.305,6.62903,6.63004,2.03,2.03
2012.09.11 06:35:04.378,6.62912,6.63013,2.03,2.03
2012.09.11 06:35:05.099,6.62942,6.63037,2.03,2.03
2012.09.11 06:35:05.225,6.62942,6.63045,2.03,2.03
2012.09.11 06:35:05.617,6.62965,6.63069,2.03,4.05
2012.09.11 06:35:05.748,6.62991,6.63094,2.03,2.03
2012.09.11 06:35:07.059,6.62991,6.6308,2.03,2.03
2012.09.11 06:35:07.395,6.62984,6.63087,2.03,2.03
2012.09.11 06:35:07.470,6.62984,6.63087,2.78,2.03
2012.09.11 06:35:07.758,6.63108,6.63236,2.03,1.13
2012.09.11 06:35:07.885,6.63108,6.63234,2.03,1.08
2012.09.11 06:35:08.807,6.63148,6.63251,2.03,2.78
2012.09.11 06:35:08.875,6.63148,6.63251,2.03,2.03
2012.09.11 06:35:09.346,6.63208,6.63312,2.03,2.35
2012.09.11 06:35:10.135,6.63208,6.63312,2.03,2.03
2012.09.11 06:35:11.478,6.63181,6.63298,2.03,2.03
2012.09.11 06:35:12.286,6.6321,6.63323,2.03,2.03
2012.09.11 06:35:12.418,6.6321,6.63327,2.03,2.03
2012.09.11 06:35:13.987,6.63217,6.63327,2.03,2.03
2012.09.11 06:35:14.315,6.6324,6.63359,2.03,2.78
2012.09.11 06:35:15.816,6.6324,6.63359,2.03,2.78
2012.09.11 06:35:16.067,6.63277,6.63378,2.03,2.78
2012.09.11 06:35:16.134,6.63277,6.63378,2.03,2.03
2012.09.11 06:35:16.460,6.63219,6.63338,2.03,2.03
2012.09.11 06:35:16.528,6.63227,6.63338,2.03,2.03
2012.09.11 06:35:16.598,6.6325,6.63369,2.03,2.03
2012.09.11 06:35:17.446,6.63227,6.63382,2.03,2.03
2012.09.11 06:35:24.326,6.63253,6.63397,2.03,2.03
2012.09.11 06:35:25.227,6.6331,6.63421,2.03,2.03
2012.09.11 06:35:25.296,6.6331,6.63461,2.03,2.03
2012.09.11 06:35:26.098,6.63286,6.63443,2.03,2.03
2012.09.11 06:35:26.357,6.6331,6.63452,2.03,2.03
2012.09.11 06:35:29.996,6.632,6.63343,2.03,2.03
2012.09.11 06:35:30.127,6.63162,6.63359,2.03,2.03
2012.09.11 06:35:36.227,6.6316,6.63315,2.03,2.03
2012.09.11 06:35:38.166,6.63151,6.63306,2.03,2.03
2012.09.11 06:35:38.824,6.63179,6.63331,2.03,2.03
2012.09.11 06:35:38.899,6.63179,6.63334,2.03,2.03
2012.09.11 06:35:39.777,6.63167,6.63309,2.03,2.03
2012.09.11 06:35:40.806,6.6318,6.63335,2.03,2.03
2012.09.11 06:35:41.630,6.63079,6.63256,2.03,2.03
2012.09.11 06:35:42.036,6.63113,6.63256,2.03,2.03
2012.09.11 06:35:42.167,6.63137,6.63312,2.03,2.03
2012.09.11 06:35:42.836,6.63152,6.63307,2.03,2.03
2012.09.11 06:35:44.433,6.63152,6.63292,2.03,2.03
2012.09.11 06:35:44.566,6.63112,6.63269,2.03,2.03
2012.09.11 06:35:44.819,6.63139,6.63294,2.03,2.03
2012.09.11 06:35:46.834,6.63117,6.63271,2.03,2.03
2012.09.11 06:35:46.964,6.63147,6.63304,2.03,2.03
2012.09.11 06:35:47.987,6.63147,6.63294,2.03,2.03
2012.09.11 06:35:48.117,6.6314,6.63295,2.03,2.03
2012.09.11 06:35:48.186,6.63114,6.63269,2.03,2.03
2012.09.11 06:35:49.545,6.63121,6.63269,2.03,2.03
2012.09.11 06:35:49.966,6.63145,6.633,2.03,2.03
2012.09.11 06:35:50.035,6.63145,6.6328,2.03,2.03
2012.09.11 06:35:50.105,6.631,6.63255,2.03,2.03
2012.09.11 06:35:53.296,6.63075,6.63213,2.03,2.03
2012.09.11 06:35:53.802,6.63056,6.63213,2.03,2.03
2012.09.11 06:35:54.187,6.631,6.63247,2.03,2.03
2012.09.11 06:35:54.270,6.631,6.63255,2.03,2.03
2012.09.11 06:35:55.728,6.631,6.63223,2.03,2.03
2012.09.11 06:35:56.035,6.62959,6.63048,1.05,1.50
2012.09.11 06:35:56.107,6.62939,6.63043,2.03,1.08
2012.09.11 06:35:56.177,6.62939,6.63048,2.03,1.08
2012.09.11 06:35:56.248,6.62876,6.62992,2.03,1.08
2012.09.11 06:35:56.319,6.62876,6.63024,2.03,1.08
2012.09.11 06:35:56.399,6.62851,6.63014,2.03,2.03
2012.09.11 06:35:57.987,6.62871,6.62974,2.03,2.78
2012.09.11 06:35:58.129,6.62844,6.62947,2.03,2.35
2012.09.11 06:35:59.197,6.62874,6.62956,2.03,1.08
2012.09.11 06:35:59.894,6.62874,6.62975,2.03,2.78
2012.09.11 06:35:59.969,6.62874,6.62975,2.03,2.03
2012.09.11 06:36:00.678,6.62874,6.62973,2.03,2.03
2012.09.11 06:36:01.068,6.62848,6.62949,2.03,2.03
2012.09.11 06:36:01.817,6.62848,6.62949,2.03,2.35
2012.09.11 06:36:02.136,6.62874,6.62972,2.03,1.08
2012.09.11 06:36:02.841,6.62874,6.62975,2.03,2.35
2012.09.11 06:36:03.268,6.62874,6.62972,2.03,1.08
2012.09.11 06:36:03.397,6.62874,6.62974,2.03,1.08
2012.09.11 06:36:03.910,6.62868,6.62969,2.03,2.03
2012.09.11 06:36:04.047,6.62868,6.6297,2.03,2.78
2012.09.11 06:36:04.825,6.62843,6.62944,2.03,2.03
2012.09.11 06:36:05.430,6.62843,6.62944,2.03,2.35
2012.09.11 06:36:05.939,6.62843,6.62944,2.03,2.03
2012.09.11 06:36:08.725,6.62843,6.62926,2.03,1.50
2012.09.11 06:36:09.120,6.62843,6.62921,2.03,2.35
2012.09.11 06:36:09.643,6.62796,6.62897,2.03,2.03
2012.09.11 06:36:09.719,6.62821,6.6291,2.03,1.08
2012.09.11 06:36:11.570,6.62821,6.62895,2.03,2.03
2012.09.11 06:36:12.310,6.62821,6.62863,2.03,1.08
2012.09.11 06:36:12.459,6.62796,6.62863,2.03,1.08
2012.09.11 06:36:12.608,6.62771,6.62865,2.03,2.35
2012.09.11 06:36:12.679,6.62762,6.62865,2.03,2.35
2012.09.11 06:36:13.081,6.62738,6.62832,2.03,2.03
2012.09.11 06:36:13.157,6.62731,6.62832,2.03,2.03
2012.09.11 06:36:13.347,6.62731,6.62832,2.03,2.35
2012.09.11 06:36:14.892,6.62731,6.62803,2.03,1.08
2012.09.11 06:36:14.972,6.62674,6.62776,2.03,2.03
2012.09.11 06:36:15.232,6.62628,6.62729,2.03,2.03
2012.09.11 06:36:15.307,6.62633,6.62755,2.03,2.35
2012.09.11 06:36:15.649,6.62621,6.62764,2.03,1.08
2012.09.11 06:36:15.898,6.62621,6.62753,2.03,1.83
2012.09.11 06:36:16.148,6.62583,6.62746,2.03,1.08
2012.09.11 06:36:16.948,6.6258,6.62727,2.03,1.08
2012.09.11 06:36:17.606,6.6258,6.62722,2.03,1.83
2012.09.11 06:36:17.910,6.6258,6.62722,2.03,1.08
2012.09.11 06:36:18.002,6.6258,6.62713,2.03,1.08
2012.09.11 06:36:18.494,6.62555,6.62712,2.03,1.08
2012.09.11 06:36:18.567,6.62532,6.62712,4.05,1.08
2012.09.11 06:36:18.757,6.62508,6.62685,2.03,2.35
2012.09.11 06:36:18.885,6.62498,6.62685,2.03,2.35
2012.09.11 06:36:21.107,6.62531,6.62708,2.03,2.35
2012.09.11 06:36:22.070,6.62536,6.62702,2.03,2.35
2012.09.11 06:36:25.756,6.62526,6.6265,2.03,2.35
2012.09.11 06:36:26.068,6.62556,6.62678,2.03,2.35
2012.09.11 06:36:26.148,6.62556,6.62678,2.03,2.03
2012.09.11 06:36:27.738,6.62556,6.62668,2.03,2.03
2012.09.11 06:36:27.807,6.62523,6.62643,1.50,2.03
2012.09.11 06:36:27.875,6.62544,6.62666,2.03,2.03
2012.09.11 06:36:28.178,6.62544,6.62666,2.40,2.03
2012.09.11 06:36:28.377,6.62584,6.62708,2.03,2.03
2012.09.11 06:36:28.511,6.62567,6.62668,2.03,2.03
2012.09.11 06:36:28.639,6.62597,6.627,2.03,2.03
2012.09.11 06:36:29.058,6.62597,6.627,2.40,2.03
2012.09.11 06:36:29.593,6.62597,6.62677,2.03,2.03
2012.09.11 06:36:29.856,6.62558,6.62653,2.78,2.03
2012.09.11 06:36:29.927,6.62589,6.62653,2.03,2.03
2012.09.11 06:36:29.996,6.62589,6.62684,2.03,2.03
2012.09.11 06:36:30.667,6.62614,6.62715,2.03,2.03
2012.09.11 06:36:31.187,6.62637,6.6274,2.03,4.38
2012.09.11 06:36:31.557,6.62665,6.62764,2.03,2.35
2012.09.11 06:36:32.616,6.62665,6.62768,2.03,2.03
2012.09.11 06:36:33.128,6.62671,6.62774,2.03,2.35
2012.09.11 06:36:34.187,6.62671,6.62774,2.03,2.03
2012.09.11 06:36:34.688,6.62696,6.62799,2.03,2.03
2012.09.11 06:36:35.009,6.62722,6.62825,2.03,2.35
2012.09.11 06:36:35.580,6.62723,6.62824,2.03,2.35
2012.09.11 06:36:38.182,6.62696,6.62797,2.03,2.03
2012.09.11 06:36:38.559,6.62696,6.62785,2.03,2.03
2012.09.11 06:36:38.689,6.62661,6.62762,2.03,2.03
2012.09.11 06:36:38.758,6.62685,6.62788,2.03,2.03
2012.09.11 06:36:42.996,6.62693,6.62788,2.03,2.03
2012.09.11 06:36:43.125,6.62717,6.62818,2.03,2.03
2012.09.11 06:36:43.527,6.62717,6.62818,2.03,2.35
2012.09.11 06:36:44.005,6.62688,6.62791,2.03,2.03
2012.09.11 06:36:46.406,6.62664,6.62767,4.05,2.03
2012.09.11 06:36:46.797,6.62697,6.62798,2.03,2.03
2012.09.11 06:36:48.757,6.62694,6.62795,2.03,2.03
2012.09.11 06:36:49.086,6.6273,6.62831,2.03,2.03
2012.09.11 06:36:52.467,6.62706,6.62806,2.03,2.03
2012.09.11 06:36:52.598,6.62703,6.62806,2.03,2.03
2012.09.11 06:36:52.727,6.62735,6.62838,2.03,2.03
2012.09.11 06:36:53.316,6.62735,6.62838,2.03,2.35
2012.09.11 06:36:53.389,6.62703,6.62806,2.03,2.03
2012.09.11 06:36:54.477,6.62736,6.62837,2.03,2.03
2012.09.11 06:36:54.828,6.6271,6.62811,2.03,2.03
2012.09.11 06:36:55.268,6.62736,6.62837,2.03,2.03
2012.09.11 06:37:02.860,6.62712,6.62813,2.03,2.03
2012.09.11 06:37:02.995,6.6271,6.62813,2.03,2.03
2012.09.11 06:37:03.656,6.62686,6.62787,2.03,2.03
2012.09.11 06:37:03.729,6.62684,6.62787,2.03,2.03
2012.09.11 06:37:03.861,6.6271,6.62811,2.03,2.03
2012.09.11 06:37:04.239,6.62715,6.62818,2.03,2.03
2012.09.11 06:37:05.768,6.62692,6.62787,2.03,2.03
2012.09.11 06:37:05.836,6.62684,6.62787,2.03,2.03
2012.09.11 06:37:07.598,6.62759,6.62787,1.35,2.03
2012.09.11 06:37:07.788,6.62727,6.62787,1.50,2.03
2012.09.11 06:37:07.858,6.62728,6.62834,1.73,2.03
2012.09.11 06:37:07.930,6.62773,6.62857,2.25,2.03
2012.09.11 06:37:08.010,6.62773,6.62857,2.03,2.03
2012.09.11 06:37:08.077,6.62773,6.62896,2.03,2.35
2012.09.11 06:37:08.569,6.62773,6.62889,2.03,1.08
2012.09.11 06:37:08.898,6.62762,6.62863,2.03,2.35
2012.09.11 06:37:12.357,6.6273,6.62831,2.03,2.03
2012.09.11 06:37:12.606,6.6276,6.62863,2.03,2.35
2012.09.11 06:37:14.118,6.6276,6.62847,2.03,1.50
2012.09.11 06:37:14.248,6.62689,6.6279,2.25,2.03
2012.09.11 06:37:14.380,6.627,6.6279,2.03,2.03
2012.09.11 06:37:14.848,6.62725,6.62826,2.03,2.03
2012.09.11 06:37:16.567,6.62725,6.62826,2.03,2.35
2012.09.11 06:37:17.136,6.62693,6.62796,2.03,2.03
2012.09.11 06:37:17.499,6.62725,6.62826,2.03,2.35
2012.09.11 06:37:18.402,6.62725,6.62812,2.03,1.08
2012.09.11 06:37:18.478,6.62701,6.62743,2.03,2.03
2012.09.11 06:37:18.548,6.62649,6.62743,1.50,2.03
2012.09.11 06:37:18.678,6.62649,6.62722,1.50,1.08
2012.09.11 06:37:18.807,6.62594,6.62697,2.03,2.03
2012.09.11 06:37:20.888,6.62625,6.6272,2.03,2.78
2012.09.11 06:37:21.138,6.62625,6.62728,2.03,2.35
2012.09.11 06:37:23.083,6.62625,6.62722,2.03,1.08
2012.09.11 06:37:23.228,6.62616,6.62717,2.03,2.78
2012.09.11 06:37:28.517,6.62589,6.62692,2.03,2.03
2012.09.11 06:37:29.456,6.62624,6.62727,2.03,2.35
2012.09.11 06:37:29.586,6.6267,6.62771,2.03,2.03
2012.09.11 06:37:29.721,6.62698,6.62801,2.03,2.03
2012.09.11 06:37:32.163,6.62773,6.62874,2.03,2.03
2012.09.11 06:37:32.611,6.62797,6.62898,2.03,2.03
2012.09.11 06:37:43.451,6.6276,6.62861,2.03,2.03
2012.09.11 06:37:44.987,6.62764,6.62861,2.03,2.03
2012.09.11 06:37:45.306,6.62826,6.62861,2.03,2.03
2012.09.11 06:37:45.525,6.62849,6.6302,2.03,2.78
2012.09.11 06:37:46.290,6.62835,6.62994,2.03,2.03
2012.09.11 06:37:46.550,6.62859,6.62991,2.03,2.03
2012.09.11 06:37:47.607,6.62859,6.62991,2.03,2.78
2012.09.11 06:37:47.677,6.62827,6.6296,2.03,2.03
2012.09.11 06:37:52.528,6.62859,6.62984,2.03,2.03
2012.09.11 06:37:52.596,6.62859,6.62993,2.03,2.78
2012.09.11 06:37:52.667,6.62859,6.62993,2.03,2.03
2012.09.11 06:37:54.060,6.62822,6.62957,2.03,2.03
2012.09.11 06:37:54.138,6.6285,6.62957,2.03,2.03
2012.09.11 06:37:54.586,6.62874,6.63009,2.03,2.03
2012.09.11 06:37:54.716,6.62906,6.63033,2.03,2.03
2012.09.11 06:37:54.786,6.62906,6.63039,2.03,2.03
2012.09.11 06:37:55.216,6.62906,6.63039,2.03,2.78
2012.09.11 06:37:55.767,6.62906,6.63039,2.03,2.78
2012.09.11 06:37:55.837,6.62871,6.63028,2.03,2.03
2012.09.11 06:37:56.845,6.62871,6.63028,2.03,2.78
2012.09.11 06:37:57.209,6.62866,6.63001,2.03,2.03
2012.09.11 06:38:02.082,6.6289,6.63026,2.03,2.78
2012.09.11 06:38:04.349,6.6289,6.63026,2.03,2.03
2012.09.11 06:38:05.098,6.62908,6.63057,2.03,2.03
2012.09.11 06:38:05.789,6.62908,6.63056,2.03,2.03
2012.09.11 06:38:06.038,6.62892,6.63031,2.03,2.03
2012.09.11 06:38:12.697,6.62902,6.63044,2.03,2.03
2012.09.11 06:38:14.028,6.62926,6.63068,2.03,4.05
2012.09.11 06:38:14.786,6.62926,6.63051,2.03,2.03
2012.09.11 06:38:14.859,6.62884,6.63028,2.03,2.03
2012.09.11 06:38:15.456,6.62923,6.63051,2.03,2.03
2012.09.11 06:38:15.526,6.62923,6.63065,2.03,2.03
2012.09.11 06:38:15.750,6.62899,6.63043,2.03,2.03
2012.09.11 06:38:17.948,6.62899,6.63041,2.03,2.03
2012.09.11 06:38:18.412,6.62874,6.63016,2.03,2.03
2012.09.11 06:38:25.768,6.62832,6.62976,2.03,2.03
2012.09.11 06:38:25.837,6.62864,6.63006,2.03,2.03
2012.09.11 06:38:34.026,6.62858,6.63002,2.03,2.03
2012.09.11 06:38:35.966,6.62904,6.63025,2.03,2.03
2012.09.11 06:38:36.037,6.62904,6.63049,2.03,2.03
2012.09.11 06:38:38.777,6.62878,6.63023,2.03,2.03
2012.09.11 06:38:39.086,6.62904,6.63049,2.03,2.03
2012.09.11 06:38:41.048,6.6293,6.63075,2.03,2.03
2012.09.11 06:38:42.146,6.62947,6.63089,2.03,2.03
2012.09.11 06:38:46.097,6.62947,6.63087,2.03,2.03
2012.09.11 06:38:46.615,6.6292,6.63064,2.03,2.03
2012.09.11 06:38:52.417,6.6292,6.6304,2.03,2.03
2012.09.11 06:38:52.487,6.62874,6.63016,2.03,2.03
2012.09.11 06:38:53.435,6.62905,6.6304,2.03,2.03
2012.09.11 06:38:53.505,6.62905,6.63048,2.03,2.03
2012.09.11 06:38:57.368,6.62906,6.63048,2.03,2.03
2012.09.11 06:38:57.437,6.62931,6.63074,2.03,2.03
2012.09.11 06:39:05.957,6.62906,6.63048,2.03,2.03
2012.09.11 06:39:06.528,6.62905,6.63048,2.03,2.03
2012.09.11 06:39:15.108,6.62888,6.6303,2.03,2.03
2012.09.11 06:39:15.235,6.62929,6.63073,2.03,2.03
2012.09.11 06:39:16.966,6.62937,6.63073,2.03,2.03
2012.09.11 06:39:17.336,6.62929,6.63073,2.03,2.03
2012.09.11 06:39:17.527,6.62961,6.63096,2.03,2.78
2012.09.11 06:39:17.629,6.62929,6.63073,2.03,2.03
2012.09.11 06:39:18.250,6.6293,6.63072,2.03,2.03
2012.09.11 06:39:19.248,6.62956,6.63096,2.03,2.78
2012.09.11 06:39:19.317,6.62956,6.63098,2.03,2.03
2012.09.11 06:39:25.036,6.62924,6.63068,2.03,2.03
2012.09.11 06:39:31.217,6.62924,6.63068,2.03,2.78
2012.09.11 06:39:31.287,6.62861,6.63006,2.03,2.03
2012.09.11 06:39:31.856,6.62868,6.63006,2.03,2.03
2012.09.11 06:39:32.515,6.62892,6.63037,2.03,2.03
2012.09.11 06:39:33.037,6.62918,6.63061,2.03,2.03
2012.09.11 06:39:33.106,6.62918,6.63063,2.03,2.03
2012.09.11 06:39:38.065,6.62918,6.63061,2.03,2.03
2012.09.11 06:39:38.136,6.62892,6.63037,2.03,2.03
2012.09.11 06:39:38.265,6.629,6.63037,2.03,2.03
2012.09.11 06:39:38.350,6.62925,6.63067,2.03,2.03
2012.09.11 06:39:40.135,6.62932,6.63067,2.03,2.03
2012.09.11 06:39:41.408,6.62965,6.63122,2.03,2.03
2012.09.11 06:39:42.085,6.62955,6.63094,2.03,2.03
2012.09.11 06:39:48.392,6.62931,6.63072,2.03,2.03
2012.09.11 06:39:48.606,6.62963,6.63095,2.03,2.03
2012.09.11 06:39:48.675,6.62963,6.63102,2.03,2.03
2012.09.11 06:39:52.656,6.62977,6.63134,2.03,2.03
2012.09.11 06:40:00.961,6.62966,6.63105,2.03,2.03
2012.09.11 06:40:03.341,6.62972,6.63105,2.03,2.03
2012.09.11 06:40:03.419,6.62997,6.63136,2.03,2.03
2012.09.11 06:40:12.027,6.62988,6.63132,2.03,2.03
2012.09.11 06:40:19.529,6.63011,6.63154,2.03,2.03
2012.09.11 06:40:19.945,6.6298,6.63123,2.03,2.03
2012.09.11 06:40:20.028,6.6301,6.63155,2.03,2.03
2012.09.11 06:40:23.087,6.6303,6.63184,2.03,2.03
2012.09.11 06:40:23.217,6.63021,6.6316,2.03,2.03
2012.09.11 06:40:24.199,6.62988,6.63129,2.03,2.03
2012.09.11 06:40:32.897,6.62988,6.631,2.03,2.03
2012.09.11 06:40:32.970,6.62934,6.63076,2.03,2.03
2012.09.11 06:40:33.050,6.62909,6.6305,2.03,2.03
2012.09.11 06:40:33.888,6.62911,6.6305,2.03,2.03
2012.09.11 06:40:34.639,6.62935,6.63075,2.03,2.03
2012.09.11 06:40:42.487,6.62962,6.6311,2.03,2.03
2012.09.11 06:40:42.556,6.6294,6.63081,2.03,2.03
2012.09.11 06:40:44.166,6.6294,6.63079,2.03,2.03
2012.09.11 06:40:44.827,6.62915,6.63054,2.03,2.03
2012.09.11 06:40:45.025,6.62889,6.63046,2.03,2.03
2012.09.11 06:40:45.358,6.62876,6.63017,2.03,2.03
2012.09.11 06:40:45.708,6.62857,6.62968,2.03,2.03
2012.09.11 06:40:48.217,6.62824,6.62943,2.03,2.03
2012.09.11 06:40:48.289,6.62778,6.62919,2.03,2.03
2012.09.11 06:40:49.187,6.62798,6.62958,2.03,2.03
2012.09.11 06:40:50.408,6.62775,6.62977,2.03,2.03
2012.09.11 06:40:51.257,6.62775,6.62977,2.03,2.35
2012.09.11 06:40:52.222,6.62775,6.62923,2.03,1.08
2012.09.11 06:40:52.302,6.62718,6.62917,2.03,1.08
2012.09.11 06:40:52.401,6.62718,6.62896,2.03,1.08
2012.09.11 06:40:53.733,6.62641,6.62839,2.03,2.03
2012.09.11 06:40:53.884,6.62576,6.62777,2.03,2.03
2012.09.11 06:40:54.829,6.62532,6.62777,2.03,2.03
2012.09.11 06:40:55.296,6.6251,6.62777,2.03,2.03
2012.09.11 06:40:55.648,6.62542,6.628,2.03,2.03
2012.09.11 06:40:55.718,6.62542,6.62807,2.03,2.03
2012.09.11 06:40:55.786,6.62519,6.62794,2.03,2.03
2012.09.11 06:40:56.297,6.6255,6.62794,2.03,2.03
2012.09.11 06:40:57.864,6.62584,6.62852,2.03,2.03
2012.09.11 06:40:58.361,6.62603,6.62821,2.03,2.03
2012.09.11 06:40:58.998,6.62611,6.62821,2.03,2.03
2012.09.11 06:40:59.068,6.62635,6.62851,2.03,2.03
2012.09.11 06:40:59.837,6.62637,6.62851,2.03,2.03
2012.09.11 06:41:00.116,6.62661,6.62877,2.03,2.03
2012.09.11 06:41:00.710,6.62635,6.62851,2.03,2.03
2012.09.11 06:41:01.090,6.62635,6.62851,2.03,2.78
2012.09.11 06:41:01.407,6.62566,6.62784,2.03,2.03
2012.09.11 06:41:03.608,6.6257,6.62811,2.03,2.03
2012.09.11 06:41:03.678,6.6257,6.62798,2.03,2.03
2012.09.11 06:41:03.987,6.62579,6.62774,2.03,2.03
2012.09.11 06:41:04.296,6.62583,6.62806,2.03,2.03
2012.09.11 06:41:04.426,6.62598,6.62806,2.03,2.03
2012.09.11 06:41:04.908,6.62621,6.62795,2.03,2.03
2012.09.11 06:41:05.475,6.62592,6.62805,2.03,2.03
2012.09.11 06:41:05.545,6.62628,6.62805,2.03,2.03
2012.09.11 06:41:05.616,6.62652,6.6285,2.03,2.03
2012.09.11 06:41:05.689,6.62655,6.62824,2.03,2.03
2012.09.11 06:41:05.995,6.62663,6.62795,2.03,2.03
2012.09.11 06:41:06.065,6.62659,6.62821,2.03,2.03
2012.09.11 06:41:06.137,6.62662,6.62798,2.03,2.03
2012.09.11 06:41:06.266,6.6266,6.6282,2.03,2.03
2012.09.11 06:41:06.937,6.62663,6.62797,2.03,2.03
2012.09.11 06:41:07.006,6.6266,6.6282,2.03,2.03
2012.09.11 06:41:07.837,6.62662,6.62798,2.03,2.03
2012.09.11 06:41:08.651,6.62639,6.6281,2.03,2.03
2012.09.11 06:41:09.165,6.62638,6.6281,2.03,2.03
2012.09.11 06:41:11.673,6.62641,6.6281,2.03,2.03
2012.09.11 06:41:12.117,6.62692,6.62835,2.03,2.03
2012.09.11 06:41:15.258,6.62708,6.62847,2.03,2.03
2012.09.11 06:41:17.159,6.62727,6.62871,2.03,2.03
2012.09.11 06:41:17.978,6.62727,6.62872,2.03,2.03
2012.09.11 06:41:19.836,6.62739,6.62896,2.03,2.03
2012.09.11 06:41:19.972,6.62728,6.62871,2.03,2.03
2012.09.11 06:41:21.805,6.62752,6.62895,2.03,2.03
2012.09.11 06:41:21.876,6.62752,6.62909,2.03,2.03
2012.09.11 06:41:22.608,6.62765,6.62909,2.03,2.03
2012.09.11 06:41:22.915,6.62789,6.6293,2.03,2.03
2012.09.11 06:41:24.193,6.62795,6.62957,2.03,2.03
2012.09.11 06:41:24.758,6.62796,6.62956,2.03,2.03
2012.09.11 06:41:25.017,6.62783,6.62933,2.03,2.03
2012.09.11 06:41:25.205,6.62758,6.62953,2.03,2.03
2012.09.11 06:41:26.609,6.62765,6.62953,2.03,2.03
2012.09.11 06:41:26.676,6.6279,6.62983,2.03,2.03
2012.09.11 06:41:29.146,6.62815,6.63007,2.03,2.03
2012.09.11 06:41:30.527,6.62815,6.63005,2.03,2.03
2012.09.11 06:41:30.965,6.62788,6.62981,2.03,2.03
2012.09.11 06:41:31.378,6.62816,6.6299,2.03,2.03
2012.09.11 06:41:32.205,6.62805,6.63025,2.03,2.03
2012.09.11 06:41:33.576,6.62805,6.63006,2.03,2.03
2012.09.11 06:41:33.884,6.62809,6.63005,2.03,2.03
2012.09.11 06:41:35.225,6.62809,6.62997,2.03,2.03
2012.09.11 06:41:35.298,6.62776,6.62974,2.03,2.03
2012.09.11 06:41:36.585,6.62818,6.62997,2.03,2.03
2012.09.11 06:41:36.657,6.62818,6.63016,2.03,2.03
2012.09.11 06:41:37.647,6.62843,6.62996,2.03,2.03
2012.09.11 06:41:37.975,6.62812,6.62965,2.03,2.03
2012.09.11 06:41:41.748,6.62812,6.62957,2.03,2.03
2012.09.11 06:41:42.306,6.62798,6.62927,2.03,2.03
2012.09.11 06:41:42.439,6.62766,6.62903,2.03,2.03
2012.09.11 06:41:52.387,6.62766,6.629,2.03,2.03
2012.09.11 06:41:52.988,6.62752,6.62877,2.03,2.03
2012.09.11 06:41:53.070,6.62738,6.62895,2.03,2.03
2012.09.11 06:41:53.177,6.62738,6.62887,2.03,2.03
2012.09.11 06:41:53.508,6.62754,6.62863,2.03,2.03
2012.09.11 06:41:55.409,6.62745,6.62887,2.03,2.03
2012.09.11 06:41:55.535,6.62745,6.629,2.03,2.03
2012.09.11 06:42:01.325,6.62768,6.62925,2.03,2.03
2012.09.11 06:42:03.064,6.62791,6.62954,2.03,2.03
2012.09.11 06:42:10.037,6.62791,6.62948,2.03,2.03
2012.09.11 06:42:10.766,6.62769,6.62923,2.03,2.03
2012.09.11 06:42:11.466,6.62775,6.62923,2.03,2.03
2012.09.11 06:42:11.537,6.62799,6.62955,2.03,2.03
2012.09.11 06:42:14.691,6.62766,6.62921,2.03,2.03
2012.09.11 06:42:16.777,6.62766,6.62919,2.03,2.03
2012.09.11 06:42:16.847,6.62739,6.62896,2.03,2.03
2012.09.11 06:42:17.679,6.62766,6.62921,2.03,2.03
2012.09.11 06:42:18.378,6.62797,6.62945,2.03,2.03
2012.09.11 06:42:18.447,6.62797,6.62952,2.03,2.03
2012.09.11 06:42:19.507,6.62833,6.62934,2.03,2.03
2012.09.11 06:42:19.648,6.62894,6.62997,2.03,2.03
2012.09.11 06:42:20.418,6.6287,6.62973,2.03,2.03
2012.09.11 06:42:20.546,6.62791,6.62946,2.03,2.03
2012.09.11 06:42:25.336,6.62791,6.62944,2.03,2.03
2012.09.11 06:42:25.407,6.62763,6.6292,2.03,2.03
2012.09.11 06:42:27.849,6.62735,6.62892,2.03,2.03
2012.09.11 06:42:28.598,6.62763,6.62916,2.03,2.03
2012.09.11 06:42:28.666,6.62763,6.62918,2.03,2.03
2012.09.11 06:42:32.310,6.6281,6.62964,2.03,2.03
2012.09.11 06:42:32.460,6.62804,6.62959,2.03,2.03
2012.09.11 06:42:34.817,6.62805,6.62959,2.03,2.03
2012.09.11 06:42:34.886,6.6283,6.62985,2.03,2.03
2012.09.11 06:42:35.628,6.62804,6.62961,2.03,2.03
2012.09.11 06:42:35.759,6.62875,6.62996,2.03,2.03
2012.09.11 06:42:36.068,6.62901,6.63022,2.03,2.03
2012.09.11 06:42:36.918,6.62921,6.63019,2.03,2.35
2012.09.11 06:42:37.279,6.62893,6.62996,2.03,2.35
2012.09.11 06:42:39.680,6.62893,6.62996,2.03,2.03
2012.09.11 06:42:44.767,6.62893,6.62996,2.03,2.35
2012.09.11 06:42:44.897,6.62863,6.62966,2.03,2.03
2012.09.11 06:42:46.057,6.62871,6.62966,2.03,2.03
2012.09.11 06:42:46.189,6.62925,6.63028,2.03,2.03
2012.09.11 06:42:51.448,6.62893,6.62996,2.03,2.03
2012.09.11 06:42:53.990,6.62945,6.6302,2.03,2.03
2012.09.11 06:42:54.322,6.62945,6.63048,2.03,2.03
2012.09.11 06:42:55.110,6.62945,6.6304,2.03,2.03
2012.09.11 06:42:55.175,6.62915,6.63016,2.03,2.03
2012.09.11 06:42:57.967,6.62921,6.63016,2.03,2.03
2012.09.11 06:42:58.037,6.62946,6.63047,2.03,2.03
2012.09.11 06:42:59.206,6.62965,6.63074,2.03,2.35
2012.09.11 06:43:00.821,6.62941,6.63044,2.03,2.03
2012.09.11 06:43:02.768,6.62943,6.63044,2.03,2.03
2012.09.11 06:43:02.838,6.62967,6.6307,2.03,2.03
2012.09.11 06:43:03.387,6.62967,6.63068,2.03,2.03
2012.09.11 06:43:03.637,6.62942,6.63045,2.03,2.03
2012.09.11 06:43:07.248,6.62969,6.63068,2.03,2.03
2012.09.11 06:43:07.318,6.62969,6.63072,2.03,2.03
2012.09.11 06:43:09.406,6.62965,6.63066,2.03,2.03
2012.09.11 06:43:20.623,6.62995,6.6309,2.03,2.03
2012.09.11 06:43:20.700,6.62995,6.63096,2.03,2.03
2012.09.11 06:43:23.515,6.62963,6.63066,2.03,2.03
2012.09.11 06:43:25.179,6.62993,6.63089,2.03,2.03
2012.09.11 06:43:25.246,6.62993,6.63094,2.03,2.03
2012.09.11 06:43:29.297,6.62993,6.63094,2.03,2.35
2012.09.11 06:43:29.749,6.62935,6.63036,2.03,2.03
2012.09.11 06:43:31.819,6.62942,6.63045,2.03,2.03
2012.09.11 06:43:32.796,6.62942,6.63045,2.03,2.35
2012.09.11 06:43:32.868,6.6292,6.63021,2.03,2.03
2012.09.11 06:43:39.281,6.62887,6.6299,2.03,2.03
2012.09.11 06:43:39.476,6.62863,6.62961,2.03,2.03
2012.09.11 06:43:39.548,6.6286,6.62961,2.03,2.03
2012.09.11 06:43:40.447,6.62856,6.62959,2.03,2.03
2012.09.11 06:43:40.517,6.62887,6.62983,2.03,2.03
2012.09.11 06:43:40.706,6.62887,6.6299,2.03,2.03
2012.09.11 06:43:49.728,6.62934,6.63014,2.03,2.35
2012.09.11 06:43:49.857,6.62934,6.63037,2.03,2.03
2012.09.11 06:44:05.037,6.62934,6.6303,2.03,2.03
2012.09.11 06:44:05.109,6.62929,6.63032,2.03,2.03
2012.09.11 06:44:11.385,6.62929,6.63032,2.78,2.03
2012.09.11 06:44:11.637,6.62956,6.63057,2.03,2.03
2012.09.11 06:44:11.706,6.62956,6.63057,2.78,2.03
2012.09.11 06:44:12.017,6.62957,6.63057,1.50,2.03
2012.09.11 06:44:12.088,6.62956,6.63057,2.78,2.03
2012.09.11 06:44:12.157,6.63018,6.63119,2.03,2.03
2012.09.11 06:44:12.600,6.63018,6.63119,2.03,2.78
2012.09.11 06:44:12.979,6.62968,6.63071,2.03,2.03
2012.09.11 06:44:13.266,6.62968,6.63071,2.03,2.35
2012.09.11 06:44:13.336,6.62944,6.63036,2.03,2.03
2012.09.11 06:44:13.405,6.62935,6.63036,2.03,2.03
2012.09.11 06:44:17.161,6.62958,6.63059,2.03,2.35
2012.09.11 06:44:21.298,6.62934,6.63037,2.03,2.03
2012.09.11 06:44:25.316,6.6291,6.6301,2.03,2.03
2012.09.11 06:44:25.867,6.62909,6.6301,2.03,2.03
2012.09.11 06:44:26.587,6.62934,6.63035,2.03,2.03
2012.09.11 06:44:33.120,6.62934,6.63035,2.78,2.03
2012.09.11 06:44:33.367,6.6297,6.63073,2.40,2.03
2012.09.11 06:44:33.499,6.62995,6.63096,2.03,2.03
2012.09.11 06:44:35.918,6.63024,6.63121,2.03,2.03
2012.09.11 06:44:35.988,6.63024,6.63127,2.03,2.40
2012.09.11 06:44:38.758,6.63024,6.63124,2.03,1.13
2012.09.11 06:44:43.443,6.62997,6.631,2.03,2.03
2012.09.11 06:44:47.717,6.62973,6.6307,2.03,2.03
2012.09.11 06:44:47.787,6.62967,6.6307,2.03,2.03
2012.09.11 06:45:02.926,6.63013,6.63104,2.03,1.50
2012.09.11 06:45:03.213,6.63013,6.63116,2.03,2.78
2012.09.11 06:45:03.776,6.63013,6.63109,2.03,1.13
2012.09.11 06:45:04.122,6.62988,6.63089,2.03,2.78
2012.09.11 06:45:04.327,6.62988,6.63089,2.03,2.03
2012.09.11 06:45:07.648,6.62988,6.63089,2.03,2.78
2012.09.11 06:45:07.715,6.62988,6.63089,2.03,2.03
2012.09.11 06:45:08.208,6.62988,6.63089,2.03,2.78
2012.09.11 06:45:08.396,6.62964,6.63064,2.03,2.03
2012.09.11 06:45:08.467,6.62961,6.63064,2.03,2.03
2012.09.11 06:45:13.316,6.62961,6.63064,2.03,2.40
2012.09.11 06:45:13.969,6.62961,6.63064,2.03,2.03
2012.09.11 06:45:20.438,6.62961,6.63032,2.03,1.50
2012.09.11 06:45:20.633,6.62899,6.63,2.03,2.03
2012.09.11 06:45:20.709,6.62904,6.63007,2.03,2.03
2012.09.11 06:45:21.689,6.62904,6.63002,2.03,1.13
2012.09.11 06:45:22.096,6.62904,6.62993,2.03,1.50
2012.09.11 06:45:22.171,6.62873,6.62976,2.03,2.40
2012.09.11 06:45:24.623,6.62873,6.62976,2.03,2.78
2012.09.11 06:45:25.078,6.62868,6.62969,2.03,2.78
2012.09.11 06:45:25.206,6.62868,6.62969,2.03,2.03
2012.09.11 06:45:26.040,6.62868,6.62969,2.03,2.40
2012.09.11 06:45:32.239,6.62868,6.62969,2.03,2.03
2012.09.11 06:45:32.308,6.62868,6.62969,2.03,2.40
2012.09.11 06:45:32.496,6.62868,6.62969,2.03,2.03
2012.09.11 06:45:37.356,6.62868,6.62969,2.03,2.78
2012.09.11 06:45:41.049,6.62868,6.62957,2.03,2.78
2012.09.11 06:45:41.118,6.62868,6.62957,2.03,2.78
2012.09.11 06:45:41.186,6.62831,6.62934,2.03,2.03
2012.09.11 06:45:44.238,6.62862,6.62965,2.03,2.78
2012.09.11 06:45:44.557,6.62862,6.62948,2.03,1.13
2012.09.11 06:45:44.746,6.62862,6.62947,2.03,2.03
2012.09.11 06:45:44.938,6.62848,6.62947,2.03,2.03
2012.09.11 06:45:45.308,6.62848,6.62949,2.03,2.78
2012.09.11 06:45:45.438,6.62848,6.62949,2.03,2.03
2012.09.11 06:45:50.308,6.62848,6.62949,2.03,2.78
2012.09.11 06:45:50.496,6.62848,6.62949,2.03,2.03
2012.09.11 06:45:50.907,6.62822,6.62923,2.03,2.03
2012.09.11 06:45:51.556,6.62822,6.62923,2.40,2.03
2012.09.11 06:45:51.631,6.62822,6.62923,2.03,2.03
2012.09.11 06:45:53.479,6.62822,6.62923,2.03,2.78
2012.09.11 06:45:53.738,6.62822,6.62922,2.03,1.13
2012.09.11 06:45:54.207,6.62796,6.62897,2.03,2.03
2012.09.11 06:45:57.758,6.62796,6.62897,2.03,2.78
2012.09.11 06:45:57.828,6.6277,6.62871,2.03,2.03
2012.09.11 06:45:58.829,6.6277,6.62871,2.03,2.78
2012.09.11 06:45:59.382,6.6277,6.62865,2.03,1.13
2012.09.11 06:45:59.715,6.62739,6.6284,2.03,2.03
2012.09.11 06:45:59.988,6.62712,6.62815,2.03,2.03
2012.09.11 06:46:00.860,6.62712,6.62815,2.03,2.78
2012.09.11 06:46:01.178,6.62712,6.62792,2.03,1.50
2012.09.11 06:46:01.492,6.62712,6.62792,2.03,1.50
2012.09.11 06:46:01.821,6.62681,6.62782,2.03,3.53
2012.09.11 06:46:01.905,6.62655,6.62758,2.03,2.03
2012.09.11 06:46:01.981,6.62655,6.62758,2.03,2.40
2012.09.11 06:46:02.050,6.6263,6.62735,2.03,2.03
2012.09.11 06:46:04.133,6.6263,6.62733,2.03,1.50
2012.09.11 06:46:04.508,6.62577,6.6274,2.03,2.78
2012.09.11 06:46:05.328,6.62577,6.62733,2.03,1.50
2012.09.11 06:46:05.700,6.62554,6.62715,1.13,2.78
2012.09.11 06:46:06.342,6.62578,6.62723,2.03,1.50
2012.09.11 06:46:06.478,6.62578,6.62735,2.03,2.25
2012.09.11 06:46:06.550,6.62578,6.62723,2.03,1.50
2012.09.11 06:46:06.971,6.62578,6.62723,2.03,1.50
2012.09.11 06:46:07.248,6.62578,6.6271,2.03,1.13
2012.09.11 06:46:07.319,6.62578,6.62673,2.03,1.50
2012.09.11 06:46:07.467,6.62578,6.62673,2.03,1.50
2012.09.11 06:46:07.536,6.62554,6.62673,2.03,1.50
2012.09.11 06:46:07.608,6.62528,6.62673,2.03,1.50
2012.09.11 06:46:07.900,6.62528,6.62673,2.03,1.50
2012.09.11 06:46:08.621,6.62492,6.62659,1.13,2.78
2012.09.11 06:46:09.173,6.62492,6.62659,1.13,2.78
2012.09.11 06:46:09.378,6.625,6.62669,2.03,1.50
2012.09.11 06:46:09.910,6.62487,6.62653,3.39,1.50
2012.09.11 06:46:10.297,6.62469,6.62582,2.03,1.08
2012.09.11 06:46:10.385,6.62429,6.62572,1.35,2.03
2012.09.11 06:46:11.117,6.62429,6.62572,1.35,2.03
2012.09.11 06:46:11.251,6.62426,6.62572,1.50,2.78
2012.09.11 06:46:11.462,6.62417,6.62533,2.78,1.08
2012.09.11 06:46:11.539,6.62417,6.62533,2.03,1.08
2012.09.11 06:46:11.683,6.62417,6.62573,2.78,1.50
2012.09.11 06:46:11.760,6.62453,6.62583,2.03,1.45
2012.09.11 06:46:11.828,6.62453,6.62588,2.03,1.08
2012.09.11 06:46:11.960,6.62453,6.62583,2.03,1.08
2012.09.11 06:46:12.363,6.62453,6.62599,2.03,1.13
2012.09.11 06:46:12.497,6.62453,6.62599,2.03,1.13
2012.09.11 06:46:12.648,6.62408,6.62577,2.64,2.03
2012.09.11 06:46:13.063,6.62422,6.62599,2.78,1.13
2012.09.11 06:46:13.568,6.62422,6.62599,2.78,1.13
2012.09.11 06:46:13.698,6.62422,6.62599,2.78,1.13
2012.09.11 06:46:14.219,6.62428,6.62599,1.50,2.40
2012.09.11 06:46:14.287,6.62428,6.62576,1.50,2.03
2012.09.11 06:46:14.434,6.62428,6.62576,1.50,2.03
2012.09.11 06:46:14.568,6.62411,6.62576,2.78,2.78
2012.09.11 06:46:14.908,6.62414,6.62573,2.78,1.08
2012.09.11 06:46:15.350,6.62414,6.62565,2.03,1.13
2012.09.11 06:46:15.427,6.62414,6.62565,2.03,1.13
2012.09.11 06:46:15.900,6.62414,6.62542,2.03,1.50
2012.09.11 06:46:15.968,6.62414,6.62548,2.03,1.13
2012.09.11 06:46:16.037,6.62414,6.62542,2.03,1.08
2012.09.11 06:46:16.433,6.62414,6.62548,2.03,1.13
2012.09.11 06:46:16.851,6.62414,6.62552,2.03,1.13
2012.09.11 06:46:17.091,6.62409,6.62549,2.03,2.78
2012.09.11 06:46:17.388,6.62371,6.62492,2.40,2.03
2012.09.11 06:46:17.950,6.62396,6.62492,1.13,2.03
2012.09.11 06:46:18.722,6.62397,6.62492,1.50,2.03
2012.09.11 06:46:19.174,6.62429,6.62519,1.13,2.03
2012.09.11 06:46:19.255,6.6246,6.62543,2.03,2.03
2012.09.11 06:46:19.330,6.6249,6.62593,2.03,3.85
2012.09.11 06:46:19.548,6.6249,6.62593,2.03,3.10
2012.09.11 06:46:20.961,6.6249,6.62593,2.78,2.35
2012.09.11 06:46:21.472,6.62501,6.62593,1.13,2.03
2012.09.11 06:46:21.893,6.62552,6.62655,2.03,2.03
2012.09.11 06:46:23.529,6.62557,6.62669,2.03,1.50
2012.09.11 06:46:25.107,6.62557,6.62657,2.03,1.13
2012.09.11 06:46:25.537,6.62557,6.62657,2.03,1.13
2012.09.11 06:46:25.668,6.62557,6.62658,2.03,1.13
2012.09.11 06:46:25.798,6.62515,6.62637,2.78,2.03
2012.09.11 06:46:25.986,6.62515,6.62637,2.78,2.78
2012.09.11 06:46:26.056,6.62515,6.62637,2.03,2.78
2012.09.11 06:46:26.880,6.62518,6.62662,2.03,1.50
2012.09.11 06:46:26.962,6.62518,6.62673,2.03,1.13
2012.09.11 06:46:27.039,6.62518,6.62678,2.78,1.50
2012.09.11 06:46:27.388,6.62518,6.62682,3.53,2.03
2012.09.11 06:46:27.688,6.62549,6.62701,2.03,1.13
2012.09.11 06:46:28.937,6.62549,6.62692,2.03,1.50
2012.09.11 06:46:29.484,6.62549,6.62673,2.03,1.50
2012.09.11 06:46:29.790,6.62549,6.62676,2.03,1.50
2012.09.11 06:46:30.348,6.62549,6.62673,2.03,1.08
2012.09.11 06:46:31.277,6.62485,6.62649,2.03,2.35
2012.09.11 06:46:31.364,6.62511,6.62632,2.03,2.35
2012.09.11 06:46:36.709,6.62489,6.6259,2.03,2.78
2012.09.11 06:46:36.994,6.62451,6.62547,2.03,1.08
2012.09.11 06:46:37.968,6.62451,6.62552,2.03,2.03
2012.09.11 06:46:38.728,6.62451,6.62552,2.03,2.78
2012.09.11 06:46:39.232,6.62415,6.62516,2.03,2.03
2012.09.11 06:46:39.837,6.62445,6.62541,2.03,2.03
2012.09.11 06:46:39.911,6.62445,6.62548,2.03,2.03
2012.09.11 06:46:40.568,6.62451,6.62552,2.03,2.40
2012.09.11 06:46:41.809,6.62458,6.62552,2.03,2.03
2012.09.11 06:46:41.882,6.62483,6.62583,2.03,2.03
2012.09.11 06:46:44.689,6.62483,6.62583,2.03,3.53
2012.09.11 06:46:44.827,6.62458,6.62558,2.03,2.03
2012.09.11 06:46:44.898,6.62458,6.62558,2.03,2.40
2012.09.11 06:46:45.107,6.62455,6.62558,2.03,2.03
2012.09.11 06:46:46.380,6.62455,6.62558,2.03,2.78
2012.09.11 06:46:46.687,6.62455,6.62558,2.03,2.03
2012.09.11 06:46:47.211,6.62486,6.62589,2.03,2.03
2012.09.11 06:46:49.327,6.62494,6.62589,2.03,2.03
2012.09.11 06:46:50.075,6.62518,6.62619,2.03,2.78
2012.09.11 06:46:52.348,6.62518,6.62613,2.03,1.50
2012.09.11 06:46:52.816,6.62518,6.62576,2.03,1.50
2012.09.11 06:46:52.903,6.62465,6.62563,2.03,1.13
2012.09.11 06:46:52.978,6.62465,6.62563,2.03,1.13
2012.09.11 06:46:53.666,6.6244,6.62541,2.03,2.03
2012.09.11 06:46:55.867,6.6244,6.62539,2.03,2.03
2012.09.11 06:46:55.938,6.62414,6.62515,2.03,2.03
2012.09.11 06:46:56.890,6.62445,6.62546,2.03,2.03
2012.09.11 06:46:57.017,6.62418,6.62521,2.03,2.03
2012.09.11 06:46:57.459,6.62418,6.62521,2.78,2.03
2012.09.11 06:46:57.660,6.62449,6.6255,2.03,2.03
2012.09.11 06:47:00.020,6.62486,6.62575,2.03,2.03
2012.09.11 06:47:00.086,6.62486,6.62589,2.03,2.03
2012.09.11 06:47:00.219,6.62512,6.62612,2.03,2.03
2012.09.11 06:47:00.560,6.62512,6.62615,2.03,2.78
2012.09.11 06:47:01.007,6.62512,6.62614,2.03,1.50
2012.09.11 06:47:01.076,6.62512,6.62606,2.03,1.50
2012.09.11 06:47:01.419,6.62412,6.62533,2.03,2.03
2012.09.11 06:47:05.648,6.62432,6.62533,2.03,2.78
2012.09.11 06:47:05.838,6.62432,6.62533,2.03,3.10
2012.09.11 06:47:05.909,6.62432,6.62533,2.03,2.35
2012.09.11 06:47:06.443,6.62432,6.62533,2.03,2.73
2012.09.11 06:47:06.516,6.62432,6.62533,2.03,3.10
2012.09.11 06:47:06.957,6.62432,6.62533,2.03,2.35
2012.09.11 06:47:07.029,6.62401,6.62503,2.03,2.03
2012.09.11 06:47:07.158,6.62432,6.62535,2.03,2.35
2012.09.11 06:47:11.457,6.62432,6.62535,2.03,2.03
2012.09.11 06:47:22.650,6.62436,6.62535,2.03,2.03
2012.09.11 06:47:23.286,6.62461,6.62562,2.03,2.03
2012.09.11 06:47:27.127,6.62501,6.62598,2.03,1.50
2012.09.11 06:47:27.198,6.62501,6.62598,2.03,1.50
2012.09.11 06:47:27.849,6.62501,6.62604,2.03,2.40
2012.09.11 06:47:28.450,6.62537,6.62638,2.03,2.78
2012.09.11 06:47:28.658,6.62537,6.62638,2.03,2.03
2012.09.11 06:47:31.516,6.62537,6.62638,2.03,2.78
2012.09.11 06:47:32.129,6.62537,6.62633,2.03,1.08
2012.09.11 06:47:34.096,6.62537,6.62638,2.03,2.03
2012.09.11 06:47:34.897,6.62562,6.62654,2.03,1.13
2012.09.11 06:47:36.977,6.62562,6.62663,2.03,1.50
2012.09.11 06:47:41.541,6.62562,6.62665,2.03,2.78
2012.09.11 06:47:41.957,6.62562,6.62665,2.03,2.03
2012.09.11 06:47:44.090,6.62571,6.62665,2.03,2.03
2012.09.11 06:47:44.158,6.62595,6.62696,2.03,2.03
2012.09.11 06:47:45.735,6.62562,6.62684,2.03,2.35
2012.09.11 06:47:48.247,6.62567,6.62684,2.03,2.35
2012.09.11 06:47:48.449,6.62592,6.62713,2.03,2.35
2012.09.11 06:47:48.521,6.62616,6.62728,2.03,1.08
2012.09.11 06:47:49.439,6.62598,6.62764,2.03,2.35
2012.09.11 06:47:49.668,6.62625,6.62768,2.03,1.08
2012.09.11 06:47:50.401,6.62598,6.6275,2.03,1.08
2012.09.11 06:47:50.552,6.62568,6.62712,2.03,1.08
2012.09.11 06:47:50.631,6.62543,6.62702,2.03,2.35
2012.09.11 06:47:50.711,6.62537,6.62702,2.78,2.35
2012.09.11 06:47:51.222,6.62537,6.62702,2.03,2.35
2012.09.11 06:47:51.617,6.62562,6.62712,2.03,1.08
2012.09.11 06:47:52.849,6.62585,6.6275,2.03,2.35
2012.09.11 06:47:52.918,6.62585,6.6275,2.03,2.35
2012.09.11 06:47:53.107,6.6261,6.62776,2.78,2.35
2012.09.11 06:47:53.449,6.62635,6.628,2.03,2.35
2012.09.11 06:47:54.460,6.62635,6.628,2.03,2.35
2012.09.11 06:47:54.529,6.62637,6.628,1.89,2.03
2012.09.11 06:47:54.600,6.62659,6.62823,2.78,2.03
2012.09.11 06:47:54.666,6.62659,6.62823,2.03,2.03
2012.09.11 06:47:56.049,6.62682,6.62846,2.03,2.35
2012.09.11 06:47:56.358,6.62688,6.62846,1.89,2.03
2012.09.11 06:47:56.428,6.62682,6.62846,2.03,2.35
2012.09.11 06:47:56.560,6.62656,6.6282,2.78,2.03
2012.09.11 06:47:56.638,6.62656,6.6282,2.78,2.03
2012.09.11 06:47:57.148,6.62656,6.6282,2.03,2.03
2012.09.11 06:47:57.866,6.6268,6.62802,2.03,2.03
2012.09.11 06:48:00.630,6.62655,6.62779,2.03,2.03
2012.09.11 06:48:03.458,6.62655,6.62779,2.03,2.78
2012.09.11 06:48:03.590,6.62619,6.62743,2.03,2.03
2012.09.11 06:48:04.251,6.62619,6.62742,2.03,1.13
2012.09.11 06:48:04.330,6.62601,6.62742,2.03,1.13
2012.09.11 06:48:04.408,6.62577,6.62736,2.03,2.03
2012.09.11 06:48:04.608,6.6257,6.62736,2.03,2.78
2012.09.11 06:48:04.688,6.6257,6.62736,2.03,2.03
2012.09.11 06:48:05.598,6.6257,6.62736,2.78,2.03
2012.09.11 06:48:05.908,6.62588,6.62736,1.89,2.03
2012.09.11 06:48:06.159,6.62588,6.62743,1.89,2.03
2012.09.11 06:48:06.227,6.62588,6.62743,2.64,2.03
2012.09.11 06:48:06.495,6.62588,6.62743,1.89,2.03
2012.09.11 06:48:07.353,6.62588,6.62743,1.89,2.78
2012.09.11 06:48:07.433,6.62577,6.62738,2.03,1.50
2012.09.11 06:48:07.511,6.62537,6.62701,2.12,2.03
2012.09.11 06:48:07.590,6.62537,6.62701,1.89,2.03
2012.09.11 06:48:08.436,6.62559,6.62723,2.03,2.03
2012.09.11 06:48:09.129,6.62559,6.62723,2.78,2.03
2012.09.11 06:48:09.558,6.62567,6.62723,1.89,2.03
2012.09.11 06:48:10.740,6.62567,6.62723,2.64,2.03
2012.09.11 06:48:10.820,6.62598,6.6275,1.89,2.03
2012.09.11 06:48:10.889,6.62598,6.6275,2.64,2.03
2012.09.11 06:48:11.287,6.62598,6.6275,1.89,2.03
2012.09.11 06:48:11.376,6.62585,6.6275,2.03,2.03
2012.09.11 06:48:11.731,6.62609,6.62767,2.03,2.78
2012.09.11 06:48:12.357,6.62577,6.62743,2.03,2.03
2012.09.11 06:48:15.187,6.62567,6.62714,1.89,2.03
2012.09.11 06:48:25.028,6.62574,6.62738,2.03,2.03
2012.09.11 06:48:27.877,6.62608,6.62732,2.03,2.03
2012.09.11 06:48:32.858,6.62585,6.62699,2.03,2.03
2012.09.11 06:48:32.929,6.62578,6.62699,2.03,2.03
2012.09.11 06:48:36.537,6.62609,6.62731,2.03,2.03
2012.09.11 06:48:37.403,6.62607,6.62708,2.03,2.03
2012.09.11 06:48:41.858,6.62629,6.62732,2.03,2.03
2012.09.11 06:48:42.072,6.6266,6.62755,2.03,2.73
2012.09.11 06:48:43.178,6.6266,6.62761,2.03,2.03
2012.09.11 06:48:43.680,6.6266,6.62761,2.03,2.40
2012.09.11 06:48:44.081,6.62702,6.62773,2.03,1.08
2012.09.11 06:48:44.150,6.62702,6.6279,2.03,1.08
2012.09.11 06:48:44.219,6.62671,6.62772,2.03,2.03
2012.09.11 06:48:44.408,6.62701,6.62797,2.03,2.78
2012.09.11 06:48:46.422,6.62701,6.62804,2.03,2.40
2012.09.11 06:48:46.498,6.62665,6.62766,2.03,2.03
2012.09.11 06:48:48.483,6.62667,6.62766,2.03,2.03
2012.09.11 06:48:49.006,6.6269,6.62793,2.03,2.03
2012.09.11 06:48:49.781,6.62718,6.62816,2.03,2.03
2012.09.11 06:48:49.909,6.62718,6.62821,2.03,2.03
2012.09.11 06:48:50.311,6.62718,6.62821,2.03,3.10
2012.09.11 06:48:50.771,6.62693,6.62794,2.03,2.03
2012.09.11 06:49:02.990,6.62693,6.62794,2.03,2.35
2012.09.11 06:49:03.179,6.62646,6.62747,2.03,2.03
2012.09.11 06:49:07.829,6.62676,6.62772,2.03,2.03
2012.09.11 06:49:07.898,6.62676,6.62777,2.03,2.03
2012.09.11 06:49:08.491,6.62676,6.62777,2.03,2.78
2012.09.11 06:49:08.619,6.62644,6.62747,2.03,2.03
2012.09.11 06:49:15.400,6.62644,6.62747,2.40,2.03
2012.09.11 06:49:15.649,6.62652,6.62747,2.03,2.03
2012.09.11 06:49:15.906,6.62646,6.62747,2.03,2.03
2012.09.11 06:49:21.690,6.62647,6.62747,2.03,2.03
2012.09.11 06:49:22.033,6.62671,6.62774,2.03,2.03
2012.09.11 06:49:27.573,6.6269,6.62774,2.03,2.03
2012.09.11 06:49:27.708,6.62671,6.62774,2.03,2.03
2012.09.11 06:49:27.778,6.62676,6.62779,2.03,2.03
2012.09.11 06:49:28.550,6.62702,6.62802,2.03,2.03
2012.09.11 06:49:28.631,6.62702,6.62805,2.03,2.40
2012.09.11 06:49:31.416,6.62729,6.6283,2.03,2.03
2012.09.11 06:49:32.448,6.62754,6.62857,2.03,2.73
2012.09.11 06:49:33.886,6.62754,6.62857,2.03,2.03
2012.09.11 06:49:34.191,6.62762,6.62857,2.03,2.03
2012.09.11 06:49:34.538,6.62785,6.62888,2.03,2.35
2012.09.11 06:49:36.110,6.62785,6.62883,2.03,1.08
2012.09.11 06:49:36.178,6.62785,6.62888,2.03,2.35
2012.09.11 06:49:36.947,6.62759,6.62862,2.03,2.03
2012.09.11 06:49:40.736,6.62759,6.62862,2.03,2.78
2012.09.11 06:49:41.988,6.6276,6.62862,2.03,2.78
2012.09.11 06:49:42.339,6.62783,6.62883,2.03,1.08
2012.09.11 06:49:42.529,6.62753,6.62854,2.03,2.03
2012.09.11 06:49:46.616,6.62753,6.62854,2.03,2.78
2012.09.11 06:49:54.629,6.62753,6.62854,2.03,2.73
2012.09.11 06:49:56.737,6.62753,6.62854,2.03,2.40
2012.09.11 06:49:57.489,6.62778,6.62881,2.03,2.40
2012.09.11 06:49:57.827,6.62778,6.62872,2.03,1.50
2012.09.11 06:49:58.369,6.62756,6.62857,2.03,2.03
2012.09.11 06:49:59.577,6.62756,6.62857,2.03,2.40
2012.09.11 06:49:59.767,6.62726,6.62829,2.03,2.03
2012.09.11 06:50:05.728,6.62726,6.62829,2.78,2.03
2012.09.11 06:50:05.798,6.62749,6.62852,2.03,2.03
2012.09.11 06:50:07.487,6.62749,6.62852,2.03,2.78
2012.09.11 06:50:07.776,6.62749,6.62843,2.03,1.83
2012.09.11 06:50:08.039,6.62719,6.62822,2.03,2.03
2012.09.11 06:50:08.290,6.62719,6.62822,2.78,2.03
2012.09.11 06:50:08.501,6.62751,6.62852,2.03,2.03
2012.09.11 06:50:10.439,6.62725,6.62826,2.03,2.03
2012.09.11 06:50:15.049,6.62749,6.62851,2.03,2.03
2012.09.11 06:50:15.607,6.62749,6.62852,2.03,2.03
2012.09.11 06:50:18.042,6.62749,6.62846,2.03,1.50
2012.09.11 06:50:18.119,6.62749,6.62846,2.03,1.83
2012.09.11 06:50:18.189,6.62726,6.62821,2.03,2.03
2012.09.11 06:50:18.318,6.62718,6.62821,2.03,2.03
2012.09.11 06:50:26.077,6.62718,6.62821,2.40,2.03
2012.09.11 06:50:26.209,6.6275,6.62851,2.03,2.03
2012.09.11 06:50:30.020,6.6275,6.62851,2.03,2.78
2012.09.11 06:50:30.338,6.62723,6.62826,2.03,2.03
2012.09.11 06:50:34.741,6.62723,6.62826,2.40,2.03
2012.09.11 06:50:35.268,6.62755,6.62856,2.03,2.03
2012.09.11 06:50:37.109,6.62755,6.62856,2.03,2.78
2012.09.11 06:50:37.419,6.62724,6.62825,2.03,2.03
2012.09.11 06:50:38.703,6.62692,6.62795,2.03,2.03
2012.09.11 06:50:39.168,6.62692,6.62795,2.78,2.03
2012.09.11 06:50:39.360,6.62715,6.62818,2.40,2.03
2012.09.11 06:50:40.300,6.62743,6.62844,2.03,2.03
2012.09.11 06:50:40.499,6.62743,6.6284,2.03,1.08
2012.09.11 06:50:41.088,6.62743,6.62841,2.03,2.03
2012.09.11 06:50:41.519,6.62716,6.62817,2.40,2.03
2012.09.11 06:50:41.889,6.62744,6.62844,2.03,2.78
2012.09.11 06:50:42.230,6.62744,6.62834,2.03,1.50
2012.09.11 06:50:42.418,6.62744,6.62834,2.03,1.08
2012.09.11 06:50:42.667,6.62744,6.62844,2.03,2.03
2012.09.11 06:50:42.955,6.6272,6.62822,2.03,2.03
2012.09.11 06:50:43.480,6.62719,6.62822,2.03,2.03
2012.09.11 06:50:45.560,6.62719,6.62822,2.78,2.03
2012.09.11 06:50:46.009,6.62749,6.6285,2.03,2.78
2012.09.11 06:50:46.199,6.62721,6.62824,2.03,2.03
2012.09.11 06:50:48.782,6.62721,6.62824,2.25,2.03
2012.09.11 06:50:49.097,6.62781,6.62824,2.25,2.03
2012.09.11 06:50:49.168,6.62849,6.62992,2.03,2.03
2012.09.11 06:50:50.201,6.62877,6.62972,1.89,2.03
2012.09.11 06:50:50.330,6.629,6.63003,2.03,2.03
2012.09.11 06:50:52.064,6.62877,6.62971,1.89,2.03
2012.09.11 06:50:52.597,6.62877,6.62929,1.89,2.03
2012.09.11 06:50:52.787,6.62828,6.62929,1.89,2.03
2012.09.11 06:50:52.919,6.6282,6.62929,2.78,2.03
2012.09.11 06:50:53.106,6.6282,6.62929,2.03,2.03
2012.09.11 06:50:53.479,6.62777,6.62884,4.74,2.03
2012.09.11 06:50:53.729,6.6281,6.62907,2.85,2.03
2012.09.11 06:50:53.800,6.6281,6.62913,2.85,2.03
2012.09.11 06:50:57.930,6.62818,6.62913,2.64,2.03
2012.09.11 06:50:58.737,6.62833,6.62936,2.03,2.03
2012.09.11 06:50:58.867,6.62867,6.62968,2.03,2.03
2012.09.11 06:51:08.376,6.62894,6.62992,2.03,2.03
2012.09.11 06:51:08.446,6.62894,6.62995,2.03,2.03
2012.09.11 06:51:08.710,6.62818,6.62864,1.89,2.03
2012.09.11 06:51:08.780,6.62818,6.62864,1.89,2.03
2012.09.11 06:51:08.967,6.62701,6.62864,2.83,2.03
2012.09.11 06:51:09.161,6.62798,6.62864,1.89,2.03
2012.09.11 06:51:09.288,6.62708,6.62864,2.64,2.03
2012.09.11 06:51:09.692,6.62772,6.62933,2.03,2.03
2012.09.11 06:51:10.217,6.62779,6.62893,2.03,2.03
2012.09.11 06:51:10.298,6.62823,6.62926,2.03,2.03
2012.09.11 06:51:10.486,6.62864,6.62965,2.03,2.03
2012.09.11 06:51:11.449,6.62839,6.62895,2.03,2.78
2012.09.11 06:51:11.521,6.62808,6.62885,2.12,1.50
2012.09.11 06:51:11.588,6.6275,6.62871,4.05,2.40
2012.09.11 06:51:12.921,6.6275,6.62849,2.03,2.03
2012.09.11 06:51:12.987,6.62724,6.62825,2.03,2.03
2012.09.11 06:51:13.780,6.62724,6.62825,2.03,2.78
2012.09.11 06:51:14.148,6.62724,6.62814,2.03,1.50
2012.09.11 06:51:14.224,6.62731,6.62832,2.03,2.03
2012.09.11 06:51:14.980,6.62731,6.62815,2.03,1.50
2012.09.11 06:51:15.190,6.62706,6.62802,2.03,2.03
2012.09.11 06:51:15.259,6.62699,6.62802,2.03,2.03
2012.09.11 06:51:18.425,6.6274,6.62802,2.03,2.03
2012.09.11 06:51:18.822,6.62703,6.62802,2.03,2.03
2012.09.11 06:51:18.900,6.62727,6.6283,2.03,2.03
2012.09.11 06:51:20.170,6.62729,6.6283,2.03,2.03
2012.09.11 06:51:20.588,6.62753,6.62853,2.03,1.50
2012.09.11 06:51:27.409,6.62729,6.62822,2.03,2.03
2012.09.11 06:51:27.477,6.62721,6.62822,2.03,2.03
2012.09.11 06:51:36.521,6.62726,6.62822,2.03,2.78
2012.09.11 06:51:36.802,6.62726,6.62826,2.03,2.03
2012.09.11 06:51:36.886,6.62747,6.62848,2.03,2.03
2012.09.11 06:51:46.147,6.62747,6.62848,2.03,2.78
2012.09.11 06:51:46.526,6.62747,6.6283,2.03,1.08
2012.09.11 06:51:46.604,6.62741,6.62844,2.03,2.03
2012.09.11 06:51:50.572,6.6277,6.62873,2.03,2.78
2012.09.11 06:51:50.707,6.6277,6.62873,2.03,2.78
2012.09.11 06:51:51.478,6.6277,6.62873,2.03,2.03
2012.09.11 06:51:51.551,6.62796,6.62897,2.03,2.03
2012.09.11 06:51:54.289,6.62796,6.62897,2.03,2.78
2012.09.11 06:51:54.360,6.62796,6.62897,2.03,2.03
2012.09.11 06:51:54.610,6.62796,6.62897,2.03,2.78
2012.09.11 06:51:54.738,6.62768,6.62871,2.03,2.78
2012.09.11 06:51:56.168,6.62768,6.62871,2.03,2.03
2012.09.11 06:51:56.237,6.62768,6.62866,2.03,2.03
2012.09.11 06:51:56.368,6.62741,6.62842,2.03,2.03
2012.09.11 06:52:02.587,6.62765,6.62868,2.03,2.78
2012.09.11 06:52:02.748,6.62765,6.62868,2.03,2.03
2012.09.11 06:52:05.566,6.62767,6.6287,2.03,2.03
2012.09.11 06:52:06.220,6.62767,6.6287,2.03,2.78
2012.09.11 06:52:06.609,6.62712,6.62813,2.03,2.03
2012.09.11 06:52:07.381,6.62743,6.62844,2.03,2.03
2012.09.11 06:52:09.729,6.62713,6.62816,2.03,2.03
2012.09.11 06:52:12.098,6.62713,6.62816,2.40,2.03
2012.09.11 06:52:12.307,6.62713,6.62816,2.03,2.03
2012.09.11 06:52:13.028,6.6274,6.62843,2.03,2.03
2012.09.11 06:52:14.289,6.6271,6.62811,2.03,2.03
2012.09.11 06:52:15.839,6.6271,6.62811,2.78,2.03
2012.09.11 06:52:16.211,6.6271,6.62811,2.03,2.03
2012.09.11 06:52:16.989,6.6271,6.62811,2.78,2.03
2012.09.11 06:52:18.078,6.6271,6.62811,2.03,2.03
2012.09.11 06:52:18.270,6.62739,6.62836,2.03,2.03
2012.09.11 06:52:18.337,6.62739,6.62841,2.03,2.03
2012.09.11 06:52:18.709,6.62739,6.62841,2.03,2.40
2012.09.11 06:52:19.028,6.62735,6.62837,2.03,2.03
2012.09.11 06:52:19.458,6.62711,6.62814,4.43,2.03
2012.09.11 06:52:20.510,6.62711,6.62814,2.03,2.03
2012.09.11 06:52:27.917,6.62735,6.62837,2.03,2.03
2012.09.11 06:52:28.537,6.62735,6.62838,2.03,2.03
2012.09.11 06:52:29.867,6.62735,6.62835,2.03,1.50
2012.09.11 06:52:30.059,6.62712,6.62809,2.03,2.78
2012.09.11 06:52:30.132,6.62708,6.62809,2.03,2.78
2012.09.11 06:52:30.917,6.62708,6.62809,2.03,2.03
2012.09.11 06:52:31.168,6.62732,6.62833,2.03,2.03
2012.09.11 06:52:32.847,6.62732,6.62833,2.78,2.03
2012.09.11 06:52:32.935,6.62719,6.62822,4.05,2.03
2012.09.11 06:52:46.568,6.62719,6.62822,2.78,2.03
2012.09.11 06:52:46.638,6.62735,6.62837,2.40,2.03
2012.09.11 06:52:47.186,6.62738,6.6283,2.03,2.03
2012.09.11 06:52:47.262,6.62701,6.62804,2.03,2.03
2012.09.11 06:52:48.527,6.62701,6.62804,2.40,2.03
2012.09.11 06:52:49.168,6.62701,6.62804,2.03,2.03
2012.09.11 06:52:51.461,6.6268,6.62764,1.50,2.03
2012.09.11 06:52:51.541,6.62663,6.62764,3.53,2.78
2012.09.11 06:52:51.743,6.62663,6.62764,2.03,2.78
2012.09.11 06:52:51.819,6.62663,6.62753,2.03,1.50
2012.09.11 06:52:52.579,6.62638,6.62733,2.03,1.50
2012.09.11 06:52:52.662,6.62584,6.62691,2.03,2.03
2012.09.11 06:52:53.482,6.62612,6.62713,2.03,1.08
2012.09.11 06:52:54.153,6.62612,6.62714,2.03,1.08
2012.09.11 06:52:54.288,6.62612,6.62717,2.03,2.35
2012.09.11 06:52:54.421,6.62612,6.62707,2.03,1.50
2012.09.11 06:52:54.504,6.62558,6.62661,2.03,2.78
2012.09.11 06:52:54.652,6.62558,6.62652,2.03,1.50
2012.09.11 06:52:55.094,6.62558,6.62652,2.03,1.50
2012.09.11 06:52:56.139,6.62527,6.62612,2.03,1.08
2012.09.11 06:52:56.268,6.62472,6.62594,2.03,2.03
2012.09.11 06:52:56.342,6.62437,6.62603,2.78,2.78
2012.09.11 06:52:56.672,6.62437,6.62591,2.78,1.13
2012.09.11 06:52:57.558,6.62437,6.62513,2.03,1.08
2012.09.11 06:52:57.645,6.62285,6.62483,1.13,1.50
2012.09.11 06:52:57.721,6.62288,6.62488,1.50,1.13
2012.09.11 06:52:58.489,6.62288,6.62489,2.25,1.13
2012.09.11 06:52:58.763,6.62288,6.62479,2.12,1.50
2012.09.11 06:52:58.843,6.62262,6.62462,2.78,1.08
2012.09.11 06:52:58.924,6.62302,6.62436,1.50,2.03
2012.09.11 06:52:59.861,6.62277,6.62436,2.64,2.03
2012.09.11 06:53:00.002,6.62242,6.62363,1.50,1.08
2012.09.11 06:53:01.089,6.62188,6.62363,1.73,1.08
2012.09.11 06:53:02.216,6.62187,6.62345,1.73,2.03
2012.09.11 06:53:02.551,6.6222,6.62345,1.73,2.03
2012.09.11 06:53:02.621,6.6222,6.62372,1.73,2.03
2012.09.11 06:53:03.253,6.62247,6.62372,1.13,2.03
2012.09.11 06:53:03.602,6.62307,6.62405,3.39,2.03
2012.09.11 06:53:04.003,6.62318,6.62405,1.50,2.03
2012.09.11 06:53:04.313,6.62338,6.62405,1.50,2.03
2012.09.11 06:53:05.473,6.62357,6.62557,1.50,1.08
2012.09.11 06:53:06.011,6.62357,6.62557,1.50,1.08
2012.09.11 06:53:07.169,6.6233,6.62513,1.50,1.08
2012.09.11 06:53:07.387,6.6233,6.62503,1.50,2.03
2012.09.11 06:53:07.461,6.6233,6.62513,1.50,1.08
2012.09.11 06:53:07.708,6.6233,6.62513,1.50,1.08
2012.09.11 06:53:08.878,6.6233,6.62518,1.50,1.08
2012.09.11 06:53:09.250,6.62358,6.62535,1.50,2.03
2012.09.11 06:53:09.437,6.62388,6.62554,1.50,1.13
2012.09.11 06:53:09.748,6.62388,6.62563,1.50,1.08
2012.09.11 06:53:09.988,6.62398,6.62563,1.13,1.08
2012.09.11 06:53:10.191,6.62398,6.62585,1.50,1.13
2012.09.11 06:53:11.211,6.62418,6.62592,1.50,1.08
2012.09.11 06:53:11.600,6.62418,6.62599,1.50,1.83
2012.09.11 06:53:12.539,6.62388,6.62592,2.12,1.08
2012.09.11 06:53:13.085,6.62388,6.62576,2.49,2.03
2012.09.11 06:53:13.162,6.62388,6.62576,1.89,2.03
2012.09.11 06:53:14.180,6.62417,6.62576,1.89,2.03
2012.09.11 06:53:14.250,6.62417,6.62599,1.89,2.78
2012.09.11 06:53:14.318,6.62417,6.62601,1.89,2.03
2012.09.11 06:53:14.698,6.62417,6.62622,1.89,1.13
2012.09.11 06:53:15.409,6.62417,6.62627,2.64,2.35
2012.09.11 06:53:16.159,6.62417,6.62621,1.89,1.13
2012.09.11 06:53:16.480,6.62417,6.62594,2.64,2.78
2012.09.11 06:53:16.620,6.62432,6.62617,2.03,2.03
2012.09.11 06:53:16.690,6.62432,6.62617,2.03,2.40
2012.09.11 06:53:17.009,6.62418,6.62586,1.89,2.78
2012.09.11 06:53:17.259,6.62426,6.62611,2.40,2.03
2012.09.11 06:53:17.467,6.62418,6.62588,2.64,2.03
2012.09.11 06:53:17.788,6.62425,6.62588,1.13,2.03
2012.09.11 06:53:17.917,6.62418,6.62588,2.64,2.03
2012.09.11 06:53:17.988,6.62418,6.62588,2.64,2.03
2012.09.11 06:53:18.504,6.62418,6.62588,2.64,2.03
2012.09.11 06:53:18.723,6.62434,6.62598,2.03,1.50
2012.09.11 06:53:18.802,6.6241,6.62582,2.03,1.08
2012.09.11 06:53:19.306,6.6241,6.62563,2.03,2.03
2012.09.11 06:53:21.499,6.6241,6.62562,2.03,1.13
2012.09.11 06:53:21.809,6.6241,6.62523,2.03,1.08
2012.09.11 06:53:22.128,6.62297,6.62401,3.32,1.50
2012.09.11 06:53:22.449,6.62238,6.62316,1.43,2.35
2012.09.11 06:53:22.768,6.62214,6.62303,1.05,1.08
2012.09.11 06:53:23.805,6.6225,6.62263,1.05,1.08
2012.09.11 06:53:24.602,6.6224,6.62263,1.05,1.08
2012.09.11 06:53:24.936,6.62224,6.62263,1.05,1.08
2012.09.11 06:53:25.268,6.62261,6.62267,1.05,1.08
2012.09.11 06:53:25.352,6.62044,6.62253,1.50,2.78
2012.09.11 06:53:25.700,6.6203,6.62222,1.13,1.50
2012.09.11 06:53:25.840,6.62026,6.62222,2.40,1.50
2012.09.11 06:53:27.998,6.62042,6.62213,2.78,1.50
2012.09.11 06:53:32.077,6.62042,6.62193,2.40,1.50
2012.09.11 06:53:33.509,6.62042,6.62183,2.03,1.50
2012.09.11 06:53:34.248,6.62042,6.62163,2.03,1.08
2012.09.11 06:53:35.650,6.62042,6.62163,2.40,1.08
2012.09.11 06:53:38.778,6.62042,6.62183,2.78,1.50
2012.09.11 06:53:39.128,6.62042,6.62193,2.40,1.83
2012.09.11 06:53:41.578,6.62042,6.62193,2.03,1.08
2012.09.11 06:53:42.317,6.62071,6.62193,2.03,1.08
2012.09.11 06:53:42.998,6.62071,6.62193,2.03,1.08
2012.09.11 06:53:43.259,6.62071,6.62193,2.03,1.08
2012.09.11 06:53:44.241,6.62083,6.62236,1.50,2.95
2012.09.11 06:53:44.323,6.62095,6.62261,2.78,2.78
2012.09.11 06:53:44.400,6.62122,6.6225,2.78,1.13
2012.09.11 06:53:44.718,6.62092,6.62192,2.03,1.08
2012.09.11 06:53:44.967,6.62065,6.62192,2.03,1.08
2012.09.11 06:53:45.467,6.62065,6.62192,2.78,1.08
2012.09.11 06:53:45.840,6.62067,6.62219,2.78,1.83
2012.09.11 06:53:45.911,6.62092,6.62223,2.78,1.08
2012.09.11 06:53:46.109,6.62092,6.62223,2.03,1.08
2012.09.11 06:53:46.428,6.62062,6.62163,2.03,1.50
2012.09.11 06:53:46.618,6.62039,6.62163,2.03,1.50
2012.09.11 06:53:48.078,6.62039,6.62163,2.03,1.50
2012.09.11 06:53:49.691,6.62015,6.62142,2.03,2.25
2012.09.11 06:53:49.762,6.62007,6.62133,2.03,1.08
2012.09.11 06:53:50.088,6.6202,6.62133,2.03,1.08
2012.09.11 06:53:50.391,6.6202,6.62133,2.03,1.08
2012.09.11 06:53:50.679,6.6202,6.62133,2.03,1.08
2012.09.11 06:53:50.872,6.62012,6.62113,2.03,2.78
2012.09.11 06:53:53.739,6.62012,6.62113,2.03,2.78
2012.09.11 06:53:54.050,6.62012,6.62093,2.03,1.08
2012.09.11 06:53:54.358,6.62012,6.62092,2.03,1.50
2012.09.11 06:53:54.678,6.62012,6.62092,2.03,1.50
2012.09.11 06:53:54.840,6.61984,6.62087,2.03,2.78
2012.09.11 06:53:55.059,6.62011,6.62093,2.03,1.08
2012.09.11 06:53:56.821,6.62011,6.62093,2.03,1.08
2012.09.11 06:53:56.899,6.61987,6.62088,2.03,2.78
2012.09.11 06:53:58.100,6.61987,6.62088,2.03,2.78
2012.09.11 06:53:59.419,6.61987,6.62088,2.03,2.78
2012.09.11 06:53:59.670,6.61987,6.62088,2.03,2.78
2012.09.11 06:53:59.858,6.6196,6.62063,2.03,2.78
2012.09.11 06:54:00.228,6.6196,6.62063,2.03,2.78
2012.09.11 06:54:01.768,6.6196,6.62063,2.03,2.78
2012.09.11 06:54:02.641,6.61937,6.6204,2.03,2.40
2012.09.11 06:54:02.859,6.61963,6.62063,2.03,1.50
2012.09.11 06:54:04.219,6.61963,6.62063,2.03,1.50
2012.09.11 06:54:05.038,6.61963,6.62066,2.03,2.78
2012.09.11 06:54:06.942,6.61963,6.62066,2.03,2.78
2012.09.11 06:54:07.187,6.61963,6.62066,2.03,2.03
2012.09.11 06:54:07.801,6.6197,6.62066,2.03,2.03
2012.09.11 06:54:08.139,6.61995,6.62096,2.03,2.78
2012.09.11 06:54:09.797,6.61995,6.62096,2.03,2.78
2012.09.11 06:54:10.208,6.6202,6.62121,2.03,2.78
2012.09.11 06:54:10.586,6.6202,6.62121,2.03,2.78
2012.09.11 06:54:11.508,6.6202,6.62121,2.03,2.78
2012.09.11 06:54:11.959,6.6202,6.62121,2.03,2.78
2012.09.11 06:54:12.028,6.6202,6.62121,2.03,2.78
2012.09.11 06:54:12.159,6.61989,6.6209,2.03,2.03
2012.09.11 06:54:14.837,6.62012,6.62115,2.03,2.78
2012.09.11 06:54:16.731,6.62012,6.62115,2.03,2.78
2012.09.11 06:54:18.586,6.6202,6.62115,2.03,2.78
2012.09.11 06:54:18.921,6.62045,6.62132,2.03,1.08
2012.09.11 06:54:19.858,6.62045,6.62132,2.03,1.08
2012.09.11 06:54:20.108,6.62045,6.62131,2.03,1.50
2012.09.11 06:54:21.772,6.62045,6.62112,2.03,1.50
2012.09.11 06:54:22.255,6.6202,6.62113,2.03,2.78
2012.09.11 06:54:22.350,6.62013,6.62113,2.03,2.78
2012.09.11 06:54:27.829,6.62013,6.62113,2.03,2.78
2012.09.11 06:54:28.091,6.62044,6.62131,2.03,1.50
2012.09.11 06:54:28.230,6.62044,6.62131,2.03,1.50
2012.09.11 06:54:28.357,6.62068,6.62131,2.03,1.50
2012.09.11 06:54:28.653,6.62044,6.62131,2.03,1.50
2012.09.11 06:54:28.718,6.62036,6.62131,2.03,1.50
2012.09.11 06:54:29.319,6.62036,6.62131,2.03,1.50
2012.09.11 06:54:30.401,6.62036,6.62137,2.03,2.03
2012.09.11 06:54:30.478,6.62036,6.62137,2.03,2.35
2012.09.11 06:54:31.297,6.61989,6.62092,2.03,2.03
2012.09.11 06:54:38.149,6.62012,6.62114,2.03,2.35
2012.09.11 06:54:39.180,6.62012,6.62114,2.03,2.03
2012.09.11 06:54:39.427,6.62035,6.62132,2.03,1.08
2012.09.11 06:54:40.153,6.62035,6.62136,2.03,2.03
2012.09.11 06:54:40.243,6.62061,6.62162,2.03,2.35
2012.09.11 06:54:40.599,6.62086,6.62186,2.03,2.35
2012.09.11 06:54:42.967,6.6206,6.62163,2.03,2.35
2012.09.11 06:54:44.577,6.62036,6.62137,2.03,2.03
2012.09.11 06:54:44.648,6.62034,6.62137,2.03,2.03
2012.09.11 06:54:46.042,6.62036,6.62137,2.03,2.03
2012.09.11 06:54:46.450,6.62061,6.62162,2.03,2.35
2012.09.11 06:54:48.900,6.62036,6.62101,2.03,2.03
2012.09.11 06:54:49.029,6.61998,6.62101,2.03,2.35
2012.09.11 06:54:49.102,6.62003,6.62106,2.03,2.35
2012.09.11 06:54:50.700,6.61977,6.6208,2.03,2.03
2012.09.11 06:54:52.430,6.62005,6.62103,2.03,3.10
2012.09.11 06:54:52.568,6.6197,6.6207,2.03,2.35
2012.09.11 06:54:53.318,6.61996,6.62094,2.03,2.35
2012.09.11 06:54:54.648,6.61963,6.62064,2.03,2.35
2012.09.11 06:54:54.944,6.61965,6.62064,2.03,2.35
2012.09.11 06:54:55.298,6.61988,6.62091,2.03,2.35
2012.09.11 06:54:56.807,6.62014,6.62113,2.03,1.08
2012.09.11 06:55:00.468,6.62014,6.62116,2.03,2.03
2012.09.11 06:55:01.492,6.62014,6.62104,2.03,2.03
2012.09.11 06:55:01.559,6.61978,6.62079,2.03,2.03
2012.09.11 06:55:03.072,6.62015,6.62104,2.03,2.03
2012.09.11 06:55:03.139,6.62015,6.62115,2.03,2.03
2012.09.11 06:55:05.088,6.62037,6.62138,2.03,2.35
2012.09.11 06:55:14.282,6.62059,6.62148,2.03,1.08
2012.09.11 06:55:15.430,6.62029,6.6213,2.03,2.03
2012.09.11 06:55:15.978,6.62036,6.6213,2.03,2.03
2012.09.11 06:55:16.360,6.62059,6.62162,2.03,2.35
2012.09.11 06:55:18.317,6.62059,6.62162,2.03,2.78
2012.09.11 06:55:23.279,6.62036,6.62134,2.03,2.03
2012.09.11 06:55:23.350,6.62033,6.62134,2.03,2.03
2012.09.11 06:55:24.970,6.62055,6.62155,2.03,1.13
2012.09.11 06:55:25.810,6.62055,6.62158,2.03,2.40
2012.09.11 06:55:27.680,6.62055,6.62158,2.03,2.03
2012.09.11 06:55:27.810,6.62057,6.62158,2.03,2.03
2012.09.11 06:55:28.307,6.62082,6.62172,2.03,1.45
2012.09.11 06:55:29.109,6.62108,6.62172,2.03,1.45
2012.09.11 06:55:29.617,6.62108,6.62172,2.03,1.08
2012.09.11 06:55:29.692,6.62073,6.62153,2.03,1.50
2012.09.11 06:55:31.820,6.62073,6.62132,2.03,1.50
2012.09.11 06:55:31.890,6.62048,6.62132,2.03,1.50
2012.09.11 06:55:35.609,6.62021,6.62122,2.03,1.50
2012.09.11 06:55:37.199,6.61989,6.6209,2.03,2.03
2012.09.11 06:55:37.328,6.61989,6.6209,2.03,2.78
2012.09.11 06:55:37.518,6.61965,6.62065,2.03,2.03
2012.09.11 06:55:37.591,6.61962,6.62059,2.03,1.50
2012.09.11 06:55:37.990,6.61962,6.62043,2.03,1.50
2012.09.11 06:55:39.429,6.61962,6.62018,2.03,1.08
2012.09.11 06:55:39.766,6.61912,6.62012,2.03,2.03
2012.09.11 06:55:39.914,6.61917,6.62012,2.03,2.78
2012.09.11 06:55:40.325,6.6194,6.62003,2.03,1.50
2012.09.11 06:55:40.405,6.61904,6.61973,2.03,1.50
2012.09.11 06:55:40.478,6.61874,6.61973,2.03,1.50
2012.09.11 06:55:43.250,6.61874,6.61975,2.03,2.03
2012.09.11 06:55:43.320,6.61874,6.61975,2.03,2.78
2012.09.11 06:55:43.521,6.61817,6.61963,2.03,1.08
2012.09.11 06:55:43.649,6.61817,6.61968,2.03,1.45
2012.09.11 06:55:43.721,6.6184,6.61968,2.03,1.45
2012.09.11 06:55:44.720,6.61841,6.61968,2.03,1.45
2012.09.11 06:55:45.046,6.61841,6.61963,2.03,1.08
2012.09.11 06:55:45.259,6.61823,6.61945,2.03,2.78
2012.09.11 06:55:45.604,6.61823,6.61945,2.03,2.78
2012.09.11 06:55:45.942,6.61823,6.61923,2.03,1.08
2012.09.11 06:55:46.497,6.61823,6.61932,2.03,1.08
2012.09.11 06:55:46.698,6.61823,6.61892,2.03,1.50
2012.09.11 06:55:47.040,6.61799,6.61823,2.03,1.50
2012.09.11 06:55:47.388,6.61691,6.61823,2.03,1.50
2012.09.11 06:55:47.780,6.61667,6.61823,2.03,1.50
2012.09.11 06:55:47.976,6.61741,6.61932,2.03,1.68
2012.09.11 06:55:48.893,6.61761,6.61922,2.03,1.13
2012.09.11 06:55:48.971,6.61733,6.61922,2.40,1.13
2012.09.11 06:55:49.170,6.61733,6.61898,2.40,1.13
2012.09.11 06:55:49.499,6.61673,6.61858,3.53,2.78
2012.09.11 06:55:50.082,6.61675,6.61856,2.78,2.40
2012.09.11 06:55:50.163,6.61658,6.61822,1.50,1.08
2012.09.11 06:55:50.501,6.61647,6.61811,2.78,1.50
2012.09.11 06:55:51.234,6.61647,6.61775,2.03,1.13
2012.09.11 06:55:52.167,6.61589,6.61732,2.03,1.83
2012.09.11 06:55:52.286,6.61606,6.61722,2.03,1.13
2012.09.11 06:55:52.360,6.6163,6.61722,2.03,1.13
2012.09.11 06:55:53.243,6.6163,6.61733,2.03,1.13
2012.09.11 06:55:54.243,6.61588,6.61741,2.03,1.13
2012.09.11 06:55:55.350,6.61612,6.61741,2.03,1.13
2012.09.11 06:55:55.624,6.61635,6.61781,2.03,1.13
2012.09.11 06:55:55.760,6.61635,6.61787,2.40,1.50
2012.09.11 06:55:56.148,6.61659,6.61793,2.03,1.83
2012.09.11 06:55:56.223,6.61659,6.61793,2.03,1.08
2012.09.11 06:55:56.784,6.61659,6.61802,2.03,1.50
2012.09.11 06:55:58.258,6.61659,6.61808,2.03,1.50
2012.09.11 06:55:59.711,6.61659,6.61808,2.03,1.88
2012.09.11 06:55:59.839,6.61662,6.61808,2.03,1.88
2012.09.11 06:56:00.153,6.61685,6.61832,2.03,1.13
2012.09.11 06:56:00.230,6.61685,6.61853,2.78,1.50
2012.09.11 06:56:00.419,6.6171,6.61853,2.03,1.50
2012.09.11 06:56:00.550,6.61718,6.61853,2.03,1.13
2012.09.11 06:56:00.737,6.61718,6.61861,2.03,1.50
2012.09.11 06:56:00.951,6.61718,6.61873,2.03,1.45
2012.09.11 06:56:01.952,6.61748,6.61881,2.03,1.50
2012.09.11 06:56:02.640,6.61748,6.61881,2.03,1.50
2012.09.11 06:56:02.708,6.61748,6.61881,2.03,1.50
2012.09.11 06:56:03.289,6.61748,6.61881,2.03,1.50
2012.09.11 06:56:04.411,6.61748,6.61847,2.03,1.50
2012.09.11 06:56:04.480,6.61748,6.61847,2.03,1.83
2012.09.11 06:56:04.620,6.61701,6.61847,2.03,1.50
2012.09.11 06:56:04.979,6.61727,6.61853,2.03,1.50
2012.09.11 06:56:05.959,6.61727,6.61862,2.03,2.25
2012.09.11 06:56:06.624,6.61757,6.61893,2.03,1.13
2012.09.11 06:56:06.700,6.61757,6.61893,2.03,1.50
2012.09.11 06:56:08.589,6.6177,6.61894,2.03,1.50
2012.09.11 06:56:08.782,6.61754,6.61882,2.03,1.50
2012.09.11 06:56:09.180,6.61754,6.61893,2.03,1.13
2012.09.11 06:56:09.409,6.61754,6.61876,2.03,1.13
2012.09.11 06:56:09.717,6.61754,6.61876,2.03,1.45
2012.09.11 06:56:10.569,6.61754,6.61873,2.03,1.08
2012.09.11 06:56:10.908,6.61766,6.61862,2.03,1.13
2012.09.11 06:56:11.282,6.61766,6.61873,2.03,1.45
2012.09.11 06:56:11.349,6.61766,6.61876,2.03,1.45
2012.09.11 06:56:11.719,6.6179,6.61878,2.03,1.08
2012.09.11 06:56:12.310,6.6179,6.61898,2.03,1.13
2012.09.11 06:56:12.545,6.6179,6.61899,2.03,2.78
2012.09.11 06:56:13.055,6.61811,6.61916,2.03,1.08
2012.09.11 06:56:16.348,6.61811,6.61924,2.03,2.03
2012.09.11 06:56:16.800,6.61834,6.61939,2.03,2.03
2012.09.11 06:56:18.251,6.61864,6.61964,2.03,2.03
2012.09.11 06:56:18.331,6.61864,6.61971,2.03,2.03
2012.09.11 06:56:18.461,6.61871,6.61971,2.03,2.03
2012.09.11 06:56:18.872,6.61895,6.61992,2.03,1.83
2012.09.11 06:56:19.602,6.61895,6.62,2.03,2.73
2012.09.11 06:56:22.498,6.61895,6.62,2.03,2.40
2012.09.11 06:56:22.690,6.61905,6.62003,2.03,1.13
2012.09.11 06:56:23.309,6.61876,6.61998,2.03,2.03
2012.09.11 06:56:24.191,6.61876,6.61998,2.03,2.78
2012.09.11 06:56:24.391,6.61867,6.61991,2.03,2.40
2012.09.11 06:56:24.700,6.61867,6.61991,2.03,2.03
2012.09.11 06:56:25.941,6.61867,6.61991,2.03,2.78
2012.09.11 06:56:26.157,6.61867,6.61983,2.03,1.13
2012.09.11 06:56:26.409,6.61867,6.61991,2.03,2.03
2012.09.11 06:56:26.479,6.61867,6.61991,2.03,2.40
2012.09.11 06:56:26.798,6.61896,6.61997,2.03,1.08
2012.09.11 06:56:26.869,6.61896,6.61999,2.03,2.03
2012.09.11 06:56:27.180,6.61873,6.61967,2.03,2.03
2012.09.11 06:56:27.321,6.61871,6.61972,2.03,2.03
2012.09.11 06:56:28.235,6.61902,6.62003,2.03,2.03
2012.09.11 06:56:31.328,6.61927,6.62027,2.03,2.03
2012.09.11 06:56:33.050,6.61948,6.62051,2.03,2.03
2012.09.11 06:56:33.181,6.61992,6.62094,2.03,2.03
2012.09.11 06:56:34.810,6.62016,6.62119,2.03,2.03
2012.09.11 06:56:36.940,6.61992,6.62089,2.03,2.03
2012.09.11 06:56:37.019,6.61986,6.62089,2.03,2.03
2012.09.11 06:56:42.858,6.62012,6.62112,2.03,2.03
2012.09.11 06:56:43.397,6.62012,6.62113,2.03,2.03
2012.09.11 06:56:45.432,6.62045,6.62137,2.03,2.03
2012.09.11 06:56:45.511,6.62045,6.62145,2.03,2.03
2012.09.11 06:56:50.340,6.62045,6.62145,2.03,2.78
2012.09.11 06:56:50.409,6.62021,6.62114,2.03,1.50
2012.09.11 06:56:50.478,6.62019,6.62114,2.03,1.50
2012.09.11 06:56:50.669,6.61997,6.62097,2.03,2.40
2012.09.11 06:56:53.824,6.61997,6.62097,2.03,2.03
2012.09.11 06:56:54.248,6.61997,6.62097,2.03,2.78
2012.09.11 06:56:54.320,6.61973,6.62069,2.03,2.03
2012.09.11 06:56:54.388,6.61966,6.62069,2.03,2.03
2012.09.11 06:56:54.768,6.61966,6.62069,2.03,2.78
2012.09.11 06:56:55.340,6.61966,6.62069,2.03,2.03
2012.09.11 06:56:55.960,6.61968,6.62069,2.03,2.03
2012.09.11 06:56:56.271,6.61956,6.62063,2.03,2.03
2012.09.11 06:56:56.578,6.61959,6.62063,2.03,2.03
2012.09.11 06:56:56.649,6.61983,6.62092,2.03,2.03
2012.09.11 06:56:58.370,6.61987,6.6209,2.03,2.03
2012.09.11 06:57:00.710,6.61957,6.62066,2.03,2.03
2012.09.11 06:57:02.302,6.61981,6.62082,2.03,2.03
2012.09.11 06:57:04.208,6.62003,6.62106,2.03,2.03
2012.09.11 06:57:14.217,6.62026,6.62129,2.03,4.80
2012.09.11 06:57:15.341,6.62026,6.62129,2.03,2.03
2012.09.11 06:57:15.769,6.62052,6.6215,2.03,1.45
2012.09.11 06:57:15.989,6.62022,6.62123,2.03,2.03
2012.09.11 06:57:22.860,6.62049,6.6215,2.03,1.08
2012.09.11 06:57:23.589,6.62019,6.62119,2.03,2.03
2012.09.11 06:57:26.492,6.62045,6.62148,2.03,2.35
2012.09.11 06:57:35.490,6.62045,6.62148,2.03,2.03
2012.09.11 06:57:40.579,6.62056,6.62157,2.03,2.03
2012.09.11 06:57:45.088,6.62056,6.62157,2.03,2.78
2012.09.11 06:57:45.463,6.62032,6.62127,2.03,2.03
2012.09.11 06:57:45.538,6.62024,6.62127,2.03,2.03
2012.09.11 06:57:46.350,6.62056,6.62151,2.03,2.03
2012.09.11 06:57:46.666,6.62056,6.62151,2.03,2.78
2012.09.11 06:57:46.747,6.61998,6.62101,2.03,2.03
2012.09.11 06:57:46.951,6.62051,6.62152,2.03,3.15
2012.09.11 06:57:47.081,6.62026,6.62127,2.03,2.03
2012.09.11 06:57:47.150,6.62024,6.62127,2.03,2.03
2012.09.11 06:57:47.790,6.62,6.62101,2.03,2.03
2012.09.11 06:57:47.860,6.61998,6.62101,2.03,2.03
2012.09.11 06:57:47.930,6.62035,6.62136,2.03,2.35
2012.09.11 06:57:49.373,6.62035,6.6213,2.03,1.50
2012.09.11 06:57:49.579,6.61988,6.62091,2.03,2.03
2012.09.11 06:57:52.188,6.61962,6.62065,2.03,2.03
2012.09.11 06:57:54.680,6.61937,6.62038,2.03,2.03
2012.09.11 06:57:55.103,6.61913,6.62013,2.03,2.03
2012.09.11 06:57:55.182,6.6191,6.62013,2.03,2.03
2012.09.11 06:57:55.260,6.61936,6.62039,2.03,2.35
2012.09.11 06:57:55.328,6.61936,6.62039,2.03,2.03
2012.09.11 06:57:57.906,6.61963,6.62066,2.03,2.03
2012.09.11 06:57:58.971,6.62001,6.62093,2.03,1.08
2012.09.11 06:57:59.162,6.61969,6.62071,2.03,2.03
2012.09.11 06:58:00.743,6.61997,6.62083,2.03,1.08
2012.09.11 06:58:01.295,6.61997,6.62083,2.03,1.08
2012.09.11 06:58:02.000,6.61997,6.62092,2.03,1.08
2012.09.11 06:58:02.447,6.61963,6.62066,2.03,2.03
2012.09.11 06:58:04.999,6.61989,6.62089,2.03,2.73
2012.09.11 06:58:06.140,6.61989,6.62083,2.03,1.08
2012.09.11 06:58:06.340,6.61979,6.62073,2.03,2.78
2012.09.11 06:58:06.529,6.61979,6.6208,2.03,2.03
2012.09.11 06:58:09.449,6.62021,6.62105,2.03,2.03
2012.09.11 06:58:09.521,6.62021,6.62122,2.03,2.03
2012.09.11 06:58:11.836,6.62021,6.6212,2.03,2.03
2012.09.11 06:58:11.910,6.6199,6.62095,2.03,2.03
2012.09.11 06:58:12.512,6.62016,6.62116,2.03,2.03
2012.09.11 06:58:15.048,6.62016,6.62116,2.03,2.78
2012.09.11 06:58:15.359,6.62016,6.6209,2.03,1.08
2012.09.11 06:58:15.430,6.61979,6.62074,2.03,2.03
2012.09.11 06:58:15.501,6.61948,6.62049,2.03,2.03
2012.09.11 06:58:17.139,6.61981,6.62074,2.03,2.78
2012.09.11 06:58:17.211,6.61981,6.62084,2.03,2.03
2012.09.11 06:58:20.900,6.62005,6.62106,2.03,2.03
2012.09.11 06:58:22.468,6.62005,6.62106,2.03,2.78
2012.09.11 06:58:22.781,6.61978,6.62079,2.03,2.03
2012.09.11 06:58:25.139,6.61945,6.62045,2.03,2.03
2012.09.11 06:58:28.920,6.61945,6.62045,2.03,2.78
2012.09.11 06:58:29.229,6.6191,6.62011,2.03,2.03
2012.09.11 06:58:31.431,6.61938,6.62038,2.03,2.35
2012.09.11 06:58:35.713,6.61914,6.62008,2.03,2.03
2012.09.11 06:58:35.788,6.61906,6.62008,2.03,2.03
2012.09.11 06:58:35.859,6.61931,6.62032,2.03,2.35
2012.09.11 06:58:38.169,6.61931,6.62034,2.03,2.03
2012.09.11 06:58:38.639,6.61931,6.61981,2.03,1.50
2012.09.11 06:58:38.830,6.61886,6.61981,2.03,1.50
2012.09.11 06:58:38.900,6.61862,6.61965,2.03,2.03
2012.09.11 06:58:39.029,6.61887,6.61987,2.03,2.35
2012.09.11 06:58:39.285,6.6192,6.62023,2.03,2.03
2012.09.11 06:58:40.370,6.6192,6.62006,2.03,2.03
2012.09.11 06:58:40.679,6.6188,6.61981,2.03,2.78
2012.09.11 06:58:41.132,6.6188,6.61981,2.03,2.03
2012.09.11 06:58:41.725,6.6193,6.62006,2.03,2.03
2012.09.11 06:58:41.799,6.6193,6.6203,2.03,2.03
2012.09.11 06:58:43.048,6.61942,6.6203,2.03,2.03
2012.09.11 06:58:43.309,6.62005,6.62108,2.03,2.03
2012.09.11 06:58:43.437,6.62005,6.62108,2.03,2.78
2012.09.11 06:58:43.507,6.62005,6.62108,2.03,2.03
2012.09.11 06:58:44.668,6.62032,6.62154,2.03,2.03
2012.09.11 06:58:46.976,6.62057,6.62179,2.03,2.03
2012.09.11 06:58:47.960,6.62082,6.62206,2.03,2.78
2012.09.11 06:58:48.221,6.62083,6.62205,2.03,2.03
2012.09.11 06:58:48.408,6.62128,6.6223,2.03,4.80
2012.09.11 06:58:48.477,6.62128,6.6223,2.03,2.03
2012.09.11 06:58:49.310,6.6215,6.62253,4.05,2.03
2012.09.11 06:58:49.377,6.62174,6.62275,2.03,2.03
2012.09.11 06:58:55.713,6.62174,6.62273,2.03,2.03
2012.09.11 06:58:55.777,6.62147,6.62248,2.03,2.03
2012.09.11 06:58:57.208,6.62169,6.62276,2.03,2.03
2012.09.11 06:58:59.499,6.62181,6.62276,2.03,2.03
2012.09.11 06:58:59.570,6.62205,6.62312,2.03,2.03
2012.09.11 06:58:59.640,6.62206,6.62317,2.03,2.03
2012.09.11 06:59:01.259,6.62209,6.62317,2.03,2.03
2012.09.11 06:59:01.758,6.62232,6.62339,2.03,2.03
2012.09.11 06:59:08.230,6.62232,6.62338,2.03,2.03
2012.09.11 06:59:08.649,6.62211,6.62314,2.03,2.03
2012.09.11 06:59:10.831,6.62235,6.62338,2.03,2.03
2012.09.11 06:59:11.207,6.62235,6.62338,2.78,2.03
2012.09.11 06:59:11.458,6.62235,6.62338,2.78,2.03
2012.09.11 06:59:11.708,6.6226,6.62363,2.03,2.03
2012.09.11 06:59:14.580,6.6226,6.62363,2.78,2.03
2012.09.11 06:59:14.889,6.62284,6.62385,2.03,2.03
2012.09.11 06:59:15.080,6.62284,6.62385,2.78,2.03
2012.09.11 06:59:15.269,6.62284,6.62385,2.78,2.03
2012.09.11 06:59:15.342,6.62307,6.6241,2.03,2.03
2012.09.11 06:59:15.920,6.62307,6.6241,2.03,2.40
2012.09.11 06:59:15.990,6.62307,6.6241,2.03,2.03
2012.09.11 06:59:16.719,6.62283,6.62377,2.03,2.03
2012.09.11 06:59:16.842,6.62274,6.62377,2.03,2.03
2012.09.11 06:59:16.967,6.62274,6.62377,2.78,2.03
2012.09.11 06:59:19.351,6.623,6.624,2.03,2.03
2012.09.11 06:59:19.890,6.623,6.62401,2.78,2.03
2012.09.11 06:59:20.020,6.62331,6.62425,2.78,2.03
2012.09.11 06:59:20.374,6.62331,6.62432,2.78,2.03
2012.09.11 06:59:21.468,6.62331,6.62432,2.78,2.03
2012.09.11 06:59:21.897,6.62355,6.62456,2.78,2.03
2012.09.11 06:59:22.960,6.62358,6.62456,1.50,2.03
2012.09.11 06:59:23.148,6.6238,6.62481,2.78,2.03
2012.09.11 06:59:24.259,6.62403,6.62504,2.03,2.03
2012.09.11 06:59:24.692,6.62426,6.62527,2.03,2.03
2012.09.11 06:59:29.939,6.62426,6.62527,2.78,2.03
2012.09.11 06:59:31.031,6.62428,6.62527,2.78,2.03
2012.09.11 06:59:31.100,6.62452,6.62555,2.40,2.03
2012.09.11 06:59:32.058,6.62479,6.6258,2.03,2.03
2012.09.11 06:59:32.912,6.62504,6.62604,2.03,2.03
2012.09.11 06:59:33.050,6.62504,6.62607,2.03,2.03
2012.09.11 06:59:33.192,6.62504,6.62604,2.03,2.40
2012.09.11 06:59:33.341,6.62479,6.6258,2.03,2.03
2012.09.11 06:59:33.660,6.62479,6.6258,2.03,2.78
2012.09.11 06:59:33.991,6.62371,6.62512,2.03,2.03
2012.09.11 06:59:34.960,6.62413,6.62554,2.03,2.03
2012.09.11 06:59:35.178,6.62396,6.62498,2.03,2.03
2012.09.11 06:59:36.868,6.62396,6.62498,2.78,2.03
2012.09.11 06:59:37.205,6.62447,6.62521,2.03,2.03
2012.09.11 06:59:37.282,6.62421,6.62524,2.03,2.03
2012.09.11 06:59:37.419,6.62398,6.62493,3.53,2.03
2012.09.11 06:59:37.609,6.6239,6.62493,2.78,2.03
2012.09.11 06:59:39.609,6.62422,6.62523,2.03,2.03
2012.09.11 06:59:42.249,6.62396,6.62499,2.03,2.03
2012.09.11 06:59:43.649,6.62399,6.62499,2.03,2.03
2012.09.11 06:59:43.991,6.62423,6.62526,2.03,2.03
2012.09.11 06:59:44.140,6.62388,6.62489,2.40,2.03
2012.09.11 06:59:44.681,6.62388,6.62489,2.03,2.03
2012.09.11 06:59:45.013,6.62357,6.62458,2.03,2.03
2012.09.11 06:59:45.408,6.62359,6.62458,2.03,2.03
2012.09.11 06:59:45.500,6.62382,6.62485,2.03,2.03
2012.09.11 06:59:46.412,6.6241,6.62508,2.03,2.03
2012.09.11 06:59:46.497,6.6241,6.6251,2.03,2.03
2012.09.11 06:59:50.951,6.62424,6.6251,1.35,2.03
2012.09.11 06:59:51.262,6.62437,6.6251,2.64,2.03
2012.09.11 06:59:51.581,6.6241,6.6251,2.03,2.03
2012.09.11 06:59:51.776,6.6241,6.62506,2.03,2.03
2012.09.11 06:59:51.852,6.62379,6.62482,2.03,2.03
2012.09.11 06:59:52.414,6.62379,6.62482,2.78,2.03
2012.09.11 06:59:52.608,6.62402,6.62505,2.03,4.05
2012.09.11 06:59:53.192,6.62381,6.62481,2.78,2.03
2012.09.11 06:59:53.388,6.62409,6.62505,2.03,2.03
2012.09.11 06:59:53.518,6.62409,6.62511,2.03,2.03
2012.09.11 06:59:54.709,6.62435,6.62534,2.03,3.10
2012.09.11 06:59:56.960,6.62435,6.62536,2.03,2.35
2012.09.11 06:59:57.148,6.62464,6.62565,2.03,2.73
2012.09.11 06:59:57.460,6.62464,6.62565,2.03,2.03
2012.09.11 06:59:57.708,6.62464,6.62565,2.03,2.78
2012.09.11 06:59:58.387,6.62432,6.62532,2.03,2.03
2012.09.11 06:59:58.758,6.62487,6.62532,1.89,2.03
2012.09.11 06:59:59.089,6.62539,6.62645,2.03,1.05
2012.09.11 06:59:59.158,6.62563,6.62686,2.03,2.03
2012.09.11 06:59:59.599,6.62538,6.62659,2.03,2.03
2012.09.11 06:59:59.889,6.62566,6.62688,2.03,2.03
