2009.08.21 09:00:00.370,7.1287,7.13225,2.40,3.20
2009.08.21 09:00:00.830,7.1298,7.13235,1.00,3.20
2009.08.21 09:00:01.340,7.1298,7.13195,1.00,1.60
2009.08.21 09:00:01.980,7.1278,7.13145,2.40,1.60
2009.08.21 09:00:03.079,7.1294,7.13175,1.00,1.60
2009.08.21 09:00:04.219,7.13,7.132,1.00,1.60
2009.08.21 09:00:04.859,7.1301,7.13225,1.00,1.60
2009.08.21 09:00:05.491,7.1301,7.1321,1.00,1.60
2009.08.21 09:00:05.609,7.1302,7.1321,1.00,1.60
2009.08.21 09:00:06.169,7.1301,7.13225,1.00,1.60
2009.08.21 09:00:06.649,7.13,7.13225,1.00,1.60
2009.08.21 09:00:07.278,7.13,7.1322,1.00,1.60
2009.08.21 09:00:08.568,7.13,7.1321,1.00,1.70
2009.08.21 09:00:09.318,7.13,7.13195,1.00,1.60
2009.08.21 09:00:11.778,7.1296,7.1317,1.00,1.60
2009.08.21 09:00:12.247,7.1292,7.13145,1.00,1.60
2009.08.21 09:00:12.357,7.1287,7.1312,1.00,1.00
2009.08.21 09:00:13.197,7.129,7.1314,1.00,3.20
2009.08.21 09:00:13.907,7.1298,7.13195,1.00,1.00
2009.08.21 09:00:14.367,7.1293,7.1316,1.00,1.60
2009.08.21 09:00:15.067,7.1295,7.13175,1.00,1.60
2009.08.21 09:00:16.137,7.13,7.13195,1.00,1.60
2009.08.21 09:00:16.596,7.13,7.13185,1.00,1.60
2009.08.21 09:00:17.276,7.13,7.132,1.00,1.60
2009.08.21 09:00:17.656,7.13,7.13195,1.00,1.60
2009.08.21 09:00:18.346,7.13,7.1316,1.00,1.60
2009.08.21 09:00:19.336,7.1295,7.13135,1.00,1.60
2009.08.21 09:00:20.756,7.1295,7.13145,1.00,1.60
2009.08.21 09:00:20.925,7.1295,7.13145,1.00,1.60
2009.08.21 09:00:22.195,7.1295,7.13135,1.00,1.60
2009.08.21 09:00:22.765,7.1295,7.13145,1.00,1.60
2009.08.21 09:00:23.285,7.1295,7.1316,1.00,1.70
2009.08.21 09:00:23.974,7.1296,7.1316,1.00,1.60
2009.08.21 09:00:24.694,7.1296,7.1317,1.00,1.60
2009.08.21 09:00:25.404,7.13,7.1316,1.00,1.60
2009.08.21 09:00:25.914,7.13,7.1317,1.00,1.60
2009.08.21 09:00:26.325,7.13,7.13185,1.00,1.60
2009.08.21 09:00:46.419,7.13,7.132,1.00,1.60
2009.08.21 09:00:54.767,7.1301,7.1321,1.00,1.60
2009.08.21 09:00:55.677,7.1302,7.1325,1.00,1.70
2009.08.21 09:00:56.327,7.1302,7.13235,1.00,1.00
2009.08.21 09:00:56.627,7.1305,7.1325,1.00,1.70
2009.08.21 09:01:01.995,7.1301,7.1321,1.00,1.60
2009.08.21 09:01:02.505,7.13,7.1314,1.00,1.00
2009.08.21 09:01:03.145,7.13,7.1314,1.00,1.00
2009.08.21 09:01:03.495,7.1301,7.13245,1.00,1.60
2009.08.21 09:01:03.946,7.1305,7.13255,1.00,1.00
2009.08.21 09:01:04.515,7.1305,7.1327,1.00,1.70
2009.08.21 09:01:05.495,7.1301,7.13225,1.00,1.60
2009.08.21 09:01:06.514,7.1289,7.13225,1.60,1.60
2009.08.21 09:01:06.634,7.13035,7.1347,1.00,1.00
2009.08.21 09:01:08.874,7.1309,7.1343,1.00,1.00
2009.08.21 09:01:09.694,7.131,7.1343,1.00,1.00
2009.08.21 09:01:10.374,7.1311,7.1343,1.00,1.00
2009.08.21 09:01:13.773,7.1301,7.1343,1.60,1.00
2009.08.21 09:01:14.454,7.1301,7.1347,1.60,3.20
2009.08.21 09:01:14.832,7.1304,7.1348,1.60,1.00
2009.08.21 09:01:16.324,7.1314,7.1348,1.00,1.00
2009.08.21 09:01:17.612,7.1317,7.1348,1.00,1.00
2009.08.21 09:01:23.410,7.1318,7.1348,1.00,1.00
2009.08.21 09:01:27.159,7.1315,7.1348,1.00,1.00
2009.08.21 09:01:27.329,7.1308,7.1348,1.50,1.00
2009.08.21 09:01:27.739,7.1316,7.1348,1.00,1.00
2009.08.21 09:01:27.919,7.1313,7.1348,1.00,1.00
2009.08.21 09:01:40.166,7.1308,7.1348,1.50,1.00
2009.08.21 09:01:40.576,7.1315,7.1348,1.00,1.00
2009.08.21 09:01:42.875,7.1308,7.1348,1.50,1.00
2009.08.21 09:01:49.204,7.1318,7.1354,1.00,3.20
2009.08.21 09:01:50.394,7.1323,7.1354,1.00,3.20
2009.08.21 09:01:51.434,7.132,7.135,1.00,1.00
2009.08.21 09:01:52.234,7.132,7.1354,1.00,3.20
2009.08.21 09:01:52.943,7.1318,7.13495,1.00,1.00
2009.08.21 09:01:53.403,7.132,7.1354,1.00,3.20
2009.08.21 09:01:53.763,7.1323,7.1354,1.00,3.20
2009.08.21 09:02:01.981,7.1318,7.1358,1.50,1.00
2009.08.21 09:02:03.230,7.1325,7.1358,1.00,1.00
2009.08.21 09:02:03.683,7.1318,7.1358,1.50,1.00
2009.08.21 09:02:03.970,7.1325,7.1358,1.00,1.00
2009.08.21 09:02:04.611,7.1318,7.1358,1.50,1.00
2009.08.21 09:02:04.970,7.13175,7.1358,2.40,1.00
2009.08.21 09:02:05.650,7.1325,7.1358,1.00,1.00
2009.08.21 09:02:21.346,7.1318,7.1358,1.50,1.00
2009.08.21 09:02:26.866,7.1325,7.1358,1.00,1.00
2009.08.21 09:02:34.863,7.1323,7.1358,1.00,1.00
2009.08.21 09:02:35.373,7.1323,7.13545,1.00,1.00
2009.08.21 09:02:36.343,7.1328,7.1359,1.00,3.20
2009.08.21 09:02:37.793,7.1325,7.1359,1.00,3.20
2009.08.21 09:02:50.529,7.1323,7.13545,1.00,1.00
2009.08.21 09:02:56.168,7.1325,7.1359,1.00,3.20
2009.08.21 09:02:56.288,7.1323,7.13545,1.00,1.00
2009.08.21 09:02:56.638,7.1323,7.1359,1.00,4.80
2009.08.21 09:02:56.798,7.1325,7.1359,1.00,3.20
2009.08.21 09:02:57.557,7.1325,7.1359,1.00,4.80
2009.08.21 09:02:57.887,7.1323,7.13545,1.00,1.00
2009.08.21 09:02:59.197,7.132,7.13545,1.00,1.00
2009.08.21 09:03:00.228,7.132,7.1354,1.00,3.20
2009.08.21 09:03:01.027,7.1318,7.1354,1.00,3.20
2009.08.21 09:03:01.427,7.1318,7.13495,1.00,1.00
2009.08.21 09:03:02.406,7.1322,7.13495,1.00,1.00
2009.08.21 09:03:03.516,7.1318,7.13495,1.00,1.00
2009.08.21 09:03:04.096,7.1318,7.1349,1.00,3.20
2009.08.21 09:03:09.005,7.1317,7.1349,1.00,3.20
2009.08.21 09:03:09.355,7.1319,7.1349,1.00,3.20
2009.08.21 09:03:11.154,7.1319,7.1349,1.60,3.20
2009.08.21 09:03:11.565,7.1319,7.1349,1.60,2.40
2009.08.21 09:03:11.914,7.1319,7.13495,1.60,1.00
2009.08.21 09:03:12.974,7.1322,7.13495,1.00,1.00
2009.08.21 09:03:13.384,7.1322,7.135,1.00,2.40
2009.08.21 09:03:14.254,7.1325,7.1356,1.00,1.00
2009.08.21 09:03:14.715,7.1328,7.13585,1.00,1.00
2009.08.21 09:03:15.353,7.1325,7.13585,1.00,1.00
2009.08.21 09:03:15.923,7.1326,7.13585,1.00,1.00
2009.08.21 09:03:18.853,7.1325,7.13545,1.00,1.00
2009.08.21 09:03:19.542,7.1326,7.13545,1.00,1.00
2009.08.21 09:03:22.692,7.1327,7.13555,1.00,3.20
2009.08.21 09:03:22.931,7.1328,7.13555,1.00,3.20
2009.08.21 09:03:23.771,7.1322,7.13545,1.00,1.00
2009.08.21 09:03:27.910,7.1323,7.13545,1.00,1.00
2009.08.21 09:03:28.800,7.1324,7.13545,1.00,1.00
2009.08.21 09:03:30.580,7.1324,7.13585,1.00,1.00
2009.08.21 09:03:30.690,7.1328,7.13585,1.00,1.00
2009.08.21 09:03:31.160,7.1328,7.13585,1.60,1.00
2009.08.21 09:03:31.569,7.1328,7.13585,1.00,1.00
2009.08.21 09:03:33.309,7.1328,7.1357,1.00,2.40
2009.08.21 09:03:33.659,7.1328,7.13565,1.00,1.00
2009.08.21 09:03:34.359,7.1328,7.1356,1.00,1.00
2009.08.21 09:03:34.599,7.1329,7.1356,1.00,1.00
2009.08.21 09:03:35.468,7.133,7.1356,1.00,1.00
2009.08.21 09:03:35.808,7.1328,7.1356,1.60,1.00
2009.08.21 09:03:36.318,7.1331,7.13595,1.00,1.00
2009.08.21 09:03:39.847,7.1328,7.13595,1.00,1.00
2009.08.21 09:03:41.837,7.13295,7.13595,1.00,1.00
2009.08.21 09:03:44.186,7.133,7.13595,1.00,1.00
2009.08.21 09:03:44.706,7.1331,7.13605,1.00,3.20
2009.08.21 09:03:45.946,7.13295,7.13605,1.00,3.20
2009.08.21 09:03:46.636,7.1332,7.13605,1.00,3.20
2009.08.21 09:03:47.805,7.1333,7.13605,1.00,3.20
2009.08.21 09:03:50.925,7.1333,7.13605,1.00,2.40
2009.08.21 09:03:51.035,7.1333,7.13625,1.00,3.20
2009.08.21 09:03:51.385,7.1333,7.13625,1.60,3.20
2009.08.21 09:03:53.084,7.1335,7.13625,1.00,3.20
2009.08.21 09:03:53.314,7.1333,7.13625,1.60,3.20
2009.08.21 09:03:54.524,7.1335,7.13625,1.00,3.20
2009.08.21 09:03:54.864,7.1333,7.13625,1.60,3.20
2009.08.21 09:03:55.224,7.1335,7.13625,1.00,3.20
2009.08.21 09:04:02.132,7.1337,7.13625,1.00,3.20
2009.08.21 09:04:08.981,7.1338,7.1364,1.00,1.60
2009.08.21 09:04:10.000,7.1338,7.13635,1.00,1.00
2009.08.21 09:04:10.690,7.1337,7.1357,1.00,1.00
2009.08.21 09:04:11.030,7.1338,7.1357,1.00,1.00
2009.08.21 09:04:31.695,7.1338,7.1357,1.00,1.00
2009.08.21 09:04:32.105,7.1338,7.1364,1.00,1.60
2009.08.21 09:04:32.495,7.13355,7.13605,1.00,3.20
2009.08.21 09:04:33.585,7.1333,7.1354,1.00,1.00
2009.08.21 09:04:33.984,7.1333,7.1354,1.00,1.00
2009.08.21 09:04:34.665,7.133,7.13625,1.00,3.20
2009.08.21 09:04:34.964,7.1333,7.13625,1.00,3.20
2009.08.21 09:04:35.994,7.1338,7.13625,1.00,2.40
2009.08.21 09:04:36.054,7.1338,7.13625,1.00,3.20
2009.08.21 09:04:36.624,7.1336,7.1364,1.00,2.40
2009.08.21 09:04:38.833,7.1336,7.1364,1.00,1.00
2009.08.21 09:04:39.513,7.1336,7.13605,1.00,1.00
2009.08.21 09:04:40.163,7.1333,7.13605,1.00,1.00
2009.08.21 09:04:42.123,7.1338,7.1362,1.00,1.00
2009.08.21 09:04:42.832,7.1334,7.1362,1.00,1.00
2009.08.21 09:04:50.202,7.1337,7.1365,1.00,1.00
2009.08.21 09:04:50.721,7.1339,7.13675,1.00,3.20
2009.08.21 09:04:55.369,7.134,7.13675,1.00,3.20
2009.08.21 09:04:57.569,7.1335,7.1364,1.00,1.00
2009.08.21 09:04:58.668,7.13315,7.1364,1.00,1.00
2009.08.21 09:04:59.258,7.1332,7.1364,2.00,1.00
2009.08.21 09:04:59.898,7.1337,7.13655,1.00,3.20
2009.08.21 09:05:01.847,7.1338,7.13655,1.00,3.20
2009.08.21 09:05:03.107,7.1339,7.13665,1.00,1.00
2009.08.21 09:05:03.267,7.134,7.13665,1.00,1.00
2009.08.21 09:05:03.847,7.134,7.1364,1.00,1.60
2009.08.21 09:05:04.357,7.1339,7.1364,1.00,1.70
2009.08.21 09:05:04.767,7.134,7.13665,1.00,1.00
2009.08.21 09:05:06.327,7.1341,7.136,1.00,1.00
2009.08.21 09:05:06.796,7.1328,7.13685,1.00,1.00
2009.08.21 09:05:07.456,7.1331,7.13675,1.00,1.00
2009.08.21 09:05:08.976,7.1338,7.1366,1.00,1.00
2009.08.21 09:05:09.386,7.1338,7.1364,1.00,1.60
2009.08.21 09:05:09.966,7.1338,7.1364,1.00,1.00
2009.08.21 09:05:10.306,7.1338,7.1366,1.00,1.00
2009.08.21 09:05:11.476,7.1339,7.1366,1.00,1.00
2009.08.21 09:05:12.365,7.134,7.1366,1.00,1.00
2009.08.21 09:05:13.685,7.1341,7.1366,1.00,1.00
2009.08.21 09:05:15.254,7.1339,7.1364,1.00,2.40
2009.08.21 09:05:15.894,7.1341,7.1364,1.00,2.60
2009.08.21 09:05:16.454,7.134,7.1364,1.00,2.60
2009.08.21 09:05:17.674,7.1341,7.1364,1.00,2.40
2009.08.21 09:05:17.894,7.1339,7.1364,1.00,2.40
2009.08.21 09:05:18.505,7.1341,7.1364,1.00,2.60
2009.08.21 09:05:19.083,7.1339,7.13615,1.00,3.20
2009.08.21 09:05:19.963,7.1336,7.13615,1.00,3.20
2009.08.21 09:05:20.873,7.13345,7.13615,1.00,3.20
2009.08.21 09:05:21.543,7.1336,7.13615,1.00,3.20
2009.08.21 09:05:21.883,7.1339,7.13615,1.00,3.20
2009.08.21 09:05:23.042,7.1336,7.13615,1.00,3.20
2009.08.21 09:05:23.555,7.1339,7.13635,1.00,3.20
2009.08.21 09:05:24.152,7.1342,7.1368,1.00,3.40
2009.08.21 09:05:24.803,7.1341,7.1364,1.00,1.00
2009.08.21 09:05:25.072,7.1342,7.1364,1.00,2.40
2009.08.21 09:05:26.062,7.1342,7.1366,1.00,1.00
2009.08.21 09:05:26.292,7.1339,7.1366,1.00,1.00
2009.08.21 09:05:28.411,7.1342,7.1366,1.00,1.00
2009.08.21 09:05:29.601,7.1341,7.1359,1.00,1.00
2009.08.21 09:05:29.901,7.1341,7.1359,1.00,1.00
2009.08.21 09:05:30.841,7.1341,7.1357,1.00,1.00
2009.08.21 09:05:30.951,7.1342,7.1364,1.00,2.40
2009.08.21 09:05:31.070,7.1341,7.1357,1.00,1.00
2009.08.21 09:05:35.230,7.1341,7.1357,1.00,1.00
2009.08.21 09:05:35.639,7.1342,7.1364,1.00,2.40
2009.08.21 09:05:35.690,7.1341,7.1357,1.00,1.00
2009.08.21 09:05:36.620,7.1342,7.1357,1.00,1.00
2009.08.21 09:05:37.319,7.1342,7.1368,1.00,1.00
2009.08.21 09:05:37.599,7.1342,7.1359,1.00,1.00
2009.08.21 09:05:37.949,7.1342,7.1368,1.00,1.00
2009.08.21 09:05:41.058,7.1342,7.1359,1.00,1.00
2009.08.21 09:05:43.548,7.1342,7.1364,1.00,1.00
2009.08.21 09:05:44.178,7.1342,7.1357,1.00,1.00
2009.08.21 09:05:48.117,7.1347,7.137,1.00,1.00
2009.08.21 09:06:04.353,7.1334,7.1362,1.60,1.00
2009.08.21 09:06:05.632,7.1342,7.1364,1.00,1.60
2009.08.21 09:06:06.022,7.1342,7.1358,1.00,2.40
2009.08.21 09:06:06.142,7.1343,7.1364,1.00,1.60
2009.08.21 09:06:06.552,7.1338,7.1364,1.00,1.70
2009.08.21 09:06:07.182,7.1341,7.1364,1.00,1.60
2009.08.21 09:06:14.382,7.1341,7.1367,1.00,1.00
2009.08.21 09:06:15.040,7.134,7.1364,1.00,1.70
2009.08.21 09:06:15.690,7.134,7.13625,1.00,2.40
2009.08.21 09:06:15.810,7.1336,7.1362,1.00,1.00
2009.08.21 09:06:20.129,7.1341,7.1364,1.00,1.60
2009.08.21 09:06:21.169,7.1336,7.1362,1.00,1.00
2009.08.21 09:06:21.738,7.13235,7.1359,1.60,1.60
2009.08.21 09:06:22.689,7.1333,7.1359,1.00,1.70
2009.08.21 09:06:23.018,7.1334,7.1359,1.00,1.70
2009.08.21 09:06:24.748,7.1336,7.1349,1.00,1.00
2009.08.21 09:06:25.787,7.1336,7.1347,1.00,1.00
2009.08.21 09:06:27.397,7.13235,7.1347,1.60,1.00
2009.08.21 09:06:28.137,7.1334,7.1347,1.00,1.00
2009.08.21 09:06:28.377,7.13235,7.1347,1.60,1.00
2009.08.21 09:06:29.316,7.1335,7.1347,1.00,1.00
2009.08.21 09:06:31.546,7.13245,7.1347,1.60,1.00
2009.08.21 09:06:31.876,7.1339,7.1347,1.00,1.00
2009.08.21 09:06:32.386,7.1339,7.135,1.00,1.00
2009.08.21 09:06:33.086,7.134,7.135,1.00,1.00
2009.08.21 09:06:37.295,7.1339,7.135,1.00,1.00
2009.08.21 09:06:37.757,7.1336,7.135,1.00,1.00
2009.08.21 09:06:38.265,7.13235,7.135,1.60,1.00
2009.08.21 09:06:38.444,7.1338,7.135,1.00,1.00
2009.08.21 09:06:39.154,7.1334,7.135,1.00,1.00
2009.08.21 09:06:47.012,7.1337,7.135,1.00,1.00
2009.08.21 09:06:54.640,7.1341,7.135,1.00,1.00
2009.08.21 09:07:01.181,7.1342,7.135,1.00,1.00
2009.08.21 09:07:01.749,7.1342,7.13545,1.00,1.00
2009.08.21 09:07:02.389,7.1346,7.13545,1.00,1.00
2009.08.21 09:07:03.019,7.1341,7.13545,1.00,1.00
2009.08.21 09:07:03.778,7.1342,7.13545,1.00,1.00
2009.08.21 09:07:05.198,7.1346,7.13545,1.00,1.00
2009.08.21 09:07:05.968,7.1342,7.13545,1.00,1.00
2009.08.21 09:07:07.287,7.1341,7.13545,1.00,1.00
2009.08.21 09:07:09.479,7.1345,7.13545,1.00,1.00
2009.08.21 09:07:10.187,7.1341,7.13545,1.00,1.00
2009.08.21 09:07:10.938,7.1345,7.13545,1.00,1.00
2009.08.21 09:07:13.166,7.1345,7.13555,1.00,1.00
2009.08.21 09:07:13.556,7.1345,7.1371,1.00,2.50
2009.08.21 09:07:16.107,7.1346,7.1369,1.00,2.50
2009.08.21 09:07:19.065,7.1344,7.1367,1.00,1.00
2009.08.21 09:07:19.745,7.1346,7.13575,1.00,1.00
2009.08.21 09:07:19.965,7.1341,7.13575,1.00,1.00
2009.08.21 09:07:22.304,7.1343,7.13555,1.00,1.00
2009.08.21 09:07:22.424,7.1342,7.1376,1.00,3.20
2009.08.21 09:07:22.704,7.1343,7.1376,1.00,3.20
2009.08.21 09:07:22.943,7.1342,7.13775,1.00,2.40
2009.08.21 09:07:23.454,7.1342,7.13645,1.00,1.00
2009.08.21 09:07:24.473,7.13285,7.1369,1.60,1.00
2009.08.21 09:07:26.253,7.13305,7.1368,1.60,1.00
2009.08.21 09:07:26.653,7.1338,7.13575,1.00,1.00
2009.08.21 09:07:28.582,7.1345,7.13555,1.60,1.00
2009.08.21 09:07:28.922,7.1345,7.138,1.60,2.40
2009.08.21 09:07:29.282,7.1348,7.138,1.60,2.40
2009.08.21 09:07:29.632,7.1348,7.139,1.60,1.60
2009.08.21 09:07:29.992,7.1343,7.13845,1.60,1.00
2009.08.21 09:07:31.192,7.1352,7.13845,1.00,1.00
2009.08.21 09:07:31.771,7.1355,7.1378,1.00,1.00
2009.08.21 09:07:32.651,7.1357,7.1376,1.00,1.00
2009.08.21 09:07:32.871,7.1358,7.1374,1.00,1.00
2009.08.21 09:07:34.661,7.1359,7.1374,1.00,1.00
2009.08.21 09:07:36.241,7.1358,7.1374,1.00,1.00
2009.08.21 09:07:38.180,7.13585,7.1374,1.00,1.00
2009.08.21 09:07:38.832,7.1365,7.1374,2.00,1.00
2009.08.21 09:07:39.180,7.1365,7.1399,2.00,3.20
2009.08.21 09:07:41.469,7.137,7.139,1.00,1.00
2009.08.21 09:07:41.919,7.1373,7.1392,1.00,3.20
2009.08.21 09:07:43.369,7.1374,7.1392,1.00,3.20
2009.08.21 09:07:45.348,7.1378,7.13945,1.00,3.20
2009.08.21 09:07:50.897,7.1373,7.13905,1.00,1.00
2009.08.21 09:07:53.067,7.1373,7.13935,1.00,4.00
2009.08.21 09:07:54.776,7.1373,7.13935,1.00,2.40
2009.08.21 09:07:55.476,7.1378,7.13965,1.00,1.60
2009.08.21 09:07:55.996,7.1378,7.13975,1.00,1.60
2009.08.21 09:08:00.955,7.1378,7.1396,1.00,1.60
2009.08.21 09:08:01.834,7.1379,7.1399,1.00,1.60
2009.08.21 09:08:03.404,7.1376,7.1399,1.00,1.60
2009.08.21 09:08:03.874,7.1383,7.1403,1.00,1.00
2009.08.21 09:08:10.442,7.1378,7.1395,1.00,1.00
2009.08.21 09:08:10.902,7.1373,7.13935,1.00,1.60
2009.08.21 09:08:18.810,7.1363,7.1394,2.40,1.60
2009.08.21 09:08:19.140,7.1356,7.1379,4.70,1.00
2009.08.21 09:08:22.839,7.1355,7.1373,1.00,1.00
2009.08.21 09:08:25.549,7.1355,7.1376,1.00,1.00
2009.08.21 09:08:27.058,7.1357,7.1376,1.00,1.00
2009.08.21 09:08:30.697,7.1362,7.13805,1.00,1.00
2009.08.21 09:08:31.657,7.136,7.13805,1.00,1.00
2009.08.21 09:08:32.127,7.13585,7.13805,1.00,1.00
2009.08.21 09:08:32.777,7.1361,7.13805,2.40,1.00
2009.08.21 09:08:33.137,7.1361,7.138,2.40,1.00
2009.08.21 09:08:34.407,7.136,7.138,1.00,1.00
2009.08.21 09:08:34.857,7.1362,7.138,1.00,1.00
2009.08.21 09:08:38.605,7.136,7.138,1.00,1.00
2009.08.21 09:08:39.665,7.1362,7.138,1.00,1.00
2009.08.21 09:08:40.315,7.136,7.138,1.00,1.00
2009.08.21 09:08:41.725,7.136,7.138,1.50,1.00
2009.08.21 09:08:42.266,7.136,7.138,3.10,1.00
2009.08.21 09:08:42.854,7.136,7.13855,3.20,1.00
2009.08.21 09:08:43.094,7.136,7.138,1.00,1.00
2009.08.21 09:08:46.284,7.1357,7.138,1.00,1.00
2009.08.21 09:08:46.334,7.136,7.138,1.00,1.00
2009.08.21 09:08:51.972,7.1352,7.1373,1.00,1.00
2009.08.21 09:08:58.171,7.1351,7.1373,2.40,1.00
2009.08.21 09:08:59.191,7.135,7.13705,1.00,1.00
2009.08.21 09:09:01.490,7.1352,7.13705,1.00,1.00
2009.08.21 09:09:02.540,7.135,7.13705,1.00,1.00
2009.08.21 09:09:03.589,7.1347,7.13705,1.00,1.00
2009.08.21 09:09:05.269,7.135,7.13705,1.00,1.00
2009.08.21 09:09:08.398,7.1352,7.13705,1.00,1.00
2009.08.21 09:09:10.168,7.135,7.13705,1.00,1.00
2009.08.21 09:09:12.917,7.1352,7.13705,1.00,1.00
2009.08.21 09:09:15.007,7.1349,7.1368,3.10,1.60
2009.08.21 09:09:15.357,7.1347,7.13675,1.00,1.60
2009.08.21 09:09:16.746,7.1349,7.13615,1.00,1.00
2009.08.21 09:09:16.807,7.1349,7.13715,1.00,1.00
2009.08.21 09:09:16.926,7.1349,7.1375,1.00,1.00
2009.08.21 09:09:18.776,7.135,7.1373,1.00,1.00
2009.08.21 09:09:19.415,7.1351,7.1373,1.00,1.00
2009.08.21 09:09:20.925,7.1352,7.1373,1.00,1.00
2009.08.21 09:09:26.904,7.1347,7.1373,1.00,1.00
2009.08.21 09:09:27.485,7.135,7.1373,1.00,1.00
2009.08.21 09:09:28.134,7.1347,7.1373,1.00,1.00
2009.08.21 09:09:28.784,7.1347,7.13835,1.00,1.00
2009.08.21 09:09:29.193,7.135,7.13705,1.00,1.00
2009.08.21 09:09:30.253,7.1352,7.1379,1.00,1.00
2009.08.21 09:09:31.184,7.1347,7.1375,1.00,1.00
2009.08.21 09:09:31.693,7.1344,7.13665,1.00,1.60
2009.08.21 09:09:32.173,7.1344,7.1366,1.00,1.60
2009.08.21 09:09:34.452,7.1345,7.1366,1.00,1.60
2009.08.21 09:09:38.031,7.1341,7.1366,1.00,1.60
2009.08.21 09:09:38.481,7.1344,7.1366,1.00,1.60
2009.08.21 09:09:39.051,7.1345,7.1366,1.00,1.60
2009.08.21 09:09:39.691,7.1341,7.1366,1.00,1.60
2009.08.21 09:09:41.030,7.1346,7.1366,1.00,1.60
2009.08.21 09:09:41.930,7.1341,7.1366,1.00,1.60
2009.08.21 09:09:43.640,7.1346,7.1366,1.00,1.60
2009.08.21 09:09:48.399,7.1341,7.1358,1.00,1.00
2009.08.21 09:09:48.759,7.1342,7.1368,1.00,1.60
2009.08.21 09:09:53.317,7.1346,7.1366,1.00,1.60
2009.08.21 09:09:54.377,7.1346,7.13575,1.00,1.00
2009.08.21 09:09:55.427,7.1342,7.13555,1.00,1.00
2009.08.21 09:09:59.886,7.1343,7.13555,1.00,1.00
2009.08.21 09:10:00.516,7.1343,7.1362,1.00,1.00
2009.08.21 09:10:01.196,7.1341,7.13685,1.00,1.00
2009.08.21 09:10:03.588,7.1342,7.13685,1.00,1.00
2009.08.21 09:10:04.385,7.134,7.13645,1.00,2.40
2009.08.21 09:10:05.085,7.1319,7.1358,2.40,2.40
2009.08.21 09:10:05.494,7.1331,7.13575,1.00,1.60
2009.08.21 09:10:06.755,7.132,7.13535,2.40,1.60
2009.08.21 09:10:07.834,7.1308,7.13525,4.70,1.60
2009.08.21 09:10:08.074,7.13105,7.13395,2.30,1.00
2009.08.21 09:10:09.783,7.1313,7.13355,1.00,1.00
2009.08.21 09:10:10.513,7.1309,7.1336,1.00,1.00
2009.08.21 09:10:11.163,7.1304,7.1339,1.00,1.00
2009.08.21 09:10:11.283,7.1304,7.135,1.00,1.00
2009.08.21 09:10:11.753,7.1303,7.135,1.60,2.80
2009.08.21 09:10:12.213,7.1303,7.13585,1.60,1.60
2009.08.21 09:10:12.915,7.1301,7.1342,1.00,1.00
2009.08.21 09:10:12.973,7.1307,7.13515,1.00,1.00
2009.08.21 09:10:13.363,7.1311,7.13515,2.00,3.20
2009.08.21 09:10:14.633,7.1312,7.13475,1.00,3.20
2009.08.21 09:10:15.342,7.1302,7.13445,2.40,1.00
2009.08.21 09:10:15.992,7.1302,7.13445,1.60,1.00
2009.08.21 09:10:19.191,7.1318,7.13465,1.00,3.20
2009.08.21 09:10:19.861,7.1316,7.13425,1.00,3.20
2009.08.21 09:10:23.440,7.1318,7.13465,1.00,3.20
2009.08.21 09:10:27.719,7.1306,7.13375,1.00,1.00
2009.08.21 09:10:28.239,7.1306,7.13365,1.00,1.00
2009.08.21 09:10:29.049,7.1306,7.13345,1.00,1.00
2009.08.21 09:10:29.970,7.1308,7.13345,1.00,1.00
2009.08.21 09:10:30.439,7.1308,7.13365,1.00,1.00
2009.08.21 09:10:32.648,7.1303,7.13345,1.00,1.00
2009.08.21 09:10:33.148,7.1306,7.1336,1.00,1.00
2009.08.21 09:10:33.608,7.1308,7.13345,1.00,1.00
2009.08.21 09:10:34.058,7.1308,7.13365,1.00,1.00
2009.08.21 09:10:34.757,7.1311,7.1337,1.00,2.40
2009.08.21 09:10:35.328,7.1311,7.13395,1.00,1.00
2009.08.21 09:10:35.627,7.1311,7.1333,1.00,1.00
2009.08.21 09:10:36.457,7.129,7.13345,1.60,1.00
2009.08.21 09:10:36.927,7.1304,7.13365,1.00,1.00
2009.08.21 09:10:37.388,7.1302,7.13365,1.00,1.00
2009.08.21 09:10:38.307,7.1303,7.13325,1.00,1.00
2009.08.21 09:10:41.326,7.1303,7.133,1.00,1.00
2009.08.21 09:10:41.826,7.1303,7.13315,1.00,1.00
2009.08.21 09:10:42.286,7.1301,7.13305,1.00,2.40
2009.08.21 09:10:42.876,7.1301,7.133,1.00,1.00
2009.08.21 09:10:43.875,7.1298,7.13275,1.00,1.00
2009.08.21 09:10:50.204,7.1301,7.13295,1.00,1.00
2009.08.21 09:10:50.804,7.1303,7.13315,1.00,1.00
2009.08.21 09:10:51.723,7.1308,7.1336,1.00,1.00
2009.08.21 09:10:52.836,7.1303,7.13325,1.00,1.00
2009.08.21 09:10:54.213,7.1301,7.13325,1.00,1.00
2009.08.21 09:10:54.903,7.1308,7.1336,1.00,1.00
2009.08.21 09:10:55.593,7.1293,7.13325,2.40,1.00
2009.08.21 09:10:56.063,7.12915,7.1332,1.00,2.40
2009.08.21 09:10:56.712,7.1298,7.13365,2.40,1.00
2009.08.21 09:10:57.253,7.1306,7.13375,1.00,3.20
2009.08.21 09:10:57.674,7.1309,7.13375,1.00,3.20
2009.08.21 09:10:58.213,7.1309,7.13395,1.00,1.00
2009.08.21 09:10:58.972,7.1308,7.13395,1.00,1.00
2009.08.21 09:10:59.842,7.1311,7.13395,1.00,1.00
2009.08.21 09:11:00.252,7.1311,7.13375,1.00,1.00
2009.08.21 09:11:00.951,7.1308,7.13375,1.00,1.00
2009.08.21 09:11:02.212,7.1303,7.13375,1.00,1.00
2009.08.21 09:11:02.681,7.1303,7.13325,1.00,1.00
2009.08.21 09:11:04.120,7.1306,7.13345,1.00,1.00
2009.08.21 09:11:05.610,7.1303,7.13325,1.00,1.00
2009.08.21 09:11:06.760,7.1301,7.133,1.00,1.00
2009.08.21 09:11:07.210,7.1303,7.13315,1.00,1.00
2009.08.21 09:11:07.680,7.1303,7.133,1.00,1.00
2009.08.21 09:11:08.139,7.1301,7.133,1.00,1.00
2009.08.21 09:11:10.669,7.1298,7.13275,1.00,1.00
2009.08.21 09:11:12.618,7.1282,7.13225,1.60,1.00
2009.08.21 09:11:13.728,7.1294,7.13245,1.00,1.00
2009.08.21 09:11:17.077,7.1301,7.1329,1.00,1.00
2009.08.21 09:11:18.807,7.1303,7.1331,1.00,1.00
2009.08.21 09:11:32.274,7.1303,7.13295,1.00,1.00
2009.08.21 09:11:32.733,7.1301,7.13295,1.00,1.00
2009.08.21 09:11:33.303,7.1303,7.13295,1.00,1.00
2009.08.21 09:11:34.593,7.1303,7.1331,1.60,1.00
2009.08.21 09:11:35.323,7.1301,7.13295,1.00,1.00
2009.08.21 09:11:39.282,7.1301,7.1331,1.00,1.00
2009.08.21 09:11:40.804,7.1303,7.1331,1.00,1.00
2009.08.21 09:11:43.781,7.1308,7.13345,1.00,1.00
2009.08.21 09:11:44.281,7.1296,7.1336,3.20,1.00
2009.08.21 09:11:44.731,7.1309,7.13395,1.00,1.00
2009.08.21 09:11:47.682,7.1311,7.134,1.00,2.40
2009.08.21 09:11:47.960,7.1313,7.1341,1.00,1.00
2009.08.21 09:11:48.590,7.1318,7.1341,1.00,1.00
2009.08.21 09:11:48.980,7.1318,7.13455,1.00,1.00
2009.08.21 09:11:49.440,7.13135,7.13455,1.00,1.00
2009.08.21 09:11:50.079,7.1316,7.13445,1.00,3.20
2009.08.21 09:11:50.919,7.13135,7.1342,1.00,1.00
2009.08.21 09:11:52.839,7.1313,7.1342,1.00,1.00
2009.08.21 09:11:54.438,7.13085,7.13375,1.00,1.00
2009.08.21 09:11:55.118,7.1313,7.1341,1.00,1.00
2009.08.21 09:11:59.207,7.1316,7.1343,1.00,3.20
2009.08.21 09:11:59.887,7.1313,7.1343,1.00,3.20
2009.08.21 09:12:02.149,7.1311,7.1343,1.00,3.20
2009.08.21 09:12:02.617,7.1311,7.13415,1.00,1.00
2009.08.21 09:12:03.436,7.1313,7.13415,1.00,1.00
2009.08.21 09:12:04.136,7.1316,7.13465,1.00,3.20
2009.08.21 09:12:04.526,7.1318,7.13465,1.00,3.20
2009.08.21 09:12:05.446,7.1323,7.13495,1.00,1.00
2009.08.21 09:12:05.857,7.1323,7.13515,1.00,3.20
2009.08.21 09:12:06.316,7.1321,7.13495,1.00,1.00
2009.08.21 09:12:06.707,7.1318,7.13475,1.00,3.20
2009.08.21 09:12:07.235,7.1321,7.13495,1.00,1.00
2009.08.21 09:12:09.215,7.1306,7.13445,3.20,1.00
2009.08.21 09:12:10.075,7.1314,7.13445,1.00,1.00
2009.08.21 09:12:10.484,7.1316,7.13465,1.00,3.20
2009.08.21 09:12:11.404,7.1316,7.13465,1.00,3.20
2009.08.21 09:12:12.044,7.1316,7.13445,1.00,1.00
2009.08.21 09:12:12.594,7.1313,7.13425,1.00,3.20
2009.08.21 09:12:13.214,7.1313,7.13415,1.00,1.00
2009.08.21 09:12:13.894,7.1311,7.13395,1.00,1.00
2009.08.21 09:12:14.594,7.1309,7.13375,1.00,3.20
2009.08.21 09:12:15.063,7.1308,7.13375,1.00,3.20
2009.08.21 09:12:16.283,7.1308,7.1333,1.00,2.00
2009.08.21 09:12:17.033,7.1306,7.13265,1.00,1.60
2009.08.21 09:12:17.323,7.1306,7.13225,1.00,1.60
2009.08.21 09:12:17.734,7.1306,7.13215,1.00,1.60
2009.08.21 09:12:18.433,7.1306,7.13195,1.00,1.60
2009.08.21 09:12:18.903,7.1301,7.13185,1.00,1.60
2009.08.21 09:12:19.373,7.1301,7.13185,1.00,1.60
2009.08.21 09:12:21.422,7.1301,7.13185,1.00,1.60
2009.08.21 09:12:22.572,7.1302,7.13185,1.00,1.60
2009.08.21 09:12:23.781,7.1306,7.13195,1.00,1.60
2009.08.21 09:12:24.751,7.1304,7.13205,1.00,1.60
2009.08.21 09:12:25.431,7.1305,7.13205,1.00,1.60
2009.08.21 09:12:26.091,7.1295,7.1315,1.00,1.60
2009.08.21 09:12:26.741,7.1295,7.13145,1.00,1.60
2009.08.21 09:12:27.371,7.1292,7.1312,1.00,1.60
2009.08.21 09:12:27.890,7.1279,7.1312,1.60,1.60
2009.08.21 09:12:28.500,7.1291,7.1312,1.00,1.60
2009.08.21 09:12:28.850,7.1291,7.13145,1.00,1.60
2009.08.21 09:12:29.932,7.1293,7.1312,1.00,1.60
2009.08.21 09:12:31.010,7.1292,7.1312,1.00,1.60
2009.08.21 09:12:31.289,7.1292,7.13165,1.00,1.60
2009.08.21 09:12:31.869,7.1285,7.13165,1.60,1.60
2009.08.21 09:12:32.159,7.1296,7.13165,1.00,1.60
2009.08.21 09:12:33.199,7.1302,7.13165,1.00,1.60
2009.08.21 09:12:33.969,7.1292,7.1314,1.00,1.60
2009.08.21 09:12:35.338,7.1299,7.13165,1.00,1.60
2009.08.21 09:12:37.218,7.1302,7.1319,1.00,1.60
2009.08.21 09:12:37.628,7.12915,7.1314,1.60,1.00
2009.08.21 09:12:38.038,7.1302,7.13265,1.00,1.60
2009.08.21 09:12:39.318,7.1305,7.13245,1.00,1.60
2009.08.21 09:12:40.027,7.1309,7.13295,1.00,1.60
2009.08.21 09:12:43.837,7.131,7.13295,1.00,1.60
2009.08.21 09:12:44.476,7.1309,7.1324,1.00,1.00
2009.08.21 09:12:45.116,7.1309,7.1324,1.00,1.00
2009.08.21 09:12:45.797,7.131,7.13345,1.00,1.60
2009.08.21 09:12:47.836,7.131,7.13295,1.00,1.60
2009.08.21 09:12:51.255,7.1305,7.13245,1.00,1.60
2009.08.21 09:12:52.494,7.1306,7.13275,1.00,1.60
2009.08.21 09:12:52.964,7.1302,7.13275,1.00,1.60
2009.08.21 09:12:53.264,7.1302,7.1321,1.00,1.00
2009.08.21 09:12:54.304,7.1301,7.13225,1.00,1.60
2009.08.21 09:12:56.033,7.1305,7.1318,1.00,1.00
2009.08.21 09:12:56.443,7.1302,7.13225,1.00,1.60
2009.08.21 09:12:56.554,7.1301,7.13225,1.00,1.60
2009.08.21 09:12:57.003,7.1301,7.1318,1.00,1.00
2009.08.21 09:12:57.583,7.1305,7.1318,1.00,1.00
2009.08.21 09:12:58.283,7.13,7.1313,1.00,1.00
2009.08.21 09:12:58.613,7.1301,7.13245,1.00,1.60
2009.08.21 09:12:59.333,7.1297,7.1318,1.00,1.00
2009.08.21 09:13:01.232,7.1297,7.1316,1.00,1.00
2009.08.21 09:13:01.873,7.13,7.1313,1.00,1.00
2009.08.21 09:13:02.162,7.1298,7.1316,1.00,1.00
2009.08.21 09:13:03.892,7.1297,7.1312,1.00,1.00
2009.08.21 09:13:04.631,7.1301,7.1313,1.00,1.00
2009.08.21 09:13:06.411,7.1301,7.13245,1.00,1.60
2009.08.21 09:13:06.521,7.1298,7.1318,1.00,1.00
2009.08.21 09:13:07.371,7.13,7.1316,1.00,1.00
2009.08.21 09:13:08.111,7.1301,7.13225,1.00,1.60
2009.08.21 09:13:11.920,7.1302,7.1313,1.00,1.00
2009.08.21 09:13:12.379,7.1301,7.1313,1.00,1.00
2009.08.21 09:13:13.969,7.1301,7.13245,1.00,1.60
2009.08.21 09:13:15.759,7.1301,7.13195,1.00,1.60
2009.08.21 09:13:19.618,7.1301,7.13225,1.00,1.60
2009.08.21 09:13:24.557,7.1301,7.13195,1.00,1.60
2009.08.21 09:13:24.737,7.1301,7.1313,1.00,1.00
2009.08.21 09:13:28.206,7.1301,7.13145,1.00,1.60
2009.08.21 09:13:28.607,7.1296,7.1308,1.00,1.00
2009.08.21 09:13:35.704,7.12935,7.1307,1.00,1.00
2009.08.21 09:13:37.535,7.12935,7.1303,1.00,1.00
2009.08.21 09:13:37.654,7.1291,7.1303,1.00,1.00
2009.08.21 09:13:39.334,7.1292,7.13145,1.00,1.60
2009.08.21 09:13:45.022,7.1301,7.1313,1.00,1.00
2009.08.21 09:13:45.832,7.1306,7.1318,1.00,1.00
2009.08.21 09:13:49.812,7.1301,7.1322,1.00,1.60
2009.08.21 09:13:49.930,7.1301,7.13195,1.00,1.60
2009.08.21 09:13:50.351,7.1301,7.1313,1.00,1.00
2009.08.21 09:13:50.860,7.1301,7.13195,1.00,1.60
2009.08.21 09:13:51.190,7.1301,7.1313,1.00,1.00
2009.08.21 09:13:52.551,7.1301,7.13195,1.00,1.60
2009.08.21 09:13:53.170,7.1301,7.1313,1.00,1.00
2009.08.21 09:13:54.909,7.1301,7.13195,1.00,1.60
2009.08.21 09:13:55.539,7.1301,7.1313,1.00,1.00
2009.08.21 09:14:38.189,7.1296,7.13175,1.00,1.60
2009.08.21 09:14:38.999,7.1301,7.1313,1.00,1.00
2009.08.21 09:14:44.878,7.1296,7.13175,1.00,1.60
2009.08.21 09:14:45.617,7.1301,7.13175,1.00,1.60
2009.08.21 09:14:45.907,7.1296,7.13175,1.00,1.60
2009.08.21 09:14:46.877,7.1296,7.1312,1.00,1.00
2009.08.21 09:14:48.676,7.1296,7.1308,1.00,1.00
2009.08.21 09:14:59.514,7.1293,7.13095,1.00,1.60
2009.08.21 09:15:00.094,7.1299,7.1311,1.00,2.40
2009.08.21 09:15:01.063,7.1299,7.1313,1.00,1.00
2009.08.21 09:15:03.233,7.1301,7.1318,1.00,1.60
2009.08.21 09:15:19.819,7.1296,7.13175,1.00,1.60
2009.08.21 09:15:30.476,7.1297,7.1312,1.00,1.00
2009.08.21 09:15:30.696,7.1296,7.1308,1.00,1.00
2009.08.21 09:15:31.396,7.1296,7.13075,1.00,1.00
2009.08.21 09:15:39.925,7.1306,7.1325,1.00,1.60
2009.08.21 09:15:42.194,7.1301,7.13225,1.00,1.60
2009.08.21 09:15:50.782,7.1301,7.13225,1.00,1.60
2009.08.21 09:15:51.111,7.1301,7.1317,1.00,1.00
2009.08.21 09:15:52.061,7.1302,7.1317,1.00,1.00
2009.08.21 09:15:52.181,7.1301,7.1317,1.00,1.00
2009.08.21 09:15:53.221,7.1301,7.1313,1.00,1.00
2009.08.21 09:15:55.401,7.1301,7.1317,1.00,1.00
2009.08.21 09:15:57.070,7.1302,7.1317,1.00,1.00
2009.08.21 09:15:57.480,7.1306,7.1318,1.00,1.00
2009.08.21 09:15:57.930,7.1301,7.1317,1.00,1.00
2009.08.21 09:15:58.790,7.1306,7.1318,1.00,1.00
2009.08.21 09:16:02.809,7.1301,7.1322,1.00,1.60
2009.08.21 09:16:03.419,7.1301,7.1315,1.00,1.00
2009.08.21 09:16:08.528,7.1301,7.1317,1.00,1.00
2009.08.21 09:16:10.257,7.1306,7.1318,1.00,1.00
2009.08.21 09:16:11.307,7.1301,7.1313,1.00,1.00
2009.08.21 09:16:15.355,7.1301,7.1318,1.00,1.60
2009.08.21 09:16:16.335,7.1301,7.13175,1.00,1.60
2009.08.21 09:16:17.245,7.1296,7.13175,1.00,1.60
2009.08.21 09:16:18.265,7.1301,7.13175,1.00,1.60
2009.08.21 09:16:18.675,7.1296,7.13175,1.00,1.60
2009.08.21 09:16:19.375,7.1301,7.13175,1.00,1.60
2009.08.21 09:16:24.233,7.1296,7.13175,1.00,1.60
2009.08.21 09:16:24.993,7.12835,7.13245,1.60,2.40
2009.08.21 09:16:26.293,7.1294,7.13245,1.00,2.40
2009.08.21 09:16:27.504,7.1284,7.13245,3.20,2.40
2009.08.21 09:16:27.843,7.1299,7.13245,1.00,1.60
2009.08.21 09:16:28.573,7.13,7.13245,1.00,1.60
2009.08.21 09:16:29.782,7.1307,7.13295,1.00,1.60
2009.08.21 09:16:30.252,7.1302,7.13295,1.00,1.60
2009.08.21 09:16:30.372,7.1305,7.1333,1.00,1.00
2009.08.21 09:16:32.072,7.1308,7.1333,1.00,1.00
2009.08.21 09:16:32.661,7.1309,7.1333,1.00,1.00
2009.08.21 09:16:32.901,7.1306,7.13295,1.00,1.00
2009.08.21 09:16:33.361,7.1303,7.13295,1.00,1.00
2009.08.21 09:16:33.761,7.1304,7.13305,1.00,1.00
2009.08.21 09:16:33.821,7.1303,7.13305,1.00,1.00
2009.08.21 09:16:34.871,7.1303,7.13315,1.00,1.00
2009.08.21 09:16:35.201,7.1304,7.13315,1.00,1.00
2009.08.21 09:16:35.891,7.12915,7.13315,1.60,1.00
2009.08.21 09:16:36.571,7.1292,7.1333,2.40,3.20
2009.08.21 09:16:37.150,7.1299,7.1337,2.40,1.00
2009.08.21 09:16:38.590,7.1308,7.1337,1.00,1.00
2009.08.21 09:16:39.320,7.1306,7.1338,1.00,1.00
2009.08.21 09:16:39.710,7.1298,7.1338,1.60,1.00
2009.08.21 09:16:40.379,7.1307,7.1338,1.00,1.00
2009.08.21 09:16:43.239,7.1307,7.1338,1.00,1.00
2009.08.21 09:16:45.768,7.1309,7.1338,1.00,1.00
2009.08.21 09:16:47.518,7.1307,7.1338,1.00,1.00
2009.08.21 09:16:48.038,7.1309,7.1339,1.00,1.00
2009.08.21 09:16:48.668,7.1307,7.1339,1.00,1.00
2009.08.21 09:16:48.947,7.1309,7.1339,1.00,1.00
2009.08.21 09:16:49.697,7.1307,7.1339,1.00,1.00
2009.08.21 09:16:50.177,7.1309,7.1339,1.00,1.00
2009.08.21 09:16:50.577,7.1307,7.1338,1.00,1.00
2009.08.21 09:16:50.937,7.1307,7.13385,1.00,2.40
2009.08.21 09:16:51.227,7.1306,7.1327,1.00,1.00
2009.08.21 09:16:53.497,7.12955,7.1325,1.60,1.00
2009.08.21 09:16:53.856,7.12965,7.1325,1.60,1.00
2009.08.21 09:16:54.246,7.1304,7.1325,1.00,1.00
2009.08.21 09:16:54.946,7.12985,7.13295,1.60,1.00
2009.08.21 09:16:55.176,7.12985,7.13415,1.60,1.60
2009.08.21 09:16:55.456,7.1306,7.13315,1.00,1.00
2009.08.21 09:16:55.756,7.12945,7.13315,1.60,1.00
2009.08.21 09:16:57.265,7.12965,7.13175,1.60,1.00
2009.08.21 09:16:57.845,7.1297,7.13175,1.60,1.00
2009.08.21 09:16:58.135,7.12965,7.13175,1.60,1.00
2009.08.21 09:17:01.005,7.1302,7.13155,1.00,1.00
2009.08.21 09:17:02.184,7.1303,7.13155,1.00,1.00
2009.08.21 09:17:02.704,7.1302,7.13155,1.00,1.00
2009.08.21 09:17:03.294,7.1302,7.13155,1.00,1.00
2009.08.21 09:17:03.865,7.1301,7.1322,1.00,1.70
2009.08.21 09:17:04.204,7.1302,7.13155,1.00,1.00
2009.08.21 09:17:04.834,7.1301,7.13155,1.00,1.00
2009.08.21 09:17:05.474,7.1302,7.13155,1.00,1.00
2009.08.21 09:17:06.203,7.1301,7.13155,1.00,1.00
2009.08.21 09:17:06.993,7.1303,7.13155,1.00,1.00
2009.08.21 09:17:07.353,7.1301,7.13155,1.00,1.00
2009.08.21 09:17:07.573,7.1303,7.13155,1.00,1.00
2009.08.21 09:17:08.743,7.1304,7.13155,1.00,1.00
2009.08.21 09:17:09.753,7.12935,7.13155,1.60,1.00
2009.08.21 09:17:10.732,7.1302,7.1319,1.00,1.00
2009.08.21 09:17:11.242,7.1302,7.133,1.00,1.60
2009.08.21 09:17:11.892,7.1302,7.1328,1.00,1.60
2009.08.21 09:17:12.293,7.1302,7.13175,1.00,1.00
2009.08.21 09:17:12.902,7.1302,7.1315,1.00,1.00
2009.08.21 09:17:13.822,7.1302,7.1325,1.00,2.50
2009.08.21 09:17:14.121,7.1301,7.1315,1.00,1.00
2009.08.21 09:17:14.991,7.1302,7.1328,1.00,1.60
2009.08.21 09:17:17.061,7.1307,7.13195,1.00,1.00
2009.08.21 09:17:17.931,7.1302,7.1328,1.00,1.60
2009.08.21 09:17:18.050,7.1302,7.1319,1.00,1.00
2009.08.21 09:17:18.900,7.1307,7.13195,1.00,1.00
2009.08.21 09:17:21.030,7.12995,7.13175,1.60,1.00
2009.08.21 09:17:21.729,7.1302,7.1317,1.00,1.00
2009.08.21 09:17:22.770,7.1302,7.13155,1.00,1.00
2009.08.21 09:17:25.239,7.1303,7.13155,1.00,1.00
2009.08.21 09:17:28.068,7.1302,7.13155,1.00,1.00
2009.08.21 09:17:30.809,7.1302,7.1316,1.00,1.00
2009.08.21 09:17:31.577,7.1298,7.1321,1.00,1.70
2009.08.21 09:17:33.307,7.1298,7.13215,1.00,1.60
2009.08.21 09:17:33.717,7.1298,7.13225,1.00,1.60
2009.08.21 09:17:34.566,7.1298,7.1321,1.00,1.60
2009.08.21 09:17:34.796,7.13,7.13245,1.00,1.60
2009.08.21 09:17:35.556,7.13,7.1323,1.00,1.60
2009.08.21 09:17:37.346,7.1299,7.1316,1.00,1.00
2009.08.21 09:17:37.846,7.13,7.1317,1.00,1.00
2009.08.21 09:17:38.645,7.1294,7.13325,1.60,1.00
2009.08.21 09:17:39.385,7.129,7.1323,1.60,1.60
2009.08.21 09:17:42.395,7.1297,7.1321,1.00,1.60
2009.08.21 09:17:43.314,7.1297,7.1314,1.00,1.00
2009.08.21 09:17:43.854,7.1294,7.1309,1.00,1.00
2009.08.21 09:17:45.364,7.129,7.1308,1.00,1.00
2009.08.21 09:17:45.754,7.1292,7.1309,1.00,1.00
2009.08.21 09:17:47.023,7.12865,7.1309,1.60,1.00
2009.08.21 09:17:47.313,7.12865,7.1308,1.60,1.00
2009.08.21 09:17:47.953,7.1287,7.13215,1.60,1.60
2009.08.21 09:17:49.113,7.12875,7.13195,1.60,1.60
2009.08.21 09:17:49.353,7.1292,7.13195,1.00,1.60
2009.08.21 09:17:50.083,7.1288,7.13195,1.60,1.60
2009.08.21 09:17:50.873,7.1296,7.13205,1.00,1.60
2009.08.21 09:17:51.523,7.1297,7.1316,1.00,1.00
2009.08.21 09:17:52.162,7.1289,7.1314,1.60,1.00
2009.08.21 09:17:52.442,7.1294,7.13195,1.00,1.60
2009.08.21 09:17:53.022,7.1296,7.1313,1.00,1.00
2009.08.21 09:17:56.361,7.1292,7.1312,1.00,1.00
2009.08.21 09:17:58.261,7.1296,7.1313,1.00,1.00
2009.08.21 09:17:58.911,7.1292,7.1312,1.00,1.00
2009.08.21 09:18:01.461,7.1296,7.1312,1.00,1.00
2009.08.21 09:18:02.090,7.1291,7.1316,1.00,1.60
2009.08.21 09:18:02.780,7.129,7.1308,1.00,1.00
2009.08.21 09:18:03.240,7.1295,7.1312,1.00,1.00
2009.08.21 09:18:03.859,7.1296,7.1316,1.00,1.60
2009.08.21 09:18:04.819,7.1291,7.1316,1.00,1.70
2009.08.21 09:18:05.899,7.1292,7.1316,1.00,1.60
2009.08.21 09:18:06.549,7.129,7.1309,1.00,1.00
2009.08.21 09:18:06.839,7.1291,7.1316,1.00,1.70
2009.08.21 09:18:09.608,7.129,7.1307,1.00,1.00
2009.08.21 09:18:09.908,7.129,7.1307,1.00,1.00
2009.08.21 09:18:14.587,7.1288,7.13205,1.00,1.00
2009.08.21 09:18:15.297,7.1286,7.1317,1.00,1.00
2009.08.21 09:18:15.697,7.1286,7.13135,1.00,3.20
2009.08.21 09:18:16.396,7.1276,7.13135,1.60,1.00
2009.08.21 09:18:16.686,7.1276,7.1315,1.60,1.00
2009.08.21 09:18:17.416,7.12785,7.13095,1.60,1.60
2009.08.21 09:18:17.476,7.1282,7.13095,1.00,1.60
2009.08.21 09:18:18.256,7.12715,7.13095,1.60,2.40
2009.08.21 09:18:18.716,7.12715,7.13045,1.60,1.60
2009.08.21 09:18:19.166,7.1281,7.13055,1.00,1.60
2009.08.21 09:18:19.636,7.12685,7.13045,1.60,1.60
2009.08.21 09:18:20.045,7.1268,7.13045,1.60,1.60
2009.08.21 09:18:20.866,7.1277,7.13045,1.00,1.60
2009.08.21 09:18:21.455,7.1277,7.1297,1.00,1.00
2009.08.21 09:18:21.845,7.1277,7.1297,1.00,1.00
2009.08.21 09:18:22.305,7.1277,7.13045,1.00,1.60
2009.08.21 09:18:22.767,7.1277,7.1297,1.00,1.00
2009.08.21 09:18:22.885,7.1277,7.1297,1.00,1.00
2009.08.21 09:18:23.247,7.1281,7.1298,1.00,1.00
2009.08.21 09:18:23.945,7.1271,7.1297,1.60,1.00
2009.08.21 09:18:24.404,7.12685,7.13045,1.60,1.60
2009.08.21 09:18:24.876,7.128,7.1298,1.00,1.00
2009.08.21 09:18:25.344,7.1273,7.1293,1.00,1.00
2009.08.21 09:18:26.034,7.1277,7.1293,1.00,1.00
2009.08.21 09:18:27.316,7.127,7.1288,1.00,1.00
2009.08.21 09:18:27.824,7.1272,7.1289,1.00,1.00
2009.08.21 09:18:28.234,7.12595,7.12945,1.60,1.60
2009.08.21 09:18:28.643,7.1265,7.12945,1.00,1.60
2009.08.21 09:18:30.443,7.1267,7.1287,1.00,1.00
2009.08.21 09:18:32.762,7.1262,7.1287,1.60,1.00
2009.08.21 09:18:33.564,7.1269,7.1288,1.00,1.00
2009.08.21 09:18:34.032,7.1255,7.12945,3.20,1.60
2009.08.21 09:18:34.442,7.1265,7.12945,1.00,1.60
2009.08.21 09:18:36.152,7.1271,7.1288,1.00,1.00
2009.08.21 09:18:38.681,7.1279,7.13015,1.00,1.60
2009.08.21 09:18:39.141,7.1274,7.1295,1.00,1.00
2009.08.21 09:18:39.612,7.1275,7.1299,1.00,1.00
2009.08.21 09:18:40.021,7.1281,7.1298,1.00,1.00
2009.08.21 09:18:40.131,7.1282,7.13045,1.00,1.60
2009.08.21 09:18:41.430,7.1282,7.1298,1.00,1.00
2009.08.21 09:18:41.890,7.1277,7.12995,1.00,1.60
2009.08.21 09:18:42.350,7.1277,7.1297,1.00,1.00
2009.08.21 09:18:43.050,7.12715,7.1297,1.60,1.00
2009.08.21 09:18:43.980,7.1277,7.1297,1.00,2.10
2009.08.21 09:18:44.160,7.1277,7.1297,1.00,1.00
2009.08.21 09:18:44.919,7.12785,7.1297,1.00,1.00
2009.08.21 09:18:45.559,7.1283,7.13245,1.60,1.00
2009.08.21 09:18:46.759,7.1283,7.1317,1.60,1.60
2009.08.21 09:18:47.319,7.129,7.131,1.00,1.00
2009.08.21 09:18:47.949,7.1283,7.1324,1.60,1.00
2009.08.21 09:18:49.728,7.1292,7.1322,1.00,1.00
2009.08.21 09:18:50.798,7.1289,7.13175,1.00,1.00
2009.08.21 09:18:51.928,7.129,7.13175,1.00,1.00
2009.08.21 09:18:52.338,7.1292,7.13215,1.00,1.00
2009.08.21 09:18:52.808,7.1294,7.13215,1.00,1.00
2009.08.21 09:18:53.218,7.1292,7.13215,1.00,1.00
2009.08.21 09:18:53.679,7.1281,7.13215,1.60,1.00
2009.08.21 09:18:54.299,7.1282,7.13215,2.40,1.00
2009.08.21 09:18:54.937,7.1293,7.13215,1.00,1.00
2009.08.21 09:18:55.277,7.1281,7.13205,2.40,1.60
2009.08.21 09:18:56.947,7.1296,7.13255,1.00,1.60
2009.08.21 09:18:57.947,7.1297,7.13245,1.00,1.00
2009.08.21 09:18:58.346,7.1287,7.13255,1.60,1.60
2009.08.21 09:19:00.006,7.1296,7.13255,1.00,1.60
2009.08.21 09:19:00.656,7.13,7.13295,1.00,1.00
2009.08.21 09:19:01.696,7.1299,7.1332,1.00,1.00
2009.08.21 09:19:02.105,7.13,7.133,1.00,1.00
2009.08.21 09:19:03.096,7.1299,7.1331,1.00,1.00
2009.08.21 09:19:03.275,7.1299,7.133,1.00,1.00
2009.08.21 09:19:04.235,7.1296,7.133,2.80,1.00
2009.08.21 09:19:05.844,7.1299,7.133,1.00,1.00
2009.08.21 09:19:06.894,7.1304,7.13305,1.00,1.00
2009.08.21 09:19:06.944,7.1304,7.13345,1.00,3.20
2009.08.21 09:19:07.624,7.1301,7.13325,1.00,1.60
2009.08.21 09:19:08.024,7.1299,7.13305,1.00,1.00
2009.08.21 09:19:08.964,7.1296,7.13305,2.80,1.00
2009.08.21 09:19:10.094,7.1296,7.13275,1.00,1.60
2009.08.21 09:19:10.506,7.1299,7.1329,1.00,1.00
2009.08.21 09:19:10.973,7.1286,7.13275,1.60,1.00
2009.08.21 09:19:11.673,7.1297,7.13295,1.00,1.00
2009.08.21 09:19:12.873,7.1286,7.13255,2.40,1.60
2009.08.21 09:19:14.133,7.1288,7.13255,1.60,1.60
2009.08.21 09:19:16.832,7.1288,7.13255,2.40,1.60
2009.08.21 09:19:18.492,7.1304,7.13255,1.00,1.60
2009.08.21 09:19:19.021,7.1304,7.13305,1.00,1.60
2009.08.21 09:19:19.471,7.1302,7.13345,1.00,1.00
2009.08.21 09:19:19.921,7.1308,7.13345,1.00,1.00
2009.08.21 09:19:20.372,7.1305,7.13345,1.00,1.00
2009.08.21 09:19:20.831,7.131,7.13355,1.00,1.60
2009.08.21 09:19:21.291,7.1309,7.1329,1.00,1.00
2009.08.21 09:19:23.151,7.1314,7.1342,1.00,2.40
2009.08.21 09:19:24.060,7.1319,7.1344,1.00,2.40
2009.08.21 09:19:24.520,7.1319,7.1339,1.00,1.00
2009.08.21 09:19:24.990,7.1319,7.1339,1.00,1.00
2009.08.21 09:19:25.430,7.1324,7.1349,1.00,2.40
2009.08.21 09:19:25.900,7.1321,7.13475,1.00,1.60
2009.08.21 09:19:26.309,7.1319,7.1341,1.00,1.00
2009.08.21 09:19:26.840,7.1316,7.1345,1.00,1.00
2009.08.21 09:19:27.310,7.1317,7.1345,1.00,1.00
2009.08.21 09:19:28.010,7.1322,7.1339,1.00,1.00
2009.08.21 09:19:29.229,7.1323,7.1339,1.00,1.00
2009.08.21 09:19:29.969,7.1329,7.1343,1.00,2.40
2009.08.21 09:19:30.389,7.1329,7.1344,1.00,1.00
2009.08.21 09:19:31.088,7.133,7.1345,1.00,1.00
2009.08.21 09:19:31.429,7.1329,7.1344,1.00,1.00
2009.08.21 09:19:32.068,7.133,7.13505,1.00,1.60
2009.08.21 09:19:32.358,7.13185,7.1345,1.60,1.00
2009.08.21 09:19:32.878,7.1325,7.13505,1.00,1.60
2009.08.21 09:19:33.388,7.1328,7.13455,1.00,1.60
2009.08.21 09:19:33.798,7.1325,7.13455,1.00,1.60
2009.08.21 09:19:35.307,7.1318,7.13455,1.00,1.60
2009.08.21 09:19:36.347,7.1321,7.13505,1.00,1.60
2009.08.21 09:19:38.257,7.1311,7.13505,1.60,1.60
2009.08.21 09:19:38.987,7.1319,7.13505,1.00,1.60
2009.08.21 09:19:40.367,7.1311,7.13505,1.60,1.60
2009.08.21 09:19:40.656,7.1319,7.13505,1.00,1.60
2009.08.21 09:19:41.936,7.1308,7.1337,2.40,1.00
2009.08.21 09:19:42.996,7.1319,7.13475,1.00,1.60
2009.08.21 09:19:43.235,7.13185,7.134,1.00,1.00
2009.08.21 09:19:53.983,7.13205,7.13455,1.00,1.60
2009.08.21 09:19:54.373,7.13205,7.1338,1.00,1.00
2009.08.21 09:19:55.073,7.1321,7.13455,2.00,1.60
2009.08.21 09:19:55.473,7.132,7.1349,1.60,1.00
2009.08.21 09:19:55.823,7.1327,7.13455,1.00,1.60
2009.08.21 09:19:57.152,7.1329,7.13455,1.00,1.60
2009.08.21 09:19:58.002,7.13235,7.1348,1.60,1.00
2009.08.21 09:19:59.532,7.13345,7.13595,1.00,1.60
2009.08.21 09:19:59.992,7.13345,7.135,1.00,1.00
2009.08.21 09:20:02.361,7.1338,7.1353,1.00,1.00
2009.08.21 09:20:02.861,7.13265,7.1348,1.60,1.00
2009.08.21 09:20:03.311,7.13345,7.1348,1.00,1.00
2009.08.21 09:20:04.930,7.1338,7.1353,1.00,1.00
2009.08.21 09:20:06.270,7.13365,7.1348,1.00,1.00
2009.08.21 09:20:07.310,7.1336,7.1348,1.00,1.00
2009.08.21 09:20:07.960,7.1334,7.1348,1.00,1.00
2009.08.21 09:20:08.890,7.1339,7.1353,1.00,1.00
2009.08.21 09:20:10.199,7.1336,7.13575,1.00,1.60
2009.08.21 09:20:11.819,7.1336,7.135,1.00,1.00
2009.08.21 09:20:12.279,7.1336,7.1358,1.00,1.60
2009.08.21 09:20:12.729,7.1336,7.135,1.00,1.00
2009.08.21 09:20:13.638,7.1339,7.1355,1.00,1.00
2009.08.21 09:20:14.608,7.1339,7.13575,1.00,1.60
2009.08.21 09:20:19.367,7.1344,7.1364,1.00,1.60
2009.08.21 09:20:19.768,7.1349,7.1369,1.00,1.60
2009.08.21 09:20:24.066,7.13455,7.1367,1.00,1.70
2009.08.21 09:20:26.975,7.135,7.1367,1.00,1.60
2009.08.21 09:20:27.705,7.1346,7.1367,1.00,1.60
2009.08.21 09:20:27.875,7.13455,7.1367,1.00,1.60
2009.08.21 09:20:28.635,7.13305,7.1367,1.00,1.60
2009.08.21 09:20:29.654,7.1335,7.1367,2.40,1.60
2009.08.21 09:20:30.384,7.13325,7.1367,1.00,1.60
2009.08.21 09:20:31.454,7.1334,7.1367,1.00,1.60
2009.08.21 09:20:32.144,7.1335,7.1367,2.40,1.60
2009.08.21 09:20:33.963,7.13325,7.1362,1.00,1.60
2009.08.21 09:20:36.293,7.1331,7.1367,2.40,1.60
2009.08.21 09:20:37.052,7.1335,7.1367,2.40,1.60
2009.08.21 09:20:40.702,7.1335,7.13665,2.40,1.60
2009.08.21 09:20:41.212,7.1334,7.13665,1.00,1.60
2009.08.21 09:20:41.492,7.13365,7.13665,1.00,1.60
2009.08.21 09:20:43.231,7.13365,7.1367,1.00,1.60
2009.08.21 09:20:47.190,7.13045,7.1355,1.00,1.00
2009.08.21 09:20:47.780,7.13045,7.13515,1.00,1.00
2009.08.21 09:20:48.050,7.12865,7.1333,1.00,2.00
2009.08.21 09:20:48.790,7.12865,7.1331,1.00,2.00
2009.08.21 09:20:49.070,7.12905,7.1329,1.00,2.00
2009.08.21 09:20:49.410,7.12905,7.1328,1.00,1.00
2009.08.21 09:20:53.309,7.1296,7.1328,1.00,1.00
2009.08.21 09:20:53.699,7.1296,7.1329,1.00,2.00
2009.08.21 09:20:53.989,7.1301,7.1329,1.00,2.00
2009.08.21 09:21:03.747,7.1308,7.1334,1.00,2.00
2009.08.21 09:21:08.535,7.1302,7.1345,2.40,2.40
2009.08.21 09:21:08.655,7.1308,7.13445,1.00,1.00
2009.08.21 09:21:10.715,7.1306,7.1331,2.40,2.00
2009.08.21 09:21:11.166,7.1306,7.1341,2.40,2.80
2009.08.21 09:21:11.225,7.1303,7.1341,1.00,2.80
2009.08.21 09:21:12.144,7.13,7.1341,3.20,2.80
2009.08.21 09:21:12.434,7.1301,7.1339,1.00,2.80
2009.08.21 09:21:13.354,7.13,7.1339,2.40,2.80
2009.08.21 09:21:15.503,7.1302,7.1339,1.00,2.80
2009.08.21 09:21:16.563,7.13,7.13375,2.40,1.00
2009.08.21 09:21:17.083,7.1297,7.1343,4.00,1.00
2009.08.21 09:21:17.483,7.13015,7.13375,1.00,1.00
2009.08.21 09:21:17.903,7.1296,7.1328,1.00,2.00
2009.08.21 09:21:19.042,7.1296,7.13365,1.00,1.60
2009.08.21 09:21:19.433,7.1292,7.13375,2.40,2.40
2009.08.21 09:21:19.792,7.1292,7.13365,2.40,2.40
2009.08.21 09:21:20.492,7.12995,7.13345,1.00,2.40
2009.08.21 09:21:21.192,7.12995,7.13395,1.00,1.60
2009.08.21 09:21:25.911,7.1294,7.13395,1.00,1.60
2009.08.21 09:21:26.321,7.12915,7.13395,2.40,1.60
2009.08.21 09:21:27.001,7.1294,7.13335,1.00,1.60
2009.08.21 09:21:30.470,7.1291,7.13335,1.00,1.60
2009.08.21 09:21:31.569,7.12955,7.13335,1.00,1.60
2009.08.21 09:21:34.319,7.12955,7.1329,1.00,2.00
2009.08.21 09:21:35.069,7.12955,7.13405,1.00,2.00
2009.08.21 09:21:36.009,7.12955,7.1331,1.00,2.00
2009.08.21 09:21:36.189,7.12955,7.1332,1.00,2.00
2009.08.21 09:21:40.787,7.12935,7.13345,1.00,1.60
2009.08.21 09:21:43.097,7.12935,7.13355,1.00,1.00
2009.08.21 09:21:43.487,7.12935,7.13395,1.00,2.00
2009.08.21 09:21:44.188,7.12935,7.13395,1.00,1.60
2009.08.21 09:21:44.416,7.12935,7.13395,1.00,2.00
2009.08.21 09:21:45.076,7.1297,7.13395,1.00,1.60
2009.08.21 09:21:47.266,7.1302,7.13395,1.00,1.60
2009.08.21 09:21:50.395,7.1302,7.13395,1.00,2.00
2009.08.21 09:21:51.385,7.1302,7.1333,1.00,2.00
2009.08.21 09:21:52.005,7.1302,7.1337,1.00,2.00
2009.08.21 09:22:03.162,7.1304,7.1335,1.00,2.00
2009.08.21 09:22:13.719,7.1284,7.13335,4.70,1.60
2009.08.21 09:22:17.259,7.12915,7.13335,1.60,1.60
2009.08.21 09:22:17.620,7.1292,7.13335,2.40,1.60
2009.08.21 09:22:18.268,7.129,7.1329,1.00,2.00
2009.08.21 09:22:19.248,7.12885,7.13335,2.30,1.60
2009.08.21 09:22:25.136,7.12925,7.13335,1.60,1.60
2009.08.21 09:22:25.356,7.12905,7.13335,1.00,1.60
2009.08.21 09:22:26.367,7.1292,7.13385,1.50,1.60
2009.08.21 09:22:26.956,7.12925,7.1331,1.00,2.00
2009.08.21 09:22:27.966,7.1293,7.13405,2.40,1.60
2009.08.21 09:22:35.744,7.129,7.13385,1.00,1.60
2009.08.21 09:22:38.183,7.12925,7.13385,2.30,1.60
2009.08.21 09:22:38.633,7.1293,7.13385,2.40,1.60
2009.08.21 09:22:42.723,7.1293,7.1331,2.40,2.00
2009.08.21 09:22:43.252,7.1293,7.13375,2.40,3.20
2009.08.21 09:22:43.773,7.129,7.1331,1.00,2.00
2009.08.21 09:22:43.892,7.1297,7.1329,1.00,2.00
2009.08.21 09:22:44.292,7.1297,7.1329,2.30,2.00
2009.08.21 09:22:44.753,7.1292,7.1334,1.00,2.00
2009.08.21 09:22:45.162,7.1295,7.1334,1.00,2.00
2009.08.21 09:22:47.161,7.1293,7.13385,4.70,1.60
2009.08.21 09:22:47.871,7.1295,7.13385,1.00,1.60
2009.08.21 09:22:48.231,7.1295,7.13435,1.00,1.60
2009.08.21 09:22:50.211,7.1295,7.13385,1.00,1.60
2009.08.21 09:22:50.900,7.1293,7.13385,4.70,1.60
2009.08.21 09:23:03.677,7.1297,7.13435,7.90,1.60
2009.08.21 09:23:08.376,7.1297,7.1344,7.90,1.00
2009.08.21 09:23:08.956,7.1298,7.13435,2.40,1.60
2009.08.21 09:23:09.597,7.12975,7.13435,2.30,1.60
2009.08.21 09:23:09.926,7.1295,7.13435,1.00,1.60
2009.08.21 09:23:10.947,7.1295,7.13385,1.00,1.60
2009.08.21 09:23:11.545,7.1293,7.13385,4.70,1.60
2009.08.21 09:23:13.425,7.1297,7.1333,7.90,1.00
2009.08.21 09:23:13.825,7.1298,7.1333,2.40,1.00
2009.08.21 09:23:14.425,7.1299,7.13455,2.40,1.60
2009.08.21 09:23:16.604,7.12985,7.13435,2.30,1.60
2009.08.21 09:23:17.295,7.1298,7.13435,2.40,1.60
2009.08.21 09:23:17.654,7.1295,7.13435,1.00,1.60
2009.08.21 09:23:23.032,7.1298,7.13435,2.40,1.60
2009.08.21 09:23:29.861,7.1295,7.13435,1.00,1.60
2009.08.21 09:23:32.230,7.12975,7.13435,2.30,1.60
2009.08.21 09:23:32.930,7.1298,7.13435,2.40,1.60
2009.08.21 09:23:45.897,7.13,7.13435,1.00,1.60
2009.08.21 09:23:46.597,7.1298,7.13435,2.40,1.60
2009.08.21 09:23:47.417,7.1297,7.13435,2.40,1.60
2009.08.21 09:23:47.807,7.1295,7.13435,1.00,1.60
2009.08.21 09:23:50.286,7.1297,7.13435,1.00,1.60
2009.08.21 09:23:50.756,7.1298,7.13435,2.40,1.60
2009.08.21 09:23:51.106,7.1298,7.1334,2.40,1.00
2009.08.21 09:24:01.563,7.1298,7.13325,2.40,1.00
2009.08.21 09:24:25.897,7.1298,7.1332,2.40,1.00
2009.08.21 09:24:32.795,7.1298,7.1331,2.40,2.00
2009.08.21 09:24:32.956,7.1297,7.13425,2.40,1.00
2009.08.21 09:24:34.005,7.1295,7.1327,1.00,1.00
2009.08.21 09:24:35.857,7.1293,7.1325,2.40,1.00
2009.08.21 09:24:36.085,7.1293,7.13255,2.40,1.00
2009.08.21 09:24:37.144,7.1295,7.13255,1.00,1.00
2009.08.21 09:24:41.053,7.12935,7.13255,1.00,1.00
2009.08.21 09:24:41.733,7.1295,7.13255,1.00,1.00
2009.08.21 09:24:43.143,7.12935,7.13255,2.30,1.00
2009.08.21 09:24:47.992,7.12975,7.13235,1.00,1.00
2009.08.21 09:24:48.282,7.12975,7.13235,2.30,1.00
2009.08.21 09:24:48.922,7.1298,7.13235,2.40,1.00
2009.08.21 09:24:50.032,7.1298,7.1319,2.40,1.00
2009.08.21 09:24:59.739,7.1298,7.13205,2.40,1.00
2009.08.21 09:25:03.798,7.12985,7.13205,1.00,1.00
2009.08.21 09:25:04.328,7.12985,7.13205,2.30,1.00
2009.08.21 09:25:05.019,7.13,7.1343,1.00,2.00
2009.08.21 09:25:06.687,7.13,7.13505,1.00,1.60
2009.08.21 09:25:07.767,7.13,7.13435,1.00,1.60
2009.08.21 09:25:08.107,7.1303,7.1341,2.40,2.00
2009.08.21 09:25:08.807,7.13,7.13485,1.00,1.60
2009.08.21 09:25:12.156,7.1294,7.1326,3.90,1.00
2009.08.21 09:25:12.386,7.1294,7.1326,2.40,1.00
2009.08.21 09:25:12.626,7.1292,7.1326,4.00,1.00
2009.08.21 09:25:13.186,7.1287,7.13145,2.40,1.00
2009.08.21 09:25:13.826,7.1291,7.13145,4.70,1.00
2009.08.21 09:25:14.276,7.1291,7.13145,1.00,1.00
2009.08.21 09:25:14.925,7.1286,7.13145,4.70,1.00
2009.08.21 09:25:15.675,7.1293,7.13195,4.00,1.00
2009.08.21 09:25:16.085,7.1284,7.1314,4.70,1.00
2009.08.21 09:25:16.905,7.1288,7.1314,2.40,1.00
2009.08.21 09:25:17.605,7.1288,7.1314,2.40,1.00
2009.08.21 09:25:24.154,7.1284,7.1308,2.40,1.00
2009.08.21 09:25:27.702,7.1288,7.1308,2.40,1.00
2009.08.21 09:25:31.741,7.1288,7.1313,2.40,1.00
2009.08.21 09:25:32.072,7.12905,7.1313,1.00,1.00
2009.08.21 09:25:32.251,7.1291,7.13165,2.40,1.00
2009.08.21 09:25:34.741,7.1292,7.13165,2.40,1.00
2009.08.21 09:25:35.761,7.1292,7.1333,2.40,2.00
2009.08.21 09:25:41.549,7.1294,7.1331,1.00,2.00
2009.08.21 09:25:42.129,7.1292,7.1331,2.40,2.00
2009.08.21 09:25:43.339,7.1294,7.1331,1.00,2.00
2009.08.21 09:25:43.918,7.12915,7.13345,2.40,1.60
2009.08.21 09:25:44.098,7.1287,7.1328,4.70,2.80
2009.08.21 09:25:49.157,7.1287,7.13365,4.70,1.60
2009.08.21 09:25:54.226,7.12905,7.13255,1.00,1.00
2009.08.21 09:25:54.276,7.12905,7.13255,4.70,1.00
2009.08.21 09:25:54.636,7.1291,7.13255,2.40,1.00
2009.08.21 09:25:57.685,7.1294,7.13255,2.30,1.00
2009.08.21 09:25:58.355,7.13015,7.1355,1.00,1.00
2009.08.21 09:26:06.033,7.13015,7.13475,1.00,1.00
2009.08.21 09:26:06.273,7.12975,7.13475,1.00,1.00
2009.08.21 09:26:18.200,7.1296,7.13475,1.00,1.00
2009.08.21 09:26:21.150,7.12945,7.13475,1.00,1.00
2009.08.21 09:26:21.739,7.12945,7.13435,1.00,3.20
2009.08.21 09:26:22.431,7.1294,7.1331,1.00,1.00
2009.08.21 09:26:24.539,7.1296,7.1327,1.00,1.00
2009.08.21 09:26:27.858,7.1294,7.1327,1.00,1.00
2009.08.21 09:26:37.646,7.1299,7.13325,1.00,1.00
2009.08.21 09:26:42.284,7.1296,7.13325,1.00,1.00
2009.08.21 09:26:42.614,7.1301,7.13325,1.00,1.00
2009.08.21 09:26:43.604,7.1301,7.13345,1.00,1.00
2009.08.21 09:26:44.624,7.1299,7.13345,1.00,1.00
2009.08.21 09:26:51.813,7.1301,7.13345,1.00,1.00
2009.08.21 09:26:53.102,7.1301,7.1334,1.00,1.00
2009.08.21 09:26:57.201,7.1304,7.1334,1.00,1.00
2009.08.21 09:27:00.000,7.1294,7.1334,2.80,1.00
2009.08.21 09:27:00.630,7.1294,7.1334,1.00,1.00
2009.08.21 09:27:01.270,7.1301,7.1334,1.00,1.00
2009.08.21 09:27:01.560,7.1304,7.1334,1.00,1.00
2009.08.21 09:27:03.149,7.1304,7.1337,1.00,1.00
2009.08.21 09:27:05.699,7.1301,7.1337,1.00,1.00
2009.08.21 09:27:06.468,7.1304,7.1337,1.00,1.00
2009.08.21 09:27:06.818,7.1301,7.1337,1.00,1.00
2009.08.21 09:27:07.528,7.1299,7.1337,1.00,1.00
2009.08.21 09:27:08.588,7.1299,7.13325,1.00,1.00
2009.08.21 09:27:09.158,7.1296,7.13325,1.00,1.00
2009.08.21 09:27:13.247,7.1296,7.1334,1.00,1.00
2009.08.21 09:27:19.517,7.1291,7.1334,2.00,1.00
2009.08.21 09:27:19.756,7.129,7.13285,1.00,1.00
2009.08.21 09:27:26.374,7.1285,7.13285,2.80,1.00
2009.08.21 09:27:26.604,7.129,7.13285,1.00,1.00
2009.08.21 09:27:33.192,7.129,7.13335,1.00,1.00
2009.08.21 09:27:33.672,7.1293,7.13335,1.00,1.00
2009.08.21 09:27:38.941,7.129,7.13335,1.00,1.00
2009.08.21 09:27:40.441,7.1289,7.1324,1.00,2.00
2009.08.21 09:27:40.852,7.1289,7.13225,1.00,1.00
2009.08.21 09:27:54.478,7.1289,7.13145,1.00,1.00
2009.08.21 09:27:54.647,7.1283,7.13145,4.70,1.00
2009.08.21 09:27:58.066,7.1283,7.13145,3.10,1.00
2009.08.21 09:27:58.506,7.1283,7.13145,2.40,1.00
2009.08.21 09:27:58.966,7.1282,7.13145,1.00,1.00
2009.08.21 09:27:59.876,7.1283,7.13145,1.00,1.00
2009.08.21 09:28:03.225,7.1285,7.13145,1.00,1.00
2009.08.21 09:28:03.965,7.1288,7.13145,1.00,1.00
2009.08.21 09:28:04.785,7.1287,7.132,1.00,1.00
2009.08.21 09:28:05.235,7.1288,7.133,1.00,1.00
2009.08.21 09:28:06.684,7.1288,7.1324,1.00,1.00
2009.08.21 09:28:07.334,7.1285,7.1324,1.00,1.00
2009.08.21 09:28:11.423,7.1285,7.1322,1.00,1.00
2009.08.21 09:28:16.442,7.1283,7.1316,1.00,1.00
2009.08.21 09:28:18.361,7.1285,7.13135,1.00,1.60
2009.08.21 09:28:18.591,7.1284,7.1315,1.00,1.00
2009.08.21 09:28:21.411,7.1284,7.1315,1.00,2.40
2009.08.21 09:28:21.820,7.12725,7.1314,2.40,1.00
2009.08.21 09:28:22.110,7.1283,7.1307,1.00,1.00
2009.08.21 09:28:24.090,7.1285,7.1304,1.00,1.00
2009.08.21 09:28:25.190,7.1285,7.1308,1.00,1.60
2009.08.21 09:28:25.820,7.1283,7.1308,1.00,1.70
2009.08.21 09:28:26.769,7.1286,7.1304,1.00,1.00
2009.08.21 09:28:27.180,7.1285,7.1303,1.00,1.00
2009.08.21 09:28:28.569,7.1282,7.13105,1.00,1.00
2009.08.21 09:28:28.789,7.1281,7.131,1.00,1.60
2009.08.21 09:28:29.399,7.128,7.13085,1.00,1.60
2009.08.21 09:28:31.698,7.128,7.1308,1.00,1.60
2009.08.21 09:28:32.388,7.128,7.13075,1.00,1.60
2009.08.21 09:28:32.738,7.1279,7.1301,1.00,1.00
2009.08.21 09:28:33.728,7.1279,7.1307,1.00,1.70
2009.08.21 09:28:33.838,7.1279,7.1298,1.00,1.00
2009.08.21 09:28:34.869,7.1283,7.1298,1.00,1.00
2009.08.21 09:28:35.147,7.1282,7.1303,1.00,1.70
2009.08.21 09:28:38.726,7.1278,7.13025,1.00,1.60
2009.08.21 09:28:39.406,7.1277,7.13015,1.00,1.60
2009.08.21 09:28:39.746,7.1281,7.13005,1.00,1.60
2009.08.21 09:28:44.335,7.1283,7.1298,1.00,1.00
2009.08.21 09:28:45.045,7.1278,7.13015,1.00,1.60
2009.08.21 09:28:45.685,7.1278,7.1301,1.00,1.60
2009.08.21 09:28:51.144,7.1277,7.1301,1.00,1.60
2009.08.21 09:28:51.484,7.1275,7.1298,1.00,1.60
2009.08.21 09:28:51.773,7.1275,7.12985,1.00,1.60
2009.08.21 09:28:52.063,7.1275,7.12975,1.00,1.60
2009.08.21 09:28:53.053,7.1275,7.1297,1.00,1.60
2009.08.21 09:28:53.383,7.12685,7.131,1.60,1.00
2009.08.21 09:28:53.683,7.12685,7.1311,1.60,3.20
2009.08.21 09:28:54.033,7.12735,7.1311,1.60,3.20
2009.08.21 09:28:55.892,7.1277,7.13085,1.60,1.60
2009.08.21 09:28:56.602,7.1281,7.1299,1.00,1.00
2009.08.21 09:28:57.342,7.1276,7.1303,1.70,1.00
2009.08.21 09:28:58.022,7.12755,7.13,1.60,1.00
2009.08.21 09:28:58.602,7.1277,7.1312,1.60,1.60
2009.08.21 09:28:58.712,7.1277,7.1304,1.60,1.00
2009.08.21 09:28:59.182,7.1277,7.1304,1.70,1.00
2009.08.21 09:28:59.472,7.1277,7.1303,1.60,1.00
2009.08.21 09:28:59.811,7.1277,7.1308,1.60,1.60
2009.08.21 09:29:00.171,7.1277,7.131,1.60,1.60
2009.08.21 09:29:00.461,7.1282,7.1304,1.00,1.00
2009.08.21 09:29:01.031,7.1283,7.1304,1.00,1.00
2009.08.21 09:29:01.301,7.127,7.1312,2.40,1.60
2009.08.21 09:29:02.351,7.1281,7.1304,1.00,1.00
2009.08.21 09:29:02.990,7.127,7.1312,2.40,1.60
2009.08.21 09:29:03.261,7.128,7.1304,1.00,1.00
2009.08.21 09:29:03.920,7.127,7.13105,2.40,1.60
2009.08.21 09:29:04.790,7.1285,7.1306,1.00,1.00
2009.08.21 09:29:05.140,7.1285,7.13085,1.00,1.60
2009.08.21 09:29:05.840,7.1286,7.1303,1.00,1.00
2009.08.21 09:29:08.679,7.1287,7.1304,1.00,1.00
2009.08.21 09:29:09.309,7.1287,7.131,1.00,1.70
2009.08.21 09:29:09.919,7.1286,7.1303,1.00,1.00
2009.08.21 09:29:10.499,7.1287,7.13085,1.00,1.60
2009.08.21 09:29:10.859,7.1287,7.131,1.00,1.70
2009.08.21 09:29:12.720,7.1287,7.13095,1.00,1.60
2009.08.21 09:29:12.948,7.1286,7.1303,1.00,1.00
2009.08.21 09:29:13.178,7.1287,7.1313,1.00,1.70
2009.08.21 09:29:13.628,7.1287,7.1312,1.00,1.60
2009.08.21 09:29:13.808,7.1287,7.1312,1.00,1.70
2009.08.21 09:29:14.028,7.1286,7.1305,1.00,1.00
2009.08.21 09:29:14.588,7.1287,7.13095,1.00,1.60
2009.08.21 09:29:14.938,7.1287,7.1311,1.00,1.70
2009.08.21 09:29:15.118,7.1287,7.131,1.00,1.70
2009.08.21 09:29:15.347,7.1277,7.131,1.60,1.60
2009.08.21 09:29:15.578,7.127,7.13035,1.60,1.60
2009.08.21 09:29:15.927,7.1278,7.12985,2.40,1.60
2009.08.21 09:29:16.147,7.1277,7.12975,1.00,1.60
2009.08.21 09:29:16.807,7.1267,7.13,1.60,1.60
2009.08.21 09:29:17.157,7.1274,7.1297,1.00,1.60
2009.08.21 09:29:18.257,7.1277,7.1297,1.00,1.60
2009.08.21 09:29:19.367,7.1281,7.12985,1.00,1.60
2009.08.21 09:29:19.987,7.1281,7.1301,1.00,1.60
2009.08.21 09:29:21.017,7.1281,7.13,1.00,1.60
2009.08.21 09:29:21.296,7.128,7.12985,1.00,1.60
2009.08.21 09:29:22.276,7.1281,7.1299,1.00,1.60
2009.08.21 09:29:22.967,7.128,7.12975,1.00,1.60
2009.08.21 09:29:23.316,7.1276,7.12955,1.00,1.60
2009.08.21 09:29:23.736,7.1276,7.12995,1.00,1.60
2009.08.21 09:29:24.725,7.1275,7.1297,1.00,1.60
2009.08.21 09:29:28.245,7.1274,7.1303,1.00,1.00
2009.08.21 09:29:28.725,7.12735,7.13045,1.60,1.00
2009.08.21 09:29:28.955,7.12735,7.1309,1.60,1.00
2009.08.21 09:29:31.764,7.1283,7.1311,1.00,1.70
2009.08.21 09:29:33.094,7.1287,7.1311,1.00,1.70
2009.08.21 09:29:35.103,7.1287,7.1304,1.00,1.00
2009.08.21 09:29:39.522,7.1286,7.13045,1.00,1.60
2009.08.21 09:29:39.742,7.1283,7.13005,1.00,1.60
2009.08.21 09:29:45.600,7.1279,7.13005,1.00,1.60
2009.08.21 09:29:49.829,7.1283,7.13005,1.00,1.60
2009.08.21 09:29:50.589,7.1279,7.1301,1.00,1.60
2009.08.21 09:29:51.249,7.1278,7.12955,1.00,1.60
2009.08.21 09:29:57.228,7.1279,7.12955,1.00,1.60
2009.08.21 09:30:04.616,7.1279,7.1292,1.00,1.00
2009.08.21 09:30:10.624,7.128,7.1304,1.00,1.70
2009.08.21 09:30:13.584,7.1279,7.1293,1.00,1.00
2009.08.21 09:30:18.064,7.1271,7.1291,1.00,1.00
2009.08.21 09:30:18.523,7.127,7.12925,1.00,1.60
2009.08.21 09:30:18.992,7.1268,7.12915,1.00,1.60
2009.08.21 09:30:20.072,7.1268,7.12855,1.00,1.60
2009.08.21 09:30:21.032,7.1268,7.1283,1.00,1.00
2009.08.21 09:30:21.842,7.1263,7.1284,1.60,1.00
2009.08.21 09:30:22.551,7.1263,7.13045,1.60,1.00
2009.08.21 09:30:24.793,7.1273,7.13005,1.00,1.00
2009.08.21 09:30:25.421,7.1273,7.13055,1.00,1.00
2009.08.21 09:30:25.711,7.1274,7.13005,1.00,1.00
2009.08.21 09:30:26.860,7.1269,7.13005,1.00,1.00
2009.08.21 09:30:27.540,7.1274,7.12995,1.00,1.00
2009.08.21 09:30:27.880,7.1274,7.13,1.00,2.40
2009.08.21 09:30:28.500,7.1271,7.1301,1.00,1.00
2009.08.21 09:30:28.920,7.1271,7.13005,1.00,1.00
2009.08.21 09:30:29.160,7.1255,7.1287,2.40,1.00
2009.08.21 09:30:30.689,7.1258,7.1283,1.60,1.00
2009.08.21 09:30:31.389,7.1257,7.1283,1.60,1.00
2009.08.21 09:30:32.099,7.1265,7.1283,1.00,1.00
2009.08.21 09:30:32.449,7.1266,7.1283,1.00,1.00
2009.08.21 09:30:33.099,7.1268,7.12955,1.00,1.00
2009.08.21 09:30:33.729,7.1256,7.12955,1.60,1.00
2009.08.21 09:30:34.579,7.1256,7.1291,1.60,2.40
2009.08.21 09:30:35.288,7.1263,7.12885,1.00,1.00
2009.08.21 09:30:35.679,7.1262,7.12785,1.00,1.00
2009.08.21 09:30:38.858,7.1263,7.12895,1.00,1.00
2009.08.21 09:30:41.567,7.1259,7.12855,1.00,1.00
2009.08.21 09:30:41.967,7.126,7.12855,1.00,1.00
2009.08.21 09:30:42.777,7.1246,7.12825,1.60,1.60
2009.08.21 09:30:43.937,7.126,7.12825,1.00,1.60
2009.08.21 09:30:47.586,7.1263,7.12825,1.00,1.60
2009.08.21 09:30:47.935,7.1263,7.12875,1.00,3.20
2009.08.21 09:30:50.925,7.1263,7.12875,1.00,3.20
2009.08.21 09:30:51.605,7.1262,7.12825,1.00,1.60
2009.08.21 09:30:51.954,7.1251,7.12765,1.60,1.00
2009.08.21 09:30:52.514,7.126,7.12825,1.00,1.60
2009.08.21 09:30:53.214,7.126,7.12825,1.00,1.60
2009.08.21 09:30:56.154,7.1264,7.1279,1.00,1.00
2009.08.21 09:30:57.253,7.1262,7.12825,1.00,1.60
2009.08.21 09:30:58.923,7.1263,7.12885,1.00,1.00
2009.08.21 09:30:59.505,7.1263,7.1281,1.00,1.00
2009.08.21 09:31:00.302,7.1268,7.1281,1.00,1.00
2009.08.21 09:31:01.052,7.1251,7.12915,1.60,1.60
2009.08.21 09:31:01.452,7.1261,7.12845,1.00,1.00
2009.08.21 09:31:02.542,7.1251,7.12895,1.60,1.60
2009.08.21 09:31:03.242,7.1261,7.12825,1.00,1.00
2009.08.21 09:31:03.652,7.1261,7.12825,1.00,1.00
2009.08.21 09:31:04.291,7.1251,7.12895,1.60,1.60
2009.08.21 09:31:04.971,7.1251,7.12895,2.40,1.60
2009.08.21 09:31:05.251,7.1261,7.12825,1.00,1.00
2009.08.21 09:31:06.191,7.1251,7.12895,1.60,1.60
2009.08.21 09:31:06.831,7.1261,7.12825,1.00,1.00
2009.08.21 09:31:07.191,7.1251,7.12895,1.60,1.60
2009.08.21 09:31:09.250,7.126,7.12875,1.00,1.00
2009.08.21 09:31:09.890,7.1258,7.12785,1.00,1.00
2009.08.21 09:31:17.718,7.1257,7.12765,1.00,1.00
2009.08.21 09:31:18.018,7.1246,7.12765,1.60,1.00
2009.08.21 09:31:18.488,7.1256,7.12765,1.00,1.00
2009.08.21 09:31:18.908,7.1254,7.12725,1.00,1.00
2009.08.21 09:31:20.048,7.1257,7.12725,1.00,1.00
2009.08.21 09:31:22.527,7.1258,7.12725,1.00,1.00
2009.08.21 09:31:22.937,7.12475,7.12725,1.60,1.00
2009.08.21 09:31:23.227,7.1258,7.12725,1.00,1.00
2009.08.21 09:31:23.867,7.126,7.12725,1.00,1.00
2009.08.21 09:31:24.537,7.1258,7.12725,1.00,1.00
2009.08.21 09:31:25.806,7.1262,7.12725,1.00,1.00
2009.08.21 09:31:27.986,7.1262,7.128,1.00,1.00
2009.08.21 09:31:29.235,7.1262,7.12775,1.00,1.00
2009.08.21 09:31:38.733,7.1258,7.12775,1.00,1.00
2009.08.21 09:31:41.982,7.1263,7.12775,1.00,1.00
2009.08.21 09:31:42.672,7.1258,7.12765,1.00,1.00
2009.08.21 09:31:43.532,7.1258,7.1288,1.00,3.20
2009.08.21 09:31:43.932,7.1258,7.12785,1.00,1.00
2009.08.21 09:31:44.392,7.1259,7.12785,1.00,1.00
2009.08.21 09:31:53.240,7.1258,7.1275,1.00,1.00
2009.08.21 09:31:56.159,7.1259,7.12865,1.00,1.60
2009.08.21 09:31:56.829,7.1259,7.12785,1.00,1.00
2009.08.21 09:32:07.717,7.1263,7.12765,1.00,1.00
2009.08.21 09:32:08.116,7.1263,7.1288,1.00,1.00
2009.08.21 09:32:08.346,7.1258,7.1277,1.00,1.00
2009.08.21 09:32:13.215,7.1251,7.12705,1.00,1.00
2009.08.21 09:32:20.303,7.1249,7.12705,1.00,1.00
2009.08.21 09:32:23.292,7.1249,7.12685,1.00,1.00
2009.08.21 09:32:28.121,7.1247,7.12685,1.00,1.00
2009.08.21 09:32:33.400,7.1247,7.12675,1.00,1.00
2009.08.21 09:32:36.899,7.1249,7.12675,1.00,1.00
2009.08.21 09:32:47.157,7.1254,7.12675,1.00,1.00
2009.08.21 09:32:47.557,7.1252,7.12675,1.00,1.00
2009.08.21 09:32:48.017,7.1254,7.12675,1.00,1.00
2009.08.21 09:32:49.006,7.1259,7.12675,1.00,1.00
2009.08.21 09:32:49.398,7.1259,7.12885,1.00,2.40
2009.08.21 09:32:49.846,7.1259,7.12785,1.00,1.00
2009.08.21 09:32:54.195,7.12465,7.1276,2.40,1.00
2009.08.21 09:32:54.655,7.1254,7.1276,1.00,1.00
2009.08.21 09:32:56.244,7.1252,7.1274,1.00,1.00
2009.08.21 09:32:56.584,7.1254,7.1274,1.00,1.00
2009.08.21 09:33:03.193,7.1254,7.1274,1.00,1.00
2009.08.21 09:33:04.113,7.1257,7.1274,1.00,1.00
2009.08.21 09:33:04.632,7.1259,7.1274,1.00,1.00
2009.08.21 09:33:05.262,7.1254,7.1274,1.00,1.00
2009.08.21 09:33:07.852,7.1254,7.1274,1.00,1.00
2009.08.21 09:33:13.631,7.1254,7.1272,1.00,2.00
2009.08.21 09:33:14.260,7.1249,7.1269,2.50,1.00
2009.08.21 09:33:14.670,7.1249,7.12655,1.00,1.00
2009.08.21 09:33:16.300,7.1254,7.12655,1.00,1.00
2009.08.21 09:33:17.329,7.1249,7.1271,1.00,1.00
2009.08.21 09:33:20.879,7.1249,7.1269,1.00,1.00
2009.08.21 09:33:21.289,7.1249,7.12675,1.00,1.00
2009.08.21 09:33:49.082,7.1247,7.12675,1.00,1.00
2009.08.21 09:33:49.482,7.1249,7.12675,1.00,1.00
2009.08.21 09:33:49.952,7.1249,7.1269,1.00,1.00
2009.08.21 09:33:50.061,7.1249,7.1269,1.00,2.10
2009.08.21 09:33:51.521,7.1249,7.12695,1.00,1.00
2009.08.21 09:33:52.291,7.1249,7.1269,1.00,2.10
2009.08.21 09:33:52.641,7.1249,7.1269,1.00,1.00
2009.08.21 09:33:56.300,7.1249,7.1269,1.00,2.10
2009.08.21 09:33:56.980,7.1244,7.1267,3.20,2.00
2009.08.21 09:33:57.510,7.1247,7.1267,1.00,2.00
2009.08.21 09:33:58.090,7.1244,7.1264,1.00,1.00
2009.08.21 09:33:58.669,7.1244,7.1264,1.00,2.10
2009.08.21 09:34:03.498,7.1244,7.12625,1.00,1.00
2009.08.21 09:34:06.599,7.1244,7.12695,1.00,1.60
2009.08.21 09:34:07.238,7.1244,7.12625,1.00,1.00
2009.08.21 09:34:07.837,7.1239,7.12625,3.20,1.00
2009.08.21 09:34:08.487,7.1242,7.12625,1.00,1.00
2009.08.21 09:34:08.547,7.1244,7.12625,1.00,1.00
2009.08.21 09:34:09.897,7.1239,7.12625,3.20,1.00
2009.08.21 09:34:10.137,7.1242,7.12625,1.00,1.00
2009.08.21 09:34:10.587,7.1244,7.12695,1.00,1.60
2009.08.21 09:34:11.226,7.1239,7.1261,2.50,2.10
2009.08.21 09:34:11.916,7.1239,7.1259,1.00,1.00
2009.08.21 09:34:14.656,7.1234,7.1254,2.50,2.10
2009.08.21 09:34:15.706,7.1234,7.1254,1.00,2.10
2009.08.21 09:34:16.635,7.1234,7.1254,1.00,1.00
2009.08.21 09:34:18.435,7.1234,7.127,1.00,3.20
2009.08.21 09:34:20.660,7.1234,7.1256,1.00,1.00
2009.08.21 09:34:21.514,7.1234,7.127,1.00,3.20
2009.08.21 09:34:21.924,7.1234,7.12715,1.00,1.60
2009.08.21 09:34:22.384,7.1237,7.1256,1.00,1.00
2009.08.21 09:34:22.824,7.1239,7.1256,1.00,1.00
2009.08.21 09:34:23.284,7.1234,7.1256,1.00,1.00
2009.08.21 09:34:23.703,7.1234,7.12525,1.00,1.00
2009.08.21 09:34:24.403,7.1239,7.12525,1.00,1.00
2009.08.21 09:34:24.923,7.1234,7.12525,1.00,1.00
2009.08.21 09:34:25.393,7.1239,7.12525,1.00,1.00
2009.08.21 09:34:32.651,7.1239,7.1257,1.00,1.00
2009.08.21 09:34:35.151,7.1234,7.1254,1.00,1.00
2009.08.21 09:34:35.731,7.1234,7.1252,1.00,1.00
2009.08.21 09:34:37.810,7.1239,7.1252,1.00,1.00
2009.08.21 09:34:38.570,7.1239,7.1257,1.00,1.00
2009.08.21 09:34:47.968,7.1237,7.1257,1.00,1.00
2009.08.21 09:34:48.467,7.1234,7.1257,1.00,1.00
2009.08.21 09:34:49.677,7.1234,7.1254,1.00,1.00
2009.08.21 09:34:50.127,7.1234,7.1254,1.00,1.00
2009.08.21 09:34:50.187,7.1234,7.12665,1.00,1.60
2009.08.21 09:34:50.827,7.1239,7.1259,1.00,1.00
2009.08.21 09:34:58.555,7.1237,7.1257,1.00,1.00
2009.08.21 09:34:58.905,7.1224,7.1259,1.60,1.60
2009.08.21 09:35:00.095,7.1233,7.1259,1.00,1.60
2009.08.21 09:35:01.324,7.1236,7.1259,1.00,1.70
2009.08.21 09:35:01.444,7.1224,7.1253,1.70,1.00
2009.08.21 09:35:02.174,7.1234,7.1261,1.00,1.70
2009.08.21 09:35:05.893,7.1232,7.1253,1.00,1.00
2009.08.21 09:35:06.413,7.1232,7.1249,1.00,1.00
2009.08.21 09:35:07.823,7.1231,7.1247,1.00,1.00
2009.08.21 09:35:13.801,7.1236,7.12475,1.00,1.00
2009.08.21 09:35:15.501,7.1237,7.12475,1.00,1.00
2009.08.21 09:35:17.850,7.1232,7.1251,1.00,1.00
2009.08.21 09:35:20.070,7.1237,7.12515,1.00,1.00
2009.08.21 09:35:20.710,7.1237,7.1259,1.00,1.60
2009.08.21 09:35:21.400,7.1238,7.1259,1.00,1.60
2009.08.21 09:35:22.559,7.1237,7.12515,1.00,1.00
2009.08.21 09:35:22.969,7.1242,7.1259,1.00,1.60
2009.08.21 09:35:23.959,7.1242,7.12535,1.00,1.00
2009.08.21 09:35:27.068,7.1242,7.12535,1.00,1.00
2009.08.21 09:35:27.768,7.1244,7.12535,1.00,1.00
2009.08.21 09:35:28.228,7.1243,7.1259,1.00,1.00
2009.08.21 09:35:28.508,7.1243,7.1261,1.00,1.00
2009.08.21 09:35:31.588,7.1242,7.1256,1.00,1.00
2009.08.21 09:35:32.917,7.1243,7.1261,1.00,1.00
2009.08.21 09:35:35.266,7.1243,7.1264,1.00,1.60
2009.08.21 09:35:36.126,7.1242,7.1258,1.00,1.00
2009.08.21 09:35:36.396,7.1236,7.12575,1.00,1.60
2009.08.21 09:35:40.285,7.1237,7.12555,1.00,1.60
2009.08.21 09:35:42.305,7.1241,7.12585,1.00,1.60
2009.08.21 09:35:42.944,7.1241,7.12595,1.00,1.60
2009.08.21 09:35:43.844,7.1246,7.12595,1.00,1.60
2009.08.21 09:35:44.534,7.1241,7.12595,1.00,1.60
2009.08.21 09:35:45.614,7.1242,7.12595,1.00,1.60
2009.08.21 09:35:45.964,7.1237,7.12585,1.00,1.60
2009.08.21 09:35:46.593,7.1242,7.12595,1.00,1.60
2009.08.21 09:35:51.552,7.1242,7.12585,1.00,1.60
2009.08.21 09:35:52.022,7.1237,7.1256,1.00,1.60
2009.08.21 09:35:52.422,7.1237,7.12555,1.00,1.60
2009.08.21 09:35:54.272,7.1242,7.12555,1.00,1.60
2009.08.21 09:35:54.632,7.1242,7.12585,1.00,1.60
2009.08.21 09:35:54.732,7.1242,7.12595,1.00,1.60
2009.08.21 09:35:55.541,7.1242,7.12585,1.00,1.60
2009.08.21 09:35:55.931,7.1238,7.12585,1.00,1.60
2009.08.21 09:35:56.921,7.1237,7.12555,1.00,1.60
2009.08.21 09:35:57.541,7.1238,7.12555,1.00,1.60
2009.08.21 09:35:58.172,7.1237,7.12555,1.00,1.60
2009.08.21 09:35:58.811,7.1234,7.12535,1.00,1.60
2009.08.21 09:35:59.281,7.1233,7.12535,1.00,1.60
2009.08.21 09:36:03.809,7.1234,7.12535,1.00,1.60
2009.08.21 09:36:04.389,7.1238,7.12545,1.00,1.60
2009.08.21 09:36:04.620,7.1238,7.12555,1.00,1.60
2009.08.21 09:36:06.699,7.1243,7.12595,1.00,1.60
2009.08.21 09:36:12.008,7.1234,7.12535,1.00,1.60
2009.08.21 09:36:12.357,7.1235,7.12535,1.00,1.60
2009.08.21 09:36:12.817,7.1235,7.12555,1.00,1.60
2009.08.21 09:36:13.347,7.1235,7.1258,1.00,1.60
2009.08.21 09:36:13.978,7.1238,7.12555,1.00,1.60
2009.08.21 09:36:14.677,7.1235,7.12555,1.00,1.60
2009.08.21 09:36:14.837,7.1233,7.1249,1.00,1.00
2009.08.21 09:36:16.046,7.1238,7.125,1.00,1.00
2009.08.21 09:36:18.536,7.1233,7.1249,1.00,1.00
2009.08.21 09:36:19.336,7.1228,7.1244,1.00,1.00
2009.08.21 09:36:21.185,7.1228,7.124,1.00,1.00
2009.08.21 09:36:21.835,7.1228,7.1244,1.00,1.00
2009.08.21 09:36:32.013,7.1229,7.1244,1.00,1.00
2009.08.21 09:36:35.442,7.1228,7.12485,1.00,1.60
2009.08.21 09:36:45.409,7.1243,7.12605,1.00,2.40
2009.08.21 09:36:46.469,7.1243,7.12605,1.00,1.60
2009.08.21 09:36:47.210,7.124,7.12605,1.00,1.60
2009.08.21 09:36:47.919,7.1246,7.12605,1.00,1.60
2009.08.21 09:36:48.549,7.1232,7.1258,2.50,1.00
2009.08.21 09:36:48.958,7.1246,7.12655,1.00,1.60
2009.08.21 09:36:49.449,7.1251,7.12695,1.00,1.60
2009.08.21 09:36:49.958,7.1251,7.127,1.00,1.60
2009.08.21 09:36:50.638,7.1253,7.12695,1.00,1.60
2009.08.21 09:36:51.748,7.1253,7.12685,1.00,1.60
2009.08.21 09:36:52.438,7.1248,7.12685,1.00,1.60
2009.08.21 09:36:53.358,7.1248,7.12655,1.00,1.60
2009.08.21 09:36:54.617,7.1249,7.12685,1.00,1.60
2009.08.21 09:36:55.147,7.1254,7.12735,1.00,2.40
2009.08.21 09:36:55.617,7.1247,7.1269,2.40,1.00
2009.08.21 09:36:56.067,7.1256,7.12805,1.00,1.60
2009.08.21 09:36:56.517,7.1256,7.12765,1.00,1.60
2009.08.21 09:36:56.967,7.1251,7.12765,1.00,1.60
2009.08.21 09:36:57.443,7.1258,7.12785,1.00,1.60
2009.08.21 09:36:58.867,7.1255,7.1273,1.00,1.00
2009.08.21 09:36:59.336,7.1258,7.12795,1.00,1.60
2009.08.21 09:36:59.987,7.1263,7.12795,1.00,1.60
2009.08.21 09:37:01.046,7.1263,7.12785,1.00,1.60
2009.08.21 09:37:02.105,7.1264,7.1274,1.00,1.00
2009.08.21 09:37:02.805,7.1268,7.12865,1.00,1.60
2009.08.21 09:37:03.385,7.1263,7.12855,1.00,1.60
2009.08.21 09:37:04.315,7.126,7.12755,1.00,1.60
2009.08.21 09:37:05.445,7.1253,7.12735,1.00,1.60
2009.08.21 09:37:05.965,7.1248,7.12685,1.00,1.60
2009.08.21 09:37:07.524,7.1254,7.12735,1.00,1.60
2009.08.21 09:37:08.044,7.1254,7.1268,1.00,1.00
2009.08.21 09:37:08.504,7.1261,7.12805,1.00,1.60
2009.08.21 09:37:09.654,7.1258,7.12735,1.00,1.60
2009.08.21 09:37:10.345,7.1248,7.12735,2.50,1.60
2009.08.21 09:37:10.864,7.1248,7.12735,1.00,1.60
2009.08.21 09:37:11.323,7.1256,7.12785,1.00,1.60
2009.08.21 09:37:12.193,7.1256,7.12735,1.00,1.60
2009.08.21 09:37:13.593,7.1258,7.127,1.00,1.00
2009.08.21 09:37:14.343,7.1253,7.1265,1.00,1.00
2009.08.21 09:37:14.922,7.1253,7.1277,1.00,2.50
2009.08.21 09:37:15.162,7.1255,7.1277,1.00,2.40
2009.08.21 09:37:16.132,7.1255,7.1267,1.00,1.00
2009.08.21 09:37:17.692,7.1253,7.1265,1.00,1.00
2009.08.21 09:37:18.221,7.1253,7.1265,1.00,1.00
2009.08.21 09:37:18.811,7.1253,7.1277,1.00,2.50
2009.08.21 09:37:20.841,7.1258,7.1275,1.00,2.40
2009.08.21 09:37:21.933,7.1253,7.1275,1.00,1.70
2009.08.21 09:37:22.281,7.1258,7.127,1.00,1.00
2009.08.21 09:37:25.650,7.1258,7.12775,1.00,1.60
2009.08.21 09:37:26.509,7.1258,7.127,1.00,1.00
2009.08.21 09:37:29.199,7.1254,7.1269,1.00,1.00
2009.08.21 09:37:29.719,7.1253,7.1269,1.00,1.00
2009.08.21 09:37:30.129,7.1258,7.127,1.00,1.00
2009.08.21 09:37:32.768,7.1254,7.12735,1.00,1.60
2009.08.21 09:37:33.098,7.1253,7.12735,1.00,1.60
2009.08.21 09:37:33.458,7.1254,7.12735,1.00,1.60
2009.08.21 09:37:33.738,7.1258,7.12735,1.00,1.60
2009.08.21 09:37:34.378,7.1254,7.12735,1.00,1.60
2009.08.21 09:37:34.548,7.1251,7.12905,1.60,1.00
2009.08.21 09:37:34.947,7.125,7.12905,1.60,1.00
2009.08.21 09:37:37.827,7.125,7.12885,2.40,1.00
2009.08.21 09:37:45.535,7.1263,7.1292,1.00,3.20
2009.08.21 09:37:51.494,7.1248,7.129,2.40,3.20
2009.08.21 09:37:54.563,7.125,7.129,2.40,1.00
2009.08.21 09:37:55.213,7.1255,7.12935,2.40,1.60
2009.08.21 09:37:55.842,7.1255,7.12935,1.60,1.60
2009.08.21 09:37:56.243,7.1255,7.12935,2.40,1.60
2009.08.21 09:37:57.292,7.1255,7.12935,1.60,1.60
2009.08.21 09:37:57.932,7.1255,7.12935,2.40,1.60
2009.08.21 09:37:58.982,7.1261,7.1292,1.00,1.00
2009.08.21 09:38:02.241,7.1248,7.129,2.40,1.00
2009.08.21 09:38:04.430,7.1261,7.1283,1.00,1.00
2009.08.21 09:38:09.919,7.1268,7.1283,1.00,1.00
2009.08.21 09:38:10.739,7.1268,7.12955,1.00,1.00
2009.08.21 09:38:24.485,7.1268,7.1292,1.00,1.00
2009.08.21 09:38:25.105,7.1263,7.1285,1.00,1.00
2009.08.21 09:38:25.385,7.1248,7.1292,1.60,1.00
2009.08.21 09:38:25.435,7.1248,7.1292,2.40,1.00
2009.08.21 09:38:26.405,7.125,7.129,1.60,1.00
2009.08.21 09:38:26.755,7.125,7.129,2.40,1.00
2009.08.21 09:38:26.805,7.125,7.129,1.60,1.00
2009.08.21 09:38:27.835,7.1261,7.1284,1.00,1.00
2009.08.21 09:38:28.155,7.1248,7.1292,1.60,1.00
2009.08.21 09:38:29.765,7.1256,7.12875,1.00,2.40
2009.08.21 09:38:30.354,7.1256,7.1287,1.00,1.00
2009.08.21 09:38:33.853,7.1255,7.1287,1.00,1.00
2009.08.21 09:38:34.583,7.1253,7.1282,1.00,1.00
2009.08.21 09:38:39.812,7.1258,7.1282,1.00,1.00
2009.08.21 09:38:40.582,7.1258,7.1284,1.00,1.80
2009.08.21 09:38:40.933,7.1253,7.1282,1.00,1.00
2009.08.21 09:38:49.300,7.1249,7.1271,1.00,1.00
2009.08.21 09:38:49.770,7.1245,7.12725,1.00,1.00
2009.08.21 09:38:50.249,7.1246,7.12675,1.00,1.00
2009.08.21 09:38:50.659,7.1233,7.12775,2.40,4.00
2009.08.21 09:38:51.349,7.125,7.12675,1.00,1.00
2009.08.21 09:38:56.388,7.1249,7.127,1.00,1.00
2009.08.21 09:38:57.018,7.1245,7.1277,1.00,1.00
2009.08.21 09:38:57.949,7.1243,7.12725,1.00,3.20
2009.08.21 09:38:59.557,7.1233,7.1265,2.40,1.00
2009.08.21 09:39:00.009,7.1247,7.1265,1.00,1.00
2009.08.21 09:39:01.007,7.1233,7.1263,1.60,1.00
2009.08.21 09:39:01.417,7.1233,7.1263,2.40,1.00
2009.08.21 09:39:02.167,7.1235,7.1263,1.60,1.00
2009.08.21 09:39:02.896,7.1247,7.1263,1.00,1.00
2009.08.21 09:39:03.356,7.1247,7.127,1.00,1.00
2009.08.21 09:39:03.416,7.1242,7.127,1.00,1.00
2009.08.21 09:39:09.885,7.1228,7.1267,2.40,1.00
2009.08.21 09:39:10.115,7.1236,7.1267,1.00,1.00
2009.08.21 09:39:16.093,7.1228,7.12605,1.60,1.00
2009.08.21 09:39:16.803,7.1242,7.12605,1.00,1.00
2009.08.21 09:39:21.832,7.1241,7.12585,1.00,1.00
2009.08.21 09:39:26.060,7.1254,7.127,1.00,1.00
2009.08.21 09:39:28.450,7.1248,7.1279,1.00,1.00
2009.08.21 09:39:31.299,7.1254,7.127,1.00,1.00
2009.08.21 09:39:32.380,7.1248,7.1268,1.00,1.00
2009.08.21 09:39:32.729,7.1248,7.1279,1.00,1.00
2009.08.21 09:39:33.129,7.1254,7.1279,1.00,1.00
2009.08.21 09:39:33.819,7.1254,7.12685,1.00,1.00
2009.08.21 09:39:34.238,7.1248,7.12685,1.00,1.00
2009.08.21 09:39:35.158,7.1254,7.12665,1.00,1.00
2009.08.21 09:39:37.087,7.1259,7.12665,1.00,1.00
2009.08.21 09:39:37.588,7.1259,7.12715,1.00,1.00
2009.08.21 09:39:38.197,7.1256,7.12715,1.00,1.00
2009.08.21 09:39:38.907,7.1254,7.1282,1.00,1.00
2009.08.21 09:39:39.427,7.1253,7.12735,1.00,1.00
2009.08.21 09:39:40.957,7.1254,7.1282,1.00,1.00
2009.08.21 09:39:43.796,7.1254,7.1271,1.00,1.00
2009.08.21 09:39:46.185,7.1256,7.1286,1.00,1.60
2009.08.21 09:39:47.225,7.1256,7.1284,1.00,1.00
2009.08.21 09:39:47.465,7.1256,7.1284,1.00,1.60
2009.08.21 09:39:48.215,7.1256,7.1287,1.00,1.00
2009.08.21 09:39:48.915,7.1256,7.12865,1.00,3.20
2009.08.21 09:39:49.775,7.1251,7.12805,1.00,1.00
2009.08.21 09:39:50.754,7.1249,7.12805,1.00,1.00
2009.08.21 09:39:51.205,7.1249,7.12755,1.00,3.20
2009.08.21 09:39:52.644,7.1246,7.12725,1.00,1.00
2009.08.21 09:39:53.324,7.1243,7.12635,1.00,1.00
2009.08.21 09:39:53.794,7.1243,7.1274,1.00,1.00
2009.08.21 09:39:54.244,7.1246,7.1265,1.00,1.00
2009.08.21 09:39:54.863,7.1234,7.1265,2.40,1.00
2009.08.21 09:39:56.443,7.1242,7.1263,1.00,1.00
2009.08.21 09:40:01.921,7.1244,7.1275,1.00,1.60
2009.08.21 09:40:03.301,7.1234,7.1273,1.60,1.60
2009.08.21 09:40:03.921,7.1247,7.12645,1.00,1.00
2009.08.21 09:40:04.431,7.1247,7.1269,1.00,1.00
2009.08.21 09:40:06.400,7.1248,7.1267,1.00,1.00
2009.08.21 09:40:07.310,7.1234,7.1278,1.50,1.00
2009.08.21 09:40:08.360,7.1249,7.1269,1.00,1.00
2009.08.21 09:40:10.490,7.1248,7.1267,1.00,1.00
2009.08.21 09:40:11.199,7.1246,7.1278,1.00,1.00
2009.08.21 09:40:11.610,7.1246,7.12755,1.00,1.00
2009.08.21 09:40:12.769,7.1243,7.1265,1.00,1.00
2009.08.21 09:40:13.239,7.12305,7.12735,2.40,1.00
2009.08.21 09:40:13.629,7.1231,7.1275,1.50,1.60
2009.08.21 09:40:14.329,7.1244,7.12635,1.00,1.00
2009.08.21 09:40:14.799,7.1246,7.12635,1.00,1.00
2009.08.21 09:40:17.178,7.1246,7.12615,1.00,1.00
2009.08.21 09:40:20.897,7.1236,7.1282,1.50,1.60
2009.08.21 09:40:23.816,7.1238,7.1278,1.50,1.00
2009.08.21 09:40:29.655,7.1248,7.12805,1.00,1.60
2009.08.21 09:40:30.515,7.1248,7.1266,1.00,1.00
2009.08.21 09:40:34.914,7.1233,7.1276,4.00,1.60
2009.08.21 09:40:35.124,7.1246,7.1266,1.00,1.00
2009.08.21 09:40:38.033,7.1243,7.12755,1.00,1.00
2009.08.21 09:40:42.332,7.1243,7.1274,1.00,3.20
2009.08.21 09:40:42.854,7.1248,7.1266,1.00,1.00
2009.08.21 09:40:43.532,7.1248,7.1266,1.00,1.00
2009.08.21 09:40:43.932,7.1248,7.1264,1.00,1.00
2009.08.21 09:40:45.551,7.1249,7.1264,1.00,1.00
2009.08.21 09:40:46.311,7.1248,7.1264,1.00,1.00
2009.08.21 09:40:49.830,7.1249,7.1264,1.00,1.00
2009.08.21 09:40:50.570,7.1248,7.12775,1.00,1.00
2009.08.21 09:40:51.100,7.1246,7.12775,1.00,1.00
2009.08.21 09:40:52.830,7.1249,7.12755,1.00,1.00
2009.08.21 09:40:53.069,7.1246,7.12755,1.00,1.00
2009.08.21 09:40:53.639,7.1249,7.1274,1.00,1.00
2009.08.21 09:40:54.529,7.1244,7.1264,1.00,1.00
2009.08.21 09:40:54.949,7.1241,7.12735,1.00,1.00
2009.08.21 09:41:00.328,7.1244,7.12715,1.00,1.00
2009.08.21 09:41:03.247,7.1241,7.12715,1.00,1.00
2009.08.21 09:41:06.926,7.1244,7.12715,1.00,1.00
2009.08.21 09:41:08.355,7.1244,7.12735,1.00,1.00
2009.08.21 09:41:18.943,7.1243,7.12735,1.00,1.00
2009.08.21 09:41:19.363,7.1244,7.12735,1.00,1.00
2009.08.21 09:41:20.033,7.1243,7.12735,1.00,1.00
2009.08.21 09:41:20.673,7.1244,7.12735,1.00,1.00
2009.08.21 09:41:23.192,7.1247,7.1267,1.00,1.00
2009.08.21 09:41:23.832,7.1249,7.12775,1.00,1.00
2009.08.21 09:41:25.981,7.1247,7.1269,1.00,1.00
2009.08.21 09:41:27.111,7.1246,7.12775,1.00,1.00
2009.08.21 09:41:27.451,7.1249,7.12775,1.00,1.00
2009.08.21 09:41:28.173,7.1246,7.12755,1.00,1.00
2009.08.21 09:41:28.531,7.1249,7.12755,1.00,1.00
2009.08.21 09:41:28.881,7.1246,7.12755,1.00,1.00
2009.08.21 09:41:29.161,7.1249,7.1276,1.00,1.60
2009.08.21 09:41:29.211,7.1249,7.12785,1.00,3.20
2009.08.21 09:41:30.170,7.1253,7.1272,1.00,1.00
2009.08.21 09:41:30.670,7.1258,7.1277,1.00,1.00
2009.08.21 09:41:33.450,7.1253,7.1277,1.50,1.00
2009.08.21 09:41:34.300,7.1253,7.1297,1.50,1.00
2009.08.21 09:41:34.770,7.1259,7.1296,1.00,1.00
2009.08.21 09:41:35.189,7.1258,7.1296,1.00,1.00
2009.08.21 09:41:35.289,7.1258,7.1298,1.00,3.20
2009.08.21 09:41:36.079,7.1263,7.1294,1.00,3.20
2009.08.21 09:41:37.979,7.1251,7.1292,3.20,1.00
2009.08.21 09:41:38.679,7.1258,7.1292,1.00,3.20
2009.08.21 09:41:39.138,7.1258,7.1289,1.00,1.00
2009.08.21 09:41:41.298,7.126,7.1291,1.00,1.00
2009.08.21 09:41:42.738,7.1258,7.1289,1.00,1.00
2009.08.21 09:41:53.515,7.1255,7.1289,1.60,1.00
2009.08.21 09:41:54.135,7.126,7.1292,1.00,1.00
2009.08.21 09:41:54.765,7.1255,7.1292,1.60,1.00
2009.08.21 09:41:55.225,7.126,7.1292,1.00,1.00
2009.08.21 09:41:56.294,7.1263,7.1292,1.00,1.00
2009.08.21 09:41:59.623,7.1265,7.1296,1.00,3.20
2009.08.21 09:42:02.563,7.12675,7.1296,1.00,3.20
2009.08.21 09:42:03.782,7.127,7.1299,1.00,3.20
2009.08.21 09:42:05.172,7.127,7.1297,1.00,3.20
2009.08.21 09:42:05.752,7.127,7.129,1.00,1.00
2009.08.21 09:42:09.161,7.127,7.1283,1.00,1.00
2009.08.21 09:42:09.571,7.1263,7.1294,1.60,1.00
2009.08.21 09:42:10.651,7.1268,7.1292,1.00,1.00
2009.08.21 09:42:11.661,7.1268,7.1292,1.60,1.00
2009.08.21 09:42:12.660,7.1268,7.1292,1.00,1.00
2009.08.21 09:42:13.930,7.1263,7.1292,1.60,1.00
2009.08.21 09:42:16.189,7.1263,7.1289,1.00,1.00
2009.08.21 09:42:17.049,7.1263,7.1289,1.00,1.00
2009.08.21 09:42:19.160,7.1263,7.1289,1.00,1.00
2009.08.21 09:42:19.738,7.1263,7.128,1.00,1.00
2009.08.21 09:42:23.540,7.1263,7.1289,1.00,1.00
2009.08.21 09:42:23.658,7.1263,7.1291,1.00,1.00
2009.08.21 09:42:33.685,7.1261,7.1278,1.00,1.00
2009.08.21 09:42:34.375,7.1261,7.1289,1.00,1.00
2009.08.21 09:42:34.825,7.12605,7.1291,1.00,1.00
2009.08.21 09:42:39.384,7.12605,7.1291,1.00,1.00
2009.08.21 09:42:40.524,7.1263,7.1285,1.00,1.00
2009.08.21 09:42:47.912,7.12605,7.1293,1.00,1.00
2009.08.21 09:42:48.652,7.12605,7.12905,1.00,1.00
2009.08.21 09:42:48.872,7.12625,7.12905,1.00,1.00
2009.08.21 09:42:51.091,7.1263,7.1283,1.00,1.00
2009.08.21 09:43:02.799,7.1263,7.1294,1.60,2.40
2009.08.21 09:43:03.488,7.1268,7.129,1.00,1.00
2009.08.21 09:43:10.986,7.12675,7.12935,1.00,1.00
2009.08.21 09:43:12.846,7.12675,7.1285,1.00,1.00
2009.08.21 09:43:13.486,7.12605,7.12905,1.00,1.00
2009.08.21 09:43:13.955,7.12605,7.1292,1.00,1.00
2009.08.21 09:43:16.215,7.12605,7.1289,1.00,1.00
2009.08.21 09:43:17.025,7.1263,7.1283,1.00,1.00
2009.08.21 09:43:33.641,7.1263,7.1283,1.00,1.00
2009.08.21 09:43:36.550,7.1263,7.12885,1.00,1.00
2009.08.21 09:43:37.020,7.1263,7.1283,1.00,1.00
2009.08.21 09:43:43.090,7.1263,7.12955,1.60,1.00
2009.08.21 09:43:48.727,7.1263,7.1285,1.00,1.00
2009.08.21 09:43:51.766,7.1263,7.12935,1.00,1.00
2009.08.21 09:43:52.056,7.1263,7.12905,1.00,1.00
2009.08.21 09:43:53.116,7.1263,7.12925,1.00,1.00
2009.08.21 09:43:55.056,7.1263,7.1283,1.00,1.00
2009.08.21 09:43:55.286,7.1263,7.12905,1.60,1.00
2009.08.21 09:43:58.305,7.1263,7.12935,1.60,1.00
2009.08.21 09:43:58.805,7.1265,7.12935,1.00,1.00
2009.08.21 09:43:59.445,7.1265,7.12915,1.00,1.00
2009.08.21 09:43:59.975,7.1265,7.1285,1.00,1.00
2009.08.21 09:44:00.664,7.1265,7.12955,1.00,1.00
2009.08.21 09:44:16.551,7.1265,7.12925,1.00,2.40
2009.08.21 09:44:16.610,7.1265,7.1292,1.00,1.00
2009.08.21 09:44:33.236,7.1265,7.1294,1.00,1.00
2009.08.21 09:44:34.786,7.1265,7.12875,1.00,1.00
2009.08.21 09:44:35.856,7.1258,7.12875,1.00,1.00
2009.08.21 09:44:39.055,7.1258,7.12825,1.00,1.00
2009.08.21 09:44:41.125,7.1258,7.12845,1.00,3.20
2009.08.21 09:44:45.313,7.1256,7.12845,1.00,3.20
2009.08.21 09:44:49.503,7.1256,7.12845,1.00,2.40
2009.08.21 09:44:49.553,7.1258,7.1278,1.00,1.00
2009.08.21 09:44:52.812,7.1256,7.12845,1.00,3.20
2009.08.21 09:44:53.832,7.1256,7.1275,1.00,1.00
2009.08.21 09:44:54.183,7.1258,7.128,1.00,1.00
2009.08.21 09:44:54.751,7.12605,7.12915,1.00,3.20
2009.08.21 09:44:56.501,7.12605,7.128,1.00,1.00
2009.08.21 09:44:57.241,7.12605,7.12915,1.00,3.20
2009.08.21 09:44:57.931,7.1263,7.1285,1.00,1.00
2009.08.21 09:44:58.220,7.12605,7.12895,1.00,3.20
2009.08.21 09:44:58.610,7.12605,7.12895,1.00,4.80
2009.08.21 09:44:59.120,7.1257,7.12845,1.00,1.00
2009.08.21 09:45:01.020,7.1258,7.1278,1.00,1.00
2009.08.21 09:45:02.730,7.1257,7.12845,1.00,3.20
2009.08.21 09:45:13.707,7.1256,7.12845,1.00,3.20
2009.08.21 09:45:15.496,7.1256,7.12845,1.00,4.80
2009.08.21 09:45:16.086,7.1256,7.1275,1.00,1.00
2009.08.21 09:45:23.914,7.1263,7.129,1.00,2.40
2009.08.21 09:45:24.264,7.1259,7.12915,1.00,3.20
2009.08.21 09:45:32.662,7.1259,7.1289,1.00,1.00
2009.08.21 09:45:34.624,7.1254,7.12825,1.00,1.00
2009.08.21 09:45:35.271,7.1254,7.12825,1.00,2.40
2009.08.21 09:45:36.281,7.1254,7.12825,1.00,1.00
2009.08.21 09:45:36.581,7.1254,7.12845,1.00,1.00
2009.08.21 09:45:37.821,7.1255,7.12845,1.00,1.00
2009.08.21 09:45:38.271,7.1243,7.12845,1.60,1.00
2009.08.21 09:45:39.191,7.1252,7.1285,1.60,2.40
2009.08.21 09:45:39.980,7.1257,7.12885,1.00,1.00
2009.08.21 09:45:40.431,7.1259,7.12865,1.00,2.40
2009.08.21 09:45:40.840,7.1259,7.1279,1.00,1.00
2009.08.21 09:45:41.521,7.1256,7.1278,1.00,1.00
2009.08.21 09:45:42.032,7.1261,7.1281,1.00,2.50
2009.08.21 09:45:42.560,7.1261,7.1281,1.00,1.00
2009.08.21 09:45:42.920,7.1261,7.1288,1.00,1.00
2009.08.21 09:45:43.850,7.1261,7.1278,1.00,1.00
2009.08.21 09:45:44.319,7.1261,7.1287,1.00,1.60
2009.08.21 09:45:44.779,7.1262,7.1283,1.00,1.00
2009.08.21 09:45:46.119,7.12605,7.1288,1.00,1.00
2009.08.21 09:45:48.998,7.1263,7.1281,1.00,1.00
2009.08.21 09:45:49.448,7.1266,7.1281,1.00,1.00
2009.08.21 09:45:50.368,7.1266,7.1292,1.00,1.60
2009.08.21 09:45:50.838,7.1262,7.1283,1.00,1.00
2009.08.21 09:45:53.137,7.1263,7.1281,1.00,1.00
2009.08.21 09:45:55.916,7.1263,7.1276,1.00,1.00
2009.08.21 09:45:58.356,7.1263,7.1281,1.00,1.00
2009.08.21 09:46:02.115,7.1263,7.1288,1.00,1.00
2009.08.21 09:46:03.115,7.1263,7.1277,1.00,1.00
2009.08.21 09:46:03.525,7.12585,7.1277,1.00,1.00
2009.08.21 09:46:05.204,7.12585,7.1287,1.00,1.60
2009.08.21 09:46:05.314,7.12585,7.1285,1.00,1.00
2009.08.21 09:46:06.694,7.12585,7.1277,1.00,1.00
2009.08.21 09:46:07.354,7.12565,7.1285,1.00,1.00
2009.08.21 09:46:07.964,7.12565,7.1276,1.00,1.00
2009.08.21 09:46:11.143,7.12565,7.127,1.00,1.00
2009.08.21 09:46:12.632,7.1249,7.1275,1.00,1.70
2009.08.21 09:46:13.033,7.1249,7.1269,1.00,1.00
2009.08.21 09:46:16.462,7.12485,7.1265,1.00,1.00
2009.08.21 09:46:20.151,7.1244,7.1266,1.00,1.00
2009.08.21 09:46:20.511,7.1241,7.1271,1.00,1.00
2009.08.21 09:46:21.590,7.1243,7.1262,1.00,1.00
2009.08.21 09:46:21.880,7.1241,7.1272,1.00,2.40
2009.08.21 09:46:21.940,7.1243,7.1262,1.00,1.00
2009.08.21 09:46:23.180,7.1241,7.1255,1.00,1.00
2009.08.21 09:46:23.870,7.1238,7.1255,1.00,1.00
2009.08.21 09:46:25.600,7.1236,7.1254,1.00,1.00
2009.08.21 09:46:26.549,7.1236,7.1265,1.60,1.00
2009.08.21 09:46:27.190,7.1236,7.1265,1.00,1.00
2009.08.21 09:46:27.869,7.1238,7.1257,1.00,1.00
2009.08.21 09:46:28.449,7.1239,7.1267,1.00,2.60
2009.08.21 09:46:28.739,7.1238,7.1257,1.00,1.00
2009.08.21 09:46:29.268,7.1239,7.1267,1.00,2.60
2009.08.21 09:46:30.848,7.1238,7.1257,1.00,1.00
2009.08.21 09:46:31.548,7.1238,7.1263,1.00,1.00
2009.08.21 09:46:31.958,7.1238,7.126,1.00,1.60
2009.08.21 09:46:32.588,7.1242,7.1265,1.00,3.20
2009.08.21 09:46:33.007,7.1239,7.1268,1.00,3.20
2009.08.21 09:46:33.617,7.1236,7.1266,1.60,3.20
2009.08.21 09:46:34.259,7.1236,7.1266,1.60,2.40
2009.08.21 09:46:34.837,7.1238,7.1267,1.00,1.00
2009.08.21 09:46:43.625,7.1228,7.1267,1.60,1.00
2009.08.21 09:46:44.265,7.1241,7.126,1.00,1.00
2009.08.21 09:46:44.835,7.1228,7.12675,1.60,1.00
2009.08.21 09:46:45.254,7.1228,7.1269,1.60,1.60
2009.08.21 09:46:45.894,7.1241,7.1262,1.00,1.00
2009.08.21 09:46:52.383,7.1244,7.1271,1.00,1.60
2009.08.21 09:46:53.063,7.1243,7.1262,1.00,1.00
2009.08.21 09:46:53.712,7.1241,7.12695,1.00,1.00
2009.08.21 09:46:54.412,7.1241,7.1266,1.00,1.00
2009.08.21 09:46:55.162,7.1235,7.1266,1.00,1.00
2009.08.21 09:46:55.672,7.1238,7.1265,1.00,1.00
2009.08.21 09:46:56.322,7.1235,7.1265,1.00,1.00
2009.08.21 09:47:01.711,7.1239,7.1258,1.00,1.00
2009.08.21 09:47:02.790,7.1235,7.12645,1.00,1.00
2009.08.21 09:47:05.730,7.1237,7.12645,1.00,1.00
2009.08.21 09:47:06.009,7.1239,7.1258,1.00,1.00
2009.08.21 09:47:06.729,7.1235,7.12645,1.00,1.00
2009.08.21 09:47:09.619,7.1221,7.12645,1.00,1.00
2009.08.21 09:47:11.878,7.12235,7.12645,1.00,1.00
2009.08.21 09:47:12.338,7.12235,7.12645,2.30,1.00
2009.08.21 09:47:13.038,7.1223,7.12645,1.00,1.00
2009.08.21 09:47:16.577,7.1225,7.12645,1.00,1.00
2009.08.21 09:47:22.426,7.12235,7.12645,2.30,1.00
2009.08.21 09:47:23.076,7.12235,7.12605,1.60,1.00
2009.08.21 09:47:23.695,7.1223,7.1265,1.00,3.20
2009.08.21 09:47:25.366,7.1225,7.1265,1.00,3.20
2009.08.21 09:47:26.005,7.1228,7.12695,1.00,3.20
2009.08.21 09:47:26.714,7.1228,7.1273,1.00,1.00
2009.08.21 09:47:28.624,7.1224,7.12685,1.00,2.40
2009.08.21 09:47:28.984,7.1226,7.12725,1.00,1.00
2009.08.21 09:47:30.414,7.1226,7.12685,1.00,3.20
2009.08.21 09:47:30.814,7.1219,7.12685,2.40,3.20
2009.08.21 09:47:31.504,7.1223,7.12685,1.00,3.20
2009.08.21 09:47:35.772,7.1226,7.12685,1.00,3.20
2009.08.21 09:47:38.582,7.1223,7.12685,1.00,3.20
2009.08.21 09:47:40.501,7.1221,7.12635,1.00,1.00
2009.08.21 09:47:43.441,7.1217,7.1259,2.00,1.00
2009.08.21 09:47:44.261,7.1216,7.1259,1.00,1.00
2009.08.21 09:47:45.182,7.12105,7.12575,2.40,1.00
2009.08.21 09:47:45.950,7.1212,7.1253,1.00,1.00
2009.08.21 09:47:46.426,7.1207,7.1253,1.00,1.00
2009.08.21 09:47:47.180,7.1207,7.12485,1.00,1.00
2009.08.21 09:47:47.680,7.1209,7.1253,1.00,1.00
2009.08.21 09:47:48.539,7.1199,7.12475,3.20,1.60
2009.08.21 09:47:48.979,7.1199,7.12325,1.00,1.60
2009.08.21 09:47:49.429,7.1203,7.12325,1.00,1.60
2009.08.21 09:47:50.072,7.1188,7.1222,1.60,1.60
2009.08.21 09:47:50.539,7.11835,7.12215,2.40,1.60
2009.08.21 09:47:51.399,7.1188,7.12255,2.40,1.60
2009.08.21 09:47:52.149,7.1195,7.12205,1.00,1.60
2009.08.21 09:47:52.599,7.1183,7.12205,2.40,1.60
2009.08.21 09:47:53.498,7.1193,7.1214,1.00,1.00
2009.08.21 09:47:53.958,7.119,7.1209,1.00,1.00
2009.08.21 09:47:54.478,7.1188,7.1209,1.00,1.00
2009.08.21 09:47:55.340,7.1195,7.1212,1.00,1.00
2009.08.21 09:47:55.808,7.1197,7.1212,1.00,1.00
2009.08.21 09:47:56.798,7.12,7.12225,1.00,1.60
2009.08.21 09:47:57.257,7.11875,7.1216,1.60,1.00
2009.08.21 09:47:58.137,7.1196,7.12205,1.00,1.60
2009.08.21 09:47:58.598,7.1198,7.1219,1.00,1.00
2009.08.21 09:47:59.417,7.1204,7.1214,1.00,1.00
2009.08.21 09:47:59.877,7.12,7.1224,2.40,2.40
2009.08.21 09:48:00.304,7.1208,7.1238,1.00,2.50
2009.08.21 09:48:00.987,7.1203,7.1227,1.00,1.00
2009.08.21 09:48:02.156,7.1205,7.1224,1.00,1.00
2009.08.21 09:48:04.766,7.12,7.1224,1.60,1.00
2009.08.21 09:48:05.455,7.1208,7.1224,1.00,1.00
2009.08.21 09:48:06.685,7.1195,7.1224,3.20,1.00
2009.08.21 09:48:07.095,7.1205,7.1224,1.00,1.00
2009.08.21 09:48:09.094,7.121,7.1224,1.00,1.00
2009.08.21 09:48:12.114,7.1207,7.1224,1.00,1.00
2009.08.21 09:48:13.323,7.121,7.1224,1.00,1.00
2009.08.21 09:48:14.204,7.1205,7.12385,1.60,1.60
2009.08.21 09:48:15.133,7.1205,7.12385,2.40,1.60
2009.08.21 09:48:15.603,7.1215,7.1229,1.00,1.00
2009.08.21 09:48:16.063,7.1203,7.12435,2.40,1.60
2009.08.21 09:48:17.393,7.1205,7.12415,4.80,1.60
2009.08.21 09:48:18.022,7.1218,7.1234,1.00,1.00
2009.08.21 09:48:18.472,7.122,7.1234,1.00,1.00
2009.08.21 09:48:19.003,7.1221,7.1234,1.00,1.00
2009.08.21 09:48:19.533,7.1223,7.1241,1.00,1.00
2009.08.21 09:48:20.003,7.1218,7.1243,1.00,1.60
2009.08.21 09:48:20.472,7.1216,7.1236,1.00,1.00
2009.08.21 09:48:21.412,7.122,7.1236,1.00,1.00
2009.08.21 09:48:21.862,7.1218,7.1237,1.00,1.00
2009.08.21 09:48:22.391,7.122,7.1237,1.00,1.00
2009.08.21 09:48:24.591,7.1223,7.1237,1.00,1.00
2009.08.21 09:48:25.061,7.1225,7.1237,1.00,1.00
2009.08.21 09:48:25.642,7.1213,7.1237,2.40,1.00
2009.08.21 09:48:26.100,7.122,7.1239,1.00,1.00
2009.08.21 09:48:26.730,7.1223,7.12495,1.00,1.60
2009.08.21 09:48:27.140,7.1222,7.124,1.00,1.00
2009.08.21 09:48:27.660,7.1224,7.124,1.00,1.00
2009.08.21 09:48:28.130,7.1217,7.1252,1.00,1.00
2009.08.21 09:48:28.603,7.1216,7.1252,1.00,1.00
2009.08.21 09:48:29.081,7.1216,7.1249,1.00,1.00
2009.08.21 09:48:29.550,7.121,7.12515,2.30,1.00
2009.08.21 09:48:30.080,7.1219,7.12515,1.00,1.00
2009.08.21 09:48:31.679,7.1223,7.1252,1.00,1.00
2009.08.21 09:48:32.199,7.1221,7.1256,1.00,1.60
2009.08.21 09:48:32.609,7.1221,7.1256,1.00,1.00
2009.08.21 09:48:33.129,7.1219,7.1256,1.00,1.00
2009.08.21 09:48:34.548,7.1221,7.12525,1.00,1.00
2009.08.21 09:48:35.018,7.1224,7.12635,1.00,1.00
2009.08.21 09:48:35.880,7.1219,7.1259,1.00,1.00
2009.08.21 09:48:36.858,7.1214,7.1252,1.00,1.00
2009.08.21 09:48:38.488,7.1206,7.12415,1.00,1.00
2009.08.21 09:48:40.592,7.12,7.12395,1.60,1.00
2009.08.21 09:48:41.048,7.1195,7.1239,1.60,1.00
2009.08.21 09:48:41.557,7.1204,7.1238,1.00,1.00
2009.08.21 09:48:43.476,7.11905,7.12315,2.40,1.00
2009.08.21 09:48:43.897,7.1194,7.12315,1.00,3.20
2009.08.21 09:48:44.366,7.1197,7.12315,1.00,3.20
2009.08.21 09:48:44.827,7.1204,7.12405,1.00,1.00
2009.08.21 09:48:45.297,7.1201,7.12355,1.00,1.00
2009.08.21 09:48:46.215,7.11895,7.1224,2.40,1.00
2009.08.21 09:48:46.716,7.1184,7.1221,1.00,1.00
2009.08.21 09:48:48.145,7.1191,7.1223,1.00,1.00
2009.08.21 09:48:51.854,7.1194,7.12275,1.00,1.00
2009.08.21 09:48:52.364,7.1196,7.12285,1.00,1.00
2009.08.21 09:48:53.705,7.1194,7.12285,1.00,1.00
2009.08.21 09:48:54.184,7.11875,7.12245,2.40,1.00
2009.08.21 09:48:54.693,7.1191,7.12245,1.00,1.00
2009.08.21 09:48:55.094,7.1194,7.12275,1.00,1.00
2009.08.21 09:48:55.853,7.1196,7.12285,1.00,1.00
2009.08.21 09:48:56.313,7.1189,7.12245,1.00,1.00
2009.08.21 09:48:56.793,7.11845,7.1223,2.40,1.00
2009.08.21 09:48:57.683,7.1189,7.1223,1.00,1.00
2009.08.21 09:48:58.903,7.1194,7.1228,1.00,1.00
2009.08.21 09:49:00.637,7.1189,7.1223,1.00,1.00
2009.08.21 09:49:01.602,7.1195,7.1236,1.00,1.00
2009.08.21 09:49:02.122,7.119,7.1231,1.00,1.00
2009.08.21 09:49:03.462,7.1187,7.1229,2.80,1.00
2009.08.21 09:49:04.402,7.1187,7.12235,1.00,1.00
2009.08.21 09:49:05.291,7.1189,7.12285,1.00,1.00
2009.08.21 09:49:05.751,7.1189,7.1217,1.00,1.00
2009.08.21 09:49:07.182,7.1182,7.122,1.00,1.00
2009.08.21 09:49:08.091,7.1182,7.12095,1.00,1.00
2009.08.21 09:49:08.561,7.1179,7.1217,1.00,1.00
2009.08.21 09:49:08.980,7.1177,7.12145,1.00,3.20
2009.08.21 09:49:11.194,7.1182,7.12185,1.00,1.00
2009.08.21 09:49:11.640,7.1179,7.12095,1.00,1.00
2009.08.21 09:49:12.109,7.1177,7.1221,1.00,3.20
2009.08.21 09:49:12.800,7.1179,7.1221,1.00,3.20
2009.08.21 09:49:13.253,7.1184,7.123,1.00,1.00
2009.08.21 09:49:13.727,7.1189,7.12145,1.00,1.00
2009.08.21 09:49:14.191,7.1187,7.12145,1.00,1.00
2009.08.21 09:49:14.659,7.1187,7.1228,1.00,1.00
2009.08.21 09:49:16.108,7.1189,7.12285,1.00,1.00
2009.08.21 09:49:17.088,7.1192,7.12285,1.00,1.00
2009.08.21 09:49:18.578,7.1194,7.1222,1.00,1.00
2009.08.21 09:49:19.058,7.1197,7.1222,1.00,1.00
2009.08.21 09:49:20.307,7.1185,7.1224,1.00,1.00
2009.08.21 09:49:21.057,7.1182,7.1224,1.00,1.00
2009.08.21 09:49:21.457,7.1184,7.12235,1.00,3.20
2009.08.21 09:49:21.987,7.1184,7.12145,1.00,1.00
2009.08.21 09:49:23.027,7.1187,7.12255,1.00,3.20
2009.08.21 09:49:23.780,7.1189,7.12255,1.00,3.20
2009.08.21 09:49:24.418,7.1195,7.122,1.00,1.00
2009.08.21 09:49:24.937,7.1195,7.12345,1.00,3.20
2009.08.21 09:49:26.456,7.1192,7.12295,1.00,3.20
2009.08.21 09:49:26.516,7.1189,7.12295,1.00,3.20
2009.08.21 09:49:27.516,7.1187,7.12295,1.00,3.20
2009.08.21 09:49:28.405,7.1189,7.12285,1.00,1.00
2009.08.21 09:49:32.425,7.1178,7.12285,2.30,1.00
2009.08.21 09:49:33.124,7.1183,7.12195,1.00,3.20
2009.08.21 09:49:33.864,7.1195,7.12105,1.00,1.00
2009.08.21 09:49:34.264,7.119,7.1224,1.00,1.00
2009.08.21 09:49:34.734,7.119,7.1226,1.00,1.00
2009.08.21 09:49:35.194,7.1185,7.1229,2.40,1.00
2009.08.21 09:49:35.654,7.1192,7.1225,1.00,1.00
2009.08.21 09:49:36.183,7.1198,7.1218,1.00,1.00
2009.08.21 09:49:37.523,7.12,7.1215,1.00,1.00
2009.08.21 09:49:38.043,7.12,7.1219,1.00,1.00
2009.08.21 09:49:38.453,7.1205,7.122,1.00,1.00
2009.08.21 09:49:39.763,7.12,7.1219,1.00,1.00
2009.08.21 09:49:40.473,7.1188,7.1214,2.30,1.00
2009.08.21 09:49:40.893,7.1187,7.1214,1.00,1.00
2009.08.21 09:49:41.367,7.1195,7.1231,1.00,1.00
2009.08.21 09:49:41.892,7.12055,7.12435,1.00,3.20
2009.08.21 09:49:42.302,7.1193,7.12435,2.40,3.20
2009.08.21 09:49:42.782,7.1205,7.1245,1.00,1.00
2009.08.21 09:49:43.232,7.1219,7.12475,1.00,1.00
2009.08.21 09:49:43.682,7.1219,7.12435,1.00,1.00
2009.08.21 09:49:46.341,7.1221,7.12535,1.00,1.00
2009.08.21 09:49:46.691,7.12285,7.12535,1.00,1.00
2009.08.21 09:49:47.091,7.12285,7.12525,1.00,1.00
2009.08.21 09:49:53.159,7.12285,7.1253,1.00,1.00
2009.08.21 09:49:54.209,7.1222,7.12485,1.00,1.00
2009.08.21 09:49:55.319,7.1217,7.12485,1.00,1.00
2009.08.21 09:49:57.198,7.1217,7.12475,1.00,1.00
2009.08.21 09:50:00.168,7.1222,7.12525,1.00,1.00
2009.08.21 09:50:03.737,7.1222,7.1257,1.60,1.00
2009.08.21 09:50:04.157,7.12295,7.1257,1.00,1.00
2009.08.21 09:50:06.306,7.12295,7.1259,1.00,2.40
2009.08.21 09:50:06.366,7.12295,7.12585,1.00,1.00
2009.08.21 09:50:07.932,7.12295,7.1254,1.00,3.20
2009.08.21 09:50:09.035,7.12295,7.12495,1.00,1.00
2009.08.21 09:50:09.725,7.1205,7.1244,1.00,1.00
2009.08.21 09:50:10.665,7.1211,7.1244,1.00,1.00
2009.08.21 09:50:12.385,7.12185,7.1244,1.00,1.00
2009.08.21 09:50:13.724,7.12185,7.12485,1.00,1.00
2009.08.21 09:50:17.994,7.12185,7.1245,1.00,1.00
2009.08.21 09:50:18.478,7.12185,7.12485,1.00,1.00
2009.08.21 09:50:20.675,7.1216,7.12485,1.00,1.00
2009.08.21 09:50:21.143,7.12165,7.1244,1.00,1.00
2009.08.21 09:50:28.601,7.12165,7.12485,1.00,1.00
2009.08.21 09:50:30.660,7.1206,7.12485,2.40,1.00
2009.08.21 09:50:31.131,7.12195,7.12485,1.00,1.00
2009.08.21 09:50:36.789,7.12215,7.1253,1.00,1.00
2009.08.21 09:50:40.728,7.12215,7.1254,1.00,1.00
2009.08.21 09:50:41.028,7.1221,7.1254,1.00,1.00
2009.08.21 09:50:47.397,7.1216,7.125,1.00,1.00
2009.08.21 09:50:50.276,7.1218,7.12535,1.00,1.00
2009.08.21 09:50:54.305,7.12245,7.12535,1.00,1.00
2009.08.21 09:50:55.124,7.1218,7.12535,1.00,1.00
2009.08.21 09:50:55.714,7.1219,7.12535,1.00,1.00
2009.08.21 09:50:56.225,7.12175,7.12545,1.00,1.00
2009.08.21 09:50:59.654,7.1219,7.1259,1.00,1.00
2009.08.21 09:51:01.793,7.1224,7.1264,1.00,1.00
2009.08.21 09:51:02.573,7.12205,7.1259,1.00,1.00
2009.08.21 09:51:03.954,7.1221,7.1259,1.00,1.00
2009.08.21 09:51:04.522,7.1224,7.1259,1.00,1.00
2009.08.21 09:51:04.982,7.12255,7.1259,1.00,1.00
2009.08.21 09:51:05.922,7.12255,7.126,1.00,1.00
2009.08.21 09:51:07.482,7.12255,7.12645,1.00,1.00
2009.08.21 09:51:07.942,7.1232,7.12645,1.00,1.00
2009.08.21 09:51:08.412,7.1232,7.1269,1.00,1.00
2009.08.21 09:51:09.561,7.1231,7.12695,1.00,1.00
2009.08.21 09:51:12.041,7.1231,7.1265,1.00,3.20
2009.08.21 09:51:12.510,7.1226,7.1265,1.00,3.20
2009.08.21 09:51:13.202,7.1227,7.1265,1.00,3.20
2009.08.21 09:51:16.400,7.1227,7.12695,1.00,1.00
2009.08.21 09:51:16.909,7.1229,7.12695,1.00,1.00
2009.08.21 09:51:17.310,7.1222,7.12695,1.50,1.00
2009.08.21 09:51:22.868,7.1232,7.12695,1.00,1.00
2009.08.21 09:51:23.508,7.12295,7.12695,1.00,1.00
2009.08.21 09:51:24.008,7.1232,7.12695,1.00,1.00
2009.08.21 09:51:24.288,7.1232,7.1271,1.00,1.00
2009.08.21 09:51:25.898,7.1229,7.1271,1.00,1.00
2009.08.21 09:51:27.817,7.1232,7.1271,1.00,1.00
2009.08.21 09:51:28.507,7.1232,7.12665,1.00,1.00
2009.08.21 09:51:28.856,7.1227,7.12665,1.00,1.00
2009.08.21 09:51:29.917,7.1224,7.12665,1.00,1.00
2009.08.21 09:51:30.486,7.1213,7.12665,1.60,1.00
2009.08.21 09:51:30.606,7.1225,7.1265,1.00,1.00
2009.08.21 09:51:36.864,7.1229,7.12705,1.00,1.00
2009.08.21 09:51:46.062,7.1227,7.1266,1.00,1.00
2009.08.21 09:51:53.371,7.1215,7.12615,3.20,1.00
2009.08.21 09:51:53.770,7.1222,7.12655,1.00,1.00
2009.08.21 09:51:56.630,7.121,7.1261,1.50,1.00
2009.08.21 09:52:03.528,7.1222,7.1261,1.00,1.00
2009.08.21 09:52:04.268,7.1222,7.12655,1.00,1.00
2009.08.21 09:52:04.908,7.1214,7.12655,2.40,1.00
2009.08.21 09:52:05.378,7.1225,7.12655,1.00,1.00
2009.08.21 09:52:05.438,7.1222,7.12655,1.00,1.00
2009.08.21 09:52:12.946,7.1227,7.12655,1.00,1.00
2009.08.21 09:52:13.567,7.1224,7.12655,1.00,1.00
2009.08.21 09:52:14.616,7.1229,7.12655,1.00,1.00
2009.08.21 09:52:14.675,7.1227,7.12655,1.00,1.00
2009.08.21 09:52:16.067,7.1229,7.12655,1.00,1.00
2009.08.21 09:52:16.705,7.12295,7.127,1.00,1.00
2009.08.21 09:52:18.924,7.12295,7.12665,1.00,2.40
2009.08.21 09:52:19.664,7.12295,7.1266,1.00,1.00
2009.08.21 09:52:20.174,7.12295,7.1271,1.00,3.20
2009.08.21 09:52:22.534,7.1232,7.12705,1.00,3.20
2009.08.21 09:52:23.173,7.1234,7.12705,1.00,3.20
2009.08.21 09:52:23.654,7.1234,7.1266,1.00,1.00
2009.08.21 09:52:24.913,7.1234,7.12705,1.00,3.20
2009.08.21 09:52:25.333,7.12295,7.12705,1.00,3.20
2009.08.21 09:52:27.342,7.12365,7.12705,1.00,3.20
2009.08.21 09:52:28.132,7.12365,7.1266,1.00,1.00
2009.08.21 09:52:28.642,7.12365,7.12705,1.00,3.20
2009.08.21 09:52:28.762,7.12365,7.1266,1.00,1.00
2009.08.21 09:52:29.702,7.12365,7.12615,1.00,1.00
2009.08.21 09:52:30.732,7.12295,7.12615,1.00,1.00
2009.08.21 09:52:31.201,7.12295,7.12655,1.00,1.00
2009.08.21 09:52:35.150,7.12295,7.1266,1.00,2.40
2009.08.21 09:52:35.551,7.12295,7.127,1.00,1.00
2009.08.21 09:52:36.140,7.1237,7.127,1.00,1.00
2009.08.21 09:52:36.780,7.1237,7.12665,1.00,2.40
2009.08.21 09:52:37.400,7.1237,7.12705,1.00,3.20
2009.08.21 09:52:37.852,7.12365,7.12665,1.00,2.40
2009.08.21 09:52:38.310,7.12365,7.127,1.00,3.20
2009.08.21 09:52:38.780,7.12365,7.127,1.00,1.00
2009.08.21 09:52:39.241,7.12365,7.12705,1.00,1.00
2009.08.21 09:52:42.089,7.12365,7.127,1.00,1.00
2009.08.21 09:52:43.109,7.12365,7.12705,1.00,1.00
2009.08.21 09:52:45.338,7.1232,7.12705,1.00,1.00
2009.08.21 09:52:45.688,7.1232,7.1267,1.00,3.20
2009.08.21 09:52:46.408,7.1227,7.1267,1.00,3.20
2009.08.21 09:52:49.347,7.1224,7.1267,1.00,3.20
2009.08.21 09:52:49.737,7.12325,7.12655,1.00,1.00
2009.08.21 09:52:55.776,7.1227,7.12655,1.00,1.00
2009.08.21 09:53:03.504,7.1234,7.12655,1.00,1.00
2009.08.21 09:53:10.235,7.1234,7.127,1.00,1.00
2009.08.21 09:53:11.392,7.1239,7.127,1.00,1.00
2009.08.21 09:53:11.622,7.1239,7.12655,1.00,1.00
2009.08.21 09:53:12.901,7.1222,7.12655,1.00,1.00
2009.08.21 09:53:13.692,7.1225,7.12655,1.00,1.00
2009.08.21 09:53:15.121,7.1224,7.12655,1.00,1.00
2009.08.21 09:53:16.041,7.1224,7.1261,1.00,1.00
2009.08.21 09:53:16.271,7.1224,7.12655,1.00,1.00
2009.08.21 09:53:20.100,7.1227,7.12655,1.00,1.00
2009.08.21 09:53:28.428,7.1224,7.12655,1.00,1.00
2009.08.21 09:53:28.488,7.1227,7.12655,1.00,1.00
2009.08.21 09:53:29.317,7.1226,7.12655,1.00,1.00
2009.08.21 09:53:30.017,7.1224,7.12655,1.00,1.00
2009.08.21 09:53:38.185,7.1221,7.12655,1.00,1.00
2009.08.21 09:53:39.835,7.1224,7.12655,1.60,1.00
2009.08.21 09:53:50.392,7.1213,7.12655,1.60,1.00
2009.08.21 09:53:50.802,7.1222,7.12655,1.00,1.00
2009.08.21 09:53:51.542,7.1222,7.1261,1.00,1.00
2009.08.21 09:53:54.362,7.12335,7.1261,1.00,1.00
2009.08.21 09:53:55.721,7.12355,7.126,1.00,1.00
2009.08.21 09:53:57.011,7.12355,7.1256,1.00,1.00
2009.08.21 09:53:57.710,7.12285,7.1256,1.00,1.00
2009.08.21 09:54:01.020,7.12285,7.12595,1.00,1.00
2009.08.21 09:54:01.670,7.1233,7.12595,1.00,1.00
2009.08.21 09:54:02.150,7.12365,7.12655,1.00,1.00
2009.08.21 09:54:02.959,7.12365,7.12615,1.00,2.40
2009.08.21 09:54:03.010,7.1231,7.1261,1.00,1.00
2009.08.21 09:54:03.889,7.1231,7.12565,1.00,2.40
2009.08.21 09:54:12.517,7.12365,7.1265,1.00,1.00
2009.08.21 09:54:13.897,7.12365,7.1264,1.00,1.00
2009.08.21 09:54:14.627,7.12435,7.127,1.00,3.20
2009.08.21 09:54:15.686,7.12435,7.12705,1.00,1.00
2009.08.21 09:54:16.636,7.12435,7.1266,1.00,1.00
2009.08.21 09:54:20.405,7.1236,7.12625,1.00,3.20
2009.08.21 09:54:21.355,7.1236,7.127,1.00,1.00
2009.08.21 09:54:21.755,7.12415,7.127,1.00,1.00
2009.08.21 09:54:24.114,7.12415,7.12665,1.00,2.40
2009.08.21 09:54:24.684,7.12415,7.1266,1.00,1.00
2009.08.21 09:54:26.784,7.12385,7.1266,1.00,1.00
2009.08.21 09:54:30.243,7.12385,7.12645,1.00,2.40
2009.08.21 09:54:30.882,7.12385,7.1264,1.00,1.00
2009.08.21 09:54:35.271,7.12385,7.127,1.00,3.20
2009.08.21 09:54:37.241,7.12415,7.127,1.00,3.20
2009.08.21 09:54:43.450,7.12415,7.127,1.00,2.40
2009.08.21 09:54:44.151,7.12415,7.1266,1.00,1.00
2009.08.21 09:54:44.660,7.1236,7.1266,1.00,1.00
2009.08.21 09:54:45.339,7.1236,7.12695,1.00,1.00
2009.08.21 09:54:46.019,7.1241,7.12695,1.00,1.00
2009.08.21 09:54:47.539,7.1241,7.1266,1.00,1.00
2009.08.21 09:54:52.479,7.1241,7.12695,1.00,1.00
2009.08.21 09:54:53.497,7.1241,7.1271,1.00,1.00
2009.08.21 09:54:55.207,7.1241,7.12665,1.00,3.20
2009.08.21 09:54:55.777,7.1236,7.12665,1.00,3.20
2009.08.21 09:54:56.477,7.1236,7.12705,1.00,1.00
2009.08.21 09:54:58.936,7.1243,7.12705,1.00,1.00
2009.08.21 09:55:02.455,7.1243,7.1271,1.00,2.40
2009.08.21 09:55:03.035,7.12385,7.1275,1.00,1.00
2009.08.21 09:55:04.005,7.1243,7.1275,1.00,1.00
2009.08.21 09:55:14.412,7.1236,7.1268,1.00,1.00
2009.08.21 09:55:16.152,7.1236,7.12615,1.00,3.20
2009.08.21 09:55:17.471,7.1236,7.1266,1.00,1.00
2009.08.21 09:55:19.781,7.12385,7.127,1.00,1.00
2009.08.21 09:55:23.790,7.12385,7.1275,1.00,1.00
2009.08.21 09:55:26.159,7.12385,7.1271,1.00,1.00
2009.08.21 09:55:26.809,7.12435,7.1275,1.00,1.00
2009.08.21 09:55:34.387,7.1241,7.1275,1.00,1.00
2009.08.21 09:55:39.936,7.1241,7.1271,1.00,1.00
2009.08.21 09:55:42.705,7.1241,7.12715,1.00,2.40
2009.08.21 09:55:43.146,7.1241,7.1275,1.00,1.00
2009.08.21 09:55:43.725,7.12405,7.1275,1.00,1.00
2009.08.21 09:55:47.735,7.1237,7.1271,1.00,3.20
2009.08.21 09:55:49.174,7.1227,7.1271,1.00,3.20
2009.08.21 09:55:50.693,7.1218,7.1271,1.60,3.20
2009.08.21 09:55:50.924,7.1227,7.1271,1.00,5.20
2009.08.21 09:55:51.313,7.1219,7.127,2.40,3.20
2009.08.21 09:55:51.993,7.12345,7.1266,1.00,1.00
2009.08.21 09:55:52.623,7.122,7.1265,1.00,1.00
2009.08.21 09:55:52.893,7.1225,7.127,1.00,1.00
2009.08.21 09:55:53.533,7.12365,7.127,1.00,1.00
2009.08.21 09:55:58.432,7.12385,7.127,1.00,1.00
2009.08.21 09:56:02.620,7.12385,7.1266,1.00,1.00
2009.08.21 09:56:04.270,7.1238,7.1266,1.00,1.00
2009.08.21 09:56:05.400,7.1231,7.1266,1.00,1.00
2009.08.21 09:56:05.680,7.1231,7.12615,1.00,1.00
2009.08.21 09:56:08.579,7.1231,7.1266,1.00,1.00
2009.08.21 09:56:09.699,7.1231,7.12615,1.00,3.20
2009.08.21 09:56:13.518,7.1234,7.12615,1.00,3.20
2009.08.21 09:56:23.926,7.12315,7.12615,1.00,1.00
2009.08.21 09:56:24.325,7.12315,7.12655,1.00,1.00
2009.08.21 09:56:25.025,7.1236,7.12655,1.00,1.00
2009.08.21 09:56:25.655,7.1236,7.12665,1.00,1.00
2009.08.21 09:56:28.254,7.1236,7.12705,1.00,3.20
2009.08.21 09:56:28.844,7.12415,7.12705,1.00,3.20
2009.08.21 09:56:33.702,7.1228,7.12715,1.00,3.20
2009.08.21 09:56:34.462,7.1227,7.12715,1.00,3.20
2009.08.21 09:56:37.671,7.1231,7.12715,1.00,3.20
2009.08.21 09:56:38.131,7.1236,7.12755,1.00,1.00
2009.08.21 09:56:39.241,7.1234,7.12755,1.00,1.00
2009.08.21 09:56:40.802,7.1241,7.12795,1.00,1.00
2009.08.21 09:56:41.336,7.1237,7.1276,1.00,1.00
2009.08.21 09:56:41.900,7.1241,7.12795,1.00,1.00
2009.08.21 09:56:42.301,7.1239,7.1276,1.00,1.00
2009.08.21 09:56:42.950,7.1241,7.12795,1.00,1.00
2009.08.21 09:56:44.629,7.1244,7.12855,1.00,1.00
2009.08.21 09:56:46.629,7.1233,7.12855,1.60,1.00
2009.08.21 09:56:47.309,7.1244,7.12855,1.00,1.00
2009.08.21 09:56:47.709,7.1242,7.12855,1.00,1.00
2009.08.21 09:56:50.708,7.1247,7.12845,1.00,1.00
2009.08.21 09:56:52.938,7.1247,7.12815,1.00,1.00
2009.08.21 09:56:53.347,7.1242,7.12815,1.00,1.00
2009.08.21 09:56:55.137,7.1244,7.12855,1.00,3.20
2009.08.21 09:56:55.607,7.1247,7.12815,1.00,1.00
2009.08.21 09:57:01.365,7.1239,7.12805,1.00,1.00
2009.08.21 09:57:02.367,7.1241,7.12805,1.00,1.00
2009.08.21 09:57:02.945,7.1239,7.12805,1.00,1.00
2009.08.21 09:57:04.675,7.1242,7.12805,1.00,1.00
2009.08.21 09:57:08.744,7.1239,7.12815,1.00,1.00
2009.08.21 09:57:10.993,7.1239,7.12685,1.00,1.00
2009.08.21 09:57:11.163,7.1239,7.1268,1.00,1.00
2009.08.21 09:57:11.733,7.1242,7.1268,1.00,1.00
2009.08.21 09:57:11.953,7.1239,7.1268,1.00,1.00
2009.08.21 09:57:18.381,7.1239,7.1279,1.00,4.00
2009.08.21 09:57:19.581,7.1237,7.1277,1.00,4.00
2009.08.21 09:57:19.821,7.1239,7.1277,1.00,4.00
2009.08.21 09:57:21.761,7.1237,7.1277,1.00,4.00
2009.08.21 09:57:25.680,7.1237,7.1277,1.00,1.60
2009.08.21 09:57:25.900,7.1239,7.1264,1.00,1.00
2009.08.21 09:57:26.650,7.1237,7.1264,1.00,1.00
2009.08.21 09:57:27.149,7.1239,7.1262,1.00,1.00
2009.08.21 09:57:29.469,7.1239,7.1282,1.00,3.20
2009.08.21 09:57:30.498,7.1237,7.1278,1.00,3.20
2009.08.21 09:57:34.247,7.1237,7.1278,1.00,3.20
2009.08.21 09:57:36.177,7.1239,7.1278,1.00,4.00
2009.08.21 09:57:38.477,7.1237,7.1278,1.00,4.00
2009.08.21 09:57:39.176,7.1234,7.1278,1.00,4.00
2009.08.21 09:57:41.686,7.1232,7.1272,1.00,1.00
2009.08.21 09:57:42.565,7.1234,7.1265,1.00,1.00
2009.08.21 09:57:46.275,7.1234,7.12725,1.00,2.40
2009.08.21 09:57:46.745,7.1234,7.12655,1.00,1.00
2009.08.21 09:57:50.798,7.1232,7.1272,1.00,1.00
2009.08.21 09:57:58.432,7.1232,7.126,1.00,1.00
2009.08.21 09:57:59.412,7.1221,7.126,2.40,1.00
2009.08.21 09:58:00.441,7.1225,7.1256,2.80,1.00
2009.08.21 09:58:00.851,7.1231,7.1256,1.00,1.00
2009.08.21 09:58:10.479,7.1226,7.1256,1.00,1.00
2009.08.21 09:58:11.119,7.1226,7.1269,1.00,1.00
2009.08.21 09:58:11.999,7.1224,7.12565,1.00,1.00
2009.08.21 09:58:12.458,7.1226,7.12565,1.00,1.00
2009.08.21 09:58:13.248,7.1231,7.12545,1.00,1.00
2009.08.21 09:58:13.666,7.1229,7.12545,1.00,1.00
2009.08.21 09:58:14.178,7.1226,7.12545,1.00,1.00
2009.08.21 09:58:14.578,7.1224,7.12545,1.00,1.00
2009.08.21 09:58:14.638,7.1226,7.12545,1.00,1.00
2009.08.21 09:58:15.088,7.1224,7.12545,1.00,1.00
2009.08.21 09:58:15.948,7.1229,7.12545,1.00,1.00
2009.08.21 09:58:16.398,7.1226,7.12545,1.00,1.00
2009.08.21 09:58:16.797,7.1224,7.12545,1.00,1.00
2009.08.21 09:58:17.487,7.1231,7.12545,1.00,1.00
2009.08.21 09:58:18.187,7.1229,7.12545,1.00,1.00
2009.08.21 09:58:19.077,7.1226,7.12545,1.00,1.00
2009.08.21 09:58:20.467,7.1229,7.12545,1.00,1.00
2009.08.21 09:58:20.757,7.1226,7.12545,1.00,1.00
2009.08.21 09:58:21.686,7.1229,7.12545,1.00,1.00
2009.08.21 09:58:23.106,7.1226,7.12545,1.00,1.00
2009.08.21 09:58:23.506,7.1229,7.12545,1.00,1.00
2009.08.21 09:58:23.567,7.1226,7.12545,1.00,1.00
2009.08.21 09:58:26.325,7.1226,7.12545,1.00,1.00
2009.08.21 09:58:26.725,7.1229,7.12545,1.00,1.00
2009.08.21 09:58:27.355,7.1226,7.12545,1.00,1.00
2009.08.21 09:58:29.784,7.1229,7.12545,1.00,1.00
2009.08.21 09:58:30.054,7.1226,7.12545,1.00,1.00
2009.08.21 09:58:30.884,7.1229,7.12545,1.00,1.00
2009.08.21 09:58:31.414,7.1226,7.12545,1.00,1.00
2009.08.21 09:58:31.814,7.1229,7.12545,1.00,1.00
2009.08.21 09:58:31.924,7.1226,7.12545,1.00,1.00
2009.08.21 09:58:33.503,7.1229,7.12545,1.00,1.00
2009.08.21 09:58:34.403,7.1226,7.12545,1.00,1.00
2009.08.21 09:58:43.741,7.1226,7.12525,1.00,1.00
2009.08.21 09:58:50.689,7.1231,7.12525,1.00,1.00
2009.08.21 09:58:51.749,7.1231,7.12575,1.00,1.00
2009.08.21 09:58:52.379,7.1233,7.12575,1.00,1.00
2009.08.21 09:58:55.448,7.1231,7.12575,1.00,1.00
2009.08.21 09:58:56.128,7.1233,7.12575,1.00,1.00
2009.08.21 09:58:56.238,7.1231,7.12575,1.00,1.00
2009.08.21 09:58:57.378,7.1233,7.12575,1.00,1.00
2009.08.21 09:58:58.067,7.1234,7.126,1.00,1.00
2009.08.21 09:58:58.578,7.1236,7.126,1.00,1.00
2009.08.21 09:58:59.447,7.1234,7.126,1.00,1.00
2009.08.21 09:59:07.115,7.1227,7.126,2.00,1.00
2009.08.21 09:59:10.035,7.1229,7.126,2.00,1.00
2009.08.21 09:59:14.054,7.1222,7.1255,2.00,1.00
2009.08.21 09:59:17.143,7.1223,7.1255,1.00,1.00
2009.08.21 09:59:20.622,7.1219,7.12525,2.00,1.00
2009.08.21 09:59:21.993,7.1219,7.1264,2.00,1.00
2009.08.21 09:59:22.112,7.1218,7.1264,1.00,1.00
2009.08.21 09:59:22.502,7.1217,7.1264,2.00,1.00
2009.08.21 09:59:23.262,7.1218,7.1262,1.00,1.00
2009.08.21 09:59:23.958,7.1217,7.1262,2.00,1.00
2009.08.21 09:59:24.301,7.1218,7.1262,1.00,1.00
2009.08.21 09:59:25.961,7.1217,7.1262,2.00,1.00
2009.08.21 09:59:26.251,7.1218,7.1262,1.00,1.00
2009.08.21 09:59:26.760,7.1217,7.1262,2.00,1.00
2009.08.21 09:59:27.160,7.1218,7.1262,1.00,1.00
2009.08.21 09:59:27.500,7.1217,7.1262,2.00,1.00
2009.08.21 09:59:32.239,7.1215,7.12575,1.00,3.20
2009.08.21 09:59:32.529,7.1212,7.12575,2.00,3.20
2009.08.21 09:59:36.998,7.1207,7.1252,2.00,1.00
2009.08.21 09:59:39.447,7.1202,7.12475,2.00,1.00
2009.08.21 09:59:40.177,7.1203,7.12475,1.00,1.00
2009.08.21 09:59:41.457,7.1202,7.12475,2.00,1.00
2009.08.21 09:59:42.447,7.1204,7.12515,2.00,1.00
2009.08.21 09:59:42.977,7.1207,7.12515,2.00,1.00
2009.08.21 09:59:43.387,7.1204,7.12515,2.00,1.00
2009.08.21 09:59:46.596,7.1207,7.12515,2.00,1.00
2009.08.21 09:59:50.615,7.1204,7.12515,2.00,1.00
2009.08.21 09:59:52.754,7.1205,7.1244,1.00,1.00
2009.08.21 09:59:53.174,7.1205,7.1259,1.00,1.60
2009.08.21 09:59:56.293,7.1204,7.12525,2.00,1.00
2009.08.21 09:59:56.973,7.1205,7.12525,1.00,1.00
2009.08.21 09:59:57.653,7.1212,7.1253,2.00,2.40
2009.08.21 09:59:57.883,7.1212,7.12535,2.00,1.00
2009.08.21 09:59:59.753,7.1216,7.12535,2.00,1.00
