2013.01.17 02:00:15.479,6.49268,6.49434,2.00,2.03
2013.01.17 02:00:15.780,6.49268,6.49493,2.00,2.82
2013.01.17 02:00:15.962,6.49318,6.49493,2.00,2.82
2013.01.17 02:00:16.410,6.49318,6.49493,2.00,2.25
2013.01.17 02:00:16.530,6.49255,6.49462,2.03,2.00
2013.01.17 02:00:16.589,6.49232,6.4939,2.03,2.03
2013.01.17 02:00:16.649,6.49124,6.49342,1.50,2.03
2013.01.17 02:00:16.769,6.49208,6.49365,2.03,2.03
2013.01.17 02:00:16.890,6.49208,6.49482,2.03,2.00
2013.01.17 02:00:17.087,6.49258,6.49485,2.00,2.03
2013.01.17 02:00:17.969,6.49317,6.49465,2.00,2.03
2013.01.17 02:00:18.030,6.49317,6.49489,2.00,2.03
2013.01.17 02:00:18.089,6.49317,6.49517,2.00,2.86
2013.01.17 02:00:21.819,6.49277,6.49517,2.00,2.86
2013.01.17 02:00:38.119,6.49277,6.49477,2.00,2.03
2013.01.17 02:00:41.139,6.49277,6.49477,2.00,2.78
2013.01.17 02:00:41.259,6.49277,6.49477,2.00,2.03
2013.01.17 02:00:46.639,6.49277,6.49477,2.00,2.78
2013.01.17 02:00:46.699,6.49277,6.49477,2.00,2.03
2013.01.17 02:00:56.239,6.49292,6.49523,2.03,1.20
2013.01.17 02:00:59.050,6.49317,6.49523,2.00,1.20
2013.01.17 02:01:12.220,6.49317,6.49485,2.00,2.03
2013.01.17 02:01:17.100,6.49278,6.49485,2.00,2.03
2013.01.17 02:01:19.169,6.49318,6.49485,2.00,2.03
2013.01.17 02:01:32.459,6.49318,6.49487,2.00,2.03
2013.01.17 02:01:32.579,6.49318,6.49487,2.00,2.78
2013.01.17 02:01:32.719,6.49318,6.49487,2.00,2.03
2013.01.17 02:01:52.620,6.49318,6.49496,2.00,2.25
2013.01.17 02:02:20.040,6.49255,6.49494,2.03,2.25
2013.01.17 02:02:23.370,6.49255,6.49494,2.78,2.25
2013.01.17 02:02:24.798,6.49255,6.49494,2.03,2.25
2013.01.17 02:02:33.393,6.49265,6.49494,2.03,2.25
2013.01.17 02:02:33.698,6.49289,6.49523,2.03,1.20
2013.01.17 02:02:34.860,6.49357,6.49527,2.00,2.25
2013.01.17 02:02:34.920,6.49289,6.49513,2.03,2.00
2013.01.17 02:02:34.980,6.49265,6.49446,2.03,2.03
2013.01.17 02:02:35.039,6.49189,6.49446,2.03,2.03
2013.01.17 02:02:35.292,6.49277,6.49446,2.00,2.03
2013.01.17 02:02:35.350,6.49277,6.4947,2.00,2.03
2013.01.17 02:02:35.409,6.49277,6.49497,2.00,2.78
2013.01.17 02:02:55.499,6.49297,6.49509,2.00,2.03
2013.01.17 02:03:05.540,6.49271,6.49509,2.03,2.03
2013.01.17 02:03:05.660,6.49197,6.49435,2.78,2.03
2013.01.17 02:03:05.719,6.49197,6.49435,2.03,2.03
2013.01.17 02:03:05.959,6.49197,6.49435,2.78,2.03
2013.01.17 02:03:06.279,6.49308,6.49553,2.00,2.78
2013.01.17 02:03:06.350,6.49308,6.49553,2.00,2.03
2013.01.17 02:03:13.350,6.49377,6.49533,2.00,2.03
2013.01.17 02:03:13.562,6.49338,6.49533,2.00,2.03
2013.01.17 02:03:13.800,6.49296,6.49523,2.03,2.00
2013.01.17 02:03:13.860,6.49296,6.49523,2.03,2.75
2013.01.17 02:03:13.920,6.49165,6.49444,2.78,2.03
2013.01.17 02:03:13.979,6.49231,6.49508,2.03,2.03
2013.01.17 02:03:14.039,6.49287,6.49508,2.00,2.03
2013.01.17 02:03:18.940,6.49307,6.49538,2.00,2.03
2013.01.17 02:03:18.999,6.49347,6.49538,2.00,2.03
2013.01.17 02:03:22.369,6.49388,6.49538,2.00,2.03
2013.01.17 02:03:23.009,6.49358,6.49538,2.00,2.03
2013.01.17 02:03:28.220,6.49377,6.49538,2.00,2.03
2013.01.17 02:03:28.890,6.493,6.49538,2.03,2.03
2013.01.17 02:03:28.949,6.49233,6.49476,1.50,2.03
2013.01.17 02:03:29.309,6.49358,6.49555,2.00,2.03
2013.01.17 02:03:39.659,6.49348,6.49535,2.00,2.78
2013.01.17 02:03:39.720,6.49348,6.49535,2.00,2.03
2013.01.17 02:03:44.329,6.49387,6.49535,2.00,2.03
2013.01.17 02:03:49.439,6.49387,6.49547,2.00,2.03
2013.01.17 02:04:10.199,6.49387,6.49555,2.00,2.03
2013.01.17 02:04:20.649,6.49387,6.49555,2.00,2.78
2013.01.17 02:04:20.829,6.49387,6.49555,2.00,2.03
2013.01.17 02:04:30.530,6.49387,6.49539,2.00,2.03
2013.01.17 02:04:44.423,6.49283,6.49539,2.78,2.03
2013.01.17 02:04:48.510,6.49303,6.49539,2.03,2.03
2013.01.17 02:04:48.572,6.49327,6.49539,2.00,2.03
2013.01.17 02:04:48.937,6.49327,6.49539,2.00,2.40
2013.01.17 02:04:50.221,6.49327,6.49539,2.00,2.03
2013.01.17 02:04:51.090,6.49327,6.4953,2.00,2.03
2013.01.17 02:04:51.466,6.49327,6.49507,2.00,2.03
2013.01.17 02:05:11.399,6.49327,6.49509,2.00,2.03
2013.01.17 02:05:32.369,6.49327,6.49511,2.00,2.03
2013.01.17 02:05:38.529,6.49327,6.49511,2.00,2.78
2013.01.17 02:05:40.728,6.49327,6.49511,2.00,2.03
2013.01.17 02:05:48.559,6.49274,6.49511,2.03,2.03
2013.01.17 02:05:52.635,6.49275,6.49513,2.03,2.03
2013.01.17 02:06:13.449,6.49274,6.49513,2.03,2.03
2013.01.17 02:06:19.329,6.49274,6.49513,2.78,2.03
2013.01.17 02:06:19.639,6.49274,6.49513,2.78,2.03
2013.01.17 02:06:33.439,6.49279,6.49516,2.78,2.03
2013.01.17 02:06:35.129,6.49279,6.49516,2.03,2.03
2013.01.17 02:06:53.639,6.49279,6.49517,2.03,2.03
2013.01.17 02:07:00.087,6.49347,6.49517,2.00,2.03
2013.01.17 02:07:00.164,6.49347,6.49567,2.00,2.03
2013.01.17 02:07:19.820,6.49367,6.49567,2.00,2.78
2013.01.17 02:07:20.060,6.49367,6.49567,2.00,2.03
2013.01.17 02:07:20.213,6.49367,6.49555,2.00,2.03
2013.01.17 02:08:00.373,6.49318,6.49555,2.03,2.03
2013.01.17 02:08:01.419,6.49315,6.49553,2.03,2.03
2013.01.17 02:08:21.469,6.49314,6.49553,2.03,2.03
2013.01.17 02:08:42.511,6.49301,6.49538,2.78,2.03
2013.01.17 02:08:51.135,6.49301,6.49538,2.03,2.03
2013.01.17 02:09:02.478,6.49306,6.49542,2.03,2.03
2013.01.17 02:09:03.565,6.49306,6.49542,2.78,2.03
2013.01.17 02:09:03.908,6.49306,6.49542,2.78,2.03
2013.01.17 02:09:22.869,6.49327,6.49563,2.03,2.03
2013.01.17 02:09:37.480,6.49288,6.49493,2.00,2.03
2013.01.17 02:09:38.029,6.49317,6.49493,2.00,2.03
2013.01.17 02:09:57.468,6.49317,6.49497,2.00,2.03
2013.01.17 02:10:06.120,6.4926,6.49497,2.03,2.03
2013.01.17 02:10:06.180,6.4926,6.49497,2.03,2.78
2013.01.17 02:10:06.360,6.49115,6.49391,2.55,2.03
2013.01.17 02:10:06.480,6.49113,6.49391,2.78,2.03
2013.01.17 02:10:06.780,6.49115,6.49391,1.50,2.03
2013.01.17 02:10:07.121,6.49277,6.4947,2.00,2.03
2013.01.17 02:10:19.830,6.49317,6.49499,2.00,2.03
2013.01.17 02:10:40.570,6.49317,6.49505,2.00,2.03
2013.01.17 02:11:00.962,6.49317,6.49513,2.00,2.03
2013.01.17 02:11:08.214,6.49276,6.49513,2.03,2.03
2013.01.17 02:11:08.891,6.49315,6.49552,2.03,1.13
2013.01.17 02:11:09.132,6.49315,6.49564,2.03,2.03
2013.01.17 02:11:09.203,6.49368,6.49564,2.00,2.03
2013.01.17 02:11:09.511,6.49368,6.49613,2.00,2.25
2013.01.17 02:11:12.471,6.49418,6.49613,2.00,2.25
2013.01.17 02:11:13.181,6.49418,6.49613,2.00,2.03
2013.01.17 02:11:13.420,6.4926,6.49539,2.78,2.03
2013.01.17 02:11:13.601,6.4926,6.49539,2.03,2.03
2013.01.17 02:11:13.930,6.49378,6.49539,2.00,2.03
2013.01.17 02:11:14.110,6.49378,6.4961,2.00,2.03
2013.01.17 02:11:34.455,6.49398,6.496,2.00,2.03
2013.01.17 02:11:47.621,6.49448,6.496,2.00,2.03
2013.01.17 02:11:47.743,6.49448,6.49623,2.00,2.03
2013.01.17 02:11:47.813,6.49448,6.49645,2.00,2.03
2013.01.17 02:12:00.067,6.49409,6.49645,2.03,2.03
2013.01.17 02:12:00.133,6.49352,6.49588,2.03,2.03
2013.01.17 02:12:00.441,6.49428,6.49658,2.00,2.03
2013.01.17 02:12:01.234,6.49401,6.49658,2.03,2.03
2013.01.17 02:12:01.480,6.49349,6.49585,2.03,2.03
2013.01.17 02:12:01.801,6.49428,6.49658,2.00,2.03
2013.01.17 02:12:22.200,6.49448,6.49639,2.00,2.03
2013.01.17 02:12:31.270,6.49448,6.49614,2.00,2.03
2013.01.17 02:12:31.591,6.49448,6.4959,2.00,2.03
2013.01.17 02:12:45.040,6.49398,6.4959,2.00,2.03
2013.01.17 02:12:51.521,6.49398,6.49596,2.00,2.03
2013.01.17 02:12:57.283,6.49448,6.49596,2.00,2.03
2013.01.17 02:12:57.530,6.49448,6.49648,2.00,2.03
2013.01.17 02:13:08.304,6.49547,6.49648,2.00,2.03
2013.01.17 02:13:08.433,6.49547,6.49673,2.00,2.03
2013.01.17 02:13:08.501,6.49547,6.49698,2.00,2.03
2013.01.17 02:13:08.742,6.49441,6.49698,2.03,2.03
2013.01.17 02:13:08.864,6.49486,6.49751,2.03,2.03
2013.01.17 02:13:09.011,6.49536,6.49799,2.03,2.78
2013.01.17 02:13:09.071,6.49536,6.49799,2.03,2.78
2013.01.17 02:13:09.131,6.49511,6.49738,2.03,2.03
2013.01.17 02:13:09.191,6.49457,6.49738,2.03,2.03
2013.01.17 02:13:09.731,6.49587,6.49738,2.00,2.03
2013.01.17 02:13:09.850,6.49587,6.49783,2.00,2.03
2013.01.17 02:13:10.333,6.49528,6.49763,2.00,2.03
2013.01.17 02:13:10.991,6.49578,6.49763,2.00,2.03
2013.01.17 02:13:17.872,6.49627,6.49763,2.00,2.03
2013.01.17 02:13:22.161,6.49627,6.49813,2.00,2.03
2013.01.17 02:13:28.181,6.49588,6.49813,2.00,2.03
2013.01.17 02:13:30.551,6.49577,6.49813,2.03,2.03
2013.01.17 02:13:32.251,6.49558,6.49761,2.00,2.03
2013.01.17 02:13:51.570,6.49558,6.49761,2.00,2.78
2013.01.17 02:13:51.756,6.49558,6.49761,2.00,2.03
2013.01.17 02:13:52.340,6.49558,6.49768,2.00,2.03
2013.01.17 02:13:57.561,6.49558,6.49744,2.00,2.03
2013.01.17 02:13:57.920,6.49558,6.4972,2.00,2.03
2013.01.17 02:14:17.639,6.49558,6.49716,2.00,2.03
2013.01.17 02:14:31.645,6.4948,6.49716,2.03,2.03
2013.01.17 02:14:37.700,6.49492,6.49729,2.03,2.03
2013.01.17 02:14:39.381,6.49568,6.49729,2.00,2.03
2013.01.17 02:14:42.441,6.49588,6.49784,2.00,2.03
2013.01.17 02:14:44.401,6.49627,6.49784,2.00,2.03
2013.01.17 02:14:44.641,6.49627,6.49833,2.00,2.03
2013.01.17 02:14:45.001,6.49667,6.49833,2.00,2.03
2013.01.17 02:14:45.424,6.49595,6.49833,2.03,2.03
2013.01.17 02:14:45.543,6.49546,6.49782,2.03,2.03
2013.01.17 02:14:46.981,6.49558,6.49782,2.00,2.03
2013.01.17 02:14:47.102,6.49599,6.49838,2.03,2.03
2013.01.17 02:14:47.763,6.49608,6.49838,2.00,2.03
2013.01.17 02:14:48.193,6.49647,6.49838,2.00,2.03
2013.01.17 02:14:48.321,6.4965,6.49889,2.03,2.03
2013.01.17 02:14:50.405,6.49627,6.49839,2.03,2.03
2013.01.17 02:14:50.473,6.49603,6.49839,2.03,2.03
2013.01.17 02:14:57.002,6.49548,6.49785,2.03,2.03
2013.01.17 02:15:01.352,6.49577,6.49785,2.00,2.03
2013.01.17 02:15:01.412,6.49601,6.4984,2.03,2.03
2013.01.17 02:15:19.241,6.49551,6.49788,2.03,2.03
2013.01.17 02:15:29.492,6.49527,6.49737,2.03,2.03
2013.01.17 02:15:29.552,6.49498,6.49737,2.03,2.03
2013.01.17 02:15:31.452,6.49507,6.49737,2.00,2.03
2013.01.17 02:15:31.753,6.49498,6.49737,2.03,2.03
2013.01.17 02:15:49.861,6.49514,6.49751,2.03,2.03
2013.01.17 02:15:56.052,6.49489,6.497,2.03,2.03
2013.01.17 02:15:56.114,6.49463,6.497,2.03,2.03
2013.01.17 02:15:56.902,6.49497,6.497,2.00,2.03
2013.01.17 02:16:04.639,6.49513,6.49724,2.03,2.03
2013.01.17 02:16:04.791,6.49513,6.49752,2.03,2.03
2013.01.17 02:16:05.991,6.49517,6.49752,2.00,2.03
2013.01.17 02:16:21.522,6.49513,6.49752,2.03,2.03
2013.01.17 02:16:22.373,6.49464,6.49701,2.03,2.03
2013.01.17 02:16:26.782,6.49487,6.49701,2.00,2.03
2013.01.17 02:16:26.902,6.49464,6.49701,2.03,2.03
2013.01.17 02:16:29.992,6.4944,6.49646,2.03,2.03
2013.01.17 02:16:30.111,6.49407,6.49646,2.03,2.03
2013.01.17 02:16:30.643,6.49433,6.49646,2.03,2.03
2013.01.17 02:16:30.722,6.49456,6.49695,2.03,2.03
2013.01.17 02:16:31.782,6.49468,6.49695,2.00,2.03
2013.01.17 02:16:35.031,6.49508,6.49718,2.03,2.03
2013.01.17 02:16:35.091,6.49508,6.49747,2.03,2.03
2013.01.17 02:16:35.472,6.49518,6.49747,2.00,2.03
2013.01.17 02:16:42.034,6.49535,6.49747,2.03,2.03
2013.01.17 02:16:42.091,6.49559,6.49795,2.03,2.03
2013.01.17 02:16:48.872,6.49567,6.49795,2.00,2.03
2013.01.17 02:16:48.993,6.49559,6.49795,2.03,2.03
2013.01.17 02:16:49.351,6.49559,6.49769,2.03,2.03
2013.01.17 02:16:49.592,6.4956,6.49799,2.03,2.03
2013.01.17 02:17:01.221,6.49638,6.49799,2.00,2.03
2013.01.17 02:17:01.341,6.49587,6.49799,2.00,2.03
2013.01.17 02:17:02.991,6.49658,6.49848,2.00,2.03
2013.01.17 02:17:07.608,6.4961,6.49848,2.03,2.03
2013.01.17 02:17:07.954,6.4961,6.49821,2.03,2.03
2013.01.17 02:17:08.032,6.49558,6.49797,2.03,2.03
2013.01.17 02:17:14.382,6.49558,6.49797,2.03,2.78
2013.01.17 02:17:14.442,6.49558,6.49797,2.03,2.03
2013.01.17 02:17:27.831,6.49558,6.49796,2.03,2.03
2013.01.17 02:17:27.892,6.49536,6.49772,2.03,2.03
2013.01.17 02:17:48.171,6.49525,6.49761,2.03,2.03
2013.01.17 02:18:08.201,6.49516,6.49753,2.03,2.03
2013.01.17 02:18:09.902,6.49547,6.49753,2.00,2.03
2013.01.17 02:18:10.672,6.49516,6.49753,2.03,2.03
2013.01.17 02:18:28.202,6.49515,6.49752,2.03,2.03
2013.01.17 02:18:48.403,6.49519,6.49758,2.03,2.03
2013.01.17 02:18:55.624,6.49558,6.49758,2.00,2.03
2013.01.17 02:18:55.982,6.49617,6.49758,2.00,2.03
2013.01.17 02:18:56.042,6.49617,6.49807,2.00,2.03
2013.01.17 02:18:56.162,6.49618,6.49854,2.03,2.78
2013.01.17 02:18:56.282,6.49618,6.49854,2.03,2.03
2013.01.17 02:19:15.674,6.49593,6.49816,2.03,2.03
2013.01.17 02:19:15.742,6.49577,6.49816,2.03,2.03
2013.01.17 02:19:15.992,6.49587,6.49816,2.00,2.03
2013.01.17 02:19:17.821,6.49577,6.49816,2.03,2.03
2013.01.17 02:19:18.372,6.49598,6.49816,2.00,2.03
2013.01.17 02:19:18.731,6.49577,6.49816,2.03,2.03
2013.01.17 02:19:27.943,6.49688,6.49816,2.00,2.03
2013.01.17 02:19:28.121,6.49688,6.49891,2.00,2.03
2013.01.17 02:19:45.451,6.49658,6.49891,2.00,2.03
2013.01.17 02:19:48.123,6.49658,6.49872,2.00,2.03
2013.01.17 02:19:48.481,6.49658,6.49847,2.00,2.03
2013.01.17 02:19:56.214,6.49617,6.49847,2.00,2.03
2013.01.17 02:20:08.134,6.49617,6.49811,2.00,2.03
2013.01.17 02:20:17.634,6.49572,6.49811,2.03,2.03
2013.01.17 02:20:24.862,6.49627,6.49811,2.00,2.03
2013.01.17 02:20:28.212,6.49627,6.49831,2.00,2.03
2013.01.17 02:20:28.511,6.49597,6.49831,2.00,2.03
2013.01.17 02:20:45.625,6.49595,6.49831,2.03,2.03
2013.01.17 02:20:45.801,6.49598,6.49831,2.00,2.03
2013.01.17 02:20:48.302,6.49598,6.49811,2.00,2.03
2013.01.17 02:20:59.836,6.49574,6.49811,2.03,2.03
2013.01.17 02:21:08.429,6.49558,6.4979,2.00,2.03
2013.01.17 02:21:14.751,6.49551,6.4979,2.03,2.03
2013.01.17 02:21:14.813,6.49527,6.49739,2.03,2.03
2013.01.17 02:21:14.872,6.49502,6.49739,2.03,2.03
2013.01.17 02:21:30.022,6.49578,6.49739,2.00,2.03
2013.01.17 02:21:30.146,6.49578,6.49792,2.00,2.03
2013.01.17 02:21:50.341,6.49598,6.49794,2.00,2.03
2013.01.17 02:22:05.251,6.49555,6.49794,2.03,2.03
2013.01.17 02:22:10.581,6.49548,6.49773,2.00,2.03
2013.01.17 02:22:30.849,6.49548,6.4977,2.00,2.03
2013.01.17 02:22:51.141,6.49548,6.49779,2.00,2.03
2013.01.17 02:23:05.352,6.4954,6.49779,2.03,2.03
2013.01.17 02:23:06.581,6.49578,6.49779,2.00,2.03
2013.01.17 02:23:11.391,6.49578,6.49802,2.00,2.03
2013.01.17 02:23:11.451,6.49578,6.49813,2.00,2.03
2013.01.17 02:23:25.514,6.49617,6.49813,2.00,2.03
2013.01.17 02:23:31.471,6.49617,6.49821,2.00,2.03
2013.01.17 02:23:44.542,6.49637,6.49845,2.03,2.03
2013.01.17 02:23:44.602,6.49637,6.49873,2.03,2.03
2013.01.17 02:23:56.842,6.49667,6.49873,2.00,2.03
2013.01.17 02:24:04.473,6.49667,6.49866,2.00,2.03
2013.01.17 02:24:05.036,6.49637,6.49866,2.00,2.03
2013.01.17 02:24:05.954,6.49668,6.49866,2.00,2.03
2013.01.17 02:24:15.261,6.49637,6.49866,2.00,2.03
2013.01.17 02:24:16.532,6.49627,6.49866,2.03,2.03
2013.01.17 02:24:17.672,6.49638,6.49866,2.00,2.03
2013.01.17 02:24:24.603,6.49638,6.49857,2.00,2.03
2013.01.17 02:24:27.994,6.4962,6.49857,2.03,2.03
2013.01.17 02:24:28.721,6.49597,6.49805,2.00,2.03
2013.01.17 02:24:33.203,6.49567,6.49805,2.03,2.03
2013.01.17 02:24:33.862,6.49597,6.49805,2.00,2.03
2013.01.17 02:24:33.922,6.49567,6.49805,2.03,2.03
2013.01.17 02:24:35.082,6.49598,6.49805,2.00,2.03
2013.01.17 02:24:48.630,6.49598,6.49826,2.00,2.03
2013.01.17 02:24:50.522,6.49598,6.49775,2.00,2.03
2013.01.17 02:24:50.582,6.49547,6.49775,2.00,2.03
2013.01.17 02:24:51.362,6.49577,6.49775,2.00,2.03
2013.01.17 02:25:05.152,6.4959,6.498,2.03,2.03
2013.01.17 02:25:05.211,6.4959,6.49827,2.03,2.03
2013.01.17 02:25:24.904,6.49617,6.49827,2.00,2.03
2013.01.17 02:25:25.082,6.49617,6.49833,2.00,2.03
2013.01.17 02:25:37.682,6.49595,6.49833,2.03,2.03
2013.01.17 02:25:38.424,6.49618,6.49833,2.00,2.03
2013.01.17 02:25:39.493,6.49595,6.49833,2.03,2.03
2013.01.17 02:25:40.542,6.49618,6.49833,2.00,2.03
2013.01.17 02:25:45.352,6.49618,6.49806,2.00,2.03
2013.01.17 02:25:49.426,6.49578,6.49806,2.00,2.03
2013.01.17 02:26:01.801,6.49617,6.49806,2.00,2.03
2013.01.17 02:26:05.464,6.49617,6.49814,2.00,2.03
2013.01.17 02:26:16.072,6.49576,6.49814,2.03,2.03
2013.01.17 02:26:16.135,6.49553,6.49755,2.03,2.03
2013.01.17 02:26:16.192,6.49516,6.49755,2.03,2.03
2013.01.17 02:26:18.273,6.49516,6.49707,2.03,2.03
2013.01.17 02:26:18.392,6.49446,6.49683,2.03,2.03
2013.01.17 02:26:18.695,6.49457,6.49683,2.00,2.03
2013.01.17 02:26:18.813,6.49494,6.49733,2.03,2.03
2013.01.17 02:26:20.362,6.49547,6.49733,2.00,2.03
2013.01.17 02:26:20.485,6.49547,6.49757,2.00,2.03
2013.01.17 02:26:22.342,6.49521,6.49757,2.03,2.03
2013.01.17 02:26:26.143,6.49547,6.49757,2.00,2.03
2013.01.17 02:26:26.934,6.49521,6.49757,2.03,2.03
2013.01.17 02:26:40.368,6.49523,6.49757,2.03,2.03
2013.01.17 02:26:40.432,6.49547,6.49786,2.03,2.03
2013.01.17 02:27:01.416,6.49553,6.49791,2.03,2.03
2013.01.17 02:27:21.991,6.49562,6.498,2.03,2.03
2013.01.17 02:27:42.512,6.4956,6.49799,2.03,2.03
2013.01.17 02:28:02.517,6.49548,6.49784,2.03,2.03
2013.01.17 02:28:18.242,6.49548,6.49757,2.03,2.03
2013.01.17 02:28:18.370,6.49496,6.49733,2.03,2.03
2013.01.17 02:28:19.478,6.49497,6.49733,2.00,2.03
2013.01.17 02:28:38.272,6.49515,6.49752,2.03,2.03
2013.01.17 02:28:43.922,6.49537,6.49752,2.00,2.03
2013.01.17 02:28:48.722,6.49515,6.49752,2.03,2.03
2013.01.17 02:28:58.482,6.49529,6.49766,2.03,2.03
2013.01.17 02:29:18.504,6.49538,6.49777,2.03,2.03
2013.01.17 02:29:28.312,6.49488,6.49726,2.03,2.03
2013.01.17 02:29:28.663,6.49551,6.49787,2.03,2.03
2013.01.17 02:29:49.482,6.49545,6.49781,2.03,2.03
2013.01.17 02:30:07.422,6.49567,6.49781,2.00,2.03
2013.01.17 02:30:10.492,6.49581,6.49817,2.03,2.03
2013.01.17 02:30:11.026,6.49607,6.49817,2.00,2.03
2013.01.17 02:30:31.393,6.49607,6.49832,2.00,2.03
2013.01.17 02:30:38.262,6.49593,6.49832,2.03,2.03
2013.01.17 02:30:51.502,6.49588,6.49824,2.03,2.03
2013.01.17 02:31:11.341,6.49575,6.49811,2.03,2.03
2013.01.17 02:31:31.494,6.49575,6.49794,2.03,2.03
2013.01.17 02:31:31.615,6.49537,6.49769,2.00,2.03
2013.01.17 02:31:52.161,6.49544,6.49781,2.03,2.03
2013.01.17 02:32:12.491,6.49542,6.49781,2.03,2.03
2013.01.17 02:32:33.541,6.49552,6.49791,2.03,2.03
2013.01.17 02:32:53.711,6.49561,6.498,2.03,2.03
2013.01.17 02:33:13.831,6.4956,6.49796,2.03,2.03
2013.01.17 02:33:24.692,6.49626,6.49796,2.22,2.03
2013.01.17 02:33:28.886,6.49625,6.49796,2.20,2.03
2013.01.17 02:33:32.144,6.49515,6.49739,2.14,2.03
2013.01.17 02:33:32.220,6.49515,6.49739,2.14,2.03
2013.01.17 02:33:32.285,6.49538,6.49739,2.00,2.03
2013.01.17 02:33:32.532,6.49538,6.49763,2.00,2.03
2013.01.17 02:33:32.592,6.49538,6.49794,2.00,2.03
2013.01.17 02:33:52.433,6.49568,6.49807,2.03,2.03
2013.01.17 02:34:12.424,6.49511,6.49748,2.03,2.03
2013.01.17 02:34:12.942,6.49538,6.49748,2.00,2.03
2013.01.17 02:34:13.122,6.49559,6.49773,2.03,2.03
2013.01.17 02:34:13.182,6.49559,6.49798,2.03,2.03
2013.01.17 02:34:30.782,6.49538,6.49733,2.00,2.03
2013.01.17 02:34:31.025,6.49496,6.49733,2.03,2.03
2013.01.17 02:34:31.656,6.49487,6.49685,2.00,2.03
2013.01.17 02:34:31.903,6.49447,6.49685,2.03,2.03
2013.01.17 02:34:32.942,6.49424,6.49616,2.03,2.03
2013.01.17 02:34:33.003,6.49358,6.49616,2.03,2.03
2013.01.17 02:34:33.062,6.49437,6.49616,2.00,2.03
2013.01.17 02:34:33.122,6.49437,6.49693,2.00,2.03
2013.01.17 02:34:33.243,6.49437,6.49693,2.00,2.78
2013.01.17 02:34:33.922,6.49437,6.49693,2.00,2.03
2013.01.17 02:34:38.722,6.49386,6.49624,2.03,2.03
2013.01.17 02:34:38.903,6.49447,6.49624,2.00,2.03
2013.01.17 02:34:38.962,6.49447,6.49673,2.00,2.78
2013.01.17 02:34:39.205,6.49447,6.49673,2.00,2.03
2013.01.17 02:34:46.584,6.49435,6.49673,2.03,2.03
2013.01.17 02:34:46.762,6.49438,6.49673,2.00,2.03
2013.01.17 02:34:48.512,6.49435,6.49624,2.03,2.03
2013.01.17 02:34:48.632,6.49364,6.496,2.03,2.03
2013.01.17 02:34:48.812,6.49427,6.496,2.00,2.03
2013.01.17 02:34:48.871,6.49427,6.49704,4.02,2.78
2013.01.17 02:34:48.932,6.49427,6.49704,4.02,2.03
2013.01.17 02:34:52.493,6.49487,6.49684,2.00,2.03
2013.01.17 02:34:52.613,6.49496,6.49734,2.03,2.03
2013.01.17 02:34:53.093,6.49496,6.49688,2.03,2.03
2013.01.17 02:34:53.155,6.49428,6.49664,2.03,2.03
2013.01.17 02:34:53.403,6.49468,6.49664,2.00,2.03
2013.01.17 02:34:53.582,6.49478,6.49716,2.03,2.03
2013.01.17 02:35:13.582,6.49476,6.49712,2.03,2.03
2013.01.17 02:35:34.163,6.49482,6.49721,2.03,2.03
2013.01.17 02:35:54.335,6.49472,6.4971,2.03,2.03
2013.01.17 02:36:14.602,6.49438,6.49667,2.00,2.03
2013.01.17 02:36:17.003,6.49431,6.49667,2.03,2.03
2013.01.17 02:36:17.123,6.49431,6.49643,2.03,2.03
2013.01.17 02:36:17.183,6.49398,6.4962,2.00,2.03
2013.01.17 02:36:17.245,6.49381,6.4962,2.03,2.03
2013.01.17 02:36:24.543,6.49407,6.4962,2.00,2.03
2013.01.17 02:36:33.332,6.49432,6.49643,2.03,2.03
2013.01.17 02:36:33.393,6.49432,6.4967,2.03,2.03
2013.01.17 02:36:33.774,6.49409,6.49613,2.03,2.03
2013.01.17 02:36:33.832,6.49375,6.49613,2.03,2.03
2013.01.17 02:36:35.474,6.49388,6.49613,2.00,2.03
2013.01.17 02:36:39.604,6.49375,6.49613,2.03,2.03
2013.01.17 02:36:40.233,6.49352,6.49543,2.03,2.03
2013.01.17 02:36:40.293,6.49306,6.49543,2.03,2.03
2013.01.17 02:36:40.533,6.49367,6.49543,2.00,2.03
2013.01.17 02:36:40.663,6.49379,6.49568,2.03,2.03
2013.01.17 02:36:40.724,6.49379,6.49618,2.03,2.03
2013.01.17 02:36:43.024,6.49398,6.49618,2.00,2.03
2013.01.17 02:36:49.303,6.49379,6.49618,2.03,2.03
2013.01.17 02:36:56.563,6.49278,6.49555,2.03,2.03
2013.01.17 02:36:56.923,6.49367,6.49555,2.00,2.03
2013.01.17 02:36:56.987,6.4934,6.49618,2.03,2.03
2013.01.17 02:37:02.033,6.49398,6.49598,2.00,2.03
2013.01.17 02:37:03.715,6.4936,6.49598,2.03,2.03
2013.01.17 02:37:03.843,6.49388,6.49606,2.00,2.03
2013.01.17 02:37:24.465,6.49388,6.49626,2.00,2.03
2013.01.17 02:37:44.532,6.49388,6.49622,2.00,2.03
2013.01.17 02:37:55.202,6.49385,6.49622,2.03,2.03
2013.01.17 02:37:55.263,6.49313,6.49551,2.03,2.03
2013.01.17 02:37:55.502,6.49378,6.49551,2.00,2.03
2013.01.17 02:37:55.623,6.49378,6.49625,2.00,2.03
2013.01.17 02:37:55.873,6.49366,6.49625,2.03,2.03
2013.01.17 02:37:56.205,6.49378,6.49625,2.00,2.03
2013.01.17 02:37:56.263,6.49366,6.49625,2.03,2.03
2013.01.17 02:38:16.473,6.49367,6.49604,2.00,2.03
2013.01.17 02:38:37.371,6.49367,6.49599,2.00,2.03
2013.01.17 02:38:41.195,6.49411,6.4965,2.03,2.03
2013.01.17 02:38:49.763,6.49462,6.497,2.03,2.03
2013.01.17 02:38:54.003,6.49477,6.497,2.00,2.03
2013.01.17 02:38:54.374,6.49462,6.497,2.03,2.03
2013.01.17 02:38:54.492,6.49462,6.49669,2.03,2.03
2013.01.17 02:38:54.673,6.49473,6.49712,2.03,2.03
2013.01.17 02:39:15.453,6.49478,6.49715,2.03,2.03
2013.01.17 02:39:36.462,6.4948,6.49719,2.03,2.03
2013.01.17 02:39:56.372,6.49489,6.49725,2.03,2.03
2013.01.17 02:40:17.422,6.49487,6.49723,2.03,2.03
2013.01.17 02:40:20.876,6.49508,6.49723,2.00,2.03
2013.01.17 02:40:23.403,6.49487,6.49723,2.03,2.03
2013.01.17 02:40:23.583,6.49463,6.49663,2.03,2.03
2013.01.17 02:40:23.643,6.49426,6.49663,2.03,2.03
2013.01.17 02:40:44.340,6.49448,6.49684,2.03,2.03
2013.01.17 02:40:45.093,6.49487,6.49684,2.00,2.03
2013.01.17 02:41:04.623,6.49487,6.49708,2.00,2.03
2013.01.17 02:41:05.053,6.49487,6.49708,2.00,2.78
2013.01.17 02:41:15.259,6.49487,6.49708,2.00,2.78
2013.01.17 02:41:45.474,6.49462,6.49701,2.03,2.78
2013.01.17 02:41:45.543,6.49457,6.49694,2.03,2.78
2013.01.17 02:41:47.428,6.49457,6.49694,2.03,2.78
2013.01.17 02:41:57.393,6.49457,6.49694,2.03,2.03
2013.01.17 02:42:05.494,6.49479,6.49717,2.03,2.03
2013.01.17 02:42:06.751,6.49498,6.49717,2.00,2.03
2013.01.17 02:42:07.284,6.49479,6.49717,2.03,2.03
2013.01.17 02:42:07.405,6.49479,6.49688,2.03,2.03
2013.01.17 02:42:07.475,6.49426,6.49665,2.03,2.03
2013.01.17 02:42:07.893,6.49508,6.49665,2.00,2.03
2013.01.17 02:42:07.955,6.49508,6.49688,2.00,2.03
2013.01.17 02:42:08.014,6.49508,6.49749,2.00,2.03
2013.01.17 02:42:09.064,6.49513,6.49749,2.03,2.03
2013.01.17 02:42:09.184,6.49441,6.49679,2.03,2.03
2013.01.17 02:42:09.303,6.49507,6.49679,2.00,2.03
2013.01.17 02:42:09.423,6.49507,6.4974,2.00,2.03
2013.01.17 02:42:28.834,6.49504,6.49733,2.03,2.00
2013.01.17 02:42:28.893,6.49504,6.49679,2.03,2.03
2013.01.17 02:42:28.953,6.49396,6.49655,2.03,2.03
2013.01.17 02:42:29.073,6.49438,6.49655,2.00,2.03
2013.01.17 02:42:36.355,6.49416,6.49655,2.03,2.03
2013.01.17 02:42:49.399,6.49411,6.4965,2.03,2.03
2013.01.17 02:43:09.883,6.49411,6.49647,2.03,2.03
2013.01.17 02:43:27.933,6.49411,6.49585,2.03,2.03
2013.01.17 02:43:27.994,6.49287,6.49561,1.13,2.03
2013.01.17 02:43:28.053,6.49285,6.49561,2.03,2.03
2013.01.17 02:43:28.233,6.49387,6.49561,2.00,2.03
2013.01.17 02:43:28.293,6.49387,6.4963,2.00,2.03
2013.01.17 02:43:30.953,6.49372,6.4961,2.03,2.03
2013.01.17 02:43:39.384,6.49428,6.4961,2.00,2.03
2013.01.17 02:43:39.687,6.49428,6.49557,2.00,2.03
2013.01.17 02:43:39.757,6.49432,6.49688,2.03,2.78
2013.01.17 02:43:39.826,6.49458,6.49688,2.00,2.78
2013.01.17 02:43:40.134,6.49484,6.49742,2.03,2.78
2013.01.17 02:43:40.196,6.49484,6.49742,2.03,2.03
2013.01.17 02:43:40.386,6.49484,6.49723,2.03,2.00
2013.01.17 02:43:40.564,6.49369,6.49645,2.03,2.03
2013.01.17 02:43:40.743,6.49406,6.49645,2.03,2.03
2013.01.17 02:43:41.103,6.49438,6.49688,2.00,2.78
2013.01.17 02:44:01.544,6.49458,6.49658,2.00,2.78
2013.01.17 02:44:02.116,6.49458,6.49658,2.00,2.78
2013.01.17 02:44:06.438,6.49458,6.49658,2.00,2.78
2013.01.17 02:44:06.563,6.49458,6.49658,2.00,2.78
2013.01.17 02:44:15.969,6.49421,6.49658,2.03,2.78
2013.01.17 02:44:16.413,6.49421,6.49658,2.03,2.78
2013.01.17 02:44:16.834,6.49343,6.49581,2.03,2.03
2013.01.17 02:44:16.954,6.49343,6.49581,2.78,2.03
2013.01.17 02:44:17.264,6.49448,6.49702,2.00,2.78
2013.01.17 02:44:22.903,6.49468,6.49682,2.00,2.78
2013.01.17 02:44:38.857,6.49468,6.49678,2.00,2.03
2013.01.17 02:44:57.953,6.49468,6.49683,2.00,2.03
2013.01.17 02:45:17.262,6.49447,6.49683,2.03,2.03
2013.01.17 02:45:18.502,6.49452,6.49688,2.03,2.03
2013.01.17 02:45:32.182,6.49452,6.49688,2.03,2.78
2013.01.17 02:45:32.303,6.49452,6.49688,2.03,2.03
2013.01.17 02:45:38.842,6.49439,6.49677,2.03,2.03
2013.01.17 02:45:59.514,6.49442,6.49678,2.03,2.03
2013.01.17 02:46:20.376,6.49446,6.49682,2.03,2.03
2013.01.17 02:46:41.421,6.49445,6.49681,2.03,2.03
2013.01.17 02:46:42.163,6.49445,6.49681,2.03,2.78
2013.01.17 02:46:42.283,6.49445,6.49681,2.03,2.03
2013.01.17 02:46:54.953,6.49508,6.49681,2.00,2.03
2013.01.17 02:47:02.426,6.49508,6.49706,2.00,2.03
2013.01.17 02:47:02.507,6.49508,6.49715,2.00,2.03
2013.01.17 02:47:18.973,6.49508,6.49715,2.00,2.78
2013.01.17 02:47:20.836,6.49508,6.49715,2.00,2.03
2013.01.17 02:47:44.200,6.49508,6.49711,2.00,2.03
2013.01.17 02:47:47.754,6.49508,6.49711,2.00,2.78
2013.01.17 02:47:50.083,6.49508,6.49711,2.00,2.03
2013.01.17 02:47:55.837,6.49472,6.49711,2.03,2.03
2013.01.17 02:47:56.714,6.49472,6.49711,2.03,2.78
2013.01.17 02:47:56.895,6.49472,6.49711,2.03,2.03
2013.01.17 02:47:57.072,6.49472,6.49711,2.03,2.78
2013.01.17 02:47:57.192,6.49472,6.49711,2.03,2.03
2013.01.17 02:48:04.150,6.49485,6.49721,2.03,2.03
2013.01.17 02:48:06.394,6.49535,6.49746,2.03,2.03
2013.01.17 02:48:06.453,6.49535,6.49772,2.03,2.03
2013.01.17 02:48:07.624,6.49535,6.49772,2.03,2.78
2013.01.17 02:48:11.893,6.49535,6.49772,2.03,2.78
2013.01.17 02:48:12.582,6.49535,6.49733,2.03,1.50
2013.01.17 02:48:12.643,6.49535,6.49772,2.03,2.78
2013.01.17 02:48:12.703,6.49535,6.49725,2.03,2.03
2013.01.17 02:48:12.762,6.49463,6.49701,2.03,2.03
2013.01.17 02:48:18.973,6.49512,6.49725,2.03,2.03
2013.01.17 02:48:19.033,6.49512,6.49749,2.03,2.78
2013.01.17 02:48:19.093,6.49512,6.49749,2.03,2.03
2013.01.17 02:48:19.213,6.49512,6.49749,2.03,2.78
2013.01.17 02:48:19.484,6.49512,6.49749,2.03,2.03
2013.01.17 02:48:36.803,6.49512,6.49749,2.03,2.78
2013.01.17 02:48:36.983,6.49512,6.49749,2.03,2.03
2013.01.17 02:48:39.361,6.49504,6.49743,2.03,2.03
2013.01.17 02:48:40.703,6.49518,6.49743,2.00,2.03
2013.01.17 02:48:41.245,6.49402,6.49678,2.03,2.03
2013.01.17 02:48:41.365,6.49348,6.49626,2.03,2.03
2013.01.17 02:48:41.905,6.49388,6.49626,1.56,2.03
2013.01.17 02:48:42.143,6.49498,6.49745,2.00,2.03
2013.01.17 02:48:49.304,6.49539,6.49777,2.03,2.03
2013.01.17 02:48:49.424,6.49557,6.49777,2.00,2.03
2013.01.17 02:49:09.495,6.49557,6.49786,2.00,2.03
2013.01.17 02:49:24.184,6.49557,6.49786,2.00,2.78
2013.01.17 02:49:24.434,6.49557,6.49786,2.00,2.03
2013.01.17 02:49:29.484,6.49562,6.49798,2.03,2.03
2013.01.17 02:49:29.843,6.49562,6.49798,2.03,2.78
2013.01.17 02:49:29.914,6.49562,6.49798,2.03,2.03
2013.01.17 02:49:30.795,6.49562,6.49793,2.03,2.00
2013.01.17 02:49:49.415,6.49538,6.49759,2.03,2.03
2013.01.17 02:49:49.474,6.4952,6.49759,2.03,2.03
2013.01.17 02:49:58.743,6.4952,6.49742,2.03,2.00
2013.01.17 02:49:58.863,6.49419,6.49675,2.03,2.03
2013.01.17 02:49:59.203,6.49488,6.49675,2.00,2.03
2013.01.17 02:49:59.323,6.49488,6.49736,2.00,2.03
2013.01.17 02:50:19.474,6.49513,6.49749,2.03,2.03
2013.01.17 02:50:40.274,6.49512,6.49749,2.03,2.03
2013.01.17 02:50:41.544,6.49563,6.49773,2.03,2.03
2013.01.17 02:50:41.670,6.49563,6.49801,2.03,2.03
2013.01.17 02:50:41.844,6.49567,6.49801,2.00,2.03
2013.01.17 02:50:49.794,6.49563,6.49801,2.03,2.03
2013.01.17 02:50:49.854,6.49563,6.49762,2.03,2.03
2013.01.17 02:50:49.914,6.49501,6.49738,2.03,2.03
2013.01.17 02:50:50.486,6.49537,6.49738,2.00,2.03
2013.01.17 02:50:50.727,6.49563,6.498,2.03,2.03
2013.01.17 02:51:10.246,6.49537,6.49754,2.00,2.03
2013.01.17 02:51:14.345,6.49511,6.49754,2.03,2.03
2013.01.17 02:51:15.994,6.49537,6.49754,2.00,2.03
2013.01.17 02:51:30.236,6.49543,6.49777,2.03,2.03
2013.01.17 02:51:30.354,6.49543,6.49782,2.03,2.03
2013.01.17 02:51:50.533,6.49544,6.49783,2.03,2.03
2013.01.17 02:52:07.825,6.49544,6.49772,2.03,2.00
2013.01.17 02:52:08.137,6.49432,6.49698,2.03,2.03
2013.01.17 02:52:08.254,6.49507,6.49698,2.00,2.03
2013.01.17 02:52:08.317,6.49507,6.49721,2.00,2.03
2013.01.17 02:52:08.374,6.49507,6.49759,2.00,2.03
2013.01.17 02:52:12.154,6.49557,6.49759,2.00,2.03
2013.01.17 02:52:21.705,6.49516,6.49759,2.03,2.03
2013.01.17 02:52:28.585,6.49508,6.49749,2.00,2.03
2013.01.17 02:52:44.989,6.49508,6.497,2.00,2.03
2013.01.17 02:52:45.175,6.49458,6.497,2.00,2.03
2013.01.17 02:52:46.904,6.49488,6.497,2.00,2.03
2013.01.17 02:52:50.564,6.49538,6.497,2.00,2.03
2013.01.17 02:52:51.049,6.49436,6.497,2.03,2.03
2013.01.17 02:52:51.175,6.49436,6.49675,2.03,2.03
2013.01.17 02:52:51.235,6.49386,6.49651,2.03,2.03
2013.01.17 02:52:51.594,6.49447,6.49711,2.03,2.03
2013.01.17 02:52:51.935,6.49507,6.49711,2.00,2.03
2013.01.17 02:52:57.055,6.49527,6.49735,2.00,2.03
2013.01.17 02:52:57.175,6.49527,6.49753,2.00,2.03
2013.01.17 02:53:00.025,6.49527,6.49709,2.00,2.03
2013.01.17 02:53:00.745,6.49478,6.49709,2.00,2.03
2013.01.17 02:53:20.424,6.4949,6.49726,2.03,2.03
2013.01.17 02:53:25.524,6.49527,6.49726,2.00,2.03
2013.01.17 02:53:39.526,6.4949,6.49726,2.03,2.03
2013.01.17 02:53:39.584,6.49433,6.4967,2.03,2.03
2013.01.17 02:53:39.725,6.49508,6.4967,2.00,2.03
2013.01.17 02:53:39.844,6.49508,6.49732,2.00,2.03
2013.01.17 02:53:59.935,6.49528,6.49765,4.02,2.03
2013.01.17 02:53:59.994,6.49528,6.49765,4.02,2.78
2013.01.17 02:54:00.114,6.49528,6.49765,4.02,2.03
2013.01.17 02:54:00.535,6.49528,6.49752,2.03,2.00
2013.01.17 02:54:00.785,6.49476,6.49713,2.03,2.03
2013.01.17 02:54:01.264,6.49528,6.49713,2.00,2.03
2013.01.17 02:54:01.384,6.49546,6.49738,2.03,2.03
2013.01.17 02:54:01.444,6.49546,6.49783,2.03,2.03
2013.01.17 02:54:04.444,6.49546,6.49752,2.03,2.00
2013.01.17 02:54:04.568,6.49467,6.49706,2.03,2.03
2013.01.17 02:54:04.935,6.49528,6.49706,2.00,2.03
2013.01.17 02:54:04.995,6.49545,6.49782,2.03,2.03
2013.01.17 02:54:12.267,6.49598,6.49837,2.00,2.03
2013.01.17 02:54:14.325,6.49644,6.4986,2.03,2.03
2013.01.17 02:54:14.384,6.49647,6.4988,2.00,2.03
2013.01.17 02:54:17.228,6.49698,6.4988,2.00,2.03
2013.01.17 02:54:17.474,6.49698,6.49933,2.00,2.03
2013.01.17 02:54:17.907,6.49767,6.49933,2.00,2.03
2013.01.17 02:54:18.039,6.49767,6.49988,2.00,2.03
2013.01.17 02:54:18.446,6.49767,6.49959,2.00,2.03
2013.01.17 02:54:18.518,6.49697,6.49936,2.03,2.03
2013.01.17 02:54:19.645,6.49697,6.49908,2.03,2.03
2013.01.17 02:54:19.705,6.49647,6.49885,2.03,2.03
2013.01.17 02:54:19.945,6.49678,6.49885,2.03,2.03
2013.01.17 02:54:20.065,6.49701,6.49939,2.03,2.03
2013.01.17 02:54:20.185,6.4973,6.49939,2.03,2.03
2013.01.17 02:54:20.246,6.49753,6.49991,2.03,2.03
2013.01.17 02:54:21.175,6.49699,6.49938,2.03,2.03
2013.01.17 02:54:32.037,6.49728,6.49938,2.00,2.03
2013.01.17 02:54:37.018,6.49699,6.49938,2.03,2.03
2013.01.17 02:54:41.424,6.497,6.49939,2.03,2.03
2013.01.17 02:55:01.464,6.49685,6.49922,2.03,2.03
2013.01.17 02:55:08.465,6.49728,6.49922,2.00,2.03
2013.01.17 02:55:08.525,6.49685,6.49922,2.03,2.03
2013.01.17 02:55:17.395,6.49735,6.49974,2.03,2.03
2013.01.17 02:55:17.915,6.49711,6.49922,2.03,2.03
2013.01.17 02:55:17.975,6.49688,6.49922,2.00,2.03
2013.01.17 02:55:18.274,6.4974,6.49979,2.03,2.03
2013.01.17 02:55:38.286,6.49731,6.49975,2.03,2.03
2013.01.17 02:55:42.937,6.49777,6.49975,2.00,2.03
2013.01.17 02:55:43.018,6.49668,6.49924,2.00,2.03
2013.01.17 02:55:43.085,6.49724,6.49948,2.03,2.03
2013.01.17 02:55:43.145,6.49724,6.4998,2.03,2.03
2013.01.17 02:55:48.905,6.49744,6.49952,2.03,2.03
2013.01.17 02:55:48.965,6.49692,6.49928,2.03,2.03
2013.01.17 02:55:49.265,6.49708,6.49928,2.00,2.03
2013.01.17 02:56:02.165,6.49692,6.49928,2.03,2.03
2013.01.17 02:56:04.324,6.49697,6.49928,2.00,2.03
2013.01.17 02:56:09.074,6.49697,6.49932,2.00,2.03
2013.01.17 02:56:13.426,6.49695,6.49932,2.03,2.03
2013.01.17 02:56:13.845,6.49698,6.49932,2.00,2.03
2013.01.17 02:56:29.474,6.49698,6.49913,2.00,2.03
2013.01.17 02:56:31.645,6.49676,6.49913,2.03,2.03
2013.01.17 02:56:32.268,6.49698,6.49913,2.00,2.03
2013.01.17 02:56:32.546,6.49676,6.49913,2.03,2.03
2013.01.17 02:56:32.666,6.49676,6.49863,2.03,2.03
2013.01.17 02:56:32.785,6.49698,6.49901,2.00,2.03
2013.01.17 02:56:53.528,6.49698,6.49904,2.00,2.03
2013.01.17 02:57:14.385,6.49698,6.49924,2.00,2.03
2013.01.17 02:57:25.625,6.49698,6.49839,2.00,2.03
2013.01.17 02:57:25.685,6.49562,6.49839,2.03,2.03
2013.01.17 02:57:25.745,6.49514,6.4979,2.03,2.03
2013.01.17 02:57:26.105,6.49637,6.4979,2.00,2.03
2013.01.17 02:57:26.165,6.49637,6.49814,2.00,2.03
2013.01.17 02:57:26.226,6.49637,6.49902,2.00,2.78
2013.01.17 02:57:46.435,6.49659,6.49895,2.03,2.03
2013.01.17 02:58:07.155,6.49662,6.49899,2.03,2.03
2013.01.17 02:58:19.436,6.49697,6.49899,2.00,2.03
2013.01.17 02:58:27.424,6.49697,6.49909,2.00,2.03
2013.01.17 02:58:27.664,6.49697,6.49909,2.00,2.78
2013.01.17 02:58:27.784,6.49697,6.49909,2.00,2.03
2013.01.17 02:58:28.574,6.49671,6.49909,2.03,2.03
2013.01.17 02:58:28.634,6.49647,6.49847,2.03,2.03
2013.01.17 02:58:28.694,6.49588,6.49847,2.03,2.03
2013.01.17 02:58:28.814,6.49657,6.49847,2.00,2.03
2013.01.17 02:58:28.874,6.49657,6.4987,2.00,2.03
2013.01.17 02:58:28.934,6.49657,6.49907,2.00,2.03
2013.01.17 02:58:44.185,6.49707,6.49912,2.03,2.03
2013.01.17 02:58:44.306,6.49707,6.49945,2.03,2.03
2013.01.17 02:58:44.425,6.49728,6.49945,2.00,2.03
2013.01.17 02:58:44.866,6.49707,6.49945,2.03,2.03
2013.01.17 02:58:44.927,6.49707,6.49909,2.03,2.03
2013.01.17 02:58:44.989,6.49648,6.49885,2.03,2.03
2013.01.17 02:58:45.295,6.49738,6.49885,2.00,2.03
2013.01.17 02:58:45.356,6.49738,6.49909,2.00,2.03
2013.01.17 02:58:45.535,6.49738,6.49971,2.00,2.03
2013.01.17 02:58:46.465,6.49733,6.49971,2.03,2.03
2013.01.17 02:58:54.681,6.49733,6.49971,2.03,2.78
2013.01.17 02:58:54.986,6.49733,6.49971,2.03,2.03
2013.01.17 02:58:55.294,6.49709,6.4992,2.03,2.03
2013.01.17 02:58:55.355,6.49681,6.4992,2.03,2.03
2013.01.17 02:58:55.475,6.4973,6.49969,2.03,2.03
2013.01.17 02:58:56.365,6.4973,6.49943,2.03,2.03
2013.01.17 02:58:56.436,6.49682,6.4992,2.03,2.03
2013.01.17 02:58:57.158,6.49688,6.4992,2.00,2.03
2013.01.17 02:58:57.346,6.49682,6.4992,2.03,2.03
2013.01.17 02:58:58.740,6.49731,6.49969,2.03,2.78
2013.01.17 02:58:58.808,6.49731,6.49969,2.03,2.03
2013.01.17 02:58:59.236,6.49707,6.49918,2.03,2.03
2013.01.17 02:58:59.295,6.49681,6.49918,2.03,2.03
2013.01.17 02:59:00.580,6.49698,6.49918,2.00,2.03
2013.01.17 02:59:02.875,6.49681,6.49918,2.03,2.03
2013.01.17 02:59:06.605,6.49656,6.49869,2.03,2.03
2013.01.17 02:59:06.666,6.4963,6.49869,2.03,2.03
2013.01.17 02:59:22.575,6.49657,6.49869,2.00,2.03
2013.01.17 02:59:23.726,6.4963,6.49869,2.03,2.03
2013.01.17 02:59:23.796,6.4963,6.49869,2.03,2.78
2013.01.17 02:59:24.155,6.49637,6.49829,2.00,2.03
2013.01.17 02:59:44.525,6.49637,6.49845,2.00,2.03
