2014.06.04 10:00:00.315,6.66364,6.66409,1.00,1.00
2014.06.04 10:00:02.628,6.66343,6.66409,1.00,1.00
2014.06.04 10:00:02.848,6.66353,6.66409,1.00,1.00
2014.06.04 10:00:03.616,6.66343,6.66409,1.00,1.00
2014.06.04 10:00:03.718,6.66343,6.66391,1.00,1.00
2014.06.04 10:00:06.852,6.66333,6.66391,1.00,1.00
2014.06.04 10:00:14.408,6.66334,6.66408,1.19,1.00
2014.06.04 10:00:14.711,6.66353,6.66408,1.00,1.00
2014.06.04 10:00:15.393,6.66363,6.66408,1.00,1.00
2014.06.04 10:00:16.198,6.66364,6.66408,1.20,1.00
2014.06.04 10:00:16.341,6.66364,6.66428,1.20,1.00
2014.06.04 10:00:17.296,6.66363,6.66428,1.00,1.00
2014.06.04 10:00:17.455,6.66353,6.66428,1.19,1.00
2014.06.04 10:00:17.631,6.66353,6.66428,1.00,1.00
2014.06.04 10:00:17.682,6.66363,6.66428,1.00,1.00
2014.06.04 10:00:22.176,6.66353,6.66428,1.19,1.00
2014.06.04 10:00:22.642,6.66341,6.66407,1.84,1.00
2014.06.04 10:00:22.794,6.66333,6.66407,1.25,1.00
2014.06.04 10:00:23.967,6.66333,6.66425,1.00,1.00
2014.06.04 10:00:24.068,6.66333,6.66397,1.00,1.00
2014.06.04 10:00:25.372,6.66323,6.66397,1.19,1.00
2014.06.04 10:00:25.524,6.66343,6.66397,1.00,1.00
2014.06.04 10:00:25.627,6.66343,6.66418,1.00,1.00
2014.06.04 10:00:25.778,6.66343,6.66418,1.19,1.00
2014.06.04 10:00:26.979,6.66343,6.66418,1.19,1.00
2014.06.04 10:00:27.311,6.66353,6.66418,1.00,1.00
2014.06.04 10:00:27.362,6.66353,6.66436,1.00,1.00
2014.06.04 10:00:30.713,6.66354,6.66436,1.00,1.00
2014.06.04 10:00:32.007,6.66353,6.66436,1.00,1.00
2014.06.04 10:00:33.640,6.66353,6.66436,1.19,1.00
2014.06.04 10:00:34.609,6.66353,6.66436,1.19,1.00
2014.06.04 10:00:34.930,6.6635,6.66416,1.19,1.00
2014.06.04 10:00:35.814,6.66353,6.66416,1.19,1.00
2014.06.04 10:00:37.021,6.66353,6.66416,1.00,1.00
2014.06.04 10:00:38.443,6.66343,6.66416,1.19,1.00
2014.06.04 10:00:38.749,6.66323,6.66416,1.19,1.00
2014.06.04 10:00:38.900,6.66323,6.66399,1.19,1.00
2014.06.04 10:00:39.738,6.66323,6.66399,1.19,1.00
2014.06.04 10:00:40.747,6.66323,6.66399,1.19,1.00
2014.06.04 10:00:41.748,6.66323,6.66399,1.69,1.00
2014.06.04 10:00:42.753,6.66323,6.66399,1.19,1.00
2014.06.04 10:00:43.881,6.66323,6.66399,1.19,1.00
2014.06.04 10:00:45.058,6.66313,6.66399,1.84,1.00
2014.06.04 10:00:45.863,6.66313,6.66399,1.84,1.00
2014.06.04 10:00:46.871,6.66313,6.66399,1.84,1.00
2014.06.04 10:00:48.200,6.66324,6.66399,1.00,1.00
2014.06.04 10:00:54.016,6.66324,6.66399,1.19,1.00
2014.06.04 10:00:55.017,6.66324,6.66399,1.19,1.00
2014.06.04 10:00:56.023,6.66323,6.66399,1.00,1.00
2014.06.04 10:01:01.130,6.66333,6.66399,1.00,1.00
2014.06.04 10:01:15.096,6.66333,6.66399,1.00,1.19
2014.06.04 10:01:16.101,6.66333,6.66399,1.00,1.00
2014.06.04 10:01:18.095,6.66343,6.66399,1.00,1.00
2014.06.04 10:01:22.347,6.66343,6.66418,1.00,1.00
2014.06.04 10:01:22.405,6.66363,6.66418,1.00,1.00
2014.06.04 10:01:22.817,6.66364,6.66438,1.00,1.00
2014.06.04 10:01:24.614,6.66363,6.66438,1.00,1.00
2014.06.04 10:01:29.376,6.66353,6.66438,1.00,1.00
2014.06.04 10:01:30.315,6.66353,6.66438,1.19,1.00
2014.06.04 10:01:31.108,6.66363,6.66438,1.00,1.00
2014.06.04 10:01:31.766,6.66353,6.66438,1.19,1.00
2014.06.04 10:01:32.959,6.66353,6.66438,1.00,1.00
2014.06.04 10:01:35.515,6.66343,6.66438,1.19,1.00
2014.06.04 10:01:35.567,6.66343,6.66419,1.19,1.00
2014.06.04 10:01:35.618,6.66343,6.66419,1.00,1.00
2014.06.04 10:01:35.670,6.66333,6.66419,1.00,1.00
2014.06.04 10:01:35.945,6.66343,6.66419,1.00,1.00
2014.06.04 10:01:37.709,6.66353,6.66419,1.00,1.00
2014.06.04 10:01:39.440,6.66343,6.66419,1.25,1.00
2014.06.04 10:01:39.616,6.66343,6.66419,1.19,1.00
2014.06.04 10:01:40.534,6.66354,6.66419,1.00,1.00
2014.06.04 10:01:41.416,6.66353,6.66419,1.00,1.00
2014.06.04 10:01:41.536,6.66343,6.66419,1.19,1.00
2014.06.04 10:01:41.618,6.66343,6.66419,1.00,1.00
2014.06.04 10:01:42.959,6.66353,6.66419,1.00,1.00
2014.06.04 10:01:44.436,6.66353,6.66419,1.19,1.00
2014.06.04 10:01:45.440,6.66353,6.66419,1.19,1.00
2014.06.04 10:01:46.446,6.66353,6.66419,1.19,1.00
2014.06.04 10:01:48.454,6.66353,6.66419,1.19,1.00
2014.06.04 10:01:49.127,6.66373,6.66419,1.00,1.00
2014.06.04 10:01:53.186,6.66356,6.66419,1.19,1.00
2014.06.04 10:01:53.489,6.66353,6.66419,1.19,1.00
2014.06.04 10:01:54.480,6.66353,6.66419,1.19,1.00
2014.06.04 10:01:54.839,6.66363,6.66419,1.00,1.00
2014.06.04 10:01:56.490,6.66363,6.66419,1.19,1.00
2014.06.04 10:01:57.496,6.66363,6.66419,1.00,1.00
2014.06.04 10:02:06.825,6.66373,6.66419,1.00,1.00
2014.06.04 10:02:07.807,6.66373,6.66446,1.00,1.00
2014.06.04 10:02:14.340,6.66383,6.66446,1.00,1.00
2014.06.04 10:02:14.630,6.66363,6.66446,1.19,1.00
2014.06.04 10:02:15.108,6.66369,6.66446,1.19,1.00
2014.06.04 10:02:16.172,6.66366,6.66446,1.19,1.00
2014.06.04 10:02:17.073,6.66363,6.66446,1.19,1.00
2014.06.04 10:02:18.078,6.66363,6.66446,1.19,1.00
2014.06.04 10:02:19.095,6.66363,6.66446,1.19,1.00
2014.06.04 10:02:20.096,6.66363,6.66446,1.19,1.00
2014.06.04 10:02:21.103,6.66353,6.66446,1.19,1.00
2014.06.04 10:02:22.176,6.66373,6.66446,1.00,1.00
2014.06.04 10:02:23.780,6.66356,6.66446,1.19,1.00
2014.06.04 10:02:24.123,6.66353,6.66446,1.19,1.00
2014.06.04 10:02:25.130,6.66353,6.66446,1.19,1.00
2014.06.04 10:02:26.082,6.66353,6.66446,1.19,1.00
2014.06.04 10:02:27.089,6.66343,6.66446,1.19,1.00
2014.06.04 10:02:28.094,6.66343,6.66446,1.19,1.00
2014.06.04 10:02:30.304,6.66353,6.66446,1.19,1.00
2014.06.04 10:02:35.325,6.66353,6.66446,1.25,1.00
2014.06.04 10:02:36.329,6.66353,6.66446,1.19,1.00
2014.06.04 10:02:37.335,6.66353,6.66446,1.19,1.00
2014.06.04 10:02:38.341,6.66353,6.66446,1.25,1.00
2014.06.04 10:02:39.345,6.66353,6.66446,1.19,1.00
2014.06.04 10:02:43.346,6.66353,6.66446,1.19,1.00
2014.06.04 10:02:43.693,6.66363,6.66446,1.00,1.00
2014.06.04 10:02:44.616,6.66353,6.66446,1.19,1.00
2014.06.04 10:02:45.359,6.66353,6.66446,1.19,1.00
2014.06.04 10:02:45.606,6.66363,6.66446,1.00,1.00
2014.06.04 10:02:46.359,6.66363,6.66444,1.00,1.20
2014.06.04 10:02:46.816,6.66353,6.66444,1.19,1.20
2014.06.04 10:02:47.373,6.66353,6.66444,1.19,1.20
2014.06.04 10:02:47.698,6.66365,6.66446,1.19,1.00
2014.06.04 10:02:48.024,6.66383,6.66446,1.00,1.00
2014.06.04 10:02:48.138,6.66383,6.66465,1.00,1.20
2014.06.04 10:02:48.783,6.66383,6.66465,1.19,1.20
2014.06.04 10:02:49.788,6.66383,6.66465,1.19,1.20
2014.06.04 10:02:51.430,6.66362,6.66465,1.19,1.20
2014.06.04 10:02:52.402,6.66361,6.66465,1.19,1.20
2014.06.04 10:02:52.554,6.66361,6.66449,1.19,1.00
2014.06.04 10:02:52.878,6.66361,6.66446,1.19,1.20
2014.06.04 10:02:53.404,6.66345,6.66446,1.19,1.20
2014.06.04 10:02:54.408,6.66346,6.66446,1.19,1.20
2014.06.04 10:02:56.420,6.66353,6.66446,1.19,1.20
2014.06.04 10:02:56.549,6.66353,6.6643,1.19,1.00
2014.06.04 10:02:57.429,6.66353,6.6643,1.19,1.00
2014.06.04 10:02:58.434,6.66353,6.6643,1.19,1.00
2014.06.04 10:03:01.444,6.66363,6.6643,1.00,1.00
2014.06.04 10:03:02.089,6.66353,6.6643,1.19,1.00
2014.06.04 10:03:02.258,6.66363,6.6643,1.00,1.00
2014.06.04 10:03:03.844,6.66353,6.6643,1.19,1.00
2014.06.04 10:03:04.435,6.66353,6.6643,1.19,1.00
2014.06.04 10:03:05.442,6.66343,6.6643,1.19,1.00
2014.06.04 10:03:06.450,6.66343,6.6643,1.19,1.00
2014.06.04 10:03:08.248,6.66353,6.6643,1.00,1.00
2014.06.04 10:03:12.379,6.66353,6.6643,1.19,1.00
2014.06.04 10:03:13.423,6.66353,6.6643,1.19,1.00
2014.06.04 10:03:14.388,6.66353,6.6643,1.19,1.00
2014.06.04 10:03:16.395,6.66353,6.6643,1.25,1.00
2014.06.04 10:03:17.400,6.66353,6.6643,1.19,1.00
2014.06.04 10:03:19.107,6.66353,6.6643,1.19,1.00
2014.06.04 10:03:21.528,6.66353,6.6643,1.19,1.00
2014.06.04 10:03:22.435,6.66354,6.6643,1.19,1.00
2014.06.04 10:03:25.493,6.66354,6.6643,1.19,1.00
2014.06.04 10:03:26.447,6.66354,6.6643,1.19,1.00
2014.06.04 10:03:28.457,6.66354,6.6643,1.19,1.00
2014.06.04 10:03:29.501,6.66353,6.6643,1.19,1.00
2014.06.04 10:03:30.829,6.66353,6.66449,1.19,1.00
2014.06.04 10:03:31.032,6.66363,6.66449,1.00,1.00
2014.06.04 10:03:31.538,6.66353,6.66449,1.19,1.00
2014.06.04 10:03:31.590,6.66358,6.66449,1.19,1.00
2014.06.04 10:03:32.590,6.66357,6.66449,1.19,1.00
2014.06.04 10:03:33.595,6.66359,6.66449,1.19,1.00
2014.06.04 10:03:34.641,6.66364,6.66449,1.19,1.00
2014.06.04 10:03:35.802,6.66363,6.66449,1.19,1.00
2014.06.04 10:03:37.610,6.66363,6.66449,1.19,1.00
2014.06.04 10:03:38.616,6.66363,6.66449,1.19,1.00
2014.06.04 10:03:39.582,6.66373,6.66449,1.00,1.00
2014.06.04 10:03:39.642,6.66373,6.66449,1.19,1.00
2014.06.04 10:03:40.646,6.66373,6.66449,1.19,1.00
2014.06.04 10:03:42.033,6.66383,6.66449,1.00,1.00
2014.06.04 10:03:42.401,6.66383,6.66467,1.00,1.65
2014.06.04 10:03:42.675,6.66383,6.66467,1.19,1.65
2014.06.04 10:03:43.652,6.66383,6.66467,1.19,1.65
2014.06.04 10:03:44.656,6.66383,6.66467,1.19,1.65
2014.06.04 10:03:46.665,6.66383,6.66467,1.19,1.00
2014.06.04 10:03:47.684,6.66383,6.66467,1.19,1.00
2014.06.04 10:03:48.685,6.66373,6.66467,1.19,1.00
2014.06.04 10:03:49.414,6.66373,6.66449,1.19,1.00
2014.06.04 10:03:50.691,6.66363,6.66449,1.19,1.00
2014.06.04 10:03:53.709,6.66363,6.66449,1.19,1.00
2014.06.04 10:03:54.756,6.66363,6.66449,1.19,1.00
2014.06.04 10:03:56.725,6.66363,6.66449,1.19,1.00
2014.06.04 10:03:57.904,6.66363,6.66449,1.19,1.00
2014.06.04 10:03:59.711,6.66363,6.66449,1.19,1.00
2014.06.04 10:04:00.729,6.66363,6.66449,1.19,1.00
2014.06.04 10:04:01.724,6.66353,6.66449,1.19,1.00
2014.06.04 10:04:02.729,6.66353,6.66449,1.19,1.00
2014.06.04 10:04:03.734,6.66353,6.66449,1.19,1.00
2014.06.04 10:04:04.527,6.66353,6.66447,1.19,1.20
2014.06.04 10:04:04.739,6.66353,6.66447,1.19,1.20
2014.06.04 10:04:05.746,6.66353,6.66447,1.19,1.20
2014.06.04 10:04:06.751,6.66353,6.66447,1.19,1.20
2014.06.04 10:04:08.143,6.66373,6.66447,1.00,1.20
2014.06.04 10:04:08.194,6.66373,6.66449,1.00,1.00
2014.06.04 10:04:08.357,6.66363,6.66449,1.00,1.00
2014.06.04 10:04:08.760,6.66363,6.66449,1.19,1.00
2014.06.04 10:04:09.790,6.66363,6.66449,1.19,1.00
2014.06.04 10:04:11.058,6.66363,6.66449,1.19,1.00
2014.06.04 10:04:13.067,6.66363,6.66449,1.19,1.00
2014.06.04 10:04:14.003,6.66383,6.66449,1.00,1.00
2014.06.04 10:04:14.206,6.66383,6.6647,1.00,1.00
2014.06.04 10:04:14.781,6.66383,6.6647,1.19,1.00
2014.06.04 10:04:16.042,6.66393,6.6647,1.00,1.00
2014.06.04 10:04:17.468,6.66373,6.6647,1.19,1.00
2014.06.04 10:04:17.873,6.66393,6.6647,1.00,1.00
2014.06.04 10:04:31.862,6.66393,6.6647,1.19,1.00
2014.06.04 10:04:32.876,6.66393,6.6647,1.19,1.00
2014.06.04 10:04:34.876,6.66393,6.6647,1.19,1.00
2014.06.04 10:04:36.878,6.66393,6.6647,1.19,1.00
2014.06.04 10:04:37.883,6.66393,6.6647,1.19,1.00
2014.06.04 10:04:39.891,6.66393,6.6647,1.19,1.00
2014.06.04 10:04:40.741,6.66403,6.6647,1.00,1.00
2014.06.04 10:04:41.122,6.66413,6.6647,1.00,1.00
2014.06.04 10:04:44.812,6.66403,6.6647,1.25,1.00
2014.06.04 10:04:45.330,6.66403,6.6647,1.19,1.00
2014.06.04 10:04:45.922,6.66393,6.6647,1.19,1.00
2014.06.04 10:04:46.926,6.66393,6.6647,1.19,1.00
2014.06.04 10:04:47.970,6.66383,6.6647,1.19,1.00
2014.06.04 10:04:48.330,6.66393,6.6647,1.00,1.00
2014.06.04 10:04:48.984,6.66393,6.6647,1.19,1.00
2014.06.04 10:04:49.492,6.66405,6.6649,1.19,1.20
2014.06.04 10:04:49.543,6.66405,6.66493,1.19,1.00
2014.06.04 10:04:49.857,6.66423,6.66493,1.00,1.00
2014.06.04 10:04:50.639,6.66423,6.66493,1.19,1.00
2014.06.04 10:04:50.951,6.66433,6.66493,1.00,1.00
2014.06.04 10:04:55.307,6.66433,6.66514,1.00,1.00
2014.06.04 10:04:55.360,6.66443,6.66514,1.00,1.00
2014.06.04 10:04:58.763,6.66434,6.66514,1.00,1.00
2014.06.04 10:05:03.826,6.66433,6.66514,1.00,1.00
2014.06.04 10:05:05.385,6.66443,6.66514,1.00,1.00
2014.06.04 10:05:05.802,6.66433,6.66514,1.19,1.00
2014.06.04 10:05:06.452,6.66433,6.66514,1.19,1.00
2014.06.04 10:05:06.792,6.66443,6.66514,1.00,1.00
2014.06.04 10:05:08.418,6.66443,6.66514,1.19,1.00
2014.06.04 10:05:09.424,6.66443,6.66514,1.19,1.00
2014.06.04 10:05:11.837,6.66443,6.66514,1.00,1.00
2014.06.04 10:05:25.586,6.66443,6.66541,1.00,1.39
2014.06.04 10:05:26.490,6.66443,6.66541,1.19,1.20
2014.06.04 10:05:30.169,6.66443,6.66538,1.19,1.20
2014.06.04 10:05:30.742,6.66443,6.66538,1.00,1.20
2014.06.04 10:05:35.526,6.66443,6.66538,1.00,1.39
2014.06.04 10:05:37.539,6.66443,6.66538,1.00,1.39
2014.06.04 10:05:38.546,6.66443,6.66538,1.00,1.20
2014.06.04 10:05:44.203,6.66444,6.66538,1.00,1.20
2014.06.04 10:05:44.575,6.66444,6.66538,1.00,1.39
2014.06.04 10:05:45.652,6.66444,6.66538,1.00,1.39
2014.06.04 10:05:46.558,6.66444,6.66538,1.00,1.39
2014.06.04 10:05:47.562,6.66444,6.66538,1.00,1.09
2014.06.04 10:05:53.581,6.66433,6.6654,1.19,1.39
2014.06.04 10:05:54.511,6.66433,6.6654,1.00,1.39
2014.06.04 10:05:55.450,6.66443,6.6654,1.00,1.39
2014.06.04 10:05:56.106,6.66443,6.6654,1.19,1.20
2014.06.04 10:05:57.112,6.66443,6.6654,1.19,1.20
2014.06.04 10:05:59.142,6.66443,6.6654,1.19,1.20
2014.06.04 10:05:59.473,6.66435,6.6653,1.19,1.00
2014.06.04 10:05:59.574,6.66433,6.66518,1.00,1.20
2014.06.04 10:05:59.625,6.66405,6.66518,1.19,1.20
2014.06.04 10:05:59.676,6.66405,6.6651,1.19,1.00
2014.06.04 10:06:00.188,6.66424,6.6651,1.00,1.00
2014.06.04 10:06:00.511,6.66433,6.6651,1.00,1.00
2014.06.04 10:06:10.215,6.66433,6.66518,1.00,1.20
2014.06.04 10:06:11.101,6.66433,6.66518,1.19,1.20
2014.06.04 10:06:12.201,6.66433,6.66518,1.19,1.20
2014.06.04 10:06:13.204,6.66433,6.66518,1.00,1.20
2014.06.04 10:06:15.078,6.66433,6.6653,1.00,1.00
2014.06.04 10:06:15.715,6.66433,6.6653,1.00,1.19
2014.06.04 10:06:16.222,6.66433,6.6653,1.00,1.00
2014.06.04 10:06:19.600,6.66443,6.6653,1.00,1.00
2014.06.04 10:06:27.305,6.66443,6.6653,1.00,1.19
2014.06.04 10:06:28.310,6.66443,6.6653,1.00,1.19
2014.06.04 10:06:30.323,6.66443,6.6653,1.00,1.19
2014.06.04 10:06:30.701,6.66433,6.6653,1.00,1.19
2014.06.04 10:06:31.327,6.66433,6.6653,1.00,1.00
2014.06.04 10:06:33.260,6.66423,6.6653,1.19,1.19
2014.06.04 10:06:35.251,6.66423,6.6653,1.19,1.19
2014.06.04 10:06:37.255,6.66423,6.66529,1.19,1.39
2014.06.04 10:06:37.960,6.66433,6.66529,1.00,1.39
2014.06.04 10:06:39.361,6.66433,6.66529,1.00,1.39
2014.06.04 10:06:40.365,6.66433,6.66529,1.00,1.39
2014.06.04 10:06:41.284,6.66403,6.6651,1.00,1.19
2014.06.04 10:06:41.698,6.66403,6.66486,1.00,1.20
2014.06.04 10:06:41.842,6.66393,6.66486,1.00,1.39
2014.06.04 10:06:41.945,6.66383,6.66486,1.00,1.39
2014.06.04 10:06:42.099,6.66383,6.66486,1.00,1.20
2014.06.04 10:06:42.150,6.66393,6.66486,1.00,1.20
2014.06.04 10:06:42.303,6.66383,6.66486,1.00,1.20
2014.06.04 10:06:42.809,6.66393,6.66486,1.00,1.20
2014.06.04 10:06:43.136,6.66383,6.66486,1.00,1.20
2014.06.04 10:06:43.293,6.66383,6.66486,1.00,1.39
2014.06.04 10:06:43.890,6.66383,6.6647,1.00,1.00
2014.06.04 10:06:44.194,6.66393,6.66483,1.00,1.19
2014.06.04 10:06:44.246,6.66393,6.66483,1.00,1.00
2014.06.04 10:06:44.348,6.66384,6.66484,1.19,1.20
2014.06.04 10:06:44.568,6.66393,6.66484,1.00,1.20
2014.06.04 10:06:45.217,6.66393,6.66484,1.19,1.20
2014.06.04 10:06:45.480,6.66393,6.6649,1.19,1.00
2014.06.04 10:06:45.602,6.66403,6.6649,1.00,1.00
2014.06.04 10:06:45.652,6.66403,6.66503,1.00,1.39
2014.06.04 10:06:46.294,6.66403,6.6651,1.19,1.00
2014.06.04 10:06:47.252,6.66407,6.6651,1.19,1.00
2014.06.04 10:06:48.221,6.66405,6.6651,1.19,1.00
2014.06.04 10:06:49.149,6.66414,6.66505,1.19,1.20
2014.06.04 10:06:49.251,6.66403,6.66505,1.00,1.39
2014.06.04 10:06:49.370,6.66393,6.66483,1.19,1.20
2014.06.04 10:06:49.864,6.66373,6.66483,1.19,1.20
2014.06.04 10:06:50.852,6.66363,6.66483,1.69,1.39
2014.06.04 10:06:51.694,6.66393,6.66483,1.00,1.39
2014.06.04 10:06:51.948,6.66383,6.66483,1.19,1.20
2014.06.04 10:06:53.165,6.66373,6.66483,1.19,1.39
2014.06.04 10:06:54.042,6.66383,6.66483,1.00,1.39
2014.06.04 10:06:54.971,6.66383,6.66483,1.00,1.20
2014.06.04 10:06:58.400,6.66394,6.66483,1.00,1.09
2014.06.04 10:07:06.139,6.66403,6.66483,1.00,1.20
2014.06.04 10:07:06.539,6.66393,6.66483,1.00,1.20
2014.06.04 10:07:06.792,6.66393,6.66491,1.00,1.19
2014.06.04 10:07:06.904,6.66393,6.66491,1.19,1.00
2014.06.04 10:07:07.909,6.66393,6.66491,1.19,1.00
2014.06.04 10:07:10.052,6.66393,6.66491,1.19,1.00
2014.06.04 10:07:11.814,6.66393,6.6651,1.19,1.19
2014.06.04 10:07:12.069,6.66393,6.6651,1.19,1.19
2014.06.04 10:07:13.041,6.66386,6.6651,1.39,1.19
2014.06.04 10:07:14.125,6.6638,6.66491,1.19,1.00
2014.06.04 10:07:14.176,6.66361,6.66491,1.19,1.19
2014.06.04 10:07:14.277,6.66349,6.66473,1.19,1.19
2014.06.04 10:07:15.471,6.66345,6.66465,1.19,1.19
2014.06.04 10:07:16.482,6.66347,6.66465,1.19,1.00
2014.06.04 10:07:18.463,6.66349,6.66465,1.19,1.00
2014.06.04 10:07:19.490,6.66348,6.66465,1.19,1.00
2014.06.04 10:07:20.473,6.66347,6.66465,1.19,1.00
2014.06.04 10:07:22.483,6.6635,6.66465,1.19,1.00
2014.06.04 10:07:24.494,6.66354,6.66465,1.19,1.00
2014.06.04 10:07:25.509,6.66353,6.66465,1.19,1.00
2014.06.04 10:07:26.503,6.66355,6.66465,1.19,1.00
2014.06.04 10:07:29.472,6.66357,6.66465,1.19,1.00
2014.06.04 10:07:31.585,6.66343,6.66465,1.19,1.19
2014.06.04 10:07:39.624,6.66356,6.66465,1.19,1.00
2014.06.04 10:07:42.628,6.66358,6.66465,1.19,1.00
2014.06.04 10:07:43.653,6.66356,6.66465,1.19,1.00
2014.06.04 10:07:44.638,6.66354,6.66465,1.19,1.00
2014.06.04 10:07:45.643,6.66347,6.66465,1.19,1.00
2014.06.04 10:07:46.647,6.66346,6.66465,1.19,1.25
2014.06.04 10:07:47.651,6.66345,6.66465,1.19,1.19
2014.06.04 10:07:48.657,6.66346,6.66465,1.19,1.25
2014.06.04 10:07:51.668,6.66338,6.66465,1.19,1.19
2014.06.04 10:07:53.678,6.6634,6.66465,1.19,1.19
2014.06.04 10:07:55.691,6.66343,6.66465,1.39,1.19
2014.06.04 10:07:56.689,6.66343,6.66465,1.39,1.19
2014.06.04 10:07:58.699,6.66343,6.66465,1.39,1.19
2014.06.04 10:07:59.710,6.66343,6.66466,1.39,1.19
2014.06.04 10:08:00.015,6.66365,6.66486,1.39,1.19
2014.06.04 10:08:01.401,6.66384,6.66486,1.20,1.19
2014.06.04 10:08:01.517,6.66384,6.66491,1.20,1.19
2014.06.04 10:08:02.624,6.66384,6.66498,1.20,1.19
2014.06.04 10:08:04.633,6.66384,6.66495,1.20,1.19
2014.06.04 10:08:05.637,6.66384,6.66494,1.20,1.19
2014.06.04 10:08:06.649,6.66384,6.66493,1.20,1.19
2014.06.04 10:08:08.684,6.66384,6.66494,1.20,1.19
2014.06.04 10:08:09.695,6.66384,6.66495,1.20,1.19
2014.06.04 10:08:10.719,6.66384,6.665,1.20,1.19
2014.06.04 10:08:11.704,6.66384,6.66501,1.20,1.19
2014.06.04 10:08:13.607,6.66384,6.665,1.20,1.19
2014.06.04 10:08:15.727,6.66384,6.66499,1.20,1.19
2014.06.04 10:08:16.721,6.66384,6.66498,1.20,1.19
2014.06.04 10:08:19.748,6.66384,6.665,1.20,1.19
2014.06.04 10:08:21.385,6.66378,6.665,1.39,1.19
2014.06.04 10:08:22.747,6.66378,6.66499,1.39,1.19
2014.06.04 10:08:23.737,6.66378,6.665,1.39,1.19
2014.06.04 10:08:24.742,6.66378,6.66499,1.39,1.19
2014.06.04 10:08:26.549,6.66378,6.66506,1.39,1.19
2014.06.04 10:08:27.553,6.66378,6.66506,1.39,1.19
2014.06.04 10:08:30.563,6.66378,6.665,1.39,1.19
2014.06.04 10:08:31.670,6.66378,6.66506,1.39,1.19
2014.06.04 10:08:33.711,6.66378,6.66505,1.39,1.19
2014.06.04 10:08:35.691,6.66378,6.665,1.39,1.19
2014.06.04 10:08:36.695,6.66378,6.66506,1.39,1.19
2014.06.04 10:08:37.700,6.66378,6.66505,1.39,1.19
2014.06.04 10:08:38.704,6.66378,6.66503,1.39,1.19
2014.06.04 10:08:39.699,6.66378,6.66504,1.39,1.19
2014.06.04 10:08:40.705,6.66378,6.66505,1.39,1.19
2014.06.04 10:08:41.738,6.66378,6.66506,1.39,1.19
2014.06.04 10:08:42.714,6.66375,6.66505,1.39,1.19
2014.06.04 10:08:43.719,6.66376,6.66506,1.19,1.19
2014.06.04 10:08:44.724,6.66377,6.66506,1.19,1.19
2014.06.04 10:08:45.844,6.66375,6.66505,1.39,1.19
2014.06.04 10:08:47.140,6.66376,6.66506,1.19,1.19
2014.06.04 10:08:50.688,6.66375,6.66504,1.39,1.19
2014.06.04 10:08:52.260,6.66375,6.66494,1.09,1.19
2014.06.04 10:08:54.266,6.66375,6.66493,1.20,1.19
2014.06.04 10:08:55.270,6.66375,6.66497,1.39,1.19
2014.06.04 10:08:57.279,6.66375,6.66498,1.39,1.19
2014.06.04 10:09:00.197,6.66375,6.66496,1.39,1.19
2014.06.04 10:09:01.215,6.66375,6.66494,1.09,1.19
2014.06.04 10:09:02.211,6.66375,6.66495,1.39,1.19
2014.06.04 10:09:03.216,6.66373,6.66496,1.39,1.19
2014.06.04 10:09:04.221,6.66373,6.66495,1.39,1.19
2014.06.04 10:09:05.210,6.66373,6.66499,1.39,1.19
2014.06.04 10:09:05.387,6.66353,6.66472,1.39,1.19
2014.06.04 10:09:05.438,6.66353,6.6646,1.39,1.00
2014.06.04 10:09:05.590,6.66344,6.66479,1.19,1.19
2014.06.04 10:09:05.641,6.66362,6.66485,1.19,1.39
2014.06.04 10:09:06.710,6.66376,6.66508,1.19,1.19
2014.06.04 10:09:07.314,6.66375,6.66494,1.39,1.19
2014.06.04 10:09:08.194,6.66362,6.66476,1.19,1.00
2014.06.04 10:09:08.620,6.66355,6.66476,1.19,1.19
2014.06.04 10:09:09.625,6.66352,6.66476,1.39,1.19
2014.06.04 10:09:12.139,6.66352,6.66476,1.39,1.19
2014.06.04 10:09:13.144,6.66352,6.66476,1.39,1.19
2014.06.04 10:09:17.392,6.66352,6.66476,1.39,1.19
2014.06.04 10:09:19.170,6.66352,6.66476,1.39,1.19
2014.06.04 10:09:21.219,6.66335,6.66469,1.19,1.19
2014.06.04 10:09:22.043,6.66313,6.66443,1.19,1.39
2014.06.04 10:09:22.926,6.6631,6.66435,1.19,1.00
2014.06.04 10:09:23.216,6.66306,6.66435,1.19,1.19
2014.06.04 10:09:24.853,6.66322,6.66435,1.19,1.00
2014.06.04 10:09:25.055,6.66322,6.66464,1.84,1.00
2014.06.04 10:09:25.419,6.66344,6.66464,1.20,1.00
2014.06.04 10:09:25.470,6.66344,6.66482,1.20,1.19
2014.06.04 10:09:26.037,6.66352,6.66483,1.19,1.19
2014.06.04 10:09:27.043,6.66353,6.66483,1.19,1.19
2014.06.04 10:09:28.086,6.66353,6.66483,1.19,1.19
2014.06.04 10:09:28.237,6.66378,6.66506,1.19,1.19
2014.06.04 10:09:28.339,6.66389,6.66506,1.00,1.19
2014.06.04 10:09:28.389,6.6639,6.66524,1.19,1.19
2014.06.04 10:09:29.460,6.66383,6.66513,1.39,1.19
2014.06.04 10:09:30.086,6.66363,6.66449,2.23,1.00
2014.06.04 10:09:30.187,6.66332,6.66449,1.19,1.00
2014.06.04 10:09:30.390,6.66344,6.66449,1.19,1.00
2014.06.04 10:09:30.543,6.66344,6.66454,1.19,1.00
2014.06.04 10:09:30.644,6.66344,6.66468,1.19,1.19
2014.06.04 10:09:30.949,6.66344,6.6645,1.19,1.20
2014.06.04 10:09:31.295,6.66344,6.66437,1.19,1.00
2014.06.04 10:09:31.498,6.66331,6.66437,1.19,1.00
2014.06.04 10:09:32.460,6.66323,6.66437,1.19,1.00
2014.06.04 10:09:33.465,6.66321,6.66437,1.19,1.00
2014.06.04 10:09:34.046,6.66338,6.66437,1.20,1.00
2014.06.04 10:09:34.351,6.66343,6.66437,1.00,1.00
2014.06.04 10:09:34.711,6.66343,6.66437,1.19,1.00
2014.06.04 10:09:35.478,6.66346,6.66437,1.19,1.00
2014.06.04 10:09:36.485,6.66352,6.66437,1.19,1.00
2014.06.04 10:09:37.489,6.66351,6.66437,1.19,1.00
2014.06.04 10:09:38.495,6.6635,6.66437,1.19,1.00
2014.06.04 10:09:39.499,6.66349,6.66437,1.19,1.00
2014.06.04 10:09:40.504,6.6635,6.66437,1.19,1.00
2014.06.04 10:09:41.802,6.66344,6.66437,1.19,1.00
2014.06.04 10:09:42.844,6.66354,6.66437,1.19,1.00
2014.06.04 10:09:43.809,6.6635,6.66437,1.19,1.00
2014.06.04 10:09:44.815,6.66351,6.66437,1.19,1.00
2014.06.04 10:09:45.819,6.66353,6.66437,1.19,1.00
2014.06.04 10:09:48.831,6.66354,6.66437,1.19,1.00
2014.06.04 10:09:50.841,6.66355,6.66437,1.19,1.00
2014.06.04 10:09:51.947,6.66345,6.66437,1.19,1.00
2014.06.04 10:09:52.951,6.66363,6.66437,1.19,1.00
2014.06.04 10:09:53.958,6.66358,6.66437,1.19,1.00
2014.06.04 10:09:58.971,6.66357,6.66437,1.19,1.00
2014.06.04 10:10:01.988,6.66358,6.66437,1.19,1.00
2014.06.04 10:10:02.992,6.66359,6.66437,1.19,1.00
2014.06.04 10:10:03.996,6.66363,6.66437,1.19,1.00
2014.06.04 10:10:05.002,6.66357,6.66437,1.19,1.00
2014.06.04 10:10:07.009,6.66359,6.66437,1.19,1.00
2014.06.04 10:10:07.145,6.66359,6.66456,1.19,1.00
2014.06.04 10:10:08.317,6.66364,6.66456,1.19,1.00
2014.06.04 10:10:09.324,6.66365,6.66456,1.19,1.00
2014.06.04 10:10:10.328,6.66364,6.66456,1.19,1.00
2014.06.04 10:10:12.524,6.66367,6.66456,1.19,1.00
2014.06.04 10:10:13.326,6.6636,6.66456,1.19,1.00
2014.06.04 10:10:14.332,6.66366,6.66456,1.19,1.00
2014.06.04 10:10:15.161,6.66362,6.66456,1.20,1.00
2014.06.04 10:10:15.509,6.66339,6.66456,1.39,1.00
2014.06.04 10:10:16.549,6.66355,6.66456,1.19,1.00
2014.06.04 10:10:17.554,6.66354,6.66456,1.19,1.00
2014.06.04 10:10:18.558,6.66352,6.66456,1.19,1.00
2014.06.04 10:10:19.562,6.66353,6.66456,1.19,1.00
2014.06.04 10:10:21.570,6.66348,6.66456,1.19,1.00
2014.06.04 10:10:22.573,6.66352,6.66456,1.19,1.00
2014.06.04 10:10:24.581,6.66356,6.66456,1.19,1.00
2014.06.04 10:10:25.589,6.66355,6.66456,1.19,1.00
2014.06.04 10:10:26.769,6.66354,6.66456,1.19,1.00
2014.06.04 10:10:27.575,6.66355,6.66456,1.19,1.00
2014.06.04 10:10:28.578,6.66356,6.66456,1.19,1.00
2014.06.04 10:10:29.584,6.66354,6.66456,1.19,1.00
2014.06.04 10:10:31.590,6.6636,6.66456,1.19,1.00
2014.06.04 10:10:32.648,6.66358,6.66456,1.19,1.00
2014.06.04 10:10:33.599,6.66355,6.66456,1.19,1.00
2014.06.04 10:10:34.602,6.66349,6.66456,1.19,1.00
2014.06.04 10:10:35.607,6.66355,6.66456,1.19,1.00
2014.06.04 10:10:36.611,6.66364,6.66456,1.19,1.00
2014.06.04 10:10:37.615,6.66359,6.66456,1.19,1.00
2014.06.04 10:10:38.620,6.66358,6.66456,1.19,1.00
2014.06.04 10:10:39.631,6.66361,6.66456,1.19,1.00
2014.06.04 10:10:41.632,6.6636,6.66456,1.19,1.00
2014.06.04 10:10:42.638,6.66357,6.66456,1.19,1.00
2014.06.04 10:10:43.637,6.66356,6.66456,1.19,1.00
2014.06.04 10:10:44.642,6.66349,6.66456,1.19,1.00
2014.06.04 10:10:45.652,6.6635,6.66456,1.19,1.00
2014.06.04 10:10:46.659,6.66367,6.66456,1.19,1.00
2014.06.04 10:10:47.884,6.66362,6.66456,1.19,1.00
2014.06.04 10:10:48.892,6.66363,6.66475,1.19,1.00
2014.06.04 10:10:49.875,6.66365,6.66475,1.19,1.00
2014.06.04 10:10:50.881,6.66367,6.66475,1.19,1.00
2014.06.04 10:10:51.888,6.66368,6.66475,1.19,1.00
2014.06.04 10:10:52.892,6.66369,6.66475,1.19,1.00
2014.06.04 10:10:53.897,6.66368,6.66475,1.19,1.00
2014.06.04 10:10:54.901,6.66363,6.66475,1.19,1.00
2014.06.04 10:10:55.927,6.66375,6.66475,1.19,1.00
2014.06.04 10:10:56.890,6.66372,6.66475,1.19,1.00
2014.06.04 10:10:57.932,6.6637,6.66475,1.19,1.00
2014.06.04 10:10:59.912,6.66371,6.66475,1.19,1.00
2014.06.04 10:11:00.917,6.66367,6.66475,1.19,1.00
2014.06.04 10:11:02.928,6.66364,6.66475,1.19,1.00
2014.06.04 10:11:03.933,6.66363,6.66475,1.19,1.00
2014.06.04 10:11:05.956,6.66376,6.66475,1.19,1.00
2014.06.04 10:11:06.946,6.66374,6.66475,1.19,1.00
2014.06.04 10:11:08.172,6.66375,6.66475,1.19,1.00
2014.06.04 10:11:09.980,6.66376,6.66475,1.19,1.00
2014.06.04 10:11:10.984,6.66375,6.66475,1.19,1.00
2014.06.04 10:11:12.066,6.66374,6.66475,1.19,1.00
2014.06.04 10:11:13.998,6.66379,6.66475,1.19,1.00
2014.06.04 10:11:16.012,6.6638,6.66475,1.19,1.00
2014.06.04 10:11:17.678,6.664,6.66475,1.19,1.00
2014.06.04 10:11:17.729,6.664,6.66494,1.19,1.00
2014.06.04 10:11:18.621,6.66404,6.66514,1.39,1.00
2014.06.04 10:11:18.727,6.66404,6.66514,1.39,1.00
2014.06.04 10:11:19.834,6.66417,6.66514,1.19,1.00
2014.06.04 10:11:20.942,6.66413,6.66514,1.19,1.00
2014.06.04 10:11:23.708,6.66404,6.66514,1.20,1.00
2014.06.04 10:11:23.759,6.66404,6.66493,1.20,1.00
2014.06.04 10:11:23.841,6.66388,6.66493,1.19,1.00
2014.06.04 10:11:25.881,6.66386,6.66493,1.19,1.00
2014.06.04 10:11:26.884,6.66387,6.66493,1.19,1.00
2014.06.04 10:11:28.129,6.66385,6.66493,1.19,1.00
2014.06.04 10:11:28.884,6.66384,6.66493,1.84,1.00
2014.06.04 10:11:29.924,6.66379,6.66493,1.19,1.00
2014.06.04 10:11:30.913,6.66371,6.66493,1.19,1.19
2014.06.04 10:11:31.807,6.66369,6.66493,1.19,1.19
2014.06.04 10:11:37.989,6.66373,6.66493,1.19,1.19
2014.06.04 10:11:38.988,6.66377,6.66493,1.19,1.00
2014.06.04 10:11:39.956,6.66383,6.66493,1.19,1.00
2014.06.04 10:11:40.961,6.6638,6.66493,1.19,1.00
2014.06.04 10:11:41.965,6.66379,6.66493,1.19,1.00
2014.06.04 10:11:42.969,6.6638,6.66493,1.19,1.00
2014.06.04 10:11:44.985,6.66379,6.66493,1.19,1.00
2014.06.04 10:11:48.005,6.6638,6.66493,1.19,1.00
2014.06.04 10:11:48.994,6.66375,6.66493,1.19,1.00
2014.06.04 10:11:50.000,6.66382,6.66493,1.19,1.00
2014.06.04 10:11:51.005,6.66384,6.66493,1.19,1.00
2014.06.04 10:11:52.009,6.66382,6.66493,1.19,1.00
2014.06.04 10:11:54.018,6.66383,6.66493,1.19,1.00
2014.06.04 10:11:58.235,6.66379,6.66493,1.19,1.00
2014.06.04 10:11:59.039,6.6638,6.66493,1.19,1.00
2014.06.04 10:12:00.044,6.66381,6.66493,1.19,1.00
2014.06.04 10:12:01.127,6.6638,6.66493,1.19,1.00
2014.06.04 10:12:02.056,6.66378,6.66493,1.19,1.00
2014.06.04 10:12:03.061,6.66379,6.66493,1.19,1.00
2014.06.04 10:12:04.066,6.66378,6.66493,1.19,1.00
2014.06.04 10:12:05.072,6.66374,6.66493,1.19,1.25
2014.06.04 10:12:07.081,6.66375,6.66493,1.19,1.00
2014.06.04 10:12:08.086,6.66376,6.66493,1.19,1.25
2014.06.04 10:12:09.089,6.66376,6.66493,1.19,1.19
2014.06.04 10:12:10.095,6.66374,6.66493,1.19,1.19
2014.06.04 10:12:11.100,6.66374,6.66493,1.19,1.25
2014.06.04 10:12:12.875,6.66374,6.66471,1.19,1.00
2014.06.04 10:12:13.077,6.66365,6.66471,1.19,1.00
2014.06.04 10:12:14.062,6.66363,6.66471,1.19,1.00
2014.06.04 10:12:18.084,6.66358,6.66471,1.19,1.00
2014.06.04 10:12:19.089,6.6636,6.66471,1.19,1.00
2014.06.04 10:12:20.093,6.66361,6.66471,1.19,1.00
2014.06.04 10:12:21.900,6.66362,6.66471,1.19,1.00
2014.06.04 10:12:23.907,6.66366,6.66471,1.19,1.00
2014.06.04 10:12:26.922,6.66364,6.66471,1.19,1.00
2014.06.04 10:12:27.898,6.66368,6.66471,1.19,1.00
2014.06.04 10:12:28.901,6.66366,6.66471,1.19,1.00
2014.06.04 10:12:29.906,6.66365,6.66471,1.19,1.00
2014.06.04 10:12:30.911,6.66359,6.66471,1.19,1.00
2014.06.04 10:12:31.915,6.66361,6.66471,1.19,1.00
2014.06.04 10:12:32.919,6.66363,6.66471,1.19,1.00
2014.06.04 10:12:34.931,6.66364,6.66471,1.19,1.00
2014.06.04 10:12:38.957,6.66362,6.66471,1.19,1.00
2014.06.04 10:12:39.957,6.66369,6.66471,1.19,1.00
2014.06.04 10:12:40.914,6.66366,6.66471,1.19,1.00
2014.06.04 10:12:41.921,6.66363,6.66471,1.19,1.00
2014.06.04 10:12:42.925,6.66362,6.66471,1.19,1.00
2014.06.04 10:12:43.931,6.66372,6.66471,1.19,1.00
2014.06.04 10:12:44.957,6.66357,6.66471,1.69,1.00
2014.06.04 10:12:45.187,6.66348,6.66471,1.00,1.19
2014.06.04 10:12:45.238,6.66343,6.66451,1.00,1.00
2014.06.04 10:12:45.587,6.66327,6.66428,1.19,1.00
2014.06.04 10:12:46.654,6.6632,6.66428,1.19,1.00
2014.06.04 10:12:47.661,6.66322,6.66428,1.19,1.00
2014.06.04 10:12:48.967,6.66327,6.66428,1.19,1.00
2014.06.04 10:12:49.962,6.66329,6.66428,1.19,1.00
2014.06.04 10:12:50.966,6.66328,6.66428,1.19,1.00
2014.06.04 10:12:52.007,6.66325,6.66428,1.19,1.00
2014.06.04 10:12:52.980,6.6632,6.66428,1.19,1.00
2014.06.04 10:12:53.985,6.66319,6.66428,1.19,1.00
2014.06.04 10:12:54.989,6.66315,6.66428,1.19,1.00
2014.06.04 10:12:58.001,6.66316,6.66428,1.19,1.00
2014.06.04 10:12:59.006,6.66313,6.66428,1.19,1.00
2014.06.04 10:13:00.056,6.66329,6.66428,1.19,1.00
2014.06.04 10:13:02.021,6.66315,6.66428,1.19,1.00
2014.06.04 10:13:05.028,6.66314,6.66428,1.19,1.00
2014.06.04 10:13:07.035,6.66315,6.66428,1.19,1.00
2014.06.04 10:13:08.045,6.66316,6.66428,1.19,1.00
2014.06.04 10:13:09.043,6.66312,6.66428,1.19,1.00
2014.06.04 10:13:12.055,6.66317,6.66428,1.19,1.00
2014.06.04 10:13:13.060,6.66319,6.66428,1.19,1.00
2014.06.04 10:13:14.065,6.66314,6.66428,1.19,1.00
2014.06.04 10:13:14.723,6.66314,6.66427,1.19,1.00
2014.06.04 10:13:15.072,6.66312,6.66427,1.19,1.00
2014.06.04 10:13:15.727,6.66312,6.66428,1.19,1.00
2014.06.04 10:13:16.076,6.66322,6.66428,1.19,1.00
2014.06.04 10:13:16.621,6.66322,6.66421,1.19,1.20
2014.06.04 10:13:17.083,6.66319,6.66421,1.19,1.20
2014.06.04 10:13:18.089,6.66318,6.66421,1.19,1.20
2014.06.04 10:13:19.051,6.66319,6.66421,1.19,1.20
2014.06.04 10:13:19.879,6.66339,6.66421,1.19,1.20
2014.06.04 10:13:20.132,6.66339,6.66428,1.19,1.00
2014.06.04 10:13:20.303,6.66339,6.6644,1.19,1.20
2014.06.04 10:13:21.073,6.66346,6.6644,1.19,1.20
2014.06.04 10:13:22.071,6.66346,6.6644,1.19,1.20
2014.06.04 10:13:22.768,6.66341,6.66428,1.19,1.00
2014.06.04 10:13:22.819,6.66337,6.66428,1.00,1.00
2014.06.04 10:13:22.870,6.66337,6.66419,1.00,1.20
2014.06.04 10:13:22.971,6.66317,6.66419,1.19,1.20
2014.06.04 10:13:23.824,6.66318,6.66419,1.19,1.20
2014.06.04 10:13:24.791,6.66317,6.66419,1.19,1.20
2014.06.04 10:13:25.271,6.66323,6.66428,1.19,1.00
2014.06.04 10:13:26.098,6.66319,6.66428,1.19,1.00
2014.06.04 10:13:26.814,6.66319,6.66426,1.19,1.00
2014.06.04 10:13:27.976,6.66318,6.66426,1.69,1.00
2014.06.04 10:13:28.111,6.66318,6.66426,1.19,1.00
2014.06.04 10:13:29.234,6.66318,6.66428,1.19,1.00
2014.06.04 10:13:31.119,6.66318,6.66428,1.19,1.00
2014.06.04 10:13:33.128,6.66318,6.66428,1.19,1.00
2014.06.04 10:13:34.133,6.66318,6.66428,1.19,1.00
2014.06.04 10:13:35.267,6.66318,6.66427,1.19,1.00
2014.06.04 10:13:35.368,6.66318,6.66417,1.19,1.20
2014.06.04 10:13:35.694,6.66315,6.6641,1.19,1.00
2014.06.04 10:13:36.164,6.66304,6.6641,1.19,1.00
2014.06.04 10:13:40.161,6.66312,6.6641,1.19,1.00
2014.06.04 10:13:41.168,6.66315,6.6641,1.19,1.00
2014.06.04 10:13:42.172,6.66316,6.6641,1.19,1.00
2014.06.04 10:13:43.178,6.66315,6.6641,1.19,1.00
2014.06.04 10:13:44.169,6.66319,6.6641,1.19,1.00
2014.06.04 10:13:44.220,6.66319,6.66417,1.19,1.20
2014.06.04 10:13:45.183,6.6632,6.66417,1.19,1.20
2014.06.04 10:13:46.177,6.66318,6.66417,1.19,1.20
2014.06.04 10:13:48.187,6.6632,6.66417,1.19,1.20
2014.06.04 10:13:49.191,6.66318,6.66417,1.19,1.20
2014.06.04 10:13:51.201,6.66317,6.66417,1.19,1.20
2014.06.04 10:13:51.619,6.66317,6.66434,1.19,1.00
2014.06.04 10:13:52.406,6.66325,6.66434,1.19,1.00
2014.06.04 10:13:53.411,6.66322,6.66434,1.19,1.00
2014.06.04 10:13:54.413,6.66323,6.66434,1.19,1.00
2014.06.04 10:13:56.423,6.66321,6.66434,1.19,1.00
2014.06.04 10:13:57.439,6.66329,6.66434,1.19,1.00
2014.06.04 10:13:59.428,6.6633,6.66434,1.19,1.00
2014.06.04 10:14:00.431,6.66329,6.66434,1.19,1.00
2014.06.04 10:14:04.458,6.66327,6.66434,1.19,1.00
2014.06.04 10:14:06.466,6.66323,6.66434,1.19,1.00
2014.06.04 10:14:07.472,6.66325,6.66434,1.19,1.00
2014.06.04 10:14:10.488,6.66327,6.66434,1.19,1.00
2014.06.04 10:14:11.493,6.66325,6.66434,1.19,1.00
2014.06.04 10:14:15.494,6.66332,6.66434,1.19,1.00
2014.06.04 10:14:18.507,6.66329,6.66434,1.19,1.00
2014.06.04 10:14:19.513,6.66328,6.66434,1.19,1.00
2014.06.04 10:14:20.517,6.66329,6.66434,1.19,1.00
2014.06.04 10:14:21.521,6.66325,6.66434,1.19,1.00
2014.06.04 10:14:22.469,6.66325,6.6645,1.19,1.39
2014.06.04 10:14:22.848,6.6634,6.66454,1.19,1.00
2014.06.04 10:14:23.221,6.6634,6.66447,1.19,1.00
2014.06.04 10:14:23.841,6.66328,6.66447,1.19,1.25
2014.06.04 10:14:24.777,6.66325,6.66447,1.19,1.19
2014.06.04 10:14:25.791,6.66328,6.66448,1.19,1.39
2014.06.04 10:14:27.097,6.66338,6.66454,1.19,1.00
2014.06.04 10:14:28.107,6.66342,6.66454,1.19,1.00
2014.06.04 10:14:29.113,6.66346,6.66454,1.19,1.00
2014.06.04 10:14:30.117,6.66347,6.66454,1.19,1.00
2014.06.04 10:14:31.122,6.66341,6.66454,1.19,1.00
2014.06.04 10:14:32.130,6.66336,6.66454,1.19,1.00
2014.06.04 10:14:33.134,6.66337,6.66454,1.19,1.00
2014.06.04 10:14:34.131,6.66339,6.66454,1.19,1.00
2014.06.04 10:14:35.139,6.66345,6.66454,1.19,1.00
2014.06.04 10:14:35.544,6.66345,6.66468,1.19,1.39
2014.06.04 10:14:35.594,6.66345,6.66449,1.19,1.20
2014.06.04 10:14:36.447,6.66357,6.66449,1.19,1.20
2014.06.04 10:14:37.872,6.66346,6.66449,1.19,1.20
2014.06.04 10:14:37.974,6.66346,6.66446,1.19,1.00
2014.06.04 10:14:38.864,6.66344,6.66446,1.19,1.00
2014.06.04 10:14:39.870,6.66344,6.66446,1.19,1.00
2014.06.04 10:14:41.880,6.66344,6.66446,1.19,1.00
2014.06.04 10:14:42.924,6.66344,6.66446,1.19,1.00
2014.06.04 10:14:44.093,6.6635,6.66446,1.19,1.00
2014.06.04 10:14:44.579,6.6635,6.66426,1.19,1.20
2014.06.04 10:14:45.160,6.66324,6.66424,1.19,1.00
2014.06.04 10:14:45.363,6.6632,6.66405,1.19,1.20
2014.06.04 10:14:46.344,6.66303,6.66405,1.19,1.65
2014.06.04 10:14:47.288,6.66323,6.66405,1.00,1.00
2014.06.04 10:14:47.444,6.66313,6.66405,1.19,1.00
2014.06.04 10:14:47.495,6.6632,6.66405,1.19,1.00
2014.06.04 10:14:47.647,6.66324,6.66426,1.19,1.00
2014.06.04 10:14:47.950,6.66343,6.66426,1.00,1.00
2014.06.04 10:14:48.102,6.66342,6.66448,1.19,1.00
2014.06.04 10:14:49.144,6.66344,6.66448,1.19,1.00
2014.06.04 10:14:49.817,6.66363,6.66448,1.00,1.00
2014.06.04 10:14:50.294,6.66373,6.66448,1.00,1.00
2014.06.04 10:14:50.396,6.66373,6.66466,1.00,1.19
2014.06.04 10:14:50.547,6.66373,6.66466,1.19,1.00
2014.06.04 10:14:50.962,6.66383,6.66466,1.00,1.00
2014.06.04 10:14:51.064,6.66383,6.66487,1.00,1.19
2014.06.04 10:14:51.683,6.66383,6.66487,1.19,1.00
2014.06.04 10:14:52.846,6.66394,6.66487,1.69,1.00
2014.06.04 10:14:53.852,6.66395,6.66487,1.19,1.00
2014.06.04 10:14:55.059,6.66397,6.66487,1.19,1.00
2014.06.04 10:14:56.067,6.66395,6.66487,1.19,1.00
2014.06.04 10:14:57.073,6.66396,6.66487,1.19,1.00
2014.06.04 10:14:58.078,6.66399,6.66487,1.19,1.00
2014.06.04 10:15:01.095,6.66398,6.66487,1.19,1.00
2014.06.04 10:15:02.102,6.66396,6.66487,1.19,1.00
2014.06.04 10:15:03.109,6.66394,6.66487,1.19,1.00
2014.06.04 10:15:04.107,6.66393,6.66487,1.69,1.00
2014.06.04 10:15:05.115,6.66394,6.66487,1.19,1.00
2014.06.04 10:15:06.120,6.66395,6.66487,1.19,1.00
2014.06.04 10:15:09.334,6.66403,6.66487,1.19,1.00
2014.06.04 10:15:10.842,6.66403,6.66487,1.00,1.00
2014.06.04 10:15:11.256,6.66393,6.66487,1.19,1.00
2014.06.04 10:15:11.576,6.66383,6.66487,1.00,1.19
2014.06.04 10:15:11.627,6.66383,6.66479,1.00,1.20
2014.06.04 10:15:11.678,6.66363,6.66469,1.19,1.00
2014.06.04 10:15:11.983,6.66363,6.66459,1.19,1.20
2014.06.04 10:15:12.660,6.66363,6.66459,1.00,1.20
2014.06.04 10:15:15.665,6.66363,6.66459,1.19,1.20
2014.06.04 10:15:16.875,6.66373,6.66459,1.00,1.20
2014.06.04 10:15:16.926,6.66373,6.66469,1.00,1.25
2014.06.04 10:15:16.977,6.66363,6.66469,1.19,1.25
2014.06.04 10:15:17.875,6.66363,6.66469,1.19,1.00
2014.06.04 10:15:19.073,6.66363,6.66469,1.19,1.00
2014.06.04 10:15:19.989,6.66363,6.66469,1.19,1.00
2014.06.04 10:15:20.974,6.66363,6.66468,1.19,1.00
2014.06.04 10:15:21.995,6.66363,6.66468,1.19,1.00
2014.06.04 10:15:24.003,6.66363,6.66468,1.19,1.00
2014.06.04 10:15:25.008,6.66363,6.66468,1.19,1.00
2014.06.04 10:15:26.035,6.66363,6.66468,1.19,1.00
2014.06.04 10:15:26.853,6.66374,6.66469,1.19,1.00
2014.06.04 10:15:27.156,6.66374,6.6649,1.19,1.39
2014.06.04 10:15:28.021,6.66374,6.6649,1.19,1.39
2014.06.04 10:15:29.076,6.66374,6.6649,1.19,1.39
2014.06.04 10:15:29.595,6.66404,6.66494,1.00,1.19
2014.06.04 10:15:29.797,6.66404,6.66513,1.00,1.19
2014.06.04 10:15:29.898,6.66411,6.66513,1.19,1.00
2014.06.04 10:15:30.835,6.66423,6.66513,1.00,1.00
2014.06.04 10:15:31.424,6.66423,6.66532,1.00,1.19
2014.06.04 10:15:31.951,6.66424,6.66532,1.00,1.19
2014.06.04 10:15:32.885,6.66423,6.66532,1.00,1.19
2014.06.04 10:15:33.087,6.66423,6.66532,1.19,1.19
2014.06.04 10:15:33.643,6.66413,6.66521,1.19,1.00
2014.06.04 10:15:34.036,6.66413,6.66514,1.19,1.00
2014.06.04 10:15:34.636,6.66403,6.66514,1.19,1.00
2014.06.04 10:15:35.302,6.66423,6.66514,1.00,1.00
2014.06.04 10:15:36.193,6.66423,6.66513,1.00,1.00
2014.06.04 10:15:36.606,6.66423,6.66513,1.00,1.19
2014.06.04 10:15:36.916,6.66423,6.66513,1.00,1.00
2014.06.04 10:15:36.967,6.66423,6.66536,1.00,1.19
2014.06.04 10:15:37.069,6.66433,6.66536,1.00,1.19
2014.06.04 10:15:37.221,6.66413,6.66536,1.19,1.19
2014.06.04 10:15:37.322,6.66403,6.66528,1.19,1.19
2014.06.04 10:15:38.715,6.66394,6.66509,1.00,1.19
2014.06.04 10:15:39.043,6.66403,6.66509,1.00,1.19
2014.06.04 10:15:39.100,6.66393,6.66509,1.00,1.19
2014.06.04 10:15:39.924,6.66393,6.66512,1.25,1.19
2014.06.04 10:15:40.931,6.66393,6.66513,1.19,1.19
2014.06.04 10:15:41.937,6.66393,6.66512,1.25,1.19
2014.06.04 10:15:42.112,6.66378,6.66494,1.19,1.00
2014.06.04 10:15:42.419,6.66378,6.66486,1.19,1.00
2014.06.04 10:15:43.242,6.66373,6.66486,1.19,1.19
2014.06.04 10:15:44.246,6.66373,6.66486,1.19,1.19
2014.06.04 10:15:45.250,6.66373,6.66486,1.19,1.19
2014.06.04 10:15:48.666,6.66373,6.66486,1.19,1.19
2014.06.04 10:15:50.678,6.66373,6.66486,1.19,1.19
2014.06.04 10:15:51.672,6.66373,6.66486,1.19,1.19
2014.06.04 10:15:53.078,6.66377,6.66486,1.19,1.00
2014.06.04 10:15:54.124,6.66384,6.66486,1.19,1.00
2014.06.04 10:15:56.095,6.66383,6.66486,1.19,1.00
2014.06.04 10:15:57.202,6.66379,6.66486,1.19,1.00
2014.06.04 10:15:58.306,6.66383,6.66486,1.25,1.00
2014.06.04 10:15:59.351,6.66384,6.66486,1.19,1.00
2014.06.04 10:15:59.677,6.66413,6.66507,1.00,1.00
2014.06.04 10:16:00.525,6.66413,6.66507,1.19,1.00
2014.06.04 10:16:01.537,6.66413,6.66507,1.19,1.00
2014.06.04 10:16:02.248,6.66423,6.66507,1.00,1.00
2014.06.04 10:16:02.354,6.66423,6.66528,1.00,1.19
2014.06.04 10:16:02.683,6.66423,6.66528,1.00,1.19
2014.06.04 10:16:04.036,6.66423,6.66528,1.19,1.25
2014.06.04 10:16:06.250,6.66423,6.66528,1.19,1.19
2014.06.04 10:16:07.256,6.66423,6.66528,1.19,1.00
2014.06.04 10:16:08.263,6.66423,6.66528,1.19,1.25
2014.06.04 10:16:10.272,6.66423,6.66528,1.19,1.00
2014.06.04 10:16:11.267,6.6641,6.66526,1.19,1.00
2014.06.04 10:16:11.318,6.66404,6.66523,1.00,1.19
2014.06.04 10:16:11.369,6.66404,6.66508,1.00,1.00
2014.06.04 10:16:11.420,6.66393,6.66508,1.19,1.00
2014.06.04 10:16:11.521,6.66379,6.66501,1.39,1.19
2014.06.04 10:16:11.778,6.66383,6.6649,1.00,1.25
2014.06.04 10:16:12.685,6.66383,6.6649,1.00,1.19
2014.06.04 10:16:13.487,6.66383,6.6649,1.00,1.19
2014.06.04 10:16:14.593,6.66374,6.6649,1.19,1.19
2014.06.04 10:16:15.144,6.66384,6.6649,1.00,1.19
2014.06.04 10:16:15.252,6.66373,6.6649,1.19,1.19
2014.06.04 10:16:15.832,6.66373,6.6649,1.19,1.19
2014.06.04 10:16:16.505,6.66373,6.6649,1.19,1.19
2014.06.04 10:16:16.906,6.66383,6.6649,1.00,1.19
2014.06.04 10:16:17.511,6.66383,6.6649,1.00,1.19
2014.06.04 10:16:18.331,6.66373,6.6649,1.19,1.19
2014.06.04 10:16:18.517,6.66373,6.6649,1.19,1.19
2014.06.04 10:16:19.522,6.66384,6.6649,1.25,1.19
2014.06.04 10:16:20.561,6.66384,6.6649,1.19,1.19
2014.06.04 10:16:21.531,6.66384,6.6649,1.19,1.00
2014.06.04 10:16:23.540,6.66384,6.6649,1.19,1.00
2014.06.04 10:16:24.545,6.66384,6.6649,1.19,1.00
2014.06.04 10:16:25.544,6.66384,6.6649,1.19,1.00
2014.06.04 10:16:27.552,6.66384,6.6649,1.19,1.00
2014.06.04 10:16:28.558,6.66384,6.6649,1.19,1.00
2014.06.04 10:16:30.568,6.66384,6.6649,1.19,1.00
2014.06.04 10:16:31.574,6.66373,6.6649,1.19,1.19
2014.06.04 10:16:32.579,6.66373,6.6649,1.19,1.19
2014.06.04 10:16:33.614,6.66373,6.6649,1.00,1.19
2014.06.04 10:16:34.588,6.66373,6.66487,1.19,1.19
2014.06.04 10:16:35.593,6.66373,6.66487,1.19,1.00
2014.06.04 10:16:36.599,6.66373,6.66487,1.19,1.00
2014.06.04 10:16:37.604,6.66373,6.66487,1.19,1.00
2014.06.04 10:16:38.608,6.66374,6.66487,1.19,1.00
2014.06.04 10:16:40.512,6.66374,6.6649,1.19,1.00
2014.06.04 10:16:40.703,6.66373,6.6649,1.19,1.19
2014.06.04 10:16:41.610,6.66373,6.6649,1.19,1.00
2014.06.04 10:16:42.617,6.66373,6.6649,1.19,1.25
2014.06.04 10:16:43.623,6.66373,6.6649,1.19,1.00
2014.06.04 10:16:44.628,6.66373,6.6649,1.19,1.25
2014.06.04 10:16:46.638,6.66373,6.6649,1.19,1.00
2014.06.04 10:16:47.643,6.66374,6.6649,1.19,1.00
2014.06.04 10:16:48.043,6.66373,6.66488,1.00,1.19
2014.06.04 10:16:50.051,6.66373,6.6649,1.25,1.19
2014.06.04 10:16:51.056,6.66373,6.6649,1.19,1.19
2014.06.04 10:16:52.064,6.66373,6.6649,1.25,1.19
2014.06.04 10:16:54.063,6.66373,6.6649,1.19,1.19
2014.06.04 10:16:56.072,6.66373,6.6649,1.25,1.19
2014.06.04 10:16:57.081,6.66377,6.6649,1.19,1.00
2014.06.04 10:16:58.087,6.66383,6.6649,1.19,1.00
2014.06.04 10:17:00.601,6.66383,6.6649,1.19,1.00
2014.06.04 10:17:04.112,6.6638,6.6649,1.19,1.00
2014.06.04 10:17:05.417,6.66373,6.6649,1.19,1.19
2014.06.04 10:17:06.635,6.66373,6.6649,1.19,1.19
2014.06.04 10:17:07.633,6.66373,6.6649,1.19,1.19
2014.06.04 10:17:08.637,6.66373,6.6649,1.19,1.19
2014.06.04 10:17:09.881,6.66353,6.66459,1.19,1.00
2014.06.04 10:17:10.185,6.66363,6.6646,1.00,1.19
2014.06.04 10:17:11.265,6.66364,6.66463,1.20,1.19
2014.06.04 10:17:11.556,6.66364,6.66482,1.20,1.19
2014.06.04 10:17:12.460,6.66364,6.66482,1.39,1.19
2014.06.04 10:17:13.464,6.66364,6.66482,1.39,1.19
2014.06.04 10:17:16.465,6.66364,6.66482,1.39,1.19
2014.06.04 10:17:17.472,6.66364,6.66482,1.39,1.19
2014.06.04 10:17:20.487,6.66364,6.66482,1.39,1.19
2014.06.04 10:17:21.492,6.66364,6.66482,1.39,1.19
2014.06.04 10:17:23.500,6.66364,6.66482,1.39,1.19
2014.06.04 10:17:24.506,6.66364,6.66482,1.39,1.19
2014.06.04 10:17:25.511,6.66364,6.66482,1.39,1.19
2014.06.04 10:17:27.520,6.66364,6.66482,1.39,1.19
2014.06.04 10:17:30.835,6.66364,6.66482,1.39,1.19
2014.06.04 10:17:31.843,6.66363,6.66482,1.84,1.19
2014.06.04 10:17:32.852,6.66363,6.66482,1.09,1.69
2014.06.04 10:17:33.859,6.66363,6.6648,1.65,1.19
2014.06.04 10:17:34.863,6.66363,6.66477,1.65,1.19
2014.06.04 10:17:35.871,6.66363,6.66475,1.65,1.19
2014.06.04 10:17:37.887,6.66363,6.66482,1.84,1.19
2014.06.04 10:17:38.892,6.66363,6.66482,1.84,1.19
2014.06.04 10:17:40.892,6.66363,6.66482,1.84,1.19
2014.06.04 10:17:43.908,6.66363,6.66482,1.84,1.19
2014.06.04 10:17:44.964,6.66363,6.66482,1.39,1.19
2014.06.04 10:17:46.926,6.66358,6.66482,1.19,1.19
2014.06.04 10:17:47.949,6.66359,6.66482,1.19,1.19
2014.06.04 10:17:50.986,6.66357,6.66482,1.19,1.19
2014.06.04 10:17:53.949,6.66355,6.66482,1.19,1.19
2014.06.04 10:17:54.953,6.66356,6.66482,1.19,1.19
2014.06.04 10:17:56.242,6.66351,6.66482,1.19,1.19
2014.06.04 10:17:56.904,6.66386,6.66482,1.20,1.19
2014.06.04 10:17:57.005,6.66365,6.66482,1.39,1.19
2014.06.04 10:17:57.107,6.66385,6.66482,1.20,1.19
2014.06.04 10:17:57.531,6.66385,6.66476,1.20,1.19
2014.06.04 10:17:58.171,6.66385,6.66481,1.20,1.19
2014.06.04 10:18:00.223,6.66385,6.6648,1.20,1.19
2014.06.04 10:18:01.203,6.66385,6.66482,1.20,1.19
2014.06.04 10:18:02.242,6.66385,6.66482,1.20,1.25
2014.06.04 10:18:03.211,6.66385,6.66482,1.20,1.19
2014.06.04 10:18:04.217,6.66385,6.66482,1.20,1.19
2014.06.04 10:18:05.522,6.66385,6.66475,1.20,1.19
2014.06.04 10:18:06.528,6.66385,6.66465,1.20,1.00
2014.06.04 10:18:16.913,6.66385,6.6646,1.20,1.00
2014.06.04 10:18:17.344,6.66389,6.6646,1.20,1.00
2014.06.04 10:18:25.044,6.66389,6.66465,1.20,1.00
2014.06.04 10:18:36.898,6.66389,6.66468,1.20,1.00
2014.06.04 10:18:37.050,6.66398,6.66468,1.39,1.00
2014.06.04 10:18:37.152,6.66418,6.66492,1.20,1.00
2014.06.04 10:18:37.253,6.66398,6.66492,1.20,1.00
2014.06.04 10:18:37.304,6.66403,6.66492,1.39,1.00
2014.06.04 10:18:37.750,6.66423,6.66502,1.20,1.00
2014.06.04 10:18:38.109,6.66423,6.66507,1.20,1.00
2014.06.04 10:18:38.769,6.66423,6.66511,1.20,1.19
2014.06.04 10:18:38.966,6.66423,6.66511,1.20,1.19
2014.06.04 10:18:39.975,6.66423,6.66522,1.20,1.19
2014.06.04 10:18:40.980,6.66423,6.66522,1.20,1.19
2014.06.04 10:18:42.288,6.66423,6.66522,1.39,1.00
2014.06.04 10:18:42.389,6.66443,6.66522,1.20,1.00
2014.06.04 10:18:42.541,6.66443,6.66527,1.20,1.19
2014.06.04 10:18:43.396,6.66443,6.66527,1.20,1.00
2014.06.04 10:18:45.711,6.66443,6.66527,1.20,1.19
2014.06.04 10:18:47.219,6.66443,6.66527,1.20,1.19
2014.06.04 10:18:48.209,6.66443,6.66527,1.20,1.00
2014.06.04 10:18:49.349,6.66443,6.66543,1.20,1.19
2014.06.04 10:18:49.450,6.66491,6.66543,1.20,1.00
2014.06.04 10:18:49.501,6.66511,6.66571,1.20,1.19
2014.06.04 10:18:49.602,6.6646,6.66581,1.20,1.19
2014.06.04 10:18:49.704,6.66505,6.66581,1.20,1.19
2014.06.04 10:18:50.542,6.66505,6.66589,1.20,1.19
2014.06.04 10:18:51.531,6.66505,6.66592,1.20,1.19
2014.06.04 10:18:53.391,6.66458,6.66592,1.19,1.19
2014.06.04 10:18:53.442,6.66451,6.66537,1.39,1.00
2014.06.04 10:18:53.745,6.66503,6.66574,1.20,1.69
2014.06.04 10:18:54.168,6.66503,6.66591,1.20,1.19
2014.06.04 10:18:55.554,6.66503,6.66598,1.20,1.69
2014.06.04 10:18:56.839,6.66503,6.6654,1.20,1.00
2014.06.04 10:18:56.889,6.66453,6.6654,1.39,1.00
2014.06.04 10:18:57.041,6.66453,6.66557,1.39,1.00
2014.06.04 10:18:57.092,6.66453,6.66577,1.84,1.19
2014.06.04 10:18:57.193,6.66491,6.66577,1.20,1.19
2014.06.04 10:18:57.569,6.66511,6.66577,1.20,1.19
2014.06.04 10:18:58.068,6.66511,6.66583,1.20,1.19
2014.06.04 10:18:59.175,6.66511,6.66586,1.20,1.19
2014.06.04 10:19:00.178,6.66511,6.6659,1.20,1.19
2014.06.04 10:19:01.000,6.66491,6.6659,1.20,1.19
2014.06.04 10:19:01.173,6.66491,6.66596,1.20,1.19
2014.06.04 10:19:02.178,6.66491,6.66592,1.20,1.19
2014.06.04 10:19:02.822,6.66491,6.66572,1.20,1.19
2014.06.04 10:19:03.239,6.66473,6.66572,1.20,1.19
2014.06.04 10:19:03.899,6.66473,6.6655,1.20,1.19
2014.06.04 10:19:04.904,6.66473,6.6655,1.20,1.19
2014.06.04 10:19:06.913,6.66473,6.66551,1.20,1.19
2014.06.04 10:19:07.122,6.66433,6.66551,1.00,1.19
2014.06.04 10:19:07.916,6.66433,6.66547,1.00,1.19
2014.06.04 10:19:08.378,6.66422,6.66547,1.39,1.19
2014.06.04 10:19:08.428,6.66422,6.66536,1.20,1.19
2014.06.04 10:19:09.327,6.66463,6.66536,1.20,1.19
2014.06.04 10:19:10.365,6.66463,6.66565,1.20,1.19
2014.06.04 10:19:10.618,6.66481,6.66569,1.20,1.19
2014.06.04 10:19:11.339,6.66481,6.66587,1.20,1.19
2014.06.04 10:19:12.346,6.66481,6.66586,1.20,1.19
2014.06.04 10:19:13.354,6.66481,6.66585,1.20,1.19
2014.06.04 10:19:15.562,6.66481,6.66572,1.20,1.19
2014.06.04 10:19:16.078,6.66481,6.66604,1.20,1.19
2014.06.04 10:19:16.179,6.66501,6.66604,1.20,1.19
2014.06.04 10:19:17.069,6.66501,6.66604,1.20,1.25
2014.06.04 10:19:18.074,6.66501,6.66604,1.20,1.19
2014.06.04 10:19:19.079,6.66501,6.66594,1.20,1.19
2014.06.04 10:19:19.232,6.66482,6.66594,1.20,1.19
2014.06.04 10:19:19.333,6.66504,6.66594,1.20,1.19
2014.06.04 10:19:19.687,6.66504,6.6657,1.20,1.00
2014.06.04 10:19:21.190,6.66504,6.6657,1.20,1.19
2014.06.04 10:19:22.202,6.66504,6.6657,1.20,1.19
2014.06.04 10:19:23.207,6.66504,6.6657,1.20,1.19
2014.06.04 10:19:24.214,6.66504,6.6657,1.20,1.19
2014.06.04 10:19:26.627,6.66504,6.6657,1.20,1.00
2014.06.04 10:19:30.751,6.66477,6.6657,1.20,1.00
2014.06.04 10:19:31.467,6.66477,6.66569,1.20,1.00
2014.06.04 10:19:31.758,6.66477,6.66569,1.20,1.19
2014.06.04 10:19:32.868,6.66477,6.66569,1.20,1.19
2014.06.04 10:19:34.967,6.66477,6.66569,1.20,1.19
2014.06.04 10:19:35.973,6.66477,6.66569,1.20,1.19
2014.06.04 10:19:36.978,6.66477,6.66569,1.20,1.19
2014.06.04 10:19:38.989,6.66477,6.66569,1.20,1.19
2014.06.04 10:19:39.995,6.66477,6.66569,1.20,1.19
2014.06.04 10:19:41.004,6.66477,6.66569,1.20,1.19
2014.06.04 10:19:43.014,6.66477,6.66569,1.20,1.19
2014.06.04 10:19:44.018,6.66477,6.66569,1.20,1.19
2014.06.04 10:19:45.062,6.66477,6.66569,1.20,1.19
2014.06.04 10:19:46.035,6.66477,6.66569,1.20,1.19
2014.06.04 10:19:49.276,6.66477,6.66564,1.20,1.00
2014.06.04 10:19:51.295,6.66483,6.66564,1.20,1.00
2014.06.04 10:19:52.949,6.66483,6.66569,1.20,1.00
2014.06.04 10:20:00.702,6.66483,6.66569,1.20,1.19
2014.06.04 10:20:01.709,6.66483,6.66569,1.20,1.19
2014.06.04 10:20:03.923,6.66483,6.66569,1.20,1.19
2014.06.04 10:20:04.075,6.66483,6.6656,1.20,1.19
2014.06.04 10:20:04.497,6.66455,6.66546,1.20,1.19
2014.06.04 10:20:05.031,6.66455,6.66555,1.20,1.19
2014.06.04 10:20:05.813,6.66456,6.66555,1.20,1.19
2014.06.04 10:20:05.864,6.66476,6.66555,1.20,1.19
2014.06.04 10:20:06.538,6.66476,6.66555,1.20,1.00
2014.06.04 10:20:07.011,6.66476,6.6656,1.20,1.00
2014.06.04 10:20:08.309,6.66476,6.66569,1.20,1.19
2014.06.04 10:20:09.142,6.66476,6.66569,1.20,1.00
2014.06.04 10:20:20.603,6.66476,6.66569,1.20,1.19
2014.06.04 10:20:21.795,6.66476,6.66567,1.20,1.19
2014.06.04 10:20:23.102,6.66476,6.66569,1.20,1.19
2014.06.04 10:20:24.108,6.66476,6.66569,1.20,1.19
2014.06.04 10:20:27.168,6.66476,6.66569,1.20,1.19
2014.06.04 10:20:28.126,6.66476,6.66569,1.20,1.19
2014.06.04 10:20:29.131,6.66476,6.66569,1.20,1.19
2014.06.04 10:20:30.136,6.66476,6.66569,1.20,1.19
2014.06.04 10:20:31.446,6.66476,6.66562,1.20,1.19
2014.06.04 10:20:32.450,6.66476,6.66569,1.20,1.69
2014.06.04 10:20:33.454,6.66476,6.66568,1.20,1.19
2014.06.04 10:20:34.460,6.66476,6.66569,1.20,1.69
2014.06.04 10:20:38.470,6.66476,6.66568,1.20,1.19
2014.06.04 10:20:39.476,6.66476,6.66569,1.20,1.69
2014.06.04 10:20:40.480,6.66476,6.66569,1.20,1.00
2014.06.04 10:20:46.337,6.66481,6.66569,1.20,1.00
2014.06.04 10:20:46.670,6.66481,6.6656,1.20,1.00
2014.06.04 10:20:46.720,6.66463,6.6655,1.39,1.00
2014.06.04 10:20:46.923,6.66463,6.6654,1.39,1.00
2014.06.04 10:20:47.130,6.66463,6.6654,1.20,1.00
2014.06.04 10:20:47.392,6.66463,6.66542,1.20,1.00
2014.06.04 10:20:48.415,6.66463,6.66542,1.20,1.19
2014.06.04 10:20:51.738,6.66463,6.66542,1.20,1.00
2014.06.04 10:20:52.421,6.66463,6.66546,1.20,1.00
2014.06.04 10:20:58.962,6.66442,6.66546,1.20,1.00
2014.06.04 10:20:59.013,6.66442,6.66546,1.20,1.19
2014.06.04 10:20:59.971,6.66442,6.66546,1.20,1.19
2014.06.04 10:21:01.279,6.66442,6.66546,1.39,1.00
2014.06.04 10:21:02.130,6.66442,6.66534,1.39,1.00
2014.06.04 10:21:02.333,6.66442,6.66534,1.20,1.19
2014.06.04 10:21:02.434,6.66442,6.66515,1.20,1.00
2014.06.04 10:21:03.299,6.66442,6.6651,1.20,1.00
2014.06.04 10:21:04.638,6.66442,6.66507,1.20,1.00
2014.06.04 10:21:04.739,6.66398,6.66507,1.19,1.00
2014.06.04 10:21:05.309,6.66393,6.66507,1.19,1.00
2014.06.04 10:21:06.214,6.66391,6.66504,1.19,1.00
2014.06.04 10:21:06.615,6.6639,6.66504,1.39,1.19
2014.06.04 10:21:07.622,6.6639,6.66504,1.39,1.19
2014.06.04 10:21:08.733,6.6639,6.66504,1.39,1.25
2014.06.04 10:21:10.643,6.6639,6.66504,1.39,1.19
2014.06.04 10:21:11.647,6.6639,6.66504,1.39,1.25
2014.06.04 10:21:13.361,6.66397,6.66504,1.19,1.00
2014.06.04 10:21:15.371,6.66398,6.66504,1.19,1.00
2014.06.04 10:21:16.378,6.66399,6.66504,1.19,1.00
2014.06.04 10:21:17.381,6.664,6.66504,1.19,1.00
2014.06.04 10:21:18.387,6.66399,6.66504,1.19,1.00
2014.06.04 10:21:20.897,6.6639,6.66504,1.39,1.19
2014.06.04 10:21:21.901,6.6639,6.66504,1.84,1.00
2014.06.04 10:21:22.898,6.6639,6.66504,1.39,1.00
2014.06.04 10:21:23.266,6.66389,6.66502,1.19,1.00
2014.06.04 10:21:24.102,6.66383,6.66502,1.19,1.19
2014.06.04 10:21:25.908,6.66394,6.66502,1.00,1.19
2014.06.04 10:21:26.700,6.66394,6.66502,1.00,1.19
2014.06.04 10:21:27.779,6.66393,6.66502,1.19,1.19
2014.06.04 10:21:30.136,6.66393,6.66502,1.25,1.19
2014.06.04 10:21:31.444,6.66393,6.66502,1.19,1.19
2014.06.04 10:21:32.449,6.66393,6.66502,1.19,1.25
2014.06.04 10:21:33.787,6.66395,6.66506,1.19,1.00
2014.06.04 10:21:34.172,6.66413,6.66506,1.00,1.00
2014.06.04 10:21:38.630,6.66433,6.66516,1.00,1.19
2014.06.04 10:21:39.401,6.66437,6.66516,1.20,1.19
2014.06.04 10:21:39.471,6.66437,6.66516,1.20,1.00
2014.06.04 10:21:40.527,6.66437,6.66519,1.20,1.00
2014.06.04 10:21:41.484,6.66437,6.66519,1.20,1.19
2014.06.04 10:21:42.489,6.66437,6.66519,1.20,1.00
2014.06.04 10:21:50.491,6.66423,6.66519,1.19,1.00
2014.06.04 10:21:50.542,6.66423,6.66519,1.19,1.00
2014.06.04 10:21:51.524,6.66423,6.66519,1.69,1.00
2014.06.04 10:21:53.537,6.66426,6.66519,1.19,1.00
2014.06.04 10:21:54.456,6.66426,6.66534,1.19,1.00
2014.06.04 10:21:54.846,6.66423,6.66534,1.19,1.00
2014.06.04 10:21:55.031,6.66423,6.66539,1.19,1.00
2014.06.04 10:21:55.954,6.66445,6.66539,1.19,1.00
2014.06.04 10:21:58.168,6.66433,6.66539,1.19,1.00
2014.06.04 10:21:58.219,6.66453,6.66539,1.00,1.00
2014.06.04 10:21:58.322,6.66453,6.66543,1.00,1.00
2014.06.04 10:21:58.535,6.66453,6.66557,1.00,1.19
2014.06.04 10:21:58.585,6.66453,6.66557,1.19,1.00
2014.06.04 10:21:58.917,6.66452,6.66553,1.19,1.00
2014.06.04 10:21:59.122,6.66453,6.66558,1.19,1.00
2014.06.04 10:21:59.560,6.66455,6.66558,1.19,1.00
2014.06.04 10:22:00.566,6.6646,6.66558,1.19,1.00
2014.06.04 10:22:01.820,6.66453,6.66558,1.19,1.00
2014.06.04 10:22:02.777,6.66453,6.66558,1.19,1.00
2014.06.04 10:22:03.783,6.66459,6.66558,1.19,1.00
2014.06.04 10:22:04.259,6.66459,6.66548,1.19,1.00
2014.06.04 10:22:04.310,6.66433,6.66548,1.19,1.00
2014.06.04 10:22:05.300,6.66439,6.66548,1.19,1.00
2014.06.04 10:22:05.729,6.66439,6.66557,1.19,1.00
2014.06.04 10:22:06.306,6.66453,6.66562,1.19,1.00
2014.06.04 10:22:07.346,6.66453,6.66562,1.19,1.00
2014.06.04 10:22:08.508,6.66453,6.66562,1.19,1.00
2014.06.04 10:22:09.310,6.66453,6.66562,1.19,1.00
2014.06.04 10:22:10.720,6.66458,6.66562,1.19,1.00
2014.06.04 10:22:11.728,6.66463,6.66562,1.19,1.00
2014.06.04 10:22:12.734,6.6646,6.66562,1.19,1.00
2014.06.04 10:22:13.741,6.66471,6.66562,1.19,1.00
2014.06.04 10:22:14.747,6.66474,6.66562,1.19,1.00
2014.06.04 10:22:15.755,6.66473,6.66562,1.19,1.00
2014.06.04 10:22:17.767,6.66475,6.66562,1.19,1.00
2014.06.04 10:22:18.268,6.66449,6.66562,1.19,1.00
2014.06.04 10:22:20.768,6.66459,6.66562,1.19,1.00
2014.06.04 10:22:23.781,6.66473,6.66562,1.19,1.00
2014.06.04 10:22:24.288,6.66473,6.66563,1.19,1.00
2014.06.04 10:22:24.800,6.66462,6.66563,1.19,1.00
2014.06.04 10:22:25.844,6.66466,6.66563,1.19,1.00
2014.06.04 10:22:26.869,6.66465,6.66563,1.19,1.00
2014.06.04 10:22:27.817,6.66455,6.66563,1.19,1.00
2014.06.04 10:22:28.822,6.66456,6.66563,1.19,1.00
2014.06.04 10:22:30.817,6.66458,6.66563,1.19,1.00
2014.06.04 10:22:32.125,6.66477,6.66563,1.19,1.00
2014.06.04 10:22:33.130,6.6648,6.66563,1.19,1.00
2014.06.04 10:22:33.932,6.66453,6.66563,1.19,1.00
2014.06.04 10:22:36.240,6.66462,6.66563,1.19,1.00
2014.06.04 10:22:37.248,6.66466,6.66563,1.19,1.00
2014.06.04 10:22:38.253,6.66478,6.66563,1.19,1.00
2014.06.04 10:22:38.404,6.66478,6.66568,1.19,1.00
2014.06.04 10:22:39.260,6.66491,6.66568,1.19,1.00
2014.06.04 10:22:40.264,6.66489,6.66568,1.19,1.00
2014.06.04 10:22:41.270,6.66493,6.66568,1.19,1.00
2014.06.04 10:22:44.340,6.66494,6.66568,1.19,1.00
2014.06.04 10:22:47.350,6.66495,6.66568,1.19,1.00
2014.06.04 10:22:51.380,6.66497,6.66568,1.19,1.00
2014.06.04 10:22:57.164,6.66497,6.66579,1.19,1.00
2014.06.04 10:22:58.398,6.66496,6.66579,1.19,1.00
2014.06.04 10:23:04.325,6.66463,6.66579,1.65,1.00
2014.06.04 10:23:04.384,6.66473,6.66579,1.00,1.00
2014.06.04 10:23:04.844,6.66473,6.66579,1.00,1.19
2014.06.04 10:23:05.431,6.66473,6.66579,1.19,1.00
2014.06.04 10:23:06.090,6.66469,6.66575,1.19,1.00
2014.06.04 10:23:06.405,6.66469,6.6657,1.19,1.00
2014.06.04 10:23:06.715,6.66473,6.66575,1.19,1.00
2014.06.04 10:23:07.648,6.66474,6.66575,1.19,1.00
2014.06.04 10:23:09.648,6.66475,6.66575,1.19,1.00
2014.06.04 10:23:10.189,6.66475,6.66579,1.19,1.00
2014.06.04 10:23:10.655,6.6649,6.66579,1.19,1.00
2014.06.04 10:23:15.181,6.66479,6.66579,1.19,1.00
2014.06.04 10:23:16.187,6.66483,6.66579,1.19,1.00
2014.06.04 10:23:17.192,6.66486,6.66579,1.19,1.00
2014.06.04 10:23:21.216,6.66496,6.66579,1.19,1.00
2014.06.04 10:23:24.273,6.66496,6.66584,1.19,1.00
2014.06.04 10:23:24.376,6.66502,6.66584,1.19,1.00
2014.06.04 10:23:24.478,6.66502,6.66593,1.19,1.00
2014.06.04 10:23:24.681,6.66519,6.66604,1.19,1.00
2014.06.04 10:23:24.934,6.66519,6.66628,1.19,1.00
2014.06.04 10:23:25.066,6.66513,6.66628,1.19,1.00
2014.06.04 10:23:25.253,6.66513,6.66633,1.19,1.00
2014.06.04 10:23:26.140,6.66513,6.66632,1.19,1.19
2014.06.04 10:23:27.146,6.66513,6.66632,1.19,1.19
2014.06.04 10:23:28.156,6.66513,6.66632,1.19,1.19
2014.06.04 10:23:29.262,6.66514,6.66632,1.19,1.00
2014.06.04 10:23:30.387,6.66531,6.66632,1.19,1.00
2014.06.04 10:23:30.539,6.66532,6.66637,1.39,1.00
2014.06.04 10:23:30.741,6.66563,6.66651,1.00,1.19
2014.06.04 10:23:31.774,6.66563,6.66656,1.00,1.00
2014.06.04 10:23:32.781,6.66563,6.66656,1.00,1.19
2014.06.04 10:23:32.832,6.66553,6.66656,1.00,1.19
2014.06.04 10:23:33.684,6.66553,6.66656,1.19,1.00
2014.06.04 10:23:34.789,6.66553,6.66656,1.25,1.00
2014.06.04 10:23:35.794,6.66553,6.66656,1.00,1.19
2014.06.04 10:23:36.634,6.66573,6.66656,1.00,1.19
2014.06.04 10:23:36.831,6.66573,6.66657,1.00,1.00
2014.06.04 10:23:36.882,6.66603,6.66657,1.00,1.00
2014.06.04 10:23:37.084,6.66593,6.66657,1.00,1.00
2014.06.04 10:23:37.135,6.66593,6.66675,1.00,1.19
2014.06.04 10:23:37.236,6.66616,6.66703,1.20,1.19
2014.06.04 10:23:37.550,6.66616,6.6671,1.20,1.19
2014.06.04 10:23:38.712,6.66616,6.66726,1.20,1.19
2014.06.04 10:23:39.717,6.66616,6.66729,1.20,1.19
2014.06.04 10:23:40.723,6.66616,6.66736,1.39,1.19
2014.06.04 10:23:41.727,6.66616,6.66728,1.20,1.19
2014.06.04 10:23:43.023,6.66616,6.66724,1.20,1.19
2014.06.04 10:23:43.827,6.66616,6.66708,1.20,1.19
2014.06.04 10:23:44.938,6.66616,6.66717,1.20,1.19
2014.06.04 10:23:45.944,6.66616,6.66723,1.20,1.19
2014.06.04 10:23:46.948,6.66616,6.66726,1.20,1.19
2014.06.04 10:23:48.094,6.66616,6.66712,1.20,1.19
2014.06.04 10:23:50.367,6.66616,6.66725,1.20,1.19
2014.06.04 10:23:51.499,6.66616,6.66722,1.20,1.19
2014.06.04 10:23:52.377,6.66616,6.66729,1.20,1.19
2014.06.04 10:23:53.080,6.66616,6.66709,1.20,1.19
2014.06.04 10:23:54.083,6.66616,6.66699,1.20,1.19
2014.06.04 10:23:55.483,6.66616,6.66731,1.20,1.19
2014.06.04 10:23:56.285,6.66616,6.6672,1.20,1.19
2014.06.04 10:23:57.306,6.66614,6.6672,1.20,1.19
2014.06.04 10:23:58.295,6.66614,6.66719,1.20,1.19
2014.06.04 10:24:01.313,6.66614,6.6672,1.20,1.19
2014.06.04 10:24:02.318,6.66614,6.66719,1.20,1.19
2014.06.04 10:24:03.323,6.66614,6.66718,1.20,1.19
2014.06.04 10:24:03.441,6.66614,6.66737,1.39,1.00
2014.06.04 10:24:04.431,6.66634,6.66737,1.19,1.00
2014.06.04 10:24:04.532,6.66614,6.66737,1.20,1.19
2014.06.04 10:24:04.612,6.66614,6.66725,1.20,1.00
2014.06.04 10:24:04.926,6.66614,6.66705,1.20,1.19
2014.06.04 10:24:05.639,6.66614,6.66707,1.20,1.19
2014.06.04 10:24:06.847,6.66614,6.66704,1.20,1.19
2014.06.04 10:24:07.837,6.66614,6.66709,1.20,1.19
2014.06.04 10:24:08.842,6.66614,6.66714,1.20,1.19
2014.06.04 10:24:09.850,6.66614,6.66712,1.20,1.19
2014.06.04 10:24:11.860,6.66614,6.6671,1.20,1.19
2014.06.04 10:24:11.962,6.66614,6.66725,1.20,1.00
2014.06.04 10:24:12.075,6.66614,6.66725,1.20,1.19
2014.06.04 10:24:13.970,6.66614,6.66725,1.39,1.19
2014.06.04 10:24:15.981,6.66614,6.66725,1.39,1.19
2014.06.04 10:24:16.986,6.66614,6.66725,1.39,1.00
2014.06.04 10:24:17.991,6.66615,6.66725,1.19,1.00
2014.06.04 10:24:18.193,6.6661,6.66725,1.20,1.19
2014.06.04 10:24:19.198,6.6661,6.66725,1.20,1.19
2014.06.04 10:24:20.127,6.6661,6.66708,1.20,1.19
2014.06.04 10:24:21.119,6.6661,6.66707,1.20,1.19
2014.06.04 10:24:22.101,6.6661,6.66709,1.20,1.19
2014.06.04 10:24:23.208,6.6661,6.66727,1.20,1.19
2014.06.04 10:24:24.213,6.6661,6.66729,1.09,1.19
2014.06.04 10:24:25.218,6.6661,6.66728,1.20,1.19
2014.06.04 10:24:26.225,6.66611,6.66735,1.19,1.19
2014.06.04 10:24:27.232,6.66614,6.66735,1.19,1.19
2014.06.04 10:24:28.690,6.66614,6.66724,1.19,1.00
2014.06.04 10:24:29.311,6.6661,6.66724,1.39,1.00
2014.06.04 10:24:30.656,6.6661,6.6672,1.20,1.19
2014.06.04 10:24:31.558,6.66607,6.6672,1.00,1.19
2014.06.04 10:24:31.759,6.66607,6.66723,1.00,1.19
2014.06.04 10:24:32.863,6.66607,6.66709,1.00,1.19
2014.06.04 10:24:33.870,6.66607,6.66702,1.00,1.19
2014.06.04 10:24:34.245,6.66581,6.66702,1.19,1.19
2014.06.04 10:24:34.388,6.66607,6.66702,1.20,1.19
2014.06.04 10:24:34.692,6.66607,6.66682,1.20,1.19
2014.06.04 10:24:34.909,6.66586,6.66682,1.20,1.19
2014.06.04 10:24:35.519,6.66586,6.66672,1.20,1.19
2014.06.04 10:24:36.322,6.66562,6.66667,1.00,1.19
2014.06.04 10:24:36.425,6.66537,6.66652,1.20,1.19
2014.06.04 10:24:36.627,6.66537,6.6663,1.20,1.00
2014.06.04 10:24:37.067,6.66537,6.66652,1.20,1.19
2014.06.04 10:24:37.601,6.66537,6.66647,1.20,1.19
2014.06.04 10:24:38.608,6.66537,6.66654,1.20,1.19
2014.06.04 10:24:40.616,6.66537,6.66655,1.20,1.19
2014.06.04 10:24:42.715,6.66537,6.66654,1.20,1.19
2014.06.04 10:24:43.520,6.66541,6.66665,1.19,1.19
2014.06.04 10:24:44.527,6.66548,6.66665,1.19,1.00
2014.06.04 10:24:46.196,6.66548,6.66682,1.19,1.19
2014.06.04 10:24:46.888,6.66563,6.66687,1.19,1.19
2014.06.04 10:24:47.192,6.66571,6.6668,1.20,1.19
2014.06.04 10:24:47.294,6.66562,6.6668,1.20,1.19
2014.06.04 10:24:48.349,6.66562,6.66666,1.20,1.19
2014.06.04 10:24:48.802,6.66541,6.66666,1.39,1.19
2014.06.04 10:24:49.353,6.66539,6.66665,1.39,1.19
2014.06.04 10:24:50.396,6.66539,6.66666,1.39,1.19
2014.06.04 10:24:51.364,6.66542,6.66676,1.19,1.19
2014.06.04 10:24:52.104,6.66577,6.66676,1.20,1.19
2014.06.04 10:24:52.420,6.66577,6.66668,1.20,1.19
2014.06.04 10:24:53.373,6.66577,6.66667,1.20,1.19
2014.06.04 10:24:54.378,6.66577,6.66671,1.20,1.19
2014.06.04 10:24:55.382,6.66577,6.66674,1.20,1.19
2014.06.04 10:24:56.376,6.66577,6.66673,1.20,1.19
2014.06.04 10:24:58.389,6.66577,6.66674,1.20,1.19
2014.06.04 10:24:58.635,6.66577,6.66687,1.20,1.19
2014.06.04 10:24:58.837,6.666,6.66692,1.20,1.19
2014.06.04 10:24:59.600,6.666,6.66709,1.20,1.19
2014.06.04 10:25:00.608,6.666,6.6671,1.20,1.69
2014.06.04 10:25:01.142,6.666,6.66688,1.20,1.19
2014.06.04 10:25:02.140,6.666,6.66695,1.20,1.19
2014.06.04 10:25:02.342,6.6662,6.66695,1.20,1.19
2014.06.04 10:25:03.130,6.6662,6.66701,1.20,1.19
2014.06.04 10:25:04.130,6.6662,6.66699,1.20,1.19
2014.06.04 10:25:05.842,6.6662,6.66701,1.20,1.19
2014.06.04 10:25:06.847,6.6662,6.66702,1.20,1.19
2014.06.04 10:25:07.856,6.6662,6.66698,1.20,1.19
2014.06.04 10:25:08.863,6.6662,6.66696,1.20,1.19
2014.06.04 10:25:09.876,6.6662,6.66697,1.20,1.19
2014.06.04 10:25:10.872,6.6662,6.66696,1.20,1.19
2014.06.04 10:25:11.221,6.6662,6.66716,1.20,1.69
2014.06.04 10:25:12.197,6.6662,6.66694,1.20,1.19
2014.06.04 10:25:13.181,6.6662,6.66695,1.20,1.19
2014.06.04 10:25:14.185,6.6662,6.66696,1.20,1.19
2014.06.04 10:25:16.192,6.6662,6.66695,1.20,1.19
2014.06.04 10:25:18.930,6.6662,6.66717,1.20,1.19
2014.06.04 10:25:19.903,6.6662,6.66717,1.20,1.19
2014.06.04 10:25:20.908,6.6662,6.66717,1.20,1.19
2014.06.04 10:25:21.914,6.6662,6.66717,1.20,1.19
2014.06.04 10:25:23.866,6.6662,6.66707,1.20,1.19
2014.06.04 10:25:23.917,6.66601,6.66707,1.20,1.19
2014.06.04 10:25:23.969,6.66601,6.66681,1.20,1.19
2014.06.04 10:25:24.020,6.66581,6.66681,1.80,1.19
2014.06.04 10:25:24.982,6.66581,6.66662,1.20,1.19
2014.06.04 10:25:26.955,6.66581,6.66666,1.20,1.19
2014.06.04 10:25:27.855,6.66581,6.66693,1.20,1.19
2014.06.04 10:25:29.293,6.66581,6.6668,1.20,1.19
2014.06.04 10:25:29.795,6.66581,6.66701,1.09,1.19
2014.06.04 10:25:29.846,6.66599,6.66701,1.20,1.19
2014.06.04 10:25:31.226,6.66599,6.66712,1.20,1.19
2014.06.04 10:25:32.236,6.66599,6.66711,1.20,1.19
2014.06.04 10:25:32.690,6.66599,6.66691,1.20,1.19
2014.06.04 10:25:33.769,6.66599,6.66695,1.20,1.19
2014.06.04 10:25:34.078,6.66579,6.66695,1.20,1.19
2014.06.04 10:25:34.737,6.66579,6.66685,1.20,1.19
2014.06.04 10:25:35.886,6.66579,6.66687,1.20,1.19
2014.06.04 10:25:36.890,6.66579,6.66694,1.20,1.19
2014.06.04 10:25:37.896,6.66579,6.66693,1.20,1.19
2014.06.04 10:25:38.900,6.66579,6.66699,1.39,1.19
2014.06.04 10:25:41.613,6.66581,6.66713,1.19,1.69
2014.06.04 10:25:42.654,6.66581,6.66713,1.19,1.19
2014.06.04 10:25:43.626,6.66579,6.66707,1.39,1.19
2014.06.04 10:25:44.633,6.66579,6.66708,1.39,1.19
2014.06.04 10:25:47.951,6.66579,6.66706,1.39,1.19
2014.06.04 10:25:48.940,6.66579,6.66708,1.39,1.19
2014.06.04 10:25:50.948,6.66579,6.66704,1.39,1.19
2014.06.04 10:25:52.056,6.66579,6.66706,1.39,1.19
2014.06.04 10:25:54.065,6.66579,6.66705,1.39,1.19
2014.06.04 10:25:54.915,6.66589,6.66705,1.20,1.19
2014.06.04 10:25:55.876,6.66591,6.66708,1.19,1.00
2014.06.04 10:25:56.029,6.66591,6.66713,1.19,1.19
2014.06.04 10:25:56.884,6.66599,6.66713,1.19,1.00
2014.06.04 10:25:57.889,6.666,6.66713,1.19,1.00
2014.06.04 10:25:58.271,6.666,6.66708,1.19,1.00
2014.06.04 10:25:58.323,6.6659,6.66708,1.00,1.19
2014.06.04 10:25:58.908,6.66589,6.66707,1.20,1.19
2014.06.04 10:25:59.397,6.66589,6.66702,1.20,1.69
2014.06.04 10:26:00.403,6.66589,6.66702,1.20,1.19
2014.06.04 10:26:05.586,6.66592,6.66702,1.19,1.00
2014.06.04 10:26:06.291,6.66589,6.66702,1.20,1.19
2014.06.04 10:26:06.363,6.66589,6.6667,1.20,1.00
2014.06.04 10:26:06.465,6.66571,6.6667,1.19,1.00
2014.06.04 10:26:06.566,6.66588,6.6667,1.20,1.00
2014.06.04 10:26:07.255,6.66588,6.66665,1.20,1.00
2014.06.04 10:26:07.548,6.66571,6.66665,1.00,1.00
2014.06.04 10:26:07.599,6.66571,6.66651,1.00,1.00
2014.06.04 10:26:11.138,6.66571,6.6666,1.00,1.00
2014.06.04 10:26:11.328,6.66573,6.66665,1.19,1.00
2014.06.04 10:26:12.334,6.66571,6.66665,1.19,1.00
2014.06.04 10:26:13.336,6.66571,6.66665,1.00,1.00
2014.06.04 10:26:15.547,6.66574,6.66665,1.19,1.00
2014.06.04 10:26:16.553,6.66579,6.66665,1.19,1.00
2014.06.04 10:26:18.261,6.66571,6.66665,1.00,1.00
2014.06.04 10:26:18.687,6.66589,6.66665,1.20,1.00
2014.06.04 10:26:24.394,6.66589,6.66665,1.39,1.00
2014.06.04 10:26:25.393,6.66589,6.66665,1.39,1.00
2014.06.04 10:26:26.400,6.66589,6.66665,1.39,1.00
2014.06.04 10:26:27.209,6.66589,6.66665,1.20,1.00
2014.06.04 10:26:28.231,6.66589,6.66665,1.39,1.00
2014.06.04 10:26:28.383,6.66608,6.6668,1.20,1.00
2014.06.04 10:26:29.267,6.66608,6.66685,1.20,1.00
2014.06.04 10:26:30.052,6.66608,6.66687,1.20,1.00
2014.06.04 10:26:30.256,6.66608,6.66687,1.39,1.00
2014.06.04 10:26:31.232,6.66608,6.66687,1.39,1.00
2014.06.04 10:26:32.105,6.66608,6.66695,1.39,1.00
2014.06.04 10:26:32.256,6.6661,6.66695,1.19,1.00
2014.06.04 10:26:34.192,6.6661,6.66693,1.19,1.00
2014.06.04 10:26:34.944,6.66608,6.66693,1.39,1.00
2014.06.04 10:26:35.959,6.66608,6.66693,1.39,1.00
2014.06.04 10:26:36.773,6.66611,6.66693,2.29,1.00
2014.06.04 10:26:36.874,6.66663,6.66762,1.50,1.00
2014.06.04 10:26:36.976,6.66666,6.66791,1.19,1.09
2014.06.04 10:26:37.129,6.66666,6.66787,1.19,1.00
2014.06.04 10:26:37.434,6.66687,6.66796,1.20,2.23
2014.06.04 10:26:38.078,6.66687,6.66796,1.20,2.23
2014.06.04 10:26:38.385,6.6671,6.66805,1.20,1.19
2014.06.04 10:26:39.611,6.6671,6.66802,1.20,1.19
2014.06.04 10:26:40.981,6.6671,6.66805,1.20,1.19
2014.06.04 10:26:42.085,6.6671,6.66806,1.20,1.19
2014.06.04 10:26:42.993,6.6671,6.66804,1.20,1.19
2014.06.04 10:26:43.386,6.66686,6.66804,1.20,1.19
2014.06.04 10:26:43.496,6.66686,6.66777,1.20,1.00
2014.06.04 10:26:43.597,6.66686,6.66787,1.20,1.00
2014.06.04 10:26:43.648,6.66686,6.66783,1.20,1.19
2014.06.04 10:26:43.951,6.66675,6.66783,1.00,1.19
2014.06.04 10:26:45.228,6.66675,6.66777,1.00,1.69
2014.06.04 10:26:45.896,6.66667,6.66777,1.20,1.69
2014.06.04 10:26:45.948,6.66652,6.66777,1.19,1.69
2014.06.04 10:26:46.278,6.66652,6.66775,1.19,1.19
2014.06.04 10:26:47.248,6.66652,6.66767,1.00,1.19
2014.06.04 10:26:48.259,6.66652,6.66768,1.00,1.19
2014.06.04 10:26:50.275,6.66652,6.66777,1.19,1.19
2014.06.04 10:26:51.473,6.66652,6.66776,1.19,1.19
2014.06.04 10:26:52.705,6.6667,6.66776,1.00,1.69
2014.06.04 10:26:53.315,6.6667,6.66766,1.00,1.19
2014.06.04 10:26:54.717,6.6667,6.66777,1.00,1.69
2014.06.04 10:26:55.597,6.6667,6.66772,1.00,1.19
2014.06.04 10:26:57.307,6.6667,6.66777,1.00,1.19
2014.06.04 10:26:58.332,6.6667,6.66777,1.00,1.19
2014.06.04 10:26:59.432,6.6667,6.66772,1.00,1.19
2014.06.04 10:27:01.327,6.6667,6.66779,1.00,1.19
2014.06.04 10:27:02.332,6.6667,6.66777,1.00,1.19
2014.06.04 10:27:03.236,6.6667,6.66783,1.00,1.19
2014.06.04 10:27:04.242,6.6667,6.66767,1.00,1.00
2014.06.04 10:27:04.792,6.6667,6.66767,1.00,1.19
2014.06.04 10:27:05.973,6.6667,6.66767,1.25,1.00
2014.06.04 10:27:06.947,6.6667,6.66767,1.19,1.00
2014.06.04 10:27:07.953,6.6667,6.66767,1.19,1.00
2014.06.04 10:27:08.886,6.6667,6.66777,1.19,1.19
2014.06.04 10:27:09.363,6.6667,6.66772,1.00,1.19
2014.06.04 10:27:10.265,6.6667,6.66766,1.00,1.19
2014.06.04 10:27:11.371,6.6667,6.66774,1.00,1.19
2014.06.04 10:27:12.379,6.6667,6.66771,1.00,1.19
2014.06.04 10:27:14.292,6.6667,6.66767,1.00,1.19
2014.06.04 10:27:16.266,6.6667,6.66796,1.00,1.19
2014.06.04 10:27:17.317,6.6667,6.66796,1.00,1.19
2014.06.04 10:27:18.278,6.6667,6.66797,1.00,1.19
2014.06.04 10:27:19.286,6.6667,6.66797,1.00,1.19
2014.06.04 10:27:21.298,6.6667,6.66797,1.00,1.19
2014.06.04 10:27:22.354,6.6667,6.66797,1.00,1.19
2014.06.04 10:27:24.366,6.6667,6.66787,1.00,1.19
2014.06.04 10:27:25.322,6.6667,6.66787,1.00,1.19
2014.06.04 10:27:26.327,6.6667,6.66787,1.00,1.19
2014.06.04 10:27:27.333,6.6667,6.66787,1.00,1.00
2014.06.04 10:27:29.036,6.66682,6.66787,1.19,1.00
2014.06.04 10:27:29.439,6.66673,6.66787,1.19,1.00
2014.06.04 10:27:30.653,6.66677,6.66787,1.19,1.00
2014.06.04 10:27:31.663,6.66676,6.66787,1.19,1.00
2014.06.04 10:27:33.669,6.66679,6.66787,1.19,1.00
2014.06.04 10:27:34.674,6.6668,6.66787,1.19,1.00
2014.06.04 10:27:35.312,6.6668,6.66777,1.19,1.00
2014.06.04 10:27:35.379,6.66671,6.66777,1.19,1.00
2014.06.04 10:27:36.098,6.66671,6.66787,1.19,1.00
2014.06.04 10:27:36.284,6.66677,6.66787,1.19,1.00
2014.06.04 10:27:37.383,6.66682,6.66787,1.19,1.00
2014.06.04 10:27:38.392,6.6668,6.66787,1.19,1.00
2014.06.04 10:27:38.504,6.6668,6.66797,1.19,1.00
2014.06.04 10:27:39.164,6.6668,6.66787,1.19,1.00
2014.06.04 10:27:39.499,6.6668,6.66777,1.19,1.00
2014.06.04 10:27:40.407,6.66674,6.66777,1.19,1.00
2014.06.04 10:27:44.331,6.66673,6.66777,1.19,1.00
2014.06.04 10:27:44.665,6.66673,6.66787,1.19,1.00
2014.06.04 10:27:45.338,6.66671,6.66787,1.19,1.00
2014.06.04 10:27:45.872,6.66671,6.66797,1.19,1.00
2014.06.04 10:27:46.344,6.66676,6.66797,1.19,1.00
2014.06.04 10:27:47.538,6.66675,6.66797,1.19,1.00
2014.06.04 10:27:48.442,6.66681,6.66797,1.19,1.00
2014.06.04 10:27:49.449,6.66683,6.66797,1.19,1.00
2014.06.04 10:27:51.572,6.66684,6.66797,1.19,1.00
2014.06.04 10:27:53.195,6.66684,6.66796,1.19,1.00
2014.06.04 10:27:53.852,6.66685,6.66797,1.19,1.00
2014.06.04 10:27:54.384,6.66686,6.66797,1.19,1.00
2014.06.04 10:27:55.064,6.66686,6.66807,1.19,1.00
2014.06.04 10:27:55.943,6.66685,6.66797,1.19,1.00
2014.06.04 10:27:57.265,6.66685,6.66807,1.19,1.19
2014.06.04 10:27:57.504,6.66685,6.66807,1.19,1.19
2014.06.04 10:27:58.085,6.66685,6.66797,1.19,1.00
2014.06.04 10:27:58.136,6.6666,6.66797,1.19,1.19
2014.06.04 10:27:59.512,6.66657,6.66797,1.19,1.19
2014.06.04 10:28:00.564,6.66663,6.66797,1.19,1.19
2014.06.04 10:28:01.522,6.66658,6.66797,1.19,1.19
2014.06.04 10:28:02.027,6.66662,6.66796,1.19,1.19
2014.06.04 10:28:03.639,6.6667,6.66802,1.19,1.19
2014.06.04 10:28:04.645,6.66672,6.66806,1.19,1.19
2014.06.04 10:28:05.650,6.66674,6.66807,1.19,1.19
2014.06.04 10:28:06.665,6.66682,6.66797,1.19,1.19
2014.06.04 10:28:07.851,6.66678,6.66807,1.19,1.19
2014.06.04 10:28:08.657,6.66676,6.66807,1.19,1.19
2014.06.04 10:28:09.663,6.6668,6.66814,1.19,1.19
2014.06.04 10:28:11.680,6.66676,6.66807,1.19,1.19
2014.06.04 10:28:12.693,6.66673,6.66807,1.19,1.69
2014.06.04 10:28:13.693,6.66672,6.66806,1.19,1.19
2014.06.04 10:28:14.698,6.66673,6.66807,1.19,1.69
2014.06.04 10:28:15.708,6.6668,6.66814,1.19,1.19
2014.06.04 10:28:16.712,6.66685,6.66817,1.19,1.19
2014.06.04 10:28:17.716,6.66683,6.66817,1.19,1.19
2014.06.04 10:28:18.816,6.66684,6.66818,1.19,1.19
2014.06.04 10:28:19.724,6.667,6.6682,1.19,1.39
2014.06.04 10:28:20.765,6.66701,6.66835,1.19,1.19
2014.06.04 10:28:21.735,6.667,6.66832,1.19,1.19
2014.06.04 10:28:22.740,6.667,6.66834,1.19,1.19
2014.06.04 10:28:24.136,6.6669,6.66807,1.00,1.19
2014.06.04 10:28:25.157,6.6669,6.66806,1.00,1.39
2014.06.04 10:28:26.203,6.6669,6.66806,1.00,1.39
2014.06.04 10:28:30.163,6.6669,6.66806,1.25,1.39
2014.06.04 10:28:31.192,6.6669,6.66806,1.00,1.39
2014.06.04 10:28:32.182,6.6669,6.66805,1.00,1.19
2014.06.04 10:28:33.181,6.6669,6.66803,1.00,1.19
2014.06.04 10:28:34.192,6.6669,6.66806,1.00,1.39
2014.06.04 10:28:35.192,6.6669,6.66806,1.00,1.39
2014.06.04 10:28:35.735,6.66676,6.66806,1.19,1.39
2014.06.04 10:28:36.197,6.66679,6.66806,1.19,1.39
2014.06.04 10:28:37.202,6.66678,6.66806,1.19,1.39
2014.06.04 10:28:38.209,6.66669,6.66797,1.19,1.19
2014.06.04 10:28:39.214,6.66669,6.66796,1.19,1.19
2014.06.04 10:28:40.215,6.66669,6.66795,1.19,1.19
2014.06.04 10:28:42.223,6.66669,6.66796,1.19,1.19
2014.06.04 10:28:45.421,6.66669,6.66795,1.19,1.19
2014.06.04 10:28:46.824,6.66669,6.66796,1.19,1.19
2014.06.04 10:28:47.829,6.66669,6.66797,1.19,1.39
2014.06.04 10:28:48.833,6.66669,6.66794,1.19,1.19
2014.06.04 10:28:49.840,6.66669,6.66796,1.19,1.19
2014.06.04 10:28:51.850,6.66669,6.66795,1.19,1.19
2014.06.04 10:28:53.860,6.66669,6.66791,1.19,1.19
2014.06.04 10:28:54.871,6.66669,6.66793,1.19,1.19
2014.06.04 10:28:55.876,6.66669,6.66794,1.19,1.19
2014.06.04 10:28:56.480,6.66676,6.66797,1.19,1.39
2014.06.04 10:28:56.883,6.66689,6.66817,1.19,2.98
2014.06.04 10:28:57.931,6.66681,6.66806,1.19,1.19
2014.06.04 10:28:58.888,6.66684,6.66806,1.19,1.19
2014.06.04 10:28:59.894,6.66682,6.66807,1.19,1.19
2014.06.04 10:29:00.899,6.66684,6.66807,1.19,1.19
2014.06.04 10:29:01.945,6.66683,6.66807,1.19,1.19
2014.06.04 10:29:02.908,6.66681,6.66797,1.19,1.19
2014.06.04 10:29:03.911,6.66682,6.66797,1.19,1.19
2014.06.04 10:29:04.879,6.66682,6.66787,1.19,1.00
2014.06.04 10:29:05.641,6.66681,6.66787,1.19,1.00
2014.06.04 10:29:05.869,6.66681,6.66797,1.19,1.19
2014.06.04 10:29:05.920,6.66683,6.66797,1.19,1.19
2014.06.04 10:29:08.122,6.66683,6.66787,1.19,1.00
2014.06.04 10:29:08.935,6.6668,6.66787,1.19,1.00
2014.06.04 10:29:09.940,6.66675,6.66787,1.19,1.19
2014.06.04 10:29:11.024,6.66673,6.66787,1.19,1.19
2014.06.04 10:29:12.029,6.66679,6.66787,1.19,1.25
2014.06.04 10:29:12.966,6.66699,6.66796,1.19,1.00
2014.06.04 10:29:13.068,6.66699,6.66807,1.19,1.00
2014.06.04 10:29:13.977,6.66708,6.66807,1.19,1.00
2014.06.04 10:29:14.028,6.66708,6.66817,1.19,1.00
2014.06.04 10:29:14.132,6.6673,6.66827,1.20,1.19
2014.06.04 10:29:14.607,6.6673,6.66827,1.39,1.00
2014.06.04 10:29:14.658,6.6673,6.66837,1.39,1.00
2014.06.04 10:29:15.331,6.6673,6.66827,1.39,1.00
2014.06.04 10:29:16.571,6.66739,6.66827,1.19,1.00
2014.06.04 10:29:16.766,6.6673,6.66827,1.39,1.00
2014.06.04 10:29:16.997,6.6673,6.66817,1.39,1.00
2014.06.04 10:29:17.915,6.6673,6.66817,1.20,1.00
2014.06.04 10:29:17.975,6.66733,6.66817,1.00,1.00
2014.06.04 10:29:18.494,6.66733,6.66827,1.00,1.00
2014.06.04 10:29:21.831,6.66733,6.66807,1.00,1.00
2014.06.04 10:29:21.983,6.6671,6.66787,1.65,1.00
2014.06.04 10:29:22.034,6.6671,6.66767,1.00,1.00
2014.06.04 10:29:22.085,6.66692,6.66767,1.00,1.00
2014.06.04 10:29:22.187,6.66681,6.66767,1.20,1.00
2014.06.04 10:29:22.237,6.66681,6.66757,1.20,1.00
2014.06.04 10:29:22.390,6.66681,6.66777,1.20,1.25
2014.06.04 10:29:22.491,6.66681,6.66767,1.20,1.00
2014.06.04 10:29:22.592,6.66681,6.66784,1.20,1.19
2014.06.04 10:29:22.694,6.66681,6.66757,1.20,1.00
2014.06.04 10:29:22.795,6.66681,6.66777,1.20,1.25
2014.06.04 10:29:22.897,6.66681,6.66757,1.20,1.00
2014.06.04 10:29:24.331,6.66681,6.66747,1.20,1.00
2014.06.04 10:29:24.432,6.66681,6.66767,1.20,1.19
2014.06.04 10:29:24.702,6.66681,6.66747,1.20,1.00
2014.06.04 10:29:25.014,6.66681,6.66757,1.20,1.19
2014.06.04 10:29:25.324,6.66681,6.66757,1.20,1.19
2014.06.04 10:29:26.330,6.66681,6.66757,1.20,1.00
2014.06.04 10:29:26.530,6.66681,6.66767,1.20,1.19
2014.06.04 10:29:27.337,6.66681,6.66767,1.20,1.00
2014.06.04 10:29:28.129,6.66681,6.66756,1.20,1.00
2014.06.04 10:29:28.694,6.66681,6.66757,1.20,1.00
2014.06.04 10:29:29.380,6.66681,6.66767,1.20,1.19
2014.06.04 10:29:29.653,6.66681,6.66767,1.20,1.00
2014.06.04 10:29:29.714,6.66683,6.66767,1.20,1.00
2014.06.04 10:29:29.866,6.6666,6.66767,1.19,1.00
2014.06.04 10:29:30.661,6.66662,6.66767,1.19,1.00
2014.06.04 10:29:31.104,6.66662,6.66757,1.19,1.00
2014.06.04 10:29:31.412,6.66652,6.66747,1.19,1.00
2014.06.04 10:29:31.463,6.66652,6.66737,1.19,1.00
2014.06.04 10:29:32.094,6.66652,6.66737,1.00,1.00
2014.06.04 10:29:32.195,6.6663,6.66737,1.25,1.00
2014.06.04 10:29:33.075,6.6663,6.66737,1.00,1.19
2014.06.04 10:29:34.081,6.6663,6.66737,1.19,1.25
2014.06.04 10:29:35.084,6.6663,6.66737,1.00,1.19
2014.06.04 10:29:36.087,6.6663,6.66737,1.00,1.19
2014.06.04 10:29:37.090,6.6663,6.66737,1.00,1.19
2014.06.04 10:29:37.561,6.66614,6.66737,1.39,1.19
2014.06.04 10:29:38.095,6.66614,6.66737,1.39,1.19
2014.06.04 10:29:38.472,6.66614,6.66727,1.39,1.00
2014.06.04 10:29:38.579,6.66614,6.66737,1.39,1.19
2014.06.04 10:29:39.100,6.66614,6.66737,1.39,1.19
2014.06.04 10:29:39.757,6.66631,6.66746,1.00,1.19
2014.06.04 10:29:40.450,6.66631,6.66746,1.00,1.19
2014.06.04 10:29:41.117,6.66631,6.66746,1.19,1.19
2014.06.04 10:29:42.114,6.66631,6.66746,1.00,1.69
2014.06.04 10:29:43.119,6.66631,6.66737,1.00,1.19
2014.06.04 10:29:44.125,6.66631,6.66736,1.00,1.19
2014.06.04 10:29:45.131,6.66631,6.66736,1.00,1.19
2014.06.04 10:29:46.136,6.66631,6.66735,1.00,1.19
2014.06.04 10:29:47.142,6.66631,6.66736,1.00,1.19
2014.06.04 10:29:48.649,6.66631,6.66737,1.00,1.19
2014.06.04 10:29:49.655,6.66631,6.66737,1.00,1.19
2014.06.04 10:29:50.661,6.66631,6.66737,1.00,1.19
2014.06.04 10:29:51.769,6.66631,6.66737,1.00,1.19
2014.06.04 10:29:51.870,6.66612,6.66736,1.19,1.19
2014.06.04 10:29:52.195,6.66612,6.66717,1.19,1.00
2014.06.04 10:29:52.773,6.66612,6.66717,1.00,1.19
2014.06.04 10:29:53.978,6.66612,6.66722,1.00,1.19
2014.06.04 10:29:54.973,6.66612,6.66721,1.00,1.19
2014.06.04 10:29:55.978,6.66612,6.6672,1.00,1.19
2014.06.04 10:29:56.951,6.66594,6.6672,1.19,1.19
2014.06.04 10:29:57.231,6.66594,6.66711,1.25,1.19
2014.06.04 10:29:58.191,6.66594,6.6671,1.00,1.19
2014.06.04 10:29:59.195,6.66594,6.66709,1.00,1.19
2014.06.04 10:30:01.207,6.66594,6.66696,1.00,1.19
2014.06.04 10:30:02.215,6.66594,6.66697,1.00,1.69
2014.06.04 10:30:03.422,6.66594,6.66704,1.00,1.19
2014.06.04 10:30:04.455,6.66594,6.66715,1.19,1.19
2014.06.04 10:30:05.434,6.66594,6.66723,1.19,1.19
2014.06.04 10:30:05.941,6.66594,6.66707,1.19,1.00
2014.06.04 10:30:06.494,6.66594,6.66717,1.19,1.19
2014.06.04 10:30:06.824,6.66594,6.66709,1.00,1.19
2014.06.04 10:30:07.842,6.66594,6.66706,1.00,1.19
2014.06.04 10:30:08.847,6.66594,6.66706,1.25,1.19
2014.06.04 10:30:09.854,6.66594,6.66707,1.19,1.19
2014.06.04 10:30:11.161,6.66594,6.66717,1.19,1.69
2014.06.04 10:30:11.476,6.66594,6.66703,1.00,1.69
2014.06.04 10:30:11.801,6.6657,6.66698,1.39,1.19
2014.06.04 10:30:12.470,6.6657,6.66697,1.39,1.69
2014.06.04 10:30:13.476,6.6657,6.66695,1.39,1.19
2014.06.04 10:30:16.527,6.6657,6.66697,1.39,1.69
2014.06.04 10:30:17.636,6.66581,6.66705,1.19,1.19
2014.06.04 10:30:19.708,6.66582,6.66711,1.19,1.19
2014.06.04 10:30:21.115,6.66582,6.66711,1.19,1.19
2014.06.04 10:30:22.077,6.66596,6.66732,1.19,1.19
2014.06.04 10:30:22.857,6.66601,6.66717,1.00,1.19
2014.06.04 10:30:22.958,6.66602,6.66732,1.19,1.19
2014.06.04 10:30:23.936,6.66608,6.66742,1.19,1.69
2014.06.04 10:30:24.941,6.66612,6.66742,1.19,1.19
2014.06.04 10:30:25.945,6.66611,6.66742,1.19,1.19
2014.06.04 10:30:26.950,6.66617,6.66742,1.19,1.19
2014.06.04 10:30:28.953,6.66619,6.66746,1.19,1.19
2014.06.04 10:30:29.957,6.6662,6.66746,1.19,1.19
2014.06.04 10:30:30.962,6.66614,6.66746,1.19,1.19
2014.06.04 10:30:31.968,6.66613,6.66746,1.19,1.19
2014.06.04 10:30:32.082,6.66635,6.66751,1.19,1.20
2014.06.04 10:30:32.183,6.66661,6.66751,1.19,1.20
2014.06.04 10:30:32.285,6.667,6.66794,1.00,1.65
2014.06.04 10:30:32.386,6.66693,6.66814,1.20,1.39
2014.06.04 10:30:32.538,6.667,6.66817,1.00,1.19
2014.06.04 10:30:32.909,6.66682,6.66807,1.19,1.19
2014.06.04 10:30:33.276,6.66678,6.66807,1.19,1.19
2014.06.04 10:30:33.689,6.66696,6.66832,1.19,1.19
2014.06.04 10:30:35.085,6.66702,6.66834,1.19,1.19
2014.06.04 10:30:38.407,6.66696,6.66825,1.19,1.19
2014.06.04 10:30:40.918,6.66696,6.66826,1.19,1.19
2014.06.04 10:30:42.015,6.66696,6.66824,1.19,1.19
2014.06.04 10:30:45.033,6.66696,6.66824,1.19,1.19
2014.06.04 10:30:45.938,6.66696,6.66823,1.19,1.19
2014.06.04 10:30:48.046,6.66696,6.66825,1.19,1.19
2014.06.04 10:30:50.959,6.66696,6.66827,1.19,1.19
2014.06.04 10:30:51.991,6.66698,6.66832,1.19,1.19
2014.06.04 10:30:52.979,6.66703,6.66837,1.19,1.19
2014.06.04 10:30:54.004,6.66705,6.66839,1.19,1.19
2014.06.04 10:30:54.979,6.66707,6.66839,1.19,1.19
2014.06.04 10:30:56.000,6.66709,6.66843,1.19,1.19
2014.06.04 10:30:58.040,6.66708,6.6684,1.19,1.19
2014.06.04 10:30:59.005,6.66703,6.66835,1.19,1.19
2014.06.04 10:31:01.018,6.66696,6.6683,1.69,1.19
2014.06.04 10:31:02.025,6.66699,6.66833,1.19,1.19
2014.06.04 10:31:03.033,6.66703,6.66835,1.19,1.19
2014.06.04 10:31:04.349,6.6671,6.66844,1.19,1.19
2014.06.04 10:31:05.955,6.66711,6.66845,1.19,1.19
2014.06.04 10:31:06.862,6.66714,6.66848,1.19,1.19
2014.06.04 10:31:08.379,6.66704,6.66838,1.19,1.19
2014.06.04 10:31:09.432,6.66701,6.66835,1.19,1.19
2014.06.04 10:31:11.891,6.66705,6.66839,1.19,1.19
2014.06.04 10:31:12.909,6.66706,6.6684,1.19,1.19
2014.06.04 10:31:14.002,6.66712,6.66846,1.19,1.19
2014.06.04 10:31:15.009,6.66713,6.66847,1.19,1.69
2014.06.04 10:31:16.118,6.6673,6.66847,1.19,1.00
2014.06.04 10:31:16.638,6.6673,6.66857,1.19,1.19
2014.06.04 10:31:17.133,6.66746,6.66867,1.19,1.19
2014.06.04 10:31:17.954,6.66748,6.66857,1.19,1.00
2014.06.04 10:31:18.185,6.66748,6.66867,1.19,1.19
2014.06.04 10:31:19.152,6.66748,6.66877,1.19,1.19
2014.06.04 10:31:19.768,6.66748,6.66877,1.19,1.19
2014.06.04 10:31:20.150,6.66752,6.66877,1.19,1.19
2014.06.04 10:31:20.919,6.66752,6.66867,1.19,1.00
2014.06.04 10:31:21.189,6.66748,6.66867,1.19,1.19
2014.06.04 10:31:22.153,6.66748,6.66867,1.69,1.19
2014.06.04 10:31:23.260,6.66748,6.66867,1.19,1.19
2014.06.04 10:31:24.265,6.66748,6.66877,1.19,1.19
2014.06.04 10:31:25.680,6.66748,6.66881,1.19,1.19
2014.06.04 10:31:27.117,6.66748,6.66881,1.00,1.19
2014.06.04 10:31:27.322,6.66748,6.66861,1.00,1.19
2014.06.04 10:31:28.825,6.66748,6.66866,1.19,1.19
2014.06.04 10:31:30.033,6.66748,6.66868,1.19,1.19
2014.06.04 10:31:31.041,6.66748,6.66873,1.19,1.19
2014.06.04 10:31:32.049,6.66748,6.66877,1.19,1.69
2014.06.04 10:31:32.885,6.66748,6.66867,1.19,1.69
2014.06.04 10:31:33.493,6.66748,6.66856,1.00,1.19
2014.06.04 10:31:33.878,6.66748,6.66867,1.19,1.19
2014.06.04 10:31:34.817,6.66748,6.66857,1.19,1.00
2014.06.04 10:31:34.868,6.66748,6.66857,1.00,1.19
2014.06.04 10:31:35.041,6.66748,6.66847,1.00,1.00
2014.06.04 10:31:35.163,6.66748,6.66857,1.00,1.19
2014.06.04 10:31:35.370,6.66748,6.66847,1.00,1.00
2014.06.04 10:31:35.942,6.66748,6.66836,1.00,1.00
2014.06.04 10:31:36.003,6.6673,6.66836,1.19,1.00
2014.06.04 10:31:36.363,6.6673,6.66847,1.19,1.00
2014.06.04 10:31:37.076,6.66735,6.66847,1.19,1.00
2014.06.04 10:31:37.368,6.66735,6.66857,1.19,1.19
2014.06.04 10:31:38.390,6.66738,6.66857,1.19,1.00
2014.06.04 10:31:39.479,6.66737,6.66857,1.39,1.19
2014.06.04 10:31:40.686,6.66742,6.66867,1.19,1.19
2014.06.04 10:31:41.693,6.66742,6.66867,1.19,1.19
2014.06.04 10:31:43.709,6.6675,6.66867,1.19,1.00
2014.06.04 10:31:45.227,6.6675,6.66857,1.19,1.00
2014.06.04 10:31:45.957,6.66749,6.66857,1.19,1.00
2014.06.04 10:31:48.728,6.66751,6.66857,1.19,1.00
2014.06.04 10:31:50.737,6.66745,6.66857,1.69,1.00
2014.06.04 10:31:50.839,6.66745,6.66867,1.69,1.19
2014.06.04 10:31:51.822,6.66754,6.66867,1.19,1.00
2014.06.04 10:31:52.603,6.66754,6.66877,1.19,1.19
2014.06.04 10:31:52.711,6.66754,6.66877,1.19,1.19
2014.06.04 10:31:53.748,6.66754,6.66877,1.19,1.19
2014.06.04 10:31:57.000,6.66754,6.66867,1.19,1.00
2014.06.04 10:31:58.006,6.66753,6.66877,1.19,1.19
2014.06.04 10:31:58.740,6.66753,6.66877,1.19,1.19
2014.06.04 10:31:59.747,6.66753,6.66877,1.19,1.19
2014.06.04 10:32:00.788,6.66756,6.66882,1.19,1.19
2014.06.04 10:32:01.769,6.66762,6.66886,1.19,1.19
2014.06.04 10:32:03.260,6.66771,6.66887,1.19,1.00
2014.06.04 10:32:03.698,6.66771,6.66896,1.19,1.19
2014.06.04 10:32:04.098,6.66771,6.66885,1.19,1.00
2014.06.04 10:32:04.327,6.66771,6.66887,1.19,1.50
2014.06.04 10:32:04.471,6.66762,6.66887,1.19,1.69
2014.06.04 10:32:05.478,6.66763,6.66885,1.19,1.19
2014.06.04 10:32:06.482,6.66762,6.66885,1.19,1.19
2014.06.04 10:32:08.511,6.66773,6.66901,1.19,1.19
2014.06.04 10:32:09.500,6.66777,6.66904,1.19,1.19
2014.06.04 10:32:11.513,6.66778,6.66904,1.19,1.19
2014.06.04 10:32:12.028,6.66778,6.66891,1.19,1.00
2014.06.04 10:32:12.346,6.66778,6.66886,1.19,1.00
2014.06.04 10:32:12.520,6.66765,6.66886,1.19,1.19
2014.06.04 10:32:13.605,6.66759,6.66885,1.84,1.19
2014.06.04 10:32:14.520,6.6676,6.66887,1.19,1.19
2014.06.04 10:32:15.535,6.66763,6.66888,1.19,1.19
2014.06.04 10:32:17.737,6.66762,6.66888,1.19,1.19
2014.06.04 10:32:18.744,6.66767,6.66886,1.19,1.25
2014.06.04 10:32:19.766,6.6677,6.66886,1.19,1.00
2014.06.04 10:32:20.267,6.6677,6.66888,1.19,1.00
2014.06.04 10:32:20.945,6.66769,6.66885,1.19,1.00
2014.06.04 10:32:21.477,6.66769,6.66888,1.19,1.00
2014.06.04 10:32:21.762,6.66766,6.66888,1.19,1.19
2014.06.04 10:32:22.136,6.66766,6.66885,1.19,1.00
2014.06.04 10:32:22.686,6.66766,6.66888,1.19,1.19
2014.06.04 10:32:22.807,6.66768,6.66888,1.19,1.00
2014.06.04 10:32:23.362,6.66768,6.66887,1.19,1.00
2014.06.04 10:32:23.864,6.66768,6.66887,1.19,1.00
2014.06.04 10:32:24.556,6.66768,6.66888,1.19,1.25
2014.06.04 10:32:25.106,6.6677,6.66887,1.19,1.00
2014.06.04 10:32:25.766,6.6677,6.66888,1.19,1.00
2014.06.04 10:32:25.817,6.66768,6.66888,1.19,1.25
2014.06.04 10:32:26.382,6.66768,6.66887,1.19,1.00
2014.06.04 10:32:26.976,6.66768,6.66883,1.19,1.00
2014.06.04 10:32:27.549,6.66768,6.66885,1.19,1.00
2014.06.04 10:32:28.186,6.66768,6.66883,1.19,1.00
2014.06.04 10:32:28.825,6.66766,6.66883,1.19,1.00
2014.06.04 10:32:28.876,6.66766,6.66885,1.19,1.00
2014.06.04 10:32:29.407,6.66766,6.66883,1.19,1.00
2014.06.04 10:32:29.801,6.66768,6.66883,1.19,1.00
2014.06.04 10:32:29.948,6.66768,6.66885,1.19,1.00
2014.06.04 10:32:30.615,6.66768,6.66883,1.19,1.00
2014.06.04 10:32:31.156,6.66766,6.66885,1.19,1.00
2014.06.04 10:32:31.818,6.66766,6.66883,1.19,1.00
2014.06.04 10:32:32.384,6.66766,6.66897,1.19,1.19
2014.06.04 10:32:32.537,6.66781,6.66907,1.39,1.19
2014.06.04 10:32:33.521,6.66781,6.66911,1.84,1.19
2014.06.04 10:32:33.824,6.66708,6.66833,1.79,1.00
2014.06.04 10:32:33.875,6.66713,6.66833,4.33,1.19
2014.06.04 10:32:34.129,6.66757,6.66887,1.39,1.19
2014.06.04 10:32:35.234,6.66757,6.66891,1.84,1.19
2014.06.04 10:32:36.528,6.66765,6.66899,1.19,1.19
2014.06.04 10:32:37.586,6.66764,6.66898,1.19,1.19
2014.06.04 10:32:38.541,6.6677,6.66904,1.19,1.19
2014.06.04 10:32:39.546,6.66764,6.66898,1.19,1.19
2014.06.04 10:32:40.856,6.66776,6.66902,1.39,1.19
2014.06.04 10:32:42.060,6.66786,6.66918,1.19,1.19
2014.06.04 10:32:43.089,6.66788,6.66918,1.19,1.19
2014.06.04 10:32:45.073,6.66787,6.66918,1.19,1.19
2014.06.04 10:32:46.129,6.66788,6.66918,1.19,1.19
2014.06.04 10:32:47.083,6.66787,6.66921,1.19,1.19
2014.06.04 10:32:48.097,6.66786,6.6692,1.19,1.19
2014.06.04 10:32:49.383,6.66789,6.66923,1.19,1.19
2014.06.04 10:32:50.386,6.66788,6.66922,1.19,1.19
2014.06.04 10:32:51.492,6.66789,6.66923,1.19,1.19
2014.06.04 10:32:53.407,6.66795,6.66925,1.39,1.19
2014.06.04 10:32:58.430,6.66795,6.66927,1.39,1.19
2014.06.04 10:32:59.435,6.66795,6.66926,1.39,1.19
2014.06.04 10:33:01.022,6.66833,6.66926,1.00,1.19
2014.06.04 10:33:01.073,6.66833,6.66929,1.00,1.00
2014.06.04 10:33:01.295,6.66833,6.66926,1.00,1.00
2014.06.04 10:33:01.596,6.66833,6.66925,1.00,1.19
2014.06.04 10:33:01.697,6.66803,6.66925,1.19,1.19
2014.06.04 10:33:02.647,6.668,6.66934,1.19,1.19
2014.06.04 10:33:03.621,6.66801,6.66935,1.19,1.19
2014.06.04 10:33:04.825,6.66801,6.66947,1.19,1.00
2014.06.04 10:33:04.876,6.66838,6.66947,1.00,1.00
2014.06.04 10:33:05.078,6.66838,6.66953,1.00,1.20
2014.06.04 10:33:07.038,6.66838,6.6694,1.00,1.19
2014.06.04 10:33:07.232,6.66806,6.6694,1.19,1.19
2014.06.04 10:33:08.548,6.668,6.66934,1.19,1.19
2014.06.04 10:33:09.597,6.66802,6.66936,1.19,1.19
2014.06.04 10:33:10.700,6.66821,6.66937,1.19,1.00
2014.06.04 10:33:12.071,6.66817,6.66937,1.39,1.19
2014.06.04 10:33:13.520,6.66817,6.66937,1.39,1.19
2014.06.04 10:33:14.682,6.66817,6.66933,1.20,1.19
2014.06.04 10:33:15.681,6.66817,6.66929,1.20,1.19
2014.06.04 10:33:17.692,6.66817,6.66934,1.20,1.19
2014.06.04 10:33:17.794,6.66817,6.66937,1.39,1.19
2014.06.04 10:33:17.844,6.66835,6.66937,1.00,1.19
2014.06.04 10:33:18.475,6.66816,6.66947,1.39,1.19
2014.06.04 10:33:19.101,6.66816,6.66942,1.39,1.19
2014.06.04 10:33:20.108,6.66816,6.66941,1.39,1.19
2014.06.04 10:33:20.545,6.66837,6.66941,1.00,1.19
2014.06.04 10:33:20.646,6.66837,6.66959,1.19,1.19
2014.06.04 10:33:20.848,6.66837,6.66951,1.00,1.19
2014.06.04 10:33:20.899,6.66834,6.66951,1.09,1.19
2014.06.04 10:33:21.817,6.66816,6.66945,1.39,1.19
2014.06.04 10:33:22.858,6.66828,6.66955,1.19,1.19
2014.06.04 10:33:23.327,6.66854,6.66962,1.00,1.19
2014.06.04 10:33:23.378,6.66854,6.66979,1.19,1.19
2014.06.04 10:33:23.833,6.66867,6.66987,1.19,1.25
2014.06.04 10:33:24.727,6.66851,6.66985,1.39,1.19
2014.06.04 10:33:25.629,6.6685,6.66976,1.39,1.19
2014.06.04 10:33:26.635,6.6685,6.66974,1.39,1.19
2014.06.04 10:33:28.642,6.6685,6.66975,1.39,1.19
2014.06.04 10:33:30.651,6.6685,6.66974,1.39,1.19
2014.06.04 10:33:31.656,6.6685,6.66976,1.39,1.19
2014.06.04 10:33:33.765,6.6685,6.66975,1.39,1.19
2014.06.04 10:33:35.070,6.66858,6.66987,1.19,1.19
2014.06.04 10:33:36.075,6.66854,6.66987,1.19,1.19
2014.06.04 10:33:37.185,6.6685,6.66976,1.39,1.19
2014.06.04 10:33:38.196,6.6685,6.66971,1.39,1.19
2014.06.04 10:33:39.286,6.6685,6.66969,1.09,1.19
2014.06.04 10:33:40.348,6.66833,6.66967,1.19,1.69
2014.06.04 10:33:41.659,6.66837,6.66967,1.19,1.19
2014.06.04 10:33:43.667,6.6684,6.66967,1.19,1.19
2014.06.04 10:33:44.680,6.66838,6.66972,1.19,1.19
2014.06.04 10:33:45.679,6.66841,6.66975,1.19,1.19
2014.06.04 10:33:46.711,6.66845,6.66979,1.19,1.19
2014.06.04 10:33:47.692,6.66851,6.6697,1.09,1.19
2014.06.04 10:33:48.699,6.66851,6.66975,1.39,1.19
2014.06.04 10:33:49.703,6.66851,6.66973,1.39,1.19
2014.06.04 10:33:51.980,6.66851,6.66965,1.20,1.19
2014.06.04 10:33:52.746,6.6684,6.66965,1.19,1.19
2014.06.04 10:33:53.488,6.6684,6.66959,1.25,1.19
2014.06.04 10:33:54.607,6.6684,6.66957,1.00,1.19
2014.06.04 10:33:54.855,6.66832,6.66957,1.39,1.19
2014.06.04 10:33:55.604,6.66832,6.66954,1.39,1.19
2014.06.04 10:33:56.652,6.66832,6.66951,1.09,1.19
2014.06.04 10:33:57.615,6.66832,6.6695,1.20,1.19
2014.06.04 10:33:58.626,6.66832,6.66949,1.20,1.19
2014.06.04 10:33:59.627,6.66832,6.6695,1.20,1.19
2014.06.04 10:34:00.632,6.66832,6.66949,1.20,1.19
2014.06.04 10:34:01.638,6.66832,6.66952,1.39,1.19
2014.06.04 10:34:02.643,6.66832,6.66953,1.39,1.19
2014.06.04 10:34:03.636,6.66832,6.66952,1.39,1.19
2014.06.04 10:34:04.641,6.66832,6.66951,1.09,1.19
2014.06.04 10:34:07.355,6.66832,6.66949,1.20,1.19
2014.06.04 10:34:08.360,6.66832,6.6695,1.20,1.19
2014.06.04 10:34:09.364,6.66832,6.66951,1.09,1.19
2014.06.04 10:34:10.371,6.66832,6.66953,1.39,1.19
2014.06.04 10:34:11.375,6.66832,6.66954,1.39,1.19
2014.06.04 10:34:12.381,6.66832,6.66956,1.39,1.19
2014.06.04 10:34:13.590,6.66824,6.66948,1.39,1.19
2014.06.04 10:34:15.595,6.66824,6.66949,1.39,1.19
2014.06.04 10:34:16.602,6.66824,6.66941,1.20,1.19
2014.06.04 10:34:17.693,6.66824,6.66946,1.39,1.19
2014.06.04 10:34:18.804,6.66824,6.66952,1.39,1.19
2014.06.04 10:34:19.810,6.66824,6.66946,1.39,1.19
2014.06.04 10:34:20.814,6.66824,6.66946,1.39,1.19
2014.06.04 10:34:21.819,6.66824,6.66946,1.39,1.19
2014.06.04 10:34:22.824,6.66824,6.66943,1.39,1.19
2014.06.04 10:34:23.830,6.66824,6.66942,1.39,1.19
2014.06.04 10:34:24.835,6.66824,6.66941,1.20,1.19
2014.06.04 10:34:25.840,6.66824,6.66941,1.09,1.19
2014.06.04 10:34:26.845,6.66824,6.66943,1.39,1.19
2014.06.04 10:34:28.854,6.66824,6.66942,1.09,1.19
2014.06.04 10:34:30.050,6.66824,6.66944,1.39,1.19
2014.06.04 10:34:30.854,6.66824,6.66933,1.20,1.19
2014.06.04 10:34:31.859,6.66824,6.66935,1.20,1.19
2014.06.04 10:34:33.155,6.66815,6.66935,1.39,1.19
2014.06.04 10:34:34.874,6.66815,6.66937,1.39,1.19
2014.06.04 10:34:36.084,6.66821,6.66955,1.19,1.19
2014.06.04 10:34:37.093,6.66815,6.66945,1.39,1.19
2014.06.04 10:34:38.101,6.66815,6.66946,1.39,1.19
2014.06.04 10:34:39.109,6.66816,6.6695,1.19,1.19
2014.06.04 10:34:39.875,6.66834,6.6695,1.20,1.19
2014.06.04 10:34:40.129,6.66834,6.66972,1.39,1.19
2014.06.04 10:34:41.150,6.66846,6.6698,1.19,1.19
2014.06.04 10:34:42.117,6.66849,6.66983,1.19,1.19
2014.06.04 10:34:42.665,6.66834,6.66961,1.39,1.19
2014.06.04 10:34:43.731,6.66824,6.66948,1.19,1.19
2014.06.04 10:34:45.138,6.66824,6.66949,1.19,1.19
2014.06.04 10:34:46.143,6.66824,6.66952,1.19,1.19
2014.06.04 10:34:48.152,6.66824,6.66955,1.19,1.19
2014.06.04 10:34:49.158,6.66826,6.6696,1.19,1.19
2014.06.04 10:34:51.153,6.66827,6.66961,1.19,1.19
2014.06.04 10:34:51.695,6.66824,6.66941,1.00,1.19
2014.06.04 10:34:52.662,6.66824,6.66936,1.00,1.19
2014.06.04 10:34:54.772,6.66824,6.66936,1.00,1.19
2014.06.04 10:34:55.072,6.66824,6.66957,1.19,1.19
2014.06.04 10:34:56.079,6.66827,6.66961,1.19,1.19
2014.06.04 10:34:57.488,6.66834,6.66966,1.19,1.19
2014.06.04 10:34:58.494,6.66833,6.66967,1.19,1.19
2014.06.04 10:34:59.530,6.66837,6.66971,1.19,1.19
2014.06.04 10:35:00.507,6.66838,6.66972,1.19,1.19
2014.06.04 10:35:00.736,6.66824,6.66954,1.00,1.19
2014.06.04 10:35:01.718,6.66824,6.66949,1.19,1.19
2014.06.04 10:35:02.794,6.66824,6.6695,1.19,1.19
2014.06.04 10:35:04.841,6.66824,6.66949,1.19,1.19
2014.06.04 10:35:05.809,6.66824,6.6695,1.19,1.19
2014.06.04 10:35:07.817,6.66824,6.6695,1.19,1.19
2014.06.04 10:35:09.424,6.66824,6.66945,1.19,1.19
2014.06.04 10:35:10.531,6.66824,6.66944,1.19,1.19
2014.06.04 10:35:11.542,6.66824,6.66945,1.19,1.19
2014.06.04 10:35:12.540,6.66824,6.66951,1.19,1.19
2014.06.04 10:35:13.547,6.66824,6.66952,1.19,1.19
2014.06.04 10:35:14.552,6.66824,6.66947,1.19,1.19
2014.06.04 10:35:15.558,6.66824,6.6695,1.19,1.19
2014.06.04 10:35:16.750,6.66824,6.66941,1.00,1.19
2014.06.04 10:35:17.755,6.66824,6.6694,1.00,1.19
2014.06.04 10:35:18.760,6.66824,6.66944,1.19,1.19
2014.06.04 10:35:21.775,6.66824,6.66948,1.19,1.19
2014.06.04 10:35:22.782,6.66824,6.66957,1.19,1.19
2014.06.04 10:35:23.786,6.66826,6.6696,1.19,1.19
2014.06.04 10:35:24.793,6.66828,6.66962,1.19,1.19
2014.06.04 10:35:25.797,6.66829,6.66963,1.19,1.19
2014.06.04 10:35:26.802,6.66831,6.66965,1.19,1.19
2014.06.04 10:35:27.807,6.66832,6.66966,1.19,1.19
2014.06.04 10:35:31.818,6.66831,6.66965,1.19,1.19
2014.06.04 10:35:33.826,6.66835,6.66969,1.19,1.19
2014.06.04 10:35:35.131,6.66824,6.66952,1.19,1.19
2014.06.04 10:35:36.138,6.66824,6.66949,1.19,1.19
2014.06.04 10:35:37.155,6.66824,6.6695,1.19,1.19
2014.06.04 10:35:38.146,6.66824,6.6695,1.19,1.19
2014.06.04 10:35:40.354,6.66816,6.6695,1.19,1.19
2014.06.04 10:35:41.360,6.66817,6.66951,1.19,1.19
2014.06.04 10:35:42.365,6.66815,6.66949,1.84,1.19
2014.06.04 10:35:43.315,6.66815,6.66922,1.19,1.20
2014.06.04 10:35:43.416,6.66792,6.66922,1.19,1.39
2014.06.04 10:35:44.362,6.6679,6.66922,1.19,1.39
2014.06.04 10:35:45.366,6.66793,6.66922,1.19,1.39
2014.06.04 10:35:46.373,6.66794,6.66922,1.19,1.39
2014.06.04 10:35:48.382,6.66796,6.66922,1.19,1.39
2014.06.04 10:35:49.390,6.66794,6.66922,1.19,1.39
2014.06.04 10:35:50.393,6.66796,6.66922,1.19,1.39
2014.06.04 10:35:51.499,6.66797,6.66922,1.19,1.39
2014.06.04 10:35:53.409,6.66801,6.66922,1.19,1.39
2014.06.04 10:35:54.817,6.66803,6.66922,1.19,1.09
2014.06.04 10:35:55.822,6.66804,6.66922,1.19,1.20
2014.06.04 10:35:57.537,6.66804,6.66938,1.19,1.19
2014.06.04 10:35:57.689,6.66821,6.66962,1.19,1.39
2014.06.04 10:35:58.686,6.66813,6.66952,1.69,1.19
2014.06.04 10:35:59.665,6.6682,6.66954,1.19,1.19
2014.06.04 10:36:00.647,6.66825,6.66957,1.19,1.19
2014.06.04 10:36:01.543,6.66844,6.66962,1.19,1.20
2014.06.04 10:36:01.644,6.66863,6.66962,1.00,1.20
2014.06.04 10:36:01.746,6.66863,6.66974,1.00,1.19
2014.06.04 10:36:01.847,6.66864,6.67002,1.19,1.39
2014.06.04 10:36:02.874,6.66864,6.66998,1.19,1.19
2014.06.04 10:36:03.177,6.66864,6.6698,1.19,1.20
2014.06.04 10:36:03.864,6.66852,6.6698,1.19,1.39
2014.06.04 10:36:04.871,6.66861,6.6698,1.19,1.09
2014.06.04 10:36:05.876,6.66862,6.6698,1.19,1.20
2014.06.04 10:36:06.884,6.66842,6.66976,1.19,1.19
2014.06.04 10:36:08.048,6.66843,6.66977,1.19,1.19
2014.06.04 10:36:09.967,6.66832,6.66966,1.19,1.19
2014.06.04 10:36:10.949,6.6683,6.66961,1.19,1.39
2014.06.04 10:36:11.955,6.66828,6.66961,1.19,1.39
2014.06.04 10:36:13.060,6.6683,6.66963,1.19,1.39
2014.06.04 10:36:16.074,6.66824,6.66958,1.19,1.19
2014.06.04 10:36:17.237,6.6681,6.66944,1.19,1.84
2014.06.04 10:36:18.186,6.66818,6.66944,1.19,1.39
2014.06.04 10:36:19.208,6.66821,6.66944,1.19,1.39
2014.06.04 10:36:20.604,6.66813,6.66944,1.19,1.39
2014.06.04 10:36:21.608,6.66814,6.66944,1.19,1.39
2014.06.04 10:36:23.620,6.66818,6.66944,1.19,1.39
2014.06.04 10:36:24.622,6.66817,6.66944,1.19,1.39
2014.06.04 10:36:25.630,6.66809,6.66943,1.19,1.19
2014.06.04 10:36:26.636,6.66806,6.66935,1.19,1.19
2014.06.04 10:36:29.649,6.66806,6.66936,1.19,1.19
2014.06.04 10:36:31.680,6.66806,6.66935,1.19,1.19
2014.06.04 10:36:32.657,6.66806,6.66935,1.19,1.19
2014.06.04 10:36:33.663,6.66806,6.66936,1.19,1.19
2014.06.04 10:36:35.672,6.66806,6.66937,1.19,1.19
2014.06.04 10:36:36.675,6.66806,6.66936,1.19,1.19
2014.06.04 10:36:38.687,6.66805,6.66938,1.19,1.19
2014.06.04 10:36:41.703,6.66805,6.6693,1.19,1.19
2014.06.04 10:36:42.744,6.66795,6.66929,1.19,1.19
2014.06.04 10:36:45.833,6.66786,6.6692,1.19,1.19
2014.06.04 10:36:46.895,6.66777,6.66909,1.19,1.19
2014.06.04 10:36:47.897,6.6678,6.66914,1.19,1.19
2014.06.04 10:36:49.909,6.66778,6.6691,1.19,1.19
2014.06.04 10:36:50.914,6.66776,6.6691,1.19,1.19
2014.06.04 10:36:51.924,6.66776,6.66908,1.19,1.19
2014.06.04 10:36:53.933,6.66778,6.66912,1.19,1.19
2014.06.04 10:36:54.940,6.66773,6.66907,1.19,1.19
2014.06.04 10:36:55.936,6.66767,6.66898,1.19,1.39
2014.06.04 10:36:58.949,6.66769,6.66898,1.19,1.39
2014.06.04 10:36:59.955,6.66765,6.66898,1.19,1.39
2014.06.04 10:37:00.997,6.66765,6.66898,1.19,1.39
2014.06.04 10:37:03.977,6.66764,6.66898,1.19,1.19
2014.06.04 10:37:05.987,6.66763,6.66895,1.19,1.19
2014.06.04 10:37:07.394,6.66773,6.66902,1.19,1.19
2014.06.04 10:37:09.103,6.66775,6.66907,1.19,1.19
2014.06.04 10:37:10.109,6.66774,6.66908,1.19,1.19
2014.06.04 10:37:11.117,6.66773,6.66906,1.19,1.19
2014.06.04 10:37:13.128,6.66765,6.66899,1.19,1.19
2014.06.04 10:37:14.135,6.66767,6.66901,1.19,1.19
2014.06.04 10:37:15.139,6.66769,6.66903,1.19,1.19
2014.06.04 10:37:16.744,6.6677,6.66904,1.19,1.19
2014.06.04 10:37:18.155,6.66769,6.66903,1.19,1.19
2014.06.04 10:37:19.161,6.66768,6.66902,1.19,1.19
2014.06.04 10:37:23.179,6.66769,6.66903,1.19,1.19
2014.06.04 10:37:25.195,6.66763,6.66893,1.19,1.19
2014.06.04 10:37:25.308,6.66763,6.66893,1.00,1.19
2014.06.04 10:37:25.410,6.66763,6.66873,1.25,1.19
2014.06.04 10:37:27.206,6.66763,6.66872,1.00,1.19
2014.06.04 10:37:28.210,6.66763,6.66873,1.25,1.19
2014.06.04 10:37:30.221,6.66763,6.66874,1.19,1.19
2014.06.04 10:37:31.225,6.66763,6.66873,1.25,1.19
2014.06.04 10:37:33.227,6.66763,6.66873,1.19,1.19
2014.06.04 10:37:34.231,6.66763,6.66873,1.25,1.19
2014.06.04 10:37:35.236,6.66763,6.66872,1.19,1.19
2014.06.04 10:37:37.254,6.66763,6.66874,1.19,1.19
2014.06.04 10:37:38.350,6.66763,6.66883,1.19,1.19
2014.06.04 10:37:39.352,6.66763,6.6688,1.19,1.19
2014.06.04 10:37:40.356,6.66763,6.66882,1.19,1.19
2014.06.04 10:37:45.376,6.66763,6.66881,1.19,1.19
2014.06.04 10:37:46.385,6.66763,6.66881,1.19,1.19
2014.06.04 10:37:48.088,6.66763,6.66873,1.25,1.19
2014.06.04 10:37:50.108,6.66763,6.66875,1.19,1.19
2014.06.04 10:37:51.088,6.66763,6.66876,1.19,1.19
2014.06.04 10:37:52.093,6.66763,6.66874,1.25,1.19
2014.06.04 10:37:55.123,6.66763,6.66876,1.19,1.19
2014.06.04 10:37:56.114,6.66763,6.66875,1.19,1.19
2014.06.04 10:37:57.322,6.66763,6.66876,1.19,1.19
2014.06.04 10:37:58.328,6.66763,6.66877,1.19,1.19
2014.06.04 10:37:59.522,6.66763,6.66876,1.19,1.19
2014.06.04 10:38:01.336,6.66763,6.66877,1.19,1.19
2014.06.04 10:38:02.342,6.66763,6.66881,1.19,1.19
2014.06.04 10:38:03.347,6.66763,6.6688,1.19,1.19
2014.06.04 10:38:04.393,6.66763,6.66879,1.19,1.19
2014.06.04 10:38:05.361,6.66763,6.66881,1.19,1.19
2014.06.04 10:38:08.377,6.66763,6.66866,1.00,1.19
2014.06.04 10:38:08.479,6.66761,6.66866,1.00,1.19
2014.06.04 10:38:08.631,6.66761,6.66876,1.19,1.19
2014.06.04 10:38:09.774,6.66764,6.66889,1.19,1.19
2014.06.04 10:38:10.983,6.66757,6.66884,1.39,1.19
2014.06.04 10:38:11.990,6.66763,6.66886,1.19,1.19
2014.06.04 10:38:12.996,6.66763,6.66889,1.19,1.19
2014.06.04 10:38:14.001,6.66763,6.66891,1.19,1.19
2014.06.04 10:38:16.010,6.66763,6.66892,1.19,1.19
2014.06.04 10:38:17.017,6.66763,6.66893,1.19,1.19
2014.06.04 10:38:18.021,6.66763,6.66889,1.19,1.19
2014.06.04 10:38:20.074,6.66763,6.66889,1.19,1.19
2014.06.04 10:38:21.026,6.66763,6.66888,1.19,1.19
2014.06.04 10:38:22.069,6.66763,6.66889,1.19,1.19
2014.06.04 10:38:24.082,6.66743,6.66876,1.19,1.19
2014.06.04 10:38:25.052,6.66743,6.66874,1.19,1.19
2014.06.04 10:38:27.062,6.66742,6.66872,1.19,1.19
2014.06.04 10:38:29.071,6.66739,6.66873,1.19,1.19
2014.06.04 10:38:31.083,6.6674,6.66872,1.19,1.19
2014.06.04 10:38:32.089,6.66739,6.66873,1.19,1.19
2014.06.04 10:38:34.095,6.66746,6.6688,1.19,1.19
2014.06.04 10:38:35.088,6.66749,6.66883,1.19,1.19
2014.06.04 10:38:39.607,6.66746,6.66875,1.19,1.19
2014.06.04 10:38:40.611,6.66746,6.66876,1.19,1.19
2014.06.04 10:38:41.616,6.66746,6.66876,1.19,1.19
2014.06.04 10:38:42.621,6.66746,6.66875,1.19,1.19
2014.06.04 10:38:46.942,6.66763,6.66893,1.19,1.19
2014.06.04 10:38:48.953,6.66763,6.66894,1.19,1.19
2014.06.04 10:38:49.965,6.66763,6.66893,1.19,1.19
2014.06.04 10:38:51.567,6.66774,6.66901,1.19,1.19
2014.06.04 10:38:52.573,6.66783,6.66896,1.19,1.19
2014.06.04 10:38:53.654,6.66783,6.66899,1.19,1.19
2014.06.04 10:38:54.588,6.66783,6.66901,1.19,1.19
2014.06.04 10:38:54.927,6.66773,6.66883,1.00,1.19
2014.06.04 10:38:55.232,6.66784,6.66883,1.00,1.19
2014.06.04 10:38:55.999,6.66784,6.66891,1.00,1.19
2014.06.04 10:38:56.754,6.66773,6.66891,1.19,1.19
2014.06.04 10:38:57.898,6.66773,6.66885,1.25,1.19
2014.06.04 10:38:58.232,6.66783,6.66885,1.00,1.19
2014.06.04 10:38:58.759,6.66783,6.66892,1.00,1.19
2014.06.04 10:38:59.712,6.66783,6.66896,1.19,1.19
2014.06.04 10:39:00.267,6.66773,6.66876,1.00,1.19
2014.06.04 10:39:00.368,6.66765,6.66876,1.00,1.19
2014.06.04 10:39:00.469,6.66763,6.66876,1.00,1.19
2014.06.04 10:39:01.427,6.66763,6.66882,1.19,1.19
2014.06.04 10:39:02.252,6.66773,6.66882,1.00,1.19
2014.06.04 10:39:02.645,6.66784,6.66882,1.00,1.19
2014.06.04 10:39:02.747,6.66784,6.66895,1.00,1.19
2014.06.04 10:39:03.740,6.66784,6.66898,1.19,1.19
2014.06.04 10:39:04.752,6.66769,6.66894,1.19,1.19
2014.06.04 10:39:05.751,6.66763,6.66888,1.19,1.19
2014.06.04 10:39:06.757,6.66763,6.66885,1.19,1.19
2014.06.04 10:39:09.756,6.66763,6.66887,1.19,1.19
2014.06.04 10:39:10.818,6.66763,6.66889,1.19,1.19
2014.06.04 10:39:11.770,6.66773,6.66897,1.19,1.19
2014.06.04 10:39:12.774,6.66773,6.66896,1.19,1.19
2014.06.04 10:39:13.814,6.66764,6.66888,1.19,1.19
2014.06.04 10:39:16.802,6.66764,6.66898,1.69,1.19
2014.06.04 10:39:17.806,6.66766,6.669,1.19,1.19
2014.06.04 10:39:18.811,6.66767,6.66901,1.19,1.19
2014.06.04 10:39:19.123,6.66758,6.66867,1.20,1.00
2014.06.04 10:39:19.225,6.66738,6.66867,1.39,1.00
2014.06.04 10:39:19.326,6.66735,6.66847,1.39,1.00
2014.06.04 10:39:19.506,6.66735,6.66847,1.39,1.19
2014.06.04 10:39:20.080,6.66735,6.66837,1.39,1.00
2014.06.04 10:39:20.426,6.66735,6.66827,1.20,1.19
2014.06.04 10:39:20.809,6.66715,6.66827,1.99,1.19
2014.06.04 10:39:21.520,6.66715,6.66818,1.20,1.19
2014.06.04 10:39:22.427,6.66715,6.66819,1.20,1.19
2014.06.04 10:39:23.483,6.66715,6.66816,1.20,1.19
2014.06.04 10:39:24.346,6.66715,6.66818,1.20,1.19
2014.06.04 10:39:25.352,6.66715,6.66818,1.20,1.19
2014.06.04 10:39:28.563,6.66715,6.66817,1.20,1.19
2014.06.04 10:39:29.369,6.66715,6.66817,1.20,1.19
2014.06.04 10:39:30.676,6.66715,6.66815,1.20,1.19
2014.06.04 10:39:31.682,6.66715,6.66818,1.20,1.19
2014.06.04 10:39:33.693,6.66715,6.66816,1.20,1.19
2014.06.04 10:39:36.707,6.66715,6.66816,1.20,1.19
2014.06.04 10:39:38.719,6.66715,6.66817,1.20,1.19
2014.06.04 10:39:41.093,6.66708,6.66817,1.20,1.19
2014.06.04 10:39:41.899,6.66708,6.66819,1.20,1.19
2014.06.04 10:39:43.084,6.66708,6.6682,1.09,1.19
2014.06.04 10:39:45.092,6.66708,6.6682,1.20,1.19
2014.06.04 10:39:46.601,6.66708,6.66809,1.20,1.19
2014.06.04 10:39:48.613,6.66708,6.6681,1.20,1.19
2014.06.04 10:39:49.733,6.66708,6.66822,1.39,1.19
2014.06.04 10:39:50.827,6.66708,6.66821,1.20,1.19
2014.06.04 10:39:51.836,6.66708,6.66817,1.20,1.19
2014.06.04 10:39:52.932,6.66708,6.6682,1.20,1.19
2014.06.04 10:39:53.943,6.66708,6.66826,1.39,1.19
2014.06.04 10:39:54.943,6.66708,6.66828,1.39,1.19
2014.06.04 10:39:58.966,6.66708,6.66829,1.39,1.19
2014.06.04 10:40:00.374,6.66708,6.66828,1.39,1.19
2014.06.04 10:40:01.127,6.66716,6.66828,1.20,1.19
2014.06.04 10:40:01.483,6.66716,6.66825,1.20,1.19
2014.06.04 10:40:02.528,6.66716,6.6683,1.09,1.19
2014.06.04 10:40:03.719,6.66716,6.66822,1.20,1.19
2014.06.04 10:40:04.490,6.66716,6.66827,1.20,1.19
2014.06.04 10:40:05.596,6.66716,6.6682,1.20,1.19
2014.06.04 10:40:07.606,6.66716,6.66819,1.20,1.19
2014.06.04 10:40:09.615,6.66716,6.66831,1.39,1.19
2014.06.04 10:40:11.626,6.66716,6.66834,1.39,1.19
2014.06.04 10:40:13.635,6.66716,6.66826,1.20,1.19
2014.06.04 10:40:15.542,6.66716,6.66825,1.20,1.19
2014.06.04 10:40:16.648,6.66716,6.66828,1.20,1.19
2014.06.04 10:40:19.657,6.66716,6.66829,1.20,1.19
2014.06.04 10:40:20.661,6.66716,6.66837,1.39,1.19
2014.06.04 10:40:21.664,6.66711,6.66838,1.39,1.19
2014.06.04 10:40:22.669,6.66711,6.66837,1.39,1.19
2014.06.04 10:40:24.680,6.66711,6.6684,1.39,1.19
2014.06.04 10:40:25.686,6.66711,6.66838,1.39,1.19
2014.06.04 10:40:27.225,6.66711,6.66817,1.39,1.00
2014.06.04 10:40:27.699,6.66711,6.66817,1.39,1.00
2014.06.04 10:40:27.773,6.66711,6.66827,1.39,1.19
2014.06.04 10:40:28.706,6.66711,6.66827,1.39,1.00
2014.06.04 10:40:29.710,6.66711,6.66827,1.39,1.00
2014.06.04 10:40:30.715,6.66711,6.66827,1.39,1.19
2014.06.04 10:40:31.731,6.66711,6.66827,1.39,1.19
2014.06.04 10:40:32.763,6.66711,6.66827,1.39,1.19
2014.06.04 10:40:36.645,6.66711,6.66827,1.39,1.19
2014.06.04 10:40:37.649,6.66711,6.66827,1.39,1.19
2014.06.04 10:40:37.959,6.66713,6.66847,1.19,1.19
2014.06.04 10:40:38.216,6.66736,6.66849,1.20,1.19
2014.06.04 10:40:39.094,6.66736,6.66837,1.20,1.19
2014.06.04 10:40:39.145,6.66716,6.66837,1.39,1.19
2014.06.04 10:40:41.073,6.66716,6.66834,1.39,1.19
2014.06.04 10:40:42.115,6.66716,6.66834,1.39,1.19
2014.06.04 10:40:44.076,6.66716,6.66834,1.39,1.19
2014.06.04 10:40:45.081,6.66716,6.66837,1.39,1.69
2014.06.04 10:40:46.087,6.66716,6.66837,1.39,1.69
2014.06.04 10:40:48.097,6.66716,6.66836,1.39,1.19
2014.06.04 10:40:49.101,6.66716,6.66836,1.39,1.19
2014.06.04 10:40:50.111,6.66716,6.66835,1.39,1.19
2014.06.04 10:40:51.116,6.66716,6.66837,1.39,1.69
2014.06.04 10:40:52.121,6.66716,6.66837,1.39,1.19
2014.06.04 10:40:53.127,6.66719,6.66837,1.19,1.00
2014.06.04 10:40:54.133,6.66716,6.66837,1.39,1.19
2014.06.04 10:40:56.132,6.66716,6.66837,1.39,1.19
2014.06.04 10:40:57.170,6.66716,6.66844,1.39,1.19
2014.06.04 10:40:58.143,6.66716,6.66845,1.39,1.19
2014.06.04 10:40:59.346,6.66717,6.66844,1.39,1.19
2014.06.04 10:40:59.651,6.66727,6.66862,1.19,1.19
2014.06.04 10:41:00.758,6.66739,6.66858,1.39,1.19
2014.06.04 10:41:01.762,6.66739,6.66857,1.39,1.19
2014.06.04 10:41:02.770,6.66739,6.66857,1.39,1.19
2014.06.04 10:41:03.776,6.66739,6.66857,1.39,1.19
2014.06.04 10:41:04.781,6.66739,6.66857,1.39,1.19
2014.06.04 10:41:05.786,6.66739,6.66857,1.39,1.19
2014.06.04 10:41:06.838,6.66739,6.66857,1.39,1.19
2014.06.04 10:41:08.194,6.66739,6.66867,1.39,1.19
2014.06.04 10:41:10.103,6.66739,6.66867,1.39,1.69
2014.06.04 10:41:11.107,6.66739,6.66867,1.39,1.19
2014.06.04 10:41:12.174,6.66758,6.66867,1.20,1.19
2014.06.04 10:41:13.125,6.66758,6.66867,1.20,1.19
2014.06.04 10:41:14.120,6.66758,6.66867,1.20,1.69
2014.06.04 10:41:17.139,6.66758,6.66864,1.20,1.19
2014.06.04 10:41:20.146,6.66758,6.66867,1.20,1.19
2014.06.04 10:41:21.150,6.66758,6.66867,1.20,1.19
2014.06.04 10:41:23.159,6.66758,6.66865,1.20,1.19
2014.06.04 10:41:24.393,6.66758,6.66873,1.39,1.19
2014.06.04 10:41:25.194,6.66758,6.66876,1.39,1.19
2014.06.04 10:41:26.167,6.66758,6.66876,1.39,1.19
2014.06.04 10:41:27.172,6.66758,6.66876,1.39,1.19
2014.06.04 10:41:30.186,6.66758,6.66877,1.39,1.19
2014.06.04 10:41:31.190,6.66758,6.66877,1.39,1.69
2014.06.04 10:41:33.010,6.66762,6.66877,1.39,1.19
2014.06.04 10:41:35.016,6.66762,6.66877,1.39,1.00
2014.06.04 10:41:36.421,6.66762,6.66867,1.39,1.00
2014.06.04 10:41:37.068,6.66762,6.66867,1.39,1.00
2014.06.04 10:41:38.035,6.66762,6.66867,1.39,1.00
2014.06.04 10:41:42.065,6.66762,6.66867,1.39,1.00
2014.06.04 10:41:42.268,6.66762,6.66867,1.20,1.19
2014.06.04 10:41:42.614,6.66742,6.66866,1.39,1.19
2014.06.04 10:41:42.715,6.66737,6.66847,1.20,1.19
2014.06.04 10:41:42.833,6.66717,6.66847,1.39,1.19
2014.06.04 10:41:43.140,6.66713,6.66829,1.19,1.00
2014.06.04 10:41:44.073,6.66711,6.66829,1.39,1.19
2014.06.04 10:41:45.077,6.66711,6.66829,1.39,1.19
2014.06.04 10:41:45.570,6.66732,6.66829,1.20,1.19
2014.06.04 10:41:46.531,6.66732,6.66829,1.39,1.00
2014.06.04 10:41:47.540,6.66732,6.66829,1.39,1.00
2014.06.04 10:41:49.054,6.66743,6.66829,1.19,1.00
2014.06.04 10:41:49.963,6.66734,6.66829,1.19,1.00
2014.06.04 10:41:50.969,6.66732,6.66829,1.39,1.00
2014.06.04 10:41:52.215,6.66742,6.66829,1.19,1.00
2014.06.04 10:41:56.288,6.66744,6.66829,1.19,1.00
2014.06.04 10:41:59.305,6.66744,6.66829,1.19,1.00
2014.06.04 10:42:00.316,6.66744,6.66829,1.19,1.00
2014.06.04 10:42:01.446,6.6673,6.66829,1.19,1.00
2014.06.04 10:42:02.537,6.6674,6.66829,1.19,1.00
2014.06.04 10:42:03.735,6.66751,6.66829,1.19,1.00
2014.06.04 10:42:04.740,6.66761,6.66829,1.19,1.00
2014.06.04 10:42:05.782,6.66761,6.66829,1.19,1.00
2014.06.04 10:42:06.752,6.66761,6.66829,1.19,1.00
2014.06.04 10:42:09.669,6.66761,6.66829,1.19,1.00
2014.06.04 10:42:11.682,6.66766,6.66829,1.19,1.00
2014.06.04 10:42:12.688,6.66766,6.66829,1.00,1.00
2014.06.04 10:42:13.693,6.66766,6.66829,1.19,1.00
2014.06.04 10:42:15.696,6.66756,6.66829,1.19,1.00
2014.06.04 10:42:16.705,6.66756,6.66829,1.19,1.00
2014.06.04 10:42:18.713,6.66756,6.66829,1.19,1.00
2014.06.04 10:42:19.719,6.66756,6.66829,1.19,1.00
2014.06.04 10:42:24.846,6.66758,6.66829,1.19,1.00
2014.06.04 10:42:26.054,6.66755,6.66829,1.19,1.00
2014.06.04 10:42:27.050,6.66755,6.66829,1.19,1.00
2014.06.04 10:42:28.358,6.66755,6.66829,1.00,1.00
2014.06.04 10:42:38.318,6.66767,6.66829,1.00,1.00
2014.06.04 10:42:43.135,6.66767,6.66878,1.00,1.19
2014.06.04 10:42:46.191,6.66767,6.66876,1.00,1.19
2014.06.04 10:42:48.161,6.66767,6.66877,1.00,1.19
2014.06.04 10:42:51.365,6.66767,6.66868,1.00,1.19
2014.06.04 10:42:52.369,6.66767,6.66869,1.00,1.19
2014.06.04 10:42:54.380,6.66767,6.66868,1.00,1.19
2014.06.04 10:42:56.577,6.66753,6.66869,1.39,1.19
2014.06.04 10:42:58.399,6.66754,6.66868,1.25,1.19
2014.06.04 10:42:58.951,6.6672,6.66847,1.39,1.19
2014.06.04 10:43:00.008,6.6672,6.6684,1.39,1.19
2014.06.04 10:43:01.117,6.6672,6.66838,1.39,1.19
2014.06.04 10:43:02.121,6.66713,6.66845,1.19,1.19
2014.06.04 10:43:03.126,6.66713,6.66847,1.19,1.19
2014.06.04 10:43:05.819,6.66714,6.66848,1.19,1.19
2014.06.04 10:43:06.822,6.66712,6.66846,1.19,1.19
2014.06.04 10:43:09.037,6.66708,6.66842,1.19,1.19
2014.06.04 10:43:10.546,6.66703,6.66832,1.39,1.19
2014.06.04 10:43:11.552,6.66703,6.6683,1.39,1.19
2014.06.04 10:43:12.557,6.66703,6.66822,1.39,1.19
2014.06.04 10:43:13.561,6.66703,6.66818,1.20,1.19
2014.06.04 10:43:14.567,6.66703,6.66821,1.39,1.19
2014.06.04 10:43:17.785,6.66703,6.66824,1.39,1.19
2014.06.04 10:43:18.780,6.6669,6.66809,1.19,1.00
2014.06.04 10:43:19.227,6.66694,6.66809,1.19,1.00
2014.06.04 10:43:19.329,6.6668,6.66809,1.20,1.19
2014.06.04 10:43:19.380,6.66664,6.66797,1.19,1.20
2014.06.04 10:43:19.431,6.66664,6.6679,1.19,1.00
2014.06.04 10:43:19.735,6.66676,6.6679,1.19,1.00
2014.06.04 10:43:20.800,6.66668,6.6679,1.19,1.19
2014.06.04 10:43:22.811,6.66661,6.6679,1.19,1.19
2014.06.04 10:43:25.827,6.66662,6.6679,1.19,1.19
2014.06.04 10:43:27.836,6.66657,6.6679,1.39,1.69
2014.06.04 10:43:28.840,6.66664,6.6679,1.19,1.19
2014.06.04 10:43:29.887,6.66663,6.6679,1.19,1.19
2014.06.04 10:43:30.844,6.66668,6.6679,1.19,1.19
2014.06.04 10:43:31.851,6.66667,6.6679,1.19,1.19
2014.06.04 10:43:32.862,6.66668,6.6679,1.19,1.19
2014.06.04 10:43:33.834,6.66668,6.66764,1.19,1.00
2014.06.04 10:43:33.885,6.66666,6.66764,1.19,1.00
2014.06.04 10:43:34.867,6.66663,6.66764,1.19,1.00
2014.06.04 10:43:35.871,6.66661,6.66764,1.19,1.00
2014.06.04 10:43:36.874,6.66665,6.66764,1.19,1.00
2014.06.04 10:43:37.919,6.66668,6.66764,1.19,1.00
2014.06.04 10:43:40.899,6.66661,6.66764,1.19,1.00
2014.06.04 10:43:41.905,6.6666,6.66764,1.19,1.00
2014.06.04 10:43:42.994,6.66661,6.66764,1.19,1.00
2014.06.04 10:43:43.899,6.66668,6.66764,1.19,1.00
2014.06.04 10:43:44.905,6.6666,6.66764,1.19,1.00
2014.06.04 10:43:46.916,6.66662,6.66764,1.19,1.00
2014.06.04 10:43:49.041,6.66669,6.66764,1.19,1.00
2014.06.04 10:43:50.030,6.6667,6.66764,1.19,1.00
2014.06.04 10:43:51.038,6.66667,6.66764,1.19,1.00
2014.06.04 10:43:52.044,6.66667,6.66764,1.19,1.00
2014.06.04 10:43:53.048,6.66671,6.66764,1.19,1.00
2014.06.04 10:43:54.051,6.66669,6.66764,1.19,1.00
2014.06.04 10:43:55.056,6.66665,6.66764,1.19,1.00
2014.06.04 10:43:56.059,6.66666,6.66764,1.19,1.00
2014.06.04 10:43:57.058,6.66667,6.66764,1.19,1.00
2014.06.04 10:43:58.063,6.66669,6.66764,1.19,1.00
2014.06.04 10:43:59.068,6.66667,6.66764,1.19,1.00
2014.06.04 10:44:00.100,6.66666,6.66764,1.19,1.00
2014.06.04 10:44:01.227,6.66648,6.66728,1.19,1.00
2014.06.04 10:44:02.186,6.66642,6.66728,1.19,1.00
2014.06.04 10:44:03.190,6.66643,6.66728,1.19,1.00
2014.06.04 10:44:04.195,6.66641,6.66728,1.19,1.00
2014.06.04 10:44:04.426,6.66661,6.66728,1.19,1.00
2014.06.04 10:44:05.401,6.66662,6.66728,1.19,1.00
2014.06.04 10:44:06.330,6.66639,6.667,1.20,1.00
2014.06.04 10:44:06.483,6.66604,6.667,1.00,1.00
2014.06.04 10:44:06.533,6.66604,6.6669,1.00,1.00
2014.06.04 10:44:06.584,6.66593,6.6669,1.00,1.00
2014.06.04 10:44:06.736,6.66593,6.66665,1.00,1.00
2014.06.04 10:44:07.576,6.66563,6.66665,1.19,1.00
2014.06.04 10:44:07.626,6.6657,6.66665,1.19,1.00
2014.06.04 10:44:08.618,6.66579,6.66665,1.19,1.00
2014.06.04 10:44:09.629,6.66652,6.66665,1.00,1.00
2014.06.04 10:44:09.680,6.66653,6.66705,1.00,1.00
2014.06.04 10:44:09.882,6.66665,6.66705,1.00,1.00
2014.06.04 10:44:10.541,6.66665,6.66705,1.19,1.00
2014.06.04 10:44:10.867,6.66684,6.66705,1.00,1.00
2014.06.04 10:44:11.198,6.66681,6.66705,1.19,1.00
2014.06.04 10:44:12.049,6.66681,6.66705,1.00,1.00
2014.06.04 10:44:12.349,6.66673,6.66705,1.19,1.00
2014.06.04 10:44:12.503,6.66613,6.66679,1.50,1.00
2014.06.04 10:44:12.658,6.66587,6.6665,1.19,1.00
2014.06.04 10:44:13.362,6.6658,6.6665,1.19,1.00
2014.06.04 10:44:14.207,6.66555,6.6665,1.19,1.00
2014.06.04 10:44:14.376,6.66595,6.6665,1.00,1.00
2014.06.04 10:44:15.286,6.66595,6.6667,1.00,1.00
2014.06.04 10:44:15.337,6.666,6.6667,1.00,1.00
2014.06.04 10:44:16.146,6.66601,6.6667,1.00,1.00
2014.06.04 10:44:16.409,6.66613,6.66689,1.19,1.00
2014.06.04 10:44:16.460,6.6664,6.66689,1.00,1.00
2014.06.04 10:44:16.835,6.66642,6.66689,1.00,1.00
2014.06.04 10:44:17.204,6.6664,6.66689,1.00,1.00
2014.06.04 10:44:17.681,6.6664,6.66689,1.19,1.00
2014.06.04 10:44:17.781,6.6664,6.66689,1.00,1.00
2014.06.04 10:44:19.325,6.66645,6.66689,1.00,1.00
2014.06.04 10:44:19.635,6.6664,6.66689,1.00,1.00
2014.06.04 10:44:20.325,6.66615,6.66689,1.19,1.00
2014.06.04 10:44:21.994,6.66624,6.66689,1.19,1.00
2014.06.04 10:44:22.376,6.66643,6.66689,1.00,1.00
2014.06.04 10:44:22.638,6.6664,6.66689,1.00,1.00
2014.06.04 10:44:22.840,6.66643,6.66689,1.00,1.00
2014.06.04 10:44:23.043,6.66608,6.66689,1.00,1.00
2014.06.04 10:44:26.775,6.66604,6.66689,1.00,1.00
2014.06.04 10:44:27.104,6.66601,6.66689,1.00,1.00
2014.06.04 10:44:31.286,6.66596,6.66689,1.19,1.00
2014.06.04 10:44:31.617,6.66601,6.66689,1.00,1.00
2014.06.04 10:44:34.061,6.66601,6.66689,1.00,1.19
2014.06.04 10:44:34.162,6.66574,6.66689,1.20,1.19
2014.06.04 10:44:34.213,6.66555,6.66689,1.39,1.19
2014.06.04 10:44:34.314,6.66548,6.66615,1.19,1.00
2014.06.04 10:44:35.074,6.66545,6.66615,1.19,1.00
2014.06.04 10:44:36.181,6.66545,6.66615,1.19,1.00
2014.06.04 10:44:37.186,6.66543,6.66615,1.19,1.00
2014.06.04 10:44:38.392,6.6654,6.66615,1.19,1.00
2014.06.04 10:44:40.402,6.6654,6.66615,1.19,1.00
2014.06.04 10:44:41.408,6.6654,6.66615,1.19,1.00
2014.06.04 10:44:42.284,6.66563,6.66615,1.00,1.00
2014.06.04 10:44:47.469,6.66563,6.66615,1.19,1.00
2014.06.04 10:44:49.533,6.66563,6.66615,1.19,1.00
2014.06.04 10:44:50.439,6.66563,6.66615,1.19,1.00
2014.06.04 10:44:53.352,6.66563,6.66615,1.19,1.00
2014.06.04 10:44:54.356,6.66563,6.66615,1.19,1.00
2014.06.04 10:44:55.547,6.66563,6.66644,1.19,1.00
2014.06.04 10:44:56.366,6.66564,6.66644,1.19,1.00
2014.06.04 10:44:57.176,6.66564,6.66644,1.00,1.00
2014.06.04 10:45:27.935,6.66559,6.66644,1.19,1.00
2014.06.04 10:45:28.755,6.66549,6.66644,1.00,1.19
2014.06.04 10:45:28.857,6.66549,6.66621,1.00,1.00
2014.06.04 10:45:28.959,6.6652,6.66621,1.19,1.00
2014.06.04 10:45:29.061,6.6652,6.66621,1.00,1.00
2014.06.04 10:45:29.163,6.66511,6.66621,1.00,1.00
2014.06.04 10:45:29.369,6.66505,6.66621,1.25,1.00
2014.06.04 10:45:29.420,6.66505,6.666,1.25,1.00
2014.06.04 10:45:30.033,6.66505,6.666,1.19,1.00
2014.06.04 10:45:31.141,6.66485,6.666,1.39,1.25
2014.06.04 10:45:31.192,6.66485,6.66578,1.39,1.00
2014.06.04 10:45:32.189,6.66475,6.66578,1.19,1.00
2014.06.04 10:45:33.144,6.66466,6.6656,1.69,1.00
2014.06.04 10:45:33.195,6.66466,6.6656,1.25,1.00
2014.06.04 10:45:34.157,6.66456,6.6656,1.19,1.00
2014.06.04 10:45:35.163,6.66456,6.6656,1.19,1.00
2014.06.04 10:45:36.168,6.66456,6.6656,1.19,1.00
2014.06.04 10:45:39.181,6.66461,6.6656,1.19,1.00
2014.06.04 10:45:40.280,6.66464,6.6656,1.19,1.00
2014.06.04 10:45:41.185,6.66462,6.6656,1.19,1.00
2014.06.04 10:45:42.488,6.66456,6.6656,1.19,1.00
2014.06.04 10:45:43.493,6.66456,6.6656,1.19,1.00
2014.06.04 10:45:45.804,6.66456,6.6656,1.19,1.00
2014.06.04 10:45:46.811,6.66452,6.6656,1.19,1.00
2014.06.04 10:45:48.120,6.66452,6.6656,1.19,1.00
2014.06.04 10:45:48.424,6.66449,6.6654,1.19,1.00
2014.06.04 10:45:49.124,6.66441,6.6654,1.19,1.00
2014.06.04 10:45:50.130,6.66441,6.6654,1.19,1.00
2014.06.04 10:45:51.196,6.66447,6.6654,1.19,1.00
2014.06.04 10:45:51.500,6.6646,6.6654,1.19,1.00
2014.06.04 10:45:52.546,6.6646,6.6654,1.19,1.00
2014.06.04 10:45:53.551,6.6646,6.6654,1.19,1.00
2014.06.04 10:45:54.558,6.6646,6.6654,1.19,1.00
2014.06.04 10:45:55.562,6.6646,6.6654,1.19,1.00
2014.06.04 10:45:55.613,6.6646,6.6656,1.19,1.00
2014.06.04 10:45:57.572,6.6646,6.6656,1.19,1.00
2014.06.04 10:45:58.578,6.6646,6.6656,1.19,1.00
2014.06.04 10:45:59.581,6.6646,6.6656,1.19,1.00
2014.06.04 10:46:00.586,6.6646,6.6656,1.19,1.00
2014.06.04 10:46:01.593,6.6646,6.6656,1.19,1.00
2014.06.04 10:46:02.597,6.6646,6.6656,1.19,1.00
2014.06.04 10:46:03.641,6.6646,6.6656,1.19,1.00
2014.06.04 10:46:04.606,6.6646,6.6656,1.19,1.00
2014.06.04 10:46:05.640,6.6646,6.6656,1.19,1.00
2014.06.04 10:46:06.644,6.6646,6.6656,1.19,1.00
2014.06.04 10:46:07.678,6.6646,6.6656,1.19,1.00
2014.06.04 10:46:07.847,6.6647,6.6656,1.00,1.00
2014.06.04 10:46:08.651,6.6647,6.6656,1.19,1.00
2014.06.04 10:46:09.688,6.6647,6.6656,1.19,1.00
2014.06.04 10:46:10.662,6.6647,6.6656,1.19,1.00
2014.06.04 10:46:11.670,6.66475,6.6656,1.19,1.00
2014.06.04 10:46:12.725,6.6648,6.6656,1.19,1.00
2014.06.04 10:46:13.693,6.6648,6.6656,1.19,1.00
2014.06.04 10:46:15.698,6.6648,6.6656,1.19,1.00
2014.06.04 10:46:17.736,6.6648,6.6656,1.19,1.00
2014.06.04 10:46:18.128,6.66499,6.66605,1.19,1.00
2014.06.04 10:46:18.429,6.66519,6.66605,1.00,1.00
2014.06.04 10:46:18.782,6.66523,6.66605,1.00,1.00
2014.06.04 10:46:19.271,6.66523,6.66605,1.19,1.00
2014.06.04 10:46:21.250,6.66523,6.66605,1.19,1.00
2014.06.04 10:46:22.255,6.66523,6.66605,1.19,1.00
2014.06.04 10:46:23.248,6.66523,6.66605,1.19,1.00
2014.06.04 10:46:24.253,6.66523,6.66605,1.19,1.00
2014.06.04 10:46:25.262,6.66523,6.66605,1.19,1.00
2014.06.04 10:46:25.927,6.66523,6.66627,1.19,1.20
2014.06.04 10:46:26.264,6.66523,6.66627,1.19,1.20
2014.06.04 10:46:27.269,6.66523,6.66627,1.19,1.20
2014.06.04 10:46:28.274,6.66523,6.66627,1.19,1.20
2014.06.04 10:46:29.280,6.66524,6.66627,1.19,1.20
2014.06.04 10:46:30.140,6.66524,6.66644,1.19,1.00
2014.06.04 10:46:30.335,6.66529,6.66618,1.19,1.20
2014.06.04 10:46:30.436,6.66529,6.66618,1.19,1.20
2014.06.04 10:46:30.790,6.66505,6.66618,1.19,1.20
2014.06.04 10:46:31.526,6.66499,6.66617,1.19,1.20
2014.06.04 10:46:31.577,6.66499,6.66598,1.19,1.20
2014.06.04 10:46:31.832,6.66489,6.66598,1.19,1.39
2014.06.04 10:46:32.703,6.66489,6.66598,1.19,1.39
2014.06.04 10:46:34.026,6.66484,6.66598,1.19,1.39
2014.06.04 10:46:34.789,6.66484,6.66598,1.19,1.84
2014.06.04 10:46:35.795,6.66484,6.66598,1.19,1.39
2014.06.04 10:46:36.800,6.66484,6.66598,1.19,1.39
2014.06.04 10:46:37.805,6.66484,6.66598,1.19,1.09
2014.06.04 10:46:38.810,6.66484,6.66598,1.19,1.20
2014.06.04 10:46:39.814,6.66484,6.66598,1.19,1.09
2014.06.04 10:46:40.834,6.66489,6.66598,1.19,1.20
2014.06.04 10:46:42.228,6.6649,6.66598,1.19,1.20
2014.06.04 10:46:42.481,6.66506,6.66615,1.00,1.19
2014.06.04 10:46:43.232,6.66506,6.66624,1.19,1.19
2014.06.04 10:46:44.236,6.66506,6.66629,1.19,1.19
2014.06.04 10:46:44.834,6.66506,6.66618,1.19,1.20
2014.06.04 10:46:45.159,6.66504,6.66598,1.00,1.20
2014.06.04 10:46:45.260,6.66479,6.66598,1.19,1.20
2014.06.04 10:46:45.519,6.66471,6.66589,1.19,1.00
2014.06.04 10:46:46.243,6.66465,6.66585,1.19,1.19
2014.06.04 10:46:46.996,6.66465,6.66582,1.19,1.19
2014.06.04 10:46:49.060,6.66465,6.66585,1.19,1.19
2014.06.04 10:46:50.410,6.6647,6.66589,1.19,1.00
2014.06.04 10:46:50.461,6.6647,6.66598,1.19,1.20
2014.06.04 10:46:50.612,6.66479,6.66598,1.19,1.20
2014.06.04 10:46:50.663,6.66479,6.6661,1.19,1.19
2014.06.04 10:46:51.230,6.66481,6.66592,1.00,1.19
2014.06.04 10:46:51.433,6.6647,6.66592,1.19,1.19
2014.06.04 10:46:52.288,6.6647,6.66582,1.00,1.19
2014.06.04 10:46:53.291,6.6647,6.66587,1.19,1.19
2014.06.04 10:46:55.345,6.66471,6.66588,1.19,1.19
2014.06.04 10:46:56.499,6.66471,6.6659,1.19,1.19
2014.06.04 10:46:59.322,6.66471,6.6659,1.19,1.19
2014.06.04 10:47:00.324,6.66471,6.66589,1.19,1.19
2014.06.04 10:47:01.024,6.66475,6.66603,1.19,1.20
2014.06.04 10:47:02.030,6.66482,6.66603,1.19,1.20
2014.06.04 10:47:03.034,6.66482,6.66603,1.19,1.20
2014.06.04 10:47:04.037,6.66478,6.66603,1.19,1.39
2014.06.04 10:47:04.794,6.66478,6.66528,1.19,1.20
2014.06.04 10:47:04.845,6.66469,6.66528,1.19,1.20
2014.06.04 10:47:04.896,6.66469,6.66548,1.19,1.20
2014.06.04 10:47:04.947,6.66469,6.6658,1.19,1.00
2014.06.04 10:47:05.048,6.66469,6.6659,1.19,1.39
2014.06.04 10:47:05.848,6.66469,6.66585,1.19,1.19
2014.06.04 10:47:06.853,6.66469,6.66585,1.19,1.19
2014.06.04 10:47:07.687,6.66472,6.6659,1.19,1.20
2014.06.04 10:47:07.739,6.66472,6.66599,1.19,1.19
2014.06.04 10:47:08.853,6.66484,6.66599,1.19,1.00
2014.06.04 10:47:10.661,6.66484,6.66599,1.69,1.00
2014.06.04 10:47:11.025,6.66484,6.66615,1.69,1.39
2014.06.04 10:47:11.667,6.66487,6.66615,1.19,1.39
2014.06.04 10:47:12.673,6.66488,6.66615,1.19,1.39
2014.06.04 10:47:15.490,6.66503,6.66615,1.19,1.20
2014.06.04 10:47:16.496,6.66503,6.66615,1.19,1.20
2014.06.04 10:47:17.611,6.66503,6.66615,1.19,1.20
2014.06.04 10:47:18.631,6.665,6.66615,1.19,1.20
2014.06.04 10:47:20.774,6.66501,6.66619,1.19,1.00
2014.06.04 10:47:20.825,6.66502,6.66619,1.19,1.00
2014.06.04 10:47:21.576,6.66502,6.66636,1.19,1.69
2014.06.04 10:47:21.626,6.66505,6.66636,1.19,1.19
2014.06.04 10:47:22.622,6.66511,6.66636,1.19,1.19
2014.06.04 10:47:23.625,6.66512,6.66636,1.19,1.25
2014.06.04 10:47:24.631,6.66511,6.66636,1.19,1.19
2014.06.04 10:47:25.738,6.66514,6.66636,1.19,1.00
2014.06.04 10:47:26.645,6.66507,6.66636,1.19,1.19
2014.06.04 10:47:27.695,6.6651,6.66636,1.19,1.19
2014.06.04 10:47:28.655,6.66506,6.66636,1.19,1.19
2014.06.04 10:47:29.660,6.66509,6.66636,1.19,1.19
2014.06.04 10:47:30.714,6.66505,6.66636,1.19,1.19
2014.06.04 10:47:31.672,6.66504,6.66636,1.19,1.19
2014.06.04 10:47:33.772,6.66505,6.66636,1.19,1.19
2014.06.04 10:47:34.677,6.66504,6.66636,1.19,1.19
2014.06.04 10:47:35.683,6.665,6.66632,1.19,1.19
2014.06.04 10:47:37.692,6.665,6.66633,1.19,1.19
2014.06.04 10:47:37.826,6.665,6.66615,1.00,1.19
2014.06.04 10:47:37.927,6.665,6.66593,1.00,1.19
2014.06.04 10:47:37.978,6.66492,6.66593,1.00,1.19
2014.06.04 10:47:38.196,6.66471,6.66587,1.00,1.25
2014.06.04 10:47:38.399,6.66474,6.66587,1.00,1.25
2014.06.04 10:47:38.662,6.66463,6.66587,1.00,1.25
2014.06.04 10:47:38.764,6.66463,6.66572,1.00,1.20
2014.06.04 10:47:38.967,6.66423,6.66551,1.19,1.20
2014.06.04 10:47:39.019,6.66423,6.6653,1.19,1.20
2014.06.04 10:47:39.322,6.66423,6.66551,1.19,1.20
2014.06.04 10:47:39.625,6.66439,6.66551,1.00,1.20
2014.06.04 10:47:40.414,6.66439,6.66551,1.19,1.39
2014.06.04 10:47:41.721,6.66415,6.66547,1.19,1.19
2014.06.04 10:47:46.748,6.66413,6.66547,1.69,1.19
2014.06.04 10:47:48.058,6.66428,6.66551,1.19,1.20
2014.06.04 10:47:48.435,6.66435,6.66551,1.19,1.20
2014.06.04 10:47:49.063,6.66439,6.66551,1.19,1.20
2014.06.04 10:47:50.169,6.66447,6.66551,1.19,1.20
2014.06.04 10:47:51.176,6.66449,6.66551,1.19,1.20
2014.06.04 10:47:52.305,6.66449,6.6656,1.19,1.00
2014.06.04 10:47:52.406,6.66458,6.6656,1.19,1.00
2014.06.04 10:47:53.384,6.66462,6.6656,1.19,1.00
2014.06.04 10:47:55.198,6.66478,6.6656,1.19,1.00
2014.06.04 10:47:55.395,6.66432,6.6656,1.39,1.00
2014.06.04 10:47:55.749,6.66432,6.66567,1.39,1.50
2014.06.04 10:47:55.800,6.66432,6.66577,1.39,2.04
2014.06.04 10:47:55.851,6.66443,6.66575,1.19,1.19
2014.06.04 10:47:56.809,6.66451,6.66585,1.19,1.19
2014.06.04 10:47:57.815,6.66449,6.66583,1.19,1.19
2014.06.04 10:47:59.253,6.66434,6.66564,1.39,1.19
2014.06.04 10:48:00.432,6.66434,6.66567,1.39,1.19
2014.06.04 10:48:02.573,6.66454,6.66577,1.19,1.50
2014.06.04 10:48:03.357,6.66434,6.66567,1.39,1.19
2014.06.04 10:48:03.407,6.66449,6.66567,1.00,1.19
2014.06.04 10:48:04.146,6.66444,6.66567,1.19,1.19
2014.06.04 10:48:04.348,6.66444,6.66566,1.19,1.19
2014.06.04 10:48:05.354,6.66444,6.66567,1.19,3.19
2014.06.04 10:48:05.833,6.66434,6.66547,1.39,1.00
2014.06.04 10:48:06.032,6.66433,6.66567,1.19,3.19
2014.06.04 10:48:06.977,6.66443,6.6656,1.19,1.19
2014.06.04 10:48:07.793,6.66428,6.66547,1.19,1.00
2014.06.04 10:48:07.970,6.66417,6.66547,1.19,1.19
2014.06.04 10:48:08.137,6.66443,6.66551,1.00,1.19
2014.06.04 10:48:09.177,6.66443,6.66557,1.19,1.19
2014.06.04 10:48:10.052,6.66443,6.66547,1.19,1.00
2014.06.04 10:48:10.281,6.66419,6.66547,1.19,1.19
2014.06.04 10:48:10.331,6.66443,6.66547,1.00,1.19
2014.06.04 10:48:11.283,6.66419,6.66553,1.19,1.19
2014.06.04 10:48:11.386,6.66416,6.66546,1.84,1.19
2014.06.04 10:48:11.775,6.66443,6.6655,1.00,1.19
2014.06.04 10:48:12.693,6.66443,6.66557,1.19,1.19
2014.06.04 10:48:13.586,6.66443,6.66547,1.19,1.00
2014.06.04 10:48:13.780,6.66416,6.66547,1.39,1.19
2014.06.04 10:48:13.831,6.66442,6.66549,1.00,1.19
2014.06.04 10:48:14.897,6.66442,6.66556,1.19,1.19
2014.06.04 10:48:15.896,6.66442,6.66547,1.19,1.00
2014.06.04 10:48:16.033,6.66416,6.66547,1.84,1.19
2014.06.04 10:48:16.232,6.66442,6.6655,1.00,1.19
2014.06.04 10:48:17.000,6.66442,6.66557,1.19,1.19
2014.06.04 10:48:18.006,6.66442,6.66557,1.19,1.19
2014.06.04 10:48:18.542,6.66442,6.66546,1.19,1.00
2014.06.04 10:48:18.646,6.66442,6.66557,1.19,1.19
2014.06.04 10:48:19.012,6.66442,6.66557,1.00,1.19
2014.06.04 10:48:19.355,6.66431,6.66537,1.00,1.19
2014.06.04 10:48:19.760,6.66431,6.66517,1.00,1.00
2014.06.04 10:48:20.114,6.66401,6.66517,1.69,1.00
2014.06.04 10:48:20.394,6.66401,6.66527,1.69,2.44
2014.06.04 10:48:20.447,6.66401,6.66527,1.19,1.19
2014.06.04 10:48:21.231,6.664,6.66517,1.19,1.00
2014.06.04 10:48:21.633,6.66397,6.66517,1.19,1.00
2014.06.04 10:48:23.059,6.66397,6.66526,1.19,1.19
2014.06.04 10:48:23.645,6.66401,6.66526,1.19,1.19
2014.06.04 10:48:24.614,6.66403,6.66526,1.19,1.19
2014.06.04 10:48:25.172,6.66403,6.66517,1.19,1.00
2014.06.04 10:48:25.343,6.66403,6.66527,1.19,1.19
2014.06.04 10:48:25.453,6.66403,6.66517,1.19,1.00
2014.06.04 10:48:25.655,6.66391,6.66517,1.19,1.19
2014.06.04 10:48:26.929,6.66403,6.66517,1.19,1.00
2014.06.04 10:48:27.935,6.66403,6.66517,1.19,1.00
2014.06.04 10:48:28.945,6.66379,6.66516,1.19,1.19
2014.06.04 10:48:29.003,6.66379,6.66477,1.19,1.00
2014.06.04 10:48:29.054,6.66354,6.66477,1.19,1.00
2014.06.04 10:48:29.307,6.66354,6.66467,1.19,1.00
2014.06.04 10:48:29.409,6.66354,6.6648,1.19,1.20
2014.06.04 10:48:29.460,6.66377,6.6648,1.19,1.20
2014.06.04 10:48:29.562,6.66377,6.66497,1.19,1.20
2014.06.04 10:48:29.664,6.66377,6.66507,1.69,1.19
2014.06.04 10:48:30.861,6.6638,6.66514,1.19,1.19
2014.06.04 10:48:31.866,6.66375,6.66509,1.19,1.19
2014.06.04 10:48:32.870,6.66375,6.66509,1.19,1.19
2014.06.04 10:48:33.947,6.66367,6.66501,1.19,1.19
2014.06.04 10:48:35.087,6.66363,6.66497,1.84,1.19
2014.06.04 10:48:36.304,6.66365,6.66499,1.19,1.19
2014.06.04 10:48:37.361,6.66363,6.66495,1.39,1.19
2014.06.04 10:48:38.014,6.66361,6.66477,1.19,1.00
2014.06.04 10:48:38.115,6.66343,6.66467,1.20,1.19
2014.06.04 10:48:38.166,6.66341,6.66467,1.00,1.19
2014.06.04 10:48:38.217,6.66322,6.66447,1.39,1.19
2014.06.04 10:48:38.520,6.66301,6.66435,1.84,1.19
2014.06.04 10:48:39.784,6.66316,6.66447,1.19,1.19
2014.06.04 10:48:40.689,6.66319,6.66447,1.19,1.19
2014.06.04 10:48:41.641,6.66339,6.66466,1.19,1.19
2014.06.04 10:48:42.797,6.66339,6.66471,1.19,1.19
2014.06.04 10:48:43.307,6.66339,6.66457,1.19,1.00
2014.06.04 10:48:43.623,6.66336,6.66457,1.19,1.19
2014.06.04 10:48:44.607,6.66334,6.66457,1.19,1.19
2014.06.04 10:48:44.759,6.66334,6.66436,1.19,1.00
2014.06.04 10:48:44.811,6.66328,6.66436,1.20,1.00
2014.06.04 10:48:44.913,6.66314,6.66447,1.19,1.19
2014.06.04 10:48:44.964,6.66309,6.66427,1.39,1.00
2014.06.04 10:48:45.312,6.66309,6.66417,1.39,1.00
2014.06.04 10:48:45.918,6.66302,6.66417,1.19,1.00
2014.06.04 10:48:46.385,6.66302,6.66427,1.19,1.19
2014.06.04 10:48:46.923,6.66301,6.66427,1.19,1.19
2014.06.04 10:48:47.928,6.66299,6.66427,1.19,1.19
2014.06.04 10:48:49.135,6.66289,6.66422,1.39,1.19
2014.06.04 10:48:50.240,6.66289,6.66411,1.39,1.19
2014.06.04 10:48:50.462,6.66298,6.66433,1.19,1.19
2014.06.04 10:48:51.950,6.66305,6.66439,1.19,1.19
2014.06.04 10:48:52.958,6.66298,6.66432,1.19,1.19
2014.06.04 10:48:55.937,6.66321,6.66447,1.19,1.19
2014.06.04 10:48:56.576,6.66321,6.66437,1.19,1.00
2014.06.04 10:48:57.016,6.66321,6.66448,1.19,1.39
2014.06.04 10:48:57.067,6.66324,6.66448,1.19,1.39
2014.06.04 10:48:57.882,6.66345,6.66448,1.19,1.20
2014.06.04 10:48:58.085,6.66368,6.66469,1.19,1.00
2014.06.04 10:48:58.338,6.66368,6.66491,1.19,1.00
2014.06.04 10:48:58.969,6.66376,6.66491,1.19,1.00
2014.06.04 10:48:59.808,6.66348,6.66477,1.19,1.19
2014.06.04 10:49:00.019,6.66348,6.66466,1.19,1.00
2014.06.04 10:49:00.085,6.66327,6.66463,1.19,1.19
2014.06.04 10:49:00.453,6.66327,6.6645,1.19,1.00
2014.06.04 10:49:00.503,6.66304,6.66441,1.19,1.19
2014.06.04 10:49:00.706,6.66283,6.6642,1.69,1.19
2014.06.04 10:49:00.760,6.66283,6.66405,1.69,1.20
2014.06.04 10:49:00.817,6.66283,6.66399,1.00,1.19
2014.06.04 10:49:00.918,6.66276,6.66387,1.19,1.00
2014.06.04 10:49:01.303,6.66262,6.66383,1.19,1.20
2014.06.04 10:49:01.899,6.66263,6.66383,1.19,1.20
2014.06.04 10:49:02.898,6.66253,6.66383,1.19,1.39
2014.06.04 10:49:03.252,6.66231,6.66366,1.19,1.19
2014.06.04 10:49:04.313,6.6623,6.66352,1.19,1.19
2014.06.04 10:49:05.367,6.66226,6.66352,1.19,1.19
2014.06.04 10:49:06.334,6.66222,6.66352,1.19,1.19
2014.06.04 10:49:07.322,6.66221,6.66352,1.19,1.19
2014.06.04 10:49:08.330,6.66219,6.66352,1.19,1.19
2014.06.04 10:49:09.339,6.66217,6.66351,1.19,1.19
2014.06.04 10:49:09.781,6.66237,6.66352,1.19,1.00
2014.06.04 10:49:09.882,6.66217,6.66352,1.19,1.69
2014.06.04 10:49:10.851,6.66211,6.66345,1.19,1.19
2014.06.04 10:49:11.857,6.66216,6.66348,1.19,1.19
2014.06.04 10:49:12.975,6.66218,6.66352,1.19,1.69
2014.06.04 10:49:13.962,6.66218,6.6635,1.19,1.19
2014.06.04 10:49:14.363,6.66201,6.6633,1.39,1.19
2014.06.04 10:49:14.670,6.66193,6.66314,1.19,1.20
2014.06.04 10:49:14.721,6.66168,6.66308,1.19,1.19
2014.06.04 10:49:15.678,6.66184,6.66312,1.19,1.19
2014.06.04 10:49:16.683,6.66187,6.66312,1.19,1.19
2014.06.04 10:49:17.729,6.66189,6.66312,1.19,1.19
2014.06.04 10:49:18.709,6.66205,6.66312,1.19,1.00
2014.06.04 10:49:19.801,6.66211,6.66312,1.19,1.00
2014.06.04 10:49:20.808,6.66215,6.66312,1.19,1.00
2014.06.04 10:49:21.957,6.66219,6.66314,1.19,1.20
2014.06.04 10:49:22.260,6.6624,6.66331,1.19,1.00
2014.06.04 10:49:22.311,6.6624,6.66347,1.19,1.20
2014.06.04 10:49:22.362,6.6624,6.66352,1.19,1.00
2014.06.04 10:49:22.413,6.6624,6.66366,1.19,1.39
2014.06.04 10:49:22.463,6.66265,6.66366,1.19,1.20
2014.06.04 10:49:22.514,6.66265,6.66371,1.19,1.00
2014.06.04 10:49:22.565,6.66284,6.66371,1.19,1.00
2014.06.04 10:49:22.666,6.66263,6.66371,1.19,1.00
2014.06.04 10:49:23.623,6.66249,6.66371,1.39,1.19
2014.06.04 10:49:24.139,6.66242,6.66367,1.19,1.00
2014.06.04 10:49:24.842,6.66227,6.66361,1.19,1.19
2014.06.04 10:49:25.846,6.66228,6.66362,1.19,1.19
2014.06.04 10:49:26.850,6.66235,6.66367,1.19,1.84
2014.06.04 10:49:27.854,6.66236,6.66367,1.19,1.84
2014.06.04 10:49:28.859,6.66237,6.66367,1.19,1.84
2014.06.04 10:49:29.866,6.66255,6.66366,1.19,1.00
2014.06.04 10:49:31.021,6.66255,6.66366,1.19,1.00
2014.06.04 10:49:31.248,6.6623,6.66353,1.19,1.00
2014.06.04 10:49:31.299,6.6623,6.66337,1.19,1.20
2014.06.04 10:49:31.552,6.66183,6.66316,1.19,1.20
2014.06.04 10:49:32.541,6.66177,6.66311,1.19,1.19
2014.06.04 10:49:33.217,6.66197,6.66316,1.19,1.20
2014.06.04 10:49:33.268,6.66197,6.66333,1.19,1.69
2014.06.04 10:49:34.181,6.66192,6.6632,1.19,1.39
2014.06.04 10:49:35.193,6.66185,6.66319,1.19,1.19
2014.06.04 10:49:36.367,6.6618,6.66314,1.19,1.19
2014.06.04 10:49:37.170,6.66184,6.66317,1.19,1.19
2014.06.04 10:49:38.178,6.66183,6.66317,1.19,1.69
2014.06.04 10:49:38.330,6.66203,6.6632,1.19,1.20
2014.06.04 10:49:38.381,6.66207,6.66333,1.39,1.00
2014.06.04 10:49:38.432,6.66231,6.66333,1.00,1.00
2014.06.04 10:49:38.482,6.66231,6.66354,1.00,1.00
2014.06.04 10:49:39.386,6.6624,6.66354,1.19,1.00
2014.06.04 10:49:40.795,6.66231,6.66354,1.19,1.19
2014.06.04 10:49:41.805,6.66232,6.66354,1.19,1.19
2014.06.04 10:49:42.811,6.66231,6.66354,1.19,1.19
2014.06.04 10:49:43.817,6.66231,6.66354,1.19,1.19
2014.06.04 10:49:44.926,6.66251,6.66359,1.00,1.19
2014.06.04 10:49:44.977,6.66251,6.66371,1.19,1.19
2014.06.04 10:49:45.129,6.66258,6.66374,1.19,1.00
2014.06.04 10:49:46.190,6.66254,6.66374,1.19,1.19
2014.06.04 10:49:48.093,6.66254,6.66373,1.19,1.19
2014.06.04 10:49:48.433,6.66243,6.66364,1.19,1.19
2014.06.04 10:49:49.305,6.66233,6.6635,1.19,1.19
2014.06.04 10:49:50.413,6.66227,6.66349,1.19,1.19
2014.06.04 10:49:51.422,6.66227,6.66346,1.19,1.19
2014.06.04 10:49:52.426,6.66227,6.6635,1.19,1.19
2014.06.04 10:49:53.439,6.66227,6.66348,1.19,1.19
2014.06.04 10:49:54.425,6.66227,6.66348,1.19,1.19
2014.06.04 10:49:55.431,6.66227,6.66344,1.19,1.19
2014.06.04 10:49:56.439,6.66227,6.66342,1.19,1.19
2014.06.04 10:49:57.442,6.66227,6.66344,1.19,1.19
2014.06.04 10:49:58.096,6.66232,6.66344,1.00,1.19
2014.06.04 10:49:58.962,6.66232,6.66351,1.19,1.19
2014.06.04 10:49:59.862,6.6623,6.66348,1.19,1.19
2014.06.04 10:50:01.888,6.6623,6.66352,1.19,1.19
2014.06.04 10:50:03.887,6.66235,6.6635,1.19,1.19
2014.06.04 10:50:04.985,6.66235,6.66345,1.00,1.19
2014.06.04 10:50:08.046,6.66229,6.66344,1.19,1.19
2014.06.04 10:50:08.147,6.66229,6.66324,1.00,1.19
2014.06.04 10:50:08.252,6.66209,6.66324,1.25,1.19
2014.06.04 10:50:08.464,6.66214,6.66324,1.00,1.19
2014.06.04 10:50:10.329,6.66214,6.66331,1.19,1.19
2014.06.04 10:50:11.333,6.66214,6.66334,1.19,1.19
2014.06.04 10:50:12.339,6.66214,6.66332,1.19,1.19
2014.06.04 10:50:13.344,6.66214,6.66331,1.19,1.19
2014.06.04 10:50:14.338,6.66214,6.66333,1.19,1.19
2014.06.04 10:50:16.347,6.66214,6.66334,1.19,1.19
2014.06.04 10:50:16.855,6.66214,6.66317,1.19,1.00
2014.06.04 10:50:17.059,6.66204,6.66314,1.00,1.19
2014.06.04 10:50:17.291,6.66194,6.66314,1.19,1.19
2014.06.04 10:50:17.960,6.66194,6.66308,1.00,1.19
2014.06.04 10:50:20.020,6.66194,6.66307,1.00,1.19
2014.06.04 10:50:21.583,6.66194,6.66304,1.00,1.19
2014.06.04 10:50:23.592,6.66194,6.66302,1.00,1.19
2014.06.04 10:50:24.596,6.66194,6.66304,1.00,1.19
2014.06.04 10:50:26.423,6.66194,6.66317,1.19,1.19
2014.06.04 10:50:26.832,6.66213,6.66319,1.00,1.19
2014.06.04 10:50:27.605,6.66213,6.6633,1.19,1.19
2014.06.04 10:50:28.591,6.66194,6.66309,1.00,1.19
2014.06.04 10:50:29.651,6.66194,6.66317,1.19,1.19
2014.06.04 10:50:31.636,6.66194,6.66315,1.19,1.19
2014.06.04 10:50:32.644,6.66195,6.66322,1.19,1.39
2014.06.04 10:50:33.152,6.66206,6.66335,1.19,1.19
2014.06.04 10:50:34.151,6.66213,6.66335,1.19,1.19
2014.06.04 10:50:35.279,6.66203,6.66335,1.19,1.69
2014.06.04 10:50:36.327,6.66203,6.66335,1.19,1.19
2014.06.04 10:50:37.293,6.66213,6.66335,1.19,1.19
2014.06.04 10:50:39.344,6.66228,6.66335,1.19,1.00
2014.06.04 10:50:39.446,6.66247,6.66346,1.00,1.20
2014.06.04 10:50:39.597,6.66267,6.66346,1.00,1.20
2014.06.04 10:50:39.648,6.66267,6.66378,1.19,1.00
2014.06.04 10:50:40.172,6.66272,6.66394,1.19,1.19
2014.06.04 10:50:40.872,6.66272,6.66397,1.19,1.19
2014.06.04 10:50:43.157,6.66272,6.66397,1.19,1.19
2014.06.04 10:50:43.554,6.66282,6.66397,1.00,1.19
2014.06.04 10:50:43.908,6.66291,6.66397,1.00,1.19
2014.06.04 10:50:44.144,6.66291,6.66397,1.19,1.00
2014.06.04 10:50:44.365,6.66291,6.66415,1.19,1.19
2014.06.04 10:50:45.142,6.66291,6.66421,1.19,1.19
2014.06.04 10:50:46.147,6.66302,6.66423,1.19,1.69
2014.06.04 10:50:47.054,6.66302,6.66423,1.19,1.19
2014.06.04 10:50:48.065,6.66302,6.66423,1.19,1.19
2014.06.04 10:50:48.579,6.66306,6.66423,1.00,1.19
2014.06.04 10:50:48.929,6.66316,6.66423,1.19,1.00
2014.06.04 10:50:49.030,6.66316,6.66441,1.19,1.19
2014.06.04 10:50:49.402,6.66374,6.66454,1.00,1.09
2014.06.04 10:50:49.933,6.66379,6.66467,1.00,1.00
2014.06.04 10:50:51.571,6.66379,6.66456,1.00,1.00
2014.06.04 10:50:51.952,6.66383,6.66457,1.00,1.00
2014.06.04 10:50:52.164,6.6636,6.66437,1.00,1.00
2014.06.04 10:50:52.366,6.66365,6.66427,1.00,1.00
2014.06.04 10:50:52.806,6.66365,6.66437,1.00,1.00
2014.06.04 10:50:52.907,6.66365,6.66447,1.00,1.00
2014.06.04 10:50:53.123,6.66364,6.66437,1.00,1.00
2014.06.04 10:50:53.376,6.66354,6.66437,1.00,1.00
2014.06.04 10:50:53.578,6.66359,6.66437,1.00,1.00
2014.06.04 10:50:53.994,6.66359,6.66446,1.00,1.00
2014.06.04 10:50:54.045,6.66368,6.66446,1.00,1.00
2014.06.04 10:50:54.543,6.66368,6.66437,1.00,1.00
2014.06.04 10:50:55.751,6.66368,6.66447,1.00,1.00
2014.06.04 10:50:55.903,6.66368,6.66467,1.00,1.25
2014.06.04 10:50:56.067,6.66383,6.66467,1.00,1.25
2014.06.04 10:50:59.061,6.66384,6.66467,1.00,1.00
2014.06.04 10:50:59.435,6.66384,6.66467,1.00,1.19
2014.06.04 10:50:59.741,6.66352,6.66427,1.19,1.00
2014.06.04 10:51:00.705,6.66353,6.66417,1.25,1.00
2014.06.04 10:51:03.141,6.66353,6.66427,1.00,1.00
2014.06.04 10:51:05.110,6.66353,6.66437,1.00,1.00
2014.06.04 10:51:05.262,6.66355,6.66437,1.00,1.00
2014.06.04 10:51:05.696,6.66357,6.66467,1.00,1.19
2014.06.04 10:51:06.067,6.66357,6.66467,1.19,1.00
2014.06.04 10:51:06.972,6.66357,6.66467,1.19,1.00
2014.06.04 10:51:08.987,6.66357,6.66467,1.19,1.00
2014.06.04 10:51:09.994,6.66357,6.66467,1.19,1.00
2014.06.04 10:51:10.045,6.66357,6.66477,1.19,1.19
2014.06.04 10:51:10.407,6.66357,6.66467,1.19,1.00
2014.06.04 10:51:10.720,6.66352,6.66457,1.00,1.19
2014.06.04 10:51:10.867,6.66335,6.66457,1.19,1.19
2014.06.04 10:51:10.918,6.66335,6.66437,1.19,1.00
2014.06.04 10:51:11.073,6.66319,6.66437,1.19,1.25
2014.06.04 10:51:12.130,6.66307,6.66427,1.19,1.00
2014.06.04 10:51:12.546,6.66307,6.66421,1.19,1.20
2014.06.04 10:51:12.882,6.66307,6.66417,1.19,1.00
2014.06.04 10:51:13.321,6.66307,6.66401,1.19,1.20
2014.06.04 10:51:13.552,6.66295,6.66401,1.19,1.20
2014.06.04 10:51:14.264,6.66289,6.66401,1.00,1.39
2014.06.04 10:51:14.367,6.66289,6.66387,1.00,1.00
2014.06.04 10:51:14.686,6.66266,6.66356,1.00,1.00
2014.06.04 10:51:14.835,6.66251,6.66356,1.19,1.00
2014.06.04 10:51:14.886,6.66251,6.66367,1.19,1.00
2014.06.04 10:51:15.770,6.66257,6.66367,1.19,1.00
2014.06.04 10:51:17.780,6.66256,6.66367,1.19,1.00
2014.06.04 10:51:18.625,6.66256,6.66377,1.19,1.19
2014.06.04 10:51:18.727,6.66276,6.66377,1.19,1.00
2014.06.04 10:51:18.777,6.66276,6.66387,1.19,1.00
2014.06.04 10:51:19.699,6.66276,6.66387,1.19,1.00
2014.06.04 10:51:20.126,6.66285,6.66397,1.19,1.19
2014.06.04 10:51:20.679,6.66285,6.66387,1.19,1.00
2014.06.04 10:51:21.033,6.66275,6.66397,1.19,1.19
2014.06.04 10:51:21.295,6.66289,6.66407,1.19,1.00
2014.06.04 10:51:22.216,6.66289,6.66397,1.19,1.00
2014.06.04 10:51:22.521,6.66266,6.66397,1.19,1.19
2014.06.04 10:51:22.572,6.66266,6.66387,1.19,1.00
2014.06.04 10:51:23.096,6.66266,6.66377,1.19,1.00
2014.06.04 10:51:23.518,6.66261,6.66377,1.19,1.00
2014.06.04 10:51:23.619,6.66261,6.66387,1.19,1.19
2014.06.04 10:51:24.589,6.6628,6.66397,1.19,1.00
2014.06.04 10:51:25.595,6.66285,6.66397,1.19,1.00
2014.06.04 10:51:25.747,6.66285,6.66407,1.19,1.19
2014.06.04 10:51:26.603,6.66292,6.66407,1.19,1.00
2014.06.04 10:51:27.561,6.66292,6.66397,1.19,1.00
2014.06.04 10:51:27.901,6.66292,6.66387,1.19,1.00
2014.06.04 10:51:28.043,6.66292,6.66407,1.19,1.00
2014.06.04 10:51:28.614,6.66293,6.66407,1.19,1.00
2014.06.04 10:51:30.570,6.66296,6.66407,1.19,1.00
2014.06.04 10:51:31.575,6.66291,6.66407,1.19,1.00
2014.06.04 10:51:34.191,6.66292,6.66407,1.19,1.00
2014.06.04 10:51:35.596,6.66296,6.66407,1.19,1.00
2014.06.04 10:51:36.062,6.66296,6.66397,1.19,1.00
2014.06.04 10:51:36.393,6.66296,6.66387,1.19,1.00
2014.06.04 10:51:36.444,6.66273,6.66387,1.19,1.00
2014.06.04 10:51:36.696,6.66273,6.66367,1.19,1.00
2014.06.04 10:51:36.798,6.66273,6.66377,1.19,1.00
2014.06.04 10:51:36.951,6.66273,6.66387,1.19,1.00
2014.06.04 10:51:37.555,6.66274,6.66387,1.19,1.00
2014.06.04 10:51:38.443,6.66274,6.66397,1.19,1.19
2014.06.04 10:51:38.720,6.66282,6.66397,1.19,1.00
2014.06.04 10:51:39.650,6.66277,6.66397,1.19,1.19
2014.06.04 10:51:40.127,6.66277,6.66387,1.19,1.00
2014.06.04 10:51:40.430,6.66277,6.66377,1.19,1.00
2014.06.04 10:51:40.638,6.66266,6.66377,1.19,1.00
2014.06.04 10:51:40.689,6.66266,6.66387,1.19,1.19
2014.06.04 10:51:41.192,6.66266,6.66377,1.19,1.00
2014.06.04 10:51:41.653,6.66263,6.66377,1.19,1.00
2014.06.04 10:51:41.726,6.66263,6.66387,1.19,1.19
2014.06.04 10:51:42.649,6.66262,6.66387,1.19,1.19
2014.06.04 10:51:42.713,6.66262,6.66377,1.19,1.00
2014.06.04 10:51:43.653,6.66262,6.66377,1.19,1.00
2014.06.04 10:51:44.004,6.66262,6.66357,1.19,1.00
2014.06.04 10:51:44.145,6.66262,6.66367,1.19,1.00
2014.06.04 10:51:44.508,6.66262,6.66377,1.19,1.00
2014.06.04 10:51:44.707,6.66265,6.66377,1.19,1.00
2014.06.04 10:51:45.301,6.66265,6.66376,1.19,1.00
2014.06.04 10:51:45.788,6.66253,6.66376,1.19,1.19
2014.06.04 10:51:46.344,6.66253,6.66367,1.19,1.00
2014.06.04 10:51:47.379,6.66247,6.66367,1.19,1.19
2014.06.04 10:51:47.935,6.66247,6.66356,1.19,1.00
2014.06.04 10:51:48.620,6.66239,6.66357,1.19,1.00
2014.06.04 10:51:48.763,6.66239,6.66367,1.19,1.19
2014.06.04 10:51:49.633,6.66241,6.66367,1.19,1.19
2014.06.04 10:51:50.299,6.66241,6.66337,1.19,1.00
2014.06.04 10:51:50.450,6.66241,6.66347,1.19,1.00
2014.06.04 10:51:50.735,6.66233,6.66347,1.19,1.00
2014.06.04 10:51:51.738,6.66233,6.66347,1.19,1.00
2014.06.04 10:51:52.742,6.66233,6.66347,1.19,1.00
2014.06.04 10:51:53.748,6.66233,6.66347,1.19,1.25
2014.06.04 10:51:54.702,6.66233,6.66346,1.19,1.00
2014.06.04 10:51:54.759,6.66233,6.66346,1.19,1.19
2014.06.04 10:51:55.756,6.6623,6.66346,1.19,1.19
2014.06.04 10:51:56.765,6.6623,6.66346,1.19,1.19
2014.06.04 10:51:57.771,6.6623,6.66346,1.19,1.19
2014.06.04 10:51:58.776,6.66233,6.66347,1.19,1.19
2014.06.04 10:51:59.782,6.66233,6.66348,1.00,1.19
2014.06.04 10:52:01.742,6.66233,6.66365,1.69,1.19
2014.06.04 10:52:02.740,6.66238,6.66367,1.19,1.19
2014.06.04 10:52:03.732,6.66241,6.66362,1.19,1.19
2014.06.04 10:52:04.622,6.66245,6.66362,1.00,1.19
2014.06.04 10:52:04.777,6.66245,6.66376,1.19,1.19
2014.06.04 10:52:05.897,6.6625,6.66377,1.19,1.19
2014.06.04 10:52:07.363,6.66257,6.66367,1.20,1.19
2014.06.04 10:52:08.357,6.66257,6.66367,1.20,1.69
2014.06.04 10:52:09.362,6.66257,6.66365,1.20,1.19
2014.06.04 10:52:10.403,6.66257,6.66365,1.20,1.19
2014.06.04 10:52:11.491,6.66257,6.66365,1.20,1.19
2014.06.04 10:52:11.822,6.6626,6.66365,1.00,1.19
2014.06.04 10:52:12.380,6.66265,6.66378,1.00,1.69
2014.06.04 10:52:13.439,6.66265,6.66377,1.00,1.19
2014.06.04 10:52:14.389,6.66265,6.66378,1.00,1.19
2014.06.04 10:52:15.422,6.66265,6.66378,1.19,1.19
2014.06.04 10:52:18.209,6.66265,6.66375,1.00,1.19
2014.06.04 10:52:18.411,6.66259,6.66375,1.25,1.19
2014.06.04 10:52:19.315,6.66259,6.66378,1.19,1.19
2014.06.04 10:52:20.322,6.66259,6.66378,1.19,1.19
2014.06.04 10:52:21.314,6.66259,6.66378,1.19,1.19
2014.06.04 10:52:22.328,6.66259,6.66378,1.19,1.19
2014.06.04 10:52:23.325,6.66259,6.66378,1.19,1.69
2014.06.04 10:52:23.869,6.66264,6.66378,1.00,1.69
2014.06.04 10:52:24.331,6.66264,6.66378,1.25,1.19
2014.06.04 10:52:25.336,6.66264,6.66378,1.00,1.69
2014.06.04 10:52:27.356,6.66264,6.66378,1.00,1.69
2014.06.04 10:52:30.391,6.66259,6.66366,1.19,1.00
2014.06.04 10:52:30.702,6.66259,6.66367,1.00,1.19
2014.06.04 10:52:31.350,6.66264,6.66367,1.00,1.19
2014.06.04 10:52:31.568,6.66264,6.66367,1.19,1.00
2014.06.04 10:52:32.472,6.66264,6.66367,1.19,1.00
2014.06.04 10:52:33.493,6.66264,6.66367,1.19,1.00
2014.06.04 10:52:34.476,6.66264,6.66367,1.19,1.00
2014.06.04 10:52:35.481,6.66264,6.66367,1.25,1.00
2014.06.04 10:52:36.486,6.66264,6.66367,1.00,1.19
2014.06.04 10:52:37.493,6.66264,6.66367,1.00,1.19
2014.06.04 10:52:38.498,6.66264,6.66367,1.00,1.19
2014.06.04 10:52:40.526,6.66264,6.66367,1.19,1.00
2014.06.04 10:52:42.517,6.66264,6.66367,1.19,1.00
2014.06.04 10:52:45.530,6.66264,6.66367,1.19,1.00
2014.06.04 10:52:46.940,6.66264,6.66367,1.00,1.19
2014.06.04 10:52:48.032,6.66264,6.66367,1.84,1.00
2014.06.04 10:52:51.045,6.66264,6.66367,1.84,1.00
2014.06.04 10:52:55.109,6.66264,6.66367,1.84,1.00
2014.06.04 10:52:56.068,6.66264,6.66367,1.84,1.00
2014.06.04 10:52:57.073,6.66264,6.66367,1.84,1.00
2014.06.04 10:52:58.080,6.66264,6.66367,1.84,1.00
2014.06.04 10:52:59.085,6.66264,6.66367,1.84,1.00
2014.06.04 10:52:59.996,6.66264,6.66367,1.84,1.00
2014.06.04 10:53:01.002,6.66264,6.66367,1.84,1.00
2014.06.04 10:53:02.097,6.66269,6.66367,1.19,1.00
2014.06.04 10:53:05.013,6.66269,6.66367,1.19,1.00
2014.06.04 10:53:09.041,6.66269,6.66367,1.19,1.00
2014.06.04 10:53:11.913,6.66269,6.66377,1.19,1.00
2014.06.04 10:53:12.664,6.66269,6.66377,1.19,1.00
2014.06.04 10:53:13.507,6.66269,6.66377,1.19,1.00
2014.06.04 10:53:14.065,6.66269,6.66377,1.19,1.00
2014.06.04 10:53:16.075,6.66269,6.66377,1.19,1.00
2014.06.04 10:53:17.081,6.66269,6.66377,1.19,1.00
2014.06.04 10:53:18.320,6.66289,6.66376,1.19,1.00
2014.06.04 10:53:18.421,6.66289,6.66406,1.19,1.00
2014.06.04 10:53:18.523,6.66303,6.66414,1.00,1.19
2014.06.04 10:53:18.732,6.66312,6.66417,1.00,1.19
2014.06.04 10:53:19.036,6.66322,6.66417,1.00,1.19
2014.06.04 10:53:19.427,6.66322,6.66417,1.19,1.00
2014.06.04 10:53:21.047,6.66317,6.66407,1.19,1.00
2014.06.04 10:53:21.118,6.66317,6.66417,1.19,1.00
2014.06.04 10:53:21.417,6.66317,6.66417,1.19,1.00
2014.06.04 10:53:22.424,6.66317,6.66417,1.19,1.00
2014.06.04 10:53:23.427,6.66317,6.66417,1.19,1.00
2014.06.04 10:53:25.438,6.66317,6.66417,1.19,1.00
2014.06.04 10:53:26.444,6.66317,6.66417,1.00,1.00
2014.06.04 10:53:27.051,6.66317,6.66416,1.00,1.00
2014.06.04 10:53:28.456,6.66317,6.66417,1.00,1.00
2014.06.04 10:53:28.965,6.66317,6.66427,1.00,1.19
2014.06.04 10:53:29.289,6.66332,6.66427,1.00,1.19
2014.06.04 10:53:30.468,6.66332,6.66427,1.00,1.19
2014.06.04 10:53:31.664,6.66332,6.66427,1.00,1.19
2014.06.04 10:53:32.468,6.66332,6.66427,1.00,1.19
2014.06.04 10:53:33.102,6.66332,6.66417,1.00,1.00
2014.06.04 10:53:33.157,6.66327,6.66417,1.00,1.00
2014.06.04 10:53:33.474,6.66327,6.66417,1.00,1.19
2014.06.04 10:53:34.483,6.66327,6.66417,1.00,1.19
2014.06.04 10:53:36.490,6.66327,6.66417,1.00,1.19
2014.06.04 10:53:37.494,6.66327,6.66426,1.00,1.19
2014.06.04 10:53:38.499,6.66327,6.66426,1.00,1.19
2014.06.04 10:53:42.527,6.66327,6.66426,1.00,1.19
2014.06.04 10:53:45.434,6.66327,6.66427,1.25,1.00
2014.06.04 10:53:46.440,6.66327,6.66427,1.19,1.00
2014.06.04 10:53:48.327,6.66332,6.66427,1.00,1.00
2014.06.04 10:53:49.889,6.66332,6.66437,1.00,1.19
2014.06.04 10:53:49.990,6.66337,6.66437,1.00,1.19
2014.06.04 10:53:50.143,6.66337,6.66446,1.19,1.00
2014.06.04 10:53:50.193,6.66347,6.66446,1.00,1.00
2014.06.04 10:53:50.244,6.66347,6.66457,1.00,1.19
2014.06.04 10:53:50.408,6.66351,6.66457,1.00,1.19
2014.06.04 10:53:50.718,6.66357,6.66457,1.20,1.19
2014.06.04 10:53:51.031,6.66347,6.66417,1.00,1.25
2014.06.04 10:53:51.183,6.66305,6.66417,1.20,1.25
2014.06.04 10:53:51.284,6.66285,6.66417,1.84,1.25
2014.06.04 10:53:51.335,6.66285,6.66397,1.84,1.00
2014.06.04 10:53:51.540,6.66285,6.66406,1.84,1.00
2014.06.04 10:53:51.759,6.66285,6.66377,1.84,1.00
2014.06.04 10:53:51.810,6.66285,6.66377,1.65,1.00
2014.06.04 10:53:51.962,6.66266,6.66377,1.19,1.00
2014.06.04 10:53:52.014,6.66266,6.66367,1.19,1.00
2014.06.04 10:53:52.381,6.66251,6.66367,1.20,1.00
2014.06.04 10:53:52.482,6.66232,6.66367,1.39,1.00
2014.06.04 10:53:52.887,6.66232,6.66347,1.39,1.00
2014.06.04 10:53:53.077,6.66232,6.66357,1.39,1.00
2014.06.04 10:53:53.287,6.66232,6.66347,1.39,1.00
2014.06.04 10:53:53.897,6.66238,6.66347,1.19,1.00
2014.06.04 10:53:54.901,6.66232,6.66347,1.39,1.00
2014.06.04 10:53:55.680,6.66261,6.66347,1.00,1.00
2014.06.04 10:53:56.332,6.66238,6.66347,1.19,1.00
2014.06.04 10:53:56.554,6.66261,6.66347,1.00,1.00
2014.06.04 10:53:57.133,6.66318,6.66426,1.00,1.84
2014.06.04 10:53:57.336,6.66318,6.66407,1.00,1.00
2014.06.04 10:53:58.860,6.66318,6.66417,1.00,1.00
2014.06.04 10:54:00.244,6.66318,6.66417,1.19,1.00
2014.06.04 10:54:01.238,6.66318,6.66417,1.00,1.00
2014.06.04 10:54:03.235,6.66318,6.66417,1.00,1.19
2014.06.04 10:54:04.240,6.66318,6.66417,1.00,1.19
2014.06.04 10:54:05.566,6.6632,6.66417,1.00,1.19
2014.06.04 10:54:05.888,6.66368,6.66452,2.10,1.20
2014.06.04 10:54:05.989,6.66421,6.66507,1.00,1.00
2014.06.04 10:54:06.143,6.66428,6.66507,1.00,1.00
2014.06.04 10:54:06.449,6.6643,6.66507,1.00,1.00
2014.06.04 10:54:06.906,6.66434,6.66507,1.00,1.00
2014.06.04 10:54:07.322,6.66434,6.66507,1.19,1.00
2014.06.04 10:54:07.956,6.66434,6.66507,1.19,1.00
2014.06.04 10:54:08.959,6.66435,6.66507,1.19,1.00
2014.06.04 10:54:11.168,6.66435,6.66507,1.19,1.00
2014.06.04 10:54:12.174,6.66435,6.66507,1.00,1.00
2014.06.04 10:54:16.567,6.66441,6.66507,1.00,1.00
2014.06.04 10:54:19.777,6.66441,6.66537,1.00,1.19
2014.06.04 10:54:19.842,6.66441,6.66537,1.00,1.00
2014.06.04 10:54:19.893,6.6645,6.66537,1.00,1.00
2014.06.04 10:54:20.285,6.66467,6.66537,1.00,1.00
2014.06.04 10:54:21.813,6.66467,6.66537,1.19,1.00
2014.06.04 10:54:22.816,6.66467,6.66537,1.19,1.00
2014.06.04 10:54:23.612,6.66467,6.66546,1.19,1.00
2014.06.04 10:54:24.875,6.66467,6.66546,1.00,1.00
2014.06.04 10:54:27.842,6.66467,6.66546,1.19,1.00
2014.06.04 10:54:28.850,6.66467,6.66546,1.19,1.00
2014.06.04 10:54:30.847,6.66467,6.66546,1.19,1.00
2014.06.04 10:54:30.977,6.66467,6.66557,1.19,1.00
2014.06.04 10:54:31.129,6.6648,6.66567,1.00,1.00
2014.06.04 10:54:31.307,6.66485,6.66567,1.00,1.00
2014.06.04 10:54:31.953,6.66485,6.66567,1.19,1.00
2014.06.04 10:54:32.004,6.66485,6.66577,1.19,1.00
2014.06.04 10:54:33.260,6.6649,6.66577,1.19,1.00
2014.06.04 10:54:33.948,6.6649,6.66567,1.19,1.00
2014.06.04 10:54:35.274,6.6649,6.66567,1.19,1.00
2014.06.04 10:54:36.278,6.6649,6.66567,1.19,1.00
2014.06.04 10:54:37.586,6.66495,6.66567,1.19,1.00
2014.06.04 10:54:38.730,6.66495,6.66567,1.00,1.00
2014.06.04 10:54:39.227,6.6649,6.66567,1.00,1.00
2014.06.04 10:54:43.036,6.6649,6.66587,1.00,1.19
2014.06.04 10:54:43.087,6.66476,6.66587,1.39,1.19
2014.06.04 10:54:43.138,6.66476,6.66581,1.20,1.19
2014.06.04 10:54:43.239,6.66458,6.66581,1.19,1.19
2014.06.04 10:54:44.102,6.66458,6.66584,1.19,1.19
2014.06.04 10:54:45.108,6.66458,6.66586,1.19,1.19
2014.06.04 10:54:47.647,6.66442,6.66571,1.19,1.19
2014.06.04 10:54:48.626,6.66441,6.66569,1.19,1.19
2014.06.04 10:54:51.660,6.66438,6.66568,1.19,1.19
2014.06.04 10:54:52.643,6.66438,6.66571,1.19,1.19
2014.06.04 10:54:53.650,6.66438,6.6657,1.19,1.19
2014.06.04 10:54:54.296,6.66438,6.66547,1.19,1.00
2014.06.04 10:54:54.449,6.66429,6.66547,1.00,1.19
2014.06.04 10:54:54.500,6.66429,6.66526,1.00,1.00
2014.06.04 10:54:54.551,6.66414,6.66526,1.50,1.00
2014.06.04 10:54:54.753,6.664,6.66526,1.00,1.00
2014.06.04 10:54:54.855,6.664,6.66537,1.00,1.19
2014.06.04 10:54:55.007,6.66395,6.66537,1.00,1.19
2014.06.04 10:54:55.058,6.66395,6.66527,1.00,1.00
2014.06.04 10:54:55.652,6.66395,6.6652,1.19,1.19
2014.06.04 10:54:56.659,6.66395,6.66516,1.19,1.19
2014.06.04 10:54:57.666,6.66385,6.66514,1.19,1.19
2014.06.04 10:54:58.675,6.66384,6.66513,1.19,1.19
2014.06.04 10:54:59.679,6.66384,6.6651,1.19,1.19
2014.06.04 10:55:00.735,6.66384,6.66509,1.19,1.19
2014.06.04 10:55:01.722,6.66379,6.66512,1.19,1.19
2014.06.04 10:55:02.699,6.6638,6.66514,1.19,1.19
2014.06.04 10:55:05.754,6.66381,6.66513,1.19,1.19
2014.06.04 10:55:06.085,6.66366,6.66493,1.19,1.19
2014.06.04 10:55:06.345,6.66366,6.6648,1.19,1.20
2014.06.04 10:55:06.561,6.66356,6.66493,1.69,1.19
2014.06.04 10:55:07.429,6.66358,6.66492,1.19,1.19
2014.06.04 10:55:08.733,6.66362,6.66496,1.19,1.19
2014.06.04 10:55:09.744,6.66364,6.66498,1.19,1.19
2014.06.04 10:55:10.773,6.66364,6.66498,1.19,1.19
2014.06.04 10:55:12.056,6.66361,6.66487,1.19,1.19
2014.06.04 10:55:13.046,6.66361,6.66487,1.19,1.19
2014.06.04 10:55:14.354,6.66361,6.66482,1.19,1.19
2014.06.04 10:55:15.361,6.66361,6.66481,1.19,1.19
2014.06.04 10:55:17.574,6.66341,6.6646,1.65,1.19
2014.06.04 10:55:18.680,6.66341,6.66466,1.84,1.19
2014.06.04 10:55:19.684,6.66346,6.66467,1.19,1.19
2014.06.04 10:55:20.692,6.66346,6.66463,1.00,1.19
2014.06.04 10:55:21.697,6.66346,6.66465,1.25,1.19
2014.06.04 10:55:23.352,6.6636,6.66488,1.19,1.19
2014.06.04 10:55:23.561,6.66374,6.66488,1.00,1.19
2014.06.04 10:55:24.501,6.66374,6.66492,1.19,1.19
2014.06.04 10:55:25.305,6.66374,6.6649,1.00,1.19
2014.06.04 10:55:26.160,6.66374,6.66462,1.00,1.19
2014.06.04 10:55:27.350,6.66374,6.66467,1.00,1.19
2014.06.04 10:55:29.172,6.66369,6.66467,1.00,1.19
2014.06.04 10:55:29.360,6.66369,6.66465,1.00,1.19
2014.06.04 10:55:30.262,6.66369,6.66445,1.00,1.19
2014.06.04 10:55:30.313,6.66355,6.66445,1.20,1.19
2014.06.04 10:55:30.529,6.66374,6.66445,1.00,1.19
2014.06.04 10:55:30.833,6.66379,6.66445,1.00,1.19
2014.06.04 10:55:31.737,6.66379,6.66464,1.00,1.19
2014.06.04 10:55:32.062,6.66384,6.66464,1.00,1.19
2014.06.04 10:55:32.742,6.66384,6.66473,1.00,1.19
2014.06.04 10:55:33.749,6.66384,6.66471,1.00,1.19
2014.06.04 10:55:35.041,6.66379,6.66471,1.00,1.19
2014.06.04 10:55:35.953,6.66379,6.66458,1.00,1.19
2014.06.04 10:55:36.759,6.66379,6.66463,1.00,1.19
2014.06.04 10:55:38.236,6.66369,6.66463,1.00,1.19
2014.06.04 10:55:38.769,6.66369,6.66458,1.00,1.19
2014.06.04 10:55:39.093,6.66379,6.66509,1.00,1.39
2014.06.04 10:55:39.194,6.66383,6.66509,1.19,1.20
2014.06.04 10:55:39.245,6.66394,6.66517,1.19,1.19
2014.06.04 10:55:39.296,6.66428,6.66517,1.00,1.19
2014.06.04 10:55:39.550,6.66394,6.66494,1.00,1.19
2014.06.04 10:55:39.601,6.66378,6.66494,1.00,1.19
2014.06.04 10:55:39.703,6.66378,6.66515,1.19,1.39
2014.06.04 10:55:39.753,6.66427,6.66515,1.00,1.39
2014.06.04 10:55:40.682,6.66427,6.66522,1.00,1.19
2014.06.04 10:55:41.687,6.66427,6.66523,1.00,1.19
2014.06.04 10:55:42.691,6.66427,6.66521,1.00,1.19
2014.06.04 10:55:43.696,6.66427,6.66523,1.00,1.19
2014.06.04 10:55:44.298,6.66427,6.66502,1.00,1.19
2014.06.04 10:55:44.400,6.664,6.66502,1.20,1.19
2014.06.04 10:55:44.551,6.66397,6.66502,1.00,1.19
2014.06.04 10:55:45.403,6.66397,6.66483,1.00,1.19
2014.06.04 10:55:46.409,6.66397,6.66484,1.00,1.19
2014.06.04 10:55:47.210,6.66396,6.66484,1.00,1.19
2014.06.04 10:55:47.770,6.66396,6.66485,1.00,1.19
2014.06.04 10:55:48.418,6.66396,6.66491,1.00,1.19
2014.06.04 10:55:48.787,6.66401,6.66491,1.00,1.19
2014.06.04 10:55:48.839,6.66401,6.66514,1.00,1.19
2014.06.04 10:55:48.991,6.66415,6.66514,1.00,1.19
2014.06.04 10:55:49.486,6.66419,6.66514,1.00,1.19
2014.06.04 10:55:49.762,6.66415,6.66514,1.00,1.19
2014.06.04 10:55:49.827,6.66415,6.66495,1.00,1.19
2014.06.04 10:55:50.085,6.66395,6.66495,1.00,1.19
2014.06.04 10:55:50.941,6.66395,6.66483,1.00,1.19
2014.06.04 10:55:51.943,6.66395,6.6648,1.00,1.19
2014.06.04 10:55:54.956,6.66395,6.66472,1.00,1.19
2014.06.04 10:55:55.838,6.66396,6.66472,1.00,1.19
2014.06.04 10:55:55.960,6.66396,6.66487,1.00,1.19
2014.06.04 10:55:56.494,6.66381,6.66467,1.00,1.19
2014.06.04 10:55:57.002,6.66382,6.66467,1.00,1.19
2014.06.04 10:55:57.321,6.66387,6.66467,1.00,1.19
2014.06.04 10:55:57.630,6.66392,6.66467,1.00,1.19
2014.06.04 10:55:57.681,6.66392,6.66486,1.00,1.19
2014.06.04 10:55:58.678,6.66392,6.66488,1.00,1.19
2014.06.04 10:55:59.675,6.66392,6.66486,1.00,1.19
2014.06.04 10:56:00.678,6.66392,6.66484,1.00,1.19
2014.06.04 10:56:01.684,6.66392,6.66485,1.00,1.19
2014.06.04 10:56:02.688,6.66392,6.66484,1.00,1.19
2014.06.04 10:56:03.693,6.66392,6.66485,1.00,1.19
2014.06.04 10:56:04.699,6.66392,6.66484,1.00,1.19
2014.06.04 10:56:06.714,6.66392,6.66485,1.00,1.19
2014.06.04 10:56:07.720,6.66392,6.66475,1.00,1.19
2014.06.04 10:56:09.757,6.66392,6.66476,1.00,1.19
2014.06.04 10:56:10.649,6.66397,6.66476,1.00,1.19
2014.06.04 10:56:10.750,6.66397,6.66488,1.00,1.19
2014.06.04 10:56:12.543,6.66397,6.66491,1.00,1.19
2014.06.04 10:56:13.280,6.66406,6.66491,1.00,1.19
2014.06.04 10:56:13.872,6.66406,6.6649,1.00,1.19
2014.06.04 10:56:14.554,6.66406,6.66492,1.00,1.19
2014.06.04 10:56:15.561,6.66406,6.66489,1.00,1.19
2014.06.04 10:56:16.668,6.66406,6.66503,1.00,1.19
2014.06.04 10:56:17.672,6.66406,6.66492,1.00,1.19
2014.06.04 10:56:18.576,6.66406,6.66508,1.00,1.19
2014.06.04 10:56:19.682,6.66406,6.6651,1.00,1.19
2014.06.04 10:56:21.691,6.66406,6.66505,1.00,1.19
2014.06.04 10:56:24.535,6.66396,6.66505,1.00,1.19
2014.06.04 10:56:24.940,6.66396,6.66491,1.00,1.19
2014.06.04 10:56:25.423,6.66401,6.66491,1.00,1.19
2014.06.04 10:56:26.916,6.66401,6.66498,1.00,1.19
2014.06.04 10:56:27.624,6.66405,6.66498,1.00,1.19
2014.06.04 10:56:28.940,6.66405,6.665,1.00,1.19
2014.06.04 10:56:29.935,6.66405,6.66501,1.00,1.19
2014.06.04 10:56:30.739,6.66405,6.66528,1.25,1.19
2014.06.04 10:56:31.688,6.66405,6.66522,1.25,1.19
2014.06.04 10:56:34.753,6.66405,6.66523,1.19,1.19
2014.06.04 10:56:35.761,6.66405,6.66521,1.00,1.19
2014.06.04 10:56:36.270,6.66402,6.66521,1.19,1.19
2014.06.04 10:56:36.767,6.66402,6.6651,1.00,1.19
2014.06.04 10:56:37.872,6.66402,6.66498,1.00,1.19
2014.06.04 10:56:38.879,6.66402,6.66501,1.00,1.19
2014.06.04 10:56:39.884,6.66402,6.665,1.00,1.19
2014.06.04 10:56:41.931,6.66402,6.66498,1.00,1.19
2014.06.04 10:56:42.901,6.66402,6.66498,1.00,1.19
2014.06.04 10:56:43.446,6.66417,6.6653,1.00,1.19
2014.06.04 10:56:43.670,6.66419,6.6653,1.00,1.19
2014.06.04 10:56:44.426,6.66419,6.66529,1.00,1.19
2014.06.04 10:56:45.420,6.66415,6.66529,1.00,1.19
2014.06.04 10:56:45.953,6.66415,6.66522,1.00,1.19
2014.06.04 10:56:46.913,6.66415,6.66523,1.00,1.19
2014.06.04 10:56:47.968,6.66415,6.66529,1.00,1.19
2014.06.04 10:56:48.018,6.66417,6.66529,1.00,1.19
2014.06.04 10:56:48.333,6.66434,6.66529,1.00,1.19
2014.06.04 10:56:48.478,6.66429,6.66529,1.00,1.19
2014.06.04 10:56:48.926,6.66429,6.66539,1.00,1.19
2014.06.04 10:56:51.938,6.66429,6.66538,1.00,1.19
2014.06.04 10:56:54.000,6.66429,6.6653,1.00,1.19
2014.06.04 10:56:57.677,6.66429,6.66556,1.00,1.19
2014.06.04 10:56:58.681,6.66429,6.66551,1.19,1.19
2014.06.04 10:56:59.703,6.66429,6.66547,1.19,1.19
2014.06.04 10:57:00.696,6.66419,6.66527,1.00,1.19
2014.06.04 10:57:01.706,6.66419,6.66529,1.00,1.19
2014.06.04 10:57:02.715,6.66419,6.66527,1.00,1.19
2014.06.04 10:57:03.761,6.66419,6.66522,1.00,1.19
2014.06.04 10:57:04.728,6.66419,6.66514,1.00,1.19
2014.06.04 10:57:05.733,6.66419,6.66513,1.00,1.19
2014.06.04 10:57:08.738,6.66419,6.66511,1.00,1.19
2014.06.04 10:57:09.716,6.66417,6.66511,1.00,1.19
2014.06.04 10:57:10.424,6.66405,6.66511,1.00,1.19
2014.06.04 10:57:11.354,6.66405,6.66499,1.00,1.19
2014.06.04 10:57:11.980,6.66408,6.66499,1.00,1.19
2014.06.04 10:57:13.404,6.66408,6.665,1.00,1.19
2014.06.04 10:57:14.371,6.66408,6.66501,1.00,1.19
2014.06.04 10:57:17.379,6.66408,6.66499,1.00,1.19
2014.06.04 10:57:18.385,6.66408,6.665,1.00,1.19
2014.06.04 10:57:19.391,6.66408,6.66501,1.00,1.19
2014.06.04 10:57:20.189,6.66407,6.66501,1.00,1.19
2014.06.04 10:57:20.699,6.66407,6.66517,1.00,1.19
2014.06.04 10:57:21.368,6.66412,6.66517,1.00,1.19
2014.06.04 10:57:21.744,6.66412,6.66516,1.00,1.19
2014.06.04 10:57:25.020,6.66412,6.66515,1.00,1.19
2014.06.04 10:57:26.030,6.66412,6.66516,1.00,1.19
2014.06.04 10:57:27.436,6.66412,6.66497,1.00,1.19
2014.06.04 10:57:27.938,6.66412,6.66519,1.00,1.19
2014.06.04 10:57:29.121,6.66412,6.66517,1.00,1.19
2014.06.04 10:57:29.620,6.66409,6.66517,1.00,1.19
2014.06.04 10:57:29.925,6.66409,6.6651,1.00,1.19
2014.06.04 10:57:31.040,6.66409,6.66501,1.00,1.19
2014.06.04 10:57:32.034,6.66409,6.66499,1.00,1.19
2014.06.04 10:57:33.039,6.66409,6.66497,1.00,1.19
2014.06.04 10:57:34.080,6.66409,6.66527,1.00,1.19
2014.06.04 10:57:34.130,6.66441,6.66533,1.00,1.19
2014.06.04 10:57:34.383,6.66421,6.66533,1.00,1.19
2014.06.04 10:57:34.535,6.66417,6.66533,1.00,1.19
2014.06.04 10:57:34.676,6.66414,6.66533,1.00,1.19
2014.06.04 10:57:34.849,6.66414,6.66536,1.19,1.19
2014.06.04 10:57:35.853,6.66415,6.66525,1.00,1.19
2014.06.04 10:57:36.247,6.66424,6.66525,1.00,1.19
2014.06.04 10:57:37.207,6.66419,6.66525,1.00,1.19
2014.06.04 10:57:37.564,6.66419,6.66523,1.00,1.19
2014.06.04 10:57:38.569,6.66419,6.66527,1.00,1.19
2014.06.04 10:57:39.574,6.66419,6.66528,1.00,1.19
2014.06.04 10:57:42.586,6.66419,6.66527,1.00,1.19
2014.06.04 10:57:44.584,6.66419,6.66527,1.00,1.19
2014.06.04 10:57:45.738,6.66419,6.66521,1.00,1.19
2014.06.04 10:57:46.697,6.66419,6.6652,1.00,1.19
2014.06.04 10:57:47.703,6.66419,6.66521,1.00,1.19
2014.06.04 10:57:51.724,6.66419,6.66519,1.00,1.19
2014.06.04 10:57:52.732,6.66419,6.66521,1.00,1.19
2014.06.04 10:57:53.741,6.66419,6.6652,1.00,1.19
2014.06.04 10:57:54.854,6.66419,6.66537,1.00,1.19
2014.06.04 10:57:54.956,6.66424,6.66537,1.00,1.19
2014.06.04 10:57:55.845,6.66424,6.66535,1.00,1.19
2014.06.04 10:57:56.848,6.66424,6.66532,1.00,1.19
2014.06.04 10:57:57.853,6.66424,6.66528,1.00,1.19
2014.06.04 10:57:58.860,6.66424,6.66527,1.00,1.19
2014.06.04 10:58:00.672,6.66424,6.66536,1.19,1.19
2014.06.04 10:58:01.680,6.66424,6.66536,1.00,1.19
2014.06.04 10:58:02.687,6.66424,6.66535,1.00,1.19
2014.06.04 10:58:04.165,6.66419,6.66535,1.00,1.19
2014.06.04 10:58:05.185,6.66419,6.66528,1.00,1.19
2014.06.04 10:58:06.109,6.66419,6.66525,1.00,1.19
2014.06.04 10:58:08.500,6.66419,6.66526,1.00,1.19
2014.06.04 10:58:09.704,6.66419,6.66525,1.00,1.19
2014.06.04 10:58:10.133,6.66424,6.66525,1.00,1.19
2014.06.04 10:58:10.335,6.66419,6.66525,1.00,1.19
2014.06.04 10:58:11.310,6.66419,6.66524,1.00,1.19
2014.06.04 10:58:13.724,6.66419,6.66528,1.00,1.19
2014.06.04 10:58:15.127,6.66419,6.66527,1.00,1.19
2014.06.04 10:58:18.684,6.66424,6.66527,1.00,1.19
2014.06.04 10:58:18.988,6.66424,6.66549,1.19,1.19
2014.06.04 10:58:19.040,6.66429,6.66549,1.00,1.19
2014.06.04 10:58:19.508,6.66439,6.66549,1.00,1.19
2014.06.04 10:58:19.998,6.66433,6.66549,1.00,1.19
2014.06.04 10:58:20.049,6.66433,6.66529,1.00,1.19
2014.06.04 10:58:20.850,6.66433,6.66529,1.00,1.19
2014.06.04 10:58:21.858,6.66433,6.66529,1.00,1.19
2014.06.04 10:58:22.341,6.66438,6.66529,1.00,1.19
2014.06.04 10:58:22.644,6.66452,6.66529,1.00,1.19
2014.06.04 10:58:22.880,6.66444,6.66529,1.00,1.19
2014.06.04 10:58:23.267,6.66444,6.66545,1.00,1.19
2014.06.04 10:58:25.179,6.66444,6.66544,1.00,1.19
2014.06.04 10:58:25.833,6.66453,6.66544,1.00,1.19
2014.06.04 10:58:27.388,6.66453,6.66554,1.00,1.19
2014.06.04 10:58:28.027,6.66457,6.66554,1.00,1.19
2014.06.04 10:58:28.468,6.66464,6.66555,1.00,1.19
2014.06.04 10:58:31.512,6.66464,6.66552,1.00,1.19
2014.06.04 10:58:34.626,6.66454,6.66552,1.00,1.19
2014.06.04 10:58:35.423,6.66454,6.66544,1.00,1.19
2014.06.04 10:58:36.037,6.66454,6.66567,1.00,1.19
2014.06.04 10:58:36.088,6.66498,6.66567,1.00,1.19
2014.06.04 10:58:36.189,6.66453,6.66567,1.00,1.19
2014.06.04 10:58:37.434,6.66453,6.66567,1.19,1.19
2014.06.04 10:58:38.741,6.66453,6.66556,1.00,1.19
2014.06.04 10:58:39.946,6.66453,6.66551,1.00,1.19
2014.06.04 10:58:40.387,6.6645,6.66551,1.00,1.19
2014.06.04 10:58:40.612,6.6644,6.66551,1.50,1.19
2014.06.04 10:58:41.086,6.66431,6.66537,1.00,1.19
2014.06.04 10:58:41.827,6.66436,6.66537,1.00,1.19
2014.06.04 10:58:42.067,6.66436,6.66544,1.00,1.19
2014.06.04 10:58:43.060,6.66436,6.6654,1.00,1.19
2014.06.04 10:58:44.884,6.66436,6.66542,1.00,1.19
2014.06.04 10:58:46.578,6.66436,6.66542,1.00,1.19
2014.06.04 10:58:47.884,6.66436,6.66544,1.00,1.19
2014.06.04 10:58:48.047,6.66431,6.66544,1.00,1.19
2014.06.04 10:58:48.908,6.66431,6.66535,1.00,1.19
2014.06.04 10:58:49.942,6.66431,6.66533,1.00,1.19
2014.06.04 10:58:51.005,6.66431,6.6653,1.00,1.19
2014.06.04 10:58:52.487,6.6643,6.6653,1.00,1.19
2014.06.04 10:58:53.114,6.66431,6.66537,1.00,1.19
2014.06.04 10:58:54.118,6.66431,6.66535,1.00,1.19
2014.06.04 10:58:55.474,6.66431,6.66533,1.00,1.19
2014.06.04 10:58:57.689,6.66431,6.66532,1.00,1.19
2014.06.04 10:58:58.840,6.66426,6.66532,1.00,1.19
2014.06.04 10:58:59.158,6.6642,6.66532,1.00,1.19
2014.06.04 10:59:00.101,6.6642,6.66522,1.00,1.19
2014.06.04 10:59:01.142,6.6642,6.66523,1.00,1.19
2014.06.04 10:59:02.859,6.66416,6.66524,1.00,1.19
2014.06.04 10:59:02.910,6.66412,6.66524,1.00,1.19
2014.06.04 10:59:02.963,6.66412,6.66503,1.00,1.19
2014.06.04 10:59:03.165,6.66392,6.66503,1.00,1.19
2014.06.04 10:59:04.254,6.66397,6.66503,1.00,1.19
2014.06.04 10:59:05.271,6.66397,6.66504,1.00,1.19
2014.06.04 10:59:06.091,6.66456,6.66504,1.00,1.19
2014.06.04 10:59:06.316,6.66394,6.66512,1.19,1.19
2014.06.04 10:59:06.872,6.66399,6.66512,1.00,1.19
2014.06.04 10:59:07.177,6.66414,6.66512,1.00,1.19
2014.06.04 10:59:07.954,6.66414,6.66516,1.00,1.19
2014.06.04 10:59:09.979,6.66423,6.66515,1.00,1.19
2014.06.04 10:59:10.163,6.66423,6.66524,1.00,1.19
2014.06.04 10:59:10.378,6.66434,6.66524,1.00,1.19
2014.06.04 10:59:11.174,6.66434,6.66524,1.00,1.19
2014.06.04 10:59:11.479,6.66428,6.66524,1.00,1.19
2014.06.04 10:59:12.179,6.66428,6.66517,1.00,1.19
2014.06.04 10:59:14.091,6.66428,6.66517,1.00,1.19
2014.06.04 10:59:16.187,6.66428,6.66514,1.00,1.19
2014.06.04 10:59:17.295,6.66428,6.66525,1.00,1.19
2014.06.04 10:59:18.701,6.66428,6.66523,1.00,1.19
2014.06.04 10:59:20.107,6.66428,6.66525,1.00,1.19
2014.06.04 10:59:21.259,6.66428,6.66532,1.00,1.19
2014.06.04 10:59:21.411,6.66434,6.66532,1.00,1.19
2014.06.04 10:59:22.217,6.66434,6.66534,1.00,1.19
2014.06.04 10:59:24.730,6.66434,6.66537,1.00,1.19
2014.06.04 10:59:25.831,6.66434,6.66536,1.00,1.19
2014.06.04 10:59:28.309,6.66439,6.66536,1.00,1.19
2014.06.04 10:59:28.943,6.66439,6.66542,1.00,1.19
2014.06.04 10:59:30.170,6.66439,6.66543,1.00,1.19
2014.06.04 10:59:30.518,6.66434,6.66543,1.00,1.19
2014.06.04 10:59:31.557,6.66434,6.66541,1.00,1.39
2014.06.04 10:59:32.895,6.66434,6.66541,1.00,1.39
2014.06.04 10:59:33.068,6.66429,6.66541,1.00,1.39
2014.06.04 10:59:33.256,6.66434,6.66541,1.00,1.39
2014.06.04 10:59:33.886,6.66434,6.66541,1.00,1.39
2014.06.04 10:59:37.195,6.66434,6.66538,1.00,1.19
2014.06.04 10:59:38.246,6.66434,6.66539,1.00,1.19
2014.06.04 10:59:39.142,6.66428,6.66539,1.00,1.19
2014.06.04 10:59:39.496,6.66428,6.66535,1.00,1.19
2014.06.04 10:59:41.909,6.66428,6.66534,1.00,1.19
2014.06.04 10:59:43.216,6.66428,6.66535,1.00,1.19
2014.06.04 10:59:43.954,6.66443,6.66535,1.00,1.19
2014.06.04 10:59:44.157,6.66453,6.66541,1.00,1.20
2014.06.04 10:59:44.208,6.66453,6.66559,1.00,1.19
2014.06.04 10:59:45.225,6.66453,6.6655,1.00,1.19
2014.06.04 10:59:45.396,6.66435,6.6655,1.00,1.19
2014.06.04 10:59:46.116,6.66436,6.6655,1.00,1.19
2014.06.04 10:59:46.337,6.66436,6.66543,1.00,1.19
2014.06.04 10:59:47.127,6.66431,6.66543,1.00,1.19
2014.06.04 10:59:47.355,6.66429,6.66552,1.19,1.19
2014.06.04 10:59:47.557,6.66439,6.66552,1.00,1.19
2014.06.04 10:59:47.895,6.66429,6.66544,1.19,1.39
2014.06.04 10:59:48.455,6.66429,6.66544,1.00,1.39
2014.06.04 10:59:48.785,6.66434,6.66547,1.00,1.19
2014.06.04 10:59:49.136,6.66444,6.66547,1.00,1.19
2014.06.04 10:59:49.646,6.6644,6.66547,1.00,1.19
2014.06.04 10:59:50.192,6.6644,6.66559,1.25,1.19
2014.06.04 10:59:50.554,6.66455,6.66559,1.00,1.19
2014.06.04 10:59:50.903,6.66437,6.66568,1.00,1.20
2014.06.04 10:59:52.725,6.66438,6.66568,1.00,1.20
2014.06.04 10:59:53.258,6.66437,6.66568,1.00,1.20
2014.06.04 10:59:54.132,6.66423,6.66568,1.00,1.20
2014.06.04 10:59:54.234,6.66423,6.66544,1.00,1.20
2014.06.04 10:59:54.394,6.66417,6.66544,1.00,1.20
2014.06.04 10:59:54.445,6.66417,6.66521,1.00,1.20
2014.06.04 10:59:54.608,6.66411,6.66521,1.00,1.20
2014.06.04 10:59:55.497,6.66411,6.66585,1.00,1.00
2014.06.04 10:59:55.711,6.66411,6.66568,1.00,1.00
2014.06.04 10:59:55.761,6.66374,6.66548,1.00,1.00
2014.06.04 10:59:56.867,6.66407,6.66568,1.00,1.00
2014.06.04 10:59:57.019,6.66379,6.66553,1.00,1.00
2014.06.04 10:59:58.512,6.66357,6.66531,1.00,1.00
