2016.09.28 12:00:01.793,8.57707,8.57867,1.00,1.00
2016.09.28 12:00:02.098,8.5772,8.57879,1.00,1.00
2016.09.28 12:00:02.793,8.57712,8.5787,1.00,1.00
2016.09.28 12:00:02.944,8.57704,8.57864,1.00,1.00
2016.09.28 12:00:03.099,8.57698,8.57858,1.00,1.00
2016.09.28 12:00:03.401,8.57716,8.57876,1.00,1.00
2016.09.28 12:00:04.480,8.57704,8.57877,1.00,1.00
2016.09.28 12:00:04.582,8.57704,8.57877,1.00,1.00
2016.09.28 12:00:04.947,8.57704,8.57874,1.00,1.00
2016.09.28 12:00:05.392,8.57701,8.57861,1.00,1.00
2016.09.28 12:00:05.673,8.57706,8.57853,1.00,1.00
2016.09.28 12:00:05.825,8.57702,8.57853,1.00,1.00
2016.09.28 12:00:05.994,8.57702,8.57853,1.00,1.00
2016.09.28 12:00:06.706,8.5769,8.57853,1.00,1.00
2016.09.28 12:00:07.697,8.57686,8.57853,1.00,1.00
2016.09.28 12:00:07.911,8.57684,8.57853,1.00,1.00
2016.09.28 12:00:08.401,8.57684,8.57827,1.00,1.00
2016.09.28 12:00:08.583,8.5767,8.57827,1.00,1.00
2016.09.28 12:00:08.685,8.5767,8.57827,1.00,1.00
2016.09.28 12:00:09.216,8.57668,8.57827,1.00,1.00
2016.09.28 12:00:09.358,8.57668,8.57827,1.00,1.00
2016.09.28 12:00:09.410,8.57668,8.57827,1.00,1.00
2016.09.28 12:00:09.461,8.57668,8.57827,1.00,1.00
2016.09.28 12:00:09.885,8.57661,8.57825,1.00,1.00
2016.09.28 12:00:11.017,8.57681,8.57827,1.00,1.00
2016.09.28 12:00:11.196,8.57687,8.57851,1.00,1.00
2016.09.28 12:00:11.297,8.57655,8.57832,1.97,1.00
2016.09.28 12:00:11.399,8.57709,8.57832,1.00,1.00
2016.09.28 12:00:11.450,8.57709,8.57862,1.00,1.00
2016.09.28 12:00:11.551,8.57709,8.57862,1.00,1.00
2016.09.28 12:00:11.602,8.57738,8.57872,1.00,1.00
2016.09.28 12:00:11.859,8.57765,8.57902,1.00,1.00
2016.09.28 12:00:12.383,8.57765,8.57902,1.00,1.00
2016.09.28 12:00:12.433,8.5776,8.57902,1.00,1.00
2016.09.28 12:00:12.714,8.5773,8.57881,1.00,1.00
2016.09.28 12:00:12.816,8.5773,8.57881,1.00,1.00
2016.09.28 12:00:13.505,8.57712,8.57876,1.00,1.00
2016.09.28 12:00:14.684,8.57712,8.57876,1.00,1.00
2016.09.28 12:00:16.540,8.57712,8.57876,1.00,1.00
2016.09.28 12:00:16.591,8.57712,8.57876,1.60,1.00
2016.09.28 12:00:16.642,8.57737,8.57881,1.00,1.00
2016.09.28 12:00:16.744,8.57756,8.57922,1.00,1.00
2016.09.28 12:00:16.846,8.57771,8.57922,1.00,1.00
2016.09.28 12:00:16.948,8.57771,8.57922,1.00,1.00
2016.09.28 12:00:16.999,8.57771,8.57933,1.00,1.00
2016.09.28 12:00:17.101,8.57816,8.57946,1.00,1.00
2016.09.28 12:00:17.389,8.57816,8.57961,1.00,1.00
2016.09.28 12:00:17.609,8.57795,8.57959,1.00,1.00
2016.09.28 12:00:17.712,8.57808,8.57961,1.00,1.00
2016.09.28 12:00:18.048,8.5782,8.57966,1.00,1.00
2016.09.28 12:00:18.099,8.57812,8.57966,1.00,1.00
2016.09.28 12:00:19.120,8.57812,8.57966,1.00,1.00
2016.09.28 12:00:19.240,8.57799,8.57963,1.00,1.00
2016.09.28 12:00:19.416,8.57812,8.57966,1.00,1.00
2016.09.28 12:00:19.753,8.5782,8.57966,1.00,1.00
2016.09.28 12:00:20.147,8.57804,8.57966,1.00,1.00
2016.09.28 12:00:20.527,8.57799,8.57963,1.00,1.00
2016.09.28 12:00:20.730,8.57821,8.57966,1.00,1.00
2016.09.28 12:00:21.035,8.57829,8.57966,1.00,1.00
2016.09.28 12:00:21.404,8.5781,8.57966,1.00,1.00
2016.09.28 12:00:21.506,8.57804,8.57966,1.00,1.00
2016.09.28 12:00:21.709,8.57813,8.57966,1.00,1.00
2016.09.28 12:00:22.020,8.57823,8.57966,1.00,1.00
2016.09.28 12:00:22.121,8.57834,8.57985,1.00,1.00
2016.09.28 12:00:22.326,8.57834,8.57985,1.00,1.00
2016.09.28 12:00:22.590,8.57843,8.58007,1.00,1.00
2016.09.28 12:00:22.641,8.57843,8.58007,1.00,1.00
2016.09.28 12:00:22.894,8.57854,8.58008,1.00,1.00
2016.09.28 12:00:23.349,8.57864,8.58008,1.00,1.00
2016.09.28 12:00:23.737,8.57864,8.58028,1.00,1.00
2016.09.28 12:00:24.117,8.57892,8.58031,1.00,1.00
2016.09.28 12:00:24.308,8.57913,8.58053,1.00,1.00
2016.09.28 12:00:24.359,8.57913,8.58055,1.00,1.00
2016.09.28 12:00:24.511,8.57913,8.58076,1.00,1.50
2016.09.28 12:00:24.562,8.57913,8.58076,1.00,1.00
2016.09.28 12:00:24.613,8.57913,8.58057,1.00,1.00
2016.09.28 12:00:24.825,8.57913,8.58076,1.00,1.00
2016.09.28 12:00:25.491,8.57914,8.58076,1.00,1.00
2016.09.28 12:00:25.828,8.57898,8.58076,1.00,1.00
2016.09.28 12:00:26.011,8.57926,8.58104,1.00,1.00
2016.09.28 12:00:26.067,8.57961,8.58104,1.00,1.00
2016.09.28 12:00:26.323,8.57979,8.58134,1.00,1.00
2016.09.28 12:00:26.426,8.57979,8.58143,1.00,1.00
2016.09.28 12:00:26.558,8.57979,8.58143,1.00,1.00
2016.09.28 12:00:27.124,8.57985,8.58149,1.00,1.00
2016.09.28 12:00:27.200,8.57985,8.58149,1.00,1.00
2016.09.28 12:00:27.251,8.57996,8.5816,1.00,1.00
2016.09.28 12:00:27.818,8.57977,8.58141,1.00,1.00
2016.09.28 12:00:27.920,8.57973,8.58132,1.00,1.00
2016.09.28 12:00:28.182,8.57976,8.5814,1.00,1.00
2016.09.28 12:00:28.486,8.57997,8.58161,1.00,1.00
2016.09.28 12:00:28.620,8.57974,8.58157,1.00,1.00
2016.09.28 12:00:28.671,8.57974,8.58157,1.00,1.00
2016.09.28 12:00:28.722,8.57973,8.5814,1.00,1.00
2016.09.28 12:00:29.077,8.57973,8.5814,1.00,1.00
2016.09.28 12:00:29.201,8.57973,8.58152,1.00,1.00
2016.09.28 12:00:29.322,8.57977,8.58141,1.00,1.00
2016.09.28 12:00:30.247,8.57977,8.58141,1.00,1.00
2016.09.28 12:00:30.349,8.57973,8.58127,1.00,1.00
2016.09.28 12:00:30.399,8.57963,8.58127,1.00,1.00
2016.09.28 12:00:30.545,8.57966,8.58128,1.00,1.00
2016.09.28 12:00:31.355,8.57957,8.58121,1.00,1.00
2016.09.28 12:00:31.405,8.57957,8.58121,1.00,1.00
2016.09.28 12:00:31.456,8.57958,8.58122,1.00,1.00
2016.09.28 12:00:31.558,8.57958,8.58122,1.00,1.00
2016.09.28 12:00:31.609,8.57958,8.58087,1.00,1.00
2016.09.28 12:00:31.660,8.57945,8.58087,1.50,1.00
2016.09.28 12:00:31.712,8.57945,8.58087,1.00,1.00
2016.09.28 12:00:31.843,8.57958,8.58112,1.00,1.00
2016.09.28 12:00:31.944,8.57943,8.58116,1.00,1.00
2016.09.28 12:00:31.995,8.57943,8.58124,1.00,1.00
2016.09.28 12:00:32.046,8.5796,8.58116,1.00,1.00
2016.09.28 12:00:32.097,8.5796,8.58116,1.00,1.00
2016.09.28 12:00:32.148,8.57943,8.58116,1.00,1.00
2016.09.28 12:00:32.295,8.57943,8.58116,1.00,1.00
2016.09.28 12:00:32.346,8.57968,8.58116,1.00,1.00
2016.09.28 12:00:32.397,8.57968,8.58146,1.00,1.00
2016.09.28 12:00:32.613,8.57972,8.58146,1.00,1.00
2016.09.28 12:00:32.664,8.57972,8.58146,1.00,1.00
2016.09.28 12:00:32.891,8.57972,8.58146,1.00,1.00
2016.09.28 12:00:32.942,8.57972,8.58146,1.00,1.00
2016.09.28 12:00:33.043,8.57972,8.5814,1.00,1.00
2016.09.28 12:00:33.094,8.57972,8.5814,1.00,1.00
2016.09.28 12:00:33.318,8.57972,8.5814,1.00,1.00
2016.09.28 12:00:33.437,8.57952,8.58123,1.00,1.00
2016.09.28 12:00:33.691,8.57952,8.58123,1.00,1.00
2016.09.28 12:00:33.742,8.57968,8.58123,1.00,1.00
2016.09.28 12:00:33.843,8.57968,8.58143,1.00,1.00
2016.09.28 12:00:34.184,8.57975,8.58143,1.00,1.00
2016.09.28 12:00:34.252,8.57975,8.58143,1.00,1.00
2016.09.28 12:00:34.562,8.57985,8.58143,1.00,1.00
2016.09.28 12:00:35.041,8.57982,8.58143,1.00,1.00
2016.09.28 12:00:36.672,8.57986,8.58143,1.00,1.00
2016.09.28 12:00:36.773,8.57977,8.58143,1.00,1.00
2016.09.28 12:00:36.968,8.57982,8.58143,1.00,1.00
2016.09.28 12:00:37.281,8.57988,8.58143,1.00,1.00
2016.09.28 12:00:37.772,8.57995,8.58143,1.00,1.00
2016.09.28 12:00:38.953,8.57999,8.58143,1.00,1.00
2016.09.28 12:00:39.149,8.58021,8.58173,1.00,1.00
2016.09.28 12:00:39.254,8.57994,8.58173,1.00,1.00
2016.09.28 12:00:39.305,8.57994,8.58171,1.00,1.00
2016.09.28 12:00:39.573,8.57958,8.58151,1.00,1.00
2016.09.28 12:00:39.624,8.57958,8.58129,1.00,1.00
2016.09.28 12:00:39.676,8.57947,8.58129,1.00,1.50
2016.09.28 12:00:39.728,8.57947,8.58122,1.00,1.00
2016.09.28 12:00:39.881,8.57925,8.58107,1.00,1.00
2016.09.28 12:00:40.125,8.57925,8.58076,1.00,1.00
2016.09.28 12:00:40.176,8.57912,8.58076,1.00,1.00
2016.09.28 12:00:40.227,8.57912,8.58076,1.00,1.00
2016.09.28 12:00:40.436,8.57912,8.58076,1.00,1.00
2016.09.28 12:00:40.538,8.57912,8.58076,1.00,1.00
2016.09.28 12:00:40.702,8.57919,8.58076,1.00,1.00
2016.09.28 12:00:40.753,8.57919,8.58076,1.00,1.00
2016.09.28 12:00:40.804,8.57911,8.58076,1.00,1.00
2016.09.28 12:00:41.599,8.57907,8.58076,1.00,1.00
2016.09.28 12:00:41.700,8.57882,8.58064,1.00,1.00
2016.09.28 12:00:41.751,8.57882,8.58064,1.00,1.00
2016.09.28 12:00:41.853,8.57882,8.58064,1.00,1.50
2016.09.28 12:00:42.038,8.57882,8.58045,1.00,1.00
2016.09.28 12:00:42.089,8.57906,8.58045,1.00,1.00
2016.09.28 12:00:42.140,8.57906,8.58045,1.00,1.00
2016.09.28 12:00:42.191,8.57944,8.58045,1.00,1.00
2016.09.28 12:00:42.242,8.57944,8.58045,1.00,1.00
2016.09.28 12:00:42.293,8.57938,8.58045,1.00,1.00
2016.09.28 12:00:42.344,8.57938,8.5812,1.00,1.00
2016.09.28 12:00:42.491,8.57906,8.58107,1.00,1.00
2016.09.28 12:00:42.649,8.57906,8.58107,1.00,1.00
2016.09.28 12:00:42.775,8.57926,8.58126,1.00,1.00
2016.09.28 12:00:43.082,8.57926,8.58087,1.00,1.00
2016.09.28 12:00:43.184,8.5793,8.58087,1.00,1.00
2016.09.28 12:00:43.337,8.57941,8.58108,1.00,1.00
2016.09.28 12:00:43.889,8.57963,8.58108,1.00,1.00
2016.09.28 12:00:43.991,8.5796,8.58108,1.00,1.00
2016.09.28 12:00:44.144,8.5796,8.58128,1.00,1.00
2016.09.28 12:00:44.536,8.57972,8.58128,1.00,1.00
2016.09.28 12:00:44.888,8.57972,8.58128,1.00,1.00
2016.09.28 12:00:45.032,8.57972,8.58128,1.00,1.00
2016.09.28 12:00:45.084,8.57992,8.58159,1.00,1.00
2016.09.28 12:00:45.388,8.57972,8.58139,1.00,1.00
2016.09.28 12:00:45.491,8.57998,8.58139,1.00,1.00
2016.09.28 12:00:45.627,8.58018,8.58139,1.00,1.00
2016.09.28 12:00:45.678,8.58018,8.58144,1.00,1.00
2016.09.28 12:00:45.780,8.57978,8.58144,1.00,1.00
2016.09.28 12:00:45.882,8.57978,8.58119,1.00,1.00
2016.09.28 12:00:45.984,8.57956,8.58119,1.00,1.00
2016.09.28 12:00:46.179,8.57943,8.58119,1.00,1.00
2016.09.28 12:00:46.416,8.57948,8.58119,1.00,1.00
2016.09.28 12:00:46.812,8.57954,8.58119,1.00,1.00
2016.09.28 12:00:47.216,8.57949,8.58119,1.00,1.00
2016.09.28 12:00:47.402,8.57954,8.58119,1.00,1.00
2016.09.28 12:00:47.554,8.57954,8.58138,1.00,1.00
2016.09.28 12:00:47.715,8.57961,8.58117,1.00,1.00
2016.09.28 12:00:47.766,8.57961,8.58117,1.00,1.00
2016.09.28 12:00:47.927,8.57961,8.58138,1.00,1.00
2016.09.28 12:00:48.217,8.57955,8.58138,1.00,1.00
2016.09.28 12:00:48.370,8.57955,8.58118,1.00,1.00
2016.09.28 12:00:48.420,8.57958,8.58118,1.00,1.00
2016.09.28 12:00:48.556,8.57958,8.58137,1.00,1.00
2016.09.28 12:00:49.374,8.57961,8.58138,1.00,1.00
2016.09.28 12:00:50.350,8.57961,8.58118,1.00,1.00
2016.09.28 12:00:50.708,8.57961,8.58138,1.00,1.00
2016.09.28 12:00:51.342,8.57961,8.58118,1.00,1.00
2016.09.28 12:00:51.597,8.57958,8.58118,1.00,1.00
2016.09.28 12:00:51.726,8.57953,8.58118,1.00,1.00
2016.09.28 12:00:51.777,8.5796,8.58118,1.00,1.00
2016.09.28 12:00:52.588,8.57941,8.581,1.00,1.00
2016.09.28 12:00:52.792,8.57921,8.581,1.00,1.00
2016.09.28 12:00:52.995,8.57921,8.581,1.00,1.00
2016.09.28 12:00:53.398,8.57916,8.58093,1.00,1.00
2016.09.28 12:00:53.499,8.57916,8.58093,1.00,1.50
2016.09.28 12:00:54.508,8.57924,8.58093,1.00,1.00
2016.09.28 12:00:54.802,8.57902,8.58093,1.00,1.00
2016.09.28 12:00:55.135,8.57907,8.58093,1.00,1.00
2016.09.28 12:00:55.799,8.57931,8.58093,1.00,1.00
2016.09.28 12:00:55.900,8.5796,8.58109,1.00,1.00
2016.09.28 12:00:56.003,8.5796,8.58112,1.00,1.00
2016.09.28 12:00:56.222,8.57933,8.58112,1.00,1.50
2016.09.28 12:00:56.324,8.57933,8.58112,1.00,1.50
2016.09.28 12:00:56.530,8.57933,8.58087,1.00,1.00
2016.09.28 12:00:57.120,8.57933,8.58087,1.00,1.00
2016.09.28 12:00:57.188,8.57931,8.58087,1.00,1.00
2016.09.28 12:00:57.821,8.57939,8.58087,1.00,1.00
2016.09.28 12:00:58.388,8.57951,8.58087,1.00,1.00
2016.09.28 12:00:58.738,8.57941,8.58087,1.00,1.00
2016.09.28 12:00:58.840,8.57931,8.58087,1.00,1.00
2016.09.28 12:00:58.890,8.57916,8.58087,1.00,1.00
2016.09.28 12:00:58.992,8.57904,8.58061,1.00,1.00
2016.09.28 12:00:59.203,8.57906,8.58061,1.00,1.00
2016.09.28 12:00:59.305,8.57894,8.58061,1.00,1.00
2016.09.28 12:01:00.237,8.57901,8.58061,1.00,1.00
2016.09.28 12:01:00.842,8.57885,8.58033,1.00,1.00
2016.09.28 12:01:00.893,8.57878,8.58033,1.00,1.00
2016.09.28 12:01:00.944,8.57878,8.58033,1.00,1.00
2016.09.28 12:01:01.697,8.5787,8.5803,1.00,1.00
2016.09.28 12:01:02.436,8.57874,8.58033,1.00,1.00
2016.09.28 12:01:03.322,8.57871,8.58031,1.00,1.00
2016.09.28 12:01:03.512,8.57885,8.58033,1.00,1.00
2016.09.28 12:01:03.665,8.57905,8.58033,1.00,1.00
2016.09.28 12:01:04.601,8.57906,8.58033,1.00,1.00
2016.09.28 12:01:04.902,8.57901,8.58033,1.00,1.00
2016.09.28 12:01:05.164,8.57906,8.58053,1.00,1.00
2016.09.28 12:01:05.339,8.57917,8.58053,1.00,1.00
2016.09.28 12:01:05.440,8.57927,8.58053,1.00,1.00
2016.09.28 12:01:05.542,8.57937,8.58075,1.00,1.00
2016.09.28 12:01:05.860,8.57937,8.58075,1.00,1.00
2016.09.28 12:01:05.961,8.57937,8.58075,1.00,1.00
2016.09.28 12:01:06.012,8.57921,8.58075,1.00,1.00
2016.09.28 12:01:06.063,8.57921,8.58075,1.00,1.00
2016.09.28 12:01:06.245,8.57912,8.58074,1.00,1.00
2016.09.28 12:01:06.527,8.57917,8.58075,1.00,1.00
2016.09.28 12:01:06.580,8.57917,8.58075,1.00,1.00
2016.09.28 12:01:07.007,8.57923,8.58075,1.00,1.00
2016.09.28 12:01:07.058,8.57923,8.58075,1.00,1.00
2016.09.28 12:01:07.277,8.57929,8.58075,1.00,1.00
2016.09.28 12:01:07.379,8.57937,8.58075,1.00,1.00
2016.09.28 12:01:07.480,8.57937,8.58075,1.00,1.00
2016.09.28 12:01:08.008,8.57943,8.58075,1.00,1.00
2016.09.28 12:01:08.312,8.57948,8.58075,1.00,1.00
2016.09.28 12:01:08.372,8.57948,8.58097,1.00,1.00
2016.09.28 12:01:08.423,8.57948,8.5811,1.00,1.00
2016.09.28 12:01:08.950,8.57957,8.58118,1.00,1.00
2016.09.28 12:01:09.911,8.5796,8.58118,1.00,1.00
2016.09.28 12:01:10.346,8.57965,8.58118,1.00,1.00
2016.09.28 12:01:10.424,8.57959,8.58118,1.00,1.00
2016.09.28 12:01:10.714,8.57949,8.58111,1.00,1.00
2016.09.28 12:01:11.015,8.57954,8.58115,1.00,1.00
2016.09.28 12:01:12.418,8.57964,8.58118,1.00,1.00
2016.09.28 12:01:13.219,8.57966,8.58118,1.00,1.00
2016.09.28 12:01:13.322,8.57996,8.58118,1.00,1.00
2016.09.28 12:01:13.373,8.57996,8.58125,1.00,1.00
2016.09.28 12:01:13.531,8.57983,8.5814,1.00,1.00
2016.09.28 12:01:13.836,8.57995,8.5814,1.00,1.00
2016.09.28 12:01:14.107,8.57995,8.5814,1.00,1.00
2016.09.28 12:01:14.365,8.57985,8.5814,1.00,1.00
2016.09.28 12:01:14.815,8.58001,8.58163,1.00,1.00
2016.09.28 12:01:14.972,8.57989,8.58151,1.00,1.00
2016.09.28 12:01:15.124,8.57989,8.58151,1.00,1.00
2016.09.28 12:01:15.404,8.57981,8.58143,1.00,1.00
2016.09.28 12:01:15.457,8.57981,8.58143,1.00,1.00
2016.09.28 12:01:15.508,8.57981,8.58143,1.00,1.00
2016.09.28 12:01:15.711,8.57981,8.58143,1.00,1.00
2016.09.28 12:01:15.812,8.57996,8.58156,1.00,1.00
2016.09.28 12:01:15.929,8.58005,8.58164,1.00,1.50
2016.09.28 12:01:16.111,8.58019,8.58164,1.00,1.50
2016.09.28 12:01:16.213,8.58019,8.58164,1.00,1.50
2016.09.28 12:01:16.264,8.57976,8.58138,1.00,1.00
2016.09.28 12:01:16.315,8.57976,8.58138,1.00,1.00
2016.09.28 12:01:16.701,8.57963,8.58125,1.00,1.00
2016.09.28 12:01:16.752,8.57963,8.5811,1.00,1.00
2016.09.28 12:01:17.366,8.57956,8.5811,1.00,1.00
2016.09.28 12:01:17.564,8.5795,8.5811,1.00,1.00
2016.09.28 12:01:17.616,8.5795,8.5811,1.00,1.00
2016.09.28 12:01:17.667,8.57942,8.58104,1.00,1.00
2016.09.28 12:01:17.769,8.57942,8.58104,1.00,1.00
2016.09.28 12:01:18.052,8.57928,8.58101,1.00,1.00
2016.09.28 12:01:18.103,8.57928,8.58101,1.00,1.12
2016.09.28 12:01:18.357,8.57928,8.58088,1.00,1.00
2016.09.28 12:01:19.244,8.57928,8.58078,1.00,1.00
2016.09.28 12:01:19.556,8.57918,8.58078,1.00,1.00
2016.09.28 12:01:20.164,8.57921,8.58081,1.00,1.00
2016.09.28 12:01:20.743,8.57925,8.58087,1.00,1.00
2016.09.28 12:01:20.845,8.57901,8.58063,1.50,1.00
2016.09.28 12:01:20.895,8.57901,8.5806,1.50,1.00
2016.09.28 12:01:20.946,8.57901,8.58047,1.00,1.00
2016.09.28 12:01:20.997,8.57901,8.58041,1.00,1.00
2016.09.28 12:01:21.048,8.57885,8.58041,1.00,1.00
2016.09.28 12:01:21.154,8.57897,8.58041,1.00,1.00
2016.09.28 12:01:21.834,8.57904,8.58041,1.00,1.00
2016.09.28 12:01:22.968,8.57886,8.58041,1.00,1.00
2016.09.28 12:01:23.070,8.57888,8.58041,1.00,1.00
2016.09.28 12:01:23.172,8.57888,8.58041,1.00,1.00
2016.09.28 12:01:24.039,8.57885,8.58041,1.00,1.00
2016.09.28 12:01:24.340,8.57872,8.58034,1.00,1.00
2016.09.28 12:01:24.391,8.57872,8.58034,1.00,1.37
2016.09.28 12:01:24.442,8.57857,8.57986,1.00,1.00
2016.09.28 12:01:24.544,8.57871,8.57986,1.00,1.00
2016.09.28 12:01:24.645,8.57871,8.57986,1.00,1.00
2016.09.28 12:01:24.841,8.57871,8.57986,1.00,1.00
2016.09.28 12:01:24.892,8.57838,8.57986,1.00,1.00
2016.09.28 12:01:25.759,8.57843,8.57986,1.00,1.00
2016.09.28 12:01:26.764,8.57829,8.57986,1.00,1.00
2016.09.28 12:01:27.199,8.57839,8.57986,1.00,1.00
2016.09.28 12:01:28.803,8.57835,8.57986,1.00,1.00
2016.09.28 12:01:28.854,8.57815,8.57977,1.00,1.00
2016.09.28 12:01:29.855,8.57816,8.57978,1.00,1.00
2016.09.28 12:01:30.987,8.57811,8.57967,1.00,1.00
2016.09.28 12:01:31.089,8.57805,8.57967,1.00,1.00
2016.09.28 12:01:31.882,8.57811,8.57973,1.00,1.00
2016.09.28 12:01:32.262,8.57818,8.5798,1.00,1.00
2016.09.28 12:01:33.106,8.57819,8.57981,1.00,1.00
2016.09.28 12:01:34.110,8.5782,8.57982,1.00,1.00
2016.09.28 12:01:34.578,8.57813,8.57975,1.00,1.50
2016.09.28 12:01:34.629,8.57813,8.57969,1.00,1.00
2016.09.28 12:01:34.680,8.57792,8.57954,1.00,1.00
2016.09.28 12:01:34.833,8.57792,8.57946,1.00,1.00
2016.09.28 12:01:35.676,8.57788,8.57946,1.00,1.00
2016.09.28 12:01:37.390,8.57794,8.57946,1.00,1.00
2016.09.28 12:01:37.492,8.57802,8.57963,1.00,1.00
2016.09.28 12:01:37.652,8.5779,8.57952,1.00,1.00
2016.09.28 12:01:38.394,8.57798,8.57958,1.00,1.00
2016.09.28 12:01:40.507,8.57798,8.5796,1.00,1.00
2016.09.28 12:01:41.218,8.57793,8.57955,1.00,1.00
2016.09.28 12:01:41.543,8.57797,8.57959,1.00,1.00
2016.09.28 12:01:42.485,8.57802,8.57963,1.00,1.00
2016.09.28 12:01:44.137,8.57796,8.57958,1.00,1.00
2016.09.28 12:01:44.239,8.57804,8.57967,1.00,1.00
2016.09.28 12:01:44.704,8.57802,8.57964,1.00,1.00
2016.09.28 12:01:45.188,8.57798,8.57958,1.00,1.00
2016.09.28 12:01:45.790,8.57798,8.57967,1.00,1.00
2016.09.28 12:01:46.841,8.57799,8.57967,1.00,1.00
2016.09.28 12:01:47.505,8.57839,8.57967,1.00,1.00
2016.09.28 12:01:47.607,8.57836,8.57991,1.00,1.00
2016.09.28 12:01:47.708,8.57836,8.57993,1.00,1.00
2016.09.28 12:01:48.316,8.57855,8.57993,1.00,1.00
2016.09.28 12:01:48.522,8.57846,8.57993,1.00,1.00
2016.09.28 12:01:49.147,8.5784,8.57993,1.00,1.00
2016.09.28 12:01:49.398,8.57853,8.57993,1.00,1.00
2016.09.28 12:01:49.691,8.57853,8.58015,1.00,1.00
2016.09.28 12:01:49.801,8.57845,8.58004,1.00,1.00
2016.09.28 12:01:50.055,8.57845,8.57995,1.00,1.50
2016.09.28 12:01:50.106,8.57833,8.57995,1.00,1.50
2016.09.28 12:01:50.931,8.57834,8.57995,1.00,1.00
2016.09.28 12:01:51.209,8.57841,8.57995,1.00,1.00
2016.09.28 12:01:51.924,8.57837,8.57995,1.00,1.00
2016.09.28 12:01:52.253,8.57834,8.57995,1.00,1.00
2016.09.28 12:01:52.810,8.5784,8.57995,1.00,1.00
2016.09.28 12:01:53.314,8.57836,8.57995,1.00,1.00
2016.09.28 12:01:54.232,8.57832,8.57994,1.00,1.00
2016.09.28 12:01:54.313,8.57839,8.57995,1.00,1.00
2016.09.28 12:01:54.520,8.57832,8.57994,1.00,1.00
2016.09.28 12:01:54.914,8.5784,8.57995,1.00,1.00
2016.09.28 12:01:55.359,8.57854,8.57995,1.00,1.00
2016.09.28 12:01:55.934,8.57858,8.57995,1.00,1.00
2016.09.28 12:01:56.045,8.57846,8.57992,1.00,1.00
2016.09.28 12:01:56.147,8.57846,8.57992,1.00,1.00
2016.09.28 12:01:56.248,8.57827,8.57992,1.00,1.00
2016.09.28 12:01:57.017,8.5783,8.57994,1.00,1.00
2016.09.28 12:01:58.231,8.57818,8.57994,1.00,1.00
2016.09.28 12:01:58.332,8.57827,8.57991,1.00,1.00
2016.09.28 12:01:58.522,8.57818,8.5799,1.00,1.00
2016.09.28 12:01:58.624,8.57818,8.57964,1.00,1.00
2016.09.28 12:01:58.820,8.578,8.57964,1.00,1.00
2016.09.28 12:01:59.623,8.57803,8.57965,1.00,1.00
2016.09.28 12:02:00.562,8.57826,8.57977,1.00,1.00
2016.09.28 12:02:00.766,8.5782,8.57977,1.50,1.00
2016.09.28 12:02:00.938,8.5782,8.57977,1.00,1.00
2016.09.28 12:02:01.315,8.5782,8.57968,1.00,1.00
2016.09.28 12:02:02.031,8.5782,8.57967,1.00,1.00
2016.09.28 12:02:02.780,8.5782,8.57975,1.00,1.00
2016.09.28 12:02:02.831,8.57824,8.57977,1.00,1.00
2016.09.28 12:02:03.153,8.5783,8.57977,1.00,1.00
2016.09.28 12:02:04.047,8.57833,8.57977,1.00,1.00
2016.09.28 12:02:04.432,8.57836,8.57977,1.00,1.00
2016.09.28 12:02:06.346,8.57844,8.58001,1.00,1.00
2016.09.28 12:02:06.549,8.57851,8.58001,1.00,1.00
2016.09.28 12:02:07.379,8.57831,8.58001,1.00,1.00
2016.09.28 12:02:07.430,8.57831,8.57982,1.00,1.00
2016.09.28 12:02:07.735,8.57833,8.57982,1.00,1.00
2016.09.28 12:02:07.845,8.57823,8.57982,1.00,1.00
2016.09.28 12:02:07.896,8.57823,8.57958,1.00,1.00
2016.09.28 12:02:07.947,8.5782,8.57958,1.00,1.00
2016.09.28 12:02:08.240,8.57811,8.57958,1.00,1.00
2016.09.28 12:02:08.644,8.57807,8.57958,1.00,1.00
2016.09.28 12:02:09.843,8.57822,8.57958,1.00,1.00
2016.09.28 12:02:09.945,8.57806,8.57958,1.00,1.00
2016.09.28 12:02:10.263,8.57807,8.57968,1.00,1.00
2016.09.28 12:02:10.471,8.57827,8.57978,1.00,1.00
2016.09.28 12:02:10.572,8.57821,8.57978,1.00,1.00
2016.09.28 12:02:10.814,8.57821,8.57983,1.00,1.00
2016.09.28 12:02:10.865,8.57839,8.58,1.00,1.00
2016.09.28 12:02:11.324,8.57839,8.57983,1.00,1.00
2016.09.28 12:02:11.476,8.57834,8.57983,1.00,1.00
2016.09.28 12:02:11.645,8.57844,8.57983,1.00,1.00
2016.09.28 12:02:11.956,8.57838,8.57983,1.00,1.00
2016.09.28 12:02:12.383,8.57822,8.57983,1.00,1.00
2016.09.28 12:02:12.571,8.57819,8.57974,1.00,1.00
2016.09.28 12:02:12.672,8.57819,8.57964,1.00,1.00
2016.09.28 12:02:13.025,8.57819,8.57964,1.50,1.00
2016.09.28 12:02:13.076,8.57819,8.57964,1.50,1.00
2016.09.28 12:02:13.177,8.57819,8.57964,1.00,1.00
2016.09.28 12:02:13.503,8.57819,8.57962,1.00,1.00
2016.09.28 12:02:13.602,8.57819,8.57962,1.00,1.00
2016.09.28 12:02:13.704,8.57787,8.57935,1.00,1.00
2016.09.28 12:02:13.806,8.57787,8.57935,1.00,1.00
2016.09.28 12:02:13.908,8.57773,8.57935,1.00,1.00
2016.09.28 12:02:13.959,8.57761,8.57923,1.00,1.00
2016.09.28 12:02:14.010,8.57761,8.57923,1.00,1.00
2016.09.28 12:02:14.519,8.57761,8.57923,1.00,1.00
2016.09.28 12:02:14.718,8.57761,8.57923,1.00,1.00
2016.09.28 12:02:14.768,8.57758,8.5791,1.00,1.00
2016.09.28 12:02:14.819,8.57758,8.57895,1.00,1.00
2016.09.28 12:02:18.001,8.57736,8.57895,1.00,1.00
2016.09.28 12:02:18.804,8.57742,8.57895,1.00,1.00
2016.09.28 12:02:19.796,8.57746,8.57895,1.00,1.00
2016.09.28 12:02:21.400,8.57748,8.57895,1.00,1.00
2016.09.28 12:02:22.024,8.57727,8.57867,1.00,1.00
2016.09.28 12:02:22.099,8.5772,8.57867,1.00,1.00
2016.09.28 12:02:22.150,8.5772,8.57867,1.00,1.00
2016.09.28 12:02:22.201,8.57711,8.57867,1.00,1.00
2016.09.28 12:02:22.252,8.57711,8.57867,1.00,1.00
2016.09.28 12:02:22.373,8.57711,8.57867,1.00,1.00
2016.09.28 12:02:25.178,8.5771,8.57867,1.00,1.00
2016.09.28 12:02:26.384,8.57712,8.57867,1.00,1.00
2016.09.28 12:02:26.440,8.57712,8.57867,1.00,1.00
2016.09.28 12:02:26.490,8.57701,8.57863,1.00,1.00
2016.09.28 12:02:26.614,8.57702,8.57867,1.00,1.00
2016.09.28 12:02:26.665,8.57702,8.57867,1.00,1.00
2016.09.28 12:02:26.717,8.57703,8.57865,1.00,1.00
2016.09.28 12:02:26.768,8.57703,8.57865,1.00,1.00
2016.09.28 12:02:27.588,8.57701,8.57861,1.00,1.00
2016.09.28 12:02:29.344,8.57701,8.57861,1.00,1.00
2016.09.28 12:02:29.395,8.57699,8.57861,1.00,1.00
2016.09.28 12:02:29.568,8.57699,8.57836,1.00,1.00
2016.09.28 12:02:31.150,8.57697,8.57836,1.00,1.00
2016.09.28 12:02:31.201,8.57697,8.57824,1.00,1.00
2016.09.28 12:02:31.252,8.57664,8.57824,1.00,1.00
2016.09.28 12:02:31.303,8.57664,8.57805,1.00,1.00
2016.09.28 12:02:31.831,8.57664,8.57824,1.00,1.00
2016.09.28 12:02:32.201,8.57661,8.57823,1.00,1.00
2016.09.28 12:02:32.642,8.57659,8.57826,1.00,1.00
2016.09.28 12:02:32.795,8.57659,8.57826,1.00,1.00
2016.09.28 12:02:32.938,8.57669,8.57826,1.00,1.00
2016.09.28 12:02:33.442,8.57656,8.57818,1.00,1.00
2016.09.28 12:02:34.007,8.57651,8.57813,1.00,1.00
2016.09.28 12:02:34.123,8.57618,8.57784,1.00,1.00
2016.09.28 12:02:34.174,8.57618,8.57784,1.00,1.00
2016.09.28 12:02:34.225,8.57591,8.57752,1.00,1.00
2016.09.28 12:02:34.428,8.57609,8.57751,1.00,1.00
2016.09.28 12:02:34.635,8.57609,8.57771,1.00,1.00
2016.09.28 12:02:34.790,8.57609,8.57771,1.00,1.00
2016.09.28 12:02:34.841,8.57625,8.57787,1.00,1.00
2016.09.28 12:02:35.614,8.57639,8.57795,1.00,1.00
2016.09.28 12:02:35.715,8.57639,8.57795,1.00,1.00
2016.09.28 12:02:35.766,8.57639,8.57801,1.00,1.00
2016.09.28 12:02:36.115,8.5763,8.57791,1.00,1.00
2016.09.28 12:02:40.221,8.57628,8.5779,1.00,1.00
2016.09.28 12:02:40.722,8.5763,8.5779,1.00,1.00
2016.09.28 12:02:40.874,8.57648,8.57808,1.00,1.00
2016.09.28 12:02:40.925,8.57686,8.57799,1.00,1.00
2016.09.28 12:02:41.225,8.57698,8.57856,1.00,1.00
2016.09.28 12:02:41.276,8.57698,8.57856,1.00,1.00
2016.09.28 12:02:41.708,8.57698,8.57856,1.00,1.00
2016.09.28 12:02:41.759,8.57698,8.57856,1.00,1.00
2016.09.28 12:02:41.860,8.57708,8.57868,1.00,1.00
2016.09.28 12:02:42.199,8.57714,8.57874,1.00,1.00
2016.09.28 12:02:42.251,8.57709,8.57864,1.00,1.00
2016.09.28 12:02:43.227,8.57707,8.57864,1.00,1.00
2016.09.28 12:02:44.460,8.57705,8.57864,1.00,1.00
2016.09.28 12:02:44.950,8.577,8.57862,1.00,1.00
2016.09.28 12:02:45.031,8.57705,8.57864,1.00,1.00
2016.09.28 12:02:45.167,8.57705,8.57864,1.00,1.00
2016.09.28 12:02:45.448,8.57701,8.57861,1.00,1.00
2016.09.28 12:02:45.762,8.57693,8.57863,1.00,1.00
2016.09.28 12:02:45.814,8.57693,8.57844,1.00,1.00
2016.09.28 12:02:45.865,8.57689,8.57844,1.00,1.00
2016.09.28 12:02:46.438,8.57674,8.57838,1.00,1.00
2016.09.28 12:02:47.226,8.57674,8.57823,1.00,1.00
2016.09.28 12:02:47.277,8.57662,8.57823,1.00,1.00
2016.09.28 12:02:47.379,8.57682,8.57823,1.00,1.00
2016.09.28 12:02:47.430,8.57682,8.57846,1.00,1.50
2016.09.28 12:02:47.481,8.5767,8.57834,1.00,1.00
2016.09.28 12:02:47.610,8.5767,8.5782,1.00,1.00
2016.09.28 12:02:48.261,8.57664,8.5782,1.00,1.00
2016.09.28 12:02:49.241,8.57662,8.5782,1.50,1.00
2016.09.28 12:02:52.387,8.5767,8.5782,1.00,1.00
2016.09.28 12:02:52.850,8.57662,8.5782,1.50,1.00
2016.09.28 12:02:55.790,8.57662,8.57798,1.00,1.00
2016.09.28 12:02:55.841,8.57662,8.57798,1.00,1.00
2016.09.28 12:02:55.893,8.57642,8.57793,1.00,1.00
2016.09.28 12:02:55.944,8.57634,8.57793,1.00,1.00
2016.09.28 12:02:56.301,8.57645,8.57793,1.00,1.00
2016.09.28 12:02:56.652,8.57627,8.57791,1.00,1.00
2016.09.28 12:02:56.805,8.57615,8.57761,1.00,1.00
2016.09.28 12:02:56.907,8.57597,8.57761,1.00,1.00
2016.09.28 12:02:57.009,8.57597,8.57761,1.00,1.00
2016.09.28 12:02:57.307,8.57598,8.57759,1.00,1.00
2016.09.28 12:02:58.180,8.57616,8.57762,1.00,1.00
2016.09.28 12:02:58.532,8.5762,8.57762,1.00,1.00
2016.09.28 12:02:59.559,8.57615,8.57762,1.00,1.00
2016.09.28 12:02:59.610,8.57605,8.57762,1.00,1.00
2016.09.28 12:02:59.952,8.57605,8.57762,1.00,1.00
2016.09.28 12:03:00.002,8.57615,8.57762,1.00,1.00
2016.09.28 12:03:00.462,8.57624,8.57762,1.00,1.00
2016.09.28 12:03:01.109,8.57624,8.57762,1.00,1.00
2016.09.28 12:03:02.075,8.57621,8.57762,1.00,1.00
2016.09.28 12:03:02.314,8.57617,8.57762,1.00,1.00
2016.09.28 12:03:02.613,8.57617,8.57762,1.00,1.00
2016.09.28 12:03:02.769,8.57622,8.57762,1.00,1.00
2016.09.28 12:03:03.768,8.57623,8.57762,1.00,1.00
2016.09.28 12:03:05.170,8.57619,8.57762,1.00,1.00
2016.09.28 12:03:05.471,8.57605,8.57762,1.00,1.00
2016.09.28 12:03:05.573,8.57597,8.57759,1.00,1.00
2016.09.28 12:03:05.624,8.57597,8.57759,1.00,1.00
2016.09.28 12:03:05.877,8.57587,8.57749,1.00,1.00
2016.09.28 12:03:06.933,8.57587,8.57737,1.00,1.00
2016.09.28 12:03:07.316,8.57578,8.57737,1.00,1.00
2016.09.28 12:03:07.430,8.57558,8.5772,1.00,1.00
2016.09.28 12:03:07.482,8.57558,8.5772,1.00,1.00
2016.09.28 12:03:07.538,8.57558,8.57716,1.00,1.00
2016.09.28 12:03:07.592,8.57558,8.57716,1.00,1.00
2016.09.28 12:03:07.746,8.57568,8.57716,1.00,1.00
2016.09.28 12:03:07.923,8.57568,8.57716,1.00,1.00
2016.09.28 12:03:07.975,8.57568,8.57716,1.00,1.00
2016.09.28 12:03:08.300,8.57558,8.57716,1.00,1.00
2016.09.28 12:03:09.918,8.57547,8.57705,1.00,1.00
2016.09.28 12:03:10.021,8.5754,8.57687,1.00,1.00
2016.09.28 12:03:10.072,8.5754,8.57687,1.00,1.00
2016.09.28 12:03:10.214,8.57519,8.57687,1.00,1.00
2016.09.28 12:03:10.419,8.57518,8.5768,1.00,1.00
2016.09.28 12:03:12.592,8.57498,8.5766,1.00,1.00
2016.09.28 12:03:12.797,8.57498,8.5766,1.00,1.00
2016.09.28 12:03:13.001,8.57498,8.5766,1.00,1.00
2016.09.28 12:03:13.585,8.57493,8.57655,1.00,1.00
2016.09.28 12:03:13.676,8.57493,8.57655,1.00,1.00
2016.09.28 12:03:13.778,8.57493,8.57655,1.00,1.00
2016.09.28 12:03:13.967,8.57493,8.57655,1.00,1.00
2016.09.28 12:03:15.032,8.57492,8.57653,1.00,1.00
2016.09.28 12:03:16.223,8.5749,8.57651,1.00,1.00
2016.09.28 12:03:16.416,8.57473,8.57635,1.00,1.00
2016.09.28 12:03:16.518,8.57463,8.57631,1.00,1.00
2016.09.28 12:03:16.721,8.57456,8.57634,1.50,1.00
2016.09.28 12:03:16.882,8.57456,8.57634,1.50,1.00
2016.09.28 12:03:16.984,8.57456,8.57634,1.50,1.00
2016.09.28 12:03:17.119,8.57471,8.57639,1.00,1.00
2016.09.28 12:03:17.175,8.57471,8.57639,1.00,1.00
2016.09.28 12:03:17.371,8.57471,8.57639,1.00,1.00
2016.09.28 12:03:17.422,8.57483,8.57639,1.00,1.00
2016.09.28 12:03:17.668,8.57483,8.57639,1.00,1.00
2016.09.28 12:03:17.719,8.57494,8.57639,1.00,1.00
2016.09.28 12:03:18.403,8.57492,8.57659,1.00,1.00
2016.09.28 12:03:19.395,8.57491,8.57659,1.00,1.00
2016.09.28 12:03:19.696,8.57496,8.57659,1.00,1.00
2016.09.28 12:03:22.285,8.5749,8.57659,1.00,1.00
2016.09.28 12:03:22.815,8.57491,8.57659,1.00,1.00
2016.09.28 12:03:23.245,8.5752,8.57659,1.00,1.00
2016.09.28 12:03:23.304,8.5752,8.57659,1.00,1.00
2016.09.28 12:03:23.428,8.57529,8.57703,1.00,1.00
2016.09.28 12:03:23.770,8.57529,8.57699,1.00,1.00
2016.09.28 12:03:24.339,8.57526,8.57699,1.00,1.00
2016.09.28 12:03:25.329,8.57524,8.57698,1.00,1.00
2016.09.28 12:03:25.609,8.57525,8.57699,1.00,1.50
2016.09.28 12:03:26.653,8.57528,8.57699,1.00,1.00
2016.09.28 12:03:26.911,8.5755,8.57699,1.00,1.00
2016.09.28 12:03:26.963,8.5755,8.57724,1.00,1.50
2016.09.28 12:03:27.014,8.57561,8.57724,1.00,1.00
2016.09.28 12:03:27.116,8.57561,8.57724,1.00,1.00
2016.09.28 12:03:27.333,8.57561,8.57724,1.00,1.00
2016.09.28 12:03:28.049,8.57562,8.57724,1.00,1.00
2016.09.28 12:03:29.528,8.57548,8.57722,1.00,1.00
2016.09.28 12:03:30.829,8.57534,8.57708,1.00,1.00
2016.09.28 12:03:31.148,8.57534,8.57701,1.00,1.00
2016.09.28 12:03:32.620,8.57546,8.57701,1.00,1.00
2016.09.28 12:03:32.755,8.57562,8.57723,1.00,1.00
2016.09.28 12:03:32.857,8.57574,8.57723,1.00,1.00
2016.09.28 12:03:32.958,8.57576,8.57723,1.00,1.00
2016.09.28 12:03:33.110,8.57575,8.57745,1.00,1.00
2016.09.28 12:03:33.161,8.57556,8.57745,1.00,1.00
2016.09.28 12:03:33.662,8.57573,8.57743,1.00,1.00
2016.09.28 12:03:33.719,8.57556,8.57745,1.50,1.00
2016.09.28 12:03:33.919,8.57556,8.57722,1.00,1.00
2016.09.28 12:03:33.970,8.57556,8.57722,1.00,1.00
2016.09.28 12:03:34.021,8.57559,8.57739,1.00,1.00
2016.09.28 12:03:34.123,8.57582,8.5775,1.00,1.50
2016.09.28 12:03:34.325,8.5756,8.57744,1.00,1.00
2016.09.28 12:03:34.517,8.5756,8.57728,1.00,1.00
2016.09.28 12:03:34.568,8.5756,8.57728,1.00,1.00
2016.09.28 12:03:34.724,8.5756,8.57728,1.00,1.00
2016.09.28 12:03:35.360,8.57556,8.57721,1.00,1.00
2016.09.28 12:03:35.720,8.57561,8.57725,1.00,1.00
2016.09.28 12:03:36.031,8.57563,8.57725,1.00,1.00
2016.09.28 12:03:36.954,8.57579,8.57733,1.00,1.00
2016.09.28 12:03:37.058,8.57586,8.57748,1.00,1.00
2016.09.28 12:03:37.168,8.57586,8.57748,1.00,1.00
2016.09.28 12:03:37.551,8.57615,8.57763,1.00,1.00
2016.09.28 12:03:37.602,8.57615,8.57777,1.00,1.00
2016.09.28 12:03:37.653,8.57615,8.57777,1.00,1.00
2016.09.28 12:03:37.990,8.57627,8.57787,1.00,1.00
2016.09.28 12:03:41.030,8.57617,8.57774,1.00,1.00
2016.09.28 12:03:41.081,8.57617,8.57774,1.00,1.00
2016.09.28 12:03:42.031,8.57617,8.57771,1.00,1.00
2016.09.28 12:03:42.733,8.57617,8.57774,1.00,1.00
2016.09.28 12:03:42.835,8.57617,8.57779,1.50,1.00
2016.09.28 12:03:43.142,8.57617,8.57764,1.00,1.00
2016.09.28 12:03:43.571,8.57597,8.57753,1.00,1.00
2016.09.28 12:03:43.697,8.57591,8.57753,1.00,1.00
2016.09.28 12:03:44.196,8.57591,8.57753,1.00,1.00
2016.09.28 12:03:44.496,8.57595,8.57757,1.00,1.00
2016.09.28 12:03:45.572,8.57591,8.57753,1.00,1.00
2016.09.28 12:03:45.674,8.57591,8.57753,1.00,1.00
2016.09.28 12:03:46.559,8.57579,8.57732,1.00,1.00
2016.09.28 12:03:46.661,8.57579,8.57727,1.00,1.00
2016.09.28 12:03:46.758,8.57565,8.57727,1.00,1.00
2016.09.28 12:03:46.861,8.57553,8.57715,1.00,1.00
2016.09.28 12:03:47.433,8.57553,8.57715,1.00,1.00
2016.09.28 12:03:47.968,8.57554,8.57716,1.00,1.00
2016.09.28 12:03:48.343,8.57573,8.57735,1.00,1.00
2016.09.28 12:03:48.647,8.57559,8.57721,1.00,1.00
2016.09.28 12:03:48.976,8.5755,8.57712,1.00,1.00
2016.09.28 12:03:49.467,8.5755,8.57712,1.00,1.00
2016.09.28 12:03:49.689,8.57549,8.57708,1.00,1.00
2016.09.28 12:03:49.795,8.57549,8.57708,1.00,1.00
2016.09.28 12:03:49.896,8.57549,8.57708,1.00,1.00
2016.09.28 12:03:50.218,8.57549,8.57708,1.00,1.00
2016.09.28 12:03:50.383,8.57549,8.57722,1.00,1.00
2016.09.28 12:03:50.530,8.57581,8.57743,1.00,1.00
2016.09.28 12:03:50.682,8.57586,8.57748,1.00,1.50
2016.09.28 12:03:50.792,8.57569,8.57731,1.00,1.00
2016.09.28 12:03:50.894,8.57569,8.57731,1.00,1.00
2016.09.28 12:03:51.212,8.57573,8.57725,1.00,1.00
2016.09.28 12:03:51.574,8.57559,8.57721,1.00,1.00
2016.09.28 12:03:51.765,8.57549,8.5769,1.00,1.00
2016.09.28 12:03:51.918,8.57528,8.5769,1.00,1.00
2016.09.28 12:03:52.276,8.57528,8.5769,1.00,1.00
2016.09.28 12:03:52.774,8.57525,8.57687,1.00,1.00
2016.09.28 12:03:53.422,8.57525,8.57687,1.00,1.00
2016.09.28 12:03:54.377,8.57528,8.5769,1.00,1.00
2016.09.28 12:03:55.062,8.57523,8.5768,1.00,1.00
2016.09.28 12:03:56.080,8.57519,8.5768,1.00,1.00
2016.09.28 12:03:57.062,8.57518,8.5768,1.00,1.50
2016.09.28 12:03:58.063,8.57516,8.57678,1.00,1.00
2016.09.28 12:03:59.197,8.5752,8.5768,1.00,1.00
2016.09.28 12:03:59.299,8.57514,8.57676,1.00,1.00
2016.09.28 12:03:59.400,8.57522,8.5768,1.00,1.00
2016.09.28 12:04:01.777,8.57526,8.5768,1.00,1.00
2016.09.28 12:04:02.488,8.57522,8.5768,1.00,1.00
2016.09.28 12:04:03.707,8.57518,8.5768,1.00,1.50
2016.09.28 12:04:03.809,8.57494,8.57656,1.00,1.00
2016.09.28 12:04:03.913,8.57494,8.57656,1.00,1.00
2016.09.28 12:04:04.378,8.57507,8.57669,1.00,1.00
2016.09.28 12:04:04.430,8.57507,8.57669,1.00,1.00
2016.09.28 12:04:04.480,8.57518,8.5768,1.00,1.50
2016.09.28 12:04:05.380,8.57514,8.57676,1.00,1.00
2016.09.28 12:04:07.911,8.5752,8.5768,1.00,1.00
2016.09.28 12:04:10.392,8.57528,8.5768,1.00,1.00
2016.09.28 12:04:11.596,8.57529,8.5768,1.00,1.00
2016.09.28 12:04:17.450,8.57546,8.57708,1.00,1.50
2016.09.28 12:04:17.633,8.57553,8.57708,1.00,1.00
2016.09.28 12:04:17.837,8.57553,8.57708,1.00,1.00
2016.09.28 12:04:18.512,8.57562,8.57708,1.00,1.00
2016.09.28 12:04:18.845,8.57566,8.57708,1.00,1.00
2016.09.28 12:04:19.571,8.57566,8.57708,1.00,1.00
2016.09.28 12:04:19.846,8.57554,8.57708,1.00,1.00
2016.09.28 12:04:19.947,8.57549,8.57708,1.00,1.00
2016.09.28 12:04:21.417,8.57567,8.57708,1.00,1.00
2016.09.28 12:04:21.726,8.57572,8.57708,1.00,1.00
2016.09.28 12:04:24.422,8.57574,8.57708,1.00,1.00
2016.09.28 12:04:25.422,8.57572,8.57708,1.00,1.00
2016.09.28 12:04:26.625,8.57569,8.57708,1.00,1.00
2016.09.28 12:04:29.166,8.57569,8.57708,1.00,1.00
2016.09.28 12:04:29.267,8.57552,8.57708,1.00,1.00
2016.09.28 12:04:30.280,8.57556,8.57708,1.00,1.00
2016.09.28 12:04:30.833,8.57548,8.57706,1.50,1.00
2016.09.28 12:04:30.935,8.57528,8.57685,1.00,1.00
2016.09.28 12:04:30.986,8.57518,8.57676,1.00,1.00
2016.09.28 12:04:31.037,8.57514,8.57649,1.00,1.00
2016.09.28 12:04:31.087,8.57514,8.57649,1.00,1.00
2016.09.28 12:04:31.138,8.57494,8.57649,1.00,1.00
2016.09.28 12:04:31.189,8.57489,8.57649,1.00,1.00
2016.09.28 12:04:31.376,8.57489,8.57649,1.00,1.00
2016.09.28 12:04:31.579,8.57489,8.57649,1.00,1.00
2016.09.28 12:04:32.037,8.57492,8.57652,1.00,1.00
2016.09.28 12:04:32.139,8.57497,8.57657,1.00,1.50
2016.09.28 12:04:33.125,8.57493,8.57653,1.00,1.00
2016.09.28 12:04:33.541,8.57512,8.57657,1.00,1.00
2016.09.28 12:04:33.693,8.57528,8.57657,1.00,1.00
2016.09.28 12:04:33.825,8.57528,8.57675,1.00,1.00
2016.09.28 12:04:33.876,8.57499,8.57659,1.00,1.00
2016.09.28 12:04:33.928,8.57499,8.57656,1.00,1.00
2016.09.28 12:04:34.643,8.57504,8.57656,1.00,1.00
2016.09.28 12:04:35.045,8.57519,8.57656,1.00,1.00
2016.09.28 12:04:35.096,8.57519,8.57656,1.00,1.00
2016.09.28 12:04:35.946,8.57522,8.57656,1.00,1.00
2016.09.28 12:04:36.196,8.57505,8.57656,1.00,1.00
2016.09.28 12:04:36.541,8.57508,8.57656,1.00,1.00
2016.09.28 12:04:37.148,8.57516,8.57656,1.00,1.00
2016.09.28 12:04:37.250,8.57505,8.57656,1.00,1.00
2016.09.28 12:04:37.676,8.57505,8.57656,1.00,1.00
2016.09.28 12:04:37.850,8.57498,8.57656,1.00,1.50
2016.09.28 12:04:37.901,8.57498,8.57656,1.00,1.50
2016.09.28 12:04:37.952,8.57496,8.57656,1.00,1.50
2016.09.28 12:04:38.003,8.57496,8.57656,1.00,1.50
2016.09.28 12:04:38.288,8.5749,8.5765,1.00,1.00
2016.09.28 12:04:38.436,8.5749,8.5765,1.00,1.00
2016.09.28 12:04:39.085,8.5749,8.5765,1.00,1.00
2016.09.28 12:04:39.137,8.5749,8.5765,1.00,1.00
2016.09.28 12:04:41.102,8.57512,8.57656,1.00,1.00
2016.09.28 12:04:41.153,8.57512,8.57656,1.00,1.00
2016.09.28 12:04:41.204,8.57505,8.57674,1.00,1.50
2016.09.28 12:04:41.349,8.57508,8.57667,1.00,1.00
2016.09.28 12:04:42.265,8.57504,8.57664,1.00,1.00
2016.09.28 12:04:42.465,8.57494,8.57654,1.00,1.00
2016.09.28 12:04:42.516,8.57494,8.57651,1.00,1.00
2016.09.28 12:04:42.567,8.5749,8.5765,1.00,1.00
2016.09.28 12:04:42.618,8.5749,8.5765,1.00,1.00
2016.09.28 12:04:42.712,8.5749,8.5765,1.00,1.00
2016.09.28 12:04:43.229,8.5749,8.5765,1.00,1.00
2016.09.28 12:04:44.145,8.5749,8.5765,1.00,1.00
2016.09.28 12:04:48.478,8.57493,8.5765,1.00,1.00
2016.09.28 12:04:48.779,8.57487,8.57647,1.00,1.00
2016.09.28 12:04:48.830,8.57487,8.57647,1.00,1.00
2016.09.28 12:04:48.932,8.57487,8.57647,1.00,1.00
2016.09.28 12:04:49.684,8.57491,8.57651,1.00,1.50
2016.09.28 12:04:49.786,8.57488,8.57646,1.00,1.00
2016.09.28 12:04:49.920,8.57488,8.57646,1.00,1.00
2016.09.28 12:04:49.971,8.57488,8.57646,1.00,1.00
2016.09.28 12:04:50.723,8.57469,8.57634,1.00,1.00
2016.09.28 12:04:50.864,8.57469,8.57634,1.00,1.00
2016.09.28 12:04:50.915,8.57481,8.57641,1.00,1.00
2016.09.28 12:04:50.966,8.57481,8.57641,1.00,1.00
2016.09.28 12:04:51.390,8.57487,8.57645,1.00,1.00
2016.09.28 12:04:51.891,8.5749,8.5765,1.00,1.00
2016.09.28 12:04:53.231,8.5749,8.5765,1.00,1.00
2016.09.28 12:04:56.698,8.57492,8.57651,1.00,1.00
2016.09.28 12:05:01.213,8.57494,8.57651,1.00,1.00
2016.09.28 12:05:01.634,8.57505,8.57651,1.00,1.00
2016.09.28 12:05:01.736,8.57505,8.57663,1.00,1.00
2016.09.28 12:05:02.052,8.57499,8.57659,1.00,1.00
2016.09.28 12:05:02.623,8.57502,8.57662,1.00,1.00
2016.09.28 12:05:03.617,8.57505,8.57665,1.00,1.00
2016.09.28 12:05:04.344,8.57511,8.57669,1.00,1.00
2016.09.28 12:05:04.627,8.57495,8.57655,1.00,1.00
2016.09.28 12:05:05.329,8.575,8.5766,1.00,1.00
2016.09.28 12:05:06.923,8.57502,8.5766,1.00,1.00
2016.09.28 12:05:07.126,8.57515,8.57669,1.00,1.00
2016.09.28 12:05:07.650,8.57523,8.57669,1.00,1.00
2016.09.28 12:05:08.726,8.57541,8.57669,1.00,1.00
2016.09.28 12:05:08.919,8.57534,8.57693,1.00,1.00
2016.09.28 12:05:08.991,8.57534,8.57693,1.00,1.00
2016.09.28 12:05:09.829,8.57529,8.57687,1.00,1.00
2016.09.28 12:05:10.160,8.57517,8.57677,1.00,1.00
2016.09.28 12:05:10.211,8.57517,8.57677,1.00,1.00
2016.09.28 12:05:10.515,8.57517,8.57667,1.00,1.00
2016.09.28 12:05:10.655,8.57517,8.57647,1.00,1.00
2016.09.28 12:05:11.050,8.57517,8.57668,1.00,1.00
2016.09.28 12:05:11.758,8.57508,8.57668,1.00,1.50
2016.09.28 12:05:12.398,8.57508,8.57668,1.00,1.00
2016.09.28 12:05:12.724,8.57508,8.57668,1.00,1.00
2016.09.28 12:05:12.775,8.57524,8.57674,1.00,1.00
2016.09.28 12:05:12.826,8.57524,8.57674,1.00,1.00
2016.09.28 12:05:13.067,8.5754,8.57707,1.00,1.00
2016.09.28 12:05:13.744,8.57547,8.57707,1.00,1.00
2016.09.28 12:05:14.144,8.57552,8.57712,1.00,1.00
2016.09.28 12:05:14.403,8.57552,8.57712,1.00,1.00
2016.09.28 12:05:14.503,8.57552,8.57712,1.00,1.00
2016.09.28 12:05:14.745,8.57556,8.57716,1.00,1.00
2016.09.28 12:05:15.183,8.57579,8.57721,1.00,1.00
2016.09.28 12:05:15.234,8.57579,8.57729,1.00,1.00
2016.09.28 12:05:15.459,8.57611,8.57771,1.00,1.00
2016.09.28 12:05:16.192,8.57593,8.57753,1.00,1.00
2016.09.28 12:05:16.243,8.57593,8.57753,1.00,1.00
2016.09.28 12:05:16.294,8.57583,8.57742,1.00,1.00
2016.09.28 12:05:16.345,8.57582,8.57742,1.00,1.00
2016.09.28 12:05:16.396,8.5757,8.57729,1.00,1.00
2016.09.28 12:05:16.532,8.57574,8.57732,1.00,1.00
2016.09.28 12:05:16.583,8.57571,8.57731,1.00,1.00
2016.09.28 12:05:16.686,8.57553,8.57731,1.00,1.00
2016.09.28 12:05:16.737,8.57553,8.57731,1.00,1.00
2016.09.28 12:05:16.788,8.57553,8.5771,1.00,1.00
2016.09.28 12:05:16.839,8.5755,8.5771,1.00,1.00
2016.09.28 12:05:17.114,8.5755,8.5771,1.00,1.00
2016.09.28 12:05:17.225,8.5755,8.5771,1.00,1.00
2016.09.28 12:05:17.327,8.5755,8.5771,1.00,1.00
2016.09.28 12:05:17.378,8.57564,8.57721,1.00,1.00
2016.09.28 12:05:17.555,8.57564,8.57721,1.00,1.00
2016.09.28 12:05:17.657,8.57555,8.57715,1.00,1.00
2016.09.28 12:05:18.216,8.57555,8.57715,1.00,1.00
2016.09.28 12:05:18.619,8.5756,8.5772,1.00,1.00
2016.09.28 12:05:19.090,8.57578,8.57735,1.00,1.00
2016.09.28 12:05:19.260,8.57583,8.57743,1.00,1.00
2016.09.28 12:05:19.631,8.57583,8.57743,1.00,1.00
2016.09.28 12:05:19.682,8.57592,8.57752,1.00,1.00
2016.09.28 12:05:20.472,8.57607,8.5776,1.00,1.00
2016.09.28 12:05:20.523,8.57607,8.5776,1.00,1.00
2016.09.28 12:05:20.594,8.57622,8.57789,1.00,1.00
2016.09.28 12:05:20.829,8.57622,8.57789,1.00,1.00
2016.09.28 12:05:21.474,8.57615,8.57782,1.00,1.00
2016.09.28 12:05:21.525,8.57615,8.57782,1.00,1.00
2016.09.28 12:05:21.862,8.57623,8.57783,1.00,1.00
2016.09.28 12:05:22.263,8.57623,8.57783,1.60,1.00
2016.09.28 12:05:22.364,8.57663,8.57804,1.00,1.00
2016.09.28 12:05:22.649,8.57676,8.57831,1.00,1.00
2016.09.28 12:05:22.700,8.57676,8.57852,1.00,1.00
2016.09.28 12:05:22.802,8.57676,8.57827,1.00,1.00
2016.09.28 12:05:22.852,8.57667,8.57827,1.00,1.00
2016.09.28 12:05:23.055,8.57667,8.57827,1.00,1.00
2016.09.28 12:05:23.487,8.57675,8.57831,1.00,1.00
2016.09.28 12:05:23.740,8.57683,8.57843,1.00,1.00
2016.09.28 12:05:23.893,8.57692,8.57845,1.00,1.00
2016.09.28 12:05:23.994,8.57663,8.57823,1.00,1.00
2016.09.28 12:05:24.088,8.5765,8.5781,1.00,1.00
2016.09.28 12:05:24.169,8.5764,8.57792,1.00,1.00
2016.09.28 12:05:24.233,8.5764,8.57792,1.00,1.00
2016.09.28 12:05:25.396,8.57653,8.57813,1.00,1.00
2016.09.28 12:05:25.586,8.57642,8.57802,1.00,1.00
2016.09.28 12:05:25.790,8.5764,8.57836,1.60,1.00
2016.09.28 12:05:25.841,8.5764,8.57836,1.60,1.00
2016.09.28 12:05:25.892,8.57675,8.57837,1.00,1.00
2016.09.28 12:05:25.943,8.57675,8.57845,1.00,1.00
2016.09.28 12:05:25.994,8.57675,8.57845,1.50,1.00
2016.09.28 12:05:26.045,8.57675,8.57845,1.50,1.00
2016.09.28 12:05:26.096,8.57695,8.57858,1.00,1.00
2016.09.28 12:05:26.147,8.57695,8.57858,1.00,1.00
2016.09.28 12:05:26.361,8.57675,8.57839,1.00,1.00
2016.09.28 12:05:26.412,8.57671,8.57831,1.00,1.00
2016.09.28 12:05:26.464,8.57671,8.57831,1.00,1.00
2016.09.28 12:05:27.166,8.57665,8.57825,1.00,1.00
2016.09.28 12:05:27.217,8.57659,8.57819,1.00,1.00
2016.09.28 12:05:27.267,8.57659,8.57819,1.00,1.00
2016.09.28 12:05:27.369,8.57659,8.57819,1.00,1.00
2016.09.28 12:05:27.420,8.5765,8.5781,1.50,1.00
2016.09.28 12:05:27.472,8.57638,8.57798,1.00,1.00
2016.09.28 12:05:27.574,8.57625,8.57785,1.00,1.00
2016.09.28 12:05:27.714,8.57625,8.57785,1.00,1.00
2016.09.28 12:05:28.084,8.57614,8.57792,1.00,1.00
2016.09.28 12:05:28.788,8.57615,8.57775,1.00,1.00
2016.09.28 12:05:30.080,8.57616,8.57792,1.00,1.00
2016.09.28 12:05:30.213,8.57626,8.57784,1.00,1.00
2016.09.28 12:05:30.315,8.57622,8.57794,1.00,1.00
2016.09.28 12:05:30.417,8.57647,8.578,1.00,1.00
2016.09.28 12:05:30.861,8.57647,8.57807,1.00,1.00
2016.09.28 12:05:31.206,8.57655,8.57815,1.00,1.00
2016.09.28 12:05:31.885,8.57648,8.57808,1.00,1.00
2016.09.28 12:05:32.190,8.57626,8.57786,1.00,1.00
2016.09.28 12:05:32.522,8.57615,8.57775,1.00,1.00
2016.09.28 12:05:33.820,8.57605,8.57774,1.00,1.00
2016.09.28 12:05:34.864,8.57604,8.57771,1.00,1.00
2016.09.28 12:05:35.068,8.5762,8.57793,1.00,1.00
2016.09.28 12:05:35.169,8.5763,8.57793,1.00,1.00
2016.09.28 12:05:35.473,8.57623,8.57783,1.00,1.00
2016.09.28 12:05:36.292,8.57621,8.57781,1.00,1.00
2016.09.28 12:05:36.694,8.57626,8.57786,1.00,1.00
2016.09.28 12:05:37.393,8.57623,8.57783,1.00,1.00
2016.09.28 12:05:38.395,8.57627,8.57787,1.00,1.00
2016.09.28 12:05:40.613,8.57619,8.57776,1.00,1.00
2016.09.28 12:05:40.748,8.57619,8.57784,1.00,1.00
2016.09.28 12:05:41.300,8.57613,8.57771,1.00,1.00
2016.09.28 12:05:42.101,8.57614,8.57784,1.00,1.00
2016.09.28 12:05:43.946,8.57609,8.57784,1.00,1.00
2016.09.28 12:05:43.997,8.57609,8.57765,1.00,1.00
2016.09.28 12:05:44.048,8.57586,8.57762,1.00,1.00
2016.09.28 12:05:44.099,8.57584,8.57762,1.00,1.00
2016.09.28 12:05:44.634,8.57582,8.5776,1.00,1.00
2016.09.28 12:05:45.260,8.57591,8.57765,1.00,1.50
2016.09.28 12:05:45.310,8.57612,8.57765,1.00,1.00
2016.09.28 12:05:45.613,8.57603,8.57765,1.00,1.00
2016.09.28 12:05:45.826,8.57587,8.57763,1.00,1.00
2016.09.28 12:05:46.451,8.57581,8.57759,1.00,1.00
2016.09.28 12:05:46.714,8.5759,8.5775,1.00,1.00
2016.09.28 12:05:47.816,8.57587,8.57747,1.00,1.00
2016.09.28 12:05:47.868,8.57587,8.57747,1.00,1.50
2016.09.28 12:05:48.011,8.5756,8.5772,1.00,1.00
2016.09.28 12:05:48.112,8.5756,8.5772,1.00,1.00
2016.09.28 12:05:48.422,8.57549,8.57709,1.00,1.00
2016.09.28 12:05:48.553,8.57547,8.57724,1.00,1.00
2016.09.28 12:05:49.868,8.5755,8.57724,1.00,1.00
2016.09.28 12:05:50.121,8.57543,8.57724,1.00,1.00
2016.09.28 12:05:50.566,8.57539,8.57702,1.00,1.00
2016.09.28 12:05:50.806,8.57539,8.57702,1.00,1.00
2016.09.28 12:05:51.126,8.57542,8.57717,1.00,1.00
2016.09.28 12:05:51.639,8.57538,8.57713,1.00,1.00
2016.09.28 12:05:52.130,8.57542,8.57717,1.00,1.00
2016.09.28 12:05:55.136,8.57547,8.57722,1.00,1.00
2016.09.28 12:05:55.186,8.57547,8.57722,1.00,1.00
2016.09.28 12:05:55.237,8.57568,8.57733,1.00,1.00
2016.09.28 12:05:55.440,8.57549,8.57724,1.00,1.00
2016.09.28 12:05:56.269,8.57543,8.57724,1.00,1.00
2016.09.28 12:05:56.574,8.57538,8.57719,1.00,1.00
2016.09.28 12:05:56.639,8.5755,8.5771,1.00,1.00
2016.09.28 12:05:58.870,8.57542,8.577,1.00,1.00
2016.09.28 12:05:58.921,8.57542,8.577,1.00,1.00
2016.09.28 12:05:58.972,8.57525,8.57679,1.00,1.00
2016.09.28 12:05:59.125,8.57519,8.57679,1.00,1.00
2016.09.28 12:05:59.176,8.57519,8.57679,1.00,1.00
2016.09.28 12:05:59.329,8.57519,8.57679,1.00,1.00
2016.09.28 12:05:59.844,8.57512,8.57671,1.00,1.00
2016.09.28 12:06:00.661,8.57508,8.57689,1.00,1.00
2016.09.28 12:06:00.789,8.57504,8.57689,1.00,1.00
2016.09.28 12:06:00.840,8.57504,8.57697,1.00,1.00
2016.09.28 12:06:00.891,8.57533,8.57693,1.00,1.00
2016.09.28 12:06:01.848,8.57533,8.57692,1.00,1.00
2016.09.28 12:06:03.049,8.57537,8.57697,1.00,1.00
2016.09.28 12:06:03.151,8.57542,8.57702,1.00,1.00
2016.09.28 12:06:03.261,8.57524,8.57698,1.00,1.00
2016.09.28 12:06:03.446,8.57527,8.57687,1.00,1.00
2016.09.28 12:06:03.853,8.57515,8.57673,1.00,1.00
2016.09.28 12:06:03.904,8.57515,8.57673,1.00,1.00
2016.09.28 12:06:04.060,8.57481,8.57641,1.00,1.00
2016.09.28 12:06:04.164,8.57481,8.57641,1.00,1.00
2016.09.28 12:06:04.266,8.57481,8.57641,1.00,1.00
2016.09.28 12:06:04.368,8.57481,8.57641,1.00,1.00
2016.09.28 12:06:04.577,8.57474,8.57634,1.00,1.00
2016.09.28 12:06:04.783,8.57474,8.57634,1.00,1.00
2016.09.28 12:06:06.686,8.5747,8.5763,1.00,1.00
2016.09.28 12:06:06.788,8.57445,8.57605,1.00,1.00
2016.09.28 12:06:07.705,8.57458,8.57618,1.00,1.00
2016.09.28 12:06:08.880,8.5747,8.5763,1.00,1.00
2016.09.28 12:06:09.200,8.57475,8.57635,1.00,1.00
2016.09.28 12:06:10.685,8.57478,8.57638,1.00,1.00
2016.09.28 12:06:11.388,8.57444,8.57604,1.00,1.00
2016.09.28 12:06:11.439,8.57444,8.57604,1.00,1.00
2016.09.28 12:06:11.757,8.57458,8.57616,1.00,1.00
2016.09.28 12:06:12.419,8.57459,8.57619,1.00,1.00
2016.09.28 12:06:12.574,8.57451,8.57611,1.00,1.00
2016.09.28 12:06:12.755,8.57451,8.57611,1.00,1.00
2016.09.28 12:06:12.806,8.57451,8.57611,1.00,1.50
2016.09.28 12:06:12.857,8.57451,8.57611,1.00,1.50
2016.09.28 12:06:12.908,8.57441,8.57601,1.00,1.00
2016.09.28 12:06:13.060,8.57441,8.57601,1.00,1.00
2016.09.28 12:06:13.387,8.57452,8.57603,1.00,1.00
2016.09.28 12:06:14.023,8.57453,8.57603,1.00,1.00
2016.09.28 12:06:14.151,8.57453,8.57603,1.00,1.00
2016.09.28 12:06:14.202,8.5745,8.57603,1.00,1.00
2016.09.28 12:06:14.978,8.57454,8.57603,1.00,1.00
2016.09.28 12:06:15.291,8.57454,8.57603,1.00,1.00
2016.09.28 12:06:15.392,8.5745,8.57603,1.00,1.00
2016.09.28 12:06:15.665,8.57458,8.57603,1.00,1.00
2016.09.28 12:06:15.885,8.57458,8.57603,1.00,1.00
2016.09.28 12:06:16.181,8.57452,8.57603,1.00,1.00
2016.09.28 12:06:16.391,8.57452,8.5761,1.00,1.00
2016.09.28 12:06:17.183,8.57458,8.57617,1.00,1.00
2016.09.28 12:06:17.800,8.57458,8.57617,1.00,1.00
2016.09.28 12:06:17.914,8.57462,8.5762,1.00,1.00
2016.09.28 12:06:17.965,8.57462,8.5762,1.00,1.00
2016.09.28 12:06:18.299,8.57456,8.57616,1.00,1.00
2016.09.28 12:06:18.705,8.57456,8.57616,1.00,1.00
2016.09.28 12:06:18.820,8.57465,8.57625,1.00,1.00
2016.09.28 12:06:19.148,8.57465,8.57625,1.00,1.00
2016.09.28 12:06:19.199,8.57473,8.57633,1.00,1.00
2016.09.28 12:06:19.300,8.5748,8.5764,1.00,1.00
2016.09.28 12:06:19.693,8.5746,8.57618,1.00,1.00
2016.09.28 12:06:19.797,8.57458,8.57618,1.00,1.00
2016.09.28 12:06:20.015,8.57458,8.57618,1.00,1.00
2016.09.28 12:06:20.182,8.57458,8.57618,1.00,1.00
2016.09.28 12:06:20.536,8.57458,8.57618,1.00,1.00
2016.09.28 12:06:20.713,8.57456,8.57616,1.00,1.00
2016.09.28 12:06:21.524,8.57451,8.57611,1.00,1.00
2016.09.28 12:06:24.783,8.57451,8.57611,1.00,1.00
2016.09.28 12:06:24.834,8.57453,8.57635,1.00,1.00
2016.09.28 12:06:24.884,8.57453,8.57635,1.00,1.00
2016.09.28 12:06:24.935,8.57477,8.57635,1.00,1.00
2016.09.28 12:06:25.319,8.57485,8.57635,1.00,1.00
2016.09.28 12:06:25.797,8.57481,8.57635,1.00,1.00
2016.09.28 12:06:26.786,8.57481,8.57635,1.00,1.00
2016.09.28 12:06:26.887,8.57482,8.57635,1.00,1.00
2016.09.28 12:06:27.472,8.57482,8.57635,1.00,1.00
2016.09.28 12:06:27.523,8.57453,8.57611,1.00,1.00
2016.09.28 12:06:27.631,8.57453,8.57611,1.00,1.00
2016.09.28 12:06:27.733,8.57453,8.57611,1.00,1.00
2016.09.28 12:06:28.337,8.5746,8.5762,1.00,1.00
2016.09.28 12:06:29.327,8.57458,8.57616,1.00,1.00
2016.09.28 12:06:30.927,8.57458,8.57616,1.00,1.00
2016.09.28 12:06:31.428,8.57458,8.57616,1.00,1.00
2016.09.28 12:06:31.631,8.57468,8.57635,1.00,1.50
2016.09.28 12:06:33.710,8.57463,8.57635,1.00,1.50
2016.09.28 12:06:34.711,8.57466,8.57635,1.00,1.00
2016.09.28 12:06:36.386,8.57466,8.57638,1.00,1.00
2016.09.28 12:06:36.514,8.5747,8.57628,1.00,1.00
2016.09.28 12:06:36.615,8.5746,8.5762,1.00,1.00
2016.09.28 12:06:36.666,8.5746,8.5762,1.00,1.00
2016.09.28 12:06:36.767,8.5746,8.5762,1.00,1.00
2016.09.28 12:06:37.035,8.5746,8.5762,1.00,1.00
2016.09.28 12:06:39.966,8.5746,8.5762,1.00,1.00
2016.09.28 12:06:40.126,8.5746,8.5762,1.00,1.00
2016.09.28 12:06:40.427,8.5746,8.5762,1.00,1.00
2016.09.28 12:06:40.671,8.57446,8.57606,1.00,1.00
2016.09.28 12:06:41.128,8.57446,8.57606,1.00,1.00
2016.09.28 12:06:41.520,8.57448,8.57608,1.00,1.00
2016.09.28 12:06:42.522,8.57447,8.57607,1.00,1.00
2016.09.28 12:06:42.923,8.57454,8.57612,1.00,1.00
2016.09.28 12:06:43.436,8.57454,8.57612,1.00,1.00
2016.09.28 12:06:44.630,8.57449,8.57609,1.00,1.00
2016.09.28 12:06:47.331,8.57454,8.57614,1.00,1.00
2016.09.28 12:06:47.845,8.57454,8.57614,1.00,1.00
2016.09.28 12:06:48.032,8.57449,8.57609,1.00,1.00
2016.09.28 12:06:48.532,8.57453,8.57613,1.00,1.00
2016.09.28 12:06:49.027,8.57459,8.57619,1.00,1.00
2016.09.28 12:06:50.354,8.57459,8.57619,1.00,1.00
2016.09.28 12:06:50.900,8.57459,8.57619,1.00,1.00
2016.09.28 12:06:51.047,8.57432,8.57603,1.00,1.00
2016.09.28 12:06:51.098,8.57432,8.57603,1.00,1.00
2016.09.28 12:06:51.250,8.57432,8.57594,1.00,1.00
2016.09.28 12:06:51.384,8.57432,8.57594,1.00,1.00
2016.09.28 12:06:51.509,8.57432,8.57603,1.00,1.00
2016.09.28 12:06:51.611,8.57432,8.57593,1.00,1.00
2016.09.28 12:06:52.039,8.5743,8.57593,1.00,1.00
2016.09.28 12:06:52.284,8.57438,8.57593,1.00,1.00
2016.09.28 12:06:52.385,8.57438,8.57593,1.00,1.00
2016.09.28 12:06:52.495,8.57438,8.57593,1.00,1.00
2016.09.28 12:06:52.560,8.57438,8.57608,1.00,1.00
2016.09.28 12:06:54.265,8.57438,8.57607,1.00,1.00
2016.09.28 12:06:54.444,8.5743,8.57607,1.00,1.00
2016.09.28 12:06:54.579,8.5743,8.57608,1.00,1.37
2016.09.28 12:06:55.110,8.5743,8.57607,1.00,1.37
2016.09.28 12:06:55.161,8.5743,8.57588,1.00,1.00
2016.09.28 12:06:55.750,8.57423,8.57583,1.00,1.00
2016.09.28 12:06:56.161,8.57423,8.57583,1.00,1.00
2016.09.28 12:06:56.952,8.57422,8.57582,1.00,1.00
2016.09.28 12:06:57.655,8.57418,8.57578,1.00,1.00
2016.09.28 12:06:57.706,8.57418,8.57578,1.00,1.00
2016.09.28 12:06:58.205,8.57423,8.57583,1.00,1.00
2016.09.28 12:06:58.958,8.57418,8.57578,1.00,1.00
2016.09.28 12:07:00.167,8.57418,8.57578,1.00,1.00
2016.09.28 12:07:00.568,8.57418,8.57578,1.00,1.00
2016.09.28 12:07:01.969,8.57418,8.57578,1.00,1.37
2016.09.28 12:07:02.071,8.57418,8.57578,1.00,1.37
2016.09.28 12:07:03.572,8.57416,8.57576,1.50,1.37
2016.09.28 12:07:03.623,8.57416,8.57576,1.50,1.37
2016.09.28 12:07:03.873,8.57424,8.57584,1.00,1.37
2016.09.28 12:07:06.078,8.57428,8.57587,1.00,1.75
2016.09.28 12:07:07.556,8.57428,8.57587,1.00,1.00
2016.09.28 12:07:10.986,8.57424,8.57584,1.00,1.00
2016.09.28 12:07:11.987,8.57427,8.57587,1.00,1.50
2016.09.28 12:07:13.688,8.57427,8.57577,1.00,1.00
2016.09.28 12:07:13.889,8.57423,8.57577,1.00,1.00
2016.09.28 12:07:14.249,8.57423,8.57583,1.00,1.00
2016.09.28 12:07:15.155,8.57427,8.57587,1.00,1.50
2016.09.28 12:07:15.420,8.57427,8.57587,1.00,1.50
2016.09.28 12:07:16.097,8.57429,8.57587,1.00,1.00
2016.09.28 12:07:16.594,8.57425,8.57585,1.00,1.00
2016.09.28 12:07:17.095,8.57429,8.57587,1.00,1.00
2016.09.28 12:07:17.795,8.57429,8.57589,1.00,1.00
2016.09.28 12:07:18.010,8.57425,8.57585,1.00,1.00
2016.09.28 12:07:19.111,8.57428,8.57588,1.00,1.00
2016.09.28 12:07:25.859,8.57429,8.57589,1.00,1.00
2016.09.28 12:07:27.011,8.57429,8.57587,1.00,1.00
2016.09.28 12:07:30.832,8.57425,8.57584,1.00,1.00
2016.09.28 12:07:31.041,8.5743,8.5759,1.00,1.00
2016.09.28 12:07:33.869,8.57429,8.57589,1.00,1.00
2016.09.28 12:07:35.730,8.57426,8.57586,1.00,1.00
2016.09.28 12:07:36.073,8.57423,8.57583,1.00,1.00
2016.09.28 12:07:36.656,8.57427,8.57587,1.00,1.00
2016.09.28 12:07:37.029,8.57423,8.57583,1.00,1.00
2016.09.28 12:07:38.150,8.57413,8.57574,1.00,1.00
2016.09.28 12:07:38.259,8.57413,8.57577,1.00,1.00
2016.09.28 12:07:38.361,8.57413,8.5758,1.00,1.00
2016.09.28 12:07:38.526,8.57413,8.57569,1.00,1.00
2016.09.28 12:07:38.833,8.57384,8.57542,1.00,1.00
2016.09.28 12:07:38.883,8.57384,8.57542,1.00,1.00
2016.09.28 12:07:39.036,8.57384,8.57542,1.00,1.00
2016.09.28 12:07:39.238,8.57369,8.57532,1.00,1.00
2016.09.28 12:07:39.513,8.57369,8.57532,1.00,1.60
2016.09.28 12:07:39.564,8.57325,8.57466,1.00,2.10
2016.09.28 12:07:39.615,8.57325,8.57466,1.00,2.10
2016.09.28 12:07:39.666,8.57311,8.57442,1.00,2.10
2016.09.28 12:07:39.718,8.57294,8.57442,1.00,2.10
2016.09.28 12:07:39.768,8.57294,8.57446,1.00,1.00
2016.09.28 12:07:39.870,8.57286,8.57446,1.00,1.00
2016.09.28 12:07:39.972,8.57264,8.57424,1.00,1.00
2016.09.28 12:07:40.106,8.57264,8.57424,1.00,1.00
2016.09.28 12:07:40.734,8.5726,8.57414,1.00,1.00
2016.09.28 12:07:40.836,8.57253,8.57413,1.00,1.00
2016.09.28 12:07:40.938,8.57252,8.57386,1.00,1.00
2016.09.28 12:07:41.071,8.57233,8.57386,1.00,1.00
2016.09.28 12:07:41.173,8.5722,8.57369,1.00,1.00
2016.09.28 12:07:41.224,8.5722,8.57369,1.00,1.00
2016.09.28 12:07:41.377,8.5722,8.57351,1.00,1.00
2016.09.28 12:07:41.731,8.57211,8.57351,1.00,1.00
2016.09.28 12:07:42.038,8.57201,8.57351,1.00,1.00
2016.09.28 12:07:43.236,8.57206,8.57351,1.00,1.00
2016.09.28 12:07:44.094,8.57206,8.57349,1.00,1.00
2016.09.28 12:07:44.151,8.57183,8.57341,1.00,1.00
2016.09.28 12:07:44.252,8.57175,8.57331,1.00,1.00
2016.09.28 12:07:44.577,8.57175,8.57329,1.00,1.00
2016.09.28 12:07:46.784,8.57184,8.57329,1.00,1.00
2016.09.28 12:07:46.930,8.57184,8.57344,1.00,1.00
2016.09.28 12:07:46.981,8.5719,8.57347,1.00,1.00
2016.09.28 12:07:47.537,8.5719,8.57345,1.00,1.00
2016.09.28 12:07:47.869,8.57195,8.57345,1.00,1.00
2016.09.28 12:07:48.040,8.57193,8.57345,1.00,1.00
2016.09.28 12:07:49.042,8.57186,8.57345,1.00,1.00
2016.09.28 12:07:49.156,8.57186,8.57347,1.00,1.00
2016.09.28 12:07:49.257,8.57192,8.57347,1.00,1.00
2016.09.28 12:07:50.146,8.57203,8.57347,1.00,1.00
2016.09.28 12:07:52.447,8.57195,8.57347,1.00,1.00
2016.09.28 12:07:52.647,8.57201,8.57347,1.00,1.00
2016.09.28 12:07:53.271,8.57202,8.57347,1.00,1.00
2016.09.28 12:07:53.324,8.57202,8.57362,1.00,1.00
2016.09.28 12:07:53.375,8.57188,8.5735,1.00,1.00
2016.09.28 12:07:53.426,8.57188,8.57346,1.00,1.00
2016.09.28 12:07:53.776,8.57188,8.5735,1.00,1.00
2016.09.28 12:07:54.250,8.57183,8.57345,1.00,1.00
2016.09.28 12:07:54.644,8.57188,8.5735,1.00,1.00
2016.09.28 12:07:54.973,8.57182,8.57344,1.00,1.00
2016.09.28 12:07:55.683,8.57181,8.57343,1.00,1.00
2016.09.28 12:07:56.676,8.57183,8.57345,1.00,1.00
2016.09.28 12:07:57.255,8.57183,8.57347,1.00,1.00
2016.09.28 12:07:58.457,8.57186,8.57349,1.00,1.00
2016.09.28 12:07:59.858,8.57193,8.57351,1.00,1.00
2016.09.28 12:08:00.343,8.57193,8.57357,1.00,1.00
2016.09.28 12:08:00.495,8.57192,8.57354,1.00,1.00
2016.09.28 12:08:00.783,8.57202,8.57364,1.00,1.50
2016.09.28 12:08:02.166,8.57211,8.57364,1.00,1.00
2016.09.28 12:08:02.217,8.57211,8.57373,1.00,1.00
2016.09.28 12:08:02.268,8.57217,8.57379,1.00,1.50
2016.09.28 12:08:03.095,8.57213,8.57379,1.00,1.50
2016.09.28 12:08:04.100,8.57211,8.57375,1.00,1.00
2016.09.28 12:08:04.173,8.57211,8.57375,1.00,1.00
2016.09.28 12:08:04.279,8.57204,8.57368,1.50,1.00
2016.09.28 12:08:04.374,8.57204,8.57368,1.00,1.00
2016.09.28 12:08:04.803,8.57194,8.57358,1.00,1.00
2016.09.28 12:08:05.151,8.57196,8.5734,1.00,1.00
2016.09.28 12:08:05.202,8.57186,8.5734,1.00,1.00
2016.09.28 12:08:05.868,8.57182,8.5734,1.00,1.00
2016.09.28 12:08:06.870,8.5718,8.5734,1.00,1.00
2016.09.28 12:08:07.189,8.57175,8.57337,1.00,1.00
2016.09.28 12:08:07.261,8.57175,8.57337,1.00,1.00
2016.09.28 12:08:07.413,8.57183,8.5734,1.00,1.00
2016.09.28 12:08:07.464,8.57183,8.5734,1.00,1.00
2016.09.28 12:08:07.764,8.57185,8.5734,1.00,1.00
2016.09.28 12:08:08.409,8.57185,8.5734,1.00,1.00
2016.09.28 12:08:09.065,8.57185,8.5734,1.00,1.00
2016.09.28 12:08:09.116,8.57181,8.5734,1.00,1.50
2016.09.28 12:08:09.174,8.57181,8.5734,1.00,1.50
2016.09.28 12:08:09.265,8.57181,8.5734,1.00,1.50
2016.09.28 12:08:09.381,8.57181,8.5734,1.00,1.50
2016.09.28 12:08:10.025,8.57174,8.57334,1.00,1.00
2016.09.28 12:08:10.076,8.57174,8.57334,1.00,1.00
2016.09.28 12:08:10.179,8.57177,8.57337,1.00,1.00
2016.09.28 12:08:10.979,8.57178,8.57338,1.00,1.00
2016.09.28 12:08:11.080,8.57178,8.57347,1.00,1.00
2016.09.28 12:08:11.716,8.57184,8.57347,1.00,1.00
2016.09.28 12:08:12.011,8.57194,8.57347,1.00,1.00
2016.09.28 12:08:12.112,8.572,8.57354,1.00,1.00
2016.09.28 12:08:12.272,8.572,8.57354,1.00,1.00
2016.09.28 12:08:13.224,8.572,8.57354,1.00,1.00
2016.09.28 12:08:13.275,8.572,8.57354,1.00,1.00
2016.09.28 12:08:13.382,8.57203,8.57354,1.00,1.00
2016.09.28 12:08:14.905,8.57223,8.57383,1.00,1.00
2016.09.28 12:08:15.057,8.57223,8.57387,1.00,1.50
2016.09.28 12:08:15.108,8.57223,8.57383,1.00,1.00
2016.09.28 12:08:15.322,8.57223,8.57383,1.00,1.00
2016.09.28 12:08:15.484,8.57223,8.57387,1.00,1.00
2016.09.28 12:08:15.930,8.57218,8.57387,1.00,1.00
2016.09.28 12:08:16.233,8.57226,8.57387,1.00,1.00
2016.09.28 12:08:16.399,8.57233,8.57404,1.00,1.50
2016.09.28 12:08:16.722,8.57233,8.57404,1.00,1.50
2016.09.28 12:08:17.888,8.57233,8.57404,1.00,1.50
2016.09.28 12:08:19.612,8.57235,8.57404,1.00,1.50
2016.09.28 12:08:20.315,8.57227,8.57403,1.00,1.00
2016.09.28 12:08:20.417,8.57219,8.57395,1.00,1.00
2016.09.28 12:08:20.723,8.57208,8.57382,1.00,1.00
2016.09.28 12:08:21.295,8.57208,8.57382,1.00,1.00
2016.09.28 12:08:21.346,8.57204,8.5738,1.00,1.00
2016.09.28 12:08:21.482,8.57209,8.57382,1.00,1.00
2016.09.28 12:08:21.837,8.57209,8.57358,1.00,1.00
2016.09.28 12:08:21.939,8.57205,8.57358,1.00,1.00
2016.09.28 12:08:22.499,8.57202,8.57358,1.00,1.00
2016.09.28 12:08:23.378,8.57202,8.57339,1.00,1.00
2016.09.28 12:08:23.429,8.57197,8.57339,1.00,1.00
2016.09.28 12:08:23.632,8.57191,8.57339,1.00,1.00
2016.09.28 12:08:23.701,8.57191,8.57339,1.00,1.00
2016.09.28 12:08:23.803,8.57187,8.57339,1.00,1.00
2016.09.28 12:08:24.399,8.57182,8.57339,1.50,1.00
2016.09.28 12:08:26.873,8.57182,8.57339,1.50,1.50
2016.09.28 12:08:27.010,8.57182,8.57339,1.00,1.50
2016.09.28 12:08:27.061,8.57173,8.57339,1.00,1.50
2016.09.28 12:08:27.298,8.57173,8.57315,1.00,1.00
2016.09.28 12:08:27.348,8.57168,8.57315,1.00,1.00
2016.09.28 12:08:30.290,8.57168,8.57315,1.00,1.00
2016.09.28 12:08:31.505,8.57168,8.57335,1.00,1.00
2016.09.28 12:08:33.218,8.57172,8.57335,1.00,1.00
2016.09.28 12:08:34.194,8.57179,8.57335,1.00,1.00
2016.09.28 12:08:36.366,8.57184,8.57335,1.00,1.00
2016.09.28 12:08:38.530,8.57197,8.57335,1.00,1.00
2016.09.28 12:08:38.581,8.57197,8.57335,1.00,1.00
2016.09.28 12:08:38.682,8.572,8.57335,1.00,1.00
2016.09.28 12:08:39.154,8.572,8.57335,1.00,1.00
2016.09.28 12:08:39.235,8.572,8.57335,1.00,1.00
2016.09.28 12:08:39.576,8.57197,8.57335,1.00,1.00
2016.09.28 12:08:41.631,8.57206,8.57335,1.00,1.00
2016.09.28 12:08:42.632,8.57205,8.57335,1.00,1.00
2016.09.28 12:08:44.438,8.57226,8.57335,1.00,1.00
2016.09.28 12:08:44.490,8.57226,8.57364,1.00,1.00
2016.09.28 12:08:44.592,8.57226,8.57364,1.00,1.00
2016.09.28 12:08:45.452,8.57227,8.57364,1.00,1.00
2016.09.28 12:08:45.773,8.57223,8.57364,1.00,1.00
2016.09.28 12:08:47.722,8.57223,8.57364,1.00,1.00
2016.09.28 12:08:47.828,8.57223,8.57385,1.00,1.00
2016.09.28 12:08:48.942,8.57225,8.57387,1.00,1.00
2016.09.28 12:08:49.766,8.57218,8.5738,1.00,1.00
2016.09.28 12:08:50.757,8.57216,8.57378,1.00,1.00
2016.09.28 12:08:52.247,8.57213,8.57373,1.00,1.00
2016.09.28 12:08:52.349,8.57211,8.57349,1.00,1.00
2016.09.28 12:08:52.508,8.57187,8.57349,1.00,1.00
2016.09.28 12:08:53.358,8.57185,8.57347,1.00,1.00
2016.09.28 12:08:53.702,8.57194,8.57356,1.00,1.00
2016.09.28 12:08:54.387,8.57194,8.57356,1.00,1.00
2016.09.28 12:08:54.788,8.57194,8.57356,1.00,1.00
2016.09.28 12:08:55.952,8.57193,8.57355,1.00,1.00
2016.09.28 12:08:56.513,8.57193,8.57355,1.00,1.00
2016.09.28 12:08:56.639,8.57193,8.57355,1.00,1.00
2016.09.28 12:08:56.797,8.57193,8.57355,1.00,1.00
2016.09.28 12:08:57.348,8.57192,8.57354,1.00,1.00
2016.09.28 12:08:57.399,8.57194,8.57356,1.00,1.00
2016.09.28 12:08:57.505,8.57202,8.57359,1.00,1.00
2016.09.28 12:08:57.893,8.57202,8.57359,1.00,1.00
2016.09.28 12:08:57.966,8.57202,8.57359,1.00,1.00
2016.09.28 12:08:58.406,8.57197,8.57359,1.00,1.50
2016.09.28 12:08:58.757,8.57201,8.57359,1.00,1.00
2016.09.28 12:08:59.602,8.57193,8.57355,1.00,1.00
2016.09.28 12:09:00.000,8.57193,8.57355,1.00,1.00
2016.09.28 12:09:00.201,8.57193,8.57355,1.00,1.00
2016.09.28 12:09:01.704,8.57193,8.57355,1.00,1.00
2016.09.28 12:09:01.844,8.57193,8.57355,1.00,1.00
2016.09.28 12:09:02.438,8.57196,8.57359,1.00,1.00
2016.09.28 12:09:02.489,8.57191,8.57353,1.00,1.00
2016.09.28 12:09:02.557,8.57191,8.57353,1.00,1.00
2016.09.28 12:09:02.607,8.57195,8.57357,1.00,1.00
2016.09.28 12:09:03.164,8.57195,8.57357,1.00,1.00
2016.09.28 12:09:03.359,8.57195,8.57357,1.00,1.00
2016.09.28 12:09:03.544,8.57195,8.57357,1.00,1.00
2016.09.28 12:09:03.646,8.57173,8.57335,1.00,1.00
2016.09.28 12:09:03.747,8.57161,8.57323,1.00,1.00
2016.09.28 12:09:03.851,8.57161,8.57323,1.00,1.00
2016.09.28 12:09:04.201,8.57161,8.57321,1.00,1.00
2016.09.28 12:09:04.252,8.57161,8.57321,1.00,1.60
2016.09.28 12:09:04.354,8.57161,8.57321,1.00,1.60
2016.09.28 12:09:04.596,8.57154,8.57316,1.00,1.00
2016.09.28 12:09:04.770,8.57158,8.57319,1.00,1.35
2016.09.28 12:09:07.517,8.57161,8.57321,1.00,1.60
2016.09.28 12:09:09.118,8.5715,8.57321,1.00,1.60
2016.09.28 12:09:12.189,8.57152,8.57321,1.00,1.60
2016.09.28 12:09:19.242,8.57166,8.57321,1.00,1.60
2016.09.28 12:09:19.730,8.57142,8.57317,1.50,2.10
2016.09.28 12:09:19.833,8.57126,8.57287,1.50,1.00
2016.09.28 12:09:20.049,8.57116,8.57287,1.00,1.60
2016.09.28 12:09:20.153,8.57117,8.57287,1.00,1.97
2016.09.28 12:09:20.204,8.57117,8.57268,1.00,1.00
2016.09.28 12:09:20.540,8.57126,8.57261,1.00,1.00
2016.09.28 12:09:20.594,8.57126,8.57261,1.00,1.00
2016.09.28 12:09:20.750,8.57126,8.5728,1.00,1.60
2016.09.28 12:09:20.852,8.57126,8.57286,1.00,1.60
2016.09.28 12:09:20.903,8.57126,8.57293,1.00,1.72
2016.09.28 12:09:21.215,8.57126,8.57272,1.00,1.72
2016.09.28 12:09:21.316,8.57126,8.5728,1.00,1.97
2016.09.28 12:09:21.367,8.57126,8.57263,1.00,1.00
2016.09.28 12:09:21.469,8.57126,8.57263,1.00,1.00
2016.09.28 12:09:21.756,8.57126,8.57263,1.00,1.00
2016.09.28 12:09:21.858,8.57126,8.57293,1.00,1.37
2016.09.28 12:09:22.159,8.57135,8.57294,1.00,1.37
2016.09.28 12:09:22.214,8.57135,8.57294,1.00,1.97
2016.09.28 12:09:22.315,8.57126,8.57294,1.00,1.97
2016.09.28 12:09:22.440,8.57123,8.57283,1.00,1.35
2016.09.28 12:09:22.491,8.57123,8.57261,1.00,1.00
2016.09.28 12:09:22.710,8.57116,8.57261,1.00,1.00
2016.09.28 12:09:22.863,8.57126,8.57261,1.00,1.00
2016.09.28 12:09:22.981,8.57123,8.57261,1.00,1.00
2016.09.28 12:09:23.083,8.57123,8.57261,1.00,1.00
2016.09.28 12:09:23.282,8.57123,8.57261,1.00,1.00
2016.09.28 12:09:23.333,8.57129,8.57261,1.00,1.00
2016.09.28 12:09:23.662,8.57133,8.57261,1.00,1.00
2016.09.28 12:09:23.988,8.57138,8.57261,1.00,1.00
2016.09.28 12:09:24.305,8.57145,8.57261,1.00,1.00
2016.09.28 12:09:24.356,8.57145,8.57282,1.00,1.00
2016.09.28 12:09:24.407,8.57117,8.57288,1.00,1.35
2016.09.28 12:09:24.458,8.57127,8.57288,1.00,1.35
2016.09.28 12:09:24.509,8.57127,8.57269,1.00,1.00
2016.09.28 12:09:24.641,8.57086,8.5726,1.00,1.00
2016.09.28 12:09:24.692,8.57086,8.5726,1.00,1.00
2016.09.28 12:09:24.895,8.57086,8.5726,1.00,1.00
2016.09.28 12:09:25.047,8.57086,8.57258,1.00,1.60
2016.09.28 12:09:25.543,8.57073,8.57247,1.00,1.00
2016.09.28 12:09:25.808,8.57077,8.57251,1.00,1.00
2016.09.28 12:09:26.142,8.57074,8.57233,1.00,1.00
2016.09.28 12:09:26.194,8.57074,8.57233,1.00,1.00
2016.09.28 12:09:26.296,8.57074,8.57233,1.00,1.00
2016.09.28 12:09:26.397,8.57074,8.57233,1.00,1.00
2016.09.28 12:09:26.549,8.57081,8.57243,1.00,1.00
2016.09.28 12:09:26.600,8.57081,8.57243,1.00,1.00
2016.09.28 12:09:26.701,8.57081,8.57243,1.00,1.00
2016.09.28 12:09:26.885,8.57081,8.57243,1.00,1.00
2016.09.28 12:09:26.936,8.57102,8.57258,1.00,1.00
2016.09.28 12:09:26.986,8.57102,8.57258,1.00,1.00
2016.09.28 12:09:27.037,8.57104,8.57264,1.00,1.00
2016.09.28 12:09:27.139,8.57105,8.57284,1.00,1.00
2016.09.28 12:09:27.190,8.57105,8.57284,1.00,1.00
2016.09.28 12:09:27.243,8.5712,8.57282,1.00,1.00
2016.09.28 12:09:27.377,8.5712,8.57282,1.00,1.00
2016.09.28 12:09:27.428,8.57142,8.57289,1.00,1.00
2016.09.28 12:09:27.479,8.57142,8.57309,1.00,1.00
2016.09.28 12:09:27.530,8.57142,8.5732,1.00,1.50
2016.09.28 12:09:27.581,8.57142,8.5732,1.00,1.50
2016.09.28 12:09:27.632,8.57171,8.5732,1.00,1.00
2016.09.28 12:09:27.683,8.57171,8.5732,1.00,1.00
2016.09.28 12:09:27.785,8.57171,8.5732,1.00,1.00
2016.09.28 12:09:27.935,8.57225,8.5732,1.00,1.00
2016.09.28 12:09:28.009,8.57225,8.57369,1.00,1.00
2016.09.28 12:09:28.060,8.57241,8.57389,1.00,1.00
2016.09.28 12:09:28.111,8.57241,8.5742,1.00,1.00
2016.09.28 12:09:28.212,8.57241,8.5742,1.00,1.00
2016.09.28 12:09:28.263,8.57254,8.57423,1.00,1.00
2016.09.28 12:09:28.441,8.57254,8.57433,1.00,1.60
2016.09.28 12:09:28.492,8.5727,8.57443,1.00,1.00
2016.09.28 12:09:28.543,8.5727,8.57448,1.00,1.00
2016.09.28 12:09:28.594,8.5727,8.57448,1.00,1.00
2016.09.28 12:09:28.645,8.57284,8.57453,1.00,1.00
2016.09.28 12:09:28.746,8.57296,8.57453,1.00,1.00
2016.09.28 12:09:28.797,8.57296,8.57453,1.00,1.00
2016.09.28 12:09:29.719,8.57295,8.57453,1.00,1.00
2016.09.28 12:09:30.154,8.57307,8.57473,1.00,1.60
2016.09.28 12:09:30.205,8.57307,8.57484,1.00,1.60
2016.09.28 12:09:30.256,8.57282,8.57461,1.00,1.00
2016.09.28 12:09:30.307,8.57282,8.57461,1.00,1.00
2016.09.28 12:09:30.358,8.57272,8.57451,1.00,1.00
2016.09.28 12:09:30.408,8.57272,8.57451,1.00,1.00
2016.09.28 12:09:30.511,8.57272,8.57451,1.00,1.00
2016.09.28 12:09:30.894,8.57272,8.57451,1.00,1.00
2016.09.28 12:09:31.016,8.57272,8.57451,1.00,1.00
2016.09.28 12:09:31.190,8.57272,8.57451,1.00,1.00
2016.09.28 12:09:31.342,8.57268,8.57446,1.00,1.00
2016.09.28 12:09:31.444,8.57281,8.57453,1.00,1.00
2016.09.28 12:09:31.495,8.57281,8.57453,1.00,1.00
2016.09.28 12:09:31.545,8.57281,8.57453,1.50,1.00
2016.09.28 12:09:31.978,8.57308,8.57453,1.00,1.00
2016.09.28 12:09:32.030,8.57281,8.57453,1.00,1.00
2016.09.28 12:09:32.146,8.57281,8.57473,1.00,1.60
2016.09.28 12:09:32.197,8.57281,8.57473,1.00,1.60
2016.09.28 12:09:32.248,8.57281,8.57483,1.00,1.97
2016.09.28 12:09:32.693,8.57281,8.57483,1.00,1.37
2016.09.28 12:09:33.060,8.57281,8.57481,1.00,1.00
2016.09.28 12:09:33.435,8.57281,8.57477,1.00,1.00
2016.09.28 12:09:33.962,8.57281,8.57454,1.00,1.00
2016.09.28 12:09:34.094,8.57276,8.57454,1.00,1.00
2016.09.28 12:09:34.158,8.57258,8.57449,1.00,1.00
2016.09.28 12:09:34.260,8.57258,8.57441,1.00,1.00
2016.09.28 12:09:34.311,8.57258,8.57441,1.00,1.00
2016.09.28 12:09:34.413,8.57258,8.57441,1.00,1.00
2016.09.28 12:09:34.948,8.57258,8.57442,1.00,1.00
2016.09.28 12:09:35.108,8.57246,8.57442,1.00,1.00
2016.09.28 12:09:35.277,8.57246,8.57439,1.00,1.00
2016.09.28 12:09:35.761,8.57246,8.5743,1.00,1.00
2016.09.28 12:09:35.915,8.57246,8.5743,1.00,1.00
2016.09.28 12:09:37.405,8.57246,8.5743,1.00,1.00
2016.09.28 12:09:37.456,8.57246,8.574,1.00,1.00
2016.09.28 12:09:37.558,8.57245,8.57407,1.00,1.00
2016.09.28 12:09:37.656,8.57226,8.57404,1.00,1.00
2016.09.28 12:09:37.707,8.57214,8.57404,1.50,1.00
2016.09.28 12:09:38.150,8.57245,8.57407,1.00,1.00
2016.09.28 12:09:38.350,8.57214,8.57407,1.50,1.00
2016.09.28 12:09:38.621,8.57214,8.57407,1.50,1.00
2016.09.28 12:09:38.671,8.57234,8.57421,1.00,1.00
2016.09.28 12:09:38.722,8.57234,8.57421,1.00,1.00
2016.09.28 12:09:38.773,8.57259,8.57441,1.00,1.00
2016.09.28 12:09:38.875,8.57259,8.57439,1.00,1.00
2016.09.28 12:09:39.363,8.57259,8.57445,1.00,1.00
2016.09.28 12:09:39.464,8.57259,8.57431,1.00,1.00
2016.09.28 12:09:39.515,8.57259,8.57431,1.00,1.00
2016.09.28 12:09:39.774,8.57243,8.57434,1.00,1.00
2016.09.28 12:09:39.875,8.57243,8.57424,1.50,1.00
2016.09.28 12:09:40.454,8.57248,8.57428,1.00,1.00
2016.09.28 12:09:40.855,8.57244,8.57425,1.00,1.00
2016.09.28 12:09:41.055,8.57245,8.57433,1.00,1.00
2016.09.28 12:09:41.459,8.57245,8.57433,1.00,1.00
2016.09.28 12:09:42.449,8.57245,8.57433,1.00,1.00
2016.09.28 12:09:42.760,8.57248,8.57436,1.00,1.00
2016.09.28 12:09:44.381,8.57243,8.5743,1.00,1.00
2016.09.28 12:09:44.577,8.57246,8.57434,1.00,1.00
2016.09.28 12:09:44.663,8.57243,8.57427,1.00,1.00
2016.09.28 12:09:44.764,8.57243,8.57408,1.00,1.00
2016.09.28 12:09:44.815,8.57232,8.57408,1.00,1.00
2016.09.28 12:09:44.866,8.57232,8.57398,1.00,1.00
2016.09.28 12:09:45.290,8.57212,8.57398,1.00,1.00
2016.09.28 12:09:45.341,8.5721,8.57398,1.00,1.00
2016.09.28 12:09:45.683,8.57217,8.57405,1.00,1.00
2016.09.28 12:09:45.862,8.57217,8.57405,1.00,1.00
2016.09.28 12:09:46.165,8.57213,8.57401,1.00,1.00
2016.09.28 12:09:46.664,8.57205,8.57393,1.00,1.00
2016.09.28 12:09:46.715,8.57203,8.57387,1.50,1.00
2016.09.28 12:09:46.834,8.57203,8.57387,1.50,1.00
2016.09.28 12:09:47.353,8.57203,8.57387,1.50,1.00
2016.09.28 12:09:47.476,8.57203,8.57391,2.25,1.00
2016.09.28 12:09:47.660,8.57203,8.57391,2.25,1.00
2016.09.28 12:09:47.772,8.57203,8.57387,1.50,1.00
2016.09.28 12:09:48.072,8.57206,8.5739,1.00,1.00
2016.09.28 12:09:49.076,8.57203,8.57387,2.25,1.00
2016.09.28 12:09:49.376,8.57206,8.57392,1.00,1.00
2016.09.28 12:09:50.915,8.57209,8.57396,1.00,1.00
2016.09.28 12:09:50.982,8.57204,8.5739,1.00,1.00
2016.09.28 12:09:51.236,8.57209,8.57396,1.00,1.00
2016.09.28 12:09:51.863,8.57209,8.57396,1.00,1.00
2016.09.28 12:09:51.914,8.57205,8.57391,1.00,1.00
2016.09.28 12:09:52.015,8.57209,8.57396,1.00,1.00
2016.09.28 12:09:52.066,8.57209,8.57396,1.00,1.00
2016.09.28 12:09:52.155,8.57209,8.57396,1.00,1.00
2016.09.28 12:09:52.206,8.57204,8.5739,1.00,1.00
2016.09.28 12:09:52.367,8.57204,8.5739,1.00,1.00
2016.09.28 12:09:52.418,8.57203,8.57374,1.00,1.00
2016.09.28 12:09:52.469,8.57203,8.57374,1.00,1.00
2016.09.28 12:09:52.520,8.57203,8.57362,1.00,1.00
2016.09.28 12:09:52.571,8.57203,8.57362,1.00,1.00
2016.09.28 12:09:52.794,8.57182,8.57362,1.00,1.00
2016.09.28 12:09:52.950,8.57179,8.57362,1.00,1.00
2016.09.28 12:09:53.000,8.57179,8.57362,1.00,1.00
2016.09.28 12:09:53.408,8.57181,8.57366,1.00,1.00
2016.09.28 12:09:53.460,8.57181,8.57366,1.00,1.00
2016.09.28 12:09:53.563,8.57181,8.57366,1.00,1.00
2016.09.28 12:09:53.934,8.57183,8.57368,1.00,1.00
2016.09.28 12:09:53.985,8.57183,8.57368,1.00,1.00
2016.09.28 12:09:54.053,8.57183,8.57368,1.00,1.00
2016.09.28 12:09:54.784,8.57195,8.57378,1.00,1.00
2016.09.28 12:09:54.886,8.57204,8.57378,1.00,1.00
2016.09.28 12:09:55.792,8.57207,8.57378,1.00,1.00
2016.09.28 12:09:55.894,8.57207,8.57378,1.00,1.00
2016.09.28 12:09:56.172,8.57207,8.57378,1.00,1.00
2016.09.28 12:09:56.344,8.57207,8.57378,1.00,1.00
2016.09.28 12:09:56.793,8.57209,8.57378,1.00,1.00
2016.09.28 12:09:57.235,8.57214,8.57378,1.00,1.00
2016.09.28 12:09:58.287,8.57214,8.57378,1.00,1.00
2016.09.28 12:09:58.454,8.5724,8.57378,1.00,1.00
2016.09.28 12:09:58.505,8.57227,8.57378,1.00,1.00
2016.09.28 12:09:58.673,8.57227,8.57378,1.00,1.00
2016.09.28 12:09:58.876,8.57227,8.57378,1.00,1.00
2016.09.28 12:09:58.979,8.57227,8.57378,1.00,1.00
2016.09.28 12:09:59.297,8.57221,8.57378,1.00,1.00
2016.09.28 12:10:00.299,8.57225,8.57378,1.00,1.00
2016.09.28 12:10:00.400,8.5722,8.57378,1.00,1.00
2016.09.28 12:10:02.451,8.5722,8.57378,1.00,1.00
2016.09.28 12:10:04.188,8.57223,8.57378,1.00,1.00
2016.09.28 12:10:04.407,8.57228,8.57378,1.00,1.00
2016.09.28 12:10:04.457,8.57228,8.57378,1.00,1.00
2016.09.28 12:10:05.109,8.57224,8.57378,1.00,1.00
2016.09.28 12:10:05.249,8.57224,8.57378,1.00,1.00
2016.09.28 12:10:05.351,8.57233,8.57378,1.00,1.00
2016.09.28 12:10:07.240,8.57228,8.57378,1.00,1.00
2016.09.28 12:10:07.825,8.57228,8.57388,1.00,1.00
2016.09.28 12:10:09.055,8.57228,8.57388,1.00,1.00
2016.09.28 12:10:09.154,8.57228,8.57388,1.00,1.00
2016.09.28 12:10:09.256,8.57207,8.57366,1.00,1.00
2016.09.28 12:10:09.366,8.572,8.5736,1.00,1.00
2016.09.28 12:10:09.469,8.572,8.5736,1.00,1.00
2016.09.28 12:10:10.216,8.57188,8.57366,1.00,1.00
2016.09.28 12:10:10.861,8.57188,8.57366,1.00,1.00
2016.09.28 12:10:11.662,8.57188,8.57366,1.00,1.00
2016.09.28 12:10:12.320,8.57187,8.57365,1.00,1.00
2016.09.28 12:10:14.768,8.57187,8.57365,1.00,1.00
2016.09.28 12:10:15.245,8.57189,8.57349,1.00,1.00
2016.09.28 12:10:18.377,8.57189,8.57349,1.00,1.00
2016.09.28 12:10:18.491,8.57189,8.57349,1.00,1.00
2016.09.28 12:10:19.155,8.57191,8.5735,1.00,1.00
2016.09.28 12:10:19.206,8.57191,8.5735,1.00,1.00
2016.09.28 12:10:19.279,8.57191,8.5735,1.00,1.00
2016.09.28 12:10:20.132,8.57193,8.5735,1.00,1.00
2016.09.28 12:10:21.435,8.57184,8.57343,1.00,1.00
2016.09.28 12:10:21.536,8.57192,8.5735,1.00,1.00
2016.09.28 12:10:22.386,8.57192,8.5735,1.00,1.00
2016.09.28 12:10:22.509,8.57192,8.5735,1.00,1.00
2016.09.28 12:10:22.559,8.57183,8.57345,1.00,1.00
2016.09.28 12:10:23.237,8.57184,8.57346,1.00,1.00
2016.09.28 12:10:23.358,8.57194,8.5735,1.00,1.00
2016.09.28 12:10:24.619,8.57194,8.5735,1.00,1.00
2016.09.28 12:10:26.141,8.57188,8.57348,1.00,1.00
2016.09.28 12:10:26.292,8.57188,8.57348,1.00,1.00
2016.09.28 12:10:27.343,8.57185,8.57347,1.00,1.00
2016.09.28 12:10:27.596,8.57185,8.57347,1.00,1.00
2016.09.28 12:10:30.351,8.57178,8.5734,1.00,1.00
2016.09.28 12:10:30.703,8.57178,8.5734,1.00,1.00
2016.09.28 12:10:30.906,8.57178,8.5734,1.00,1.00
2016.09.28 12:10:31.954,8.57178,8.5734,1.00,1.00
2016.09.28 12:10:32.006,8.57178,8.5734,1.00,1.00
2016.09.28 12:10:32.410,8.57178,8.5734,1.00,1.00
2016.09.28 12:10:32.807,8.57178,8.5734,1.00,1.00
2016.09.28 12:10:32.954,8.57178,8.5734,1.00,1.00
2016.09.28 12:10:34.155,8.57176,8.57338,1.00,1.00
2016.09.28 12:10:34.410,8.57176,8.57338,1.00,1.00
2016.09.28 12:10:35.154,8.57177,8.57339,1.00,1.00
2016.09.28 12:10:39.291,8.57156,8.5732,1.00,1.00
2016.09.28 12:10:39.414,8.57156,8.5732,1.00,1.00
2016.09.28 12:10:39.465,8.57145,8.57307,1.00,1.00
2016.09.28 12:10:39.771,8.57145,8.57301,1.00,1.00
2016.09.28 12:10:40.261,8.57141,8.57301,1.00,1.00
2016.09.28 12:10:40.823,8.57141,8.57301,1.00,1.00
2016.09.28 12:10:41.112,8.57152,8.57301,1.00,1.00
2016.09.28 12:10:41.370,8.57141,8.57301,1.00,1.00
2016.09.28 12:10:41.563,8.5715,8.57301,1.00,1.00
2016.09.28 12:10:41.772,8.5714,8.57301,1.00,1.50
2016.09.28 12:10:42.271,8.57148,8.57301,1.00,1.00
2016.09.28 12:10:42.373,8.57137,8.57299,1.00,1.00
2016.09.28 12:10:42.580,8.57135,8.57297,1.00,1.00
2016.09.28 12:10:42.633,8.57135,8.57297,1.00,1.00
2016.09.28 12:10:43.229,8.57135,8.57297,1.00,1.00
2016.09.28 12:10:43.280,8.57135,8.57295,1.00,1.00
2016.09.28 12:10:44.167,8.57128,8.57288,1.00,1.00
2016.09.28 12:10:44.444,8.57128,8.57288,1.00,1.00
2016.09.28 12:10:44.633,8.57128,8.57288,1.00,1.00
2016.09.28 12:10:45.694,8.57133,8.57293,1.00,1.00
2016.09.28 12:10:46.072,8.57138,8.57298,1.00,1.00
2016.09.28 12:10:49.413,8.57136,8.57296,1.00,1.00
2016.09.28 12:10:49.464,8.57136,8.57296,1.00,1.00
2016.09.28 12:10:50.868,8.57136,8.57296,1.00,1.00
2016.09.28 12:10:55.054,8.57136,8.57296,1.00,1.00
2016.09.28 12:10:55.455,8.57136,8.57296,1.00,1.00
2016.09.28 12:10:56.214,8.57133,8.57293,1.00,1.00
2016.09.28 12:10:56.265,8.57133,8.57293,1.00,1.00
2016.09.28 12:10:56.356,8.57133,8.57293,1.00,1.00
2016.09.28 12:10:57.387,8.57134,8.57294,1.00,1.00
2016.09.28 12:10:58.525,8.57139,8.57299,1.00,1.00
2016.09.28 12:10:59.262,8.57139,8.57299,1.00,1.00
2016.09.28 12:10:59.581,8.57139,8.57299,1.00,1.00
2016.09.28 12:11:01.667,8.57139,8.57299,1.00,1.00
2016.09.28 12:11:02.003,8.57139,8.57299,1.00,1.00
2016.09.28 12:11:02.869,8.57139,8.57299,1.00,1.00
2016.09.28 12:11:03.284,8.57139,8.57299,1.00,1.00
2016.09.28 12:11:04.071,8.57139,8.57299,1.00,1.00
2016.09.28 12:11:04.372,8.5714,8.573,1.00,1.00
2016.09.28 12:11:05.506,8.5714,8.573,1.00,1.00
2016.09.28 12:11:05.786,8.5714,8.573,1.00,1.00
2016.09.28 12:11:06.205,8.57143,8.57303,1.00,1.00
2016.09.28 12:11:06.285,8.57143,8.57303,1.00,1.00
2016.09.28 12:11:06.505,8.57152,8.5731,1.00,1.00
2016.09.28 12:11:06.614,8.57159,8.5731,1.00,1.00
2016.09.28 12:11:06.809,8.5715,8.5731,1.00,1.50
2016.09.28 12:11:06.887,8.5715,8.5731,1.00,1.50
2016.09.28 12:11:06.989,8.5715,8.5731,1.00,1.50
2016.09.28 12:11:07.141,8.57141,8.57301,1.00,1.00
2016.09.28 12:11:07.242,8.57162,8.5731,1.00,1.00
2016.09.28 12:11:07.465,8.57174,8.57331,1.00,1.00
2016.09.28 12:11:07.817,8.57182,8.57337,1.00,1.00
2016.09.28 12:11:09.031,8.57182,8.57337,1.00,1.00
2016.09.28 12:11:10.143,8.57195,8.57337,1.00,1.00
2016.09.28 12:11:10.245,8.57202,8.57362,1.00,1.00
2016.09.28 12:11:10.347,8.57202,8.57362,1.00,1.00
2016.09.28 12:11:11.157,8.57207,8.57367,1.00,1.00
2016.09.28 12:11:11.209,8.57207,8.57367,1.00,1.00
2016.09.28 12:11:11.311,8.57207,8.57367,1.00,1.00
2016.09.28 12:11:11.412,8.57207,8.57367,1.00,1.00
2016.09.28 12:11:12.125,8.57209,8.57368,1.00,1.00
2016.09.28 12:11:12.527,8.57212,8.57371,1.00,1.00
2016.09.28 12:11:13.130,8.5721,8.57367,1.00,1.00
2016.09.28 12:11:13.232,8.5721,8.57367,1.00,1.00
2016.09.28 12:11:13.333,8.5721,8.57367,1.00,1.00
2016.09.28 12:11:14.780,8.57212,8.57371,1.00,1.00
2016.09.28 12:11:14.881,8.57218,8.57371,1.00,1.00
2016.09.28 12:11:15.583,8.57202,8.57371,1.00,1.00
2016.09.28 12:11:15.735,8.57202,8.57371,1.00,1.00
2016.09.28 12:11:15.837,8.57202,8.57371,1.00,1.00
2016.09.28 12:11:15.887,8.5721,8.57369,1.00,1.00
2016.09.28 12:11:16.242,8.57199,8.57371,1.00,1.00
2016.09.28 12:11:16.744,8.5721,8.57369,1.00,1.00
2016.09.28 12:11:17.243,8.57201,8.57371,1.00,1.00
2016.09.28 12:11:18.071,8.57201,8.57371,1.00,1.00
2016.09.28 12:11:19.082,8.57194,8.57371,1.00,1.00
2016.09.28 12:11:19.219,8.57194,8.57371,1.00,1.00
2016.09.28 12:11:20.110,8.57193,8.5737,1.00,1.00
2016.09.28 12:11:20.321,8.57193,8.5737,1.00,1.00
2016.09.28 12:11:20.713,8.57193,8.5737,1.00,1.00
2016.09.28 12:11:20.773,8.57193,8.5737,1.00,1.00
2016.09.28 12:11:21.381,8.57193,8.5737,1.00,1.00
2016.09.28 12:11:21.579,8.57193,8.5737,1.00,1.00
2016.09.28 12:11:21.704,8.57193,8.5737,1.00,1.00
2016.09.28 12:11:22.312,8.57193,8.5737,1.00,1.00
2016.09.28 12:11:22.362,8.57183,8.57343,1.00,1.00
2016.09.28 12:11:22.413,8.57183,8.57343,1.00,1.00
2016.09.28 12:11:22.464,8.57175,8.57333,1.00,1.00
2016.09.28 12:11:22.565,8.57164,8.57324,1.50,1.00
2016.09.28 12:11:22.616,8.57164,8.57324,1.00,1.00
2016.09.28 12:11:22.667,8.57155,8.57315,1.00,1.00
2016.09.28 12:11:22.718,8.57155,8.57315,1.00,1.00
2016.09.28 12:11:22.768,8.57155,8.57317,1.00,1.00
2016.09.28 12:11:22.870,8.57139,8.57301,1.00,1.00
2016.09.28 12:11:22.921,8.57139,8.57301,1.00,1.00
2016.09.28 12:11:23.464,8.57129,8.57291,1.00,1.00
2016.09.28 12:11:23.768,8.57135,8.57296,1.00,1.00
2016.09.28 12:11:25.400,8.57124,8.57286,1.00,1.00
2016.09.28 12:11:25.501,8.57124,8.57286,1.00,1.00
2016.09.28 12:11:25.603,8.57115,8.57276,1.00,1.00
2016.09.28 12:11:25.704,8.57115,8.57276,1.00,1.00
2016.09.28 12:11:25.807,8.57115,8.57276,1.00,1.00
2016.09.28 12:11:26.055,8.57109,8.57271,1.00,1.00
2016.09.28 12:11:26.304,8.57109,8.57271,1.00,1.00
2016.09.28 12:11:26.405,8.57105,8.57267,1.00,1.00
2016.09.28 12:11:26.570,8.571,8.57262,1.00,1.00
2016.09.28 12:11:26.722,8.571,8.57262,1.00,1.00
2016.09.28 12:11:27.071,8.57095,8.57257,1.00,1.00
2016.09.28 12:11:27.291,8.57095,8.57257,1.00,1.00
2016.09.28 12:11:27.892,8.57095,8.57257,1.00,1.00
2016.09.28 12:11:27.994,8.57088,8.5725,1.00,1.00
2016.09.28 12:11:28.593,8.57088,8.5725,1.00,1.00
2016.09.28 12:11:30.161,8.57087,8.57247,1.00,1.00
2016.09.28 12:11:30.303,8.57081,8.57243,1.00,1.00
2016.09.28 12:11:30.761,8.57076,8.57236,1.00,1.00
2016.09.28 12:11:33.880,8.57071,8.57233,1.00,1.00
2016.09.28 12:11:34.866,8.57072,8.57234,1.00,1.00
2016.09.28 12:11:35.406,8.57072,8.57234,1.00,1.00
2016.09.28 12:11:35.706,8.57072,8.57234,1.00,1.00
2016.09.28 12:11:36.169,8.57077,8.57239,1.00,1.00
2016.09.28 12:11:37.741,8.57074,8.57236,1.00,1.00
2016.09.28 12:11:39.780,8.57077,8.57239,1.00,1.00
2016.09.28 12:11:41.342,8.57071,8.57231,1.00,1.00
2016.09.28 12:11:41.865,8.57071,8.57231,1.00,1.00
2016.09.28 12:11:41.916,8.57059,8.57221,1.00,1.00
2016.09.28 12:11:42.120,8.57049,8.57211,1.00,1.00
2016.09.28 12:11:42.221,8.57049,8.57211,1.00,1.00
2016.09.28 12:11:42.548,8.57044,8.57206,1.00,1.00
2016.09.28 12:11:42.853,8.57023,8.57185,1.00,1.00
2016.09.28 12:11:43.172,8.57013,8.57175,1.00,1.00
2016.09.28 12:11:46.475,8.57013,8.57175,1.00,1.60
2016.09.28 12:11:46.526,8.56984,8.57173,1.00,1.00
2016.09.28 12:11:46.864,8.57002,8.57164,1.00,1.00
2016.09.28 12:11:46.915,8.56979,8.5714,1.00,1.00
2016.09.28 12:11:47.068,8.56979,8.5714,1.00,1.00
2016.09.28 12:11:48.499,8.56968,8.5713,1.00,1.00
2016.09.28 12:11:48.753,8.56968,8.5713,1.00,1.00
2016.09.28 12:11:49.492,8.56971,8.57133,1.00,1.00
2016.09.28 12:11:51.812,8.56981,8.57143,1.00,1.00
2016.09.28 12:11:51.863,8.56981,8.57143,1.00,1.00
2016.09.28 12:11:52.015,8.56981,8.57143,1.00,1.00
2016.09.28 12:11:52.116,8.57018,8.57159,1.00,1.00
2016.09.28 12:11:52.167,8.57018,8.57159,1.00,1.00
2016.09.28 12:11:52.335,8.57031,8.57172,1.00,1.00
2016.09.28 12:11:52.385,8.57031,8.57191,1.00,1.00
2016.09.28 12:11:53.119,8.57037,8.57191,1.00,1.00
2016.09.28 12:11:53.916,8.57033,8.57191,1.00,1.00
2016.09.28 12:11:54.052,8.57026,8.57188,1.00,1.00
2016.09.28 12:11:54.520,8.57019,8.57179,1.00,1.00
2016.09.28 12:11:54.904,8.57028,8.5719,1.00,1.00
2016.09.28 12:11:54.955,8.57028,8.5719,1.00,1.00
2016.09.28 12:11:55.341,8.57028,8.5719,1.00,1.00
2016.09.28 12:11:56.306,8.57027,8.57189,1.00,1.00
2016.09.28 12:11:57.160,8.57027,8.57189,1.00,1.00
2016.09.28 12:11:57.262,8.57027,8.57189,1.00,1.00
2016.09.28 12:11:57.558,8.57028,8.5719,1.00,1.00
2016.09.28 12:11:57.845,8.57028,8.5719,1.00,1.00
2016.09.28 12:11:58.145,8.57012,8.57179,1.00,1.00
2016.09.28 12:11:58.251,8.57012,8.57179,1.00,1.00
2016.09.28 12:11:58.311,8.56997,8.57159,1.00,1.00
2016.09.28 12:11:58.363,8.56997,8.57159,1.00,1.50
2016.09.28 12:11:58.710,8.56987,8.57149,1.12,1.00
2016.09.28 12:11:59.314,8.56987,8.57149,1.00,1.00
2016.09.28 12:11:59.428,8.5699,8.57152,1.00,1.00
2016.09.28 12:11:59.762,8.56988,8.57148,1.00,1.00
2016.09.28 12:12:00.124,8.56999,8.57159,1.00,1.00
2016.09.28 12:12:00.277,8.56999,8.57161,1.00,1.00
2016.09.28 12:12:00.429,8.56991,8.5715,1.00,1.00
2016.09.28 12:12:01.169,8.56993,8.57155,1.00,1.00
2016.09.28 12:12:01.780,8.56993,8.57155,1.00,1.00
2016.09.28 12:12:01.881,8.56993,8.57155,1.00,1.00
2016.09.28 12:12:01.932,8.56984,8.57146,1.00,1.00
2016.09.28 12:12:01.983,8.56984,8.57146,1.00,1.00
2016.09.28 12:12:02.034,8.5697,8.57131,1.00,1.00
2016.09.28 12:12:02.135,8.56961,8.57112,1.00,1.00
2016.09.28 12:12:02.186,8.56951,8.57112,1.00,1.00
2016.09.28 12:12:02.237,8.5694,8.57129,1.00,1.00
2016.09.28 12:12:02.339,8.56951,8.57113,1.00,1.00
2016.09.28 12:12:02.615,8.56951,8.57113,1.00,1.00
2016.09.28 12:12:02.666,8.56951,8.571,1.00,1.00
2016.09.28 12:12:02.768,8.56931,8.57091,1.37,1.00
2016.09.28 12:12:03.074,8.56931,8.57091,1.37,1.00
2016.09.28 12:12:03.125,8.56931,8.57091,1.00,1.00
2016.09.28 12:12:03.267,8.56921,8.57082,1.00,1.00
2016.09.28 12:12:03.369,8.56921,8.57082,1.00,1.00
2016.09.28 12:12:03.581,8.56921,8.57082,1.00,1.00
2016.09.28 12:12:04.232,8.56919,8.57081,1.00,1.00
2016.09.28 12:12:04.533,8.56912,8.57073,1.00,1.00
2016.09.28 12:12:06.672,8.5691,8.57072,1.00,1.00
2016.09.28 12:12:06.773,8.56903,8.57065,1.00,1.00
2016.09.28 12:12:06.875,8.56896,8.57058,1.00,1.00
2016.09.28 12:12:06.976,8.56896,8.57058,1.00,1.00
2016.09.28 12:12:07.110,8.56886,8.57048,1.00,1.00
2016.09.28 12:12:07.211,8.56886,8.57048,1.00,1.00
2016.09.28 12:12:07.633,8.56886,8.57048,1.00,1.00
2016.09.28 12:12:07.684,8.56863,8.57014,1.00,1.00
2016.09.28 12:12:07.859,8.56865,8.57027,1.00,1.00
2016.09.28 12:12:07.910,8.56865,8.57027,1.00,1.00
2016.09.28 12:12:08.012,8.56865,8.57027,1.00,1.00
2016.09.28 12:12:08.063,8.56859,8.57021,1.00,1.00
2016.09.28 12:12:08.164,8.5685,8.57004,1.00,1.00
2016.09.28 12:12:08.215,8.5685,8.57004,1.00,1.00
2016.09.28 12:12:08.456,8.5685,8.57004,1.00,1.00
2016.09.28 12:12:08.972,8.56857,8.57004,1.00,1.00
2016.09.28 12:12:09.045,8.5686,8.57004,1.00,1.00
2016.09.28 12:12:09.344,8.56856,8.57004,1.00,1.00
2016.09.28 12:12:10.957,8.5687,8.57004,1.00,1.00
2016.09.28 12:12:11.179,8.56865,8.57004,1.00,1.00
2016.09.28 12:12:11.377,8.56858,8.57004,1.00,1.00
2016.09.28 12:12:12.349,8.56857,8.57004,1.00,1.00
2016.09.28 12:12:14.553,8.56849,8.57004,1.00,1.00
2016.09.28 12:12:15.080,8.56848,8.57004,1.00,1.00
2016.09.28 12:12:16.291,8.56848,8.57004,1.00,1.00
2016.09.28 12:12:16.392,8.56848,8.57004,1.00,1.00
2016.09.28 12:12:16.596,8.56839,8.57001,1.00,1.00
2016.09.28 12:12:16.862,8.56846,8.57004,1.00,1.00
2016.09.28 12:12:16.913,8.56846,8.57004,1.00,1.00
2016.09.28 12:12:17.894,8.56846,8.57004,1.00,1.00
2016.09.28 12:12:18.286,8.56846,8.57004,1.00,1.00
2016.09.28 12:12:18.360,8.56846,8.57004,1.00,1.00
2016.09.28 12:12:18.495,8.56846,8.57004,1.00,1.00
2016.09.28 12:12:18.596,8.56846,8.57004,1.00,1.00
2016.09.28 12:12:18.696,8.56846,8.57004,1.00,1.00
2016.09.28 12:12:18.798,8.56839,8.57001,1.00,1.00
2016.09.28 12:12:18.899,8.56845,8.57004,1.00,1.00
2016.09.28 12:12:19.001,8.5684,8.57,1.00,1.00
2016.09.28 12:12:19.205,8.5684,8.57,1.00,1.00
2016.09.28 12:12:19.340,8.5684,8.57,1.00,1.00
2016.09.28 12:12:19.443,8.5684,8.57,1.00,1.00
2016.09.28 12:12:19.999,8.56842,8.57004,1.00,1.50
2016.09.28 12:12:20.288,8.56816,8.56978,1.00,1.00
2016.09.28 12:12:20.368,8.56827,8.56988,1.00,1.00
2016.09.28 12:12:20.419,8.56827,8.56988,1.00,1.00
2016.09.28 12:12:20.694,8.56837,8.56999,1.00,1.00
2016.09.28 12:12:20.745,8.56837,8.56999,1.00,1.00
2016.09.28 12:12:21.179,8.56837,8.56999,1.00,1.00
2016.09.28 12:12:21.332,8.56841,8.57002,1.00,1.00
2016.09.28 12:12:21.902,8.56841,8.57002,1.00,1.00
2016.09.28 12:12:22.002,8.56841,8.57002,1.00,1.00
2016.09.28 12:12:22.165,8.56835,8.56997,1.00,1.00
2016.09.28 12:12:22.267,8.56826,8.56988,1.00,1.00
2016.09.28 12:12:22.503,8.56835,8.56997,1.00,1.00
2016.09.28 12:12:23.344,8.56835,8.56997,1.00,1.00
2016.09.28 12:12:24.154,8.56835,8.56997,1.00,1.00
2016.09.28 12:12:24.402,8.56835,8.56997,1.00,1.00
2016.09.28 12:12:24.707,8.56835,8.56997,1.00,1.00
2016.09.28 12:12:24.809,8.56835,8.56997,1.00,1.00
2016.09.28 12:12:25.008,8.56835,8.56997,1.00,1.00
2016.09.28 12:12:25.353,8.56835,8.56997,1.00,1.00
2016.09.28 12:12:25.509,8.56835,8.56997,1.00,1.00
2016.09.28 12:12:25.910,8.56835,8.56997,1.00,1.00
2016.09.28 12:12:26.110,8.56835,8.56997,1.00,1.00
2016.09.28 12:12:26.404,8.56833,8.56995,1.00,1.00
2016.09.28 12:12:26.812,8.56833,8.56995,1.00,1.00
2016.09.28 12:12:27.581,8.56835,8.56997,1.00,1.00
2016.09.28 12:12:28.342,8.56835,8.56997,1.00,1.00
2016.09.28 12:12:28.393,8.56831,8.56993,1.00,1.00
2016.09.28 12:12:28.719,8.56815,8.56977,1.00,1.00
2016.09.28 12:12:28.820,8.56815,8.56977,1.00,1.00
2016.09.28 12:12:29.207,8.56815,8.56975,1.00,1.00
2016.09.28 12:12:29.384,8.5681,8.56972,1.00,1.00
2016.09.28 12:12:29.718,8.5681,8.56972,1.00,1.00
2016.09.28 12:12:30.201,8.56807,8.56967,1.00,1.00
2016.09.28 12:12:30.252,8.56807,8.56967,1.00,1.00
2016.09.28 12:12:30.521,8.56807,8.56967,1.00,1.00
2016.09.28 12:12:30.920,8.56807,8.56967,1.00,1.00
2016.09.28 12:12:31.139,8.56807,8.56967,1.00,1.00
2016.09.28 12:12:31.638,8.56806,8.56968,1.00,1.00
2016.09.28 12:12:31.740,8.56806,8.56968,1.00,1.00
2016.09.28 12:12:32.323,8.56806,8.56968,1.00,1.00
2016.09.28 12:12:32.624,8.56806,8.56968,1.00,1.00
2016.09.28 12:12:32.889,8.56806,8.56965,1.00,1.00
2016.09.28 12:12:33.450,8.56806,8.56965,1.00,1.00
2016.09.28 12:12:33.500,8.56806,8.56968,1.00,1.00
2016.09.28 12:12:33.626,8.56806,8.56968,1.00,1.00
2016.09.28 12:12:33.975,8.56806,8.56968,1.00,1.00
2016.09.28 12:12:34.492,8.5681,8.56972,1.00,1.00
2016.09.28 12:12:34.543,8.5681,8.56972,1.00,1.00
2016.09.28 12:12:34.644,8.5681,8.56972,1.00,1.00
2016.09.28 12:12:34.961,8.56815,8.56975,1.00,1.00
2016.09.28 12:12:35.521,8.56787,8.56949,1.00,1.00
2016.09.28 12:12:35.629,8.56798,8.56959,1.00,1.00
2016.09.28 12:12:35.731,8.56785,8.56947,1.00,1.00
2016.09.28 12:12:35.932,8.56785,8.56947,1.00,1.00
2016.09.28 12:12:36.295,8.56794,8.56956,1.00,1.00
2016.09.28 12:12:36.346,8.56794,8.56956,1.00,1.00
2016.09.28 12:12:36.618,8.56801,8.56963,1.00,1.00
2016.09.28 12:12:36.770,8.56801,8.56963,1.00,1.00
2016.09.28 12:12:37.197,8.56801,8.56961,1.00,1.00
2016.09.28 12:12:38.361,8.56801,8.56961,1.00,1.00
2016.09.28 12:12:38.412,8.56768,8.56909,1.37,1.00
2016.09.28 12:12:38.463,8.56768,8.56909,1.00,1.00
2016.09.28 12:12:38.677,8.56764,8.56924,1.00,1.00
2016.09.28 12:12:38.781,8.56764,8.56924,1.00,1.00
2016.09.28 12:12:38.935,8.56778,8.56935,1.00,1.00
2016.09.28 12:12:39.237,8.56777,8.56936,1.00,1.00
2016.09.28 12:12:39.339,8.56752,8.56873,1.37,1.00
2016.09.28 12:12:39.390,8.56731,8.56873,1.37,1.00
2016.09.28 12:12:39.492,8.56713,8.56873,1.37,1.00
2016.09.28 12:12:39.644,8.56702,8.56864,1.37,1.00
2016.09.28 12:12:40.215,8.56687,8.56849,1.37,1.00
2016.09.28 12:12:40.448,8.56701,8.56863,1.37,1.00
2016.09.28 12:12:40.580,8.56701,8.56863,1.00,1.00
2016.09.28 12:12:40.632,8.56701,8.56863,1.00,1.00
2016.09.28 12:12:40.847,8.56701,8.56863,1.00,1.00
2016.09.28 12:12:40.949,8.56696,8.56857,1.00,1.00
2016.09.28 12:12:41.152,8.56712,8.56874,1.00,1.00
2016.09.28 12:12:41.425,8.56702,8.56863,1.00,1.00
2016.09.28 12:12:42.321,8.56718,8.5688,1.00,1.00
2016.09.28 12:12:42.550,8.56718,8.5688,1.00,1.00
2016.09.28 12:12:42.652,8.56718,8.5688,1.00,1.00
2016.09.28 12:12:42.956,8.56708,8.5687,1.00,1.00
2016.09.28 12:12:43.221,8.56708,8.5687,1.00,1.00
2016.09.28 12:12:44.732,8.56704,8.56866,1.00,1.00
2016.09.28 12:12:47.425,8.56711,8.56872,1.00,1.00
2016.09.28 12:12:48.035,8.567,8.56862,1.00,1.00
2016.09.28 12:12:48.417,8.56713,8.56875,1.00,1.00
2016.09.28 12:12:48.657,8.56713,8.56875,1.00,1.00
2016.09.28 12:12:49.030,8.56713,8.56875,1.00,1.00
2016.09.28 12:12:49.420,8.56713,8.56873,1.00,1.00
2016.09.28 12:12:49.653,8.56713,8.56873,1.00,1.00
2016.09.28 12:12:49.987,8.56705,8.56865,1.00,1.00
2016.09.28 12:12:50.223,8.567,8.5686,1.00,1.00
2016.09.28 12:12:50.426,8.567,8.5686,1.00,1.00
2016.09.28 12:12:50.840,8.56696,8.56856,1.00,1.00
2016.09.28 12:12:50.941,8.5668,8.5684,1.00,1.00
2016.09.28 12:12:51.093,8.5668,8.5684,1.00,1.00
2016.09.28 12:12:51.526,8.56687,8.56849,1.00,1.00
2016.09.28 12:12:51.789,8.56687,8.56849,1.00,1.00
2016.09.28 12:12:51.891,8.56687,8.56849,1.00,1.00
2016.09.28 12:12:51.942,8.56706,8.56853,1.00,1.00
2016.09.28 12:12:52.044,8.5672,8.5688,1.00,1.00
2016.09.28 12:12:52.734,8.56704,8.56866,1.00,1.00
2016.09.28 12:12:52.835,8.56694,8.56856,1.00,1.00
2016.09.28 12:12:52.937,8.56694,8.56856,1.00,1.00
2016.09.28 12:12:52.987,8.56694,8.56856,1.00,1.00
2016.09.28 12:12:53.038,8.56689,8.5685,1.00,1.00
2016.09.28 12:12:54.932,8.56692,8.56853,1.00,1.00
2016.09.28 12:12:56.470,8.56695,8.56856,1.00,1.00
2016.09.28 12:12:57.639,8.56695,8.56857,1.00,1.00
2016.09.28 12:13:00.118,8.56695,8.56857,1.00,1.00
2016.09.28 12:13:01.357,8.56694,8.56855,1.00,1.00
2016.09.28 12:13:01.459,8.56687,8.56849,1.00,1.00
2016.09.28 12:13:01.642,8.56693,8.56855,1.00,1.00
2016.09.28 12:13:01.934,8.56693,8.56855,1.00,1.00
2016.09.28 12:13:02.465,8.56701,8.56862,1.00,1.00
2016.09.28 12:13:02.544,8.56701,8.56862,1.00,1.00
2016.09.28 12:13:02.747,8.56701,8.56862,1.00,1.00
2016.09.28 12:13:02.849,8.567,8.56862,1.00,1.00
2016.09.28 12:13:02.900,8.56695,8.56856,1.00,1.00
2016.09.28 12:13:03.053,8.56708,8.5687,1.00,1.00
2016.09.28 12:13:03.300,8.56725,8.56882,1.00,1.00
2016.09.28 12:13:03.401,8.56725,8.56886,1.00,1.00
2016.09.28 12:13:03.854,8.5673,8.5689,1.00,1.00
2016.09.28 12:13:04.671,8.56736,8.56896,1.00,1.00
2016.09.28 12:13:05.458,8.56742,8.56903,1.00,1.00
2016.09.28 12:13:05.722,8.56741,8.56909,1.00,1.00
2016.09.28 12:13:05.906,8.5674,8.56902,1.00,1.00
2016.09.28 12:13:05.957,8.5674,8.56902,1.00,1.00
2016.09.28 12:13:06.110,8.56748,8.56908,1.00,1.00
2016.09.28 12:13:06.193,8.56765,8.56909,1.00,1.00
2016.09.28 12:13:06.244,8.56765,8.56909,1.00,1.00
2016.09.28 12:13:06.479,8.56765,8.56925,1.00,1.00
2016.09.28 12:13:06.863,8.56769,8.56931,1.00,1.00
2016.09.28 12:13:07.044,8.56769,8.56931,1.00,1.00
2016.09.28 12:13:07.164,8.5677,8.56947,1.00,1.00
2016.09.28 12:13:07.245,8.5677,8.56947,1.00,1.00
2016.09.28 12:13:07.381,8.56758,8.5694,1.00,1.00
2016.09.28 12:13:07.973,8.56758,8.5694,1.00,1.00
2016.09.28 12:13:08.175,8.56766,8.56947,1.00,1.37
2016.09.28 12:13:08.532,8.56766,8.56947,1.00,1.00
2016.09.28 12:13:08.582,8.56758,8.5694,1.00,1.00
2016.09.28 12:13:08.684,8.56764,8.56946,1.00,1.00
2016.09.28 12:13:08.748,8.56764,8.56946,1.00,1.00
2016.09.28 12:13:09.250,8.56764,8.56946,1.00,1.00
2016.09.28 12:13:09.301,8.56774,8.56947,1.00,1.00
2016.09.28 12:13:09.891,8.56775,8.56947,1.00,1.00
2016.09.28 12:13:10.587,8.56778,8.56947,1.00,1.00
2016.09.28 12:13:11.011,8.56782,8.56947,1.00,1.00
2016.09.28 12:13:11.338,8.56799,8.56947,1.00,1.00
2016.09.28 12:13:11.772,8.56794,8.56947,1.00,1.00
2016.09.28 12:13:11.874,8.56783,8.56947,1.00,1.00
2016.09.28 12:13:12.574,8.56778,8.56947,1.00,1.00
2016.09.28 12:13:12.675,8.56771,8.56947,1.00,1.50
2016.09.28 12:13:12.777,8.5679,8.56947,1.00,1.00
2016.09.28 12:13:12.878,8.5679,8.56947,1.00,1.00
2016.09.28 12:13:13.392,8.5679,8.56947,1.00,1.00
2016.09.28 12:13:13.601,8.56795,8.56947,1.00,1.00
2016.09.28 12:13:13.652,8.56795,8.56947,1.00,1.37
2016.09.28 12:13:13.703,8.56795,8.56947,1.00,1.37
2016.09.28 12:13:13.804,8.56795,8.56957,1.00,1.37
2016.09.28 12:13:14.513,8.56799,8.56961,1.00,1.37
2016.09.28 12:13:14.876,8.56795,8.56957,1.00,1.37
2016.09.28 12:13:14.927,8.56803,8.56965,1.00,1.00
2016.09.28 12:13:14.977,8.56803,8.56965,1.00,1.00
2016.09.28 12:13:15.301,8.5681,8.56971,1.00,1.00
2016.09.28 12:13:15.628,8.56817,8.56973,1.00,1.00
2016.09.28 12:13:15.909,8.56817,8.56973,1.00,1.00
2016.09.28 12:13:16.201,8.56817,8.56973,1.00,1.00
2016.09.28 12:13:16.618,8.56819,8.56973,1.00,1.00
2016.09.28 12:13:17.491,8.56821,8.56973,1.00,1.00
2016.09.28 12:13:17.783,8.56817,8.56973,1.00,1.00
2016.09.28 12:13:19.487,8.56816,8.56973,1.00,1.00
2016.09.28 12:13:19.888,8.56812,8.56972,1.00,1.00
2016.09.28 12:13:22.101,8.56812,8.56972,1.00,1.00
2016.09.28 12:13:22.202,8.56819,8.56973,1.00,1.00
2016.09.28 12:13:22.585,8.56819,8.56973,1.00,1.00
2016.09.28 12:13:22.635,8.56799,8.56973,1.00,1.00
2016.09.28 12:13:22.737,8.56806,8.56968,1.00,1.00
2016.09.28 12:13:22.788,8.56806,8.56968,1.00,1.00
2016.09.28 12:13:23.193,8.56796,8.56958,1.00,1.00
2016.09.28 12:13:23.637,8.56791,8.56953,1.00,1.00
2016.09.28 12:13:24.205,8.56795,8.56957,1.00,1.00
2016.09.28 12:13:24.306,8.5679,8.56952,1.00,1.00
2016.09.28 12:13:24.408,8.56801,8.56961,1.00,1.00
2016.09.28 12:13:24.459,8.56801,8.56961,1.00,1.00
2016.09.28 12:13:24.741,8.56801,8.56961,1.00,1.00
2016.09.28 12:13:25.397,8.56794,8.56956,1.00,1.00
2016.09.28 12:13:26.244,8.56802,8.56964,1.00,1.00
2016.09.28 12:13:26.294,8.56802,8.56964,1.00,1.00
2016.09.28 12:13:26.345,8.56808,8.5697,1.00,1.00
2016.09.28 12:13:26.494,8.56808,8.5697,1.00,1.00
2016.09.28 12:13:26.994,8.56808,8.5697,1.00,1.00
2016.09.28 12:13:27.096,8.56817,8.56973,1.00,1.00
2016.09.28 12:13:27.201,8.56812,8.56973,1.00,1.00
2016.09.28 12:13:27.303,8.56818,8.56973,1.00,1.00
2016.09.28 12:13:27.395,8.56818,8.56973,1.00,1.00
2016.09.28 12:13:27.997,8.56818,8.56973,1.00,1.00
2016.09.28 12:13:28.048,8.56813,8.56973,1.00,1.00
2016.09.28 12:13:28.099,8.56813,8.56973,1.00,1.00
2016.09.28 12:13:28.927,8.56813,8.56973,1.00,1.00
2016.09.28 12:13:29.647,8.56813,8.56973,1.00,1.00
2016.09.28 12:13:29.704,8.56808,8.56972,1.00,1.00
2016.09.28 12:13:29.806,8.56796,8.56958,1.00,1.00
2016.09.28 12:13:29.958,8.56796,8.56958,1.00,1.00
2016.09.28 12:13:30.009,8.56796,8.56958,1.00,1.00
2016.09.28 12:13:31.245,8.56796,8.56958,1.00,1.00
2016.09.28 12:13:32.402,8.56793,8.56957,1.00,1.00
2016.09.28 12:13:32.554,8.56798,8.56961,1.00,1.00
2016.09.28 12:13:33.510,8.56804,8.56968,1.00,1.00
2016.09.28 12:13:33.612,8.56809,8.56973,1.00,1.00
2016.09.28 12:13:33.663,8.56809,8.56973,1.00,1.37
2016.09.28 12:13:34.038,8.56802,8.56966,1.00,1.00
2016.09.28 12:13:34.515,8.56808,8.56972,1.00,1.37
2016.09.28 12:13:35.312,8.56808,8.56972,1.00,1.37
2016.09.28 12:13:35.613,8.56808,8.56972,1.00,1.37
2016.09.28 12:13:36.514,8.56808,8.56972,1.00,1.37
2016.09.28 12:13:36.727,8.56813,8.56974,1.00,1.37
2016.09.28 12:13:36.815,8.56813,8.56974,1.00,1.37
2016.09.28 12:13:36.916,8.56813,8.56974,1.00,1.37
2016.09.28 12:13:38.369,8.56813,8.56974,1.00,1.00
2016.09.28 12:13:38.471,8.56854,8.57012,1.00,1.00
2016.09.28 12:13:38.572,8.56854,8.57018,1.00,1.00
2016.09.28 12:13:38.623,8.56872,8.57036,1.00,1.00
2016.09.28 12:13:38.826,8.56872,8.57023,1.00,1.00
2016.09.28 12:13:39.370,8.56872,8.57023,1.00,1.37
2016.09.28 12:13:39.471,8.56859,8.57023,1.00,1.87
2016.09.28 12:13:39.522,8.56859,8.57023,1.00,1.87
2016.09.28 12:13:39.624,8.56834,8.57021,1.00,1.37
2016.09.28 12:13:39.754,8.56834,8.57023,1.00,1.37
2016.09.28 12:13:39.854,8.56844,8.57023,1.00,1.37
2016.09.28 12:13:39.956,8.56852,8.57023,1.00,1.37
2016.09.28 12:13:40.023,8.56852,8.57023,1.00,1.37
2016.09.28 12:13:40.335,8.56836,8.57023,1.00,1.37
2016.09.28 12:13:40.635,8.56836,8.57023,1.00,1.37
2016.09.28 12:13:40.723,8.56834,8.57023,1.00,1.37
2016.09.28 12:13:40.945,8.56834,8.57023,1.00,1.37
2016.09.28 12:13:41.228,8.56848,8.57023,1.00,1.37
2016.09.28 12:13:41.452,8.56848,8.57023,1.00,1.37
2016.09.28 12:13:41.556,8.56848,8.57023,1.00,1.37
2016.09.28 12:13:42.226,8.56855,8.57023,1.00,1.37
2016.09.28 12:13:42.538,8.56862,8.57042,1.00,1.00
2016.09.28 12:13:42.639,8.56918,8.57042,1.00,1.00
2016.09.28 12:13:42.690,8.56918,8.57069,1.00,1.00
2016.09.28 12:13:42.741,8.56918,8.57082,1.00,1.00
2016.09.28 12:13:42.792,8.56918,8.57082,1.00,1.00
2016.09.28 12:13:42.843,8.56918,8.57082,1.00,1.37
2016.09.28 12:13:42.950,8.56896,8.57056,1.00,1.37
2016.09.28 12:13:43.001,8.56896,8.57056,1.00,1.37
2016.09.28 12:13:43.052,8.56892,8.57056,1.00,1.37
2016.09.28 12:13:43.102,8.56892,8.57056,1.00,1.87
2016.09.28 12:13:43.204,8.56892,8.57036,1.00,1.37
2016.09.28 12:13:43.595,8.56892,8.57056,1.00,1.87
2016.09.28 12:13:44.090,8.56892,8.57056,1.00,1.87
2016.09.28 12:13:44.141,8.56903,8.57036,1.00,1.37
2016.09.28 12:13:44.354,8.56913,8.57036,1.00,1.00
2016.09.28 12:13:44.432,8.56902,8.57036,1.00,1.00
2016.09.28 12:13:44.483,8.56902,8.57058,1.00,1.37
2016.09.28 12:13:44.832,8.56869,8.57058,1.00,1.37
2016.09.28 12:13:44.935,8.56869,8.57058,1.00,1.37
2016.09.28 12:13:45.130,8.56864,8.57058,1.00,1.37
2016.09.28 12:13:45.501,8.56899,8.57058,1.00,1.37
2016.09.28 12:13:46.158,8.56865,8.57058,1.00,1.87
2016.09.28 12:13:46.357,8.569,8.57058,1.00,1.37
2016.09.28 12:13:46.865,8.56868,8.57058,1.00,1.37
2016.09.28 12:13:46.966,8.56904,8.57058,1.00,1.37
2016.09.28 12:13:47.134,8.56869,8.57058,1.00,1.37
2016.09.28 12:13:47.937,8.56869,8.57048,1.00,1.37
2016.09.28 12:13:48.038,8.56869,8.57025,1.00,1.00
2016.09.28 12:13:48.140,8.56864,8.57025,1.50,1.00
2016.09.28 12:13:48.191,8.56864,8.57024,1.00,1.00
2016.09.28 12:13:48.242,8.56838,8.57016,1.00,1.00
2016.09.28 12:13:48.344,8.56838,8.57002,1.00,1.00
2016.09.28 12:13:48.542,8.56838,8.57002,1.00,1.00
2016.09.28 12:13:49.247,8.56839,8.57002,1.00,1.00
2016.09.28 12:13:49.738,8.56846,8.57002,1.00,1.00
2016.09.28 12:13:49.941,8.5684,8.57002,1.00,1.00
2016.09.28 12:13:50.168,8.5684,8.57002,1.00,1.00
2016.09.28 12:13:50.219,8.56833,8.56995,1.00,1.00
2016.09.28 12:13:50.270,8.56833,8.56995,1.00,1.00
2016.09.28 12:13:50.668,8.56825,8.56989,1.00,1.00
2016.09.28 12:13:51.640,8.56807,8.56968,1.00,1.00
2016.09.28 12:13:51.691,8.56807,8.56968,1.00,1.00
2016.09.28 12:13:52.052,8.56799,8.56957,1.00,1.00
2016.09.28 12:13:52.179,8.56787,8.56951,1.00,1.00
2016.09.28 12:13:54.403,8.56797,8.56957,1.00,1.00
2016.09.28 12:13:54.505,8.56806,8.56957,1.00,1.00
2016.09.28 12:13:54.660,8.568,8.56957,1.00,1.00
2016.09.28 12:13:54.914,8.568,8.56937,1.00,1.00
2016.09.28 12:13:55.462,8.568,8.56937,1.00,1.00
2016.09.28 12:13:56.564,8.56794,8.56937,1.00,1.00
2016.09.28 12:13:57.394,8.56787,8.56937,1.00,1.00
2016.09.28 12:13:58.652,8.56787,8.56937,1.00,1.00
2016.09.28 12:13:58.754,8.56765,8.56915,1.00,1.00
2016.09.28 12:13:58.805,8.56761,8.56915,1.00,1.00
2016.09.28 12:13:58.887,8.56752,8.56915,1.00,1.00
2016.09.28 12:13:58.939,8.56752,8.56896,1.00,1.00
2016.09.28 12:13:59.808,8.56748,8.56896,1.00,1.00
2016.09.28 12:13:59.859,8.56727,8.56891,1.00,1.00
2016.09.28 12:13:59.961,8.56727,8.56891,1.00,1.00
2016.09.28 12:14:00.011,8.56727,8.56868,1.00,1.00
2016.09.28 12:14:00.164,8.56727,8.56868,1.00,1.00
2016.09.28 12:14:00.303,8.56727,8.56891,1.00,1.00
2016.09.28 12:14:00.405,8.56712,8.56876,1.00,1.00
2016.09.28 12:14:00.506,8.56712,8.56869,1.00,1.00
2016.09.28 12:14:00.874,8.56702,8.56866,1.00,1.00
2016.09.28 12:14:00.925,8.56702,8.56866,1.00,1.00
2016.09.28 12:14:01.089,8.56688,8.56852,1.00,1.00
2016.09.28 12:14:01.520,8.56688,8.56852,1.00,1.00
2016.09.28 12:14:01.571,8.56665,8.56829,1.00,1.00
2016.09.28 12:14:01.673,8.56665,8.56829,1.00,1.00
2016.09.28 12:14:01.851,8.56665,8.56829,1.00,1.00
2016.09.28 12:14:01.902,8.56665,8.56829,1.00,1.00
2016.09.28 12:14:01.953,8.56665,8.56829,1.00,1.00
2016.09.28 12:14:02.004,8.56652,8.56816,1.00,1.00
2016.09.28 12:14:02.055,8.56652,8.56816,1.00,1.00
2016.09.28 12:14:02.106,8.56652,8.56816,1.00,1.00
2016.09.28 12:14:02.156,8.56652,8.56816,1.00,1.00
2016.09.28 12:14:02.309,8.56636,8.568,1.00,1.00
2016.09.28 12:14:02.411,8.56636,8.568,1.00,1.00
2016.09.28 12:14:02.553,8.56636,8.568,1.00,1.00
2016.09.28 12:14:02.604,8.56626,8.5679,1.00,1.00
2016.09.28 12:14:02.705,8.56638,8.56801,1.00,1.00
2016.09.28 12:14:02.769,8.56627,8.5679,1.00,1.00
2016.09.28 12:14:02.828,8.56627,8.5679,1.00,1.00
2016.09.28 12:14:02.969,8.56635,8.56799,1.00,1.00
2016.09.28 12:14:03.771,8.56626,8.5679,1.00,1.00
2016.09.28 12:14:04.673,8.5663,8.56794,1.00,1.00
2016.09.28 12:14:04.933,8.56625,8.56788,1.00,1.00
2016.09.28 12:14:05.775,8.56626,8.5679,1.00,1.00
2016.09.28 12:14:07.738,8.56626,8.5679,1.00,1.00
2016.09.28 12:14:07.789,8.56617,8.56779,1.00,1.00
2016.09.28 12:14:07.891,8.56617,8.56779,1.00,1.50
2016.09.28 12:14:08.540,8.56617,8.56779,1.00,1.50
2016.09.28 12:14:08.680,8.56617,8.56779,1.00,1.50
2016.09.28 12:14:08.741,8.56617,8.56779,1.00,1.50
2016.09.28 12:14:08.864,8.56612,8.56774,1.00,1.00
2016.09.28 12:14:08.915,8.56612,8.56774,1.00,1.00
2016.09.28 12:14:09.208,8.56612,8.56774,1.00,1.00
2016.09.28 12:14:09.309,8.56626,8.56779,1.37,1.00
2016.09.28 12:14:09.371,8.56626,8.56779,1.37,1.00
2016.09.28 12:14:09.422,8.56626,8.56779,1.37,1.00
2016.09.28 12:14:09.683,8.56626,8.56779,1.00,1.00
2016.09.28 12:14:09.794,8.56615,8.56777,1.00,1.00
2016.09.28 12:14:09.950,8.56615,8.56777,1.00,1.00
2016.09.28 12:14:10.284,8.5661,8.56772,1.00,1.00
2016.09.28 12:14:10.484,8.5661,8.56772,1.00,1.00
2016.09.28 12:14:10.665,8.5661,8.56772,1.00,1.00
2016.09.28 12:14:10.767,8.5661,8.56772,1.00,1.00
2016.09.28 12:14:11.085,8.56615,8.56777,1.00,1.00
2016.09.28 12:14:11.293,8.5662,8.56779,1.00,1.00
2016.09.28 12:14:11.448,8.5662,8.56779,1.00,1.00
2016.09.28 12:14:11.733,8.56609,8.56771,1.00,1.00
2016.09.28 12:14:12.087,8.56622,8.56779,1.00,1.00
2016.09.28 12:14:12.150,8.56622,8.56779,1.00,1.00
2016.09.28 12:14:12.555,8.56627,8.56779,1.00,1.00
2016.09.28 12:14:13.338,8.56626,8.56779,1.00,1.00
2016.09.28 12:14:14.032,8.56613,8.56774,1.00,1.00
2016.09.28 12:14:14.159,8.56613,8.56774,1.00,1.00
2016.09.28 12:14:14.361,8.56613,8.56774,1.00,1.00
2016.09.28 12:14:14.918,8.56623,8.56779,1.00,1.00
2016.09.28 12:14:14.968,8.56623,8.56779,1.00,1.00
2016.09.28 12:14:15.172,8.56623,8.56779,1.00,1.00
2016.09.28 12:14:15.994,8.56621,8.56779,1.00,1.00
2016.09.28 12:14:16.095,8.56621,8.56779,1.00,1.00
2016.09.28 12:14:16.400,8.56617,8.56779,1.00,1.50
2016.09.28 12:14:17.307,8.56613,8.56775,1.00,1.00
2016.09.28 12:14:17.597,8.56617,8.56779,1.00,1.50
2016.09.28 12:14:17.799,8.56585,8.56773,1.00,1.00
2016.09.28 12:14:17.901,8.56574,8.56717,1.00,1.00
2016.09.28 12:14:17.994,8.56574,8.56717,1.00,1.00
2016.09.28 12:14:18.044,8.56557,8.56717,1.00,1.00
2016.09.28 12:14:18.101,8.56557,8.56717,1.00,1.00
2016.09.28 12:14:18.203,8.56557,8.56717,1.00,1.00
2016.09.28 12:14:18.318,8.56557,8.56717,1.00,1.00
2016.09.28 12:14:18.514,8.56557,8.56717,1.00,1.00
2016.09.28 12:14:18.901,8.56565,8.56725,1.00,1.00
2016.09.28 12:14:19.534,8.56569,8.56729,1.00,1.00
2016.09.28 12:14:19.853,8.56574,8.56734,1.00,1.00
2016.09.28 12:14:19.904,8.56574,8.56734,1.00,1.00
2016.09.28 12:14:20.424,8.56582,8.56742,1.00,1.50
2016.09.28 12:14:20.526,8.56591,8.56742,1.00,1.00
2016.09.28 12:14:20.627,8.56591,8.56742,1.00,1.00
2016.09.28 12:14:20.866,8.56593,8.56762,1.00,1.00
2016.09.28 12:14:20.917,8.56607,8.56767,1.00,1.00
2016.09.28 12:14:21.019,8.56607,8.56767,1.00,1.00
2016.09.28 12:14:21.214,8.56607,8.56767,1.00,1.00
2016.09.28 12:14:21.803,8.56607,8.56767,1.00,1.00
2016.09.28 12:14:22.189,8.566,8.5676,1.00,1.00
2016.09.28 12:14:22.807,8.56604,8.56764,1.00,1.00
2016.09.28 12:14:22.909,8.56604,8.56764,1.00,1.00
2016.09.28 12:14:23.010,8.56582,8.56756,1.50,1.00
2016.09.28 12:14:23.061,8.56582,8.56752,1.00,1.00
2016.09.28 12:14:23.213,8.56567,8.56727,1.00,1.00
2016.09.28 12:14:23.393,8.56567,8.56727,1.00,1.00
2016.09.28 12:14:24.121,8.56562,8.56722,1.00,1.00
2016.09.28 12:14:24.496,8.56562,8.56722,1.00,1.00
2016.09.28 12:14:24.598,8.56562,8.56722,1.00,1.00
2016.09.28 12:14:24.649,8.56546,8.56705,1.00,1.00
2016.09.28 12:14:24.699,8.56546,8.56705,1.00,1.00
2016.09.28 12:14:24.750,8.56537,8.56697,1.00,1.00
2016.09.28 12:14:24.883,8.56537,8.56697,1.00,1.00
2016.09.28 12:14:24.934,8.56526,8.56686,1.00,1.00
2016.09.28 12:14:25.049,8.56551,8.56711,1.00,1.00
2016.09.28 12:14:25.303,8.56551,8.56711,1.00,1.00
2016.09.28 12:14:25.354,8.56562,8.56721,1.00,1.00
2016.09.28 12:14:25.700,8.56562,8.56721,1.00,1.00
2016.09.28 12:14:25.751,8.56562,8.56721,1.00,1.00
2016.09.28 12:14:26.011,8.56562,8.56721,1.00,1.00
2016.09.28 12:14:26.062,8.56562,8.56721,1.00,1.00
2016.09.28 12:14:26.380,8.56568,8.56721,1.00,1.00
2016.09.28 12:14:26.603,8.56568,8.56721,1.00,1.00
2016.09.28 12:14:26.654,8.56563,8.56721,1.00,1.00
2016.09.28 12:14:26.705,8.56563,8.56721,1.00,1.00
2016.09.28 12:14:26.755,8.56554,8.56714,1.00,1.00
2016.09.28 12:14:27.332,8.56543,8.56703,1.00,1.00
2016.09.28 12:14:27.462,8.56535,8.56695,1.00,1.00
2016.09.28 12:14:27.564,8.56535,8.56695,1.00,1.00
2016.09.28 12:14:28.056,8.56526,8.56686,1.00,1.00
2016.09.28 12:14:28.628,8.5654,8.56698,1.00,1.00
2016.09.28 12:14:28.729,8.5653,8.56689,1.00,1.00
2016.09.28 12:14:29.111,8.5653,8.56689,1.00,1.00
2016.09.28 12:14:29.184,8.5652,8.5668,1.00,1.00
2016.09.28 12:14:29.549,8.56529,8.56689,1.00,1.00
2016.09.28 12:14:29.664,8.56529,8.56689,1.00,1.00
2016.09.28 12:14:30.079,8.56534,8.56694,1.00,1.00
2016.09.28 12:14:30.131,8.56534,8.56694,1.00,1.00
2016.09.28 12:14:30.601,8.56538,8.56698,1.00,1.00
2016.09.28 12:14:31.026,8.56534,8.56694,1.00,1.00
2016.09.28 12:14:31.595,8.56545,8.56705,1.00,1.00
2016.09.28 12:14:31.646,8.56543,8.567,1.00,1.00
2016.09.28 12:14:31.747,8.56543,8.567,1.00,1.00
2016.09.28 12:14:31.950,8.56603,8.56774,1.00,1.00
2016.09.28 12:14:32.052,8.56623,8.56778,1.00,1.12
2016.09.28 12:14:32.103,8.56624,8.56778,1.00,1.00
2016.09.28 12:14:32.254,8.56623,8.56799,1.00,1.00
2016.09.28 12:14:32.356,8.56623,8.56799,1.00,1.00
2016.09.28 12:14:32.677,8.56623,8.56799,1.00,1.00
2016.09.28 12:14:32.778,8.56623,8.56799,1.00,1.00
2016.09.28 12:14:33.135,8.56638,8.56804,1.00,1.00
2016.09.28 12:14:33.831,8.56642,8.56804,1.00,1.00
2016.09.28 12:14:33.979,8.56634,8.56804,1.00,1.00
2016.09.28 12:14:34.031,8.56639,8.56804,1.00,1.00
2016.09.28 12:14:34.611,8.56638,8.56804,1.00,1.00
2016.09.28 12:14:35.133,8.56637,8.56804,1.00,1.00
2016.09.28 12:14:37.537,8.56642,8.56804,1.00,1.00
2016.09.28 12:14:37.588,8.56642,8.56804,1.00,1.00
2016.09.28 12:14:37.639,8.56636,8.56804,1.00,1.00
2016.09.28 12:14:37.689,8.56636,8.56804,1.00,1.00
2016.09.28 12:14:38.086,8.56624,8.56804,1.00,1.00
2016.09.28 12:14:38.189,8.56624,8.56804,1.00,1.00
2016.09.28 12:14:38.391,8.56624,8.56804,1.00,1.00
2016.09.28 12:14:38.491,8.56624,8.56804,1.00,1.00
2016.09.28 12:14:39.039,8.5663,8.56804,1.00,1.00
2016.09.28 12:14:39.665,8.567,8.56804,1.00,1.00
2016.09.28 12:14:39.817,8.567,8.56853,1.00,1.75
2016.09.28 12:14:39.868,8.56656,8.56842,1.00,1.50
2016.09.28 12:14:39.919,8.56656,8.56842,1.00,1.37
2016.09.28 12:14:39.970,8.56656,8.56842,1.00,1.37
2016.09.28 12:14:40.075,8.56656,8.56842,1.00,1.37
2016.09.28 12:14:40.642,8.56655,8.56837,1.00,1.37
2016.09.28 12:14:40.693,8.56655,8.56837,1.00,1.37
2016.09.28 12:14:40.744,8.56651,8.56833,1.00,1.00
2016.09.28 12:14:40.878,8.56646,8.56815,1.00,1.00
2016.09.28 12:14:41.010,8.56646,8.56802,1.00,1.37
2016.09.28 12:14:41.112,8.5662,8.56802,1.00,1.37
2016.09.28 12:14:41.894,8.56622,8.56795,1.00,1.37
2016.09.28 12:14:41.997,8.56622,8.56795,1.00,1.37
2016.09.28 12:14:42.360,8.56622,8.56795,1.00,1.37
2016.09.28 12:14:42.635,8.56622,8.56795,1.00,1.00
2016.09.28 12:14:42.738,8.56637,8.56811,1.00,1.00
2016.09.28 12:14:42.790,8.56651,8.56811,1.00,1.00
2016.09.28 12:14:43.048,8.56651,8.56799,1.00,1.00
2016.09.28 12:14:43.300,8.56651,8.56799,1.00,1.00
2016.09.28 12:14:43.698,8.56651,8.56799,1.00,1.00
2016.09.28 12:14:43.799,8.56651,8.56799,1.00,1.00
2016.09.28 12:14:44.108,8.56651,8.56813,1.00,1.75
2016.09.28 12:14:44.183,8.56651,8.56807,1.00,1.37
2016.09.28 12:14:44.350,8.56651,8.56798,1.00,1.00
2016.09.28 12:14:44.585,8.56651,8.56809,1.00,1.37
2016.09.28 12:14:45.250,8.56651,8.56816,1.00,1.75
2016.09.28 12:14:45.392,8.56651,8.56821,1.00,1.75
2016.09.28 12:14:45.503,8.56651,8.56821,1.00,1.37
2016.09.28 12:14:45.696,8.56651,8.56821,1.00,1.37
2016.09.28 12:14:46.251,8.56651,8.56825,1.00,1.37
2016.09.28 12:14:46.452,8.56651,8.56816,1.00,1.12
2016.09.28 12:14:46.554,8.56651,8.56809,1.00,1.00
2016.09.28 12:14:46.605,8.56651,8.56809,1.00,1.00
2016.09.28 12:14:46.948,8.56651,8.56809,1.00,1.37
2016.09.28 12:14:47.053,8.56651,8.56815,1.00,1.37
2016.09.28 12:14:47.256,8.56651,8.56815,1.00,1.00
2016.09.28 12:14:47.306,8.56651,8.56815,1.00,1.00
2016.09.28 12:14:47.458,8.56651,8.5682,1.00,1.00
2016.09.28 12:14:47.677,8.56651,8.56826,1.50,1.37
2016.09.28 12:14:48.027,8.56651,8.56826,1.50,1.37
2016.09.28 12:14:48.372,8.56651,8.5682,1.00,1.00
2016.09.28 12:14:49.219,8.56651,8.56815,1.00,1.00
2016.09.28 12:14:49.607,8.56651,8.56822,1.00,1.00
2016.09.28 12:14:49.658,8.56655,8.5683,1.00,1.37
2016.09.28 12:14:49.857,8.56661,8.56841,1.00,1.75
2016.09.28 12:14:49.988,8.56651,8.5683,1.50,1.37
2016.09.28 12:14:50.039,8.56651,8.5683,1.50,1.37
2016.09.28 12:14:50.602,8.56651,8.56828,1.00,1.37
2016.09.28 12:14:50.654,8.56651,8.56828,1.00,1.75
2016.09.28 12:14:50.789,8.56651,8.56825,1.00,1.75
2016.09.28 12:14:51.059,8.56655,8.56834,1.00,1.75
2016.09.28 12:14:51.468,8.56655,8.56834,1.00,1.75
2016.09.28 12:14:52.187,8.56655,8.56834,1.00,1.75
2016.09.28 12:14:52.313,8.56655,8.56834,1.00,1.37
2016.09.28 12:14:52.364,8.56661,8.56838,1.00,1.37
2016.09.28 12:14:52.466,8.56666,8.56845,1.00,1.75
2016.09.28 12:14:53.463,8.56665,8.56844,1.00,1.75
2016.09.28 12:14:54.007,8.56665,8.56844,1.00,1.75
2016.09.28 12:14:54.108,8.56676,8.56855,1.00,1.75
2016.09.28 12:14:55.066,8.56672,8.56851,1.00,1.37
2016.09.28 12:14:56.669,8.56675,8.56851,1.00,1.37
2016.09.28 12:14:56.770,8.56672,8.56847,1.00,1.37
2016.09.28 12:14:56.872,8.56704,8.56858,1.00,1.75
2016.09.28 12:14:57.040,8.56704,8.56858,1.00,1.00
2016.09.28 12:14:57.471,8.56664,8.56855,1.00,1.00
2016.09.28 12:14:57.971,8.56668,8.56858,1.00,1.00
2016.09.28 12:14:58.282,8.56675,8.5686,1.00,1.00
2016.09.28 12:14:58.518,8.56688,8.5688,1.00,1.37
2016.09.28 12:14:58.595,8.56684,8.56877,1.00,1.00
2016.09.28 12:14:58.764,8.56684,8.56877,1.00,1.00
2016.09.28 12:14:58.815,8.56675,8.56861,1.00,1.00
2016.09.28 12:14:58.917,8.56675,8.56861,1.00,1.00
2016.09.28 12:14:59.787,8.56675,8.56856,1.00,1.00
2016.09.28 12:15:00.075,8.56675,8.56861,1.00,1.00
2016.09.28 12:15:00.804,8.56675,8.56866,1.00,1.00
2016.09.28 12:15:01.391,8.56687,8.56881,1.00,1.37
2016.09.28 12:15:01.523,8.56687,8.56881,1.00,1.00
2016.09.28 12:15:01.574,8.567,8.56882,1.00,1.00
2016.09.28 12:15:01.846,8.567,8.56882,1.00,1.00
2016.09.28 12:15:02.532,8.56701,8.56882,1.00,1.00
2016.09.28 12:15:02.734,8.56693,8.56882,1.00,1.00
2016.09.28 12:15:02.785,8.56693,8.56882,1.00,1.00
2016.09.28 12:15:02.836,8.56689,8.56875,1.00,1.00
2016.09.28 12:15:03.801,8.56692,8.56882,1.50,1.00
2016.09.28 12:15:03.852,8.56712,8.56886,1.00,1.00
2016.09.28 12:15:03.903,8.56712,8.5689,1.00,1.00
2016.09.28 12:15:04.014,8.56712,8.5689,1.00,1.00
2016.09.28 12:15:04.116,8.56712,8.56895,1.00,1.00
2016.09.28 12:15:04.186,8.56712,8.56895,1.00,1.00
2016.09.28 12:15:04.282,8.56712,8.56894,1.00,1.00
2016.09.28 12:15:04.613,8.56712,8.56894,1.00,1.00
2016.09.28 12:15:05.205,8.56712,8.56894,1.00,1.00
2016.09.28 12:15:07.843,8.56712,8.56894,1.00,1.00
2016.09.28 12:15:07.944,8.56712,8.56886,1.00,1.00
2016.09.28 12:15:08.091,8.56689,8.56872,1.00,1.00
2016.09.28 12:15:08.142,8.56689,8.56872,1.00,1.00
2016.09.28 12:15:08.193,8.56684,8.56872,1.00,1.00
2016.09.28 12:15:08.244,8.56697,8.56884,1.00,1.00
2016.09.28 12:15:08.295,8.56697,8.56884,1.00,1.00
2016.09.28 12:15:08.346,8.56682,8.56867,1.00,1.00
2016.09.28 12:15:08.447,8.56682,8.56867,1.00,1.00
2016.09.28 12:15:08.498,8.56682,8.56867,1.00,1.00
2016.09.28 12:15:08.549,8.56682,8.56867,1.00,1.00
2016.09.28 12:15:09.002,8.56682,8.56863,1.00,1.00
2016.09.28 12:15:09.380,8.56682,8.56863,1.00,1.00
2016.09.28 12:15:10.754,8.56682,8.56865,1.00,1.00
2016.09.28 12:15:11.754,8.56683,8.56866,1.00,1.00
2016.09.28 12:15:12.908,8.56682,8.56865,1.50,1.00
2016.09.28 12:15:13.312,8.56682,8.5686,1.00,1.00
2016.09.28 12:15:13.388,8.56682,8.5686,1.00,1.00
2016.09.28 12:15:13.439,8.56682,8.5686,1.00,1.00
2016.09.28 12:15:13.516,8.56682,8.56865,1.50,1.00
2016.09.28 12:15:13.617,8.56682,8.56865,1.50,1.00
2016.09.28 12:15:14.619,8.56682,8.56865,1.50,1.00
2016.09.28 12:15:14.895,8.56682,8.56865,1.50,1.00
2016.09.28 12:15:16.214,8.56687,8.56868,1.00,1.12
2016.09.28 12:15:16.323,8.56687,8.56868,1.00,1.12
2016.09.28 12:15:16.425,8.5671,8.56879,1.00,1.37
2016.09.28 12:15:16.526,8.5671,8.56879,1.60,1.00
2016.09.28 12:15:16.577,8.56722,8.56879,1.60,1.00
2016.09.28 12:15:16.628,8.56762,8.56923,1.00,1.37
2016.09.28 12:15:16.729,8.56767,8.56927,1.00,1.00
2016.09.28 12:15:16.865,8.56767,8.56927,1.00,1.00
2016.09.28 12:15:16.916,8.56791,8.56951,1.00,1.00
2016.09.28 12:15:16.967,8.56791,8.56951,1.00,1.00
2016.09.28 12:15:17.221,8.56791,8.56951,1.00,1.00
2016.09.28 12:15:17.323,8.56805,8.5698,1.00,1.00
2016.09.28 12:15:17.374,8.56816,8.56992,1.00,1.00
2016.09.28 12:15:17.426,8.56853,8.57015,1.00,1.00
2016.09.28 12:15:17.556,8.56853,8.57015,1.00,1.00
2016.09.28 12:15:17.711,8.56853,8.57015,1.00,1.00
2016.09.28 12:15:17.819,8.56853,8.57015,1.00,1.00
2016.09.28 12:15:17.870,8.56853,8.57015,1.00,1.37
2016.09.28 12:15:17.923,8.56847,8.57003,1.00,1.00
2016.09.28 12:15:18.024,8.56847,8.56993,1.00,1.00
2016.09.28 12:15:18.803,8.56839,8.56993,1.00,1.00
2016.09.28 12:15:18.854,8.56849,8.5701,1.00,1.00
2016.09.28 12:15:19.032,8.56877,8.57039,1.00,1.37
2016.09.28 12:15:19.083,8.56877,8.57039,1.00,1.37
2016.09.28 12:15:19.133,8.56884,8.57039,1.00,1.37
2016.09.28 12:15:19.184,8.56884,8.57039,1.00,1.00
2016.09.28 12:15:19.235,8.56889,8.57051,1.00,1.37
2016.09.28 12:15:19.438,8.56884,8.57035,1.00,1.00
2016.09.28 12:15:20.021,8.56884,8.57035,1.00,1.00
2016.09.28 12:15:20.221,8.56884,8.57031,1.00,1.00
2016.09.28 12:15:20.295,8.56884,8.57031,1.00,1.00
2016.09.28 12:15:20.625,8.56884,8.57031,1.00,1.12
2016.09.28 12:15:21.523,8.56884,8.57025,1.00,1.00
2016.09.28 12:15:21.649,8.56884,8.57032,1.00,1.37
2016.09.28 12:15:21.750,8.56884,8.57032,1.00,1.00
2016.09.28 12:15:22.280,8.56884,8.57026,1.00,1.00
2016.09.28 12:15:22.715,8.56884,8.57026,1.00,1.00
2016.09.28 12:15:22.766,8.56851,8.57013,1.50,1.00
2016.09.28 12:15:22.868,8.56851,8.57005,1.00,1.00
2016.09.28 12:15:22.969,8.56851,8.57005,1.00,1.00
2016.09.28 12:15:23.765,8.56851,8.57002,1.00,1.00
2016.09.28 12:15:24.392,8.56851,8.57002,1.00,1.00
2016.09.28 12:15:24.443,8.56876,8.57035,1.00,1.12
2016.09.28 12:15:24.646,8.56876,8.57035,1.00,1.12
2016.09.28 12:15:24.842,8.56876,8.57035,1.50,1.12
2016.09.28 12:15:24.894,8.56876,8.57038,1.50,1.37
2016.09.28 12:15:25.067,8.56891,8.57038,1.00,1.37
2016.09.28 12:15:25.118,8.56876,8.57038,1.00,1.37
2016.09.28 12:15:25.219,8.56876,8.57038,1.00,1.37
2016.09.28 12:15:25.438,8.56885,8.57047,1.00,1.37
2016.09.28 12:15:25.540,8.56885,8.57047,1.00,1.37
2016.09.28 12:15:25.744,8.56885,8.57047,1.00,1.37
2016.09.28 12:15:26.056,8.56885,8.57047,1.00,1.37
2016.09.28 12:15:26.534,8.56879,8.5704,1.00,1.37
2016.09.28 12:15:26.833,8.56879,8.5704,1.00,1.00
2016.09.28 12:15:27.178,8.5689,8.57052,1.00,1.00
2016.09.28 12:15:27.279,8.56909,8.5707,1.00,1.00
2016.09.28 12:15:27.401,8.56909,8.57071,1.00,1.00
2016.09.28 12:15:27.452,8.56909,8.57071,1.00,1.00
2016.09.28 12:15:27.581,8.56933,8.57092,1.00,1.00
2016.09.28 12:15:27.632,8.56933,8.57092,1.00,1.00
2016.09.28 12:15:27.683,8.56953,8.57115,1.00,1.37
2016.09.28 12:15:27.785,8.56953,8.57115,1.00,1.37
2016.09.28 12:15:27.886,8.56953,8.57115,1.00,1.37
2016.09.28 12:15:28.144,8.56975,8.57137,1.00,1.37
2016.09.28 12:15:28.196,8.56975,8.57137,1.00,1.37
2016.09.28 12:15:28.247,8.56982,8.57138,1.00,1.37
2016.09.28 12:15:28.298,8.56982,8.57144,1.00,1.37
2016.09.28 12:15:28.350,8.57004,8.57158,1.00,1.37
2016.09.28 12:15:28.535,8.57004,8.57158,1.00,1.00
2016.09.28 12:15:28.586,8.57004,8.57158,1.00,1.00
2016.09.28 12:15:28.847,8.57004,8.57158,1.00,1.00
2016.09.28 12:15:29.043,8.57004,8.57166,1.00,1.37
2016.09.28 12:15:29.339,8.57007,8.57169,1.00,1.37
2016.09.28 12:15:29.472,8.57,8.57161,1.00,1.12
2016.09.28 12:15:29.990,8.57005,8.57167,1.00,1.37
2016.09.28 12:15:30.203,8.57005,8.57167,1.00,1.37
2016.09.28 12:15:30.254,8.57015,8.57177,1.00,1.37
2016.09.28 12:15:30.654,8.57015,8.57179,1.00,1.37
2016.09.28 12:15:31.643,8.57015,8.57179,1.00,1.00
2016.09.28 12:15:32.140,8.57015,8.57179,1.00,1.37
2016.09.28 12:15:32.437,8.57003,8.57167,1.00,1.37
2016.09.28 12:15:32.771,8.56997,8.57161,1.00,1.37
2016.09.28 12:15:32.846,8.57006,8.5717,1.00,1.37
2016.09.28 12:15:32.896,8.57006,8.5717,1.00,1.37
2016.09.28 12:15:33.096,8.57006,8.5717,1.00,1.37
2016.09.28 12:15:33.508,8.57015,8.57177,1.00,1.37
2016.09.28 12:15:33.559,8.57009,8.57173,1.00,1.37
2016.09.28 12:15:34.047,8.57022,8.57186,1.00,1.37
2016.09.28 12:15:34.265,8.57012,8.57176,1.00,1.37
2016.09.28 12:15:34.859,8.57006,8.5717,1.00,1.37
2016.09.28 12:15:34.910,8.57006,8.5717,1.00,1.37
2016.09.28 12:15:34.961,8.56994,8.57169,1.00,1.37
2016.09.28 12:15:35.012,8.56994,8.57169,1.00,1.37
2016.09.28 12:15:35.063,8.56997,8.57161,1.00,1.37
2016.09.28 12:15:35.164,8.56995,8.57163,1.00,1.37
2016.09.28 12:15:35.266,8.57009,8.57173,1.00,1.37
2016.09.28 12:15:35.698,8.56993,8.57157,1.00,1.12
2016.09.28 12:15:35.748,8.56993,8.57157,1.00,1.12
2016.09.28 12:15:36.177,8.56993,8.57157,1.00,1.12
2016.09.28 12:15:36.278,8.57006,8.5717,1.00,1.37
2016.09.28 12:15:36.694,8.57002,8.57165,1.00,1.37
2016.09.28 12:15:36.745,8.57002,8.57165,1.00,1.37
2016.09.28 12:15:36.797,8.56983,8.57141,1.00,1.00
2016.09.28 12:15:36.899,8.56983,8.57141,1.00,1.00
2016.09.28 12:15:36.951,8.56979,8.57141,1.00,1.00
2016.09.28 12:15:37.260,8.5697,8.57134,1.00,1.00
2016.09.28 12:15:37.576,8.5697,8.57134,1.00,1.37
2016.09.28 12:15:37.866,8.56964,8.57128,1.00,1.37
2016.09.28 12:15:38.565,8.56955,8.57119,1.00,1.12
2016.09.28 12:15:38.667,8.56955,8.57119,1.00,1.12
2016.09.28 12:15:38.955,8.56955,8.57119,1.00,1.12
2016.09.28 12:15:39.006,8.56964,8.57128,1.00,1.37
2016.09.28 12:15:39.057,8.56985,8.57137,1.00,1.00
2016.09.28 12:15:39.162,8.56985,8.57149,1.00,1.37
2016.09.28 12:15:39.380,8.56973,8.57137,1.00,1.00
2016.09.28 12:15:39.482,8.56985,8.57149,1.00,1.37
2016.09.28 12:15:39.584,8.56985,8.57149,1.00,1.37
2016.09.28 12:15:39.686,8.56969,8.57133,1.00,1.00
2016.09.28 12:15:40.058,8.56977,8.57141,1.00,1.12
2016.09.28 12:15:40.491,8.56998,8.57155,1.00,1.37
2016.09.28 12:15:40.592,8.56998,8.57155,1.00,1.37
2016.09.28 12:15:40.694,8.56998,8.57161,1.00,1.87
2016.09.28 12:15:40.795,8.56998,8.57157,1.00,1.37
2016.09.28 12:15:41.084,8.56998,8.57157,1.00,1.37
2016.09.28 12:15:41.762,8.56998,8.57156,1.00,1.37
2016.09.28 12:15:42.262,8.56994,8.57151,1.00,1.00
2016.09.28 12:15:42.587,8.56995,8.57155,1.00,1.00
2016.09.28 12:15:42.887,8.56994,8.57147,1.00,1.00
2016.09.28 12:15:43.466,8.56994,8.57158,1.00,1.37
2016.09.28 12:15:43.517,8.56994,8.57158,1.00,1.37
2016.09.28 12:15:43.637,8.56994,8.57158,1.00,1.37
2016.09.28 12:15:43.694,8.56994,8.57145,1.00,1.12
2016.09.28 12:15:43.814,8.56994,8.57144,1.00,1.00
2016.09.28 12:15:44.114,8.56994,8.57144,1.00,1.00
2016.09.28 12:15:44.186,8.56994,8.57134,1.00,1.00
2016.09.28 12:15:44.237,8.56994,8.57134,1.00,1.00
2016.09.28 12:15:44.288,8.56968,8.57134,1.00,1.00
2016.09.28 12:15:44.473,8.56973,8.57139,1.00,1.00
2016.09.28 12:15:44.524,8.56973,8.57139,1.00,1.00
2016.09.28 12:15:44.848,8.56973,8.57139,1.00,1.00
2016.09.28 12:15:45.208,8.56973,8.57139,1.00,1.00
2016.09.28 12:15:45.533,8.56963,8.57129,1.00,1.00
2016.09.28 12:15:45.642,8.56963,8.57129,1.00,1.00
2016.09.28 12:15:45.692,8.56961,8.57118,1.00,1.00
2016.09.28 12:15:45.794,8.56952,8.57118,1.00,1.00
2016.09.28 12:15:45.895,8.56952,8.57118,1.00,1.00
2016.09.28 12:15:46.413,8.56952,8.57118,1.00,1.00
2016.09.28 12:15:46.816,8.56939,8.57105,1.00,1.00
2016.09.28 12:15:47.144,8.56939,8.57105,1.00,1.00
2016.09.28 12:15:47.316,8.56932,8.57092,1.00,1.00
2016.09.28 12:15:47.421,8.56942,8.57107,1.00,1.00
2016.09.28 12:15:47.675,8.56929,8.57095,1.00,1.00
2016.09.28 12:15:47.726,8.56929,8.57095,1.00,1.00
2016.09.28 12:15:48.287,8.56929,8.57095,1.00,1.00
2016.09.28 12:15:49.213,8.56929,8.57095,1.00,1.00
2016.09.28 12:15:49.411,8.56937,8.57103,1.00,1.00
2016.09.28 12:15:49.819,8.56924,8.5709,1.00,1.00
2016.09.28 12:15:49.963,8.56924,8.5709,1.00,1.00
2016.09.28 12:15:50.377,8.5692,8.57086,1.00,1.00
2016.09.28 12:15:53.382,8.56917,8.57083,1.00,1.00
2016.09.28 12:15:56.813,8.56915,8.57081,1.00,1.00
2016.09.28 12:15:57.165,8.56915,8.57081,1.00,1.00
2016.09.28 12:15:57.765,8.56915,8.57081,1.00,1.00
2016.09.28 12:15:57.867,8.56915,8.57081,1.00,1.00
2016.09.28 12:15:58.015,8.56899,8.57053,1.00,1.00
2016.09.28 12:15:58.066,8.56899,8.57053,1.00,1.00
2016.09.28 12:15:58.327,8.56899,8.57072,1.00,1.00
2016.09.28 12:15:58.584,8.56896,8.57062,1.00,1.00
2016.09.28 12:15:58.992,8.56908,8.57074,1.00,1.00
2016.09.28 12:15:59.218,8.56908,8.57074,1.00,1.00
2016.09.28 12:15:59.328,8.56914,8.57078,1.00,1.00
2016.09.28 12:16:00.193,8.56916,8.57078,1.00,1.00
2016.09.28 12:16:00.389,8.56916,8.57078,1.00,1.00
2016.09.28 12:16:00.439,8.56909,8.57075,1.00,1.00
2016.09.28 12:16:01.346,8.56921,8.57078,1.00,1.00
2016.09.28 12:16:01.447,8.56926,8.57078,1.00,1.00
2016.09.28 12:16:01.499,8.56938,8.57078,1.00,1.00
2016.09.28 12:16:01.550,8.56938,8.57097,1.00,1.00
2016.09.28 12:16:01.601,8.56948,8.57097,1.00,1.00
2016.09.28 12:16:01.711,8.56938,8.57097,1.00,1.00
2016.09.28 12:16:01.763,8.56938,8.57104,1.00,1.37
2016.09.28 12:16:01.875,8.56938,8.57104,1.00,1.37
2016.09.28 12:16:02.107,8.56938,8.57104,1.00,1.37
2016.09.28 12:16:02.485,8.56925,8.57091,1.00,1.00
2016.09.28 12:16:02.637,8.56948,8.57113,1.00,1.00
2016.09.28 12:16:02.739,8.56954,8.5712,1.00,1.87
2016.09.28 12:16:02.893,8.56954,8.5712,1.00,1.87
2016.09.28 12:16:02.944,8.56954,8.5712,1.00,1.37
2016.09.28 12:16:03.045,8.56968,8.57124,1.00,1.37
2016.09.28 12:16:03.319,8.56968,8.57134,1.00,1.37
2016.09.28 12:16:03.600,8.56974,8.57138,1.00,1.37
2016.09.28 12:16:04.440,8.56992,8.57149,1.00,1.37
2016.09.28 12:16:04.491,8.56992,8.57157,1.00,1.37
2016.09.28 12:16:04.542,8.56995,8.57157,1.00,1.37
2016.09.28 12:16:04.825,8.56991,8.57157,1.00,1.37
2016.09.28 12:16:05.128,8.56987,8.57151,1.00,1.00
2016.09.28 12:16:08.712,8.56986,8.57148,1.00,1.00
2016.09.28 12:16:09.487,8.56981,8.57144,1.00,1.00
2016.09.28 12:16:10.451,8.56978,8.5714,1.00,1.00
2016.09.28 12:16:10.510,8.56981,8.57145,1.00,1.00
2016.09.28 12:16:12.728,8.56987,8.57151,1.00,1.37
2016.09.28 12:16:12.963,8.56995,8.57156,1.00,1.37
2016.09.28 12:16:13.156,8.56992,8.57156,1.00,1.87
2016.09.28 12:16:13.258,8.56996,8.57156,1.00,1.37
2016.09.28 12:16:13.828,8.56991,8.57155,1.00,1.37
2016.09.28 12:16:14.158,8.56991,8.57155,1.00,1.00
2016.09.28 12:16:19.824,8.56992,8.57156,1.00,1.87
2016.09.28 12:16:21.184,8.56992,8.57156,1.00,1.87
2016.09.28 12:16:21.235,8.56981,8.57145,1.00,1.37
2016.09.28 12:16:23.487,8.56981,8.57145,1.00,1.00
2016.09.28 12:16:25.834,8.56981,8.57145,1.00,1.37
2016.09.28 12:16:27.463,8.56995,8.57159,1.00,1.37
2016.09.28 12:16:27.565,8.56995,8.57159,1.00,1.37
2016.09.28 12:16:28.041,8.57004,8.57168,1.00,1.37
2016.09.28 12:16:28.149,8.57004,8.57168,1.00,1.37
2016.09.28 12:16:28.962,8.57008,8.57172,1.00,1.37
2016.09.28 12:16:29.064,8.57016,8.57178,1.00,1.37
2016.09.28 12:16:29.374,8.57016,8.57178,1.00,1.37
2016.09.28 12:16:30.001,8.57016,8.57178,1.00,1.37
2016.09.28 12:16:30.388,8.57016,8.57178,1.00,1.37
2016.09.28 12:16:30.453,8.57016,8.57178,1.00,1.37
2016.09.28 12:16:30.555,8.57016,8.57178,1.00,1.00
2016.09.28 12:16:34.846,8.57015,8.57178,1.00,1.00
2016.09.28 12:16:35.847,8.57018,8.57178,1.00,1.00
2016.09.28 12:16:36.867,8.57018,8.57182,1.00,1.00
2016.09.28 12:16:43.058,8.5702,8.57184,1.00,1.00
2016.09.28 12:16:44.297,8.57015,8.57179,1.00,1.00
2016.09.28 12:16:45.371,8.57033,8.57195,1.00,1.00
2016.09.28 12:16:45.489,8.57047,8.5721,1.00,1.00
2016.09.28 12:16:46.212,8.57047,8.57211,1.00,1.00
2016.09.28 12:16:46.364,8.57041,8.57205,1.00,1.00
2016.09.28 12:16:47.064,8.57037,8.57201,1.00,1.00
2016.09.28 12:16:49.299,8.57037,8.57199,1.00,1.00
2016.09.28 12:16:49.907,8.57043,8.57205,1.00,1.00
2016.09.28 12:16:50.248,8.57034,8.57186,1.00,1.00
2016.09.28 12:16:50.400,8.57024,8.57186,1.00,1.00
2016.09.28 12:16:50.674,8.57016,8.57178,1.00,1.00
2016.09.28 12:16:50.724,8.57016,8.57178,1.00,1.00
2016.09.28 12:16:51.756,8.57015,8.57177,1.00,1.00
2016.09.28 12:16:57.824,8.5702,8.57182,1.00,1.00
2016.09.28 12:16:58.217,8.57044,8.57206,1.00,1.00
2016.09.28 12:16:58.369,8.57044,8.57206,1.00,1.00
2016.09.28 12:16:58.556,8.57044,8.57206,1.00,1.00
2016.09.28 12:16:59.126,8.57052,8.57213,1.00,1.00
2016.09.28 12:16:59.267,8.57052,8.57214,1.00,1.00
2016.09.28 12:16:59.697,8.57057,8.57218,1.00,1.00
2016.09.28 12:16:59.849,8.57057,8.57218,1.00,1.00
2016.09.28 12:17:00.685,8.57059,8.57221,1.00,1.00
2016.09.28 12:17:01.387,8.57055,8.57215,1.00,1.00
2016.09.28 12:17:01.597,8.57059,8.57217,1.00,1.00
2016.09.28 12:17:03.488,8.57059,8.57217,1.00,1.00
2016.09.28 12:17:03.539,8.57071,8.57231,1.00,1.00
2016.09.28 12:17:03.590,8.57083,8.57243,1.00,1.00
2016.09.28 12:17:03.641,8.57083,8.57243,1.00,1.00
2016.09.28 12:17:03.743,8.57083,8.57243,1.00,1.00
2016.09.28 12:17:03.854,8.57083,8.57243,1.00,1.00
2016.09.28 12:17:04.565,8.57083,8.57243,1.00,1.00
2016.09.28 12:17:04.616,8.57076,8.57243,1.00,1.00
2016.09.28 12:17:04.901,8.57076,8.57224,1.00,1.00
2016.09.28 12:17:04.952,8.57064,8.57224,1.00,1.00
2016.09.28 12:17:05.639,8.5706,8.5722,1.00,1.00
2016.09.28 12:17:08.445,8.57064,8.57224,1.00,1.00
2016.09.28 12:17:08.547,8.57068,8.57228,1.00,1.00
2016.09.28 12:17:08.598,8.57062,8.57222,1.00,1.00
2016.09.28 12:17:09.448,8.57058,8.57216,1.00,1.00
2016.09.28 12:17:10.100,8.57053,8.57213,1.00,1.00
2016.09.28 12:17:12.030,8.57044,8.57186,1.00,1.00
2016.09.28 12:17:12.431,8.57044,8.57195,1.00,1.00
2016.09.28 12:17:12.514,8.57045,8.57203,1.00,1.00
2016.09.28 12:17:12.565,8.57045,8.57203,1.00,1.00
2016.09.28 12:17:13.028,8.57043,8.57203,1.00,1.00
2016.09.28 12:17:13.413,8.57054,8.57213,1.00,1.00
2016.09.28 12:17:13.479,8.57054,8.57213,1.00,1.00
2016.09.28 12:17:14.362,8.57052,8.57212,1.00,1.00
2016.09.28 12:17:14.908,8.57041,8.57201,1.00,1.00
2016.09.28 12:17:15.121,8.57041,8.57201,1.00,1.00
2016.09.28 12:17:15.946,8.57019,8.57178,1.00,1.00
2016.09.28 12:17:15.997,8.57019,8.57178,1.00,1.00
2016.09.28 12:17:16.352,8.57009,8.57187,1.00,1.00
2016.09.28 12:17:16.402,8.57009,8.57187,1.00,1.00
2016.09.28 12:17:17.621,8.57017,8.57177,1.00,1.00
2016.09.28 12:17:17.819,8.57034,8.57193,1.00,1.00
2016.09.28 12:17:17.870,8.57034,8.57193,1.00,1.00
2016.09.28 12:17:18.736,8.57029,8.57189,1.00,1.00
2016.09.28 12:17:18.838,8.57038,8.57196,1.00,1.00
2016.09.28 12:17:19.422,8.57029,8.57189,1.00,1.00
2016.09.28 12:17:19.561,8.57029,8.57189,1.00,1.00
2016.09.28 12:17:19.612,8.57029,8.57189,1.00,1.00
2016.09.28 12:17:19.663,8.57034,8.57194,1.00,1.00
2016.09.28 12:17:19.714,8.57034,8.57194,1.00,1.00
2016.09.28 12:17:19.773,8.57034,8.57194,1.00,1.00
2016.09.28 12:17:19.824,8.57025,8.57185,1.00,1.00
2016.09.28 12:17:20.132,8.57018,8.57178,1.00,1.00
2016.09.28 12:17:20.609,8.57018,8.57178,1.00,1.00
2016.09.28 12:17:20.803,8.57023,8.57183,1.00,1.00
2016.09.28 12:17:24.112,8.57023,8.57183,1.00,1.00
2016.09.28 12:17:24.181,8.57015,8.57175,1.00,1.00
2016.09.28 12:17:24.571,8.57009,8.57169,1.00,1.00
2016.09.28 12:17:25.210,8.57014,8.57174,1.00,1.00
2016.09.28 12:17:25.541,8.57009,8.57169,1.00,1.00
2016.09.28 12:17:25.643,8.56994,8.57163,1.00,1.00
2016.09.28 12:17:25.819,8.56994,8.57163,1.00,1.00
2016.09.28 12:17:26.693,8.56994,8.57163,1.00,1.00
2016.09.28 12:17:27.069,8.56977,8.57158,1.00,1.00
2016.09.28 12:17:27.172,8.56997,8.57156,1.00,1.00
2016.09.28 12:17:27.345,8.57007,8.57166,1.00,1.00
2016.09.28 12:17:28.288,8.57006,8.57166,1.00,1.50
2016.09.28 12:17:28.568,8.57011,8.57166,1.00,1.00
2016.09.28 12:17:29.653,8.57008,8.57166,1.00,1.00
2016.09.28 12:17:30.045,8.57016,8.57166,1.00,1.00
2016.09.28 12:17:35.063,8.57019,8.57166,1.00,1.00
2016.09.28 12:17:35.164,8.57014,8.57166,1.00,1.00
2016.09.28 12:17:38.958,8.56991,8.57166,1.00,1.50
2016.09.28 12:17:40.459,8.5702,8.57166,1.00,1.00
2016.09.28 12:17:40.561,8.57035,8.57166,1.00,1.00
2016.09.28 12:17:40.662,8.57035,8.57166,1.00,1.00
2016.09.28 12:17:40.713,8.57035,8.57192,1.00,1.00
2016.09.28 12:17:40.865,8.57035,8.57192,1.00,1.00
2016.09.28 12:17:40.916,8.57035,8.57195,1.00,1.00
2016.09.28 12:17:41.178,8.57043,8.57204,1.00,1.50
2016.09.28 12:17:42.182,8.57049,8.57204,1.00,1.00
2016.09.28 12:17:43.164,8.57047,8.57204,1.00,1.00
2016.09.28 12:17:43.425,8.57089,8.57209,1.00,1.00
2016.09.28 12:17:43.477,8.57138,8.57256,1.00,1.00
2016.09.28 12:17:43.579,8.57139,8.57256,1.00,1.00
2016.09.28 12:17:43.631,8.57139,8.57301,1.00,1.75
2016.09.28 12:17:43.733,8.57139,8.57301,1.00,2.25
2016.09.28 12:17:44.258,8.5712,8.57281,1.00,1.37
2016.09.28 12:17:44.811,8.5712,8.57281,1.00,1.00
2016.09.28 12:17:48.771,8.5712,8.57279,1.00,1.00
2016.09.28 12:17:49.973,8.5712,8.57281,1.00,1.00
2016.09.28 12:17:50.185,8.57124,8.57286,1.00,1.00
2016.09.28 12:17:52.386,8.57124,8.57286,1.00,1.00
2016.09.28 12:17:53.635,8.57102,8.57249,1.00,1.00
2016.09.28 12:17:53.686,8.57106,8.57266,1.00,1.00
2016.09.28 12:17:53.788,8.57102,8.57244,1.00,1.00
2016.09.28 12:17:53.839,8.57082,8.57244,1.00,1.00
2016.09.28 12:17:54.707,8.57091,8.57253,1.00,1.00
2016.09.28 12:17:55.732,8.57103,8.57257,1.00,1.00
2016.09.28 12:17:55.783,8.57103,8.57257,1.00,1.00
2016.09.28 12:17:55.834,8.57094,8.57254,1.00,1.00
2016.09.28 12:17:57.087,8.571,8.57257,1.00,1.00
2016.09.28 12:17:57.388,8.57108,8.57257,1.00,1.00
2016.09.28 12:17:57.889,8.57103,8.57257,1.00,1.00
2016.09.28 12:18:00.693,8.57094,8.57256,1.00,1.00
2016.09.28 12:18:00.794,8.57079,8.57241,1.00,1.00
2016.09.28 12:18:00.896,8.57079,8.57241,1.00,1.00
2016.09.28 12:18:01.237,8.5707,8.57232,1.00,1.00
2016.09.28 12:18:01.294,8.57061,8.57221,1.00,1.00
2016.09.28 12:18:01.598,8.5705,8.57202,1.00,1.00
2016.09.28 12:18:01.649,8.57041,8.57202,1.00,1.00
2016.09.28 12:18:01.700,8.57028,8.57189,1.00,1.00
2016.09.28 12:18:01.942,8.57011,8.57171,1.00,1.00
2016.09.28 12:18:01.993,8.57031,8.57171,1.00,1.00
2016.09.28 12:18:02.044,8.57079,8.57193,1.00,1.00
2016.09.28 12:18:02.095,8.57065,8.57193,1.00,1.00
2016.09.28 12:18:02.198,8.57053,8.5721,1.00,1.00
2016.09.28 12:18:02.350,8.57033,8.5721,1.00,1.00
2016.09.28 12:18:02.401,8.57026,8.5721,1.00,1.00
2016.09.28 12:18:03.126,8.57026,8.57205,1.00,1.00
2016.09.28 12:18:03.178,8.57026,8.57205,1.00,1.00
2016.09.28 12:18:03.526,8.57026,8.57201,1.00,1.00
2016.09.28 12:18:03.577,8.57026,8.57201,1.00,1.00
2016.09.28 12:18:03.706,8.56997,8.57172,1.00,1.00
2016.09.28 12:18:03.808,8.56997,8.57172,1.00,1.00
2016.09.28 12:18:04.113,8.56997,8.57172,1.00,1.00
2016.09.28 12:18:04.414,8.56958,8.5714,1.00,1.00
2016.09.28 12:18:04.517,8.56948,8.5713,1.50,1.00
2016.09.28 12:18:04.887,8.56948,8.5713,1.50,1.00
2016.09.28 12:18:05.191,8.56948,8.5711,1.50,1.00
2016.09.28 12:18:05.293,8.56948,8.5711,1.00,1.00
2016.09.28 12:18:05.395,8.56948,8.5711,1.00,1.00
2016.09.28 12:18:05.446,8.57021,8.57121,1.00,1.00
2016.09.28 12:18:05.497,8.57021,8.57124,1.00,1.00
2016.09.28 12:18:05.549,8.57021,8.57144,1.00,1.37
2016.09.28 12:18:05.682,8.57021,8.57179,1.00,1.75
2016.09.28 12:18:05.734,8.57021,8.57179,1.00,1.00
2016.09.28 12:18:05.937,8.57,8.57161,1.00,1.00
2016.09.28 12:18:07.230,8.56994,8.57179,1.00,1.37
2016.09.28 12:18:07.382,8.57047,8.57198,1.00,1.00
2016.09.28 12:18:07.437,8.57047,8.57198,1.00,1.00
2016.09.28 12:18:07.490,8.57047,8.57218,1.00,1.00
2016.09.28 12:18:07.619,8.57022,8.57202,1.00,1.00
2016.09.28 12:18:08.314,8.57034,8.57196,1.00,1.00
2016.09.28 12:18:08.618,8.57026,8.57188,1.00,1.00
2016.09.28 12:18:09.616,8.57023,8.57184,1.00,1.00
2016.09.28 12:18:09.724,8.57019,8.57222,1.00,1.37
2016.09.28 12:18:09.776,8.57016,8.57185,1.00,1.00
2016.09.28 12:18:10.166,8.5702,8.57182,1.00,1.00
2016.09.28 12:18:10.817,8.57021,8.57182,1.00,1.00
2016.09.28 12:18:12.067,8.57021,8.57182,1.00,1.37
2016.09.28 12:18:12.118,8.57021,8.57182,1.00,1.37
2016.09.28 12:18:12.169,8.56997,8.57148,1.00,1.00
2016.09.28 12:18:12.220,8.56976,8.57148,1.00,1.00
2016.09.28 12:18:12.270,8.56977,8.57173,1.00,1.37
2016.09.28 12:18:12.321,8.5708,8.57184,1.00,1.37
2016.09.28 12:18:12.372,8.5708,8.57193,1.00,1.00
2016.09.28 12:18:12.423,8.5708,8.57219,1.00,1.37
2016.09.28 12:18:12.625,8.57018,8.57212,1.00,1.37
2016.09.28 12:18:13.074,8.57025,8.57212,2.10,1.00
2016.09.28 12:18:13.125,8.57107,8.57217,1.00,1.00
2016.09.28 12:18:13.226,8.571,8.57258,1.00,1.00
2016.09.28 12:18:13.328,8.571,8.5726,1.00,1.00
2016.09.28 12:18:13.390,8.57093,8.5726,1.00,1.00
2016.09.28 12:18:13.441,8.57069,8.57231,1.00,1.00
2016.09.28 12:18:13.962,8.57086,8.57243,1.00,1.00
2016.09.28 12:18:14.114,8.57086,8.57248,1.00,1.00
2016.09.28 12:18:14.432,8.5709,8.57252,1.00,1.00
2016.09.28 12:18:14.642,8.57077,8.57239,1.00,1.00
2016.09.28 12:18:16.069,8.57081,8.57243,1.00,1.00
2016.09.28 12:18:16.599,8.57081,8.57243,1.00,1.00
2016.09.28 12:18:16.751,8.57081,8.57243,1.00,1.00
2016.09.28 12:18:16.853,8.57081,8.57243,1.00,1.00
2016.09.28 12:18:17.436,8.57062,8.57227,1.00,1.00
2016.09.28 12:18:17.486,8.57043,8.57227,1.00,1.00
2016.09.28 12:18:17.537,8.57034,8.57227,1.00,1.00
2016.09.28 12:18:17.832,8.57034,8.57227,1.00,1.00
2016.09.28 12:18:20.132,8.57036,8.57229,1.00,1.00
2016.09.28 12:18:20.234,8.5704,8.57218,1.00,1.00
2016.09.28 12:18:23.062,8.57043,8.57216,1.00,1.00
2016.09.28 12:18:23.264,8.57043,8.57216,1.00,1.00
2016.09.28 12:18:23.678,8.57038,8.5723,1.00,1.00
2016.09.28 12:18:23.877,8.57074,8.57236,1.00,1.37
2016.09.28 12:18:24.517,8.57074,8.57236,1.00,1.37
2016.09.28 12:18:25.364,8.57074,8.57236,1.00,1.12
2016.09.28 12:18:27.054,8.57074,8.57236,1.00,1.37
2016.09.28 12:18:27.158,8.57088,8.57239,1.00,1.37
2016.09.28 12:18:27.310,8.57088,8.57239,1.00,1.37
2016.09.28 12:18:27.699,8.57049,8.57239,1.00,1.37
2016.09.28 12:18:27.750,8.57049,8.57239,1.00,1.37
2016.09.28 12:18:28.681,8.57045,8.57239,1.00,1.37
2016.09.28 12:18:28.807,8.57045,8.57239,1.00,1.37
2016.09.28 12:18:29.087,8.57045,8.57239,1.00,1.37
2016.09.28 12:18:30.661,8.57049,8.57239,1.00,1.37
2016.09.28 12:18:30.958,8.57045,8.57239,1.00,1.37
2016.09.28 12:18:33.144,8.57045,8.57239,1.00,1.37
2016.09.28 12:18:33.194,8.57117,8.57239,1.00,1.37
2016.09.28 12:18:33.296,8.57117,8.57247,1.00,1.37
2016.09.28 12:18:33.456,8.57117,8.57279,1.00,1.75
2016.09.28 12:18:33.609,8.57117,8.57279,1.00,1.37
2016.09.28 12:18:34.582,8.57115,8.57277,1.00,1.37
2016.09.28 12:18:34.863,8.57115,8.57277,1.00,1.00
2016.09.28 12:18:35.269,8.57122,8.57282,1.00,1.00
2016.09.28 12:18:36.719,8.571,8.5728,1.00,1.00
2016.09.28 12:18:37.326,8.57102,8.5728,1.00,1.00
2016.09.28 12:18:37.659,8.57112,8.57288,1.00,1.00
2016.09.28 12:18:37.710,8.57105,8.57283,1.00,1.00
2016.09.28 12:18:38.172,8.57105,8.57283,1.00,1.00
2016.09.28 12:18:38.223,8.57102,8.573,1.00,1.12
2016.09.28 12:18:38.275,8.57124,8.573,1.00,1.12
2016.09.28 12:18:38.376,8.57178,8.573,1.00,1.00
2016.09.28 12:18:38.427,8.57185,8.57346,1.00,1.00
2016.09.28 12:18:38.478,8.57185,8.57346,1.00,1.00
2016.09.28 12:18:38.529,8.57185,8.57346,1.00,1.00
2016.09.28 12:18:38.662,8.57185,8.57361,1.00,1.37
2016.09.28 12:18:38.773,8.57185,8.57361,1.00,1.37
2016.09.28 12:18:39.224,8.5719,8.57364,1.00,1.37
2016.09.28 12:18:39.454,8.57178,8.57348,1.00,1.00
2016.09.28 12:18:39.768,8.57178,8.57338,1.00,1.00
2016.09.28 12:18:39.920,8.57164,8.57338,1.00,1.00
2016.09.28 12:18:40.405,8.57166,8.57338,1.00,1.00
2016.09.28 12:18:40.530,8.57173,8.57345,1.00,1.37
2016.09.28 12:18:41.003,8.57175,8.57345,1.00,1.37
2016.09.28 12:18:41.118,8.57175,8.57345,1.00,1.00
2016.09.28 12:18:41.379,8.57167,8.57337,1.00,1.37
2016.09.28 12:18:41.787,8.57167,8.57337,1.00,1.75
2016.09.28 12:18:42.302,8.57163,8.57333,1.00,1.75
2016.09.28 12:18:43.034,8.57164,8.57332,1.00,1.75
2016.09.28 12:18:43.369,8.57166,8.57332,1.00,1.75
2016.09.28 12:18:43.890,8.57168,8.57332,1.00,1.75
2016.09.28 12:18:44.406,8.57163,8.57327,1.00,1.75
2016.09.28 12:18:44.516,8.57151,8.57313,1.00,1.00
2016.09.28 12:18:44.617,8.57143,8.57303,1.00,1.00
2016.09.28 12:18:44.719,8.57143,8.57303,1.00,1.00
2016.09.28 12:18:44.820,8.57139,8.57303,1.00,1.00
2016.09.28 12:18:45.094,8.57145,8.57305,1.00,1.00
2016.09.28 12:18:45.432,8.57136,8.57298,1.00,1.00
2016.09.28 12:18:46.695,8.57131,8.57293,1.00,1.00
2016.09.28 12:18:47.223,8.57131,8.57293,1.00,1.00
2016.09.28 12:18:47.792,8.57131,8.57293,1.00,1.00
2016.09.28 12:18:48.193,8.57131,8.57293,1.00,1.00
2016.09.28 12:18:48.794,8.57131,8.57293,1.00,1.00
2016.09.28 12:18:49.195,8.57131,8.57293,1.00,1.00
2016.09.28 12:18:49.825,8.57138,8.573,1.00,1.00
2016.09.28 12:18:50.336,8.57134,8.57296,1.00,1.00
2016.09.28 12:18:51.138,8.5713,8.57292,1.00,1.00
2016.09.28 12:18:51.452,8.57125,8.57287,1.00,1.00
2016.09.28 12:18:52.033,8.57114,8.57275,1.00,1.00
2016.09.28 12:18:53.104,8.57114,8.57274,1.00,1.00
2016.09.28 12:18:53.256,8.57114,8.57274,1.00,1.00
2016.09.28 12:18:53.307,8.5709,8.57252,1.00,1.00
2016.09.28 12:18:53.358,8.5709,8.57252,1.00,1.00
2016.09.28 12:18:53.459,8.5709,8.57252,1.00,1.00
2016.09.28 12:18:55.987,8.5709,8.57252,1.00,1.00
2016.09.28 12:18:56.927,8.57086,8.57247,1.00,1.00
2016.09.28 12:18:58.417,8.57085,8.57247,1.00,1.37
2016.09.28 12:18:58.487,8.57062,8.57211,1.00,1.00
2016.09.28 12:18:58.538,8.57032,8.57194,1.00,1.00
2016.09.28 12:18:59.439,8.57041,8.57203,1.00,1.00
2016.09.28 12:18:59.777,8.57036,8.57198,1.00,1.00
2016.09.28 12:19:00.022,8.57036,8.57198,1.00,1.00
2016.09.28 12:19:00.540,8.57037,8.57199,1.00,1.00
2016.09.28 12:19:00.716,8.57044,8.57205,1.00,1.87
2016.09.28 12:19:01.084,8.57044,8.57205,1.00,1.87
2016.09.28 12:19:01.617,8.5704,8.57202,1.00,1.12
2016.09.28 12:19:01.791,8.5704,8.57202,1.00,1.00
2016.09.28 12:19:03.170,8.57044,8.57205,1.00,1.50
2016.09.28 12:19:05.222,8.57043,8.57205,1.00,1.50
2016.09.28 12:19:05.322,8.5704,8.57205,1.00,1.00
2016.09.28 12:19:10.745,8.57036,8.57205,1.00,1.00
2016.09.28 12:19:10.864,8.57038,8.57205,1.00,1.00
2016.09.28 12:19:10.965,8.57031,8.57205,1.00,1.00
2016.09.28 12:19:11.380,8.57034,8.57205,1.00,1.00
2016.09.28 12:19:11.827,8.57034,8.57205,1.00,1.00
2016.09.28 12:19:11.878,8.5703,8.57205,1.00,1.00
2016.09.28 12:19:12.234,8.57032,8.57205,1.00,1.00
2016.09.28 12:19:12.434,8.57038,8.57205,1.00,1.00
2016.09.28 12:19:13.071,8.57047,8.57205,1.00,1.00
2016.09.28 12:19:13.235,8.57043,8.57205,1.00,1.00
2016.09.28 12:19:13.337,8.57045,8.57205,1.00,1.00
2016.09.28 12:19:13.497,8.57045,8.57207,1.00,1.00
2016.09.28 12:19:14.061,8.57049,8.57211,1.00,1.00
2016.09.28 12:19:14.163,8.57049,8.57211,1.00,1.00
2016.09.28 12:19:14.236,8.57054,8.57216,1.00,1.00
2016.09.28 12:19:15.165,8.57054,8.57216,1.00,1.00
2016.09.28 12:19:16.751,8.57045,8.57225,1.00,1.00
2016.09.28 12:19:17.759,8.5705,8.57229,1.00,1.00
2016.09.28 12:19:17.810,8.5705,8.57229,1.00,1.00
2016.09.28 12:19:17.954,8.57054,8.57233,1.00,1.50
2016.09.28 12:19:19.271,8.57051,8.57228,1.00,1.00
2016.09.28 12:19:19.856,8.57055,8.57233,1.00,1.00
2016.09.28 12:19:20.885,8.57056,8.57233,1.00,1.00
2016.09.28 12:19:21.979,8.57056,8.57233,1.00,1.00
2016.09.28 12:19:27.363,8.57063,8.57225,1.00,1.00
2016.09.28 12:19:27.656,8.57063,8.57225,1.00,1.00
2016.09.28 12:19:28.369,8.57063,8.57224,1.00,1.00
2016.09.28 12:19:29.370,8.5706,8.57222,1.00,1.00
2016.09.28 12:19:29.421,8.5706,8.57222,1.00,1.00
2016.09.28 12:19:30.380,8.57049,8.57211,1.00,1.00
2016.09.28 12:19:30.431,8.57049,8.57211,1.00,1.00
2016.09.28 12:19:33.190,8.57051,8.57228,1.00,1.37
2016.09.28 12:19:33.924,8.57039,8.57198,1.00,1.00
2016.09.28 12:19:33.975,8.57039,8.57198,1.00,1.75
2016.09.28 12:19:34.103,8.57023,8.57198,1.00,1.75
2016.09.28 12:19:34.205,8.57012,8.57192,1.00,1.00
2016.09.28 12:19:34.255,8.57012,8.57192,1.00,1.00
2016.09.28 12:19:34.595,8.57012,8.57167,1.00,1.00
2016.09.28 12:19:34.902,8.57003,8.57167,1.00,1.00
2016.09.28 12:19:35.004,8.57008,8.57167,1.00,1.00
2016.09.28 12:19:35.181,8.57004,8.57167,1.00,1.00
2016.09.28 12:19:35.333,8.57004,8.57167,1.00,1.37
2016.09.28 12:19:35.384,8.56991,8.57167,1.00,1.37
2016.09.28 12:19:35.569,8.56969,8.5715,1.00,1.37
2016.09.28 12:19:35.620,8.56969,8.57129,1.00,1.37
2016.09.28 12:19:35.892,8.56958,8.57129,1.00,1.37
2016.09.28 12:19:35.943,8.56958,8.57129,1.00,1.37
2016.09.28 12:19:36.052,8.56958,8.57129,1.00,1.75
2016.09.28 12:19:36.581,8.56953,8.57129,1.00,1.75
2016.09.28 12:19:37.593,8.5696,8.57129,1.00,1.75
2016.09.28 12:19:37.796,8.56971,8.57129,1.00,1.75
2016.09.28 12:19:37.910,8.56965,8.57129,1.00,1.37
2016.09.28 12:19:37.961,8.56965,8.57129,1.00,1.00
2016.09.28 12:19:38.985,8.56971,8.57129,1.00,1.00
2016.09.28 12:19:39.686,8.56937,8.57117,1.00,1.00
2016.09.28 12:19:39.737,8.56937,8.57117,1.00,1.00
2016.09.28 12:19:39.788,8.56924,8.57095,1.00,1.00
2016.09.28 12:19:39.839,8.56924,8.57083,1.00,1.37
2016.09.28 12:19:39.890,8.56899,8.57078,1.00,1.37
2016.09.28 12:19:39.940,8.56898,8.57078,1.00,1.37
2016.09.28 12:19:39.991,8.56876,8.5704,1.00,1.00
2016.09.28 12:19:40.042,8.56856,8.5704,1.00,1.37
2016.09.28 12:19:40.163,8.56856,8.57023,1.00,1.37
2016.09.28 12:19:40.229,8.5683,8.56992,1.00,1.37
2016.09.28 12:19:40.458,8.5683,8.56992,1.00,1.00
2016.09.28 12:19:40.805,8.56854,8.56992,1.00,1.00
2016.09.28 12:19:40.855,8.56854,8.56992,1.00,1.00
2016.09.28 12:19:40.906,8.56847,8.56992,1.00,1.00
2016.09.28 12:19:41.135,8.56847,8.56992,1.00,1.37
2016.09.28 12:19:41.286,8.56832,8.56992,1.00,1.37
2016.09.28 12:19:41.337,8.56832,8.56992,1.00,1.37
2016.09.28 12:19:41.438,8.56837,8.56992,1.00,1.37
2016.09.28 12:19:41.747,8.56837,8.56992,1.00,1.37
2016.09.28 12:19:42.341,8.56843,8.56992,1.00,1.37
2016.09.28 12:19:42.725,8.56843,8.56992,1.00,1.37
2016.09.28 12:19:43.423,8.5684,8.56992,1.00,1.37
2016.09.28 12:19:43.741,8.56832,8.56992,1.00,1.37
2016.09.28 12:19:43.915,8.56828,8.56992,1.00,1.75
2016.09.28 12:19:44.294,8.56822,8.56992,1.00,1.75
2016.09.28 12:19:44.345,8.56822,8.56992,1.00,1.75
2016.09.28 12:19:44.497,8.56822,8.56984,1.00,1.12
2016.09.28 12:19:44.711,8.56818,8.56984,1.00,1.12
2016.09.28 12:19:44.762,8.56818,8.56984,1.00,1.12
2016.09.28 12:19:44.812,8.56822,8.56984,1.00,1.12
2016.09.28 12:19:45.164,8.5684,8.56992,1.00,1.50
2016.09.28 12:19:45.266,8.5684,8.56992,1.00,1.37
2016.09.28 12:19:45.696,8.56847,8.56992,1.00,1.37
2016.09.28 12:19:46.654,8.56847,8.56992,1.00,1.00
2016.09.28 12:19:47.298,8.56852,8.56992,1.00,1.00
2016.09.28 12:19:47.400,8.56847,8.56992,1.00,1.00
2016.09.28 12:19:47.526,8.56853,8.56992,1.00,1.00
2016.09.28 12:19:47.577,8.56853,8.57012,1.00,1.75
2016.09.28 12:19:47.629,8.56853,8.5702,1.00,1.12
2016.09.28 12:19:47.740,8.56853,8.5702,1.00,1.12
2016.09.28 12:19:48.041,8.56853,8.5702,1.00,1.12
2016.09.28 12:19:48.300,8.5685,8.5702,1.00,1.12
2016.09.28 12:19:48.526,8.56856,8.5702,1.00,1.12
2016.09.28 12:19:49.934,8.56827,8.57007,1.00,1.37
2016.09.28 12:19:50.036,8.56815,8.56995,1.50,1.37
2016.09.28 12:19:50.087,8.56815,8.56988,1.00,1.00
2016.09.28 12:19:50.232,8.56826,8.56988,1.00,1.75
2016.09.28 12:19:50.977,8.56822,8.56988,1.00,1.75
2016.09.28 12:19:51.130,8.56836,8.56988,1.00,1.75
2016.09.28 12:19:51.232,8.56836,8.56988,1.00,1.00
2016.09.28 12:19:51.539,8.56844,8.56988,1.00,1.00
2016.09.28 12:19:51.669,8.56844,8.57001,1.00,1.12
2016.09.28 12:19:51.771,8.56844,8.57009,1.00,1.75
2016.09.28 12:19:53.482,8.56839,8.57009,1.00,1.75
2016.09.28 12:19:54.257,8.56846,8.57009,1.00,1.75
2016.09.28 12:19:54.426,8.56846,8.57026,1.00,1.37
2016.09.28 12:19:54.478,8.56857,8.57026,1.00,1.37
2016.09.28 12:19:54.631,8.56835,8.57015,1.00,1.37
2016.09.28 12:19:54.683,8.56835,8.57015,1.00,1.37
2016.09.28 12:19:54.835,8.56835,8.57015,1.00,1.75
2016.09.28 12:19:55.414,8.56839,8.57019,1.00,1.75
2016.09.28 12:19:55.515,8.56844,8.57024,1.00,1.87
2016.09.28 12:19:55.969,8.56837,8.57017,1.00,1.75
2016.09.28 12:19:56.071,8.56837,8.57017,1.00,1.75
2016.09.28 12:19:56.122,8.56849,8.57024,1.00,1.12
2016.09.28 12:19:56.293,8.56849,8.57024,1.00,1.12
2016.09.28 12:19:56.394,8.56849,8.56998,1.00,1.12
2016.09.28 12:19:56.539,8.56849,8.57005,1.00,1.12
2016.09.28 12:19:56.745,8.5684,8.56998,1.00,1.12
2016.09.28 12:19:56.846,8.5683,8.56998,1.00,1.12
2016.09.28 12:19:56.897,8.5683,8.56998,1.00,1.12
2016.09.28 12:19:56.948,8.56819,8.56957,1.00,1.75
2016.09.28 12:19:57.078,8.56777,8.56957,1.00,1.75
2016.09.28 12:19:57.180,8.56777,8.56957,1.00,1.75
2016.09.28 12:19:57.282,8.56777,8.56957,1.00,1.75
2016.09.28 12:19:57.588,8.56777,8.56952,1.00,1.37
2016.09.28 12:19:57.933,8.56835,8.56952,1.00,1.37
2016.09.28 12:19:57.984,8.56835,8.56972,1.00,1.75
2016.09.28 12:19:58.110,8.56835,8.56972,1.00,1.00
2016.09.28 12:19:58.161,8.56835,8.5699,1.00,1.00
2016.09.28 12:19:58.212,8.56835,8.5699,1.00,1.00
2016.09.28 12:19:58.628,8.56842,8.5699,1.00,1.00
2016.09.28 12:19:58.874,8.56842,8.57004,1.00,1.12
2016.09.28 12:19:59.923,8.56815,8.56993,1.00,1.75
2016.09.28 12:20:00.024,8.56814,8.56983,1.00,1.12
2016.09.28 12:20:00.126,8.56814,8.56983,1.00,1.50
2016.09.28 12:20:00.177,8.56807,8.5698,1.00,1.37
2016.09.28 12:20:00.410,8.56835,8.56987,1.00,1.12
2016.09.28 12:20:00.461,8.56835,8.57005,1.00,1.12
2016.09.28 12:20:00.512,8.56835,8.57005,1.00,1.12
2016.09.28 12:20:00.765,8.56835,8.57013,1.00,1.75
2016.09.28 12:20:01.014,8.56847,8.57018,1.00,1.75
2016.09.28 12:20:01.080,8.56847,8.57018,1.00,1.75
2016.09.28 12:20:01.646,8.56847,8.57018,1.00,1.37
2016.09.28 12:20:01.855,8.56842,8.57018,1.00,1.37
2016.09.28 12:20:03.374,8.56842,8.57016,1.00,1.37
2016.09.28 12:20:03.629,8.56847,8.57018,1.00,1.37
2016.09.28 12:20:03.894,8.56847,8.57018,1.00,1.37
2016.09.28 12:20:05.368,8.56849,8.57018,1.00,1.37
2016.09.28 12:20:05.520,8.56849,8.57018,1.00,1.37
2016.09.28 12:20:05.571,8.56921,8.57018,1.00,1.00
2016.09.28 12:20:05.622,8.56921,8.57057,1.00,1.37
2016.09.28 12:20:05.875,8.56928,8.57102,1.00,1.37
2016.09.28 12:20:05.977,8.5696,8.57116,1.00,1.37
2016.09.28 12:20:06.111,8.5696,8.57116,1.00,1.37
2016.09.28 12:20:06.163,8.56991,8.57116,1.00,1.00
2016.09.28 12:20:06.214,8.56991,8.57136,1.00,1.37
2016.09.28 12:20:06.265,8.56991,8.57146,1.00,1.37
2016.09.28 12:20:06.426,8.56991,8.57146,1.00,1.37
2016.09.28 12:20:06.579,8.56977,8.57146,1.00,1.00
2016.09.28 12:20:06.630,8.56977,8.57146,1.00,1.00
2016.09.28 12:20:06.733,8.56977,8.57146,1.00,1.00
2016.09.28 12:20:06.838,8.56967,8.57141,1.37,1.00
2016.09.28 12:20:07.017,8.56967,8.57141,1.00,1.00
2016.09.28 12:20:07.067,8.56976,8.57146,1.00,1.00
2016.09.28 12:20:07.966,8.56976,8.57146,1.00,1.37
2016.09.28 12:20:08.159,8.56973,8.57146,1.00,1.37
2016.09.28 12:20:08.946,8.56973,8.57146,1.00,1.37
2016.09.28 12:20:09.006,8.56973,8.57146,1.00,1.37
2016.09.28 12:20:09.671,8.56968,8.57144,1.00,1.37
2016.09.28 12:20:09.867,8.56953,8.57129,1.00,1.00
2016.09.28 12:20:10.050,8.56943,8.57119,1.00,1.00
2016.09.28 12:20:10.106,8.56943,8.57113,1.00,1.00
2016.09.28 12:20:10.954,8.56946,8.57113,1.00,1.00
2016.09.28 12:20:11.156,8.56946,8.57113,1.00,1.37
2016.09.28 12:20:12.266,8.56964,8.57113,1.00,1.00
2016.09.28 12:20:12.420,8.56973,8.57133,1.00,1.00
2016.09.28 12:20:12.471,8.56973,8.57144,1.00,1.37
2016.09.28 12:20:13.685,8.56976,8.57144,1.00,1.37
2016.09.28 12:20:15.755,8.56972,8.57144,1.00,1.37
2016.09.28 12:20:15.946,8.56969,8.57143,1.00,1.37
2016.09.28 12:20:15.997,8.56984,8.57144,1.00,1.37
2016.09.28 12:20:16.099,8.57006,8.57144,1.00,1.37
2016.09.28 12:20:16.513,8.57006,8.57164,1.50,1.37
2016.09.28 12:20:16.566,8.57034,8.5721,1.00,1.37
2016.09.28 12:20:16.878,8.57048,8.57213,1.00,1.37
2016.09.28 12:20:16.929,8.57048,8.57213,1.00,1.37
2016.09.28 12:20:18.157,8.57041,8.57213,1.00,1.37
2016.09.28 12:20:18.270,8.57038,8.57213,1.00,1.37
2016.09.28 12:20:19.098,8.5703,8.57213,1.00,1.37
2016.09.28 12:20:19.295,8.57012,8.57182,1.00,1.37
2016.09.28 12:20:19.346,8.57011,8.57182,1.00,1.37
2016.09.28 12:20:19.447,8.57011,8.57182,1.00,1.37
2016.09.28 12:20:19.498,8.57,8.57176,1.00,1.37
2016.09.28 12:20:19.549,8.57,8.57176,1.00,1.37
2016.09.28 12:20:20.438,8.57,8.57176,1.00,1.37
2016.09.28 12:20:20.489,8.57008,8.57182,1.00,1.37
2016.09.28 12:20:21.894,8.57005,8.57181,1.00,1.37
2016.09.28 12:20:22.982,8.57004,8.5718,1.00,1.37
2016.09.28 12:20:26.621,8.57014,8.57182,1.00,1.37
2016.09.28 12:20:26.782,8.57002,8.57178,1.00,1.37
2016.09.28 12:20:26.851,8.57002,8.57178,1.00,1.37
2016.09.28 12:20:27.381,8.57002,8.57178,1.00,1.37
2016.09.28 12:20:27.683,8.57002,8.57176,1.00,1.37
2016.09.28 12:20:28.125,8.5701,8.57182,1.00,1.37
2016.09.28 12:20:30.151,8.5701,8.57182,1.00,1.37
2016.09.28 12:20:30.501,8.57017,8.57182,1.00,1.37
2016.09.28 12:20:31.181,8.57015,8.57182,1.00,1.37
2016.09.28 12:20:31.283,8.57017,8.57182,1.00,1.37
2016.09.28 12:20:31.384,8.57011,8.57182,1.00,1.37
2016.09.28 12:20:32.183,8.57017,8.57182,1.00,1.37
2016.09.28 12:20:33.619,8.57009,8.57182,1.00,1.37
2016.09.28 12:20:33.670,8.57009,8.57182,1.00,1.37
2016.09.28 12:20:34.616,8.57005,8.57179,1.00,1.37
2016.09.28 12:20:35.192,8.57005,8.57177,1.00,1.37
2016.09.28 12:20:35.917,8.57005,8.57177,1.00,1.37
2016.09.28 12:20:35.967,8.57005,8.57162,1.00,1.00
2016.09.28 12:20:36.615,8.57004,8.57162,1.00,1.00
2016.09.28 12:20:37.999,8.57035,8.57162,1.00,1.00
2016.09.28 12:20:38.305,8.5704,8.57192,1.00,1.37
2016.09.28 12:20:38.829,8.57031,8.57192,1.00,1.37
2016.09.28 12:20:39.308,8.57025,8.57192,1.00,1.37
2016.09.28 12:20:39.410,8.5702,8.57182,1.00,1.37
2016.09.28 12:20:39.512,8.5702,8.57162,1.00,1.00
2016.09.28 12:20:39.628,8.57012,8.57162,1.00,1.00
2016.09.28 12:20:40.303,8.57016,8.57162,1.00,1.00
2016.09.28 12:20:41.137,8.57011,8.57162,1.00,1.00
2016.09.28 12:20:42.417,8.57005,8.57162,1.00,1.00
2016.09.28 12:20:43.024,8.57025,8.57162,1.00,1.00
2016.09.28 12:20:43.279,8.57025,8.57191,1.00,1.37
2016.09.28 12:20:43.329,8.57017,8.57187,1.00,1.37
2016.09.28 12:20:43.401,8.57017,8.57187,1.00,1.00
2016.09.28 12:20:43.737,8.57008,8.57178,1.00,1.00
2016.09.28 12:20:43.790,8.57008,8.57178,1.00,1.00
2016.09.28 12:20:43.892,8.57008,8.57162,1.00,1.00
2016.09.28 12:20:44.440,8.57,8.57162,1.00,1.00
2016.09.28 12:20:46.119,8.57004,8.57162,1.00,1.00
2016.09.28 12:20:46.211,8.57,8.57162,1.00,1.00
2016.09.28 12:20:47.120,8.57004,8.57162,1.00,1.00
2016.09.28 12:20:47.222,8.57,8.57162,1.00,1.00
2016.09.28 12:20:48.752,8.56996,8.57162,1.00,1.00
2016.09.28 12:20:48.848,8.56977,8.57147,1.00,1.00
2016.09.28 12:20:48.899,8.56977,8.57147,1.00,1.00
2016.09.28 12:20:48.950,8.56969,8.57139,1.00,1.00
2016.09.28 12:20:49.001,8.56969,8.57127,1.00,1.00
2016.09.28 12:20:49.918,8.56961,8.57127,1.00,1.00
2016.09.28 12:20:49.970,8.56976,8.57127,1.00,1.00
2016.09.28 12:20:50.021,8.57021,8.57127,1.00,1.00
2016.09.28 12:20:50.122,8.57062,8.57158,1.00,1.37
2016.09.28 12:20:50.216,8.57062,8.57164,1.00,1.37
2016.09.28 12:20:50.267,8.57026,8.57196,1.00,1.37
2016.09.28 12:20:50.368,8.57026,8.57196,1.00,1.37
2016.09.28 12:20:50.673,8.57026,8.57189,1.00,1.37
2016.09.28 12:20:50.724,8.57026,8.57168,1.00,1.37
2016.09.28 12:20:50.826,8.57026,8.57168,1.00,1.37
2016.09.28 12:20:51.023,8.57012,8.57168,1.00,1.37
2016.09.28 12:20:51.226,8.57012,8.57168,1.00,1.00
2016.09.28 12:20:51.430,8.57022,8.57189,1.00,1.37
2016.09.28 12:20:51.934,8.57034,8.57198,1.00,1.37
2016.09.28 12:20:52.733,8.57034,8.57198,1.00,1.37
2016.09.28 12:20:52.942,8.57029,8.57197,1.00,1.37
2016.09.28 12:20:53.145,8.57029,8.57197,1.00,1.37
2016.09.28 12:20:53.214,8.57029,8.57197,1.00,1.37
2016.09.28 12:20:53.333,8.57029,8.57197,1.00,1.00
2016.09.28 12:20:53.454,8.57024,8.57198,1.00,1.00
2016.09.28 12:20:53.556,8.57013,8.57181,1.00,1.00
2016.09.28 12:20:53.816,8.57013,8.57181,1.00,1.00
2016.09.28 12:20:54.055,8.57007,8.57175,1.00,1.00
2016.09.28 12:20:54.444,8.57001,8.57167,1.00,1.00
2016.09.28 12:20:54.871,8.56992,8.5716,1.00,1.00
2016.09.28 12:20:54.972,8.56992,8.5716,1.00,1.00
2016.09.28 12:20:55.307,8.57002,8.57167,1.00,1.00
2016.09.28 12:20:56.686,8.57006,8.57167,1.00,1.00
2016.09.28 12:20:56.737,8.57002,8.57167,1.00,1.00
2016.09.28 12:20:57.462,8.57006,8.57167,1.00,1.00
2016.09.28 12:20:58.237,8.5701,8.57167,1.00,1.00
2016.09.28 12:20:59.626,8.57,8.57167,1.00,1.00
2016.09.28 12:21:00.255,8.57015,8.57167,1.00,1.00
2016.09.28 12:21:00.595,8.57022,8.57167,1.00,1.00
2016.09.28 12:21:00.962,8.57011,8.57167,1.00,1.00
2016.09.28 12:21:01.557,8.57024,8.57187,1.00,1.00
2016.09.28 12:21:01.608,8.57024,8.57197,1.00,1.37
2016.09.28 12:21:01.658,8.57013,8.57192,1.00,1.37
2016.09.28 12:21:01.760,8.57013,8.57192,1.00,1.37
2016.09.28 12:21:01.838,8.57013,8.57192,1.00,1.37
2016.09.28 12:21:02.244,8.57024,8.57197,1.00,1.37
2016.09.28 12:21:02.346,8.57024,8.57197,1.00,1.37
2016.09.28 12:21:02.448,8.57024,8.57197,1.00,1.37
2016.09.28 12:21:02.669,8.57018,8.57197,1.00,1.87
2016.09.28 12:21:02.777,8.57012,8.57191,1.00,1.12
2016.09.28 12:21:03.776,8.57009,8.57185,1.00,1.00
2016.09.28 12:21:04.074,8.57007,8.57181,1.00,1.00
2016.09.28 12:21:04.675,8.57009,8.57183,1.00,1.00
2016.09.28 12:21:05.366,8.57013,8.5719,1.00,1.37
2016.09.28 12:21:05.698,8.57022,8.57196,1.00,1.37
2016.09.28 12:21:05.814,8.57022,8.57196,1.00,1.00
2016.09.28 12:21:06.650,8.57024,8.57197,1.00,1.00
2016.09.28 12:21:07.853,8.57019,8.57195,1.00,1.00
2016.09.28 12:21:09.560,8.57016,8.57192,1.00,1.00
2016.09.28 12:21:09.718,8.57016,8.57192,1.00,1.37
2016.09.28 12:21:10.378,8.57012,8.57189,1.00,1.12
2016.09.28 12:21:13.661,8.57014,8.57189,1.00,1.12
2016.09.28 12:21:14.707,8.57014,8.57189,1.00,1.12
2016.09.28 12:21:14.809,8.56997,8.57173,1.00,1.00
2016.09.28 12:21:15.440,8.5699,8.57163,1.00,1.00
2016.09.28 12:21:15.491,8.56996,8.57172,1.00,1.00
2016.09.28 12:21:16.965,8.57015,8.57191,1.00,1.37
2016.09.28 12:21:17.067,8.57015,8.57189,1.00,1.37
2016.09.28 12:21:17.117,8.57015,8.57189,1.00,1.37
2016.09.28 12:21:20.234,8.57015,8.57189,1.00,1.00
2016.09.28 12:21:20.670,8.57023,8.57189,1.00,1.00
2016.09.28 12:21:21.683,8.57033,8.57189,1.00,1.00
2016.09.28 12:21:21.909,8.57027,8.57189,1.00,1.00
2016.09.28 12:21:22.184,8.56993,8.57151,1.00,1.00
2016.09.28 12:21:22.286,8.56982,8.57146,1.00,1.00
2016.09.28 12:21:22.388,8.56982,8.57151,1.00,1.00
2016.09.28 12:21:22.490,8.56982,8.57151,1.00,1.00
2016.09.28 12:21:22.698,8.56982,8.57151,1.00,1.00
2016.09.28 12:21:23.175,8.5699,8.57167,1.00,1.00
2016.09.28 12:21:23.919,8.5699,8.57167,1.00,1.37
2016.09.28 12:21:24.259,8.56995,8.5717,1.00,1.37
2016.09.28 12:21:24.477,8.56998,8.57174,1.00,1.37
2016.09.28 12:21:25.722,8.56998,8.57174,1.00,1.00
2016.09.28 12:21:27.481,8.56998,8.57173,1.00,1.00
2016.09.28 12:21:27.694,8.56998,8.57173,1.00,1.00
2016.09.28 12:21:32.030,8.57044,8.57189,1.00,1.00
2016.09.28 12:21:32.131,8.57078,8.57197,1.00,1.00
2016.09.28 12:21:32.233,8.57078,8.57224,1.00,1.00
2016.09.28 12:21:32.284,8.57078,8.57241,1.00,1.00
2016.09.28 12:21:32.335,8.57078,8.57241,1.00,1.00
2016.09.28 12:21:32.866,8.57061,8.57237,1.00,1.00
2016.09.28 12:21:32.917,8.57061,8.57237,1.00,1.00
2016.09.28 12:21:33.567,8.57061,8.57237,1.00,1.00
2016.09.28 12:21:33.630,8.57066,8.57241,1.00,1.00
2016.09.28 12:21:33.834,8.5707,8.57241,1.00,1.00
2016.09.28 12:21:34.136,8.5707,8.57241,1.00,1.00
2016.09.28 12:21:34.210,8.5707,8.57241,1.00,1.00
2016.09.28 12:21:34.438,8.57034,8.57192,1.00,1.00
2016.09.28 12:21:34.541,8.57043,8.57219,1.00,1.00
2016.09.28 12:21:34.592,8.57043,8.57204,1.00,1.00
2016.09.28 12:21:34.643,8.57109,8.57204,1.00,1.00
2016.09.28 12:21:34.694,8.57109,8.57251,1.00,1.37
2016.09.28 12:21:34.745,8.57109,8.57251,1.00,1.37
2016.09.28 12:21:34.796,8.57109,8.57256,1.00,1.37
2016.09.28 12:21:34.950,8.57109,8.57286,1.00,1.37
2016.09.28 12:21:35.001,8.57073,8.57247,1.00,1.37
2016.09.28 12:21:35.051,8.57073,8.57247,1.00,1.37
2016.09.28 12:21:35.213,8.57073,8.57247,1.00,1.37
2016.09.28 12:21:35.315,8.57073,8.57247,1.00,1.37
2016.09.28 12:21:35.417,8.57037,8.57213,1.00,1.00
2016.09.28 12:21:35.518,8.5704,8.57214,1.00,1.00
2016.09.28 12:21:35.851,8.57046,8.57217,1.00,1.37
2016.09.28 12:21:36.054,8.57046,8.57217,1.00,1.37
2016.09.28 12:21:36.516,8.57046,8.57217,1.00,1.37
2016.09.28 12:21:37.433,8.57046,8.57217,1.00,1.37
2016.09.28 12:21:37.535,8.5704,8.57215,1.00,1.37
2016.09.28 12:21:37.586,8.5704,8.57215,1.00,1.37
2016.09.28 12:21:37.636,8.57103,8.57245,1.00,1.37
2016.09.28 12:21:37.738,8.57124,8.57259,1.00,1.37
2016.09.28 12:21:37.789,8.57124,8.57282,1.00,1.37
2016.09.28 12:21:37.839,8.57076,8.57251,1.00,1.00
2016.09.28 12:21:37.992,8.57076,8.5725,1.00,1.00
2016.09.28 12:21:38.844,8.57077,8.5725,1.00,1.00
2016.09.28 12:21:39.978,8.57072,8.57246,1.00,1.00
2016.09.28 12:21:40.709,8.57072,8.5725,1.00,1.00
2016.09.28 12:21:41.357,8.57072,8.5725,1.00,1.00
2016.09.28 12:21:41.928,8.57072,8.5725,1.00,1.00
2016.09.28 12:21:42.145,8.57072,8.5725,1.00,1.00
2016.09.28 12:21:42.420,8.57078,8.5725,1.00,1.00
2016.09.28 12:21:42.524,8.57074,8.5725,1.00,1.00
2016.09.28 12:21:42.575,8.57074,8.5725,1.00,1.00
2016.09.28 12:21:42.732,8.57074,8.5725,1.00,1.00
2016.09.28 12:21:42.811,8.57074,8.57238,1.00,1.00
2016.09.28 12:21:43.140,8.5706,8.57224,1.00,1.00
2016.09.28 12:21:43.532,8.57043,8.57203,1.00,1.00
2016.09.28 12:21:43.634,8.57039,8.57203,1.00,1.00
2016.09.28 12:21:43.823,8.57025,8.57189,1.00,1.00
2016.09.28 12:21:44.127,8.56999,8.57172,1.00,1.00
2016.09.28 12:21:44.189,8.56999,8.57172,1.00,1.00
2016.09.28 12:21:44.240,8.56999,8.57172,1.00,1.00
2016.09.28 12:21:44.544,8.56995,8.57159,1.00,1.00
2016.09.28 12:21:44.943,8.56985,8.57149,1.00,1.00
2016.09.28 12:21:45.049,8.56985,8.57149,1.00,1.00
2016.09.28 12:21:45.649,8.56974,8.57139,1.00,1.00
2016.09.28 12:21:45.750,8.56981,8.57145,1.00,1.00
2016.09.28 12:21:46.092,8.56961,8.57125,1.00,1.00
2016.09.28 12:21:46.722,8.56958,8.5712,1.00,1.00
2016.09.28 12:21:47.942,8.56958,8.5712,1.00,1.00
2016.09.28 12:21:49.250,8.56949,8.57129,1.00,1.00
2016.09.28 12:21:49.365,8.56952,8.57116,1.00,1.00
2016.09.28 12:21:49.466,8.57001,8.57131,1.00,1.00
2016.09.28 12:21:49.567,8.57014,8.57131,1.00,1.00
2016.09.28 12:21:49.669,8.57032,8.57151,1.00,1.00
2016.09.28 12:21:49.770,8.57032,8.57197,1.00,1.00
2016.09.28 12:21:49.923,8.57053,8.57213,1.00,1.37
2016.09.28 12:21:50.564,8.57047,8.57211,1.00,1.37
2016.09.28 12:21:50.767,8.57047,8.57211,1.00,1.12
2016.09.28 12:21:50.869,8.57047,8.57211,1.00,1.37
2016.09.28 12:21:50.966,8.57044,8.57206,1.00,1.37
2016.09.28 12:21:51.930,8.57008,8.5716,1.00,1.00
2016.09.28 12:21:51.981,8.57008,8.5716,1.00,1.00
2016.09.28 12:21:52.032,8.56987,8.57157,1.00,1.00
2016.09.28 12:21:52.083,8.56984,8.57157,1.00,1.00
2016.09.28 12:21:52.185,8.56976,8.57157,1.00,1.00
2016.09.28 12:21:52.337,8.56981,8.57145,1.00,1.00
2016.09.28 12:21:52.805,8.56981,8.57145,1.00,1.00
2016.09.28 12:21:52.856,8.56963,8.57138,1.00,1.00
2016.09.28 12:21:52.957,8.56963,8.57119,1.00,1.00
2016.09.28 12:21:53.072,8.56955,8.57119,1.00,1.00
2016.09.28 12:21:53.373,8.56955,8.57119,1.00,1.00
2016.09.28 12:21:53.661,8.56955,8.57119,1.00,1.00
2016.09.28 12:21:53.714,8.56944,8.57109,1.00,1.00
2016.09.28 12:21:53.867,8.56949,8.57113,1.00,1.00
2016.09.28 12:21:54.177,8.56939,8.57103,1.00,1.00
2016.09.28 12:21:55.378,8.56935,8.57097,1.00,1.00
2016.09.28 12:21:56.338,8.56928,8.57088,1.00,1.00
2016.09.28 12:21:56.389,8.56928,8.57088,1.00,1.37
2016.09.28 12:21:56.440,8.56908,8.5709,1.00,1.37
2016.09.28 12:21:56.490,8.56908,8.5709,1.00,1.37
2016.09.28 12:21:56.541,8.56986,8.5711,1.00,1.37
2016.09.28 12:21:56.592,8.56986,8.5711,1.00,1.00
2016.09.28 12:21:56.643,8.56957,8.57122,1.00,1.00
2016.09.28 12:21:56.694,8.56957,8.57122,1.00,1.00
2016.09.28 12:21:57.088,8.56961,8.57121,1.00,1.00
2016.09.28 12:21:57.435,8.56955,8.57132,1.00,1.00
2016.09.28 12:21:58.365,8.56955,8.57132,1.00,1.00
2016.09.28 12:21:58.742,8.56958,8.57137,1.00,1.12
2016.09.28 12:21:59.292,8.56958,8.57137,1.00,1.12
2016.09.28 12:21:59.353,8.56953,8.57132,1.00,1.00
2016.09.28 12:21:59.433,8.56953,8.57132,1.00,1.00
2016.09.28 12:21:59.703,8.56953,8.57132,1.00,1.00
2016.09.28 12:21:59.754,8.56953,8.57132,1.00,1.37
2016.09.28 12:22:01.342,8.56958,8.57137,1.00,1.37
2016.09.28 12:22:01.393,8.56958,8.57137,1.00,1.37
2016.09.28 12:22:01.444,8.56987,8.57155,1.00,1.37
2016.09.28 12:22:01.495,8.56987,8.57155,1.00,1.37
2016.09.28 12:22:01.866,8.56987,8.57155,1.00,1.00
2016.09.28 12:22:02.444,8.56985,8.57155,1.00,1.00
2016.09.28 12:22:03.754,8.56981,8.57155,1.00,1.00
2016.09.28 12:22:04.647,8.56988,8.57155,1.00,1.00
2016.09.28 12:22:05.797,8.5698,8.57155,1.00,1.00
2016.09.28 12:22:06.150,8.56976,8.57155,1.00,1.00
2016.09.28 12:22:07.209,8.56987,8.57155,1.00,1.00
2016.09.28 12:22:07.311,8.56987,8.57169,1.00,1.00
2016.09.28 12:22:07.362,8.56994,8.57176,1.00,1.00
2016.09.28 12:22:08.197,8.56989,8.57171,1.00,1.00
2016.09.28 12:22:08.349,8.56989,8.57171,1.00,1.00
2016.09.28 12:22:09.103,8.56989,8.57171,1.00,1.00
2016.09.28 12:22:09.230,8.56989,8.57171,1.00,1.00
2016.09.28 12:22:09.421,8.56989,8.57171,1.00,1.00
2016.09.28 12:22:09.904,8.56976,8.57166,1.00,1.12
2016.09.28 12:22:09.955,8.56976,8.57166,1.00,1.12
2016.09.28 12:22:10.005,8.56976,8.57141,1.00,1.00
2016.09.28 12:22:10.496,8.56973,8.57149,1.00,1.00
2016.09.28 12:22:10.547,8.56973,8.57149,1.00,1.00
2016.09.28 12:22:10.662,8.56987,8.57149,1.00,1.00
2016.09.28 12:22:10.713,8.56987,8.57168,1.00,1.37
2016.09.28 12:22:11.399,8.56976,8.57158,1.00,1.00
2016.09.28 12:22:11.450,8.56976,8.57158,1.00,1.00
2016.09.28 12:22:11.501,8.56982,8.57163,1.00,1.00
2016.09.28 12:22:11.947,8.56982,8.57163,1.00,1.00
2016.09.28 12:22:12.048,8.56982,8.57163,1.00,1.00
2016.09.28 12:22:12.150,8.56982,8.57163,1.00,1.00
2016.09.28 12:22:12.565,8.56989,8.57162,1.00,1.00
2016.09.28 12:22:12.968,8.56995,8.57168,1.00,1.50
2016.09.28 12:22:13.567,8.56987,8.57161,1.00,1.00
2016.09.28 12:22:15.086,8.56991,8.57164,1.00,1.00
2016.09.28 12:22:16.530,8.57053,8.57206,1.00,1.37
2016.09.28 12:22:16.581,8.57076,8.57237,1.00,1.37
2016.09.28 12:22:16.632,8.57076,8.57237,1.00,1.37
2016.09.28 12:22:16.913,8.57076,8.57237,1.00,1.00
2016.09.28 12:22:17.157,8.57083,8.57237,1.00,1.00
2016.09.28 12:22:17.473,8.5709,8.57251,1.00,1.00
2016.09.28 12:22:18.096,8.57095,8.57255,1.00,1.00
2016.09.28 12:22:18.569,8.5709,8.57251,1.00,1.00
2016.09.28 12:22:20.577,8.57093,8.57251,1.00,1.00
2016.09.28 12:22:21.579,8.57095,8.57253,1.00,1.00
2016.09.28 12:22:22.627,8.57083,8.57226,1.00,1.00
2016.09.28 12:22:22.765,8.57066,8.57222,1.00,1.00
2016.09.28 12:22:22.816,8.57066,8.57222,1.00,1.00
2016.09.28 12:22:23.382,8.57058,8.57214,1.00,1.00
2016.09.28 12:22:23.726,8.57077,8.57233,1.00,1.00
2016.09.28 12:22:23.893,8.57077,8.57233,1.00,1.00
2016.09.28 12:22:24.425,8.57084,8.5724,1.00,1.00
2016.09.28 12:22:24.734,8.57089,8.57244,1.00,1.00
2016.09.28 12:22:25.386,8.57085,8.57241,1.00,1.00
2016.09.28 12:22:27.590,8.57082,8.57238,1.00,1.00
2016.09.28 12:22:28.805,8.57084,8.5724,1.00,1.00
2016.09.28 12:22:33.141,8.57079,8.57235,1.00,1.00
2016.09.28 12:22:34.193,8.57079,8.57235,1.00,1.37
2016.09.28 12:22:34.345,8.57051,8.57208,1.00,1.00
2016.09.28 12:22:35.634,8.57051,8.57207,1.00,1.00
2016.09.28 12:22:42.312,8.57052,8.572,1.00,1.00
2016.09.28 12:22:42.795,8.57052,8.572,1.00,1.37
2016.09.28 12:22:42.846,8.57031,8.57185,1.00,1.75
2016.09.28 12:22:42.949,8.57031,8.5716,1.00,1.37
2016.09.28 12:22:43.051,8.57012,8.57159,1.00,1.37
2016.09.28 12:22:43.102,8.56995,8.57159,1.00,1.75
2016.09.28 12:22:43.153,8.56991,8.57119,1.00,1.37
2016.09.28 12:22:43.255,8.56969,8.57119,1.00,1.37
2016.09.28 12:22:43.457,8.56962,8.571,1.00,1.00
2016.09.28 12:22:45.317,8.56962,8.57098,1.00,1.00
2016.09.28 12:22:48.245,8.56962,8.57082,1.00,1.00
2016.09.28 12:22:48.385,8.56924,8.57072,1.00,1.00
2016.09.28 12:22:49.364,8.56985,8.57129,1.00,1.00
2016.09.28 12:22:49.466,8.57042,8.57129,1.00,1.00
2016.09.28 12:22:49.524,8.56973,8.57129,1.00,1.00
2016.09.28 12:22:49.575,8.56977,8.5715,1.00,1.37
2016.09.28 12:22:49.626,8.56977,8.5715,1.00,1.37
2016.09.28 12:22:49.830,8.56977,8.5715,1.00,1.00
2016.09.28 12:22:50.002,8.56977,8.57152,1.00,1.00
2016.09.28 12:22:50.545,8.57007,8.57157,1.00,1.00
2016.09.28 12:22:50.925,8.57004,8.57154,1.00,1.00
2016.09.28 12:22:51.260,8.57014,8.5718,1.00,1.00
2016.09.28 12:22:51.363,8.57014,8.5718,1.00,1.00
2016.09.28 12:22:52.227,8.57012,8.57177,1.00,1.00
2016.09.28 12:22:54.630,8.57015,8.57181,1.00,1.00
2016.09.28 12:22:55.131,8.57012,8.57177,1.00,1.00
2016.09.28 12:22:55.362,8.57012,8.57177,1.00,1.00
2016.09.28 12:22:56.033,8.57007,8.57173,1.00,1.00
2016.09.28 12:22:56.909,8.57007,8.57173,1.00,1.37
2016.09.28 12:22:57.544,8.56997,8.57161,1.00,1.00
2016.09.28 12:22:57.744,8.56997,8.57161,1.00,1.00
2016.09.28 12:22:57.846,8.56988,8.57153,1.00,1.00
2016.09.28 12:22:57.947,8.5699,8.57153,1.00,1.00
2016.09.28 12:22:58.150,8.5699,8.57153,1.00,1.12
2016.09.28 12:22:58.437,8.57001,8.57155,1.00,1.37
2016.09.28 12:22:59.464,8.56999,8.57155,1.00,1.37
2016.09.28 12:23:00.826,8.56999,8.57155,1.00,1.00
2016.09.28 12:23:01.388,8.5699,8.57154,1.00,1.00
2016.09.28 12:23:01.440,8.5699,8.57154,1.00,1.00
2016.09.28 12:23:01.491,8.56981,8.57145,1.00,1.00
2016.09.28 12:23:02.116,8.56981,8.57145,1.00,1.37
2016.09.28 12:23:05.646,8.56979,8.57143,1.00,1.37
2016.09.28 12:23:05.814,8.56979,8.57143,1.00,1.37
2016.09.28 12:23:05.865,8.56978,8.57155,1.00,1.37
2016.09.28 12:23:05.916,8.56978,8.57155,1.00,1.37
2016.09.28 12:23:05.966,8.57007,8.57155,1.00,1.37
2016.09.28 12:23:06.095,8.57021,8.57185,1.00,1.37
2016.09.28 12:23:06.146,8.57021,8.57185,1.00,1.37
2016.09.28 12:23:06.208,8.57021,8.57185,1.00,1.37
2016.09.28 12:23:07.387,8.57026,8.57189,1.00,1.37
2016.09.28 12:23:07.645,8.57026,8.57189,1.00,1.37
2016.09.28 12:23:07.890,8.57017,8.57181,1.00,1.37
2016.09.28 12:23:08.741,8.57017,8.57184,1.00,1.37
2016.09.28 12:23:09.482,8.57017,8.57181,1.00,1.37
2016.09.28 12:23:09.549,8.57017,8.57181,1.00,1.37
2016.09.28 12:23:09.650,8.57011,8.57179,1.00,1.37
2016.09.28 12:23:10.099,8.56994,8.57184,1.00,1.37
2016.09.28 12:23:11.138,8.57015,8.57184,1.00,1.37
2016.09.28 12:23:11.188,8.57029,8.57193,1.00,1.37
2016.09.28 12:23:11.239,8.57029,8.57193,1.00,1.37
2016.09.28 12:23:11.391,8.57029,8.57193,1.00,1.37
2016.09.28 12:23:12.678,8.57033,8.57195,1.00,1.37
2016.09.28 12:23:13.879,8.57034,8.57195,1.00,1.37
2016.09.28 12:23:16.578,8.57037,8.57195,1.00,1.37
2016.09.28 12:23:17.896,8.57017,8.57195,1.00,1.37
2016.09.28 12:23:17.947,8.57017,8.57195,1.00,1.37
2016.09.28 12:23:17.997,8.5703,8.57194,1.00,1.37
2016.09.28 12:23:18.048,8.5703,8.57194,1.00,1.37
2016.09.28 12:23:18.099,8.57017,8.57195,1.00,1.37
2016.09.28 12:23:18.201,8.57034,8.57195,1.00,1.37
2016.09.28 12:23:19.091,8.57034,8.57195,1.00,1.37
2016.09.28 12:23:20.097,8.57023,8.57187,1.00,1.37
2016.09.28 12:23:20.279,8.57015,8.5717,1.00,1.00
2016.09.28 12:23:20.330,8.56999,8.57163,1.00,1.37
2016.09.28 12:23:20.432,8.56998,8.57159,1.00,1.37
2016.09.28 12:23:20.534,8.56998,8.57159,1.00,1.87
2016.09.28 12:23:20.586,8.56998,8.57159,1.00,1.87
2016.09.28 12:23:20.769,8.56991,8.57151,1.00,1.37
2016.09.28 12:23:20.921,8.56987,8.57145,1.00,1.00
2016.09.28 12:23:21.649,8.56987,8.57145,1.00,1.37
2016.09.28 12:23:21.700,8.56987,8.57149,1.00,1.37
2016.09.28 12:23:26.503,8.57002,8.57159,1.00,1.37
2016.09.28 12:23:28.024,8.56987,8.57159,1.00,1.37
2016.09.28 12:23:28.574,8.56987,8.57159,1.00,1.37
2016.09.28 12:23:28.676,8.56987,8.57158,1.00,1.37
2016.09.28 12:23:28.866,8.56987,8.57149,1.00,1.37
2016.09.28 12:23:29.503,8.56987,8.57159,1.00,1.37
2016.09.28 12:23:31.484,8.56987,8.57159,1.00,1.37
2016.09.28 12:23:31.535,8.56987,8.57178,1.00,1.87
2016.09.28 12:23:31.586,8.56987,8.57186,1.00,1.37
2016.09.28 12:23:31.726,8.57007,8.57188,1.00,1.37
2016.09.28 12:23:32.257,8.57017,8.57188,1.00,1.37
2016.09.28 12:23:32.740,8.57014,8.57209,1.00,1.37
2016.09.28 12:23:32.869,8.57014,8.57215,1.00,1.37
2016.09.28 12:23:34.029,8.57013,8.57215,1.00,1.37
2016.09.28 12:23:35.017,8.57018,8.57215,1.00,1.37
2016.09.28 12:23:36.019,8.57019,8.57215,1.00,1.37
2016.09.28 12:23:36.133,8.57019,8.57217,1.00,1.37
2016.09.28 12:23:37.024,8.57021,8.57217,1.00,1.37
2016.09.28 12:23:39.831,8.57023,8.57217,1.00,1.37
2016.09.28 12:23:40.131,8.5702,8.57217,1.00,1.37
2016.09.28 12:23:40.204,8.5702,8.57217,1.00,1.37
2016.09.28 12:23:40.639,8.57025,8.57217,1.00,1.37
2016.09.28 12:23:41.022,8.57025,8.57217,1.00,1.37
2016.09.28 12:23:41.106,8.57025,8.57217,1.00,1.37
2016.09.28 12:23:41.644,8.57024,8.57217,1.00,1.37
2016.09.28 12:23:42.760,8.57025,8.57217,1.00,1.37
2016.09.28 12:23:44.263,8.57025,8.57213,1.00,2.47
2016.09.28 12:23:44.314,8.57025,8.57207,1.00,1.97
2016.09.28 12:23:44.365,8.5701,8.57195,1.00,1.35
2016.09.28 12:23:44.416,8.5701,8.57175,1.00,2.47
2016.09.28 12:23:44.467,8.5699,8.5716,1.00,1.97
2016.09.28 12:23:44.518,8.56988,8.5716,1.00,1.97
2016.09.28 12:23:44.569,8.56988,8.5716,1.00,1.00
2016.09.28 12:23:44.619,8.56988,8.57151,1.00,1.00
2016.09.28 12:23:44.721,8.56988,8.5716,1.00,1.00
2016.09.28 12:23:44.849,8.56988,8.5716,1.00,1.00
2016.09.28 12:23:45.447,8.56974,8.57154,1.00,1.00
2016.09.28 12:23:45.660,8.56967,8.57147,1.00,1.00
2016.09.28 12:23:45.711,8.56967,8.57147,1.00,1.00
2016.09.28 12:23:45.763,8.56961,8.57141,1.00,1.00
2016.09.28 12:23:46.400,8.56961,8.5713,1.00,1.00
2016.09.28 12:23:46.753,8.56961,8.5713,1.00,1.00
2016.09.28 12:23:46.855,8.56961,8.5713,1.00,1.00
2016.09.28 12:23:47.138,8.56961,8.5713,1.00,1.00
2016.09.28 12:23:47.189,8.56951,8.5713,1.00,1.00
2016.09.28 12:23:47.240,8.56951,8.5713,1.00,1.00
2016.09.28 12:23:47.392,8.56944,8.57124,1.00,1.00
2016.09.28 12:23:47.829,8.56954,8.57124,1.00,1.00
2016.09.28 12:23:47.880,8.56954,8.5713,1.00,1.00
2016.09.28 12:23:48.154,8.5696,8.5713,1.00,1.00
2016.09.28 12:23:49.183,8.56971,8.5713,1.00,1.00
2016.09.28 12:23:49.733,8.56963,8.5713,1.00,1.00
2016.09.28 12:23:50.806,8.56958,8.5713,1.00,1.00
2016.09.28 12:23:51.507,8.56963,8.5713,1.00,1.00
2016.09.28 12:23:52.312,8.56974,8.5713,1.00,1.00
2016.09.28 12:23:52.363,8.56974,8.5713,1.00,1.00
2016.09.28 12:23:52.464,8.56974,8.5713,1.00,1.00
2016.09.28 12:23:52.660,8.56963,8.5713,1.00,1.00
2016.09.28 12:23:53.111,8.56973,8.5713,1.00,1.00
2016.09.28 12:23:53.649,8.56963,8.5713,1.50,1.00
2016.09.28 12:23:53.942,8.56963,8.5713,1.50,1.00
2016.09.28 12:23:53.993,8.56975,8.57158,1.00,1.37
2016.09.28 12:23:54.173,8.56975,8.5716,1.00,1.37
2016.09.28 12:23:54.761,8.56975,8.5716,1.00,1.37
2016.09.28 12:23:55.569,8.56971,8.5716,1.00,1.37
2016.09.28 12:23:57.771,8.56979,8.5716,1.00,1.37
2016.09.28 12:23:57.895,8.56979,8.5716,1.00,1.37
2016.09.28 12:23:58.790,8.56979,8.57152,1.00,1.37
2016.09.28 12:23:58.841,8.56979,8.57152,1.00,1.37
2016.09.28 12:23:58.993,8.56967,8.57152,1.00,1.37
2016.09.28 12:23:59.044,8.56967,8.57149,1.00,1.37
2016.09.28 12:23:59.146,8.56967,8.5716,1.00,1.37
2016.09.28 12:23:59.308,8.56989,8.5716,1.00,1.37
2016.09.28 12:24:00.275,8.56991,8.5716,1.00,1.37
2016.09.28 12:24:00.663,8.56991,8.5716,1.00,1.37
2016.09.28 12:24:00.867,8.56991,8.5716,1.00,1.37
2016.09.28 12:24:01.261,8.56991,8.5716,1.00,1.00
2016.09.28 12:24:01.560,8.56991,8.5716,1.00,1.00
2016.09.28 12:24:01.673,8.56991,8.5716,1.00,1.00
2016.09.28 12:24:02.011,8.57011,8.5716,1.00,1.00
2016.09.28 12:24:02.715,8.57013,8.5716,1.00,1.00
2016.09.28 12:24:03.090,8.57059,8.5716,1.00,1.00
2016.09.28 12:24:03.141,8.57059,8.57191,1.00,1.37
2016.09.28 12:24:03.192,8.57059,8.57191,1.00,1.00
2016.09.28 12:24:03.453,8.56994,8.57191,1.00,1.00
2016.09.28 12:24:03.504,8.56994,8.57191,1.00,1.00
2016.09.28 12:24:03.668,8.56994,8.57191,1.00,1.00
2016.09.28 12:24:04.215,8.56994,8.57191,1.00,1.00
2016.09.28 12:24:05.095,8.57041,8.57191,1.00,1.00
2016.09.28 12:24:05.313,8.56994,8.57184,1.00,1.75
2016.09.28 12:24:05.465,8.56999,8.57173,1.00,1.97
2016.09.28 12:24:05.577,8.56986,8.57158,1.00,1.60
2016.09.28 12:24:05.628,8.56978,8.57158,1.00,1.50
2016.09.28 12:24:05.780,8.56978,8.57158,1.00,1.50
2016.09.28 12:24:05.831,8.57036,8.57158,1.00,1.00
2016.09.28 12:24:05.933,8.57025,8.57173,1.00,1.00
2016.09.28 12:24:05.984,8.57025,8.57173,1.00,1.00
2016.09.28 12:24:06.241,8.57025,8.57186,1.00,1.37
2016.09.28 12:24:06.504,8.57042,8.57186,1.00,1.37
2016.09.28 12:24:06.556,8.57042,8.57222,1.00,1.87
2016.09.28 12:24:06.607,8.57028,8.57208,1.00,1.37
2016.09.28 12:24:06.912,8.57032,8.5721,1.00,1.00
2016.09.28 12:24:07.201,8.57045,8.57225,1.00,1.00
2016.09.28 12:24:07.252,8.57045,8.57225,1.00,1.00
2016.09.28 12:24:07.409,8.57055,8.57227,1.00,1.00
2016.09.28 12:24:07.689,8.57055,8.57227,1.00,1.00
2016.09.28 12:24:07.791,8.57055,8.57227,1.00,1.00
2016.09.28 12:24:07.929,8.57064,8.57227,1.00,1.00
2016.09.28 12:24:08.031,8.57075,8.57265,1.00,1.87
2016.09.28 12:24:08.133,8.57075,8.57265,1.00,1.50
2016.09.28 12:24:08.184,8.57075,8.57256,1.00,1.00
2016.09.28 12:24:08.423,8.57075,8.57234,1.00,1.00
2016.09.28 12:24:09.033,8.5707,8.57234,1.00,1.00
2016.09.28 12:24:10.310,8.57065,8.57234,1.00,1.00
2016.09.28 12:24:10.562,8.57065,8.57234,1.00,1.00
2016.09.28 12:24:10.729,8.57043,8.57234,1.00,1.00
2016.09.28 12:24:11.135,8.57057,8.57234,1.00,1.00
2016.09.28 12:24:11.351,8.57065,8.57234,1.00,1.00
2016.09.28 12:24:11.402,8.57065,8.57234,1.00,1.00
2016.09.28 12:24:11.520,8.57039,8.5723,1.00,1.00
2016.09.28 12:24:11.622,8.57027,8.57194,1.00,1.00
2016.09.28 12:24:11.673,8.57002,8.5715,1.00,1.00
2016.09.28 12:24:11.724,8.57002,8.5715,1.00,1.00
2016.09.28 12:24:11.927,8.56982,8.5715,1.00,1.00
2016.09.28 12:24:12.835,8.56986,8.5715,1.00,1.00
2016.09.28 12:24:13.165,8.56977,8.5715,1.00,1.00
2016.09.28 12:24:13.216,8.56977,8.57146,1.00,1.00
2016.09.28 12:24:13.267,8.56968,8.57146,1.00,1.00
2016.09.28 12:24:13.410,8.56979,8.5715,1.00,1.00
2016.09.28 12:24:13.562,8.56979,8.5715,1.00,1.00
2016.09.28 12:24:13.714,8.56979,8.5715,1.00,1.00
2016.09.28 12:24:13.816,8.56979,8.5715,1.00,1.00
2016.09.28 12:24:13.947,8.56991,8.5715,1.00,1.00
2016.09.28 12:24:14.050,8.56991,8.57142,1.00,1.00
2016.09.28 12:24:14.304,8.5697,8.57121,1.00,1.00
2016.09.28 12:24:15.068,8.5697,8.57154,1.00,1.00
2016.09.28 12:24:15.410,8.56974,8.57154,1.00,1.00
2016.09.28 12:24:15.469,8.56976,8.57154,1.00,1.00
2016.09.28 12:24:16.329,8.56982,8.57154,1.00,1.00
2016.09.28 12:24:16.875,8.57004,8.57154,1.00,1.00
2016.09.28 12:24:18.261,8.57017,8.57154,1.00,1.00
2016.09.28 12:24:18.863,8.57021,8.57154,1.00,1.00
2016.09.28 12:24:19.198,8.57053,8.57198,1.00,1.00
2016.09.28 12:24:19.350,8.57065,8.57218,1.00,1.00
2016.09.28 12:24:19.486,8.57065,8.5723,1.00,1.00
2016.09.28 12:24:19.537,8.57065,8.5723,1.00,1.00
2016.09.28 12:24:19.661,8.57065,8.5723,1.00,1.00
2016.09.28 12:24:20.135,8.57061,8.5723,1.00,1.00
2016.09.28 12:24:21.179,8.57063,8.5723,1.00,1.00
2016.09.28 12:24:22.387,8.57068,8.5723,1.00,1.00
2016.09.28 12:24:22.894,8.57068,8.5723,1.00,1.00
2016.09.28 12:24:23.258,8.57058,8.5723,1.00,1.00
2016.09.28 12:24:23.691,8.57083,8.5723,1.00,1.00
2016.09.28 12:24:23.793,8.57083,8.57253,1.00,1.00
2016.09.28 12:24:23.844,8.57083,8.57261,1.00,1.00
2016.09.28 12:24:23.964,8.57072,8.57252,1.00,1.00
2016.09.28 12:24:24.267,8.57135,8.57281,1.00,1.00
2016.09.28 12:24:24.318,8.57135,8.57297,1.00,1.12
2016.09.28 12:24:24.419,8.57135,8.57297,1.00,1.12
2016.09.28 12:24:24.470,8.57116,8.57296,1.00,1.75
2016.09.28 12:24:24.521,8.57116,8.57289,1.00,1.75
2016.09.28 12:24:24.623,8.57116,8.57289,1.00,1.75
2016.09.28 12:24:24.674,8.57104,8.57281,1.00,1.37
2016.09.28 12:24:25.176,8.57104,8.57284,1.00,1.37
2016.09.28 12:24:25.847,8.57105,8.57285,1.00,1.37
2016.09.28 12:24:26.191,8.57091,8.5728,1.00,1.00
2016.09.28 12:24:26.293,8.57091,8.5728,1.00,1.00
2016.09.28 12:24:26.395,8.57091,8.5728,1.00,1.00
2016.09.28 12:24:26.497,8.57091,8.5728,1.00,1.00
2016.09.28 12:24:26.798,8.57086,8.57274,1.00,1.00
2016.09.28 12:24:26.849,8.57075,8.57263,1.50,1.00
2016.09.28 12:24:26.978,8.57101,8.57281,1.00,1.12
2016.09.28 12:24:27.048,8.57075,8.5728,1.50,1.00
2016.09.28 12:24:27.098,8.57075,8.5728,1.50,1.00
2016.09.28 12:24:27.149,8.57075,8.5728,1.50,1.00
2016.09.28 12:24:27.360,8.57075,8.57265,1.00,1.00
2016.09.28 12:24:28.086,8.57075,8.57264,1.00,1.00
2016.09.28 12:24:28.580,8.57083,8.5727,1.00,1.00
2016.09.28 12:24:28.683,8.57083,8.57255,1.00,1.00
2016.09.28 12:24:28.991,8.57089,8.57255,1.00,1.00
2016.09.28 12:24:29.069,8.57089,8.5727,1.00,1.00
2016.09.28 12:24:29.207,8.57089,8.57284,1.00,1.75
2016.09.28 12:24:29.276,8.571,8.57286,1.00,1.37
2016.09.28 12:24:29.593,8.57105,8.57286,1.00,1.37
2016.09.28 12:24:29.964,8.5711,8.57286,1.00,1.37
2016.09.28 12:24:30.208,8.5711,8.57286,1.00,1.00
2016.09.28 12:24:30.492,8.5712,8.57306,1.00,1.37
2016.09.28 12:24:30.627,8.5712,8.57311,1.00,1.00
2016.09.28 12:24:30.678,8.57124,8.57278,1.00,1.00
2016.09.28 12:24:30.780,8.57135,8.57298,1.00,1.00
2016.09.28 12:24:30.831,8.57135,8.57309,1.00,1.00
2016.09.28 12:24:31.085,8.57122,8.57302,1.00,1.00
2016.09.28 12:24:31.188,8.57122,8.57278,1.00,1.00
2016.09.28 12:24:31.322,8.57122,8.57278,1.00,1.00
2016.09.28 12:24:31.663,8.57116,8.57278,1.00,1.00
2016.09.28 12:24:32.071,8.57098,8.57278,1.00,1.50
2016.09.28 12:24:32.122,8.57098,8.57265,1.00,1.00
2016.09.28 12:24:32.243,8.57098,8.57261,1.00,1.00
2016.09.28 12:24:32.636,8.57083,8.57241,1.00,1.00
2016.09.28 12:24:33.066,8.57078,8.57241,1.00,1.00
2016.09.28 12:24:33.197,8.57062,8.57241,1.00,1.00
2016.09.28 12:24:33.268,8.57062,8.57241,1.00,1.00
2016.09.28 12:24:33.321,8.57062,8.57228,1.00,1.00
2016.09.28 12:24:33.626,8.57062,8.57209,1.00,1.00
2016.09.28 12:24:34.593,8.57062,8.57209,1.00,1.00
2016.09.28 12:24:34.894,8.57062,8.57209,1.00,1.00
2016.09.28 12:24:35.266,8.57057,8.57209,1.00,1.00
2016.09.28 12:24:35.431,8.57057,8.57209,1.00,1.00
2016.09.28 12:24:36.067,8.57051,8.57209,1.00,1.00
2016.09.28 12:24:38.171,8.57055,8.57209,1.00,1.00
2016.09.28 12:24:39.300,8.57051,8.57209,1.00,1.00
2016.09.28 12:24:40.875,8.57045,8.57209,1.00,1.00
2016.09.28 12:24:42.107,8.57039,8.57209,1.00,1.00
2016.09.28 12:24:42.176,8.57033,8.57209,1.00,1.00
2016.09.28 12:24:42.278,8.57022,8.57202,1.00,1.00
2016.09.28 12:24:42.418,8.5701,8.57202,1.00,1.00
2016.09.28 12:24:42.599,8.5701,8.57178,1.00,1.00
2016.09.28 12:24:42.801,8.5701,8.57178,1.00,1.00
2016.09.28 12:24:43.091,8.5701,8.57178,1.00,1.00
2016.09.28 12:24:43.229,8.57018,8.57178,1.00,1.00
2016.09.28 12:24:43.418,8.57018,8.57178,1.00,1.00
2016.09.28 12:24:43.636,8.57018,8.57178,1.00,1.00
2016.09.28 12:24:43.879,8.57021,8.57178,1.00,1.00
2016.09.28 12:24:44.009,8.57012,8.57178,1.00,1.00
2016.09.28 12:24:44.179,8.57007,8.57178,1.00,1.00
2016.09.28 12:24:44.881,8.57005,8.57178,1.00,1.00
2016.09.28 12:24:46.315,8.57005,8.57178,1.00,1.00
2016.09.28 12:24:46.416,8.56983,8.57154,1.12,1.00
2016.09.28 12:24:46.484,8.56996,8.57176,1.00,1.00
2016.09.28 12:24:46.608,8.56996,8.57176,1.00,1.00
2016.09.28 12:24:46.797,8.56996,8.57176,1.00,1.00
2016.09.28 12:24:46.943,8.56996,8.57176,1.00,1.00
2016.09.28 12:24:47.432,8.56985,8.57165,1.00,1.00
2016.09.28 12:24:47.602,8.5698,8.5716,1.00,1.00
2016.09.28 12:24:47.653,8.5698,8.57144,1.00,1.00
2016.09.28 12:24:47.811,8.5698,8.57144,1.00,1.00
2016.09.28 12:24:47.921,8.5698,8.57144,1.00,1.00
2016.09.28 12:24:49.217,8.5698,8.57144,1.00,1.00
2016.09.28 12:24:49.504,8.5698,8.57144,1.00,1.00
2016.09.28 12:24:49.691,8.56966,8.57144,1.37,1.00
2016.09.28 12:24:49.742,8.56966,8.57144,1.37,1.00
2016.09.28 12:24:49.852,8.56966,8.57106,1.37,1.00
2016.09.28 12:24:49.903,8.56946,8.57106,1.00,1.00
2016.09.28 12:24:49.954,8.56946,8.57106,1.00,1.00
2016.09.28 12:24:50.230,8.56946,8.57106,1.00,1.00
2016.09.28 12:24:50.416,8.56946,8.57106,1.00,1.00
2016.09.28 12:24:50.793,8.56943,8.57106,1.00,1.00
2016.09.28 12:24:51.220,8.56964,8.57106,1.00,1.00
2016.09.28 12:24:51.408,8.56964,8.57144,1.00,1.00
2016.09.28 12:24:52.117,8.56974,8.57149,1.00,1.00
2016.09.28 12:24:52.432,8.56981,8.57149,1.00,1.00
2016.09.28 12:24:53.404,8.57,8.57149,1.00,1.00
2016.09.28 12:24:55.146,8.57014,8.57169,1.00,1.00
2016.09.28 12:24:55.248,8.57023,8.57169,1.00,1.00
2016.09.28 12:24:55.299,8.57023,8.57184,1.00,1.00
2016.09.28 12:24:55.402,8.57029,8.57184,1.00,1.00
2016.09.28 12:24:56.335,8.57021,8.57184,1.00,1.00
2016.09.28 12:24:56.437,8.57009,8.57184,1.00,1.00
2016.09.28 12:24:56.539,8.57009,8.57184,1.00,1.00
2016.09.28 12:24:57.303,8.57004,8.57184,1.00,1.00
2016.09.28 12:24:58.037,8.57004,8.57184,1.00,1.50
2016.09.28 12:24:59.107,8.57003,8.57183,1.00,1.00
2016.09.28 12:24:59.227,8.57003,8.57183,1.00,1.00
2016.09.28 12:24:59.328,8.5701,8.57184,1.00,1.00
2016.09.28 12:24:59.430,8.57024,8.57184,1.00,1.00
2016.09.28 12:24:59.761,8.57033,8.57184,1.00,1.00
2016.09.28 12:25:00.608,8.57035,8.57184,1.00,1.00
2016.09.28 12:25:01.639,8.57036,8.57184,1.00,1.00
2016.09.28 12:25:01.741,8.57042,8.57215,1.00,1.00
2016.09.28 12:25:01.792,8.57042,8.57215,1.00,1.00
2016.09.28 12:25:02.929,8.57046,8.57215,1.00,1.00
2016.09.28 12:25:04.849,8.57061,8.57215,1.00,1.00
2016.09.28 12:25:05.190,8.57069,8.57215,1.00,1.00
2016.09.28 12:25:05.454,8.57063,8.57215,1.00,1.00
2016.09.28 12:25:06.191,8.57063,8.57215,1.00,1.00
2016.09.28 12:25:06.347,8.57063,8.57215,1.00,1.00
2016.09.28 12:25:06.457,8.57065,8.57215,1.00,1.00
2016.09.28 12:25:06.559,8.57065,8.57247,1.00,1.00
2016.09.28 12:25:06.660,8.57062,8.57247,1.00,1.00
2016.09.28 12:25:07.308,8.57062,8.57247,1.00,1.00
2016.09.28 12:25:08.800,8.57062,8.57247,1.00,1.00
2016.09.28 12:25:09.665,8.57059,8.57247,1.00,1.00
2016.09.28 12:25:09.767,8.57052,8.57245,1.00,1.00
2016.09.28 12:25:09.844,8.5704,8.57184,1.00,1.00
2016.09.28 12:25:09.895,8.57013,8.57184,1.00,1.00
2016.09.28 12:25:09.945,8.57013,8.57184,1.00,1.00
2016.09.28 12:25:09.996,8.57004,8.57184,1.00,1.00
2016.09.28 12:25:10.266,8.57004,8.57184,1.00,1.00
2016.09.28 12:25:10.728,8.56998,8.57188,1.00,1.00
2016.09.28 12:25:11.028,8.56998,8.57188,1.00,1.00
2016.09.28 12:25:11.329,8.56998,8.57185,1.00,1.00
2016.09.28 12:25:11.380,8.56998,8.57185,1.00,1.00
2016.09.28 12:25:11.432,8.56983,8.57168,1.00,1.00
2016.09.28 12:25:11.483,8.56979,8.57148,1.00,1.00
2016.09.28 12:25:11.630,8.56973,8.57148,1.00,1.00
2016.09.28 12:25:11.682,8.56973,8.57148,1.00,1.00
2016.09.28 12:25:12.595,8.56973,8.57148,1.00,1.00
2016.09.28 12:25:12.731,8.56978,8.57148,1.00,1.00
2016.09.28 12:25:13.138,8.56979,8.57148,1.00,1.00
2016.09.28 12:25:13.433,8.56973,8.57148,1.00,1.00
2016.09.28 12:25:13.534,8.56983,8.57148,1.00,1.00
2016.09.28 12:25:13.737,8.56993,8.57148,1.00,1.00
2016.09.28 12:25:14.115,8.57006,8.57148,1.00,1.00
2016.09.28 12:25:14.936,8.57005,8.57148,1.00,1.00
2016.09.28 12:25:15.966,8.57002,8.57148,1.00,1.00
2016.09.28 12:25:16.958,8.57001,8.57148,1.00,1.00
2016.09.28 12:25:18.270,8.56973,8.57148,1.12,1.00
2016.09.28 12:25:18.410,8.5696,8.57148,1.00,1.00
2016.09.28 12:25:18.484,8.56951,8.57144,1.00,1.00
2016.09.28 12:25:18.585,8.56941,8.57115,1.00,1.00
2016.09.28 12:25:18.792,8.5694,8.57114,1.00,1.00
2016.09.28 12:25:18.944,8.5694,8.57114,1.00,1.00
2016.09.28 12:25:19.272,8.56927,8.57101,1.00,1.00
2016.09.28 12:25:19.643,8.56937,8.57109,1.00,1.00
2016.09.28 12:25:19.694,8.56937,8.57109,1.00,1.00
2016.09.28 12:25:19.744,8.56945,8.57118,1.00,1.00
2016.09.28 12:25:21.154,8.56947,8.57118,1.00,1.00
2016.09.28 12:25:25.085,8.56953,8.57118,1.00,1.00
2016.09.28 12:25:25.186,8.56975,8.57118,1.00,1.00
2016.09.28 12:25:25.389,8.56978,8.57152,1.00,1.00
2016.09.28 12:25:25.440,8.56978,8.57152,1.00,1.00
2016.09.28 12:25:25.592,8.56957,8.57138,1.00,1.00
2016.09.28 12:25:25.643,8.56944,8.57138,1.50,1.00
2016.09.28 12:25:26.578,8.56944,8.57138,1.50,1.00
2016.09.28 12:25:26.820,8.56953,8.57138,1.00,1.00
2016.09.28 12:25:26.986,8.56969,8.57138,1.00,1.00
2016.09.28 12:25:27.077,8.56969,8.57138,1.00,1.00
2016.09.28 12:25:27.963,8.56965,8.57137,1.00,1.00
2016.09.28 12:25:30.189,8.56974,8.57138,1.00,1.00
2016.09.28 12:25:30.290,8.56987,8.57138,1.00,1.00
2016.09.28 12:25:30.483,8.56987,8.57138,1.00,1.00
2016.09.28 12:25:31.158,8.56992,8.57138,1.00,1.00
2016.09.28 12:25:33.588,8.56973,8.57138,1.00,1.00
2016.09.28 12:25:33.828,8.56971,8.57138,1.00,1.00
2016.09.28 12:25:33.930,8.56971,8.57138,1.00,1.00
2016.09.28 12:25:34.471,8.56978,8.57138,1.00,1.00
2016.09.28 12:25:34.522,8.56983,8.57138,1.00,1.00
2016.09.28 12:25:34.864,8.56986,8.57138,1.00,1.00
2016.09.28 12:25:35.403,8.56974,8.57138,1.00,1.00
2016.09.28 12:25:35.464,8.56977,8.57138,1.00,1.00
2016.09.28 12:25:35.515,8.56977,8.57138,1.00,1.00
2016.09.28 12:25:35.695,8.56977,8.57138,1.00,1.00
2016.09.28 12:25:36.466,8.56974,8.57138,1.00,1.00
2016.09.28 12:25:38.770,8.5697,8.57138,1.00,1.00
2016.09.28 12:25:39.303,8.5697,8.57138,1.00,1.00
2016.09.28 12:25:39.796,8.56973,8.57138,1.00,1.00
2016.09.28 12:25:39.950,8.56973,8.57138,1.00,1.00
2016.09.28 12:25:41.173,8.56983,8.57138,1.00,1.00
2016.09.28 12:25:41.224,8.56983,8.57138,1.50,1.00
2016.09.28 12:25:42.098,8.56983,8.57138,1.00,1.00
2016.09.28 12:25:42.200,8.56977,8.57138,1.00,1.00
2016.09.28 12:25:42.377,8.56965,8.57138,1.00,1.00
2016.09.28 12:25:42.810,8.56965,8.57138,1.00,1.00
2016.09.28 12:25:42.921,8.56967,8.57138,1.00,1.00
2016.09.28 12:25:43.910,8.56966,8.57138,1.00,1.00
2016.09.28 12:25:44.052,8.56966,8.57138,1.00,1.00
2016.09.28 12:25:44.704,8.56984,8.57138,1.00,1.00
2016.09.28 12:25:44.805,8.56968,8.57138,1.00,1.00
2016.09.28 12:25:45.979,8.56963,8.57138,1.00,1.00
2016.09.28 12:25:46.030,8.56963,8.57138,1.00,1.00
2016.09.28 12:25:46.379,8.56967,8.57138,1.00,1.00
2016.09.28 12:25:47.540,8.56967,8.57142,1.00,1.00
2016.09.28 12:25:48.606,8.56953,8.57129,1.00,1.00
2016.09.28 12:25:48.657,8.56951,8.57129,1.00,1.00
2016.09.28 12:25:48.722,8.56951,8.57129,1.00,1.00
2016.09.28 12:25:48.874,8.56951,8.57104,1.00,1.00
2016.09.28 12:25:49.584,8.56948,8.57104,1.00,1.00
2016.09.28 12:25:50.986,8.5695,8.57104,1.00,1.00
2016.09.28 12:25:52.096,8.56944,8.57104,1.00,1.00
2016.09.28 12:25:52.825,8.56924,8.57102,1.00,1.00
2016.09.28 12:25:52.927,8.56899,8.57099,1.75,1.00
2016.09.28 12:25:52.978,8.56899,8.57099,1.12,1.00
2016.09.28 12:25:53.087,8.56895,8.57071,1.00,1.00
2016.09.28 12:25:53.140,8.56913,8.57071,1.00,1.00
2016.09.28 12:25:53.858,8.56923,8.57071,1.00,1.00
2016.09.28 12:25:53.909,8.56923,8.57073,1.00,1.00
2016.09.28 12:25:54.417,8.56906,8.57073,1.00,1.00
2016.09.28 12:25:54.625,8.56913,8.57073,1.00,1.00
2016.09.28 12:25:55.357,8.56904,8.57073,1.00,1.00
2016.09.28 12:25:55.618,8.56913,8.57073,1.00,1.00
2016.09.28 12:25:56.299,8.56915,8.57073,1.00,1.00
2016.09.28 12:25:56.821,8.56904,8.57073,1.00,1.00
2016.09.28 12:25:56.945,8.56882,8.5706,1.00,1.00
2016.09.28 12:25:56.998,8.56882,8.5706,1.00,1.00
2016.09.28 12:25:57.151,8.56882,8.5706,1.37,1.00
2016.09.28 12:25:57.202,8.56882,8.5706,1.37,1.00
2016.09.28 12:25:57.253,8.56866,8.5703,1.00,1.00
2016.09.28 12:25:57.305,8.56866,8.57016,1.00,1.00
2016.09.28 12:25:57.437,8.56866,8.57023,1.00,1.00
2016.09.28 12:25:57.491,8.56858,8.57003,1.00,1.00
2016.09.28 12:25:57.623,8.56882,8.57003,1.00,1.00
2016.09.28 12:25:57.674,8.56883,8.57023,1.00,1.00
2016.09.28 12:25:57.725,8.56882,8.57049,1.00,1.00
2016.09.28 12:25:57.826,8.56871,8.57035,1.00,1.00
2016.09.28 12:25:57.997,8.56871,8.57035,1.00,1.00
2016.09.28 12:25:58.048,8.56873,8.57035,1.00,1.00
2016.09.28 12:25:58.150,8.56893,8.57041,1.00,1.00
2016.09.28 12:25:58.251,8.56894,8.57049,1.00,1.00
2016.09.28 12:25:58.302,8.56894,8.57049,1.00,1.00
2016.09.28 12:25:59.129,8.56888,8.57049,1.00,1.00
2016.09.28 12:25:59.454,8.56883,8.57045,1.50,1.00
2016.09.28 12:25:59.711,8.56883,8.57039,1.00,1.00
2016.09.28 12:26:00.121,8.56883,8.57043,1.00,1.00
2016.09.28 12:26:00.513,8.56887,8.57049,1.00,1.50
2016.09.28 12:26:00.668,8.56893,8.57049,1.00,1.50
2016.09.28 12:26:00.719,8.56895,8.57049,1.00,1.00
2016.09.28 12:26:01.431,8.56904,8.57049,1.00,1.00
2016.09.28 12:26:01.979,8.56905,8.57049,1.00,1.00
2016.09.28 12:26:02.287,8.56911,8.57049,1.00,1.00
2016.09.28 12:26:02.701,8.56913,8.57049,1.00,1.00
2016.09.28 12:26:02.960,8.56943,8.5709,1.00,1.00
2016.09.28 12:26:03.011,8.56943,8.5709,1.00,1.00
2016.09.28 12:26:03.537,8.56941,8.5709,1.00,1.00
2016.09.28 12:26:03.734,8.56935,8.5709,1.00,1.00
2016.09.28 12:26:03.861,8.56943,8.5709,1.00,1.00
2016.09.28 12:26:04.144,8.56935,8.5709,1.00,1.00
2016.09.28 12:26:04.751,8.56943,8.5709,1.00,1.00
2016.09.28 12:26:04.853,8.5694,8.5709,1.00,1.00
2016.09.28 12:26:04.954,8.56946,8.5709,1.00,1.00
2016.09.28 12:26:05.922,8.56943,8.5709,1.00,1.00
2016.09.28 12:26:06.161,8.56941,8.5709,1.00,1.00
2016.09.28 12:26:06.262,8.56936,8.5709,1.00,1.00
2016.09.28 12:26:06.442,8.56933,8.5709,1.00,1.00
2016.09.28 12:26:08.630,8.56933,8.57088,1.00,1.00
2016.09.28 12:26:09.650,8.56926,8.57088,1.00,1.00
2016.09.28 12:26:09.752,8.56901,8.57072,1.00,1.00
2016.09.28 12:26:09.854,8.56898,8.57059,1.50,1.00
2016.09.28 12:26:09.979,8.56898,8.57059,1.00,1.00
2016.09.28 12:26:10.045,8.56893,8.57053,1.00,1.00
2016.09.28 12:26:10.392,8.56913,8.57053,1.00,1.00
2016.09.28 12:26:10.773,8.56913,8.57055,1.00,1.00
2016.09.28 12:26:11.989,8.56923,8.57055,1.00,1.00
2016.09.28 12:26:12.356,8.56903,8.57055,1.50,1.00
2016.09.28 12:26:12.458,8.56883,8.5704,1.00,1.00
2016.09.28 12:26:12.685,8.56869,8.57031,1.00,1.00
2016.09.28 12:26:12.736,8.56863,8.57023,1.00,1.00
2016.09.28 12:26:12.889,8.56861,8.57023,1.00,1.00
2016.09.28 12:26:13.288,8.56861,8.57023,1.00,1.00
2016.09.28 12:26:13.339,8.56861,8.57023,1.00,1.00
2016.09.28 12:26:13.456,8.56856,8.57016,1.00,1.00
2016.09.28 12:26:14.084,8.56851,8.57012,1.00,1.00
2016.09.28 12:26:14.135,8.56851,8.57012,1.00,1.00
2016.09.28 12:26:14.186,8.56846,8.57008,1.00,1.00
2016.09.28 12:26:14.364,8.56834,8.56983,1.00,1.00
2016.09.28 12:26:14.593,8.56821,8.56983,1.00,1.00
2016.09.28 12:26:15.300,8.56823,8.56983,1.00,1.00
2016.09.28 12:26:15.617,8.56823,8.56979,1.00,1.00
2016.09.28 12:26:15.668,8.56824,8.56986,1.00,1.00
2016.09.28 12:26:16.322,8.56824,8.56986,1.00,1.00
2016.09.28 12:26:16.425,8.56824,8.56986,1.00,1.00
2016.09.28 12:26:16.476,8.56833,8.56986,1.00,1.00
2016.09.28 12:26:16.735,8.56824,8.56986,1.00,1.00
2016.09.28 12:26:16.974,8.56833,8.56991,1.00,1.00
2016.09.28 12:26:17.308,8.56853,8.56992,1.00,1.00
2016.09.28 12:26:17.410,8.5684,8.56992,1.00,1.00
2016.09.28 12:26:17.461,8.56838,8.56992,1.00,1.00
2016.09.28 12:26:17.562,8.56838,8.56992,1.00,1.00
2016.09.28 12:26:17.613,8.56838,8.56992,1.00,1.00
2016.09.28 12:26:17.664,8.56832,8.56992,1.00,1.00
2016.09.28 12:26:17.964,8.56833,8.56992,1.00,1.00
2016.09.28 12:26:18.066,8.56837,8.56992,1.00,1.00
2016.09.28 12:26:18.327,8.56839,8.56992,1.00,1.00
2016.09.28 12:26:18.401,8.56839,8.56992,1.00,1.00
2016.09.28 12:26:18.525,8.56839,8.56992,1.00,1.00
2016.09.28 12:26:18.647,8.56819,8.56992,1.00,1.00
2016.09.28 12:26:18.952,8.56807,8.56966,1.00,1.00
2016.09.28 12:26:19.003,8.56807,8.56966,1.00,1.00
2016.09.28 12:26:19.054,8.56788,8.56961,1.00,1.00
2016.09.28 12:26:19.269,8.56791,8.56951,1.00,1.00
2016.09.28 12:26:19.371,8.56779,8.56954,1.00,1.00
2016.09.28 12:26:19.791,8.56777,8.56936,1.00,1.00
2016.09.28 12:26:19.842,8.56784,8.56936,1.00,1.00
2016.09.28 12:26:20.099,8.56784,8.5694,1.00,1.00
2016.09.28 12:26:20.302,8.56778,8.5694,1.00,1.00
2016.09.28 12:26:20.473,8.56778,8.5694,1.00,1.00
2016.09.28 12:26:20.574,8.56773,8.56914,1.00,1.00
2016.09.28 12:26:20.626,8.56748,8.56914,1.00,1.00
2016.09.28 12:26:20.677,8.56743,8.56905,1.00,1.00
2016.09.28 12:26:21.036,8.56753,8.56903,1.00,1.00
2016.09.28 12:26:21.367,8.56733,8.5689,1.00,1.00
2016.09.28 12:26:21.570,8.56733,8.5688,1.00,1.00
2016.09.28 12:26:21.736,8.56723,8.5688,1.00,1.00
2016.09.28 12:26:21.787,8.56723,8.56869,1.00,1.00
2016.09.28 12:26:21.889,8.56723,8.56862,1.00,1.00
2016.09.28 12:26:21.940,8.56713,8.56862,1.00,1.00
2016.09.28 12:26:22.724,8.56703,8.56862,1.00,1.00
2016.09.28 12:26:22.878,8.56703,8.56847,1.00,1.00
2016.09.28 12:26:23.215,8.56693,8.56835,1.00,1.00
2016.09.28 12:26:23.327,8.56683,8.56835,1.00,1.00
2016.09.28 12:26:23.686,8.56693,8.56836,1.00,1.00
2016.09.28 12:26:23.992,8.56703,8.56836,1.00,1.00
2016.09.28 12:26:24.309,8.56713,8.56863,1.00,1.00
2016.09.28 12:26:24.360,8.56723,8.56863,1.00,1.00
2016.09.28 12:26:24.463,8.56713,8.56855,1.00,1.00
2016.09.28 12:26:24.770,8.56713,8.56863,1.00,1.00
2016.09.28 12:26:25.126,8.56723,8.56863,1.00,1.00
2016.09.28 12:26:26.071,8.56713,8.56863,1.00,1.00
2016.09.28 12:26:26.227,8.56723,8.56863,1.00,1.00
2016.09.28 12:26:26.329,8.56688,8.5685,1.00,1.00
2016.09.28 12:26:26.380,8.56683,8.56841,1.00,1.00
2016.09.28 12:26:26.711,8.56693,8.56841,1.00,1.00
2016.09.28 12:26:26.813,8.56701,8.56862,1.00,1.00
2016.09.28 12:26:26.863,8.56713,8.56862,1.00,1.00
2016.09.28 12:26:27.147,8.56703,8.56853,1.00,1.00
2016.09.28 12:26:27.252,8.56713,8.56853,1.00,1.00
2016.09.28 12:26:27.303,8.56713,8.56862,1.00,1.00
2016.09.28 12:26:27.456,8.56723,8.56862,1.00,1.00
2016.09.28 12:26:27.983,8.56723,8.56863,1.00,1.00
2016.09.28 12:26:28.326,8.56743,8.56863,1.00,1.00
2016.09.28 12:26:28.402,8.56723,8.56863,1.00,1.00
2016.09.28 12:26:30.535,8.56733,8.56863,1.00,1.00
2016.09.28 12:26:31.278,8.56746,8.56863,1.00,1.00
2016.09.28 12:26:31.379,8.56763,8.56899,1.00,1.00
2016.09.28 12:26:34.040,8.56773,8.56899,1.00,1.00
2016.09.28 12:26:34.384,8.56753,8.56899,1.00,1.00
2016.09.28 12:26:34.441,8.56763,8.56899,1.00,1.00
2016.09.28 12:26:34.679,8.56773,8.56918,1.00,1.00
2016.09.28 12:26:34.730,8.56778,8.56937,1.00,1.50
2016.09.28 12:26:34.832,8.56778,8.56937,1.00,1.50
2016.09.28 12:26:34.883,8.56783,8.56937,1.00,1.50
2016.09.28 12:26:35.191,8.56793,8.56937,1.00,1.50
2016.09.28 12:26:35.389,8.56793,8.56937,1.00,1.00
2016.09.28 12:26:36.194,8.56804,8.56951,1.00,1.00
2016.09.28 12:26:36.427,8.56804,8.5696,1.00,1.00
2016.09.28 12:26:36.528,8.56804,8.5696,1.00,1.00
2016.09.28 12:26:37.102,8.56804,8.56955,1.00,1.00
2016.09.28 12:26:37.382,8.56795,8.56955,1.00,1.00
2016.09.28 12:26:37.433,8.56793,8.56951,1.00,1.00
2016.09.28 12:26:37.846,8.56803,8.56951,1.00,1.00
2016.09.28 12:26:38.094,8.56793,8.56945,1.00,1.00
2016.09.28 12:26:38.754,8.56803,8.56945,1.00,1.00
2016.09.28 12:26:39.095,8.56803,8.56951,1.00,1.00
2016.09.28 12:26:42.098,8.56823,8.56955,1.00,1.00
2016.09.28 12:26:42.302,8.56823,8.56961,1.00,1.00
2016.09.28 12:26:42.505,8.56825,8.56966,1.00,1.00
2016.09.28 12:26:42.611,8.56836,8.56966,1.00,1.00
2016.09.28 12:26:42.714,8.56843,8.56996,1.00,1.50
2016.09.28 12:26:42.765,8.56836,8.56996,1.00,1.50
2016.09.28 12:26:44.302,8.56834,8.56992,1.00,1.00
2016.09.28 12:26:46.457,8.56843,8.56992,1.00,1.00
2016.09.28 12:26:46.792,8.56853,8.56992,1.00,1.00
2016.09.28 12:26:46.936,8.56863,8.56995,1.00,1.50
2016.09.28 12:26:47.038,8.56863,8.56996,1.00,1.00
2016.09.28 12:26:47.089,8.56863,8.5701,1.00,1.00
2016.09.28 12:26:47.190,8.56853,8.5701,1.00,1.00
2016.09.28 12:26:48.105,8.5685,8.5701,1.00,1.00
2016.09.28 12:26:48.156,8.56843,8.56998,1.00,1.00
2016.09.28 12:26:48.487,8.56847,8.56988,1.00,1.00
2016.09.28 12:26:48.824,8.56869,8.56988,1.00,1.00
2016.09.28 12:26:48.989,8.56869,8.57018,1.00,1.00
2016.09.28 12:26:49.313,8.56864,8.57018,1.00,1.00
2016.09.28 12:26:50.315,8.56871,8.57018,1.00,1.00
2016.09.28 12:26:50.515,8.56866,8.57018,1.00,1.00
2016.09.28 12:26:52.208,8.56863,8.57017,1.00,1.00
2016.09.28 12:26:52.568,8.56859,8.57017,1.00,1.00
2016.09.28 12:26:52.719,8.56864,8.57018,1.00,1.00
2016.09.28 12:26:53.070,8.56868,8.57018,1.00,1.00
2016.09.28 12:26:57.975,8.56871,8.57018,1.00,1.00
2016.09.28 12:26:58.328,8.56883,8.57018,1.00,1.00
2016.09.28 12:26:58.674,8.56875,8.57018,1.00,1.00
2016.09.28 12:26:59.332,8.56877,8.57018,1.00,1.00
2016.09.28 12:27:00.104,8.56883,8.57018,1.00,1.00
2016.09.28 12:27:02.116,8.56876,8.57018,1.00,1.00
2016.09.28 12:27:02.167,8.56854,8.57018,1.00,1.00
2016.09.28 12:27:02.268,8.56838,8.56998,1.00,1.00
2016.09.28 12:27:02.471,8.56829,8.56984,1.00,1.00
2016.09.28 12:27:03.478,8.56831,8.56984,1.00,1.00
2016.09.28 12:27:04.591,8.56843,8.56984,1.00,1.00
2016.09.28 12:27:04.693,8.56843,8.57001,1.00,1.00
2016.09.28 12:27:05.589,8.56837,8.56997,1.00,1.00
2016.09.28 12:27:06.143,8.56835,8.56997,1.00,1.00
2016.09.28 12:27:06.277,8.56835,8.56997,1.00,1.00
2016.09.28 12:27:06.343,8.56823,8.56985,1.00,1.00
2016.09.28 12:27:07.344,8.56822,8.56984,1.00,1.00
2016.09.28 12:27:08.245,8.56824,8.56984,1.00,1.00
2016.09.28 12:27:08.932,8.56824,8.56984,1.00,1.00
2016.09.28 12:27:08.983,8.56849,8.57001,1.00,1.00
2016.09.28 12:27:09.135,8.56849,8.57004,1.00,1.00
2016.09.28 12:27:09.259,8.56849,8.57004,1.00,1.00
2016.09.28 12:27:09.952,8.56855,8.57004,1.00,1.00
2016.09.28 12:27:10.354,8.56861,8.57004,1.00,1.00
2016.09.28 12:27:10.789,8.56861,8.57021,1.00,1.00
2016.09.28 12:27:11.356,8.56861,8.57019,1.00,1.00
2016.09.28 12:27:11.458,8.56872,8.57031,1.00,1.50
2016.09.28 12:27:11.509,8.56872,8.57031,1.00,1.50
2016.09.28 12:27:11.560,8.56884,8.57031,1.00,1.00
2016.09.28 12:27:11.722,8.56884,8.57042,1.00,1.00
2016.09.28 12:27:11.961,8.5687,8.5703,1.00,1.00
2016.09.28 12:27:12.131,8.5687,8.5703,1.00,1.00
2016.09.28 12:27:12.182,8.56862,8.57018,1.00,1.00
2016.09.28 12:27:12.398,8.56862,8.57018,1.00,1.00
2016.09.28 12:27:12.449,8.56858,8.57018,1.00,1.00
2016.09.28 12:27:12.753,8.56853,8.57013,1.00,1.00
2016.09.28 12:27:12.804,8.56853,8.57013,1.00,1.00
2016.09.28 12:27:13.188,8.56833,8.56991,1.00,1.00
2016.09.28 12:27:13.493,8.56833,8.5697,1.00,1.00
2016.09.28 12:27:13.595,8.5683,8.5697,1.00,1.00
2016.09.28 12:27:13.697,8.5682,8.5697,1.00,1.00
2016.09.28 12:27:13.933,8.5681,8.5697,1.00,1.00
2016.09.28 12:27:14.219,8.5681,8.5697,1.00,1.00
2016.09.28 12:27:14.428,8.5681,8.5697,1.00,1.00
2016.09.28 12:27:14.478,8.56821,8.5697,1.00,1.00
2016.09.28 12:27:14.665,8.56817,8.5697,1.00,1.00
2016.09.28 12:27:15.199,8.56862,8.5697,1.00,1.00
2016.09.28 12:27:15.402,8.56862,8.56986,1.00,1.00
2016.09.28 12:27:15.554,8.56862,8.57006,1.00,1.00
2016.09.28 12:27:15.636,8.56862,8.57025,1.00,1.00
2016.09.28 12:27:15.948,8.56862,8.57025,1.00,1.00
2016.09.28 12:27:16.203,8.56866,8.5703,1.00,1.00
2016.09.28 12:27:16.322,8.56866,8.5703,1.00,1.37
2016.09.28 12:27:16.373,8.56866,8.57028,1.00,1.37
2016.09.28 12:27:17.169,8.56862,8.57028,1.00,1.37
2016.09.28 12:27:17.314,8.56864,8.57028,1.00,1.37
2016.09.28 12:27:17.453,8.56851,8.57015,1.00,1.37
2016.09.28 12:27:17.504,8.56841,8.57003,1.00,1.37
2016.09.28 12:27:17.606,8.56841,8.57003,1.00,1.37
2016.09.28 12:27:17.657,8.56841,8.56982,1.00,1.00
2016.09.28 12:27:17.809,8.56823,8.56982,1.00,1.00
2016.09.28 12:27:17.860,8.56823,8.56962,1.00,1.00
2016.09.28 12:27:18.397,8.56804,8.56962,1.00,1.00
2016.09.28 12:27:18.710,8.56845,8.56982,1.00,1.00
2016.09.28 12:27:18.811,8.56869,8.56982,1.00,1.00
2016.09.28 12:27:18.913,8.56863,8.56982,1.00,1.00
2016.09.28 12:27:18.964,8.56863,8.57006,1.00,1.00
2016.09.28 12:27:19.160,8.56863,8.57022,1.00,1.00
2016.09.28 12:27:19.774,8.56869,8.57026,1.00,1.00
2016.09.28 12:27:21.096,8.56866,8.57026,1.00,1.00
2016.09.28 12:27:21.198,8.56896,8.57032,1.00,1.00
2016.09.28 12:27:21.350,8.56908,8.57065,1.00,1.00
2016.09.28 12:27:21.502,8.56908,8.57067,1.00,1.00
2016.09.28 12:27:22.211,8.56917,8.57067,1.00,1.00
2016.09.28 12:27:22.275,8.56917,8.57067,1.00,1.00
2016.09.28 12:27:22.375,8.56926,8.57067,1.00,1.00
2016.09.28 12:27:22.478,8.56958,8.57104,1.00,1.00
2016.09.28 12:27:22.631,8.56972,8.57121,1.00,1.00
2016.09.28 12:27:22.682,8.56997,8.57121,1.00,1.00
2016.09.28 12:27:22.868,8.56997,8.57152,1.00,1.00
2016.09.28 12:27:24.984,8.56996,8.57152,1.00,1.00
2016.09.28 12:27:26.093,8.56992,8.57152,1.00,1.00
2016.09.28 12:27:26.686,8.56996,8.57152,1.00,1.00
2016.09.28 12:27:28.189,8.56998,8.57152,1.00,1.00
2016.09.28 12:27:28.289,8.56979,8.57139,1.00,1.00
2016.09.28 12:27:28.391,8.5697,8.57125,1.00,1.00
2016.09.28 12:27:28.503,8.56961,8.5712,1.00,1.50
2016.09.28 12:27:28.555,8.56961,8.5712,1.00,1.50
2016.09.28 12:27:29.391,8.56956,8.57116,1.00,1.00
2016.09.28 12:27:30.293,8.56958,8.57118,1.00,1.00
2016.09.28 12:27:30.594,8.56968,8.5712,1.00,1.00
2016.09.28 12:27:30.696,8.56968,8.57125,1.00,1.00
2016.09.28 12:27:31.402,8.56964,8.57124,1.00,1.00
2016.09.28 12:27:31.695,8.56969,8.57125,1.00,1.00
2016.09.28 12:27:32.378,8.56969,8.57125,1.00,1.00
2016.09.28 12:27:32.429,8.56982,8.57125,1.00,1.00
2016.09.28 12:27:33.399,8.56978,8.57125,1.00,1.00
2016.09.28 12:27:36.406,8.56977,8.57125,1.00,1.00
2016.09.28 12:27:38.209,8.56983,8.57125,1.00,1.00
2016.09.28 12:27:40.111,8.56987,8.57125,1.00,1.00
2016.09.28 12:27:40.213,8.56983,8.57125,1.00,1.00
2016.09.28 12:27:40.671,8.56983,8.57125,1.00,1.00
2016.09.28 12:27:41.117,8.56986,8.57125,1.00,1.00
2016.09.28 12:27:41.820,8.56998,8.57125,1.00,1.00
2016.09.28 12:27:42.022,8.57004,8.57145,1.00,1.50
2016.09.28 12:27:42.073,8.57004,8.57145,1.00,1.00
2016.09.28 12:27:42.190,8.57004,8.57145,1.00,1.00
2016.09.28 12:27:43.040,8.57006,8.57145,1.00,1.00
2016.09.28 12:27:43.192,8.57006,8.57145,1.00,1.00
2016.09.28 12:27:44.031,8.57008,8.57145,1.00,1.00
2016.09.28 12:27:44.394,8.57008,8.57167,1.00,1.00
2016.09.28 12:27:45.024,8.57007,8.57167,1.00,1.50
2016.09.28 12:27:46.046,8.57002,8.57162,1.00,1.00
2016.09.28 12:27:47.471,8.57002,8.57162,1.00,1.00
2016.09.28 12:27:48.898,8.57002,8.57147,1.00,1.00
2016.09.28 12:27:50.137,8.56987,8.57147,1.00,1.50
2016.09.28 12:27:50.964,8.56978,8.57137,1.00,1.00
2016.09.28 12:27:51.164,8.56968,8.57128,1.00,1.00
2016.09.28 12:27:51.317,8.56968,8.57128,1.00,1.00
2016.09.28 12:27:52.189,8.56964,8.57124,1.00,1.50
2016.09.28 12:27:53.146,8.56961,8.5712,1.00,1.00
2016.09.28 12:27:54.889,8.56964,8.57123,1.00,1.00
2016.09.28 12:27:55.403,8.56955,8.57114,1.00,1.00
2016.09.28 12:27:56.369,8.56955,8.57112,1.00,1.00
2016.09.28 12:27:56.471,8.56938,8.57098,1.00,1.00
2016.09.28 12:27:57.364,8.56935,8.57094,1.00,1.00
2016.09.28 12:27:57.492,8.56942,8.571,1.00,1.00
2016.09.28 12:27:57.989,8.56942,8.57102,1.00,1.00
2016.09.28 12:27:58.167,8.5695,8.5711,1.00,1.00
2016.09.28 12:27:58.682,8.5695,8.57109,1.00,1.00
2016.09.28 12:27:59.582,8.56987,8.57121,1.00,1.00
2016.09.28 12:27:59.686,8.56975,8.57121,1.00,1.00
2016.09.28 12:27:59.738,8.56975,8.57129,1.00,1.00
2016.09.28 12:27:59.840,8.56963,8.57123,1.00,1.00
2016.09.28 12:27:59.941,8.56963,8.57121,1.00,1.00
2016.09.28 12:28:00.266,8.56963,8.57121,1.00,1.00
2016.09.28 12:28:00.567,8.56963,8.57121,1.00,1.00
2016.09.28 12:28:00.909,8.56969,8.57121,1.00,1.00
2016.09.28 12:28:01.010,8.56969,8.57121,1.00,1.00
2016.09.28 12:28:01.170,8.56969,8.57129,1.00,1.50
2016.09.28 12:28:01.520,8.56974,8.57129,1.00,1.00
2016.09.28 12:28:01.784,8.56979,8.57129,1.00,1.00
2016.09.28 12:28:01.936,8.56979,8.57138,1.00,1.00
2016.09.28 12:28:02.038,8.56979,8.57133,1.00,1.00
2016.09.28 12:28:02.479,8.56984,8.57133,1.00,1.00
2016.09.28 12:28:03.382,8.56977,8.57133,1.00,1.00
2016.09.28 12:28:03.712,8.5697,8.5713,1.00,1.00
2016.09.28 12:28:05.726,8.56977,8.57133,1.00,1.00
2016.09.28 12:28:06.427,8.56971,8.57131,1.00,1.00
2016.09.28 12:28:06.496,8.56977,8.57133,1.00,1.00
2016.09.28 12:28:08.700,8.56981,8.57133,1.00,1.00
2016.09.28 12:28:09.450,8.56981,8.57139,1.00,1.00
2016.09.28 12:28:11.219,8.56985,8.5714,1.00,1.00
2016.09.28 12:28:12.943,8.5699,8.5714,1.00,1.00
2016.09.28 12:28:13.443,8.56994,8.5714,1.00,1.00
2016.09.28 12:28:13.545,8.56994,8.57154,1.00,1.00
2016.09.28 12:28:14.415,8.56993,8.57153,1.00,1.00
2016.09.28 12:28:15.719,8.5699,8.5715,1.00,1.00
2016.09.28 12:28:16.721,8.5699,8.57149,1.00,1.00
2016.09.28 12:28:16.952,8.56994,8.57154,1.00,1.00
2016.09.28 12:28:18.737,8.57002,8.57159,1.00,1.00
2016.09.28 12:28:19.724,8.56983,8.57159,1.00,1.00
2016.09.28 12:28:20.137,8.56983,8.57138,1.00,1.00
2016.09.28 12:28:21.210,8.56983,8.57138,1.00,1.00
2016.09.28 12:28:21.261,8.56994,8.57138,1.00,1.00
2016.09.28 12:28:21.454,8.56985,8.57138,1.00,1.00
2016.09.28 12:28:21.853,8.56981,8.57138,1.00,1.00
2016.09.28 12:28:23.414,8.56976,8.57138,1.00,1.00
2016.09.28 12:28:23.488,8.5698,8.57138,1.00,1.00
2016.09.28 12:28:24.437,8.56981,8.57138,1.00,1.00
2016.09.28 12:28:25.538,8.56985,8.57138,1.00,1.00
2016.09.28 12:28:25.838,8.56985,8.57138,1.00,1.00
2016.09.28 12:28:26.339,8.56975,8.57138,1.00,1.00
2016.09.28 12:28:26.951,8.56975,8.57138,1.00,1.00
2016.09.28 12:28:27.341,8.56978,8.57138,1.00,1.00
2016.09.28 12:28:27.405,8.56978,8.57138,1.00,1.00
2016.09.28 12:28:29.124,8.56978,8.57136,1.00,1.00
2016.09.28 12:28:29.817,8.56978,8.57136,1.00,1.00
2016.09.28 12:28:30.554,8.56975,8.57136,1.00,1.00
2016.09.28 12:28:31.949,8.56982,8.57136,1.00,1.00
2016.09.28 12:28:32.108,8.56982,8.57136,1.00,1.00
2016.09.28 12:28:32.159,8.56979,8.57136,1.00,1.00
2016.09.28 12:28:32.262,8.56979,8.57136,1.00,1.00
2016.09.28 12:28:32.363,8.56973,8.57136,1.00,1.00
2016.09.28 12:28:33.144,8.56973,8.57136,1.00,1.00
2016.09.28 12:28:33.195,8.56965,8.57136,1.00,1.00
2016.09.28 12:28:33.246,8.56965,8.57136,1.75,1.00
2016.09.28 12:28:33.297,8.56981,8.57136,1.37,1.00
2016.09.28 12:28:33.348,8.56983,8.57136,1.37,1.00
2016.09.28 12:28:33.813,8.5699,8.57136,1.37,1.00
2016.09.28 12:28:34.198,8.56985,8.57136,1.75,1.00
2016.09.28 12:28:34.249,8.56985,8.57136,1.75,1.00
2016.09.28 12:28:34.328,8.56985,8.57156,1.75,1.00
2016.09.28 12:28:34.433,8.56985,8.57162,1.75,1.00
2016.09.28 12:28:34.483,8.5699,8.57162,1.37,1.00
2016.09.28 12:28:34.746,8.5699,8.57162,1.37,1.00
2016.09.28 12:28:35.286,8.56994,8.57162,1.37,1.00
2016.09.28 12:28:35.909,8.56994,8.57141,1.37,1.00
2016.09.28 12:28:36.042,8.56994,8.57163,1.37,1.00
2016.09.28 12:28:36.357,8.56992,8.57163,1.37,1.00
2016.09.28 12:28:36.455,8.56992,8.57163,1.37,1.00
2016.09.28 12:28:36.506,8.56996,8.57163,1.37,1.00
2016.09.28 12:28:36.858,8.56996,8.57163,1.37,1.00
2016.09.28 12:28:36.910,8.57002,8.57163,1.00,1.00
2016.09.28 12:28:36.960,8.57002,8.57163,1.37,1.00
2016.09.28 12:28:37.062,8.57002,8.57163,1.37,1.00
2016.09.28 12:28:37.401,8.56996,8.57163,1.75,1.00
2016.09.28 12:28:40.773,8.56991,8.57163,1.75,1.00
2016.09.28 12:28:41.324,8.56991,8.57163,1.75,1.00
2016.09.28 12:28:41.821,8.56996,8.57163,1.75,1.00
2016.09.28 12:28:43.126,8.57003,8.57163,1.37,1.00
2016.09.28 12:28:43.177,8.57038,8.57163,1.00,1.00
2016.09.28 12:28:43.228,8.57038,8.57183,1.00,1.00
2016.09.28 12:28:43.279,8.57029,8.57191,1.00,1.00
2016.09.28 12:28:43.330,8.57029,8.57191,1.00,1.00
2016.09.28 12:28:43.408,8.57013,8.57191,1.50,1.00
2016.09.28 12:28:43.459,8.57013,8.57191,1.50,1.00
2016.09.28 12:28:43.690,8.57007,8.57188,1.75,1.00
2016.09.28 12:28:43.910,8.57007,8.57188,1.75,1.00
2016.09.28 12:28:44.078,8.56996,8.57176,1.75,1.00
2016.09.28 12:28:44.541,8.56996,8.57176,1.75,1.00
2016.09.28 12:28:44.648,8.56996,8.57156,1.75,1.00
2016.09.28 12:28:44.869,8.56996,8.57176,1.75,1.50
2016.09.28 12:28:45.329,8.57001,8.57176,1.37,1.00
2016.09.28 12:28:45.452,8.57001,8.57176,1.37,1.00
2016.09.28 12:28:45.666,8.57001,8.57176,1.37,1.00
2016.09.28 12:28:45.717,8.57001,8.57176,1.37,1.00
2016.09.28 12:28:45.768,8.57001,8.57163,1.37,1.00
2016.09.28 12:28:45.819,8.57004,8.57163,1.37,1.00
2016.09.28 12:28:45.869,8.57013,8.57163,1.37,1.00
2016.09.28 12:28:45.993,8.57048,8.57163,1.00,1.00
2016.09.28 12:28:46.044,8.57048,8.57202,1.00,1.00
2016.09.28 12:28:46.196,8.57034,8.57202,1.00,1.00
2016.09.28 12:28:47.033,8.5704,8.57202,1.00,1.00
2016.09.28 12:28:47.596,8.57043,8.57202,1.00,1.00
2016.09.28 12:28:49.399,8.57056,8.57202,1.00,1.00
2016.09.28 12:28:49.450,8.57056,8.57209,1.00,1.00
2016.09.28 12:28:49.600,8.57051,8.57209,1.00,1.00
2016.09.28 12:28:51.831,8.57051,8.572,1.00,1.00
2016.09.28 12:28:51.948,8.57051,8.57209,1.00,1.00
2016.09.28 12:28:52.489,8.5705,8.572,1.00,1.00
2016.09.28 12:28:53.149,8.5705,8.57209,1.00,1.00
2016.09.28 12:28:53.491,8.5705,8.572,1.00,1.00
2016.09.28 12:28:53.569,8.5705,8.57209,1.00,1.00
2016.09.28 12:28:53.933,8.57052,8.57209,1.00,1.00
2016.09.28 12:28:53.985,8.57052,8.5722,1.00,1.00
2016.09.28 12:28:54.334,8.57072,8.57225,1.00,1.00
2016.09.28 12:28:54.486,8.57072,8.57234,1.00,1.00
2016.09.28 12:28:54.987,8.57072,8.57227,1.00,1.00
2016.09.28 12:28:55.038,8.57076,8.57227,1.00,1.00
2016.09.28 12:28:55.283,8.57076,8.57238,1.00,1.50
2016.09.28 12:28:55.668,8.57076,8.57228,1.00,1.00
2016.09.28 12:28:56.093,8.57076,8.57238,1.00,1.50
2016.09.28 12:28:56.329,8.57076,8.57228,1.00,1.00
2016.09.28 12:28:56.568,8.57076,8.57238,1.00,1.50
2016.09.28 12:28:57.111,8.57081,8.57238,1.00,1.00
2016.09.28 12:28:58.464,8.57077,8.57238,1.00,1.00
2016.09.28 12:28:58.565,8.57077,8.57238,1.00,1.00
2016.09.28 12:28:58.845,8.57107,8.57238,1.00,1.00
2016.09.28 12:28:58.998,8.57107,8.57256,1.00,1.00
2016.09.28 12:28:59.651,8.57107,8.57283,1.00,1.00
2016.09.28 12:28:59.855,8.57117,8.57283,1.00,1.00
2016.09.28 12:29:00.036,8.57111,8.57283,1.00,1.00
2016.09.28 12:29:00.728,8.57116,8.57283,1.00,1.00
2016.09.28 12:29:00.830,8.57116,8.57283,1.00,1.75
2016.09.28 12:29:00.880,8.57116,8.57283,1.00,1.75
2016.09.28 12:29:01.354,8.57116,8.57283,1.00,1.37
2016.09.28 12:29:01.456,8.57116,8.57283,1.00,1.37
2016.09.28 12:29:01.924,8.57116,8.57283,1.00,1.75
2016.09.28 12:29:01.977,8.57116,8.57283,1.00,1.75
2016.09.28 12:29:02.495,8.57116,8.57283,1.00,1.75
2016.09.28 12:29:02.959,8.57116,8.57283,1.00,1.75
2016.09.28 12:29:03.111,8.57116,8.57289,1.00,1.75
2016.09.28 12:29:03.289,8.57116,8.57289,1.00,2.25
2016.09.28 12:29:03.426,8.57116,8.57289,1.00,1.87
2016.09.28 12:29:03.499,8.57129,8.57289,1.00,1.37
2016.09.28 12:29:03.652,8.5712,8.57282,1.00,1.37
2016.09.28 12:29:03.753,8.57105,8.57288,1.00,1.37
2016.09.28 12:29:03.905,8.57105,8.57288,1.00,1.37
2016.09.28 12:29:04.235,8.57115,8.57275,1.00,1.37
2016.09.28 12:29:04.549,8.57115,8.57263,1.00,1.37
2016.09.28 12:29:04.729,8.57115,8.57275,1.00,1.37
2016.09.28 12:29:05.163,8.57114,8.57278,1.00,1.37
2016.09.28 12:29:06.472,8.57125,8.57284,1.00,1.37
2016.09.28 12:29:06.574,8.57116,8.5728,1.00,1.37
2016.09.28 12:29:06.628,8.57108,8.57284,1.00,1.37
2016.09.28 12:29:06.929,8.57116,8.5728,1.00,1.37
2016.09.28 12:29:07.630,8.57116,8.57282,1.00,1.37
2016.09.28 12:29:07.830,8.57127,8.57284,1.00,1.37
2016.09.28 12:29:08.070,8.57133,8.57291,1.00,1.37
2016.09.28 12:29:08.274,8.57142,8.57291,1.00,1.37
2016.09.28 12:29:09.035,8.57151,8.57291,1.00,1.37
2016.09.28 12:29:09.850,8.57146,8.57291,1.00,1.37
2016.09.28 12:29:10.040,8.57138,8.57291,1.00,1.37
2016.09.28 12:29:10.587,8.57144,8.57291,1.00,1.37
2016.09.28 12:29:10.638,8.57144,8.57307,1.00,1.37
2016.09.28 12:29:11.546,8.57141,8.57305,1.00,1.37
2016.09.28 12:29:11.842,8.57141,8.57305,1.00,1.00
2016.09.28 12:29:12.045,8.57141,8.57305,1.00,1.37
2016.09.28 12:29:12.197,8.57134,8.57297,1.00,1.37
2016.09.28 12:29:12.558,8.57137,8.57301,1.00,1.37
2016.09.28 12:29:12.660,8.5714,8.57303,1.00,1.37
2016.09.28 12:29:12.821,8.5714,8.57303,1.00,1.37
2016.09.28 12:29:13.489,8.57148,8.57312,1.00,1.37
2016.09.28 12:29:14.551,8.57151,8.57315,1.00,1.37
2016.09.28 12:29:14.993,8.57148,8.57315,1.00,1.37
2016.09.28 12:29:15.096,8.57162,8.57321,1.00,1.37
2016.09.28 12:29:15.589,8.57151,8.57315,1.00,1.37
2016.09.28 12:29:19.210,8.57142,8.57305,1.00,1.37
2016.09.28 12:29:19.785,8.57148,8.57312,1.00,1.37
2016.09.28 12:29:19.965,8.57139,8.57303,1.00,1.37
2016.09.28 12:29:20.304,8.57146,8.5731,1.00,1.37
2016.09.28 12:29:20.906,8.5715,8.57314,1.00,1.37
2016.09.28 12:29:23.305,8.57143,8.57307,1.00,1.37
2016.09.28 12:29:23.486,8.57136,8.573,1.00,1.37
2016.09.28 12:29:23.824,8.5715,8.57308,1.00,1.37
2016.09.28 12:29:23.927,8.57135,8.57293,1.00,1.37
2016.09.28 12:29:24.028,8.57151,8.57293,1.00,1.37
2016.09.28 12:29:24.079,8.57151,8.57308,1.00,1.37
2016.09.28 12:29:25.138,8.57151,8.573,1.00,1.37
2016.09.28 12:29:26.090,8.57137,8.573,1.00,1.37
2016.09.28 12:29:26.513,8.57129,8.57292,1.00,1.37
2016.09.28 12:29:26.913,8.57114,8.57278,1.00,1.37
2016.09.28 12:29:27.120,8.57124,8.57288,1.00,1.37
2016.09.28 12:29:28.298,8.57134,8.57298,1.00,1.37
2016.09.28 12:29:28.677,8.57123,8.57286,1.00,1.37
2016.09.28 12:29:28.728,8.57116,8.5728,1.00,1.37
2016.09.28 12:29:28.948,8.57096,8.57259,1.00,1.37
2016.09.28 12:29:29.101,8.57107,8.57262,1.00,1.37
2016.09.28 12:29:29.203,8.57066,8.57259,1.00,1.37
2016.09.28 12:29:29.254,8.57066,8.5723,1.00,1.00
2016.09.28 12:29:29.305,8.57066,8.57246,1.00,1.37
2016.09.28 12:29:29.356,8.57066,8.57226,1.00,1.00
2016.09.28 12:29:29.943,8.57088,8.57226,1.00,1.00
2016.09.28 12:29:30.045,8.57088,8.57226,1.00,1.00
2016.09.28 12:29:30.146,8.57088,8.57226,1.00,1.37
2016.09.28 12:29:30.247,8.57038,8.57223,1.00,1.37
2016.09.28 12:29:30.349,8.57038,8.57196,1.00,1.37
2016.09.28 12:29:30.802,8.57031,8.57196,1.00,1.37
2016.09.28 12:29:31.200,8.57031,8.57194,1.00,1.37
2016.09.28 12:29:31.348,8.57031,8.57196,1.00,1.37
2016.09.28 12:29:31.398,8.57037,8.57196,1.00,1.37
2016.09.28 12:29:32.203,8.57037,8.57195,1.00,1.37
2016.09.28 12:29:32.928,8.57037,8.57196,1.00,1.37
2016.09.28 12:29:33.039,8.57037,8.57195,1.00,1.00
2016.09.28 12:29:33.235,8.57033,8.57196,1.00,1.00
2016.09.28 12:29:33.337,8.57064,8.57196,1.00,1.00
2016.09.28 12:29:33.404,8.57064,8.57217,1.00,1.37
2016.09.28 12:29:33.454,8.57052,8.57217,1.00,1.37
2016.09.28 12:29:33.806,8.57041,8.57214,1.00,1.37
2016.09.28 12:29:35.100,8.57041,8.57214,1.00,1.37
2016.09.28 12:29:35.151,8.57041,8.57214,1.00,1.37
2016.09.28 12:29:35.253,8.57035,8.57217,1.00,1.37
2016.09.28 12:29:35.305,8.57031,8.57201,1.00,1.37
2016.09.28 12:29:35.435,8.57028,8.57201,1.00,1.87
2016.09.28 12:29:35.486,8.57028,8.57201,1.00,1.37
2016.09.28 12:29:35.537,8.57031,8.57217,1.00,1.37
2016.09.28 12:29:35.712,8.57024,8.57217,1.37,1.37
2016.09.28 12:29:37.231,8.57024,8.57217,1.87,1.37
2016.09.28 12:29:38.624,8.57024,8.57217,1.87,1.00
2016.09.28 12:29:39.022,8.57054,8.57217,1.00,1.00
2016.09.28 12:29:39.123,8.57054,8.57231,1.00,1.37
2016.09.28 12:29:39.742,8.57054,8.57231,1.00,1.00
2016.09.28 12:29:39.793,8.57054,8.57231,1.00,1.00
2016.09.28 12:29:39.895,8.57054,8.57231,1.00,1.00
2016.09.28 12:29:39.946,8.57083,8.57231,1.00,1.00
2016.09.28 12:29:40.048,8.57083,8.57231,1.00,1.00
2016.09.28 12:29:40.099,8.57083,8.57231,1.00,1.00
2016.09.28 12:29:40.150,8.57075,8.57231,1.37,1.00
2016.09.28 12:29:40.201,8.57075,8.57231,1.37,1.00
2016.09.28 12:29:40.252,8.57066,8.57231,1.37,1.00
2016.09.28 12:29:40.386,8.57066,8.57261,1.37,1.37
2016.09.28 12:29:40.454,8.57066,8.57261,1.37,1.00
2016.09.28 12:29:40.527,8.57066,8.57261,1.37,1.75
2016.09.28 12:29:40.628,8.57054,8.57236,1.75,1.37
2016.09.28 12:29:40.730,8.57052,8.57232,1.75,1.37
2016.09.28 12:29:41.221,8.57057,8.57232,1.75,1.37
2016.09.28 12:29:41.923,8.57065,8.57232,1.37,1.37
2016.09.28 12:29:42.127,8.57053,8.57232,1.00,1.37
2016.09.28 12:29:42.229,8.57069,8.57223,1.00,1.37
2016.09.28 12:29:42.424,8.57059,8.57223,1.00,1.37
2016.09.28 12:29:42.624,8.57044,8.57223,1.00,1.37
2016.09.28 12:29:42.828,8.57044,8.57232,1.00,1.37
2016.09.28 12:29:43.483,8.57046,8.57223,1.00,1.37
2016.09.28 12:29:44.414,8.57073,8.57232,1.37,1.37
2016.09.28 12:29:44.465,8.57098,8.57232,1.00,1.00
2016.09.28 12:29:44.516,8.57108,8.57245,1.00,1.37
2016.09.28 12:29:44.567,8.57134,8.57245,1.00,1.00
2016.09.28 12:29:44.671,8.5713,8.57297,1.37,1.37
2016.09.28 12:29:44.723,8.5713,8.57315,1.37,1.37
2016.09.28 12:29:44.958,8.57113,8.57315,1.75,1.37
2016.09.28 12:29:45.014,8.57113,8.57315,1.75,1.37
2016.09.28 12:29:45.065,8.57134,8.57315,1.00,1.37
2016.09.28 12:29:45.168,8.57108,8.57315,1.37,1.37
2016.09.28 12:29:45.219,8.57108,8.57291,1.37,1.37
2016.09.28 12:29:45.455,8.57108,8.57291,1.00,1.37
2016.09.28 12:29:45.556,8.57108,8.57291,1.00,1.00
2016.09.28 12:29:45.658,8.57071,8.57275,1.00,1.00
2016.09.28 12:29:45.709,8.57071,8.57275,1.00,1.00
2016.09.28 12:29:45.862,8.57071,8.57251,1.00,1.00
2016.09.28 12:29:45.946,8.57083,8.57251,1.00,1.00
2016.09.28 12:29:45.997,8.57125,8.57274,1.00,1.00
2016.09.28 12:29:46.099,8.57145,8.57318,1.00,1.00
2016.09.28 12:29:46.150,8.57213,8.57318,1.00,1.00
2016.09.28 12:29:46.201,8.57213,8.57352,1.00,1.00
2016.09.28 12:29:46.251,8.57223,8.57379,1.00,1.00
2016.09.28 12:29:46.302,8.57254,8.57379,1.00,1.00
2016.09.28 12:29:46.353,8.57323,8.57445,1.00,1.00
2016.09.28 12:29:46.460,8.57313,8.57445,1.00,1.00
2016.09.28 12:29:46.511,8.57366,8.57573,1.00,1.37
2016.09.28 12:29:46.562,8.57366,8.57573,1.00,1.00
2016.09.28 12:29:46.613,8.57366,8.57573,1.00,1.00
2016.09.28 12:29:46.716,8.57328,8.57535,1.00,1.00
2016.09.28 12:29:46.988,8.57328,8.57535,1.00,1.00
2016.09.28 12:29:47.039,8.57298,8.57505,1.00,1.00
2016.09.28 12:29:47.365,8.57298,8.57495,1.00,1.00
2016.09.28 12:29:47.696,8.57298,8.57498,1.00,1.00
2016.09.28 12:29:47.799,8.57298,8.57498,1.00,1.50
2016.09.28 12:29:47.850,8.57271,8.57478,1.00,1.00
2016.09.28 12:29:47.901,8.57271,8.57478,1.00,1.00
2016.09.28 12:29:48.002,8.57271,8.57478,1.00,1.00
2016.09.28 12:29:48.108,8.57271,8.57474,1.00,1.00
2016.09.28 12:29:49.016,8.57271,8.57466,1.00,1.00
2016.09.28 12:29:49.067,8.57239,8.57446,1.00,1.00
2016.09.28 12:29:49.388,8.57239,8.57446,1.00,1.37
2016.09.28 12:29:49.440,8.57239,8.57397,1.00,1.00
2016.09.28 12:29:49.544,8.57093,8.57294,1.00,1.00
2016.09.28 12:29:49.963,8.57113,8.57281,1.00,1.00
2016.09.28 12:29:50.133,8.57087,8.57281,1.00,1.00
2016.09.28 12:29:51.038,8.57087,8.57258,1.00,1.00
2016.09.28 12:29:51.106,8.57087,8.57258,1.00,1.00
2016.09.28 12:29:51.468,8.57041,8.57248,1.00,1.00
2016.09.28 12:29:52.448,8.57088,8.57248,1.00,1.00
2016.09.28 12:29:52.500,8.57091,8.57293,1.31,1.00
2016.09.28 12:29:52.602,8.57088,8.57293,1.00,1.00
2016.09.28 12:29:52.750,8.57086,8.57293,1.00,1.00
2016.09.28 12:29:53.526,8.57086,8.57278,1.00,1.00
2016.09.28 12:29:53.997,8.57098,8.57293,1.50,1.00
2016.09.28 12:29:54.098,8.57103,8.57293,1.00,1.00
2016.09.28 12:29:54.200,8.57086,8.57293,1.22,1.00
2016.09.28 12:29:54.502,8.57086,8.57293,1.00,1.00
2016.09.28 12:29:55.053,8.57086,8.57267,1.00,1.00
2016.09.28 12:29:55.104,8.57063,8.57247,1.00,1.00
2016.09.28 12:29:55.206,8.57029,8.57259,1.72,1.00
2016.09.28 12:29:55.257,8.57029,8.57235,1.22,1.00
2016.09.28 12:29:55.402,8.57031,8.57235,1.42,1.00
2016.09.28 12:29:55.453,8.57054,8.57284,1.22,1.00
2016.09.28 12:29:55.710,8.57058,8.57283,1.00,1.00
2016.09.28 12:29:55.761,8.57086,8.57316,1.00,1.37
2016.09.28 12:29:55.811,8.57063,8.57242,1.22,1.00
2016.09.28 12:29:55.950,8.57065,8.57295,1.47,1.00
2016.09.28 12:29:56.001,8.57063,8.57269,1.00,1.00
2016.09.28 12:29:56.447,8.57065,8.57269,1.00,1.00
2016.09.28 12:29:56.879,8.57065,8.57269,1.85,1.00
2016.09.28 12:29:56.996,8.57088,8.57269,1.00,1.00
2016.09.28 12:29:57.988,8.57061,8.57269,1.48,1.00
2016.09.28 12:29:58.538,8.57062,8.57292,1.85,1.00
2016.09.28 12:29:58.906,8.57062,8.57292,1.00,1.00
2016.09.28 12:29:59.119,8.5704,8.5727,1.70,1.00
2016.09.28 12:29:59.882,8.5707,8.57298,1.00,1.00
2016.09.28 12:30:00.034,8.57141,8.57326,1.19,1.00
2016.09.28 12:30:00.085,8.57141,8.57346,1.19,1.00
2016.09.28 12:30:00.135,8.57116,8.57346,1.65,1.00
2016.09.28 12:30:00.237,8.57116,8.57346,1.00,1.00
2016.09.28 12:30:00.362,8.57116,8.57346,1.00,1.00
2016.09.28 12:30:00.954,8.5709,8.5732,1.00,1.00
2016.09.28 12:30:01.607,8.5709,8.5732,1.00,1.37
2016.09.28 12:30:01.672,8.57116,8.57346,1.00,1.37
2016.09.28 12:30:01.973,8.57088,8.57318,1.00,1.37
2016.09.28 12:30:02.662,8.57088,8.57318,1.00,1.00
2016.09.28 12:30:02.973,8.5708,8.5731,1.00,1.00
2016.09.28 12:30:03.279,8.57074,8.57304,1.00,1.00
2016.09.28 12:30:03.606,8.57163,8.57382,1.00,1.00
2016.09.28 12:30:03.656,8.57179,8.57409,1.00,1.00
2016.09.28 12:30:03.758,8.57253,8.57447,1.00,1.00
2016.09.28 12:30:03.809,8.57315,8.57453,1.00,1.00
2016.09.28 12:30:03.993,8.57355,8.57497,1.00,1.00
2016.09.28 12:30:04.044,8.57355,8.57497,1.00,1.37
2016.09.28 12:30:04.095,8.57372,8.57497,1.00,1.37
2016.09.28 12:30:04.145,8.57372,8.57497,1.00,1.00
2016.09.28 12:30:04.407,8.57338,8.57497,1.00,1.00
2016.09.28 12:30:04.507,8.57367,8.57497,1.00,1.00
2016.09.28 12:30:04.824,8.57437,8.57528,1.00,1.00
2016.09.28 12:30:05.100,8.57453,8.57649,1.00,1.00
2016.09.28 12:30:05.150,8.57453,8.57649,1.00,1.37
2016.09.28 12:30:05.252,8.57451,8.57649,1.00,1.37
2016.09.28 12:30:05.303,8.57405,8.57624,1.00,1.37
2016.09.28 12:30:05.406,8.57376,8.57598,1.00,1.00
2016.09.28 12:30:05.690,8.57352,8.57582,1.00,1.00
2016.09.28 12:30:05.741,8.57352,8.57569,1.00,1.00
2016.09.28 12:30:05.792,8.57337,8.57567,1.00,1.00
2016.09.28 12:30:05.843,8.57337,8.5753,1.00,1.00
2016.09.28 12:30:05.894,8.57337,8.57557,1.00,1.00
2016.09.28 12:30:06.053,8.57337,8.57557,1.00,1.00
2016.09.28 12:30:06.248,8.57337,8.57555,1.00,1.00
2016.09.28 12:30:06.594,8.57344,8.57527,1.00,1.00
2016.09.28 12:30:06.645,8.57344,8.57527,1.00,1.75
2016.09.28 12:30:06.696,8.5733,8.57527,1.00,1.75
2016.09.28 12:30:06.747,8.5733,8.57524,1.00,1.75
2016.09.28 12:30:06.889,8.57322,8.57524,1.00,1.75
2016.09.28 12:30:06.940,8.57322,8.57524,1.00,1.37
2016.09.28 12:30:06.991,8.5737,8.57524,1.00,1.37
2016.09.28 12:30:07.064,8.5737,8.57556,1.00,1.75
2016.09.28 12:30:07.116,8.57371,8.57556,1.00,1.75
2016.09.28 12:30:07.285,8.57399,8.5762,1.00,1.87
2016.09.28 12:30:07.430,8.57399,8.57595,1.00,1.50
2016.09.28 12:30:07.557,8.57404,8.5762,1.00,1.12
2016.09.28 12:30:07.608,8.57484,8.57641,1.00,1.37
2016.09.28 12:30:07.658,8.57484,8.57641,1.00,1.78
2016.09.28 12:30:07.709,8.57437,8.57641,1.00,1.78
2016.09.28 12:30:07.811,8.57486,8.57641,1.00,1.40
2016.09.28 12:30:08.029,8.57452,8.57641,1.00,1.40
2016.09.28 12:30:08.130,8.57434,8.57641,1.00,1.40
2016.09.28 12:30:08.181,8.57434,8.57641,1.00,1.40
2016.09.28 12:30:08.334,8.57434,8.57607,1.00,1.40
2016.09.28 12:30:08.495,8.57424,8.57607,1.00,1.40
2016.09.28 12:30:09.387,8.57446,8.57607,1.00,1.40
2016.09.28 12:30:09.489,8.57444,8.57607,1.00,1.40
2016.09.28 12:30:09.703,8.57453,8.57607,1.00,1.40
2016.09.28 12:30:09.755,8.57453,8.57637,1.00,1.40
2016.09.28 12:30:09.857,8.57453,8.5766,1.50,1.40
2016.09.28 12:30:09.908,8.57483,8.5766,1.00,1.40
2016.09.28 12:30:10.025,8.57453,8.5766,1.00,1.40
2016.09.28 12:30:10.401,8.57458,8.5766,1.00,1.40
2016.09.28 12:30:10.662,8.57458,8.57668,1.00,1.40
2016.09.28 12:30:10.712,8.57499,8.57668,1.00,1.40
2016.09.28 12:30:10.808,8.57487,8.57668,1.00,1.40
2016.09.28 12:30:10.860,8.57487,8.57699,1.00,1.78
2016.09.28 12:30:10.911,8.57509,8.57699,1.00,1.78
2016.09.28 12:30:11.013,8.57484,8.57699,1.00,2.28
2016.09.28 12:30:11.064,8.57528,8.57699,1.00,1.78
2016.09.28 12:30:11.115,8.57528,8.57699,1.00,1.78
2016.09.28 12:30:11.166,8.57467,8.57666,1.00,1.40
2016.09.28 12:30:11.512,8.57473,8.57666,1.00,1.40
2016.09.28 12:30:11.832,8.5752,8.57666,1.00,1.40
2016.09.28 12:30:12.015,8.57504,8.57713,1.00,1.78
2016.09.28 12:30:12.202,8.57498,8.57701,1.00,1.40
2016.09.28 12:30:12.252,8.57498,8.57701,1.00,1.40
2016.09.28 12:30:12.368,8.5747,8.57676,1.00,1.40
2016.09.28 12:30:12.798,8.57463,8.57676,1.00,1.40
2016.09.28 12:30:13.306,8.57461,8.57676,1.00,1.40
2016.09.28 12:30:13.594,8.57461,8.57676,1.00,1.40
2016.09.28 12:30:13.699,8.57461,8.57676,1.00,1.40
2016.09.28 12:30:13.860,8.57461,8.57676,1.00,1.40
2016.09.28 12:30:13.911,8.57461,8.57676,1.00,1.90
2016.09.28 12:30:13.962,8.57461,8.57639,1.00,1.40
2016.09.28 12:30:14.082,8.5744,8.57639,1.00,1.40
2016.09.28 12:30:14.492,8.5744,8.57639,1.00,1.40
2016.09.28 12:30:14.543,8.57389,8.57588,3.00,1.40
2016.09.28 12:30:14.643,8.57427,8.57608,1.00,1.78
2016.09.28 12:30:14.694,8.57427,8.57608,1.00,1.78
2016.09.28 12:30:14.796,8.57451,8.57608,1.00,1.37
2016.09.28 12:30:14.847,8.57419,8.57608,1.00,1.37
2016.09.28 12:30:14.898,8.57419,8.57608,1.00,1.37
2016.09.28 12:30:14.949,8.57422,8.57608,1.00,1.37
2016.09.28 12:30:15.144,8.57447,8.57608,1.00,1.37
2016.09.28 12:30:15.403,8.57436,8.57608,1.00,1.37
2016.09.28 12:30:15.504,8.57413,8.57577,1.00,1.00
2016.09.28 12:30:15.555,8.57413,8.57563,1.00,1.00
2016.09.28 12:30:15.606,8.57413,8.57507,1.00,1.00
2016.09.28 12:30:15.659,8.57333,8.57507,1.00,1.40
2016.09.28 12:30:15.724,8.57333,8.57463,1.00,1.40
2016.09.28 12:30:15.871,8.57273,8.57443,1.00,1.40
2016.09.28 12:30:15.922,8.57273,8.57443,1.00,1.40
2016.09.28 12:30:16.133,8.57273,8.57443,1.00,1.40
2016.09.28 12:30:16.184,8.57274,8.57443,1.00,1.40
2016.09.28 12:30:16.634,8.57297,8.57443,1.00,1.40
2016.09.28 12:30:16.685,8.57297,8.57492,1.00,1.40
2016.09.28 12:30:16.736,8.57285,8.57492,1.00,1.40
2016.09.28 12:30:16.837,8.57285,8.57459,1.00,1.40
2016.09.28 12:30:16.888,8.57285,8.5741,1.00,1.40
2016.09.28 12:30:17.047,8.57255,8.5741,1.00,1.40
2016.09.28 12:30:17.332,8.57255,8.5741,1.00,1.03
2016.09.28 12:30:17.487,8.57231,8.5741,1.00,1.03
2016.09.28 12:30:17.919,8.57235,8.5741,1.00,1.03
2016.09.28 12:30:18.139,8.57261,8.5741,1.00,1.03
2016.09.28 12:30:18.241,8.5725,8.5741,1.00,1.40
2016.09.28 12:30:18.459,8.57334,8.57421,1.00,1.00
2016.09.28 12:30:18.563,8.57263,8.57401,1.00,1.00
2016.09.28 12:30:18.665,8.57323,8.57445,1.00,1.00
2016.09.28 12:30:18.716,8.57364,8.57445,1.00,1.00
2016.09.28 12:30:18.819,8.57397,8.57473,1.00,1.00
2016.09.28 12:30:18.870,8.57417,8.57498,1.00,1.03
2016.09.28 12:30:18.941,8.57417,8.57513,1.00,1.50
2016.09.28 12:30:18.992,8.57417,8.57543,1.00,1.40
2016.09.28 12:30:19.042,8.57417,8.57579,1.00,1.40
2016.09.28 12:30:19.093,8.57417,8.57624,1.00,1.78
2016.09.28 12:30:19.144,8.57417,8.57586,1.00,1.40
2016.09.28 12:30:19.202,8.57359,8.57566,1.00,1.40
2016.09.28 12:30:19.312,8.57359,8.57566,1.00,1.40
2016.09.28 12:30:19.363,8.57339,8.57513,1.00,1.40
2016.09.28 12:30:19.414,8.57329,8.57513,1.00,1.40
2016.09.28 12:30:19.466,8.57313,8.57513,1.00,1.40
2016.09.28 12:30:19.517,8.57371,8.57513,1.00,1.40
2016.09.28 12:30:19.619,8.57391,8.57513,1.00,1.40
2016.09.28 12:30:19.722,8.57381,8.57513,1.00,1.40
2016.09.28 12:30:19.856,8.57375,8.57513,1.00,1.40
2016.09.28 12:30:19.922,8.57375,8.57521,1.00,1.40
2016.09.28 12:30:20.130,8.57344,8.57521,1.00,1.40
2016.09.28 12:30:20.181,8.57344,8.57499,1.00,1.40
2016.09.28 12:30:20.231,8.57325,8.57499,1.00,1.40
2016.09.28 12:30:20.282,8.57325,8.57473,1.00,1.40
2016.09.28 12:30:21.233,8.57326,8.57473,1.00,1.40
2016.09.28 12:30:21.662,8.57307,8.57473,1.00,1.40
2016.09.28 12:30:21.713,8.57307,8.5745,1.00,1.40
2016.09.28 12:30:21.764,8.57307,8.5747,1.00,1.40
2016.09.28 12:30:21.866,8.57294,8.5747,1.00,1.40
2016.09.28 12:30:22.035,8.57284,8.5747,1.00,1.40
2016.09.28 12:30:22.122,8.57263,8.5747,1.00,1.40
2016.09.28 12:30:22.173,8.57263,8.57445,1.00,1.40
2016.09.28 12:30:22.619,8.5729,8.57445,1.00,1.40
2016.09.28 12:30:23.032,8.5728,8.5743,1.00,1.40
2016.09.28 12:30:23.147,8.57264,8.5743,1.00,1.40
2016.09.28 12:30:23.677,8.57263,8.5743,1.00,1.40
2016.09.28 12:30:24.214,8.57278,8.5743,1.00,1.40
2016.09.28 12:30:24.650,8.57252,8.5743,1.00,1.40
2016.09.28 12:30:24.969,8.57252,8.57375,1.00,1.40
2016.09.28 12:30:25.557,8.57233,8.57375,1.00,1.40
2016.09.28 12:30:25.667,8.57227,8.57375,1.00,1.40
2016.09.28 12:30:25.768,8.57223,8.57375,1.00,1.40
2016.09.28 12:30:26.381,8.57223,8.57348,1.00,1.40
2016.09.28 12:30:27.060,8.57229,8.57348,1.00,1.40
2016.09.28 12:30:27.111,8.57229,8.57383,1.00,1.40
2016.09.28 12:30:27.833,8.57235,8.57383,1.00,1.40
2016.09.28 12:30:28.280,8.57229,8.57383,1.00,1.40
2016.09.28 12:30:28.372,8.57224,8.57383,1.00,1.40
2016.09.28 12:30:28.575,8.5724,8.57383,1.00,1.40
2016.09.28 12:30:29.536,8.57244,8.57383,1.00,1.40
2016.09.28 12:30:29.750,8.57239,8.57383,1.00,1.40
2016.09.28 12:30:30.444,8.5725,8.57409,1.00,1.40
2016.09.28 12:30:30.560,8.57244,8.57409,1.00,1.40
2016.09.28 12:30:30.740,8.5725,8.57409,1.00,1.40
2016.09.28 12:30:31.063,8.57232,8.57409,1.00,1.40
2016.09.28 12:30:31.452,8.57229,8.57409,1.00,1.40
2016.09.28 12:30:31.732,8.57233,8.57409,1.00,1.40
2016.09.28 12:30:31.935,8.57243,8.57409,1.00,1.40
2016.09.28 12:30:32.072,8.57235,8.57409,1.00,1.40
2016.09.28 12:30:32.632,8.57236,8.57409,1.00,1.40
2016.09.28 12:30:33.233,8.57236,8.57409,1.00,1.40
2016.09.28 12:30:33.519,8.57232,8.57409,1.00,1.40
2016.09.28 12:30:33.570,8.57226,8.57388,1.00,1.40
2016.09.28 12:30:33.722,8.57216,8.57388,1.00,1.40
2016.09.28 12:30:33.773,8.57206,8.57388,1.00,1.40
2016.09.28 12:30:33.875,8.57191,8.57388,1.00,1.40
2016.09.28 12:30:33.976,8.57211,8.57388,1.00,1.40
2016.09.28 12:30:34.066,8.57211,8.57388,1.00,1.03
2016.09.28 12:30:34.123,8.57229,8.57407,1.00,1.40
2016.09.28 12:30:34.174,8.57245,8.57407,1.00,1.40
2016.09.28 12:30:34.389,8.5724,8.57407,1.00,1.40
2016.09.28 12:30:34.851,8.57232,8.57407,1.00,1.40
2016.09.28 12:30:34.952,8.57232,8.57389,1.00,1.03
2016.09.28 12:30:35.238,8.57232,8.57389,1.00,1.03
2016.09.28 12:30:35.289,8.57229,8.57366,1.00,1.00
2016.09.28 12:30:35.340,8.57229,8.57366,1.00,1.03
2016.09.28 12:30:36.285,8.57229,8.57343,1.00,1.00
2016.09.28 12:30:36.336,8.57209,8.57343,1.00,1.00
2016.09.28 12:30:36.513,8.57199,8.57343,1.00,1.00
2016.09.28 12:30:36.943,8.57199,8.57343,1.00,1.03
2016.09.28 12:30:37.271,8.57183,8.57343,1.00,1.03
2016.09.28 12:30:37.661,8.57183,8.57316,1.00,1.00
2016.09.28 12:30:37.994,8.57172,8.57316,1.00,1.00
2016.09.28 12:30:38.044,8.57172,8.57316,1.00,1.37
2016.09.28 12:30:38.146,8.57168,8.57316,1.00,1.37
2016.09.28 12:30:38.305,8.5715,8.57287,1.00,1.00
2016.09.28 12:30:38.600,8.57143,8.57287,1.00,1.00
2016.09.28 12:30:38.651,8.57143,8.57287,1.00,1.37
2016.09.28 12:30:38.702,8.57141,8.57287,1.00,1.37
2016.09.28 12:30:38.834,8.57127,8.57287,1.00,1.37
2016.09.28 12:30:39.064,8.57136,8.57287,1.00,1.37
2016.09.28 12:30:39.264,8.57142,8.57287,1.00,1.37
2016.09.28 12:30:39.826,8.57143,8.57287,1.00,1.37
2016.09.28 12:30:39.876,8.5713,8.57287,1.00,1.37
2016.09.28 12:30:40.255,8.5713,8.57287,1.00,1.75
2016.09.28 12:30:40.703,8.5715,8.57287,1.00,1.75
2016.09.28 12:30:41.376,8.57132,8.57287,1.00,1.75
2016.09.28 12:30:41.478,8.57134,8.57287,1.00,1.50
2016.09.28 12:30:41.973,8.57134,8.57268,1.00,1.37
2016.09.28 12:30:42.077,8.57109,8.57268,1.00,1.37
2016.09.28 12:30:42.377,8.57127,8.57268,1.00,1.37
2016.09.28 12:30:42.663,8.57127,8.57268,1.00,1.75
2016.09.28 12:30:42.878,8.57113,8.57268,1.00,1.75
2016.09.28 12:30:43.791,8.57108,8.57268,1.00,2.25
2016.09.28 12:30:43.842,8.57091,8.57268,1.00,2.25
2016.09.28 12:30:43.893,8.57088,8.57268,1.00,1.75
2016.09.28 12:30:43.994,8.57118,8.57268,1.00,1.75
2016.09.28 12:30:44.888,8.57106,8.57268,1.00,1.75
2016.09.28 12:30:45.382,8.57116,8.57268,1.00,1.75
2016.09.28 12:30:45.889,8.57105,8.57268,1.00,1.75
2016.09.28 12:30:45.991,8.57103,8.57268,1.00,1.75
2016.09.28 12:30:46.430,8.57114,8.57268,1.00,1.75
2016.09.28 12:30:46.531,8.57092,8.57268,1.00,1.75
2016.09.28 12:30:46.734,8.57079,8.57268,1.00,1.75
2016.09.28 12:30:46.785,8.57079,8.5724,1.00,1.75
2016.09.28 12:30:46.989,8.57064,8.57239,1.00,1.75
2016.09.28 12:30:47.334,8.571,8.5724,1.00,1.75
2016.09.28 12:30:47.385,8.571,8.5724,1.00,1.37
2016.09.28 12:30:47.487,8.57103,8.5724,1.00,1.37
2016.09.28 12:30:47.639,8.57124,8.5724,1.00,1.37
2016.09.28 12:30:47.784,8.57124,8.57304,1.00,1.75
2016.09.28 12:30:47.835,8.5712,8.57304,1.00,1.75
2016.09.28 12:30:47.886,8.5712,8.57304,1.00,1.75
2016.09.28 12:30:47.937,8.5712,8.57304,1.00,1.75
2016.09.28 12:30:48.039,8.571,8.57272,1.00,1.75
2016.09.28 12:30:48.090,8.57098,8.57272,1.00,1.75
2016.09.28 12:30:48.141,8.57078,8.57247,1.00,1.75
2016.09.28 12:30:48.192,8.57057,8.57247,1.50,1.75
2016.09.28 12:30:48.307,8.57082,8.57247,1.00,1.75
2016.09.28 12:30:48.547,8.57082,8.57272,1.00,1.75
2016.09.28 12:30:48.699,8.57066,8.57272,1.00,1.75
2016.09.28 12:30:48.900,8.57057,8.57256,1.00,1.75
2016.09.28 12:30:49.205,8.57019,8.57192,1.00,1.75
2016.09.28 12:30:49.256,8.57019,8.57192,1.00,1.75
2016.09.28 12:30:49.607,8.57019,8.57164,1.00,1.75
2016.09.28 12:30:49.723,8.57004,8.57164,1.00,1.75
2016.09.28 12:30:50.008,8.57004,8.57134,1.00,1.37
2016.09.28 12:30:50.160,8.56984,8.57134,1.00,1.75
2016.09.28 12:30:50.211,8.56983,8.57134,1.50,1.75
2016.09.28 12:30:50.405,8.56974,8.57134,1.00,1.75
2016.09.28 12:30:50.831,8.56974,8.57134,1.00,1.75
2016.09.28 12:30:50.932,8.56987,8.57134,1.00,1.75
2016.09.28 12:30:51.421,8.56983,8.57134,1.00,1.75
2016.09.28 12:30:51.725,8.56981,8.57134,1.00,1.75
2016.09.28 12:30:52.280,8.56981,8.57134,1.00,1.75
2016.09.28 12:30:52.745,8.56993,8.57134,1.00,1.75
2016.09.28 12:30:52.800,8.56979,8.57134,1.00,1.75
2016.09.28 12:30:53.070,8.56979,8.5711,1.00,1.75
2016.09.28 12:30:53.121,8.56979,8.5711,1.00,1.75
2016.09.28 12:30:53.335,8.56979,8.5711,1.00,1.40
2016.09.28 12:30:53.405,8.56994,8.5711,1.00,1.40
2016.09.28 12:30:53.625,8.56994,8.57135,1.00,1.40
2016.09.28 12:30:54.032,8.56974,8.57135,1.00,1.02
2016.09.28 12:30:54.084,8.56974,8.57114,1.00,1.02
2016.09.28 12:30:54.284,8.56969,8.57114,1.00,1.02
2016.09.28 12:30:55.021,8.56979,8.57114,1.00,1.02
2016.09.28 12:30:55.071,8.56979,8.57114,1.00,1.02
2016.09.28 12:30:55.122,8.57047,8.57114,1.00,1.00
2016.09.28 12:30:55.302,8.57047,8.57156,1.00,1.02
2016.09.28 12:30:55.354,8.57056,8.57156,1.00,1.02
2016.09.28 12:30:55.507,8.57056,8.5724,1.00,1.02
2016.09.28 12:30:55.709,8.57033,8.5724,1.00,1.02
2016.09.28 12:30:55.845,8.57033,8.57174,1.00,1.02
2016.09.28 12:30:56.149,8.57042,8.57174,1.00,1.02
2016.09.28 12:30:56.815,8.57065,8.57194,1.00,1.02
2016.09.28 12:30:57.154,8.57084,8.57194,1.00,1.02
2016.09.28 12:30:57.317,8.57066,8.57194,1.00,1.02
2016.09.28 12:30:57.470,8.57054,8.57194,1.00,1.02
2016.09.28 12:30:57.845,8.57045,8.57194,1.00,1.02
2016.09.28 12:30:58.370,8.5705,8.57194,1.00,1.02
2016.09.28 12:30:58.421,8.57046,8.57194,1.00,1.02
2016.09.28 12:30:58.623,8.57033,8.57164,1.00,1.02
2016.09.28 12:30:59.347,8.57036,8.57164,1.00,1.02
2016.09.28 12:30:59.527,8.5703,8.57164,1.00,1.02
2016.09.28 12:31:00.173,8.57044,8.57164,1.00,1.02
2016.09.28 12:31:00.799,8.57044,8.57164,1.00,1.02
2016.09.28 12:31:01.978,8.57042,8.57164,1.00,1.02
2016.09.28 12:31:02.101,8.57042,8.57164,1.00,1.02
2016.09.28 12:31:02.152,8.57029,8.57164,1.00,1.02
2016.09.28 12:31:02.943,8.57025,8.57164,1.00,1.02
2016.09.28 12:31:03.161,8.57023,8.57164,1.00,1.02
2016.09.28 12:31:05.215,8.57033,8.57164,1.00,1.02
2016.09.28 12:31:05.409,8.57023,8.57164,1.00,1.02
2016.09.28 12:31:07.043,8.57023,8.57164,1.50,1.02
2016.09.28 12:31:07.281,8.57023,8.57164,1.00,1.02
2016.09.28 12:31:10.743,8.57024,8.57164,1.00,1.02
2016.09.28 12:31:11.151,8.57024,8.57164,1.00,1.02
2016.09.28 12:31:11.820,8.57023,8.57164,1.00,1.02
2016.09.28 12:31:12.445,8.57024,8.57164,1.00,1.02
2016.09.28 12:31:12.546,8.57019,8.57164,1.00,1.02
2016.09.28 12:31:12.648,8.57013,8.57164,1.00,1.02
2016.09.28 12:31:12.699,8.56992,8.57161,1.00,1.02
2016.09.28 12:31:12.751,8.56975,8.57161,1.00,1.02
2016.09.28 12:31:12.802,8.56963,8.57133,1.00,1.02
2016.09.28 12:31:12.853,8.56973,8.57133,1.00,1.02
2016.09.28 12:31:15.474,8.56973,8.57107,1.00,1.02
2016.09.28 12:31:15.534,8.56867,8.57006,1.00,1.00
2016.09.28 12:31:15.612,8.56868,8.57075,1.00,2.50
2016.09.28 12:31:15.663,8.56868,8.57063,1.00,1.37
2016.09.28 12:31:15.714,8.56867,8.57006,1.00,1.02
2016.09.28 12:31:15.765,8.56867,8.57006,1.00,1.02
2016.09.28 12:31:15.910,8.56823,8.57006,1.00,1.02
2016.09.28 12:31:15.962,8.56803,8.57006,1.00,1.02
2016.09.28 12:31:16.165,8.56799,8.57006,1.00,2.00
2016.09.28 12:31:16.216,8.56773,8.5697,1.00,1.02
2016.09.28 12:31:16.267,8.5678,8.5697,1.00,1.02
2016.09.28 12:31:16.400,8.56773,8.56965,1.00,1.02
2016.09.28 12:31:16.451,8.56773,8.56947,1.00,1.02
2016.09.28 12:31:16.837,8.56763,8.56947,1.00,1.02
2016.09.28 12:31:17.447,8.56763,8.56947,1.00,1.02
2016.09.28 12:31:17.555,8.5675,8.5692,1.00,1.02
2016.09.28 12:31:17.606,8.56733,8.5692,1.00,1.02
2016.09.28 12:31:17.658,8.56733,8.5692,1.00,1.02
2016.09.28 12:31:17.710,8.56723,8.56897,1.00,1.02
2016.09.28 12:31:18.109,8.56733,8.56897,1.00,1.02
2016.09.28 12:31:18.266,8.56733,8.56897,1.00,1.02
2016.09.28 12:31:18.385,8.56723,8.56897,1.00,1.02
2016.09.28 12:31:18.487,8.56723,8.56897,1.00,1.02
2016.09.28 12:31:18.662,8.56716,8.56897,1.00,1.02
2016.09.28 12:31:18.715,8.56684,8.56866,1.00,1.02
2016.09.28 12:31:18.766,8.56684,8.56866,1.00,1.02
2016.09.28 12:31:18.873,8.56703,8.56866,1.00,1.02
2016.09.28 12:31:18.975,8.56683,8.56866,1.00,1.02
2016.09.28 12:31:19.026,8.56683,8.56866,1.00,1.00
2016.09.28 12:31:19.166,8.56675,8.56866,1.00,1.00
2016.09.28 12:31:19.217,8.56666,8.56836,1.00,1.00
2016.09.28 12:31:19.319,8.56653,8.56826,1.00,1.00
2016.09.28 12:31:19.370,8.56651,8.56826,1.00,1.00
2016.09.28 12:31:19.523,8.56651,8.56826,1.00,1.02
2016.09.28 12:31:19.983,8.56651,8.56826,1.00,1.02
2016.09.28 12:31:20.207,8.56646,8.56821,1.00,1.02
2016.09.28 12:31:20.360,8.56646,8.56821,1.00,1.02
2016.09.28 12:31:20.412,8.56626,8.56786,1.00,1.02
2016.09.28 12:31:20.464,8.56626,8.56786,1.00,1.02
2016.09.28 12:31:20.515,8.56623,8.56765,1.00,1.02
2016.09.28 12:31:20.853,8.56603,8.56765,1.00,1.02
2016.09.28 12:31:21.146,8.56623,8.56765,1.00,1.02
2016.09.28 12:31:21.280,8.56603,8.56765,1.00,1.02
2016.09.28 12:31:21.381,8.56603,8.56772,1.00,1.02
2016.09.28 12:31:21.496,8.56603,8.56778,1.00,1.02
2016.09.28 12:31:21.605,8.56599,8.56772,1.00,1.02
2016.09.28 12:31:21.655,8.56603,8.56772,1.00,1.02
2016.09.28 12:31:22.054,8.56613,8.56772,1.00,1.02
2016.09.28 12:31:22.105,8.56613,8.56782,1.00,1.02
2016.09.28 12:31:22.157,8.56609,8.56782,1.00,1.02
2016.09.28 12:31:22.207,8.56594,8.56769,1.00,1.02
2016.09.28 12:31:22.258,8.56594,8.56769,1.00,1.02
2016.09.28 12:31:22.309,8.56593,8.56782,1.00,1.02
2016.09.28 12:31:22.360,8.56603,8.56782,1.00,1.02
2016.09.28 12:31:22.411,8.56606,8.56782,1.00,1.02
2016.09.28 12:31:22.462,8.56606,8.56782,1.00,1.02
2016.09.28 12:31:22.625,8.56623,8.56831,1.00,1.40
2016.09.28 12:31:22.727,8.56641,8.56816,1.00,1.40
2016.09.28 12:31:23.082,8.56645,8.56839,1.00,1.40
2016.09.28 12:31:23.210,8.56636,8.56811,1.00,1.02
2016.09.28 12:31:23.413,8.56636,8.56811,1.00,1.37
2016.09.28 12:31:23.464,8.56636,8.56811,1.00,1.75
2016.09.28 12:31:23.515,8.56646,8.56821,1.00,1.75
2016.09.28 12:31:24.155,8.56646,8.56821,1.00,1.37
2016.09.28 12:31:24.384,8.56644,8.56836,1.00,1.12
2016.09.28 12:31:25.028,8.56621,8.56796,1.00,1.37
2016.09.28 12:31:25.255,8.56612,8.56787,1.00,1.37
2016.09.28 12:31:25.308,8.56607,8.568,1.00,1.75
2016.09.28 12:31:25.410,8.56608,8.56783,1.00,1.37
2016.09.28 12:31:25.862,8.56613,8.56783,1.00,1.37
2016.09.28 12:31:26.045,8.5663,8.56783,1.00,1.37
2016.09.28 12:31:26.096,8.5663,8.56801,1.00,1.37
2016.09.28 12:31:26.147,8.5663,8.56801,1.00,1.00
2016.09.28 12:31:26.198,8.5663,8.56794,1.00,1.00
2016.09.28 12:31:26.425,8.5663,8.56794,1.00,1.00
2016.09.28 12:31:26.553,8.56605,8.56765,1.00,1.00
2016.09.28 12:31:26.667,8.56605,8.56765,1.00,1.00
2016.09.28 12:31:26.718,8.56605,8.56779,1.00,1.00
2016.09.28 12:31:27.044,8.56636,8.56809,1.00,1.37
2016.09.28 12:31:27.197,8.56647,8.5682,1.00,1.37
2016.09.28 12:31:27.929,8.56642,8.56817,1.00,1.37
2016.09.28 12:31:28.031,8.56636,8.56806,1.00,1.37
2016.09.28 12:31:28.332,8.56636,8.56794,1.00,1.37
2016.09.28 12:31:28.562,8.56617,8.56788,1.00,1.37
2016.09.28 12:31:28.700,8.56613,8.56788,1.00,1.37
2016.09.28 12:31:29.296,8.56608,8.56783,1.00,1.37
2016.09.28 12:31:29.719,8.56605,8.56776,1.00,1.37
2016.09.28 12:31:29.997,8.56612,8.56787,1.00,1.37
2016.09.28 12:31:30.419,8.56607,8.56782,1.00,1.37
2016.09.28 12:31:31.127,8.56623,8.56798,1.00,1.37
2016.09.28 12:31:31.245,8.56643,8.56806,1.00,1.75
2016.09.28 12:31:31.299,8.56643,8.56806,1.00,1.37
2016.09.28 12:31:31.401,8.56643,8.56812,1.00,1.37
2016.09.28 12:31:31.897,8.56608,8.56783,1.00,1.37
2016.09.28 12:31:31.958,8.56598,8.56757,1.00,1.37
2016.09.28 12:31:32.710,8.56598,8.56752,1.00,1.37
2016.09.28 12:31:33.853,8.56598,8.56748,1.00,1.37
2016.09.28 12:31:34.128,8.56598,8.5675,1.00,1.37
2016.09.28 12:31:34.707,8.56598,8.56772,1.00,1.50
2016.09.28 12:31:34.758,8.56598,8.56772,1.00,1.50
2016.09.28 12:31:34.809,8.56598,8.56769,1.00,1.37
2016.09.28 12:31:35.081,8.56598,8.56769,1.00,1.50
2016.09.28 12:31:35.743,8.56601,8.56776,1.00,1.75
2016.09.28 12:31:35.794,8.56601,8.5677,1.00,1.12
2016.09.28 12:31:35.845,8.56601,8.56776,1.00,1.75
2016.09.28 12:31:35.946,8.56613,8.56788,1.00,1.75
2016.09.28 12:31:35.997,8.56613,8.56788,1.00,1.37
2016.09.28 12:31:36.048,8.56613,8.56788,1.00,1.37
2016.09.28 12:31:36.511,8.5662,8.56795,1.00,1.37
2016.09.28 12:31:36.879,8.5662,8.56795,1.00,1.75
2016.09.28 12:31:37.039,8.5662,8.56764,1.00,1.37
2016.09.28 12:31:37.415,8.56612,8.56764,1.00,1.37
2016.09.28 12:31:38.060,8.56598,8.56764,1.00,1.87
2016.09.28 12:31:38.162,8.56598,8.5673,1.00,1.37
2016.09.28 12:31:38.213,8.56552,8.5673,1.00,1.37
2016.09.28 12:31:38.264,8.56545,8.56711,1.00,1.37
2016.09.28 12:31:38.417,8.56545,8.56727,1.00,1.37
2016.09.28 12:31:38.472,8.56545,8.56722,1.00,1.37
2016.09.28 12:31:38.523,8.56545,8.56738,1.00,1.75
2016.09.28 12:31:38.737,8.56545,8.56713,1.00,1.37
2016.09.28 12:31:39.045,8.56545,8.56723,1.00,1.37
2016.09.28 12:31:39.249,8.56545,8.56735,1.00,1.75
2016.09.28 12:31:39.355,8.56545,8.56737,1.00,1.12
2016.09.28 12:31:39.457,8.56555,8.56734,1.00,1.12
2016.09.28 12:31:39.522,8.56558,8.56734,1.00,1.12
2016.09.28 12:31:39.890,8.56558,8.56734,1.00,1.12
2016.09.28 12:31:39.941,8.56558,8.56734,1.00,1.12
2016.09.28 12:31:40.056,8.56549,8.56731,1.00,1.37
2016.09.28 12:31:40.158,8.56549,8.56731,1.00,1.37
2016.09.28 12:31:40.476,8.56569,8.56732,1.00,1.37
2016.09.28 12:31:40.653,8.56595,8.56741,1.00,1.12
2016.09.28 12:31:41.140,8.56573,8.56741,1.00,1.12
2016.09.28 12:31:41.193,8.56573,8.56741,1.00,1.12
2016.09.28 12:31:41.244,8.56573,8.5674,1.50,1.12
2016.09.28 12:31:41.346,8.56573,8.5676,1.50,1.75
2016.09.28 12:31:41.397,8.56585,8.56769,1.00,1.75
2016.09.28 12:31:41.448,8.56585,8.56769,1.00,1.37
2016.09.28 12:31:41.627,8.56585,8.56773,1.00,1.37
2016.09.28 12:31:42.149,8.56585,8.56751,1.00,1.37
2016.09.28 12:31:42.200,8.56585,8.56751,1.00,1.37
2016.09.28 12:31:42.387,8.56563,8.56741,1.00,1.37
2016.09.28 12:31:42.704,8.56555,8.56741,1.00,1.37
2016.09.28 12:31:42.947,8.56555,8.56736,1.00,1.37
2016.09.28 12:31:43.031,8.56562,8.56754,1.00,1.37
2016.09.28 12:31:43.144,8.56569,8.56761,1.00,1.37
2016.09.28 12:31:43.203,8.56585,8.56761,1.00,1.37
2016.09.28 12:31:43.516,8.56555,8.56745,1.00,1.37
2016.09.28 12:31:43.935,8.56563,8.56755,1.00,1.37
2016.09.28 12:31:44.383,8.56571,8.56762,1.00,1.37
2016.09.28 12:31:44.479,8.56594,8.56762,1.00,1.37
2016.09.28 12:31:44.631,8.56594,8.56786,1.00,1.37
2016.09.28 12:31:45.187,8.56593,8.56779,1.00,1.37
2016.09.28 12:31:46.008,8.56602,8.56779,1.00,1.37
2016.09.28 12:31:46.059,8.56622,8.56814,1.00,1.00
2016.09.28 12:31:46.111,8.56622,8.56814,1.00,1.00
2016.09.28 12:31:46.456,8.56622,8.56792,1.00,1.00
2016.09.28 12:31:46.648,8.56622,8.5677,1.00,1.00
2016.09.28 12:31:46.699,8.56622,8.5677,1.00,1.00
2016.09.28 12:31:46.750,8.56622,8.56792,1.00,1.00
2016.09.28 12:31:46.801,8.56622,8.56792,1.00,1.00
2016.09.28 12:31:46.903,8.56622,8.56792,1.00,1.00
2016.09.28 12:31:47.005,8.56622,8.56789,1.00,1.00
2016.09.28 12:31:47.184,8.56622,8.56789,1.00,1.00
2016.09.28 12:31:47.488,8.56625,8.568,1.00,1.00
2016.09.28 12:31:47.539,8.56625,8.568,1.00,1.00
2016.09.28 12:31:47.756,8.56622,8.56779,1.00,1.00
2016.09.28 12:31:47.807,8.56622,8.56779,1.00,1.00
2016.09.28 12:31:48.175,8.56622,8.56787,1.00,1.00
2016.09.28 12:31:48.652,8.56622,8.5679,1.00,1.00
2016.09.28 12:31:48.876,8.56622,8.5679,1.00,1.00
2016.09.28 12:31:49.642,8.56622,8.5679,1.00,1.00
2016.09.28 12:31:49.692,8.56622,8.56795,1.50,1.00
2016.09.28 12:31:49.744,8.56622,8.56782,1.50,1.00
2016.09.28 12:31:49.795,8.56622,8.56782,1.00,1.00
2016.09.28 12:31:50.348,8.56622,8.56782,1.00,1.37
2016.09.28 12:31:50.499,8.56622,8.56778,1.00,1.37
2016.09.28 12:31:50.718,8.56622,8.56782,1.00,1.37
2016.09.28 12:31:51.456,8.56622,8.56778,1.00,1.37
2016.09.28 12:31:51.556,8.56622,8.5677,1.00,1.37
2016.09.28 12:31:51.691,8.56622,8.56772,1.00,1.37
2016.09.28 12:31:51.981,8.56622,8.56763,1.00,1.37
2016.09.28 12:31:52.032,8.56622,8.56763,1.00,1.37
2016.09.28 12:31:52.185,8.56588,8.56763,1.00,1.37
2016.09.28 12:31:52.388,8.56585,8.56745,1.00,1.00
2016.09.28 12:31:52.696,8.56596,8.56769,1.00,1.37
2016.09.28 12:31:52.766,8.56615,8.56769,1.00,1.37
2016.09.28 12:31:52.819,8.56615,8.56778,1.00,1.37
2016.09.28 12:31:53.189,8.56615,8.56778,1.00,1.37
2016.09.28 12:31:53.808,8.56615,8.56774,1.50,1.37
2016.09.28 12:31:54.686,8.56615,8.56772,1.00,1.37
2016.09.28 12:31:54.737,8.56615,8.56772,1.00,1.37
2016.09.28 12:31:55.142,8.56615,8.56767,1.00,1.37
2016.09.28 12:31:55.243,8.56615,8.56773,1.00,1.37
2016.09.28 12:31:55.447,8.56615,8.56773,1.00,1.37
2016.09.28 12:31:55.937,8.56617,8.56782,1.00,1.37
2016.09.28 12:31:56.089,8.56617,8.56782,1.00,1.00
2016.09.28 12:31:56.241,8.56617,8.56782,1.00,1.00
2016.09.28 12:31:56.343,8.56617,8.56782,1.00,1.00
2016.09.28 12:31:56.929,8.56615,8.56782,1.00,1.00
2016.09.28 12:31:56.980,8.56615,8.56782,1.00,1.00
2016.09.28 12:31:57.031,8.56615,8.5674,1.00,1.00
2016.09.28 12:31:57.133,8.56615,8.56721,1.00,1.00
2016.09.28 12:31:57.184,8.56595,8.56721,1.00,1.00
2016.09.28 12:31:57.318,8.56558,8.56701,1.00,1.00
2016.09.28 12:31:57.369,8.56558,8.56701,1.00,1.00
2016.09.28 12:31:57.420,8.56558,8.56691,1.00,1.00
2016.09.28 12:31:57.471,8.56538,8.56691,1.00,1.00
2016.09.28 12:31:57.522,8.56515,8.56691,1.00,1.00
2016.09.28 12:31:57.573,8.56503,8.56691,1.00,1.00
2016.09.28 12:31:57.624,8.56503,8.5667,1.00,1.00
2016.09.28 12:31:57.783,8.56503,8.56662,1.00,1.00
2016.09.28 12:31:57.937,8.56503,8.56662,1.00,1.00
2016.09.28 12:31:58.224,8.56473,8.56655,1.00,1.00
2016.09.28 12:31:58.275,8.56473,8.56655,1.00,1.00
2016.09.28 12:31:58.327,8.56478,8.56662,1.00,1.00
2016.09.28 12:31:58.610,8.56477,8.56662,1.00,1.00
2016.09.28 12:31:58.665,8.56477,8.56662,1.00,1.00
2016.09.28 12:31:58.974,8.56483,8.56658,1.00,1.00
2016.09.28 12:31:59.101,8.56483,8.56658,1.00,1.00
2016.09.28 12:31:59.152,8.56501,8.56676,1.00,1.00
2016.09.28 12:31:59.203,8.56501,8.56676,1.00,1.00
2016.09.28 12:31:59.254,8.56523,8.56679,1.00,1.00
2016.09.28 12:31:59.423,8.5652,8.5668,1.50,1.00
2016.09.28 12:32:00.221,8.56529,8.5668,1.00,1.00
2016.09.28 12:32:00.322,8.56541,8.567,1.00,1.00
2016.09.28 12:32:00.474,8.56542,8.567,1.00,1.00
2016.09.28 12:32:00.576,8.56551,8.567,1.00,1.00
2016.09.28 12:32:00.643,8.5657,8.56734,1.00,1.00
2016.09.28 12:32:00.694,8.56588,8.56734,1.00,1.00
2016.09.28 12:32:02.409,8.56588,8.56722,1.00,1.00
2016.09.28 12:32:02.511,8.56588,8.56696,1.00,1.00
2016.09.28 12:32:02.612,8.56568,8.56696,1.00,1.00
2016.09.28 12:32:02.714,8.56533,8.56696,1.00,1.00
2016.09.28 12:32:02.815,8.56533,8.56708,1.00,1.00
2016.09.28 12:32:02.958,8.56533,8.56708,1.00,1.00
2016.09.28 12:32:03.237,8.56533,8.56708,1.00,1.00
2016.09.28 12:32:03.594,8.56533,8.56706,1.00,1.00
2016.09.28 12:32:03.645,8.56533,8.56691,1.00,1.00
2016.09.28 12:32:03.697,8.56533,8.56691,1.00,1.00
2016.09.28 12:32:03.748,8.56533,8.56651,1.00,1.00
2016.09.28 12:32:03.850,8.56513,8.5667,1.00,1.00
2016.09.28 12:32:03.901,8.56491,8.5667,1.00,1.00
2016.09.28 12:32:04.003,8.56491,8.5667,1.00,1.00
2016.09.28 12:32:04.217,8.56491,8.5667,1.00,1.00
2016.09.28 12:32:04.328,8.56491,8.5667,1.00,1.00
2016.09.28 12:32:04.632,8.56488,8.5665,1.00,1.00
2016.09.28 12:32:04.926,8.56488,8.56639,1.00,1.00
2016.09.28 12:32:05.525,8.56488,8.56647,1.00,1.00
2016.09.28 12:32:05.577,8.56488,8.56657,1.00,1.00
2016.09.28 12:32:05.642,8.56488,8.56673,1.50,1.00
2016.09.28 12:32:05.744,8.56502,8.5668,1.00,1.00
2016.09.28 12:32:05.795,8.56502,8.5668,1.00,1.00
2016.09.28 12:32:05.846,8.56506,8.56683,1.00,1.00
2016.09.28 12:32:05.922,8.56506,8.56683,1.00,1.00
2016.09.28 12:32:06.024,8.56518,8.5668,1.00,1.00
2016.09.28 12:32:06.341,8.56518,8.56676,1.00,1.00
2016.09.28 12:32:06.442,8.56519,8.56698,1.00,1.00
2016.09.28 12:32:06.645,8.56519,8.56698,1.00,1.00
2016.09.28 12:32:06.806,8.56519,8.56698,1.00,1.00
2016.09.28 12:32:06.922,8.56519,8.56698,1.00,1.00
2016.09.28 12:32:07.223,8.56518,8.5669,1.00,1.00
2016.09.28 12:32:08.765,8.56518,8.56695,1.00,1.00
2016.09.28 12:32:10.048,8.56523,8.56699,1.00,1.00
2016.09.28 12:32:10.862,8.56518,8.56696,1.50,1.00
2016.09.28 12:32:12.050,8.56526,8.56703,1.00,1.00
2016.09.28 12:32:12.298,8.56546,8.56725,1.00,1.50
2016.09.28 12:32:12.349,8.56549,8.56725,1.00,1.00
2016.09.28 12:32:12.451,8.56549,8.56725,1.00,1.00
2016.09.28 12:32:12.768,8.56558,8.56737,1.00,1.50
2016.09.28 12:32:13.080,8.56558,8.56736,1.00,1.00
2016.09.28 12:32:13.397,8.56549,8.56713,1.00,1.00
2016.09.28 12:32:13.754,8.56549,8.56719,1.00,1.00
2016.09.28 12:32:14.456,8.56549,8.56711,1.50,1.00
2016.09.28 12:32:14.708,8.56555,8.56734,1.00,1.00
2016.09.28 12:32:14.762,8.56563,8.56741,1.00,1.00
2016.09.28 12:32:14.814,8.56563,8.56741,1.00,1.00
2016.09.28 12:32:14.916,8.56578,8.56756,1.00,1.00
2016.09.28 12:32:14.968,8.56603,8.56756,1.00,1.00
2016.09.28 12:32:15.019,8.56603,8.56777,1.00,1.00
2016.09.28 12:32:15.904,8.56598,8.56777,1.00,1.50
2016.09.28 12:32:16.140,8.56592,8.5677,1.00,1.00
2016.09.28 12:32:16.290,8.56587,8.56752,1.00,1.00
2016.09.28 12:32:17.082,8.56587,8.56745,1.00,1.00
2016.09.28 12:32:18.043,8.56587,8.5674,1.00,1.00
2016.09.28 12:32:18.150,8.56587,8.5674,1.00,1.00
2016.09.28 12:32:18.359,8.56587,8.5673,1.00,1.00
2016.09.28 12:32:19.156,8.56567,8.56708,1.00,1.00
2016.09.28 12:32:19.206,8.56557,8.56708,1.00,1.00
2016.09.28 12:32:19.308,8.56557,8.56708,1.00,1.00
2016.09.28 12:32:19.359,8.56557,8.56704,1.00,1.00
2016.09.28 12:32:20.173,8.56557,8.567,1.00,1.00
2016.09.28 12:32:20.378,8.56538,8.567,1.00,1.00
2016.09.28 12:32:20.480,8.56533,8.56695,1.00,1.00
2016.09.28 12:32:21.049,8.56531,8.56695,1.00,1.00
2016.09.28 12:32:21.150,8.56525,8.56689,1.00,1.00
2016.09.28 12:32:22.116,8.56525,8.56689,1.00,1.00
2016.09.28 12:32:22.167,8.56518,8.56664,1.00,1.00
2016.09.28 12:32:22.268,8.565,8.56664,1.00,1.00
2016.09.28 12:32:22.319,8.565,8.56664,1.00,1.00
2016.09.28 12:32:22.370,8.56489,8.56635,1.00,1.00
2016.09.28 12:32:22.546,8.56489,8.56635,1.00,1.00
2016.09.28 12:32:22.597,8.56489,8.56645,1.00,1.00
2016.09.28 12:32:22.859,8.56466,8.56629,1.00,1.00
2016.09.28 12:32:23.013,8.56466,8.56629,1.00,1.00
2016.09.28 12:32:24.107,8.56483,8.56647,1.00,1.00
2016.09.28 12:32:24.363,8.56488,8.56651,1.00,1.00
2016.09.28 12:32:25.382,8.56481,8.56645,1.00,1.00
2016.09.28 12:32:25.624,8.56481,8.56645,1.00,1.00
2016.09.28 12:32:25.699,8.56489,8.56653,1.00,1.00
2016.09.28 12:32:26.288,8.56507,8.56664,1.00,1.00
2016.09.28 12:32:26.391,8.56523,8.56686,1.00,1.00
2016.09.28 12:32:26.601,8.56523,8.56687,1.00,1.00
2016.09.28 12:32:26.984,8.56558,8.56695,1.00,1.00
2016.09.28 12:32:27.086,8.56558,8.56708,1.00,1.00
2016.09.28 12:32:27.137,8.56558,8.56721,1.00,1.00
2016.09.28 12:32:27.995,8.56561,8.56724,1.00,1.00
2016.09.28 12:32:28.174,8.56549,8.56713,1.00,1.00
2016.09.28 12:32:28.582,8.56542,8.56706,1.00,1.00
2016.09.28 12:32:28.845,8.56542,8.56706,1.00,1.00
2016.09.28 12:32:29.069,8.56532,8.56696,1.00,1.00
2016.09.28 12:32:29.129,8.56532,8.56696,1.00,1.00
2016.09.28 12:32:29.276,8.56535,8.56699,1.00,1.50
2016.09.28 12:32:29.969,8.56523,8.56687,1.00,1.00
2016.09.28 12:32:30.270,8.56519,8.56681,1.00,1.00
2016.09.28 12:32:30.486,8.56496,8.56657,1.00,1.00
2016.09.28 12:32:30.654,8.56496,8.56653,1.00,1.50
2016.09.28 12:32:30.718,8.56471,8.56649,1.00,1.00
2016.09.28 12:32:31.273,8.56458,8.5664,1.00,1.00
2016.09.28 12:32:31.375,8.56458,8.5664,1.00,1.00
2016.09.28 12:32:31.441,8.56458,8.56628,1.00,1.00
2016.09.28 12:32:31.788,8.56463,8.56628,1.00,1.00
2016.09.28 12:32:32.077,8.56464,8.56628,1.00,1.00
2016.09.28 12:32:32.744,8.56464,8.56627,1.00,1.60
2016.09.28 12:32:32.795,8.56446,8.56627,1.00,1.00
2016.09.28 12:32:32.896,8.56446,8.56628,1.00,1.75
2016.09.28 12:32:32.948,8.56442,8.56593,1.00,1.00
2016.09.28 12:32:32.999,8.56424,8.56593,1.00,1.00
2016.09.28 12:32:33.092,8.56429,8.56593,1.00,1.00
2016.09.28 12:32:33.195,8.56429,8.56593,1.00,1.00
2016.09.28 12:32:33.485,8.56423,8.56593,1.00,1.00
2016.09.28 12:32:34.083,8.56428,8.56593,1.00,1.00
2016.09.28 12:32:34.286,8.56395,8.56593,1.00,1.00
2016.09.28 12:32:34.627,8.56395,8.56593,1.00,1.00
2016.09.28 12:32:34.881,8.56388,8.56593,1.00,1.00
2016.09.28 12:32:35.269,8.56393,8.56593,1.00,1.00
2016.09.28 12:32:35.481,8.56412,8.56593,1.50,1.00
2016.09.28 12:32:35.532,8.56426,8.56612,1.00,1.00
2016.09.28 12:32:35.834,8.56426,8.56612,1.00,1.00
2016.09.28 12:32:36.294,8.56429,8.56612,1.00,1.00
2016.09.28 12:32:36.388,8.56453,8.56612,1.00,1.00
2016.09.28 12:32:36.440,8.56456,8.56633,1.00,1.00
2016.09.28 12:32:36.594,8.56466,8.56635,1.00,1.00
2016.09.28 12:32:36.936,8.56466,8.56635,1.00,1.00
2016.09.28 12:32:37.120,8.56466,8.56635,1.00,1.00
2016.09.28 12:32:37.236,8.56466,8.56635,1.00,1.00
2016.09.28 12:32:37.293,8.56466,8.56635,1.00,1.00
2016.09.28 12:32:37.741,8.56472,8.56635,1.00,1.00
2016.09.28 12:32:38.323,8.56472,8.56635,1.00,1.00
2016.09.28 12:32:38.429,8.56466,8.56624,1.00,1.00
2016.09.28 12:32:38.531,8.56439,8.56618,1.00,1.00
2016.09.28 12:32:38.667,8.56439,8.56618,1.00,1.00
2016.09.28 12:32:39.306,8.56439,8.56618,1.00,1.00
2016.09.28 12:32:39.407,8.56433,8.56611,1.00,1.00
2016.09.28 12:32:40.728,8.56433,8.56611,1.00,1.00
2016.09.28 12:32:40.843,8.56428,8.56585,1.00,1.00
2016.09.28 12:32:40.898,8.56428,8.56585,1.00,1.00
2016.09.28 12:32:40.949,8.56406,8.56585,1.00,1.00
2016.09.28 12:32:41.101,8.564,8.56591,1.00,1.00
2016.09.28 12:32:41.398,8.56406,8.56591,1.00,1.00
2016.09.28 12:32:41.449,8.56406,8.56591,1.00,1.00
2016.09.28 12:32:41.587,8.56408,8.56591,1.00,1.00
2016.09.28 12:32:41.638,8.56405,8.56591,1.00,1.00
2016.09.28 12:32:41.740,8.56404,8.56591,1.00,1.00
2016.09.28 12:32:42.426,8.56405,8.56591,1.00,1.00
2016.09.28 12:32:42.599,8.56431,8.56591,1.00,1.00
2016.09.28 12:32:42.700,8.56431,8.56604,1.00,1.00
2016.09.28 12:32:42.751,8.56431,8.56604,1.00,1.00
2016.09.28 12:32:42.852,8.5645,8.56641,1.00,1.00
2016.09.28 12:32:42.903,8.56443,8.56638,1.00,1.00
2016.09.28 12:32:42.954,8.56443,8.56638,1.00,1.00
2016.09.28 12:32:43.381,8.56443,8.56638,1.00,1.00
2016.09.28 12:32:43.794,8.56443,8.56633,1.00,1.00
2016.09.28 12:32:44.425,8.56443,8.56621,1.00,1.00
2016.09.28 12:32:44.673,8.56443,8.56621,1.00,1.00
2016.09.28 12:32:44.724,8.56443,8.56596,1.00,1.00
2016.09.28 12:32:44.826,8.56443,8.56588,1.00,1.00
2016.09.28 12:32:44.922,8.56423,8.56588,1.00,1.00
2016.09.28 12:32:44.973,8.56413,8.56588,1.00,1.00
2016.09.28 12:32:45.734,8.56405,8.5658,1.00,1.00
2016.09.28 12:32:45.828,8.56405,8.5658,1.00,1.00
2016.09.28 12:32:45.929,8.56384,8.56549,1.00,1.00
2016.09.28 12:32:46.057,8.56375,8.56549,1.00,1.00
2016.09.28 12:32:46.109,8.56375,8.56549,1.00,1.00
2016.09.28 12:32:46.160,8.56375,8.56549,1.00,1.00
2016.09.28 12:32:46.224,8.56375,8.56549,1.00,1.50
2016.09.28 12:32:46.377,8.56375,8.56537,1.00,1.00
2016.09.28 12:32:46.428,8.56363,8.56537,1.00,1.00
2016.09.28 12:32:46.530,8.56348,8.56518,1.00,1.00
2016.09.28 12:32:46.615,8.56362,8.56518,1.00,1.00
2016.09.28 12:32:46.670,8.56362,8.56537,1.00,1.50
2016.09.28 12:32:46.721,8.56345,8.5652,1.00,1.00
2016.09.28 12:32:46.988,8.56345,8.5652,1.00,1.00
2016.09.28 12:32:47.039,8.56345,8.56518,1.00,1.00
2016.09.28 12:32:47.508,8.5634,8.56515,1.00,1.00
2016.09.28 12:32:47.661,8.56329,8.56518,1.00,1.00
2016.09.28 12:32:47.811,8.56323,8.56514,1.00,1.00
2016.09.28 12:32:48.314,8.56329,8.56518,1.00,1.00
2016.09.28 12:32:48.516,8.56322,8.56515,1.00,1.00
2016.09.28 12:32:49.220,8.56329,8.56518,1.00,1.00
2016.09.28 12:32:50.241,8.56329,8.56518,1.00,1.00
2016.09.28 12:32:50.345,8.56349,8.56518,1.00,1.00
2016.09.28 12:32:50.548,8.56349,8.56518,1.00,1.00
2016.09.28 12:32:50.599,8.56349,8.56518,1.00,1.00
2016.09.28 12:32:50.650,8.56351,8.56539,1.00,1.00
2016.09.28 12:32:50.801,8.56351,8.56539,1.00,1.00
2016.09.28 12:32:50.852,8.564,8.56558,1.00,1.60
2016.09.28 12:32:50.954,8.56395,8.56558,1.00,1.60
2016.09.28 12:32:51.058,8.56395,8.56558,1.00,1.00
2016.09.28 12:32:51.868,8.56365,8.56539,1.00,1.00
2016.09.28 12:32:51.969,8.56365,8.56531,1.00,1.00
2016.09.28 12:32:52.138,8.56379,8.56535,1.00,1.00
2016.09.28 12:32:53.156,8.56378,8.56535,1.00,1.00
2016.09.28 12:32:53.983,8.56351,8.56535,1.75,1.00
2016.09.28 12:32:54.720,8.56351,8.56535,1.37,1.00
2016.09.28 12:32:55.226,8.56354,8.56535,1.37,1.00
2016.09.28 12:32:55.277,8.56369,8.56535,1.00,1.00
2016.09.28 12:32:55.403,8.56358,8.56553,1.12,1.00
2016.09.28 12:32:56.549,8.56364,8.56557,1.00,1.00
2016.09.28 12:32:56.651,8.56368,8.56557,1.00,1.00
2016.09.28 12:32:57.851,8.56351,8.56541,1.50,1.00
2016.09.28 12:32:58.055,8.56368,8.56557,1.00,1.00
2016.09.28 12:32:58.776,8.56362,8.56557,1.00,1.00
2016.09.28 12:32:58.960,8.56375,8.56557,1.00,1.00
2016.09.28 12:32:59.060,8.56369,8.56557,1.00,1.50
2016.09.28 12:32:59.350,8.56369,8.56534,1.00,1.00
2016.09.28 12:32:59.452,8.56369,8.56532,1.00,1.00
2016.09.28 12:32:59.757,8.56386,8.56532,1.00,1.00
2016.09.28 12:33:00.288,8.56383,8.56534,1.00,1.00
2016.09.28 12:33:00.390,8.56409,8.56534,1.00,1.00
2016.09.28 12:33:00.441,8.56409,8.56564,1.00,1.00
2016.09.28 12:33:00.492,8.56431,8.56572,1.00,1.00
2016.09.28 12:33:00.708,8.56458,8.56596,1.00,1.00
2016.09.28 12:33:00.809,8.56458,8.56596,1.00,1.00
2016.09.28 12:33:00.962,8.56458,8.56609,1.00,1.50
2016.09.28 12:33:01.404,8.56467,8.56609,1.00,1.50
2016.09.28 12:33:01.569,8.56472,8.56609,1.00,1.00
2016.09.28 12:33:01.620,8.56472,8.56617,1.00,1.00
2016.09.28 12:33:01.917,8.56478,8.56617,1.00,1.00
2016.09.28 12:33:01.968,8.56478,8.56626,1.00,1.00
2016.09.28 12:33:02.019,8.56498,8.56626,1.00,1.00
2016.09.28 12:33:02.173,8.56498,8.56644,1.00,1.00
2016.09.28 12:33:02.643,8.56498,8.56632,1.00,1.00
2016.09.28 12:33:02.693,8.56486,8.56632,1.00,1.00
2016.09.28 12:33:02.795,8.56477,8.56632,1.00,1.00
2016.09.28 12:33:02.846,8.56477,8.56615,1.00,1.00
2016.09.28 12:33:03.237,8.56477,8.56624,1.00,1.00
2016.09.28 12:33:03.287,8.56492,8.56624,1.00,1.00
2016.09.28 12:33:03.389,8.56502,8.56624,1.00,1.00
2016.09.28 12:33:03.541,8.56502,8.56642,1.00,1.00
2016.09.28 12:33:04.395,8.56503,8.56642,1.00,1.00
2016.09.28 12:33:04.488,8.56498,8.56642,1.00,1.00
2016.09.28 12:33:04.850,8.56498,8.56636,1.00,1.00
2016.09.28 12:33:05.386,8.56495,8.56636,1.00,1.00
2016.09.28 12:33:05.488,8.56469,8.56628,1.00,1.00
2016.09.28 12:33:05.590,8.5646,8.56604,1.00,1.00
2016.09.28 12:33:05.919,8.56463,8.56604,1.00,1.00
2016.09.28 12:33:06.021,8.56442,8.56594,1.75,1.00
2016.09.28 12:33:06.173,8.56442,8.56594,1.00,1.00
2016.09.28 12:33:06.520,8.56425,8.56571,1.37,1.00
2016.09.28 12:33:06.622,8.56435,8.56571,1.00,1.00
2016.09.28 12:33:07.638,8.56436,8.56571,1.00,1.00
2016.09.28 12:33:08.008,8.5643,8.56571,1.00,1.00
2016.09.28 12:33:08.997,8.56433,8.56571,1.00,1.00
2016.09.28 12:33:11.007,8.5643,8.56571,1.00,1.00
2016.09.28 12:33:12.846,8.56435,8.56571,1.00,1.00
2016.09.28 12:33:13.138,8.56461,8.56603,1.00,1.00
2016.09.28 12:33:13.239,8.5647,8.56603,1.00,1.00
2016.09.28 12:33:13.290,8.5647,8.56603,1.00,1.00
2016.09.28 12:33:13.806,8.5647,8.56605,1.00,1.00
2016.09.28 12:33:14.263,8.56473,8.56605,1.00,1.00
2016.09.28 12:33:14.314,8.56473,8.56605,1.00,1.00
2016.09.28 12:33:15.156,8.56482,8.56605,1.00,1.00
2016.09.28 12:33:15.207,8.56482,8.5662,1.00,1.00
2016.09.28 12:33:15.258,8.56493,8.5662,1.00,1.00
2016.09.28 12:33:15.492,8.56493,8.56636,1.00,1.00
2016.09.28 12:33:15.542,8.56493,8.56636,1.00,1.00
2016.09.28 12:33:16.073,8.56502,8.56636,1.00,1.00
2016.09.28 12:33:16.370,8.56499,8.56649,1.00,1.00
2016.09.28 12:33:16.528,8.56499,8.56631,1.00,1.00
2016.09.28 12:33:16.653,8.56485,8.56631,1.00,1.00
2016.09.28 12:33:16.977,8.56504,8.56618,1.00,1.00
2016.09.28 12:33:17.028,8.56504,8.56652,1.00,1.00
2016.09.28 12:33:17.220,8.56504,8.56652,1.00,1.00
2016.09.28 12:33:17.374,8.56499,8.56652,1.00,1.00
2016.09.28 12:33:17.425,8.56499,8.56652,1.00,1.00
2016.09.28 12:33:17.527,8.56499,8.5665,1.00,1.00
2016.09.28 12:33:18.133,8.56498,8.5665,1.00,1.00
2016.09.28 12:33:18.663,8.56505,8.5665,1.00,1.00
2016.09.28 12:33:18.866,8.56505,8.56652,1.00,1.00
2016.09.28 12:33:18.986,8.5651,8.56652,1.00,1.00
2016.09.28 12:33:19.390,8.56512,8.56652,1.00,1.00
2016.09.28 12:33:19.835,8.56512,8.56656,1.00,1.00
2016.09.28 12:33:20.164,8.56505,8.56656,1.00,1.00
2016.09.28 12:33:20.267,8.56512,8.56656,1.00,1.00
2016.09.28 12:33:20.571,8.56522,8.5667,1.00,1.00
2016.09.28 12:33:20.672,8.56529,8.5667,1.00,1.00
2016.09.28 12:33:21.158,8.56495,8.5665,1.37,1.00
2016.09.28 12:33:21.260,8.56508,8.5665,1.00,1.00
2016.09.28 12:33:21.311,8.56508,8.5665,1.37,1.00
2016.09.28 12:33:21.456,8.5652,8.5665,1.00,1.00
2016.09.28 12:33:21.507,8.5652,8.56663,1.00,1.00
2016.09.28 12:33:21.783,8.5652,8.56671,1.00,1.00
2016.09.28 12:33:22.485,8.56524,8.56671,1.00,1.00
2016.09.28 12:33:22.536,8.56524,8.56671,1.00,1.00
2016.09.28 12:33:23.166,8.56524,8.56671,1.00,1.00
2016.09.28 12:33:23.217,8.56524,8.56671,1.00,1.00
2016.09.28 12:33:23.374,8.56524,8.56665,1.00,1.00
2016.09.28 12:33:23.665,8.56555,8.56691,1.00,1.00
2016.09.28 12:33:23.830,8.56555,8.56698,1.00,1.00
2016.09.28 12:33:24.088,8.56542,8.56698,1.00,1.00
2016.09.28 12:33:24.590,8.5655,8.56698,1.00,1.00
2016.09.28 12:33:24.692,8.56559,8.56709,1.00,1.00
2016.09.28 12:33:24.793,8.56568,8.56709,1.00,1.00
2016.09.28 12:33:25.949,8.56565,8.56709,1.00,1.00
2016.09.28 12:33:27.180,8.56573,8.5672,1.00,1.00
2016.09.28 12:33:27.281,8.56565,8.5672,1.00,1.00
2016.09.28 12:33:27.472,8.56594,8.56727,1.00,1.00
2016.09.28 12:33:28.467,8.56599,8.56727,1.00,1.00
2016.09.28 12:33:28.591,8.56593,8.56727,1.00,1.00
2016.09.28 12:33:28.692,8.56626,8.56727,1.00,1.00
2016.09.28 12:33:28.920,8.56626,8.56747,1.00,1.00
2016.09.28 12:33:28.971,8.56636,8.56775,1.00,1.00
2016.09.28 12:33:29.199,8.56636,8.56775,1.00,1.00
2016.09.28 12:33:29.814,8.56637,8.56775,1.00,1.00
2016.09.28 12:33:30.914,8.56644,8.56775,1.00,1.00
2016.09.28 12:33:31.215,8.56648,8.56775,1.00,1.00
2016.09.28 12:33:31.405,8.56666,8.56775,1.00,1.00
2016.09.28 12:33:31.507,8.56666,8.56787,1.00,1.00
2016.09.28 12:33:31.742,8.56675,8.56787,1.00,1.00
2016.09.28 12:33:31.796,8.56686,8.56806,1.00,1.00
2016.09.28 12:33:31.867,8.56686,8.56806,1.00,1.00
2016.09.28 12:33:31.969,8.56712,8.56806,1.00,1.00
2016.09.28 12:33:32.020,8.56766,8.56806,1.00,1.00
2016.09.28 12:33:32.122,8.56766,8.56889,1.00,1.00
2016.09.28 12:33:32.203,8.56766,8.56896,1.00,1.00
2016.09.28 12:33:32.255,8.56766,8.56897,1.00,1.00
2016.09.28 12:33:32.523,8.56766,8.56938,1.00,1.00
2016.09.28 12:33:32.627,8.56785,8.56947,1.00,1.00
2016.09.28 12:33:32.805,8.56785,8.56947,1.00,1.50
2016.09.28 12:33:33.076,8.56776,8.56947,1.00,1.50
2016.09.28 12:33:33.178,8.56784,8.56947,1.00,1.50
2016.09.28 12:33:33.296,8.56776,8.56937,1.00,1.00
2016.09.28 12:33:33.823,8.56762,8.56929,1.00,1.00
2016.09.28 12:33:33.969,8.56762,8.56929,1.00,1.00
2016.09.28 12:33:34.020,8.56762,8.56909,1.00,1.00
2016.09.28 12:33:34.175,8.56762,8.56927,1.00,1.00
2016.09.28 12:33:34.779,8.56757,8.56927,1.00,1.00
2016.09.28 12:33:35.104,8.56757,8.56927,1.00,1.00
2016.09.28 12:33:35.205,8.56772,8.56924,1.00,1.00
2016.09.28 12:33:35.537,8.56781,8.56939,1.00,1.00
2016.09.28 12:33:36.229,8.56784,8.56939,1.00,1.00
2016.09.28 12:33:36.574,8.56784,8.56927,1.00,1.00
2016.09.28 12:33:36.980,8.56789,8.56927,1.00,1.00
2016.09.28 12:33:37.596,8.56783,8.56927,1.00,1.00
2016.09.28 12:33:37.786,8.56783,8.5694,1.00,1.00
2016.09.28 12:33:37.904,8.56774,8.5694,1.00,1.00
2016.09.28 12:33:37.955,8.56774,8.56954,1.00,1.00
2016.09.28 12:33:38.006,8.56788,8.56958,1.00,1.00
2016.09.28 12:33:38.158,8.56788,8.56963,1.00,1.00
2016.09.28 12:33:38.210,8.56788,8.56963,1.00,1.00
2016.09.28 12:33:38.313,8.56788,8.56963,1.00,1.00
2016.09.28 12:33:38.453,8.56817,8.56992,1.00,1.00
2016.09.28 12:33:39.111,8.56813,8.56992,1.00,1.00
2016.09.28 12:33:39.194,8.56813,8.56992,1.00,1.00
2016.09.28 12:33:39.246,8.56813,8.56992,1.00,1.00
2016.09.28 12:33:39.297,8.56799,8.56987,1.12,1.00
2016.09.28 12:33:39.398,8.56799,8.56976,1.12,1.00
2016.09.28 12:33:39.653,8.56799,8.56976,1.37,1.00
2016.09.28 12:33:39.704,8.56796,8.56975,1.37,1.00
2016.09.28 12:33:39.806,8.56809,8.56988,1.37,1.00
2016.09.28 12:33:39.857,8.56809,8.56988,1.00,1.00
2016.09.28 12:33:40.439,8.56813,8.56992,1.00,1.00
2016.09.28 12:33:40.674,8.5683,8.56996,1.60,1.00
2016.09.28 12:33:40.811,8.5688,8.57012,1.00,1.00
2016.09.28 12:33:40.863,8.5688,8.57047,1.00,1.00
2016.09.28 12:33:40.971,8.5688,8.57047,1.00,1.00
2016.09.28 12:33:41.390,8.5688,8.57047,1.00,1.00
2016.09.28 12:33:41.440,8.56891,8.57047,1.00,1.00
2016.09.28 12:33:41.714,8.56882,8.57047,1.00,1.00
2016.09.28 12:33:41.816,8.56852,8.57031,1.37,1.00
2016.09.28 12:33:41.867,8.56852,8.57031,1.37,1.00
2016.09.28 12:33:41.971,8.56852,8.57031,1.37,1.00
2016.09.28 12:33:42.022,8.56816,8.56995,1.75,1.00
2016.09.28 12:33:42.074,8.56816,8.56995,1.00,1.00
2016.09.28 12:33:42.125,8.56793,8.56972,1.75,1.00
2016.09.28 12:33:42.227,8.56797,8.56974,1.37,1.00
2016.09.28 12:33:42.278,8.56797,8.56974,1.37,1.00
2016.09.28 12:33:42.380,8.56797,8.56974,1.37,1.00
2016.09.28 12:33:42.472,8.56797,8.56974,1.37,1.00
2016.09.28 12:33:42.574,8.56797,8.56974,1.37,1.00
2016.09.28 12:33:43.065,8.56808,8.56979,1.37,1.00
2016.09.28 12:33:43.708,8.56796,8.56975,1.37,1.00
2016.09.28 12:33:43.900,8.56799,8.56979,1.37,1.00
2016.09.28 12:33:44.002,8.56791,8.56979,1.37,1.00
2016.09.28 12:33:44.103,8.5678,8.56973,1.50,1.00
2016.09.28 12:33:44.154,8.5678,8.56948,1.50,1.00
2016.09.28 12:33:44.205,8.56781,8.56948,1.37,1.00
2016.09.28 12:33:44.307,8.56781,8.56979,1.37,1.00
2016.09.28 12:33:44.358,8.56781,8.56979,1.37,1.00
2016.09.28 12:33:44.409,8.56802,8.56979,1.00,1.00
2016.09.28 12:33:44.755,8.56802,8.56968,1.00,1.00
2016.09.28 12:33:44.805,8.5679,8.56968,1.37,1.00
2016.09.28 12:33:44.856,8.5679,8.56968,1.37,1.00
2016.09.28 12:33:44.907,8.5679,8.56979,1.37,1.00
2016.09.28 12:33:44.958,8.5679,8.56979,1.00,1.00
2016.09.28 12:33:45.109,8.56776,8.56979,1.12,1.00
2016.09.28 12:33:45.160,8.56776,8.56979,1.12,1.50
2016.09.28 12:33:45.211,8.56772,8.56972,1.37,1.00
2016.09.28 12:33:45.314,8.56794,8.56979,1.00,1.50
2016.09.28 12:33:45.467,8.56795,8.56979,1.00,1.00
2016.09.28 12:33:46.358,8.56795,8.56979,1.50,1.00
2016.09.28 12:33:46.635,8.56799,8.56979,1.37,1.00
2016.09.28 12:33:46.899,8.56799,8.56979,1.37,1.00
2016.09.28 12:33:47.008,8.56794,8.56979,1.75,1.00
2016.09.28 12:33:47.236,8.56809,8.56979,1.37,1.00
2016.09.28 12:33:47.414,8.56804,8.56979,1.37,1.00
2016.09.28 12:33:47.465,8.56804,8.56979,1.75,1.00
2016.09.28 12:33:47.615,8.56804,8.56979,1.75,1.00
2016.09.28 12:33:48.453,8.56806,8.56979,1.75,1.00
2016.09.28 12:33:49.193,8.56806,8.56979,1.75,1.00
2016.09.28 12:33:49.312,8.568,8.56979,1.75,1.00
2016.09.28 12:33:49.490,8.568,8.56979,1.75,1.00
2016.09.28 12:33:49.822,8.56805,8.56979,1.75,1.00
2016.09.28 12:33:50.858,8.56828,8.56979,1.00,1.00
2016.09.28 12:33:50.932,8.56843,8.57014,1.00,1.00
2016.09.28 12:33:51.114,8.56843,8.57014,1.00,1.00
2016.09.28 12:33:51.164,8.56869,8.57014,1.12,1.00
2016.09.28 12:33:51.268,8.56869,8.57053,1.12,1.00
2016.09.28 12:33:51.320,8.56853,8.57046,1.75,1.00
2016.09.28 12:33:51.422,8.56853,8.57042,1.75,1.00
2016.09.28 12:33:51.621,8.56853,8.57042,1.75,1.00
2016.09.28 12:33:51.725,8.56846,8.57035,1.75,1.00
2016.09.28 12:33:52.123,8.56845,8.57021,1.75,1.00
2016.09.28 12:33:52.437,8.56845,8.57021,1.37,1.00
2016.09.28 12:33:52.673,8.56842,8.57021,1.37,1.00
2016.09.28 12:33:54.404,8.56842,8.57021,1.37,1.00
2016.09.28 12:33:55.178,8.56845,8.57021,1.37,1.00
2016.09.28 12:33:55.280,8.56864,8.57021,1.00,1.00
2016.09.28 12:33:55.381,8.56875,8.57049,1.00,1.00
2016.09.28 12:33:55.524,8.56875,8.57052,1.00,1.00
2016.09.28 12:33:55.575,8.56875,8.57052,1.37,1.00
2016.09.28 12:33:56.110,8.56875,8.57052,1.37,1.00
2016.09.28 12:33:56.268,8.5688,8.57052,1.37,1.00
2016.09.28 12:33:56.550,8.5691,8.57052,1.00,1.00
2016.09.28 12:33:56.727,8.5691,8.57082,1.00,1.00
2016.09.28 12:33:56.778,8.56925,8.57082,1.00,1.00
2016.09.28 12:33:56.982,8.5693,8.57115,1.00,1.00
2016.09.28 12:33:57.206,8.56909,8.57098,1.37,1.00
2016.09.28 12:33:57.261,8.56909,8.57098,1.37,1.00
2016.09.28 12:33:57.363,8.56909,8.57098,1.37,1.00
2016.09.28 12:33:57.464,8.56909,8.57098,1.37,1.00
2016.09.28 12:33:57.617,8.56909,8.57098,1.37,1.00
2016.09.28 12:33:57.668,8.56948,8.57107,1.00,1.00
2016.09.28 12:33:57.719,8.56948,8.57107,1.00,1.00
2016.09.28 12:33:57.963,8.5696,8.57143,1.00,1.00
2016.09.28 12:33:58.379,8.56939,8.5713,1.00,1.00
2016.09.28 12:33:58.552,8.56946,8.57133,1.00,1.00
2016.09.28 12:33:59.022,8.56958,8.57141,1.00,1.00
2016.09.28 12:33:59.073,8.56958,8.57143,1.00,1.00
2016.09.28 12:33:59.236,8.56958,8.57143,1.00,1.00
2016.09.28 12:33:59.338,8.56958,8.57143,1.00,1.00
2016.09.28 12:33:59.389,8.56948,8.57138,1.00,1.00
2016.09.28 12:33:59.646,8.56948,8.57138,1.00,1.00
2016.09.28 12:33:59.697,8.56951,8.57141,1.00,1.00
2016.09.28 12:33:59.972,8.56936,8.57122,1.00,1.00
2016.09.28 12:34:00.074,8.56936,8.57122,1.00,1.00
2016.09.28 12:34:00.233,8.56933,8.57106,1.00,1.00
2016.09.28 12:34:00.284,8.56944,8.57106,1.00,1.00
2016.09.28 12:34:00.386,8.56944,8.57132,1.00,1.00
2016.09.28 12:34:00.436,8.56944,8.57132,1.00,1.00
2016.09.28 12:34:00.538,8.56944,8.57132,1.00,1.00
2016.09.28 12:34:00.589,8.5696,8.57144,1.37,1.00
2016.09.28 12:34:00.728,8.56988,8.57144,1.00,1.00
2016.09.28 12:34:00.984,8.56997,8.57177,1.00,1.00
2016.09.28 12:34:01.086,8.56997,8.57177,1.00,1.00
2016.09.28 12:34:01.360,8.57002,8.57177,1.00,1.00
2016.09.28 12:34:01.412,8.56997,8.57177,1.00,1.00
2016.09.28 12:34:01.463,8.57017,8.57186,1.00,1.00
2016.09.28 12:34:01.565,8.56978,8.57161,1.00,1.00
2016.09.28 12:34:01.666,8.56989,8.57165,1.00,1.00
2016.09.28 12:34:01.971,8.56978,8.57165,1.87,1.00
2016.09.28 12:34:02.133,8.56978,8.57165,1.87,1.00
2016.09.28 12:34:02.184,8.56978,8.57157,1.37,1.00
2016.09.28 12:34:02.287,8.56967,8.57136,1.75,1.00
2016.09.28 12:34:02.667,8.56961,8.57136,1.75,1.00
2016.09.28 12:34:02.752,8.56961,8.57136,1.00,1.00
2016.09.28 12:34:02.904,8.5694,8.57129,1.75,1.00
2016.09.28 12:34:03.005,8.56932,8.57119,1.75,1.00
2016.09.28 12:34:03.336,8.56922,8.57104,1.75,1.00
2016.09.28 12:34:03.410,8.56922,8.57104,1.75,1.00
2016.09.28 12:34:03.700,8.56942,8.57104,1.75,1.00
2016.09.28 12:34:03.803,8.56953,8.57104,1.37,1.00
2016.09.28 12:34:03.906,8.56953,8.57104,1.37,1.00
2016.09.28 12:34:03.957,8.56953,8.57104,1.37,1.00
2016.09.28 12:34:04.094,8.56953,8.57131,1.37,1.00
2016.09.28 12:34:04.257,8.56953,8.57131,1.12,1.00
2016.09.28 12:34:04.452,8.56953,8.57131,1.12,1.00
2016.09.28 12:34:04.503,8.56945,8.57131,1.37,1.00
2016.09.28 12:34:04.688,8.5694,8.5713,1.50,1.00
2016.09.28 12:34:04.913,8.56931,8.57121,1.75,1.00
2016.09.28 12:34:04.964,8.56931,8.57097,1.75,1.00
2016.09.28 12:34:05.117,8.56922,8.57097,1.75,1.00
2016.09.28 12:34:05.168,8.56928,8.57112,1.75,1.00
2016.09.28 12:34:05.271,8.56922,8.57089,1.75,1.00
2016.09.28 12:34:06.069,8.56922,8.57089,1.75,1.00
2016.09.28 12:34:06.120,8.5693,8.57089,1.75,1.00
2016.09.28 12:34:06.171,8.56936,8.57112,1.37,1.00
2016.09.28 12:34:06.301,8.56955,8.57111,1.00,1.00
2016.09.28 12:34:06.510,8.56955,8.57139,1.00,1.00
2016.09.28 12:34:06.612,8.56955,8.57139,1.00,1.00
2016.09.28 12:34:06.663,8.56955,8.57142,1.75,1.00
2016.09.28 12:34:06.714,8.56966,8.57142,1.37,1.00
2016.09.28 12:34:07.005,8.56966,8.57142,1.00,1.00
2016.09.28 12:34:07.457,8.56969,8.57142,1.00,1.00
2016.09.28 12:34:07.609,8.56987,8.57142,1.00,1.00
2016.09.28 12:34:07.792,8.56993,8.57168,1.00,1.00
2016.09.28 12:34:08.721,8.56994,8.57169,1.00,1.00
2016.09.28 12:34:09.689,8.57014,8.57174,1.00,1.00
2016.09.28 12:34:09.793,8.57024,8.57193,1.00,1.00
2016.09.28 12:34:09.845,8.57024,8.57199,1.00,1.00
2016.09.28 12:34:10.151,8.57012,8.57173,1.00,1.00
2016.09.28 12:34:11.012,8.5701,8.57173,1.00,1.00
2016.09.28 12:34:11.114,8.5701,8.5717,1.00,1.00
2016.09.28 12:34:11.181,8.57005,8.5717,1.00,1.00
2016.09.28 12:34:12.021,8.57009,8.5717,1.00,1.00
2016.09.28 12:34:12.515,8.57023,8.57173,1.00,1.00
2016.09.28 12:34:12.617,8.57036,8.57193,1.00,1.50
2016.09.28 12:34:12.671,8.57036,8.57193,1.00,1.00
2016.09.28 12:34:12.722,8.57036,8.57204,1.00,1.00
2016.09.28 12:34:12.824,8.57036,8.57204,1.00,1.00
2016.09.28 12:34:13.346,8.57036,8.57199,1.00,1.00
2016.09.28 12:34:13.485,8.57031,8.57199,1.00,1.00
2016.09.28 12:34:13.568,8.57031,8.57204,1.00,1.00
2016.09.28 12:34:13.619,8.57035,8.57204,1.00,1.00
2016.09.28 12:34:14.000,8.57042,8.57204,1.00,1.00
2016.09.28 12:34:14.386,8.57047,8.57204,1.00,1.00
2016.09.28 12:34:15.430,8.57048,8.57204,1.00,1.00
2016.09.28 12:34:15.907,8.57048,8.57204,1.00,1.00
2016.09.28 12:34:16.692,8.57072,8.57204,1.00,1.00
2016.09.28 12:34:16.898,8.57064,8.57224,1.00,1.50
2016.09.28 12:34:16.949,8.57064,8.57224,1.00,1.00
2016.09.28 12:34:17.000,8.57064,8.57224,1.00,1.00
2016.09.28 12:34:17.317,8.57064,8.57217,1.00,1.00
2016.09.28 12:34:17.892,8.57067,8.57217,1.00,1.00
2016.09.28 12:34:18.393,8.57058,8.57217,1.00,1.00
2016.09.28 12:34:18.618,8.57067,8.57217,1.00,1.00
2016.09.28 12:34:18.719,8.57056,8.57216,1.00,1.00
2016.09.28 12:34:18.872,8.57056,8.57216,1.00,1.00
2016.09.28 12:34:19.595,8.57064,8.57217,1.00,1.00
2016.09.28 12:34:19.697,8.57084,8.57237,1.00,1.00
2016.09.28 12:34:19.830,8.57096,8.57248,1.00,1.00
2016.09.28 12:34:19.931,8.57096,8.57248,1.00,1.00
2016.09.28 12:34:20.083,8.57096,8.57248,1.00,1.00
2016.09.28 12:34:20.134,8.57084,8.57244,1.00,1.00
2016.09.28 12:34:20.704,8.57089,8.57246,1.00,1.00
2016.09.28 12:34:20.806,8.57081,8.57241,1.00,1.00
2016.09.28 12:34:21.698,8.57086,8.57245,1.00,1.00
2016.09.28 12:34:21.847,8.57093,8.57248,1.00,1.00
2016.09.28 12:34:21.948,8.57093,8.57248,1.00,1.00
2016.09.28 12:34:22.264,8.57098,8.57248,1.00,1.00
2016.09.28 12:34:22.711,8.5708,8.57239,1.00,1.00
2016.09.28 12:34:22.914,8.57114,8.57248,1.00,1.00
2016.09.28 12:34:22.964,8.57114,8.57248,1.00,1.00
2016.09.28 12:34:23.015,8.57114,8.57272,1.00,1.00
2016.09.28 12:34:23.143,8.57114,8.57272,1.00,1.00
2016.09.28 12:34:23.451,8.57102,8.57261,1.00,1.00
2016.09.28 12:34:23.604,8.57115,8.57275,1.00,1.00
2016.09.28 12:34:23.807,8.57115,8.57275,1.00,1.00
2016.09.28 12:34:24.247,8.57115,8.57275,1.00,1.00
2016.09.28 12:34:24.349,8.5709,8.5725,1.00,1.00
2016.09.28 12:34:24.451,8.5709,8.5725,1.00,1.00
2016.09.28 12:34:24.553,8.5709,8.57248,1.00,1.00
2016.09.28 12:34:25.201,8.57106,8.57248,1.00,1.00
2016.09.28 12:34:25.431,8.57106,8.57266,1.00,1.00
2016.09.28 12:34:25.482,8.57106,8.57266,1.00,1.00
2016.09.28 12:34:25.532,8.57106,8.57266,1.00,1.00
2016.09.28 12:34:25.655,8.57114,8.57274,1.00,1.00
2016.09.28 12:34:26.727,8.57117,8.57275,1.00,1.00
2016.09.28 12:34:26.907,8.57101,8.57278,1.50,1.00
2016.09.28 12:34:27.168,8.57101,8.57278,1.50,1.00
2016.09.28 12:34:27.415,8.57101,8.57267,1.00,1.00
2016.09.28 12:34:27.466,8.57101,8.57267,1.00,1.00
2016.09.28 12:34:28.148,8.57101,8.57264,1.00,1.00
2016.09.28 12:34:28.910,8.57101,8.5727,1.00,1.00
2016.09.28 12:34:29.837,8.57094,8.5727,1.50,1.00
2016.09.28 12:34:29.938,8.57097,8.57273,1.00,1.00
2016.09.28 12:34:31.261,8.57112,8.57278,1.00,1.00
2016.09.28 12:34:31.597,8.57124,8.57278,1.00,1.00
2016.09.28 12:34:31.699,8.57124,8.57278,1.00,1.00
2016.09.28 12:34:31.931,8.57113,8.57278,1.00,1.00
2016.09.28 12:34:32.033,8.57097,8.57271,1.00,1.00
2016.09.28 12:34:32.448,8.57094,8.57265,1.00,1.00
2016.09.28 12:34:34.568,8.57111,8.57278,1.00,1.00
2016.09.28 12:34:34.670,8.57115,8.57278,1.00,1.00
2016.09.28 12:34:34.872,8.57115,8.57278,1.00,1.00
2016.09.28 12:34:35.559,8.5712,8.57278,1.00,1.00
2016.09.28 12:34:35.907,8.5712,8.57278,1.00,1.00
2016.09.28 12:34:36.825,8.57124,8.57278,1.00,1.00
2016.09.28 12:34:37.252,8.57126,8.57278,1.00,1.00
2016.09.28 12:34:37.629,8.57121,8.57278,1.00,1.00
2016.09.28 12:34:38.231,8.57125,8.57278,1.00,1.00
2016.09.28 12:34:38.764,8.57131,8.57278,1.00,1.00
2016.09.28 12:34:39.234,8.57127,8.57278,1.00,1.00
2016.09.28 12:34:40.296,8.57127,8.57278,1.00,1.00
2016.09.28 12:34:41.075,8.57144,8.57301,1.00,1.00
2016.09.28 12:34:41.440,8.57136,8.57296,1.00,1.00
2016.09.28 12:34:41.592,8.57136,8.57296,1.00,1.00
2016.09.28 12:34:42.083,8.57144,8.57301,1.00,1.00
2016.09.28 12:34:42.289,8.57155,8.57301,1.00,1.00
2016.09.28 12:34:43.043,8.57159,8.57301,1.00,1.00
2016.09.28 12:34:43.093,8.57159,8.57301,1.00,1.00
2016.09.28 12:34:43.298,8.5717,8.57301,1.00,1.00
2016.09.28 12:34:43.350,8.57163,8.57301,1.00,1.00
2016.09.28 12:34:44.287,8.57164,8.57301,1.00,1.00
2016.09.28 12:34:44.435,8.57153,8.57301,1.00,1.00
2016.09.28 12:34:44.486,8.57145,8.57301,1.00,1.00
2016.09.28 12:34:44.587,8.57151,8.57301,1.00,1.00
2016.09.28 12:34:44.875,8.57162,8.57312,1.00,1.00
2016.09.28 12:34:44.925,8.57162,8.57324,1.00,1.00
2016.09.28 12:34:45.348,8.5717,8.57331,1.00,1.00
2016.09.28 12:34:46.750,8.57168,8.57327,1.00,1.00
2016.09.28 12:34:47.250,8.57149,8.57311,1.00,1.00
2016.09.28 12:34:47.352,8.57142,8.57304,1.00,1.00
2016.09.28 12:34:47.453,8.57136,8.57309,1.00,1.00
2016.09.28 12:34:47.629,8.57136,8.5732,1.00,1.00
2016.09.28 12:34:47.680,8.57141,8.57325,1.00,1.00
2016.09.28 12:34:48.086,8.5715,8.57331,1.00,1.00
2016.09.28 12:34:48.252,8.57141,8.57325,1.00,1.00
2016.09.28 12:34:48.556,8.57129,8.57313,1.00,1.00
2016.09.28 12:34:48.637,8.57129,8.57313,1.00,1.50
2016.09.28 12:34:48.766,8.57141,8.57303,1.00,1.00
2016.09.28 12:34:48.893,8.57128,8.57292,1.00,1.00
2016.09.28 12:34:49.096,8.57149,8.57297,1.00,1.00
2016.09.28 12:34:49.368,8.57136,8.57289,1.00,1.00
2016.09.28 12:34:49.470,8.57123,8.57267,1.00,1.00
2016.09.28 12:34:49.854,8.57145,8.57289,1.00,1.00
2016.09.28 12:34:49.906,8.57162,8.57307,1.00,1.00
2016.09.28 12:34:49.957,8.57153,8.57307,1.00,1.00
2016.09.28 12:34:50.190,8.57141,8.57305,1.00,1.00
2016.09.28 12:34:50.958,8.57139,8.57303,1.00,1.00
2016.09.28 12:34:51.855,8.57134,8.57298,1.00,1.00
2016.09.28 12:34:52.180,8.57148,8.57307,1.00,1.00
2016.09.28 12:34:52.511,8.57151,8.57307,1.00,1.00
2016.09.28 12:34:53.161,8.57151,8.57304,1.00,1.00
2016.09.28 12:34:53.212,8.5714,8.57304,1.00,1.00
2016.09.28 12:34:53.487,8.57151,8.57304,1.00,1.00
2016.09.28 12:34:53.762,8.57151,8.57307,1.00,1.00
2016.09.28 12:34:53.814,8.57145,8.57307,1.00,1.00
2016.09.28 12:34:53.865,8.57137,8.57301,1.00,1.00
2016.09.28 12:34:53.916,8.57137,8.57301,1.00,1.00
2016.09.28 12:34:54.035,8.57137,8.57301,1.00,1.00
2016.09.28 12:34:54.139,8.57137,8.57301,1.00,1.00
2016.09.28 12:34:54.192,8.57169,8.57307,1.00,1.00
2016.09.28 12:34:54.294,8.57169,8.57333,1.00,1.00
2016.09.28 12:34:54.640,8.57177,8.57333,1.00,1.00
2016.09.28 12:34:55.057,8.57201,8.57333,1.00,1.00
2016.09.28 12:34:55.158,8.57201,8.57333,1.00,1.00
2016.09.28 12:34:55.311,8.57181,8.57337,1.00,1.00
2016.09.28 12:34:55.361,8.57181,8.57337,1.00,1.00
2016.09.28 12:34:55.463,8.57201,8.57337,1.00,1.00
2016.09.28 12:34:55.869,8.57201,8.57341,1.00,1.50
2016.09.28 12:34:56.184,8.57201,8.57341,1.00,1.00
2016.09.28 12:34:56.952,8.57201,8.57337,1.00,1.00
2016.09.28 12:34:57.453,8.57201,8.57341,1.00,1.00
2016.09.28 12:34:57.804,8.57203,8.57341,1.00,1.00
2016.09.28 12:34:57.855,8.57203,8.57341,1.00,1.00
2016.09.28 12:34:57.906,8.57212,8.57365,1.00,1.00
2016.09.28 12:34:57.957,8.57212,8.57374,1.00,1.00
2016.09.28 12:34:58.143,8.57212,8.57374,1.00,1.00
2016.09.28 12:34:58.693,8.57217,8.57379,1.00,1.00
2016.09.28 12:34:59.013,8.57224,8.57382,1.00,1.00
2016.09.28 12:34:59.495,8.5725,8.57382,1.00,1.00
2016.09.28 12:34:59.647,8.57262,8.57421,1.00,1.00
2016.09.28 12:34:59.799,8.57231,8.57393,1.00,1.00
2016.09.28 12:35:00.377,8.57217,8.57382,1.00,1.00
2016.09.28 12:35:00.816,8.57216,8.57378,1.00,1.00
2016.09.28 12:35:01.392,8.57221,8.57382,1.00,1.00
2016.09.28 12:35:02.017,8.57227,8.57389,1.00,1.00
2016.09.28 12:35:02.683,8.57233,8.57392,1.00,1.00
2016.09.28 12:35:02.784,8.57195,8.57392,1.00,1.00
2016.09.28 12:35:02.835,8.57187,8.57392,1.00,1.00
2016.09.28 12:35:02.886,8.57207,8.57392,1.00,1.00
2016.09.28 12:35:03.074,8.57193,8.57392,1.00,1.00
2016.09.28 12:35:03.125,8.57218,8.5738,1.00,1.00
2016.09.28 12:35:03.176,8.57218,8.5738,1.00,1.00
2016.09.28 12:35:03.227,8.57233,8.57392,1.00,1.00
2016.09.28 12:35:03.460,8.57233,8.57392,1.00,1.00
2016.09.28 12:35:03.511,8.572,8.57362,1.00,1.00
2016.09.28 12:35:03.712,8.572,8.5736,1.00,1.00
2016.09.28 12:35:04.072,8.5721,8.5736,1.00,1.00
2016.09.28 12:35:04.123,8.57202,8.5736,1.00,1.00
2016.09.28 12:35:04.720,8.57209,8.5736,1.00,1.00
2016.09.28 12:35:05.187,8.57221,8.5736,1.00,1.00
2016.09.28 12:35:05.388,8.57213,8.5736,1.00,1.00
2016.09.28 12:35:05.540,8.57212,8.57374,1.00,1.00
2016.09.28 12:35:05.591,8.57212,8.57374,1.00,1.00
2016.09.28 12:35:06.196,8.57203,8.57365,1.00,1.00
2016.09.28 12:35:06.346,8.57203,8.57365,1.00,1.00
2016.09.28 12:35:06.504,8.57208,8.5737,1.00,1.00
2016.09.28 12:35:06.762,8.57217,8.57379,1.00,1.00
2016.09.28 12:35:06.813,8.57231,8.57387,1.00,1.00
2016.09.28 12:35:07.059,8.57231,8.57387,1.00,1.00
2016.09.28 12:35:07.324,8.5722,8.57382,1.00,1.00
2016.09.28 12:35:07.692,8.57212,8.57374,1.00,1.00
2016.09.28 12:35:08.278,8.57212,8.57374,1.00,1.00
2016.09.28 12:35:08.946,8.57207,8.57369,1.00,1.00
2016.09.28 12:35:09.528,8.57223,8.57383,1.00,1.00
2016.09.28 12:35:09.580,8.57223,8.57383,1.00,1.00
2016.09.28 12:35:09.682,8.57223,8.57383,1.00,1.00
2016.09.28 12:35:09.834,8.57237,8.57398,1.00,1.00
2016.09.28 12:35:09.939,8.57245,8.57407,1.00,1.50
2016.09.28 12:35:09.995,8.57245,8.57407,1.00,1.00
2016.09.28 12:35:10.582,8.57245,8.57407,1.00,1.00
2016.09.28 12:35:10.668,8.57245,8.57407,1.00,1.00
2016.09.28 12:35:10.817,8.57253,8.57415,1.00,1.00
2016.09.28 12:35:11.714,8.57254,8.57416,1.00,1.50
2016.09.28 12:35:11.815,8.57254,8.57416,1.00,1.50
2016.09.28 12:35:11.917,8.57258,8.57416,1.00,1.00
2016.09.28 12:35:12.587,8.57253,8.57415,1.00,1.00
2016.09.28 12:35:13.696,8.57258,8.57416,1.00,1.00
2016.09.28 12:35:13.798,8.57258,8.57416,1.00,1.60
2016.09.28 12:35:13.849,8.57217,8.57416,1.00,1.00
2016.09.28 12:35:13.950,8.57217,8.57395,1.00,1.00
2016.09.28 12:35:14.001,8.57217,8.57395,1.00,1.00
2016.09.28 12:35:14.052,8.57216,8.57383,1.37,1.00
2016.09.28 12:35:14.103,8.57216,8.57383,1.37,1.00
2016.09.28 12:35:14.207,8.57238,8.57383,1.00,1.00
2016.09.28 12:35:14.359,8.57238,8.574,1.00,1.00
2016.09.28 12:35:14.496,8.57238,8.574,1.00,1.00
2016.09.28 12:35:14.549,8.57253,8.57412,1.00,1.00
2016.09.28 12:35:15.336,8.57257,8.57412,1.00,1.00
2016.09.28 12:35:15.581,8.57257,8.57412,1.00,1.00
2016.09.28 12:35:15.682,8.57257,8.57412,1.00,1.00
2016.09.28 12:35:16.005,8.57268,8.57412,1.00,1.00
2016.09.28 12:35:16.714,8.57258,8.57412,1.00,1.00
2016.09.28 12:35:16.952,8.57254,8.57412,1.00,1.00
2016.09.28 12:35:17.054,8.57241,8.57403,1.00,1.00
2016.09.28 12:35:17.253,8.57245,8.57406,1.00,1.00
2016.09.28 12:35:17.558,8.57255,8.57412,1.00,1.00
2016.09.28 12:35:17.903,8.57266,8.57412,1.00,1.00
2016.09.28 12:35:18.157,8.57252,8.57412,1.00,1.00
2016.09.28 12:35:18.427,8.57261,8.57412,1.00,1.00
2016.09.28 12:35:18.975,8.5726,8.57412,1.00,1.00
2016.09.28 12:35:19.494,8.57261,8.57412,1.00,1.00
2016.09.28 12:35:21.148,8.57257,8.57412,1.00,1.00
2016.09.28 12:35:21.250,8.57243,8.57405,1.00,1.00
2016.09.28 12:35:21.458,8.57252,8.57412,1.00,1.00
2016.09.28 12:35:21.724,8.57244,8.57406,1.00,1.00
2016.09.28 12:35:22.041,8.57258,8.57412,1.00,1.00
2016.09.28 12:35:22.326,8.57251,8.57412,1.00,1.00
2016.09.28 12:35:23.354,8.57233,8.57395,1.00,1.00
2016.09.28 12:35:23.536,8.57245,8.57407,1.00,1.00
2016.09.28 12:35:24.445,8.57227,8.57388,1.00,1.00
2016.09.28 12:35:24.547,8.57232,8.5741,1.00,1.00
2016.09.28 12:35:24.654,8.57254,8.57412,1.00,1.00
2016.09.28 12:35:25.061,8.57243,8.57405,1.00,1.00
2016.09.28 12:35:25.552,8.57256,8.57412,1.00,1.00
2016.09.28 12:35:25.653,8.57246,8.57408,1.00,1.00
2016.09.28 12:35:26.032,8.57241,8.57403,1.00,1.00
2016.09.28 12:35:26.362,8.57235,8.57396,1.00,1.00
2016.09.28 12:35:26.563,8.57245,8.57407,1.00,1.00
2016.09.28 12:35:29.183,8.57243,8.57405,1.00,1.00
2016.09.28 12:35:30.120,8.57243,8.57405,1.00,1.00
2016.09.28 12:35:30.220,8.57243,8.57405,1.00,1.00
2016.09.28 12:35:30.605,8.57249,8.57409,1.00,1.00
2016.09.28 12:35:31.442,8.57249,8.57411,1.00,1.00
2016.09.28 12:35:32.075,8.5725,8.57412,1.00,1.00
2016.09.28 12:35:32.525,8.5725,8.57412,1.00,1.00
2016.09.28 12:35:32.576,8.57253,8.57415,1.00,1.00
2016.09.28 12:35:32.725,8.57253,8.57415,1.00,1.00
2016.09.28 12:35:33.117,8.57253,8.57415,1.00,1.00
2016.09.28 12:35:33.168,8.57248,8.5741,1.00,1.00
2016.09.28 12:35:33.473,8.57232,8.57393,1.00,1.00
2016.09.28 12:35:33.904,8.57245,8.57402,1.00,1.00
2016.09.28 12:35:34.348,8.57249,8.57402,1.00,1.00
2016.09.28 12:35:34.471,8.5724,8.57402,1.00,1.50
2016.09.28 12:35:34.658,8.57233,8.57395,1.00,1.00
2016.09.28 12:35:34.949,8.57229,8.57391,1.00,1.00
2016.09.28 12:35:35.253,8.57238,8.57376,1.00,1.00
2016.09.28 12:35:35.384,8.57219,8.57367,1.00,1.00
2016.09.28 12:35:35.435,8.57219,8.57381,1.00,1.00
2016.09.28 12:35:35.486,8.57195,8.57358,1.00,1.00
2016.09.28 12:35:35.588,8.57195,8.57325,1.00,1.00
2016.09.28 12:35:35.639,8.57175,8.57325,1.00,1.00
2016.09.28 12:35:35.690,8.57193,8.57355,1.00,1.00
2016.09.28 12:35:35.791,8.57156,8.57318,1.00,1.00
2016.09.28 12:35:35.842,8.57156,8.57318,1.00,1.00
2016.09.28 12:35:35.956,8.57156,8.57318,1.00,1.00
2016.09.28 12:35:36.168,8.57144,8.57303,1.00,1.00
2016.09.28 12:35:36.555,8.57137,8.57299,1.00,1.00
2016.09.28 12:35:36.868,8.57128,8.57289,1.00,1.00
2016.09.28 12:35:36.970,8.57128,8.57289,1.00,1.00
2016.09.28 12:35:37.276,8.57119,8.57281,1.00,1.00
2016.09.28 12:35:37.578,8.57119,8.57281,1.00,1.00
2016.09.28 12:35:37.781,8.57094,8.57254,1.00,1.00
2016.09.28 12:35:37.985,8.57082,8.57241,1.00,1.00
2016.09.28 12:35:38.093,8.57094,8.57256,1.00,1.00
2016.09.28 12:35:38.363,8.57094,8.57256,1.00,1.00
2016.09.28 12:35:38.847,8.57115,8.57262,1.00,1.00
2016.09.28 12:35:39.051,8.57118,8.57279,1.00,1.00
2016.09.28 12:35:39.167,8.5713,8.57292,1.00,1.00
2016.09.28 12:35:39.390,8.57126,8.57293,1.00,1.00
2016.09.28 12:35:39.542,8.57126,8.57297,1.00,1.00
2016.09.28 12:35:39.593,8.57126,8.57305,1.00,1.00
2016.09.28 12:35:39.796,8.57132,8.57293,1.00,1.00
2016.09.28 12:35:39.897,8.57132,8.57293,1.00,1.00
2016.09.28 12:35:39.948,8.57132,8.57293,1.00,1.50
2016.09.28 12:35:40.092,8.57119,8.57281,1.00,1.00
2016.09.28 12:35:40.143,8.57119,8.57281,1.00,1.00
2016.09.28 12:35:40.194,8.57121,8.57283,1.00,1.00
2016.09.28 12:35:40.459,8.57133,8.57293,1.00,1.00
2016.09.28 12:35:40.692,8.5712,8.57282,1.00,1.00
2016.09.28 12:35:40.793,8.57121,8.57293,1.00,1.00
2016.09.28 12:35:40.972,8.57151,8.57293,1.00,1.00
2016.09.28 12:35:41.023,8.5717,8.57377,1.00,1.00
2016.09.28 12:35:41.074,8.5717,8.57377,1.00,1.00
2016.09.28 12:35:41.148,8.5717,8.57377,1.00,1.00
2016.09.28 12:35:41.466,8.57133,8.57339,1.00,1.00
2016.09.28 12:35:41.588,8.57133,8.57326,1.00,1.00
2016.09.28 12:35:41.691,8.57131,8.57326,1.50,1.00
2016.09.28 12:35:41.792,8.57131,8.57326,1.50,1.00
2016.09.28 12:35:41.894,8.57131,8.57311,1.00,1.00
2016.09.28 12:35:42.062,8.57131,8.57311,1.00,1.00
2016.09.28 12:35:42.113,8.57131,8.573,1.00,1.00
2016.09.28 12:35:42.164,8.57134,8.57329,1.00,1.00
2016.09.28 12:35:42.367,8.57131,8.57327,1.00,1.00
2016.09.28 12:35:42.468,8.57131,8.57327,1.00,1.60
2016.09.28 12:35:42.520,8.57131,8.57307,1.00,1.60
2016.09.28 12:35:42.627,8.57131,8.57274,1.00,1.00
2016.09.28 12:35:42.678,8.57097,8.57254,1.00,1.00
2016.09.28 12:35:43.011,8.57075,8.57254,1.00,1.00
2016.09.28 12:35:43.563,8.57075,8.57254,1.00,1.00
2016.09.28 12:35:43.780,8.57081,8.57254,1.00,1.00
2016.09.28 12:35:43.864,8.57081,8.57254,1.00,1.00
2016.09.28 12:35:43.914,8.57071,8.57254,1.00,1.00
2016.09.28 12:35:44.397,8.57071,8.57254,1.00,1.00
2016.09.28 12:35:44.467,8.57064,8.57254,1.00,1.00
2016.09.28 12:35:45.520,8.57048,8.57243,1.00,1.50
2016.09.28 12:35:45.571,8.57047,8.57234,1.00,1.00
2016.09.28 12:35:45.790,8.57047,8.57234,1.00,1.00
2016.09.28 12:35:45.841,8.57038,8.57214,1.00,1.00
2016.09.28 12:35:45.892,8.57038,8.57214,1.00,1.00
2016.09.28 12:35:45.994,8.57038,8.57214,1.00,1.00
2016.09.28 12:35:46.183,8.57027,8.57214,1.00,1.00
2016.09.28 12:35:46.285,8.57027,8.57214,1.00,1.00
2016.09.28 12:35:46.486,8.57034,8.57212,1.00,1.00
2016.09.28 12:35:46.537,8.57034,8.57212,1.00,1.00
2016.09.28 12:35:46.800,8.5703,8.57214,1.00,1.00
2016.09.28 12:35:47.172,8.57034,8.57212,1.00,1.00
2016.09.28 12:35:47.328,8.5703,8.57214,1.00,1.00
2016.09.28 12:35:47.475,8.57037,8.57214,1.00,1.00
2016.09.28 12:35:47.572,8.57037,8.57214,1.00,1.00
2016.09.28 12:35:48.187,8.57043,8.57214,1.00,1.00
2016.09.28 12:35:48.378,8.57057,8.57235,1.00,1.00
2016.09.28 12:35:49.925,8.57078,8.57242,1.00,1.00
2016.09.28 12:35:50.028,8.5707,8.57242,1.00,1.00
2016.09.28 12:35:50.079,8.57096,8.57242,1.00,1.00
2016.09.28 12:35:50.181,8.57073,8.57242,1.00,1.00
2016.09.28 12:35:50.486,8.57071,8.57242,1.00,1.00
2016.09.28 12:35:50.571,8.57071,8.57262,1.00,1.00
2016.09.28 12:35:50.673,8.57071,8.57242,1.00,1.00
2016.09.28 12:35:50.880,8.57059,8.57242,1.00,1.00
2016.09.28 12:35:50.981,8.57073,8.57242,1.00,1.00
2016.09.28 12:35:51.032,8.57073,8.57242,1.00,1.00
2016.09.28 12:35:51.185,8.57091,8.57242,1.00,1.00
2016.09.28 12:35:51.249,8.57091,8.57273,1.00,1.00
2016.09.28 12:35:51.305,8.57091,8.57273,1.00,1.00
2016.09.28 12:35:51.356,8.57091,8.57273,1.00,1.00
2016.09.28 12:35:51.746,8.57106,8.57273,1.00,1.00
2016.09.28 12:35:51.899,8.57119,8.57273,1.00,1.00
2016.09.28 12:35:52.221,8.57102,8.57273,1.00,1.00
2016.09.28 12:35:52.271,8.57102,8.57273,1.00,1.00
2016.09.28 12:35:52.322,8.57086,8.57265,1.00,1.00
2016.09.28 12:35:52.489,8.57102,8.57273,1.00,1.00
2016.09.28 12:35:52.540,8.57102,8.57273,1.00,1.00
2016.09.28 12:35:52.806,8.57102,8.57273,1.00,1.00
2016.09.28 12:35:53.885,8.57116,8.57273,1.00,1.00
2016.09.28 12:35:54.088,8.57124,8.57273,1.00,1.00
2016.09.28 12:35:54.189,8.57117,8.57273,1.00,1.00
2016.09.28 12:35:54.304,8.57117,8.57273,1.00,1.00
2016.09.28 12:35:54.791,8.57125,8.57273,1.00,1.00
2016.09.28 12:35:55.121,8.57119,8.57273,1.00,1.00
2016.09.28 12:35:55.223,8.57119,8.57273,1.00,1.00
2016.09.28 12:35:55.699,8.57141,8.57273,1.00,1.00
2016.09.28 12:35:55.801,8.57152,8.57304,1.00,1.00
2016.09.28 12:35:55.852,8.57152,8.57313,1.00,1.00
2016.09.28 12:35:56.056,8.57152,8.57313,1.00,1.00
2016.09.28 12:35:56.698,8.57157,8.57313,1.00,1.00
2016.09.28 12:35:57.391,8.57161,8.57313,1.00,1.00
2016.09.28 12:35:57.720,8.57167,8.57313,1.00,1.00
2016.09.28 12:35:58.027,8.57168,8.57347,1.00,1.00
2016.09.28 12:35:58.230,8.57168,8.57347,1.00,1.60
2016.09.28 12:35:58.332,8.57149,8.57326,1.00,1.00
2016.09.28 12:35:58.506,8.57135,8.57304,1.00,1.00
2016.09.28 12:35:59.099,8.57151,8.57304,1.00,1.00
2016.09.28 12:35:59.201,8.57147,8.57304,1.00,1.00
2016.09.28 12:36:00.000,8.57138,8.57304,1.00,1.00
2016.09.28 12:36:00.101,8.57136,8.57304,1.00,1.00
2016.09.28 12:36:00.152,8.57136,8.57304,1.00,1.00
2016.09.28 12:36:00.203,8.57129,8.57304,1.00,1.00
2016.09.28 12:36:00.698,8.57136,8.57304,1.00,1.00
2016.09.28 12:36:01.630,8.57132,8.57304,1.00,1.00
2016.09.28 12:36:02.001,8.57127,8.57304,1.00,1.00
2016.09.28 12:36:02.103,8.57132,8.57304,1.00,1.00
2016.09.28 12:36:02.301,8.57141,8.57301,1.00,1.00
2016.09.28 12:36:03.103,8.57135,8.57297,1.00,1.00
2016.09.28 12:36:04.406,8.57147,8.57304,1.00,1.00
2016.09.28 12:36:04.559,8.57151,8.5733,1.00,1.00
2016.09.28 12:36:04.610,8.57151,8.57313,1.00,1.00
2016.09.28 12:36:04.762,8.57151,8.57313,1.00,1.00
2016.09.28 12:36:04.866,8.57151,8.57313,1.00,1.00
2016.09.28 12:36:04.917,8.57172,8.5734,1.00,1.00
2016.09.28 12:36:04.968,8.57172,8.5734,1.00,1.00
2016.09.28 12:36:05.070,8.57172,8.57351,1.00,1.00
2016.09.28 12:36:05.172,8.57172,8.57351,1.00,1.00
2016.09.28 12:36:05.223,8.5719,8.57352,1.00,1.00
2016.09.28 12:36:05.274,8.5719,8.57352,1.00,1.00
2016.09.28 12:36:05.509,8.57183,8.57362,1.00,1.00
2016.09.28 12:36:05.561,8.57183,8.57362,1.00,1.00
2016.09.28 12:36:05.761,8.57183,8.57362,1.00,1.00
2016.09.28 12:36:05.811,8.57196,8.57358,1.00,1.00
2016.09.28 12:36:05.862,8.57196,8.57358,1.00,1.00
2016.09.28 12:36:07.138,8.57199,8.5736,1.00,1.00
2016.09.28 12:36:07.429,8.57204,8.57366,1.00,1.00
2016.09.28 12:36:07.621,8.57177,8.57355,1.00,1.00
2016.09.28 12:36:07.672,8.57177,8.57355,1.00,1.00
2016.09.28 12:36:07.723,8.5718,8.57342,1.00,1.00
2016.09.28 12:36:07.774,8.5718,8.57342,1.00,1.00
2016.09.28 12:36:07.825,8.57188,8.57364,1.00,1.00
2016.09.28 12:36:07.927,8.572,8.57362,1.00,1.00
2016.09.28 12:36:08.179,8.572,8.57362,1.00,1.00
2016.09.28 12:36:08.338,8.57197,8.57375,1.00,1.50
2016.09.28 12:36:08.643,8.57206,8.57375,1.00,1.00
2016.09.28 12:36:08.747,8.57234,8.57412,1.00,1.00
2016.09.28 12:36:08.873,8.57234,8.57412,1.00,1.00
2016.09.28 12:36:09.615,8.5724,8.57399,1.00,1.00
2016.09.28 12:36:09.934,8.5723,8.57392,1.00,1.00
2016.09.28 12:36:09.985,8.5723,8.57392,1.00,1.00
2016.09.28 12:36:10.290,8.57238,8.57399,1.00,1.00
2016.09.28 12:36:10.924,8.57235,8.57397,1.00,1.00
2016.09.28 12:36:11.325,8.57216,8.57378,1.00,1.00
2016.09.28 12:36:11.376,8.57216,8.57378,1.00,1.00
2016.09.28 12:36:11.478,8.57216,8.57378,1.00,1.00
2016.09.28 12:36:11.731,8.57206,8.57368,1.00,1.00
2016.09.28 12:36:12.835,8.57198,8.57359,1.00,1.00
2016.09.28 12:36:12.937,8.57189,8.57369,1.00,1.00
2016.09.28 12:36:13.165,8.57198,8.57359,1.00,1.00
2016.09.28 12:36:13.267,8.57179,8.57338,1.00,1.00
2016.09.28 12:36:13.440,8.57179,8.57338,1.00,1.00
2016.09.28 12:36:13.546,8.57188,8.5735,1.00,1.00
2016.09.28 12:36:13.850,8.5718,8.57362,1.00,1.00
2016.09.28 12:36:14.263,8.57179,8.57356,1.00,1.00
2016.09.28 12:36:14.379,8.57179,8.57356,1.00,1.00
2016.09.28 12:36:14.481,8.57174,8.57345,1.00,1.00
2016.09.28 12:36:14.582,8.57174,8.57335,1.00,1.00
2016.09.28 12:36:14.684,8.57158,8.57319,1.00,1.00
2016.09.28 12:36:15.172,8.57158,8.57319,1.00,1.00
2016.09.28 12:36:15.475,8.57151,8.57313,1.00,1.00
2016.09.28 12:36:15.702,8.57151,8.57313,1.00,1.00
2016.09.28 12:36:15.753,8.57136,8.573,1.00,1.00
2016.09.28 12:36:15.855,8.5712,8.57299,1.00,1.00
2016.09.28 12:36:15.957,8.57125,8.57287,1.00,1.00
2016.09.28 12:36:16.008,8.57125,8.57287,1.00,1.00
2016.09.28 12:36:16.635,8.5714,8.57299,1.00,1.00
2016.09.28 12:36:16.787,8.57145,8.57307,1.00,1.00
2016.09.28 12:36:16.838,8.57131,8.57293,1.00,1.00
2016.09.28 12:36:16.888,8.57131,8.57293,1.00,1.00
2016.09.28 12:36:16.982,8.57131,8.57293,1.00,1.00
2016.09.28 12:36:17.179,8.57131,8.57293,1.00,1.00
2016.09.28 12:36:17.230,8.57121,8.57291,1.00,1.00
2016.09.28 12:36:17.281,8.57121,8.57291,1.00,1.00
2016.09.28 12:36:17.332,8.57121,8.57269,1.00,1.00
2016.09.28 12:36:17.383,8.57108,8.57269,1.00,1.00
2016.09.28 12:36:17.434,8.57095,8.57257,1.00,1.00
2016.09.28 12:36:17.572,8.57105,8.57279,1.00,1.00
2016.09.28 12:36:17.623,8.57105,8.57283,1.00,1.00
2016.09.28 12:36:17.674,8.57139,8.5729,1.00,1.00
2016.09.28 12:36:17.725,8.57139,8.5729,1.00,1.00
2016.09.28 12:36:17.878,8.57123,8.57301,1.00,1.00
2016.09.28 12:36:17.929,8.57123,8.57301,1.00,1.00
2016.09.28 12:36:18.030,8.57123,8.57301,1.00,1.00
2016.09.28 12:36:18.183,8.57123,8.57301,1.00,1.00
2016.09.28 12:36:18.566,8.57129,8.57308,1.00,1.00
2016.09.28 12:36:18.632,8.57134,8.57313,1.00,1.00
2016.09.28 12:36:18.834,8.57134,8.57313,1.00,1.00
2016.09.28 12:36:19.081,8.57142,8.5732,1.00,1.00
2016.09.28 12:36:19.136,8.57142,8.5732,1.00,1.00
2016.09.28 12:36:19.715,8.57155,8.57328,1.00,1.00
2016.09.28 12:36:20.034,8.57151,8.57328,1.00,1.00
2016.09.28 12:36:20.718,8.5716,8.57328,1.00,1.00
2016.09.28 12:36:20.968,8.57143,8.57322,1.00,1.00
2016.09.28 12:36:21.091,8.57143,8.57322,1.00,1.00
2016.09.28 12:36:21.445,8.57157,8.57328,1.00,1.00
2016.09.28 12:36:21.496,8.57157,8.57328,1.00,1.00
2016.09.28 12:36:21.985,8.57152,8.57328,1.00,1.00
2016.09.28 12:36:22.239,8.57166,8.57328,1.00,1.50
2016.09.28 12:36:23.240,8.57165,8.57327,1.00,1.00
2016.09.28 12:36:23.342,8.57171,8.57328,1.00,1.00
2016.09.28 12:36:23.773,8.57159,8.57321,1.00,1.00
2016.09.28 12:36:24.078,8.57169,8.57328,1.00,1.00
2016.09.28 12:36:25.143,8.57164,8.57326,1.00,1.00
2016.09.28 12:36:25.343,8.57169,8.57328,1.00,1.00
2016.09.28 12:36:25.625,8.57169,8.57328,1.00,1.00
2016.09.28 12:36:26.445,8.5717,8.57328,1.00,1.00
2016.09.28 12:36:26.938,8.57174,8.57328,1.00,1.00
2016.09.28 12:36:28.083,8.57174,8.57335,1.00,1.00
2016.09.28 12:36:28.134,8.5719,8.57355,1.00,1.00
2016.09.28 12:36:28.185,8.572,8.57362,1.00,1.00
2016.09.28 12:36:28.236,8.572,8.57362,1.00,1.00
2016.09.28 12:36:28.338,8.572,8.57362,1.00,1.00
2016.09.28 12:36:29.249,8.57199,8.57361,1.00,1.00
2016.09.28 12:36:29.468,8.57194,8.57364,1.00,1.00
2016.09.28 12:36:29.723,8.57212,8.57364,1.00,1.00
2016.09.28 12:36:29.824,8.57231,8.57384,1.00,1.00
2016.09.28 12:36:29.875,8.57231,8.57392,1.00,1.00
2016.09.28 12:36:29.977,8.57242,8.57393,1.00,1.00
2016.09.28 12:36:30.377,8.57226,8.57388,1.00,1.00
2016.09.28 12:36:30.563,8.5722,8.57381,1.00,1.00
2016.09.28 12:36:30.665,8.57234,8.57393,1.00,1.00
2016.09.28 12:36:31.178,8.57233,8.57393,1.00,1.00
2016.09.28 12:36:31.565,8.57227,8.57389,1.00,1.00
2016.09.28 12:36:32.294,8.57221,8.57383,1.00,1.00
2016.09.28 12:36:32.345,8.57221,8.57383,1.00,1.00
2016.09.28 12:36:32.792,8.57216,8.57376,1.00,1.00
2016.09.28 12:36:32.894,8.57206,8.57368,1.00,1.00
2016.09.28 12:36:32.945,8.57206,8.57368,1.00,1.00
2016.09.28 12:36:33.498,8.57196,8.57358,1.00,1.00
2016.09.28 12:36:34.172,8.57188,8.57358,1.00,1.00
2016.09.28 12:36:34.275,8.57194,8.57356,1.00,1.00
2016.09.28 12:36:34.653,8.57173,8.57335,1.00,1.00
2016.09.28 12:36:34.805,8.5719,8.57352,1.00,1.00
2016.09.28 12:36:34.857,8.5719,8.57352,1.00,1.00
2016.09.28 12:36:35.062,8.57209,8.57371,1.00,1.00
2016.09.28 12:36:35.285,8.57193,8.57371,1.00,1.00
2016.09.28 12:36:35.575,8.57204,8.57366,1.00,1.00
2016.09.28 12:36:35.897,8.57195,8.57357,1.00,1.00
2016.09.28 12:36:36.240,8.57204,8.57366,1.00,1.00
2016.09.28 12:36:37.463,8.57205,8.57367,1.00,1.00
2016.09.28 12:36:37.666,8.57225,8.57383,1.00,1.00
2016.09.28 12:36:37.768,8.57236,8.57396,1.00,1.00
2016.09.28 12:36:37.911,8.57235,8.57395,1.00,1.00
2016.09.28 12:36:38.063,8.57255,8.574,1.00,1.00
2016.09.28 12:36:38.215,8.57255,8.57415,1.00,1.00
2016.09.28 12:36:38.266,8.57252,8.57412,1.00,1.00
2016.09.28 12:36:38.578,8.57238,8.57413,1.00,1.00
2016.09.28 12:36:38.680,8.57238,8.57413,1.00,1.00
2016.09.28 12:36:38.746,8.57238,8.57409,1.00,1.00
2016.09.28 12:36:38.797,8.57238,8.57396,1.00,1.00
2016.09.28 12:36:38.899,8.57236,8.57409,1.00,1.00
2016.09.28 12:36:39.098,8.57251,8.57409,1.00,1.50
2016.09.28 12:36:39.568,8.57255,8.57409,1.00,1.00
2016.09.28 12:36:39.721,8.57265,8.57438,1.00,1.00
2016.09.28 12:36:39.976,8.57279,8.57438,1.00,1.00
2016.09.28 12:36:40.164,8.57281,8.57438,1.00,1.00
2016.09.28 12:36:40.216,8.57281,8.57456,1.00,1.00
2016.09.28 12:36:40.475,8.57277,8.57468,1.00,1.00
2016.09.28 12:36:40.549,8.57277,8.57468,1.00,1.00
2016.09.28 12:36:40.650,8.57277,8.57468,1.00,1.00
2016.09.28 12:36:40.753,8.57277,8.57468,1.00,1.00
2016.09.28 12:36:40.804,8.57284,8.57459,1.00,1.00
2016.09.28 12:36:40.855,8.57284,8.57459,1.00,1.00
2016.09.28 12:36:41.493,8.57276,8.57454,1.00,1.00
2016.09.28 12:36:41.594,8.57269,8.57448,1.00,1.00
2016.09.28 12:36:41.696,8.57261,8.57446,1.00,1.00
2016.09.28 12:36:41.798,8.57261,8.57446,1.00,1.00
2016.09.28 12:36:41.849,8.57256,8.57439,1.00,1.00
2016.09.28 12:36:41.900,8.57256,8.57426,1.00,1.00
2016.09.28 12:36:42.111,8.57232,8.57412,1.00,1.00
2016.09.28 12:36:42.504,8.57232,8.57439,1.00,1.00
2016.09.28 12:36:43.005,8.57232,8.57417,1.00,1.00
2016.09.28 12:36:43.107,8.57238,8.57427,1.00,1.00
2016.09.28 12:36:43.395,8.57232,8.5743,1.00,1.00
2016.09.28 12:36:43.782,8.57234,8.57419,1.00,1.00
2016.09.28 12:36:44.003,8.57232,8.5743,1.00,1.00
2016.09.28 12:36:44.105,8.57245,8.57422,1.00,1.00
2016.09.28 12:36:44.705,8.57245,8.57422,1.00,1.00
2016.09.28 12:36:44.756,8.57245,8.57422,1.00,1.00
2016.09.28 12:36:44.810,8.57254,8.57415,1.00,1.00
2016.09.28 12:36:45.432,8.57239,8.57422,1.00,1.00
2016.09.28 12:36:45.483,8.57239,8.57422,1.00,1.00
2016.09.28 12:36:45.584,8.57239,8.57422,1.00,1.00
2016.09.28 12:36:45.744,8.57239,8.57422,1.00,1.00
2016.09.28 12:36:46.111,8.57241,8.57422,1.00,1.00
2016.09.28 12:36:46.452,8.57243,8.57424,1.00,1.00
2016.09.28 12:36:46.847,8.57243,8.57424,1.00,1.00
2016.09.28 12:36:47.101,8.5724,8.57436,1.00,1.00
2016.09.28 12:36:47.203,8.57254,8.57435,1.00,1.00
2016.09.28 12:36:47.628,8.57249,8.57409,1.00,1.00
2016.09.28 12:36:47.730,8.57232,8.57384,1.00,1.00
2016.09.28 12:36:47.781,8.57232,8.57384,1.00,1.00
2016.09.28 12:36:47.832,8.57232,8.57389,1.00,1.00
2016.09.28 12:36:47.934,8.57229,8.57389,1.00,1.00
2016.09.28 12:36:48.035,8.57201,8.57347,1.00,1.00
2016.09.28 12:36:48.137,8.57207,8.57365,1.00,1.00
2016.09.28 12:36:48.188,8.57207,8.57365,1.00,1.00
2016.09.28 12:36:49.090,8.57212,8.57372,1.00,1.00
2016.09.28 12:36:49.331,8.57208,8.57368,1.00,1.00
2016.09.28 12:36:49.705,8.57212,8.57371,1.00,1.00
2016.09.28 12:36:49.807,8.57202,8.5737,1.00,1.00
2016.09.28 12:36:50.030,8.57202,8.57362,1.00,1.00
2016.09.28 12:36:50.320,8.57196,8.57349,1.00,1.00
2016.09.28 12:36:50.371,8.57189,8.57349,1.00,1.00
2016.09.28 12:36:50.422,8.57174,8.57331,1.00,1.00
2016.09.28 12:36:50.473,8.57171,8.57331,1.00,1.00
2016.09.28 12:36:50.524,8.57191,8.5735,1.00,1.00
2016.09.28 12:36:51.003,8.57198,8.57357,1.00,1.00
2016.09.28 12:36:51.696,8.57194,8.57354,1.00,1.00
2016.09.28 12:36:51.919,8.57198,8.57357,1.00,1.00
2016.09.28 12:36:52.920,8.57195,8.57355,1.00,1.00
2016.09.28 12:36:53.998,8.572,8.57359,1.00,1.00
2016.09.28 12:36:54.236,8.57206,8.57366,1.00,1.00
2016.09.28 12:36:54.360,8.57206,8.57366,1.00,1.00
2016.09.28 12:36:55.100,8.57201,8.57361,1.00,1.00
2016.09.28 12:36:55.601,8.57195,8.57355,1.00,1.00
2016.09.28 12:36:55.806,8.57215,8.57374,1.00,1.00
2016.09.28 12:36:55.857,8.57215,8.57374,1.00,1.00
2016.09.28 12:36:56.070,8.57244,8.57404,1.00,1.00
2016.09.28 12:36:56.121,8.57244,8.57404,1.00,1.00
2016.09.28 12:36:56.406,8.57262,8.57414,1.00,1.00
2016.09.28 12:36:56.457,8.57262,8.57422,1.00,1.00
2016.09.28 12:36:56.567,8.57245,8.574,1.00,1.00
2016.09.28 12:36:56.618,8.57262,8.57422,1.00,1.00
2016.09.28 12:36:56.722,8.57257,8.57426,1.00,1.00
2016.09.28 12:36:56.825,8.57257,8.57426,1.00,1.00
2016.09.28 12:36:57.329,8.57266,8.57426,1.00,1.00
2016.09.28 12:36:57.532,8.57266,8.57426,1.00,1.00
2016.09.28 12:36:57.819,8.57278,8.57452,1.00,1.00
2016.09.28 12:36:57.870,8.57278,8.57453,1.00,1.00
2016.09.28 12:36:58.022,8.57275,8.57443,1.00,1.00
2016.09.28 12:36:58.073,8.57267,8.57443,1.00,1.00
2016.09.28 12:36:58.307,8.57273,8.57433,1.00,1.00
2016.09.28 12:36:58.959,8.57254,8.57426,1.00,1.00
2016.09.28 12:36:59.010,8.57254,8.57414,1.00,1.00
2016.09.28 12:36:59.294,8.57243,8.57414,1.00,1.00
2016.09.28 12:36:59.345,8.57243,8.57402,1.00,1.00
2016.09.28 12:36:59.447,8.57243,8.57402,1.00,1.00
2016.09.28 12:36:59.497,8.57227,8.57402,1.00,1.00
2016.09.28 12:36:59.617,8.57227,8.57402,1.00,1.00
2016.09.28 12:36:59.719,8.57227,8.57402,1.00,1.00
2016.09.28 12:37:00.295,8.57227,8.57387,1.00,1.00
2016.09.28 12:37:00.347,8.57212,8.57372,1.00,1.00
2016.09.28 12:37:00.449,8.57212,8.57361,1.00,1.00
2016.09.28 12:37:00.752,8.57186,8.57361,1.00,1.00
2016.09.28 12:37:01.409,8.57186,8.57335,1.00,1.00
2016.09.28 12:37:01.460,8.57173,8.57335,1.00,1.00
2016.09.28 12:37:02.349,8.57173,8.57311,1.00,1.00
2016.09.28 12:37:02.454,8.5716,8.57311,1.00,1.00
2016.09.28 12:37:02.556,8.5716,8.57311,1.50,1.00
2016.09.28 12:37:02.607,8.5716,8.57311,1.00,1.00
2016.09.28 12:37:03.518,8.57159,8.57311,1.00,1.00
2016.09.28 12:37:04.442,8.57149,8.57309,1.00,1.00
2016.09.28 12:37:04.493,8.57149,8.57303,1.00,1.00
2016.09.28 12:37:04.543,8.57136,8.57295,1.00,1.00
2016.09.28 12:37:04.645,8.57131,8.57282,1.00,1.00
2016.09.28 12:37:04.797,8.57128,8.57282,1.00,1.00
2016.09.28 12:37:04.950,8.57113,8.57277,1.00,1.00
2016.09.28 12:37:05.036,8.57113,8.5727,1.00,1.00
2016.09.28 12:37:05.367,8.57113,8.57251,1.00,1.00
2016.09.28 12:37:05.869,8.57104,8.57251,1.00,1.00
2016.09.28 12:37:06.071,8.57093,8.57251,1.00,1.00
2016.09.28 12:37:06.322,8.57093,8.57243,1.00,1.00
2016.09.28 12:37:07.235,8.571,8.57251,1.00,1.00
2016.09.28 12:37:07.341,8.57093,8.57251,1.00,1.50
2016.09.28 12:37:07.548,8.57102,8.57251,1.00,1.00
2016.09.28 12:37:07.725,8.57093,8.57251,1.00,1.00
2016.09.28 12:37:08.564,8.57098,8.57251,1.00,1.00
2016.09.28 12:37:08.667,8.57093,8.57251,1.00,1.00
2016.09.28 12:37:08.916,8.57115,8.5728,1.00,1.00
2016.09.28 12:37:09.018,8.57121,8.5728,1.00,1.00
2016.09.28 12:37:09.069,8.57136,8.5728,1.00,1.00
2016.09.28 12:37:09.121,8.57136,8.57312,1.00,1.00
2016.09.28 12:37:09.172,8.57138,8.57312,1.00,1.00
2016.09.28 12:37:09.570,8.5716,8.57312,1.00,1.00
2016.09.28 12:37:09.742,8.5716,8.57312,1.00,1.00
2016.09.28 12:37:10.268,8.57164,8.57312,1.00,1.00
2016.09.28 12:37:10.603,8.57171,8.57312,1.00,1.00
2016.09.28 12:37:11.933,8.57165,8.57312,1.00,1.00
2016.09.28 12:37:12.535,8.5717,8.57312,1.00,1.00
2016.09.28 12:37:12.700,8.5717,8.57327,1.00,1.00
2016.09.28 12:37:12.752,8.57196,8.57327,1.00,1.00
2016.09.28 12:37:12.905,8.57196,8.57348,1.00,1.00
2016.09.28 12:37:12.956,8.57202,8.57348,1.00,1.00
2016.09.28 12:37:13.758,8.57207,8.57348,1.00,1.00
2016.09.28 12:37:13.810,8.57207,8.57359,1.00,1.00
2016.09.28 12:37:14.171,8.57201,8.57359,1.00,1.00
2016.09.28 12:37:14.273,8.57194,8.57359,1.00,1.00
2016.09.28 12:37:14.875,8.57202,8.57359,1.00,1.00
2016.09.28 12:37:14.926,8.57202,8.57364,1.00,1.00
2016.09.28 12:37:14.976,8.57219,8.57364,1.00,1.00
2016.09.28 12:37:15.354,8.57242,8.57387,1.00,1.00
2016.09.28 12:37:15.547,8.57242,8.57399,1.00,1.00
2016.09.28 12:37:16.166,8.57231,8.57399,1.00,1.00
2016.09.28 12:37:17.170,8.57227,8.57399,1.00,1.00
2016.09.28 12:37:17.665,8.57227,8.57399,1.00,1.00
2016.09.28 12:37:19.018,8.57227,8.57387,1.00,1.00
2016.09.28 12:37:19.069,8.57212,8.57387,1.00,1.00
2016.09.28 12:37:19.120,8.57212,8.57387,1.00,1.00
2016.09.28 12:37:19.406,8.57185,8.5735,1.00,1.00
2016.09.28 12:37:19.710,8.57163,8.57307,1.00,1.00
2016.09.28 12:37:19.761,8.57163,8.57311,1.00,1.00
2016.09.28 12:37:20.355,8.57164,8.57311,1.00,1.00
2016.09.28 12:37:20.555,8.57137,8.57311,1.00,1.00
2016.09.28 12:37:20.900,8.57148,8.57311,1.00,1.00
2016.09.28 12:37:21.052,8.57148,8.57294,1.00,1.00
2016.09.28 12:37:21.104,8.57137,8.57294,1.00,1.00
2016.09.28 12:37:21.155,8.57129,8.57294,1.00,1.00
2016.09.28 12:37:21.256,8.57114,8.57288,1.00,1.00
2016.09.28 12:37:21.435,8.57114,8.57278,1.00,1.00
2016.09.28 12:37:21.861,8.57114,8.57259,1.00,1.00
2016.09.28 12:37:21.965,8.57102,8.57259,1.00,1.00
2016.09.28 12:37:22.135,8.57102,8.57255,1.00,1.00
2016.09.28 12:37:22.620,8.57088,8.57255,1.00,1.00
2016.09.28 12:37:22.671,8.57088,8.57259,1.00,1.00
2016.09.28 12:37:22.772,8.57088,8.57246,1.00,1.00
2016.09.28 12:37:23.778,8.5707,8.57235,1.00,1.00
2016.09.28 12:37:23.880,8.57082,8.57235,1.00,1.00
2016.09.28 12:37:24.057,8.57082,8.57248,1.00,1.00
2016.09.28 12:37:24.159,8.5708,8.57277,1.00,1.00
2016.09.28 12:37:24.220,8.57079,8.57277,1.00,1.00
2016.09.28 12:37:24.271,8.57104,8.57294,1.00,1.00
2016.09.28 12:37:24.322,8.57104,8.57294,1.00,1.00
2016.09.28 12:37:24.424,8.57142,8.57294,1.00,1.00
2016.09.28 12:37:24.475,8.57142,8.57307,1.00,1.00
2016.09.28 12:37:24.661,8.57104,8.57303,1.00,1.00
2016.09.28 12:37:24.712,8.57104,8.57303,1.00,1.00
2016.09.28 12:37:25.055,8.57108,8.57288,1.00,1.00
2016.09.28 12:37:25.964,8.57112,8.57292,1.00,1.00
2016.09.28 12:37:27.604,8.57103,8.57268,1.00,1.00
2016.09.28 12:37:27.681,8.57103,8.57268,1.00,1.00
2016.09.28 12:37:27.841,8.57103,8.57266,1.00,1.00
2016.09.28 12:37:28.147,8.57103,8.57262,1.00,1.00
2016.09.28 12:37:28.649,8.57103,8.57263,1.00,1.00
2016.09.28 12:37:28.859,8.57082,8.57263,1.00,1.00
2016.09.28 12:37:28.969,8.57087,8.57267,1.00,1.50
2016.09.28 12:37:29.020,8.57087,8.57267,1.00,1.00
2016.09.28 12:37:29.071,8.57106,8.57269,1.00,1.00
2016.09.28 12:37:29.173,8.57106,8.57283,1.00,1.00
2016.09.28 12:37:29.312,8.57118,8.57298,1.00,1.00
2016.09.28 12:37:29.570,8.57109,8.57289,1.00,1.00
2016.09.28 12:37:30.072,8.57114,8.57292,1.00,1.00
2016.09.28 12:37:31.403,8.57132,8.57299,1.00,1.00
2016.09.28 12:37:31.556,8.57132,8.57312,1.00,1.00
2016.09.28 12:37:31.658,8.57132,8.57312,1.00,1.00
2016.09.28 12:37:31.759,8.57132,8.57312,1.00,1.00
2016.09.28 12:37:32.240,8.57132,8.57312,1.00,1.00
2016.09.28 12:37:32.387,8.57134,8.57325,1.00,1.00
2016.09.28 12:37:32.438,8.57143,8.57331,1.00,1.00
2016.09.28 12:37:32.489,8.57188,8.57331,1.00,1.00
2016.09.28 12:37:32.609,8.57184,8.57331,1.00,1.00
2016.09.28 12:37:32.662,8.57186,8.57387,1.00,1.00
2016.09.28 12:37:32.865,8.57186,8.57373,1.00,1.00
2016.09.28 12:37:32.916,8.57186,8.57367,1.50,1.00
2016.09.28 12:37:33.175,8.57186,8.5736,1.00,1.00
2016.09.28 12:37:33.277,8.57186,8.5736,1.00,1.50
2016.09.28 12:37:33.478,8.5718,8.5736,1.00,2.25
2016.09.28 12:37:33.985,8.57173,8.57354,1.00,1.00
2016.09.28 12:37:34.414,8.5717,8.57348,1.00,1.00
2016.09.28 12:37:34.996,8.57166,8.57359,1.00,1.00
2016.09.28 12:37:35.047,8.57166,8.57359,1.00,1.00
2016.09.28 12:37:35.176,8.57194,8.5736,1.00,1.00
2016.09.28 12:37:35.227,8.57218,8.57382,1.00,1.00
2016.09.28 12:37:35.278,8.57218,8.57393,1.00,1.00
2016.09.28 12:37:35.379,8.57219,8.5742,1.00,1.00
2016.09.28 12:37:35.782,8.57216,8.57381,1.50,1.00
2016.09.28 12:37:35.935,8.57216,8.5739,1.50,1.00
2016.09.28 12:37:36.090,8.57216,8.5739,1.00,1.00
2016.09.28 12:37:36.141,8.57216,8.5737,1.00,1.00
2016.09.28 12:37:36.397,8.57179,8.5737,1.00,1.00
2016.09.28 12:37:36.448,8.57179,8.5737,1.00,1.00
2016.09.28 12:37:36.550,8.57179,8.5738,1.00,1.00
2016.09.28 12:37:36.601,8.57191,8.5738,1.00,1.00
2016.09.28 12:37:36.973,8.57191,8.57376,1.00,1.00
2016.09.28 12:37:37.024,8.57179,8.57376,1.00,1.00
2016.09.28 12:37:37.074,8.57179,8.57376,1.00,1.00
2016.09.28 12:37:37.125,8.57185,8.57366,1.00,1.00
2016.09.28 12:37:37.248,8.57178,8.57376,1.00,1.00
2016.09.28 12:37:37.385,8.57184,8.57364,1.00,1.00
2016.09.28 12:37:38.086,8.57198,8.57376,1.00,1.00
2016.09.28 12:37:38.189,8.57179,8.57376,1.00,1.00
2016.09.28 12:37:38.587,8.57191,8.57372,1.00,1.00
2016.09.28 12:37:39.118,8.57191,8.57368,1.00,1.00
2016.09.28 12:37:39.454,8.57191,8.57352,1.00,1.00
2016.09.28 12:37:39.505,8.5718,8.57352,1.00,1.00
2016.09.28 12:37:40.020,8.5718,8.57361,1.00,1.50
2016.09.28 12:37:40.071,8.5718,8.57334,1.00,1.00
2016.09.28 12:37:40.173,8.57159,8.57334,1.00,1.00
2016.09.28 12:37:40.326,8.57147,8.57328,1.00,1.00
2016.09.28 12:37:40.581,8.57147,8.57322,1.00,1.00
2016.09.28 12:37:41.164,8.57147,8.57328,1.00,1.00
2016.09.28 12:37:41.275,8.5717,8.57328,1.00,1.00
2016.09.28 12:37:41.326,8.57184,8.57365,1.00,1.00
2016.09.28 12:37:41.493,8.57178,8.57358,1.00,1.00
2016.09.28 12:37:42.296,8.57183,8.57363,1.00,1.00
2016.09.28 12:37:44.503,8.57179,8.5736,1.00,1.00
2016.09.28 12:37:45.123,8.57178,8.57359,1.00,1.00
2016.09.28 12:37:45.486,8.57178,8.5735,1.00,1.00
2016.09.28 12:37:45.537,8.57173,8.5735,1.00,1.00
2016.09.28 12:37:45.882,8.57173,8.57354,1.00,1.00
2016.09.28 12:37:46.002,8.57177,8.57357,1.00,1.00
2016.09.28 12:37:46.503,8.57177,8.57347,1.00,1.00
2016.09.28 12:37:48.954,8.5717,8.57329,1.00,1.00
2016.09.28 12:37:49.005,8.5717,8.57329,1.00,1.00
2016.09.28 12:37:49.144,8.5717,8.5732,1.00,1.00
2016.09.28 12:37:49.195,8.5715,8.5732,1.50,1.00
2016.09.28 12:37:49.245,8.57138,8.57309,1.50,1.00
2016.09.28 12:37:49.296,8.57138,8.57309,1.50,1.00
2016.09.28 12:37:50.109,8.57138,8.57288,1.00,1.00
2016.09.28 12:37:50.160,8.57138,8.57288,1.00,1.00
2016.09.28 12:37:50.211,8.5711,8.5728,1.00,1.00
2016.09.28 12:37:50.313,8.5711,8.5728,1.00,1.00
2016.09.28 12:37:50.810,8.57118,8.57286,1.00,1.00
2016.09.28 12:37:50.912,8.57137,8.57298,1.00,1.00
2016.09.28 12:37:51.162,8.57137,8.57308,1.00,1.00
2016.09.28 12:37:51.849,8.57144,8.57315,1.00,1.50
2016.09.28 12:37:51.900,8.57144,8.57315,1.00,1.50
2016.09.28 12:37:51.950,8.57155,8.57315,1.00,1.00
2016.09.28 12:37:52.052,8.57155,8.57326,1.00,1.00
2016.09.28 12:37:52.914,8.57168,8.57338,1.00,1.00
2016.09.28 12:37:53.117,8.57176,8.57346,1.00,1.50
2016.09.28 12:37:53.281,8.57176,8.57346,1.00,1.50
2016.09.28 12:37:53.818,8.57188,8.57358,1.00,1.00
2016.09.28 12:37:54.087,8.57182,8.57358,1.00,1.00
2016.09.28 12:37:54.138,8.57184,8.57358,1.00,1.00
2016.09.28 12:37:54.823,8.57177,8.57351,1.00,1.00
2016.09.28 12:37:55.331,8.57173,8.57347,1.00,1.00
2016.09.28 12:37:55.432,8.57173,8.57347,1.00,1.00
2016.09.28 12:37:55.704,8.57173,8.57347,1.00,1.00
2016.09.28 12:37:55.805,8.57173,8.57347,1.00,1.00
2016.09.28 12:37:55.941,8.57179,8.57354,1.00,1.00
2016.09.28 12:37:55.993,8.57179,8.57354,1.00,1.00
2016.09.28 12:37:56.044,8.57197,8.57367,1.00,1.00
2016.09.28 12:37:56.197,8.57197,8.57367,1.00,1.00
2016.09.28 12:37:56.248,8.57208,8.57367,1.00,1.00
2016.09.28 12:37:56.349,8.57186,8.5736,1.00,1.00
2016.09.28 12:37:56.514,8.57197,8.57366,1.00,1.00
2016.09.28 12:37:57.078,8.57197,8.57367,1.00,1.00
2016.09.28 12:37:57.129,8.57206,8.57367,1.00,1.00
2016.09.28 12:37:57.440,8.5721,8.57367,1.00,1.00
2016.09.28 12:37:57.592,8.5721,8.57367,1.00,1.00
2016.09.28 12:37:57.643,8.57217,8.57367,1.00,1.00
2016.09.28 12:37:57.694,8.57217,8.57376,1.00,1.00
2016.09.28 12:37:57.745,8.57215,8.5739,1.00,1.00
2016.09.28 12:37:57.911,8.57234,8.57398,1.00,1.00
2016.09.28 12:37:58.013,8.57234,8.57406,1.00,1.00
2016.09.28 12:38:00.433,8.57221,8.57396,1.00,1.00
2016.09.28 12:38:00.536,8.57221,8.57396,1.00,1.00
2016.09.28 12:38:00.719,8.5724,8.57406,1.00,1.00
2016.09.28 12:38:00.951,8.57253,8.57406,1.00,1.00
2016.09.28 12:38:01.002,8.57253,8.57406,1.00,1.00
2016.09.28 12:38:01.053,8.57253,8.57417,1.00,1.00
2016.09.28 12:38:01.280,8.57253,8.57425,1.00,1.00
2016.09.28 12:38:01.570,8.5726,8.57432,1.00,1.00
2016.09.28 12:38:02.073,8.57275,8.57432,1.00,1.00
2016.09.28 12:38:02.124,8.57275,8.57436,1.00,1.00
2016.09.28 12:38:02.176,8.57275,8.57447,1.00,1.00
2016.09.28 12:38:02.277,8.57285,8.57447,1.00,1.00
2016.09.28 12:38:02.379,8.57272,8.57446,1.00,1.00
2016.09.28 12:38:02.430,8.57272,8.57446,1.00,1.00
2016.09.28 12:38:02.777,8.57261,8.57432,1.00,1.00
2016.09.28 12:38:03.081,8.57265,8.57438,1.00,1.00
2016.09.28 12:38:03.362,8.57265,8.57428,1.00,1.00
2016.09.28 12:38:03.732,8.57261,8.57428,1.00,1.00
2016.09.28 12:38:04.245,8.57261,8.57433,1.00,1.00
2016.09.28 12:38:04.353,8.57263,8.57438,1.00,1.00
2016.09.28 12:38:04.455,8.57274,8.57448,1.00,1.00
2016.09.28 12:38:04.610,8.57274,8.57441,1.00,1.00
2016.09.28 12:38:04.661,8.57264,8.57439,1.00,1.00
2016.09.28 12:38:05.195,8.57264,8.57438,1.00,1.00
2016.09.28 12:38:05.335,8.57261,8.57422,1.00,1.00
2016.09.28 12:38:06.284,8.57261,8.57426,1.00,1.00
2016.09.28 12:38:06.985,8.57261,8.57435,1.00,1.00
2016.09.28 12:38:10.346,8.57261,8.57435,1.00,1.00
2016.09.28 12:38:11.951,8.57262,8.57435,1.00,1.00
2016.09.28 12:38:12.272,8.57285,8.57451,1.00,1.00
2016.09.28 12:38:12.803,8.57285,8.57457,1.00,1.00
2016.09.28 12:38:13.158,8.57272,8.57442,1.00,1.00
2016.09.28 12:38:13.260,8.57272,8.57442,1.00,1.00
2016.09.28 12:38:13.484,8.57274,8.57447,1.00,1.00
2016.09.28 12:38:13.588,8.57288,8.57451,1.00,1.00
2016.09.28 12:38:13.697,8.57288,8.5746,1.00,1.00
2016.09.28 12:38:13.871,8.57288,8.5746,1.00,1.00
2016.09.28 12:38:14.613,8.57289,8.57461,1.00,1.50
2016.09.28 12:38:14.764,8.57291,8.57461,1.00,1.50
2016.09.28 12:38:15.565,8.57287,8.57457,1.00,1.00
2016.09.28 12:38:15.866,8.57272,8.57443,1.50,1.00
2016.09.28 12:38:15.968,8.57272,8.57438,1.00,1.00
2016.09.28 12:38:16.159,8.57272,8.57438,1.00,1.00
2016.09.28 12:38:16.365,8.57261,8.57431,1.00,1.00
2016.09.28 12:38:16.467,8.57272,8.5744,1.00,1.00
2016.09.28 12:38:17.317,8.5726,8.57431,1.00,1.00
2016.09.28 12:38:17.497,8.57251,8.57422,1.00,1.00
2016.09.28 12:38:17.816,8.5726,8.57431,1.00,1.00
2016.09.28 12:38:18.470,8.57264,8.57435,1.00,1.00
2016.09.28 12:38:18.975,8.57259,8.57427,1.00,1.00
2016.09.28 12:38:19.472,8.57254,8.57424,1.00,1.00
2016.09.28 12:38:19.980,8.57258,8.57428,1.00,1.00
2016.09.28 12:38:20.774,8.57263,8.57433,1.00,1.00
2016.09.28 12:38:21.301,8.57257,8.57427,1.00,1.00
2016.09.28 12:38:22.074,8.5726,8.57428,1.00,1.00
2016.09.28 12:38:22.125,8.57254,8.57424,1.00,1.00
2016.09.28 12:38:22.227,8.57248,8.57409,1.50,1.00
2016.09.28 12:38:22.278,8.57248,8.57409,1.00,1.00
2016.09.28 12:38:22.329,8.57244,8.57409,1.00,1.00
2016.09.28 12:38:22.586,8.57244,8.57398,1.00,1.00
2016.09.28 12:38:22.637,8.57244,8.57398,1.00,1.00
2016.09.28 12:38:22.891,8.57241,8.57411,1.00,1.00
2016.09.28 12:38:22.993,8.57254,8.57424,1.00,1.50
2016.09.28 12:38:23.988,8.57258,8.57424,1.00,1.00
2016.09.28 12:38:25.185,8.57258,8.57424,1.00,1.00
2016.09.28 12:38:25.287,8.57258,8.57424,1.00,1.00
2016.09.28 12:38:25.586,8.57258,8.57424,1.00,1.00
2016.09.28 12:38:25.687,8.57251,8.5742,1.00,1.00
2016.09.28 12:38:25.789,8.57242,8.57412,1.00,1.00
2016.09.28 12:38:25.921,8.57242,8.574,1.00,1.00
2016.09.28 12:38:26.023,8.57242,8.574,1.00,1.00
2016.09.28 12:38:26.512,8.57242,8.57394,1.00,1.00
2016.09.28 12:38:26.670,8.57231,8.57394,1.00,1.00
2016.09.28 12:38:26.722,8.57222,8.5739,1.00,1.00
2016.09.28 12:38:27.091,8.57222,8.5739,1.00,1.00
2016.09.28 12:38:27.302,8.57213,8.57384,1.00,1.00
2016.09.28 12:38:27.512,8.57212,8.57368,1.00,1.00
2016.09.28 12:38:27.614,8.57212,8.57362,1.00,1.00
2016.09.28 12:38:27.665,8.57193,8.57362,1.00,1.00
2016.09.28 12:38:27.716,8.57193,8.57356,1.00,1.00
2016.09.28 12:38:27.818,8.57186,8.57354,1.00,1.00
2016.09.28 12:38:27.876,8.57184,8.57354,1.00,1.00
2016.09.28 12:38:28.691,8.57173,8.57343,1.00,1.00
2016.09.28 12:38:29.009,8.57168,8.57338,1.00,1.00
2016.09.28 12:38:29.944,8.57177,8.57348,1.00,1.00
2016.09.28 12:38:30.101,8.57162,8.57322,1.00,1.00
2016.09.28 12:38:30.152,8.57162,8.57322,1.00,1.00
2016.09.28 12:38:30.203,8.57153,8.57322,1.00,1.00
2016.09.28 12:38:30.408,8.57153,8.57309,1.00,1.00
2016.09.28 12:38:30.459,8.57143,8.57309,1.00,1.00
2016.09.28 12:38:31.100,8.57144,8.57314,1.00,1.00
2016.09.28 12:38:31.928,8.57143,8.5731,1.00,1.00
2016.09.28 12:38:32.098,8.5714,8.5731,1.00,1.00
2016.09.28 12:38:32.428,8.57135,8.57306,1.00,1.00
2016.09.28 12:38:32.691,8.57135,8.57306,1.00,1.50
2016.09.28 12:38:32.742,8.57112,8.57283,1.50,1.00
2016.09.28 12:38:32.947,8.57122,8.57289,1.00,1.00
2016.09.28 12:38:33.111,8.57138,8.57289,1.00,1.00
2016.09.28 12:38:33.162,8.57138,8.57289,1.00,1.00
2016.09.28 12:38:34.108,8.57137,8.57289,1.00,1.00
2016.09.28 12:38:34.363,8.57085,8.5724,1.00,1.00
2016.09.28 12:38:34.415,8.57064,8.5721,1.00,1.60
2016.09.28 12:38:34.466,8.5704,8.5721,1.00,1.60
2016.09.28 12:38:34.518,8.5704,8.5721,1.00,1.60
2016.09.28 12:38:34.569,8.5704,8.57157,1.00,1.00
2016.09.28 12:38:34.619,8.57018,8.57157,1.00,1.00
2016.09.28 12:38:34.822,8.57018,8.57157,1.00,1.00
2016.09.28 12:38:34.924,8.56984,8.57143,1.00,1.00
2016.09.28 12:38:34.974,8.56981,8.57132,1.00,1.00
2016.09.28 12:38:35.025,8.56981,8.571,1.00,1.00
2016.09.28 12:38:35.127,8.56949,8.571,1.00,1.00
2016.09.28 12:38:35.178,8.56949,8.57082,1.00,1.00
2016.09.28 12:38:35.510,8.56934,8.57062,1.00,1.00
2016.09.28 12:38:36.326,8.56934,8.57062,1.00,1.00
2016.09.28 12:38:36.617,8.56924,8.57062,1.00,1.00
2016.09.28 12:38:36.882,8.56924,8.57087,1.00,1.00
2016.09.28 12:38:37.413,8.56919,8.57087,1.00,1.00
2016.09.28 12:38:38.496,8.56918,8.57087,1.00,1.00
2016.09.28 12:38:38.915,8.56913,8.57083,1.00,1.00
2016.09.28 12:38:39.017,8.5693,8.57087,1.00,1.00
2016.09.28 12:38:39.070,8.56931,8.57101,1.00,1.00
2016.09.28 12:38:39.120,8.56959,8.57109,1.00,1.00
2016.09.28 12:38:39.217,8.56959,8.57109,1.00,1.00
2016.09.28 12:38:39.284,8.57007,8.57156,1.00,1.00
2016.09.28 12:38:39.541,8.57007,8.57177,1.00,1.00
2016.09.28 12:38:39.717,8.57009,8.57178,1.00,1.00
2016.09.28 12:38:40.167,8.57024,8.57178,1.00,1.00
2016.09.28 12:38:40.528,8.57027,8.57178,1.00,1.00
2016.09.28 12:38:41.060,8.57101,8.57178,1.00,1.00
2016.09.28 12:38:41.111,8.57101,8.57222,1.00,1.00
2016.09.28 12:38:41.162,8.57085,8.57227,1.00,1.00
2016.09.28 12:38:41.213,8.57085,8.57247,1.00,1.00
2016.09.28 12:38:41.315,8.57106,8.57247,1.00,1.00
2016.09.28 12:38:41.365,8.57106,8.57247,1.00,1.00
2016.09.28 12:38:41.564,8.57106,8.57272,1.00,1.00
2016.09.28 12:38:41.794,8.57106,8.57272,1.37,1.00
2016.09.28 12:38:42.022,8.57114,8.57272,1.00,1.00
2016.09.28 12:38:42.351,8.57122,8.57272,1.00,1.00
2016.09.28 12:38:42.933,8.57133,8.57272,1.00,1.00
2016.09.28 12:38:43.263,8.57129,8.57272,1.00,1.00
2016.09.28 12:38:43.424,8.5712,8.57272,1.00,1.00
2016.09.28 12:38:43.627,8.57109,8.57272,1.37,1.00
2016.09.28 12:38:43.779,8.57109,8.57272,1.00,1.00
2016.09.28 12:38:43.881,8.57109,8.57272,1.00,1.00
2016.09.28 12:38:43.932,8.57104,8.57259,1.00,1.00
2016.09.28 12:38:44.062,8.57104,8.57252,1.00,1.00
2016.09.28 12:38:44.113,8.57086,8.57252,1.00,1.00
2016.09.28 12:38:44.164,8.57086,8.57252,1.00,1.00
2016.09.28 12:38:44.225,8.5708,8.57251,1.00,1.00
2016.09.28 12:38:44.327,8.5708,8.57232,1.00,1.00
2016.09.28 12:38:44.540,8.57073,8.57232,1.37,1.00
2016.09.28 12:38:44.651,8.57073,8.57222,1.37,1.00
2016.09.28 12:38:44.702,8.57073,8.57207,1.00,1.00
2016.09.28 12:38:44.754,8.57073,8.57207,1.00,1.00
2016.09.28 12:38:44.805,8.57049,8.57207,1.00,1.00
2016.09.28 12:38:45.641,8.57049,8.57207,1.00,1.00
2016.09.28 12:38:45.728,8.57047,8.57207,1.00,1.00
2016.09.28 12:38:46.046,8.57047,8.57207,1.00,1.00
2016.09.28 12:38:46.147,8.57057,8.57207,1.00,1.00
2016.09.28 12:38:46.329,8.57046,8.57207,1.00,1.00
2016.09.28 12:38:46.380,8.57046,8.57207,1.00,1.00
2016.09.28 12:38:46.488,8.57046,8.57207,1.00,1.00
2016.09.28 12:38:46.640,8.57056,8.57207,1.00,1.00
2016.09.28 12:38:46.977,8.57056,8.57207,1.12,1.00
2016.09.28 12:38:47.131,8.5706,8.57207,1.00,1.00
2016.09.28 12:38:47.232,8.57057,8.57207,1.00,1.00
2016.09.28 12:38:47.815,8.57058,8.57207,1.00,1.00
2016.09.28 12:38:47.866,8.57042,8.57207,1.87,1.00
2016.09.28 12:38:48.233,8.57058,8.57207,1.00,1.00
2016.09.28 12:38:48.589,8.57058,8.57207,1.37,1.00
2016.09.28 12:38:48.886,8.57058,8.57207,1.37,1.00
2016.09.28 12:38:49.271,8.57071,8.57207,1.00,1.00
2016.09.28 12:38:49.424,8.57071,8.57207,1.37,1.00
2016.09.28 12:38:49.652,8.57071,8.57207,1.37,1.00
2016.09.28 12:38:50.273,8.57083,8.57237,1.37,1.00
2016.09.28 12:38:50.374,8.57094,8.57237,1.37,1.00
2016.09.28 12:38:50.476,8.57125,8.57237,1.37,1.00
2016.09.28 12:38:50.577,8.57139,8.57259,1.00,1.00
2016.09.28 12:38:50.726,8.57139,8.57291,1.00,1.00
2016.09.28 12:38:50.980,8.57139,8.57291,1.00,1.00
2016.09.28 12:38:51.499,8.57139,8.57291,1.00,1.00
2016.09.28 12:38:51.550,8.57142,8.57291,1.00,1.00
2016.09.28 12:38:51.739,8.57147,8.57291,1.00,1.00
2016.09.28 12:38:51.790,8.57147,8.57291,1.37,1.00
2016.09.28 12:38:51.892,8.57153,8.57291,1.37,1.00
2016.09.28 12:38:52.006,8.57153,8.5731,1.37,1.00
2016.09.28 12:38:52.057,8.57163,8.5731,1.00,1.00
2016.09.28 12:38:52.108,8.57163,8.5731,1.00,1.00
2016.09.28 12:38:52.172,8.57163,8.5731,1.00,1.00
2016.09.28 12:38:52.361,8.57163,8.5731,1.00,1.00
2016.09.28 12:38:52.889,8.5716,8.5731,1.37,1.00
2016.09.28 12:38:53.064,8.5716,8.5731,1.37,1.00
2016.09.28 12:38:53.319,8.5716,8.5731,1.00,1.00
2016.09.28 12:38:53.370,8.57172,8.5731,1.00,1.00
2016.09.28 12:38:53.626,8.57173,8.57335,1.00,1.00
2016.09.28 12:38:53.676,8.57173,8.57335,1.00,1.00
2016.09.28 12:38:54.064,8.57173,8.57313,1.00,1.00
2016.09.28 12:38:54.115,8.57173,8.57313,1.00,1.00
2016.09.28 12:38:54.166,8.5716,8.57313,1.00,1.00
2016.09.28 12:38:54.370,8.5716,8.57313,1.00,1.00
2016.09.28 12:38:54.680,8.57156,8.57313,1.00,1.00
2016.09.28 12:38:54.879,8.57156,8.57313,1.00,1.00
2016.09.28 12:38:55.075,8.57156,8.57313,1.00,1.00
2016.09.28 12:38:57.866,8.57156,8.57295,1.00,1.00
2016.09.28 12:38:58.532,8.57153,8.57295,1.00,1.00
2016.09.28 12:38:58.973,8.57137,8.57295,1.00,1.00
2016.09.28 12:38:59.023,8.57137,8.57295,1.00,1.00
2016.09.28 12:38:59.125,8.57137,8.57295,1.00,1.00
2016.09.28 12:38:59.270,8.57156,8.57295,1.00,1.00
2016.09.28 12:38:59.976,8.57149,8.57295,1.00,1.00
2016.09.28 12:39:01.106,8.57151,8.57295,1.00,1.00
2016.09.28 12:39:01.698,8.57151,8.57295,1.00,1.00
2016.09.28 12:39:02.165,8.57155,8.57295,1.00,1.00
2016.09.28 12:39:02.367,8.57149,8.57295,1.00,1.00
2016.09.28 12:39:02.469,8.5717,8.57295,1.00,1.00
2016.09.28 12:39:02.520,8.5717,8.57295,1.00,1.00
2016.09.28 12:39:02.571,8.5717,8.57327,1.00,1.00
2016.09.28 12:39:02.622,8.57179,8.57327,1.00,1.00
2016.09.28 12:39:03.167,8.57179,8.57327,1.50,1.00
2016.09.28 12:39:03.367,8.57185,8.57327,1.00,1.00
2016.09.28 12:39:03.467,8.57179,8.57327,1.50,1.00
2016.09.28 12:39:04.186,8.57179,8.57327,1.00,1.00
2016.09.28 12:39:04.389,8.57179,8.57305,1.00,1.00
2016.09.28 12:39:04.439,8.57159,8.57305,1.00,1.00
2016.09.28 12:39:04.490,8.57154,8.57305,1.00,1.00
2016.09.28 12:39:04.870,8.57165,8.57305,1.00,1.00
2016.09.28 12:39:07.573,8.57161,8.57305,1.00,1.00
2016.09.28 12:39:08.575,8.57152,8.57305,1.00,1.00
2016.09.28 12:39:08.806,8.57152,8.57305,1.00,1.00
2016.09.28 12:39:09.476,8.57153,8.57305,1.00,1.00
2016.09.28 12:39:09.628,8.57153,8.57305,1.00,1.00
2016.09.28 12:39:10.477,8.57152,8.57305,1.00,1.00
2016.09.28 12:39:14.341,8.57152,8.57305,1.00,1.00
2016.09.28 12:39:14.392,8.57175,8.57305,1.00,1.00
2016.09.28 12:39:14.493,8.57169,8.57327,1.00,1.00
2016.09.28 12:39:14.770,8.57169,8.57327,1.00,1.00
2016.09.28 12:39:15.184,8.5718,8.57327,1.00,1.00
2016.09.28 12:39:16.602,8.57174,8.57327,1.00,1.00
2016.09.28 12:39:16.997,8.57182,8.57327,1.00,1.00
2016.09.28 12:39:17.102,8.57176,8.57327,1.00,1.00
2016.09.28 12:39:17.587,8.57182,8.57327,1.00,1.00
2016.09.28 12:39:18.589,8.5719,8.57327,1.00,1.00
2016.09.28 12:39:19.095,8.57185,8.57327,1.00,1.00
2016.09.28 12:39:19.891,8.57189,8.57327,1.00,1.00
2016.09.28 12:39:19.993,8.5718,8.57327,1.00,1.00
2016.09.28 12:39:20.492,8.57191,8.57327,1.00,1.00
2016.09.28 12:39:20.898,8.57196,8.57327,1.00,1.00
2016.09.28 12:39:22.543,8.57205,8.57327,1.00,1.00
2016.09.28 12:39:22.594,8.57205,8.57349,1.00,1.00
2016.09.28 12:39:22.645,8.57221,8.57349,1.00,1.00
2016.09.28 12:39:23.140,8.57208,8.57349,1.00,1.00
2016.09.28 12:39:23.600,8.57206,8.57349,1.00,1.00
2016.09.28 12:39:24.651,8.57232,8.57349,1.00,1.00
2016.09.28 12:39:24.976,8.57269,8.57444,1.00,1.00
2016.09.28 12:39:25.280,8.57269,8.57428,1.00,1.00
2016.09.28 12:39:25.382,8.57269,8.57428,1.00,1.00
2016.09.28 12:39:25.563,8.57269,8.57428,1.00,1.00
2016.09.28 12:39:25.752,8.57269,8.57428,1.00,1.00
2016.09.28 12:39:26.214,8.57277,8.57428,1.00,1.00
2016.09.28 12:39:26.315,8.57271,8.57428,1.00,1.00
2016.09.28 12:39:26.366,8.57271,8.57428,1.00,1.00
2016.09.28 12:39:26.685,8.57293,8.57428,1.00,1.00
2016.09.28 12:39:26.787,8.57293,8.57451,1.00,1.00
2016.09.28 12:39:26.837,8.573,8.57451,1.00,1.00
2016.09.28 12:39:27.541,8.57309,8.57451,1.00,1.00
2016.09.28 12:39:27.834,8.57305,8.57451,1.00,1.00
2016.09.28 12:39:28.743,8.57307,8.57451,1.00,1.00
2016.09.28 12:39:28.946,8.57321,8.5747,1.00,1.00
2016.09.28 12:39:28.997,8.57321,8.5747,1.00,1.00
2016.09.28 12:39:29.099,8.57321,8.5747,1.00,1.00
2016.09.28 12:39:29.717,8.57311,8.5747,1.00,1.00
2016.09.28 12:39:30.003,8.57328,8.5747,1.00,1.00
2016.09.28 12:39:30.054,8.57334,8.5747,1.00,1.00
2016.09.28 12:39:30.156,8.57328,8.5747,1.00,1.00
2016.09.28 12:39:30.707,8.57328,8.57489,1.00,1.00
2016.09.28 12:39:30.848,8.57341,8.57489,1.00,1.00
2016.09.28 12:39:31.001,8.57341,8.57489,1.00,1.00
2016.09.28 12:39:31.123,8.57348,8.57489,1.00,1.00
2016.09.28 12:39:32.205,8.57348,8.57516,1.00,1.00
2016.09.28 12:39:32.306,8.57348,8.57516,1.00,1.00
2016.09.28 12:39:32.408,8.57348,8.57534,1.00,1.00
2016.09.28 12:39:32.669,8.5736,8.57536,1.00,1.00
2016.09.28 12:39:32.720,8.57386,8.57554,1.00,1.00
2016.09.28 12:39:32.771,8.57386,8.57562,1.00,1.00
2016.09.28 12:39:32.822,8.57386,8.57562,1.00,1.00
2016.09.28 12:39:32.873,8.57422,8.57562,1.00,1.00
2016.09.28 12:39:32.924,8.57422,8.57585,1.00,1.00
2016.09.28 12:39:33.875,8.57386,8.57568,1.00,1.00
2016.09.28 12:39:34.093,8.57386,8.57568,1.00,1.00
2016.09.28 12:39:34.307,8.57386,8.57568,1.00,1.00
2016.09.28 12:39:34.426,8.57386,8.57594,1.00,1.50
2016.09.28 12:39:34.480,8.57417,8.57594,1.00,1.00
2016.09.28 12:39:34.684,8.57417,8.57594,1.00,1.00
2016.09.28 12:39:34.865,8.57446,8.57594,1.00,1.00
2016.09.28 12:39:34.966,8.57446,8.57623,1.00,1.00
2016.09.28 12:39:35.065,8.57446,8.57623,1.00,1.00
2016.09.28 12:39:35.116,8.57456,8.57647,1.00,1.00
2016.09.28 12:39:35.218,8.57456,8.57647,1.00,1.00
2016.09.28 12:39:35.413,8.57456,8.5763,1.00,1.00
2016.09.28 12:39:35.515,8.57456,8.5763,1.00,1.00
2016.09.28 12:39:35.778,8.57456,8.57645,1.00,1.00
2016.09.28 12:39:35.879,8.57456,8.57643,1.00,1.00
2016.09.28 12:39:35.981,8.57456,8.57645,1.00,1.00
2016.09.28 12:39:36.830,8.57443,8.57632,1.00,1.00
2016.09.28 12:39:36.882,8.57441,8.57632,1.00,1.00
2016.09.28 12:39:37.011,8.57456,8.57645,1.00,1.00
2016.09.28 12:39:37.065,8.57456,8.57652,1.50,1.00
2016.09.28 12:39:37.116,8.57456,8.57657,1.50,1.00
2016.09.28 12:39:37.768,8.5746,8.57657,1.00,1.00
2016.09.28 12:39:37.841,8.57465,8.57656,1.00,1.00
2016.09.28 12:39:38.044,8.57456,8.57647,1.00,1.00
2016.09.28 12:39:38.941,8.57456,8.57651,1.00,1.00
2016.09.28 12:39:38.992,8.57475,8.57663,1.00,1.00
2016.09.28 12:39:39.133,8.57478,8.57663,1.00,1.00
2016.09.28 12:39:39.192,8.57478,8.57663,1.00,1.00
2016.09.28 12:39:39.305,8.57486,8.57669,1.00,1.00
2016.09.28 12:39:39.797,8.57486,8.57658,1.00,1.00
2016.09.28 12:39:40.129,8.57486,8.57654,1.00,1.00
2016.09.28 12:39:40.360,8.57466,8.57654,1.00,1.00
2016.09.28 12:39:40.411,8.57463,8.57647,1.00,1.00
2016.09.28 12:39:40.701,8.57455,8.57627,1.00,1.00
2016.09.28 12:39:40.955,8.57455,8.57627,1.00,1.50
2016.09.28 12:39:41.152,8.57427,8.57614,1.00,1.00
2016.09.28 12:39:41.203,8.57427,8.57614,1.00,1.00
2016.09.28 12:39:41.609,8.57417,8.57614,1.50,1.00
2016.09.28 12:39:42.076,8.57428,8.57614,1.00,1.50
2016.09.28 12:39:42.258,8.57436,8.57606,1.00,1.00
2016.09.28 12:39:43.260,8.57438,8.57608,1.00,1.00
2016.09.28 12:39:43.961,8.57432,8.57608,1.00,1.00
2016.09.28 12:39:44.063,8.57436,8.57608,1.00,1.00
2016.09.28 12:39:44.462,8.57445,8.57614,1.00,1.00
2016.09.28 12:39:44.716,8.57445,8.57618,1.00,1.00
2016.09.28 12:39:44.766,8.5746,8.57625,1.00,1.00
2016.09.28 12:39:45.071,8.57446,8.5761,1.00,1.00
2016.09.28 12:39:45.210,8.57446,8.57616,1.00,1.00
2016.09.28 12:39:45.261,8.57426,8.57612,1.50,1.00
2016.09.28 12:39:45.312,8.57438,8.57608,1.00,1.00
2016.09.28 12:39:46.287,8.57439,8.57609,1.00,1.00
2016.09.28 12:39:46.389,8.5743,8.57602,1.00,1.00
2016.09.28 12:39:47.392,8.57435,8.57607,1.00,1.00
2016.09.28 12:39:47.911,8.57424,8.57615,1.00,1.00
2016.09.28 12:39:48.016,8.57424,8.57615,1.00,1.00
2016.09.28 12:39:48.600,8.57433,8.57615,1.00,1.00
2016.09.28 12:39:48.727,8.57433,8.57615,1.00,1.00
2016.09.28 12:39:48.778,8.57435,8.57627,1.00,1.00
2016.09.28 12:39:48.942,8.57435,8.57627,1.00,1.00
2016.09.28 12:39:48.992,8.57468,8.5764,1.00,1.50
2016.09.28 12:39:49.095,8.57468,8.5764,1.00,1.00
2016.09.28 12:39:49.318,8.57426,8.57621,1.00,1.00
2016.09.28 12:39:49.628,8.57426,8.57607,1.00,1.00
2016.09.28 12:39:50.125,8.57426,8.57607,1.00,1.00
2016.09.28 12:39:50.176,8.57421,8.57607,1.00,1.00
2016.09.28 12:39:50.753,8.57421,8.57604,1.00,1.00
2016.09.28 12:39:51.412,8.57417,8.57604,1.00,1.00
2016.09.28 12:39:51.513,8.57417,8.57583,1.00,1.00
2016.09.28 12:39:51.564,8.57417,8.57583,1.00,1.00
2016.09.28 12:39:51.819,8.57417,8.57585,1.00,1.00
2016.09.28 12:39:52.154,8.57417,8.57585,1.00,1.00
2016.09.28 12:39:52.256,8.57417,8.57585,1.00,1.00
2016.09.28 12:39:53.940,8.57417,8.5758,1.00,1.00
2016.09.28 12:39:55.743,8.57417,8.57585,1.00,1.00
2016.09.28 12:39:55.948,8.57417,8.57585,1.00,1.00
2016.09.28 12:39:56.788,8.57417,8.57574,1.00,1.00
2016.09.28 12:39:56.890,8.57388,8.57566,1.00,1.00
2016.09.28 12:39:57.304,8.5739,8.57566,1.00,1.00
2016.09.28 12:39:58.398,8.57392,8.57566,1.00,1.00
2016.09.28 12:39:58.694,8.57388,8.57566,1.00,1.00
2016.09.28 12:39:58.937,8.57388,8.57566,1.00,1.00
2016.09.28 12:39:59.058,8.57388,8.57566,1.00,1.00
2016.09.28 12:39:59.696,8.57393,8.57566,1.00,1.00
2016.09.28 12:40:00.761,8.57393,8.57566,1.00,1.00
2016.09.28 12:40:01.099,8.5739,8.57566,1.00,1.00
2016.09.28 12:40:01.663,8.5739,8.57566,1.00,1.00
2016.09.28 12:40:02.004,8.57392,8.57566,1.00,1.00
2016.09.28 12:40:02.721,8.57392,8.57566,1.00,1.00
2016.09.28 12:40:03.004,8.57388,8.57566,1.00,1.00
2016.09.28 12:40:03.238,8.57391,8.57566,1.00,1.00
2016.09.28 12:40:04.205,8.57392,8.57566,1.00,1.00
2016.09.28 12:40:05.708,8.57386,8.57566,1.00,1.00
2016.09.28 12:40:06.429,8.57402,8.57566,1.00,1.00
2016.09.28 12:40:06.530,8.57409,8.57566,1.00,1.00
2016.09.28 12:40:07.412,8.574,8.57566,1.00,1.00
2016.09.28 12:40:07.517,8.57394,8.57564,1.00,1.00
2016.09.28 12:40:08.996,8.57407,8.57564,1.00,1.00
2016.09.28 12:40:09.328,8.57407,8.57566,1.00,1.00
2016.09.28 12:40:09.723,8.57411,8.57566,1.00,1.00
2016.09.28 12:40:11.349,8.57406,8.57566,1.00,1.00
2016.09.28 12:40:11.400,8.57406,8.57566,1.00,1.00
2016.09.28 12:40:11.577,8.57408,8.57566,1.00,1.00
2016.09.28 12:40:11.628,8.57408,8.57588,1.00,1.50
2016.09.28 12:40:11.730,8.57434,8.57588,1.00,1.50
2016.09.28 12:40:11.781,8.57434,8.57588,1.00,1.00
2016.09.28 12:40:11.831,8.57434,8.57608,1.00,1.00
2016.09.28 12:40:11.882,8.57434,8.57608,1.00,1.00
2016.09.28 12:40:11.933,8.57434,8.57608,1.00,1.00
2016.09.28 12:40:12.035,8.57462,8.57608,1.00,1.00
2016.09.28 12:40:12.136,8.57488,8.57632,1.00,1.00
2016.09.28 12:40:12.187,8.57488,8.57632,1.00,1.00
2016.09.28 12:40:12.311,8.57488,8.57653,1.00,1.00
2016.09.28 12:40:12.363,8.57488,8.57661,1.00,1.00
2016.09.28 12:40:12.415,8.57488,8.57663,1.00,1.00
2016.09.28 12:40:12.575,8.57488,8.57659,1.00,1.00
2016.09.28 12:40:12.908,8.57494,8.57659,1.00,1.00
2016.09.28 12:40:13.589,8.57494,8.57659,1.37,1.00
2016.09.28 12:40:13.640,8.57503,8.57666,1.12,1.00
2016.09.28 12:40:13.741,8.57503,8.57666,1.12,1.00
2016.09.28 12:40:13.955,8.57514,8.57666,1.00,1.00
2016.09.28 12:40:14.110,8.57521,8.57666,1.00,1.00
2016.09.28 12:40:14.161,8.57539,8.57666,1.00,1.00
2016.09.28 12:40:14.218,8.57539,8.57704,1.00,1.00
2016.09.28 12:40:14.269,8.57548,8.57704,1.00,1.00
2016.09.28 12:40:14.320,8.57548,8.57715,1.00,1.00
2016.09.28 12:40:14.648,8.57548,8.57715,1.00,1.00
2016.09.28 12:40:14.723,8.57557,8.57715,1.00,1.00
2016.09.28 12:40:14.926,8.57557,8.57726,1.00,1.00
2016.09.28 12:40:15.139,8.57573,8.57743,1.00,1.00
2016.09.28 12:40:15.342,8.57573,8.57737,1.00,1.00
2016.09.28 12:40:15.656,8.57573,8.57737,1.00,1.00
2016.09.28 12:40:15.860,8.57573,8.57737,1.00,1.00
2016.09.28 12:40:15.911,8.57573,8.57743,1.00,1.00
2016.09.28 12:40:16.116,8.57573,8.57743,1.00,1.00
2016.09.28 12:40:16.167,8.5757,8.57742,1.00,1.00
2016.09.28 12:40:16.435,8.5757,8.57742,1.00,1.00
2016.09.28 12:40:16.954,8.5757,8.57735,1.00,1.00
2016.09.28 12:40:17.027,8.57568,8.57735,1.00,1.00
2016.09.28 12:40:17.129,8.57568,8.57735,1.00,1.00
2016.09.28 12:40:17.261,8.57568,8.57735,1.00,1.00
2016.09.28 12:40:18.139,8.57571,8.57735,1.00,1.00
2016.09.28 12:40:18.668,8.57563,8.57735,1.00,1.00
2016.09.28 12:40:18.940,8.57566,8.57735,1.00,1.00
2016.09.28 12:40:18.991,8.57566,8.57738,1.00,1.00
2016.09.28 12:40:19.042,8.57573,8.57738,1.00,1.00
2016.09.28 12:40:19.237,8.57575,8.57748,1.00,1.00
2016.09.28 12:40:20.142,8.57574,8.57747,1.00,1.00
2016.09.28 12:40:20.582,8.57573,8.57734,1.00,1.00
2016.09.28 12:40:20.930,8.57555,8.57727,1.00,1.00
2016.09.28 12:40:21.572,8.57565,8.57737,1.00,1.00
2016.09.28 12:40:21.623,8.57565,8.57737,1.00,1.00
2016.09.28 12:40:21.674,8.57565,8.57737,1.00,1.00
2016.09.28 12:40:21.962,8.57561,8.57734,1.50,1.00
2016.09.28 12:40:22.744,8.57584,8.57741,1.00,1.00
2016.09.28 12:40:22.868,8.57584,8.57757,1.00,1.00
2016.09.28 12:40:22.927,8.57603,8.57757,1.00,1.00
2016.09.28 12:40:22.978,8.57606,8.57769,1.00,1.00
2016.09.28 12:40:23.030,8.57606,8.57778,1.00,1.00
2016.09.28 12:40:23.182,8.57621,8.5779,1.00,1.00
2016.09.28 12:40:23.310,8.57621,8.57793,1.00,1.00
2016.09.28 12:40:23.361,8.57621,8.57793,1.00,1.00
2016.09.28 12:40:23.950,8.57621,8.57793,1.00,1.00
2016.09.28 12:40:24.001,8.57626,8.57798,1.00,1.00
2016.09.28 12:40:24.564,8.57622,8.57794,1.00,1.00
2016.09.28 12:40:25.295,8.57622,8.57794,1.00,1.00
2016.09.28 12:40:25.499,8.57612,8.57784,1.00,1.00
2016.09.28 12:40:25.550,8.57612,8.5777,1.00,1.00
2016.09.28 12:40:25.601,8.57612,8.5777,1.00,1.00
2016.09.28 12:40:25.652,8.57612,8.5777,1.00,1.00
2016.09.28 12:40:26.204,8.57612,8.57765,1.00,1.00
2016.09.28 12:40:26.255,8.57594,8.57765,1.37,1.00
2016.09.28 12:40:26.407,8.57593,8.57746,1.37,1.00
2016.09.28 12:40:26.458,8.57573,8.57746,1.37,1.00
2016.09.28 12:40:26.857,8.57573,8.57746,1.37,1.00
2016.09.28 12:40:27.374,8.57573,8.57746,1.37,1.00
2016.09.28 12:40:27.859,8.57573,8.57746,1.37,1.00
2016.09.28 12:40:28.476,8.57573,8.57746,1.00,1.00
2016.09.28 12:40:29.110,8.57569,8.57742,1.00,1.00
2016.09.28 12:40:29.751,8.57568,8.5774,1.00,1.00
2016.09.28 12:40:30.953,8.5757,8.57742,1.00,1.00
2016.09.28 12:40:32.783,8.5759,8.57752,1.00,1.00
2016.09.28 12:40:32.885,8.57604,8.57752,1.00,1.00
2016.09.28 12:40:33.091,8.57604,8.57776,1.00,1.00
2016.09.28 12:40:33.694,8.57616,8.57779,1.00,1.00
2016.09.28 12:40:33.898,8.57628,8.57763,1.50,1.00
2016.09.28 12:40:33.985,8.57628,8.57763,1.00,1.00
2016.09.28 12:40:34.087,8.57592,8.57742,1.00,1.00
2016.09.28 12:40:34.139,8.57592,8.57742,1.37,1.00
2016.09.28 12:40:34.222,8.57579,8.57727,1.37,1.00
2016.09.28 12:40:34.272,8.57537,8.57712,1.37,1.00
2016.09.28 12:40:34.374,8.57555,8.57727,1.37,1.00
2016.09.28 12:40:34.508,8.57555,8.57727,1.37,1.00
2016.09.28 12:40:34.561,8.57555,8.57711,1.37,1.00
2016.09.28 12:40:35.210,8.57563,8.57711,1.37,1.00
2016.09.28 12:40:35.364,8.57563,8.57711,1.12,1.00
2016.09.28 12:40:35.415,8.57563,8.57711,1.12,1.00
2016.09.28 12:40:35.710,8.57553,8.57711,1.37,1.00
2016.09.28 12:40:36.024,8.57553,8.57711,1.37,1.00
2016.09.28 12:40:36.548,8.57541,8.57711,1.37,1.00
2016.09.28 12:40:37.578,8.57564,8.57711,1.37,1.00
2016.09.28 12:40:37.681,8.57564,8.5773,1.37,1.00
2016.09.28 12:40:37.999,8.57559,8.5773,1.37,1.00
2016.09.28 12:40:38.218,8.57543,8.57714,1.37,1.00
2016.09.28 12:40:38.569,8.57549,8.57722,1.37,1.00
2016.09.28 12:40:38.671,8.57561,8.5773,1.37,1.00
2016.09.28 12:40:39.071,8.57561,8.5773,1.00,1.00
2016.09.28 12:40:39.223,8.57561,8.5773,1.00,1.50
2016.09.28 12:40:39.725,8.57562,8.5773,1.00,1.50
2016.09.28 12:40:40.182,8.57562,8.5773,1.00,1.00
2016.09.28 12:40:40.409,8.57562,8.5773,1.37,1.00
2016.09.28 12:40:40.673,8.57559,8.5773,1.37,1.00
2016.09.28 12:40:40.773,8.57562,8.5773,1.37,1.00
2016.09.28 12:40:41.997,8.57551,8.57723,1.37,1.50
2016.09.28 12:40:42.099,8.57544,8.57717,1.37,1.00
2016.09.28 12:40:42.307,8.57534,8.57707,1.37,1.00
2016.09.28 12:40:42.638,8.57538,8.57711,1.37,1.00
2016.09.28 12:40:42.893,8.57512,8.57686,1.37,1.00
2016.09.28 12:40:43.337,8.57512,8.57677,1.37,1.00
2016.09.28 12:40:43.387,8.57507,8.57677,1.37,1.00
2016.09.28 12:40:43.919,8.57512,8.57677,1.37,1.00
2016.09.28 12:40:44.781,8.57507,8.57677,1.37,1.00
2016.09.28 12:40:45.682,8.57512,8.57677,1.37,1.00
2016.09.28 12:40:46.012,8.5752,8.57677,1.37,1.00
2016.09.28 12:40:46.210,8.57535,8.57689,1.37,1.00
2016.09.28 12:40:46.788,8.57541,8.57689,1.37,1.00
2016.09.28 12:40:47.228,8.57536,8.57689,1.37,1.00
2016.09.28 12:40:47.815,8.57536,8.57708,1.37,1.50
2016.09.28 12:40:48.893,8.57533,8.57706,1.37,1.00
2016.09.28 12:40:49.113,8.57533,8.57706,1.37,1.50
2016.09.28 12:40:49.164,8.57533,8.57706,1.37,1.50
2016.09.28 12:40:49.216,8.57526,8.5769,1.37,1.00
2016.09.28 12:40:49.726,8.5752,8.5769,1.37,1.00
2016.09.28 12:40:49.948,8.5752,8.5769,1.37,1.00
2016.09.28 12:40:50.494,8.57534,8.5769,1.37,1.00
2016.09.28 12:40:50.706,8.57534,8.5769,1.37,1.00
2016.09.28 12:40:50.808,8.57539,8.5769,1.37,1.00
2016.09.28 12:40:51.079,8.57539,8.5769,1.00,1.00
2016.09.28 12:40:51.207,8.57539,8.5769,1.00,1.00
2016.09.28 12:40:51.431,8.57535,8.5769,1.37,1.00
2016.09.28 12:40:51.937,8.5754,8.5769,1.00,1.00
2016.09.28 12:40:52.518,8.57546,8.5769,1.00,1.00
2016.09.28 12:40:53.426,8.57542,8.5769,1.00,1.00
2016.09.28 12:40:53.529,8.5754,8.5769,1.00,1.00
2016.09.28 12:40:53.917,8.57544,8.5769,1.00,1.00
2016.09.28 12:40:54.072,8.57544,8.5769,1.12,1.00
2016.09.28 12:40:54.526,8.57549,8.5769,1.00,1.00
2016.09.28 12:40:55.340,8.57549,8.5769,1.00,1.00
2016.09.28 12:40:55.391,8.57549,8.5769,1.00,1.00
2016.09.28 12:40:55.442,8.57549,8.5769,1.00,1.00
2016.09.28 12:40:55.606,8.57549,8.5772,1.50,1.00
2016.09.28 12:40:55.657,8.57559,8.57731,1.00,1.00
2016.09.28 12:40:55.809,8.57574,8.57735,1.00,1.00
2016.09.28 12:40:56.013,8.57574,8.57737,1.00,1.00
2016.09.28 12:40:56.901,8.57574,8.57737,1.00,1.00
2016.09.28 12:40:56.952,8.57564,8.57737,1.00,1.50
2016.09.28 12:40:57.111,8.57575,8.57737,1.00,1.00
2016.09.28 12:40:57.711,8.57566,8.57737,1.00,1.00
2016.09.28 12:40:57.813,8.57575,8.57737,1.00,1.00
2016.09.28 12:40:58.513,8.57567,8.57737,1.00,1.50
2016.09.28 12:40:58.619,8.57575,8.57737,1.00,1.00
2016.09.28 12:40:59.114,8.57566,8.57737,1.00,1.00
2016.09.28 12:40:59.330,8.57575,8.57737,1.00,1.00
2016.09.28 12:40:59.659,8.57585,8.57737,1.00,1.00
2016.09.28 12:40:59.710,8.57585,8.57757,1.00,1.00
2016.09.28 12:40:59.862,8.57575,8.57748,1.00,1.00
2016.09.28 12:41:00.052,8.57575,8.57748,1.00,1.00
2016.09.28 12:41:00.320,8.57575,8.57748,1.00,1.00
2016.09.28 12:41:00.459,8.57568,8.5774,1.00,1.00
2016.09.28 12:41:00.649,8.57577,8.57749,1.00,1.00
2016.09.28 12:41:00.974,8.57579,8.57749,1.00,1.00
2016.09.28 12:41:01.121,8.57567,8.57737,1.37,1.00
2016.09.28 12:41:01.622,8.57572,8.57742,1.00,1.00
2016.09.28 12:41:02.022,8.57576,8.57746,1.12,1.00
2016.09.28 12:41:02.633,8.57581,8.57751,1.00,1.00
2016.09.28 12:41:03.124,8.57572,8.57742,1.37,1.00
2016.09.28 12:41:03.224,8.57582,8.5775,1.00,1.00
2016.09.28 12:41:03.325,8.57572,8.57742,1.37,1.00
2016.09.28 12:41:04.241,8.57563,8.57734,1.37,1.00
2016.09.28 12:41:04.444,8.57579,8.5775,1.00,1.00
2016.09.28 12:41:04.826,8.57575,8.57745,1.37,1.00
2016.09.28 12:41:04.877,8.57575,8.57745,1.37,1.00
2016.09.28 12:41:04.928,8.57564,8.57733,1.37,1.00
2016.09.28 12:41:05.030,8.57572,8.57742,1.37,1.00
2016.09.28 12:41:05.080,8.57572,8.57742,1.37,1.00
2016.09.28 12:41:05.217,8.5756,8.57731,1.37,1.00
2016.09.28 12:41:05.654,8.57574,8.57744,1.37,1.00
2016.09.28 12:41:05.705,8.57574,8.57744,1.37,1.00
2016.09.28 12:41:05.755,8.57574,8.57744,1.00,1.00
2016.09.28 12:41:05.962,8.57574,8.57739,1.00,1.00
2016.09.28 12:41:06.234,8.57579,8.5775,1.00,1.00
2016.09.28 12:41:06.335,8.57589,8.57759,1.00,1.00
2016.09.28 12:41:06.824,8.57579,8.5775,1.00,1.00
2016.09.28 12:41:07.833,8.5758,8.57751,1.00,1.00
2016.09.28 12:41:08.180,8.5758,8.5774,1.00,1.00
2016.09.28 12:41:08.398,8.5758,8.57751,1.00,1.00
2016.09.28 12:41:08.889,8.57583,8.57753,1.00,1.00
2016.09.28 12:41:09.235,8.57592,8.5776,1.00,1.00
2016.09.28 12:41:09.577,8.57584,8.57755,1.00,1.00
2016.09.28 12:41:09.678,8.57577,8.57746,1.00,1.00
2016.09.28 12:41:10.241,8.5757,8.57741,1.00,1.00
2016.09.28 12:41:10.343,8.57581,8.57751,1.00,1.00
2016.09.28 12:41:11.044,8.57565,8.57736,1.00,1.00
2016.09.28 12:41:11.145,8.57564,8.57734,1.12,1.00
2016.09.28 12:41:11.248,8.57577,8.57744,1.00,1.00
2016.09.28 12:41:11.515,8.57577,8.57744,1.00,1.00
2016.09.28 12:41:11.566,8.57588,8.57758,1.00,1.00
2016.09.28 12:41:12.366,8.57594,8.57762,1.00,1.00
2016.09.28 12:41:12.755,8.57585,8.57756,1.00,1.00
2016.09.28 12:41:13.042,8.57594,8.57762,1.00,1.00
2016.09.28 12:41:13.354,8.5759,8.5776,1.00,1.00
2016.09.28 12:41:13.443,8.5758,8.57751,1.00,1.00
2016.09.28 12:41:13.543,8.5759,8.5776,1.00,1.00
2016.09.28 12:41:14.144,8.57612,8.57762,1.00,1.00
2016.09.28 12:41:14.195,8.57612,8.57773,1.00,1.00
2016.09.28 12:41:14.296,8.57601,8.57772,1.00,1.00
2016.09.28 12:41:14.398,8.57591,8.57761,1.00,1.00
2016.09.28 12:41:14.698,8.57591,8.57761,1.00,1.00
2016.09.28 12:41:14.980,8.57581,8.57752,1.00,1.00
2016.09.28 12:41:15.048,8.5759,8.5776,1.00,1.00
2016.09.28 12:41:15.407,8.5759,8.5776,1.00,1.00
2016.09.28 12:41:15.675,8.57577,8.57748,1.00,1.00
2016.09.28 12:41:15.777,8.57587,8.57757,1.00,1.00
2016.09.28 12:41:16.210,8.57587,8.57757,1.00,1.00
2016.09.28 12:41:16.261,8.57579,8.5775,1.00,1.00
2016.09.28 12:41:16.363,8.57589,8.57759,1.00,1.00
2016.09.28 12:41:16.510,8.57589,8.57759,1.00,1.00
2016.09.28 12:41:16.611,8.57589,8.57759,1.00,1.00
2016.09.28 12:41:17.034,8.57589,8.57759,1.00,1.00
2016.09.28 12:41:17.353,8.57579,8.5775,1.00,1.00
2016.09.28 12:41:17.553,8.57589,8.57759,1.00,1.00
2016.09.28 12:41:17.998,8.57589,8.57759,1.00,1.00
2016.09.28 12:41:18.054,8.57579,8.5775,1.00,1.00
2016.09.28 12:41:18.156,8.5759,8.57758,1.00,1.00
2016.09.28 12:41:18.206,8.5759,8.57758,1.00,1.00
2016.09.28 12:41:18.443,8.5759,8.57758,1.00,1.00
2016.09.28 12:41:18.655,8.57579,8.5775,1.00,1.00
2016.09.28 12:41:18.757,8.57589,8.57759,1.00,1.00
2016.09.28 12:41:19.620,8.57589,8.57759,1.00,1.00
2016.09.28 12:41:19.671,8.57567,8.57736,1.00,1.00
2016.09.28 12:41:19.724,8.57567,8.57729,1.00,1.00
2016.09.28 12:41:19.826,8.57567,8.57724,1.00,1.00
2016.09.28 12:41:19.877,8.57546,8.57713,1.00,1.00
2016.09.28 12:41:19.928,8.57543,8.57713,1.00,1.00
2016.09.28 12:41:20.199,8.5753,8.57701,1.37,1.00
2016.09.28 12:41:20.351,8.5753,8.57701,1.37,1.00
2016.09.28 12:41:20.453,8.5753,8.57701,1.37,1.00
2016.09.28 12:41:20.660,8.57528,8.5769,1.00,1.00
2016.09.28 12:41:21.010,8.57528,8.57684,1.00,1.00
2016.09.28 12:41:21.069,8.57528,8.57684,1.00,1.00
2016.09.28 12:41:21.410,8.57528,8.57674,1.00,1.00
2016.09.28 12:41:21.467,8.57507,8.57674,1.00,1.00
2016.09.28 12:41:21.620,8.57506,8.57674,1.00,1.00
2016.09.28 12:41:22.073,8.57506,8.57669,1.00,1.00
2016.09.28 12:41:22.373,8.57506,8.57674,1.00,1.00
2016.09.28 12:41:22.784,8.5751,8.5768,1.00,1.00
2016.09.28 12:41:22.894,8.57506,8.57676,1.00,1.00
2016.09.28 12:41:23.765,8.57502,8.57672,1.00,1.00
2016.09.28 12:41:25.327,8.57502,8.57672,1.00,1.00
2016.09.28 12:41:25.619,8.57502,8.57672,1.00,1.00
2016.09.28 12:41:26.093,8.57502,8.57672,1.00,1.00
2016.09.28 12:41:26.144,8.57514,8.57683,1.37,1.00
2016.09.28 12:41:26.267,8.57514,8.57683,1.37,1.00
2016.09.28 12:41:26.318,8.57528,8.57699,1.00,1.00
2016.09.28 12:41:26.369,8.57539,8.57702,1.00,1.00
2016.09.28 12:41:26.471,8.57516,8.57686,1.37,1.00
2016.09.28 12:41:26.624,8.57499,8.57669,1.37,1.00
2016.09.28 12:41:26.855,8.57499,8.57669,1.37,1.00
2016.09.28 12:41:27.018,8.57499,8.57669,1.37,1.00
2016.09.28 12:41:27.121,8.575,8.57675,1.37,1.00
2016.09.28 12:41:27.559,8.575,8.57675,1.00,1.00
2016.09.28 12:41:27.610,8.57495,8.57641,1.00,1.00
2016.09.28 12:41:27.712,8.57466,8.57641,1.37,1.00
2016.09.28 12:41:27.762,8.57466,8.57641,1.37,1.00
2016.09.28 12:41:27.813,8.57456,8.5763,1.37,1.00
2016.09.28 12:41:28.475,8.57458,8.5763,1.37,1.00
2016.09.28 12:41:28.798,8.57462,8.57635,1.37,1.00
2016.09.28 12:41:28.915,8.57458,8.5763,1.37,1.00
2016.09.28 12:41:29.849,8.57458,8.5763,1.00,1.00
2016.09.28 12:41:30.079,8.57453,8.57626,1.00,1.00
2016.09.28 12:41:30.130,8.57453,8.57626,1.00,1.00
2016.09.28 12:41:30.181,8.57443,8.57615,1.87,1.00
2016.09.28 12:41:30.513,8.57443,8.57606,1.37,1.00
2016.09.28 12:41:30.898,8.57443,8.57636,1.37,1.00
2016.09.28 12:41:30.949,8.57443,8.57636,1.37,1.00
2016.09.28 12:41:31.109,8.57475,8.57648,1.00,1.00
2016.09.28 12:41:31.160,8.57475,8.57648,1.00,1.00
2016.09.28 12:41:31.262,8.57475,8.57648,1.00,1.00
2016.09.28 12:41:31.363,8.57475,8.57648,1.00,1.00
2016.09.28 12:41:31.465,8.57475,8.57648,1.00,1.00
2016.09.28 12:41:31.516,8.57484,8.5765,1.00,1.00
2016.09.28 12:41:31.984,8.57479,8.5765,1.00,1.00
2016.09.28 12:41:32.352,8.57479,8.5765,1.37,1.00
2016.09.28 12:41:32.585,8.57483,8.5765,1.00,1.00
2016.09.28 12:41:32.636,8.5749,8.57663,1.00,1.00
2016.09.28 12:41:32.687,8.57497,8.57669,1.00,1.00
2016.09.28 12:41:32.788,8.57495,8.57669,1.00,1.00
2016.09.28 12:41:33.688,8.57497,8.57669,1.00,1.00
2016.09.28 12:41:34.238,8.57499,8.57669,1.00,1.00
2016.09.28 12:41:34.588,8.57499,8.57669,1.00,1.00
2016.09.28 12:41:34.639,8.57524,8.57681,1.00,1.00
2016.09.28 12:41:34.813,8.57534,8.57705,1.00,1.00
2016.09.28 12:41:35.282,8.57518,8.57689,1.00,1.00
2016.09.28 12:41:35.384,8.57518,8.57689,1.00,1.00
2016.09.28 12:41:35.435,8.57518,8.57682,1.00,1.00
2016.09.28 12:41:35.510,8.57518,8.57682,1.00,1.00
2016.09.28 12:41:35.612,8.57501,8.57671,1.00,1.00
2016.09.28 12:41:35.663,8.57501,8.57671,1.00,1.00
2016.09.28 12:41:35.785,8.57481,8.57651,1.00,1.00
2016.09.28 12:41:35.887,8.57481,8.57651,1.00,1.00
2016.09.28 12:41:35.938,8.57471,8.57639,1.37,1.00
2016.09.28 12:41:35.989,8.57471,8.57639,1.37,1.00
2016.09.28 12:41:36.142,8.57468,8.57639,1.37,1.00
2016.09.28 12:41:36.192,8.57468,8.57639,1.37,1.00
2016.09.28 12:41:36.243,8.57445,8.57616,1.37,1.00
2016.09.28 12:41:36.347,8.57445,8.57616,1.37,1.00
2016.09.28 12:41:36.398,8.57444,8.57604,1.00,1.00
2016.09.28 12:41:36.449,8.57434,8.57604,1.12,1.00
2016.09.28 12:41:36.576,8.57434,8.57604,1.12,1.00
2016.09.28 12:41:36.679,8.57434,8.57604,1.12,1.00
2016.09.28 12:41:37.296,8.57428,8.57598,1.37,1.00
2016.09.28 12:41:37.797,8.57433,8.57603,1.37,1.00
2016.09.28 12:41:38.611,8.57446,8.57617,1.00,1.00
2016.09.28 12:41:38.763,8.57446,8.57617,1.00,1.00
2016.09.28 12:41:38.814,8.57461,8.57629,1.00,1.50
2016.09.28 12:41:38.865,8.57461,8.57629,1.00,1.50
2016.09.28 12:41:38.915,8.57453,8.57623,1.00,1.00
2016.09.28 12:41:39.017,8.57451,8.57623,1.00,1.00
2016.09.28 12:41:39.483,8.57451,8.57623,1.00,1.00
2016.09.28 12:41:39.736,8.57437,8.57599,1.37,1.00
2016.09.28 12:41:39.787,8.57437,8.57599,1.00,1.00
2016.09.28 12:41:39.838,8.5742,8.57586,1.00,1.00
2016.09.28 12:41:39.940,8.57427,8.57599,1.00,1.00
2016.09.28 12:41:40.042,8.57437,8.57607,1.00,1.00
2016.09.28 12:41:40.144,8.57446,8.57613,1.00,1.00
2016.09.28 12:41:40.286,8.57446,8.57613,1.00,1.00
2016.09.28 12:41:40.540,8.57435,8.57607,1.00,1.00
2016.09.28 12:41:40.591,8.57435,8.57607,1.00,1.00
2016.09.28 12:41:41.509,8.5743,8.57602,1.00,1.00
2016.09.28 12:41:41.661,8.5743,8.57602,1.37,1.00
2016.09.28 12:41:41.964,8.5743,8.57602,1.37,1.00
2016.09.28 12:41:42.510,8.57426,8.57599,1.37,1.00
2016.09.28 12:41:42.610,8.5743,8.57602,1.37,1.00
2016.09.28 12:41:43.512,8.57426,8.57599,1.37,1.00
2016.09.28 12:41:44.469,8.57426,8.57599,1.00,1.00
2016.09.28 12:41:44.760,8.57417,8.57589,1.00,1.00
2016.09.28 12:41:44.811,8.57417,8.57589,1.00,1.00
2016.09.28 12:41:44.862,8.57406,8.57574,1.37,1.00
2016.09.28 12:41:44.945,8.57406,8.57574,1.37,1.00
2016.09.28 12:41:44.996,8.57406,8.57562,1.00,1.00
2016.09.28 12:41:45.148,8.5739,8.57562,1.37,1.00
2016.09.28 12:41:45.818,8.57398,8.57569,1.00,1.00
2016.09.28 12:41:46.272,8.57398,8.57569,1.00,1.00
2016.09.28 12:41:46.856,8.57397,8.57569,1.12,1.00
2016.09.28 12:41:47.437,8.57383,8.57555,1.37,1.00
2016.09.28 12:41:47.622,8.57395,8.57567,1.37,1.00
2016.09.28 12:41:47.988,8.57395,8.57567,1.37,1.00
2016.09.28 12:41:48.476,8.57395,8.57567,1.37,1.00
2016.09.28 12:41:48.911,8.57395,8.57567,1.00,1.00
2016.09.28 12:41:50.128,8.57394,8.57566,1.00,1.00
2016.09.28 12:41:50.226,8.57384,8.57557,1.37,1.00
2016.09.28 12:41:50.382,8.57384,8.57557,1.37,1.00
2016.09.28 12:41:51.487,8.57389,8.57562,1.37,1.00
2016.09.28 12:41:51.538,8.57389,8.57562,1.00,1.00
2016.09.28 12:41:51.865,8.57389,8.57562,1.00,1.00
2016.09.28 12:41:52.065,8.57384,8.57557,1.00,1.00
2016.09.28 12:41:53.132,8.57391,8.57562,1.00,1.00
2016.09.28 12:41:54.220,8.57391,8.57562,1.00,1.00
2016.09.28 12:41:54.271,8.5741,8.57569,1.00,1.00
2016.09.28 12:41:54.322,8.5741,8.57569,1.00,1.00
2016.09.28 12:41:55.238,8.57412,8.57569,1.00,1.00
2016.09.28 12:41:55.772,8.57412,8.57584,1.00,1.00
2016.09.28 12:41:55.823,8.57412,8.57584,1.00,1.00
2016.09.28 12:41:57.472,8.57407,8.5758,1.00,1.00
2016.09.28 12:41:57.675,8.57406,8.57572,1.00,1.00
2016.09.28 12:41:57.776,8.57394,8.57566,1.00,1.00
2016.09.28 12:41:57.918,8.57394,8.57566,1.00,1.00
2016.09.28 12:42:00.204,8.57394,8.57566,1.00,1.00
2016.09.28 12:42:00.906,8.57394,8.57566,1.00,1.00
2016.09.28 12:42:01.546,8.57395,8.57567,1.00,1.00
2016.09.28 12:42:02.198,8.57389,8.57562,1.00,1.00
2016.09.28 12:42:02.301,8.57395,8.57567,1.00,1.00
2016.09.28 12:42:02.553,8.57386,8.57559,1.00,1.00
2016.09.28 12:42:04.002,8.57403,8.57573,1.00,1.00
2016.09.28 12:42:04.053,8.57403,8.57573,1.00,1.00
2016.09.28 12:42:04.154,8.57403,8.57573,1.00,1.00
2016.09.28 12:42:04.291,8.57388,8.57561,1.00,1.00
2016.09.28 12:42:04.398,8.57388,8.57561,1.00,1.00
2016.09.28 12:42:04.450,8.57388,8.57561,1.00,1.00
2016.09.28 12:42:04.840,8.5738,8.57552,1.00,1.00
2016.09.28 12:42:05.365,8.57385,8.57556,1.00,1.00
2016.09.28 12:42:05.576,8.57401,8.57571,1.00,1.00
2016.09.28 12:42:05.627,8.57401,8.57571,1.00,1.00
2016.09.28 12:42:05.729,8.57412,8.57573,1.00,1.00
2016.09.28 12:42:05.780,8.57412,8.57583,1.00,1.00
2016.09.28 12:42:05.831,8.57412,8.57583,1.00,1.00
2016.09.28 12:42:05.881,8.57426,8.57596,1.00,1.00
2016.09.28 12:42:05.932,8.57426,8.57596,1.00,1.00
2016.09.28 12:42:06.567,8.57419,8.57589,1.00,1.00
2016.09.28 12:42:07.569,8.57418,8.57588,1.00,1.00
2016.09.28 12:42:08.712,8.57409,8.5758,1.00,1.00
2016.09.28 12:42:08.763,8.57409,8.5758,1.00,1.00
2016.09.28 12:42:08.814,8.57398,8.57568,1.00,1.00
2016.09.28 12:42:09.005,8.57398,8.57568,1.00,1.00
2016.09.28 12:42:09.056,8.57398,8.57568,1.00,1.00
2016.09.28 12:42:09.709,8.57392,8.57563,1.00,1.00
2016.09.28 12:42:10.086,8.57388,8.57559,1.00,1.00
2016.09.28 12:42:10.283,8.57381,8.57551,1.00,1.00
2016.09.28 12:42:10.441,8.57381,8.57551,1.00,1.00
2016.09.28 12:42:10.492,8.5737,8.57537,1.50,1.00
2016.09.28 12:42:10.679,8.5737,8.57527,1.00,1.00
2016.09.28 12:42:11.619,8.5737,8.57539,1.00,1.00
2016.09.28 12:42:11.761,8.57373,8.57543,1.00,1.00
2016.09.28 12:42:12.305,8.5737,8.57537,1.00,1.00
2016.09.28 12:42:12.721,8.5737,8.57541,1.50,1.00
2016.09.28 12:42:13.291,8.57374,8.57544,1.00,1.00
2016.09.28 12:42:13.984,8.5737,8.57541,1.50,1.00
2016.09.28 12:42:14.125,8.5737,8.57533,1.00,1.00
2016.09.28 12:42:16.125,8.5737,8.57534,1.00,1.00
2016.09.28 12:42:16.247,8.5737,8.57534,1.00,1.00
2016.09.28 12:42:16.913,8.57372,8.57542,1.00,1.00
2016.09.28 12:42:17.590,8.57377,8.57547,1.00,1.00
2016.09.28 12:42:19.732,8.57409,8.57578,1.00,1.00
2016.09.28 12:42:19.783,8.57409,8.57578,1.00,1.00
2016.09.28 12:42:19.885,8.57409,8.57578,1.00,1.00
2016.09.28 12:42:19.936,8.57409,8.5758,1.00,1.00
2016.09.28 12:42:19.987,8.57409,8.5758,1.00,1.00
2016.09.28 12:42:20.710,8.5741,8.57581,1.00,1.00
2016.09.28 12:42:20.812,8.57414,8.57599,1.00,1.00
2016.09.28 12:42:20.914,8.57442,8.57608,1.00,1.50
2016.09.28 12:42:20.965,8.57442,8.57608,1.00,1.00
2016.09.28 12:42:21.096,8.5745,8.5762,1.00,1.00
2016.09.28 12:42:21.498,8.5745,8.5762,1.00,1.00
2016.09.28 12:42:21.693,8.5744,8.57614,1.00,1.00
2016.09.28 12:42:21.750,8.57439,8.57601,1.00,1.00
2016.09.28 12:42:22.197,8.57441,8.57611,1.00,1.00
2016.09.28 12:42:22.478,8.57449,8.5762,1.00,1.00
2016.09.28 12:42:22.698,8.57454,8.57624,1.00,1.00
2016.09.28 12:42:23.700,8.57453,8.57623,1.00,1.00
2016.09.28 12:42:24.401,8.57444,8.57614,1.00,1.00
2016.09.28 12:42:24.708,8.57418,8.57588,1.00,1.00
2016.09.28 12:42:24.809,8.57409,8.5758,1.50,1.00
2016.09.28 12:42:25.007,8.57409,8.5758,1.50,1.00
2016.09.28 12:42:25.110,8.57398,8.57568,1.00,1.00
2016.09.28 12:42:25.872,8.57398,8.57568,1.00,1.00
2016.09.28 12:42:26.027,8.57389,8.57558,1.00,1.00
2016.09.28 12:42:26.130,8.57384,8.57554,1.00,1.00
2016.09.28 12:42:26.181,8.57384,8.57554,1.00,1.00
2016.09.28 12:42:26.232,8.57378,8.57543,1.00,1.00
2016.09.28 12:42:26.381,8.57378,8.57521,1.00,1.00
2016.09.28 12:42:26.432,8.57353,8.57521,1.00,1.00
2016.09.28 12:42:26.787,8.57353,8.57521,1.00,1.00
2016.09.28 12:42:26.929,8.57367,8.57538,1.00,1.00
2016.09.28 12:42:27.092,8.57367,8.57538,1.00,1.00
2016.09.28 12:42:27.193,8.57367,8.57538,1.00,1.00
2016.09.28 12:42:27.244,8.57378,8.57546,1.00,1.00
2016.09.28 12:42:28.788,8.57378,8.57546,1.00,1.00
2016.09.28 12:42:29.304,8.57378,8.57546,1.00,1.00
2016.09.28 12:42:29.490,8.57378,8.57546,1.00,1.00
2016.09.28 12:42:29.886,8.57378,8.57546,1.00,1.00
2016.09.28 12:42:30.039,8.57374,8.57544,1.00,1.00
2016.09.28 12:42:30.090,8.57374,8.57544,1.00,1.00
2016.09.28 12:42:30.432,8.57374,8.57544,1.00,1.00
2016.09.28 12:42:30.968,8.57377,8.5755,1.00,1.00
2016.09.28 12:42:31.271,8.57373,8.57545,1.00,1.00
2016.09.28 12:42:31.322,8.57373,8.57545,1.00,1.00
2016.09.28 12:42:33.583,8.57373,8.57545,1.00,1.00
2016.09.28 12:42:33.634,8.57405,8.57578,1.00,1.50
2016.09.28 12:42:33.736,8.57414,8.57578,1.00,1.00
2016.09.28 12:42:34.005,8.57414,8.57578,1.00,1.00
2016.09.28 12:42:34.108,8.57414,8.57578,1.00,1.00
2016.09.28 12:42:34.213,8.57414,8.57578,1.00,1.00
2016.09.28 12:42:34.294,8.57414,8.57578,1.00,1.00
2016.09.28 12:42:34.652,8.57409,8.57578,1.00,1.00
2016.09.28 12:42:36.037,8.57409,8.57578,1.00,1.00
2016.09.28 12:42:36.944,8.57409,8.57578,1.00,1.00
2016.09.28 12:42:37.046,8.57409,8.57578,1.00,1.00
2016.09.28 12:42:37.148,8.57409,8.57578,1.00,1.00
2016.09.28 12:42:37.466,8.57378,8.5757,1.37,1.00
2016.09.28 12:42:37.647,8.57377,8.5755,1.00,1.00
2016.09.28 12:42:37.748,8.57374,8.57527,1.00,1.00
2016.09.28 12:42:37.951,8.57356,8.57527,1.00,1.00
2016.09.28 12:42:38.002,8.57356,8.57527,1.00,1.00
2016.09.28 12:42:38.053,8.57356,8.57527,1.00,1.00
2016.09.28 12:42:38.161,8.57377,8.57549,1.00,1.50
2016.09.28 12:42:38.212,8.57377,8.57549,1.00,1.50
2016.09.28 12:42:38.263,8.57406,8.57576,1.00,1.00
2016.09.28 12:42:38.415,8.57406,8.57576,1.00,1.00
2016.09.28 12:42:38.516,8.57406,8.57576,1.00,1.00
2016.09.28 12:42:38.753,8.57404,8.57567,1.00,1.00
2016.09.28 12:42:39.244,8.57404,8.57567,1.00,1.00
2016.09.28 12:42:39.295,8.57404,8.57573,1.00,1.00
2016.09.28 12:42:39.397,8.57405,8.57573,1.00,1.00
2016.09.28 12:42:39.448,8.57406,8.57578,1.00,1.00
2016.09.28 12:42:39.549,8.57406,8.57578,1.00,1.00
2016.09.28 12:42:40.664,8.5741,8.57583,1.00,1.00
2016.09.28 12:42:40.867,8.57417,8.57589,1.00,1.00
2016.09.28 12:42:41.637,8.57417,8.57589,1.00,1.00
2016.09.28 12:42:41.966,8.57417,8.57589,1.00,1.00
2016.09.28 12:42:42.068,8.57417,8.57589,1.00,1.00
2016.09.28 12:42:42.426,8.57417,8.57589,1.00,1.00
2016.09.28 12:42:43.057,8.57417,8.57589,1.00,1.00
2016.09.28 12:42:43.595,8.57418,8.5759,1.00,1.00
2016.09.28 12:42:43.652,8.5741,8.57583,1.00,1.00
2016.09.28 12:42:45.074,8.57405,8.57546,1.00,1.00
2016.09.28 12:42:45.175,8.57405,8.57533,1.00,1.00
2016.09.28 12:42:45.346,8.57368,8.57533,1.50,1.00
2016.09.28 12:42:45.397,8.57368,8.57533,1.50,1.00
2016.09.28 12:42:45.499,8.57368,8.57533,1.50,1.00
2016.09.28 12:42:45.674,8.57368,8.57522,1.50,1.00
2016.09.28 12:42:45.776,8.57368,8.57522,1.00,1.00
2016.09.28 12:42:47.459,8.57368,8.57516,1.00,1.00
2016.09.28 12:42:47.698,8.57368,8.57521,1.00,1.00
2016.09.28 12:42:47.799,8.57345,8.57521,1.00,1.00
2016.09.28 12:42:48.226,8.57345,8.57521,1.00,1.00
2016.09.28 12:42:48.467,8.57345,8.57524,1.00,1.00
2016.09.28 12:42:48.661,8.57345,8.57519,1.00,1.00
2016.09.28 12:42:49.058,8.57345,8.57519,1.00,1.00
2016.09.28 12:42:49.380,8.57345,8.57519,1.00,1.00
2016.09.28 12:42:50.774,8.57345,8.57519,1.00,1.00
2016.09.28 12:42:51.084,8.57345,8.57514,1.00,1.00
2016.09.28 12:42:51.854,8.57345,8.57514,1.00,1.00
2016.09.28 12:42:51.905,8.57345,8.57523,1.00,1.00
2016.09.28 12:42:52.471,8.57345,8.57508,1.00,1.00
2016.09.28 12:42:53.020,8.57345,8.57518,1.00,1.00
2016.09.28 12:42:53.973,8.57345,8.57515,1.00,1.00
2016.09.28 12:42:54.749,8.5734,8.57515,1.00,1.00
2016.09.28 12:42:56.476,8.5734,8.57511,1.00,1.00
2016.09.28 12:43:01.192,8.5734,8.57512,1.00,1.00
2016.09.28 12:43:02.193,8.5734,8.57515,1.00,1.00
2016.09.28 12:43:02.811,8.5734,8.57513,1.00,1.00
2016.09.28 12:43:03.187,8.5734,8.57513,1.00,1.00
2016.09.28 12:43:03.491,8.5734,8.57505,1.00,1.00
2016.09.28 12:43:03.796,8.5734,8.57501,1.00,1.00
2016.09.28 12:43:03.961,8.5734,8.57501,1.00,1.00
2016.09.28 12:43:04.012,8.5734,8.57509,1.00,1.00
2016.09.28 12:43:04.063,8.5734,8.57509,1.00,1.00
2016.09.28 12:43:04.330,8.5734,8.57509,1.00,1.00
2016.09.28 12:43:04.431,8.5734,8.57509,1.00,1.00
2016.09.28 12:43:04.807,8.5734,8.57514,1.00,1.00
2016.09.28 12:43:06.733,8.5734,8.57514,1.00,1.00
2016.09.28 12:43:07.836,8.5734,8.57514,1.00,1.00
2016.09.28 12:43:08.283,8.5734,8.57517,1.00,1.00
2016.09.28 12:43:08.347,8.5734,8.57517,1.00,1.00
2016.09.28 12:43:09.300,8.5734,8.57517,1.00,1.00
2016.09.28 12:43:11.376,8.5734,8.57517,1.00,1.00
2016.09.28 12:43:12.361,8.5734,8.57517,1.00,1.00
2016.09.28 12:43:13.064,8.5734,8.57521,1.00,1.00
2016.09.28 12:43:13.965,8.5734,8.57521,1.00,1.00
2016.09.28 12:43:15.085,8.5734,8.57521,1.00,1.00
2016.09.28 12:43:15.136,8.57346,8.57518,1.00,1.00
2016.09.28 12:43:15.186,8.57346,8.57518,1.00,1.00
2016.09.28 12:43:16.222,8.57347,8.57519,1.00,1.00
2016.09.28 12:43:16.273,8.57347,8.57519,1.00,1.00
2016.09.28 12:43:16.404,8.57347,8.57519,1.00,1.00
2016.09.28 12:43:18.175,8.57347,8.57519,1.00,1.00
2016.09.28 12:43:18.788,8.57347,8.57519,1.00,1.00
2016.09.28 12:43:19.113,8.57347,8.57519,1.00,1.00
2016.09.28 12:43:20.650,8.57346,8.57515,1.00,1.00
2016.09.28 12:43:20.985,8.57346,8.57515,1.00,1.00
2016.09.28 12:43:21.285,8.57346,8.57515,1.00,1.00
2016.09.28 12:43:21.987,8.57346,8.57515,1.00,1.00
2016.09.28 12:43:22.097,8.57346,8.57515,1.00,1.00
2016.09.28 12:43:22.388,8.57346,8.57515,1.00,1.00
2016.09.28 12:43:22.705,8.57346,8.57515,1.00,1.00
2016.09.28 12:43:23.437,8.57346,8.57512,1.00,1.00
2016.09.28 12:43:24.686,8.57346,8.57509,1.00,1.00
2016.09.28 12:43:24.940,8.57316,8.57479,1.00,1.00
2016.09.28 12:43:25.119,8.57316,8.57479,1.00,1.00
2016.09.28 12:43:25.599,8.57316,8.57479,1.00,1.00
2016.09.28 12:43:25.751,8.57316,8.57475,1.00,1.00
2016.09.28 12:43:27.244,8.57316,8.5747,1.00,1.00
2016.09.28 12:43:29.539,8.57285,8.57447,1.00,1.00
2016.09.28 12:43:30.089,8.57266,8.57416,1.00,1.00
2016.09.28 12:43:30.191,8.57259,8.57416,1.00,1.00
2016.09.28 12:43:30.242,8.57259,8.57416,1.00,1.00
2016.09.28 12:43:31.051,8.57259,8.5742,1.00,1.00
2016.09.28 12:43:31.771,8.57259,8.57415,1.00,1.00
2016.09.28 12:43:31.974,8.57235,8.57406,1.00,1.00
2016.09.28 12:43:32.025,8.57235,8.57406,1.00,1.00
2016.09.28 12:43:32.352,8.57235,8.57397,1.00,1.00
2016.09.28 12:43:32.791,8.57235,8.57388,1.00,1.00
2016.09.28 12:43:33.021,8.57207,8.57379,1.00,1.00
2016.09.28 12:43:33.275,8.57199,8.57361,1.00,1.00
2016.09.28 12:43:33.659,8.57199,8.57361,1.00,1.00
2016.09.28 12:43:33.916,8.57189,8.57353,1.00,1.00
2016.09.28 12:43:34.244,8.57189,8.57353,1.00,1.00
2016.09.28 12:43:34.598,8.57189,8.57349,1.00,1.00
2016.09.28 12:43:35.068,8.57191,8.57364,1.00,1.00
2016.09.28 12:43:35.231,8.57213,8.5739,1.00,1.00
2016.09.28 12:43:35.282,8.57225,8.57397,1.00,1.50
2016.09.28 12:43:35.486,8.57225,8.57397,1.00,1.00
2016.09.28 12:43:35.640,8.57225,8.57397,1.00,1.00
2016.09.28 12:43:35.896,8.57222,8.57413,1.00,1.00
2016.09.28 12:43:36.769,8.57222,8.57407,1.00,1.00
2016.09.28 12:43:36.976,8.57222,8.57425,1.00,1.00
2016.09.28 12:43:37.181,8.57252,8.57425,1.00,1.00
2016.09.28 12:43:37.283,8.57259,8.57454,1.00,1.00
2016.09.28 12:43:37.702,8.57259,8.57454,1.00,1.00
2016.09.28 12:43:38.302,8.57269,8.57455,1.00,1.00
2016.09.28 12:43:38.455,8.57269,8.57455,1.00,1.00
2016.09.28 12:43:38.506,8.57252,8.57438,1.00,1.00
2016.09.28 12:43:38.607,8.5726,8.57448,1.00,1.00
2016.09.28 12:43:38.658,8.5726,8.57448,1.00,1.00
2016.09.28 12:43:38.991,8.5726,8.57448,1.00,1.00
2016.09.28 12:43:39.194,8.5726,8.57448,1.00,1.00
2016.09.28 12:43:39.298,8.57252,8.57439,1.50,1.00
2016.09.28 12:43:39.349,8.57252,8.57439,1.50,1.00
2016.09.28 12:43:39.593,8.57252,8.57439,1.50,1.00
2016.09.28 12:43:39.695,8.57252,8.57439,1.50,1.00
2016.09.28 12:43:39.999,8.57252,8.57439,1.50,1.00
2016.09.28 12:43:40.050,8.57252,8.57439,1.50,1.00
2016.09.28 12:43:40.249,8.57252,8.57439,1.50,1.00
2016.09.28 12:43:41.202,8.57267,8.57454,1.00,1.00
2016.09.28 12:43:41.253,8.57267,8.57454,1.00,1.00
2016.09.28 12:43:41.304,8.57281,8.57454,1.00,1.00
2016.09.28 12:43:43.004,8.5726,8.57433,1.00,1.00
2016.09.28 12:43:43.106,8.57252,8.57437,1.00,1.00
2016.09.28 12:43:43.218,8.57252,8.57437,1.00,1.00
2016.09.28 12:43:43.801,8.57252,8.57437,1.00,1.00
2016.09.28 12:43:43.988,8.57252,8.57442,1.00,1.00
2016.09.28 12:43:44.399,8.57268,8.57455,1.00,1.00
2016.09.28 12:43:45.216,8.57265,8.57452,1.00,1.00
2016.09.28 12:43:45.691,8.57269,8.57455,1.00,1.00
2016.09.28 12:43:46.028,8.57274,8.57455,1.00,1.00
2016.09.28 12:43:46.179,8.57274,8.57455,1.00,1.00
2016.09.28 12:43:46.487,8.57274,8.57447,1.00,1.00
2016.09.28 12:43:46.538,8.57267,8.57447,1.00,1.00
2016.09.28 12:43:46.793,8.57267,8.57455,1.00,1.00
2016.09.28 12:43:49.415,8.57268,8.57455,1.00,1.00
2016.09.28 12:43:49.597,8.57272,8.57455,1.00,1.00
2016.09.28 12:43:51.640,8.57287,8.57455,1.00,1.00
2016.09.28 12:43:51.701,8.57276,8.57455,1.00,1.00
2016.09.28 12:43:52.038,8.57289,8.57455,1.00,1.00
2016.09.28 12:43:52.292,8.57289,8.57455,1.00,1.00
2016.09.28 12:43:52.343,8.57271,8.57444,1.00,1.00
2016.09.28 12:43:52.603,8.57254,8.57427,1.00,1.00
2016.09.28 12:43:52.655,8.57254,8.57427,1.00,1.00
2016.09.28 12:43:53.362,8.57249,8.57419,1.00,1.00
2016.09.28 12:43:53.627,8.57249,8.57419,1.00,1.00
2016.09.28 12:43:54.305,8.57249,8.57415,1.00,1.00
2016.09.28 12:43:55.711,8.57249,8.57387,1.00,1.00
2016.09.28 12:43:55.812,8.57228,8.57384,1.00,1.00
2016.09.28 12:43:55.863,8.57208,8.57384,1.00,1.00
2016.09.28 12:43:55.914,8.57208,8.57384,1.00,1.00
2016.09.28 12:43:56.637,8.57217,8.5739,1.00,1.00
2016.09.28 12:43:57.610,8.57216,8.57388,1.00,1.00
2016.09.28 12:43:58.157,8.57208,8.57378,1.00,1.00
2016.09.28 12:43:58.351,8.57208,8.57378,1.00,1.00
2016.09.28 12:43:58.496,8.57206,8.57376,1.00,1.00
2016.09.28 12:43:58.547,8.57178,8.5735,1.00,1.00
2016.09.28 12:43:58.598,8.57178,8.5735,1.00,1.00
2016.09.28 12:43:58.649,8.57186,8.57358,1.00,1.00
2016.09.28 12:44:00.266,8.57184,8.57357,1.00,1.00
2016.09.28 12:44:05.147,8.57197,8.57369,1.00,1.00
2016.09.28 12:44:05.249,8.57197,8.57369,1.00,1.00
2016.09.28 12:44:05.464,8.57197,8.57369,1.00,1.00
2016.09.28 12:44:05.566,8.57197,8.57369,1.00,1.00
2016.09.28 12:44:05.964,8.57197,8.57369,1.00,1.00
2016.09.28 12:44:06.274,8.57199,8.57369,1.00,1.00
2016.09.28 12:44:06.455,8.57199,8.57369,1.00,1.00
2016.09.28 12:44:06.557,8.57199,8.57369,1.00,1.00
2016.09.28 12:44:07.136,8.57199,8.57369,1.00,1.00
2016.09.28 12:44:07.239,8.57199,8.57369,1.00,1.00
2016.09.28 12:44:07.519,8.57199,8.57369,1.00,1.00
2016.09.28 12:44:07.658,8.57189,8.57361,1.00,1.00
2016.09.28 12:44:07.768,8.57189,8.57361,1.00,1.00
2016.09.28 12:44:08.161,8.57189,8.57361,1.00,1.00
2016.09.28 12:44:08.787,8.5719,8.57362,1.00,1.00
2016.09.28 12:44:10.767,8.5719,8.57362,1.00,1.00
2016.09.28 12:44:12.173,8.5719,8.57362,1.00,1.00
2016.09.28 12:44:12.230,8.57186,8.57358,1.00,1.00
2016.09.28 12:44:12.480,8.57182,8.57355,1.00,1.00
2016.09.28 12:44:13.134,8.57186,8.57358,1.00,1.00
2016.09.28 12:44:14.082,8.57197,8.5737,1.00,1.00
2016.09.28 12:44:14.886,8.57197,8.5737,1.00,1.00
2016.09.28 12:44:15.037,8.57194,8.57366,1.00,1.00
2016.09.28 12:44:15.623,8.57194,8.57366,1.00,1.00
2016.09.28 12:44:15.674,8.57181,8.57354,1.00,1.00
2016.09.28 12:44:16.575,8.57184,8.57356,1.00,1.00
2016.09.28 12:44:16.872,8.5718,8.57353,1.00,1.00
2016.09.28 12:44:17.074,8.5719,8.57362,1.00,1.00
2016.09.28 12:44:17.269,8.5719,8.57362,1.00,1.00
2016.09.28 12:44:17.389,8.57196,8.57369,1.00,1.00
2016.09.28 12:44:18.042,8.57193,8.57365,1.00,1.00
2016.09.28 12:44:19.147,8.57188,8.57356,1.00,1.00
2016.09.28 12:44:19.271,8.57179,8.5735,1.00,1.00
2016.09.28 12:44:19.435,8.57179,8.5735,1.00,1.00
2016.09.28 12:44:19.488,8.57179,8.5735,1.00,1.00
2016.09.28 12:44:20.186,8.57179,8.5734,1.00,1.00
2016.09.28 12:44:20.288,8.57164,8.5733,1.00,1.00
2016.09.28 12:44:20.795,8.57164,8.5733,1.00,1.00
2016.09.28 12:44:20.957,8.57164,8.5733,1.00,1.00
2016.09.28 12:44:23.200,8.57164,8.57334,1.00,1.00
2016.09.28 12:44:23.302,8.57164,8.57329,1.00,1.00
2016.09.28 12:44:23.461,8.57147,8.57313,1.00,1.00
2016.09.28 12:44:23.512,8.57147,8.57313,1.00,1.00
2016.09.28 12:44:23.640,8.57147,8.57313,1.00,1.00
2016.09.28 12:44:24.360,8.57147,8.57312,1.00,1.00
2016.09.28 12:44:24.462,8.5715,8.57322,1.00,1.00
2016.09.28 12:44:24.513,8.5715,8.57322,1.00,1.00
2016.09.28 12:44:24.564,8.57161,8.57333,1.00,1.00
2016.09.28 12:44:24.616,8.57161,8.57333,1.00,1.00
2016.09.28 12:44:24.666,8.57161,8.57333,1.00,1.00
2016.09.28 12:44:25.562,8.57162,8.57334,1.00,1.00
2016.09.28 12:44:26.125,8.57163,8.57335,1.00,1.00
2016.09.28 12:44:26.704,8.5716,8.57333,1.00,1.00
2016.09.28 12:44:26.901,8.57147,8.57319,1.50,1.00
2016.09.28 12:44:27.065,8.57156,8.57329,1.00,1.00
2016.09.28 12:44:27.274,8.57171,8.57343,1.00,1.00
2016.09.28 12:44:27.325,8.57171,8.57343,1.00,1.00
2016.09.28 12:44:27.376,8.57171,8.57343,1.00,1.00
2016.09.28 12:44:27.967,8.57181,8.57354,1.00,1.50
2016.09.28 12:44:28.610,8.57187,8.57354,1.00,1.00
2016.09.28 12:44:28.661,8.57187,8.57354,1.00,1.00
2016.09.28 12:44:28.763,8.57187,8.57359,1.00,1.00
2016.09.28 12:44:28.869,8.57179,8.57347,1.00,1.00
2016.09.28 12:44:29.038,8.57179,8.57347,1.00,1.00
2016.09.28 12:44:29.282,8.57179,8.57317,1.00,1.00
2016.09.28 12:44:29.384,8.57145,8.57317,1.00,1.00
2016.09.28 12:44:29.486,8.57145,8.57317,1.00,1.00
2016.09.28 12:44:29.587,8.57145,8.57317,1.00,1.00
2016.09.28 12:44:29.689,8.57145,8.57317,1.00,1.00
2016.09.28 12:44:29.791,8.57145,8.57317,1.00,1.00
2016.09.28 12:44:29.932,8.57155,8.57328,1.00,1.00
2016.09.28 12:44:30.803,8.57155,8.57328,1.00,1.00
2016.09.28 12:44:30.905,8.57151,8.57323,1.00,1.00
2016.09.28 12:44:30.955,8.57151,8.57323,1.00,1.00
2016.09.28 12:44:31.006,8.57139,8.5731,1.00,1.00
2016.09.28 12:44:31.330,8.5713,8.573,1.00,1.00
2016.09.28 12:44:31.613,8.5713,8.573,1.00,1.00
2016.09.28 12:44:33.696,8.57124,8.57294,1.00,1.00
2016.09.28 12:44:34.098,8.57127,8.57299,1.00,1.00
2016.09.28 12:44:34.915,8.57124,8.57295,1.00,1.00
2016.09.28 12:44:35.429,8.57127,8.57299,1.00,1.00
2016.09.28 12:44:37.002,8.57124,8.57293,1.00,1.00
2016.09.28 12:44:37.225,8.57125,8.57297,1.00,1.00
2016.09.28 12:44:37.897,8.57125,8.57297,1.00,1.00
2016.09.28 12:44:38.231,8.57129,8.57301,1.00,1.00
2016.09.28 12:44:39.245,8.5713,8.57302,1.00,1.00
2016.09.28 12:44:40.308,8.57124,8.57277,1.00,1.00
2016.09.28 12:44:40.411,8.57107,8.57277,1.00,1.00
2016.09.28 12:44:40.547,8.57115,8.57287,1.00,1.00
2016.09.28 12:44:41.352,8.57122,8.57295,1.00,1.00
2016.09.28 12:44:41.561,8.57122,8.57295,1.00,1.00
2016.09.28 12:44:41.710,8.57128,8.57301,1.00,1.00
2016.09.28 12:44:42.712,8.57124,8.57297,1.00,1.00
2016.09.28 12:44:43.032,8.57128,8.573,1.00,1.00
2016.09.28 12:44:43.190,8.57128,8.573,1.00,1.00
2016.09.28 12:44:43.241,8.57149,8.57313,1.00,1.00
2016.09.28 12:44:43.348,8.57149,8.57321,1.00,1.00
2016.09.28 12:44:43.663,8.57159,8.57343,1.00,1.00
2016.09.28 12:44:43.714,8.57173,8.57344,1.00,1.00
2016.09.28 12:44:43.882,8.57173,8.57344,1.00,1.00
2016.09.28 12:44:44.045,8.57173,8.57344,1.00,1.00
2016.09.28 12:44:44.159,8.57196,8.57344,1.00,1.00
2016.09.28 12:44:44.233,8.57196,8.57364,1.00,1.00
2016.09.28 12:44:44.284,8.57196,8.57369,1.00,1.00
2016.09.28 12:44:44.728,8.57187,8.57357,1.00,1.00
2016.09.28 12:44:44.829,8.57191,8.57367,1.00,1.00
2016.09.28 12:44:44.880,8.57191,8.57367,1.00,1.00
2016.09.28 12:44:45.239,8.57191,8.57367,1.00,1.00
2016.09.28 12:44:45.782,8.57191,8.57367,1.00,1.00
2016.09.28 12:44:45.832,8.57196,8.57368,1.00,1.00
2016.09.28 12:44:45.991,8.57196,8.57368,1.00,1.00
2016.09.28 12:44:46.489,8.57199,8.57372,1.00,1.00
2016.09.28 12:44:46.618,8.57193,8.57365,1.00,1.00
2016.09.28 12:44:46.720,8.57182,8.57354,1.00,1.00
2016.09.28 12:44:46.771,8.57182,8.57354,1.00,1.00
2016.09.28 12:44:47.744,8.5718,8.57353,1.00,1.00
2016.09.28 12:44:48.722,8.57179,8.57354,1.00,1.00
2016.09.28 12:44:48.773,8.57179,8.57348,1.00,2.10
2016.09.28 12:44:48.824,8.57179,8.57331,1.00,1.00
2016.09.28 12:44:48.942,8.57158,8.57331,1.50,1.00
2016.09.28 12:44:48.992,8.57158,8.57331,1.50,1.00
2016.09.28 12:44:49.391,8.57158,8.57331,1.00,1.00
2016.09.28 12:44:49.442,8.57152,8.57325,1.00,1.00
2016.09.28 12:44:49.545,8.57152,8.57325,1.00,1.00
2016.09.28 12:44:49.595,8.57152,8.57325,1.00,1.00
2016.09.28 12:44:49.873,8.57149,8.5732,1.00,1.00
2016.09.28 12:44:50.397,8.57149,8.5732,1.00,1.00
2016.09.28 12:44:50.449,8.57155,8.57327,1.00,1.00
2016.09.28 12:44:50.654,8.5716,8.57333,1.00,2.85
2016.09.28 12:44:51.126,8.57165,8.57333,1.00,2.10
2016.09.28 12:44:52.184,8.57165,8.57337,1.00,1.00
2016.09.28 12:44:53.329,8.57167,8.57339,1.00,1.00
2016.09.28 12:44:53.768,8.57162,8.57334,1.00,1.00
2016.09.28 12:44:53.830,8.57159,8.57344,1.00,1.00
2016.09.28 12:44:53.940,8.57171,8.57344,1.00,1.00
2016.09.28 12:44:54.161,8.57171,8.57344,1.00,1.00
2016.09.28 12:44:55.005,8.57171,8.57344,1.00,1.00
2016.09.28 12:44:55.157,8.57185,8.57355,1.00,1.00
2016.09.28 12:44:55.208,8.57185,8.57355,1.00,1.00
2016.09.28 12:44:55.259,8.57178,8.5735,1.00,1.00
2016.09.28 12:44:55.360,8.57184,8.57356,1.00,1.50
2016.09.28 12:44:55.462,8.57178,8.5735,1.00,1.00
2016.09.28 12:44:55.800,8.57178,8.5735,1.00,1.00
2016.09.28 12:44:57.757,8.57175,8.57345,1.00,1.00
2016.09.28 12:44:57.808,8.57175,8.57345,1.00,1.00
2016.09.28 12:44:57.858,8.57166,8.57344,1.50,1.00
2016.09.28 12:44:58.019,8.57166,8.57344,1.50,1.60
2016.09.28 12:44:58.070,8.57166,8.5733,1.00,1.60
2016.09.28 12:44:58.160,8.57166,8.57318,1.00,1.00
2016.09.28 12:44:58.211,8.57149,8.5729,1.00,1.00
2016.09.28 12:44:58.312,8.57149,8.5729,1.00,1.00
2016.09.28 12:44:58.414,8.57124,8.5729,1.00,1.00
2016.09.28 12:44:58.566,8.57124,8.57286,1.00,1.00
2016.09.28 12:44:58.667,8.57106,8.57279,1.00,1.00
2016.09.28 12:44:58.872,8.57104,8.57266,1.00,1.00
2016.09.28 12:44:58.975,8.57094,8.57266,1.00,1.00
2016.09.28 12:44:59.179,8.57085,8.57257,1.00,1.00
2016.09.28 12:44:59.777,8.57084,8.5726,1.00,1.00
2016.09.28 12:44:59.878,8.5708,8.57264,1.00,1.00
2016.09.28 12:44:59.936,8.5708,8.57258,1.00,1.00
2016.09.28 12:45:00.062,8.57044,8.57201,1.00,1.00
2016.09.28 12:45:00.113,8.5703,8.57201,1.00,1.00
2016.09.28 12:45:00.164,8.5702,8.57184,1.00,1.00
2016.09.28 12:45:00.214,8.57018,8.57184,1.00,1.00
2016.09.28 12:45:00.326,8.57018,8.57184,1.00,1.00
2016.09.28 12:45:00.377,8.57012,8.57184,1.00,1.00
2016.09.28 12:45:00.914,8.57012,8.57184,1.00,1.00
2016.09.28 12:45:01.067,8.57002,8.57174,1.00,1.00
2016.09.28 12:45:01.118,8.57002,8.57174,1.00,1.00
2016.09.28 12:45:01.329,8.57002,8.57174,1.00,1.00
2016.09.28 12:45:01.960,8.56995,8.57164,1.00,1.00
2016.09.28 12:45:02.116,8.56991,8.57164,1.00,1.00
2016.09.28 12:45:02.268,8.56991,8.57164,1.00,1.00
2016.09.28 12:45:03.445,8.56991,8.57164,1.00,1.00
2016.09.28 12:45:03.513,8.5702,8.57192,1.00,1.00
2016.09.28 12:45:03.565,8.57011,8.57184,1.00,1.00
2016.09.28 12:45:03.667,8.57001,8.57173,1.00,1.00
2016.09.28 12:45:03.815,8.57001,8.57173,1.00,1.00
2016.09.28 12:45:03.866,8.57011,8.57184,1.00,1.00
2016.09.28 12:45:04.354,8.57002,8.57174,1.00,1.00
2016.09.28 12:45:04.780,8.56999,8.57171,1.00,1.00
2016.09.28 12:45:04.831,8.57004,8.57171,1.75,1.00
2016.09.28 12:45:04.882,8.57039,8.57214,1.37,1.00
2016.09.28 12:45:04.933,8.57039,8.57241,1.37,1.10
2016.09.28 12:45:04.984,8.57072,8.57246,1.00,1.00
2016.09.28 12:45:05.085,8.57077,8.57253,1.00,1.00
2016.09.28 12:45:05.187,8.57077,8.5724,1.00,1.00
2016.09.28 12:45:05.289,8.57077,8.5724,1.00,1.00
2016.09.28 12:45:05.390,8.57043,8.5724,1.00,1.00
2016.09.28 12:45:05.718,8.57043,8.57188,1.00,1.00
2016.09.28 12:45:05.769,8.57035,8.57188,1.00,1.00
2016.09.28 12:45:05.820,8.57035,8.57188,1.00,1.00
2016.09.28 12:45:05.872,8.57029,8.57188,1.00,1.00
2016.09.28 12:45:05.995,8.57029,8.57188,1.00,1.00
2016.09.28 12:45:06.132,8.57029,8.57191,1.00,1.00
2016.09.28 12:45:06.859,8.57014,8.57182,1.00,1.00
2016.09.28 12:45:07.899,8.57014,8.57182,1.00,1.00
2016.09.28 12:45:07.961,8.57023,8.57196,1.00,1.00
2016.09.28 12:45:08.075,8.57023,8.57196,1.00,1.00
2016.09.28 12:45:08.126,8.57031,8.57196,1.00,1.00
2016.09.28 12:45:08.295,8.57031,8.57199,1.00,1.00
2016.09.28 12:45:08.405,8.57033,8.57205,1.00,1.00
2016.09.28 12:45:08.461,8.57031,8.57198,1.00,1.00
2016.09.28 12:45:08.663,8.57027,8.57199,1.00,1.00
2016.09.28 12:45:08.762,8.57039,8.57212,1.00,1.00
2016.09.28 12:45:08.996,8.57039,8.57212,1.00,1.00
2016.09.28 12:45:09.063,8.57051,8.57221,1.00,2.10
2016.09.28 12:45:09.279,8.57039,8.57211,1.00,1.00
2016.09.28 12:45:09.378,8.57039,8.57211,1.00,1.00
2016.09.28 12:45:09.778,8.57039,8.57211,1.00,1.00
2016.09.28 12:45:09.829,8.57039,8.57211,1.00,1.00
2016.09.28 12:45:09.879,8.57039,8.57211,1.00,1.00
2016.09.28 12:45:09.981,8.5702,8.57193,1.00,1.00
2016.09.28 12:45:10.061,8.5702,8.57193,1.00,1.35
2016.09.28 12:45:10.112,8.57014,8.57183,1.00,1.00
2016.09.28 12:45:10.315,8.57002,8.57175,1.00,1.00
2016.09.28 12:45:11.070,8.56994,8.57166,1.00,1.00
2016.09.28 12:45:11.894,8.56994,8.57158,1.00,1.00
2016.09.28 12:45:16.481,8.56995,8.57158,1.00,1.00
2016.09.28 12:45:16.737,8.56995,8.57165,1.00,1.00
2016.09.28 12:45:16.789,8.56999,8.57165,1.00,1.00
2016.09.28 12:45:16.890,8.57025,8.57165,1.00,1.00
2016.09.28 12:45:17.113,8.57016,8.57179,1.00,1.00
2016.09.28 12:45:18.061,8.57016,8.57186,1.75,1.00
2016.09.28 12:45:18.112,8.57032,8.57186,1.75,1.00
2016.09.28 12:45:18.213,8.57094,8.57254,1.00,1.08
2016.09.28 12:45:18.264,8.57094,8.57254,1.00,1.00
2016.09.28 12:45:18.315,8.57094,8.57254,1.00,1.00
2016.09.28 12:45:18.416,8.57094,8.57266,1.00,1.00
2016.09.28 12:45:18.562,8.57094,8.57266,1.00,1.00
2016.09.28 12:45:18.816,8.57071,8.57244,1.00,1.00
2016.09.28 12:45:18.917,8.57071,8.57244,1.00,1.00
2016.09.28 12:45:19.019,8.57071,8.57218,1.00,1.00
2016.09.28 12:45:19.120,8.57053,8.57218,1.00,1.00
2016.09.28 12:45:19.171,8.57053,8.57221,1.00,1.00
2016.09.28 12:45:19.222,8.57053,8.57221,1.00,1.00
2016.09.28 12:45:19.508,8.57053,8.57221,1.00,1.00
2016.09.28 12:45:19.610,8.57053,8.57221,1.00,1.00
2016.09.28 12:45:20.113,8.5705,8.5722,1.00,1.00
2016.09.28 12:45:20.216,8.5705,8.57215,1.00,1.00
2016.09.28 12:45:20.505,8.57029,8.572,1.00,1.00
2016.09.28 12:45:20.658,8.57029,8.57192,1.00,1.00
2016.09.28 12:45:20.810,8.57029,8.57192,1.00,1.00
2016.09.28 12:45:21.492,8.57029,8.57193,1.00,1.00
2016.09.28 12:45:21.813,8.57036,8.57193,1.00,1.00
2016.09.28 12:45:23.296,8.57037,8.57193,1.00,1.00
2016.09.28 12:45:24.356,8.57036,8.57193,1.00,1.00
2016.09.28 12:45:26.114,8.57015,8.57186,1.00,1.00
2016.09.28 12:45:26.337,8.57008,8.57173,1.00,1.00
2016.09.28 12:45:26.388,8.57008,8.57181,1.00,1.00
2016.09.28 12:45:26.439,8.57013,8.57186,1.00,1.00
2016.09.28 12:45:26.782,8.57011,8.57182,1.00,1.00
2016.09.28 12:45:27.139,8.57011,8.57178,1.00,1.00
2016.09.28 12:45:27.242,8.57011,8.57178,1.00,1.00
2016.09.28 12:45:27.324,8.57011,8.57178,1.00,1.00
2016.09.28 12:45:27.502,8.57009,8.57178,1.00,1.00
2016.09.28 12:45:28.847,8.57009,8.57181,1.00,1.00
2016.09.28 12:45:28.898,8.57027,8.57187,1.00,1.00
2016.09.28 12:45:28.999,8.57027,8.57195,1.00,1.00
2016.09.28 12:45:30.350,8.57031,8.57195,1.00,1.00
2016.09.28 12:45:30.452,8.57044,8.57195,1.00,1.00
2016.09.28 12:45:30.553,8.57053,8.57215,1.00,1.00
2016.09.28 12:45:30.604,8.57053,8.57222,1.00,1.00
2016.09.28 12:45:30.655,8.57053,8.57235,1.00,1.00
2016.09.28 12:45:30.728,8.57053,8.57202,1.00,1.00
2016.09.28 12:45:30.854,8.57045,8.57202,1.00,1.00
2016.09.28 12:45:31.511,8.57044,8.57202,1.00,1.00
2016.09.28 12:45:32.710,8.57043,8.57202,1.00,1.00
2016.09.28 12:45:33.011,8.57034,8.57202,1.00,1.00
2016.09.28 12:45:33.061,8.57034,8.57213,1.00,1.00
2016.09.28 12:45:33.163,8.57034,8.57213,1.00,1.00
2016.09.28 12:45:33.340,8.57034,8.57213,1.00,1.00
2016.09.28 12:45:33.391,8.57034,8.57213,1.37,1.00
2016.09.28 12:45:33.442,8.57053,8.57213,1.37,1.00
2016.09.28 12:45:33.493,8.57053,8.57213,1.37,1.00
2016.09.28 12:45:33.544,8.57053,8.57225,1.37,1.00
2016.09.28 12:45:33.645,8.57065,8.57238,1.37,1.00
2016.09.28 12:45:33.974,8.57065,8.57238,1.37,1.00
2016.09.28 12:45:34.111,8.57065,8.57238,1.37,1.00
2016.09.28 12:45:34.164,8.57054,8.57224,1.37,1.00
2016.09.28 12:45:34.277,8.57054,8.57224,1.37,1.00
2016.09.28 12:45:34.379,8.57054,8.57224,1.37,1.00
2016.09.28 12:45:34.430,8.57065,8.57237,1.37,1.00
2016.09.28 12:45:34.582,8.57065,8.57237,1.00,1.00
2016.09.28 12:45:34.633,8.57078,8.57244,1.00,1.50
2016.09.28 12:45:34.901,8.57078,8.57244,1.00,1.00
2016.09.28 12:45:35.053,8.57067,8.5724,1.00,1.00
2016.09.28 12:45:35.279,8.57067,8.57235,1.00,1.00
2016.09.28 12:45:35.330,8.57051,8.57215,1.37,1.00
2016.09.28 12:45:35.381,8.57051,8.57215,1.37,1.00
2016.09.28 12:45:35.483,8.57043,8.57213,1.37,1.00
2016.09.28 12:45:35.608,8.57043,8.57211,1.37,1.00
2016.09.28 12:45:35.659,8.57043,8.57211,1.37,1.00
2016.09.28 12:45:35.760,8.57043,8.57211,1.37,1.50
2016.09.28 12:45:36.250,8.57043,8.57211,1.37,1.50
2016.09.28 12:45:36.824,8.57042,8.57211,1.37,1.50
2016.09.28 12:45:36.993,8.57042,8.57211,1.00,1.50
2016.09.28 12:45:37.369,8.57042,8.57209,1.00,1.00
2016.09.28 12:45:37.832,8.57042,8.57207,1.00,1.00
2016.09.28 12:45:38.419,8.57043,8.57207,1.00,1.00
2016.09.28 12:45:38.524,8.57051,8.57207,1.00,1.00
2016.09.28 12:45:39.088,8.57051,8.57207,1.00,1.00
2016.09.28 12:45:39.305,8.57051,8.57207,1.00,1.00
2016.09.28 12:45:41.926,8.57035,8.57207,1.00,1.00
2016.09.28 12:45:42.028,8.5704,8.57188,1.00,1.00
2016.09.28 12:45:42.319,8.5704,8.5719,1.00,1.00
2016.09.28 12:45:42.844,8.57047,8.57199,1.00,1.00
2016.09.28 12:45:43.039,8.57054,8.57199,1.00,1.00
2016.09.28 12:45:43.528,8.57049,8.57199,1.00,1.00
2016.09.28 12:45:44.196,8.57049,8.57209,1.00,1.00
2016.09.28 12:45:44.622,8.57049,8.57192,1.00,1.00
2016.09.28 12:45:44.673,8.57045,8.57192,1.00,1.00
2016.09.28 12:45:44.774,8.57033,8.57192,1.00,1.00
2016.09.28 12:45:45.631,8.57035,8.57192,1.00,1.00
2016.09.28 12:45:46.660,8.57033,8.57192,1.50,1.00
2016.09.28 12:45:46.762,8.57033,8.57192,1.00,1.00
2016.09.28 12:45:47.155,8.57033,8.572,1.00,1.00
2016.09.28 12:45:47.256,8.57047,8.572,1.00,1.00
2016.09.28 12:45:47.634,8.57051,8.572,1.00,1.00
2016.09.28 12:45:48.236,8.57033,8.572,1.00,1.00
2016.09.28 12:45:48.461,8.57033,8.57189,1.00,1.00
2016.09.28 12:45:49.057,8.57033,8.572,1.00,1.00
2016.09.28 12:45:49.170,8.57044,8.572,1.00,1.00
2016.09.28 12:45:49.442,8.57035,8.572,1.00,1.00
2016.09.28 12:45:50.027,8.57035,8.57207,1.00,1.00
2016.09.28 12:45:50.281,8.57054,8.57211,1.00,1.00
2016.09.28 12:45:50.587,8.57059,8.57232,1.00,1.60
2016.09.28 12:45:50.777,8.57069,8.57241,1.00,1.60
2016.09.28 12:45:51.100,8.57069,8.57241,1.00,1.00
2016.09.28 12:45:51.419,8.57078,8.57227,1.00,1.00
2016.09.28 12:45:51.470,8.57076,8.57227,1.00,1.00
2016.09.28 12:45:51.766,8.57069,8.57227,1.00,1.00
2016.09.28 12:45:52.096,8.57069,8.57227,1.00,1.00
2016.09.28 12:45:52.833,8.57069,8.57223,1.00,1.00
2016.09.28 12:45:52.883,8.57056,8.57223,1.00,1.00
2016.09.28 12:45:53.283,8.57045,8.57215,1.00,1.50
2016.09.28 12:45:53.855,8.57051,8.57215,1.00,1.00
2016.09.28 12:45:54.857,8.57048,8.57215,1.00,1.00
2016.09.28 12:45:55.005,8.57048,8.57218,1.00,1.00
2016.09.28 12:45:56.356,8.57048,8.57215,1.00,1.00
2016.09.28 12:45:56.407,8.57044,8.57214,1.00,1.00
2016.09.28 12:45:57.161,8.57056,8.57226,1.00,1.00
2016.09.28 12:45:57.650,8.57051,8.57223,1.00,1.00
2016.09.28 12:45:57.786,8.57051,8.57214,1.00,1.00
2016.09.28 12:45:58.163,8.57054,8.57214,1.00,1.00
2016.09.28 12:45:58.563,8.5705,8.57214,1.00,1.00
2016.09.28 12:45:59.094,8.57057,8.57226,1.00,1.00
2016.09.28 12:45:59.266,8.57055,8.57225,1.00,1.00
2016.09.28 12:45:59.368,8.57043,8.57214,1.00,1.00
2016.09.28 12:45:59.419,8.57043,8.57209,1.00,1.00
2016.09.28 12:45:59.748,8.57043,8.57214,1.00,1.00
2016.09.28 12:46:00.171,8.57047,8.5722,1.00,1.50
2016.09.28 12:46:00.372,8.57048,8.57218,1.00,1.00
2016.09.28 12:46:00.838,8.57048,8.57218,1.00,1.50
2016.09.28 12:46:01.996,8.57048,8.57208,1.00,1.00
2016.09.28 12:46:02.097,8.57043,8.57208,1.00,1.00
2016.09.28 12:46:05.085,8.57043,8.57207,1.00,1.00
2016.09.28 12:46:06.186,8.57043,8.57208,1.00,1.00
2016.09.28 12:46:06.778,8.5704,8.57208,1.00,1.00
2016.09.28 12:46:07.189,8.57029,8.57208,1.00,1.00
2016.09.28 12:46:08.040,8.57034,8.57206,1.00,1.00
2016.09.28 12:46:08.995,8.57033,8.57205,1.00,1.00
2016.09.28 12:46:10.269,8.57033,8.57203,1.00,1.00
2016.09.28 12:46:10.483,8.57028,8.57203,1.00,1.00
2016.09.28 12:46:10.534,8.57033,8.57203,1.00,1.00
2016.09.28 12:46:10.844,8.5705,8.57209,1.00,1.00
2016.09.28 12:46:11.147,8.57072,8.57231,1.00,1.00
2016.09.28 12:46:11.249,8.57059,8.57231,1.00,1.00
2016.09.28 12:46:11.300,8.57059,8.57216,1.00,1.00
2016.09.28 12:46:11.351,8.57048,8.57216,1.00,1.00
2016.09.28 12:46:13.039,8.57048,8.57218,1.00,1.00
2016.09.28 12:46:13.907,8.57054,8.57227,1.00,1.00
2016.09.28 12:46:13.958,8.57054,8.57227,1.00,1.00
2016.09.28 12:46:14.150,8.57046,8.57218,1.00,1.00
2016.09.28 12:46:14.226,8.57051,8.57223,1.00,1.00
2016.09.28 12:46:14.906,8.57056,8.57228,1.00,1.00
2016.09.28 12:46:15.407,8.57059,8.57232,1.00,1.00
2016.09.28 12:46:15.892,8.57059,8.5723,1.00,1.00
2016.09.28 12:46:15.943,8.57055,8.57228,1.00,1.00
2016.09.28 12:46:16.433,8.57059,8.5723,1.00,1.00
2016.09.28 12:46:16.941,8.57055,8.57228,1.00,1.00
2016.09.28 12:46:18.162,8.5705,8.57223,1.00,1.00
2016.09.28 12:46:18.213,8.5705,8.57218,1.00,1.00
2016.09.28 12:46:18.563,8.5705,8.57221,1.00,1.00
2016.09.28 12:46:18.614,8.57074,8.57234,1.00,1.00
2016.09.28 12:46:19.615,8.57071,8.57234,1.00,1.00
2016.09.28 12:46:20.762,8.57078,8.57234,1.00,1.00
2016.09.28 12:46:21.217,8.57073,8.57234,1.00,1.00
2016.09.28 12:46:21.268,8.57073,8.57232,1.00,1.00
2016.09.28 12:46:21.843,8.57073,8.57219,1.00,1.00
2016.09.28 12:46:22.223,8.57068,8.57219,1.00,1.00
2016.09.28 12:46:22.325,8.57049,8.57217,1.00,1.00
2016.09.28 12:46:22.502,8.57047,8.57217,1.00,1.00
2016.09.28 12:46:22.669,8.57047,8.57209,1.00,1.00
2016.09.28 12:46:23.127,8.57036,8.57207,1.00,1.00
2016.09.28 12:46:24.130,8.57035,8.57203,1.00,1.00
2016.09.28 12:46:25.239,8.57033,8.57203,1.00,1.00
2016.09.28 12:46:25.334,8.57039,8.57208,1.00,1.00
2016.09.28 12:46:25.434,8.57031,8.57207,1.00,1.00
2016.09.28 12:46:26.441,8.57031,8.57206,1.00,1.00
2016.09.28 12:46:27.916,8.57031,8.57206,1.00,1.00
2016.09.28 12:46:28.244,8.57041,8.57206,1.00,1.00
2016.09.28 12:46:29.039,8.57045,8.57206,1.00,1.00
2016.09.28 12:46:29.293,8.57045,8.57206,1.00,1.00
2016.09.28 12:46:30.442,8.57043,8.57206,1.00,1.00
2016.09.28 12:46:31.262,8.5704,8.57206,1.00,1.00
2016.09.28 12:46:31.494,8.57045,8.57206,1.00,1.00
2016.09.28 12:46:32.038,8.57045,8.57206,1.00,1.00
2016.09.28 12:46:32.089,8.57036,8.57205,1.00,1.00
2016.09.28 12:46:33.045,8.57033,8.57203,1.00,1.00
2016.09.28 12:46:33.646,8.5702,8.57203,1.00,1.00
2016.09.28 12:46:35.091,8.57026,8.57205,1.00,1.00
2016.09.28 12:46:36.538,8.57026,8.57204,1.00,1.00
2016.09.28 12:46:36.790,8.57026,8.57206,1.00,1.50
2016.09.28 12:46:38.453,8.57023,8.57206,1.00,1.50
2016.09.28 12:46:38.653,8.57034,8.57204,1.00,1.00
2016.09.28 12:46:39.176,8.57034,8.57206,1.37,1.00
2016.09.28 12:46:39.227,8.57034,8.57206,1.37,1.00
2016.09.28 12:46:39.278,8.57087,8.57226,1.00,1.00
2016.09.28 12:46:39.328,8.57087,8.57229,1.00,1.00
2016.09.28 12:46:39.380,8.57075,8.57231,1.00,1.00
2016.09.28 12:46:39.574,8.57075,8.57245,1.00,1.00
2016.09.28 12:46:39.676,8.57092,8.57262,1.00,1.00
2016.09.28 12:46:40.356,8.57081,8.57262,1.00,1.00
2016.09.28 12:46:40.685,8.57085,8.57262,1.00,1.00
2016.09.28 12:46:40.787,8.57085,8.57262,1.37,1.00
2016.09.28 12:46:45.509,8.57079,8.57262,1.37,1.00
2016.09.28 12:46:46.665,8.57078,8.57262,1.37,1.00
2016.09.28 12:46:47.346,8.57078,8.57262,1.37,1.00
2016.09.28 12:46:47.408,8.57087,8.57262,1.37,1.00
2016.09.28 12:46:47.474,8.5709,8.57262,1.37,1.00
2016.09.28 12:46:47.819,8.57093,8.57262,1.00,1.00
2016.09.28 12:46:48.612,8.57093,8.57262,1.00,1.00
2016.09.28 12:46:49.148,8.57093,8.57262,1.00,1.00
2016.09.28 12:46:49.224,8.57093,8.57262,1.00,1.00
2016.09.28 12:46:49.532,8.57093,8.57262,1.00,1.00
2016.09.28 12:46:51.803,8.57093,8.57262,1.50,1.00
2016.09.28 12:46:52.709,8.57096,8.57262,1.00,1.00
2016.09.28 12:46:52.811,8.57099,8.57262,1.37,1.00
2016.09.28 12:46:52.913,8.57099,8.57262,1.00,1.00
2016.09.28 12:46:53.014,8.57093,8.57262,1.00,1.00
2016.09.28 12:46:53.116,8.5707,8.57262,1.37,1.00
2016.09.28 12:46:53.167,8.57068,8.57262,1.37,1.00
2016.09.28 12:46:53.682,8.57055,8.57234,1.37,1.00
2016.09.28 12:46:53.733,8.57053,8.57234,1.37,1.50
2016.09.28 12:46:53.870,8.57046,8.57224,1.37,1.00
2016.09.28 12:46:53.922,8.57048,8.57204,1.37,1.00
2016.09.28 12:46:53.973,8.57048,8.57204,1.37,1.00
2016.09.28 12:46:54.024,8.57036,8.57204,1.37,1.00
2016.09.28 12:46:54.656,8.57035,8.57204,1.37,1.00
2016.09.28 12:46:55.080,8.57028,8.57199,1.37,1.00
2016.09.28 12:46:56.079,8.57029,8.572,1.37,1.00
2016.09.28 12:46:56.683,8.57025,8.57196,1.37,1.00
2016.09.28 12:46:57.112,8.57012,8.57182,1.00,1.00
2016.09.28 12:46:57.480,8.57022,8.57192,1.00,1.00
2016.09.28 12:46:58.571,8.57024,8.57194,1.00,1.00
2016.09.28 12:46:58.983,8.57032,8.57202,1.00,1.00
2016.09.28 12:47:00.062,8.57032,8.57202,1.00,1.00
2016.09.28 12:47:01.686,8.57034,8.57204,1.00,1.00
2016.09.28 12:47:02.888,8.57029,8.57199,1.00,1.00
2016.09.28 12:47:05.592,8.57028,8.57198,1.00,1.00
2016.09.28 12:47:07.924,8.57035,8.57204,1.00,1.00
2016.09.28 12:47:08.002,8.57035,8.57204,1.00,1.00
2016.09.28 12:47:08.910,8.57034,8.57204,1.00,1.00
2016.09.28 12:47:09.248,8.57038,8.57208,1.00,1.00
2016.09.28 12:47:09.299,8.5705,8.57218,1.00,1.50
2016.09.28 12:47:09.500,8.57056,8.57218,1.00,1.00
2016.09.28 12:47:09.601,8.57056,8.57218,1.00,1.00
2016.09.28 12:47:09.801,8.57076,8.57218,1.00,1.00
2016.09.28 12:47:09.852,8.57076,8.57246,1.00,1.00
2016.09.28 12:47:09.904,8.57076,8.57246,1.00,1.00
2016.09.28 12:47:10.006,8.57092,8.57255,1.00,1.00
2016.09.28 12:47:10.352,8.57092,8.57255,1.00,1.00
2016.09.28 12:47:10.403,8.57092,8.57255,1.00,1.00
2016.09.28 12:47:10.643,8.57086,8.57255,1.00,1.00
2016.09.28 12:47:10.932,8.57086,8.57255,1.37,1.00
2016.09.28 12:47:11.220,8.57082,8.57252,1.37,1.00
2016.09.28 12:47:11.370,8.57082,8.57252,1.37,1.00
2016.09.28 12:47:11.421,8.57089,8.57255,1.00,1.00
2016.09.28 12:47:11.783,8.571,8.57255,1.00,1.00
2016.09.28 12:47:11.961,8.571,8.57255,1.00,1.00
2016.09.28 12:47:12.332,8.571,8.57255,1.00,1.00
2016.09.28 12:47:12.882,8.57101,8.57255,1.00,1.00
2016.09.28 12:47:13.354,8.57104,8.57255,1.00,1.00
2016.09.28 12:47:15.141,8.57091,8.57255,1.00,1.00
2016.09.28 12:47:15.243,8.57091,8.57255,1.00,1.00
2016.09.28 12:47:15.519,8.57091,8.57255,1.00,1.00
2016.09.28 12:47:15.621,8.5708,8.5725,1.37,1.00
2016.09.28 12:47:16.173,8.57085,8.57255,1.37,1.50
2016.09.28 12:47:16.559,8.57085,8.57255,1.37,1.50
2016.09.28 12:47:16.610,8.57085,8.57255,1.37,1.50
2016.09.28 12:47:16.661,8.57089,8.57259,1.00,1.00
2016.09.28 12:47:16.829,8.57097,8.57268,1.00,1.00
2016.09.28 12:47:16.880,8.57097,8.57268,1.37,1.00
2016.09.28 12:47:17.027,8.57097,8.57268,1.37,1.00
2016.09.28 12:47:17.211,8.57097,8.57268,1.37,1.00
2016.09.28 12:47:17.656,8.57096,8.57266,1.37,1.00
2016.09.28 12:47:17.707,8.57096,8.57266,1.37,1.00
2016.09.28 12:47:18.747,8.57092,8.57262,1.75,1.00
2016.09.28 12:47:18.915,8.57097,8.57267,1.37,1.00
2016.09.28 12:47:19.318,8.57102,8.57273,1.37,1.00
2016.09.28 12:47:19.369,8.57102,8.57273,1.37,1.00
2016.09.28 12:47:19.650,8.57127,8.57295,1.75,1.00
2016.09.28 12:47:19.701,8.57127,8.57301,1.75,1.00
2016.09.28 12:47:19.752,8.5715,8.57319,1.37,1.00
2016.09.28 12:47:19.866,8.5715,8.57319,1.75,1.00
2016.09.28 12:47:20.001,8.57166,8.57319,1.37,1.00
2016.09.28 12:47:20.052,8.57166,8.57337,1.37,1.00
2016.09.28 12:47:20.220,8.57156,8.57317,1.75,1.00
2016.09.28 12:47:20.282,8.57156,8.57317,1.37,1.00
2016.09.28 12:47:20.721,8.5716,8.5733,1.12,1.00
2016.09.28 12:47:20.970,8.5716,8.5733,1.12,1.00
2016.09.28 12:47:23.625,8.57158,8.57329,1.37,1.00
2016.09.28 12:47:24.626,8.57156,8.57327,1.37,1.00
2016.09.28 12:47:25.327,8.57155,8.57323,1.37,1.00
2016.09.28 12:47:25.741,8.57156,8.57327,1.37,1.00
2016.09.28 12:47:27.163,8.57152,8.57323,1.37,1.00
2016.09.28 12:47:28.800,8.57158,8.57328,1.37,1.00
2016.09.28 12:47:29.111,8.57151,8.57321,1.37,1.00
2016.09.28 12:47:30.637,8.5716,8.57328,1.12,1.00
2016.09.28 12:47:30.839,8.57165,8.57334,1.00,1.00
2016.09.28 12:47:31.638,8.57161,8.57332,1.00,1.00
2016.09.28 12:47:31.838,8.57165,8.57334,1.00,1.00
2016.09.28 12:47:34.346,8.57164,8.57334,1.00,1.50
2016.09.28 12:47:34.636,8.57164,8.57334,1.00,1.00
2016.09.28 12:47:35.228,8.5717,8.5734,1.00,1.35
2016.09.28 12:47:35.833,8.5717,8.5734,1.00,1.00
2016.09.28 12:47:36.146,8.57165,8.57335,1.00,1.00
2016.09.28 12:47:36.248,8.5717,8.5734,1.37,1.00
2016.09.28 12:47:36.452,8.5717,8.57339,1.00,1.00
2016.09.28 12:47:36.801,8.5716,8.57329,1.00,1.00
2016.09.28 12:47:37.566,8.5716,8.5733,1.50,1.00
2016.09.28 12:47:38.396,8.57165,8.57335,1.00,1.00
2016.09.28 12:47:38.861,8.57161,8.57331,1.00,1.00
2016.09.28 12:47:39.055,8.57167,8.57338,1.00,1.00
2016.09.28 12:47:39.779,8.5716,8.57327,1.00,1.00
2016.09.28 12:47:40.106,8.5716,8.57331,1.00,1.50
2016.09.28 12:47:40.819,8.5716,8.5733,1.00,1.00
2016.09.28 12:47:40.870,8.5716,8.57336,1.00,1.00
2016.09.28 12:47:41.368,8.5716,8.57331,1.00,1.00
2016.09.28 12:47:45.586,8.5716,8.57327,1.00,1.00
2016.09.28 12:47:46.154,8.5716,8.57325,1.00,1.00
2016.09.28 12:47:46.586,8.5716,8.57328,1.00,1.00
2016.09.28 12:47:47.269,8.5716,8.57325,1.00,1.00
2016.09.28 12:47:47.894,8.5716,8.57304,1.00,1.00
2016.09.28 12:47:47.997,8.5716,8.57293,1.00,1.00
2016.09.28 12:47:48.048,8.57123,8.57293,1.00,1.00
2016.09.28 12:47:48.699,8.57123,8.57301,1.00,1.60
2016.09.28 12:47:48.750,8.57123,8.57303,1.00,1.60
2016.09.28 12:47:49.915,8.57123,8.57303,1.00,1.60
2016.09.28 12:47:50.151,8.57123,8.57303,1.00,1.60
2016.09.28 12:47:50.623,8.57122,8.57296,1.00,1.35
2016.09.28 12:47:50.945,8.57122,8.57293,1.00,1.00
2016.09.28 12:47:51.411,8.57122,8.57272,1.00,1.00
2016.09.28 12:47:51.512,8.57113,8.57267,1.00,1.00
2016.09.28 12:47:52.479,8.57113,8.57268,1.00,1.00
2016.09.28 12:47:52.779,8.57113,8.57263,1.00,1.00
2016.09.28 12:47:53.354,8.57113,8.57263,1.00,1.00
2016.09.28 12:47:53.430,8.57113,8.57265,1.00,1.00
2016.09.28 12:47:55.969,8.57113,8.57262,1.00,1.00
2016.09.28 12:47:57.809,8.57113,8.57263,1.00,1.00
2016.09.28 12:47:57.902,8.57113,8.57234,1.00,1.00
2016.09.28 12:47:57.953,8.57063,8.57233,1.00,1.60
2016.09.28 12:47:58.106,8.57064,8.57204,1.00,1.60
2016.09.28 12:47:58.160,8.57016,8.57204,1.00,1.60
2016.09.28 12:47:58.212,8.57015,8.57181,1.00,1.00
2016.09.28 12:47:58.263,8.57015,8.57181,1.00,1.00
2016.09.28 12:47:58.470,8.57015,8.57181,1.00,1.00
2016.09.28 12:47:58.684,8.57015,8.57181,1.00,1.00
2016.09.28 12:47:58.737,8.57024,8.57212,1.00,1.60
2016.09.28 12:47:58.839,8.57032,8.57212,1.00,1.60
2016.09.28 12:47:59.000,8.57032,8.57212,1.00,1.60
2016.09.28 12:47:59.209,8.57032,8.57219,1.50,1.60
2016.09.28 12:47:59.587,8.5704,8.57222,1.00,1.60
2016.09.28 12:47:59.982,8.5704,8.57222,1.00,2.10
2016.09.28 12:48:00.033,8.57042,8.57219,1.00,1.60
2016.09.28 12:48:01.221,8.57038,8.57215,1.00,1.60
2016.09.28 12:48:01.298,8.57045,8.57221,1.00,1.60
2016.09.28 12:48:01.632,8.57045,8.57221,1.00,1.00
2016.09.28 12:48:01.683,8.57045,8.57222,1.00,1.50
2016.09.28 12:48:01.734,8.57059,8.57222,1.00,1.00
2016.09.28 12:48:01.786,8.57059,8.57222,1.00,1.00
2016.09.28 12:48:01.938,8.57071,8.57244,1.00,1.00
2016.09.28 12:48:02.818,8.57071,8.57247,1.00,1.00
2016.09.28 12:48:03.355,8.57075,8.57252,1.00,2.25
2016.09.28 12:48:05.661,8.57072,8.57248,1.00,1.00
2016.09.28 12:48:06.113,8.57072,8.57248,1.00,1.00
2016.09.28 12:48:06.164,8.57081,8.57252,1.00,1.00
2016.09.28 12:48:06.272,8.57081,8.57252,1.00,1.00
2016.09.28 12:48:08.003,8.57081,8.57252,1.00,1.00
2016.09.28 12:48:08.270,8.57081,8.57252,1.00,1.00
2016.09.28 12:48:08.663,8.57079,8.57252,1.00,1.00
2016.09.28 12:48:08.826,8.57082,8.57244,1.00,1.00
2016.09.28 12:48:12.800,8.57082,8.57244,1.00,1.00
2016.09.28 12:48:12.851,8.57115,8.57252,1.00,1.00
2016.09.28 12:48:13.056,8.57115,8.57252,1.00,1.00
2016.09.28 12:48:13.107,8.57115,8.57277,1.00,1.00
2016.09.28 12:48:13.401,8.57132,8.5729,1.00,1.00
2016.09.28 12:48:13.471,8.57132,8.5729,1.00,1.00
2016.09.28 12:48:13.537,8.57132,8.5729,1.00,1.00
2016.09.28 12:48:13.690,8.57118,8.5728,1.00,1.00
2016.09.28 12:48:13.847,8.57126,8.57288,1.00,1.00
2016.09.28 12:48:14.170,8.57144,8.57304,1.00,1.00
2016.09.28 12:48:14.228,8.57144,8.57304,1.00,1.00
2016.09.28 12:48:14.462,8.57153,8.57314,1.00,1.00
2016.09.28 12:48:14.856,8.57157,8.57319,1.00,1.50
2016.09.28 12:48:16.862,8.57159,8.57319,1.00,1.50
2016.09.28 12:48:17.185,8.57161,8.57319,1.00,1.00
2016.09.28 12:48:17.287,8.57161,8.57319,1.00,1.00
2016.09.28 12:48:17.517,8.57161,8.57323,1.00,1.00
2016.09.28 12:48:17.903,8.57154,8.57315,1.00,1.00
2016.09.28 12:48:18.446,8.57154,8.57315,1.00,1.00
2016.09.28 12:48:18.497,8.57181,8.57343,1.00,1.00
2016.09.28 12:48:18.649,8.57181,8.57343,1.00,1.00
2016.09.28 12:48:18.700,8.57204,8.57366,1.00,1.00
2016.09.28 12:48:18.753,8.57204,8.57366,1.00,1.00
2016.09.28 12:48:18.938,8.57204,8.57366,1.00,1.00
2016.09.28 12:48:19.485,8.57216,8.57378,1.00,1.00
2016.09.28 12:48:19.712,8.57212,8.57374,1.00,1.00
2016.09.28 12:48:19.912,8.57212,8.57374,1.00,1.00
2016.09.28 12:48:20.171,8.57219,8.57378,1.00,1.00
2016.09.28 12:48:20.374,8.57225,8.57387,1.00,1.00
2016.09.28 12:48:21.799,8.57225,8.57387,1.00,1.00
2016.09.28 12:48:22.806,8.5723,8.57392,1.00,1.00
2016.09.28 12:48:22.908,8.57241,8.57403,1.00,1.00
2016.09.28 12:48:22.959,8.57241,8.57403,1.00,1.00
2016.09.28 12:48:23.009,8.57252,8.57413,1.00,1.00
2016.09.28 12:48:23.101,8.57252,8.57413,1.00,1.00
2016.09.28 12:48:23.202,8.57261,8.57423,1.00,1.00
2016.09.28 12:48:23.253,8.57261,8.57423,1.00,1.00
2016.09.28 12:48:23.873,8.57268,8.5743,1.00,1.00
2016.09.28 12:48:24.223,8.57268,8.5743,1.00,1.00
2016.09.28 12:48:25.568,8.57268,8.5743,1.00,1.00
2016.09.28 12:48:25.618,8.57273,8.57433,1.00,1.00
2016.09.28 12:48:26.577,8.57275,8.57437,1.00,1.00
2016.09.28 12:48:27.110,8.57289,8.57451,1.00,1.00
2016.09.28 12:48:27.161,8.57289,8.57451,1.00,1.00
2016.09.28 12:48:27.212,8.57289,8.57451,1.00,1.00
2016.09.28 12:48:27.263,8.57289,8.57451,1.00,1.00
2016.09.28 12:48:27.367,8.57306,8.57456,1.00,1.00
2016.09.28 12:48:27.418,8.57306,8.57468,1.00,1.00
2016.09.28 12:48:28.083,8.57316,8.57478,1.00,1.00
2016.09.28 12:48:28.315,8.57312,8.57474,1.00,1.00
2016.09.28 12:48:28.682,8.57317,8.57479,1.00,1.00
2016.09.28 12:48:29.061,8.57317,8.57479,1.00,2.85
2016.09.28 12:48:29.241,8.57287,8.57446,1.00,1.00
2016.09.28 12:48:29.343,8.57287,8.57446,1.00,1.00
2016.09.28 12:48:29.492,8.57287,8.57438,1.00,1.00
2016.09.28 12:48:30.126,8.57301,8.57462,1.00,1.00
2016.09.28 12:48:30.177,8.57301,8.57462,1.00,1.00
2016.09.28 12:48:30.467,8.57301,8.57462,1.00,1.00
2016.09.28 12:48:30.518,8.57317,8.57479,1.00,1.00
2016.09.28 12:48:30.569,8.57317,8.57479,1.00,1.00
2016.09.28 12:48:30.620,8.57327,8.57489,1.00,1.00
2016.09.28 12:48:31.107,8.57313,8.57475,1.00,1.00
2016.09.28 12:48:31.346,8.57313,8.57475,1.00,1.00
2016.09.28 12:48:31.920,8.5731,8.57472,1.00,1.00
2016.09.28 12:48:33.604,8.57309,8.57471,1.00,1.00
2016.09.28 12:48:34.906,8.57313,8.57474,1.00,1.00
2016.09.28 12:48:35.908,8.57315,8.57477,1.00,1.00
2016.09.28 12:48:36.012,8.57315,8.57477,1.00,1.00
2016.09.28 12:48:36.925,8.57318,8.5748,1.00,1.00
2016.09.28 12:48:37.157,8.57318,8.5748,1.00,1.00
2016.09.28 12:48:37.347,8.57305,8.57479,1.00,1.00
2016.09.28 12:48:37.398,8.57305,8.57479,1.00,1.00
2016.09.28 12:48:37.449,8.57304,8.57466,1.00,1.00
2016.09.28 12:48:37.551,8.57292,8.57454,1.00,1.60
2016.09.28 12:48:37.602,8.57292,8.57454,1.00,1.60
2016.09.28 12:48:37.653,8.57287,8.57442,1.00,1.00
2016.09.28 12:48:37.756,8.57283,8.57442,1.00,1.00
2016.09.28 12:48:38.613,8.57283,8.57441,1.00,1.00
2016.09.28 12:48:38.914,8.57283,8.57432,1.00,1.00
2016.09.28 12:48:40.766,8.57283,8.57432,1.00,1.00
2016.09.28 12:48:40.818,8.57283,8.5743,1.00,1.00
2016.09.28 12:48:41.069,8.57263,8.57421,1.00,1.00
2016.09.28 12:48:41.670,8.57258,8.57415,1.00,1.00
2016.09.28 12:48:42.206,8.5726,8.5742,1.00,1.00
2016.09.28 12:48:42.320,8.57258,8.57414,1.00,1.00
2016.09.28 12:48:42.461,8.57258,8.57414,1.00,1.00
2016.09.28 12:48:42.562,8.57258,8.57414,1.00,1.00
2016.09.28 12:48:43.122,8.5726,8.5742,1.00,1.00
2016.09.28 12:48:43.598,8.57258,8.57415,1.00,1.35
2016.09.28 12:48:43.739,8.57258,8.57386,1.00,1.00
2016.09.28 12:48:43.842,8.57258,8.57377,1.00,1.00
2016.09.28 12:48:43.893,8.57217,8.57377,1.00,1.00
2016.09.28 12:48:43.944,8.57212,8.57362,1.00,1.00
2016.09.28 12:48:44.096,8.57202,8.57362,1.50,1.00
2016.09.28 12:48:44.410,8.57202,8.57362,1.00,1.00
2016.09.28 12:48:44.913,8.57209,8.57369,1.00,1.00
2016.09.28 12:48:45.527,8.57205,8.57365,1.00,1.00
2016.09.28 12:48:45.751,8.57194,8.57374,1.00,1.00
2016.09.28 12:48:45.801,8.57201,8.57374,1.00,1.00
2016.09.28 12:48:45.903,8.57183,8.57355,1.00,1.00
2016.09.28 12:48:46.004,8.57183,8.57343,1.00,1.50
2016.09.28 12:48:46.055,8.57183,8.5734,1.00,1.00
2016.09.28 12:48:46.106,8.57183,8.5734,1.00,1.00
2016.09.28 12:48:46.831,8.57185,8.57344,1.00,1.00
2016.09.28 12:48:47.279,8.57185,8.57342,1.00,1.00
2016.09.28 12:48:47.583,8.57194,8.57342,1.00,1.00
2016.09.28 12:48:47.634,8.57205,8.57342,1.00,1.00
2016.09.28 12:48:47.786,8.57214,8.57367,1.00,1.00
2016.09.28 12:48:47.965,8.57227,8.57367,1.00,1.00
2016.09.28 12:48:48.016,8.57227,8.57367,1.00,1.00
2016.09.28 12:48:49.143,8.57239,8.57367,1.00,1.00
2016.09.28 12:48:49.313,8.57239,8.57391,1.00,1.00
2016.09.28 12:48:50.140,8.57245,8.57391,1.00,1.00
2016.09.28 12:48:50.446,8.57252,8.57391,1.00,1.00
2016.09.28 12:48:52.255,8.57267,8.57391,1.00,1.00
2016.09.28 12:48:52.407,8.57272,8.57412,1.00,1.00
2016.09.28 12:48:52.458,8.57269,8.57412,1.00,1.00
2016.09.28 12:48:52.510,8.57269,8.57422,1.00,1.60
2016.09.28 12:48:52.561,8.57256,8.57413,1.00,1.00
2016.09.28 12:48:52.613,8.57256,8.57399,1.00,1.00
2016.09.28 12:48:52.756,8.57244,8.57399,1.00,1.00
2016.09.28 12:48:53.162,8.57244,8.57399,1.00,1.00
2016.09.28 12:48:53.264,8.57257,8.57399,1.00,1.00
2016.09.28 12:48:53.573,8.57257,8.57399,1.00,1.00
2016.09.28 12:48:54.249,8.57255,8.57399,1.00,1.00
2016.09.28 12:48:54.440,8.57244,8.57398,1.00,1.00
2016.09.28 12:48:54.491,8.57245,8.57399,1.00,1.00
2016.09.28 12:48:54.599,8.57244,8.5739,1.00,1.00
2016.09.28 12:48:54.701,8.57228,8.5739,1.00,1.00
2016.09.28 12:48:55.145,8.57228,8.57387,1.00,1.00
2016.09.28 12:48:55.364,8.57219,8.57381,1.00,1.00
2016.09.28 12:48:56.238,8.57219,8.57371,1.00,1.00
2016.09.28 12:48:56.288,8.57213,8.57371,1.00,1.00
2016.09.28 12:48:56.390,8.57213,8.57364,1.00,1.00
2016.09.28 12:48:56.710,8.57213,8.57347,1.00,1.00
2016.09.28 12:49:01.686,8.57214,8.57347,1.00,1.00
2016.09.28 12:49:03.112,8.57194,8.57347,1.00,1.00
2016.09.28 12:49:03.465,8.57178,8.5734,1.00,1.00
2016.09.28 12:49:03.516,8.57178,8.5734,1.00,1.50
2016.09.28 12:49:04.282,8.57196,8.5734,1.00,1.00
2016.09.28 12:49:04.386,8.57196,8.57347,1.00,1.00
2016.09.28 12:49:04.436,8.57196,8.57347,1.00,1.00
2016.09.28 12:49:04.586,8.57192,8.57347,1.00,1.00
2016.09.28 12:49:04.637,8.57192,8.57347,1.00,1.00
2016.09.28 12:49:04.767,8.57187,8.57347,1.00,1.00
2016.09.28 12:49:05.256,8.57187,8.57347,1.00,1.00
2016.09.28 12:49:05.864,8.57188,8.57347,1.00,1.00
2016.09.28 12:49:06.300,8.57188,8.57344,1.00,1.00
2016.09.28 12:49:07.886,8.57188,8.57341,1.00,1.00
2016.09.28 12:49:07.987,8.57164,8.57337,1.00,1.00
2016.09.28 12:49:08.140,8.57156,8.57337,1.00,1.00
2016.09.28 12:49:08.345,8.57156,8.57337,1.00,1.00
2016.09.28 12:49:08.396,8.57151,8.57332,1.00,1.00
2016.09.28 12:49:08.448,8.57151,8.57285,1.00,1.00
2016.09.28 12:49:08.977,8.57144,8.57285,1.00,1.00
2016.09.28 12:49:09.721,8.5714,8.57285,1.00,1.00
2016.09.28 12:49:09.881,8.57134,8.57285,1.00,1.00
2016.09.28 12:49:09.982,8.57124,8.57285,1.00,1.50
2016.09.28 12:49:10.712,8.57113,8.57275,1.37,1.00
2016.09.28 12:49:10.763,8.57113,8.57265,1.37,1.00
2016.09.28 12:49:11.169,8.57113,8.57275,1.37,1.00
2016.09.28 12:49:11.394,8.57125,8.57284,1.00,1.50
2016.09.28 12:49:13.862,8.57125,8.57284,1.37,1.50
2016.09.28 12:49:13.964,8.57125,8.57284,1.75,1.50
2016.09.28 12:49:14.388,8.57125,8.57284,1.75,1.00
2016.09.28 12:49:15.790,8.57132,8.57284,1.75,1.00
2016.09.28 12:49:17.925,8.5715,8.57284,1.37,1.00
2016.09.28 12:49:18.027,8.57155,8.57303,1.00,1.00
2016.09.28 12:49:18.227,8.57155,8.57303,1.75,1.00
2016.09.28 12:49:18.381,8.57155,8.57318,1.75,1.00
2016.09.28 12:49:18.680,8.57155,8.57311,1.75,1.00
2016.09.28 12:49:18.731,8.57175,8.57311,1.00,1.00
2016.09.28 12:49:20.400,8.5717,8.57311,1.37,1.00
2016.09.28 12:49:20.900,8.5717,8.5733,1.37,1.00
2016.09.28 12:49:20.999,8.57175,8.5733,1.00,1.00
2016.09.28 12:49:21.299,8.5717,8.5733,1.37,1.00
2016.09.28 12:49:21.640,8.57175,8.5733,1.00,1.00
2016.09.28 12:49:24.004,8.57172,8.5733,1.00,1.00
2016.09.28 12:49:25.303,8.572,8.57346,1.37,1.00
2016.09.28 12:49:25.405,8.572,8.57359,1.37,1.00
2016.09.28 12:49:26.208,8.57205,8.57359,1.37,1.00
2016.09.28 12:49:27.562,8.57183,8.57345,2.25,1.00
2016.09.28 12:49:27.613,8.57183,8.57345,1.87,1.00
2016.09.28 12:49:27.924,8.57201,8.57359,1.00,1.00
2016.09.28 12:49:28.058,8.57201,8.57359,1.00,1.00
2016.09.28 12:49:28.921,8.57202,8.57359,1.00,1.00
2016.09.28 12:49:29.816,8.57211,8.57359,1.00,1.00
2016.09.28 12:49:29.918,8.57183,8.57345,2.25,1.00
2016.09.28 12:49:30.031,8.57183,8.57345,1.87,1.00
2016.09.28 12:49:30.354,8.57183,8.57333,1.87,1.00
2016.09.28 12:49:30.405,8.57183,8.57333,1.37,1.00
2016.09.28 12:49:30.941,8.57186,8.57333,1.12,1.00
2016.09.28 12:49:31.230,8.57188,8.57333,1.00,1.00
2016.09.28 12:49:34.249,8.57194,8.57333,1.00,1.00
2016.09.28 12:49:34.371,8.57205,8.57333,1.00,1.00
2016.09.28 12:49:34.422,8.57212,8.57333,1.00,1.00
2016.09.28 12:49:34.524,8.57227,8.57356,1.00,1.00
2016.09.28 12:49:34.664,8.57227,8.57375,1.00,1.00
2016.09.28 12:49:35.075,8.57227,8.57375,1.00,1.00
2016.09.28 12:49:35.127,8.57216,8.57375,1.00,1.00
2016.09.28 12:49:35.236,8.57216,8.57375,1.00,1.00
2016.09.28 12:49:35.566,8.57224,8.57375,1.00,1.00
2016.09.28 12:49:35.617,8.57224,8.57356,1.00,1.00
2016.09.28 12:49:35.718,8.57224,8.57384,1.00,1.00
2016.09.28 12:49:36.178,8.57228,8.57386,1.00,1.00
2016.09.28 12:49:36.229,8.57228,8.57366,1.00,1.00
2016.09.28 12:49:36.428,8.57228,8.57386,1.00,1.00
2016.09.28 12:49:36.555,8.5722,8.57382,1.00,1.00
2016.09.28 12:49:36.658,8.5719,8.57321,1.75,1.00
2016.09.28 12:49:36.708,8.5719,8.57321,1.37,1.00
2016.09.28 12:49:36.759,8.5719,8.57304,1.37,1.00
2016.09.28 12:49:36.810,8.57163,8.57304,1.75,1.00
2016.09.28 12:49:36.950,8.57163,8.57301,1.37,1.00
2016.09.28 12:49:37.630,8.57163,8.57301,1.37,1.50
2016.09.28 12:49:38.035,8.57163,8.57301,1.37,1.50
2016.09.28 12:49:38.163,8.57163,8.57291,1.37,1.00
2016.09.28 12:49:38.264,8.57163,8.57291,1.00,1.00
2016.09.28 12:49:38.836,8.57164,8.57291,1.00,1.00
2016.09.28 12:49:39.051,8.57114,8.57276,1.75,1.00
2016.09.28 12:49:39.133,8.57125,8.57284,1.75,1.00
2016.09.28 12:49:39.438,8.57149,8.57301,1.75,1.00
2016.09.28 12:49:39.489,8.57153,8.57301,1.12,1.00
2016.09.28 12:49:39.590,8.57168,8.57321,1.75,1.00
2016.09.28 12:49:39.823,8.57168,8.57326,1.75,1.00
2016.09.28 12:49:39.874,8.57177,8.57341,1.75,1.00
2016.09.28 12:49:40.028,8.57177,8.57361,1.75,1.00
2016.09.28 12:49:40.338,8.57177,8.57361,1.75,1.00
2016.09.28 12:49:40.540,8.57177,8.57361,1.75,1.00
2016.09.28 12:49:40.641,8.57177,8.57361,1.87,1.00
2016.09.28 12:49:40.875,8.57203,8.57361,1.37,1.00
2016.09.28 12:49:41.038,8.57208,8.57361,1.00,1.00
2016.09.28 12:49:41.139,8.57203,8.57361,1.37,1.00
2016.09.28 12:49:41.589,8.57203,8.57361,1.37,1.00
2016.09.28 12:49:42.201,8.57202,8.57361,1.37,1.00
2016.09.28 12:49:42.583,8.57202,8.57361,1.37,1.00
2016.09.28 12:49:43.664,8.57202,8.57361,1.37,1.00
2016.09.28 12:49:43.743,8.57197,8.57361,1.37,1.00
2016.09.28 12:49:45.963,8.57197,8.57361,1.37,1.00
2016.09.28 12:49:46.099,8.57197,8.57361,1.37,1.00
2016.09.28 12:49:46.153,8.57197,8.57361,1.37,1.00
2016.09.28 12:49:46.254,8.57197,8.57361,1.37,1.00
2016.09.28 12:49:46.848,8.57206,8.57361,1.00,1.00
2016.09.28 12:49:47.254,8.57197,8.57361,1.37,1.00
2016.09.28 12:49:47.349,8.57206,8.57361,1.00,1.00
2016.09.28 12:49:50.077,8.57197,8.57352,1.37,1.00
2016.09.28 12:49:50.136,8.57197,8.57352,1.37,1.00
2016.09.28 12:49:50.186,8.57197,8.57351,1.37,1.00
2016.09.28 12:49:50.399,8.57197,8.57337,1.37,1.00
2016.09.28 12:49:50.450,8.57175,8.57337,1.75,1.00
2016.09.28 12:49:50.570,8.57175,8.57337,1.37,1.00
2016.09.28 12:49:51.157,8.57175,8.57361,1.37,1.00
2016.09.28 12:49:51.409,8.57179,8.57361,1.37,1.00
2016.09.28 12:49:51.788,8.57179,8.57337,1.37,1.00
2016.09.28 12:49:53.893,8.57176,8.57337,1.37,1.00
2016.09.28 12:49:54.064,8.57179,8.57337,1.37,1.00
2016.09.28 12:49:54.364,8.57196,8.57337,1.00,1.00
2016.09.28 12:49:54.415,8.57196,8.57337,1.37,1.00
2016.09.28 12:49:55.369,8.57193,8.57337,1.37,1.00
2016.09.28 12:49:55.479,8.57193,8.57337,1.37,1.00
2016.09.28 12:49:55.682,8.57184,8.57337,1.75,1.00
2016.09.28 12:49:55.832,8.57184,8.57337,1.37,1.00
2016.09.28 12:49:55.883,8.57184,8.57337,1.00,1.00
2016.09.28 12:49:55.969,8.57176,8.57337,1.00,1.00
2016.09.28 12:49:57.020,8.57176,8.57337,1.00,1.00
2016.09.28 12:49:58.526,8.57176,8.57337,1.00,1.00
2016.09.28 12:49:58.577,8.57169,8.57308,1.00,1.00
2016.09.28 12:49:58.792,8.57169,8.57308,1.00,1.00
2016.09.28 12:49:58.844,8.57153,8.57308,1.00,1.00
2016.09.28 12:49:59.027,8.57151,8.57308,1.00,1.00
2016.09.28 12:49:59.198,8.57151,8.57308,1.00,1.00
2016.09.28 12:49:59.366,8.57151,8.57308,1.00,1.00
2016.09.28 12:49:59.676,8.57159,8.57308,1.00,1.00
2016.09.28 12:49:59.889,8.57152,8.57308,1.00,1.00
2016.09.28 12:50:00.202,8.57162,8.57308,1.00,1.00
2016.09.28 12:50:00.253,8.57162,8.57322,1.00,1.00
2016.09.28 12:50:00.801,8.57162,8.57323,1.00,1.00
2016.09.28 12:50:00.905,8.57165,8.57327,1.00,1.00
2016.09.28 12:50:02.082,8.57169,8.57331,1.00,1.00
2016.09.28 12:50:03.389,8.57164,8.57326,1.00,1.00
2016.09.28 12:50:05.587,8.57161,8.57323,1.00,1.00
2016.09.28 12:50:05.717,8.57161,8.57323,1.00,1.60
2016.09.28 12:50:05.852,8.57137,8.57299,1.00,1.00
2016.09.28 12:50:05.903,8.57134,8.57286,1.00,1.00
2016.09.28 12:50:05.954,8.57124,8.57286,1.50,1.00
2016.09.28 12:50:06.005,8.57124,8.57286,1.37,1.00
2016.09.28 12:50:06.489,8.57107,8.57269,1.37,1.00
2016.09.28 12:50:06.589,8.57107,8.57269,1.00,1.00
2016.09.28 12:50:06.640,8.57107,8.57269,1.00,1.00
2016.09.28 12:50:06.965,8.57115,8.57277,1.00,1.00
2016.09.28 12:50:07.363,8.57115,8.57277,1.00,1.60
2016.09.28 12:50:07.515,8.57103,8.5726,1.00,1.00
2016.09.28 12:50:07.791,8.57103,8.5726,1.50,1.00
2016.09.28 12:50:07.893,8.57117,8.5726,1.00,1.00
2016.09.28 12:50:08.095,8.57126,8.57282,1.00,1.00
2016.09.28 12:50:08.393,8.57135,8.57282,1.00,1.00
2016.09.28 12:50:09.061,8.57135,8.57282,1.00,1.00
2016.09.28 12:50:09.207,8.57131,8.57282,1.00,1.00
2016.09.28 12:50:09.623,8.57137,8.57282,1.00,1.00
2016.09.28 12:50:10.352,8.57137,8.57282,1.00,1.00
2016.09.28 12:50:10.905,8.57136,8.57282,1.00,1.00
2016.09.28 12:50:11.499,8.57143,8.57282,1.00,1.00
2016.09.28 12:50:11.617,8.57138,8.57282,1.00,1.00
2016.09.28 12:50:13.948,8.57128,8.57282,1.00,1.00
2016.09.28 12:50:14.052,8.57102,8.57263,1.87,1.00
2016.09.28 12:50:14.103,8.57102,8.57282,1.37,1.00
2016.09.28 12:50:14.156,8.57102,8.57267,1.00,1.00
2016.09.28 12:50:14.278,8.57102,8.57259,1.00,1.00
2016.09.28 12:50:14.412,8.57076,8.57256,1.37,1.00
2016.09.28 12:50:14.463,8.57076,8.57256,1.37,1.00
2016.09.28 12:50:14.616,8.57074,8.57256,1.37,1.00
2016.09.28 12:50:14.804,8.57108,8.57256,1.00,1.00
2016.09.28 12:50:14.862,8.57108,8.57248,1.00,1.00
2016.09.28 12:50:14.913,8.57074,8.57248,1.37,1.00
2016.09.28 12:50:15.067,8.57089,8.57248,1.00,1.00
2016.09.28 12:50:15.550,8.57074,8.57232,1.00,1.00
2016.09.28 12:50:15.981,8.57074,8.57234,1.00,1.00
2016.09.28 12:50:16.342,8.57077,8.57234,1.00,1.00
2016.09.28 12:50:16.496,8.57094,8.57234,1.00,1.00
2016.09.28 12:50:17.108,8.57086,8.57234,1.00,1.00
2016.09.28 12:50:17.624,8.57096,8.57234,1.00,1.00
2016.09.28 12:50:17.989,8.57096,8.57234,1.00,1.00
2016.09.28 12:50:18.122,8.57088,8.57234,1.00,1.00
2016.09.28 12:50:18.711,8.57084,8.57234,1.00,1.00
2016.09.28 12:50:18.859,8.57074,8.57232,1.00,1.00
2016.09.28 12:50:18.911,8.57067,8.57232,1.37,1.35
2016.09.28 12:50:18.963,8.57047,8.57218,1.37,1.00
2016.09.28 12:50:19.014,8.57065,8.57212,1.00,1.00
2016.09.28 12:50:20.114,8.57069,8.57212,1.00,1.00
2016.09.28 12:50:20.552,8.57072,8.57212,1.00,1.00
2016.09.28 12:50:21.116,8.57063,8.57212,1.00,1.00
2016.09.28 12:50:21.217,8.57085,8.57212,1.00,1.00
2016.09.28 12:50:21.319,8.57064,8.57229,1.00,1.00
2016.09.28 12:50:21.767,8.57064,8.57231,1.00,1.00
2016.09.28 12:50:22.225,8.57071,8.57231,1.00,1.00
2016.09.28 12:50:22.553,8.57078,8.57231,1.00,1.00
2016.09.28 12:50:23.420,8.57073,8.57231,1.00,1.00
2016.09.28 12:50:23.736,8.57077,8.57231,1.00,1.00
2016.09.28 12:50:24.421,8.57081,8.57231,1.00,1.00
2016.09.28 12:50:24.622,8.57076,8.57231,1.00,1.00
2016.09.28 12:50:24.723,8.57049,8.57226,1.37,1.00
2016.09.28 12:50:24.826,8.57059,8.57226,1.00,1.00
2016.09.28 12:50:24.877,8.57059,8.57213,1.00,1.00
2016.09.28 12:50:25.213,8.57048,8.57213,1.00,1.00
2016.09.28 12:50:25.264,8.57047,8.57213,1.00,1.50
2016.09.28 12:50:25.317,8.57033,8.57213,1.37,1.50
2016.09.28 12:50:25.368,8.57033,8.57208,1.00,1.00
2016.09.28 12:50:25.942,8.57028,8.57208,1.00,1.50
2016.09.28 12:50:26.165,8.57028,8.57198,1.00,1.00
2016.09.28 12:50:26.216,8.57028,8.57198,1.00,1.60
2016.09.28 12:50:26.267,8.57024,8.57187,1.00,1.00
2016.09.28 12:50:26.318,8.57024,8.5717,1.00,1.00
2016.09.28 12:50:26.369,8.57015,8.5717,1.00,1.00
2016.09.28 12:50:26.421,8.56997,8.57161,1.37,1.00
2016.09.28 12:50:26.565,8.56997,8.57149,1.00,1.00
2016.09.28 12:50:26.667,8.56978,8.57132,1.00,1.00
2016.09.28 12:50:27.632,8.56991,8.57132,1.00,1.00
2016.09.28 12:50:28.417,8.56991,8.57133,1.00,1.00
2016.09.28 12:50:28.831,8.56993,8.57134,1.00,1.00
2016.09.28 12:50:29.339,8.5701,8.57137,1.00,1.00
2016.09.28 12:50:29.645,8.56985,8.57137,1.00,1.00
2016.09.28 12:50:30.166,8.56985,8.57137,1.00,1.00
2016.09.28 12:50:30.766,8.56986,8.57137,1.00,1.00
2016.09.28 12:50:31.642,8.56978,8.57137,1.00,1.00
2016.09.28 12:50:31.897,8.57002,8.57137,1.00,1.00
2016.09.28 12:50:31.949,8.56982,8.57137,1.00,1.00
2016.09.28 12:50:32.114,8.56982,8.57137,1.00,1.00
2016.09.28 12:50:32.266,8.56986,8.57137,1.00,1.00
2016.09.28 12:50:33.345,8.5698,8.57137,1.00,1.00
2016.09.28 12:50:33.939,8.5698,8.57137,1.00,1.00
2016.09.28 12:50:33.999,8.5698,8.57137,1.00,1.00
2016.09.28 12:50:34.050,8.5698,8.57137,1.00,1.00
2016.09.28 12:50:34.241,8.5699,8.57137,1.00,1.00
2016.09.28 12:50:34.292,8.57027,8.57166,1.00,1.00
2016.09.28 12:50:34.748,8.56987,8.57166,1.00,1.00
2016.09.28 12:50:34.952,8.56978,8.57166,1.37,1.00
2016.09.28 12:50:35.041,8.56975,8.57166,1.37,1.00
2016.09.28 12:50:35.143,8.56976,8.57166,1.00,1.00
2016.09.28 12:50:35.194,8.57006,8.57166,1.00,2.10
2016.09.28 12:50:35.245,8.57006,8.57148,1.00,1.00
2016.09.28 12:50:35.350,8.5696,8.57148,1.00,1.00
2016.09.28 12:50:36.027,8.5696,8.57121,1.00,1.00
2016.09.28 12:50:36.078,8.5696,8.57121,1.00,1.50
2016.09.28 12:50:36.278,8.5696,8.57121,1.00,1.00
2016.09.28 12:50:36.379,8.56955,8.57121,1.00,1.00
2016.09.28 12:50:36.430,8.56955,8.57123,1.00,1.00
2016.09.28 12:50:36.729,8.56955,8.5712,1.00,1.00
2016.09.28 12:50:37.261,8.56951,8.5712,1.00,1.00
2016.09.28 12:50:37.582,8.56947,8.5712,1.00,1.00
2016.09.28 12:50:37.896,8.5695,8.57112,1.00,1.00
2016.09.28 12:50:38.150,8.5695,8.57096,1.00,1.00
2016.09.28 12:50:38.373,8.56896,8.57058,1.00,1.00
2016.09.28 12:50:38.442,8.56896,8.57058,1.00,1.00
2016.09.28 12:50:38.544,8.56896,8.57058,1.00,1.00
2016.09.28 12:50:38.595,8.5688,8.57057,1.00,1.00
2016.09.28 12:50:38.827,8.5688,8.57025,1.00,1.00
2016.09.28 12:50:39.183,8.56879,8.57025,1.00,1.00
2016.09.28 12:50:39.459,8.56876,8.57025,1.00,1.00
2016.09.28 12:50:39.860,8.56873,8.57025,1.00,1.00
2016.09.28 12:50:40.048,8.56873,8.56999,1.00,1.00
2016.09.28 12:50:40.276,8.56873,8.56998,1.00,1.00
2016.09.28 12:50:40.378,8.56836,8.56998,1.00,1.50
2016.09.28 12:50:40.429,8.56836,8.56977,1.00,1.00
2016.09.28 12:50:40.480,8.56824,8.56977,1.00,1.00
2016.09.28 12:50:40.531,8.56824,8.56963,1.00,1.00
2016.09.28 12:50:40.582,8.56823,8.56963,1.00,1.00
2016.09.28 12:50:40.685,8.56792,8.56954,1.00,1.00
2016.09.28 12:50:40.869,8.5678,8.56942,1.00,1.00
2016.09.28 12:50:40.974,8.56797,8.56957,1.00,1.00
2016.09.28 12:50:41.076,8.56797,8.56951,1.00,1.00
2016.09.28 12:50:41.421,8.56807,8.56951,1.00,1.00
2016.09.28 12:50:41.473,8.56812,8.56971,1.00,1.00
2016.09.28 12:50:41.524,8.56812,8.56973,1.00,1.00
2016.09.28 12:50:41.777,8.56803,8.56964,1.00,1.00
2016.09.28 12:50:42.284,8.56803,8.56963,1.00,1.00
2016.09.28 12:50:42.385,8.56794,8.56956,1.00,1.00
2016.09.28 12:50:42.651,8.56794,8.56956,1.00,1.00
2016.09.28 12:50:42.702,8.56784,8.56946,1.00,1.00
2016.09.28 12:50:42.878,8.56808,8.56963,1.00,1.00
2016.09.28 12:50:43.267,8.56787,8.56949,1.00,1.00
2016.09.28 12:50:43.985,8.56788,8.5695,1.00,1.00
2016.09.28 12:50:44.086,8.56768,8.5693,1.00,1.00
2016.09.28 12:50:44.289,8.56757,8.56919,1.00,1.00
2016.09.28 12:50:44.386,8.56757,8.56919,1.00,1.00
2016.09.28 12:50:44.691,8.56736,8.56897,1.00,1.00
2016.09.28 12:50:44.809,8.56749,8.56911,1.00,1.00
2016.09.28 12:50:44.972,8.56749,8.56911,1.00,1.00
2016.09.28 12:50:45.571,8.56736,8.56898,1.00,1.00
2016.09.28 12:50:46.598,8.56729,8.5687,1.00,1.00
2016.09.28 12:50:46.798,8.56709,8.5687,1.00,1.00
2016.09.28 12:50:47.618,8.56705,8.56866,1.00,1.00
2016.09.28 12:50:48.068,8.56716,8.56876,1.00,1.00
2016.09.28 12:50:48.287,8.56779,8.56894,1.00,1.00
2016.09.28 12:50:48.388,8.56756,8.56918,1.00,1.00
2016.09.28 12:50:48.440,8.56756,8.56918,1.00,1.00
2016.09.28 12:50:48.491,8.56756,8.56918,1.00,1.00
2016.09.28 12:50:48.592,8.56798,8.56957,1.00,1.60
2016.09.28 12:50:48.778,8.56779,8.56921,1.00,1.00
2016.09.28 12:50:48.888,8.56759,8.56921,1.00,1.00
2016.09.28 12:50:49.117,8.56759,8.56921,1.00,1.00
2016.09.28 12:50:49.223,8.56783,8.56945,1.00,1.00
2016.09.28 12:50:49.508,8.56834,8.56957,1.00,1.00
2016.09.28 12:50:49.610,8.56871,8.56957,1.00,1.00
2016.09.28 12:50:49.712,8.56833,8.56957,1.00,1.00
2016.09.28 12:50:49.814,8.56833,8.56957,1.00,1.00
2016.09.28 12:50:49.997,8.5679,8.56957,1.00,1.00
2016.09.28 12:50:50.099,8.5679,8.56957,1.00,1.00
2016.09.28 12:50:50.221,8.56786,8.56948,1.00,1.00
2016.09.28 12:50:50.705,8.56795,8.56957,1.00,1.50
2016.09.28 12:50:50.931,8.56817,8.56957,1.00,1.00
2016.09.28 12:50:50.983,8.56817,8.56978,1.00,1.00
2016.09.28 12:50:51.273,8.56817,8.56978,1.00,1.00
2016.09.28 12:50:51.696,8.56811,8.56973,1.00,1.00
2016.09.28 12:50:51.780,8.56811,8.56973,1.00,1.00
2016.09.28 12:50:52.884,8.56799,8.56961,1.00,1.00
2016.09.28 12:50:53.016,8.56816,8.56986,1.00,1.00
2016.09.28 12:50:53.083,8.56816,8.56986,1.00,1.00
2016.09.28 12:50:53.203,8.56825,8.56986,1.00,1.00
2016.09.28 12:50:53.305,8.56814,8.56976,1.00,1.00
2016.09.28 12:50:54.007,8.56821,8.56983,1.00,1.00
2016.09.28 12:50:54.266,8.56824,8.56995,1.00,1.00
2016.09.28 12:50:54.437,8.56828,8.57002,1.00,1.00
2016.09.28 12:50:54.716,8.56828,8.56989,1.00,1.00
2016.09.28 12:50:55.140,8.56835,8.57001,1.00,1.00
2016.09.28 12:50:55.191,8.56846,8.57001,1.00,1.00
2016.09.28 12:50:55.927,8.56861,8.57001,1.00,1.00
2016.09.28 12:50:55.978,8.56861,8.57013,1.00,1.00
2016.09.28 12:50:56.099,8.56868,8.57013,1.00,1.00
2016.09.28 12:50:56.150,8.56868,8.57033,1.00,1.00
2016.09.28 12:50:56.592,8.56858,8.57023,1.00,1.00
2016.09.28 12:50:56.894,8.56853,8.57017,1.00,1.00
2016.09.28 12:50:56.995,8.56868,8.57033,1.00,1.00
2016.09.28 12:50:57.497,8.56878,8.57034,1.00,1.00
2016.09.28 12:50:57.548,8.56878,8.57043,1.00,1.00
2016.09.28 12:50:57.599,8.56878,8.57043,1.00,1.00
2016.09.28 12:50:58.013,8.56882,8.57044,1.00,1.00
2016.09.28 12:50:58.996,8.56881,8.57044,1.00,1.00
2016.09.28 12:50:59.553,8.56881,8.57044,1.00,1.00
2016.09.28 12:50:59.604,8.56875,8.57042,1.00,1.00
2016.09.28 12:50:59.655,8.56875,8.57042,1.00,1.00
2016.09.28 12:51:00.004,8.56881,8.57044,1.00,1.00
2016.09.28 12:51:00.170,8.56889,8.57036,1.00,1.00
2016.09.28 12:51:00.221,8.56881,8.57036,1.00,1.00
2016.09.28 12:51:00.424,8.56891,8.57036,1.00,1.00
2016.09.28 12:51:00.569,8.56891,8.57055,1.00,1.00
2016.09.28 12:51:00.902,8.56909,8.57055,1.00,1.00
2016.09.28 12:51:01.004,8.56898,8.57055,1.00,1.00
2016.09.28 12:51:01.055,8.56898,8.57055,1.00,1.00
2016.09.28 12:51:01.167,8.5691,8.57055,1.00,1.00
2016.09.28 12:51:02.003,8.56934,8.57055,1.00,1.00
2016.09.28 12:51:02.054,8.56934,8.57074,1.00,1.00
2016.09.28 12:51:02.552,8.56943,8.57078,1.00,1.00
2016.09.28 12:51:02.710,8.56943,8.57078,1.00,1.00
2016.09.28 12:51:02.940,8.56939,8.57078,1.00,1.00
2016.09.28 12:51:03.042,8.56948,8.57078,1.00,1.00
2016.09.28 12:51:03.093,8.56948,8.57097,1.00,1.00
2016.09.28 12:51:03.144,8.56939,8.57097,1.00,1.00
2016.09.28 12:51:03.276,8.56924,8.57091,1.00,1.00
2016.09.28 12:51:03.656,8.56924,8.57072,1.00,1.00
2016.09.28 12:51:04.015,8.56929,8.57072,1.00,1.00
2016.09.28 12:51:04.448,8.56929,8.57091,1.00,1.00
2016.09.28 12:51:05.029,8.56934,8.57091,1.00,1.00
2016.09.28 12:51:05.609,8.56922,8.5709,1.00,1.00
2016.09.28 12:51:06.038,8.56928,8.57091,1.00,1.00
2016.09.28 12:51:06.352,8.56921,8.57088,1.00,1.00
2016.09.28 12:51:06.811,8.56926,8.57091,1.00,1.00
2016.09.28 12:51:09.049,8.56925,8.57091,1.00,1.00
2016.09.28 12:51:09.560,8.56925,8.57065,1.00,1.00
2016.09.28 12:51:09.915,8.56921,8.57065,1.00,1.00
2016.09.28 12:51:10.068,8.56931,8.57065,1.00,1.00
2016.09.28 12:51:10.118,8.56931,8.57065,1.50,1.00
2016.09.28 12:51:10.169,8.56931,8.57065,1.00,1.00
2016.09.28 12:51:11.365,8.56927,8.57065,1.00,1.00
2016.09.28 12:51:11.417,8.5692,8.57065,1.00,1.00
2016.09.28 12:51:11.934,8.56915,8.57065,1.00,1.00
2016.09.28 12:51:12.370,8.56912,8.57065,1.00,1.00
2016.09.28 12:51:13.339,8.56901,8.5704,1.00,1.00
2016.09.28 12:51:13.441,8.56876,8.5704,1.00,1.00
2016.09.28 12:51:14.222,8.56871,8.57038,1.00,1.00
2016.09.28 12:51:14.459,8.56871,8.5701,1.00,1.00
2016.09.28 12:51:14.766,8.56877,8.5701,1.00,1.00
2016.09.28 12:51:15.464,8.56869,8.5701,1.00,1.00
2016.09.28 12:51:15.733,8.56869,8.57031,1.00,1.00
2016.09.28 12:51:15.859,8.56869,8.5701,1.00,1.00
2016.09.28 12:51:16.025,8.56862,8.5701,1.00,1.00
2016.09.28 12:51:16.817,8.56864,8.5701,1.00,1.00
2016.09.28 12:51:17.133,8.56873,8.57031,1.00,1.00
2016.09.28 12:51:17.346,8.56873,8.57031,1.00,1.00
2016.09.28 12:51:17.446,8.56873,8.57031,1.00,1.00
2016.09.28 12:51:17.953,8.56868,8.57031,1.00,1.00
2016.09.28 12:51:18.128,8.56863,8.57031,1.00,1.00
2016.09.28 12:51:18.228,8.56879,8.57031,1.00,1.00
2016.09.28 12:51:18.374,8.56862,8.57023,1.00,1.00
2016.09.28 12:51:19.330,8.56862,8.57012,1.00,1.00
2016.09.28 12:51:19.430,8.56868,8.5703,1.00,1.00
2016.09.28 12:51:20.264,8.56868,8.5703,1.00,1.00
2016.09.28 12:51:20.333,8.56873,8.57031,1.00,1.00
2016.09.28 12:51:20.641,8.56873,8.57031,1.00,1.00
2016.09.28 12:51:21.203,8.56874,8.57031,1.00,1.00
2016.09.28 12:51:21.866,8.56875,8.57031,1.00,1.00
2016.09.28 12:51:22.271,8.56872,8.57031,1.00,1.50
2016.09.28 12:51:24.341,8.5687,8.5703,1.00,1.00
2016.09.28 12:51:24.443,8.5689,8.57031,1.00,1.00
2016.09.28 12:51:24.545,8.56885,8.57031,1.00,1.00
2016.09.28 12:51:24.646,8.56881,8.57031,1.00,1.00
2016.09.28 12:51:24.984,8.56877,8.57031,1.00,1.00
2016.09.28 12:51:25.344,8.56893,8.57031,1.00,1.00
2016.09.28 12:51:25.964,8.56889,8.57037,1.00,1.00
2016.09.28 12:51:26.445,8.56892,8.57037,1.00,1.00
2016.09.28 12:51:26.651,8.56882,8.57037,1.00,1.00
2016.09.28 12:51:26.770,8.56892,8.57037,1.00,1.00
2016.09.28 12:51:27.748,8.56891,8.57037,1.00,1.00
2016.09.28 12:51:28.449,8.56881,8.57037,1.00,1.00
2016.09.28 12:51:29.654,8.56894,8.57037,1.00,1.00
2016.09.28 12:51:30.661,8.56893,8.57037,1.00,1.00
2016.09.28 12:51:30.914,8.56893,8.57076,1.00,1.60
2016.09.28 12:51:31.561,8.56889,8.57072,1.00,1.60
2016.09.28 12:51:31.863,8.56893,8.57076,1.00,1.60
2016.09.28 12:51:33.310,8.56893,8.57076,1.00,1.00
2016.09.28 12:51:33.512,8.56899,8.57078,1.00,1.00
2016.09.28 12:51:33.614,8.56911,8.57082,1.00,1.00
2016.09.28 12:51:33.716,8.5693,8.57086,1.00,1.00
2016.09.28 12:51:33.817,8.5693,8.57086,1.00,1.00
2016.09.28 12:51:33.970,8.5693,8.57087,1.00,1.00
2016.09.28 12:51:34.315,8.5693,8.57087,1.00,1.00
2016.09.28 12:51:34.669,8.56926,8.57086,1.00,1.00
2016.09.28 12:51:36.059,8.56922,8.57086,1.00,1.00
2016.09.28 12:51:36.972,8.56934,8.57086,1.00,1.00
2016.09.28 12:51:37.074,8.56938,8.57086,1.00,1.00
2016.09.28 12:51:37.253,8.56964,8.57121,1.00,1.00
2016.09.28 12:51:37.321,8.56964,8.57121,1.00,1.00
2016.09.28 12:51:37.423,8.56974,8.57137,1.00,1.00
2016.09.28 12:51:38.075,8.56981,8.57137,1.00,1.00
2016.09.28 12:51:38.126,8.56981,8.57137,1.00,1.00
2016.09.28 12:51:38.430,8.56999,8.57137,1.00,1.00
2016.09.28 12:51:38.568,8.56991,8.57137,1.00,1.00
2016.09.28 12:51:38.664,8.56991,8.57151,1.00,1.00
2016.09.28 12:51:38.715,8.5702,8.57179,1.00,1.35
2016.09.28 12:51:38.918,8.57023,8.57181,1.00,1.60
2016.09.28 12:51:39.158,8.57014,8.57166,1.00,1.00
2016.09.28 12:51:39.683,8.57014,8.57158,1.00,1.00
2016.09.28 12:51:39.900,8.57014,8.57164,1.00,1.00
2016.09.28 12:51:40.186,8.57014,8.57174,1.50,1.00
2016.09.28 12:51:40.501,8.57019,8.57179,1.00,1.35
2016.09.28 12:51:40.552,8.57019,8.57179,1.00,1.00
2016.09.28 12:51:40.603,8.57036,8.57187,1.00,1.00
2016.09.28 12:51:40.655,8.57036,8.57187,1.00,1.00
2016.09.28 12:51:40.807,8.57029,8.57187,1.00,1.00
2016.09.28 12:51:41.054,8.57029,8.57187,1.00,1.00
2016.09.28 12:51:41.105,8.57016,8.57178,1.00,1.00
2016.09.28 12:51:41.330,8.57016,8.57178,1.00,1.00
2016.09.28 12:51:41.488,8.57026,8.57186,1.00,1.50
2016.09.28 12:51:42.088,8.57024,8.57186,1.00,1.50
2016.09.28 12:51:42.389,8.57027,8.57186,1.00,1.00
2016.09.28 12:51:42.491,8.57019,8.57186,1.00,1.00
2016.09.28 12:51:42.702,8.57009,8.57185,1.00,1.00
2016.09.28 12:51:42.991,8.56999,8.57174,1.00,1.00
2016.09.28 12:51:43.297,8.57002,8.57163,1.00,1.00
2016.09.28 12:51:43.348,8.57002,8.57163,1.00,1.00
2016.09.28 12:51:43.509,8.5701,8.57172,1.00,1.00
2016.09.28 12:51:43.995,8.57004,8.57166,1.00,1.00
2016.09.28 12:51:44.997,8.57,8.5716,1.00,1.00
2016.09.28 12:51:45.998,8.57001,8.57163,1.00,1.00
2016.09.28 12:51:46.171,8.57001,8.57163,1.00,1.60
2016.09.28 12:51:46.222,8.56983,8.57137,1.00,1.00
2016.09.28 12:51:46.324,8.56975,8.57137,1.00,1.00
2016.09.28 12:51:46.406,8.56959,8.57121,1.50,1.00
2016.09.28 12:51:46.457,8.56959,8.57121,1.00,1.00
2016.09.28 12:51:46.820,8.56977,8.57138,1.00,1.00
2016.09.28 12:51:46.921,8.56977,8.57138,1.00,1.00
2016.09.28 12:51:47.104,8.56978,8.5714,1.00,1.00
2016.09.28 12:51:47.412,8.56972,8.57133,1.00,1.00
2016.09.28 12:51:48.102,8.56969,8.57131,1.00,1.00
2016.09.28 12:51:48.569,8.56978,8.5714,1.00,1.00
2016.09.28 12:51:48.620,8.56981,8.57142,1.00,1.00
2016.09.28 12:51:48.722,8.56964,8.57133,1.00,1.00
2016.09.28 12:51:48.774,8.56972,8.57133,1.00,1.00
2016.09.28 12:51:48.826,8.5698,8.57147,1.00,1.00
2016.09.28 12:51:48.927,8.56994,8.57156,1.00,1.60
2016.09.28 12:51:49.614,8.56989,8.57151,1.00,1.00
2016.09.28 12:51:50.053,8.57003,8.57164,1.00,1.60
2016.09.28 12:51:50.407,8.56994,8.57156,1.00,1.60
2016.09.28 12:51:50.909,8.56994,8.57156,1.00,1.00
2016.09.28 12:51:51.316,8.5699,8.57152,1.00,1.00
2016.09.28 12:51:51.936,8.56972,8.57123,1.00,1.00
2016.09.28 12:51:52.037,8.56972,8.57112,1.00,1.00
2016.09.28 12:51:52.088,8.56972,8.57112,1.00,1.00
2016.09.28 12:51:52.190,8.5695,8.57112,1.00,1.00
2016.09.28 12:51:52.322,8.56941,8.57103,1.00,1.00
2016.09.28 12:51:53.081,8.56936,8.57098,1.00,1.00
2016.09.28 12:51:53.443,8.56925,8.57087,1.00,1.00
2016.09.28 12:51:53.545,8.56904,8.57067,1.00,1.00
2016.09.28 12:51:53.624,8.56961,8.57107,1.00,1.00
2016.09.28 12:51:53.726,8.56924,8.57099,1.00,1.00
2016.09.28 12:51:53.777,8.56944,8.57099,1.00,1.00
2016.09.28 12:51:53.840,8.56944,8.57099,1.00,1.00
2016.09.28 12:51:53.942,8.56919,8.57099,1.00,1.00
2016.09.28 12:51:54.195,8.56919,8.57097,1.00,1.00
2016.09.28 12:51:54.257,8.56912,8.57062,1.00,1.00
2016.09.28 12:51:54.358,8.569,8.57062,1.00,1.00
2016.09.28 12:51:54.745,8.56897,8.57057,1.00,1.00
2016.09.28 12:51:56.659,8.56914,8.57076,1.00,1.00
2016.09.28 12:51:56.725,8.56929,8.57089,1.00,1.00
2016.09.28 12:51:57.226,8.56918,8.5708,1.00,1.00
2016.09.28 12:51:57.448,8.56918,8.5708,1.00,1.00
2016.09.28 12:51:57.560,8.56906,8.57068,1.00,1.00
2016.09.28 12:51:57.765,8.56906,8.57068,1.00,1.00
2016.09.28 12:51:57.827,8.56902,8.57085,1.00,1.00
2016.09.28 12:51:57.929,8.56913,8.57075,1.00,1.00
2016.09.28 12:51:58.349,8.56913,8.57075,1.00,1.00
2016.09.28 12:51:58.537,8.56889,8.57072,1.00,1.00
2016.09.28 12:51:58.841,8.56882,8.57071,1.00,1.00
2016.09.28 12:51:59.531,8.56882,8.57065,1.00,1.00
2016.09.28 12:51:59.751,8.56882,8.57065,1.00,1.00
2016.09.28 12:51:59.947,8.56888,8.57079,1.00,1.00
2016.09.28 12:52:00.833,8.56892,8.57084,1.00,1.00
2016.09.28 12:52:01.133,8.56888,8.57079,1.00,1.00
2016.09.28 12:52:01.835,8.56895,8.57084,1.00,1.00
2016.09.28 12:52:02.169,8.56889,8.57078,1.00,1.00
2016.09.28 12:52:03.464,8.5689,8.57079,1.00,1.00
2016.09.28 12:52:04.047,8.56895,8.57084,1.00,1.00
2016.09.28 12:52:04.098,8.56895,8.57084,1.00,1.00
2016.09.28 12:52:04.691,8.56892,8.57081,1.00,1.00
2016.09.28 12:52:05.245,8.56897,8.57086,1.00,1.00
2016.09.28 12:52:05.415,8.56913,8.57086,1.00,1.00
2016.09.28 12:52:06.082,8.56913,8.57091,1.00,1.00
2016.09.28 12:52:06.184,8.56929,8.57107,1.00,1.00
2016.09.28 12:52:06.488,8.56939,8.57107,1.00,1.00
2016.09.28 12:52:07.031,8.56939,8.57106,1.00,1.00
2016.09.28 12:52:08.054,8.56934,8.57106,1.00,1.00
2016.09.28 12:52:08.127,8.56934,8.57106,1.00,1.00
2016.09.28 12:52:08.503,8.56934,8.57117,1.00,1.00
2016.09.28 12:52:09.283,8.56935,8.57117,1.00,1.00
2016.09.28 12:52:09.356,8.56942,8.57117,1.00,1.00
2016.09.28 12:52:10.190,8.56942,8.57117,1.00,1.00
2016.09.28 12:52:12.403,8.56938,8.57117,1.00,1.50
2016.09.28 12:52:12.699,8.56938,8.57117,1.00,1.50
2016.09.28 12:52:12.750,8.56938,8.57117,1.00,1.00
2016.09.28 12:52:12.800,8.5703,8.57117,1.00,1.00
2016.09.28 12:52:12.902,8.57001,8.57117,1.00,1.00
2016.09.28 12:52:13.004,8.57001,8.57117,1.00,1.00
2016.09.28 12:52:13.109,8.57062,8.57147,1.00,1.00
2016.09.28 12:52:13.311,8.57078,8.57187,1.00,1.00
2016.09.28 12:52:13.802,8.57078,8.57207,1.00,1.00
2016.09.28 12:52:13.875,8.571,8.57207,1.00,1.00
2016.09.28 12:52:14.584,8.57104,8.57207,1.00,1.00
2016.09.28 12:52:14.690,8.57114,8.57234,1.00,1.00
2016.09.28 12:52:14.792,8.57126,8.57217,1.00,1.00
2016.09.28 12:52:14.893,8.57126,8.57237,1.00,1.00
2016.09.28 12:52:15.581,8.5712,8.57237,1.00,1.00
2016.09.28 12:52:15.806,8.57108,8.57217,1.00,1.00
2016.09.28 12:52:16.111,8.5709,8.57207,1.00,1.00
2016.09.28 12:52:16.301,8.5709,8.57217,1.00,1.00
2016.09.28 12:52:16.626,8.57113,8.57217,1.00,1.00
2016.09.28 12:52:17.486,8.57123,8.57217,1.00,1.00
2016.09.28 12:52:17.790,8.57127,8.57217,1.00,1.00
2016.09.28 12:52:17.891,8.57099,8.57217,1.00,1.00
2016.09.28 12:52:18.125,8.57141,8.57237,1.00,1.00
2016.09.28 12:52:18.430,8.57129,8.57207,1.00,1.00
2016.09.28 12:52:18.481,8.57129,8.57217,1.00,1.00
2016.09.28 12:52:18.793,8.57099,8.57217,1.00,1.00
2016.09.28 12:52:18.844,8.57099,8.57217,1.00,1.00
2016.09.28 12:52:18.894,8.57141,8.57217,1.00,1.00
2016.09.28 12:52:18.996,8.57111,8.57217,1.00,1.00
2016.09.28 12:52:19.832,8.57076,8.57217,1.00,1.00
2016.09.28 12:52:19.884,8.57076,8.57197,1.00,1.00
2016.09.28 12:52:19.997,8.57071,8.57197,1.00,1.00
2016.09.28 12:52:20.125,8.57071,8.57207,1.00,1.00
2016.09.28 12:52:21.738,8.57066,8.57207,1.00,1.00
2016.09.28 12:52:21.922,8.5704,8.57187,1.00,1.00
2016.09.28 12:52:22.074,8.5704,8.57187,1.00,1.00
2016.09.28 12:52:22.125,8.5704,8.57187,1.00,1.00
2016.09.28 12:52:22.328,8.5704,8.57177,1.00,1.00
2016.09.28 12:52:22.502,8.57032,8.57177,1.00,1.00
2016.09.28 12:52:22.698,8.57032,8.57196,1.00,1.10
2016.09.28 12:52:22.749,8.57047,8.57197,1.00,1.07
2016.09.28 12:52:22.876,8.57047,8.57197,1.00,1.00
2016.09.28 12:52:23.044,8.57065,8.57197,1.00,1.00
2016.09.28 12:52:23.094,8.57065,8.57213,1.00,1.00
2016.09.28 12:52:23.187,8.57075,8.57213,1.00,1.00
2016.09.28 12:52:23.491,8.57082,8.57217,1.00,1.00
2016.09.28 12:52:23.542,8.57082,8.57227,1.00,1.00
2016.09.28 12:52:23.693,8.57082,8.57217,1.00,1.00
2016.09.28 12:52:24.093,8.57082,8.57207,1.00,1.00
2016.09.28 12:52:24.145,8.57077,8.57207,1.00,1.00
2016.09.28 12:52:24.298,8.57077,8.57217,1.00,1.00
2016.09.28 12:52:25.597,8.57077,8.57213,1.00,1.00
2016.09.28 12:52:25.912,8.5706,8.57213,1.00,1.00
2016.09.28 12:52:26.438,8.5706,8.57207,1.00,1.00
2016.09.28 12:52:26.839,8.5706,8.57197,1.00,1.00
2016.09.28 12:52:26.941,8.57041,8.57197,1.00,1.00
2016.09.28 12:52:27.145,8.57027,8.57195,1.00,1.00
2016.09.28 12:52:27.196,8.57027,8.57181,1.00,1.00
2016.09.28 12:52:27.699,8.57027,8.57181,1.00,1.00
2016.09.28 12:52:27.819,8.57027,8.57181,1.00,1.00
2016.09.28 12:52:27.870,8.57041,8.57181,1.00,1.00
2016.09.28 12:52:27.921,8.57041,8.57196,1.00,1.00
2016.09.28 12:52:27.972,8.57063,8.57196,1.00,1.00
2016.09.28 12:52:28.023,8.57117,8.57196,1.00,1.00
2016.09.28 12:52:28.125,8.57117,8.57217,1.00,1.00
2016.09.28 12:52:28.837,8.57078,8.57217,1.00,1.00
2016.09.28 12:52:28.888,8.57078,8.57217,1.00,1.00
2016.09.28 12:52:29.024,8.57078,8.57207,1.00,1.00
2016.09.28 12:52:29.203,8.57078,8.57237,1.00,1.50
2016.09.28 12:52:29.254,8.57102,8.57237,1.00,1.00
2016.09.28 12:52:29.457,8.57141,8.57217,1.00,1.00
2016.09.28 12:52:29.753,8.57176,8.57247,1.00,1.00
2016.09.28 12:52:29.804,8.57176,8.57257,1.00,1.00
2016.09.28 12:52:30.256,8.57191,8.57257,1.00,1.00
2016.09.28 12:52:30.561,8.57185,8.57257,1.00,1.00
2016.09.28 12:52:31.228,8.57179,8.57257,1.00,1.00
2016.09.28 12:52:31.528,8.57183,8.57257,1.00,1.00
2016.09.28 12:52:31.744,8.57168,8.57257,1.00,1.00
2016.09.28 12:52:32.541,8.57154,8.57257,1.00,1.00
2016.09.28 12:52:32.592,8.57154,8.57257,1.00,1.00
2016.09.28 12:52:33.463,8.57145,8.57257,1.00,1.00
2016.09.28 12:52:34.159,8.57141,8.57267,1.00,1.00
2016.09.28 12:52:34.310,8.57141,8.57256,1.00,1.00
2016.09.28 12:52:35.067,8.57141,8.57257,1.00,1.00
2016.09.28 12:52:35.139,8.57141,8.57257,1.50,1.00
2016.09.28 12:52:35.211,8.57141,8.57267,1.50,1.00
2016.09.28 12:52:35.311,8.57141,8.57277,1.50,1.00
2016.09.28 12:52:35.362,8.57145,8.57277,1.00,1.00
2016.09.28 12:52:35.413,8.57145,8.57267,1.00,1.00
2016.09.28 12:52:35.944,8.57146,8.57257,1.00,1.00
2016.09.28 12:52:36.143,8.57141,8.57257,1.00,1.00
2016.09.28 12:52:36.214,8.57141,8.57247,1.00,1.00
2016.09.28 12:52:36.315,8.57141,8.57257,1.00,1.00
2016.09.28 12:52:36.572,8.57141,8.57266,1.00,1.00
2016.09.28 12:52:37.045,8.57144,8.57266,1.00,1.00
2016.09.28 12:52:38.047,8.57141,8.57266,1.50,1.00
2016.09.28 12:52:38.382,8.57141,8.57266,1.00,1.00
2016.09.28 12:52:38.700,8.57141,8.57247,1.00,1.00
2016.09.28 12:52:38.852,8.57121,8.57247,1.00,1.00
2016.09.28 12:52:38.903,8.57121,8.57247,1.00,1.00
2016.09.28 12:52:39.232,8.57121,8.57237,1.00,1.00
2016.09.28 12:52:39.282,8.57109,8.57237,1.00,1.00
2016.09.28 12:52:39.410,8.57109,8.57237,1.00,1.00
2016.09.28 12:52:39.511,8.57109,8.57236,1.00,1.00
2016.09.28 12:52:39.749,8.57116,8.57236,1.00,1.00
2016.09.28 12:52:40.085,8.57108,8.57217,1.00,1.00
2016.09.28 12:52:40.189,8.57098,8.57217,1.00,1.00
2016.09.28 12:52:40.291,8.57098,8.57217,1.00,1.00
2016.09.28 12:52:40.392,8.57078,8.57217,1.50,1.00
2016.09.28 12:52:40.596,8.57078,8.57186,1.50,1.00
2016.09.28 12:52:40.734,8.57078,8.57197,1.50,1.00
2016.09.28 12:52:40.956,8.57078,8.57187,1.50,1.00
2016.09.28 12:52:41.183,8.57078,8.57187,1.00,1.00
2016.09.28 12:52:41.535,8.57078,8.57177,1.00,1.00
2016.09.28 12:52:41.586,8.57055,8.57177,1.00,1.00
2016.09.28 12:52:41.757,8.57047,8.57157,1.50,1.00
2016.09.28 12:52:41.960,8.57047,8.57157,1.00,1.00
2016.09.28 12:52:42.061,8.57037,8.57167,1.00,1.00
2016.09.28 12:52:42.558,8.57049,8.57167,1.00,1.00
2016.09.28 12:52:42.661,8.57052,8.57177,1.00,1.00
2016.09.28 12:52:42.763,8.57062,8.57186,1.00,1.00
2016.09.28 12:52:42.864,8.57072,8.57197,1.00,1.00
2016.09.28 12:52:43.054,8.57072,8.57177,1.00,1.00
2016.09.28 12:52:43.105,8.57053,8.57177,1.00,1.00
2016.09.28 12:52:43.156,8.57053,8.57186,1.00,1.00
2016.09.28 12:52:43.360,8.57053,8.57197,1.00,1.00
2016.09.28 12:52:43.441,8.57053,8.57187,1.00,1.00
2016.09.28 12:52:44.030,8.57063,8.57177,1.00,1.00
2016.09.28 12:52:45.131,8.57063,8.57167,1.00,1.00
2016.09.28 12:52:45.181,8.57047,8.57167,1.00,1.00
2016.09.28 12:52:45.232,8.57047,8.57167,1.00,1.00
2016.09.28 12:52:45.334,8.57048,8.57157,1.00,1.00
2016.09.28 12:52:45.479,8.57047,8.57157,1.00,1.00
2016.09.28 12:52:45.580,8.57029,8.57177,1.00,1.00
2016.09.28 12:52:45.734,8.57029,8.57187,1.00,1.00
2016.09.28 12:52:46.360,8.5703,8.57187,1.00,1.00
2016.09.28 12:52:46.469,8.57027,8.57167,1.00,1.00
2016.09.28 12:52:47.056,8.57027,8.57177,1.00,1.00
2016.09.28 12:52:47.108,8.57038,8.57177,1.00,1.00
2016.09.28 12:52:47.502,8.5703,8.57177,1.00,1.00
2016.09.28 12:52:47.837,8.5703,8.57167,1.00,1.00
2016.09.28 12:52:48.264,8.57032,8.57167,1.00,1.00
2016.09.28 12:52:48.471,8.57016,8.57187,1.00,1.00
2016.09.28 12:52:48.674,8.57016,8.57197,1.00,1.00
2016.09.28 12:52:48.780,8.57016,8.57177,1.00,1.00
2016.09.28 12:52:49.376,8.57016,8.57177,1.00,1.00
2016.09.28 12:52:49.538,8.57016,8.57177,1.00,1.00
2016.09.28 12:52:49.639,8.57016,8.57177,1.00,1.00
2016.09.28 12:52:49.803,8.57016,8.57187,1.00,1.00
2016.09.28 12:52:49.939,8.57016,8.57187,1.00,1.00
2016.09.28 12:52:50.541,8.57016,8.57187,1.00,1.00
2016.09.28 12:52:50.746,8.57016,8.57197,1.00,1.00
2016.09.28 12:52:52.016,8.57016,8.57197,1.00,1.00
2016.09.28 12:52:52.145,8.57016,8.57204,1.00,1.00
2016.09.28 12:52:52.196,8.57019,8.57207,1.00,1.00
2016.09.28 12:52:52.247,8.57019,8.57215,1.00,1.00
2016.09.28 12:52:52.298,8.57027,8.57216,1.00,1.50
2016.09.28 12:52:52.400,8.57043,8.57216,1.00,1.00
2016.09.28 12:52:52.451,8.57043,8.57216,1.00,1.00
2016.09.28 12:52:52.685,8.57043,8.57197,1.00,1.00
2016.09.28 12:52:52.787,8.57043,8.57197,1.00,1.00
2016.09.28 12:52:52.889,8.57043,8.57197,1.00,1.00
2016.09.28 12:52:53.461,8.57043,8.57205,1.00,1.00
2016.09.28 12:52:53.701,8.57043,8.57207,1.00,1.00
2016.09.28 12:52:53.873,8.57043,8.57203,1.00,1.00
2016.09.28 12:52:53.952,8.57043,8.57203,1.00,1.00
2016.09.28 12:52:54.352,8.57043,8.57203,1.00,1.00
2016.09.28 12:52:54.748,8.57043,8.57198,1.00,1.00
2016.09.28 12:52:55.175,8.57043,8.57204,1.00,1.00
2016.09.28 12:52:55.784,8.57043,8.5721,1.00,1.00
2016.09.28 12:52:57.385,8.57043,8.57217,1.00,1.00
2016.09.28 12:52:57.487,8.57047,8.57217,1.00,1.00
2016.09.28 12:52:57.589,8.57043,8.57217,1.00,1.00
2016.09.28 12:52:57.771,8.57043,8.57217,1.00,1.00
2016.09.28 12:52:58.016,8.57043,8.57217,1.00,1.00
2016.09.28 12:52:58.118,8.57043,8.57225,1.00,1.00
2016.09.28 12:52:58.321,8.57048,8.57234,1.00,1.00
2016.09.28 12:53:00.204,8.57044,8.57231,1.00,1.00
2016.09.28 12:53:00.258,8.57044,8.57227,1.00,1.00
2016.09.28 12:53:00.550,8.57043,8.57222,1.00,1.00
2016.09.28 12:53:00.601,8.57043,8.57222,1.00,1.00
2016.09.28 12:53:00.947,8.57043,8.57214,1.00,1.00
2016.09.28 12:53:01.174,8.57043,8.57214,1.00,1.00
2016.09.28 12:53:01.485,8.57043,8.57211,1.00,1.00
2016.09.28 12:53:01.536,8.57047,8.57226,1.60,1.00
2016.09.28 12:53:01.587,8.57069,8.57248,1.00,1.00
2016.09.28 12:53:02.020,8.57072,8.57237,1.00,1.00
2016.09.28 12:53:02.602,8.57072,8.57226,1.00,1.00
2016.09.28 12:53:02.718,8.57054,8.57226,1.00,1.00
2016.09.28 12:53:02.793,8.57054,8.57231,1.00,1.00
2016.09.28 12:53:03.102,8.57054,8.57222,1.00,1.00
2016.09.28 12:53:03.153,8.57054,8.57222,1.00,1.00
2016.09.28 12:53:03.314,8.57042,8.57207,1.00,1.00
2016.09.28 12:53:03.680,8.57042,8.57207,1.00,1.00
2016.09.28 12:53:04.936,8.57042,8.57205,1.00,1.00
2016.09.28 12:53:05.105,8.57042,8.57196,1.00,1.00
2016.09.28 12:53:05.283,8.57042,8.57196,1.00,1.00
2016.09.28 12:53:05.581,8.57042,8.57196,1.00,1.00
2016.09.28 12:53:05.633,8.57042,8.57217,1.00,1.00
2016.09.28 12:53:05.986,8.57042,8.57217,1.00,1.00
2016.09.28 12:53:06.087,8.57042,8.57204,1.00,1.00
2016.09.28 12:53:08.698,8.57042,8.5721,1.00,1.00
2016.09.28 12:53:08.800,8.57042,8.57207,1.00,1.00
2016.09.28 12:53:08.873,8.57042,8.5721,1.00,1.00
2016.09.28 12:53:08.979,8.57042,8.5721,1.00,1.00
2016.09.28 12:53:09.030,8.5705,8.5723,1.00,1.00
2016.09.28 12:53:09.081,8.5705,8.5723,1.00,1.00
2016.09.28 12:53:09.132,8.57089,8.57249,1.00,1.00
2016.09.28 12:53:09.218,8.57089,8.57251,1.00,1.00
2016.09.28 12:53:09.320,8.57087,8.57253,1.00,1.00
2016.09.28 12:53:09.476,8.57087,8.57247,1.00,1.00
2016.09.28 12:53:09.526,8.57087,8.57247,1.00,1.00
2016.09.28 12:53:09.800,8.57087,8.57253,1.00,1.00
2016.09.28 12:53:09.851,8.571,8.57257,1.00,1.00
2016.09.28 12:53:09.902,8.571,8.57266,1.00,1.50
2016.09.28 12:53:09.953,8.57103,8.57266,1.00,1.50
2016.09.28 12:53:10.004,8.57118,8.57284,1.00,1.00
2016.09.28 12:53:10.106,8.57103,8.57213,1.00,1.00
2016.09.28 12:53:10.361,8.57082,8.57206,1.00,1.00
2016.09.28 12:53:10.413,8.57048,8.57206,1.00,1.00
2016.09.28 12:53:10.464,8.57041,8.57206,1.37,1.00
2016.09.28 12:53:10.718,8.57041,8.57206,1.37,1.00
2016.09.28 12:53:10.820,8.57041,8.57206,1.37,1.00
2016.09.28 12:53:10.902,8.57033,8.57178,1.37,1.00
2016.09.28 12:53:11.099,8.57033,8.57178,1.00,1.00
2016.09.28 12:53:11.200,8.57033,8.57178,1.00,1.00
2016.09.28 12:53:11.251,8.57033,8.5716,1.00,1.00
2016.09.28 12:53:11.353,8.57,8.5716,1.37,1.00
2016.09.28 12:53:11.404,8.57,8.5716,1.37,1.00
2016.09.28 12:53:11.505,8.57,8.5716,1.37,1.00
2016.09.28 12:53:11.607,8.56994,8.5716,1.37,1.00
2016.09.28 12:53:13.236,8.56991,8.57156,1.37,1.00
2016.09.28 12:53:13.601,8.56993,8.57156,1.37,1.00
2016.09.28 12:53:13.886,8.56993,8.57156,1.37,1.00
2016.09.28 12:53:13.937,8.57014,8.57177,1.00,1.00
2016.09.28 12:53:14.039,8.57021,8.57187,1.00,1.00
2016.09.28 12:53:14.823,8.57014,8.57167,1.00,1.00
2016.09.28 12:53:15.080,8.57014,8.57169,1.00,1.00
2016.09.28 12:53:15.131,8.57025,8.57191,1.00,1.00
2016.09.28 12:53:15.233,8.57069,8.57184,1.00,1.00
2016.09.28 12:53:15.406,8.57046,8.57184,1.00,1.00
2016.09.28 12:53:15.457,8.57073,8.57204,1.00,1.00
2016.09.28 12:53:15.508,8.57073,8.5722,1.00,1.00
2016.09.28 12:53:15.559,8.57073,8.5722,1.00,1.00
2016.09.28 12:53:15.772,8.57073,8.57225,1.00,1.00
2016.09.28 12:53:16.011,8.57039,8.57205,1.00,1.00
2016.09.28 12:53:16.317,8.57031,8.57197,1.00,1.00
2016.09.28 12:53:16.512,8.57036,8.57204,1.00,1.00
2016.09.28 12:53:16.563,8.57036,8.57204,1.00,1.00
2016.09.28 12:53:16.648,8.57036,8.57204,1.00,1.00
2016.09.28 12:53:16.942,8.57044,8.57211,1.00,1.00
2016.09.28 12:53:17.043,8.57036,8.57204,1.00,1.00
2016.09.28 12:53:17.529,8.57018,8.57185,1.00,1.00
2016.09.28 12:53:17.732,8.57017,8.57185,1.00,1.00
2016.09.28 12:53:18.465,8.57009,8.57177,1.00,1.00
2016.09.28 12:53:18.516,8.56991,8.57146,1.00,1.00
2016.09.28 12:53:18.567,8.56991,8.57146,1.00,1.00
2016.09.28 12:53:18.668,8.56991,8.57137,1.00,1.00
2016.09.28 12:53:18.798,8.56971,8.57137,1.00,1.00
2016.09.28 12:53:19.718,8.56973,8.57139,1.00,1.00
2016.09.28 12:53:20.122,8.56973,8.57136,1.00,1.00
2016.09.28 12:53:20.249,8.56961,8.57138,1.00,1.00
2016.09.28 12:53:20.351,8.56954,8.57118,1.00,1.00
2016.09.28 12:53:20.554,8.56954,8.57118,1.00,1.00
2016.09.28 12:53:21.134,8.56945,8.57121,1.00,1.50
2016.09.28 12:53:21.235,8.5695,8.57116,1.00,1.00
2016.09.28 12:53:21.421,8.56949,8.57121,1.00,1.00
2016.09.28 12:53:21.645,8.5695,8.57116,1.00,1.00
2016.09.28 12:53:22.422,8.56955,8.57121,1.00,1.50
2016.09.28 12:53:22.745,8.56955,8.57121,1.00,1.00
2016.09.28 12:53:23.323,8.56955,8.57123,1.00,1.00
2016.09.28 12:53:23.824,8.56964,8.57132,1.00,1.00
2016.09.28 12:53:24.871,8.56965,8.57133,1.00,1.00
2016.09.28 12:53:27.140,8.56969,8.57136,1.00,1.00
2016.09.28 12:53:29.155,8.56985,8.57137,1.00,1.00
2016.09.28 12:53:29.482,8.57006,8.57137,1.00,1.00
2016.09.28 12:53:29.757,8.57019,8.57184,1.00,1.00
2016.09.28 12:53:29.858,8.57032,8.57184,1.00,1.00
2016.09.28 12:53:29.961,8.57032,8.57187,1.00,1.00
2016.09.28 12:53:30.170,8.57041,8.57187,1.00,1.00
2016.09.28 12:53:30.877,8.57046,8.57187,1.00,1.00
2016.09.28 12:53:31.215,8.57052,8.57186,1.00,1.00
2016.09.28 12:53:31.266,8.57052,8.57186,1.00,1.00
2016.09.28 12:53:31.564,8.57052,8.57187,1.00,1.00
2016.09.28 12:53:32.037,8.5705,8.57187,1.00,1.00
2016.09.28 12:53:32.362,8.57069,8.57187,1.00,1.00
2016.09.28 12:53:32.414,8.57069,8.57235,1.00,1.00
2016.09.28 12:53:32.465,8.57085,8.57235,1.00,1.00
2016.09.28 12:53:32.771,8.57096,8.57237,1.00,1.00
2016.09.28 12:53:32.894,8.57094,8.57237,1.00,1.00
2016.09.28 12:53:33.149,8.57085,8.57237,1.00,1.00
2016.09.28 12:53:33.496,8.57085,8.57237,1.00,1.00
2016.09.28 12:53:33.597,8.57085,8.57237,1.00,1.00
2016.09.28 12:53:34.165,8.57085,8.57236,1.00,1.00
2016.09.28 12:53:36.250,8.57085,8.57237,1.00,1.00
2016.09.28 12:53:37.768,8.57093,8.57269,1.00,1.00
2016.09.28 12:53:37.819,8.57093,8.57269,1.00,1.00
2016.09.28 12:53:37.921,8.57093,8.57269,1.00,1.00
2016.09.28 12:53:38.017,8.57093,8.57269,1.00,1.00
2016.09.28 12:53:38.068,8.57102,8.57278,1.00,1.00
2016.09.28 12:53:38.119,8.57102,8.57278,1.00,1.00
2016.09.28 12:53:38.322,8.57102,8.57278,1.00,1.00
2016.09.28 12:53:38.423,8.57102,8.57278,1.00,1.00
2016.09.28 12:53:38.851,8.57106,8.57282,1.00,1.00
2016.09.28 12:53:39.419,8.57106,8.57282,1.00,1.00
2016.09.28 12:53:39.694,8.57106,8.57282,1.00,1.00
2016.09.28 12:53:39.795,8.57108,8.57284,1.00,1.00
2016.09.28 12:53:40.187,8.57088,8.57254,1.00,1.00
2016.09.28 12:53:40.423,8.57088,8.57254,1.00,1.00
2016.09.28 12:53:40.752,8.57088,8.57247,1.00,1.00
2016.09.28 12:53:41.186,8.57108,8.57264,1.00,1.00
2016.09.28 12:53:41.323,8.57111,8.57284,1.00,1.00
2016.09.28 12:53:41.507,8.57103,8.5727,1.00,1.00
2016.09.28 12:53:41.928,8.57103,8.5727,1.00,1.00
2016.09.28 12:53:42.190,8.57103,8.57277,1.00,1.00
2016.09.28 12:53:42.300,8.57103,8.57277,1.00,1.00
2016.09.28 12:53:42.384,8.57101,8.57277,1.00,1.00
2016.09.28 12:53:42.536,8.57101,8.57277,1.00,1.00
2016.09.28 12:53:42.638,8.57101,8.57277,1.00,1.00
2016.09.28 12:53:42.689,8.57079,8.57248,1.00,1.00
2016.09.28 12:53:42.854,8.57092,8.57268,1.00,1.00
2016.09.28 12:53:42.957,8.57082,8.57258,1.00,1.00
2016.09.28 12:53:43.008,8.57082,8.57258,1.00,1.00
2016.09.28 12:53:43.981,8.57081,8.57257,1.00,1.00
2016.09.28 12:53:44.459,8.57089,8.57265,1.00,1.00
2016.09.28 12:53:44.599,8.57089,8.57265,1.00,1.00
2016.09.28 12:53:44.701,8.571,8.57276,1.00,1.00
2016.09.28 12:53:44.853,8.571,8.57276,1.00,1.00
2016.09.28 12:53:44.904,8.57106,8.57276,1.00,1.00
2016.09.28 12:53:45.253,8.57104,8.57266,1.00,1.00
2016.09.28 12:53:47.135,8.57104,8.57266,1.00,1.00
2016.09.28 12:53:48.308,8.57104,8.57275,1.00,1.00
2016.09.28 12:53:48.457,8.57104,8.57275,1.12,1.00
2016.09.28 12:53:48.525,8.57106,8.57278,1.00,1.00
2016.09.28 12:53:49.605,8.57109,8.5728,1.00,1.00
2016.09.28 12:53:49.656,8.57109,8.57281,1.00,1.00
2016.09.28 12:53:50.991,8.57109,8.57287,1.00,1.00
2016.09.28 12:53:51.123,8.57109,8.57287,1.00,1.00
2016.09.28 12:53:51.645,8.57109,8.57286,1.00,1.00
2016.09.28 12:53:52.002,8.57127,8.57286,1.00,1.00
2016.09.28 12:53:52.053,8.57127,8.57287,1.00,1.00
2016.09.28 12:53:52.171,8.57143,8.57287,1.00,1.00
2016.09.28 12:53:52.273,8.57143,8.57286,1.00,1.00
2016.09.28 12:53:52.324,8.57137,8.57286,1.00,1.00
2016.09.28 12:53:52.923,8.57137,8.57287,1.00,1.00
2016.09.28 12:53:52.978,8.57147,8.57287,1.00,1.00
2016.09.28 12:53:54.684,8.57154,8.57287,1.00,1.00
2016.09.28 12:53:54.785,8.57148,8.57287,1.00,1.00
2016.09.28 12:53:55.220,8.5715,8.57287,1.00,1.00
2016.09.28 12:53:56.151,8.5715,8.57287,1.00,1.00
2016.09.28 12:53:56.252,8.5715,8.57287,1.00,1.00
2016.09.28 12:53:56.372,8.5715,8.57287,1.00,1.00
2016.09.28 12:53:57.040,8.5715,8.57287,1.00,1.00
2016.09.28 12:53:57.091,8.57143,8.57287,1.00,1.00
2016.09.28 12:53:57.248,8.57123,8.57287,1.37,1.00
2016.09.28 12:53:57.299,8.57132,8.57287,1.00,1.00
2016.09.28 12:53:57.487,8.57132,8.57287,1.00,1.00
2016.09.28 12:53:57.717,8.57132,8.57316,1.00,1.00
2016.09.28 12:53:57.923,8.57143,8.57316,1.00,1.00
2016.09.28 12:53:57.975,8.57143,8.57316,1.00,1.00
2016.09.28 12:53:58.376,8.57151,8.57317,1.00,1.00
2016.09.28 12:53:58.446,8.57169,8.57317,1.00,1.00
2016.09.28 12:53:58.598,8.5715,8.57317,1.37,1.00
2016.09.28 12:53:58.649,8.5715,8.57317,1.37,1.00
2016.09.28 12:53:58.750,8.5715,8.57317,1.37,1.00
2016.09.28 12:53:58.801,8.5714,8.57317,1.37,1.00
2016.09.28 12:53:58.852,8.5714,8.57317,1.00,1.00
2016.09.28 12:53:58.976,8.5714,8.57317,1.00,1.00
2016.09.28 12:53:59.288,8.5714,8.57317,1.00,1.00
2016.09.28 12:53:59.339,8.57147,8.57317,1.00,1.00
2016.09.28 12:53:59.390,8.57147,8.57317,1.00,1.00
2016.09.28 12:54:01.196,8.57143,8.57317,1.37,1.00
2016.09.28 12:54:01.442,8.57159,8.57317,1.00,1.00
2016.09.28 12:54:02.549,8.57166,8.57317,1.00,1.00
2016.09.28 12:54:02.858,8.57188,8.57316,1.00,1.00
2016.09.28 12:54:03.176,8.57188,8.57317,1.37,1.00
2016.09.28 12:54:03.228,8.57206,8.57377,1.00,1.00
2016.09.28 12:54:03.385,8.57206,8.57376,1.00,1.00
2016.09.28 12:54:03.436,8.57206,8.57377,1.00,1.00
2016.09.28 12:54:03.693,8.57206,8.57377,1.00,1.00
2016.09.28 12:54:03.886,8.57206,8.57377,1.00,1.00
2016.09.28 12:54:03.990,8.57206,8.57376,1.00,1.00
2016.09.28 12:54:04.041,8.5719,8.57325,1.00,1.00
2016.09.28 12:54:04.092,8.5719,8.57325,1.00,1.00
2016.09.28 12:54:04.143,8.57174,8.57338,1.00,1.00
2016.09.28 12:54:04.194,8.57174,8.57338,1.00,1.00
2016.09.28 12:54:04.245,8.57132,8.57281,1.37,1.00
2016.09.28 12:54:04.347,8.57155,8.5731,1.37,1.00
2016.09.28 12:54:04.398,8.57156,8.5731,1.37,1.00
2016.09.28 12:54:04.566,8.57163,8.5731,1.37,1.00
2016.09.28 12:54:04.668,8.57183,8.57318,1.37,1.00
2016.09.28 12:54:04.872,8.57173,8.57318,1.37,1.00
2016.09.28 12:54:04.976,8.572,8.57318,1.00,1.00
2016.09.28 12:54:05.233,8.572,8.5733,1.00,1.00
2016.09.28 12:54:05.364,8.572,8.5733,1.00,1.00
2016.09.28 12:54:05.548,8.572,8.57334,1.00,1.00
2016.09.28 12:54:06.227,8.572,8.57339,1.00,1.00
2016.09.28 12:54:06.592,8.572,8.57335,1.00,1.00
2016.09.28 12:54:06.884,8.572,8.57335,1.00,1.00
2016.09.28 12:54:07.137,8.572,8.57341,1.00,1.50
2016.09.28 12:54:07.535,8.572,8.57331,1.00,1.00
2016.09.28 12:54:07.587,8.572,8.57331,1.00,1.00
2016.09.28 12:54:07.778,8.572,8.57331,1.00,1.00
2016.09.28 12:54:08.306,8.572,8.57326,1.00,1.00
2016.09.28 12:54:08.477,8.572,8.57326,1.37,1.00
2016.09.28 12:54:08.535,8.572,8.57335,1.37,1.00
2016.09.28 12:54:08.873,8.572,8.57335,1.37,1.00
2016.09.28 12:54:09.045,8.572,8.57341,1.37,1.00
2016.09.28 12:54:09.161,8.57209,8.57361,1.00,1.00
2016.09.28 12:54:09.212,8.57226,8.5739,1.00,1.00
2016.09.28 12:54:09.313,8.57229,8.574,1.00,1.00
2016.09.28 12:54:09.415,8.57224,8.574,1.00,1.00
2016.09.28 12:54:09.517,8.57213,8.574,1.00,1.00
2016.09.28 12:54:09.781,8.57213,8.574,1.00,1.00
2016.09.28 12:54:10.080,8.57213,8.574,1.00,1.00
2016.09.28 12:54:10.131,8.57204,8.57395,1.00,1.00
2016.09.28 12:54:10.181,8.57204,8.57395,1.00,1.00
2016.09.28 12:54:10.232,8.57193,8.5737,1.37,1.00
2016.09.28 12:54:10.321,8.57193,8.57351,1.00,1.00
2016.09.28 12:54:10.372,8.57173,8.57349,1.00,1.00
2016.09.28 12:54:10.423,8.57159,8.57349,1.00,1.00
2016.09.28 12:54:10.525,8.57159,8.57349,1.00,1.00
2016.09.28 12:54:11.062,8.57172,8.57351,1.00,1.00
2016.09.28 12:54:11.113,8.57193,8.57379,1.00,1.00
2016.09.28 12:54:11.215,8.57193,8.57379,1.00,1.00
2016.09.28 12:54:11.450,8.57202,8.57393,1.50,1.00
2016.09.28 12:54:11.611,8.57202,8.57393,1.50,1.00
2016.09.28 12:54:12.087,8.57202,8.57393,1.50,1.00
2016.09.28 12:54:12.589,8.57202,8.57393,1.50,1.00
2016.09.28 12:54:12.717,8.57202,8.57389,1.00,1.00
2016.09.28 12:54:12.790,8.57202,8.57389,1.00,1.00
2016.09.28 12:54:12.890,8.57202,8.57389,1.00,1.00
2016.09.28 12:54:13.191,8.57202,8.57389,1.00,1.00
2016.09.28 12:54:13.243,8.57215,8.57406,1.00,1.50
2016.09.28 12:54:13.294,8.57215,8.57406,1.00,1.00
2016.09.28 12:54:13.446,8.57204,8.57396,1.00,1.00
2016.09.28 12:54:13.497,8.57204,8.57396,1.00,1.00
2016.09.28 12:54:13.726,8.5722,8.5741,1.00,1.00
2016.09.28 12:54:13.827,8.57236,8.5741,1.00,1.00
2016.09.28 12:54:14.030,8.57227,8.5741,1.00,1.00
2016.09.28 12:54:14.132,8.57227,8.5741,1.00,1.00
2016.09.28 12:54:15.121,8.57227,8.57407,1.00,1.00
2016.09.28 12:54:15.223,8.57227,8.57407,1.00,1.00
2016.09.28 12:54:15.421,8.57236,8.5741,1.00,1.00
2016.09.28 12:54:15.624,8.5724,8.5741,1.00,1.00
2016.09.28 12:54:16.036,8.57247,8.5741,1.00,1.00
2016.09.28 12:54:16.449,8.57261,8.5741,1.00,1.00
2016.09.28 12:54:17.527,8.57253,8.5741,1.00,1.00
2016.09.28 12:54:17.744,8.57271,8.5741,1.00,1.00
2016.09.28 12:54:18.084,8.57293,8.57417,1.00,1.00
2016.09.28 12:54:18.187,8.57293,8.57463,1.00,1.00
2016.09.28 12:54:18.777,8.57305,8.57463,1.00,1.00
2016.09.28 12:54:18.878,8.57294,8.57463,1.00,1.00
2016.09.28 12:54:19.460,8.5729,8.57463,1.00,1.00
2016.09.28 12:54:21.254,8.5728,8.57442,1.00,1.00
2016.09.28 12:54:21.305,8.57268,8.57442,1.37,1.00
2016.09.28 12:54:21.356,8.57261,8.57434,1.37,1.00
2016.09.28 12:54:21.443,8.57261,8.57434,1.37,1.00
2016.09.28 12:54:21.545,8.57272,8.57446,1.12,1.00
2016.09.28 12:54:21.753,8.57272,8.57446,1.12,1.00
2016.09.28 12:54:21.855,8.57289,8.5745,1.00,1.00
2016.09.28 12:54:22.759,8.57293,8.57463,1.00,1.00
2016.09.28 12:54:22.934,8.57283,8.57462,1.00,1.00
2016.09.28 12:54:22.985,8.57293,8.57461,1.00,1.00
2016.09.28 12:54:23.087,8.57294,8.57463,1.00,1.00
2016.09.28 12:54:23.139,8.57306,8.57467,1.00,1.00
2016.09.28 12:54:23.981,8.57314,8.57467,1.00,1.00
2016.09.28 12:54:24.265,8.57308,8.57467,1.00,1.00
2016.09.28 12:54:24.416,8.57308,8.57467,1.00,1.00
2016.09.28 12:54:24.691,8.57299,8.57461,1.00,1.00
2016.09.28 12:54:24.742,8.57304,8.57467,1.00,1.00
2016.09.28 12:54:25.855,8.57285,8.57432,1.00,1.00
2016.09.28 12:54:25.956,8.57285,8.57432,1.00,1.00
2016.09.28 12:54:26.066,8.57285,8.57445,1.00,1.00
2016.09.28 12:54:26.116,8.57275,8.57445,1.00,1.00
2016.09.28 12:54:26.456,8.57275,8.57445,1.00,1.00
2016.09.28 12:54:27.309,8.57275,8.57446,1.00,1.00
2016.09.28 12:54:27.963,8.57272,8.57442,1.00,1.00
2016.09.28 12:54:28.046,8.57289,8.5746,1.00,1.00
2016.09.28 12:54:28.147,8.57295,8.57457,1.00,1.00
2016.09.28 12:54:29.147,8.57298,8.5746,1.00,1.00
2016.09.28 12:54:30.294,8.573,8.57462,1.00,1.00
2016.09.28 12:54:30.644,8.57307,8.57464,1.00,1.00
2016.09.28 12:54:30.973,8.57322,8.57464,1.00,1.00
2016.09.28 12:54:31.024,8.57322,8.57484,1.00,1.00
2016.09.28 12:54:31.277,8.57313,8.57475,1.00,1.00
2016.09.28 12:54:31.380,8.57313,8.57475,1.00,1.00
2016.09.28 12:54:31.613,8.57302,8.57474,1.00,1.00
2016.09.28 12:54:31.664,8.57301,8.57461,1.00,1.00
2016.09.28 12:54:32.356,8.57304,8.57476,1.00,1.00
2016.09.28 12:54:33.401,8.57305,8.57487,1.00,1.00
2016.09.28 12:54:33.592,8.57326,8.57487,1.00,1.00
2016.09.28 12:54:33.694,8.57338,8.575,1.00,1.00
2016.09.28 12:54:34.508,8.57341,8.57512,1.00,1.00
2016.09.28 12:54:35.563,8.57341,8.57512,1.00,1.00
2016.09.28 12:54:35.801,8.57351,8.57517,1.00,1.00
2016.09.28 12:54:36.562,8.57351,8.57517,1.00,1.00
2016.09.28 12:54:36.714,8.57366,8.57517,1.00,1.00
2016.09.28 12:54:36.765,8.57372,8.57517,1.00,1.00
2016.09.28 12:54:37.204,8.57365,8.57517,1.00,1.00
2016.09.28 12:54:37.718,8.57364,8.57517,1.00,1.00
2016.09.28 12:54:37.877,8.57393,8.57517,1.00,1.00
2016.09.28 12:54:37.993,8.57364,8.57517,1.00,1.00
2016.09.28 12:54:38.373,8.57368,8.57517,1.00,1.00
2016.09.28 12:54:38.505,8.57368,8.57517,1.00,1.00
2016.09.28 12:54:39.486,8.57374,8.57517,1.00,1.00
2016.09.28 12:54:39.799,8.57374,8.57517,1.00,1.00
2016.09.28 12:54:40.899,8.57374,8.57547,1.00,1.00
2016.09.28 12:54:41.002,8.57374,8.57547,1.00,1.00
2016.09.28 12:54:41.211,8.57387,8.57547,1.00,1.00
2016.09.28 12:54:41.376,8.57387,8.57547,1.00,1.00
2016.09.28 12:54:41.877,8.57387,8.57547,1.00,1.00
2016.09.28 12:54:42.078,8.57387,8.57547,1.00,1.00
2016.09.28 12:54:42.613,8.57392,8.57547,1.00,1.00
2016.09.28 12:54:42.983,8.57404,8.57547,1.00,1.00
2016.09.28 12:54:43.085,8.57412,8.57546,1.00,1.00
2016.09.28 12:54:43.186,8.57395,8.57546,1.00,1.00
2016.09.28 12:54:43.493,8.57397,8.57547,1.00,1.00
2016.09.28 12:54:44.091,8.57404,8.57547,1.00,1.00
2016.09.28 12:54:44.284,8.57404,8.57547,1.00,1.00
2016.09.28 12:54:46.484,8.57405,8.57547,1.00,1.00
2016.09.28 12:54:46.884,8.57405,8.57584,1.50,1.00
2016.09.28 12:54:46.935,8.57423,8.5759,1.00,1.00
2016.09.28 12:54:47.092,8.57454,8.5759,1.00,1.00
2016.09.28 12:54:47.143,8.57454,8.57597,1.00,1.00
2016.09.28 12:54:47.194,8.57461,8.57597,1.00,1.00
2016.09.28 12:54:47.397,8.57461,8.57597,1.00,1.00
2016.09.28 12:54:47.620,8.57428,8.57596,1.00,1.00
2016.09.28 12:54:48.162,8.57428,8.57597,1.00,1.00
2016.09.28 12:54:48.213,8.57423,8.57592,1.00,1.00
2016.09.28 12:54:48.417,8.57423,8.57597,1.00,1.00
2016.09.28 12:54:48.518,8.57424,8.57597,1.00,1.00
2016.09.28 12:54:48.620,8.57418,8.57597,1.00,1.00
2016.09.28 12:54:48.758,8.57424,8.57597,1.00,1.00
2016.09.28 12:54:48.916,8.57461,8.57597,1.00,1.00
2016.09.28 12:54:49.621,8.57433,8.57597,1.00,1.00
2016.09.28 12:54:49.773,8.57433,8.57623,1.00,1.00
2016.09.28 12:54:49.926,8.57473,8.57656,1.00,1.00
2016.09.28 12:54:50.029,8.5754,8.57657,1.00,1.00
2016.09.28 12:54:50.321,8.57502,8.57657,1.00,1.00
2016.09.28 12:54:50.611,8.5754,8.57657,1.00,1.00
2016.09.28 12:54:51.102,8.57516,8.57657,1.00,1.00
2016.09.28 12:54:51.254,8.57516,8.57657,1.00,1.00
2016.09.28 12:54:51.508,8.57516,8.57656,1.00,1.00
2016.09.28 12:54:51.559,8.57485,8.57656,1.00,1.00
2016.09.28 12:54:51.611,8.57514,8.57656,1.00,1.00
2016.09.28 12:54:53.807,8.57517,8.57656,1.00,1.00
2016.09.28 12:54:54.017,8.57506,8.57656,1.00,1.00
2016.09.28 12:54:54.068,8.57506,8.57656,1.00,1.00
2016.09.28 12:54:54.118,8.57506,8.57656,1.00,1.00
2016.09.28 12:54:54.169,8.57506,8.57656,1.00,1.00
2016.09.28 12:54:54.236,8.57516,8.57656,1.00,1.00
2016.09.28 12:54:54.513,8.57516,8.57656,1.00,1.00
2016.09.28 12:54:54.614,8.57506,8.57656,1.00,1.00
2016.09.28 12:54:54.665,8.57506,8.57656,1.00,1.00
2016.09.28 12:54:55.024,8.57516,8.57656,1.00,1.00
2016.09.28 12:54:55.126,8.57507,8.57656,1.00,1.00
2016.09.28 12:54:55.227,8.57507,8.57656,1.00,1.00
2016.09.28 12:54:55.314,8.57507,8.57656,1.00,1.00
2016.09.28 12:54:55.541,8.57506,8.57656,1.00,1.00
2016.09.28 12:54:56.816,8.57506,8.57656,1.00,1.00
2016.09.28 12:54:56.868,8.57495,8.57657,1.00,1.00
2016.09.28 12:54:57.020,8.57493,8.57657,1.00,1.50
2016.09.28 12:54:57.071,8.57493,8.57657,1.00,1.50
2016.09.28 12:54:57.121,8.57473,8.57654,1.00,1.00
2016.09.28 12:54:57.565,8.57473,8.57654,1.00,1.00
2016.09.28 12:54:58.033,8.57473,8.57641,1.00,1.00
2016.09.28 12:54:58.136,8.57473,8.57633,1.00,1.00
2016.09.28 12:54:58.238,8.57473,8.57633,1.00,1.00
2016.09.28 12:54:58.344,8.57473,8.57633,1.00,1.00
2016.09.28 12:54:58.735,8.57473,8.57633,1.00,1.00
2016.09.28 12:54:59.073,8.57473,8.57644,1.00,1.00
2016.09.28 12:54:59.174,8.57473,8.57657,1.00,1.00
2016.09.28 12:54:59.430,8.57499,8.57657,1.00,1.00
2016.09.28 12:55:00.118,8.57498,8.57657,1.00,1.00
2016.09.28 12:55:00.169,8.57512,8.57657,1.00,1.00
2016.09.28 12:55:00.229,8.5752,8.57657,1.00,1.00
2016.09.28 12:55:00.279,8.5752,8.57657,1.00,1.00
2016.09.28 12:55:00.640,8.57508,8.57657,1.00,1.00
2016.09.28 12:55:01.030,8.57475,8.57657,1.00,1.00
2016.09.28 12:55:01.233,8.57473,8.57657,1.00,1.50
2016.09.28 12:55:01.335,8.57473,8.57645,1.00,1.00
2016.09.28 12:55:01.386,8.57473,8.57645,1.00,1.00
2016.09.28 12:55:01.560,8.57473,8.57645,1.00,1.00
2016.09.28 12:55:01.767,8.57473,8.57645,1.00,1.00
2016.09.28 12:55:02.234,8.57473,8.57642,1.00,1.00
2016.09.28 12:55:02.852,8.57473,8.57648,1.00,1.00
2016.09.28 12:55:03.094,8.57452,8.57648,1.00,1.00
2016.09.28 12:55:03.153,8.57446,8.57639,1.00,1.00
2016.09.28 12:55:03.204,8.57446,8.57639,1.00,1.00
2016.09.28 12:55:03.545,8.57446,8.57639,1.00,1.00
2016.09.28 12:55:03.647,8.57468,8.57653,1.00,1.12
2016.09.28 12:55:03.749,8.57475,8.57653,1.00,1.12
2016.09.28 12:55:03.800,8.57494,8.57657,1.00,1.00
2016.09.28 12:55:04.024,8.57494,8.57657,1.00,1.00
2016.09.28 12:55:04.234,8.57494,8.57657,1.00,1.00
2016.09.28 12:55:04.336,8.57494,8.57657,1.00,1.50
2016.09.28 12:55:04.387,8.57478,8.57657,1.00,1.50
2016.09.28 12:55:04.437,8.57478,8.57627,1.00,1.00
2016.09.28 12:55:04.531,8.57464,8.57627,1.00,1.00
2016.09.28 12:55:04.582,8.57464,8.57655,1.00,1.00
2016.09.28 12:55:04.683,8.57464,8.57655,1.00,1.37
2016.09.28 12:55:04.734,8.57464,8.57655,1.00,1.37
2016.09.28 12:55:04.791,8.57464,8.57647,1.00,1.00
2016.09.28 12:55:04.842,8.5747,8.57647,1.00,1.00
2016.09.28 12:55:04.944,8.57464,8.57617,1.00,1.00
2016.09.28 12:55:05.076,8.57425,8.57597,1.00,1.00
2016.09.28 12:55:05.180,8.57406,8.57577,1.00,1.00
2016.09.28 12:55:05.332,8.57387,8.57557,1.00,1.00
2016.09.28 12:55:05.383,8.57395,8.57568,1.00,1.00
2016.09.28 12:55:05.485,8.57359,8.57557,1.00,1.60
2016.09.28 12:55:05.627,8.57344,8.57483,1.00,1.00
2016.09.28 12:55:05.679,8.57361,8.57517,1.00,1.00
2016.09.28 12:55:05.780,8.57361,8.57533,1.00,1.00
2016.09.28 12:55:05.831,8.57361,8.57533,1.00,1.00
2016.09.28 12:55:06.137,8.57361,8.57533,1.00,1.00
2016.09.28 12:55:06.271,8.57337,8.57502,1.00,1.00
2016.09.28 12:55:06.575,8.57333,8.57496,1.00,1.00
2016.09.28 12:55:07.026,8.57333,8.57496,1.00,1.00
2016.09.28 12:55:07.077,8.57319,8.57484,1.00,1.50
2016.09.28 12:55:07.179,8.57287,8.57453,1.00,1.00
2016.09.28 12:55:07.281,8.5727,8.57451,1.00,1.00
2016.09.28 12:55:07.383,8.5727,8.57451,1.00,1.00
2016.09.28 12:55:07.664,8.57286,8.57453,1.00,1.00
2016.09.28 12:55:07.766,8.57331,8.57453,1.00,1.00
2016.09.28 12:55:07.817,8.57331,8.57486,1.00,1.00
2016.09.28 12:55:07.868,8.57331,8.57487,1.00,1.00
2016.09.28 12:55:07.971,8.57349,8.57487,1.00,1.00
2016.09.28 12:55:08.022,8.57349,8.57516,1.00,1.00
2016.09.28 12:55:08.073,8.57326,8.57501,1.00,1.00
2016.09.28 12:55:08.258,8.57343,8.57516,1.00,1.00
2016.09.28 12:55:08.366,8.57343,8.57516,1.00,1.00
2016.09.28 12:55:08.597,8.57343,8.57518,1.00,1.00
2016.09.28 12:55:08.932,8.57347,8.57518,1.00,1.00
2016.09.28 12:55:09.186,8.57375,8.57539,1.00,1.00
2016.09.28 12:55:09.290,8.57369,8.57539,1.00,1.00
2016.09.28 12:55:09.703,8.57369,8.5753,1.00,1.00
2016.09.28 12:55:09.855,8.57355,8.5753,1.00,1.00
2016.09.28 12:55:09.906,8.5735,8.57504,1.00,1.00
2016.09.28 12:55:10.169,8.5735,8.5751,1.00,1.00
2016.09.28 12:55:10.597,8.57362,8.57537,1.00,1.00
2016.09.28 12:55:10.800,8.57362,8.57537,1.00,1.00
2016.09.28 12:55:10.902,8.5735,8.57517,1.00,1.00
2016.09.28 12:55:10.965,8.5735,8.57517,1.00,1.00
2016.09.28 12:55:11.304,8.5735,8.57517,1.00,1.00
2016.09.28 12:55:11.517,8.5735,8.57517,1.00,1.60
2016.09.28 12:55:11.568,8.5735,8.57517,1.00,1.60
2016.09.28 12:55:11.669,8.573,8.57471,1.00,1.00
2016.09.28 12:55:11.720,8.57296,8.57471,1.00,1.00
2016.09.28 12:55:11.771,8.57276,8.57452,1.00,1.00
2016.09.28 12:55:11.872,8.57296,8.57471,1.37,1.00
2016.09.28 12:55:12.175,8.57315,8.57476,1.00,1.00
2016.09.28 12:55:12.339,8.57319,8.57476,1.00,1.00
2016.09.28 12:55:12.390,8.57319,8.57476,1.00,1.00
2016.09.28 12:55:12.706,8.57293,8.57454,1.37,1.00
2016.09.28 12:55:12.840,8.57279,8.57454,1.37,1.00
2016.09.28 12:55:12.890,8.57279,8.57454,1.37,1.00
2016.09.28 12:55:13.013,8.57287,8.57463,1.37,1.00
2016.09.28 12:55:13.065,8.57279,8.57454,1.37,1.00
2016.09.28 12:55:13.219,8.57279,8.57454,1.37,1.00
2016.09.28 12:55:13.422,8.57279,8.57454,1.37,1.00
2016.09.28 12:55:13.706,8.57286,8.57462,1.37,1.00
2016.09.28 12:55:13.808,8.57286,8.57462,1.37,1.00
2016.09.28 12:55:13.909,8.57286,8.57462,1.37,1.00
2016.09.28 12:55:14.677,8.57307,8.57476,1.00,1.00
2016.09.28 12:55:14.728,8.57307,8.57483,1.00,1.00
2016.09.28 12:55:14.779,8.57316,8.57491,1.00,1.00
2016.09.28 12:55:14.880,8.57316,8.57491,1.00,1.00
2016.09.28 12:55:15.278,8.57308,8.57481,1.00,1.00
2016.09.28 12:55:15.695,8.57308,8.57481,1.37,1.00
2016.09.28 12:55:15.746,8.57323,8.57481,1.00,1.00
2016.09.28 12:55:15.797,8.57323,8.57481,1.00,1.00
2016.09.28 12:55:16.109,8.57336,8.57504,1.00,1.00
2016.09.28 12:55:16.204,8.57349,8.57504,1.00,1.00
2016.09.28 12:55:16.512,8.57349,8.57524,1.00,1.00
2016.09.28 12:55:16.954,8.57349,8.57524,1.00,1.00
2016.09.28 12:55:17.005,8.57326,8.57496,1.00,1.00
2016.09.28 12:55:17.323,8.57326,8.57485,1.00,1.00
2016.09.28 12:55:18.217,8.57326,8.5747,1.00,1.00
2016.09.28 12:55:18.268,8.57297,8.5747,1.37,1.00
2016.09.28 12:55:18.414,8.57307,8.57466,1.00,1.00
2016.09.28 12:55:19.216,8.57314,8.57466,1.00,1.00
2016.09.28 12:55:19.318,8.57335,8.57489,1.00,1.00
2016.09.28 12:55:19.477,8.57335,8.57504,1.50,1.00
2016.09.28 12:55:19.528,8.57335,8.57504,1.50,1.00
2016.09.28 12:55:20.309,8.57335,8.57504,1.50,1.60
2016.09.28 12:55:20.360,8.57335,8.57504,1.00,1.60
2016.09.28 12:55:20.411,8.57316,8.57477,1.00,1.00
2016.09.28 12:55:20.461,8.57301,8.57477,1.00,1.00
2016.09.28 12:55:20.512,8.57297,8.57471,1.00,1.00
2016.09.28 12:55:20.916,8.57295,8.57466,1.00,1.00
2016.09.28 12:55:21.233,8.5728,8.57455,1.00,1.00
2016.09.28 12:55:21.285,8.5728,8.57455,1.37,1.00
2016.09.28 12:55:21.386,8.57312,8.57466,1.00,1.00
2016.09.28 12:55:21.538,8.57312,8.57488,1.00,1.00
2016.09.28 12:55:21.589,8.57332,8.57503,1.00,1.00
2016.09.28 12:55:21.640,8.57332,8.57503,1.00,1.00
2016.09.28 12:55:21.691,8.57346,8.57503,1.00,1.00
2016.09.28 12:55:21.799,8.57362,8.57503,1.00,1.00
2016.09.28 12:55:21.850,8.57362,8.57532,1.00,1.00
2016.09.28 12:55:21.902,8.57362,8.57532,1.00,1.00
2016.09.28 12:55:22.003,8.57362,8.57532,1.00,1.00
2016.09.28 12:55:22.308,8.57371,8.57532,1.00,1.00
2016.09.28 12:55:22.409,8.57348,8.57532,1.00,1.00
2016.09.28 12:55:22.551,8.57348,8.57532,1.00,1.00
2016.09.28 12:55:22.602,8.57356,8.57532,1.00,1.00
2016.09.28 12:55:22.756,8.5737,8.57562,1.00,1.00
2016.09.28 12:55:23.296,8.5737,8.57559,1.00,1.00
2016.09.28 12:55:24.025,8.5737,8.57532,1.00,1.00
2016.09.28 12:55:24.238,8.5735,8.57532,1.00,1.00
2016.09.28 12:55:24.390,8.57339,8.57532,1.00,1.00
2016.09.28 12:55:24.528,8.57347,8.57532,1.00,1.00
2016.09.28 12:55:24.585,8.5734,8.57532,1.00,1.00
2016.09.28 12:55:24.905,8.57338,8.57532,1.00,1.00
2016.09.28 12:55:24.956,8.57338,8.57532,1.00,1.00
2016.09.28 12:55:25.007,8.57331,8.57526,1.00,1.00
2016.09.28 12:55:25.058,8.57325,8.57526,1.00,1.00
2016.09.28 12:55:25.109,8.57325,8.57514,1.00,1.00
2016.09.28 12:55:25.160,8.57312,8.57502,1.00,1.00
2016.09.28 12:55:25.211,8.57305,8.575,1.00,1.00
2016.09.28 12:55:25.262,8.57297,8.575,1.00,1.00
2016.09.28 12:55:25.313,8.57297,8.575,1.00,1.00
2016.09.28 12:55:25.516,8.57313,8.57502,1.00,1.00
2016.09.28 12:55:25.809,8.57313,8.57502,1.00,1.00
2016.09.28 12:55:25.920,8.57345,8.57502,1.00,1.00
2016.09.28 12:55:26.022,8.57345,8.57502,1.00,1.00
2016.09.28 12:55:26.132,8.57345,8.57502,1.00,1.00
2016.09.28 12:55:26.330,8.57333,8.57502,1.00,1.00
2016.09.28 12:55:26.432,8.57333,8.57502,1.00,1.00
2016.09.28 12:55:26.534,8.57324,8.57502,1.00,1.00
2016.09.28 12:55:26.687,8.57324,8.57502,1.00,1.00
2016.09.28 12:55:26.896,8.57318,8.57502,1.37,1.00
2016.09.28 12:55:27.291,8.5731,8.575,1.37,1.00
2016.09.28 12:55:27.648,8.5731,8.575,1.00,1.00
2016.09.28 12:55:27.985,8.5731,8.575,1.00,1.00
2016.09.28 12:55:28.037,8.5734,8.57502,1.00,1.00
2016.09.28 12:55:28.139,8.57349,8.57502,1.00,1.00
2016.09.28 12:55:28.241,8.57349,8.57522,1.00,1.00
2016.09.28 12:55:28.292,8.57349,8.57534,1.00,1.00
2016.09.28 12:55:29.028,8.57345,8.57534,1.00,1.00
2016.09.28 12:55:29.098,8.5734,8.5753,1.00,1.00
2016.09.28 12:55:29.958,8.5734,8.5753,1.00,1.00
2016.09.28 12:55:30.009,8.57352,8.57534,1.00,1.00
2016.09.28 12:55:30.704,8.57363,8.57534,1.00,1.00
2016.09.28 12:55:32.724,8.57364,8.57534,1.00,1.00
2016.09.28 12:55:33.539,8.57364,8.57534,1.00,1.00
2016.09.28 12:55:34.406,8.57362,8.57534,1.00,1.00
2016.09.28 12:55:34.706,8.57377,8.57534,1.00,1.00
2016.09.28 12:55:34.757,8.57387,8.57534,1.00,1.00
2016.09.28 12:55:35.063,8.57398,8.57537,1.00,1.00
2016.09.28 12:55:35.114,8.57398,8.57547,1.00,1.00
2016.09.28 12:55:35.215,8.57384,8.57547,1.00,1.00
2016.09.28 12:55:35.423,8.57374,8.57547,1.00,1.50
2016.09.28 12:55:35.473,8.57374,8.57547,1.00,1.50
2016.09.28 12:55:35.524,8.57375,8.57533,1.00,1.00
2016.09.28 12:55:37.210,8.57371,8.57531,1.00,1.00
2016.09.28 12:55:39.444,8.57361,8.57521,1.00,1.00
2016.09.28 12:55:41.325,8.57368,8.57525,1.00,1.00
2016.09.28 12:55:42.057,8.57358,8.57518,1.00,1.00
2016.09.28 12:55:42.819,8.57354,8.57512,1.00,1.00
2016.09.28 12:55:43.058,8.57358,8.57518,1.00,1.00
2016.09.28 12:55:44.823,8.57353,8.57513,1.00,1.00
2016.09.28 12:55:45.361,8.57358,8.57518,1.00,1.00
2016.09.28 12:55:45.867,8.57354,8.57514,1.00,1.00
2016.09.28 12:55:46.386,8.5736,8.5752,1.00,1.00
2016.09.28 12:55:46.926,8.57363,8.57523,1.00,1.00
2016.09.28 12:55:47.529,8.57361,8.57526,1.00,1.50
2016.09.28 12:55:47.580,8.57361,8.57526,1.00,1.00
2016.09.28 12:55:47.661,8.57369,8.57526,1.37,1.00
2016.09.28 12:55:47.712,8.57412,8.5757,1.00,1.00
2016.09.28 12:55:47.814,8.57412,8.5757,1.00,1.00
2016.09.28 12:55:47.864,8.57419,8.57577,1.00,1.00
2016.09.28 12:55:47.915,8.57419,8.57577,1.00,1.00
2016.09.28 12:55:47.966,8.57417,8.57577,1.00,1.00
2016.09.28 12:55:48.017,8.57417,8.57577,1.00,1.00
2016.09.28 12:55:48.317,8.57418,8.57577,1.00,1.00
2016.09.28 12:55:48.420,8.57425,8.57577,1.00,1.00
2016.09.28 12:55:48.471,8.57439,8.57577,1.00,1.00
2016.09.28 12:55:49.135,8.57425,8.57577,1.00,1.00
2016.09.28 12:55:49.366,8.57431,8.57577,1.00,1.00
2016.09.28 12:55:49.668,8.57443,8.57577,1.00,1.00
2016.09.28 12:55:50.634,8.57444,8.57577,1.00,1.00
2016.09.28 12:55:51.535,8.5744,8.57577,1.00,1.00
2016.09.28 12:55:52.136,8.57436,8.57577,1.00,1.00
2016.09.28 12:55:52.238,8.57443,8.57577,1.00,1.00
2016.09.28 12:55:52.369,8.57435,8.57577,1.00,1.00
2016.09.28 12:55:52.738,8.57443,8.57577,1.00,1.00
2016.09.28 12:55:54.740,8.57446,8.57577,1.00,1.00
2016.09.28 12:55:56.568,8.57452,8.57577,1.00,1.00
2016.09.28 12:55:56.894,8.57452,8.57577,1.00,1.00
2016.09.28 12:55:56.945,8.57402,8.57538,1.37,1.00
2016.09.28 12:55:56.996,8.57402,8.57538,1.37,1.00
2016.09.28 12:55:57.047,8.57389,8.57526,1.37,1.00
2016.09.28 12:55:57.098,8.57389,8.57526,1.37,1.00
2016.09.28 12:55:57.149,8.57388,8.57546,1.37,1.00
2016.09.28 12:55:57.200,8.57388,8.57546,1.37,1.00
2016.09.28 12:55:57.402,8.57387,8.57547,1.37,1.00
2016.09.28 12:55:57.898,8.57387,8.57547,1.37,1.00
2016.09.28 12:55:57.999,8.57387,8.57547,1.37,1.00
2016.09.28 12:55:58.151,8.574,8.57558,1.37,1.00
2016.09.28 12:55:58.447,8.5737,8.5753,1.50,1.00
2016.09.28 12:55:58.551,8.5737,8.5753,1.37,1.00
2016.09.28 12:55:58.617,8.5737,8.5753,1.37,1.00
2016.09.28 12:55:59.187,8.57382,8.5753,1.37,1.00
2016.09.28 12:55:59.619,8.57382,8.57524,1.37,1.00
2016.09.28 12:55:59.670,8.57364,8.57524,1.37,1.00
2016.09.28 12:56:00.591,8.57363,8.57515,1.37,1.00
2016.09.28 12:56:01.174,8.57363,8.57519,1.37,1.00
2016.09.28 12:56:01.927,8.57363,8.57519,1.37,1.00
2016.09.28 12:56:01.978,8.57384,8.57544,1.37,1.00
2016.09.28 12:56:02.079,8.574,8.57558,1.00,1.00
2016.09.28 12:56:02.344,8.57402,8.57577,1.00,1.00
2016.09.28 12:56:02.396,8.57419,8.57588,1.00,1.00
2016.09.28 12:56:02.447,8.57419,8.57588,1.00,1.00
2016.09.28 12:56:03.755,8.57414,8.57588,1.00,1.00
2016.09.28 12:56:03.891,8.57408,8.57582,1.00,1.00
2016.09.28 12:56:03.942,8.57408,8.57582,1.00,1.00
2016.09.28 12:56:03.993,8.57403,8.57577,1.00,1.00
2016.09.28 12:56:04.044,8.57403,8.57577,1.00,1.00
2016.09.28 12:56:04.095,8.57381,8.57553,1.37,1.00
2016.09.28 12:56:04.197,8.57381,8.57553,1.00,1.00
2016.09.28 12:56:04.781,8.57394,8.57552,1.00,1.00
2016.09.28 12:56:05.165,8.57385,8.57545,1.00,1.00
2016.09.28 12:56:05.318,8.57385,8.57545,1.00,1.00
2016.09.28 12:56:05.368,8.57383,8.57557,1.00,1.00
2016.09.28 12:56:05.658,8.57394,8.57554,1.00,1.00
2016.09.28 12:56:06.173,8.57377,8.57557,1.00,1.00
2016.09.28 12:56:06.223,8.57377,8.57557,1.00,1.00
2016.09.28 12:56:06.274,8.57368,8.57552,1.00,1.00
2016.09.28 12:56:06.376,8.57359,8.57542,1.00,1.00
2016.09.28 12:56:06.477,8.57376,8.57557,1.00,1.00
2016.09.28 12:56:06.629,8.57376,8.57557,1.00,1.00
2016.09.28 12:56:06.680,8.57393,8.57551,1.00,1.00
2016.09.28 12:56:06.807,8.5738,8.57557,1.00,1.00
2016.09.28 12:56:07.277,8.57394,8.57554,1.00,1.00
2016.09.28 12:56:07.688,8.57376,8.57533,1.00,1.00
2016.09.28 12:56:07.739,8.57373,8.57533,1.00,1.00
2016.09.28 12:56:07.841,8.57371,8.57531,1.00,1.00
2016.09.28 12:56:07.892,8.57384,8.57544,1.00,1.00
2016.09.28 12:56:08.227,8.57383,8.57542,1.00,1.00
2016.09.28 12:56:08.686,8.57373,8.57533,1.00,1.00
2016.09.28 12:56:09.572,8.57369,8.57529,1.00,1.00
2016.09.28 12:56:09.673,8.57365,8.57524,1.00,1.00
2016.09.28 12:56:10.467,8.57358,8.57524,1.00,1.00
2016.09.28 12:56:10.568,8.57366,8.57524,1.00,1.00
2016.09.28 12:56:10.767,8.57358,8.57524,1.00,1.00
2016.09.28 12:56:11.969,8.57375,8.57524,1.00,1.00
2016.09.28 12:56:12.275,8.57394,8.57537,1.00,1.00
2016.09.28 12:56:13.071,8.57391,8.57537,1.00,1.00
2016.09.28 12:56:14.273,8.57394,8.57537,1.00,1.00
2016.09.28 12:56:15.307,8.57402,8.57537,1.00,1.00
2016.09.28 12:56:15.818,8.57407,8.57537,1.00,1.00
2016.09.28 12:56:16.275,8.57404,8.57537,1.00,1.00
2016.09.28 12:56:17.277,8.57402,8.57537,1.00,1.00
2016.09.28 12:56:18.278,8.57403,8.57537,1.00,1.00
2016.09.28 12:56:19.320,8.57407,8.57537,1.00,1.00
2016.09.28 12:56:20.501,8.57404,8.57537,1.00,1.00
2016.09.28 12:56:20.605,8.57404,8.57547,1.00,1.00
2016.09.28 12:56:23.187,8.57401,8.57547,1.00,1.00
2016.09.28 12:56:23.390,8.57404,8.57547,1.00,1.00
2016.09.28 12:56:24.715,8.57403,8.57547,1.00,1.00
2016.09.28 12:56:24.788,8.57398,8.57547,1.00,1.00
2016.09.28 12:56:25.790,8.574,8.57547,1.00,1.00
2016.09.28 12:56:28.694,8.57396,8.57547,1.00,1.00
2016.09.28 12:56:31.095,8.57396,8.57547,1.00,1.00
2016.09.28 12:56:31.145,8.57415,8.57547,1.00,1.00
2016.09.28 12:56:31.611,8.57361,8.5751,1.00,1.00
2016.09.28 12:56:31.662,8.57354,8.5751,1.00,1.00
2016.09.28 12:56:31.790,8.5735,8.5751,1.00,1.00
2016.09.28 12:56:31.892,8.5735,8.5751,1.00,1.00
2016.09.28 12:56:31.943,8.57353,8.57514,1.00,1.00
2016.09.28 12:56:32.524,8.57359,8.57514,1.00,1.00
2016.09.28 12:56:32.674,8.57359,8.57514,1.00,1.00
2016.09.28 12:56:32.902,8.57359,8.57514,1.00,1.00
2016.09.28 12:56:33.232,8.57364,8.57514,1.00,1.00
2016.09.28 12:56:33.283,8.57364,8.57514,1.00,1.00
2016.09.28 12:56:33.334,8.57351,8.57514,1.00,1.00
2016.09.28 12:56:33.512,8.57339,8.57503,1.00,1.00
2016.09.28 12:56:33.845,8.57327,8.57491,1.37,1.00
2016.09.28 12:56:34.522,8.57333,8.57497,1.00,1.00
2016.09.28 12:56:35.812,8.5734,8.57504,1.00,1.00
2016.09.28 12:56:39.311,8.57336,8.57497,1.00,1.00
2016.09.28 12:56:39.413,8.57339,8.57503,1.00,1.00
2016.09.28 12:56:40.218,8.57331,8.57495,1.00,1.00
2016.09.28 12:56:40.781,8.57336,8.575,1.00,1.00
2016.09.28 12:56:41.943,8.57324,8.57506,1.00,1.00
2016.09.28 12:56:42.722,8.57328,8.57506,1.00,1.00
2016.09.28 12:56:46.310,8.57328,8.57512,1.00,1.00
2016.09.28 12:56:46.361,8.57346,8.57514,1.00,1.00
2016.09.28 12:56:46.681,8.57356,8.57514,1.00,1.00
2016.09.28 12:56:46.732,8.57345,8.57514,1.00,1.00
2016.09.28 12:56:46.783,8.57345,8.57529,1.00,1.00
2016.09.28 12:56:46.833,8.57336,8.5752,1.00,1.00
2016.09.28 12:56:47.251,8.5735,8.57529,1.00,1.00
2016.09.28 12:56:47.454,8.57361,8.57524,1.00,1.00
2016.09.28 12:56:47.749,8.57351,8.57529,1.00,1.00
2016.09.28 12:56:48.566,8.57361,8.57529,1.00,1.00
2016.09.28 12:56:49.135,8.57372,8.57529,1.00,1.00
2016.09.28 12:56:49.287,8.57372,8.57536,1.00,1.00
2016.09.28 12:56:49.439,8.57383,8.57547,1.00,1.00
2016.09.28 12:56:49.541,8.57396,8.57559,1.00,1.00
2016.09.28 12:56:49.633,8.57396,8.57559,1.00,1.00
2016.09.28 12:56:49.683,8.57388,8.57559,1.00,1.00
2016.09.28 12:56:51.135,8.57386,8.57559,1.00,1.00
2016.09.28 12:56:51.436,8.57394,8.57558,1.00,1.00
2016.09.28 12:56:52.036,8.57385,8.57559,1.00,1.00
2016.09.28 12:56:53.187,8.57392,8.57558,1.00,1.00
2016.09.28 12:56:53.357,8.57375,8.57541,1.00,1.00
2016.09.28 12:56:53.662,8.57368,8.57534,1.00,1.00
2016.09.28 12:56:54.442,8.57369,8.57535,1.00,1.00
2016.09.28 12:56:55.078,8.5736,8.57545,1.00,1.00
2016.09.28 12:56:55.443,8.57365,8.5755,1.00,1.00
2016.09.28 12:56:55.548,8.57365,8.5755,1.00,1.00
2016.09.28 12:56:56.043,8.57374,8.57539,1.00,1.00
2016.09.28 12:56:56.650,8.57374,8.57539,1.00,1.00
2016.09.28 12:56:57.551,8.57374,8.57539,1.00,1.00
2016.09.28 12:56:59.386,8.57386,8.57552,1.00,1.00
2016.09.28 12:57:00.351,8.57385,8.57551,1.00,1.00
2016.09.28 12:57:00.453,8.57375,8.57541,1.00,1.00
2016.09.28 12:57:01.169,8.57368,8.57534,1.00,1.00
2016.09.28 12:57:01.491,8.57373,8.57539,1.00,1.00
2016.09.28 12:57:01.953,8.57369,8.57533,1.00,1.00
2016.09.28 12:57:02.368,8.57358,8.57522,1.00,1.00
2016.09.28 12:57:02.744,8.57349,8.57513,1.00,1.00
2016.09.28 12:57:03.469,8.57347,8.57513,1.00,1.00
2016.09.28 12:57:04.283,8.57336,8.575,1.00,1.00
2016.09.28 12:57:04.334,8.57334,8.575,1.00,1.00
2016.09.28 12:57:04.384,8.57334,8.575,1.00,1.00
2016.09.28 12:57:04.974,8.57336,8.57502,1.00,1.00
2016.09.28 12:57:05.620,8.57336,8.57502,1.00,1.00
2016.09.28 12:57:06.000,8.57334,8.57497,1.00,1.00
2016.09.28 12:57:06.350,8.57334,8.57495,1.00,1.00
2016.09.28 12:57:06.401,8.57329,8.57495,1.00,1.50
2016.09.28 12:57:07.084,8.57322,8.57488,1.00,1.00
2016.09.28 12:57:07.409,8.57318,8.57484,1.00,1.00
2016.09.28 12:57:09.666,8.57325,8.57491,1.00,1.00
2016.09.28 12:57:10.010,8.57334,8.57495,1.00,1.00
2016.09.28 12:57:10.771,8.57324,8.57488,1.00,1.00
2016.09.28 12:57:11.483,8.57334,8.57495,1.00,1.00
2016.09.28 12:57:12.069,8.57323,8.57489,1.00,1.00
2016.09.28 12:57:13.171,8.57327,8.57493,1.00,1.00
2016.09.28 12:57:13.483,8.573,8.57466,1.37,1.00
2016.09.28 12:57:13.585,8.57317,8.57483,1.00,1.00
2016.09.28 12:57:13.789,8.57329,8.57494,1.00,1.00
2016.09.28 12:57:14.598,8.57333,8.57495,1.00,1.00
2016.09.28 12:57:14.794,8.57329,8.57494,1.00,1.00
2016.09.28 12:57:14.874,8.57321,8.57487,1.00,1.00
2016.09.28 12:57:15.079,8.5733,8.57493,1.00,1.00
2016.09.28 12:57:15.180,8.57319,8.57485,1.00,1.00
2016.09.28 12:57:15.790,8.57327,8.57493,1.00,1.00
2016.09.28 12:57:16.206,8.57315,8.5748,1.00,1.00
2016.09.28 12:57:16.806,8.5731,8.57476,1.00,1.00
2016.09.28 12:57:17.654,8.5731,8.57476,1.00,1.00
2016.09.28 12:57:17.704,8.57304,8.5747,1.37,1.00
2016.09.28 12:57:17.755,8.57304,8.5747,1.37,1.00
2016.09.28 12:57:17.806,8.57314,8.5748,1.00,1.00
2016.09.28 12:57:17.901,8.57326,8.57492,1.00,1.00
2016.09.28 12:57:17.951,8.57326,8.57492,1.00,1.00
2016.09.28 12:57:18.725,8.57334,8.57495,1.00,1.00
2016.09.28 12:57:19.045,8.57339,8.57495,1.00,1.00
2016.09.28 12:57:19.504,8.57318,8.57484,1.00,1.00
2016.09.28 12:57:20.006,8.5733,8.57495,1.00,1.00
2016.09.28 12:57:20.311,8.57338,8.57495,1.00,1.00
2016.09.28 12:57:20.362,8.57338,8.57524,1.00,1.00
2016.09.28 12:57:21.114,8.57341,8.57524,1.00,1.00
2016.09.28 12:57:21.681,8.57341,8.57514,1.00,1.00
2016.09.28 12:57:22.393,8.57346,8.57512,1.00,1.00
2016.09.28 12:57:23.113,8.57348,8.57512,1.00,1.00
2016.09.28 12:57:23.891,8.57342,8.57504,1.00,1.00
2016.09.28 12:57:24.222,8.57348,8.57512,1.00,1.00
2016.09.28 12:57:25.194,8.5735,8.57514,1.00,1.00
2016.09.28 12:57:25.513,8.5734,8.57504,1.00,1.00
2016.09.28 12:57:27.148,8.57336,8.575,1.00,1.00
2016.09.28 12:57:27.825,8.57317,8.57501,1.50,1.00
2016.09.28 12:57:28.018,8.57317,8.5746,1.00,1.00
2016.09.28 12:57:28.069,8.57296,8.5746,1.00,1.00
2016.09.28 12:57:30.106,8.57292,8.57456,1.00,1.00
2016.09.28 12:57:30.526,8.57297,8.57459,1.00,1.00
2016.09.28 12:57:30.708,8.5729,8.57454,1.00,1.00
2016.09.28 12:57:30.929,8.57286,8.57444,1.00,1.00
2016.09.28 12:57:30.981,8.57286,8.57444,1.00,1.00
2016.09.28 12:57:31.082,8.57286,8.57444,1.00,1.00
2016.09.28 12:57:31.912,8.57286,8.57439,1.00,1.00
2016.09.28 12:57:35.985,8.57286,8.57439,1.00,1.00
2016.09.28 12:57:36.220,8.57286,8.57443,1.00,1.00
2016.09.28 12:57:38.064,8.57286,8.57443,1.00,1.00
2016.09.28 12:57:38.125,8.57294,8.57456,1.00,1.00
2016.09.28 12:57:38.176,8.57294,8.57456,1.00,1.00
2016.09.28 12:57:38.317,8.57294,8.57484,1.00,1.00
2016.09.28 12:57:38.368,8.57294,8.5749,1.00,1.00
2016.09.28 12:57:38.866,8.57294,8.5749,1.00,1.00
2016.09.28 12:57:39.266,8.57294,8.5749,1.00,1.00
2016.09.28 12:57:39.768,8.57294,8.5749,1.00,1.00
2016.09.28 12:57:40.005,8.57295,8.57491,1.00,1.00
2016.09.28 12:57:40.055,8.57321,8.57493,1.00,1.00
2016.09.28 12:57:40.106,8.57321,8.57493,1.00,1.00
2016.09.28 12:57:40.208,8.57321,8.57493,1.00,1.00
2016.09.28 12:57:40.309,8.57321,8.57493,1.00,1.00
2016.09.28 12:57:40.411,8.57321,8.57493,1.00,1.00
2016.09.28 12:57:40.806,8.57321,8.57493,1.00,1.00
2016.09.28 12:57:41.071,8.57321,8.57493,1.00,1.00
2016.09.28 12:57:41.173,8.57321,8.57493,1.00,1.00
2016.09.28 12:57:41.937,8.57319,8.57493,1.00,1.00
2016.09.28 12:57:42.646,8.57351,8.57523,1.00,1.00
2016.09.28 12:57:43.076,8.57351,8.57523,1.00,1.00
2016.09.28 12:57:43.357,8.57341,8.57523,1.00,1.00
2016.09.28 12:57:43.507,8.5733,8.57523,1.00,1.00
2016.09.28 12:57:43.823,8.5733,8.57523,1.00,1.00
2016.09.28 12:57:44.016,8.5733,8.57523,1.00,1.00
2016.09.28 12:57:44.078,8.5733,8.57523,1.00,1.00
2016.09.28 12:57:44.258,8.5732,8.57517,1.00,1.00
2016.09.28 12:57:45.186,8.57318,8.57513,1.00,1.00
2016.09.28 12:57:45.321,8.57318,8.57513,1.00,1.00
2016.09.28 12:57:45.372,8.57323,8.5752,1.00,1.00
2016.09.28 12:57:45.583,8.57323,8.5752,1.00,1.00
2016.09.28 12:57:46.854,8.57318,8.57507,1.00,1.00
2016.09.28 12:57:47.087,8.57318,8.57485,1.00,1.00
2016.09.28 12:57:47.138,8.57318,8.57485,1.00,1.00
2016.09.28 12:57:47.239,8.57295,8.57485,1.00,1.00
2016.09.28 12:57:47.290,8.57295,8.57485,1.00,1.00
2016.09.28 12:57:47.428,8.57295,8.57485,1.00,1.00
2016.09.28 12:57:47.788,8.57295,8.57485,1.00,1.00
2016.09.28 12:57:47.888,8.57295,8.57485,1.00,1.00
2016.09.28 12:57:48.047,8.57291,8.57481,1.00,1.00
2016.09.28 12:57:48.693,8.57291,8.57481,1.00,1.00
2016.09.28 12:57:48.792,8.57291,8.57481,1.00,1.00
2016.09.28 12:57:49.319,8.5729,8.5748,1.00,1.00
2016.09.28 12:57:50.540,8.5729,8.5748,1.00,1.00
2016.09.28 12:57:50.969,8.57287,8.57476,1.00,1.00
2016.09.28 12:57:51.019,8.57287,8.57476,1.00,1.00
2016.09.28 12:57:51.788,8.57291,8.57481,1.00,1.00
2016.09.28 12:57:51.890,8.57312,8.57494,1.00,1.00
2016.09.28 12:57:51.940,8.57312,8.57494,1.00,1.00
2016.09.28 12:57:51.991,8.57321,8.57494,1.00,1.00
2016.09.28 12:57:52.042,8.57321,8.57494,1.00,1.00
2016.09.28 12:57:52.144,8.57321,8.57494,1.00,1.00
2016.09.28 12:57:52.416,8.57303,8.57493,1.00,1.00
2016.09.28 12:57:52.467,8.57297,8.57482,1.00,1.00
2016.09.28 12:57:52.519,8.57297,8.57482,1.00,1.00
2016.09.28 12:57:52.621,8.57297,8.57482,1.00,1.00
2016.09.28 12:57:53.228,8.57292,8.57482,1.00,1.00
2016.09.28 12:57:53.392,8.57287,8.57477,1.50,1.00
2016.09.28 12:57:54.218,8.57288,8.57478,1.00,1.00
2016.09.28 12:57:55.020,8.57292,8.57472,1.00,1.00
2016.09.28 12:57:55.421,8.57294,8.57472,1.00,1.00
2016.09.28 12:57:55.538,8.57294,8.57472,1.00,1.00
2016.09.28 12:57:55.590,8.57327,8.57494,1.00,1.00
2016.09.28 12:57:55.692,8.57313,8.57492,1.00,1.00
2016.09.28 12:57:55.795,8.57293,8.57457,1.00,1.00
2016.09.28 12:57:55.948,8.57293,8.57457,1.00,1.00
2016.09.28 12:57:55.999,8.57287,8.57439,1.00,1.00
2016.09.28 12:57:56.050,8.57277,8.57439,1.00,1.00
2016.09.28 12:57:56.699,8.57283,8.57445,1.00,1.00
2016.09.28 12:57:57.105,8.57293,8.57455,1.00,1.00
2016.09.28 12:57:57.206,8.57302,8.57462,1.00,1.00
2016.09.28 12:57:57.727,8.57295,8.57457,1.00,1.00
2016.09.28 12:57:58.523,8.5732,8.57465,1.00,1.00
2016.09.28 12:57:58.574,8.5732,8.57482,1.00,1.00
2016.09.28 12:57:58.688,8.57313,8.57475,1.00,1.00
2016.09.28 12:57:59.046,8.57303,8.57465,1.00,1.00
2016.09.28 12:57:59.737,8.5731,8.57472,1.00,1.00
2016.09.28 12:58:01.334,8.57288,8.5746,1.00,1.00
2016.09.28 12:58:01.510,8.57288,8.5745,1.50,1.00
2016.09.28 12:58:01.561,8.57288,8.5745,1.00,1.00
2016.09.28 12:58:02.333,8.57283,8.57445,1.00,1.00
2016.09.28 12:58:02.833,8.57283,8.57445,1.00,1.00
2016.09.28 12:58:03.301,8.57285,8.57443,1.00,1.00
2016.09.28 12:58:05.841,8.57285,8.57443,1.00,1.00
2016.09.28 12:58:06.348,8.57274,8.57434,1.00,1.00
2016.09.28 12:58:06.735,8.57286,8.57458,1.00,1.00
2016.09.28 12:58:07.239,8.57275,8.57458,1.00,1.00
2016.09.28 12:58:07.708,8.57279,8.57458,1.00,1.00
2016.09.28 12:58:08.035,8.57288,8.57458,1.00,1.00
2016.09.28 12:58:08.424,8.57298,8.57458,1.00,1.00
2016.09.28 12:58:08.710,8.57291,8.57458,1.00,1.00
2016.09.28 12:58:10.017,8.57304,8.57458,1.00,1.00
2016.09.28 12:58:10.347,8.57311,8.57458,1.00,1.00
2016.09.28 12:58:10.597,8.57303,8.57458,1.00,1.00
2016.09.28 12:58:10.649,8.5729,8.57458,1.00,1.00
2016.09.28 12:58:11.397,8.57296,8.57458,1.00,1.00
2016.09.28 12:58:14.358,8.57296,8.57456,1.00,1.00
2016.09.28 12:58:15.820,8.57291,8.57451,1.00,1.00
2016.09.28 12:58:15.870,8.57291,8.57451,1.00,1.00
2016.09.28 12:58:16.138,8.5728,8.57458,1.00,1.00
2016.09.28 12:58:16.240,8.5727,8.57451,1.00,1.00
2016.09.28 12:58:16.518,8.5727,8.57451,1.00,1.00
2016.09.28 12:58:16.569,8.57295,8.57448,1.00,1.00
2016.09.28 12:58:16.725,8.57336,8.57468,1.00,1.50
2016.09.28 12:58:16.776,8.57336,8.57477,1.00,1.00
2016.09.28 12:58:16.827,8.57292,8.57477,1.00,1.00
2016.09.28 12:58:16.929,8.57292,8.57469,1.00,1.00
2016.09.28 12:58:17.133,8.57328,8.57477,1.00,1.00
2016.09.28 12:58:17.237,8.57328,8.57477,1.00,1.00
2016.09.28 12:58:17.440,8.57293,8.57473,1.00,1.00
2016.09.28 12:58:17.765,8.57284,8.57462,1.00,1.00
2016.09.28 12:58:18.172,8.57308,8.57462,1.00,1.00
2016.09.28 12:58:18.274,8.57284,8.57462,1.00,1.00
2016.09.28 12:58:22.780,8.57284,8.57462,1.00,1.00
2016.09.28 12:58:23.080,8.57284,8.57462,1.00,1.00
2016.09.28 12:58:23.239,8.57284,8.57444,1.00,1.00
2016.09.28 12:58:23.341,8.57279,8.57438,1.50,1.00
2016.09.28 12:58:23.497,8.57279,8.57438,1.50,1.00
2016.09.28 12:58:23.548,8.57279,8.57447,1.00,1.00
2016.09.28 12:58:23.613,8.57279,8.57447,1.00,1.00
2016.09.28 12:58:23.664,8.57281,8.57459,1.00,1.00
2016.09.28 12:58:23.715,8.57281,8.57459,1.00,1.00
2016.09.28 12:58:23.769,8.57281,8.57459,1.00,1.00
2016.09.28 12:58:24.171,8.57304,8.57464,1.00,1.00
2016.09.28 12:58:24.295,8.57304,8.57464,1.00,1.00
2016.09.28 12:58:24.396,8.57304,8.57464,1.00,1.00
2016.09.28 12:58:24.584,8.57304,8.57464,1.00,1.00
2016.09.28 12:58:24.689,8.573,8.5746,1.00,1.00
2016.09.28 12:58:25.086,8.573,8.5746,1.00,1.00
2016.09.28 12:58:25.486,8.57296,8.57456,1.00,1.00
2016.09.28 12:58:26.473,8.57296,8.57456,1.37,1.00
2016.09.28 12:58:26.693,8.57286,8.57476,1.75,1.00
2016.09.28 12:58:26.744,8.57286,8.57476,1.75,1.00
2016.09.28 12:58:26.888,8.57279,8.57457,1.75,1.00
2016.09.28 12:58:26.990,8.57279,8.57457,1.37,1.00
2016.09.28 12:58:27.189,8.57279,8.57457,1.37,1.00
2016.09.28 12:58:27.391,8.57279,8.57457,1.37,1.00
2016.09.28 12:58:27.842,8.57279,8.57451,1.37,1.00
2016.09.28 12:58:28.849,8.57283,8.57442,1.37,1.00
2016.09.28 12:58:28.940,8.57283,8.57442,1.37,1.00
2016.09.28 12:58:29.098,8.57293,8.57453,1.00,1.00
2016.09.28 12:58:29.402,8.573,8.57458,1.00,1.00
2016.09.28 12:58:29.543,8.573,8.57458,1.00,1.00
2016.09.28 12:58:29.598,8.57326,8.57485,1.00,1.00
2016.09.28 12:58:29.970,8.57313,8.57473,1.00,1.00
2016.09.28 12:58:30.103,8.57313,8.57473,1.00,1.00
2016.09.28 12:58:30.299,8.57313,8.57473,1.00,1.00
2016.09.28 12:58:30.400,8.57313,8.57473,1.00,1.00
2016.09.28 12:58:30.766,8.5731,8.57467,1.00,1.00
2016.09.28 12:58:31.902,8.5731,8.57467,1.00,1.00
2016.09.28 12:58:32.004,8.5731,8.57469,1.00,1.00
2016.09.28 12:58:32.136,8.5731,8.57469,1.00,1.00
2016.09.28 12:58:32.203,8.5731,8.57469,1.00,1.00
2016.09.28 12:58:32.303,8.5731,8.57469,1.00,1.00
2016.09.28 12:58:32.403,8.5731,8.57469,1.00,1.00
2016.09.28 12:58:32.702,8.5731,8.57469,1.00,1.00
2016.09.28 12:58:32.753,8.5731,8.57469,1.00,1.00
2016.09.28 12:58:33.081,8.57311,8.57471,1.00,1.00
2016.09.28 12:58:33.132,8.57311,8.57471,1.00,1.00
2016.09.28 12:58:33.205,8.57311,8.57471,1.00,1.00
2016.09.28 12:58:33.787,8.5731,8.57465,1.00,1.00
2016.09.28 12:58:34.169,8.5731,8.57455,1.00,1.00
2016.09.28 12:58:34.306,8.57295,8.57455,1.37,1.00
2016.09.28 12:58:35.711,8.57295,8.57455,1.37,1.00
2016.09.28 12:58:36.114,8.57295,8.57455,1.00,1.00
2016.09.28 12:58:36.313,8.57295,8.57455,1.00,1.00
2016.09.28 12:58:36.658,8.57294,8.57454,1.00,1.00
2016.09.28 12:58:36.720,8.57294,8.57454,1.00,1.00
2016.09.28 12:58:36.940,8.57294,8.57454,1.00,1.00
2016.09.28 12:58:37.118,8.57294,8.57454,1.00,1.00
2016.09.28 12:58:39.191,8.57299,8.57459,1.00,1.00
2016.09.28 12:58:40.071,8.57292,8.57452,1.00,1.00
2016.09.28 12:58:40.173,8.57292,8.57452,1.00,1.00
2016.09.28 12:58:40.427,8.57292,8.57452,1.00,1.00
2016.09.28 12:58:40.728,8.57292,8.57452,1.00,1.00
2016.09.28 12:58:40.779,8.57282,8.57449,1.00,1.00
2016.09.28 12:58:40.830,8.57282,8.57449,1.00,1.00
2016.09.28 12:58:40.881,8.57283,8.57442,1.00,1.00
2016.09.28 12:58:40.931,8.57283,8.57442,1.00,1.00
2016.09.28 12:58:41.459,8.57283,8.57442,1.00,1.00
2016.09.28 12:58:41.530,8.57283,8.57442,1.00,1.00
2016.09.28 12:58:41.910,8.57285,8.57442,1.00,1.00
2016.09.28 12:58:43.403,8.5728,8.57424,1.00,1.00
2016.09.28 12:58:43.620,8.57264,8.57424,1.00,1.00
2016.09.28 12:58:43.881,8.57279,8.57439,1.00,1.00
2016.09.28 12:58:44.278,8.57269,8.57429,1.00,1.00
2016.09.28 12:58:45.288,8.57268,8.57428,1.00,1.00
2016.09.28 12:58:45.339,8.57268,8.57428,1.00,1.00
2016.09.28 12:58:45.538,8.57268,8.57428,1.00,1.00
2016.09.28 12:58:45.740,8.57268,8.57428,1.00,1.00
2016.09.28 12:58:45.986,8.57268,8.57428,1.00,1.00
2016.09.28 12:58:46.039,8.57268,8.57428,1.00,1.00
2016.09.28 12:58:46.641,8.57268,8.57428,1.00,1.00
2016.09.28 12:58:46.992,8.5727,8.5743,1.00,1.00
2016.09.28 12:58:48.084,8.57271,8.57431,1.00,1.00
2016.09.28 12:58:48.347,8.57271,8.57431,1.00,1.00
2016.09.28 12:58:49.445,8.57271,8.57431,1.00,1.00
2016.09.28 12:58:50.727,8.57265,8.57425,1.00,1.00
2016.09.28 12:58:51.292,8.57254,8.57414,1.00,1.00
2016.09.28 12:58:53.405,8.57258,8.57418,1.00,1.00
2016.09.28 12:58:54.995,8.57255,8.57415,1.00,1.00
2016.09.28 12:58:55.343,8.57261,8.57421,1.00,1.00
2016.09.28 12:58:55.997,8.57265,8.57425,1.00,1.00
2016.09.28 12:58:56.906,8.57251,8.57424,1.00,1.00
2016.09.28 12:58:56.957,8.57251,8.57424,1.00,1.00
2016.09.28 12:58:57.008,8.57256,8.57416,1.00,1.00
2016.09.28 12:58:58.033,8.57259,8.57419,1.00,1.00
2016.09.28 12:58:58.101,8.57265,8.57425,1.00,1.00
2016.09.28 12:59:02.011,8.57268,8.57425,1.00,1.00
2016.09.28 12:59:02.927,8.57268,8.57425,1.00,1.00
2016.09.28 12:59:03.131,8.57264,8.57423,1.00,1.00
2016.09.28 12:59:04.143,8.57262,8.57422,1.00,1.00
2016.09.28 12:59:05.123,8.5726,8.5742,1.00,1.00
2016.09.28 12:59:06.119,8.57263,8.57421,1.00,1.00
2016.09.28 12:59:07.121,8.57264,8.57423,1.00,1.00
2016.09.28 12:59:08.942,8.57261,8.57419,1.00,1.00
2016.09.28 12:59:10.026,8.57248,8.57405,1.00,1.00
2016.09.28 12:59:10.142,8.57246,8.57405,1.00,1.00
2016.09.28 12:59:10.247,8.57238,8.57397,1.00,1.00
2016.09.28 12:59:10.852,8.57244,8.57404,1.00,1.00
2016.09.28 12:59:11.361,8.5724,8.574,1.00,1.00
2016.09.28 12:59:13.344,8.57246,8.57406,1.00,1.00
2016.09.28 12:59:13.535,8.57263,8.57423,1.00,1.00
2016.09.28 12:59:14.288,8.57263,8.57423,1.00,1.00
2016.09.28 12:59:14.433,8.57259,8.57419,1.00,1.00
2016.09.28 12:59:15.836,8.57256,8.57413,1.00,1.00
2016.09.28 12:59:17.457,8.57267,8.57427,1.00,1.00
2016.09.28 12:59:17.768,8.57263,8.57423,1.00,1.00
2016.09.28 12:59:18.465,8.57268,8.57426,1.00,1.00
2016.09.28 12:59:19.996,8.57262,8.57422,1.00,1.00
2016.09.28 12:59:20.669,8.57266,8.57426,1.00,1.00
2016.09.28 12:59:20.999,8.5726,8.5742,1.00,1.00
2016.09.28 12:59:21.521,8.5726,8.5742,1.00,1.00
2016.09.28 12:59:22.325,8.5726,8.5742,1.00,1.00
2016.09.28 12:59:22.376,8.57253,8.57423,1.00,1.00
2016.09.28 12:59:22.477,8.57261,8.57421,1.00,1.00
2016.09.28 12:59:22.753,8.57255,8.57414,1.00,1.00
2016.09.28 12:59:24.055,8.57258,8.57418,1.00,1.00
2016.09.28 12:59:24.168,8.57255,8.57414,1.00,1.00
2016.09.28 12:59:25.159,8.57253,8.57413,1.00,1.00
2016.09.28 12:59:26.281,8.57248,8.57406,1.00,1.00
2016.09.28 12:59:26.671,8.57242,8.57402,1.00,1.00
2016.09.28 12:59:26.722,8.57242,8.57402,1.00,1.00
2016.09.28 12:59:26.773,8.57233,8.57393,1.00,1.00
2016.09.28 12:59:26.979,8.57223,8.57383,1.50,1.00
2016.09.28 12:59:27.081,8.57232,8.57392,1.00,1.00
2016.09.28 12:59:28.689,8.57223,8.5738,1.00,1.00
2016.09.28 12:59:29.043,8.5722,8.5738,1.00,1.00
2016.09.28 12:59:29.529,8.57214,8.57374,1.00,1.00
2016.09.28 12:59:29.745,8.57214,8.57374,1.00,1.00
2016.09.28 12:59:30.143,8.57213,8.57373,1.00,1.00
2016.09.28 12:59:31.081,8.57204,8.57364,1.00,1.00
2016.09.28 12:59:31.404,8.5721,8.5737,1.00,1.00
2016.09.28 12:59:31.455,8.5721,8.5737,1.00,1.00
2016.09.28 12:59:31.506,8.572,8.5736,1.00,1.00
2016.09.28 12:59:32.389,8.57204,8.57364,1.00,1.00
2016.09.28 12:59:32.615,8.5721,8.5737,1.00,1.00
2016.09.28 12:59:33.596,8.57212,8.57371,1.00,1.00
2016.09.28 12:59:33.773,8.57215,8.57375,1.00,1.00
2016.09.28 12:59:34.128,8.57221,8.57381,1.00,1.00
2016.09.28 12:59:34.179,8.57213,8.57373,1.00,1.00
2016.09.28 12:59:34.894,8.57208,8.57368,1.00,1.00
2016.09.28 12:59:35.218,8.57217,8.57377,1.00,1.00
2016.09.28 12:59:35.959,8.57217,8.57377,1.00,1.00
2016.09.28 12:59:36.010,8.57205,8.57363,1.00,1.00
2016.09.28 12:59:36.112,8.57213,8.57373,1.00,1.00
2016.09.28 12:59:37.568,8.57213,8.57373,1.00,1.00
2016.09.28 12:59:38.093,8.57223,8.57383,1.00,1.00
2016.09.28 12:59:39.010,8.57223,8.57383,1.00,1.00
2016.09.28 12:59:39.572,8.57223,8.57383,1.00,1.00
2016.09.28 12:59:39.623,8.5723,8.5739,1.00,1.00
2016.09.28 12:59:40.011,8.57219,8.57379,1.00,1.00
2016.09.28 12:59:41.037,8.57214,8.57374,1.00,1.00
2016.09.28 12:59:41.445,8.5721,8.5737,1.00,1.00
2016.09.28 12:59:42.001,8.57206,8.57366,1.00,1.00
2016.09.28 12:59:42.635,8.57203,8.57366,1.00,1.00
2016.09.28 12:59:43.633,8.57203,8.57357,1.00,1.00
2016.09.28 12:59:43.684,8.57203,8.57357,1.00,1.00
2016.09.28 12:59:43.735,8.57203,8.57348,1.00,1.00
2016.09.28 12:59:43.856,8.5718,8.57348,1.00,1.00
2016.09.28 12:59:45.540,8.57176,8.57344,1.00,1.00
2016.09.28 12:59:47.144,8.57183,8.57351,1.00,1.00
2016.09.28 12:59:48.102,8.57182,8.57349,1.00,1.00
2016.09.28 12:59:48.460,8.57182,8.57349,1.00,1.00
2016.09.28 12:59:48.630,8.57176,8.57344,1.00,1.00
2016.09.28 12:59:48.681,8.57176,8.57344,1.00,1.00
2016.09.28 12:59:48.880,8.57176,8.57344,1.00,1.00
2016.09.28 12:59:49.135,8.57171,8.57339,1.00,1.00
2016.09.28 12:59:49.626,8.57164,8.57321,1.00,1.00
2016.09.28 12:59:49.806,8.57164,8.57331,1.00,1.00
2016.09.28 12:59:50.615,8.5717,8.57337,1.00,1.00
2016.09.28 12:59:50.807,8.57174,8.57342,1.00,1.00
2016.09.28 12:59:51.803,8.57174,8.57342,1.00,1.00
2016.09.28 12:59:52.149,8.5719,8.57356,1.00,1.00
2016.09.28 12:59:52.251,8.57207,8.57371,1.00,1.00
2016.09.28 12:59:52.353,8.57207,8.57371,1.00,1.00
2016.09.28 12:59:52.404,8.57207,8.57375,1.00,1.00
2016.09.28 12:59:52.546,8.57207,8.57375,1.00,1.00
2016.09.28 12:59:52.648,8.57207,8.57375,1.00,1.00
2016.09.28 12:59:52.752,8.57207,8.57375,1.00,1.00
2016.09.28 12:59:52.806,8.57207,8.57375,1.00,1.00
2016.09.28 12:59:52.933,8.57207,8.57375,1.00,1.00
2016.09.28 12:59:53.515,8.57208,8.57376,1.00,1.00
2016.09.28 12:59:53.857,8.57208,8.57376,1.00,1.00
2016.09.28 12:59:54.449,8.57208,8.57376,1.00,1.00
2016.09.28 12:59:54.558,8.57204,8.57372,1.00,1.00
2016.09.28 12:59:55.528,8.57207,8.57375,1.00,1.00
2016.09.28 12:59:56.012,8.57207,8.57375,1.00,1.00
2016.09.28 12:59:56.413,8.57207,8.57375,1.00,1.00
2016.09.28 12:59:56.655,8.57207,8.57375,1.00,1.00
2016.09.28 12:59:56.763,8.57207,8.57375,1.00,1.00
2016.09.28 12:59:57.087,8.57207,8.57375,1.00,1.00
2016.09.28 12:59:59.023,8.57207,8.57375,1.00,1.00
2016.09.28 12:59:59.120,8.57202,8.57365,1.00,1.00
2016.09.28 12:59:59.274,8.57202,8.57365,1.00,1.00
2016.09.28 12:59:59.546,8.57202,8.57377,1.00,1.00
2016.09.28 12:59:59.822,8.57202,8.57369,1.00,1.00
