2010.03.31 08:00:00.857,7.2404,7.2428,1.00,1.00
2010.03.31 08:00:07.925,7.2403,7.2424,1.00,1.00
2010.03.31 08:00:08.440,7.2404,7.2428,1.00,1.00
2010.03.31 08:00:10.141,7.2403,7.2424,1.00,1.00
2010.03.31 08:00:10.375,7.2403,7.2424,1.00,1.00
2010.03.31 08:00:13.082,7.2403,7.2423,1.00,1.00
2010.03.31 08:00:21.558,7.2403,7.2423,1.00,1.00
2010.03.31 08:00:21.692,7.2404,7.2427,1.00,1.00
2010.03.31 08:00:21.817,7.2409,7.2429,1.00,1.00
2010.03.31 08:00:23.303,7.241,7.2433,1.00,3.30
2010.03.31 08:00:23.653,7.2409,7.2429,1.00,1.00
2010.03.31 08:00:29.378,7.2409,7.2428,1.00,1.00
2010.03.31 08:00:32.550,7.241,7.2432,1.00,1.00
2010.03.31 08:00:41.440,7.2409,7.2428,1.00,1.00
2010.03.31 08:00:42.437,7.24095,7.2432,1.00,1.00
2010.03.31 08:00:47.166,7.2415,7.2433,1.00,1.00
2010.03.31 08:00:50.566,7.241,7.2428,1.00,1.00
2010.03.31 08:00:51.267,7.241,7.2432,1.00,3.30
2010.03.31 08:00:51.448,7.24085,7.2432,1.00,3.30
2010.03.31 08:00:51.908,7.24025,7.2426,1.00,3.20
2010.03.31 08:00:52.211,7.24,7.24275,1.00,4.40
2010.03.31 08:00:53.116,7.24,7.2426,1.00,1.00
2010.03.31 08:00:55.081,7.24015,7.24295,1.00,1.20
2010.03.31 08:00:55.164,7.24015,7.24285,1.00,3.20
2010.03.31 08:00:55.603,7.24015,7.2426,1.00,1.00
2010.03.31 08:00:55.961,7.24,7.2426,1.00,1.00
2010.03.31 08:00:56.645,7.2398,7.24235,1.00,3.20
2010.03.31 08:00:58.386,7.2398,7.242,1.00,1.00
2010.03.31 08:00:59.003,7.2394,7.242,1.00,1.00
2010.03.31 08:01:02.952,7.2399,7.24215,1.00,1.20
2010.03.31 08:01:03.299,7.2399,7.2425,1.00,1.00
2010.03.31 08:01:05.104,7.2402,7.2425,3.20,1.00
2010.03.31 08:01:05.443,7.2405,7.243,1.00,1.00
2010.03.31 08:01:05.644,7.24065,7.24345,1.00,1.20
2010.03.31 08:01:06.086,7.24065,7.243,1.00,1.00
2010.03.31 08:01:06.289,7.2405,7.243,1.00,1.00
2010.03.31 08:01:07.999,7.2394,7.24235,1.00,3.20
2010.03.31 08:01:08.293,7.2394,7.24225,1.00,3.20
2010.03.31 08:01:09.375,7.2396,7.24225,1.00,3.20
2010.03.31 08:01:09.609,7.2401,7.24225,1.00,3.20
2010.03.31 08:01:09.850,7.2405,7.243,1.00,1.00
2010.03.31 08:01:10.420,7.2411,7.2434,1.00,3.20
2010.03.31 08:01:10.772,7.24065,7.2434,1.00,1.00
2010.03.31 08:01:11.458,7.24065,7.2433,1.00,1.00
2010.03.31 08:01:12.023,7.24045,7.2429,3.20,1.40
2010.03.31 08:01:12.317,7.24015,7.2429,1.00,1.40
2010.03.31 08:01:13.802,7.24,7.2425,1.00,1.00
2010.03.31 08:01:14.263,7.2396,7.2424,1.00,1.40
2010.03.31 08:01:15.188,7.2395,7.242,1.00,1.00
2010.03.31 08:01:15.540,7.2401,7.2425,3.20,1.00
2010.03.31 08:01:15.892,7.24,7.2425,3.20,1.00
2010.03.31 08:01:16.556,7.24035,7.2429,3.20,1.20
2010.03.31 08:01:16.904,7.2407,7.24345,1.00,1.20
2010.03.31 08:01:17.387,7.2407,7.24335,1.00,3.20
2010.03.31 08:01:17.994,7.2402,7.2429,1.00,1.20
2010.03.31 08:01:19.025,7.2396,7.2424,1.00,1.40
2010.03.31 08:01:19.374,7.2396,7.2422,1.00,3.20
2010.03.31 08:01:19.719,7.2396,7.24235,1.00,3.20
2010.03.31 08:01:20.069,7.2396,7.2423,1.00,1.00
2010.03.31 08:01:20.458,7.2394,7.24215,1.00,4.40
2010.03.31 08:01:20.815,7.2398,7.2424,1.00,4.60
2010.03.31 08:01:21.160,7.2396,7.2418,1.00,3.20
2010.03.31 08:01:21.490,7.2393,7.2418,1.00,3.20
2010.03.31 08:01:21.661,7.2393,7.2407,1.00,3.20
2010.03.31 08:01:22.364,7.23955,7.2407,1.00,3.20
2010.03.31 08:01:22.800,7.23955,7.2408,1.00,3.20
2010.03.31 08:01:23.241,7.2393,7.2406,1.00,3.20
2010.03.31 08:01:24.065,7.23955,7.24055,1.00,3.20
2010.03.31 08:01:24.409,7.23955,7.2408,1.00,3.20
2010.03.31 08:01:24.752,7.23935,7.24065,1.00,3.20
2010.03.31 08:01:25.087,7.23935,7.24055,1.00,3.20
2010.03.31 08:01:26.211,7.2391,7.24055,1.00,3.20
2010.03.31 08:01:26.535,7.2391,7.24025,1.00,3.20
2010.03.31 08:01:26.705,7.2388,7.24015,1.00,3.20
2010.03.31 08:01:27.744,7.2388,7.24,1.00,3.20
2010.03.31 08:01:28.425,7.2388,7.24015,1.00,3.20
2010.03.31 08:01:29.749,7.23825,7.24005,1.00,3.20
2010.03.31 08:01:30.057,7.23825,7.24,1.00,3.20
2010.03.31 08:01:30.687,7.23825,7.23985,1.00,3.20
2010.03.31 08:01:31.380,7.2385,7.23985,1.00,3.20
2010.03.31 08:01:31.579,7.2385,7.23995,1.00,3.20
2010.03.31 08:01:37.577,7.239,7.2402,1.00,3.20
2010.03.31 08:01:37.641,7.239,7.2403,1.00,3.20
2010.03.31 08:01:38.213,7.239,7.2405,1.00,3.20
2010.03.31 08:01:43.083,7.239,7.24125,1.00,3.20
2010.03.31 08:01:45.886,7.2395,7.24175,1.00,3.20
2010.03.31 08:01:46.094,7.2393,7.24165,1.00,3.20
2010.03.31 08:01:48.020,7.2393,7.24155,1.00,3.20
2010.03.31 08:01:49.607,7.2391,7.24125,1.00,3.20
2010.03.31 08:01:50.722,7.23875,7.24095,1.00,3.20
2010.03.31 08:01:51.482,7.23745,7.24025,1.60,3.20
2010.03.31 08:01:53.224,7.23775,7.24005,1.60,3.20
2010.03.31 08:01:54.004,7.23775,7.2402,1.60,1.00
2010.03.31 08:01:54.948,7.2374,7.2402,1.00,1.00
2010.03.31 08:01:55.292,7.23725,7.23955,1.60,3.20
2010.03.31 08:01:58.153,7.23735,7.23955,1.60,3.20
2010.03.31 08:01:59.478,7.23805,7.23955,1.60,3.20
2010.03.31 08:01:59.779,7.23875,7.2409,4.80,1.00
2010.03.31 08:02:00.088,7.23875,7.24185,4.80,1.20
2010.03.31 08:02:00.193,7.23865,7.24185,4.80,1.20
2010.03.31 08:02:01.413,7.239,7.24165,1.00,1.20
2010.03.31 08:02:01.997,7.2391,7.24165,1.00,1.20
2010.03.31 08:02:04.306,7.23895,7.24165,3.20,1.20
2010.03.31 08:02:04.577,7.2389,7.2414,1.00,3.20
2010.03.31 08:02:04.765,7.2389,7.2414,1.00,4.40
2010.03.31 08:02:06.206,7.2389,7.2411,1.00,1.00
2010.03.31 08:02:08.732,7.2384,7.24055,3.20,1.60
2010.03.31 08:02:09.019,7.238,7.24055,3.20,1.60
2010.03.31 08:02:09.296,7.238,7.24085,3.20,1.20
2010.03.31 08:02:10.066,7.2383,7.24085,1.00,1.20
2010.03.31 08:02:11.347,7.238,7.2407,3.20,1.00
2010.03.31 08:02:11.475,7.238,7.2405,3.20,1.20
2010.03.31 08:02:11.735,7.2379,7.2405,1.00,4.40
2010.03.31 08:02:13.021,7.2379,7.2401,1.00,1.00
2010.03.31 08:02:14.005,7.2381,7.2405,1.00,3.20
2010.03.31 08:02:14.558,7.2381,7.2406,1.00,3.30
2010.03.31 08:02:15.474,7.23805,7.2403,1.00,1.00
2010.03.31 08:02:15.705,7.23705,7.23965,1.00,3.20
2010.03.31 08:02:17.262,7.23725,7.2396,1.00,1.00
2010.03.31 08:02:19.241,7.2376,7.23965,1.00,3.20
2010.03.31 08:02:19.286,7.2376,7.2398,1.00,1.00
2010.03.31 08:02:19.730,7.23725,7.2396,1.00,1.00
2010.03.31 08:02:20.081,7.23725,7.2395,1.00,1.00
2010.03.31 08:02:20.706,7.23615,7.23895,1.90,3.20
2010.03.31 08:02:22.148,7.23635,7.23895,1.00,3.20
2010.03.31 08:02:22.543,7.23665,7.23895,1.60,3.20
2010.03.31 08:02:23.229,7.23665,7.23955,1.60,3.20
2010.03.31 08:02:23.551,7.2365,7.23955,3.20,3.20
2010.03.31 08:02:27.017,7.23605,7.2388,1.00,3.20
2010.03.31 08:02:28.160,7.23605,7.2388,1.90,3.20
2010.03.31 08:02:29.024,7.23605,7.2388,1.00,3.20
2010.03.31 08:02:31.023,7.23605,7.2388,1.90,3.20
2010.03.31 08:02:31.368,7.23605,7.2385,1.90,1.00
2010.03.31 08:02:31.686,7.23675,7.2385,1.60,1.00
2010.03.31 08:02:31.869,7.23675,7.23865,1.60,3.20
2010.03.31 08:02:32.049,7.23675,7.23935,1.60,3.20
2010.03.31 08:02:34.401,7.23675,7.2395,1.60,4.40
2010.03.31 08:02:35.455,7.23705,7.2395,1.60,4.40
2010.03.31 08:02:35.695,7.23695,7.23915,1.60,1.20
2010.03.31 08:02:35.908,7.23685,7.2387,4.80,1.20
2010.03.31 08:02:36.114,7.23695,7.2389,1.60,1.20
2010.03.31 08:02:36.555,7.23685,7.2389,1.60,1.20
2010.03.31 08:02:36.772,7.23685,7.2391,4.80,1.20
2010.03.31 08:02:38.493,7.23695,7.2391,1.60,1.20
2010.03.31 08:02:38.841,7.23705,7.2391,1.60,1.20
2010.03.31 08:02:40.090,7.23715,7.2391,1.60,1.20
2010.03.31 08:02:40.593,7.23685,7.2391,3.20,1.20
2010.03.31 08:02:41.017,7.23685,7.2391,4.80,1.20
2010.03.31 08:02:41.957,7.23685,7.2391,3.20,1.20
2010.03.31 08:02:44.757,7.23685,7.2391,4.80,1.20
2010.03.31 08:02:45.096,7.23685,7.2391,3.20,1.20
2010.03.31 08:02:46.884,7.23685,7.2391,4.80,1.20
2010.03.31 08:02:47.544,7.23695,7.23935,1.60,2.80
2010.03.31 08:02:48.154,7.2373,7.23965,1.00,1.20
2010.03.31 08:02:48.500,7.23735,7.23965,3.20,1.20
2010.03.31 08:02:49.196,7.2373,7.23965,3.30,1.20
2010.03.31 08:02:50.909,7.23725,7.23965,1.60,1.20
2010.03.31 08:02:51.121,7.23715,7.23945,1.60,1.20
2010.03.31 08:02:51.735,7.23705,7.23945,1.60,1.20
2010.03.31 08:02:53.651,7.237,7.2392,3.20,1.20
2010.03.31 08:02:53.939,7.23735,7.23945,1.60,1.20
2010.03.31 08:02:54.350,7.23735,7.23965,1.60,1.20
2010.03.31 08:02:54.638,7.2375,7.23965,3.20,1.20
2010.03.31 08:02:55.846,7.2374,7.23945,3.20,1.20
2010.03.31 08:02:56.648,7.23705,7.23925,1.60,1.20
2010.03.31 08:02:56.803,7.23685,7.23925,4.80,1.20
2010.03.31 08:03:00.922,7.23695,7.23925,1.60,1.20
2010.03.31 08:03:06.409,7.23705,7.23925,1.60,1.20
2010.03.31 08:03:10.229,7.23695,7.23925,1.60,1.20
2010.03.31 08:03:11.595,7.23685,7.23925,3.20,1.20
2010.03.31 08:03:11.693,7.23685,7.23915,3.20,1.60
2010.03.31 08:03:11.770,7.23685,7.2389,3.20,1.20
2010.03.31 08:03:11.855,7.23685,7.2391,3.20,1.20
2010.03.31 08:03:12.016,7.2368,7.2387,3.20,1.20
2010.03.31 08:03:12.472,7.2365,7.23835,1.00,1.20
2010.03.31 08:03:12.558,7.2364,7.23835,2.40,2.80
2010.03.31 08:03:12.644,7.23605,7.23815,4.80,1.20
2010.03.31 08:03:13.346,7.23615,7.23835,1.60,1.20
2010.03.31 08:03:13.691,7.2361,7.23835,3.20,1.20
2010.03.31 08:03:14.684,7.23615,7.23835,1.60,1.20
2010.03.31 08:03:17.103,7.23605,7.23835,1.60,1.20
2010.03.31 08:03:18.873,7.2366,7.2395,3.20,3.20
2010.03.31 08:03:19.107,7.23635,7.2397,4.80,1.40
2010.03.31 08:03:19.336,7.23645,7.2397,1.60,4.40
2010.03.31 08:03:19.740,7.23645,7.23985,4.80,3.20
2010.03.31 08:03:19.975,7.2366,7.23975,3.20,1.20
2010.03.31 08:03:20.324,7.2369,7.23975,1.00,4.40
2010.03.31 08:03:21.089,7.237,7.23975,1.00,4.40
2010.03.31 08:03:22.767,7.237,7.23975,1.00,1.20
2010.03.31 08:03:29.060,7.2371,7.23975,1.00,1.20
2010.03.31 08:03:31.886,7.2371,7.2395,1.00,1.20
2010.03.31 08:03:32.058,7.2369,7.2394,1.00,1.00
2010.03.31 08:03:34.976,7.2371,7.23955,1.00,1.60
2010.03.31 08:03:37.691,7.2369,7.2394,1.00,1.00
2010.03.31 08:03:38.568,7.2369,7.23935,1.00,1.60
2010.03.31 08:03:39.238,7.2369,7.2394,1.00,1.00
2010.03.31 08:03:40.228,7.2364,7.2389,1.00,1.00
2010.03.31 08:03:40.463,7.2364,7.2389,1.00,3.30
2010.03.31 08:03:41.375,7.2367,7.2389,1.00,3.20
2010.03.31 08:03:41.730,7.2365,7.2389,1.00,3.20
2010.03.31 08:03:42.076,7.2365,7.2389,1.00,3.30
2010.03.31 08:03:42.667,7.2365,7.23905,1.00,3.20
2010.03.31 08:03:42.938,7.2365,7.23915,1.00,2.80
2010.03.31 08:03:44.423,7.2365,7.23915,1.00,1.20
2010.03.31 08:03:49.554,7.23645,7.2388,3.20,1.00
2010.03.31 08:03:49.773,7.2364,7.2388,1.00,1.00
2010.03.31 08:03:50.562,7.2365,7.23915,1.00,1.60
2010.03.31 08:03:50.812,7.2369,7.23925,1.00,1.60
2010.03.31 08:03:51.614,7.2369,7.2393,1.00,1.00
2010.03.31 08:03:51.899,7.2371,7.23945,1.00,1.60
2010.03.31 08:03:52.502,7.23695,7.2393,1.00,1.00
2010.03.31 08:03:52.772,7.2369,7.2393,1.00,1.00
2010.03.31 08:03:54.323,7.23655,7.2392,3.20,1.40
2010.03.31 08:03:54.570,7.2365,7.2392,1.00,1.40
2010.03.31 08:03:54.819,7.2365,7.23915,1.00,1.60
2010.03.31 08:03:56.030,7.2366,7.23915,1.00,1.60
2010.03.31 08:03:57.538,7.237,7.23925,1.00,1.60
2010.03.31 08:03:58.941,7.237,7.2393,1.00,1.00
2010.03.31 08:03:59.283,7.237,7.23915,1.00,1.60
2010.03.31 08:03:59.582,7.2366,7.23915,1.00,1.60
2010.03.31 08:04:01.239,7.2365,7.2388,1.00,1.00
2010.03.31 08:04:05.222,7.2364,7.2387,1.00,1.00
2010.03.31 08:04:08.716,7.2358,7.2382,1.00,1.00
2010.03.31 08:04:09.065,7.2353,7.2377,1.00,1.00
2010.03.31 08:04:10.368,7.2353,7.2375,1.00,1.00
2010.03.31 08:04:11.454,7.2352,7.2374,1.00,1.00
2010.03.31 08:04:11.797,7.2354,7.2379,1.00,1.00
2010.03.31 08:04:12.150,7.2358,7.23795,1.00,1.20
2010.03.31 08:04:12.856,7.2358,7.238,1.00,1.00
2010.03.31 08:04:13.581,7.23465,7.23755,1.00,3.20
2010.03.31 08:04:13.932,7.2345,7.23755,1.00,4.40
2010.03.31 08:04:14.912,7.2345,7.2373,3.20,1.20
2010.03.31 08:04:15.248,7.23445,7.2373,1.00,4.40
2010.03.31 08:04:18.478,7.23465,7.23745,1.00,1.20
2010.03.31 08:04:18.807,7.23515,7.23795,1.00,1.20
2010.03.31 08:04:19.164,7.2352,7.238,1.00,1.20
2010.03.31 08:04:20.551,7.2355,7.23805,1.00,3.20
2010.03.31 08:04:21.244,7.2355,7.2382,1.00,3.20
2010.03.31 08:04:21.592,7.2355,7.2383,1.00,1.20
2010.03.31 08:04:22.951,7.2355,7.23825,1.00,3.20
2010.03.31 08:04:25.135,7.2355,7.2383,1.00,1.20
2010.03.31 08:04:26.457,7.23565,7.2383,1.60,1.20
2010.03.31 08:04:27.293,7.23565,7.23835,1.60,1.20
2010.03.31 08:04:29.266,7.23575,7.23855,1.90,1.20
2010.03.31 08:04:30.472,7.23575,7.2384,1.90,1.60
2010.03.31 08:04:30.644,7.23555,7.23815,1.60,1.20
2010.03.31 08:04:30.988,7.2354,7.23785,1.00,3.20
2010.03.31 08:04:31.170,7.23535,7.23775,1.60,4.40
2010.03.31 08:04:31.347,7.23525,7.23775,1.60,4.40
2010.03.31 08:04:32.055,7.23525,7.2377,1.60,1.00
2010.03.31 08:04:34.381,7.23515,7.2377,1.60,1.00
2010.03.31 08:04:34.611,7.23535,7.2377,1.60,1.00
2010.03.31 08:04:34.976,7.23525,7.2377,1.60,1.00
2010.03.31 08:04:35.202,7.23525,7.2375,1.60,1.00
2010.03.31 08:04:35.433,7.23475,7.23725,1.60,1.60
2010.03.31 08:04:35.711,7.23475,7.23725,1.60,4.80
2010.03.31 08:04:36.255,7.23465,7.23705,1.60,4.40
2010.03.31 08:04:36.534,7.23465,7.23695,1.60,3.20
2010.03.31 08:04:37.064,7.23455,7.23695,1.60,3.20
2010.03.31 08:04:37.238,7.23435,7.23685,1.60,1.00
2010.03.31 08:04:38.253,7.2343,7.23685,1.00,1.00
2010.03.31 08:04:38.844,7.23445,7.23685,1.60,1.00
2010.03.31 08:04:39.097,7.2342,7.23645,1.00,1.00
2010.03.31 08:04:39.464,7.2342,7.2364,1.00,1.00
2010.03.31 08:04:39.717,7.2339,7.23605,1.00,3.20
2010.03.31 08:04:40.067,7.2339,7.2366,1.00,1.00
2010.03.31 08:04:40.415,7.23405,7.236,1.60,3.20
2010.03.31 08:04:40.763,7.23355,7.23615,1.00,3.20
2010.03.31 08:04:41.085,7.23385,7.237,3.20,1.40
2010.03.31 08:04:41.400,7.23405,7.237,1.60,1.40
2010.03.31 08:04:41.724,7.23265,7.23585,3.20,3.20
2010.03.31 08:04:42.109,7.23385,7.23565,1.60,3.20
2010.03.31 08:04:42.180,7.23375,7.237,1.60,1.40
2010.03.31 08:04:42.308,7.23395,7.237,1.60,1.40
2010.03.31 08:04:42.439,7.23365,7.23685,3.20,1.00
2010.03.31 08:04:42.689,7.23365,7.2363,3.20,3.20
2010.03.31 08:04:42.762,7.234,7.23605,3.20,3.20
2010.03.31 08:04:43.001,7.23445,7.23725,3.20,1.20
2010.03.31 08:04:43.241,7.23445,7.23755,3.20,1.20
2010.03.31 08:04:43.480,7.23335,7.2368,3.20,3.20
2010.03.31 08:04:43.721,7.23425,7.23755,3.20,1.20
2010.03.31 08:04:43.959,7.2342,7.23755,3.20,1.20
2010.03.31 08:04:44.271,7.23425,7.23735,3.20,1.20
2010.03.31 08:04:44.956,7.2344,7.23685,3.20,3.20
2010.03.31 08:04:45.091,7.2328,7.23625,3.20,3.20
2010.03.31 08:04:45.348,7.2327,7.2361,3.20,3.20
2010.03.31 08:04:45.479,7.23255,7.236,3.20,3.20
2010.03.31 08:04:45.867,7.2326,7.2361,3.20,3.20
2010.03.31 08:04:46.000,7.2327,7.2362,3.20,3.20
2010.03.31 08:04:47.360,7.23285,7.23595,3.20,3.20
2010.03.31 08:04:48.671,7.23345,7.23595,1.60,3.20
2010.03.31 08:04:48.970,7.23375,7.23705,3.20,4.40
2010.03.31 08:04:53.057,7.2341,7.23685,3.20,1.20
2010.03.31 08:04:53.272,7.2344,7.2369,3.20,1.20
2010.03.31 08:04:54.333,7.2348,7.2373,3.20,1.20
2010.03.31 08:04:56.088,7.23485,7.2373,3.20,1.20
2010.03.31 08:04:56.415,7.2348,7.2373,3.20,1.20
2010.03.31 08:04:58.581,7.23445,7.23705,1.60,1.20
2010.03.31 08:05:00.702,7.23435,7.2371,1.60,1.20
2010.03.31 08:05:02.165,7.23455,7.2373,1.60,4.40
2010.03.31 08:05:02.518,7.23475,7.2375,1.60,1.20
2010.03.31 08:05:03.219,7.23475,7.23725,1.60,1.20
2010.03.31 08:05:03.875,7.23465,7.23725,1.60,1.20
2010.03.31 08:05:04.232,7.23445,7.2371,1.60,1.20
2010.03.31 08:05:04.940,7.23435,7.2371,1.60,1.20
2010.03.31 08:05:05.292,7.23575,7.2371,1.60,1.20
2010.03.31 08:05:05.638,7.23465,7.23775,1.60,3.20
2010.03.31 08:05:08.546,7.2347,7.2369,3.20,3.20
2010.03.31 08:05:08.896,7.2337,7.2366,1.00,3.20
2010.03.31 08:05:09.171,7.2337,7.2367,1.00,3.20
2010.03.31 08:05:10.233,7.2339,7.23615,1.00,1.00
2010.03.31 08:05:11.502,7.23405,7.23615,1.60,1.00
2010.03.31 08:05:11.662,7.23395,7.23615,1.60,1.00
2010.03.31 08:05:13.860,7.234,7.2362,1.00,1.00
2010.03.31 08:05:15.490,7.23405,7.2362,1.60,1.00
2010.03.31 08:05:16.136,7.234,7.23625,1.00,1.00
2010.03.31 08:05:18.372,7.23405,7.23625,1.60,1.00
2010.03.31 08:05:19.032,7.23465,7.2378,1.60,5.60
2010.03.31 08:05:21.585,7.2348,7.2376,3.20,2.40
2010.03.31 08:05:24.310,7.23485,7.23765,1.60,2.40
2010.03.31 08:05:24.544,7.23505,7.23765,3.20,2.40
2010.03.31 08:05:25.944,7.23465,7.2375,1.60,1.20
2010.03.31 08:05:26.238,7.2348,7.2376,3.20,2.40
2010.03.31 08:05:27.870,7.23475,7.2376,3.20,2.40
2010.03.31 08:05:28.230,7.23465,7.23765,3.20,5.60
2010.03.31 08:05:28.792,7.23475,7.23765,3.20,2.40
2010.03.31 08:05:28.968,7.2349,7.23765,3.20,2.40
2010.03.31 08:05:30.737,7.23505,7.2376,3.20,2.40
2010.03.31 08:05:33.247,7.235,7.2376,3.20,2.40
2010.03.31 08:05:34.197,7.23505,7.23765,1.60,2.40
2010.03.31 08:05:34.334,7.2351,7.23765,1.00,2.40
2010.03.31 08:05:34.598,7.2351,7.23765,3.50,2.40
2010.03.31 08:05:36.527,7.2351,7.2376,1.00,2.40
2010.03.31 08:05:37.318,7.2353,7.2376,1.00,2.40
2010.03.31 08:05:37.599,7.2353,7.2381,1.00,1.20
2010.03.31 08:05:40.320,7.2351,7.23785,1.00,1.20
2010.03.31 08:05:41.629,7.23575,7.23785,1.00,1.20
2010.03.31 08:05:41.929,7.23535,7.23805,1.60,3.20
2010.03.31 08:05:42.135,7.23535,7.2381,1.60,3.20
2010.03.31 08:05:42.450,7.23545,7.2381,1.60,3.20
2010.03.31 08:05:42.558,7.23545,7.2378,1.60,3.20
2010.03.31 08:05:43.775,7.2362,7.2378,1.00,3.20
2010.03.31 08:05:44.807,7.23645,7.2389,1.60,1.40
2010.03.31 08:05:45.516,7.2362,7.23865,1.00,1.20
2010.03.31 08:05:46.000,7.236,7.23845,1.00,1.20
2010.03.31 08:05:46.250,7.236,7.2382,1.00,1.00
2010.03.31 08:05:46.816,7.236,7.2379,1.00,1.20
2010.03.31 08:05:47.184,7.236,7.2371,1.00,3.20
2010.03.31 08:05:47.845,7.236,7.2379,1.00,1.00
2010.03.31 08:05:48.205,7.235,7.2379,1.00,1.00
2010.03.31 08:05:48.896,7.235,7.23715,1.00,3.20
2010.03.31 08:05:49.245,7.234,7.2372,2.40,3.20
2010.03.31 08:05:49.594,7.23485,7.23725,1.60,3.20
2010.03.31 08:05:50.217,7.2344,7.237,1.00,3.20
2010.03.31 08:05:50.673,7.2346,7.23725,1.00,1.20
2010.03.31 08:05:50.740,7.2346,7.23735,1.00,1.20
2010.03.31 08:05:52.023,7.23485,7.2373,1.60,1.20
2010.03.31 08:05:52.674,7.2349,7.2377,1.00,1.40
2010.03.31 08:05:52.981,7.2352,7.2377,1.00,1.40
2010.03.31 08:05:53.190,7.2352,7.2377,1.00,1.40
2010.03.31 08:05:57.759,7.2352,7.2375,1.00,1.00
2010.03.31 08:05:57.920,7.2352,7.2375,1.00,3.30
2010.03.31 08:05:58.006,7.2352,7.2374,1.00,1.20
2010.03.31 08:05:58.464,7.2348,7.2374,1.00,1.20
2010.03.31 08:05:59.146,7.2348,7.23695,1.00,1.20
2010.03.31 08:05:59.391,7.2342,7.23695,2.40,1.20
2010.03.31 08:06:03.353,7.23425,7.2369,3.20,1.20
2010.03.31 08:06:03.367,7.23425,7.2369,4.80,1.20
2010.03.31 08:06:03.382,7.2345,7.2369,3.20,1.20
2010.03.31 08:06:03.746,7.23455,7.2373,1.00,1.20
2010.03.31 08:06:04.466,7.2348,7.23735,1.00,1.20
2010.03.31 08:06:06.567,7.2346,7.23735,1.00,1.20
2010.03.31 08:06:07.597,7.23455,7.237,1.00,3.20
2010.03.31 08:06:08.029,7.2342,7.2369,2.40,1.20
2010.03.31 08:06:11.365,7.2342,7.23665,2.40,1.20
2010.03.31 08:06:15.747,7.2342,7.23685,2.40,1.20
2010.03.31 08:06:16.619,7.234,7.2367,1.00,3.20
2010.03.31 08:06:17.232,7.234,7.2367,1.00,3.20
2010.03.31 08:06:17.515,7.234,7.23685,1.00,1.20
2010.03.31 08:06:25.607,7.2342,7.237,1.00,1.20
2010.03.31 08:06:51.278,7.23415,7.2368,3.20,1.20
2010.03.31 08:06:51.714,7.234,7.23685,1.00,1.20
2010.03.31 08:06:56.150,7.2342,7.237,1.00,1.20
2010.03.31 08:06:59.217,7.2342,7.237,1.00,1.20
2010.03.31 08:07:01.124,7.2342,7.237,1.00,1.20
2010.03.31 08:07:01.307,7.2338,7.2364,1.00,1.20
2010.03.31 08:07:03.065,7.2338,7.23645,1.00,4.70
2010.03.31 08:07:06.456,7.23365,7.23585,1.00,3.20
2010.03.31 08:07:06.574,7.233,7.23585,1.00,4.40
2010.03.31 08:07:08.085,7.233,7.23585,1.00,4.40
2010.03.31 08:07:09.755,7.233,7.2358,1.00,4.40
2010.03.31 08:07:13.249,7.2328,7.2356,3.50,1.20
2010.03.31 08:07:13.373,7.2328,7.23565,1.00,4.40
2010.03.31 08:07:22.162,7.2331,7.2357,1.00,3.20
2010.03.31 08:07:22.603,7.2331,7.23585,1.00,3.20
2010.03.31 08:07:22.722,7.23335,7.23615,1.00,1.20
2010.03.31 08:07:23.077,7.23365,7.2365,1.00,4.40
2010.03.31 08:07:28.647,7.23365,7.23645,1.00,2.80
2010.03.31 08:07:28.878,7.23365,7.2365,1.00,4.40
2010.03.31 08:07:29.110,7.2334,7.23625,1.90,1.20
2010.03.31 08:07:29.480,7.2334,7.23625,1.00,1.20
2010.03.31 08:07:39.137,7.2331,7.2359,1.00,1.20
2010.03.31 08:07:44.744,7.2331,7.2359,1.00,4.40
2010.03.31 08:07:45.743,7.2331,7.23585,1.00,3.20
2010.03.31 08:07:48.204,7.2331,7.23595,1.00,4.40
2010.03.31 08:07:49.963,7.2331,7.23585,1.00,3.20
2010.03.31 08:07:57.795,7.2332,7.23585,1.00,3.20
2010.03.31 08:07:57.984,7.2333,7.2359,1.00,3.20
2010.03.31 08:07:58.182,7.2333,7.23615,1.00,4.40
2010.03.31 08:07:58.792,7.2333,7.23615,1.00,6.00
2010.03.31 08:07:58.982,7.2331,7.23595,1.00,4.40
2010.03.31 08:07:59.655,7.2331,7.2359,1.00,4.40
2010.03.31 08:08:02.663,7.2331,7.23525,1.00,3.20
2010.03.31 08:08:03.032,7.2331,7.23515,1.00,3.20
2010.03.31 08:08:07.353,7.23235,7.23505,1.00,1.60
2010.03.31 08:08:07.581,7.2321,7.23505,3.30,1.60
2010.03.31 08:08:08.809,7.2321,7.23505,3.20,1.60
2010.03.31 08:08:09.150,7.232,7.2349,1.00,3.20
2010.03.31 08:08:09.742,7.232,7.23495,1.00,3.20
2010.03.31 08:08:10.845,7.2316,7.23465,3.30,3.20
2010.03.31 08:08:11.180,7.2316,7.2346,1.00,3.20
2010.03.31 08:08:14.507,7.23155,7.2346,3.20,3.20
2010.03.31 08:08:14.927,7.23155,7.23425,3.20,1.60
2010.03.31 08:08:16.056,7.23245,7.23565,3.20,1.20
2010.03.31 08:08:16.309,7.23265,7.2358,3.20,1.00
2010.03.31 08:08:16.568,7.23265,7.23555,3.20,1.60
2010.03.31 08:08:16.831,7.2317,7.2348,1.00,3.20
2010.03.31 08:08:17.282,7.23265,7.2346,1.60,3.20
2010.03.31 08:08:17.494,7.2316,7.23485,3.20,3.20
2010.03.31 08:08:19.662,7.23175,7.23475,1.60,3.20
2010.03.31 08:08:23.179,7.23165,7.2346,1.60,3.20
2010.03.31 08:08:23.345,7.23165,7.2347,4.80,3.20
2010.03.31 08:08:23.423,7.23175,7.2347,1.60,3.20
2010.03.31 08:08:25.509,7.23165,7.2347,4.80,3.20
2010.03.31 08:08:25.702,7.23165,7.2344,1.60,3.20
2010.03.31 08:08:26.404,7.23145,7.23435,1.60,3.20
2010.03.31 08:08:26.935,7.23155,7.23435,1.60,3.20
2010.03.31 08:08:28.054,7.2311,7.2338,2.50,3.20
2010.03.31 08:08:28.744,7.2311,7.23385,2.50,3.20
2010.03.31 08:08:29.273,7.2311,7.2337,2.50,1.00
2010.03.31 08:08:34.202,7.2312,7.2337,1.00,1.00
2010.03.31 08:08:42.535,7.2313,7.2338,1.00,3.20
2010.03.31 08:08:42.695,7.2313,7.2341,1.00,1.00
2010.03.31 08:08:45.095,7.2313,7.2339,1.00,3.20
2010.03.31 08:08:45.454,7.2313,7.23395,1.00,3.20
2010.03.31 08:08:45.919,7.2313,7.2341,1.00,1.00
2010.03.31 08:08:46.159,7.2313,7.23405,1.00,3.20
2010.03.31 08:08:46.741,7.2312,7.2337,1.00,1.00
2010.03.31 08:08:49.973,7.2312,7.2336,1.00,1.00
2010.03.31 08:08:52.424,7.23085,7.2336,4.80,1.00
2010.03.31 08:08:52.605,7.2312,7.2336,1.00,1.00
2010.03.31 08:08:53.842,7.2314,7.2341,1.00,1.00
2010.03.31 08:08:54.191,7.2318,7.23415,1.00,3.20
2010.03.31 08:08:54.760,7.2318,7.2342,1.00,1.00
2010.03.31 08:08:55.118,7.2313,7.234,1.00,1.00
2010.03.31 08:08:55.742,7.2312,7.2336,1.00,1.00
2010.03.31 08:09:00.857,7.2312,7.2333,1.00,1.60
2010.03.31 08:09:01.216,7.23085,7.2335,1.90,1.00
2010.03.31 08:09:01.447,7.23085,7.2335,1.60,1.00
2010.03.31 08:09:02.161,7.2308,7.2335,1.00,1.00
2010.03.31 08:09:07.035,7.23055,7.23335,1.00,3.20
2010.03.31 08:09:07.204,7.2305,7.23335,1.00,3.20
2010.03.31 08:09:07.534,7.2309,7.23335,1.00,3.20
2010.03.31 08:09:08.148,7.2309,7.2331,1.00,1.00
2010.03.31 08:09:08.981,7.23065,7.233,1.00,1.00
2010.03.31 08:09:09.667,7.2314,7.233,1.00,1.00
2010.03.31 08:09:10.930,7.2314,7.2326,1.00,1.00
2010.03.31 08:09:15.022,7.2314,7.2324,1.00,1.00
2010.03.31 08:09:15.864,7.2314,7.232,1.00,1.00
2010.03.31 08:09:16.104,7.23,7.2324,1.00,1.00
2010.03.31 08:09:18.333,7.2302,7.232,1.00,1.00
2010.03.31 08:09:18.424,7.2302,7.232,1.00,1.00
2010.03.31 08:09:19.193,7.2302,7.2319,1.00,1.00
2010.03.31 08:09:19.547,7.2291,7.2319,1.00,1.00
2010.03.31 08:09:22.243,7.2293,7.2317,1.00,1.00
2010.03.31 08:09:22.489,7.2291,7.2317,1.00,1.00
2010.03.31 08:09:22.561,7.2294,7.23185,1.00,3.20
2010.03.31 08:09:22.631,7.2294,7.23195,3.50,1.60
2010.03.31 08:09:22.700,7.2294,7.23215,3.50,2.80
2010.03.31 08:09:23.303,7.22905,7.23165,3.20,1.20
2010.03.31 08:09:23.505,7.2289,7.23165,1.00,2.80
2010.03.31 08:09:23.701,7.2289,7.23155,1.00,1.60
2010.03.31 08:09:24.251,7.2288,7.23105,3.20,1.60
2010.03.31 08:09:24.593,7.2284,7.23095,1.00,3.20
2010.03.31 08:09:25.279,7.2284,7.2307,1.00,1.00
2010.03.31 08:09:25.780,7.2284,7.2305,1.00,1.00
2010.03.31 08:09:26.130,7.22805,7.2304,1.00,1.00
2010.03.31 08:09:26.726,7.2282,7.23085,3.20,1.20
2010.03.31 08:09:28.012,7.22685,7.23025,1.00,3.20
2010.03.31 08:09:28.212,7.22685,7.2288,1.00,1.00
2010.03.31 08:09:28.414,7.22695,7.2288,1.00,1.00
2010.03.31 08:09:31.077,7.22715,7.22985,1.00,3.20
2010.03.31 08:09:32.261,7.2269,7.2295,1.00,3.20
2010.03.31 08:09:32.510,7.2269,7.22935,1.00,3.20
2010.03.31 08:09:33.452,7.2269,7.22945,1.00,3.20
2010.03.31 08:09:33.941,7.2272,7.2297,1.60,3.20
2010.03.31 08:09:34.278,7.22765,7.2301,1.00,5.60
2010.03.31 08:09:34.615,7.2274,7.22985,1.00,3.20
2010.03.31 08:09:35.281,7.22765,7.22985,1.00,3.20
2010.03.31 08:09:35.638,7.22765,7.2301,1.00,5.60
2010.03.31 08:09:35.981,7.22765,7.2299,1.00,3.20
2010.03.31 08:09:36.219,7.22765,7.22985,1.00,3.20
2010.03.31 08:09:37.679,7.22765,7.2297,1.00,3.20
2010.03.31 08:09:37.893,7.22735,7.22945,1.00,3.20
2010.03.31 08:09:38.421,7.22805,7.23095,3.20,1.20
2010.03.31 08:09:38.757,7.228,7.23095,3.20,1.20
2010.03.31 08:09:39.510,7.2286,7.23095,1.00,1.20
2010.03.31 08:09:41.168,7.229,7.23095,1.00,1.20
2010.03.31 08:09:45.866,7.2292,7.23095,1.00,1.20
2010.03.31 08:09:46.326,7.229,7.23095,1.00,1.20
2010.03.31 08:09:46.524,7.2292,7.23105,1.00,1.20
2010.03.31 08:09:46.719,7.2292,7.23125,1.00,1.20
2010.03.31 08:09:46.918,7.2292,7.23125,1.00,1.20
2010.03.31 08:09:48.208,7.229,7.23105,1.00,1.20
2010.03.31 08:09:48.993,7.2291,7.23105,1.00,1.20
2010.03.31 08:09:56.712,7.2286,7.2307,1.00,1.00
2010.03.31 08:09:56.953,7.2291,7.23095,1.00,1.20
2010.03.31 08:09:57.539,7.2287,7.23075,1.00,1.20
2010.03.31 08:09:58.457,7.2286,7.2307,1.00,1.00
2010.03.31 08:09:59.152,7.2287,7.23075,1.00,1.20
2010.03.31 08:10:00.189,7.2291,7.23095,1.00,1.20
2010.03.31 08:10:01.657,7.2287,7.23075,1.00,1.20
2010.03.31 08:10:01.940,7.2287,7.23075,1.00,1.20
2010.03.31 08:10:02.935,7.22835,7.23075,1.60,1.20
2010.03.31 08:10:03.183,7.2283,7.23075,1.00,1.20
2010.03.31 08:10:03.433,7.2281,7.2305,1.00,1.00
2010.03.31 08:10:04.172,7.2281,7.2303,1.00,1.00
2010.03.31 08:10:04.755,7.2283,7.2306,1.00,3.20
2010.03.31 08:10:05.110,7.2283,7.23075,1.00,1.20
2010.03.31 08:10:07.632,7.2287,7.2309,1.00,1.00
2010.03.31 08:10:09.351,7.2288,7.23115,1.00,1.20
2010.03.31 08:10:10.229,7.229,7.23115,1.00,1.20
2010.03.31 08:10:12.097,7.2285,7.2307,1.00,1.00
2010.03.31 08:10:12.293,7.2285,7.2307,1.00,1.40
2010.03.31 08:10:13.001,7.2286,7.2309,1.00,1.20
2010.03.31 08:10:16.260,7.2285,7.2307,1.00,1.40
2010.03.31 08:10:16.350,7.2281,7.2306,1.00,1.00
2010.03.31 08:10:16.440,7.2281,7.2304,1.00,1.20
2010.03.31 08:10:17.151,7.2285,7.2306,1.00,2.80
2010.03.31 08:10:17.506,7.2286,7.2309,1.00,1.20
2010.03.31 08:10:20.017,7.2286,7.2307,1.00,1.00
2010.03.31 08:10:20.238,7.2286,7.2307,1.00,1.40
2010.03.31 08:10:27.310,7.2287,7.2309,1.00,1.20
2010.03.31 08:10:28.674,7.2287,7.23065,1.00,1.60
2010.03.31 08:10:29.044,7.2287,7.2309,1.00,1.20
2010.03.31 08:10:30.051,7.229,7.23115,1.00,4.40
2010.03.31 08:10:30.330,7.2291,7.2314,1.00,1.20
2010.03.31 08:10:30.876,7.2291,7.2315,1.00,1.00
2010.03.31 08:10:32.339,7.2289,7.2315,1.00,1.00
2010.03.31 08:10:32.576,7.2289,7.23135,1.00,1.20
2010.03.31 08:10:32.808,7.2291,7.23135,1.00,1.20
2010.03.31 08:10:33.751,7.2289,7.23135,1.00,1.20
2010.03.31 08:10:34.781,7.2289,7.23115,1.00,1.20
2010.03.31 08:10:35.741,7.2289,7.2312,1.00,3.20
2010.03.31 08:10:36.328,7.2289,7.2313,1.00,3.20
2010.03.31 08:10:36.883,7.2289,7.23135,1.00,1.20
2010.03.31 08:10:37.186,7.2289,7.2311,1.00,1.00
2010.03.31 08:10:38.669,7.2289,7.2313,1.00,3.20
2010.03.31 08:10:39.438,7.2292,7.23155,1.00,1.20
2010.03.31 08:10:40.091,7.229,7.23155,1.00,2.80
2010.03.31 08:10:40.438,7.229,7.2313,1.00,1.20
2010.03.31 08:10:42.528,7.229,7.2311,1.00,1.00
2010.03.31 08:10:42.897,7.229,7.2312,1.00,3.20
2010.03.31 08:10:43.144,7.229,7.23135,1.00,4.40
2010.03.31 08:10:43.484,7.229,7.2311,1.00,1.00
2010.03.31 08:10:43.821,7.229,7.2311,1.00,1.40
2010.03.31 08:10:44.831,7.229,7.2311,1.00,1.20
2010.03.31 08:10:45.082,7.229,7.2311,1.00,1.40
2010.03.31 08:10:45.670,7.229,7.2312,1.00,3.20
2010.03.31 08:10:46.365,7.229,7.2313,1.00,1.20
2010.03.31 08:10:46.642,7.229,7.2311,1.00,1.40
2010.03.31 08:10:49.048,7.229,7.2306,1.00,1.00
2010.03.31 08:10:49.263,7.229,7.2306,1.00,1.40
2010.03.31 08:10:50.021,7.2284,7.2306,1.00,1.40
2010.03.31 08:10:50.375,7.2284,7.23005,1.00,1.20
2010.03.31 08:10:50.725,7.2284,7.23,1.00,1.00
2010.03.31 08:10:51.445,7.2281,7.23045,1.00,1.20
2010.03.31 08:10:55.067,7.2287,7.23045,1.00,1.20
2010.03.31 08:10:55.673,7.2282,7.2308,1.00,1.20
2010.03.31 08:10:55.938,7.2284,7.2308,1.00,1.20
2010.03.31 08:10:56.212,7.2287,7.2308,1.00,1.20
2010.03.31 08:10:56.440,7.2287,7.231,1.00,1.20
2010.03.31 08:11:09.000,7.2287,7.231,1.00,1.40
2010.03.31 08:11:09.345,7.2287,7.23085,1.00,1.60
2010.03.31 08:11:09.527,7.2284,7.2305,1.00,1.00
2010.03.31 08:11:10.315,7.2284,7.2299,1.00,1.00
2010.03.31 08:11:11.820,7.2278,7.2299,1.00,1.00
2010.03.31 08:11:13.287,7.2278,7.23005,1.00,1.20
2010.03.31 08:11:13.410,7.2278,7.2299,1.00,1.00
2010.03.31 08:11:13.933,7.2282,7.2305,1.00,1.40
2010.03.31 08:11:15.067,7.2278,7.2304,1.00,1.00
2010.03.31 08:11:15.418,7.2278,7.2301,1.00,1.60
2010.03.31 08:11:15.766,7.2278,7.23025,1.00,1.20
2010.03.31 08:11:17.416,7.2278,7.2299,1.00,1.00
2010.03.31 08:11:17.540,7.2278,7.2299,1.00,1.00
2010.03.31 08:11:19.057,7.2278,7.2291,1.00,1.00
2010.03.31 08:11:19.360,7.2272,7.22915,1.00,3.50
2010.03.31 08:11:19.664,7.2268,7.22905,1.00,3.20
2010.03.31 08:11:20.615,7.2268,7.2285,1.00,1.00
2010.03.31 08:11:20.969,7.2267,7.2288,1.00,3.20
2010.03.31 08:11:21.313,7.2267,7.22885,1.00,1.20
2010.03.31 08:11:24.544,7.2267,7.2275,1.00,1.00
2010.03.31 08:11:25.460,7.2256,7.2273,1.00,1.00
2010.03.31 08:11:25.804,7.2253,7.227,1.00,3.20
2010.03.31 08:11:26.669,7.2255,7.2272,1.00,1.00
2010.03.31 08:11:27.017,7.2255,7.2277,1.00,1.00
2010.03.31 08:11:28.134,7.2255,7.2277,1.00,1.00
2010.03.31 08:11:29.128,7.2255,7.22765,1.00,3.20
2010.03.31 08:11:30.122,7.2255,7.2277,1.00,3.30
2010.03.31 08:11:31.566,7.2257,7.2281,1.00,4.40
2010.03.31 08:11:31.904,7.2258,7.2279,1.00,1.20
2010.03.31 08:11:32.235,7.2258,7.2277,1.00,1.00
2010.03.31 08:11:35.218,7.2258,7.228,1.00,3.20
2010.03.31 08:11:35.432,7.2258,7.22805,1.00,3.20
2010.03.31 08:11:35.650,7.2258,7.2281,1.00,4.40
2010.03.31 08:11:36.080,7.2258,7.2281,1.00,4.60
2010.03.31 08:11:37.037,7.2258,7.2279,1.00,1.20
2010.03.31 08:11:37.167,7.2258,7.2277,1.00,1.00
2010.03.31 08:11:39.348,7.2258,7.2281,1.00,4.60
2010.03.31 08:11:39.849,7.2258,7.2281,1.00,1.40
2010.03.31 08:11:40.703,7.2258,7.2279,1.00,1.20
2010.03.31 08:11:41.060,7.2256,7.2277,1.00,1.00
2010.03.31 08:11:44.169,7.2256,7.2274,1.00,1.40
2010.03.31 08:11:44.861,7.2255,7.22775,1.00,1.20
2010.03.31 08:11:45.203,7.2256,7.22765,1.00,1.20
2010.03.31 08:11:45.926,7.2256,7.2277,1.00,1.00
2010.03.31 08:11:46.275,7.2252,7.2276,1.00,3.20
2010.03.31 08:11:46.624,7.2252,7.22765,1.00,1.20
2010.03.31 08:11:46.921,7.2252,7.2273,1.00,1.00
2010.03.31 08:11:47.211,7.2252,7.22765,1.00,1.20
2010.03.31 08:11:47.959,7.2252,7.2275,1.00,1.00
2010.03.31 08:11:49.774,7.2252,7.2271,1.00,1.00
2010.03.31 08:11:50.354,7.2252,7.2276,1.00,1.20
2010.03.31 08:11:50.640,7.2252,7.2277,1.00,1.40
2010.03.31 08:11:51.263,7.2253,7.2277,1.00,1.20
2010.03.31 08:11:51.613,7.2252,7.2273,1.00,1.00
2010.03.31 08:11:52.248,7.2253,7.22755,1.00,1.20
2010.03.31 08:11:52.539,7.2252,7.2273,1.00,1.00
2010.03.31 08:11:53.321,7.2252,7.2265,1.00,1.00
2010.03.31 08:11:54.460,7.2239,7.2263,1.00,1.00
2010.03.31 08:11:55.567,7.2242,7.2263,1.00,1.00
2010.03.31 08:11:56.589,7.2242,7.2267,1.00,3.30
2010.03.31 08:11:56.868,7.2243,7.2267,1.00,3.30
2010.03.31 08:11:57.512,7.2243,7.2267,1.00,1.00
2010.03.31 08:11:57.761,7.2246,7.22715,1.00,4.40
2010.03.31 08:11:58.012,7.2248,7.2273,1.00,3.20
2010.03.31 08:11:58.563,7.2248,7.22735,1.00,1.60
2010.03.31 08:11:58.806,7.225,7.22745,1.00,1.20
2010.03.31 08:11:59.155,7.225,7.2273,1.00,4.40
2010.03.31 08:11:59.841,7.2248,7.2273,1.00,4.40
2010.03.31 08:12:00.219,7.2248,7.2272,1.00,1.00
2010.03.31 08:12:00.572,7.2251,7.2273,1.00,1.00
2010.03.31 08:12:02.742,7.2251,7.22765,1.00,1.20
2010.03.31 08:12:02.945,7.2252,7.2277,1.00,1.00
2010.03.31 08:12:03.158,7.2257,7.22805,1.00,1.60
2010.03.31 08:12:03.365,7.2257,7.228,1.00,3.20
2010.03.31 08:12:03.798,7.2257,7.228,1.00,1.20
2010.03.31 08:12:04.156,7.2254,7.228,1.00,4.40
2010.03.31 08:12:04.507,7.2254,7.22775,1.00,1.20
2010.03.31 08:12:04.846,7.2254,7.2277,1.00,1.00
2010.03.31 08:12:07.784,7.2254,7.22765,1.00,1.60
2010.03.31 08:12:08.461,7.225,7.2271,1.00,1.00
2010.03.31 08:12:10.889,7.2251,7.2274,1.00,1.20
2010.03.31 08:12:11.320,7.2251,7.22705,1.00,1.60
2010.03.31 08:12:11.789,7.225,7.22725,1.00,4.40
2010.03.31 08:12:12.761,7.2251,7.2273,1.00,1.00
2010.03.31 08:12:14.231,7.2252,7.22765,1.00,3.20
2010.03.31 08:12:14.345,7.2252,7.22795,1.00,4.40
2010.03.31 08:12:14.563,7.2253,7.2277,1.00,1.00
2010.03.31 08:12:15.586,7.2253,7.2274,1.00,1.20
2010.03.31 08:12:16.984,7.2253,7.2272,1.00,1.40
2010.03.31 08:12:17.232,7.2247,7.2272,1.00,1.40
2010.03.31 08:12:18.090,7.2249,7.2273,1.00,1.20
2010.03.31 08:12:18.815,7.2247,7.2272,1.00,1.20
2010.03.31 08:12:19.060,7.2247,7.2274,1.00,1.20
2010.03.31 08:12:19.309,7.2247,7.2272,1.00,1.00
2010.03.31 08:12:19.910,7.2247,7.2272,1.00,1.40
2010.03.31 08:12:20.259,7.2247,7.2271,1.00,1.00
2010.03.31 08:12:20.612,7.2247,7.2273,1.00,3.20
2010.03.31 08:12:20.962,7.2247,7.2271,1.00,1.00
2010.03.31 08:12:21.984,7.2247,7.2274,1.00,1.20
2010.03.31 08:12:22.920,7.2248,7.2274,1.00,1.20
2010.03.31 08:12:25.054,7.2251,7.22735,1.00,3.20
2010.03.31 08:12:25.568,7.2251,7.2274,1.00,1.00
2010.03.31 08:12:25.917,7.2253,7.2274,1.00,1.00
2010.03.31 08:12:26.264,7.2256,7.2278,1.00,1.00
2010.03.31 08:12:26.998,7.2257,7.2278,1.00,1.00
2010.03.31 08:12:28.168,7.2257,7.2273,1.00,1.00
2010.03.31 08:12:28.618,7.2257,7.2277,1.00,1.00
2010.03.31 08:12:28.816,7.2257,7.2273,1.00,1.00
2010.03.31 08:12:29.073,7.2257,7.2277,1.00,1.00
2010.03.31 08:12:29.580,7.2256,7.2273,1.00,1.00
2010.03.31 08:12:30.520,7.2257,7.2277,1.00,1.00
2010.03.31 08:12:33.162,7.2252,7.2273,1.00,1.00
2010.03.31 08:12:33.574,7.2253,7.2275,1.00,1.00
2010.03.31 08:12:34.681,7.2252,7.22745,1.00,1.00
2010.03.31 08:12:36.565,7.2254,7.22765,1.00,1.20
2010.03.31 08:12:36.846,7.2254,7.22785,1.00,1.20
2010.03.31 08:12:38.363,7.2258,7.22785,1.00,1.20
2010.03.31 08:12:38.510,7.2254,7.2279,1.00,1.00
2010.03.31 08:12:38.649,7.2258,7.228,1.00,1.00
2010.03.31 08:12:38.995,7.2254,7.2279,1.00,1.00
2010.03.31 08:12:39.683,7.2253,7.2275,1.00,1.00
2010.03.31 08:12:42.539,7.2258,7.228,1.00,1.00
2010.03.31 08:12:43.971,7.2258,7.2279,1.00,1.00
2010.03.31 08:12:45.564,7.2259,7.22825,1.00,3.20
2010.03.31 08:12:45.895,7.2259,7.2284,1.00,8.60
2010.03.31 08:12:46.503,7.2259,7.2284,1.00,5.40
2010.03.31 08:12:46.771,7.2259,7.2279,1.00,1.00
2010.03.31 08:12:48.289,7.22595,7.2282,1.00,1.20
2010.03.31 08:12:48.696,7.2264,7.2285,1.00,3.30
2010.03.31 08:12:48.913,7.2264,7.2285,1.00,1.00
2010.03.31 08:12:53.605,7.2265,7.2286,1.00,1.20
2010.03.31 08:12:53.824,7.2265,7.22885,1.00,1.60
2010.03.31 08:12:53.932,7.2265,7.2289,1.00,1.00
2010.03.31 08:12:54.284,7.2269,7.22895,1.00,1.20
2010.03.31 08:12:54.746,7.2269,7.229,1.00,1.00
2010.03.31 08:12:58.277,7.227,7.22915,1.00,1.20
2010.03.31 08:12:58.461,7.227,7.229,1.00,1.00
2010.03.31 08:12:58.650,7.2269,7.229,1.00,1.00
2010.03.31 08:12:58.840,7.2271,7.229,1.00,1.00
2010.03.31 08:13:00.052,7.2271,7.2294,1.00,1.00
2010.03.31 08:13:00.702,7.2271,7.229,1.00,1.00
2010.03.31 08:13:01.665,7.2271,7.2289,1.00,1.00
2010.03.31 08:13:01.956,7.2267,7.22825,1.00,3.20
2010.03.31 08:13:02.859,7.2261,7.22825,1.00,3.20
2010.03.31 08:13:03.553,7.226,7.22825,1.00,3.20
2010.03.31 08:13:03.901,7.2266,7.2283,1.00,3.20
2010.03.31 08:13:04.457,7.226,7.2283,1.00,3.20
2010.03.31 08:13:04.801,7.2266,7.2283,1.00,3.20
2010.03.31 08:13:05.148,7.2266,7.22835,1.00,3.20
2010.03.31 08:13:07.269,7.2266,7.2288,1.00,4.40
2010.03.31 08:13:07.469,7.2266,7.2288,1.00,3.20
2010.03.31 08:13:07.668,7.2266,7.2289,1.00,3.20
2010.03.31 08:13:08.508,7.2266,7.2292,1.00,4.40
2010.03.31 08:13:08.799,7.22665,7.2292,1.60,1.20
2010.03.31 08:13:10.268,7.2266,7.2292,1.00,1.20
2010.03.31 08:13:11.385,7.22685,7.2292,1.60,1.20
2010.03.31 08:13:11.658,7.22695,7.2292,1.60,1.20
2010.03.31 08:13:12.097,7.22705,7.2292,1.60,1.20
2010.03.31 08:13:13.086,7.22715,7.2292,1.60,1.20
2010.03.31 08:13:13.377,7.22725,7.22945,1.60,3.20
2010.03.31 08:13:13.767,7.22705,7.22945,1.60,3.20
2010.03.31 08:13:14.123,7.22705,7.2293,1.60,1.20
2010.03.31 08:13:14.446,7.22745,7.22945,1.60,3.20
2010.03.31 08:13:14.772,7.22765,7.2297,1.60,1.20
2010.03.31 08:13:15.431,7.22775,7.2297,1.60,1.20
2010.03.31 08:13:15.780,7.22775,7.23,1.60,3.20
2010.03.31 08:13:17.131,7.22785,7.23,1.60,3.20
2010.03.31 08:13:17.489,7.22775,7.2298,1.60,1.20
2010.03.31 08:13:17.835,7.22765,7.2298,1.60,1.20
2010.03.31 08:13:18.472,7.2274,7.2298,1.00,1.20
2010.03.31 08:13:21.197,7.22745,7.22985,1.60,3.20
2010.03.31 08:13:21.397,7.2274,7.2301,1.00,1.20
2010.03.31 08:13:22.208,7.2281,7.23055,1.00,1.20
2010.03.31 08:13:23.332,7.2286,7.23055,1.00,1.20
2010.03.31 08:13:25.937,7.2286,7.2301,1.00,1.20
2010.03.31 08:13:27.036,7.2286,7.2301,1.00,1.40
2010.03.31 08:13:29.751,7.2286,7.2298,1.00,1.20
2010.03.31 08:13:30.025,7.2276,7.2298,1.00,1.20
2010.03.31 08:13:30.299,7.2276,7.22955,1.00,1.20
2010.03.31 08:13:31.280,7.2277,7.22955,1.00,1.20
2010.03.31 08:13:32.407,7.2277,7.2296,1.00,1.00
2010.03.31 08:13:32.752,7.2277,7.22955,1.00,1.20
2010.03.31 08:13:33.081,7.2277,7.2297,1.00,3.20
2010.03.31 08:13:34.140,7.2277,7.2298,1.00,4.40
2010.03.31 08:13:34.827,7.2276,7.2298,1.00,1.20
2010.03.31 08:13:35.180,7.2276,7.23,1.00,1.20
2010.03.31 08:13:43.192,7.2277,7.2303,1.00,4.40
2010.03.31 08:13:43.532,7.2279,7.2303,1.00,4.40
2010.03.31 08:13:43.586,7.2279,7.23025,1.00,3.20
2010.03.31 08:13:43.738,7.2279,7.2301,1.00,1.00
2010.03.31 08:13:43.956,7.2279,7.2301,1.00,1.40
2010.03.31 08:13:46.150,7.2282,7.2303,1.00,1.20
2010.03.31 08:13:46.428,7.2279,7.2303,1.00,1.20
2010.03.31 08:13:46.979,7.2279,7.2301,1.00,1.00
2010.03.31 08:13:47.591,7.2279,7.2301,1.00,1.40
2010.03.31 08:13:48.279,7.2279,7.2302,1.00,1.20
2010.03.31 08:13:48.409,7.2279,7.2303,1.00,1.20
2010.03.31 08:13:50.298,7.2279,7.2301,1.00,1.00
2010.03.31 08:13:50.629,7.2279,7.2301,1.00,1.40
2010.03.31 08:13:51.012,7.2282,7.2301,1.00,1.20
2010.03.31 08:13:51.344,7.2282,7.2305,1.00,1.20
2010.03.31 08:13:51.589,7.2282,7.2305,1.00,1.20
2010.03.31 08:13:52.078,7.2283,7.2305,1.00,1.20
2010.03.31 08:13:52.852,7.2283,7.23075,1.00,1.20
2010.03.31 08:13:54.447,7.2282,7.23055,1.00,1.20
2010.03.31 08:13:55.322,7.2282,7.2303,1.00,1.00
2010.03.31 08:13:56.349,7.2282,7.23035,1.00,1.20
2010.03.31 08:13:56.640,7.2282,7.23055,1.00,1.20
2010.03.31 08:13:57.813,7.2282,7.2303,1.00,1.00
2010.03.31 08:13:58.145,7.2279,7.2303,1.00,1.00
2010.03.31 08:13:58.466,7.2279,7.2302,1.00,1.00
2010.03.31 08:13:58.656,7.2279,7.2302,1.00,1.40
2010.03.31 08:13:58.848,7.2279,7.2304,1.00,3.20
2010.03.31 08:13:59.373,7.2279,7.2302,1.00,1.40
2010.03.31 08:14:00.057,7.2279,7.23,1.00,1.00
2010.03.31 08:14:01.079,7.2275,7.2294,1.00,1.00
2010.03.31 08:14:05.947,7.2275,7.2289,1.00,1.00
2010.03.31 08:14:06.157,7.227,7.2289,1.00,1.00
2010.03.31 08:14:06.362,7.227,7.22915,1.00,4.40
2010.03.31 08:14:06.767,7.227,7.2289,1.00,1.00
2010.03.31 08:14:08.899,7.227,7.2288,1.00,1.00
2010.03.31 08:14:09.516,7.2271,7.2288,1.00,1.00
2010.03.31 08:14:14.821,7.2271,7.22925,1.00,1.20
2010.03.31 08:14:15.301,7.2272,7.22925,1.00,1.20
2010.03.31 08:14:17.050,7.2272,7.2293,1.00,1.00
2010.03.31 08:14:17.504,7.2272,7.22925,1.00,1.20
2010.03.31 08:14:20.999,7.2272,7.2292,1.00,1.00
2010.03.31 08:14:25.261,7.2265,7.2277,1.00,3.20
2010.03.31 08:14:25.500,7.2265,7.2276,1.00,3.20
2010.03.31 08:14:25.851,7.2245,7.2277,1.00,3.20
2010.03.31 08:14:26.395,7.2247,7.2271,1.00,1.00
2010.03.31 08:14:26.745,7.2247,7.2273,1.00,3.20
2010.03.31 08:14:27.029,7.2251,7.2273,1.00,3.30
2010.03.31 08:14:27.309,7.22525,7.2273,1.60,3.20
2010.03.31 08:14:27.886,7.2254,7.2286,3.20,3.20
2010.03.31 08:14:28.160,7.2252,7.22845,3.20,3.20
2010.03.31 08:14:28.429,7.2254,7.22845,1.00,3.20
2010.03.31 08:14:30.024,7.2258,7.22815,1.00,1.60
2010.03.31 08:14:30.328,7.22595,7.22815,1.00,1.60
2010.03.31 08:14:31.848,7.2259,7.22805,1.00,1.60
2010.03.31 08:14:32.117,7.226,7.22815,1.00,1.60
2010.03.31 08:14:32.707,7.226,7.22825,1.00,1.60
2010.03.31 08:14:34.338,7.2259,7.22825,1.00,1.60
2010.03.31 08:14:34.469,7.2259,7.22815,1.00,1.60
2010.03.31 08:14:34.759,7.2259,7.22815,1.00,1.60
2010.03.31 08:14:35.049,7.226,7.22825,1.00,1.60
2010.03.31 08:14:36.234,7.2261,7.22835,1.00,1.60
2010.03.31 08:14:39.722,7.2261,7.22845,1.00,1.60
2010.03.31 08:14:43.526,7.2261,7.22835,1.00,1.60
2010.03.31 08:14:43.600,7.2262,7.2279,1.00,1.00
2010.03.31 08:14:44.589,7.2258,7.2279,1.00,1.00
2010.03.31 08:14:45.930,7.2258,7.22775,1.00,1.20
2010.03.31 08:14:46.280,7.2258,7.22795,1.00,1.20
2010.03.31 08:14:46.624,7.2258,7.22775,1.00,1.20
2010.03.31 08:14:48.665,7.22515,7.2277,1.00,3.20
2010.03.31 08:14:51.813,7.22515,7.22795,1.00,1.20
2010.03.31 08:14:52.982,7.2254,7.22795,1.00,1.20
2010.03.31 08:14:58.323,7.2254,7.2279,1.00,1.00
2010.03.31 08:14:58.468,7.2255,7.2281,1.00,1.20
2010.03.31 08:15:00.835,7.2255,7.22785,1.00,1.20
2010.03.31 08:15:01.073,7.2254,7.22785,1.00,1.20
2010.03.31 08:15:01.300,7.2255,7.22785,1.00,1.20
2010.03.31 08:15:02.195,7.2254,7.22785,1.00,1.20
2010.03.31 08:15:02.566,7.2254,7.22685,1.00,3.20
2010.03.31 08:15:02.935,7.2244,7.22785,3.20,3.20
2010.03.31 08:15:03.031,7.2244,7.22785,3.50,3.20
2010.03.31 08:15:03.121,7.22455,7.228,3.20,3.20
2010.03.31 08:15:03.757,7.22465,7.22805,3.20,1.20
2010.03.31 08:15:04.197,7.2249,7.22765,3.20,1.20
2010.03.31 08:15:04.547,7.2247,7.22765,1.00,1.20
2010.03.31 08:15:05.597,7.2253,7.22775,1.00,1.20
2010.03.31 08:15:06.270,7.2253,7.2271,1.00,1.00
2010.03.31 08:15:07.296,7.2252,7.2271,1.00,1.00
2010.03.31 08:15:08.178,7.2253,7.2271,1.00,1.00
2010.03.31 08:15:11.305,7.22505,7.2271,3.20,1.00
2010.03.31 08:15:11.496,7.2249,7.2271,3.70,1.00
2010.03.31 08:15:12.199,7.2252,7.2272,1.00,1.00
2010.03.31 08:15:12.459,7.2252,7.2272,3.50,1.00
2010.03.31 08:15:12.984,7.22555,7.2272,3.20,1.00
2010.03.31 08:15:13.181,7.2254,7.2272,3.50,1.00
2010.03.31 08:15:14.669,7.2255,7.2272,1.00,1.00
2010.03.31 08:15:15.021,7.2262,7.22875,1.00,1.20
2010.03.31 08:15:15.678,7.226,7.22875,1.00,1.20
2010.03.31 08:15:21.763,7.2262,7.2287,1.00,3.20
2010.03.31 08:15:22.335,7.2265,7.22885,1.00,3.20
2010.03.31 08:15:22.573,7.2272,7.2295,1.00,3.20
2010.03.31 08:15:23.257,7.227,7.2298,1.00,1.20
2010.03.31 08:15:23.627,7.2272,7.23,1.00,1.20
2010.03.31 08:15:23.983,7.22715,7.2299,3.20,1.40
2010.03.31 08:15:24.682,7.2271,7.22965,1.00,1.20
2010.03.31 08:15:25.028,7.2272,7.22965,1.00,1.20
2010.03.31 08:15:28.353,7.2272,7.22975,1.00,1.20
2010.03.31 08:15:28.590,7.2272,7.22965,1.00,1.20
2010.03.31 08:15:29.482,7.2272,7.22975,1.00,1.20
2010.03.31 08:15:32.998,7.2271,7.22975,1.00,1.20
2010.03.31 08:15:33.696,7.2271,7.22975,1.00,1.20
2010.03.31 08:15:34.117,7.22725,7.2298,3.20,1.00
2010.03.31 08:15:34.451,7.227,7.22895,1.00,1.60
2010.03.31 08:15:34.791,7.2263,7.22885,1.00,3.20
2010.03.31 08:15:35.127,7.22705,7.2302,3.20,1.20
2010.03.31 08:15:35.781,7.2269,7.22995,3.20,1.20
2010.03.31 08:15:36.131,7.22665,7.22955,3.20,1.20
2010.03.31 08:15:36.478,7.2265,7.22905,1.00,1.20
2010.03.31 08:15:37.449,7.22605,7.22905,3.20,2.80
2010.03.31 08:15:37.761,7.22605,7.22895,3.20,1.60
2010.03.31 08:15:39.508,7.22605,7.22885,3.20,1.60
2010.03.31 08:15:39.869,7.226,7.22905,3.20,6.00
2010.03.31 08:15:41.048,7.22585,7.2287,3.20,1.20
2010.03.31 08:15:41.241,7.2258,7.2287,1.00,1.20
2010.03.31 08:15:41.430,7.2258,7.2287,1.00,4.40
2010.03.31 08:15:41.627,7.22595,7.2287,3.20,1.20
2010.03.31 08:15:45.959,7.226,7.2287,1.00,1.20
2010.03.31 08:15:46.251,7.226,7.2286,1.00,1.20
2010.03.31 08:15:49.866,7.226,7.2286,1.00,2.80
2010.03.31 08:15:49.997,7.226,7.22835,1.00,1.20
2010.03.31 08:15:51.811,7.226,7.22795,1.00,1.20
2010.03.31 08:15:51.988,7.2258,7.22795,1.00,1.20
2010.03.31 08:15:53.625,7.2258,7.22805,1.00,1.20
2010.03.31 08:15:58.718,7.2258,7.22825,1.00,1.20
2010.03.31 08:15:59.553,7.2266,7.22845,1.00,1.20
2010.03.31 08:16:02.576,7.2268,7.2287,1.00,1.60
2010.03.31 08:16:02.785,7.2268,7.22875,1.00,1.20
2010.03.31 08:16:03.624,7.2268,7.22855,1.00,1.20
2010.03.31 08:16:04.200,7.2268,7.22875,1.00,1.20
2010.03.31 08:16:05.537,7.2268,7.22825,1.00,1.20
2010.03.31 08:16:12.424,7.2268,7.22845,1.00,1.20
2010.03.31 08:16:13.321,7.2268,7.22835,1.00,1.20
2010.03.31 08:16:14.056,7.2268,7.2281,1.00,1.20
2010.03.31 08:16:17.272,7.2268,7.2277,1.00,1.20
2010.03.31 08:16:17.949,7.2268,7.2275,1.00,1.20
2010.03.31 08:16:18.431,7.22675,7.2275,1.00,1.20
2010.03.31 08:16:20.382,7.22645,7.2273,1.00,1.20
2010.03.31 08:16:21.127,7.22645,7.2277,1.00,1.60
2010.03.31 08:16:21.460,7.22675,7.22825,1.00,1.20
2010.03.31 08:16:22.102,7.2268,7.22825,1.00,1.20
2010.03.31 08:16:22.913,7.2268,7.228,1.00,1.20
2010.03.31 08:16:23.685,7.2268,7.22825,1.00,1.20
2010.03.31 08:16:32.342,7.2268,7.228,1.00,1.20
2010.03.31 08:16:33.004,7.2268,7.22825,1.00,1.20
2010.03.31 08:16:41.499,7.2268,7.228,1.00,1.20
2010.03.31 08:16:46.593,7.2267,7.22845,1.00,1.20
2010.03.31 08:16:52.496,7.2268,7.2288,1.00,1.20
2010.03.31 08:16:53.162,7.2268,7.2287,1.00,1.20
2010.03.31 08:16:53.442,7.227,7.2287,1.00,1.20
2010.03.31 08:16:53.722,7.2271,7.2287,1.00,1.20
2010.03.31 08:16:54.219,7.2264,7.2287,1.00,1.20
2010.03.31 08:16:54.398,7.2266,7.2289,3.20,1.20
2010.03.31 08:16:54.915,7.22665,7.2289,3.20,1.20
2010.03.31 08:16:57.023,7.227,7.22945,1.00,1.20
2010.03.31 08:16:57.282,7.22715,7.22945,3.20,1.20
2010.03.31 08:16:58.075,7.2274,7.22945,1.00,1.20
2010.03.31 08:16:59.076,7.2274,7.2296,1.00,1.20
2010.03.31 08:16:59.309,7.2276,7.2296,1.00,1.20
2010.03.31 08:17:03.255,7.2276,7.22925,1.00,1.20
2010.03.31 08:17:08.131,7.2276,7.22945,1.00,1.20
2010.03.31 08:17:14.287,7.2276,7.22945,1.00,1.20
2010.03.31 08:17:14.377,7.2276,7.22995,1.00,1.20
2010.03.31 08:17:15.112,7.22765,7.22995,3.20,1.20
2010.03.31 08:17:15.456,7.2279,7.22995,1.00,1.20
2010.03.31 08:17:23.384,7.228,7.22995,1.00,1.20
2010.03.31 08:17:34.272,7.228,7.2298,1.00,1.20
2010.03.31 08:17:36.421,7.228,7.23,1.00,1.20
2010.03.31 08:17:51.067,7.228,7.2301,1.00,1.20
2010.03.31 08:18:00.098,7.2283,7.23065,1.00,1.20
2010.03.31 08:18:00.899,7.2283,7.23065,1.00,1.20
2010.03.31 08:18:02.787,7.2283,7.23045,1.00,1.20
2010.03.31 08:18:10.163,7.2282,7.23045,1.00,1.20
2010.03.31 08:18:23.414,7.2283,7.23045,1.00,1.20
2010.03.31 08:18:23.585,7.2282,7.23045,1.00,1.20
2010.03.31 08:18:25.731,7.2283,7.23065,1.00,1.20
2010.03.31 08:18:26.339,7.22835,7.23065,3.20,1.20
2010.03.31 08:18:27.842,7.2282,7.23045,1.00,1.20
2010.03.31 08:18:29.322,7.2282,7.23025,1.00,1.20
2010.03.31 08:18:32.577,7.2283,7.2303,1.00,1.20
2010.03.31 08:18:33.229,7.2282,7.2302,1.00,1.20
2010.03.31 08:18:35.523,7.2282,7.2299,1.00,1.20
2010.03.31 08:18:35.722,7.2282,7.2297,1.00,1.20
2010.03.31 08:18:36.528,7.2272,7.2299,1.00,1.20
2010.03.31 08:18:36.869,7.2277,7.2299,1.00,1.20
2010.03.31 08:18:38.750,7.2279,7.2297,1.00,1.20
2010.03.31 08:18:38.864,7.2279,7.2299,1.00,2.80
2010.03.31 08:18:38.968,7.2279,7.2299,1.00,1.20
2010.03.31 08:18:46.117,7.2279,7.2297,1.00,1.20
2010.03.31 08:18:51.595,7.2279,7.22935,1.00,1.20
2010.03.31 08:18:52.219,7.2268,7.22935,1.00,1.20
2010.03.31 08:18:52.923,7.22755,7.22935,1.00,1.20
2010.03.31 08:18:58.619,7.22775,7.22955,1.00,1.20
2010.03.31 08:19:01.952,7.22885,7.22955,1.60,1.20
2010.03.31 08:19:02.352,7.22885,7.2298,1.60,1.00
2010.03.31 08:19:04.101,7.2293,7.2298,1.00,1.00
2010.03.31 08:19:04.230,7.2293,7.2301,1.00,1.50
2010.03.31 08:19:05.080,7.2296,7.2301,1.00,1.50
2010.03.31 08:19:05.516,7.2296,7.2314,1.00,1.20
2010.03.31 08:19:06.107,7.2302,7.23195,1.00,2.80
2010.03.31 08:19:06.846,7.2302,7.23175,1.00,1.20
2010.03.31 08:19:08.094,7.2302,7.23185,1.00,1.20
2010.03.31 08:19:09.553,7.2308,7.23235,1.00,1.20
2010.03.31 08:19:09.716,7.2308,7.23255,1.00,1.20
2010.03.31 08:19:10.599,7.2313,7.2328,1.00,1.20
2010.03.31 08:19:12.476,7.2313,7.23265,1.00,1.20
2010.03.31 08:19:12.684,7.2313,7.2328,1.00,1.20
2010.03.31 08:19:14.980,7.2312,7.2328,1.00,1.20
2010.03.31 08:19:15.847,7.2309,7.23305,1.00,1.20
2010.03.31 08:19:16.643,7.231,7.23285,1.00,1.20
2010.03.31 08:19:17.171,7.231,7.23285,1.00,2.80
2010.03.31 08:19:17.670,7.231,7.2326,1.00,1.20
2010.03.31 08:19:22.853,7.231,7.2323,1.00,1.20
2010.03.31 08:19:23.450,7.2305,7.2323,1.00,1.20
2010.03.31 08:19:26.910,7.2305,7.2323,1.00,1.40
2010.03.31 08:19:27.428,7.2305,7.2323,1.00,1.20
2010.03.31 08:19:27.633,7.2305,7.23215,1.00,1.20
2010.03.31 08:19:27.826,7.2305,7.23205,1.00,1.20
2010.03.31 08:19:34.325,7.2305,7.23155,1.00,1.20
2010.03.31 08:19:34.973,7.2298,7.23155,1.00,1.20
2010.03.31 08:19:35.321,7.2298,7.2316,1.00,1.20
2010.03.31 08:19:35.666,7.2298,7.23155,1.00,1.20
2010.03.31 08:19:39.023,7.2298,7.2317,1.00,3.20
2010.03.31 08:19:39.158,7.2298,7.23175,1.00,1.20
2010.03.31 08:19:41.061,7.2298,7.23195,1.00,1.20
2010.03.31 08:19:42.172,7.2298,7.23205,1.00,1.20
2010.03.31 08:19:45.434,7.2298,7.23185,1.00,1.20
2010.03.31 08:19:58.409,7.22995,7.23185,1.60,1.20
2010.03.31 08:19:58.679,7.22995,7.23205,1.60,1.20
2010.03.31 08:20:01.268,7.22995,7.23225,1.60,3.20
2010.03.31 08:20:01.437,7.23015,7.23225,1.60,3.20
2010.03.31 08:20:01.607,7.23015,7.23235,1.60,1.20
2010.03.31 08:20:03.242,7.23025,7.23245,1.60,3.20
2010.03.31 08:20:03.419,7.23025,7.2326,1.60,1.20
2010.03.31 08:20:05.439,7.23015,7.2326,1.60,1.40
2010.03.31 08:20:05.944,7.23015,7.23235,1.60,1.20
2010.03.31 08:20:07.472,7.23025,7.23235,1.60,1.20
2010.03.31 08:20:08.065,7.23035,7.2326,1.60,1.20
2010.03.31 08:20:08.209,7.23045,7.2326,1.60,1.20
2010.03.31 08:20:09.666,7.23035,7.2326,1.60,1.20
2010.03.31 08:20:10.009,7.23035,7.23235,1.60,1.20
2010.03.31 08:20:11.216,7.23025,7.23235,1.60,1.20
2010.03.31 08:20:12.815,7.23015,7.23235,1.60,1.20
2010.03.31 08:20:13.074,7.23025,7.23235,1.60,1.20
2010.03.31 08:20:13.334,7.23005,7.23235,1.60,1.20
2010.03.31 08:20:13.734,7.22995,7.23235,1.60,1.20
2010.03.31 08:20:14.978,7.22995,7.2323,1.60,1.20
2010.03.31 08:20:19.845,7.22985,7.2322,1.60,1.00
2010.03.31 08:20:19.902,7.2297,7.2322,1.00,1.00
2010.03.31 08:20:20.003,7.2297,7.23205,1.00,1.20
2010.03.31 08:20:20.067,7.22955,7.232,1.60,1.00
2010.03.31 08:20:20.137,7.22945,7.232,1.60,1.00
2010.03.31 08:20:20.186,7.22945,7.23205,1.60,1.20
2010.03.31 08:20:20.577,7.22945,7.232,1.60,1.00
2010.03.31 08:20:20.934,7.22935,7.23175,1.60,1.20
2010.03.31 08:20:21.281,7.22945,7.23175,1.60,1.20
2010.03.31 08:20:23.284,7.2297,7.23195,1.00,1.20
2010.03.31 08:20:29.946,7.2297,7.23175,1.00,1.20
2010.03.31 08:20:30.120,7.2297,7.23195,1.00,1.20
2010.03.31 08:20:30.441,7.2297,7.23205,1.00,1.20
2010.03.31 08:20:44.390,7.2297,7.23205,1.00,2.80
2010.03.31 08:20:44.479,7.2292,7.2316,3.20,1.00
2010.03.31 08:20:44.569,7.2291,7.2316,1.00,1.00
2010.03.31 08:20:44.863,7.2291,7.23155,1.00,1.20
2010.03.31 08:20:45.893,7.2291,7.2316,1.00,1.40
2010.03.31 08:20:48.062,7.2286,7.2311,1.00,1.40
2010.03.31 08:20:48.257,7.2284,7.2305,3.20,1.00
2010.03.31 08:20:48.717,7.22825,7.2305,1.60,1.00
2010.03.31 08:20:48.978,7.2282,7.23075,1.00,1.20
2010.03.31 08:20:50.160,7.22825,7.23075,1.60,1.20
2010.03.31 08:20:50.519,7.2286,7.23095,1.00,1.20
2010.03.31 08:20:51.946,7.2282,7.2305,1.00,1.00
2010.03.31 08:20:52.100,7.2282,7.2305,1.00,1.00
2010.03.31 08:20:52.184,7.228,7.2305,1.00,1.00
2010.03.31 08:20:54.828,7.22775,7.2304,1.90,1.00
2010.03.31 08:20:54.955,7.22775,7.2302,1.60,1.20
2010.03.31 08:20:55.385,7.22795,7.23045,1.00,1.20
2010.03.31 08:21:03.907,7.22765,7.23,1.00,1.00
2010.03.31 08:21:04.098,7.2275,7.23,1.00,1.40
2010.03.31 08:21:05.235,7.2275,7.22995,1.00,1.20
2010.03.31 08:21:05.445,7.228,7.22995,1.00,1.20
2010.03.31 08:21:05.649,7.228,7.23035,1.00,1.20
2010.03.31 08:21:07.229,7.2275,7.22995,1.00,1.20
2010.03.31 08:21:08.269,7.227,7.2295,1.00,1.40
2010.03.31 08:21:09.164,7.22665,7.2294,1.90,1.30
2010.03.31 08:21:09.641,7.22665,7.22905,1.60,1.20
2010.03.31 08:21:09.812,7.227,7.22905,1.00,3.20
2010.03.31 08:21:09.987,7.227,7.22925,1.00,1.20
2010.03.31 08:21:17.433,7.22645,7.22885,1.60,1.20
2010.03.31 08:21:18.500,7.2267,7.22885,1.00,1.20
2010.03.31 08:21:18.794,7.2264,7.22885,1.00,1.20
2010.03.31 08:21:19.084,7.22675,7.22905,1.60,1.20
2010.03.31 08:21:19.372,7.22695,7.22905,1.60,1.20
2010.03.31 08:21:19.900,7.22695,7.2295,1.60,1.20
2010.03.31 08:21:22.587,7.22725,7.2295,1.60,1.20
2010.03.31 08:21:22.795,7.22725,7.2298,1.60,1.20
2010.03.31 08:21:23.864,7.22735,7.2299,1.60,1.20
2010.03.31 08:21:27.115,7.22745,7.2299,1.60,1.20
2010.03.31 08:21:27.586,7.22735,7.2299,1.60,1.20
2010.03.31 08:21:28.039,7.22745,7.23,1.60,2.40
2010.03.31 08:21:28.391,7.2274,7.23,1.00,2.40
2010.03.31 08:21:29.131,7.2274,7.23,1.00,3.60
2010.03.31 08:21:29.344,7.22765,7.23,1.60,3.60
2010.03.31 08:21:30.105,7.22785,7.2303,1.60,3.20
2010.03.31 08:21:30.321,7.22785,7.2306,1.60,1.20
2010.03.31 08:21:31.006,7.2283,7.2306,1.00,1.20
2010.03.31 08:21:32.132,7.2283,7.2311,1.00,1.20
2010.03.31 08:21:32.580,7.22835,7.2311,1.60,4.40
2010.03.31 08:21:32.782,7.22835,7.2309,1.60,1.20
2010.03.31 08:21:34.683,7.22845,7.2309,1.60,1.20
2010.03.31 08:21:34.827,7.2287,7.23115,1.00,1.20
2010.03.31 08:21:36.532,7.2288,7.23115,1.00,1.20
2010.03.31 08:21:36.848,7.2289,7.23115,1.00,1.20
2010.03.31 08:21:37.164,7.22925,7.23155,4.80,1.20
2010.03.31 08:21:37.820,7.2294,7.2319,3.20,1.20
2010.03.31 08:21:38.173,7.2292,7.2319,3.20,1.20
2010.03.31 08:21:38.528,7.22935,7.23215,1.00,1.20
2010.03.31 08:21:39.758,7.23,7.23275,1.00,1.20
2010.03.31 08:21:40.573,7.2303,7.233,1.00,3.20
2010.03.31 08:21:41.279,7.2303,7.2331,1.00,1.20
2010.03.31 08:21:44.396,7.23025,7.2329,3.20,1.20
2010.03.31 08:21:45.364,7.2301,7.2329,1.00,4.40
2010.03.31 08:21:53.705,7.2301,7.2329,3.50,1.20
2010.03.31 08:21:57.713,7.23045,7.23325,3.50,1.20
2010.03.31 08:21:57.940,7.2306,7.23325,3.20,1.20
2010.03.31 08:21:59.152,7.2307,7.2335,3.20,2.80
2010.03.31 08:21:59.669,7.2306,7.23325,3.20,1.20
2010.03.31 08:22:02.699,7.23055,7.23325,3.20,1.20
2010.03.31 08:22:04.998,7.23055,7.23305,3.20,1.20
2010.03.31 08:22:05.078,7.23045,7.23305,3.20,1.20
2010.03.31 08:22:05.807,7.23025,7.23305,1.00,1.20
2010.03.31 08:22:07.046,7.23025,7.23305,3.50,1.20
2010.03.31 08:22:08.346,7.23085,7.23305,1.60,1.20
2010.03.31 08:22:08.496,7.23095,7.23305,1.60,1.20
2010.03.31 08:22:09.341,7.23105,7.23305,1.60,1.20
2010.03.31 08:22:10.998,7.23095,7.23305,1.60,1.20
2010.03.31 08:22:11.188,7.23075,7.23285,1.60,1.20
2010.03.31 08:22:11.522,7.23085,7.23305,1.60,1.20
2010.03.31 08:22:12.636,7.23075,7.23305,1.60,1.20
2010.03.31 08:22:13.187,7.23085,7.23305,1.60,1.20
2010.03.31 08:22:15.404,7.23095,7.23305,1.60,1.20
2010.03.31 08:22:15.660,7.23055,7.23305,1.60,1.20
2010.03.31 08:22:17.360,7.23065,7.23305,1.60,1.20
2010.03.31 08:22:17.991,7.23165,7.23305,1.60,1.20
2010.03.31 08:22:18.169,7.23165,7.2345,1.60,1.20
2010.03.31 08:22:20.344,7.23175,7.2341,1.60,1.20
2010.03.31 08:22:20.638,7.23185,7.2341,1.60,1.20
2010.03.31 08:22:20.989,7.23285,7.2343,1.60,3.20
2010.03.31 08:22:21.660,7.23285,7.2347,1.60,3.20
2010.03.31 08:22:21.897,7.23275,7.2347,1.60,3.20
2010.03.31 08:22:22.133,7.23225,7.2347,1.60,3.20
2010.03.31 08:22:22.603,7.23225,7.2349,1.60,3.20
2010.03.31 08:22:23.184,7.23245,7.23505,1.60,3.20
2010.03.31 08:22:23.536,7.23235,7.23515,1.60,3.20
2010.03.31 08:22:23.892,7.23245,7.2351,1.60,3.20
2010.03.31 08:22:24.468,7.23235,7.23525,1.60,3.20
2010.03.31 08:22:24.733,7.23295,7.2351,1.60,3.20
2010.03.31 08:22:24.996,7.233,7.2357,3.20,1.20
2010.03.31 08:22:25.343,7.23295,7.2357,1.60,1.20
2010.03.31 08:22:25.683,7.23305,7.2357,1.60,1.20
2010.03.31 08:22:26.370,7.2332,7.2357,1.00,1.20
2010.03.31 08:22:26.943,7.2333,7.2357,1.00,1.20
2010.03.31 08:22:27.824,7.2323,7.2351,1.00,3.20
2010.03.31 08:22:28.437,7.23235,7.2351,1.60,3.20
2010.03.31 08:22:28.903,7.23335,7.23515,1.60,4.40
2010.03.31 08:22:29.062,7.23345,7.23535,1.60,3.20
2010.03.31 08:22:29.386,7.23345,7.236,1.60,1.20
2010.03.31 08:22:30.272,7.2339,7.236,1.00,1.20
2010.03.31 08:22:31.083,7.2335,7.23545,3.20,3.20
2010.03.31 08:22:31.738,7.23275,7.23525,1.60,3.20
2010.03.31 08:22:32.092,7.23275,7.2354,1.60,3.20
2010.03.31 08:22:32.309,7.23285,7.2354,1.60,3.20
2010.03.31 08:22:33.152,7.23315,7.2355,1.60,3.20
2010.03.31 08:22:33.868,7.23395,7.236,1.60,3.20
2010.03.31 08:22:34.207,7.23395,7.23655,1.60,1.20
2010.03.31 08:22:35.100,7.2344,7.23655,1.00,1.20
2010.03.31 08:22:36.213,7.2347,7.23685,1.00,1.20
2010.03.31 08:22:37.146,7.2346,7.23685,1.00,1.20
2010.03.31 08:22:37.431,7.23295,7.2359,1.90,3.20
2010.03.31 08:22:37.992,7.23355,7.23595,1.00,3.20
2010.03.31 08:22:38.275,7.2336,7.2366,1.00,1.20
2010.03.31 08:22:38.778,7.23385,7.23615,1.60,3.20
2010.03.31 08:22:39.024,7.23395,7.23615,1.60,3.20
2010.03.31 08:22:41.871,7.23405,7.23615,1.60,3.20
2010.03.31 08:22:43.376,7.23455,7.23735,4.80,1.20
2010.03.31 08:22:43.923,7.235,7.23735,1.00,1.20
2010.03.31 08:22:44.851,7.23365,7.2366,1.00,1.20
2010.03.31 08:22:45.211,7.23345,7.2364,1.90,3.20
2010.03.31 08:22:45.454,7.23345,7.2363,1.00,3.20
2010.03.31 08:22:48.929,7.23365,7.23645,1.00,1.20
2010.03.31 08:22:49.178,7.23365,7.2363,1.00,3.20
2010.03.31 08:22:51.798,7.23365,7.23635,1.00,3.20
2010.03.31 08:22:52.350,7.23365,7.2363,1.00,3.20
2010.03.31 08:22:52.600,7.2334,7.23615,1.00,3.20
2010.03.31 08:22:53.152,7.2331,7.2359,1.00,1.20
2010.03.31 08:22:53.501,7.2331,7.2359,1.00,4.40
2010.03.31 08:22:53.851,7.23335,7.23615,1.00,4.40
2010.03.31 08:22:54.197,7.23335,7.23615,1.00,1.20
2010.03.31 08:22:55.275,7.2334,7.23615,1.00,1.20
2010.03.31 08:22:55.936,7.2339,7.2363,1.00,4.40
2010.03.31 08:22:56.156,7.2339,7.2363,1.00,1.20
2010.03.31 08:22:57.056,7.2334,7.2361,1.00,1.20
2010.03.31 08:22:57.781,7.2339,7.2361,1.00,1.20
2010.03.31 08:22:58.084,7.2339,7.2357,1.00,1.00
2010.03.31 08:23:01.565,7.2344,7.2357,1.00,1.00
2010.03.31 08:23:03.098,7.234,7.2357,1.00,1.00
2010.03.31 08:23:03.446,7.234,7.2358,1.00,1.00
2010.03.31 08:23:04.284,7.2339,7.2358,1.00,1.00
2010.03.31 08:23:10.947,7.2335,7.2358,1.00,1.00
2010.03.31 08:23:11.298,7.2335,7.2359,1.00,1.00
2010.03.31 08:23:15.853,7.234,7.2359,1.00,1.00
2010.03.31 08:23:15.964,7.234,7.236,1.00,1.00
2010.03.31 08:23:17.483,7.23395,7.236,1.00,3.20
2010.03.31 08:23:17.733,7.23395,7.23575,1.00,3.20
2010.03.31 08:23:18.315,7.23395,7.2356,1.00,3.20
2010.03.31 08:23:20.873,7.23375,7.23525,1.00,3.20
2010.03.31 08:23:21.363,7.23375,7.2351,1.00,3.20
2010.03.31 08:23:22.630,7.23085,7.2342,1.90,6.40
2010.03.31 08:23:24.430,7.23135,7.2338,1.60,3.20
2010.03.31 08:23:27.767,7.23135,7.23385,1.60,3.20
2010.03.31 08:23:29.007,7.23135,7.2338,1.60,3.20
2010.03.31 08:23:29.076,7.23135,7.23385,1.60,3.20
2010.03.31 08:23:29.747,7.23135,7.2338,1.60,3.20
2010.03.31 08:23:30.687,7.23155,7.2338,1.00,3.20
2010.03.31 08:23:30.940,7.23155,7.2344,3.50,1.00
2010.03.31 08:23:32.056,7.2318,7.2344,1.00,1.00
2010.03.31 08:23:33.206,7.2319,7.2344,1.00,1.00
2010.03.31 08:23:37.191,7.2324,7.2346,1.00,1.00
2010.03.31 08:23:37.485,7.2324,7.2345,1.00,1.20
2010.03.31 08:23:40.322,7.2325,7.2348,1.00,5.60
2010.03.31 08:23:40.480,7.2325,7.23465,1.00,1.20
2010.03.31 08:23:40.930,7.2324,7.2346,1.00,1.00
2010.03.31 08:23:41.092,7.2329,7.235,1.00,1.00
2010.03.31 08:23:43.555,7.233,7.23505,1.00,1.20
2010.03.31 08:23:43.875,7.2336,7.2354,3.20,1.20
2010.03.31 08:23:45.504,7.2337,7.2354,3.20,1.20
2010.03.31 08:23:46.085,7.2327,7.2352,1.00,1.20
2010.03.31 08:23:46.283,7.2328,7.2352,1.00,1.20
2010.03.31 08:23:48.037,7.2329,7.2352,1.00,1.20
2010.03.31 08:23:48.259,7.2329,7.2351,1.00,1.00
2010.03.31 08:23:49.249,7.233,7.2352,1.00,1.20
2010.03.31 08:23:50.568,7.2329,7.2351,1.00,1.00
2010.03.31 08:23:50.725,7.233,7.2352,1.00,1.20
2010.03.31 08:23:51.719,7.2329,7.2351,1.00,1.00
2010.03.31 08:23:52.050,7.233,7.2352,1.00,1.20
2010.03.31 08:23:53.792,7.2329,7.2351,1.00,1.00
2010.03.31 08:23:55.092,7.233,7.2352,1.00,1.20
2010.03.31 08:23:55.291,7.23335,7.2352,3.20,1.20
2010.03.31 08:23:55.493,7.2337,7.23595,3.20,1.20
2010.03.31 08:23:55.782,7.23335,7.23595,3.20,1.20
2010.03.31 08:23:59.403,7.2335,7.2363,1.00,3.60
2010.03.31 08:23:59.605,7.2337,7.23645,1.00,5.60
2010.03.31 08:24:00.732,7.2335,7.2363,1.00,3.60
2010.03.31 08:24:01.089,7.23325,7.2363,3.50,8.40
2010.03.31 08:24:01.638,7.23325,7.23555,3.20,1.20
2010.03.31 08:24:01.987,7.23275,7.2354,1.00,3.20
2010.03.31 08:24:05.543,7.23315,7.23595,1.00,4.40
2010.03.31 08:24:06.130,7.23295,7.23575,1.00,1.20
2010.03.31 08:24:06.438,7.23315,7.2359,1.00,3.20
2010.03.31 08:24:06.730,7.23315,7.23595,1.00,1.20
2010.03.31 08:24:08.808,7.23315,7.23595,1.00,4.40
2010.03.31 08:24:08.977,7.23295,7.23575,1.90,1.20
2010.03.31 08:24:09.148,7.23315,7.23595,1.00,4.40
2010.03.31 08:24:09.695,7.2335,7.23595,3.20,1.20
2010.03.31 08:24:09.938,7.2336,7.23595,3.20,1.20
2010.03.31 08:24:12.586,7.23415,7.2365,3.20,1.20
2010.03.31 08:24:14.257,7.23385,7.23635,3.20,1.20
2010.03.31 08:24:17.426,7.23385,7.23635,3.20,2.80
2010.03.31 08:24:17.629,7.2336,7.2361,3.20,1.20
2010.03.31 08:24:30.922,7.23415,7.2361,1.60,1.20
2010.03.31 08:24:31.843,7.23415,7.23625,1.60,1.20
2010.03.31 08:24:32.858,7.23415,7.2365,1.60,1.20
2010.03.31 08:24:33.335,7.23425,7.2363,1.60,1.20
2010.03.31 08:24:33.833,7.23425,7.2365,1.60,1.20
2010.03.31 08:24:34.107,7.23435,7.2365,1.60,1.20
2010.03.31 08:24:35.267,7.23445,7.2365,1.60,1.20
2010.03.31 08:24:35.574,7.23445,7.2366,1.60,1.00
2010.03.31 08:24:37.291,7.23455,7.2366,1.60,1.00
2010.03.31 08:24:39.482,7.23435,7.2366,1.60,1.00
2010.03.31 08:24:39.641,7.23455,7.2366,1.60,1.00
2010.03.31 08:24:40.050,7.23445,7.2366,1.60,1.00
2010.03.31 08:24:41.047,7.23435,7.2366,1.60,1.00
2010.03.31 08:24:46.516,7.23445,7.2366,1.60,1.00
2010.03.31 08:24:49.168,7.23425,7.2366,1.60,1.00
2010.03.31 08:24:49.370,7.23405,7.2366,1.60,2.80
2010.03.31 08:24:49.579,7.23395,7.23635,1.60,1.20
2010.03.31 08:24:51.296,7.23405,7.23635,1.60,1.20
2010.03.31 08:24:51.991,7.23385,7.23615,1.60,1.20
2010.03.31 08:24:52.418,7.23385,7.23635,1.60,1.20
2010.03.31 08:24:54.211,7.23395,7.23635,1.60,1.20
2010.03.31 08:24:55.447,7.23385,7.23635,1.60,1.20
2010.03.31 08:24:55.754,7.23395,7.23635,1.60,1.20
2010.03.31 08:24:57.006,7.23395,7.23615,1.60,1.20
2010.03.31 08:24:57.251,7.23395,7.23635,1.60,1.20
2010.03.31 08:25:03.258,7.23385,7.23635,1.60,1.20
2010.03.31 08:25:03.444,7.23385,7.23615,1.60,1.20
2010.03.31 08:25:12.042,7.23365,7.23615,1.60,1.20
2010.03.31 08:25:12.901,7.23375,7.23615,1.60,1.20
2010.03.31 08:25:14.833,7.23355,7.23615,1.60,1.20
2010.03.31 08:25:15.054,7.23375,7.23615,1.60,1.20
2010.03.31 08:25:16.115,7.23365,7.23615,1.60,1.20
2010.03.31 08:25:16.465,7.23365,7.23515,1.60,3.20
2010.03.31 08:25:16.814,7.23235,7.2354,1.00,8.00
2010.03.31 08:25:18.090,7.2326,7.23495,1.00,4.80
2010.03.31 08:25:18.331,7.23255,7.23495,1.00,4.80
2010.03.31 08:25:18.965,7.2326,7.2348,1.00,1.00
2010.03.31 08:25:19.182,7.23255,7.2347,1.00,1.00
2010.03.31 08:25:22.198,7.2327,7.2349,1.00,1.00
2010.03.31 08:25:22.544,7.23255,7.2347,1.00,1.00
2010.03.31 08:25:23.057,7.2327,7.2349,1.00,1.00
2010.03.31 08:25:23.346,7.23255,7.2347,1.00,1.00
2010.03.31 08:25:23.880,7.2327,7.2349,1.00,1.00
2010.03.31 08:25:24.750,7.23225,7.2347,1.00,1.00
2010.03.31 08:25:25.312,7.2321,7.2343,1.00,1.00
2010.03.31 08:25:27.198,7.2322,7.2343,1.00,1.00
2010.03.31 08:25:36.870,7.2317,7.2341,1.00,1.00
2010.03.31 08:25:40.141,7.2316,7.2337,1.00,1.00
2010.03.31 08:25:41.640,7.2312,7.2336,1.00,1.00
2010.03.31 08:25:43.098,7.2317,7.2337,1.00,1.00
2010.03.31 08:25:47.252,7.2322,7.23405,1.00,3.20
2010.03.31 08:25:47.577,7.2322,7.2342,1.00,1.00
2010.03.31 08:25:48.871,7.2318,7.2341,1.00,1.00
2010.03.31 08:25:50.068,7.2322,7.2342,1.00,1.00
2010.03.31 08:25:50.651,7.2318,7.2341,1.00,1.00
2010.03.31 08:25:50.931,7.2322,7.2342,1.00,3.30
2010.03.31 08:25:51.213,7.2322,7.2342,1.00,1.00
2010.03.31 08:25:52.478,7.2318,7.2341,1.00,1.00
2010.03.31 08:25:54.130,7.2318,7.23405,1.00,3.20
2010.03.31 08:25:54.225,7.2318,7.2341,1.00,1.00
2010.03.31 08:25:54.318,7.2317,7.2337,1.00,1.00
2010.03.31 08:25:54.409,7.2318,7.2341,1.00,1.00
2010.03.31 08:25:54.970,7.2318,7.234,1.00,3.20
2010.03.31 08:25:55.065,7.2318,7.2341,1.00,1.00
2010.03.31 08:25:59.813,7.2323,7.2342,1.00,1.00
2010.03.31 08:25:59.852,7.2323,7.23415,1.00,3.20
2010.03.31 08:26:00.037,7.2323,7.2342,1.00,1.00
2010.03.31 08:26:00.470,7.2318,7.2341,1.00,1.00
2010.03.31 08:26:01.032,7.2313,7.2336,1.00,1.00
2010.03.31 08:26:01.752,7.2313,7.2336,1.00,3.30
2010.03.31 08:26:03.049,7.2313,7.2335,1.00,1.00
2010.03.31 08:26:03.647,7.2313,7.23355,1.00,1.00
2010.03.31 08:26:05.192,7.2312,7.2331,1.00,1.00
2010.03.31 08:26:06.948,7.2317,7.23345,1.00,3.20
2010.03.31 08:26:07.298,7.2313,7.2335,1.00,1.00
2010.03.31 08:26:08.471,7.2313,7.23335,1.00,3.20
2010.03.31 08:26:08.811,7.2313,7.2335,1.00,1.00
2010.03.31 08:26:09.693,7.2312,7.2331,1.00,1.00
2010.03.31 08:26:09.793,7.2312,7.2331,1.00,1.00
2010.03.31 08:26:11.026,7.2307,7.2326,1.00,1.00
2010.03.31 08:26:11.768,7.2304,7.2324,1.00,1.00
2010.03.31 08:26:12.110,7.2307,7.2326,1.00,1.00
2010.03.31 08:26:12.788,7.2304,7.2324,1.00,1.00
2010.03.31 08:26:13.150,7.2302,7.2324,1.00,1.00
2010.03.31 08:26:16.357,7.2307,7.2325,1.00,1.00
2010.03.31 08:26:16.603,7.2308,7.2328,1.00,3.20
2010.03.31 08:26:17.418,7.2308,7.233,1.00,1.00
2010.03.31 08:26:19.208,7.2307,7.2325,1.00,1.00
2010.03.31 08:26:19.418,7.2308,7.233,1.00,1.00
2010.03.31 08:26:22.729,7.2307,7.23285,1.00,3.20
2010.03.31 08:26:23.037,7.2307,7.23305,1.00,3.20
2010.03.31 08:26:23.720,7.2307,7.2332,1.00,4.60
2010.03.31 08:26:29.221,7.2307,7.233,1.00,1.20
2010.03.31 08:26:29.308,7.2305,7.2327,1.00,1.00
2010.03.31 08:26:33.023,7.2306,7.2327,1.00,1.00
2010.03.31 08:26:38.198,7.2302,7.2326,1.00,3.30
2010.03.31 08:26:39.719,7.2301,7.2322,1.00,1.00
2010.03.31 08:26:40.250,7.2297,7.232,1.00,1.00
2010.03.31 08:26:40.465,7.2296,7.232,1.00,1.00
2010.03.31 08:26:40.881,7.2301,7.23215,1.00,1.20
2010.03.31 08:26:41.105,7.2296,7.2319,1.00,3.20
2010.03.31 08:26:42.645,7.2296,7.232,1.00,3.30
2010.03.31 08:26:42.994,7.22975,7.232,1.60,3.30
2010.03.31 08:26:43.683,7.22965,7.232,1.60,3.30
2010.03.31 08:26:44.504,7.22965,7.232,1.60,1.00
2010.03.31 08:26:46.050,7.2295,7.2316,1.00,1.00
2010.03.31 08:26:46.398,7.22965,7.2316,1.60,1.00
2010.03.31 08:26:46.744,7.22955,7.2316,1.60,1.00
2010.03.31 08:26:48.930,7.2296,7.2316,1.00,1.00
2010.03.31 08:26:51.134,7.22965,7.2316,1.60,1.00
2010.03.31 08:26:51.925,7.22965,7.23175,1.60,3.20
2010.03.31 08:26:52.560,7.2304,7.232,1.00,3.20
2010.03.31 08:26:53.086,7.2304,7.2326,1.00,1.00
2010.03.31 08:26:55.284,7.23025,7.2325,1.60,1.00
2010.03.31 08:26:56.740,7.2301,7.2321,1.00,1.00
2010.03.31 08:27:06.171,7.2302,7.2321,1.00,1.00
2010.03.31 08:27:08.814,7.23025,7.2321,1.60,1.00
2010.03.31 08:27:09.000,7.2307,7.2326,1.00,1.00
2010.03.31 08:27:09.993,7.2303,7.2325,1.00,1.00
2010.03.31 08:27:10.858,7.2307,7.2326,1.00,1.00
2010.03.31 08:27:14.096,7.2303,7.2325,1.00,1.00
2010.03.31 08:27:16.586,7.2299,7.2309,1.00,3.20
2010.03.31 08:27:16.902,7.22945,7.2309,1.00,3.20
2010.03.31 08:27:20.127,7.2296,7.2305,1.00,3.20
2010.03.31 08:27:20.252,7.22985,7.23215,1.60,1.60
2010.03.31 08:27:20.371,7.22985,7.2324,1.60,1.20
2010.03.31 08:27:22.054,7.2299,7.2322,1.00,1.20
2010.03.31 08:27:22.545,7.22985,7.2319,1.60,1.00
2010.03.31 08:27:22.749,7.22975,7.2319,1.60,1.00
2010.03.31 08:27:25.127,7.2298,7.232,1.00,1.40
2010.03.31 08:27:27.905,7.22945,7.2317,1.60,3.20
2010.03.31 08:27:28.981,7.2294,7.2316,1.00,1.00
2010.03.31 08:27:29.241,7.22965,7.2317,1.60,3.20
2010.03.31 08:27:29.502,7.22965,7.23195,1.60,1.20
2010.03.31 08:27:31.042,7.2298,7.23195,1.00,1.20
2010.03.31 08:27:52.491,7.2294,7.2317,1.00,1.20
2010.03.31 08:27:55.103,7.22945,7.2318,1.60,4.40
2010.03.31 08:27:55.318,7.2299,7.2322,1.00,1.20
2010.03.31 08:27:59.097,7.2299,7.2322,1.00,4.40
2010.03.31 08:28:02.782,7.2298,7.2319,1.00,1.00
2010.03.31 08:28:05.588,7.2298,7.2317,1.00,1.20
2010.03.31 08:28:05.692,7.2298,7.2317,1.00,1.20
2010.03.31 08:28:05.809,7.2298,7.2317,1.00,4.40
2010.03.31 08:28:05.869,7.2298,7.2317,1.00,3.20
2010.03.31 08:28:06.278,7.2298,7.2317,1.00,4.40
2010.03.31 08:28:06.345,7.2294,7.2317,1.00,3.20
2010.03.31 08:28:06.405,7.2294,7.2318,1.00,3.30
2010.03.31 08:28:06.463,7.2294,7.2317,1.00,1.20
2010.03.31 08:28:06.903,7.2294,7.2318,1.00,1.00
2010.03.31 08:28:07.266,7.2294,7.2317,1.00,1.20
2010.03.31 08:28:07.951,7.2294,7.2317,1.00,4.40
2010.03.31 08:28:10.578,7.2299,7.23175,1.00,3.20
2010.03.31 08:28:10.696,7.2299,7.2319,1.00,1.40
2010.03.31 08:28:27.065,7.2299,7.2318,1.00,1.00
2010.03.31 08:28:42.992,7.23,7.2318,1.00,1.00
2010.03.31 08:28:49.760,7.23,7.2319,1.00,1.20
2010.03.31 08:28:49.990,7.23,7.2322,1.00,4.60
2010.03.31 08:28:50.164,7.23,7.2322,1.00,1.40
2010.03.31 08:28:50.341,7.23,7.2322,1.00,4.60
2010.03.31 08:28:51.895,7.2305,7.2322,1.00,3.20
2010.03.31 08:28:52.246,7.2305,7.2323,1.00,1.00
2010.03.31 08:28:56.694,7.2299,7.2322,1.00,4.40
2010.03.31 08:28:57.216,7.2301,7.2323,1.00,3.20
2010.03.31 08:28:57.483,7.2301,7.2325,1.00,1.20
2010.03.31 08:28:58.690,7.2305,7.2325,1.00,4.40
2010.03.31 08:28:58.905,7.2305,7.2327,1.00,2.50
2010.03.31 08:28:59.333,7.2306,7.2327,1.00,2.40
2010.03.31 08:29:01.714,7.2305,7.2327,1.00,2.50
2010.03.31 08:29:07.176,7.2305,7.2326,1.00,1.00
2010.03.31 08:29:07.960,7.2303,7.2325,1.00,1.00
2010.03.31 08:29:10.278,7.2305,7.2327,1.00,3.80
2010.03.31 08:29:21.152,7.2305,7.2326,1.00,1.00
2010.03.31 08:29:27.613,7.2307,7.2327,1.00,3.60
2010.03.31 08:29:27.843,7.2307,7.2327,1.00,1.20
2010.03.31 08:29:28.075,7.2307,7.23305,1.00,1.20
2010.03.31 08:29:29.143,7.2302,7.23265,1.00,4.80
2010.03.31 08:29:29.986,7.2302,7.2324,1.00,1.00
2010.03.31 08:29:31.296,7.2304,7.23265,1.00,4.80
2010.03.31 08:29:31.664,7.23055,7.233,1.60,1.00
2010.03.31 08:29:33.391,7.2308,7.233,1.00,1.00
2010.03.31 08:29:33.834,7.2309,7.23305,1.00,1.20
2010.03.31 08:29:34.102,7.2309,7.23325,1.00,1.20
2010.03.31 08:29:44.601,7.2309,7.2334,1.00,1.00
2010.03.31 08:29:45.055,7.2314,7.23345,1.00,1.20
2010.03.31 08:29:46.702,7.231,7.23325,1.00,1.20
2010.03.31 08:29:47.304,7.2314,7.233,1.00,1.00
2010.03.31 08:29:47.554,7.231,7.233,1.00,1.00
2010.03.31 08:29:49.546,7.231,7.23325,1.00,1.20
2010.03.31 08:29:50.523,7.2314,7.23345,1.00,1.20
2010.03.31 08:29:51.244,7.231,7.2329,1.00,1.00
2010.03.31 08:29:51.542,7.231,7.23325,1.00,1.20
2010.03.31 08:29:52.667,7.231,7.2329,1.00,1.00
2010.03.31 08:30:00.075,7.231,7.233,1.00,1.00
2010.03.31 08:30:06.154,7.2311,7.23305,1.00,1.20
2010.03.31 08:30:06.284,7.2311,7.23305,1.00,1.20
2010.03.31 08:30:07.830,7.231,7.233,1.00,1.00
2010.03.31 08:30:08.273,7.2311,7.23305,1.00,1.20
2010.03.31 08:30:08.495,7.2311,7.23305,1.00,1.20
2010.03.31 08:30:10.378,7.231,7.233,1.00,1.00
2010.03.31 08:30:10.959,7.2311,7.23305,1.00,1.20
2010.03.31 08:30:13.203,7.231,7.233,1.00,1.00
2010.03.31 08:30:13.838,7.231,7.233,1.00,1.70
2010.03.31 08:30:13.998,7.231,7.233,1.00,1.00
2010.03.31 08:30:14.286,7.2311,7.23305,1.00,1.20
2010.03.31 08:30:15.659,7.231,7.2329,1.00,1.00
2010.03.31 08:30:16.013,7.2311,7.23305,1.00,1.20
2010.03.31 08:30:18.815,7.231,7.2329,1.00,1.00
2010.03.31 08:30:19.186,7.2311,7.23305,1.00,1.20
2010.03.31 08:30:19.973,7.231,7.2329,1.00,1.00
2010.03.31 08:30:20.158,7.2311,7.23305,1.00,1.20
2010.03.31 08:30:20.347,7.2311,7.23325,1.00,1.20
2010.03.31 08:30:22.454,7.231,7.2329,1.00,1.00
2010.03.31 08:30:23.052,7.2311,7.2332,1.00,3.20
2010.03.31 08:30:23.567,7.2311,7.23325,1.00,1.20
2010.03.31 08:30:24.460,7.231,7.2329,1.00,1.00
2010.03.31 08:30:24.768,7.2311,7.23325,1.00,1.20
2010.03.31 08:30:26.300,7.231,7.2329,1.00,1.00
2010.03.31 08:30:27.950,7.23105,7.23325,1.00,1.20
2010.03.31 08:30:29.149,7.2311,7.23325,1.00,1.20
2010.03.31 08:30:29.997,7.2311,7.2329,1.00,1.00
2010.03.31 08:30:30.991,7.2311,7.2329,1.00,1.00
2010.03.31 08:30:42.176,7.2311,7.2329,1.00,1.00
2010.03.31 08:30:50.327,7.2311,7.23315,1.00,3.20
2010.03.31 08:30:50.630,7.2311,7.23325,1.00,1.20
2010.03.31 08:30:50.826,7.2311,7.2332,1.00,1.00
2010.03.31 08:30:58.294,7.2314,7.2332,1.00,1.00
2010.03.31 08:30:58.555,7.2311,7.2332,1.00,1.00
2010.03.31 08:31:05.263,7.2311,7.23315,1.00,3.20
2010.03.31 08:31:05.381,7.2311,7.2327,1.00,1.00
2010.03.31 08:31:08.991,7.2311,7.23305,1.00,1.20
2010.03.31 08:31:10.366,7.2311,7.2327,1.00,1.00
2010.03.31 08:31:10.979,7.2311,7.2332,1.00,1.00
2010.03.31 08:31:17.042,7.2311,7.2327,1.00,1.00
2010.03.31 08:31:18.237,7.2311,7.2327,1.00,1.00
2010.03.31 08:31:19.845,7.2311,7.2332,1.00,1.00
2010.03.31 08:31:22.581,7.2314,7.23325,1.00,1.60
2010.03.31 08:31:23.257,7.2311,7.23315,1.00,3.20
2010.03.31 08:31:23.509,7.2314,7.2332,1.00,1.00
2010.03.31 08:31:23.756,7.2315,7.23345,1.00,1.20
2010.03.31 08:31:25.074,7.2314,7.2332,1.00,1.00
2010.03.31 08:31:25.413,7.2315,7.23345,1.00,1.20
2010.03.31 08:31:25.904,7.2314,7.2332,1.00,1.00
2010.03.31 08:31:26.485,7.2315,7.23345,1.00,1.20
2010.03.31 08:31:27.054,7.2317,7.23345,1.00,1.20
2010.03.31 08:31:27.404,7.2317,7.23345,1.00,1.20
2010.03.31 08:31:27.743,7.2314,7.2332,1.00,1.00
2010.03.31 08:31:28.805,7.2315,7.23345,1.00,1.20
2010.03.31 08:31:29.065,7.2317,7.2335,1.00,1.00
2010.03.31 08:31:29.321,7.2315,7.2336,1.00,1.20
2010.03.31 08:31:29.581,7.2315,7.2337,1.00,1.00
2010.03.31 08:31:30.294,7.232,7.2338,1.00,1.00
2010.03.31 08:31:30.649,7.2325,7.2343,1.00,1.00
2010.03.31 08:31:31.491,7.232,7.2342,1.00,1.00
2010.03.31 08:31:36.044,7.232,7.2338,1.00,1.00
2010.03.31 08:31:51.481,7.2315,7.2337,1.00,1.00
2010.03.31 08:31:59.571,7.2314,7.2332,1.00,1.00
2010.03.31 08:32:00.649,7.2315,7.2337,1.00,3.30
2010.03.31 08:32:00.832,7.2315,7.2337,1.00,1.00
2010.03.31 08:32:01.010,7.232,7.23375,1.00,1.20
2010.03.31 08:32:01.193,7.2315,7.2337,1.00,1.00
2010.03.31 08:32:02.041,7.2314,7.2332,1.00,1.00
2010.03.31 08:32:04.302,7.2315,7.23355,1.00,1.20
2010.03.31 08:32:04.720,7.2314,7.2332,1.00,1.00
2010.03.31 08:32:04.943,7.2312,7.2327,1.00,1.00
2010.03.31 08:32:05.334,7.2312,7.23315,1.00,3.20
2010.03.31 08:32:05.780,7.2314,7.23315,1.00,3.20
2010.03.31 08:32:06.134,7.2312,7.2332,1.00,1.00
2010.03.31 08:32:06.821,7.2314,7.2332,1.00,1.00
2010.03.31 08:32:13.745,7.231,7.2332,1.00,1.00
2010.03.31 08:32:15.899,7.2314,7.2332,1.00,1.00
2010.03.31 08:32:25.539,7.2316,7.2334,1.00,1.00
2010.03.31 08:32:26.679,7.2311,7.2329,1.00,1.00
2010.03.31 08:32:29.537,7.2311,7.2329,1.00,1.00
2010.03.31 08:32:30.490,7.2311,7.23255,1.00,1.20
2010.03.31 08:32:31.024,7.2311,7.2323,1.00,1.00
2010.03.31 08:32:31.376,7.2309,7.2323,1.00,1.00
2010.03.31 08:32:37.621,7.2309,7.2322,1.00,1.00
2010.03.31 08:32:37.799,7.2298,7.2322,1.00,1.40
2010.03.31 08:32:37.973,7.2298,7.2318,1.00,1.00
2010.03.31 08:32:38.325,7.2303,7.2318,1.00,1.00
2010.03.31 08:32:41.019,7.2305,7.2322,1.00,1.40
2010.03.31 08:32:41.267,7.2305,7.2322,1.00,1.20
2010.03.31 08:32:42.023,7.2305,7.2323,1.00,1.00
2010.03.31 08:32:43.279,7.2305,7.2322,1.00,1.40
2010.03.31 08:32:44.418,7.2305,7.2322,1.00,1.20
2010.03.31 08:32:44.633,7.2305,7.2323,1.00,1.00
2010.03.31 08:32:47.883,7.2306,7.2323,1.00,1.00
2010.03.31 08:33:10.205,7.2304,7.2322,1.00,1.40
2010.03.31 08:33:10.698,7.2304,7.2318,1.00,1.00
2010.03.31 08:33:10.895,7.2301,7.2318,1.00,1.00
2010.03.31 08:33:11.393,7.2301,7.2322,1.00,1.40
2010.03.31 08:33:11.781,7.2305,7.2322,1.00,1.20
2010.03.31 08:33:12.132,7.2303,7.2322,1.00,1.40
2010.03.31 08:33:13.510,7.2305,7.2323,1.00,1.00
2010.03.31 08:33:14.200,7.2303,7.2322,1.00,1.40
2010.03.31 08:33:15.632,7.2305,7.2322,1.00,1.20
2010.03.31 08:33:15.814,7.2305,7.2323,1.00,1.00
2010.03.31 08:33:19.335,7.2305,7.2323,1.00,1.00
2010.03.31 08:33:30.665,7.2306,7.2323,1.00,1.00
2010.03.31 08:33:32.174,7.2306,7.2326,1.00,3.20
2010.03.31 08:33:32.666,7.2306,7.2327,1.00,1.20
2010.03.31 08:33:32.855,7.2306,7.2327,1.00,4.40
2010.03.31 08:33:33.549,7.2311,7.2327,1.00,4.40
2010.03.31 08:33:33.899,7.2311,7.2329,1.00,1.40
2010.03.31 08:33:34.434,7.23105,7.2329,1.00,1.20
2010.03.31 08:33:34.787,7.2316,7.2334,1.00,1.00
2010.03.31 08:33:36.025,7.2313,7.23325,1.00,1.20
2010.03.31 08:33:40.022,7.2313,7.23275,1.00,1.20
2010.03.31 08:33:40.375,7.2312,7.23275,1.00,1.20
2010.03.31 08:33:43.401,7.2312,7.2329,1.00,1.40
2010.03.31 08:33:49.336,7.2316,7.2329,1.00,1.20
2010.03.31 08:33:49.560,7.2312,7.2328,1.00,1.00
2010.03.31 08:33:49.780,7.2312,7.2327,1.00,1.20
2010.03.31 08:33:53.073,7.2312,7.2327,1.00,1.40
2010.03.31 08:33:53.709,7.2312,7.2328,1.00,1.00
2010.03.31 08:33:55.611,7.2312,7.2328,1.00,1.00
2010.03.31 08:33:56.798,7.2311,7.2323,1.00,1.00
2010.03.31 08:33:56.871,7.2312,7.23215,1.00,1.20
2010.03.31 08:33:57.339,7.231,7.23215,1.00,1.20
2010.03.31 08:33:59.088,7.231,7.2323,1.00,1.00
2010.03.31 08:34:00.468,7.231,7.2327,1.00,4.60
2010.03.31 08:34:01.023,7.231,7.2327,1.00,1.40
2010.03.31 08:34:01.212,7.2311,7.2328,1.00,1.00
2010.03.31 08:34:03.482,7.2315,7.2333,1.00,1.00
2010.03.31 08:34:13.145,7.2314,7.23325,1.00,2.80
2010.03.31 08:34:13.324,7.231,7.2328,1.00,1.00
2010.03.31 08:34:13.848,7.2313,7.2328,1.00,1.00
2010.03.31 08:34:14.021,7.2312,7.2328,1.00,1.00
2010.03.31 08:34:15.942,7.2312,7.2327,1.00,1.00
2010.03.31 08:34:16.211,7.2312,7.2327,1.00,4.60
2010.03.31 08:34:16.408,7.2312,7.2327,1.00,1.40
2010.03.31 08:34:17.895,7.2312,7.2328,1.00,1.00
2010.03.31 08:34:20.003,7.2312,7.2323,1.00,1.00
2010.03.31 08:34:20.315,7.2311,7.2323,1.00,1.00
2010.03.31 08:34:24.430,7.2311,7.2325,1.00,1.20
2010.03.31 08:34:24.752,7.2311,7.2327,1.00,4.60
2010.03.31 08:34:25.071,7.2311,7.2327,1.00,1.40
2010.03.31 08:34:25.673,7.2311,7.2327,1.00,4.60
2010.03.31 08:34:25.882,7.2311,7.2327,1.00,1.40
2010.03.31 08:34:28.038,7.2311,7.2327,1.00,4.60
2010.03.31 08:34:33.693,7.2311,7.2328,1.00,1.00
2010.03.31 08:34:35.591,7.2311,7.2323,1.00,1.00
2010.03.31 08:34:35.710,7.231,7.2323,1.00,1.00
2010.03.31 08:35:01.662,7.2311,7.2323,1.00,1.00
2010.03.31 08:35:07.794,7.231,7.23215,1.00,1.20
2010.03.31 08:35:09.533,7.2298,7.23215,1.00,1.20
2010.03.31 08:35:09.873,7.2308,7.23215,1.00,1.20
2010.03.31 08:35:10.475,7.2308,7.2322,1.00,3.30
2010.03.31 08:35:10.813,7.2308,7.23215,1.00,1.20
2010.03.31 08:35:11.655,7.2303,7.23215,1.00,1.20
2010.03.31 08:35:12.240,7.2303,7.2322,1.00,1.00
2010.03.31 08:35:12.500,7.2305,7.2323,1.00,1.00
2010.03.31 08:35:12.749,7.2303,7.2322,1.00,1.00
2010.03.31 08:35:13.090,7.2305,7.2323,1.00,1.00
2010.03.31 08:35:15.393,7.2303,7.23215,1.00,1.20
2010.03.31 08:35:16.938,7.2303,7.23215,1.00,1.20
2010.03.31 08:35:17.177,7.2303,7.23215,1.00,1.20
2010.03.31 08:35:18.140,7.2303,7.23175,1.00,1.00
2010.03.31 08:35:18.986,7.2302,7.2317,1.00,1.00
2010.03.31 08:35:30.937,7.2302,7.23195,1.00,1.20
2010.03.31 08:35:31.437,7.2302,7.23215,1.00,1.20
2010.03.31 08:35:32.291,7.2305,7.2323,1.00,1.00
2010.03.31 08:35:33.764,7.231,7.2324,1.00,1.20
2010.03.31 08:35:34.070,7.2311,7.23345,1.00,4.40
2010.03.31 08:35:34.375,7.2311,7.23345,1.00,1.20
2010.03.31 08:35:36.643,7.2311,7.23325,1.00,4.40
2010.03.31 08:35:36.901,7.231,7.2328,1.00,1.00
2010.03.31 08:35:37.976,7.2308,7.2327,1.00,1.40
2010.03.31 08:35:38.843,7.2306,7.2327,1.00,1.40
2010.03.31 08:35:41.264,7.2306,7.2323,1.00,1.00
2010.03.31 08:35:41.359,7.2306,7.2323,1.00,1.00
2010.03.31 08:35:45.734,7.2305,7.2323,1.00,1.00
2010.03.31 08:35:46.729,7.2306,7.2323,1.00,1.00
2010.03.31 08:35:50.416,7.231,7.2326,1.00,3.20
2010.03.31 08:35:50.625,7.2306,7.2327,1.00,1.40
2010.03.31 08:35:54.454,7.2307,7.2327,1.00,1.40
2010.03.31 08:35:54.637,7.2306,7.2327,1.00,1.40
2010.03.31 08:35:55.977,7.231,7.2328,1.00,1.00
2010.03.31 08:36:03.568,7.231,7.2329,1.00,1.20
2010.03.31 08:36:03.766,7.231,7.2333,1.00,1.20
2010.03.31 08:36:04.987,7.2312,7.2334,1.00,1.40
2010.03.31 08:36:07.598,7.2308,7.23305,1.00,1.20
2010.03.31 08:36:08.696,7.2307,7.23305,1.00,1.20
2010.03.31 08:36:10.159,7.2312,7.23305,1.00,1.20
2010.03.31 08:36:10.379,7.2312,7.2333,1.00,1.20
2010.03.31 08:36:11.374,7.23005,7.2327,1.60,1.00
2010.03.31 08:36:11.865,7.23,7.23255,1.00,1.20
2010.03.31 08:36:15.416,7.2307,7.23275,1.00,2.80
2010.03.31 08:36:15.550,7.2307,7.23275,1.00,1.20
2010.03.31 08:36:17.187,7.2307,7.23255,1.00,1.20
2010.03.31 08:36:17.493,7.2302,7.23255,1.00,1.20
2010.03.31 08:36:18.055,7.2303,7.23255,1.00,1.20
2010.03.31 08:36:34.688,7.2302,7.2325,1.00,1.00
2010.03.31 08:36:37.322,7.2306,7.23255,1.00,1.20
2010.03.31 08:36:37.639,7.2302,7.2325,1.00,1.00
2010.03.31 08:36:38.247,7.2306,7.23255,1.00,1.20
2010.03.31 08:36:39.236,7.2306,7.2326,1.00,1.00
2010.03.31 08:36:39.335,7.2306,7.23255,1.00,1.20
2010.03.31 08:36:39.432,7.2306,7.23255,1.00,1.20
2010.03.31 08:36:39.520,7.2306,7.2326,1.00,1.00
2010.03.31 08:36:46.991,7.2307,7.23275,1.00,1.20
2010.03.31 08:36:47.182,7.2307,7.233,1.00,1.00
2010.03.31 08:36:49.367,7.2306,7.2325,1.00,1.00
2010.03.31 08:36:50.569,7.23025,7.2324,1.60,1.00
2010.03.31 08:36:51.165,7.2301,7.232,1.00,1.00
2010.03.31 08:36:53.999,7.2297,7.2319,1.00,1.00
2010.03.31 08:36:55.985,7.2301,7.232,1.00,1.40
2010.03.31 08:36:56.106,7.23,7.2319,1.00,1.00
2010.03.31 08:36:56.295,7.2301,7.232,1.00,1.00
2010.03.31 08:36:56.757,7.2297,7.2319,1.00,1.00
2010.03.31 08:36:58.629,7.2301,7.232,1.00,1.00
2010.03.31 08:36:59.596,7.2297,7.2319,1.00,1.00
2010.03.31 08:37:01.145,7.2295,7.2314,1.00,1.00
2010.03.31 08:37:03.243,7.2296,7.2314,1.00,1.00
2010.03.31 08:37:06.382,7.22915,7.2313,1.60,1.00
2010.03.31 08:37:06.931,7.2291,7.23085,1.00,1.60
2010.03.31 08:37:07.120,7.22835,7.2301,1.60,1.00
2010.03.31 08:37:07.660,7.228,7.2298,1.00,1.00
2010.03.31 08:37:08.007,7.2277,7.2292,2.40,1.00
2010.03.31 08:37:08.357,7.2279,7.2297,1.00,1.00
2010.03.31 08:37:09.061,7.228,7.2298,1.00,1.00
2010.03.31 08:37:10.901,7.2281,7.23005,1.00,1.20
2010.03.31 08:37:11.062,7.2281,7.23025,1.00,3.20
2010.03.31 08:37:11.225,7.2281,7.2303,1.00,1.00
2010.03.31 08:37:11.890,7.22845,7.2303,1.00,1.00
2010.03.31 08:37:15.911,7.229,7.2306,1.00,1.20
2010.03.31 08:37:16.461,7.2285,7.2307,1.00,1.00
2010.03.31 08:37:19.524,7.229,7.2308,1.00,1.00
2010.03.31 08:37:19.843,7.2285,7.2303,1.00,1.00
2010.03.31 08:37:20.161,7.228,7.2302,1.00,1.00
2010.03.31 08:37:21.152,7.2275,7.2297,1.00,1.00
2010.03.31 08:37:23.732,7.2279,7.2297,1.00,1.00
2010.03.31 08:37:24.260,7.2279,7.2297,1.00,1.00
2010.03.31 08:37:25.149,7.228,7.2302,1.00,1.00
2010.03.31 08:37:27.181,7.2279,7.2297,1.00,1.00
2010.03.31 08:37:27.802,7.228,7.2302,1.00,1.00
2010.03.31 08:37:28.157,7.2279,7.2297,1.00,1.00
2010.03.31 08:37:33.342,7.2282,7.23,1.00,1.00
2010.03.31 08:37:33.646,7.2285,7.2303,1.00,1.00
2010.03.31 08:37:35.894,7.228,7.2302,1.00,1.00
2010.03.31 08:37:36.054,7.2285,7.2303,1.00,1.00
2010.03.31 08:37:36.255,7.228,7.2302,1.00,1.00
2010.03.31 08:37:36.596,7.2285,7.2303,1.00,1.00
2010.03.31 08:37:37.499,7.2285,7.2307,1.00,1.00
2010.03.31 08:37:40.699,7.2285,7.2307,1.00,1.70
2010.03.31 08:37:40.820,7.2285,7.2307,1.00,1.00
2010.03.31 08:37:41.676,7.229,7.2308,1.00,1.00
2010.03.31 08:37:43.999,7.2291,7.2309,1.00,1.00
2010.03.31 08:37:49.904,7.2291,7.2313,1.00,1.00
2010.03.31 08:37:50.190,7.2296,7.2314,1.00,1.00
2010.03.31 08:37:50.678,7.2291,7.2313,1.00,1.00
2010.03.31 08:37:51.551,7.2296,7.2314,1.00,1.00
2010.03.31 08:37:52.173,7.2295,7.2313,1.00,1.00
2010.03.31 08:37:54.617,7.229,7.2308,1.00,1.00
2010.03.31 08:37:55.478,7.2295,7.2313,1.00,1.00
2010.03.31 08:37:57.670,7.2294,7.2312,1.00,1.00
2010.03.31 08:38:00.046,7.229,7.2312,1.00,1.00
2010.03.31 08:38:04.099,7.2289,7.2307,1.00,1.00
2010.03.31 08:38:06.071,7.229,7.2312,1.00,1.00
2010.03.31 08:38:13.518,7.2289,7.2311,1.00,1.00
2010.03.31 08:38:15.315,7.22845,7.2306,1.00,1.00
2010.03.31 08:38:15.524,7.2284,7.2306,1.00,1.00
2010.03.31 08:38:16.553,7.2278,7.2298,1.00,1.00
2010.03.31 08:38:16.901,7.2274,7.2298,1.00,1.00
2010.03.31 08:38:17.721,7.2268,7.2288,1.00,1.00
2010.03.31 08:38:18.402,7.2273,7.2293,1.00,1.40
2010.03.31 08:38:18.753,7.2273,7.2291,1.00,1.00
2010.03.31 08:38:19.101,7.2268,7.2287,1.00,1.00
2010.03.31 08:38:20.789,7.2268,7.2286,1.00,1.00
2010.03.31 08:38:21.475,7.2262,7.228,1.00,1.00
2010.03.31 08:38:21.768,7.2262,7.2284,1.00,1.00
2010.03.31 08:38:22.298,7.2262,7.228,1.00,1.00
2010.03.31 08:38:22.653,7.2259,7.2283,1.00,1.00
2010.03.31 08:38:23.365,7.2258,7.2277,1.00,1.00
2010.03.31 08:38:27.475,7.2262,7.2277,1.00,1.00
2010.03.31 08:38:28.158,7.2268,7.2277,1.00,1.00
2010.03.31 08:38:29.214,7.2263,7.2287,1.00,1.00
2010.03.31 08:38:29.566,7.2263,7.2282,1.00,1.00
2010.03.31 08:38:30.270,7.2268,7.228,1.00,1.00
2010.03.31 08:38:31.183,7.2268,7.22905,1.00,1.00
2010.03.31 08:38:31.980,7.2268,7.2292,1.00,1.00
2010.03.31 08:38:32.541,7.2273,7.2291,1.00,1.00
2010.03.31 08:38:33.286,7.2273,7.2286,1.00,1.00
2010.03.31 08:38:36.684,7.2274,7.2292,1.00,1.00
2010.03.31 08:38:36.865,7.2269,7.2285,1.00,1.00
2010.03.31 08:38:37.035,7.227,7.2285,1.00,1.00
2010.03.31 08:38:37.375,7.2269,7.2285,1.00,1.00
2010.03.31 08:38:41.070,7.2274,7.2292,1.00,1.00
2010.03.31 08:38:44.640,7.2274,7.2287,1.00,1.00
2010.03.31 08:38:45.292,7.2275,7.23,3.20,1.00
2010.03.31 08:38:46.031,7.2275,7.23,3.30,1.00
2010.03.31 08:38:46.275,7.2275,7.22915,1.00,1.00
2010.03.31 08:38:46.702,7.2278,7.22895,1.00,1.00
2010.03.31 08:38:47.220,7.228,7.22895,1.00,1.00
2010.03.31 08:38:47.377,7.228,7.22935,1.00,1.00
2010.03.31 08:38:48.737,7.2278,7.22935,1.00,1.00
2010.03.31 08:38:49.071,7.2278,7.22895,1.00,1.00
2010.03.31 08:38:49.416,7.2276,7.22895,1.00,1.00
2010.03.31 08:38:49.763,7.2276,7.2285,1.00,1.00
2010.03.31 08:38:51.147,7.2278,7.2287,1.00,1.00
2010.03.31 08:38:51.762,7.2278,7.22875,1.00,1.00
2010.03.31 08:38:52.111,7.2264,7.22865,1.00,1.00
2010.03.31 08:38:53.286,7.2266,7.22905,1.00,1.00
2010.03.31 08:38:54.630,7.2266,7.2289,1.00,1.00
2010.03.31 08:38:54.969,7.2264,7.2289,1.00,1.00
2010.03.31 08:38:55.969,7.2269,7.22825,1.00,1.00
2010.03.31 08:38:57.195,7.2269,7.22925,1.00,1.00
2010.03.31 08:38:59.741,7.2265,7.2284,1.00,1.00
2010.03.31 08:38:59.948,7.2264,7.22845,1.00,1.00
2010.03.31 08:39:00.158,7.2264,7.2284,1.00,1.00
2010.03.31 08:39:03.430,7.2269,7.2282,1.00,1.00
2010.03.31 08:39:03.715,7.2269,7.22895,1.00,1.00
2010.03.31 08:39:05.377,7.2265,7.2282,1.00,1.00
2010.03.31 08:39:05.735,7.2264,7.2282,1.00,1.00
2010.03.31 08:39:07.406,7.2259,7.22815,1.00,1.60
2010.03.31 08:39:08.416,7.2259,7.22805,1.00,1.60
2010.03.31 08:39:08.721,7.2259,7.228,1.00,1.00
2010.03.31 08:39:09.749,7.2259,7.22795,1.00,1.60
2010.03.31 08:39:10.097,7.2259,7.22785,1.00,1.60
2010.03.31 08:39:10.810,7.2259,7.228,1.00,1.00
2010.03.31 08:39:11.161,7.2255,7.22785,1.00,1.60
2010.03.31 08:39:12.201,7.2255,7.22775,1.00,1.60
2010.03.31 08:39:12.554,7.2255,7.22755,1.00,1.60
2010.03.31 08:39:12.854,7.2253,7.2274,1.00,1.00
2010.03.31 08:39:13.455,7.2255,7.22765,1.00,1.60
2010.03.31 08:39:13.813,7.2253,7.2274,1.00,1.00
2010.03.31 08:39:15.497,7.2259,7.2279,1.00,1.00
2010.03.31 08:39:15.691,7.2259,7.228,1.00,1.00
2010.03.31 08:39:17.091,7.226,7.228,1.00,1.00
2010.03.31 08:39:17.719,7.2264,7.2283,1.00,1.00
2010.03.31 08:39:18.072,7.2259,7.228,1.00,1.00
2010.03.31 08:39:18.427,7.2259,7.22795,1.00,3.20
2010.03.31 08:39:18.794,7.2259,7.228,1.00,1.00
2010.03.31 08:39:19.147,7.2259,7.2274,1.00,1.00
2010.03.31 08:39:20.163,7.2264,7.2279,1.00,1.00
2010.03.31 08:39:20.213,7.2264,7.228,1.00,1.00
2010.03.31 08:39:20.565,7.2265,7.2283,1.00,1.00
2010.03.31 08:39:21.183,7.226,7.2276,1.00,1.00
2010.03.31 08:39:22.812,7.2259,7.2276,1.00,1.00
2010.03.31 08:39:23.389,7.226,7.2276,1.00,1.00
2010.03.31 08:39:23.737,7.2259,7.2276,1.00,1.00
2010.03.31 08:39:25.104,7.226,7.2276,1.00,1.00
2010.03.31 08:39:28.369,7.2259,7.2276,1.00,1.00
2010.03.31 08:39:34.090,7.226,7.2276,1.00,1.00
2010.03.31 08:39:34.349,7.226,7.2276,1.00,1.00
2010.03.31 08:39:35.060,7.226,7.2282,1.00,1.00
2010.03.31 08:39:35.412,7.2265,7.2282,1.00,1.00
2010.03.31 08:39:36.092,7.226,7.2278,1.00,1.00
2010.03.31 08:39:36.445,7.226,7.2283,1.00,1.00
2010.03.31 08:39:37.900,7.2265,7.2277,1.00,1.00
2010.03.31 08:39:38.258,7.226,7.2277,1.00,1.00
2010.03.31 08:39:38.610,7.2258,7.228,1.00,1.00
2010.03.31 08:39:39.852,7.2259,7.22815,1.00,3.20
2010.03.31 08:39:40.382,7.2258,7.228,1.00,1.00
2010.03.31 08:39:40.931,7.2263,7.22825,1.00,1.20
2010.03.31 08:39:41.560,7.2263,7.2283,1.00,1.00
2010.03.31 08:39:41.854,7.2259,7.2284,1.00,1.60
2010.03.31 08:39:42.397,7.2259,7.22835,1.00,3.20
2010.03.31 08:39:43.288,7.2259,7.2284,1.00,1.60
2010.03.31 08:39:43.983,7.2258,7.228,1.00,1.00
2010.03.31 08:39:44.296,7.2259,7.22825,1.00,3.20
2010.03.31 08:39:44.609,7.2259,7.2284,1.00,1.60
2010.03.31 08:39:45.812,7.2263,7.2284,1.00,1.40
2010.03.31 08:39:46.105,7.2263,7.2277,1.00,1.00
2010.03.31 08:39:50.324,7.2264,7.2287,1.00,1.00
2010.03.31 08:39:50.660,7.2269,7.2282,1.00,1.00
2010.03.31 08:39:51.345,7.2269,7.2292,1.00,1.00
2010.03.31 08:39:58.516,7.2263,7.2284,1.00,1.00
2010.03.31 08:40:02.895,7.2262,7.2283,1.00,1.00
2010.03.31 08:40:04.101,7.2263,7.2284,1.00,1.00
2010.03.31 08:40:04.918,7.2263,7.2283,1.00,1.00
2010.03.31 08:40:11.232,7.2259,7.2282,1.00,1.00
2010.03.31 08:40:12.101,7.2259,7.2276,1.00,1.00
2010.03.31 08:40:14.732,7.226,7.2276,1.00,1.00
2010.03.31 08:40:16.587,7.2264,7.2276,1.00,1.00
2010.03.31 08:40:17.547,7.2264,7.2286,1.00,1.00
2010.03.31 08:40:21.074,7.2264,7.2283,1.00,1.00
2010.03.31 08:40:22.360,7.2265,7.2285,1.00,1.00
2010.03.31 08:40:22.714,7.2265,7.2278,1.00,1.00
2010.03.31 08:40:23.059,7.2265,7.229,1.00,1.00
2010.03.31 08:40:24.858,7.2265,7.22895,1.00,1.20
2010.03.31 08:40:26.427,7.2264,7.2286,1.00,1.00
2010.03.31 08:40:28.053,7.2265,7.22805,1.00,1.00
2010.03.31 08:40:28.515,7.2269,7.22805,1.00,1.00
2010.03.31 08:40:28.747,7.2269,7.22925,1.00,1.00
2010.03.31 08:40:29.496,7.2269,7.2282,1.00,1.00
2010.03.31 08:40:29.856,7.2264,7.22825,1.00,1.00
2010.03.31 08:40:31.954,7.2263,7.22805,1.00,1.00
2010.03.31 08:40:32.075,7.2263,7.2285,1.00,1.00
2010.03.31 08:40:33.055,7.2264,7.2288,1.00,1.20
2010.03.31 08:40:33.405,7.2263,7.2285,1.00,1.00
2010.03.31 08:40:35.224,7.2264,7.2285,1.00,1.00
2010.03.31 08:40:35.916,7.2259,7.2284,1.00,1.00
2010.03.31 08:40:36.422,7.2259,7.2277,1.00,1.00
2010.03.31 08:40:37.301,7.2258,7.2277,1.00,1.00
2010.03.31 08:40:44.296,7.2259,7.2277,1.00,1.00
2010.03.31 08:40:45.464,7.2264,7.22845,1.00,1.20
2010.03.31 08:40:45.712,7.2265,7.2285,1.00,1.00
2010.03.31 08:40:46.263,7.2264,7.2285,1.00,1.00
2010.03.31 08:40:47.337,7.2265,7.2285,1.00,1.00
2010.03.31 08:40:47.643,7.2264,7.2285,1.00,1.00
2010.03.31 08:40:48.333,7.2265,7.2285,1.00,1.00
2010.03.31 08:40:49.901,7.2264,7.2285,1.00,1.00
2010.03.31 08:40:50.388,7.2265,7.2285,1.00,1.00
2010.03.31 08:40:51.065,7.2261,7.22845,1.00,1.20
2010.03.31 08:40:51.360,7.2261,7.2277,1.00,1.00
2010.03.31 08:40:51.653,7.2259,7.2277,1.00,1.00
2010.03.31 08:40:51.939,7.2261,7.2277,1.00,1.00
2010.03.31 08:40:52.188,7.2259,7.2277,1.00,1.00
2010.03.31 08:40:52.438,7.2261,7.2275,1.00,1.00
2010.03.31 08:40:53.026,7.2259,7.2275,1.00,1.00
2010.03.31 08:40:58.965,7.226,7.2275,1.00,1.00
2010.03.31 08:41:01.916,7.2261,7.2275,1.00,1.00
2010.03.31 08:41:02.737,7.2266,7.2275,1.00,1.00
2010.03.31 08:41:03.316,7.2266,7.2287,1.00,1.00
2010.03.31 08:41:03.666,7.2266,7.2287,1.00,1.00
2010.03.31 08:41:04.354,7.2268,7.2285,1.00,1.00
2010.03.31 08:41:06.162,7.227,7.2285,1.00,1.00
2010.03.31 08:41:10.540,7.2266,7.2285,1.00,1.00
2010.03.31 08:41:10.774,7.2266,7.2286,1.00,1.00
2010.03.31 08:41:13.769,7.2271,7.2286,1.00,1.00
2010.03.31 08:41:16.113,7.2271,7.2287,1.00,1.00
2010.03.31 08:41:17.881,7.2273,7.2287,1.00,1.00
2010.03.31 08:41:18.523,7.2273,7.2287,1.00,1.00
2010.03.31 08:41:18.852,7.2273,7.2287,1.00,1.00
2010.03.31 08:41:19.456,7.2275,7.2287,1.00,1.00
2010.03.31 08:41:19.811,7.2271,7.2287,1.00,1.00
2010.03.31 08:41:21.358,7.227,7.2287,1.00,1.00
2010.03.31 08:41:24.636,7.2264,7.2286,1.00,1.00
2010.03.31 08:41:24.856,7.226,7.2284,1.00,1.00
2010.03.31 08:41:25.917,7.226,7.2282,1.00,1.00
2010.03.31 08:41:27.164,7.2263,7.2285,1.00,4.60
2010.03.31 08:41:27.397,7.2262,7.2286,1.00,1.00
2010.03.31 08:41:28.949,7.2264,7.2286,1.00,1.00
2010.03.31 08:41:29.301,7.2265,7.2288,1.00,1.00
2010.03.31 08:41:32.092,7.227,7.2288,1.00,1.00
2010.03.31 08:41:33.571,7.227,7.2289,1.00,1.00
2010.03.31 08:41:35.530,7.2267,7.2289,1.00,1.00
2010.03.31 08:41:36.487,7.2265,7.2289,1.00,1.00
2010.03.31 08:41:41.221,7.2265,7.2289,1.00,1.00
2010.03.31 08:41:41.281,7.2266,7.22895,1.00,1.40
2010.03.31 08:41:42.828,7.2266,7.22895,1.00,1.20
2010.03.31 08:41:44.111,7.227,7.229,1.00,1.00
2010.03.31 08:41:45.277,7.227,7.229,1.00,1.70
2010.03.31 08:41:45.634,7.2265,7.2286,1.00,1.00
2010.03.31 08:41:45.888,7.2266,7.2288,1.00,1.20
2010.03.31 08:41:46.145,7.2266,7.22895,1.00,1.20
2010.03.31 08:41:48.253,7.226,7.2284,1.00,1.00
2010.03.31 08:41:49.051,7.2264,7.2285,1.00,1.00
2010.03.31 08:41:51.932,7.2264,7.22845,1.00,1.20
2010.03.31 08:41:52.060,7.226,7.2284,1.00,1.00
2010.03.31 08:41:57.775,7.2259,7.2279,1.00,1.00
2010.03.31 08:42:02.820,7.226,7.2282,1.00,1.20
2010.03.31 08:42:03.171,7.226,7.2283,1.00,1.00
2010.03.31 08:42:04.808,7.2259,7.2279,1.00,1.00
2010.03.31 08:42:05.734,7.226,7.2283,1.00,1.00
2010.03.31 08:42:09.302,7.2259,7.2279,1.00,1.00
2010.03.31 08:42:09.948,7.226,7.2279,1.00,1.00
2010.03.31 08:42:15.348,7.22615,7.2282,1.00,1.20
2010.03.31 08:42:15.698,7.2262,7.2284,1.00,1.00
2010.03.31 08:42:16.819,7.2261,7.2283,1.00,1.00
2010.03.31 08:42:16.991,7.2262,7.2284,1.00,1.00
2010.03.31 08:42:18.558,7.226,7.2279,1.00,1.00
2010.03.31 08:42:19.192,7.226,7.2279,1.00,1.00
2010.03.31 08:42:22.688,7.2262,7.2284,1.00,1.00
2010.03.31 08:42:22.880,7.2266,7.2285,1.00,1.00
2010.03.31 08:42:26.548,7.2266,7.2283,1.00,3.20
2010.03.31 08:42:26.728,7.2266,7.2284,1.00,1.00
2010.03.31 08:42:37.609,7.2267,7.22865,1.00,1.20
2010.03.31 08:42:37.933,7.2272,7.229,1.00,1.00
2010.03.31 08:42:38.923,7.2272,7.22895,1.00,1.20
2010.03.31 08:42:39.280,7.2267,7.2289,1.00,1.00
2010.03.31 08:42:40.292,7.2266,7.2284,1.00,1.00
2010.03.31 08:42:42.912,7.2262,7.2284,1.00,1.00
2010.03.31 08:42:43.174,7.2261,7.2279,1.00,1.00
2010.03.31 08:42:44.244,7.2262,7.2284,1.00,1.00
2010.03.31 08:42:46.844,7.2262,7.2281,1.00,1.00
2010.03.31 08:42:47.883,7.2261,7.2279,1.00,1.00
2010.03.31 08:42:53.038,7.22545,7.2279,1.00,1.00
2010.03.31 08:42:54.017,7.2256,7.2279,1.00,1.00
2010.03.31 08:42:54.237,7.2258,7.2272,1.00,1.00
2010.03.31 08:42:54.457,7.2256,7.2277,1.90,1.00
2010.03.31 08:42:54.669,7.2256,7.2277,1.00,1.00
2010.03.31 08:42:54.892,7.2258,7.2277,1.00,1.00
2010.03.31 08:42:55.424,7.2258,7.22815,1.00,3.20
2010.03.31 08:42:55.776,7.2258,7.2279,1.00,1.00
2010.03.31 08:43:07.363,7.2258,7.2279,1.00,1.00
2010.03.31 08:43:08.875,7.2258,7.2283,1.00,1.00
2010.03.31 08:43:09.218,7.2262,7.2283,1.00,1.00
2010.03.31 08:43:09.999,7.2262,7.2277,1.00,1.00
2010.03.31 08:43:16.876,7.2262,7.2285,1.00,1.00
2010.03.31 08:43:17.323,7.2262,7.2285,1.00,1.00
2010.03.31 08:43:18.042,7.2263,7.2283,1.00,1.00
2010.03.31 08:43:21.114,7.2264,7.2283,1.00,1.00
2010.03.31 08:43:21.389,7.2264,7.2277,1.00,1.00
2010.03.31 08:43:21.976,7.2264,7.2285,1.00,1.00
2010.03.31 08:43:22.223,7.22655,7.2285,1.00,1.00
2010.03.31 08:43:23.175,7.2266,7.2289,1.00,4.40
2010.03.31 08:43:28.134,7.2266,7.2288,1.00,3.20
2010.03.31 08:43:29.250,7.2266,7.2289,1.00,4.40
2010.03.31 08:43:30.642,7.227,7.2291,1.00,1.40
2010.03.31 08:43:30.859,7.2266,7.2289,1.00,1.20
2010.03.31 08:43:31.079,7.227,7.22895,1.00,3.20
2010.03.31 08:43:31.632,7.227,7.2291,1.00,1.40
2010.03.31 08:43:33.280,7.227,7.22905,1.00,3.20
2010.03.31 08:43:33.910,7.227,7.229,1.00,1.00
2010.03.31 08:43:44.199,7.2276,7.2292,1.00,3.20
2010.03.31 08:43:44.524,7.2276,7.2296,1.00,1.40
2010.03.31 08:43:46.716,7.2271,7.2296,1.00,1.20
2010.03.31 08:43:47.118,7.2271,7.2295,1.00,3.20
2010.03.31 08:43:47.909,7.2269,7.2293,1.00,3.20
2010.03.31 08:43:51.000,7.2271,7.22955,1.00,3.20
2010.03.31 08:43:51.524,7.2274,7.2296,1.00,3.20
2010.03.31 08:43:51.764,7.2271,7.2296,1.00,3.20
2010.03.31 08:43:54.114,7.2275,7.22985,1.00,3.20
2010.03.31 08:44:02.571,7.2271,7.22965,1.00,3.20
2010.03.31 08:44:02.873,7.2271,7.2296,1.00,3.20
2010.03.31 08:44:06.532,7.2271,7.22955,1.00,3.20
2010.03.31 08:44:12.494,7.2271,7.2294,1.00,1.00
2010.03.31 08:44:12.593,7.227,7.2294,1.00,3.30
2010.03.31 08:44:14.001,7.22635,7.2287,1.00,1.00
2010.03.31 08:44:14.252,7.2259,7.2283,1.00,1.00
2010.03.31 08:44:14.971,7.2255,7.22805,1.00,3.20
2010.03.31 08:44:15.562,7.2255,7.228,1.00,3.20
2010.03.31 08:44:16.366,7.2253,7.22765,1.00,3.20
2010.03.31 08:44:16.597,7.2257,7.22765,1.00,3.20
2010.03.31 08:44:16.824,7.2253,7.2277,1.00,4.40
2010.03.31 08:44:17.050,7.2254,7.2277,1.00,4.40
2010.03.31 08:44:17.801,7.2254,7.2277,1.00,1.20
2010.03.31 08:44:20.016,7.2252,7.2277,1.00,1.20
2010.03.31 08:44:21.017,7.2252,7.22795,1.00,1.20
2010.03.31 08:44:21.155,7.2256,7.22795,1.00,1.20
2010.03.31 08:44:25.032,7.2252,7.2277,1.00,1.20
2010.03.31 08:44:26.717,7.2257,7.2277,1.00,1.20
2010.03.31 08:44:26.998,7.2257,7.22795,1.00,1.20
2010.03.31 08:44:29.518,7.2258,7.22795,1.00,1.20
2010.03.31 08:44:34.923,7.2258,7.22795,1.00,4.40
2010.03.31 08:44:35.276,7.2254,7.2277,1.00,1.20
2010.03.31 08:44:36.099,7.2253,7.2275,1.00,1.20
2010.03.31 08:44:36.668,7.2249,7.22715,1.00,1.20
2010.03.31 08:44:36.941,7.2254,7.2277,1.00,1.20
2010.03.31 08:44:39.207,7.2254,7.22785,1.00,3.20
2010.03.31 08:44:39.349,7.2259,7.22785,1.00,3.20
2010.03.31 08:44:39.485,7.2259,7.2282,1.00,3.20
2010.03.31 08:44:39.978,7.2254,7.2277,1.00,1.20
2010.03.31 08:44:40.329,7.2254,7.22765,1.00,3.20
2010.03.31 08:44:40.673,7.2254,7.2277,1.00,1.20
2010.03.31 08:44:44.177,7.2254,7.22775,1.00,3.20
2010.03.31 08:44:44.314,7.2259,7.22825,1.00,4.40
2010.03.31 08:44:46.333,7.226,7.22825,1.00,4.40
2010.03.31 08:44:46.458,7.226,7.22825,1.00,1.20
2010.03.31 08:44:46.714,7.226,7.22825,1.00,4.40
2010.03.31 08:44:47.063,7.226,7.2282,1.00,3.20
2010.03.31 08:44:47.933,7.2256,7.22805,1.00,4.40
2010.03.31 08:44:54.018,7.226,7.22825,1.00,1.20
2010.03.31 08:44:56.921,7.2264,7.2284,1.00,5.60
2010.03.31 08:44:57.043,7.2264,7.22825,1.00,1.20
2010.03.31 08:44:57.656,7.226,7.22825,1.00,1.20
2010.03.31 08:45:13.862,7.226,7.2281,1.00,3.20
2010.03.31 08:45:14.050,7.226,7.22825,1.00,1.20
2010.03.31 08:45:16.443,7.226,7.2285,1.00,1.20
2010.03.31 08:45:16.621,7.2265,7.2285,1.00,1.20
2010.03.31 08:45:16.790,7.2261,7.2283,1.00,1.20
2010.03.31 08:45:17.503,7.2266,7.22855,1.00,1.20
2010.03.31 08:45:17.751,7.2266,7.2287,1.00,1.20
2010.03.31 08:45:19.520,7.2261,7.22845,1.00,1.20
2010.03.31 08:45:19.767,7.2261,7.22825,1.00,1.20
2010.03.31 08:45:20.017,7.2262,7.22845,1.00,4.40
2010.03.31 08:45:20.602,7.2261,7.22825,1.00,3.20
2010.03.31 08:45:20.951,7.2262,7.22845,1.00,1.20
2010.03.31 08:45:27.018,7.2262,7.22825,1.00,3.20
2010.03.31 08:45:27.222,7.2262,7.22825,1.00,3.20
2010.03.31 08:45:27.425,7.2262,7.22845,1.00,4.40
2010.03.31 08:45:31.750,7.2262,7.2283,1.00,1.00
2010.03.31 08:45:31.870,7.2262,7.2282,1.00,1.20
2010.03.31 08:45:32.430,7.2262,7.22845,1.00,4.40
2010.03.31 08:45:32.560,7.2262,7.22845,1.00,1.20
2010.03.31 08:45:34.009,7.2263,7.22845,1.00,1.20
2010.03.31 08:45:36.851,7.2267,7.22855,1.00,3.20
2010.03.31 08:45:37.063,7.2263,7.22865,1.00,1.20
2010.03.31 08:45:37.341,7.2267,7.22865,1.00,1.20
2010.03.31 08:45:38.848,7.2269,7.22865,1.00,1.20
2010.03.31 08:45:39.090,7.2269,7.2288,1.00,1.00
2010.03.31 08:45:39.338,7.2269,7.2289,1.00,1.00
2010.03.31 08:45:40.108,7.2273,7.2289,1.00,1.00
2010.03.31 08:45:42.218,7.2268,7.22875,1.00,1.20
2010.03.31 08:45:43.244,7.227,7.22875,1.00,1.20
2010.03.31 08:45:43.590,7.227,7.2289,1.00,1.00
2010.03.31 08:45:45.681,7.2267,7.2289,1.00,1.50
2010.03.31 08:45:45.939,7.2267,7.22885,1.00,3.20
2010.03.31 08:45:46.677,7.2268,7.2289,1.00,1.00
2010.03.31 08:45:51.626,7.227,7.2289,1.00,1.00
2010.03.31 08:45:52.136,7.2277,7.2289,1.00,1.00
2010.03.31 08:45:52.435,7.2276,7.2289,1.00,1.00
2010.03.31 08:45:52.729,7.2272,7.2289,1.00,1.00
2010.03.31 08:45:53.361,7.2276,7.2289,1.00,1.00
2010.03.31 08:45:54.400,7.2276,7.2299,1.00,1.20
2010.03.31 08:45:55.356,7.228,7.23015,1.00,1.20
2010.03.31 08:45:55.699,7.2278,7.22995,1.00,4.40
2010.03.31 08:45:56.047,7.2278,7.22985,1.00,1.20
2010.03.31 08:45:57.659,7.22795,7.22985,1.00,1.20
2010.03.31 08:45:57.744,7.228,7.22995,1.00,4.40
2010.03.31 08:45:57.824,7.228,7.22995,1.00,1.20
2010.03.31 08:46:00.513,7.2282,7.2301,1.00,4.40
2010.03.31 08:46:00.801,7.2282,7.2301,1.00,1.20
2010.03.31 08:46:06.088,7.2283,7.2301,1.00,1.20
2010.03.31 08:46:06.265,7.2283,7.2304,1.00,1.20
2010.03.31 08:46:07.325,7.2283,7.2302,1.00,1.20
2010.03.31 08:46:07.560,7.2282,7.2302,1.00,1.20
2010.03.31 08:46:09.342,7.2283,7.2302,1.00,1.20
2010.03.31 08:46:09.513,7.2283,7.2304,1.00,1.20
2010.03.31 08:46:09.875,7.2287,7.2304,1.00,1.20
2010.03.31 08:46:10.059,7.2283,7.2304,1.00,1.20
2010.03.31 08:46:12.002,7.2288,7.2306,1.00,3.20
2010.03.31 08:46:12.102,7.2288,7.23065,1.00,1.20
2010.03.31 08:46:12.212,7.2289,7.23065,1.00,1.20
2010.03.31 08:46:12.441,7.2289,7.231,1.00,4.40
2010.03.31 08:46:12.822,7.2289,7.231,1.00,1.20
2010.03.31 08:46:12.871,7.2289,7.231,1.00,2.80
2010.03.31 08:46:14.201,7.2291,7.231,1.00,2.80
2010.03.31 08:46:14.970,7.2293,7.231,1.00,2.80
2010.03.31 08:46:15.160,7.2293,7.23115,1.00,3.20
2010.03.31 08:46:15.391,7.2293,7.23125,1.00,1.20
2010.03.31 08:46:17.820,7.2294,7.23125,1.00,1.20
2010.03.31 08:46:17.878,7.2294,7.23135,1.00,3.20
2010.03.31 08:46:17.960,7.2294,7.2316,1.00,3.20
2010.03.31 08:46:17.989,7.2294,7.232,1.00,1.20
2010.03.31 08:46:19.013,7.23,7.232,1.00,1.20
2010.03.31 08:46:22.250,7.2305,7.2325,1.00,1.20
2010.03.31 08:46:22.607,7.2301,7.2323,1.00,1.20
2010.03.31 08:46:25.642,7.2301,7.2321,1.00,1.20
2010.03.31 08:46:25.873,7.23,7.2321,1.00,1.20
2010.03.31 08:46:28.050,7.2301,7.23215,1.00,3.20
2010.03.31 08:46:28.515,7.2301,7.2323,1.00,1.20
2010.03.31 08:46:28.869,7.2306,7.2325,1.00,1.20
2010.03.31 08:46:30.676,7.2302,7.23225,1.00,1.20
2010.03.31 08:46:33.186,7.2307,7.2328,1.00,1.20
2010.03.31 08:46:34.743,7.2308,7.2328,1.00,1.20
2010.03.31 08:46:35.045,7.2308,7.23305,1.00,3.20
2010.03.31 08:46:36.036,7.2302,7.2324,1.00,3.30
2010.03.31 08:46:36.396,7.2298,7.23205,1.00,1.20
2010.03.31 08:46:36.666,7.2298,7.23205,1.00,4.40
2010.03.31 08:46:38.098,7.2298,7.232,1.00,3.20
2010.03.31 08:46:38.418,7.2298,7.23205,1.00,4.40
2010.03.31 08:46:39.462,7.2302,7.23225,1.00,1.20
2010.03.31 08:46:40.299,7.2298,7.23205,1.00,1.20
2010.03.31 08:46:40.518,7.2294,7.23205,1.00,1.20
2010.03.31 08:46:41.589,7.2294,7.2318,1.00,3.20
2010.03.31 08:46:54.512,7.2298,7.232,1.00,1.20
2010.03.31 08:46:54.731,7.2294,7.23185,1.00,3.20
2010.03.31 08:46:54.952,7.2293,7.2316,1.00,3.20
2010.03.31 08:46:55.859,7.2289,7.23135,1.00,3.20
2010.03.31 08:46:57.222,7.2289,7.23135,1.00,3.20
2010.03.31 08:46:57.568,7.2289,7.2315,1.00,1.20
2010.03.31 08:46:57.835,7.2289,7.23135,1.00,3.20
2010.03.31 08:46:58.100,7.2289,7.2313,1.00,3.20
2010.03.31 08:46:58.897,7.2293,7.2316,1.00,6.40
2010.03.31 08:46:59.247,7.2294,7.23185,1.00,3.20
2010.03.31 08:46:59.596,7.2293,7.2316,1.00,3.20
2010.03.31 08:47:01.750,7.22945,7.2316,1.00,3.20
2010.03.31 08:47:02.039,7.22945,7.23215,1.00,3.20
2010.03.31 08:47:02.289,7.2294,7.2319,1.00,3.20
2010.03.31 08:47:02.532,7.2294,7.2318,1.00,3.20
2010.03.31 08:47:06.192,7.2299,7.232,1.00,1.20
2010.03.31 08:47:06.418,7.23,7.2318,1.00,3.20
2010.03.31 08:47:06.646,7.2304,7.2324,1.00,3.20
2010.03.31 08:47:07.297,7.2304,7.23265,1.00,3.20
2010.03.31 08:47:07.597,7.23,7.23245,1.00,3.20
2010.03.31 08:47:09.550,7.2304,7.23215,1.00,3.20
2010.03.31 08:47:09.780,7.23,7.23225,1.00,3.20
2010.03.31 08:47:10.008,7.23,7.23245,1.00,3.20
2010.03.31 08:47:10.575,7.23,7.2325,1.00,3.20
2010.03.31 08:47:11.788,7.23,7.2324,1.00,3.20
2010.03.31 08:47:12.778,7.2299,7.2323,1.00,1.00
2010.03.31 08:47:13.202,7.2299,7.23225,1.00,3.20
2010.03.31 08:47:14.716,7.2299,7.2322,1.00,3.20
2010.03.31 08:47:16.757,7.2299,7.23215,1.00,3.20
2010.03.31 08:47:17.012,7.22995,7.23215,1.00,3.20
2010.03.31 08:47:17.163,7.2304,7.2325,1.00,3.20
2010.03.31 08:47:17.309,7.23,7.23265,1.00,3.20
2010.03.31 08:47:17.536,7.2304,7.2326,1.00,3.20
2010.03.31 08:47:17.992,7.23,7.2326,1.00,3.20
2010.03.31 08:47:18.226,7.2299,7.2323,1.00,1.00
2010.03.31 08:47:18.579,7.2299,7.23215,1.00,3.20
2010.03.31 08:47:20.256,7.2299,7.2322,1.00,3.30
2010.03.31 08:47:20.568,7.2299,7.23215,1.00,3.20
2010.03.31 08:47:24.347,7.2301,7.2324,1.00,3.20
2010.03.31 08:47:24.973,7.2299,7.2322,1.00,1.00
2010.03.31 08:47:25.167,7.2299,7.2322,1.00,3.40
2010.03.31 08:47:28.277,7.2301,7.23235,1.00,6.40
2010.03.31 08:47:28.466,7.2301,7.23235,1.00,3.20
2010.03.31 08:47:29.634,7.2302,7.23235,1.00,3.20
2010.03.31 08:47:32.811,7.2306,7.23235,1.00,3.20
2010.03.31 08:47:32.839,7.2306,7.23265,1.00,3.20
2010.03.31 08:47:32.943,7.2302,7.23265,1.00,3.20
2010.03.31 08:47:33.054,7.2302,7.23265,1.00,3.20
2010.03.31 08:47:33.118,7.2302,7.2324,1.00,3.20
2010.03.31 08:47:33.637,7.2301,7.2324,1.00,3.30
2010.03.31 08:47:33.991,7.2301,7.23215,1.00,3.20
2010.03.31 08:47:37.891,7.2307,7.23215,1.00,3.20
2010.03.31 08:47:38.628,7.2307,7.23265,1.00,3.20
2010.03.31 08:47:39.267,7.2303,7.23265,1.00,3.20
2010.03.31 08:47:40.211,7.2307,7.23265,1.00,3.20
2010.03.31 08:47:41.268,7.2303,7.23265,1.00,3.20
2010.03.31 08:47:41.725,7.2307,7.23265,1.00,3.20
2010.03.31 08:47:42.069,7.2303,7.23265,1.00,6.40
2010.03.31 08:47:42.410,7.2303,7.2324,1.00,3.20
2010.03.31 08:47:44.003,7.2303,7.2322,1.00,3.20
2010.03.31 08:47:44.409,7.2301,7.2322,1.00,3.20
2010.03.31 08:47:47.540,7.2303,7.2322,1.00,3.20
2010.03.31 08:47:47.720,7.2303,7.2324,1.00,3.20
2010.03.31 08:47:49.731,7.2307,7.2324,1.00,3.20
2010.03.31 08:47:50.250,7.2301,7.2323,1.00,1.00
2010.03.31 08:47:50.568,7.2301,7.23215,1.00,3.20
2010.03.31 08:47:50.880,7.2303,7.23215,1.00,3.20
2010.03.31 08:47:51.233,7.2301,7.23215,1.00,3.20
2010.03.31 08:47:52.018,7.2303,7.23215,1.00,3.20
2010.03.31 08:47:52.221,7.2303,7.2324,1.00,3.20
2010.03.31 08:47:53.611,7.2301,7.2322,1.00,3.20
2010.03.31 08:47:56.647,7.2296,7.23175,1.00,3.20
2010.03.31 08:47:56.898,7.2296,7.2315,1.00,1.20
2010.03.31 08:47:57.496,7.2292,7.2313,1.00,3.20
2010.03.31 08:47:58.702,7.2296,7.2316,1.00,3.20
2010.03.31 08:47:59.453,7.2297,7.2316,1.00,3.20
2010.03.31 08:47:59.752,7.2297,7.2318,1.00,3.20
2010.03.31 08:48:00.331,7.2297,7.23185,1.00,3.20
2010.03.31 08:48:01.825,7.2301,7.23215,1.00,3.20
2010.03.31 08:48:02.417,7.2297,7.23185,1.00,3.20
2010.03.31 08:48:03.248,7.2296,7.2316,1.00,3.20
2010.03.31 08:48:04.050,7.2296,7.2318,1.00,1.40
2010.03.31 08:48:05.724,7.2297,7.2318,1.00,1.20
2010.03.31 08:48:06.015,7.2297,7.23185,1.00,3.20
2010.03.31 08:48:07.454,7.2297,7.232,1.00,1.20
2010.03.31 08:48:07.562,7.2297,7.23185,1.00,3.20
2010.03.31 08:48:08.063,7.2297,7.232,1.00,1.20
2010.03.31 08:48:09.314,7.2299,7.232,1.00,4.40
2010.03.31 08:48:09.450,7.2299,7.232,1.00,1.20
2010.03.31 08:48:09.583,7.2299,7.232,1.00,4.40
2010.03.31 08:48:10.253,7.2298,7.232,1.00,4.50
2010.03.31 08:48:10.770,7.2298,7.23175,1.00,3.20
2010.03.31 08:48:12.068,7.2294,7.23145,1.00,1.20
2010.03.31 08:48:13.290,7.2299,7.23165,1.00,1.20
2010.03.31 08:48:13.854,7.2299,7.23175,1.00,3.20
2010.03.31 08:48:14.077,7.2299,7.232,1.00,4.40
2010.03.31 08:48:15.104,7.2303,7.232,1.00,1.20
2010.03.31 08:48:15.454,7.2303,7.23215,1.00,3.20
2010.03.31 08:48:15.802,7.2299,7.2322,1.00,1.20
2010.03.31 08:48:16.214,7.2299,7.23205,1.00,3.20
2010.03.31 08:48:18.579,7.2299,7.23215,1.00,3.20
2010.03.31 08:48:19.174,7.2299,7.23205,1.00,3.20
2010.03.31 08:48:21.537,7.2299,7.2313,1.00,1.00
2010.03.31 08:48:21.998,7.23,7.2313,1.00,1.00
2010.03.31 08:48:31.638,7.2296,7.2311,1.00,1.00
2010.03.31 08:48:33.849,7.23,7.2311,1.00,1.00
2010.03.31 08:48:34.967,7.2294,7.2311,1.00,1.00
2010.03.31 08:48:36.979,7.229,7.2311,1.00,1.00
2010.03.31 08:48:37.137,7.229,7.2311,1.00,1.00
2010.03.31 08:48:37.296,7.229,7.23105,1.00,3.20
2010.03.31 08:48:37.455,7.229,7.2311,1.00,1.00
2010.03.31 08:48:38.732,7.2295,7.2311,1.00,1.00
2010.03.31 08:48:40.494,7.2296,7.2311,1.00,1.00
2010.03.31 08:48:41.046,7.2298,7.2311,1.00,1.00
2010.03.31 08:48:42.046,7.2294,7.2311,1.00,1.00
2010.03.31 08:48:48.934,7.2296,7.2311,1.00,1.00
2010.03.31 08:48:50.292,7.2294,7.2311,1.00,1.00
2010.03.31 08:48:54.624,7.2289,7.2311,1.00,1.00
2010.03.31 08:48:54.923,7.2289,7.23105,1.00,3.20
2010.03.31 08:49:08.548,7.22855,7.23105,1.00,3.20
2010.03.31 08:49:08.809,7.22855,7.2308,1.00,3.20
2010.03.31 08:49:09.078,7.2285,7.2308,1.00,3.20
2010.03.31 08:49:12.137,7.2284,7.2308,1.00,3.20
2010.03.31 08:49:12.339,7.2285,7.2305,1.00,3.20
2010.03.31 08:49:12.548,7.2285,7.2308,1.00,3.20
2010.03.31 08:49:14.389,7.2289,7.23105,1.00,3.20
2010.03.31 08:49:15.799,7.2292,7.23105,1.00,3.20
2010.03.31 08:49:16.285,7.2292,7.2313,1.00,3.20
2010.03.31 08:49:16.621,7.2294,7.2315,1.00,1.60
2010.03.31 08:49:16.952,7.2296,7.2316,1.00,3.20
2010.03.31 08:49:17.810,7.22985,7.2317,1.00,1.20
2010.03.31 08:49:18.971,7.2301,7.2317,1.00,1.20
2010.03.31 08:49:25.558,7.2303,7.2321,1.00,1.20
2010.03.31 08:49:27.225,7.2304,7.2321,1.00,1.20
2010.03.31 08:49:28.970,7.23,7.23185,1.00,1.20
2010.03.31 08:49:29.318,7.2302,7.2321,1.00,1.20
2010.03.31 08:49:29.665,7.2302,7.23245,1.00,1.20
2010.03.31 08:49:30.398,7.2307,7.233,1.00,1.20
2010.03.31 08:49:30.710,7.231,7.233,1.00,1.20
2010.03.31 08:49:33.070,7.231,7.2328,1.00,1.20
2010.03.31 08:49:33.293,7.2309,7.2328,1.00,1.20
2010.03.31 08:49:34.865,7.2295,7.23245,1.00,1.20
2010.03.31 08:49:35.159,7.2295,7.2324,1.00,3.20
2010.03.31 08:49:37.311,7.2299,7.23265,1.00,3.20
2010.03.31 08:49:37.950,7.2297,7.2324,1.00,3.20
2010.03.31 08:49:39.048,7.2302,7.2324,1.00,3.20
2010.03.31 08:49:39.415,7.2298,7.2324,1.00,3.20
2010.03.31 08:49:40.064,7.2299,7.2324,1.00,3.20
2010.03.31 08:49:40.391,7.2299,7.23245,1.00,1.20
2010.03.31 08:49:41.991,7.2304,7.23245,1.00,1.20
2010.03.31 08:49:46.099,7.2309,7.23245,1.00,1.20
2010.03.31 08:49:46.345,7.2304,7.23245,1.00,1.20
2010.03.31 08:49:46.799,7.2304,7.2327,1.00,1.20
2010.03.31 08:49:47.002,7.2304,7.23245,1.00,1.20
2010.03.31 08:49:48.274,7.2299,7.2318,1.00,1.20
2010.03.31 08:49:48.622,7.2296,7.23165,1.00,3.20
2010.03.31 08:49:48.933,7.2298,7.2319,1.00,3.20
2010.03.31 08:49:53.128,7.2298,7.23195,1.00,1.20
2010.03.31 08:49:53.318,7.2298,7.2319,1.00,3.20
2010.03.31 08:49:54.241,7.2302,7.2319,1.00,3.20
2010.03.31 08:49:54.566,7.2298,7.23215,1.00,4.40
2010.03.31 08:49:55.982,7.2302,7.23215,1.00,4.40
2010.03.31 08:50:09.826,7.2301,7.23205,1.00,1.20
2010.03.31 08:50:11.716,7.2303,7.23215,1.00,3.20
2010.03.31 08:50:11.854,7.2303,7.23235,1.00,1.60
2010.03.31 08:50:11.993,7.2303,7.2325,1.00,1.20
2010.03.31 08:50:13.025,7.2309,7.2325,1.00,1.20
2010.03.31 08:50:16.506,7.2304,7.2323,1.00,1.20
2010.03.31 08:50:20.641,7.2309,7.2323,1.00,1.20
2010.03.31 08:50:21.189,7.2305,7.2323,1.00,1.20
2010.03.31 08:50:23.038,7.2304,7.2321,1.00,1.20
2010.03.31 08:50:23.347,7.2305,7.2321,1.00,1.20
2010.03.31 08:50:24.721,7.2304,7.2323,1.00,1.20
2010.03.31 08:50:27.347,7.2304,7.2325,1.00,1.20
2010.03.31 08:50:27.526,7.2309,7.2325,1.00,1.20
2010.03.31 08:50:27.701,7.2304,7.2325,1.00,1.20
2010.03.31 08:50:28.429,7.2304,7.23275,1.00,2.80
2010.03.31 08:50:28.784,7.2309,7.2325,1.00,1.20
2010.03.31 08:50:30.410,7.2304,7.2323,1.00,1.20
2010.03.31 08:50:37.928,7.2305,7.2323,1.00,1.20
2010.03.31 08:50:53.946,7.2306,7.2323,1.00,1.20
2010.03.31 08:50:55.666,7.231,7.23205,1.00,1.20
2010.03.31 08:50:55.945,7.2306,7.23205,1.00,1.20
2010.03.31 08:50:56.553,7.231,7.23205,1.00,1.20
2010.03.31 08:50:56.801,7.2306,7.23205,1.00,1.20
2010.03.31 08:50:57.228,7.231,7.23205,1.00,1.20
2010.03.31 08:51:06.048,7.2311,7.23205,1.00,1.20
2010.03.31 08:51:06.329,7.2311,7.2325,1.00,1.20
2010.03.31 08:51:09.983,7.231,7.2325,1.00,1.20
2010.03.31 08:51:21.348,7.2311,7.2325,1.00,1.20
2010.03.31 08:51:41.209,7.231,7.2325,1.00,1.20
2010.03.31 08:51:51.432,7.2306,7.2323,1.00,1.20
2010.03.31 08:51:51.759,7.2305,7.2321,1.00,1.20
2010.03.31 08:51:55.085,7.2305,7.232,1.00,1.60
2010.03.31 08:51:55.309,7.2298,7.23175,1.00,1.20
2010.03.31 08:51:57.838,7.2297,7.2316,1.00,1.20
2010.03.31 08:52:05.290,7.2293,7.23125,1.00,1.20
2010.03.31 08:52:05.670,7.2292,7.23125,1.00,1.20
2010.03.31 08:52:05.861,7.2293,7.23125,1.00,1.20
2010.03.31 08:52:06.251,7.2294,7.23125,1.00,1.20
2010.03.31 08:52:06.939,7.2292,7.23125,1.00,1.20
2010.03.31 08:52:15.365,7.2297,7.2315,1.00,1.20
2010.03.31 08:52:27.140,7.2297,7.2311,1.00,1.00
2010.03.31 08:52:27.599,7.2293,7.2311,1.00,1.00
2010.03.31 08:52:27.760,7.2297,7.2311,1.00,1.00
2010.03.31 08:52:32.952,7.2298,7.2311,1.00,1.00
2010.03.31 08:52:33.599,7.2287,7.2311,1.00,1.00
2010.03.31 08:52:34.844,7.229,7.2311,1.00,1.00
2010.03.31 08:52:36.467,7.2287,7.2311,1.00,1.00
2010.03.31 08:52:36.649,7.2286,7.23105,1.00,3.20
2010.03.31 08:52:37.156,7.2284,7.23105,1.00,3.20
2010.03.31 08:52:37.447,7.22875,7.2311,1.00,1.40
2010.03.31 08:52:44.087,7.2289,7.2311,1.00,1.00
2010.03.31 08:52:44.763,7.2294,7.2311,1.00,1.00
2010.03.31 08:52:52.424,7.2287,7.2311,1.00,1.00
2010.03.31 08:52:52.648,7.2287,7.2311,1.00,1.40
2010.03.31 08:52:53.198,7.2289,7.2311,1.00,1.00
2010.03.31 08:52:53.923,7.2293,7.2311,1.00,1.00
2010.03.31 08:52:59.257,7.2299,7.2311,1.00,1.00
2010.03.31 08:53:00.000,7.23,7.2311,1.00,1.00
2010.03.31 08:53:01.879,7.2301,7.2311,1.00,1.00
2010.03.31 08:53:02.303,7.2301,7.2326,1.00,1.20
2010.03.31 08:53:03.668,7.22965,7.2324,3.20,1.20
2010.03.31 08:53:03.838,7.229,7.23135,1.00,1.20
2010.03.31 08:53:04.582,7.229,7.2315,1.00,1.20
2010.03.31 08:53:04.921,7.2296,7.2318,1.00,3.20
2010.03.31 08:53:05.272,7.2302,7.23205,1.00,1.20
2010.03.31 08:53:05.833,7.2302,7.2324,1.00,1.20
2010.03.31 08:53:06.514,7.2301,7.2324,1.00,1.20
2010.03.31 08:53:08.357,7.2301,7.2322,1.00,1.20
2010.03.31 08:53:08.455,7.2301,7.2324,1.00,1.20
2010.03.31 08:53:08.555,7.23,7.2324,1.00,1.20
2010.03.31 08:53:08.907,7.23,7.2322,1.00,1.20
2010.03.31 08:53:09.012,7.2301,7.2324,1.00,1.20
2010.03.31 08:53:11.962,7.2301,7.23265,1.00,2.80
2010.03.31 08:53:12.183,7.2306,7.23265,1.00,1.20
2010.03.31 08:53:13.663,7.2301,7.2322,1.00,1.20
2010.03.31 08:53:15.192,7.2296,7.23185,1.00,1.20
2010.03.31 08:53:16.453,7.2301,7.23185,1.00,1.20
2010.03.31 08:53:16.674,7.2296,7.23185,1.00,1.20
2010.03.31 08:53:17.371,7.2301,7.23185,1.00,1.20
2010.03.31 08:53:17.614,7.2295,7.2317,1.00,1.20
2010.03.31 08:53:17.974,7.2295,7.23185,1.00,1.20
2010.03.31 08:53:18.260,7.2296,7.23185,1.00,1.20
2010.03.31 08:53:19.984,7.2301,7.23185,1.00,1.20
2010.03.31 08:53:20.213,7.2301,7.2321,1.00,1.20
2010.03.31 08:53:22.053,7.2301,7.2324,1.00,1.20
2010.03.31 08:53:22.317,7.2302,7.2324,1.00,1.20
2010.03.31 08:53:25.343,7.2302,7.23265,1.00,1.20
2010.03.31 08:53:25.712,7.2302,7.2324,1.00,1.20
2010.03.31 08:53:28.325,7.2301,7.2324,1.00,1.20
2010.03.31 08:53:28.445,7.2301,7.2322,1.00,1.20
2010.03.31 08:53:30.926,7.2296,7.2322,1.00,1.20
2010.03.31 08:53:31.162,7.2296,7.23185,1.00,1.20
2010.03.31 08:53:31.407,7.2296,7.23165,1.00,1.20
2010.03.31 08:53:32.228,7.2297,7.23165,1.00,1.20
2010.03.31 08:53:32.920,7.2296,7.23165,1.00,1.20
2010.03.31 08:53:33.270,7.2297,7.23185,1.00,1.20
2010.03.31 08:53:34.308,7.2301,7.2321,1.00,1.20
2010.03.31 08:53:39.000,7.2306,7.2325,1.00,3.20
2010.03.31 08:53:39.594,7.2302,7.2324,1.00,1.20
2010.03.31 08:53:40.618,7.2301,7.2322,1.00,1.20
2010.03.31 08:53:43.393,7.2297,7.2322,1.00,1.20
2010.03.31 08:53:43.812,7.2297,7.23185,1.00,1.20
2010.03.31 08:53:48.262,7.2302,7.2321,1.00,1.20
2010.03.31 08:53:48.459,7.2303,7.2324,1.00,1.20
2010.03.31 08:53:52.440,7.2303,7.23265,1.00,1.20
2010.03.31 08:53:52.646,7.2307,7.2324,1.00,1.20
2010.03.31 08:53:52.731,7.2303,7.2324,1.00,1.20
2010.03.31 08:53:56.622,7.2302,7.2324,1.00,1.20
2010.03.31 08:53:56.833,7.2302,7.2322,1.00,1.20
2010.03.31 08:53:57.793,7.2297,7.2322,1.00,1.20
2010.03.31 08:53:58.032,7.2302,7.2322,1.00,1.20
2010.03.31 08:53:58.341,7.2297,7.2322,1.00,1.20
2010.03.31 08:53:58.489,7.2302,7.2322,1.00,1.20
2010.03.31 08:53:59.337,7.2297,7.2322,1.00,1.20
2010.03.31 08:54:00.780,7.2302,7.2322,1.00,1.20
2010.03.31 08:54:01.693,7.2299,7.2322,1.00,1.20
2010.03.31 08:54:02.022,7.2302,7.2322,1.00,1.20
2010.03.31 08:54:02.350,7.2303,7.2322,1.00,1.20
2010.03.31 08:54:02.567,7.2302,7.2322,1.00,1.20
2010.03.31 08:54:02.818,7.2303,7.2322,1.00,1.20
2010.03.31 08:54:06.680,7.2303,7.2324,1.00,1.20
2010.03.31 08:54:08.917,7.2299,7.2324,1.00,1.20
2010.03.31 08:54:09.338,7.2303,7.2324,1.00,1.20
2010.03.31 08:54:09.688,7.2299,7.2324,1.00,1.20
2010.03.31 08:54:11.144,7.2297,7.2317,1.00,1.20
2010.03.31 08:54:12.010,7.2297,7.23135,1.00,1.20
2010.03.31 08:54:12.364,7.2297,7.23155,1.00,1.20
2010.03.31 08:54:34.541,7.2295,7.23155,1.00,1.20
2010.03.31 08:54:38.823,7.2294,7.23155,1.00,1.20
2010.03.31 08:54:42.702,7.2295,7.23155,1.00,1.20
2010.03.31 08:54:45.530,7.2296,7.2319,1.00,1.20
2010.03.31 08:54:46.870,7.2296,7.2319,1.00,2.80
2010.03.31 08:54:47.122,7.2295,7.2317,1.00,1.20
2010.03.31 08:54:51.962,7.2296,7.2317,1.00,1.20
2010.03.31 08:54:56.407,7.2291,7.23135,1.00,1.20
2010.03.31 08:54:58.617,7.2296,7.23135,1.00,1.20
2010.03.31 08:54:58.704,7.2296,7.2316,1.00,1.20
2010.03.31 08:55:00.702,7.2291,7.23135,3.30,1.20
2010.03.31 08:55:00.837,7.2291,7.23135,1.00,1.20
2010.03.31 08:55:01.640,7.2291,7.2316,1.00,1.20
2010.03.31 08:55:01.988,7.2297,7.2319,1.00,1.20
2010.03.31 08:55:04.682,7.2292,7.23135,3.20,1.20
2010.03.31 08:55:05.235,7.2291,7.23135,1.00,1.20
2010.03.31 08:55:11.561,7.2291,7.23135,3.30,1.20
2010.03.31 08:55:13.073,7.2295,7.23135,1.00,1.20
2010.03.31 08:55:13.242,7.2295,7.2316,1.00,1.20
2010.03.31 08:55:14.954,7.2294,7.2316,1.00,1.20
2010.03.31 08:55:20.603,7.22925,7.2312,3.20,1.20
2010.03.31 08:55:20.803,7.2289,7.2312,1.00,1.20
2010.03.31 08:55:21.610,7.22875,7.23085,3.20,1.20
2010.03.31 08:55:22.386,7.2282,7.2303,3.20,1.20
2010.03.31 08:55:22.668,7.22795,7.2303,3.20,1.20
2010.03.31 08:55:24.793,7.22795,7.2301,3.20,1.20
2010.03.31 08:55:25.279,7.2279,7.2301,1.00,1.20
2010.03.31 08:55:25.634,7.22815,7.2301,1.60,1.20
2010.03.31 08:55:25.917,7.22825,7.2301,1.60,1.20
2010.03.31 08:55:26.815,7.22775,7.2296,1.60,3.20
2010.03.31 08:55:27.162,7.22775,7.23,1.60,1.20
2010.03.31 08:55:27.511,7.2277,7.23,3.20,1.20
2010.03.31 08:55:27.859,7.22785,7.23,1.60,1.20
2010.03.31 08:55:28.727,7.2278,7.23,1.00,1.20
2010.03.31 08:55:31.827,7.2284,7.2304,1.00,1.20
2010.03.31 08:55:32.755,7.2279,7.23015,1.00,3.20
2010.03.31 08:55:33.070,7.22785,7.23005,1.00,1.20
2010.03.31 08:55:34.437,7.22825,7.23005,1.60,1.20
2010.03.31 08:55:34.789,7.22825,7.23045,1.60,1.20
2010.03.31 08:55:35.386,7.22805,7.2302,1.60,1.20
2010.03.31 08:55:35.971,7.228,7.2302,3.20,1.20
2010.03.31 08:55:36.221,7.22795,7.2302,1.60,1.20
2010.03.31 08:55:37.248,7.2279,7.2302,3.30,1.20
2010.03.31 08:55:40.058,7.2277,7.2297,3.20,1.20
2010.03.31 08:55:40.255,7.22765,7.2297,1.60,1.20
2010.03.31 08:55:41.008,7.2282,7.2304,3.20,1.20
2010.03.31 08:55:41.333,7.22815,7.2302,1.60,1.20
2010.03.31 08:55:41.991,7.22795,7.2302,3.20,1.20
2010.03.31 08:55:42.683,7.2284,7.23045,1.00,1.20
2010.03.31 08:55:46.455,7.22815,7.2302,1.60,1.20
2010.03.31 08:55:46.769,7.228,7.2302,1.00,1.20
2010.03.31 08:55:48.197,7.2279,7.23,1.00,1.20
2010.03.31 08:55:48.514,7.2279,7.2299,1.00,1.20
2010.03.31 08:55:48.972,7.22775,7.2299,1.60,1.20
2010.03.31 08:55:49.790,7.22815,7.2309,1.60,1.20
2010.03.31 08:55:51.152,7.2285,7.2308,1.00,4.40
2010.03.31 08:55:52.151,7.2284,7.2305,1.00,1.20
2010.03.31 08:55:53.856,7.2284,7.2302,1.00,1.20
2010.03.31 08:55:54.166,7.2279,7.22995,1.00,1.20
2010.03.31 08:55:56.252,7.2274,7.22945,1.00,1.20
2010.03.31 08:55:56.610,7.2269,7.22925,1.00,3.20
2010.03.31 08:55:56.950,7.2269,7.2293,1.00,3.20
2010.03.31 08:55:57.632,7.2269,7.22925,1.00,3.20
2010.03.31 08:55:58.387,7.22695,7.2292,1.60,3.20
2010.03.31 08:55:58.505,7.227,7.22945,1.00,1.60
2010.03.31 08:55:58.608,7.227,7.22975,1.00,1.20
2010.03.31 08:55:59.885,7.2269,7.2292,3.20,1.20
2010.03.31 08:56:00.517,7.2268,7.229,1.00,1.20
2010.03.31 08:56:00.784,7.2264,7.22865,1.00,1.20
2010.03.31 08:56:01.033,7.2268,7.22885,1.00,1.20
2010.03.31 08:56:01.416,7.2268,7.22865,1.00,1.20
2010.03.31 08:56:01.766,7.2258,7.22855,1.00,1.20
2010.03.31 08:56:03.109,7.2264,7.2285,1.00,3.20
2010.03.31 08:56:03.262,7.2264,7.22855,1.00,4.40
2010.03.31 08:56:03.956,7.2263,7.2283,1.00,1.20
2010.03.31 08:56:04.116,7.2263,7.22855,1.00,1.20
2010.03.31 08:56:04.464,7.2268,7.2287,1.00,3.20
2010.03.31 08:56:04.954,7.2273,7.22875,1.00,1.20
2010.03.31 08:56:05.310,7.2273,7.22925,1.00,1.20
2010.03.31 08:56:07.349,7.2274,7.22925,1.00,1.20
2010.03.31 08:56:07.808,7.2274,7.2296,1.00,1.20
2010.03.31 08:56:08.664,7.2273,7.22935,1.00,1.20
2010.03.31 08:56:09.365,7.2278,7.22965,1.00,3.20
2010.03.31 08:56:09.713,7.2274,7.2296,1.00,1.20
2010.03.31 08:56:10.696,7.2274,7.2296,1.00,4.40
2010.03.31 08:56:11.046,7.2278,7.2298,1.00,1.20
2010.03.31 08:56:12.414,7.2279,7.2298,1.00,1.20
2010.03.31 08:56:12.777,7.2274,7.2294,1.00,1.20
2010.03.31 08:56:14.718,7.2269,7.22905,1.00,1.20
2010.03.31 08:56:15.717,7.2268,7.22885,1.00,1.20
2010.03.31 08:56:16.074,7.2268,7.22875,1.00,1.20
2010.03.31 08:56:16.759,7.2262,7.2285,1.00,1.20
2010.03.31 08:56:17.675,7.2263,7.2286,1.00,3.20
2010.03.31 08:56:17.965,7.2267,7.2288,1.00,1.20
2010.03.31 08:56:18.251,7.2267,7.229,1.00,1.20
2010.03.31 08:56:18.943,7.2267,7.22895,1.00,1.60
2010.03.31 08:56:19.122,7.2263,7.2286,1.00,1.20
2010.03.31 08:56:19.299,7.2263,7.2288,1.00,1.20
2010.03.31 08:56:19.649,7.2267,7.2288,1.00,1.20
2010.03.31 08:56:20.015,7.2267,7.229,1.00,1.20
2010.03.31 08:56:20.364,7.2263,7.2288,1.00,1.20
2010.03.31 08:56:20.711,7.2262,7.2286,1.00,4.40
2010.03.31 08:56:25.972,7.2264,7.2288,1.00,1.20
2010.03.31 08:56:26.988,7.2264,7.2286,1.00,1.20
2010.03.31 08:56:27.346,7.2264,7.22855,1.00,1.60
2010.03.31 08:56:29.077,7.2262,7.22845,1.00,1.60
2010.03.31 08:56:29.691,7.2262,7.22835,1.00,1.60
2010.03.31 08:56:31.403,7.2262,7.2284,1.00,1.00
2010.03.31 08:56:32.062,7.2262,7.22835,1.00,1.60
2010.03.31 08:56:34.298,7.2268,7.2284,1.00,1.00
2010.03.31 08:56:34.791,7.2268,7.22815,1.00,1.00
2010.03.31 08:56:36.974,7.2262,7.22815,1.00,1.00
2010.03.31 08:56:37.214,7.2262,7.22805,1.00,1.60
2010.03.31 08:56:37.453,7.2261,7.22735,1.00,1.00
2010.03.31 08:56:38.126,7.2266,7.22915,1.00,1.60
2010.03.31 08:56:38.305,7.22635,7.2292,1.90,3.20
2010.03.31 08:56:38.489,7.22635,7.2281,1.00,1.00
2010.03.31 08:56:39.021,7.22615,7.22865,1.00,4.80
2010.03.31 08:56:39.195,7.22615,7.2275,1.00,1.00
2010.03.31 08:56:40.378,7.22655,7.2274,1.00,1.00
2010.03.31 08:56:40.696,7.22655,7.2285,1.00,1.00
2010.03.31 08:56:41.352,7.22655,7.2285,1.00,1.00
2010.03.31 08:56:41.712,7.2254,7.2276,1.00,1.00
2010.03.31 08:56:43.063,7.2252,7.22765,1.00,1.60
2010.03.31 08:56:43.362,7.2252,7.22735,1.00,1.00
2010.03.31 08:56:44.362,7.2256,7.2276,1.00,1.00
2010.03.31 08:56:44.713,7.2257,7.2276,1.00,1.00
2010.03.31 08:56:52.396,7.2259,7.2276,1.00,1.00
2010.03.31 08:56:52.606,7.226,7.22905,3.20,1.60
2010.03.31 08:56:52.767,7.226,7.229,3.20,1.00
2010.03.31 08:56:53.249,7.2259,7.229,3.30,1.00
2010.03.31 08:56:55.262,7.2259,7.22865,3.30,1.60
2010.03.31 08:56:55.460,7.2259,7.2288,3.20,1.70
2010.03.31 08:56:55.648,7.2259,7.2288,3.20,1.00
2010.03.31 08:56:56.516,7.2259,7.2282,3.20,1.20
2010.03.31 08:56:57.646,7.2259,7.22745,3.20,1.20
2010.03.31 08:56:57.864,7.22535,7.22745,3.20,1.20
2010.03.31 08:57:02.940,7.2253,7.22745,1.00,1.20
2010.03.31 08:57:04.247,7.2252,7.2271,5.60,1.20
2010.03.31 08:57:04.504,7.2252,7.2269,2.40,1.20
2010.03.31 08:57:05.249,7.2252,7.2271,2.40,1.20
2010.03.31 08:57:08.566,7.2253,7.2273,3.30,1.00
2010.03.31 08:57:08.849,7.2254,7.2273,1.00,1.00
2010.03.31 08:57:09.161,7.22555,7.2273,3.20,1.00
2010.03.31 08:57:09.769,7.2255,7.2277,3.20,1.20
2010.03.31 08:57:11.106,7.2258,7.22795,1.00,1.20
2010.03.31 08:57:11.809,7.22585,7.22795,3.20,1.20
2010.03.31 08:57:13.929,7.22535,7.22785,3.20,1.20
2010.03.31 08:57:14.216,7.2253,7.2275,3.30,1.20
2010.03.31 08:57:16.004,7.2252,7.2275,5.60,1.20
2010.03.31 08:57:16.289,7.2251,7.2274,1.00,1.20
2010.03.31 08:57:16.815,7.225,7.22725,1.00,1.00
2010.03.31 08:57:18.270,7.2251,7.22725,1.00,1.00
2010.03.31 08:57:19.503,7.225,7.22725,1.00,1.00
2010.03.31 08:57:22.068,7.2251,7.22725,1.00,1.00
2010.03.31 08:57:22.871,7.2254,7.2276,3.20,1.00
2010.03.31 08:57:22.995,7.22545,7.22775,3.20,1.20
2010.03.31 08:57:26.084,7.22535,7.2274,3.20,1.20
2010.03.31 08:57:26.438,7.22505,7.2272,3.20,1.00
2010.03.31 08:57:27.123,7.22535,7.2272,3.20,1.00
2010.03.31 08:57:30.207,7.22535,7.2272,3.20,1.00
2010.03.31 08:57:32.401,7.2256,7.2279,3.20,1.00
2010.03.31 08:57:33.270,7.22585,7.22815,3.20,1.20
2010.03.31 08:57:34.149,7.2259,7.22815,3.20,1.20
2010.03.31 08:57:40.802,7.226,7.2282,3.20,1.00
2010.03.31 08:57:41.053,7.2264,7.2277,1.00,1.00
2010.03.31 08:57:41.655,7.2264,7.22725,3.20,1.00
2010.03.31 08:57:41.901,7.2264,7.2289,3.30,1.20
2010.03.31 08:57:42.247,7.2264,7.22805,3.30,1.00
2010.03.31 08:57:43.457,7.2267,7.2281,3.20,1.00
2010.03.31 08:57:44.207,7.2267,7.22815,3.20,1.00
2010.03.31 08:57:44.988,7.22695,7.22805,3.20,1.00
2010.03.31 08:57:45.234,7.22695,7.22825,3.20,1.00
2010.03.31 08:57:45.716,7.2267,7.22825,3.20,1.00
2010.03.31 08:57:46.208,7.2267,7.22815,3.20,1.00
2010.03.31 08:57:46.556,7.22665,7.22815,3.20,1.00
2010.03.31 08:57:47.248,7.227,7.22815,1.00,1.00
2010.03.31 08:57:47.581,7.2266,7.22815,1.00,1.00
2010.03.31 08:57:47.938,7.2262,7.22815,1.00,1.00
2010.03.31 08:57:48.274,7.2262,7.2278,1.00,1.00
2010.03.31 08:57:48.919,7.2261,7.2278,1.00,1.00
2010.03.31 08:57:49.477,7.2261,7.2277,1.00,1.00
2010.03.31 08:57:50.464,7.2262,7.2277,1.00,1.00
2010.03.31 08:57:51.451,7.2266,7.22795,1.00,1.00
2010.03.31 08:57:51.723,7.2262,7.22795,1.00,1.00
2010.03.31 08:57:51.994,7.2262,7.2277,1.00,1.00
2010.03.31 08:57:52.924,7.2261,7.2277,1.00,1.00
2010.03.31 08:57:53.981,7.2262,7.2277,1.00,1.00
2010.03.31 08:57:54.327,7.2261,7.2277,1.00,1.00
2010.03.31 08:57:55.103,7.2263,7.2277,1.00,1.00
2010.03.31 08:57:55.414,7.2264,7.22795,1.00,1.00
2010.03.31 08:57:57.077,7.2263,7.22795,1.00,1.00
2010.03.31 08:57:57.427,7.2264,7.22895,1.00,1.60
2010.03.31 08:57:58.113,7.2264,7.22815,1.00,1.00
2010.03.31 08:57:59.054,7.2268,7.22815,1.00,1.00
2010.03.31 08:57:59.243,7.2264,7.2276,1.00,1.00
2010.03.31 08:57:59.900,7.2265,7.22905,1.00,1.00
2010.03.31 08:58:00.199,7.2264,7.22905,1.00,1.30
2010.03.31 08:58:00.544,7.2265,7.22845,1.00,1.00
2010.03.31 08:58:01.094,7.2265,7.2276,1.00,1.00
2010.03.31 08:58:01.457,7.2264,7.2279,1.00,1.00
2010.03.31 08:58:02.143,7.2265,7.2279,1.00,1.00
2010.03.31 08:58:04.470,7.2269,7.2279,1.00,1.00
2010.03.31 08:58:04.821,7.2269,7.22815,1.00,1.00
2010.03.31 08:58:11.481,7.2267,7.22815,1.00,1.00
2010.03.31 08:58:12.125,7.2267,7.2279,1.00,1.00
2010.03.31 08:58:15.067,7.2268,7.2279,1.00,1.00
2010.03.31 08:58:15.418,7.2268,7.22745,1.00,1.00
2010.03.31 08:58:16.128,7.2267,7.22785,1.00,1.00
2010.03.31 08:58:16.483,7.2267,7.2283,1.00,3.20
2010.03.31 08:58:17.166,7.2267,7.22865,1.00,1.00
2010.03.31 08:58:17.457,7.22615,7.22865,1.00,1.00
2010.03.31 08:58:17.749,7.2259,7.2277,1.00,1.00
2010.03.31 08:58:18.842,7.2258,7.2272,1.00,1.00
2010.03.31 08:58:19.959,7.2256,7.2272,1.00,1.00
2010.03.31 08:58:21.018,7.22495,7.22675,1.00,1.60
2010.03.31 08:58:21.307,7.2246,7.22675,1.00,1.60
2010.03.31 08:58:22.054,7.2246,7.2264,1.00,1.00
2010.03.31 08:58:24.807,7.2248,7.2263,1.00,3.20
2010.03.31 08:58:25.422,7.2248,7.2264,1.00,1.00
2010.03.31 08:58:26.110,7.2248,7.227,1.00,4.60
2010.03.31 08:58:26.461,7.2246,7.2266,1.00,1.00
2010.03.31 08:58:27.210,7.2248,7.2266,1.00,1.00
2010.03.31 08:58:28.095,7.2248,7.2265,1.00,1.00
2010.03.31 08:58:30.222,7.2249,7.2265,1.00,1.00
2010.03.31 08:58:31.932,7.2245,7.2265,1.00,1.00
2010.03.31 08:58:32.183,7.2243,7.2264,1.00,1.20
2010.03.31 08:58:32.422,7.2243,7.2263,1.00,1.00
2010.03.31 08:58:34.154,7.2239,7.22595,1.00,1.60
2010.03.31 08:58:34.774,7.2238,7.22585,1.00,1.20
2010.03.31 08:58:35.143,7.2238,7.22585,1.00,1.30
2010.03.31 08:58:39.541,7.2236,7.2258,1.00,1.00
2010.03.31 08:58:39.690,7.2236,7.22575,1.00,1.20
2010.03.31 08:58:39.840,7.2236,7.22575,1.00,4.40
2010.03.31 08:58:39.996,7.2236,7.22575,1.00,4.50
2010.03.31 08:58:43.697,7.2232,7.2257,1.00,1.00
2010.03.31 08:58:43.873,7.2232,7.2254,1.00,1.20
2010.03.31 08:58:44.533,7.2232,7.2252,1.00,1.00
2010.03.31 08:58:46.204,7.22265,7.2239,1.00,3.20
2010.03.31 08:58:46.552,7.2212,7.2239,1.90,3.20
2010.03.31 08:58:47.142,7.2212,7.2244,3.50,1.00
2010.03.31 08:58:48.190,7.2219,7.2242,1.00,2.40
2010.03.31 08:58:49.084,7.2224,7.2237,1.00,1.00
2010.03.31 08:58:51.212,7.2225,7.2237,1.00,1.00
2010.03.31 08:58:51.779,7.2225,7.22445,1.00,1.00
2010.03.31 08:58:56.212,7.2229,7.22445,1.00,1.00
2010.03.31 08:58:56.495,7.2229,7.22385,1.00,1.00
2010.03.31 08:59:00.345,7.2229,7.2239,1.00,1.00
2010.03.31 08:59:01.093,7.223,7.2239,1.00,1.00
2010.03.31 08:59:01.443,7.223,7.2242,1.00,1.00
2010.03.31 08:59:03.650,7.223,7.2241,1.00,1.00
2010.03.31 08:59:04.131,7.223,7.2242,1.00,1.00
2010.03.31 08:59:04.484,7.2229,7.2239,1.00,1.00
2010.03.31 08:59:05.852,7.2234,7.22565,1.00,4.40
2010.03.31 08:59:06.200,7.2234,7.22445,1.00,1.00
2010.03.31 08:59:07.984,7.2236,7.22425,1.00,1.00
2010.03.31 08:59:08.311,7.2231,7.22425,1.00,1.00
2010.03.31 08:59:08.734,7.2231,7.2255,1.00,1.20
2010.03.31 08:59:09.064,7.223,7.2241,1.00,1.00
2010.03.31 08:59:09.727,7.2231,7.2241,1.00,1.00
2010.03.31 08:59:10.319,7.2231,7.22425,1.00,1.00
2010.03.31 08:59:11.943,7.223,7.22425,1.00,1.00
2010.03.31 08:59:12.230,7.2226,7.2239,1.00,1.00
2010.03.31 08:59:12.515,7.2226,7.22385,1.00,1.00
2010.03.31 08:59:13.841,7.223,7.22535,1.00,1.20
2010.03.31 08:59:17.947,7.2231,7.22515,1.00,1.20
2010.03.31 08:59:23.301,7.2227,7.2251,1.00,1.40
2010.03.31 08:59:24.815,7.2231,7.2251,1.00,1.60
2010.03.31 08:59:25.156,7.2229,7.225,1.00,1.00
2010.03.31 08:59:25.504,7.2224,7.22485,1.00,3.20
2010.03.31 08:59:25.843,7.2224,7.22465,1.00,3.20
2010.03.31 08:59:26.940,7.2224,7.2246,1.00,1.00
2010.03.31 08:59:32.363,7.2224,7.22435,1.00,3.20
2010.03.31 08:59:32.644,7.2221,7.2245,1.00,3.30
2010.03.31 08:59:32.923,7.2219,7.2245,1.00,3.30
2010.03.31 08:59:33.204,7.2221,7.22435,1.00,3.20
2010.03.31 08:59:33.869,7.2221,7.2244,1.00,1.00
2010.03.31 08:59:34.141,7.222,7.2244,1.00,1.00
2010.03.31 08:59:36.172,7.22225,7.2245,1.00,1.00
2010.03.31 08:59:39.010,7.22225,7.2244,1.00,1.00
2010.03.31 08:59:39.220,7.2218,7.2239,1.00,1.00
2010.03.31 08:59:40.477,7.2219,7.2239,1.00,1.00
2010.03.31 08:59:41.826,7.22155,7.2238,1.00,3.30
2010.03.31 08:59:44.999,7.22155,7.2234,1.00,1.00
2010.03.31 08:59:45.243,7.22135,7.2234,1.00,1.00
2010.03.31 08:59:46.032,7.22155,7.2238,1.00,3.30
2010.03.31 08:59:47.056,7.22155,7.2238,1.00,3.20
2010.03.31 08:59:49.969,7.22175,7.2239,1.00,1.00
