2017.12.04 23:00:00.650,8.41901,8.42067,3.14,1.00
2017.12.04 23:00:00.738,8.41901,8.42065,3.14,1.00
2017.12.04 23:00:03.711,8.41904,8.42048,2.44,1.00
2017.12.04 23:00:17.009,8.41904,8.42036,1.87,1.00
2017.12.04 23:00:17.448,8.41904,8.42036,2.25,1.00
2017.12.04 23:00:17.764,8.41904,8.42038,2.44,1.00
2017.12.04 23:00:18.080,8.419,8.42067,3.14,1.00
2017.12.04 23:00:18.181,8.419,8.42071,3.14,1.00
2017.12.04 23:00:18.283,8.419,8.42057,3.14,1.00
2017.12.04 23:00:22.552,8.419,8.42057,2.95,1.00
2017.12.04 23:00:22.603,8.41903,8.42057,1.87,1.00
2017.12.04 23:00:22.654,8.41903,8.42057,1.50,1.00
2017.12.04 23:00:22.755,8.41903,8.42057,2.06,1.00
2017.12.04 23:00:22.857,8.41903,8.42057,1.50,1.00
2017.12.04 23:00:23.009,8.41903,8.42057,2.06,1.00
2017.12.04 23:00:25.574,8.419,8.42126,2.24,1.00
2017.12.04 23:00:28.481,8.41912,8.42126,1.12,1.00
2017.12.04 23:00:30.660,8.41911,8.42126,1.12,1.00
2017.12.04 23:00:31.035,8.41912,8.42147,1.12,1.00
2017.12.04 23:00:44.822,8.41903,8.42107,1.87,1.00
2017.12.04 23:00:45.513,8.419,8.42077,2.24,1.00
2017.12.04 23:00:45.564,8.419,8.42147,2.24,1.00
2017.12.04 23:00:46.572,8.419,8.42106,2.24,1.00
2017.12.04 23:00:46.963,8.419,8.42077,2.24,1.00
2017.12.04 23:00:47.327,8.419,8.42147,2.24,1.00
2017.12.04 23:00:50.836,8.419,8.42107,2.24,1.00
2017.12.04 23:00:51.524,8.419,8.42077,2.24,1.00
2017.12.04 23:00:51.575,8.419,8.42147,2.24,1.00
2017.12.04 23:00:54.751,8.419,8.42147,2.24,1.00
2017.12.04 23:00:55.055,8.41968,8.42195,1.12,1.00
2017.12.04 23:00:55.363,8.41955,8.42093,1.12,1.00
2017.12.04 23:00:55.414,8.41912,8.42076,1.12,1.00
2017.12.04 23:00:55.771,8.41912,8.42076,1.12,1.00
2017.12.04 23:00:56.047,8.41912,8.42147,1.12,1.00
2017.12.04 23:00:56.853,8.41912,8.42147,1.12,1.00
2017.12.04 23:00:57.075,8.41912,8.42117,1.12,1.00
2017.12.04 23:00:57.438,8.41912,8.42077,1.12,1.00
2017.12.04 23:00:57.541,8.41912,8.42077,1.12,1.00
2017.12.04 23:00:57.592,8.41912,8.42147,1.12,1.00
2017.12.04 23:00:57.697,8.41912,8.42147,1.12,1.00
2017.12.04 23:01:02.267,8.419,8.42147,2.24,1.00
2017.12.04 23:01:02.318,8.419,8.42107,2.24,1.00
2017.12.04 23:01:03.028,8.419,8.42077,2.24,1.00
2017.12.04 23:01:03.080,8.419,8.42137,2.24,1.00
2017.12.04 23:01:03.183,8.4185,8.42137,1.94,1.00
2017.12.04 23:01:03.553,8.41904,8.42077,2.06,1.00
2017.12.04 23:01:04.596,8.41903,8.42077,1.19,1.00
2017.12.04 23:01:04.647,8.419,8.42077,1.23,1.00
2017.12.04 23:01:05.072,8.419,8.42137,1.23,1.00
2017.12.04 23:01:07.036,8.419,8.42157,1.23,1.00
2017.12.04 23:01:09.784,8.41901,8.42157,1.23,1.00
2017.12.04 23:01:09.936,8.419,8.42147,1.23,1.00
2017.12.04 23:01:12.294,8.41933,8.42147,1.00,1.00
2017.12.04 23:01:12.396,8.41933,8.42184,1.37,1.00
2017.12.04 23:01:12.447,8.41903,8.42086,1.37,1.00
2017.12.04 23:01:12.498,8.41903,8.4208,1.00,1.00
2017.12.04 23:01:12.550,8.419,8.42077,1.23,1.00
2017.12.04 23:01:13.330,8.419,8.42147,1.23,1.00
2017.12.04 23:01:18.193,8.41901,8.42147,1.23,1.00
2017.12.04 23:01:22.477,8.419,8.42127,1.23,1.00
2017.12.04 23:01:29.575,8.419,8.42106,1.23,1.00
2017.12.04 23:01:29.829,8.419,8.42135,1.23,1.00
2017.12.04 23:01:29.880,8.419,8.42047,1.23,1.00
2017.12.04 23:01:30.043,8.419,8.42057,1.23,1.00
2017.12.04 23:01:30.573,8.419,8.42107,1.23,1.00
2017.12.04 23:01:35.215,8.419,8.42117,1.23,1.00
2017.12.04 23:01:35.649,8.419,8.42107,1.23,1.00
2017.12.04 23:01:36.272,8.419,8.42107,1.60,1.00
2017.12.04 23:01:38.009,8.419,8.42107,1.60,1.00
2017.12.04 23:01:40.795,8.419,8.42137,1.60,1.00
2017.12.04 23:01:40.998,8.419,8.42137,1.23,1.00
2017.12.04 23:01:41.200,8.419,8.42136,1.60,1.00
2017.12.04 23:01:41.931,8.419,8.42117,1.60,1.00
2017.12.04 23:01:42.272,8.419,8.42127,1.60,1.00
2017.12.04 23:01:42.420,8.419,8.42116,1.60,1.00
2017.12.04 23:01:43.013,8.419,8.42116,1.23,1.00
2017.12.04 23:01:45.158,8.419,8.42127,1.23,1.00
2017.12.04 23:01:45.259,8.419,8.42127,1.60,1.00
2017.12.04 23:01:45.671,8.419,8.42117,1.60,1.00
2017.12.04 23:01:45.723,8.41901,8.42117,1.23,1.00
2017.12.04 23:01:50.322,8.41901,8.42077,1.23,1.00
2017.12.04 23:01:50.651,8.41901,8.42034,1.60,1.00
2017.12.04 23:01:51.084,8.41901,8.42107,1.60,1.00
2017.12.04 23:01:52.832,8.419,8.42086,1.23,1.00
2017.12.04 23:01:53.224,8.419,8.42077,1.23,1.00
2017.12.04 23:02:00.285,8.419,8.42037,1.23,1.00
2017.12.04 23:02:13.321,8.419,8.42076,1.60,1.00
2017.12.04 23:02:13.474,8.419,8.42076,1.79,1.00
2017.12.04 23:02:13.776,8.419,8.42038,1.60,1.00
2017.12.04 23:02:14.086,8.419,8.42041,1.60,1.00
2017.12.04 23:02:14.138,8.419,8.42047,1.60,1.00
2017.12.04 23:02:14.189,8.419,8.42048,1.98,1.00
2017.12.04 23:02:14.342,8.419,8.42097,1.98,1.00
2017.12.04 23:02:14.393,8.419,8.42097,1.98,1.00
2017.12.04 23:02:18.562,8.419,8.42077,1.60,1.00
2017.12.04 23:02:19.067,8.419,8.42057,1.60,1.00
2017.12.04 23:02:20.024,8.419,8.42038,1.60,1.00
2017.12.04 23:02:20.191,8.419,8.42077,1.60,1.00
2017.12.04 23:02:22.132,8.419,8.42037,1.60,1.00
2017.12.04 23:02:22.185,8.419,8.42037,1.23,1.00
2017.12.04 23:02:22.337,8.419,8.42017,1.23,1.00
2017.12.04 23:02:22.772,8.419,8.42025,1.60,1.00
2017.12.04 23:02:23.074,8.419,8.42047,1.60,1.00
2017.12.04 23:02:34.666,8.419,8.42111,1.60,1.00
2017.12.04 23:02:34.717,8.41933,8.42205,1.37,1.00
2017.12.04 23:02:34.768,8.419,8.42227,1.98,1.00
2017.12.04 23:02:34.819,8.419,8.42217,1.60,1.00
2017.12.04 23:02:34.920,8.419,8.42217,1.60,1.00
2017.12.04 23:02:35.134,8.41901,8.42217,1.98,1.00
2017.12.04 23:02:35.235,8.419,8.42217,1.60,1.00
2017.12.04 23:02:35.556,8.419,8.42217,1.60,1.00
2017.12.04 23:02:36.073,8.419,8.42267,1.60,1.00
2017.12.04 23:02:36.364,8.419,8.42261,1.60,1.00
2017.12.04 23:02:36.415,8.419,8.42267,1.60,1.00
2017.12.04 23:02:36.518,8.419,8.42261,1.60,1.00
2017.12.04 23:02:40.373,8.419,8.42257,1.60,1.00
2017.12.04 23:02:40.677,8.419,8.42177,1.98,1.00
2017.12.04 23:02:40.999,8.419,8.42177,1.98,1.00
2017.12.04 23:02:41.292,8.41901,8.42177,1.98,1.00
2017.12.04 23:02:41.343,8.419,8.42247,1.60,1.00
2017.12.04 23:02:41.394,8.41901,8.42247,1.60,1.00
2017.12.04 23:02:41.556,8.419,8.42247,1.98,1.00
2017.12.04 23:02:41.870,8.41905,8.42177,1.75,1.00
2017.12.04 23:02:41.972,8.41905,8.42177,1.75,1.00
2017.12.04 23:02:42.375,8.41905,8.42177,1.75,1.00
2017.12.04 23:02:43.079,8.41905,8.42247,1.75,1.00
2017.12.04 23:02:43.282,8.41905,8.42247,1.75,1.00
2017.12.04 23:02:43.383,8.41905,8.42247,1.37,1.00
2017.12.04 23:02:43.586,8.41905,8.42177,1.75,1.00
2017.12.04 23:02:43.889,8.41904,8.42166,1.12,1.00
2017.12.04 23:02:43.998,8.419,8.42166,1.98,1.00
2017.12.04 23:02:45.141,8.41913,8.42237,1.12,1.00
2017.12.04 23:02:45.191,8.41943,8.42237,1.12,1.00
2017.12.04 23:02:45.512,8.41959,8.42257,1.12,1.00
2017.12.04 23:02:45.614,8.419,8.42197,1.60,1.00
2017.12.04 23:02:45.716,8.41913,8.42197,1.12,1.00
2017.12.04 23:02:46.020,8.419,8.42197,1.60,1.00
2017.12.04 23:02:46.121,8.419,8.42197,1.60,1.00
2017.12.04 23:02:46.426,8.419,8.42197,2.17,1.00
2017.12.04 23:02:46.730,8.419,8.42197,2.17,1.00
2017.12.04 23:02:46.834,8.41873,8.42197,1.75,1.00
2017.12.04 23:02:46.936,8.41904,8.42197,1.31,1.00
2017.12.04 23:02:47.240,8.419,8.42197,1.98,1.00
2017.12.04 23:02:47.598,8.419,8.42197,2.17,1.00
2017.12.04 23:02:47.921,8.419,8.42197,1.86,1.00
2017.12.04 23:02:48.073,8.419,8.42257,2.17,1.00
2017.12.04 23:02:48.575,8.419,8.42197,2.17,1.00
2017.12.04 23:02:48.626,8.419,8.42197,2.17,1.00
2017.12.04 23:02:48.677,8.419,8.42237,2.17,1.00
2017.12.04 23:02:48.728,8.419,8.42237,1.79,1.00
2017.12.04 23:02:49.037,8.419,8.42237,1.23,1.00
2017.12.04 23:02:49.138,8.419,8.42206,1.98,1.00
2017.12.04 23:02:49.805,8.419,8.42217,1.23,1.00
2017.12.04 23:02:49.906,8.419,8.42217,1.60,1.00
2017.12.04 23:02:50.239,8.419,8.42217,2.17,1.00
2017.12.04 23:02:50.621,8.419,8.42237,2.17,1.00
2017.12.04 23:02:51.038,8.419,8.42237,1.98,1.00
2017.12.04 23:02:51.574,8.419,8.42289,2.17,1.00
2017.12.04 23:02:51.675,8.419,8.42295,2.17,1.00
2017.12.04 23:02:55.887,8.419,8.42295,1.98,1.00
2017.12.04 23:02:55.989,8.41924,8.42295,1.12,1.00
2017.12.04 23:02:56.296,8.41923,8.42277,1.12,1.00
2017.12.04 23:02:56.772,8.41923,8.42237,1.12,1.00
2017.12.04 23:02:57.165,8.41923,8.4229,1.12,1.00
2017.12.04 23:02:58.388,8.41923,8.42287,1.12,1.00
2017.12.04 23:03:00.602,8.419,8.42257,1.98,1.00
2017.12.04 23:03:00.704,8.419,8.42187,1.23,1.12
2017.12.04 23:03:01.008,8.419,8.42167,1.60,1.00
2017.12.04 23:03:01.210,8.419,8.42167,1.98,1.00
2017.12.04 23:03:01.414,8.41901,8.42167,1.98,1.00
2017.12.04 23:03:01.617,8.419,8.42167,1.60,1.00
2017.12.04 23:03:01.718,8.419,8.42167,2.17,1.00
2017.12.04 23:03:01.909,8.419,8.42167,2.17,1.00
2017.12.04 23:03:02.085,8.419,8.42167,2.17,1.00
2017.12.04 23:03:02.243,8.419,8.42187,2.17,1.00
2017.12.04 23:03:02.487,8.419,8.42187,1.98,1.00
2017.12.04 23:03:02.588,8.419,8.42247,1.98,1.00
2017.12.04 23:03:04.137,8.419,8.42268,1.60,1.00
2017.12.04 23:03:04.329,8.419,8.42217,1.60,1.00
2017.12.04 23:03:04.380,8.419,8.42237,1.98,1.00
2017.12.04 23:03:04.431,8.419,8.42237,1.98,1.00
2017.12.04 23:03:04.800,8.419,8.42237,2.17,1.00
2017.12.04 23:03:05.331,8.419,8.4229,2.17,1.00
2017.12.04 23:03:07.127,8.419,8.42283,1.98,1.00
2017.12.04 23:03:08.181,8.419,8.42275,2.17,1.00
2017.12.04 23:03:08.311,8.419,8.42284,1.98,1.00
2017.12.04 23:03:08.491,8.419,8.42248,2.17,1.00
2017.12.04 23:03:08.542,8.419,8.4228,2.17,1.00
2017.12.04 23:03:10.165,8.419,8.4228,1.67,1.00
2017.12.04 23:03:10.216,8.419,8.42274,1.98,1.00
2017.12.04 23:03:10.636,8.419,8.42271,1.98,1.00
2017.12.04 23:03:11.014,8.419,8.42217,1.98,1.00
2017.12.04 23:03:11.874,8.419,8.4226,1.98,1.00
2017.12.04 23:03:11.975,8.419,8.4226,1.98,1.00
2017.12.04 23:03:13.311,8.419,8.42263,1.98,1.00
2017.12.04 23:03:15.627,8.419,8.42246,1.98,1.00
2017.12.04 23:03:15.975,8.419,8.42167,1.98,1.00
2017.12.04 23:03:16.140,8.419,8.42187,1.98,1.00
2017.12.04 23:03:16.293,8.419,8.42187,1.98,1.00
2017.12.04 23:03:16.344,8.419,8.42245,1.98,1.00
2017.12.04 23:03:16.598,8.41901,8.42246,1.60,1.00
2017.12.04 23:03:16.700,8.419,8.42246,1.67,1.00
2017.12.04 23:03:17.006,8.419,8.42186,2.17,1.00
2017.12.04 23:03:17.181,8.419,8.42186,1.98,1.00
2017.12.04 23:03:17.283,8.419,8.42186,1.98,1.00
2017.12.04 23:03:17.506,8.419,8.42186,1.98,1.00
2017.12.04 23:03:17.557,8.419,8.42247,1.98,1.00
2017.12.04 23:03:17.709,8.419,8.42247,1.98,1.00
2017.12.04 23:03:17.823,8.419,8.42247,1.98,1.00
2017.12.04 23:03:18.574,8.419,8.42217,1.98,1.00
2017.12.04 23:03:18.928,8.41901,8.42187,1.98,1.00
2017.12.04 23:03:19.080,8.41901,8.42247,1.98,1.00
2017.12.04 23:03:19.233,8.41901,8.42247,1.98,1.00
2017.12.04 23:03:21.410,8.419,8.42247,1.98,1.00
2017.12.04 23:03:21.814,8.419,8.42207,1.98,1.00
2017.12.04 23:03:22.274,8.419,8.42187,1.98,1.00
2017.12.04 23:03:22.325,8.419,8.42247,1.98,1.00
2017.12.04 23:03:25.576,8.419,8.42216,1.98,1.00
2017.12.04 23:03:25.880,8.419,8.42187,1.60,1.00
2017.12.04 23:03:26.083,8.419,8.42187,1.60,1.00
2017.12.04 23:03:26.184,8.419,8.42187,1.98,1.00
2017.12.04 23:03:26.373,8.419,8.42187,1.98,1.00
2017.12.04 23:03:26.493,8.419,8.42207,1.98,1.00
2017.12.04 23:03:26.917,8.419,8.42247,1.98,1.00
2017.12.04 23:03:26.968,8.41873,8.42247,1.94,1.00
2017.12.04 23:03:27.070,8.41901,8.42247,1.60,1.00
2017.12.04 23:03:27.292,8.419,8.42247,1.60,1.00
2017.12.04 23:03:27.343,8.419,8.42187,1.60,1.00
2017.12.04 23:03:27.661,8.41901,8.42187,2.17,1.00
2017.12.04 23:03:27.895,8.419,8.42187,1.98,1.00
2017.12.04 23:03:27.946,8.419,8.42187,1.98,1.00
2017.12.04 23:03:28.322,8.419,8.42233,1.98,1.00
2017.12.04 23:03:28.373,8.419,8.42233,1.98,1.00
2017.12.04 23:03:29.140,8.419,8.42217,1.98,1.00
2017.12.04 23:03:29.488,8.419,8.42187,1.98,1.00
2017.12.04 23:03:29.693,8.419,8.42207,1.98,1.00
2017.12.04 23:03:30.072,8.419,8.42233,1.98,1.00
2017.12.04 23:03:30.176,8.419,8.42247,1.98,1.00
2017.12.04 23:03:30.408,8.419,8.42234,1.98,1.00
2017.12.04 23:03:32.845,8.419,8.42237,1.60,1.00
2017.12.04 23:03:36.575,8.419,8.42237,2.17,1.00
2017.12.04 23:03:36.923,8.419,8.42237,2.17,1.00
2017.12.04 23:03:37.025,8.41912,8.42237,1.12,1.00
2017.12.04 23:03:43.478,8.41912,8.42236,1.12,1.00
2017.12.04 23:03:44.368,8.419,8.42236,1.98,1.00
2017.12.04 23:03:44.418,8.419,8.42231,1.98,1.00
2017.12.04 23:03:45.684,8.419,8.42237,1.98,1.00
2017.12.04 23:03:47.125,8.419,8.42227,1.98,1.00
2017.12.04 23:03:47.576,8.419,8.42237,1.98,1.50
2017.12.04 23:03:49.837,8.419,8.42256,2.17,1.00
2017.12.04 23:03:49.888,8.419,8.42256,2.17,1.00
2017.12.04 23:03:50.228,8.419,8.42257,1.98,1.00
2017.12.04 23:03:50.279,8.419,8.42257,1.98,1.00
2017.12.04 23:03:50.572,8.419,8.42247,1.98,1.00
2017.12.04 23:03:51.072,8.419,8.42267,1.98,1.00
2017.12.04 23:03:51.123,8.419,8.42243,1.98,1.00
2017.12.04 23:03:57.321,8.419,8.42245,1.60,1.00
2017.12.04 23:03:57.372,8.419,8.42245,1.23,1.00
2017.12.04 23:03:57.724,8.419,8.42244,1.60,1.00
2017.12.04 23:03:58.073,8.419,8.42244,1.98,1.00
2017.12.04 23:03:58.508,8.419,8.42246,1.98,1.00
2017.12.04 23:03:59.145,8.419,8.42227,1.98,1.00
2017.12.04 23:04:01.207,8.419,8.42247,1.98,1.00
2017.12.04 23:04:01.309,8.419,8.42247,1.23,1.00
2017.12.04 23:04:01.634,8.419,8.42227,1.60,1.00
2017.12.04 23:04:01.937,8.419,8.42227,1.98,1.00
2017.12.04 23:04:01.988,8.419,8.42233,1.98,1.00
2017.12.04 23:04:02.089,8.419,8.42237,1.98,1.00
2017.12.04 23:04:02.140,8.419,8.42253,1.98,1.00
2017.12.04 23:04:02.191,8.419,8.42255,1.98,1.00
2017.12.04 23:04:02.469,8.419,8.42267,1.98,1.00
2017.12.04 23:04:02.521,8.419,8.42236,1.98,1.00
2017.12.04 23:04:02.655,8.419,8.42249,1.98,1.00
2017.12.04 23:04:02.706,8.419,8.42249,1.98,1.00
2017.12.04 23:04:03.009,8.419,8.42247,1.98,1.00
2017.12.04 23:04:03.823,8.419,8.42254,1.98,1.00
2017.12.04 23:04:04.020,8.419,8.42237,1.98,1.00
2017.12.04 23:04:07.802,8.419,8.42244,1.98,1.00
2017.12.04 23:04:08.313,8.419,8.42244,1.98,1.00
2017.12.04 23:04:08.473,8.419,8.42241,1.98,1.00
2017.12.04 23:04:09.103,8.419,8.42241,1.98,1.00
2017.12.04 23:04:13.539,8.419,8.42238,1.98,1.00
2017.12.04 23:04:14.481,8.419,8.42267,1.98,1.00
2017.12.04 23:04:14.582,8.419,8.42231,1.98,1.00
2017.12.04 23:04:14.760,8.419,8.42267,1.98,1.00
2017.12.04 23:04:14.811,8.419,8.42237,1.98,1.00
2017.12.04 23:04:14.862,8.419,8.42237,1.98,1.00
2017.12.04 23:04:15.057,8.41904,8.42217,1.37,1.00
2017.12.04 23:04:15.158,8.41911,8.42217,1.37,1.00
2017.12.04 23:04:15.259,8.41911,8.42217,1.37,1.00
2017.12.04 23:04:15.630,8.41943,8.42237,1.12,1.00
2017.12.04 23:04:15.731,8.41911,8.42257,1.37,1.50
2017.12.04 23:04:15.782,8.41912,8.42257,1.37,1.00
2017.12.04 23:04:15.833,8.41943,8.42257,1.12,1.00
2017.12.04 23:04:15.985,8.41912,8.42257,1.75,1.00
2017.12.04 23:04:16.086,8.41912,8.42285,1.75,1.00
2017.12.04 23:04:16.137,8.41911,8.42287,1.75,1.00
2017.12.04 23:04:16.188,8.42013,8.42287,1.12,1.00
2017.12.04 23:04:16.290,8.41911,8.42287,1.37,1.00
2017.12.04 23:04:16.391,8.41911,8.42287,1.37,1.00
2017.12.04 23:04:16.557,8.41943,8.42277,1.12,1.00
2017.12.04 23:04:16.658,8.41911,8.42257,1.37,1.00
2017.12.04 23:04:17.093,8.41919,8.42257,1.75,1.00
2017.12.04 23:04:17.265,8.41919,8.42257,1.00,1.00
2017.12.04 23:04:17.354,8.41919,8.42257,1.37,1.00
2017.12.04 23:04:17.455,8.41919,8.42297,1.75,1.00
2017.12.04 23:04:17.507,8.419,8.42267,1.60,1.00
2017.12.04 23:04:17.608,8.419,8.42264,1.23,1.00
2017.12.04 23:04:17.659,8.419,8.42247,1.23,1.00
2017.12.04 23:04:17.964,8.419,8.42207,1.60,1.00
2017.12.04 23:04:18.166,8.419,8.42207,3.17,1.00
2017.12.04 23:04:18.268,8.419,8.42217,3.17,1.00
2017.12.04 23:04:18.691,8.419,8.42232,3.17,1.00
2017.12.04 23:04:18.742,8.419,8.42212,3.17,1.00
2017.12.04 23:04:18.793,8.419,8.42232,3.17,1.00
2017.12.04 23:04:18.870,8.419,8.4223,3.17,1.00
2017.12.04 23:04:19.461,8.419,8.42212,3.17,1.00
2017.12.04 23:04:19.684,8.41901,8.42223,1.60,1.00
2017.12.04 23:04:19.735,8.419,8.42241,1.98,1.00
2017.12.04 23:04:20.039,8.419,8.42217,1.60,1.00
2017.12.04 23:04:20.090,8.419,8.42217,1.60,1.00
2017.12.04 23:04:20.563,8.419,8.42267,1.60,1.00
2017.12.04 23:04:20.672,8.419,8.42263,1.60,1.00
2017.12.04 23:04:21.192,8.419,8.42233,1.60,1.00
2017.12.04 23:04:21.666,8.419,8.42246,1.60,1.00
2017.12.04 23:04:23.432,8.419,8.42242,1.60,1.00
2017.12.04 23:04:24.294,8.419,8.42235,1.60,1.00
2017.12.04 23:04:24.474,8.419,8.42262,1.60,1.00
2017.12.04 23:04:24.525,8.419,8.42262,1.60,1.00
2017.12.04 23:04:24.577,8.419,8.42237,1.60,1.00
2017.12.04 23:04:25.617,8.419,8.42237,1.60,1.00
2017.12.04 23:04:28.155,8.419,8.42237,1.23,1.00
2017.12.04 23:04:28.569,8.419,8.42235,1.23,1.00
2017.12.04 23:04:34.080,8.419,8.4222,1.23,1.00
2017.12.04 23:04:40.081,8.419,8.42217,1.23,1.00
2017.12.04 23:04:41.875,8.419,8.42229,1.23,1.00
2017.12.04 23:04:42.027,8.419,8.42262,1.23,1.00
2017.12.04 23:04:42.128,8.419,8.42235,1.23,1.00
2017.12.04 23:04:42.770,8.419,8.42221,1.23,1.00
2017.12.04 23:04:43.708,8.419,8.42221,1.60,1.00
2017.12.04 23:04:44.044,8.419,8.42221,1.98,1.00
2017.12.04 23:04:44.145,8.419,8.42221,1.60,1.00
2017.12.04 23:04:49.109,8.419,8.42218,1.60,1.00
2017.12.04 23:04:52.274,8.419,8.42218,1.60,1.00
2017.12.04 23:04:53.091,8.419,8.42261,1.60,1.00
2017.12.04 23:04:53.143,8.419,8.42218,1.60,1.00
2017.12.04 23:04:53.713,8.419,8.42218,1.23,1.00
2017.12.04 23:04:58.629,8.419,8.42221,1.23,1.00
2017.12.04 23:04:59.337,8.419,8.42177,1.98,1.00
2017.12.04 23:04:59.438,8.419,8.42177,1.98,1.00
2017.12.04 23:04:59.540,8.419,8.42177,1.60,1.00
2017.12.04 23:05:00.216,8.419,8.42177,1.23,1.00
2017.12.04 23:05:00.329,8.419,8.4219,1.23,1.00
2017.12.04 23:05:00.430,8.419,8.42209,1.23,1.00
2017.12.04 23:05:00.659,8.419,8.42225,1.23,1.00
2017.12.04 23:05:01.727,8.419,8.42205,1.23,1.00
2017.12.04 23:05:03.708,8.419,8.42205,1.60,1.00
2017.12.04 23:05:03.938,8.41904,8.42207,1.56,1.00
2017.12.04 23:05:04.566,8.41903,8.4221,1.56,1.00
2017.12.04 23:05:05.066,8.41903,8.42207,2.06,1.00
2017.12.04 23:05:05.567,8.41903,8.4221,2.06,1.00
2017.12.04 23:05:06.431,8.41903,8.42212,2.06,1.00
2017.12.04 23:05:07.044,8.41903,8.42214,2.06,1.00
2017.12.04 23:05:08.811,8.41903,8.42223,2.06,1.00
2017.12.04 23:05:08.862,8.41903,8.42227,2.06,1.00
2017.12.04 23:05:09.310,8.41903,8.42227,2.06,1.00
2017.12.04 23:05:09.361,8.41903,8.42229,2.06,1.00
2017.12.04 23:05:09.618,8.419,8.42207,2.17,1.00
2017.12.04 23:05:09.911,8.41903,8.42227,2.06,1.00
2017.12.04 23:05:10.566,8.41903,8.42234,2.06,1.00
2017.12.04 23:05:13.356,8.41904,8.42238,2.06,1.00
2017.12.04 23:05:15.316,8.41904,8.42237,2.06,1.00
2017.12.04 23:05:15.835,8.41903,8.42238,2.06,1.00
2017.12.04 23:05:18.285,8.41903,8.42223,2.06,1.00
2017.12.04 23:05:21.012,8.41904,8.42217,2.06,1.00
2017.12.04 23:05:25.002,8.41903,8.42211,2.25,1.00
2017.12.04 23:05:25.217,8.41904,8.42215,2.62,1.00
2017.12.04 23:05:28.681,8.41904,8.42213,2.25,1.00
2017.12.04 23:05:37.092,8.41913,8.42217,1.12,1.00
2017.12.04 23:05:43.976,8.41913,8.42218,1.37,1.00
2017.12.04 23:05:48.352,8.419,8.42216,2.17,1.00
2017.12.04 23:05:51.983,8.419,8.42218,2.17,1.00
2017.12.04 23:05:53.778,8.419,8.42217,2.17,1.00
2017.12.04 23:05:53.916,8.419,8.42223,1.98,1.00
2017.12.04 23:05:53.967,8.419,8.42227,1.98,1.50
2017.12.04 23:05:55.072,8.41933,8.42227,1.75,1.50
2017.12.04 23:05:55.173,8.41913,8.42227,1.12,1.50
2017.12.04 23:05:55.225,8.41933,8.42227,1.87,1.50
2017.12.04 23:05:55.377,8.41913,8.42227,1.87,1.50
2017.12.04 23:05:57.760,8.41933,8.42227,1.37,1.50
2017.12.04 23:05:57.811,8.41933,8.42227,1.75,1.50
2017.12.04 23:05:58.014,8.41923,8.42227,1.75,1.50
2017.12.04 23:05:58.115,8.41914,8.42227,1.12,1.50
2017.12.04 23:05:58.776,8.41933,8.42227,1.37,1.50
2017.12.04 23:05:58.878,8.41913,8.42227,1.12,1.00
2017.12.04 23:05:58.930,8.41913,8.42227,1.12,1.00
2017.12.04 23:05:59.032,8.41913,8.42227,1.12,1.00
2017.12.04 23:05:59.234,8.41913,8.42227,1.12,1.00
2017.12.04 23:05:59.985,8.41913,8.42227,1.12,1.50
2017.12.04 23:06:03.650,8.41923,8.42227,1.75,1.50
2017.12.04 23:06:03.954,8.41913,8.42227,1.12,1.00
2017.12.04 23:06:04.366,8.41913,8.42227,1.37,1.50
2017.12.04 23:06:04.695,8.41933,8.42227,1.50,1.50
2017.12.04 23:06:04.999,8.41933,8.42227,1.75,1.50
2017.12.04 23:06:05.050,8.41917,8.42227,1.12,1.50
2017.12.04 23:06:05.151,8.41918,8.42227,1.12,1.50
2017.12.04 23:06:05.709,8.41923,8.42227,1.37,1.50
2017.12.04 23:06:06.959,8.419,8.42227,2.17,1.50
2017.12.04 23:06:08.120,8.41901,8.42227,2.17,1.00
2017.12.04 23:06:13.779,8.419,8.42228,2.17,1.00
2017.12.04 23:06:16.411,8.41917,8.42247,1.12,1.00
2017.12.04 23:06:16.463,8.41917,8.42233,1.12,1.00
2017.12.04 23:06:16.514,8.41904,8.42233,2.25,1.00
2017.12.04 23:06:16.718,8.41913,8.42233,1.75,1.00
2017.12.04 23:06:17.032,8.41923,8.42233,1.75,1.00
2017.12.04 23:06:17.134,8.41923,8.42233,1.75,1.00
2017.12.04 23:06:17.235,8.41933,8.42233,1.75,1.00
2017.12.04 23:06:17.408,8.41954,8.42233,1.00,1.00
2017.12.04 23:06:19.282,8.41954,8.42237,1.00,1.00
2017.12.04 23:06:21.584,8.41913,8.4223,1.12,1.00
2017.12.04 23:06:37.642,8.41904,8.42307,2.25,1.37
2017.12.04 23:06:37.744,8.41917,8.42278,1.37,1.00
2017.12.04 23:06:37.797,8.41923,8.42284,1.37,1.00
2017.12.04 23:06:37.898,8.41931,8.42292,1.37,1.00
2017.12.04 23:06:38.152,8.41939,8.423,1.75,1.00
2017.12.04 23:06:38.397,8.41939,8.423,1.75,1.00
2017.12.04 23:06:38.652,8.41939,8.423,1.75,1.00
2017.12.04 23:06:39.167,8.41939,8.423,1.75,1.00
2017.12.04 23:06:39.726,8.41945,8.42306,1.75,1.00
2017.12.04 23:06:40.156,8.4195,8.4231,1.75,1.00
2017.12.04 23:06:40.270,8.41957,8.42318,1.00,1.00
2017.12.04 23:06:40.670,8.41956,8.42317,1.37,1.00
2017.12.04 23:06:41.213,8.41956,8.42317,1.75,1.00
2017.12.04 23:06:41.285,8.41956,8.42317,1.37,1.00
2017.12.04 23:06:41.865,8.41961,8.4232,1.37,1.00
2017.12.04 23:06:41.916,8.41966,8.42326,1.00,1.50
2017.12.04 23:06:42.009,8.41966,8.42316,1.00,1.00
2017.12.04 23:06:42.060,8.41966,8.42326,1.00,1.00
2017.12.04 23:06:42.393,8.41966,8.42326,1.37,1.00
2017.12.04 23:06:42.596,8.41966,8.42317,1.37,1.00
2017.12.04 23:06:42.646,8.41966,8.42317,1.75,1.00
2017.12.04 23:06:42.799,8.41966,8.42317,1.50,1.00
2017.12.04 23:06:42.900,8.41966,8.42317,1.00,1.00
2017.12.04 23:06:42.951,8.41966,8.42326,1.00,1.00
2017.12.04 23:06:43.323,8.41972,8.42327,1.00,1.00
2017.12.04 23:06:43.434,8.41972,8.42333,1.00,1.00
2017.12.04 23:06:43.486,8.41965,8.42326,1.00,1.00
2017.12.04 23:06:43.790,8.41965,8.42326,1.37,1.00
2017.12.04 23:06:43.992,8.41965,8.42326,1.00,1.00
2017.12.04 23:06:44.308,8.41965,8.42326,1.37,1.00
2017.12.04 23:06:44.911,8.41965,8.42326,1.00,1.00
2017.12.04 23:06:49.258,8.41969,8.42329,1.00,1.00
2017.12.04 23:06:51.028,8.41976,8.42337,1.37,1.00
2017.12.04 23:06:51.533,8.41976,8.42337,1.00,1.00
2017.12.04 23:06:51.634,8.4197,8.42331,1.37,1.00
2017.12.04 23:06:51.969,8.41966,8.42325,1.00,1.00
2017.12.04 23:06:52.310,8.41965,8.42357,1.00,1.00
2017.12.04 23:06:52.361,8.41965,8.42326,1.37,1.00
2017.12.04 23:06:52.525,8.41965,8.42326,1.00,1.00
2017.12.04 23:06:52.760,8.41976,8.42334,1.00,1.00
2017.12.04 23:06:53.070,8.41975,8.42335,1.37,1.00
2017.12.04 23:06:53.367,8.41976,8.42369,1.37,1.00
2017.12.04 23:06:53.418,8.41976,8.42334,1.37,1.00
2017.12.04 23:06:53.468,8.41976,8.42334,1.00,1.00
2017.12.04 23:06:53.651,8.41975,8.42371,1.00,1.00
2017.12.04 23:06:53.702,8.41975,8.42335,1.00,1.00
2017.12.04 23:06:53.905,8.41978,8.42339,1.00,1.00
2017.12.04 23:06:54.284,8.41978,8.42347,1.00,1.00
2017.12.04 23:06:54.335,8.41978,8.42339,1.37,1.00
2017.12.04 23:06:55.065,8.41979,8.42323,1.37,1.00
2017.12.04 23:06:55.917,8.41985,8.42331,1.00,1.00
2017.12.04 23:06:56.919,8.41972,8.42318,1.37,1.00
2017.12.04 23:06:57.063,8.41972,8.42318,1.00,1.00
2017.12.04 23:06:57.670,8.41972,8.42318,1.37,1.00
2017.12.04 23:06:57.758,8.41972,8.42318,1.37,1.00
2017.12.04 23:06:58.461,8.41972,8.42318,1.00,1.00
2017.12.04 23:07:01.416,8.41972,8.42345,1.94,1.00
2017.12.04 23:07:01.696,8.41972,8.42324,1.37,1.00
2017.12.04 23:07:01.797,8.41972,8.42324,1.00,1.00
2017.12.04 23:07:04.167,8.41972,8.42328,1.00,1.00
2017.12.04 23:07:04.549,8.41973,8.42317,1.12,1.00
2017.12.04 23:07:04.599,8.41972,8.42341,1.00,1.00
2017.12.04 23:07:04.650,8.41972,8.42318,1.00,1.00
2017.12.04 23:07:04.957,8.41972,8.42336,1.00,1.00
2017.12.04 23:07:05.008,8.41973,8.42317,1.00,1.00
2017.12.04 23:07:05.260,8.41972,8.42362,1.00,1.00
2017.12.04 23:07:05.311,8.41972,8.42333,1.00,1.00
2017.12.04 23:07:05.622,8.41978,8.42357,1.37,1.00
2017.12.04 23:07:05.965,8.41978,8.42324,1.00,1.00
2017.12.04 23:07:14.024,8.41979,8.42325,1.00,1.00
2017.12.04 23:07:26.205,8.41979,8.42325,1.37,1.00
2017.12.04 23:07:26.588,8.41979,8.42325,1.00,1.00
2017.12.04 23:07:44.058,8.41982,8.42326,1.00,1.00
2017.12.04 23:07:46.309,8.41976,8.42322,1.00,1.00
2017.12.04 23:07:46.419,8.41972,8.42318,1.00,1.00
2017.12.04 23:07:58.982,8.41973,8.42319,1.00,1.00
2017.12.04 23:08:05.117,8.41977,8.42323,1.00,1.00
2017.12.04 23:08:05.654,8.41982,8.42328,1.00,1.00
2017.12.04 23:08:06.113,8.41972,8.42318,1.00,1.00
2017.12.04 23:08:10.595,8.41977,8.42321,1.00,1.00
2017.12.04 23:08:16.525,8.41979,8.42325,1.00,1.00
2017.12.04 23:08:17.529,8.4198,8.42326,1.00,1.00
2017.12.04 23:08:26.497,8.41975,8.42321,1.00,1.00
2017.12.04 23:08:29.043,8.41972,8.42318,1.00,1.00
2017.12.04 23:08:33.802,8.41967,8.42313,1.00,1.00
2017.12.04 23:08:41.991,8.41961,8.42307,1.00,1.00
2017.12.04 23:08:42.677,8.4197,8.42314,1.00,1.00
2017.12.04 23:08:42.978,8.41966,8.4231,1.00,1.00
2017.12.04 23:08:45.211,8.41961,8.42307,1.00,1.00
2017.12.04 23:08:53.944,8.41957,8.42303,1.00,1.00
2017.12.04 23:08:54.265,8.41951,8.42297,1.00,1.00
2017.12.04 23:08:58.474,8.41958,8.42304,1.00,1.00
2017.12.04 23:08:59.102,8.4196,8.42306,1.00,1.00
2017.12.04 23:08:59.757,8.41961,8.42307,1.00,1.00
2017.12.04 23:09:03.105,8.41952,8.42298,1.00,1.00
2017.12.04 23:09:04.050,8.41948,8.42294,1.00,1.00
2017.12.04 23:09:12.247,8.41944,8.4229,1.00,1.00
2017.12.04 23:09:14.162,8.41948,8.42292,1.00,1.00
2017.12.04 23:09:29.162,8.41945,8.42291,1.00,1.00
2017.12.04 23:09:33.290,8.41945,8.42291,1.37,1.00
2017.12.04 23:09:41.932,8.41954,8.42299,1.00,1.00
2017.12.04 23:09:42.934,8.4195,8.42296,1.00,1.00
2017.12.04 23:09:43.144,8.41944,8.4229,1.37,1.00
2017.12.04 23:09:44.191,8.41944,8.42289,1.37,1.00
2017.12.04 23:09:45.163,8.4195,8.42296,1.00,1.00
2017.12.04 23:09:45.750,8.41939,8.42284,1.37,1.00
2017.12.04 23:09:46.067,8.41957,8.42283,1.00,1.00
2017.12.04 23:09:46.381,8.41942,8.42268,1.37,1.00
2017.12.04 23:09:46.733,8.41938,8.42262,1.37,1.00
2017.12.04 23:09:47.249,8.41943,8.42267,1.37,1.00
2017.12.04 23:09:49.703,8.41954,8.42267,1.00,1.00
2017.12.04 23:09:54.645,8.41949,8.42262,1.00,1.00
2017.12.04 23:09:59.222,8.41948,8.42261,1.00,1.00
2017.12.04 23:10:06.053,8.41948,8.42261,1.37,1.00
2017.12.04 23:10:06.355,8.41945,8.42256,1.37,1.00
2017.12.04 23:10:14.267,8.41947,8.4226,1.37,1.00
2017.12.04 23:10:14.798,8.41963,8.42276,1.00,1.00
2017.12.04 23:10:14.849,8.41954,8.42266,1.00,1.00
2017.12.04 23:10:27.072,8.41958,8.42271,1.00,1.00
2017.12.04 23:10:29.305,8.41961,8.42274,1.00,1.00
2017.12.04 23:10:29.856,8.41959,8.42272,1.00,1.00
2017.12.04 23:10:37.356,8.41955,8.42268,1.37,1.00
2017.12.04 23:10:41.168,8.4195,8.42263,1.37,1.00
2017.12.04 23:10:42.265,8.4195,8.42171,1.37,1.00
2017.12.04 23:10:42.569,8.4195,8.42154,1.00,1.00
2017.12.04 23:10:42.968,8.4195,8.42146,1.00,1.00
2017.12.04 23:10:43.266,8.4195,8.42148,1.00,1.00
2017.12.04 23:10:43.566,8.4195,8.42155,1.00,1.00
2017.12.04 23:10:43.876,8.4195,8.42159,1.00,1.00
2017.12.04 23:10:44.152,8.4195,8.42161,1.00,1.00
2017.12.04 23:10:44.331,8.41948,8.42161,1.00,1.00
2017.12.04 23:10:44.778,8.41948,8.42163,1.00,1.00
2017.12.04 23:10:44.903,8.41948,8.42216,1.00,1.00
2017.12.04 23:10:44.958,8.41948,8.4223,1.00,1.00
2017.12.04 23:10:45.009,8.41948,8.42261,1.50,1.00
2017.12.04 23:10:45.111,8.41948,8.42261,1.75,1.00
2017.12.04 23:10:45.314,8.41948,8.42261,1.12,1.00
2017.12.04 23:10:47.869,8.41941,8.42254,1.37,1.00
2017.12.04 23:10:48.179,8.41932,8.42245,1.37,1.00
2017.12.04 23:10:58.838,8.41928,8.42241,1.37,1.00
2017.12.04 23:11:00.016,8.41939,8.42251,1.37,1.00
2017.12.04 23:11:00.067,8.41935,8.42248,1.37,1.00
2017.12.04 23:11:00.375,8.41929,8.42242,1.37,1.00
2017.12.04 23:11:00.679,8.41905,8.42217,1.37,1.00
2017.12.04 23:11:00.981,8.41903,8.42212,1.87,1.00
2017.12.04 23:11:01.513,8.41903,8.42212,1.87,1.00
2017.12.04 23:11:02.741,8.41903,8.42206,2.06,1.00
2017.12.04 23:11:03.365,8.41903,8.42199,2.06,1.00
2017.12.04 23:11:03.668,8.41903,8.42178,2.06,1.00
2017.12.04 23:11:04.047,8.41903,8.42172,2.06,1.00
2017.12.04 23:11:09.404,8.41904,8.42172,2.06,1.00
2017.12.04 23:11:09.455,8.41904,8.4218,2.06,1.00
2017.12.04 23:11:09.896,8.41903,8.42186,2.06,1.00
2017.12.04 23:11:11.501,8.41904,8.42181,2.25,1.00
2017.12.04 23:11:13.000,8.41903,8.42194,2.25,1.00
2017.12.04 23:11:27.618,8.41904,8.42175,1.87,1.00
2017.12.04 23:11:29.418,8.41904,8.42172,1.87,1.00
2017.12.04 23:11:32.114,8.41904,8.42172,1.87,1.00
2017.12.04 23:11:44.431,8.41903,8.42167,1.87,1.00
2017.12.04 23:11:44.609,8.41903,8.42167,1.87,1.00
2017.12.04 23:11:47.646,8.41903,8.42165,1.87,1.00
2017.12.04 23:11:47.769,8.41904,8.42169,1.87,1.00
2017.12.04 23:11:57.774,8.41904,8.42173,1.87,1.00
2017.12.04 23:11:59.478,8.41904,8.42171,1.87,1.00
2017.12.04 23:12:08.064,8.41904,8.42171,1.87,1.00
2017.12.04 23:12:08.396,8.419,8.42171,2.17,1.00
2017.12.04 23:12:09.147,8.41904,8.42168,2.06,1.00
2017.12.04 23:12:20.017,8.41903,8.42173,2.06,1.00
2017.12.04 23:12:29.437,8.41903,8.42168,2.25,1.00
2017.12.04 23:12:30.775,8.41903,8.42175,2.25,1.00
2017.12.04 23:12:30.827,8.41903,8.4218,2.25,1.00
2017.12.04 23:12:31.582,8.41903,8.42195,1.87,1.00
2017.12.04 23:12:31.633,8.41903,8.422,2.06,1.00
2017.12.04 23:12:35.048,8.419,8.42195,2.17,1.00
2017.12.04 23:12:39.012,8.41909,8.42198,1.12,1.00
2017.12.04 23:12:39.063,8.41909,8.42201,1.12,1.00
2017.12.04 23:12:39.114,8.41909,8.42206,1.12,1.00
2017.12.04 23:12:39.748,8.41909,8.42207,1.12,1.00
2017.12.04 23:12:48.351,8.41912,8.42224,1.75,1.00
2017.12.04 23:12:48.404,8.41912,8.42224,1.75,1.00
2017.12.04 23:12:48.506,8.419,8.42227,2.17,1.00
2017.12.04 23:12:48.557,8.419,8.42227,2.17,1.00
2017.12.04 23:12:48.862,8.419,8.42217,2.17,1.00
2017.12.04 23:12:48.913,8.419,8.42217,2.17,1.00
2017.12.04 23:12:48.964,8.41933,8.42217,2.00,1.00
2017.12.04 23:12:49.015,8.419,8.42217,2.17,1.00
2017.12.04 23:12:49.117,8.419,8.42217,2.17,1.00
2017.12.04 23:12:49.384,8.41933,8.42217,1.69,1.00
2017.12.04 23:12:49.688,8.41933,8.42219,1.94,1.00
2017.12.04 23:12:49.790,8.419,8.42219,2.17,1.00
2017.12.04 23:12:50.187,8.419,8.42229,2.17,1.00
2017.12.04 23:12:50.492,8.419,8.42234,2.17,1.00
2017.12.04 23:12:50.695,8.41904,8.42239,2.06,1.37
2017.12.04 23:12:50.796,8.41904,8.42239,2.06,1.00
2017.12.04 23:12:51.019,8.419,8.42239,2.17,1.00
2017.12.04 23:12:51.530,8.419,8.42239,2.17,1.00
2017.12.04 23:12:51.837,8.41933,8.42239,1.94,1.00
2017.12.04 23:12:51.939,8.419,8.42239,2.17,1.00
2017.12.04 23:12:52.043,8.419,8.42254,2.17,1.00
2017.12.04 23:12:52.095,8.41933,8.4228,2.00,1.00
2017.12.04 23:12:52.146,8.41919,8.4228,1.75,1.00
2017.12.04 23:12:52.249,8.41919,8.4228,1.75,1.00
2017.12.04 23:12:52.781,8.41919,8.4228,1.75,1.00
2017.12.04 23:12:53.104,8.41919,8.4228,1.75,1.00
2017.12.04 23:12:53.458,8.41919,8.4228,1.75,1.00
2017.12.04 23:12:53.509,8.41919,8.4228,1.75,1.00
2017.12.04 23:12:55.498,8.41973,8.4228,1.00,1.00
2017.12.04 23:12:55.820,8.41969,8.42276,1.00,1.00
2017.12.04 23:13:05.308,8.41979,8.42286,1.00,1.00
2017.12.04 23:13:05.359,8.41977,8.42335,1.00,1.37
2017.12.04 23:13:05.411,8.41996,8.42334,1.00,1.37
2017.12.04 23:13:05.615,8.41974,8.42304,1.00,1.00
2017.12.04 23:13:06.401,8.41974,8.42323,1.00,1.00
2017.12.04 23:13:06.704,8.41985,8.42323,1.00,1.00
2017.12.04 23:13:07.008,8.41971,8.42303,1.75,1.00
2017.12.04 23:13:07.210,8.41971,8.42303,1.00,1.00
2017.12.04 23:13:07.262,8.41973,8.42296,1.00,1.00
2017.12.04 23:13:07.428,8.41973,8.42305,1.00,1.00
2017.12.04 23:13:07.716,8.41973,8.42291,1.00,1.00
2017.12.04 23:13:08.688,8.41961,8.42279,1.00,1.00
2017.12.04 23:13:09.132,8.41956,8.42275,1.00,1.00
2017.12.04 23:13:09.815,8.41956,8.42275,1.37,1.00
2017.12.04 23:13:10.354,8.41956,8.42275,1.00,1.00
2017.12.04 23:13:13.011,8.41961,8.42279,1.00,1.00
2017.12.04 23:13:14.627,8.41959,8.42277,1.00,1.00
2017.12.04 23:13:20.242,8.41959,8.42276,1.00,1.00
2017.12.04 23:13:20.771,8.41953,8.42273,1.37,1.00
2017.12.04 23:13:22.046,8.41949,8.42268,1.37,1.00
2017.12.04 23:13:29.657,8.41949,8.42266,1.37,1.00
2017.12.04 23:13:30.872,8.41963,8.42265,1.12,1.00
2017.12.04 23:13:30.973,8.41953,8.42262,1.75,1.00
2017.12.04 23:13:31.278,8.41953,8.42262,1.00,1.00
2017.12.04 23:13:31.831,8.41958,8.42267,1.00,1.00
2017.12.04 23:13:35.167,8.41955,8.42256,1.00,1.00
2017.12.04 23:13:39.292,8.41959,8.42262,1.00,1.00
2017.12.04 23:13:39.394,8.41963,8.42266,1.00,1.00
2017.12.04 23:13:39.735,8.41977,8.42261,1.00,1.00
2017.12.04 23:13:39.787,8.41977,8.42273,1.00,1.00
2017.12.04 23:13:44.688,8.41979,8.42275,1.00,1.00
2017.12.04 23:13:45.379,8.41978,8.42274,1.00,1.00
2017.12.04 23:13:48.202,8.41985,8.42281,1.00,1.00
2017.12.04 23:13:48.507,8.42002,8.42284,1.00,1.00
2017.12.04 23:13:49.250,8.41999,8.42247,1.00,1.00
2017.12.04 23:13:49.302,8.41999,8.42282,1.00,1.00
2017.12.04 23:13:49.403,8.41999,8.42308,1.00,1.00
2017.12.04 23:13:49.454,8.42004,8.42263,1.00,1.00
2017.12.04 23:13:50.197,8.42001,8.4226,1.00,1.00
2017.12.04 23:13:50.298,8.41999,8.42261,1.00,1.00
2017.12.04 23:13:50.349,8.42004,8.42267,1.00,1.00
2017.12.04 23:13:50.470,8.41983,8.42287,1.00,1.00
2017.12.04 23:13:50.521,8.41973,8.42275,1.00,1.00
2017.12.04 23:13:50.839,8.41985,8.42263,1.00,1.00
2017.12.04 23:13:51.580,8.41988,8.42294,1.00,1.00
2017.12.04 23:13:51.643,8.41987,8.42271,1.00,1.00
2017.12.04 23:13:51.694,8.41987,8.42275,1.00,1.00
2017.12.04 23:13:51.745,8.41987,8.42271,1.00,1.00
2017.12.04 23:13:51.897,8.41987,8.42273,1.00,1.00
2017.12.04 23:13:52.554,8.41988,8.42272,1.00,1.00
2017.12.04 23:13:52.655,8.41987,8.42269,1.00,1.00
2017.12.04 23:13:52.887,8.41987,8.42271,1.00,1.00
2017.12.04 23:13:53.039,8.41987,8.42273,1.00,1.00
2017.12.04 23:13:53.241,8.41987,8.42295,1.00,1.00
2017.12.04 23:13:53.292,8.41987,8.42273,1.00,1.00
2017.12.04 23:13:55.485,8.41987,8.42273,1.37,1.00
2017.12.04 23:13:55.794,8.41987,8.42273,1.37,1.00
2017.12.04 23:13:55.845,8.41987,8.42273,1.00,1.00
2017.12.04 23:13:56.265,8.42004,8.42319,1.00,1.00
2017.12.04 23:13:56.316,8.42002,8.42317,1.00,1.00
2017.12.04 23:13:56.620,8.41979,8.42264,1.00,1.00
2017.12.04 23:13:57.915,8.41985,8.42269,1.00,1.00
2017.12.04 23:13:58.351,8.41986,8.42271,1.00,1.00
2017.12.04 23:13:59.716,8.41984,8.42269,1.00,1.00
2017.12.04 23:14:05.128,8.41995,8.4228,1.00,1.00
2017.12.04 23:14:05.180,8.42002,8.42288,1.00,1.00
2017.12.04 23:14:05.231,8.42004,8.4229,1.00,1.00
2017.12.04 23:14:05.805,8.41993,8.42279,1.00,1.00
2017.12.04 23:14:06.381,8.41989,8.42275,1.00,1.00
2017.12.04 23:14:07.810,8.41999,8.42285,1.00,1.00
2017.12.04 23:14:13.244,8.42007,8.42293,1.00,1.00
2017.12.04 23:14:13.447,8.41979,8.42294,1.00,1.00
2017.12.04 23:14:14.775,8.41981,8.42295,1.37,1.00
2017.12.04 23:14:14.927,8.41993,8.42295,1.00,1.00
2017.12.04 23:14:15.029,8.41981,8.42295,1.00,1.00
2017.12.04 23:14:15.231,8.41981,8.42295,1.37,1.00
2017.12.04 23:14:15.332,8.41981,8.42295,1.00,1.00
2017.12.04 23:14:15.433,8.41985,8.42299,1.00,1.00
2017.12.04 23:14:15.585,8.41995,8.42316,1.00,1.00
2017.12.04 23:14:15.637,8.41989,8.4231,1.00,1.00
2017.12.04 23:14:16.052,8.41994,8.42296,1.00,1.00
2017.12.04 23:14:17.821,8.42005,8.42308,1.00,1.00
2017.12.04 23:14:17.922,8.41967,8.42269,1.37,1.00
2017.12.04 23:14:17.973,8.41963,8.42265,1.00,1.00
2017.12.04 23:14:18.024,8.41944,8.42246,1.37,1.00
2017.12.04 23:14:18.354,8.41991,8.4224,1.00,1.00
2017.12.04 23:14:19.001,8.41996,8.42245,1.00,1.00
2017.12.04 23:14:19.432,8.41998,8.42261,1.00,1.00
2017.12.04 23:14:20.104,8.41995,8.42245,1.00,1.00
2017.12.04 23:14:20.155,8.41995,8.42263,1.00,1.00
2017.12.04 23:14:20.206,8.41992,8.42261,1.00,1.00
2017.12.04 23:14:29.777,8.4199,8.42257,1.00,1.00
2017.12.04 23:14:32.866,8.41991,8.42242,1.00,1.00
2017.12.04 23:14:33.170,8.41993,8.42242,1.00,1.00
2017.12.04 23:14:33.502,8.41993,8.42242,1.37,1.00
2017.12.04 23:14:33.553,8.41993,8.42242,1.00,1.00
2017.12.04 23:14:35.337,8.41992,8.42247,1.00,1.00
2017.12.04 23:14:35.388,8.41992,8.42242,1.00,1.00
2017.12.04 23:14:37.271,8.41988,8.42238,1.00,1.00
2017.12.04 23:14:37.323,8.41996,8.42263,1.00,1.00
2017.12.04 23:14:37.374,8.41989,8.42259,1.00,1.00
2017.12.04 23:14:38.107,8.41993,8.42254,1.00,1.00
2017.12.04 23:14:39.132,8.41994,8.42275,1.00,1.00
2017.12.04 23:14:39.378,8.41998,8.42281,1.00,1.00
2017.12.04 23:14:39.733,8.42003,8.42285,1.00,1.00
2017.12.04 23:14:41.329,8.42001,8.42305,1.00,1.00
2017.12.04 23:14:41.435,8.41998,8.42296,1.00,1.00
2017.12.04 23:14:41.739,8.41995,8.42281,1.00,1.00
2017.12.04 23:14:43.432,8.4197,8.42256,1.00,1.00
2017.12.04 23:14:43.483,8.41955,8.42242,1.00,1.00
2017.12.04 23:14:43.534,8.41948,8.42235,1.37,1.00
2017.12.04 23:14:43.837,8.41975,8.42246,1.00,1.00
2017.12.04 23:14:44.150,8.41929,8.42162,1.37,1.00
2017.12.04 23:14:44.201,8.41929,8.42186,1.37,1.00
2017.12.04 23:14:44.253,8.41929,8.42209,1.75,1.00
2017.12.04 23:14:44.304,8.41925,8.42205,1.75,1.00
2017.12.04 23:14:44.356,8.41925,8.42205,1.37,1.00
2017.12.04 23:14:44.458,8.41931,8.42189,1.37,1.00
2017.12.04 23:14:44.779,8.41903,8.42185,2.06,1.00
2017.12.04 23:14:45.126,8.41903,8.42161,2.06,1.00
2017.12.04 23:14:45.881,8.41904,8.42179,1.56,1.00
2017.12.04 23:14:45.932,8.41933,8.42208,1.75,1.00
2017.12.04 23:14:45.984,8.41979,8.42232,1.00,1.00
2017.12.04 23:14:46.035,8.4198,8.42232,1.37,1.00
2017.12.04 23:14:46.238,8.41959,8.42222,1.00,1.00
2017.12.04 23:14:47.571,8.41992,8.42214,1.00,1.00
2017.12.04 23:14:48.651,8.4199,8.42236,1.00,1.00
2017.12.04 23:14:48.753,8.4199,8.42236,1.37,1.00
2017.12.04 23:14:49.178,8.4197,8.42235,1.00,1.00
2017.12.04 23:14:49.380,8.41977,8.4223,1.00,1.00
2017.12.04 23:14:49.783,8.4198,8.42213,1.00,1.00
2017.12.04 23:14:49.885,8.41949,8.42202,1.37,1.00
2017.12.04 23:14:49.936,8.41949,8.42183,1.37,1.00
2017.12.04 23:14:50.252,8.41943,8.42176,1.00,1.00
2017.12.04 23:14:50.353,8.41943,8.42196,1.00,1.00
2017.12.04 23:14:54.561,8.41936,8.4219,1.37,1.00
2017.12.04 23:14:54.871,8.4192,8.42173,1.37,1.00
2017.12.04 23:14:55.282,8.41906,8.42156,1.37,1.00
2017.12.04 23:14:55.881,8.41908,8.42175,1.56,1.00
2017.12.04 23:14:55.932,8.41908,8.42177,1.94,1.00
2017.12.04 23:14:55.983,8.41908,8.4219,1.94,1.00
2017.12.04 23:14:56.135,8.41916,8.42197,1.75,1.00
2017.12.04 23:14:56.186,8.4192,8.42182,1.75,1.00
2017.12.04 23:14:56.780,8.4192,8.42182,1.37,1.00
2017.12.04 23:14:59.837,8.41921,8.42184,1.37,1.00
2017.12.04 23:15:01.515,8.41913,8.42176,1.62,1.00
2017.12.04 23:15:01.919,8.4191,8.42172,1.56,1.00
2017.12.04 23:15:03.343,8.41916,8.42179,1.37,1.00
2017.12.04 23:15:04.072,8.4196,8.42178,1.00,1.00
2017.12.04 23:15:04.123,8.41955,8.42175,1.00,1.00
2017.12.04 23:15:04.176,8.41924,8.42208,1.37,1.00
2017.12.04 23:15:04.227,8.41956,8.42201,1.00,1.00
2017.12.04 23:15:05.338,8.41956,8.42186,1.00,1.00
2017.12.04 23:15:08.294,8.41929,8.42208,1.37,1.00
2017.12.04 23:15:08.345,8.41956,8.42199,1.00,1.00
2017.12.04 23:15:08.663,8.41956,8.42199,1.75,1.00
2017.12.04 23:15:08.968,8.41956,8.42199,1.37,1.00
2017.12.04 23:15:11.452,8.41956,8.42199,1.00,1.00
2017.12.04 23:15:12.433,8.41957,8.42205,1.00,1.00
2017.12.04 23:15:12.879,8.41972,8.4222,1.00,1.00
2017.12.04 23:15:13.222,8.41963,8.42211,1.00,1.00
2017.12.04 23:15:14.376,8.41972,8.4222,1.00,1.00
2017.12.04 23:15:14.980,8.4197,8.42216,1.00,1.00
2017.12.04 23:15:17.443,8.41962,8.4221,1.00,1.00
2017.12.04 23:15:17.494,8.41971,8.42219,1.00,1.00
2017.12.04 23:15:20.329,8.41976,8.42225,1.00,1.00
2017.12.04 23:15:20.380,8.41981,8.42227,1.00,1.00
2017.12.04 23:15:22.387,8.41992,8.42238,1.00,1.00
2017.12.04 23:15:22.757,8.42002,8.42229,1.00,1.00
2017.12.04 23:15:23.061,8.42004,8.42211,1.00,1.00
2017.12.04 23:15:23.443,8.42001,8.42196,1.00,1.00
2017.12.04 23:15:23.545,8.41999,8.42209,1.00,1.00
2017.12.04 23:15:23.647,8.41999,8.42247,1.00,1.00
2017.12.04 23:15:24.331,8.41994,8.42242,1.00,1.00
2017.12.04 23:15:24.640,8.4201,8.42252,1.00,1.00
2017.12.04 23:15:24.944,8.42007,8.42248,1.00,1.00
2017.12.04 23:15:25.625,8.42008,8.42229,1.00,1.00
2017.12.04 23:15:25.675,8.42007,8.42266,1.00,1.00
2017.12.04 23:15:25.931,8.42003,8.42261,1.00,1.00
2017.12.04 23:15:25.982,8.4201,8.42269,1.00,1.00
2017.12.04 23:15:26.033,8.42008,8.42265,1.00,1.00
2017.12.04 23:15:26.357,8.42007,8.42248,1.00,1.00
2017.12.04 23:15:28.917,8.42005,8.42246,1.00,1.00
2017.12.04 23:15:29.536,8.42003,8.42243,1.00,1.00
2017.12.04 23:15:30.256,8.42008,8.42247,1.00,1.00
2017.12.04 23:15:33.704,8.42007,8.42227,1.00,1.00
2017.12.04 23:15:33.826,8.41999,8.42242,1.00,1.00
2017.12.04 23:15:34.571,8.41995,8.42225,1.00,1.00
2017.12.04 23:15:34.621,8.41994,8.42251,1.00,1.00
2017.12.04 23:15:34.672,8.41994,8.42217,1.00,1.00
2017.12.04 23:15:34.878,8.41994,8.42235,1.00,1.00
2017.12.04 23:15:34.929,8.41994,8.42254,1.00,1.00
2017.12.04 23:15:35.399,8.41994,8.42248,1.00,1.00
2017.12.04 23:15:35.720,8.41999,8.42253,1.00,1.00
2017.12.04 23:15:36.688,8.41992,8.42244,1.00,1.00
2017.12.04 23:15:36.917,8.41962,8.42216,1.00,1.00
2017.12.04 23:15:37.069,8.41962,8.42242,1.00,1.00
2017.12.04 23:15:44.945,8.41961,8.42241,1.00,1.00
2017.12.04 23:15:45.047,8.41953,8.42233,1.00,1.00
2017.12.04 23:15:45.837,8.41952,8.42232,1.00,1.00
2017.12.04 23:15:46.176,8.4194,8.4222,1.37,1.00
2017.12.04 23:15:46.555,8.41934,8.42214,1.37,1.00
2017.12.04 23:15:46.881,8.41944,8.42186,1.00,1.00
2017.12.04 23:15:50.428,8.41948,8.42186,1.00,1.00
2017.12.04 23:15:56.599,8.41956,8.42185,1.00,1.00
2017.12.04 23:15:59.947,8.41956,8.42186,1.00,1.00
2017.12.04 23:16:00.383,8.41989,8.42184,1.00,1.00
2017.12.04 23:16:00.433,8.41987,8.42222,1.00,1.00
2017.12.04 23:16:00.484,8.41987,8.42202,1.00,1.00
2017.12.04 23:16:00.811,8.41981,8.42196,1.00,1.00
2017.12.04 23:16:02.185,8.41987,8.42202,1.00,1.00
2017.12.04 23:16:03.345,8.4199,8.42205,1.00,1.00
2017.12.04 23:16:05.476,8.4199,8.42204,1.00,1.00
2017.12.04 23:16:06.069,8.41983,8.42197,1.00,1.00
2017.12.04 23:16:06.398,8.4198,8.42194,1.00,1.00
2017.12.04 23:16:07.596,8.41983,8.42197,1.00,1.00
2017.12.04 23:16:15.002,8.4198,8.42193,1.00,1.00
2017.12.04 23:16:15.052,8.41983,8.42197,1.00,1.00
2017.12.04 23:16:17.246,8.41975,8.42189,1.00,1.00
2017.12.04 23:16:18.301,8.4198,8.42193,1.00,1.00
2017.12.04 23:16:18.701,8.4199,8.42203,1.00,1.00
2017.12.04 23:16:19.372,8.41984,8.42198,1.00,1.00
2017.12.04 23:16:19.423,8.41992,8.42205,1.00,1.00
2017.12.04 23:16:19.603,8.41996,8.4221,1.00,1.00
2017.12.04 23:16:20.488,8.41996,8.422,1.00,1.00
2017.12.04 23:16:20.823,8.42,8.42204,1.00,1.00
2017.12.04 23:16:22.069,8.41992,8.42194,1.00,1.00
2017.12.04 23:16:22.304,8.41984,8.42207,1.00,1.00
2017.12.04 23:16:22.526,8.41986,8.42173,1.00,1.00
2017.12.04 23:16:22.577,8.41985,8.42205,1.00,1.00
2017.12.04 23:16:22.873,8.4199,8.42191,1.00,1.00
2017.12.04 23:16:24.369,8.41993,8.42194,1.00,1.00
2017.12.04 23:16:24.673,8.42002,8.42191,1.00,1.00
2017.12.04 23:16:24.724,8.41998,8.42223,1.00,1.00
2017.12.04 23:16:25.872,8.42001,8.4219,1.00,1.00
2017.12.04 23:16:25.923,8.42006,8.42207,1.00,1.00
2017.12.04 23:16:30.007,8.42006,8.42208,1.00,1.00
2017.12.04 23:16:30.981,8.41993,8.42195,1.00,1.00
2017.12.04 23:16:31.292,8.41989,8.42179,1.00,1.00
2017.12.04 23:16:31.622,8.41985,8.42174,1.00,1.00
2017.12.04 23:16:32.322,8.41994,8.42183,1.00,1.00
2017.12.04 23:16:32.529,8.42004,8.42194,1.00,1.00
2017.12.04 23:16:33.191,8.42008,8.42211,1.00,1.00
2017.12.04 23:16:36.436,8.42015,8.42218,1.00,1.00
2017.12.04 23:16:36.639,8.42003,8.42208,1.00,1.00
2017.12.04 23:16:36.690,8.42001,8.42226,1.00,1.00
2017.12.04 23:16:36.791,8.41997,8.42226,1.00,1.00
2017.12.04 23:16:37.380,8.42003,8.42232,1.00,1.00
2017.12.04 23:16:37.692,8.42004,8.422,1.00,1.00
2017.12.04 23:16:38.124,8.42005,8.42229,1.00,1.00
2017.12.04 23:16:40.007,8.42007,8.42197,1.00,1.00
2017.12.04 23:16:40.337,8.42016,8.42206,1.00,1.00
2017.12.04 23:16:40.388,8.41936,8.42226,1.37,1.00
2017.12.04 23:16:40.439,8.41942,8.42231,1.37,1.00
2017.12.04 23:16:40.490,8.4201,8.42225,1.00,1.00
2017.12.04 23:16:41.953,8.42,8.42227,1.00,1.00
2017.12.04 23:16:42.930,8.42003,8.42232,1.00,1.00
2017.12.04 23:16:45.038,8.42,8.42229,1.00,1.00
2017.12.04 23:16:50.548,8.41997,8.42222,1.00,1.00
2017.12.04 23:16:51.604,8.42014,8.42236,1.00,1.00
2017.12.04 23:16:51.706,8.42017,8.42242,1.00,1.00
2017.12.04 23:17:00.488,8.42013,8.42237,1.00,1.00
2017.12.04 23:17:00.539,8.42017,8.42242,1.00,1.00
2017.12.04 23:17:00.652,8.42022,8.42247,1.00,1.00
2017.12.04 23:17:03.437,8.42026,8.42251,1.00,1.00
2017.12.04 23:17:05.578,8.42009,8.42252,1.00,1.00
2017.12.04 23:17:05.629,8.42006,8.42252,1.00,1.00
2017.12.04 23:17:06.658,8.41992,8.42253,1.00,1.00
2017.12.04 23:17:10.484,8.41998,8.42258,1.00,1.00
2017.12.04 23:17:15.147,8.41997,8.42258,1.00,1.00
2017.12.04 23:17:20.679,8.42004,8.42257,1.00,1.00
2017.12.04 23:17:22.340,8.42007,8.42261,1.00,1.00
2017.12.04 23:17:25.849,8.42003,8.42257,1.00,1.00
2017.12.04 23:17:30.128,8.42005,8.42259,1.00,1.00
2017.12.04 23:17:35.821,8.41998,8.42251,1.00,1.00
2017.12.04 23:17:35.874,8.41993,8.42247,1.00,1.00
2017.12.04 23:17:37.347,8.41997,8.42251,1.00,1.00
2017.12.04 23:17:37.782,8.41993,8.42247,1.00,1.00
2017.12.04 23:17:38.237,8.41997,8.42251,1.00,1.00
2017.12.04 23:17:38.541,8.41968,8.42221,1.00,1.00
2017.12.04 23:17:38.642,8.41962,8.42216,1.00,1.00
2017.12.04 23:17:38.693,8.41955,8.42209,1.00,1.00
2017.12.04 23:17:40.191,8.41955,8.42209,1.37,1.00
2017.12.04 23:17:40.307,8.41959,8.42213,1.00,1.00
2017.12.04 23:17:41.982,8.41955,8.42209,1.37,1.00
2017.12.04 23:17:44.418,8.41951,8.42205,1.37,1.00
2017.12.04 23:17:44.920,8.41947,8.42201,1.37,1.00
2017.12.04 23:17:45.366,8.41944,8.42195,1.37,1.00
2017.12.04 23:17:46.534,8.41946,8.422,1.37,1.00
2017.12.04 23:17:48.839,8.41951,8.42204,1.37,1.00
2017.12.04 23:17:49.904,8.41947,8.42199,1.37,1.00
2017.12.04 23:17:58.161,8.4195,8.42203,1.37,1.00
2017.12.04 23:18:05.805,8.41961,8.42216,1.00,1.00
2017.12.04 23:18:05.907,8.41965,8.4222,1.00,1.00
2017.12.04 23:18:06.475,8.41961,8.42216,1.00,1.00
2017.12.04 23:18:11.008,8.41966,8.42221,1.00,1.00
2017.12.04 23:18:22.341,8.41961,8.42216,1.00,1.00
2017.12.04 23:18:24.266,8.41967,8.4222,1.00,1.00
2017.12.04 23:18:29.418,8.41961,8.42216,1.00,1.00
2017.12.04 23:18:30.248,8.41963,8.42218,1.00,1.00
2017.12.04 23:18:35.757,8.41961,8.42218,1.00,1.00
2017.12.04 23:18:45.277,8.41964,8.42221,1.00,1.00
2017.12.04 23:18:50.788,8.41965,8.42221,1.00,1.00
2017.12.04 23:19:00.309,8.41966,8.42222,1.00,1.00
2017.12.04 23:19:02.473,8.41963,8.42218,1.00,1.00
2017.12.04 23:19:03.471,8.41969,8.42225,1.00,1.00
2017.12.04 23:19:07.156,8.41952,8.42207,1.00,1.00
2017.12.04 23:19:07.508,8.41948,8.42201,1.00,1.00
2017.12.04 23:19:08.203,8.41944,8.42199,1.37,1.00
2017.12.04 23:19:11.827,8.41943,8.42198,1.37,1.00
2017.12.04 23:19:15.552,8.41936,8.42192,1.37,1.00
2017.12.04 23:19:30.368,8.41938,8.42193,1.37,1.00
2017.12.04 23:19:31.683,8.41939,8.42194,1.37,1.00
2017.12.04 23:19:38.353,8.41935,8.42191,1.37,1.00
2017.12.04 23:19:38.544,8.41954,8.42209,1.00,1.00
2017.12.04 23:19:38.595,8.41958,8.42214,1.00,1.00
2017.12.04 23:19:38.646,8.41971,8.42226,1.00,1.00
2017.12.04 23:19:45.397,8.41971,8.42227,1.00,1.00
2017.12.04 23:19:50.958,8.4197,8.42227,1.00,1.00
2017.12.04 23:19:52.065,8.41971,8.42227,1.00,1.00
2017.12.04 23:20:00.473,8.4197,8.42225,1.00,1.00
2017.12.04 23:20:20.965,8.41971,8.42225,1.00,1.00
2017.12.04 23:20:34.490,8.41964,8.42219,1.00,1.00
2017.12.04 23:20:35.995,8.41968,8.42219,1.00,1.00
2017.12.04 23:20:37.428,8.41971,8.42222,1.00,1.00
2017.12.04 23:20:46.815,8.41963,8.42214,1.00,1.00
2017.12.04 23:20:47.226,8.41935,8.42186,1.37,1.00
2017.12.04 23:20:48.896,8.41933,8.42184,1.37,1.00
2017.12.04 23:21:00.546,8.41935,8.42186,1.37,1.00
2017.12.04 23:21:03.658,8.41934,8.42185,1.37,1.00
2017.12.04 23:21:30.665,8.41936,8.42187,1.37,1.00
2017.12.04 23:21:32.192,8.41936,8.42187,1.00,1.00
2017.12.04 23:21:36.115,8.41936,8.42176,1.00,1.00
2017.12.04 23:21:57.124,8.41937,8.42174,1.00,1.00
2017.12.04 23:22:00.665,8.41935,8.42174,1.00,1.00
2017.12.04 23:22:03.045,8.41935,8.42192,1.00,1.00
2017.12.04 23:22:15.694,8.41936,8.42193,1.00,1.00
2017.12.04 23:22:16.206,8.41944,8.42201,1.00,1.00
2017.12.04 23:22:21.206,8.41944,8.42196,1.00,1.00
2017.12.04 23:22:26.603,8.41936,8.42188,1.00,1.00
2017.12.04 23:22:28.056,8.41936,8.42207,1.00,1.00
2017.12.04 23:22:31.958,8.41947,8.42218,1.00,1.00
2017.12.04 23:22:32.347,8.41954,8.42192,1.00,1.00
2017.12.04 23:22:32.569,8.41956,8.42196,1.00,1.00
2017.12.04 23:22:36.251,8.41956,8.422,1.00,1.00
2017.12.04 23:22:51.323,8.41957,8.42212,1.00,1.00
2017.12.04 23:23:00.791,8.41958,8.42215,1.00,1.00
2017.12.04 23:23:08.334,8.41946,8.42203,1.00,1.00
2017.12.04 23:23:08.637,8.41933,8.4219,1.00,1.00
2017.12.04 23:23:09.019,8.41926,8.42183,1.00,1.00
2017.12.04 23:23:14.863,8.41941,8.42198,1.00,1.00
2017.12.04 23:23:15.167,8.41938,8.42195,1.00,1.00
2017.12.04 23:23:15.498,8.4193,8.42187,1.00,1.00
2017.12.04 23:23:15.890,8.41932,8.42186,1.00,1.00
2017.12.04 23:23:21.325,8.41931,8.42179,1.00,1.00
2017.12.04 23:23:24.160,8.41927,8.42176,1.00,1.00
2017.12.04 23:23:24.408,8.41931,8.4218,1.00,1.00
2017.12.04 23:23:26.309,8.41936,8.42184,1.00,1.00
2017.12.04 23:23:36.355,8.41936,8.42187,1.00,1.00
2017.12.04 23:23:49.253,8.41931,8.42181,1.00,1.00
2017.12.04 23:23:51.430,8.4193,8.42175,1.00,1.00
2017.12.04 23:24:00.905,8.41929,8.42174,1.00,1.00
2017.12.04 23:24:11.442,8.41927,8.42174,1.00,1.00
2017.12.04 23:24:15.935,8.41928,8.42175,1.00,1.00
2017.12.04 23:24:21.446,8.4193,8.42175,1.00,1.00
2017.12.04 23:24:36.475,8.41931,8.42179,1.00,1.00
2017.12.04 23:24:55.564,8.41936,8.42186,1.00,1.00
2017.12.04 23:24:58.053,8.41946,8.42196,1.00,1.00
2017.12.04 23:24:58.104,8.41951,8.42203,1.00,1.00
2017.12.04 23:24:58.205,8.41951,8.42203,1.37,1.00
2017.12.04 23:24:58.357,8.41949,8.42206,1.37,1.00
2017.12.04 23:24:58.408,8.41948,8.42198,1.37,1.00
2017.12.04 23:24:58.459,8.41948,8.42198,1.00,1.00
2017.12.04 23:24:58.885,8.41941,8.42189,1.00,1.00
2017.12.04 23:24:58.936,8.41932,8.42182,1.00,1.00
2017.12.04 23:24:59.037,8.41941,8.42191,1.00,1.00
2017.12.04 23:25:00.425,8.41945,8.42195,1.00,1.00
2017.12.04 23:25:04.019,8.41953,8.42202,1.00,1.00
2017.12.04 23:25:05.430,8.41956,8.42206,1.00,1.00
2017.12.04 23:25:06.586,8.41956,8.42207,1.00,1.00
2017.12.04 23:25:07.429,8.41959,8.42209,1.00,1.00
2017.12.04 23:25:08.269,8.41961,8.42212,1.00,1.00
2017.12.04 23:25:11.887,8.4197,8.42221,1.00,1.00
2017.12.04 23:25:12.254,8.41973,8.42223,1.00,1.00
2017.12.04 23:25:14.140,8.41969,8.4222,1.00,1.00
2017.12.04 23:25:21.310,8.41973,8.42224,1.00,1.00
2017.12.04 23:25:21.614,8.41973,8.42233,1.00,1.00
2017.12.04 23:25:31.085,8.41972,8.4223,1.00,1.00
2017.12.04 23:25:36.595,8.41971,8.42224,1.00,1.00
2017.12.04 23:25:51.625,8.41971,8.42221,1.00,1.00
2017.12.04 23:26:01.145,8.41968,8.42218,1.00,1.00
2017.12.04 23:26:06.655,8.41968,8.42221,1.00,1.00
2017.12.04 23:26:12.608,8.41991,8.42243,1.00,1.00
2017.12.04 23:26:12.918,8.41995,8.42247,1.00,1.00
2017.12.04 23:26:16.174,8.41995,8.42246,1.00,1.00
2017.12.04 23:26:18.429,8.42001,8.42253,1.00,1.00
2017.12.04 23:26:19.606,8.42006,8.42256,1.00,1.00
2017.12.04 23:26:21.684,8.42005,8.42256,1.00,1.00
2017.12.04 23:26:26.827,8.42009,8.4226,1.00,1.00
2017.12.04 23:26:31.205,8.42008,8.4226,1.00,1.00
2017.12.04 23:26:51.746,8.42009,8.42255,1.00,1.00
2017.12.04 23:27:06.775,8.42008,8.42255,1.00,1.00
2017.12.04 23:27:16.295,8.42007,8.42255,1.00,1.00
2017.12.04 23:27:21.910,8.42007,8.42264,1.00,1.00
2017.12.04 23:27:23.274,8.42007,8.42125,1.00,1.00
2017.12.04 23:27:23.376,8.41988,8.42126,1.00,1.00
2017.12.04 23:27:23.757,8.41988,8.42088,1.00,1.00
2017.12.04 23:27:23.868,8.41972,8.42088,1.00,1.00
2017.12.04 23:27:24.046,8.41972,8.42084,1.00,1.00
2017.12.04 23:27:25.624,8.41972,8.42087,1.00,1.00
2017.12.04 23:27:27.632,8.4198,8.42087,1.00,1.00
2017.12.04 23:27:27.872,8.4198,8.42109,1.00,1.00
2017.12.04 23:27:28.434,8.4198,8.42242,1.00,2.25
2017.12.04 23:27:28.563,8.41985,8.42233,1.00,1.00
2017.12.04 23:27:28.940,8.42004,8.4223,1.00,1.00
2017.12.04 23:27:31.326,8.42004,8.42232,1.00,1.00
2017.12.04 23:27:36.834,8.42009,8.42232,1.00,1.00
2017.12.04 23:27:37.784,8.42003,8.42244,1.00,1.00
2017.12.04 23:27:37.944,8.4201,8.42252,1.00,1.00
2017.12.04 23:27:38.096,8.42006,8.42271,1.00,1.00
2017.12.04 23:27:39.119,8.42003,8.42256,1.00,1.00
2017.12.04 23:27:40.474,8.41999,8.42252,1.00,1.00
2017.12.04 23:27:40.576,8.41993,8.42247,1.00,1.00
2017.12.04 23:27:40.675,8.41987,8.42241,1.00,1.00
2017.12.04 23:27:40.995,8.41997,8.42232,1.00,1.00
2017.12.04 23:27:41.482,8.41995,8.42231,1.00,1.00
2017.12.04 23:27:43.641,8.41991,8.42226,1.00,1.00
2017.12.04 23:27:46.407,8.41991,8.42225,1.00,1.00
2017.12.04 23:27:47.421,8.41971,8.42206,1.00,1.00
2017.12.04 23:27:47.472,8.41998,8.42204,1.00,1.00
2017.12.04 23:27:47.524,8.41994,8.42214,1.00,1.00
2017.12.04 23:27:47.575,8.41978,8.42196,1.00,1.00
2017.12.04 23:27:48.077,8.4198,8.42179,1.00,1.00
2017.12.04 23:27:51.636,8.41984,8.42183,1.00,1.00
2017.12.04 23:27:52.067,8.41989,8.42179,1.00,1.00
2017.12.04 23:27:58.095,8.41993,8.42182,1.00,1.00
2017.12.04 23:28:01.479,8.41992,8.42182,1.00,1.00
2017.12.04 23:28:04.099,8.41987,8.42177,1.00,1.00
2017.12.04 23:28:07.227,8.41978,8.42167,1.00,1.00
2017.12.04 23:28:08.323,8.4197,8.42158,1.00,1.00
2017.12.04 23:28:16.465,8.41968,8.42155,1.00,1.00
2017.12.04 23:28:21.925,8.41962,8.42151,1.00,1.00
2017.12.04 23:28:26.605,8.41956,8.42146,1.00,1.00
2017.12.04 23:28:35.563,8.41961,8.42151,1.00,1.00
2017.12.04 23:28:36.954,8.41962,8.42149,1.00,1.00
2017.12.04 23:28:46.474,8.41964,8.42153,1.00,1.00
2017.12.04 23:28:50.870,8.41969,8.42167,1.00,1.00
2017.12.04 23:28:51.984,8.41969,8.42169,1.00,1.00
2017.12.04 23:28:52.614,8.41976,8.42174,1.00,1.00
2017.12.04 23:28:52.665,8.41984,8.42184,1.00,1.00
2017.12.04 23:28:53.493,8.41985,8.42184,1.00,1.00
2017.12.04 23:28:54.123,8.41981,8.42179,1.00,1.00
2017.12.04 23:28:54.285,8.41985,8.42185,1.00,1.00
2017.12.04 23:28:54.707,8.41991,8.42191,1.00,1.00
2017.12.04 23:29:07.270,8.41985,8.42185,1.00,1.00
2017.12.04 23:29:11.714,8.41975,8.42175,1.00,1.00
2017.12.04 23:29:11.815,8.41964,8.42165,1.00,1.00
2017.12.04 23:29:12.125,8.41961,8.42161,1.00,1.00
2017.12.04 23:29:16.584,8.4196,8.42161,1.00,1.00
2017.12.04 23:29:19.708,8.41964,8.42164,1.00,1.00
2017.12.04 23:29:25.903,8.41958,8.42158,1.00,1.00
2017.12.04 23:29:30.103,8.41958,8.42177,1.00,1.00
2017.12.04 23:29:31.605,8.41954,8.42174,1.00,1.00
2017.12.04 23:29:37.075,8.41954,8.42172,1.00,1.00
2017.12.04 23:29:40.424,8.41959,8.42174,1.00,1.00
2017.12.04 23:29:44.598,8.41949,8.42192,1.00,1.00
2017.12.04 23:29:46.623,8.41952,8.42195,1.00,1.00
2017.12.04 23:29:49.722,8.41952,8.42193,1.00,1.00
2017.12.04 23:29:52.104,8.41951,8.42191,1.00,1.00
2017.12.04 23:29:54.229,8.41948,8.42189,1.00,1.00
2017.12.04 23:29:58.917,8.41947,8.42188,1.00,1.00
2017.12.04 23:30:01.643,8.41948,8.42189,1.00,1.00
2017.12.04 23:30:07.178,8.41949,8.42185,1.00,1.00
2017.12.04 23:30:16.657,8.41948,8.42184,1.00,1.00
2017.12.04 23:30:20.094,8.41953,8.42189,1.00,1.00
2017.12.04 23:30:22.168,8.41954,8.42194,1.00,1.00
2017.12.04 23:30:25.029,8.41961,8.42184,1.00,1.00
2017.12.04 23:30:27.387,8.41947,8.4217,1.00,1.00
2017.12.04 23:30:27.539,8.41903,8.42149,1.50,1.00
2017.12.04 23:30:27.640,8.41903,8.42159,1.50,1.00
2017.12.04 23:30:27.691,8.41903,8.42187,1.50,1.00
2017.12.04 23:30:27.742,8.41909,8.42199,1.56,1.00
2017.12.04 23:30:27.945,8.419,8.42192,1.79,1.00
2017.12.04 23:30:28.047,8.419,8.42192,1.79,1.00
2017.12.04 23:30:28.243,8.419,8.42192,1.79,1.00
2017.12.04 23:30:28.344,8.419,8.42192,1.79,1.00
2017.12.04 23:30:30.188,8.419,8.42192,1.79,1.00
2017.12.04 23:30:30.239,8.419,8.42192,1.79,1.00
2017.12.04 23:30:31.690,8.419,8.42191,1.79,1.00
2017.12.04 23:30:31.947,8.419,8.42191,1.79,1.00
2017.12.04 23:30:32.175,8.419,8.42191,1.79,1.00
2017.12.04 23:30:35.758,8.419,8.42191,1.79,1.00
2017.12.04 23:30:36.965,8.419,8.42191,1.79,1.00
2017.12.04 23:30:37.400,8.41906,8.42189,1.37,1.00
2017.12.04 23:30:39.160,8.419,8.42183,1.98,1.00
2017.12.04 23:30:39.211,8.419,8.42183,1.98,1.00
2017.12.04 23:30:39.430,8.419,8.42183,1.98,1.00
2017.12.04 23:30:40.086,8.419,8.42175,1.98,1.00
2017.12.04 23:30:40.589,8.419,8.42175,1.98,1.00
2017.12.04 23:30:41.802,8.419,8.42175,1.98,1.00
2017.12.04 23:30:42.973,8.419,8.42181,1.98,1.00
2017.12.04 23:30:43.660,8.419,8.42181,1.98,1.00
2017.12.04 23:30:44.137,8.419,8.42181,1.98,1.00
2017.12.04 23:30:46.142,8.419,8.42181,1.79,1.00
2017.12.04 23:30:46.193,8.4193,8.42179,1.00,1.00
2017.12.04 23:30:46.546,8.41921,8.4217,1.00,1.00
2017.12.04 23:30:48.071,8.41921,8.42188,1.00,1.00
2017.12.04 23:30:49.445,8.41921,8.42188,1.37,1.00
2017.12.04 23:30:49.647,8.41921,8.42188,1.00,1.00
2017.12.04 23:30:49.761,8.41921,8.4217,1.00,1.00
2017.12.04 23:31:01.748,8.41923,8.42172,1.00,1.00
2017.12.04 23:31:16.778,8.4192,8.42169,1.00,1.00
2017.12.04 23:31:17.398,8.41913,8.4216,1.12,1.00
2017.12.04 23:31:17.701,8.41903,8.4214,2.25,1.00
2017.12.04 23:31:17.905,8.41904,8.42134,1.50,1.00
2017.12.04 23:31:18.186,8.41903,8.42189,1.87,1.00
2017.12.04 23:31:18.460,8.419,8.42189,1.98,1.00
2017.12.04 23:31:18.763,8.419,8.42189,1.98,1.00
2017.12.04 23:31:19.836,8.419,8.42189,1.98,1.00
2017.12.04 23:31:21.641,8.41901,8.42167,1.79,1.00
2017.12.04 23:31:21.742,8.41901,8.42161,1.60,1.00
2017.12.04 23:31:21.793,8.41904,8.42135,1.50,1.00
2017.12.04 23:31:21.845,8.41904,8.42145,1.50,1.00
2017.12.04 23:31:21.896,8.41904,8.42154,1.50,1.00
2017.12.04 23:31:21.947,8.41904,8.42159,1.50,1.00
2017.12.04 23:31:22.090,8.41904,8.42156,1.87,1.00
2017.12.04 23:31:22.141,8.41904,8.42169,1.50,1.00
2017.12.04 23:31:22.192,8.41904,8.42176,1.50,1.00
2017.12.04 23:31:22.243,8.41904,8.42156,1.50,1.00
2017.12.04 23:31:22.295,8.41904,8.4218,1.50,1.00
2017.12.04 23:31:22.346,8.41904,8.42172,1.50,1.00
2017.12.04 23:31:22.448,8.41904,8.42179,1.50,1.00
2017.12.04 23:31:22.715,8.41903,8.42191,1.69,1.00
2017.12.04 23:31:22.766,8.41901,8.42173,1.79,1.00
2017.12.04 23:31:23.057,8.419,8.42173,1.60,1.00
2017.12.04 23:31:23.674,8.419,8.42173,1.79,1.00
2017.12.04 23:31:24.151,8.419,8.42173,1.79,1.00
2017.12.04 23:31:24.708,8.419,8.42178,1.79,1.00
2017.12.04 23:31:25.010,8.41903,8.42178,2.06,1.00
2017.12.04 23:31:25.169,8.419,8.42178,1.79,1.00
2017.12.04 23:31:27.398,8.41904,8.42178,2.06,1.00
2017.12.04 23:31:27.617,8.419,8.42178,1.79,1.00
2017.12.04 23:31:28.593,8.419,8.42178,1.79,1.00
2017.12.04 23:31:29.096,8.419,8.42178,1.79,1.00
2017.12.04 23:31:31.809,8.419,8.42177,1.79,1.00
2017.12.04 23:31:32.232,8.419,8.42177,1.79,1.00
2017.12.04 23:31:32.821,8.419,8.42177,1.79,1.00
2017.12.04 23:31:33.426,8.419,8.42177,1.79,1.00
2017.12.04 23:31:34.633,8.419,8.42177,1.79,1.00
2017.12.04 23:31:35.844,8.41904,8.42177,2.06,1.00
2017.12.04 23:31:36.347,8.419,8.42177,1.79,1.00
2017.12.04 23:31:36.844,8.419,8.42173,1.79,1.00
2017.12.04 23:31:36.917,8.419,8.42173,1.98,1.00
2017.12.04 23:31:37.018,8.419,8.42167,1.60,1.00
2017.12.04 23:31:37.657,8.419,8.42167,1.60,1.00
2017.12.04 23:31:37.974,8.419,8.42167,1.79,1.00
2017.12.04 23:31:38.402,8.419,8.42167,1.79,1.00
2017.12.04 23:31:46.837,8.419,8.42169,1.79,1.00
2017.12.04 23:31:49.225,8.419,8.42169,2.17,1.00
2017.12.04 23:31:49.704,8.419,8.42164,2.17,1.00
2017.12.04 23:31:50.021,8.419,8.42158,2.17,1.00
2017.12.04 23:31:52.348,8.41904,8.42169,2.44,1.00
2017.12.04 23:32:01.867,8.4191,8.4217,1.12,1.00
2017.12.04 23:32:28.057,8.419,8.4217,1.98,1.00
2017.12.04 23:32:31.929,8.419,8.42172,2.17,1.00
2017.12.04 23:32:32.922,8.419,8.42172,2.17,1.00
2017.12.04 23:32:37.665,8.4191,8.42205,1.12,1.00
2017.12.04 23:32:40.938,8.4191,8.42174,1.12,1.00
2017.12.04 23:32:52.467,8.419,8.42178,2.17,1.00
2017.12.04 23:32:58.064,8.419,8.42215,2.17,1.00
2017.12.04 23:33:01.989,8.419,8.42216,2.17,1.00
2017.12.04 23:33:17.019,8.419,8.42213,1.98,1.00
2017.12.04 23:33:23.882,8.419,8.42209,1.98,1.00
2017.12.04 23:33:24.034,8.41904,8.42201,2.25,1.00
2017.12.04 23:33:24.401,8.41904,8.42165,2.06,1.00
2017.12.04 23:33:25.123,8.419,8.42165,2.17,1.00
2017.12.04 23:33:27.336,8.419,8.42144,2.17,1.00
2017.12.04 23:33:27.387,8.41903,8.42149,2.06,1.00
2017.12.04 23:33:27.438,8.41903,8.42139,2.06,1.00
2017.12.04 23:33:27.540,8.41903,8.42144,2.06,1.00
2017.12.04 23:33:27.591,8.41903,8.42146,2.06,1.00
2017.12.04 23:33:31.336,8.41904,8.42137,2.44,1.00
2017.12.04 23:33:32.072,8.41903,8.42134,2.06,1.00
2017.12.04 23:33:34.557,8.41903,8.42115,2.06,1.00
2017.12.04 23:33:34.659,8.41903,8.4212,2.44,1.00
2017.12.04 23:33:35.416,8.41903,8.4212,2.06,1.00
2017.12.04 23:33:36.480,8.41903,8.42123,2.06,1.00
2017.12.04 23:33:37.229,8.41903,8.42124,2.06,1.00
2017.12.04 23:33:37.559,8.41903,8.42122,2.06,1.00
2017.12.04 23:33:38.167,8.41903,8.42124,2.06,1.00
2017.12.04 23:33:40.768,8.41903,8.4213,2.06,1.00
2017.12.04 23:33:40.819,8.41903,8.42137,2.25,1.00
2017.12.04 23:33:41.327,8.41903,8.42144,2.25,1.00
2017.12.04 23:33:41.453,8.41903,8.42157,2.25,1.00
2017.12.04 23:33:42.039,8.41906,8.42194,1.12,1.00
2017.12.04 23:33:43.435,8.41906,8.4216,1.12,1.00
2017.12.04 23:33:43.872,8.41906,8.42193,1.12,1.00
2017.12.04 23:33:43.924,8.41906,8.42158,1.12,1.00
2017.12.04 23:33:44.265,8.41906,8.42158,1.12,1.00
2017.12.04 23:33:44.367,8.41906,8.42158,1.12,1.00
2017.12.04 23:33:44.468,8.41906,8.42158,1.12,1.00
2017.12.04 23:33:44.864,8.41906,8.42158,1.12,1.00
2017.12.04 23:33:47.096,8.41906,8.42161,1.12,1.00
2017.12.04 23:33:51.820,8.419,8.42161,2.17,1.00
2017.12.04 23:33:51.871,8.419,8.42119,2.17,1.00
2017.12.04 23:34:01.271,8.41903,8.42116,2.06,1.00
2017.12.04 23:34:17.141,8.41903,8.42118,1.87,1.00
2017.12.04 23:34:23.593,8.41903,8.42114,1.87,1.00
2017.12.04 23:34:24.888,8.41903,8.42114,2.25,1.00
2017.12.04 23:34:24.990,8.41903,8.42118,1.87,1.00
2017.12.04 23:34:31.479,8.41903,8.42114,1.87,1.00
2017.12.04 23:34:32.167,8.41903,8.42116,1.87,1.00
2017.12.04 23:34:37.678,8.41903,8.42115,1.87,1.00
2017.12.04 23:34:57.854,8.41903,8.42121,1.87,1.00
2017.12.04 23:34:57.904,8.41903,8.42121,2.25,1.00
2017.12.04 23:34:58.173,8.41903,8.42129,2.62,1.00
2017.12.04 23:34:58.396,8.41903,8.42133,2.62,1.00
2017.12.04 23:34:58.573,8.41903,8.42141,2.62,1.00
2017.12.04 23:34:58.674,8.41911,8.42151,1.12,1.00
2017.12.04 23:35:00.089,8.41905,8.42151,2.25,1.00
2017.12.04 23:35:02.229,8.41903,8.42149,2.25,1.00
2017.12.04 23:35:02.756,8.41903,8.42134,2.06,1.00
2017.12.04 23:35:03.072,8.41904,8.42129,2.44,1.00
2017.12.04 23:35:03.621,8.41904,8.4212,2.44,1.00
2017.12.04 23:35:07.089,8.41904,8.42115,1.87,1.00
2017.12.04 23:35:07.140,8.41904,8.42125,1.87,1.00
2017.12.04 23:35:07.535,8.41904,8.42132,2.44,1.00
2017.12.04 23:35:07.841,8.41903,8.42122,2.44,1.00
2017.12.04 23:35:17.259,8.41903,8.42119,2.44,1.00
2017.12.04 23:35:28.060,8.41904,8.42115,3.00,1.00
2017.12.04 23:35:29.988,8.41913,8.42134,1.56,1.00
2017.12.04 23:35:30.039,8.41913,8.42134,1.94,1.00
2017.12.04 23:35:30.140,8.41913,8.42155,1.94,1.00
2017.12.04 23:35:30.254,8.41903,8.42155,1.94,1.00
2017.12.04 23:35:36.070,8.41903,8.42155,1.94,1.00
2017.12.04 23:35:37.798,8.41903,8.42157,1.94,1.00
2017.12.04 23:35:43.340,8.41953,8.42161,1.00,1.00
2017.12.04 23:35:44.754,8.41953,8.42166,1.00,1.00
2017.12.04 23:35:47.319,8.41953,8.42164,1.00,1.00
2017.12.04 23:35:48.051,8.41904,8.42187,1.94,1.00
2017.12.04 23:35:48.153,8.41903,8.42172,1.94,1.00
2017.12.04 23:35:48.471,8.41903,8.42172,1.94,1.00
2017.12.04 23:35:48.976,8.41953,8.42172,1.00,1.00
2017.12.04 23:35:49.077,8.41903,8.42172,1.94,1.00
2017.12.04 23:35:49.128,8.41903,8.42177,1.94,1.00
2017.12.04 23:35:49.179,8.41904,8.42177,1.94,1.00
2017.12.04 23:35:49.382,8.41904,8.42177,1.94,1.00
2017.12.04 23:35:58.210,8.419,8.42177,2.61,1.00
2017.12.04 23:36:01.279,8.41913,8.42173,1.12,1.00
2017.12.04 23:36:01.335,8.41904,8.42173,2.25,1.00
2017.12.04 23:36:01.386,8.41904,8.42178,2.06,1.00
2017.12.04 23:36:01.542,8.41911,8.42226,1.94,1.00
2017.12.04 23:36:01.645,8.41915,8.42232,1.75,1.00
2017.12.04 23:36:01.950,8.41923,8.4219,1.75,1.00
2017.12.04 23:36:02.248,8.41923,8.42228,1.75,1.00
2017.12.04 23:36:02.299,8.41923,8.42228,1.75,1.00
2017.12.04 23:36:02.603,8.41925,8.42194,1.75,1.00
2017.12.04 23:36:02.873,8.41925,8.42199,1.75,1.00
2017.12.04 23:36:03.036,8.41925,8.42199,1.75,1.00
2017.12.04 23:36:03.375,8.41925,8.42199,1.75,1.00
2017.12.04 23:36:03.637,8.41925,8.42199,1.75,1.00
2017.12.04 23:36:04.038,8.41925,8.42199,1.75,1.00
2017.12.04 23:36:07.910,8.41925,8.42201,1.75,1.00
2017.12.04 23:36:14.990,8.41925,8.42182,1.75,1.00
2017.12.04 23:36:15.041,8.41925,8.42182,1.75,1.00
2017.12.04 23:36:15.244,8.41925,8.42182,1.75,1.00
2017.12.04 23:36:15.345,8.41925,8.42182,1.75,1.00
2017.12.04 23:36:16.124,8.41925,8.42182,1.75,1.00
2017.12.04 23:36:16.650,8.41925,8.42182,1.75,1.00
2017.12.04 23:36:17.395,8.41922,8.42179,1.75,1.00
2017.12.04 23:36:17.446,8.41925,8.42181,1.75,1.00
2017.12.04 23:36:18.028,8.41929,8.42186,1.75,1.00
2017.12.04 23:36:19.256,8.41929,8.42186,1.75,1.00
2017.12.04 23:36:19.566,8.41929,8.42186,1.75,1.00
2017.12.04 23:36:26.605,8.41929,8.42186,1.75,1.00
2017.12.04 23:36:32.409,8.41926,8.42183,1.75,1.00
2017.12.04 23:36:32.960,8.41932,8.42189,1.75,1.00
2017.12.04 23:36:33.524,8.41932,8.42189,1.75,1.00
2017.12.04 23:36:33.742,8.41932,8.42189,1.75,1.00
2017.12.04 23:36:35.733,8.41932,8.42189,1.75,1.00
2017.12.04 23:36:37.968,8.41932,8.42193,1.75,1.00
2017.12.04 23:36:38.224,8.41932,8.42186,1.75,1.00
2017.12.04 23:36:38.674,8.41932,8.42186,1.75,1.00
2017.12.04 23:36:39.011,8.41932,8.42186,1.75,1.00
2017.12.04 23:36:39.154,8.41932,8.42186,1.75,1.00
2017.12.04 23:36:41.270,8.41932,8.42186,1.75,1.00
2017.12.04 23:36:41.617,8.41932,8.42186,1.75,1.00
2017.12.04 23:36:43.371,8.41932,8.42207,1.75,1.00
2017.12.04 23:36:47.490,8.41928,8.42204,1.75,1.00
2017.12.04 23:36:47.904,8.41928,8.42204,1.75,1.00
2017.12.04 23:36:48.006,8.41928,8.42204,1.75,1.00
2017.12.04 23:36:48.057,8.41933,8.42209,1.75,1.00
2017.12.04 23:36:48.209,8.41933,8.42209,1.75,1.00
2017.12.04 23:36:49.053,8.41933,8.42209,1.75,1.00
2017.12.04 23:36:50.230,8.41933,8.42209,1.75,1.00
2017.12.04 23:36:50.994,8.41933,8.42211,1.75,1.00
2017.12.04 23:36:52.957,8.41933,8.42211,1.75,1.00
2017.12.04 23:36:53.008,8.41929,8.42207,1.75,1.00
2017.12.04 23:36:53.357,8.41929,8.42189,1.75,1.00
2017.12.04 23:36:53.861,8.41929,8.42189,1.75,1.00
2017.12.04 23:37:00.556,8.41934,8.42193,1.75,1.00
2017.12.04 23:37:02.521,8.41932,8.42192,1.75,1.00
2017.12.04 23:37:02.954,8.4194,8.422,1.75,1.00
2017.12.04 23:37:03.523,8.4194,8.42199,1.75,1.00
2017.12.04 23:37:03.574,8.4194,8.42227,1.75,1.00
2017.12.04 23:37:03.625,8.41944,8.42209,1.37,1.00
2017.12.04 23:37:04.273,8.41944,8.42209,1.75,1.00
2017.12.04 23:37:04.594,8.4194,8.42205,1.37,1.00
2017.12.04 23:37:04.939,8.4194,8.42205,1.75,1.00
2017.12.04 23:37:07.970,8.41933,8.42198,1.75,1.00
2017.12.04 23:37:08.022,8.41928,8.42206,1.75,1.00
2017.12.04 23:37:08.073,8.41928,8.42206,1.75,1.00
2017.12.04 23:37:08.211,8.41928,8.42232,1.75,1.00
2017.12.04 23:37:08.263,8.41928,8.42184,1.37,1.00
2017.12.04 23:37:08.674,8.41928,8.42188,1.75,1.00
2017.12.04 23:37:09.359,8.41928,8.42206,1.75,1.00
2017.12.04 23:37:18.014,8.41938,8.42215,1.75,1.00
2017.12.04 23:37:18.174,8.41938,8.42205,1.75,1.00
2017.12.04 23:37:19.109,8.41938,8.42205,1.75,1.00
2017.12.04 23:37:19.533,8.41938,8.42205,1.75,1.00
2017.12.04 23:37:22.900,8.41934,8.42201,1.75,1.00
2017.12.04 23:37:23.062,8.41934,8.42215,1.75,1.00
2017.12.04 23:37:23.113,8.41934,8.42209,1.75,1.00
2017.12.04 23:37:23.418,8.41934,8.42189,1.50,1.00
2017.12.04 23:37:23.625,8.41934,8.42196,1.37,1.00
2017.12.04 23:37:23.676,8.41934,8.422,1.37,1.00
2017.12.04 23:37:23.727,8.41934,8.42237,1.37,1.00
2017.12.04 23:37:23.968,8.41934,8.42247,1.75,1.00
2017.12.04 23:37:30.828,8.41928,8.42237,1.75,1.00
2017.12.04 23:37:31.137,8.41922,8.42243,1.75,1.00
2017.12.04 23:37:31.374,8.41922,8.42243,1.75,1.00
2017.12.04 23:37:31.486,8.41922,8.42199,1.75,1.00
2017.12.04 23:37:32.935,8.41931,8.42202,1.75,1.00
2017.12.04 23:37:32.986,8.41931,8.42237,1.37,1.00
2017.12.04 23:37:33.087,8.41931,8.42237,1.75,1.00
2017.12.04 23:37:33.403,8.41931,8.42204,1.75,1.00
2017.12.04 23:37:34.067,8.41938,8.42211,1.37,1.00
2017.12.04 23:37:34.260,8.41938,8.42211,1.37,1.00
2017.12.04 23:37:34.412,8.41938,8.42182,1.37,1.00
2017.12.04 23:37:35.175,8.41938,8.42182,1.37,1.00
2017.12.04 23:37:38.039,8.41938,8.42194,1.37,1.00
2017.12.04 23:37:47.559,8.41937,8.42193,1.37,1.00
2017.12.04 23:37:47.660,8.41915,8.42171,1.37,1.00
2017.12.04 23:37:47.711,8.4192,8.42185,1.37,1.00
2017.12.04 23:37:47.813,8.41908,8.42173,1.94,1.00
2017.12.04 23:37:47.864,8.41909,8.42178,1.94,1.00
2017.12.04 23:37:48.575,8.4191,8.42204,1.56,1.00
2017.12.04 23:37:48.626,8.4191,8.42176,1.56,1.00
2017.12.04 23:37:48.677,8.4191,8.42207,1.56,1.00
2017.12.04 23:37:49.926,8.41948,8.42192,1.37,1.00
2017.12.04 23:37:53.073,8.41916,8.42185,1.37,1.00
2017.12.04 23:37:58.959,8.41949,8.42177,1.37,1.00
2017.12.04 23:37:59.319,8.41944,8.42172,1.37,1.00
2017.12.04 23:38:00.655,8.41934,8.42164,1.37,1.00
2017.12.04 23:38:00.865,8.41943,8.42173,1.37,1.00
2017.12.04 23:38:08.131,8.41943,8.4217,1.37,1.00
2017.12.04 23:38:17.678,8.41942,8.42168,1.37,1.00
2017.12.04 23:38:19.391,8.41942,8.42176,1.37,1.00
2017.12.04 23:38:22.434,8.41942,8.4217,1.37,1.00
2017.12.04 23:38:48.054,8.41943,8.42176,1.37,1.00
2017.12.04 23:38:48.659,8.41942,8.42165,1.37,1.00
2017.12.04 23:39:04.456,8.41945,8.42169,1.37,1.00
2017.12.04 23:39:05.987,8.41952,8.42175,1.00,1.00
2017.12.04 23:39:06.038,8.41965,8.42186,1.00,1.00
2017.12.04 23:39:06.370,8.41975,8.42173,1.00,1.00
2017.12.04 23:39:07.562,8.41972,8.4217,1.00,1.00
2017.12.04 23:39:08.219,8.41972,8.42173,1.00,1.00
2017.12.04 23:39:11.282,8.41968,8.42169,1.00,1.00
2017.12.04 23:39:17.788,8.41967,8.42168,1.00,1.00
2017.12.04 23:39:18.170,8.41972,8.42173,1.00,1.00
2017.12.04 23:39:23.405,8.41968,8.42169,1.00,1.00
2017.12.04 23:39:23.766,8.41945,8.42146,1.37,1.00
2017.12.04 23:39:25.475,8.41972,8.42174,1.00,1.00
2017.12.04 23:39:25.763,8.41936,8.42182,1.75,1.00
2017.12.04 23:39:25.865,8.4194,8.42186,1.75,1.00
2017.12.04 23:39:25.916,8.4194,8.42186,1.37,1.00
2017.12.04 23:39:26.162,8.41952,8.42198,1.00,1.00
2017.12.04 23:39:26.213,8.4196,8.42205,1.00,1.00
2017.12.04 23:39:32.769,8.41962,8.42205,1.00,1.00
2017.12.04 23:39:38.279,8.41961,8.42191,1.00,1.00
2017.12.04 23:39:47.849,8.41962,8.42193,1.00,1.00
2017.12.04 23:39:47.960,8.41966,8.42197,1.00,1.00
2017.12.04 23:39:50.447,8.41971,8.42201,1.00,1.00
2017.12.04 23:39:53.124,8.41961,8.42189,1.00,1.00
2017.12.04 23:39:53.226,8.4195,8.42213,1.37,1.00
2017.12.04 23:39:53.823,8.41955,8.42186,1.37,1.00
2017.12.04 23:39:54.075,8.41967,8.42198,1.00,1.00
2017.12.04 23:39:55.373,8.41961,8.42192,1.00,1.00
2017.12.04 23:40:02.828,8.41958,8.42189,1.37,1.00
2017.12.04 23:40:02.930,8.41965,8.42195,1.00,1.00
2017.12.04 23:40:04.826,8.4196,8.42191,1.12,1.00
2017.12.04 23:40:08.340,8.41967,8.42197,1.00,1.00
2017.12.04 23:40:17.893,8.41964,8.42194,1.00,1.00
2017.12.04 23:40:17.944,8.41968,8.42199,1.00,1.00
2017.12.04 23:40:27.642,8.41964,8.42195,1.00,1.00
2017.12.04 23:40:32.888,8.41964,8.42194,1.00,1.00
2017.12.04 23:40:33.662,8.41969,8.42199,1.00,1.00
2017.12.04 23:40:36.914,8.41965,8.42196,1.00,1.00
2017.12.04 23:40:37.992,8.4196,8.42191,1.12,1.00
2017.12.04 23:40:39.509,8.41961,8.42192,1.00,1.00
2017.12.04 23:40:44.425,8.41957,8.42188,1.37,1.00
2017.12.04 23:40:53.124,8.41964,8.42193,1.00,1.00
2017.12.04 23:40:53.429,8.41958,8.42188,1.37,1.00
2017.12.04 23:40:55.554,8.41951,8.42182,1.37,1.00
2017.12.04 23:40:59.908,8.41956,8.42186,1.37,1.00
2017.12.04 23:40:59.960,8.41961,8.42192,1.00,1.00
2017.12.04 23:41:00.011,8.41956,8.42186,1.37,1.00
2017.12.04 23:41:00.062,8.4196,8.4219,1.12,1.00
2017.12.04 23:41:00.567,8.41961,8.42192,1.00,1.00
2017.12.04 23:41:01.935,8.41972,8.42204,1.00,1.00
2017.12.04 23:41:02.909,8.41976,8.42208,1.00,1.00
2017.12.04 23:41:03.371,8.41968,8.42199,1.00,1.00
2017.12.04 23:41:07.912,8.41964,8.42194,1.00,1.00
2017.12.04 23:41:08.458,8.41963,8.42194,1.00,1.00
2017.12.04 23:41:17.979,8.41961,8.42192,1.00,1.00
2017.12.04 23:41:23.489,8.41966,8.42197,1.00,1.00
2017.12.04 23:41:28.907,8.41974,8.42205,1.00,1.00
2017.12.04 23:41:29.187,8.41961,8.422,1.00,1.00
2017.12.04 23:41:29.238,8.41958,8.42186,1.37,1.00
2017.12.04 23:41:33.008,8.41954,8.42185,1.37,1.00
2017.12.04 23:41:38.518,8.41961,8.42191,1.00,1.00
2017.12.04 23:41:48.046,8.41961,8.42193,1.00,1.00
2017.12.04 23:41:53.592,8.4196,8.422,1.12,1.00
2017.12.04 23:41:59.530,8.41956,8.42187,1.37,1.00
2017.12.04 23:42:03.068,8.41954,8.42185,1.37,1.00
2017.12.04 23:42:08.578,8.41954,8.42184,1.37,1.00
2017.12.04 23:42:14.418,8.41962,8.4219,1.00,1.00
2017.12.04 23:42:15.295,8.41967,8.42197,1.00,1.00
2017.12.04 23:42:23.609,8.41965,8.42196,1.00,1.00
2017.12.04 23:42:24.076,8.41971,8.42202,1.00,1.00
2017.12.04 23:42:24.332,8.41962,8.42212,1.00,1.00
2017.12.04 23:42:24.384,8.41941,8.42214,1.37,1.00
2017.12.04 23:42:24.637,8.41962,8.42212,1.37,1.00
2017.12.04 23:42:24.738,8.41962,8.42212,1.00,1.00
2017.12.04 23:42:27.374,8.41987,8.42235,1.00,1.00
2017.12.04 23:42:27.425,8.41965,8.42238,1.00,1.00
2017.12.04 23:42:27.476,8.4196,8.42233,1.00,1.00
2017.12.04 23:42:27.527,8.41994,8.42297,1.00,1.00
2017.12.04 23:42:27.578,8.41964,8.42287,1.00,1.12
2017.12.04 23:42:27.692,8.41922,8.42256,1.37,1.00
2017.12.04 23:42:28.019,8.41917,8.42251,1.37,1.00
2017.12.04 23:42:28.343,8.4194,8.42249,1.37,1.00
2017.12.04 23:42:28.898,8.4194,8.42249,1.37,1.00
2017.12.04 23:42:38.689,8.41954,8.42248,1.37,1.00
2017.12.04 23:42:48.208,8.41953,8.42247,1.37,1.00
2017.12.04 23:42:48.904,8.41937,8.42256,1.37,1.00
2017.12.04 23:42:50.697,8.41942,8.4226,1.37,1.00
2017.12.04 23:42:51.094,8.41943,8.42262,1.37,1.00
2017.12.04 23:42:53.715,8.41949,8.42261,1.37,1.00
2017.12.04 23:43:00.650,8.41951,8.42263,1.37,1.00
2017.12.04 23:43:11.071,8.41958,8.42267,1.00,1.00
2017.12.04 23:43:13.133,8.41953,8.42262,1.37,1.00
2017.12.04 23:43:13.215,8.41958,8.42267,1.00,1.00
2017.12.04 23:43:13.266,8.41945,8.42275,1.37,1.00
2017.12.04 23:43:13.621,8.4196,8.42275,1.00,1.00
2017.12.04 23:43:14.011,8.4194,8.42247,1.37,1.00
2017.12.04 23:43:14.163,8.4194,8.42273,1.37,1.00
2017.12.04 23:43:14.611,8.42012,8.42273,1.00,1.00
2017.12.04 23:43:18.218,8.42013,8.42273,1.00,1.00
2017.12.04 23:43:18.465,8.41995,8.42273,1.00,1.00
2017.12.04 23:43:18.516,8.42,8.42273,1.00,1.00
2017.12.04 23:43:18.935,8.41995,8.42273,1.00,1.00
2017.12.04 23:43:20.127,8.42002,8.42273,1.00,1.00
2017.12.04 23:43:23.728,8.42003,8.42273,1.00,1.00
2017.12.04 23:43:46.501,8.42003,8.42287,1.00,1.00
2017.12.04 23:43:54.265,8.41999,8.42287,1.00,1.00
2017.12.04 23:44:03.309,8.42,8.42287,1.00,1.00
2017.12.04 23:44:06.504,8.42,8.42277,1.00,1.00
2017.12.04 23:44:08.553,8.42013,8.42277,1.00,1.00
2017.12.04 23:44:08.843,8.42006,8.42277,1.00,1.00
2017.12.04 23:44:08.894,8.41967,8.42267,1.00,1.12
2017.12.04 23:44:08.945,8.41972,8.42267,1.00,1.12
2017.12.04 23:44:08.997,8.41975,8.42277,1.00,1.00
2017.12.04 23:44:11.476,8.41978,8.42277,1.00,1.00
2017.12.04 23:44:18.338,8.4198,8.42277,1.00,1.00
2017.12.04 23:44:23.848,8.41989,8.42277,1.00,1.00
2017.12.04 23:44:26.501,8.41989,8.42267,1.00,1.00
2017.12.04 23:44:31.369,8.41994,8.42267,1.00,1.00
2017.12.04 23:44:34.062,8.4199,8.42267,1.00,1.00
2017.12.04 23:44:34.113,8.42003,8.42267,1.00,1.00
2017.12.04 23:44:34.354,8.41975,8.42267,1.00,1.00
2017.12.04 23:44:34.405,8.41993,8.42267,1.00,1.00
2017.12.04 23:44:35.738,8.41988,8.42267,1.00,1.00
2017.12.04 23:44:38.880,8.41999,8.42267,1.00,1.00
2017.12.04 23:44:42.737,8.42006,8.42267,1.00,1.00
2017.12.04 23:44:42.792,8.42025,8.42287,1.00,1.00
2017.12.04 23:44:42.843,8.42004,8.42287,1.00,1.00
2017.12.04 23:44:42.893,8.42008,8.42287,1.00,1.00
2017.12.04 23:44:48.398,8.42007,8.42287,1.00,1.00
2017.12.04 23:44:49.930,8.42012,8.42287,1.00,1.00
2017.12.04 23:44:49.981,8.42008,8.42287,1.00,1.00
2017.12.04 23:44:50.032,8.41992,8.42277,1.00,1.00
2017.12.04 23:44:50.133,8.41971,8.42287,1.00,1.37
2017.12.04 23:44:50.184,8.41971,8.42287,1.00,1.00
2017.12.04 23:44:50.776,8.41972,8.42287,1.00,1.00
2017.12.04 23:44:52.387,8.41984,8.42287,1.00,1.00
2017.12.04 23:44:52.935,8.41983,8.42287,1.00,1.00
2017.12.04 23:44:53.908,8.41992,8.42287,1.00,1.00
2017.12.04 23:44:57.123,8.4198,8.42287,1.00,1.00
2017.12.04 23:44:57.224,8.41986,8.42287,1.00,1.00
2017.12.04 23:44:57.275,8.41977,8.42287,1.00,1.00
2017.12.04 23:44:57.427,8.41977,8.42275,1.00,1.00
2017.12.04 23:44:59.854,8.41973,8.42257,1.00,1.00
2017.12.04 23:45:00.511,8.41972,8.42257,1.00,1.00
2017.12.04 23:45:00.857,8.41966,8.42257,1.00,1.00
2017.12.04 23:45:01.366,8.41962,8.42257,1.00,1.00
2017.12.04 23:45:03.483,8.4196,8.42257,1.00,1.00
2017.12.04 23:45:18.457,8.41961,8.42257,1.00,1.00
2017.12.04 23:45:37.510,8.41975,8.42246,1.00,1.00
2017.12.04 23:45:37.612,8.41969,8.42246,1.00,1.00
2017.12.04 23:45:37.725,8.41956,8.42246,1.12,1.00
2017.12.04 23:45:38.602,8.41953,8.42257,1.37,1.00
2017.12.04 23:45:40.298,8.41936,8.42247,1.37,1.00
2017.12.04 23:45:46.490,8.41904,8.42227,2.06,1.00
2017.12.04 23:45:46.542,8.41903,8.42227,1.87,1.00
2017.12.04 23:45:46.594,8.41903,8.42216,1.87,1.00
2017.12.04 23:45:46.825,8.41904,8.42227,1.87,1.00
2017.12.04 23:45:47.457,8.41904,8.42227,1.87,1.00
2017.12.04 23:45:47.508,8.41904,8.42237,2.06,1.00
2017.12.04 23:46:02.476,8.41919,8.42256,1.37,1.00
2017.12.04 23:46:02.527,8.41919,8.42256,1.37,1.37
2017.12.04 23:46:02.729,8.41925,8.42267,1.37,1.00
2017.12.04 23:46:02.831,8.41925,8.42257,1.37,1.00
2017.12.04 23:46:03.946,8.41923,8.42257,1.37,1.00
2017.12.04 23:46:04.615,8.41923,8.42271,1.37,1.00
2017.12.04 23:46:13.875,8.41963,8.42271,1.00,1.00
2017.12.04 23:46:18.577,8.41965,8.42271,1.00,1.00
2017.12.04 23:46:23.333,8.41969,8.42271,1.00,1.00
2017.12.04 23:46:23.659,8.41977,8.42272,1.00,1.00
2017.12.04 23:46:24.111,8.41985,8.42272,1.00,1.00
2017.12.04 23:46:24.604,8.41989,8.42272,1.00,1.00
2017.12.04 23:46:25.267,8.4199,8.42272,1.00,1.00
2017.12.04 23:46:25.369,8.41984,8.42272,1.00,1.00
2017.12.04 23:46:48.688,8.41987,8.42272,1.00,1.00
2017.12.04 23:47:03.761,8.41986,8.42272,1.00,1.00
2017.12.04 23:47:06.504,8.41986,8.42257,1.00,1.00
2017.12.04 23:47:06.993,8.41971,8.42257,1.00,1.00
2017.12.04 23:47:07.094,8.41967,8.42257,1.00,1.00
2017.12.04 23:47:18.177,8.41969,8.42257,1.00,1.00
2017.12.04 23:47:46.924,8.41966,8.42257,1.00,1.00
2017.12.04 23:47:52.643,8.41961,8.42257,1.00,1.00
2017.12.04 23:48:03.788,8.41963,8.42257,1.00,1.00
2017.12.04 23:48:06.500,8.41963,8.42247,1.00,1.00
2017.12.04 23:48:09.908,8.41963,8.42237,1.00,1.00
2017.12.04 23:48:16.471,8.41959,8.42237,1.00,1.00
2017.12.04 23:48:25.791,8.41959,8.42257,1.00,1.50
2017.12.04 23:48:33.862,8.41961,8.42257,1.00,1.00
2017.12.04 23:48:33.913,8.41959,8.42257,1.00,1.50
2017.12.04 23:48:46.665,8.41946,8.42244,1.37,1.00
2017.12.04 23:48:46.969,8.41911,8.42206,1.37,1.00
2017.12.04 23:48:53.813,8.41903,8.4218,2.06,1.00
2017.12.04 23:48:54.124,8.419,8.42171,2.17,1.00
2017.12.04 23:48:54.492,8.41903,8.42167,2.44,1.00
2017.12.04 23:49:00.452,8.41903,8.42164,2.44,1.00
2017.12.04 23:49:01.003,8.41903,8.42161,2.06,1.00
2017.12.04 23:49:03.907,8.41904,8.42158,2.44,1.00
2017.12.04 23:49:08.115,8.41904,8.42178,2.25,1.00
2017.12.04 23:49:13.828,8.41903,8.4216,2.44,1.00
2017.12.04 23:49:18.987,8.419,8.42158,2.17,1.00
2017.12.04 23:49:19.372,8.419,8.42152,2.17,1.00
2017.12.04 23:49:24.497,8.419,8.42156,2.17,1.00
2017.12.04 23:49:25.109,8.41903,8.42153,2.44,1.00
2017.12.04 23:49:26.080,8.41903,8.42148,2.44,1.00
2017.12.04 23:49:26.772,8.41912,8.42148,1.12,1.00
2017.12.04 23:49:28.737,8.41904,8.42142,2.25,1.00
2017.12.04 23:49:29.168,8.41904,8.42131,1.87,1.00
2017.12.04 23:49:33.975,8.41904,8.4213,1.87,1.00
2017.12.04 23:49:39.478,8.41904,8.42145,1.87,1.00
2017.12.04 23:49:42.202,8.41904,8.42148,1.87,1.00
2017.12.04 23:49:48.998,8.41903,8.42146,2.06,1.00
2017.12.04 23:49:49.099,8.41903,8.42148,2.06,1.00
2017.12.04 23:49:54.507,8.41903,8.42146,2.06,1.00
2017.12.04 23:49:54.940,8.41903,8.42148,2.06,1.00
2017.12.04 23:50:03.621,8.41903,8.42145,2.44,1.00
2017.12.04 23:50:04.085,8.41903,8.42147,2.25,1.00
2017.12.04 23:50:09.571,8.41903,8.42135,2.44,1.00
2017.12.04 23:50:19.056,8.41903,8.42133,2.44,1.00
2017.12.04 23:50:19.369,8.41903,8.42136,2.44,1.00
2017.12.04 23:50:24.580,8.41903,8.42135,2.25,1.00
2017.12.04 23:50:25.420,8.41903,8.42132,2.25,1.00
2017.12.04 23:50:29.469,8.41903,8.42135,2.25,1.00
2017.12.04 23:50:34.086,8.41903,8.42132,2.25,1.00
2017.12.04 23:50:34.187,8.41903,8.42135,2.25,1.00
2017.12.04 23:50:37.251,8.41903,8.4213,2.25,1.00
2017.12.04 23:50:39.596,8.41903,8.42138,2.25,1.00
2017.12.04 23:50:44.003,8.41903,8.4215,2.25,1.00
2017.12.04 23:50:46.437,8.41903,8.42146,2.25,1.00
2017.12.04 23:50:48.937,8.41903,8.42153,2.25,1.00
2017.12.04 23:50:49.089,8.419,8.42165,1.98,1.00
2017.12.04 23:50:49.141,8.419,8.4217,1.98,1.00
2017.12.04 23:50:49.242,8.419,8.42174,1.98,1.00
2017.12.04 23:50:52.380,8.419,8.42169,1.98,1.00
2017.12.04 23:50:54.625,8.419,8.4217,1.98,1.00
2017.12.04 23:51:00.210,8.419,8.42166,1.98,1.00
2017.12.04 23:51:01.405,8.419,8.4216,1.98,1.00
2017.12.04 23:51:03.241,8.419,8.42165,1.98,1.00
2017.12.04 23:51:04.145,8.419,8.42166,1.98,1.00
2017.12.04 23:51:04.247,8.419,8.42164,1.98,1.00
2017.12.04 23:51:09.656,8.419,8.42155,2.17,1.00
2017.12.04 23:51:19.178,8.419,8.42158,2.17,1.00
2017.12.04 23:51:24.686,8.419,8.42166,2.17,1.00
2017.12.04 23:51:39.768,8.419,8.42173,2.17,1.00
2017.12.04 23:51:41.205,8.419,8.42168,2.17,1.00
2017.12.04 23:51:42.224,8.41914,8.42163,1.12,1.00
2017.12.04 23:51:49.236,8.419,8.42161,1.98,1.00
2017.12.04 23:51:52.770,8.419,8.42156,1.98,1.00
2017.12.04 23:51:53.087,8.419,8.42146,1.98,1.00
2017.12.04 23:51:54.036,8.419,8.42146,2.17,1.00
2017.12.04 23:51:54.328,8.419,8.42146,2.17,1.00
2017.12.04 23:51:54.746,8.419,8.42134,2.17,1.00
2017.12.04 23:51:55.433,8.41913,8.42132,1.37,1.00
2017.12.04 23:52:08.984,8.41903,8.42136,2.44,1.00
2017.12.04 23:52:09.776,8.41903,8.42146,2.44,1.00
2017.12.04 23:52:13.472,8.41903,8.42152,2.44,1.00
2017.12.04 23:52:19.296,8.41903,8.42149,2.44,1.00
2017.12.04 23:52:28.322,8.41903,8.42145,2.25,1.00
2017.12.04 23:52:34.328,8.41903,8.42146,2.25,1.00
2017.12.04 23:52:49.362,8.41903,8.42148,2.25,1.00
2017.12.04 23:52:54.866,8.41903,8.42136,2.25,1.00
2017.12.04 23:52:56.789,8.41903,8.4214,2.25,1.00
2017.12.04 23:52:58.159,8.41903,8.42136,2.25,1.00
2017.12.04 23:52:59.139,8.41903,8.4214,2.25,1.00
2017.12.04 23:52:59.268,8.41903,8.42144,2.25,1.00
2017.12.04 23:52:59.319,8.419,8.42155,1.98,1.00
2017.12.04 23:52:59.487,8.419,8.42162,1.98,1.00
2017.12.04 23:53:02.429,8.419,8.42166,1.98,1.00
2017.12.04 23:53:05.645,8.419,8.42166,2.17,1.00
2017.12.04 23:53:09.899,8.419,8.42184,2.17,1.00
2017.12.04 23:53:15.828,8.419,8.4219,2.17,1.00
2017.12.04 23:53:15.879,8.419,8.42194,2.17,1.00
2017.12.04 23:53:16.013,8.419,8.42206,2.17,1.00
2017.12.04 23:53:16.165,8.41913,8.42237,1.12,1.00
2017.12.04 23:53:16.344,8.41913,8.42201,1.12,1.00
2017.12.04 23:53:16.748,8.41913,8.42201,1.12,1.00
2017.12.04 23:53:16.799,8.41913,8.42206,1.12,1.00
2017.12.04 23:53:19.416,8.41913,8.42203,1.12,1.00
2017.12.04 23:53:19.517,8.41913,8.42206,1.12,1.00
2017.12.04 23:53:24.926,8.41913,8.42196,1.12,1.00
2017.12.04 23:53:26.549,8.419,8.42196,2.17,1.00
2017.12.04 23:53:29.868,8.419,8.422,1.86,1.00
2017.12.04 23:53:29.919,8.41903,8.422,1.87,1.00
2017.12.04 23:53:30.122,8.419,8.4218,1.86,1.00
2017.12.04 23:53:30.173,8.419,8.42213,1.86,1.00
2017.12.04 23:53:30.224,8.419,8.42213,2.17,1.00
2017.12.04 23:53:30.326,8.41902,8.42219,1.94,1.00
2017.12.04 23:53:30.477,8.41903,8.42183,1.94,1.00
2017.12.04 23:53:30.889,8.41902,8.42218,1.94,1.00
2017.12.04 23:53:31.069,8.41902,8.42184,1.94,1.00
2017.12.04 23:53:34.446,8.41901,8.4218,1.94,1.00
2017.12.04 23:53:39.956,8.41913,8.42189,1.12,1.00
2017.12.04 23:53:48.045,8.41909,8.42198,1.94,1.00
2017.12.04 23:53:49.476,8.41911,8.42202,1.94,1.00
2017.12.04 23:53:50.549,8.41907,8.42198,1.37,1.00
2017.12.04 23:53:50.600,8.41946,8.42219,1.00,1.00
2017.12.04 23:53:50.702,8.41959,8.42233,1.00,1.00
2017.12.04 23:53:50.753,8.41995,8.42251,1.00,1.00
2017.12.04 23:53:50.854,8.41974,8.42257,1.00,1.37
2017.12.04 23:53:50.956,8.4199,8.42267,1.00,1.00
2017.12.04 23:53:52.784,8.42004,8.42267,1.00,1.00
2017.12.04 23:53:54.986,8.42004,8.42264,1.00,1.00
2017.12.04 23:53:55.654,8.42003,8.42264,1.00,1.00
2017.12.04 23:54:04.506,8.42005,8.42265,1.00,1.00
2017.12.04 23:54:05.900,8.41932,8.42267,1.75,1.50
2017.12.04 23:54:06.053,8.42005,8.42245,1.00,1.00
2017.12.04 23:54:07.818,8.41927,8.42244,1.75,1.00
2017.12.04 23:54:07.970,8.41995,8.42238,1.00,1.00
2017.12.04 23:54:10.017,8.41995,8.42233,1.00,1.00
2017.12.04 23:54:16.694,8.41995,8.42198,1.00,1.00
2017.12.04 23:54:19.537,8.41995,8.42197,1.00,1.00
2017.12.04 23:54:20.529,8.41998,8.42201,1.00,1.00
2017.12.04 23:54:20.580,8.42002,8.42205,1.00,1.00
2017.12.04 23:54:28.614,8.41928,8.42205,1.75,1.00
2017.12.04 23:54:28.704,8.42001,8.42201,1.00,1.00
2017.12.04 23:54:34.571,8.42002,8.42205,1.00,1.00
2017.12.04 23:54:40.076,8.41998,8.42205,1.00,1.00
2017.12.04 23:54:41.795,8.41997,8.42205,1.00,1.00
2017.12.04 23:54:49.595,8.41997,8.42204,1.00,1.00
2017.12.04 23:54:53.967,8.41986,8.42194,1.00,1.00
2017.12.04 23:54:55.198,8.41984,8.42194,1.00,1.00
2017.12.04 23:55:04.625,8.41982,8.42192,1.00,1.00
2017.12.04 23:55:07.756,8.4191,8.42195,1.56,1.00
2017.12.04 23:55:07.807,8.41903,8.42156,2.44,1.00
2017.12.04 23:55:07.858,8.41904,8.42163,1.87,1.00
2017.12.04 23:55:07.909,8.41948,8.42157,1.12,1.00
2017.12.04 23:55:08.266,8.41932,8.42143,1.37,1.00
2017.12.04 23:55:09.071,8.41927,8.42137,1.37,1.00
2017.12.04 23:55:09.947,8.41923,8.42134,1.37,1.00
2017.12.04 23:55:10.620,8.4193,8.42141,1.37,1.00
2017.12.04 23:55:10.671,8.41933,8.42146,1.37,1.00
2017.12.04 23:55:14.087,8.41924,8.42138,1.37,1.00
2017.12.04 23:55:19.656,8.41926,8.42139,1.37,1.00
2017.12.04 23:55:20.560,8.41918,8.42132,1.37,1.00
2017.12.04 23:55:26.499,8.41918,8.42132,1.37,1.00
2017.12.04 23:55:31.052,8.41924,8.42135,1.37,1.00
2017.12.04 23:55:33.379,8.41926,8.42139,1.37,1.00
2017.12.04 23:55:34.914,8.41921,8.42134,1.37,1.00
2017.12.04 23:55:35.910,8.41921,8.42134,1.37,1.00
2017.12.04 23:55:36.012,8.41921,8.42134,1.37,1.00
2017.12.04 23:55:46.497,8.41919,8.42134,1.37,1.00
2017.12.04 23:55:49.716,8.41915,8.42132,1.37,1.00
2017.12.04 23:55:52.150,8.41916,8.42133,1.37,1.00
2017.12.04 23:55:52.563,8.41916,8.42142,1.37,1.00
2017.12.04 23:55:52.749,8.4192,8.42144,1.37,1.00
2017.12.04 23:55:55.226,8.41917,8.42145,1.37,1.00
2017.12.04 23:55:57.859,8.41918,8.42146,1.37,1.00
2017.12.04 23:56:04.747,8.41917,8.42144,1.37,1.00
2017.12.04 23:56:19.775,8.41925,8.42145,1.37,1.00
2017.12.04 23:56:34.834,8.41922,8.42143,1.37,1.00
2017.12.04 23:56:35.121,8.41923,8.42171,1.37,1.00
2017.12.04 23:56:35.172,8.41923,8.42171,1.75,1.00
2017.12.04 23:56:35.476,8.41923,8.42175,1.75,1.00
2017.12.04 23:56:40.366,8.4193,8.42183,1.75,1.00
2017.12.04 23:56:44.231,8.41943,8.42196,1.75,1.00
2017.12.04 23:56:44.333,8.41947,8.422,1.75,1.00
2017.12.04 23:56:44.384,8.41956,8.42188,1.37,1.00
2017.12.04 23:56:44.700,8.41959,8.42192,1.37,1.00
2017.12.04 23:56:49.836,8.41958,8.42191,1.37,1.00
2017.12.04 23:56:51.239,8.4199,8.42187,1.00,1.00
2017.12.04 23:56:52.183,8.41996,8.42193,1.00,1.00
2017.12.04 23:56:52.501,8.4199,8.42187,1.00,1.00
2017.12.04 23:56:55.347,8.41994,8.42191,1.00,1.00
2017.12.04 23:57:04.866,8.41995,8.42192,1.00,1.00
2017.12.04 23:57:10.427,8.41997,8.42193,1.00,1.00
2017.12.04 23:57:10.941,8.41997,8.42194,1.00,1.00
2017.12.04 23:57:19.937,8.41997,8.42193,1.00,1.00
2017.12.04 23:57:22.707,8.41985,8.42182,1.00,1.00
2017.12.04 23:57:22.808,8.4198,8.42177,1.00,1.00
2017.12.04 23:57:25.407,8.41981,8.42177,1.00,1.00
2017.12.04 23:57:37.553,8.41996,8.42192,1.00,1.00
2017.12.04 23:57:38.165,8.41996,8.42193,1.00,1.00
2017.12.04 23:57:38.829,8.41985,8.4218,1.00,1.00
2017.12.04 23:57:40.436,8.41978,8.42175,1.00,1.00
2017.12.04 23:57:41.064,8.41978,8.42174,1.00,1.00
2017.12.04 23:57:48.045,8.41987,8.42183,1.00,1.00
2017.12.04 23:57:49.956,8.41989,8.42184,1.00,1.00
2017.12.04 23:57:55.467,8.4198,8.42177,1.00,1.00
2017.12.04 23:58:04.898,8.41991,8.42185,1.00,1.00
2017.12.04 23:58:04.949,8.41994,8.42191,1.00,1.00
2017.12.04 23:58:05.062,8.4199,8.42187,1.00,1.00
2017.12.04 23:58:10.496,8.41993,8.4219,1.00,1.00
2017.12.04 23:58:13.257,8.41993,8.42183,1.00,1.00
2017.12.04 23:58:20.015,8.41996,8.42185,1.00,1.00
2017.12.04 23:58:24.934,8.41981,8.4217,1.00,1.00
2017.12.04 23:58:25.316,8.41975,8.42164,1.00,1.00
2017.12.04 23:58:25.576,8.41971,8.42161,1.00,1.00
2017.12.04 23:58:32.176,8.41964,8.42153,1.00,1.00
2017.12.04 23:58:33.224,8.41965,8.42154,1.00,1.00
2017.12.04 23:58:33.276,8.41937,8.42158,1.37,1.00
2017.12.04 23:58:33.394,8.41932,8.42154,1.37,1.00
2017.12.04 23:58:33.703,8.41927,8.42149,1.37,1.00
2017.12.04 23:58:34.050,8.41914,8.42135,1.37,1.00
2017.12.04 23:58:34.366,8.4191,8.42131,1.37,1.00
2017.12.04 23:58:35.070,8.4191,8.42129,1.37,1.00
2017.12.04 23:58:35.728,8.41903,8.42124,2.62,1.00
2017.12.04 23:58:37.053,8.41908,8.42135,1.37,1.00
2017.12.04 23:58:37.198,8.41918,8.42147,1.37,1.00
2017.12.04 23:58:37.250,8.41929,8.42158,1.37,1.00
2017.12.04 23:58:37.351,8.41936,8.42165,1.37,1.00
2017.12.04 23:58:37.453,8.41936,8.42165,1.75,1.00
2017.12.04 23:58:37.554,8.41931,8.4216,1.37,1.00
2017.12.04 23:58:37.658,8.41926,8.42155,1.37,1.00
2017.12.04 23:58:38.225,8.41922,8.42151,1.37,1.00
2017.12.04 23:58:40.556,8.41925,8.42147,1.37,1.00
2017.12.04 23:58:44.615,8.41932,8.42154,1.37,1.00
2017.12.04 23:58:45.765,8.41963,8.42153,1.00,1.00
2017.12.04 23:58:45.815,8.41938,8.42156,1.37,1.00
2017.12.04 23:58:47.646,8.41965,8.42155,1.00,1.00
2017.12.04 23:58:48.050,8.4194,8.4216,1.37,1.00
2017.12.04 23:58:50.076,8.4194,8.42161,1.37,1.00
2017.12.04 23:58:52.270,8.41969,8.42159,1.00,1.00
2017.12.04 23:59:01.018,8.41979,8.42168,1.00,1.00
2017.12.04 23:59:02.068,8.41983,8.42172,1.00,1.00
2017.12.04 23:59:10.616,8.41982,8.42171,1.00,1.00
2017.12.04 23:59:20.136,8.41984,8.42173,1.00,1.00
2017.12.04 23:59:39.083,8.41975,8.42164,1.00,1.00
2017.12.04 23:59:50.196,8.41973,8.42163,1.00,1.00
2017.12.04 23:59:55.756,8.4198,8.42169,1.00,1.00
